TaskID,CurrentNode,Hop,Label,Resolution,RoutingInitTime,RoutingEndTime,Duration,Algorithms
1,OBS,1,TASK_ARRIVED,Generic_Service,0.17,0.3,0.13,{'GREEDY': 100.0}
3,OBS,2,TASK_ARRIVED,CPU_Intensive,0.35,1.11,0.76,{'GREEDY': 100.0}
4,OBS,1,TASK_ARRIVED,CPU_Intensive,0.47,0.5,0.03,{'GREEDY': 100.0}
5,OBS,2,TASK_ARRIVED,Generic_Service,0.54,0.8,0.26,{'GREEDY': 100.0}
6,OBS,2,TASK_ARRIVED,Generic_Service,0.6,0.9,0.31,{'GREEDY': 100.0}
7,OBS,2,TASK_ARRIVED,CPU_Intensive,0.6,1.31,0.71,{'GREEDY': 100.0}
8,OBS,2,TASK_ARRIVED,CPU_Intensive,0.63,1.21,0.58,{'GREEDY': 100.0}
9,OBS,2,TASK_ARRIVED,CPU_and_Data_Intensive,0.76,1.01,0.24,{'GREEDY': 100.0}
10,OBS,2,TASK_ARRIVED,CPU_Intensive,1.12,1.51,0.39,{'GREEDY': 100.0}
11,OBS,2,TASK_ARRIVED,CPU_and_Data_Intensive,1.17,2.02,0.85,{'GREEDY': 100.0}
12,OBS,2,TASK_ARRIVED,Generic_Service,1.21,1.41,0.2,{'GREEDY': 100.0}
13,OBS,2,TASK_ARRIVED,CPU_and_Data_Intensive,1.32,1.61,0.29,{'GREEDY': 100.0}
14,OBS,2,TASK_ARRIVED,CPU_and_Data_Intensive,1.54,1.92,0.37,{'GREEDY': 100.0}
15,OBS,2,TASK_ARRIVED,CPU_and_Data_Intensive,1.56,1.82,0.25,{'GREEDY': 100.0}
16,OBS,2,TASK_ARRIVED,CPU_Intensive,1.64,2.32,0.68,{'GREEDY': 100.0}
17,OBS,1,TASK_ARRIVED,Generic_Service,1.71,1.82,0.1,{'GREEDY': 100.0}
18,OBS,2,TASK_ARRIVED,CPU_Intensive,1.87,2.42,0.55,{'GREEDY': 100.0}
19,OBS,2,TASK_ARRIVED,CPU_Intensive,1.88,2.22,0.34,{'GREEDY': 100.0}
20,OBS,1,TASK_ARRIVED,Generic_Service,2.11,2.22,0.11,{'GREEDY': 100.0}
22,OBS,2,TASK_ARRIVED,CPU_Intensive,2.27,2.62,0.35,{'GREEDY': 100.0}
23,OBS,2,TASK_ARRIVED,Generic_Service,2.37,2.52,0.15,{'GREEDY': 100.0}
24,OBS,2,TASK_ARRIVED,CPU_and_Data_Intensive,2.51,3.54,1.03,{'GREEDY': 100.0}
25,OBS,2,TASK_ARRIVED,CPU_Intensive,2.73,3.13,0.4,{'GREEDY': 100.0}
26,OBS,2,TASK_ARRIVED,CPU_and_Data_Intensive,2.76,3.43,0.67,{'GREEDY': 100.0}
27,OBS,2,TASK_ARRIVED,Generic_Service,2.83,3.03,0.2,{'GREEDY': 100.0}
28,OBS,3,TASK_ARRIVED,CPU_Intensive,2.99,4.05,1.06,{'GREEDY': 100.0}
29,OBS,2,TASK_ARRIVED,Generic_Service,2.99,3.23,0.24,{'GREEDY': 100.0}
30,OBS,2,TASK_ARRIVED,Generic_Service,3.02,3.33,0.32,{'GREEDY': 100.0}
31,OBS,2,TASK_ARRIVED,Generic_Service,3.32,3.54,0.22,{'GREEDY': 100.0}
32,OBS,2,TASK_ARRIVED,Generic_Service,3.35,3.64,0.29,{'GREEDY': 100.0}
33,OBS,2,TASK_ARRIVED,Generic_Service,3.53,3.74,0.21,{'GREEDY': 100.0}
34,OBS,2,TASK_ARRIVED,CPU_Intensive,3.56,3.95,0.39,{'GREEDY': 100.0}
35,OBS,2,TASK_ARRIVED,CPU_and_Data_Intensive,3.66,4.75,1.09,{'GREEDY': 100.0}
36,OBS,2,TASK_ARRIVED,CPU_and_Data_Intensive,3.7,3.84,0.14,{'GREEDY': 100.0}
37,OBS,2,TASK_ARRIVED,CPU_and_Data_Intensive,3.98,4.45,0.47,{'GREEDY': 100.0}
38,OBS,2,TASK_ARRIVED,CPU_Intensive,4.36,4.65,0.29,{'GREEDY': 100.0}
39,OBS,2,TASK_ARRIVED,CPU_Intensive,4.4,5.15,0.75,{'GREEDY': 100.0}
40,OBS,2,TASK_ARRIVED,CPU_Intensive,4.5,5.36,0.86,{'GREEDY': 100.0}
41,OBS,2,TASK_ARRIVED,Generic_Service,4.52,4.85,0.33,{'GREEDY': 100.0}
42,OBS,2,TASK_ARRIVED,CPU_and_Data_Intensive,4.63,7.27,2.65,{'GREEDY': 100.0}
43,OBS,2,TASK_ARRIVED,Generic_Service,4.78,4.95,0.17,{'GREEDY': 100.0}
44,OBS,2,TASK_ARRIVED,CPU_Intensive,5.21,5.66,0.45,{'GREEDY': 100.0}
45,OBS,2,TASK_ARRIVED,CPU_and_Data_Intensive,5.3,5.86,0.56,{'GREEDY': 100.0}
46,OBS,2,TASK_ARRIVED,CPU_and_Data_Intensive,5.61,6.37,0.76,{'GREEDY': 100.0}
47,OBS,2,TASK_ARRIVED,Generic_Service,5.72,5.96,0.24,{'GREEDY': 100.0}
48,OBS,2,TASK_ARRIVED,CPU_and_Data_Intensive,5.8,6.47,0.67,{'GREEDY': 100.0}
49,OBS,2,TASK_ARRIVED,Generic_Service,5.89,6.06,0.18,{'GREEDY': 100.0}
50,OBS,2,TASK_ARRIVED,CPU_Intensive,5.96,6.26,0.31,{'GREEDY': 100.0}
51,OBS,2,TASK_ARRIVED,CPU_Intensive,6.25,6.77,0.52,{'GREEDY': 100.0}
52,OBS,2,TASK_ARRIVED,CPU_and_Data_Intensive,6.45,8.79,2.35,{'GREEDY': 100.0}
53,OBS,2,TASK_ARRIVED,CPU_Intensive,6.77,7.48,0.71,{'GREEDY': 100.0}
54,OBS,2,TASK_ARRIVED,Generic_Service,6.82,7.07,0.25,{'GREEDY': 100.0}
55,OBS,2,TASK_ARRIVED,Generic_Service,7.09,7.37,0.28,{'GREEDY': 100.0}
56,OBS,2,TASK_ARRIVED,CPU_Intensive,7.16,7.68,0.52,{'GREEDY': 100.0}
57,OBS,2,TASK_ARRIVED,CPU_Intensive,7.18,7.48,0.3,{'GREEDY': 100.0}
58,OBS,2,TASK_ARRIVED,Generic_Service,7.25,7.58,0.33,{'GREEDY': 100.0}
59,OBS,2,TASK_ARRIVED,CPU_and_Data_Intensive,7.43,7.88,0.45,{'GREEDY': 100.0}
60,OBS,2,TASK_ARRIVED,CPU_Intensive,7.59,7.98,0.39,{'GREEDY': 100.0}
61,OBS,2,TASK_ARRIVED,CPU_and_Data_Intensive,7.83,8.99,1.16,{'GREEDY': 100.0}
62,OBS,2,TASK_ARRIVED,CPU_and_Data_Intensive,8.25,8.69,0.44,{'GREEDY': 100.0}
63,OBS,2,TASK_ARRIVED,CPU_Intensive,8.34,8.69,0.35,{'GREEDY': 100.0}
64,OBS,2,TASK_ARRIVED,Generic_Service,8.39,8.59,0.19,{'GREEDY': 100.0}
65,OBS,2,TASK_ARRIVED,Generic_Service,8.4,8.79,0.39,{'GREEDY': 100.0}
66,OBS,2,TASK_ARRIVED,CPU_Intensive,8.42,8.79,0.37,{'GREEDY': 100.0}
67,OBS,2,TASK_ARRIVED,CPU_Intensive,8.42,9.51,1.08,{'GREEDY': 100.0}
68,OBS,2,TASK_ARRIVED,Generic_Service,8.51,8.89,0.39,{'GREEDY': 100.0}
69,OBS,2,TASK_ARRIVED,CPU_Intensive,8.62,9.4,0.78,{'GREEDY': 100.0}
70,OBS,2,TASK_ARRIVED,CPU_Intensive,8.65,9.1,0.45,{'GREEDY': 100.0}
72,OBS,2,TASK_ARRIVED,CPU_and_Data_Intensive,8.71,10.41,1.71,{'GREEDY': 100.0}
73,OBS,2,TASK_ARRIVED,CPU_Intensive,8.78,9.2,0.42,{'GREEDY': 100.0}
74,OBS,2,TASK_ARRIVED,CPU_and_Data_Intensive,8.8,9.61,0.8,{'GREEDY': 100.0}
75,OBS,2,TASK_ARRIVED,CPU_Intensive,8.84,9.3,0.47,{'GREEDY': 100.0}
76,OBS,2,TASK_ARRIVED,CPU_Intensive,8.86,9.2,0.35,{'GREEDY': 100.0}
77,OBS,2,TASK_ARRIVED,CPU_Intensive,8.97,9.1,0.13,{'GREEDY': 100.0}
78,OBS,2,TASK_ARRIVED,CPU_and_Data_Intensive,9.08,9.71,0.63,{'GREEDY': 100.0}
79,OBS,2,TASK_ARRIVED,CPU_Intensive,9.23,9.51,0.27,{'GREEDY': 100.0}
80,OBS,2,TASK_ARRIVED,CPU_Intensive,9.33,10.11,0.78,{'GREEDY': 100.0}
81,OBS,2,TASK_ARRIVED,Generic_Service,9.49,9.81,0.32,{'GREEDY': 100.0}
82,OBS,2,TASK_ARRIVED,Generic_Service,9.59,9.91,0.32,{'GREEDY': 100.0}
83,OBS,2,TASK_ARRIVED,CPU_and_Data_Intensive,9.64,10.01,0.37,{'GREEDY': 100.0}
84,OBS,2,TASK_ARRIVED,CPU_and_Data_Intensive,9.89,11.84,1.95,{'GREEDY': 100.0}
85,OBS,2,TASK_ARRIVED,CPU_and_Data_Intensive,10.1,10.62,0.52,{'GREEDY': 100.0}
86,OBS,2,TASK_ARRIVED,Generic_Service,10.21,10.52,0.31,{'GREEDY': 100.0}
87,OBS,2,TASK_ARRIVED,CPU_and_Data_Intensive,10.26,11.33,1.07,{'GREEDY': 100.0}
88,OBS,2,TASK_ARRIVED,CPU_and_Data_Intensive,10.35,11.63,1.29,{'GREEDY': 100.0}
90,OBS,2,TASK_ARRIVED,CPU_Intensive,10.43,12.25,1.82,{'GREEDY': 100.0}
91,OBS,2,TASK_ARRIVED,CPU_Intensive,10.43,10.72,0.28,{'GREEDY': 100.0}
92,OBS,2,TASK_ARRIVED,CPU_and_Data_Intensive,10.47,11.94,1.47,{'GREEDY': 100.0}
93,OBS,2,TASK_ARRIVED,Generic_Service,10.63,10.82,0.19,{'GREEDY': 100.0}
94,OBS,2,TASK_ARRIVED,CPU_Intensive,10.74,11.12,0.38,{'GREEDY': 100.0}
95,OBS,2,TASK_ARRIVED,CPU_Intensive,10.8,12.96,2.17,{'GREEDY': 100.0}
96,OBS,2,TASK_ARRIVED,CPU_Intensive,10.91,11.23,0.31,{'GREEDY': 100.0}
97,OBS,2,TASK_ARRIVED,CPU_and_Data_Intensive,10.95,12.45,1.5,{'GREEDY': 100.0}
98,OBS,2,TASK_ARRIVED,Generic_Service,10.96,11.43,0.47,{'GREEDY': 100.0}
99,OBS,2,TASK_ARRIVED,Generic_Service,11.04,11.23,0.18,{'GREEDY': 100.0}
100,OBS,2,TASK_ARRIVED,CPU_Intensive,11.09,11.74,0.65,{'GREEDY': 100.0}
101,OBS,2,TASK_ARRIVED,CPU_and_Data_Intensive,11.34,12.04,0.7,{'GREEDY': 100.0}
102,OBS,2,TASK_ARRIVED,CPU_Intensive,11.8,12.14,0.34,{'GREEDY': 100.0}
103,OBS,2,TASK_ARRIVED,CPU_Intensive,11.81,13.78,1.97,{'GREEDY': 100.0}
104,OBS,2,TASK_ARRIVED,CPU_and_Data_Intensive,11.91,12.76,0.85,{'GREEDY': 100.0}
105,OBS,2,TASK_ARRIVED,CPU_Intensive,11.94,12.35,0.41,{'GREEDY': 100.0}
106,OBS,2,TASK_ARRIVED,CPU_and_Data_Intensive,11.95,12.76,0.81,{'GREEDY': 100.0}
107,OBS,2,TASK_ARRIVED,CPU_Intensive,11.97,13.57,1.6,{'GREEDY': 100.0}
108,OBS,2,TASK_ARRIVED,Generic_Service,12.02,12.35,0.33,{'GREEDY': 100.0}
109,OBS,2,TASK_ARRIVED,Generic_Service,12.22,12.55,0.34,{'GREEDY': 100.0}
110,OBS,2,TASK_ARRIVED,CPU_Intensive,12.34,12.55,0.22,{'GREEDY': 100.0}
111,OBS,2,TASK_ARRIVED,Generic_Service,12.36,12.66,0.3,{'GREEDY': 100.0}
112,OBS,2,TASK_ARRIVED,CPU_and_Data_Intensive,12.54,12.86,0.32,{'GREEDY': 100.0}
113,OBS,2,TASK_ARRIVED,Generic_Service,12.76,13.07,0.31,{'GREEDY': 100.0}
114,OBS,2,TASK_ARRIVED,CPU_Intensive,12.83,13.17,0.34,{'GREEDY': 100.0}
115,OBS,2,TASK_ARRIVED,CPU_Intensive,12.86,13.37,0.51,{'GREEDY': 100.0}
116,OBS,2,TASK_ARRIVED,CPU_Intensive,13.14,14.29,1.15,{'GREEDY': 100.0}
117,OBS,2,TASK_ARRIVED,Generic_Service,13.19,13.47,0.27,{'GREEDY': 100.0}
118,OBS,2,TASK_ARRIVED,Generic_Service,13.44,13.67,0.24,{'GREEDY': 100.0}
119,OBS,2,TASK_ARRIVED,CPU_Intensive,13.56,13.88,0.33,{'GREEDY': 100.0}
120,OBS,2,TASK_ARRIVED,CPU_Intensive,13.57,13.78,0.2,{'GREEDY': 100.0}
121,OBS,2,TASK_ARRIVED,Generic_Service,13.61,13.98,0.38,{'GREEDY': 100.0}
122,OBS,2,TASK_ARRIVED,Generic_Service,13.72,13.88,0.16,{'GREEDY': 100.0}
123,OBS,2,TASK_ARRIVED,CPU_Intensive,13.75,14.09,0.34,{'GREEDY': 100.0}
124,OBS,2,TASK_ARRIVED,Generic_Service,13.83,14.19,0.36,{'GREEDY': 100.0}
125,OBS,2,TASK_ARRIVED,CPU_Intensive,13.95,14.49,0.54,{'GREEDY': 100.0}
126,OBS,2,TASK_ARRIVED,Generic_Service,14.09,14.39,0.3,{'GREEDY': 100.0}
127,OBS,2,TASK_ARRIVED,Generic_Service,14.1,14.29,0.19,{'GREEDY': 100.0}
128,OBS,2,TASK_ARRIVED,CPU_and_Data_Intensive,14.2,15.61,1.41,{'GREEDY': 100.0}
129,OBS,2,TASK_ARRIVED,CPU_Intensive,14.38,17.95,3.57,{'GREEDY': 100.0}
130,OBS,2,TASK_ARRIVED,Generic_Service,14.46,14.59,0.13,{'GREEDY': 100.0}
131,OBS,2,TASK_ARRIVED,CPU_and_Data_Intensive,14.54,15.0,0.46,{'GREEDY': 100.0}
132,OBS,2,TASK_ARRIVED,Generic_Service,14.61,14.8,0.18,{'GREEDY': 100.0}
134,OBS,2,TASK_ARRIVED,CPU_and_Data_Intensive,14.69,15.1,0.41,{'GREEDY': 100.0}
135,OBS,2,TASK_ARRIVED,CPU_Intensive,14.82,15.41,0.59,{'GREEDY': 100.0}
136,OBS,2,TASK_ARRIVED,Generic_Service,15.1,15.51,0.41,{'GREEDY': 100.0}
137,OBS,2,TASK_ARRIVED,Generic_Service,15.12,15.3,0.18,{'GREEDY': 100.0}
138,OBS,2,TASK_ARRIVED,Generic_Service,15.25,15.71,0.46,{'GREEDY': 100.0}
139,OBS,2,TASK_ARRIVED,Generic_Service,15.36,15.51,0.15,{'GREEDY': 100.0}
140,OBS,2,TASK_ARRIVED,CPU_Intensive,15.58,18.46,2.88,{'GREEDY': 100.0}
141,OBS,2,TASK_ARRIVED,CPU_Intensive,15.78,17.13,1.35,{'GREEDY': 100.0}
142,OBS,2,TASK_ARRIVED,Generic_Service,15.84,16.01,0.18,{'GREEDY': 100.0}
143,OBS,2,TASK_ARRIVED,CPU_Intensive,15.87,16.42,0.55,{'GREEDY': 100.0}
144,OBS,2,TASK_ARRIVED,CPU_and_Data_Intensive,15.97,16.22,0.25,{'GREEDY': 100.0}
145,OBS,2,TASK_ARRIVED,CPU_Intensive,16.0,16.63,0.63,{'GREEDY': 100.0}
146,OBS,2,TASK_ARRIVED,Generic_Service,16.0,16.32,0.32,{'GREEDY': 100.0}
147,OBS,2,TASK_ARRIVED,CPU_and_Data_Intensive,16.15,16.83,0.68,{'GREEDY': 100.0}
148,OBS,2,TASK_ARRIVED,CPU_and_Data_Intensive,16.23,17.44,1.21,{'GREEDY': 100.0}
149,OBS,2,TASK_ARRIVED,Generic_Service,16.27,16.52,0.26,{'GREEDY': 100.0}
150,OBS,2,TASK_ARRIVED,Generic_Service,16.37,16.73,0.36,{'GREEDY': 100.0}
151,OBS,2,TASK_ARRIVED,Generic_Service,16.43,16.83,0.4,{'GREEDY': 100.0}
152,OBS,2,TASK_ARRIVED,Generic_Service,16.7,16.93,0.24,{'GREEDY': 100.0}
153,OBS,2,TASK_ARRIVED,CPU_Intensive,17.0,17.64,0.65,{'GREEDY': 100.0}
154,OBS,2,TASK_ARRIVED,CPU_Intensive,17.07,17.34,0.27,{'GREEDY': 100.0}
156,OBS,2,TASK_ARRIVED,CPU_and_Data_Intensive,17.35,18.26,0.9,{'GREEDY': 100.0}
157,OBS,2,TASK_ARRIVED,CPU_Intensive,17.37,18.15,0.79,{'GREEDY': 100.0}
158,OBS,2,TASK_ARRIVED,Generic_Service,17.4,17.85,0.44,{'GREEDY': 100.0}
159,OBS,2,TASK_ARRIVED,CPU_Intensive,17.47,17.75,0.27,{'GREEDY': 100.0}
160,OBS,2,TASK_ARRIVED,Generic_Service,17.48,17.85,0.37,{'GREEDY': 100.0}
161,OBS,2,TASK_ARRIVED,Generic_Service,17.87,18.05,0.18,{'GREEDY': 100.0}
162,OBS,2,TASK_ARRIVED,CPU_and_Data_Intensive,17.91,18.87,0.95,{'GREEDY': 100.0}
163,OBS,2,TASK_ARRIVED,CPU_and_Data_Intensive,17.92,18.36,0.44,{'GREEDY': 100.0}
166,OBS,2,TASK_ARRIVED,CPU_Intensive,18.34,20.19,1.85,{'GREEDY': 100.0}
167,OBS,2,TASK_ARRIVED,CPU_and_Data_Intensive,18.43,18.87,0.44,{'GREEDY': 100.0}
168,OBS,2,TASK_ARRIVED,CPU_and_Data_Intensive,18.46,18.76,0.3,{'GREEDY': 100.0}
169,OBS,2,TASK_ARRIVED,CPU_Intensive,18.47,19.07,0.6,{'GREEDY': 100.0}
170,OBS,2,TASK_ARRIVED,Generic_Service,18.6,18.97,0.37,{'GREEDY': 100.0}
171,OBS,2,TASK_ARRIVED,Generic_Service,18.87,19.17,0.3,{'GREEDY': 100.0}
172,OBS,2,TASK_ARRIVED,CPU_Intensive,18.89,19.68,0.79,{'GREEDY': 100.0}
173,OBS,2,TASK_ARRIVED,Generic_Service,19.13,19.27,0.14,{'GREEDY': 100.0}
174,OBS,2,TASK_ARRIVED,CPU_Intensive,19.16,20.09,0.93,{'GREEDY': 100.0}
175,OBS,2,TASK_ARRIVED,CPU_Intensive,19.18,19.98,0.8,{'GREEDY': 100.0}
176,OBS,2,TASK_ARRIVED,Generic_Service,19.25,19.37,0.12,{'GREEDY': 100.0}
177,OBS,2,TASK_ARRIVED,Generic_Service,19.36,19.57,0.22,{'GREEDY': 100.0}
178,OBS,2,TASK_ARRIVED,CPU_Intensive,19.38,19.78,0.4,{'GREEDY': 100.0}
179,OBS,2,TASK_ARRIVED,Generic_Service,19.42,19.98,0.56,{'GREEDY': 100.0}
180,OBS,2,TASK_ARRIVED,Generic_Service,19.45,19.88,0.43,{'GREEDY': 100.0}
181,OBS,2,TASK_ARRIVED,CPU_and_Data_Intensive,19.53,20.9,1.37,{'GREEDY': 100.0}
182,OBS,2,TASK_ARRIVED,Generic_Service,19.62,20.09,0.47,{'GREEDY': 100.0}
183,OBS,2,TASK_ARRIVED,CPU_and_Data_Intensive,19.69,20.09,0.4,{'GREEDY': 100.0}
184,OBS,2,TASK_ARRIVED,Generic_Service,19.72,19.88,0.16,{'GREEDY': 100.0}
185,OBS,2,TASK_ARRIVED,CPU_Intensive,19.74,20.19,0.45,{'GREEDY': 100.0}
186,OBS,2,TASK_ARRIVED,CPU_Intensive,19.75,20.29,0.54,{'GREEDY': 100.0}
187,OBS,2,TASK_ARRIVED,CPU_Intensive,19.84,20.7,0.86,{'GREEDY': 100.0}
188,OBS,2,TASK_ARRIVED,CPU_Intensive,19.89,22.21,2.32,{'GREEDY': 100.0}
189,OBS,2,TASK_ARRIVED,CPU_and_Data_Intensive,20.11,20.49,0.38,{'GREEDY': 100.0}
190,OBS,2,TASK_ARRIVED,CPU_Intensive,20.13,20.29,0.16,{'GREEDY': 100.0}
191,OBS,2,TASK_ARRIVED,CPU_Intensive,20.17,20.8,0.64,{'GREEDY': 100.0}
192,OBS,2,TASK_ARRIVED,CPU_Intensive,20.17,20.8,0.63,{'GREEDY': 100.0}
193,OBS,2,TASK_ARRIVED,CPU_Intensive,20.33,21.11,0.78,{'GREEDY': 100.0}
194,OBS,2,TASK_ARRIVED,CPU_and_Data_Intensive,20.37,22.52,2.15,{'GREEDY': 100.0}
195,OBS,2,TASK_ARRIVED,CPU_Intensive,20.41,20.7,0.29,{'GREEDY': 100.0}
196,OBS,2,TASK_ARRIVED,CPU_and_Data_Intensive,20.41,21.31,0.9,{'GREEDY': 100.0}
197,OBS,2,TASK_ARRIVED,CPU_and_Data_Intensive,20.43,20.59,0.16,{'GREEDY': 100.0}
198,OBS,2,TASK_ARRIVED,Generic_Service,20.65,20.9,0.26,{'GREEDY': 100.0}
199,OBS,2,TASK_ARRIVED,CPU_Intensive,20.67,21.0,0.33,{'GREEDY': 100.0}
200,OBS,2,TASK_ARRIVED,Generic_Service,21.15,21.21,0.06,{'GREEDY': 100.0}
201,OBS,2,TASK_ARRIVED,CPU_and_Data_Intensive,21.59,22.42,0.83,{'GREEDY': 100.0}
202,OBS,2,TASK_ARRIVED,CPU_Intensive,21.7,22.63,0.92,{'GREEDY': 100.0}
203,OBS,2,TASK_ARRIVED,CPU_Intensive,21.72,22.11,0.39,{'GREEDY': 100.0}
204,OBS,2,TASK_ARRIVED,CPU_Intensive,21.81,23.84,2.03,{'GREEDY': 100.0}
205,OBS,2,TASK_ARRIVED,CPU_and_Data_Intensive,21.82,22.32,0.5,{'GREEDY': 100.0}
206,OBS,2,TASK_ARRIVED,Generic_Service,22.23,22.42,0.19,{'GREEDY': 100.0}
207,OBS,2,TASK_ARRIVED,Generic_Service,22.29,22.32,0.03,{'GREEDY': 100.0}
208,OBS,2,TASK_ARRIVED,CPU_and_Data_Intensive,22.46,22.73,0.27,{'GREEDY': 100.0}
209,OBS,2,TASK_ARRIVED,Generic_Service,22.53,22.63,0.1,{'GREEDY': 100.0}
210,OBS,2,TASK_ARRIVED,CPU_and_Data_Intensive,22.53,22.83,0.3,{'GREEDY': 100.0}
211,OBS,2,TASK_ARRIVED,CPU_Intensive,22.63,23.44,0.8,{'GREEDY': 100.0}
212,OBS,2,TASK_ARRIVED,CPU_Intensive,22.78,22.93,0.15,{'GREEDY': 100.0}
213,OBS,2,TASK_ARRIVED,Generic_Service,22.96,23.03,0.08,{'GREEDY': 100.0}
214,OBS,2,TASK_ARRIVED,CPU_and_Data_Intensive,22.96,24.05,1.09,{'GREEDY': 100.0}
215,OBS,2,TASK_ARRIVED,CPU_and_Data_Intensive,23.03,24.05,1.02,{'GREEDY': 100.0}
216,OBS,2,TASK_ARRIVED,Generic_Service,23.07,23.13,0.06,{'GREEDY': 100.0}
218,OBS,2,TASK_ARRIVED,CPU_and_Data_Intensive,23.25,23.54,0.29,{'GREEDY': 100.0}
219,OBS,2,TASK_ARRIVED,CPU_and_Data_Intensive,23.27,24.35,1.09,{'GREEDY': 100.0}
220,OBS,2,TASK_ARRIVED,CPU_Intensive,23.43,24.45,1.03,{'GREEDY': 100.0}
221,OBS,2,TASK_ARRIVED,Generic_Service,23.49,23.64,0.15,{'GREEDY': 100.0}
222,OBS,2,TASK_ARRIVED,Generic_Service,23.63,23.94,0.31,{'GREEDY': 100.0}
223,OBS,2,TASK_ARRIVED,CPU_Intensive,23.75,24.35,0.61,{'GREEDY': 100.0}
224,OBS,2,TASK_ARRIVED,Generic_Service,23.84,24.15,0.31,{'GREEDY': 100.0}
225,OBS,2,TASK_ARRIVED,CPU_Intensive,23.96,24.45,0.5,{'GREEDY': 100.0}
226,OBS,2,TASK_ARRIVED,Generic_Service,24.05,24.25,0.2,{'GREEDY': 100.0}
227,OBS,2,TASK_ARRIVED,CPU_and_Data_Intensive,24.06,24.66,0.6,{'GREEDY': 100.0}
228,OBS,2,TASK_ARRIVED,Generic_Service,24.1,24.25,0.15,{'GREEDY': 100.0}
229,OBS,2,TASK_ARRIVED,Generic_Service,24.1,24.15,0.05,{'GREEDY': 100.0}
230,OBS,2,TASK_ARRIVED,CPU_and_Data_Intensive,24.16,24.56,0.4,{'GREEDY': 100.0}
231,OBS,2,TASK_ARRIVED,CPU_and_Data_Intensive,24.22,24.56,0.34,{'GREEDY': 100.0}
232,OBS,2,TASK_ARRIVED,CPU_Intensive,24.31,24.76,0.45,{'GREEDY': 100.0}
233,OBS,2,TASK_ARRIVED,CPU_and_Data_Intensive,24.41,25.06,0.65,{'GREEDY': 100.0}
234,OBS,2,TASK_ARRIVED,CPU_and_Data_Intensive,24.44,25.87,1.44,{'GREEDY': 100.0}
235,OBS,2,TASK_ARRIVED,Generic_Service,24.48,24.66,0.18,{'GREEDY': 100.0}
236,OBS,2,TASK_ARRIVED,CPU_Intensive,24.65,25.97,1.32,{'GREEDY': 100.0}
237,OBS,2,TASK_ARRIVED,CPU_and_Data_Intensive,24.85,25.57,0.72,{'GREEDY': 100.0}
238,OBS,2,TASK_ARRIVED,CPU_and_Data_Intensive,24.98,25.26,0.28,{'GREEDY': 100.0}
239,OBS,2,TASK_ARRIVED,CPU_Intensive,25.03,25.36,0.34,{'GREEDY': 100.0}
240,OBS,2,TASK_ARRIVED,Generic_Service,25.12,25.16,0.05,{'GREEDY': 100.0}
241,OBS,2,TASK_ARRIVED,Generic_Service,25.21,25.47,0.26,{'GREEDY': 100.0}
242,OBS,2,TASK_ARRIVED,Generic_Service,25.39,25.67,0.28,{'GREEDY': 100.0}
243,OBS,2,TASK_ARRIVED,Generic_Service,25.61,25.77,0.16,{'GREEDY': 100.0}
245,OBS,2,TASK_ARRIVED,CPU_Intensive,25.79,26.18,0.38,{'GREEDY': 100.0}
246,OBS,2,TASK_ARRIVED,Generic_Service,25.85,26.08,0.23,{'GREEDY': 100.0}
247,OBS,2,TASK_ARRIVED,CPU_Intensive,25.91,26.89,0.98,{'GREEDY': 100.0}
248,OBS,2,TASK_ARRIVED,Generic_Service,26.05,26.28,0.23,{'GREEDY': 100.0}
249,OBS,2,TASK_ARRIVED,Generic_Service,26.1,26.38,0.28,{'GREEDY': 100.0}
250,OBS,2,TASK_ARRIVED,Generic_Service,26.16,26.48,0.32,{'GREEDY': 100.0}
251,OBS,2,TASK_ARRIVED,CPU_and_Data_Intensive,26.23,26.69,0.46,{'GREEDY': 100.0}
252,OBS,2,TASK_ARRIVED,CPU_and_Data_Intensive,26.24,26.59,0.34,{'GREEDY': 100.0}
253,OBS,2,TASK_ARRIVED,CPU_and_Data_Intensive,26.35,27.6,1.25,{'GREEDY': 100.0}
254,OBS,2,TASK_ARRIVED,CPU_and_Data_Intensive,26.55,26.79,0.25,{'GREEDY': 100.0}
255,OBS,2,TASK_ARRIVED,Generic_Service,26.57,26.79,0.22,{'GREEDY': 100.0}
256,OBS,2,TASK_ARRIVED,Generic_Service,26.69,27.09,0.4,{'GREEDY': 100.0}
257,OBS,2,TASK_ARRIVED,CPU_and_Data_Intensive,26.73,27.9,1.17,{'GREEDY': 100.0}
258,OBS,2,TASK_ARRIVED,Generic_Service,26.74,26.99,0.26,{'GREEDY': 100.0}
259,OBS,2,TASK_ARRIVED,Generic_Service,27.15,27.29,0.15,{'GREEDY': 100.0}
260,OBS,2,TASK_ARRIVED,CPU_and_Data_Intensive,27.17,27.39,0.22,{'GREEDY': 100.0}
261,OBS,2,TASK_ARRIVED,Generic_Service,27.43,27.5,0.06,{'GREEDY': 100.0}
262,OBS,2,TASK_ARRIVED,CPU_Intensive,27.45,29.11,1.66,{'GREEDY': 100.0}
263,OBS,2,TASK_ARRIVED,CPU_Intensive,27.58,27.8,0.22,{'GREEDY': 100.0}
264,OBS,2,TASK_ARRIVED,CPU_Intensive,27.59,28.1,0.51,{'GREEDY': 100.0}
265,OBS,2,TASK_ARRIVED,CPU_and_Data_Intensive,27.61,28.31,0.69,{'GREEDY': 100.0}
266,OBS,2,TASK_ARRIVED,CPU_and_Data_Intensive,27.62,28.0,0.39,{'GREEDY': 100.0}
267,OBS,2,TASK_ARRIVED,CPU_Intensive,27.87,28.81,0.94,{'GREEDY': 100.0}
268,OBS,2,TASK_ARRIVED,CPU_Intensive,27.87,28.1,0.23,{'GREEDY': 100.0}
269,OBS,2,TASK_ARRIVED,CPU_and_Data_Intensive,28.02,28.71,0.69,{'GREEDY': 100.0}
270,OBS,2,TASK_ARRIVED,Generic_Service,28.05,28.21,0.16,{'GREEDY': 100.0}
271,OBS,2,TASK_ARRIVED,Generic_Service,28.34,28.61,0.27,{'GREEDY': 100.0}
272,OBS,2,TASK_ARRIVED,Generic_Service,28.46,28.51,0.05,{'GREEDY': 100.0}
273,OBS,2,TASK_ARRIVED,Generic_Service,28.69,28.91,0.22,{'GREEDY': 100.0}
274,OBS,2,TASK_ARRIVED,Generic_Service,28.88,29.01,0.13,{'GREEDY': 100.0}
275,OBS,2,TASK_ARRIVED,CPU_Intensive,29.17,30.01,0.84,{'GREEDY': 100.0}
276,OBS,2,TASK_ARRIVED,Generic_Service,29.26,29.31,0.05,{'GREEDY': 100.0}
277,OBS,2,TASK_ARRIVED,CPU_Intensive,29.49,29.81,0.32,{'GREEDY': 100.0}
278,OBS,2,TASK_ARRIVED,Generic_Service,29.62,29.71,0.09,{'GREEDY': 100.0}
279,OBS,2,TASK_ARRIVED,Generic_Service,29.76,29.91,0.15,{'GREEDY': 100.0}
280,OBS,2,TASK_ARRIVED,CPU_Intensive,29.99,30.62,0.63,{'GREEDY': 100.0}
281,OBS,2,TASK_ARRIVED,Generic_Service,30.01,30.12,0.1,{'GREEDY': 100.0}
282,OBS,2,TASK_ARRIVED,CPU_Intensive,30.07,30.52,0.45,{'GREEDY': 100.0}
283,OBS,2,TASK_ARRIVED,Generic_Service,30.07,30.32,0.24,{'GREEDY': 100.0}
284,OBS,2,TASK_ARRIVED,CPU_and_Data_Intensive,30.16,30.22,0.06,{'GREEDY': 100.0}
285,OBS,2,TASK_ARRIVED,CPU_and_Data_Intensive,30.23,30.72,0.49,{'GREEDY': 100.0}
286,OBS,2,TASK_ARRIVED,Generic_Service,30.31,30.42,0.11,{'GREEDY': 100.0}
287,OBS,2,TASK_ARRIVED,CPU_and_Data_Intensive,30.41,30.72,0.32,{'GREEDY': 100.0}
288,OBS,2,TASK_ARRIVED,Generic_Service,30.53,30.82,0.29,{'GREEDY': 100.0}
289,OBS,2,TASK_ARRIVED,Generic_Service,30.65,30.92,0.27,{'GREEDY': 100.0}
290,OBS,2,TASK_ARRIVED,Generic_Service,30.73,31.02,0.29,{'GREEDY': 100.0}
291,OBS,2,TASK_ARRIVED,CPU_Intensive,30.75,31.22,0.47,{'GREEDY': 100.0}
292,OBS,2,TASK_ARRIVED,CPU_Intensive,30.91,31.12,0.21,{'GREEDY': 100.0}
293,OBS,2,TASK_ARRIVED,Generic_Service,31.02,31.32,0.31,{'GREEDY': 100.0}
294,OBS,2,TASK_ARRIVED,Generic_Service,31.13,31.42,0.29,{'GREEDY': 100.0}
295,OBS,2,TASK_ARRIVED,Generic_Service,31.21,31.53,0.32,{'GREEDY': 100.0}
296,OBS,2,TASK_ARRIVED,CPU_Intensive,31.28,31.63,0.34,{'GREEDY': 100.0}
297,OBS,2,TASK_ARRIVED,CPU_and_Data_Intensive,31.43,32.13,0.69,{'GREEDY': 100.0}
298,OBS,2,TASK_ARRIVED,CPU_and_Data_Intensive,31.68,32.23,0.55,{'GREEDY': 100.0}
299,OBS,2,TASK_ARRIVED,CPU_Intensive,31.78,32.43,0.65,{'GREEDY': 100.0}
300,OBS,2,TASK_ARRIVED,Generic_Service,32.09,32.23,0.14,{'GREEDY': 100.0}
302,OBS,2,TASK_ARRIVED,Generic_Service,32.12,32.33,0.21,{'GREEDY': 100.0}
303,OBS,2,TASK_ARRIVED,CPU_and_Data_Intensive,32.25,33.14,0.89,{'GREEDY': 100.0}
304,OBS,2,TASK_ARRIVED,CPU_and_Data_Intensive,32.33,33.34,1.01,{'GREEDY': 100.0}
306,OBS,2,TASK_ARRIVED,Generic_Service,32.49,32.63,0.14,{'GREEDY': 100.0}
307,OBS,2,TASK_ARRIVED,Generic_Service,32.76,32.93,0.17,{'GREEDY': 100.0}
308,OBS,2,TASK_ARRIVED,CPU_and_Data_Intensive,32.76,33.54,0.78,{'GREEDY': 100.0}
309,OBS,2,TASK_ARRIVED,Generic_Service,32.79,33.03,0.24,{'GREEDY': 100.0}
310,OBS,2,TASK_ARRIVED,Generic_Service,33.0,33.24,0.24,{'GREEDY': 100.0}
311,OBS,2,TASK_ARRIVED,CPU_Intensive,33.03,34.25,1.22,{'GREEDY': 100.0}
312,OBS,2,TASK_ARRIVED,CPU_and_Data_Intensive,33.16,34.35,1.19,{'GREEDY': 100.0}
313,OBS,2,TASK_ARRIVED,CPU_Intensive,33.42,33.84,0.42,{'GREEDY': 100.0}
314,OBS,2,TASK_ARRIVED,CPU_and_Data_Intensive,33.43,34.15,0.71,{'GREEDY': 100.0}
315,OBS,2,TASK_ARRIVED,CPU_Intensive,33.53,34.05,0.52,{'GREEDY': 100.0}
316,OBS,2,TASK_ARRIVED,CPU_Intensive,33.58,33.94,0.37,{'GREEDY': 100.0}
317,OBS,2,TASK_ARRIVED,CPU_and_Data_Intensive,33.58,35.97,2.39,{'GREEDY': 100.0}
318,OBS,2,TASK_ARRIVED,CPU_and_Data_Intensive,33.69,34.45,0.76,{'GREEDY': 100.0}
319,OBS,2,TASK_ARRIVED,CPU_and_Data_Intensive,33.72,34.76,1.03,{'GREEDY': 100.0}
320,OBS,2,TASK_ARRIVED,Generic_Service,33.73,34.05,0.31,{'GREEDY': 100.0}
321,OBS,2,TASK_ARRIVED,CPU_and_Data_Intensive,33.86,34.96,1.1,{'GREEDY': 100.0}
322,OBS,2,TASK_ARRIVED,CPU_Intensive,33.97,34.76,0.79,{'GREEDY': 100.0}
323,OBS,2,TASK_ARRIVED,Generic_Service,34.11,34.25,0.14,{'GREEDY': 100.0}
324,OBS,2,TASK_ARRIVED,CPU_Intensive,34.13,34.86,0.73,{'GREEDY': 100.0}
325,OBS,2,TASK_ARRIVED,Generic_Service,34.23,34.55,0.32,{'GREEDY': 100.0}
326,OBS,2,TASK_ARRIVED,Generic_Service,34.27,34.45,0.19,{'GREEDY': 100.0}
327,OBS,2,TASK_ARRIVED,CPU_and_Data_Intensive,34.28,35.06,0.78,{'GREEDY': 100.0}
328,OBS,2,TASK_ARRIVED,Generic_Service,34.29,34.66,0.36,{'GREEDY': 100.0}
329,OBS,2,TASK_ARRIVED,Generic_Service,34.39,34.55,0.17,{'GREEDY': 100.0}
330,OBS,2,TASK_ARRIVED,CPU_Intensive,34.9,34.96,0.06,{'GREEDY': 100.0}
331,OBS,2,TASK_ARRIVED,CPU_and_Data_Intensive,34.98,36.27,1.3,{'GREEDY': 100.0}
332,OBS,2,TASK_ARRIVED,CPU_Intensive,35.01,35.47,0.46,{'GREEDY': 100.0}
333,OBS,2,TASK_ARRIVED,Generic_Service,35.12,35.16,0.04,{'GREEDY': 100.0}
334,OBS,2,TASK_ARRIVED,CPU_Intensive,35.13,37.09,1.96,{'GREEDY': 100.0}
335,OBS,2,TASK_ARRIVED,Generic_Service,35.21,35.57,0.35,{'GREEDY': 100.0}
336,OBS,2,TASK_ARRIVED,Generic_Service,35.23,35.26,0.03,{'GREEDY': 100.0}
337,OBS,2,TASK_ARRIVED,CPU_and_Data_Intensive,35.25,36.27,1.02,{'GREEDY': 100.0}
338,OBS,2,TASK_ARRIVED,Generic_Service,35.27,35.37,0.1,{'GREEDY': 100.0}
339,OBS,2,TASK_ARRIVED,CPU_and_Data_Intensive,35.35,38.7,3.35,{'GREEDY': 100.0}
340,OBS,2,TASK_ARRIVED,CPU_and_Data_Intensive,35.36,36.48,1.12,{'GREEDY': 100.0}
341,OBS,2,TASK_ARRIVED,CPU_Intensive,35.47,36.37,0.9,{'GREEDY': 100.0}
342,OBS,2,TASK_ARRIVED,CPU_and_Data_Intensive,35.56,35.87,0.31,{'GREEDY': 100.0}
343,OBS,2,TASK_ARRIVED,CPU_Intensive,35.62,35.87,0.25,{'GREEDY': 100.0}
344,OBS,2,TASK_ARRIVED,CPU_Intensive,36.25,36.37,0.13,{'GREEDY': 100.0}
345,OBS,2,TASK_ARRIVED,CPU_and_Data_Intensive,36.43,36.98,0.55,{'GREEDY': 100.0}
346,OBS,2,TASK_ARRIVED,CPU_Intensive,36.47,36.68,0.21,{'GREEDY': 100.0}
347,OBS,2,TASK_ARRIVED,CPU_Intensive,36.5,37.09,0.59,{'GREEDY': 100.0}
348,OBS,2,TASK_ARRIVED,CPU_Intensive,36.59,36.78,0.19,{'GREEDY': 100.0}
349,OBS,2,TASK_ARRIVED,Generic_Service,36.61,36.88,0.27,{'GREEDY': 100.0}
350,OBS,2,TASK_ARRIVED,CPU_and_Data_Intensive,36.61,37.29,0.68,{'GREEDY': 100.0}
351,OBS,2,TASK_ARRIVED,Generic_Service,36.65,36.98,0.33,{'GREEDY': 100.0}
352,OBS,2,TASK_ARRIVED,Generic_Service,36.72,37.19,0.47,{'GREEDY': 100.0}
353,OBS,2,TASK_ARRIVED,CPU_and_Data_Intensive,36.78,36.98,0.21,{'GREEDY': 100.0}
354,OBS,2,TASK_ARRIVED,Generic_Service,36.97,37.29,0.32,{'GREEDY': 100.0}
355,OBS,2,TASK_ARRIVED,Generic_Service,36.99,37.19,0.2,{'GREEDY': 100.0}
356,OBS,2,TASK_ARRIVED,CPU_Intensive,37.04,37.69,0.65,{'GREEDY': 100.0}
357,OBS,2,TASK_ARRIVED,Generic_Service,37.04,37.39,0.35,{'GREEDY': 100.0}
358,OBS,2,TASK_ARRIVED,Generic_Service,37.21,37.49,0.28,{'GREEDY': 100.0}
359,OBS,2,TASK_ARRIVED,Generic_Service,37.21,37.29,0.08,{'GREEDY': 100.0}
360,OBS,2,TASK_ARRIVED,CPU_Intensive,37.29,37.59,0.3,{'GREEDY': 100.0}
361,OBS,2,TASK_ARRIVED,CPU_Intensive,37.4,38.6,1.2,{'GREEDY': 100.0}
362,OBS,2,TASK_ARRIVED,Generic_Service,37.73,37.79,0.07,{'GREEDY': 100.0}
363,OBS,2,TASK_ARRIVED,Generic_Service,37.95,38.4,0.44,{'GREEDY': 100.0}
364,OBS,2,TASK_ARRIVED,Generic_Service,38.08,38.2,0.12,{'GREEDY': 100.0}
365,OBS,2,TASK_ARRIVED,CPU_Intensive,38.08,38.5,0.42,{'GREEDY': 100.0}
366,OBS,2,TASK_ARRIVED,CPU_Intensive,38.11,38.3,0.19,{'GREEDY': 100.0}
367,OBS,2,TASK_ARRIVED,CPU_Intensive,38.15,39.01,0.86,{'GREEDY': 100.0}
368,OBS,2,TASK_ARRIVED,CPU_and_Data_Intensive,38.17,40.43,2.26,{'GREEDY': 100.0}
369,OBS,2,TASK_ARRIVED,Generic_Service,38.31,38.5,0.19,{'GREEDY': 100.0}
370,OBS,2,TASK_ARRIVED,CPU_and_Data_Intensive,38.5,38.9,0.4,{'GREEDY': 100.0}
371,OBS,2,TASK_ARRIVED,Generic_Service,38.59,38.8,0.22,{'GREEDY': 100.0}
372,OBS,2,TASK_ARRIVED,CPU_and_Data_Intensive,38.61,39.32,0.7,{'GREEDY': 100.0}
373,OBS,2,TASK_ARRIVED,Generic_Service,38.82,39.01,0.19,{'GREEDY': 100.0}
374,OBS,2,TASK_ARRIVED,CPU_Intensive,38.92,39.22,0.3,{'GREEDY': 100.0}
375,OBS,2,TASK_ARRIVED,Generic_Service,38.97,39.11,0.14,{'GREEDY': 100.0}
376,OBS,2,TASK_ARRIVED,Generic_Service,38.98,39.22,0.24,{'GREEDY': 100.0}
377,OBS,2,TASK_ARRIVED,Generic_Service,38.99,39.11,0.12,{'GREEDY': 100.0}
378,OBS,2,TASK_ARRIVED,CPU_and_Data_Intensive,39.13,39.82,0.69,{'GREEDY': 100.0}
379,OBS,2,TASK_ARRIVED,CPU_Intensive,39.2,40.02,0.82,{'GREEDY': 100.0}
380,OBS,2,TASK_ARRIVED,CPU_and_Data_Intensive,39.25,39.82,0.57,{'GREEDY': 100.0}
381,OBS,2,TASK_ARRIVED,CPU_Intensive,39.29,39.52,0.23,{'GREEDY': 100.0}
382,OBS,2,TASK_ARRIVED,CPU_Intensive,39.41,40.53,1.12,{'GREEDY': 100.0}
383,OBS,2,TASK_ARRIVED,CPU_Intensive,39.42,40.23,0.8,{'GREEDY': 100.0}
384,OBS,2,TASK_ARRIVED,Generic_Service,39.43,39.62,0.19,{'GREEDY': 100.0}
385,OBS,2,TASK_ARRIVED,CPU_and_Data_Intensive,39.65,41.14,1.49,{'GREEDY': 100.0}
386,OBS,2,TASK_ARRIVED,Generic_Service,39.73,39.92,0.19,{'GREEDY': 100.0}
387,OBS,2,TASK_ARRIVED,CPU_and_Data_Intensive,39.8,39.92,0.13,{'GREEDY': 100.0}
388,OBS,2,TASK_ARRIVED,Generic_Service,40.11,40.33,0.22,{'GREEDY': 100.0}
389,OBS,2,TASK_ARRIVED,CPU_Intensive,40.22,40.84,0.61,{'GREEDY': 100.0}
390,OBS,2,TASK_ARRIVED,Generic_Service,40.41,40.63,0.23,{'GREEDY': 100.0}
391,OBS,2,TASK_ARRIVED,Generic_Service,40.51,40.74,0.23,{'GREEDY': 100.0}
392,OBS,2,TASK_ARRIVED,CPU_Intensive,40.72,41.85,1.13,{'GREEDY': 100.0}
393,OBS,2,TASK_ARRIVED,Generic_Service,40.76,41.04,0.28,{'GREEDY': 100.0}
395,OBS,2,TASK_ARRIVED,Generic_Service,40.91,41.24,0.33,{'GREEDY': 100.0}
396,OBS,2,TASK_ARRIVED,CPU_and_Data_Intensive,40.95,42.15,1.21,{'GREEDY': 100.0}
397,OBS,2,TASK_ARRIVED,CPU_and_Data_Intensive,41.04,41.55,0.51,{'GREEDY': 100.0}
398,OBS,2,TASK_ARRIVED,Generic_Service,41.12,41.45,0.33,{'GREEDY': 100.0}
399,OBS,2,TASK_ARRIVED,Generic_Service,41.21,41.65,0.44,{'GREEDY': 100.0}
401,OBS,2,TASK_ARRIVED,Generic_Service,41.84,42.05,0.21,{'GREEDY': 100.0}
402,OBS,2,TASK_ARRIVED,CPU_and_Data_Intensive,41.85,42.36,0.51,{'GREEDY': 100.0}
403,OBS,2,TASK_ARRIVED,CPU_Intensive,41.95,42.26,0.31,{'GREEDY': 100.0}
404,OBS,2,TASK_ARRIVED,Generic_Service,42.03,42.26,0.23,{'GREEDY': 100.0}
405,OBS,2,TASK_ARRIVED,Generic_Service,42.08,42.36,0.28,{'GREEDY': 100.0}
406,OBS,2,TASK_ARRIVED,CPU_Intensive,42.18,42.66,0.48,{'GREEDY': 100.0}
407,OBS,2,TASK_ARRIVED,CPU_and_Data_Intensive,42.19,43.38,1.19,{'GREEDY': 100.0}
408,OBS,2,TASK_ARRIVED,CPU_and_Data_Intensive,42.34,43.17,0.83,{'GREEDY': 100.0}
409,OBS,2,TASK_ARRIVED,CPU_Intensive,42.47,43.27,0.8,{'GREEDY': 100.0}
410,OBS,2,TASK_ARRIVED,CPU_Intensive,42.48,42.56,0.08,{'GREEDY': 100.0}
411,OBS,2,TASK_ARRIVED,Generic_Service,42.68,42.87,0.19,{'GREEDY': 100.0}
412,OBS,2,TASK_ARRIVED,CPU_and_Data_Intensive,42.69,43.48,0.79,{'GREEDY': 100.0}
413,OBS,2,TASK_ARRIVED,CPU_Intensive,42.86,42.97,0.1,{'GREEDY': 100.0}
414,OBS,2,TASK_ARRIVED,Generic_Service,42.92,43.07,0.15,{'GREEDY': 100.0}
415,OBS,2,TASK_ARRIVED,CPU_Intensive,42.92,43.27,0.35,{'GREEDY': 100.0}
416,OBS,2,TASK_ARRIVED,CPU_Intensive,42.98,43.58,0.6,{'GREEDY': 100.0}
417,OBS,2,TASK_ARRIVED,Generic_Service,42.99,43.17,0.18,{'GREEDY': 100.0}
418,OBS,2,TASK_ARRIVED,Generic_Service,42.99,43.38,0.38,{'GREEDY': 100.0}
419,OBS,2,TASK_ARRIVED,Generic_Service,43.01,43.69,0.68,{'GREEDY': 100.0}
421,OBS,2,TASK_ARRIVED,CPU_Intensive,43.06,43.48,0.42,{'GREEDY': 100.0}
422,OBS,2,TASK_ARRIVED,CPU_Intensive,43.11,43.58,0.47,{'GREEDY': 100.0}
423,OBS,2,TASK_ARRIVED,CPU_Intensive,43.2,43.79,0.59,{'GREEDY': 100.0}
424,OBS,2,TASK_ARRIVED,Generic_Service,43.21,43.38,0.17,{'GREEDY': 100.0}
425,OBS,2,TASK_ARRIVED,CPU_and_Data_Intensive,43.23,46.22,2.99,{'GREEDY': 100.0}
426,OBS,2,TASK_ARRIVED,Generic_Service,43.48,43.69,0.21,{'GREEDY': 100.0}
427,OBS,2,TASK_ARRIVED,CPU_Intensive,43.48,44.1,0.61,{'GREEDY': 100.0}
428,OBS,2,TASK_ARRIVED,Generic_Service,43.55,43.79,0.24,{'GREEDY': 100.0}
429,OBS,2,TASK_ARRIVED,CPU_Intensive,43.68,43.89,0.21,{'GREEDY': 100.0}
430,OBS,2,TASK_ARRIVED,CPU_Intensive,43.71,43.99,0.29,{'GREEDY': 100.0}
431,OBS,2,TASK_ARRIVED,Generic_Service,43.72,44.2,0.48,{'GREEDY': 100.0}
433,OBS,2,TASK_ARRIVED,Generic_Service,43.84,43.99,0.16,{'GREEDY': 100.0}
434,OBS,2,TASK_ARRIVED,Generic_Service,43.89,44.3,0.41,{'GREEDY': 100.0}
435,OBS,2,TASK_ARRIVED,CPU_Intensive,43.95,45.71,1.76,{'GREEDY': 100.0}
436,OBS,2,TASK_ARRIVED,CPU_and_Data_Intensive,44.22,45.91,1.69,{'GREEDY': 100.0}
437,OBS,2,TASK_ARRIVED,CPU_Intensive,44.26,45.3,1.04,{'GREEDY': 100.0}
438,OBS,2,TASK_ARRIVED,CPU_Intensive,44.5,45.2,0.7,{'GREEDY': 100.0}
439,OBS,2,TASK_ARRIVED,Generic_Service,44.6,44.7,0.09,{'GREEDY': 100.0}
440,OBS,2,TASK_ARRIVED,Generic_Service,44.69,44.8,0.11,{'GREEDY': 100.0}
441,OBS,2,TASK_ARRIVED,Generic_Service,44.77,45.0,0.24,{'GREEDY': 100.0}
442,OBS,2,TASK_ARRIVED,Generic_Service,44.81,45.1,0.3,{'GREEDY': 100.0}
443,OBS,2,TASK_ARRIVED,Generic_Service,44.82,44.9,0.08,{'GREEDY': 100.0}
444,OBS,2,TASK_ARRIVED,CPU_Intensive,45.01,45.1,0.1,{'GREEDY': 100.0}
445,OBS,2,TASK_ARRIVED,CPU_Intensive,45.05,45.71,0.66,{'GREEDY': 100.0}
446,OBS,2,TASK_ARRIVED,CPU_and_Data_Intensive,45.06,45.41,0.34,{'GREEDY': 100.0}
447,OBS,2,TASK_ARRIVED,Generic_Service,45.14,45.61,0.47,{'GREEDY': 100.0}
448,OBS,2,TASK_ARRIVED,CPU_Intensive,45.23,45.51,0.28,{'GREEDY': 100.0}
449,OBS,2,TASK_ARRIVED,CPU_Intensive,45.43,45.71,0.28,{'GREEDY': 100.0}
450,OBS,2,TASK_ARRIVED,Generic_Service,45.47,45.51,0.04,{'GREEDY': 100.0}
451,OBS,2,TASK_ARRIVED,Generic_Service,45.5,45.61,0.11,{'GREEDY': 100.0}
452,OBS,2,TASK_ARRIVED,CPU_Intensive,45.54,45.91,0.38,{'GREEDY': 100.0}
453,OBS,2,TASK_ARRIVED,Generic_Service,45.58,45.81,0.23,{'GREEDY': 100.0}
454,OBS,2,TASK_ARRIVED,CPU_Intensive,45.58,46.32,0.74,{'GREEDY': 100.0}
455,OBS,2,TASK_ARRIVED,Generic_Service,45.72,46.02,0.29,{'GREEDY': 100.0}
456,OBS,2,TASK_ARRIVED,Generic_Service,45.87,46.12,0.25,{'GREEDY': 100.0}
457,OBS,2,TASK_ARRIVED,Generic_Service,46.03,46.12,0.09,{'GREEDY': 100.0}
458,OBS,2,TASK_ARRIVED,CPU_Intensive,46.18,46.72,0.54,{'GREEDY': 100.0}
459,OBS,2,TASK_ARRIVED,CPU_Intensive,46.23,46.82,0.59,{'GREEDY': 100.0}
460,OBS,2,TASK_ARRIVED,CPU_Intensive,46.37,47.23,0.85,{'GREEDY': 100.0}
461,OBS,2,TASK_ARRIVED,CPU_and_Data_Intensive,46.39,46.52,0.13,{'GREEDY': 100.0}
462,OBS,2,TASK_ARRIVED,CPU_and_Data_Intensive,46.48,46.62,0.15,{'GREEDY': 100.0}
463,OBS,2,TASK_ARRIVED,CPU_Intensive,46.64,47.63,1.0,{'GREEDY': 100.0}
464,OBS,2,TASK_ARRIVED,CPU_and_Data_Intensive,46.77,46.92,0.16,{'GREEDY': 100.0}
465,OBS,2,TASK_ARRIVED,Generic_Service,46.82,47.13,0.31,{'GREEDY': 100.0}
466,OBS,2,TASK_ARRIVED,Generic_Service,46.85,47.03,0.18,{'GREEDY': 100.0}
467,OBS,2,TASK_ARRIVED,CPU_and_Data_Intensive,47.09,47.84,0.75,{'GREEDY': 100.0}
468,OBS,1,TASK_ARRIVED,CPU_Intensive,47.17,48.14,0.96,{'GREEDY': 100.0}
469,OBS,2,TASK_ARRIVED,Generic_Service,47.24,47.33,0.09,{'GREEDY': 100.0}
470,OBS,2,TASK_ARRIVED,CPU_and_Data_Intensive,47.27,47.73,0.47,{'GREEDY': 100.0}
471,OBS,2,TASK_ARRIVED,Generic_Service,47.65,47.94,0.29,{'GREEDY': 100.0}
472,OBS,2,TASK_ARRIVED,CPU_and_Data_Intensive,47.65,48.04,0.38,{'GREEDY': 100.0}
473,OBS,1,TASK_ARRIVED,CPU_and_Data_Intensive,47.91,48.34,0.43,{'GREEDY': 100.0}
474,OBS,1,TASK_ARRIVED,Generic_Service,47.96,48.04,0.07,{'GREEDY': 100.0}
475,OBS,2,TASK_ARRIVED,CPU_and_Data_Intensive,48.41,49.04,0.63,{'GREEDY': 100.0}
476,OBS,2,TASK_ARRIVED,CPU_and_Data_Intensive,48.59,50.75,2.16,{'GREEDY': 100.0}
477,OBS,2,TASK_ARRIVED,Generic_Service,48.59,48.74,0.14,{'GREEDY': 100.0}
478,OBS,2,TASK_ARRIVED,Generic_Service,48.68,48.94,0.26,{'GREEDY': 100.0}
479,OBS,2,TASK_ARRIVED,CPU_and_Data_Intensive,48.68,49.64,0.96,{'GREEDY': 100.0}
480,OBS,2,TASK_ARRIVED,CPU_Intensive,48.69,49.54,0.85,{'GREEDY': 100.0}
481,OBS,2,TASK_ARRIVED,Generic_Service,48.91,49.14,0.23,{'GREEDY': 100.0}
482,OBS,2,TASK_ARRIVED,CPU_Intensive,49.49,49.74,0.25,{'GREEDY': 100.0}
483,OBS,2,TASK_ARRIVED,CPU_Intensive,49.76,50.25,0.49,{'GREEDY': 100.0}
484,OBS,2,TASK_ARRIVED,Generic_Service,49.77,50.15,0.38,{'GREEDY': 100.0}
485,OBS,2,TASK_ARRIVED,Generic_Service,49.81,50.05,0.24,{'GREEDY': 100.0}
486,OBS,2,TASK_ARRIVED,CPU_and_Data_Intensive,49.81,50.86,1.05,{'GREEDY': 100.0}
487,OBS,2,TASK_ARRIVED,Generic_Service,49.85,49.95,0.1,{'GREEDY': 100.0}
488,OBS,2,TASK_ARRIVED,CPU_Intensive,50.0,50.45,0.45,{'GREEDY': 100.0}
489,OBS,2,TASK_ARRIVED,CPU_Intensive,50.01,51.66,1.66,{'GREEDY': 100.0}
490,OBS,2,TASK_ARRIVED,Generic_Service,50.4,50.55,0.16,{'GREEDY': 100.0}
491,OBS,2,TASK_ARRIVED,Generic_Service,50.49,50.65,0.16,{'GREEDY': 100.0}
492,OBS,2,TASK_ARRIVED,CPU_Intensive,50.53,51.87,1.33,{'GREEDY': 100.0}
493,OBS,2,TASK_ARRIVED,CPU_and_Data_Intensive,50.83,52.48,1.66,{'GREEDY': 100.0}
494,OBS,2,TASK_ARRIVED,Generic_Service,50.84,51.06,0.21,{'GREEDY': 100.0}
495,OBS,2,TASK_ARRIVED,Generic_Service,50.99,51.16,0.17,{'GREEDY': 100.0}
496,OBS,2,TASK_ARRIVED,CPU_Intensive,51.2,51.56,0.36,{'GREEDY': 100.0}
497,OBS,2,TASK_ARRIVED,Generic_Service,51.25,51.36,0.11,{'GREEDY': 100.0}
498,OBS,2,TASK_ARRIVED,CPU_Intensive,51.27,51.66,0.39,{'GREEDY': 100.0}
499,OBS,2,TASK_ARRIVED,CPU_and_Data_Intensive,51.41,51.97,0.56,{'GREEDY': 100.0}
500,OBS,2,TASK_ARRIVED,CPU_Intensive,51.47,51.87,0.4,{'GREEDY': 100.0}
501,OBS,3,TASK_ARRIVED,CPU_Intensive,51.54,52.07,0.54,{'GREEDY': 100.0}
502,OBS,2,TASK_ARRIVED,CPU_and_Data_Intensive,51.64,52.28,0.63,{'GREEDY': 100.0}
503,OBS,2,TASK_ARRIVED,Generic_Service,51.88,52.17,0.3,{'GREEDY': 100.0}
504,OBS,2,TASK_ARRIVED,CPU_Intensive,51.91,52.59,0.68,{'GREEDY': 100.0}
505,OBS,2,TASK_ARRIVED,CPU_Intensive,51.96,52.38,0.42,{'GREEDY': 100.0}
507,OBS,2,TASK_ARRIVED,CPU_Intensive,51.99,52.48,0.49,{'GREEDY': 100.0}
508,OBS,2,TASK_ARRIVED,CPU_and_Data_Intensive,52.05,52.89,0.84,{'GREEDY': 100.0}
509,OBS,2,TASK_ARRIVED,CPU_Intensive,52.13,52.59,0.46,{'GREEDY': 100.0}
510,OBS,2,TASK_ARRIVED,CPU_Intensive,52.14,52.38,0.24,{'GREEDY': 100.0}
511,OBS,2,TASK_ARRIVED,Generic_Service,52.14,52.69,0.55,{'GREEDY': 100.0}
512,OBS,2,TASK_ARRIVED,CPU_Intensive,52.28,52.79,0.51,{'GREEDY': 100.0}
513,OBS,2,TASK_ARRIVED,CPU_and_Data_Intensive,52.38,52.69,0.31,{'GREEDY': 100.0}
514,OBS,1,TASK_ARRIVED,CPU_and_Data_Intensive,52.62,54.2,1.58,{'GREEDY': 100.0}
515,OBS,1,TASK_ARRIVED,CPU_and_Data_Intensive,52.65,55.41,2.76,{'GREEDY': 100.0}
516,OBS,2,TASK_ARRIVED,CPU_and_Data_Intensive,52.74,54.1,1.37,{'GREEDY': 100.0}
517,OBS,2,TASK_ARRIVED,CPU_Intensive,52.74,53.29,0.55,{'GREEDY': 100.0}
518,OBS,2,TASK_ARRIVED,CPU_and_Data_Intensive,52.87,53.7,0.82,{'GREEDY': 100.0}
519,OBS,2,TASK_ARRIVED,Generic_Service,52.96,53.39,0.44,{'GREEDY': 100.0}
520,OBS,2,TASK_ARRIVED,CPU_Intensive,53.1,53.59,0.49,{'GREEDY': 100.0}
521,OBS,2,TASK_ARRIVED,Generic_Service,53.11,53.8,0.69,{'GREEDY': 100.0}
522,OBS,2,TASK_ARRIVED,Generic_Service,53.38,53.9,0.52,{'GREEDY': 100.0}
523,OBS,2,TASK_ARRIVED,CPU_Intensive,53.39,54.0,0.61,{'GREEDY': 100.0}
524,OBS,1,TASK_ARRIVED,CPU_Intensive,53.47,54.0,0.53,{'GREEDY': 100.0}
525,OBS,1,TASK_ARRIVED,CPU_and_Data_Intensive,53.64,54.61,0.97,{'GREEDY': 100.0}
526,OBS,1,TASK_ARRIVED,CPU_Intensive,53.64,54.1,0.46,{'GREEDY': 100.0}
527,OBS,2,TASK_ARRIVED,Generic_Service,53.88,54.2,0.32,{'GREEDY': 100.0}
528,OBS,2,TASK_ARRIVED,Generic_Service,53.95,54.3,0.36,{'GREEDY': 100.0}
529,OBS,2,TASK_ARRIVED,CPU_Intensive,53.97,54.41,0.44,{'GREEDY': 100.0}
530,OBS,2,TASK_ARRIVED,Generic_Service,54.23,54.51,0.27,{'GREEDY': 100.0}
531,OBS,2,TASK_ARRIVED,CPU_Intensive,54.35,56.12,1.77,{'GREEDY': 100.0}
532,OBS,2,TASK_ARRIVED,Generic_Service,54.37,54.61,0.24,{'GREEDY': 100.0}
533,OBS,2,TASK_ARRIVED,Generic_Service,54.59,54.71,0.12,{'GREEDY': 100.0}
534,OBS,2,TASK_ARRIVED,CPU_Intensive,54.81,55.21,0.4,{'GREEDY': 100.0}
535,OBS,2,TASK_ARRIVED,CPU_and_Data_Intensive,54.97,55.31,0.34,{'GREEDY': 100.0}
536,OBS,2,TASK_ARRIVED,Generic_Service,55.07,55.41,0.35,{'GREEDY': 100.0}
537,OBS,2,TASK_ARRIVED,CPU_and_Data_Intensive,55.26,55.82,0.56,{'GREEDY': 100.0}
538,OBS,2,TASK_ARRIVED,Generic_Service,55.42,55.61,0.2,{'GREEDY': 100.0}
539,OBS,2,TASK_ARRIVED,Generic_Service,55.47,55.72,0.25,{'GREEDY': 100.0}
540,OBS,2,TASK_ARRIVED,Generic_Service,55.5,55.92,0.42,{'GREEDY': 100.0}
541,OBS,2,TASK_ARRIVED,CPU_Intensive,55.51,56.94,1.43,{'GREEDY': 100.0}
542,OBS,2,TASK_ARRIVED,CPU_Intensive,55.59,56.53,0.95,{'GREEDY': 100.0}
543,OBS,2,TASK_ARRIVED,CPU_and_Data_Intensive,55.8,56.02,0.22,{'GREEDY': 100.0}
544,OBS,2,TASK_ARRIVED,CPU_Intensive,55.83,56.43,0.6,{'GREEDY': 100.0}
545,OBS,2,TASK_ARRIVED,CPU_and_Data_Intensive,55.89,57.34,1.45,{'GREEDY': 100.0}
546,OBS,2,TASK_ARRIVED,CPU_Intensive,56.02,56.33,0.31,{'GREEDY': 100.0}
547,OBS,2,TASK_ARRIVED,Generic_Service,56.05,56.22,0.18,{'GREEDY': 100.0}
548,OBS,2,TASK_ARRIVED,Generic_Service,56.14,56.33,0.18,{'GREEDY': 100.0}
549,OBS,2,TASK_ARRIVED,Generic_Service,56.26,56.63,0.37,{'GREEDY': 100.0}
550,OBS,2,TASK_ARRIVED,CPU_Intensive,56.29,56.43,0.14,{'GREEDY': 100.0}
551,OBS,2,TASK_ARRIVED,CPU_Intensive,56.55,56.73,0.18,{'GREEDY': 100.0}
552,OBS,2,TASK_ARRIVED,CPU_Intensive,56.62,57.04,0.42,{'GREEDY': 100.0}
553,OBS,2,TASK_ARRIVED,Generic_Service,56.7,56.84,0.14,{'GREEDY': 100.0}
554,OBS,2,TASK_ARRIVED,CPU_Intensive,56.89,57.95,1.06,{'GREEDY': 100.0}
555,OBS,2,TASK_ARRIVED,CPU_Intensive,57.11,57.44,0.33,{'GREEDY': 100.0}
556,OBS,2,TASK_ARRIVED,CPU_Intensive,57.2,57.85,0.65,{'GREEDY': 100.0}
557,OBS,2,TASK_ARRIVED,CPU_Intensive,57.35,58.66,1.32,{'GREEDY': 100.0}
558,OBS,2,TASK_ARRIVED,Generic_Service,57.38,57.54,0.16,{'GREEDY': 100.0}
559,OBS,2,TASK_ARRIVED,CPU_Intensive,57.65,57.75,0.09,{'GREEDY': 100.0}
560,OBS,2,TASK_ARRIVED,CPU_Intensive,57.74,58.46,0.72,{'GREEDY': 100.0}
561,OBS,2,TASK_ARRIVED,Generic_Service,57.77,58.05,0.29,{'GREEDY': 100.0}
562,OBS,2,TASK_ARRIVED,Generic_Service,57.91,58.16,0.24,{'GREEDY': 100.0}
563,OBS,2,TASK_ARRIVED,CPU_Intensive,57.98,58.56,0.58,{'GREEDY': 100.0}
564,OBS,2,TASK_ARRIVED,Generic_Service,58.0,58.36,0.36,{'GREEDY': 100.0}
565,OBS,2,TASK_ARRIVED,Generic_Service,58.1,58.26,0.16,{'GREEDY': 100.0}
566,OBS,2,TASK_ARRIVED,CPU_Intensive,58.15,59.57,1.42,{'GREEDY': 100.0}
567,OBS,2,TASK_ARRIVED,CPU_and_Data_Intensive,58.29,59.88,1.59,{'GREEDY': 100.0}
568,OBS,2,TASK_ARRIVED,CPU_Intensive,58.55,59.37,0.82,{'GREEDY': 100.0}
569,OBS,2,TASK_ARRIVED,CPU_Intensive,58.71,59.88,1.16,{'GREEDY': 100.0}
570,OBS,2,TASK_ARRIVED,CPU_and_Data_Intensive,58.76,59.17,0.4,{'GREEDY': 100.0}
572,OBS,2,TASK_ARRIVED,CPU_Intensive,58.93,59.47,0.54,{'GREEDY': 100.0}
573,OBS,2,TASK_ARRIVED,CPU_and_Data_Intensive,58.96,59.27,0.3,{'GREEDY': 100.0}
574,OBS,2,TASK_ARRIVED,CPU_Intensive,59.19,60.08,0.88,{'GREEDY': 100.0}
575,OBS,2,TASK_ARRIVED,CPU_Intensive,59.39,60.58,1.19,{'GREEDY': 100.0}
576,OBS,2,TASK_ARRIVED,CPU_and_Data_Intensive,59.45,61.39,1.95,{'GREEDY': 100.0}
577,OBS,2,TASK_ARRIVED,CPU_and_Data_Intensive,59.49,62.1,2.61,{'GREEDY': 100.0}
578,OBS,2,TASK_ARRIVED,Generic_Service,59.74,59.98,0.23,{'GREEDY': 100.0}
579,OBS,2,TASK_ARRIVED,CPU_Intensive,59.88,60.99,1.11,{'GREEDY': 100.0}
580,OBS,2,TASK_ARRIVED,Generic_Service,59.89,60.18,0.29,{'GREEDY': 100.0}
581,OBS,2,TASK_ARRIVED,CPU_Intensive,59.99,61.09,1.1,{'GREEDY': 100.0}
582,OBS,2,TASK_ARRIVED,CPU_and_Data_Intensive,60.0,62.41,2.41,{'GREEDY': 100.0}
583,OBS,2,TASK_ARRIVED,CPU_Intensive,60.06,60.78,0.72,{'GREEDY': 100.0}
584,OBS,2,TASK_ARRIVED,Generic_Service,60.21,60.88,0.67,{'GREEDY': 100.0}
585,OBS,2,TASK_ARRIVED,CPU_and_Data_Intensive,60.25,61.6,1.35,{'GREEDY': 100.0}
586,OBS,2,TASK_ARRIVED,Generic_Service,60.27,61.29,1.02,{'GREEDY': 100.0}
587,OBS,2,TASK_ARRIVED,Generic_Service,60.32,61.19,0.87,{'GREEDY': 100.0}
588,OBS,2,TASK_ARRIVED,Generic_Service,60.34,60.99,0.65,{'GREEDY': 100.0}
589,OBS,2,TASK_ARRIVED,CPU_and_Data_Intensive,60.36,61.09,0.73,{'GREEDY': 100.0}
590,OBS,2,TASK_ARRIVED,CPU_Intensive,60.58,61.7,1.12,{'GREEDY': 100.0}
591,OBS,2,TASK_ARRIVED,CPU_Intensive,60.99,62.72,1.72,{'GREEDY': 100.0}
592,OBS,2,TASK_ARRIVED,CPU_Intensive,61.06,62.31,1.25,{'GREEDY': 100.0}
593,OBS,2,TASK_ARRIVED,Generic_Service,61.19,61.5,0.31,{'GREEDY': 100.0}
594,OBS,2,TASK_ARRIVED,CPU_and_Data_Intensive,61.58,62.92,1.34,{'GREEDY': 100.0}
595,OBS,2,TASK_ARRIVED,CPU_and_Data_Intensive,61.67,62.21,0.53,{'GREEDY': 100.0}
596,OBS,2,TASK_ARRIVED,CPU_and_Data_Intensive,61.83,62.61,0.78,{'GREEDY': 100.0}
597,OBS,2,TASK_ARRIVED,Generic_Service,61.86,62.0,0.14,{'GREEDY': 100.0}
598,OBS,2,TASK_ARRIVED,CPU_Intensive,61.91,63.02,1.11,{'GREEDY': 100.0}
599,OBS,2,TASK_ARRIVED,CPU_Intensive,61.95,62.1,0.15,{'GREEDY': 100.0}
600,OBS,2,TASK_ARRIVED,Generic_Service,62.1,62.31,0.2,{'GREEDY': 100.0}
601,OBS,2,TASK_ARRIVED,CPU_Intensive,62.11,63.43,1.32,{'GREEDY': 100.0}
603,OBS,2,TASK_ARRIVED,CPU_and_Data_Intensive,62.14,63.23,1.09,{'GREEDY': 100.0}
604,OBS,2,TASK_ARRIVED,CPU_and_Data_Intensive,62.15,62.61,0.47,{'GREEDY': 100.0}
605,OBS,2,TASK_ARRIVED,CPU_Intensive,62.19,63.83,1.64,{'GREEDY': 100.0}
606,OBS,2,TASK_ARRIVED,Generic_Service,62.35,62.51,0.16,{'GREEDY': 100.0}
607,OBS,2,TASK_ARRIVED,Generic_Service,62.47,62.82,0.35,{'GREEDY': 100.0}
608,OBS,2,TASK_ARRIVED,CPU_and_Data_Intensive,62.59,63.13,0.54,{'GREEDY': 100.0}
609,OBS,2,TASK_ARRIVED,Generic_Service,62.62,62.82,0.2,{'GREEDY': 100.0}
610,OBS,2,TASK_ARRIVED,CPU_and_Data_Intensive,62.62,63.13,0.51,{'GREEDY': 100.0}
611,OBS,2,TASK_ARRIVED,CPU_Intensive,62.62,62.92,0.3,{'GREEDY': 100.0}
612,OBS,2,TASK_ARRIVED,CPU_and_Data_Intensive,62.63,64.14,1.51,{'GREEDY': 100.0}
613,OBS,2,TASK_ARRIVED,CPU_Intensive,62.87,63.33,0.46,{'GREEDY': 100.0}
614,OBS,2,TASK_ARRIVED,CPU_Intensive,63.2,63.63,0.43,{'GREEDY': 100.0}
615,OBS,2,TASK_ARRIVED,CPU_and_Data_Intensive,63.21,63.53,0.32,{'GREEDY': 100.0}
616,OBS,2,TASK_ARRIVED,CPU_and_Data_Intensive,63.31,64.64,1.33,{'GREEDY': 100.0}
617,OBS,2,TASK_ARRIVED,Generic_Service,63.7,63.93,0.23,{'GREEDY': 100.0}
618,OBS,2,TASK_ARRIVED,CPU_Intensive,63.75,64.04,0.29,{'GREEDY': 100.0}
619,OBS,2,TASK_ARRIVED,CPU_Intensive,63.88,64.24,0.36,{'GREEDY': 100.0}
621,OBS,2,TASK_ARRIVED,Generic_Service,64.17,64.44,0.27,{'GREEDY': 100.0}
622,OBS,2,TASK_ARRIVED,CPU_Intensive,64.24,64.54,0.3,{'GREEDY': 100.0}
623,OBS,1,TASK_ARRIVED,Generic_Service,64.33,64.34,0.01,{'GREEDY': 100.0}
624,OBS,2,TASK_ARRIVED,CPU_Intensive,64.6,64.85,0.25,{'GREEDY': 100.0}
625,OBS,2,TASK_ARRIVED,Generic_Service,64.79,64.95,0.16,{'GREEDY': 100.0}
626,OBS,2,TASK_ARRIVED,CPU_Intensive,64.85,66.67,1.82,{'GREEDY': 100.0}
627,OBS,2,TASK_ARRIVED,CPU_and_Data_Intensive,64.98,65.25,0.26,{'GREEDY': 100.0}
628,OBS,2,TASK_ARRIVED,CPU_Intensive,65.16,65.65,0.5,{'GREEDY': 100.0}
629,OBS,2,TASK_ARRIVED,Generic_Service,65.19,65.35,0.16,{'GREEDY': 100.0}
630,OBS,2,TASK_ARRIVED,CPU_Intensive,65.22,66.06,0.84,{'GREEDY': 100.0}
631,OBS,2,TASK_ARRIVED,CPU_Intensive,65.25,65.55,0.3,{'GREEDY': 100.0}
632,OBS,2,TASK_ARRIVED,CPU_and_Data_Intensive,65.29,66.46,1.17,{'GREEDY': 100.0}
634,OBS,2,TASK_ARRIVED,Generic_Service,65.33,65.76,0.42,{'GREEDY': 100.0}
635,OBS,2,TASK_ARRIVED,CPU_and_Data_Intensive,65.42,67.39,1.97,{'GREEDY': 100.0}
636,OBS,2,TASK_ARRIVED,Generic_Service,65.46,65.86,0.39,{'GREEDY': 100.0}
637,OBS,2,TASK_ARRIVED,CPU_Intensive,65.52,65.96,0.44,{'GREEDY': 100.0}
638,OBS,2,TASK_ARRIVED,CPU_and_Data_Intensive,65.67,66.77,1.11,{'GREEDY': 100.0}
639,OBS,2,TASK_ARRIVED,CPU_Intensive,65.93,66.67,0.74,{'GREEDY': 100.0}
640,OBS,2,TASK_ARRIVED,Generic_Service,65.96,66.46,0.51,{'GREEDY': 100.0}
641,OBS,2,TASK_ARRIVED,Generic_Service,65.96,66.57,0.61,{'GREEDY': 100.0}
642,OBS,2,TASK_ARRIVED,CPU_Intensive,66.03,66.87,0.84,{'GREEDY': 100.0}
643,OBS,2,TASK_ARRIVED,CPU_and_Data_Intensive,66.08,66.87,0.8,{'GREEDY': 100.0}
644,OBS,2,TASK_ARRIVED,CPU_and_Data_Intensive,66.26,66.57,0.3,{'GREEDY': 100.0}
645,OBS,2,TASK_ARRIVED,CPU_Intensive,66.31,67.08,0.77,{'GREEDY': 100.0}
646,OBS,2,TASK_ARRIVED,CPU_and_Data_Intensive,66.48,67.28,0.8,{'GREEDY': 100.0}
647,OBS,2,TASK_ARRIVED,Generic_Service,66.7,66.97,0.28,{'GREEDY': 100.0}
648,OBS,2,TASK_ARRIVED,CPU_Intensive,66.71,67.49,0.78,{'GREEDY': 100.0}
649,OBS,2,TASK_ARRIVED,CPU_Intensive,66.8,67.28,0.48,{'GREEDY': 100.0}
650,OBS,2,TASK_ARRIVED,CPU_and_Data_Intensive,66.86,70.43,3.56,{'GREEDY': 100.0}
651,OBS,2,TASK_ARRIVED,Generic_Service,66.96,67.18,0.22,{'GREEDY': 100.0}
652,OBS,2,TASK_ARRIVED,Generic_Service,67.24,67.39,0.15,{'GREEDY': 100.0}
653,OBS,2,TASK_ARRIVED,Generic_Service,67.46,67.59,0.12,{'GREEDY': 100.0}
654,OBS,2,TASK_ARRIVED,CPU_Intensive,67.58,67.79,0.21,{'GREEDY': 100.0}
655,OBS,2,TASK_ARRIVED,CPU_Intensive,67.67,67.99,0.33,{'GREEDY': 100.0}
656,OBS,2,TASK_ARRIVED,Generic_Service,67.68,67.89,0.21,{'GREEDY': 100.0}
657,OBS,2,TASK_ARRIVED,CPU_Intensive,67.71,68.81,1.1,{'GREEDY': 100.0}
658,OBS,2,TASK_ARRIVED,CPU_Intensive,67.76,68.2,0.44,{'GREEDY': 100.0}
659,OBS,2,TASK_ARRIVED,Generic_Service,67.78,68.1,0.32,{'GREEDY': 100.0}
660,OBS,2,TASK_ARRIVED,CPU_and_Data_Intensive,67.8,68.91,1.11,{'GREEDY': 100.0}
661,OBS,2,TASK_ARRIVED,CPU_Intensive,67.83,68.3,0.47,{'GREEDY': 100.0}
662,OBS,2,TASK_ARRIVED,CPU_and_Data_Intensive,67.93,68.6,0.68,{'GREEDY': 100.0}
663,OBS,2,TASK_ARRIVED,CPU_Intensive,68.0,69.01,1.01,{'GREEDY': 100.0}
664,OBS,2,TASK_ARRIVED,Generic_Service,68.06,68.2,0.14,{'GREEDY': 100.0}
665,OBS,2,TASK_ARRIVED,CPU_Intensive,68.17,68.5,0.33,{'GREEDY': 100.0}
666,OBS,2,TASK_ARRIVED,Generic_Service,68.46,68.71,0.25,{'GREEDY': 100.0}
667,OBS,2,TASK_ARRIVED,Generic_Service,68.47,68.71,0.24,{'GREEDY': 100.0}
668,OBS,2,TASK_ARRIVED,CPU_and_Data_Intensive,68.63,69.21,0.58,{'GREEDY': 100.0}
669,OBS,2,TASK_ARRIVED,Generic_Service,68.77,69.11,0.34,{'GREEDY': 100.0}
670,OBS,2,TASK_ARRIVED,CPU_Intensive,68.94,70.02,1.07,{'GREEDY': 100.0}
671,OBS,2,TASK_ARRIVED,CPU_Intensive,68.98,70.33,1.35,{'GREEDY': 100.0}
672,OBS,2,TASK_ARRIVED,Generic_Service,69.41,69.61,0.2,{'GREEDY': 100.0}
673,OBS,2,TASK_ARRIVED,Generic_Service,69.44,69.72,0.28,{'GREEDY': 100.0}
674,OBS,2,TASK_ARRIVED,CPU_Intensive,69.61,70.22,0.61,{'GREEDY': 100.0}
675,OBS,2,TASK_ARRIVED,Generic_Service,69.82,70.53,0.71,{'GREEDY': 100.0}
676,OBS,2,TASK_ARRIVED,Generic_Service,69.84,70.12,0.28,{'GREEDY': 100.0}
677,OBS,2,TASK_ARRIVED,CPU_and_Data_Intensive,69.84,70.33,0.48,{'GREEDY': 100.0}
678,OBS,2,TASK_ARRIVED,CPU_Intensive,69.95,70.83,0.89,{'GREEDY': 100.0}
679,OBS,2,TASK_ARRIVED,CPU_Intensive,69.97,70.94,0.97,{'GREEDY': 100.0}
680,OBS,2,TASK_ARRIVED,Generic_Service,70.0,70.22,0.22,{'GREEDY': 100.0}
681,OBS,2,TASK_ARRIVED,CPU_Intensive,70.22,70.63,0.41,{'GREEDY': 100.0}
682,OBS,2,TASK_ARRIVED,CPU_and_Data_Intensive,70.22,70.73,0.52,{'GREEDY': 100.0}
683,OBS,2,TASK_ARRIVED,CPU_Intensive,70.24,71.04,0.8,{'GREEDY': 100.0}
684,OBS,2,TASK_ARRIVED,Generic_Service,70.27,70.73,0.47,{'GREEDY': 100.0}
685,OBS,2,TASK_ARRIVED,CPU_and_Data_Intensive,70.71,71.14,0.42,{'GREEDY': 100.0}
686,OBS,2,TASK_ARRIVED,CPU_Intensive,70.73,71.34,0.62,{'GREEDY': 100.0}
687,OBS,2,TASK_ARRIVED,Generic_Service,70.87,71.24,0.37,{'GREEDY': 100.0}
688,OBS,2,TASK_ARRIVED,CPU_Intensive,70.99,71.44,0.45,{'GREEDY': 100.0}
690,OBS,2,TASK_ARRIVED,CPU_and_Data_Intensive,71.23,71.74,0.52,{'GREEDY': 100.0}
691,OBS,2,TASK_ARRIVED,Generic_Service,71.24,71.54,0.31,{'GREEDY': 100.0}
692,OBS,2,TASK_ARRIVED,Generic_Service,71.33,71.64,0.32,{'GREEDY': 100.0}
693,OBS,2,TASK_ARRIVED,CPU_and_Data_Intensive,71.38,72.26,0.88,{'GREEDY': 100.0}
694,OBS,2,TASK_ARRIVED,Generic_Service,71.66,71.95,0.29,{'GREEDY': 100.0}
696,OBS,2,TASK_ARRIVED,Generic_Service,71.68,71.85,0.17,{'GREEDY': 100.0}
697,OBS,2,TASK_ARRIVED,CPU_and_Data_Intensive,71.84,72.46,0.62,{'GREEDY': 100.0}
698,OBS,2,TASK_ARRIVED,CPU_Intensive,71.86,72.36,0.5,{'GREEDY': 100.0}
699,OBS,2,TASK_ARRIVED,CPU_Intensive,71.92,72.26,0.34,{'GREEDY': 100.0}
700,OBS,2,TASK_ARRIVED,CPU_and_Data_Intensive,71.92,72.46,0.54,{'GREEDY': 100.0}
701,OBS,2,TASK_ARRIVED,Generic_Service,71.97,72.15,0.19,{'GREEDY': 100.0}
702,OBS,2,TASK_ARRIVED,Generic_Service,71.98,72.15,0.18,{'GREEDY': 100.0}
703,OBS,2,TASK_ARRIVED,Generic_Service,72.04,72.36,0.31,{'GREEDY': 100.0}
704,OBS,2,TASK_ARRIVED,CPU_and_Data_Intensive,72.12,72.66,0.55,{'GREEDY': 100.0}
705,OBS,2,TASK_ARRIVED,CPU_Intensive,72.18,73.38,1.19,{'GREEDY': 100.0}
706,OBS,2,TASK_ARRIVED,Generic_Service,72.23,72.56,0.33,{'GREEDY': 100.0}
708,OBS,2,TASK_ARRIVED,Generic_Service,72.57,72.76,0.19,{'GREEDY': 100.0}
709,OBS,2,TASK_ARRIVED,CPU_Intensive,72.58,72.86,0.29,{'GREEDY': 100.0}
710,OBS,2,TASK_ARRIVED,CPU_and_Data_Intensive,72.72,73.07,0.35,{'GREEDY': 100.0}
711,OBS,2,TASK_ARRIVED,Generic_Service,72.76,72.97,0.21,{'GREEDY': 100.0}
712,OBS,2,TASK_ARRIVED,CPU_Intensive,72.76,73.28,0.51,{'GREEDY': 100.0}
713,OBS,2,TASK_ARRIVED,CPU_and_Data_Intensive,72.9,73.17,0.28,{'GREEDY': 100.0}
714,OBS,2,TASK_ARRIVED,CPU_Intensive,72.91,73.99,1.08,{'GREEDY': 100.0}
715,OBS,2,TASK_ARRIVED,CPU_Intensive,72.96,73.28,0.31,{'GREEDY': 100.0}
716,OBS,2,TASK_ARRIVED,CPU_Intensive,73.11,73.48,0.36,{'GREEDY': 100.0}
717,OBS,2,TASK_ARRIVED,CPU_and_Data_Intensive,73.22,75.42,2.2,{'GREEDY': 100.0}
719,OBS,2,TASK_ARRIVED,CPU_Intensive,73.33,73.58,0.25,{'GREEDY': 100.0}
720,OBS,2,TASK_ARRIVED,CPU_and_Data_Intensive,73.48,74.7,1.22,{'GREEDY': 100.0}
721,OBS,2,TASK_ARRIVED,CPU_and_Data_Intensive,73.48,73.88,0.4,{'GREEDY': 100.0}
722,OBS,2,TASK_ARRIVED,Generic_Service,73.5,73.68,0.18,{'GREEDY': 100.0}
723,OBS,2,TASK_ARRIVED,Generic_Service,73.51,73.78,0.28,{'GREEDY': 100.0}
724,OBS,2,TASK_ARRIVED,Generic_Service,73.57,73.99,0.41,{'GREEDY': 100.0}
725,OBS,2,TASK_ARRIVED,CPU_Intensive,73.66,75.01,1.34,{'GREEDY': 100.0}
726,OBS,2,TASK_ARRIVED,CPU_Intensive,73.67,74.09,0.42,{'GREEDY': 100.0}
727,OBS,2,TASK_ARRIVED,CPU_and_Data_Intensive,73.68,74.6,0.92,{'GREEDY': 100.0}
728,OBS,2,TASK_ARRIVED,CPU_Intensive,73.85,74.7,0.85,{'GREEDY': 100.0}
729,OBS,2,TASK_ARRIVED,Generic_Service,73.85,74.49,0.64,{'GREEDY': 100.0}
730,OBS,2,TASK_ARRIVED,CPU_Intensive,74.13,74.39,0.26,{'GREEDY': 100.0}
731,OBS,2,TASK_ARRIVED,Generic_Service,74.13,74.29,0.16,{'GREEDY': 100.0}
732,OBS,2,TASK_ARRIVED,CPU_and_Data_Intensive,74.26,75.42,1.15,{'GREEDY': 100.0}
733,OBS,2,TASK_ARRIVED,CPU_and_Data_Intensive,74.27,74.9,0.63,{'GREEDY': 100.0}
734,OBS,2,TASK_ARRIVED,Generic_Service,74.44,74.8,0.36,{'GREEDY': 100.0}
735,OBS,2,TASK_ARRIVED,CPU_and_Data_Intensive,74.47,75.62,1.15,{'GREEDY': 100.0}
736,OBS,2,TASK_ARRIVED,CPU_and_Data_Intensive,74.47,75.21,0.74,{'GREEDY': 100.0}
737,OBS,2,TASK_ARRIVED,Generic_Service,74.61,75.01,0.39,{'GREEDY': 100.0}
738,OBS,2,TASK_ARRIVED,Generic_Service,74.67,75.11,0.43,{'GREEDY': 100.0}
739,OBS,2,TASK_ARRIVED,CPU_and_Data_Intensive,74.71,75.31,0.6,{'GREEDY': 100.0}
740,OBS,2,TASK_ARRIVED,Generic_Service,75.09,75.52,0.43,{'GREEDY': 100.0}
741,OBS,2,TASK_ARRIVED,Generic_Service,75.19,75.72,0.53,{'GREEDY': 100.0}
742,OBS,2,TASK_ARRIVED,CPU_Intensive,75.2,75.62,0.42,{'GREEDY': 100.0}
743,OBS,2,TASK_ARRIVED,CPU_Intensive,75.27,75.82,0.56,{'GREEDY': 100.0}
744,OBS,2,TASK_ARRIVED,CPU_and_Data_Intensive,75.31,76.43,1.12,{'GREEDY': 100.0}
745,OBS,2,TASK_ARRIVED,Generic_Service,75.36,75.52,0.16,{'GREEDY': 100.0}
746,OBS,2,TASK_ARRIVED,CPU_Intensive,75.53,75.93,0.39,{'GREEDY': 100.0}
747,OBS,2,TASK_ARRIVED,CPU_and_Data_Intensive,75.55,77.35,1.79,{'GREEDY': 100.0}
748,OBS,2,TASK_ARRIVED,Generic_Service,75.6,76.03,0.43,{'GREEDY': 100.0}
749,OBS,2,TASK_ARRIVED,CPU_and_Data_Intensive,75.69,76.33,0.64,{'GREEDY': 100.0}
750,OBS,2,TASK_ARRIVED,CPU_Intensive,75.76,76.23,0.48,{'GREEDY': 100.0}
752,OBS,2,TASK_ARRIVED,Generic_Service,75.76,76.13,0.36,{'GREEDY': 100.0}
753,OBS,2,TASK_ARRIVED,Generic_Service,76.14,76.53,0.39,{'GREEDY': 100.0}
754,OBS,2,TASK_ARRIVED,CPU_Intensive,76.2,76.64,0.43,{'GREEDY': 100.0}
755,OBS,2,TASK_ARRIVED,CPU_Intensive,76.59,76.94,0.34,{'GREEDY': 100.0}
756,OBS,2,TASK_ARRIVED,CPU_Intensive,76.7,77.24,0.54,{'GREEDY': 100.0}
757,OBS,2,TASK_ARRIVED,Generic_Service,76.77,77.04,0.27,{'GREEDY': 100.0}
758,OBS,2,TASK_ARRIVED,CPU_Intensive,77.05,77.45,0.4,{'GREEDY': 100.0}
759,OBS,2,TASK_ARRIVED,CPU_Intensive,77.16,77.55,0.39,{'GREEDY': 100.0}
760,OBS,2,TASK_ARRIVED,CPU_and_Data_Intensive,77.49,78.56,1.07,{'GREEDY': 100.0}
761,OBS,2,TASK_ARRIVED,Generic_Service,77.55,77.75,0.2,{'GREEDY': 100.0}
762,OBS,2,TASK_ARRIVED,CPU_Intensive,77.6,77.85,0.25,{'GREEDY': 100.0}
763,OBS,2,TASK_ARRIVED,Generic_Service,77.68,78.05,0.38,{'GREEDY': 100.0}
764,OBS,2,TASK_ARRIVED,Generic_Service,77.7,77.95,0.25,{'GREEDY': 100.0}
765,OBS,2,TASK_ARRIVED,CPU_Intensive,77.89,78.46,0.57,{'GREEDY': 100.0}
766,OBS,2,TASK_ARRIVED,CPU_Intensive,78.05,79.98,1.92,{'GREEDY': 100.0}
768,OBS,2,TASK_ARRIVED,Generic_Service,78.08,78.26,0.18,{'GREEDY': 100.0}
769,OBS,2,TASK_ARRIVED,Generic_Service,78.22,78.36,0.13,{'GREEDY': 100.0}
770,OBS,2,TASK_ARRIVED,CPU_Intensive,78.24,78.66,0.42,{'GREEDY': 100.0}
771,OBS,2,TASK_ARRIVED,CPU_and_Data_Intensive,78.35,78.76,0.41,{'GREEDY': 100.0}
772,OBS,2,TASK_ARRIVED,CPU_Intensive,78.62,78.87,0.25,{'GREEDY': 100.0}
773,OBS,2,TASK_ARRIVED,CPU_and_Data_Intensive,78.81,80.9,2.09,{'GREEDY': 100.0}
774,OBS,2,TASK_ARRIVED,CPU_Intensive,79.04,80.79,1.75,{'GREEDY': 100.0}
775,OBS,2,TASK_ARRIVED,Generic_Service,79.2,79.37,0.17,{'GREEDY': 100.0}
776,OBS,2,TASK_ARRIVED,CPU_and_Data_Intensive,79.22,80.08,0.86,{'GREEDY': 100.0}
777,OBS,2,TASK_ARRIVED,Generic_Service,79.24,79.47,0.23,{'GREEDY': 100.0}
778,OBS,2,TASK_ARRIVED,CPU_and_Data_Intensive,79.3,79.87,0.57,{'GREEDY': 100.0}
779,OBS,2,TASK_ARRIVED,CPU_and_Data_Intensive,79.37,80.69,1.32,{'GREEDY': 100.0}
780,OBS,2,TASK_ARRIVED,CPU_Intensive,79.39,80.28,0.89,{'GREEDY': 100.0}
781,OBS,2,TASK_ARRIVED,Generic_Service,79.4,80.18,0.78,{'GREEDY': 100.0}
782,OBS,2,TASK_ARRIVED,Generic_Service,79.44,79.57,0.13,{'GREEDY': 100.0}
784,OBS,2,TASK_ARRIVED,CPU_Intensive,79.59,80.58,1.0,{'GREEDY': 100.0}
785,OBS,2,TASK_ARRIVED,CPU_Intensive,79.65,80.48,0.84,{'GREEDY': 100.0}
786,OBS,2,TASK_ARRIVED,Generic_Service,79.65,79.77,0.12,{'GREEDY': 100.0}
787,OBS,2,TASK_ARRIVED,CPU_Intensive,79.81,81.0,1.19,{'GREEDY': 100.0}
788,OBS,2,TASK_ARRIVED,CPU_Intensive,79.96,81.2,1.25,{'GREEDY': 100.0}
789,OBS,2,TASK_ARRIVED,CPU_and_Data_Intensive,80.17,81.0,0.82,{'GREEDY': 100.0}
790,OBS,2,TASK_ARRIVED,CPU_Intensive,80.24,80.9,0.65,{'GREEDY': 100.0}
792,OBS,2,TASK_ARRIVED,Generic_Service,80.27,80.79,0.52,{'GREEDY': 100.0}
793,OBS,2,TASK_ARRIVED,CPU_Intensive,80.27,81.2,0.93,{'GREEDY': 100.0}
794,OBS,2,TASK_ARRIVED,CPU_Intensive,80.36,81.51,1.15,{'GREEDY': 100.0}
795,OBS,2,TASK_ARRIVED,CPU_Intensive,80.48,81.31,0.82,{'GREEDY': 100.0}
796,OBS,2,TASK_ARRIVED,CPU_and_Data_Intensive,80.5,81.41,0.91,{'GREEDY': 100.0}
797,OBS,2,TASK_ARRIVED,Generic_Service,80.66,81.1,0.44,{'GREEDY': 100.0}
798,OBS,2,TASK_ARRIVED,CPU_Intensive,80.68,81.31,0.63,{'GREEDY': 100.0}
799,OBS,2,TASK_ARRIVED,Generic_Service,80.78,81.1,0.32,{'GREEDY': 100.0}
800,OBS,2,TASK_ARRIVED,CPU_Intensive,80.8,81.61,0.81,{'GREEDY': 100.0}
802,OBS,2,TASK_ARRIVED,CPU_Intensive,81.15,81.92,0.77,{'GREEDY': 100.0}
803,OBS,2,TASK_ARRIVED,CPU_Intensive,81.3,82.02,0.72,{'GREEDY': 100.0}
804,OBS,2,TASK_ARRIVED,Generic_Service,81.52,81.82,0.3,{'GREEDY': 100.0}
806,OBS,2,TASK_ARRIVED,CPU_and_Data_Intensive,81.73,82.72,0.99,{'GREEDY': 100.0}
807,OBS,1,TASK_ARRIVED,CPU_and_Data_Intensive,81.94,82.42,0.48,{'GREEDY': 100.0}
808,OBS,2,TASK_ARRIVED,CPU_and_Data_Intensive,82.26,83.33,1.07,{'GREEDY': 100.0}
809,OBS,2,TASK_ARRIVED,Generic_Service,82.69,82.92,0.23,{'GREEDY': 100.0}
810,OBS,2,TASK_ARRIVED,CPU_Intensive,82.84,83.43,0.59,{'GREEDY': 100.0}
811,OBS,2,TASK_ARRIVED,Generic_Service,82.92,83.12,0.2,{'GREEDY': 100.0}
812,OBS,2,TASK_ARRIVED,CPU_and_Data_Intensive,82.98,83.22,0.25,{'GREEDY': 100.0}
813,OBS,2,TASK_ARRIVED,Generic_Service,83.03,83.53,0.5,{'GREEDY': 100.0}
814,OBS,2,TASK_ARRIVED,CPU_Intensive,83.08,83.84,0.76,{'GREEDY': 100.0}
815,OBS,2,TASK_ARRIVED,CPU_Intensive,83.35,83.63,0.28,{'GREEDY': 100.0}
816,OBS,2,TASK_ARRIVED,Generic_Service,83.44,83.73,0.3,{'GREEDY': 100.0}
817,OBS,2,TASK_ARRIVED,CPU_Intensive,83.62,83.94,0.32,{'GREEDY': 100.0}
818,OBS,2,TASK_ARRIVED,CPU_and_Data_Intensive,83.71,84.34,0.63,{'GREEDY': 100.0}
819,OBS,2,TASK_ARRIVED,CPU_Intensive,83.73,84.24,0.51,{'GREEDY': 100.0}
820,OBS,2,TASK_ARRIVED,CPU_Intensive,83.88,84.14,0.26,{'GREEDY': 100.0}
821,OBS,2,TASK_ARRIVED,CPU_Intensive,84.0,85.36,1.36,{'GREEDY': 100.0}
822,OBS,2,TASK_ARRIVED,Generic_Service,84.06,84.44,0.38,{'GREEDY': 100.0}
823,OBS,2,TASK_ARRIVED,CPU_Intensive,84.06,84.55,0.48,{'GREEDY': 100.0}
824,OBS,2,TASK_ARRIVED,CPU_Intensive,84.24,84.75,0.51,{'GREEDY': 100.0}
825,OBS,2,TASK_ARRIVED,CPU_Intensive,84.25,84.65,0.39,{'GREEDY': 100.0}
826,OBS,2,TASK_ARRIVED,Generic_Service,84.44,84.85,0.41,{'GREEDY': 100.0}
827,OBS,2,TASK_ARRIVED,CPU_and_Data_Intensive,84.47,85.87,1.4,{'GREEDY': 100.0}
828,OBS,2,TASK_ARRIVED,Generic_Service,84.51,84.75,0.24,{'GREEDY': 100.0}
829,OBS,2,TASK_ARRIVED,CPU_and_Data_Intensive,84.58,84.96,0.37,{'GREEDY': 100.0}
830,OBS,2,TASK_ARRIVED,CPU_Intensive,84.66,85.66,1.0,{'GREEDY': 100.0}
831,OBS,2,TASK_ARRIVED,CPU_Intensive,84.68,85.06,0.38,{'GREEDY': 100.0}
832,OBS,2,TASK_ARRIVED,CPU_and_Data_Intensive,84.77,86.28,1.51,{'GREEDY': 100.0}
833,OBS,2,TASK_ARRIVED,CPU_Intensive,84.96,86.38,1.42,{'GREEDY': 100.0}
834,OBS,2,TASK_ARRIVED,Generic_Service,84.99,85.46,0.47,{'GREEDY': 100.0}
835,OBS,2,TASK_ARRIVED,Generic_Service,85.06,85.56,0.5,{'GREEDY': 100.0}
836,OBS,2,TASK_ARRIVED,CPU_and_Data_Intensive,85.18,85.77,0.59,{'GREEDY': 100.0}
837,OBS,2,TASK_ARRIVED,CPU_and_Data_Intensive,85.65,87.49,1.85,{'GREEDY': 100.0}
838,OBS,2,TASK_ARRIVED,Generic_Service,85.66,85.97,0.31,{'GREEDY': 100.0}
839,OBS,2,TASK_ARRIVED,CPU_Intensive,85.8,86.07,0.27,{'GREEDY': 100.0}
840,OBS,2,TASK_ARRIVED,Generic_Service,85.84,86.17,0.33,{'GREEDY': 100.0}
841,OBS,2,TASK_ARRIVED,CPU_Intensive,86.02,86.89,0.87,{'GREEDY': 100.0}
842,OBS,2,TASK_ARRIVED,Generic_Service,86.06,86.48,0.41,{'GREEDY': 100.0}
843,OBS,2,TASK_ARRIVED,CPU_Intensive,86.27,86.58,0.31,{'GREEDY': 100.0}
844,OBS,2,TASK_ARRIVED,CPU_Intensive,86.3,86.79,0.49,{'GREEDY': 100.0}
845,OBS,2,TASK_ARRIVED,Generic_Service,86.32,86.68,0.37,{'GREEDY': 100.0}
846,OBS,2,TASK_ARRIVED,CPU_Intensive,86.37,86.79,0.41,{'GREEDY': 100.0}
847,OBS,2,TASK_ARRIVED,CPU_Intensive,86.43,86.68,0.25,{'GREEDY': 100.0}
848,OBS,2,TASK_ARRIVED,CPU_Intensive,86.58,87.09,0.51,{'GREEDY': 100.0}
849,OBS,2,TASK_ARRIVED,Generic_Service,86.64,86.99,0.35,{'GREEDY': 100.0}
850,OBS,2,TASK_ARRIVED,CPU_and_Data_Intensive,86.67,87.09,0.42,{'GREEDY': 100.0}
851,OBS,2,TASK_ARRIVED,Generic_Service,86.86,87.19,0.33,{'GREEDY': 100.0}
852,OBS,2,TASK_ARRIVED,CPU_Intensive,86.9,87.29,0.39,{'GREEDY': 100.0}
853,OBS,2,TASK_ARRIVED,CPU_Intensive,87.38,88.51,1.12,{'GREEDY': 100.0}
854,OBS,2,TASK_ARRIVED,CPU_and_Data_Intensive,87.46,89.42,1.96,{'GREEDY': 100.0}
855,OBS,2,TASK_ARRIVED,Generic_Service,87.68,87.9,0.22,{'GREEDY': 100.0}
856,OBS,2,TASK_ARRIVED,Generic_Service,87.77,88.0,0.23,{'GREEDY': 100.0}
857,OBS,3,TASK_ARRIVED,CPU_Intensive,87.79,88.1,0.31,{'GREEDY': 100.0}
858,OBS,2,TASK_ARRIVED,Generic_Service,87.89,88.1,0.21,{'GREEDY': 100.0}
859,OBS,2,TASK_ARRIVED,CPU_and_Data_Intensive,87.95,88.71,0.76,{'GREEDY': 100.0}
860,OBS,2,TASK_ARRIVED,Generic_Service,88.18,88.3,0.13,{'GREEDY': 100.0}
861,OBS,2,TASK_ARRIVED,CPU_and_Data_Intensive,88.22,88.4,0.18,{'GREEDY': 100.0}
862,OBS,2,TASK_ARRIVED,CPU_and_Data_Intensive,88.28,88.81,0.53,{'GREEDY': 100.0}
863,OBS,2,TASK_ARRIVED,CPU_Intensive,88.63,88.91,0.28,{'GREEDY': 100.0}
864,OBS,2,TASK_ARRIVED,CPU_and_Data_Intensive,88.72,89.01,0.29,{'GREEDY': 100.0}
865,OBS,2,TASK_ARRIVED,CPU_and_Data_Intensive,88.82,90.74,1.91,{'GREEDY': 100.0}
867,OBS,2,TASK_ARRIVED,Generic_Service,88.84,89.11,0.27,{'GREEDY': 100.0}
868,OBS,2,TASK_ARRIVED,CPU_and_Data_Intensive,89.02,90.23,1.2,{'GREEDY': 100.0}
869,OBS,2,TASK_ARRIVED,CPU_and_Data_Intensive,89.08,89.22,0.13,{'GREEDY': 100.0}
870,OBS,2,TASK_ARRIVED,Generic_Service,89.11,89.32,0.21,{'GREEDY': 100.0}
871,OBS,2,TASK_ARRIVED,CPU_and_Data_Intensive,89.21,90.03,0.82,{'GREEDY': 100.0}
872,OBS,2,TASK_ARRIVED,CPU_and_Data_Intensive,89.26,89.52,0.26,{'GREEDY': 100.0}
873,OBS,2,TASK_ARRIVED,Generic_Service,89.46,89.62,0.17,{'GREEDY': 100.0}
874,OBS,2,TASK_ARRIVED,Generic_Service,89.64,89.72,0.08,{'GREEDY': 100.0}
875,OBS,2,TASK_ARRIVED,CPU_and_Data_Intensive,89.93,92.05,2.12,{'GREEDY': 100.0}
876,OBS,2,TASK_ARRIVED,CPU_Intensive,89.95,90.63,0.68,{'GREEDY': 100.0}
877,OBS,2,TASK_ARRIVED,Generic_Service,90.08,90.33,0.25,{'GREEDY': 100.0}
878,OBS,2,TASK_ARRIVED,CPU_and_Data_Intensive,90.21,90.43,0.23,{'GREEDY': 100.0}
880,OBS,2,TASK_ARRIVED,CPU_and_Data_Intensive,90.59,91.14,0.55,{'GREEDY': 100.0}
881,OBS,2,TASK_ARRIVED,CPU_Intensive,90.95,91.24,0.29,{'GREEDY': 100.0}
882,OBS,2,TASK_ARRIVED,CPU_Intensive,91.15,91.54,0.39,{'GREEDY': 100.0}
883,OBS,2,TASK_ARRIVED,Generic_Service,91.27,91.44,0.17,{'GREEDY': 100.0}
884,OBS,2,TASK_ARRIVED,Generic_Service,91.42,91.75,0.33,{'GREEDY': 100.0}
885,OBS,2,TASK_ARRIVED,CPU_Intensive,91.46,91.64,0.19,{'GREEDY': 100.0}
886,OBS,2,TASK_ARRIVED,CPU_Intensive,91.46,93.16,1.7,{'GREEDY': 100.0}
887,OBS,2,TASK_ARRIVED,CPU_Intensive,91.54,91.85,0.31,{'GREEDY': 100.0}
888,OBS,2,TASK_ARRIVED,Generic_Service,91.6,91.95,0.35,{'GREEDY': 100.0}
889,OBS,2,TASK_ARRIVED,Generic_Service,91.87,92.05,0.18,{'GREEDY': 100.0}
890,OBS,2,TASK_ARRIVED,CPU_Intensive,91.88,92.35,0.48,{'GREEDY': 100.0}
891,OBS,2,TASK_ARRIVED,CPU_Intensive,92.06,93.47,1.4,{'GREEDY': 100.0}
892,OBS,2,TASK_ARRIVED,CPU_and_Data_Intensive,92.15,92.56,0.41,{'GREEDY': 100.0}
893,OBS,2,TASK_ARRIVED,Generic_Service,92.2,92.46,0.25,{'GREEDY': 100.0}
894,OBS,2,TASK_ARRIVED,CPU_Intensive,92.28,92.86,0.58,{'GREEDY': 100.0}
895,OBS,2,TASK_ARRIVED,CPU_Intensive,92.33,93.37,1.04,{'GREEDY': 100.0}
896,OBS,2,TASK_ARRIVED,Generic_Service,92.38,92.66,0.27,{'GREEDY': 100.0}
897,OBS,2,TASK_ARRIVED,CPU_and_Data_Intensive,92.43,92.96,0.53,{'GREEDY': 100.0}
898,OBS,2,TASK_ARRIVED,CPU_Intensive,92.62,93.27,0.64,{'GREEDY': 100.0}
899,OBS,2,TASK_ARRIVED,Generic_Service,92.76,93.06,0.3,{'GREEDY': 100.0}
900,OBS,2,TASK_ARRIVED,CPU_and_Data_Intensive,93.39,94.07,0.68,{'GREEDY': 100.0}
901,OBS,2,TASK_ARRIVED,CPU_and_Data_Intensive,93.52,94.88,1.36,{'GREEDY': 100.0}
903,OBS,2,TASK_ARRIVED,CPU_Intensive,93.69,94.38,0.69,{'GREEDY': 100.0}
904,OBS,2,TASK_ARRIVED,Generic_Service,93.69,93.97,0.28,{'GREEDY': 100.0}
905,OBS,2,TASK_ARRIVED,CPU_Intensive,93.73,95.39,1.65,{'GREEDY': 100.0}
906,OBS,2,TASK_ARRIVED,CPU_and_Data_Intensive,93.83,94.17,0.34,{'GREEDY': 100.0}
908,OBS,2,TASK_ARRIVED,CPU_Intensive,93.86,94.48,0.62,{'GREEDY': 100.0}
910,OBS,2,TASK_ARRIVED,CPU_and_Data_Intensive,94.01,94.98,0.97,{'GREEDY': 100.0}
911,OBS,2,TASK_ARRIVED,Generic_Service,94.06,94.27,0.22,{'GREEDY': 100.0}
912,OBS,2,TASK_ARRIVED,CPU_and_Data_Intensive,94.07,94.68,0.61,{'GREEDY': 100.0}
913,OBS,2,TASK_ARRIVED,CPU_and_Data_Intensive,94.14,94.38,0.23,{'GREEDY': 100.0}
914,OBS,2,TASK_ARRIVED,Generic_Service,94.24,94.48,0.24,{'GREEDY': 100.0}
915,OBS,2,TASK_ARRIVED,CPU_Intensive,94.65,95.69,1.04,{'GREEDY': 100.0}
916,OBS,2,TASK_ARRIVED,CPU_Intensive,94.78,95.49,0.71,{'GREEDY': 100.0}
917,OBS,2,TASK_ARRIVED,CPU_and_Data_Intensive,95.02,97.42,2.41,{'GREEDY': 100.0}
918,OBS,2,TASK_ARRIVED,CPU_Intensive,95.02,95.59,0.57,{'GREEDY': 100.0}
919,OBS,2,TASK_ARRIVED,CPU_Intensive,95.07,95.8,0.72,{'GREEDY': 100.0}
920,OBS,2,TASK_ARRIVED,CPU_Intensive,95.1,95.9,0.8,{'GREEDY': 100.0}
921,OBS,2,TASK_ARRIVED,CPU_Intensive,95.17,96.31,1.14,{'GREEDY': 100.0}
922,OBS,2,TASK_ARRIVED,Generic_Service,95.32,95.9,0.59,{'GREEDY': 100.0}
923,OBS,2,TASK_ARRIVED,CPU_and_Data_Intensive,95.34,95.49,0.14,{'GREEDY': 100.0}
924,OBS,2,TASK_ARRIVED,CPU_Intensive,95.38,96.51,1.14,{'GREEDY': 100.0}
925,OBS,2,TASK_ARRIVED,Generic_Service,95.45,95.8,0.35,{'GREEDY': 100.0}
926,OBS,2,TASK_ARRIVED,CPU_Intensive,95.56,96.21,0.65,{'GREEDY': 100.0}
927,OBS,2,TASK_ARRIVED,Generic_Service,95.57,96.0,0.43,{'GREEDY': 100.0}
928,OBS,2,TASK_ARRIVED,Generic_Service,95.67,96.1,0.43,{'GREEDY': 100.0}
929,OBS,2,TASK_ARRIVED,Generic_Service,95.79,96.0,0.22,{'GREEDY': 100.0}
930,OBS,2,TASK_ARRIVED,CPU_Intensive,95.91,96.41,0.51,{'GREEDY': 100.0}
931,OBS,2,TASK_ARRIVED,Generic_Service,96.04,96.31,0.27,{'GREEDY': 100.0}
932,OBS,2,TASK_ARRIVED,CPU_Intensive,96.07,96.92,0.85,{'GREEDY': 100.0}
933,OBS,2,TASK_ARRIVED,CPU_Intensive,96.12,96.71,0.6,{'GREEDY': 100.0}
934,OBS,2,TASK_ARRIVED,CPU_and_Data_Intensive,96.16,96.61,0.45,{'GREEDY': 100.0}
935,OBS,2,TASK_ARRIVED,CPU_Intensive,96.31,96.82,0.5,{'GREEDY': 100.0}
936,OBS,2,TASK_ARRIVED,CPU_and_Data_Intensive,96.81,98.24,1.43,{'GREEDY': 100.0}
937,OBS,2,TASK_ARRIVED,CPU_Intensive,96.82,98.55,1.73,{'GREEDY': 100.0}
938,OBS,2,TASK_ARRIVED,CPU_Intensive,96.84,98.03,1.19,{'GREEDY': 100.0}
939,OBS,2,TASK_ARRIVED,CPU_and_Data_Intensive,96.85,97.83,0.97,{'GREEDY': 100.0}
940,OBS,2,TASK_ARRIVED,Generic_Service,96.9,97.12,0.22,{'GREEDY': 100.0}
941,OBS,2,TASK_ARRIVED,Generic_Service,96.92,97.32,0.4,{'GREEDY': 100.0}
942,OBS,2,TASK_ARRIVED,CPU_and_Data_Intensive,96.93,97.52,0.59,{'GREEDY': 100.0}
943,OBS,2,TASK_ARRIVED,Generic_Service,97.16,97.63,0.47,{'GREEDY': 100.0}
944,OBS,2,TASK_ARRIVED,CPU_Intensive,97.32,97.73,0.4,{'GREEDY': 100.0}
945,OBS,2,TASK_ARRIVED,CPU_and_Data_Intensive,97.47,97.93,0.45,{'GREEDY': 100.0}
946,OBS,2,TASK_ARRIVED,CPU_and_Data_Intensive,97.53,98.34,0.81,{'GREEDY': 100.0}
947,OBS,2,TASK_ARRIVED,CPU_Intensive,97.65,98.34,0.69,{'GREEDY': 100.0}
948,OBS,2,TASK_ARRIVED,Generic_Service,97.68,98.14,0.46,{'GREEDY': 100.0}
949,OBS,2,TASK_ARRIVED,CPU_and_Data_Intensive,97.7,98.24,0.54,{'GREEDY': 100.0}
950,OBS,2,TASK_ARRIVED,Generic_Service,97.8,98.14,0.34,{'GREEDY': 100.0}
951,OBS,2,TASK_ARRIVED,CPU_Intensive,97.87,98.55,0.68,{'GREEDY': 100.0}
952,OBS,2,TASK_ARRIVED,Generic_Service,97.88,98.03,0.16,{'GREEDY': 100.0}
953,OBS,2,TASK_ARRIVED,CPU_Intensive,97.96,98.44,0.48,{'GREEDY': 100.0}
954,OBS,2,TASK_ARRIVED,CPU_and_Data_Intensive,98.18,99.26,1.07,{'GREEDY': 100.0}
955,OBS,2,TASK_ARRIVED,CPU_and_Data_Intensive,98.33,99.15,0.82,{'GREEDY': 100.0}
956,OBS,2,TASK_ARRIVED,Generic_Service,98.36,98.65,0.29,{'GREEDY': 100.0}
957,OBS,2,TASK_ARRIVED,Generic_Service,98.42,98.75,0.33,{'GREEDY': 100.0}
958,OBS,2,TASK_ARRIVED,CPU_and_Data_Intensive,98.44,98.95,0.51,{'GREEDY': 100.0}
959,OBS,2,TASK_ARRIVED,CPU_Intensive,98.62,99.05,0.43,{'GREEDY': 100.0}
960,OBS,2,TASK_ARRIVED,CPU_Intensive,98.7,99.86,1.17,{'GREEDY': 100.0}
961,OBS,2,TASK_ARRIVED,CPU_Intensive,98.77,99.46,0.69,{'GREEDY': 100.0}
962,OBS,2,TASK_ARRIVED,CPU_Intensive,98.97,99.36,0.39,{'GREEDY': 100.0}
963,OBS,2,TASK_ARRIVED,CPU_Intensive,99.06,99.56,0.49,{'GREEDY': 100.0}
964,OBS,2,TASK_ARRIVED,CPU_Intensive,99.35,100.06,0.71,{'GREEDY': 100.0}
965,OBS,2,TASK_ARRIVED,CPU_Intensive,99.42,99.66,0.24,{'GREEDY': 100.0}
966,OBS,2,TASK_ARRIVED,Generic_Service,99.57,99.96,0.4,{'GREEDY': 100.0}
967,OBS,2,TASK_ARRIVED,CPU_Intensive,99.62,99.76,0.14,{'GREEDY': 100.0}
968,OBS,2,TASK_ARRIVED,Generic_Service,99.93,100.37,0.44,{'GREEDY': 100.0}
969,OBS,2,TASK_ARRIVED,Generic_Service,100.09,100.27,0.18,{'GREEDY': 100.0}
970,OBS,2,TASK_ARRIVED,CPU_and_Data_Intensive,100.27,100.67,0.4,{'GREEDY': 100.0}
971,OBS,2,TASK_ARRIVED,CPU_Intensive,100.35,100.97,0.63,{'GREEDY': 100.0}
972,OBS,2,TASK_ARRIVED,Generic_Service,100.55,100.87,0.31,{'GREEDY': 100.0}
973,OBS,2,TASK_ARRIVED,CPU_and_Data_Intensive,100.84,101.57,0.73,{'GREEDY': 100.0}
974,OBS,2,TASK_ARRIVED,CPU_and_Data_Intensive,100.94,101.17,0.23,{'GREEDY': 100.0}
975,OBS,2,TASK_ARRIVED,CPU_Intensive,101.15,101.78,0.63,{'GREEDY': 100.0}
976,OBS,2,TASK_ARRIVED,Generic_Service,101.28,101.47,0.19,{'GREEDY': 100.0}
977,OBS,2,TASK_ARRIVED,Generic_Service,101.67,101.88,0.21,{'GREEDY': 100.0}
978,OBS,2,TASK_ARRIVED,CPU_Intensive,101.75,101.98,0.23,{'GREEDY': 100.0}
979,OBS,2,TASK_ARRIVED,CPU_and_Data_Intensive,101.82,102.79,0.97,{'GREEDY': 100.0}
980,OBS,2,TASK_ARRIVED,CPU_Intensive,101.84,102.49,0.65,{'GREEDY': 100.0}
981,OBS,2,TASK_ARRIVED,CPU_and_Data_Intensive,101.84,102.9,1.06,{'GREEDY': 100.0}
982,OBS,2,TASK_ARRIVED,CPU_and_Data_Intensive,101.85,102.18,0.34,{'GREEDY': 100.0}
983,OBS,2,TASK_ARRIVED,CPU_Intensive,102.01,102.39,0.37,{'GREEDY': 100.0}
984,OBS,2,TASK_ARRIVED,CPU_Intensive,102.02,102.29,0.27,{'GREEDY': 100.0}
985,OBS,2,TASK_ARRIVED,CPU_Intensive,102.04,103.41,1.37,{'GREEDY': 100.0}
986,OBS,2,TASK_ARRIVED,Generic_Service,102.05,102.18,0.13,{'GREEDY': 100.0}
987,OBS,2,TASK_ARRIVED,CPU_Intensive,102.26,103.0,0.74,{'GREEDY': 100.0}
988,OBS,2,TASK_ARRIVED,CPU_Intensive,102.31,102.59,0.28,{'GREEDY': 100.0}
989,OBS,2,TASK_ARRIVED,CPU_Intensive,102.32,103.3,0.99,{'GREEDY': 100.0}
990,OBS,2,TASK_ARRIVED,Generic_Service,102.42,102.69,0.27,{'GREEDY': 100.0}
991,OBS,2,TASK_ARRIVED,CPU_and_Data_Intensive,102.82,104.83,2.0,{'GREEDY': 100.0}
992,OBS,2,TASK_ARRIVED,Generic_Service,102.86,103.1,0.24,{'GREEDY': 100.0}
993,OBS,2,TASK_ARRIVED,CPU_and_Data_Intensive,102.96,103.2,0.24,{'GREEDY': 100.0}
994,OBS,2,TASK_ARRIVED,Generic_Service,103.18,103.51,0.32,{'GREEDY': 100.0}
995,OBS,2,TASK_ARRIVED,CPU_and_Data_Intensive,103.38,104.01,0.63,{'GREEDY': 100.0}
996,OBS,2,TASK_ARRIVED,CPU_Intensive,103.57,104.11,0.54,{'GREEDY': 100.0}
997,OBS,2,TASK_ARRIVED,CPU_and_Data_Intensive,103.8,104.42,0.62,{'GREEDY': 100.0}
998,OBS,2,TASK_ARRIVED,CPU_and_Data_Intensive,103.88,105.03,1.15,{'GREEDY': 100.0}
999,OBS,2,TASK_ARRIVED,Generic_Service,103.94,104.22,0.27,{'GREEDY': 100.0}
1000,OBS,2,TASK_ARRIVED,Generic_Service,104.08,104.32,0.23,{'GREEDY': 100.0}
1002,OBS,2,TASK_ARRIVED,Generic_Service,104.38,104.52,0.14,{'GREEDY': 100.0}
1003,OBS,2,TASK_ARRIVED,CPU_Intensive,104.48,104.72,0.25,{'GREEDY': 100.0}
1004,OBS,2,TASK_ARRIVED,CPU_and_Data_Intensive,104.55,105.75,1.2,{'GREEDY': 100.0}
1005,OBS,2,TASK_ARRIVED,Generic_Service,104.57,105.14,0.56,{'GREEDY': 100.0}
1006,OBS,2,TASK_ARRIVED,Generic_Service,104.58,104.93,0.35,{'GREEDY': 100.0}
1007,OBS,2,TASK_ARRIVED,Generic_Service,104.59,104.83,0.23,{'GREEDY': 100.0}
1008,OBS,2,TASK_ARRIVED,CPU_Intensive,104.77,105.65,0.88,{'GREEDY': 100.0}
1009,OBS,2,TASK_ARRIVED,Generic_Service,104.83,105.24,0.41,{'GREEDY': 100.0}
1010,OBS,2,TASK_ARRIVED,CPU_Intensive,104.83,105.14,0.31,{'GREEDY': 100.0}
1011,OBS,2,TASK_ARRIVED,Generic_Service,104.87,105.03,0.16,{'GREEDY': 100.0}
1012,OBS,2,TASK_ARRIVED,Generic_Service,104.91,105.24,0.33,{'GREEDY': 100.0}
1013,OBS,2,TASK_ARRIVED,CPU_Intensive,104.93,105.44,0.52,{'GREEDY': 100.0}
1014,OBS,2,TASK_ARRIVED,CPU_Intensive,105.03,106.46,1.43,{'GREEDY': 100.0}
1015,OBS,2,TASK_ARRIVED,CPU_and_Data_Intensive,105.07,105.65,0.58,{'GREEDY': 100.0}
1016,OBS,2,TASK_ARRIVED,Generic_Service,105.09,105.34,0.26,{'GREEDY': 100.0}
1017,OBS,2,TASK_ARRIVED,CPU_and_Data_Intensive,105.21,105.55,0.33,{'GREEDY': 100.0}
1018,OBS,2,TASK_ARRIVED,CPU_Intensive,105.36,106.16,0.79,{'GREEDY': 100.0}
1019,OBS,2,TASK_ARRIVED,Generic_Service,105.37,105.75,0.38,{'GREEDY': 100.0}
1020,OBS,2,TASK_ARRIVED,CPU_Intensive,105.45,106.05,0.61,{'GREEDY': 100.0}
1021,OBS,2,TASK_ARRIVED,Generic_Service,105.55,105.85,0.3,{'GREEDY': 100.0}
1022,OBS,2,TASK_ARRIVED,CPU_and_Data_Intensive,106.0,107.06,1.07,{'GREEDY': 100.0}
1023,OBS,2,TASK_ARRIVED,CPU_and_Data_Intensive,106.23,106.86,0.63,{'GREEDY': 100.0}
1024,OBS,2,TASK_ARRIVED,Generic_Service,106.34,106.56,0.22,{'GREEDY': 100.0}
1025,OBS,2,TASK_ARRIVED,Generic_Service,106.43,106.66,0.23,{'GREEDY': 100.0}
1026,OBS,2,TASK_ARRIVED,Generic_Service,106.51,106.76,0.25,{'GREEDY': 100.0}
1027,OBS,2,TASK_ARRIVED,CPU_and_Data_Intensive,106.58,107.26,0.69,{'GREEDY': 100.0}
1028,OBS,2,TASK_ARRIVED,CPU_Intensive,106.67,108.27,1.6,{'GREEDY': 100.0}
1029,OBS,2,TASK_ARRIVED,Generic_Service,107.2,107.37,0.16,{'GREEDY': 100.0}
1030,OBS,2,TASK_ARRIVED,CPU_Intensive,107.26,107.77,0.51,{'GREEDY': 100.0}
1031,OBS,2,TASK_ARRIVED,CPU_Intensive,107.4,107.67,0.27,{'GREEDY': 100.0}
1032,OBS,2,TASK_ARRIVED,Generic_Service,107.73,107.87,0.14,{'GREEDY': 100.0}
1033,OBS,2,TASK_ARRIVED,CPU_Intensive,108.02,109.68,1.67,{'GREEDY': 100.0}
1034,OBS,2,TASK_ARRIVED,Generic_Service,108.03,108.17,0.14,{'GREEDY': 100.0}
1035,OBS,2,TASK_ARRIVED,CPU_Intensive,108.07,108.98,0.91,{'GREEDY': 100.0}
1036,OBS,2,TASK_ARRIVED,CPU_Intensive,108.18,108.67,0.49,{'GREEDY': 100.0}
1037,OBS,2,TASK_ARRIVED,Generic_Service,108.5,108.78,0.28,{'GREEDY': 100.0}
1038,OBS,2,TASK_ARRIVED,CPU_Intensive,108.98,109.28,0.3,{'GREEDY': 100.0}
1039,OBS,2,TASK_ARRIVED,CPU_Intensive,109.01,109.38,0.37,{'GREEDY': 100.0}
1040,OBS,2,TASK_ARRIVED,Generic_Service,109.05,109.08,0.03,{'GREEDY': 100.0}
1041,OBS,2,TASK_ARRIVED,CPU_Intensive,109.25,111.2,1.96,{'GREEDY': 100.0}
1042,OBS,2,TASK_ARRIVED,CPU_Intensive,109.25,109.99,0.74,{'GREEDY': 100.0}
1043,OBS,2,TASK_ARRIVED,CPU_Intensive,109.3,109.89,0.59,{'GREEDY': 100.0}
1044,OBS,2,TASK_ARRIVED,CPU_Intensive,109.37,109.58,0.21,{'GREEDY': 100.0}
1045,OBS,2,TASK_ARRIVED,Generic_Service,109.41,109.48,0.07,{'GREEDY': 100.0}
1046,OBS,2,TASK_ARRIVED,Generic_Service,109.53,109.79,0.25,{'GREEDY': 100.0}
1047,OBS,2,TASK_ARRIVED,CPU_Intensive,109.69,110.29,0.61,{'GREEDY': 100.0}
1048,OBS,2,TASK_ARRIVED,Generic_Service,109.69,110.09,0.4,{'GREEDY': 100.0}
1049,OBS,2,TASK_ARRIVED,Generic_Service,109.8,109.99,0.19,{'GREEDY': 100.0}
1050,OBS,2,TASK_ARRIVED,Generic_Service,109.84,110.19,0.36,{'GREEDY': 100.0}
1051,OBS,2,TASK_ARRIVED,CPU_Intensive,109.91,110.5,0.58,{'GREEDY': 100.0}
1052,OBS,2,TASK_ARRIVED,CPU_Intensive,109.98,113.84,3.86,{'GREEDY': 100.0}
1053,OBS,2,TASK_ARRIVED,Generic_Service,109.99,110.4,0.4,{'GREEDY': 100.0}
1054,OBS,2,TASK_ARRIVED,Generic_Service,110.09,110.29,0.2,{'GREEDY': 100.0}
1055,OBS,2,TASK_ARRIVED,CPU_Intensive,110.49,111.3,0.81,{'GREEDY': 100.0}
1056,OBS,2,TASK_ARRIVED,Generic_Service,110.51,110.8,0.28,{'GREEDY': 100.0}
1057,OBS,2,TASK_ARRIVED,CPU_Intensive,110.53,111.1,0.57,{'GREEDY': 100.0}
1058,OBS,2,TASK_ARRIVED,Generic_Service,110.68,110.9,0.22,{'GREEDY': 100.0}
1059,OBS,2,TASK_ARRIVED,Generic_Service,110.74,111.0,0.26,{'GREEDY': 100.0}
1060,OBS,1,TASK_ARRIVED,Generic_Service,110.88,110.9,0.02,{'GREEDY': 100.0}
1061,OBS,2,TASK_ARRIVED,CPU_and_Data_Intensive,111.08,113.33,2.25,{'GREEDY': 100.0}
1062,OBS,2,TASK_ARRIVED,CPU_Intensive,111.1,111.81,0.71,{'GREEDY': 100.0}
1063,OBS,1,TASK_ARRIVED,Generic_Service,111.1,111.2,0.1,{'GREEDY': 100.0}
1064,OBS,2,TASK_ARRIVED,Generic_Service,111.16,111.41,0.25,{'GREEDY': 100.0}
1065,OBS,2,TASK_ARRIVED,CPU_and_Data_Intensive,111.18,111.91,0.72,{'GREEDY': 100.0}
1066,OBS,2,TASK_ARRIVED,CPU_and_Data_Intensive,111.35,112.21,0.86,{'GREEDY': 100.0}
1067,OBS,2,TASK_ARRIVED,CPU_Intensive,111.56,112.83,1.27,{'GREEDY': 100.0}
1068,OBS,2,TASK_ARRIVED,Generic_Service,111.76,112.01,0.25,{'GREEDY': 100.0}
1069,OBS,2,TASK_ARRIVED,Generic_Service,111.87,112.11,0.24,{'GREEDY': 100.0}
1070,OBS,2,TASK_ARRIVED,CPU_Intensive,111.88,112.52,0.65,{'GREEDY': 100.0}
1071,OBS,2,TASK_ARRIVED,CPU_Intensive,112.04,112.42,0.38,{'GREEDY': 100.0}
1072,OBS,2,TASK_ARRIVED,Generic_Service,112.17,112.42,0.25,{'GREEDY': 100.0}
1073,OBS,2,TASK_ARRIVED,Generic_Service,112.17,112.32,0.14,{'GREEDY': 100.0}
1074,OBS,2,TASK_ARRIVED,CPU_and_Data_Intensive,112.21,112.73,0.52,{'GREEDY': 100.0}
1075,OBS,2,TASK_ARRIVED,Generic_Service,112.23,112.52,0.29,{'GREEDY': 100.0}
1076,OBS,2,TASK_ARRIVED,CPU_and_Data_Intensive,112.26,112.63,0.37,{'GREEDY': 100.0}
1077,OBS,2,TASK_ARRIVED,Generic_Service,112.27,112.63,0.35,{'GREEDY': 100.0}
1078,OBS,2,TASK_ARRIVED,CPU_Intensive,112.34,114.25,1.91,{'GREEDY': 100.0}
1079,OBS,2,TASK_ARRIVED,CPU_and_Data_Intensive,112.56,114.05,1.49,{'GREEDY': 100.0}
1080,OBS,2,TASK_ARRIVED,CPU_and_Data_Intensive,112.57,112.73,0.15,{'GREEDY': 100.0}
1081,OBS,2,TASK_ARRIVED,CPU_and_Data_Intensive,112.65,114.05,1.4,{'GREEDY': 100.0}
1082,OBS,2,TASK_ARRIVED,CPU_and_Data_Intensive,112.94,114.15,1.21,{'GREEDY': 100.0}
1083,OBS,2,TASK_ARRIVED,Generic_Service,113.29,113.43,0.14,{'GREEDY': 100.0}
1084,OBS,2,TASK_ARRIVED,Generic_Service,113.39,113.64,0.25,{'GREEDY': 100.0}
1085,OBS,2,TASK_ARRIVED,Generic_Service,113.4,113.84,0.44,{'GREEDY': 100.0}
1086,OBS,2,TASK_ARRIVED,Generic_Service,113.43,113.74,0.31,{'GREEDY': 100.0}
1087,OBS,2,TASK_ARRIVED,CPU_and_Data_Intensive,113.66,113.95,0.28,{'GREEDY': 100.0}
1088,OBS,2,TASK_ARRIVED,Generic_Service,113.7,113.95,0.24,{'GREEDY': 100.0}
1089,OBS,2,TASK_ARRIVED,CPU_Intensive,113.83,115.16,1.33,{'GREEDY': 100.0}
1090,OBS,2,TASK_ARRIVED,CPU_and_Data_Intensive,113.92,114.96,1.04,{'GREEDY': 100.0}
1091,OBS,2,TASK_ARRIVED,CPU_Intensive,114.04,115.56,1.53,{'GREEDY': 100.0}
1092,OBS,2,TASK_ARRIVED,Generic_Service,114.2,114.35,0.15,{'GREEDY': 100.0}
1093,OBS,1,TASK_ARRIVED,Generic_Service,114.4,114.45,0.05,{'GREEDY': 100.0}
1094,OBS,2,TASK_ARRIVED,Generic_Service,114.45,114.75,0.3,{'GREEDY': 100.0}
1095,OBS,2,TASK_ARRIVED,Generic_Service,114.77,115.06,0.29,{'GREEDY': 100.0}
1096,OBS,2,TASK_ARRIVED,Generic_Service,114.8,115.06,0.26,{'GREEDY': 100.0}
1097,OBS,2,TASK_ARRIVED,CPU_Intensive,114.82,115.26,0.44,{'GREEDY': 100.0}
1099,OBS,2,TASK_ARRIVED,CPU_and_Data_Intensive,114.95,115.66,0.72,{'GREEDY': 100.0}
1100,OBS,2,TASK_ARRIVED,CPU_and_Data_Intensive,115.29,115.97,0.68,{'GREEDY': 100.0}
1101,OBS,2,TASK_ARRIVED,CPU_Intensive,115.44,116.57,1.13,{'GREEDY': 100.0}
1103,OBS,2,TASK_ARRIVED,CPU_Intensive,115.52,116.27,0.75,{'GREEDY': 100.0}
1104,OBS,2,TASK_ARRIVED,CPU_Intensive,115.55,115.76,0.22,{'GREEDY': 100.0}
1105,OBS,2,TASK_ARRIVED,Generic_Service,115.66,115.87,0.21,{'GREEDY': 100.0}
1106,OBS,2,TASK_ARRIVED,Generic_Service,115.68,116.07,0.39,{'GREEDY': 100.0}
1107,OBS,2,TASK_ARRIVED,CPU_Intensive,115.69,116.17,0.48,{'GREEDY': 100.0}
1108,OBS,2,TASK_ARRIVED,CPU_and_Data_Intensive,116.0,116.47,0.48,{'GREEDY': 100.0}
1109,OBS,2,TASK_ARRIVED,CPU_and_Data_Intensive,116.16,116.67,0.51,{'GREEDY': 100.0}
1110,OBS,2,TASK_ARRIVED,CPU_Intensive,116.26,116.98,0.72,{'GREEDY': 100.0}
1111,OBS,2,TASK_ARRIVED,CPU_and_Data_Intensive,116.35,116.78,0.42,{'GREEDY': 100.0}
1112,OBS,2,TASK_ARRIVED,CPU_and_Data_Intensive,116.53,117.18,0.66,{'GREEDY': 100.0}
1113,OBS,2,TASK_ARRIVED,Generic_Service,116.62,116.88,0.26,{'GREEDY': 100.0}
1114,OBS,2,TASK_ARRIVED,CPU_Intensive,116.72,117.08,0.36,{'GREEDY': 100.0}
1115,OBS,2,TASK_ARRIVED,Generic_Service,117.13,117.38,0.26,{'GREEDY': 100.0}
1116,OBS,2,TASK_ARRIVED,Generic_Service,117.14,117.28,0.14,{'GREEDY': 100.0}
1117,OBS,2,TASK_ARRIVED,CPU_and_Data_Intensive,117.15,117.59,0.43,{'GREEDY': 100.0}
1118,OBS,2,TASK_ARRIVED,Generic_Service,117.26,117.49,0.23,{'GREEDY': 100.0}
1119,OBS,2,TASK_ARRIVED,CPU_and_Data_Intensive,117.37,118.7,1.33,{'GREEDY': 100.0}
1120,OBS,2,TASK_ARRIVED,CPU_Intensive,117.48,118.09,0.62,{'GREEDY': 100.0}
1121,OBS,2,TASK_ARRIVED,CPU_Intensive,117.52,117.79,0.27,{'GREEDY': 100.0}
1122,OBS,2,TASK_ARRIVED,Generic_Service,117.76,117.99,0.23,{'GREEDY': 100.0}
1123,OBS,2,TASK_ARRIVED,Generic_Service,117.85,118.19,0.35,{'GREEDY': 100.0}
1124,OBS,2,TASK_ARRIVED,CPU_Intensive,117.99,118.5,0.5,{'GREEDY': 100.0}
1125,OBS,1,TASK_ARRIVED,Generic_Service,118.1,118.19,0.09,{'GREEDY': 100.0}
1126,OBS,2,TASK_ARRIVED,CPU_Intensive,118.16,118.8,0.64,{'GREEDY': 100.0}
1127,OBS,2,TASK_ARRIVED,CPU_and_Data_Intensive,118.22,118.6,0.37,{'GREEDY': 100.0}
1128,OBS,2,TASK_ARRIVED,Generic_Service,118.42,119.01,0.59,{'GREEDY': 100.0}
1129,OBS,2,TASK_ARRIVED,CPU_and_Data_Intensive,118.48,119.42,0.94,{'GREEDY': 100.0}
1130,OBS,2,TASK_ARRIVED,CPU_Intensive,118.49,119.83,1.35,{'GREEDY': 100.0}
1131,OBS,2,TASK_ARRIVED,Generic_Service,118.52,118.91,0.39,{'GREEDY': 100.0}
1132,OBS,2,TASK_ARRIVED,CPU_Intensive,118.55,118.8,0.25,{'GREEDY': 100.0}
1133,OBS,2,TASK_ARRIVED,CPU_Intensive,118.59,119.11,0.52,{'GREEDY': 100.0}
1134,OBS,2,TASK_ARRIVED,CPU_and_Data_Intensive,118.66,119.63,0.97,{'GREEDY': 100.0}
1135,OBS,2,TASK_ARRIVED,Generic_Service,118.78,118.91,0.13,{'GREEDY': 100.0}
1136,OBS,2,TASK_ARRIVED,CPU_Intensive,118.88,119.73,0.85,{'GREEDY': 100.0}
1137,OBS,2,TASK_ARRIVED,CPU_and_Data_Intensive,118.92,119.63,0.71,{'GREEDY': 100.0}
1138,OBS,2,TASK_ARRIVED,CPU_and_Data_Intensive,118.97,119.21,0.24,{'GREEDY': 100.0}
1139,OBS,2,TASK_ARRIVED,Generic_Service,118.99,119.31,0.32,{'GREEDY': 100.0}
1140,OBS,2,TASK_ARRIVED,Generic_Service,119.05,119.52,0.47,{'GREEDY': 100.0}
1141,OBS,2,TASK_ARRIVED,CPU_and_Data_Intensive,119.15,120.54,1.39,{'GREEDY': 100.0}
1142,OBS,2,TASK_ARRIVED,CPU_and_Data_Intensive,119.2,119.52,0.32,{'GREEDY': 100.0}
1143,OBS,2,TASK_ARRIVED,Generic_Service,119.24,119.42,0.17,{'GREEDY': 100.0}
1144,OBS,2,TASK_ARRIVED,Generic_Service,119.29,119.73,0.44,{'GREEDY': 100.0}
1145,OBS,1,TASK_ARRIVED,Generic_Service,119.45,119.52,0.07,{'GREEDY': 100.0}
1146,OBS,2,TASK_ARRIVED,CPU_Intensive,119.49,119.83,0.35,{'GREEDY': 100.0}
1147,OBS,2,TASK_ARRIVED,Generic_Service,119.53,119.93,0.41,{'GREEDY': 100.0}
1148,OBS,2,TASK_ARRIVED,CPU_Intensive,119.66,120.23,0.57,{'GREEDY': 100.0}
1149,OBS,2,TASK_ARRIVED,CPU_Intensive,120.06,120.44,0.38,{'GREEDY': 100.0}
1150,OBS,2,TASK_ARRIVED,CPU_and_Data_Intensive,120.16,121.25,1.09,{'GREEDY': 100.0}
1151,OBS,2,TASK_ARRIVED,Generic_Service,120.24,120.54,0.3,{'GREEDY': 100.0}
1152,OBS,1,TASK_ARRIVED,Generic_Service,120.24,120.33,0.09,{'GREEDY': 100.0}
1153,OBS,2,TASK_ARRIVED,CPU_Intensive,120.28,120.64,0.36,{'GREEDY': 100.0}
1154,OBS,1,TASK_ARRIVED,Generic_Service,120.29,120.44,0.15,{'GREEDY': 100.0}
1155,OBS,2,TASK_ARRIVED,CPU_Intensive,120.3,120.95,0.65,{'GREEDY': 100.0}
1156,OBS,2,TASK_ARRIVED,CPU_and_Data_Intensive,120.33,120.85,0.51,{'GREEDY': 100.0}
1157,OBS,2,TASK_ARRIVED,CPU_Intensive,120.39,121.05,0.66,{'GREEDY': 100.0}
1158,OBS,2,TASK_ARRIVED,Generic_Service,120.43,120.74,0.31,{'GREEDY': 100.0}
1159,OBS,2,TASK_ARRIVED,CPU_and_Data_Intensive,120.48,121.56,1.08,{'GREEDY': 100.0}
1160,OBS,2,TASK_ARRIVED,CPU_and_Data_Intensive,120.49,121.46,0.97,{'GREEDY': 100.0}
1162,OBS,2,TASK_ARRIVED,CPU_and_Data_Intensive,120.55,121.05,0.5,{'GREEDY': 100.0}
1163,OBS,2,TASK_ARRIVED,Generic_Service,120.57,121.15,0.58,{'GREEDY': 100.0}
1164,OBS,2,TASK_ARRIVED,CPU_Intensive,120.66,121.35,0.69,{'GREEDY': 100.0}
1165,OBS,2,TASK_ARRIVED,CPU_Intensive,120.71,121.66,0.95,{'GREEDY': 100.0}
1166,OBS,2,TASK_ARRIVED,CPU_Intensive,120.9,121.15,0.25,{'GREEDY': 100.0}
1167,OBS,2,TASK_ARRIVED,CPU_Intensive,121.0,121.76,0.76,{'GREEDY': 100.0}
1168,OBS,2,TASK_ARRIVED,CPU_and_Data_Intensive,121.02,122.17,1.15,{'GREEDY': 100.0}
1169,OBS,2,TASK_ARRIVED,CPU_Intensive,121.23,121.46,0.23,{'GREEDY': 100.0}
1170,OBS,2,TASK_ARRIVED,CPU_Intensive,121.56,122.77,1.21,{'GREEDY': 100.0}
1171,OBS,2,TASK_ARRIVED,CPU_and_Data_Intensive,121.59,121.96,0.37,{'GREEDY': 100.0}
1172,OBS,2,TASK_ARRIVED,Generic_Service,121.72,121.86,0.14,{'GREEDY': 100.0}
1173,OBS,2,TASK_ARRIVED,CPU_and_Data_Intensive,121.74,122.47,0.73,{'GREEDY': 100.0}
1175,OBS,2,TASK_ARRIVED,CPU_Intensive,121.81,122.37,0.56,{'GREEDY': 100.0}
1176,OBS,2,TASK_ARRIVED,CPU_Intensive,121.82,122.27,0.45,{'GREEDY': 100.0}
1177,OBS,2,TASK_ARRIVED,Generic_Service,122.39,122.67,0.28,{'GREEDY': 100.0}
1178,OBS,2,TASK_ARRIVED,Generic_Service,122.5,123.08,0.58,{'GREEDY': 100.0}
1179,OBS,2,TASK_ARRIVED,CPU_Intensive,122.57,122.98,0.41,{'GREEDY': 100.0}
1180,OBS,2,TASK_ARRIVED,Generic_Service,122.6,122.87,0.27,{'GREEDY': 100.0}
1181,OBS,2,TASK_ARRIVED,CPU_and_Data_Intensive,122.72,123.48,0.76,{'GREEDY': 100.0}
1182,OBS,2,TASK_ARRIVED,CPU_Intensive,122.85,123.18,0.33,{'GREEDY': 100.0}
1183,OBS,2,TASK_ARRIVED,CPU_Intensive,123.03,123.38,0.35,{'GREEDY': 100.0}
1184,OBS,2,TASK_ARRIVED,Generic_Service,123.12,123.28,0.16,{'GREEDY': 100.0}
1185,OBS,2,TASK_ARRIVED,Generic_Service,123.29,123.58,0.3,{'GREEDY': 100.0}
1186,OBS,2,TASK_ARRIVED,CPU_and_Data_Intensive,123.38,123.99,0.61,{'GREEDY': 100.0}
1187,OBS,2,TASK_ARRIVED,CPU_and_Data_Intensive,123.43,124.39,0.96,{'GREEDY': 100.0}
1188,OBS,2,TASK_ARRIVED,Generic_Service,123.47,123.79,0.31,{'GREEDY': 100.0}
1189,OBS,2,TASK_ARRIVED,Generic_Service,123.51,123.69,0.17,{'GREEDY': 100.0}
1190,OBS,2,TASK_ARRIVED,Generic_Service,123.52,123.89,0.37,{'GREEDY': 100.0}
1191,OBS,2,TASK_ARRIVED,CPU_Intensive,123.52,125.42,1.89,{'GREEDY': 100.0}
1192,OBS,2,TASK_ARRIVED,Generic_Service,123.57,123.79,0.22,{'GREEDY': 100.0}
1193,OBS,2,TASK_ARRIVED,CPU_Intensive,123.77,124.19,0.42,{'GREEDY': 100.0}
1194,OBS,2,TASK_ARRIVED,Generic_Service,123.78,124.09,0.31,{'GREEDY': 100.0}
1195,OBS,2,TASK_ARRIVED,CPU_and_Data_Intensive,123.82,124.29,0.47,{'GREEDY': 100.0}
1196,OBS,2,TASK_ARRIVED,CPU_Intensive,123.95,124.9,0.95,{'GREEDY': 100.0}
1197,OBS,2,TASK_ARRIVED,CPU_Intensive,123.99,124.6,0.6,{'GREEDY': 100.0}
1198,OBS,2,TASK_ARRIVED,CPU_Intensive,124.26,125.11,0.85,{'GREEDY': 100.0}
1199,OBS,2,TASK_ARRIVED,CPU_and_Data_Intensive,124.35,124.8,0.45,{'GREEDY': 100.0}
1200,OBS,2,TASK_ARRIVED,Generic_Service,124.4,124.7,0.29,{'GREEDY': 100.0}
1202,OBS,2,TASK_ARRIVED,CPU_Intensive,124.59,125.31,0.73,{'GREEDY': 100.0}
1203,OBS,2,TASK_ARRIVED,Generic_Service,124.6,125.0,0.41,{'GREEDY': 100.0}
1204,OBS,2,TASK_ARRIVED,CPU_Intensive,124.78,125.52,0.74,{'GREEDY': 100.0}
1205,OBS,2,TASK_ARRIVED,CPU_and_Data_Intensive,124.82,125.21,0.39,{'GREEDY': 100.0}
1206,OBS,2,TASK_ARRIVED,CPU_Intensive,124.83,126.54,1.7,{'GREEDY': 100.0}
1207,OBS,2,TASK_ARRIVED,Generic_Service,124.83,125.0,0.17,{'GREEDY': 100.0}
1208,OBS,2,TASK_ARRIVED,Generic_Service,124.86,125.31,0.45,{'GREEDY': 100.0}
1209,OBS,2,TASK_ARRIVED,CPU_and_Data_Intensive,124.88,125.21,0.33,{'GREEDY': 100.0}
1210,OBS,2,TASK_ARRIVED,CPU_and_Data_Intensive,124.9,125.52,0.61,{'GREEDY': 100.0}
1211,OBS,2,TASK_ARRIVED,Generic_Service,124.93,125.42,0.49,{'GREEDY': 100.0}
1212,OBS,2,TASK_ARRIVED,CPU_Intensive,124.97,125.72,0.76,{'GREEDY': 100.0}
1214,OBS,2,TASK_ARRIVED,CPU_Intensive,125.16,125.62,0.46,{'GREEDY': 100.0}
1217,OBS,2,TASK_ARRIVED,Generic_Service,125.59,125.82,0.24,{'GREEDY': 100.0}
1218,OBS,2,TASK_ARRIVED,Generic_Service,125.6,126.13,0.52,{'GREEDY': 100.0}
1219,OBS,2,TASK_ARRIVED,CPU_and_Data_Intensive,125.62,126.94,1.33,{'GREEDY': 100.0}
1220,OBS,2,TASK_ARRIVED,CPU_Intensive,125.66,126.03,0.37,{'GREEDY': 100.0}
1221,OBS,2,TASK_ARRIVED,Generic_Service,125.73,125.93,0.2,{'GREEDY': 100.0}
1222,OBS,2,TASK_ARRIVED,CPU_Intensive,125.85,126.44,0.58,{'GREEDY': 100.0}
1223,OBS,2,TASK_ARRIVED,CPU_and_Data_Intensive,125.9,126.44,0.53,{'GREEDY': 100.0}
1224,OBS,2,TASK_ARRIVED,Generic_Service,126.07,126.23,0.16,{'GREEDY': 100.0}
1226,OBS,2,TASK_ARRIVED,Generic_Service,126.19,126.33,0.14,{'GREEDY': 100.0}
1228,OBS,2,TASK_ARRIVED,Generic_Service,126.4,126.64,0.24,{'GREEDY': 100.0}
1229,OBS,2,TASK_ARRIVED,Generic_Service,126.72,127.15,0.43,{'GREEDY': 100.0}
1230,OBS,2,TASK_ARRIVED,CPU_Intensive,126.72,127.35,0.63,{'GREEDY': 100.0}
1231,OBS,2,TASK_ARRIVED,CPU_and_Data_Intensive,126.79,127.45,0.66,{'GREEDY': 100.0}
1232,OBS,2,TASK_ARRIVED,CPU_and_Data_Intensive,126.8,127.55,0.75,{'GREEDY': 100.0}
1233,OBS,2,TASK_ARRIVED,Generic_Service,126.83,127.04,0.22,{'GREEDY': 100.0}
1234,OBS,2,TASK_ARRIVED,CPU_and_Data_Intensive,126.96,127.25,0.29,{'GREEDY': 100.0}
1235,OBS,2,TASK_ARRIVED,CPU_Intensive,127.12,127.15,0.03,{'GREEDY': 100.0}
1236,OBS,2,TASK_ARRIVED,CPU_Intensive,127.42,127.66,0.23,{'GREEDY': 100.0}
1237,OBS,2,TASK_ARRIVED,CPU_Intensive,127.53,127.76,0.22,{'GREEDY': 100.0}
1238,OBS,2,TASK_ARRIVED,CPU_Intensive,127.74,127.96,0.22,{'GREEDY': 100.0}
1239,OBS,2,TASK_ARRIVED,CPU_Intensive,128.1,129.07,0.96,{'GREEDY': 100.0}
1240,OBS,2,TASK_ARRIVED,CPU_and_Data_Intensive,128.27,129.17,0.9,{'GREEDY': 100.0}
1241,OBS,2,TASK_ARRIVED,CPU_Intensive,128.31,128.46,0.16,{'GREEDY': 100.0}
1242,OBS,2,TASK_ARRIVED,Generic_Service,128.37,128.56,0.19,{'GREEDY': 100.0}
1243,OBS,2,TASK_ARRIVED,Generic_Service,128.64,128.87,0.23,{'GREEDY': 100.0}
1245,OBS,2,TASK_ARRIVED,CPU_and_Data_Intensive,128.92,129.99,1.07,{'GREEDY': 100.0}
1246,OBS,2,TASK_ARRIVED,CPU_Intensive,129.12,129.37,0.25,{'GREEDY': 100.0}
1247,OBS,2,TASK_ARRIVED,CPU_Intensive,129.15,129.58,0.43,{'GREEDY': 100.0}
1248,OBS,2,TASK_ARRIVED,CPU_and_Data_Intensive,129.22,129.78,0.57,{'GREEDY': 100.0}
1249,OBS,2,TASK_ARRIVED,Generic_Service,129.24,129.47,0.23,{'GREEDY': 100.0}
1250,OBS,2,TASK_ARRIVED,CPU_Intensive,129.3,129.68,0.38,{'GREEDY': 100.0}
1251,OBS,2,TASK_ARRIVED,CPU_Intensive,129.34,129.88,0.54,{'GREEDY': 100.0}
1253,OBS,2,TASK_ARRIVED,Generic_Service,129.46,129.68,0.22,{'GREEDY': 100.0}
1254,OBS,2,TASK_ARRIVED,CPU_Intensive,129.59,131.92,2.33,{'GREEDY': 100.0}
1255,OBS,2,TASK_ARRIVED,CPU_and_Data_Intensive,129.6,131.1,1.51,{'GREEDY': 100.0}
1256,OBS,2,TASK_ARRIVED,CPU_Intensive,129.63,129.99,0.36,{'GREEDY': 100.0}
1257,OBS,2,TASK_ARRIVED,Generic_Service,129.78,130.19,0.41,{'GREEDY': 100.0}
1258,OBS,2,TASK_ARRIVED,Generic_Service,129.81,130.09,0.28,{'GREEDY': 100.0}
1259,OBS,2,TASK_ARRIVED,Generic_Service,129.83,130.09,0.26,{'GREEDY': 100.0}
1260,OBS,2,TASK_ARRIVED,Generic_Service,129.95,130.29,0.34,{'GREEDY': 100.0}
1261,OBS,2,TASK_ARRIVED,CPU_Intensive,130.12,130.39,0.27,{'GREEDY': 100.0}
1262,OBS,2,TASK_ARRIVED,CPU_and_Data_Intensive,130.12,130.8,0.67,{'GREEDY': 100.0}
1263,OBS,2,TASK_ARRIVED,Generic_Service,130.32,130.59,0.27,{'GREEDY': 100.0}
1264,OBS,2,TASK_ARRIVED,Generic_Service,130.39,130.7,0.31,{'GREEDY': 100.0}
1265,OBS,2,TASK_ARRIVED,CPU_Intensive,130.58,131.61,1.03,{'GREEDY': 100.0}
1266,OBS,2,TASK_ARRIVED,Generic_Service,130.62,130.9,0.28,{'GREEDY': 100.0}
1267,OBS,2,TASK_ARRIVED,CPU_Intensive,130.63,131.3,0.68,{'GREEDY': 100.0}
1268,OBS,2,TASK_ARRIVED,Generic_Service,130.66,131.0,0.34,{'GREEDY': 100.0}
1269,OBS,2,TASK_ARRIVED,CPU_Intensive,130.85,131.82,0.97,{'GREEDY': 100.0}
1270,OBS,2,TASK_ARRIVED,CPU_Intensive,131.02,132.12,1.11,{'GREEDY': 100.0}
1271,OBS,2,TASK_ARRIVED,CPU_and_Data_Intensive,131.14,131.71,0.57,{'GREEDY': 100.0}
1273,OBS,2,TASK_ARRIVED,Generic_Service,131.26,131.71,0.45,{'GREEDY': 100.0}
1274,OBS,2,TASK_ARRIVED,Generic_Service,131.36,131.92,0.55,{'GREEDY': 100.0}
1275,OBS,2,TASK_ARRIVED,CPU_Intensive,131.37,132.22,0.85,{'GREEDY': 100.0}
1276,OBS,2,TASK_ARRIVED,CPU_Intensive,131.53,132.53,1.0,{'GREEDY': 100.0}
1277,OBS,2,TASK_ARRIVED,Generic_Service,131.57,131.82,0.25,{'GREEDY': 100.0}
1278,OBS,2,TASK_ARRIVED,Generic_Service,131.78,132.22,0.44,{'GREEDY': 100.0}
1279,OBS,2,TASK_ARRIVED,Generic_Service,131.8,132.02,0.22,{'GREEDY': 100.0}
1280,OBS,2,TASK_ARRIVED,Generic_Service,131.9,132.12,0.22,{'GREEDY': 100.0}
1281,OBS,2,TASK_ARRIVED,Generic_Service,132.03,132.33,0.29,{'GREEDY': 100.0}
1282,OBS,2,TASK_ARRIVED,Generic_Service,132.14,132.43,0.29,{'GREEDY': 100.0}
1283,OBS,2,TASK_ARRIVED,CPU_Intensive,132.16,132.63,0.47,{'GREEDY': 100.0}
1284,OBS,2,TASK_ARRIVED,Generic_Service,132.18,132.43,0.25,{'GREEDY': 100.0}
1285,OBS,2,TASK_ARRIVED,CPU_and_Data_Intensive,132.19,133.14,0.95,{'GREEDY': 100.0}
1286,OBS,2,TASK_ARRIVED,CPU_Intensive,132.25,132.84,0.58,{'GREEDY': 100.0}
1287,OBS,2,TASK_ARRIVED,CPU_Intensive,132.3,132.73,0.44,{'GREEDY': 100.0}
1288,OBS,2,TASK_ARRIVED,CPU_Intensive,132.36,132.94,0.58,{'GREEDY': 100.0}
1289,OBS,2,TASK_ARRIVED,CPU_Intensive,132.71,133.04,0.32,{'GREEDY': 100.0}
1290,OBS,2,TASK_ARRIVED,Generic_Service,132.93,133.24,0.31,{'GREEDY': 100.0}
1291,OBS,2,TASK_ARRIVED,CPU_Intensive,133.0,133.75,0.75,{'GREEDY': 100.0}
1292,OBS,2,TASK_ARRIVED,CPU_Intensive,133.14,133.34,0.21,{'GREEDY': 100.0}
1293,OBS,2,TASK_ARRIVED,Generic_Service,133.19,133.44,0.25,{'GREEDY': 100.0}
1294,OBS,2,TASK_ARRIVED,Generic_Service,133.4,133.65,0.24,{'GREEDY': 100.0}
1295,OBS,2,TASK_ARRIVED,CPU_and_Data_Intensive,133.4,133.85,0.45,{'GREEDY': 100.0}
1296,OBS,2,TASK_ARRIVED,CPU_Intensive,133.49,133.95,0.46,{'GREEDY': 100.0}
1297,OBS,2,TASK_ARRIVED,Generic_Service,133.55,133.85,0.31,{'GREEDY': 100.0}
1298,OBS,2,TASK_ARRIVED,Generic_Service,133.58,133.75,0.17,{'GREEDY': 100.0}
1299,OBS,2,TASK_ARRIVED,CPU_and_Data_Intensive,133.69,134.46,0.77,{'GREEDY': 100.0}
1300,OBS,2,TASK_ARRIVED,Generic_Service,133.89,134.06,0.16,{'GREEDY': 100.0}
1301,OBS,2,TASK_ARRIVED,CPU_and_Data_Intensive,133.9,134.87,0.98,{'GREEDY': 100.0}
1302,OBS,2,TASK_ARRIVED,CPU_Intensive,133.9,134.57,0.66,{'GREEDY': 100.0}
1303,OBS,2,TASK_ARRIVED,CPU_Intensive,133.93,135.28,1.34,{'GREEDY': 100.0}
1304,OBS,2,TASK_ARRIVED,Generic_Service,134.13,134.16,0.03,{'GREEDY': 100.0}
1305,OBS,2,TASK_ARRIVED,Generic_Service,134.17,134.26,0.09,{'GREEDY': 100.0}
1306,OBS,2,TASK_ARRIVED,CPU_Intensive,134.45,134.67,0.22,{'GREEDY': 100.0}
1307,OBS,2,TASK_ARRIVED,Generic_Service,134.59,134.77,0.18,{'GREEDY': 100.0}
1308,OBS,2,TASK_ARRIVED,Generic_Service,134.65,134.97,0.33,{'GREEDY': 100.0}
1309,OBS,2,TASK_ARRIVED,Generic_Service,134.78,135.07,0.3,{'GREEDY': 100.0}
1310,OBS,2,TASK_ARRIVED,CPU_and_Data_Intensive,134.83,135.18,0.34,{'GREEDY': 100.0}
1311,OBS,2,TASK_ARRIVED,CPU_Intensive,134.84,135.59,0.75,{'GREEDY': 100.0}
1312,OBS,2,TASK_ARRIVED,CPU_Intensive,134.88,135.79,0.91,{'GREEDY': 100.0}
1313,OBS,2,TASK_ARRIVED,CPU_and_Data_Intensive,134.95,135.38,0.43,{'GREEDY': 100.0}
1314,OBS,2,TASK_ARRIVED,CPU_Intensive,135.08,136.71,1.63,{'GREEDY': 100.0}
1315,OBS,2,TASK_ARRIVED,CPU_Intensive,135.2,135.69,0.49,{'GREEDY': 100.0}
1316,OBS,2,TASK_ARRIVED,CPU_and_Data_Intensive,135.28,136.3,1.02,{'GREEDY': 100.0}
1317,OBS,2,TASK_ARRIVED,Generic_Service,135.31,135.48,0.18,{'GREEDY': 100.0}
1318,OBS,2,TASK_ARRIVED,Generic_Service,135.32,135.59,0.27,{'GREEDY': 100.0}
1319,OBS,2,TASK_ARRIVED,CPU_Intensive,135.34,135.89,0.55,{'GREEDY': 100.0}
1320,OBS,2,TASK_ARRIVED,CPU_Intensive,135.39,136.82,1.42,{'GREEDY': 100.0}
1321,OBS,2,TASK_ARRIVED,Generic_Service,135.48,135.69,0.21,{'GREEDY': 100.0}
1322,OBS,2,TASK_ARRIVED,CPU_and_Data_Intensive,135.5,135.99,0.5,{'GREEDY': 100.0}
1324,OBS,2,TASK_ARRIVED,CPU_and_Data_Intensive,135.82,136.4,0.58,{'GREEDY': 100.0}
1325,OBS,2,TASK_ARRIVED,CPU_Intensive,135.89,136.71,0.82,{'GREEDY': 100.0}
1326,OBS,2,TASK_ARRIVED,CPU_and_Data_Intensive,135.93,136.5,0.58,{'GREEDY': 100.0}
1327,OBS,2,TASK_ARRIVED,CPU_Intensive,135.95,136.5,0.55,{'GREEDY': 100.0}
1328,OBS,2,TASK_ARRIVED,CPU_Intensive,135.98,136.61,0.63,{'GREEDY': 100.0}
1329,OBS,2,TASK_ARRIVED,CPU_Intensive,136.28,137.02,0.74,{'GREEDY': 100.0}
1330,OBS,2,TASK_ARRIVED,CPU_and_Data_Intensive,136.53,137.63,1.1,{'GREEDY': 100.0}
1331,OBS,2,TASK_ARRIVED,CPU_and_Data_Intensive,136.54,137.33,0.78,{'GREEDY': 100.0}
1332,OBS,2,TASK_ARRIVED,CPU_Intensive,136.55,136.61,0.06,{'GREEDY': 100.0}
1333,OBS,2,TASK_ARRIVED,Generic_Service,136.6,136.92,0.32,{'GREEDY': 100.0}
1334,OBS,2,TASK_ARRIVED,CPU_Intensive,136.6,137.84,1.24,{'GREEDY': 100.0}
1335,OBS,2,TASK_ARRIVED,CPU_Intensive,136.71,136.82,0.11,{'GREEDY': 100.0}
1336,OBS,2,TASK_ARRIVED,Generic_Service,136.79,137.12,0.33,{'GREEDY': 100.0}
1337,OBS,2,TASK_ARRIVED,Generic_Service,136.8,136.92,0.12,{'GREEDY': 100.0}
1338,OBS,2,TASK_ARRIVED,Generic_Service,136.86,137.23,0.37,{'GREEDY': 100.0}
1339,OBS,2,TASK_ARRIVED,CPU_Intensive,136.97,137.43,0.46,{'GREEDY': 100.0}
1340,OBS,2,TASK_ARRIVED,CPU_and_Data_Intensive,137.07,138.15,1.08,{'GREEDY': 100.0}
1341,OBS,2,TASK_ARRIVED,CPU_Intensive,137.28,139.27,1.98,{'GREEDY': 100.0}
1342,OBS,2,TASK_ARRIVED,CPU_and_Data_Intensive,137.38,138.35,0.97,{'GREEDY': 100.0}
1343,OBS,2,TASK_ARRIVED,CPU_and_Data_Intensive,137.46,137.84,0.38,{'GREEDY': 100.0}
1344,OBS,2,TASK_ARRIVED,Generic_Service,137.5,137.94,0.44,{'GREEDY': 100.0}
1345,OBS,2,TASK_ARRIVED,Generic_Service,137.53,138.05,0.52,{'GREEDY': 100.0}
1346,OBS,2,TASK_ARRIVED,Generic_Service,137.53,138.15,0.61,{'GREEDY': 100.0}
1347,OBS,2,TASK_ARRIVED,Generic_Service,137.67,137.73,0.06,{'GREEDY': 100.0}
1348,OBS,2,TASK_ARRIVED,Generic_Service,137.69,137.94,0.25,{'GREEDY': 100.0}
1349,OBS,2,TASK_ARRIVED,CPU_Intensive,138.03,139.06,1.03,{'GREEDY': 100.0}
1350,OBS,2,TASK_ARRIVED,Generic_Service,138.03,138.25,0.22,{'GREEDY': 100.0}
1351,OBS,2,TASK_ARRIVED,Generic_Service,138.19,138.56,0.37,{'GREEDY': 100.0}
1352,OBS,2,TASK_ARRIVED,Generic_Service,138.34,138.46,0.12,{'GREEDY': 100.0}
1353,OBS,2,TASK_ARRIVED,CPU_Intensive,138.36,138.66,0.3,{'GREEDY': 100.0}
1354,OBS,2,TASK_ARRIVED,CPU_and_Data_Intensive,138.64,138.86,0.22,{'GREEDY': 100.0}
1355,OBS,2,TASK_ARRIVED,CPU_Intensive,138.78,139.16,0.38,{'GREEDY': 100.0}
1356,OBS,2,TASK_ARRIVED,Generic_Service,138.9,138.96,0.06,{'GREEDY': 100.0}
1357,OBS,2,TASK_ARRIVED,CPU_and_Data_Intensive,138.97,140.28,1.31,{'GREEDY': 100.0}
1358,OBS,2,TASK_ARRIVED,CPU_and_Data_Intensive,139.32,139.47,0.15,{'GREEDY': 100.0}
1359,OBS,2,TASK_ARRIVED,Generic_Service,139.4,139.57,0.17,{'GREEDY': 100.0}
1360,OBS,2,TASK_ARRIVED,CPU_Intensive,139.87,140.38,0.51,{'GREEDY': 100.0}
1361,OBS,2,TASK_ARRIVED,CPU_Intensive,139.87,140.07,0.2,{'GREEDY': 100.0}
1362,OBS,2,TASK_ARRIVED,CPU_and_Data_Intensive,139.92,141.59,1.67,{'GREEDY': 100.0}
1363,OBS,2,TASK_ARRIVED,CPU_Intensive,139.94,140.58,0.64,{'GREEDY': 100.0}
1364,OBS,2,TASK_ARRIVED,Generic_Service,139.98,140.18,0.2,{'GREEDY': 100.0}
1365,OBS,2,TASK_ARRIVED,Generic_Service,140.18,140.48,0.3,{'GREEDY': 100.0}
1366,OBS,2,TASK_ARRIVED,CPU_and_Data_Intensive,140.37,142.51,2.13,{'GREEDY': 100.0}
1367,OBS,2,TASK_ARRIVED,CPU_and_Data_Intensive,140.39,141.09,0.69,{'GREEDY': 100.0}
1368,OBS,2,TASK_ARRIVED,Generic_Service,140.46,140.68,0.22,{'GREEDY': 100.0}
1369,OBS,2,TASK_ARRIVED,CPU_Intensive,140.54,140.99,0.45,{'GREEDY': 100.0}
1370,OBS,2,TASK_ARRIVED,Generic_Service,140.55,140.78,0.24,{'GREEDY': 100.0}
1371,OBS,2,TASK_ARRIVED,CPU_Intensive,140.95,141.69,0.74,{'GREEDY': 100.0}
1372,OBS,2,TASK_ARRIVED,CPU_and_Data_Intensive,141.26,142.2,0.94,{'GREEDY': 100.0}
1373,OBS,2,TASK_ARRIVED,CPU_and_Data_Intensive,141.28,142.4,1.13,{'GREEDY': 100.0}
1374,OBS,2,TASK_ARRIVED,CPU_Intensive,141.37,141.9,0.52,{'GREEDY': 100.0}
1375,OBS,2,TASK_ARRIVED,CPU_Intensive,141.47,141.79,0.33,{'GREEDY': 100.0}
1376,OBS,2,TASK_ARRIVED,CPU_Intensive,141.54,142.1,0.56,{'GREEDY': 100.0}
1377,OBS,2,TASK_ARRIVED,Generic_Service,141.75,142.0,0.24,{'GREEDY': 100.0}
1378,OBS,2,TASK_ARRIVED,Generic_Service,142.07,142.3,0.23,{'GREEDY': 100.0}
1379,OBS,2,TASK_ARRIVED,CPU_Intensive,142.38,142.81,0.43,{'GREEDY': 100.0}
1380,OBS,2,TASK_ARRIVED,Generic_Service,142.81,143.11,0.3,{'GREEDY': 100.0}
1381,OBS,2,TASK_ARRIVED,CPU_and_Data_Intensive,142.85,143.51,0.66,{'GREEDY': 100.0}
1382,OBS,2,TASK_ARRIVED,Generic_Service,142.86,143.01,0.15,{'GREEDY': 100.0}
1383,OBS,2,TASK_ARRIVED,CPU_Intensive,142.91,143.41,0.5,{'GREEDY': 100.0}
1384,OBS,2,TASK_ARRIVED,CPU_Intensive,142.97,143.72,0.75,{'GREEDY': 100.0}
1385,OBS,2,TASK_ARRIVED,CPU_Intensive,143.13,143.92,0.79,{'GREEDY': 100.0}
1386,OBS,2,TASK_ARRIVED,CPU_and_Data_Intensive,143.18,144.13,0.95,{'GREEDY': 100.0}
1387,OBS,2,TASK_ARRIVED,CPU_Intensive,143.3,145.34,2.04,{'GREEDY': 100.0}
1388,OBS,3,TASK_ARRIVED,CPU_Intensive,143.34,144.02,0.69,{'GREEDY': 100.0}
1389,OBS,2,TASK_ARRIVED,Generic_Service,143.65,143.82,0.17,{'GREEDY': 100.0}
1390,OBS,3,TASK_ARRIVED,Generic_Service,143.67,144.23,0.56,{'GREEDY': 100.0}
1391,OBS,2,TASK_ARRIVED,CPU_and_Data_Intensive,143.84,144.33,0.49,{'GREEDY': 100.0}
1392,OBS,2,TASK_ARRIVED,CPU_and_Data_Intensive,144.11,144.63,0.52,{'GREEDY': 100.0}
1393,OBS,2,TASK_ARRIVED,Generic_Service,144.23,144.43,0.2,{'GREEDY': 100.0}
1394,OBS,2,TASK_ARRIVED,CPU_and_Data_Intensive,144.39,145.24,0.85,{'GREEDY': 100.0}
1395,OBS,2,TASK_ARRIVED,Generic_Service,144.39,144.83,0.44,{'GREEDY': 100.0}
1396,OBS,2,TASK_ARRIVED,CPU_Intensive,144.43,144.73,0.3,{'GREEDY': 100.0}
1397,OBS,2,TASK_ARRIVED,CPU_and_Data_Intensive,144.77,145.04,0.26,{'GREEDY': 100.0}
1398,OBS,2,TASK_ARRIVED,Generic_Service,144.78,144.93,0.16,{'GREEDY': 100.0}
1399,OBS,2,TASK_ARRIVED,Generic_Service,145.29,145.44,0.15,{'GREEDY': 100.0}
1400,OBS,2,TASK_ARRIVED,CPU_and_Data_Intensive,145.36,146.55,1.19,{'GREEDY': 100.0}
1401,OBS,2,TASK_ARRIVED,CPU_and_Data_Intensive,145.39,146.24,0.85,{'GREEDY': 100.0}
1402,OBS,2,TASK_ARRIVED,Generic_Service,145.7,145.84,0.14,{'GREEDY': 100.0}
1403,OBS,2,TASK_ARRIVED,CPU_Intensive,146.01,146.35,0.34,{'GREEDY': 100.0}
1404,OBS,2,TASK_ARRIVED,CPU_and_Data_Intensive,146.13,147.47,1.34,{'GREEDY': 100.0}
1405,OBS,2,TASK_ARRIVED,Generic_Service,146.18,146.45,0.27,{'GREEDY': 100.0}
1406,OBS,2,TASK_ARRIVED,CPU_Intensive,146.26,147.37,1.1,{'GREEDY': 100.0}
1407,OBS,2,TASK_ARRIVED,CPU_and_Data_Intensive,146.46,147.47,1.01,{'GREEDY': 100.0}
1408,OBS,2,TASK_ARRIVED,CPU_and_Data_Intensive,146.5,146.65,0.15,{'GREEDY': 100.0}
1409,OBS,2,TASK_ARRIVED,Generic_Service,146.68,146.95,0.27,{'GREEDY': 100.0}
1410,OBS,2,TASK_ARRIVED,CPU_and_Data_Intensive,146.86,147.57,0.71,{'GREEDY': 100.0}
1411,OBS,2,TASK_ARRIVED,CPU_and_Data_Intensive,146.86,147.47,0.61,{'GREEDY': 100.0}
1412,OBS,2,TASK_ARRIVED,Generic_Service,146.88,147.15,0.27,{'GREEDY': 100.0}
1413,OBS,2,TASK_ARRIVED,CPU_and_Data_Intensive,146.97,147.57,0.61,{'GREEDY': 100.0}
1414,OBS,2,TASK_ARRIVED,Generic_Service,147.0,147.26,0.26,{'GREEDY': 100.0}
1415,OBS,2,TASK_ARRIVED,CPU_Intensive,147.01,147.88,0.87,{'GREEDY': 100.0}
1416,OBS,2,TASK_ARRIVED,Generic_Service,147.03,147.26,0.23,{'GREEDY': 100.0}
1417,OBS,2,TASK_ARRIVED,CPU_Intensive,147.07,147.37,0.3,{'GREEDY': 100.0}
1418,OBS,2,TASK_ARRIVED,Generic_Service,147.07,147.57,0.51,{'GREEDY': 100.0}
1419,OBS,2,TASK_ARRIVED,Generic_Service,147.13,147.37,0.23,{'GREEDY': 100.0}
1420,OBS,2,TASK_ARRIVED,CPU_and_Data_Intensive,147.13,147.68,0.54,{'GREEDY': 100.0}
1421,OBS,2,TASK_ARRIVED,CPU_Intensive,147.15,148.08,0.93,{'GREEDY': 100.0}
1422,OBS,2,TASK_ARRIVED,CPU_Intensive,147.24,147.78,0.54,{'GREEDY': 100.0}
1423,OBS,2,TASK_ARRIVED,CPU_and_Data_Intensive,147.37,147.98,0.62,{'GREEDY': 100.0}
1424,OBS,2,TASK_ARRIVED,CPU_Intensive,147.38,149.72,2.34,{'GREEDY': 100.0}
1425,OBS,2,TASK_ARRIVED,Generic_Service,147.41,147.68,0.27,{'GREEDY': 100.0}
1426,OBS,2,TASK_ARRIVED,CPU_and_Data_Intensive,147.52,149.11,1.59,{'GREEDY': 100.0}
1427,OBS,2,TASK_ARRIVED,CPU_and_Data_Intensive,147.64,148.19,0.55,{'GREEDY': 100.0}
1428,OBS,2,TASK_ARRIVED,CPU_Intensive,147.74,148.49,0.75,{'GREEDY': 100.0}
1429,OBS,2,TASK_ARRIVED,Generic_Service,147.76,147.98,0.23,{'GREEDY': 100.0}
1430,OBS,2,TASK_ARRIVED,CPU_Intensive,147.85,148.39,0.53,{'GREEDY': 100.0}
1431,OBS,2,TASK_ARRIVED,CPU_and_Data_Intensive,147.88,148.29,0.4,{'GREEDY': 100.0}
1432,OBS,2,TASK_ARRIVED,CPU_Intensive,147.96,149.01,1.04,{'GREEDY': 100.0}
1433,OBS,2,TASK_ARRIVED,Generic_Service,148.0,148.7,0.7,{'GREEDY': 100.0}
1434,OBS,2,TASK_ARRIVED,CPU_and_Data_Intensive,148.13,148.59,0.46,{'GREEDY': 100.0}
1435,OBS,2,TASK_ARRIVED,Generic_Service,148.15,148.59,0.44,{'GREEDY': 100.0}
1436,OBS,2,TASK_ARRIVED,Generic_Service,148.24,148.8,0.56,{'GREEDY': 100.0}
1437,OBS,2,TASK_ARRIVED,CPU_and_Data_Intensive,148.46,148.9,0.44,{'GREEDY': 100.0}
1438,OBS,2,TASK_ARRIVED,Generic_Service,148.48,148.7,0.21,{'GREEDY': 100.0}
1439,OBS,2,TASK_ARRIVED,Generic_Service,148.61,148.8,0.19,{'GREEDY': 100.0}
1440,OBS,2,TASK_ARRIVED,CPU_Intensive,148.64,149.42,0.77,{'GREEDY': 100.0}
1441,OBS,2,TASK_ARRIVED,Generic_Service,148.78,148.9,0.12,{'GREEDY': 100.0}
1442,OBS,2,TASK_ARRIVED,Generic_Service,148.86,149.21,0.35,{'GREEDY': 100.0}
1443,OBS,2,TASK_ARRIVED,Generic_Service,149.01,149.31,0.3,{'GREEDY': 100.0}
1444,OBS,2,TASK_ARRIVED,Generic_Service,149.03,149.52,0.48,{'GREEDY': 100.0}
1445,OBS,2,TASK_ARRIVED,Generic_Service,149.06,149.21,0.15,{'GREEDY': 100.0}
1446,OBS,2,TASK_ARRIVED,Generic_Service,149.33,149.62,0.29,{'GREEDY': 100.0}
1447,OBS,2,TASK_ARRIVED,CPU_Intensive,149.41,150.02,0.61,{'GREEDY': 100.0}
1448,OBS,2,TASK_ARRIVED,Generic_Service,149.8,149.92,0.12,{'GREEDY': 100.0}
1449,OBS,2,TASK_ARRIVED,CPU_and_Data_Intensive,149.88,150.12,0.24,{'GREEDY': 100.0}
1450,OBS,2,TASK_ARRIVED,Generic_Service,149.91,150.23,0.32,{'GREEDY': 100.0}
1451,OBS,2,TASK_ARRIVED,CPU_Intensive,149.94,150.33,0.39,{'GREEDY': 100.0}
1452,OBS,2,TASK_ARRIVED,CPU_Intensive,150.24,150.73,0.5,{'GREEDY': 100.0}
1454,OBS,2,TASK_ARRIVED,CPU_Intensive,150.31,150.53,0.22,{'GREEDY': 100.0}
1455,OBS,2,TASK_ARRIVED,Generic_Service,150.46,150.63,0.17,{'GREEDY': 100.0}
1456,OBS,2,TASK_ARRIVED,Generic_Service,150.47,150.84,0.36,{'GREEDY': 100.0}
1457,OBS,2,TASK_ARRIVED,CPU_Intensive,150.53,151.24,0.71,{'GREEDY': 100.0}
1458,OBS,2,TASK_ARRIVED,Generic_Service,150.55,150.94,0.39,{'GREEDY': 100.0}
1459,OBS,2,TASK_ARRIVED,Generic_Service,150.7,151.04,0.34,{'GREEDY': 100.0}
1460,OBS,2,TASK_ARRIVED,CPU_Intensive,150.84,151.14,0.3,{'GREEDY': 100.0}
1461,OBS,2,TASK_ARRIVED,Generic_Service,150.97,151.34,0.37,{'GREEDY': 100.0}
1462,OBS,2,TASK_ARRIVED,CPU_and_Data_Intensive,150.99,152.26,1.28,{'GREEDY': 100.0}
1463,OBS,2,TASK_ARRIVED,CPU_Intensive,151.05,151.45,0.4,{'GREEDY': 100.0}
1464,OBS,2,TASK_ARRIVED,CPU_and_Data_Intensive,151.05,151.55,0.5,{'GREEDY': 100.0}
1466,OBS,2,TASK_ARRIVED,CPU_and_Data_Intensive,151.16,151.95,0.79,{'GREEDY': 100.0}
1467,OBS,2,TASK_ARRIVED,CPU_Intensive,151.35,152.47,1.12,{'GREEDY': 100.0}
1468,OBS,2,TASK_ARRIVED,CPU_and_Data_Intensive,151.38,152.98,1.6,{'GREEDY': 100.0}
1469,OBS,2,TASK_ARRIVED,Generic_Service,151.41,151.65,0.24,{'GREEDY': 100.0}
1470,OBS,2,TASK_ARRIVED,Generic_Service,151.41,151.75,0.34,{'GREEDY': 100.0}
1471,OBS,2,TASK_ARRIVED,Generic_Service,151.45,151.85,0.41,{'GREEDY': 100.0}
1472,OBS,2,TASK_ARRIVED,Generic_Service,151.61,152.06,0.45,{'GREEDY': 100.0}
1473,OBS,2,TASK_ARRIVED,CPU_and_Data_Intensive,151.64,152.36,0.73,{'GREEDY': 100.0}
1474,OBS,2,TASK_ARRIVED,Generic_Service,151.74,152.16,0.42,{'GREEDY': 100.0}
1475,OBS,2,TASK_ARRIVED,CPU_and_Data_Intensive,151.8,152.77,0.98,{'GREEDY': 100.0}
1476,OBS,2,TASK_ARRIVED,CPU_and_Data_Intensive,151.81,153.39,1.58,{'GREEDY': 100.0}
1477,OBS,2,TASK_ARRIVED,Generic_Service,151.82,152.67,0.85,{'GREEDY': 100.0}
1478,OBS,2,TASK_ARRIVED,Generic_Service,151.94,152.57,0.63,{'GREEDY': 100.0}
1479,OBS,2,TASK_ARRIVED,Generic_Service,152.13,152.26,0.13,{'GREEDY': 100.0}
1480,OBS,2,TASK_ARRIVED,Generic_Service,152.18,152.47,0.29,{'GREEDY': 100.0}
1481,OBS,2,TASK_ARRIVED,CPU_and_Data_Intensive,152.43,154.4,1.97,{'GREEDY': 100.0}
1482,OBS,2,TASK_ARRIVED,Generic_Service,152.45,152.57,0.12,{'GREEDY': 100.0}
1483,OBS,1,TASK_ARRIVED,CPU_Intensive,152.5,152.57,0.07,{'GREEDY': 100.0}
1484,OBS,2,TASK_ARRIVED,Generic_Service,152.51,152.88,0.37,{'GREEDY': 100.0}
1485,OBS,2,TASK_ARRIVED,Generic_Service,152.61,152.88,0.27,{'GREEDY': 100.0}
1486,OBS,2,TASK_ARRIVED,CPU_and_Data_Intensive,152.78,153.18,0.4,{'GREEDY': 100.0}
1487,OBS,2,TASK_ARRIVED,Generic_Service,152.82,153.08,0.26,{'GREEDY': 100.0}
1488,OBS,2,TASK_ARRIVED,CPU_and_Data_Intensive,152.85,153.49,0.64,{'GREEDY': 100.0}
1489,OBS,2,TASK_ARRIVED,CPU_and_Data_Intensive,152.86,153.99,1.13,{'GREEDY': 100.0}
1491,OBS,2,TASK_ARRIVED,Generic_Service,153.04,153.28,0.25,{'GREEDY': 100.0}
1492,OBS,2,TASK_ARRIVED,CPU_Intensive,153.05,154.1,1.04,{'GREEDY': 100.0}
1493,OBS,2,TASK_ARRIVED,Generic_Service,153.11,153.59,0.48,{'GREEDY': 100.0}
1494,OBS,2,TASK_ARRIVED,Generic_Service,153.2,153.69,0.49,{'GREEDY': 100.0}
1495,OBS,2,TASK_ARRIVED,CPU_and_Data_Intensive,153.27,153.39,0.12,{'GREEDY': 100.0}
1496,OBS,2,TASK_ARRIVED,CPU_Intensive,153.76,155.33,1.57,{'GREEDY': 100.0}
1497,OBS,2,TASK_ARRIVED,CPU_and_Data_Intensive,154.15,155.22,1.07,{'GREEDY': 100.0}
1498,OBS,2,TASK_ARRIVED,CPU_Intensive,154.16,155.12,0.96,{'GREEDY': 100.0}
1499,OBS,2,TASK_ARRIVED,CPU_and_Data_Intensive,154.3,154.7,0.41,{'GREEDY': 100.0}
1500,OBS,2,TASK_ARRIVED,CPU_and_Data_Intensive,154.31,154.5,0.19,{'GREEDY': 100.0}
1501,OBS,2,TASK_ARRIVED,CPU_Intensive,154.4,154.8,0.4,{'GREEDY': 100.0}
1502,OBS,2,TASK_ARRIVED,Generic_Service,154.43,154.91,0.48,{'GREEDY': 100.0}
1503,OBS,2,TASK_ARRIVED,CPU_Intensive,154.48,155.94,1.47,{'GREEDY': 100.0}
1504,OBS,2,TASK_ARRIVED,Generic_Service,154.5,155.02,0.51,{'GREEDY': 100.0}
1505,OBS,2,TASK_ARRIVED,Generic_Service,154.69,155.12,0.43,{'GREEDY': 100.0}
1506,OBS,2,TASK_ARRIVED,Generic_Service,154.73,155.02,0.29,{'GREEDY': 100.0}
1507,OBS,2,TASK_ARRIVED,Generic_Service,154.75,154.91,0.16,{'GREEDY': 100.0}
1508,OBS,2,TASK_ARRIVED,CPU_Intensive,154.83,155.53,0.71,{'GREEDY': 100.0}
1509,OBS,2,TASK_ARRIVED,CPU_Intensive,154.96,155.43,0.47,{'GREEDY': 100.0}
1510,OBS,2,TASK_ARRIVED,CPU_Intensive,154.99,155.22,0.23,{'GREEDY': 100.0}
1511,OBS,2,TASK_ARRIVED,CPU_and_Data_Intensive,155.0,155.33,0.32,{'GREEDY': 100.0}
1512,OBS,2,TASK_ARRIVED,CPU_and_Data_Intensive,155.02,155.84,0.82,{'GREEDY': 100.0}
1513,OBS,2,TASK_ARRIVED,CPU_Intensive,155.08,155.74,0.65,{'GREEDY': 100.0}
1514,OBS,2,TASK_ARRIVED,CPU_and_Data_Intensive,155.12,155.63,0.52,{'GREEDY': 100.0}
1515,OBS,2,TASK_ARRIVED,Generic_Service,155.18,155.43,0.25,{'GREEDY': 100.0}
1516,OBS,2,TASK_ARRIVED,Generic_Service,155.2,155.53,0.34,{'GREEDY': 100.0}
1517,OBS,2,TASK_ARRIVED,CPU_Intensive,155.36,156.15,0.78,{'GREEDY': 100.0}
1518,OBS,2,TASK_ARRIVED,Generic_Service,155.44,155.74,0.3,{'GREEDY': 100.0}
1519,OBS,2,TASK_ARRIVED,CPU_and_Data_Intensive,155.52,156.05,0.53,{'GREEDY': 100.0}
1520,OBS,2,TASK_ARRIVED,CPU_Intensive,155.58,156.05,0.47,{'GREEDY': 100.0}
1521,OBS,2,TASK_ARRIVED,Generic_Service,155.71,156.25,0.54,{'GREEDY': 100.0}
1522,OBS,2,TASK_ARRIVED,CPU_Intensive,155.83,156.35,0.52,{'GREEDY': 100.0}
1523,OBS,2,TASK_ARRIVED,Generic_Service,156.15,156.45,0.31,{'GREEDY': 100.0}
1524,OBS,2,TASK_ARRIVED,CPU_Intensive,156.17,157.27,1.1,{'GREEDY': 100.0}
1525,OBS,2,TASK_ARRIVED,Generic_Service,156.21,156.56,0.34,{'GREEDY': 100.0}
1526,OBS,2,TASK_ARRIVED,Generic_Service,156.26,156.66,0.4,{'GREEDY': 100.0}
1527,OBS,2,TASK_ARRIVED,Generic_Service,156.34,156.76,0.41,{'GREEDY': 100.0}
1528,OBS,2,TASK_ARRIVED,CPU_and_Data_Intensive,156.49,158.08,1.6,{'GREEDY': 100.0}
1529,OBS,2,TASK_ARRIVED,CPU_and_Data_Intensive,156.5,157.06,0.56,{'GREEDY': 100.0}
1530,OBS,2,TASK_ARRIVED,CPU_Intensive,156.57,157.47,0.9,{'GREEDY': 100.0}
1531,OBS,2,TASK_ARRIVED,CPU_Intensive,156.76,158.08,1.33,{'GREEDY': 100.0}
1532,OBS,2,TASK_ARRIVED,Generic_Service,156.77,157.16,0.39,{'GREEDY': 100.0}
1533,OBS,2,TASK_ARRIVED,Generic_Service,156.88,157.16,0.28,{'GREEDY': 100.0}
1534,OBS,2,TASK_ARRIVED,Generic_Service,157.0,157.37,0.37,{'GREEDY': 100.0}
1536,OBS,2,TASK_ARRIVED,CPU_Intensive,157.24,157.57,0.33,{'GREEDY': 100.0}
1537,OBS,2,TASK_ARRIVED,Generic_Service,157.27,157.67,0.4,{'GREEDY': 100.0}
1538,OBS,2,TASK_ARRIVED,CPU_and_Data_Intensive,157.53,158.29,0.76,{'GREEDY': 100.0}
1539,OBS,2,TASK_ARRIVED,Generic_Service,157.53,157.88,0.34,{'GREEDY': 100.0}
1540,OBS,2,TASK_ARRIVED,Generic_Service,157.55,157.78,0.22,{'GREEDY': 100.0}
1541,OBS,2,TASK_ARRIVED,Generic_Service,157.66,157.98,0.32,{'GREEDY': 100.0}
1542,OBS,2,TASK_ARRIVED,CPU_Intensive,157.67,158.39,0.73,{'GREEDY': 100.0}
1543,OBS,2,TASK_ARRIVED,CPU_and_Data_Intensive,157.74,158.8,1.06,{'GREEDY': 100.0}
1544,OBS,2,TASK_ARRIVED,Generic_Service,157.76,158.19,0.43,{'GREEDY': 100.0}
1545,OBS,2,TASK_ARRIVED,CPU_and_Data_Intensive,157.85,158.5,0.64,{'GREEDY': 100.0}
1546,OBS,2,TASK_ARRIVED,Generic_Service,157.91,158.19,0.27,{'GREEDY': 100.0}
1548,OBS,2,TASK_ARRIVED,Generic_Service,158.11,158.6,0.49,{'GREEDY': 100.0}
1549,OBS,2,TASK_ARRIVED,Generic_Service,158.15,158.29,0.14,{'GREEDY': 100.0}
1550,OBS,2,TASK_ARRIVED,CPU_and_Data_Intensive,158.19,159.0,0.82,{'GREEDY': 100.0}
1551,OBS,2,TASK_ARRIVED,CPU_and_Data_Intensive,158.37,158.7,0.33,{'GREEDY': 100.0}
1552,OBS,2,TASK_ARRIVED,CPU_and_Data_Intensive,158.71,158.9,0.19,{'GREEDY': 100.0}
1553,OBS,2,TASK_ARRIVED,Generic_Service,158.85,159.21,0.36,{'GREEDY': 100.0}
1554,OBS,2,TASK_ARRIVED,Generic_Service,158.86,159.11,0.25,{'GREEDY': 100.0}
1555,OBS,2,TASK_ARRIVED,Generic_Service,158.92,159.41,0.49,{'GREEDY': 100.0}
1556,OBS,2,TASK_ARRIVED,CPU_and_Data_Intensive,158.93,159.31,0.38,{'GREEDY': 100.0}
1557,OBS,2,TASK_ARRIVED,CPU_and_Data_Intensive,158.98,160.33,1.35,{'GREEDY': 100.0}
1558,OBS,2,TASK_ARRIVED,Generic_Service,159.1,159.51,0.41,{'GREEDY': 100.0}
1559,OBS,2,TASK_ARRIVED,CPU_Intensive,159.16,159.72,0.55,{'GREEDY': 100.0}
1560,OBS,2,TASK_ARRIVED,CPU_Intensive,159.28,160.53,1.26,{'GREEDY': 100.0}
1561,OBS,2,TASK_ARRIVED,CPU_and_Data_Intensive,159.28,160.63,1.36,{'GREEDY': 100.0}
1562,OBS,2,TASK_ARRIVED,CPU_and_Data_Intensive,159.31,159.61,0.31,{'GREEDY': 100.0}
1563,OBS,2,TASK_ARRIVED,CPU_and_Data_Intensive,159.45,160.23,0.77,{'GREEDY': 100.0}
1564,OBS,2,TASK_ARRIVED,Generic_Service,159.5,159.92,0.42,{'GREEDY': 100.0}
1565,OBS,2,TASK_ARRIVED,Generic_Service,159.63,159.82,0.19,{'GREEDY': 100.0}
1566,OBS,2,TASK_ARRIVED,CPU_Intensive,159.65,160.02,0.38,{'GREEDY': 100.0}
1567,OBS,2,TASK_ARRIVED,Generic_Service,159.77,160.12,0.35,{'GREEDY': 100.0}
1568,OBS,2,TASK_ARRIVED,Generic_Service,160.04,160.43,0.39,{'GREEDY': 100.0}
1569,OBS,2,TASK_ARRIVED,CPU_and_Data_Intensive,160.39,160.93,0.55,{'GREEDY': 100.0}
1570,OBS,2,TASK_ARRIVED,CPU_and_Data_Intensive,160.48,161.24,0.76,{'GREEDY': 100.0}
1571,OBS,2,TASK_ARRIVED,Generic_Service,160.72,161.04,0.32,{'GREEDY': 100.0}
1572,OBS,2,TASK_ARRIVED,CPU_Intensive,160.83,161.34,0.51,{'GREEDY': 100.0}
1573,OBS,2,TASK_ARRIVED,Generic_Service,160.91,161.14,0.23,{'GREEDY': 100.0}
1574,OBS,2,TASK_ARRIVED,CPU_and_Data_Intensive,160.94,161.44,0.51,{'GREEDY': 100.0}
1575,OBS,2,TASK_ARRIVED,CPU_Intensive,161.0,161.96,0.96,{'GREEDY': 100.0}
1576,OBS,2,TASK_ARRIVED,Generic_Service,161.24,161.55,0.31,{'GREEDY': 100.0}
1577,OBS,2,TASK_ARRIVED,Generic_Service,161.29,161.65,0.36,{'GREEDY': 100.0}
1578,OBS,2,TASK_ARRIVED,Generic_Service,161.35,161.75,0.4,{'GREEDY': 100.0}
1579,OBS,2,TASK_ARRIVED,Generic_Service,161.36,161.85,0.49,{'GREEDY': 100.0}
1580,OBS,2,TASK_ARRIVED,CPU_and_Data_Intensive,161.43,163.17,1.74,{'GREEDY': 100.0}
1581,OBS,2,TASK_ARRIVED,CPU_Intensive,161.46,162.46,1.0,{'GREEDY': 100.0}
1582,OBS,2,TASK_ARRIVED,Generic_Service,161.5,161.65,0.15,{'GREEDY': 100.0}
1583,OBS,2,TASK_ARRIVED,CPU_and_Data_Intensive,161.67,162.66,0.99,{'GREEDY': 100.0}
1584,OBS,2,TASK_ARRIVED,Generic_Service,161.68,162.06,0.38,{'GREEDY': 100.0}
1585,OBS,2,TASK_ARRIVED,CPU_and_Data_Intensive,161.77,162.36,0.59,{'GREEDY': 100.0}
1586,OBS,2,TASK_ARRIVED,CPU_and_Data_Intensive,161.9,162.56,0.66,{'GREEDY': 100.0}
1587,OBS,2,TASK_ARRIVED,CPU_Intensive,162.53,163.27,0.75,{'GREEDY': 100.0}
1588,OBS,2,TASK_ARRIVED,Generic_Service,162.54,162.87,0.32,{'GREEDY': 100.0}
1589,OBS,2,TASK_ARRIVED,CPU_Intensive,162.61,163.37,0.76,{'GREEDY': 100.0}
1590,OBS,2,TASK_ARRIVED,CPU_Intensive,162.64,162.97,0.32,{'GREEDY': 100.0}
1591,OBS,2,TASK_ARRIVED,Generic_Service,162.76,163.07,0.31,{'GREEDY': 100.0}
1592,OBS,2,TASK_ARRIVED,CPU_Intensive,163.33,164.39,1.06,{'GREEDY': 100.0}
1593,OBS,2,TASK_ARRIVED,CPU_Intensive,163.42,164.79,1.37,{'GREEDY': 100.0}
1594,OBS,2,TASK_ARRIVED,Generic_Service,163.53,163.68,0.15,{'GREEDY': 100.0}
1595,OBS,2,TASK_ARRIVED,Generic_Service,163.53,163.78,0.25,{'GREEDY': 100.0}
1596,OBS,2,TASK_ARRIVED,Generic_Service,163.71,163.98,0.27,{'GREEDY': 100.0}
1597,OBS,2,TASK_ARRIVED,Generic_Service,163.74,164.18,0.44,{'GREEDY': 100.0}
1598,OBS,2,TASK_ARRIVED,Generic_Service,163.96,164.28,0.33,{'GREEDY': 100.0}
1599,OBS,2,TASK_ARRIVED,Generic_Service,164.13,164.49,0.36,{'GREEDY': 100.0}
1600,OBS,2,TASK_ARRIVED,CPU_Intensive,164.17,164.59,0.42,{'GREEDY': 100.0}
1601,OBS,2,TASK_ARRIVED,CPU_Intensive,164.27,165.4,1.13,{'GREEDY': 100.0}
1602,OBS,2,TASK_ARRIVED,Generic_Service,164.31,164.69,0.38,{'GREEDY': 100.0}
1604,OBS,2,TASK_ARRIVED,CPU_Intensive,164.48,166.01,1.54,{'GREEDY': 100.0}
1605,OBS,2,TASK_ARRIVED,CPU_and_Data_Intensive,164.49,165.2,0.71,{'GREEDY': 100.0}
1606,OBS,2,TASK_ARRIVED,Generic_Service,164.61,164.89,0.28,{'GREEDY': 100.0}
1607,OBS,2,TASK_ARRIVED,Generic_Service,164.76,164.99,0.24,{'GREEDY': 100.0}
1608,OBS,2,TASK_ARRIVED,CPU_and_Data_Intensive,164.85,165.3,0.46,{'GREEDY': 100.0}
1609,OBS,2,TASK_ARRIVED,Generic_Service,165.0,165.3,0.31,{'GREEDY': 100.0}
1610,OBS,2,TASK_ARRIVED,CPU_and_Data_Intensive,165.0,165.5,0.5,{'GREEDY': 100.0}
1611,OBS,2,TASK_ARRIVED,CPU_and_Data_Intensive,165.19,165.71,0.52,{'GREEDY': 100.0}
1612,OBS,2,TASK_ARRIVED,CPU_Intensive,165.31,165.6,0.29,{'GREEDY': 100.0}
1613,OBS,2,TASK_ARRIVED,Generic_Service,165.5,165.91,0.42,{'GREEDY': 100.0}
1614,OBS,2,TASK_ARRIVED,Generic_Service,165.55,165.81,0.26,{'GREEDY': 100.0}
1615,OBS,2,TASK_ARRIVED,CPU_Intensive,165.61,166.32,0.71,{'GREEDY': 100.0}
1616,OBS,2,TASK_ARRIVED,CPU_and_Data_Intensive,165.74,166.12,0.38,{'GREEDY': 100.0}
1617,OBS,2,TASK_ARRIVED,Generic_Service,165.78,165.91,0.13,{'GREEDY': 100.0}
1618,OBS,2,TASK_ARRIVED,Generic_Service,165.89,166.22,0.33,{'GREEDY': 100.0}
1619,OBS,2,TASK_ARRIVED,CPU_Intensive,165.89,166.52,0.63,{'GREEDY': 100.0}
1620,OBS,2,TASK_ARRIVED,CPU_and_Data_Intensive,166.05,166.73,0.68,{'GREEDY': 100.0}
1621,OBS,2,TASK_ARRIVED,Generic_Service,166.06,166.42,0.36,{'GREEDY': 100.0}
1622,OBS,2,TASK_ARRIVED,CPU_and_Data_Intensive,166.2,166.83,0.63,{'GREEDY': 100.0}
1623,OBS,2,TASK_ARRIVED,CPU_and_Data_Intensive,166.23,166.93,0.7,{'GREEDY': 100.0}
1624,OBS,2,TASK_ARRIVED,Generic_Service,166.29,166.63,0.34,{'GREEDY': 100.0}
1625,OBS,2,TASK_ARRIVED,Generic_Service,166.37,166.73,0.36,{'GREEDY': 100.0}
1626,OBS,2,TASK_ARRIVED,Generic_Service,166.43,166.83,0.4,{'GREEDY': 100.0}
1627,OBS,2,TASK_ARRIVED,Generic_Service,166.43,167.03,0.6,{'GREEDY': 100.0}
1628,OBS,2,TASK_ARRIVED,CPU_and_Data_Intensive,166.46,167.74,1.29,{'GREEDY': 100.0}
1629,OBS,2,TASK_ARRIVED,CPU_Intensive,166.47,166.63,0.16,{'GREEDY': 100.0}
1630,OBS,2,TASK_ARRIVED,CPU_Intensive,166.52,167.84,1.33,{'GREEDY': 100.0}
1631,OBS,2,TASK_ARRIVED,CPU_Intensive,166.74,167.14,0.4,{'GREEDY': 100.0}
1632,OBS,2,TASK_ARRIVED,CPU_Intensive,166.77,167.64,0.87,{'GREEDY': 100.0}
1633,OBS,2,TASK_ARRIVED,Generic_Service,167.06,167.24,0.18,{'GREEDY': 100.0}
1634,OBS,2,TASK_ARRIVED,CPU_Intensive,167.08,167.54,0.46,{'GREEDY': 100.0}
1635,OBS,2,TASK_ARRIVED,CPU_and_Data_Intensive,167.09,169.15,2.06,{'GREEDY': 100.0}
1636,OBS,2,TASK_ARRIVED,CPU_Intensive,167.15,168.35,1.19,{'GREEDY': 100.0}
1637,OBS,2,TASK_ARRIVED,CPU_and_Data_Intensive,167.28,168.25,0.97,{'GREEDY': 100.0}
1638,OBS,2,TASK_ARRIVED,CPU_and_Data_Intensive,167.54,168.05,0.5,{'GREEDY': 100.0}
1639,OBS,2,TASK_ARRIVED,CPU_Intensive,167.93,168.65,0.72,{'GREEDY': 100.0}
1640,OBS,2,TASK_ARRIVED,Generic_Service,167.98,168.15,0.16,{'GREEDY': 100.0}
1641,OBS,2,TASK_ARRIVED,CPU_Intensive,168.05,169.56,1.51,{'GREEDY': 100.0}
1642,OBS,2,TASK_ARRIVED,CPU_and_Data_Intensive,168.18,168.85,0.67,{'GREEDY': 100.0}
1643,OBS,2,TASK_ARRIVED,Generic_Service,168.23,168.55,0.32,{'GREEDY': 100.0}
1644,OBS,2,TASK_ARRIVED,CPU_and_Data_Intensive,168.27,168.45,0.18,{'GREEDY': 100.0}
1645,OBS,2,TASK_ARRIVED,CPU_and_Data_Intensive,168.38,168.75,0.37,{'GREEDY': 100.0}
1646,OBS,2,TASK_ARRIVED,CPU_Intensive,168.42,169.46,1.04,{'GREEDY': 100.0}
1647,OBS,2,TASK_ARRIVED,CPU_and_Data_Intensive,168.45,168.75,0.3,{'GREEDY': 100.0}
1648,OBS,2,TASK_ARRIVED,CPU_and_Data_Intensive,168.53,168.95,0.43,{'GREEDY': 100.0}
1649,OBS,2,TASK_ARRIVED,CPU_and_Data_Intensive,168.7,169.76,1.06,{'GREEDY': 100.0}
1650,OBS,2,TASK_ARRIVED,Generic_Service,168.8,169.05,0.25,{'GREEDY': 100.0}
1651,OBS,2,TASK_ARRIVED,Generic_Service,168.84,169.05,0.21,{'GREEDY': 100.0}
1652,OBS,2,TASK_ARRIVED,Generic_Service,168.96,169.25,0.3,{'GREEDY': 100.0}
1653,OBS,2,TASK_ARRIVED,CPU_Intensive,168.97,170.26,1.29,{'GREEDY': 100.0}
1654,OBS,2,TASK_ARRIVED,Generic_Service,169.04,169.35,0.31,{'GREEDY': 100.0}
1655,OBS,2,TASK_ARRIVED,CPU_Intensive,169.25,169.66,0.41,{'GREEDY': 100.0}
1656,OBS,2,TASK_ARRIVED,Generic_Service,169.33,169.46,0.13,{'GREEDY': 100.0}
1657,OBS,2,TASK_ARRIVED,CPU_Intensive,169.34,170.56,1.22,{'GREEDY': 100.0}
1658,OBS,2,TASK_ARRIVED,CPU_Intensive,169.35,170.16,0.81,{'GREEDY': 100.0}
1659,OBS,2,TASK_ARRIVED,CPU_and_Data_Intensive,169.65,169.86,0.21,{'GREEDY': 100.0}
1660,OBS,2,TASK_ARRIVED,CPU_Intensive,169.7,170.76,1.06,{'GREEDY': 100.0}
1661,OBS,2,TASK_ARRIVED,CPU_Intensive,169.86,169.96,0.1,{'GREEDY': 100.0}
1662,OBS,2,TASK_ARRIVED,CPU_and_Data_Intensive,169.86,170.06,0.19,{'GREEDY': 100.0}
1663,OBS,2,TASK_ARRIVED,Generic_Service,169.91,170.16,0.25,{'GREEDY': 100.0}
1664,OBS,2,TASK_ARRIVED,Generic_Service,170.0,170.36,0.36,{'GREEDY': 100.0}
1665,OBS,2,TASK_ARRIVED,CPU_Intensive,170.18,171.56,1.38,{'GREEDY': 100.0}
1666,OBS,2,TASK_ARRIVED,CPU_and_Data_Intensive,170.21,171.36,1.15,{'GREEDY': 100.0}
1667,OBS,2,TASK_ARRIVED,Generic_Service,170.25,170.46,0.21,{'GREEDY': 100.0}
1668,OBS,2,TASK_ARRIVED,Generic_Service,170.72,170.86,0.15,{'GREEDY': 100.0}
1669,OBS,2,TASK_ARRIVED,CPU_Intensive,170.79,172.17,1.38,{'GREEDY': 100.0}
1670,OBS,2,TASK_ARRIVED,Generic_Service,170.84,170.96,0.12,{'GREEDY': 100.0}
1672,OBS,2,TASK_ARRIVED,Generic_Service,171.1,171.16,0.07,{'GREEDY': 100.0}
1673,OBS,2,TASK_ARRIVED,Generic_Service,171.24,171.46,0.23,{'GREEDY': 100.0}
1674,OBS,2,TASK_ARRIVED,Generic_Service,171.45,171.66,0.21,{'GREEDY': 100.0}
1675,OBS,2,TASK_ARRIVED,CPU_and_Data_Intensive,171.55,172.98,1.43,{'GREEDY': 100.0}
1676,OBS,2,TASK_ARRIVED,CPU_Intensive,171.56,171.97,0.4,{'GREEDY': 100.0}
1677,OBS,2,TASK_ARRIVED,CPU_and_Data_Intensive,171.58,172.77,1.19,{'GREEDY': 100.0}
1678,OBS,2,TASK_ARRIVED,CPU_Intensive,171.74,172.37,0.63,{'GREEDY': 100.0}
1679,OBS,2,TASK_ARRIVED,CPU_Intensive,171.8,172.88,1.08,{'GREEDY': 100.0}
1680,OBS,2,TASK_ARRIVED,Generic_Service,171.88,172.07,0.19,{'GREEDY': 100.0}
1681,OBS,2,TASK_ARRIVED,Generic_Service,171.89,172.27,0.38,{'GREEDY': 100.0}
1682,OBS,2,TASK_ARRIVED,CPU_Intensive,172.18,172.57,0.39,{'GREEDY': 100.0}
1683,OBS,2,TASK_ARRIVED,Generic_Service,172.34,172.47,0.13,{'GREEDY': 100.0}
1684,OBS,2,TASK_ARRIVED,CPU_Intensive,172.39,172.67,0.28,{'GREEDY': 100.0}
1685,OBS,2,TASK_ARRIVED,Generic_Service,172.56,172.98,0.42,{'GREEDY': 100.0}
1686,OBS,2,TASK_ARRIVED,Generic_Service,172.6,172.77,0.17,{'GREEDY': 100.0}
1687,OBS,2,TASK_ARRIVED,CPU_and_Data_Intensive,172.75,173.08,0.33,{'GREEDY': 100.0}
1688,OBS,2,TASK_ARRIVED,CPU_and_Data_Intensive,172.84,174.59,1.76,{'GREEDY': 100.0}
1689,OBS,2,TASK_ARRIVED,CPU_Intensive,172.86,173.98,1.12,{'GREEDY': 100.0}
1690,OBS,2,TASK_ARRIVED,CPU_Intensive,172.86,173.18,0.31,{'GREEDY': 100.0}
1691,OBS,2,TASK_ARRIVED,CPU_Intensive,173.07,173.28,0.21,{'GREEDY': 100.0}
1692,OBS,2,TASK_ARRIVED,Generic_Service,173.08,173.38,0.3,{'GREEDY': 100.0}
1693,OBS,2,TASK_ARRIVED,Generic_Service,173.24,173.48,0.24,{'GREEDY': 100.0}
1694,OBS,2,TASK_ARRIVED,CPU_Intensive,173.26,175.0,1.74,{'GREEDY': 100.0}
1695,OBS,2,TASK_ARRIVED,CPU_Intensive,173.37,174.08,0.71,{'GREEDY': 100.0}
1696,OBS,2,TASK_ARRIVED,Generic_Service,173.4,173.58,0.18,{'GREEDY': 100.0}
1697,OBS,2,TASK_ARRIVED,CPU_and_Data_Intensive,173.58,174.18,0.6,{'GREEDY': 100.0}
1698,OBS,2,TASK_ARRIVED,CPU_and_Data_Intensive,173.64,174.69,1.06,{'GREEDY': 100.0}
1699,OBS,2,TASK_ARRIVED,CPU_Intensive,173.73,174.29,0.56,{'GREEDY': 100.0}
1700,OBS,2,TASK_ARRIVED,CPU_Intensive,173.73,174.39,0.66,{'GREEDY': 100.0}
1701,OBS,2,TASK_ARRIVED,CPU_Intensive,173.75,174.49,0.74,{'GREEDY': 100.0}
1702,OBS,2,TASK_ARRIVED,CPU_Intensive,173.79,175.1,1.31,{'GREEDY': 100.0}
1703,OBS,2,TASK_ARRIVED,Generic_Service,174.01,174.49,0.48,{'GREEDY': 100.0}
1704,OBS,2,TASK_ARRIVED,CPU_and_Data_Intensive,174.04,174.8,0.76,{'GREEDY': 100.0}
1705,OBS,2,TASK_ARRIVED,CPU_and_Data_Intensive,174.2,175.2,1.0,{'GREEDY': 100.0}
1706,OBS,2,TASK_ARRIVED,Generic_Service,174.24,174.39,0.15,{'GREEDY': 100.0}
1707,OBS,2,TASK_ARRIVED,CPU_Intensive,174.26,174.9,0.64,{'GREEDY': 100.0}
1708,OBS,2,TASK_ARRIVED,Generic_Service,174.31,174.69,0.39,{'GREEDY': 100.0}
1709,OBS,2,TASK_ARRIVED,Generic_Service,174.38,174.59,0.22,{'GREEDY': 100.0}
1711,OBS,2,TASK_ARRIVED,Generic_Service,174.49,174.59,0.1,{'GREEDY': 100.0}
1712,OBS,2,TASK_ARRIVED,CPU_Intensive,174.56,174.9,0.34,{'GREEDY': 100.0}
1713,OBS,2,TASK_ARRIVED,Generic_Service,174.69,174.8,0.11,{'GREEDY': 100.0}
1714,OBS,2,TASK_ARRIVED,CPU_and_Data_Intensive,174.71,175.0,0.29,{'GREEDY': 100.0}
1715,OBS,2,TASK_ARRIVED,Generic_Service,174.82,174.9,0.07,{'GREEDY': 100.0}
1716,OBS,2,TASK_ARRIVED,CPU_Intensive,174.97,176.0,1.04,{'GREEDY': 100.0}
1717,OBS,2,TASK_ARRIVED,Generic_Service,175.38,175.4,0.02,{'GREEDY': 100.0}
1718,OBS,2,TASK_ARRIVED,CPU_and_Data_Intensive,175.57,175.8,0.23,{'GREEDY': 100.0}
1719,OBS,2,TASK_ARRIVED,Generic_Service,175.65,175.7,0.05,{'GREEDY': 100.0}
1720,OBS,2,TASK_ARRIVED,CPU_and_Data_Intensive,175.68,176.61,0.92,{'GREEDY': 100.0}
1721,OBS,2,TASK_ARRIVED,Generic_Service,175.81,176.21,0.39,{'GREEDY': 100.0}
1722,OBS,2,TASK_ARRIVED,CPU_Intensive,175.91,176.1,0.19,{'GREEDY': 100.0}
1723,OBS,2,TASK_ARRIVED,CPU_Intensive,176.02,177.62,1.59,{'GREEDY': 100.0}
1724,OBS,2,TASK_ARRIVED,CPU_and_Data_Intensive,176.14,176.71,0.57,{'GREEDY': 100.0}
1725,OBS,2,TASK_ARRIVED,CPU_Intensive,176.43,177.21,0.79,{'GREEDY': 100.0}
1726,OBS,2,TASK_ARRIVED,Generic_Service,176.57,176.81,0.24,{'GREEDY': 100.0}
1727,OBS,2,TASK_ARRIVED,Generic_Service,176.6,176.71,0.11,{'GREEDY': 100.0}
1728,OBS,2,TASK_ARRIVED,Generic_Service,176.64,176.91,0.27,{'GREEDY': 100.0}
1729,OBS,2,TASK_ARRIVED,Generic_Service,176.8,177.01,0.21,{'GREEDY': 100.0}
1730,OBS,2,TASK_ARRIVED,CPU_and_Data_Intensive,176.88,177.11,0.23,{'GREEDY': 100.0}
1731,OBS,2,TASK_ARRIVED,CPU_Intensive,176.91,177.11,0.21,{'GREEDY': 100.0}
1732,OBS,2,TASK_ARRIVED,CPU_Intensive,177.03,177.92,0.89,{'GREEDY': 100.0}
1733,OBS,2,TASK_ARRIVED,CPU_and_Data_Intensive,177.07,178.53,1.46,{'GREEDY': 100.0}
1734,OBS,2,TASK_ARRIVED,CPU_Intensive,177.1,177.31,0.22,{'GREEDY': 100.0}
1735,OBS,2,TASK_ARRIVED,Generic_Service,177.32,177.41,0.09,{'GREEDY': 100.0}
1736,OBS,2,TASK_ARRIVED,CPU_and_Data_Intensive,177.43,178.33,0.9,{'GREEDY': 100.0}
1737,OBS,2,TASK_ARRIVED,Generic_Service,177.57,177.72,0.14,{'GREEDY': 100.0}
1738,OBS,2,TASK_ARRIVED,CPU_Intensive,177.67,178.12,0.46,{'GREEDY': 100.0}
1739,OBS,2,TASK_ARRIVED,Generic_Service,177.67,177.82,0.15,{'GREEDY': 100.0}
1740,OBS,2,TASK_ARRIVED,CPU_and_Data_Intensive,177.67,179.03,1.36,{'GREEDY': 100.0}
1741,OBS,2,TASK_ARRIVED,CPU_Intensive,177.81,178.22,0.42,{'GREEDY': 100.0}
1742,OBS,2,TASK_ARRIVED,Generic_Service,177.83,178.02,0.19,{'GREEDY': 100.0}
1743,OBS,2,TASK_ARRIVED,CPU_and_Data_Intensive,177.86,179.03,1.17,{'GREEDY': 100.0}
1744,OBS,2,TASK_ARRIVED,Generic_Service,177.91,178.12,0.21,{'GREEDY': 100.0}
1745,OBS,2,TASK_ARRIVED,Generic_Service,178.06,178.22,0.16,{'GREEDY': 100.0}
1746,OBS,2,TASK_ARRIVED,CPU_Intensive,178.08,178.43,0.35,{'GREEDY': 100.0}
1747,OBS,2,TASK_ARRIVED,Generic_Service,178.11,178.43,0.32,{'GREEDY': 100.0}
1748,OBS,2,TASK_ARRIVED,CPU_Intensive,178.17,178.83,0.66,{'GREEDY': 100.0}
1749,OBS,2,TASK_ARRIVED,Generic_Service,178.19,178.33,0.14,{'GREEDY': 100.0}
1750,OBS,2,TASK_ARRIVED,CPU_Intensive,178.28,178.63,0.35,{'GREEDY': 100.0}
1752,OBS,2,TASK_ARRIVED,CPU_Intensive,178.4,178.93,0.53,{'GREEDY': 100.0}
1753,OBS,2,TASK_ARRIVED,Generic_Service,178.5,178.73,0.23,{'GREEDY': 100.0}
1754,OBS,2,TASK_ARRIVED,CPU_and_Data_Intensive,178.59,179.74,1.15,{'GREEDY': 100.0}
1755,OBS,2,TASK_ARRIVED,CPU_Intensive,178.7,179.34,0.64,{'GREEDY': 100.0}
1756,OBS,2,TASK_ARRIVED,CPU_Intensive,178.71,179.64,0.93,{'GREEDY': 100.0}
1757,OBS,2,TASK_ARRIVED,Generic_Service,178.77,178.93,0.16,{'GREEDY': 100.0}
1758,OBS,2,TASK_ARRIVED,CPU_and_Data_Intensive,178.88,179.13,0.26,{'GREEDY': 100.0}
1759,OBS,2,TASK_ARRIVED,CPU_Intensive,178.89,179.44,0.55,{'GREEDY': 100.0}
1761,OBS,2,TASK_ARRIVED,Generic_Service,179.19,179.24,0.05,{'GREEDY': 100.0}
1762,OBS,2,TASK_ARRIVED,CPU_Intensive,179.38,180.04,0.66,{'GREEDY': 100.0}
1763,OBS,2,TASK_ARRIVED,Generic_Service,179.4,179.54,0.14,{'GREEDY': 100.0}
1764,OBS,2,TASK_ARRIVED,CPU_and_Data_Intensive,179.51,180.45,0.93,{'GREEDY': 100.0}
1765,OBS,2,TASK_ARRIVED,CPU_and_Data_Intensive,179.74,180.55,0.81,{'GREEDY': 100.0}
1766,OBS,2,TASK_ARRIVED,CPU_Intensive,179.86,180.34,0.49,{'GREEDY': 100.0}
1767,OBS,2,TASK_ARRIVED,Generic_Service,179.96,180.14,0.18,{'GREEDY': 100.0}
1768,OBS,2,TASK_ARRIVED,CPU_Intensive,179.99,180.55,0.55,{'GREEDY': 100.0}
1769,OBS,2,TASK_ARRIVED,Generic_Service,180.06,180.24,0.18,{'GREEDY': 100.0}
1770,OBS,2,TASK_ARRIVED,CPU_Intensive,180.09,181.05,0.96,{'GREEDY': 100.0}
1771,OBS,2,TASK_ARRIVED,CPU_and_Data_Intensive,180.33,180.85,0.52,{'GREEDY': 100.0}
1772,OBS,2,TASK_ARRIVED,CPU_Intensive,180.37,180.95,0.58,{'GREEDY': 100.0}
1773,OBS,2,TASK_ARRIVED,CPU_Intensive,180.49,180.65,0.16,{'GREEDY': 100.0}
1774,OBS,2,TASK_ARRIVED,CPU_Intensive,180.72,181.45,0.74,{'GREEDY': 100.0}
1775,OBS,2,TASK_ARRIVED,CPU_Intensive,180.79,181.15,0.36,{'GREEDY': 100.0}
1776,OBS,2,TASK_ARRIVED,CPU_Intensive,181.04,181.25,0.22,{'GREEDY': 100.0}
1777,OBS,2,TASK_ARRIVED,CPU_Intensive,181.1,181.66,0.55,{'GREEDY': 100.0}
1778,OBS,2,TASK_ARRIVED,Generic_Service,181.32,181.56,0.24,{'GREEDY': 100.0}
1779,OBS,2,TASK_ARRIVED,CPU_Intensive,181.47,181.86,0.39,{'GREEDY': 100.0}
1780,OBS,2,TASK_ARRIVED,CPU_Intensive,181.48,181.76,0.27,{'GREEDY': 100.0}
1781,OBS,2,TASK_ARRIVED,CPU_Intensive,181.49,181.96,0.46,{'GREEDY': 100.0}
1782,OBS,2,TASK_ARRIVED,Generic_Service,181.63,181.76,0.12,{'GREEDY': 100.0}
1783,OBS,2,TASK_ARRIVED,CPU_Intensive,181.69,182.26,0.57,{'GREEDY': 100.0}
1784,OBS,2,TASK_ARRIVED,Generic_Service,181.71,182.06,0.35,{'GREEDY': 100.0}
1785,OBS,2,TASK_ARRIVED,Generic_Service,181.84,182.16,0.32,{'GREEDY': 100.0}
1787,OBS,2,TASK_ARRIVED,CPU_Intensive,182.0,182.36,0.36,{'GREEDY': 100.0}
1788,OBS,1,TASK_ARRIVED,CPU_and_Data_Intensive,182.03,182.16,0.13,{'GREEDY': 100.0}
1789,OBS,2,TASK_ARRIVED,CPU_Intensive,182.09,183.57,1.49,{'GREEDY': 100.0}
1790,OBS,2,TASK_ARRIVED,Generic_Service,182.27,182.46,0.19,{'GREEDY': 100.0}
1791,OBS,2,TASK_ARRIVED,Generic_Service,182.38,182.57,0.18,{'GREEDY': 100.0}
1792,OBS,2,TASK_ARRIVED,Generic_Service,182.39,182.67,0.28,{'GREEDY': 100.0}
1793,OBS,2,TASK_ARRIVED,Generic_Service,182.5,182.77,0.26,{'GREEDY': 100.0}
1794,OBS,2,TASK_ARRIVED,CPU_Intensive,182.69,183.07,0.38,{'GREEDY': 100.0}
1795,OBS,2,TASK_ARRIVED,Generic_Service,182.69,182.87,0.18,{'GREEDY': 100.0}
1796,OBS,2,TASK_ARRIVED,Generic_Service,182.74,182.97,0.23,{'GREEDY': 100.0}
1797,OBS,2,TASK_ARRIVED,CPU_Intensive,182.77,184.18,1.41,{'GREEDY': 100.0}
1798,OBS,2,TASK_ARRIVED,CPU_Intensive,182.8,183.17,0.37,{'GREEDY': 100.0}
1799,OBS,2,TASK_ARRIVED,CPU_Intensive,182.82,184.89,2.07,{'GREEDY': 100.0}
1800,OBS,2,TASK_ARRIVED,CPU_Intensive,182.95,183.98,1.03,{'GREEDY': 100.0}
1801,OBS,2,TASK_ARRIVED,CPU_and_Data_Intensive,182.98,183.47,0.5,{'GREEDY': 100.0}
1802,OBS,2,TASK_ARRIVED,Generic_Service,182.99,183.27,0.28,{'GREEDY': 100.0}
1803,OBS,2,TASK_ARRIVED,CPU_and_Data_Intensive,183.06,183.47,0.42,{'GREEDY': 100.0}
1804,OBS,2,TASK_ARRIVED,Generic_Service,183.32,183.37,0.06,{'GREEDY': 100.0}
1805,OBS,2,TASK_ARRIVED,CPU_Intensive,183.51,184.48,0.98,{'GREEDY': 100.0}
1806,OBS,2,TASK_ARRIVED,CPU_Intensive,183.53,183.67,0.14,{'GREEDY': 100.0}
1807,OBS,2,TASK_ARRIVED,CPU_and_Data_Intensive,183.73,183.88,0.14,{'GREEDY': 100.0}
1808,OBS,2,TASK_ARRIVED,Generic_Service,183.74,183.78,0.04,{'GREEDY': 100.0}
1809,OBS,2,TASK_ARRIVED,CPU_Intensive,183.79,184.99,1.2,{'GREEDY': 100.0}
1810,OBS,1,TASK_ARRIVED,Generic_Service,184.01,184.08,0.07,{'GREEDY': 100.0}
1811,OBS,2,TASK_ARRIVED,Generic_Service,184.05,184.08,0.03,{'GREEDY': 100.0}
1812,OBS,2,TASK_ARRIVED,CPU_and_Data_Intensive,184.11,184.58,0.48,{'GREEDY': 100.0}
1813,OBS,2,TASK_ARRIVED,Generic_Service,184.13,184.28,0.16,{'GREEDY': 100.0}
1814,OBS,2,TASK_ARRIVED,Generic_Service,184.15,184.38,0.23,{'GREEDY': 100.0}
1815,OBS,2,TASK_ARRIVED,CPU_and_Data_Intensive,184.16,185.19,1.03,{'GREEDY': 100.0}
1816,OBS,2,TASK_ARRIVED,CPU_and_Data_Intensive,184.39,185.09,0.7,{'GREEDY': 100.0}
1817,OBS,2,TASK_ARRIVED,Generic_Service,184.68,184.78,0.11,{'GREEDY': 100.0}
1818,OBS,2,TASK_ARRIVED,CPU_Intensive,184.72,184.89,0.17,{'GREEDY': 100.0}
1819,OBS,2,TASK_ARRIVED,CPU_Intensive,185.02,185.69,0.67,{'GREEDY': 100.0}
1820,OBS,2,TASK_ARRIVED,Generic_Service,185.08,185.29,0.21,{'GREEDY': 100.0}
1821,OBS,2,TASK_ARRIVED,CPU_Intensive,185.23,186.3,1.07,{'GREEDY': 100.0}
1822,OBS,2,TASK_ARRIVED,CPU_Intensive,185.46,185.59,0.13,{'GREEDY': 100.0}
1823,OBS,2,TASK_ARRIVED,CPU_Intensive,185.57,185.8,0.23,{'GREEDY': 100.0}
1824,OBS,2,TASK_ARRIVED,Generic_Service,185.6,185.9,0.3,{'GREEDY': 100.0}
1825,OBS,2,TASK_ARRIVED,Generic_Service,185.67,186.0,0.33,{'GREEDY': 100.0}
1826,OBS,2,TASK_ARRIVED,CPU_and_Data_Intensive,185.69,186.0,0.31,{'GREEDY': 100.0}
1827,OBS,2,TASK_ARRIVED,Generic_Service,185.75,185.8,0.05,{'GREEDY': 100.0}
1828,OBS,2,TASK_ARRIVED,Generic_Service,185.75,185.9,0.14,{'GREEDY': 100.0}
1829,OBS,2,TASK_ARRIVED,CPU_Intensive,185.76,186.1,0.34,{'GREEDY': 100.0}
1830,OBS,2,TASK_ARRIVED,CPU_and_Data_Intensive,185.96,186.5,0.55,{'GREEDY': 100.0}
1831,OBS,2,TASK_ARRIVED,CPU_Intensive,186.09,187.51,1.42,{'GREEDY': 100.0}
1832,OBS,1,TASK_ARRIVED,CPU_and_Data_Intensive,186.12,186.7,0.58,{'GREEDY': 100.0}
1833,OBS,2,TASK_ARRIVED,CPU_and_Data_Intensive,186.24,187.21,0.97,{'GREEDY': 100.0}
1834,OBS,2,TASK_ARRIVED,CPU_Intensive,186.49,186.8,0.31,{'GREEDY': 100.0}
1835,OBS,2,TASK_ARRIVED,Generic_Service,186.57,186.6,0.03,{'GREEDY': 100.0}
1836,OBS,1,TASK_ARRIVED,Generic_Service,186.67,186.7,0.04,{'GREEDY': 100.0}
1838,OBS,2,TASK_ARRIVED,CPU_and_Data_Intensive,186.73,188.42,1.69,{'GREEDY': 100.0}
1839,OBS,2,TASK_ARRIVED,CPU_Intensive,186.93,188.32,1.39,{'GREEDY': 100.0}
1840,OBS,2,TASK_ARRIVED,Generic_Service,187.03,187.1,0.08,{'GREEDY': 100.0}
1841,OBS,2,TASK_ARRIVED,Generic_Service,187.09,187.31,0.22,{'GREEDY': 100.0}
1842,OBS,2,TASK_ARRIVED,CPU_and_Data_Intensive,187.28,187.81,0.53,{'GREEDY': 100.0}
1843,OBS,2,TASK_ARRIVED,CPU_Intensive,187.68,188.01,0.33,{'GREEDY': 100.0}
1844,OBS,2,TASK_ARRIVED,CPU_Intensive,187.73,188.11,0.38,{'GREEDY': 100.0}
1845,OBS,2,TASK_ARRIVED,Generic_Service,187.79,187.91,0.12,{'GREEDY': 100.0}
1846,OBS,2,TASK_ARRIVED,Generic_Service,187.88,188.42,0.54,{'GREEDY': 100.0}
1847,OBS,2,TASK_ARRIVED,CPU_Intensive,187.95,188.11,0.17,{'GREEDY': 100.0}
1848,OBS,2,TASK_ARRIVED,Generic_Service,187.96,188.32,0.35,{'GREEDY': 100.0}
1849,OBS,2,TASK_ARRIVED,CPU_Intensive,187.97,188.52,0.55,{'GREEDY': 100.0}
1850,OBS,2,TASK_ARRIVED,CPU_Intensive,188.01,188.22,0.21,{'GREEDY': 100.0}
1851,OBS,2,TASK_ARRIVED,Generic_Service,188.14,188.22,0.07,{'GREEDY': 100.0}
1852,OBS,2,TASK_ARRIVED,CPU_and_Data_Intensive,188.58,189.22,0.64,{'GREEDY': 100.0}
1853,OBS,2,TASK_ARRIVED,CPU_and_Data_Intensive,188.61,189.63,1.02,{'GREEDY': 100.0}
1854,OBS,2,TASK_ARRIVED,Generic_Service,188.75,188.92,0.17,{'GREEDY': 100.0}
1855,OBS,2,TASK_ARRIVED,CPU_Intensive,188.77,189.94,1.17,{'GREEDY': 100.0}
1856,OBS,2,TASK_ARRIVED,Generic_Service,188.9,189.02,0.13,{'GREEDY': 100.0}
1857,OBS,2,TASK_ARRIVED,CPU_and_Data_Intensive,188.94,189.33,0.39,{'GREEDY': 100.0}
1858,OBS,2,TASK_ARRIVED,CPU_Intensive,188.97,189.43,0.45,{'GREEDY': 100.0}
1859,OBS,2,TASK_ARRIVED,CPU_Intensive,189.01,189.53,0.52,{'GREEDY': 100.0}
1861,OBS,2,TASK_ARRIVED,CPU_and_Data_Intensive,189.26,189.73,0.47,{'GREEDY': 100.0}
1862,OBS,2,TASK_ARRIVED,CPU_Intensive,189.4,189.63,0.23,{'GREEDY': 100.0}
1863,OBS,2,TASK_ARRIVED,Generic_Service,189.41,189.43,0.02,{'GREEDY': 100.0}
1864,OBS,2,TASK_ARRIVED,Generic_Service,189.45,189.83,0.38,{'GREEDY': 100.0}
1865,OBS,2,TASK_ARRIVED,Generic_Service,189.55,189.83,0.28,{'GREEDY': 100.0}
1866,OBS,2,TASK_ARRIVED,CPU_Intensive,189.57,190.04,0.46,{'GREEDY': 100.0}
1867,OBS,2,TASK_ARRIVED,CPU_Intensive,189.63,190.14,0.51,{'GREEDY': 100.0}
1868,OBS,2,TASK_ARRIVED,Generic_Service,189.87,189.94,0.06,{'GREEDY': 100.0}
1869,OBS,2,TASK_ARRIVED,CPU_and_Data_Intensive,189.97,190.24,0.26,{'GREEDY': 100.0}
1870,OBS,2,TASK_ARRIVED,CPU_Intensive,190.04,190.64,0.6,{'GREEDY': 100.0}
1871,OBS,2,TASK_ARRIVED,CPU_Intensive,190.08,190.44,0.37,{'GREEDY': 100.0}
1872,OBS,2,TASK_ARRIVED,CPU_and_Data_Intensive,190.15,190.34,0.19,{'GREEDY': 100.0}
1873,OBS,2,TASK_ARRIVED,Generic_Service,190.25,190.54,0.29,{'GREEDY': 100.0}
1874,OBS,2,TASK_ARRIVED,CPU_Intensive,190.3,190.95,0.65,{'GREEDY': 100.0}
1875,OBS,2,TASK_ARRIVED,Generic_Service,190.41,190.75,0.34,{'GREEDY': 100.0}
1876,OBS,2,TASK_ARRIVED,CPU_Intensive,190.48,190.85,0.37,{'GREEDY': 100.0}
1877,OBS,2,TASK_ARRIVED,CPU_Intensive,190.68,191.76,1.08,{'GREEDY': 100.0}
1878,OBS,2,TASK_ARRIVED,CPU_and_Data_Intensive,190.69,191.05,0.36,{'GREEDY': 100.0}
1879,OBS,2,TASK_ARRIVED,Generic_Service,190.74,190.75,0.01,{'GREEDY': 100.0}
1880,OBS,2,TASK_ARRIVED,CPU_and_Data_Intensive,190.8,191.96,1.16,{'GREEDY': 100.0}
1881,OBS,2,TASK_ARRIVED,Generic_Service,191.03,191.45,0.42,{'GREEDY': 100.0}
1882,OBS,2,TASK_ARRIVED,CPU_Intensive,191.06,191.56,0.49,{'GREEDY': 100.0}
1883,OBS,2,TASK_ARRIVED,CPU_and_Data_Intensive,191.09,191.35,0.26,{'GREEDY': 100.0}
1884,OBS,2,TASK_ARRIVED,Generic_Service,191.51,191.66,0.14,{'GREEDY': 100.0}
1885,OBS,2,TASK_ARRIVED,Generic_Service,191.56,191.86,0.3,{'GREEDY': 100.0}
1886,OBS,2,TASK_ARRIVED,CPU_Intensive,191.72,193.17,1.45,{'GREEDY': 100.0}
1887,OBS,2,TASK_ARRIVED,CPU_Intensive,191.9,192.27,0.37,{'GREEDY': 100.0}
1888,OBS,2,TASK_ARRIVED,CPU_Intensive,191.91,193.89,1.98,{'GREEDY': 100.0}
1890,OBS,2,TASK_ARRIVED,Generic_Service,191.96,192.16,0.2,{'GREEDY': 100.0}
1891,OBS,2,TASK_ARRIVED,Generic_Service,192.06,192.37,0.31,{'GREEDY': 100.0}
1892,OBS,2,TASK_ARRIVED,Generic_Service,192.35,192.57,0.22,{'GREEDY': 100.0}
1893,OBS,2,TASK_ARRIVED,CPU_Intensive,192.56,193.28,0.71,{'GREEDY': 100.0}
1894,OBS,2,TASK_ARRIVED,CPU_Intensive,192.63,192.97,0.34,{'GREEDY': 100.0}
1895,OBS,2,TASK_ARRIVED,CPU_Intensive,192.72,193.68,0.96,{'GREEDY': 100.0}
1896,OBS,2,TASK_ARRIVED,Generic_Service,192.77,193.07,0.31,{'GREEDY': 100.0}
1898,OBS,2,TASK_ARRIVED,CPU_Intensive,192.9,194.8,1.9,{'GREEDY': 100.0}
1899,OBS,2,TASK_ARRIVED,Generic_Service,193.03,193.38,0.34,{'GREEDY': 100.0}
1900,OBS,2,TASK_ARRIVED,Generic_Service,193.18,193.48,0.3,{'GREEDY': 100.0}
1901,OBS,2,TASK_ARRIVED,CPU_and_Data_Intensive,193.21,193.78,0.58,{'GREEDY': 100.0}
1902,OBS,2,TASK_ARRIVED,CPU_Intensive,193.35,193.58,0.23,{'GREEDY': 100.0}
1903,OBS,2,TASK_ARRIVED,CPU_Intensive,193.46,194.09,0.63,{'GREEDY': 100.0}
1904,OBS,2,TASK_ARRIVED,CPU_and_Data_Intensive,193.54,195.92,2.38,{'GREEDY': 100.0}
1905,OBS,2,TASK_ARRIVED,CPU_and_Data_Intensive,193.65,193.99,0.34,{'GREEDY': 100.0}
1906,OBS,2,TASK_ARRIVED,Generic_Service,193.76,193.89,0.13,{'GREEDY': 100.0}
1907,OBS,2,TASK_ARRIVED,Generic_Service,193.8,194.19,0.39,{'GREEDY': 100.0}
1908,OBS,2,TASK_ARRIVED,CPU_Intensive,194.08,194.29,0.21,{'GREEDY': 100.0}
1909,OBS,2,TASK_ARRIVED,CPU_Intensive,194.17,194.39,0.23,{'GREEDY': 100.0}
1910,OBS,2,TASK_ARRIVED,CPU_and_Data_Intensive,194.18,194.6,0.42,{'GREEDY': 100.0}
1911,OBS,2,TASK_ARRIVED,Generic_Service,194.37,194.49,0.13,{'GREEDY': 100.0}
1912,OBS,2,TASK_ARRIVED,CPU_Intensive,194.41,195.0,0.59,{'GREEDY': 100.0}
1913,OBS,2,TASK_ARRIVED,Generic_Service,194.43,194.7,0.27,{'GREEDY': 100.0}
1914,OBS,2,TASK_ARRIVED,Generic_Service,194.63,194.9,0.27,{'GREEDY': 100.0}
1915,OBS,2,TASK_ARRIVED,CPU_Intensive,194.74,195.41,0.67,{'GREEDY': 100.0}
1916,OBS,2,TASK_ARRIVED,CPU_Intensive,194.77,196.74,1.97,{'GREEDY': 100.0}
1917,OBS,2,TASK_ARRIVED,Generic_Service,194.87,195.11,0.23,{'GREEDY': 100.0}
1918,OBS,2,TASK_ARRIVED,CPU_Intensive,194.91,195.31,0.4,{'GREEDY': 100.0}
1919,OBS,2,TASK_ARRIVED,Generic_Service,194.96,195.21,0.25,{'GREEDY': 100.0}
1920,OBS,2,TASK_ARRIVED,CPU_Intensive,195.1,196.43,1.33,{'GREEDY': 100.0}
1921,OBS,2,TASK_ARRIVED,CPU_Intensive,195.14,195.51,0.37,{'GREEDY': 100.0}
1922,OBS,2,TASK_ARRIVED,CPU_Intensive,195.15,195.92,0.78,{'GREEDY': 100.0}
1923,OBS,2,TASK_ARRIVED,Generic_Service,195.26,195.61,0.35,{'GREEDY': 100.0}
1924,OBS,2,TASK_ARRIVED,Generic_Service,195.36,195.71,0.35,{'GREEDY': 100.0}
1925,OBS,2,TASK_ARRIVED,Generic_Service,195.46,195.82,0.36,{'GREEDY': 100.0}
1926,OBS,2,TASK_ARRIVED,CPU_and_Data_Intensive,195.58,196.43,0.85,{'GREEDY': 100.0}
1927,OBS,2,TASK_ARRIVED,CPU_and_Data_Intensive,195.59,196.33,0.74,{'GREEDY': 100.0}
1928,OBS,2,TASK_ARRIVED,CPU_and_Data_Intensive,195.61,196.64,1.03,{'GREEDY': 100.0}
1929,OBS,2,TASK_ARRIVED,CPU_and_Data_Intensive,195.65,197.36,1.7,{'GREEDY': 100.0}
1931,OBS,2,TASK_ARRIVED,Generic_Service,195.79,196.12,0.33,{'GREEDY': 100.0}
1932,OBS,2,TASK_ARRIVED,Generic_Service,195.8,196.02,0.22,{'GREEDY': 100.0}
1933,OBS,2,TASK_ARRIVED,CPU_Intensive,195.83,197.46,1.63,{'GREEDY': 100.0}
1934,OBS,2,TASK_ARRIVED,CPU_Intensive,195.84,196.23,0.39,{'GREEDY': 100.0}
1935,OBS,2,TASK_ARRIVED,CPU_and_Data_Intensive,195.92,196.02,0.1,{'GREEDY': 100.0}
1936,OBS,2,TASK_ARRIVED,Generic_Service,196.05,196.23,0.18,{'GREEDY': 100.0}
1937,OBS,2,TASK_ARRIVED,CPU_and_Data_Intensive,196.05,196.33,0.28,{'GREEDY': 100.0}
1938,OBS,2,TASK_ARRIVED,Generic_Service,196.15,196.53,0.38,{'GREEDY': 100.0}
1939,OBS,2,TASK_ARRIVED,CPU_Intensive,196.21,196.84,0.63,{'GREEDY': 100.0}
1940,OBS,2,TASK_ARRIVED,CPU_Intensive,196.25,196.53,0.28,{'GREEDY': 100.0}
1941,OBS,2,TASK_ARRIVED,CPU_Intensive,196.28,197.56,1.28,{'GREEDY': 100.0}
1942,OBS,2,TASK_ARRIVED,Generic_Service,196.43,196.64,0.21,{'GREEDY': 100.0}
1943,OBS,2,TASK_ARRIVED,CPU_Intensive,196.46,196.94,0.48,{'GREEDY': 100.0}
1944,OBS,2,TASK_ARRIVED,CPU_Intensive,196.49,197.15,0.66,{'GREEDY': 100.0}
1945,OBS,2,TASK_ARRIVED,CPU_and_Data_Intensive,196.5,197.25,0.75,{'GREEDY': 100.0}
1946,OBS,2,TASK_ARRIVED,Generic_Service,196.52,197.05,0.53,{'GREEDY': 100.0}
1947,OBS,2,TASK_ARRIVED,CPU_Intensive,196.73,197.15,0.42,{'GREEDY': 100.0}
1948,OBS,2,TASK_ARRIVED,Generic_Service,196.82,196.94,0.12,{'GREEDY': 100.0}
1949,OBS,2,TASK_ARRIVED,Generic_Service,196.91,197.05,0.14,{'GREEDY': 100.0}
1950,OBS,2,TASK_ARRIVED,CPU_Intensive,197.01,197.25,0.25,{'GREEDY': 100.0}
1951,OBS,2,TASK_ARRIVED,CPU_Intensive,197.03,197.66,0.63,{'GREEDY': 100.0}
1952,OBS,2,TASK_ARRIVED,CPU_Intensive,197.32,197.86,0.54,{'GREEDY': 100.0}
1953,OBS,2,TASK_ARRIVED,Generic_Service,197.32,197.36,0.03,{'GREEDY': 100.0}
1954,OBS,2,TASK_ARRIVED,CPU_Intensive,197.44,198.17,0.73,{'GREEDY': 100.0}
1955,OBS,2,TASK_ARRIVED,CPU_Intensive,197.51,197.96,0.46,{'GREEDY': 100.0}
1956,OBS,2,TASK_ARRIVED,CPU_and_Data_Intensive,197.59,200.08,2.5,{'GREEDY': 100.0}
1957,OBS,2,TASK_ARRIVED,Generic_Service,197.64,197.76,0.12,{'GREEDY': 100.0}
1958,OBS,2,TASK_ARRIVED,CPU_Intensive,197.8,198.27,0.47,{'GREEDY': 100.0}
1959,OBS,2,TASK_ARRIVED,Generic_Service,197.86,198.07,0.2,{'GREEDY': 100.0}
1960,OBS,2,TASK_ARRIVED,Generic_Service,197.93,198.07,0.14,{'GREEDY': 100.0}
1961,OBS,2,TASK_ARRIVED,Generic_Service,198.2,198.37,0.16,{'GREEDY': 100.0}
1962,OBS,2,TASK_ARRIVED,CPU_Intensive,198.22,198.47,0.24,{'GREEDY': 100.0}
1963,OBS,2,TASK_ARRIVED,Generic_Service,198.44,198.57,0.13,{'GREEDY': 100.0}
1964,OBS,2,TASK_ARRIVED,CPU_Intensive,198.46,198.67,0.21,{'GREEDY': 100.0}
1965,OBS,2,TASK_ARRIVED,CPU_Intensive,198.5,200.29,1.79,{'GREEDY': 100.0}
1966,OBS,2,TASK_ARRIVED,CPU_Intensive,198.81,200.08,1.27,{'GREEDY': 100.0}
1967,OBS,2,TASK_ARRIVED,Generic_Service,198.83,198.97,0.14,{'GREEDY': 100.0}
1968,OBS,2,TASK_ARRIVED,Generic_Service,198.92,199.17,0.25,{'GREEDY': 100.0}
1969,OBS,2,TASK_ARRIVED,CPU_Intensive,199.03,200.69,1.66,{'GREEDY': 100.0}
1970,OBS,2,TASK_ARRIVED,CPU_and_Data_Intensive,199.12,199.78,0.66,{'GREEDY': 100.0}
1971,OBS,2,TASK_ARRIVED,Generic_Service,199.18,199.47,0.3,{'GREEDY': 100.0}
1972,OBS,2,TASK_ARRIVED,CPU_Intensive,199.2,199.58,0.37,{'GREEDY': 100.0}
1973,OBS,2,TASK_ARRIVED,CPU_and_Data_Intensive,199.25,200.79,1.55,{'GREEDY': 100.0}
1974,OBS,2,TASK_ARRIVED,CPU_Intensive,199.28,199.88,0.6,{'GREEDY': 100.0}
1975,OBS,2,TASK_ARRIVED,CPU_and_Data_Intensive,199.48,200.19,0.71,{'GREEDY': 100.0}
1976,OBS,2,TASK_ARRIVED,CPU_Intensive,199.48,201.2,1.72,{'GREEDY': 100.0}
1977,OBS,2,TASK_ARRIVED,Generic_Service,199.56,199.68,0.12,{'GREEDY': 100.0}
1978,OBS,2,TASK_ARRIVED,Generic_Service,199.65,199.98,0.34,{'GREEDY': 100.0}
1979,OBS,2,TASK_ARRIVED,CPU_Intensive,199.73,200.39,0.66,{'GREEDY': 100.0}
1980,OBS,2,TASK_ARRIVED,CPU_Intensive,200.09,201.1,1.01,{'GREEDY': 100.0}
1981,OBS,2,TASK_ARRIVED,CPU_Intensive,200.36,200.59,0.23,{'GREEDY': 100.0}
1982,OBS,2,TASK_ARRIVED,CPU_Intensive,200.46,201.3,0.84,{'GREEDY': 100.0}
1983,OBS,2,TASK_ARRIVED,Generic_Service,200.54,200.89,0.35,{'GREEDY': 100.0}
1984,OBS,2,TASK_ARRIVED,Generic_Service,200.74,200.99,0.25,{'GREEDY': 100.0}
1985,OBS,2,TASK_ARRIVED,CPU_and_Data_Intensive,200.78,202.11,1.33,{'GREEDY': 100.0}
1986,OBS,2,TASK_ARRIVED,CPU_and_Data_Intensive,200.89,201.5,0.61,{'GREEDY': 100.0}
1987,OBS,2,TASK_ARRIVED,Generic_Service,201.12,201.4,0.28,{'GREEDY': 100.0}
1988,OBS,2,TASK_ARRIVED,CPU_Intensive,201.13,201.6,0.47,{'GREEDY': 100.0}
1989,OBS,2,TASK_ARRIVED,Generic_Service,201.17,201.71,0.53,{'GREEDY': 100.0}
1990,OBS,2,TASK_ARRIVED,CPU_Intensive,201.18,202.82,1.65,{'GREEDY': 100.0}
1991,OBS,2,TASK_ARRIVED,Generic_Service,201.21,201.81,0.6,{'GREEDY': 100.0}
1992,OBS,2,TASK_ARRIVED,Generic_Service,201.24,201.5,0.26,{'GREEDY': 100.0}
1993,OBS,2,TASK_ARRIVED,Generic_Service,201.5,201.6,0.1,{'GREEDY': 100.0}
1994,OBS,2,TASK_ARRIVED,CPU_Intensive,201.53,201.91,0.38,{'GREEDY': 100.0}
1995,OBS,2,TASK_ARRIVED,Generic_Service,201.61,202.01,0.4,{'GREEDY': 100.0}
1997,OBS,2,TASK_ARRIVED,CPU_and_Data_Intensive,201.95,203.23,1.28,{'GREEDY': 100.0}
1998,OBS,2,TASK_ARRIVED,CPU_and_Data_Intensive,202.04,202.31,0.28,{'GREEDY': 100.0}
1999,OBS,2,TASK_ARRIVED,CPU_and_Data_Intensive,202.1,203.03,0.93,{'GREEDY': 100.0}
2000,OBS,2,TASK_ARRIVED,Generic_Service,202.2,202.41,0.21,{'GREEDY': 100.0}
2003,OBS,2,TASK_ARRIVED,Generic_Service,202.31,202.62,0.31,{'GREEDY': 100.0}
2005,OBS,2,TASK_ARRIVED,CPU_Intensive,202.55,202.72,0.17,{'GREEDY': 100.0}
2006,OBS,2,TASK_ARRIVED,CPU_Intensive,202.55,202.72,0.17,{'GREEDY': 100.0}
2007,OBS,2,TASK_ARRIVED,CPU_Intensive,202.65,203.74,1.09,{'GREEDY': 100.0}
2008,OBS,2,TASK_ARRIVED,Generic_Service,202.69,202.93,0.24,{'GREEDY': 100.0}
2009,OBS,2,TASK_ARRIVED,Generic_Service,202.71,202.93,0.22,{'GREEDY': 100.0}
2010,OBS,2,TASK_ARRIVED,Generic_Service,202.82,203.03,0.21,{'GREEDY': 100.0}
2011,OBS,2,TASK_ARRIVED,Generic_Service,202.82,203.13,0.3,{'GREEDY': 100.0}
2012,OBS,2,TASK_ARRIVED,CPU_Intensive,203.09,203.43,0.34,{'GREEDY': 100.0}
2013,OBS,2,TASK_ARRIVED,CPU_and_Data_Intensive,203.17,204.04,0.87,{'GREEDY': 100.0}
2014,OBS,2,TASK_ARRIVED,CPU_and_Data_Intensive,203.25,203.84,0.59,{'GREEDY': 100.0}
2015,OBS,2,TASK_ARRIVED,CPU_and_Data_Intensive,203.25,205.16,1.9,{'GREEDY': 100.0}
2016,OBS,2,TASK_ARRIVED,CPU_Intensive,203.3,203.64,0.34,{'GREEDY': 100.0}
2017,OBS,2,TASK_ARRIVED,Generic_Service,203.37,203.53,0.16,{'GREEDY': 100.0}
2018,OBS,2,TASK_ARRIVED,Generic_Service,203.4,203.74,0.33,{'GREEDY': 100.0}
2019,OBS,2,TASK_ARRIVED,Generic_Service,203.49,203.94,0.45,{'GREEDY': 100.0}
2020,OBS,2,TASK_ARRIVED,CPU_and_Data_Intensive,203.53,204.45,0.92,{'GREEDY': 100.0}
2021,OBS,2,TASK_ARRIVED,CPU_Intensive,203.54,204.65,1.11,{'GREEDY': 100.0}
2022,OBS,2,TASK_ARRIVED,CPU_Intensive,204.06,204.35,0.28,{'GREEDY': 100.0}
2023,OBS,2,TASK_ARRIVED,CPU_and_Data_Intensive,204.1,204.55,0.45,{'GREEDY': 100.0}
2024,OBS,2,TASK_ARRIVED,Generic_Service,204.14,204.24,0.1,{'GREEDY': 100.0}
2025,OBS,2,TASK_ARRIVED,Generic_Service,204.42,204.75,0.33,{'GREEDY': 100.0}
2026,OBS,2,TASK_ARRIVED,Generic_Service,204.49,204.85,0.37,{'GREEDY': 100.0}
2027,OBS,2,TASK_ARRIVED,CPU_Intensive,204.51,208.51,4.0,{'GREEDY': 100.0}
2028,OBS,2,TASK_ARRIVED,CPU_and_Data_Intensive,204.57,205.26,0.69,{'GREEDY': 100.0}
2029,OBS,2,TASK_ARRIVED,Generic_Service,204.72,204.96,0.24,{'GREEDY': 100.0}
2030,OBS,2,TASK_ARRIVED,CPU_Intensive,204.81,206.79,1.98,{'GREEDY': 100.0}
2031,OBS,2,TASK_ARRIVED,CPU_Intensive,204.9,205.46,0.56,{'GREEDY': 100.0}
2032,OBS,2,TASK_ARRIVED,CPU_Intensive,204.91,205.87,0.96,{'GREEDY': 100.0}
2033,OBS,2,TASK_ARRIVED,CPU_Intensive,205.13,205.77,0.64,{'GREEDY': 100.0}
2034,OBS,2,TASK_ARRIVED,Generic_Service,205.31,205.57,0.25,{'GREEDY': 100.0}
2035,OBS,2,TASK_ARRIVED,CPU_and_Data_Intensive,205.33,206.68,1.35,{'GREEDY': 100.0}
2036,OBS,2,TASK_ARRIVED,CPU_Intensive,205.43,205.97,0.55,{'GREEDY': 100.0}
2037,OBS,2,TASK_ARRIVED,Generic_Service,205.48,205.67,0.19,{'GREEDY': 100.0}
2038,OBS,2,TASK_ARRIVED,CPU_Intensive,205.58,206.79,1.21,{'GREEDY': 100.0}
2039,OBS,2,TASK_ARRIVED,Generic_Service,205.74,205.77,0.03,{'GREEDY': 100.0}
2040,OBS,2,TASK_ARRIVED,CPU_Intensive,205.77,207.9,2.13,{'GREEDY': 100.0}
2041,OBS,2,TASK_ARRIVED,CPU_Intensive,205.86,206.18,0.32,{'GREEDY': 100.0}
2042,OBS,2,TASK_ARRIVED,CPU_and_Data_Intensive,205.98,206.58,0.6,{'GREEDY': 100.0}
2043,OBS,2,TASK_ARRIVED,CPU_and_Data_Intensive,206.2,206.28,0.08,{'GREEDY': 100.0}
2044,OBS,2,TASK_ARRIVED,CPU_and_Data_Intensive,206.31,207.59,1.28,{'GREEDY': 100.0}
2045,OBS,2,TASK_ARRIVED,Generic_Service,206.45,206.89,0.43,{'GREEDY': 100.0}
2046,OBS,2,TASK_ARRIVED,CPU_Intensive,206.46,207.49,1.03,{'GREEDY': 100.0}
2047,OBS,2,TASK_ARRIVED,CPU_Intensive,206.53,207.19,0.66,{'GREEDY': 100.0}
2048,OBS,2,TASK_ARRIVED,CPU_and_Data_Intensive,206.57,207.69,1.12,{'GREEDY': 100.0}
2049,OBS,2,TASK_ARRIVED,CPU_Intensive,206.65,207.39,0.74,{'GREEDY': 100.0}
2050,OBS,2,TASK_ARRIVED,CPU_and_Data_Intensive,206.8,208.21,1.4,{'GREEDY': 100.0}
2051,OBS,2,TASK_ARRIVED,CPU_and_Data_Intensive,207.0,207.8,0.79,{'GREEDY': 100.0}
2052,OBS,2,TASK_ARRIVED,CPU_Intensive,207.12,208.21,1.08,{'GREEDY': 100.0}
2053,OBS,2,TASK_ARRIVED,CPU_and_Data_Intensive,207.3,207.9,0.6,{'GREEDY': 100.0}
2054,OBS,2,TASK_ARRIVED,CPU_Intensive,207.48,208.0,0.52,{'GREEDY': 100.0}
2055,OBS,2,TASK_ARRIVED,Generic_Service,207.89,208.1,0.21,{'GREEDY': 100.0}
2056,OBS,2,TASK_ARRIVED,CPU_Intensive,207.94,208.71,0.77,{'GREEDY': 100.0}
2057,OBS,2,TASK_ARRIVED,CPU_Intensive,207.98,208.31,0.33,{'GREEDY': 100.0}
2058,OBS,2,TASK_ARRIVED,Generic_Service,208.04,208.41,0.37,{'GREEDY': 100.0}
2060,OBS,2,TASK_ARRIVED,CPU_Intensive,208.49,209.41,0.92,{'GREEDY': 100.0}
2061,OBS,2,TASK_ARRIVED,CPU_Intensive,208.54,208.91,0.38,{'GREEDY': 100.0}
2062,OBS,2,TASK_ARRIVED,CPU_Intensive,208.55,209.01,0.47,{'GREEDY': 100.0}
2063,OBS,2,TASK_ARRIVED,Generic_Service,208.59,208.81,0.23,{'GREEDY': 100.0}
2065,OBS,2,TASK_ARRIVED,CPU_Intensive,209.11,209.92,0.81,{'GREEDY': 100.0}
2066,OBS,2,TASK_ARRIVED,CPU_and_Data_Intensive,209.36,211.04,1.68,{'GREEDY': 100.0}
2067,OBS,2,TASK_ARRIVED,CPU_and_Data_Intensive,209.42,209.72,0.3,{'GREEDY': 100.0}
2068,OBS,3,TASK_ARRIVED,CPU_and_Data_Intensive,209.47,210.02,0.55,{'GREEDY': 100.0}
2070,OBS,2,TASK_ARRIVED,CPU_and_Data_Intensive,209.59,210.43,0.84,{'GREEDY': 100.0}
2071,OBS,2,TASK_ARRIVED,Generic_Service,209.62,209.82,0.2,{'GREEDY': 100.0}
2072,OBS,2,TASK_ARRIVED,CPU_Intensive,209.67,210.33,0.66,{'GREEDY': 100.0}
2073,OBS,2,TASK_ARRIVED,CPU_Intensive,209.67,210.94,1.27,{'GREEDY': 100.0}
2074,OBS,3,TASK_ARRIVED,Generic_Service,209.69,210.23,0.54,{'GREEDY': 100.0}
2075,OBS,2,TASK_ARRIVED,CPU_Intensive,209.85,210.13,0.27,{'GREEDY': 100.0}
2076,OBS,2,TASK_ARRIVED,Generic_Service,210.1,210.13,0.02,{'GREEDY': 100.0}
2079,OBS,2,TASK_ARRIVED,CPU_Intensive,210.25,210.94,0.7,{'GREEDY': 100.0}
2080,OBS,2,TASK_ARRIVED,CPU_and_Data_Intensive,210.25,210.53,0.28,{'GREEDY': 100.0}
2081,OBS,2,TASK_ARRIVED,CPU_and_Data_Intensive,210.28,212.37,2.09,{'GREEDY': 100.0}
2082,OBS,2,TASK_ARRIVED,CPU_Intensive,210.29,210.64,0.35,{'GREEDY': 100.0}
2083,OBS,2,TASK_ARRIVED,CPU_Intensive,210.29,210.64,0.34,{'GREEDY': 100.0}
2084,OBS,2,TASK_ARRIVED,CPU_Intensive,210.31,210.74,0.42,{'GREEDY': 100.0}
2085,OBS,2,TASK_ARRIVED,Generic_Service,210.35,210.84,0.49,{'GREEDY': 100.0}
2086,OBS,2,TASK_ARRIVED,CPU_and_Data_Intensive,210.61,211.15,0.54,{'GREEDY': 100.0}
2087,OBS,2,TASK_ARRIVED,CPU_and_Data_Intensive,210.76,211.46,0.7,{'GREEDY': 100.0}
2088,OBS,2,TASK_ARRIVED,CPU_Intensive,210.9,211.35,0.45,{'GREEDY': 100.0}
2089,OBS,2,TASK_ARRIVED,Generic_Service,210.91,211.25,0.34,{'GREEDY': 100.0}
2090,OBS,2,TASK_ARRIVED,CPU_and_Data_Intensive,211.05,211.56,0.51,{'GREEDY': 100.0}
2091,OBS,2,TASK_ARRIVED,Generic_Service,211.22,211.46,0.23,{'GREEDY': 100.0}
2092,OBS,2,TASK_ARRIVED,CPU_and_Data_Intensive,211.27,211.76,0.49,{'GREEDY': 100.0}
2093,OBS,2,TASK_ARRIVED,Generic_Service,211.35,211.66,0.31,{'GREEDY': 100.0}
2094,OBS,2,TASK_ARRIVED,CPU_Intensive,211.44,212.17,0.73,{'GREEDY': 100.0}
2096,OBS,2,TASK_ARRIVED,CPU_and_Data_Intensive,211.48,212.07,0.59,{'GREEDY': 100.0}
2097,OBS,2,TASK_ARRIVED,Generic_Service,211.53,211.66,0.13,{'GREEDY': 100.0}
2098,OBS,2,TASK_ARRIVED,Generic_Service,211.58,211.76,0.18,{'GREEDY': 100.0}
2099,OBS,2,TASK_ARRIVED,Generic_Service,212.11,212.27,0.16,{'GREEDY': 100.0}
2100,OBS,2,TASK_ARRIVED,CPU_Intensive,212.2,214.01,1.81,{'GREEDY': 100.0}
2101,OBS,2,TASK_ARRIVED,Generic_Service,212.26,212.58,0.31,{'GREEDY': 100.0}
2102,OBS,2,TASK_ARRIVED,Generic_Service,212.29,212.48,0.18,{'GREEDY': 100.0}
2103,OBS,2,TASK_ARRIVED,Generic_Service,212.38,212.68,0.29,{'GREEDY': 100.0}
2104,OBS,2,TASK_ARRIVED,Generic_Service,212.55,212.78,0.23,{'GREEDY': 100.0}
2105,OBS,2,TASK_ARRIVED,Generic_Service,212.58,212.88,0.31,{'GREEDY': 100.0}
2106,OBS,2,TASK_ARRIVED,CPU_Intensive,212.92,213.29,0.37,{'GREEDY': 100.0}
2107,OBS,2,TASK_ARRIVED,CPU_Intensive,213.0,213.39,0.39,{'GREEDY': 100.0}
2108,OBS,2,TASK_ARRIVED,Generic_Service,213.07,213.18,0.12,{'GREEDY': 100.0}
2109,OBS,2,TASK_ARRIVED,CPU_Intensive,213.09,213.49,0.41,{'GREEDY': 100.0}
2110,OBS,2,TASK_ARRIVED,Generic_Service,213.33,213.59,0.26,{'GREEDY': 100.0}
2111,OBS,2,TASK_ARRIVED,Generic_Service,213.42,213.7,0.28,{'GREEDY': 100.0}
2112,OBS,2,TASK_ARRIVED,CPU_and_Data_Intensive,213.45,214.21,0.76,{'GREEDY': 100.0}
2113,OBS,2,TASK_ARRIVED,Generic_Service,213.57,213.7,0.13,{'GREEDY': 100.0}
2114,OBS,2,TASK_ARRIVED,CPU_Intensive,213.59,213.9,0.32,{'GREEDY': 100.0}
2115,OBS,2,TASK_ARRIVED,Generic_Service,213.59,213.8,0.21,{'GREEDY': 100.0}
2116,OBS,2,TASK_ARRIVED,Generic_Service,213.59,213.9,0.31,{'GREEDY': 100.0}
2117,OBS,2,TASK_ARRIVED,Generic_Service,213.64,213.8,0.16,{'GREEDY': 100.0}
2118,OBS,2,TASK_ARRIVED,CPU_Intensive,213.94,214.92,0.98,{'GREEDY': 100.0}
2119,OBS,2,TASK_ARRIVED,Generic_Service,213.97,214.11,0.13,{'GREEDY': 100.0}
2120,OBS,2,TASK_ARRIVED,CPU_and_Data_Intensive,214.02,215.02,1.0,{'GREEDY': 100.0}
2122,OBS,2,TASK_ARRIVED,CPU_and_Data_Intensive,214.22,215.12,0.9,{'GREEDY': 100.0}
2123,OBS,2,TASK_ARRIVED,CPU_and_Data_Intensive,214.24,214.71,0.47,{'GREEDY': 100.0}
2124,OBS,2,TASK_ARRIVED,CPU_Intensive,214.38,214.61,0.23,{'GREEDY': 100.0}
2125,OBS,2,TASK_ARRIVED,CPU_and_Data_Intensive,214.4,214.81,0.41,{'GREEDY': 100.0}
2127,OBS,2,TASK_ARRIVED,CPU_and_Data_Intensive,214.6,215.43,0.82,{'GREEDY': 100.0}
2128,OBS,2,TASK_ARRIVED,CPU_Intensive,214.67,215.32,0.66,{'GREEDY': 100.0}
2129,OBS,2,TASK_ARRIVED,CPU_and_Data_Intensive,214.86,215.22,0.36,{'GREEDY': 100.0}
2131,OBS,2,TASK_ARRIVED,CPU_and_Data_Intensive,215.14,215.53,0.39,{'GREEDY': 100.0}
2132,OBS,2,TASK_ARRIVED,CPU_Intensive,215.14,215.22,0.08,{'GREEDY': 100.0}
2133,OBS,2,TASK_ARRIVED,Generic_Service,215.17,215.33,0.16,{'GREEDY': 100.0}
2134,OBS,2,TASK_ARRIVED,CPU_Intensive,215.2,215.43,0.23,{'GREEDY': 100.0}
2135,OBS,2,TASK_ARRIVED,Generic_Service,215.48,215.63,0.15,{'GREEDY': 100.0}
2136,OBS,2,TASK_ARRIVED,CPU_Intensive,215.57,215.93,0.37,{'GREEDY': 100.0}
2137,OBS,2,TASK_ARRIVED,CPU_Intensive,215.93,216.34,0.4,{'GREEDY': 100.0}
2138,OBS,2,TASK_ARRIVED,CPU_Intensive,216.07,216.23,0.17,{'GREEDY': 100.0}
2140,OBS,2,TASK_ARRIVED,CPU_and_Data_Intensive,216.31,218.36,2.05,{'GREEDY': 100.0}
2141,OBS,2,TASK_ARRIVED,CPU_and_Data_Intensive,216.42,217.35,0.93,{'GREEDY': 100.0}
2142,OBS,2,TASK_ARRIVED,CPU_and_Data_Intensive,216.44,217.45,1.01,{'GREEDY': 100.0}
2143,OBS,2,TASK_ARRIVED,Generic_Service,216.52,216.74,0.22,{'GREEDY': 100.0}
2144,OBS,2,TASK_ARRIVED,CPU_Intensive,216.53,216.84,0.31,{'GREEDY': 100.0}
2145,OBS,2,TASK_ARRIVED,CPU_Intensive,216.57,217.04,0.48,{'GREEDY': 100.0}
2146,OBS,2,TASK_ARRIVED,CPU_and_Data_Intensive,216.58,218.06,1.48,{'GREEDY': 100.0}
2147,OBS,2,TASK_ARRIVED,Generic_Service,216.62,216.94,0.32,{'GREEDY': 100.0}
2148,OBS,2,TASK_ARRIVED,CPU_Intensive,216.63,217.14,0.51,{'GREEDY': 100.0}
2149,OBS,2,TASK_ARRIVED,Generic_Service,216.88,217.25,0.37,{'GREEDY': 100.0}
2150,OBS,2,TASK_ARRIVED,CPU_Intensive,217.09,217.55,0.46,{'GREEDY': 100.0}
2151,OBS,2,TASK_ARRIVED,CPU_Intensive,217.09,218.26,1.17,{'GREEDY': 100.0}
2152,OBS,2,TASK_ARRIVED,CPU_and_Data_Intensive,217.19,217.65,0.46,{'GREEDY': 100.0}
2153,OBS,2,TASK_ARRIVED,Generic_Service,217.21,217.25,0.04,{'GREEDY': 100.0}
2154,OBS,2,TASK_ARRIVED,CPU_Intensive,217.23,218.87,1.64,{'GREEDY': 100.0}
2155,OBS,2,TASK_ARRIVED,CPU_Intensive,217.27,218.16,0.89,{'GREEDY': 100.0}
2156,OBS,2,TASK_ARRIVED,CPU_and_Data_Intensive,217.33,218.56,1.23,{'GREEDY': 100.0}
2157,OBS,2,TASK_ARRIVED,CPU_and_Data_Intensive,217.41,218.97,1.56,{'GREEDY': 100.0}
2158,OBS,2,TASK_ARRIVED,Generic_Service,217.61,218.46,0.85,{'GREEDY': 100.0}
2159,OBS,2,TASK_ARRIVED,Generic_Service,217.84,218.36,0.52,{'GREEDY': 100.0}
2160,OBS,2,TASK_ARRIVED,Generic_Service,217.95,218.06,0.1,{'GREEDY': 100.0}
2161,OBS,2,TASK_ARRIVED,CPU_and_Data_Intensive,218.07,220.31,2.25,{'GREEDY': 100.0}
2162,OBS,2,TASK_ARRIVED,CPU_and_Data_Intensive,218.16,218.87,0.71,{'GREEDY': 100.0}
2163,OBS,2,TASK_ARRIVED,CPU_and_Data_Intensive,218.35,218.97,0.62,{'GREEDY': 100.0}
2164,OBS,2,TASK_ARRIVED,CPU_Intensive,218.37,219.28,0.91,{'GREEDY': 100.0}
2165,OBS,2,TASK_ARRIVED,CPU_Intensive,218.54,219.8,1.25,{'GREEDY': 100.0}
2166,OBS,2,TASK_ARRIVED,CPU_Intensive,218.58,219.07,0.49,{'GREEDY': 100.0}
2167,OBS,2,TASK_ARRIVED,Generic_Service,218.83,219.18,0.35,{'GREEDY': 100.0}
2168,OBS,2,TASK_ARRIVED,CPU_Intensive,218.87,219.07,0.2,{'GREEDY': 100.0}
2169,OBS,2,TASK_ARRIVED,CPU_Intensive,219.0,219.49,0.49,{'GREEDY': 100.0}
2170,OBS,2,TASK_ARRIVED,CPU_and_Data_Intensive,219.03,219.28,0.25,{'GREEDY': 100.0}
2171,OBS,2,TASK_ARRIVED,Generic_Service,219.07,219.18,0.11,{'GREEDY': 100.0}
2172,OBS,2,TASK_ARRIVED,Generic_Service,219.07,219.39,0.31,{'GREEDY': 100.0}
2173,OBS,2,TASK_ARRIVED,Generic_Service,219.1,219.28,0.18,{'GREEDY': 100.0}
2174,OBS,2,TASK_ARRIVED,CPU_Intensive,219.2,220.0,0.81,{'GREEDY': 100.0}
2175,OBS,2,TASK_ARRIVED,Generic_Service,219.22,219.39,0.17,{'GREEDY': 100.0}
2176,OBS,2,TASK_ARRIVED,Generic_Service,219.27,219.59,0.32,{'GREEDY': 100.0}
2177,OBS,2,TASK_ARRIVED,CPU_Intensive,219.32,219.9,0.58,{'GREEDY': 100.0}
2178,OBS,2,TASK_ARRIVED,Generic_Service,219.35,219.49,0.14,{'GREEDY': 100.0}
2179,OBS,2,TASK_ARRIVED,Generic_Service,219.38,219.7,0.31,{'GREEDY': 100.0}
2180,OBS,2,TASK_ARRIVED,CPU_Intensive,219.43,220.52,1.09,{'GREEDY': 100.0}
2181,OBS,2,TASK_ARRIVED,CPU_and_Data_Intensive,219.44,220.41,0.97,{'GREEDY': 100.0}
2182,OBS,2,TASK_ARRIVED,Generic_Service,219.53,219.59,0.06,{'GREEDY': 100.0}
2183,OBS,2,TASK_ARRIVED,Generic_Service,219.55,219.7,0.15,{'GREEDY': 100.0}
2184,OBS,2,TASK_ARRIVED,CPU_Intensive,219.63,219.9,0.27,{'GREEDY': 100.0}
2185,OBS,2,TASK_ARRIVED,CPU_Intensive,219.76,221.33,1.58,{'GREEDY': 100.0}
2187,OBS,2,TASK_ARRIVED,Generic_Service,219.86,220.0,0.14,{'GREEDY': 100.0}
2188,OBS,2,TASK_ARRIVED,Generic_Service,219.89,220.11,0.22,{'GREEDY': 100.0}
2189,OBS,2,TASK_ARRIVED,CPU_Intensive,219.94,220.31,0.37,{'GREEDY': 100.0}
2190,OBS,2,TASK_ARRIVED,Generic_Service,220.08,220.41,0.34,{'GREEDY': 100.0}
2191,OBS,2,TASK_ARRIVED,CPU_Intensive,220.08,220.21,0.12,{'GREEDY': 100.0}
2192,OBS,2,TASK_ARRIVED,Generic_Service,220.32,220.62,0.3,{'GREEDY': 100.0}
2193,OBS,2,TASK_ARRIVED,CPU_Intensive,220.37,222.15,1.77,{'GREEDY': 100.0}
2194,OBS,2,TASK_ARRIVED,Generic_Service,220.45,220.52,0.07,{'GREEDY': 100.0}
2195,OBS,2,TASK_ARRIVED,Generic_Service,220.58,220.72,0.15,{'GREEDY': 100.0}
2196,OBS,2,TASK_ARRIVED,Generic_Service,220.63,220.82,0.19,{'GREEDY': 100.0}
2197,OBS,2,TASK_ARRIVED,CPU_Intensive,220.66,221.13,0.47,{'GREEDY': 100.0}
2198,OBS,2,TASK_ARRIVED,CPU_and_Data_Intensive,220.7,221.23,0.54,{'GREEDY': 100.0}
2199,OBS,2,TASK_ARRIVED,Generic_Service,220.89,220.93,0.04,{'GREEDY': 100.0}
2200,OBS,2,TASK_ARRIVED,CPU_Intensive,220.94,221.74,0.8,{'GREEDY': 100.0}
2201,OBS,2,TASK_ARRIVED,CPU_Intensive,220.99,221.44,0.44,{'GREEDY': 100.0}
2202,OBS,2,TASK_ARRIVED,CPU_and_Data_Intensive,221.04,221.54,0.5,{'GREEDY': 100.0}
2203,OBS,2,TASK_ARRIVED,Generic_Service,221.17,221.23,0.07,{'GREEDY': 100.0}
2204,OBS,2,TASK_ARRIVED,CPU_Intensive,221.19,221.44,0.25,{'GREEDY': 100.0}
2205,OBS,2,TASK_ARRIVED,CPU_Intensive,221.26,222.05,0.79,{'GREEDY': 100.0}
2206,OBS,2,TASK_ARRIVED,Generic_Service,221.37,221.64,0.27,{'GREEDY': 100.0}
2207,OBS,2,TASK_ARRIVED,CPU_and_Data_Intensive,221.44,223.78,2.34,{'GREEDY': 100.0}
2208,OBS,2,TASK_ARRIVED,CPU_Intensive,221.53,222.36,0.82,{'GREEDY': 100.0}
2209,OBS,2,TASK_ARRIVED,CPU_Intensive,221.55,222.25,0.7,{'GREEDY': 100.0}
2210,OBS,2,TASK_ARRIVED,CPU_Intensive,221.67,222.46,0.79,{'GREEDY': 100.0}
2211,OBS,2,TASK_ARRIVED,CPU_and_Data_Intensive,221.68,222.05,0.37,{'GREEDY': 100.0}
2212,OBS,2,TASK_ARRIVED,CPU_Intensive,221.75,222.25,0.5,{'GREEDY': 100.0}
2213,OBS,2,TASK_ARRIVED,CPU_and_Data_Intensive,221.82,222.56,0.74,{'GREEDY': 100.0}
2214,OBS,2,TASK_ARRIVED,CPU_Intensive,221.83,222.15,0.32,{'GREEDY': 100.0}
2215,OBS,2,TASK_ARRIVED,CPU_and_Data_Intensive,222.1,223.98,1.88,{'GREEDY': 100.0}
2216,OBS,2,TASK_ARRIVED,CPU_Intensive,222.22,222.76,0.54,{'GREEDY': 100.0}
2217,OBS,2,TASK_ARRIVED,CPU_and_Data_Intensive,222.38,222.66,0.28,{'GREEDY': 100.0}
2218,OBS,2,TASK_ARRIVED,CPU_and_Data_Intensive,222.56,223.68,1.11,{'GREEDY': 100.0}
2219,OBS,2,TASK_ARRIVED,CPU_Intensive,222.71,223.57,0.86,{'GREEDY': 100.0}
2220,OBS,2,TASK_ARRIVED,Generic_Service,222.75,222.86,0.11,{'GREEDY': 100.0}
2221,OBS,2,TASK_ARRIVED,Generic_Service,223.12,223.16,0.04,{'GREEDY': 100.0}
2222,OBS,2,TASK_ARRIVED,Generic_Service,223.17,223.27,0.1,{'GREEDY': 100.0}
2223,OBS,2,TASK_ARRIVED,CPU_Intensive,223.18,223.37,0.18,{'GREEDY': 100.0}
2224,OBS,2,TASK_ARRIVED,Generic_Service,223.27,223.47,0.2,{'GREEDY': 100.0}
2225,OBS,2,TASK_ARRIVED,CPU_Intensive,223.6,224.19,0.59,{'GREEDY': 100.0}
2226,OBS,2,TASK_ARRIVED,CPU_and_Data_Intensive,223.62,224.6,0.97,{'GREEDY': 100.0}
2227,OBS,2,TASK_ARRIVED,Generic_Service,223.68,223.88,0.2,{'GREEDY': 100.0}
2228,OBS,2,TASK_ARRIVED,CPU_Intensive,223.89,224.08,0.2,{'GREEDY': 100.0}
2229,OBS,2,TASK_ARRIVED,CPU_and_Data_Intensive,223.94,224.39,0.45,{'GREEDY': 100.0}
2230,OBS,2,TASK_ARRIVED,CPU_Intensive,223.97,224.29,0.31,{'GREEDY': 100.0}
2231,OBS,2,TASK_ARRIVED,CPU_and_Data_Intensive,224.01,225.0,1.0,{'GREEDY': 100.0}
2232,OBS,2,TASK_ARRIVED,Generic_Service,224.03,224.19,0.16,{'GREEDY': 100.0}
2233,OBS,2,TASK_ARRIVED,Generic_Service,224.14,224.49,0.36,{'GREEDY': 100.0}
2234,OBS,2,TASK_ARRIVED,CPU_Intensive,224.15,224.7,0.55,{'GREEDY': 100.0}
2235,OBS,2,TASK_ARRIVED,CPU_Intensive,224.3,224.9,0.6,{'GREEDY': 100.0}
2236,OBS,2,TASK_ARRIVED,CPU_Intensive,224.54,225.2,0.67,{'GREEDY': 100.0}
2237,OBS,2,TASK_ARRIVED,Generic_Service,224.64,224.7,0.06,{'GREEDY': 100.0}
2238,OBS,2,TASK_ARRIVED,Generic_Service,224.65,224.8,0.15,{'GREEDY': 100.0}
2239,OBS,2,TASK_ARRIVED,CPU_and_Data_Intensive,224.66,226.32,1.65,{'GREEDY': 100.0}
2240,OBS,2,TASK_ARRIVED,CPU_and_Data_Intensive,225.12,225.41,0.29,{'GREEDY': 100.0}
2241,OBS,2,TASK_ARRIVED,CPU_Intensive,225.16,225.61,0.44,{'GREEDY': 100.0}
2242,OBS,2,TASK_ARRIVED,CPU_Intensive,225.42,226.52,1.1,{'GREEDY': 100.0}
2243,OBS,2,TASK_ARRIVED,CPU_and_Data_Intensive,225.57,225.71,0.14,{'GREEDY': 100.0}
2244,OBS,2,TASK_ARRIVED,Generic_Service,225.77,225.91,0.14,{'GREEDY': 100.0}
2245,OBS,2,TASK_ARRIVED,CPU_Intensive,225.84,226.11,0.27,{'GREEDY': 100.0}
2246,OBS,2,TASK_ARRIVED,CPU_Intensive,225.93,227.23,1.3,{'GREEDY': 100.0}
2247,OBS,2,TASK_ARRIVED,CPU_Intensive,226.07,226.72,0.65,{'GREEDY': 100.0}
2248,OBS,2,TASK_ARRIVED,CPU_Intensive,226.09,226.32,0.23,{'GREEDY': 100.0}
2249,OBS,2,TASK_ARRIVED,Generic_Service,226.09,226.21,0.13,{'GREEDY': 100.0}
2250,OBS,2,TASK_ARRIVED,CPU_Intensive,226.1,226.42,0.32,{'GREEDY': 100.0}
2251,OBS,2,TASK_ARRIVED,CPU_and_Data_Intensive,226.14,227.84,1.71,{'GREEDY': 100.0}
2252,OBS,2,TASK_ARRIVED,CPU_Intensive,226.26,227.02,0.77,{'GREEDY': 100.0}
2253,OBS,2,TASK_ARRIVED,CPU_and_Data_Intensive,226.32,227.23,0.91,{'GREEDY': 100.0}
2254,OBS,2,TASK_ARRIVED,CPU_Intensive,226.37,227.74,1.37,{'GREEDY': 100.0}
2255,OBS,2,TASK_ARRIVED,CPU_and_Data_Intensive,226.46,227.13,0.66,{'GREEDY': 100.0}
2256,OBS,2,TASK_ARRIVED,CPU_and_Data_Intensive,226.52,227.43,0.91,{'GREEDY': 100.0}
2257,OBS,2,TASK_ARRIVED,Generic_Service,226.54,226.82,0.28,{'GREEDY': 100.0}
2258,OBS,2,TASK_ARRIVED,CPU_Intensive,226.74,227.33,0.59,{'GREEDY': 100.0}
2259,OBS,2,TASK_ARRIVED,CPU_and_Data_Intensive,226.78,227.64,0.86,{'GREEDY': 100.0}
2260,OBS,2,TASK_ARRIVED,Generic_Service,226.89,227.13,0.23,{'GREEDY': 100.0}
2261,OBS,2,TASK_ARRIVED,CPU_Intensive,227.01,227.53,0.53,{'GREEDY': 100.0}
2262,OBS,2,TASK_ARRIVED,Generic_Service,227.07,227.43,0.36,{'GREEDY': 100.0}
2263,OBS,2,TASK_ARRIVED,CPU_Intensive,227.15,227.64,0.48,{'GREEDY': 100.0}
2264,OBS,2,TASK_ARRIVED,CPU_Intensive,227.25,228.96,1.71,{'GREEDY': 100.0}
2265,OBS,2,TASK_ARRIVED,CPU_Intensive,227.4,227.74,0.34,{'GREEDY': 100.0}
2266,OBS,2,TASK_ARRIVED,Generic_Service,227.45,227.53,0.08,{'GREEDY': 100.0}
2267,OBS,2,TASK_ARRIVED,CPU_Intensive,227.53,229.36,1.83,{'GREEDY': 100.0}
2268,OBS,2,TASK_ARRIVED,Generic_Service,227.58,227.94,0.36,{'GREEDY': 100.0}
2269,OBS,2,TASK_ARRIVED,CPU_Intensive,227.69,228.04,0.35,{'GREEDY': 100.0}
2271,OBS,2,TASK_ARRIVED,CPU_Intensive,227.75,228.24,0.49,{'GREEDY': 100.0}
2272,OBS,2,TASK_ARRIVED,CPU_Intensive,227.97,228.65,0.68,{'GREEDY': 100.0}
2273,OBS,2,TASK_ARRIVED,Generic_Service,228.19,228.35,0.16,{'GREEDY': 100.0}
2274,OBS,2,TASK_ARRIVED,CPU_Intensive,228.19,228.75,0.56,{'GREEDY': 100.0}
2275,OBS,2,TASK_ARRIVED,Generic_Service,228.2,228.55,0.35,{'GREEDY': 100.0}
2276,OBS,2,TASK_ARRIVED,Generic_Service,228.22,228.45,0.23,{'GREEDY': 100.0}
2277,OBS,2,TASK_ARRIVED,Generic_Service,228.33,228.65,0.33,{'GREEDY': 100.0}
2278,OBS,2,TASK_ARRIVED,Generic_Service,228.39,228.45,0.06,{'GREEDY': 100.0}
2279,OBS,2,TASK_ARRIVED,Generic_Service,228.43,228.55,0.12,{'GREEDY': 100.0}
2280,OBS,2,TASK_ARRIVED,Generic_Service,228.48,228.86,0.38,{'GREEDY': 100.0}
2281,OBS,2,TASK_ARRIVED,CPU_Intensive,228.52,231.29,2.78,{'GREEDY': 100.0}
2282,OBS,2,TASK_ARRIVED,CPU_Intensive,228.61,229.06,0.44,{'GREEDY': 100.0}
2283,OBS,2,TASK_ARRIVED,CPU_and_Data_Intensive,228.85,229.46,0.61,{'GREEDY': 100.0}
2284,OBS,2,TASK_ARRIVED,CPU_Intensive,229.01,229.16,0.15,{'GREEDY': 100.0}
2285,OBS,2,TASK_ARRIVED,CPU_Intensive,229.03,229.96,0.94,{'GREEDY': 100.0}
2286,OBS,2,TASK_ARRIVED,Generic_Service,229.04,229.26,0.22,{'GREEDY': 100.0}
2287,OBS,2,TASK_ARRIVED,CPU_Intensive,229.05,230.07,1.01,{'GREEDY': 100.0}
2289,OBS,2,TASK_ARRIVED,CPU_Intensive,229.16,229.86,0.7,{'GREEDY': 100.0}
2290,OBS,2,TASK_ARRIVED,CPU_Intensive,229.18,229.76,0.58,{'GREEDY': 100.0}
2291,OBS,2,TASK_ARRIVED,CPU_and_Data_Intensive,229.35,230.27,0.92,{'GREEDY': 100.0}
2292,OBS,2,TASK_ARRIVED,CPU_and_Data_Intensive,229.44,230.99,1.54,{'GREEDY': 100.0}
2293,OBS,2,TASK_ARRIVED,CPU_Intensive,229.47,231.09,1.62,{'GREEDY': 100.0}
2294,OBS,2,TASK_ARRIVED,Generic_Service,229.59,230.17,0.58,{'GREEDY': 100.0}
2295,OBS,2,TASK_ARRIVED,Generic_Service,229.82,230.37,0.55,{'GREEDY': 100.0}
2296,OBS,2,TASK_ARRIVED,CPU_and_Data_Intensive,229.92,230.89,0.97,{'GREEDY': 100.0}
2297,OBS,2,TASK_ARRIVED,Generic_Service,230.14,230.47,0.33,{'GREEDY': 100.0}
2298,OBS,2,TASK_ARRIVED,CPU_and_Data_Intensive,230.22,231.09,0.87,{'GREEDY': 100.0}
2299,OBS,2,TASK_ARRIVED,CPU_Intensive,230.3,230.68,0.38,{'GREEDY': 100.0}
2300,OBS,2,TASK_ARRIVED,Generic_Service,230.34,230.57,0.23,{'GREEDY': 100.0}
2301,OBS,2,TASK_ARRIVED,CPU_Intensive,230.36,230.99,0.63,{'GREEDY': 100.0}
2302,OBS,2,TASK_ARRIVED,Generic_Service,230.37,230.89,0.52,{'GREEDY': 100.0}
2303,OBS,2,TASK_ARRIVED,Generic_Service,230.42,230.78,0.36,{'GREEDY': 100.0}
2304,OBS,2,TASK_ARRIVED,Generic_Service,230.51,230.68,0.17,{'GREEDY': 100.0}
2305,OBS,2,TASK_ARRIVED,Generic_Service,230.53,230.78,0.25,{'GREEDY': 100.0}
2306,OBS,2,TASK_ARRIVED,CPU_Intensive,230.8,231.6,0.8,{'GREEDY': 100.0}
2307,OBS,2,TASK_ARRIVED,CPU_Intensive,230.84,232.52,1.68,{'GREEDY': 100.0}
2308,OBS,2,TASK_ARRIVED,CPU_Intensive,230.85,231.19,0.34,{'GREEDY': 100.0}
2309,OBS,2,TASK_ARRIVED,CPU_and_Data_Intensive,230.93,231.71,0.78,{'GREEDY': 100.0}
2310,OBS,2,TASK_ARRIVED,CPU_Intensive,230.93,231.71,0.78,{'GREEDY': 100.0}
2311,OBS,2,TASK_ARRIVED,CPU_Intensive,231.09,231.4,0.3,{'GREEDY': 100.0}
2312,OBS,2,TASK_ARRIVED,CPU_and_Data_Intensive,231.29,231.91,0.62,{'GREEDY': 100.0}
2313,OBS,2,TASK_ARRIVED,Generic_Service,231.43,231.81,0.38,{'GREEDY': 100.0}
2314,OBS,2,TASK_ARRIVED,Generic_Service,231.55,231.6,0.05,{'GREEDY': 100.0}
2315,OBS,2,TASK_ARRIVED,Generic_Service,231.63,231.81,0.18,{'GREEDY': 100.0}
2316,OBS,2,TASK_ARRIVED,CPU_and_Data_Intensive,231.8,232.93,1.13,{'GREEDY': 100.0}
2317,OBS,2,TASK_ARRIVED,CPU_Intensive,231.9,232.93,1.03,{'GREEDY': 100.0}
2318,OBS,2,TASK_ARRIVED,Generic_Service,232.01,232.21,0.21,{'GREEDY': 100.0}
2319,OBS,2,TASK_ARRIVED,Generic_Service,232.02,232.11,0.09,{'GREEDY': 100.0}
2320,OBS,2,TASK_ARRIVED,Generic_Service,232.28,232.41,0.14,{'GREEDY': 100.0}
2321,OBS,2,TASK_ARRIVED,CPU_Intensive,232.29,233.03,0.75,{'GREEDY': 100.0}
2322,OBS,2,TASK_ARRIVED,CPU_Intensive,232.3,233.95,1.66,{'GREEDY': 100.0}
2323,OBS,2,TASK_ARRIVED,CPU_Intensive,232.39,232.72,0.33,{'GREEDY': 100.0}
2324,OBS,2,TASK_ARRIVED,Generic_Service,232.41,232.62,0.21,{'GREEDY': 100.0}
2325,OBS,2,TASK_ARRIVED,CPU_Intensive,232.41,232.83,0.41,{'GREEDY': 100.0}
2326,OBS,2,TASK_ARRIVED,CPU_Intensive,232.53,233.14,0.61,{'GREEDY': 100.0}
2327,OBS,2,TASK_ARRIVED,Generic_Service,232.61,232.72,0.12,{'GREEDY': 100.0}
2328,OBS,2,TASK_ARRIVED,CPU_Intensive,232.61,233.24,0.63,{'GREEDY': 100.0}
2329,OBS,2,TASK_ARRIVED,CPU_Intensive,232.66,233.03,0.37,{'GREEDY': 100.0}
2330,OBS,2,TASK_ARRIVED,CPU_Intensive,232.84,233.24,0.4,{'GREEDY': 100.0}
2331,OBS,2,TASK_ARRIVED,CPU_Intensive,232.93,233.75,0.82,{'GREEDY': 100.0}
2332,OBS,2,TASK_ARRIVED,CPU_and_Data_Intensive,232.95,233.44,0.49,{'GREEDY': 100.0}
2333,OBS,2,TASK_ARRIVED,CPU_Intensive,233.01,233.85,0.84,{'GREEDY': 100.0}
2334,OBS,2,TASK_ARRIVED,Generic_Service,233.18,233.34,0.16,{'GREEDY': 100.0}
2335,OBS,2,TASK_ARRIVED,CPU_and_Data_Intensive,233.31,233.54,0.23,{'GREEDY': 100.0}
2337,OBS,2,TASK_ARRIVED,CPU_Intensive,233.42,234.47,1.05,{'GREEDY': 100.0}
2338,OBS,2,TASK_ARRIVED,Generic_Service,233.5,233.65,0.14,{'GREEDY': 100.0}
2339,OBS,2,TASK_ARRIVED,CPU_Intensive,233.53,234.37,0.84,{'GREEDY': 100.0}
2340,OBS,2,TASK_ARRIVED,CPU_Intensive,233.7,234.26,0.56,{'GREEDY': 100.0}
2341,OBS,3,TASK_ARRIVED,Generic_Service,233.76,234.06,0.3,{'GREEDY': 100.0}
2342,OBS,2,TASK_ARRIVED,Generic_Service,233.92,234.06,0.13,{'GREEDY': 100.0}
2343,OBS,2,TASK_ARRIVED,CPU_and_Data_Intensive,233.97,234.26,0.29,{'GREEDY': 100.0}
2344,OBS,2,TASK_ARRIVED,CPU_and_Data_Intensive,233.99,234.16,0.17,{'GREEDY': 100.0}
2345,OBS,2,TASK_ARRIVED,Generic_Service,234.07,234.37,0.3,{'GREEDY': 100.0}
2346,OBS,2,TASK_ARRIVED,Generic_Service,234.17,234.47,0.29,{'GREEDY': 100.0}
2347,OBS,2,TASK_ARRIVED,Generic_Service,234.21,234.57,0.36,{'GREEDY': 100.0}
2348,OBS,2,TASK_ARRIVED,CPU_and_Data_Intensive,234.32,234.67,0.35,{'GREEDY': 100.0}
2349,OBS,2,TASK_ARRIVED,CPU_and_Data_Intensive,234.38,235.08,0.69,{'GREEDY': 100.0}
2350,OBS,2,TASK_ARRIVED,CPU_Intensive,234.39,234.77,0.39,{'GREEDY': 100.0}
2351,OBS,2,TASK_ARRIVED,CPU_and_Data_Intensive,234.56,234.87,0.31,{'GREEDY': 100.0}
2352,OBS,2,TASK_ARRIVED,CPU_Intensive,234.61,234.97,0.36,{'GREEDY': 100.0}
2353,OBS,2,TASK_ARRIVED,CPU_and_Data_Intensive,234.71,235.48,0.77,{'GREEDY': 100.0}
2354,OBS,2,TASK_ARRIVED,Generic_Service,235.01,235.18,0.17,{'GREEDY': 100.0}
2355,OBS,2,TASK_ARRIVED,CPU_Intensive,235.06,237.52,2.46,{'GREEDY': 100.0}
2356,OBS,2,TASK_ARRIVED,Generic_Service,235.13,235.28,0.15,{'GREEDY': 100.0}
2357,OBS,2,TASK_ARRIVED,CPU_Intensive,235.3,235.68,0.38,{'GREEDY': 100.0}
2358,OBS,2,TASK_ARRIVED,CPU_and_Data_Intensive,235.57,235.88,0.31,{'GREEDY': 100.0}
2359,OBS,2,TASK_ARRIVED,Generic_Service,235.66,235.78,0.12,{'GREEDY': 100.0}
2360,OBS,2,TASK_ARRIVED,CPU_Intensive,235.73,236.59,0.86,{'GREEDY': 100.0}
2361,OBS,2,TASK_ARRIVED,CPU_and_Data_Intensive,235.77,237.0,1.23,{'GREEDY': 100.0}
2362,OBS,2,TASK_ARRIVED,CPU_and_Data_Intensive,235.79,236.09,0.29,{'GREEDY': 100.0}
2363,OBS,2,TASK_ARRIVED,CPU_Intensive,235.95,237.62,1.67,{'GREEDY': 100.0}
2364,OBS,2,TASK_ARRIVED,CPU_and_Data_Intensive,235.96,236.8,0.84,{'GREEDY': 100.0}
2365,OBS,2,TASK_ARRIVED,Generic_Service,235.96,235.99,0.02,{'GREEDY': 100.0}
2366,OBS,2,TASK_ARRIVED,CPU_Intensive,235.97,236.49,0.52,{'GREEDY': 100.0}
2367,OBS,2,TASK_ARRIVED,CPU_Intensive,235.98,236.39,0.41,{'GREEDY': 100.0}
2368,OBS,2,TASK_ARRIVED,CPU_and_Data_Intensive,236.05,236.69,0.64,{'GREEDY': 100.0}
2369,OBS,2,TASK_ARRIVED,CPU_Intensive,236.19,238.23,2.04,{'GREEDY': 100.0}
2370,OBS,2,TASK_ARRIVED,CPU_Intensive,236.25,236.59,0.34,{'GREEDY': 100.0}
2371,OBS,2,TASK_ARRIVED,CPU_Intensive,236.45,237.52,1.07,{'GREEDY': 100.0}
2372,OBS,2,TASK_ARRIVED,CPU_Intensive,236.47,236.9,0.43,{'GREEDY': 100.0}
2373,OBS,2,TASK_ARRIVED,CPU_Intensive,236.57,236.9,0.33,{'GREEDY': 100.0}
2374,OBS,2,TASK_ARRIVED,CPU_and_Data_Intensive,236.57,237.82,1.25,{'GREEDY': 100.0}
2375,OBS,2,TASK_ARRIVED,Generic_Service,236.6,236.8,0.2,{'GREEDY': 100.0}
2376,OBS,2,TASK_ARRIVED,CPU_and_Data_Intensive,236.74,237.31,0.57,{'GREEDY': 100.0}
2378,OBS,2,TASK_ARRIVED,Generic_Service,236.85,237.11,0.26,{'GREEDY': 100.0}
2379,OBS,2,TASK_ARRIVED,Generic_Service,236.88,237.21,0.32,{'GREEDY': 100.0}
2380,OBS,2,TASK_ARRIVED,CPU_Intensive,237.01,237.41,0.4,{'GREEDY': 100.0}
2381,OBS,2,TASK_ARRIVED,Generic_Service,237.04,237.41,0.38,{'GREEDY': 100.0}
2383,OBS,2,TASK_ARRIVED,CPU_and_Data_Intensive,237.13,237.72,0.59,{'GREEDY': 100.0}
2384,OBS,2,TASK_ARRIVED,Generic_Service,237.43,237.72,0.3,{'GREEDY': 100.0}
2385,OBS,2,TASK_ARRIVED,CPU_and_Data_Intensive,237.48,238.12,0.65,{'GREEDY': 100.0}
2386,OBS,2,TASK_ARRIVED,CPU_Intensive,237.57,237.92,0.36,{'GREEDY': 100.0}
2387,OBS,2,TASK_ARRIVED,CPU_Intensive,237.67,238.02,0.35,{'GREEDY': 100.0}
2388,OBS,2,TASK_ARRIVED,CPU_Intensive,237.87,238.43,0.56,{'GREEDY': 100.0}
2389,OBS,2,TASK_ARRIVED,CPU_Intensive,237.99,239.94,1.96,{'GREEDY': 100.0}
2390,OBS,2,TASK_ARRIVED,CPU_and_Data_Intensive,238.15,239.34,1.18,{'GREEDY': 100.0}
2391,OBS,2,TASK_ARRIVED,Generic_Service,238.2,238.33,0.13,{'GREEDY': 100.0}
2392,OBS,2,TASK_ARRIVED,CPU_Intensive,238.23,238.53,0.3,{'GREEDY': 100.0}
2393,OBS,2,TASK_ARRIVED,CPU_Intensive,238.48,240.56,2.07,{'GREEDY': 100.0}
2394,OBS,2,TASK_ARRIVED,CPU_Intensive,238.5,238.73,0.23,{'GREEDY': 100.0}
2395,OBS,2,TASK_ARRIVED,CPU_Intensive,238.67,239.03,0.36,{'GREEDY': 100.0}
2396,OBS,2,TASK_ARRIVED,Generic_Service,238.9,239.14,0.24,{'GREEDY': 100.0}
2397,OBS,2,TASK_ARRIVED,CPU_Intensive,239.12,240.05,0.92,{'GREEDY': 100.0}
2398,OBS,2,TASK_ARRIVED,CPU_Intensive,239.18,239.74,0.56,{'GREEDY': 100.0}
2399,OBS,2,TASK_ARRIVED,CPU_Intensive,239.26,240.87,1.61,{'GREEDY': 100.0}
2400,OBS,2,TASK_ARRIVED,CPU_and_Data_Intensive,239.27,239.84,0.58,{'GREEDY': 100.0}
2401,OBS,2,TASK_ARRIVED,Generic_Service,239.27,239.44,0.17,{'GREEDY': 100.0}
2402,OBS,2,TASK_ARRIVED,CPU_Intensive,239.4,240.66,1.26,{'GREEDY': 100.0}
2403,OBS,2,TASK_ARRIVED,CPU_and_Data_Intensive,239.5,240.15,0.64,{'GREEDY': 100.0}
2404,OBS,2,TASK_ARRIVED,CPU_Intensive,239.67,240.25,0.58,{'GREEDY': 100.0}
2405,OBS,2,TASK_ARRIVED,Generic_Service,239.82,240.46,0.64,{'GREEDY': 100.0}
2406,OBS,2,TASK_ARRIVED,Generic_Service,239.84,240.36,0.52,{'GREEDY': 100.0}
2407,OBS,2,TASK_ARRIVED,CPU_Intensive,240.07,240.87,0.79,{'GREEDY': 100.0}
2408,OBS,2,TASK_ARRIVED,Generic_Service,240.1,240.25,0.16,{'GREEDY': 100.0}
2409,OBS,2,TASK_ARRIVED,Generic_Service,240.16,240.36,0.2,{'GREEDY': 100.0}
2410,OBS,2,TASK_ARRIVED,CPU_and_Data_Intensive,240.19,240.76,0.57,{'GREEDY': 100.0}
2411,OBS,2,TASK_ARRIVED,CPU_and_Data_Intensive,240.4,241.07,0.67,{'GREEDY': 100.0}
2412,OBS,2,TASK_ARRIVED,Generic_Service,240.41,240.76,0.36,{'GREEDY': 100.0}
2413,OBS,2,TASK_ARRIVED,CPU_Intensive,240.52,242.99,2.47,{'GREEDY': 100.0}
2414,OBS,2,TASK_ARRIVED,CPU_and_Data_Intensive,240.62,240.97,0.34,{'GREEDY': 100.0}
2415,OBS,2,TASK_ARRIVED,CPU_and_Data_Intensive,240.71,241.88,1.17,{'GREEDY': 100.0}
2416,OBS,2,TASK_ARRIVED,CPU_Intensive,240.83,241.67,0.85,{'GREEDY': 100.0}
2417,OBS,2,TASK_ARRIVED,Generic_Service,240.98,241.27,0.29,{'GREEDY': 100.0}
2418,OBS,2,TASK_ARRIVED,Generic_Service,241.0,241.37,0.37,{'GREEDY': 100.0}
2419,OBS,2,TASK_ARRIVED,CPU_and_Data_Intensive,241.1,242.18,1.08,{'GREEDY': 100.0}
2420,OBS,2,TASK_ARRIVED,Generic_Service,241.13,241.47,0.34,{'GREEDY': 100.0}
2421,OBS,2,TASK_ARRIVED,CPU_Intensive,241.24,242.08,0.84,{'GREEDY': 100.0}
2422,OBS,2,TASK_ARRIVED,Generic_Service,241.28,241.57,0.3,{'GREEDY': 100.0}
2423,OBS,1,TASK_ARRIVED,Generic_Service,241.3,241.37,0.07,{'GREEDY': 100.0}
2424,OBS,2,TASK_ARRIVED,CPU_Intensive,241.52,242.28,0.77,{'GREEDY': 100.0}
2425,OBS,2,TASK_ARRIVED,Generic_Service,241.59,241.98,0.39,{'GREEDY': 100.0}
2426,OBS,2,TASK_ARRIVED,CPU_and_Data_Intensive,241.94,243.09,1.15,{'GREEDY': 100.0}
2427,OBS,2,TASK_ARRIVED,Generic_Service,242.11,242.38,0.27,{'GREEDY': 100.0}
2428,OBS,2,TASK_ARRIVED,CPU_Intensive,242.12,242.48,0.36,{'GREEDY': 100.0}
2429,OBS,2,TASK_ARRIVED,CPU_and_Data_Intensive,242.26,243.2,0.93,{'GREEDY': 100.0}
2430,OBS,2,TASK_ARRIVED,CPU_Intensive,242.34,242.89,0.55,{'GREEDY': 100.0}
2431,OBS,2,TASK_ARRIVED,CPU_and_Data_Intensive,242.37,243.2,0.83,{'GREEDY': 100.0}
2432,OBS,2,TASK_ARRIVED,Generic_Service,242.41,242.58,0.18,{'GREEDY': 100.0}
2433,OBS,2,TASK_ARRIVED,CPU_Intensive,242.46,242.79,0.33,{'GREEDY': 100.0}
2434,OBS,2,TASK_ARRIVED,CPU_Intensive,242.73,243.3,0.57,{'GREEDY': 100.0}
2435,OBS,2,TASK_ARRIVED,Generic_Service,242.75,242.99,0.25,{'GREEDY': 100.0}
2436,OBS,2,TASK_ARRIVED,CPU_and_Data_Intensive,242.78,243.5,0.72,{'GREEDY': 100.0}
2437,OBS,2,TASK_ARRIVED,Generic_Service,242.83,243.09,0.26,{'GREEDY': 100.0}
2438,OBS,2,TASK_ARRIVED,Generic_Service,242.92,243.4,0.47,{'GREEDY': 100.0}
2439,OBS,2,TASK_ARRIVED,CPU_and_Data_Intensive,242.97,243.9,0.94,{'GREEDY': 100.0}
2440,OBS,2,TASK_ARRIVED,Generic_Service,243.0,243.3,0.3,{'GREEDY': 100.0}
2442,OBS,2,TASK_ARRIVED,CPU_Intensive,243.18,243.8,0.62,{'GREEDY': 100.0}
2443,OBS,2,TASK_ARRIVED,CPU_Intensive,243.31,243.7,0.39,{'GREEDY': 100.0}
2444,OBS,2,TASK_ARRIVED,Generic_Service,243.38,243.8,0.42,{'GREEDY': 100.0}
2445,OBS,2,TASK_ARRIVED,Generic_Service,243.52,244.01,0.49,{'GREEDY': 100.0}
2446,OBS,2,TASK_ARRIVED,CPU_Intensive,243.55,244.42,0.87,{'GREEDY': 100.0}
2447,OBS,2,TASK_ARRIVED,Generic_Service,243.56,243.7,0.14,{'GREEDY': 100.0}
2448,OBS,2,TASK_ARRIVED,CPU_Intensive,243.68,244.11,0.43,{'GREEDY': 100.0}
2449,OBS,2,TASK_ARRIVED,CPU_and_Data_Intensive,243.71,244.01,0.3,{'GREEDY': 100.0}
2450,OBS,2,TASK_ARRIVED,Generic_Service,243.71,244.21,0.5,{'GREEDY': 100.0}
2451,OBS,2,TASK_ARRIVED,CPU_Intensive,243.72,244.52,0.79,{'GREEDY': 100.0}
2452,OBS,2,TASK_ARRIVED,CPU_Intensive,243.78,244.32,0.54,{'GREEDY': 100.0}
2453,OBS,2,TASK_ARRIVED,Generic_Service,243.91,244.11,0.2,{'GREEDY': 100.0}
2454,OBS,2,TASK_ARRIVED,CPU_Intensive,244.45,245.12,0.67,{'GREEDY': 100.0}
2455,OBS,2,TASK_ARRIVED,CPU_Intensive,244.56,244.82,0.26,{'GREEDY': 100.0}
2456,OBS,2,TASK_ARRIVED,CPU_Intensive,244.58,245.94,1.37,{'GREEDY': 100.0}
2457,OBS,2,TASK_ARRIVED,CPU_Intensive,244.66,245.54,0.88,{'GREEDY': 100.0}
2458,OBS,2,TASK_ARRIVED,Generic_Service,244.98,245.22,0.25,{'GREEDY': 100.0}
2459,OBS,2,TASK_ARRIVED,Generic_Service,245.01,245.33,0.32,{'GREEDY': 100.0}
2460,OBS,2,TASK_ARRIVED,Generic_Service,245.09,245.43,0.34,{'GREEDY': 100.0}
2461,OBS,2,TASK_ARRIVED,CPU_and_Data_Intensive,245.15,246.45,1.3,{'GREEDY': 100.0}
2462,OBS,2,TASK_ARRIVED,Generic_Service,245.19,245.64,0.45,{'GREEDY': 100.0}
2463,OBS,2,TASK_ARRIVED,CPU_and_Data_Intensive,245.24,245.54,0.29,{'GREEDY': 100.0}
2464,OBS,2,TASK_ARRIVED,Generic_Service,245.33,245.74,0.41,{'GREEDY': 100.0}
2465,OBS,2,TASK_ARRIVED,CPU_Intensive,245.37,245.64,0.27,{'GREEDY': 100.0}
2466,OBS,2,TASK_ARRIVED,Generic_Service,245.41,245.84,0.44,{'GREEDY': 100.0}
2468,OBS,2,TASK_ARRIVED,CPU_and_Data_Intensive,245.62,248.56,2.95,{'GREEDY': 100.0}
2469,OBS,2,TASK_ARRIVED,CPU_Intensive,245.72,247.76,2.04,{'GREEDY': 100.0}
2470,OBS,3,TASK_ARRIVED,Generic_Service,245.75,246.15,0.4,{'GREEDY': 100.0}
2471,OBS,2,TASK_ARRIVED,CPU_Intensive,245.95,247.15,1.2,{'GREEDY': 100.0}
2472,OBS,2,TASK_ARRIVED,Generic_Service,245.96,246.25,0.29,{'GREEDY': 100.0}
2473,OBS,2,TASK_ARRIVED,Generic_Service,245.99,246.35,0.36,{'GREEDY': 100.0}
2474,OBS,2,TASK_ARRIVED,Generic_Service,246.02,246.55,0.53,{'GREEDY': 100.0}
2475,OBS,2,TASK_ARRIVED,CPU_Intensive,246.66,247.66,1.0,{'GREEDY': 100.0}
2476,OBS,2,TASK_ARRIVED,CPU_and_Data_Intensive,246.67,246.95,0.28,{'GREEDY': 100.0}
2477,OBS,2,TASK_ARRIVED,CPU_Intensive,247.0,247.36,0.36,{'GREEDY': 100.0}
2478,OBS,2,TASK_ARRIVED,Generic_Service,247.01,247.25,0.25,{'GREEDY': 100.0}
2479,OBS,2,TASK_ARRIVED,CPU_and_Data_Intensive,247.07,247.86,0.79,{'GREEDY': 100.0}
2480,OBS,2,TASK_ARRIVED,CPU_Intensive,247.51,247.96,0.45,{'GREEDY': 100.0}
2481,OBS,2,TASK_ARRIVED,CPU_Intensive,247.75,248.26,0.52,{'GREEDY': 100.0}
2482,OBS,2,TASK_ARRIVED,CPU_Intensive,247.94,248.16,0.22,{'GREEDY': 100.0}
2483,OBS,2,TASK_ARRIVED,Generic_Service,248.04,248.36,0.33,{'GREEDY': 100.0}
2484,OBS,2,TASK_ARRIVED,CPU_Intensive,248.13,249.17,1.04,{'GREEDY': 100.0}
2485,OBS,2,TASK_ARRIVED,CPU_Intensive,248.3,250.17,1.87,{'GREEDY': 100.0}
2486,OBS,2,TASK_ARRIVED,CPU_Intensive,248.33,248.77,0.44,{'GREEDY': 100.0}
2487,OBS,2,TASK_ARRIVED,Generic_Service,248.47,248.66,0.19,{'GREEDY': 100.0}
2488,OBS,2,TASK_ARRIVED,CPU_Intensive,248.56,249.07,0.51,{'GREEDY': 100.0}
2489,OBS,2,TASK_ARRIVED,Generic_Service,248.58,248.87,0.29,{'GREEDY': 100.0}
2490,OBS,2,TASK_ARRIVED,CPU_and_Data_Intensive,248.59,248.97,0.37,{'GREEDY': 100.0}
2491,OBS,2,TASK_ARRIVED,CPU_Intensive,248.66,249.37,0.71,{'GREEDY': 100.0}
2492,OBS,2,TASK_ARRIVED,CPU_Intensive,248.84,249.67,0.83,{'GREEDY': 100.0}
2493,OBS,2,TASK_ARRIVED,CPU_and_Data_Intensive,249.04,249.97,0.93,{'GREEDY': 100.0}
2494,OBS,2,TASK_ARRIVED,CPU_Intensive,249.17,250.07,0.9,{'GREEDY': 100.0}
2495,OBS,2,TASK_ARRIVED,Generic_Service,249.22,249.47,0.25,{'GREEDY': 100.0}
2496,OBS,2,TASK_ARRIVED,CPU_Intensive,249.47,251.48,2.01,{'GREEDY': 100.0}
2497,OBS,2,TASK_ARRIVED,CPU_Intensive,249.49,250.68,1.19,{'GREEDY': 100.0}
2498,OBS,2,TASK_ARRIVED,Generic_Service,249.65,250.27,0.63,{'GREEDY': 100.0}
2499,OBS,2,TASK_ARRIVED,CPU_Intensive,249.87,250.98,1.11,{'GREEDY': 100.0}
2500,OBS,2,TASK_ARRIVED,CPU_Intensive,250.02,250.48,0.46,{'GREEDY': 100.0}
2501,OBS,2,TASK_ARRIVED,Generic_Service,250.1,250.38,0.27,{'GREEDY': 100.0}
2502,OBS,2,TASK_ARRIVED,Generic_Service,250.14,250.58,0.44,{'GREEDY': 100.0}
2503,OBS,2,TASK_ARRIVED,CPU_Intensive,250.18,251.78,1.61,{'GREEDY': 100.0}
2504,OBS,2,TASK_ARRIVED,Generic_Service,250.34,250.78,0.44,{'GREEDY': 100.0}
2505,OBS,2,TASK_ARRIVED,CPU_Intensive,250.6,251.08,0.48,{'GREEDY': 100.0}
2506,OBS,2,TASK_ARRIVED,CPU_and_Data_Intensive,250.63,250.88,0.25,{'GREEDY': 100.0}
2507,OBS,2,TASK_ARRIVED,CPU_and_Data_Intensive,250.72,251.58,0.87,{'GREEDY': 100.0}
2508,OBS,2,TASK_ARRIVED,Generic_Service,251.13,251.38,0.25,{'GREEDY': 100.0}
2509,OBS,2,TASK_ARRIVED,CPU_Intensive,251.16,251.88,0.73,{'GREEDY': 100.0}
2510,OBS,2,TASK_ARRIVED,Generic_Service,251.2,251.68,0.49,{'GREEDY': 100.0}
2511,OBS,2,TASK_ARRIVED,CPU_Intensive,251.7,252.49,0.79,{'GREEDY': 100.0}
2513,OBS,2,TASK_ARRIVED,Generic_Service,252.12,252.39,0.27,{'GREEDY': 100.0}
2514,OBS,2,TASK_ARRIVED,Generic_Service,252.14,252.29,0.15,{'GREEDY': 100.0}
2515,OBS,2,TASK_ARRIVED,Generic_Service,252.31,252.59,0.28,{'GREEDY': 100.0}
2516,OBS,2,TASK_ARRIVED,CPU_Intensive,252.39,253.39,1.0,{'GREEDY': 100.0}
2517,OBS,2,TASK_ARRIVED,CPU_and_Data_Intensive,252.87,254.1,1.23,{'GREEDY': 100.0}
2518,OBS,2,TASK_ARRIVED,Generic_Service,253.01,253.19,0.18,{'GREEDY': 100.0}
2519,OBS,2,TASK_ARRIVED,Generic_Service,253.39,253.7,0.3,{'GREEDY': 100.0}
2520,OBS,2,TASK_ARRIVED,CPU_Intensive,253.43,255.82,2.39,{'GREEDY': 100.0}
2521,OBS,2,TASK_ARRIVED,Generic_Service,253.49,253.8,0.3,{'GREEDY': 100.0}
2522,OBS,2,TASK_ARRIVED,CPU_Intensive,253.61,254.51,0.89,{'GREEDY': 100.0}
2523,OBS,2,TASK_ARRIVED,CPU_Intensive,253.66,253.9,0.24,{'GREEDY': 100.0}
2524,OBS,2,TASK_ARRIVED,CPU_and_Data_Intensive,253.67,255.42,1.74,{'GREEDY': 100.0}
2525,OBS,2,TASK_ARRIVED,Generic_Service,253.67,254.0,0.33,{'GREEDY': 100.0}
2526,OBS,2,TASK_ARRIVED,CPU_Intensive,253.71,254.4,0.69,{'GREEDY': 100.0}
2528,OBS,2,TASK_ARRIVED,CPU_and_Data_Intensive,254.32,255.21,0.89,{'GREEDY': 100.0}
2529,OBS,2,TASK_ARRIVED,CPU_and_Data_Intensive,254.33,255.11,0.78,{'GREEDY': 100.0}
2530,OBS,2,TASK_ARRIVED,Generic_Service,254.36,254.61,0.25,{'GREEDY': 100.0}
2531,OBS,1,TASK_ARRIVED,Generic_Service,254.64,254.71,0.07,{'GREEDY': 100.0}
2532,OBS,2,TASK_ARRIVED,CPU_Intensive,254.81,255.82,1.02,{'GREEDY': 100.0}
2534,OBS,2,TASK_ARRIVED,CPU_and_Data_Intensive,254.93,257.25,2.32,{'GREEDY': 100.0}
2535,OBS,2,TASK_ARRIVED,Generic_Service,254.97,255.31,0.34,{'GREEDY': 100.0}
2536,OBS,2,TASK_ARRIVED,Generic_Service,255.04,255.52,0.48,{'GREEDY': 100.0}
2537,OBS,2,TASK_ARRIVED,CPU_and_Data_Intensive,255.04,258.57,3.53,{'GREEDY': 100.0}
2538,OBS,2,TASK_ARRIVED,CPU_Intensive,255.06,255.62,0.55,{'GREEDY': 100.0}
2539,OBS,2,TASK_ARRIVED,CPU_Intensive,255.14,255.72,0.58,{'GREEDY': 100.0}
2540,OBS,2,TASK_ARRIVED,CPU_Intensive,255.23,256.03,0.8,{'GREEDY': 100.0}
2541,OBS,2,TASK_ARRIVED,Generic_Service,255.23,255.93,0.7,{'GREEDY': 100.0}
2542,OBS,2,TASK_ARRIVED,CPU_Intensive,255.35,257.45,2.11,{'GREEDY': 100.0}
2543,OBS,2,TASK_ARRIVED,CPU_Intensive,255.44,256.94,1.49,{'GREEDY': 100.0}
2545,OBS,2,TASK_ARRIVED,CPU_Intensive,255.57,256.43,0.87,{'GREEDY': 100.0}
2546,OBS,2,TASK_ARRIVED,CPU_Intensive,255.62,257.35,1.73,{'GREEDY': 100.0}
2547,OBS,2,TASK_ARRIVED,CPU_and_Data_Intensive,255.64,258.27,2.63,{'GREEDY': 100.0}
2548,OBS,2,TASK_ARRIVED,Generic_Service,255.66,257.14,1.49,{'GREEDY': 100.0}
2549,OBS,2,TASK_ARRIVED,CPU_Intensive,255.7,257.35,1.65,{'GREEDY': 100.0}
2550,OBS,2,TASK_ARRIVED,CPU_Intensive,255.8,258.06,2.26,{'GREEDY': 100.0}
2551,OBS,2,TASK_ARRIVED,Generic_Service,255.87,257.25,1.37,{'GREEDY': 100.0}
2552,OBS,2,TASK_ARRIVED,Generic_Service,255.93,257.55,1.63,{'GREEDY': 100.0}
2553,OBS,2,TASK_ARRIVED,Generic_Service,256.19,256.33,0.14,{'GREEDY': 100.0}
2554,OBS,2,TASK_ARRIVED,Generic_Service,256.2,256.33,0.13,{'GREEDY': 100.0}
2555,OBS,2,TASK_ARRIVED,CPU_and_Data_Intensive,256.26,256.84,0.57,{'GREEDY': 100.0}
2556,OBS,2,TASK_ARRIVED,Generic_Service,256.26,256.53,0.27,{'GREEDY': 100.0}
2557,OBS,2,TASK_ARRIVED,CPU_and_Data_Intensive,256.28,257.04,0.76,{'GREEDY': 100.0}
2558,OBS,2,TASK_ARRIVED,Generic_Service,256.38,256.63,0.25,{'GREEDY': 100.0}
2559,OBS,2,TASK_ARRIVED,Generic_Service,256.65,256.84,0.18,{'GREEDY': 100.0}
2561,OBS,2,TASK_ARRIVED,Generic_Service,256.91,257.25,0.34,{'GREEDY': 100.0}
2562,OBS,2,TASK_ARRIVED,Generic_Service,256.95,257.14,0.2,{'GREEDY': 100.0}
2563,OBS,2,TASK_ARRIVED,CPU_Intensive,257.17,258.06,0.89,{'GREEDY': 100.0}
2564,OBS,2,TASK_ARRIVED,Generic_Service,257.35,257.55,0.2,{'GREEDY': 100.0}
2565,OBS,2,TASK_ARRIVED,Generic_Service,257.44,257.66,0.22,{'GREEDY': 100.0}
2566,OBS,2,TASK_ARRIVED,Generic_Service,257.58,257.76,0.18,{'GREEDY': 100.0}
2567,OBS,2,TASK_ARRIVED,Generic_Service,257.7,257.86,0.16,{'GREEDY': 100.0}
2568,OBS,2,TASK_ARRIVED,Generic_Service,257.74,257.96,0.22,{'GREEDY': 100.0}
2569,OBS,2,TASK_ARRIVED,Generic_Service,257.97,258.17,0.2,{'GREEDY': 100.0}
2570,OBS,2,TASK_ARRIVED,Generic_Service,258.04,258.37,0.33,{'GREEDY': 100.0}
2571,OBS,2,TASK_ARRIVED,CPU_Intensive,258.11,259.99,1.88,{'GREEDY': 100.0}
2572,OBS,2,TASK_ARRIVED,CPU_Intensive,258.26,258.98,0.72,{'GREEDY': 100.0}
2573,OBS,2,TASK_ARRIVED,CPU_Intensive,258.53,259.08,0.55,{'GREEDY': 100.0}
2574,OBS,2,TASK_ARRIVED,CPU_and_Data_Intensive,258.55,258.88,0.33,{'GREEDY': 100.0}
2575,OBS,2,TASK_ARRIVED,CPU_Intensive,258.58,258.77,0.19,{'GREEDY': 100.0}
2576,OBS,2,TASK_ARRIVED,Generic_Service,258.88,259.18,0.3,{'GREEDY': 100.0}
2577,OBS,2,TASK_ARRIVED,CPU_and_Data_Intensive,258.92,259.28,0.36,{'GREEDY': 100.0}
2578,OBS,2,TASK_ARRIVED,Generic_Service,259.17,259.38,0.21,{'GREEDY': 100.0}
2579,OBS,2,TASK_ARRIVED,Generic_Service,259.28,259.48,0.21,{'GREEDY': 100.0}
2580,OBS,2,TASK_ARRIVED,CPU_and_Data_Intensive,259.77,260.8,1.03,{'GREEDY': 100.0}
2581,OBS,2,TASK_ARRIVED,Generic_Service,259.83,260.09,0.26,{'GREEDY': 100.0}
2582,OBS,2,TASK_ARRIVED,Generic_Service,260.07,260.29,0.22,{'GREEDY': 100.0}
2583,OBS,2,TASK_ARRIVED,CPU_and_Data_Intensive,260.11,261.32,1.21,{'GREEDY': 100.0}
2584,OBS,2,TASK_ARRIVED,Generic_Service,260.12,260.39,0.27,{'GREEDY': 100.0}
2585,OBS,2,TASK_ARRIVED,CPU_Intensive,260.15,260.7,0.54,{'GREEDY': 100.0}
2586,OBS,2,TASK_ARRIVED,Generic_Service,260.18,260.49,0.31,{'GREEDY': 100.0}
2587,OBS,2,TASK_ARRIVED,CPU_Intensive,260.22,260.59,0.37,{'GREEDY': 100.0}
2588,OBS,2,TASK_ARRIVED,CPU_Intensive,260.4,261.01,0.61,{'GREEDY': 100.0}
2589,OBS,2,TASK_ARRIVED,CPU_Intensive,260.42,261.42,1.0,{'GREEDY': 100.0}
2590,OBS,2,TASK_ARRIVED,Generic_Service,260.43,260.8,0.37,{'GREEDY': 100.0}
2591,OBS,2,TASK_ARRIVED,CPU_Intensive,260.44,261.42,0.98,{'GREEDY': 100.0}
2592,OBS,2,TASK_ARRIVED,Generic_Service,260.45,260.9,0.45,{'GREEDY': 100.0}
2593,OBS,2,TASK_ARRIVED,CPU_and_Data_Intensive,260.49,261.11,0.62,{'GREEDY': 100.0}
2594,OBS,2,TASK_ARRIVED,Generic_Service,260.55,261.21,0.67,{'GREEDY': 100.0}
2595,OBS,2,TASK_ARRIVED,Generic_Service,260.62,260.9,0.28,{'GREEDY': 100.0}
2596,OBS,2,TASK_ARRIVED,CPU_and_Data_Intensive,260.7,261.52,0.82,{'GREEDY': 100.0}
2597,OBS,2,TASK_ARRIVED,CPU_and_Data_Intensive,260.81,261.01,0.19,{'GREEDY': 100.0}
2598,OBS,2,TASK_ARRIVED,Generic_Service,260.89,261.11,0.22,{'GREEDY': 100.0}
2599,OBS,2,TASK_ARRIVED,CPU_and_Data_Intensive,260.92,264.08,3.16,{'GREEDY': 100.0}
2600,OBS,2,TASK_ARRIVED,CPU_Intensive,260.93,261.21,0.29,{'GREEDY': 100.0}
2601,OBS,2,TASK_ARRIVED,CPU_Intensive,260.93,261.32,0.38,{'GREEDY': 100.0}
2602,OBS,2,TASK_ARRIVED,CPU_Intensive,261.06,261.82,0.76,{'GREEDY': 100.0}
2603,OBS,2,TASK_ARRIVED,CPU_Intensive,261.09,262.74,1.65,{'GREEDY': 100.0}
2604,OBS,2,TASK_ARRIVED,Generic_Service,261.11,261.52,0.41,{'GREEDY': 100.0}
2605,OBS,2,TASK_ARRIVED,CPU_Intensive,261.16,261.62,0.46,{'GREEDY': 100.0}
2606,OBS,2,TASK_ARRIVED,CPU_Intensive,261.2,262.13,0.94,{'GREEDY': 100.0}
2607,OBS,2,TASK_ARRIVED,CPU_and_Data_Intensive,261.29,263.77,2.48,{'GREEDY': 100.0}
2608,OBS,2,TASK_ARRIVED,Generic_Service,261.3,261.93,0.63,{'GREEDY': 100.0}
2609,OBS,2,TASK_ARRIVED,CPU_and_Data_Intensive,261.38,262.03,0.65,{'GREEDY': 100.0}
2610,OBS,2,TASK_ARRIVED,CPU_and_Data_Intensive,261.53,263.36,1.83,{'GREEDY': 100.0}
2611,OBS,2,TASK_ARRIVED,Generic_Service,261.6,262.33,0.73,{'GREEDY': 100.0}
2612,OBS,2,TASK_ARRIVED,CPU_Intensive,261.9,262.64,0.74,{'GREEDY': 100.0}
2613,OBS,2,TASK_ARRIVED,CPU_and_Data_Intensive,261.94,263.25,1.31,{'GREEDY': 100.0}
2614,OBS,2,TASK_ARRIVED,Generic_Service,262.0,262.23,0.23,{'GREEDY': 100.0}
2615,OBS,2,TASK_ARRIVED,CPU_Intensive,262.0,262.94,0.94,{'GREEDY': 100.0}
2616,OBS,2,TASK_ARRIVED,CPU_Intensive,262.07,263.15,1.08,{'GREEDY': 100.0}
2617,OBS,2,TASK_ARRIVED,CPU_and_Data_Intensive,262.1,263.05,0.95,{'GREEDY': 100.0}
2618,OBS,2,TASK_ARRIVED,CPU_Intensive,262.12,263.25,1.13,{'GREEDY': 100.0}
2619,OBS,2,TASK_ARRIVED,Generic_Service,262.14,263.05,0.91,{'GREEDY': 100.0}
2620,OBS,2,TASK_ARRIVED,Generic_Service,262.22,262.43,0.21,{'GREEDY': 100.0}
2621,OBS,2,TASK_ARRIVED,CPU_Intensive,262.24,263.67,1.43,{'GREEDY': 100.0}
2622,OBS,2,TASK_ARRIVED,Generic_Service,262.42,263.36,0.94,{'GREEDY': 100.0}
2623,OBS,2,TASK_ARRIVED,CPU_Intensive,262.44,263.57,1.14,{'GREEDY': 100.0}
2624,OBS,2,TASK_ARRIVED,Generic_Service,262.51,263.36,0.85,{'GREEDY': 100.0}
2625,OBS,2,TASK_ARRIVED,Generic_Service,262.55,263.47,0.91,{'GREEDY': 100.0}
2626,OBS,2,TASK_ARRIVED,CPU_and_Data_Intensive,262.84,263.57,0.73,{'GREEDY': 100.0}
2627,OBS,2,TASK_ARRIVED,CPU_Intensive,262.88,264.28,1.4,{'GREEDY': 100.0}
2628,OBS,2,TASK_ARRIVED,CPU_and_Data_Intensive,262.96,264.18,1.22,{'GREEDY': 100.0}
2629,OBS,2,TASK_ARRIVED,CPU_Intensive,262.99,263.88,0.89,{'GREEDY': 100.0}
2630,OBS,2,TASK_ARRIVED,CPU_and_Data_Intensive,263.01,264.39,1.38,{'GREEDY': 100.0}
2631,OBS,2,TASK_ARRIVED,Generic_Service,263.1,263.47,0.37,{'GREEDY': 100.0}
2632,OBS,2,TASK_ARRIVED,Generic_Service,263.13,263.36,0.23,{'GREEDY': 100.0}
2633,OBS,2,TASK_ARRIVED,Generic_Service,263.14,263.47,0.32,{'GREEDY': 100.0}
2634,OBS,2,TASK_ARRIVED,Generic_Service,263.17,263.57,0.4,{'GREEDY': 100.0}
2635,OBS,2,TASK_ARRIVED,Generic_Service,263.22,263.47,0.25,{'GREEDY': 100.0}
2636,OBS,2,TASK_ARRIVED,Generic_Service,263.26,263.67,0.41,{'GREEDY': 100.0}
2637,OBS,2,TASK_ARRIVED,Generic_Service,263.55,263.77,0.22,{'GREEDY': 100.0}
2638,OBS,2,TASK_ARRIVED,Generic_Service,263.67,263.98,0.3,{'GREEDY': 100.0}
2639,OBS,1,TASK_ARRIVED,CPU_Intensive,263.88,265.39,1.51,{'GREEDY': 100.0}
2641,OBS,2,TASK_ARRIVED,Generic_Service,264.19,264.49,0.29,{'GREEDY': 100.0}
2642,OBS,2,TASK_ARRIVED,CPU_and_Data_Intensive,264.41,265.09,0.68,{'GREEDY': 100.0}
2643,OBS,2,TASK_ARRIVED,Generic_Service,264.66,264.79,0.13,{'GREEDY': 100.0}
2644,OBS,2,TASK_ARRIVED,CPU_Intensive,264.66,265.29,0.63,{'GREEDY': 100.0}
2645,OBS,2,TASK_ARRIVED,CPU_and_Data_Intensive,264.76,265.39,0.63,{'GREEDY': 100.0}
2646,OBS,2,TASK_ARRIVED,CPU_Intensive,264.9,265.19,0.28,{'GREEDY': 100.0}
2647,OBS,2,TASK_ARRIVED,CPU_and_Data_Intensive,265.25,265.69,0.44,{'GREEDY': 100.0}
2648,OBS,2,TASK_ARRIVED,CPU_and_Data_Intensive,265.3,266.0,0.69,{'GREEDY': 100.0}
2649,OBS,2,TASK_ARRIVED,Generic_Service,265.32,265.49,0.17,{'GREEDY': 100.0}
2650,OBS,2,TASK_ARRIVED,CPU_and_Data_Intensive,265.35,266.5,1.15,{'GREEDY': 100.0}
2651,OBS,2,TASK_ARRIVED,CPU_and_Data_Intensive,265.47,265.59,0.13,{'GREEDY': 100.0}
2652,OBS,2,TASK_ARRIVED,CPU_Intensive,265.49,265.9,0.41,{'GREEDY': 100.0}
2653,OBS,2,TASK_ARRIVED,Generic_Service,265.61,265.79,0.18,{'GREEDY': 100.0}
2654,OBS,2,TASK_ARRIVED,Generic_Service,265.81,266.1,0.29,{'GREEDY': 100.0}
2655,OBS,2,TASK_ARRIVED,CPU_and_Data_Intensive,265.92,266.4,0.48,{'GREEDY': 100.0}
2656,OBS,2,TASK_ARRIVED,CPU_Intensive,266.19,266.7,0.51,{'GREEDY': 100.0}
2657,OBS,2,TASK_ARRIVED,Generic_Service,266.5,266.8,0.3,{'GREEDY': 100.0}
2658,OBS,2,TASK_ARRIVED,Generic_Service,267.2,267.4,0.2,{'GREEDY': 100.0}
2659,OBS,2,TASK_ARRIVED,CPU_Intensive,267.23,267.5,0.28,{'GREEDY': 100.0}
2660,OBS,2,TASK_ARRIVED,CPU_Intensive,267.3,267.6,0.3,{'GREEDY': 100.0}
2661,OBS,2,TASK_ARRIVED,CPU_Intensive,267.36,268.72,1.35,{'GREEDY': 100.0}
2662,OBS,2,TASK_ARRIVED,CPU_and_Data_Intensive,267.39,269.63,2.24,{'GREEDY': 100.0}
2663,OBS,2,TASK_ARRIVED,Generic_Service,267.41,267.7,0.29,{'GREEDY': 100.0}
2664,OBS,2,TASK_ARRIVED,CPU_Intensive,267.43,267.8,0.38,{'GREEDY': 100.0}
2665,OBS,2,TASK_ARRIVED,Generic_Service,267.53,267.91,0.38,{'GREEDY': 100.0}
2666,OBS,2,TASK_ARRIVED,Generic_Service,267.58,268.01,0.43,{'GREEDY': 100.0}
2667,OBS,2,TASK_ARRIVED,CPU_Intensive,267.61,268.41,0.8,{'GREEDY': 100.0}
2668,OBS,2,TASK_ARRIVED,CPU_Intensive,267.7,268.21,0.51,{'GREEDY': 100.0}
2669,OBS,2,TASK_ARRIVED,Generic_Service,267.73,268.11,0.38,{'GREEDY': 100.0}
2670,OBS,2,TASK_ARRIVED,CPU_Intensive,267.91,269.32,1.41,{'GREEDY': 100.0}
2671,OBS,2,TASK_ARRIVED,CPU_Intensive,267.98,269.12,1.14,{'GREEDY': 100.0}
2672,OBS,2,TASK_ARRIVED,Generic_Service,268.04,268.31,0.27,{'GREEDY': 100.0}
2673,OBS,2,TASK_ARRIVED,CPU_Intensive,268.14,268.82,0.68,{'GREEDY': 100.0}
2674,OBS,2,TASK_ARRIVED,Generic_Service,268.24,268.51,0.28,{'GREEDY': 100.0}
2675,OBS,2,TASK_ARRIVED,CPU_and_Data_Intensive,268.26,268.62,0.35,{'GREEDY': 100.0}
2676,OBS,2,TASK_ARRIVED,CPU_and_Data_Intensive,268.28,269.02,0.74,{'GREEDY': 100.0}
2677,OBS,2,TASK_ARRIVED,Generic_Service,268.32,268.62,0.3,{'GREEDY': 100.0}
2678,OBS,2,TASK_ARRIVED,Generic_Service,268.58,268.92,0.34,{'GREEDY': 100.0}
2679,OBS,2,TASK_ARRIVED,CPU_and_Data_Intensive,268.89,269.43,0.53,{'GREEDY': 100.0}
2680,OBS,2,TASK_ARRIVED,CPU_Intensive,269.27,269.53,0.26,{'GREEDY': 100.0}
2682,OBS,2,TASK_ARRIVED,Generic_Service,269.42,269.73,0.31,{'GREEDY': 100.0}
2683,OBS,2,TASK_ARRIVED,CPU_Intensive,269.43,269.83,0.4,{'GREEDY': 100.0}
2684,OBS,2,TASK_ARRIVED,CPU_Intensive,269.51,270.14,0.63,{'GREEDY': 100.0}
2685,OBS,2,TASK_ARRIVED,CPU_and_Data_Intensive,269.66,270.54,0.87,{'GREEDY': 100.0}
2686,OBS,2,TASK_ARRIVED,Generic_Service,269.72,269.93,0.21,{'GREEDY': 100.0}
2687,OBS,2,TASK_ARRIVED,Generic_Service,269.77,270.03,0.27,{'GREEDY': 100.0}
2688,OBS,2,TASK_ARRIVED,CPU_Intensive,269.85,270.34,0.48,{'GREEDY': 100.0}
2689,OBS,2,TASK_ARRIVED,Generic_Service,269.9,270.24,0.34,{'GREEDY': 100.0}
2690,OBS,2,TASK_ARRIVED,CPU_and_Data_Intensive,269.93,271.25,1.32,{'GREEDY': 100.0}
2691,OBS,2,TASK_ARRIVED,CPU_Intensive,270.02,271.15,1.12,{'GREEDY': 100.0}
2692,OBS,2,TASK_ARRIVED,CPU_and_Data_Intensive,270.04,270.64,0.6,{'GREEDY': 100.0}
2693,OBS,2,TASK_ARRIVED,CPU_Intensive,270.49,270.74,0.25,{'GREEDY': 100.0}
2694,OBS,2,TASK_ARRIVED,CPU_Intensive,270.51,271.05,0.54,{'GREEDY': 100.0}
2695,OBS,2,TASK_ARRIVED,Generic_Service,270.56,270.84,0.28,{'GREEDY': 100.0}
2696,OBS,2,TASK_ARRIVED,CPU_and_Data_Intensive,270.58,271.45,0.87,{'GREEDY': 100.0}
2697,OBS,2,TASK_ARRIVED,CPU_Intensive,270.97,271.35,0.38,{'GREEDY': 100.0}
2698,OBS,2,TASK_ARRIVED,CPU_and_Data_Intensive,271.23,271.66,0.43,{'GREEDY': 100.0}
2699,OBS,2,TASK_ARRIVED,Generic_Service,271.43,271.76,0.32,{'GREEDY': 100.0}
2700,OBS,2,TASK_ARRIVED,Generic_Service,271.55,271.86,0.31,{'GREEDY': 100.0}
2701,OBS,2,TASK_ARRIVED,CPU_Intensive,271.61,272.47,0.86,{'GREEDY': 100.0}
2702,OBS,2,TASK_ARRIVED,CPU_Intensive,271.64,271.96,0.32,{'GREEDY': 100.0}
2704,OBS,2,TASK_ARRIVED,CPU_and_Data_Intensive,271.88,272.36,0.49,{'GREEDY': 100.0}
2705,OBS,2,TASK_ARRIVED,Generic_Service,271.95,272.26,0.31,{'GREEDY': 100.0}
2706,OBS,2,TASK_ARRIVED,Generic_Service,271.96,272.16,0.2,{'GREEDY': 100.0}
2707,OBS,2,TASK_ARRIVED,CPU_Intensive,271.96,272.67,0.71,{'GREEDY': 100.0}
2708,OBS,2,TASK_ARRIVED,Generic_Service,272.08,272.47,0.38,{'GREEDY': 100.0}
2709,OBS,2,TASK_ARRIVED,CPU_Intensive,272.14,272.77,0.63,{'GREEDY': 100.0}
2710,OBS,2,TASK_ARRIVED,Generic_Service,272.22,272.57,0.35,{'GREEDY': 100.0}
2711,OBS,2,TASK_ARRIVED,CPU_Intensive,272.3,272.97,0.67,{'GREEDY': 100.0}
2712,OBS,2,TASK_ARRIVED,Generic_Service,272.37,272.77,0.4,{'GREEDY': 100.0}
2713,OBS,2,TASK_ARRIVED,Generic_Service,272.44,272.87,0.43,{'GREEDY': 100.0}
2714,OBS,2,TASK_ARRIVED,Generic_Service,272.73,273.07,0.34,{'GREEDY': 100.0}
2715,OBS,2,TASK_ARRIVED,CPU_Intensive,272.73,274.68,1.95,{'GREEDY': 100.0}
2716,OBS,2,TASK_ARRIVED,Generic_Service,272.75,273.07,0.32,{'GREEDY': 100.0}
2717,OBS,2,TASK_ARRIVED,CPU_and_Data_Intensive,272.87,273.17,0.3,{'GREEDY': 100.0}
2718,OBS,2,TASK_ARRIVED,Generic_Service,272.96,273.27,0.31,{'GREEDY': 100.0}
2719,OBS,1,TASK_ARRIVED,Generic_Service,273.0,273.07,0.07,{'GREEDY': 100.0}
2720,OBS,2,TASK_ARRIVED,CPU_Intensive,273.17,274.58,1.4,{'GREEDY': 100.0}
2721,OBS,2,TASK_ARRIVED,CPU_Intensive,273.51,275.09,1.58,{'GREEDY': 100.0}
2722,OBS,2,TASK_ARRIVED,CPU_and_Data_Intensive,273.78,274.48,0.7,{'GREEDY': 100.0}
2723,OBS,2,TASK_ARRIVED,Generic_Service,273.8,273.97,0.17,{'GREEDY': 100.0}
2724,OBS,2,TASK_ARRIVED,CPU_and_Data_Intensive,273.88,274.88,1.0,{'GREEDY': 100.0}
2725,OBS,2,TASK_ARRIVED,CPU_Intensive,273.92,274.78,0.86,{'GREEDY': 100.0}
2726,OBS,2,TASK_ARRIVED,CPU_and_Data_Intensive,274.28,274.99,0.71,{'GREEDY': 100.0}
2727,OBS,2,TASK_ARRIVED,CPU_and_Data_Intensive,274.29,275.4,1.11,{'GREEDY': 100.0}
2728,OBS,2,TASK_ARRIVED,CPU_and_Data_Intensive,274.47,274.68,0.21,{'GREEDY': 100.0}
2729,OBS,2,TASK_ARRIVED,CPU_Intensive,274.54,275.5,0.96,{'GREEDY': 100.0}
2730,OBS,2,TASK_ARRIVED,CPU_and_Data_Intensive,274.57,276.11,1.53,{'GREEDY': 100.0}
2732,OBS,2,TASK_ARRIVED,CPU_and_Data_Intensive,274.71,275.19,0.48,{'GREEDY': 100.0}
2733,OBS,2,TASK_ARRIVED,Generic_Service,274.73,274.99,0.26,{'GREEDY': 100.0}
2734,OBS,2,TASK_ARRIVED,Generic_Service,274.74,275.29,0.55,{'GREEDY': 100.0}
2735,OBS,2,TASK_ARRIVED,Generic_Service,274.76,275.19,0.44,{'GREEDY': 100.0}
2736,OBS,2,TASK_ARRIVED,Generic_Service,274.8,274.99,0.19,{'GREEDY': 100.0}
2737,OBS,2,TASK_ARRIVED,CPU_Intensive,274.85,275.09,0.24,{'GREEDY': 100.0}
2739,OBS,2,TASK_ARRIVED,CPU_Intensive,275.22,275.8,0.58,{'GREEDY': 100.0}
2740,OBS,2,TASK_ARRIVED,Generic_Service,275.23,275.4,0.17,{'GREEDY': 100.0}
2741,OBS,2,TASK_ARRIVED,Generic_Service,275.45,275.7,0.25,{'GREEDY': 100.0}
2742,OBS,2,TASK_ARRIVED,CPU_and_Data_Intensive,275.52,278.03,2.51,{'GREEDY': 100.0}
2743,OBS,2,TASK_ARRIVED,Generic_Service,275.58,275.6,0.02,{'GREEDY': 100.0}
2744,OBS,2,TASK_ARRIVED,Generic_Service,275.62,275.8,0.18,{'GREEDY': 100.0}
2745,OBS,2,TASK_ARRIVED,CPU_and_Data_Intensive,275.72,277.22,1.49,{'GREEDY': 100.0}
2746,OBS,2,TASK_ARRIVED,Generic_Service,275.86,276.01,0.14,{'GREEDY': 100.0}
2747,OBS,2,TASK_ARRIVED,Generic_Service,275.98,276.21,0.23,{'GREEDY': 100.0}
2748,OBS,2,TASK_ARRIVED,CPU_Intensive,276.06,277.11,1.06,{'GREEDY': 100.0}
2749,OBS,2,TASK_ARRIVED,CPU_and_Data_Intensive,276.27,277.73,1.46,{'GREEDY': 100.0}
2750,OBS,2,TASK_ARRIVED,Generic_Service,276.68,276.91,0.23,{'GREEDY': 100.0}
2751,OBS,2,TASK_ARRIVED,CPU_and_Data_Intensive,276.72,277.62,0.9,{'GREEDY': 100.0}
2752,OBS,2,TASK_ARRIVED,CPU_Intensive,276.74,277.22,0.48,{'GREEDY': 100.0}
2753,OBS,2,TASK_ARRIVED,CPU_Intensive,276.77,277.01,0.24,{'GREEDY': 100.0}
2754,OBS,2,TASK_ARRIVED,CPU_Intensive,276.81,277.62,0.82,{'GREEDY': 100.0}
2755,OBS,2,TASK_ARRIVED,Generic_Service,276.96,277.32,0.36,{'GREEDY': 100.0}
2756,OBS,2,TASK_ARRIVED,CPU_Intensive,276.97,277.42,0.45,{'GREEDY': 100.0}
2757,OBS,2,TASK_ARRIVED,CPU_Intensive,277.02,278.23,1.22,{'GREEDY': 100.0}
2758,OBS,2,TASK_ARRIVED,CPU_and_Data_Intensive,277.25,277.52,0.27,{'GREEDY': 100.0}
2759,OBS,2,TASK_ARRIVED,CPU_Intensive,277.27,278.03,0.76,{'GREEDY': 100.0}
2760,OBS,2,TASK_ARRIVED,Generic_Service,277.43,277.83,0.39,{'GREEDY': 100.0}
2761,OBS,2,TASK_ARRIVED,CPU_Intensive,277.56,278.64,1.07,{'GREEDY': 100.0}
2762,OBS,1,TASK_ARRIVED,Generic_Service,277.6,277.62,0.02,{'GREEDY': 100.0}
2763,OBS,2,TASK_ARRIVED,Generic_Service,277.69,277.73,0.04,{'GREEDY': 100.0}
2764,OBS,2,TASK_ARRIVED,Generic_Service,277.74,277.93,0.19,{'GREEDY': 100.0}
2765,OBS,2,TASK_ARRIVED,CPU_and_Data_Intensive,277.75,277.93,0.18,{'GREEDY': 100.0}
2766,OBS,2,TASK_ARRIVED,Generic_Service,277.9,278.13,0.23,{'GREEDY': 100.0}
2767,OBS,2,TASK_ARRIVED,CPU_Intensive,277.96,278.43,0.47,{'GREEDY': 100.0}
2768,OBS,2,TASK_ARRIVED,Generic_Service,278.21,278.43,0.22,{'GREEDY': 100.0}
2769,OBS,2,TASK_ARRIVED,Generic_Service,278.37,278.64,0.27,{'GREEDY': 100.0}
2770,OBS,2,TASK_ARRIVED,CPU_and_Data_Intensive,278.4,278.84,0.44,{'GREEDY': 100.0}
2771,OBS,2,TASK_ARRIVED,CPU_Intensive,278.58,279.04,0.46,{'GREEDY': 100.0}
2772,OBS,2,TASK_ARRIVED,CPU_and_Data_Intensive,278.8,279.35,0.54,{'GREEDY': 100.0}
2773,OBS,2,TASK_ARRIVED,Generic_Service,278.81,279.14,0.33,{'GREEDY': 100.0}
2774,OBS,2,TASK_ARRIVED,CPU_and_Data_Intensive,278.82,279.75,0.93,{'GREEDY': 100.0}
2775,OBS,2,TASK_ARRIVED,CPU_Intensive,278.83,280.06,1.23,{'GREEDY': 100.0}
2776,OBS,2,TASK_ARRIVED,Generic_Service,278.84,279.04,0.21,{'GREEDY': 100.0}
2777,OBS,2,TASK_ARRIVED,Generic_Service,278.97,279.25,0.28,{'GREEDY': 100.0}
2779,OBS,2,TASK_ARRIVED,Generic_Service,279.19,279.45,0.25,{'GREEDY': 100.0}
2780,OBS,2,TASK_ARRIVED,CPU_and_Data_Intensive,279.36,280.66,1.3,{'GREEDY': 100.0}
2781,OBS,2,TASK_ARRIVED,Generic_Service,279.43,279.55,0.12,{'GREEDY': 100.0}
2782,OBS,2,TASK_ARRIVED,CPU_and_Data_Intensive,279.62,280.16,0.54,{'GREEDY': 100.0}
2783,OBS,2,TASK_ARRIVED,Generic_Service,279.69,279.85,0.17,{'GREEDY': 100.0}
2784,OBS,2,TASK_ARRIVED,CPU_Intensive,279.78,280.36,0.58,{'GREEDY': 100.0}
2785,OBS,2,TASK_ARRIVED,Generic_Service,279.78,279.96,0.18,{'GREEDY': 100.0}
2786,OBS,2,TASK_ARRIVED,Generic_Service,279.79,279.85,0.06,{'GREEDY': 100.0}
2787,OBS,2,TASK_ARRIVED,CPU_Intensive,279.92,280.97,1.05,{'GREEDY': 100.0}
2788,OBS,2,TASK_ARRIVED,Generic_Service,280.02,280.26,0.24,{'GREEDY': 100.0}
2790,OBS,2,TASK_ARRIVED,CPU_Intensive,280.17,280.46,0.29,{'GREEDY': 100.0}
2791,OBS,2,TASK_ARRIVED,CPU_and_Data_Intensive,280.22,280.56,0.34,{'GREEDY': 100.0}
2792,OBS,2,TASK_ARRIVED,CPU_Intensive,280.47,281.07,0.6,{'GREEDY': 100.0}
2793,OBS,2,TASK_ARRIVED,CPU_Intensive,280.49,280.87,0.38,{'GREEDY': 100.0}
2794,OBS,2,TASK_ARRIVED,CPU_and_Data_Intensive,280.9,281.37,0.47,{'GREEDY': 100.0}
2795,OBS,2,TASK_ARRIVED,Generic_Service,280.91,281.17,0.26,{'GREEDY': 100.0}
2796,OBS,2,TASK_ARRIVED,CPU_Intensive,281.06,281.27,0.22,{'GREEDY': 100.0}
2797,OBS,2,TASK_ARRIVED,CPU_Intensive,281.18,281.48,0.29,{'GREEDY': 100.0}
2798,OBS,2,TASK_ARRIVED,Generic_Service,281.31,281.68,0.37,{'GREEDY': 100.0}
2799,OBS,2,TASK_ARRIVED,CPU_Intensive,281.32,281.58,0.26,{'GREEDY': 100.0}
2800,OBS,2,TASK_ARRIVED,CPU_and_Data_Intensive,281.37,281.78,0.41,{'GREEDY': 100.0}
2801,OBS,2,TASK_ARRIVED,CPU_Intensive,281.37,283.3,1.92,{'GREEDY': 100.0}
2802,OBS,2,TASK_ARRIVED,CPU_Intensive,281.53,282.49,0.96,{'GREEDY': 100.0}
2803,OBS,2,TASK_ARRIVED,CPU_Intensive,281.71,281.98,0.28,{'GREEDY': 100.0}
2804,OBS,2,TASK_ARRIVED,CPU_and_Data_Intensive,281.82,282.89,1.07,{'GREEDY': 100.0}
2805,OBS,2,TASK_ARRIVED,CPU_Intensive,281.93,282.19,0.26,{'GREEDY': 100.0}
2806,OBS,2,TASK_ARRIVED,Generic_Service,281.95,282.29,0.34,{'GREEDY': 100.0}
2807,OBS,2,TASK_ARRIVED,Generic_Service,281.95,282.29,0.34,{'GREEDY': 100.0}
2808,OBS,2,TASK_ARRIVED,Generic_Service,282.11,282.19,0.08,{'GREEDY': 100.0}
2809,OBS,2,TASK_ARRIVED,Generic_Service,282.15,282.39,0.24,{'GREEDY': 100.0}
2810,OBS,2,TASK_ARRIVED,Generic_Service,282.48,282.59,0.11,{'GREEDY': 100.0}
2811,OBS,2,TASK_ARRIVED,CPU_Intensive,282.6,283.09,0.49,{'GREEDY': 100.0}
2812,OBS,2,TASK_ARRIVED,CPU_and_Data_Intensive,282.69,285.7,3.01,{'GREEDY': 100.0}
2813,OBS,2,TASK_ARRIVED,CPU_and_Data_Intensive,282.79,283.7,0.9,{'GREEDY': 100.0}
2814,OBS,2,TASK_ARRIVED,CPU_Intensive,282.81,283.6,0.79,{'GREEDY': 100.0}
2815,OBS,2,TASK_ARRIVED,Generic_Service,283.19,283.4,0.21,{'GREEDY': 100.0}
2816,OBS,2,TASK_ARRIVED,CPU_Intensive,283.21,283.5,0.29,{'GREEDY': 100.0}
2817,OBS,2,TASK_ARRIVED,CPU_Intensive,283.39,283.8,0.41,{'GREEDY': 100.0}
2818,OBS,2,TASK_ARRIVED,Generic_Service,284.14,284.3,0.16,{'GREEDY': 100.0}
2819,OBS,2,TASK_ARRIVED,Generic_Service,284.61,284.7,0.09,{'GREEDY': 100.0}
2820,OBS,2,TASK_ARRIVED,CPU_Intensive,284.63,284.9,0.27,{'GREEDY': 100.0}
2821,OBS,2,TASK_ARRIVED,Generic_Service,284.64,284.8,0.16,{'GREEDY': 100.0}
2822,OBS,2,TASK_ARRIVED,CPU_and_Data_Intensive,284.82,285.0,0.18,{'GREEDY': 100.0}
2823,OBS,2,TASK_ARRIVED,CPU_and_Data_Intensive,285.11,285.8,0.69,{'GREEDY': 100.0}
2824,OBS,2,TASK_ARRIVED,CPU_Intensive,285.24,286.2,0.96,{'GREEDY': 100.0}
2825,OBS,2,TASK_ARRIVED,Generic_Service,285.3,285.4,0.11,{'GREEDY': 100.0}
2826,OBS,2,TASK_ARRIVED,Generic_Service,285.31,285.5,0.2,{'GREEDY': 100.0}
2827,OBS,2,TASK_ARRIVED,CPU_Intensive,285.44,286.92,1.48,{'GREEDY': 100.0}
2829,OBS,2,TASK_ARRIVED,CPU_and_Data_Intensive,285.81,286.61,0.8,{'GREEDY': 100.0}
2830,OBS,2,TASK_ARRIVED,Generic_Service,285.98,286.31,0.33,{'GREEDY': 100.0}
2831,OBS,2,TASK_ARRIVED,Generic_Service,285.99,286.1,0.12,{'GREEDY': 100.0}
2832,OBS,2,TASK_ARRIVED,CPU_Intensive,286.08,286.92,0.84,{'GREEDY': 100.0}
2833,OBS,2,TASK_ARRIVED,CPU_Intensive,286.16,286.51,0.35,{'GREEDY': 100.0}
2834,OBS,2,TASK_ARRIVED,Generic_Service,286.2,286.72,0.52,{'GREEDY': 100.0}
2835,OBS,2,TASK_ARRIVED,Generic_Service,286.25,286.41,0.16,{'GREEDY': 100.0}
2836,OBS,2,TASK_ARRIVED,CPU_Intensive,286.33,287.02,0.69,{'GREEDY': 100.0}
2837,OBS,2,TASK_ARRIVED,CPU_and_Data_Intensive,286.45,286.82,0.37,{'GREEDY': 100.0}
2838,OBS,2,TASK_ARRIVED,Generic_Service,286.53,286.82,0.29,{'GREEDY': 100.0}
2839,OBS,2,TASK_ARRIVED,Generic_Service,286.58,286.72,0.13,{'GREEDY': 100.0}
2840,OBS,2,TASK_ARRIVED,CPU_Intensive,286.71,287.23,0.51,{'GREEDY': 100.0}
2841,OBS,2,TASK_ARRIVED,CPU_and_Data_Intensive,286.86,287.53,0.67,{'GREEDY': 100.0}
2842,OBS,2,TASK_ARRIVED,CPU_Intensive,286.9,287.53,0.63,{'GREEDY': 100.0}
2843,OBS,2,TASK_ARRIVED,CPU_Intensive,286.94,287.33,0.39,{'GREEDY': 100.0}
2844,OBS,2,TASK_ARRIVED,Generic_Service,287.03,287.43,0.4,{'GREEDY': 100.0}
2845,OBS,2,TASK_ARRIVED,CPU_Intensive,287.26,287.74,0.48,{'GREEDY': 100.0}
2846,OBS,2,TASK_ARRIVED,Generic_Service,287.27,287.64,0.36,{'GREEDY': 100.0}
2848,OBS,2,TASK_ARRIVED,Generic_Service,287.39,287.84,0.45,{'GREEDY': 100.0}
2849,OBS,1,TASK_ARRIVED,Generic_Service,287.49,287.53,0.04,{'GREEDY': 100.0}
2850,OBS,2,TASK_ARRIVED,Generic_Service,287.6,287.94,0.34,{'GREEDY': 100.0}
2851,OBS,2,TASK_ARRIVED,CPU_Intensive,287.63,288.15,0.52,{'GREEDY': 100.0}
2852,OBS,2,TASK_ARRIVED,CPU_and_Data_Intensive,287.63,288.04,0.41,{'GREEDY': 100.0}
2853,OBS,2,TASK_ARRIVED,CPU_Intensive,287.9,288.25,0.34,{'GREEDY': 100.0}
2854,OBS,2,TASK_ARRIVED,CPU_and_Data_Intensive,287.95,289.26,1.32,{'GREEDY': 100.0}
2855,OBS,2,TASK_ARRIVED,CPU_Intensive,287.98,288.96,0.98,{'GREEDY': 100.0}
2856,OBS,2,TASK_ARRIVED,Generic_Service,288.23,288.35,0.12,{'GREEDY': 100.0}
2857,OBS,2,TASK_ARRIVED,Generic_Service,288.34,288.55,0.21,{'GREEDY': 100.0}
2858,OBS,2,TASK_ARRIVED,CPU_Intensive,288.37,288.65,0.28,{'GREEDY': 100.0}
2859,OBS,2,TASK_ARRIVED,CPU_and_Data_Intensive,288.5,288.86,0.36,{'GREEDY': 100.0}
2860,OBS,2,TASK_ARRIVED,CPU_Intensive,288.51,289.06,0.55,{'GREEDY': 100.0}
2861,OBS,2,TASK_ARRIVED,Generic_Service,288.55,288.75,0.2,{'GREEDY': 100.0}
2862,OBS,2,TASK_ARRIVED,Generic_Service,288.8,289.16,0.37,{'GREEDY': 100.0}
2863,OBS,2,TASK_ARRIVED,CPU_Intensive,289.56,289.96,0.41,{'GREEDY': 100.0}
2864,OBS,2,TASK_ARRIVED,CPU_Intensive,289.56,290.58,1.02,{'GREEDY': 100.0}
2865,OBS,2,TASK_ARRIVED,CPU_and_Data_Intensive,289.77,290.27,0.49,{'GREEDY': 100.0}
2866,OBS,2,TASK_ARRIVED,CPU_and_Data_Intensive,289.86,290.47,0.62,{'GREEDY': 100.0}
2867,OBS,2,TASK_ARRIVED,CPU_and_Data_Intensive,289.87,290.47,0.61,{'GREEDY': 100.0}
2868,OBS,2,TASK_ARRIVED,CPU_Intensive,290.17,290.78,0.61,{'GREEDY': 100.0}
2869,OBS,2,TASK_ARRIVED,Generic_Service,290.18,290.37,0.19,{'GREEDY': 100.0}
2870,OBS,2,TASK_ARRIVED,CPU_and_Data_Intensive,290.23,290.68,0.44,{'GREEDY': 100.0}
2871,OBS,2,TASK_ARRIVED,Generic_Service,290.26,290.58,0.32,{'GREEDY': 100.0}
2872,OBS,2,TASK_ARRIVED,Generic_Service,290.5,290.88,0.38,{'GREEDY': 100.0}
2873,OBS,2,TASK_ARRIVED,Generic_Service,290.62,290.98,0.36,{'GREEDY': 100.0}
2874,OBS,2,TASK_ARRIVED,Generic_Service,290.76,291.08,0.33,{'GREEDY': 100.0}
2875,OBS,2,TASK_ARRIVED,CPU_Intensive,290.77,291.59,0.82,{'GREEDY': 100.0}
2876,OBS,2,TASK_ARRIVED,CPU_Intensive,290.86,291.18,0.32,{'GREEDY': 100.0}
2877,OBS,2,TASK_ARRIVED,CPU_and_Data_Intensive,290.87,291.28,0.42,{'GREEDY': 100.0}
2878,OBS,2,TASK_ARRIVED,CPU_and_Data_Intensive,290.98,291.39,0.41,{'GREEDY': 100.0}
2879,OBS,2,TASK_ARRIVED,CPU_Intensive,291.03,291.49,0.46,{'GREEDY': 100.0}
2880,OBS,2,TASK_ARRIVED,CPU_and_Data_Intensive,291.06,292.6,1.54,{'GREEDY': 100.0}
2881,OBS,2,TASK_ARRIVED,CPU_Intensive,291.08,291.79,0.72,{'GREEDY': 100.0}
2882,OBS,2,TASK_ARRIVED,CPU_Intensive,291.36,291.49,0.13,{'GREEDY': 100.0}
2883,OBS,2,TASK_ARRIVED,Generic_Service,291.38,291.69,0.31,{'GREEDY': 100.0}
2884,OBS,2,TASK_ARRIVED,Generic_Service,291.79,292.0,0.2,{'GREEDY': 100.0}
2885,OBS,2,TASK_ARRIVED,CPU_and_Data_Intensive,291.91,293.0,1.09,{'GREEDY': 100.0}
2886,OBS,2,TASK_ARRIVED,CPU_Intensive,292.29,293.71,1.42,{'GREEDY': 100.0}
2887,OBS,2,TASK_ARRIVED,CPU_Intensive,292.41,292.8,0.39,{'GREEDY': 100.0}
2888,OBS,2,TASK_ARRIVED,Generic_Service,292.42,292.7,0.28,{'GREEDY': 100.0}
2889,OBS,2,TASK_ARRIVED,Generic_Service,292.7,292.9,0.21,{'GREEDY': 100.0}
2890,OBS,2,TASK_ARRIVED,CPU_Intensive,292.73,294.42,1.69,{'GREEDY': 100.0}
2891,OBS,2,TASK_ARRIVED,CPU_Intensive,292.76,293.61,0.85,{'GREEDY': 100.0}
2892,OBS,2,TASK_ARRIVED,CPU_and_Data_Intensive,293.01,293.21,0.2,{'GREEDY': 100.0}
2893,OBS,2,TASK_ARRIVED,CPU_Intensive,293.01,293.91,0.91,{'GREEDY': 100.0}
2894,OBS,2,TASK_ARRIVED,CPU_and_Data_Intensive,293.02,293.31,0.29,{'GREEDY': 100.0}
2895,OBS,2,TASK_ARRIVED,CPU_and_Data_Intensive,293.27,294.12,0.85,{'GREEDY': 100.0}
2896,OBS,2,TASK_ARRIVED,CPU_Intensive,293.66,294.83,1.17,{'GREEDY': 100.0}
2897,OBS,2,TASK_ARRIVED,Generic_Service,293.69,294.01,0.33,{'GREEDY': 100.0}
2898,OBS,2,TASK_ARRIVED,CPU_and_Data_Intensive,293.86,295.34,1.48,{'GREEDY': 100.0}
2899,OBS,2,TASK_ARRIVED,CPU_Intensive,293.98,294.22,0.23,{'GREEDY': 100.0}
2900,OBS,2,TASK_ARRIVED,Generic_Service,293.99,294.32,0.32,{'GREEDY': 100.0}
2901,OBS,2,TASK_ARRIVED,CPU_Intensive,293.99,294.72,0.73,{'GREEDY': 100.0}
2902,OBS,2,TASK_ARRIVED,CPU_and_Data_Intensive,294.01,295.13,1.12,{'GREEDY': 100.0}
2903,OBS,2,TASK_ARRIVED,Generic_Service,294.18,294.52,0.34,{'GREEDY': 100.0}
2904,OBS,2,TASK_ARRIVED,CPU_Intensive,294.21,295.13,0.92,{'GREEDY': 100.0}
2905,OBS,2,TASK_ARRIVED,Generic_Service,294.35,294.62,0.27,{'GREEDY': 100.0}
2906,OBS,2,TASK_ARRIVED,CPU_Intensive,294.37,294.93,0.56,{'GREEDY': 100.0}
2907,OBS,2,TASK_ARRIVED,CPU_Intensive,294.38,295.03,0.65,{'GREEDY': 100.0}
2908,OBS,2,TASK_ARRIVED,CPU_and_Data_Intensive,294.38,295.64,1.26,{'GREEDY': 100.0}
2909,OBS,2,TASK_ARRIVED,CPU_Intensive,294.52,296.46,1.94,{'GREEDY': 100.0}
2910,OBS,2,TASK_ARRIVED,CPU_Intensive,294.57,295.23,0.66,{'GREEDY': 100.0}
2911,OBS,2,TASK_ARRIVED,Generic_Service,294.57,295.44,0.86,{'GREEDY': 100.0}
2912,OBS,2,TASK_ARRIVED,CPU_Intensive,294.58,295.34,0.75,{'GREEDY': 100.0}
2913,OBS,2,TASK_ARRIVED,CPU_Intensive,294.67,296.26,1.59,{'GREEDY': 100.0}
2914,OBS,2,TASK_ARRIVED,CPU_Intensive,294.74,296.36,1.62,{'GREEDY': 100.0}
2915,OBS,2,TASK_ARRIVED,Generic_Service,294.84,295.23,0.39,{'GREEDY': 100.0}
2916,OBS,2,TASK_ARRIVED,CPU_and_Data_Intensive,294.92,295.54,0.62,{'GREEDY': 100.0}
2917,OBS,2,TASK_ARRIVED,CPU_and_Data_Intensive,295.01,296.15,1.14,{'GREEDY': 100.0}
2919,OBS,2,TASK_ARRIVED,Generic_Service,295.35,295.74,0.4,{'GREEDY': 100.0}
2920,OBS,2,TASK_ARRIVED,Generic_Service,295.39,295.84,0.45,{'GREEDY': 100.0}
2921,OBS,2,TASK_ARRIVED,CPU_and_Data_Intensive,295.4,295.95,0.55,{'GREEDY': 100.0}
2922,OBS,2,TASK_ARRIVED,Generic_Service,295.57,296.05,0.48,{'GREEDY': 100.0}
2923,OBS,2,TASK_ARRIVED,Generic_Service,295.6,296.15,0.55,{'GREEDY': 100.0}
2924,OBS,2,TASK_ARRIVED,CPU_Intensive,295.7,295.95,0.25,{'GREEDY': 100.0}
2925,OBS,2,TASK_ARRIVED,CPU_and_Data_Intensive,295.73,296.26,0.53,{'GREEDY': 100.0}
2926,OBS,2,TASK_ARRIVED,Generic_Service,295.95,296.15,0.2,{'GREEDY': 100.0}
2927,OBS,2,TASK_ARRIVED,Generic_Service,296.08,296.57,0.49,{'GREEDY': 100.0}
2928,OBS,2,TASK_ARRIVED,Generic_Service,296.27,296.67,0.4,{'GREEDY': 100.0}
2929,OBS,2,TASK_ARRIVED,Generic_Service,296.35,296.77,0.42,{'GREEDY': 100.0}
2930,OBS,2,TASK_ARRIVED,Generic_Service,296.38,296.87,0.49,{'GREEDY': 100.0}
2931,OBS,2,TASK_ARRIVED,Generic_Service,296.42,296.57,0.15,{'GREEDY': 100.0}
2933,OBS,2,TASK_ARRIVED,CPU_and_Data_Intensive,296.84,297.17,0.33,{'GREEDY': 100.0}
2934,OBS,2,TASK_ARRIVED,Generic_Service,297.03,297.27,0.24,{'GREEDY': 100.0}
2935,OBS,2,TASK_ARRIVED,Generic_Service,297.26,297.47,0.22,{'GREEDY': 100.0}
2936,OBS,2,TASK_ARRIVED,CPU_Intensive,297.27,298.59,1.32,{'GREEDY': 100.0}
2937,OBS,2,TASK_ARRIVED,Generic_Service,297.55,297.58,0.03,{'GREEDY': 100.0}
2938,OBS,2,TASK_ARRIVED,CPU_Intensive,297.57,298.69,1.12,{'GREEDY': 100.0}
2939,OBS,2,TASK_ARRIVED,Generic_Service,297.57,297.78,0.2,{'GREEDY': 100.0}
2940,OBS,2,TASK_ARRIVED,Generic_Service,297.74,297.98,0.24,{'GREEDY': 100.0}
2941,OBS,2,TASK_ARRIVED,CPU_Intensive,297.8,299.09,1.29,{'GREEDY': 100.0}
2942,OBS,2,TASK_ARRIVED,CPU_Intensive,297.85,298.28,0.43,{'GREEDY': 100.0}
2943,OBS,2,TASK_ARRIVED,Generic_Service,298.03,298.18,0.15,{'GREEDY': 100.0}
2944,OBS,2,TASK_ARRIVED,CPU_and_Data_Intensive,298.29,299.61,1.31,{'GREEDY': 100.0}
2945,OBS,2,TASK_ARRIVED,Generic_Service,298.39,298.59,0.2,{'GREEDY': 100.0}
2946,OBS,2,TASK_ARRIVED,CPU_Intensive,298.39,298.79,0.4,{'GREEDY': 100.0}
2947,OBS,2,TASK_ARRIVED,CPU_Intensive,298.66,299.81,1.16,{'GREEDY': 100.0}
2948,OBS,2,TASK_ARRIVED,CPU_Intensive,298.66,299.2,0.54,{'GREEDY': 100.0}
2950,OBS,2,TASK_ARRIVED,Generic_Service,298.97,299.3,0.33,{'GREEDY': 100.0}
2951,OBS,2,TASK_ARRIVED,Generic_Service,298.99,299.4,0.41,{'GREEDY': 100.0}
2952,OBS,2,TASK_ARRIVED,Generic_Service,299.01,299.5,0.5,{'GREEDY': 100.0}
2953,OBS,2,TASK_ARRIVED,Generic_Service,299.05,299.2,0.14,{'GREEDY': 100.0}
2954,STARLINK-34595,1,ON_SIMULATION,CPU_Intensive,299.31,,,{'GREEDY': 100.0}
2955,OBS,2,TASK_ARRIVED,Generic_Service,299.31,299.71,0.39,{'GREEDY': 100.0}
2956,OBS,2,TASK_ARRIVED,CPU_and_Data_Intensive,299.36,299.92,0.55,{'GREEDY': 100.0}
2957,OBS,2,TASK_ARRIVED,CPU_and_Data_Intensive,299.41,299.81,0.41,{'GREEDY': 100.0}
2958,OBS,2,TASK_ARRIVED,Generic_Service,299.45,299.92,0.47,{'GREEDY': 100.0}
2959,STARLINK-34595,1,ON_SIMULATION,Generic_Service,299.54,,,{'GREEDY': 100.0}
2960,STARLINK-32426,0,ON_SIMULATION,CPU_Intensive,299.6,,,{}
2961,STARLINK-34595,1,ON_SIMULATION,Generic_Service,299.64,,,{'GREEDY': 100.0}
2962,OBS,1,TASK_ARRIVED,Generic_Service,299.72,299.81,0.1,{'GREEDY': 100.0}
2965,STARLINK-32426,0,ON_SIMULATION,Generic_Service,299.91,,,{}
2968,STARLINK-32426,0,ON_SIMULATION,Generic_Service,299.94,,,{}
