Task ID,Task Type,Status,Arrival Time (System),Arrival Time (Queue),Start Time,End Time,Execution time,Service Time,Time in system,Time in queue,Server Name,Num Hops,Num Hops Routing,Queue length,transfer_time,Image_Size_MB,Exec_after_set,Energy_CPU [J],Energy_NET [J],Energy_TOTAL [J],Remaining_energy [J],Remaining_energy [%],Rejection Reason,Routing Init Time,Routing End Time,Routing Duration
2000,Batch,Completed,0,0,0.0,0.004432476197139176,0.004432476197139176,0.004432476197139176,0.004432476197139176,0.0,STARLINK-11127 [DTC],0,N/A,0,0.0,9.529823823849227,False,0.0,0.004432476197139176,0.004432476197139176,80000,100.0,N/A,N/A,N/A,N/A
20,CPU_and_Data_Intensive,Rejected,3.289025800015834,N/A,N/A,N/A,0.16471878408675117,0.0,0.0,0.0,STARLINK-11127 [DTC],0,N/A,N/A,0.0,411.3456163915304,False,0.0,0.0,0.0,79982.88400962831,99.97860501203539,No suitable server found after deadline/sunset filters,N/A,N/A,N/A
30,Generic_Service,Rejected,4.187525153950838,N/A,N/A,N/A,0.004279596863114287,0.0,0.0,0.0,STARLINK-11127 [DTC],0,N/A,N/A,0.0,0.05827134112899979,False,0.0,0.0,0.0,79982.88400962831,99.97860501203539,No suitable server found after deadline/sunset filters,N/A,N/A,N/A
34,CPU_and_Data_Intensive,Rejected,4.577287041016002,N/A,N/A,N/A,0.4312170886881084,0.0,0.0,0.0,STARLINK-11127 [DTC],0,N/A,N/A,0.0,335.1019877363191,False,0.0,0.0,0.0,79982.88400962831,99.97860501203539,No suitable server found after deadline/sunset filters,N/A,N/A,N/A
52,CPU_and_Data_Intensive,Rejected,6.1470948253549835,N/A,N/A,N/A,0.10187431477713547,0.0,0.0,0.0,STARLINK-11127 [DTC],0,N/A,N/A,0.0,382.04065597388,False,0.0,0.0,0.0,79982.88400962831,99.97860501203539,No suitable server found after deadline/sunset filters,N/A,N/A,N/A
60,CPU_and_Data_Intensive,Rejected,7.41965828986719,N/A,N/A,N/A,0.17899118715650325,0.0,0.0,0.0,STARLINK-11127 [DTC],0,N/A,N/A,0.0,385.69770958680203,False,0.0,0.0,0.0,79982.88400962831,99.97860501203539,No suitable server found after deadline/sunset filters,N/A,N/A,N/A
63,Generic_Service,Rejected,7.650393449797888,N/A,N/A,N/A,0.000979726391075337,0.0,0.0,0.0,STARLINK-11127 [DTC],0,N/A,N/A,0.0,0.01889994792008015,False,0.0,0.0,0.0,79982.88400962831,99.97860501203539,No suitable server found after deadline/sunset filters,N/A,N/A,N/A
86,Generic_Service,Rejected,10.546357631912015,N/A,N/A,N/A,0.003558506606281523,0.0,0.0,0.0,STARLINK-11127 [DTC],0,N/A,N/A,0.0,0.0670013544559633,False,0.0,0.0,0.0,79982.88400962831,99.97860501203539,No suitable server found after deadline/sunset filters,N/A,N/A,N/A
88,Generic_Service,Rejected,10.646485455469364,N/A,N/A,N/A,0.0008192089059043449,0.0,0.0,0.0,STARLINK-11127 [DTC],0,N/A,N/A,0.0,0.04095124070501955,False,0.0,0.0,0.0,79982.88400962831,99.97860501203539,No suitable server found after deadline/sunset filters,N/A,N/A,N/A
94,CPU_and_Data_Intensive,Rejected,11.22923112571865,N/A,N/A,N/A,0.588153175462453,0.0,0.0,0.0,STARLINK-11127 [DTC],0,N/A,N/A,0.0,480.5890204618853,False,0.0,0.0,0.0,79982.88400962831,99.97860501203539,No suitable server found after deadline/sunset filters,N/A,N/A,N/A
101,Generic_Service,Rejected,11.98764382231326,N/A,N/A,N/A,0.0043500367524391985,0.0,0.0,0.0,STARLINK-11127 [DTC],0,N/A,N/A,0.0,0.08013092610631452,False,0.0,0.0,0.0,79982.88400962831,99.97860501203539,No suitable server found after deadline/sunset filters,N/A,N/A,N/A
112,CPU_and_Data_Intensive,Rejected,12.718099233744335,N/A,N/A,N/A,0.021185028207189587,0.0,0.0,0.0,STARLINK-11127 [DTC],0,N/A,N/A,0.0,309.56690788436583,False,0.0,0.0,0.0,79982.88400962831,99.97860501203539,No suitable server found after deadline/sunset filters,N/A,N/A,N/A
113,CPU_and_Data_Intensive,Rejected,12.832401511562905,N/A,N/A,N/A,0.06702791125342725,0.0,0.0,0.0,STARLINK-11127 [DTC],0,N/A,N/A,0.0,271.5921519972601,False,0.0,0.0,0.0,79982.88400962831,99.97860501203539,No suitable server found after deadline/sunset filters,N/A,N/A,N/A
117,CPU_and_Data_Intensive,Rejected,13.999397892748066,N/A,N/A,N/A,0.07596925809912122,0.0,0.0,0.0,STARLINK-11127 [DTC],0,N/A,N/A,0.0,396.1475481167426,False,0.0,0.0,0.0,79982.88400962831,99.97860501203539,No suitable server found after deadline/sunset filters,N/A,N/A,N/A
129,CPU_and_Data_Intensive,Rejected,15.464343213903136,N/A,N/A,N/A,0.01017536705880435,0.0,0.0,0.0,STARLINK-11127 [DTC],0,N/A,N/A,0.0,18.099367441871273,False,0.0,0.0,0.0,79982.88400962831,99.97860501203539,No suitable server found after deadline/sunset filters,N/A,N/A,N/A
138,CPU_and_Data_Intensive,Rejected,16.09966518655365,N/A,N/A,N/A,0.09774180302591827,0.0,0.0,0.0,STARLINK-11127 [DTC],0,N/A,N/A,0.0,448.0606946547821,False,0.0,0.0,0.0,79982.88400962831,99.97860501203539,No suitable server found after deadline/sunset filters,N/A,N/A,N/A
144,CPU_and_Data_Intensive,Rejected,16.934512797294666,N/A,N/A,N/A,0.3490923582827399,0.0,0.0,0.0,STARLINK-11127 [DTC],0,N/A,N/A,0.0,463.01413873765665,False,0.0,0.0,0.0,79982.88400962831,99.97860501203539,No suitable server found after deadline/sunset filters,N/A,N/A,N/A
149,CPU_and_Data_Intensive,Rejected,17.544130656060897,N/A,N/A,N/A,0.25035288964999775,0.0,0.0,0.0,STARLINK-11127 [DTC],0,N/A,N/A,0.0,437.5766639334615,False,0.0,0.0,0.0,79982.88400962831,99.97860501203539,No suitable server found after deadline/sunset filters,N/A,N/A,N/A
186,CPU_and_Data_Intensive,Rejected,19.891114334849,N/A,N/A,N/A,0.2897458213011483,0.0,0.0,0.0,STARLINK-11127 [DTC],0,N/A,N/A,0.0,481.4045877289819,False,0.0,0.0,0.0,79982.88400962831,99.97860501203539,No suitable server found after deadline/sunset filters,N/A,N/A,N/A
190,Generic_Service,Rejected,20.182226664963252,N/A,N/A,N/A,0.004559233468203905,0.0,0.0,0.0,STARLINK-11127 [DTC],0,N/A,N/A,0.0,0.028618383291184157,False,0.0,0.0,0.0,79982.88400962831,99.97860501203539,No suitable server found after deadline/sunset filters,N/A,N/A,N/A
194,CPU_and_Data_Intensive,Rejected,20.669326192518252,N/A,N/A,N/A,0.011062776322416501,0.0,0.0,0.0,STARLINK-11127 [DTC],0,N/A,N/A,0.0,220.53558279804633,False,0.0,0.0,0.0,79982.88400962831,99.97860501203539,No suitable server found after deadline/sunset filters,N/A,N/A,N/A
195,CPU_and_Data_Intensive,Rejected,20.714856805729045,N/A,N/A,N/A,0.16215287175278945,0.0,0.0,0.0,STARLINK-11127 [DTC],0,N/A,N/A,0.0,284.536509664168,False,0.0,0.0,0.0,79982.88400962831,99.97860501203539,No suitable server found after deadline/sunset filters,N/A,N/A,N/A
199,CPU_and_Data_Intensive,Rejected,20.994665246040388,N/A,N/A,N/A,0.041390780506906345,0.0,0.0,0.0,STARLINK-11127 [DTC],0,N/A,N/A,0.0,393.599964598112,False,0.0,0.0,0.0,79982.88400962831,99.97860501203539,No suitable server found after deadline/sunset filters,N/A,N/A,N/A
208,CPU_and_Data_Intensive,Rejected,21.585858479286035,N/A,N/A,N/A,0.14586342629741236,0.0,0.0,0.0,STARLINK-11127 [DTC],0,N/A,N/A,0.0,291.15283122313417,False,0.0,0.0,0.0,79982.88400962831,99.97860501203539,No suitable server found after deadline/sunset filters,N/A,N/A,N/A
209,CPU_and_Data_Intensive,Rejected,21.649391479868402,N/A,N/A,N/A,0.03452117096534452,0.0,0.0,0.0,STARLINK-11127 [DTC],0,N/A,N/A,0.0,495.56541609055444,False,0.0,0.0,0.0,79982.88400962831,99.97860501203539,No suitable server found after deadline/sunset filters,N/A,N/A,N/A
224,CPU_and_Data_Intensive,Rejected,23.848393241023622,N/A,N/A,N/A,0.18841513947086658,0.0,0.0,0.0,STARLINK-11127 [DTC],0,N/A,N/A,0.0,176.16967037837182,False,0.0,0.0,0.0,79982.88400962831,99.97860501203539,No suitable server found after deadline/sunset filters,N/A,N/A,N/A
232,Generic_Service,Rejected,24.514201158975194,N/A,N/A,N/A,0.002708401601746712,0.0,0.0,0.0,STARLINK-11127 [DTC],0,N/A,N/A,0.0,0.03438390679126083,False,0.0,0.0,0.0,79982.88400962831,99.97860501203539,No suitable server found after deadline/sunset filters,N/A,N/A,N/A
242,CPU_and_Data_Intensive,Rejected,25.85999697141731,N/A,N/A,N/A,0.3221314131534967,0.0,0.0,0.0,STARLINK-11127 [DTC],0,N/A,N/A,0.0,393.90657969679137,False,0.0,0.0,0.0,79982.88400962831,99.97860501203539,No suitable server found after deadline/sunset filters,N/A,N/A,N/A
251,CPU_and_Data_Intensive,Rejected,26.36888928102074,N/A,N/A,N/A,0.3318759201892525,0.0,0.0,0.0,STARLINK-11127 [DTC],0,N/A,N/A,0.0,357.2102125604405,False,0.0,0.0,0.0,79982.88400962831,99.97860501203539,No suitable server found after deadline/sunset filters,N/A,N/A,N/A
253,Generic_Service,Rejected,26.661334864301505,N/A,N/A,N/A,0.0033590988819504983,0.0,0.0,0.0,STARLINK-11127 [DTC],0,N/A,N/A,0.0,0.05782273832988972,False,0.0,0.0,0.0,79982.88400962831,99.97860501203539,No suitable server found after deadline/sunset filters,N/A,N/A,N/A
262,CPU_and_Data_Intensive,Rejected,27.504441127728345,N/A,N/A,N/A,0.020442212509483155,0.0,0.0,0.0,STARLINK-11127 [DTC],0,N/A,N/A,0.0,12.576243609547642,False,0.0,0.0,0.0,79982.88400962831,99.97860501203539,No suitable server found after deadline/sunset filters,N/A,N/A,N/A
264,CPU_and_Data_Intensive,Rejected,27.596885961995696,N/A,N/A,N/A,0.3749337756021136,0.0,0.0,0.0,STARLINK-11127 [DTC],0,N/A,N/A,0.0,383.2099775074666,False,0.0,0.0,0.0,79982.88400962831,99.97860501203539,No suitable server found after deadline/sunset filters,N/A,N/A,N/A
265,CPU_and_Data_Intensive,Rejected,27.803855733394613,N/A,N/A,N/A,0.03234619545581269,0.0,0.0,0.0,STARLINK-11127 [DTC],0,N/A,N/A,0.0,238.45463105033906,False,0.0,0.0,0.0,79982.88400962831,99.97860501203539,No suitable server found after deadline/sunset filters,N/A,N/A,N/A
270,CPU_and_Data_Intensive,Rejected,27.92391633915022,N/A,N/A,N/A,0.0555113561724896,0.0,0.0,0.0,STARLINK-11127 [DTC],0,N/A,N/A,0.0,285.8819425350939,False,0.0,0.0,0.0,79982.88400962831,99.97860501203539,No suitable server found after deadline/sunset filters,N/A,N/A,N/A
273,CPU_and_Data_Intensive,Rejected,28.046442994731105,N/A,N/A,N/A,0.4768633754645955,0.0,0.0,0.0,STARLINK-11127 [DTC],0,N/A,N/A,0.0,391.64023847109695,False,0.0,0.0,0.0,79982.88400962831,99.97860501203539,No suitable server found after deadline/sunset filters,N/A,N/A,N/A
275,Generic_Service,Rejected,28.538539161382328,N/A,N/A,N/A,0.003618758014750892,0.0,0.0,0.0,STARLINK-11127 [DTC],0,N/A,N/A,0.0,0.0430151842042438,False,0.0,0.0,0.0,79982.88400962831,99.97860501203539,No suitable server found after deadline/sunset filters,N/A,N/A,N/A
280,CPU_and_Data_Intensive,Rejected,28.96663580958566,N/A,N/A,N/A,0.3822761371960231,0.0,0.0,0.0,STARLINK-11127 [DTC],0,N/A,N/A,0.0,311.97222742267934,False,0.0,0.0,0.0,79982.88400962831,99.97860501203539,No suitable server found after deadline/sunset filters,N/A,N/A,N/A
285,Generic_Service,Rejected,29.296607309576803,N/A,N/A,N/A,0.002618874399922634,0.0,0.0,0.0,STARLINK-11127 [DTC],0,N/A,N/A,0.0,0.08559381845867135,False,0.0,0.0,0.0,79982.88400962831,99.97860501203539,No suitable server found after deadline/sunset filters,N/A,N/A,N/A
296,CPU_and_Data_Intensive,Rejected,31.658779292012476,N/A,N/A,N/A,0.30548699535287677,0.0,0.0,0.0,STARLINK-11127 [DTC],0,N/A,N/A,0.0,485.45035841118346,False,0.0,0.0,0.0,79982.88400962831,99.97860501203539,No suitable server found after deadline/sunset filters,N/A,N/A,N/A
305,CPU_and_Data_Intensive,Rejected,32.57130138345726,N/A,N/A,N/A,0.10516953465396586,0.0,0.0,0.0,STARLINK-11127 [DTC],0,N/A,N/A,0.0,235.1749967894732,False,0.0,0.0,0.0,79982.88400962831,99.97860501203539,No suitable server found after deadline/sunset filters,N/A,N/A,N/A
312,CPU_and_Data_Intensive,Rejected,33.34485629260204,N/A,N/A,N/A,0.0036425386712365814,0.0,0.0,0.0,STARLINK-11127 [DTC],0,N/A,N/A,0.0,13.843058085718017,False,0.0,0.0,0.0,79982.88400962831,99.97860501203539,No suitable server found after deadline/sunset filters,N/A,N/A,N/A
319,Generic_Service,Rejected,33.8514686864782,N/A,N/A,N/A,0.0016520838953377063,0.0,0.0,0.0,STARLINK-11127 [DTC],0,N/A,N/A,0.0,0.021299561549783,False,0.0,0.0,0.0,79982.88400962831,99.97860501203539,No suitable server found after deadline/sunset filters,N/A,N/A,N/A
323,CPU_and_Data_Intensive,Rejected,34.4964818087552,N/A,N/A,N/A,0.06852422059997058,0.0,0.0,0.0,STARLINK-11127 [DTC],0,N/A,N/A,0.0,359.617180605318,False,0.0,0.0,0.0,79982.88400962831,99.97860501203539,No suitable server found after deadline/sunset filters,N/A,N/A,N/A
331,CPU_and_Data_Intensive,Rejected,35.488872994385304,N/A,N/A,N/A,0.1889873516009423,0.0,0.0,0.0,STARLINK-11127 [DTC],0,N/A,N/A,0.0,268.1936046846925,False,0.0,0.0,0.0,79982.88400962831,99.97860501203539,No suitable server found after deadline/sunset filters,N/A,N/A,N/A
367,CPU_and_Data_Intensive,Rejected,39.20193281491898,N/A,N/A,N/A,0.0550269706940151,0.0,0.0,0.0,STARLINK-11127 [DTC],0,N/A,N/A,0.0,286.3324250232686,False,0.0,0.0,0.0,79982.88400962831,99.97860501203539,No suitable server found after deadline/sunset filters,N/A,N/A,N/A
374,Generic_Service,Rejected,40.02383823974793,N/A,N/A,N/A,0.005118628264259485,0.0,0.0,0.0,STARLINK-11127 [DTC],0,N/A,N/A,0.0,0.042856613871793015,False,0.0,0.0,0.0,79982.88400962831,99.97860501203539,No suitable server found after deadline/sunset filters,N/A,N/A,N/A
383,Generic_Service,Rejected,40.72339738908659,N/A,N/A,N/A,0.001823106619672961,0.0,0.0,0.0,STARLINK-11127 [DTC],0,N/A,N/A,0.0,0.08234299202555048,False,0.0,0.0,0.0,79982.88400962831,99.97860501203539,No suitable server found after deadline/sunset filters,N/A,N/A,N/A
388,CPU_and_Data_Intensive,Rejected,40.94339145088817,N/A,N/A,N/A,0.11497995641992796,0.0,0.0,0.0,STARLINK-11127 [DTC],0,N/A,N/A,0.0,196.46382976632435,False,0.0,0.0,0.0,79982.88400962831,99.97860501203539,No suitable server found after deadline/sunset filters,N/A,N/A,N/A
411,CPU_and_Data_Intensive,Rejected,43.22893065207547,N/A,N/A,N/A,0.3671279271716977,0.0,0.0,0.0,STARLINK-11127 [DTC],0,N/A,N/A,0.0,439.8251372080633,False,0.0,0.0,0.0,79982.88400962831,99.97860501203539,No suitable server found after deadline/sunset filters,N/A,N/A,N/A
412,CPU_and_Data_Intensive,Rejected,43.26290593647766,N/A,N/A,N/A,0.3561560469679602,0.0,0.0,0.0,STARLINK-11127 [DTC],0,N/A,N/A,0.0,433.3249884312024,False,0.0,0.0,0.0,79982.88400962831,99.97860501203539,No suitable server found after deadline/sunset filters,N/A,N/A,N/A
431,Generic_Service,Rejected,45.287964844278136,N/A,N/A,N/A,0.0019709277527418137,0.0,0.0,0.0,STARLINK-11127 [DTC],0,N/A,N/A,0.0,0.023201182358913892,False,0.0,0.0,0.0,79982.88400962831,99.97860501203539,No suitable server found after deadline/sunset filters,N/A,N/A,N/A
433,CPU_and_Data_Intensive,Rejected,45.37742786072816,N/A,N/A,N/A,0.03546142383688062,0.0,0.0,0.0,STARLINK-11127 [DTC],0,N/A,N/A,0.0,382.7001307209158,False,0.0,0.0,0.0,79982.88400962831,99.97860501203539,No suitable server found after deadline/sunset filters,N/A,N/A,N/A
437,CPU_and_Data_Intensive,Rejected,45.93143106726093,N/A,N/A,N/A,0.02692597024395869,0.0,0.0,0.0,STARLINK-11127 [DTC],0,N/A,N/A,0.0,423.79529459690497,False,0.0,0.0,0.0,79982.88400962831,99.97860501203539,No suitable server found after deadline/sunset filters,N/A,N/A,N/A
444,CPU_and_Data_Intensive,Rejected,46.61243910896803,N/A,N/A,N/A,0.340485850324692,0.0,0.0,0.0,STARLINK-11127 [DTC],0,N/A,N/A,0.0,417.44525213006443,False,0.0,0.0,0.0,79982.88400962831,99.97860501203539,No suitable server found after deadline/sunset filters,N/A,N/A,N/A
491,Generic_Service,Rejected,51.45214928274622,N/A,N/A,N/A,4.2668699151417376e-05,0.0,0.0,0.0,STARLINK-11127 [DTC],0,N/A,N/A,0.0,0.043314731171783076,False,0.0,0.0,0.0,79982.88400962831,99.97860501203539,No suitable server found after deadline/sunset filters,N/A,N/A,N/A
493,CPU_and_Data_Intensive,Rejected,51.64594417701584,N/A,N/A,N/A,0.015589769349428894,0.0,0.0,0.0,STARLINK-11127 [DTC],0,N/A,N/A,0.0,8.871428671194106,False,0.0,0.0,0.0,79982.88400962831,99.97860501203539,No suitable server found after deadline/sunset filters,N/A,N/A,N/A
501,CPU_and_Data_Intensive,Rejected,51.99923267892847,N/A,N/A,N/A,0.11846772824332041,0.0,0.0,0.0,STARLINK-11127 [DTC],0,N/A,N/A,0.0,221.25376499720514,False,0.0,0.0,0.0,79982.88400962831,99.97860501203539,No suitable server found after deadline/sunset filters,N/A,N/A,N/A
509,CPU_and_Data_Intensive,Rejected,52.523506086541616,N/A,N/A,N/A,0.1126398199232349,0.0,0.0,0.0,STARLINK-11127 [DTC],0,N/A,N/A,0.0,255.86645040888155,False,0.0,0.0,0.0,79982.88400962831,99.97860501203539,No suitable server found after deadline/sunset filters,N/A,N/A,N/A
521,CPU_and_Data_Intensive,Rejected,53.45349772213335,N/A,N/A,N/A,0.2214362605377494,0.0,0.0,0.0,STARLINK-11127 [DTC],0,N/A,N/A,0.0,324.0915513185578,False,0.0,0.0,0.0,79982.88400962831,99.97860501203539,No suitable server found after deadline/sunset filters,N/A,N/A,N/A
522,CPU_and_Data_Intensive,Rejected,53.46168341552204,N/A,N/A,N/A,0.36373583991363717,0.0,0.0,0.0,STARLINK-11127 [DTC],0,N/A,N/A,0.0,341.93319103343254,False,0.0,0.0,0.0,79982.88400962831,99.97860501203539,No suitable server found after deadline/sunset filters,N/A,N/A,N/A
558,CPU_and_Data_Intensive,Rejected,56.449664254627564,N/A,N/A,N/A,0.1944498434471155,0.0,0.0,0.0,STARLINK-11127 [DTC],0,N/A,N/A,0.0,314.0477574084082,False,0.0,0.0,0.0,79982.88400962831,99.97860501203539,No suitable server found after deadline/sunset filters,N/A,N/A,N/A
572,CPU_and_Data_Intensive,Rejected,58.25619650565924,N/A,N/A,N/A,0.5721832854870409,0.0,0.0,0.0,STARLINK-11127 [DTC],0,N/A,N/A,0.0,490.22064202484773,False,0.0,0.0,0.0,79982.88400962831,99.97860501203539,No suitable server found after deadline/sunset filters,N/A,N/A,N/A
580,CPU_and_Data_Intensive,Rejected,58.77131796031434,N/A,N/A,N/A,0.002857460547543354,0.0,0.0,0.0,STARLINK-11127 [DTC],0,N/A,N/A,0.0,137.31887724955894,False,0.0,0.0,0.0,79982.88400962831,99.97860501203539,No suitable server found after deadline/sunset filters,N/A,N/A,N/A
587,CPU_and_Data_Intensive,Rejected,59.163792498178545,N/A,N/A,N/A,0.005229070589391626,0.0,0.0,0.0,STARLINK-11127 [DTC],0,N/A,N/A,0.0,1.6636135083058703,False,0.0,0.0,0.0,79982.88400962831,99.97860501203539,No suitable server found after deadline/sunset filters,N/A,N/A,N/A
591,CPU_and_Data_Intensive,Rejected,59.357397736133066,N/A,N/A,N/A,0.02159739685271361,0.0,0.0,0.0,STARLINK-11127 [DTC],0,N/A,N/A,0.0,17.07032901278437,False,0.0,0.0,0.0,79982.88400962831,99.97860501203539,No suitable server found after deadline/sunset filters,N/A,N/A,N/A
616,CPU_and_Data_Intensive,Rejected,62.13235473860125,N/A,N/A,N/A,0.082052479234336,0.0,0.0,0.0,STARLINK-11127 [DTC],0,N/A,N/A,0.0,300.0913192220707,False,0.0,0.0,0.0,79982.88400962831,99.97860501203539,No suitable server found after deadline/sunset filters,N/A,N/A,N/A
621,Generic_Service,Rejected,62.74947813015622,N/A,N/A,N/A,0.00488220960545402,0.0,0.0,0.0,STARLINK-11127 [DTC],0,N/A,N/A,0.0,0.0464267126368585,False,0.0,0.0,0.0,79982.88400962831,99.97860501203539,No suitable server found after deadline/sunset filters,N/A,N/A,N/A
622,CPU_and_Data_Intensive,Rejected,62.84503312907104,N/A,N/A,N/A,0.01392073337256733,0.0,0.0,0.0,STARLINK-11127 [DTC],0,N/A,N/A,0.0,17.102063493381237,False,0.0,0.0,0.0,79982.88400962831,99.97860501203539,No suitable server found after deadline/sunset filters,N/A,N/A,N/A
657,CPU_and_Data_Intensive,Rejected,65.65202698424226,N/A,N/A,N/A,0.012516581685894852,0.0,0.0,0.0,STARLINK-11127 [DTC],0,N/A,N/A,0.0,6.7224831538513214,False,0.0,0.0,0.0,79982.88400962831,99.97860501203539,No suitable server found after deadline/sunset filters,N/A,N/A,N/A
690,Generic_Service,Rejected,69.1506153455851,N/A,N/A,N/A,0.0028088591359396483,0.0,0.0,0.0,STARLINK-11127 [DTC],0,N/A,N/A,0.0,0.07927519907442034,False,0.0,0.0,0.0,79982.88400962831,99.97860501203539,No suitable server found after deadline/sunset filters,N/A,N/A,N/A
704,CPU_and_Data_Intensive,Rejected,70.47463445643923,N/A,N/A,N/A,0.011594424996476213,0.0,0.0,0.0,STARLINK-11127 [DTC],0,N/A,N/A,0.0,22.77332741497653,False,0.0,0.0,0.0,79982.88400962831,99.97860501203539,No suitable server found after deadline/sunset filters,N/A,N/A,N/A
720,CPU_and_Data_Intensive,Rejected,71.4947624447335,N/A,N/A,N/A,0.03180027414699428,0.0,0.0,0.0,STARLINK-11127 [DTC],0,N/A,N/A,0.0,440.470107715201,False,0.0,0.0,0.0,79982.88400962831,99.97860501203539,No suitable server found after deadline/sunset filters,N/A,N/A,N/A
731,CPU_and_Data_Intensive,Rejected,72.5389799082545,N/A,N/A,N/A,0.0377728211009734,0.0,0.0,0.0,STARLINK-11127 [DTC],0,N/A,N/A,0.0,492.28251169855787,False,0.0,0.0,0.0,79982.88400962831,99.97860501203539,No suitable server found after deadline/sunset filters,N/A,N/A,N/A
732,CPU_and_Data_Intensive,Rejected,72.9058351709889,N/A,N/A,N/A,0.11049752075697546,0.0,0.0,0.0,STARLINK-11127 [DTC],0,N/A,N/A,0.0,216.5522096204663,False,0.0,0.0,0.0,79982.88400962831,99.97860501203539,No suitable server found after deadline/sunset filters,N/A,N/A,N/A
752,CPU_and_Data_Intensive,Rejected,75.09923174042244,N/A,N/A,N/A,0.36080265749904866,0.0,0.0,0.0,STARLINK-11127 [DTC],0,N/A,N/A,0.0,389.50810330798026,False,0.0,0.0,0.0,79982.88400962831,99.97860501203539,No suitable server found after deadline/sunset filters,N/A,N/A,N/A
758,Generic_Service,Rejected,75.89164697783035,N/A,N/A,N/A,0.0011338864388229734,0.0,0.0,0.0,STARLINK-11127 [DTC],0,N/A,N/A,0.0,0.013232288915142653,False,0.0,0.0,0.0,79982.88400962831,99.97860501203539,No suitable server found after deadline/sunset filters,N/A,N/A,N/A
761,CPU_and_Data_Intensive,Rejected,76.2591908184615,N/A,N/A,N/A,0.18324159057541498,0.0,0.0,0.0,STARLINK-11127 [DTC],0,N/A,N/A,0.0,217.3066139507086,False,0.0,0.0,0.0,79982.88400962831,99.97860501203539,No suitable server found after deadline/sunset filters,N/A,N/A,N/A
762,CPU_and_Data_Intensive,Rejected,76.27474414210296,N/A,N/A,N/A,0.012783720855028938,0.0,0.0,0.0,STARLINK-11127 [DTC],0,N/A,N/A,0.0,196.38453261171006,False,0.0,0.0,0.0,79982.88400962831,99.97860501203539,No suitable server found after deadline/sunset filters,N/A,N/A,N/A
773,CPU_and_Data_Intensive,Rejected,77.40470053839312,N/A,N/A,N/A,0.06285520915651344,0.0,0.0,0.0,STARLINK-11127 [DTC],0,N/A,N/A,0.0,208.54988785330983,False,0.0,0.0,0.0,79982.88400962831,99.97860501203539,No suitable server found after deadline/sunset filters,N/A,N/A,N/A
778,CPU_and_Data_Intensive,Rejected,78.19355777373238,N/A,N/A,N/A,0.40003772493701306,0.0,0.0,0.0,STARLINK-11127 [DTC],0,N/A,N/A,0.0,480.7529318360512,False,0.0,0.0,0.0,79982.88400962831,99.97860501203539,No suitable server found after deadline/sunset filters,N/A,N/A,N/A
807,CPU_and_Data_Intensive,Rejected,81.51768096337186,N/A,N/A,N/A,0.17722022535763415,0.0,0.0,0.0,STARLINK-11127 [DTC],0,N/A,N/A,0.0,362.8117838608407,False,0.0,0.0,0.0,79982.88400962831,99.97860501203539,No suitable server found after deadline/sunset filters,N/A,N/A,N/A
832,CPU_and_Data_Intensive,Rejected,83.75299332681773,N/A,N/A,N/A,0.00033025466422071086,0.0,0.0,0.0,STARLINK-11127 [DTC],0,N/A,N/A,0.0,272.0270971419239,False,0.0,0.0,0.0,79982.88400962831,99.97860501203539,No suitable server found after deadline/sunset filters,N/A,N/A,N/A
835,CPU_and_Data_Intensive,Rejected,83.84580141560484,N/A,N/A,N/A,0.22106065361923596,0.0,0.0,0.0,STARLINK-11127 [DTC],0,N/A,N/A,0.0,437.03207850346627,False,0.0,0.0,0.0,79982.88400962831,99.97860501203539,No suitable server found after deadline/sunset filters,N/A,N/A,N/A
855,Generic_Service,Rejected,86.40113797297353,N/A,N/A,N/A,0.0003328693336951847,0.0,0.0,0.0,STARLINK-11127 [DTC],0,N/A,N/A,0.0,0.01655671733165081,False,0.0,0.0,0.0,79982.88400962831,99.97860501203539,No suitable server found after deadline/sunset filters,N/A,N/A,N/A
875,Generic_Service,Rejected,88.68282185152003,N/A,N/A,N/A,0.0004652463871260624,0.0,0.0,0.0,STARLINK-11127 [DTC],0,N/A,N/A,0.0,0.028265313397844924,False,0.0,0.0,0.0,79982.88400962831,99.97860501203539,No suitable server found after deadline/sunset filters,N/A,N/A,N/A
891,CPU_and_Data_Intensive,Rejected,90.41676791427945,N/A,N/A,N/A,0.13607620692551375,0.0,0.0,0.0,STARLINK-11127 [DTC],0,N/A,N/A,0.0,258.36432507353516,False,0.0,0.0,0.0,79982.88400962831,99.97860501203539,No suitable server found after deadline/sunset filters,N/A,N/A,N/A
901,CPU_and_Data_Intensive,Rejected,91.3847926020354,N/A,N/A,N/A,0.07616360809024701,0.0,0.0,0.0,STARLINK-11127 [DTC],0,N/A,N/A,0.0,253.24321707172788,False,0.0,0.0,0.0,79982.88400962831,99.97860501203539,No suitable server found after deadline/sunset filters,N/A,N/A,N/A
902,Generic_Service,Rejected,91.5745710169119,N/A,N/A,N/A,0.002493631925068333,0.0,0.0,0.0,STARLINK-11127 [DTC],0,N/A,N/A,0.0,0.018735571338674373,False,0.0,0.0,0.0,79982.88400962831,99.97860501203539,No suitable server found after deadline/sunset filters,N/A,N/A,N/A
924,Generic_Service,Rejected,93.62229011504014,N/A,N/A,N/A,0.005491403215389084,0.0,0.0,0.0,STARLINK-11127 [DTC],0,N/A,N/A,0.0,0.06558599201740009,False,0.0,0.0,0.0,79982.88400962831,99.97860501203539,No suitable server found after deadline/sunset filters,N/A,N/A,N/A
929,Generic_Service,Rejected,94.22160956216575,N/A,N/A,N/A,0.002695266888352605,0.0,0.0,0.0,STARLINK-11127 [DTC],0,N/A,N/A,0.0,0.051862502211852894,False,0.0,0.0,0.0,79982.88400962831,99.97860501203539,No suitable server found after deadline/sunset filters,N/A,N/A,N/A
938,Generic_Service,Rejected,95.36883044289448,N/A,N/A,N/A,0.004694900939672243,0.0,0.0,0.0,STARLINK-11127 [DTC],0,N/A,N/A,0.0,0.07834249173280557,False,0.0,0.0,0.0,79982.88400962831,99.97860501203539,No suitable server found after deadline/sunset filters,N/A,N/A,N/A
945,CPU_and_Data_Intensive,Rejected,95.69466898952517,N/A,N/A,N/A,0.011823234969684883,0.0,0.0,0.0,STARLINK-11127 [DTC],0,N/A,N/A,0.0,471.0602373454537,False,0.0,0.0,0.0,79982.88400962831,99.97860501203539,No suitable server found after deadline/sunset filters,N/A,N/A,N/A
955,Generic_Service,Rejected,97.0501169829873,N/A,N/A,N/A,0.001782185007894064,0.0,0.0,0.0,STARLINK-11127 [DTC],0,N/A,N/A,0.0,0.0712374923219501,False,0.0,0.0,0.0,79982.88400962831,99.97860501203539,No suitable server found after deadline/sunset filters,N/A,N/A,N/A
962,CPU_and_Data_Intensive,Rejected,98.31635513016427,N/A,N/A,N/A,0.08152293912273223,0.0,0.0,0.0,STARLINK-11127 [DTC],0,N/A,N/A,0.0,363.44893165631777,False,0.0,0.0,0.0,79982.88400962831,99.97860501203539,No suitable server found after deadline/sunset filters,N/A,N/A,N/A
970,CPU_and_Data_Intensive,Rejected,98.85213648442424,N/A,N/A,N/A,0.5824319398329851,0.0,0.0,0.0,STARLINK-11127 [DTC],0,N/A,N/A,0.0,463.47995902088434,False,0.0,0.0,0.0,79982.88400962831,99.97860501203539,No suitable server found after deadline/sunset filters,N/A,N/A,N/A
979,CPU_and_Data_Intensive,Rejected,99.9968765289416,N/A,N/A,N/A,0.304927528355919,0.0,0.0,0.0,STARLINK-11127 [DTC],0,N/A,N/A,0.0,348.27906649392355,False,0.0,0.0,0.0,79982.88400962831,99.97860501203539,No suitable server found after deadline/sunset filters,N/A,N/A,N/A
1023,CPU_and_Data_Intensive,Rejected,103.9199418979315,N/A,N/A,N/A,0.4277241001046647,0.0,0.0,0.0,STARLINK-11127 [DTC],0,N/A,N/A,0.0,418.7027640073303,False,0.0,0.0,0.0,79982.88400962831,99.97860501203539,No suitable server found after deadline/sunset filters,N/A,N/A,N/A
1038,CPU_and_Data_Intensive,Rejected,105.3453218829699,N/A,N/A,N/A,0.05226634124686142,0.0,0.0,0.0,STARLINK-11127 [DTC],0,N/A,N/A,0.0,334.5643698792621,False,0.0,0.0,0.0,79982.88400962831,99.97860501203539,No suitable server found after deadline/sunset filters,N/A,N/A,N/A
1044,CPU_and_Data_Intensive,Rejected,105.82320388415644,N/A,N/A,N/A,0.07622595382048834,0.0,0.0,0.0,STARLINK-11127 [DTC],0,N/A,N/A,0.0,486.2587142180862,False,0.0,0.0,0.0,79982.88400962831,99.97860501203539,No suitable server found after deadline/sunset filters,N/A,N/A,N/A
1059,CPU_and_Data_Intensive,Rejected,107.59050136002712,N/A,N/A,N/A,0.45441520407827773,0.0,0.0,0.0,STARLINK-11127 [DTC],0,N/A,N/A,0.0,423.3699375740616,False,0.0,0.0,0.0,79982.88400962831,99.97860501203539,No suitable server found after deadline/sunset filters,N/A,N/A,N/A
1062,CPU_Intensive,Rejected,107.72195346195326,N/A,N/A,N/A,0.005668024635154278,0.0,0.0,0.0,STARLINK-11127 [DTC],0,N/A,N/A,0.0,0.08380538591107375,False,0.0,0.0,0.0,79982.88400962831,99.97860501203539,No suitable server found after deadline/sunset filters,N/A,N/A,N/A
1069,CPU_and_Data_Intensive,Rejected,108.25274605805154,N/A,N/A,N/A,0.005240364457408519,0.0,0.0,0.0,STARLINK-11127 [DTC],0,N/A,N/A,0.0,142.795373360427,False,0.0,0.0,0.0,79982.88400962831,99.97860501203539,No suitable server found after deadline/sunset filters,N/A,N/A,N/A
1089,CPU_and_Data_Intensive,Rejected,110.63442011136576,N/A,N/A,N/A,0.11323871172335379,0.0,0.0,0.0,STARLINK-11127 [DTC],0,N/A,N/A,0.0,426.650875086709,False,0.0,0.0,0.0,79982.88400962831,99.97860501203539,No suitable server found after deadline/sunset filters,N/A,N/A,N/A
1092,CPU_and_Data_Intensive,Rejected,111.09359072324324,N/A,N/A,N/A,0.4189310360389118,0.0,0.0,0.0,STARLINK-11127 [DTC],0,N/A,N/A,0.0,352.12587523640696,False,0.0,0.0,0.0,79982.88400962831,99.97860501203539,No suitable server found after deadline/sunset filters,N/A,N/A,N/A
1098,CPU_and_Data_Intensive,Rejected,111.3898751452943,N/A,N/A,N/A,0.6128319112199739,0.0,0.0,0.0,STARLINK-11127 [DTC],0,N/A,N/A,0.0,478.85288724336755,False,0.0,0.0,0.0,79982.88400962831,99.97860501203539,No suitable server found after deadline/sunset filters,N/A,N/A,N/A
1101,CPU_and_Data_Intensive,Rejected,111.81637404812665,N/A,N/A,N/A,0.285900940045856,0.0,0.0,0.0,STARLINK-11127 [DTC],0,N/A,N/A,0.0,431.99619860962036,False,0.0,0.0,0.0,79982.88400962831,99.97860501203539,No suitable server found after deadline/sunset filters,N/A,N/A,N/A
1156,CPU_and_Data_Intensive,Rejected,117.67149356245189,N/A,N/A,N/A,0.49513722020844364,0.0,0.0,0.0,STARLINK-11127 [DTC],0,N/A,N/A,0.0,438.40643715067563,False,0.0,0.0,0.0,79982.88400962831,99.97860501203539,No suitable server found after deadline/sunset filters,N/A,N/A,N/A
1161,Generic_Service,Rejected,118.55502520969911,N/A,N/A,N/A,0.0030036720653620853,0.0,0.0,0.0,STARLINK-11127 [DTC],0,N/A,N/A,0.0,0.029596092878245134,False,0.0,0.0,0.0,79982.88400962831,99.97860501203539,No suitable server found after deadline/sunset filters,N/A,N/A,N/A
1165,Generic_Service,Rejected,119.08092298238402,N/A,N/A,N/A,0.003071143888248065,0.0,0.0,0.0,STARLINK-11127 [DTC],0,N/A,N/A,0.0,0.04607392812245741,False,0.0,0.0,0.0,79982.88400962831,99.97860501203539,No suitable server found after deadline/sunset filters,N/A,N/A,N/A
1170,CPU_and_Data_Intensive,Rejected,119.56466372180445,N/A,N/A,N/A,0.14484596145562742,0.0,0.0,0.0,STARLINK-11127 [DTC],0,N/A,N/A,0.0,349.93366142193713,False,0.0,0.0,0.0,79982.88400962831,99.97860501203539,No suitable server found after deadline/sunset filters,N/A,N/A,N/A
1184,Generic_Service,Rejected,120.80468876345364,N/A,N/A,N/A,0.0021142356759447137,0.0,0.0,0.0,STARLINK-11127 [DTC],0,N/A,N/A,0.0,0.02273023675374497,False,0.0,0.0,0.0,79982.88400962831,99.97860501203539,No suitable server found after deadline/sunset filters,N/A,N/A,N/A
1186,CPU_and_Data_Intensive,Rejected,121.01875034010239,N/A,N/A,N/A,0.0016662222438248889,0.0,0.0,0.0,STARLINK-11127 [DTC],0,N/A,N/A,0.0,0.25842537705385116,False,0.0,0.0,0.0,79982.88400962831,99.97860501203539,No suitable server found after deadline/sunset filters,N/A,N/A,N/A
1194,CPU_and_Data_Intensive,Rejected,121.510668873133,N/A,N/A,N/A,0.020165703202049044,0.0,0.0,0.0,STARLINK-11127 [DTC],0,N/A,N/A,0.0,179.4345476646763,False,0.0,0.0,0.0,79982.88400962831,99.97860501203539,No suitable server found after deadline/sunset filters,N/A,N/A,N/A
1205,CPU_and_Data_Intensive,Rejected,122.63032042492021,N/A,N/A,N/A,0.12690737431588364,0.0,0.0,0.0,STARLINK-11127 [DTC],0,N/A,N/A,0.0,427.36179327377135,False,0.0,0.0,0.0,79982.88400962831,99.97860501203539,No suitable server found after deadline/sunset filters,N/A,N/A,N/A
1232,Generic_Service,Rejected,125.51931908462012,N/A,N/A,N/A,0.005053370648743318,0.0,0.0,0.0,STARLINK-11127 [DTC],0,N/A,N/A,0.0,0.031504295707490915,False,0.0,0.0,0.0,79982.88400962831,99.97860501203539,No suitable server found after deadline/sunset filters,N/A,N/A,N/A
1235,CPU_and_Data_Intensive,Rejected,125.61752441886053,N/A,N/A,N/A,0.24174204497363078,0.0,0.0,0.0,STARLINK-11127 [DTC],0,N/A,N/A,0.0,270.48247645934345,False,0.0,0.0,0.0,79982.88400962831,99.97860501203539,No suitable server found after deadline/sunset filters,N/A,N/A,N/A
1248,CPU_and_Data_Intensive,Rejected,127.24808888448104,N/A,N/A,N/A,0.09935642016586649,0.0,0.0,0.0,STARLINK-11127 [DTC],0,N/A,N/A,0.0,159.18488042992306,False,0.0,0.0,0.0,79982.88400962831,99.97860501203539,No suitable server found after deadline/sunset filters,N/A,N/A,N/A
1251,CPU_and_Data_Intensive,Rejected,127.38028114108073,N/A,N/A,N/A,0.12168870762127255,0.0,0.0,0.0,STARLINK-11127 [DTC],0,N/A,N/A,0.0,178.45918515404662,False,0.0,0.0,0.0,79982.88400962831,99.97860501203539,No suitable server found after deadline/sunset filters,N/A,N/A,N/A
1257,CPU_and_Data_Intensive,Rejected,127.99741469688875,N/A,N/A,N/A,0.26806267693549646,0.0,0.0,0.0,STARLINK-11127 [DTC],0,N/A,N/A,0.0,467.446359972532,False,0.0,0.0,0.0,79982.88400962831,99.97860501203539,No suitable server found after deadline/sunset filters,N/A,N/A,N/A
1266,Generic_Service,Rejected,129.0080852933331,N/A,N/A,N/A,0.00486359180602548,0.0,0.0,0.0,STARLINK-11127 [DTC],0,N/A,N/A,0.0,0.04783308781992845,False,0.0,0.0,0.0,79982.88400962831,99.97860501203539,No suitable server found after deadline/sunset filters,N/A,N/A,N/A
1271,CPU_and_Data_Intensive,Rejected,129.38156821646226,N/A,N/A,N/A,0.06862745060956328,0.0,0.0,0.0,STARLINK-11127 [DTC],0,N/A,N/A,0.0,312.5918236286668,False,0.0,0.0,0.0,79982.88400962831,99.97860501203539,No suitable server found after deadline/sunset filters,N/A,N/A,N/A
1276,CPU_and_Data_Intensive,Rejected,129.8602052177167,N/A,N/A,N/A,0.3219940354067795,0.0,0.0,0.0,STARLINK-11127 [DTC],0,N/A,N/A,0.0,284.6217289298586,False,0.0,0.0,0.0,79982.88400962831,99.97860501203539,No suitable server found after deadline/sunset filters,N/A,N/A,N/A
1285,CPU_and_Data_Intensive,Rejected,130.35005563749127,N/A,N/A,N/A,0.3549268563602933,0.0,0.0,0.0,STARLINK-11127 [DTC],0,N/A,N/A,0.0,430.8330732537527,False,0.0,0.0,0.0,79982.88400962831,99.97860501203539,No suitable server found after deadline/sunset filters,N/A,N/A,N/A
1300,Generic_Service,Rejected,131.75360367302702,N/A,N/A,N/A,0.0035755641638175566,0.0,0.0,0.0,STARLINK-11127 [DTC],0,N/A,N/A,0.0,0.06773781455394451,False,0.0,0.0,0.0,79982.88400962831,99.97860501203539,No suitable server found after deadline/sunset filters,N/A,N/A,N/A
1310,CPU_and_Data_Intensive,Rejected,132.56179541567803,N/A,N/A,N/A,0.4350495105625794,0.0,0.0,0.0,STARLINK-11127 [DTC],0,N/A,N/A,0.0,371.22287388279324,False,0.0,0.0,0.0,79982.88400962831,99.97860501203539,No suitable server found after deadline/sunset filters,N/A,N/A,N/A
1323,Generic_Service,Rejected,133.8125151787603,N/A,N/A,N/A,0.003354941111898525,0.0,0.0,0.0,STARLINK-11127 [DTC],0,N/A,N/A,0.0,0.04761231372254523,False,0.0,0.0,0.0,79982.88400962831,99.97860501203539,No suitable server found after deadline/sunset filters,N/A,N/A,N/A
1344,CPU_and_Data_Intensive,Rejected,136.6844220108822,N/A,N/A,N/A,0.38016853027796144,0.0,0.0,0.0,STARLINK-11127 [DTC],0,N/A,N/A,0.0,435.63727474016224,False,0.0,0.0,0.0,79982.88400962831,99.97860501203539,No suitable server found after deadline/sunset filters,N/A,N/A,N/A
1383,CPU_Intensive,Rejected,140.62065147090337,N/A,N/A,N/A,0.0002851553549878805,0.0,0.0,0.0,STARLINK-11127 [DTC],0,N/A,N/A,0.0,0.027900752135090856,False,0.0,0.0,0.0,79982.88400962831,99.97860501203539,No suitable server found after deadline/sunset filters,N/A,N/A,N/A
1387,CPU_and_Data_Intensive,Rejected,140.9693997970148,N/A,N/A,N/A,0.03521807496762569,0.0,0.0,0.0,STARLINK-11127 [DTC],0,N/A,N/A,0.0,24.032268999086536,False,0.0,0.0,0.0,79982.88400962831,99.97860501203539,No suitable server found after deadline/sunset filters,N/A,N/A,N/A
1403,Generic_Service,Rejected,142.93440915559967,N/A,N/A,N/A,0.0042930430251768405,0.0,0.0,0.0,STARLINK-11127 [DTC],0,N/A,N/A,0.0,0.05505850695570346,False,0.0,0.0,0.0,79982.88400962831,99.97860501203539,No suitable server found after deadline/sunset filters,N/A,N/A,N/A
1405,CPU_and_Data_Intensive,Rejected,143.09887243117961,N/A,N/A,N/A,0.527452186758529,0.0,0.0,0.0,STARLINK-11127 [DTC],0,N/A,N/A,0.0,470.2929036932011,False,0.0,0.0,0.0,79982.88400962831,99.97860501203539,No suitable server found after deadline/sunset filters,N/A,N/A,N/A
1424,CPU_and_Data_Intensive,Rejected,144.38964633979876,N/A,N/A,N/A,0.20816405047298142,0.0,0.0,0.0,STARLINK-11127 [DTC],0,N/A,N/A,0.0,188.62991310301433,False,0.0,0.0,0.0,79982.88400962831,99.97860501203539,No suitable server found after deadline/sunset filters,N/A,N/A,N/A
1441,CPU_and_Data_Intensive,Rejected,146.22727823713834,N/A,N/A,N/A,0.47719479280411914,0.0,0.0,0.0,STARLINK-11127 [DTC],0,N/A,N/A,0.0,354.2947988553425,False,0.0,0.0,0.0,79982.88400962831,99.97860501203539,No suitable server found after deadline/sunset filters,N/A,N/A,N/A
1466,Generic_Service,Rejected,147.97710626894246,N/A,N/A,N/A,0.002119564128263265,0.0,0.0,0.0,STARLINK-11127 [DTC],0,N/A,N/A,0.0,0.014626590858572763,False,0.0,0.0,0.0,79982.88400962831,99.97860501203539,No suitable server found after deadline/sunset filters,N/A,N/A,N/A
1477,CPU_and_Data_Intensive,Rejected,148.9346707393017,N/A,N/A,N/A,0.1307564750453537,0.0,0.0,0.0,STARLINK-11127 [DTC],0,N/A,N/A,0.0,157.11719289505623,False,0.0,0.0,0.0,79982.88400962831,99.97860501203539,No suitable server found after deadline/sunset filters,N/A,N/A,N/A
1478,CPU_and_Data_Intensive,Rejected,149.0579844626867,N/A,N/A,N/A,0.0596562693597167,0.0,0.0,0.0,STARLINK-11127 [DTC],0,N/A,N/A,0.0,414.628024520837,False,0.0,0.0,0.0,79982.88400962831,99.97860501203539,No suitable server found after deadline/sunset filters,N/A,N/A,N/A
1490,CPU_and_Data_Intensive,Rejected,149.85948603376534,N/A,N/A,N/A,0.035406039283599665,0.0,0.0,0.0,STARLINK-11127 [DTC],0,N/A,N/A,0.0,21.644328967785757,False,0.0,0.0,0.0,79982.88400962831,99.97860501203539,No suitable server found after deadline/sunset filters,N/A,N/A,N/A
1497,CPU_and_Data_Intensive,Rejected,150.8563674313136,N/A,N/A,N/A,0.0280648180616145,0.0,0.0,0.0,STARLINK-11127 [DTC],0,N/A,N/A,0.0,24.15096749502141,False,0.0,0.0,0.0,79982.88400962831,99.97860501203539,No suitable server found after deadline/sunset filters,N/A,N/A,N/A
1501,CPU_and_Data_Intensive,Rejected,151.52495210535955,N/A,N/A,N/A,0.5688381544033366,0.0,0.0,0.0,STARLINK-11127 [DTC],0,N/A,N/A,0.0,457.1431525869652,False,0.0,0.0,0.0,79982.88400962831,99.97860501203539,No suitable server found after deadline/sunset filters,N/A,N/A,N/A
1502,CPU_and_Data_Intensive,Rejected,151.8181018983692,N/A,N/A,N/A,0.493540363843581,0.0,0.0,0.0,STARLINK-11127 [DTC],0,N/A,N/A,0.0,414.3315854449073,False,0.0,0.0,0.0,79982.88400962831,99.97860501203539,No suitable server found after deadline/sunset filters,N/A,N/A,N/A
1529,CPU_and_Data_Intensive,Rejected,154.94701187618998,N/A,N/A,N/A,0.21309908195868038,0.0,0.0,0.0,STARLINK-11127 [DTC],0,N/A,N/A,0.0,245.96778776254618,False,0.0,0.0,0.0,79982.88400962831,99.97860501203539,No suitable server found after deadline/sunset filters,N/A,N/A,N/A
1548,CPU_and_Data_Intensive,Rejected,156.07254853504534,N/A,N/A,N/A,0.09462616265700613,0.0,0.0,0.0,STARLINK-11127 [DTC],0,N/A,N/A,0.0,477.66260279796484,False,0.0,0.0,0.0,79982.88400962831,99.97860501203539,No suitable server found after deadline/sunset filters,N/A,N/A,N/A
1550,Generic_Service,Rejected,156.13673254910168,N/A,N/A,N/A,0.0010273171350017672,0.0,0.0,0.0,STARLINK-11127 [DTC],0,N/A,N/A,0.0,0.07735447876001822,False,0.0,0.0,0.0,79982.88400962831,99.97860501203539,No suitable server found after deadline/sunset filters,N/A,N/A,N/A
1553,CPU_and_Data_Intensive,Rejected,156.36976368047087,N/A,N/A,N/A,0.19496292887700056,0.0,0.0,0.0,STARLINK-11127 [DTC],0,N/A,N/A,0.0,161.33562596324848,False,0.0,0.0,0.0,79982.88400962831,99.97860501203539,No suitable server found after deadline/sunset filters,N/A,N/A,N/A
1569,Generic_Service,Rejected,158.97963821789742,N/A,N/A,N/A,0.005407899794807846,0.0,0.0,0.0,STARLINK-11127 [DTC],0,N/A,N/A,0.0,0.037218324406019465,False,0.0,0.0,0.0,79982.88400962831,99.97860501203539,No suitable server found after deadline/sunset filters,N/A,N/A,N/A
1575,Generic_Service,Rejected,159.3755347423534,N/A,N/A,N/A,0.0009192424662322464,0.0,0.0,0.0,STARLINK-11127 [DTC],0,N/A,N/A,0.0,0.01709483586590984,False,0.0,0.0,0.0,79982.88400962831,99.97860501203539,No suitable server found after deadline/sunset filters,N/A,N/A,N/A
1588,CPU_and_Data_Intensive,Rejected,160.80892373882978,N/A,N/A,N/A,0.0016460878322282417,0.0,0.0,0.0,STARLINK-11127 [DTC],0,N/A,N/A,0.0,437.3775447438415,False,0.0,0.0,0.0,79982.88400962831,99.97860501203539,No suitable server found after deadline/sunset filters,N/A,N/A,N/A
1590,CPU_and_Data_Intensive,Rejected,160.92265851943432,N/A,N/A,N/A,0.0639755287517021,0.0,0.0,0.0,STARLINK-11127 [DTC],0,N/A,N/A,0.0,336.96889727925736,False,0.0,0.0,0.0,79982.88400962831,99.97860501203539,No suitable server found after deadline/sunset filters,N/A,N/A,N/A
1623,CPU_and_Data_Intensive,Rejected,164.57601697731047,N/A,N/A,N/A,0.26467063793231516,0.0,0.0,0.0,STARLINK-11127 [DTC],0,N/A,N/A,0.0,195.25277285082072,False,0.0,0.0,0.0,79982.88400962831,99.97860501203539,No suitable server found after deadline/sunset filters,N/A,N/A,N/A
1629,Generic_Service,Rejected,164.71896757549422,N/A,N/A,N/A,0.005346974855969376,0.0,0.0,0.0,STARLINK-11127 [DTC],0,N/A,N/A,0.0,0.07723736840947008,False,0.0,0.0,0.0,79982.88400962831,99.97860501203539,No suitable server found after deadline/sunset filters,N/A,N/A,N/A
1632,CPU_and_Data_Intensive,Rejected,165.27812573440033,N/A,N/A,N/A,0.13030877266503982,0.0,0.0,0.0,STARLINK-11127 [DTC],0,N/A,N/A,0.0,248.8748451905812,False,0.0,0.0,0.0,79982.88400962831,99.97860501203539,No suitable server found after deadline/sunset filters,N/A,N/A,N/A
1633,CPU_and_Data_Intensive,Rejected,165.2943958553445,N/A,N/A,N/A,0.016133105376002713,0.0,0.0,0.0,STARLINK-11127 [DTC],0,N/A,N/A,0.0,462.87829359595696,False,0.0,0.0,0.0,79982.88400962831,99.97860501203539,No suitable server found after deadline/sunset filters,N/A,N/A,N/A
1634,Generic_Service,Rejected,165.33742636105166,N/A,N/A,N/A,0.00042451027655946143,0.0,0.0,0.0,STARLINK-11127 [DTC],0,N/A,N/A,0.0,0.03525683521185921,False,0.0,0.0,0.0,79982.88400962831,99.97860501203539,No suitable server found after deadline/sunset filters,N/A,N/A,N/A
1639,CPU_and_Data_Intensive,Rejected,165.9565730593947,N/A,N/A,N/A,0.05555246596505769,0.0,0.0,0.0,STARLINK-11127 [DTC],0,N/A,N/A,0.0,242.39914824107035,False,0.0,0.0,0.0,79982.88400962831,99.97860501203539,No suitable server found after deadline/sunset filters,N/A,N/A,N/A
1640,CPU_and_Data_Intensive,Rejected,166.17555013469334,N/A,N/A,N/A,0.0018918677487735978,0.0,0.0,0.0,STARLINK-11127 [DTC],0,N/A,N/A,0.0,17.5698269308551,False,0.0,0.0,0.0,79982.88400962831,99.97860501203539,No suitable server found after deadline/sunset filters,N/A,N/A,N/A
1644,CPU_and_Data_Intensive,Rejected,166.3371845384084,N/A,N/A,N/A,0.13028540513869108,0.0,0.0,0.0,STARLINK-11127 [DTC],0,N/A,N/A,0.0,334.2728425604661,False,0.0,0.0,0.0,79982.88400962831,99.97860501203539,No suitable server found after deadline/sunset filters,N/A,N/A,N/A
1646,CPU_and_Data_Intensive,Rejected,166.63786900635043,N/A,N/A,N/A,0.4580906382085369,0.0,0.0,0.0,STARLINK-11127 [DTC],0,N/A,N/A,0.0,361.2179160791784,False,0.0,0.0,0.0,79982.88400962831,99.97860501203539,No suitable server found after deadline/sunset filters,N/A,N/A,N/A
1666,Generic_Service,Rejected,169.12412891137757,N/A,N/A,N/A,0.0035236944789231424,0.0,0.0,0.0,STARLINK-11127 [DTC],0,N/A,N/A,0.0,0.04497266746369899,False,0.0,0.0,0.0,79982.88400962831,99.97860501203539,No suitable server found after deadline/sunset filters,N/A,N/A,N/A
1691,CPU_and_Data_Intensive,Rejected,171.25025720602505,N/A,N/A,N/A,0.1412261306884098,0.0,0.0,0.0,STARLINK-11127 [DTC],0,N/A,N/A,0.0,204.80205373843967,False,0.0,0.0,0.0,79982.88400962831,99.97860501203539,No suitable server found after deadline/sunset filters,N/A,N/A,N/A
1697,CPU_and_Data_Intensive,Rejected,172.21320484754088,N/A,N/A,N/A,0.11986489065765499,0.0,0.0,0.0,STARLINK-11127 [DTC],0,N/A,N/A,0.0,406.4017500004066,False,0.0,0.0,0.0,79982.88400962831,99.97860501203539,No suitable server found after deadline/sunset filters,N/A,N/A,N/A
1714,CPU_and_Data_Intensive,Rejected,173.51587960351188,N/A,N/A,N/A,0.16936509333489522,0.0,0.0,0.0,STARLINK-11127 [DTC],0,N/A,N/A,0.0,436.6691512062559,False,0.0,0.0,0.0,79982.88400962831,99.97860501203539,No suitable server found after deadline/sunset filters,N/A,N/A,N/A
1730,CPU_and_Data_Intensive,Rejected,175.316806836231,N/A,N/A,N/A,0.1550347816785848,0.0,0.0,0.0,STARLINK-11127 [DTC],0,N/A,N/A,0.0,231.08240727890689,False,0.0,0.0,0.0,79982.88400962831,99.97860501203539,No suitable server found after deadline/sunset filters,N/A,N/A,N/A
1753,CPU_and_Data_Intensive,Rejected,177.66897050704563,N/A,N/A,N/A,0.2885002128125834,0.0,0.0,0.0,STARLINK-11127 [DTC],0,N/A,N/A,0.0,423.24733578656935,False,0.0,0.0,0.0,79982.88400962831,99.97860501203539,No suitable server found after deadline/sunset filters,N/A,N/A,N/A
1762,CPU_and_Data_Intensive,Rejected,178.73577195182952,N/A,N/A,N/A,0.17077383197065363,0.0,0.0,0.0,STARLINK-11127 [DTC],0,N/A,N/A,0.0,379.44085412622337,False,0.0,0.0,0.0,79982.88400962831,99.97860501203539,No suitable server found after deadline/sunset filters,N/A,N/A,N/A
1765,CPU_and_Data_Intensive,Rejected,179.04896527912032,N/A,N/A,N/A,0.11245827182203369,0.0,0.0,0.0,STARLINK-11127 [DTC],0,N/A,N/A,0.0,322.52515814521877,False,0.0,0.0,0.0,79982.88400962831,99.97860501203539,No suitable server found after deadline/sunset filters,N/A,N/A,N/A
1766,CPU_and_Data_Intensive,Rejected,179.1344019496418,N/A,N/A,N/A,0.004081817530094395,0.0,0.0,0.0,STARLINK-11127 [DTC],0,N/A,N/A,0.0,8.101169219346751,False,0.0,0.0,0.0,79982.88400962831,99.97860501203539,No suitable server found after deadline/sunset filters,N/A,N/A,N/A
1776,Generic_Service,Rejected,180.2398265123949,N/A,N/A,N/A,0.00570284281597213,0.0,0.0,0.0,STARLINK-11127 [DTC],0,N/A,N/A,0.0,0.06818543673082748,False,0.0,0.0,0.0,79982.88400962831,99.97860501203539,No suitable server found after deadline/sunset filters,N/A,N/A,N/A
1785,CPU_and_Data_Intensive,Rejected,181.4994871828037,N/A,N/A,N/A,0.004313420610847026,0.0,0.0,0.0,STARLINK-11127 [DTC],0,N/A,N/A,0.0,345.0917723599138,False,0.0,0.0,0.0,79982.88400962831,99.97860501203539,No suitable server found after deadline/sunset filters,N/A,N/A,N/A
1790,Generic_Service,Rejected,182.07049599965026,N/A,N/A,N/A,0.005247610807501098,0.0,0.0,0.0,STARLINK-11127 [DTC],0,N/A,N/A,0.0,0.08657176427341516,False,0.0,0.0,0.0,79982.88400962831,99.97860501203539,No suitable server found after deadline/sunset filters,N/A,N/A,N/A
1793,CPU_and_Data_Intensive,Rejected,182.2085016001489,N/A,N/A,N/A,0.01983983332337544,0.0,0.0,0.0,STARLINK-11127 [DTC],0,N/A,N/A,0.0,12.14514883096216,False,0.0,0.0,0.0,79982.88400962831,99.97860501203539,No suitable server found after deadline/sunset filters,N/A,N/A,N/A
1798,CPU_and_Data_Intensive,Rejected,183.09368285967977,N/A,N/A,N/A,0.026205020100469635,0.0,0.0,0.0,STARLINK-11127 [DTC],0,N/A,N/A,0.0,372.5995865992163,False,0.0,0.0,0.0,79982.88400962831,99.97860501203539,No suitable server found after deadline/sunset filters,N/A,N/A,N/A
1799,Generic_Service,Rejected,183.1054676720411,N/A,N/A,N/A,0.0028177128197763176,0.0,0.0,0.0,STARLINK-11127 [DTC],0,N/A,N/A,0.0,0.0253912199663704,False,0.0,0.0,0.0,79982.88400962831,99.97860501203539,No suitable server found after deadline/sunset filters,N/A,N/A,N/A
1806,CPU_and_Data_Intensive,Rejected,183.87335922722153,N/A,N/A,N/A,0.5403425040401137,0.0,0.0,0.0,STARLINK-11127 [DTC],0,N/A,N/A,0.0,497.65495977551933,False,0.0,0.0,0.0,79982.88400962831,99.97860501203539,No suitable server found after deadline/sunset filters,N/A,N/A,N/A
1813,CPU_and_Data_Intensive,Rejected,184.74707814758062,N/A,N/A,N/A,0.057251203129244956,0.0,0.0,0.0,STARLINK-11127 [DTC],0,N/A,N/A,0.0,409.1952107603304,False,0.0,0.0,0.0,79982.88400962831,99.97860501203539,No suitable server found after deadline/sunset filters,N/A,N/A,N/A
1815,CPU_and_Data_Intensive,Rejected,184.79314282776377,N/A,N/A,N/A,0.16506835248081894,0.0,0.0,0.0,STARLINK-11127 [DTC],0,N/A,N/A,0.0,324.86737159767904,False,0.0,0.0,0.0,79982.88400962831,99.97860501203539,No suitable server found after deadline/sunset filters,N/A,N/A,N/A
1837,CPU_and_Data_Intensive,Rejected,187.52764221409433,N/A,N/A,N/A,0.06360434284646903,0.0,0.0,0.0,STARLINK-11127 [DTC],0,N/A,N/A,0.0,336.05087487445246,False,0.0,0.0,0.0,79982.88400962831,99.97860501203539,No suitable server found after deadline/sunset filters,N/A,N/A,N/A
1845,CPU_and_Data_Intensive,Rejected,188.42581742454792,N/A,N/A,N/A,0.07904753886892793,0.0,0.0,0.0,STARLINK-11127 [DTC],0,N/A,N/A,0.0,197.55511560248362,False,0.0,0.0,0.0,79982.88400962831,99.97860501203539,No suitable server found after deadline/sunset filters,N/A,N/A,N/A
1848,CPU_and_Data_Intensive,Rejected,188.74809062108127,N/A,N/A,N/A,0.0001468754033305162,0.0,0.0,0.0,STARLINK-11127 [DTC],0,N/A,N/A,0.0,12.264635171049466,False,0.0,0.0,0.0,79982.88400962831,99.97860501203539,No suitable server found after deadline/sunset filters,N/A,N/A,N/A
1859,Generic_Service,Rejected,189.94484320597326,N/A,N/A,N/A,0.00548556492491213,0.0,0.0,0.0,STARLINK-11127 [DTC],0,N/A,N/A,0.0,0.03904797701221166,False,0.0,0.0,0.0,79982.88400962831,99.97860501203539,No suitable server found after deadline/sunset filters,N/A,N/A,N/A
1876,CPU_and_Data_Intensive,Rejected,191.16410184863085,N/A,N/A,N/A,0.30518276883620243,0.0,0.0,0.0,STARLINK-11127 [DTC],0,N/A,N/A,0.0,309.98536740127054,False,0.0,0.0,0.0,79982.88400962831,99.97860501203539,No suitable server found after deadline/sunset filters,N/A,N/A,N/A
1905,CPU_and_Data_Intensive,Rejected,193.40773128948572,N/A,N/A,N/A,0.19617185422133848,0.0,0.0,0.0,STARLINK-11127 [DTC],0,N/A,N/A,0.0,342.7474227578831,False,0.0,0.0,0.0,79982.88400962831,99.97860501203539,No suitable server found after deadline/sunset filters,N/A,N/A,N/A
1906,Generic_Service,Rejected,193.50947989464368,N/A,N/A,N/A,0.0002709026591820517,0.0,0.0,0.0,STARLINK-11127 [DTC],0,N/A,N/A,0.0,0.07942317598951966,False,0.0,0.0,0.0,79982.88400962831,99.97860501203539,No suitable server found after deadline/sunset filters,N/A,N/A,N/A
1908,Generic_Service,Rejected,193.65115105775914,N/A,N/A,N/A,0.0005211357203409867,0.0,0.0,0.0,STARLINK-11127 [DTC],0,N/A,N/A,0.0,0.02348278947095798,False,0.0,0.0,0.0,79982.88400962831,99.97860501203539,No suitable server found after deadline/sunset filters,N/A,N/A,N/A
1910,CPU_and_Data_Intensive,Rejected,193.83345526989083,N/A,N/A,N/A,0.34118576527204997,0.0,0.0,0.0,STARLINK-11127 [DTC],0,N/A,N/A,0.0,364.6143146113951,False,0.0,0.0,0.0,79982.88400962831,99.97860501203539,No suitable server found after deadline/sunset filters,N/A,N/A,N/A
1913,CPU_and_Data_Intensive,Rejected,194.10159264809812,N/A,N/A,N/A,0.15606835971762448,0.0,0.0,0.0,STARLINK-11127 [DTC],0,N/A,N/A,0.0,135.44675672552648,False,0.0,0.0,0.0,79982.88400962831,99.97860501203539,No suitable server found after deadline/sunset filters,N/A,N/A,N/A
1915,Generic_Service,Rejected,194.2055137190693,N/A,N/A,N/A,0.0010395353548644654,0.0,0.0,0.0,STARLINK-11127 [DTC],0,N/A,N/A,0.0,0.07236158717372781,False,0.0,0.0,0.0,79982.88400962831,99.97860501203539,No suitable server found after deadline/sunset filters,N/A,N/A,N/A
1931,CPU_and_Data_Intensive,Rejected,195.8352001386814,N/A,N/A,N/A,0.11876579713580694,0.0,0.0,0.0,STARLINK-11127 [DTC],0,N/A,N/A,0.0,458.0716495144739,False,0.0,0.0,0.0,79982.88400962831,99.97860501203539,No suitable server found after deadline/sunset filters,N/A,N/A,N/A
1932,CPU_and_Data_Intensive,Rejected,195.9367949001319,N/A,N/A,N/A,0.16627600831437292,0.0,0.0,0.0,STARLINK-11127 [DTC],0,N/A,N/A,0.0,377.69498086792504,False,0.0,0.0,0.0,79982.88400962831,99.97860501203539,No suitable server found after deadline/sunset filters,N/A,N/A,N/A
1950,CPU_and_Data_Intensive,Rejected,197.03641252651315,N/A,N/A,N/A,0.1732145017140215,0.0,0.0,0.0,STARLINK-11127 [DTC],0,N/A,N/A,0.0,376.47631533711547,False,0.0,0.0,0.0,79982.88400962831,99.97860501203539,No suitable server found after deadline/sunset filters,N/A,N/A,N/A
1951,CPU_and_Data_Intensive,Rejected,197.24648954217423,N/A,N/A,N/A,0.31552368619523313,0.0,0.0,0.0,STARLINK-11127 [DTC],0,N/A,N/A,0.0,248.584120003856,False,0.0,0.0,0.0,79982.88400962831,99.97860501203539,No suitable server found after deadline/sunset filters,N/A,N/A,N/A
1954,CPU_and_Data_Intensive,Rejected,197.42301116836114,N/A,N/A,N/A,0.3822773429278142,0.0,0.0,0.0,STARLINK-11127 [DTC],0,N/A,N/A,0.0,479.826038240338,False,0.0,0.0,0.0,79982.88400962831,99.97860501203539,No suitable server found after deadline/sunset filters,N/A,N/A,N/A
1981,CPU_and_Data_Intensive,Rejected,199.12958053348765,N/A,N/A,N/A,0.006335570656257296,0.0,0.0,0.0,STARLINK-11127 [DTC],0,N/A,N/A,0.0,422.0429540841683,False,0.0,0.0,0.0,79982.88400962831,99.97860501203539,No suitable server found after deadline/sunset filters,N/A,N/A,N/A
1995,CPU_and_Data_Intensive,Rejected,201.06608156152126,N/A,N/A,N/A,0.22416036203863213,0.0,0.0,0.0,STARLINK-11127 [DTC],0,N/A,N/A,0.0,307.95972799263717,False,0.0,0.0,0.0,79982.88400962831,99.97860501203539,No suitable server found after deadline/sunset filters,N/A,N/A,N/A
2014,CPU_and_Data_Intensive,Rejected,203.32315180695807,N/A,N/A,N/A,0.26611100843460134,0.0,0.0,0.0,STARLINK-11127 [DTC],0,N/A,N/A,0.0,383.7999772235587,False,0.0,0.0,0.0,79982.88400962831,99.97860501203539,No suitable server found after deadline/sunset filters,N/A,N/A,N/A
2021,CPU_and_Data_Intensive,Rejected,203.63936765515177,N/A,N/A,N/A,0.23850807206402627,0.0,0.0,0.0,STARLINK-11127 [DTC],0,N/A,N/A,0.0,202.8561291813238,False,0.0,0.0,0.0,79982.88400962831,99.97860501203539,No suitable server found after deadline/sunset filters,N/A,N/A,N/A
2023,CPU_and_Data_Intensive,Rejected,203.86098397693547,N/A,N/A,N/A,0.263429837464279,0.0,0.0,0.0,STARLINK-11127 [DTC],0,N/A,N/A,0.0,190.79622881923228,False,0.0,0.0,0.0,79982.88400962831,99.97860501203539,No suitable server found after deadline/sunset filters,N/A,N/A,N/A
2035,Generic_Service,Rejected,204.9912077854569,N/A,N/A,N/A,0.0057058527561812235,0.0,0.0,0.0,STARLINK-11127 [DTC],0,N/A,N/A,0.0,0.02557762469902379,False,0.0,0.0,0.0,79982.88400962831,99.97860501203539,No suitable server found after deadline/sunset filters,N/A,N/A,N/A
2050,CPU_and_Data_Intensive,Rejected,206.1201440735272,N/A,N/A,N/A,0.05500786813198772,0.0,0.0,0.0,STARLINK-11127 [DTC],0,N/A,N/A,0.0,184.9437701864536,False,0.0,0.0,0.0,79982.88400962831,99.97860501203539,No suitable server found after deadline/sunset filters,N/A,N/A,N/A
2068,CPU_and_Data_Intensive,Rejected,207.50756484580512,N/A,N/A,N/A,0.36245739232446467,0.0,0.0,0.0,STARLINK-11127 [DTC],0,N/A,N/A,0.0,272.2767914517161,False,0.0,0.0,0.0,79982.88400962831,99.97860501203539,No suitable server found after deadline/sunset filters,N/A,N/A,N/A
2085,CPU_Intensive,Rejected,209.2105644997599,N/A,N/A,N/A,0.005662241345592548,0.0,0.0,0.0,STARLINK-11127 [DTC],0,N/A,N/A,0.0,0.08011733050626385,False,0.0,0.0,0.0,79982.88400962831,99.97860501203539,No suitable server found after deadline/sunset filters,N/A,N/A,N/A
2090,CPU_and_Data_Intensive,Rejected,210.0668602778582,N/A,N/A,N/A,0.02509102403974797,0.0,0.0,0.0,STARLINK-11127 [DTC],0,N/A,N/A,0.0,336.1069502339218,False,0.0,0.0,0.0,79982.88400962831,99.97860501203539,No suitable server found after deadline/sunset filters,N/A,N/A,N/A
2097,CPU_and_Data_Intensive,Rejected,210.8893997076345,N/A,N/A,N/A,0.387946596061775,0.0,0.0,0.0,STARLINK-11127 [DTC],0,N/A,N/A,0.0,395.45889218971877,False,0.0,0.0,0.0,79982.88400962831,99.97860501203539,No suitable server found after deadline/sunset filters,N/A,N/A,N/A
2101,CPU_and_Data_Intensive,Rejected,211.07568387591454,N/A,N/A,N/A,0.5582979176157323,0.0,0.0,0.0,STARLINK-11127 [DTC],0,N/A,N/A,0.0,441.95071442587107,False,0.0,0.0,0.0,79982.88400962831,99.97860501203539,No suitable server found after deadline/sunset filters,N/A,N/A,N/A
2106,Generic_Service,Rejected,211.3203787820462,N/A,N/A,N/A,0.004738021847557301,0.0,0.0,0.0,STARLINK-11127 [DTC],0,N/A,N/A,0.0,0.07548715711033742,False,0.0,0.0,0.0,79982.88400962831,99.97860501203539,No suitable server found after deadline/sunset filters,N/A,N/A,N/A
2110,CPU_Intensive,Rejected,211.56622189283928,N/A,N/A,N/A,0.001302092885589678,0.0,0.0,0.0,STARLINK-11127 [DTC],0,N/A,N/A,0.0,0.03977226789023791,False,0.0,0.0,0.0,79982.88400962831,99.97860501203539,No suitable server found after deadline/sunset filters,N/A,N/A,N/A
2117,CPU_and_Data_Intensive,Rejected,212.39759927558094,N/A,N/A,N/A,0.04156871447612532,0.0,0.0,0.0,STARLINK-11127 [DTC],0,N/A,N/A,0.0,380.59156349235246,False,0.0,0.0,0.0,79982.88400962831,99.97860501203539,No suitable server found after deadline/sunset filters,N/A,N/A,N/A
2119,CPU_and_Data_Intensive,Rejected,212.5598801035389,N/A,N/A,N/A,0.0007179810680373784,0.0,0.0,0.0,STARLINK-11127 [DTC],0,N/A,N/A,0.0,381.3755457848265,False,0.0,0.0,0.0,79982.88400962831,99.97860501203539,No suitable server found after deadline/sunset filters,N/A,N/A,N/A
2150,CPU_and_Data_Intensive,Rejected,216.211290228371,N/A,N/A,N/A,0.18234477114576128,0.0,0.0,0.0,STARLINK-11127 [DTC],0,N/A,N/A,0.0,409.70074075484285,False,0.0,0.0,0.0,79982.88400962831,99.97860501203539,No suitable server found after deadline/sunset filters,N/A,N/A,N/A
2198,Generic_Service,Rejected,221.32183024276782,N/A,N/A,N/A,0.0038179299041978115,0.0,0.0,0.0,STARLINK-11127 [DTC],0,N/A,N/A,0.0,0.08068911115129279,False,0.0,0.0,0.0,79982.88400962831,99.97860501203539,No suitable server found after deadline/sunset filters,N/A,N/A,N/A
2208,CPU_and_Data_Intensive,Rejected,222.28532630141507,N/A,N/A,N/A,0.3395541155929041,0.0,0.0,0.0,STARLINK-11127 [DTC],0,N/A,N/A,0.0,433.62343582209934,False,0.0,0.0,0.0,79982.88400962831,99.97860501203539,No suitable server found after deadline/sunset filters,N/A,N/A,N/A
2212,CPU_Intensive,Rejected,222.49993676729196,N/A,N/A,N/A,0.001207261295620688,0.0,0.0,0.0,STARLINK-11127 [DTC],0,N/A,N/A,0.0,0.03747778915179133,False,0.0,0.0,0.0,79982.88400962831,99.97860501203539,No suitable server found after deadline/sunset filters,N/A,N/A,N/A
2248,Generic_Service,Rejected,226.36013811468345,N/A,N/A,N/A,0.004342962752480391,0.0,0.0,0.0,STARLINK-11127 [DTC],0,N/A,N/A,0.0,0.0680857711181874,False,0.0,0.0,0.0,79982.88400962831,99.97860501203539,No suitable server found after deadline/sunset filters,N/A,N/A,N/A
2267,CPU_and_Data_Intensive,Rejected,228.81573716535854,N/A,N/A,N/A,0.004110537413482956,0.0,0.0,0.0,STARLINK-11127 [DTC],0,N/A,N/A,0.0,1.6394476077821376,False,0.0,0.0,0.0,79982.88400962831,99.97860501203539,No suitable server found after deadline/sunset filters,N/A,N/A,N/A
2268,CPU_and_Data_Intensive,Rejected,229.03613796801034,N/A,N/A,N/A,0.07093295999619796,0.0,0.0,0.0,STARLINK-11127 [DTC],0,N/A,N/A,0.0,251.19409251799885,False,0.0,0.0,0.0,79982.88400962831,99.97860501203539,No suitable server found after deadline/sunset filters,N/A,N/A,N/A
2270,CPU_and_Data_Intensive,Rejected,229.3460099941205,N/A,N/A,N/A,0.07785201319597627,0.0,0.0,0.0,STARLINK-11127 [DTC],0,N/A,N/A,0.0,381.7240291817448,False,0.0,0.0,0.0,79982.88400962831,99.97860501203539,No suitable server found after deadline/sunset filters,N/A,N/A,N/A
2273,CPU_and_Data_Intensive,Rejected,229.62344610957197,N/A,N/A,N/A,0.39453077611820464,0.0,0.0,0.0,STARLINK-11127 [DTC],0,N/A,N/A,0.0,311.6490041149685,False,0.0,0.0,0.0,79982.88400962831,99.97860501203539,No suitable server found after deadline/sunset filters,N/A,N/A,N/A
2275,CPU_and_Data_Intensive,Rejected,229.8533458197493,N/A,N/A,N/A,0.04017667308577517,0.0,0.0,0.0,STARLINK-11127 [DTC],0,N/A,N/A,0.0,426.24201414185296,False,0.0,0.0,0.0,79982.88400962831,99.97860501203539,No suitable server found after deadline/sunset filters,N/A,N/A,N/A
2283,CPU_and_Data_Intensive,Rejected,230.56206678414904,N/A,N/A,N/A,0.3243453921109193,0.0,0.0,0.0,STARLINK-11127 [DTC],0,N/A,N/A,0.0,420.0694068134636,False,0.0,0.0,0.0,79982.88400962831,99.97860501203539,No suitable server found after deadline/sunset filters,N/A,N/A,N/A
2289,CPU_and_Data_Intensive,Rejected,231.13672358862797,N/A,N/A,N/A,0.029362909241155054,0.0,0.0,0.0,STARLINK-11127 [DTC],0,N/A,N/A,0.0,18.119228437346894,False,0.0,0.0,0.0,79982.88400962831,99.97860501203539,No suitable server found after deadline/sunset filters,N/A,N/A,N/A
2291,CPU_and_Data_Intensive,Rejected,231.71710139117036,N/A,N/A,N/A,0.12277887836568305,0.0,0.0,0.0,STARLINK-11127 [DTC],0,N/A,N/A,0.0,347.70258653993267,False,0.0,0.0,0.0,79982.88400962831,99.97860501203539,No suitable server found after deadline/sunset filters,N/A,N/A,N/A
2292,CPU_and_Data_Intensive,Rejected,231.7915048859325,N/A,N/A,N/A,0.12827159802271804,0.0,0.0,0.0,STARLINK-11127 [DTC],0,N/A,N/A,0.0,140.88712615248812,False,0.0,0.0,0.0,79982.88400962831,99.97860501203539,No suitable server found after deadline/sunset filters,N/A,N/A,N/A
2301,CPU_and_Data_Intensive,Rejected,233.02264539148692,N/A,N/A,N/A,0.02083768562953068,0.0,0.0,0.0,STARLINK-11127 [DTC],0,N/A,N/A,0.0,275.3063801096595,False,0.0,0.0,0.0,79982.88400962831,99.97860501203539,No suitable server found after deadline/sunset filters,N/A,N/A,N/A
2302,Generic_Service,Rejected,233.04788614465602,N/A,N/A,N/A,0.004776786394307334,0.0,0.0,0.0,STARLINK-11127 [DTC],0,N/A,N/A,0.0,0.08507262986788953,False,0.0,0.0,0.0,79982.88400962831,99.97860501203539,No suitable server found after deadline/sunset filters,N/A,N/A,N/A
2303,CPU_and_Data_Intensive,Rejected,233.1174711321061,N/A,N/A,N/A,0.10479351246834638,0.0,0.0,0.0,STARLINK-11127 [DTC],0,N/A,N/A,0.0,316.4609771484,False,0.0,0.0,0.0,79982.88400962831,99.97860501203539,No suitable server found after deadline/sunset filters,N/A,N/A,N/A
2307,Generic_Service,Rejected,233.3920446530003,N/A,N/A,N/A,0.0009497962006586079,0.0,0.0,0.0,STARLINK-11127 [DTC],0,N/A,N/A,0.0,0.05636548174657601,False,0.0,0.0,0.0,79982.88400962831,99.97860501203539,No suitable server found after deadline/sunset filters,N/A,N/A,N/A
2313,CPU_and_Data_Intensive,Rejected,234.20633206151248,N/A,N/A,N/A,0.08169070230730147,0.0,0.0,0.0,STARLINK-11127 [DTC],0,N/A,N/A,0.0,416.4694287967099,False,0.0,0.0,0.0,79982.88400962831,99.97860501203539,No suitable server found after deadline/sunset filters,N/A,N/A,N/A
2321,CPU_and_Data_Intensive,Rejected,234.86925037322848,N/A,N/A,N/A,0.2846281864794863,0.0,0.0,0.0,STARLINK-11127 [DTC],0,N/A,N/A,0.0,305.77929604481426,False,0.0,0.0,0.0,79982.88400962831,99.97860501203539,No suitable server found after deadline/sunset filters,N/A,N/A,N/A
2324,CPU_and_Data_Intensive,Rejected,235.137080232266,N/A,N/A,N/A,0.26859555003448243,0.0,0.0,0.0,STARLINK-11127 [DTC],0,N/A,N/A,0.0,377.68283309378444,False,0.0,0.0,0.0,79982.88400962831,99.97860501203539,No suitable server found after deadline/sunset filters,N/A,N/A,N/A
2325,CPU_and_Data_Intensive,Rejected,235.18397719905195,N/A,N/A,N/A,0.011807137911182092,0.0,0.0,0.0,STARLINK-11127 [DTC],0,N/A,N/A,0.0,21.624044462984028,False,0.0,0.0,0.0,79982.88400962831,99.97860501203539,No suitable server found after deadline/sunset filters,N/A,N/A,N/A
2335,CPU_and_Data_Intensive,Rejected,236.13689791392258,N/A,N/A,N/A,0.296208444389309,0.0,0.0,0.0,STARLINK-11127 [DTC],0,N/A,N/A,0.0,338.8249394521846,False,0.0,0.0,0.0,79982.88400962831,99.97860501203539,No suitable server found after deadline/sunset filters,N/A,N/A,N/A
2362,CPU_and_Data_Intensive,Rejected,239.13337489499202,N/A,N/A,N/A,0.0076047914952022625,0.0,0.0,0.0,STARLINK-11127 [DTC],0,N/A,N/A,0.0,1.4158464613678123,False,0.0,0.0,0.0,79982.88400962831,99.97860501203539,No suitable server found after deadline/sunset filters,N/A,N/A,N/A
2371,CPU_and_Data_Intensive,Rejected,240.15628905416085,N/A,N/A,N/A,0.016877054322518938,0.0,0.0,0.0,STARLINK-11127 [DTC],0,N/A,N/A,0.0,18.73735587974396,False,0.0,0.0,0.0,79982.88400962831,99.97860501203539,No suitable server found after deadline/sunset filters,N/A,N/A,N/A
2397,CPU_and_Data_Intensive,Rejected,242.83225870432,N/A,N/A,N/A,0.32571330834645484,0.0,0.0,0.0,STARLINK-11127 [DTC],0,N/A,N/A,0.0,366.9304014364859,False,0.0,0.0,0.0,79982.88400962831,99.97860501203539,No suitable server found after deadline/sunset filters,N/A,N/A,N/A
2414,CPU_and_Data_Intensive,Rejected,244.37931836785575,N/A,N/A,N/A,0.04492577142004411,0.0,0.0,0.0,STARLINK-11127 [DTC],0,N/A,N/A,0.0,492.19820941235844,False,0.0,0.0,0.0,79982.88400962831,99.97860501203539,No suitable server found after deadline/sunset filters,N/A,N/A,N/A
2424,CPU_and_Data_Intensive,Rejected,244.8471589081452,N/A,N/A,N/A,0.02108955825245229,0.0,0.0,0.0,STARLINK-11127 [DTC],0,N/A,N/A,0.0,20.856473033395506,False,0.0,0.0,0.0,79982.88400962831,99.97860501203539,No suitable server found after deadline/sunset filters,N/A,N/A,N/A
2426,CPU_and_Data_Intensive,Rejected,244.95944003400058,N/A,N/A,N/A,0.45844048419800676,0.0,0.0,0.0,STARLINK-11127 [DTC],0,N/A,N/A,0.0,401.7423028761209,False,0.0,0.0,0.0,79982.88400962831,99.97860501203539,No suitable server found after deadline/sunset filters,N/A,N/A,N/A
2444,CPU_and_Data_Intensive,Rejected,246.53628258408125,N/A,N/A,N/A,0.24916804091356623,0.0,0.0,0.0,STARLINK-11127 [DTC],0,N/A,N/A,0.0,420.60534538001167,False,0.0,0.0,0.0,79982.88400962831,99.97860501203539,No suitable server found after deadline/sunset filters,N/A,N/A,N/A
2461,CPU_and_Data_Intensive,Rejected,247.71075446467057,N/A,N/A,N/A,0.1516116608206942,0.0,0.0,0.0,STARLINK-11127 [DTC],0,N/A,N/A,0.0,369.8195319245989,False,0.0,0.0,0.0,79982.88400962831,99.97860501203539,No suitable server found after deadline/sunset filters,N/A,N/A,N/A
2469,CPU_and_Data_Intensive,Rejected,248.17147854050603,N/A,N/A,N/A,0.007098009736127001,0.0,0.0,0.0,STARLINK-11127 [DTC],0,N/A,N/A,0.0,23.11403900056223,False,0.0,0.0,0.0,79982.88400962831,99.97860501203539,No suitable server found after deadline/sunset filters,N/A,N/A,N/A
2482,CPU_and_Data_Intensive,Rejected,249.13431931988595,N/A,N/A,N/A,0.0907512938301777,0.0,0.0,0.0,STARLINK-11127 [DTC],0,N/A,N/A,0.0,413.60882772261607,False,0.0,0.0,0.0,79982.88400962831,99.97860501203539,No suitable server found after deadline/sunset filters,N/A,N/A,N/A
2503,Generic_Service,Rejected,250.57264014808686,N/A,N/A,N/A,0.001811005190239509,0.0,0.0,0.0,STARLINK-11127 [DTC],0,N/A,N/A,0.0,0.0706829241653429,False,0.0,0.0,0.0,79982.88400962831,99.97860501203539,No suitable server found after deadline/sunset filters,N/A,N/A,N/A
2520,CPU_and_Data_Intensive,Rejected,252.21953832117427,N/A,N/A,N/A,0.40658386661338597,0.0,0.0,0.0,STARLINK-11127 [DTC],0,N/A,N/A,0.0,462.7644588217417,False,0.0,0.0,0.0,79982.88400962831,99.97860501203539,No suitable server found after deadline/sunset filters,N/A,N/A,N/A
2521,Generic_Service,Rejected,252.25763829360002,N/A,N/A,N/A,0.002590157842994133,0.0,0.0,0.0,STARLINK-11127 [DTC],0,N/A,N/A,0.0,0.01037915389734886,False,0.0,0.0,0.0,79982.88400962831,99.97860501203539,No suitable server found after deadline/sunset filters,N/A,N/A,N/A
2525,CPU_and_Data_Intensive,Rejected,252.69732169173636,N/A,N/A,N/A,0.05819429706782626,0.0,0.0,0.0,STARLINK-11127 [DTC],0,N/A,N/A,0.0,320.8003417231781,False,0.0,0.0,0.0,79982.88400962831,99.97860501203539,No suitable server found after deadline/sunset filters,N/A,N/A,N/A
2529,CPU_and_Data_Intensive,Rejected,252.9622338199817,N/A,N/A,N/A,0.0034625946276712707,0.0,0.0,0.0,STARLINK-11127 [DTC],0,N/A,N/A,0.0,0.5183522519088418,False,0.0,0.0,0.0,79982.88400962831,99.97860501203539,No suitable server found after deadline/sunset filters,N/A,N/A,N/A
2566,CPU_and_Data_Intensive,Rejected,256.5650330147084,N/A,N/A,N/A,0.07964821508131865,0.0,0.0,0.0,STARLINK-11127 [DTC],0,N/A,N/A,0.0,140.2334541840468,False,0.0,0.0,0.0,79982.88400962831,99.97860501203539,No suitable server found after deadline/sunset filters,N/A,N/A,N/A
2585,CPU_Intensive,Rejected,259.0027879800139,N/A,N/A,N/A,0.005549614631039279,0.0,0.0,0.0,STARLINK-11127 [DTC],0,N/A,N/A,0.0,0.08593452336061866,False,0.0,0.0,0.0,79982.88400962831,99.97860501203539,No suitable server found after deadline/sunset filters,N/A,N/A,N/A
2590,CPU_and_Data_Intensive,Rejected,259.5738399993464,N/A,N/A,N/A,0.41354851788902913,0.0,0.0,0.0,STARLINK-11127 [DTC],0,N/A,N/A,0.0,358.7133287469157,False,0.0,0.0,0.0,79982.88400962831,99.97860501203539,No suitable server found after deadline/sunset filters,N/A,N/A,N/A
2603,CPU_and_Data_Intensive,Rejected,260.6264991584959,N/A,N/A,N/A,0.124150499994054,0.0,0.0,0.0,STARLINK-11127 [DTC],0,N/A,N/A,0.0,443.5647669088269,False,0.0,0.0,0.0,79982.88400962831,99.97860501203539,No suitable server found after deadline/sunset filters,N/A,N/A,N/A
2604,CPU_and_Data_Intensive,Rejected,260.7211245233027,N/A,N/A,N/A,0.17506566819271316,0.0,0.0,0.0,STARLINK-11127 [DTC],0,N/A,N/A,0.0,371.9580294025327,False,0.0,0.0,0.0,79982.88400962831,99.97860501203539,No suitable server found after deadline/sunset filters,N/A,N/A,N/A
2621,CPU_and_Data_Intensive,Rejected,262.2864484942894,N/A,N/A,N/A,0.12491360059485108,0.0,0.0,0.0,STARLINK-11127 [DTC],0,N/A,N/A,0.0,426.7489017460858,False,0.0,0.0,0.0,79982.88400962831,99.97860501203539,No suitable server found after deadline/sunset filters,N/A,N/A,N/A
2625,CPU_and_Data_Intensive,Rejected,262.73526355556345,N/A,N/A,N/A,0.20137866015536485,0.0,0.0,0.0,STARLINK-11127 [DTC],0,N/A,N/A,0.0,315.93911529260106,False,0.0,0.0,0.0,79982.88400962831,99.97860501203539,No suitable server found after deadline/sunset filters,N/A,N/A,N/A
2626,CPU_and_Data_Intensive,Rejected,262.77083429915126,N/A,N/A,N/A,0.0802912612587069,0.0,0.0,0.0,STARLINK-11127 [DTC],0,N/A,N/A,0.0,185.0522626704644,False,0.0,0.0,0.0,79982.88400962831,99.97860501203539,No suitable server found after deadline/sunset filters,N/A,N/A,N/A
2645,CPU_and_Data_Intensive,Rejected,264.0242912213876,N/A,N/A,N/A,0.008293606164192278,0.0,0.0,0.0,STARLINK-11127 [DTC],0,N/A,N/A,0.0,300.4509702846162,False,0.0,0.0,0.0,79982.88400962831,99.97860501203539,No suitable server found after deadline/sunset filters,N/A,N/A,N/A
2650,CPU_and_Data_Intensive,Rejected,264.5897719274626,N/A,N/A,N/A,0.44992348439409596,0.0,0.0,0.0,STARLINK-11127 [DTC],0,N/A,N/A,0.0,427.1726095723415,False,0.0,0.0,0.0,79982.88400962831,99.97860501203539,No suitable server found after deadline/sunset filters,N/A,N/A,N/A
2654,CPU_and_Data_Intensive,Rejected,265.1069687047692,N/A,N/A,N/A,0.20741359761034736,0.0,0.0,0.0,STARLINK-11127 [DTC],0,N/A,N/A,0.0,391.9595718664303,False,0.0,0.0,0.0,79982.88400962831,99.97860501203539,No suitable server found after deadline/sunset filters,N/A,N/A,N/A
2664,Generic_Service,Rejected,266.1640633587248,N/A,N/A,N/A,0.004644138253880037,0.0,0.0,0.0,STARLINK-11127 [DTC],0,N/A,N/A,0.0,0.071962061312359,False,0.0,0.0,0.0,79982.88400962831,99.97860501203539,No suitable server found after deadline/sunset filters,N/A,N/A,N/A
2671,CPU_and_Data_Intensive,Rejected,266.95561511789083,N/A,N/A,N/A,0.11578835100103708,0.0,0.0,0.0,STARLINK-11127 [DTC],0,N/A,N/A,0.0,484.13942387245993,False,0.0,0.0,0.0,79982.88400962831,99.97860501203539,No suitable server found after deadline/sunset filters,N/A,N/A,N/A
2677,CPU_and_Data_Intensive,Rejected,267.76841183350837,N/A,N/A,N/A,0.11846472174013971,0.0,0.0,0.0,STARLINK-11127 [DTC],0,N/A,N/A,0.0,308.9292534233896,False,0.0,0.0,0.0,79982.88400962831,99.97860501203539,No suitable server found after deadline/sunset filters,N/A,N/A,N/A
2679,CPU_and_Data_Intensive,Rejected,268.0160281849975,N/A,N/A,N/A,0.04655587353619899,0.0,0.0,0.0,STARLINK-11127 [DTC],0,N/A,N/A,0.0,368.85551107810744,False,0.0,0.0,0.0,79982.88400962831,99.97860501203539,No suitable server found after deadline/sunset filters,N/A,N/A,N/A
2688,CPU_and_Data_Intensive,Rejected,268.8907328591781,N/A,N/A,N/A,0.017939424956755694,0.0,0.0,0.0,STARLINK-11127 [DTC],0,N/A,N/A,0.0,20.88121260221159,False,0.0,0.0,0.0,79982.88400962831,99.97860501203539,No suitable server found after deadline/sunset filters,N/A,N/A,N/A
2691,CPU_and_Data_Intensive,Rejected,269.0698519513698,N/A,N/A,N/A,0.21400178868592776,0.0,0.0,0.0,STARLINK-11127 [DTC],0,N/A,N/A,0.0,229.69004530353783,False,0.0,0.0,0.0,79982.88400962831,99.97860501203539,No suitable server found after deadline/sunset filters,N/A,N/A,N/A
2694,CPU_and_Data_Intensive,Rejected,269.2078187064913,N/A,N/A,N/A,0.2682916167907234,0.0,0.0,0.0,STARLINK-11127 [DTC],0,N/A,N/A,0.0,482.3776305289546,False,0.0,0.0,0.0,79982.88400962831,99.97860501203539,No suitable server found after deadline/sunset filters,N/A,N/A,N/A
2699,Generic_Service,Rejected,269.3587345337141,N/A,N/A,N/A,0.0015608247101783937,0.0,0.0,0.0,STARLINK-11127 [DTC],0,N/A,N/A,0.0,0.06388294790698792,False,0.0,0.0,0.0,79982.88400962831,99.97860501203539,No suitable server found after deadline/sunset filters,N/A,N/A,N/A
2703,CPU_Intensive,Rejected,269.9898028385432,N/A,N/A,N/A,0.005125472330502917,0.0,0.0,0.0,STARLINK-11127 [DTC],0,N/A,N/A,0.0,0.07519992205274634,False,0.0,0.0,0.0,79982.88400962831,99.97860501203539,No suitable server found after deadline/sunset filters,N/A,N/A,N/A
2712,CPU_and_Data_Intensive,Rejected,270.5414354265035,N/A,N/A,N/A,0.017779085666543452,0.0,0.0,0.0,STARLINK-11127 [DTC],0,N/A,N/A,0.0,19.744830579137425,False,0.0,0.0,0.0,79982.88400962831,99.97860501203539,No suitable server found after deadline/sunset filters,N/A,N/A,N/A
2726,CPU_and_Data_Intensive,Rejected,271.5135515503147,N/A,N/A,N/A,0.015477285111566808,0.0,0.0,0.0,STARLINK-11127 [DTC],0,N/A,N/A,0.0,445.3761348272823,False,0.0,0.0,0.0,79982.88400962831,99.97860501203539,No suitable server found after deadline/sunset filters,N/A,N/A,N/A
2732,CPU_and_Data_Intensive,Rejected,272.0590794825833,N/A,N/A,N/A,0.09751612134060529,0.0,0.0,0.0,STARLINK-11127 [DTC],0,N/A,N/A,0.0,202.4279935663569,False,0.0,0.0,0.0,79982.88400962831,99.97860501203539,No suitable server found after deadline/sunset filters,N/A,N/A,N/A
2734,Generic_Service,Rejected,272.456785278617,N/A,N/A,N/A,0.0014915963203085932,0.0,0.0,0.0,STARLINK-11127 [DTC],0,N/A,N/A,0.0,0.05196929483152243,False,0.0,0.0,0.0,79982.88400962831,99.97860501203539,No suitable server found after deadline/sunset filters,N/A,N/A,N/A
2747,CPU_and_Data_Intensive,Rejected,274.18748287221007,N/A,N/A,N/A,0.029636784197596806,0.0,0.0,0.0,STARLINK-11127 [DTC],0,N/A,N/A,0.0,23.524744309517985,False,0.0,0.0,0.0,79982.88400962831,99.97860501203539,No suitable server found after deadline/sunset filters,N/A,N/A,N/A
2760,Generic_Service,Rejected,275.57832645968983,N/A,N/A,N/A,0.00535140970196129,0.0,0.0,0.0,STARLINK-11127 [DTC],0,N/A,N/A,0.0,0.05164055602164474,False,0.0,0.0,0.0,79982.88400962831,99.97860501203539,No suitable server found after deadline/sunset filters,N/A,N/A,N/A
2762,CPU_and_Data_Intensive,Rejected,275.7369263604773,N/A,N/A,N/A,0.6188739013537741,0.0,0.0,0.0,STARLINK-11127 [DTC],0,N/A,N/A,0.0,468.81280533623175,False,0.0,0.0,0.0,79982.88400962831,99.97860501203539,No suitable server found after deadline/sunset filters,N/A,N/A,N/A
2764,CPU_and_Data_Intensive,Rejected,275.92612372791115,N/A,N/A,N/A,0.05452076946314175,0.0,0.0,0.0,STARLINK-11127 [DTC],0,N/A,N/A,0.0,351.8280132433724,False,0.0,0.0,0.0,79982.88400962831,99.97860501203539,No suitable server found after deadline/sunset filters,N/A,N/A,N/A
2765,Generic_Service,Rejected,275.94756428176066,N/A,N/A,N/A,0.004348041902459209,0.0,0.0,0.0,STARLINK-11127 [DTC],0,N/A,N/A,0.0,0.03771714040901339,False,0.0,0.0,0.0,79982.88400962831,99.97860501203539,No suitable server found after deadline/sunset filters,N/A,N/A,N/A
2772,CPU_and_Data_Intensive,Rejected,277.10057478220165,N/A,N/A,N/A,0.31146654567463533,0.0,0.0,0.0,STARLINK-11127 [DTC],0,N/A,N/A,0.0,344.248149772003,False,0.0,0.0,0.0,79982.88400962831,99.97860501203539,No suitable server found after deadline/sunset filters,N/A,N/A,N/A
2775,CPU_and_Data_Intensive,Rejected,277.48395835729195,N/A,N/A,N/A,0.6087353737155277,0.0,0.0,0.0,STARLINK-11127 [DTC],0,N/A,N/A,0.0,471.33850204209944,False,0.0,0.0,0.0,79982.88400962831,99.97860501203539,No suitable server found after deadline/sunset filters,N/A,N/A,N/A
2776,CPU_and_Data_Intensive,Rejected,277.62684031859976,N/A,N/A,N/A,0.18807767786423332,0.0,0.0,0.0,STARLINK-11127 [DTC],0,N/A,N/A,0.0,226.17575787279924,False,0.0,0.0,0.0,79982.88400962831,99.97860501203539,No suitable server found after deadline/sunset filters,N/A,N/A,N/A
2788,CPU_and_Data_Intensive,Rejected,278.7726670466004,N/A,N/A,N/A,0.2025426687563433,0.0,0.0,0.0,STARLINK-11127 [DTC],0,N/A,N/A,0.0,290.0963410005064,False,0.0,0.0,0.0,79982.88400962831,99.97860501203539,No suitable server found after deadline/sunset filters,N/A,N/A,N/A
2790,CPU_and_Data_Intensive,Rejected,278.9223071410091,N/A,N/A,N/A,0.24179982070666425,0.0,0.0,0.0,STARLINK-11127 [DTC],0,N/A,N/A,0.0,379.508705723066,False,0.0,0.0,0.0,79982.88400962831,99.97860501203539,No suitable server found after deadline/sunset filters,N/A,N/A,N/A
2821,CPU_and_Data_Intensive,Rejected,281.526711463791,N/A,N/A,N/A,0.22428156313542963,0.0,0.0,0.0,STARLINK-11127 [DTC],0,N/A,N/A,0.0,392.38215336913026,False,0.0,0.0,0.0,79982.88400962831,99.97860501203539,No suitable server found after deadline/sunset filters,N/A,N/A,N/A
2823,CPU_Intensive,Rejected,281.68711475826103,N/A,N/A,N/A,0.004069710958554692,0.0,0.0,0.0,STARLINK-11127 [DTC],0,N/A,N/A,0.0,0.0662961159842313,False,0.0,0.0,0.0,79982.88400962831,99.97860501203539,No suitable server found after deadline/sunset filters,N/A,N/A,N/A
2827,CPU_and_Data_Intensive,Rejected,281.9288344478853,N/A,N/A,N/A,0.06786477164915528,0.0,0.0,0.0,STARLINK-11127 [DTC],0,N/A,N/A,0.0,343.84798784745385,False,0.0,0.0,0.0,79982.88400962831,99.97860501203539,No suitable server found after deadline/sunset filters,N/A,N/A,N/A
2871,CPU_and_Data_Intensive,Rejected,285.75447848809563,N/A,N/A,N/A,0.00808434939906013,0.0,0.0,0.0,STARLINK-11127 [DTC],0,N/A,N/A,0.0,1.6320777480147206,False,0.0,0.0,0.0,79982.88400962831,99.97860501203539,No suitable server found after deadline/sunset filters,N/A,N/A,N/A
2872,CPU_and_Data_Intensive,Rejected,285.8458319850366,N/A,N/A,N/A,0.08218936835471334,0.0,0.0,0.0,STARLINK-11127 [DTC],0,N/A,N/A,0.0,211.62154684886684,False,0.0,0.0,0.0,79982.88400962831,99.97860501203539,No suitable server found after deadline/sunset filters,N/A,N/A,N/A
2873,CPU_and_Data_Intensive,Rejected,285.9290816302887,N/A,N/A,N/A,0.09195604561505959,0.0,0.0,0.0,STARLINK-11127 [DTC],0,N/A,N/A,0.0,439.960061728725,False,0.0,0.0,0.0,79982.88400962831,99.97860501203539,No suitable server found after deadline/sunset filters,N/A,N/A,N/A
2887,CPU_and_Data_Intensive,Rejected,287.7617585874204,N/A,N/A,N/A,0.05270602090435522,0.0,0.0,0.0,STARLINK-11127 [DTC],0,N/A,N/A,0.0,231.39149852688547,False,0.0,0.0,0.0,79982.88400962831,99.97860501203539,No suitable server found after deadline/sunset filters,N/A,N/A,N/A
2893,CPU_and_Data_Intensive,Rejected,288.2068708596033,N/A,N/A,N/A,0.37844897645928766,0.0,0.0,0.0,STARLINK-11127 [DTC],0,N/A,N/A,0.0,280.8785143843717,False,0.0,0.0,0.0,79982.88400962831,99.97860501203539,No suitable server found after deadline/sunset filters,N/A,N/A,N/A
2904,CPU_and_Data_Intensive,Rejected,288.90327952310173,N/A,N/A,N/A,0.4078670224165957,0.0,0.0,0.0,STARLINK-11127 [DTC],0,N/A,N/A,0.0,447.45745487926985,False,0.0,0.0,0.0,79982.88400962831,99.97860501203539,No suitable server found after deadline/sunset filters,N/A,N/A,N/A
2923,CPU_and_Data_Intensive,Rejected,290.29482641445173,N/A,N/A,N/A,0.007061523937735859,0.0,0.0,0.0,STARLINK-11127 [DTC],0,N/A,N/A,0.0,6.356087838538005,False,0.0,0.0,0.0,79982.88400962831,99.97860501203539,No suitable server found after deadline/sunset filters,N/A,N/A,N/A
2974,CPU_and_Data_Intensive,Rejected,295.66431832681036,N/A,N/A,N/A,0.3125089787447511,0.0,0.0,0.0,STARLINK-11127 [DTC],0,N/A,N/A,0.0,230.12118067833234,False,0.0,0.0,0.0,79982.88400962831,99.97860501203539,No suitable server found after deadline/sunset filters,N/A,N/A,N/A
2986,CPU_and_Data_Intensive,Rejected,296.9893617276003,N/A,N/A,N/A,0.37406916334395157,0.0,0.0,0.0,STARLINK-11127 [DTC],0,N/A,N/A,0.0,481.36278916830673,False,0.0,0.0,0.0,79982.88400962831,99.97860501203539,No suitable server found after deadline/sunset filters,N/A,N/A,N/A
2988,CPU_and_Data_Intensive,Rejected,297.1501904115705,N/A,N/A,N/A,0.20349410506025872,0.0,0.0,0.0,STARLINK-11127 [DTC],0,N/A,N/A,0.0,286.2133882336219,False,0.0,0.0,0.0,79982.88400962831,99.97860501203539,No suitable server found after deadline/sunset filters,N/A,N/A,N/A
2991,CPU_and_Data_Intensive,Rejected,297.4155808993987,N/A,N/A,N/A,0.5081273830160363,0.0,0.0,0.0,STARLINK-11127 [DTC],0,N/A,N/A,0.0,483.687426740818,False,0.0,0.0,0.0,79982.88400962831,99.97860501203539,No suitable server found after deadline/sunset filters,N/A,N/A,N/A
2997,CPU_and_Data_Intensive,Rejected,298.2990572752858,N/A,N/A,N/A,0.05073629227738044,0.0,0.0,0.0,STARLINK-11127 [DTC],0,N/A,N/A,0.0,393.5182268575771,False,0.0,0.0,0.0,79982.88400962831,99.97860501203539,No suitable server found after deadline/sunset filters,N/A,N/A,N/A
5000,Batch,Completed,0,0,0.0,0.006922497551925564,0.006922497551925564,0.006922497551925564,0.006922497551925564,0.0,STARLINK-34734,0,N/A,0,0.0,14.883369736639963,False,0.0,0.006922497551925564,0.006922497551925564,80000,100.0,N/A,N/A,N/A,N/A
3000,Batch,Completed,0,0,0.0,0.09063533579200014,0.09063533579200014,0.09063533579200014,0.09063533579200014,0.0,STARLINK-34734,0,N/A,0,0.0,194.86597195280032,False,0.0,0.09063533579200014,0.09063533579200014,79999.99307750245,99.99999134687808,N/A,N/A,N/A,N/A
4000,Batch,Completed,0,0,0.0,0.20387342910163747,0.20387342910163747,0.20387342910163747,0.20387342910163747,0.0,STARLINK-34734,0,N/A,0,0.0,438.32787256852055,False,0.0,0.20387342910163747,0.20387342910163747,79999.90244216667,99.99987805270834,N/A,N/A,N/A,N/A
21,Generic_Service,Completed,3.3080487560620577,3.3086353814483935,3.3086353814483935,3.347193707346732,0.03855832589833863,0.03914495128467421,0.039144951284674434,0.0,STARLINK-34734,1,1,4,0.0005866253863355852,0.0547078522550662,False,363.1046708081466,2.5445512676774976e-05,363.10469625365926,79636.59389792943,99.54574237241178,N/A,3.3080487560620577,3.414360934643147,0.10631217858108943
32,Generic_Service,Completed,4.2881397435555835,4.2887272944408705,4.2887272944408705,4.389301610409865,0.10057431596899491,0.10116186685428216,0.10116186685428197,0.0,STARLINK-34734,1,1,4,0.0005875508852872475,0.057500390709015116,False,972.2144740540513,2.6744367771634937e-05,972.2145007984191,78664.37942387538,98.33047427984421,N/A,4.2881397435555835,4.433580062527658,0.14544031897207432
39,Generic_Service,Completed,5.226455399572927,5.227031094551763,5.227031094551763,5.2708652644298155,0.04383416987805244,0.04440986485688787,0.04440986485688825,0.0,STARLINK-34734,1,1,4,0.0005756949788354291,0.021727173879699746,False,424.7108907983042,1.0105662269627789e-05,424.7109009039665,78239.66853307707,97.79958566634633,N/A,5.226455399572927,5.334564019784517,0.10810862021159018
41,CPU_Intensive,Completed,5.408791031362256,5.409381843861088,5.409381843861088,5.591294088506954,0.18191224464586586,0.18250305714469867,0.1825030571446984,0.0,STARLINK-34734,1,1,4,0.0005908124988327955,0.06734176463116037,False,1769.2802597008072,3.1321750991237385e-05,1769.2802910225582,76470.38827337626,95.58798534172033,N/A,5.408791031362256,5.640390217088929,0.23159918572667326
57,CPU_Intensive,Completed,6.6722174091425375,6.672790550397572,6.672790550397572,6.782220177857901,0.10942962746032947,0.11000276871536355,0.11000276871536396,0.0,STARLINK-34734,1,1,4,0.0005731412550340701,0.014021738986175779,False,1072.1183204876627,6.521739063337572e-06,1072.1183270094018,75398.2699528886,94.24783744111075,N/A,6.6722174091425375,6.853937725121116,0.18172031597857874
68,CPU_and_Data_Intensive,Completed,8.35003195076124,8.44436238357044,8.44436238357044,9.096774860681638,0.6524124771111985,0.7467429099203979,0.7467429099203979,0.0,STARLINK-34734,1,1,5,0.09433043280919938,282.91098400221745,False,5122.368535588745,0.13158650418707787,5122.500122092932,70275.76983079567,87.84471228849459,N/A,8.35003195076124,9.169565321384093,0.8195333706228531
103,Generic_Service,Completed,12.133720907047394,12.134311604983848,12.134311604983848,12.15421093585397,0.01989933087012119,0.020490028806575477,0.020490028806575467,0.0,STARLINK-34734,1,1,4,0.0005906979364542862,0.06699609179513129,False,175.9710793697122,3.116097292796804e-05,175.97111053068514,70099.79875142596,87.62474843928246,N/A,12.133720907047394,12.202242912733421,0.0685220056860274
108,CPU_and_Data_Intensive,Completed,12.493015476183777,12.498059356483953,12.498059356483953,12.900652112342177,0.4025927558582243,0.407636636158401,0.40763663615840073,0.0,STARLINK-34734,1,1,5,0.005043880300176715,13.50372983504182,False,3897.762352626785,0.006280804574438056,3897.7686334313594,66202.0301179946,82.75253764749324,N/A,12.493015476183777,12.916189342939486,0.4231738667557092
137,CPU_and_Data_Intensive,Completed,16.005037016639633,16.08906018265736,16.08906018265736,16.622825346337095,0.5337651636797354,0.6177883296974626,0.6177883296974613,0.0,STARLINK-34734,1,1,5,0.08402316601772719,251.8105286007344,False,4097.729689962243,0.11712117609336484,4097.846811138336,62104.183306856256,77.63022913357031,N/A,16.005037016639633,16.638078073843364,0.6330410572037302
153,CPU_and_Data_Intensive,Completed,17.914993334615115,17.91598381223932,17.91598381223932,17.929703608554664,0.013719796315346144,0.014710273939549618,0.014710273939549268,0.0,STARLINK-34734,1,1,5,0.000990477624203473,1.273264504246553,False,129.11088847941693,0.0005922160484867688,129.11148069546542,61975.07182616079,77.468839782701,N/A,17.914993334615115,17.95087565102559,0.03588231641047557
163,CPU_Intensive,Completed,18.624272906793596,18.624852039895234,18.624852039895234,18.947172431118386,0.32232039122315115,0.32289952432478825,0.3228995243247894,0.0,STARLINK-34734,1,1,4,0.000579133101637091,0.03210113499093987,False,3160.590275349646,1.4930760460902265e-05,3160.5902902804064,58814.48155081114,73.51810193851392,N/A,18.624272906793596,18.959187154765406,0.3349142479718097
179,CPU_Intensive,Completed,19.57636616078429,19.57695411265565,19.57695411265565,19.589794652911603,0.01284054025595438,0.013428492127312518,0.013428492127314229,0.0,STARLINK-34734,1,1,5,0.0005879518713581377,0.058710299181031524,False,108.98869163834267,2.7307115898154197e-05,108.98871894545857,58705.4928591728,73.38186607396601,N/A,19.57636616078429,19.68238975835984,0.10602359757555035
169,CPU_Intensive,Completed,18.887144331032324,18.887720113753833,18.887720113753833,19.87352126017611,0.9858011464222756,0.986376929143784,0.986376929143784,0.0,STARLINK-34734,1,1,5,0.0005757827215084749,0.021991922735538523,False,9688.959649483117,1.0228801272343499e-05,9688.959659711918,49016.53320968969,61.270666512112115,N/A,18.887144331032324,19.8860013701889,0.9988570391565759
229,CPU_Intensive,Completed,24.45851381563442,24.459103570881872,24.459103570881872,24.476145309073114,0.017041738191242217,0.01763149343869633,0.017631493438695856,0.0,STARLINK-34734,1,1,4,0.0005897552474541138,0.06415168524192275,False,148.70451932846504,2.983799313577802e-05,148.70454916645818,48867.828690361224,61.08478586295153,N/A,24.45851381563442,24.52377502162324,0.06526120598882201
230,CPU_Intensive,Completed,24.474084742250064,24.474658313289304,24.474658313289304,24.77507112946653,0.30041281617722504,0.3009863872164661,0.3009863872164651,0.0,STARLINK-34734,1,1,4,0.0005735710392410454,0.015318541022226214,False,2950.0724104939545,7.124902801035448e-06,2950.0724176188573,45917.75627986727,57.39719534983409,N/A,24.474084742250064,24.82614402338528,0.35205928113521523
235,CPU_Intensive,Completed,24.75598955740446,24.75657693807094,24.75657693807094,24.998035797190344,0.24145885911940468,0.24204623978588163,0.24204623978588202,0.0,STARLINK-34734,1,1,5,0.0005873806664769447,0.05698678388914524,False,2357.977488896347,2.6505480878672207e-05,2357.977515401828,43559.77879097093,54.449723488713666,N/A,24.75598955740446,25.029516366739053,0.27352680933459084
261,Generic_Service,Completed,27.41779786103755,27.418376589516836,27.418376589516836,27.508237251309673,0.08986066179283725,0.09043939027212314,0.09043939027212389,0.0,STARLINK-34734,1,1,4,0.000578728479285891,0.030880254650639427,False,874.688445972535,1.4362909139832292e-05,874.6884603354441,42685.090344998396,53.35636293124799,N/A,27.41779786103755,27.55840206535086,0.14060420431331266
274,Generic_Service,Completed,28.269166449540194,28.26976174855086,28.26976174855086,28.288708115374696,0.01894636682383677,0.01954166583450175,0.019541665834502453,0.0,STARLINK-34734,1,1,4,0.000595299010664981,0.08087906447679477,False,162.50794355790885,3.761816952409059e-05,162.50798117607837,42522.582401440486,53.15322800180061,N/A,28.269166449540194,28.362847029672135,0.09368058013194158
278,CPU_and_Data_Intensive,Completed,28.88303458349175,28.88846880150948,28.88846880150948,29.76930986883967,0.8808410673301914,0.8862752853479214,0.8862752853479208,0.0,STARLINK-34734,1,1,5,0.005434218017730044,14.681508679994966,False,8595.988200672356,0.006828608688369752,8595.995029281044,33926.58737215944,42.4082342151993,N/A,28.88303458349175,29.771346934643223,0.8883123511514732
286,CPU_Intensive,Completed,29.692950620660113,29.6935404830378,29.6935404830378,30.55537524581825,0.8618347627804503,0.8624246251581363,0.8624246251581376,0.0,STARLINK-34734,1,1,5,0.0005898623776860452,0.06447493281741874,False,8457.221810653913,2.9988340845311043e-05,8457.221840642254,25469.365561505525,31.836706951881904,N/A,29.692950620660113,30.580679169961453,0.8877285493013396
387,Generic_Service,Completed,40.902222992400134,40.90281311686609,40.90281311686609,40.98371642790505,0.0809033110389592,0.0814934355049154,0.0814934355049175,0.0,STARLINK-34734,1,1,4,0.0005901244659562027,0.06526574038281785,False,776.4603581931124,3.03561583175897e-05,776.4603885492706,24692.905203312414,30.866131504140515,N/A,40.902222992400134,40.98396768834431,0.08174469594417388
395,Generic_Service,Completed,41.4132830712998,41.413872892470735,41.413872892470735,41.48128862912337,0.06741573665263445,0.0680055578235698,0.0680055578235681,0.0,STARLINK-34734,1,1,4,0.0005898211709353536,0.0643505983320453,False,644.0785452285382,2.9930510852114093e-05,644.0785751590491,24048.826658083875,30.061033322604846,N/A,41.4132830712998,41.490429076707024,0.07714600540722216
397,CPU_and_Data_Intensive,Completed,41.52189221059299,41.527242562489164,41.527242562489164,41.765291720505274,0.2380491580161106,0.24339950991229017,0.24339950991228676,0.0,STARLINK-34734,1,1,5,0.005350351896179582,14.428456670597722,False,2275.231697176024,0.006710910079347778,2275.2384080861034,21773.588249997774,27.216985312497215,N/A,41.52189221059299,41.79112804659599,0.2692358360030056
421,CPU_Intensive,Completed,44.0030426537041,44.00363260207091,44.00363260207091,44.43594390903578,0.43231130696486986,0.4329012553316802,0.43290125533167867,0.0,STARLINK-34734,1,1,4,0.0005899483668103807,0.06473439063300761,False,4232.7449857024685,3.0109018899073305e-05,4232.745015811487,17540.843264295305,21.92605408036913,N/A,44.0030426537041,44.51151111595693,0.5084684622528286
450,Generic_Service,Completed,46.717899335292934,46.718490779394635,46.718490779394635,46.74305582834044,0.024565048945802914,0.025156493047504704,0.025156493047504114,0.0,STARLINK-34734,1,1,4,0.0005914441017017903,0.06924752075992109,False,221.19543153082392,3.220814919066097e-05,221.1954637389731,17319.64783276448,21.6495597909556,N/A,46.717899335292934,46.82876161064004,0.11086227534710957
454,Generic_Service,Completed,46.953580815502,46.95416224009917,46.95416224009917,46.99654775854184,0.04238551844266425,0.04296694303983981,0.04296694303983628,0.0,STARLINK-34734,1,1,4,0.0005814245971755623,0.03901533991439118,False,405.36927803564583,1.8146669727623804e-05,405.36929618231557,16914.278554728833,21.14284819341104,N/A,46.953580815502,47.03678574460557,0.08320492910356592
457,CPU_and_Data_Intensive,Completed,47.158308681087,47.159520733563994,47.159520733563994,47.34744570384237,0.18792497027837385,0.1891370227553649,0.18913702275536792,0.0,STARLINK-34734,1,1,5,0.0012120524769910475,1.9418296017282188,False,1839.3755331348284,0.0009031765589433576,1839.3764363113874,15074.902118417445,18.84362764802181,N/A,47.158308681087,47.44429062722881,0.28598194614180983
468,CPU_Intensive,Completed,48.031920257419884,48.032507940152286,48.032507940152286,48.26211146736586,0.2296035272135768,0.23019120994597772,0.23019120994597841,0.0,STARLINK-34734,1,1,4,0.0005876827324009371,0.05789821734551061,False,2241.1107170951545,2.692940341651656e-05,2241.110744024558,12833.79140132229,16.042239251652862,N/A,48.031920257419884,48.26341532820309,0.23149507078320397
477,Generic_Service,Completed,49.70424160880719,49.704815016323394,49.704815016323394,49.711780500718596,0.006965484395202282,0.007538891911412225,0.007538891911408996,0.0,STARLINK-34734,1,1,4,0.0005734075162099437,0.014825137597362766,False,64.13787897019328,6.895412835982682e-06,64.13788586560612,12769.653522352097,15.962066902940123,N/A,49.70424160880719,49.775169006110225,0.07092739730303776
482,Generic_Service,Completed,50.424836773353604,50.42541350558106,50.42541350558106,50.48592853729812,0.06051503171705974,0.06109176394451478,0.06109176394451765,0.0,STARLINK-34734,1,1,4,0.0005767322274550365,0.024856898285498558,False,587.846430211112,1.156134803976677e-05,587.84644177246,12181.807092140985,15.227258865176232,N/A,50.424836773353604,50.57702504957826,0.15218827622465625
483,Generic_Service,Completed,50.49826341032857,50.4988385371262,50.4988385371262,50.511956244225324,0.013117707099127074,0.013692833896752505,0.013692833896755019,0.0,STARLINK-34734,1,1,4,0.0005751267976254319,0.020012782010450682,False,123.11696977308759,9.308270702535201e-06,123.1169790813583,12058.690122367898,15.073362652959874,N/A,50.49826341032857,50.677025049588615,0.1787616392600455
488,Generic_Service,Completed,51.26822727144842,51.268821321907446,51.268821321907446,51.305223153581736,0.03640183167429001,0.03699588213331534,0.0369958821333185,0.0,STARLINK-34734,1,1,4,0.0005940504590253311,0.0771117685126014,False,335.29399459997546,3.586593884307042e-05,335.2940304659143,11723.396127767923,14.654245159709903,N/A,51.26822727144842,51.38022505629999,0.11199778485157452
492,CPU_Intensive,Completed,51.49862635719572,51.49920549794368,51.49920549794368,51.51555515500555,0.0163496570618733,0.016928797809834206,0.016928797809832474,0.0,STARLINK-34734,1,1,4,0.0005791407479609041,0.03212420649549532,False,151.3348165761227,1.4941491393253638e-05,151.3348315176141,11572.0613111918,14.46507663898975,N/A,51.49862635719572,51.58259405807036,0.08396770087464489
495,CPU_and_Data_Intensive,Completed,51.82355064482143,51.82422595158574,51.82422595158574,52.00765865393043,0.1834327023446889,0.18410800910899489,0.18410800910899638,0.0,STARLINK-34734,1,1,5,0.0006753067643060046,0.32228909336478306,False,1802.6022105263553,0.00014990190389059678,1802.602360428259,9769.458950763541,12.211823688454427,N/A,51.82355064482143,52.08796640575187,0.26441576093044006
517,Generic_Service,Completed,53.07273038135527,53.07331732931402,53.07331732931402,53.18080909691375,0.10749176759972556,0.10807871555847826,0.10807871555847726,0.0,STARLINK-34734,1,1,4,0.0005869479587526939,0.05568116062817815,False,1040.7842503389465,2.5898214245664255e-05,1040.7842762371608,8728.674700424595,10.910843375530744,N/A,53.07273038135527,53.20540208404398,0.13267170268871098
525,Generic_Service,Completed,53.8152999366993,53.81588637694004,53.81588637694004,53.839808263786566,0.023921886846522966,0.02450832708726648,0.024508327087268356,0.0,STARLINK-34734,1,1,4,0.000586440240743514,0.054149206365182716,False,219.31863192532023,2.518567737915475e-05,219.3186571109976,8509.356068499275,10.636695085624094,N/A,53.8152999366993,53.914937740772075,0.09963780407277767
528,CPU_and_Data_Intensive,Completed,54.12853016166419,54.13089946318202,54.13089946318202,54.18047823283645,0.0495787696544312,0.05194807117226379,0.05194807117226219,0.0,STARLINK-34734,1,1,5,0.002369301517832596,5.433635228888186,False,462.75555107670243,0.0025272721994828774,462.7580783489019,8046.597990150373,10.058247487687968,N/A,54.12853016166419,54.21679378430318,0.08826362263899057
532,Generic_Service,Completed,54.465873887429176,54.46645974254828,54.46645974254828,54.47506168171716,0.008601939168876527,0.009187794287980474,0.009187794287981887,0.0,STARLINK-34734,1,1,4,0.0005858551191039465,0.05238369958011833,False,69.1658310502013,2.4364511432613174e-05,69.16585541471274,7977.432159100172,9.971790198875215,N/A,54.465873887429176,54.518649829439546,0.05277594201037061
540,Generic_Service,Completed,55.12023589662366,55.12081921648702,55.12081921648702,55.16115717631405,0.0403379598270277,0.04092127969039002,0.04092127969038728,0.0,STARLINK-34734,1,1,4,0.0005833198633623187,0.04473398897118322,False,383.54634782394874,2.0806506498224754e-05,383.5463686304552,7593.885811276223,9.49235726409528,N/A,55.12023589662366,55.223459873642256,0.10322397701859387
548,CPU_Intensive,Completed,55.58207128636865,55.58265829458909,55.58265829458909,55.60333488255978,0.02067658797069072,0.021263596191123814,0.021263596191126055,0.0,STARLINK-34734,1,1,4,0.0005870082204330948,0.0558629901802452,False,186.89586591164652,2.5982786130346607e-05,186.89589189443265,7406.989945364576,9.25873743170572,N/A,55.58207128636865,55.62854405528368,0.046472768915030827
551,Generic_Service,Completed,55.83817114255513,55.83874576634743,55.83874576634743,55.84698211800027,0.008236351652840312,0.008810975445139825,0.008810975445136648,0.0,STARLINK-34734,1,1,4,0.0005746237922995116,0.018495047481794258,False,75.55562053970719,8.602347665950818e-06,75.55562914205485,7331.434324824869,9.164292906031086,N/A,55.83817114255513,55.93054702803394,0.09237588547880904
555,Generic_Service,Completed,56.20901563667203,56.209607160138454,56.209607160138454,56.21882300515295,0.009215845014495017,0.009807368480923373,0.009807368480920786,0.0,STARLINK-34734,1,1,4,0.0005915234664283553,0.06948699056204438,False,70.16412160483932,3.2319530493974134e-05,70.16415392436981,7261.2702032200295,9.076587754025036,N/A,56.20901563667203,56.231811980530196,0.0227963438581682
564,CPU_and_Data_Intensive,Completed,57.52380608365056,57.528757543453885,57.528757543453885,57.66304629209755,0.13428874864366236,0.13924020844698456,0.13924020844698504,0.0,STARLINK-34734,1,1,5,0.004951459803322208,13.22486642743268,False,1260.244861735014,0.006151100663922176,1260.2510128356778,6001.0191903843515,7.501273987980439,N/A,57.52380608365056,57.73938221107325,0.21557612742268617
576,CPU_Intensive,Completed,58.44470036736065,58.4452803961933,58.4452803961933,58.53273206310427,0.08745166691097239,0.08803169574361458,0.08803169574361647,0.0,STARLINK-34734,1,1,4,0.000580028832642193,0.03480385363978164,False,849.8396746900704,1.618783890222402e-05,849.8396908779093,5151.179515694281,6.438974394617851,N/A,58.44470036736065,58.546224494466955,0.10152412710630188
590,Generic_Service,Completed,59.3284058575365,59.32898783801112,59.32898783801112,59.37235926075386,0.04337142274273731,0.043953403217357565,0.0439534032173583,0.0,STARLINK-34734,1,1,4,0.000581980474620257,0.04069260722755727,False,414.57152126134883,1.8926794059328963e-05,414.5715401881429,4736.607994432932,5.920759993041165,N/A,59.3284058575365,59.45735551574598,0.12894965820947846
594,CPU_Intensive,Completed,59.77131439610139,59.7718970836726,59.7718970836726,59.78415876444455,0.012261680771949557,0.012844368343162696,0.012844368343159829,0.0,STARLINK-34734,1,1,4,0.0005826875712131399,0.042826153054632235,False,107.97586106611278,1.99191409556429e-05,107.97588098525374,4628.632133366819,5.785790166708525,N/A,59.77131439610139,59.86132596628225,0.09001157018086303
609,Generic_Service,Completed,61.70157669109821,61.7021674265535,61.7021674265535,61.800716538211056,0.09854911165755453,0.09913984711284772,0.09913984711284485,0.0,STARLINK-34734,1,1,4,0.0005907354552931822,0.06710929862283878,False,949.46512605687,3.121362726643664e-05,949.4651572704972,3679.1670073099494,4.598958759137436,N/A,61.70157669109821,61.87091458383062,0.16933789273240762
620,Generic_Service,Completed,62.73157160981547,62.73215709152541,62.73215709152541,62.74739667662546,0.015239585100054853,0.015825066809993845,0.015825066809995292,0.0,STARLINK-34734,1,1,4,0.000585481709938993,0.051256999814206713,False,134.77963830125668,2.3840465029863587e-05,134.7796621417217,3544.387369008693,4.4304842112608664,N/A,62.73157160981547,62.778142959637215,0.04657134982174682
634,Generic_Service,Completed,63.72236319900604,63.722939910284616,63.722939910284616,63.731143260649425,0.008203350364809125,0.008780061643385224,0.008780061643385295,0.0,STARLINK-34734,1,1,4,0.000576711278576099,0.024793688543450744,False,73.37513999545402,1.1531948159744532e-05,73.37515152740218,3471.012229013239,4.338765286266549,N/A,63.72236319900604,63.779999003158274,0.057635804152234016
636,Generic_Service,Completed,63.86459647884809,63.86517896963027,63.86517896963027,63.92026727768102,0.055088308050748935,0.0556707988329281,0.055670798832927915,0.0,STARLINK-34734,1,1,4,0.0005824907821791689,0.042232375024206466,False,529.3544063323893,1.9642965127537892e-05,529.3544259753544,2941.6578226808497,3.677072278351062,N/A,63.86459647884809,63.97999900316619,0.11540252431809961
649,CPU_Intensive,Completed,64.64749743918021,64.6480890256427,64.6480890256427,64.65885227300924,0.01076324736654044,0.011354833829032396,0.011354833829031463,0.0,STARLINK-34734,1,1,4,0.0005915864624919557,0.06967707065855383,False,85.32695014143479,3.240793984118783e-05,85.32698254937463,2856.330872539415,3.5704135906742684,N/A,64.64749743918021,64.68187121586298,0.034373776682770085
661,Generic_Service,Completed,66.15302465187338,66.15360497296943,66.15360497296943,66.1681526818403,0.01454770887086454,0.01512802996691754,0.015128029966916756,0.0,STARLINK-34734,1,1,4,0.0005803210960530012,0.03568570965042135,False,132.56309447956605,1.659800448856807e-05,132.56311107757054,2723.7677780598488,3.4047097225748106,N/A,66.15302465187338,66.18936519894167,0.03634054706829204
687,Generic_Service,Completed,68.98219215079253,68.98277616366939,68.98277616366939,69.01114656542403,0.02837040175464267,0.028954414631500267,0.028954414631499503,0.0,STARLINK-34734,1,1,4,0.0005840128768575944,0.046825041404237475,False,265.228244337075,2.177908902522673e-05,265.22826611616404,2458.5395337227737,3.073174417153467,N/A,68.98219215079253,69.10005496568186,0.11786281488933525
689,Generic_Service,Completed,69.11595306543268,69.11654149239816,69.11654149239816,69.14648398021787,0.029942487819710095,0.030530914785181763,0.030530914785188656,0.0,STARLINK-34734,1,1,4,0.0005884269654716676,0.06014381628971534,False,276.7654372461779,2.7973868041728064e-05,276.76546522004594,2181.774096476596,2.7272176205957446,N/A,69.11595306543268,69.20005496569631,0.08410190026363296
691,CPU_and_Data_Intensive,Completed,69.17771006086956,69.18071224243737,69.18071224243737,69.20998188338466,0.02926964094729101,0.03227182251510159,0.0322718225150993,0.0,STARLINK-34734,1,1,5,0.0030021815678105863,7.343245037873985,False,254.27808039028898,0.0034154628083134814,254.28149585309728,1927.4926006234984,2.409365750779373,N/A,69.17771006086956,69.30191100915845,0.1242009482888875
715,Generic_Service,Completed,71.21196822066794,71.21255569977251,71.21255569977251,71.22513306101824,0.012577361245732277,0.013164840350303502,0.0131648403502993,0.0,STARLINK-34734,1,1,4,0.0005874791045712243,0.05728380439156222,False,106.8206234716517,2.6643629949563825e-05,106.82065011528165,1820.6719771518467,2.2758399714398085,N/A,71.21196822066794,71.30971693427472,0.0977487136067765
717,Generic_Service,Completed,71.2484860320687,71.2490753379676,71.2490753379676,71.25686069998821,0.007785362020612752,0.008374667919509766,0.00837466791951158,0.0,STARLINK-34734,1,1,4,0.0005893058988970148,0.06279585104819269,False,58.066758161820786,2.9207372580554736e-05,58.066787369193364,1762.6052189900258,2.203256523737532,N/A,71.2484860320687,71.4097169342928,0.16123090222410497
722,Generic_Service,Completed,71.58540971973687,71.58600676729903,71.58600676729903,71.60152991003237,0.01552314273334332,0.016120190295494597,0.016120190295495718,0.0,STARLINK-34734,1,1,4,0.0005970475621512763,0.08615502643808964,False,127.28566313629955,4.0072105320041695e-05,127.28570320840487,1635.3195558537263,2.044149444817158,N/A,71.58540971973687,71.61070088855267,0.02529116881579796
743,Generic_Service,Completed,74.51016274130413,74.5107458914783,74.5107458914783,74.51955187396675,0.008805982488453878,0.009389132662612366,0.009389132662619204,0.0,STARLINK-34734,1,1,4,0.0005831501741584875,0.04422198015035474,False,73.57748538844467,2.056836286063011e-05,73.57750595680753,1561.7420704652816,1.952177588081602,N/A,74.51016274130413,74.61876598501128,0.10860324370715091
767,CPU_Intensive,Completed,76.69629754379484,76.69687666597774,76.69687666597774,76.71927133773909,0.02239467176134724,0.022973793944250157,0.022973793944245813,0.0,STARLINK-34734,1,1,4,0.0005791221829029157,0.03206818953487174,False,210.80456504314083,1.49154369929636e-05,210.80457995857782,1350.9375054221407,1.6886718817776758,N/A,76.69629754379484,76.72132099804526,0.025023454250415966
769,Generic_Service,Completed,76.87758852694574,76.87817968123208,76.87817968123208,76.89771622056726,0.01953653933517785,0.020127693621521975,0.020127693621518006,0.0,STARLINK-34734,1,1,4,0.000591154286344124,0.06837305134061532,False,171.99726871055074,3.180141922819317e-05,171.99730051196997,1178.94023671159,1.4736752958894874,N/A,76.87758852694574,76.92241932974437,0.04483080279862861
802,Generic_Service,Completed,80.77422236971584,80.77480429795715,80.77480429795715,80.78783937245949,0.013035074502340649,0.013617002743645546,0.013617002743643525,0.0,STARLINK-34734,1,1,4,0.0005819282413048972,0.04053500192561972,False,116.25734865608759,1.88534892677301e-05,116.25736750957685,1062.6828880555024,1.328353610069378,N/A,80.77422236971584,80.83118952230221,0.056967152586366865
814,Generic_Service,Completed,81.85318156133904,81.85377545169491,81.85377545169491,81.86639457988652,0.012619128191602158,0.013213018547473376,0.01321301854747503,0.0,STARLINK-34734,1,1,4,0.0005938903558712175,0.07662868399515516,False,101.53138883399708,3.564124836983961e-05,101.53142447524546,961.1514992215053,1.2014393740268816,N/A,81.85318156133904,81.93319249435477,0.08001093301572837
818,Generic_Service,Completed,82.70159123447833,82.70217765650284,82.70217765650284,82.72057370599092,0.01839604948807505,0.018982471512587886,0.018982471512586585,0.0,STARLINK-34734,1,1,4,0.0005864220245128362,0.0540942419326866,False,164.98773849581139,2.516011252683098e-05,164.9877636559239,796.1637607256939,0.9952047009071174,N/A,82.70159123447833,82.7331924943808,0.03160125990247309
820,Generic_Service,Completed,82.73700581002065,82.73758534211481,82.73758534211481,82.74950295661314,0.011917614498329954,0.012497146592495444,0.012497146592494346,0.0,STARLINK-34734,1,1,4,0.0005795320941654895,0.03330502828156951,False,107.39736221583705,1.5490710828636982e-05,107.39737770654787,688.7663985098569,0.8609579981373211,N/A,82.73700581002065,82.83319249439903,0.09618668437838096
837,Generic_Service,Completed,84.43431546443118,84.43489613657033,84.43489613657033,84.44327458557268,0.008378449002350408,0.008959121141501662,0.008959121141501214,0.0,STARLINK-34734,1,1,4,0.0005806721391512545,0.036744923546995545,False,71.57578958330238,1.709066211488165e-05,71.5758066739645,617.1906089265545,0.7714882611581932,N/A,84.43431546443118,84.5348359976313,0.10052053320012533
860,Generic_Service,Completed,87.26652190366508,87.2670944599108,87.2670944599108,87.27833948813172,0.011245028220926656,0.01181758446664363,0.011817584466641051,0.0,STARLINK-34734,1,1,4,0.0005725562457169743,0.012256571115403127,False,106.98439741543201,5.700730751350292e-06,106.98440311616277,510.20621151112255,0.6377577643889032,N/A,87.26652190366508,87.33483599766949,0.06831409400440691
907,CPU_and_Data_Intensive,Completed,92.10956279086453,92.11745115538662,92.11745115538662,92.16844151548075,0.050990360094132825,0.0588787246162264,0.058878724616221234,0.0,STARLINK-34734,1,1,5,0.007888364522093572,22.086485717245203,False,400.46088558080584,0.010272784054532653,400.47115836486034,109.73505314626217,0.13716881643282772,N/A,92.10956279086453,92.24388103980655,0.13431824894202293
946,Generic_Service,Completed,95.7955776241738,95.79616146730254,95.79616146730254,95.80411812783073,0.007956660528193993,0.008540503656936429,0.008540503656931264,0.0,STARLINK-34734,1,1,4,0.0005838431287424358,0.04631285482832168,False,64.60824903096501,2.1540862710847293e-05,64.60827057182772,45.12680411529716,0.056408505144121455,N/A,95.7955776241738,95.85245777699687,0.05688015282306935
782,CPU_and_Data_Intensive,Rejected,78.87086493863019,N/A,N/A,N/A,0.8119978562225769,0.0,0.0,0.0,STARLINK-34734,0,N/A,N/A,0.0,355.08861685472044,False,0.0,0.0,0.0,45.12680411529716,0.056408505144121455,Insufficient Energy for CPU+NET,N/A,N/A,N/A
791,CPU_and_Data_Intensive,Rejected,79.78417772365908,N/A,N/A,N/A,1.018273918076623,0.0,0.0,0.0,STARLINK-34734,0,N/A,N/A,0.0,385.5591995630148,False,0.0,0.0,0.0,45.12680411529716,0.056408505144121455,Insufficient Energy for CPU+NET,N/A,N/A,N/A
793,CPU_and_Data_Intensive,Rejected,79.79716767342705,N/A,N/A,N/A,1.023707868973532,0.0,0.0,0.0,STARLINK-34734,0,N/A,N/A,0.0,473.163126235343,False,0.0,0.0,0.0,45.12680411529716,0.056408505144121455,Insufficient Energy for CPU+NET,N/A,N/A,N/A
795,CPU_and_Data_Intensive,Rejected,79.95787868012857,N/A,N/A,N/A,0.8755153048805822,0.0,0.0,0.0,STARLINK-34734,0,N/A,N/A,0.0,341.4811817616986,False,0.0,0.0,0.0,45.12680411529716,0.056408505144121455,Insufficient Energy for CPU+NET,N/A,N/A,N/A
796,CPU_and_Data_Intensive,Rejected,80.00048257438833,N/A,N/A,N/A,0.7538665370816655,0.0,0.0,0.0,STARLINK-34734,0,N/A,N/A,0.0,406.4352302283146,False,0.0,0.0,0.0,45.12680411529716,0.056408505144121455,Insufficient Energy for CPU+NET,N/A,N/A,N/A
830,CPU_and_Data_Intensive,Rejected,83.70515095992751,N/A,N/A,N/A,0.9386129680345797,0.0,0.0,0.0,STARLINK-34734,0,N/A,N/A,0.0,485.018558774128,False,0.0,0.0,0.0,45.12680411529716,0.056408505144121455,Insufficient Energy for CPU+NET,N/A,N/A,N/A
913,CPU_and_Data_Intensive,Rejected,92.82844101762375,N/A,N/A,N/A,1.3560351930396073,0.0,0.0,0.0,STARLINK-34734,0,N/A,N/A,0.0,474.1504720005748,False,0.0,0.0,0.0,45.12680411529716,0.056408505144121455,Insufficient Energy for CPU+NET,N/A,N/A,N/A
993,Generic_Service,Rejected,101.18214327940088,N/A,N/A,N/A,0.006305229195674106,0.0,0.0,0.0,STARLINK-34734,0,N/A,N/A,0.0,0.056331114745200334,False,0.0,0.0,0.0,45.12680411529716,0.056408505144121455,Insufficient Energy for CPU,N/A,N/A,N/A
1009,CPU_and_Data_Intensive,Rejected,102.16289657976736,N/A,N/A,N/A,0.5406859046251399,0.0,0.0,0.0,STARLINK-34734,0,N/A,N/A,0.0,333.4719386115236,False,0.0,0.0,0.0,45.12680411529716,0.056408505144121455,Insufficient Energy for CPU+NET,N/A,N/A,N/A
1054,CPU_and_Data_Intensive,Rejected,107.04016156021508,N/A,N/A,N/A,0.6387521456113637,0.0,0.0,0.0,STARLINK-34734,0,N/A,N/A,0.0,264.1511387838656,False,0.0,0.0,0.0,45.12680411529716,0.056408505144121455,Insufficient Energy for CPU+NET,N/A,N/A,N/A
1137,CPU_Intensive,Rejected,115.10000980740902,N/A,N/A,N/A,2.4731094223414054,0.0,0.0,0.0,STARLINK-34734,0,N/A,N/A,0.0,0.051062794599586236,False,0.0,0.0,0.0,45.12680411529716,0.056408505144121455,Insufficient Energy for CPU,N/A,N/A,N/A
1176,CPU_and_Data_Intensive,Rejected,120.36579368031057,N/A,N/A,N/A,1.3066083236149708,0.0,0.0,0.0,STARLINK-34734,0,N/A,N/A,0.0,338.11453345747066,False,0.0,0.0,0.0,45.12680411529716,0.056408505144121455,Insufficient Energy for CPU+NET,N/A,N/A,N/A
1183,CPU_and_Data_Intensive,Rejected,120.69728860683624,N/A,N/A,N/A,0.4788973728304409,0.0,0.0,0.0,STARLINK-34734,0,N/A,N/A,0.0,257.9781489510225,False,0.0,0.0,0.0,45.12680411529716,0.056408505144121455,Insufficient Energy for CPU+NET,N/A,N/A,N/A
1196,CPU_and_Data_Intensive,Rejected,121.73599454973017,N/A,N/A,N/A,2.643868521976862,0.0,0.0,0.0,STARLINK-34734,0,N/A,N/A,0.0,6.1854188181165535,False,0.0,0.0,0.0,45.12680411529716,0.056408505144121455,Insufficient Energy for CPU+NET,N/A,N/A,N/A
1203,CPU_and_Data_Intensive,Rejected,122.44810895760686,N/A,N/A,N/A,0.45489442021230764,0.0,0.0,0.0,STARLINK-34734,0,N/A,N/A,0.0,229.26519027649317,False,0.0,0.0,0.0,45.12680411529716,0.056408505144121455,Insufficient Energy for CPU+NET,N/A,N/A,N/A
1250,Generic_Service,Rejected,127.3750962862015,N/A,N/A,N/A,0.006038702873832829,0.0,0.0,0.0,STARLINK-34734,0,N/A,N/A,0.0,0.06851985008825175,False,0.0,0.0,0.0,45.12680411529716,0.056408505144121455,Insufficient Energy for CPU,N/A,N/A,N/A
1249,CPU_and_Data_Intensive,Rejected,127.25452105722562,N/A,N/A,N/A,0.8554044528799729,0.0,0.0,0.0,STARLINK-34734,0,N/A,N/A,0.0,404.3644367857981,False,0.0,0.0,0.0,45.12680411529716,0.056408505144121455,Insufficient Energy for CPU+NET,N/A,N/A,N/A
1255,CPU_and_Data_Intensive,Rejected,127.7476457224189,N/A,N/A,N/A,0.7948520809866797,0.0,0.0,0.0,STARLINK-34734,0,N/A,N/A,0.0,321.80201792346463,False,0.0,0.0,0.0,45.12680411529716,0.056408505144121455,Insufficient Energy for CPU+NET,N/A,N/A,N/A
1269,CPU_and_Data_Intensive,Rejected,129.27047727960402,N/A,N/A,N/A,0.44659768647401,0.0,0.0,0.0,STARLINK-34734,0,N/A,N/A,0.0,179.0052917613099,False,0.0,0.0,0.0,45.12680411529716,0.056408505144121455,Insufficient Energy for CPU+NET,N/A,N/A,N/A
1311,CPU_and_Data_Intensive,Rejected,132.572700248305,N/A,N/A,N/A,0.04535701985655299,0.0,0.0,0.0,STARLINK-34734,0,N/A,N/A,0.0,23.00354547826821,False,0.0,0.0,0.0,45.12680411529716,0.056408505144121455,Insufficient Energy for CPU+NET,N/A,N/A,N/A
1312,CPU_and_Data_Intensive,Rejected,132.61593576259997,N/A,N/A,N/A,0.23164249632435424,0.0,0.0,0.0,STARLINK-34734,0,N/A,N/A,0.0,141.71447648489354,False,0.0,0.0,0.0,45.12680411529716,0.056408505144121455,Insufficient Energy for CPU+NET,N/A,N/A,N/A
1315,CPU_and_Data_Intensive,Rejected,132.99725240912306,N/A,N/A,N/A,0.923400396998265,0.0,0.0,0.0,STARLINK-34734,0,N/A,N/A,0.0,255.8651999597496,False,0.0,0.0,0.0,45.12680411529716,0.056408505144121455,Insufficient Energy for CPU+NET,N/A,N/A,N/A
1325,Generic_Service,Rejected,134.10850159609703,N/A,N/A,N/A,0.006873111850695751,0.0,0.0,0.0,STARLINK-34734,0,N/A,N/A,0.0,0.06247301449115075,False,0.0,0.0,0.0,45.12680411529716,0.056408505144121455,Insufficient Energy for CPU,N/A,N/A,N/A
1329,CPU_and_Data_Intensive,Rejected,134.20537492835086,N/A,N/A,N/A,0.3999809839213389,0.0,0.0,0.0,STARLINK-34734,0,N/A,N/A,0.0,189.46639204474997,False,0.0,0.0,0.0,45.12680411529716,0.056408505144121455,Insufficient Energy for CPU+NET,N/A,N/A,N/A
1326,CPU_and_Data_Intensive,Rejected,134.14232966918559,N/A,N/A,N/A,1.5220859245093452,0.0,0.0,0.0,STARLINK-34734,0,N/A,N/A,0.0,481.7161561808079,False,0.0,0.0,0.0,45.12680411529716,0.056408505144121455,Insufficient Energy for CPU+NET,N/A,N/A,N/A
1349,CPU_and_Data_Intensive,Rejected,137.0824453959159,N/A,N/A,N/A,0.40115752400500815,0.0,0.0,0.0,STARLINK-34734,0,N/A,N/A,0.0,141.09374374040192,False,0.0,0.0,0.0,45.12680411529716,0.056408505144121455,Insufficient Energy for CPU+NET,N/A,N/A,N/A
1351,CPU_and_Data_Intensive,Rejected,137.2474131078225,N/A,N/A,N/A,0.48450286642485735,0.0,0.0,0.0,STARLINK-34734,0,N/A,N/A,0.0,285.0169417656857,False,0.0,0.0,0.0,45.12680411529716,0.056408505144121455,Insufficient Energy for CPU+NET,N/A,N/A,N/A
1373,Generic_Service,Rejected,139.75660939064485,N/A,N/A,N/A,0.006921879177291021,0.0,0.0,0.0,STARLINK-34734,0,N/A,N/A,0.0,0.08111755478162676,False,0.0,0.0,0.0,45.12680411529716,0.056408505144121455,Insufficient Energy for CPU,N/A,N/A,N/A
1404,Generic_Service,Rejected,142.97770533793263,N/A,N/A,N/A,0.006075239076121793,0.0,0.0,0.0,STARLINK-34734,0,N/A,N/A,0.0,0.025638044796457184,False,0.0,0.0,0.0,45.12680411529716,0.056408505144121455,Insufficient Energy for CPU,N/A,N/A,N/A
1425,CPU_and_Data_Intensive,Rejected,144.76226600195483,N/A,N/A,N/A,0.9297020751910758,0.0,0.0,0.0,STARLINK-34734,0,N/A,N/A,0.0,371.4722948797332,False,0.0,0.0,0.0,45.12680411529716,0.056408505144121455,Insufficient Energy for CPU+NET,N/A,N/A,N/A
1439,CPU_and_Data_Intensive,Rejected,145.9533439047791,N/A,N/A,N/A,0.3630460938700534,0.0,0.0,0.0,STARLINK-34734,0,N/A,N/A,0.0,174.64324181354266,False,0.0,0.0,0.0,45.12680411529716,0.056408505144121455,Insufficient Energy for CPU+NET,N/A,N/A,N/A
1464,CPU_Intensive,Rejected,147.89503805471915,N/A,N/A,N/A,2.951697833627032,0.0,0.0,0.0,STARLINK-34734,0,N/A,N/A,0.0,0.01899659714483306,False,0.0,0.0,0.0,45.12680411529716,0.056408505144121455,Insufficient Energy for CPU,N/A,N/A,N/A
1461,CPU_and_Data_Intensive,Rejected,147.75224903174956,N/A,N/A,N/A,0.8368403643218237,0.0,0.0,0.0,STARLINK-34734,0,N/A,N/A,0.0,445.1823774105559,False,0.0,0.0,0.0,45.12680411529716,0.056408505144121455,Insufficient Energy for CPU+NET,N/A,N/A,N/A
1505,CPU_and_Data_Intensive,Rejected,151.95063923390825,N/A,N/A,N/A,0.980678894176894,0.0,0.0,0.0,STARLINK-34734,0,N/A,N/A,0.0,255.85703037483665,False,0.0,0.0,0.0,45.12680411529716,0.056408505144121455,Insufficient Energy for CPU+NET,N/A,N/A,N/A
1510,CPU_and_Data_Intensive,Rejected,152.2865379095727,N/A,N/A,N/A,0.47508069893712856,0.0,0.0,0.0,STARLINK-34734,0,N/A,N/A,0.0,272.90584127212827,False,0.0,0.0,0.0,45.12680411529716,0.056408505144121455,Insufficient Energy for CPU+NET,N/A,N/A,N/A
1517,CPU_Intensive,Rejected,153.22805615246278,N/A,N/A,N/A,2.5481081410799273,0.0,0.0,0.0,STARLINK-34734,0,N/A,N/A,0.0,0.04304167078831389,False,0.0,0.0,0.0,45.12680411529716,0.056408505144121455,Insufficient Energy for CPU,N/A,N/A,N/A
1534,CPU_and_Data_Intensive,Rejected,155.34320140579692,N/A,N/A,N/A,0.0738491785865629,0.0,0.0,0.0,STARLINK-34734,0,N/A,N/A,0.0,23.88321572914335,False,0.0,0.0,0.0,45.12680411529716,0.056408505144121455,Insufficient Energy for CPU+NET,N/A,N/A,N/A
1545,CPU_and_Data_Intensive,Rejected,155.93372691843481,N/A,N/A,N/A,0.6885840653799282,0.0,0.0,0.0,STARLINK-34734,0,N/A,N/A,0.0,173.68604956096684,False,0.0,0.0,0.0,45.12680411529716,0.056408505144121455,Insufficient Energy for CPU+NET,N/A,N/A,N/A
1568,CPU_and_Data_Intensive,Rejected,158.6235858187414,N/A,N/A,N/A,3.3011323855476786,0.0,0.0,0.0,STARLINK-34734,0,N/A,N/A,0.0,486.55948220920965,False,0.0,0.0,0.0,45.12680411529716,0.056408505144121455,Insufficient Energy for CPU+NET,N/A,N/A,N/A
1586,CPU_and_Data_Intensive,Rejected,160.25129522981533,N/A,N/A,N/A,0.5616809833808594,0.0,0.0,0.0,STARLINK-34734,0,N/A,N/A,0.0,172.34853743663012,False,0.0,0.0,0.0,45.12680411529716,0.056408505144121455,Insufficient Energy for CPU+NET,N/A,N/A,N/A
1636,CPU_and_Data_Intensive,Rejected,165.58799808295387,N/A,N/A,N/A,1.1300871593312256,0.0,0.0,0.0,STARLINK-34734,0,N/A,N/A,0.0,451.62409604767663,False,0.0,0.0,0.0,45.12680411529716,0.056408505144121455,Insufficient Energy for CPU+NET,N/A,N/A,N/A
1655,CPU_Intensive,Rejected,167.5583084908733,N/A,N/A,N/A,0.007012850480504491,0.0,0.0,0.0,STARLINK-34734,0,N/A,N/A,0.0,0.027787002533672223,False,0.0,0.0,0.0,45.12680411529716,0.056408505144121455,Insufficient Energy for CPU,N/A,N/A,N/A
1658,CPU_and_Data_Intensive,Rejected,167.75591407231926,N/A,N/A,N/A,1.280618354524403,0.0,0.0,0.0,STARLINK-34734,0,N/A,N/A,0.0,363.2416652802358,False,0.0,0.0,0.0,45.12680411529716,0.056408505144121455,Insufficient Energy for CPU+NET,N/A,N/A,N/A
1662,CPU_Intensive,Rejected,168.35331313562318,N/A,N/A,N/A,2.553352254068208,0.0,0.0,0.0,STARLINK-34734,0,N/A,N/A,0.0,0.044496072983412426,False,0.0,0.0,0.0,45.12680411529716,0.056408505144121455,Insufficient Energy for CPU,N/A,N/A,N/A
1665,Generic_Service,Rejected,168.88195732115648,N/A,N/A,N/A,0.006223669492744585,0.0,0.0,0.0,STARLINK-34734,0,N/A,N/A,0.0,0.03801319019805789,False,0.0,0.0,0.0,45.12680411529716,0.056408505144121455,Insufficient Energy for CPU,N/A,N/A,N/A
1681,CPU_and_Data_Intensive,Rejected,170.0532082885341,N/A,N/A,N/A,0.6897572340140278,0.0,0.0,0.0,STARLINK-34734,0,N/A,N/A,0.0,228.0813668705909,False,0.0,0.0,0.0,45.12680411529716,0.056408505144121455,Insufficient Energy for CPU+NET,N/A,N/A,N/A
1684,Generic_Service,Rejected,170.2871510211223,N/A,N/A,N/A,0.005853592033915297,0.0,0.0,0.0,STARLINK-34734,0,N/A,N/A,0.0,0.034907372948525674,False,0.0,0.0,0.0,45.12680411529716,0.056408505144121455,Insufficient Energy for CPU,N/A,N/A,N/A
1683,CPU_and_Data_Intensive,Rejected,170.2778418686085,N/A,N/A,N/A,0.9241854043461047,0.0,0.0,0.0,STARLINK-34734,0,N/A,N/A,0.0,337.32161351301465,False,0.0,0.0,0.0,45.12680411529716,0.056408505144121455,Insufficient Energy for CPU+NET,N/A,N/A,N/A
1704,CPU_Intensive,Rejected,172.9684379687101,N/A,N/A,N/A,3.6970530416815195,0.0,0.0,0.0,STARLINK-34734,0,N/A,N/A,0.0,0.04846961317260051,False,0.0,0.0,0.0,45.12680411529716,0.056408505144121455,Insufficient Energy for CPU,N/A,N/A,N/A
1706,CPU_and_Data_Intensive,Rejected,172.98846356359363,N/A,N/A,N/A,2.7837936981605917,0.0,0.0,0.0,STARLINK-34734,0,N/A,N/A,0.0,1.1074741852005698,False,0.0,0.0,0.0,45.12680411529716,0.056408505144121455,Insufficient Energy for CPU+NET,N/A,N/A,N/A
1744,CPU_and_Data_Intensive,Rejected,176.82301978275956,N/A,N/A,N/A,0.7396916780101696,0.0,0.0,0.0,STARLINK-34734,0,N/A,N/A,0.0,338.59367884165624,False,0.0,0.0,0.0,45.12680411529716,0.056408505144121455,Insufficient Energy for CPU+NET,N/A,N/A,N/A
1771,CPU_and_Data_Intensive,Rejected,179.70711878660802,N/A,N/A,N/A,0.028637335160351517,0.0,0.0,0.0,STARLINK-34734,0,N/A,N/A,0.0,9.473360878022678,False,0.0,0.0,0.0,45.12680411529716,0.056408505144121455,Insufficient Energy for CPU+NET,N/A,N/A,N/A
1792,CPU_and_Data_Intensive,Rejected,182.20844194800023,N/A,N/A,N/A,0.362288080338737,0.0,0.0,0.0,STARLINK-34734,0,N/A,N/A,0.0,230.9429416111471,False,0.0,0.0,0.0,45.12680411529716,0.056408505144121455,Insufficient Energy for CPU+NET,N/A,N/A,N/A
1794,CPU_and_Data_Intensive,Rejected,182.50748234520398,N/A,N/A,N/A,0.8790780305728921,0.0,0.0,0.0,STARLINK-34734,0,N/A,N/A,0.0,337.21763851494944,False,0.0,0.0,0.0,45.12680411529716,0.056408505144121455,Insufficient Energy for CPU+NET,N/A,N/A,N/A
1822,CPU_and_Data_Intensive,Rejected,185.85298480376514,N/A,N/A,N/A,0.5657898242831936,0.0,0.0,0.0,STARLINK-34734,0,N/A,N/A,0.0,294.2256959651444,False,0.0,0.0,0.0,45.12680411529716,0.056408505144121455,Insufficient Energy for CPU+NET,N/A,N/A,N/A
1830,CPU_and_Data_Intensive,Rejected,186.87738501210194,N/A,N/A,N/A,1.156055554182857,0.0,0.0,0.0,STARLINK-34734,0,N/A,N/A,0.0,351.04245409829616,False,0.0,0.0,0.0,45.12680411529716,0.056408505144121455,Insufficient Energy for CPU+NET,N/A,N/A,N/A
1873,CPU_Intensive,Rejected,190.92178275389122,N/A,N/A,N/A,3.3484765022242895,0.0,0.0,0.0,STARLINK-34734,0,N/A,N/A,0.0,0.06751603610617296,False,0.0,0.0,0.0,45.12680411529716,0.056408505144121455,Insufficient Energy for CPU,N/A,N/A,N/A
1892,CPU_and_Data_Intensive,Rejected,192.5688470888732,N/A,N/A,N/A,1.1184483138207257,0.0,0.0,0.0,STARLINK-34734,0,N/A,N/A,0.0,472.4950385049086,False,0.0,0.0,0.0,45.12680411529716,0.056408505144121455,Insufficient Energy for CPU+NET,N/A,N/A,N/A
1921,CPU_and_Data_Intensive,Rejected,194.515438512434,N/A,N/A,N/A,0.48396119690665534,0.0,0.0,0.0,STARLINK-34734,0,N/A,N/A,0.0,196.73282082527555,False,0.0,0.0,0.0,45.12680411529716,0.056408505144121455,Insufficient Energy for CPU+NET,N/A,N/A,N/A
1942,CPU_and_Data_Intensive,Rejected,196.52584379848048,N/A,N/A,N/A,0.4034434481907225,0.0,0.0,0.0,STARLINK-34734,0,N/A,N/A,0.0,152.8388289974855,False,0.0,0.0,0.0,45.12680411529716,0.056408505144121455,Insufficient Energy for CPU+NET,N/A,N/A,N/A
1982,CPU_and_Data_Intensive,Rejected,199.27292714892985,N/A,N/A,N/A,0.5661542569654677,0.0,0.0,0.0,STARLINK-34734,0,N/A,N/A,0.0,165.92348716480163,False,0.0,0.0,0.0,45.12680411529716,0.056408505144121455,Insufficient Energy for CPU+NET,N/A,N/A,N/A
1996,CPU_and_Data_Intensive,Rejected,201.12029785959277,N/A,N/A,N/A,0.6799346478439126,0.0,0.0,0.0,STARLINK-34734,0,N/A,N/A,0.0,228.79585180887983,False,0.0,0.0,0.0,45.12680411529716,0.056408505144121455,Insufficient Energy for CPU+NET,N/A,N/A,N/A
2006,CPU_and_Data_Intensive,Rejected,202.35224572963057,N/A,N/A,N/A,0.7910515055585564,0.0,0.0,0.0,STARLINK-34734,0,N/A,N/A,0.0,392.3387565512591,False,0.0,0.0,0.0,45.12680411529716,0.056408505144121455,Insufficient Energy for CPU+NET,N/A,N/A,N/A
2031,CPU_and_Data_Intensive,Rejected,204.74185221101078,N/A,N/A,N/A,2.438638709021476,0.0,0.0,0.0,STARLINK-34734,0,N/A,N/A,0.0,272.1483836779955,False,0.0,0.0,0.0,45.12680411529716,0.056408505144121455,Insufficient Energy for CPU+NET,N/A,N/A,N/A
2042,CPU_and_Data_Intensive,Rejected,205.33441923866303,N/A,N/A,N/A,2.4447596751045984,0.0,0.0,0.0,STARLINK-34734,0,N/A,N/A,0.0,1.8438754583579373,False,0.0,0.0,0.0,45.12680411529716,0.056408505144121455,Insufficient Energy for CPU+NET,N/A,N/A,N/A
2049,CPU_and_Data_Intensive,Rejected,206.0441507974296,N/A,N/A,N/A,0.7543500904181599,0.0,0.0,0.0,STARLINK-34734,0,N/A,N/A,0.0,278.5937887239029,False,0.0,0.0,0.0,45.12680411529716,0.056408505144121455,Insufficient Energy for CPU+NET,N/A,N/A,N/A
2079,CPU_Intensive,Rejected,208.7246441615855,N/A,N/A,N/A,0.0069133651377013714,0.0,0.0,0.0,STARLINK-34734,0,N/A,N/A,0.0,0.02901705532611342,False,0.0,0.0,0.0,45.12680411529716,0.056408505144121455,Insufficient Energy for CPU,N/A,N/A,N/A
2121,CPU_and_Data_Intensive,Rejected,212.8921148330176,N/A,N/A,N/A,0.9879521212925982,0.0,0.0,0.0,STARLINK-34734,0,N/A,N/A,0.0,431.5764840117058,False,0.0,0.0,0.0,45.12680411529716,0.056408505144121455,Insufficient Energy for CPU+NET,N/A,N/A,N/A
2141,CPU_and_Data_Intensive,Rejected,215.44754763313819,N/A,N/A,N/A,0.3616097630144621,0.0,0.0,0.0,STARLINK-34734,0,N/A,N/A,0.0,233.58887130156907,False,0.0,0.0,0.0,45.12680411529716,0.056408505144121455,Insufficient Energy for CPU+NET,N/A,N/A,N/A
2143,CPU_and_Data_Intensive,Rejected,215.9528707581593,N/A,N/A,N/A,0.291538178646385,0.0,0.0,0.0,STARLINK-34734,0,N/A,N/A,0.0,167.3188490216541,False,0.0,0.0,0.0,45.12680411529716,0.056408505144121455,Insufficient Energy for CPU+NET,N/A,N/A,N/A
2144,CPU_and_Data_Intensive,Rejected,215.96383526165314,N/A,N/A,N/A,0.7288085019252533,0.0,0.0,0.0,STARLINK-34734,0,N/A,N/A,0.0,205.05382917881462,False,0.0,0.0,0.0,45.12680411529716,0.056408505144121455,Insufficient Energy for CPU+NET,N/A,N/A,N/A
2153,CPU_Intensive,Rejected,216.56189252654283,N/A,N/A,N/A,2.6239714027818435,0.0,0.0,0.0,STARLINK-34734,0,N/A,N/A,0.0,0.044705341982030564,False,0.0,0.0,0.0,45.12680411529716,0.056408505144121455,Insufficient Energy for CPU,N/A,N/A,N/A
2164,CPU_and_Data_Intensive,Rejected,217.54436648725425,N/A,N/A,N/A,0.4176144890122624,0.0,0.0,0.0,STARLINK-34734,0,N/A,N/A,0.0,204.32420636108418,False,0.0,0.0,0.0,45.12680411529716,0.056408505144121455,Insufficient Energy for CPU+NET,N/A,N/A,N/A
2221,CPU_and_Data_Intensive,Rejected,223.46226519006987,N/A,N/A,N/A,0.6971173742548141,0.0,0.0,0.0,STARLINK-34734,0,N/A,N/A,0.0,217.93293024837732,False,0.0,0.0,0.0,45.12680411529716,0.056408505144121455,Insufficient Energy for CPU+NET,N/A,N/A,N/A
2277,CPU_and_Data_Intensive,Rejected,230.07680871273726,N/A,N/A,N/A,0.857094233283912,0.0,0.0,0.0,STARLINK-34734,0,N/A,N/A,0.0,388.3685806863675,False,0.0,0.0,0.0,45.12680411529716,0.056408505144121455,Insufficient Energy for CPU+NET,N/A,N/A,N/A
2295,CPU_and_Data_Intensive,Rejected,232.16269415523917,N/A,N/A,N/A,0.8579839245895016,0.0,0.0,0.0,STARLINK-34734,0,N/A,N/A,0.0,462.33944095790923,False,0.0,0.0,0.0,45.12680411529716,0.056408505144121455,Insufficient Energy for CPU+NET,N/A,N/A,N/A
2341,CPU_and_Data_Intensive,Rejected,236.7139747734086,N/A,N/A,N/A,0.7142258968110846,0.0,0.0,0.0,STARLINK-34734,0,N/A,N/A,0.0,323.7159264939691,False,0.0,0.0,0.0,45.12680411529716,0.056408505144121455,Insufficient Energy for CPU+NET,N/A,N/A,N/A
2345,Generic_Service,Rejected,237.39571304368116,N/A,N/A,N/A,0.0059516153608405765,0.0,0.0,0.0,STARLINK-34734,0,N/A,N/A,0.0,0.02226634876390672,False,0.0,0.0,0.0,45.12680411529716,0.056408505144121455,Insufficient Energy for CPU,N/A,N/A,N/A
2354,CPU_and_Data_Intensive,Rejected,238.04512663363715,N/A,N/A,N/A,0.3653632641286477,0.0,0.0,0.0,STARLINK-34734,0,N/A,N/A,0.0,235.46758608553563,False,0.0,0.0,0.0,45.12680411529716,0.056408505144121455,Insufficient Energy for CPU+NET,N/A,N/A,N/A
2381,CPU_Intensive,Rejected,240.83601815621904,N/A,N/A,N/A,3.2281406934879056,0.0,0.0,0.0,STARLINK-34734,0,N/A,N/A,0.0,0.07272836327783218,False,0.0,0.0,0.0,45.12680411529716,0.056408505144121455,Insufficient Energy for CPU,N/A,N/A,N/A
2398,CPU_and_Data_Intensive,Rejected,242.92912934300344,N/A,N/A,N/A,0.7976517859778214,0.0,0.0,0.0,STARLINK-34734,0,N/A,N/A,0.0,445.4991324032771,False,0.0,0.0,0.0,45.12680411529716,0.056408505144121455,Insufficient Energy for CPU+NET,N/A,N/A,N/A
2431,CPU_and_Data_Intensive,Rejected,245.29153491830252,N/A,N/A,N/A,2.7517985915674448,0.0,0.0,0.0,STARLINK-34734,0,N/A,N/A,0.0,1.5984345578719754,False,0.0,0.0,0.0,45.12680411529716,0.056408505144121455,Insufficient Energy for CPU+NET,N/A,N/A,N/A
2429,CPU_and_Data_Intensive,Rejected,245.25098756425047,N/A,N/A,N/A,0.4247726714750713,0.0,0.0,0.0,STARLINK-34734,0,N/A,N/A,0.0,212.00177844286713,False,0.0,0.0,0.0,45.12680411529716,0.056408505144121455,Insufficient Energy for CPU+NET,N/A,N/A,N/A
2440,CPU_and_Data_Intensive,Rejected,246.2576074925562,N/A,N/A,N/A,0.6659921307038238,0.0,0.0,0.0,STARLINK-34734,0,N/A,N/A,0.0,248.1671696635986,False,0.0,0.0,0.0,45.12680411529716,0.056408505144121455,Insufficient Energy for CPU+NET,N/A,N/A,N/A
2445,CPU_and_Data_Intensive,Rejected,246.5479113758564,N/A,N/A,N/A,0.3321174560504658,0.0,0.0,0.0,STARLINK-34734,0,N/A,N/A,0.0,134.97132597956616,False,0.0,0.0,0.0,45.12680411529716,0.056408505144121455,Insufficient Energy for CPU+NET,N/A,N/A,N/A
2460,CPU_and_Data_Intensive,Rejected,247.60147637307543,N/A,N/A,N/A,0.6223816549803342,0.0,0.0,0.0,STARLINK-34734,0,N/A,N/A,0.0,274.6922910602317,False,0.0,0.0,0.0,45.12680411529716,0.056408505144121455,Insufficient Energy for CPU+NET,N/A,N/A,N/A
2476,CPU_Intensive,Rejected,248.62195036902105,N/A,N/A,N/A,2.697716920062669,0.0,0.0,0.0,STARLINK-34734,0,N/A,N/A,0.0,0.07674232150019485,False,0.0,0.0,0.0,45.12680411529716,0.056408505144121455,Insufficient Energy for CPU,N/A,N/A,N/A
2485,Generic_Service,Rejected,249.45751094676976,N/A,N/A,N/A,0.006998019419330483,0.0,0.0,0.0,STARLINK-34734,0,N/A,N/A,0.0,0.058088561133795784,False,0.0,0.0,0.0,45.12680411529716,0.056408505144121455,Insufficient Energy for CPU,N/A,N/A,N/A
2534,Generic_Service,Rejected,253.32013509938832,N/A,N/A,N/A,0.006073396252195564,0.0,0.0,0.0,STARLINK-34734,0,N/A,N/A,0.0,0.052741026574549536,False,0.0,0.0,0.0,45.12680411529716,0.056408505144121455,Insufficient Energy for CPU,N/A,N/A,N/A
2554,CPU_Intensive,Rejected,255.58040960337715,N/A,N/A,N/A,2.6355384721920734,0.0,0.0,0.0,STARLINK-34734,0,N/A,N/A,0.0,0.07785893588920503,False,0.0,0.0,0.0,45.12680411529716,0.056408505144121455,Insufficient Energy for CPU,N/A,N/A,N/A
2555,CPU_and_Data_Intensive,Rejected,255.59393613128628,N/A,N/A,N/A,1.0570915789317508,0.0,0.0,0.0,STARLINK-34734,0,N/A,N/A,0.0,339.86791291200456,False,0.0,0.0,0.0,45.12680411529716,0.056408505144121455,Insufficient Energy for CPU+NET,N/A,N/A,N/A
2557,CPU_Intensive,Rejected,255.73460648335148,N/A,N/A,N/A,3.4424854842865127,0.0,0.0,0.0,STARLINK-34734,0,N/A,N/A,0.0,0.01238371694215061,False,0.0,0.0,0.0,45.12680411529716,0.056408505144121455,Insufficient Energy for CPU,N/A,N/A,N/A
2565,CPU_Intensive,Rejected,256.51450143658946,N/A,N/A,N/A,3.239255511304761,0.0,0.0,0.0,STARLINK-34734,0,N/A,N/A,0.0,0.04547105044895537,False,0.0,0.0,0.0,45.12680411529716,0.056408505144121455,Insufficient Energy for CPU,N/A,N/A,N/A
2581,CPU_and_Data_Intensive,Rejected,258.2346276018666,N/A,N/A,N/A,0.6490274666618845,0.0,0.0,0.0,STARLINK-34734,0,N/A,N/A,0.0,382.36055029644126,False,0.0,0.0,0.0,45.12680411529716,0.056408505144121455,Insufficient Energy for CPU+NET,N/A,N/A,N/A
2616,CPU_and_Data_Intensive,Rejected,261.86989360138466,N/A,N/A,N/A,0.5556916376810962,0.0,0.0,0.0,STARLINK-34734,0,N/A,N/A,0.0,150.75432802896782,False,0.0,0.0,0.0,45.12680411529716,0.056408505144121455,Insufficient Energy for CPU+NET,N/A,N/A,N/A
2632,Generic_Service,Rejected,263.2843498813733,N/A,N/A,N/A,0.0070624982072951415,0.0,0.0,0.0,STARLINK-34734,0,N/A,N/A,0.0,0.05876371879815574,False,0.0,0.0,0.0,45.12680411529716,0.056408505144121455,Insufficient Energy for CPU,N/A,N/A,N/A
2661,CPU_and_Data_Intensive,Rejected,265.6321004786303,N/A,N/A,N/A,0.32149920124646936,0.0,0.0,0.0,STARLINK-34734,0,N/A,N/A,0.0,191.74728765235395,False,0.0,0.0,0.0,45.12680411529716,0.056408505144121455,Insufficient Energy for CPU+NET,N/A,N/A,N/A
2855,CPU_and_Data_Intensive,Rejected,284.26069307112,N/A,N/A,N/A,1.4140560231037649,0.0,0.0,0.0,STARLINK-34734,0,N/A,N/A,0.0,365.176312877555,False,0.0,0.0,0.0,45.12680411529716,0.056408505144121455,Insufficient Energy for CPU+NET,N/A,N/A,N/A
2894,CPU_and_Data_Intensive,Rejected,288.29079512870175,N/A,N/A,N/A,0.8076137235226182,0.0,0.0,0.0,STARLINK-34734,0,N/A,N/A,0.0,450.21716714301886,False,0.0,0.0,0.0,45.12680411529716,0.056408505144121455,Insufficient Energy for CPU+NET,N/A,N/A,N/A
2902,CPU_and_Data_Intensive,Rejected,288.64109143453163,N/A,N/A,N/A,1.4003020658506715,0.0,0.0,0.0,STARLINK-34734,0,N/A,N/A,0.0,362.6570767614314,False,0.0,0.0,0.0,45.12680411529716,0.056408505144121455,Insufficient Energy for CPU+NET,N/A,N/A,N/A
2913,Generic_Service,Rejected,289.30534663607506,N/A,N/A,N/A,0.006397719012396968,0.0,0.0,0.0,STARLINK-34734,0,N/A,N/A,0.0,0.025866877321627763,False,0.0,0.0,0.0,45.12680411529716,0.056408505144121455,Insufficient Energy for CPU,N/A,N/A,N/A
2928,CPU_and_Data_Intensive,Rejected,290.71631591604785,N/A,N/A,N/A,0.6496367410765436,0.0,0.0,0.0,STARLINK-34734,0,N/A,N/A,0.0,231.21938045492612,False,0.0,0.0,0.0,45.12680411529716,0.056408505144121455,Insufficient Energy for CPU+NET,N/A,N/A,N/A
2927,CPU_and_Data_Intensive,Rejected,290.7058943013488,N/A,N/A,N/A,0.7768744081991533,0.0,0.0,0.0,STARLINK-34734,0,N/A,N/A,0.0,491.06356668931517,False,0.0,0.0,0.0,45.12680411529716,0.056408505144121455,Insufficient Energy for CPU+NET,N/A,N/A,N/A
2941,CPU_and_Data_Intensive,Rejected,292.1119192773847,N/A,N/A,N/A,0.677388181448435,0.0,0.0,0.0,STARLINK-34734,0,N/A,N/A,0.0,177.71134514414584,False,0.0,0.0,0.0,45.12680411529716,0.056408505144121455,Insufficient Energy for CPU+NET,N/A,N/A,N/A
2993,Generic_Service,Rejected,297.551656760302,N/A,N/A,N/A,0.006082635561251392,0.0,0.0,0.0,STARLINK-34734,0,N/A,N/A,0.0,0.05340666091267133,False,0.0,0.0,0.0,45.12680411529716,0.056408505144121455,Insufficient Energy for CPU,N/A,N/A,N/A
8000,Batch,Completed,0,0,0.0,0.011102629492886248,0.011102629492886248,0.011102629492886248,0.011102629492886248,0.0,STARLINK-35401,0,N/A,0,0.0,23.870653409705433,False,0.0,0.011102629492886248,0.011102629492886248,80000,100.0,N/A,N/A,N/A,N/A
6000,Batch,Completed,0,0,0.0,0.09187032593540927,0.09187032593540927,0.09187032593540927,0.09187032593540927,0.0,STARLINK-35401,0,N/A,0,0.0,197.52120076112993,False,0.0,0.09187032593540927,0.09187032593540927,79999.98889737051,99.99998612171314,N/A,N/A,N/A,N/A
7000,Batch,Completed,0,0,0.0,0.20679106053393748,0.20679106053393748,0.20679106053393748,0.20679106053393748,0.0,STARLINK-35401,0,N/A,0,0.0,444.60078014796557,False,0.0,0.20679106053393748,0.20679106053393748,79999.89702704457,99.99987128380572,N/A,N/A,N/A,N/A
23,CPU_and_Data_Intensive,Completed,3.3780528002400163,3.3801842441525047,3.3801842441525047,3.6680344768924855,0.2878502327399808,0.2899816766524691,0.2899816766524692,0.0,STARLINK-35401,1,1,5,0.0021314439124882926,1.9723322408956154,False,2822.0096076690706,0.0009173638329747049,2822.010525032904,77177.67971095112,96.4720996386889,N/A,3.3780528002400163,3.720147705909795,0.3420949056697786
48,CPU_Intensive,Completed,5.922399156108545,5.92387590452791,5.92387590452791,6.511029552874035,0.587153648346125,0.5886303967654899,0.58863039676549,0.0,STARLINK-35401,1,1,4,0.0014767484193648156,0.03843438687255135,False,5763.382179608509,1.7876459010489e-05,5763.382197484969,71414.29753134261,89.26787191417827,N/A,5.922399156108545,6.549724073734445,0.6273249176258995
80,CPU_and_Data_Intensive,Completed,9.82235673919176,9.879248612883,9.879248612883,10.28860966187516,0.4093610489921602,0.4662529226834015,0.4662529226834007,0.0,STARLINK-35401,1,1,5,0.05689187369124132,163.72856662288177,False,3277.1317639449835,0.0761528216850613,3277.2079167666684,68137.08961457595,85.17136201821994,N/A,9.82235673919176,10.38409651340857,0.5617397742168109
119,CPU_Intensive,Completed,14.14249778284063,14.143968377836577,14.143968377836577,14.27966330742127,0.13569492958469276,0.13716552458063974,0.1371655245806398,0.0,STARLINK-35401,1,1,4,0.0014705949959469776,0.020257856764060764,False,1328.6023534879419,9.422258960028262e-06,1328.6023629102008,66808.48726108801,83.51060907636001,N/A,14.14249778284063,14.323540456868631,0.18104267402800112
134,CPU_and_Data_Intensive,Completed,15.909577166914964,15.912035365409638,15.912035365409638,15.950359664321748,0.03832429891211042,0.040782497406784565,0.0407824974067843,0.0,STARLINK-35401,1,1,5,0.0024581984946741428,2.9375290261471045,False,363.4851921084002,0.0013662925703009788,363.4865584009705,66445.00070268704,83.05625087835881,N/A,15.909577166914964,16.03528761655462,0.12571044963965505
140,Generic_Service,Completed,16.622834655726063,16.624316575558453,16.624316575558453,16.64986552715977,0.02554895160131565,0.027030871433704553,0.027030871433705528,0.0,STARLINK-35401,1,1,4,0.0014819198323889028,0.053710167223254224,False,235.4503186148459,2.4981473127094987e-05,235.45034359631904,66209.5503840722,82.76193798009024,N/A,16.622834655726063,16.73807817365435,0.11524351792828824
142,Generic_Service,Completed,16.681060878987225,16.68253805906797,16.68253805906797,16.7370034426694,0.05446538360143194,0.05594256368217569,0.05594256368217643,0.0,STARLINK-35401,1,1,4,0.001477180080743753,0.039709466696927764,False,523.9712715612982,1.846951939391989e-05,523.9712900308176,65685.5791125109,82.10697389063863,N/A,16.681060878987225,16.839348844070994,0.15828796508376897
143,CPU_Intensive,Completed,16.729621274908013,16.731088950274845,16.731088950274845,16.88670118678698,0.15561223651213396,0.1570799118789682,0.15707991187896653,0.0,STARLINK-35401,1,1,5,0.001467675366834221,0.011633596271956901,False,1527.0319509943583,5.410975010212512e-06,1527.0319564053334,64158.54716151654,80.19818395189567,N/A,16.729621274908013,16.93934884408747,0.20972756917945645
152,CPU_and_Data_Intensive,Completed,17.70904349080002,17.849125734832256,17.849125734832256,18.737713737806423,0.8885880029741671,1.0286702470064026,1.0286702470064029,0.0,STARLINK-35401,1,1,5,0.14008224403223554,409.4636913757415,False,6866.265124781904,0.19044822854685653,6866.455573010451,57292.09158850609,71.61511448563262,N/A,17.70904349080002,18.759187006644098,1.050143515844077
188,CPU_and_Data_Intensive,Completed,20.082073290133348,20.088800123883157,20.088800123883157,20.150782885848912,0.06198276196575492,0.06870959571556472,0.06870959571556412,0.0,STARLINK-35401,1,1,5,0.006726833749809794,15.546604002560755,False,538.4885296245424,0.007230978605842212,538.4957606031483,56753.595827902944,70.94199478487869,N/A,20.082073290133348,20.191543572351694,0.10947028221834643
191,CPU_and_Data_Intensive,Completed,20.367227495444435,20.376254792943996,20.376254792943996,20.501371578652265,0.12511678570826845,0.13414408320782917,0.1341440832078291,0.0,STARLINK-35401,1,1,5,0.009027297499560707,22.34191870325639,False,1128.3322314969214,0.010391590094537856,1128.342623087016,55625.25320481593,69.5315665060199,N/A,20.367227495444435,20.597105358426074,0.22987786298163826
203,Generic_Service,Completed,21.256873560953895,21.258359354320678,21.258359354320678,21.310645932992706,0.05228657867202813,0.053772372038810454,0.0537723720388108,0.0,STARLINK-35401,1,1,4,0.0014857933667823237,0.06515215808710208,False,495.0457850970866,3.0303329342838175e-05,495.04581540041596,55130.20741971884,68.91275927464855,N/A,21.256873560953895,21.405406927023556,0.1485333660696604
205,CPU_and_Data_Intensive,Completed,21.52324656844025,21.531940986968475,21.531940986968475,21.79769589591934,0.2657549089508642,0.2744493274790914,0.2744493274790898,0.0,STARLINK-35401,1,1,5,0.00869441852822722,21.35863115190949,False,2516.0183581679753,0.009934247047399761,2516.028292415023,52614.17912730382,65.76772390912977,N/A,21.52324656844025,21.808674851583145,0.28542828314289537
215,CPU_and_Data_Intensive,Completed,22.81231118275115,22.814243038824724,22.814243038824724,23.31701726926376,0.5027742304390372,0.5047060865126138,0.5047060865126127,0.0,STARLINK-35401,1,1,5,0.0019318560735765715,1.3827719072525648,False,4938.502652149921,0.0006431497243035185,4938.503295299645,47675.67583200417,59.59459479000522,N/A,22.81231118275115,23.31803368783061,0.5057225050794614
219,CPU_Intensive,Completed,23.231607153861102,23.23309107018751,23.23309107018751,24.02716363491483,0.7940725647273226,0.7955564810537311,0.7955564810537297,0.0,STARLINK-35401,1,1,5,0.001483916326408548,0.05960758906396579,False,7792.208900871664,2.772446002975153e-05,7792.208928596124,39883.466931132505,49.854333663915625,N/A,23.231607153861102,24.12307605163648,0.8914688977753791
294,CPU_and_Data_Intensive,Completed,31.30183851871044,31.307882422412256,31.307882422412256,31.70345175812663,0.3955693357143737,0.4016132394161885,0.4016132394161893,0.0,STARLINK-35401,1,1,5,0.006043903701814804,13.52930440582092,False,3828.5694176186985,0.006292699723637637,3828.575710318422,36054.89122081408,45.068614026017606,N/A,31.30183851871044,31.790494185491383,0.48865566678094297
318,CPU_Intensive,Completed,33.799924597916785,33.80141524411445,33.80141524411445,34.27049162800554,0.4690763838910854,0.47056703008875383,0.4705670300887519,0.0,STARLINK-35401,1,1,4,0.0014906461976684398,0.07948688214610336,False,4589.98584254015,3.6970642858652724e-05,4589.985879510793,31464.905378273932,39.331131722842414,N/A,33.799924597916785,34.308939012587786,0.5090144146710003
349,CPU_Intensive,Completed,37.17844754217209,37.17992786637358,37.17992786637358,37.30749878501507,0.12757091864148862,0.1290512428429832,0.12905124284298353,0.0,STARLINK-35401,1,1,4,0.0014803242014945752,0.048996850582519305,False,1240.2339875703096,2.2789232829078745e-05,1240.2340103595425,30224.67139070362,37.78083923837953,N/A,37.17844754217209,37.34245120326475,0.1640036610926643
351,CPU_and_Data_Intensive,Completed,37.30066564465148,37.30869315032617,37.30869315032617,37.8694782730238,0.5607851226976308,0.5688126283723178,0.5688126283723207,0.0,STARLINK-35401,1,1,5,0.00802750567468705,19.38864457062339,False,5426.677675982201,0.0090179742188946,5426.686693956421,24797.9846967472,30.997480870934,N/A,37.30066564465148,37.95100479477712,0.6503391501256388
394,CPU_and_Data_Intensive,Completed,41.38709995129974,41.38880825787727,41.38880825787727,41.482649986728944,0.09384172885167175,0.09555003542920683,0.0955500354292056,0.0,STARLINK-35401,1,1,5,0.0017083065775350818,0.7224314967817118,False,919.6367946801444,0.00033601464966591247,919.637130694794,23878.347566052405,29.847934457565508,N/A,41.38709995129974,41.490429076733385,0.10332912543364614
400,CPU_Intensive,Completed,41.688487356516944,41.68995926095968,41.68995926095968,41.73958150207199,0.04962224111230995,0.051094145555044976,0.05109414555504799,0.0,STARLINK-35401,1,1,4,0.0014719044427350275,0.02412581730444219,False,480.9303063434031,1.1221310374159159e-05,480.9303175647135,23397.417259709004,29.246771574636256,N/A,41.688487356516944,41.79112805237995,0.10264069586300906
406,Generic_Service,Completed,42.81066071041097,42.81214172237354,42.81214172237354,42.84789677946757,0.03575505709402904,0.03723606905659729,0.03723606905659693,0.0,STARLINK-35401,1,1,4,0.0014810119625682547,0.05102842049317141,False,336.6184329999606,2.3734149066591353e-05,336.61845673410966,23060.798826709044,28.825998533386304,N/A,42.81066071041097,42.8960881341265,0.08542742371552947
407,Generic_Service,Completed,42.93176175816751,42.93323504774481,42.93323504774481,42.970182828097435,0.03694778035262658,0.0384210699299276,0.038421069929924556,0.0,STARLINK-35401,1,1,4,0.0014732895773010254,0.028217351143993333,False,355.0703069777886,1.3124349369299224e-05,355.070320102138,22705.728519731256,28.38216064966407,N/A,42.93176175816751,42.996088134149076,0.06432637598156532
414,Generic_Service,Completed,43.27345537974447,43.274933318210735,43.274933318210735,43.38609120674529,0.11115788853455655,0.11263582700082554,0.11263582700082253,0.0,STARLINK-35401,1,1,4,0.0014779384662689942,0.04194965340233615,False,1080.8868893807542,1.9511466698761e-05,1080.8869088922208,21624.8416303505,27.031052037938124,N/A,43.27345537974447,43.4035203568948,0.13006497715033305
425,CPU_and_Data_Intensive,Completed,44.48903997479266,44.54012722207458,44.54012722207458,45.01536019689154,0.4752329748169615,0.5263202220988791,0.5263202220988816,0.0,STARLINK-35401,1,1,5,0.05108724728191756,146.58234418160455,False,4003.4225468576715,0.06817783450307188,4003.4907246921744,17621.350905658328,22.02668863207291,N/A,44.48903997479266,45.1136127980057,0.6245728232130361
449,CPU_Intensive,Completed,46.704709337761194,46.70619396554219,46.70619396554219,46.895362065079624,0.18916809953743297,0.19065272731842747,0.19065272731842953,0.0,STARLINK-35401,1,1,4,0.0014846277809945003,0.06170914698128672,False,1842.3018853434814,2.870192882850545e-05,1842.3019140454103,15779.049020314847,19.72381127539356,N/A,46.704709337761194,46.932828027877356,0.22811869011616182
453,CPU_Intensive,Completed,46.88262052343547,46.88409127287981,46.88409127287981,47.170640251218764,0.2865489783389563,0.2880197277832915,0.28801972778329343,0.0,STARLINK-35401,1,1,5,0.0014707494443351675,0.020714080168093403,False,2812.130556228947,9.634455892136467e-06,2812.1305658634033,12966.9184640859,16.208648080107373,N/A,46.88262052343547,47.24131723874209,0.35869671530662117
471,Generic_Service,Completed,48.260860947570656,48.26233621684881,48.26233621684881,48.27849940674635,0.016163189897540065,0.01763845917569231,0.017638459175692844,0.0,STARLINK-35401,1,1,4,0.0014752692781522443,0.03406516782822647,False,148.92898685938607,1.5844264106151844e-05,148.92900270365018,12817.989477226514,16.022486846533145,N/A,48.260860947570656,48.36341532914765,0.10255438157699359
479,CPU_Intensive,Completed,50.13653012316578,50.1380076022448,50.1380076022448,50.23417279621476,0.09616519396995926,0.09764267304898319,0.09764267304898055,0.0,STARLINK-35401,1,1,4,0.0014774790790239316,0.04059267444536511,False,933.8322774799273,1.8880313695518657e-05,933.832296360241,11884.157199746587,14.855196499683235,N/A,50.13653012316578,50.27702504956066,0.14049492639488648
490,Generic_Service,Completed,51.39752763096984,51.39901354465161,51.39901354465161,51.46335054091427,0.06433699626266076,0.06582290994443325,0.06582290994442985,0.0,STARLINK-35401,1,1,4,0.0014859136817724967,0.06550755522019121,False,613.4579667616861,3.0468630334972654e-05,613.4579972303164,11270.699232984902,14.088374041231127,N/A,51.39752763096984,51.48132338796193,0.08379575699208885
496,CPU_Intensive,Completed,51.86040155151842,51.86187841497847,51.86187841497847,52.00819540920192,0.14631699422344724,0.1477938576834938,0.14779385768349584,0.0,STARLINK-35401,1,1,4,0.0014768634600465548,0.03877420428366486,False,1427.6153916851738,1.8034513620309238e-05,1427.6154097196875,9843.083841299727,12.30385480162466,N/A,51.86040155151842,52.08796640586017,0.22756485434175033
514,CPU_and_Data_Intensive,Completed,52.74534941079476,52.74743005494519,52.74743005494519,52.912806187929945,0.16537613298475407,0.16745677713518733,0.16745677713518603,0.0,STARLINK-35401,1,1,5,0.002080644150433279,1.8222753795685673,False,1618.1526619995632,0.0008475699439853802,1618.1535095695072,8224.93033173022,10.281162914662776,N/A,52.74534941079476,53.002709693147864,0.2573602823531047
539,Generic_Service,Completed,55.116902202134185,55.11838568164586,55.11838568164586,55.148752182112105,0.03036650046624345,0.03184997997792026,0.031849979977920384,0.0,STARLINK-35401,1,1,4,0.0014834795116768094,0.05831728680713383,False,281.4738297214356,2.7124319445178524e-05,281.47385684575505,7943.456502008785,9.92932062751098,N/A,55.116902202134185,55.2234598736595,0.10655767152531581
547,CPU_and_Data_Intensive,Completed,55.535238680378235,55.5367372959887,55.5367372959887,55.59797592551098,0.0612386295222791,0.0627372451327428,0.06273724513274459,0.0,STARLINK-35401,1,1,5,0.001498615610463709,0.10302764340759576,False,601.8159275295953,4.7919834143067796e-05,601.8159754494295,7341.640526559355,9.177050658199192,N/A,55.535238680378235,55.62854405530441,0.09330537492617452
552,Generic_Service,Completed,56.07779046838701,56.079265208845705,56.079265208845705,56.12360311515881,0.044337906313103304,0.04581264677180113,0.0458126467718003,0.0,STARLINK-35401,1,1,4,0.0014747404586978243,0.03250309382770278,False,426.49003103773566,1.511771805939664e-05,426.49004615545374,6915.150495521619,8.643938119402025,N/A,56.07779046838701,56.1318119805164,0.05402151212939543
567,Generic_Service,Completed,57.807114208442,57.80860631474302,57.80860631474302,57.87974848336009,0.07114216861707234,0.072634274918084,0.07263427491808727,0.0,STARLINK-35401,1,1,4,0.0014921063010116514,0.08379986543642204,False,674.9975520251843,3.897668159833583e-05,674.9975910018659,6240.152943496434,7.800191179370543,N/A,57.807114208442,57.94030044733162,0.13318623888962122
574,CPU_Intensive,Completed,58.37187699995297,58.373368248301325,58.373368248301325,58.46749473651311,0.09412648821178493,0.09561773656014427,0.09561773656014338,0.0,STARLINK-35401,1,1,4,0.0014912483483593441,0.08126556848375144,False,901.7970619728093,3.7797938829651835e-05,901.7970997707481,5338.355881523625,6.67294485190453,N/A,58.37187699995297,58.54622449448064,0.17434749452767306
584,Generic_Service,Completed,59.056882648712836,59.05836829676523,59.05836829676523,59.08403085078983,0.02566255402459916,0.027148202076994324,0.027148202076993755,0.0,STARLINK-35401,1,1,4,0.0014856480523951624,0.06472291550877098,False,233.3226750218213,3.01036816319865e-05,233.32270512550295,5105.033206501804,6.381291508127254,N/A,59.056882648712836,59.15525384246966,0.0983711937568259
592,Generic_Service,Completed,59.41023409721102,59.41171063994093,59.41171063994093,59.4507230105701,0.039012370629173176,0.040488913359087046,0.04048891335908422,0.0,STARLINK-35401,1,1,4,0.0014765427299138713,0.03782680305388422,False,372.5442825484246,1.7593861885527546e-05,372.5443001422865,4732.4889239533795,5.9156111549417245,N/A,59.41023409721102,59.45735551575985,0.04712141854883356
607,CPU_and_Data_Intensive,Completed,61.62568073083239,61.62719054300495,61.62719054300495,61.736060426070985,0.10886988306603484,0.11037969523858886,0.11037969523859203,0.0,STARLINK-35401,1,1,5,0.0015098121725540088,0.13610104566299036,False,1070.1221370152139,6.330281193627459e-05,1070.1222003180258,3662.3667236353535,4.577958404544192,N/A,61.62568073083239,61.76905854031128,0.1433778094788849
623,Generic_Service,Completed,62.860560299114866,62.86204911084466,62.86204911084466,62.89247363788021,0.03042452703554943,0.031913338765340866,0.0319133387653423,0.0,STARLINK-35401,1,1,4,0.0014888117297914333,0.07406806755538173,False,277.4035199205903,3.445026397924731e-05,277.4035543708543,3384.963203714763,4.231204004643454,N/A,62.860560299114866,62.97814295965457,0.11758266053970345
663,Generic_Service,Completed,66.55951561048211,66.5609932965174,66.5609932965174,66.59077223014937,0.029778933631973814,0.03125661966726403,0.031256619667260566,0.0,STARLINK-35401,1,1,4,0.0014776860352902123,0.0412040002959951,False,280.7375308309545,1.9164651300462836e-05,280.7375499956058,3104.2256728838083,3.880282091104761,N/A,66.55951561048211,66.6893651989532,0.12984958847108885
665,CPU_Intensive,Completed,66.69884680374305,66.70033261163596,66.70033261163596,66.76829261020764,0.06795999857168056,0.06944580646458619,0.06944580646458576,0.0,STARLINK-35401,1,1,4,0.0014858078929056242,0.06519506664378705,False,649.1825836664173,3.0323286811063744e-05,649.1826139897041,2455.043089217391,3.0688038615217383,N/A,66.69884680374305,66.78936519896648,0.09051839522342675
711,Generic_Service,Completed,70.9492286252965,70.9506966410139,70.9506966410139,70.97237175305776,0.02167511204385164,0.023143127761260616,0.023143127761258597,0.0,STARLINK-35401,1,1,4,0.0014680157174089762,0.012638954110903445,False,209.452504739394,5.8785833073969514e-06,209.45251061797728,2245.590584477997,2.8069882305974962,N/A,70.9492286252965,71.00844626414344,0.05921763884694542
719,CPU_and_Data_Intensive,Completed,71.39280369004398,71.3948606614703,71.3948606614703,71.41838856186013,0.023527900389822776,0.025584871816152426,0.025584871816150212,0.0,STARLINK-35401,1,1,5,0.0020569714263296494,1.7523487788454202,False,223.3828899031895,0.0008150459436490326,223.38370494913315,2022.2068795288635,2.5277585994110794,N/A,71.39280369004398,71.51070088785139,0.11789719780740882
728,Generic_Service,Completed,72.34353026507972,72.34501454047373,72.34501454047373,72.37895245148923,0.03393791101549937,0.03542218640950281,0.03542218640950523,0.0,STARLINK-35401,1,1,4,0.0014842753940034399,0.060668234903908214,False,315.90624906161577,2.821778367623638e-05,315.90627727939943,1706.3006304672476,2.1328757880840596,N/A,72.34353026507972,72.41666431178881,0.07313404670908596
756,CPU_Intensive,Completed,75.29704244644125,75.29851642683236,75.29851642683236,75.33693581252709,0.038419385694723474,0.039893366085833645,0.039893366085834714,0.0,STARLINK-35401,1,1,4,0.0014739803911101748,0.030257938496549744,False,368.9424088629653,1.407345976583709e-05,368.94242293642503,1337.3582216042823,1.671697777005353,N/A,75.29704244644125,75.42132099803595,0.12427855159469914
781,CPU_and_Data_Intensive,Completed,78.78116969460152,78.78336794688536,78.78336794688536,78.80595356200003,0.022585615114664392,0.024783867398504574,0.02478386739851146,0.0,STARLINK-35401,1,1,5,0.0021982522838401813,2.1696767580722836,False,212.20638296370421,0.0010091519804987365,212.2073921156847,1125.1508294885975,1.406438536860747,N/A,78.78116969460152,78.82622943988859,0.04505974528707668
808,CPU_and_Data_Intensive,Completed,81.54500428220263,81.54648542381813,81.54648542381813,81.56371419617433,0.017228772356205013,0.01870991397170346,0.01870991397170485,0.0,STARLINK-35401,1,1,5,0.0014811416154984448,0.051411400865109494,False,169.21128841075503,2.391227947214395e-05,169.2113123230345,955.939517165563,1.1949243964569538,N/A,81.54500428220263,81.63118952231743,0.08618524011480133
825,Generic_Service,Completed,83.3453183353085,83.34680168164527,83.34680168164527,83.36720195624254,0.020400274597264456,0.02188362093403307,0.021883620934033843,0.0,STARLINK-35401,1,1,4,0.0014833463367686117,0.05792390290289353,False,183.5710469788325,2.694135018739234e-05,183.5710739201827,772.3684701867305,0.965460587733413,N/A,83.3453183353085,83.4348359975833,0.08951766227480107
833,Generic_Service,Completed,83.78731914053314,83.78880199046988,83.78880199046988,83.80918178920456,0.02037979873468032,0.0218626486714169,0.02186264867141574,0.0,STARLINK-35401,1,1,4,0.0014828499367365799,0.05645759227945631,False,183.80171711503095,2.625934524625875e-05,183.8017433743762,588.5667530716996,0.7357084413396245,N/A,83.78731914053314,83.83483599760667,0.04751685707353204
848,Generic_Service,Completed,85.61931559765935,85.62079897013521,85.62079897013521,85.63744873122747,0.016649761092253357,0.018133133568111113,0.018133133568113635,0.0,STARLINK-35401,1,1,4,0.0014833724758577574,0.05800111487232956,False,146.6616712506158,2.6977262731316076e-05,146.66169822787853,441.90508182108385,0.5523813522763549,N/A,85.61931559765935,85.73483599764519,0.11552039998584007
10000,Batch,Completed,0,0,0.0,0.0026798661569412737,0.0026798661569412737,0.0026798661569412737,0.0026798661569412737,0.0,STARLINK-31632,0,N/A,0,0.0,5.761712237423739,False,0.0,0.0026798661569412737,0.0026798661569412737,80000,100.0,N/A,N/A,N/A,N/A
9000,Batch,Completed,0,0,0.0,0.006383638832811135,0.006383638832811135,0.006383638832811135,0.006383638832811135,0.0,STARLINK-31632,0,N/A,0,0.0,13.72482349054394,False,0.0,0.006383638832811135,0.006383638832811135,79999.99732013384,99.9999966501673,N/A,N/A,N/A,N/A
11,CPU_and_Data_Intensive,Completed,2.21596617391836,2.2235528269908476,2.2235528269908476,2.397605219526435,0.17405239253558724,0.1816390456080748,0.18163904560807476,0.0,STARLINK-31632,1,1,4,0.0075866530724875815,16.471021427394472,False,1636.4743395105397,0.007660940198788126,1636.4820004507385,78363.50145523928,97.9543768190491,N/A,2.21596617391836,2.407984790324868,0.19201861640650808
40,CPU_Intensive,Completed,5.279658187645314,5.2806231245552215,5.2806231245552215,5.428929147508947,0.14830602295372586,0.14927095986363373,0.14927095986363348,0.0,STARLINK-31632,1,1,3,0.0009649369099078726,0.05500776196916943,False,1442.394403911758,2.5585005567055548e-05,1442.3944294967635,76921.10705132752,96.1513838141594,N/A,5.279658187645314,5.439406263552251,0.15974807590693718
43,CPU_Intensive,Completed,5.423810623375686,5.424775585914221,5.424775585914221,5.900473255448066,0.4756976695338455,0.47666263207238035,0.47666263207238035,0.0,STARLINK-31632,1,1,4,0.0009649625385348489,0.05507129835163283,False,4662.300871670372,2.561455737285248e-05,4662.300897284929,72258.80617965714,90.32350772457143,N/A,5.423810623375686,5.942354961117166,0.5185443377414805
87,Generic_Service,Completed,10.64320454947375,10.644164852866517,10.644164852866517,10.777426717587005,0.13326186472048818,0.13422216811325366,0.13422216811325427,0.0,STARLINK-31632,1,1,3,0.0009603033927654874,0.043520727662530664,False,1297.8184879997095,2.024219891280496e-05,1297.8185082419084,70960.98769165743,88.70123461457179,N/A,10.64320454947375,10.785968777622049,0.14276422814829814
99,CPU_and_Data_Intensive,Completed,11.72915752377849,11.73060720096093,11.73060720096093,12.052704763977546,0.32209756301661585,0.32354724019905695,0.3235472401990567,0.0,STARLINK-31632,1,1,4,0.0014496771824410943,1.2567359458282679,False,3162.108531814252,0.0005845283468968688,3162.1091163425986,67798.87857531483,84.74859821914353,N/A,11.72915752377849,12.102242912325346,0.3730853885468566
124,CPU_Intensive,Completed,14.87506873149714,14.876030077498738,14.876030077498738,14.959588401635898,0.0835583241371598,0.08451967013875715,0.08451967013875716,0.0,STARLINK-31632,1,1,3,0.0009613460015973497,0.04610547765955808,False,808.2182602290113,2.1444408213747944e-05,808.2182816734195,66990.66031508581,83.73832539385727,N/A,14.87506873149714,15.030693043521836,0.1556243120246954
133,CPU_Intensive,Completed,15.834216819285496,15.835193347418803,15.835193347418803,17.40656582902414,1.5713724816053354,1.5723490097386437,1.5723490097386428,0.0,STARLINK-31632,1,1,3,0.0009765281333081975,0.08374376892972772,False,15429.909095627592,3.895059019987336e-05,15429.909134578182,51560.75121945822,64.45093902432278,N/A,15.834216819285496,17.443123172857437,1.6089063535719408
148,CPU_Intensive,Completed,17.304782804318148,17.305760327205107,17.305760327205107,18.65833462567226,1.3525742984671538,1.3535518213541138,1.3535518213541131,0.0,STARLINK-31632,1,1,4,0.0009775228869599985,0.08620988030338951,False,13277.283375676974,4.0097618745762565e-05,13277.283415774593,38283.46784378125,47.85433480472656,N/A,17.304782804318148,18.759187153945117,1.4544043496269694
304,Generic_Service,Completed,32.366584378418835,32.36753942668583,32.36753942668583,32.38500744501124,0.017468018325409673,0.018423066592402063,0.01842306659240478,0.0,STARLINK-31632,1,1,3,0.0009550482669923893,0.030492652404303495,False,162.8147378380442,1.418262902525744e-05,162.81475202067324,38120.6531059432,47.650816382429,N/A,32.366584378418835,32.396117469019565,0.029533090600729395
308,CPU_Intensive,Completed,32.92283977906935,32.92381209598919,32.92381209598919,33.39604174456163,0.4722296485724371,0.4732019654922776,0.47320196549227944,0.0,STARLINK-31632,1,1,3,0.000972316919840484,0.07330367513279352,False,4622.820370777488,3.409473261990397e-05,4622.820404872221,33497.83273516571,41.87229091895715,N/A,32.92283977906935,33.40782509780036,0.48498531873101314
313,CPU_Intensive,Completed,33.352737563672854,33.35369193934767,33.35369193934767,34.28858131983225,0.9348893804845773,0.9358437561593954,0.9358437561593931,0.0,STARLINK-31632,1,1,4,0.0009543756748181667,0.028825217248189226,False,9186.224576697277,1.3407077789855455e-05,9186.224590104355,24311.608158468436,30.389510198085546,N/A,33.352737563672854,34.308939012612775,0.9562014489399218
396,Generic_Service,Completed,41.50889915431323,41.509847548860265,41.509847548860265,41.545366680494276,0.0355191316340111,0.03646752618104689,0.03646752618104898,0.0,STARLINK-31632,1,1,3,0.0009483945470357916,0.013997297567036208,False,345.2093967640589,6.51037096141219e-06,345.20940327442986,23966.39876170438,29.957998452130475,N/A,41.50889915431323,41.59042907702372,0.08152992271049442
399,CPU_Intensive,Completed,41.67261706833716,41.6735688605857,41.6735688605857,41.767851222699186,0.09428236211348207,0.09523415436202814,0.09523415436202498,0.0,STARLINK-31632,1,1,3,0.000951792248546076,0.02242059948068019,False,920.6689095667159,1.042818580496753e-05,920.6689199949017,23045.72985213766,28.807162315172075,N/A,41.67261706833716,41.791128052388494,0.11851098405133342
405,CPU_Intensive,Completed,42.72672187264365,42.72769921273127,42.72769921273127,43.465672890769525,0.7379736780382586,0.7389510181258767,0.7389510181258743,0.0,STARLINK-31632,1,1,3,0.0009773400876180176,0.08575669922127857,False,7232.7665940077895,3.988683684710631e-05,7232.7666338946265,15812.963258129872,19.76620407266234,N/A,42.72672187264365,43.50352035690999,0.7767984842663367
416,CPU_Intensive,Completed,43.45010591564335,43.45108407495854,43.45108407495854,44.16209184179291,0.7110077668343706,0.711985926149557,0.7119859261495591,0.0,STARLINK-31632,1,1,4,0.000978159315186387,0.08778766077674996,False,6966.956094874984,4.083147012872091e-05,6966.956135706454,8846.007163254888,11.05750895406861,N/A,43.45010591564335,44.21024044582419,0.7601345301808422
520,CPU_Intensive,Completed,53.39155861507216,53.39253594877181,53.39253594877181,53.99988121526252,0.6073452664907109,0.6083226001903638,0.6083226001903626,0.0,STARLINK-31632,1,1,3,0.000977333699652943,0.08574086270406976,False,5948.029523207526,3.9879471025148724e-05,5948.029563086997,2897.977640047362,3.6224720500592027,N/A,53.39155861507216,54.01679378427517,0.625235169203016
606,CPU_Intensive,Completed,61.32440742210004,61.32537416036414,61.32537416036414,61.56997944027919,0.24460527991504932,0.24557201817915067,0.24557201817915342,0.0,STARLINK-31632,1,1,3,0.0009667382641013583,0.059473531013098435,False,2388.1900836990735,2.766210744795276e-05,2388.190111361181,509.7875563482885,0.6372344454353607,N/A,61.32440742210004,61.66905854029274,0.3446511181927008
888,CPU_Intensive,Completed,90.2656709344013,90.26663492400053,90.26663492400053,90.3130684156384,0.04643349163787036,0.04739748123710281,0.047397481237098305,0.0,STARLINK-31632,1,1,3,0.0009639895992324453,0.05265926731742055,False,441.16122824017066,2.449268247321886e-05,441.16125273285314,68.62632810811783,0.0857829101351473,N/A,90.2656709344013,90.34202499631125,0.07635406190995297
3,CPU_and_Data_Intensive,Rejected,0.5686033790735648,N/A,N/A,N/A,0.19045594668836907,0.0,0.0,0.0,STARLINK-31632,0,N/A,N/A,0.0,402.1528722366198,False,0.0,0.0,0.0,68.62632810811783,0.0857829101351473,No suitable server found after deadline/sunset filters,N/A,N/A,N/A
132,CPU_and_Data_Intensive,Rejected,15.730873303773453,N/A,N/A,N/A,1.2181504746980163,0.0,0.0,0.0,STARLINK-31632,0,N/A,N/A,0.0,388.30463678348747,False,0.0,0.0,0.0,68.62632810811783,0.0857829101351473,Deadline Exceeded,N/A,N/A,N/A
526,CPU_Intensive,Rejected,53.82920223185985,N/A,N/A,N/A,1.646138987512889,0.0,0.0,0.0,STARLINK-31632,0,N/A,N/A,0.0,0.06169477282735227,False,0.0,0.0,0.0,68.62632810811783,0.0857829101351473,Insufficient Energy for CPU,N/A,N/A,N/A
604,CPU_Intensive,Rejected,60.99880479302783,N/A,N/A,N/A,0.45541571809409626,0.0,0.0,0.0,STARLINK-31632,0,N/A,N/A,0.0,0.0855951761845382,False,0.0,0.0,0.0,68.62632810811783,0.0857829101351473,Insufficient Energy for CPU,N/A,N/A,N/A
882,Generic_Service,Rejected,89.63404311218986,N/A,N/A,N/A,0.06242576607982812,0.0,0.0,0.0,STARLINK-31632,0,N/A,N/A,0.0,0.020590991391192887,False,0.0,0.0,0.0,68.62632810811783,0.0857829101351473,Insufficient Energy for CPU,N/A,N/A,N/A
1222,Generic_Service,Rejected,124.5361899135602,N/A,N/A,N/A,0.010743872634654901,0.0,0.0,0.0,STARLINK-31632,0,N/A,N/A,0.0,0.043030762486307654,False,0.0,0.0,0.0,68.62632810811783,0.0857829101351473,Insufficient Energy for CPU,N/A,N/A,N/A
1438,Generic_Service,Rejected,145.77035711414987,N/A,N/A,N/A,0.010249414710807151,0.0,0.0,0.0,STARLINK-31632,0,N/A,N/A,0.0,0.015459023041472123,False,0.0,0.0,0.0,68.62632810811783,0.0857829101351473,Insufficient Energy for CPU,N/A,N/A,N/A
1803,Generic_Service,Rejected,183.6589218908935,N/A,N/A,N/A,0.010632531096416983,0.0,0.0,0.0,STARLINK-31632,0,N/A,N/A,0.0,0.07255502184932346,False,0.0,0.0,0.0,68.62632810811783,0.0857829101351473,Insufficient Energy for CPU,N/A,N/A,N/A
2528,Generic_Service,Rejected,252.95350208535126,N/A,N/A,N/A,0.009739890149517528,0.0,0.0,0.0,STARLINK-31632,0,N/A,N/A,0.0,0.08468534034679984,False,0.0,0.0,0.0,68.62632810811783,0.0857829101351473,Insufficient Energy for CPU,N/A,N/A,N/A
2709,CPU_Intensive,Rejected,270.45086616407326,N/A,N/A,N/A,0.010433869061949926,0.0,0.0,0.0,STARLINK-31632,0,N/A,N/A,0.0,0.06918173128829734,False,0.0,0.0,0.0,68.62632810811783,0.0857829101351473,Insufficient Energy for CPU,N/A,N/A,N/A
2803,Generic_Service,Rejected,280.0450230325337,N/A,N/A,N/A,0.010176891568205173,0.0,0.0,0.0,STARLINK-31632,0,N/A,N/A,0.0,0.032163282312291805,False,0.0,0.0,0.0,68.62632810811783,0.0857829101351473,Insufficient Energy for CPU,N/A,N/A,N/A
11000,Batch,Completed,0,0,0.0,0.009468851762539116,0.009468851762539116,0.009468851762539116,0.009468851762539116,0.0,STARLINK-32586,0,N/A,0,0.0,20.3580312894591,False,0.0,0.009468851762539116,0.009468851762539116,80000,100.0,N/A,N/A,N/A,N/A
10,CPU_and_Data_Intensive,Completed,2.2107223710363253,2.211445612727658,2.211445612727658,2.5307593449406256,0.31931373221296777,0.32003697390430025,0.3200369739043003,0.0,STARLINK-32586,1,1,3,0.000723241691332471,0.2887809015291957,False,3139.157185384264,0.00013431669838567242,3139.157319700962,76860.8298078119,96.07603725976487,N/A,2.2107223710363253,2.6079847971902486,0.39726242615392326
51,CPU_and_Data_Intensive,Completed,6.105313831952136,6.1085702199559275,6.1085702199559275,6.170251201648353,0.061680981692425085,0.06493736969621636,0.06493736969621633,0.0,STARLINK-32586,1,1,3,0.0032563880037912735,6.079360224555197,False,578.8280118150948,0.002827609406769859,578.8308394245015,76281.99896838739,95.35249871048424,N/A,6.105313831952136,6.2459016980715,0.1405878661193638
58,CPU_Intensive,Completed,7.261386346177791,7.261987783024124,7.261987783024124,7.753595308751983,0.4916075257278587,0.49220896257419156,0.49220896257419167,0.0,STARLINK-32586,1,1,2,0.0006014368463328263,0.010344313231732296,False,4831.954600514212,4.811308479875486e-06,4831.954605325521,71450.04436787317,89.31255545984146,N/A,7.261386346177791,7.7585196893134665,0.49713334313567525
97,CPU_Intensive,Completed,11.48980398890203,11.490415815473094,11.490415815473094,12.185363992709389,0.6949481772362951,0.6955600038073592,0.6955600038073584,0.0,STARLINK-32586,1,1,2,0.0006118265710640298,0.03409443177188178,False,6824.829482240977,1.5857875242735713e-05,6824.829498098852,64625.21488563219,80.78151860704024,N/A,11.48980398890203,12.202242912763028,0.7124389238609972
104,CPU_Intensive,Completed,12.150035653525027,12.15064915586387,12.15064915586387,13.064651263414614,0.9140021075507434,0.9146156098895868,0.9146156098895872,0.0,STARLINK-32586,1,1,3,0.0006135023388433521,0.0379251091415272,False,8978.11513358301,1.7639585647221953e-05,8978.115151222597,55647.09975204918,69.55887469006147,N/A,12.150035653525027,13.117173301056004,0.9671376475309774
198,CPU_and_Data_Intensive,Completed,20.895703137879273,20.896915270561585,20.896915270561585,20.919436371881527,0.022521101319942005,0.023733234002253686,0.023733234002254022,0.0,STARLINK-32586,1,1,3,0.0012121326823116801,1.4063484299638334,False,215.06369825086156,0.0006541155488203876,215.0643523664104,55432.035399682776,69.29004424960347,N/A,20.895703137879273,21.001795516166222,0.10609237828694873
204,CPU_Intensive,Completed,21.43088315266972,21.431509456938674,21.431509456938674,21.701942846199884,0.2704333892612105,0.27105969353016485,0.2710596935301659,0.0,STARLINK-32586,1,1,2,0.0006263042689543094,0.06718934525403907,False,2639.938291686787,3.125085825769259e-05,2639.9383229376454,52792.097107995985,65.99012138499498,N/A,21.43088315266972,21.70867485156225,0.27779169889253197
214,CPU_and_Data_Intensive,Completed,22.2859814336164,22.287449339593877,22.287449339593877,22.805228761076634,0.5177794214827571,0.5192473274602349,0.5192473274602349,0.0,STARLINK-32586,1,1,3,0.0014679059774778559,1.9910266805201047,False,5083.297568733986,0.0009260589211721417,5083.298494792907,47708.79861320308,59.63599826650384,N/A,22.2859814336164,22.814951857705665,0.5289704240892661
241,CPU_Intensive,Completed,25.641305717018188,25.641932842521538,25.641932842521538,25.660595655660313,0.018662813138774936,0.01928993864212585,0.019289938642124582,0.0,STARLINK-32586,1,1,2,0.0006271255033509128,0.06906662446722173,False,163.19973290290477,3.212401138010313e-05,163.19976502691614,47545.598880300175,59.431998600375216,N/A,25.641305717018188,25.736059378674042,0.09475366165585442
240,CPU_and_Data_Intensive,Completed,25.637103425599953,25.64407582791674,25.64407582791674,25.867207743944103,0.22313191602736282,0.2301043183441484,0.23010431834415002,0.0,STARLINK-32586,1,1,4,0.00697240231678559,14.573885605525867,False,2127.8540720353735,0.006778551444430635,2127.860850586818,45417.73802971336,56.7721725371417,N/A,25.637103425599953,25.938065085194857,0.30096165959490406
247,Generic_Service,Completed,26.14269686950492,26.143322111703455,26.143322111703455,26.18461038976567,0.0412882780622148,0.04191352026075039,0.04191352026074924,0.0,STARLINK-32586,1,1,2,0.0006252421985355884,0.0647615332575526,False,386.99164495569437,3.012164337560586e-05,386.99167507733773,45030.746384757666,56.28843298094708,N/A,26.14269686950492,26.24090281910674,0.0982059496018195
252,CPU_and_Data_Intensive,Completed,26.597291572932424,26.598367837608205,26.598367837608205,26.750035615348853,0.15166777774064855,0.15274404241643127,0.1527440424164297,0.0,STARLINK-32586,1,1,3,0.001076264675782731,1.095764526697847,False,1486.6531953542735,0.0005096579193943475,1486.6537050121929,43544.092679745474,54.43011584968184,N/A,26.597291572932424,26.849808576304323,0.2525170033718993
266,CPU_Intensive,Completed,27.827177353244515,27.827781024790173,27.827781024790173,28.06243953463493,0.23465850984475622,0.23526218139041516,0.23526218139041433,0.0,STARLINK-32586,1,1,2,0.0006036715456589234,0.015452665499911143,False,2303.3335947559644,7.187286279028439e-06,2303.333601943251,41240.759084989506,51.55094885623688,N/A,27.827177353244515,28.16284702952839,0.33566967628387445
272,CPU_Intensive,Completed,28.026648945820945,28.02727138707181,28.02727138707181,28.419696022147374,0.3924246350755638,0.3930470763264286,0.3930470763264289,0.0,STARLINK-32586,1,1,3,0.0006224412508647894,0.058358780448669864,False,3842.334703537354,2.714361881333482e-05,3842.334730680973,37398.424381452154,46.748030476815195,N/A,28.026648945820945,28.462847029698047,0.4361980838771018
310,Generic_Service,Completed,33.206228069127796,33.206832855176465,33.206832855176465,33.241527074809916,0.034694219633450984,0.035299005682120126,0.035299005682119855,0.0,STARLINK-32586,1,1,2,0.000604786048669138,0.01800033440267377,False,335.91681120929405,8.372248559383149e-06,335.9168195815426,37062.50757024286,46.328134462803575,N/A,33.206228069127796,33.30497178650856,0.09874371738076348
314,CPU_and_Data_Intensive,Completed,33.43134491319535,33.43208555310631,33.43208555310631,33.464997317515405,0.032911764409092825,0.03365240432005203,0.03365240432005123,0.0,STARLINK-32586,1,1,3,0.0007406399109592081,0.328551905017052,False,322.1871052088247,0.00015281483954281488,322.18725802366424,36740.32031221919,45.92540039027399,N/A,33.43134491319535,33.50782509783966,0.0764801846443035
316,Generic_Service,Completed,33.64968321503671,33.65030350674291,33.65030350674291,33.669756769843204,0.019453263100295715,0.020073554806493518,0.020073554806494087,0.0,STARLINK-32586,1,1,2,0.0006202917061978043,0.053445085238351064,False,175.57680151332343,2.48581791806284e-05,175.57682637150262,36564.74351070587,45.70592938838234,N/A,33.64968321503671,33.708939012565686,0.05925579752897647
317,CPU_Intensive,Completed,33.71788987167135,33.71850571222235,33.71850571222235,34.63011159261459,0.9116058803922371,0.9122217209432354,0.9122217209432364,0.0,STARLINK-32586,1,1,2,0.0006158405509982932,0.0432700838438008,False,8952.97312212928,2.012562039246549e-05,8952.973142254901,27611.770388576588,34.514712985720735,N/A,33.71788987167135,34.71292731582785,0.9950374441564946
324,CPU_Intensive,Completed,34.516390212257576,34.51699609168053,34.51699609168053,34.98005323706379,0.46305714538326015,0.4636630248062185,0.46366302480621613,0.0,STARLINK-32586,1,1,3,0.0006058794229583873,0.020499704660331595,False,4548.166827037585,9.534746353642603e-06,4548.166836572331,23063.603561539003,28.829504451923754,N/A,34.516390212257576,35.014893645401685,0.4985034331441085
404,CPU_and_Data_Intensive,Completed,42.5977253713542,42.60759393659101,42.60759393659101,44.10328663576628,1.4956926991752724,1.5055612644120793,1.50556126441208,0.0,STARLINK-32586,1,1,3,0.009868565236806858,21.194293214161583,False,14613.314767265447,0.009857810797284457,14613.324625076244,8450.278936462759,10.562848670578449,N/A,42.5977253713542,44.110240437835174,1.5125150664809723
420,CPU_and_Data_Intensive,Completed,43.978747596423794,43.98941865289896,43.98941865289896,44.55506740564129,0.5656487527423266,0.5763198092174916,0.5763198092174946,0.0,STARLINK-32586,1,1,4,0.01067105647516493,23.02872699672319,False,5457.860491199662,0.01071103581242939,5457.871202235474,2992.4077342272844,3.740509667784105,N/A,43.978747596423794,44.61151111598352,0.6327635195597239
638,CPU_Intensive,Completed,63.95236861859901,63.952993033877426,63.952993033877426,64.14385894707377,0.1908659131963404,0.19149032847475445,0.19149032847475667,0.0,STARLINK-32586,1,1,2,0.0006244152784140566,0.06287125691070827,False,1858.657611133915,2.9242445074748035e-05,1858.6576403763602,1133.7501230933694,1.4171876538667119,N/A,63.95236861859901,64.17999900318158,0.227630384582568
768,CPU_and_Data_Intensive,Completed,76.84536730165335,76.84652929673817,76.84652929673817,76.89433135780534,0.04780206106717344,0.0489640561519817,0.048964056151987734,0.0,STARLINK-32586,1,1,3,0.0011619950848082566,1.2917377049608547,False,464.2284081784733,0.0006008082348655138,464.22900898670815,669.5211141066613,0.8369013926333266,N/A,76.84536730165335,76.92241932976941,0.07705202811605716
800,Generic_Service,Completed,80.508165712474,80.50877003040428,80.50877003040428,80.54090055785977,0.03213052745549305,0.032734845385780906,0.0327348453857752,0.0,STARLINK-32586,1,1,2,0.0006043179302878523,0.016930251476129348,False,311.01797923652026,7.87453557029272e-06,311.01798711105585,358.5031348701411,0.4481289185876764,N/A,80.508165712474,80.63118952229537,0.12302380982137606
928,Generic_Service,Completed,93.9328506769235,93.93347807166549,93.93347807166549,93.95065771558343,0.01717964391794169,0.017807038659933848,0.017807038659938712,0.0,STARLINK-32586,1,1,2,0.0006273947419921575,0.06968208347220832,False,148.43128870314993,3.241027138242247e-05,148.43132111342132,210.07184616699115,0.2625898077087389,N/A,93.9328506769235,93.95118710687896,0.018336429955468247
941,Generic_Service,Completed,95.4422704212041,95.44288539180137,95.44288539180137,95.45828931898586,0.015403927184493682,0.016018897781763537,0.016018897781762576,0.0,STARLINK-32586,1,1,2,0.0006149705972698545,0.04128143595279265,False,139.33528126006334,1.9200667885019838e-05,139.33530046073122,70.73656490692781,0.08842070613365977,N/A,95.4422704212041,95.55118710690067,0.10891668569657043
12000,Batch,Completed,0,0,0.0,0.08391533787491763,0.08391533787491763,0.08391533787491763,0.08391533787491763,0.0,STARLINK-30183,0,N/A,0,0.0,180.4179764310729,False,0.0,0.08391533787491763,0.08391533787491763,80000,100.0,N/A,N/A,N/A,N/A
14,CPU_and_Data_Intensive,Completed,2.9564633460041683,2.9582076078300337,2.9582076078300337,3.380465643778642,0.42225803594860833,0.42400229777447374,0.42400229777447374,0.0,STARLINK-30183,1,2,3,0.0017442618258654231,1.5705828730767177,False,4145.759774895876,0.0007305036618961478,4145.760505399538,75854.15557926259,94.81769447407824,N/A,2.9564633460041683,3.5161738193092216,0.5597104733050533
66,CPU_Intensive,Completed,8.199731792118,8.200855729130303,8.200855729130303,8.701039134444194,0.5001834053138907,0.5013073423261941,0.5013073423261947,0.0,STARLINK-30183,1,2,2,0.0011239370123033768,0.024972109286897456,False,4911.989002779279,1.1614934552045328e-05,4911.989014394214,70942.16657648276,88.67770822060346,N/A,8.199731792118,8.968294635231887,0.7685628431138873
100,CPU_Intensive,Completed,11.868046289194174,11.869164656395597,11.869164656395597,12.749031808314585,0.8798671519189885,0.8809855191204122,0.8809855191204115,0.0,STARLINK-30183,1,2,2,0.0011183672014237903,0.011094283574381655,False,8650.300658104712,5.160131895061235e-06,8650.300663264845,62291.86591837804,77.86483239797255,N/A,11.868046289194174,12.916189342935278,1.0481430537411036
162,Generic_Service,Completed,18.499296960504015,18.500427299249175,18.500427299249175,18.59243002527837,0.09200272602919668,0.09313306477435566,0.09313306477435646,0.0,STARLINK-30183,1,2,2,0.001130338745158991,0.040922764479500585,False,892.7967830686906,1.9033843943953762e-05,892.7968021025346,61399.06913530934,76.74883641913668,N/A,18.499296960504015,18.759187006630754,0.2598900461267384
167,CPU_and_Data_Intensive,Completed,18.82927749909626,18.831132507229995,18.831132507229995,19.047440132993046,0.21630762576305074,0.21816263389678453,0.21816263389678525,0.0,STARLINK-30183,1,2,3,0.0018550081337337858,1.8465200623508686,False,2118.957396697907,0.000858846540628311,2118.9582555444476,59280.11087976488,74.1001385997061,N/A,18.82927749909626,19.270158881512053,0.44088138241579244
173,CPU_Intensive,Completed,18.975165756251144,18.976285490253552,18.976285490253552,19.46549826012448,0.4892127698709281,0.49033250387333593,0.4903325038733364,0.0,STARLINK-30183,1,2,3,0.0011197340024078604,0.014499825746404238,False,4807.177537386348,6.744104998327553e-06,4807.1775441304535,54472.933342377844,68.0911666779723,N/A,18.975165756251144,19.682389758120195,0.7072240018690508
207,CPU_Intensive,Completed,21.579998961768347,21.581123013287392,21.581123013287392,22.093023289758715,0.511900276471323,0.5130243279903672,0.5130243279903688,0.0,STARLINK-30183,1,2,2,0.0011240515190443167,0.025257416028548703,False,5027.141378701242,1.1747635362115675e-05,5027.141390448877,49445.791963676595,61.80723995459574,N/A,21.579998961768347,22.209788775007574,0.6297898132392277
212,CPU_and_Data_Intensive,Completed,21.935400109601215,21.93699545219691,21.93699545219691,22.736989173850056,0.799993721653145,0.8015890642488425,0.8015890642488408,0.0,STARLINK-30183,1,2,4,0.0015953425956974458,1.1995334485643814,False,7862.5202975940065,0.0005579225342159913,7862.520855516541,41583.27110816005,51.97908888520006,N/A,21.935400109601215,22.91606577355676,0.9806656639555449
284,Generic_Service,Completed,29.21958052301675,29.220701047109223,29.220701047109223,29.302161496762032,0.08146044965280907,0.08258097374528306,0.08258097374528361,0.0,STARLINK-30183,1,2,2,0.001120524092473982,0.01646842620194401,False,796.3181128634465,7.659733117183262e-06,796.3181205231796,40786.952995296124,50.98369124412015,N/A,29.21958052301675,29.471346859250072,0.2517663362333238
289,CPU_Intensive,Completed,30.632239686394556,30.63336932036623,30.63336932036623,30.746129484382262,0.11276016401603073,0.11388979798770801,0.11388979798770649,0.0,STARLINK-30183,1,2,2,0.0011296339716772884,0.03916674012655208,False,1097.4653996765737,1.8217088430954456e-05,1097.465417893662,39689.48759561955,49.61185949452444,N/A,30.632239686394556,30.883798791059878,0.25155910466532205
297,Generic_Service,Completed,31.80206912893772,31.80320961171598,31.80320961171598,31.975176338590448,0.1719667268744658,0.17310720965272677,0.17310720965272708,0.0,STARLINK-30183,1,2,2,0.0011404827782609927,0.06619779202621989,False,1671.8023056902614,3.0789670709869716e-05,1671.8023364799321,38017.68528992927,47.52210661241159,N/A,31.80206912893772,32.09312780897989,0.2910586800421662
299,CPU_Intensive,Completed,31.963981552952184,31.965120574466308,31.965120574466308,33.278209238969,1.3130886645026898,1.3142276860168125,1.3142276860168138,0.0,STARLINK-30183,1,2,3,0.0011390215141227561,0.0625568840189622,False,12895.90816036422,2.90962251250987e-05,12895.908189460446,25121.77712956503,31.402221411956287,N/A,31.963981552952184,33.407825097777426,1.443843544825242
309,CPU_Intensive,Completed,33.16507814563464,33.166223958320245,33.166223958320245,33.44945193378099,0.28322797546074696,0.28437378814635716,0.28437378814635395,0.0,STARLINK-30183,1,2,3,0.001145812685610182,0.0794778704445005,False,2762.1533106323154,3.6966451369535117e-05,2762.1533475987667,22359.623818932698,27.949529773665873,N/A,33.16507814563464,33.6089390125349,0.44386086690025905
419,CPU_and_Data_Intensive,Completed,43.74336066035637,43.74455417939,43.74455417939,43.81409300705861,0.06953882766860886,0.07073234670223827,0.07073234670223627,0.0,STARLINK-30183,1,2,3,0.0011935190336294045,0.19834373456527907,False,683.0130753713584,9.225289979780422e-05,683.0131676242581,21676.610651308416,27.095763314135517,N/A,43.74336066035637,44.006153987435226,0.26279332707885317
423,CPU_and_Data_Intensive,Completed,44.2636465399044,44.40047174882432,44.40047174882432,46.351732276430944,1.951260527606621,2.088085736526545,2.088085736526544,0.0,STARLINK-30183,1,2,3,0.13682520891992384,338.1403302810886,False,17644.00719024838,0.15727457222376215,17644.164464820602,4032.4461864877326,5.040557733109666,N/A,44.2636465399044,46.628761496868684,2.365114956964284
578,CPU_Intensive,Completed,58.636359763085,58.63750766479291,58.63750766479291,58.92870336787217,0.2911957030792536,0.29234360478717003,0.29234360478717036,0.0,STARLINK-30183,1,2,2,0.001147901707916451,0.08468291027488496,False,2838.9829238500038,3.938740012785347e-05,2838.982963237404,1193.46326251677,1.4918290781459627,N/A,58.636359763085,59.05339779898292,0.41703803589792443
707,CPU_Intensive,Completed,70.79468023868237,70.79579889614403,70.79579889614403,70.9027663567356,0.10696746059156226,0.10808611805321638,0.10808611805322244,0.0,STARLINK-30183,1,2,2,0.0011186574616541298,0.011817500389999232,False,1048.552180467166,5.496511809301969e-06,1048.5521859636779,144.91108204957527,0.1811388525619691,N/A,70.79468023868237,71.0084462641392,0.21376602545682033
959,Generic_Service,Completed,97.7545628590516,97.75570522260215,97.75570522260215,97.77064676241955,0.014941539817399985,0.01608390336794352,0.016083903367942298,0.0,STARLINK-30183,1,2,2,0.0011423635505435337,0.07088395292221959,False,126.06520732670481,3.296928042893934e-05,126.06524029598523,18.845874722866768,0.02355734340358346,N/A,97.7545628590516,97.95696360687943,0.20240074782782358
439,CPU_and_Data_Intensive,Rejected,46.190899369910476,N/A,N/A,N/A,0.7037178999664453,0.0,0.0,0.0,STARLINK-30183,0,N/A,N/A,0.0,1.5205019241343514,False,0.0,0.0,0.0,18.84587472284175,0.023557343403552186,Insufficient Energy for CPU+NET,N/A,N/A,N/A
573,CPU_and_Data_Intensive,Rejected,58.36329426931892,N/A,N/A,N/A,0.5987928726857622,0.0,0.0,0.0,STARLINK-30183,0,N/A,N/A,0.0,10.765083257262475,False,0.0,0.0,0.0,18.84587472284175,0.023557343403552186,Insufficient Energy for CPU+NET,N/A,N/A,N/A
577,CPU_Intensive,Rejected,58.47915766920929,N/A,N/A,N/A,0.5879876263045244,0.0,0.0,0.0,STARLINK-30183,0,N/A,N/A,0.0,0.0229690114775589,False,0.0,0.0,0.0,18.84587472284175,0.023557343403552186,Insufficient Energy for CPU,N/A,N/A,N/A
694,CPU_and_Data_Intensive,Rejected,69.70874056315762,N/A,N/A,N/A,0.420099177587898,0.0,0.0,0.0,STARLINK-30183,0,N/A,N/A,0.0,0.626122598406003,False,0.0,0.0,0.0,18.84587472284175,0.023557343403552186,Insufficient Energy for CPU+NET,N/A,N/A,N/A
695,CPU_and_Data_Intensive,Rejected,69.75780863361737,N/A,N/A,N/A,0.2800415974097403,0.0,0.0,0.0,STARLINK-30183,0,N/A,N/A,0.0,1.9669164865250346,False,0.0,0.0,0.0,18.84587472284175,0.023557343403552186,Insufficient Energy for CPU+NET,N/A,N/A,N/A
696,CPU_Intensive,Rejected,69.89835687765499,N/A,N/A,N/A,0.2975400329544725,0.0,0.0,0.0,STARLINK-30183,0,N/A,N/A,0.0,0.07937425247892466,False,0.0,0.0,0.0,18.84587472284175,0.023557343403552186,Insufficient Energy for CPU,N/A,N/A,N/A
697,Generic_Service,Rejected,69.91004891134436,N/A,N/A,N/A,0.1523186169438172,0.0,0.0,0.0,STARLINK-30183,0,N/A,N/A,0.0,0.04289232807301014,False,0.0,0.0,0.0,18.84587472284175,0.023557343403552186,Insufficient Energy for CPU,N/A,N/A,N/A
698,CPU_Intensive,Rejected,69.92920869053907,N/A,N/A,N/A,0.1472905766216474,0.0,0.0,0.0,STARLINK-30183,0,N/A,N/A,0.0,0.020244144090889524,False,0.0,0.0,0.0,18.84587472284175,0.023557343403552186,Insufficient Energy for CPU,N/A,N/A,N/A
699,CPU_Intensive,Rejected,70.03133015065006,N/A,N/A,N/A,0.5253109508284292,0.0,0.0,0.0,STARLINK-30183,0,N/A,N/A,0.0,0.033232294699221974,False,0.0,0.0,0.0,18.84587472284175,0.023557343403552186,Insufficient Energy for CPU,N/A,N/A,N/A
701,CPU_and_Data_Intensive,Rejected,70.28323802424882,N/A,N/A,N/A,0.15604642527325177,0.0,0.0,0.0,STARLINK-30183,0,N/A,N/A,0.0,4.946293027734596,False,0.0,0.0,0.0,18.84587472284175,0.023557343403552186,Insufficient Energy for CPU+NET,N/A,N/A,N/A
702,CPU_and_Data_Intensive,Rejected,70.33204127733143,N/A,N/A,N/A,0.5405198586540562,0.0,0.0,0.0,STARLINK-30183,0,N/A,N/A,0.0,14.714596467212282,False,0.0,0.0,0.0,18.84587472284175,0.023557343403552186,Insufficient Energy for CPU+NET,N/A,N/A,N/A
703,CPU_Intensive,Rejected,70.41807944033062,N/A,N/A,N/A,0.30610626574018684,0.0,0.0,0.0,STARLINK-30183,0,N/A,N/A,0.0,0.07461039119465224,False,0.0,0.0,0.0,18.84587472284175,0.023557343403552186,Insufficient Energy for CPU,N/A,N/A,N/A
705,CPU_Intensive,Rejected,70.60636017394918,N/A,N/A,N/A,1.0217272434684284,0.0,0.0,0.0,STARLINK-30183,0,N/A,N/A,0.0,0.0524160724857328,False,0.0,0.0,0.0,18.84587472284175,0.023557343403552186,Insufficient Energy for CPU,N/A,N/A,N/A
706,CPU_Intensive,Rejected,70.61381463864817,N/A,N/A,N/A,0.7940982391931319,0.0,0.0,0.0,STARLINK-30183,0,N/A,N/A,0.0,0.05343053900217363,False,0.0,0.0,0.0,18.84587472284175,0.023557343403552186,Insufficient Energy for CPU,N/A,N/A,N/A
13000,Batch,Completed,0,0,0.0,0.06287898175536172,0.06287898175536172,0.06287898175536172,0.06287898175536172,0.0,STARLINK-32508,0,N/A,0,0.0,135.1898107740277,False,0.0,0.06287898175536172,0.06287898175536172,80000,100.0,N/A,N/A,N/A,N/A
14000,Batch,Completed,0,0,0.0,0.1863120093965116,0.1863120093965116,0.1863120093965116,0.1863120093965116,0.0,STARLINK-32508,0,N/A,0,0.0,400.57082020249993,False,0.0,0.1863120093965116,0.1863120093965116,79999.93712101824,99.9999214012728,N/A,N/A,N/A,N/A
19,Generic_Service,Completed,3.249100594229647,3.2506277275020574,3.2506277275020574,3.274518235750397,0.023890508248339604,0.025417641520749868,0.02541764152074988,0.0,STARLINK-32508,1,2,3,0.0015271332724102631,0.016632532441930144,False,230.06440057557703,7.736061600897741e-06,230.06440831163863,79769.68640843328,99.7121080105416,N/A,3.249100594229647,3.414360934636662,0.16526034040701498
31,CPU_Intensive,Completed,4.190961698770567,4.192518929869853,4.192518929869853,4.264046599339146,0.07152766946929301,0.07308490056857828,0.07308490056857853,0.0,STARLINK-32508,1,2,3,0.0015572310992852604,0.08400240339043681,False,678.729307978199,3.9070885297877586e-05,678.7293470490844,79090.95710045508,98.86369637556885,N/A,4.190961698770567,4.433580062498053,0.2426183637274857
37,CPU_Intensive,Completed,4.952567852616126,4.954101142081542,4.954101142081542,5.257535995297412,0.3034348532158706,0.3049681426812863,0.304968142681286,0.0,STARLINK-32508,1,2,3,0.0015332894654156957,0.03041232890473173,False,2975.346984833391,1.4145269258014759e-05,2975.3469989786604,76115.61011562166,95.14451264452708,N/A,4.952567852616126,5.439406111411714,0.4868382587955873
61,CPU_and_Data_Intensive,Completed,7.538433176540828,7.54013464151851,7.54013464151851,7.6356875996635205,0.09555295814501008,0.09725442312269252,0.09725442312269283,0.0,STARLINK-32508,1,2,4,0.0017014649776824302,0.40685022274885013,False,937.9104964935643,0.00018923266174365123,937.9106857262261,75177.69942989542,93.97212428736927,N/A,7.538433176540828,7.758519689142465,0.22008651260163692
76,CPU_and_Data_Intensive,Completed,9.449232380164357,9.450897863846208,9.450897863846208,10.271672566870588,0.8207747030243802,0.8224401867062306,0.8224401867062312,0.0,STARLINK-32508,1,2,4,0.0016654836818504914,0.3263110108374594,False,8070.897568676939,0.00015177256318021367,8070.897720449502,67106.80170944576,83.8835021368072,N/A,9.449232380164357,10.384096513302143,0.9348641331377863
130,CPU_Intensive,Completed,15.46481848764374,15.466343346119357,15.466343346119357,17.08637161489507,1.6200282687757142,1.6215531272513313,1.6215531272513317,0.0,STARLINK-32508,1,2,3,0.0015248584756170683,0.011540710795533721,False,15929.717782913902,5.36777246303894e-06,15929.717788281674,51177.083926531726,63.971354908164656,N/A,15.46481848764374,17.24213921848926,1.7773207308455206
146,CPU_Intensive,Completed,17.032580293880315,17.034139264983956,17.034139264983956,18.108311837143347,1.0741725721593909,1.0757315432630334,1.075731543263032,0.0,STARLINK-32508,1,2,4,0.0015589711036425502,0.0878971652776423,False,10538.68113142641,4.0882402454717344e-05,10538.681172308812,40638.40279510531,50.79800349388164,N/A,17.032580293880315,18.252395354140695,1.2198150602603803
291,CPU_and_Data_Intensive,Completed,30.835237997025157,30.837944834514634,30.837944834514634,31.76832191532043,0.9303770808057976,0.9330839182952739,0.9330839182952744,0.0,STARLINK-32508,1,2,4,0.002706837489476311,2.6572391513593576,False,9138.183708356157,0.0012359251866787709,9138.184944281344,31500.217850823938,39.375272313529926,N/A,30.835237997025157,31.892013893563284,1.0567758965381273
343,CPU_and_Data_Intensive,Completed,36.303080063103415,36.3049253899128,36.3049253899128,36.36121505081955,0.05628966090674936,0.05813498771613408,0.05813498771613723,0.0,STARLINK-32508,1,2,4,0.0018453268093847179,0.7288652664412619,False,550.2795242579535,0.0003390071006703544,550.2798632650542,30949.93798755771,38.68742248444714,N/A,36.303080063103415,36.632784287943934,0.3297042248405191
352,CPU_Intensive,Completed,37.57084167555062,37.57237043082433,37.57237043082433,37.60618658155713,0.03381615073280386,0.0353449060065168,0.03534490600651452,0.0,STARLINK-32508,1,2,3,0.0015287552737129437,0.020263160622952837,False,326.61418026100637,9.424725871140855e-06,326.61418968573224,30623.32380729645,38.27915475912056,N/A,37.57084167555062,37.746467277784504,0.175625602233886
356,CPU_and_Data_Intensive,Completed,37.87035711282851,37.8806144826272,37.8806144826272,38.13596943980346,0.2553549571762588,0.2656123269749503,0.26561232697495285,0.0,STARLINK-32508,1,2,4,0.010257369798691494,19.558073533090848,False,2421.970508837846,0.009096778387484116,2421.9796056162336,28201.344201680207,35.25168025210026,N/A,37.87035711282851,38.25423294815389,0.3838758353253837
370,CPU_Intensive,Completed,39.79574030850363,39.79728926252364,39.79728926252364,40.00093912153748,0.20364985901383648,0.20519881303384582,0.2051988130338458,0.0,STARLINK-32508,1,2,3,0.001548954020009354,0.06547529294607447,False,1983.6215394554984,3.0453624626081152e-05,1983.621569909123,26217.722662217908,32.772153327772386,N/A,39.79574030850363,40.167172227790054,0.3714319192864224
379,Generic_Service,Completed,40.42973409455544,40.43126456500163,40.43126456500163,40.499146416098945,0.0678818510973187,0.0694123215434998,0.06941232154350274,0.0,STARLINK-32508,1,2,3,0.0015304704461810926,0.0241023397209498,False,660.5220691472986,1.1210390567883629e-05,660.5220803576891,25557.200593070585,31.94650074133823,N/A,40.42973409455544,40.78088206159073,0.3511479670352884
385,CPU_and_Data_Intensive,Completed,40.870867537428,40.873119459088024,40.873119459088024,41.17793077981267,0.3048113207246459,0.30706324238467086,0.30706324238467175,0.0,STARLINK-32508,1,2,4,0.00225192166002495,1.6389722562158255,False,2990.3483179890463,0.0007623126773096863,2990.3490803017235,22566.85151276885,28.208564390961065,N/A,40.870867537428,41.28548739154979,0.4146198541217956
415,CPU_and_Data_Intensive,Completed,43.28643568916361,43.29593507131004,43.29593507131004,43.603164942900605,0.3072298715905646,0.3167292537369919,0.31672925373699456,0.0,STARLINK-32508,1,2,4,0.009499382146427338,17.86142179389108,False,2939.9260469131827,0.00830763804367027,2939.9343545512265,19626.917158217057,24.53364644777132,N/A,43.28643568916361,43.70504006689625,0.4186043777326418
418,CPU_and_Data_Intensive,Completed,43.590313392115284,43.592570076667705,43.592570076667705,43.99535370956328,0.40278363289557717,0.4050403174479994,0.4050403174479982,0.0,STARLINK-32508,1,2,5,0.0022566845524222023,1.6496333397378076,False,3953.865721712928,0.0007672713208082826,3953.866488984249,15673.050669225457,19.591313336531822,N/A,43.590313392115284,44.11024043712541,0.5199270450101281
462,Generic_Service,Completed,47.31885243081191,47.32038164525479,47.32038164525479,47.41693867042765,0.09655702517285647,0.09808623961574103,0.09808623961573915,0.0,STARLINK-32508,1,2,3,0.0015292144428845566,0.021290948043073313,False,943.3732722541529,9.902766531662006e-06,943.3732821569195,14729.677396970637,18.412096746213297,N/A,47.31885243081191,47.64967208061266,0.33081964980075185
470,CPU_and_Data_Intensive,Completed,48.25331985452346,48.2624080456566,48.2624080456566,48.67241566820984,0.41000762255323764,0.41909581368637455,0.4190958136863756,0.0,STARLINK-32508,1,2,4,0.009088191133136933,16.941026922340647,False,3954.9644343726195,0.007879547405739836,3954.972313920025,10774.705083050605,13.468381353813255,N/A,48.25331985452346,48.86803634276979,0.6147164882463301
499,CPU_and_Data_Intensive,Completed,51.95889200168199,51.960824779925034,51.960824779925034,52.27761166673165,0.31678688680661793,0.31871966504966004,0.3187196650496631,0.0,STARLINK-32508,1,2,4,0.0019327782430420908,0.9246133456706405,False,3111.3968526784793,0.000430052718916577,3111.397282731198,7663.307800312089,9.57913475039011,N/A,51.95889200168199,52.49339096039641,0.5344989587144227
534,CPU_Intensive,Completed,54.92397137937351,54.925513959589935,54.925513959589935,55.49079288826823,0.5652789286782962,0.566821508894716,0.5668215088947193,0.0,STARLINK-32508,1,2,3,0.0015425802164198376,0.051208404939167715,False,5544.4785220967005,2.381786276240359e-05,5544.478545914563,2118.829278215053,2.648536597768816,N/A,54.92397137937351,55.62854405526685,0.7045726758933384
654,CPU_Intensive,Completed,65.59858739956358,65.60014101607767,65.60014101607767,65.79002516851078,0.18988415243310897,0.19143776894719813,0.19143776894719622,0.0,STARLINK-32508,1,2,3,0.0015536165140891602,0.07591164855936486,False,1845.1595256832177,3.530774351598366e-05,1845.1595609909612,273.66975253181886,0.3420871906647736,N/A,65.59858739956358,65.98826686646055,0.38967946689696475
949,Generic_Service,Completed,96.37639496150254,96.3779196176404,96.3779196176404,96.40358395171643,0.025664334076026307,0.027188990213887716,0.027188990213886655,0.0,STARLINK-32508,1,2,3,0.0015246561378614097,0.011087805389991998,False,249.1438985738613,5.15711878604279e-06,249.14390373098007,24.52585395792596,0.030657317447407448,N/A,96.37639496150254,96.55397747962562,0.17758251812307435
386,Generic_Service,Rejected,40.872047725278854,N/A,N/A,N/A,0.019655405316271725,0.0,0.0,0.0,STARLINK-32508,0,N/A,N/A,0.0,0.052723401977854564,False,0.0,0.0,0.0,24.52585395792179,0.03065731744740224,Deadline Exceeded,N/A,N/A,N/A
542,CPU_Intensive,Rejected,55.26793740091133,N/A,N/A,N/A,2.084776322733869,0.0,0.0,0.0,STARLINK-32508,0,N/A,N/A,0.0,0.05113286570563977,False,0.0,0.0,0.0,24.52585395792179,0.03065731744740224,Insufficient Energy for CPU,N/A,N/A,N/A
544,CPU_Intensive,Rejected,55.41686766420708,N/A,N/A,N/A,0.5152748652438297,0.0,0.0,0.0,STARLINK-32508,0,N/A,N/A,0.0,0.028972126444250387,False,0.0,0.0,0.0,24.52585395792179,0.03065731744740224,Insufficient Energy for CPU,N/A,N/A,N/A
545,CPU_and_Data_Intensive,Rejected,55.439013716927214,N/A,N/A,N/A,2.5860777508894346,0.0,0.0,0.0,STARLINK-32508,0,N/A,N/A,0.0,236.92636278692314,False,0.0,0.0,0.0,24.52585395792179,0.03065731744740224,Insufficient Energy for CPU+NET,N/A,N/A,N/A
626,CPU_Intensive,Rejected,63.16261443635495,N/A,N/A,N/A,0.7288860892464203,0.0,0.0,0.0,STARLINK-32508,0,N/A,N/A,0.0,0.025290369955900817,False,0.0,0.0,0.0,24.52585395792179,0.03065731744740224,Insufficient Energy for CPU,N/A,N/A,N/A
628,CPU_and_Data_Intensive,Rejected,63.447616284068246,N/A,N/A,N/A,0.4392130430480768,0.0,0.0,0.0,STARLINK-32508,0,N/A,N/A,0.0,18.96120368571494,False,0.0,0.0,0.0,24.52585395792179,0.03065731744740224,Insufficient Energy for CPU+NET,N/A,N/A,N/A
630,CPU_and_Data_Intensive,Rejected,63.533913049818615,N/A,N/A,N/A,0.4874200172187896,0.0,0.0,0.0,STARLINK-32508,0,N/A,N/A,0.0,1.775566965059939,False,0.0,0.0,0.0,24.52585395792179,0.03065731744740224,Insufficient Energy for CPU+NET,N/A,N/A,N/A
631,CPU_and_Data_Intensive,Rejected,63.57111261689425,N/A,N/A,N/A,0.7539454344027333,0.0,0.0,0.0,STARLINK-32508,0,N/A,N/A,0.0,23.633417435924223,False,0.0,0.0,0.0,24.52585395792179,0.03065731744740224,Insufficient Energy for CPU+NET,N/A,N/A,N/A
633,CPU_Intensive,Rejected,63.63119746064453,N/A,N/A,N/A,0.5110734005163206,0.0,0.0,0.0,STARLINK-32508,0,N/A,N/A,0.0,0.02684768366541556,False,0.0,0.0,0.0,24.52585395792179,0.03065731744740224,Insufficient Energy for CPU,N/A,N/A,N/A
632,CPU_and_Data_Intensive,Rejected,63.58318601392649,N/A,N/A,N/A,0.6194212528337449,0.0,0.0,0.0,STARLINK-32508,0,N/A,N/A,0.0,155.7059752700478,False,0.0,0.0,0.0,24.52585395792179,0.03065731744740224,Insufficient Energy for CPU+NET,N/A,N/A,N/A
635,CPU_Intensive,Rejected,63.85203573040356,N/A,N/A,N/A,0.5593850176291525,0.0,0.0,0.0,STARLINK-32508,0,N/A,N/A,0.0,0.015060340819340344,False,0.0,0.0,0.0,24.52585395792179,0.03065731744740224,Insufficient Energy for CPU,N/A,N/A,N/A
639,CPU_Intensive,Rejected,63.96095693582972,N/A,N/A,N/A,0.700053627528413,0.0,0.0,0.0,STARLINK-32508,0,N/A,N/A,0.0,0.08013322547040837,False,0.0,0.0,0.0,24.52585395792179,0.03065731744740224,Insufficient Energy for CPU,N/A,N/A,N/A
640,CPU_and_Data_Intensive,Rejected,64.0855324985703,N/A,N/A,N/A,0.6653828705813674,0.0,0.0,0.0,STARLINK-32508,0,N/A,N/A,0.0,1.1631972961676067,False,0.0,0.0,0.0,24.52585395792179,0.03065731744740224,Insufficient Energy for CPU+NET,N/A,N/A,N/A
641,CPU_Intensive,Rejected,64.13273597105258,N/A,N/A,N/A,0.656023318388302,0.0,0.0,0.0,STARLINK-32508,0,N/A,N/A,0.0,0.023928110285210358,False,0.0,0.0,0.0,24.52585395792179,0.03065731744740224,Insufficient Energy for CPU,N/A,N/A,N/A
643,CPU_Intensive,Rejected,64.30356915263981,N/A,N/A,N/A,0.5759450000492502,0.0,0.0,0.0,STARLINK-32508,0,N/A,N/A,0.0,0.022172717988355975,False,0.0,0.0,0.0,24.52585395792179,0.03065731744740224,Insufficient Energy for CPU,N/A,N/A,N/A
644,CPU_Intensive,Rejected,64.37489888730744,N/A,N/A,N/A,0.47096364654895323,0.0,0.0,0.0,STARLINK-32508,0,N/A,N/A,0.0,0.04813269327729953,False,0.0,0.0,0.0,24.52585395792179,0.03065731744740224,Insufficient Energy for CPU,N/A,N/A,N/A
651,CPU_and_Data_Intensive,Rejected,65.19778310185347,N/A,N/A,N/A,0.4937751640427987,0.0,0.0,0.0,STARLINK-32508,0,N/A,N/A,0.0,15.002513221813292,False,0.0,0.0,0.0,24.52585395792179,0.03065731744740224,Insufficient Energy for CPU+NET,N/A,N/A,N/A
652,CPU_Intensive,Rejected,65.23955997471812,N/A,N/A,N/A,0.33919432386946186,0.0,0.0,0.0,STARLINK-32508,0,N/A,N/A,0.0,0.038567032340837006,False,0.0,0.0,0.0,24.52585395792179,0.03065731744740224,Insufficient Energy for CPU,N/A,N/A,N/A
653,CPU_Intensive,Rejected,65.50706261301869,N/A,N/A,N/A,1.987114774579873,0.0,0.0,0.0,STARLINK-32508,0,N/A,N/A,0.0,0.06521182604212689,False,0.0,0.0,0.0,24.52585395792179,0.03065731744740224,Insufficient Energy for CPU,N/A,N/A,N/A
926,CPU_and_Data_Intensive,Rejected,93.72571608481955,N/A,N/A,N/A,0.05953168184128796,0.0,0.0,0.0,STARLINK-32508,0,N/A,N/A,0.0,1.308622439244556,False,0.0,0.0,0.0,24.52585395792179,0.03065731744740224,Insufficient Energy for CPU+NET,N/A,N/A,N/A
930,CPU_and_Data_Intensive,Rejected,94.44246592525886,N/A,N/A,N/A,0.27117531936271766,0.0,0.0,0.0,STARLINK-32508,0,N/A,N/A,0.0,12.488356464073785,False,0.0,0.0,0.0,24.52585395792179,0.03065731744740224,Insufficient Energy for CPU+NET,N/A,N/A,N/A
931,Generic_Service,Rejected,94.48110399178192,N/A,N/A,N/A,0.1423711333608658,0.0,0.0,0.0,STARLINK-32508,0,N/A,N/A,0.0,0.034817731403423084,False,0.0,0.0,0.0,24.52585395792179,0.03065731744740224,Insufficient Energy for CPU,N/A,N/A,N/A
933,Generic_Service,Rejected,94.74505203732575,N/A,N/A,N/A,0.05886463411845945,0.0,0.0,0.0,STARLINK-32508,0,N/A,N/A,0.0,0.04586647238969093,False,0.0,0.0,0.0,24.52585395792179,0.03065731744740224,Insufficient Energy for CPU,N/A,N/A,N/A
934,CPU_and_Data_Intensive,Rejected,94.86846635521093,N/A,N/A,N/A,0.09139690875441359,0.0,0.0,0.0,STARLINK-32508,0,N/A,N/A,0.0,1.42551731059204,False,0.0,0.0,0.0,24.52585395792179,0.03065731744740224,Insufficient Energy for CPU+NET,N/A,N/A,N/A
935,CPU_and_Data_Intensive,Rejected,95.1111781461584,N/A,N/A,N/A,0.12562847464814064,0.0,0.0,0.0,STARLINK-32508,0,N/A,N/A,0.0,0.8478967068394909,False,0.0,0.0,0.0,24.52585395792179,0.03065731744740224,Insufficient Energy for CPU+NET,N/A,N/A,N/A
936,Generic_Service,Rejected,95.15763483512568,N/A,N/A,N/A,0.11756726521191274,0.0,0.0,0.0,STARLINK-32508,0,N/A,N/A,0.0,0.03920455950257127,False,0.0,0.0,0.0,24.52585395792179,0.03065731744740224,Insufficient Energy for CPU,N/A,N/A,N/A
939,CPU_Intensive,Rejected,95.402668218978,N/A,N/A,N/A,0.11419405165772477,0.0,0.0,0.0,STARLINK-32508,0,N/A,N/A,0.0,0.03239745364324899,False,0.0,0.0,0.0,24.52585395792179,0.03065731744740224,Insufficient Energy for CPU,N/A,N/A,N/A
942,CPU_Intensive,Rejected,95.44602156735384,N/A,N/A,N/A,0.05427462739221064,0.0,0.0,0.0,STARLINK-32508,0,N/A,N/A,0.0,0.012870201991985427,False,0.0,0.0,0.0,24.52585395792179,0.03065731744740224,Insufficient Energy for CPU,N/A,N/A,N/A
943,Generic_Service,Rejected,95.45685016393851,N/A,N/A,N/A,0.0366111566810862,0.0,0.0,0.0,STARLINK-32508,0,N/A,N/A,0.0,0.015082336081932622,False,0.0,0.0,0.0,24.52585395792179,0.03065731744740224,Insufficient Energy for CPU,N/A,N/A,N/A
944,CPU_and_Data_Intensive,Rejected,95.66764019834352,N/A,N/A,N/A,0.08580803507810202,0.0,0.0,0.0,STARLINK-32508,0,N/A,N/A,0.0,0.5897520978631475,False,0.0,0.0,0.0,24.52585395792179,0.03065731744740224,Insufficient Energy for CPU+NET,N/A,N/A,N/A
947,Generic_Service,Rejected,96.00167019376275,N/A,N/A,N/A,0.051358858347060866,0.0,0.0,0.0,STARLINK-32508,0,N/A,N/A,0.0,0.05267916665149823,False,0.0,0.0,0.0,24.52585395792179,0.03065731744740224,Insufficient Energy for CPU,N/A,N/A,N/A
948,CPU_Intensive,Rejected,96.20416718754632,N/A,N/A,N/A,0.0633649778385214,0.0,0.0,0.0,STARLINK-32508,0,N/A,N/A,0.0,0.0679170379425708,False,0.0,0.0,0.0,24.52585395792179,0.03065731744740224,Insufficient Energy for CPU,N/A,N/A,N/A
15000,Batch,Completed,0,0,0.0,0.001878351733384749,0.001878351733384749,0.001878351733384749,0.001878351733384749,0.0,STARLINK-33959,0,N/A,0,0.0,4.03845622677721,False,0.0,0.001878351733384749,0.001878351733384749,80000,100.0,N/A,N/A,N/A,N/A
16000,Batch,Completed,0,0,0.0,0.0038038981184261543,0.0038038981184261543,0.0038038981184261543,0.0038038981184261543,0.0,STARLINK-33959,0,N/A,0,0.0,8.178380954616232,False,0.0,0.0038038981184261543,0.0038038981184261543,79999.99812164827,99.99999765206033,N/A,N/A,N/A,N/A
5,CPU_and_Data_Intensive,Completed,1.2482569816529492,1.2493496622820812,1.2493496622820812,1.6651268021543462,0.41577713987226494,0.41686982050139687,0.416869820501397,0.0,STARLINK-33959,1,2,4,0.0010926806291319461,1.9698145519242098,False,4080.19333198858,0.0009161928148484696,4080.194248181395,75919.80006956875,94.89975008696095,N/A,1.2482569816529492,1.8072858200483377,0.5590288383953885
65,CPU_and_Data_Intensive,Completed,8.135128855834088,8.136450295135203,8.136450295135203,8.455373657977486,0.3189233628422823,0.32024480214339757,0.3202448021433977,0.0,STARLINK-33959,1,2,4,0.0013214393011152755,0.6888848069064142,False,3133.487609966108,0.0003204115380960066,3133.487930377646,72786.31213919037,90.98289017398797,N/A,8.135128855834088,8.561666845967531,0.4265379901334434
83,CPU_and_Data_Intensive,Completed,9.93310609223981,9.938426949173795,9.938426949173795,10.044652521025867,0.10622557185207171,0.11154642878605811,0.11154642878605792,0.0,STARLINK-33959,1,2,4,0.005320856933986406,11.426614702260448,False,992.4671169069798,0.005314704512679278,992.4724316114924,71793.83970757866,89.74229963447333,N/A,9.93310609223981,10.182576806116154,0.24947071387634523
91,Generic_Service,Completed,10.863799207616085,10.864878416854062,10.864878416854062,10.889319432606628,0.02444101575256674,0.02552022499054426,0.02552022499054374,0.0,STARLINK-33959,1,2,3,0.0010792092379775164,0.03853987440168182,False,229.0236375640933,1.792552297752643e-05,229.02365548961626,71564.81607001052,89.45602008751315,N/A,10.863799207616085,11.19423421736602,0.33043500974993556
95,CPU_and_Data_Intensive,Completed,11.26539704924109,11.26699118476987,11.26699118476987,11.423360061255464,0.15636887648559394,0.15796301201437313,0.15796301201437402,0.0,STARLINK-33959,1,2,4,0.001594135528779189,1.4210260096832295,False,1531.401013243821,0.000660942330085223,1531.401674186151,70033.41439582435,87.54176799478044,N/A,11.26539704924109,11.59852876958593,0.3331317203448396
105,CPU_and_Data_Intensive,Completed,12.187947609997325,12.189054887850395,12.189054887850395,14.294276631407083,2.1052217435566885,2.1063290214097585,2.106329021409758,0.0,STARLINK-33959,1,2,4,0.0011072778530698602,0.11389914794218486,False,20704.51708602791,5.297634788008598e-05,20704.51713900426,49328.897256819495,61.66112157102437,N/A,12.187947609997325,14.424605311449621,2.2366577014522964
121,CPU_Intensive,Completed,14.2339662257507,14.235049233681044,14.235049233681044,14.68499370788689,0.4499444742058465,0.4510274821361903,0.45102748213619037,0.0,STARLINK-33959,1,2,4,0.0010830079303438458,0.04873869241206945,False,4410.881883822556,2.266915926142765e-05,4410.881906491715,44918.01537299689,56.14751921624611,N/A,14.2339662257507,14.827771839259634,0.593805613508934
254,Generic_Service,Completed,26.86121337749068,26.86230157126966,26.86230157126966,26.927892263975927,0.06559069270626594,0.06667888648524439,0.06667888648524567,0.0,STARLINK-33959,1,2,3,0.0010881937789784517,0.06266177997834983,False,626.626694473196,2.9145013943418526e-05,626.62672361821,44291.38867852367,55.364235848154586,N/A,26.86121337749068,27.053663947240874,0.1924505697501928
258,CPU_and_Data_Intensive,Completed,27.22079264687005,27.228089315003253,27.228089315003253,27.316973935946425,0.08888462094317262,0.09618128907637699,0.09618128907637669,0.0,STARLINK-33959,1,2,4,0.007296668133204372,16.731318768934166,False,797.6512127913504,0.007782008729736821,797.6589948000801,43493.72968372356,54.367162104654454,N/A,27.22079264687005,27.458402058552295,0.23760941168224647
268,Generic_Service,Completed,27.87117798204703,27.872256566811995,27.872256566811995,27.966293391555077,0.09403682474308184,0.09511540950804595,0.09511540950804687,0.0,STARLINK-33959,1,2,4,0.0010785847649641116,0.03686327466631889,False,913.9984586455737,1.7145709147125065e-05,913.9984757912829,42579.73122507185,53.22466403133982,N/A,27.87117798204703,28.162847029513454,0.2916690474664243
267,CPU_and_Data_Intensive,Completed,27.84847395985623,27.93454596271231,27.93454596271231,28.70177075369483,0.7672247909825209,0.8532967938386027,0.8532967938386022,0.0,STARLINK-33959,1,2,6,0.08607200285608173,228.22917778675395,False,6501.697256342965,0.10615310594732742,6501.803409448913,36077.92781562293,45.09740976952866,N/A,27.84847395985623,28.863911962252658,1.0154380023964293
259,CPU_Intensive,Completed,27.284149544641632,27.28522254876665,27.28522254876665,28.88628382839798,1.6010612796313275,1.602134283756346,1.602134283756346,0.0,STARLINK-33959,1,2,4,0.0010730041250184244,0.021880242164911044,False,15740.12923431399,1.0176856820888857e-05,15740.129244490847,20337.798581230923,25.422248226538652,N/A,27.284149544641632,29.066685334932046,1.7825357902904138
430,CPU_Intensive,Completed,45.25304714606909,45.254117704579336,45.254117704579336,46.2738472067855,1.019729502206161,1.0208000607164067,1.0208000607164038,0.0,STARLINK-33959,1,2,3,0.0010705585102456605,0.015314198488403312,False,10024.615573862971,7.122883017862006e-06,10024.615580985854,10313.183007367945,12.891478759209932,N/A,45.25304714606909,46.42564170439395,1.1725945583248603
505,Generic_Service,Completed,52.27648871569816,52.27757216482528,52.27757216482528,52.2914303874555,0.013858222630219075,0.014941671757341983,0.014941671757341624,0.0,STARLINK-33959,1,2,3,0.0010834491271229083,0.049923227831760696,False,121.5868179974228,2.322010596826079e-05,121.58684121752877,10191.596189370517,12.739495236713147,N/A,52.27648871569816,52.39339096037881,0.11690224468065225
510,CPU_Intensive,Completed,52.53854090162832,52.53963097786102,52.53963097786102,52.55795466110316,0.01832368324213718,0.019413759474839608,0.019413759474836922,0.0,STARLINK-33959,1,2,3,0.0010900762327024278,0.06771583571447125,False,160.26237422356908,3.1495737541614535e-05,160.26240571930663,10031.333815146927,12.53916726893366,N/A,52.53854090162832,52.799543158158045,0.2610022565297214
511,CPU_and_Data_Intensive,Completed,52.59241115803862,52.59732312353169,52.59732312353169,52.83438101401487,0.23705789048318593,0.24196985597625006,0.24196985597625087,0.0,STARLINK-33959,1,2,4,0.004911965493064134,10.328813409127292,False,2284.2361446630516,0.004804099260059206,2284.2409487623117,7747.092866384594,9.683866082980742,N/A,52.59241115803862,53.00270968963491,0.4102985315962897
533,CPU_and_Data_Intensive,Completed,54.56100935675179,54.56875711222171,54.56875711222171,54.78958904489267,0.22083193267096135,0.22857968814088447,0.2285796881408828,0.0,STARLINK-33959,1,2,4,0.007747755469923109,17.94240858888458,False,2089.824366746828,0.008345306320411432,2089.8327120531485,5657.260154327737,7.071575192909671,N/A,54.56100935675179,54.92345986636398,0.36245050961218794
553,CPU_Intensive,Completed,56.09458238130567,56.09567180701103,56.09567180701103,56.62224440551856,0.5265725985075278,0.5276620242128839,0.5276620242128871,0.0,STARLINK-33959,1,2,3,0.0010894257053560596,0.06596928469728512,False,5159.44908438277,3.06833882312954e-05,5159.449115066158,497.81106993937556,0.6222638374242194,N/A,56.09458238130567,56.73675475424178,0.6421723729361091
910,Generic_Service,Completed,92.37013162407466,92.37120449442564,92.37120449442564,92.41522922165326,0.04402472722762241,0.04509759757861023,0.045097597578603654,0.0,STARLINK-33959,1,2,3,0.0010728703509878257,0.021521082522322897,False,426.64576415253646,1.000980582433623e-05,426.64577416234226,71.1653057868179,0.08895663223352236,N/A,92.37013162407466,92.54681811608772,0.17668649201306152
549,CPU_Intensive,Rejected,55.7478526101188,N/A,N/A,N/A,0.9706365233210487,0.0,0.0,0.0,STARLINK-33959,0,N/A,N/A,0.0,0.021763323722548168,False,0.0,0.0,0.0,71.1653057868103,0.08895663223351287,Insufficient Energy for CPU,N/A,N/A,N/A
880,CPU_and_Data_Intensive,Rejected,89.39738251862394,N/A,N/A,N/A,0.12012369556798325,0.0,0.0,0.0,STARLINK-33959,0,N/A,N/A,0.0,1.9787671846516166,False,0.0,0.0,0.0,71.1653057868103,0.08895663223351287,Insufficient Energy for CPU+NET,N/A,N/A,N/A
881,CPU_Intensive,Rejected,89.59441361505887,N/A,N/A,N/A,0.2114581168689254,0.0,0.0,0.0,STARLINK-33959,0,N/A,N/A,0.0,0.025819954651673027,False,0.0,0.0,0.0,71.1653057868103,0.08895663223351287,Insufficient Energy for CPU,N/A,N/A,N/A
885,CPU_and_Data_Intensive,Rejected,90.0251579120903,N/A,N/A,N/A,0.3435088913945379,0.0,0.0,0.0,STARLINK-33959,0,N/A,N/A,0.0,1.2248243836545936,False,0.0,0.0,0.0,71.1653057868103,0.08895663223351287,Insufficient Energy for CPU+NET,N/A,N/A,N/A
886,CPU_Intensive,Rejected,90.03225827459089,N/A,N/A,N/A,0.32622867918533976,0.0,0.0,0.0,STARLINK-33959,0,N/A,N/A,0.0,0.05196372753186859,False,0.0,0.0,0.0,71.1653057868103,0.08895663223351287,Insufficient Energy for CPU,N/A,N/A,N/A
887,CPU_and_Data_Intensive,Rejected,90.03707088472815,N/A,N/A,N/A,0.3172309265078962,0.0,0.0,0.0,STARLINK-33959,0,N/A,N/A,0.0,1.5487981331303744,False,0.0,0.0,0.0,71.1653057868103,0.08895663223351287,Insufficient Energy for CPU+NET,N/A,N/A,N/A
889,CPU_and_Data_Intensive,Rejected,90.31172668488244,N/A,N/A,N/A,0.38935877149513487,0.0,0.0,0.0,STARLINK-33959,0,N/A,N/A,0.0,1.7783922531107677,False,0.0,0.0,0.0,71.1653057868103,0.08895663223351287,Insufficient Energy for CPU+NET,N/A,N/A,N/A
893,CPU_Intensive,Rejected,90.76834367978142,N/A,N/A,N/A,0.09966920160595084,0.0,0.0,0.0,STARLINK-33959,0,N/A,N/A,0.0,0.03859857061580437,False,0.0,0.0,0.0,71.1653057868103,0.08895663223351287,Insufficient Energy for CPU,N/A,N/A,N/A
894,CPU_Intensive,Rejected,90.9966762942511,N/A,N/A,N/A,0.2694469761362926,0.0,0.0,0.0,STARLINK-33959,0,N/A,N/A,0.0,0.03645417358032429,False,0.0,0.0,0.0,71.1653057868103,0.08895663223351287,Insufficient Energy for CPU,N/A,N/A,N/A
895,CPU_and_Data_Intensive,Rejected,91.01093715677771,N/A,N/A,N/A,0.10932275152656448,0.0,0.0,0.0,STARLINK-33959,0,N/A,N/A,0.0,18.174310580010253,False,0.0,0.0,0.0,71.1653057868103,0.08895663223351287,Insufficient Energy for CPU+NET,N/A,N/A,N/A
897,Generic_Service,Rejected,91.11925778571606,N/A,N/A,N/A,0.1430596056330871,0.0,0.0,0.0,STARLINK-33959,0,N/A,N/A,0.0,0.04173978758170498,False,0.0,0.0,0.0,71.1653057868103,0.08895663223351287,Insufficient Energy for CPU,N/A,N/A,N/A
899,CPU_and_Data_Intensive,Rejected,91.31709541383455,N/A,N/A,N/A,0.16688037445987602,0.0,0.0,0.0,STARLINK-33959,0,N/A,N/A,0.0,0.35059720938231265,False,0.0,0.0,0.0,71.1653057868103,0.08895663223351287,Insufficient Energy for CPU+NET,N/A,N/A,N/A
900,CPU_Intensive,Rejected,91.35356074860394,N/A,N/A,N/A,0.09308404499724161,0.0,0.0,0.0,STARLINK-33959,0,N/A,N/A,0.0,0.07432895583272338,False,0.0,0.0,0.0,71.1653057868103,0.08895663223351287,Insufficient Energy for CPU,N/A,N/A,N/A
903,CPU_Intensive,Rejected,91.68006380201945,N/A,N/A,N/A,0.05896981845217512,0.0,0.0,0.0,STARLINK-33959,0,N/A,N/A,0.0,0.0815473766224108,False,0.0,0.0,0.0,71.1653057868103,0.08895663223351287,Insufficient Energy for CPU,N/A,N/A,N/A
904,CPU_and_Data_Intensive,Rejected,91.89986069807271,N/A,N/A,N/A,0.05291327796487178,0.0,0.0,0.0,STARLINK-33959,0,N/A,N/A,0.0,1.8317880660881884,False,0.0,0.0,0.0,71.1653057868103,0.08895663223351287,Insufficient Energy for CPU+NET,N/A,N/A,N/A
909,CPU_Intensive,Rejected,92.2976297551758,N/A,N/A,N/A,0.26744308617700197,0.0,0.0,0.0,STARLINK-33959,0,N/A,N/A,0.0,0.05830765748480315,False,0.0,0.0,0.0,71.1653057868103,0.08895663223351287,Insufficient Energy for CPU,N/A,N/A,N/A
986,Generic_Service,Rejected,100.52666013919142,N/A,N/A,N/A,0.010760830629750508,0.0,0.0,0.0,STARLINK-33959,0,N/A,N/A,0.0,0.04618367526985511,False,0.0,0.0,0.0,71.1653057868103,0.08895663223351287,Insufficient Energy for CPU,N/A,N/A,N/A
1105,Generic_Service,Rejected,112.3146937305884,N/A,N/A,N/A,0.012839790143754186,0.0,0.0,0.0,STARLINK-33959,0,N/A,N/A,0.0,0.04980714048893991,False,0.0,0.0,0.0,71.1653057868103,0.08895663223351287,Insufficient Energy for CPU,N/A,N/A,N/A
1284,Generic_Service,Rejected,130.31647293715656,N/A,N/A,N/A,0.011008668113967664,0.0,0.0,0.0,STARLINK-33959,0,N/A,N/A,0.0,0.05238833495463837,False,0.0,0.0,0.0,71.1653057868103,0.08895663223351287,Insufficient Energy for CPU,N/A,N/A,N/A
1313,Generic_Service,Rejected,132.6548029796384,N/A,N/A,N/A,0.011412946984224091,0.0,0.0,0.0,STARLINK-33959,0,N/A,N/A,0.0,0.023758850270964315,False,0.0,0.0,0.0,71.1653057868103,0.08895663223351287,Insufficient Energy for CPU,N/A,N/A,N/A
1453,Generic_Service,Rejected,147.0489732762883,N/A,N/A,N/A,0.010887942181536192,0.0,0.0,0.0,STARLINK-33959,0,N/A,N/A,0.0,0.07818613959891414,False,0.0,0.0,0.0,71.1653057868103,0.08895663223351287,Insufficient Energy for CPU,N/A,N/A,N/A
1462,CPU_Intensive,Rejected,147.76842180207024,N/A,N/A,N/A,0.01124013562568764,0.0,0.0,0.0,STARLINK-33959,0,N/A,N/A,0.0,0.011169554180734724,False,0.0,0.0,0.0,71.1653057868103,0.08895663223351287,Insufficient Energy for CPU,N/A,N/A,N/A
2210,Generic_Service,Rejected,222.48638917570602,N/A,N/A,N/A,0.011411587067607252,0.0,0.0,0.0,STARLINK-33959,0,N/A,N/A,0.0,0.04627720456792339,False,0.0,0.0,0.0,71.1653057868103,0.08895663223351287,Insufficient Energy for CPU,N/A,N/A,N/A
2235,Generic_Service,Rejected,225.03813619621116,N/A,N/A,N/A,0.012314527393282823,0.0,0.0,0.0,STARLINK-33959,0,N/A,N/A,0.0,0.02801504441007105,False,0.0,0.0,0.0,71.1653057868103,0.08895663223351287,Insufficient Energy for CPU,N/A,N/A,N/A
2238,Generic_Service,Rejected,225.33369241386237,N/A,N/A,N/A,0.012455724490018652,0.0,0.0,0.0,STARLINK-33959,0,N/A,N/A,0.0,0.08326825572195458,False,0.0,0.0,0.0,71.1653057868103,0.08895663223351287,Insufficient Energy for CPU,N/A,N/A,N/A
2243,Generic_Service,Rejected,225.95118972162248,N/A,N/A,N/A,0.012485484732242935,0.0,0.0,0.0,STARLINK-33959,0,N/A,N/A,0.0,0.05900190828739209,False,0.0,0.0,0.0,71.1653057868103,0.08895663223351287,Insufficient Energy for CPU,N/A,N/A,N/A
2355,CPU_and_Data_Intensive,Rejected,238.32537579042125,N/A,N/A,N/A,0.0149275475031265,0.0,0.0,0.0,STARLINK-33959,0,N/A,N/A,0.0,0.7537062160257095,False,0.0,0.0,0.0,71.1653057868103,0.08895663223351287,Insufficient Energy for CPU+NET,N/A,N/A,N/A
2517,CPU_Intensive,Rejected,252.01199562580157,N/A,N/A,N/A,0.012945089511684639,0.0,0.0,0.0,STARLINK-33959,0,N/A,N/A,0.0,0.07649771209584913,False,0.0,0.0,0.0,71.1653057868103,0.08895663223351287,Insufficient Energy for CPU,N/A,N/A,N/A
2609,Generic_Service,Rejected,261.1631102744149,N/A,N/A,N/A,0.012434673533931956,0.0,0.0,0.0,STARLINK-33959,0,N/A,N/A,0.0,0.01862316533428738,False,0.0,0.0,0.0,71.1653057868103,0.08895663223351287,Insufficient Energy for CPU,N/A,N/A,N/A
2670,Generic_Service,Rejected,266.93139700101307,N/A,N/A,N/A,0.012417168057988748,0.0,0.0,0.0,STARLINK-33959,0,N/A,N/A,0.0,0.02767793033765062,False,0.0,0.0,0.0,71.1653057868103,0.08895663223351287,Insufficient Energy for CPU,N/A,N/A,N/A
2774,Generic_Service,Rejected,277.3986849299798,N/A,N/A,N/A,0.010926809064439205,0.0,0.0,0.0,STARLINK-33959,0,N/A,N/A,0.0,0.061849693074972886,False,0.0,0.0,0.0,71.1653057868103,0.08895663223351287,Insufficient Energy for CPU,N/A,N/A,N/A
2846,Generic_Service,Rejected,283.4116940337083,N/A,N/A,N/A,0.01211549122144693,0.0,0.0,0.0,STARLINK-33959,0,N/A,N/A,0.0,0.0797767207102797,False,0.0,0.0,0.0,71.1653057868103,0.08895663223351287,Insufficient Energy for CPU,N/A,N/A,N/A
17000,Batch,Completed,0,0,0.0,0.1010400562066478,0.1010400562066478,0.1010400562066478,0.1010400562066478,0.0,STARLINK-30236,0,N/A,0,0.0,217.23612084429277,False,0.0,0.1010400562066478,0.1010400562066478,80000,100.0,N/A,N/A,N/A,N/A
19000,Batch,Completed,0,0,0.0,0.17214622305470167,0.17214622305470167,0.17214622305470167,0.17214622305470167,0.0,STARLINK-30236,0,N/A,0,0.0,370.1143795676086,False,0.0,0.17214622305470167,0.17214622305470167,79999.89895994379,99.99987369992974,N/A,N/A,N/A,N/A
18000,Batch,Completed,0,0,0.0,0.2126597393462267,0.2126597393462267,0.2126597393462267,0.2126597393462267,0.0,STARLINK-30236,0,N/A,0,0.0,457.2184395943874,False,0.0,0.2126597393462267,0.2126597393462267,79999.72681372074,99.99965851715092,N/A,N/A,N/A,N/A
25,CPU_Intensive,Completed,3.579409179449818,3.5805224163862146,3.5805224163862146,3.8577805068133517,0.2772580904271371,0.27837132736353365,0.27837132736353354,0.0,STARLINK-30236,1,2,4,0.0011132369363965576,0.042062435229985345,False,2714.463524114795,1.9563923362783883e-05,2714.463543678718,77285.0506298666,96.60631328733325,N/A,3.579409179449818,4.024628944364907,0.44521976491508886
44,CPU_Intensive,Completed,5.591590704414271,5.5927088512293945,5.5927088512293945,6.7701691683731,1.177460317143705,1.178578463958829,1.1785784639588286,0.0,STARLINK-30236,1,2,4,0.0011181468151239761,0.055917991983953294,False,11563.947787509405,2.6008368364629438e-05,11563.947813517774,65721.10284235718,82.15137855294648,N/A,5.591590704414271,6.955036056768507,1.363445352354236
56,CPU_and_Data_Intensive,Completed,6.6539283887106615,6.663563887555477,6.663563887555477,8.370652802937613,1.707088915382136,1.716724414226951,1.7167244142269515,0.0,STARLINK-30236,1,2,6,0.00963549884481518,24.09167549081625,False,16679.160899779155,0.011205430460844767,16679.172105209615,49041.93073714754,61.30241342143442,N/A,6.6539283887106615,8.66363159018609,2.0097032014754292
228,CPU_Intensive,Completed,24.294017159510457,24.295130042148333,24.295130042148333,24.627375139886144,0.3322450977378111,0.3333579803756882,0.33335798037568765,0.0,STARLINK-30236,1,2,4,0.0011128826378771113,0.04106261354057773,False,3255.560101570352,1.9098890018873365e-05,3255.5601206692418,45786.37063556921,57.23296329446151,N/A,24.294017159510457,24.826144023372443,0.5321268638619863
245,Generic_Service,Completed,26.062650021479794,26.063777037380405,26.063777037380405,26.121937257274894,0.05816021989448927,0.059287235795101076,0.0592872357951002,0.0,STARLINK-30236,1,2,4,0.0011270159006118016,0.08094633263239215,False,548.1597628234794,3.764945703832193e-05,548.1598004729364,45238.210872745716,56.54776359093214,N/A,26.062650021479794,26.240902819078546,0.178252797598752
249,CPU_and_Data_Intensive,Completed,26.174001739800666,26.175513171808223,26.175513171808223,26.35737847117843,0.18186529937020524,0.183376731377764,0.18337673137776278,0.0,STARLINK-30236,1,2,5,0.0015114320075587607,1.1657591116525494,False,1783.3282476606967,0.0005422135403035114,1783.328789874237,43454.882082871445,54.318602603589305,N/A,26.174001739800666,26.647802869430116,0.4738011296294502
269,CPU_and_Data_Intensive,Completed,27.875104418446195,27.876356035113883,27.876356035113883,27.97847011178553,0.10211407667164707,0.10336569333933483,0.10336569333933454,0.0,STARLINK-30236,1,2,5,0.00125161666768776,0.43256662625958925,False,1002.3220266189335,0.0002011937796556229,1002.3222278127131,42452.55985505833,53.06569981882291,N/A,27.875104418446195,28.262847029533237,0.38774261108704167
277,CPU_Intensive,Completed,28.847478272107285,28.848602216293198,28.848602216293198,29.818546353318006,0.9699441370248074,0.9710680812107223,0.9710680812107206,0.0,STARLINK-30236,1,2,4,0.0011239441859148469,0.07227802946678062,False,9518.187664657084,3.361768812408401e-05,9518.18769827477,32934.37219040111,41.167965238001386,N/A,28.847478272107285,29.97430131430998,1.1268230422026946
341,Generic_Service,Completed,36.27448865427115,36.27560442023232,36.27560442023232,36.322632679301314,0.04702825906899477,0.04814402503016311,0.048144025030161686,0.0,STARLINK-30236,1,2,4,0.0011157659611683354,0.04919928080254016,False,448.0303109217574,2.288338641978612e-05,448.0303338051438,32486.341879479325,40.607927349349154,N/A,36.27448865427115,36.4287289621173,0.15424030784614473
348,CPU_and_Data_Intensive,Completed,37.09738796594675,37.14686206672306,37.14686206672306,37.53279886956421,0.38593680284115095,0.4354109036174608,0.43541090361745916,0.0,STARLINK-30236,1,2,5,0.04947410077630988,136.51522823114303,False,3171.2385723127127,0.06349545499122931,3171.302067767704,29315.03981171161,36.64379976463951,N/A,37.09738796594675,37.644248547677016,0.5468605817302645
365,CPU_and_Data_Intensive,Completed,39.07272219652742,39.07953755481924,39.07953755481924,39.52880710772852,0.4492695529092785,0.4560849112010974,0.4560849112010956,0.0,STARLINK-30236,1,2,5,0.0068153582918189055,16.133308358854606,False,4344.803793979134,0.007503864352955631,4344.8112978434865,24970.228513824917,31.212785642281148,N/A,39.07272219652742,39.664009015111134,0.5912868185837112
393,CPU_and_Data_Intensive,Completed,41.36219989814446,41.36338702197892,41.36338702197892,42.028294293977666,0.664907271998743,0.6660943958332061,0.6660943958332055,0.0,STARLINK-30236,1,2,5,0.001187123834463032,0.25056944046775204,False,6538.274366605164,0.00011654392579895444,6538.27448314909,18431.95403066933,23.039942538336664,N/A,41.36219989814446,42.194232090573244,0.8320321924287839
435,CPU_and_Data_Intensive,Completed,45.6677537567991,45.72662375066732,45.72662375066732,46.14959540152281,0.42297165085548727,0.4818416447237053,0.4818416447237084,0.0,STARLINK-30236,1,2,5,0.058869993868218,163.03020695396623,False,3414.187829228734,0.07582800323440289,3414.2636572319684,15017.690373437286,18.77211296679661,N/A,45.6677537567991,46.322959548947225,0.6552057921481236
469,CPU_Intensive,Completed,48.044755483560756,48.04586849488263,48.04586849488263,48.33512602003194,0.2892575251493099,0.29037053647118577,0.2903705364711868,0.0,STARLINK-30236,1,2,4,0.0011130113218758716,0.041425756613377634,False,2832.666602404137,1.9267793773664017e-05,2832.666621671931,12185.02377097189,15.231279713714862,N/A,48.044755483560756,48.46451366079748,0.41975817723672293
481,CPU_and_Data_Intensive,Completed,50.375237412041265,50.37710316299254,50.37710316299254,50.925630033545836,0.548526870553296,0.5503926215045716,0.5503926215045709,0.0,STARLINK-30236,1,2,5,0.0018657509512755802,2.1656384378483273,False,5384.9026380814275,0.0010072736920224779,5384.90364535512,6800.120125616753,8.500150157020942,N/A,50.375237412041265,51.080225055418126,0.7049876433768603
486,CPU_Intensive,Completed,50.871454197157945,50.87255790813908,50.87255790813908,51.3004000170026,0.4278421088635227,0.4289458198446596,0.42894581984465674,0.0,STARLINK-30236,1,2,5,0.0011037109811369058,0.015180424275459362,False,4203.391233028035,7.060662453702029e-06,4203.391240088697,2596.728892587763,3.2459111157347036,N/A,50.871454197157945,51.48132338795645,0.6098691907985057
659,CPU_and_Data_Intensive,Completed,65.88318377590399,65.88472126358342,65.88472126358342,66.00795494050092,0.12323367691750775,0.12477116459693606,0.12477116459693605,0.0,STARLINK-30236,1,2,5,0.0015374876794283059,1.2392875754688135,False,1206.3448117176238,0.0005764128257994481,1206.3453881304495,1390.383504457307,1.737979380571634,N/A,65.88318377590399,66.18936519852434,0.3061814226203552
766,Generic_Service,Completed,76.58308644278823,76.58421456795868,76.58421456795868,76.6234471552128,0.03923258725411927,0.04036071242457524,0.0403607124245724,0.0,STARLINK-30236,1,2,4,0.001128125170455973,0.08407666479223803,False,361.082497056197,3.910542548476188e-05,361.08253616162244,1029.3010074006975,1.286626259250872,N/A,76.58308644278823,76.82241932970847,0.2393328869202378
783,CPU_Intensive,Completed,79.00554569221275,79.00665346245952,79.00665346245952,79.0612487416313,0.05459527917177809,0.055703049418558775,0.055703049418553974,0.0,STARLINK-30236,1,2,4,0.001107770246780684,0.0266355718726327,False,529.1010608801989,1.2388638080294279e-05,529.101073268837,500.19994652046626,0.6252499331505827,N/A,79.00554569221275,79.22732777234992,0.22178208013717438
917,Generic_Service,Completed,93.21473268689368,93.21585923782804,93.21585923782804,93.24828598636824,0.03242674854020322,0.03355329947456152,0.03355329947456198,0.0,STARLINK-30236,1,2,4,0.0011265509343582963,0.07963420932512053,False,295.4554644579689,3.7039167127963035e-05,295.455501497136,204.7444820624861,0.2559306025781076,N/A,93.21473268689368,93.34992215439955,0.13518946750586736
1034,Generic_Service,Completed,104.87736744945245,104.87849052435598,104.87849052435598,104.89183823121189,0.013347706855910246,0.014470781759448572,0.014470781759442275,0.0,STARLINK-30236,1,2,4,0.0011230749035383266,0.06982493602562485,False,110.70176408332347,3.247671443052319e-05,110.70179656003789,94.04271797913319,0.1175533974739165,N/A,104.87736744945245,105.05806193855278,0.1806944891003326
21000,Batch,Completed,0,0,0.0,0.004310468470841877,0.004310468470841877,0.004310468470841877,0.004310468470841877,0.0,STARLINK-3594,0,N/A,0,0.0,9.267507212310036,False,0.0,0.004310468470841877,0.004310468470841877,80000,100.0,N/A,N/A,N/A,N/A
20000,Batch,Completed,0,0,0.0,0.006138296715836099,0.006138296715836099,0.006138296715836099,0.006138296715836099,0.0,STARLINK-3594,0,N/A,0,0.0,13.197337939047614,False,0.0,0.006138296715836099,0.006138296715836099,79999.99568953153,99.99999461191442,N/A,N/A,N/A,N/A
8,Generic_Service,Completed,1.9360698728685113,1.936795718499756,1.936795718499756,1.9975643157890755,0.06076859728931949,0.06149444292056419,0.06149444292056416,0.0,STARLINK-3594,1,2,3,0.0007258456312447004,0.0828642642958391,False,573.2482570655959,3.854151827713446e-05,573.2482956071142,79426.74129416922,99.28342661771153,N/A,1.9360698728685113,2.107984790298804,0.17191491743029252
22,Generic_Service,Completed,3.3441226803382746,3.344836600574447,3.344836600574447,3.3536706862259815,0.00883408565153454,0.009548005887706813,0.009548005887706879,0.0,STARLINK-3594,1,2,3,0.0007139202361722729,0.04609594112726075,False,73.30171523778266,2.1439972617330583e-05,73.30173667775527,79353.43957893139,99.19179947366423,N/A,3.3441226803382746,3.6180460326348753,0.2739233522966007
33,CPU_and_Data_Intensive,Completed,4.538247492603689,4.539588450283091,4.539588450283091,6.021185306191112,1.4815968559080206,1.482937813587423,1.482937813587423,0.0,STARLINK-3594,1,2,4,0.0013409576794023723,1.9793748984666881,False,14562.57878193656,0.0009206394876589247,14562.579702576048,64790.859876355324,80.98857484544415,N/A,4.538247492603689,6.144636744773176,1.6063892521694871
45,CPU_Intensive,Completed,5.598248056661426,5.598952598732412,5.598952598732412,7.136073864855777,1.537121266123365,1.5378258081943508,1.5378258081943512,0.0,STARLINK-3594,1,2,4,0.0007045420709857973,0.01718122541256737,False,15112.65824248591,7.991267633752266e-06,15112.658250477178,49678.201633868644,62.097752042335806,N/A,5.598248056661426,7.255735026331394,1.6574869696699688
227,CPU_and_Data_Intensive,Completed,24.172538392552777,24.173408743925602,24.173408743925602,24.265131979752383,0.09172323582678032,0.0925935871996061,0.09259358719960531,0.0,STARLINK-3594,1,2,4,0.0008703513728257721,0.5284037012619611,False,899.6888045370986,0.00024576916337765636,899.689050306262,48778.51258356237,60.97314072945296,N/A,24.172538392552777,24.423775021397667,0.2512366288448895
234,CPU_Intensive,Completed,24.579171470964635,24.579889140358215,24.579889140358215,25.066866289069843,0.48697714871162745,0.48769481810520965,0.4876948181052079,0.0,STARLINK-3594,1,2,3,0.0007176693935821918,0.05765532598793433,False,4772.47413586107,2.681643069206248e-05,4772.4741626775,44006.03844770109,55.007548059626366,N/A,24.579171470964635,25.23021533633313,0.6510438653684965
260,CPU_and_Data_Intensive,Completed,27.302629208337304,27.310027270817546,27.310027270817546,27.553109234349865,0.24308196353231892,0.2504800260125593,0.2504800260125606,0.0,STARLINK-3594,1,2,4,0.007398062480240361,20.65461252628176,False,2296.248481255646,0.009606796523851982,2296.2580880521696,41709.7803596489,52.13722544956113,N/A,27.302629208337304,27.659101042222865,0.3564718338855606
283,CPU_Intensive,Completed,29.16072912628545,29.16145553480333,29.16145553480333,29.965127374267283,0.8036718394639522,0.8043982479818321,0.8043982479818332,0.0,STARLINK-3594,1,2,3,0.0007264085178799284,0.08459975377737318,False,7879.254596430159,3.934872268715031e-05,7879.2546357788815,33830.525763211415,42.28815720401427,N/A,29.16072912628545,30.175000283898886,1.014271157613436
327,Generic_Service,Completed,35.10255176592845,35.10327009837298,35.10327009837298,35.115753833882216,0.012483735509235316,0.013202067953766654,0.013202067953763219,0.0,STARLINK-3594,1,2,3,0.0007183324445313369,0.05969964162086179,False,105.18797388944542,2.7767275172493854e-05,105.18800165672059,33725.337789321944,42.15667223665243,N/A,35.10255176592845,35.315592614963265,0.21304084903481169
334,CPU_and_Data_Intensive,Completed,35.63075663532503,35.63223675321027,35.63223675321027,35.86685606511345,0.23461931190318097,0.2360994297884242,0.2360994297884247,0.0,STARLINK-3594,1,2,4,0.0014801178852432155,2.4084330042557545,False,2296.4839676254214,0.0011202013973282579,2296.485087826819,31428.852701495107,39.28606587686888,N/A,35.63075663532503,36.02098762589896,0.39023099057393296
350,Generic_Service,Completed,37.27129188864391,37.27200459750498,37.27200459750498,37.33315035778778,0.06114576028279828,0.061858469143870574,0.061858469143871275,0.0,STARLINK-3594,1,2,3,0.0007127088610722946,0.042361034997622025,False,588.8920634980741,1.9702806975638153e-05,588.8920832008811,30839.96063799607,38.54995079749509,N/A,37.27129188864391,37.44315017283009,0.17185828418617888
353,CPU_Intensive,Completed,37.590509735709205,37.59122777140069,37.59122777140069,37.62642181757452,0.03519404617382804,0.03591208186530924,0.03591208186531247,0.0,STARLINK-3594,1,2,3,0.0007180356914811944,0.05878469398326693,False,328.81543704355647,2.734171813175206e-05,328.8154643852746,30511.1452009525,38.13893150119062,N/A,37.590509735709205,37.84833949043612,0.25782975472691305
355,Generic_Service,Completed,37.784617768324146,37.78532230898172,37.78532230898172,37.79507430499957,0.009751996017847375,0.01045653667541798,0.010456536675420125,0.0,STARLINK-3594,1,2,3,0.0007045406575706044,0.017176867577353826,False,90.85051902855783,7.989240733652943e-06,90.85052701779856,30420.29468192392,38.0253683524049,N/A,37.784617768324146,38.0510048032087,0.26638703488455207
358,Generic_Service,Completed,38.144875091905035,38.14559041882299,38.14559041882299,38.252011699652115,0.1064212808291245,0.10713660774708321,0.10713660774707989,0.0,STARLINK-3594,1,2,3,0.0007153269179587118,0.05043301593317018,False,1031.8022989612043,2.345721671310241e-05,1031.802322418421,29388.492382962708,36.73561547870339,N/A,38.144875091905035,38.35493192389414,0.21005683198910674
362,Generic_Service,Completed,38.7257228771754,38.72642939104405,38.72642939104405,38.73557169542375,0.00914230437970076,0.009848818248351897,0.00984881824835071,0.0,STARLINK-3594,1,2,3,0.0007065138686511354,0.02326066289383168,False,83.06154378768186,1.08189129738752e-05,83.06155460659483,29305.43083917501,36.631788548968764,N/A,38.7257228771754,38.85853934946874,0.13281647229334226
363,Generic_Service,Completed,38.830798262281874,38.83151846427647,38.83151846427647,38.84078735967845,0.009268895401980615,0.00998909739657701,0.009989097396577051,0.0,STARLINK-3594,1,2,3,0.0007202019945963954,0.06546382977181368,False,71.87131094154205,3.0448292917122643e-05,71.87134138983497,29233.55952823346,36.54194941029183,N/A,38.830798262281874,39.05923831940289,0.22844005712101279
368,CPU_Intensive,Completed,39.2393764785796,39.24008946436063,39.24008946436063,39.44018020420994,0.20009073984930836,0.20080372563033477,0.20080372563033677,0.0,STARLINK-3594,1,2,3,0.0007129857810264055,0.04321483332486765,False,1955.1763932934966,2.009992247668263e-05,1955.1764133934191,27278.38313493994,34.097978918674926,N/A,39.2393764785796,39.5616457245329,0.32226924595330075
377,Generic_Service,Completed,40.21210578778477,40.21283058852686,40.21283058852686,40.35558972988637,0.1427591413595053,0.14348394210159954,0.14348394210159654,0.0,STARLINK-3594,1,2,3,0.000724800742094244,0.07964266687906665,False,1380.5816081142661,3.704310087398449e-05,1380.5816451573671,25897.80152682566,32.37225190853207,N/A,40.21210578778477,40.47665767395478,0.26455188617001113
380,CPU_Intensive,Completed,40.47200772969539,40.47271975857177,40.47271975857177,40.66672485416433,0.19400509559255852,0.19471712446893566,0.19471712446893719,0.0,STARLINK-3594,1,2,3,0.0007120288763771298,0.04026450931694987,False,1896.1928753443378,1.872767875206971e-05,1896.1928940720165,24001.60865148129,30.00201081435161,N/A,40.47200772969539,40.88298373481661,0.41097600512122057
398,Generic_Service,Completed,41.60119886937019,41.60191226671586,41.60191226671586,41.629948536131366,0.02803626941550874,0.02874966676117771,0.02874966676117907,0.0,STARLINK-3594,1,2,3,0.0007133973456689692,0.04448376753548572,False,262.6318859344257,2.0690124435109637e-05,262.63190662455014,23738.97676554685,29.673720956933565,N/A,41.60119886937019,41.79112804657829,0.1899291772081
402,CPU_and_Data_Intensive,Completed,42.417686501022196,42.41901762446705,42.41901762446705,42.970791200270554,0.5517735758035016,0.5531046992483584,0.5531046992483581,0.0,STARLINK-3594,1,2,4,0.001331123444856754,1.9490540318041725,False,5417.8250217673485,0.0009065367589786849,5417.825928304108,18321.150837242723,22.901438546553404,N/A,42.417686501022196,43.09678710437221,0.6791006033500153
440,Generic_Service,Completed,46.28180091498755,46.2825104383348,46.2825104383348,46.29869877297757,0.01618833464277003,0.016897857990027413,0.01689785799002408,0.0,STARLINK-3594,1,2,3,0.0007095233472573842,0.03253947347339231,False,149.62583718496373,1.5134638824833633e-05,149.62585231960256,18171.525000057078,22.71440625007135,N/A,46.28180091498755,46.52675578705995,0.2449548720723982
446,CPU_and_Data_Intensive,Completed,46.64462080298738,46.64561603949072,46.64561603949072,47.971209964657305,1.3255939251665865,1.3265891616699201,1.3265891616699221,0.0,STARLINK-3594,1,2,4,0.000995236503333728,0.9134489605241272,False,13033.152486095114,0.0004248599816391289,13033.152910955096,5138.3720891019675,6.42296511137746,N/A,46.64462080298738,48.162716357084044,1.5180955540966607
467,CPU_and_Data_Intensive,Completed,47.957831186453866,47.95922052500692,47.95922052500692,48.15821202843869,0.1989915034317704,0.20038084198482195,0.2003808419848241,0.0,STARLINK-3594,1,2,5,0.0013893385530515442,2.128542585298619,False,1947.3617339482953,0.0009900198071156367,1947.3627239681025,3191.009365133488,3.9887617064168595,N/A,47.957831186453866,48.36341532822829,0.40558414177442614
603,CPU_and_Data_Intensive,Completed,60.912004749019545,60.916004941381445,60.916004941381445,61.1491458231485,0.23314088176705638,0.23714107412895538,0.23714107412895657,0.0,STARLINK-3594,1,2,4,0.004000192361898984,10.178315025254816,False,2246.4004734820282,0.0047341000117464265,2246.40520758204,944.6041575506265,1.180755196938283,N/A,60.912004749019545,61.269058535887986,0.35705378686844114
747,Generic_Service,Completed,74.73557089904118,74.73628391574073,74.73628391574073,74.83235911993097,0.0960752041902424,0.09678822088979745,0.09678822088979189,0.0,STARLINK-3594,1,2,3,0.0007130166995550508,0.04331016119000097,False,932.1465060786987,2.0144261018605105e-05,932.1465262229598,12.457651468723157,0.015572064335903944,N/A,74.73557089904118,75.02132099802179,0.2857500989806141
602,CPU_Intensive,Rejected,60.86193917382982,N/A,N/A,N/A,0.6213329092370398,0.0,0.0,0.0,STARLINK-3594,0,N/A,N/A,0.0,0.025044786124355796,False,0.0,0.0,0.0,12.457651468706032,0.015572064335882539,Insufficient Energy for CPU,N/A,N/A,N/A
700,CPU_and_Data_Intensive,Rejected,70.09612234029298,N/A,N/A,N/A,0.19731058041784233,0.0,0.0,0.0,STARLINK-3594,0,N/A,N/A,0.0,134.384778171081,False,0.0,0.0,0.0,12.457651468706032,0.015572064335882539,Insufficient Energy for CPU+NET,N/A,N/A,N/A
721,CPU_Intensive,Rejected,71.58085023830888,N/A,N/A,N/A,0.1885704022378806,0.0,0.0,0.0,STARLINK-3594,0,N/A,N/A,0.0,0.044016463679076086,False,0.0,0.0,0.0,12.457651468706032,0.015572064335882539,Insufficient Energy for CPU,N/A,N/A,N/A
727,CPU_Intensive,Rejected,71.92299269793864,N/A,N/A,N/A,0.5192449417507594,0.0,0.0,0.0,STARLINK-3594,0,N/A,N/A,0.0,0.08413852035674758,False,0.0,0.0,0.0,12.457651468706032,0.015572064335882539,Insufficient Energy for CPU,N/A,N/A,N/A
729,CPU_Intensive,Rejected,72.48800274087903,N/A,N/A,N/A,0.5042994167509054,0.0,0.0,0.0,STARLINK-3594,0,N/A,N/A,0.0,0.06243881109926899,False,0.0,0.0,0.0,12.457651468706032,0.015572064335882539,Insufficient Energy for CPU,N/A,N/A,N/A
730,CPU_Intensive,Rejected,72.52895201732142,N/A,N/A,N/A,1.7984812804865662,0.0,0.0,0.0,STARLINK-3594,0,N/A,N/A,0.0,0.02268564401761755,False,0.0,0.0,0.0,12.457651468706032,0.015572064335882539,Insufficient Energy for CPU,N/A,N/A,N/A
733,CPU_Intensive,Rejected,72.98388707887634,N/A,N/A,N/A,0.5264955193284848,0.0,0.0,0.0,STARLINK-3594,0,N/A,N/A,0.0,0.07268813784977993,False,0.0,0.0,0.0,12.457651468706032,0.015572064335882539,Insufficient Energy for CPU,N/A,N/A,N/A
734,CPU_Intensive,Rejected,73.26199362907106,N/A,N/A,N/A,0.9286322034708375,0.0,0.0,0.0,STARLINK-3594,0,N/A,N/A,0.0,0.027189612110404687,False,0.0,0.0,0.0,12.457651468706032,0.015572064335882539,Insufficient Energy for CPU,N/A,N/A,N/A
736,CPU_Intensive,Rejected,73.46059792100316,N/A,N/A,N/A,0.09821189488246505,0.0,0.0,0.0,STARLINK-3594,0,N/A,N/A,0.0,0.07379372551087136,False,0.0,0.0,0.0,12.457651468706032,0.015572064335882539,Insufficient Energy for CPU,N/A,N/A,N/A
737,CPU_Intensive,Rejected,73.70034058512057,N/A,N/A,N/A,0.8132581169925872,0.0,0.0,0.0,STARLINK-3594,0,N/A,N/A,0.0,0.040630568744000714,False,0.0,0.0,0.0,12.457651468706032,0.015572064335882539,Insufficient Energy for CPU,N/A,N/A,N/A
738,CPU_Intensive,Rejected,73.98308911787531,N/A,N/A,N/A,0.15232019611978662,0.0,0.0,0.0,STARLINK-3594,0,N/A,N/A,0.0,0.04860060287107584,False,0.0,0.0,0.0,12.457651468706032,0.015572064335882539,Insufficient Energy for CPU,N/A,N/A,N/A
739,CPU_and_Data_Intensive,Rejected,74.00780506107198,N/A,N/A,N/A,0.39114418069064916,0.0,0.0,0.0,STARLINK-3594,0,N/A,N/A,0.0,0.6194576758265041,False,0.0,0.0,0.0,12.457651468706032,0.015572064335882539,Insufficient Energy for CPU+NET,N/A,N/A,N/A
740,CPU_and_Data_Intensive,Rejected,74.1192955208383,N/A,N/A,N/A,0.395988462642683,0.0,0.0,0.0,STARLINK-3594,0,N/A,N/A,0.0,7.991570291070717,False,0.0,0.0,0.0,12.457651468706032,0.015572064335882539,Insufficient Energy for CPU+NET,N/A,N/A,N/A
741,CPU_and_Data_Intensive,Rejected,74.16800304947547,N/A,N/A,N/A,0.4113646306758992,0.0,0.0,0.0,STARLINK-3594,0,N/A,N/A,0.0,193.06476067218358,False,0.0,0.0,0.0,12.457651468706032,0.015572064335882539,Insufficient Energy for CPU+NET,N/A,N/A,N/A
742,CPU_and_Data_Intensive,Rejected,74.46524843661611,N/A,N/A,N/A,0.5616729785592686,0.0,0.0,0.0,STARLINK-3594,0,N/A,N/A,0.0,269.86545481900384,False,0.0,0.0,0.0,12.457651468706032,0.015572064335882539,Insufficient Energy for CPU+NET,N/A,N/A,N/A
745,CPU_and_Data_Intensive,Rejected,74.69345228025654,N/A,N/A,N/A,0.17994846051173194,0.0,0.0,0.0,STARLINK-3594,0,N/A,N/A,0.0,0.5445801273309417,False,0.0,0.0,0.0,12.457651468706032,0.015572064335882539,Insufficient Energy for CPU+NET,N/A,N/A,N/A
746,CPU_Intensive,Rejected,74.72333769579912,N/A,N/A,N/A,0.8668694878614327,0.0,0.0,0.0,STARLINK-3594,0,N/A,N/A,0.0,0.027596838670691647,False,0.0,0.0,0.0,12.457651468706032,0.015572064335882539,Insufficient Energy for CPU,N/A,N/A,N/A
965,CPU_and_Data_Intensive,Rejected,98.57203053666531,N/A,N/A,N/A,0.04138662418111506,0.0,0.0,0.0,STARLINK-3594,0,N/A,N/A,0.0,24.104553604980914,False,0.0,0.0,0.0,12.457651468706032,0.015572064335882539,Insufficient Energy for CPU+NET,N/A,N/A,N/A
1017,Generic_Service,Rejected,102.63843437083389,N/A,N/A,N/A,0.008663844967494066,0.0,0.0,0.0,STARLINK-3594,0,N/A,N/A,0.0,0.029477300005822944,False,0.0,0.0,0.0,12.457651468706032,0.015572064335882539,Insufficient Energy for CPU,N/A,N/A,N/A
1056,CPU_and_Data_Intensive,Rejected,107.39565348594179,N/A,N/A,N/A,0.011926264263448035,0.0,0.0,0.0,STARLINK-3594,0,N/A,N/A,0.0,2.1531315281556527,False,0.0,0.0,0.0,12.457651468706032,0.015572064335882539,Insufficient Energy for CPU+NET,N/A,N/A,N/A
1060,Generic_Service,Rejected,107.71327515240807,N/A,N/A,N/A,0.00898240199208531,0.0,0.0,0.0,STARLINK-3594,0,N/A,N/A,0.0,0.05657347464473855,False,0.0,0.0,0.0,12.457651468706032,0.015572064335882539,Insufficient Energy for CPU,N/A,N/A,N/A
1087,Generic_Service,Rejected,110.21899784203804,N/A,N/A,N/A,0.007600938084614032,0.0,0.0,0.0,STARLINK-3594,0,N/A,N/A,0.0,0.038373126848820396,False,0.0,0.0,0.0,12.457651468706032,0.015572064335882539,Insufficient Energy for CPU,N/A,N/A,N/A
1122,CPU_and_Data_Intensive,Rejected,113.68019410445055,N/A,N/A,N/A,0.4357056870615986,0.0,0.0,0.0,STARLINK-3594,0,N/A,N/A,0.0,297.1275814532016,False,0.0,0.0,0.0,12.457651468706032,0.015572064335882539,Insufficient Energy for CPU+NET,N/A,N/A,N/A
1298,Generic_Service,Rejected,131.58627618448054,N/A,N/A,N/A,0.007109727719144633,0.0,0.0,0.0,STARLINK-3594,0,N/A,N/A,0.0,0.0735492590949974,False,0.0,0.0,0.0,12.457651468706032,0.015572064335882539,Insufficient Energy for CPU,N/A,N/A,N/A
1304,CPU_Intensive,Rejected,132.24735333780077,N/A,N/A,N/A,0.009096444227414355,0.0,0.0,0.0,STARLINK-3594,0,N/A,N/A,0.0,0.0859507728699478,False,0.0,0.0,0.0,12.457651468706032,0.015572064335882539,Insufficient Energy for CPU,N/A,N/A,N/A
1335,Generic_Service,Rejected,135.01371821810844,N/A,N/A,N/A,0.009017660254242351,0.0,0.0,0.0,STARLINK-3594,0,N/A,N/A,0.0,0.07078634496100299,False,0.0,0.0,0.0,12.457651468706032,0.015572064335882539,Insufficient Energy for CPU,N/A,N/A,N/A
1380,CPU_and_Data_Intensive,Rejected,140.28657252149276,N/A,N/A,N/A,0.41999089789918304,0.0,0.0,0.0,STARLINK-3594,0,N/A,N/A,0.0,298.6653855790921,False,0.0,0.0,0.0,12.457651468706032,0.015572064335882539,Insufficient Energy for CPU+NET,N/A,N/A,N/A
1382,CPU_and_Data_Intensive,Rejected,140.6170035268345,N/A,N/A,N/A,0.5801706380295198,0.0,0.0,0.0,STARLINK-3594,0,N/A,N/A,0.0,386.5609373316499,False,0.0,0.0,0.0,12.457651468706032,0.015572064335882539,Insufficient Energy for CPU+NET,N/A,N/A,N/A
1470,CPU_Intensive,Rejected,148.58210760962137,N/A,N/A,N/A,0.008245529113998227,0.0,0.0,0.0,STARLINK-3594,0,N/A,N/A,0.0,0.04992302082451062,False,0.0,0.0,0.0,12.457651468706032,0.015572064335882539,Insufficient Energy for CPU,N/A,N/A,N/A
1555,CPU_and_Data_Intensive,Rejected,156.74256170422936,N/A,N/A,N/A,0.6883956545361077,0.0,0.0,0.0,STARLINK-3594,0,N/A,N/A,0.0,472.36187607118035,False,0.0,0.0,0.0,12.457651468706032,0.015572064335882539,Insufficient Energy for CPU+NET,N/A,N/A,N/A
1582,CPU_and_Data_Intensive,Rejected,160.0205486757668,N/A,N/A,N/A,0.610949524251114,0.0,0.0,0.0,STARLINK-3594,0,N/A,N/A,0.0,402.84074507338755,False,0.0,0.0,0.0,12.457651468706032,0.015572064335882539,Insufficient Energy for CPU+NET,N/A,N/A,N/A
1654,CPU_and_Data_Intensive,Rejected,167.42422403410967,N/A,N/A,N/A,0.28779392741891896,0.0,0.0,0.0,STARLINK-3594,0,N/A,N/A,0.0,197.84472349722938,False,0.0,0.0,0.0,12.457651468706032,0.015572064335882539,Insufficient Energy for CPU+NET,N/A,N/A,N/A
1728,Generic_Service,Rejected,175.06383590222686,N/A,N/A,N/A,0.009613820112105754,0.0,0.0,0.0,STARLINK-3594,0,N/A,N/A,0.0,0.07116446767717144,False,0.0,0.0,0.0,12.457651468706032,0.015572064335882539,Insufficient Energy for CPU,N/A,N/A,N/A
1807,Generic_Service,Rejected,183.92303831824537,N/A,N/A,N/A,0.008511180359939025,0.0,0.0,0.0,STARLINK-3594,0,N/A,N/A,0.0,0.02351091777231357,False,0.0,0.0,0.0,12.457651468706032,0.015572064335882539,Insufficient Energy for CPU,N/A,N/A,N/A
1939,CPU_and_Data_Intensive,Rejected,196.4160844250042,N/A,N/A,N/A,0.4235484644071493,0.0,0.0,0.0,STARLINK-3594,0,N/A,N/A,0.0,295.2995234064748,False,0.0,0.0,0.0,12.457651468706032,0.015572064335882539,Insufficient Energy for CPU+NET,N/A,N/A,N/A
1994,Generic_Service,Rejected,200.8007317190505,N/A,N/A,N/A,0.00806565547944706,0.0,0.0,0.0,STARLINK-3594,0,N/A,N/A,0.0,0.025370603456643596,False,0.0,0.0,0.0,12.457651468706032,0.015572064335882539,Insufficient Energy for CPU,N/A,N/A,N/A
2038,CPU_Intensive,Rejected,205.11887189730368,N/A,N/A,N/A,0.007646429854951453,0.0,0.0,0.0,STARLINK-3594,0,N/A,N/A,0.0,0.047850907343271395,False,0.0,0.0,0.0,12.457651468706032,0.015572064335882539,Insufficient Energy for CPU,N/A,N/A,N/A
2177,CPU_and_Data_Intensive,Rejected,219.03878654998172,N/A,N/A,N/A,0.018240721580418187,0.0,0.0,0.0,STARLINK-3594,0,N/A,N/A,0.0,7.500627320569853,False,0.0,0.0,0.0,12.457651468706032,0.015572064335882539,Insufficient Energy for CPU+NET,N/A,N/A,N/A
2229,Generic_Service,Rejected,224.06558800194372,N/A,N/A,N/A,0.008766002026213976,0.0,0.0,0.0,STARLINK-3594,0,N/A,N/A,0.0,0.029825802828088666,False,0.0,0.0,0.0,12.457651468706032,0.015572064335882539,Insufficient Energy for CPU,N/A,N/A,N/A
2361,Generic_Service,Rejected,239.04808560612977,N/A,N/A,N/A,0.00779869585422827,0.0,0.0,0.0,STARLINK-3594,0,N/A,N/A,0.0,0.08441036036256784,False,0.0,0.0,0.0,12.457651468706032,0.015572064335882539,Insufficient Energy for CPU,N/A,N/A,N/A
2432,CPU_and_Data_Intensive,Rejected,245.6078537988914,N/A,N/A,N/A,0.01846196665129259,0.0,0.0,0.0,STARLINK-3594,0,N/A,N/A,0.0,4.730662503178379,False,0.0,0.0,0.0,12.457651468706032,0.015572064335882539,Insufficient Energy for CPU+NET,N/A,N/A,N/A
2449,Generic_Service,Rejected,246.73813437997774,N/A,N/A,N/A,0.007404685658368279,0.0,0.0,0.0,STARLINK-3594,0,N/A,N/A,0.0,0.07147331867893819,False,0.0,0.0,0.0,12.457651468706032,0.015572064335882539,Insufficient Energy for CPU,N/A,N/A,N/A
2457,Generic_Service,Rejected,247.39415128889516,N/A,N/A,N/A,0.009361288892439113,0.0,0.0,0.0,STARLINK-3594,0,N/A,N/A,0.0,0.03151692165836366,False,0.0,0.0,0.0,12.457651468706032,0.015572064335882539,Insufficient Energy for CPU,N/A,N/A,N/A
2513,Generic_Service,Rejected,251.70012527861897,N/A,N/A,N/A,0.008640322123357134,0.0,0.0,0.0,STARLINK-3594,0,N/A,N/A,0.0,0.06345575719899846,False,0.0,0.0,0.0,12.457651468706032,0.015572064335882539,Insufficient Energy for CPU,N/A,N/A,N/A
2523,CPU_and_Data_Intensive,Rejected,252.67039673653278,N/A,N/A,N/A,0.03880057496600473,0.0,0.0,0.0,STARLINK-3594,0,N/A,N/A,0.0,22.022118076526485,False,0.0,0.0,0.0,12.457651468706032,0.015572064335882539,Insufficient Energy for CPU+NET,N/A,N/A,N/A
2541,Generic_Service,Rejected,254.47159431954876,N/A,N/A,N/A,0.008654020557944788,0.0,0.0,0.0,STARLINK-3594,0,N/A,N/A,0.0,0.06356924379444329,False,0.0,0.0,0.0,12.457651468706032,0.015572064335882539,Insufficient Energy for CPU,N/A,N/A,N/A
2568,Generic_Service,Rejected,256.80774942394333,N/A,N/A,N/A,0.009478701080751946,0.0,0.0,0.0,STARLINK-3594,0,N/A,N/A,0.0,0.05966950843811519,False,0.0,0.0,0.0,12.457651468706032,0.015572064335882539,Insufficient Energy for CPU,N/A,N/A,N/A
2593,CPU_and_Data_Intensive,Rejected,259.80201389959313,N/A,N/A,N/A,0.2630518225923989,0.0,0.0,0.0,STARLINK-3594,0,N/A,N/A,0.0,178.3534794377579,False,0.0,0.0,0.0,12.457651468706032,0.015572064335882539,Insufficient Energy for CPU+NET,N/A,N/A,N/A
2596,Generic_Service,Rejected,260.2495301750914,N/A,N/A,N/A,0.008855556687992627,0.0,0.0,0.0,STARLINK-3594,0,N/A,N/A,0.0,0.05319076970659328,False,0.0,0.0,0.0,12.457651468706032,0.015572064335882539,Insufficient Energy for CPU,N/A,N/A,N/A
2642,CPU_Intensive,Rejected,263.91551614498667,N/A,N/A,N/A,0.007965160135944347,0.0,0.0,0.0,STARLINK-3594,0,N/A,N/A,0.0,0.08270525868120479,False,0.0,0.0,0.0,12.457651468706032,0.015572064335882539,Insufficient Energy for CPU,N/A,N/A,N/A
2663,CPU_and_Data_Intensive,Rejected,266.12842411702576,N/A,N/A,N/A,0.5424856859805016,0.0,0.0,0.0,STARLINK-3594,0,N/A,N/A,0.0,366.89895105373,False,0.0,0.0,0.0,12.457651468706032,0.015572064335882539,Insufficient Energy for CPU+NET,N/A,N/A,N/A
2817,CPU_and_Data_Intensive,Rejected,281.2692907110689,N/A,N/A,N/A,0.02239597017717183,0.0,0.0,0.0,STARLINK-3594,0,N/A,N/A,0.0,5.440613416406395,False,0.0,0.0,0.0,12.457651468706032,0.015572064335882539,Insufficient Energy for CPU+NET,N/A,N/A,N/A
2866,Generic_Service,Rejected,285.12599600491166,N/A,N/A,N/A,0.008998719705748224,0.0,0.0,0.0,STARLINK-3594,0,N/A,N/A,0.0,0.08286064691384838,False,0.0,0.0,0.0,12.457651468706032,0.015572064335882539,Insufficient Energy for CPU,N/A,N/A,N/A
2959,Generic_Service,Rejected,294.5396861600505,N/A,N/A,N/A,0.00799664609509419,0.0,0.0,0.0,STARLINK-3594,0,N/A,N/A,0.0,0.029481860507525826,False,0.0,0.0,0.0,12.457651468706032,0.015572064335882539,Insufficient Energy for CPU,N/A,N/A,N/A
2999,CPU_and_Data_Intensive,Rejected,299.1304767257817,N/A,N/A,N/A,0.01376444508630522,0.0,0.0,0.0,STARLINK-3594,0,N/A,N/A,0.0,1.964417335595619,False,0.0,0.0,0.0,12.457651468706032,0.015572064335882539,Insufficient Energy for CPU+NET,N/A,N/A,N/A
3001,CPU_and_Data_Intensive,Rejected,299.3520982829031,N/A,N/A,N/A,0.015523741987739974,0.0,0.0,0.0,STARLINK-3594,0,N/A,N/A,0.0,5.262430560284389,False,0.0,0.0,0.0,12.457651468706032,0.015572064335882539,Insufficient Energy for CPU+NET,N/A,N/A,N/A
22000,Batch,Completed,0,0,0.0,0.15407520531877072,0.15407520531877072,0.15407520531877072,0.15407520531877072,0.0,STARLINK-32370,0,N/A,0,0.0,331.2616914353571,False,0.0,0.15407520531877072,0.15407520531877072,80000,100.0,N/A,N/A,N/A,N/A
24000,Batch,Completed,0,0,0.0,0.17268714940355503,0.17268714940355503,0.17268714940355503,0.17268714940355503,0.0,STARLINK-32370,0,N/A,0,0.0,371.27737121764335,False,0.0,0.17268714940355503,0.17268714940355503,79999.84592479469,99.99980740599335,N/A,N/A,N/A,N/A
23000,Batch,Completed,0,0,0.0,0.2113706978469803,0.2113706978469803,0.2113706978469803,0.2113706978469803,0.0,STARLINK-32370,0,N/A,0,0.0,454.4470003710076,False,0.0,0.2113706978469803,0.2113706978469803,79999.67323764529,99.99959154705661,N/A,N/A,N/A,N/A
28,CPU_Intensive,Completed,3.8550325039026214,3.8568970855066036,3.8568970855066036,3.9278658072141526,0.07096872170754898,0.0728333033115313,0.07283330331153115,0.0,STARLINK-32370,1,2,4,0.0018645816039823317,0.0191531334835442,False,692.3400045953014,8.90843417839265e-06,692.3400135037356,79307.12186235214,99.13390232794018,N/A,3.8550325039026214,4.230351921915379,0.3753194180127579
35,CPU_and_Data_Intensive,Completed,4.623060464508118,4.625075954522855,4.625075954522855,6.2193816690384045,1.5943057145155493,1.5963212045302868,1.5963212045302866,0.0,STARLINK-32370,1,2,5,0.0020154900147376304,0.3576760614334742,False,15678.498559042733,0.00016636095880626707,15678.498725403691,63628.62313694844,79.53577892118555,N/A,4.623060464508118,6.349724073569848,1.7266636090617302
157,CPU_and_Data_Intensive,Completed,18.252013286086544,18.2541605004985,18.2541605004985,19.5259233464988,1.2717628460002999,1.273910060412257,1.2739100604122555,0.0,STARLINK-32370,1,2,5,0.0021472144119571023,0.6531647515998662,False,12504.909821336392,0.0003037975588836587,12504.91012513395,51123.71301181435,63.90464126476794,N/A,18.252013286086544,19.682389758124692,1.430376472038148
175,CPU_and_Data_Intensive,Completed,19.16423759226321,19.17316090141419,19.17316090141419,20.098749934220493,0.9255890328063039,0.9345123419572842,0.9345123419572836,0.0,STARLINK-32370,1,2,6,0.008923309150980236,15.85353310508929,False,9030.726937771722,0.007373736327948507,9030.73431150805,42092.97870030601,52.61622337538252,N/A,19.16423759226321,20.39536595626552,1.2311283640023092
282,CPU_Intensive,Completed,29.088188516425703,29.090050718353524,29.090050718353524,29.852949179499678,0.762898461146154,0.7647606630739764,0.7647606630739752,0.0,STARLINK-32370,1,2,4,0.0018622019278224315,0.013814962223306804,False,7499.101802852456,6.425563824793862e-06,7499.10180927802,34593.87689744786,43.242346121809824,N/A,29.088188516425703,30.075000283894553,0.9868117674688506
330,CPU_Intensive,Completed,35.38009036396433,35.381978266032355,35.381978266032355,35.43280535618264,0.050827090150285414,0.05271499221831158,0.05271499221831277,0.0,STARLINK-32370,1,2,4,0.0018879020680261681,0.07146639905806343,False,478.83108255593925,3.3240185608401594e-05,478.83111579612483,34115.04581489191,42.64380726861489,N/A,35.38009036396433,35.617448658443855,0.2373582944795274
332,Generic_Service,Completed,35.525516558878834,35.527383327988495,35.527383327988495,35.57114563738282,0.04376230939432446,0.045629078503987716,0.045629078503985454,0.0,STARLINK-32370,1,2,4,0.001866769109663252,0.02406022132779287,False,423.31669857320384,1.119080061757808e-05,423.31670976400443,33691.72911631868,42.11466139539835,N/A,35.525516558878834,35.71930470190188,0.19378814302304903
339,CPU_and_Data_Intensive,Completed,36.14243437265914,36.14644685192482,36.14644685192482,36.57421367331446,0.42776682138963906,0.4317793006553207,0.43177930065532166,0.0,STARLINK-32370,1,2,5,0.004012479265681643,4.8373909092049185,False,4184.995277637687,0.002249949260095311,4184.9975275869465,29506.731588731727,36.88341448591466,N/A,36.14243437265914,36.83862882773537,0.6961944550762311
345,CPU_and_Data_Intensive,Completed,36.50074717617251,36.50273892788921,36.50273892788921,36.95189495954628,0.4491560316570684,0.4511477833737723,0.45114778337377004,0.0,STARLINK-32370,1,2,6,0.001991751716703915,0.304425496307903,False,4416.095876300529,0.00014159325409669906,4416.096017893783,25090.635570836188,31.363294463545234,N/A,36.50074717617251,37.14048487304354,0.6397376968710304
391,CPU_Intensive,Completed,41.118773516361365,41.120658073510434,41.120658073510434,41.25139008815689,0.13073201464645479,0.13261657179552275,0.13261657179552344,0.0,STARLINK-32370,1,2,4,0.0018845571490679618,0.06396296201423068,False,1266.9138390618973,2.9750214890339855e-05,1266.9138688121122,23823.72173177417,29.779652164717714,N/A,41.118773516361365,41.39042906990629,0.27165555354492454
401,Generic_Service,Completed,42.14775235110731,42.14962524913643,42.14962524913643,42.386210981262046,0.23658573212561862,0.2384586301547359,0.23845863015473867,0.0,STARLINK-32370,1,2,4,0.0018728980291172746,0.03780882386333595,False,2315.700695912538,1.7585499471319046e-05,2315.700713498037,21508.021035861613,26.885026294827018,N/A,42.14775235110731,42.49608813411284,0.34833578300553114
429,CPU_Intensive,Completed,45.09414139254989,45.09601547812483,45.09601547812483,45.486672314525514,0.39065683640068016,0.39253092197561773,0.3925309219756201,0.0,STARLINK-32370,1,2,4,0.0018740855749375632,0.040472767417884595,False,3830.218408074835,1.88245429850626e-05,3830.2184268993783,17677.802627786765,22.097253284733455,N/A,45.09414139254989,45.719759465133,0.6256180725831086
447,CPU_Intensive,Completed,46.65416308604142,46.65605806070514,46.65605806070514,46.83195396133132,0.17589590062618043,0.17779087528989743,0.1777908752899009,0.0,STARLINK-32370,1,2,4,0.0018949746637169826,0.08733188852599551,False,1704.2188564088492,4.0619483035346746e-05,1704.2188970283323,15973.583771377896,19.966979714222372,N/A,46.65416308604142,47.139352492438206,0.48518940639678476
460,CPU_Intensive,Completed,47.16886591981952,47.17074273707583,47.17074273707583,47.397562514109666,0.22681977703383893,0.22869659429014763,0.22869659429014888,0.0,STARLINK-32370,1,2,4,0.0018768172563087084,0.046600568852927515,False,2217.061172872348,2.1674683187408148e-05,2217.061194547031,13756.522598505515,17.195653248131894,N/A,47.16886591981952,47.547666374111934,0.37880045429241704
475,Generic_Service,Completed,48.941510758428834,48.94337929574504,48.94337929574504,49.000859026892705,0.0574797311476658,0.05934826846387284,0.059348268463871534,0.0,STARLINK-32370,1,2,4,0.0018685373162070362,0.028026722952362602,False,557.0599897184281,1.303568509412214e-05,557.0600027541133,13199.462608787073,16.49932826098384,N/A,48.941510758428834,49.17189536377307,0.23038460534423422
478,CPU_Intensive,Completed,49.9361087585217,49.93797587392306,49.93797587392306,50.14970122523986,0.21172535131680092,0.21359246671816143,0.21359246671816123,0.0,STARLINK-32370,1,2,4,0.0018671154013605044,0.024837034751855877,False,2075.018867744976,1.155210918690971e-05,2075.0188792970853,11124.443741042087,13.905554676302609,N/A,49.9361087585217,50.277025049552655,0.34091629103095755
503,Generic_Service,Completed,52.078741494996684,52.0806302696305,52.0806302696305,52.129648119036986,0.04901784940648923,0.050906624040300295,0.05090662404030155,0.0,STARLINK-32370,1,2,4,0.0018887746338110648,0.07342376858341843,False,460.46029947506815,3.415059003879927e-05,460.46033362565817,10663.983441567008,13.329979301958762,N/A,52.078741494996684,52.290806402831315,0.2120649078346304
506,CPU_Intensive,Completed,52.28071573434638,52.282599033453515,52.282599033453515,52.39455425342114,0.11195521996762636,0.1138385190747593,0.11383851907476128,0.0,STARLINK-32370,1,2,4,0.0018832991071329336,0.06114087915484568,False,1083.0739713733058,2.843761821155613e-05,1083.073999810924,9580.909470193677,11.976136837742096,N/A,52.28071573434638,52.596511965934894,0.31579623158851433
518,CPU_and_Data_Intensive,Completed,53.15299683934494,53.15549952296095,53.15549952296095,53.245692970677595,0.0901934477166435,0.09269613133265661,0.09269613133265864,0.0,STARLINK-32370,1,2,5,0.002502683616013103,1.4505654740035592,False,880.4248149245399,0.0006746816158156089,880.4254896061557,8700.483980587498,10.875604975734372,N/A,53.15299683934494,53.407258127995775,0.25426128865083797
527,Generic_Service,Completed,53.85890163735249,53.86079424378817,53.86079424378817,53.89806956459023,0.03727532080205975,0.03916792723774086,0.03916792723774165,0.0,STARLINK-32370,1,2,4,0.001892606435681104,0.08201939809059734,False,342.43879071829264,3.8148557251440624e-05,342.43882886684986,8358.045189868699,10.447556487335873,N/A,53.85890163735249,54.01679378424759,0.1578921468951009
530,Generic_Service,Completed,54.33967757746179,54.34155731123576,54.34155731123576,54.411254176873705,0.06969686563794397,0.0715765994119153,0.07157659941191241,0.0,STARLINK-32370,1,2,4,0.0018797337739713206,0.05314300140273513,False,669.8159921854635,2.4717675071039597e-05,669.8160169031386,7688.2291976832075,9.61028649710401,N/A,54.33967757746179,54.518649829420546,0.1789722519587542
541,Generic_Service,Completed,55.13131801984086,55.133178869264725,55.133178869264725,55.24618081194831,0.11300194268358155,0.11486279210744338,0.11486279210744499,0.0,STARLINK-32370,1,2,4,0.0018608494238618316,0.01078097890511653,False,1108.2072478880523,5.014408793077456e-06,1108.207252902461,6580.021949795138,8.225027437243924,N/A,55.13131801984086,55.42531591710921,0.2939978972683477
569,CPU_and_Data_Intensive,Completed,57.99776201115092,58.000164113788706,58.000164113788706,58.05527477957363,0.055110665784923185,0.057512768422712426,0.05751276842271125,0.0,STARLINK-32370,1,2,5,0.002402102637789239,1.2249387705349122,False,536.4147373175743,0.000569738963039494,536.4153070565374,6043.606642738597,7.554508303423246,N/A,57.99776201115092,58.244258164385016,0.2464961532340979
575,Generic_Service,Completed,58.4311196728536,58.43301029248181,58.43301029248181,58.502348292180656,0.06933799969884546,0.07122861932705925,0.0712286193270586,0.0,STARLINK-32370,1,2,4,0.0018906196282137881,0.07756252336941816,False,659.0912426340929,3.6075592264845656e-05,659.0912787096851,5384.515400104115,6.730644250130144,N/A,58.4311196728536,58.64808053796385,0.21696086511025214
583,Generic_Service,Completed,58.93942426154489,58.941312895393686,58.941312895393686,59.00778543190515,0.06647253651146201,0.06836117036025374,0.06836117036025513,0.0,STARLINK-32370,1,2,4,0.0018886338487917348,0.07310795479466696,False,632.2217136445021,3.4003699904496264e-05,632.2217476482019,4752.293686459583,5.940367108074479,N/A,58.93942426154489,59.25525384249554,0.3158295809506484
608,Generic_Service,Completed,61.651355900671035,61.653235344701194,61.653235344701194,61.709261520908235,0.05602617620704109,0.05790562023720315,0.05790562023720014,0.0,STARLINK-32370,1,2,4,0.0018794440301620641,0.05249303814241076,False,535.5550913234863,2.441536657786547e-05,535.5551157388529,4216.738595136072,5.27092324392009,N/A,61.651355900671035,61.87091458380887,0.21955868313783355
612,CPU_Intensive,Completed,62.01261782089449,62.014489666990805,62.014489666990805,62.07371953069997,0.059229863709163055,0.06110170980547484,0.061101709805477356,0.0,STARLINK-32370,1,2,4,0.0018718460963117788,0.0354490920793968,False,572.0856757364295,1.6487949804370607e-05,572.0856922243793,3644.6529193996234,4.555816149249529,N/A,62.01261782089449,62.274872300582516,0.26225447968802484
629,Generic_Service,Completed,63.46448056488358,63.466366264992864,63.466366264992864,63.49427968519677,0.027913420203908856,0.029799120313189716,0.029799120313192873,0.0,STARLINK-32370,1,2,4,0.0018857001092808584,0.06652688960357768,False,254.92859338362368,3.094273935050125e-05,254.92862432636304,3389.7243260159876,4.237155407519984,N/A,63.46448056488358,63.679999003133254,0.2155184382496742
648,CPU_and_Data_Intensive,Completed,64.56777151180549,64.57007025095048,64.57007025095048,64.62907900086019,0.05900874990970806,0.061307489054699627,0.061307489054698294,0.0,STARLINK-32370,1,2,5,0.002298739144991569,0.9930702348458226,False,575.8134052522915,0.0004618931324864291,575.8138671454241,2813.9104588705345,3.517388073588168,N/A,64.56777151180549,64.78372725970843,0.2159557479029388
670,Generic_Service,Completed,67.38722822084033,67.38912214227844,67.38912214227844,67.41291424656978,0.023792104291345595,0.025686025729458977,0.02568602572945622,0.0,STARLINK-32370,1,2,4,0.0018939214381133837,0.08496925669296777,False,208.96100592670157,3.95205845083571e-05,208.9610454472861,2604.9494529434405,3.2561868161793,N/A,67.38722822084033,67.59122124244766,0.20399302160733157
688,Generic_Service,Completed,69.1035340593162,69.10539966554272,69.10539966554272,69.15913638191893,0.05373671637620703,0.05560232260271748,0.055602322602723575,0.0,STARLINK-32370,1,2,4,0.0018656062265104527,0.021451601915667633,False,522.1844909009945,9.977489263101224e-06,522.1845008784838,2082.7649620424168,2.603456202553021,N/A,69.1035340593162,69.30191100915067,0.19837694983446852
726,Generic_Service,Completed,71.78843109180863,71.79031721750633,71.79031721750633,71.83007853569254,0.03976131818620843,0.04164744388391002,0.04164744388390318,0.0,STARLINK-32370,1,2,4,0.0018861256977015922,0.06748158416014562,False,371.17239271260183,3.1386783330300284e-05,371.1724240993852,1711.5925693298068,2.1394907116622583,N/A,71.78843109180863,72.01666431173895,0.22823321993031698
744,Generic_Service,Completed,74.67215698755388,74.67402193551078,74.67402193551078,74.69873778264686,0.024715847136079105,0.02658079509298658,0.026580795092982612,0.0,STARLINK-32370,1,2,4,0.001864947956907475,0.019974948942747928,False,237.1968287821228,9.2906739268595e-06,237.1968380727967,1474.3957405476626,1.8429946756845783,N/A,74.67215698755388,74.82062202846373,0.1484650409098549
792,CPU_Intensive,Completed,79.78459927377304,79.78646281204546,79.78646281204546,79.80660320675734,0.020140394711887666,0.022003932984303146,0.022003932984304697,0.0,STARLINK-32370,1,2,4,0.0018635382724154794,0.016812696293425543,False,193.12862354837765,7.81985874112816e-06,193.1286313682364,1281.267116999277,1.6015838962490963,N/A,79.78459927377304,79.93118952227685,0.14659024850381286
861,Generic_Service,Completed,87.2989102982163,87.3007790844811,87.3007790844811,87.32819861282942,0.027419528348318067,0.02928831461313078,0.029288314613125976,0.0,STARLINK-32370,1,2,4,0.0018687862648127142,0.028585173011450297,False,261.2507439676201,1.3295429307651302e-05,261.2507572630494,1020.0163730316497,1.2750204662895621,N/A,87.2989102982163,87.4366920411107,0.13778174289440415
905,Generic_Service,Completed,91.92044601841327,91.92233170919818,91.92233170919818,91.9440787107224,0.02174700152421849,0.02363269230912378,0.02363269230912124,0.0,STARLINK-32370,1,2,4,0.001885690784905288,0.06650597284417656,False,194.28749496929422,3.09330106251984e-05,194.28752590230485,825.7288780623458,1.0321610975779323,N/A,91.92044601841327,92.143881039784,0.223435021370733
26000,Batch,Completed,0,0,0.0,0.0032761723050351303,0.0032761723050351303,0.0032761723050351303,0.0032761723050351303,0.0,STARLINK-30846,0,N/A,0,0.0,7.0437704558255305,False,0.0,0.0032761723050351303,0.0032761723050351303,80000,100.0,N/A,N/A,N/A,N/A
25000,Batch,Completed,0,0,0.0,0.008398083980000363,0.008398083980000363,0.008398083980000363,0.008398083980000363,0.0,STARLINK-30846,0,N/A,0,0.0,18.05588055700078,False,0.0,0.008398083980000363,0.008398083980000363,79999.9967238277,99.99999590478464,N/A,N/A,N/A,N/A
6,CPU_and_Data_Intensive,Completed,1.2894688827051808,1.293289153716383,1.293289153716383,1.3199333389116126,0.026644185195229486,0.03046445620643188,0.03046445620643179,0.0,STARLINK-30846,1,2,4,0.0038202710112023933,9.898050588640526,False,216.76964284181972,0.004603744459832803,216.77424658627956,79783.21407915745,99.72901759894681,N/A,1.2894688827051808,1.506220960571249,0.21675207786606832
29,CPU_Intensive,Completed,4.0183111524360475,4.019317585230225,4.019317585230225,4.083047724329913,0.06373013909968783,0.06473657189386514,0.0647365718938655,0.0,STARLINK-30846,1,2,3,0.0010064327941773153,0.04981111178533097,False,612.1144695348999,2.3167958969921383e-05,612.1144927028588,79171.09960961873,98.96387451202341,N/A,4.0183111524360475,4.33035192194781,0.3120407695117624
36,CPU_and_Data_Intensive,Completed,4.823150436654184,4.824973705625492,4.824973705625492,4.958940406508367,0.13396670088287443,0.1357899698541825,0.13578996985418268,0.0,STARLINK-30846,1,2,4,0.0018232689713080872,1.8598089073385442,False,1309.0664823441,0.0008650273987621136,1309.0673473714987,77862.03226224722,97.32754032780902,N/A,4.823150436654184,5.134564019067602,0.3114135824134179
42,Generic_Service,Completed,5.417890616002405,5.4188862438664,5.4188862438664,5.524879372689613,0.10599312882321321,0.10698875668720785,0.10698875668720742,0.0,STARLINK-30846,1,2,3,0.0009956278639946415,0.025868857072223674,False,1034.8292765004987,1.2032026545220313e-05,1034.8292885325252,76827.20298574606,96.03400373218257,N/A,5.417890616002405,5.640390217077979,0.22249960107557332
53,CPU_and_Data_Intensive,Completed,6.369689139387166,6.371203433590477,6.371203433590477,6.489946704202902,0.11874327061242518,0.12025756481573588,0.12025756481573602,0.0,STARLINK-30846,1,2,4,0.001514294203310703,1.1751628735141897,False,1162.4746127501837,0.0005465873830298556,1162.4751593375668,75664.72782640847,94.5809097830106,N/A,6.369689139387166,6.651972980018447,0.28228384063128065
67,Generic_Service,Completed,8.301583160433092,8.302605224866552,8.302605224866552,8.351640616356189,0.04903539148963709,0.05005745592309686,0.050057455923097294,0.0,STARLINK-30846,1,2,3,0.0010220644334597623,0.08444869693918064,False,457.38430523262275,3.927846369264216e-05,457.38434451108645,75207.34352117548,94.00917940146935,N/A,8.301583160433092,8.459503651601791,0.15792049116869933
73,CPU_and_Data_Intensive,Completed,9.012834044299561,9.0146285101478,9.0146285101478,9.579404452193481,0.5647759420456815,0.5665704078939192,0.56657040789392,0.0,STARLINK-30846,1,2,4,0.001794465848237733,1.7959851067748693,False,5546.404626975584,0.0008353419101278462,5546.405462317493,69660.93805885797,87.07617257357245,N/A,9.012834044299561,9.881511853523662,0.868677809224101
109,Generic_Service,Completed,12.510647630139722,12.511666610624012,12.511666610624012,12.528122243065683,0.016455632441671142,0.01747461292596075,0.017474612925960642,0.0,STARLINK-30846,1,2,3,0.001018980484289607,0.07761508530950652,False,138.9730947251719,3.610003967884024e-05,138.97313082521157,69521.9649641322,86.90245620516525,N/A,12.510647630139722,12.813366992799441,0.3027193626597189
111,CPU_Intensive,Completed,12.69559103937974,12.696613022330533,12.696613022330533,12.854889004665015,0.15827598233448192,0.15929796528527382,0.1592979652852744,0.0,STARLINK-30846,1,2,3,0.0010219829507918823,0.08426814243710612,False,1531.8281748098414,3.919448485446796e-05,1531.8282140043261,67990.13678932234,84.98767098665292,N/A,12.69559103937974,13.117173301020063,0.42158226164032264
120,CPU_and_Data_Intensive,Completed,14.15074888015063,14.151974373694689,14.151974373694689,14.166873304155143,0.014898930460454096,0.016124424004513645,0.01612442400451286,0.0,STARLINK-30846,1,2,4,0.0012254935440595485,0.5352199189366309,False,144.0839294853558,0.00024893949717982834,144.08417842485298,67846.05261089746,84.80756576362182,N/A,14.15074888015063,14.323540456689093,0.17279157653846333
123,CPU_Intensive,Completed,14.850040806985376,14.85103087352015,14.85103087352015,14.936803998993232,0.08577312547308225,0.0867631920078565,0.0867631920078562,0.0,STARLINK-30846,1,2,3,0.0009900665347742559,0.013545708427410067,False,839.5948388894687,6.300329501120961e-06,839.5948451897982,67006.45777200782,83.75807221500978,N/A,14.850040806985376,15.231676997042783,0.38163619005740657
131,Generic_Service,Completed,15.632805916154714,15.633796008771165,15.633796008771165,15.690224348841552,0.05642834007038644,0.05741843268683706,0.05741843268683766,0.0,STARLINK-30846,1,2,3,0.0009900926164506155,0.01360350187245702,False,550.9693048717068,6.327210173235823e-06,550.9693111989169,66455.48846713612,83.06936058392014,N/A,15.632805916154714,15.835287616543953,0.20248170038923874
139,CPU_and_Data_Intensive,Completed,16.127872782579505,16.129423900950066,16.129423900950066,17.189010073201484,1.059586172251418,1.061137290621978,1.0611372906219785,0.0,STARLINK-30846,1,2,4,0.0015511183705601006,1.2567602162991458,False,10415.372742632568,0.0005845396354879748,10415.373327172203,56040.11513996392,70.0501439249549,N/A,16.127872782579505,17.343123172355533,1.2152503897760276
197,Generic_Service,Completed,20.889404991823213,20.89041451488212,20.89041451488212,20.921397585002126,0.030983070120004896,0.031992593178914425,0.0319925931789129,0.0,STARLINK-30846,1,2,3,0.00100952305890953,0.05665871784096882,False,288.02654705639173,2.6352892019055264e-05,288.02657340928374,55752.088592907145,69.69011074113392,N/A,20.889404991823213,21.102779470146853,0.2133744783236402
201,Generic_Service,Completed,21.129994929613837,21.13099930742882,21.13099930742882,21.284484338326845,0.15348503089802534,0.1544894087130084,0.1544894087130082,0.0,STARLINK-30846,1,2,3,0.0010043778149830427,0.045257557577428505,False,1496.2033170403279,2.1050026780199305e-05,1496.2033380903547,54255.8852758668,67.81985659483351,N/A,21.129994929613837,21.405406927003803,0.27541199738996625
210,CPU_Intensive,Completed,21.85146391895927,21.85247224139358,21.85247224139358,22.118621636229204,0.2661493948356224,0.2671577172699362,0.2671577172699351,0.0,STARLINK-30846,1,2,3,0.001008322434313793,0.05399829714412266,False,2601.6916102541118,2.511548704377798e-05,2601.6916353695988,51654.19366561267,64.56774208201583,N/A,21.85146391895927,22.312043398602007,0.46057947964273893
216,Generic_Service,Completed,22.845305316777424,22.846302556428014,22.846302556428014,22.960808990754966,0.11450643432695173,0.11550367397754316,0.11550367397754258,0.0,STARLINK-30846,1,2,4,0.0009972396505914223,0.029440356803446227,False,1117.506022046345,1.3693189210905222e-05,1117.5060357395341,50536.68764356631,63.170859554457884,N/A,22.845305316777424,23.117049727434313,0.2717444106568898
213,CPU_and_Data_Intensive,Completed,22.050959317192714,22.05580848540026,22.05580848540026,23.154792205671292,1.0989837202710326,1.1038328884785789,1.1038328884785784,0.0,STARLINK-30846,1,2,5,0.004849168207546137,8.564789784159085,False,10769.420757648726,0.00398362315542283,10769.424741271881,39767.26290229442,49.70907862786802,N/A,22.050959317192714,23.318033684397225,1.2670743672045113
295,Generic_Service,Completed,31.62525105831419,31.626261242242045,31.626261242242045,31.65386967321974,0.02760843097769694,0.028618614905551534,0.028618614905550288,0.0,STARLINK-30846,1,2,3,0.0010101839278545944,0.05812311347770157,False,254.4051911616683,2.7034006268698406e-05,254.4052181956746,39512.85771112927,49.39107213891158,N/A,31.62525105831419,31.79049418546566,0.16524312715147005
298,CPU_Intensive,Completed,31.807748833030242,31.80876714071139,31.80876714071139,32.276674559671065,0.46790741895967614,0.46892572664082344,0.46892572664082266,0.0,STARLINK-30846,1,2,3,0.0010183076811472764,0.0761242451158986,False,4579.479780472232,3.5406625635301676e-05,4579.479815878858,34933.377930657014,43.66672241332127,N/A,31.807748833030242,32.39611746899504,0.5883686359647946
322,Generic_Service,Completed,34.382349994441064,34.383356522589146,34.383356522589146,34.523126109396216,0.13976958680706986,0.14077611495515033,0.14077611495515185,0.0,STARLINK-30846,1,2,3,0.0010065281480804585,0.05002240305684775,False,1359.9067635616052,2.3266233979929186e-05,1359.9067868278391,33573.471167095384,41.96683895886923,N/A,34.382349994441064,34.71292731580841,0.3305773213673433
335,Generic_Service,Completed,35.69638773184095,35.69738635712085,35.69738635712085,35.71614473879042,0.018758381669570667,0.019757006949467176,0.019757006949468803,0.0,STARLINK-30846,1,2,3,0.000998625279896507,0.03251072275671101,False,174.91094367124478,1.5121266398470239e-05,174.91095879251117,33398.56022342412,41.748200279280155,N/A,35.69638773184095,35.82028865539697,0.12390092355602178
336,CPU_Intensive,Completed,35.79108126391104,35.79209065671319,35.79209065671319,36.595954548799156,0.803863892085964,0.8048732848881185,0.8048732848881173,0.0,STARLINK-30846,1,2,3,0.0010093928021545546,0.05637008660013711,False,7889.461391186112,2.621864493029633e-05,7889.461417404757,25509.098832238004,31.8863735402975,N/A,35.79108126391104,36.73862872929674,0.9475474653857034
384,CPU_Intensive,Completed,40.7917951562971,40.79279725047744,40.79279725047744,40.80663396705766,0.013836716580215125,0.01483881076055674,0.014838810760558374,0.0,STARLINK-30846,1,2,3,0.001002094180341616,0.04019733401907614,False,124.24106257210772,1.8696434427477273e-05,124.24108126854215,25384.857769665876,31.731072212082346,N/A,40.7917951562971,41.08396768836533,0.29217253206822846
389,CPU_and_Data_Intensive,Completed,40.965047425525306,40.97428820639739,40.97428820639739,41.26912412312617,0.29483591672877907,0.304076697600865,0.30407669760086264,0.0,STARLINK-30846,1,2,4,0.009240780872085887,18.29600574188221,False,2816.0424414111762,0.008509770112503354,2816.050951181289,22568.806818484576,28.21100852310572,N/A,40.965047425525306,41.49042906995454,0.5253816444292312
413,CPU_and_Data_Intensive,Completed,43.26651566407359,43.267959769752316,43.267959769752316,43.91442011716713,0.6464603474148163,0.6479044530935472,0.6479044530935454,0.0,STARLINK-30846,1,2,4,0.001444105678730849,1.019634655837894,False,6353.3292090325895,0.00047424867713390415,6353.329683281267,16215.477135195679,20.269346418994598,N/A,43.26651566407359,44.21024044548561,0.9437247814120227
455,Generic_Service,Completed,46.97727248852965,46.97828339919905,46.97828339919905,46.99691208608018,0.018628686881129397,0.019639597550532024,0.019639597550529686,0.0,STARLINK-30846,1,2,3,0.0010109106694026256,0.05973347383722216,False,165.6141339019653,2.7783011087080074e-05,165.61416168497638,16049.863001293366,20.06232875161671,N/A,46.97727248852965,47.24131723871987,0.264044750190223
458,CPU_Intensive,Completed,47.16482084585986,47.1658291744123,47.1658291744123,47.732677712968,0.5668485385556963,0.5678568671081409,0.5678568671081408,0.0,STARLINK-30846,1,2,3,0.0010083285524446056,0.05401185408931439,False,5559.089727974063,2.512179259968111e-05,5559.0897530958555,10490.773273319282,13.113466591649104,N/A,47.16482084585986,47.85643088689568,0.6916100410358226
504,Generic_Service,Completed,52.115876670443875,52.116896505037964,52.116896505037964,52.13809849572061,0.021201990682648386,0.0222218252767369,0.02222182527673766,0.0,STARLINK-30846,1,2,3,0.0010198345940885159,0.0795076763779088,False,185.09628235887845,3.6980314594376186e-05,185.09631933919306,10305.676990960388,12.882096238700486,N/A,52.115876670443875,52.39339096034944,0.27751428990556803
508,CPU_and_Data_Intensive,Completed,52.490648687892374,52.49246885207446,52.49246885207446,53.09311870494312,0.6006498528686635,0.6024700170507488,0.6024700170507487,0.0,STARLINK-30846,1,2,4,0.0018201641820853327,1.8529291169886817,False,5898.96715776508,0.0008618274962738055,5898.968019592576,4406.708971367783,5.508386214209729,N/A,52.490648687892374,53.205402083420886,0.7147533955285112
562,CPU_Intensive,Completed,57.252922317162025,57.25393810378356,57.25393810378356,57.510627211453055,0.2566891076694944,0.2577048942910283,0.25770489429103094,0.0,STARLINK-30846,1,2,3,0.0010157866215339225,0.07053792013374982,False,2503.775426493174,3.280833494593015e-05,2503.7754593015093,1902.9335448740417,2.3786669310925523,N/A,57.252922317162025,57.63938221104649,0.38645989388446367
685,CPU_Intensive,Completed,68.89653226471258,68.89754352999026,68.89754352999026,68.99117627670196,0.0936327467117053,0.0946440119893839,0.09464401198938788,0.0,STARLINK-30846,1,2,3,0.0010112652776786022,0.06051923751392069,False,903.0540288173531,2.8148482564614274e-05,903.0540569658357,999.8795160566665,1.2498493950708331,N/A,68.89653226471258,69.10005496566161,0.20352270094903702
718,Generic_Service,Completed,71.30149903183754,71.3025209435148,71.3025209435148,71.40326391559572,0.10074297208090854,0.10176488375817969,0.10176488375817883,0.0,STARLINK-30846,1,2,3,0.0010219116772711356,0.08411021001559353,False,966.0325730689832,3.912102791422955e-05,966.0326121900112,33.846942987659645,0.042308678734574556,N/A,71.30149903183754,71.51070088782414,0.20920185598660623
202,CPU_and_Data_Intensive,Rejected,21.13086354873203,N/A,N/A,N/A,0.24019781100786672,0.0,0.0,0.0,STARLINK-30846,0,N/A,N/A,0.0,0.04429634228055129,False,0.0,0.0,0.0,33.84694298762422,0.04230867873453027,Deadline Exceeded,N/A,N/A,N/A
668,CPU_Intensive,Rejected,67.35802714295205,N/A,N/A,N/A,0.47896045870627496,0.0,0.0,0.0,STARLINK-30846,0,N/A,N/A,0.0,0.05496777997927753,False,0.0,0.0,0.0,33.84694298762422,0.04230867873453027,Insufficient Energy for CPU,N/A,N/A,N/A
669,CPU_Intensive,Rejected,67.37517058737127,N/A,N/A,N/A,0.27092443282320616,0.0,0.0,0.0,STARLINK-30846,0,N/A,N/A,0.0,0.08174232975001527,False,0.0,0.0,0.0,33.84694298762422,0.04230867873453027,Insufficient Energy for CPU,N/A,N/A,N/A
671,CPU_and_Data_Intensive,Rejected,67.51928654244446,N/A,N/A,N/A,1.2018812252103714,0.0,0.0,0.0,STARLINK-30846,0,N/A,N/A,0.0,16.42936221949222,False,0.0,0.0,0.0,33.84694298762422,0.04230867873453027,Insufficient Energy for CPU+NET,N/A,N/A,N/A
672,CPU_and_Data_Intensive,Rejected,67.59022657614247,N/A,N/A,N/A,0.7598653744772259,0.0,0.0,0.0,STARLINK-30846,0,N/A,N/A,0.0,23.81522883378018,False,0.0,0.0,0.0,33.84694298762422,0.04230867873453027,Insufficient Energy for CPU+NET,N/A,N/A,N/A
673,CPU_and_Data_Intensive,Rejected,67.65665778382649,N/A,N/A,N/A,0.9634222359548613,0.0,0.0,0.0,STARLINK-30846,0,N/A,N/A,0.0,0.043172603293024386,False,0.0,0.0,0.0,33.84694298762422,0.04230867873453027,Insufficient Energy for CPU+NET,N/A,N/A,N/A
674,CPU_Intensive,Rejected,67.6864931232573,N/A,N/A,N/A,0.625771740354201,0.0,0.0,0.0,STARLINK-30846,0,N/A,N/A,0.0,0.027419042662086668,False,0.0,0.0,0.0,33.84694298762422,0.04230867873453027,Insufficient Energy for CPU,N/A,N/A,N/A
675,CPU_Intensive,Rejected,67.71875553266015,N/A,N/A,N/A,2.8731624044234665,0.0,0.0,0.0,STARLINK-30846,0,N/A,N/A,0.0,0.04137178218677911,False,0.0,0.0,0.0,33.84694298762422,0.04230867873453027,Insufficient Energy for CPU,N/A,N/A,N/A
676,CPU_Intensive,Rejected,68.05604771891512,N/A,N/A,N/A,2.085971327622652,0.0,0.0,0.0,STARLINK-30846,0,N/A,N/A,0.0,0.02071819824204369,False,0.0,0.0,0.0,33.84694298762422,0.04230867873453027,Insufficient Energy for CPU,N/A,N/A,N/A
679,CPU_Intensive,Rejected,68.53316866677847,N/A,N/A,N/A,0.2032589697432876,0.0,0.0,0.0,STARLINK-30846,0,N/A,N/A,0.0,0.06301181423732564,False,0.0,0.0,0.0,33.84694298762422,0.04230867873453027,Insufficient Energy for CPU,N/A,N/A,N/A
680,CPU_Intensive,Rejected,68.57555080272431,N/A,N/A,N/A,0.605366294658703,0.0,0.0,0.0,STARLINK-30846,0,N/A,N/A,0.0,0.07581007048568694,False,0.0,0.0,0.0,33.84694298762422,0.04230867873453027,Insufficient Energy for CPU,N/A,N/A,N/A
682,CPU_Intensive,Rejected,68.60834424894101,N/A,N/A,N/A,0.7778256457970578,0.0,0.0,0.0,STARLINK-30846,0,N/A,N/A,0.0,0.05438673647121187,False,0.0,0.0,0.0,33.84694298762422,0.04230867873453027,Insufficient Energy for CPU,N/A,N/A,N/A
683,CPU_and_Data_Intensive,Rejected,68.65102870306637,N/A,N/A,N/A,0.5291050197083262,0.0,0.0,0.0,STARLINK-30846,0,N/A,N/A,0.0,18.21693855436786,False,0.0,0.0,0.0,33.84694298762422,0.04230867873453027,Insufficient Energy for CPU+NET,N/A,N/A,N/A
684,CPU_Intensive,Rejected,68.68681439000605,N/A,N/A,N/A,0.6313140595583008,0.0,0.0,0.0,STARLINK-30846,0,N/A,N/A,0.0,0.024199042475238634,False,0.0,0.0,0.0,33.84694298762422,0.04230867873453027,Insufficient Energy for CPU,N/A,N/A,N/A
710,CPU_and_Data_Intensive,Rejected,70.87123342463255,N/A,N/A,N/A,0.32622980989602857,0.0,0.0,0.0,STARLINK-30846,0,N/A,N/A,0.0,0.7019763976393111,False,0.0,0.0,0.0,33.84694298762422,0.04230867873453027,Insufficient Energy for CPU+NET,N/A,N/A,N/A
712,CPU_Intensive,Rejected,71.03086210152597,N/A,N/A,N/A,0.1354621607223766,0.0,0.0,0.0,STARLINK-30846,0,N/A,N/A,0.0,0.05667439396046168,False,0.0,0.0,0.0,33.84694298762422,0.04230867873453027,Insufficient Energy for CPU,N/A,N/A,N/A
713,CPU_and_Data_Intensive,Rejected,71.10787491251351,N/A,N/A,N/A,0.4126148768478891,0.0,0.0,0.0,STARLINK-30846,0,N/A,N/A,0.0,1.761028485415627,False,0.0,0.0,0.0,33.84694298762422,0.04230867873453027,Insufficient Energy for CPU+NET,N/A,N/A,N/A
714,CPU_and_Data_Intensive,Rejected,71.1813082680052,N/A,N/A,N/A,0.9848947110458253,0.0,0.0,0.0,STARLINK-30846,0,N/A,N/A,0.0,0.33126737141810125,False,0.0,0.0,0.0,33.84694298762422,0.04230867873453027,Insufficient Energy for CPU+NET,N/A,N/A,N/A
716,CPU_and_Data_Intensive,Rejected,71.21780274913557,N/A,N/A,N/A,3.2149997567983726,0.0,0.0,0.0,STARLINK-30846,0,N/A,N/A,0.0,0.2513954264334454,False,0.0,0.0,0.0,33.84694298762422,0.04230867873453027,Insufficient Energy for CPU+NET,N/A,N/A,N/A
29000,Batch,Completed,0,0,0.0,0.12760165784062474,0.12760165784062474,0.12760165784062474,0.12760165784062474,0.0,STARLINK-34657,0,N/A,0,0.0,274.3435643573432,False,0.0,0.12760165784062474,0.12760165784062474,80000,100.0,N/A,N/A,N/A,N/A
27000,Batch,Completed,0,0,0.0,0.1832033823983607,0.1832033823983607,0.1832033823983607,0.1832033823983607,0.0,STARLINK-34657,0,N/A,0,0.0,393.8872721564755,False,0.0,0.1832033823983607,0.1832033823983607,79999.87239834217,99.9998404979277,N/A,N/A,N/A,N/A
28000,Batch,Completed,0,0,0.0,0.21037166729004012,0.21037166729004012,0.21037166729004012,0.21037166729004012,0.0,STARLINK-34657,0,N/A,0,0.0,452.29908467358626,False,0.0,0.21037166729004012,0.21037166729004012,79999.68919495976,99.9996114936997,N/A,N/A,N/A,N/A
27,CPU_and_Data_Intensive,Completed,3.713627470672175,3.7158763967860655,3.7158763967860655,3.998194773220016,0.2823183764339503,0.28456730254784096,0.284567302547841,0.0,STARLINK-34657,1,2,5,0.0022489261138906457,0.7381203038389815,False,2773.2491737112605,0.0003433117692274333,2773.2495170230295,77226.22930626945,96.53278663283682,N/A,3.713627470672175,4.128449737701416,0.4148222670292414
46,Generic_Service,Completed,5.752395269846603,5.7543775387198695,5.7543775387198695,5.82233898679255,0.06796144807268067,0.06994371694594725,0.06994371694594737,0.0,STARLINK-34657,1,2,4,0.0019822688732665738,0.04551830225057929,False,654.99464646697,2.117130337236246e-05,654.9946676382734,76571.23465980221,95.71404332475277,N/A,5.752395269846603,5.94235496110291,0.1899596912563073
55,CPU_and_Data_Intensive,Completed,6.6454753147598415,6.647750545604909,6.647750545604909,6.740661626096038,0.09291108049112928,0.09518631133619661,0.09518631133619682,0.0,STARLINK-34657,1,2,5,0.002275230845067319,0.8064428793729165,False,910.0994808663291,0.00037508971133624024,910.0998559560405,75661.13480384616,94.5764185048077,N/A,6.6454753147598415,6.853937724773115,0.20846241001327304
69,Generic_Service,Completed,8.49161915596428,8.493599512476452,8.493599512476452,8.5281025697879,0.034503057311447094,0.03648341382361872,0.036483413823619415,0.0,STARLINK-34657,1,2,4,0.0019803565121716267,0.04055123246833597,False,327.39203586166207,1.8861038357365567e-05,327.39205472270044,75333.74276798421,94.16717845998026,N/A,8.49161915596428,8.767180720632892,0.27556156466861204
72,CPU_and_Data_Intensive,Completed,8.967627984344293,8.969975133096343,8.969975133096343,9.098396162299773,0.12842102920343024,0.1307681779554803,0.13076817795547946,0.0,STARLINK-34657,1,2,5,0.002347148752050046,0.9932388058953352,False,1258.488410535548,0.0004619715376257373,1258.4888725070855,74075.25389547712,92.59406736934639,N/A,8.967627984344293,9.271530156181337,0.30390217183704316
81,CPU_Intensive,Completed,9.836911302384598,9.838896214466015,9.838896214466015,11.445249850772214,1.6063536363061992,1.6083385483876156,1.608338548387616,0.0,STARLINK-34657,1,2,4,0.001984912081416287,0.052383637130749255,False,15783.192120356976,2.4364482386395e-05,15783.192144721459,58292.061775119815,72.86507721889977,N/A,9.836911302384598,11.700534476729484,1.8636231743448857
93,CPU_Intensive,Completed,11.1754599120978,11.177446196549683,11.177446196549683,12.413436072698355,1.2359898761486718,1.2379761606005544,1.2379761606005548,0.0,STARLINK-34657,1,2,5,0.001986284451882482,0.05594816262266071,False,12139.582177821334,2.602240121984219e-05,12139.582203843735,46152.479597298465,57.690599496623086,N/A,11.1754599120978,12.610281366028238,1.4348214539304376
244,CPU_Intensive,Completed,26.057659288074507,26.05964839447513,26.05964839447513,26.15409015380223,0.09444175932710053,0.09643086572772305,0.09643086572772219,0.0,STARLINK-34657,1,2,4,0.0019891064006225317,0.06327774925291403,False,910.1979356904361,2.9431511280425132e-05,910.1979651219474,45242.28166160801,56.55285207701001,N/A,26.057659288074507,26.344739785108146,0.2870804970336387
248,Generic_Service,Completed,26.17121756137927,26.173197128445533,26.173197128445533,26.24192072191039,0.06872359346485624,0.07070316053111983,0.0707031605311208,0.0,STARLINK-34657,1,2,4,0.0019795670662635964,0.03850076567895536,False,664.5581467261759,1.7907332873932726e-05,664.5581646335088,44577.723514881814,55.72215439360227,N/A,26.17121756137927,26.5478028694179,0.37658530803863144
256,CPU_and_Data_Intensive,Completed,26.939924269064115,26.94218342148942,26.94218342148942,27.08857966677106,0.14639624528163964,0.14865539770694597,0.14865539770694625,0.0,STARLINK-34657,1,2,5,0.0022591524253063227,0.7646816068014969,False,1436.3217424238285,0.0003556658636286032,1436.3220980896922,43141.401416792105,53.92675177099014,N/A,26.939924269064115,27.257337197511973,0.3174129284478582
271,CPU_and_Data_Intensive,Completed,27.988780962006253,27.9914436070224,27.9914436070224,29.00068963683056,1.0092460298081605,1.0119086748243078,1.0119086748243085,0.0,STARLINK-34657,1,2,5,0.0026626450161473685,1.8126928117047056,False,9917.729992578716,0.0008431129356766073,9917.730835691651,33223.67058110021,41.52958822637526,N/A,27.988780962006253,29.16865007957777,1.179869117571517
279,CPU_Intensive,Completed,28.89121275226263,28.89320046614632,28.89320046614632,30.368386681321336,1.4751862151750146,1.4771739290587087,1.4771739290587078,0.0,STARLINK-34657,1,2,5,0.0019877138836940597,0.059660896360982436,False,14491.004915106823,2.774925412138718e-05,14491.004942856078,18732.665665992718,23.415832082490898,N/A,28.89121275226263,30.480679169930934,1.589466417668305
442,CPU_Intensive,Completed,46.58314002126702,46.58511504925291,46.58511504925291,46.73001923157706,0.14490418232414726,0.14687921031003673,0.1468792103100398,0.0,STARLINK-34657,1,2,4,0.001975027985889469,0.026711188373145622,False,1417.2746615277272,1.2423808545649127e-05,1417.2746739515358,17315.391004464964,21.644238755581206,N/A,46.58314002126702,46.9328280278688,0.3496880066017809
443,CPU_and_Data_Intensive,Completed,46.58428798523266,46.58671331605042,46.58671331605042,47.05570159284732,0.4689882767968996,0.471413607614657,0.47141360761465734,0.0,STARLINK-34657,1,2,6,0.0024253308177573933,1.1963049407975674,False,4607.067858440832,0.000556420902696543,4607.068414861735,12708.322589603218,15.885403237004022,N/A,46.58428798523266,47.34131723874848,0.7570292535158174
452,CPU_Intensive,Completed,46.73929355874438,46.74128253301305,46.74128253301305,47.63298772421628,0.8917051912032292,0.8936941654719005,0.8936941654718993,0.0,STARLINK-34657,1,2,5,0.0019889742686713284,0.06293455641981069,False,8751.453935982046,2.927188670688869e-05,8751.453965253933,3956.868653620717,4.946085817025896,N/A,46.73929355874438,47.85643088687476,1.117137328130383
586,CPU_Intensive,Completed,59.11612431771396,59.118095408244294,59.118095408244294,59.50973640182254,0.39164099357824966,0.3936120841085811,0.3936120841085824,0.0,STARLINK-34657,1,2,4,0.001971090530331442,0.016484240872030227,False,3846.9659572361998,7.667088777688478e-06,3846.9659649032888,109.90269638449672,0.1373783704806209,N/A,59.11612431771396,59.65932025974645,0.5431959420324901
441,CPU_and_Data_Intensive,Rejected,46.580322774106925,N/A,N/A,N/A,0.2560025100554531,0.0,0.0,0.0,STARLINK-34657,0,N/A,N/A,0.0,8.543468575742846,False,0.0,0.0,0.0,109.90269638449024,0.1373783704806128,Deadline Exceeded,N/A,N/A,N/A
582,CPU_and_Data_Intensive,Rejected,58.830796319500216,N/A,N/A,N/A,0.4536667589224457,0.0,0.0,0.0,STARLINK-34657,0,N/A,N/A,0.0,2.0527798173647938,False,0.0,0.0,0.0,109.90269638449024,0.1373783704806128,Insufficient Energy for CPU+NET,N/A,N/A,N/A
1115,CPU_and_Data_Intensive,Rejected,112.92349542396012,N/A,N/A,N/A,0.11980290276506432,0.0,0.0,0.0,STARLINK-34657,0,N/A,N/A,0.0,0.3126372505611289,False,0.0,0.0,0.0,109.90269638449024,0.1373783704806128,Insufficient Energy for CPU+NET,N/A,N/A,N/A
1125,CPU_and_Data_Intensive,Rejected,113.80148900331135,N/A,N/A,N/A,0.18780505723904947,0.0,0.0,0.0,STARLINK-34657,0,N/A,N/A,0.0,1.1630738453634182,False,0.0,0.0,0.0,109.90269638449024,0.1373783704806128,Insufficient Energy for CPU+NET,N/A,N/A,N/A
1126,CPU_Intensive,Rejected,113.8537642282377,N/A,N/A,N/A,0.29396268542304343,0.0,0.0,0.0,STARLINK-34657,0,N/A,N/A,0.0,0.07490362850091485,False,0.0,0.0,0.0,109.90269638449024,0.1373783704806128,Insufficient Energy for CPU,N/A,N/A,N/A
1127,CPU_Intensive,Rejected,114.11326575189062,N/A,N/A,N/A,0.1592955793996857,0.0,0.0,0.0,STARLINK-34657,0,N/A,N/A,0.0,0.013520760253717486,False,0.0,0.0,0.0,109.90269638449024,0.1373783704806128,Insufficient Energy for CPU,N/A,N/A,N/A
1136,CPU_and_Data_Intensive,Rejected,115.02604475759367,N/A,N/A,N/A,0.19023949763399906,0.0,0.0,0.0,STARLINK-34657,0,N/A,N/A,0.0,1.7011544721962832,False,0.0,0.0,0.0,109.90269638449024,0.1373783704806128,Insufficient Energy for CPU+NET,N/A,N/A,N/A
1139,Generic_Service,Rejected,115.48082798380719,N/A,N/A,N/A,0.10957202802401181,0.0,0.0,0.0,STARLINK-34657,0,N/A,N/A,0.0,0.0876788636713225,False,0.0,0.0,0.0,109.90269638449024,0.1373783704806128,Insufficient Energy for CPU,N/A,N/A,N/A
1143,CPU_Intensive,Rejected,115.97195803424711,N/A,N/A,N/A,0.21738346839428066,0.0,0.0,0.0,STARLINK-34657,0,N/A,N/A,0.0,0.02226788413738131,False,0.0,0.0,0.0,109.90269638449024,0.1373783704806128,Insufficient Energy for CPU,N/A,N/A,N/A
1146,CPU_and_Data_Intensive,Rejected,116.56696161561779,N/A,N/A,N/A,0.12708122071045466,0.0,0.0,0.0,STARLINK-34657,0,N/A,N/A,0.0,22.97925670651292,False,0.0,0.0,0.0,109.90269638449024,0.1373783704806128,Insufficient Energy for CPU+NET,N/A,N/A,N/A
1149,Generic_Service,Rejected,117.18282454637215,N/A,N/A,N/A,0.2242054921582276,0.0,0.0,0.0,STARLINK-34657,0,N/A,N/A,0.0,0.05635235542915064,False,0.0,0.0,0.0,109.90269638449024,0.1373783704806128,Insufficient Energy for CPU,N/A,N/A,N/A
1152,CPU_Intensive,Rejected,117.34360238490223,N/A,N/A,N/A,0.15685298229290048,0.0,0.0,0.0,STARLINK-34657,0,N/A,N/A,0.0,0.08440626660449276,False,0.0,0.0,0.0,109.90269638449024,0.1373783704806128,Insufficient Energy for CPU,N/A,N/A,N/A
1159,CPU_Intensive,Rejected,118.3298405148956,N/A,N/A,N/A,0.14796673127173937,0.0,0.0,0.0,STARLINK-34657,0,N/A,N/A,0.0,0.05954183763029713,False,0.0,0.0,0.0,109.90269638449024,0.1373783704806128,Insufficient Energy for CPU,N/A,N/A,N/A
1169,CPU_and_Data_Intensive,Rejected,119.4801542324933,N/A,N/A,N/A,0.22126711327792564,0.0,0.0,0.0,STARLINK-34657,0,N/A,N/A,0.0,1.9167291830557716,False,0.0,0.0,0.0,109.90269638449024,0.1373783704806128,Insufficient Energy for CPU+NET,N/A,N/A,N/A
1171,CPU_Intensive,Rejected,119.68035751381319,N/A,N/A,N/A,0.17172506139158997,0.0,0.0,0.0,STARLINK-34657,0,N/A,N/A,0.0,0.024011565178360825,False,0.0,0.0,0.0,109.90269638449024,0.1373783704806128,Insufficient Energy for CPU,N/A,N/A,N/A
1172,Generic_Service,Rejected,119.70197208130713,N/A,N/A,N/A,0.22034646748116893,0.0,0.0,0.0,STARLINK-34657,0,N/A,N/A,0.0,0.012557500235264139,False,0.0,0.0,0.0,109.90269638449024,0.1373783704806128,Insufficient Energy for CPU,N/A,N/A,N/A
1173,CPU_Intensive,Rejected,119.9956053373898,N/A,N/A,N/A,0.16949602721228738,0.0,0.0,0.0,STARLINK-34657,0,N/A,N/A,0.0,0.012910697350097438,False,0.0,0.0,0.0,109.90269638449024,0.1373783704806128,Insufficient Energy for CPU,N/A,N/A,N/A
1175,CPU_and_Data_Intensive,Rejected,120.36384718645648,N/A,N/A,N/A,0.13655485650386678,0.0,0.0,0.0,STARLINK-34657,0,N/A,N/A,0.0,20.584452567817475,False,0.0,0.0,0.0,109.90269638449024,0.1373783704806128,Insufficient Energy for CPU+NET,N/A,N/A,N/A
1180,CPU_and_Data_Intensive,Rejected,120.57026328168818,N/A,N/A,N/A,0.11141715946559014,0.0,0.0,0.0,STARLINK-34657,0,N/A,N/A,0.0,0.5062666233929163,False,0.0,0.0,0.0,109.90269638449024,0.1373783704806128,Insufficient Energy for CPU+NET,N/A,N/A,N/A
1181,CPU_Intensive,Rejected,120.57976824076411,N/A,N/A,N/A,0.1578062388789374,0.0,0.0,0.0,STARLINK-34657,0,N/A,N/A,0.0,0.025826058086071357,False,0.0,0.0,0.0,109.90269638449024,0.1373783704806128,Insufficient Energy for CPU,N/A,N/A,N/A
1190,CPU_and_Data_Intensive,Rejected,121.2729490670847,N/A,N/A,N/A,0.18882870746017413,0.0,0.0,0.0,STARLINK-34657,0,N/A,N/A,0.0,22.069487275223825,False,0.0,0.0,0.0,109.90269638449024,0.1373783704806128,Insufficient Energy for CPU+NET,N/A,N/A,N/A
1198,CPU_Intensive,Rejected,121.85354260780068,N/A,N/A,N/A,0.13897848990100267,0.0,0.0,0.0,STARLINK-34657,0,N/A,N/A,0.0,0.046594396367468156,False,0.0,0.0,0.0,109.90269638449024,0.1373783704806128,Insufficient Energy for CPU,N/A,N/A,N/A
1199,Generic_Service,Rejected,121.93151644110087,N/A,N/A,N/A,0.16966873341209096,0.0,0.0,0.0,STARLINK-34657,0,N/A,N/A,0.0,0.0343852617715937,False,0.0,0.0,0.0,109.90269638449024,0.1373783704806128,Insufficient Energy for CPU,N/A,N/A,N/A
1214,CPU_and_Data_Intensive,Rejected,124.10947331147297,N/A,N/A,N/A,0.2861846581458791,0.0,0.0,0.0,STARLINK-34657,0,N/A,N/A,0.0,0.7334077097305414,False,0.0,0.0,0.0,109.90269638449024,0.1373783704806128,Insufficient Energy for CPU+NET,N/A,N/A,N/A
1217,CPU_and_Data_Intensive,Rejected,124.20937665305638,N/A,N/A,N/A,0.12250748075496251,0.0,0.0,0.0,STARLINK-34657,0,N/A,N/A,0.0,22.238314745385246,False,0.0,0.0,0.0,109.90269638449024,0.1373783704806128,Insufficient Energy for CPU+NET,N/A,N/A,N/A
1218,CPU_and_Data_Intensive,Rejected,124.23567330767523,N/A,N/A,N/A,0.16722864059319448,0.0,0.0,0.0,STARLINK-34657,0,N/A,N/A,0.0,22.143867044007937,False,0.0,0.0,0.0,109.90269638449024,0.1373783704806128,Insufficient Energy for CPU+NET,N/A,N/A,N/A
1226,CPU_Intensive,Rejected,124.75533408693934,N/A,N/A,N/A,0.10902724645324914,0.0,0.0,0.0,STARLINK-34657,0,N/A,N/A,0.0,0.01114125165548019,False,0.0,0.0,0.0,109.90269638449024,0.1373783704806128,Insufficient Energy for CPU,N/A,N/A,N/A
1229,CPU_and_Data_Intensive,Rejected,125.192820740386,N/A,N/A,N/A,0.2648778157170735,0.0,0.0,0.0,STARLINK-34657,0,N/A,N/A,0.0,19.00501729151523,False,0.0,0.0,0.0,109.90269638449024,0.1373783704806128,Insufficient Energy for CPU+NET,N/A,N/A,N/A
1234,CPU_Intensive,Rejected,125.61096899673849,N/A,N/A,N/A,0.1098870203021447,0.0,0.0,0.0,STARLINK-34657,0,N/A,N/A,0.0,0.056512310789263505,False,0.0,0.0,0.0,109.90269638449024,0.1373783704806128,Insufficient Energy for CPU,N/A,N/A,N/A
1252,CPU_Intensive,Rejected,127.5393312016259,N/A,N/A,N/A,0.12761975594208202,0.0,0.0,0.0,STARLINK-34657,0,N/A,N/A,0.0,0.0688623323608731,False,0.0,0.0,0.0,109.90269638449024,0.1373783704806128,Insufficient Energy for CPU,N/A,N/A,N/A
1253,CPU_Intensive,Rejected,127.64466282620296,N/A,N/A,N/A,0.2991294960578484,0.0,0.0,0.0,STARLINK-34657,0,N/A,N/A,0.0,0.03327236302229691,False,0.0,0.0,0.0,109.90269638449024,0.1373783704806128,Insufficient Energy for CPU,N/A,N/A,N/A
1261,CPU_and_Data_Intensive,Rejected,128.5160490406305,N/A,N/A,N/A,0.2950083483701934,0.0,0.0,0.0,STARLINK-34657,0,N/A,N/A,0.0,3.6598341288353,False,0.0,0.0,0.0,109.90269638449024,0.1373783704806128,Insufficient Energy for CPU+NET,N/A,N/A,N/A
1262,CPU_Intensive,Rejected,128.73621730673193,N/A,N/A,N/A,0.1406258751620761,0.0,0.0,0.0,STARLINK-34657,0,N/A,N/A,0.0,0.052300354494414246,False,0.0,0.0,0.0,109.90269638449024,0.1373783704806128,Insufficient Energy for CPU,N/A,N/A,N/A
1272,CPU_Intensive,Rejected,129.39371768861147,N/A,N/A,N/A,0.1852180169919931,0.0,0.0,0.0,STARLINK-34657,0,N/A,N/A,0.0,0.02814408521068308,False,0.0,0.0,0.0,109.90269638449024,0.1373783704806128,Insufficient Energy for CPU,N/A,N/A,N/A
1274,CPU_and_Data_Intensive,Rejected,129.40989362330734,N/A,N/A,N/A,0.2648482522712878,0.0,0.0,0.0,STARLINK-34657,0,N/A,N/A,0.0,10.815161666121131,False,0.0,0.0,0.0,109.90269638449024,0.1373783704806128,Insufficient Energy for CPU+NET,N/A,N/A,N/A
1282,CPU_Intensive,Rejected,130.1642990076341,N/A,N/A,N/A,0.12219485626068173,0.0,0.0,0.0,STARLINK-34657,0,N/A,N/A,0.0,0.018163318004697955,False,0.0,0.0,0.0,109.90269638449024,0.1373783704806128,Insufficient Energy for CPU,N/A,N/A,N/A
1283,CPU_Intensive,Rejected,130.2406573819405,N/A,N/A,N/A,0.12345601356598472,0.0,0.0,0.0,STARLINK-34657,0,N/A,N/A,0.0,0.06119252863731865,False,0.0,0.0,0.0,109.90269638449024,0.1373783704806128,Insufficient Energy for CPU,N/A,N/A,N/A
1307,CPU_Intensive,Rejected,132.43311356224055,N/A,N/A,N/A,0.1174769783106064,0.0,0.0,0.0,STARLINK-34657,0,N/A,N/A,0.0,0.024328568766977476,False,0.0,0.0,0.0,109.90269638449024,0.1373783704806128,Insufficient Energy for CPU,N/A,N/A,N/A
1309,CPU_Intensive,Rejected,132.5255059389183,N/A,N/A,N/A,0.1526101515868858,0.0,0.0,0.0,STARLINK-34657,0,N/A,N/A,0.0,0.06804383591430578,False,0.0,0.0,0.0,109.90269638449024,0.1373783704806128,Insufficient Energy for CPU,N/A,N/A,N/A
1327,CPU_Intensive,Rejected,134.16930861675465,N/A,N/A,N/A,0.19405343906432743,0.0,0.0,0.0,STARLINK-34657,0,N/A,N/A,0.0,0.03166175617848905,False,0.0,0.0,0.0,109.90269638449024,0.1373783704806128,Insufficient Energy for CPU,N/A,N/A,N/A
1330,CPU_and_Data_Intensive,Rejected,134.2275319539556,N/A,N/A,N/A,0.22413325151861213,0.0,0.0,0.0,STARLINK-34657,0,N/A,N/A,0.0,2.08166477299182,False,0.0,0.0,0.0,109.90269638449024,0.1373783704806128,Insufficient Energy for CPU+NET,N/A,N/A,N/A
1332,CPU_and_Data_Intensive,Rejected,134.31615692637845,N/A,N/A,N/A,0.18014533501187863,0.0,0.0,0.0,STARLINK-34657,0,N/A,N/A,0.0,4.427907261688512,False,0.0,0.0,0.0,109.90269638449024,0.1373783704806128,Insufficient Energy for CPU+NET,N/A,N/A,N/A
1338,CPU_and_Data_Intensive,Rejected,135.46494830088508,N/A,N/A,N/A,0.22105635049490757,0.0,0.0,0.0,STARLINK-34657,0,N/A,N/A,0.0,0.471289956667718,False,0.0,0.0,0.0,109.90269638449024,0.1373783704806128,Insufficient Energy for CPU+NET,N/A,N/A,N/A
1343,CPU_Intensive,Rejected,136.63735504029412,N/A,N/A,N/A,0.17970474343443463,0.0,0.0,0.0,STARLINK-34657,0,N/A,N/A,0.0,0.0681196281149731,False,0.0,0.0,0.0,109.90269638449024,0.1373783704806128,Insufficient Energy for CPU,N/A,N/A,N/A
1345,CPU_Intensive,Rejected,136.69498655324225,N/A,N/A,N/A,0.27616251200659464,0.0,0.0,0.0,STARLINK-34657,0,N/A,N/A,0.0,0.043316850083662296,False,0.0,0.0,0.0,109.90269638449024,0.1373783704806128,Insufficient Energy for CPU,N/A,N/A,N/A
1348,CPU_Intensive,Rejected,137.056229933966,N/A,N/A,N/A,0.2917274144821145,0.0,0.0,0.0,STARLINK-34657,0,N/A,N/A,0.0,0.06452114820777145,False,0.0,0.0,0.0,109.90269638449024,0.1373783704806128,Insufficient Energy for CPU,N/A,N/A,N/A
1354,CPU_Intensive,Rejected,137.44874612208093,N/A,N/A,N/A,0.1416039517628436,0.0,0.0,0.0,STARLINK-34657,0,N/A,N/A,0.0,0.06696607397336486,False,0.0,0.0,0.0,109.90269638449024,0.1373783704806128,Insufficient Energy for CPU,N/A,N/A,N/A
1355,Generic_Service,Rejected,137.71766358314343,N/A,N/A,N/A,0.20540276970376012,0.0,0.0,0.0,STARLINK-34657,0,N/A,N/A,0.0,0.013664460286963817,False,0.0,0.0,0.0,109.90269638449024,0.1373783704806128,Insufficient Energy for CPU,N/A,N/A,N/A
1368,CPU_and_Data_Intensive,Rejected,139.092273594551,N/A,N/A,N/A,0.11555961976515668,0.0,0.0,0.0,STARLINK-34657,0,N/A,N/A,0.0,0.405857238434784,False,0.0,0.0,0.0,109.90269638449024,0.1373783704806128,Insufficient Energy for CPU+NET,N/A,N/A,N/A
1370,CPU_Intensive,Rejected,139.18923450571106,N/A,N/A,N/A,0.12879439108927368,0.0,0.0,0.0,STARLINK-34657,0,N/A,N/A,0.0,0.07532460318485727,False,0.0,0.0,0.0,109.90269638449024,0.1373783704806128,Insufficient Energy for CPU,N/A,N/A,N/A
1375,CPU_Intensive,Rejected,139.8630649450672,N/A,N/A,N/A,0.26019819614797873,0.0,0.0,0.0,STARLINK-34657,0,N/A,N/A,0.0,0.041532215937127186,False,0.0,0.0,0.0,109.90269638449024,0.1373783704806128,Insufficient Energy for CPU,N/A,N/A,N/A
1378,CPU_and_Data_Intensive,Rejected,140.1972042303469,N/A,N/A,N/A,0.1358474255246339,0.0,0.0,0.0,STARLINK-34657,0,N/A,N/A,0.0,1.0988468389457908,False,0.0,0.0,0.0,109.90269638449024,0.1373783704806128,Insufficient Energy for CPU+NET,N/A,N/A,N/A
1381,CPU_and_Data_Intensive,Rejected,140.35499270116256,N/A,N/A,N/A,0.11102161677290302,0.0,0.0,0.0,STARLINK-34657,0,N/A,N/A,0.0,15.727861313285985,False,0.0,0.0,0.0,109.90269638449024,0.1373783704806128,Insufficient Energy for CPU+NET,N/A,N/A,N/A
1386,Generic_Service,Rejected,140.9017623247775,N/A,N/A,N/A,0.14519429657989652,0.0,0.0,0.0,STARLINK-34657,0,N/A,N/A,0.0,0.05681513384171836,False,0.0,0.0,0.0,109.90269638449024,0.1373783704806128,Insufficient Energy for CPU,N/A,N/A,N/A
1388,CPU_Intensive,Rejected,141.08601192549278,N/A,N/A,N/A,0.1878178604006818,0.0,0.0,0.0,STARLINK-34657,0,N/A,N/A,0.0,0.08131112436213227,False,0.0,0.0,0.0,109.90269638449024,0.1373783704806128,Insufficient Energy for CPU,N/A,N/A,N/A
1389,CPU_Intensive,Rejected,141.1217678072408,N/A,N/A,N/A,0.2998556889968342,0.0,0.0,0.0,STARLINK-34657,0,N/A,N/A,0.0,0.026187924453753925,False,0.0,0.0,0.0,109.90269638449024,0.1373783704806128,Insufficient Energy for CPU,N/A,N/A,N/A
1394,CPU_and_Data_Intensive,Rejected,141.67130421267777,N/A,N/A,N/A,0.1477852613548536,0.0,0.0,0.0,STARLINK-34657,0,N/A,N/A,0.0,16.105836180036263,False,0.0,0.0,0.0,109.90269638449024,0.1373783704806128,Insufficient Energy for CPU+NET,N/A,N/A,N/A
1409,CPU_Intensive,Rejected,143.33145041613642,N/A,N/A,N/A,0.28531602850728927,0.0,0.0,0.0,STARLINK-34657,0,N/A,N/A,0.0,0.028672723725752275,False,0.0,0.0,0.0,109.90269638449024,0.1373783704806128,Insufficient Energy for CPU,N/A,N/A,N/A
1410,CPU_Intensive,Rejected,143.36104713030934,N/A,N/A,N/A,0.2174492310851475,0.0,0.0,0.0,STARLINK-34657,0,N/A,N/A,0.0,0.0112536852609378,False,0.0,0.0,0.0,109.90269638449024,0.1373783704806128,Insufficient Energy for CPU,N/A,N/A,N/A
1413,CPU_Intensive,Rejected,143.4953224165713,N/A,N/A,N/A,0.2441174523140645,0.0,0.0,0.0,STARLINK-34657,0,N/A,N/A,0.0,0.04799022468613859,False,0.0,0.0,0.0,109.90269638449024,0.1373783704806128,Insufficient Energy for CPU,N/A,N/A,N/A
1414,CPU_and_Data_Intensive,Rejected,143.62856503578163,N/A,N/A,N/A,0.10831635084056553,0.0,0.0,0.0,STARLINK-34657,0,N/A,N/A,0.0,1.1673044356641078,False,0.0,0.0,0.0,109.90269638449024,0.1373783704806128,Insufficient Energy for CPU+NET,N/A,N/A,N/A
1416,Generic_Service,Rejected,143.88560512479037,N/A,N/A,N/A,0.165134873223034,0.0,0.0,0.0,STARLINK-34657,0,N/A,N/A,0.0,0.08372653625319312,False,0.0,0.0,0.0,109.90269638449024,0.1373783704806128,Insufficient Energy for CPU,N/A,N/A,N/A
1418,CPU_and_Data_Intensive,Rejected,143.9909025603833,N/A,N/A,N/A,0.15691836261329078,0.0,0.0,0.0,STARLINK-34657,0,N/A,N/A,0.0,9.42514016663351,False,0.0,0.0,0.0,109.90269638449024,0.1373783704806128,Insufficient Energy for CPU+NET,N/A,N/A,N/A
1419,CPU_and_Data_Intensive,Rejected,144.00138347779063,N/A,N/A,N/A,0.23133013613652267,0.0,0.0,0.0,STARLINK-34657,0,N/A,N/A,0.0,1.8407412596812869,False,0.0,0.0,0.0,109.90269638449024,0.1373783704806128,Insufficient Energy for CPU+NET,N/A,N/A,N/A
1431,CPU_Intensive,Rejected,145.1014490366705,N/A,N/A,N/A,0.16861592270769746,0.0,0.0,0.0,STARLINK-34657,0,N/A,N/A,0.0,0.05626748087200581,False,0.0,0.0,0.0,109.90269638449024,0.1373783704806128,Insufficient Energy for CPU,N/A,N/A,N/A
1432,Generic_Service,Rejected,145.11253014959402,N/A,N/A,N/A,0.1415855500784666,0.0,0.0,0.0,STARLINK-34657,0,N/A,N/A,0.0,0.04034417412926212,False,0.0,0.0,0.0,109.90269638449024,0.1373783704806128,Insufficient Energy for CPU,N/A,N/A,N/A
1446,CPU_Intensive,Rejected,146.41517991926068,N/A,N/A,N/A,0.10970867217171472,0.0,0.0,0.0,STARLINK-34657,0,N/A,N/A,0.0,0.0331436096065631,False,0.0,0.0,0.0,109.90269638449024,0.1373783704806128,Insufficient Energy for CPU,N/A,N/A,N/A
1450,CPU_and_Data_Intensive,Rejected,146.84427487970012,N/A,N/A,N/A,0.1280566813330289,0.0,0.0,0.0,STARLINK-34657,0,N/A,N/A,0.0,1.5822299848518606,False,0.0,0.0,0.0,109.90269638449024,0.1373783704806128,Insufficient Energy for CPU+NET,N/A,N/A,N/A
1452,CPU_and_Data_Intensive,Rejected,147.04036101157598,N/A,N/A,N/A,0.2316672641078469,0.0,0.0,0.0,STARLINK-34657,0,N/A,N/A,0.0,9.433535367667858,False,0.0,0.0,0.0,109.90269638449024,0.1373783704806128,Insufficient Energy for CPU+NET,N/A,N/A,N/A
1465,CPU_Intensive,Rejected,147.93809279712448,N/A,N/A,N/A,0.12386390575862119,0.0,0.0,0.0,STARLINK-34657,0,N/A,N/A,0.0,0.027804125430921908,False,0.0,0.0,0.0,109.90269638449024,0.1373783704806128,Insufficient Energy for CPU,N/A,N/A,N/A
1474,CPU_Intensive,Rejected,148.75161414796682,N/A,N/A,N/A,0.13045912132364498,0.0,0.0,0.0,STARLINK-34657,0,N/A,N/A,0.0,0.011215046323137202,False,0.0,0.0,0.0,109.90269638449024,0.1373783704806128,Insufficient Energy for CPU,N/A,N/A,N/A
1480,Generic_Service,Rejected,149.1214195511559,N/A,N/A,N/A,0.12351140687597924,0.0,0.0,0.0,STARLINK-34657,0,N/A,N/A,0.0,0.06866293459739607,False,0.0,0.0,0.0,109.90269638449024,0.1373783704806128,Insufficient Energy for CPU,N/A,N/A,N/A
1481,Generic_Service,Rejected,149.13600849592808,N/A,N/A,N/A,0.1685746394472113,0.0,0.0,0.0,STARLINK-34657,0,N/A,N/A,0.0,0.01342021894640584,False,0.0,0.0,0.0,109.90269638449024,0.1373783704806128,Insufficient Energy for CPU,N/A,N/A,N/A
1482,CPU_and_Data_Intensive,Rejected,149.15477554133273,N/A,N/A,N/A,0.1966795948072804,0.0,0.0,0.0,STARLINK-34657,0,N/A,N/A,0.0,2.0713921518043183,False,0.0,0.0,0.0,109.90269638449024,0.1373783704806128,Insufficient Energy for CPU+NET,N/A,N/A,N/A
1484,CPU_Intensive,Rejected,149.242762696068,N/A,N/A,N/A,0.13125583193360618,0.0,0.0,0.0,STARLINK-34657,0,N/A,N/A,0.0,0.019084854760410393,False,0.0,0.0,0.0,109.90269638449024,0.1373783704806128,Insufficient Energy for CPU,N/A,N/A,N/A
1488,CPU_Intensive,Rejected,149.55763155157464,N/A,N/A,N/A,0.13111574811684554,0.0,0.0,0.0,STARLINK-34657,0,N/A,N/A,0.0,0.06902928465668806,False,0.0,0.0,0.0,109.90269638449024,0.1373783704806128,Insufficient Energy for CPU,N/A,N/A,N/A
1493,CPU_and_Data_Intensive,Rejected,150.12725710759028,N/A,N/A,N/A,0.11939059201404455,0.0,0.0,0.0,STARLINK-34657,0,N/A,N/A,0.0,0.9522982122923764,False,0.0,0.0,0.0,109.90269638449024,0.1373783704806128,Insufficient Energy for CPU+NET,N/A,N/A,N/A
1500,CPU_and_Data_Intensive,Rejected,151.41804908755577,N/A,N/A,N/A,0.2546238970158778,0.0,0.0,0.0,STARLINK-34657,0,N/A,N/A,0.0,1.3388839687430418,False,0.0,0.0,0.0,109.90269638449024,0.1373783704806128,Insufficient Energy for CPU+NET,N/A,N/A,N/A
1503,CPU_and_Data_Intensive,Rejected,151.82853422148204,N/A,N/A,N/A,0.1235187826049593,0.0,0.0,0.0,STARLINK-34657,0,N/A,N/A,0.0,21.231438933701607,False,0.0,0.0,0.0,109.90269638449024,0.1373783704806128,Insufficient Energy for CPU+NET,N/A,N/A,N/A
1504,CPU_and_Data_Intensive,Rejected,151.91194584255263,N/A,N/A,N/A,0.18838948963666885,0.0,0.0,0.0,STARLINK-34657,0,N/A,N/A,0.0,1.5297347091612759,False,0.0,0.0,0.0,109.90269638449024,0.1373783704806128,Insufficient Energy for CPU+NET,N/A,N/A,N/A
1512,CPU_and_Data_Intensive,Rejected,152.46173371010002,N/A,N/A,N/A,0.22763866370255065,0.0,0.0,0.0,STARLINK-34657,0,N/A,N/A,0.0,2.005954345757098,False,0.0,0.0,0.0,109.90269638449024,0.1373783704806128,Insufficient Energy for CPU+NET,N/A,N/A,N/A
1523,CPU_and_Data_Intensive,Rejected,154.01839346634068,N/A,N/A,N/A,0.1499010464572495,0.0,0.0,0.0,STARLINK-34657,0,N/A,N/A,0.0,0.0563423644207457,False,0.0,0.0,0.0,109.90269638449024,0.1373783704806128,Insufficient Energy for CPU+NET,N/A,N/A,N/A
1524,Generic_Service,Rejected,154.41745207534984,N/A,N/A,N/A,0.21065952530149828,0.0,0.0,0.0,STARLINK-34657,0,N/A,N/A,0.0,0.014828750924049042,False,0.0,0.0,0.0,109.90269638449024,0.1373783704806128,Insufficient Energy for CPU,N/A,N/A,N/A
1527,CPU_and_Data_Intensive,Rejected,154.86799178533252,N/A,N/A,N/A,0.1111816190680691,0.0,0.0,0.0,STARLINK-34657,0,N/A,N/A,0.0,1.3203229175258688,False,0.0,0.0,0.0,109.90269638449024,0.1373783704806128,Insufficient Energy for CPU+NET,N/A,N/A,N/A
1533,Generic_Service,Rejected,155.2718349468505,N/A,N/A,N/A,0.12620487108189524,0.0,0.0,0.0,STARLINK-34657,0,N/A,N/A,0.0,0.027225914931235114,False,0.0,0.0,0.0,109.90269638449024,0.1373783704806128,Insufficient Energy for CPU,N/A,N/A,N/A
1535,CPU_Intensive,Rejected,155.36378567529454,N/A,N/A,N/A,0.157117273917862,0.0,0.0,0.0,STARLINK-34657,0,N/A,N/A,0.0,0.03473419121132047,False,0.0,0.0,0.0,109.90269638449024,0.1373783704806128,Insufficient Energy for CPU,N/A,N/A,N/A
1539,CPU_Intensive,Rejected,155.56448944210433,N/A,N/A,N/A,0.18021180558327973,0.0,0.0,0.0,STARLINK-34657,0,N/A,N/A,0.0,0.047450008610707944,False,0.0,0.0,0.0,109.90269638449024,0.1373783704806128,Insufficient Energy for CPU,N/A,N/A,N/A
1541,Generic_Service,Rejected,155.74940895745922,N/A,N/A,N/A,0.1923949051496788,0.0,0.0,0.0,STARLINK-34657,0,N/A,N/A,0.0,0.02211512705992913,False,0.0,0.0,0.0,109.90269638449024,0.1373783704806128,Insufficient Energy for CPU,N/A,N/A,N/A
1542,CPU_Intensive,Rejected,155.76078982205405,N/A,N/A,N/A,0.12525152382761734,0.0,0.0,0.0,STARLINK-34657,0,N/A,N/A,0.0,0.05288781235227798,False,0.0,0.0,0.0,109.90269638449024,0.1373783704806128,Insufficient Energy for CPU,N/A,N/A,N/A
1547,CPU_and_Data_Intensive,Rejected,156.0375807515648,N/A,N/A,N/A,0.17212009411861537,0.0,0.0,0.0,STARLINK-34657,0,N/A,N/A,0.0,9.10338208452491,False,0.0,0.0,0.0,109.90269638449024,0.1373783704806128,Insufficient Energy for CPU+NET,N/A,N/A,N/A
1549,CPU_Intensive,Rejected,156.11695930862507,N/A,N/A,N/A,0.2147853883172205,0.0,0.0,0.0,STARLINK-34657,0,N/A,N/A,0.0,0.032520713388634694,False,0.0,0.0,0.0,109.90269638449024,0.1373783704806128,Insufficient Energy for CPU,N/A,N/A,N/A
1554,CPU_and_Data_Intensive,Rejected,156.45654771870906,N/A,N/A,N/A,0.17364847790638246,0.0,0.0,0.0,STARLINK-34657,0,N/A,N/A,0.0,0.4241724989924878,False,0.0,0.0,0.0,109.90269638449024,0.1373783704806128,Insufficient Energy for CPU+NET,N/A,N/A,N/A
1557,CPU_Intensive,Rejected,157.29193290625855,N/A,N/A,N/A,0.23668497663992008,0.0,0.0,0.0,STARLINK-34657,0,N/A,N/A,0.0,0.08113098235260136,False,0.0,0.0,0.0,109.90269638449024,0.1373783704806128,Insufficient Energy for CPU,N/A,N/A,N/A
1559,CPU_Intensive,Rejected,157.387693336103,N/A,N/A,N/A,0.1416986650514889,0.0,0.0,0.0,STARLINK-34657,0,N/A,N/A,0.0,0.0879552186399043,False,0.0,0.0,0.0,109.90269638449024,0.1373783704806128,Insufficient Energy for CPU,N/A,N/A,N/A
1562,Generic_Service,Rejected,157.83027293889262,N/A,N/A,N/A,0.18971335496137529,0.0,0.0,0.0,STARLINK-34657,0,N/A,N/A,0.0,0.029934388407880624,False,0.0,0.0,0.0,109.90269638449024,0.1373783704806128,Insufficient Energy for CPU,N/A,N/A,N/A
1567,CPU_and_Data_Intensive,Rejected,158.600906095703,N/A,N/A,N/A,0.15885386952662314,0.0,0.0,0.0,STARLINK-34657,0,N/A,N/A,0.0,1.8066068802746889,False,0.0,0.0,0.0,109.90269638449024,0.1373783704806128,Insufficient Energy for CPU+NET,N/A,N/A,N/A
1571,CPU_and_Data_Intensive,Rejected,159.11793630898,N/A,N/A,N/A,0.16330442920110205,0.0,0.0,0.0,STARLINK-34657,0,N/A,N/A,0.0,14.007955575187566,False,0.0,0.0,0.0,109.90269638449024,0.1373783704806128,Insufficient Energy for CPU+NET,N/A,N/A,N/A
1577,CPU_Intensive,Rejected,159.45807915461862,N/A,N/A,N/A,0.1421434093687898,0.0,0.0,0.0,STARLINK-34657,0,N/A,N/A,0.0,0.034602370707806605,False,0.0,0.0,0.0,109.90269638449024,0.1373783704806128,Insufficient Energy for CPU,N/A,N/A,N/A
1584,CPU_Intensive,Rejected,160.18410748174267,N/A,N/A,N/A,0.18340147877253637,0.0,0.0,0.0,STARLINK-34657,0,N/A,N/A,0.0,0.07716160176494827,False,0.0,0.0,0.0,109.90269638449024,0.1373783704806128,Insufficient Energy for CPU,N/A,N/A,N/A
1596,CPU_and_Data_Intensive,Rejected,161.45775398242708,N/A,N/A,N/A,0.2973814303193929,0.0,0.0,0.0,STARLINK-34657,0,N/A,N/A,0.0,1.8687741574516858,False,0.0,0.0,0.0,109.90269638449024,0.1373783704806128,Insufficient Energy for CPU+NET,N/A,N/A,N/A
1598,CPU_Intensive,Rejected,161.6101449080287,N/A,N/A,N/A,0.26321100156241023,0.0,0.0,0.0,STARLINK-34657,0,N/A,N/A,0.0,0.06122695256950574,False,0.0,0.0,0.0,109.90269638449024,0.1373783704806128,Insufficient Energy for CPU,N/A,N/A,N/A
1611,CPU_and_Data_Intensive,Rejected,163.1997798633165,N/A,N/A,N/A,0.2633444037233577,0.0,0.0,0.0,STARLINK-34657,0,N/A,N/A,0.0,20.046712688408153,False,0.0,0.0,0.0,109.90269638449024,0.1373783704806128,Insufficient Energy for CPU+NET,N/A,N/A,N/A
1620,Generic_Service,Rejected,164.25458067857068,N/A,N/A,N/A,0.11699961990175699,0.0,0.0,0.0,STARLINK-34657,0,N/A,N/A,0.0,0.0650433423935187,False,0.0,0.0,0.0,109.90269638449024,0.1373783704806128,Insufficient Energy for CPU,N/A,N/A,N/A
1621,CPU_Intensive,Rejected,164.37624230041763,N/A,N/A,N/A,0.16823624924970915,0.0,0.0,0.0,STARLINK-34657,0,N/A,N/A,0.0,0.06512682600458737,False,0.0,0.0,0.0,109.90269638449024,0.1373783704806128,Insufficient Energy for CPU,N/A,N/A,N/A
1622,CPU_and_Data_Intensive,Rejected,164.3995338847335,N/A,N/A,N/A,0.19789880726814024,0.0,0.0,0.0,STARLINK-34657,0,N/A,N/A,0.0,0.4412839456575724,False,0.0,0.0,0.0,109.90269638449024,0.1373783704806128,Insufficient Energy for CPU+NET,N/A,N/A,N/A
1626,CPU_Intensive,Rejected,164.61890740047923,N/A,N/A,N/A,0.2039038355714638,0.0,0.0,0.0,STARLINK-34657,0,N/A,N/A,0.0,0.0345803587002498,False,0.0,0.0,0.0,109.90269638449024,0.1373783704806128,Insufficient Energy for CPU,N/A,N/A,N/A
1635,CPU_Intensive,Rejected,165.37298277757478,N/A,N/A,N/A,0.1357457719615153,0.0,0.0,0.0,STARLINK-34657,0,N/A,N/A,0.0,0.040374162262167244,False,0.0,0.0,0.0,109.90269638449024,0.1373783704806128,Insufficient Energy for CPU,N/A,N/A,N/A
1637,CPU_and_Data_Intensive,Rejected,165.6588760033405,N/A,N/A,N/A,0.18487487737077796,0.0,0.0,0.0,STARLINK-34657,0,N/A,N/A,0.0,1.7157619332920315,False,0.0,0.0,0.0,109.90269638449024,0.1373783704806128,Insufficient Energy for CPU+NET,N/A,N/A,N/A
1647,CPU_Intensive,Rejected,166.65979344810899,N/A,N/A,N/A,0.11718698939634482,0.0,0.0,0.0,STARLINK-34657,0,N/A,N/A,0.0,0.03163442458436828,False,0.0,0.0,0.0,109.90269638449024,0.1373783704806128,Insufficient Energy for CPU,N/A,N/A,N/A
1648,Generic_Service,Rejected,166.6974839893685,N/A,N/A,N/A,0.21935786080881292,0.0,0.0,0.0,STARLINK-34657,0,N/A,N/A,0.0,0.03372931105461859,False,0.0,0.0,0.0,109.90269638449024,0.1373783704806128,Insufficient Energy for CPU,N/A,N/A,N/A
1652,CPU_Intensive,Rejected,167.1999421645899,N/A,N/A,N/A,0.15890718188042818,0.0,0.0,0.0,STARLINK-34657,0,N/A,N/A,0.0,0.07204660999186438,False,0.0,0.0,0.0,109.90269638449024,0.1373783704806128,Insufficient Energy for CPU,N/A,N/A,N/A
1657,CPU_and_Data_Intensive,Rejected,167.60732983454622,N/A,N/A,N/A,0.23692836857494484,0.0,0.0,0.0,STARLINK-34657,0,N/A,N/A,0.0,1.6401281289907177,False,0.0,0.0,0.0,109.90269638449024,0.1373783704806128,Insufficient Energy for CPU+NET,N/A,N/A,N/A
1659,CPU_and_Data_Intensive,Rejected,168.03914145712406,N/A,N/A,N/A,0.2931378715043996,0.0,0.0,0.0,STARLINK-34657,0,N/A,N/A,0.0,2.0590933674350818,False,0.0,0.0,0.0,109.90269638449024,0.1373783704806128,Insufficient Energy for CPU+NET,N/A,N/A,N/A
1663,CPU_Intensive,Rejected,168.59813285917824,N/A,N/A,N/A,0.19271930323925182,0.0,0.0,0.0,STARLINK-34657,0,N/A,N/A,0.0,0.04280702632446088,False,0.0,0.0,0.0,109.90269638449024,0.1373783704806128,Insufficient Energy for CPU,N/A,N/A,N/A
1671,CPU_and_Data_Intensive,Rejected,169.6499278581189,N/A,N/A,N/A,0.22307177578135773,0.0,0.0,0.0,STARLINK-34657,0,N/A,N/A,0.0,2.153601790976694,False,0.0,0.0,0.0,109.90269638449024,0.1373783704806128,Insufficient Energy for CPU+NET,N/A,N/A,N/A
1676,CPU_Intensive,Rejected,169.83661296093035,N/A,N/A,N/A,0.15097191125448664,0.0,0.0,0.0,STARLINK-34657,0,N/A,N/A,0.0,0.03504151662325372,False,0.0,0.0,0.0,109.90269638449024,0.1373783704806128,Insufficient Energy for CPU,N/A,N/A,N/A
1677,Generic_Service,Rejected,169.8904891320114,N/A,N/A,N/A,0.22566562540141294,0.0,0.0,0.0,STARLINK-34657,0,N/A,N/A,0.0,0.05134847390751333,False,0.0,0.0,0.0,109.90269638449024,0.1373783704806128,Insufficient Energy for CPU,N/A,N/A,N/A
1695,CPU_and_Data_Intensive,Rejected,172.08007587913076,N/A,N/A,N/A,0.14971463197883675,0.0,0.0,0.0,STARLINK-34657,0,N/A,N/A,0.0,23.042301237427438,False,0.0,0.0,0.0,109.90269638449024,0.1373783704806128,Insufficient Energy for CPU+NET,N/A,N/A,N/A
1696,CPU_and_Data_Intensive,Rejected,172.1215630699232,N/A,N/A,N/A,0.19596350657976616,0.0,0.0,0.0,STARLINK-34657,0,N/A,N/A,0.0,7.322471062783209,False,0.0,0.0,0.0,109.90269638449024,0.1373783704806128,Insufficient Energy for CPU+NET,N/A,N/A,N/A
1700,CPU_Intensive,Rejected,172.4279098910986,N/A,N/A,N/A,0.12001045448037137,0.0,0.0,0.0,STARLINK-34657,0,N/A,N/A,0.0,0.01081176055531848,False,0.0,0.0,0.0,109.90269638449024,0.1373783704806128,Insufficient Energy for CPU,N/A,N/A,N/A
1703,Generic_Service,Rejected,172.86178394083387,N/A,N/A,N/A,0.1666684823762541,0.0,0.0,0.0,STARLINK-34657,0,N/A,N/A,0.0,0.07613692134926556,False,0.0,0.0,0.0,109.90269638449024,0.1373783704806128,Insufficient Energy for CPU,N/A,N/A,N/A
1705,CPU_and_Data_Intensive,Rejected,172.9836365708193,N/A,N/A,N/A,0.23462683316169675,0.0,0.0,0.0,STARLINK-34657,0,N/A,N/A,0.0,17.38789199711187,False,0.0,0.0,0.0,109.90269638449024,0.1373783704806128,Insufficient Energy for CPU+NET,N/A,N/A,N/A
1711,CPU_Intensive,Rejected,173.3873598094562,N/A,N/A,N/A,0.12673229502684438,0.0,0.0,0.0,STARLINK-34657,0,N/A,N/A,0.0,0.04626392071950985,False,0.0,0.0,0.0,109.90269638449024,0.1373783704806128,Insufficient Energy for CPU,N/A,N/A,N/A
1715,CPU_Intensive,Rejected,173.6851181911672,N/A,N/A,N/A,0.28871666911057453,0.0,0.0,0.0,STARLINK-34657,0,N/A,N/A,0.0,0.08760553182029404,False,0.0,0.0,0.0,109.90269638449024,0.1373783704806128,Insufficient Energy for CPU,N/A,N/A,N/A
1719,CPU_Intensive,Rejected,174.0008311907345,N/A,N/A,N/A,0.24328645601575882,0.0,0.0,0.0,STARLINK-34657,0,N/A,N/A,0.0,0.01657260515945457,False,0.0,0.0,0.0,109.90269638449024,0.1373783704806128,Insufficient Energy for CPU,N/A,N/A,N/A
1720,CPU_Intensive,Rejected,174.28164502268166,N/A,N/A,N/A,0.29703167245906625,0.0,0.0,0.0,STARLINK-34657,0,N/A,N/A,0.0,0.029167663500759083,False,0.0,0.0,0.0,109.90269638449024,0.1373783704806128,Insufficient Energy for CPU,N/A,N/A,N/A
1723,CPU_Intensive,Rejected,174.5612718236868,N/A,N/A,N/A,0.21228754921698176,0.0,0.0,0.0,STARLINK-34657,0,N/A,N/A,0.0,0.06668774982082462,False,0.0,0.0,0.0,109.90269638449024,0.1373783704806128,Insufficient Energy for CPU,N/A,N/A,N/A
1734,Generic_Service,Rejected,175.83590038735701,N/A,N/A,N/A,0.13066882978089447,0.0,0.0,0.0,STARLINK-34657,0,N/A,N/A,0.0,0.0832103986221543,False,0.0,0.0,0.0,109.90269638449024,0.1373783704806128,Insufficient Energy for CPU,N/A,N/A,N/A
1735,CPU_Intensive,Rejected,175.92370382074358,N/A,N/A,N/A,0.2587957121659158,0.0,0.0,0.0,STARLINK-34657,0,N/A,N/A,0.0,0.027147847919546476,False,0.0,0.0,0.0,109.90269638449024,0.1373783704806128,Insufficient Energy for CPU,N/A,N/A,N/A
1746,CPU_and_Data_Intensive,Rejected,176.88998402457105,N/A,N/A,N/A,0.20067609043289114,0.0,0.0,0.0,STARLINK-34657,0,N/A,N/A,0.0,1.6868295323521043,False,0.0,0.0,0.0,109.90269638449024,0.1373783704806128,Insufficient Energy for CPU+NET,N/A,N/A,N/A
1747,CPU_Intensive,Rejected,176.92455459444545,N/A,N/A,N/A,0.2573057203090367,0.0,0.0,0.0,STARLINK-34657,0,N/A,N/A,0.0,0.04443409280093028,False,0.0,0.0,0.0,109.90269638449024,0.1373783704806128,Insufficient Energy for CPU,N/A,N/A,N/A
1748,CPU_and_Data_Intensive,Rejected,176.97584318221115,N/A,N/A,N/A,0.11650245467198575,0.0,0.0,0.0,STARLINK-34657,0,N/A,N/A,0.0,19.056507976322543,False,0.0,0.0,0.0,109.90269638449024,0.1373783704806128,Insufficient Energy for CPU+NET,N/A,N/A,N/A
1752,CPU_and_Data_Intensive,Rejected,177.60594967747232,N/A,N/A,N/A,0.15653331562686962,0.0,0.0,0.0,STARLINK-34657,0,N/A,N/A,0.0,1.1465558881709181,False,0.0,0.0,0.0,109.90269638449024,0.1373783704806128,Insufficient Energy for CPU+NET,N/A,N/A,N/A
1755,CPU_Intensive,Rejected,177.84672997011063,N/A,N/A,N/A,0.12101739347735373,0.0,0.0,0.0,STARLINK-34657,0,N/A,N/A,0.0,0.030482690146383794,False,0.0,0.0,0.0,109.90269638449024,0.1373783704806128,Insufficient Energy for CPU,N/A,N/A,N/A
1783,CPU_and_Data_Intensive,Rejected,181.1253536012853,N/A,N/A,N/A,0.12342107353112496,0.0,0.0,0.0,STARLINK-34657,0,N/A,N/A,0.0,21.043817137577378,False,0.0,0.0,0.0,109.90269638449024,0.1373783704806128,Insufficient Energy for CPU+NET,N/A,N/A,N/A
1784,CPU_and_Data_Intensive,Rejected,181.33124077683942,N/A,N/A,N/A,0.138946215809099,0.0,0.0,0.0,STARLINK-34657,0,N/A,N/A,0.0,9.045998588919918,False,0.0,0.0,0.0,109.90269638449024,0.1373783704806128,Insufficient Energy for CPU+NET,N/A,N/A,N/A
1788,Generic_Service,Rejected,181.68377526430254,N/A,N/A,N/A,0.24877135587974328,0.0,0.0,0.0,STARLINK-34657,0,N/A,N/A,0.0,0.055722264890230674,False,0.0,0.0,0.0,109.90269638449024,0.1373783704806128,Insufficient Energy for CPU,N/A,N/A,N/A
1808,Generic_Service,Rejected,184.06140909496278,N/A,N/A,N/A,0.11701275304315815,0.0,0.0,0.0,STARLINK-34657,0,N/A,N/A,0.0,0.062337526406871936,False,0.0,0.0,0.0,109.90269638449024,0.1373783704806128,Insufficient Energy for CPU,N/A,N/A,N/A
1812,CPU_Intensive,Rejected,184.71860963454748,N/A,N/A,N/A,0.18920228614702128,0.0,0.0,0.0,STARLINK-34657,0,N/A,N/A,0.0,0.04697362787675231,False,0.0,0.0,0.0,109.90269638449024,0.1373783704806128,Insufficient Energy for CPU,N/A,N/A,N/A
1814,CPU_Intensive,Rejected,184.75891652418971,N/A,N/A,N/A,0.1572837729500394,0.0,0.0,0.0,STARLINK-34657,0,N/A,N/A,0.0,0.01509259294205975,False,0.0,0.0,0.0,109.90269638449024,0.1373783704806128,Insufficient Energy for CPU,N/A,N/A,N/A
1827,CPU_and_Data_Intensive,Rejected,186.84561200355336,N/A,N/A,N/A,0.25220128344748205,0.0,0.0,0.0,STARLINK-34657,0,N/A,N/A,0.0,12.915828052516908,False,0.0,0.0,0.0,109.90269638449024,0.1373783704806128,Insufficient Energy for CPU+NET,N/A,N/A,N/A
1851,CPU_and_Data_Intensive,Rejected,189.31182074813256,N/A,N/A,N/A,0.2506109233154955,0.0,0.0,0.0,STARLINK-34657,0,N/A,N/A,0.0,3.4482443185895906,False,0.0,0.0,0.0,109.90269638449024,0.1373783704806128,Insufficient Energy for CPU+NET,N/A,N/A,N/A
1854,Generic_Service,Rejected,189.4744927073842,N/A,N/A,N/A,0.12949493574766827,0.0,0.0,0.0,STARLINK-34657,0,N/A,N/A,0.0,0.03774672737724328,False,0.0,0.0,0.0,109.90269638449024,0.1373783704806128,Insufficient Energy for CPU,N/A,N/A,N/A
1856,CPU_Intensive,Rejected,189.73636625711433,N/A,N/A,N/A,0.17398712184131382,0.0,0.0,0.0,STARLINK-34657,0,N/A,N/A,0.0,0.057556242955317194,False,0.0,0.0,0.0,109.90269638449024,0.1373783704806128,Insufficient Energy for CPU,N/A,N/A,N/A
1861,CPU_and_Data_Intensive,Rejected,190.19013894277484,N/A,N/A,N/A,0.15740466412522214,0.0,0.0,0.0,STARLINK-34657,0,N/A,N/A,0.0,0.4904747230715634,False,0.0,0.0,0.0,109.90269638449024,0.1373783704806128,Insufficient Energy for CPU+NET,N/A,N/A,N/A
1863,CPU_and_Data_Intensive,Rejected,190.24529704381266,N/A,N/A,N/A,0.13025420723503017,0.0,0.0,0.0,STARLINK-34657,0,N/A,N/A,0.0,15.535432020013157,False,0.0,0.0,0.0,109.90269638449024,0.1373783704806128,Insufficient Energy for CPU+NET,N/A,N/A,N/A
1867,CPU_and_Data_Intensive,Rejected,190.53289806900654,N/A,N/A,N/A,0.16023345353380156,0.0,0.0,0.0,STARLINK-34657,0,N/A,N/A,0.0,2.1369234045200782,False,0.0,0.0,0.0,109.90269638449024,0.1373783704806128,Insufficient Energy for CPU+NET,N/A,N/A,N/A
1870,CPU_and_Data_Intensive,Rejected,190.69872491413514,N/A,N/A,N/A,0.13280315781316135,0.0,0.0,0.0,STARLINK-34657,0,N/A,N/A,0.0,0.9384540917859951,False,0.0,0.0,0.0,109.90269638449024,0.1373783704806128,Insufficient Energy for CPU+NET,N/A,N/A,N/A
1871,CPU_and_Data_Intensive,Rejected,190.7807964918367,N/A,N/A,N/A,0.11474693802083077,0.0,0.0,0.0,STARLINK-34657,0,N/A,N/A,0.0,0.9266042764636151,False,0.0,0.0,0.0,109.90269638449024,0.1373783704806128,Insufficient Energy for CPU+NET,N/A,N/A,N/A
1878,CPU_and_Data_Intensive,Rejected,191.2121436239883,N/A,N/A,N/A,0.187290006657189,0.0,0.0,0.0,STARLINK-34657,0,N/A,N/A,0.0,0.2976473207981035,False,0.0,0.0,0.0,109.90269638449024,0.1373783704806128,Insufficient Energy for CPU+NET,N/A,N/A,N/A
1882,CPU_and_Data_Intensive,Rejected,191.5877932030417,N/A,N/A,N/A,0.12850519648187148,0.0,0.0,0.0,STARLINK-34657,0,N/A,N/A,0.0,21.647061260415366,False,0.0,0.0,0.0,109.90269638449024,0.1373783704806128,Insufficient Energy for CPU+NET,N/A,N/A,N/A
1885,CPU_and_Data_Intensive,Rejected,191.87646050180865,N/A,N/A,N/A,0.30009601902228,0.0,0.0,0.0,STARLINK-34657,0,N/A,N/A,0.0,9.632283804660798,False,0.0,0.0,0.0,109.90269638449024,0.1373783704806128,Insufficient Energy for CPU+NET,N/A,N/A,N/A
1891,CPU_and_Data_Intensive,Rejected,192.34122009009582,N/A,N/A,N/A,0.15221941383686313,0.0,0.0,0.0,STARLINK-34657,0,N/A,N/A,0.0,2.56673464433257,False,0.0,0.0,0.0,109.90269638449024,0.1373783704806128,Insufficient Energy for CPU+NET,N/A,N/A,N/A
1894,CPU_and_Data_Intensive,Rejected,192.9343546887159,N/A,N/A,N/A,0.13204456451659838,0.0,0.0,0.0,STARLINK-34657,0,N/A,N/A,0.0,0.3201993904895953,False,0.0,0.0,0.0,109.90269638449024,0.1373783704806128,Insufficient Energy for CPU+NET,N/A,N/A,N/A
1896,CPU_Intensive,Rejected,192.98992426537586,N/A,N/A,N/A,0.12598661704719583,0.0,0.0,0.0,STARLINK-34657,0,N/A,N/A,0.0,0.05262810162657007,False,0.0,0.0,0.0,109.90269638449024,0.1373783704806128,Insufficient Energy for CPU,N/A,N/A,N/A
1897,CPU_Intensive,Rejected,193.06075525003752,N/A,N/A,N/A,0.26731745890166725,0.0,0.0,0.0,STARLINK-34657,0,N/A,N/A,0.0,0.058096246121756796,False,0.0,0.0,0.0,109.90269638449024,0.1373783704806128,Insufficient Energy for CPU,N/A,N/A,N/A
1907,CPU_and_Data_Intensive,Rejected,193.58376993751037,N/A,N/A,N/A,0.24423132049563404,0.0,0.0,0.0,STARLINK-34657,0,N/A,N/A,0.0,4.221093097564931,False,0.0,0.0,0.0,109.90269638449024,0.1373783704806128,Insufficient Energy for CPU+NET,N/A,N/A,N/A
1916,CPU_Intensive,Rejected,194.20667547183064,N/A,N/A,N/A,0.23127862511088784,0.0,0.0,0.0,STARLINK-34657,0,N/A,N/A,0.0,0.05355249657995788,False,0.0,0.0,0.0,109.90269638449024,0.1373783704806128,Insufficient Energy for CPU,N/A,N/A,N/A
1919,CPU_Intensive,Rejected,194.37845143160757,N/A,N/A,N/A,0.22552226821534632,0.0,0.0,0.0,STARLINK-34657,0,N/A,N/A,0.0,0.034956122471656095,False,0.0,0.0,0.0,109.90269638449024,0.1373783704806128,Insufficient Energy for CPU,N/A,N/A,N/A
1924,Generic_Service,Rejected,194.8550042782154,N/A,N/A,N/A,0.166927632864125,0.0,0.0,0.0,STARLINK-34657,0,N/A,N/A,0.0,0.07322012407794505,False,0.0,0.0,0.0,109.90269638449024,0.1373783704806128,Insufficient Energy for CPU,N/A,N/A,N/A
1933,CPU_Intensive,Rejected,195.96320635712527,N/A,N/A,N/A,0.1866084783811036,0.0,0.0,0.0,STARLINK-34657,0,N/A,N/A,0.0,0.07108913178031351,False,0.0,0.0,0.0,109.90269638449024,0.1373783704806128,Insufficient Energy for CPU,N/A,N/A,N/A
1940,Generic_Service,Rejected,196.4180861022118,N/A,N/A,N/A,0.17883312916947358,0.0,0.0,0.0,STARLINK-34657,0,N/A,N/A,0.0,0.05235318694338825,False,0.0,0.0,0.0,109.90269638449024,0.1373783704806128,Insufficient Energy for CPU,N/A,N/A,N/A
1944,CPU_and_Data_Intensive,Rejected,196.78037376527524,N/A,N/A,N/A,0.1712888423753724,0.0,0.0,0.0,STARLINK-34657,0,N/A,N/A,0.0,21.317606402587977,False,0.0,0.0,0.0,109.90269638449024,0.1373783704806128,Insufficient Energy for CPU+NET,N/A,N/A,N/A
1952,CPU_and_Data_Intensive,Rejected,197.331621541961,N/A,N/A,N/A,0.12015800680279615,0.0,0.0,0.0,STARLINK-34657,0,N/A,N/A,0.0,0.6897663211702064,False,0.0,0.0,0.0,109.90269638449024,0.1373783704806128,Insufficient Energy for CPU+NET,N/A,N/A,N/A
1957,CPU_Intensive,Rejected,197.58637704194692,N/A,N/A,N/A,0.17582122965712985,0.0,0.0,0.0,STARLINK-34657,0,N/A,N/A,0.0,0.019637946014458257,False,0.0,0.0,0.0,109.90269638449024,0.1373783704806128,Insufficient Energy for CPU,N/A,N/A,N/A
1960,Generic_Service,Rejected,197.82668715048646,N/A,N/A,N/A,0.12934997234939258,0.0,0.0,0.0,STARLINK-34657,0,N/A,N/A,0.0,0.011940778221661511,False,0.0,0.0,0.0,109.90269638449024,0.1373783704806128,Insufficient Energy for CPU,N/A,N/A,N/A
1967,Generic_Service,Rejected,198.2279715830715,N/A,N/A,N/A,0.16378737046661365,0.0,0.0,0.0,STARLINK-34657,0,N/A,N/A,0.0,0.0692110633565104,False,0.0,0.0,0.0,109.90269638449024,0.1373783704806128,Insufficient Energy for CPU,N/A,N/A,N/A
1969,CPU_Intensive,Rejected,198.32494860652355,N/A,N/A,N/A,0.1619762085075745,0.0,0.0,0.0,STARLINK-34657,0,N/A,N/A,0.0,0.051340618893707224,False,0.0,0.0,0.0,109.90269638449024,0.1373783704806128,Insufficient Energy for CPU,N/A,N/A,N/A
1973,CPU_and_Data_Intensive,Rejected,198.73809863397852,N/A,N/A,N/A,0.2962113995503439,0.0,0.0,0.0,STARLINK-34657,0,N/A,N/A,0.0,0.20874204602200755,False,0.0,0.0,0.0,109.90269638449024,0.1373783704806128,Insufficient Energy for CPU+NET,N/A,N/A,N/A
1990,CPU_Intensive,Rejected,200.378484321397,N/A,N/A,N/A,0.2044619047418513,0.0,0.0,0.0,STARLINK-34657,0,N/A,N/A,0.0,0.01493475317935403,False,0.0,0.0,0.0,109.90269638449024,0.1373783704806128,Insufficient Energy for CPU,N/A,N/A,N/A
1991,CPU_Intensive,Rejected,200.51850000043112,N/A,N/A,N/A,0.2557115236809586,0.0,0.0,0.0,STARLINK-34657,0,N/A,N/A,0.0,0.03299052926023542,False,0.0,0.0,0.0,109.90269638449024,0.1373783704806128,Insufficient Energy for CPU,N/A,N/A,N/A
1992,CPU_Intensive,Rejected,200.68626149759328,N/A,N/A,N/A,0.19695060948345514,0.0,0.0,0.0,STARLINK-34657,0,N/A,N/A,0.0,0.02818629354765074,False,0.0,0.0,0.0,109.90269638449024,0.1373783704806128,Insufficient Energy for CPU,N/A,N/A,N/A
1999,CPU_Intensive,Rejected,201.41427215819326,N/A,N/A,N/A,0.15904133298884152,0.0,0.0,0.0,STARLINK-34657,0,N/A,N/A,0.0,0.08301969478027324,False,0.0,0.0,0.0,109.90269638449024,0.1373783704806128,Insufficient Energy for CPU,N/A,N/A,N/A
2007,CPU_Intensive,Rejected,202.45919402283332,N/A,N/A,N/A,0.227274710414645,0.0,0.0,0.0,STARLINK-34657,0,N/A,N/A,0.0,0.08443729502825323,False,0.0,0.0,0.0,109.90269638449024,0.1373783704806128,Insufficient Energy for CPU,N/A,N/A,N/A
2009,CPU_Intensive,Rejected,202.82120458190894,N/A,N/A,N/A,0.22614440433337538,0.0,0.0,0.0,STARLINK-34657,0,N/A,N/A,0.0,0.05195019608683827,False,0.0,0.0,0.0,109.90269638449024,0.1373783704806128,Insufficient Energy for CPU,N/A,N/A,N/A
2010,Generic_Service,Rejected,202.9774701755425,N/A,N/A,N/A,0.23740544989172171,0.0,0.0,0.0,STARLINK-34657,0,N/A,N/A,0.0,0.07826171508478019,False,0.0,0.0,0.0,109.90269638449024,0.1373783704806128,Insufficient Energy for CPU,N/A,N/A,N/A
2013,CPU_and_Data_Intensive,Rejected,203.28719890930506,N/A,N/A,N/A,0.28920273479183417,0.0,0.0,0.0,STARLINK-34657,0,N/A,N/A,0.0,0.060291236826952116,False,0.0,0.0,0.0,109.90269638449024,0.1373783704806128,Insufficient Energy for CPU+NET,N/A,N/A,N/A
2016,CPU_and_Data_Intensive,Rejected,203.51749077349638,N/A,N/A,N/A,0.1832403506865992,0.0,0.0,0.0,STARLINK-34657,0,N/A,N/A,0.0,20.887202937747453,False,0.0,0.0,0.0,109.90269638449024,0.1373783704806128,Insufficient Energy for CPU+NET,N/A,N/A,N/A
2020,CPU_and_Data_Intensive,Rejected,203.55244898897476,N/A,N/A,N/A,0.16963320046798178,0.0,0.0,0.0,STARLINK-34657,0,N/A,N/A,0.0,1.8545428320082336,False,0.0,0.0,0.0,109.90269638449024,0.1373783704806128,Insufficient Energy for CPU+NET,N/A,N/A,N/A
2025,CPU_Intensive,Rejected,204.31631443124758,N/A,N/A,N/A,0.20762727093520542,0.0,0.0,0.0,STARLINK-34657,0,N/A,N/A,0.0,0.055406552371794385,False,0.0,0.0,0.0,109.90269638449024,0.1373783704806128,Insufficient Energy for CPU,N/A,N/A,N/A
2027,Generic_Service,Rejected,204.36937832864587,N/A,N/A,N/A,0.11160505935931496,0.0,0.0,0.0,STARLINK-34657,0,N/A,N/A,0.0,0.05604664821962257,False,0.0,0.0,0.0,109.90269638449024,0.1373783704806128,Insufficient Energy for CPU,N/A,N/A,N/A
2030,CPU_and_Data_Intensive,Rejected,204.5025738461763,N/A,N/A,N/A,0.16045803182520152,0.0,0.0,0.0,STARLINK-34657,0,N/A,N/A,0.0,9.535144603898402,False,0.0,0.0,0.0,109.90269638449024,0.1373783704806128,Insufficient Energy for CPU+NET,N/A,N/A,N/A
2032,CPU_Intensive,Rejected,204.74838516558574,N/A,N/A,N/A,0.21125755793820028,0.0,0.0,0.0,STARLINK-34657,0,N/A,N/A,0.0,0.08655544082203057,False,0.0,0.0,0.0,109.90269638449024,0.1373783704806128,Insufficient Energy for CPU,N/A,N/A,N/A
2034,CPU_and_Data_Intensive,Rejected,204.88101015725792,N/A,N/A,N/A,0.12816346355401592,0.0,0.0,0.0,STARLINK-34657,0,N/A,N/A,0.0,21.63031735707942,False,0.0,0.0,0.0,109.90269638449024,0.1373783704806128,Insufficient Energy for CPU+NET,N/A,N/A,N/A
2040,CPU_Intensive,Rejected,205.17568590461894,N/A,N/A,N/A,0.14117765081679548,0.0,0.0,0.0,STARLINK-34657,0,N/A,N/A,0.0,0.07035609811743998,False,0.0,0.0,0.0,109.90269638449024,0.1373783704806128,Insufficient Energy for CPU,N/A,N/A,N/A
2041,CPU_Intensive,Rejected,205.26164586661662,N/A,N/A,N/A,0.17893107079102719,0.0,0.0,0.0,STARLINK-34657,0,N/A,N/A,0.0,0.04544053836729631,False,0.0,0.0,0.0,109.90269638449024,0.1373783704806128,Insufficient Energy for CPU,N/A,N/A,N/A
2043,CPU_Intensive,Rejected,205.4007362361877,N/A,N/A,N/A,0.19304319192181607,0.0,0.0,0.0,STARLINK-34657,0,N/A,N/A,0.0,0.020503472482464525,False,0.0,0.0,0.0,109.90269638449024,0.1373783704806128,Insufficient Energy for CPU,N/A,N/A,N/A
2047,CPU_Intensive,Rejected,205.7968286583666,N/A,N/A,N/A,0.129453443639311,0.0,0.0,0.0,STARLINK-34657,0,N/A,N/A,0.0,0.06980358372678384,False,0.0,0.0,0.0,109.90269638449024,0.1373783704806128,Insufficient Energy for CPU,N/A,N/A,N/A
2056,CPU_Intensive,Rejected,206.59750632435077,N/A,N/A,N/A,0.19439890791368553,0.0,0.0,0.0,STARLINK-34657,0,N/A,N/A,0.0,0.03477821925644311,False,0.0,0.0,0.0,109.90269638449024,0.1373783704806128,Insufficient Energy for CPU,N/A,N/A,N/A
2070,CPU_Intensive,Rejected,207.78301802423545,N/A,N/A,N/A,0.12840428603112786,0.0,0.0,0.0,STARLINK-34657,0,N/A,N/A,0.0,0.08047682469421556,False,0.0,0.0,0.0,109.90269638449024,0.1373783704806128,Insufficient Energy for CPU,N/A,N/A,N/A
2072,Generic_Service,Rejected,207.93190706524223,N/A,N/A,N/A,0.11983528199155223,0.0,0.0,0.0,STARLINK-34657,0,N/A,N/A,0.0,0.0838219161178273,False,0.0,0.0,0.0,109.90269638449024,0.1373783704806128,Insufficient Energy for CPU,N/A,N/A,N/A
2083,CPU_and_Data_Intensive,Rejected,209.18604885656626,N/A,N/A,N/A,0.12836148247827683,0.0,0.0,0.0,STARLINK-34657,0,N/A,N/A,0.0,1.0871190149076617,False,0.0,0.0,0.0,109.90269638449024,0.1373783704806128,Insufficient Energy for CPU+NET,N/A,N/A,N/A
2095,CPU_Intensive,Rejected,210.5844968950691,N/A,N/A,N/A,0.27766152000147215,0.0,0.0,0.0,STARLINK-34657,0,N/A,N/A,0.0,0.048942588825837845,False,0.0,0.0,0.0,109.90269638449024,0.1373783704806128,Insufficient Energy for CPU,N/A,N/A,N/A
2109,CPU_and_Data_Intensive,Rejected,211.55394597245245,N/A,N/A,N/A,0.1257659458758708,0.0,0.0,0.0,STARLINK-34657,0,N/A,N/A,0.0,11.496170862046334,False,0.0,0.0,0.0,109.90269638449024,0.1373783704806128,Insufficient Energy for CPU+NET,N/A,N/A,N/A
2113,CPU_Intensive,Rejected,211.9202109667461,N/A,N/A,N/A,0.15549176052850994,0.0,0.0,0.0,STARLINK-34657,0,N/A,N/A,0.0,0.03870623651541873,False,0.0,0.0,0.0,109.90269638449024,0.1373783704806128,Insufficient Energy for CPU,N/A,N/A,N/A
2115,CPU_and_Data_Intensive,Rejected,212.27373517491023,N/A,N/A,N/A,0.1892633568505548,0.0,0.0,0.0,STARLINK-34657,0,N/A,N/A,0.0,1.688899049174619,False,0.0,0.0,0.0,109.90269638449024,0.1373783704806128,Insufficient Energy for CPU+NET,N/A,N/A,N/A
2122,CPU_Intensive,Rejected,212.9894056111867,N/A,N/A,N/A,0.16317468076134628,0.0,0.0,0.0,STARLINK-34657,0,N/A,N/A,0.0,0.04636459726022055,False,0.0,0.0,0.0,109.90269638449024,0.1373783704806128,Insufficient Energy for CPU,N/A,N/A,N/A
2125,CPU_Intensive,Rejected,213.36331348488667,N/A,N/A,N/A,0.2152021448671511,0.0,0.0,0.0,STARLINK-34657,0,N/A,N/A,0.0,0.04305934422207358,False,0.0,0.0,0.0,109.90269638449024,0.1373783704806128,Insufficient Energy for CPU,N/A,N/A,N/A
2138,CPU_and_Data_Intensive,Rejected,214.9879635834209,N/A,N/A,N/A,0.21064463993477991,0.0,0.0,0.0,STARLINK-34657,0,N/A,N/A,0.0,1.5691360427037968,False,0.0,0.0,0.0,109.90269638449024,0.1373783704806128,Insufficient Energy for CPU+NET,N/A,N/A,N/A
2145,CPU_and_Data_Intensive,Rejected,216.00274402268073,N/A,N/A,N/A,0.1507829926598564,0.0,0.0,0.0,STARLINK-34657,0,N/A,N/A,0.0,0.1488257102269382,False,0.0,0.0,0.0,109.90269638449024,0.1373783704806128,Insufficient Energy for CPU+NET,N/A,N/A,N/A
2148,CPU_Intensive,Rejected,216.13898633350604,N/A,N/A,N/A,0.11155215429087376,0.0,0.0,0.0,STARLINK-34657,0,N/A,N/A,0.0,0.026074107603776202,False,0.0,0.0,0.0,109.90269638449024,0.1373783704806128,Insufficient Energy for CPU,N/A,N/A,N/A
2167,CPU_and_Data_Intensive,Rejected,217.88859661214966,N/A,N/A,N/A,0.27067524785621067,0.0,0.0,0.0,STARLINK-34657,0,N/A,N/A,0.0,1.6335888464132706,False,0.0,0.0,0.0,109.90269638449024,0.1373783704806128,Insufficient Energy for CPU+NET,N/A,N/A,N/A
2173,CPU_Intensive,Rejected,218.7731734807811,N/A,N/A,N/A,0.1217639886002177,0.0,0.0,0.0,STARLINK-34657,0,N/A,N/A,0.0,0.019946134173456975,False,0.0,0.0,0.0,109.90269638449024,0.1373783704806128,Insufficient Energy for CPU,N/A,N/A,N/A
2184,CPU_Intensive,Rejected,219.96249126913085,N/A,N/A,N/A,0.20639527429613228,0.0,0.0,0.0,STARLINK-34657,0,N/A,N/A,0.0,0.08574546161660655,False,0.0,0.0,0.0,109.90269638449024,0.1373783704806128,Insufficient Energy for CPU,N/A,N/A,N/A
2189,CPU_and_Data_Intensive,Rejected,220.42970018887104,N/A,N/A,N/A,0.19656321397661342,0.0,0.0,0.0,STARLINK-34657,0,N/A,N/A,0.0,20.850079725823452,False,0.0,0.0,0.0,109.90269638449024,0.1373783704806128,Insufficient Energy for CPU+NET,N/A,N/A,N/A
2194,CPU_Intensive,Rejected,220.9876337745538,N/A,N/A,N/A,0.22500199892988673,0.0,0.0,0.0,STARLINK-34657,0,N/A,N/A,0.0,0.03849138896415199,False,0.0,0.0,0.0,109.90269638449024,0.1373783704806128,Insufficient Energy for CPU,N/A,N/A,N/A
2196,CPU_Intensive,Rejected,221.0559519084799,N/A,N/A,N/A,0.1641842569165821,0.0,0.0,0.0,STARLINK-34657,0,N/A,N/A,0.0,0.0877407037089766,False,0.0,0.0,0.0,109.90269638449024,0.1373783704806128,Insufficient Energy for CPU,N/A,N/A,N/A
2211,Generic_Service,Rejected,222.49621650174277,N/A,N/A,N/A,0.15874162939981407,0.0,0.0,0.0,STARLINK-34657,0,N/A,N/A,0.0,0.014008681021965449,False,0.0,0.0,0.0,109.90269638449024,0.1373783704806128,Insufficient Energy for CPU,N/A,N/A,N/A
2213,CPU_and_Data_Intensive,Rejected,222.5492976932056,N/A,N/A,N/A,0.149461830198085,0.0,0.0,0.0,STARLINK-34657,0,N/A,N/A,0.0,15.175045246282128,False,0.0,0.0,0.0,109.90269638449024,0.1373783704806128,Insufficient Energy for CPU+NET,N/A,N/A,N/A
2216,CPU_and_Data_Intensive,Rejected,223.00599221494068,N/A,N/A,N/A,0.2608690244654992,0.0,0.0,0.0,STARLINK-34657,0,N/A,N/A,0.0,2.055477488249661,False,0.0,0.0,0.0,109.90269638449024,0.1373783704806128,Insufficient Energy for CPU+NET,N/A,N/A,N/A
2220,Generic_Service,Rejected,223.35224880818942,N/A,N/A,N/A,0.23606332529502333,0.0,0.0,0.0,STARLINK-34657,0,N/A,N/A,0.0,0.03535863486068154,False,0.0,0.0,0.0,109.90269638449024,0.1373783704806128,Insufficient Energy for CPU,N/A,N/A,N/A
2222,CPU_Intensive,Rejected,223.50906941802094,N/A,N/A,N/A,0.1897433104624987,0.0,0.0,0.0,STARLINK-34657,0,N/A,N/A,0.0,0.01625901556449439,False,0.0,0.0,0.0,109.90269638449024,0.1373783704806128,Insufficient Energy for CPU,N/A,N/A,N/A
2230,CPU_and_Data_Intensive,Rejected,224.07293243874673,N/A,N/A,N/A,0.2644917407154014,0.0,0.0,0.0,STARLINK-34657,0,N/A,N/A,0.0,2.211359097690252,False,0.0,0.0,0.0,109.90269638449024,0.1373783704806128,Insufficient Energy for CPU+NET,N/A,N/A,N/A
2231,CPU_Intensive,Rejected,224.1069117973839,N/A,N/A,N/A,0.11651290022102327,0.0,0.0,0.0,STARLINK-34657,0,N/A,N/A,0.0,0.0773346151194561,False,0.0,0.0,0.0,109.90269638449024,0.1373783704806128,Insufficient Energy for CPU,N/A,N/A,N/A
2236,CPU_and_Data_Intensive,Rejected,225.04076904216478,N/A,N/A,N/A,0.11810467143853409,0.0,0.0,0.0,STARLINK-34657,0,N/A,N/A,0.0,1.5823256090175342,False,0.0,0.0,0.0,109.90269638449024,0.1373783704806128,Insufficient Energy for CPU+NET,N/A,N/A,N/A
2237,CPU_and_Data_Intensive,Rejected,225.1621854684897,N/A,N/A,N/A,0.23091276791945153,0.0,0.0,0.0,STARLINK-34657,0,N/A,N/A,0.0,6.968962445064708,False,0.0,0.0,0.0,109.90269638449024,0.1373783704806128,Insufficient Energy for CPU+NET,N/A,N/A,N/A
2239,Generic_Service,Rejected,225.57945015082052,N/A,N/A,N/A,0.11436958708603151,0.0,0.0,0.0,STARLINK-34657,0,N/A,N/A,0.0,0.0523265587073963,False,0.0,0.0,0.0,109.90269638449024,0.1373783704806128,Insufficient Energy for CPU,N/A,N/A,N/A
2241,CPU_and_Data_Intensive,Rejected,225.78091964308564,N/A,N/A,N/A,0.2624682767820031,0.0,0.0,0.0,STARLINK-34657,0,N/A,N/A,0.0,1.8019713352134403,False,0.0,0.0,0.0,109.90269638449024,0.1373783704806128,Insufficient Energy for CPU+NET,N/A,N/A,N/A
2242,CPU_Intensive,Rejected,225.82477526947258,N/A,N/A,N/A,0.28059437273082816,0.0,0.0,0.0,STARLINK-34657,0,N/A,N/A,0.0,0.06181781061064807,False,0.0,0.0,0.0,109.90269638449024,0.1373783704806128,Insufficient Energy for CPU,N/A,N/A,N/A
2244,CPU_and_Data_Intensive,Rejected,226.01056659706774,N/A,N/A,N/A,0.17560877033636538,0.0,0.0,0.0,STARLINK-34657,0,N/A,N/A,0.0,9.842194774014882,False,0.0,0.0,0.0,109.90269638449024,0.1373783704806128,Insufficient Energy for CPU+NET,N/A,N/A,N/A
2247,Generic_Service,Rejected,226.21980958395986,N/A,N/A,N/A,0.11748493194524859,0.0,0.0,0.0,STARLINK-34657,0,N/A,N/A,0.0,0.0770546985082927,False,0.0,0.0,0.0,109.90269638449024,0.1373783704806128,Insufficient Energy for CPU,N/A,N/A,N/A
2257,CPU_and_Data_Intensive,Rejected,227.47720357853518,N/A,N/A,N/A,0.26694621966981086,0.0,0.0,0.0,STARLINK-34657,0,N/A,N/A,0.0,2.0021627160451314,False,0.0,0.0,0.0,109.90269638449024,0.1373783704806128,Insufficient Energy for CPU+NET,N/A,N/A,N/A
2263,CPU_Intensive,Rejected,228.1157706962513,N/A,N/A,N/A,0.23751989272808147,0.0,0.0,0.0,STARLINK-34657,0,N/A,N/A,0.0,0.08271896356393059,False,0.0,0.0,0.0,109.90269638449024,0.1373783704806128,Insufficient Energy for CPU,N/A,N/A,N/A
2266,CPU_and_Data_Intensive,Rejected,228.7071197093536,N/A,N/A,N/A,0.14511127121232323,0.0,0.0,0.0,STARLINK-34657,0,N/A,N/A,0.0,16.3855532525666,False,0.0,0.0,0.0,109.90269638449024,0.1373783704806128,Insufficient Energy for CPU+NET,N/A,N/A,N/A
2284,CPU_Intensive,Rejected,230.6502133635117,N/A,N/A,N/A,0.15626599073309907,0.0,0.0,0.0,STARLINK-34657,0,N/A,N/A,0.0,0.06492303138980984,False,0.0,0.0,0.0,109.90269638449024,0.1373783704806128,Insufficient Energy for CPU,N/A,N/A,N/A
2304,CPU_Intensive,Rejected,233.27479000156433,N/A,N/A,N/A,0.12316730134841049,0.0,0.0,0.0,STARLINK-34657,0,N/A,N/A,0.0,0.05158963206521285,False,0.0,0.0,0.0,109.90269638449024,0.1373783704806128,Insufficient Energy for CPU,N/A,N/A,N/A
2310,CPU_and_Data_Intensive,Rejected,233.72959512098325,N/A,N/A,N/A,0.25160406840761046,0.0,0.0,0.0,STARLINK-34657,0,N/A,N/A,0.0,2.1095669530855257,False,0.0,0.0,0.0,109.90269638449024,0.1373783704806128,Insufficient Energy for CPU+NET,N/A,N/A,N/A
2312,CPU_Intensive,Rejected,234.04896623378556,N/A,N/A,N/A,0.23100012376702878,0.0,0.0,0.0,STARLINK-34657,0,N/A,N/A,0.0,0.04281327064483863,False,0.0,0.0,0.0,109.90269638449024,0.1373783704806128,Insufficient Energy for CPU,N/A,N/A,N/A
2316,CPU_and_Data_Intensive,Rejected,234.5202523303943,N/A,N/A,N/A,0.15126283032996315,0.0,0.0,0.0,STARLINK-34657,0,N/A,N/A,0.0,2.0793984102730634,False,0.0,0.0,0.0,109.90269638449024,0.1373783704806128,Insufficient Energy for CPU+NET,N/A,N/A,N/A
2317,CPU_Intensive,Rejected,234.59724533590273,N/A,N/A,N/A,0.2715854632313911,0.0,0.0,0.0,STARLINK-34657,0,N/A,N/A,0.0,0.07601171105148977,False,0.0,0.0,0.0,109.90269638449024,0.1373783704806128,Insufficient Energy for CPU,N/A,N/A,N/A
2330,CPU_Intensive,Rejected,235.8245140968532,N/A,N/A,N/A,0.24141628577005167,0.0,0.0,0.0,STARLINK-34657,0,N/A,N/A,0.0,0.08523632558447626,False,0.0,0.0,0.0,109.90269638449024,0.1373783704806128,Insufficient Energy for CPU,N/A,N/A,N/A
2339,CPU_Intensive,Rejected,236.5221865077048,N/A,N/A,N/A,0.14781886938227654,0.0,0.0,0.0,STARLINK-34657,0,N/A,N/A,0.0,0.03620314577952331,False,0.0,0.0,0.0,109.90269638449024,0.1373783704806128,Insufficient Energy for CPU,N/A,N/A,N/A
2342,CPU_and_Data_Intensive,Rejected,236.9948811906624,N/A,N/A,N/A,0.16488863785497535,0.0,0.0,0.0,STARLINK-34657,0,N/A,N/A,0.0,0.2967797974182568,False,0.0,0.0,0.0,109.90269638449024,0.1373783704806128,Insufficient Energy for CPU+NET,N/A,N/A,N/A
2344,CPU_Intensive,Rejected,237.19777457421569,N/A,N/A,N/A,0.21478878743287408,0.0,0.0,0.0,STARLINK-34657,0,N/A,N/A,0.0,0.06469086479677107,False,0.0,0.0,0.0,109.90269638449024,0.1373783704806128,Insufficient Energy for CPU,N/A,N/A,N/A
2356,CPU_Intensive,Rejected,238.5231668363882,N/A,N/A,N/A,0.2901598848572306,0.0,0.0,0.0,STARLINK-34657,0,N/A,N/A,0.0,0.013346448368926806,False,0.0,0.0,0.0,109.90269638449024,0.1373783704806128,Insufficient Energy for CPU,N/A,N/A,N/A
2364,CPU_and_Data_Intensive,Rejected,239.19313749934958,N/A,N/A,N/A,0.16006352209088706,0.0,0.0,0.0,STARLINK-34657,0,N/A,N/A,0.0,1.0321287385829878,False,0.0,0.0,0.0,109.90269638449024,0.1373783704806128,Insufficient Energy for CPU+NET,N/A,N/A,N/A
2365,CPU_Intensive,Rejected,239.19610832842187,N/A,N/A,N/A,0.17907524850783718,0.0,0.0,0.0,STARLINK-34657,0,N/A,N/A,0.0,0.043480658822730535,False,0.0,0.0,0.0,109.90269638449024,0.1373783704806128,Insufficient Energy for CPU,N/A,N/A,N/A
2373,CPU_and_Data_Intensive,Rejected,240.32550202552721,N/A,N/A,N/A,0.2311790847024598,0.0,0.0,0.0,STARLINK-34657,0,N/A,N/A,0.0,1.4474209474050221,False,0.0,0.0,0.0,109.90269638449024,0.1373783704806128,Insufficient Energy for CPU+NET,N/A,N/A,N/A
2374,CPU_Intensive,Rejected,240.32848107249796,N/A,N/A,N/A,0.27440281328172256,0.0,0.0,0.0,STARLINK-34657,0,N/A,N/A,0.0,0.036039135849745906,False,0.0,0.0,0.0,109.90269638449024,0.1373783704806128,Insufficient Energy for CPU,N/A,N/A,N/A
2379,CPU_Intensive,Rejected,240.70710891272012,N/A,N/A,N/A,0.2714355573553116,0.0,0.0,0.0,STARLINK-34657,0,N/A,N/A,0.0,0.06450466312868171,False,0.0,0.0,0.0,109.90269638449024,0.1373783704806128,Insufficient Energy for CPU,N/A,N/A,N/A
2386,Generic_Service,Rejected,241.5122027806507,N/A,N/A,N/A,0.11723556898686255,0.0,0.0,0.0,STARLINK-34657,0,N/A,N/A,0.0,0.03861345143593295,False,0.0,0.0,0.0,109.90269638449024,0.1373783704806128,Insufficient Energy for CPU,N/A,N/A,N/A
2388,CPU_Intensive,Rejected,241.6828383767618,N/A,N/A,N/A,0.12323852407404678,0.0,0.0,0.0,STARLINK-34657,0,N/A,N/A,0.0,0.058516691755905355,False,0.0,0.0,0.0,109.90269638449024,0.1373783704806128,Insufficient Energy for CPU,N/A,N/A,N/A
2390,Generic_Service,Rejected,241.90883001927716,N/A,N/A,N/A,0.12891629118631928,0.0,0.0,0.0,STARLINK-34657,0,N/A,N/A,0.0,0.07881816514597319,False,0.0,0.0,0.0,109.90269638449024,0.1373783704806128,Insufficient Energy for CPU,N/A,N/A,N/A
2393,CPU_and_Data_Intensive,Rejected,242.3162173185633,N/A,N/A,N/A,0.12919079837424424,0.0,0.0,0.0,STARLINK-34657,0,N/A,N/A,0.0,1.7641560179349711,False,0.0,0.0,0.0,109.90269638449024,0.1373783704806128,Insufficient Energy for CPU+NET,N/A,N/A,N/A
2399,CPU_Intensive,Rejected,243.1173503268222,N/A,N/A,N/A,0.1418261407377862,0.0,0.0,0.0,STARLINK-34657,0,N/A,N/A,0.0,0.06126487363763821,False,0.0,0.0,0.0,109.90269638449024,0.1373783704806128,Insufficient Energy for CPU,N/A,N/A,N/A
2402,CPU_and_Data_Intensive,Rejected,243.26304181334226,N/A,N/A,N/A,0.12256693198088861,0.0,0.0,0.0,STARLINK-34657,0,N/A,N/A,0.0,0.22899832225055733,False,0.0,0.0,0.0,109.90269638449024,0.1373783704806128,Insufficient Energy for CPU+NET,N/A,N/A,N/A
2411,CPU_and_Data_Intensive,Rejected,244.22894616760811,N/A,N/A,N/A,0.21659859106402432,0.0,0.0,0.0,STARLINK-34657,0,N/A,N/A,0.0,1.2888964535357856,False,0.0,0.0,0.0,109.90269638449024,0.1373783704806128,Insufficient Energy for CPU+NET,N/A,N/A,N/A
2420,CPU_Intensive,Rejected,244.6250295147582,N/A,N/A,N/A,0.23028404771673383,0.0,0.0,0.0,STARLINK-34657,0,N/A,N/A,0.0,0.022416627675478827,False,0.0,0.0,0.0,109.90269638449024,0.1373783704806128,Insufficient Energy for CPU,N/A,N/A,N/A
2425,CPU_Intensive,Rejected,244.85569929620655,N/A,N/A,N/A,0.18627535624886404,0.0,0.0,0.0,STARLINK-34657,0,N/A,N/A,0.0,0.018348133330164468,False,0.0,0.0,0.0,109.90269638449024,0.1373783704806128,Insufficient Energy for CPU,N/A,N/A,N/A
2435,Generic_Service,Rejected,245.79499204230925,N/A,N/A,N/A,0.1120343163681029,0.0,0.0,0.0,STARLINK-34657,0,N/A,N/A,0.0,0.028031737860132175,False,0.0,0.0,0.0,109.90269638449024,0.1373783704806128,Insufficient Energy for CPU,N/A,N/A,N/A
2436,CPU_and_Data_Intensive,Rejected,245.83894527806524,N/A,N/A,N/A,0.12091674015218282,0.0,0.0,0.0,STARLINK-34657,0,N/A,N/A,0.0,14.482789702178259,False,0.0,0.0,0.0,109.90269638449024,0.1373783704806128,Insufficient Energy for CPU+NET,N/A,N/A,N/A
2438,CPU_and_Data_Intensive,Rejected,246.1396065044696,N/A,N/A,N/A,0.268628434356299,0.0,0.0,0.0,STARLINK-34657,0,N/A,N/A,0.0,22.838803146098726,False,0.0,0.0,0.0,109.90269638449024,0.1373783704806128,Insufficient Energy for CPU+NET,N/A,N/A,N/A
2441,CPU_and_Data_Intensive,Rejected,246.29118427980123,N/A,N/A,N/A,0.2976218890444723,0.0,0.0,0.0,STARLINK-34657,0,N/A,N/A,0.0,1.1649235735739636,False,0.0,0.0,0.0,109.90269638449024,0.1373783704806128,Insufficient Energy for CPU+NET,N/A,N/A,N/A
2447,CPU_and_Data_Intensive,Rejected,246.58079280591784,N/A,N/A,N/A,0.13399564662646773,0.0,0.0,0.0,STARLINK-34657,0,N/A,N/A,0.0,5.6856318567000494,False,0.0,0.0,0.0,109.90269638449024,0.1373783704806128,Insufficient Energy for CPU+NET,N/A,N/A,N/A
2453,Generic_Service,Rejected,247.00545568530336,N/A,N/A,N/A,0.11046645682132716,0.0,0.0,0.0,STARLINK-34657,0,N/A,N/A,0.0,0.054919151525388975,False,0.0,0.0,0.0,109.90269638449024,0.1373783704806128,Insufficient Energy for CPU,N/A,N/A,N/A
2455,CPU_Intensive,Rejected,247.17534954478828,N/A,N/A,N/A,0.22391785831623406,0.0,0.0,0.0,STARLINK-34657,0,N/A,N/A,0.0,0.01136710197433711,False,0.0,0.0,0.0,109.90269638449024,0.1373783704806128,Insufficient Energy for CPU,N/A,N/A,N/A
2465,CPU_and_Data_Intensive,Rejected,247.96041898874003,N/A,N/A,N/A,0.18104503228627514,0.0,0.0,0.0,STARLINK-34657,0,N/A,N/A,0.0,0.8505066661006284,False,0.0,0.0,0.0,109.90269638449024,0.1373783704806128,Insufficient Energy for CPU+NET,N/A,N/A,N/A
2470,CPU_Intensive,Rejected,248.25812355435284,N/A,N/A,N/A,0.21480134930644101,0.0,0.0,0.0,STARLINK-34657,0,N/A,N/A,0.0,0.08795625505180234,False,0.0,0.0,0.0,109.90269638449024,0.1373783704806128,Insufficient Energy for CPU,N/A,N/A,N/A
2488,Generic_Service,Rejected,249.73642930267374,N/A,N/A,N/A,0.13494528537066233,0.0,0.0,0.0,STARLINK-34657,0,N/A,N/A,0.0,0.016191045522966054,False,0.0,0.0,0.0,109.90269638449024,0.1373783704806128,Insufficient Energy for CPU,N/A,N/A,N/A
2497,CPU_Intensive,Rejected,250.3051119212001,N/A,N/A,N/A,0.2711117672280323,0.0,0.0,0.0,STARLINK-34657,0,N/A,N/A,0.0,0.08015282281423078,False,0.0,0.0,0.0,109.90269638449024,0.1373783704806128,Insufficient Energy for CPU,N/A,N/A,N/A
2499,CPU_Intensive,Rejected,250.50736753609488,N/A,N/A,N/A,0.20668515456842326,0.0,0.0,0.0,STARLINK-34657,0,N/A,N/A,0.0,0.04367810124440129,False,0.0,0.0,0.0,109.90269638449024,0.1373783704806128,Insufficient Energy for CPU,N/A,N/A,N/A
2502,CPU_Intensive,Rejected,250.5506156811978,N/A,N/A,N/A,0.210299041505215,0.0,0.0,0.0,STARLINK-34657,0,N/A,N/A,0.0,0.08535846484682348,False,0.0,0.0,0.0,109.90269638449024,0.1373783704806128,Insufficient Energy for CPU,N/A,N/A,N/A
2505,CPU_Intensive,Rejected,250.92855867433573,N/A,N/A,N/A,0.15575162126212957,0.0,0.0,0.0,STARLINK-34657,0,N/A,N/A,0.0,0.08717860748765621,False,0.0,0.0,0.0,109.90269638449024,0.1373783704806128,Insufficient Energy for CPU,N/A,N/A,N/A
2510,CPU_Intensive,Rejected,251.37926247384314,N/A,N/A,N/A,0.11070569967271368,0.0,0.0,0.0,STARLINK-34657,0,N/A,N/A,0.0,0.03582400925003972,False,0.0,0.0,0.0,109.90269638449024,0.1373783704806128,Insufficient Energy for CPU,N/A,N/A,N/A
2512,CPU_and_Data_Intensive,Rejected,251.60459222126886,N/A,N/A,N/A,0.22118523227486003,0.0,0.0,0.0,STARLINK-34657,0,N/A,N/A,0.0,1.218091352753193,False,0.0,0.0,0.0,109.90269638449024,0.1373783704806128,Insufficient Energy for CPU+NET,N/A,N/A,N/A
2524,CPU_and_Data_Intensive,Rejected,252.69378173471813,N/A,N/A,N/A,0.21510424607648643,0.0,0.0,0.0,STARLINK-34657,0,N/A,N/A,0.0,0.6709147774157423,False,0.0,0.0,0.0,109.90269638449024,0.1373783704806128,Insufficient Energy for CPU+NET,N/A,N/A,N/A
2531,Generic_Service,Rejected,253.06346760417728,N/A,N/A,N/A,0.14263856549655157,0.0,0.0,0.0,STARLINK-34657,0,N/A,N/A,0.0,0.026771516871657977,False,0.0,0.0,0.0,109.90269638449024,0.1373783704806128,Insufficient Energy for CPU,N/A,N/A,N/A
2537,Generic_Service,Rejected,253.66904292475493,N/A,N/A,N/A,0.12078056930792701,0.0,0.0,0.0,STARLINK-34657,0,N/A,N/A,0.0,0.049082724997282896,False,0.0,0.0,0.0,109.90269638449024,0.1373783704806128,Insufficient Energy for CPU,N/A,N/A,N/A
2542,CPU_and_Data_Intensive,Rejected,254.5129502959536,N/A,N/A,N/A,0.2650449356715205,0.0,0.0,0.0,STARLINK-34657,0,N/A,N/A,0.0,0.33880893664497985,False,0.0,0.0,0.0,109.90269638449024,0.1373783704806128,Insufficient Energy for CPU+NET,N/A,N/A,N/A
2550,CPU_Intensive,Rejected,254.9729667228124,N/A,N/A,N/A,0.13260224535428328,0.0,0.0,0.0,STARLINK-34657,0,N/A,N/A,0.0,0.022295992659428193,False,0.0,0.0,0.0,109.90269638449024,0.1373783704806128,Insufficient Energy for CPU,N/A,N/A,N/A
2553,CPU_and_Data_Intensive,Rejected,255.5629189578188,N/A,N/A,N/A,0.251004497738068,0.0,0.0,0.0,STARLINK-34657,0,N/A,N/A,0.0,11.927277121252025,False,0.0,0.0,0.0,109.90269638449024,0.1373783704806128,Insufficient Energy for CPU+NET,N/A,N/A,N/A
2559,Generic_Service,Rejected,255.81882526632646,N/A,N/A,N/A,0.1267456228830308,0.0,0.0,0.0,STARLINK-34657,0,N/A,N/A,0.0,0.06617967140168321,False,0.0,0.0,0.0,109.90269638449024,0.1373783704806128,Insufficient Energy for CPU,N/A,N/A,N/A
2560,CPU_Intensive,Rejected,255.8881067450895,N/A,N/A,N/A,0.22042721876288116,0.0,0.0,0.0,STARLINK-34657,0,N/A,N/A,0.0,0.06540881573196403,False,0.0,0.0,0.0,109.90269638449024,0.1373783704806128,Insufficient Energy for CPU,N/A,N/A,N/A
2563,CPU_and_Data_Intensive,Rejected,256.08669542041065,N/A,N/A,N/A,0.237071827786809,0.0,0.0,0.0,STARLINK-34657,0,N/A,N/A,0.0,0.13838846395121504,False,0.0,0.0,0.0,109.90269638449024,0.1373783704806128,Insufficient Energy for CPU+NET,N/A,N/A,N/A
2567,CPU_and_Data_Intensive,Rejected,256.596566354245,N/A,N/A,N/A,0.14405897498724002,0.0,0.0,0.0,STARLINK-34657,0,N/A,N/A,0.0,1.7290007353696468,False,0.0,0.0,0.0,109.90269638449024,0.1373783704806128,Insufficient Energy for CPU+NET,N/A,N/A,N/A
2570,CPU_Intensive,Rejected,257.22292186063623,N/A,N/A,N/A,0.2089443216491358,0.0,0.0,0.0,STARLINK-34657,0,N/A,N/A,0.0,0.02649384039540406,False,0.0,0.0,0.0,109.90269638449024,0.1373783704806128,Insufficient Energy for CPU,N/A,N/A,N/A
2578,CPU_and_Data_Intensive,Rejected,257.81878664781027,N/A,N/A,N/A,0.137134165961902,0.0,0.0,0.0,STARLINK-34657,0,N/A,N/A,0.0,0.8966052218395703,False,0.0,0.0,0.0,109.90269638449024,0.1373783704806128,Insufficient Energy for CPU+NET,N/A,N/A,N/A
2579,CPU_Intensive,Rejected,258.08299049555797,N/A,N/A,N/A,0.2455656307925937,0.0,0.0,0.0,STARLINK-34657,0,N/A,N/A,0.0,0.08059930189053938,False,0.0,0.0,0.0,109.90269638449024,0.1373783704806128,Insufficient Energy for CPU,N/A,N/A,N/A
2580,CPU_Intensive,Rejected,258.1849776372253,N/A,N/A,N/A,0.13671738140041437,0.0,0.0,0.0,STARLINK-34657,0,N/A,N/A,0.0,0.047013072731654316,False,0.0,0.0,0.0,109.90269638449024,0.1373783704806128,Insufficient Energy for CPU,N/A,N/A,N/A
2587,CPU_Intensive,Rejected,259.27520915050536,N/A,N/A,N/A,0.2522489529878878,0.0,0.0,0.0,STARLINK-34657,0,N/A,N/A,0.0,0.034960126467188345,False,0.0,0.0,0.0,109.90269638449024,0.1373783704806128,Insufficient Energy for CPU,N/A,N/A,N/A
2588,CPU_Intensive,Rejected,259.41606785565534,N/A,N/A,N/A,0.20764208875658982,0.0,0.0,0.0,STARLINK-34657,0,N/A,N/A,0.0,0.05154252750826028,False,0.0,0.0,0.0,109.90269638449024,0.1373783704806128,Insufficient Energy for CPU,N/A,N/A,N/A
2598,CPU_Intensive,Rejected,260.3817383829219,N/A,N/A,N/A,0.2542348945816659,0.0,0.0,0.0,STARLINK-34657,0,N/A,N/A,0.0,0.07869270439901567,False,0.0,0.0,0.0,109.90269638449024,0.1373783704806128,Insufficient Energy for CPU,N/A,N/A,N/A
2611,CPU_and_Data_Intensive,Rejected,261.35464656874973,N/A,N/A,N/A,0.13795911859414384,0.0,0.0,0.0,STARLINK-34657,0,N/A,N/A,0.0,3.876552556630749,False,0.0,0.0,0.0,109.90269638449024,0.1373783704806128,Insufficient Energy for CPU+NET,N/A,N/A,N/A
2613,CPU_Intensive,Rejected,261.47521531971273,N/A,N/A,N/A,0.20791148589836328,0.0,0.0,0.0,STARLINK-34657,0,N/A,N/A,0.0,0.0288198945177697,False,0.0,0.0,0.0,109.90269638449024,0.1373783704806128,Insufficient Energy for CPU,N/A,N/A,N/A
2619,CPU_Intensive,Rejected,262.1293446562058,N/A,N/A,N/A,0.28489965014139546,0.0,0.0,0.0,STARLINK-34657,0,N/A,N/A,0.0,0.04816416573417226,False,0.0,0.0,0.0,109.90269638449024,0.1373783704806128,Insufficient Energy for CPU,N/A,N/A,N/A
2624,CPU_and_Data_Intensive,Rejected,262.6402848843046,N/A,N/A,N/A,0.20688533224273928,0.0,0.0,0.0,STARLINK-34657,0,N/A,N/A,0.0,7.735182984998949,False,0.0,0.0,0.0,109.90269638449024,0.1373783704806128,Insufficient Energy for CPU+NET,N/A,N/A,N/A
2630,CPU_Intensive,Rejected,263.138436112386,N/A,N/A,N/A,0.17646748137000148,0.0,0.0,0.0,STARLINK-34657,0,N/A,N/A,0.0,0.03364070969089908,False,0.0,0.0,0.0,109.90269638449024,0.1373783704806128,Insufficient Energy for CPU,N/A,N/A,N/A
2644,CPU_Intensive,Rejected,263.94793339023516,N/A,N/A,N/A,0.22030586690727405,0.0,0.0,0.0,STARLINK-34657,0,N/A,N/A,0.0,0.054083741244372666,False,0.0,0.0,0.0,109.90269638449024,0.1373783704806128,Insufficient Energy for CPU,N/A,N/A,N/A
2649,CPU_and_Data_Intensive,Rejected,264.34680017348245,N/A,N/A,N/A,0.13571371126880688,0.0,0.0,0.0,STARLINK-34657,0,N/A,N/A,0.0,1.132446597625438,False,0.0,0.0,0.0,109.90269638449024,0.1373783704806128,Insufficient Energy for CPU+NET,N/A,N/A,N/A
2653,CPU_and_Data_Intensive,Rejected,264.8188081421267,N/A,N/A,N/A,0.2703212557152612,0.0,0.0,0.0,STARLINK-34657,0,N/A,N/A,0.0,1.1828780724562875,False,0.0,0.0,0.0,109.90269638449024,0.1373783704806128,Insufficient Energy for CPU+NET,N/A,N/A,N/A
2667,CPU_and_Data_Intensive,Rejected,266.3950465576039,N/A,N/A,N/A,0.11816690851286268,0.0,0.0,0.0,STARLINK-34657,0,N/A,N/A,0.0,1.9443739618549536,False,0.0,0.0,0.0,109.90269638449024,0.1373783704806128,Insufficient Energy for CPU+NET,N/A,N/A,N/A
2673,Generic_Service,Rejected,267.35565755199985,N/A,N/A,N/A,0.1193890556032921,0.0,0.0,0.0,STARLINK-34657,0,N/A,N/A,0.0,0.029805954790494298,False,0.0,0.0,0.0,109.90269638449024,0.1373783704806128,Insufficient Energy for CPU,N/A,N/A,N/A
2682,CPU_and_Data_Intensive,Rejected,268.25519384460085,N/A,N/A,N/A,0.21417739646835215,0.0,0.0,0.0,STARLINK-34657,0,N/A,N/A,0.0,1.6636398615193315,False,0.0,0.0,0.0,109.90269638449024,0.1373783704806128,Insufficient Energy for CPU+NET,N/A,N/A,N/A
2683,CPU_Intensive,Rejected,268.29808655035816,N/A,N/A,N/A,0.11329053678727537,0.0,0.0,0.0,STARLINK-34657,0,N/A,N/A,0.0,0.032443920861518885,False,0.0,0.0,0.0,109.90269638449024,0.1373783704806128,Insufficient Energy for CPU,N/A,N/A,N/A
2685,CPU_Intensive,Rejected,268.4446267921941,N/A,N/A,N/A,0.24878023841366945,0.0,0.0,0.0,STARLINK-34657,0,N/A,N/A,0.0,0.05749203490009956,False,0.0,0.0,0.0,109.90269638449024,0.1373783704806128,Insufficient Energy for CPU,N/A,N/A,N/A
2689,CPU_and_Data_Intensive,Rejected,268.95015304090884,N/A,N/A,N/A,0.2970971788779555,0.0,0.0,0.0,STARLINK-34657,0,N/A,N/A,0.0,14.500593766583169,False,0.0,0.0,0.0,109.90269638449024,0.1373783704806128,Insufficient Energy for CPU+NET,N/A,N/A,N/A
2695,CPU_and_Data_Intensive,Rejected,269.2213300972527,N/A,N/A,N/A,0.1954038484188205,0.0,0.0,0.0,STARLINK-34657,0,N/A,N/A,0.0,4.712803307770042,False,0.0,0.0,0.0,109.90269638449024,0.1373783704806128,Insufficient Energy for CPU+NET,N/A,N/A,N/A
2698,CPU_Intensive,Rejected,269.3014636806946,N/A,N/A,N/A,0.23429639037708766,0.0,0.0,0.0,STARLINK-34657,0,N/A,N/A,0.0,0.04636761792116675,False,0.0,0.0,0.0,109.90269638449024,0.1373783704806128,Insufficient Energy for CPU,N/A,N/A,N/A
2704,CPU_Intensive,Rejected,270.0294508604264,N/A,N/A,N/A,0.19958838669645737,0.0,0.0,0.0,STARLINK-34657,0,N/A,N/A,0.0,0.026609156449042368,False,0.0,0.0,0.0,109.90269638449024,0.1373783704806128,Insufficient Energy for CPU,N/A,N/A,N/A
2708,CPU_and_Data_Intensive,Rejected,270.3954580531839,N/A,N/A,N/A,0.1858302168666083,0.0,0.0,0.0,STARLINK-34657,0,N/A,N/A,0.0,1.7370244614390133,False,0.0,0.0,0.0,109.90269638449024,0.1373783704806128,Insufficient Energy for CPU+NET,N/A,N/A,N/A
2715,CPU_and_Data_Intensive,Rejected,270.8481281684579,N/A,N/A,N/A,0.20310267256742032,0.0,0.0,0.0,STARLINK-34657,0,N/A,N/A,0.0,1.2596474234544741,False,0.0,0.0,0.0,109.90269638449024,0.1373783704806128,Insufficient Energy for CPU+NET,N/A,N/A,N/A
2717,CPU_Intensive,Rejected,270.9142510204911,N/A,N/A,N/A,0.17811860811587865,0.0,0.0,0.0,STARLINK-34657,0,N/A,N/A,0.0,0.06703566138615658,False,0.0,0.0,0.0,109.90269638449024,0.1373783704806128,Insufficient Energy for CPU,N/A,N/A,N/A
2722,Generic_Service,Rejected,271.3212298603048,N/A,N/A,N/A,0.11602211940002212,0.0,0.0,0.0,STARLINK-34657,0,N/A,N/A,0.0,0.04319700996143843,False,0.0,0.0,0.0,109.90269638449024,0.1373783704806128,Insufficient Energy for CPU,N/A,N/A,N/A
2727,CPU_Intensive,Rejected,271.63342834208623,N/A,N/A,N/A,0.19974884107253874,0.0,0.0,0.0,STARLINK-34657,0,N/A,N/A,0.0,0.026721406743001927,False,0.0,0.0,0.0,109.90269638449024,0.1373783704806128,Insufficient Energy for CPU,N/A,N/A,N/A
2729,CPU_and_Data_Intensive,Rejected,271.6796709683663,N/A,N/A,N/A,0.17908809417322666,0.0,0.0,0.0,STARLINK-34657,0,N/A,N/A,0.0,13.495431557155506,False,0.0,0.0,0.0,109.90269638449024,0.1373783704806128,Insufficient Energy for CPU+NET,N/A,N/A,N/A
2737,CPU_Intensive,Rejected,273.1001677568097,N/A,N/A,N/A,0.14506532763429095,0.0,0.0,0.0,STARLINK-34657,0,N/A,N/A,0.0,0.08014804798187286,False,0.0,0.0,0.0,109.90269638449024,0.1373783704806128,Insufficient Energy for CPU,N/A,N/A,N/A
2740,Generic_Service,Rejected,273.39281866385323,N/A,N/A,N/A,0.159016483970157,0.0,0.0,0.0,STARLINK-34657,0,N/A,N/A,0.0,0.08476499816266889,False,0.0,0.0,0.0,109.90269638449024,0.1373783704806128,Insufficient Energy for CPU,N/A,N/A,N/A
2746,CPU_and_Data_Intensive,Rejected,273.9778701274723,N/A,N/A,N/A,0.12233326866568622,0.0,0.0,0.0,STARLINK-34657,0,N/A,N/A,0.0,21.69731780709651,False,0.0,0.0,0.0,109.90269638449024,0.1373783704806128,Insufficient Energy for CPU+NET,N/A,N/A,N/A
2748,CPU_Intensive,Rejected,274.3950489733509,N/A,N/A,N/A,0.18494188313350657,0.0,0.0,0.0,STARLINK-34657,0,N/A,N/A,0.0,0.06616016962464165,False,0.0,0.0,0.0,109.90269638449024,0.1373783704806128,Insufficient Energy for CPU,N/A,N/A,N/A
2752,CPU_Intensive,Rejected,275.00064743887214,N/A,N/A,N/A,0.1813494318967921,0.0,0.0,0.0,STARLINK-34657,0,N/A,N/A,0.0,0.05243607200826164,False,0.0,0.0,0.0,109.90269638449024,0.1373783704806128,Insufficient Energy for CPU,N/A,N/A,N/A
2755,CPU_and_Data_Intensive,Rejected,275.30736639408985,N/A,N/A,N/A,0.22627286752390863,0.0,0.0,0.0,STARLINK-34657,0,N/A,N/A,0.0,1.1030184780648362,False,0.0,0.0,0.0,109.90269638449024,0.1373783704806128,Insufficient Energy for CPU+NET,N/A,N/A,N/A
2769,CPU_Intensive,Rejected,276.7049568130411,N/A,N/A,N/A,0.28352959865193417,0.0,0.0,0.0,STARLINK-34657,0,N/A,N/A,0.0,0.024746185390180992,False,0.0,0.0,0.0,109.90269638449024,0.1373783704806128,Insufficient Energy for CPU,N/A,N/A,N/A
2771,CPU_and_Data_Intensive,Rejected,276.833790235871,N/A,N/A,N/A,0.19371231118104593,0.0,0.0,0.0,STARLINK-34657,0,N/A,N/A,0.0,10.0326388207075,False,0.0,0.0,0.0,109.90269638449024,0.1373783704806128,Insufficient Energy for CPU+NET,N/A,N/A,N/A
2785,CPU_and_Data_Intensive,Rejected,278.3984936860939,N/A,N/A,N/A,0.2853829750338187,0.0,0.0,0.0,STARLINK-34657,0,N/A,N/A,0.0,0.07642466026732422,False,0.0,0.0,0.0,109.90269638449024,0.1373783704806128,Insufficient Energy for CPU+NET,N/A,N/A,N/A
2791,CPU_and_Data_Intensive,Rejected,278.92522136090747,N/A,N/A,N/A,0.16184718503363132,0.0,0.0,0.0,STARLINK-34657,0,N/A,N/A,0.0,0.3743584617752977,False,0.0,0.0,0.0,109.90269638449024,0.1373783704806128,Insufficient Energy for CPU+NET,N/A,N/A,N/A
2801,CPU_Intensive,Rejected,279.9991357879125,N/A,N/A,N/A,0.20688241562440293,0.0,0.0,0.0,STARLINK-34657,0,N/A,N/A,0.0,0.08608675449368572,False,0.0,0.0,0.0,109.90269638449024,0.1373783704806128,Insufficient Energy for CPU,N/A,N/A,N/A
2802,CPU_and_Data_Intensive,Rejected,280.0378583737263,N/A,N/A,N/A,0.19883424829561033,0.0,0.0,0.0,STARLINK-34657,0,N/A,N/A,0.0,22.3978771436823,False,0.0,0.0,0.0,109.90269638449024,0.1373783704806128,Insufficient Energy for CPU+NET,N/A,N/A,N/A
2804,Generic_Service,Rejected,280.05905235080485,N/A,N/A,N/A,0.13829166412603466,0.0,0.0,0.0,STARLINK-34657,0,N/A,N/A,0.0,0.07212166606442083,False,0.0,0.0,0.0,109.90269638449024,0.1373783704806128,Insufficient Energy for CPU,N/A,N/A,N/A
2808,CPU_Intensive,Rejected,280.4771676042185,N/A,N/A,N/A,0.21513947687358587,0.0,0.0,0.0,STARLINK-34657,0,N/A,N/A,0.0,0.022775011223836177,False,0.0,0.0,0.0,109.90269638449024,0.1373783704806128,Insufficient Energy for CPU,N/A,N/A,N/A
2813,CPU_Intensive,Rejected,280.9936759085943,N/A,N/A,N/A,0.13887844820633682,0.0,0.0,0.0,STARLINK-34657,0,N/A,N/A,0.0,0.05676410486550612,False,0.0,0.0,0.0,109.90269638449024,0.1373783704806128,Insufficient Energy for CPU,N/A,N/A,N/A
2814,CPU_Intensive,Rejected,280.99479148525353,N/A,N/A,N/A,0.17178486675018478,0.0,0.0,0.0,STARLINK-34657,0,N/A,N/A,0.0,0.08112243901155344,False,0.0,0.0,0.0,109.90269638449024,0.1373783704806128,Insufficient Energy for CPU,N/A,N/A,N/A
2820,CPU_Intensive,Rejected,281.5226272681432,N/A,N/A,N/A,0.28721684782578893,0.0,0.0,0.0,STARLINK-34657,0,N/A,N/A,0.0,0.05956960159337446,False,0.0,0.0,0.0,109.90269638449024,0.1373783704806128,Insufficient Energy for CPU,N/A,N/A,N/A
2834,CPU_Intensive,Rejected,282.4391479906272,N/A,N/A,N/A,0.1644474738652614,0.0,0.0,0.0,STARLINK-34657,0,N/A,N/A,0.0,0.06517048583914571,False,0.0,0.0,0.0,109.90269638449024,0.1373783704806128,Insufficient Energy for CPU,N/A,N/A,N/A
2835,Generic_Service,Rejected,282.4478613476559,N/A,N/A,N/A,0.10991230656088978,0.0,0.0,0.0,STARLINK-34657,0,N/A,N/A,0.0,0.06025733461971847,False,0.0,0.0,0.0,109.90269638449024,0.1373783704806128,Insufficient Energy for CPU,N/A,N/A,N/A
2838,CPU_Intensive,Rejected,282.57348927312,N/A,N/A,N/A,0.165178880365343,0.0,0.0,0.0,STARLINK-34657,0,N/A,N/A,0.0,0.07124507829000205,False,0.0,0.0,0.0,109.90269638449024,0.1373783704806128,Insufficient Energy for CPU,N/A,N/A,N/A
2845,CPU_and_Data_Intensive,Rejected,283.23470074027375,N/A,N/A,N/A,0.11301790980132274,0.0,0.0,0.0,STARLINK-34657,0,N/A,N/A,0.0,0.5157742571617752,False,0.0,0.0,0.0,109.90269638449024,0.1373783704806128,Insufficient Energy for CPU+NET,N/A,N/A,N/A
2847,Generic_Service,Rejected,283.4538042564538,N/A,N/A,N/A,0.13858944628080308,0.0,0.0,0.0,STARLINK-34657,0,N/A,N/A,0.0,0.019473385433883175,False,0.0,0.0,0.0,109.90269638449024,0.1373783704806128,Insufficient Energy for CPU,N/A,N/A,N/A
2858,CPU_Intensive,Rejected,284.727690162882,N/A,N/A,N/A,0.2951727866172199,0.0,0.0,0.0,STARLINK-34657,0,N/A,N/A,0.0,0.02695648302521142,False,0.0,0.0,0.0,109.90269638449024,0.1373783704806128,Insufficient Energy for CPU,N/A,N/A,N/A
2860,CPU_Intensive,Rejected,284.84786164992323,N/A,N/A,N/A,0.21712940880445925,0.0,0.0,0.0,STARLINK-34657,0,N/A,N/A,0.0,0.018219198797910684,False,0.0,0.0,0.0,109.90269638449024,0.1373783704806128,Insufficient Energy for CPU,N/A,N/A,N/A
2864,CPU_Intensive,Rejected,285.00974916762755,N/A,N/A,N/A,0.1962973829414475,0.0,0.0,0.0,STARLINK-34657,0,N/A,N/A,0.0,0.07879404212850522,False,0.0,0.0,0.0,109.90269638449024,0.1373783704806128,Insufficient Energy for CPU,N/A,N/A,N/A
2868,CPU_Intensive,Rejected,285.2881807975043,N/A,N/A,N/A,0.12651018389577406,0.0,0.0,0.0,STARLINK-34657,0,N/A,N/A,0.0,0.05599988592416485,False,0.0,0.0,0.0,109.90269638449024,0.1373783704806128,Insufficient Energy for CPU,N/A,N/A,N/A
2870,CPU_Intensive,Rejected,285.56299031474975,N/A,N/A,N/A,0.2550589005499013,0.0,0.0,0.0,STARLINK-34657,0,N/A,N/A,0.0,0.023563463130650456,False,0.0,0.0,0.0,109.90269638449024,0.1373783704806128,Insufficient Energy for CPU,N/A,N/A,N/A
2874,CPU_and_Data_Intensive,Rejected,286.08489065793844,N/A,N/A,N/A,0.19993623792952508,0.0,0.0,0.0,STARLINK-34657,0,N/A,N/A,0.0,1.9490246844807255,False,0.0,0.0,0.0,109.90269638449024,0.1373783704806128,Insufficient Energy for CPU+NET,N/A,N/A,N/A
2877,CPU_and_Data_Intensive,Rejected,286.84950087245613,N/A,N/A,N/A,0.16179740928169192,0.0,0.0,0.0,STARLINK-34657,0,N/A,N/A,0.0,10.620209743198174,False,0.0,0.0,0.0,109.90269638449024,0.1373783704806128,Insufficient Energy for CPU+NET,N/A,N/A,N/A
2882,CPU_and_Data_Intensive,Rejected,287.37366249000195,N/A,N/A,N/A,0.12633473947059654,0.0,0.0,0.0,STARLINK-34657,0,N/A,N/A,0.0,0.05712792377503131,False,0.0,0.0,0.0,109.90269638449024,0.1373783704806128,Insufficient Energy for CPU+NET,N/A,N/A,N/A
2883,CPU_and_Data_Intensive,Rejected,287.5133753740067,N/A,N/A,N/A,0.25298410740558425,0.0,0.0,0.0,STARLINK-34657,0,N/A,N/A,0.0,1.3021218150255,False,0.0,0.0,0.0,109.90269638449024,0.1373783704806128,Insufficient Energy for CPU+NET,N/A,N/A,N/A
2884,Generic_Service,Rejected,287.5374289995547,N/A,N/A,N/A,0.11544500366355955,0.0,0.0,0.0,STARLINK-34657,0,N/A,N/A,0.0,0.011244641072070488,False,0.0,0.0,0.0,109.90269638449024,0.1373783704806128,Insufficient Energy for CPU,N/A,N/A,N/A
2888,CPU_Intensive,Rejected,287.89440900808273,N/A,N/A,N/A,0.27130181107866125,0.0,0.0,0.0,STARLINK-34657,0,N/A,N/A,0.0,0.08408991240907285,False,0.0,0.0,0.0,109.90269638449024,0.1373783704806128,Insufficient Energy for CPU,N/A,N/A,N/A
2891,CPU_Intensive,Rejected,288.0613080288338,N/A,N/A,N/A,0.21568452098832674,0.0,0.0,0.0,STARLINK-34657,0,N/A,N/A,0.0,0.028991651207531492,False,0.0,0.0,0.0,109.90269638449024,0.1373783704806128,Insufficient Energy for CPU,N/A,N/A,N/A
2892,CPU_Intensive,Rejected,288.11969806408825,N/A,N/A,N/A,0.2095037601742431,0.0,0.0,0.0,STARLINK-34657,0,N/A,N/A,0.0,0.07811023826285036,False,0.0,0.0,0.0,109.90269638449024,0.1373783704806128,Insufficient Energy for CPU,N/A,N/A,N/A
2897,CPU_Intensive,Rejected,288.44165562671725,N/A,N/A,N/A,0.2615280367559935,0.0,0.0,0.0,STARLINK-34657,0,N/A,N/A,0.0,0.04197392018018824,False,0.0,0.0,0.0,109.90269638449024,0.1373783704806128,Insufficient Energy for CPU,N/A,N/A,N/A
2899,CPU_Intensive,Rejected,288.558268925853,N/A,N/A,N/A,0.11168253879140838,0.0,0.0,0.0,STARLINK-34657,0,N/A,N/A,0.0,0.04900562880390128,False,0.0,0.0,0.0,109.90269638449024,0.1373783704806128,Insufficient Energy for CPU,N/A,N/A,N/A
2905,CPU_Intensive,Rejected,288.90808656386645,N/A,N/A,N/A,0.11497979847806847,0.0,0.0,0.0,STARLINK-34657,0,N/A,N/A,0.0,0.06387534276448115,False,0.0,0.0,0.0,109.90269638449024,0.1373783704806128,Insufficient Energy for CPU,N/A,N/A,N/A
2909,CPU_Intensive,Rejected,289.1892885695512,N/A,N/A,N/A,0.20339691668269338,0.0,0.0,0.0,STARLINK-34657,0,N/A,N/A,0.0,0.011685564498885706,False,0.0,0.0,0.0,109.90269638449024,0.1373783704806128,Insufficient Energy for CPU,N/A,N/A,N/A
2911,Generic_Service,Rejected,289.2840022522209,N/A,N/A,N/A,0.12462118963199807,0.0,0.0,0.0,STARLINK-34657,0,N/A,N/A,0.0,0.05762311316219101,False,0.0,0.0,0.0,109.90269638449024,0.1373783704806128,Insufficient Energy for CPU,N/A,N/A,N/A
2924,Generic_Service,Rejected,290.4258603289285,N/A,N/A,N/A,0.13657191727605103,0.0,0.0,0.0,STARLINK-34657,0,N/A,N/A,0.0,0.03542217693313857,False,0.0,0.0,0.0,109.90269638449024,0.1373783704806128,Insufficient Energy for CPU,N/A,N/A,N/A
2925,CPU_and_Data_Intensive,Rejected,290.58075578125977,N/A,N/A,N/A,0.1942185839804004,0.0,0.0,0.0,STARLINK-34657,0,N/A,N/A,0.0,0.19756950914955496,False,0.0,0.0,0.0,109.90269638449024,0.1373783704806128,Insufficient Energy for CPU+NET,N/A,N/A,N/A
2931,CPU_and_Data_Intensive,Rejected,290.7993512793176,N/A,N/A,N/A,0.23405202927518046,0.0,0.0,0.0,STARLINK-34657,0,N/A,N/A,0.0,18.927680045979375,False,0.0,0.0,0.0,109.90269638449024,0.1373783704806128,Insufficient Energy for CPU+NET,N/A,N/A,N/A
2936,CPU_and_Data_Intensive,Rejected,291.32319181720874,N/A,N/A,N/A,0.22094855086678308,0.0,0.0,0.0,STARLINK-34657,0,N/A,N/A,0.0,17.57574619811506,False,0.0,0.0,0.0,109.90269638449024,0.1373783704806128,Insufficient Energy for CPU+NET,N/A,N/A,N/A
2950,CPU_Intensive,Rejected,293.3223237491033,N/A,N/A,N/A,0.2889746092628925,0.0,0.0,0.0,STARLINK-34657,0,N/A,N/A,0.0,0.01627729612640507,False,0.0,0.0,0.0,109.90269638449024,0.1373783704806128,Insufficient Energy for CPU,N/A,N/A,N/A
2957,Generic_Service,Rejected,294.3389533756804,N/A,N/A,N/A,0.13057003311887697,0.0,0.0,0.0,STARLINK-34657,0,N/A,N/A,0.0,0.0817691143789001,False,0.0,0.0,0.0,109.90269638449024,0.1373783704806128,Insufficient Energy for CPU,N/A,N/A,N/A
2958,CPU_Intensive,Rejected,294.4857693777692,N/A,N/A,N/A,0.15189579251703966,0.0,0.0,0.0,STARLINK-34657,0,N/A,N/A,0.0,0.02409825773049168,False,0.0,0.0,0.0,109.90269638449024,0.1373783704806128,Insufficient Energy for CPU,N/A,N/A,N/A
2960,Generic_Service,Rejected,294.58642190572374,N/A,N/A,N/A,0.11632698696061826,0.0,0.0,0.0,STARLINK-34657,0,N/A,N/A,0.0,0.01431930300883269,False,0.0,0.0,0.0,109.90269638449024,0.1373783704806128,Insufficient Energy for CPU,N/A,N/A,N/A
2962,CPU_Intensive,Rejected,294.81648738671794,N/A,N/A,N/A,0.19730899779146538,0.0,0.0,0.0,STARLINK-34657,0,N/A,N/A,0.0,0.08716826231012427,False,0.0,0.0,0.0,109.90269638449024,0.1373783704806128,Insufficient Energy for CPU,N/A,N/A,N/A
2963,CPU_Intensive,Rejected,294.844862237515,N/A,N/A,N/A,0.2598582954729765,0.0,0.0,0.0,STARLINK-34657,0,N/A,N/A,0.0,0.05391221878813792,False,0.0,0.0,0.0,109.90269638449024,0.1373783704806128,Insufficient Energy for CPU,N/A,N/A,N/A
2969,Generic_Service,Rejected,295.1266259797679,N/A,N/A,N/A,0.1089875526453446,0.0,0.0,0.0,STARLINK-34657,0,N/A,N/A,0.0,0.07219130300846191,False,0.0,0.0,0.0,109.90269638449024,0.1373783704806128,Insufficient Energy for CPU,N/A,N/A,N/A
2973,CPU_and_Data_Intensive,Rejected,295.492732514133,N/A,N/A,N/A,0.2712174980287543,0.0,0.0,0.0,STARLINK-34657,0,N/A,N/A,0.0,15.966605906074143,False,0.0,0.0,0.0,109.90269638449024,0.1373783704806128,Insufficient Energy for CPU+NET,N/A,N/A,N/A
2975,CPU_Intensive,Rejected,295.7940421260175,N/A,N/A,N/A,0.29881051460235486,0.0,0.0,0.0,STARLINK-34657,0,N/A,N/A,0.0,0.010096812185924973,False,0.0,0.0,0.0,109.90269638449024,0.1373783704806128,Insufficient Energy for CPU,N/A,N/A,N/A
2977,CPU_and_Data_Intensive,Rejected,296.09770482701464,N/A,N/A,N/A,0.10917025516152025,0.0,0.0,0.0,STARLINK-34657,0,N/A,N/A,0.0,0.9476735156974603,False,0.0,0.0,0.0,109.90269638449024,0.1373783704806128,Insufficient Energy for CPU+NET,N/A,N/A,N/A
2990,CPU_and_Data_Intensive,Rejected,297.35937132522673,N/A,N/A,N/A,0.19897337254218156,0.0,0.0,0.0,STARLINK-34657,0,N/A,N/A,0.0,2.649632540450741,False,0.0,0.0,0.0,109.90269638449024,0.1373783704806128,Insufficient Energy for CPU+NET,N/A,N/A,N/A
2992,CPU_Intensive,Rejected,297.4959350965105,N/A,N/A,N/A,0.11046341184540437,0.0,0.0,0.0,STARLINK-34657,0,N/A,N/A,0.0,0.03403447025598477,False,0.0,0.0,0.0,109.90269638449024,0.1373783704806128,Insufficient Energy for CPU,N/A,N/A,N/A
3000,CPU_and_Data_Intensive,Rejected,299.1557504472156,N/A,N/A,N/A,0.253354182257782,0.0,0.0,0.0,STARLINK-34657,0,N/A,N/A,0.0,13.923171139018947,False,0.0,0.0,0.0,109.90269638449024,0.1373783704806128,Insufficient Energy for CPU+NET,N/A,N/A,N/A
3006,CPU_Intensive,Rejected,299.6581949728305,N/A,N/A,N/A,0.11151570526989323,0.0,0.0,0.0,STARLINK-34657,0,N/A,N/A,0.0,0.04815472285107535,False,0.0,0.0,0.0,109.90269638449024,0.1373783704806128,Insufficient Energy for CPU,N/A,N/A,N/A
3007,CPU_Intensive,Rejected,299.69963315840914,N/A,N/A,N/A,0.185346092457258,0.0,0.0,0.0,STARLINK-34657,0,N/A,N/A,0.0,0.022776750002936247,False,0.0,0.0,0.0,109.90269638449024,0.1373783704806128,Insufficient Energy for CPU,N/A,N/A,N/A
3009,CPU_and_Data_Intensive,Rejected,299.80474870522465,N/A,N/A,N/A,0.2004541511685191,0.0,0.0,0.0,STARLINK-34657,0,N/A,N/A,0.0,22.456800497289898,False,0.0,0.0,0.0,109.90269638449024,0.1373783704806128,Insufficient Energy for CPU+NET,N/A,N/A,N/A
30000,Batch,Completed,0,0,0.0,0.0014777669476136348,0.0014777669476136348,0.0014777669476136348,0.0014777669476136348,0.0,STARLINK-34068,0,N/A,0,0.0,3.177198937369315,False,0.0,0.0014777669476136348,0.0014777669476136348,80000,100.0,N/A,N/A,N/A,N/A
31000,Batch,Completed,0,0,0.0,0.0038342563750693747,0.0038342563750693747,0.0038342563750693747,0.0038342563750693747,0.0,STARLINK-34068,0,N/A,0,0.0,8.243651206399155,False,0.0,0.0038342563750693747,0.0038342563750693747,79999.99852223306,99.99999815279132,N/A,N/A,N/A,N/A
4,CPU_Intensive,Completed,0.8411361322532882,0.8429383752054194,0.8429383752054194,1.156603951727972,0.31366557652255267,0.3154678194746838,0.31546781947468383,0.0,STARLINK-34068,1,2,3,0.0018022429521311319,0.061974789669599704,False,3066.667077920133,2.8825483567255675e-05,3066.667106745617,76933.32761005654,96.16665951257067,N/A,0.8411361322532882,1.3052370032563891,0.46410087100310093
50,Generic_Service,Completed,6.021343538057069,6.022637387442054,6.022637387442054,6.057603472821181,0.03496608537912671,0.036259934764112045,0.03625993476411171,0.0,STARLINK-34068,1,2,3,0.0012938493849853367,0.06374830886741868,False,325.11088160581454,2.9650376217404038e-05,325.1109112561908,76608.21672845072,95.76027091056339,N/A,6.021343538057069,6.245901698043497,0.2245581599864277
54,Generic_Service,Completed,6.4830091722443886,6.484280318910138,6.484280318910138,6.5211792748830675,0.03689895597292914,0.03817010263867896,0.03817010263867893,0.0,STARLINK-34068,1,2,3,0.001271146665749827,0.013664838944710454,False,358.8780483467561,6.355739044051374e-06,358.87805470249515,76249.33868010395,95.31167335012994,N/A,6.4830091722443886,6.751972980507845,0.26896380826345645
59,CPU_and_Data_Intensive,Completed,7.332815769496982,7.3434919057555135,7.3434919057555135,7.565184623000036,0.22169271724452244,0.2323688535030545,0.23236885350305414,0.0,STARLINK-34068,1,2,4,0.010676136258532068,20.76159853389784,False,2085.3939890929714,0.009656557457626901,2085.403645650429,74163.9350344535,92.70491879306688,N/A,7.332815769496982,7.858519689316653,0.5257039198196711
79,CPU_Intensive,Completed,9.77005300760411,9.771342980518362,9.771342980518362,10.814590342380823,1.043247361862461,1.0445373347767137,1.044537334776713,0.0,STARLINK-34068,1,2,3,0.0012899729142527789,0.05519659735981036,False,10244.164313171632,2.5672835981307146e-05,10244.164338844468,63919.77072127426,79.89971340159283,N/A,9.77005300760411,10.991203032101339,1.2211500244972289
90,CPU_Intensive,Completed,10.772320271843169,10.773623323109042,10.773623323109042,11.482083979982274,0.7084606568732319,0.7097637081391047,0.7097637081391053,0.0,STARLINK-34068,1,2,4,0.001303051265872794,0.08404817338490247,False,6943.006897005474,3.90921736673965e-05,6943.006936097648,56976.76382426877,71.22095478033597,N/A,10.772320271843169,11.598528770192551,0.8262084983493825
189,CPU_Intensive,Completed,20.16944984657634,20.170746418006434,20.170746418006434,21.606156296302157,1.4354098782957223,1.4367064497258164,1.4367064497258148,0.0,STARLINK-34068,1,2,3,0.0012965714300940533,0.06975329280420776,False,14096.827448821508,3.24433920019571e-05,14096.8274812649,42879.93637544723,53.59992046930904,N/A,20.16944984657634,21.708674851532027,1.5392250049556857
206,CPU_Intensive,Completed,21.57372389801366,21.574997458403363,21.574997458403363,22.337782799215635,0.7627853408122718,0.7640589012019725,0.7640589012019738,0.0,STARLINK-34068,1,2,4,0.0012735603897007625,0.018989649142306574,False,7496.464520397371,8.832394949910034e-06,7496.464529229766,35383.47185504984,44.2293398188123,N/A,21.57372389801366,22.51330835108847,0.9395844530748079
320,CPU_Intensive,Completed,34.10421800060653,34.10549152973906,34.10549152973906,34.33909669592287,0.233605166183807,0.2348786953163423,0.23487869531633976,0.0,STARLINK-34068,1,2,3,0.0012735291325353102,0.018920694085004512,False,2291.9520055359544,8.800322830234657e-06,2291.9520143362774,33091.519849513876,41.36439981189234,N/A,34.10421800060653,34.511943362039176,0.4077253614326466
338,Generic_Service,Completed,36.040361589580776,36.04166441101182,36.04166441101182,36.062121296722445,0.02045688571062243,0.021759707141671622,0.021759707141669082,0.0,STARLINK-34068,1,2,3,0.0013028214310491924,0.08354114489392586,False,176.57963907005242,3.8856346462291096e-05,176.5796779263989,32914.94021044382,41.143675263054774,N/A,36.040361589580776,36.22435425372262,0.18399266414184723
342,CPU_and_Data_Intensive,Completed,36.286692205375736,36.28842377507109,36.28842377507109,36.472747699609045,0.18432392453795643,0.1860554942333096,0.18605549423330814,0.0,STARLINK-34068,1,2,4,0.0017315696953531822,1.0293838246595985,False,1808.132882189163,0.0004787831742602784,1808.1333609723372,31106.806849471453,38.88350856183932,N/A,36.286692205375736,36.738628728854934,0.45193652347919766
344,CPU_Intensive,Completed,36.46794324265504,36.4692303860534,36.4692303860534,36.60838536361572,0.13915497756232043,0.14044212096067743,0.1404421209606781,0.0,STARLINK-34068,1,2,4,0.0012871433983570014,0.04895452684869983,False,1354.1766807689428,2.2769547371488293e-05,1354.17670353849,29752.63016870211,37.190787710877636,N/A,36.46794324265504,36.93862882948283,0.47068558682779127
360,CPU_and_Data_Intensive,Completed,38.515315857905875,38.517097929984246,38.517097929984246,38.683345667773835,0.16624773778958968,0.16802980986795718,0.16802980986796,0.0,STARLINK-34068,1,2,4,0.0017820720783674915,1.1407949095822396,False,1629.8423750995405,0.0005306022835266231,1629.842905701824,28122.78726300027,35.15348407875034,N/A,38.515315857905875,38.95923831903334,0.4439224611274639
369,Generic_Service,Completed,39.487513029309895,39.48880247655781,39.48880247655781,39.503972703821375,0.015170227263567426,0.016459674511481448,0.01645967451148067,0.0,STARLINK-34068,1,2,3,0.00128944724791402,0.054036947980654164,False,133.27837943703418,2.5133464177048447e-05,133.27840457049834,27989.508883562863,34.98688610445358,N/A,39.487513029309895,39.764009021970665,0.2764959926607702
371,CPU_Intensive,Completed,39.91325779971803,39.91453272400452,39.91453272400452,40.351147511569685,0.43661478756516203,0.4378897118516524,0.4378897118516534,0.0,STARLINK-34068,1,2,3,0.001274924286490348,0.021998481834561462,False,4287.66233021369,1.0231852016075098e-05,4287.662340445542,23701.84655334915,29.627308191686442,N/A,39.91325779971803,40.57665767566497,0.6633998759469364
403,CPU_and_Data_Intensive,Completed,42.50955865568571,42.51116399877733,42.51116399877733,43.04835526116741,0.5371912623900812,0.5387966054817007,0.5387966054816999,0.0,STARLINK-34068,1,2,4,0.0016053430916194741,0.7509208684840837,False,5279.887517724447,0.0003492655202251552,5279.887866989968,18421.958686359172,23.027448357948966,N/A,42.50955865568571,43.20015373092535,0.6905950752396421
409,Generic_Service,Completed,43.03205764992345,43.033354176536,43.033354176536,43.13543735685692,0.10208318032091768,0.1033797069334667,0.10337970693346676,0.0,STARLINK-34068,1,2,4,0.001296526612549023,0.06965442279021333,False,983.4730702613664,3.2397405948936435e-05,983.4731026587723,17438.485616097558,21.798107020121947,N/A,43.03205764992345,43.40352035686881,0.37146270694535843
448,CPU_Intensive,Completed,46.65768097396372,46.65898385046294,46.65898385046294,47.29839528827099,0.6394114378080502,0.6407143143072708,0.6407143143072673,0.0,STARLINK-34068,1,2,3,0.0013028764992205721,0.08366262836365396,False,6264.0154511664705,3.8912850401699515e-05,6264.01549007932,11174.470164931063,13.968087706163828,N/A,46.65768097396372,47.444290627198804,0.7866096532350824
497,CPU_Intensive,Completed,51.90093048354932,51.90223443392704,51.90223443392704,51.95196106310924,0.049726629182195836,0.05103057955992194,0.05103057955992085,0.0,STARLINK-34068,1,2,3,0.0013039503777261055,0.08603166448107229,False,463.7162625204733,4.001472766561502e-05,463.716302535201,10710.753902410554,13.38844237801319,N/A,51.90093048354932,52.087966405719506,0.18703592217018894
500,CPU_and_Data_Intensive,Completed,51.99261138090071,52.003392517404976,52.003392517404976,52.47105893107347,0.46766641366849626,0.4784475501727578,0.47844755017275986,0.0,STARLINK-34068,1,2,4,0.010781136504261551,20.993234955698984,False,4503.506977958153,0.009764295328232085,4503.5167422534805,6207.237160157044,7.759046450196305,N/A,51.99261138090071,52.69954315001841,0.7069317691176948
546,CPU_Intensive,Completed,55.5112101866048,55.51250922388076,55.51250922388076,55.87517426477087,0.3626650408901071,0.3639640781660721,0.36396407816607024,0.0,STARLINK-34068,1,2,3,0.0012990372759650293,0.07519308687609572,False,3544.6862485785523,3.49735287795794e-05,3544.686283552081,2662.5509115692103,3.328188639461513,N/A,55.5112101866048,56.03181198049142,0.5206017938866196
617,CPU_Intensive,Completed,62.285928496789126,62.28722407569409,62.28722407569409,62.50580943308623,0.21858535739213636,0.2198809362971021,0.21988093629710193,0.0,STARLINK-34068,1,2,3,0.0012955789049657303,0.067563726792479,False,2129.898096937111,3.1424989205804186e-05,2129.8981283621,532.6528146320761,0.6658160182900951,N/A,62.285928496789126,62.678142959607214,0.3922144628180888
878,CPU_Intensive,Completed,89.17523453380598,89.17652093294099,89.17652093294099,89.19186715718558,0.015346224244595419,0.016632623379600836,0.016632623379607026,0.0,STARLINK-34068,1,2,3,0.0012863991350054178,0.04731264021842715,False,136.99065873826171,2.2005879171361465e-05,136.9906807441409,395.66215589379283,0.494577694867241,N/A,89.17523453380598,89.33992332308483,0.16468878927885555
919,Generic_Service,Completed,93.33795686817723,93.33923582189803,93.33923582189803,93.371446131808,0.03221030990997065,0.03348926363076819,0.03348926363076998,0.0,STARLINK-34068,1,2,3,0.001278953720797548,0.0308876395533658,False,307.6900679937913,1.4366343978309674e-05,307.69008236013525,87.97208789998456,0.1099651098749807,N/A,93.33795686817723,93.5511871068679,0.21323023869067015
485,CPU_Intensive,Rejected,50.61115407791202,N/A,N/A,N/A,3.2750894843882845,0.0,0.0,0.0,STARLINK-34068,0,N/A,N/A,0.0,0.06151352320461149,False,0.0,0.0,0.0,87.97208789997117,0.10996510987496397,Insufficient Energy for CPU,N/A,N/A,N/A
498,CPU_Intensive,Rejected,51.91422196009473,N/A,N/A,N/A,1.9462979439165637,0.0,0.0,0.0,STARLINK-34068,0,N/A,N/A,0.0,0.019154196700501364,False,0.0,0.0,0.0,87.97208789997117,0.10996510987496397,Insufficient Energy for CPU,N/A,N/A,N/A
536,CPU_Intensive,Rejected,55.06520537101004,N/A,N/A,N/A,0.8995904686836805,0.0,0.0,0.0,STARLINK-34068,0,N/A,N/A,0.0,0.06020460396930239,False,0.0,0.0,0.0,87.97208789997117,0.10996510987496397,Insufficient Energy for CPU,N/A,N/A,N/A
537,CPU_and_Data_Intensive,Rejected,55.06723200995826,N/A,N/A,N/A,1.0141666255693442,0.0,0.0,0.0,STARLINK-34068,0,N/A,N/A,0.0,0.1868526024379964,False,0.0,0.0,0.0,87.97208789997117,0.10996510987496397,Insufficient Energy for CPU+NET,N/A,N/A,N/A
538,CPU_and_Data_Intensive,Rejected,55.0832850810633,N/A,N/A,N/A,1.3100650300522796,0.0,0.0,0.0,STARLINK-34068,0,N/A,N/A,0.0,8.700233380078428,False,0.0,0.0,0.0,87.97208789997117,0.10996510987496397,Insufficient Energy for CPU+NET,N/A,N/A,N/A
550,CPU_and_Data_Intensive,Rejected,55.775240524900084,N/A,N/A,N/A,1.7657288306290522,0.0,0.0,0.0,STARLINK-34068,0,N/A,N/A,0.0,2.1755083485204207,False,0.0,0.0,0.0,87.97208789997117,0.10996510987496397,Insufficient Energy for CPU+NET,N/A,N/A,N/A
605,CPU_Intensive,Rejected,61.17341297241364,N/A,N/A,N/A,0.6024780900332485,0.0,0.0,0.0,STARLINK-34068,0,N/A,N/A,0.0,0.06185264869115186,False,0.0,0.0,0.0,87.97208789997117,0.10996510987496397,Insufficient Energy for CPU,N/A,N/A,N/A
611,CPU_Intensive,Rejected,61.80105564918882,N/A,N/A,N/A,0.4695860469439459,0.0,0.0,0.0,STARLINK-34068,0,N/A,N/A,0.0,0.04095883623239514,False,0.0,0.0,0.0,87.97208789997117,0.10996510987496397,Insufficient Energy for CPU,N/A,N/A,N/A
613,CPU_and_Data_Intensive,Rejected,62.03650818951246,N/A,N/A,N/A,0.320343581969963,0.0,0.0,0.0,STARLINK-34068,0,N/A,N/A,0.0,21.303249206634128,False,0.0,0.0,0.0,87.97208789997117,0.10996510987496397,Insufficient Energy for CPU+NET,N/A,N/A,N/A
614,CPU_Intensive,Rejected,62.06105362302434,N/A,N/A,N/A,0.47663632416267687,0.0,0.0,0.0,STARLINK-34068,0,N/A,N/A,0.0,0.021013987893023903,False,0.0,0.0,0.0,87.97208789997117,0.10996510987496397,Insufficient Energy for CPU,N/A,N/A,N/A
822,CPU_and_Data_Intensive,Rejected,83.14968840313489,N/A,N/A,N/A,1.4296679466097733,0.0,0.0,0.0,STARLINK-34068,0,N/A,N/A,0.0,18.93209813982986,False,0.0,0.0,0.0,87.97208789997117,0.10996510987496397,Insufficient Energy for CPU+NET,N/A,N/A,N/A
823,CPU_and_Data_Intensive,Rejected,83.17329984578727,N/A,N/A,N/A,0.4130840399255435,0.0,0.0,0.0,STARLINK-34068,0,N/A,N/A,0.0,0.27107186677468065,False,0.0,0.0,0.0,87.97208789997117,0.10996510987496397,Insufficient Energy for CPU+NET,N/A,N/A,N/A
824,CPU_Intensive,Rejected,83.27963550236876,N/A,N/A,N/A,0.47641061750512026,0.0,0.0,0.0,STARLINK-34068,0,N/A,N/A,0.0,0.03489653063138753,False,0.0,0.0,0.0,87.97208789997117,0.10996510987496397,Insufficient Energy for CPU,N/A,N/A,N/A
829,CPU_Intensive,Rejected,83.66405432774769,N/A,N/A,N/A,1.2434426160919592,0.0,0.0,0.0,STARLINK-34068,0,N/A,N/A,0.0,0.02034545362430649,False,0.0,0.0,0.0,87.97208789997117,0.10996510987496397,Insufficient Energy for CPU,N/A,N/A,N/A
834,CPU_Intensive,Rejected,83.80121249595908,N/A,N/A,N/A,0.6359594068081276,0.0,0.0,0.0,STARLINK-34068,0,N/A,N/A,0.0,0.034642678312163916,False,0.0,0.0,0.0,87.97208789997117,0.10996510987496397,Insufficient Energy for CPU,N/A,N/A,N/A
838,CPU_and_Data_Intensive,Rejected,84.69239098477937,N/A,N/A,N/A,0.8467589709502225,0.0,0.0,0.0,STARLINK-34068,0,N/A,N/A,0.0,11.306108989776675,False,0.0,0.0,0.0,87.97208789997117,0.10996510987496397,Insufficient Energy for CPU+NET,N/A,N/A,N/A
841,CPU_Intensive,Rejected,84.73583587538535,N/A,N/A,N/A,0.4035209046151433,0.0,0.0,0.0,STARLINK-34068,0,N/A,N/A,0.0,0.07602331203692689,False,0.0,0.0,0.0,87.97208789997117,0.10996510987496397,Insufficient Energy for CPU,N/A,N/A,N/A
845,CPU_and_Data_Intensive,Rejected,85.10687781640519,N/A,N/A,N/A,0.48613345655388873,0.0,0.0,0.0,STARLINK-34068,0,N/A,N/A,0.0,16.56210006596908,False,0.0,0.0,0.0,87.97208789997117,0.10996510987496397,Insufficient Energy for CPU+NET,N/A,N/A,N/A
846,CPU_and_Data_Intensive,Rejected,85.39038368641312,N/A,N/A,N/A,1.7218892105000596,0.0,0.0,0.0,STARLINK-34068,0,N/A,N/A,0.0,2.108041596166677,False,0.0,0.0,0.0,87.97208789997117,0.10996510987496397,Insufficient Energy for CPU+NET,N/A,N/A,N/A
849,CPU_Intensive,Rejected,85.69769649769775,N/A,N/A,N/A,0.9095252324741071,0.0,0.0,0.0,STARLINK-34068,0,N/A,N/A,0.0,0.06417068313787415,False,0.0,0.0,0.0,87.97208789997117,0.10996510987496397,Insufficient Energy for CPU,N/A,N/A,N/A
853,CPU_Intensive,Rejected,86.32659071818394,N/A,N/A,N/A,1.5204255324003577,0.0,0.0,0.0,STARLINK-34068,0,N/A,N/A,0.0,0.024565484922180497,False,0.0,0.0,0.0,87.97208789997117,0.10996510987496397,Insufficient Energy for CPU,N/A,N/A,N/A
858,CPU_Intensive,Rejected,87.10467523153805,N/A,N/A,N/A,0.7396998601747466,0.0,0.0,0.0,STARLINK-34068,0,N/A,N/A,0.0,0.02823898158862144,False,0.0,0.0,0.0,87.97208789997117,0.10996510987496397,Insufficient Energy for CPU,N/A,N/A,N/A
859,CPU_Intensive,Rejected,87.1464902516698,N/A,N/A,N/A,1.5818245134223545,0.0,0.0,0.0,STARLINK-34068,0,N/A,N/A,0.0,0.07252856476330748,False,0.0,0.0,0.0,87.97208789997117,0.10996510987496397,Insufficient Energy for CPU,N/A,N/A,N/A
863,CPU_and_Data_Intensive,Rejected,87.33160350338012,N/A,N/A,N/A,1.2990374261708801,0.0,0.0,0.0,STARLINK-34068,0,N/A,N/A,0.0,5.084658075612616,False,0.0,0.0,0.0,87.97208789997117,0.10996510987496397,Insufficient Energy for CPU+NET,N/A,N/A,N/A
864,CPU_Intensive,Rejected,87.47972124548384,N/A,N/A,N/A,0.3784219135512366,0.0,0.0,0.0,STARLINK-34068,0,N/A,N/A,0.0,0.036295618433362105,False,0.0,0.0,0.0,87.97208789997117,0.10996510987496397,Insufficient Energy for CPU,N/A,N/A,N/A
865,CPU_Intensive,Rejected,87.94801764858636,N/A,N/A,N/A,0.38588448297457384,0.0,0.0,0.0,STARLINK-34068,0,N/A,N/A,0.0,0.08565604017118154,False,0.0,0.0,0.0,87.97208789997117,0.10996510987496397,Insufficient Energy for CPU,N/A,N/A,N/A
867,CPU_Intensive,Rejected,88.09311082157096,N/A,N/A,N/A,0.5527722095492927,0.0,0.0,0.0,STARLINK-34068,0,N/A,N/A,0.0,0.07653658307896177,False,0.0,0.0,0.0,87.97208789997117,0.10996510987496397,Insufficient Energy for CPU,N/A,N/A,N/A
868,CPU_and_Data_Intensive,Rejected,88.13023081884714,N/A,N/A,N/A,0.5827067684590136,0.0,0.0,0.0,STARLINK-34068,0,N/A,N/A,0.0,1.7909247472044512,False,0.0,0.0,0.0,87.97208789997117,0.10996510987496397,Insufficient Energy for CPU+NET,N/A,N/A,N/A
869,CPU_Intensive,Rejected,88.36048194746773,N/A,N/A,N/A,0.5255713021212939,0.0,0.0,0.0,STARLINK-34068,0,N/A,N/A,0.0,0.07403603012625709,False,0.0,0.0,0.0,87.97208789997117,0.10996510987496397,Insufficient Energy for CPU,N/A,N/A,N/A
870,CPU_and_Data_Intensive,Rejected,88.3853840773947,N/A,N/A,N/A,1.535466531909327,0.0,0.0,0.0,STARLINK-34068,0,N/A,N/A,0.0,0.31262001251741056,False,0.0,0.0,0.0,87.97208789997117,0.10996510987496397,Insufficient Energy for CPU+NET,N/A,N/A,N/A
873,CPU_Intensive,Rejected,88.55896407378499,N/A,N/A,N/A,0.5502166387977798,0.0,0.0,0.0,STARLINK-34068,0,N/A,N/A,0.0,0.021819013941809812,False,0.0,0.0,0.0,87.97208789997117,0.10996510987496397,Insufficient Energy for CPU,N/A,N/A,N/A
877,CPU_Intensive,Rejected,89.00887538631807,N/A,N/A,N/A,0.14942544980653824,0.0,0.0,0.0,STARLINK-34068,0,N/A,N/A,0.0,0.027262118367210736,False,0.0,0.0,0.0,87.97208789997117,0.10996510987496397,Insufficient Energy for CPU,N/A,N/A,N/A
879,CPU_Intensive,Rejected,89.22268298929743,N/A,N/A,N/A,0.89465819301941,0.0,0.0,0.0,STARLINK-34068,0,N/A,N/A,0.0,0.05304631116784047,False,0.0,0.0,0.0,87.97208789997117,0.10996510987496397,Insufficient Energy for CPU,N/A,N/A,N/A
883,CPU_Intensive,Rejected,89.71503522398612,N/A,N/A,N/A,0.9212965072061663,0.0,0.0,0.0,STARLINK-34068,0,N/A,N/A,0.0,0.07207404305890243,False,0.0,0.0,0.0,87.97208789997117,0.10996510987496397,Insufficient Energy for CPU,N/A,N/A,N/A
890,CPU_and_Data_Intensive,Rejected,90.35496714692073,N/A,N/A,N/A,0.9327538381210073,0.0,0.0,0.0,STARLINK-34068,0,N/A,N/A,0.0,9.831043563609022,False,0.0,0.0,0.0,87.97208789997117,0.10996510987496397,Insufficient Energy for CPU+NET,N/A,N/A,N/A
892,CPU_Intensive,Rejected,90.73440259845846,N/A,N/A,N/A,1.4820784688694586,0.0,0.0,0.0,STARLINK-34068,0,N/A,N/A,0.0,0.059628330914483066,False,0.0,0.0,0.0,87.97208789997117,0.10996510987496397,Insufficient Energy for CPU,N/A,N/A,N/A
896,CPU_and_Data_Intensive,Rejected,91.01793636477895,N/A,N/A,N/A,0.8429277787506847,0.0,0.0,0.0,STARLINK-34068,0,N/A,N/A,0.0,0.7865663629615406,False,0.0,0.0,0.0,87.97208789997117,0.10996510987496397,Insufficient Energy for CPU+NET,N/A,N/A,N/A
898,CPU_and_Data_Intensive,Rejected,91.27164929352058,N/A,N/A,N/A,0.4141643241185411,0.0,0.0,0.0,STARLINK-34068,0,N/A,N/A,0.0,1.7963437575612875,False,0.0,0.0,0.0,87.97208789997117,0.10996510987496397,Insufficient Energy for CPU+NET,N/A,N/A,N/A
906,CPU_and_Data_Intensive,Rejected,92.00117265873487,N/A,N/A,N/A,0.5647797754398582,0.0,0.0,0.0,STARLINK-34068,0,N/A,N/A,0.0,1.1870341052932651,False,0.0,0.0,0.0,87.97208789997117,0.10996510987496397,Insufficient Energy for CPU+NET,N/A,N/A,N/A
911,Generic_Service,Rejected,92.42844683514126,N/A,N/A,N/A,0.07121874408353039,0.0,0.0,0.0,STARLINK-34068,0,N/A,N/A,0.0,0.04845811235405473,False,0.0,0.0,0.0,87.97208789997117,0.10996510987496397,Insufficient Energy for CPU,N/A,N/A,N/A
912,Generic_Service,Rejected,92.78562683465238,N/A,N/A,N/A,0.05838361208657688,0.0,0.0,0.0,STARLINK-34068,0,N/A,N/A,0.0,0.08660743943904989,False,0.0,0.0,0.0,87.97208789997117,0.10996510987496397,Insufficient Energy for CPU,N/A,N/A,N/A
915,CPU_Intensive,Rejected,93.00709477321706,N/A,N/A,N/A,0.10307576339582648,0.0,0.0,0.0,STARLINK-34068,0,N/A,N/A,0.0,0.07567984498555105,False,0.0,0.0,0.0,87.97208789997117,0.10996510987496397,Insufficient Energy for CPU,N/A,N/A,N/A
916,CPU_and_Data_Intensive,Rejected,93.14588287691915,N/A,N/A,N/A,0.15602141981765075,0.0,0.0,0.0,STARLINK-34068,0,N/A,N/A,0.0,18.096710129966205,False,0.0,0.0,0.0,87.97208789997117,0.10996510987496397,Insufficient Energy for CPU+NET,N/A,N/A,N/A
918,CPU_Intensive,Rejected,93.23311645510154,N/A,N/A,N/A,0.10553317013632647,0.0,0.0,0.0,STARLINK-34068,0,N/A,N/A,0.0,0.06825656979668089,False,0.0,0.0,0.0,87.97208789997117,0.10996510987496397,Insufficient Energy for CPU,N/A,N/A,N/A
1104,CPU_and_Data_Intensive,Rejected,112.27925801449585,N/A,N/A,N/A,1.1131697129942857,0.0,0.0,0.0,STARLINK-34068,0,N/A,N/A,0.0,1.9762645494860844,False,0.0,0.0,0.0,87.97208789997117,0.10996510987496397,Insufficient Energy for CPU+NET,N/A,N/A,N/A
1107,CPU_Intensive,Rejected,112.36909939606159,N/A,N/A,N/A,0.3823104966246875,0.0,0.0,0.0,STARLINK-34068,0,N/A,N/A,0.0,0.041682002949357845,False,0.0,0.0,0.0,87.97208789997117,0.10996510987496397,Insufficient Energy for CPU,N/A,N/A,N/A
1109,CPU_and_Data_Intensive,Rejected,112.48610311936412,N/A,N/A,N/A,0.36900277506833395,0.0,0.0,0.0,STARLINK-34068,0,N/A,N/A,0.0,0.48139085037921964,False,0.0,0.0,0.0,87.97208789997117,0.10996510987496397,Insufficient Energy for CPU+NET,N/A,N/A,N/A
1110,CPU_Intensive,Rejected,112.51406382574876,N/A,N/A,N/A,1.1518413463872563,0.0,0.0,0.0,STARLINK-34068,0,N/A,N/A,0.0,0.015780459331475975,False,0.0,0.0,0.0,87.97208789997117,0.10996510987496397,Insufficient Energy for CPU,N/A,N/A,N/A
1113,CPU_and_Data_Intensive,Rejected,112.88634096461652,N/A,N/A,N/A,0.35523023521448754,0.0,0.0,0.0,STARLINK-34068,0,N/A,N/A,0.0,0.5795183722543545,False,0.0,0.0,0.0,87.97208789997117,0.10996510987496397,Insufficient Energy for CPU+NET,N/A,N/A,N/A
1114,CPU_and_Data_Intensive,Rejected,112.91273778350954,N/A,N/A,N/A,1.4839448421033252,0.0,0.0,0.0,STARLINK-34068,0,N/A,N/A,0.0,11.05360332062856,False,0.0,0.0,0.0,87.97208789997117,0.10996510987496397,Insufficient Energy for CPU+NET,N/A,N/A,N/A
1116,CPU_Intensive,Rejected,112.99836424061756,N/A,N/A,N/A,1.0751248751969507,0.0,0.0,0.0,STARLINK-34068,0,N/A,N/A,0.0,0.031450719997035116,False,0.0,0.0,0.0,87.97208789997117,0.10996510987496397,Insufficient Energy for CPU,N/A,N/A,N/A
1117,CPU_Intensive,Rejected,113.0141306427756,N/A,N/A,N/A,0.9781633454533636,0.0,0.0,0.0,STARLINK-34068,0,N/A,N/A,0.0,0.019436977434543326,False,0.0,0.0,0.0,87.97208789997117,0.10996510987496397,Insufficient Energy for CPU,N/A,N/A,N/A
1118,CPU_Intensive,Rejected,113.19784068519229,N/A,N/A,N/A,1.0979978029082327,0.0,0.0,0.0,STARLINK-34068,0,N/A,N/A,0.0,0.05972675141351205,False,0.0,0.0,0.0,87.97208789997117,0.10996510987496397,Insufficient Energy for CPU,N/A,N/A,N/A
1121,CPU_and_Data_Intensive,Rejected,113.52951894512626,N/A,N/A,N/A,0.7749646268599851,0.0,0.0,0.0,STARLINK-34068,0,N/A,N/A,0.0,0.7628721926514408,False,0.0,0.0,0.0,87.97208789997117,0.10996510987496397,Insufficient Energy for CPU+NET,N/A,N/A,N/A
1124,CPU_Intensive,Rejected,113.72479881381851,N/A,N/A,N/A,0.67413059605968,0.0,0.0,0.0,STARLINK-34068,0,N/A,N/A,0.0,0.03706971636662023,False,0.0,0.0,0.0,87.97208789997117,0.10996510987496397,Insufficient Energy for CPU,N/A,N/A,N/A
1129,CPU_Intensive,Rejected,114.18800194282734,N/A,N/A,N/A,0.9789664255623947,0.0,0.0,0.0,STARLINK-34068,0,N/A,N/A,0.0,0.02022864316775457,False,0.0,0.0,0.0,87.97208789997117,0.10996510987496397,Insufficient Energy for CPU,N/A,N/A,N/A
1128,CPU_and_Data_Intensive,Rejected,114.14120624326527,N/A,N/A,N/A,1.0872474123317035,0.0,0.0,0.0,STARLINK-34068,0,N/A,N/A,0.0,147.35992940549255,False,0.0,0.0,0.0,87.97208789997117,0.10996510987496397,Insufficient Energy for CPU+NET,N/A,N/A,N/A
1130,CPU_and_Data_Intensive,Rejected,114.4558924552944,N/A,N/A,N/A,1.1704441535420007,0.0,0.0,0.0,STARLINK-34068,0,N/A,N/A,0.0,0.6287457341514836,False,0.0,0.0,0.0,87.97208789997117,0.10996510987496397,Insufficient Energy for CPU+NET,N/A,N/A,N/A
1131,CPU_and_Data_Intensive,Rejected,114.53003792511565,N/A,N/A,N/A,1.5730855355913664,0.0,0.0,0.0,STARLINK-34068,0,N/A,N/A,0.0,14.384411964924553,False,0.0,0.0,0.0,87.97208789997117,0.10996510987496397,Insufficient Energy for CPU+NET,N/A,N/A,N/A
1132,CPU_Intensive,Rejected,114.53761359421253,N/A,N/A,N/A,0.35493837797329547,0.0,0.0,0.0,STARLINK-34068,0,N/A,N/A,0.0,0.048338848774858,False,0.0,0.0,0.0,87.97208789997117,0.10996510987496397,Insufficient Energy for CPU,N/A,N/A,N/A
1133,CPU_Intensive,Rejected,114.6520895535163,N/A,N/A,N/A,0.3181567573165084,0.0,0.0,0.0,STARLINK-34068,0,N/A,N/A,0.0,0.0586379991592899,False,0.0,0.0,0.0,87.97208789997117,0.10996510987496397,Insufficient Energy for CPU,N/A,N/A,N/A
1134,CPU_Intensive,Rejected,114.74840606378129,N/A,N/A,N/A,0.3505909145334878,0.0,0.0,0.0,STARLINK-34068,0,N/A,N/A,0.0,0.0678742355731555,False,0.0,0.0,0.0,87.97208789997117,0.10996510987496397,Insufficient Energy for CPU,N/A,N/A,N/A
1135,CPU_and_Data_Intensive,Rejected,114.94822438559002,N/A,N/A,N/A,1.5817113098012536,0.0,0.0,0.0,STARLINK-34068,0,N/A,N/A,0.0,1.836373815013733,False,0.0,0.0,0.0,87.97208789997117,0.10996510987496397,Insufficient Energy for CPU+NET,N/A,N/A,N/A
1138,CPU_and_Data_Intensive,Rejected,115.23431624442709,N/A,N/A,N/A,0.9798056277347692,0.0,0.0,0.0,STARLINK-34068,0,N/A,N/A,0.0,164.6754669027505,False,0.0,0.0,0.0,87.97208789997117,0.10996510987496397,Insufficient Energy for CPU+NET,N/A,N/A,N/A
1142,CPU_Intensive,Rejected,115.96757193409563,N/A,N/A,N/A,0.8691897942873754,0.0,0.0,0.0,STARLINK-34068,0,N/A,N/A,0.0,0.029174189353079784,False,0.0,0.0,0.0,87.97208789997117,0.10996510987496397,Insufficient Energy for CPU,N/A,N/A,N/A
1147,CPU_and_Data_Intensive,Rejected,116.70178478630044,N/A,N/A,N/A,1.769743427844862,0.0,0.0,0.0,STARLINK-34068,0,N/A,N/A,0.0,0.42630549803509044,False,0.0,0.0,0.0,87.97208789997117,0.10996510987496397,Insufficient Energy for CPU+NET,N/A,N/A,N/A
1150,CPU_Intensive,Rejected,117.25654709158891,N/A,N/A,N/A,0.44268583677894774,0.0,0.0,0.0,STARLINK-34068,0,N/A,N/A,0.0,0.0771034578837162,False,0.0,0.0,0.0,87.97208789997117,0.10996510987496397,Insufficient Energy for CPU,N/A,N/A,N/A
1151,CPU_and_Data_Intensive,Rejected,117.27814024455937,N/A,N/A,N/A,0.37589494702430326,0.0,0.0,0.0,STARLINK-34068,0,N/A,N/A,0.0,21.614899306636122,False,0.0,0.0,0.0,87.97208789997117,0.10996510987496397,Insufficient Energy for CPU+NET,N/A,N/A,N/A
1153,CPU_and_Data_Intensive,Rejected,117.39055554942034,N/A,N/A,N/A,0.4936275756891327,0.0,0.0,0.0,STARLINK-34068,0,N/A,N/A,0.0,1.8684347108522041,False,0.0,0.0,0.0,87.97208789997117,0.10996510987496397,Insufficient Energy for CPU+NET,N/A,N/A,N/A
1157,CPU_Intensive,Rejected,117.97975181149076,N/A,N/A,N/A,0.7004911157143666,0.0,0.0,0.0,STARLINK-34068,0,N/A,N/A,0.0,0.033404056880679774,False,0.0,0.0,0.0,87.97208789997117,0.10996510987496397,Insufficient Energy for CPU,N/A,N/A,N/A
1162,CPU_and_Data_Intensive,Rejected,118.62153813177484,N/A,N/A,N/A,1.134556995677729,0.0,0.0,0.0,STARLINK-34068,0,N/A,N/A,0.0,1.8242174759797714,False,0.0,0.0,0.0,87.97208789997117,0.10996510987496397,Insufficient Energy for CPU+NET,N/A,N/A,N/A
1164,CPU_Intensive,Rejected,118.94009032503813,N/A,N/A,N/A,0.8479013656355244,0.0,0.0,0.0,STARLINK-34068,0,N/A,N/A,0.0,0.06399944871291349,False,0.0,0.0,0.0,87.97208789997117,0.10996510987496397,Insufficient Energy for CPU,N/A,N/A,N/A
1168,CPU_Intensive,Rejected,119.3549762083326,N/A,N/A,N/A,1.0179823701833608,0.0,0.0,0.0,STARLINK-34068,0,N/A,N/A,0.0,0.04207989202222784,False,0.0,0.0,0.0,87.97208789997117,0.10996510987496397,Insufficient Energy for CPU,N/A,N/A,N/A
1174,CPU_Intensive,Rejected,120.10082717341149,N/A,N/A,N/A,0.4128975503720032,0.0,0.0,0.0,STARLINK-34068,0,N/A,N/A,0.0,0.0689991062872794,False,0.0,0.0,0.0,87.97208789997117,0.10996510987496397,Insufficient Energy for CPU,N/A,N/A,N/A
1177,CPU_Intensive,Rejected,120.37796624030254,N/A,N/A,N/A,0.4656424831881263,0.0,0.0,0.0,STARLINK-34068,0,N/A,N/A,0.0,0.02400732134087063,False,0.0,0.0,0.0,87.97208789997117,0.10996510987496397,Insufficient Energy for CPU,N/A,N/A,N/A
1178,CPU_Intensive,Rejected,120.46364987222609,N/A,N/A,N/A,0.5405026392739523,0.0,0.0,0.0,STARLINK-34068,0,N/A,N/A,0.0,0.05484643317793132,False,0.0,0.0,0.0,87.97208789997117,0.10996510987496397,Insufficient Energy for CPU,N/A,N/A,N/A
1182,CPU_Intensive,Rejected,120.6335045906845,N/A,N/A,N/A,0.4105969159742951,0.0,0.0,0.0,STARLINK-34068,0,N/A,N/A,0.0,0.05826811945722811,False,0.0,0.0,0.0,87.97208789997117,0.10996510987496397,Insufficient Energy for CPU,N/A,N/A,N/A
1187,CPU_Intensive,Rejected,121.11933643984891,N/A,N/A,N/A,0.344719822988134,0.0,0.0,0.0,STARLINK-34068,0,N/A,N/A,0.0,0.06836317399920018,False,0.0,0.0,0.0,87.97208789997117,0.10996510987496397,Insufficient Energy for CPU,N/A,N/A,N/A
1188,CPU_and_Data_Intensive,Rejected,121.19818041053584,N/A,N/A,N/A,0.8823957927901062,0.0,0.0,0.0,STARLINK-34068,0,N/A,N/A,0.0,0.4362595237678924,False,0.0,0.0,0.0,87.97208789997117,0.10996510987496397,Insufficient Energy for CPU+NET,N/A,N/A,N/A
1191,CPU_Intensive,Rejected,121.42274944038056,N/A,N/A,N/A,0.7321376160818931,0.0,0.0,0.0,STARLINK-34068,0,N/A,N/A,0.0,0.056090784647479915,False,0.0,0.0,0.0,87.97208789997117,0.10996510987496397,Insufficient Energy for CPU,N/A,N/A,N/A
1192,CPU_and_Data_Intensive,Rejected,121.46626770329381,N/A,N/A,N/A,0.32278569986815697,0.0,0.0,0.0,STARLINK-34068,0,N/A,N/A,0.0,1.7767014615675492,False,0.0,0.0,0.0,87.97208789997117,0.10996510987496397,Insufficient Energy for CPU+NET,N/A,N/A,N/A
1195,CPU_Intensive,Rejected,121.5208074639933,N/A,N/A,N/A,0.37970556059441773,0.0,0.0,0.0,STARLINK-34068,0,N/A,N/A,0.0,0.0344916683917278,False,0.0,0.0,0.0,87.97208789997117,0.10996510987496397,Insufficient Energy for CPU,N/A,N/A,N/A
1197,CPU_and_Data_Intensive,Rejected,121.78973186453605,N/A,N/A,N/A,2.313190925257119,0.0,0.0,0.0,STARLINK-34068,0,N/A,N/A,0.0,18.44233817431451,False,0.0,0.0,0.0,87.97208789997117,0.10996510987496397,Insufficient Energy for CPU+NET,N/A,N/A,N/A
1202,CPU_Intensive,Rejected,122.2668891211842,N/A,N/A,N/A,0.6280076814905218,0.0,0.0,0.0,STARLINK-34068,0,N/A,N/A,0.0,0.056359746136258104,False,0.0,0.0,0.0,87.97208789997117,0.10996510987496397,Insufficient Energy for CPU,N/A,N/A,N/A
1201,CPU_and_Data_Intensive,Rejected,122.23759613192315,N/A,N/A,N/A,1.1327463477422224,0.0,0.0,0.0,STARLINK-34068,0,N/A,N/A,0.0,192.12684274666708,False,0.0,0.0,0.0,87.97208789997117,0.10996510987496397,Insufficient Energy for CPU+NET,N/A,N/A,N/A
1206,CPU_Intensive,Rejected,122.8856343942754,N/A,N/A,N/A,0.3168077429976357,0.0,0.0,0.0,STARLINK-34068,0,N/A,N/A,0.0,0.042413516193409356,False,0.0,0.0,0.0,87.97208789997117,0.10996510987496397,Insufficient Energy for CPU,N/A,N/A,N/A
1208,CPU_Intensive,Rejected,123.35593973884941,N/A,N/A,N/A,0.4723959240533637,0.0,0.0,0.0,STARLINK-34068,0,N/A,N/A,0.0,0.08715462303802875,False,0.0,0.0,0.0,87.97208789997117,0.10996510987496397,Insufficient Energy for CPU,N/A,N/A,N/A
1209,CPU_Intensive,Rejected,123.51371267237792,N/A,N/A,N/A,0.5304726085135123,0.0,0.0,0.0,STARLINK-34068,0,N/A,N/A,0.0,0.03809251527885039,False,0.0,0.0,0.0,87.97208789997117,0.10996510987496397,Insufficient Energy for CPU,N/A,N/A,N/A
1210,CPU_Intensive,Rejected,123.628932112159,N/A,N/A,N/A,0.9437450952225388,0.0,0.0,0.0,STARLINK-34068,0,N/A,N/A,0.0,0.04653743113239049,False,0.0,0.0,0.0,87.97208789997117,0.10996510987496397,Insufficient Energy for CPU,N/A,N/A,N/A
1211,CPU_Intensive,Rejected,123.88840859405383,N/A,N/A,N/A,1.4405205419484572,0.0,0.0,0.0,STARLINK-34068,0,N/A,N/A,0.0,0.07863263424028809,False,0.0,0.0,0.0,87.97208789997117,0.10996510987496397,Insufficient Energy for CPU,N/A,N/A,N/A
1212,CPU_Intensive,Rejected,123.92261279462763,N/A,N/A,N/A,0.921341829146414,0.0,0.0,0.0,STARLINK-34068,0,N/A,N/A,0.0,0.07715015102006113,False,0.0,0.0,0.0,87.97208789997117,0.10996510987496397,Insufficient Energy for CPU,N/A,N/A,N/A
1213,CPU_and_Data_Intensive,Rejected,123.94427599846279,N/A,N/A,N/A,0.39768079078460145,0.0,0.0,0.0,STARLINK-34068,0,N/A,N/A,0.0,0.15360111742659713,False,0.0,0.0,0.0,87.97208789997117,0.10996510987496397,Insufficient Energy for CPU+NET,N/A,N/A,N/A
1220,CPU_and_Data_Intensive,Rejected,124.34287596733017,N/A,N/A,N/A,0.34615619621488947,0.0,0.0,0.0,STARLINK-34068,0,N/A,N/A,0.0,5.833383668624606,False,0.0,0.0,0.0,87.97208789997117,0.10996510987496397,Insufficient Energy for CPU+NET,N/A,N/A,N/A
1221,CPU_and_Data_Intensive,Rejected,124.3813397647666,N/A,N/A,N/A,0.3933613591420483,0.0,0.0,0.0,STARLINK-34068,0,N/A,N/A,0.0,13.146732413447886,False,0.0,0.0,0.0,87.97208789997117,0.10996510987496397,Insufficient Energy for CPU+NET,N/A,N/A,N/A
1225,CPU_Intensive,Rejected,124.75521559224613,N/A,N/A,N/A,0.9318579502230973,0.0,0.0,0.0,STARLINK-34068,0,N/A,N/A,0.0,0.016958691553245066,False,0.0,0.0,0.0,87.97208789997117,0.10996510987496397,Insufficient Energy for CPU,N/A,N/A,N/A
1227,CPU_Intensive,Rejected,124.85183147850258,N/A,N/A,N/A,1.4671167039635211,0.0,0.0,0.0,STARLINK-34068,0,N/A,N/A,0.0,0.018910845654536865,False,0.0,0.0,0.0,87.97208789997117,0.10996510987496397,Insufficient Energy for CPU,N/A,N/A,N/A
1230,CPU_and_Data_Intensive,Rejected,125.30071660014372,N/A,N/A,N/A,0.32472180365293773,0.0,0.0,0.0,STARLINK-34068,0,N/A,N/A,0.0,0.35604453712028034,False,0.0,0.0,0.0,87.97208789997117,0.10996510987496397,Insufficient Energy for CPU+NET,N/A,N/A,N/A
1237,CPU_and_Data_Intensive,Rejected,125.91470969186594,N/A,N/A,N/A,0.39556340919621796,0.0,0.0,0.0,STARLINK-34068,0,N/A,N/A,0.0,1.410002124399773,False,0.0,0.0,0.0,87.97208789997117,0.10996510987496397,Insufficient Energy for CPU+NET,N/A,N/A,N/A
1240,CPU_and_Data_Intensive,Rejected,126.09951487458102,N/A,N/A,N/A,0.30425646306737986,0.0,0.0,0.0,STARLINK-34068,0,N/A,N/A,0.0,2.0154971621697912,False,0.0,0.0,0.0,87.97208789997117,0.10996510987496397,Insufficient Energy for CPU+NET,N/A,N/A,N/A
1241,CPU_and_Data_Intensive,Rejected,126.49419864273776,N/A,N/A,N/A,0.6048288819437206,0.0,0.0,0.0,STARLINK-34068,0,N/A,N/A,0.0,23.959829317785694,False,0.0,0.0,0.0,87.97208789997117,0.10996510987496397,Insufficient Energy for CPU+NET,N/A,N/A,N/A
1242,CPU_and_Data_Intensive,Rejected,126.83741906763123,N/A,N/A,N/A,0.5429786082926843,0.0,0.0,0.0,STARLINK-34068,0,N/A,N/A,0.0,16.145182476683086,False,0.0,0.0,0.0,87.97208789997117,0.10996510987496397,Insufficient Energy for CPU+NET,N/A,N/A,N/A
1243,CPU_and_Data_Intensive,Rejected,126.8966288253932,N/A,N/A,N/A,0.5333617450937082,0.0,0.0,0.0,STARLINK-34068,0,N/A,N/A,0.0,1.9680474443515492,False,0.0,0.0,0.0,87.97208789997117,0.10996510987496397,Insufficient Energy for CPU+NET,N/A,N/A,N/A
1244,CPU_and_Data_Intensive,Rejected,127.00313657252967,N/A,N/A,N/A,0.5025296881046117,0.0,0.0,0.0,STARLINK-34068,0,N/A,N/A,0.0,1.9028304185939122,False,0.0,0.0,0.0,87.97208789997117,0.10996510987496397,Insufficient Energy for CPU+NET,N/A,N/A,N/A
1245,CPU_Intensive,Rejected,127.00715619750954,N/A,N/A,N/A,0.5938235853044619,0.0,0.0,0.0,STARLINK-34068,0,N/A,N/A,0.0,0.0630150888288369,False,0.0,0.0,0.0,87.97208789997117,0.10996510987496397,Insufficient Energy for CPU,N/A,N/A,N/A
1258,CPU_Intensive,Rejected,128.03258213335303,N/A,N/A,N/A,1.2400218371240628,0.0,0.0,0.0,STARLINK-34068,0,N/A,N/A,0.0,0.05467529389555103,False,0.0,0.0,0.0,87.97208789997117,0.10996510987496397,Insufficient Energy for CPU,N/A,N/A,N/A
1259,CPU_Intensive,Rejected,128.18285264548936,N/A,N/A,N/A,1.9078711836269218,0.0,0.0,0.0,STARLINK-34068,0,N/A,N/A,0.0,0.05342771734819782,False,0.0,0.0,0.0,87.97208789997117,0.10996510987496397,Insufficient Energy for CPU,N/A,N/A,N/A
1264,CPU_and_Data_Intensive,Rejected,128.77497102553983,N/A,N/A,N/A,0.8762531628302583,0.0,0.0,0.0,STARLINK-34068,0,N/A,N/A,0.0,18.831981238140347,False,0.0,0.0,0.0,87.97208789997117,0.10996510987496397,Insufficient Energy for CPU+NET,N/A,N/A,N/A
1268,CPU_Intensive,Rejected,129.14175194031282,N/A,N/A,N/A,0.3582607855199183,0.0,0.0,0.0,STARLINK-34068,0,N/A,N/A,0.0,0.04926511961084739,False,0.0,0.0,0.0,87.97208789997117,0.10996510987496397,Insufficient Energy for CPU,N/A,N/A,N/A
1275,CPU_Intensive,Rejected,129.45788283296693,N/A,N/A,N/A,1.4199029532400376,0.0,0.0,0.0,STARLINK-34068,0,N/A,N/A,0.0,0.04687346691363462,False,0.0,0.0,0.0,87.97208789997117,0.10996510987496397,Insufficient Energy for CPU,N/A,N/A,N/A
1277,CPU_and_Data_Intensive,Rejected,129.89173305861172,N/A,N/A,N/A,1.0660389718209962,0.0,0.0,0.0,STARLINK-34068,0,N/A,N/A,0.0,0.4200686866891183,False,0.0,0.0,0.0,87.97208789997117,0.10996510987496397,Insufficient Energy for CPU+NET,N/A,N/A,N/A
1278,CPU_and_Data_Intensive,Rejected,129.90088845527816,N/A,N/A,N/A,0.8046559491930428,0.0,0.0,0.0,STARLINK-34068,0,N/A,N/A,0.0,1.500076922141262,False,0.0,0.0,0.0,87.97208789997117,0.10996510987496397,Insufficient Energy for CPU+NET,N/A,N/A,N/A
1280,CPU_and_Data_Intensive,Rejected,130.01292077014423,N/A,N/A,N/A,0.7470750017257228,0.0,0.0,0.0,STARLINK-34068,0,N/A,N/A,0.0,1.1491526097179012,False,0.0,0.0,0.0,87.97208789997117,0.10996510987496397,Insufficient Energy for CPU+NET,N/A,N/A,N/A
1281,CPU_and_Data_Intensive,Rejected,130.13660072271193,N/A,N/A,N/A,0.36553412644275,0.0,0.0,0.0,STARLINK-34068,0,N/A,N/A,0.0,0.43429449355126015,False,0.0,0.0,0.0,87.97208789997117,0.10996510987496397,Insufficient Energy for CPU+NET,N/A,N/A,N/A
1288,CPU_Intensive,Rejected,130.4004788473572,N/A,N/A,N/A,0.7376341565699136,0.0,0.0,0.0,STARLINK-34068,0,N/A,N/A,0.0,0.032485186087891645,False,0.0,0.0,0.0,87.97208789997117,0.10996510987496397,Insufficient Energy for CPU,N/A,N/A,N/A
1289,CPU_Intensive,Rejected,130.59123338621032,N/A,N/A,N/A,0.5305288820258545,0.0,0.0,0.0,STARLINK-34068,0,N/A,N/A,0.0,0.026764616311887056,False,0.0,0.0,0.0,87.97208789997117,0.10996510987496397,Insufficient Energy for CPU,N/A,N/A,N/A
1294,CPU_and_Data_Intensive,Rejected,131.09222006156543,N/A,N/A,N/A,1.1887971693284043,0.0,0.0,0.0,STARLINK-34068,0,N/A,N/A,0.0,267.0513830036117,False,0.0,0.0,0.0,87.97208789997117,0.10996510987496397,Insufficient Energy for CPU+NET,N/A,N/A,N/A
1295,CPU_Intensive,Rejected,131.35551999175993,N/A,N/A,N/A,0.4845178277025019,0.0,0.0,0.0,STARLINK-34068,0,N/A,N/A,0.0,0.01234538112615788,False,0.0,0.0,0.0,87.97208789997117,0.10996510987496397,Insufficient Energy for CPU,N/A,N/A,N/A
1296,CPU_Intensive,Rejected,131.4776109014625,N/A,N/A,N/A,0.32607507215666015,0.0,0.0,0.0,STARLINK-34068,0,N/A,N/A,0.0,0.018244181865422412,False,0.0,0.0,0.0,87.97208789997117,0.10996510987496397,Insufficient Energy for CPU,N/A,N/A,N/A
1299,CPU_Intensive,Rejected,131.61244135174732,N/A,N/A,N/A,0.3098306149339403,0.0,0.0,0.0,STARLINK-34068,0,N/A,N/A,0.0,0.011917100449457567,False,0.0,0.0,0.0,87.97208789997117,0.10996510987496397,Insufficient Energy for CPU,N/A,N/A,N/A
1301,CPU_Intensive,Rejected,131.76518965282415,N/A,N/A,N/A,0.5043779415784859,0.0,0.0,0.0,STARLINK-34068,0,N/A,N/A,0.0,0.014991716393780587,False,0.0,0.0,0.0,87.97208789997117,0.10996510987496397,Insufficient Energy for CPU,N/A,N/A,N/A
1302,CPU_and_Data_Intensive,Rejected,131.98149125065893,N/A,N/A,N/A,0.5850285790866022,0.0,0.0,0.0,STARLINK-34068,0,N/A,N/A,0.0,1.4229109460254377,False,0.0,0.0,0.0,87.97208789997117,0.10996510987496397,Insufficient Energy for CPU+NET,N/A,N/A,N/A
1306,CPU_Intensive,Rejected,132.41287380578777,N/A,N/A,N/A,0.8824833065207579,0.0,0.0,0.0,STARLINK-34068,0,N/A,N/A,0.0,0.04148253999828191,False,0.0,0.0,0.0,87.97208789997117,0.10996510987496397,Insufficient Energy for CPU,N/A,N/A,N/A
1308,CPU_and_Data_Intensive,Rejected,132.47136315570452,N/A,N/A,N/A,1.6385634631757044,0.0,0.0,0.0,STARLINK-34068,0,N/A,N/A,0.0,0.7290485513502896,False,0.0,0.0,0.0,87.97208789997117,0.10996510987496397,Insufficient Energy for CPU+NET,N/A,N/A,N/A
1314,CPU_Intensive,Rejected,132.81826400860376,N/A,N/A,N/A,1.3615975093898114,0.0,0.0,0.0,STARLINK-34068,0,N/A,N/A,0.0,0.08390656709000202,False,0.0,0.0,0.0,87.97208789997117,0.10996510987496397,Insufficient Energy for CPU,N/A,N/A,N/A
1316,CPU_Intensive,Rejected,133.03925930048652,N/A,N/A,N/A,1.695992506194938,0.0,0.0,0.0,STARLINK-34068,0,N/A,N/A,0.0,0.01984572695583059,False,0.0,0.0,0.0,87.97208789997117,0.10996510987496397,Insufficient Energy for CPU,N/A,N/A,N/A
1319,CPU_and_Data_Intensive,Rejected,133.35352972761993,N/A,N/A,N/A,0.3328359862734972,0.0,0.0,0.0,STARLINK-34068,0,N/A,N/A,0.0,5.795797751400412,False,0.0,0.0,0.0,87.97208789997117,0.10996510987496397,Insufficient Energy for CPU+NET,N/A,N/A,N/A
1324,CPU_and_Data_Intensive,Rejected,133.8316971696245,N/A,N/A,N/A,0.3628960214677156,0.0,0.0,0.0,STARLINK-34068,0,N/A,N/A,0.0,1.2955686279883023,False,0.0,0.0,0.0,87.97208789997117,0.10996510987496397,Insufficient Energy for CPU+NET,N/A,N/A,N/A
1333,CPU_Intensive,Rejected,134.7857274037147,N/A,N/A,N/A,0.6535857573199405,0.0,0.0,0.0,STARLINK-34068,0,N/A,N/A,0.0,0.01792782270403552,False,0.0,0.0,0.0,87.97208789997117,0.10996510987496397,Insufficient Energy for CPU,N/A,N/A,N/A
1334,CPU_and_Data_Intensive,Rejected,134.9301188223084,N/A,N/A,N/A,0.6798097518224642,0.0,0.0,0.0,STARLINK-34068,0,N/A,N/A,0.0,1.609609960744499,False,0.0,0.0,0.0,87.97208789997117,0.10996510987496397,Insufficient Energy for CPU+NET,N/A,N/A,N/A
1336,CPU_and_Data_Intensive,Rejected,135.17194188977126,N/A,N/A,N/A,0.8517187639857912,0.0,0.0,0.0,STARLINK-34068,0,N/A,N/A,0.0,1.7265797823496378,False,0.0,0.0,0.0,87.97208789997117,0.10996510987496397,Insufficient Energy for CPU+NET,N/A,N/A,N/A
1340,CPU_and_Data_Intensive,Rejected,135.73556912116325,N/A,N/A,N/A,0.7090360875745292,0.0,0.0,0.0,STARLINK-34068,0,N/A,N/A,0.0,0.590232652387657,False,0.0,0.0,0.0,87.97208789997117,0.10996510987496397,Insufficient Energy for CPU+NET,N/A,N/A,N/A
1346,CPU_and_Data_Intensive,Rejected,136.74523865194035,N/A,N/A,N/A,0.9698336684215875,0.0,0.0,0.0,STARLINK-34068,0,N/A,N/A,0.0,0.9071429727564225,False,0.0,0.0,0.0,87.97208789997117,0.10996510987496397,Insufficient Energy for CPU+NET,N/A,N/A,N/A
1347,CPU_and_Data_Intensive,Rejected,137.00752963043655,N/A,N/A,N/A,0.5606020015545466,0.0,0.0,0.0,STARLINK-34068,0,N/A,N/A,0.0,3.7302231373227404,False,0.0,0.0,0.0,87.97208789997117,0.10996510987496397,Insufficient Energy for CPU+NET,N/A,N/A,N/A
1350,CPU_and_Data_Intensive,Rejected,137.14981599611264,N/A,N/A,N/A,0.886693727118998,0.0,0.0,0.0,STARLINK-34068,0,N/A,N/A,0.0,17.84835047261339,False,0.0,0.0,0.0,87.97208789997117,0.10996510987496397,Insufficient Energy for CPU+NET,N/A,N/A,N/A
1353,CPU_and_Data_Intensive,Rejected,137.35235042955532,N/A,N/A,N/A,1.3379518646852908,0.0,0.0,0.0,STARLINK-34068,0,N/A,N/A,0.0,1.1348815119463402,False,0.0,0.0,0.0,87.97208789997117,0.10996510987496397,Insufficient Energy for CPU+NET,N/A,N/A,N/A
1356,CPU_and_Data_Intensive,Rejected,137.8081284201952,N/A,N/A,N/A,0.3332870280286704,0.0,0.0,0.0,STARLINK-34068,0,N/A,N/A,0.0,9.550655212282763,False,0.0,0.0,0.0,87.97208789997117,0.10996510987496397,Insufficient Energy for CPU+NET,N/A,N/A,N/A
1357,CPU_and_Data_Intensive,Rejected,138.23774475890394,N/A,N/A,N/A,0.36787258100515263,0.0,0.0,0.0,STARLINK-34068,0,N/A,N/A,0.0,13.678674252791925,False,0.0,0.0,0.0,87.97208789997117,0.10996510987496397,Insufficient Energy for CPU+NET,N/A,N/A,N/A
1358,CPU_Intensive,Rejected,138.30907576958387,N/A,N/A,N/A,0.45655951710600345,0.0,0.0,0.0,STARLINK-34068,0,N/A,N/A,0.0,0.08787193900717158,False,0.0,0.0,0.0,87.97208789997117,0.10996510987496397,Insufficient Energy for CPU,N/A,N/A,N/A
1359,CPU_and_Data_Intensive,Rejected,138.361176512107,N/A,N/A,N/A,0.4731763560467534,0.0,0.0,0.0,STARLINK-34068,0,N/A,N/A,0.0,1.6753534519586992,False,0.0,0.0,0.0,87.97208789997117,0.10996510987496397,Insufficient Energy for CPU+NET,N/A,N/A,N/A
1360,CPU_and_Data_Intensive,Rejected,138.36188550881633,N/A,N/A,N/A,0.31380367514759683,0.0,0.0,0.0,STARLINK-34068,0,N/A,N/A,0.0,23.020926389002753,False,0.0,0.0,0.0,87.97208789997117,0.10996510987496397,Insufficient Energy for CPU+NET,N/A,N/A,N/A
1363,CPU_Intensive,Rejected,138.73301254079618,N/A,N/A,N/A,0.7689326756732944,0.0,0.0,0.0,STARLINK-34068,0,N/A,N/A,0.0,0.04135829326390034,False,0.0,0.0,0.0,87.97208789997117,0.10996510987496397,Insufficient Energy for CPU,N/A,N/A,N/A
1364,CPU_and_Data_Intensive,Rejected,138.75657641520138,N/A,N/A,N/A,0.49883708275430266,0.0,0.0,0.0,STARLINK-34068,0,N/A,N/A,0.0,1.0207014806369255,False,0.0,0.0,0.0,87.97208789997117,0.10996510987496397,Insufficient Energy for CPU+NET,N/A,N/A,N/A
1369,CPU_and_Data_Intensive,Rejected,139.12341365887153,N/A,N/A,N/A,1.1980635560438202,0.0,0.0,0.0,STARLINK-34068,0,N/A,N/A,0.0,282.63914612387794,False,0.0,0.0,0.0,87.97208789997117,0.10996510987496397,Insufficient Energy for CPU+NET,N/A,N/A,N/A
1372,CPU_and_Data_Intensive,Rejected,139.5457717453021,N/A,N/A,N/A,0.32275094729220494,0.0,0.0,0.0,STARLINK-34068,0,N/A,N/A,0.0,1.728513096417058,False,0.0,0.0,0.0,87.97208789997117,0.10996510987496397,Insufficient Energy for CPU+NET,N/A,N/A,N/A
1374,CPU_and_Data_Intensive,Rejected,139.7677750947811,N/A,N/A,N/A,0.8539130828170154,0.0,0.0,0.0,STARLINK-34068,0,N/A,N/A,0.0,1.8357849507865833,False,0.0,0.0,0.0,87.97208789997117,0.10996510987496397,Insufficient Energy for CPU+NET,N/A,N/A,N/A
1379,CPU_and_Data_Intensive,Rejected,140.20653361814936,N/A,N/A,N/A,0.6677489793156085,0.0,0.0,0.0,STARLINK-34068,0,N/A,N/A,0.0,15.45852460475464,False,0.0,0.0,0.0,87.97208789997117,0.10996510987496397,Insufficient Energy for CPU+NET,N/A,N/A,N/A
1385,CPU_Intensive,Rejected,140.681429115958,N/A,N/A,N/A,0.7248976294747366,0.0,0.0,0.0,STARLINK-34068,0,N/A,N/A,0.0,0.07202286078817573,False,0.0,0.0,0.0,87.97208789997117,0.10996510987496397,Insufficient Energy for CPU,N/A,N/A,N/A
1392,CPU_Intensive,Rejected,141.36697530491872,N/A,N/A,N/A,2.395181444958174,0.0,0.0,0.0,STARLINK-34068,0,N/A,N/A,0.0,0.028229323841293376,False,0.0,0.0,0.0,87.97208789997117,0.10996510987496397,Insufficient Energy for CPU,N/A,N/A,N/A
1393,CPU_Intensive,Rejected,141.5229405682324,N/A,N/A,N/A,0.692401681560549,0.0,0.0,0.0,STARLINK-34068,0,N/A,N/A,0.0,0.08172673849906763,False,0.0,0.0,0.0,87.97208789997117,0.10996510987496397,Insufficient Energy for CPU,N/A,N/A,N/A
1395,CPU_Intensive,Rejected,141.76087580007763,N/A,N/A,N/A,0.6282509461556753,0.0,0.0,0.0,STARLINK-34068,0,N/A,N/A,0.0,0.08021740935301877,False,0.0,0.0,0.0,87.97208789997117,0.10996510987496397,Insufficient Energy for CPU,N/A,N/A,N/A
1396,CPU_and_Data_Intensive,Rejected,141.81120298871917,N/A,N/A,N/A,0.31210851724327116,0.0,0.0,0.0,STARLINK-34068,0,N/A,N/A,0.0,0.8044804527651365,False,0.0,0.0,0.0,87.97208789997117,0.10996510987496397,Insufficient Energy for CPU+NET,N/A,N/A,N/A
1406,CPU_Intensive,Rejected,143.11250130412165,N/A,N/A,N/A,1.8773737706570346,0.0,0.0,0.0,STARLINK-34068,0,N/A,N/A,0.0,0.07347602936264787,False,0.0,0.0,0.0,87.97208789997117,0.10996510987496397,Insufficient Energy for CPU,N/A,N/A,N/A
1408,CPU_Intensive,Rejected,143.16746925557965,N/A,N/A,N/A,0.651763814878763,0.0,0.0,0.0,STARLINK-34068,0,N/A,N/A,0.0,0.045717752978926426,False,0.0,0.0,0.0,87.97208789997117,0.10996510987496397,Insufficient Energy for CPU,N/A,N/A,N/A
1412,CPU_Intensive,Rejected,143.48389306207036,N/A,N/A,N/A,0.39623756075011296,0.0,0.0,0.0,STARLINK-34068,0,N/A,N/A,0.0,0.02355505039004028,False,0.0,0.0,0.0,87.97208789997117,0.10996510987496397,Insufficient Energy for CPU,N/A,N/A,N/A
1421,CPU_and_Data_Intensive,Rejected,144.08282882898988,N/A,N/A,N/A,1.658896293107725,0.0,0.0,0.0,STARLINK-34068,0,N/A,N/A,0.0,195.92259157240528,False,0.0,0.0,0.0,87.97208789997117,0.10996510987496397,Insufficient Energy for CPU+NET,N/A,N/A,N/A
1422,CPU_Intensive,Rejected,144.23425029544026,N/A,N/A,N/A,0.3117683811083723,0.0,0.0,0.0,STARLINK-34068,0,N/A,N/A,0.0,0.02925659433862752,False,0.0,0.0,0.0,87.97208789997117,0.10996510987496397,Insufficient Energy for CPU,N/A,N/A,N/A
1423,CPU_and_Data_Intensive,Rejected,144.24577565286745,N/A,N/A,N/A,0.4006778257803526,0.0,0.0,0.0,STARLINK-34068,0,N/A,N/A,0.0,8.023107568589989,False,0.0,0.0,0.0,87.97208789997117,0.10996510987496397,Insufficient Energy for CPU+NET,N/A,N/A,N/A
1429,CPU_and_Data_Intensive,Rejected,145.0162358292959,N/A,N/A,N/A,0.8578875893871423,0.0,0.0,0.0,STARLINK-34068,0,N/A,N/A,0.0,19.450503753298086,False,0.0,0.0,0.0,87.97208789997117,0.10996510987496397,Insufficient Energy for CPU+NET,N/A,N/A,N/A
1433,CPU_Intensive,Rejected,145.36572317770762,N/A,N/A,N/A,0.4116124036654233,0.0,0.0,0.0,STARLINK-34068,0,N/A,N/A,0.0,0.07073484220018414,False,0.0,0.0,0.0,87.97208789997117,0.10996510987496397,Insufficient Energy for CPU,N/A,N/A,N/A
1434,CPU_Intensive,Rejected,145.37859385764847,N/A,N/A,N/A,0.8241077272944152,0.0,0.0,0.0,STARLINK-34068,0,N/A,N/A,0.0,0.06061532028007016,False,0.0,0.0,0.0,87.97208789997117,0.10996510987496397,Insufficient Energy for CPU,N/A,N/A,N/A
1435,CPU_and_Data_Intensive,Rejected,145.43668510579508,N/A,N/A,N/A,0.635758021208058,0.0,0.0,0.0,STARLINK-34068,0,N/A,N/A,0.0,0.07859289617121433,False,0.0,0.0,0.0,87.97208789997117,0.10996510987496397,Insufficient Energy for CPU+NET,N/A,N/A,N/A
1437,CPU_and_Data_Intensive,Rejected,145.65787825710606,N/A,N/A,N/A,0.4429432287833435,0.0,0.0,0.0,STARLINK-34068,0,N/A,N/A,0.0,1.5279065889358054,False,0.0,0.0,0.0,87.97208789997117,0.10996510987496397,Insufficient Energy for CPU+NET,N/A,N/A,N/A
1442,CPU_Intensive,Rejected,146.2668506374764,N/A,N/A,N/A,1.4449924056536263,0.0,0.0,0.0,STARLINK-34068,0,N/A,N/A,0.0,0.025599799819686703,False,0.0,0.0,0.0,87.97208789997117,0.10996510987496397,Insufficient Energy for CPU,N/A,N/A,N/A
1443,CPU_and_Data_Intensive,Rejected,146.30852603669766,N/A,N/A,N/A,1.4889553055647082,0.0,0.0,0.0,STARLINK-34068,0,N/A,N/A,0.0,10.163147340125068,False,0.0,0.0,0.0,87.97208789997117,0.10996510987496397,Insufficient Energy for CPU+NET,N/A,N/A,N/A
1444,CPU_Intensive,Rejected,146.3714372713985,N/A,N/A,N/A,0.9114072401886015,0.0,0.0,0.0,STARLINK-34068,0,N/A,N/A,0.0,0.036522599955173866,False,0.0,0.0,0.0,87.97208789997117,0.10996510987496397,Insufficient Energy for CPU,N/A,N/A,N/A
1445,CPU_Intensive,Rejected,146.37813212007885,N/A,N/A,N/A,1.8878142268075166,0.0,0.0,0.0,STARLINK-34068,0,N/A,N/A,0.0,0.04794390201519961,False,0.0,0.0,0.0,87.97208789997117,0.10996510987496397,Insufficient Energy for CPU,N/A,N/A,N/A
1447,CPU_and_Data_Intensive,Rejected,146.48582357405627,N/A,N/A,N/A,0.56943621615506,0.0,0.0,0.0,STARLINK-34068,0,N/A,N/A,0.0,14.37522501300106,False,0.0,0.0,0.0,87.97208789997117,0.10996510987496397,Insufficient Energy for CPU+NET,N/A,N/A,N/A
1448,CPU_and_Data_Intensive,Rejected,146.6954560383444,N/A,N/A,N/A,0.3516122386309405,0.0,0.0,0.0,STARLINK-34068,0,N/A,N/A,0.0,22.032172808978775,False,0.0,0.0,0.0,87.97208789997117,0.10996510987496397,Insufficient Energy for CPU+NET,N/A,N/A,N/A
1451,CPU_and_Data_Intensive,Rejected,146.93676440366062,N/A,N/A,N/A,1.3154304971398854,0.0,0.0,0.0,STARLINK-34068,0,N/A,N/A,0.0,1.6233325379199646,False,0.0,0.0,0.0,87.97208789997117,0.10996510987496397,Insufficient Energy for CPU+NET,N/A,N/A,N/A
1455,CPU_Intensive,Rejected,147.3332655214732,N/A,N/A,N/A,0.33866867235016856,0.0,0.0,0.0,STARLINK-34068,0,N/A,N/A,0.0,0.033717660305717385,False,0.0,0.0,0.0,87.97208789997117,0.10996510987496397,Insufficient Energy for CPU,N/A,N/A,N/A
1457,CPU_and_Data_Intensive,Rejected,147.50300330146615,N/A,N/A,N/A,0.928363870287684,0.0,0.0,0.0,STARLINK-34068,0,N/A,N/A,0.0,13.53194848100846,False,0.0,0.0,0.0,87.97208789997117,0.10996510987496397,Insufficient Energy for CPU+NET,N/A,N/A,N/A
1463,CPU_Intensive,Rejected,147.85502045347621,N/A,N/A,N/A,0.9038240321203602,0.0,0.0,0.0,STARLINK-34068,0,N/A,N/A,0.0,0.021292719961427564,False,0.0,0.0,0.0,87.97208789997117,0.10996510987496397,Insufficient Energy for CPU,N/A,N/A,N/A
1469,CPU_and_Data_Intensive,Rejected,148.25371181339762,N/A,N/A,N/A,0.5319191930275764,0.0,0.0,0.0,STARLINK-34068,0,N/A,N/A,0.0,0.4270249162968152,False,0.0,0.0,0.0,87.97208789997117,0.10996510987496397,Insufficient Energy for CPU+NET,N/A,N/A,N/A
1473,CPU_and_Data_Intensive,Rejected,148.66288430853766,N/A,N/A,N/A,0.48699613254392243,0.0,0.0,0.0,STARLINK-34068,0,N/A,N/A,0.0,9.393816133454383,False,0.0,0.0,0.0,87.97208789997117,0.10996510987496397,Insufficient Energy for CPU+NET,N/A,N/A,N/A
1479,CPU_Intensive,Rejected,149.10517552512658,N/A,N/A,N/A,0.5940671756618574,0.0,0.0,0.0,STARLINK-34068,0,N/A,N/A,0.0,0.01966507393474185,False,0.0,0.0,0.0,87.97208789997117,0.10996510987496397,Insufficient Energy for CPU,N/A,N/A,N/A
1483,CPU_and_Data_Intensive,Rejected,149.24197602849745,N/A,N/A,N/A,1.3419935159706506,0.0,0.0,0.0,STARLINK-34068,0,N/A,N/A,0.0,238.4850643532355,False,0.0,0.0,0.0,87.97208789997117,0.10996510987496397,Insufficient Energy for CPU+NET,N/A,N/A,N/A
1486,CPU_Intensive,Rejected,149.39989150703911,N/A,N/A,N/A,2.0777871555662566,0.0,0.0,0.0,STARLINK-34068,0,N/A,N/A,0.0,0.07579595622047273,False,0.0,0.0,0.0,87.97208789997117,0.10996510987496397,Insufficient Energy for CPU,N/A,N/A,N/A
1489,CPU_and_Data_Intensive,Rejected,149.66326573045205,N/A,N/A,N/A,1.0397607243233162,0.0,0.0,0.0,STARLINK-34068,0,N/A,N/A,0.0,4.386531930539384,False,0.0,0.0,0.0,87.97208789997117,0.10996510987496397,Insufficient Energy for CPU+NET,N/A,N/A,N/A
1492,CPU_and_Data_Intensive,Rejected,149.9745604401306,N/A,N/A,N/A,1.0939239656480868,0.0,0.0,0.0,STARLINK-34068,0,N/A,N/A,0.0,247.53749071007928,False,0.0,0.0,0.0,87.97208789997117,0.10996510987496397,Insufficient Energy for CPU+NET,N/A,N/A,N/A
1496,CPU_and_Data_Intensive,Rejected,150.62168318178894,N/A,N/A,N/A,2.1104235445236736,0.0,0.0,0.0,STARLINK-34068,0,N/A,N/A,0.0,5.643066532608942,False,0.0,0.0,0.0,87.97208789997117,0.10996510987496397,Insufficient Energy for CPU+NET,N/A,N/A,N/A
1498,CPU_Intensive,Rejected,151.06148143414217,N/A,N/A,N/A,0.8677203566631446,0.0,0.0,0.0,STARLINK-34068,0,N/A,N/A,0.0,0.05484791086921963,False,0.0,0.0,0.0,87.97208789997117,0.10996510987496397,Insufficient Energy for CPU,N/A,N/A,N/A
1506,CPU_and_Data_Intensive,Rejected,152.0609077202476,N/A,N/A,N/A,0.45625762450625085,0.0,0.0,0.0,STARLINK-34068,0,N/A,N/A,0.0,1.6214556239333093,False,0.0,0.0,0.0,87.97208789997117,0.10996510987496397,Insufficient Energy for CPU+NET,N/A,N/A,N/A
1508,CPU_Intensive,Rejected,152.20215433560378,N/A,N/A,N/A,0.7152541455271708,0.0,0.0,0.0,STARLINK-34068,0,N/A,N/A,0.0,0.07646006854146374,False,0.0,0.0,0.0,87.97208789997117,0.10996510987496397,Insufficient Energy for CPU,N/A,N/A,N/A
1509,CPU_and_Data_Intensive,Rejected,152.25800640486716,N/A,N/A,N/A,0.6232156016928577,0.0,0.0,0.0,STARLINK-34068,0,N/A,N/A,0.0,1.0688793616159198,False,0.0,0.0,0.0,87.97208789997117,0.10996510987496397,Insufficient Energy for CPU+NET,N/A,N/A,N/A
1511,CPU_Intensive,Rejected,152.4060040949741,N/A,N/A,N/A,0.33602675755423794,0.0,0.0,0.0,STARLINK-34068,0,N/A,N/A,0.0,0.08167029117715102,False,0.0,0.0,0.0,87.97208789997117,0.10996510987496397,Insufficient Energy for CPU,N/A,N/A,N/A
1515,CPU_and_Data_Intensive,Rejected,152.77625288089268,N/A,N/A,N/A,0.7509296537086796,0.0,0.0,0.0,STARLINK-34068,0,N/A,N/A,0.0,1.3500731608549486,False,0.0,0.0,0.0,87.97208789997117,0.10996510987496397,Insufficient Energy for CPU+NET,N/A,N/A,N/A
1516,CPU_Intensive,Rejected,153.20181441251776,N/A,N/A,N/A,0.39168954285294216,0.0,0.0,0.0,STARLINK-34068,0,N/A,N/A,0.0,0.0663263460704754,False,0.0,0.0,0.0,87.97208789997117,0.10996510987496397,Insufficient Energy for CPU,N/A,N/A,N/A
1518,CPU_Intensive,Rejected,153.4106398918544,N/A,N/A,N/A,0.5071840518152247,0.0,0.0,0.0,STARLINK-34068,0,N/A,N/A,0.0,0.02591272935755027,False,0.0,0.0,0.0,87.97208789997117,0.10996510987496397,Insufficient Energy for CPU,N/A,N/A,N/A
1520,CPU_and_Data_Intensive,Rejected,153.52129287055965,N/A,N/A,N/A,0.54973857169233,0.0,0.0,0.0,STARLINK-34068,0,N/A,N/A,0.0,15.290476538514753,False,0.0,0.0,0.0,87.97208789997117,0.10996510987496397,Insufficient Energy for CPU+NET,N/A,N/A,N/A
1522,CPU_Intensive,Rejected,153.9794227537216,N/A,N/A,N/A,1.2061797533224987,0.0,0.0,0.0,STARLINK-34068,0,N/A,N/A,0.0,0.06393196147735065,False,0.0,0.0,0.0,87.97208789997117,0.10996510987496397,Insufficient Energy for CPU,N/A,N/A,N/A
1526,CPU_Intensive,Rejected,154.85766218338438,N/A,N/A,N/A,0.729781979595458,0.0,0.0,0.0,STARLINK-34068,0,N/A,N/A,0.0,0.02812352580443779,False,0.0,0.0,0.0,87.97208789997117,0.10996510987496397,Insufficient Energy for CPU,N/A,N/A,N/A
1528,CPU_Intensive,Rejected,154.9392354231649,N/A,N/A,N/A,0.31653021480221366,0.0,0.0,0.0,STARLINK-34068,0,N/A,N/A,0.0,0.014301491895104912,False,0.0,0.0,0.0,87.97208789997117,0.10996510987496397,Insufficient Energy for CPU,N/A,N/A,N/A
1530,CPU_Intensive,Rejected,155.06580802099893,N/A,N/A,N/A,0.9714930498732196,0.0,0.0,0.0,STARLINK-34068,0,N/A,N/A,0.0,0.01813851777303931,False,0.0,0.0,0.0,87.97208789997117,0.10996510987496397,Insufficient Energy for CPU,N/A,N/A,N/A
1536,CPU_and_Data_Intensive,Rejected,155.3733992764535,N/A,N/A,N/A,1.5103838010855055,0.0,0.0,0.0,STARLINK-34068,0,N/A,N/A,0.0,1.2298391100673873,False,0.0,0.0,0.0,87.97208789997117,0.10996510987496397,Insufficient Energy for CPU+NET,N/A,N/A,N/A
1537,CPU_and_Data_Intensive,Rejected,155.3849025959403,N/A,N/A,N/A,1.163342261556364,0.0,0.0,0.0,STARLINK-34068,0,N/A,N/A,0.0,1.2578633821947733,False,0.0,0.0,0.0,87.97208789997117,0.10996510987496397,Insufficient Energy for CPU+NET,N/A,N/A,N/A
1538,CPU_and_Data_Intensive,Rejected,155.4792690573516,N/A,N/A,N/A,0.6221358803580039,0.0,0.0,0.0,STARLINK-34068,0,N/A,N/A,0.0,18.70036115376747,False,0.0,0.0,0.0,87.97208789997117,0.10996510987496397,Insufficient Energy for CPU+NET,N/A,N/A,N/A
1540,CPU_and_Data_Intensive,Rejected,155.63476612910807,N/A,N/A,N/A,1.1055310550279824,0.0,0.0,0.0,STARLINK-34068,0,N/A,N/A,0.0,13.965550319997135,False,0.0,0.0,0.0,87.97208789997117,0.10996510987496397,Insufficient Energy for CPU+NET,N/A,N/A,N/A
1543,CPU_Intensive,Rejected,155.86517781961484,N/A,N/A,N/A,0.3565230796871043,0.0,0.0,0.0,STARLINK-34068,0,N/A,N/A,0.0,0.02237348343464851,False,0.0,0.0,0.0,87.97208789997117,0.10996510987496397,Insufficient Energy for CPU,N/A,N/A,N/A
1544,CPU_and_Data_Intensive,Rejected,155.89000937023195,N/A,N/A,N/A,0.9709434767830702,0.0,0.0,0.0,STARLINK-34068,0,N/A,N/A,0.0,14.90937433400343,False,0.0,0.0,0.0,87.97208789997117,0.10996510987496397,Insufficient Energy for CPU+NET,N/A,N/A,N/A
1546,CPU_Intensive,Rejected,155.99285704836586,N/A,N/A,N/A,0.49360884783069725,0.0,0.0,0.0,STARLINK-34068,0,N/A,N/A,0.0,0.011836834358688363,False,0.0,0.0,0.0,87.97208789997117,0.10996510987496397,Insufficient Energy for CPU,N/A,N/A,N/A
1552,CPU_Intensive,Rejected,156.16991132464796,N/A,N/A,N/A,1.5081410712507555,0.0,0.0,0.0,STARLINK-34068,0,N/A,N/A,0.0,0.013626305091955521,False,0.0,0.0,0.0,87.97208789997117,0.10996510987496397,Insufficient Energy for CPU,N/A,N/A,N/A
1556,CPU_and_Data_Intensive,Rejected,157.291173069747,N/A,N/A,N/A,0.7539892937326725,0.0,0.0,0.0,STARLINK-34068,0,N/A,N/A,0.0,12.3601718962721,False,0.0,0.0,0.0,87.97208789997117,0.10996510987496397,Insufficient Energy for CPU+NET,N/A,N/A,N/A
1561,CPU_and_Data_Intensive,Rejected,157.6719954529085,N/A,N/A,N/A,0.42943324834340846,0.0,0.0,0.0,STARLINK-34068,0,N/A,N/A,0.0,5.910177026320545,False,0.0,0.0,0.0,87.97208789997117,0.10996510987496397,Insufficient Energy for CPU+NET,N/A,N/A,N/A
1563,CPU_and_Data_Intensive,Rejected,157.92332600063096,N/A,N/A,N/A,1.0156891676508168,0.0,0.0,0.0,STARLINK-34068,0,N/A,N/A,0.0,2.0463531166314337,False,0.0,0.0,0.0,87.97208789997117,0.10996510987496397,Insufficient Energy for CPU+NET,N/A,N/A,N/A
1565,CPU_and_Data_Intensive,Rejected,158.06978252754314,N/A,N/A,N/A,0.44873758853569085,0.0,0.0,0.0,STARLINK-34068,0,N/A,N/A,0.0,1.8109147784123787,False,0.0,0.0,0.0,87.97208789997117,0.10996510987496397,Insufficient Energy for CPU+NET,N/A,N/A,N/A
1566,CPU_Intensive,Rejected,158.3548121158252,N/A,N/A,N/A,0.3388539649201846,0.0,0.0,0.0,STARLINK-34068,0,N/A,N/A,0.0,0.07153820001864131,False,0.0,0.0,0.0,87.97208789997117,0.10996510987496397,Insufficient Energy for CPU,N/A,N/A,N/A
1570,CPU_Intensive,Rejected,159.01555255379864,N/A,N/A,N/A,0.5174813380217801,0.0,0.0,0.0,STARLINK-34068,0,N/A,N/A,0.0,0.01232413927167347,False,0.0,0.0,0.0,87.97208789997117,0.10996510987496397,Insufficient Energy for CPU,N/A,N/A,N/A
1574,CPU_and_Data_Intensive,Rejected,159.3531676588912,N/A,N/A,N/A,0.8143042856257742,0.0,0.0,0.0,STARLINK-34068,0,N/A,N/A,0.0,1.0436654732529516,False,0.0,0.0,0.0,87.97208789997117,0.10996510987496397,Insufficient Energy for CPU+NET,N/A,N/A,N/A
1576,CPU_Intensive,Rejected,159.4202506959734,N/A,N/A,N/A,1.2448011898144495,0.0,0.0,0.0,STARLINK-34068,0,N/A,N/A,0.0,0.02911860345653019,False,0.0,0.0,0.0,87.97208789997117,0.10996510987496397,Insufficient Energy for CPU,N/A,N/A,N/A
1578,CPU_Intensive,Rejected,159.78941341956855,N/A,N/A,N/A,0.7997526371575712,0.0,0.0,0.0,STARLINK-34068,0,N/A,N/A,0.0,0.04047431644013309,False,0.0,0.0,0.0,87.97208789997117,0.10996510987496397,Insufficient Energy for CPU,N/A,N/A,N/A
1579,CPU_and_Data_Intensive,Rejected,159.8645246216163,N/A,N/A,N/A,1.962601357235324,0.0,0.0,0.0,STARLINK-34068,0,N/A,N/A,0.0,1.094654466683973,False,0.0,0.0,0.0,87.97208789997117,0.10996510987496397,Insufficient Energy for CPU+NET,N/A,N/A,N/A
1580,CPU_Intensive,Rejected,159.89531962831356,N/A,N/A,N/A,1.1491288931665118,0.0,0.0,0.0,STARLINK-34068,0,N/A,N/A,0.0,0.014007905013647858,False,0.0,0.0,0.0,87.97208789997117,0.10996510987496397,Insufficient Energy for CPU,N/A,N/A,N/A
1581,CPU_Intensive,Rejected,159.90900530875945,N/A,N/A,N/A,1.622481222002316,0.0,0.0,0.0,STARLINK-34068,0,N/A,N/A,0.0,0.014163839491810788,False,0.0,0.0,0.0,87.97208789997117,0.10996510987496397,Insufficient Energy for CPU,N/A,N/A,N/A
1589,CPU_and_Data_Intensive,Rejected,160.85384088030847,N/A,N/A,N/A,1.3468377898567472,0.0,0.0,0.0,STARLINK-34068,0,N/A,N/A,0.0,189.69164067895426,False,0.0,0.0,0.0,87.97208789997117,0.10996510987496397,Insufficient Energy for CPU+NET,N/A,N/A,N/A
1591,CPU_Intensive,Rejected,160.9411582235306,N/A,N/A,N/A,0.381624112425414,0.0,0.0,0.0,STARLINK-34068,0,N/A,N/A,0.0,0.07041802194487992,False,0.0,0.0,0.0,87.97208789997117,0.10996510987496397,Insufficient Energy for CPU,N/A,N/A,N/A
1592,CPU_and_Data_Intensive,Rejected,161.0249060544847,N/A,N/A,N/A,0.7750081135368085,0.0,0.0,0.0,STARLINK-34068,0,N/A,N/A,0.0,5.24060394783273,False,0.0,0.0,0.0,87.97208789997117,0.10996510987496397,Insufficient Energy for CPU+NET,N/A,N/A,N/A
1595,CPU_and_Data_Intensive,Rejected,161.43127949550646,N/A,N/A,N/A,0.3172524830758296,0.0,0.0,0.0,STARLINK-34068,0,N/A,N/A,0.0,1.0640525615631753,False,0.0,0.0,0.0,87.97208789997117,0.10996510987496397,Insufficient Energy for CPU+NET,N/A,N/A,N/A
1597,CPU_and_Data_Intensive,Rejected,161.54322829007376,N/A,N/A,N/A,2.258194208076517,0.0,0.0,0.0,STARLINK-34068,0,N/A,N/A,0.0,219.28566782571056,False,0.0,0.0,0.0,87.97208789997117,0.10996510987496397,Insufficient Energy for CPU+NET,N/A,N/A,N/A
1599,CPU_and_Data_Intensive,Rejected,161.92983748371807,N/A,N/A,N/A,1.524445873084033,0.0,0.0,0.0,STARLINK-34068,0,N/A,N/A,0.0,6.687451016871686,False,0.0,0.0,0.0,87.97208789997117,0.10996510987496397,Insufficient Energy for CPU+NET,N/A,N/A,N/A
1601,CPU_and_Data_Intensive,Rejected,162.05439888539638,N/A,N/A,N/A,1.0760812106120115,0.0,0.0,0.0,STARLINK-34068,0,N/A,N/A,0.0,1.9863543786884208,False,0.0,0.0,0.0,87.97208789997117,0.10996510987496397,Insufficient Energy for CPU+NET,N/A,N/A,N/A
1602,CPU_Intensive,Rejected,162.17486046443668,N/A,N/A,N/A,0.39125127762218587,0.0,0.0,0.0,STARLINK-34068,0,N/A,N/A,0.0,0.04486461869504262,False,0.0,0.0,0.0,87.97208789997117,0.10996510987496397,Insufficient Energy for CPU,N/A,N/A,N/A
1603,CPU_Intensive,Rejected,162.18504033402473,N/A,N/A,N/A,2.038794417479161,0.0,0.0,0.0,STARLINK-34068,0,N/A,N/A,0.0,0.018092082924063748,False,0.0,0.0,0.0,87.97208789997117,0.10996510987496397,Insufficient Energy for CPU,N/A,N/A,N/A
1605,CPU_Intensive,Rejected,162.55802494181722,N/A,N/A,N/A,0.6060222233223533,0.0,0.0,0.0,STARLINK-34068,0,N/A,N/A,0.0,0.056351685021900716,False,0.0,0.0,0.0,87.97208789997117,0.10996510987496397,Insufficient Energy for CPU,N/A,N/A,N/A
1606,CPU_Intensive,Rejected,162.61404505316872,N/A,N/A,N/A,0.5251063014649111,0.0,0.0,0.0,STARLINK-34068,0,N/A,N/A,0.0,0.012885033773480669,False,0.0,0.0,0.0,87.97208789997117,0.10996510987496397,Insufficient Energy for CPU,N/A,N/A,N/A
1610,CPU_and_Data_Intensive,Rejected,163.16830372329042,N/A,N/A,N/A,0.8985427931906816,0.0,0.0,0.0,STARLINK-34068,0,N/A,N/A,0.0,1.2709581542962125,False,0.0,0.0,0.0,87.97208789997117,0.10996510987496397,Insufficient Energy for CPU+NET,N/A,N/A,N/A
1613,CPU_Intensive,Rejected,163.31056913078186,N/A,N/A,N/A,0.5129976578243505,0.0,0.0,0.0,STARLINK-34068,0,N/A,N/A,0.0,0.017545233214276656,False,0.0,0.0,0.0,87.97208789997117,0.10996510987496397,Insufficient Energy for CPU,N/A,N/A,N/A
1614,CPU_and_Data_Intensive,Rejected,163.36358366846235,N/A,N/A,N/A,1.3557807778294333,0.0,0.0,0.0,STARLINK-34068,0,N/A,N/A,0.0,0.5019428572807788,False,0.0,0.0,0.0,87.97208789997117,0.10996510987496397,Insufficient Energy for CPU+NET,N/A,N/A,N/A
1615,CPU_Intensive,Rejected,163.56864508119205,N/A,N/A,N/A,0.9149822659207755,0.0,0.0,0.0,STARLINK-34068,0,N/A,N/A,0.0,0.048641406190005385,False,0.0,0.0,0.0,87.97208789997117,0.10996510987496397,Insufficient Energy for CPU,N/A,N/A,N/A
1616,CPU_and_Data_Intensive,Rejected,163.60300620413796,N/A,N/A,N/A,0.3491244472594817,0.0,0.0,0.0,STARLINK-34068,0,N/A,N/A,0.0,16.496212659510697,False,0.0,0.0,0.0,87.97208789997117,0.10996510987496397,Insufficient Energy for CPU+NET,N/A,N/A,N/A
1619,CPU_and_Data_Intensive,Rejected,163.98287225714947,N/A,N/A,N/A,0.3334412171404573,0.0,0.0,0.0,STARLINK-34068,0,N/A,N/A,0.0,20.791703880654918,False,0.0,0.0,0.0,87.97208789997117,0.10996510987496397,Insufficient Energy for CPU+NET,N/A,N/A,N/A
1624,CPU_Intensive,Rejected,164.5954315336769,N/A,N/A,N/A,0.7271801648069216,0.0,0.0,0.0,STARLINK-34068,0,N/A,N/A,0.0,0.06807356624233432,False,0.0,0.0,0.0,87.97208789997117,0.10996510987496397,Insufficient Energy for CPU,N/A,N/A,N/A
1628,CPU_Intensive,Rejected,164.70078914621553,N/A,N/A,N/A,0.333506825278317,0.0,0.0,0.0,STARLINK-34068,0,N/A,N/A,0.0,0.013204716535531558,False,0.0,0.0,0.0,87.97208789997117,0.10996510987496397,Insufficient Energy for CPU,N/A,N/A,N/A
1631,CPU_Intensive,Rejected,165.26972784690173,N/A,N/A,N/A,0.4350453168414945,0.0,0.0,0.0,STARLINK-34068,0,N/A,N/A,0.0,0.04768651434890152,False,0.0,0.0,0.0,87.97208789997117,0.10996510987496397,Insufficient Energy for CPU,N/A,N/A,N/A
1638,CPU_Intensive,Rejected,165.92791503462385,N/A,N/A,N/A,1.2576675273102726,0.0,0.0,0.0,STARLINK-34068,0,N/A,N/A,0.0,0.021527996097942717,False,0.0,0.0,0.0,87.97208789997117,0.10996510987496397,Insufficient Energy for CPU,N/A,N/A,N/A
1641,CPU_and_Data_Intensive,Rejected,166.20647736800413,N/A,N/A,N/A,0.5604135299799646,0.0,0.0,0.0,STARLINK-34068,0,N/A,N/A,0.0,0.1737707458139056,False,0.0,0.0,0.0,87.97208789997117,0.10996510987496397,Insufficient Energy for CPU+NET,N/A,N/A,N/A
1649,CPU_Intensive,Rejected,166.92255645974114,N/A,N/A,N/A,0.7384587615230056,0.0,0.0,0.0,STARLINK-34068,0,N/A,N/A,0.0,0.05116373481577795,False,0.0,0.0,0.0,87.97208789997117,0.10996510987496397,Insufficient Energy for CPU,N/A,N/A,N/A
1650,CPU_Intensive,Rejected,167.0492128002508,N/A,N/A,N/A,0.3186655167490697,0.0,0.0,0.0,STARLINK-34068,0,N/A,N/A,0.0,0.02286595982704838,False,0.0,0.0,0.0,87.97208789997117,0.10996510987496397,Insufficient Energy for CPU,N/A,N/A,N/A
1651,CPU_Intensive,Rejected,167.16859473151555,N/A,N/A,N/A,0.3238836233337163,0.0,0.0,0.0,STARLINK-34068,0,N/A,N/A,0.0,0.02501552192117489,False,0.0,0.0,0.0,87.97208789997117,0.10996510987496397,Insufficient Energy for CPU,N/A,N/A,N/A
1653,CPU_and_Data_Intensive,Rejected,167.29090072443304,N/A,N/A,N/A,1.1399647141945657,0.0,0.0,0.0,STARLINK-34068,0,N/A,N/A,0.0,23.2386260875304,False,0.0,0.0,0.0,87.97208789997117,0.10996510987496397,Insufficient Energy for CPU+NET,N/A,N/A,N/A
1656,CPU_and_Data_Intensive,Rejected,167.59382149398678,N/A,N/A,N/A,0.7167854418121802,0.0,0.0,0.0,STARLINK-34068,0,N/A,N/A,0.0,10.077069190889755,False,0.0,0.0,0.0,87.97208789997117,0.10996510987496397,Insufficient Energy for CPU+NET,N/A,N/A,N/A
1660,CPU_Intensive,Rejected,168.14945028785354,N/A,N/A,N/A,0.8434785510706249,0.0,0.0,0.0,STARLINK-34068,0,N/A,N/A,0.0,0.05450377781756361,False,0.0,0.0,0.0,87.97208789997117,0.10996510987496397,Insufficient Energy for CPU,N/A,N/A,N/A
1661,CPU_and_Data_Intensive,Rejected,168.22392370261113,N/A,N/A,N/A,1.3373656622418941,0.0,0.0,0.0,STARLINK-34068,0,N/A,N/A,0.0,244.83707647831216,False,0.0,0.0,0.0,87.97208789997117,0.10996510987496397,Insufficient Energy for CPU+NET,N/A,N/A,N/A
1667,CPU_and_Data_Intensive,Rejected,169.2790548302413,N/A,N/A,N/A,0.32201793988179606,0.0,0.0,0.0,STARLINK-34068,0,N/A,N/A,0.0,1.778920702660335,False,0.0,0.0,0.0,87.97208789997117,0.10996510987496397,Insufficient Energy for CPU+NET,N/A,N/A,N/A
1668,CPU_and_Data_Intensive,Rejected,169.29325441014322,N/A,N/A,N/A,1.1085679534264017,0.0,0.0,0.0,STARLINK-34068,0,N/A,N/A,0.0,17.71478673911373,False,0.0,0.0,0.0,87.97208789997117,0.10996510987496397,Insufficient Energy for CPU+NET,N/A,N/A,N/A
1669,CPU_and_Data_Intensive,Rejected,169.37861556619237,N/A,N/A,N/A,0.5596366216396176,0.0,0.0,0.0,STARLINK-34068,0,N/A,N/A,0.0,1.2871400094605225,False,0.0,0.0,0.0,87.97208789997117,0.10996510987496397,Insufficient Energy for CPU+NET,N/A,N/A,N/A
1670,CPU_Intensive,Rejected,169.51745610798778,N/A,N/A,N/A,1.2675744901678103,0.0,0.0,0.0,STARLINK-34068,0,N/A,N/A,0.0,0.020506953645917394,False,0.0,0.0,0.0,87.97208789997117,0.10996510987496397,Insufficient Energy for CPU,N/A,N/A,N/A
1672,CPU_Intensive,Rejected,169.65031804901463,N/A,N/A,N/A,1.821380509746764,0.0,0.0,0.0,STARLINK-34068,0,N/A,N/A,0.0,0.060582149279116246,False,0.0,0.0,0.0,87.97208789997117,0.10996510987496397,Insufficient Energy for CPU,N/A,N/A,N/A
1674,CPU_Intensive,Rejected,169.68129456339113,N/A,N/A,N/A,0.5662780026082592,0.0,0.0,0.0,STARLINK-34068,0,N/A,N/A,0.0,0.057306129791738075,False,0.0,0.0,0.0,87.97208789997117,0.10996510987496397,Insufficient Energy for CPU,N/A,N/A,N/A
1673,CPU_and_Data_Intensive,Rejected,169.6771294635222,N/A,N/A,N/A,0.39978283198267694,0.0,0.0,0.0,STARLINK-34068,0,N/A,N/A,0.0,21.318802649928877,False,0.0,0.0,0.0,87.97208789997117,0.10996510987496397,Insufficient Energy for CPU+NET,N/A,N/A,N/A
1675,CPU_Intensive,Rejected,169.75049895697973,N/A,N/A,N/A,0.32121018333306306,0.0,0.0,0.0,STARLINK-34068,0,N/A,N/A,0.0,0.055684455363553625,False,0.0,0.0,0.0,87.97208789997117,0.10996510987496397,Insufficient Energy for CPU,N/A,N/A,N/A
1678,CPU_and_Data_Intensive,Rejected,169.92208223575318,N/A,N/A,N/A,0.47457278588414165,0.0,0.0,0.0,STARLINK-34068,0,N/A,N/A,0.0,0.5687883713837749,False,0.0,0.0,0.0,87.97208789997117,0.10996510987496397,Insufficient Energy for CPU+NET,N/A,N/A,N/A
1680,CPU_and_Data_Intensive,Rejected,170.0175037343247,N/A,N/A,N/A,0.3928940535789362,0.0,0.0,0.0,STARLINK-34068,0,N/A,N/A,0.0,5.769906724479818,False,0.0,0.0,0.0,87.97208789997117,0.10996510987496397,Insufficient Energy for CPU+NET,N/A,N/A,N/A
1685,CPU_and_Data_Intensive,Rejected,170.39797351321445,N/A,N/A,N/A,0.4550094803718001,0.0,0.0,0.0,STARLINK-34068,0,N/A,N/A,0.0,0.16289202676893724,False,0.0,0.0,0.0,87.97208789997117,0.10996510987496397,Insufficient Energy for CPU+NET,N/A,N/A,N/A
1690,CPU_and_Data_Intensive,Rejected,170.98234280034208,N/A,N/A,N/A,1.3145528889218572,0.0,0.0,0.0,STARLINK-34068,0,N/A,N/A,0.0,185.5514242789535,False,0.0,0.0,0.0,87.97208789997117,0.10996510987496397,Insufficient Energy for CPU+NET,N/A,N/A,N/A
1693,CPU_Intensive,Rejected,171.6848373746599,N/A,N/A,N/A,0.33838844878234653,0.0,0.0,0.0,STARLINK-34068,0,N/A,N/A,0.0,0.06229164350975349,False,0.0,0.0,0.0,87.97208789997117,0.10996510987496397,Insufficient Energy for CPU,N/A,N/A,N/A
1699,CPU_Intensive,Rejected,172.3566466168608,N/A,N/A,N/A,1.6929435669989414,0.0,0.0,0.0,STARLINK-34068,0,N/A,N/A,0.0,0.08094719622542171,False,0.0,0.0,0.0,87.97208789997117,0.10996510987496397,Insufficient Energy for CPU,N/A,N/A,N/A
1702,CPU_and_Data_Intensive,Rejected,172.7325059698994,N/A,N/A,N/A,0.8044456187152834,0.0,0.0,0.0,STARLINK-34068,0,N/A,N/A,0.0,6.313273202999304,False,0.0,0.0,0.0,87.97208789997117,0.10996510987496397,Insufficient Energy for CPU+NET,N/A,N/A,N/A
1707,CPU_and_Data_Intensive,Rejected,172.99487418247386,N/A,N/A,N/A,0.7580987883051089,0.0,0.0,0.0,STARLINK-34068,0,N/A,N/A,0.0,22.45740355147441,False,0.0,0.0,0.0,87.97208789997117,0.10996510987496397,Insufficient Energy for CPU+NET,N/A,N/A,N/A
1710,CPU_and_Data_Intensive,Rejected,173.28123016717964,N/A,N/A,N/A,0.30166651669577244,0.0,0.0,0.0,STARLINK-34068,0,N/A,N/A,0.0,21.03932619394652,False,0.0,0.0,0.0,87.97208789997117,0.10996510987496397,Insufficient Energy for CPU+NET,N/A,N/A,N/A
1716,CPU_and_Data_Intensive,Rejected,173.8371738715063,N/A,N/A,N/A,0.5907512655310907,0.0,0.0,0.0,STARLINK-34068,0,N/A,N/A,0.0,1.1626811893514624,False,0.0,0.0,0.0,87.97208789997117,0.10996510987496397,Insufficient Energy for CPU+NET,N/A,N/A,N/A
1721,CPU_and_Data_Intensive,Rejected,174.44899149889147,N/A,N/A,N/A,1.0420330073565038,0.0,0.0,0.0,STARLINK-34068,0,N/A,N/A,0.0,23.345426786704614,False,0.0,0.0,0.0,87.97208789997117,0.10996510987496397,Insufficient Energy for CPU+NET,N/A,N/A,N/A
1729,CPU_Intensive,Rejected,175.10313834081526,N/A,N/A,N/A,0.6088520716969634,0.0,0.0,0.0,STARLINK-34068,0,N/A,N/A,0.0,0.010933444348766537,False,0.0,0.0,0.0,87.97208789997117,0.10996510987496397,Insufficient Energy for CPU,N/A,N/A,N/A
1736,CPU_Intensive,Rejected,176.00225115921796,N/A,N/A,N/A,1.1717220525583791,0.0,0.0,0.0,STARLINK-34068,0,N/A,N/A,0.0,0.08293129344225143,False,0.0,0.0,0.0,87.97208789997117,0.10996510987496397,Insufficient Energy for CPU,N/A,N/A,N/A
1737,CPU_Intensive,Rejected,176.01659254906372,N/A,N/A,N/A,0.3530538271009478,0.0,0.0,0.0,STARLINK-34068,0,N/A,N/A,0.0,0.013916585348825384,False,0.0,0.0,0.0,87.97208789997117,0.10996510987496397,Insufficient Energy for CPU,N/A,N/A,N/A
1738,CPU_and_Data_Intensive,Rejected,176.34884586876285,N/A,N/A,N/A,0.9645464594220537,0.0,0.0,0.0,STARLINK-34068,0,N/A,N/A,0.0,0.04838796486926758,False,0.0,0.0,0.0,87.97208789997117,0.10996510987496397,Insufficient Energy for CPU+NET,N/A,N/A,N/A
1739,CPU_and_Data_Intensive,Rejected,176.359935422073,N/A,N/A,N/A,0.6845762607825614,0.0,0.0,0.0,STARLINK-34068,0,N/A,N/A,0.0,0.48377569941045945,False,0.0,0.0,0.0,87.97208789997117,0.10996510987496397,Insufficient Energy for CPU+NET,N/A,N/A,N/A
1740,CPU_and_Data_Intensive,Rejected,176.37072423657392,N/A,N/A,N/A,0.3800292428632248,0.0,0.0,0.0,STARLINK-34068,0,N/A,N/A,0.0,5.125253122458349,False,0.0,0.0,0.0,87.97208789997117,0.10996510987496397,Insufficient Energy for CPU+NET,N/A,N/A,N/A
1742,CPU_and_Data_Intensive,Rejected,176.71709857520324,N/A,N/A,N/A,1.4196558492731877,0.0,0.0,0.0,STARLINK-34068,0,N/A,N/A,0.0,11.596629658754328,False,0.0,0.0,0.0,87.97208789997117,0.10996510987496397,Insufficient Energy for CPU+NET,N/A,N/A,N/A
1751,CPU_Intensive,Rejected,177.55429764647715,N/A,N/A,N/A,1.2071763889866876,0.0,0.0,0.0,STARLINK-34068,0,N/A,N/A,0.0,0.03827361056617505,False,0.0,0.0,0.0,87.97208789997117,0.10996510987496397,Insufficient Energy for CPU,N/A,N/A,N/A
1756,CPU_and_Data_Intensive,Rejected,178.011962853414,N/A,N/A,N/A,0.4852278990967957,0.0,0.0,0.0,STARLINK-34068,0,N/A,N/A,0.0,2.017121981592396,False,0.0,0.0,0.0,87.97208789997117,0.10996510987496397,Insufficient Energy for CPU+NET,N/A,N/A,N/A
1758,CPU_Intensive,Rejected,178.19614158875228,N/A,N/A,N/A,0.31167830827183546,0.0,0.0,0.0,STARLINK-34068,0,N/A,N/A,0.0,0.013482286783759968,False,0.0,0.0,0.0,87.97208789997117,0.10996510987496397,Insufficient Energy for CPU,N/A,N/A,N/A
1759,CPU_Intensive,Rejected,178.47074630931715,N/A,N/A,N/A,0.36877711003868535,0.0,0.0,0.0,STARLINK-34068,0,N/A,N/A,0.0,0.035466485381214614,False,0.0,0.0,0.0,87.97208789997117,0.10996510987496397,Insufficient Energy for CPU,N/A,N/A,N/A
1760,CPU_Intensive,Rejected,178.64133094703516,N/A,N/A,N/A,0.781494169380427,0.0,0.0,0.0,STARLINK-34068,0,N/A,N/A,0.0,0.012281863770403778,False,0.0,0.0,0.0,87.97208789997117,0.10996510987496397,Insufficient Energy for CPU,N/A,N/A,N/A
1761,CPU_and_Data_Intensive,Rejected,178.70192682878212,N/A,N/A,N/A,1.1562794241465177,0.0,0.0,0.0,STARLINK-34068,0,N/A,N/A,0.0,21.986003839944903,False,0.0,0.0,0.0,87.97208789997117,0.10996510987496397,Insufficient Energy for CPU+NET,N/A,N/A,N/A
1770,CPU_Intensive,Rejected,179.63686817236913,N/A,N/A,N/A,0.6873581151368862,0.0,0.0,0.0,STARLINK-34068,0,N/A,N/A,0.0,0.01629617477247434,False,0.0,0.0,0.0,87.97208789997117,0.10996510987496397,Insufficient Energy for CPU,N/A,N/A,N/A
1772,CPU_and_Data_Intensive,Rejected,179.74998976241125,N/A,N/A,N/A,0.4545434603110131,0.0,0.0,0.0,STARLINK-34068,0,N/A,N/A,0.0,6.157164985853376,False,0.0,0.0,0.0,87.97208789997117,0.10996510987496397,Insufficient Energy for CPU+NET,N/A,N/A,N/A
1773,CPU_Intensive,Rejected,179.91519539028644,N/A,N/A,N/A,0.7046815901320577,0.0,0.0,0.0,STARLINK-34068,0,N/A,N/A,0.0,0.03302036231944077,False,0.0,0.0,0.0,87.97208789997117,0.10996510987496397,Insufficient Energy for CPU,N/A,N/A,N/A
1775,CPU_Intensive,Rejected,179.97918254101563,N/A,N/A,N/A,0.35306176321283217,0.0,0.0,0.0,STARLINK-34068,0,N/A,N/A,0.0,0.03687182600567434,False,0.0,0.0,0.0,87.97208789997117,0.10996510987496397,Insufficient Energy for CPU,N/A,N/A,N/A
1777,CPU_and_Data_Intensive,Rejected,180.4256618290724,N/A,N/A,N/A,1.596864452117527,0.0,0.0,0.0,STARLINK-34068,0,N/A,N/A,0.0,1.498200285110398,False,0.0,0.0,0.0,87.97208789997117,0.10996510987496397,Insufficient Energy for CPU+NET,N/A,N/A,N/A
1779,CPU_Intensive,Rejected,180.70360045274964,N/A,N/A,N/A,0.8512934971945687,0.0,0.0,0.0,STARLINK-34068,0,N/A,N/A,0.0,0.032574524697622044,False,0.0,0.0,0.0,87.97208789997117,0.10996510987496397,Insufficient Energy for CPU,N/A,N/A,N/A
1786,CPU_Intensive,Rejected,181.61730461645655,N/A,N/A,N/A,0.5701350138151056,0.0,0.0,0.0,STARLINK-34068,0,N/A,N/A,0.0,0.07762182938057963,False,0.0,0.0,0.0,87.97208789997117,0.10996510987496397,Insufficient Energy for CPU,N/A,N/A,N/A
1787,CPU_Intensive,Rejected,181.64845833802974,N/A,N/A,N/A,0.3042833062041289,0.0,0.0,0.0,STARLINK-34068,0,N/A,N/A,0.0,0.0633125242447259,False,0.0,0.0,0.0,87.97208789997117,0.10996510987496397,Insufficient Energy for CPU,N/A,N/A,N/A
1789,CPU_Intensive,Rejected,181.83614563288157,N/A,N/A,N/A,1.0760267208928356,0.0,0.0,0.0,STARLINK-34068,0,N/A,N/A,0.0,0.02001138643506839,False,0.0,0.0,0.0,87.97208789997117,0.10996510987496397,Insufficient Energy for CPU,N/A,N/A,N/A
1795,CPU_and_Data_Intensive,Rejected,182.82720077005598,N/A,N/A,N/A,0.3249394946740026,0.0,0.0,0.0,STARLINK-34068,0,N/A,N/A,0.0,1.4530799683024471,False,0.0,0.0,0.0,87.97208789997117,0.10996510987496397,Insufficient Energy for CPU+NET,N/A,N/A,N/A
1802,CPU_Intensive,Rejected,183.39290950719842,N/A,N/A,N/A,0.6269781444100943,0.0,0.0,0.0,STARLINK-34068,0,N/A,N/A,0.0,0.0420060766802904,False,0.0,0.0,0.0,87.97208789997117,0.10996510987496397,Insufficient Energy for CPU,N/A,N/A,N/A
1804,CPU_Intensive,Rejected,183.6894743850888,N/A,N/A,N/A,0.61742301524453,0.0,0.0,0.0,STARLINK-34068,0,N/A,N/A,0.0,0.02446793073225354,False,0.0,0.0,0.0,87.97208789997117,0.10996510987496397,Insufficient Energy for CPU,N/A,N/A,N/A
1805,CPU_Intensive,Rejected,183.72099191235472,N/A,N/A,N/A,1.568822032013459,0.0,0.0,0.0,STARLINK-34068,0,N/A,N/A,0.0,0.06434008458078465,False,0.0,0.0,0.0,87.97208789997117,0.10996510987496397,Insufficient Energy for CPU,N/A,N/A,N/A
1810,CPU_Intensive,Rejected,184.53188888654765,N/A,N/A,N/A,0.5177847569833546,0.0,0.0,0.0,STARLINK-34068,0,N/A,N/A,0.0,0.04238051876899059,False,0.0,0.0,0.0,87.97208789997117,0.10996510987496397,Insufficient Energy for CPU,N/A,N/A,N/A
1811,CPU_Intensive,Rejected,184.64833084707664,N/A,N/A,N/A,0.7887875136793934,0.0,0.0,0.0,STARLINK-34068,0,N/A,N/A,0.0,0.03781945484658047,False,0.0,0.0,0.0,87.97208789997117,0.10996510987496397,Insufficient Energy for CPU,N/A,N/A,N/A
1816,CPU_and_Data_Intensive,Rejected,184.79615308344412,N/A,N/A,N/A,1.6033735533220845,0.0,0.0,0.0,STARLINK-34068,0,N/A,N/A,0.0,0.0789702445738883,False,0.0,0.0,0.0,87.97208789997117,0.10996510987496397,Insufficient Energy for CPU+NET,N/A,N/A,N/A
1817,CPU_and_Data_Intensive,Rejected,185.09655149394627,N/A,N/A,N/A,0.6308996539815757,0.0,0.0,0.0,STARLINK-34068,0,N/A,N/A,0.0,1.3155616793129175,False,0.0,0.0,0.0,87.97208789997117,0.10996510987496397,Insufficient Energy for CPU+NET,N/A,N/A,N/A
1819,CPU_and_Data_Intensive,Rejected,185.29446847932962,N/A,N/A,N/A,0.31806352125871756,0.0,0.0,0.0,STARLINK-34068,0,N/A,N/A,0.0,23.644571991033178,False,0.0,0.0,0.0,87.97208789997117,0.10996510987496397,Insufficient Energy for CPU+NET,N/A,N/A,N/A
1823,CPU_and_Data_Intensive,Rejected,186.1883873558253,N/A,N/A,N/A,0.39727980901589915,0.0,0.0,0.0,STARLINK-34068,0,N/A,N/A,0.0,0.600552398508084,False,0.0,0.0,0.0,87.97208789997117,0.10996510987496397,Insufficient Energy for CPU+NET,N/A,N/A,N/A
1824,CPU_Intensive,Rejected,186.302464104274,N/A,N/A,N/A,0.4230789227175209,0.0,0.0,0.0,STARLINK-34068,0,N/A,N/A,0.0,0.07280618957138443,False,0.0,0.0,0.0,87.97208789997117,0.10996510987496397,Insufficient Energy for CPU,N/A,N/A,N/A
1825,CPU_Intensive,Rejected,186.31741704956914,N/A,N/A,N/A,0.8850667504966543,0.0,0.0,0.0,STARLINK-34068,0,N/A,N/A,0.0,0.02628202396395317,False,0.0,0.0,0.0,87.97208789997117,0.10996510987496397,Insufficient Energy for CPU,N/A,N/A,N/A
1831,CPU_and_Data_Intensive,Rejected,187.111853627989,N/A,N/A,N/A,0.3405101545408098,0.0,0.0,0.0,STARLINK-34068,0,N/A,N/A,0.0,0.6850136373347354,False,0.0,0.0,0.0,87.97208789997117,0.10996510987496397,Insufficient Energy for CPU+NET,N/A,N/A,N/A
1834,CPU_and_Data_Intensive,Rejected,187.25542747931385,N/A,N/A,N/A,0.6941678468327744,0.0,0.0,0.0,STARLINK-34068,0,N/A,N/A,0.0,1.3625846690727155,False,0.0,0.0,0.0,87.97208789997117,0.10996510987496397,Insufficient Energy for CPU+NET,N/A,N/A,N/A
1836,CPU_and_Data_Intensive,Rejected,187.3254395110593,N/A,N/A,N/A,0.42690264071877954,0.0,0.0,0.0,STARLINK-34068,0,N/A,N/A,0.0,0.7482989583398092,False,0.0,0.0,0.0,87.97208789997117,0.10996510987496397,Insufficient Energy for CPU+NET,N/A,N/A,N/A
1840,CPU_Intensive,Rejected,187.89571390303783,N/A,N/A,N/A,0.6621198543350268,0.0,0.0,0.0,STARLINK-34068,0,N/A,N/A,0.0,0.047564746124504696,False,0.0,0.0,0.0,87.97208789997117,0.10996510987496397,Insufficient Energy for CPU,N/A,N/A,N/A
1841,CPU_Intensive,Rejected,187.9019976313929,N/A,N/A,N/A,1.0662850672994335,0.0,0.0,0.0,STARLINK-34068,0,N/A,N/A,0.0,0.03383222880386085,False,0.0,0.0,0.0,87.97208789997117,0.10996510987496397,Insufficient Energy for CPU,N/A,N/A,N/A
1842,CPU_Intensive,Rejected,188.19128925561736,N/A,N/A,N/A,0.8951907976861291,0.0,0.0,0.0,STARLINK-34068,0,N/A,N/A,0.0,0.08504558990489074,False,0.0,0.0,0.0,87.97208789997117,0.10996510987496397,Insufficient Energy for CPU,N/A,N/A,N/A
1846,CPU_and_Data_Intensive,Rejected,188.5604459730749,N/A,N/A,N/A,0.5839427198687432,0.0,0.0,0.0,STARLINK-34068,0,N/A,N/A,0.0,1.7095184213238916,False,0.0,0.0,0.0,87.97208789997117,0.10996510987496397,Insufficient Energy for CPU+NET,N/A,N/A,N/A
1847,CPU_and_Data_Intensive,Rejected,188.58124396247956,N/A,N/A,N/A,0.43482859765758114,0.0,0.0,0.0,STARLINK-34068,0,N/A,N/A,0.0,19.260003381526282,False,0.0,0.0,0.0,87.97208789997117,0.10996510987496397,Insufficient Energy for CPU+NET,N/A,N/A,N/A
1849,CPU_Intensive,Rejected,189.00688501821242,N/A,N/A,N/A,0.9578025109536562,0.0,0.0,0.0,STARLINK-34068,0,N/A,N/A,0.0,0.026909139364013825,False,0.0,0.0,0.0,87.97208789997117,0.10996510987496397,Insufficient Energy for CPU,N/A,N/A,N/A
1850,CPU_and_Data_Intensive,Rejected,189.12443759207738,N/A,N/A,N/A,0.5933726131406414,0.0,0.0,0.0,STARLINK-34068,0,N/A,N/A,0.0,7.994667025344832,False,0.0,0.0,0.0,87.97208789997117,0.10996510987496397,Insufficient Energy for CPU+NET,N/A,N/A,N/A
1852,CPU_and_Data_Intensive,Rejected,189.33907756143697,N/A,N/A,N/A,1.3014354193541375,0.0,0.0,0.0,STARLINK-34068,0,N/A,N/A,0.0,18.284669432522925,False,0.0,0.0,0.0,87.97208789997117,0.10996510987496397,Insufficient Energy for CPU+NET,N/A,N/A,N/A
1853,CPU_and_Data_Intensive,Rejected,189.4617519472815,N/A,N/A,N/A,2.2973165919763137,0.0,0.0,0.0,STARLINK-34068,0,N/A,N/A,0.0,298.2419505791625,False,0.0,0.0,0.0,87.97208789997117,0.10996510987496397,Insufficient Energy for CPU+NET,N/A,N/A,N/A
1855,CPU_and_Data_Intensive,Rejected,189.67973493234942,N/A,N/A,N/A,0.8297120269085203,0.0,0.0,0.0,STARLINK-34068,0,N/A,N/A,0.0,9.882155035174968,False,0.0,0.0,0.0,87.97208789997117,0.10996510987496397,Insufficient Energy for CPU+NET,N/A,N/A,N/A
1857,CPU_and_Data_Intensive,Rejected,189.76381551623007,N/A,N/A,N/A,0.32391779661242115,0.0,0.0,0.0,STARLINK-34068,0,N/A,N/A,0.0,0.21240238946801865,False,0.0,0.0,0.0,87.97208789997117,0.10996510987496397,Insufficient Energy for CPU+NET,N/A,N/A,N/A
1860,CPU_Intensive,Rejected,190.04909984167003,N/A,N/A,N/A,0.9097217684806994,0.0,0.0,0.0,STARLINK-34068,0,N/A,N/A,0.0,0.019862000934789813,False,0.0,0.0,0.0,87.97208789997117,0.10996510987496397,Insufficient Energy for CPU,N/A,N/A,N/A
1862,CPU_and_Data_Intensive,Rejected,190.20762275924596,N/A,N/A,N/A,0.7369955350830294,0.0,0.0,0.0,STARLINK-34068,0,N/A,N/A,0.0,1.9446745245443067,False,0.0,0.0,0.0,87.97208789997117,0.10996510987496397,Insufficient Energy for CPU+NET,N/A,N/A,N/A
1864,CPU_Intensive,Rejected,190.28545091918963,N/A,N/A,N/A,0.4574409280469336,0.0,0.0,0.0,STARLINK-34068,0,N/A,N/A,0.0,0.033992082681752085,False,0.0,0.0,0.0,87.97208789997117,0.10996510987496397,Insufficient Energy for CPU,N/A,N/A,N/A
1866,CPU_and_Data_Intensive,Rejected,190.50598013204996,N/A,N/A,N/A,0.3259220723347718,0.0,0.0,0.0,STARLINK-34068,0,N/A,N/A,0.0,16.079180287594202,False,0.0,0.0,0.0,87.97208789997117,0.10996510987496397,Insufficient Energy for CPU+NET,N/A,N/A,N/A
1868,CPU_and_Data_Intensive,Rejected,190.58947609685166,N/A,N/A,N/A,0.9450178884254588,0.0,0.0,0.0,STARLINK-34068,0,N/A,N/A,0.0,17.61700289040624,False,0.0,0.0,0.0,87.97208789997117,0.10996510987496397,Insufficient Energy for CPU+NET,N/A,N/A,N/A
1872,CPU_Intensive,Rejected,190.9084891131067,N/A,N/A,N/A,0.5124168279469667,0.0,0.0,0.0,STARLINK-34068,0,N/A,N/A,0.0,0.05850519649446499,False,0.0,0.0,0.0,87.97208789997117,0.10996510987496397,Insufficient Energy for CPU,N/A,N/A,N/A
1875,CPU_and_Data_Intensive,Rejected,191.11896704115838,N/A,N/A,N/A,1.0014634428260814,0.0,0.0,0.0,STARLINK-34068,0,N/A,N/A,0.0,2.1223143045998243,False,0.0,0.0,0.0,87.97208789997117,0.10996510987496397,Insufficient Energy for CPU+NET,N/A,N/A,N/A
1877,CPU_Intensive,Rejected,191.2073712787751,N/A,N/A,N/A,0.5880242428127208,0.0,0.0,0.0,STARLINK-34068,0,N/A,N/A,0.0,0.06489904550265145,False,0.0,0.0,0.0,87.97208789997117,0.10996510987496397,Insufficient Energy for CPU,N/A,N/A,N/A
1880,CPU_Intensive,Rejected,191.46075771684627,N/A,N/A,N/A,0.30377775319465483,0.0,0.0,0.0,STARLINK-34068,0,N/A,N/A,0.0,0.047734966971655905,False,0.0,0.0,0.0,87.97208789997117,0.10996510987496397,Insufficient Energy for CPU,N/A,N/A,N/A
1881,CPU_and_Data_Intensive,Rejected,191.52595951065592,N/A,N/A,N/A,0.40944827476118995,0.0,0.0,0.0,STARLINK-34068,0,N/A,N/A,0.0,9.427812524958146,False,0.0,0.0,0.0,87.97208789997117,0.10996510987496397,Insufficient Energy for CPU+NET,N/A,N/A,N/A
1883,CPU_Intensive,Rejected,191.6428076307823,N/A,N/A,N/A,0.8090767655999916,0.0,0.0,0.0,STARLINK-34068,0,N/A,N/A,0.0,0.016110923817535906,False,0.0,0.0,0.0,87.97208789997117,0.10996510987496397,Insufficient Energy for CPU,N/A,N/A,N/A
1884,Generic_Service,Rejected,191.83543930783512,N/A,N/A,N/A,0.01282541764288096,0.0,0.0,0.0,STARLINK-34068,0,N/A,N/A,0.0,0.038062894603983946,False,0.0,0.0,0.0,87.97208789997117,0.10996510987496397,Insufficient Energy for CPU,N/A,N/A,N/A
1887,CPU_Intensive,Rejected,192.1672395264105,N/A,N/A,N/A,0.578613646219959,0.0,0.0,0.0,STARLINK-34068,0,N/A,N/A,0.0,0.05334616530723151,False,0.0,0.0,0.0,87.97208789997117,0.10996510987496397,Insufficient Energy for CPU,N/A,N/A,N/A
1888,CPU_and_Data_Intensive,Rejected,192.19689038668295,N/A,N/A,N/A,0.5989709496011021,0.0,0.0,0.0,STARLINK-34068,0,N/A,N/A,0.0,0.7203086046662242,False,0.0,0.0,0.0,87.97208789997117,0.10996510987496397,Insufficient Energy for CPU+NET,N/A,N/A,N/A
1889,CPU_Intensive,Rejected,192.20024543780272,N/A,N/A,N/A,1.208104259619196,0.0,0.0,0.0,STARLINK-34068,0,N/A,N/A,0.0,0.06913867449227291,False,0.0,0.0,0.0,87.97208789997117,0.10996510987496397,Insufficient Energy for CPU,N/A,N/A,N/A
1890,CPU_Intensive,Rejected,192.2340138165509,N/A,N/A,N/A,0.5159785269629088,0.0,0.0,0.0,STARLINK-34068,0,N/A,N/A,0.0,0.01891025628064967,False,0.0,0.0,0.0,87.97208789997117,0.10996510987496397,Insufficient Energy for CPU,N/A,N/A,N/A
1899,CPU_Intensive,Rejected,193.23277974423806,N/A,N/A,N/A,0.3029924772371239,0.0,0.0,0.0,STARLINK-34068,0,N/A,N/A,0.0,0.02970430404005852,False,0.0,0.0,0.0,87.97208789997117,0.10996510987496397,Insufficient Energy for CPU,N/A,N/A,N/A
1900,CPU_Intensive,Rejected,193.27613082981466,N/A,N/A,N/A,1.6454346084474212,0.0,0.0,0.0,STARLINK-34068,0,N/A,N/A,0.0,0.06804857253866584,False,0.0,0.0,0.0,87.97208789997117,0.10996510987496397,Insufficient Energy for CPU,N/A,N/A,N/A
1901,CPU_Intensive,Rejected,193.30283057158,N/A,N/A,N/A,0.5103783236056048,0.0,0.0,0.0,STARLINK-34068,0,N/A,N/A,0.0,0.03441627583090676,False,0.0,0.0,0.0,87.97208789997117,0.10996510987496397,Insufficient Energy for CPU,N/A,N/A,N/A
1902,CPU_and_Data_Intensive,Rejected,193.30575729496485,N/A,N/A,N/A,0.49105199513190023,0.0,0.0,0.0,STARLINK-34068,0,N/A,N/A,0.0,10.744642982957455,False,0.0,0.0,0.0,87.97208789997117,0.10996510987496397,Insufficient Energy for CPU+NET,N/A,N/A,N/A
1903,CPU_Intensive,Rejected,193.37651560166168,N/A,N/A,N/A,0.8192162322809652,0.0,0.0,0.0,STARLINK-34068,0,N/A,N/A,0.0,0.05839549485383411,False,0.0,0.0,0.0,87.97208789997117,0.10996510987496397,Insufficient Energy for CPU,N/A,N/A,N/A
1904,CPU_Intensive,Rejected,193.3842482994115,N/A,N/A,N/A,0.5890202784516939,0.0,0.0,0.0,STARLINK-34068,0,N/A,N/A,0.0,0.07494080981137712,False,0.0,0.0,0.0,87.97208789997117,0.10996510987496397,Insufficient Energy for CPU,N/A,N/A,N/A
1911,CPU_Intensive,Rejected,193.94673434167527,N/A,N/A,N/A,0.44174835919647093,0.0,0.0,0.0,STARLINK-34068,0,N/A,N/A,0.0,0.07231783500509194,False,0.0,0.0,0.0,87.97208789997117,0.10996510987496397,Insufficient Energy for CPU,N/A,N/A,N/A
1912,CPU_Intensive,Rejected,193.95708948933344,N/A,N/A,N/A,0.5268711513959954,0.0,0.0,0.0,STARLINK-34068,0,N/A,N/A,0.0,0.03979144659280709,False,0.0,0.0,0.0,87.97208789997117,0.10996510987496397,Insufficient Energy for CPU,N/A,N/A,N/A
1914,CPU_and_Data_Intensive,Rejected,194.1211200920047,N/A,N/A,N/A,1.0860264727626352,0.0,0.0,0.0,STARLINK-34068,0,N/A,N/A,0.0,7.695667856721989,False,0.0,0.0,0.0,87.97208789997117,0.10996510987496397,Insufficient Energy for CPU+NET,N/A,N/A,N/A
1917,CPU_Intensive,Rejected,194.32989517130858,N/A,N/A,N/A,0.49629924904607164,0.0,0.0,0.0,STARLINK-34068,0,N/A,N/A,0.0,0.03229864041968131,False,0.0,0.0,0.0,87.97208789997117,0.10996510987496397,Insufficient Energy for CPU,N/A,N/A,N/A
1918,CPU_and_Data_Intensive,Rejected,194.34615464769976,N/A,N/A,N/A,0.5638413084424962,0.0,0.0,0.0,STARLINK-34068,0,N/A,N/A,0.0,1.8528190282523744,False,0.0,0.0,0.0,87.97208789997117,0.10996510987496397,Insufficient Energy for CPU+NET,N/A,N/A,N/A
1920,CPU_and_Data_Intensive,Rejected,194.5052972352015,N/A,N/A,N/A,0.9047750991835971,0.0,0.0,0.0,STARLINK-34068,0,N/A,N/A,0.0,20.872376814684795,False,0.0,0.0,0.0,87.97208789997117,0.10996510987496397,Insufficient Energy for CPU+NET,N/A,N/A,N/A
1922,CPU_Intensive,Rejected,194.55560644070616,N/A,N/A,N/A,0.7325090837381689,0.0,0.0,0.0,STARLINK-34068,0,N/A,N/A,0.0,0.07988017055141951,False,0.0,0.0,0.0,87.97208789997117,0.10996510987496397,Insufficient Energy for CPU,N/A,N/A,N/A
1925,CPU_Intensive,Rejected,194.89941635721257,N/A,N/A,N/A,0.7908342793054659,0.0,0.0,0.0,STARLINK-34068,0,N/A,N/A,0.0,0.018579973869751215,False,0.0,0.0,0.0,87.97208789997117,0.10996510987496397,Insufficient Energy for CPU,N/A,N/A,N/A
1929,CPU_and_Data_Intensive,Rejected,195.76155892158494,N/A,N/A,N/A,1.5473847581521218,0.0,0.0,0.0,STARLINK-34068,0,N/A,N/A,0.0,6.740820767641525,False,0.0,0.0,0.0,87.97208789997117,0.10996510987496397,Insufficient Energy for CPU+NET,N/A,N/A,N/A
1930,CPU_Intensive,Rejected,195.77439924019387,N/A,N/A,N/A,0.5886137108521159,0.0,0.0,0.0,STARLINK-34068,0,N/A,N/A,0.0,0.05763349669938322,False,0.0,0.0,0.0,87.97208789997117,0.10996510987496397,Insufficient Energy for CPU,N/A,N/A,N/A
1934,CPU_Intensive,Rejected,196.00062304939618,N/A,N/A,N/A,0.5328203044641635,0.0,0.0,0.0,STARLINK-34068,0,N/A,N/A,0.0,0.029167333073275785,False,0.0,0.0,0.0,87.97208789997117,0.10996510987496397,Insufficient Energy for CPU,N/A,N/A,N/A
1937,CPU_Intensive,Rejected,196.23636026120025,N/A,N/A,N/A,0.4214777466181349,0.0,0.0,0.0,STARLINK-34068,0,N/A,N/A,0.0,0.020370770710775796,False,0.0,0.0,0.0,87.97208789997117,0.10996510987496397,Insufficient Energy for CPU,N/A,N/A,N/A
1938,CPU_Intensive,Rejected,196.37864921334295,N/A,N/A,N/A,1.3641566070638929,0.0,0.0,0.0,STARLINK-34068,0,N/A,N/A,0.0,0.053966575944727285,False,0.0,0.0,0.0,87.97208789997117,0.10996510987496397,Insufficient Energy for CPU,N/A,N/A,N/A
1941,CPU_Intensive,Rejected,196.51927126748515,N/A,N/A,N/A,0.3527681500974855,0.0,0.0,0.0,STARLINK-34068,0,N/A,N/A,0.0,0.06872297608293185,False,0.0,0.0,0.0,87.97208789997117,0.10996510987496397,Insufficient Energy for CPU,N/A,N/A,N/A
1945,CPU_Intensive,Rejected,196.785672920382,N/A,N/A,N/A,0.799480058399861,0.0,0.0,0.0,STARLINK-34068,0,N/A,N/A,0.0,0.07077052874194173,False,0.0,0.0,0.0,87.97208789997117,0.10996510987496397,Insufficient Energy for CPU,N/A,N/A,N/A
1946,CPU_Intensive,Rejected,196.79013160568238,N/A,N/A,N/A,0.49093893245727355,0.0,0.0,0.0,STARLINK-34068,0,N/A,N/A,0.0,0.0539466594906322,False,0.0,0.0,0.0,87.97208789997117,0.10996510987496397,Insufficient Energy for CPU,N/A,N/A,N/A
1953,CPU_Intensive,Rejected,197.4212984666616,N/A,N/A,N/A,0.5272014374137712,0.0,0.0,0.0,STARLINK-34068,0,N/A,N/A,0.0,0.05404209694508469,False,0.0,0.0,0.0,87.97208789997117,0.10996510987496397,Insufficient Energy for CPU,N/A,N/A,N/A
1955,CPU_and_Data_Intensive,Rejected,197.46386411192435,N/A,N/A,N/A,0.7077832572467122,0.0,0.0,0.0,STARLINK-34068,0,N/A,N/A,0.0,14.250386408756299,False,0.0,0.0,0.0,87.97208789997117,0.10996510987496397,Insufficient Energy for CPU+NET,N/A,N/A,N/A
1956,CPU_Intensive,Rejected,197.48486217224675,N/A,N/A,N/A,0.4150993135210478,0.0,0.0,0.0,STARLINK-34068,0,N/A,N/A,0.0,0.061576107798718985,False,0.0,0.0,0.0,87.97208789997117,0.10996510987496397,Insufficient Energy for CPU,N/A,N/A,N/A
1958,CPU_Intensive,Rejected,197.72494898876948,N/A,N/A,N/A,1.1488023793562907,0.0,0.0,0.0,STARLINK-34068,0,N/A,N/A,0.0,0.017427708055879513,False,0.0,0.0,0.0,87.97208789997117,0.10996510987496397,Insufficient Energy for CPU,N/A,N/A,N/A
1962,CPU_Intensive,Rejected,197.9539686978968,N/A,N/A,N/A,0.3122865694501713,0.0,0.0,0.0,STARLINK-34068,0,N/A,N/A,0.0,0.026124182879402096,False,0.0,0.0,0.0,87.97208789997117,0.10996510987496397,Insufficient Energy for CPU,N/A,N/A,N/A
1963,CPU_and_Data_Intensive,Rejected,197.96368837210773,N/A,N/A,N/A,0.5292404512870497,0.0,0.0,0.0,STARLINK-34068,0,N/A,N/A,0.0,0.1685978635642388,False,0.0,0.0,0.0,87.97208789997117,0.10996510987496397,Insufficient Energy for CPU+NET,N/A,N/A,N/A
1964,CPU_and_Data_Intensive,Rejected,197.96425922746062,N/A,N/A,N/A,0.39755809292945243,0.0,0.0,0.0,STARLINK-34068,0,N/A,N/A,0.0,1.6639386868979684,False,0.0,0.0,0.0,87.97208789997117,0.10996510987496397,Insufficient Energy for CPU+NET,N/A,N/A,N/A
1965,CPU_and_Data_Intensive,Rejected,197.98984843777032,N/A,N/A,N/A,1.6591135345504437,0.0,0.0,0.0,STARLINK-34068,0,N/A,N/A,0.0,5.463269902324502,False,0.0,0.0,0.0,87.97208789997117,0.10996510987496397,Insufficient Energy for CPU+NET,N/A,N/A,N/A
1966,CPU_and_Data_Intensive,Rejected,198.1616903386731,N/A,N/A,N/A,0.44036163699107217,0.0,0.0,0.0,STARLINK-34068,0,N/A,N/A,0.0,6.5570469549935355,False,0.0,0.0,0.0,87.97208789997117,0.10996510987496397,Insufficient Energy for CPU+NET,N/A,N/A,N/A
1968,CPU_Intensive,Rejected,198.25475250915758,N/A,N/A,N/A,0.7851170878563883,0.0,0.0,0.0,STARLINK-34068,0,N/A,N/A,0.0,0.05427272907449098,False,0.0,0.0,0.0,87.97208789997117,0.10996510987496397,Insufficient Energy for CPU,N/A,N/A,N/A
1970,CPU_and_Data_Intensive,Rejected,198.37690388137514,N/A,N/A,N/A,0.4977690248960701,0.0,0.0,0.0,STARLINK-34068,0,N/A,N/A,0.0,0.19323474278382094,False,0.0,0.0,0.0,87.97208789997117,0.10996510987496397,Insufficient Energy for CPU+NET,N/A,N/A,N/A
1972,CPU_and_Data_Intensive,Rejected,198.7084492050459,N/A,N/A,N/A,0.41762874117020443,0.0,0.0,0.0,STARLINK-34068,0,N/A,N/A,0.0,8.168529267601606,False,0.0,0.0,0.0,87.97208789997117,0.10996510987496397,Insufficient Energy for CPU+NET,N/A,N/A,N/A
1976,CPU_and_Data_Intensive,Rejected,198.9226661839298,N/A,N/A,N/A,0.33887167019943204,0.0,0.0,0.0,STARLINK-34068,0,N/A,N/A,0.0,1.6232203320620613,False,0.0,0.0,0.0,87.97208789997117,0.10996510987496397,Insufficient Energy for CPU+NET,N/A,N/A,N/A
1977,CPU_Intensive,Rejected,198.98869152978307,N/A,N/A,N/A,0.6045995614801444,0.0,0.0,0.0,STARLINK-34068,0,N/A,N/A,0.0,0.011339679710963169,False,0.0,0.0,0.0,87.97208789997117,0.10996510987496397,Insufficient Energy for CPU,N/A,N/A,N/A
1979,CPU_Intensive,Rejected,199.0693224181423,N/A,N/A,N/A,0.5878057243445163,0.0,0.0,0.0,STARLINK-34068,0,N/A,N/A,0.0,0.023368359798301493,False,0.0,0.0,0.0,87.97208789997117,0.10996510987496397,Insufficient Energy for CPU,N/A,N/A,N/A
1983,CPU_Intensive,Rejected,199.3623363608314,N/A,N/A,N/A,0.5255763444898803,0.0,0.0,0.0,STARLINK-34068,0,N/A,N/A,0.0,0.02225387799961171,False,0.0,0.0,0.0,87.97208789997117,0.10996510987496397,Insufficient Energy for CPU,N/A,N/A,N/A
1984,CPU_Intensive,Rejected,199.6930404341825,N/A,N/A,N/A,0.3589952177686391,0.0,0.0,0.0,STARLINK-34068,0,N/A,N/A,0.0,0.06276023528230748,False,0.0,0.0,0.0,87.97208789997117,0.10996510987496397,Insufficient Energy for CPU,N/A,N/A,N/A
1986,CPU_Intensive,Rejected,199.8113195318436,N/A,N/A,N/A,0.6549810453512067,0.0,0.0,0.0,STARLINK-34068,0,N/A,N/A,0.0,0.025670350165552566,False,0.0,0.0,0.0,87.97208789997117,0.10996510987496397,Insufficient Energy for CPU,N/A,N/A,N/A
1987,CPU_and_Data_Intensive,Rejected,199.81156828679622,N/A,N/A,N/A,0.5429786821429933,0.0,0.0,0.0,STARLINK-34068,0,N/A,N/A,0.0,18.523519787235156,False,0.0,0.0,0.0,87.97208789997117,0.10996510987496397,Insufficient Energy for CPU+NET,N/A,N/A,N/A
1988,CPU_Intensive,Rejected,200.15597390672255,N/A,N/A,N/A,0.6817761958826578,0.0,0.0,0.0,STARLINK-34068,0,N/A,N/A,0.0,0.018803954849576796,False,0.0,0.0,0.0,87.97208789997117,0.10996510987496397,Insufficient Energy for CPU,N/A,N/A,N/A
1989,CPU_Intensive,Rejected,200.28420146744318,N/A,N/A,N/A,0.956049836336614,0.0,0.0,0.0,STARLINK-34068,0,N/A,N/A,0.0,0.08559834758588634,False,0.0,0.0,0.0,87.97208789997117,0.10996510987496397,Insufficient Energy for CPU,N/A,N/A,N/A
1997,CPU_Intensive,Rejected,201.2138280609498,N/A,N/A,N/A,0.3691123904224121,0.0,0.0,0.0,STARLINK-34068,0,N/A,N/A,0.0,0.03764362388173218,False,0.0,0.0,0.0,87.97208789997117,0.10996510987496397,Insufficient Energy for CPU,N/A,N/A,N/A
1998,CPU_Intensive,Rejected,201.23219335943608,N/A,N/A,N/A,1.2360141205458517,0.0,0.0,0.0,STARLINK-34068,0,N/A,N/A,0.0,0.07181831452653668,False,0.0,0.0,0.0,87.97208789997117,0.10996510987496397,Insufficient Energy for CPU,N/A,N/A,N/A
2000,CPU_Intensive,Rejected,201.53006721588457,N/A,N/A,N/A,0.33265341183037883,0.0,0.0,0.0,STARLINK-34068,0,N/A,N/A,0.0,0.039070248312799746,False,0.0,0.0,0.0,87.97208789997117,0.10996510987496397,Insufficient Energy for CPU,N/A,N/A,N/A
2002,CPU_Intensive,Rejected,201.72236250067235,N/A,N/A,N/A,1.0595574232612555,0.0,0.0,0.0,STARLINK-34068,0,N/A,N/A,0.0,0.0355490358380431,False,0.0,0.0,0.0,87.97208789997117,0.10996510987496397,Insufficient Energy for CPU,N/A,N/A,N/A
2003,CPU_Intensive,Rejected,201.8481064514204,N/A,N/A,N/A,0.3133160351001412,0.0,0.0,0.0,STARLINK-34068,0,N/A,N/A,0.0,0.033035721415504954,False,0.0,0.0,0.0,87.97208789997117,0.10996510987496397,Insufficient Energy for CPU,N/A,N/A,N/A
2004,CPU_Intensive,Rejected,201.89452409866811,N/A,N/A,N/A,0.762970212602026,0.0,0.0,0.0,STARLINK-34068,0,N/A,N/A,0.0,0.039849775210985657,False,0.0,0.0,0.0,87.97208789997117,0.10996510987496397,Insufficient Energy for CPU,N/A,N/A,N/A
2005,CPU_Intensive,Rejected,202.28611723240695,N/A,N/A,N/A,2.3387014256113106,0.0,0.0,0.0,STARLINK-34068,0,N/A,N/A,0.0,0.08326342101544844,False,0.0,0.0,0.0,87.97208789997117,0.10996510987496397,Insufficient Energy for CPU,N/A,N/A,N/A
2011,CPU_Intensive,Rejected,203.08493271875477,N/A,N/A,N/A,2.1468066083874566,0.0,0.0,0.0,STARLINK-34068,0,N/A,N/A,0.0,0.030404674788852483,False,0.0,0.0,0.0,87.97208789997117,0.10996510987496397,Insufficient Energy for CPU,N/A,N/A,N/A
2015,CPU_and_Data_Intensive,Rejected,203.50035886240585,N/A,N/A,N/A,0.7359939652493735,0.0,0.0,0.0,STARLINK-34068,0,N/A,N/A,0.0,1.2641840197717344,False,0.0,0.0,0.0,87.97208789997117,0.10996510987496397,Insufficient Energy for CPU+NET,N/A,N/A,N/A
2017,CPU_and_Data_Intensive,Rejected,203.5181949022523,N/A,N/A,N/A,0.5136120641098014,0.0,0.0,0.0,STARLINK-34068,0,N/A,N/A,0.0,14.970516977752446,False,0.0,0.0,0.0,87.97208789997117,0.10996510987496397,Insufficient Energy for CPU+NET,N/A,N/A,N/A
2022,CPU_and_Data_Intensive,Rejected,203.67065621296265,N/A,N/A,N/A,0.31931286428742894,0.0,0.0,0.0,STARLINK-34068,0,N/A,N/A,0.0,22.583085652800825,False,0.0,0.0,0.0,87.97208789997117,0.10996510987496397,Insufficient Energy for CPU+NET,N/A,N/A,N/A
2024,CPU_Intensive,Rejected,204.12572879928345,N/A,N/A,N/A,1.1050785568376709,0.0,0.0,0.0,STARLINK-34068,0,N/A,N/A,0.0,0.03447220301922662,False,0.0,0.0,0.0,87.97208789997117,0.10996510987496397,Insufficient Energy for CPU,N/A,N/A,N/A
2026,CPU_and_Data_Intensive,Rejected,204.34444530576025,N/A,N/A,N/A,1.2136189324197304,0.0,0.0,0.0,STARLINK-34068,0,N/A,N/A,0.0,0.6145842115901735,False,0.0,0.0,0.0,87.97208789997117,0.10996510987496397,Insufficient Energy for CPU+NET,N/A,N/A,N/A
2033,CPU_Intensive,Rejected,204.83634899614464,N/A,N/A,N/A,0.5150687537042451,0.0,0.0,0.0,STARLINK-34068,0,N/A,N/A,0.0,0.028144990038420095,False,0.0,0.0,0.0,87.97208789997117,0.10996510987496397,Insufficient Energy for CPU,N/A,N/A,N/A
2036,CPU_Intensive,Rejected,205.00609324746168,N/A,N/A,N/A,1.0012984347383174,0.0,0.0,0.0,STARLINK-34068,0,N/A,N/A,0.0,0.0422152338253779,False,0.0,0.0,0.0,87.97208789997117,0.10996510987496397,Insufficient Energy for CPU,N/A,N/A,N/A
2037,CPU_Intensive,Rejected,205.1187882727855,N/A,N/A,N/A,0.4164046047144542,0.0,0.0,0.0,STARLINK-34068,0,N/A,N/A,0.0,0.04907974786097092,False,0.0,0.0,0.0,87.97208789997117,0.10996510987496397,Insufficient Energy for CPU,N/A,N/A,N/A
2048,CPU_Intensive,Rejected,205.8035936350988,N/A,N/A,N/A,0.3117716412080971,0.0,0.0,0.0,STARLINK-34068,0,N/A,N/A,0.0,0.05717666819605101,False,0.0,0.0,0.0,87.97208789997117,0.10996510987496397,Insufficient Energy for CPU,N/A,N/A,N/A
2052,CPU_Intensive,Rejected,206.2546702723948,N/A,N/A,N/A,0.3152610064121403,0.0,0.0,0.0,STARLINK-34068,0,N/A,N/A,0.0,0.08247360361330833,False,0.0,0.0,0.0,87.97208789997117,0.10996510987496397,Insufficient Energy for CPU,N/A,N/A,N/A
2058,CPU_and_Data_Intensive,Rejected,206.79541247860817,N/A,N/A,N/A,0.9113839248463664,0.0,0.0,0.0,STARLINK-34068,0,N/A,N/A,0.0,12.585286299884388,False,0.0,0.0,0.0,87.97208789997117,0.10996510987496397,Insufficient Energy for CPU+NET,N/A,N/A,N/A
2060,CPU_and_Data_Intensive,Rejected,206.9782600285144,N/A,N/A,N/A,0.3521199096788498,0.0,0.0,0.0,STARLINK-34068,0,N/A,N/A,0.0,2.212015033099492,False,0.0,0.0,0.0,87.97208789997117,0.10996510987496397,Insufficient Energy for CPU+NET,N/A,N/A,N/A
2064,CPU_and_Data_Intensive,Rejected,207.20817695757822,N/A,N/A,N/A,0.3683046626817181,0.0,0.0,0.0,STARLINK-34068,0,N/A,N/A,0.0,17.11921894440009,False,0.0,0.0,0.0,87.97208789997117,0.10996510987496397,Insufficient Energy for CPU+NET,N/A,N/A,N/A
2069,CPU_and_Data_Intensive,Rejected,207.54402562213664,N/A,N/A,N/A,0.5036324754156559,0.0,0.0,0.0,STARLINK-34068,0,N/A,N/A,0.0,21.65318274757576,False,0.0,0.0,0.0,87.97208789997117,0.10996510987496397,Insufficient Energy for CPU+NET,N/A,N/A,N/A
2073,CPU_Intensive,Rejected,208.1507858405532,N/A,N/A,N/A,0.7551304830965273,0.0,0.0,0.0,STARLINK-34068,0,N/A,N/A,0.0,0.020138872050202695,False,0.0,0.0,0.0,87.97208789997117,0.10996510987496397,Insufficient Energy for CPU,N/A,N/A,N/A
2074,CPU_Intensive,Rejected,208.157887095415,N/A,N/A,N/A,0.3673761768447771,0.0,0.0,0.0,STARLINK-34068,0,N/A,N/A,0.0,0.022100309451190146,False,0.0,0.0,0.0,87.97208789997117,0.10996510987496397,Insufficient Energy for CPU,N/A,N/A,N/A
2075,CPU_and_Data_Intensive,Rejected,208.2392667701927,N/A,N/A,N/A,2.3143517826213835,0.0,0.0,0.0,STARLINK-34068,0,N/A,N/A,0.0,8.852474040660699,False,0.0,0.0,0.0,87.97208789997117,0.10996510987496397,Insufficient Energy for CPU+NET,N/A,N/A,N/A
2077,CPU_Intensive,Rejected,208.33473744621628,N/A,N/A,N/A,1.853427312448654,0.0,0.0,0.0,STARLINK-34068,0,N/A,N/A,0.0,0.015379615158983687,False,0.0,0.0,0.0,87.97208789997117,0.10996510987496397,Insufficient Energy for CPU,N/A,N/A,N/A
2078,CPU_and_Data_Intensive,Rejected,208.5584650963513,N/A,N/A,N/A,0.49649297753015065,0.0,0.0,0.0,STARLINK-34068,0,N/A,N/A,0.0,1.308436718504209,False,0.0,0.0,0.0,87.97208789997117,0.10996510987496397,Insufficient Energy for CPU+NET,N/A,N/A,N/A
2080,CPU_Intensive,Rejected,208.74171891233186,N/A,N/A,N/A,0.3323432985979405,0.0,0.0,0.0,STARLINK-34068,0,N/A,N/A,0.0,0.04672945231589527,False,0.0,0.0,0.0,87.97208789997117,0.10996510987496397,Insufficient Energy for CPU,N/A,N/A,N/A
2081,CPU_Intensive,Rejected,208.77310650862066,N/A,N/A,N/A,0.48675824238494714,0.0,0.0,0.0,STARLINK-34068,0,N/A,N/A,0.0,0.05268439970793063,False,0.0,0.0,0.0,87.97208789997117,0.10996510987496397,Insufficient Energy for CPU,N/A,N/A,N/A
2088,CPU_and_Data_Intensive,Rejected,209.79396615206872,N/A,N/A,N/A,2.131136353237849,0.0,0.0,0.0,STARLINK-34068,0,N/A,N/A,0.0,0.2790295518207673,False,0.0,0.0,0.0,87.97208789997117,0.10996510987496397,Insufficient Energy for CPU+NET,N/A,N/A,N/A
2091,CPU_Intensive,Rejected,210.08718920848122,N/A,N/A,N/A,2.1088109730516478,0.0,0.0,0.0,STARLINK-34068,0,N/A,N/A,0.0,0.021214225090367432,False,0.0,0.0,0.0,87.97208789997117,0.10996510987496397,Insufficient Energy for CPU,N/A,N/A,N/A
2092,CPU_Intensive,Rejected,210.32837000071825,N/A,N/A,N/A,0.32437589318044935,0.0,0.0,0.0,STARLINK-34068,0,N/A,N/A,0.0,0.08739549367836023,False,0.0,0.0,0.0,87.97208789997117,0.10996510987496397,Insufficient Energy for CPU,N/A,N/A,N/A
2096,CPU_Intensive,Rejected,210.8391626324422,N/A,N/A,N/A,0.6443209911625466,0.0,0.0,0.0,STARLINK-34068,0,N/A,N/A,0.0,0.0827936710355681,False,0.0,0.0,0.0,87.97208789997117,0.10996510987496397,Insufficient Energy for CPU,N/A,N/A,N/A
2099,CPU_and_Data_Intensive,Rejected,210.91550372977957,N/A,N/A,N/A,1.240165717374253,0.0,0.0,0.0,STARLINK-34068,0,N/A,N/A,0.0,0.8626639013188824,False,0.0,0.0,0.0,87.97208789997117,0.10996510987496397,Insufficient Energy for CPU+NET,N/A,N/A,N/A
2098,CPU_and_Data_Intensive,Rejected,210.91312272106038,N/A,N/A,N/A,0.5339194851780035,0.0,0.0,0.0,STARLINK-34068,0,N/A,N/A,0.0,17.352021948849718,False,0.0,0.0,0.0,87.97208789997117,0.10996510987496397,Insufficient Energy for CPU+NET,N/A,N/A,N/A
2100,CPU_and_Data_Intensive,Rejected,210.98335203754138,N/A,N/A,N/A,0.6041205792273023,0.0,0.0,0.0,STARLINK-34068,0,N/A,N/A,0.0,2.125012071818059,False,0.0,0.0,0.0,87.97208789997117,0.10996510987496397,Insufficient Energy for CPU+NET,N/A,N/A,N/A
2102,CPU_and_Data_Intensive,Rejected,211.08846906883892,N/A,N/A,N/A,0.8188603372597588,0.0,0.0,0.0,STARLINK-34068,0,N/A,N/A,0.0,0.9042314222657728,False,0.0,0.0,0.0,87.97208789997117,0.10996510987496397,Insufficient Energy for CPU+NET,N/A,N/A,N/A
2103,CPU_and_Data_Intensive,Rejected,211.19515628112376,N/A,N/A,N/A,0.8400532525808576,0.0,0.0,0.0,STARLINK-34068,0,N/A,N/A,0.0,7.567622480293108,False,0.0,0.0,0.0,87.97208789997117,0.10996510987496397,Insufficient Energy for CPU+NET,N/A,N/A,N/A
2104,CPU_and_Data_Intensive,Rejected,211.22534833399178,N/A,N/A,N/A,0.47667372641166933,0.0,0.0,0.0,STARLINK-34068,0,N/A,N/A,0.0,0.352103596045577,False,0.0,0.0,0.0,87.97208789997117,0.10996510987496397,Insufficient Energy for CPU+NET,N/A,N/A,N/A
2105,CPU_Intensive,Rejected,211.27709308492362,N/A,N/A,N/A,2.3079561205176713,0.0,0.0,0.0,STARLINK-34068,0,N/A,N/A,0.0,0.014765612229032183,False,0.0,0.0,0.0,87.97208789997117,0.10996510987496397,Insufficient Energy for CPU,N/A,N/A,N/A
2108,CPU_Intensive,Rejected,211.51238568856812,N/A,N/A,N/A,1.1180971181553514,0.0,0.0,0.0,STARLINK-34068,0,N/A,N/A,0.0,0.07613893391705595,False,0.0,0.0,0.0,87.97208789997117,0.10996510987496397,Insufficient Energy for CPU,N/A,N/A,N/A
2112,CPU_Intensive,Rejected,211.90368683418617,N/A,N/A,N/A,0.43461923445312467,0.0,0.0,0.0,STARLINK-34068,0,N/A,N/A,0.0,0.0380819441372786,False,0.0,0.0,0.0,87.97208789997117,0.10996510987496397,Insufficient Energy for CPU,N/A,N/A,N/A
2116,CPU_and_Data_Intensive,Rejected,212.30471396006465,N/A,N/A,N/A,0.4809027463295096,0.0,0.0,0.0,STARLINK-34068,0,N/A,N/A,0.0,8.090720040651073,False,0.0,0.0,0.0,87.97208789997117,0.10996510987496397,Insufficient Energy for CPU+NET,N/A,N/A,N/A
2118,CPU_and_Data_Intensive,Rejected,212.50795691945723,N/A,N/A,N/A,1.908839978162749,0.0,0.0,0.0,STARLINK-34068,0,N/A,N/A,0.0,1.5986822808856591,False,0.0,0.0,0.0,87.97208789997117,0.10996510987496397,Insufficient Energy for CPU+NET,N/A,N/A,N/A
2120,CPU_Intensive,Rejected,212.7759149941431,N/A,N/A,N/A,1.1913016128646847,0.0,0.0,0.0,STARLINK-34068,0,N/A,N/A,0.0,0.015380196669511754,False,0.0,0.0,0.0,87.97208789997117,0.10996510987496397,Insufficient Energy for CPU,N/A,N/A,N/A
2123,CPU_Intensive,Rejected,213.12111977113827,N/A,N/A,N/A,0.5618419370903269,0.0,0.0,0.0,STARLINK-34068,0,N/A,N/A,0.0,0.02956621658575969,False,0.0,0.0,0.0,87.97208789997117,0.10996510987496397,Insufficient Energy for CPU,N/A,N/A,N/A
2126,CPU_and_Data_Intensive,Rejected,213.74717011459524,N/A,N/A,N/A,0.5475496563403384,0.0,0.0,0.0,STARLINK-34068,0,N/A,N/A,0.0,20.081831877889837,False,0.0,0.0,0.0,87.97208789997117,0.10996510987496397,Insufficient Energy for CPU+NET,N/A,N/A,N/A
2127,CPU_Intensive,Rejected,213.81860965429462,N/A,N/A,N/A,0.57195076301479,0.0,0.0,0.0,STARLINK-34068,0,N/A,N/A,0.0,0.06828988206489213,False,0.0,0.0,0.0,87.97208789997117,0.10996510987496397,Insufficient Energy for CPU,N/A,N/A,N/A
2128,CPU_Intensive,Rejected,213.86656183888024,N/A,N/A,N/A,1.488707556987224,0.0,0.0,0.0,STARLINK-34068,0,N/A,N/A,0.0,0.07957576096192062,False,0.0,0.0,0.0,87.97208789997117,0.10996510987496397,Insufficient Energy for CPU,N/A,N/A,N/A
2129,CPU_Intensive,Rejected,213.87616681574264,N/A,N/A,N/A,0.4727792601610444,0.0,0.0,0.0,STARLINK-34068,0,N/A,N/A,0.0,0.06544550590802681,False,0.0,0.0,0.0,87.97208789997117,0.10996510987496397,Insufficient Energy for CPU,N/A,N/A,N/A
2130,CPU_Intensive,Rejected,214.04210388363575,N/A,N/A,N/A,0.9550426653905998,0.0,0.0,0.0,STARLINK-34068,0,N/A,N/A,0.0,0.022865228058170338,False,0.0,0.0,0.0,87.97208789997117,0.10996510987496397,Insufficient Energy for CPU,N/A,N/A,N/A
2131,CPU_Intensive,Rejected,214.0541853383983,N/A,N/A,N/A,0.9097140687354306,0.0,0.0,0.0,STARLINK-34068,0,N/A,N/A,0.0,0.04577773079605063,False,0.0,0.0,0.0,87.97208789997117,0.10996510987496397,Insufficient Energy for CPU,N/A,N/A,N/A
2132,CPU_and_Data_Intensive,Rejected,214.258844838928,N/A,N/A,N/A,0.5791969847882036,0.0,0.0,0.0,STARLINK-34068,0,N/A,N/A,0.0,0.8468387922226298,False,0.0,0.0,0.0,87.97208789997117,0.10996510987496397,Insufficient Energy for CPU+NET,N/A,N/A,N/A
2133,CPU_and_Data_Intensive,Rejected,214.26442559555701,N/A,N/A,N/A,0.5288142119266573,0.0,0.0,0.0,STARLINK-34068,0,N/A,N/A,0.0,4.8223398080191195,False,0.0,0.0,0.0,87.97208789997117,0.10996510987496397,Insufficient Energy for CPU+NET,N/A,N/A,N/A
2135,CPU_Intensive,Rejected,214.7096058390253,N/A,N/A,N/A,1.9465787829941326,0.0,0.0,0.0,STARLINK-34068,0,N/A,N/A,0.0,0.030425223713416542,False,0.0,0.0,0.0,87.97208789997117,0.10996510987496397,Insufficient Energy for CPU,N/A,N/A,N/A
2140,CPU_and_Data_Intensive,Rejected,215.21054531564488,N/A,N/A,N/A,1.9710648566606506,0.0,0.0,0.0,STARLINK-34068,0,N/A,N/A,0.0,1.5936777442650554,False,0.0,0.0,0.0,87.97208789997117,0.10996510987496397,Insufficient Energy for CPU+NET,N/A,N/A,N/A
2142,CPU_and_Data_Intensive,Rejected,215.48322586953884,N/A,N/A,N/A,1.1175094860644268,0.0,0.0,0.0,STARLINK-34068,0,N/A,N/A,0.0,175.4560044872123,False,0.0,0.0,0.0,87.97208789997117,0.10996510987496397,Insufficient Energy for CPU+NET,N/A,N/A,N/A
2146,CPU_and_Data_Intensive,Rejected,216.07321183039946,N/A,N/A,N/A,1.0500477123721144,0.0,0.0,0.0,STARLINK-34068,0,N/A,N/A,0.0,1.348037822048946,False,0.0,0.0,0.0,87.97208789997117,0.10996510987496397,Insufficient Energy for CPU+NET,N/A,N/A,N/A
2149,CPU_Intensive,Rejected,216.1798254517337,N/A,N/A,N/A,0.7246161863640499,0.0,0.0,0.0,STARLINK-34068,0,N/A,N/A,0.0,0.026895113324019074,False,0.0,0.0,0.0,87.97208789997117,0.10996510987496397,Insufficient Energy for CPU,N/A,N/A,N/A
2154,CPU_Intensive,Rejected,216.57362577518515,N/A,N/A,N/A,0.6314162423221631,0.0,0.0,0.0,STARLINK-34068,0,N/A,N/A,0.0,0.018207133977114476,False,0.0,0.0,0.0,87.97208789997117,0.10996510987496397,Insufficient Energy for CPU,N/A,N/A,N/A
2155,CPU_Intensive,Rejected,216.5908712638458,N/A,N/A,N/A,0.7000695108510893,0.0,0.0,0.0,STARLINK-34068,0,N/A,N/A,0.0,0.0802837213019548,False,0.0,0.0,0.0,87.97208789997117,0.10996510987496397,Insufficient Energy for CPU,N/A,N/A,N/A
2156,CPU_and_Data_Intensive,Rejected,216.76674624370503,N/A,N/A,N/A,0.5485871349807033,0.0,0.0,0.0,STARLINK-34068,0,N/A,N/A,0.0,0.8088707477173862,False,0.0,0.0,0.0,87.97208789997117,0.10996510987496397,Insufficient Energy for CPU+NET,N/A,N/A,N/A
2157,CPU_and_Data_Intensive,Rejected,216.8238475842881,N/A,N/A,N/A,0.513889067887578,0.0,0.0,0.0,STARLINK-34068,0,N/A,N/A,0.0,0.9280299056871122,False,0.0,0.0,0.0,87.97208789997117,0.10996510987496397,Insufficient Energy for CPU+NET,N/A,N/A,N/A
2159,CPU_Intensive,Rejected,216.96759350117523,N/A,N/A,N/A,1.1811067635331898,0.0,0.0,0.0,STARLINK-34068,0,N/A,N/A,0.0,0.031281311593944434,False,0.0,0.0,0.0,87.97208789997117,0.10996510987496397,Insufficient Energy for CPU,N/A,N/A,N/A
2166,CPU_and_Data_Intensive,Rejected,217.81128865398455,N/A,N/A,N/A,0.7896099691130001,0.0,0.0,0.0,STARLINK-34068,0,N/A,N/A,0.0,1.8018816327450478,False,0.0,0.0,0.0,87.97208789997117,0.10996510987496397,Insufficient Energy for CPU+NET,N/A,N/A,N/A
2168,CPU_Intensive,Rejected,218.21042866846284,N/A,N/A,N/A,0.7633432703469202,0.0,0.0,0.0,STARLINK-34068,0,N/A,N/A,0.0,0.0732550548347932,False,0.0,0.0,0.0,87.97208789997117,0.10996510987496397,Insufficient Energy for CPU,N/A,N/A,N/A
2171,CPU_and_Data_Intensive,Rejected,218.29200979474058,N/A,N/A,N/A,0.8775848787431383,0.0,0.0,0.0,STARLINK-34068,0,N/A,N/A,0.0,1.3877996187677268,False,0.0,0.0,0.0,87.97208789997117,0.10996510987496397,Insufficient Energy for CPU+NET,N/A,N/A,N/A
2172,CPU_and_Data_Intensive,Rejected,218.40216377687332,N/A,N/A,N/A,0.5997266492975941,0.0,0.0,0.0,STARLINK-34068,0,N/A,N/A,0.0,21.22043195336234,False,0.0,0.0,0.0,87.97208789997117,0.10996510987496397,Insufficient Energy for CPU+NET,N/A,N/A,N/A
2174,CPU_and_Data_Intensive,Rejected,218.77837134056622,N/A,N/A,N/A,0.374721293009597,0.0,0.0,0.0,STARLINK-34068,0,N/A,N/A,0.0,22.83060523032471,False,0.0,0.0,0.0,87.97208789997117,0.10996510987496397,Insufficient Energy for CPU+NET,N/A,N/A,N/A
2175,CPU_and_Data_Intensive,Rejected,218.96283329097184,N/A,N/A,N/A,1.0260845011648716,0.0,0.0,0.0,STARLINK-34068,0,N/A,N/A,0.0,1.1054701167755756,False,0.0,0.0,0.0,87.97208789997117,0.10996510987496397,Insufficient Energy for CPU+NET,N/A,N/A,N/A
2178,CPU_and_Data_Intensive,Rejected,219.25355678020375,N/A,N/A,N/A,0.9440936715876674,0.0,0.0,0.0,STARLINK-34068,0,N/A,N/A,0.0,17.874557528013142,False,0.0,0.0,0.0,87.97208789997117,0.10996510987496397,Insufficient Energy for CPU+NET,N/A,N/A,N/A
2180,CPU_Intensive,Rejected,219.58806252644163,N/A,N/A,N/A,0.5656700404785328,0.0,0.0,0.0,STARLINK-34068,0,N/A,N/A,0.0,0.08001580784208157,False,0.0,0.0,0.0,87.97208789997117,0.10996510987496397,Insufficient Energy for CPU,N/A,N/A,N/A
2181,CPU_and_Data_Intensive,Rejected,219.64428850391434,N/A,N/A,N/A,0.41158435207257793,0.0,0.0,0.0,STARLINK-34068,0,N/A,N/A,0.0,1.0159359221381752,False,0.0,0.0,0.0,87.97208789997117,0.10996510987496397,Insufficient Energy for CPU+NET,N/A,N/A,N/A
2182,CPU_Intensive,Rejected,219.65958765541552,N/A,N/A,N/A,0.4707467991734692,0.0,0.0,0.0,STARLINK-34068,0,N/A,N/A,0.0,0.02767064795720353,False,0.0,0.0,0.0,87.97208789997117,0.10996510987496397,Insufficient Energy for CPU,N/A,N/A,N/A
2183,CPU_and_Data_Intensive,Rejected,219.77787590505415,N/A,N/A,N/A,0.6592939897136806,0.0,0.0,0.0,STARLINK-34068,0,N/A,N/A,0.0,22.347337434456634,False,0.0,0.0,0.0,87.97208789997117,0.10996510987496397,Insufficient Energy for CPU+NET,N/A,N/A,N/A
2185,CPU_Intensive,Rejected,220.05135369529322,N/A,N/A,N/A,0.8254542898952996,0.0,0.0,0.0,STARLINK-34068,0,N/A,N/A,0.0,0.07162235789925589,False,0.0,0.0,0.0,87.97208789997117,0.10996510987496397,Insufficient Energy for CPU,N/A,N/A,N/A
2186,CPU_Intensive,Rejected,220.2670350452063,N/A,N/A,N/A,0.30226569961375044,0.0,0.0,0.0,STARLINK-34068,0,N/A,N/A,0.0,0.07923623795258411,False,0.0,0.0,0.0,87.97208789997117,0.10996510987496397,Insufficient Energy for CPU,N/A,N/A,N/A
2187,CPU_Intensive,Rejected,220.29234615005777,N/A,N/A,N/A,0.43564390575945294,0.0,0.0,0.0,STARLINK-34068,0,N/A,N/A,0.0,0.08513079972422972,False,0.0,0.0,0.0,87.97208789997117,0.10996510987496397,Insufficient Energy for CPU,N/A,N/A,N/A
2188,CPU_and_Data_Intensive,Rejected,220.3535313498867,N/A,N/A,N/A,0.7450289516749359,0.0,0.0,0.0,STARLINK-34068,0,N/A,N/A,0.0,2.0528452292500714,False,0.0,0.0,0.0,87.97208789997117,0.10996510987496397,Insufficient Energy for CPU+NET,N/A,N/A,N/A
2191,CPU_and_Data_Intensive,Rejected,220.52764260608814,N/A,N/A,N/A,0.307715997875248,0.0,0.0,0.0,STARLINK-34068,0,N/A,N/A,0.0,1.9780212740969654,False,0.0,0.0,0.0,87.97208789997117,0.10996510987496397,Insufficient Energy for CPU+NET,N/A,N/A,N/A
2192,CPU_and_Data_Intensive,Rejected,220.69118897484012,N/A,N/A,N/A,1.1026397276944155,0.0,0.0,0.0,STARLINK-34068,0,N/A,N/A,0.0,1.4231006657988678,False,0.0,0.0,0.0,87.97208789997117,0.10996510987496397,Insufficient Energy for CPU+NET,N/A,N/A,N/A
2197,CPU_and_Data_Intensive,Rejected,221.27553305605957,N/A,N/A,N/A,0.40371469322501197,0.0,0.0,0.0,STARLINK-34068,0,N/A,N/A,0.0,20.087247543905175,False,0.0,0.0,0.0,87.97208789997117,0.10996510987496397,Insufficient Energy for CPU+NET,N/A,N/A,N/A
2199,CPU_and_Data_Intensive,Rejected,221.35180970334022,N/A,N/A,N/A,0.71847816826282,0.0,0.0,0.0,STARLINK-34068,0,N/A,N/A,0.0,2.0842907652753326,False,0.0,0.0,0.0,87.97208789997117,0.10996510987496397,Insufficient Energy for CPU+NET,N/A,N/A,N/A
2202,CPU_Intensive,Rejected,221.4692350072501,N/A,N/A,N/A,0.30956338588659216,0.0,0.0,0.0,STARLINK-34068,0,N/A,N/A,0.0,0.045016911052016974,False,0.0,0.0,0.0,87.97208789997117,0.10996510987496397,Insufficient Energy for CPU,N/A,N/A,N/A
2203,CPU_Intensive,Rejected,221.59886053412518,N/A,N/A,N/A,0.9184883429535079,0.0,0.0,0.0,STARLINK-34068,0,N/A,N/A,0.0,0.06436792990280116,False,0.0,0.0,0.0,87.97208789997117,0.10996510987496397,Insufficient Energy for CPU,N/A,N/A,N/A
2205,CPU_Intensive,Rejected,221.86415186407726,N/A,N/A,N/A,1.68484835988077,0.0,0.0,0.0,STARLINK-34068,0,N/A,N/A,0.0,0.07768670965435506,False,0.0,0.0,0.0,87.97208789997117,0.10996510987496397,Insufficient Energy for CPU,N/A,N/A,N/A
2206,CPU_Intensive,Rejected,222.25899327659545,N/A,N/A,N/A,0.3830601887607083,0.0,0.0,0.0,STARLINK-34068,0,N/A,N/A,0.0,0.032433416273546005,False,0.0,0.0,0.0,87.97208789997117,0.10996510987496397,Insufficient Energy for CPU,N/A,N/A,N/A
2207,CPU_and_Data_Intensive,Rejected,222.25930392536398,N/A,N/A,N/A,0.39110476382451426,0.0,0.0,0.0,STARLINK-34068,0,N/A,N/A,0.0,9.778477072198115,False,0.0,0.0,0.0,87.97208789997117,0.10996510987496397,Insufficient Energy for CPU+NET,N/A,N/A,N/A
2214,CPU_Intensive,Rejected,222.6267058658885,N/A,N/A,N/A,0.38271485024872376,0.0,0.0,0.0,STARLINK-34068,0,N/A,N/A,0.0,0.07760281395385213,False,0.0,0.0,0.0,87.97208789997117,0.10996510987496397,Insufficient Energy for CPU,N/A,N/A,N/A
2217,CPU_and_Data_Intensive,Rejected,223.056283835955,N/A,N/A,N/A,2.1261775488118753,0.0,0.0,0.0,STARLINK-34068,0,N/A,N/A,0.0,20.752940520580363,False,0.0,0.0,0.0,87.97208789997117,0.10996510987496397,Insufficient Energy for CPU+NET,N/A,N/A,N/A
2219,CPU_and_Data_Intensive,Rejected,223.3051897922641,N/A,N/A,N/A,0.45210326425503816,0.0,0.0,0.0,STARLINK-34068,0,N/A,N/A,0.0,20.96680296334156,False,0.0,0.0,0.0,87.97208789997117,0.10996510987496397,Insufficient Energy for CPU+NET,N/A,N/A,N/A
2223,CPU_Intensive,Rejected,223.5709067223866,N/A,N/A,N/A,0.4083814559580887,0.0,0.0,0.0,STARLINK-34068,0,N/A,N/A,0.0,0.026984661845213552,False,0.0,0.0,0.0,87.97208789997117,0.10996510987496397,Insufficient Energy for CPU,N/A,N/A,N/A
2224,CPU_and_Data_Intensive,Rejected,223.58467521261758,N/A,N/A,N/A,1.1019675613657036,0.0,0.0,0.0,STARLINK-34068,0,N/A,N/A,0.0,1.8783972415537322,False,0.0,0.0,0.0,87.97208789997117,0.10996510987496397,Insufficient Energy for CPU+NET,N/A,N/A,N/A
2225,CPU_Intensive,Rejected,223.61237498252683,N/A,N/A,N/A,1.0626943540911953,0.0,0.0,0.0,STARLINK-34068,0,N/A,N/A,0.0,0.05103238792876673,False,0.0,0.0,0.0,87.97208789997117,0.10996510987496397,Insufficient Energy for CPU,N/A,N/A,N/A
2226,CPU_and_Data_Intensive,Rejected,223.74379756973812,N/A,N/A,N/A,0.503166284253584,0.0,0.0,0.0,STARLINK-34068,0,N/A,N/A,0.0,11.18315501729034,False,0.0,0.0,0.0,87.97208789997117,0.10996510987496397,Insufficient Energy for CPU+NET,N/A,N/A,N/A
2227,CPU_Intensive,Rejected,223.9531237840011,N/A,N/A,N/A,1.6502106509086463,0.0,0.0,0.0,STARLINK-34068,0,N/A,N/A,0.0,0.01716469070016964,False,0.0,0.0,0.0,87.97208789997117,0.10996510987496397,Insufficient Energy for CPU,N/A,N/A,N/A
2228,CPU_and_Data_Intensive,Rejected,224.0077634855858,N/A,N/A,N/A,0.45066684144295904,0.0,0.0,0.0,STARLINK-34068,0,N/A,N/A,0.0,17.31267558469085,False,0.0,0.0,0.0,87.97208789997117,0.10996510987496397,Insufficient Energy for CPU+NET,N/A,N/A,N/A
2232,CPU_Intensive,Rejected,224.12184135049583,N/A,N/A,N/A,0.3463974951266256,0.0,0.0,0.0,STARLINK-34068,0,N/A,N/A,0.0,0.045174264450405184,False,0.0,0.0,0.0,87.97208789997117,0.10996510987496397,Insufficient Energy for CPU,N/A,N/A,N/A
2233,CPU_Intensive,Rejected,224.77070812423935,N/A,N/A,N/A,1.163101774635421,0.0,0.0,0.0,STARLINK-34068,0,N/A,N/A,0.0,0.06318987027070871,False,0.0,0.0,0.0,87.97208789997117,0.10996510987496397,Insufficient Energy for CPU,N/A,N/A,N/A
2234,CPU_and_Data_Intensive,Rejected,225.00475619095877,N/A,N/A,N/A,0.5143169492767621,0.0,0.0,0.0,STARLINK-34068,0,N/A,N/A,0.0,14.712989632974221,False,0.0,0.0,0.0,87.97208789997117,0.10996510987496397,Insufficient Energy for CPU+NET,N/A,N/A,N/A
2240,CPU_Intensive,Rejected,225.72692539087964,N/A,N/A,N/A,0.3571294214460162,0.0,0.0,0.0,STARLINK-34068,0,N/A,N/A,0.0,0.029831215052593292,False,0.0,0.0,0.0,87.97208789997117,0.10996510987496397,Insufficient Energy for CPU,N/A,N/A,N/A
2245,CPU_and_Data_Intensive,Rejected,226.21702513393774,N/A,N/A,N/A,0.3077897912397756,0.0,0.0,0.0,STARLINK-34068,0,N/A,N/A,0.0,0.8789073697967453,False,0.0,0.0,0.0,87.97208789997117,0.10996510987496397,Insufficient Energy for CPU+NET,N/A,N/A,N/A
2246,CPU_Intensive,Rejected,226.218498259569,N/A,N/A,N/A,0.7061317092628023,0.0,0.0,0.0,STARLINK-34068,0,N/A,N/A,0.0,0.0731245113013902,False,0.0,0.0,0.0,87.97208789997117,0.10996510987496397,Insufficient Energy for CPU,N/A,N/A,N/A
2250,CPU_Intensive,Rejected,226.57774281539713,N/A,N/A,N/A,0.40904382340582834,0.0,0.0,0.0,STARLINK-34068,0,N/A,N/A,0.0,0.04389076709013422,False,0.0,0.0,0.0,87.97208789997117,0.10996510987496397,Insufficient Energy for CPU,N/A,N/A,N/A
2251,CPU_and_Data_Intensive,Rejected,227.00526612156722,N/A,N/A,N/A,0.9924453383899016,0.0,0.0,0.0,STARLINK-34068,0,N/A,N/A,0.0,147.86019553035547,False,0.0,0.0,0.0,87.97208789997117,0.10996510987496397,Insufficient Energy for CPU+NET,N/A,N/A,N/A
2253,CPU_and_Data_Intensive,Rejected,227.08003639395463,N/A,N/A,N/A,0.5503690131338673,0.0,0.0,0.0,STARLINK-34068,0,N/A,N/A,0.0,1.3422793657974046,False,0.0,0.0,0.0,87.97208789997117,0.10996510987496397,Insufficient Energy for CPU+NET,N/A,N/A,N/A
2255,CPU_and_Data_Intensive,Rejected,227.38982813057373,N/A,N/A,N/A,0.5349743297158416,0.0,0.0,0.0,STARLINK-34068,0,N/A,N/A,0.0,3.284220715139263,False,0.0,0.0,0.0,87.97208789997117,0.10996510987496397,Insufficient Energy for CPU+NET,N/A,N/A,N/A
2258,CPU_Intensive,Rejected,227.59713825105112,N/A,N/A,N/A,0.3780270580528641,0.0,0.0,0.0,STARLINK-34068,0,N/A,N/A,0.0,0.03909212318974503,False,0.0,0.0,0.0,87.97208789997117,0.10996510987496397,Insufficient Energy for CPU,N/A,N/A,N/A
2259,CPU_and_Data_Intensive,Rejected,227.61635714476273,N/A,N/A,N/A,1.7124093750217955,0.0,0.0,0.0,STARLINK-34068,0,N/A,N/A,0.0,430.0237154637814,False,0.0,0.0,0.0,87.97208789997117,0.10996510987496397,Insufficient Energy for CPU+NET,N/A,N/A,N/A
2261,CPU_and_Data_Intensive,Rejected,227.9978234617105,N/A,N/A,N/A,0.3206623707124385,0.0,0.0,0.0,STARLINK-34068,0,N/A,N/A,0.0,1.3869625352913222,False,0.0,0.0,0.0,87.97208789997117,0.10996510987496397,Insufficient Energy for CPU+NET,N/A,N/A,N/A
2262,CPU_and_Data_Intensive,Rejected,228.0400471559327,N/A,N/A,N/A,0.5233556874987649,0.0,0.0,0.0,STARLINK-34068,0,N/A,N/A,0.0,1.9212529793182156,False,0.0,0.0,0.0,87.97208789997117,0.10996510987496397,Insufficient Energy for CPU+NET,N/A,N/A,N/A
2265,CPU_and_Data_Intensive,Rejected,228.4333843933243,N/A,N/A,N/A,1.3396951122065313,0.0,0.0,0.0,STARLINK-34068,0,N/A,N/A,0.0,1.775554304860222,False,0.0,0.0,0.0,87.97208789997117,0.10996510987496397,Insufficient Energy for CPU+NET,N/A,N/A,N/A
2269,CPU_and_Data_Intensive,Rejected,229.267562744961,N/A,N/A,N/A,0.345076338856699,0.0,0.0,0.0,STARLINK-34068,0,N/A,N/A,0.0,0.8179199723420637,False,0.0,0.0,0.0,87.97208789997117,0.10996510987496397,Insufficient Energy for CPU+NET,N/A,N/A,N/A
2271,CPU_and_Data_Intensive,Rejected,229.53964840820154,N/A,N/A,N/A,1.1618039640379032,0.0,0.0,0.0,STARLINK-34068,0,N/A,N/A,0.0,182.45189721175944,False,0.0,0.0,0.0,87.97208789997117,0.10996510987496397,Insufficient Energy for CPU+NET,N/A,N/A,N/A
2276,CPU_Intensive,Rejected,229.9465187751601,N/A,N/A,N/A,1.1554491503865552,0.0,0.0,0.0,STARLINK-34068,0,N/A,N/A,0.0,0.013130766037893982,False,0.0,0.0,0.0,87.97208789997117,0.10996510987496397,Insufficient Energy for CPU,N/A,N/A,N/A
2278,CPU_and_Data_Intensive,Rejected,230.1190281236582,N/A,N/A,N/A,0.8975753970962346,0.0,0.0,0.0,STARLINK-34068,0,N/A,N/A,0.0,1.11699795151813,False,0.0,0.0,0.0,87.97208789997117,0.10996510987496397,Insufficient Energy for CPU+NET,N/A,N/A,N/A
2279,CPU_Intensive,Rejected,230.17685746514104,N/A,N/A,N/A,0.7564644612761104,0.0,0.0,0.0,STARLINK-34068,0,N/A,N/A,0.0,0.037409614402363275,False,0.0,0.0,0.0,87.97208789997117,0.10996510987496397,Insufficient Energy for CPU,N/A,N/A,N/A
2280,CPU_and_Data_Intensive,Rejected,230.34158670950114,N/A,N/A,N/A,0.37825589456967645,0.0,0.0,0.0,STARLINK-34068,0,N/A,N/A,0.0,0.3470153286300629,False,0.0,0.0,0.0,87.97208789997117,0.10996510987496397,Insufficient Energy for CPU+NET,N/A,N/A,N/A
2281,CPU_Intensive,Rejected,230.37986380826112,N/A,N/A,N/A,0.6169181623680047,0.0,0.0,0.0,STARLINK-34068,0,N/A,N/A,0.0,0.06980756053254362,False,0.0,0.0,0.0,87.97208789997117,0.10996510987496397,Insufficient Energy for CPU,N/A,N/A,N/A
2282,CPU_and_Data_Intensive,Rejected,230.4665803752376,N/A,N/A,N/A,1.1016620068561453,0.0,0.0,0.0,STARLINK-34068,0,N/A,N/A,0.0,0.2765694251998161,False,0.0,0.0,0.0,87.97208789997117,0.10996510987496397,Insufficient Energy for CPU+NET,N/A,N/A,N/A
2287,CPU_and_Data_Intensive,Rejected,231.04945370583945,N/A,N/A,N/A,0.47119446045602115,0.0,0.0,0.0,STARLINK-34068,0,N/A,N/A,0.0,1.885171432102977,False,0.0,0.0,0.0,87.97208789997117,0.10996510987496397,Insufficient Energy for CPU+NET,N/A,N/A,N/A
2293,CPU_Intensive,Rejected,232.022817056567,N/A,N/A,N/A,1.234566607571035,0.0,0.0,0.0,STARLINK-34068,0,N/A,N/A,0.0,0.07007344032910258,False,0.0,0.0,0.0,87.97208789997117,0.10996510987496397,Insufficient Energy for CPU,N/A,N/A,N/A
2294,CPU_and_Data_Intensive,Rejected,232.05765532605125,N/A,N/A,N/A,0.8302622398095478,0.0,0.0,0.0,STARLINK-34068,0,N/A,N/A,0.0,0.0820795631841281,False,0.0,0.0,0.0,87.97208789997117,0.10996510987496397,Insufficient Energy for CPU+NET,N/A,N/A,N/A
2298,CPU_and_Data_Intensive,Rejected,232.38266125779867,N/A,N/A,N/A,0.32922715370559963,0.0,0.0,0.0,STARLINK-34068,0,N/A,N/A,0.0,1.584703078078535,False,0.0,0.0,0.0,87.97208789997117,0.10996510987496397,Insufficient Energy for CPU+NET,N/A,N/A,N/A
2297,CPU_and_Data_Intensive,Rejected,232.3785166056693,N/A,N/A,N/A,1.940258497131851,0.0,0.0,0.0,STARLINK-34068,0,N/A,N/A,0.0,163.25357885304277,False,0.0,0.0,0.0,87.97208789997117,0.10996510987496397,Insufficient Energy for CPU+NET,N/A,N/A,N/A
2299,CPU_Intensive,Rejected,232.5096929834655,N/A,N/A,N/A,0.3065169823551434,0.0,0.0,0.0,STARLINK-34068,0,N/A,N/A,0.0,0.026715958264586392,False,0.0,0.0,0.0,87.97208789997117,0.10996510987496397,Insufficient Energy for CPU,N/A,N/A,N/A
2300,CPU_Intensive,Rejected,232.62459061454882,N/A,N/A,N/A,0.7077284189677377,0.0,0.0,0.0,STARLINK-34068,0,N/A,N/A,0.0,0.06619381746613574,False,0.0,0.0,0.0,87.97208789997117,0.10996510987496397,Insufficient Energy for CPU,N/A,N/A,N/A
2305,CPU_Intensive,Rejected,233.29043331627616,N/A,N/A,N/A,0.48152584902674994,0.0,0.0,0.0,STARLINK-34068,0,N/A,N/A,0.0,0.020358462647763944,False,0.0,0.0,0.0,87.97208789997117,0.10996510987496397,Insufficient Energy for CPU,N/A,N/A,N/A
2306,CPU_Intensive,Rejected,233.3317978484304,N/A,N/A,N/A,0.8243697418150705,0.0,0.0,0.0,STARLINK-34068,0,N/A,N/A,0.0,0.05121977769474698,False,0.0,0.0,0.0,87.97208789997117,0.10996510987496397,Insufficient Energy for CPU,N/A,N/A,N/A
2308,CPU_Intensive,Rejected,233.65785975949572,N/A,N/A,N/A,1.5901076964175116,0.0,0.0,0.0,STARLINK-34068,0,N/A,N/A,0.0,0.06092841871503095,False,0.0,0.0,0.0,87.97208789997117,0.10996510987496397,Insufficient Energy for CPU,N/A,N/A,N/A
2309,CPU_and_Data_Intensive,Rejected,233.6749153464674,N/A,N/A,N/A,1.0606336192044485,0.0,0.0,0.0,STARLINK-34068,0,N/A,N/A,0.0,5.161089812006736,False,0.0,0.0,0.0,87.97208789997117,0.10996510987496397,Insufficient Energy for CPU+NET,N/A,N/A,N/A
2314,CPU_and_Data_Intensive,Rejected,234.31463124154916,N/A,N/A,N/A,0.463828043023173,0.0,0.0,0.0,STARLINK-34068,0,N/A,N/A,0.0,1.3388173459322665,False,0.0,0.0,0.0,87.97208789997117,0.10996510987496397,Insufficient Energy for CPU+NET,N/A,N/A,N/A
2319,CPU_and_Data_Intensive,Rejected,234.70292299707057,N/A,N/A,N/A,0.45013661166711805,0.0,0.0,0.0,STARLINK-34068,0,N/A,N/A,0.0,1.2460540375287603,False,0.0,0.0,0.0,87.97208789997117,0.10996510987496397,Insufficient Energy for CPU+NET,N/A,N/A,N/A
2318,CPU_and_Data_Intensive,Rejected,234.66462437499467,N/A,N/A,N/A,1.5881667856157218,0.0,0.0,0.0,STARLINK-34068,0,N/A,N/A,0.0,188.638734903589,False,0.0,0.0,0.0,87.97208789997117,0.10996510987496397,Insufficient Energy for CPU+NET,N/A,N/A,N/A
2320,CPU_Intensive,Rejected,234.7574266546202,N/A,N/A,N/A,0.8064161127655511,0.0,0.0,0.0,STARLINK-34068,0,N/A,N/A,0.0,0.019983404814493462,False,0.0,0.0,0.0,87.97208789997117,0.10996510987496397,Insufficient Energy for CPU,N/A,N/A,N/A
2322,CPU_and_Data_Intensive,Rejected,234.9589093240305,N/A,N/A,N/A,0.5829443602917879,0.0,0.0,0.0,STARLINK-34068,0,N/A,N/A,0.0,0.6197887803899438,False,0.0,0.0,0.0,87.97208789997117,0.10996510987496397,Insufficient Energy for CPU+NET,N/A,N/A,N/A
2323,CPU_and_Data_Intensive,Rejected,234.98912968048708,N/A,N/A,N/A,0.6204570707873933,0.0,0.0,0.0,STARLINK-34068,0,N/A,N/A,0.0,13.426424209979078,False,0.0,0.0,0.0,87.97208789997117,0.10996510987496397,Insufficient Energy for CPU+NET,N/A,N/A,N/A
2329,CPU_and_Data_Intensive,Rejected,235.7084267067848,N/A,N/A,N/A,0.911627336983875,0.0,0.0,0.0,STARLINK-34068,0,N/A,N/A,0.0,3.342950776854172,False,0.0,0.0,0.0,87.97208789997117,0.10996510987496397,Insufficient Energy for CPU+NET,N/A,N/A,N/A
2331,CPU_and_Data_Intensive,Rejected,235.83050856914682,N/A,N/A,N/A,0.5898336047114644,0.0,0.0,0.0,STARLINK-34068,0,N/A,N/A,0.0,0.9332272861744635,False,0.0,0.0,0.0,87.97208789997117,0.10996510987496397,Insufficient Energy for CPU+NET,N/A,N/A,N/A
2332,CPU_and_Data_Intensive,Rejected,235.94524282956897,N/A,N/A,N/A,0.4549977696641986,0.0,0.0,0.0,STARLINK-34068,0,N/A,N/A,0.0,1.128923865345426,False,0.0,0.0,0.0,87.97208789997117,0.10996510987496397,Insufficient Energy for CPU+NET,N/A,N/A,N/A
2334,CPU_Intensive,Rejected,236.11770445319044,N/A,N/A,N/A,0.8066672236599679,0.0,0.0,0.0,STARLINK-34068,0,N/A,N/A,0.0,0.08238093818001013,False,0.0,0.0,0.0,87.97208789997117,0.10996510987496397,Insufficient Energy for CPU,N/A,N/A,N/A
2338,CPU_Intensive,Rejected,236.47967372504598,N/A,N/A,N/A,0.9477946660586002,0.0,0.0,0.0,STARLINK-34068,0,N/A,N/A,0.0,0.034440522106384895,False,0.0,0.0,0.0,87.97208789997117,0.10996510987496397,Insufficient Energy for CPU,N/A,N/A,N/A
2340,CPU_Intensive,Rejected,236.6519455025722,N/A,N/A,N/A,0.6597679591076249,0.0,0.0,0.0,STARLINK-34068,0,N/A,N/A,0.0,0.024894782377748878,False,0.0,0.0,0.0,87.97208789997117,0.10996510987496397,Insufficient Energy for CPU,N/A,N/A,N/A
2343,CPU_and_Data_Intensive,Rejected,237.00795034157713,N/A,N/A,N/A,0.3341508151862629,0.0,0.0,0.0,STARLINK-34068,0,N/A,N/A,0.0,1.4742356757739195,False,0.0,0.0,0.0,87.97208789997117,0.10996510987496397,Insufficient Energy for CPU+NET,N/A,N/A,N/A
2346,CPU_and_Data_Intensive,Rejected,237.46672155023438,N/A,N/A,N/A,0.6392601071441154,0.0,0.0,0.0,STARLINK-34068,0,N/A,N/A,0.0,1.6856285150285588,False,0.0,0.0,0.0,87.97208789997117,0.10996510987496397,Insufficient Energy for CPU+NET,N/A,N/A,N/A
2349,CPU_and_Data_Intensive,Rejected,237.80109630716598,N/A,N/A,N/A,0.6303228105039799,0.0,0.0,0.0,STARLINK-34068,0,N/A,N/A,0.0,1.239124096680014,False,0.0,0.0,0.0,87.97208789997117,0.10996510987496397,Insufficient Energy for CPU+NET,N/A,N/A,N/A
2352,CPU_and_Data_Intensive,Rejected,237.87552644891932,N/A,N/A,N/A,0.7604267060373103,0.0,0.0,0.0,STARLINK-34068,0,N/A,N/A,0.0,13.94076829984509,False,0.0,0.0,0.0,87.97208789997117,0.10996510987496397,Insufficient Energy for CPU+NET,N/A,N/A,N/A
2358,CPU_and_Data_Intensive,Rejected,238.79988803921222,N/A,N/A,N/A,0.8437957946389274,0.0,0.0,0.0,STARLINK-34068,0,N/A,N/A,0.0,140.64354052437727,False,0.0,0.0,0.0,87.97208789997117,0.10996510987496397,Insufficient Energy for CPU+NET,N/A,N/A,N/A
2368,CPU_and_Data_Intensive,Rejected,239.40948280894065,N/A,N/A,N/A,0.7516463823576536,0.0,0.0,0.0,STARLINK-34068,0,N/A,N/A,0.0,10.834808863430315,False,0.0,0.0,0.0,87.97208789997117,0.10996510987496397,Insufficient Energy for CPU+NET,N/A,N/A,N/A
2369,CPU_and_Data_Intensive,Rejected,239.58363122859893,N/A,N/A,N/A,1.013217880205389,0.0,0.0,0.0,STARLINK-34068,0,N/A,N/A,0.0,0.26369230327166265,False,0.0,0.0,0.0,87.97208789997117,0.10996510987496397,Insufficient Energy for CPU+NET,N/A,N/A,N/A
2370,CPU_Intensive,Rejected,239.66452472929686,N/A,N/A,N/A,1.1520909582105543,0.0,0.0,0.0,STARLINK-34068,0,N/A,N/A,0.0,0.014427571209385839,False,0.0,0.0,0.0,87.97208789997117,0.10996510987496397,Insufficient Energy for CPU,N/A,N/A,N/A
2375,CPU_and_Data_Intensive,Rejected,240.40637157615026,N/A,N/A,N/A,0.7851032930178028,0.0,0.0,0.0,STARLINK-34068,0,N/A,N/A,0.0,4.624961497491821,False,0.0,0.0,0.0,87.97208789997117,0.10996510987496397,Insufficient Energy for CPU+NET,N/A,N/A,N/A
2376,CPU_Intensive,Rejected,240.4428667210381,N/A,N/A,N/A,0.49901628823050703,0.0,0.0,0.0,STARLINK-34068,0,N/A,N/A,0.0,0.06093125883165697,False,0.0,0.0,0.0,87.97208789997117,0.10996510987496397,Insufficient Energy for CPU,N/A,N/A,N/A
2378,CPU_and_Data_Intensive,Rejected,240.6124330142352,N/A,N/A,N/A,0.5935740312820855,0.0,0.0,0.0,STARLINK-34068,0,N/A,N/A,0.0,6.238083623807639,False,0.0,0.0,0.0,87.97208789997117,0.10996510987496397,Insufficient Energy for CPU+NET,N/A,N/A,N/A
2380,CPU_Intensive,Rejected,240.73685833409627,N/A,N/A,N/A,1.183089164630502,0.0,0.0,0.0,STARLINK-34068,0,N/A,N/A,0.0,0.014337847983191475,False,0.0,0.0,0.0,87.97208789997117,0.10996510987496397,Insufficient Energy for CPU,N/A,N/A,N/A
2382,CPU_Intensive,Rejected,240.88043165298714,N/A,N/A,N/A,1.566822153414258,0.0,0.0,0.0,STARLINK-34068,0,N/A,N/A,0.0,0.06942906949485173,False,0.0,0.0,0.0,87.97208789997117,0.10996510987496397,Insufficient Energy for CPU,N/A,N/A,N/A
2384,CPU_and_Data_Intensive,Rejected,241.3024893373431,N/A,N/A,N/A,1.2531877708568964,0.0,0.0,0.0,STARLINK-34068,0,N/A,N/A,0.0,135.1405395767608,False,0.0,0.0,0.0,87.97208789997117,0.10996510987496397,Insufficient Energy for CPU+NET,N/A,N/A,N/A
2389,CPU_Intensive,Rejected,241.7530628680246,N/A,N/A,N/A,0.5585887823937957,0.0,0.0,0.0,STARLINK-34068,0,N/A,N/A,0.0,0.01577620228682467,False,0.0,0.0,0.0,87.97208789997117,0.10996510987496397,Insufficient Energy for CPU,N/A,N/A,N/A
2392,CPU_and_Data_Intensive,Rejected,242.3135028177984,N/A,N/A,N/A,1.1972827918520745,0.0,0.0,0.0,STARLINK-34068,0,N/A,N/A,0.0,1.0424606732973296,False,0.0,0.0,0.0,87.97208789997117,0.10996510987496397,Insufficient Energy for CPU+NET,N/A,N/A,N/A
2394,CPU_and_Data_Intensive,Rejected,242.37066247466794,N/A,N/A,N/A,0.4954994242417045,0.0,0.0,0.0,STARLINK-34068,0,N/A,N/A,0.0,16.954861712914656,False,0.0,0.0,0.0,87.97208789997117,0.10996510987496397,Insufficient Energy for CPU+NET,N/A,N/A,N/A
2395,CPU_and_Data_Intensive,Rejected,242.65177923886506,N/A,N/A,N/A,0.49406143603390446,0.0,0.0,0.0,STARLINK-34068,0,N/A,N/A,0.0,1.1402312291763774,False,0.0,0.0,0.0,87.97208789997117,0.10996510987496397,Insufficient Energy for CPU+NET,N/A,N/A,N/A
2400,CPU_Intensive,Rejected,243.15370508916132,N/A,N/A,N/A,0.9471937282275156,0.0,0.0,0.0,STARLINK-34068,0,N/A,N/A,0.0,0.04849855300384097,False,0.0,0.0,0.0,87.97208789997117,0.10996510987496397,Insufficient Energy for CPU,N/A,N/A,N/A
2401,CPU_and_Data_Intensive,Rejected,243.18063985857256,N/A,N/A,N/A,0.3344907514587842,0.0,0.0,0.0,STARLINK-34068,0,N/A,N/A,0.0,1.1032890339367236,False,0.0,0.0,0.0,87.97208789997117,0.10996510987496397,Insufficient Energy for CPU+NET,N/A,N/A,N/A
2403,CPU_Intensive,Rejected,243.29542403419947,N/A,N/A,N/A,0.7498367043559069,0.0,0.0,0.0,STARLINK-34068,0,N/A,N/A,0.0,0.05495639638475307,False,0.0,0.0,0.0,87.97208789997117,0.10996510987496397,Insufficient Energy for CPU,N/A,N/A,N/A
2404,CPU_and_Data_Intensive,Rejected,243.5710893647926,N/A,N/A,N/A,1.0796138756191196,0.0,0.0,0.0,STARLINK-34068,0,N/A,N/A,0.0,0.02723180888571438,False,0.0,0.0,0.0,87.97208789997117,0.10996510987496397,Insufficient Energy for CPU+NET,N/A,N/A,N/A
2406,CPU_Intensive,Rejected,243.73794695970562,N/A,N/A,N/A,0.4272162517042145,0.0,0.0,0.0,STARLINK-34068,0,N/A,N/A,0.0,0.03699589666749362,False,0.0,0.0,0.0,87.97208789997117,0.10996510987496397,Insufficient Energy for CPU,N/A,N/A,N/A
2409,CPU_Intensive,Rejected,244.13084268399075,N/A,N/A,N/A,0.5507708030863325,0.0,0.0,0.0,STARLINK-34068,0,N/A,N/A,0.0,0.05873726050431848,False,0.0,0.0,0.0,87.97208789997117,0.10996510987496397,Insufficient Energy for CPU,N/A,N/A,N/A
2410,CPU_Intensive,Rejected,244.22572231052925,N/A,N/A,N/A,0.6556479491885795,0.0,0.0,0.0,STARLINK-34068,0,N/A,N/A,0.0,0.04733358596733579,False,0.0,0.0,0.0,87.97208789997117,0.10996510987496397,Insufficient Energy for CPU,N/A,N/A,N/A
2412,CPU_and_Data_Intensive,Rejected,244.32483849706085,N/A,N/A,N/A,0.9350490692311677,0.0,0.0,0.0,STARLINK-34068,0,N/A,N/A,0.0,3.3046595476564953,False,0.0,0.0,0.0,87.97208789997117,0.10996510987496397,Insufficient Energy for CPU+NET,N/A,N/A,N/A
2413,CPU_Intensive,Rejected,244.34637237547372,N/A,N/A,N/A,0.6779272035446479,0.0,0.0,0.0,STARLINK-34068,0,N/A,N/A,0.0,0.08361463024972686,False,0.0,0.0,0.0,87.97208789997117,0.10996510987496397,Insufficient Energy for CPU,N/A,N/A,N/A
2418,CPU_and_Data_Intensive,Rejected,244.4550554947484,N/A,N/A,N/A,2.34643061141474,0.0,0.0,0.0,STARLINK-34068,0,N/A,N/A,0.0,0.06398871365593808,False,0.0,0.0,0.0,87.97208789997117,0.10996510987496397,Insufficient Energy for CPU+NET,N/A,N/A,N/A
2415,CPU_and_Data_Intensive,Rejected,244.42572036161673,N/A,N/A,N/A,1.601094770462585,0.0,0.0,0.0,STARLINK-34068,0,N/A,N/A,0.0,248.24719994349744,False,0.0,0.0,0.0,87.97208789997117,0.10996510987496397,Insufficient Energy for CPU+NET,N/A,N/A,N/A
2419,CPU_Intensive,Rejected,244.55982750361306,N/A,N/A,N/A,0.8147791495559001,0.0,0.0,0.0,STARLINK-34068,0,N/A,N/A,0.0,0.04101742056996678,False,0.0,0.0,0.0,87.97208789997117,0.10996510987496397,Insufficient Energy for CPU,N/A,N/A,N/A
2421,CPU_Intensive,Rejected,244.65244315789838,N/A,N/A,N/A,1.0981551946629822,0.0,0.0,0.0,STARLINK-34068,0,N/A,N/A,0.0,0.06685627927120183,False,0.0,0.0,0.0,87.97208789997117,0.10996510987496397,Insufficient Energy for CPU,N/A,N/A,N/A
2423,CPU_Intensive,Rejected,244.8114868769698,N/A,N/A,N/A,0.42621672877741607,0.0,0.0,0.0,STARLINK-34068,0,N/A,N/A,0.0,0.06571647698910911,False,0.0,0.0,0.0,87.97208789997117,0.10996510987496397,Insufficient Energy for CPU,N/A,N/A,N/A
2427,CPU_and_Data_Intensive,Rejected,245.09755297506345,N/A,N/A,N/A,0.49891118087594405,0.0,0.0,0.0,STARLINK-34068,0,N/A,N/A,0.0,0.4072910208911861,False,0.0,0.0,0.0,87.97208789997117,0.10996510987496397,Insufficient Energy for CPU+NET,N/A,N/A,N/A
2434,CPU_Intensive,Rejected,245.79369036763356,N/A,N/A,N/A,0.7813089777575608,0.0,0.0,0.0,STARLINK-34068,0,N/A,N/A,0.0,0.023443813073605248,False,0.0,0.0,0.0,87.97208789997117,0.10996510987496397,Insufficient Energy for CPU,N/A,N/A,N/A
2443,CPU_and_Data_Intensive,Rejected,246.51271692717512,N/A,N/A,N/A,0.5774868101099546,0.0,0.0,0.0,STARLINK-34068,0,N/A,N/A,0.0,16.91245600489239,False,0.0,0.0,0.0,87.97208789997117,0.10996510987496397,Insufficient Energy for CPU+NET,N/A,N/A,N/A
2446,CPU_Intensive,Rejected,246.5771139426634,N/A,N/A,N/A,1.175443480638416,0.0,0.0,0.0,STARLINK-34068,0,N/A,N/A,0.0,0.012111108038525106,False,0.0,0.0,0.0,87.97208789997117,0.10996510987496397,Insufficient Energy for CPU,N/A,N/A,N/A
2448,CPU_and_Data_Intensive,Rejected,246.70005028512895,N/A,N/A,N/A,2.3938061950957477,0.0,0.0,0.0,STARLINK-34068,0,N/A,N/A,0.0,16.180845954951018,False,0.0,0.0,0.0,87.97208789997117,0.10996510987496397,Insufficient Energy for CPU+NET,N/A,N/A,N/A
2450,CPU_and_Data_Intensive,Rejected,246.85066514619518,N/A,N/A,N/A,0.6667484207737596,0.0,0.0,0.0,STARLINK-34068,0,N/A,N/A,0.0,0.2636648338150572,False,0.0,0.0,0.0,87.97208789997117,0.10996510987496397,Insufficient Energy for CPU+NET,N/A,N/A,N/A
2452,CPU_Intensive,Rejected,247.0038213803162,N/A,N/A,N/A,0.4727537116383369,0.0,0.0,0.0,STARLINK-34068,0,N/A,N/A,0.0,0.02039243482659618,False,0.0,0.0,0.0,87.97208789997117,0.10996510987496397,Insufficient Energy for CPU,N/A,N/A,N/A
2454,CPU_and_Data_Intensive,Rejected,247.11253002755657,N/A,N/A,N/A,0.7907840803351334,0.0,0.0,0.0,STARLINK-34068,0,N/A,N/A,0.0,20.482695174391154,False,0.0,0.0,0.0,87.97208789997117,0.10996510987496397,Insufficient Energy for CPU+NET,N/A,N/A,N/A
2456,CPU_Intensive,Rejected,247.37713672330293,N/A,N/A,N/A,0.3939417271478328,0.0,0.0,0.0,STARLINK-34068,0,N/A,N/A,0.0,0.07246280936089107,False,0.0,0.0,0.0,87.97208789997117,0.10996510987496397,Insufficient Energy for CPU,N/A,N/A,N/A
2459,CPU_Intensive,Rejected,247.50059552438407,N/A,N/A,N/A,0.3215373911338331,0.0,0.0,0.0,STARLINK-34068,0,N/A,N/A,0.0,0.03917034920954736,False,0.0,0.0,0.0,87.97208789997117,0.10996510987496397,Insufficient Energy for CPU,N/A,N/A,N/A
2466,CPU_Intensive,Rejected,247.9632595709893,N/A,N/A,N/A,1.3275634726574532,0.0,0.0,0.0,STARLINK-34068,0,N/A,N/A,0.0,0.02061096967966425,False,0.0,0.0,0.0,87.97208789997117,0.10996510987496397,Insufficient Energy for CPU,N/A,N/A,N/A
2468,CPU_and_Data_Intensive,Rejected,248.07278270019611,N/A,N/A,N/A,0.9858563999925982,0.0,0.0,0.0,STARLINK-34068,0,N/A,N/A,0.0,1.3294575249905294,False,0.0,0.0,0.0,87.97208789997117,0.10996510987496397,Insufficient Energy for CPU+NET,N/A,N/A,N/A
2471,CPU_and_Data_Intensive,Rejected,248.2816564205819,N/A,N/A,N/A,2.112845611981127,0.0,0.0,0.0,STARLINK-34068,0,N/A,N/A,0.0,2.0548469833833147,False,0.0,0.0,0.0,87.97208789997117,0.10996510987496397,Insufficient Energy for CPU+NET,N/A,N/A,N/A
2473,CPU_and_Data_Intensive,Rejected,248.43856812136013,N/A,N/A,N/A,0.574603464370267,0.0,0.0,0.0,STARLINK-34068,0,N/A,N/A,0.0,0.8726906287817258,False,0.0,0.0,0.0,87.97208789997117,0.10996510987496397,Insufficient Energy for CPU+NET,N/A,N/A,N/A
2474,CPU_and_Data_Intensive,Rejected,248.45635953685198,N/A,N/A,N/A,2.185035185793782,0.0,0.0,0.0,STARLINK-34068,0,N/A,N/A,0.0,21.2072176331923,False,0.0,0.0,0.0,87.97208789997117,0.10996510987496397,Insufficient Energy for CPU+NET,N/A,N/A,N/A
2479,CPU_Intensive,Rejected,249.00448891915224,N/A,N/A,N/A,0.6748129214261831,0.0,0.0,0.0,STARLINK-34068,0,N/A,N/A,0.0,0.07724968219323304,False,0.0,0.0,0.0,87.97208789997117,0.10996510987496397,Insufficient Energy for CPU,N/A,N/A,N/A
2480,CPU_Intensive,Rejected,249.08384773988612,N/A,N/A,N/A,1.1755841149961925,0.0,0.0,0.0,STARLINK-34068,0,N/A,N/A,0.0,0.06572006038303459,False,0.0,0.0,0.0,87.97208789997117,0.10996510987496397,Insufficient Energy for CPU,N/A,N/A,N/A
2481,CPU_and_Data_Intensive,Rejected,249.1294030148883,N/A,N/A,N/A,0.9553464635673812,0.0,0.0,0.0,STARLINK-34068,0,N/A,N/A,0.0,4.146798003943366,False,0.0,0.0,0.0,87.97208789997117,0.10996510987496397,Insufficient Energy for CPU+NET,N/A,N/A,N/A
2483,CPU_Intensive,Rejected,249.17788971465308,N/A,N/A,N/A,0.6785530996931813,0.0,0.0,0.0,STARLINK-34068,0,N/A,N/A,0.0,0.08324366473771776,False,0.0,0.0,0.0,87.97208789997117,0.10996510987496397,Insufficient Energy for CPU,N/A,N/A,N/A
2490,CPU_Intensive,Rejected,249.85420779313992,N/A,N/A,N/A,0.7212013278832821,0.0,0.0,0.0,STARLINK-34068,0,N/A,N/A,0.0,0.06360228095486102,False,0.0,0.0,0.0,87.97208789997117,0.10996510987496397,Insufficient Energy for CPU,N/A,N/A,N/A
2494,CPU_Intensive,Rejected,250.15891556923276,N/A,N/A,N/A,1.4905944186589764,0.0,0.0,0.0,STARLINK-34068,0,N/A,N/A,0.0,0.06316822335398037,False,0.0,0.0,0.0,87.97208789997117,0.10996510987496397,Insufficient Energy for CPU,N/A,N/A,N/A
2498,CPU_Intensive,Rejected,250.4646337403391,N/A,N/A,N/A,0.5135432872986566,0.0,0.0,0.0,STARLINK-34068,0,N/A,N/A,0.0,0.06717800087016067,False,0.0,0.0,0.0,87.97208789997117,0.10996510987496397,Insufficient Energy for CPU,N/A,N/A,N/A
2504,CPU_Intensive,Rejected,250.65779149449466,N/A,N/A,N/A,0.32202881845104464,0.0,0.0,0.0,STARLINK-34068,0,N/A,N/A,0.0,0.08746224972804553,False,0.0,0.0,0.0,87.97208789997117,0.10996510987496397,Insufficient Energy for CPU,N/A,N/A,N/A
2507,CPU_and_Data_Intensive,Rejected,251.16885047358397,N/A,N/A,N/A,0.41268685003069894,0.0,0.0,0.0,STARLINK-34068,0,N/A,N/A,0.0,1.4529262346683256,False,0.0,0.0,0.0,87.97208789997117,0.10996510987496397,Insufficient Energy for CPU+NET,N/A,N/A,N/A
2511,CPU_and_Data_Intensive,Rejected,251.55840301540678,N/A,N/A,N/A,0.8324083799853257,0.0,0.0,0.0,STARLINK-34068,0,N/A,N/A,0.0,23.49635173587287,False,0.0,0.0,0.0,87.97208789997117,0.10996510987496397,Insufficient Energy for CPU+NET,N/A,N/A,N/A
2516,CPU_and_Data_Intensive,Rejected,251.9862214174013,N/A,N/A,N/A,0.8592844843756979,0.0,0.0,0.0,STARLINK-34068,0,N/A,N/A,0.0,0.6907332462403863,False,0.0,0.0,0.0,87.97208789997117,0.10996510987496397,Insufficient Energy for CPU+NET,N/A,N/A,N/A
2518,CPU_Intensive,Rejected,252.134696705868,N/A,N/A,N/A,0.565435066363835,0.0,0.0,0.0,STARLINK-34068,0,N/A,N/A,0.0,0.01993559041828614,False,0.0,0.0,0.0,87.97208789997117,0.10996510987496397,Insufficient Energy for CPU,N/A,N/A,N/A
2519,CPU_Intensive,Rejected,252.19361984070025,N/A,N/A,N/A,0.3041351816795393,0.0,0.0,0.0,STARLINK-34068,0,N/A,N/A,0.0,0.03485547071550233,False,0.0,0.0,0.0,87.97208789997117,0.10996510987496397,Insufficient Energy for CPU,N/A,N/A,N/A
2522,CPU_and_Data_Intensive,Rejected,252.479076915049,N/A,N/A,N/A,1.4508030211551275,0.0,0.0,0.0,STARLINK-34068,0,N/A,N/A,0.0,0.4462959843023129,False,0.0,0.0,0.0,87.97208789997117,0.10996510987496397,Insufficient Energy for CPU+NET,N/A,N/A,N/A
2526,CPU_and_Data_Intensive,Rejected,252.7320916294075,N/A,N/A,N/A,0.7049436726974782,0.0,0.0,0.0,STARLINK-34068,0,N/A,N/A,0.0,1.1738682960707236,False,0.0,0.0,0.0,87.97208789997117,0.10996510987496397,Insufficient Energy for CPU+NET,N/A,N/A,N/A
2527,CPU_and_Data_Intensive,Rejected,252.94585291032982,N/A,N/A,N/A,0.5667509760438529,0.0,0.0,0.0,STARLINK-34068,0,N/A,N/A,0.0,0.6812695325898349,False,0.0,0.0,0.0,87.97208789997117,0.10996510987496397,Insufficient Energy for CPU+NET,N/A,N/A,N/A
2532,CPU_Intensive,Rejected,253.09451368977236,N/A,N/A,N/A,1.5501496045424017,0.0,0.0,0.0,STARLINK-34068,0,N/A,N/A,0.0,0.020545805328995137,False,0.0,0.0,0.0,87.97208789997117,0.10996510987496397,Insufficient Energy for CPU,N/A,N/A,N/A
2533,CPU_and_Data_Intensive,Rejected,253.09624146307905,N/A,N/A,N/A,0.4156739407827516,0.0,0.0,0.0,STARLINK-34068,0,N/A,N/A,0.0,8.316250594319543,False,0.0,0.0,0.0,87.97208789997117,0.10996510987496397,Insufficient Energy for CPU+NET,N/A,N/A,N/A
2536,CPU_Intensive,Rejected,253.6236282652137,N/A,N/A,N/A,1.5371483133009778,0.0,0.0,0.0,STARLINK-34068,0,N/A,N/A,0.0,0.06623267388318527,False,0.0,0.0,0.0,87.97208789997117,0.10996510987496397,Insufficient Energy for CPU,N/A,N/A,N/A
2538,CPU_and_Data_Intensive,Rejected,253.8664736982416,N/A,N/A,N/A,0.6527863986930728,0.0,0.0,0.0,STARLINK-34068,0,N/A,N/A,0.0,1.0275325365070271,False,0.0,0.0,0.0,87.97208789997117,0.10996510987496397,Insufficient Energy for CPU+NET,N/A,N/A,N/A
2539,CPU_Intensive,Rejected,254.22373397903024,N/A,N/A,N/A,0.6577767573891182,0.0,0.0,0.0,STARLINK-34068,0,N/A,N/A,0.0,0.011675618487661453,False,0.0,0.0,0.0,87.97208789997117,0.10996510987496397,Insufficient Energy for CPU,N/A,N/A,N/A
2540,CPU_and_Data_Intensive,Rejected,254.3242569897797,N/A,N/A,N/A,0.33930269587899575,0.0,0.0,0.0,STARLINK-34068,0,N/A,N/A,0.0,23.47619946492035,False,0.0,0.0,0.0,87.97208789997117,0.10996510987496397,Insufficient Energy for CPU+NET,N/A,N/A,N/A
2546,CPU_and_Data_Intensive,Rejected,254.79703171281855,N/A,N/A,N/A,0.7206290109253767,0.0,0.0,0.0,STARLINK-34068,0,N/A,N/A,0.0,5.259100401628035,False,0.0,0.0,0.0,87.97208789997117,0.10996510987496397,Insufficient Energy for CPU+NET,N/A,N/A,N/A
2552,CPU_Intensive,Rejected,255.16992844377566,N/A,N/A,N/A,0.9954714173826759,0.0,0.0,0.0,STARLINK-34068,0,N/A,N/A,0.0,0.027016741168004677,False,0.0,0.0,0.0,87.97208789997117,0.10996510987496397,Insufficient Energy for CPU,N/A,N/A,N/A
2558,CPU_Intensive,Rejected,255.8043901079821,N/A,N/A,N/A,0.4375053077127638,0.0,0.0,0.0,STARLINK-34068,0,N/A,N/A,0.0,0.02740491985376807,False,0.0,0.0,0.0,87.97208789997117,0.10996510987496397,Insufficient Energy for CPU,N/A,N/A,N/A
2564,CPU_and_Data_Intensive,Rejected,256.4098900961631,N/A,N/A,N/A,0.31737571459210306,0.0,0.0,0.0,STARLINK-34068,0,N/A,N/A,0.0,6.469340844143056,False,0.0,0.0,0.0,87.97208789997117,0.10996510987496397,Insufficient Energy for CPU+NET,N/A,N/A,N/A
2569,CPU_and_Data_Intensive,Rejected,257.11468188288393,N/A,N/A,N/A,0.8519168859147229,0.0,0.0,0.0,STARLINK-34068,0,N/A,N/A,0.0,1.0620790534939222,False,0.0,0.0,0.0,87.97208789997117,0.10996510987496397,Insufficient Energy for CPU+NET,N/A,N/A,N/A
2573,CPU_Intensive,Rejected,257.3439989632289,N/A,N/A,N/A,1.3698390721731537,0.0,0.0,0.0,STARLINK-34068,0,N/A,N/A,0.0,0.027975366738096766,False,0.0,0.0,0.0,87.97208789997117,0.10996510987496397,Insufficient Energy for CPU,N/A,N/A,N/A
2574,CPU_and_Data_Intensive,Rejected,257.379254823337,N/A,N/A,N/A,0.8030596571963734,0.0,0.0,0.0,STARLINK-34068,0,N/A,N/A,0.0,19.47014675860763,False,0.0,0.0,0.0,87.97208789997117,0.10996510987496397,Insufficient Energy for CPU+NET,N/A,N/A,N/A
2576,CPU_Intensive,Rejected,257.7164772309212,N/A,N/A,N/A,0.9487828798282999,0.0,0.0,0.0,STARLINK-34068,0,N/A,N/A,0.0,0.028133859755310006,False,0.0,0.0,0.0,87.97208789997117,0.10996510987496397,Insufficient Energy for CPU,N/A,N/A,N/A
2575,CPU_and_Data_Intensive,Rejected,257.5543383474219,N/A,N/A,N/A,1.623802509263377,0.0,0.0,0.0,STARLINK-34068,0,N/A,N/A,0.0,359.7481954497066,False,0.0,0.0,0.0,87.97208789997117,0.10996510987496397,Insufficient Energy for CPU+NET,N/A,N/A,N/A
2577,CPU_and_Data_Intensive,Rejected,257.7871405499862,N/A,N/A,N/A,0.9620973776555648,0.0,0.0,0.0,STARLINK-34068,0,N/A,N/A,0.0,1.140885257258035,False,0.0,0.0,0.0,87.97208789997117,0.10996510987496397,Insufficient Energy for CPU+NET,N/A,N/A,N/A
2582,CPU_Intensive,Rejected,258.4218753214065,N/A,N/A,N/A,0.9403998188838577,0.0,0.0,0.0,STARLINK-34068,0,N/A,N/A,0.0,0.046318091894679315,False,0.0,0.0,0.0,87.97208789997117,0.10996510987496397,Insufficient Energy for CPU,N/A,N/A,N/A
2583,CPU_Intensive,Rejected,258.4876946688169,N/A,N/A,N/A,0.6018862324489355,0.0,0.0,0.0,STARLINK-34068,0,N/A,N/A,0.0,0.0244007389392882,False,0.0,0.0,0.0,87.97208789997117,0.10996510987496397,Insufficient Energy for CPU,N/A,N/A,N/A
2584,CPU_and_Data_Intensive,Rejected,258.9943124413116,N/A,N/A,N/A,0.6852002452397908,0.0,0.0,0.0,STARLINK-34068,0,N/A,N/A,0.0,1.4761950119344296,False,0.0,0.0,0.0,87.97208789997117,0.10996510987496397,Insufficient Energy for CPU+NET,N/A,N/A,N/A
2586,CPU_Intensive,Rejected,259.0767762575558,N/A,N/A,N/A,0.3025878129574232,0.0,0.0,0.0,STARLINK-34068,0,N/A,N/A,0.0,0.03261615568787848,False,0.0,0.0,0.0,87.97208789997117,0.10996510987496397,Insufficient Energy for CPU,N/A,N/A,N/A
2591,CPU_and_Data_Intensive,Rejected,259.6065355998348,N/A,N/A,N/A,1.4942356063589803,0.0,0.0,0.0,STARLINK-34068,0,N/A,N/A,0.0,231.35379908804217,False,0.0,0.0,0.0,87.97208789997117,0.10996510987496397,Insufficient Energy for CPU+NET,N/A,N/A,N/A
2594,CPU_Intensive,Rejected,260.02496545496103,N/A,N/A,N/A,0.6856487427158203,0.0,0.0,0.0,STARLINK-34068,0,N/A,N/A,0.0,0.05642647517519204,False,0.0,0.0,0.0,87.97208789997117,0.10996510987496397,Insufficient Energy for CPU,N/A,N/A,N/A
2602,CPU_and_Data_Intensive,Rejected,260.5970960872483,N/A,N/A,N/A,1.1725732524227876,0.0,0.0,0.0,STARLINK-34068,0,N/A,N/A,0.0,210.68301127759025,False,0.0,0.0,0.0,87.97208789997117,0.10996510987496397,Insufficient Energy for CPU+NET,N/A,N/A,N/A
2605,CPU_and_Data_Intensive,Rejected,260.78550970472287,N/A,N/A,N/A,0.7222197599750783,0.0,0.0,0.0,STARLINK-34068,0,N/A,N/A,0.0,1.212702159639705,False,0.0,0.0,0.0,87.97208789997117,0.10996510987496397,Insufficient Energy for CPU+NET,N/A,N/A,N/A
2608,CPU_and_Data_Intensive,Rejected,261.13112335581565,N/A,N/A,N/A,0.5977685646757075,0.0,0.0,0.0,STARLINK-34068,0,N/A,N/A,0.0,0.5086019538695203,False,0.0,0.0,0.0,87.97208789997117,0.10996510987496397,Insufficient Energy for CPU+NET,N/A,N/A,N/A
2612,CPU_and_Data_Intensive,Rejected,261.36989225052446,N/A,N/A,N/A,1.562443818981528,0.0,0.0,0.0,STARLINK-34068,0,N/A,N/A,0.0,0.597772071755338,False,0.0,0.0,0.0,87.97208789997117,0.10996510987496397,Insufficient Energy for CPU+NET,N/A,N/A,N/A
2615,CPU_and_Data_Intensive,Rejected,261.64052381396397,N/A,N/A,N/A,0.9486077387377878,0.0,0.0,0.0,STARLINK-34068,0,N/A,N/A,0.0,0.9335531669035162,False,0.0,0.0,0.0,87.97208789997117,0.10996510987496397,Insufficient Energy for CPU+NET,N/A,N/A,N/A
2618,CPU_Intensive,Rejected,262.0663677960357,N/A,N/A,N/A,1.7952063107996334,0.0,0.0,0.0,STARLINK-34068,0,N/A,N/A,0.0,0.07987910449173703,False,0.0,0.0,0.0,87.97208789997117,0.10996510987496397,Insufficient Energy for CPU,N/A,N/A,N/A
2620,CPU_Intensive,Rejected,262.23837699810025,N/A,N/A,N/A,0.450371701248877,0.0,0.0,0.0,STARLINK-34068,0,N/A,N/A,0.0,0.051981565889011046,False,0.0,0.0,0.0,87.97208789997117,0.10996510987496397,Insufficient Energy for CPU,N/A,N/A,N/A
2628,CPU_and_Data_Intensive,Rejected,262.8794589417696,N/A,N/A,N/A,0.3846419560161762,0.0,0.0,0.0,STARLINK-34068,0,N/A,N/A,0.0,0.048587649898128096,False,0.0,0.0,0.0,87.97208789997117,0.10996510987496397,Insufficient Energy for CPU+NET,N/A,N/A,N/A
2638,CPU_and_Data_Intensive,Rejected,263.5168752870845,N/A,N/A,N/A,0.5472768988358357,0.0,0.0,0.0,STARLINK-34068,0,N/A,N/A,0.0,1.9615956132944252,False,0.0,0.0,0.0,87.97208789997117,0.10996510987496397,Insufficient Energy for CPU+NET,N/A,N/A,N/A
2641,CPU_and_Data_Intensive,Rejected,263.8130810241393,N/A,N/A,N/A,0.5796162972642697,0.0,0.0,0.0,STARLINK-34068,0,N/A,N/A,0.0,12.218822783931511,False,0.0,0.0,0.0,87.97208789997117,0.10996510987496397,Insufficient Energy for CPU+NET,N/A,N/A,N/A
2643,CPU_and_Data_Intensive,Rejected,263.94699574653424,N/A,N/A,N/A,1.2420434278123786,0.0,0.0,0.0,STARLINK-34068,0,N/A,N/A,0.0,0.19747670276994567,False,0.0,0.0,0.0,87.97208789997117,0.10996510987496397,Insufficient Energy for CPU+NET,N/A,N/A,N/A
2648,CPU_Intensive,Rejected,264.33516610749837,N/A,N/A,N/A,0.42640165393334734,0.0,0.0,0.0,STARLINK-34068,0,N/A,N/A,0.0,0.06467113032776022,False,0.0,0.0,0.0,87.97208789997117,0.10996510987496397,Insufficient Energy for CPU,N/A,N/A,N/A
2652,CPU_Intensive,Rejected,264.7027990264591,N/A,N/A,N/A,0.7042932332856642,0.0,0.0,0.0,STARLINK-34068,0,N/A,N/A,0.0,0.05681465281325293,False,0.0,0.0,0.0,87.97208789997117,0.10996510987496397,Insufficient Energy for CPU,N/A,N/A,N/A
2655,CPU_Intensive,Rejected,265.19388457797095,N/A,N/A,N/A,0.32656021682345443,0.0,0.0,0.0,STARLINK-34068,0,N/A,N/A,0.0,0.07498747116462555,False,0.0,0.0,0.0,87.97208789997117,0.10996510987496397,Insufficient Energy for CPU,N/A,N/A,N/A
2657,CPU_Intensive,Rejected,265.3674490317483,N/A,N/A,N/A,0.6189275443951143,0.0,0.0,0.0,STARLINK-34068,0,N/A,N/A,0.0,0.05674331690257241,False,0.0,0.0,0.0,87.97208789997117,0.10996510987496397,Insufficient Energy for CPU,N/A,N/A,N/A
2660,CPU_and_Data_Intensive,Rejected,265.5711605116407,N/A,N/A,N/A,0.6807992376620584,0.0,0.0,0.0,STARLINK-34068,0,N/A,N/A,0.0,0.8681224476096,False,0.0,0.0,0.0,87.97208789997117,0.10996510987496397,Insufficient Energy for CPU+NET,N/A,N/A,N/A
2666,CPU_and_Data_Intensive,Rejected,266.25802124984244,N/A,N/A,N/A,0.7130148401197213,0.0,0.0,0.0,STARLINK-34068,0,N/A,N/A,0.0,4.519315646111163,False,0.0,0.0,0.0,87.97208789997117,0.10996510987496397,Insufficient Energy for CPU+NET,N/A,N/A,N/A
2668,CPU_Intensive,Rejected,266.71722178386983,N/A,N/A,N/A,0.8467996227135606,0.0,0.0,0.0,STARLINK-34068,0,N/A,N/A,0.0,0.05766070824428073,False,0.0,0.0,0.0,87.97208789997117,0.10996510987496397,Insufficient Energy for CPU,N/A,N/A,N/A
2672,CPU_Intensive,Rejected,267.29749527654195,N/A,N/A,N/A,0.5902051437979109,0.0,0.0,0.0,STARLINK-34068,0,N/A,N/A,0.0,0.06673354383738295,False,0.0,0.0,0.0,87.97208789997117,0.10996510987496397,Insufficient Energy for CPU,N/A,N/A,N/A
2678,CPU_and_Data_Intensive,Rejected,267.9959536193586,N/A,N/A,N/A,0.4670845841350069,0.0,0.0,0.0,STARLINK-34068,0,N/A,N/A,0.0,11.93815698571877,False,0.0,0.0,0.0,87.97208789997117,0.10996510987496397,Insufficient Energy for CPU+NET,N/A,N/A,N/A
2681,CPU_Intensive,Rejected,268.20349393900995,N/A,N/A,N/A,0.4682465571430894,0.0,0.0,0.0,STARLINK-34068,0,N/A,N/A,0.0,0.061678447548410356,False,0.0,0.0,0.0,87.97208789997117,0.10996510987496397,Insufficient Energy for CPU,N/A,N/A,N/A
2686,CPU_Intensive,Rejected,268.59247582407505,N/A,N/A,N/A,0.4125117819673798,0.0,0.0,0.0,STARLINK-34068,0,N/A,N/A,0.0,0.040038120830276414,False,0.0,0.0,0.0,87.97208789997117,0.10996510987496397,Insufficient Energy for CPU,N/A,N/A,N/A
2690,CPU_and_Data_Intensive,Rejected,269.0392348514714,N/A,N/A,N/A,1.3669353689452481,0.0,0.0,0.0,STARLINK-34068,0,N/A,N/A,0.0,1.346139999616873,False,0.0,0.0,0.0,87.97208789997117,0.10996510987496397,Insufficient Energy for CPU+NET,N/A,N/A,N/A
2692,CPU_and_Data_Intensive,Rejected,269.07699731289176,N/A,N/A,N/A,1.466745118222063,0.0,0.0,0.0,STARLINK-34068,0,N/A,N/A,0.0,347.0517558274987,False,0.0,0.0,0.0,87.97208789997117,0.10996510987496397,Insufficient Energy for CPU+NET,N/A,N/A,N/A
2696,CPU_and_Data_Intensive,Rejected,269.242665600782,N/A,N/A,N/A,0.38834666537779106,0.0,0.0,0.0,STARLINK-34068,0,N/A,N/A,0.0,0.8443493438629311,False,0.0,0.0,0.0,87.97208789997117,0.10996510987496397,Insufficient Energy for CPU+NET,N/A,N/A,N/A
2701,CPU_Intensive,Rejected,269.41913712156634,N/A,N/A,N/A,0.9809176377271154,0.0,0.0,0.0,STARLINK-34068,0,N/A,N/A,0.0,0.03871875535988359,False,0.0,0.0,0.0,87.97208789997117,0.10996510987496397,Insufficient Energy for CPU,N/A,N/A,N/A
2711,CPU_and_Data_Intensive,Rejected,270.48043443644565,N/A,N/A,N/A,1.098731328603207,0.0,0.0,0.0,STARLINK-34068,0,N/A,N/A,0.0,0.30365281508870373,False,0.0,0.0,0.0,87.97208789997117,0.10996510987496397,Insufficient Energy for CPU+NET,N/A,N/A,N/A
2713,CPU_and_Data_Intensive,Rejected,270.5782006439664,N/A,N/A,N/A,1.8348558482288162,0.0,0.0,0.0,STARLINK-34068,0,N/A,N/A,0.0,440.9111742162595,False,0.0,0.0,0.0,87.97208789997117,0.10996510987496397,Insufficient Energy for CPU+NET,N/A,N/A,N/A
2716,CPU_Intensive,Rejected,270.88641228818545,N/A,N/A,N/A,0.8264706258442277,0.0,0.0,0.0,STARLINK-34068,0,N/A,N/A,0.0,0.06813640638497799,False,0.0,0.0,0.0,87.97208789997117,0.10996510987496397,Insufficient Energy for CPU,N/A,N/A,N/A
2718,CPU_and_Data_Intensive,Rejected,271.0618003859457,N/A,N/A,N/A,0.4145614324114009,0.0,0.0,0.0,STARLINK-34068,0,N/A,N/A,0.0,11.572565795568433,False,0.0,0.0,0.0,87.97208789997117,0.10996510987496397,Insufficient Energy for CPU+NET,N/A,N/A,N/A
2719,CPU_Intensive,Rejected,271.1146929225324,N/A,N/A,N/A,0.6997254804294184,0.0,0.0,0.0,STARLINK-34068,0,N/A,N/A,0.0,0.03397905569973426,False,0.0,0.0,0.0,87.97208789997117,0.10996510987496397,Insufficient Energy for CPU,N/A,N/A,N/A
2723,CPU_and_Data_Intensive,Rejected,271.3448149693477,N/A,N/A,N/A,1.9919699793904388,0.0,0.0,0.0,STARLINK-34068,0,N/A,N/A,0.0,354.9995246965466,False,0.0,0.0,0.0,87.97208789997117,0.10996510987496397,Insufficient Energy for CPU+NET,N/A,N/A,N/A
2728,CPU_and_Data_Intensive,Rejected,271.6556386901469,N/A,N/A,N/A,1.9327707718171336,0.0,0.0,0.0,STARLINK-34068,0,N/A,N/A,0.0,1.9199298190594682,False,0.0,0.0,0.0,87.97208789997117,0.10996510987496397,Insufficient Energy for CPU+NET,N/A,N/A,N/A
2730,CPU_Intensive,Rejected,271.74442901867707,N/A,N/A,N/A,1.7996113545131343,0.0,0.0,0.0,STARLINK-34068,0,N/A,N/A,0.0,0.03025137896756127,False,0.0,0.0,0.0,87.97208789997117,0.10996510987496397,Insufficient Energy for CPU,N/A,N/A,N/A
2733,CPU_Intensive,Rejected,272.45332168809495,N/A,N/A,N/A,0.33218573392705697,0.0,0.0,0.0,STARLINK-34068,0,N/A,N/A,0.0,0.07896248293915825,False,0.0,0.0,0.0,87.97208789997117,0.10996510987496397,Insufficient Energy for CPU,N/A,N/A,N/A
2736,CPU_Intensive,Rejected,273.0548814721019,N/A,N/A,N/A,1.0062210759043946,0.0,0.0,0.0,STARLINK-34068,0,N/A,N/A,0.0,0.06336823698160805,False,0.0,0.0,0.0,87.97208789997117,0.10996510987496397,Insufficient Energy for CPU,N/A,N/A,N/A
2738,CPU_Intensive,Rejected,273.1109472073444,N/A,N/A,N/A,0.3565720921340974,0.0,0.0,0.0,STARLINK-34068,0,N/A,N/A,0.0,0.039097073783918655,False,0.0,0.0,0.0,87.97208789997117,0.10996510987496397,Insufficient Energy for CPU,N/A,N/A,N/A
2739,CPU_Intensive,Rejected,273.2018438444417,N/A,N/A,N/A,0.5177241895463054,0.0,0.0,0.0,STARLINK-34068,0,N/A,N/A,0.0,0.08092641319539222,False,0.0,0.0,0.0,87.97208789997117,0.10996510987496397,Insufficient Energy for CPU,N/A,N/A,N/A
2742,CPU_and_Data_Intensive,Rejected,273.53556348789976,N/A,N/A,N/A,0.5315721107651847,0.0,0.0,0.0,STARLINK-34068,0,N/A,N/A,0.0,1.6254652694450498,False,0.0,0.0,0.0,87.97208789997117,0.10996510987496397,Insufficient Energy for CPU+NET,N/A,N/A,N/A
2743,CPU_and_Data_Intensive,Rejected,273.63752013619876,N/A,N/A,N/A,0.5012496850599506,0.0,0.0,0.0,STARLINK-34068,0,N/A,N/A,0.0,1.2117927659093781,False,0.0,0.0,0.0,87.97208789997117,0.10996510987496397,Insufficient Energy for CPU+NET,N/A,N/A,N/A
2749,CPU_Intensive,Rejected,274.803263897245,N/A,N/A,N/A,1.570872457164136,0.0,0.0,0.0,STARLINK-34068,0,N/A,N/A,0.0,0.02115040223973201,False,0.0,0.0,0.0,87.97208789997117,0.10996510987496397,Insufficient Energy for CPU,N/A,N/A,N/A
2751,CPU_and_Data_Intensive,Rejected,274.9653782933568,N/A,N/A,N/A,0.6775304772011438,0.0,0.0,0.0,STARLINK-34068,0,N/A,N/A,0.0,5.946655738656175,False,0.0,0.0,0.0,87.97208789997117,0.10996510987496397,Insufficient Energy for CPU+NET,N/A,N/A,N/A
2753,CPU_and_Data_Intensive,Rejected,275.0625198560185,N/A,N/A,N/A,0.3667870680471555,0.0,0.0,0.0,STARLINK-34068,0,N/A,N/A,0.0,0.1959186830767406,False,0.0,0.0,0.0,87.97208789997117,0.10996510987496397,Insufficient Energy for CPU+NET,N/A,N/A,N/A
2758,CPU_Intensive,Rejected,275.4869570207488,N/A,N/A,N/A,0.9006807007104364,0.0,0.0,0.0,STARLINK-34068,0,N/A,N/A,0.0,0.06981959418255324,False,0.0,0.0,0.0,87.97208789997117,0.10996510987496397,Insufficient Energy for CPU,N/A,N/A,N/A
2759,CPU_Intensive,Rejected,275.49044793476185,N/A,N/A,N/A,2.239108699150044,0.0,0.0,0.0,STARLINK-34068,0,N/A,N/A,0.0,0.06770210961120797,False,0.0,0.0,0.0,87.97208789997117,0.10996510987496397,Insufficient Energy for CPU,N/A,N/A,N/A
2761,CPU_Intensive,Rejected,275.71274446465134,N/A,N/A,N/A,1.1787679635237005,0.0,0.0,0.0,STARLINK-34068,0,N/A,N/A,0.0,0.04341075921073872,False,0.0,0.0,0.0,87.97208789997117,0.10996510987496397,Insufficient Energy for CPU,N/A,N/A,N/A
2763,CPU_Intensive,Rejected,275.78257908008067,N/A,N/A,N/A,1.2145034967341208,0.0,0.0,0.0,STARLINK-34068,0,N/A,N/A,0.0,0.07643080840063694,False,0.0,0.0,0.0,87.97208789997117,0.10996510987496397,Insufficient Energy for CPU,N/A,N/A,N/A
2766,CPU_Intensive,Rejected,275.9478452949218,N/A,N/A,N/A,1.0498049919415686,0.0,0.0,0.0,STARLINK-34068,0,N/A,N/A,0.0,0.015655158308062064,False,0.0,0.0,0.0,87.97208789997117,0.10996510987496397,Insufficient Energy for CPU,N/A,N/A,N/A
2767,CPU_Intensive,Rejected,276.1059512811474,N/A,N/A,N/A,0.7122862722801708,0.0,0.0,0.0,STARLINK-34068,0,N/A,N/A,0.0,0.08770989159006488,False,0.0,0.0,0.0,87.97208789997117,0.10996510987496397,Insufficient Energy for CPU,N/A,N/A,N/A
2770,CPU_and_Data_Intensive,Rejected,276.8320079501249,N/A,N/A,N/A,0.4365655622977942,0.0,0.0,0.0,STARLINK-34068,0,N/A,N/A,0.0,1.9635646167827179,False,0.0,0.0,0.0,87.97208789997117,0.10996510987496397,Insufficient Energy for CPU+NET,N/A,N/A,N/A
2773,CPU_and_Data_Intensive,Rejected,277.1757930957195,N/A,N/A,N/A,0.9591800627448782,0.0,0.0,0.0,STARLINK-34068,0,N/A,N/A,0.0,21.583061773017363,False,0.0,0.0,0.0,87.97208789997117,0.10996510987496397,Insufficient Energy for CPU+NET,N/A,N/A,N/A
2778,CPU_Intensive,Rejected,277.65376998387524,N/A,N/A,N/A,0.35146347992900384,0.0,0.0,0.0,STARLINK-34068,0,N/A,N/A,0.0,0.08322790598584717,False,0.0,0.0,0.0,87.97208789997117,0.10996510987496397,Insufficient Energy for CPU,N/A,N/A,N/A
2779,CPU_Intensive,Rejected,277.6668372526873,N/A,N/A,N/A,0.3816126975008405,0.0,0.0,0.0,STARLINK-34068,0,N/A,N/A,0.0,0.04052980706113517,False,0.0,0.0,0.0,87.97208789997117,0.10996510987496397,Insufficient Energy for CPU,N/A,N/A,N/A
2780,CPU_Intensive,Rejected,277.82680531992304,N/A,N/A,N/A,0.7339826853348383,0.0,0.0,0.0,STARLINK-34068,0,N/A,N/A,0.0,0.08035945831029186,False,0.0,0.0,0.0,87.97208789997117,0.10996510987496397,Insufficient Energy for CPU,N/A,N/A,N/A
2784,CPU_and_Data_Intensive,Rejected,278.33812626782316,N/A,N/A,N/A,0.7473540318275717,0.0,0.0,0.0,STARLINK-34068,0,N/A,N/A,0.0,7.187657406039341,False,0.0,0.0,0.0,87.97208789997117,0.10996510987496397,Insufficient Energy for CPU+NET,N/A,N/A,N/A
2786,CPU_Intensive,Rejected,278.48322033559083,N/A,N/A,N/A,0.5060599627376263,0.0,0.0,0.0,STARLINK-34068,0,N/A,N/A,0.0,0.06719474827780397,False,0.0,0.0,0.0,87.97208789997117,0.10996510987496397,Insufficient Energy for CPU,N/A,N/A,N/A
2789,CPU_and_Data_Intensive,Rejected,278.89067021643325,N/A,N/A,N/A,0.7821714300767939,0.0,0.0,0.0,STARLINK-34068,0,N/A,N/A,0.0,0.8982908063588078,False,0.0,0.0,0.0,87.97208789997117,0.10996510987496397,Insufficient Energy for CPU+NET,N/A,N/A,N/A
2792,CPU_Intensive,Rejected,278.98787879457484,N/A,N/A,N/A,0.6880234661432415,0.0,0.0,0.0,STARLINK-34068,0,N/A,N/A,0.0,0.081806856931951,False,0.0,0.0,0.0,87.97208789997117,0.10996510987496397,Insufficient Energy for CPU,N/A,N/A,N/A
2793,CPU_Intensive,Rejected,279.3769619231724,N/A,N/A,N/A,1.2069175714957974,0.0,0.0,0.0,STARLINK-34068,0,N/A,N/A,0.0,0.0725782185126045,False,0.0,0.0,0.0,87.97208789997117,0.10996510987496397,Insufficient Energy for CPU,N/A,N/A,N/A
2795,CPU_Intensive,Rejected,279.5194547998066,N/A,N/A,N/A,0.4585342651567653,0.0,0.0,0.0,STARLINK-34068,0,N/A,N/A,0.0,0.06604468397056192,False,0.0,0.0,0.0,87.97208789997117,0.10996510987496397,Insufficient Energy for CPU,N/A,N/A,N/A
2798,CPU_and_Data_Intensive,Rejected,279.7853442285304,N/A,N/A,N/A,0.5405966737301308,0.0,0.0,0.0,STARLINK-34068,0,N/A,N/A,0.0,21.224854331151597,False,0.0,0.0,0.0,87.97208789997117,0.10996510987496397,Insufficient Energy for CPU+NET,N/A,N/A,N/A
2799,CPU_Intensive,Rejected,279.83107080773937,N/A,N/A,N/A,0.7966018872851568,0.0,0.0,0.0,STARLINK-34068,0,N/A,N/A,0.0,0.04491143398747315,False,0.0,0.0,0.0,87.97208789997117,0.10996510987496397,Insufficient Energy for CPU,N/A,N/A,N/A
2800,CPU_and_Data_Intensive,Rejected,279.92826835974716,N/A,N/A,N/A,0.39180771013384597,0.0,0.0,0.0,STARLINK-34068,0,N/A,N/A,0.0,0.8704227275484825,False,0.0,0.0,0.0,87.97208789997117,0.10996510987496397,Insufficient Energy for CPU+NET,N/A,N/A,N/A
2805,CPU_and_Data_Intensive,Rejected,280.1503517700897,N/A,N/A,N/A,1.849901632743518,0.0,0.0,0.0,STARLINK-34068,0,N/A,N/A,0.0,9.9039002539734,False,0.0,0.0,0.0,87.97208789997117,0.10996510987496397,Insufficient Energy for CPU+NET,N/A,N/A,N/A
2806,CPU_and_Data_Intensive,Rejected,280.1967877038549,N/A,N/A,N/A,0.45959155583830485,0.0,0.0,0.0,STARLINK-34068,0,N/A,N/A,0.0,4.674583633740138,False,0.0,0.0,0.0,87.97208789997117,0.10996510987496397,Insufficient Energy for CPU+NET,N/A,N/A,N/A
2810,CPU_and_Data_Intensive,Rejected,280.60714172110465,N/A,N/A,N/A,1.5484998260114278,0.0,0.0,0.0,STARLINK-34068,0,N/A,N/A,0.0,17.627277463986776,False,0.0,0.0,0.0,87.97208789997117,0.10996510987496397,Insufficient Energy for CPU+NET,N/A,N/A,N/A
2812,CPU_Intensive,Rejected,280.8462345147454,N/A,N/A,N/A,0.6365024957901154,0.0,0.0,0.0,STARLINK-34068,0,N/A,N/A,0.0,0.06206803968745761,False,0.0,0.0,0.0,87.97208789997117,0.10996510987496397,Insufficient Energy for CPU,N/A,N/A,N/A
2815,CPU_Intensive,Rejected,281.0346548229467,N/A,N/A,N/A,1.8830757624658472,0.0,0.0,0.0,STARLINK-34068,0,N/A,N/A,0.0,0.0878381410540866,False,0.0,0.0,0.0,87.97208789997117,0.10996510987496397,Insufficient Energy for CPU,N/A,N/A,N/A
2822,CPU_Intensive,Rejected,281.64267676089503,N/A,N/A,N/A,0.31618276645464793,0.0,0.0,0.0,STARLINK-34068,0,N/A,N/A,0.0,0.07058563120709989,False,0.0,0.0,0.0,87.97208789997117,0.10996510987496397,Insufficient Energy for CPU,N/A,N/A,N/A
2830,CPU_and_Data_Intensive,Rejected,282.1234715612384,N/A,N/A,N/A,0.5837612598415473,0.0,0.0,0.0,STARLINK-34068,0,N/A,N/A,0.0,12.220791379604709,False,0.0,0.0,0.0,87.97208789997117,0.10996510987496397,Insufficient Energy for CPU+NET,N/A,N/A,N/A
2831,CPU_Intensive,Rejected,282.23097788073,N/A,N/A,N/A,0.6506858579661503,0.0,0.0,0.0,STARLINK-34068,0,N/A,N/A,0.0,0.042237930261183255,False,0.0,0.0,0.0,87.97208789997117,0.10996510987496397,Insufficient Energy for CPU,N/A,N/A,N/A
2832,CPU_and_Data_Intensive,Rejected,282.24967613480044,N/A,N/A,N/A,0.7354655585300056,0.0,0.0,0.0,STARLINK-34068,0,N/A,N/A,0.0,14.83396165963358,False,0.0,0.0,0.0,87.97208789997117,0.10996510987496397,Insufficient Energy for CPU+NET,N/A,N/A,N/A
2836,CPU_Intensive,Rejected,282.4603924976419,N/A,N/A,N/A,0.5288689924421113,0.0,0.0,0.0,STARLINK-34068,0,N/A,N/A,0.0,0.07521028349042014,False,0.0,0.0,0.0,87.97208789997117,0.10996510987496397,Insufficient Energy for CPU,N/A,N/A,N/A
2837,CPU_and_Data_Intensive,Rejected,282.4745971352152,N/A,N/A,N/A,0.37015469113253474,0.0,0.0,0.0,STARLINK-34068,0,N/A,N/A,0.0,1.2699554655016336,False,0.0,0.0,0.0,87.97208789997117,0.10996510987496397,Insufficient Energy for CPU+NET,N/A,N/A,N/A
2841,CPU_Intensive,Rejected,282.8684102456932,N/A,N/A,N/A,1.3984511893663552,0.0,0.0,0.0,STARLINK-34068,0,N/A,N/A,0.0,0.07557428127674089,False,0.0,0.0,0.0,87.97208789997117,0.10996510987496397,Insufficient Energy for CPU,N/A,N/A,N/A
2843,CPU_and_Data_Intensive,Rejected,283.1229370907265,N/A,N/A,N/A,0.3458029426180331,0.0,0.0,0.0,STARLINK-34068,0,N/A,N/A,0.0,8.38949675943611,False,0.0,0.0,0.0,87.97208789997117,0.10996510987496397,Insufficient Energy for CPU+NET,N/A,N/A,N/A
2844,CPU_and_Data_Intensive,Rejected,283.19355352090145,N/A,N/A,N/A,0.32668903137048005,0.0,0.0,0.0,STARLINK-34068,0,N/A,N/A,0.0,0.3966313739526615,False,0.0,0.0,0.0,87.97208789997117,0.10996510987496397,Insufficient Energy for CPU+NET,N/A,N/A,N/A
2848,CPU_Intensive,Rejected,283.585666556571,N/A,N/A,N/A,0.38489249808362513,0.0,0.0,0.0,STARLINK-34068,0,N/A,N/A,0.0,0.019763736681731404,False,0.0,0.0,0.0,87.97208789997117,0.10996510987496397,Insufficient Energy for CPU,N/A,N/A,N/A
2851,CPU_and_Data_Intensive,Rejected,283.73153541922335,N/A,N/A,N/A,0.3448337275901557,0.0,0.0,0.0,STARLINK-34068,0,N/A,N/A,0.0,23.454843182729544,False,0.0,0.0,0.0,87.97208789997117,0.10996510987496397,Insufficient Energy for CPU+NET,N/A,N/A,N/A
2852,CPU_Intensive,Rejected,283.97455635257404,N/A,N/A,N/A,0.5427873667932609,0.0,0.0,0.0,STARLINK-34068,0,N/A,N/A,0.0,0.02824129023839384,False,0.0,0.0,0.0,87.97208789997117,0.10996510987496397,Insufficient Energy for CPU,N/A,N/A,N/A
2853,CPU_Intensive,Rejected,284.1314311320477,N/A,N/A,N/A,0.8094621276674625,0.0,0.0,0.0,STARLINK-34068,0,N/A,N/A,0.0,0.03386839959373573,False,0.0,0.0,0.0,87.97208789997117,0.10996510987496397,Insufficient Energy for CPU,N/A,N/A,N/A
2854,CPU_Intensive,Rejected,284.1566029714746,N/A,N/A,N/A,0.8208824274288689,0.0,0.0,0.0,STARLINK-34068,0,N/A,N/A,0.0,0.04066343035731706,False,0.0,0.0,0.0,87.97208789997117,0.10996510987496397,Insufficient Energy for CPU,N/A,N/A,N/A
2857,CPU_Intensive,Rejected,284.66179388125886,N/A,N/A,N/A,0.4252536762359544,0.0,0.0,0.0,STARLINK-34068,0,N/A,N/A,0.0,0.04190647288398225,False,0.0,0.0,0.0,87.97208789997117,0.10996510987496397,Insufficient Energy for CPU,N/A,N/A,N/A
2859,CPU_Intensive,Rejected,284.74877834774384,N/A,N/A,N/A,0.4231971895428821,0.0,0.0,0.0,STARLINK-34068,0,N/A,N/A,0.0,0.08042210943594273,False,0.0,0.0,0.0,87.97208789997117,0.10996510987496397,Insufficient Energy for CPU,N/A,N/A,N/A
2867,CPU_Intensive,Rejected,285.17593234749717,N/A,N/A,N/A,0.572050467555807,0.0,0.0,0.0,STARLINK-34068,0,N/A,N/A,0.0,0.029763060346014725,False,0.0,0.0,0.0,87.97208789997117,0.10996510987496397,Insufficient Energy for CPU,N/A,N/A,N/A
2875,CPU_Intensive,Rejected,286.0924272466533,N/A,N/A,N/A,0.5000359540409011,0.0,0.0,0.0,STARLINK-34068,0,N/A,N/A,0.0,0.08736380530379396,False,0.0,0.0,0.0,87.97208789997117,0.10996510987496397,Insufficient Energy for CPU,N/A,N/A,N/A
2879,CPU_and_Data_Intensive,Rejected,287.11685918024176,N/A,N/A,N/A,0.4751581299907608,0.0,0.0,0.0,STARLINK-34068,0,N/A,N/A,0.0,7.1031894591599665,False,0.0,0.0,0.0,87.97208789997117,0.10996510987496397,Insufficient Energy for CPU+NET,N/A,N/A,N/A
2880,CPU_and_Data_Intensive,Rejected,287.2191777597777,N/A,N/A,N/A,1.8829263796079836,0.0,0.0,0.0,STARLINK-34068,0,N/A,N/A,0.0,291.87618121049695,False,0.0,0.0,0.0,87.97208789997117,0.10996510987496397,Insufficient Energy for CPU+NET,N/A,N/A,N/A
2885,CPU_Intensive,Rejected,287.60592880778484,N/A,N/A,N/A,0.9716767665868394,0.0,0.0,0.0,STARLINK-34068,0,N/A,N/A,0.0,0.062467529796549195,False,0.0,0.0,0.0,87.97208789997117,0.10996510987496397,Insufficient Energy for CPU,N/A,N/A,N/A
2886,CPU_Intensive,Rejected,287.68143507788085,N/A,N/A,N/A,0.7353979269106369,0.0,0.0,0.0,STARLINK-34068,0,N/A,N/A,0.0,0.0479657104624512,False,0.0,0.0,0.0,87.97208789997117,0.10996510987496397,Insufficient Energy for CPU,N/A,N/A,N/A
2889,CPU_and_Data_Intensive,Rejected,287.97951923505616,N/A,N/A,N/A,1.3474881637711644,0.0,0.0,0.0,STARLINK-34068,0,N/A,N/A,0.0,1.7737647820585891,False,0.0,0.0,0.0,87.97208789997117,0.10996510987496397,Insufficient Energy for CPU+NET,N/A,N/A,N/A
2898,CPU_Intensive,Rejected,288.49034305644835,N/A,N/A,N/A,0.7350460254991432,0.0,0.0,0.0,STARLINK-34068,0,N/A,N/A,0.0,0.0323827787564894,False,0.0,0.0,0.0,87.97208789997117,0.10996510987496397,Insufficient Energy for CPU,N/A,N/A,N/A
2906,CPU_and_Data_Intensive,Rejected,288.98641490833626,N/A,N/A,N/A,1.6843207807381737,0.0,0.0,0.0,STARLINK-34068,0,N/A,N/A,0.0,231.06892947409634,False,0.0,0.0,0.0,87.97208789997117,0.10996510987496397,Insufficient Energy for CPU+NET,N/A,N/A,N/A
2908,CPU_Intensive,Rejected,289.1547860639294,N/A,N/A,N/A,1.0511869710223292,0.0,0.0,0.0,STARLINK-34068,0,N/A,N/A,0.0,0.025524032630469297,False,0.0,0.0,0.0,87.97208789997117,0.10996510987496397,Insufficient Energy for CPU,N/A,N/A,N/A
2907,CPU_and_Data_Intensive,Rejected,289.0497882503011,N/A,N/A,N/A,1.8465316750462248,0.0,0.0,0.0,STARLINK-34068,0,N/A,N/A,0.0,253.5445777536126,False,0.0,0.0,0.0,87.97208789997117,0.10996510987496397,Insufficient Energy for CPU+NET,N/A,N/A,N/A
2910,CPU_Intensive,Rejected,289.234907506013,N/A,N/A,N/A,1.6021041183632967,0.0,0.0,0.0,STARLINK-34068,0,N/A,N/A,0.0,0.010792817511195638,False,0.0,0.0,0.0,87.97208789997117,0.10996510987496397,Insufficient Energy for CPU,N/A,N/A,N/A
2914,CPU_and_Data_Intensive,Rejected,289.343909145019,N/A,N/A,N/A,1.2185653978581379,0.0,0.0,0.0,STARLINK-34068,0,N/A,N/A,0.0,12.556914453748739,False,0.0,0.0,0.0,87.97208789997117,0.10996510987496397,Insufficient Energy for CPU+NET,N/A,N/A,N/A
2915,CPU_and_Data_Intensive,Rejected,289.37202131638514,N/A,N/A,N/A,0.5831635101577566,0.0,0.0,0.0,STARLINK-34068,0,N/A,N/A,0.0,1.7664663079359386,False,0.0,0.0,0.0,87.97208789997117,0.10996510987496397,Insufficient Energy for CPU+NET,N/A,N/A,N/A
2916,CPU_Intensive,Rejected,289.5205605120087,N/A,N/A,N/A,1.0584353014409413,0.0,0.0,0.0,STARLINK-34068,0,N/A,N/A,0.0,0.06597982152284267,False,0.0,0.0,0.0,87.97208789997117,0.10996510987496397,Insufficient Energy for CPU,N/A,N/A,N/A
2917,CPU_and_Data_Intensive,Rejected,289.5207384907444,N/A,N/A,N/A,1.1270849769040252,0.0,0.0,0.0,STARLINK-34068,0,N/A,N/A,0.0,143.8912273800204,False,0.0,0.0,0.0,87.97208789997117,0.10996510987496397,Insufficient Energy for CPU+NET,N/A,N/A,N/A
2918,CPU_Intensive,Rejected,289.8218084918713,N/A,N/A,N/A,0.3240166718523222,0.0,0.0,0.0,STARLINK-34068,0,N/A,N/A,0.0,0.08027426108475828,False,0.0,0.0,0.0,87.97208789997117,0.10996510987496397,Insufficient Energy for CPU,N/A,N/A,N/A
2920,CPU_and_Data_Intensive,Rejected,289.91799687027304,N/A,N/A,N/A,1.1418423583739186,0.0,0.0,0.0,STARLINK-34068,0,N/A,N/A,0.0,2.0672589410869113,False,0.0,0.0,0.0,87.97208789997117,0.10996510987496397,Insufficient Energy for CPU+NET,N/A,N/A,N/A
2922,CPU_and_Data_Intensive,Rejected,290.2096762629707,N/A,N/A,N/A,1.8983756504064762,0.0,0.0,0.0,STARLINK-34068,0,N/A,N/A,0.0,2.1985545911341906,False,0.0,0.0,0.0,87.97208789997117,0.10996510987496397,Insufficient Energy for CPU+NET,N/A,N/A,N/A
2926,CPU_Intensive,Rejected,290.62857609237665,N/A,N/A,N/A,1.449110122498973,0.0,0.0,0.0,STARLINK-34068,0,N/A,N/A,0.0,0.04850973631266247,False,0.0,0.0,0.0,87.97208789997117,0.10996510987496397,Insufficient Energy for CPU,N/A,N/A,N/A
2929,CPU_and_Data_Intensive,Rejected,290.7318256255622,N/A,N/A,N/A,0.6343341488198134,0.0,0.0,0.0,STARLINK-34068,0,N/A,N/A,0.0,1.5636737752895866,False,0.0,0.0,0.0,87.97208789997117,0.10996510987496397,Insufficient Energy for CPU+NET,N/A,N/A,N/A
2930,CPU_Intensive,Rejected,290.7402770201338,N/A,N/A,N/A,0.494773817798386,0.0,0.0,0.0,STARLINK-34068,0,N/A,N/A,0.0,0.01741383854496124,False,0.0,0.0,0.0,87.97208789997117,0.10996510987496397,Insufficient Energy for CPU,N/A,N/A,N/A
2934,CPU_Intensive,Rejected,290.97404086351014,N/A,N/A,N/A,2.0956796438623138,0.0,0.0,0.0,STARLINK-34068,0,N/A,N/A,0.0,0.07452540821721002,False,0.0,0.0,0.0,87.97208789997117,0.10996510987496397,Insufficient Energy for CPU,N/A,N/A,N/A
2935,CPU_Intensive,Rejected,291.03341636904145,N/A,N/A,N/A,1.2747992123360807,0.0,0.0,0.0,STARLINK-34068,0,N/A,N/A,0.0,0.030003199946120565,False,0.0,0.0,0.0,87.97208789997117,0.10996510987496397,Insufficient Energy for CPU,N/A,N/A,N/A
2937,CPU_Intensive,Rejected,291.64553132726826,N/A,N/A,N/A,0.9583942418568583,0.0,0.0,0.0,STARLINK-34068,0,N/A,N/A,0.0,0.045872215380635684,False,0.0,0.0,0.0,87.97208789997117,0.10996510987496397,Insufficient Energy for CPU,N/A,N/A,N/A
2938,CPU_and_Data_Intensive,Rejected,291.7603916676686,N/A,N/A,N/A,0.4556090056918821,0.0,0.0,0.0,STARLINK-34068,0,N/A,N/A,0.0,14.809981677798515,False,0.0,0.0,0.0,87.97208789997117,0.10996510987496397,Insufficient Energy for CPU+NET,N/A,N/A,N/A
2939,CPU_and_Data_Intensive,Rejected,291.84509722921223,N/A,N/A,N/A,1.206944296867643,0.0,0.0,0.0,STARLINK-34068,0,N/A,N/A,0.0,1.7873626589659755,False,0.0,0.0,0.0,87.97208789997117,0.10996510987496397,Insufficient Energy for CPU+NET,N/A,N/A,N/A
2940,CPU_and_Data_Intensive,Rejected,291.85295220739374,N/A,N/A,N/A,0.3275500136932922,0.0,0.0,0.0,STARLINK-34068,0,N/A,N/A,0.0,0.5230863892393994,False,0.0,0.0,0.0,87.97208789997117,0.10996510987496397,Insufficient Energy for CPU+NET,N/A,N/A,N/A
2943,CPU_Intensive,Rejected,292.1471396567216,N/A,N/A,N/A,0.7036850483098539,0.0,0.0,0.0,STARLINK-34068,0,N/A,N/A,0.0,0.04436175238634306,False,0.0,0.0,0.0,87.97208789997117,0.10996510987496397,Insufficient Energy for CPU,N/A,N/A,N/A
2944,CPU_Intensive,Rejected,292.25707857439653,N/A,N/A,N/A,0.4219339353346889,0.0,0.0,0.0,STARLINK-34068,0,N/A,N/A,0.0,0.05416615139755811,False,0.0,0.0,0.0,87.97208789997117,0.10996510987496397,Insufficient Energy for CPU,N/A,N/A,N/A
2946,CPU_and_Data_Intensive,Rejected,292.95922184425075,N/A,N/A,N/A,1.287711726077355,0.0,0.0,0.0,STARLINK-34068,0,N/A,N/A,0.0,1.4123269065364583,False,0.0,0.0,0.0,87.97208789997117,0.10996510987496397,Insufficient Energy for CPU+NET,N/A,N/A,N/A
2948,CPU_and_Data_Intensive,Rejected,293.07569712224506,N/A,N/A,N/A,1.25852162150432,0.0,0.0,0.0,STARLINK-34068,0,N/A,N/A,0.0,307.00623278876236,False,0.0,0.0,0.0,87.97208789997117,0.10996510987496397,Insufficient Energy for CPU+NET,N/A,N/A,N/A
2949,CPU_Intensive,Rejected,293.2446203870873,N/A,N/A,N/A,0.31362569587352096,0.0,0.0,0.0,STARLINK-34068,0,N/A,N/A,0.0,0.015055752402713798,False,0.0,0.0,0.0,87.97208789997117,0.10996510987496397,Insufficient Energy for CPU,N/A,N/A,N/A
2951,CPU_Intensive,Rejected,293.3414452313082,N/A,N/A,N/A,0.9407416949617194,0.0,0.0,0.0,STARLINK-34068,0,N/A,N/A,0.0,0.07743418414047444,False,0.0,0.0,0.0,87.97208789997117,0.10996510987496397,Insufficient Energy for CPU,N/A,N/A,N/A
2955,CPU_Intensive,Rejected,294.24072770869026,N/A,N/A,N/A,1.2316293514049663,0.0,0.0,0.0,STARLINK-34068,0,N/A,N/A,0.0,0.012715369886711864,False,0.0,0.0,0.0,87.97208789997117,0.10996510987496397,Insufficient Energy for CPU,N/A,N/A,N/A
2956,CPU_Intensive,Rejected,294.2995640934431,N/A,N/A,N/A,0.6533264027488767,0.0,0.0,0.0,STARLINK-34068,0,N/A,N/A,0.0,0.03743728002144366,False,0.0,0.0,0.0,87.97208789997117,0.10996510987496397,Insufficient Energy for CPU,N/A,N/A,N/A
2964,CPU_Intensive,Rejected,294.9404482287219,N/A,N/A,N/A,0.44109934808252876,0.0,0.0,0.0,STARLINK-34068,0,N/A,N/A,0.0,0.03362913343628011,False,0.0,0.0,0.0,87.97208789997117,0.10996510987496397,Insufficient Energy for CPU,N/A,N/A,N/A
2965,CPU_Intensive,Rejected,295.03413516062,N/A,N/A,N/A,0.5145389023738721,0.0,0.0,0.0,STARLINK-34068,0,N/A,N/A,0.0,0.012257397416079457,False,0.0,0.0,0.0,87.97208789997117,0.10996510987496397,Insufficient Energy for CPU,N/A,N/A,N/A
2966,CPU_Intensive,Rejected,295.0540004029542,N/A,N/A,N/A,0.5125178112138794,0.0,0.0,0.0,STARLINK-34068,0,N/A,N/A,0.0,0.02623230953095662,False,0.0,0.0,0.0,87.97208789997117,0.10996510987496397,Insufficient Energy for CPU,N/A,N/A,N/A
2967,CPU_and_Data_Intensive,Rejected,295.0602141772121,N/A,N/A,N/A,1.0145457085364797,0.0,0.0,0.0,STARLINK-34068,0,N/A,N/A,0.0,1.8862645066825678,False,0.0,0.0,0.0,87.97208789997117,0.10996510987496397,Insufficient Energy for CPU+NET,N/A,N/A,N/A
2970,CPU_Intensive,Rejected,295.24919654869194,N/A,N/A,N/A,0.9038904745198361,0.0,0.0,0.0,STARLINK-34068,0,N/A,N/A,0.0,0.018331740063793504,False,0.0,0.0,0.0,87.97208789997117,0.10996510987496397,Insufficient Energy for CPU,N/A,N/A,N/A
2971,CPU_Intensive,Rejected,295.25417440506993,N/A,N/A,N/A,0.9319651011327776,0.0,0.0,0.0,STARLINK-34068,0,N/A,N/A,0.0,0.01029582725614768,False,0.0,0.0,0.0,87.97208789997117,0.10996510987496397,Insufficient Energy for CPU,N/A,N/A,N/A
2978,CPU_Intensive,Rejected,296.10009346364177,N/A,N/A,N/A,0.6587017349437685,0.0,0.0,0.0,STARLINK-34068,0,N/A,N/A,0.0,0.07697018218364142,False,0.0,0.0,0.0,87.97208789997117,0.10996510987496397,Insufficient Energy for CPU,N/A,N/A,N/A
2979,CPU_Intensive,Rejected,296.19828477923505,N/A,N/A,N/A,1.0327569878315044,0.0,0.0,0.0,STARLINK-34068,0,N/A,N/A,0.0,0.06489456729362934,False,0.0,0.0,0.0,87.97208789997117,0.10996510987496397,Insufficient Energy for CPU,N/A,N/A,N/A
2981,CPU_and_Data_Intensive,Rejected,296.27573624356114,N/A,N/A,N/A,0.3788099699557682,0.0,0.0,0.0,STARLINK-34068,0,N/A,N/A,0.0,3.5905693554750218,False,0.0,0.0,0.0,87.97208789997117,0.10996510987496397,Insufficient Energy for CPU+NET,N/A,N/A,N/A
2983,CPU_Intensive,Rejected,296.6931444587979,N/A,N/A,N/A,0.4317601552075984,0.0,0.0,0.0,STARLINK-34068,0,N/A,N/A,0.0,0.07684093465108806,False,0.0,0.0,0.0,87.97208789997117,0.10996510987496397,Insufficient Energy for CPU,N/A,N/A,N/A
2984,CPU_Intensive,Rejected,296.81459900577767,N/A,N/A,N/A,0.5761800224553707,0.0,0.0,0.0,STARLINK-34068,0,N/A,N/A,0.0,0.010839868300507796,False,0.0,0.0,0.0,87.97208789997117,0.10996510987496397,Insufficient Energy for CPU,N/A,N/A,N/A
2987,CPU_Intensive,Rejected,297.0255784970645,N/A,N/A,N/A,0.755540790555044,0.0,0.0,0.0,STARLINK-34068,0,N/A,N/A,0.0,0.035703851973630615,False,0.0,0.0,0.0,87.97208789997117,0.10996510987496397,Insufficient Energy for CPU,N/A,N/A,N/A
2989,CPU_and_Data_Intensive,Rejected,297.16056437826353,N/A,N/A,N/A,0.671116184169513,0.0,0.0,0.0,STARLINK-34068,0,N/A,N/A,0.0,24.006226962882845,False,0.0,0.0,0.0,87.97208789997117,0.10996510987496397,Insufficient Energy for CPU+NET,N/A,N/A,N/A
2998,CPU_Intensive,Rejected,298.3418122046597,N/A,N/A,N/A,1.4092883958673417,0.0,0.0,0.0,STARLINK-34068,0,N/A,N/A,0.0,0.022290827529234367,False,0.0,0.0,0.0,87.97208789997117,0.10996510987496397,Insufficient Energy for CPU,N/A,N/A,N/A
3005,CPU_Intensive,Rejected,299.5018881722903,N/A,N/A,N/A,0.8950926023599414,0.0,0.0,0.0,STARLINK-34068,0,N/A,N/A,0.0,0.07445315761277596,False,0.0,0.0,0.0,87.97208789997117,0.10996510987496397,Insufficient Energy for CPU,N/A,N/A,N/A
2,CPU_and_Data_Intensive,Completed,0.5046031342244578,0.5146314261876412,0.5146314261876412,1.0400242670961708,0.5253928409085296,0.535421132871713,0.535421132871713,0.0,STARLINK-35131,1,2,2,0.010028291963183479,19.385897530805245,False,5078.604086627014,0.009016696525955928,5078.61310332354,74921.38689667646,93.65173362084556,N/A,0.5046031342244578,1.2039720423562987,0.6993689081318409
77,CPU_Intensive,Completed,9.486075511763511,9.488089859404715,9.488089859404715,9.52089601145073,0.03280615204601567,0.03482049968722025,0.03482049968721945,0.0,STARLINK-35131,1,2,1,0.00201434764120458,0.020880660069064888,False,316.4988080086282,9.711934915844134e-06,316.4988177205631,74604.88808866146,93.25611011082682,N/A,9.486075511763511,9.677603866061805,0.19152835429829373
78,Generic_Service,Completed,9.62147281233406,9.623486140493672,9.623486140493672,9.686911620349187,0.06342547985551583,0.0654388080151276,0.06543880801512714,0.0,STARLINK-35131,1,2,1,0.002013328159611768,0.01841716925218062,False,618.3684215682773,8.566125233572382e-06,618.3684301344025,73986.51966709319,92.48314958386649,N/A,9.62147281233406,9.981511947537111,0.360039135203051
82,CPU_Intensive,Completed,9.88744872692935,9.889485421661549,9.889485421661549,11.573635818855928,1.6841503971943794,1.6861870919265785,1.6861870919265787,0.0,STARLINK-35131,1,2,1,0.0020366947321990283,0.07488051042147048,False,16541.701240323546,3.4828144382079296e-05,16541.70127515169,57444.81842676965,71.80602303346207,N/A,9.88744872692935,11.802242912282852,1.914794185353502
96,CPU_Intensive,Completed,11.357539756460799,11.359564746614662,11.359564746614662,12.332250807494828,0.9726860608801662,0.9747110510340297,0.9747110510340296,0.0,STARLINK-35131,1,2,2,0.0020249901538634545,0.04659738942303661,False,9552.721586665317,2.1673204382807723e-05,9552.721608338521,47892.09684010429,59.86512105013036,N/A,11.357539756460799,12.506214948815204,1.1486751923544052
239,CPU_Intensive,Completed,25.525242193289838,25.527266152335567,25.527266152335567,25.659094276897815,0.13182812456224724,0.13385208360797632,0.13385208360797662,0.0,STARLINK-35131,1,2,1,0.002023959045729092,0.04410580405442793,False,1283.545135221392,2.0514327467175782e-05,1283.5451557357194,46608.551704882884,58.2606896311036,N/A,25.525242193289838,25.83806508518018,0.31282289189034174
243,CPU_Intensive,Completed,26.03568994106593,26.037717604230547,26.037717604230547,26.570245407825638,0.5325278035950909,0.5345554667597076,0.5345554667597092,0.0,STARLINK-35131,1,2,1,0.0020276631646166153,0.05305649323645512,False,5221.823827644271,2.467743871463029e-05,5221.82385232171,41386.7278772386,51.73340984654825,N/A,26.03568994106593,26.749808576283456,0.7141186352175275
287,Generic_Service,Completed,30.287044561727736,30.289056367723017,30.289056367723017,30.34461108732062,0.05555471959760183,0.0575665255928812,0.057566525592882556,0.0,STARLINK-35131,1,2,1,0.0020118059952793687,0.014738988222634319,False,542.04259805106,6.8553433593648e-06,542.0426049064034,40844.68527918751,51.05585659898439,N/A,30.287044561727736,30.580679169956703,0.2936346082289667
288,CPU_Intensive,Completed,30.506448111090506,30.508478038634355,30.508478038634355,30.604285493197644,0.09580745456328899,0.09783738210713877,0.09783738210713722,0.0,STARLINK-35131,1,2,1,0.0020299275438497846,0.05852817363381019,False,925.0291406687111,2.7222406341307063e-05,925.0291678911174,39919.656138518796,49.8995701731485,N/A,30.506448111090506,30.782684876473382,0.2762367653828761
293,CPU_and_Data_Intensive,Completed,31.20697066910764,31.212847873446353,31.212847873446353,31.274169491404347,0.061321617957993624,0.06719882229670635,0.0671988222967066,0.0,STARLINK-35131,1,2,2,0.005877204338712724,9.355146298941122,False,560.3086896990354,0.004351230836716801,560.3130409298722,39359.3430975889,49.19917887198612,N/A,31.20697066910764,31.387543898979704,0.18057322987206348
300,Generic_Service,Completed,31.977334051544926,31.979352186188436,31.979352186188436,32.05101079700905,0.07165861082061298,0.07367674546412462,0.07367674546412317,0.0,STARLINK-35131,1,2,1,0.0020181346435116337,0.030031630005864132,False,695.9197481007894,1.3968200002727503e-05,695.9197620689895,38663.42334948471,48.329279186855885,N/A,31.977334051544926,32.19513351548374,0.2177994639388139
302,CPU_Intensive,Completed,32.29113176116033,32.29316700578593,32.29316700578593,32.7675441337342,0.4743771279482658,0.4764123725738688,0.4764123725738685,0.0,STARLINK-35131,1,2,1,0.0020352446256030167,0.0713764508014005,False,4644.508877732997,3.319834920995372e-05,4644.508910931346,34018.914471751705,42.523643089689635,N/A,32.29113176116033,32.90173478590242,0.6106030247420904
329,CPU_and_Data_Intensive,Completed,35.32910280544461,35.33122127941832,35.33122127941832,36.17374891497319,0.8425276355548661,0.8446461095285787,0.8446461095285756,0.0,STARLINK-35131,1,2,2,0.002118473973712558,0.2724931126505882,False,8285.085731193585,0.00012674098262818053,8285.085857934568,25733.828613817117,32.167285767271395,N/A,35.32910280544461,36.32635996031737,0.9972571548727558
381,CPU_and_Data_Intensive,Completed,40.49955884634828,40.5018568716882,40.5018568716882,40.57008925931117,0.06823238762297024,0.07053041296289,0.07053041296288853,0.0,STARLINK-35131,1,2,2,0.0022980253399197694,0.7063637631154752,False,667.8402076865711,0.0003285412851699885,667.8405362278563,25065.988077589165,31.332485096986456,N/A,40.49955884634828,40.68018309179942,0.18062424545114197
392,CPU_Intensive,Completed,41.29860826010554,41.300619726170666,41.300619726170666,41.843812039959055,0.5431923137883885,0.5452037798535184,0.5452037798535159,0.0,STARLINK-35131,1,2,1,0.002011466065129874,0.013917575842493236,False,5338.242586596292,6.473291089531738e-06,5338.242593069584,19727.745490992565,24.65968186374071,N/A,41.29860826010554,41.99313375887099,0.6945254987654508
438,CPU_and_Data_Intensive,Completed,46.04323233331857,46.04849900251861,46.04849900251861,46.4659522323675,0.41745322984888844,0.42271989904892715,0.4227198990489285,0.0,STARLINK-35131,1,2,2,0.005266669200038704,7.879839909779666,False,4069.642654080838,0.0036650418185021705,4069.646319122656,15658.099171869904,19.57262396483738,N/A,46.04323233331857,46.72876160715451,0.6855292738359395
463,Generic_Service,Completed,47.4097548090375,47.411776605286306,47.411776605286306,47.470765861325916,0.05898925603960947,0.06101105228841717,0.06101105228841419,0.0,STARLINK-35131,1,2,1,0.002021796248807698,0.03887958869928798,False,568.7084742420586,1.8083529627575804e-05,568.7084923255883,15089.390697624516,18.861738372030644,N/A,47.4097548090375,47.755446933353895,0.3456921243163933
466,CPU_Intensive,Completed,47.649970264052875,47.651989748308225,47.651989748308225,48.04162280314884,0.3896330548406155,0.39165253909596276,0.39165253909596487,0.0,STARLINK-35131,1,2,1,0.0020194842553472323,0.03329285255936131,False,3822.2650072975152,1.5485047702028517e-05,3822.265022782563,11267.125690326988,14.083907112908733,N/A,47.649970264052875,48.26341532819253,0.613445064139654
487,CPU_Intensive,Completed,51.06167503410084,51.06368972969078,51.06368972969078,51.51985404610905,0.45616431641827404,0.4581790120082165,0.4581790120082161,0.0,STARLINK-35131,1,2,1,0.0020146955899424572,0.02172144868805551,False,4480.015267531315,1.010299938979326e-05,4480.015277634314,6787.11042279566,8.483888028494576,N/A,51.06167503410084,51.684599764558286,0.6229247304574486
557,Generic_Service,Completed,56.38231510125269,56.384340039842,56.384340039842,56.58106201217561,0.19672197233360578,0.198746910922911,0.19874691092291386,0.0,STARLINK-35131,1,2,1,0.002024938589305225,0.046472788040754255,False,1921.0843087781984,2.1615250251513606e-05,1921.0843303934487,4866.0261140174525,6.082532642521816,N/A,56.38231510125269,56.83675475429665,0.4544396530439556
593,CPU_Intensive,Completed,59.52944335282816,59.531483340274846,59.531483340274846,59.652946691546475,0.121463351271629,0.12350333871831284,0.12350333871831509,0.0,STARLINK-35131,1,2,1,0.0020399874466838453,0.0828370757514934,False,1170.1944284609829,3.852887244255507e-05,1170.1944669898553,3695.8316855564526,4.619789606945566,N/A,59.52944335282816,59.7613259662523,0.23188261342414052
619,Generic_Service,Completed,62.44631631030114,62.448331432428304,62.448331432428304,62.54520648896758,0.0968750565392753,0.09889017866643966,0.09889017866643712,0.0,STARLINK-35131,1,2,1,0.002015122127164362,0.02275213971438756,False,946.0705945717364,1.0582390564831424e-05,946.070605154127,2749.7610909846853,3.4372013637308565,N/A,62.44631631030114,62.77814295962818,0.3318266493270343
681,CPU_and_Data_Intensive,Completed,68.58716237333392,68.59505263232343,68.59505263232343,68.7188174168879,0.1237647845644716,0.1316550435539748,0.13165504355397672,0.0,STARLINK-35131,1,2,2,0.0078902589895032,14.21952215532908,False,1152.190752155868,0.006613731235036782,1152.1973658871032,1597.563725097575,1.9969546563719687,N/A,68.58716237333392,68.89907100694528,0.31190863361135257
725,Generic_Service,Completed,71.77707328631075,71.77910737917928,71.77910737917928,71.84884889143197,0.06974151225269054,0.07177560512121359,0.07177560512121772,0.0,STARLINK-35131,1,2,1,0.002034092868523041,0.06859332748676178,False,665.7026190759368,3.190387324965664e-05,665.7026509798101,931.8611060161031,1.1648263825201288,N/A,71.77707328631075,72.11666431176691,0.3395910254561585
789,Generic_Service,Completed,79.72079712716453,79.72281925759843,79.72281925759843,79.75878955143591,0.03597029383747952,0.03799242427138422,0.03799242427137983,0.0,STARLINK-35131,1,2,1,0.0020221304339046982,0.03968711864725662,False,342.0770473793341,1.845912495221238e-05,342.077065838459,589.7840586367396,0.7372300732959245,N/A,79.72079712716453,80.03118952228238,0.31039239511784444
914,CPU_and_Data_Intensive,Completed,92.83576661540593,92.83787070584602,92.83787070584602,92.86109310295855,0.0232223971125336,0.02532648755262547,0.02532648755261846,0.0,STARLINK-35131,1,2,2,0.0021040904400918734,0.2377365233813747,False,227.3067701930332,0.00011057512715412777,227.30688076816037,362.4771778685661,0.45309647233570766,N/A,92.83576661540593,93.04882382266582,0.21305720725989374
32000,Batch,Completed,0,0,0.0,0.1538771919924364,0.1538771919924364,0.1538771919924364,0.1538771919924364,0.0,STARLINK-30359,0,N/A,0,0.0,330.8359627837383,False,0.0,0.1538771919924364,0.1538771919924364,80000,100.0,N/A,N/A,N/A,N/A
16,Generic_Service,Completed,3.052698649257856,3.0543039253591964,3.0543039253591964,3.1682145388587983,0.11391061349960196,0.11551588960094256,0.1155158896009425,0.0,STARLINK-30359,1,2,2,0.001605276101340587,0.06888589347708818,False,1100.0233486097602,3.203995045445962e-05,1100.0233806497106,78899.82277419826,98.62477846774782,N/A,3.052698649257856,3.312841231999222,0.26014258274136637
38,Generic_Service,Completed,5.091766425201891,5.093368763777695,5.093368763777695,5.268134802660171,0.17476603888247588,0.17636837745827988,0.17636837745827982,0.0,STARLINK-30359,1,2,2,0.0016023385758039885,0.05988582048225621,False,1701.193619525379,2.7853869991747076e-05,1701.1936473792491,77198.62915467285,96.49828644334106,N/A,5.091766425201891,5.539406263570422,0.4476398383685307
47,CPU_and_Data_Intensive,Completed,5.7796138989268675,5.7890673292151735,5.7890673292151735,5.920438749795235,0.13137142058006113,0.14082485086836716,0.14082485086836716,0.0,STARLINK-30359,1,2,3,0.009453430288306024,24.11428045340876,False,1181.7395110377988,0.011215944396934307,1181.7507269821958,76016.87842769064,95.02109803461329,N/A,5.7796138989268675,6.043937763800671,0.26432386487380377
62,CPU_Intensive,Completed,7.583193119488849,7.584788826744492,7.584788826744492,8.63256105062564,1.0477722238811475,1.0493679311367912,1.049367931136791,0.0,STARLINK-30359,1,2,2,0.0015957072556436404,0.03956859608653461,False,10293.271551738017,1.840399817978354e-05,10293.271570142015,65723.60687594245,82.15450859492806,N/A,7.583193119488849,8.868294635216145,1.2851015157272965
145,CPU_and_Data_Intensive,Completed,16.97361423543076,16.97838962843658,16.97838962843658,17.387807627637493,0.4094179992009117,0.41419339220673523,0.4141933922067338,0.0,STARLINK-30359,1,2,3,0.004775393005823549,9.781578834194637,False,3981.9160384891466,0.004549571550788203,3981.9205880606974,61741.68628788174,77.17710785985219,N/A,16.97361423543076,17.54667229945876,0.5730580640280003
166,CPU_Intensive,Completed,18.694726462390175,18.69631718358287,18.69631718358287,19.10261750547722,0.4063003218943493,0.40789104308704516,0.4078910430870444,0.0,STARLINK-30359,1,2,2,0.0015907211926959,0.024292156808851238,False,3988.841098836346,1.1298677585512204e-05,3988.841110135024,57752.84518904125,72.19105648630156,N/A,18.694726462390175,19.371867319573568,0.6771408571833923
187,CPU_Intensive,Completed,19.939469076530777,19.941070302692854,19.941070302692854,20.566125350810275,0.6250550481174209,0.6266562742794984,0.6266562742794974,0.0,STARLINK-30359,1,2,2,0.0016012261620775444,0.05647757615766593,False,6130.829257847533,2.626864007333299e-05,6130.829284116173,51622.01593119371,64.52751991399214,N/A,19.939469076530777,20.699606509172327,0.7601374326415495
217,CPU_Intensive,Completed,22.911996864349153,22.913607059322462,22.913607059322462,23.640688774322232,0.7270817149997697,0.7286919099730809,0.7286919099730795,0.0,STARLINK-30359,1,2,2,0.0016101949733111753,0.08395647115750944,False,7126.173636133097,3.904952146860904e-05,7126.173675182618,44495.84229506059,55.619802868825744,N/A,22.911996864349153,23.82180538152042,0.9098085171712675
257,CPU_Intensive,Completed,27.178981941362306,27.180580466992037,27.180580466992037,27.7863279442017,0.6057474772096647,0.607346002839395,0.607346002839396,0.0,STARLINK-30359,1,2,2,0.0015985256297303112,0.048203609532631496,False,5943.375570901625,2.2420283503549533e-05,5943.375593321908,38552.466724158934,48.190583405198666,N/A,27.178981941362306,27.960683843200982,0.7817019018386766
263,CPU_and_Data_Intensive,Completed,27.589551823268565,27.6530054437256,27.6530054437256,29.36672206131333,1.7137166175877283,1.777170238044765,1.7771702380447643,0.0,STARLINK-30359,1,2,4,0.06345362045703663,189.5615751911962,False,15987.409673830505,0.08816817450753311,15987.497842005012,22564.968882153906,28.20621110269238,N/A,27.589551823268565,29.571346859255396,1.9817950359868313
417,CPU_Intensive,Completed,43.557505307253514,43.559113634851045,43.559113634851045,43.929873672496925,0.37076003764587995,0.37236836524341393,0.37236836524341044,0.0,STARLINK-30359,1,2,2,0.0016083275975339816,0.07823515296158806,False,3623.4048902926415,3.6388443237947936e-05,3623.404926681085,18941.56399178921,23.676954989736515,N/A,43.557505307253514,44.11024043780587,0.5527351305523567
434,CPU_and_Data_Intensive,Completed,45.42535729915537,45.428580723355026,45.428580723355026,46.97519660716951,1.5466158838144821,1.5498393080141373,1.5498393080141355,0.0,STARLINK-30359,1,2,3,0.0032234241996551482,5.026613348041952,False,15188.107083625324,0.0023379596967636985,15188.10942158502,3753.4545702041614,4.691818212755202,N/A,45.42535729915537,47.13935249247627,1.7139951933208977
598,CPU_Intensive,Completed,60.31084770399873,60.312449997240726,60.312449997240726,60.52473373593879,0.21228373869806205,0.21388603194005942,0.2138860319400564,0.0,STARLINK-30359,1,2,2,0.0016022932419973762,0.059746925496132426,False,2070.224371153233,2.7789267672619734e-05,2070.2243989425006,1683.2301990491078,2.104037748811385,N/A,60.31084770399873,60.66665112760134,0.35580342360260886
692,CPU_and_Data_Intensive,Completed,69.25035082624643,69.25297294043446,69.25297294043446,69.41255285680596,0.1595799163714986,0.16220203055953017,0.1622020305595271,0.0,STARLINK-30359,1,2,3,0.002622114188031559,3.1843028967080556,False,1554.915830923939,0.0014810711147479328,1554.9173119950538,128.31288705403406,0.1603911088175426,N/A,69.25035082624643,69.60349380605636,0.35314297980993103
599,CPU_Intensive,Rejected,60.45833318278139,N/A,N/A,N/A,0.8574938169770039,0.0,0.0,0.0,STARLINK-30359,0,N/A,N/A,0.0,0.054225764318292034,False,0.0,0.0,0.0,128.3128870526423,0.16039110881580287,Insufficient Energy for CPU,N/A,N/A,N/A
1154,Generic_Service,Rejected,117.52316074661972,N/A,N/A,N/A,0.016647146522531398,0.0,0.0,0.0,STARLINK-30359,0,N/A,N/A,0.0,0.08648668801106897,False,0.0,0.0,0.0,128.3128870526423,0.16039110881580287,Insufficient Energy for CPU,N/A,N/A,N/A
1207,Generic_Service,Rejected,123.21889701760271,N/A,N/A,N/A,0.016836683563492643,0.0,0.0,0.0,STARLINK-30359,0,N/A,N/A,0.0,0.03362319665793177,False,0.0,0.0,0.0,128.3128870526423,0.16039110881580287,Insufficient Energy for CPU,N/A,N/A,N/A
1224,Generic_Service,Rejected,124.7505823351543,N/A,N/A,N/A,0.017405246451534597,0.0,0.0,0.0,STARLINK-30359,0,N/A,N/A,0.0,0.0716203311399099,False,0.0,0.0,0.0,128.3128870526423,0.16039110881580287,Insufficient Energy for CPU,N/A,N/A,N/A
1279,CPU_and_Data_Intensive,Rejected,129.9260431305903,N/A,N/A,N/A,0.022533492553429582,0.0,0.0,0.0,STARLINK-30359,0,N/A,N/A,0.0,1.9414660662971215,False,0.0,0.0,0.0,128.3128870526423,0.16039110881580287,Insufficient Energy for CPU+NET,N/A,N/A,N/A
1328,Generic_Service,Rejected,134.20128655637578,N/A,N/A,N/A,0.01908109555850162,0.0,0.0,0.0,STARLINK-30359,0,N/A,N/A,0.0,0.013831772505881579,False,0.0,0.0,0.0,128.3128870526423,0.16039110881580287,Insufficient Energy for CPU,N/A,N/A,N/A
1390,Generic_Service,Rejected,141.220186682763,N/A,N/A,N/A,0.016486904290430513,0.0,0.0,0.0,STARLINK-30359,0,N/A,N/A,0.0,0.036531597894323135,False,0.0,0.0,0.0,128.3128870526423,0.16039110881580287,Insufficient Energy for CPU,N/A,N/A,N/A
1426,Generic_Service,Rejected,144.89113285779754,N/A,N/A,N/A,0.016077588777528823,0.0,0.0,0.0,STARLINK-30359,0,N/A,N/A,0.0,0.03068864868712267,False,0.0,0.0,0.0,128.3128870526423,0.16039110881580287,Insufficient Energy for CPU,N/A,N/A,N/A
1427,Generic_Service,Rejected,144.9042070697506,N/A,N/A,N/A,0.017201693139847547,0.0,0.0,0.0,STARLINK-30359,0,N/A,N/A,0.0,0.06646246136753794,False,0.0,0.0,0.0,128.3128870526423,0.16039110881580287,Insufficient Energy for CPU,N/A,N/A,N/A
1456,CPU_Intensive,Rejected,147.3898601201765,N/A,N/A,N/A,0.017208664354819703,0.0,0.0,0.0,STARLINK-30359,0,N/A,N/A,0.0,0.05188198037494085,False,0.0,0.0,0.0,128.3128870526423,0.16039110881580287,Insufficient Energy for CPU,N/A,N/A,N/A
1472,Generic_Service,Rejected,148.65370294683336,N/A,N/A,N/A,0.01716350755820625,0.0,0.0,0.0,STARLINK-30359,0,N/A,N/A,0.0,0.07643898024236928,False,0.0,0.0,0.0,128.3128870526423,0.16039110881580287,Insufficient Energy for CPU,N/A,N/A,N/A
1485,Generic_Service,Rejected,149.27923225155055,N/A,N/A,N/A,0.016892696235035302,0.0,0.0,0.0,STARLINK-30359,0,N/A,N/A,0.0,0.08303518645465598,False,0.0,0.0,0.0,128.3128870526423,0.16039110881580287,Insufficient Energy for CPU,N/A,N/A,N/A
1514,CPU_and_Data_Intensive,Rejected,152.6659757462172,N/A,N/A,N/A,0.019754284512087675,0.0,0.0,0.0,STARLINK-30359,0,N/A,N/A,0.0,0.47491919395555443,False,0.0,0.0,0.0,128.3128870526423,0.16039110881580287,Insufficient Energy for CPU+NET,N/A,N/A,N/A
1625,Generic_Service,Rejected,164.6050175337104,N/A,N/A,N/A,0.01754598291838552,0.0,0.0,0.0,STARLINK-30359,0,N/A,N/A,0.0,0.018912196827568967,False,0.0,0.0,0.0,128.3128870526423,0.16039110881580287,Insufficient Energy for CPU,N/A,N/A,N/A
1701,Generic_Service,Rejected,172.44229056780893,N/A,N/A,N/A,0.0182793806016547,0.0,0.0,0.0,STARLINK-30359,0,N/A,N/A,0.0,0.02952418750180373,False,0.0,0.0,0.0,128.3128870526423,0.16039110881580287,Insufficient Energy for CPU,N/A,N/A,N/A
1718,Generic_Service,Rejected,173.98656764381084,N/A,N/A,N/A,0.016349516806812542,0.0,0.0,0.0,STARLINK-30359,0,N/A,N/A,0.0,0.0806253318569211,False,0.0,0.0,0.0,128.3128870526423,0.16039110881580287,Insufficient Energy for CPU,N/A,N/A,N/A
1743,Generic_Service,Rejected,176.7884205521855,N/A,N/A,N/A,0.018568829086879804,0.0,0.0,0.0,STARLINK-30359,0,N/A,N/A,0.0,0.03539622611581767,False,0.0,0.0,0.0,128.3128870526423,0.16039110881580287,Insufficient Energy for CPU,N/A,N/A,N/A
1781,Generic_Service,Rejected,181.05400669232827,N/A,N/A,N/A,0.017699304758444626,0.0,0.0,0.0,STARLINK-30359,0,N/A,N/A,0.0,0.020569969263460476,False,0.0,0.0,0.0,128.3128870526423,0.16039110881580287,Insufficient Energy for CPU,N/A,N/A,N/A
1800,CPU_Intensive,Rejected,183.14816567047654,N/A,N/A,N/A,0.01680438434309219,0.0,0.0,0.0,STARLINK-30359,0,N/A,N/A,0.0,0.051404033870576696,False,0.0,0.0,0.0,128.3128870526423,0.16039110881580287,Insufficient Energy for CPU,N/A,N/A,N/A
1947,CPU_and_Data_Intensive,Rejected,196.8660703738957,N/A,N/A,N/A,0.03973435186181973,0.0,0.0,0.0,STARLINK-30359,0,N/A,N/A,0.0,14.561359076751724,False,0.0,0.0,0.0,128.3128870526423,0.16039110881580287,Insufficient Energy for CPU+NET,N/A,N/A,N/A
1949,Generic_Service,Rejected,196.94557713536756,N/A,N/A,N/A,0.01738382069444498,0.0,0.0,0.0,STARLINK-30359,0,N/A,N/A,0.0,0.07646291646709427,False,0.0,0.0,0.0,128.3128870526423,0.16039110881580287,Insufficient Energy for CPU,N/A,N/A,N/A
1978,Generic_Service,Rejected,199.05063219156358,N/A,N/A,N/A,0.017366886229914027,0.0,0.0,0.0,STARLINK-30359,0,N/A,N/A,0.0,0.0694783279289549,False,0.0,0.0,0.0,128.3128870526423,0.16039110881580287,Insufficient Energy for CPU,N/A,N/A,N/A
2107,Generic_Service,Rejected,211.48895380555447,N/A,N/A,N/A,0.017976698056350528,0.0,0.0,0.0,STARLINK-30359,0,N/A,N/A,0.0,0.05329720922880139,False,0.0,0.0,0.0,128.3128870526423,0.16039110881580287,Insufficient Energy for CPU,N/A,N/A,N/A
2139,Generic_Service,Rejected,215.07919604366492,N/A,N/A,N/A,0.017360485624157287,0.0,0.0,0.0,STARLINK-30359,0,N/A,N/A,0.0,0.043407017245860526,False,0.0,0.0,0.0,128.3128870526423,0.16039110881580287,Insufficient Energy for CPU,N/A,N/A,N/A
2179,Generic_Service,Rejected,219.3122219058168,N/A,N/A,N/A,0.01960167853815495,0.0,0.0,0.0,STARLINK-30359,0,N/A,N/A,0.0,0.03182022947440259,False,0.0,0.0,0.0,128.3128870526423,0.16039110881580287,Insufficient Energy for CPU,N/A,N/A,N/A
2193,Generic_Service,Rejected,220.74522617766348,N/A,N/A,N/A,0.01906721321601964,0.0,0.0,0.0,STARLINK-30359,0,N/A,N/A,0.0,0.016615379614770765,False,0.0,0.0,0.0,128.3128870526423,0.16039110881580287,Insufficient Energy for CPU,N/A,N/A,N/A
2430,CPU_and_Data_Intensive,Rejected,245.29089106086354,N/A,N/A,N/A,0.032144342819338735,0.0,0.0,0.0,STARLINK-30359,0,N/A,N/A,0.0,9.839319213315619,False,0.0,0.0,0.0,128.3128870526423,0.16039110881580287,Insufficient Energy for CPU+NET,N/A,N/A,N/A
2442,CPU_and_Data_Intensive,Rejected,246.4193525360357,N/A,N/A,N/A,0.023417518514367998,0.0,0.0,0.0,STARLINK-30359,0,N/A,N/A,0.0,4.819726933753334,False,0.0,0.0,0.0,128.3128870526423,0.16039110881580287,Insufficient Energy for CPU+NET,N/A,N/A,N/A
2467,Generic_Service,Rejected,247.98059670889523,N/A,N/A,N/A,0.01603284734504821,0.0,0.0,0.0,STARLINK-30359,0,N/A,N/A,0.0,0.055190082875960764,False,0.0,0.0,0.0,128.3128870526423,0.16039110881580287,Insufficient Energy for CPU,N/A,N/A,N/A
2509,Generic_Service,Rejected,251.31488519983347,N/A,N/A,N/A,0.017723612055542803,0.0,0.0,0.0,STARLINK-30359,0,N/A,N/A,0.0,0.08601405007381761,False,0.0,0.0,0.0,128.3128870526423,0.16039110881580287,Insufficient Energy for CPU,N/A,N/A,N/A
2592,CPU_and_Data_Intensive,Rejected,259.61799505138515,N/A,N/A,N/A,0.04396280189021743,0.0,0.0,0.0,STARLINK-30359,0,N/A,N/A,0.0,15.874165808935508,False,0.0,0.0,0.0,128.3128870526423,0.16039110881580287,Insufficient Energy for CPU+NET,N/A,N/A,N/A
2635,CPU_Intensive,Rejected,263.41315853594585,N/A,N/A,N/A,0.018681152495199825,0.0,0.0,0.0,STARLINK-30359,0,N/A,N/A,0.0,0.08725525653394241,False,0.0,0.0,0.0,128.3128870526423,0.16039110881580287,Insufficient Energy for CPU,N/A,N/A,N/A
2639,Generic_Service,Rejected,263.570997953963,N/A,N/A,N/A,0.01847287213533456,0.0,0.0,0.0,STARLINK-30359,0,N/A,N/A,0.0,0.05295073336954773,False,0.0,0.0,0.0,128.3128870526423,0.16039110881580287,Insufficient Energy for CPU,N/A,N/A,N/A
2707,Generic_Service,Rejected,270.24580522751705,N/A,N/A,N/A,0.019138285033768333,0.0,0.0,0.0,STARLINK-30359,0,N/A,N/A,0.0,0.022962724879004984,False,0.0,0.0,0.0,128.3128870526423,0.16039110881580287,Insufficient Energy for CPU,N/A,N/A,N/A
2714,CPU_and_Data_Intensive,Rejected,270.73812002198656,N/A,N/A,N/A,0.029131670295625384,0.0,0.0,0.0,STARLINK-30359,0,N/A,N/A,0.0,4.43462439011909,False,0.0,0.0,0.0,128.3128870526423,0.16039110881580287,Insufficient Energy for CPU+NET,N/A,N/A,N/A
2735,CPU_Intensive,Rejected,272.6822589804671,N/A,N/A,N/A,0.01672340092227554,0.0,0.0,0.0,STARLINK-30359,0,N/A,N/A,0.0,0.010646362165227338,False,0.0,0.0,0.0,128.3128870526423,0.16039110881580287,Insufficient Energy for CPU,N/A,N/A,N/A
2768,Generic_Service,Rejected,276.3025385851535,N/A,N/A,N/A,0.018623935698184664,0.0,0.0,0.0,STARLINK-30359,0,N/A,N/A,0.0,0.06504340127433092,False,0.0,0.0,0.0,128.3128870526423,0.16039110881580287,Insufficient Energy for CPU,N/A,N/A,N/A
2839,CPU_and_Data_Intensive,Rejected,282.76567558219426,N/A,N/A,N/A,0.03254411685261051,0.0,0.0,0.0,STARLINK-30359,0,N/A,N/A,0.0,8.395843262260774,False,0.0,0.0,0.0,128.3128870526423,0.16039110881580287,Insufficient Energy for CPU+NET,N/A,N/A,N/A
2850,Generic_Service,Rejected,283.7306342259712,N/A,N/A,N/A,0.017906798392920194,0.0,0.0,0.0,STARLINK-30359,0,N/A,N/A,0.0,0.010314490071757871,False,0.0,0.0,0.0,128.3128870526423,0.16039110881580287,Insufficient Energy for CPU,N/A,N/A,N/A
2876,Generic_Service,Rejected,286.45972046126707,N/A,N/A,N/A,0.01964079444489035,0.0,0.0,0.0,STARLINK-30359,0,N/A,N/A,0.0,0.08479602897919034,False,0.0,0.0,0.0,128.3128870526423,0.16039110881580287,Insufficient Energy for CPU,N/A,N/A,N/A
33000,Batch,Completed,0,0,0.0,0.1648009864448376,0.1648009864448376,0.1648009864448376,0.1648009864448376,0.0,STARLINK-1666,0,N/A,0,0.0,354.32212085640083,False,0.0,0.1648009864448376,0.1648009864448376,80000,100.0,N/A,N/A,N/A,N/A
18,CPU_Intensive,Completed,3.1759075958965974,3.17684676810228,3.17684676810228,4.038828485630445,0.861981717528165,0.8629208897338474,0.8629208897338474,0.0,STARLINK-1666,1,2,2,0.0009391722056824121,0.06308410890895222,False,8459.076932992552,2.9341446004163823e-05,8459.076962333998,71540.758266021,89.42594783252625,N/A,3.1759075958965974,4.230351921921493,1.0544443260248952
74,CPU_and_Data_Intensive,Completed,9.15484996077245,9.23045857835348,9.23045857835348,9.753331623005584,0.5228730446521048,0.5984816622331335,0.5984816622331337,0.0,STARLINK-1666,1,2,3,0.07560861758102866,224.99456756333657,False,4113.273267225709,0.1046486360759705,4113.3779158617845,67427.38035015919,84.28422543769899,N/A,9.15484996077245,9.881511854245138,0.7266618934726878
125,CPU_and_Data_Intensive,Completed,14.897382656769388,14.898995619104356,14.898995619104356,14.927066347861489,0.028070728757132457,0.029683691092101967,0.029683691092101228,0.0,STARLINK-1666,1,2,3,0.0016129623349695104,2.092784645127711,False,266.5046903337975,0.0009733882070361446,266.50566372200456,67160.87468634098,83.95109335792623,N/A,14.897382656769388,15.030693042695745,0.13331038592635736
128,CPU_Intensive,Completed,15.461322620304658,15.462250568447237,15.462250568447237,15.62480618496089,0.1625556165136537,0.16348356465623184,0.16348356465623226,0.0,STARLINK-1666,1,2,2,0.0009279481425781501,0.029273155154883594,False,1590.1231552123604,1.3615421002271438e-05,1590.1231688277815,65570.75153112768,81.9634394139096,N/A,15.461322620304658,15.732595227527716,0.27127260722305735
127,CPU_and_Data_Intensive,Completed,15.456301448830484,15.463305271954825,15.463305271954825,15.951204083327399,0.48789881137257396,0.49490263449691557,0.4949026344969152,0.0,STARLINK-1666,1,2,4,0.007003823124341595,18.33201487316055,False,4714.66800287125,0.00852651854565607,4714.676529389795,60856.07500173787,76.07009375217233,N/A,15.456301448830484,16.13620585492252,0.6799044060920352
170,CPU_and_Data_Intensive,Completed,18.891255603825453,18.89420122162406,18.89420122162406,19.1098974373348,0.21569621571074293,0.21864183350934835,0.21864183350934852,0.0,STARLINK-1666,1,2,3,0.0029456177986054047,6.107226815716548,False,2093.45369808446,0.0028405706119611854,2093.456538655072,58762.61846307602,73.45327307884503,N/A,18.891255603825453,19.270158882149396,0.37890327832394277
184,CPU_Intensive,Completed,19.84207492993696,19.843005789210274,19.843005789210274,19.88300041225252,0.03999462304224721,0.04092548231556095,0.04092548231556137,0.0,STARLINK-1666,1,2,2,0.0009308592733137412,0.038042538020857206,False,382.14125323559557,1.769420373063126e-05,382.1412709297993,58380.477209838005,72.9755965122975,N/A,19.84207492993696,20.088659012324563,0.24658408238760288
185,CPU_Intensive,Completed,19.886651609755262,19.887582944298284,19.887582944298284,20.08441726015539,0.19683431585710665,0.19776565040012917,0.19776565040012883,0.0,STARLINK-1666,1,2,2,0.0009313345430225348,0.03947422296377463,False,1924.2513614033585,1.8360103704081225e-05,1924.2513797634622,56456.22584843463,70.57028231054329,N/A,19.886651609755262,20.191543572337693,0.3048919625824311
183,CPU_and_Data_Intensive,Completed,19.841161345368736,19.9349003627312,19.9349003627312,20.548777288299096,0.6138769255678973,0.707615942930359,0.7076159429303601,0.0,STARLINK-1666,1,2,4,0.09373901736246168,279.60991521939445,False,4758.4686532285605,0.13005112335785787,4758.598704351918,51697.6271440827,64.62203393010337,N/A,19.841161345368736,20.801795409763493,0.9606340643947568
193,Generic_Service,Completed,20.418143640247653,20.419089719829177,20.419089719829177,20.608476508536384,0.18938678870720693,0.1903328682887296,0.1903328682887313,0.0,STARLINK-1666,1,2,2,0.0009460795815226795,0.08389163314752893,False,1837.9165883700928,3.901936425466462e-05,1837.916627389457,49859.71055559441,62.32463819449301,N/A,20.418143640247653,20.90179551614049,0.48365187589283565
221,Generic_Service,Completed,23.476981544323067,23.477920226854966,23.477920226854966,23.489587015491907,0.011666788636940595,0.01260547116884013,0.0126054711688397,0.0,STARLINK-1666,1,2,2,0.0009386825318995344,0.06160903366448295,False,96.59062362778924,2.8655364495108347e-05,96.59065228315373,49763.11993196659,62.203899914958235,N/A,23.476981544323067,23.62022258894956,0.14324104462649245
225,CPU_and_Data_Intensive,Completed,23.863496677581715,23.933186360734496,23.933186360734496,26.907684123859706,2.9744977631252105,3.044187446277991,3.0441874462779914,0.0,STARLINK-1666,1,2,3,0.06968968315278061,207.16458778080434,False,28306.777138501526,0.09635562222362992,28306.87349412375,21456.24643784282,26.820308047303527,N/A,23.863496677581715,27.153663947265663,3.2901672696839483
424,CPU_Intensive,Completed,44.4633211754564,44.464243631531446,44.464243631531446,45.09949748080383,0.6352538492723809,0.636176305347429,0.6361763053474263,0.0,STARLINK-1666,1,2,2,0.0009224560750480923,0.012729053473693488,False,6244.02595957887,5.920489987764413e-06,6244.025965499361,15212.220478191099,19.015275597738874,N/A,44.4633211754564,45.21453107838986,0.7512099029334607
428,CPU_and_Data_Intensive,Completed,45.01748543741107,45.06663739992907,45.06663739992907,46.236053904471504,1.1694165045424327,1.2185684670604358,1.218568467060436,0.0,STARLINK-1666,1,2,4,0.04915196251800302,145.2975155676446,False,10836.655058128477,0.06758023979890447,10836.722638368276,4375.497839822817,5.469372299778521,N/A,45.01748543741107,46.425641704399546,1.4081562669884775
565,CPU_Intensive,Completed,57.55323670375272,57.554158389108444,57.554158389108444,57.780354396617874,0.22619600750942936,0.2271176928651574,0.22711769286515704,0.0,STARLINK-1666,1,2,2,0.000921685355728045,0.010407367017958151,False,2221.5907611822895,4.840635822306117e-06,2221.5907660229254,2153.907078592347,2.6923838482404334,N/A,57.55323670375272,57.94030044732792,0.38706374357520446
647,Generic_Service,Completed,64.5550165492385,64.55595122610251,64.55595122610251,64.77424855539572,0.21829732929320755,0.21923200615721009,0.21923200615721328,0.0,STARLINK-1666,1,2,2,0.0009346768640025385,0.049542507419806064,False,2132.3753120840197,2.3043026706886542e-05,2132.3753351270466,21.53176650832347,0.026914708135404343,N/A,64.5550165492385,64.88464549058543,0.32962894134692533
618,CPU_and_Data_Intensive,Rejected,62.31065518331927,N/A,N/A,N/A,0.3459937802171274,0.0,0.0,0.0,STARLINK-1666,0,N/A,N/A,0.0,0.7552898124731127,False,0.0,0.0,0.0,21.53176650830779,0.02691470813538474,Insufficient Energy for CPU+NET,N/A,N/A,N/A
625,CPU_Intensive,Rejected,63.021142791427465,N/A,N/A,N/A,0.3449026295748456,0.0,0.0,0.0,STARLINK-1666,0,N/A,N/A,0.0,0.06910713979863095,False,0.0,0.0,0.0,21.53176650830779,0.02691470813538474,Insufficient Energy for CPU,N/A,N/A,N/A
637,CPU_and_Data_Intensive,Rejected,63.89703439586203,N/A,N/A,N/A,0.21975323530468627,0.0,0.0,0.0,STARLINK-1666,0,N/A,N/A,0.0,0.3631951192894528,False,0.0,0.0,0.0,21.53176650830779,0.02691470813538474,Insufficient Energy for CPU+NET,N/A,N/A,N/A
645,CPU_and_Data_Intensive,Rejected,64.48068091341541,N/A,N/A,N/A,0.2723106524308516,0.0,0.0,0.0,STARLINK-1666,0,N/A,N/A,0.0,2.0528918023059575,False,0.0,0.0,0.0,21.53176650830779,0.02691470813538474,Insufficient Energy for CPU+NET,N/A,N/A,N/A
1,CPU_Intensive,Completed,0.4089688506117588,0.41094826095808334,0.41094826095808334,0.7010760701928966,0.2901278092348133,0.29210721958113783,0.29210721958113783,0.0,STARLINK-32524,1,2,1,0.001979410346324533,0.03538550249620185,False,2843.0056974052873,1.645837325404737e-05,2843.0057138636607,77156.99430259471,96.4462428782434,N/A,0.4089688506117588,0.901966329522436,0.49299747891067724
49,CPU_Intensive,Completed,5.988895503863814,5.990873325532757,5.990873325532757,6.172255309631308,0.1813819840985511,0.18335980576749364,0.1833598057674939,0.0,STARLINK-32524,1,2,1,0.001977821668942542,0.031087906675935535,False,1774.7473893707063,1.4459491477179319e-05,1774.7474038301978,75382.246913224,94.22780864152999,N/A,5.988895503863814,6.449724073724615,0.46082856986080056
70,Generic_Service,Completed,8.591321337759261,8.593291467578114,8.593291467578114,8.613440624245445,0.020149156667331525,0.022119286486184702,0.02211928648618411,0.0,STARLINK-32524,1,2,1,0.001970129818853176,0.010280370061584682,False,195.13956406594457,4.781567470504503e-06,195.13956884751204,75187.10734915803,93.98388418644754,N/A,8.591321337759261,8.767180720647007,0.1758593828877455
75,CPU_and_Data_Intensive,Completed,9.17118060695905,9.173390087427613,9.173390087427613,9.48284831266377,0.3094582252361562,0.31166770570471886,0.31166770570471947,0.0,STARLINK-32524,1,2,2,0.0022094804685626563,0.6577575504065409,False,3040.5395524953524,0.0003059337443751353,3040.539858429097,72146.56749072894,90.18320936341117,N/A,9.17118060695905,9.778587820138021,0.6074072131789716
89,CPU_Intensive,Completed,10.674407312359877,10.676393388507616,10.676393388507616,10.724761702527964,0.04836831402034747,0.05035439016808747,0.05035439016808674,0.0,STARLINK-32524,1,2,1,0.0019860761477400036,0.053417433098717694,False,459.9669784793501,2.484531772033381e-05,459.9670033246678,71686.60051224935,89.6082506403117,N/A,10.674407312359877,10.887935107166367,0.21352779480648998
92,CPU_and_Data_Intensive,Completed,10.971382332368076,10.974025263648674,10.974025263648674,11.058264965906897,0.0842397022582233,0.08688263353882103,0.08688263353882064,0.0,STARLINK-32524,1,2,2,0.002642931280597722,1.830302976689459,False,820.1321192910957,0.0008513037100881204,820.1329705948058,70866.46754165452,88.58308442706814,N/A,10.971382332368076,11.294234217380074,0.3228518850119979
102,Generic_Service,Completed,12.035375779339175,12.037365397344152,12.037365397344152,12.183101988248241,0.14573659090408952,0.14772620890906665,0.14772620890906651,0.0,STARLINK-32524,1,2,1,0.00198961800497714,0.06299865520891046,False,1414.7692809790067,2.9301700097167657e-05,1414.7693102807068,69451.69826067485,86.81462282584356,N/A,12.035375779339175,12.304209242304651,0.2688334629654765
114,CPU_and_Data_Intensive,Completed,12.899165084978655,12.901580705854457,12.901580705854457,13.281627140439397,0.3800464345849406,0.38246205546074175,0.3824620554607421,0.0,STARLINK-32524,1,2,2,0.002415620875801136,1.21539635270742,False,3732.229807033458,0.0005653006291662419,3732.2303723340874,65719.46788834075,82.14933486042594,N/A,12.899165084978655,13.42084806660313,0.5216829816244744
147,CPU_and_Data_Intensive,Completed,17.285077818725597,17.287450319219673,17.287450319219673,17.423432093123274,0.13598177390360178,0.13835427439767833,0.13835427439767756,0.0,STARLINK-32524,1,2,2,0.0023725004940765453,1.0987496537812866,False,1332.36633421877,0.0005110463505959473,1332.3668452651204,64387.101043075156,80.48387630384394,N/A,17.285077818725597,17.646672302600706,0.36159448387510906
154,CPU_and_Data_Intensive,Completed,18.07670161255339,18.079341214117548,18.079341214117548,18.629424421854072,0.5500832077365239,0.5527228093006826,0.5527228093006826,0.0,STARLINK-32524,1,2,2,0.0026396015641588196,1.8212956252833707,False,5401.784531056851,0.0008471142443178468,5401.7853781710955,58985.31566490364,73.73164458112956,N/A,18.07670161255339,18.859187153981594,0.7824855414282048
182,CPU_Intensive,Completed,19.821934630221214,19.823909854097902,19.823909854097902,20.024251460649623,0.20034160655172073,0.20231683042840742,0.20231683042840842,0.0,STARLINK-32524,1,2,2,0.001975223876686704,0.024060513155285262,False,1963.287556393478,1.1190936351295471e-05,1963.2875675844145,57022.02810850936,71.2775351356367,N/A,19.821934630221214,20.295365956242755,0.47343132602154014
161,CPU_Intensive,Completed,18.421471476284403,18.423449522127505,18.423449522127505,20.090562681835912,1.667113159708407,1.6690912055515115,1.66909120555151,0.0,STARLINK-32524,1,2,2,0.0019780458431044794,0.03169432932176432,False,16386.863448664128,1.4741548521750844e-05,16386.863463405676,40635.16465984522,50.793955824806524,N/A,18.421471476284403,20.295365956252397,1.8738944799679942
292,CPU_Intensive,Completed,31.18444724165102,31.18643968660683,31.18643968660683,31.42303754447061,0.2365978578637815,0.23859030281958693,0.23859030281958837,0.0,STARLINK-32524,1,2,1,0.001992444955805419,0.07064595490702925,False,2306.1444124905324,3.2858583677688026e-05,2306.1444453491163,38329.02024735468,47.91127530919335,N/A,31.18444724165102,31.58951023194537,0.405062990294347
307,CPU_Intensive,Completed,32.773398486914715,32.77539094562856,32.77539094562856,33.136271511023445,0.36088056539488633,0.36287302410873196,0.3628730241087297,0.0,STARLINK-32524,1,2,1,0.0019924587138456045,0.07068317234127144,False,3528.4646349534514,3.2875894112219274e-05,3528.4646678293457,34800.5556124012,43.5006945155015,N/A,32.773398486914715,33.30497178648147,0.5315732995667517
325,Generic_Service,Completed,34.74085951001891,34.74285139205129,34.74285139205129,34.83179811742793,0.08894672537663695,0.09093860740902267,0.09093860740902215,0.0,STARLINK-32524,1,2,1,0.001991882032385726,0.06912316786226741,False,854.4314341271215,3.215031063361275e-05,854.4314662774322,33946.12417827405,42.432655222842556,N/A,34.74085951001891,35.014893645374265,0.2740341353553575
333,CPU_and_Data_Intensive,Completed,35.586298546048184,35.58856319347417,35.58856319347417,37.06296832726472,1.4744051337905475,1.4766697812165335,1.4766697812165361,0.0,STARLINK-32524,1,2,2,0.0022646474259858914,0.8069919313616882,False,14497.210589935728,0.0003753450843542736,14497.210965280812,19448.913212993215,24.31114151624152,N/A,35.586298546048184,37.24245120298459,1.6561526569364062
347,CPU_and_Data_Intensive,Completed,36.933824642405405,36.93830997064179,36.93830997064179,37.839857890301545,0.9015479196597553,0.9060332478961379,0.9060332478961399,0.0,STARLINK-32524,1,2,3,0.004485328236382579,6.8142459384305,False,8835.630355940755,0.0031694167155490696,8835.63352535747,10613.279687635424,13.26659960954428,N/A,36.933824642405405,37.951004791844554,1.0171801494391488
507,Generic_Service,Completed,52.4561384269602,52.45811614442188,52.45811614442188,52.561337938799454,0.10322179437757484,0.10519951183925341,0.10519951183925258,0.0,STARLINK-32524,1,2,1,0.001977717461678581,0.03080601136659504,False,1006.1182176841222,1.4328377379811647e-05,1006.1182320124996,9607.161469948973,12.008951837436216,N/A,52.4561384269602,52.699543158146994,0.24340473118679284
515,CPU_Intensive,Completed,52.95813469895126,52.96012935033012,52.96012935033012,53.519624853875776,0.559495503545655,0.5614901549245164,0.5614901549245133,0.0,STARLINK-32524,1,2,1,0.001994651378861332,0.07661463968237696,False,5480.112025894537,3.563471613133812e-05,5480.112061529253,4127.049444054427,5.158811805068034,N/A,52.95813469895126,53.710963854820726,0.7528291558694633
571,CPU_Intensive,Completed,58.14989544872469,58.151878759277125,58.151878759277125,58.41457920809478,0.26270044881765386,0.2646837593700875,0.2646837593700866,0.0,STARLINK-32524,1,2,1,0.0019833105524336187,0.04593610871908113,False,2570.1464711360804,2.1365631962363316e-05,2570.1464925017126,1556.902972918323,1.946128716147904,N/A,58.14989544872469,58.54622449444887,0.3963290457241797
693,Generic_Service,Completed,69.55773879168095,69.55972762852241,69.55972762852241,69.66114806651,0.10142043798758493,0.10340927482905399,0.1034092748290476,0.0,STARLINK-32524,1,2,1,0.0019888368414690484,0.06088549802207412,False,979.5387271994312,2.8318836289336798e-05,979.5387555182674,577.364245718873,0.7217053071485913,N/A,69.55773879168095,69.80546013691006,0.2477213452291096
876,Generic_Service,Completed,88.7452284785025,88.74719975659762,88.74719975659762,88.78718652469155,0.03998676809392521,0.041958046189058816,0.041958046189051856,0.0,STARLINK-32524,1,2,1,0.001971278095133606,0.013386618944603428,False,389.32892609696336,6.226334392838803e-06,389.32893232329775,188.0353196218892,0.23504414952736147,N/A,88.7452284785025,88.93865837063736,0.1934298921348585
346,CPU_and_Data_Intensive,Rejected,36.85188528546394,N/A,N/A,N/A,2.375784821733106,0.0,0.0,0.0,STARLINK-32524,0,N/A,N/A,0.0,1.165515775778621,False,0.0,0.0,0.0,188.03531962188393,0.23504414952735492,Insufficient Energy for CPU+NET,N/A,N/A,N/A
502,CPU_Intensive,Rejected,52.02530403011104,N/A,N/A,N/A,1.206405855525113,0.0,0.0,0.0,STARLINK-32524,0,N/A,N/A,0.0,0.07706686646351259,False,0.0,0.0,0.0,188.03531962188393,0.23504414952735492,Insufficient Energy for CPU,N/A,N/A,N/A
563,CPU_Intensive,Rejected,57.256601182019146,N/A,N/A,N/A,1.4447192086773382,0.0,0.0,0.0,STARLINK-32524,0,N/A,N/A,0.0,0.033700062659821554,False,0.0,0.0,0.0,188.03531962188393,0.23504414952735492,Insufficient Energy for CPU,N/A,N/A,N/A
566,CPU_Intensive,Rejected,57.687145532261376,N/A,N/A,N/A,0.628799540324304,0.0,0.0,0.0,STARLINK-32524,0,N/A,N/A,0.0,0.020588402084628615,False,0.0,0.0,0.0,188.03531962188393,0.23504414952735492,Insufficient Energy for CPU,N/A,N/A,N/A
568,CPU_Intensive,Rejected,57.94667665153877,N/A,N/A,N/A,1.1741720629337367,0.0,0.0,0.0,STARLINK-32524,0,N/A,N/A,0.0,0.07805697429258199,False,0.0,0.0,0.0,188.03531962188393,0.23504414952735492,Insufficient Energy for CPU,N/A,N/A,N/A
686,CPU_Intensive,Rejected,68.90992841015674,N/A,N/A,N/A,0.8436420349771376,0.0,0.0,0.0,STARLINK-32524,0,N/A,N/A,0.0,0.07481035469040548,False,0.0,0.0,0.0,188.03531962188393,0.23504414952735492,Insufficient Energy for CPU,N/A,N/A,N/A
826,CPU_and_Data_Intensive,Rejected,83.49275767553014,N/A,N/A,N/A,0.17178312064574242,0.0,0.0,0.0,STARLINK-32524,0,N/A,N/A,0.0,23.073963814135535,False,0.0,0.0,0.0,188.03531962188393,0.23504414952735492,Insufficient Energy for CPU+NET,N/A,N/A,N/A
827,CPU_Intensive,Rejected,83.57037963016421,N/A,N/A,N/A,0.13488032152462787,0.0,0.0,0.0,STARLINK-32524,0,N/A,N/A,0.0,0.021705247021842962,False,0.0,0.0,0.0,188.03531962188393,0.23504414952735492,Insufficient Energy for CPU,N/A,N/A,N/A
828,CPU_and_Data_Intensive,Rejected,83.66404833002115,N/A,N/A,N/A,0.1192854694373922,0.0,0.0,0.0,STARLINK-32524,0,N/A,N/A,0.0,2.031610981657696,False,0.0,0.0,0.0,188.03531962188393,0.23504414952735492,Insufficient Energy for CPU+NET,N/A,N/A,N/A
831,CPU_and_Data_Intensive,Rejected,83.7493539995858,N/A,N/A,N/A,0.07823283090721271,0.0,0.0,0.0,STARLINK-32524,0,N/A,N/A,0.0,1.0854149943920985,False,0.0,0.0,0.0,188.03531962188393,0.23504414952735492,Insufficient Energy for CPU+NET,N/A,N/A,N/A
836,CPU_Intensive,Rejected,84.05832712179071,N/A,N/A,N/A,0.07445314789933877,0.0,0.0,0.0,STARLINK-32524,0,N/A,N/A,0.0,0.013740454166400868,False,0.0,0.0,0.0,188.03531962188393,0.23504414952735492,Insufficient Energy for CPU,N/A,N/A,N/A
839,CPU_and_Data_Intensive,Rejected,84.71433173906988,N/A,N/A,N/A,0.09454480851616197,0.0,0.0,0.0,STARLINK-32524,0,N/A,N/A,0.0,0.6611056129743382,False,0.0,0.0,0.0,188.03531962188393,0.23504414952735492,Insufficient Energy for CPU+NET,N/A,N/A,N/A
840,CPU_and_Data_Intensive,Rejected,84.72237822271205,N/A,N/A,N/A,0.07944862115917976,0.0,0.0,0.0,STARLINK-32524,0,N/A,N/A,0.0,1.3234330769332923,False,0.0,0.0,0.0,188.03531962188393,0.23504414952735492,Insufficient Energy for CPU+NET,N/A,N/A,N/A
842,Generic_Service,Rejected,84.75692776170114,N/A,N/A,N/A,0.1013747506359924,0.0,0.0,0.0,STARLINK-32524,0,N/A,N/A,0.0,0.054071815270398116,False,0.0,0.0,0.0,188.03531962188393,0.23504414952735492,Insufficient Energy for CPU,N/A,N/A,N/A
843,Generic_Service,Rejected,84.8096661713964,N/A,N/A,N/A,0.16930452080630126,0.0,0.0,0.0,STARLINK-32524,0,N/A,N/A,0.0,0.03435988168494648,False,0.0,0.0,0.0,188.03531962188393,0.23504414952735492,Insufficient Energy for CPU,N/A,N/A,N/A
844,CPU_Intensive,Rejected,85.10478717776711,N/A,N/A,N/A,0.23994336133403785,0.0,0.0,0.0,STARLINK-32524,0,N/A,N/A,0.0,0.06853241871709864,False,0.0,0.0,0.0,188.03531962188393,0.23504414952735492,Insufficient Energy for CPU,N/A,N/A,N/A
847,CPU_Intensive,Rejected,85.4693110159309,N/A,N/A,N/A,0.05873945192258513,0.0,0.0,0.0,STARLINK-32524,0,N/A,N/A,0.0,0.011714741842274104,False,0.0,0.0,0.0,188.03531962188393,0.23504414952735492,Insufficient Energy for CPU,N/A,N/A,N/A
850,CPU_Intensive,Rejected,85.97149347907731,N/A,N/A,N/A,0.28155772457918876,0.0,0.0,0.0,STARLINK-32524,0,N/A,N/A,0.0,0.04910360951725318,False,0.0,0.0,0.0,188.03531962188393,0.23504414952735492,Insufficient Energy for CPU,N/A,N/A,N/A
851,CPU_and_Data_Intensive,Rejected,85.99700841528194,N/A,N/A,N/A,0.2015749921036037,0.0,0.0,0.0,STARLINK-32524,0,N/A,N/A,0.0,0.7728996677207974,False,0.0,0.0,0.0,188.03531962188393,0.23504414952735492,Insufficient Energy for CPU+NET,N/A,N/A,N/A
852,CPU_Intensive,Rejected,86.30915890444824,N/A,N/A,N/A,0.21765864052162928,0.0,0.0,0.0,STARLINK-32524,0,N/A,N/A,0.0,0.050524154069323,False,0.0,0.0,0.0,188.03531962188393,0.23504414952735492,Insufficient Energy for CPU,N/A,N/A,N/A
854,CPU_Intensive,Rejected,86.39145675453028,N/A,N/A,N/A,0.09752867968588663,0.0,0.0,0.0,STARLINK-32524,0,N/A,N/A,0.0,0.06517816308555624,False,0.0,0.0,0.0,188.03531962188393,0.23504414952735492,Insufficient Energy for CPU,N/A,N/A,N/A
856,Generic_Service,Rejected,86.97834431445784,N/A,N/A,N/A,0.11861539655345668,0.0,0.0,0.0,STARLINK-32524,0,N/A,N/A,0.0,0.07311124283944902,False,0.0,0.0,0.0,188.03531962188393,0.23504414952735492,Insufficient Energy for CPU,N/A,N/A,N/A
857,CPU_Intensive,Rejected,87.05815697718886,N/A,N/A,N/A,0.08433137359428283,0.0,0.0,0.0,STARLINK-32524,0,N/A,N/A,0.0,0.01276404222901216,False,0.0,0.0,0.0,188.03531962188393,0.23504414952735492,Insufficient Energy for CPU,N/A,N/A,N/A
862,CPU_Intensive,Rejected,87.32980076183411,N/A,N/A,N/A,0.05948397400672584,0.0,0.0,0.0,STARLINK-32524,0,N/A,N/A,0.0,0.051029430324872734,False,0.0,0.0,0.0,188.03531962188393,0.23504414952735492,Insufficient Energy for CPU,N/A,N/A,N/A
866,CPU_Intensive,Rejected,88.01332708270718,N/A,N/A,N/A,0.2518151466173917,0.0,0.0,0.0,STARLINK-32524,0,N/A,N/A,0.0,0.01958447565453032,False,0.0,0.0,0.0,188.03531962188393,0.23504414952735492,Insufficient Energy for CPU,N/A,N/A,N/A
871,CPU_and_Data_Intensive,Rejected,88.39576277557322,N/A,N/A,N/A,0.19713966347898082,0.0,0.0,0.0,STARLINK-32524,0,N/A,N/A,0.0,0.3048139109588113,False,0.0,0.0,0.0,188.03531962188393,0.23504414952735492,Insufficient Energy for CPU+NET,N/A,N/A,N/A
872,CPU_and_Data_Intensive,Rejected,88.52828620218872,N/A,N/A,N/A,0.12583389385717475,0.0,0.0,0.0,STARLINK-32524,0,N/A,N/A,0.0,14.221589529303486,False,0.0,0.0,0.0,188.03531962188393,0.23504414952735492,Insufficient Energy for CPU+NET,N/A,N/A,N/A
1091,CPU_and_Data_Intensive,Rejected,110.76895777148478,N/A,N/A,N/A,0.09665763950371926,0.0,0.0,0.0,STARLINK-32524,0,N/A,N/A,0.0,2.34505478435379,False,0.0,0.0,0.0,188.03531962188393,0.23504414952735492,Insufficient Energy for CPU+NET,N/A,N/A,N/A
1093,Generic_Service,Rejected,111.17416941587068,N/A,N/A,N/A,0.09701278134247714,0.0,0.0,0.0,STARLINK-32524,0,N/A,N/A,0.0,0.08604500304360808,False,0.0,0.0,0.0,188.03531962188393,0.23504414952735492,Insufficient Energy for CPU,N/A,N/A,N/A
1106,CPU_and_Data_Intensive,Rejected,112.31773337394424,N/A,N/A,N/A,0.07791064262189565,0.0,0.0,0.0,STARLINK-32524,0,N/A,N/A,0.0,1.028872619968344,False,0.0,0.0,0.0,188.03531962188393,0.23504414952735492,Insufficient Energy for CPU+NET,N/A,N/A,N/A
1108,Generic_Service,Rejected,112.38998618231498,N/A,N/A,N/A,0.07348208989137274,0.0,0.0,0.0,STARLINK-32524,0,N/A,N/A,0.0,0.06950225904532809,False,0.0,0.0,0.0,188.03531962188393,0.23504414952735492,Insufficient Energy for CPU,N/A,N/A,N/A
1111,Generic_Service,Rejected,112.55729380376619,N/A,N/A,N/A,0.054744954879581864,0.0,0.0,0.0,STARLINK-32524,0,N/A,N/A,0.0,0.04216535513113839,False,0.0,0.0,0.0,188.03531962188393,0.23504414952735492,Insufficient Energy for CPU,N/A,N/A,N/A
1119,Generic_Service,Rejected,113.29148916296027,N/A,N/A,N/A,0.08716728233823451,0.0,0.0,0.0,STARLINK-32524,0,N/A,N/A,0.0,0.06991026831392722,False,0.0,0.0,0.0,188.03531962188393,0.23504414952735492,Insufficient Energy for CPU,N/A,N/A,N/A
1141,Generic_Service,Rejected,115.62392499525802,N/A,N/A,N/A,0.10716139367199565,0.0,0.0,0.0,STARLINK-32524,0,N/A,N/A,0.0,0.043550680687301085,False,0.0,0.0,0.0,188.03531962188393,0.23504414952735492,Insufficient Energy for CPU,N/A,N/A,N/A
1158,Generic_Service,Rejected,117.98380646089464,N/A,N/A,N/A,0.04601597169436073,0.0,0.0,0.0,STARLINK-32524,0,N/A,N/A,0.0,0.02807026056326084,False,0.0,0.0,0.0,188.03531962188393,0.23504414952735492,Insufficient Energy for CPU,N/A,N/A,N/A
1160,CPU_Intensive,Rejected,118.33481529057426,N/A,N/A,N/A,0.06554140494012117,0.0,0.0,0.0,STARLINK-32524,0,N/A,N/A,0.0,0.03913282182569949,False,0.0,0.0,0.0,188.03531962188393,0.23504414952735492,Insufficient Energy for CPU,N/A,N/A,N/A
1163,Generic_Service,Rejected,118.7651473045225,N/A,N/A,N/A,0.02171266789899884,0.0,0.0,0.0,STARLINK-32524,0,N/A,N/A,0.0,0.01823949466012814,False,0.0,0.0,0.0,188.03531962188393,0.23504414952735492,Insufficient Energy for CPU,N/A,N/A,N/A
1166,Generic_Service,Rejected,119.18044267424608,N/A,N/A,N/A,0.08079324799862314,0.0,0.0,0.0,STARLINK-32524,0,N/A,N/A,0.0,0.058535695587652634,False,0.0,0.0,0.0,188.03531962188393,0.23504414952735492,Insufficient Energy for CPU,N/A,N/A,N/A
1167,Generic_Service,Rejected,119.21181841463603,N/A,N/A,N/A,0.09868498667686852,0.0,0.0,0.0,STARLINK-32524,0,N/A,N/A,0.0,0.045921743779781164,False,0.0,0.0,0.0,188.03531962188393,0.23504414952735492,Insufficient Energy for CPU,N/A,N/A,N/A
1179,Generic_Service,Rejected,120.4666829678584,N/A,N/A,N/A,0.03672222735705711,0.0,0.0,0.0,STARLINK-32524,0,N/A,N/A,0.0,0.06573300703101868,False,0.0,0.0,0.0,188.03531962188393,0.23504414952735492,Insufficient Energy for CPU,N/A,N/A,N/A
1185,CPU_Intensive,Rejected,120.99750398811877,N/A,N/A,N/A,0.040327019444818125,0.0,0.0,0.0,STARLINK-32524,0,N/A,N/A,0.0,0.04595968020465063,False,0.0,0.0,0.0,188.03531962188393,0.23504414952735492,Insufficient Energy for CPU,N/A,N/A,N/A
1189,Generic_Service,Rejected,121.2098093542557,N/A,N/A,N/A,0.0400891734149864,0.0,0.0,0.0,STARLINK-32524,0,N/A,N/A,0.0,0.05720967594095952,False,0.0,0.0,0.0,188.03531962188393,0.23504414952735492,Insufficient Energy for CPU,N/A,N/A,N/A
1193,Generic_Service,Rejected,121.4696243170254,N/A,N/A,N/A,0.04385855415975667,0.0,0.0,0.0,STARLINK-32524,0,N/A,N/A,0.0,0.048073066481180544,False,0.0,0.0,0.0,188.03531962188393,0.23504414952735492,Insufficient Energy for CPU,N/A,N/A,N/A
1200,CPU_Intensive,Rejected,122.04189369768685,N/A,N/A,N/A,0.028128429418722272,0.0,0.0,0.0,STARLINK-32524,0,N/A,N/A,0.0,0.011898357462169839,False,0.0,0.0,0.0,188.03531962188393,0.23504414952735492,Insufficient Energy for CPU,N/A,N/A,N/A
1204,Generic_Service,Rejected,122.50052163325857,N/A,N/A,N/A,0.08240917469412647,0.0,0.0,0.0,STARLINK-32524,0,N/A,N/A,0.0,0.07727162800086157,False,0.0,0.0,0.0,188.03531962188393,0.23504414952735492,Insufficient Energy for CPU,N/A,N/A,N/A
1215,Generic_Service,Rejected,124.1287919081354,N/A,N/A,N/A,0.05975625765302524,0.0,0.0,0.0,STARLINK-32524,0,N/A,N/A,0.0,0.08216846303508794,False,0.0,0.0,0.0,188.03531962188393,0.23504414952735492,Insufficient Energy for CPU,N/A,N/A,N/A
1216,CPU_Intensive,Rejected,124.17245452175534,N/A,N/A,N/A,0.10691939029222576,0.0,0.0,0.0,STARLINK-32524,0,N/A,N/A,0.0,0.04810200255916936,False,0.0,0.0,0.0,188.03531962188393,0.23504414952735492,Insufficient Energy for CPU,N/A,N/A,N/A
1219,CPU_and_Data_Intensive,Rejected,124.2705962853371,N/A,N/A,N/A,0.06923050126454874,0.0,0.0,0.0,STARLINK-32524,0,N/A,N/A,0.0,10.258366402662514,False,0.0,0.0,0.0,188.03531962188393,0.23504414952735492,Insufficient Energy for CPU+NET,N/A,N/A,N/A
1223,Generic_Service,Rejected,124.62592137590676,N/A,N/A,N/A,0.0317136208190519,0.0,0.0,0.0,STARLINK-32524,0,N/A,N/A,0.0,0.0568817283997851,False,0.0,0.0,0.0,188.03531962188393,0.23504414952735492,Insufficient Energy for CPU,N/A,N/A,N/A
1228,Generic_Service,Rejected,124.98133685859123,N/A,N/A,N/A,0.06963293029922532,0.0,0.0,0.0,STARLINK-32524,0,N/A,N/A,0.0,0.031681256630693024,False,0.0,0.0,0.0,188.03531962188393,0.23504414952735492,Insufficient Energy for CPU,N/A,N/A,N/A
1231,Generic_Service,Rejected,125.50929565523137,N/A,N/A,N/A,0.033563302793724485,0.0,0.0,0.0,STARLINK-32524,0,N/A,N/A,0.0,0.023606353218405235,False,0.0,0.0,0.0,188.03531962188393,0.23504414952735492,Insufficient Energy for CPU,N/A,N/A,N/A
1233,CPU_Intensive,Rejected,125.58888403991962,N/A,N/A,N/A,0.098434293342731,0.0,0.0,0.0,STARLINK-32524,0,N/A,N/A,0.0,0.05072105225367609,False,0.0,0.0,0.0,188.03531962188393,0.23504414952735492,Insufficient Energy for CPU,N/A,N/A,N/A
1236,CPU_and_Data_Intensive,Rejected,125.88514484558233,N/A,N/A,N/A,0.06259473845653422,0.0,0.0,0.0,STARLINK-32524,0,N/A,N/A,0.0,1.754499213958959,False,0.0,0.0,0.0,188.03531962188393,0.23504414952735492,Insufficient Energy for CPU+NET,N/A,N/A,N/A
1238,CPU_and_Data_Intensive,Rejected,125.92307562847489,N/A,N/A,N/A,0.08646995852045009,0.0,0.0,0.0,STARLINK-32524,0,N/A,N/A,0.0,1.0861290746137513,False,0.0,0.0,0.0,188.03531962188393,0.23504414952735492,Insufficient Energy for CPU+NET,N/A,N/A,N/A
1239,CPU_and_Data_Intensive,Rejected,126.09721444442886,N/A,N/A,N/A,0.06074332387018751,0.0,0.0,0.0,STARLINK-32524,0,N/A,N/A,0.0,12.226470882392185,False,0.0,0.0,0.0,188.03531962188393,0.23504414952735492,Insufficient Energy for CPU+NET,N/A,N/A,N/A
1246,Generic_Service,Rejected,127.04246724612426,N/A,N/A,N/A,0.03194823970097688,0.0,0.0,0.0,STARLINK-32524,0,N/A,N/A,0.0,0.010487395415151333,False,0.0,0.0,0.0,188.03531962188393,0.23504414952735492,Insufficient Energy for CPU,N/A,N/A,N/A
1247,CPU_and_Data_Intensive,Rejected,127.14015116570094,N/A,N/A,N/A,0.059575850996753665,0.0,0.0,0.0,STARLINK-32524,0,N/A,N/A,0.0,1.6494239317570112,False,0.0,0.0,0.0,188.03531962188393,0.23504414952735492,Insufficient Energy for CPU+NET,N/A,N/A,N/A
1254,Generic_Service,Rejected,127.72690060179974,N/A,N/A,N/A,0.07600425174509029,0.0,0.0,0.0,STARLINK-32524,0,N/A,N/A,0.0,0.06929996095552575,False,0.0,0.0,0.0,188.03531962188393,0.23504414952735492,Insufficient Energy for CPU,N/A,N/A,N/A
1256,Generic_Service,Rejected,127.90188373103517,N/A,N/A,N/A,0.05759998464728642,0.0,0.0,0.0,STARLINK-32524,0,N/A,N/A,0.0,0.06283706212722419,False,0.0,0.0,0.0,188.03531962188393,0.23504414952735492,Insufficient Energy for CPU,N/A,N/A,N/A
1260,CPU_Intensive,Rejected,128.492872812534,N/A,N/A,N/A,0.025190193490369106,0.0,0.0,0.0,STARLINK-32524,0,N/A,N/A,0.0,0.08327648910578564,False,0.0,0.0,0.0,188.03531962188393,0.23504414952735492,Insufficient Energy for CPU,N/A,N/A,N/A
1263,Generic_Service,Rejected,128.76810756945176,N/A,N/A,N/A,0.07057878375530008,0.0,0.0,0.0,STARLINK-32524,0,N/A,N/A,0.0,0.0672001584637086,False,0.0,0.0,0.0,188.03531962188393,0.23504414952735492,Insufficient Energy for CPU,N/A,N/A,N/A
1265,Generic_Service,Rejected,128.9392268604847,N/A,N/A,N/A,0.0321774655070045,0.0,0.0,0.0,STARLINK-32524,0,N/A,N/A,0.0,0.04065422649901646,False,0.0,0.0,0.0,188.03531962188393,0.23504414952735492,Insufficient Energy for CPU,N/A,N/A,N/A
1267,Generic_Service,Rejected,129.1300881835638,N/A,N/A,N/A,0.041345310650867016,0.0,0.0,0.0,STARLINK-32524,0,N/A,N/A,0.0,0.019033072874695002,False,0.0,0.0,0.0,188.03531962188393,0.23504414952735492,Insufficient Energy for CPU,N/A,N/A,N/A
1270,Generic_Service,Rejected,129.2971109370189,N/A,N/A,N/A,0.03136193238534516,0.0,0.0,0.0,STARLINK-32524,0,N/A,N/A,0.0,0.026265368904009323,False,0.0,0.0,0.0,188.03531962188393,0.23504414952735492,Insufficient Energy for CPU,N/A,N/A,N/A
1273,Generic_Service,Rejected,129.40876546567017,N/A,N/A,N/A,0.036471852932872285,0.0,0.0,0.0,STARLINK-32524,0,N/A,N/A,0.0,0.08379074861795369,False,0.0,0.0,0.0,188.03531962188393,0.23504414952735492,Insufficient Energy for CPU,N/A,N/A,N/A
1286,Generic_Service,Rejected,130.3581371985696,N/A,N/A,N/A,0.07064640215810546,0.0,0.0,0.0,STARLINK-32524,0,N/A,N/A,0.0,0.017599440937946624,False,0.0,0.0,0.0,188.03531962188393,0.23504414952735492,Insufficient Energy for CPU,N/A,N/A,N/A
1287,Generic_Service,Rejected,130.36927398279948,N/A,N/A,N/A,0.03604577097892714,0.0,0.0,0.0,STARLINK-32524,0,N/A,N/A,0.0,0.05441709377563043,False,0.0,0.0,0.0,188.03531962188393,0.23504414952735492,Insufficient Energy for CPU,N/A,N/A,N/A
1290,Generic_Service,Rejected,130.65259562680941,N/A,N/A,N/A,0.09223189739953488,0.0,0.0,0.0,STARLINK-32524,0,N/A,N/A,0.0,0.04446115913475327,False,0.0,0.0,0.0,188.03531962188393,0.23504414952735492,Insufficient Energy for CPU,N/A,N/A,N/A
1291,Generic_Service,Rejected,130.92910937183194,N/A,N/A,N/A,0.027051844286107136,0.0,0.0,0.0,STARLINK-32524,0,N/A,N/A,0.0,0.07527666189548089,False,0.0,0.0,0.0,188.03531962188393,0.23504414952735492,Insufficient Energy for CPU,N/A,N/A,N/A
1292,CPU_Intensive,Rejected,130.95112472789245,N/A,N/A,N/A,0.04033548600742344,0.0,0.0,0.0,STARLINK-32524,0,N/A,N/A,0.0,0.023028456362993808,False,0.0,0.0,0.0,188.03531962188393,0.23504414952735492,Insufficient Energy for CPU,N/A,N/A,N/A
1293,CPU_Intensive,Rejected,131.001117348293,N/A,N/A,N/A,0.04623383581843677,0.0,0.0,0.0,STARLINK-32524,0,N/A,N/A,0.0,0.06574505993492667,False,0.0,0.0,0.0,188.03531962188393,0.23504414952735492,Insufficient Energy for CPU,N/A,N/A,N/A
1297,Generic_Service,Rejected,131.49806692340957,N/A,N/A,N/A,0.08101371853651455,0.0,0.0,0.0,STARLINK-32524,0,N/A,N/A,0.0,0.022304388859418725,False,0.0,0.0,0.0,188.03531962188393,0.23504414952735492,Insufficient Energy for CPU,N/A,N/A,N/A
1303,CPU_Intensive,Rejected,132.01784157889958,N/A,N/A,N/A,0.0761739882813368,0.0,0.0,0.0,STARLINK-32524,0,N/A,N/A,0.0,0.019343248058649367,False,0.0,0.0,0.0,188.03531962188393,0.23504414952735492,Insufficient Energy for CPU,N/A,N/A,N/A
1305,Generic_Service,Rejected,132.40974077126222,N/A,N/A,N/A,0.025654220663780022,0.0,0.0,0.0,STARLINK-32524,0,N/A,N/A,0.0,0.05248262667084893,False,0.0,0.0,0.0,188.03531962188393,0.23504414952735492,Insufficient Energy for CPU,N/A,N/A,N/A
1317,Generic_Service,Rejected,133.0896199594239,N/A,N/A,N/A,0.09860974450896896,0.0,0.0,0.0,STARLINK-32524,0,N/A,N/A,0.0,0.06770012444253762,False,0.0,0.0,0.0,188.03531962188393,0.23504414952735492,Insufficient Energy for CPU,N/A,N/A,N/A
1318,CPU_and_Data_Intensive,Rejected,133.1035630543954,N/A,N/A,N/A,0.05627232120580273,0.0,0.0,0.0,STARLINK-32524,0,N/A,N/A,0.0,1.5374051297036837,False,0.0,0.0,0.0,188.03531962188393,0.23504414952735492,Insufficient Energy for CPU+NET,N/A,N/A,N/A
1320,CPU_Intensive,Rejected,133.37534458232412,N/A,N/A,N/A,0.0216588042162259,0.0,0.0,0.0,STARLINK-32524,0,N/A,N/A,0.0,0.030635370558754316,False,0.0,0.0,0.0,188.03531962188393,0.23504414952735492,Insufficient Energy for CPU,N/A,N/A,N/A
1322,Generic_Service,Rejected,133.45050501073075,N/A,N/A,N/A,0.04815295324126411,0.0,0.0,0.0,STARLINK-32524,0,N/A,N/A,0.0,0.045165091088639836,False,0.0,0.0,0.0,188.03531962188393,0.23504414952735492,Insufficient Energy for CPU,N/A,N/A,N/A
1331,CPU_Intensive,Rejected,134.27930923979412,N/A,N/A,N/A,0.08497406984739087,0.0,0.0,0.0,STARLINK-32524,0,N/A,N/A,0.0,0.0696915007129047,False,0.0,0.0,0.0,188.03531962188393,0.23504414952735492,Insufficient Energy for CPU,N/A,N/A,N/A
1337,CPU_Intensive,Rejected,135.33983444688448,N/A,N/A,N/A,0.09798718032104049,0.0,0.0,0.0,STARLINK-32524,0,N/A,N/A,0.0,0.08439422231075597,False,0.0,0.0,0.0,188.03531962188393,0.23504414952735492,Insufficient Energy for CPU,N/A,N/A,N/A
1339,CPU_and_Data_Intensive,Rejected,135.52653424445427,N/A,N/A,N/A,0.0761469816997553,0.0,0.0,0.0,STARLINK-32524,0,N/A,N/A,0.0,22.055850422649723,False,0.0,0.0,0.0,188.03531962188393,0.23504414952735492,Insufficient Energy for CPU+NET,N/A,N/A,N/A
1341,Generic_Service,Rejected,135.9436056544448,N/A,N/A,N/A,0.03814711680290499,0.0,0.0,0.0,STARLINK-32524,0,N/A,N/A,0.0,0.026884355455040233,False,0.0,0.0,0.0,188.03531962188393,0.23504414952735492,Insufficient Energy for CPU,N/A,N/A,N/A
1342,Generic_Service,Rejected,136.53900355283463,N/A,N/A,N/A,0.0805354395571323,0.0,0.0,0.0,STARLINK-32524,0,N/A,N/A,0.0,0.07144238735785355,False,0.0,0.0,0.0,188.03531962188393,0.23504414952735492,Insufficient Energy for CPU,N/A,N/A,N/A
1352,CPU_Intensive,Rejected,137.33236349387587,N/A,N/A,N/A,0.022973380672270546,0.0,0.0,0.0,STARLINK-32524,0,N/A,N/A,0.0,0.08749608241669328,False,0.0,0.0,0.0,188.03531962188393,0.23504414952735492,Insufficient Energy for CPU,N/A,N/A,N/A
1361,Generic_Service,Rejected,138.36626877020242,N/A,N/A,N/A,0.043933946961488474,0.0,0.0,0.0,STARLINK-32524,0,N/A,N/A,0.0,0.0684204018444042,False,0.0,0.0,0.0,188.03531962188393,0.23504414952735492,Insufficient Energy for CPU,N/A,N/A,N/A
1362,CPU_and_Data_Intensive,Rejected,138.593055338324,N/A,N/A,N/A,0.02797076606800158,0.0,0.0,0.0,STARLINK-32524,0,N/A,N/A,0.0,0.6664102318057936,False,0.0,0.0,0.0,188.03531962188393,0.23504414952735492,Insufficient Energy for CPU+NET,N/A,N/A,N/A
1365,Generic_Service,Rejected,138.9758828448842,N/A,N/A,N/A,0.10779546807568255,0.0,0.0,0.0,STARLINK-32524,0,N/A,N/A,0.0,0.07709738160293171,False,0.0,0.0,0.0,188.03531962188393,0.23504414952735492,Insufficient Energy for CPU,N/A,N/A,N/A
1366,Generic_Service,Rejected,138.98930035212572,N/A,N/A,N/A,0.03094412210576139,0.0,0.0,0.0,STARLINK-32524,0,N/A,N/A,0.0,0.051765963610180155,False,0.0,0.0,0.0,188.03531962188393,0.23504414952735492,Insufficient Energy for CPU,N/A,N/A,N/A
1367,CPU_Intensive,Rejected,138.99277994218906,N/A,N/A,N/A,0.02960067168783006,0.0,0.0,0.0,STARLINK-32524,0,N/A,N/A,0.0,0.0737958268768029,False,0.0,0.0,0.0,188.03531962188393,0.23504414952735492,Insufficient Energy for CPU,N/A,N/A,N/A
1371,Generic_Service,Rejected,139.26877603120337,N/A,N/A,N/A,0.02401743481268025,0.0,0.0,0.0,STARLINK-32524,0,N/A,N/A,0.0,0.08067518957836581,False,0.0,0.0,0.0,188.03531962188393,0.23504414952735492,Insufficient Energy for CPU,N/A,N/A,N/A
1376,CPU_Intensive,Rejected,139.89281208162063,N/A,N/A,N/A,0.054850557512634596,0.0,0.0,0.0,STARLINK-32524,0,N/A,N/A,0.0,0.07775256494948939,False,0.0,0.0,0.0,188.03531962188393,0.23504414952735492,Insufficient Energy for CPU,N/A,N/A,N/A
1377,Generic_Service,Rejected,139.982034694095,N/A,N/A,N/A,0.03617462319683659,0.0,0.0,0.0,STARLINK-32524,0,N/A,N/A,0.0,0.028355430206891852,False,0.0,0.0,0.0,188.03531962188393,0.23504414952735492,Insufficient Energy for CPU,N/A,N/A,N/A
1384,Generic_Service,Rejected,140.63438214289482,N/A,N/A,N/A,0.08520989329065165,0.0,0.0,0.0,STARLINK-32524,0,N/A,N/A,0.0,0.0572906835428423,False,0.0,0.0,0.0,188.03531962188393,0.23504414952735492,Insufficient Energy for CPU,N/A,N/A,N/A
1391,CPU_and_Data_Intensive,Rejected,141.36373381137696,N/A,N/A,N/A,0.07717264976812165,0.0,0.0,0.0,STARLINK-32524,0,N/A,N/A,0.0,0.38442650953521706,False,0.0,0.0,0.0,188.03531962188393,0.23504414952735492,Insufficient Energy for CPU+NET,N/A,N/A,N/A
1397,Generic_Service,Rejected,142.19704986083138,N/A,N/A,N/A,0.09300019740166396,0.0,0.0,0.0,STARLINK-32524,0,N/A,N/A,0.0,0.049088998086331485,False,0.0,0.0,0.0,188.03531962188393,0.23504414952735492,Insufficient Energy for CPU,N/A,N/A,N/A
1398,CPU_and_Data_Intensive,Rejected,142.5055704810617,N/A,N/A,N/A,0.029808936940445126,0.0,0.0,0.0,STARLINK-32524,0,N/A,N/A,0.0,0.6356523358188291,False,0.0,0.0,0.0,188.03531962188393,0.23504414952735492,Insufficient Energy for CPU+NET,N/A,N/A,N/A
1399,CPU_and_Data_Intensive,Rejected,142.52604020586534,N/A,N/A,N/A,0.06547295899733903,0.0,0.0,0.0,STARLINK-32524,0,N/A,N/A,0.0,1.2418164897325978,False,0.0,0.0,0.0,188.03531962188393,0.23504414952735492,Insufficient Energy for CPU+NET,N/A,N/A,N/A
1400,Generic_Service,Rejected,142.7114649439757,N/A,N/A,N/A,0.07983359993784567,0.0,0.0,0.0,STARLINK-32524,0,N/A,N/A,0.0,0.043881720269102344,False,0.0,0.0,0.0,188.03531962188393,0.23504414952735492,Insufficient Energy for CPU,N/A,N/A,N/A
1401,Generic_Service,Rejected,142.7359877584447,N/A,N/A,N/A,0.03234685673393463,0.0,0.0,0.0,STARLINK-32524,0,N/A,N/A,0.0,0.04920670162294213,False,0.0,0.0,0.0,188.03531962188393,0.23504414952735492,Insufficient Energy for CPU,N/A,N/A,N/A
1402,Generic_Service,Rejected,142.87155341136676,N/A,N/A,N/A,0.03837520332872145,0.0,0.0,0.0,STARLINK-32524,0,N/A,N/A,0.0,0.07070130389366949,False,0.0,0.0,0.0,188.03531962188393,0.23504414952735492,Insufficient Energy for CPU,N/A,N/A,N/A
1407,CPU_Intensive,Rejected,143.1199667143672,N/A,N/A,N/A,0.09114372935972541,0.0,0.0,0.0,STARLINK-32524,0,N/A,N/A,0.0,0.048954195498209584,False,0.0,0.0,0.0,188.03531962188393,0.23504414952735492,Insufficient Energy for CPU,N/A,N/A,N/A
1411,CPU_Intensive,Rejected,143.3902726368422,N/A,N/A,N/A,0.06826149271975558,0.0,0.0,0.0,STARLINK-32524,0,N/A,N/A,0.0,0.010946421117934362,False,0.0,0.0,0.0,188.03531962188393,0.23504414952735492,Insufficient Energy for CPU,N/A,N/A,N/A
1415,Generic_Service,Rejected,143.64099837687448,N/A,N/A,N/A,0.08527625666527203,0.0,0.0,0.0,STARLINK-32524,0,N/A,N/A,0.0,0.02253787343888531,False,0.0,0.0,0.0,188.03531962188393,0.23504414952735492,Insufficient Energy for CPU,N/A,N/A,N/A
1417,Generic_Service,Rejected,143.95195287299072,N/A,N/A,N/A,0.0470563218354257,0.0,0.0,0.0,STARLINK-32524,0,N/A,N/A,0.0,0.05628734468187527,False,0.0,0.0,0.0,188.03531962188393,0.23504414952735492,Insufficient Energy for CPU,N/A,N/A,N/A
1420,Generic_Service,Rejected,144.07862651852275,N/A,N/A,N/A,0.022271124531253565,0.0,0.0,0.0,STARLINK-32524,0,N/A,N/A,0.0,0.05471464332487593,False,0.0,0.0,0.0,188.03531962188393,0.23504414952735492,Insufficient Energy for CPU,N/A,N/A,N/A
1428,Generic_Service,Rejected,144.9331199124086,N/A,N/A,N/A,0.023556861642169302,0.0,0.0,0.0,STARLINK-32524,0,N/A,N/A,0.0,0.045523652185484716,False,0.0,0.0,0.0,188.03531962188393,0.23504414952735492,Insufficient Energy for CPU,N/A,N/A,N/A
1430,Generic_Service,Rejected,145.0633655455536,N/A,N/A,N/A,0.04358923146386598,0.0,0.0,0.0,STARLINK-32524,0,N/A,N/A,0.0,0.04046841195013613,False,0.0,0.0,0.0,188.03531962188393,0.23504414952735492,Insufficient Energy for CPU,N/A,N/A,N/A
1436,Generic_Service,Rejected,145.65062012637713,N/A,N/A,N/A,0.05422668901218919,0.0,0.0,0.0,STARLINK-32524,0,N/A,N/A,0.0,0.08557205459899984,False,0.0,0.0,0.0,188.03531962188393,0.23504414952735492,Insufficient Energy for CPU,N/A,N/A,N/A
1440,CPU_and_Data_Intensive,Rejected,146.1211061381605,N/A,N/A,N/A,0.032006683259312,0.0,0.0,0.0,STARLINK-32524,0,N/A,N/A,0.0,0.9486178997320073,False,0.0,0.0,0.0,188.03531962188393,0.23504414952735492,Insufficient Energy for CPU+NET,N/A,N/A,N/A
1449,CPU_and_Data_Intensive,Rejected,146.71699319395827,N/A,N/A,N/A,0.02839963305700164,0.0,0.0,0.0,STARLINK-32524,0,N/A,N/A,0.0,2.0026497462209023,False,0.0,0.0,0.0,188.03531962188393,0.23504414952735492,Insufficient Energy for CPU+NET,N/A,N/A,N/A
1454,Generic_Service,Rejected,147.13662079270148,N/A,N/A,N/A,0.0435411797878509,0.0,0.0,0.0,STARLINK-32524,0,N/A,N/A,0.0,0.031545857783003096,False,0.0,0.0,0.0,188.03531962188393,0.23504414952735492,Insufficient Energy for CPU,N/A,N/A,N/A
1458,Generic_Service,Rejected,147.5062233722724,N/A,N/A,N/A,0.034490314035940585,0.0,0.0,0.0,STARLINK-32524,0,N/A,N/A,0.0,0.052973103256669325,False,0.0,0.0,0.0,188.03531962188393,0.23504414952735492,Insufficient Energy for CPU,N/A,N/A,N/A
1459,Generic_Service,Rejected,147.63374783051313,N/A,N/A,N/A,0.027235075305486564,0.0,0.0,0.0,STARLINK-32524,0,N/A,N/A,0.0,0.02177502539530348,False,0.0,0.0,0.0,188.03531962188393,0.23504414952735492,Insufficient Energy for CPU,N/A,N/A,N/A
1460,Generic_Service,Rejected,147.71757168602863,N/A,N/A,N/A,0.025309556925331392,0.0,0.0,0.0,STARLINK-32524,0,N/A,N/A,0.0,0.02687129977203187,False,0.0,0.0,0.0,188.03531962188393,0.23504414952735492,Insufficient Energy for CPU,N/A,N/A,N/A
1467,Generic_Service,Rejected,147.9841304769464,N/A,N/A,N/A,0.03400140991862491,0.0,0.0,0.0,STARLINK-32524,0,N/A,N/A,0.0,0.016098495755938802,False,0.0,0.0,0.0,188.03531962188393,0.23504414952735492,Insufficient Energy for CPU,N/A,N/A,N/A
1471,Generic_Service,Rejected,148.59464441836542,N/A,N/A,N/A,0.09716487388901335,0.0,0.0,0.0,STARLINK-32524,0,N/A,N/A,0.0,0.06766140218578746,False,0.0,0.0,0.0,188.03531962188393,0.23504414952735492,Insufficient Energy for CPU,N/A,N/A,N/A
1475,Generic_Service,Rejected,148.7975094248063,N/A,N/A,N/A,0.05732873141080989,0.0,0.0,0.0,STARLINK-32524,0,N/A,N/A,0.0,0.043016177462298855,False,0.0,0.0,0.0,188.03531962188393,0.23504414952735492,Insufficient Energy for CPU,N/A,N/A,N/A
1476,CPU_and_Data_Intensive,Rejected,148.82411545287735,N/A,N/A,N/A,0.08083924536335763,0.0,0.0,0.0,STARLINK-32524,0,N/A,N/A,0.0,0.8256282523734025,False,0.0,0.0,0.0,188.03531962188393,0.23504414952735492,Insufficient Energy for CPU+NET,N/A,N/A,N/A
1487,Generic_Service,Rejected,149.5382702773678,N/A,N/A,N/A,0.022275486958125736,0.0,0.0,0.0,STARLINK-32524,0,N/A,N/A,0.0,0.0709708546101224,False,0.0,0.0,0.0,188.03531962188393,0.23504414952735492,Insufficient Energy for CPU,N/A,N/A,N/A
1491,CPU_Intensive,Rejected,149.874240933181,N/A,N/A,N/A,0.04589282702632186,0.0,0.0,0.0,STARLINK-32524,0,N/A,N/A,0.0,0.027052311446847076,False,0.0,0.0,0.0,188.03531962188393,0.23504414952735492,Insufficient Energy for CPU,N/A,N/A,N/A
1494,Generic_Service,Rejected,150.32577523120412,N/A,N/A,N/A,0.07112031447506809,0.0,0.0,0.0,STARLINK-32524,0,N/A,N/A,0.0,0.01976011684172908,False,0.0,0.0,0.0,188.03531962188393,0.23504414952735492,Insufficient Energy for CPU,N/A,N/A,N/A
1495,CPU_and_Data_Intensive,Rejected,150.59893372666497,N/A,N/A,N/A,0.09009232828569633,0.0,0.0,0.0,STARLINK-32524,0,N/A,N/A,0.0,13.034644632332142,False,0.0,0.0,0.0,188.03531962188393,0.23504414952735492,Insufficient Energy for CPU+NET,N/A,N/A,N/A
1499,CPU_Intensive,Rejected,151.09675858071446,N/A,N/A,N/A,0.06107848526696429,0.0,0.0,0.0,STARLINK-32524,0,N/A,N/A,0.0,0.0702591739783431,False,0.0,0.0,0.0,188.03531962188393,0.23504414952735492,Insufficient Energy for CPU,N/A,N/A,N/A
1507,Generic_Service,Rejected,152.0750294130903,N/A,N/A,N/A,0.027652102129897133,0.0,0.0,0.0,STARLINK-32524,0,N/A,N/A,0.0,0.08409701730123079,False,0.0,0.0,0.0,188.03531962188393,0.23504414952735492,Insufficient Energy for CPU,N/A,N/A,N/A
1513,Generic_Service,Rejected,152.52926998728984,N/A,N/A,N/A,0.06692338891412888,0.0,0.0,0.0,STARLINK-32524,0,N/A,N/A,0.0,0.05160452592064562,False,0.0,0.0,0.0,188.03531962188393,0.23504414952735492,Insufficient Energy for CPU,N/A,N/A,N/A
1521,Generic_Service,Rejected,153.78317762180131,N/A,N/A,N/A,0.05961122903330582,0.0,0.0,0.0,STARLINK-32524,0,N/A,N/A,0.0,0.0745396493593398,False,0.0,0.0,0.0,188.03531962188393,0.23504414952735492,Insufficient Energy for CPU,N/A,N/A,N/A
1525,Generic_Service,Rejected,154.72984822852348,N/A,N/A,N/A,0.04489587802958232,0.0,0.0,0.0,STARLINK-32524,0,N/A,N/A,0.0,0.07726166244770798,False,0.0,0.0,0.0,188.03531962188393,0.23504414952735492,Insufficient Energy for CPU,N/A,N/A,N/A
1531,Generic_Service,Rejected,155.2485746612096,N/A,N/A,N/A,0.04650662878008714,0.0,0.0,0.0,STARLINK-32524,0,N/A,N/A,0.0,0.08242727959370748,False,0.0,0.0,0.0,188.03531962188393,0.23504414952735492,Insufficient Energy for CPU,N/A,N/A,N/A
1532,Generic_Service,Rejected,155.25791935247926,N/A,N/A,N/A,0.032934044528185075,0.0,0.0,0.0,STARLINK-32524,0,N/A,N/A,0.0,0.06181522065373434,False,0.0,0.0,0.0,188.03531962188393,0.23504414952735492,Insufficient Energy for CPU,N/A,N/A,N/A
1551,CPU_and_Data_Intensive,Rejected,156.1424693123043,N/A,N/A,N/A,0.10706707058253431,0.0,0.0,0.0,STARLINK-32524,0,N/A,N/A,0.0,7.752859017936179,False,0.0,0.0,0.0,188.03531962188393,0.23504414952735492,Insufficient Energy for CPU+NET,N/A,N/A,N/A
1560,CPU_Intensive,Rejected,157.51686135383866,N/A,N/A,N/A,0.0984454504421842,0.0,0.0,0.0,STARLINK-32524,0,N/A,N/A,0.0,0.041321643707478754,False,0.0,0.0,0.0,188.03531962188393,0.23504414952735492,Insufficient Energy for CPU,N/A,N/A,N/A
1564,CPU_and_Data_Intensive,Rejected,158.0329816088777,N/A,N/A,N/A,0.06257535905047724,0.0,0.0,0.0,STARLINK-32524,0,N/A,N/A,0.0,0.8683909155035691,False,0.0,0.0,0.0,188.03531962188393,0.23504414952735492,Insufficient Energy for CPU+NET,N/A,N/A,N/A
1572,CPU_and_Data_Intensive,Rejected,159.13769798747572,N/A,N/A,N/A,0.08852376503113954,0.0,0.0,0.0,STARLINK-32524,0,N/A,N/A,0.0,15.125291293955353,False,0.0,0.0,0.0,188.03531962188393,0.23504414952735492,Insufficient Energy for CPU+NET,N/A,N/A,N/A
1573,Generic_Service,Rejected,159.26222429504114,N/A,N/A,N/A,0.0794512379355222,0.0,0.0,0.0,STARLINK-32524,0,N/A,N/A,0.0,0.08671543202592706,False,0.0,0.0,0.0,188.03531962188393,0.23504414952735492,Insufficient Energy for CPU,N/A,N/A,N/A
1583,Generic_Service,Rejected,160.03663088773158,N/A,N/A,N/A,0.03285457683554674,0.0,0.0,0.0,STARLINK-32524,0,N/A,N/A,0.0,0.04700705353562138,False,0.0,0.0,0.0,188.03531962188393,0.23504414952735492,Insufficient Energy for CPU,N/A,N/A,N/A
1587,Generic_Service,Rejected,160.48705327443318,N/A,N/A,N/A,0.09196087699251365,0.0,0.0,0.0,STARLINK-32524,0,N/A,N/A,0.0,0.01593204337262628,False,0.0,0.0,0.0,188.03531962188393,0.23504414952735492,Insufficient Energy for CPU,N/A,N/A,N/A
1593,Generic_Service,Rejected,161.3946522955598,N/A,N/A,N/A,0.04057046591867644,0.0,0.0,0.0,STARLINK-32524,0,N/A,N/A,0.0,0.04953151125148362,False,0.0,0.0,0.0,188.03531962188393,0.23504414952735492,Insufficient Energy for CPU,N/A,N/A,N/A
1594,CPU_Intensive,Rejected,161.41372555125037,N/A,N/A,N/A,0.03903489829522805,0.0,0.0,0.0,STARLINK-32524,0,N/A,N/A,0.0,0.02987414125499272,False,0.0,0.0,0.0,188.03531962188393,0.23504414952735492,Insufficient Energy for CPU,N/A,N/A,N/A
1600,Generic_Service,Rejected,162.03940218857718,N/A,N/A,N/A,0.06193541540884299,0.0,0.0,0.0,STARLINK-32524,0,N/A,N/A,0.0,0.07768581326493222,False,0.0,0.0,0.0,188.03531962188393,0.23504414952735492,Insufficient Energy for CPU,N/A,N/A,N/A
1604,CPU_Intensive,Rejected,162.5488368219065,N/A,N/A,N/A,0.07962692723411632,0.0,0.0,0.0,STARLINK-32524,0,N/A,N/A,0.0,0.06760837399196715,False,0.0,0.0,0.0,188.03531962188393,0.23504414952735492,Insufficient Energy for CPU,N/A,N/A,N/A
1607,CPU_and_Data_Intensive,Rejected,162.94518517600494,N/A,N/A,N/A,0.10232009576981452,0.0,0.0,0.0,STARLINK-32524,0,N/A,N/A,0.0,1.8365960516218407,False,0.0,0.0,0.0,188.03531962188393,0.23504414952735492,Insufficient Energy for CPU+NET,N/A,N/A,N/A
1608,Generic_Service,Rejected,162.97735778683403,N/A,N/A,N/A,0.05240093311259645,0.0,0.0,0.0,STARLINK-32524,0,N/A,N/A,0.0,0.012717022161719884,False,0.0,0.0,0.0,188.03531962188393,0.23504414952735492,Insufficient Energy for CPU,N/A,N/A,N/A
1609,CPU_Intensive,Rejected,163.16695448759017,N/A,N/A,N/A,0.021601114319700396,0.0,0.0,0.0,STARLINK-32524,0,N/A,N/A,0.0,0.04227027136608431,False,0.0,0.0,0.0,188.03531962188393,0.23504414952735492,Insufficient Energy for CPU,N/A,N/A,N/A
1617,Generic_Service,Rejected,163.81724467293958,N/A,N/A,N/A,0.03616153395531817,0.0,0.0,0.0,STARLINK-32524,0,N/A,N/A,0.0,0.05763885819605928,False,0.0,0.0,0.0,188.03531962188393,0.23504414952735492,Insufficient Energy for CPU,N/A,N/A,N/A
1618,CPU_Intensive,Rejected,163.8853361439253,N/A,N/A,N/A,0.06256128589619668,0.0,0.0,0.0,STARLINK-32524,0,N/A,N/A,0.0,0.013265548266371873,False,0.0,0.0,0.0,188.03531962188393,0.23504414952735492,Insufficient Energy for CPU,N/A,N/A,N/A
1627,CPU_Intensive,Rejected,164.69244391115555,N/A,N/A,N/A,0.02443892085546602,0.0,0.0,0.0,STARLINK-32524,0,N/A,N/A,0.0,0.03845046920379157,False,0.0,0.0,0.0,188.03531962188393,0.23504414952735492,Insufficient Energy for CPU,N/A,N/A,N/A
1630,Generic_Service,Rejected,165.1545374192094,N/A,N/A,N/A,0.04827480722266533,0.0,0.0,0.0,STARLINK-32524,0,N/A,N/A,0.0,0.011044794881355785,False,0.0,0.0,0.0,188.03531962188393,0.23504414952735492,Insufficient Energy for CPU,N/A,N/A,N/A
1642,Generic_Service,Rejected,166.25224873215637,N/A,N/A,N/A,0.045395077121872546,0.0,0.0,0.0,STARLINK-32524,0,N/A,N/A,0.0,0.037633080675127877,False,0.0,0.0,0.0,188.03531962188393,0.23504414952735492,Insufficient Energy for CPU,N/A,N/A,N/A
1643,Generic_Service,Rejected,166.3352861481004,N/A,N/A,N/A,0.02090645317718398,0.0,0.0,0.0,STARLINK-32524,0,N/A,N/A,0.0,0.08690142910675763,False,0.0,0.0,0.0,188.03531962188393,0.23504414952735492,Insufficient Energy for CPU,N/A,N/A,N/A
1645,CPU_Intensive,Rejected,166.46633088777958,N/A,N/A,N/A,0.03103496147493904,0.0,0.0,0.0,STARLINK-32524,0,N/A,N/A,0.0,0.04827916601858461,False,0.0,0.0,0.0,188.03531962188393,0.23504414952735492,Insufficient Energy for CPU,N/A,N/A,N/A
1664,Generic_Service,Rejected,168.67291731408693,N/A,N/A,N/A,0.02643708362403507,0.0,0.0,0.0,STARLINK-32524,0,N/A,N/A,0.0,0.01001632361569352,False,0.0,0.0,0.0,188.03531962188393,0.23504414952735492,Insufficient Energy for CPU,N/A,N/A,N/A
1679,CPU_and_Data_Intensive,Rejected,170.01516046898115,N/A,N/A,N/A,0.06274872330819802,0.0,0.0,0.0,STARLINK-32524,0,N/A,N/A,0.0,1.5037476967231502,False,0.0,0.0,0.0,188.03531962188393,0.23504414952735492,Insufficient Energy for CPU+NET,N/A,N/A,N/A
1682,Generic_Service,Rejected,170.05338903623877,N/A,N/A,N/A,0.04480151137574867,0.0,0.0,0.0,STARLINK-32524,0,N/A,N/A,0.0,0.03908604926877466,False,0.0,0.0,0.0,188.03531962188393,0.23504414952735492,Insufficient Energy for CPU,N/A,N/A,N/A
1687,Generic_Service,Rejected,170.60364699583135,N/A,N/A,N/A,0.03569158345376879,0.0,0.0,0.0,STARLINK-32524,0,N/A,N/A,0.0,0.05806359395925841,False,0.0,0.0,0.0,188.03531962188393,0.23504414952735492,Insufficient Energy for CPU,N/A,N/A,N/A
1688,Generic_Service,Rejected,170.96014960714882,N/A,N/A,N/A,0.040082601345100236,0.0,0.0,0.0,STARLINK-32524,0,N/A,N/A,0.0,0.01548760312562814,False,0.0,0.0,0.0,188.03531962188393,0.23504414952735492,Insufficient Energy for CPU,N/A,N/A,N/A
1689,Generic_Service,Rejected,170.9735185396969,N/A,N/A,N/A,0.05354445792741528,0.0,0.0,0.0,STARLINK-32524,0,N/A,N/A,0.0,0.03473971144924222,False,0.0,0.0,0.0,188.03531962188393,0.23504414952735492,Insufficient Energy for CPU,N/A,N/A,N/A
1692,Generic_Service,Rejected,171.5381650479595,N/A,N/A,N/A,0.02624983449999664,0.0,0.0,0.0,STARLINK-32524,0,N/A,N/A,0.0,0.04272681055616128,False,0.0,0.0,0.0,188.03531962188393,0.23504414952735492,Insufficient Energy for CPU,N/A,N/A,N/A
1694,Generic_Service,Rejected,171.9020565439485,N/A,N/A,N/A,0.043375529467060865,0.0,0.0,0.0,STARLINK-32524,0,N/A,N/A,0.0,0.02807729599602382,False,0.0,0.0,0.0,188.03531962188393,0.23504414952735492,Insufficient Energy for CPU,N/A,N/A,N/A
1698,Generic_Service,Rejected,172.29930406102616,N/A,N/A,N/A,0.051960979494861295,0.0,0.0,0.0,STARLINK-32524,0,N/A,N/A,0.0,0.06924470174204905,False,0.0,0.0,0.0,188.03531962188393,0.23504414952735492,Insufficient Energy for CPU,N/A,N/A,N/A
1708,Generic_Service,Rejected,173.17074499175945,N/A,N/A,N/A,0.0705264664379121,0.0,0.0,0.0,STARLINK-32524,0,N/A,N/A,0.0,0.043377086870837335,False,0.0,0.0,0.0,188.03531962188393,0.23504414952735492,Insufficient Energy for CPU,N/A,N/A,N/A
1709,CPU_Intensive,Rejected,173.1925213948184,N/A,N/A,N/A,0.1068400319319556,0.0,0.0,0.0,STARLINK-32524,0,N/A,N/A,0.0,0.017172288848937876,False,0.0,0.0,0.0,188.03531962188393,0.23504414952735492,Insufficient Energy for CPU,N/A,N/A,N/A
1712,CPU_and_Data_Intensive,Rejected,173.38954947996714,N/A,N/A,N/A,0.04524164475434316,0.0,0.0,0.0,STARLINK-32524,0,N/A,N/A,0.0,0.992436361153925,False,0.0,0.0,0.0,188.03531962188393,0.23504414952735492,Insufficient Energy for CPU+NET,N/A,N/A,N/A
1713,Generic_Service,Rejected,173.4428341675901,N/A,N/A,N/A,0.024777270370605592,0.0,0.0,0.0,STARLINK-32524,0,N/A,N/A,0.0,0.04292721046616641,False,0.0,0.0,0.0,188.03531962188393,0.23504414952735492,Insufficient Energy for CPU,N/A,N/A,N/A
1717,CPU_and_Data_Intensive,Rejected,173.86242744685796,N/A,N/A,N/A,0.09577440400071438,0.0,0.0,0.0,STARLINK-32524,0,N/A,N/A,0.0,0.8624949912041993,False,0.0,0.0,0.0,188.03531962188393,0.23504414952735492,Insufficient Energy for CPU+NET,N/A,N/A,N/A
1722,Generic_Service,Rejected,174.46973575565212,N/A,N/A,N/A,0.0589389914965915,0.0,0.0,0.0,STARLINK-32524,0,N/A,N/A,0.0,0.025693227777429335,False,0.0,0.0,0.0,188.03531962188393,0.23504414952735492,Insufficient Energy for CPU,N/A,N/A,N/A
1725,Generic_Service,Rejected,174.8406020105778,N/A,N/A,N/A,0.10768667050634705,0.0,0.0,0.0,STARLINK-32524,0,N/A,N/A,0.0,0.06096138930467044,False,0.0,0.0,0.0,188.03531962188393,0.23504414952735492,Insufficient Energy for CPU,N/A,N/A,N/A
1726,Generic_Service,Rejected,175.00191310697875,N/A,N/A,N/A,0.024626046595205505,0.0,0.0,0.0,STARLINK-32524,0,N/A,N/A,0.0,0.030164179374001072,False,0.0,0.0,0.0,188.03531962188393,0.23504414952735492,Insufficient Energy for CPU,N/A,N/A,N/A
1727,Generic_Service,Rejected,175.00850670657437,N/A,N/A,N/A,0.06634575821334099,0.0,0.0,0.0,STARLINK-32524,0,N/A,N/A,0.0,0.06736635998988383,False,0.0,0.0,0.0,188.03531962188393,0.23504414952735492,Insufficient Energy for CPU,N/A,N/A,N/A
1731,CPU_and_Data_Intensive,Rejected,175.4782599181385,N/A,N/A,N/A,0.09676599320805285,0.0,0.0,0.0,STARLINK-32524,0,N/A,N/A,0.0,22.072116458029328,False,0.0,0.0,0.0,188.03531962188393,0.23504414952735492,Insufficient Energy for CPU+NET,N/A,N/A,N/A
1732,Generic_Service,Rejected,175.78784742508094,N/A,N/A,N/A,0.10643586952677958,0.0,0.0,0.0,STARLINK-32524,0,N/A,N/A,0.0,0.06583433405217566,False,0.0,0.0,0.0,188.03531962188393,0.23504414952735492,Insufficient Energy for CPU,N/A,N/A,N/A
1733,Generic_Service,Rejected,175.83305407341265,N/A,N/A,N/A,0.0409430756095512,0.0,0.0,0.0,STARLINK-32524,0,N/A,N/A,0.0,0.04187683457989165,False,0.0,0.0,0.0,188.03531962188393,0.23504414952735492,Insufficient Energy for CPU,N/A,N/A,N/A
1741,Generic_Service,Rejected,176.37530095628784,N/A,N/A,N/A,0.061621738538255866,0.0,0.0,0.0,STARLINK-32524,0,N/A,N/A,0.0,0.022534252942769097,False,0.0,0.0,0.0,188.03531962188393,0.23504414952735492,Insufficient Energy for CPU,N/A,N/A,N/A
1745,CPU_Intensive,Rejected,176.82964104660573,N/A,N/A,N/A,0.09929727611717679,0.0,0.0,0.0,STARLINK-32524,0,N/A,N/A,0.0,0.019711687912667645,False,0.0,0.0,0.0,188.03531962188393,0.23504414952735492,Insufficient Energy for CPU,N/A,N/A,N/A
1749,CPU_Intensive,Rejected,177.2859321932255,N/A,N/A,N/A,0.09702882575245479,0.0,0.0,0.0,STARLINK-32524,0,N/A,N/A,0.0,0.02069340839879185,False,0.0,0.0,0.0,188.03531962188393,0.23504414952735492,Insufficient Energy for CPU,N/A,N/A,N/A
1750,Generic_Service,Rejected,177.37132715871257,N/A,N/A,N/A,0.03209566873581298,0.0,0.0,0.0,STARLINK-32524,0,N/A,N/A,0.0,0.07557238137381582,False,0.0,0.0,0.0,188.03531962188393,0.23504414952735492,Insufficient Energy for CPU,N/A,N/A,N/A
1754,Generic_Service,Rejected,177.72981128649525,N/A,N/A,N/A,0.05436394474395104,0.0,0.0,0.0,STARLINK-32524,0,N/A,N/A,0.0,0.02280626687706639,False,0.0,0.0,0.0,188.03531962188393,0.23504414952735492,Insufficient Energy for CPU,N/A,N/A,N/A
1757,Generic_Service,Rejected,178.03706163053914,N/A,N/A,N/A,0.025830302007707175,0.0,0.0,0.0,STARLINK-32524,0,N/A,N/A,0.0,0.0696191941839618,False,0.0,0.0,0.0,188.03531962188393,0.23504414952735492,Insufficient Energy for CPU,N/A,N/A,N/A
1763,Generic_Service,Rejected,178.79942650886736,N/A,N/A,N/A,0.030089526243531246,0.0,0.0,0.0,STARLINK-32524,0,N/A,N/A,0.0,0.07057347623051768,False,0.0,0.0,0.0,188.03531962188393,0.23504414952735492,Insufficient Energy for CPU,N/A,N/A,N/A
1764,Generic_Service,Rejected,178.85276916210896,N/A,N/A,N/A,0.03421946217846039,0.0,0.0,0.0,STARLINK-32524,0,N/A,N/A,0.0,0.03831797414020865,False,0.0,0.0,0.0,188.03531962188393,0.23504414952735492,Insufficient Energy for CPU,N/A,N/A,N/A
1767,Generic_Service,Rejected,179.2870830637246,N/A,N/A,N/A,0.05416029732778959,0.0,0.0,0.0,STARLINK-32524,0,N/A,N/A,0.0,0.019662315266962025,False,0.0,0.0,0.0,188.03531962188393,0.23504414952735492,Insufficient Energy for CPU,N/A,N/A,N/A
1768,CPU_Intensive,Rejected,179.5575263313687,N/A,N/A,N/A,0.06319736940067891,0.0,0.0,0.0,STARLINK-32524,0,N/A,N/A,0.0,0.0581478638183498,False,0.0,0.0,0.0,188.03531962188393,0.23504414952735492,Insufficient Energy for CPU,N/A,N/A,N/A
1769,Generic_Service,Rejected,179.5637334572282,N/A,N/A,N/A,0.05491697012358221,0.0,0.0,0.0,STARLINK-32524,0,N/A,N/A,0.0,0.06329685711082987,False,0.0,0.0,0.0,188.03531962188393,0.23504414952735492,Insufficient Energy for CPU,N/A,N/A,N/A
1774,CPU_Intensive,Rejected,179.9470676381419,N/A,N/A,N/A,0.09927445385132228,0.0,0.0,0.0,STARLINK-32524,0,N/A,N/A,0.0,0.03161877619187405,False,0.0,0.0,0.0,188.03531962188393,0.23504414952735492,Insufficient Energy for CPU,N/A,N/A,N/A
1778,CPU_Intensive,Rejected,180.62564765425594,N/A,N/A,N/A,0.10057115775345446,0.0,0.0,0.0,STARLINK-32524,0,N/A,N/A,0.0,0.03252026887169181,False,0.0,0.0,0.0,188.03531962188393,0.23504414952735492,Insufficient Energy for CPU,N/A,N/A,N/A
1780,CPU_Intensive,Rejected,180.97315200322663,N/A,N/A,N/A,0.10044589432994322,0.0,0.0,0.0,STARLINK-32524,0,N/A,N/A,0.0,0.011399553336887545,False,0.0,0.0,0.0,188.03531962188393,0.23504414952735492,Insufficient Energy for CPU,N/A,N/A,N/A
1782,Generic_Service,Rejected,181.10185568319872,N/A,N/A,N/A,0.03386296789105835,0.0,0.0,0.0,STARLINK-32524,0,N/A,N/A,0.0,0.019157521750316823,False,0.0,0.0,0.0,188.03531962188393,0.23504414952735492,Insufficient Energy for CPU,N/A,N/A,N/A
1791,CPU_Intensive,Rejected,182.10982556496148,N/A,N/A,N/A,0.09601290616045342,0.0,0.0,0.0,STARLINK-32524,0,N/A,N/A,0.0,0.07160959688702641,False,0.0,0.0,0.0,188.03531962188393,0.23504414952735492,Insufficient Energy for CPU,N/A,N/A,N/A
1796,CPU_Intensive,Rejected,182.9544936117963,N/A,N/A,N/A,0.0794215928202853,0.0,0.0,0.0,STARLINK-32524,0,N/A,N/A,0.0,0.016303966616580325,False,0.0,0.0,0.0,188.03531962188393,0.23504414952735492,Insufficient Energy for CPU,N/A,N/A,N/A
1797,Generic_Service,Rejected,183.02196813049568,N/A,N/A,N/A,0.06279041395340765,0.0,0.0,0.0,STARLINK-32524,0,N/A,N/A,0.0,0.06173276177168885,False,0.0,0.0,0.0,188.03531962188393,0.23504414952735492,Insufficient Energy for CPU,N/A,N/A,N/A
1801,CPU_Intensive,Rejected,183.38308622669632,N/A,N/A,N/A,0.0919955828595824,0.0,0.0,0.0,STARLINK-32524,0,N/A,N/A,0.0,0.02870206649990402,False,0.0,0.0,0.0,188.03531962188393,0.23504414952735492,Insufficient Energy for CPU,N/A,N/A,N/A
1809,Generic_Service,Rejected,184.51894749042222,N/A,N/A,N/A,0.04827522277943196,0.0,0.0,0.0,STARLINK-32524,0,N/A,N/A,0.0,0.05519609555178243,False,0.0,0.0,0.0,188.03531962188393,0.23504414952735492,Insufficient Energy for CPU,N/A,N/A,N/A
1818,CPU_Intensive,Rejected,185.12772782727123,N/A,N/A,N/A,0.03585585035648293,0.0,0.0,0.0,STARLINK-32524,0,N/A,N/A,0.0,0.061613390248064046,False,0.0,0.0,0.0,188.03531962188393,0.23504414952735492,Insufficient Energy for CPU,N/A,N/A,N/A
1820,Generic_Service,Rejected,185.57100517739644,N/A,N/A,N/A,0.08546526868313674,0.0,0.0,0.0,STARLINK-32524,0,N/A,N/A,0.0,0.04969018217428409,False,0.0,0.0,0.0,188.03531962188393,0.23504414952735492,Insufficient Energy for CPU,N/A,N/A,N/A
1821,Generic_Service,Rejected,185.62760836880094,N/A,N/A,N/A,0.03286070617222804,0.0,0.0,0.0,STARLINK-32524,0,N/A,N/A,0.0,0.0434272034195843,False,0.0,0.0,0.0,188.03531962188393,0.23504414952735492,Insufficient Energy for CPU,N/A,N/A,N/A
1826,Generic_Service,Rejected,186.35421242858945,N/A,N/A,N/A,0.056971331729212274,0.0,0.0,0.0,STARLINK-32524,0,N/A,N/A,0.0,0.04162387529546446,False,0.0,0.0,0.0,188.03531962188393,0.23504414952735492,Insufficient Energy for CPU,N/A,N/A,N/A
1828,Generic_Service,Rejected,186.86695101971256,N/A,N/A,N/A,0.09473289662097124,0.0,0.0,0.0,STARLINK-32524,0,N/A,N/A,0.0,0.0813084467189669,False,0.0,0.0,0.0,188.03531962188393,0.23504414952735492,Insufficient Energy for CPU,N/A,N/A,N/A
1829,Generic_Service,Rejected,186.874942187597,N/A,N/A,N/A,0.06442235160275188,0.0,0.0,0.0,STARLINK-32524,0,N/A,N/A,0.0,0.025415630221248056,False,0.0,0.0,0.0,188.03531962188393,0.23504414952735492,Insufficient Energy for CPU,N/A,N/A,N/A
1832,Generic_Service,Rejected,187.13430887492143,N/A,N/A,N/A,0.027530273051470985,0.0,0.0,0.0,STARLINK-32524,0,N/A,N/A,0.0,0.025944522301644554,False,0.0,0.0,0.0,188.03531962188393,0.23504414952735492,Insufficient Energy for CPU,N/A,N/A,N/A
1833,Generic_Service,Rejected,187.16461177149372,N/A,N/A,N/A,0.04753036826455161,0.0,0.0,0.0,STARLINK-32524,0,N/A,N/A,0.0,0.06004632194118792,False,0.0,0.0,0.0,188.03531962188393,0.23504414952735492,Insufficient Energy for CPU,N/A,N/A,N/A
1835,CPU_Intensive,Rejected,187.28820282915092,N/A,N/A,N/A,0.041923425266284876,0.0,0.0,0.0,STARLINK-32524,0,N/A,N/A,0.0,0.02580285559282753,False,0.0,0.0,0.0,188.03531962188393,0.23504414952735492,Insufficient Energy for CPU,N/A,N/A,N/A
1838,CPU_Intensive,Rejected,187.533503660505,N/A,N/A,N/A,0.05585203111267085,0.0,0.0,0.0,STARLINK-32524,0,N/A,N/A,0.0,0.032119309352510735,False,0.0,0.0,0.0,188.03531962188393,0.23504414952735492,Insufficient Energy for CPU,N/A,N/A,N/A
1839,Generic_Service,Rejected,187.53847726072595,N/A,N/A,N/A,0.035073533746468204,0.0,0.0,0.0,STARLINK-32524,0,N/A,N/A,0.0,0.051203730916063374,False,0.0,0.0,0.0,188.03531962188393,0.23504414952735492,Insufficient Energy for CPU,N/A,N/A,N/A
1843,Generic_Service,Rejected,188.19630323975665,N/A,N/A,N/A,0.026109998948104448,0.0,0.0,0.0,STARLINK-32524,0,N/A,N/A,0.0,0.018279530026260156,False,0.0,0.0,0.0,188.03531962188393,0.23504414952735492,Insufficient Energy for CPU,N/A,N/A,N/A
1844,Generic_Service,Rejected,188.28023248757157,N/A,N/A,N/A,0.0927694491884703,0.0,0.0,0.0,STARLINK-32524,0,N/A,N/A,0.0,0.011034889372960092,False,0.0,0.0,0.0,188.03531962188393,0.23504414952735492,Insufficient Energy for CPU,N/A,N/A,N/A
1858,Generic_Service,Rejected,189.92545075730848,N/A,N/A,N/A,0.04551875792651654,0.0,0.0,0.0,STARLINK-32524,0,N/A,N/A,0.0,0.029723740763199953,False,0.0,0.0,0.0,188.03531962188393,0.23504414952735492,Insufficient Energy for CPU,N/A,N/A,N/A
1865,Generic_Service,Rejected,190.33597614547932,N/A,N/A,N/A,0.07597151436638941,0.0,0.0,0.0,STARLINK-32524,0,N/A,N/A,0.0,0.08098194824084703,False,0.0,0.0,0.0,188.03531962188393,0.23504414952735492,Insufficient Energy for CPU,N/A,N/A,N/A
1869,Generic_Service,Rejected,190.66640800777705,N/A,N/A,N/A,0.05681717327120949,0.0,0.0,0.0,STARLINK-32524,0,N/A,N/A,0.0,0.04802570490479399,False,0.0,0.0,0.0,188.03531962188393,0.23504414952735492,Insufficient Energy for CPU,N/A,N/A,N/A
1874,Generic_Service,Rejected,190.97686802659842,N/A,N/A,N/A,0.08452396936635798,0.0,0.0,0.0,STARLINK-32524,0,N/A,N/A,0.0,0.05003978152864895,False,0.0,0.0,0.0,188.03531962188393,0.23504414952735492,Insufficient Energy for CPU,N/A,N/A,N/A
1879,CPU_Intensive,Rejected,191.30287645537103,N/A,N/A,N/A,0.023525118903623913,0.0,0.0,0.0,STARLINK-32524,0,N/A,N/A,0.0,0.020087333351841784,False,0.0,0.0,0.0,188.03531962188393,0.23504414952735492,Insufficient Energy for CPU,N/A,N/A,N/A
1886,Generic_Service,Rejected,191.93580032302867,N/A,N/A,N/A,0.02901490956518629,0.0,0.0,0.0,STARLINK-32524,0,N/A,N/A,0.0,0.03806147110846935,False,0.0,0.0,0.0,188.03531962188393,0.23504414952735492,Insufficient Energy for CPU,N/A,N/A,N/A
1893,Generic_Service,Rejected,192.89739701389195,N/A,N/A,N/A,0.03685162884396911,0.0,0.0,0.0,STARLINK-32524,0,N/A,N/A,0.0,0.06768038059996057,False,0.0,0.0,0.0,188.03531962188393,0.23504414952735492,Insufficient Energy for CPU,N/A,N/A,N/A
1895,Generic_Service,Rejected,192.93451200018453,N/A,N/A,N/A,0.07619953081860573,0.0,0.0,0.0,STARLINK-32524,0,N/A,N/A,0.0,0.07710743059168951,False,0.0,0.0,0.0,188.03531962188393,0.23504414952735492,Insufficient Energy for CPU,N/A,N/A,N/A
1898,Generic_Service,Rejected,193.1379104058035,N/A,N/A,N/A,0.04917572300715589,0.0,0.0,0.0,STARLINK-32524,0,N/A,N/A,0.0,0.026281228089660692,False,0.0,0.0,0.0,188.03531962188393,0.23504414952735492,Insufficient Energy for CPU,N/A,N/A,N/A
1909,Generic_Service,Rejected,193.790378152332,N/A,N/A,N/A,0.03056964684197986,0.0,0.0,0.0,STARLINK-32524,0,N/A,N/A,0.0,0.024146563017088753,False,0.0,0.0,0.0,188.03531962188393,0.23504414952735492,Insufficient Energy for CPU,N/A,N/A,N/A
1923,Generic_Service,Rejected,194.7768393556268,N/A,N/A,N/A,0.061393204992309186,0.0,0.0,0.0,STARLINK-32524,0,N/A,N/A,0.0,0.04308330431440695,False,0.0,0.0,0.0,188.03531962188393,0.23504414952735492,Insufficient Energy for CPU,N/A,N/A,N/A
1926,CPU_and_Data_Intensive,Rejected,195.4360253093867,N/A,N/A,N/A,0.07549205440691455,0.0,0.0,0.0,STARLINK-32524,0,N/A,N/A,0.0,1.607534475478841,False,0.0,0.0,0.0,188.03531962188393,0.23504414952735492,Insufficient Energy for CPU+NET,N/A,N/A,N/A
1927,CPU_Intensive,Rejected,195.52632396503864,N/A,N/A,N/A,0.061079551823713864,0.0,0.0,0.0,STARLINK-32524,0,N/A,N/A,0.0,0.06867081830644875,False,0.0,0.0,0.0,188.03531962188393,0.23504414952735492,Insufficient Energy for CPU,N/A,N/A,N/A
1935,CPU_Intensive,Rejected,196.04561699065317,N/A,N/A,N/A,0.043467373367578964,0.0,0.0,0.0,STARLINK-32524,0,N/A,N/A,0.0,0.04393552489635213,False,0.0,0.0,0.0,188.03531962188393,0.23504414952735492,Insufficient Energy for CPU,N/A,N/A,N/A
1936,Generic_Service,Rejected,196.22924613145156,N/A,N/A,N/A,0.05184015693228059,0.0,0.0,0.0,STARLINK-32524,0,N/A,N/A,0.0,0.06739278780796205,False,0.0,0.0,0.0,188.03531962188393,0.23504414952735492,Insufficient Energy for CPU,N/A,N/A,N/A
1943,Generic_Service,Rejected,196.7727285004827,N/A,N/A,N/A,0.055269753931671765,0.0,0.0,0.0,STARLINK-32524,0,N/A,N/A,0.0,0.031202386719012445,False,0.0,0.0,0.0,188.03531962188393,0.23504414952735492,Insufficient Energy for CPU,N/A,N/A,N/A
1948,CPU_and_Data_Intensive,Rejected,196.92469030800962,N/A,N/A,N/A,0.06360808153478763,0.0,0.0,0.0,STARLINK-32524,0,N/A,N/A,0.0,1.3879190848973535,False,0.0,0.0,0.0,188.03531962188393,0.23504414952735492,Insufficient Energy for CPU+NET,N/A,N/A,N/A
1959,CPU_and_Data_Intensive,Rejected,197.7493800020543,N/A,N/A,N/A,0.028771574298945397,0.0,0.0,0.0,STARLINK-32524,0,N/A,N/A,0.0,0.30085817556044064,False,0.0,0.0,0.0,188.03531962188393,0.23504414952735492,Insufficient Energy for CPU+NET,N/A,N/A,N/A
1971,CPU_Intensive,Rejected,198.69617155229383,N/A,N/A,N/A,0.0539865262881082,0.0,0.0,0.0,STARLINK-32524,0,N/A,N/A,0.0,0.02671462989589264,False,0.0,0.0,0.0,188.03531962188393,0.23504414952735492,Insufficient Energy for CPU,N/A,N/A,N/A
1974,Generic_Service,Rejected,198.75320975033017,N/A,N/A,N/A,0.02503117013347474,0.0,0.0,0.0,STARLINK-32524,0,N/A,N/A,0.0,0.013116667556186214,False,0.0,0.0,0.0,188.03531962188393,0.23504414952735492,Insufficient Energy for CPU,N/A,N/A,N/A
1980,CPU_and_Data_Intensive,Rejected,199.09894276671236,N/A,N/A,N/A,0.05597770133875595,0.0,0.0,0.0,STARLINK-32524,0,N/A,N/A,0.0,1.5171661785914254,False,0.0,0.0,0.0,188.03531962188393,0.23504414952735492,Insufficient Energy for CPU+NET,N/A,N/A,N/A
1985,Generic_Service,Rejected,199.7822757815044,N/A,N/A,N/A,0.02074770431121906,0.0,0.0,0.0,STARLINK-32524,0,N/A,N/A,0.0,0.010052725957685752,False,0.0,0.0,0.0,188.03531962188393,0.23504414952735492,Insufficient Energy for CPU,N/A,N/A,N/A
1993,Generic_Service,Rejected,200.79918223586992,N/A,N/A,N/A,0.050318681192791384,0.0,0.0,0.0,STARLINK-32524,0,N/A,N/A,0.0,0.023892799450008995,False,0.0,0.0,0.0,188.03531962188393,0.23504414952735492,Insufficient Energy for CPU,N/A,N/A,N/A
2001,Generic_Service,Rejected,201.6252659033905,N/A,N/A,N/A,0.05803344264600187,0.0,0.0,0.0,STARLINK-32524,0,N/A,N/A,0.0,0.07560629204614584,False,0.0,0.0,0.0,188.03531962188393,0.23504414952735492,Insufficient Energy for CPU,N/A,N/A,N/A
2008,Generic_Service,Rejected,202.5619098065826,N/A,N/A,N/A,0.09674042800159989,0.0,0.0,0.0,STARLINK-32524,0,N/A,N/A,0.0,0.04973492688999829,False,0.0,0.0,0.0,188.03531962188393,0.23504414952735492,Insufficient Energy for CPU,N/A,N/A,N/A
2012,Generic_Service,Rejected,203.24567857429065,N/A,N/A,N/A,0.06380218751177863,0.0,0.0,0.0,STARLINK-32524,0,N/A,N/A,0.0,0.06266279783944674,False,0.0,0.0,0.0,188.03531962188393,0.23504414952735492,Insufficient Energy for CPU,N/A,N/A,N/A
2018,CPU_Intensive,Rejected,203.52339594506032,N/A,N/A,N/A,0.03333889788344367,0.0,0.0,0.0,STARLINK-32524,0,N/A,N/A,0.0,0.04350131785364126,False,0.0,0.0,0.0,188.03531962188393,0.23504414952735492,Insufficient Energy for CPU,N/A,N/A,N/A
2019,Generic_Service,Rejected,203.52514270519916,N/A,N/A,N/A,0.10686139348587342,0.0,0.0,0.0,STARLINK-32524,0,N/A,N/A,0.0,0.052870660769950215,False,0.0,0.0,0.0,188.03531962188393,0.23504414952735492,Insufficient Energy for CPU,N/A,N/A,N/A
2028,Generic_Service,Rejected,204.37134857811967,N/A,N/A,N/A,0.033845892100313545,0.0,0.0,0.0,STARLINK-32524,0,N/A,N/A,0.0,0.06144347837095583,False,0.0,0.0,0.0,188.03531962188393,0.23504414952735492,Insufficient Energy for CPU,N/A,N/A,N/A
2029,CPU_and_Data_Intensive,Rejected,204.44128096294494,N/A,N/A,N/A,0.0935453653638984,0.0,0.0,0.0,STARLINK-32524,0,N/A,N/A,0.0,0.7639714109848441,False,0.0,0.0,0.0,188.03531962188393,0.23504414952735492,Insufficient Energy for CPU+NET,N/A,N/A,N/A
2039,Generic_Service,Rejected,205.12381750689948,N/A,N/A,N/A,0.07638643305508809,0.0,0.0,0.0,STARLINK-32524,0,N/A,N/A,0.0,0.04220019427174003,False,0.0,0.0,0.0,188.03531962188393,0.23504414952735492,Insufficient Energy for CPU,N/A,N/A,N/A
2044,Generic_Service,Rejected,205.63085639874913,N/A,N/A,N/A,0.037580466937390526,0.0,0.0,0.0,STARLINK-32524,0,N/A,N/A,0.0,0.03863058132772053,False,0.0,0.0,0.0,188.03531962188393,0.23504414952735492,Insufficient Energy for CPU,N/A,N/A,N/A
2045,Generic_Service,Rejected,205.7174890149111,N/A,N/A,N/A,0.0215871197016688,0.0,0.0,0.0,STARLINK-32524,0,N/A,N/A,0.0,0.017084669761992508,False,0.0,0.0,0.0,188.03531962188393,0.23504414952735492,Insufficient Energy for CPU,N/A,N/A,N/A
2053,Generic_Service,Rejected,206.26814313378625,N/A,N/A,N/A,0.07658174067855215,0.0,0.0,0.0,STARLINK-32524,0,N/A,N/A,0.0,0.06305803816485316,False,0.0,0.0,0.0,188.03531962188393,0.23504414952735492,Insufficient Energy for CPU,N/A,N/A,N/A
2054,Generic_Service,Rejected,206.42872537857707,N/A,N/A,N/A,0.08183709215961414,0.0,0.0,0.0,STARLINK-32524,0,N/A,N/A,0.0,0.01529010229948521,False,0.0,0.0,0.0,188.03531962188393,0.23504414952735492,Insufficient Energy for CPU,N/A,N/A,N/A
2055,Generic_Service,Rejected,206.5567048523855,N/A,N/A,N/A,0.06185909756296052,0.0,0.0,0.0,STARLINK-32524,0,N/A,N/A,0.0,0.02980994894321712,False,0.0,0.0,0.0,188.03531962188393,0.23504414952735492,Insufficient Energy for CPU,N/A,N/A,N/A
2057,Generic_Service,Rejected,206.71124849266732,N/A,N/A,N/A,0.05171539655059933,0.0,0.0,0.0,STARLINK-32524,0,N/A,N/A,0.0,0.038351202525947904,False,0.0,0.0,0.0,188.03531962188393,0.23504414952735492,Insufficient Energy for CPU,N/A,N/A,N/A
2059,CPU_Intensive,Rejected,206.90686116598098,N/A,N/A,N/A,0.09217057844088916,0.0,0.0,0.0,STARLINK-32524,0,N/A,N/A,0.0,0.040217641395217496,False,0.0,0.0,0.0,188.03531962188393,0.23504414952735492,Insufficient Energy for CPU,N/A,N/A,N/A
2061,CPU_and_Data_Intensive,Rejected,207.07460362381534,N/A,N/A,N/A,0.0797941302264351,0.0,0.0,0.0,STARLINK-32524,0,N/A,N/A,0.0,0.19713927227734462,False,0.0,0.0,0.0,188.03531962188393,0.23504414952735492,Insufficient Energy for CPU+NET,N/A,N/A,N/A
2062,CPU_and_Data_Intensive,Rejected,207.16118450064366,N/A,N/A,N/A,0.09122667820852265,0.0,0.0,0.0,STARLINK-32524,0,N/A,N/A,0.0,2.034265404100686,False,0.0,0.0,0.0,188.03531962188393,0.23504414952735492,Insufficient Energy for CPU+NET,N/A,N/A,N/A
2063,Generic_Service,Rejected,207.20342073374758,N/A,N/A,N/A,0.05117488682987399,0.0,0.0,0.0,STARLINK-32524,0,N/A,N/A,0.0,0.05677866260259618,False,0.0,0.0,0.0,188.03531962188393,0.23504414952735492,Insufficient Energy for CPU,N/A,N/A,N/A
2065,Generic_Service,Rejected,207.28485969290136,N/A,N/A,N/A,0.06403922821544766,0.0,0.0,0.0,STARLINK-32524,0,N/A,N/A,0.0,0.08234989239138545,False,0.0,0.0,0.0,188.03531962188393,0.23504414952735492,Insufficient Energy for CPU,N/A,N/A,N/A
2066,CPU_Intensive,Rejected,207.31388147345174,N/A,N/A,N/A,0.027907335335008956,0.0,0.0,0.0,STARLINK-32524,0,N/A,N/A,0.0,0.010211875325899993,False,0.0,0.0,0.0,188.03531962188393,0.23504414952735492,Insufficient Energy for CPU,N/A,N/A,N/A
2067,CPU_Intensive,Rejected,207.31547629945712,N/A,N/A,N/A,0.10461604468166319,0.0,0.0,0.0,STARLINK-32524,0,N/A,N/A,0.0,0.02409566308253349,False,0.0,0.0,0.0,188.03531962188393,0.23504414952735492,Insufficient Energy for CPU,N/A,N/A,N/A
2071,Generic_Service,Rejected,207.8932108921685,N/A,N/A,N/A,0.0876949563598385,0.0,0.0,0.0,STARLINK-32524,0,N/A,N/A,0.0,0.03771015611954859,False,0.0,0.0,0.0,188.03531962188393,0.23504414952735492,Insufficient Energy for CPU,N/A,N/A,N/A
2076,CPU_Intensive,Rejected,208.30683829817846,N/A,N/A,N/A,0.0243635595538823,0.0,0.0,0.0,STARLINK-32524,0,N/A,N/A,0.0,0.07415559860390583,False,0.0,0.0,0.0,188.03531962188393,0.23504414952735492,Insufficient Energy for CPU,N/A,N/A,N/A
2082,Generic_Service,Rejected,208.81545170485836,N/A,N/A,N/A,0.07143286895199621,0.0,0.0,0.0,STARLINK-32524,0,N/A,N/A,0.0,0.06377073469486164,False,0.0,0.0,0.0,188.03531962188393,0.23504414952735492,Insufficient Energy for CPU,N/A,N/A,N/A
2084,CPU_and_Data_Intensive,Rejected,209.1929166643285,N/A,N/A,N/A,0.07437359659795549,0.0,0.0,0.0,STARLINK-32524,0,N/A,N/A,0.0,18.33084272312751,False,0.0,0.0,0.0,188.03531962188393,0.23504414952735492,Insufficient Energy for CPU+NET,N/A,N/A,N/A
2086,CPU_Intensive,Rejected,209.3492296987707,N/A,N/A,N/A,0.07394833851010676,0.0,0.0,0.0,STARLINK-32524,0,N/A,N/A,0.0,0.027653392134907563,False,0.0,0.0,0.0,188.03531962188393,0.23504414952735492,Insufficient Energy for CPU,N/A,N/A,N/A
2087,CPU_and_Data_Intensive,Rejected,209.647488961096,N/A,N/A,N/A,0.042839443010082,0.0,0.0,0.0,STARLINK-32524,0,N/A,N/A,0.0,3.9592066881879413,False,0.0,0.0,0.0,188.03531962188393,0.23504414952735492,Insufficient Energy for CPU+NET,N/A,N/A,N/A
2089,CPU_and_Data_Intensive,Rejected,210.02529800016063,N/A,N/A,N/A,0.0790281099089229,0.0,0.0,0.0,STARLINK-32524,0,N/A,N/A,0.0,1.1552362859907601,False,0.0,0.0,0.0,188.03531962188393,0.23504414952735492,Insufficient Energy for CPU+NET,N/A,N/A,N/A
2093,Generic_Service,Rejected,210.34721093215995,N/A,N/A,N/A,0.09711212350481668,0.0,0.0,0.0,STARLINK-32524,0,N/A,N/A,0.0,0.018917586272635446,False,0.0,0.0,0.0,188.03531962188393,0.23504414952735492,Insufficient Energy for CPU,N/A,N/A,N/A
2094,Generic_Service,Rejected,210.53108523213163,N/A,N/A,N/A,0.021069747548454663,0.0,0.0,0.0,STARLINK-32524,0,N/A,N/A,0.0,0.021167635949207005,False,0.0,0.0,0.0,188.03531962188393,0.23504414952735492,Insufficient Energy for CPU,N/A,N/A,N/A
2111,CPU_and_Data_Intensive,Rejected,211.743003286148,N/A,N/A,N/A,0.0824789734595224,0.0,0.0,0.0,STARLINK-32524,0,N/A,N/A,0.0,2.831848998999085,False,0.0,0.0,0.0,188.03531962188393,0.23504414952735492,Insufficient Energy for CPU+NET,N/A,N/A,N/A
2114,Generic_Service,Rejected,212.24083013850384,N/A,N/A,N/A,0.0560784702500746,0.0,0.0,0.0,STARLINK-32524,0,N/A,N/A,0.0,0.0590327681409857,False,0.0,0.0,0.0,188.03531962188393,0.23504414952735492,Insufficient Energy for CPU,N/A,N/A,N/A
2124,Generic_Service,Rejected,213.1271559781941,N/A,N/A,N/A,0.08025481090145878,0.0,0.0,0.0,STARLINK-32524,0,N/A,N/A,0.0,0.07885001744272198,False,0.0,0.0,0.0,188.03531962188393,0.23504414952735492,Insufficient Energy for CPU,N/A,N/A,N/A
2134,CPU_and_Data_Intensive,Rejected,214.58393135739811,N/A,N/A,N/A,0.09301637062533134,0.0,0.0,0.0,STARLINK-32524,0,N/A,N/A,0.0,1.9749731278373674,False,0.0,0.0,0.0,188.03531962188393,0.23504414952735492,Insufficient Energy for CPU+NET,N/A,N/A,N/A
2136,Generic_Service,Rejected,214.80853248312198,N/A,N/A,N/A,0.03595450716415705,0.0,0.0,0.0,STARLINK-32524,0,N/A,N/A,0.0,0.03970975348482396,False,0.0,0.0,0.0,188.03531962188393,0.23504414952735492,Insufficient Energy for CPU,N/A,N/A,N/A
2137,Generic_Service,Rejected,214.92037288610922,N/A,N/A,N/A,0.07380372464433581,0.0,0.0,0.0,STARLINK-32524,0,N/A,N/A,0.0,0.03397356262455558,False,0.0,0.0,0.0,188.03531962188393,0.23504414952735492,Insufficient Energy for CPU,N/A,N/A,N/A
2147,Generic_Service,Rejected,216.13348715386326,N/A,N/A,N/A,0.09355575978485303,0.0,0.0,0.0,STARLINK-32524,0,N/A,N/A,0.0,0.06235487680806205,False,0.0,0.0,0.0,188.03531962188393,0.23504414952735492,Insufficient Energy for CPU,N/A,N/A,N/A
2151,CPU_Intensive,Rejected,216.23555542574695,N/A,N/A,N/A,0.023763699766706888,0.0,0.0,0.0,STARLINK-32524,0,N/A,N/A,0.0,0.017665317448085784,False,0.0,0.0,0.0,188.03531962188393,0.23504414952735492,Insufficient Energy for CPU,N/A,N/A,N/A
2152,Generic_Service,Rejected,216.38047765696496,N/A,N/A,N/A,0.03682679467103813,0.0,0.0,0.0,STARLINK-32524,0,N/A,N/A,0.0,0.021736344088177234,False,0.0,0.0,0.0,188.03531962188393,0.23504414952735492,Insufficient Energy for CPU,N/A,N/A,N/A
2158,Generic_Service,Rejected,216.82794775807892,N/A,N/A,N/A,0.023686324539587453,0.0,0.0,0.0,STARLINK-32524,0,N/A,N/A,0.0,0.04185763132204623,False,0.0,0.0,0.0,188.03531962188393,0.23504414952735492,Insufficient Energy for CPU,N/A,N/A,N/A
2160,Generic_Service,Rejected,216.9779173810721,N/A,N/A,N/A,0.0655031044853046,0.0,0.0,0.0,STARLINK-32524,0,N/A,N/A,0.0,0.03306071067111876,False,0.0,0.0,0.0,188.03531962188393,0.23504414952735492,Insufficient Energy for CPU,N/A,N/A,N/A
2161,CPU_Intensive,Rejected,217.00265533320604,N/A,N/A,N/A,0.07539131372003727,0.0,0.0,0.0,STARLINK-32524,0,N/A,N/A,0.0,0.06086194538389686,False,0.0,0.0,0.0,188.03531962188393,0.23504414952735492,Insufficient Energy for CPU,N/A,N/A,N/A
2162,Generic_Service,Rejected,217.16955593860862,N/A,N/A,N/A,0.031036960000954336,0.0,0.0,0.0,STARLINK-32524,0,N/A,N/A,0.0,0.07097638730962925,False,0.0,0.0,0.0,188.03531962188393,0.23504414952735492,Insufficient Energy for CPU,N/A,N/A,N/A
2163,CPU_Intensive,Rejected,217.18820964250426,N/A,N/A,N/A,0.028918436370469362,0.0,0.0,0.0,STARLINK-32524,0,N/A,N/A,0.0,0.0871401513996797,False,0.0,0.0,0.0,188.03531962188393,0.23504414952735492,Insufficient Energy for CPU,N/A,N/A,N/A
2165,Generic_Service,Rejected,217.680970916215,N/A,N/A,N/A,0.08877001564810168,0.0,0.0,0.0,STARLINK-32524,0,N/A,N/A,0.0,0.029520692388204636,False,0.0,0.0,0.0,188.03531962188393,0.23504414952735492,Insufficient Energy for CPU,N/A,N/A,N/A
2170,CPU_and_Data_Intensive,Rejected,218.27514869986692,N/A,N/A,N/A,0.06321306316850979,0.0,0.0,0.0,STARLINK-32524,0,N/A,N/A,0.0,0.4072816656145081,False,0.0,0.0,0.0,188.03531962188393,0.23504414952735492,Insufficient Energy for CPU+NET,N/A,N/A,N/A
2195,CPU_Intensive,Rejected,220.98835354897787,N/A,N/A,N/A,0.02890853320823996,0.0,0.0,0.0,STARLINK-32524,0,N/A,N/A,0.0,0.060812603575324614,False,0.0,0.0,0.0,188.03531962188393,0.23504414952735492,Insufficient Energy for CPU,N/A,N/A,N/A
2200,Generic_Service,Rejected,221.41769161905628,N/A,N/A,N/A,0.0963484614173652,0.0,0.0,0.0,STARLINK-32524,0,N/A,N/A,0.0,0.055884558848319874,False,0.0,0.0,0.0,188.03531962188393,0.23504414952735492,Insufficient Energy for CPU,N/A,N/A,N/A
2201,Generic_Service,Rejected,221.4606690081296,N/A,N/A,N/A,0.05563002425597011,0.0,0.0,0.0,STARLINK-32524,0,N/A,N/A,0.0,0.04291587978924312,False,0.0,0.0,0.0,188.03531962188393,0.23504414952735492,Insufficient Energy for CPU,N/A,N/A,N/A
2204,Generic_Service,Rejected,221.7542177397669,N/A,N/A,N/A,0.05166480622120112,0.0,0.0,0.0,STARLINK-32524,0,N/A,N/A,0.0,0.04163670894159493,False,0.0,0.0,0.0,188.03531962188393,0.23504414952735492,Insufficient Energy for CPU,N/A,N/A,N/A
2209,CPU_Intensive,Rejected,222.36606537379825,N/A,N/A,N/A,0.044796275698024926,0.0,0.0,0.0,STARLINK-32524,0,N/A,N/A,0.0,0.05367662625438835,False,0.0,0.0,0.0,188.03531962188393,0.23504414952735492,Insufficient Energy for CPU,N/A,N/A,N/A
2215,Generic_Service,Rejected,222.8661318780944,N/A,N/A,N/A,0.07460080523398423,0.0,0.0,0.0,STARLINK-32524,0,N/A,N/A,0.0,0.03932917022237369,False,0.0,0.0,0.0,188.03531962188393,0.23504414952735492,Insufficient Energy for CPU,N/A,N/A,N/A
2218,CPU_and_Data_Intensive,Rejected,223.09538624397518,N/A,N/A,N/A,0.07441157002864665,0.0,0.0,0.0,STARLINK-32524,0,N/A,N/A,0.0,1.3710835851132872,False,0.0,0.0,0.0,188.03531962188393,0.23504414952735492,Insufficient Energy for CPU+NET,N/A,N/A,N/A
2249,Generic_Service,Rejected,226.3776431150182,N/A,N/A,N/A,0.027319299063537823,0.0,0.0,0.0,STARLINK-32524,0,N/A,N/A,0.0,0.0779087832309591,False,0.0,0.0,0.0,188.03531962188393,0.23504414952735492,Insufficient Energy for CPU,N/A,N/A,N/A
2252,Generic_Service,Rejected,227.0074108873758,N/A,N/A,N/A,0.051643323209461925,0.0,0.0,0.0,STARLINK-32524,0,N/A,N/A,0.0,0.039120748553214076,False,0.0,0.0,0.0,188.03531962188393,0.23504414952735492,Insufficient Energy for CPU,N/A,N/A,N/A
2254,Generic_Service,Rejected,227.33892919780004,N/A,N/A,N/A,0.03162893887032355,0.0,0.0,0.0,STARLINK-32524,0,N/A,N/A,0.0,0.016172265961516046,False,0.0,0.0,0.0,188.03531962188393,0.23504414952735492,Insufficient Energy for CPU,N/A,N/A,N/A
2256,CPU_Intensive,Rejected,227.39499516546815,N/A,N/A,N/A,0.026446298515614804,0.0,0.0,0.0,STARLINK-32524,0,N/A,N/A,0.0,0.07894327616372537,False,0.0,0.0,0.0,188.03531962188393,0.23504414952735492,Insufficient Energy for CPU,N/A,N/A,N/A
2260,CPU_and_Data_Intensive,Rejected,227.6848870331655,N/A,N/A,N/A,0.03200738358116094,0.0,0.0,0.0,STARLINK-32524,0,N/A,N/A,0.0,2.174061438619502,False,0.0,0.0,0.0,188.03531962188393,0.23504414952735492,Insufficient Energy for CPU+NET,N/A,N/A,N/A
2264,CPU_Intensive,Rejected,228.35563771993898,N/A,N/A,N/A,0.06392124116428083,0.0,0.0,0.0,STARLINK-32524,0,N/A,N/A,0.0,0.013101822683760768,False,0.0,0.0,0.0,188.03531962188393,0.23504414952735492,Insufficient Energy for CPU,N/A,N/A,N/A
2272,CPU_Intensive,Rejected,229.5651190691443,N/A,N/A,N/A,0.08241433837302733,0.0,0.0,0.0,STARLINK-32524,0,N/A,N/A,0.0,0.014178051869439134,False,0.0,0.0,0.0,188.03531962188393,0.23504414952735492,Insufficient Energy for CPU,N/A,N/A,N/A
2274,Generic_Service,Rejected,229.66475880259438,N/A,N/A,N/A,0.0319198620150674,0.0,0.0,0.0,STARLINK-32524,0,N/A,N/A,0.0,0.016770405301821976,False,0.0,0.0,0.0,188.03531962188393,0.23504414952735492,Insufficient Energy for CPU,N/A,N/A,N/A
2285,CPU_Intensive,Rejected,230.90875110836754,N/A,N/A,N/A,0.10130343252438993,0.0,0.0,0.0,STARLINK-32524,0,N/A,N/A,0.0,0.08355231680481061,False,0.0,0.0,0.0,188.03531962188393,0.23504414952735492,Insufficient Energy for CPU,N/A,N/A,N/A
2286,Generic_Service,Rejected,230.9833045608816,N/A,N/A,N/A,0.02960428124203819,0.0,0.0,0.0,STARLINK-32524,0,N/A,N/A,0.0,0.036775642615042625,False,0.0,0.0,0.0,188.03531962188393,0.23504414952735492,Insufficient Energy for CPU,N/A,N/A,N/A
2288,CPU_and_Data_Intensive,Rejected,231.11077665977714,N/A,N/A,N/A,0.06152776160621044,0.0,0.0,0.0,STARLINK-32524,0,N/A,N/A,0.0,2.017960260435776,False,0.0,0.0,0.0,188.03531962188393,0.23504414952735492,Insufficient Energy for CPU+NET,N/A,N/A,N/A
2290,Generic_Service,Rejected,231.6952957498361,N/A,N/A,N/A,0.10504830309131018,0.0,0.0,0.0,STARLINK-32524,0,N/A,N/A,0.0,0.04712528549379749,False,0.0,0.0,0.0,188.03531962188393,0.23504414952735492,Insufficient Energy for CPU,N/A,N/A,N/A
2296,CPU_and_Data_Intensive,Rejected,232.19782345300766,N/A,N/A,N/A,0.06266337771610353,0.0,0.0,0.0,STARLINK-32524,0,N/A,N/A,0.0,1.433258489716427,False,0.0,0.0,0.0,188.03531962188393,0.23504414952735492,Insufficient Energy for CPU+NET,N/A,N/A,N/A
2311,Generic_Service,Rejected,233.77612604592812,N/A,N/A,N/A,0.031490056347343746,0.0,0.0,0.0,STARLINK-32524,0,N/A,N/A,0.0,0.05996872542269156,False,0.0,0.0,0.0,188.03531962188393,0.23504414952735492,Insufficient Energy for CPU,N/A,N/A,N/A
2315,Generic_Service,Rejected,234.38751782446454,N/A,N/A,N/A,0.06339763234956308,0.0,0.0,0.0,STARLINK-32524,0,N/A,N/A,0.0,0.07157980206452405,False,0.0,0.0,0.0,188.03531962188393,0.23504414952735492,Insufficient Energy for CPU,N/A,N/A,N/A
2326,Generic_Service,Rejected,235.40704787448223,N/A,N/A,N/A,0.025132677898709016,0.0,0.0,0.0,STARLINK-32524,0,N/A,N/A,0.0,0.05273031421592965,False,0.0,0.0,0.0,188.03531962188393,0.23504414952735492,Insufficient Energy for CPU,N/A,N/A,N/A
2327,Generic_Service,Rejected,235.58147807728068,N/A,N/A,N/A,0.07254407851270302,0.0,0.0,0.0,STARLINK-32524,0,N/A,N/A,0.0,0.06884534771751646,False,0.0,0.0,0.0,188.03531962188393,0.23504414952735492,Insufficient Energy for CPU,N/A,N/A,N/A
2328,CPU_and_Data_Intensive,Rejected,235.66644042634587,N/A,N/A,N/A,0.057371329115134324,0.0,0.0,0.0,STARLINK-32524,0,N/A,N/A,0.0,0.9575023332760345,False,0.0,0.0,0.0,188.03531962188393,0.23504414952735492,Insufficient Energy for CPU+NET,N/A,N/A,N/A
2333,CPU_Intensive,Rejected,236.03492346769147,N/A,N/A,N/A,0.029740002222434465,0.0,0.0,0.0,STARLINK-32524,0,N/A,N/A,0.0,0.08765620743295735,False,0.0,0.0,0.0,188.03531962188393,0.23504414952735492,Insufficient Energy for CPU,N/A,N/A,N/A
2336,Generic_Service,Rejected,236.38019121664703,N/A,N/A,N/A,0.0297500366110052,0.0,0.0,0.0,STARLINK-32524,0,N/A,N/A,0.0,0.04495322280204145,False,0.0,0.0,0.0,188.03531962188393,0.23504414952735492,Insufficient Energy for CPU,N/A,N/A,N/A
2337,CPU_and_Data_Intensive,Rejected,236.46696251011934,N/A,N/A,N/A,0.10346162454021375,0.0,0.0,0.0,STARLINK-32524,0,N/A,N/A,0.0,0.6851213095917906,False,0.0,0.0,0.0,188.03531962188393,0.23504414952735492,Insufficient Energy for CPU+NET,N/A,N/A,N/A
2347,Generic_Service,Rejected,237.5480493376538,N/A,N/A,N/A,0.02712571920423619,0.0,0.0,0.0,STARLINK-32524,0,N/A,N/A,0.0,0.07878127979153404,False,0.0,0.0,0.0,188.03531962188393,0.23504414952735492,Insufficient Energy for CPU,N/A,N/A,N/A
2348,CPU_Intensive,Rejected,237.71473286673043,N/A,N/A,N/A,0.06353969200981115,0.0,0.0,0.0,STARLINK-32524,0,N/A,N/A,0.0,0.0485695569551509,False,0.0,0.0,0.0,188.03531962188393,0.23504414952735492,Insufficient Energy for CPU,N/A,N/A,N/A
2350,Generic_Service,Rejected,237.82764190985657,N/A,N/A,N/A,0.02085706282023502,0.0,0.0,0.0,STARLINK-32524,0,N/A,N/A,0.0,0.08094866448966924,False,0.0,0.0,0.0,188.03531962188393,0.23504414952735492,Insufficient Energy for CPU,N/A,N/A,N/A
2351,CPU_Intensive,Rejected,237.8487034325083,N/A,N/A,N/A,0.09430703831363578,0.0,0.0,0.0,STARLINK-32524,0,N/A,N/A,0.0,0.07424273667502736,False,0.0,0.0,0.0,188.03531962188393,0.23504414952735492,Insufficient Energy for CPU,N/A,N/A,N/A
2353,Generic_Service,Rejected,237.96664481582098,N/A,N/A,N/A,0.03719718405108001,0.0,0.0,0.0,STARLINK-32524,0,N/A,N/A,0.0,0.011671472041980826,False,0.0,0.0,0.0,188.03531962188393,0.23504414952735492,Insufficient Energy for CPU,N/A,N/A,N/A
2357,Generic_Service,Rejected,238.5838400934657,N/A,N/A,N/A,0.08594987510904656,0.0,0.0,0.0,STARLINK-32524,0,N/A,N/A,0.0,0.0876809152321638,False,0.0,0.0,0.0,188.03531962188393,0.23504414952735492,Insufficient Energy for CPU,N/A,N/A,N/A
2359,Generic_Service,Rejected,238.83406218251235,N/A,N/A,N/A,0.05649312244596333,0.0,0.0,0.0,STARLINK-32524,0,N/A,N/A,0.0,0.08119641679072137,False,0.0,0.0,0.0,188.03531962188393,0.23504414952735492,Insufficient Energy for CPU,N/A,N/A,N/A
2363,Generic_Service,Rejected,239.19016354428115,N/A,N/A,N/A,0.07321128100272736,0.0,0.0,0.0,STARLINK-32524,0,N/A,N/A,0.0,0.05056815444034735,False,0.0,0.0,0.0,188.03531962188393,0.23504414952735492,Insufficient Energy for CPU,N/A,N/A,N/A
2366,Generic_Service,Rejected,239.31388051617213,N/A,N/A,N/A,0.061532841355136994,0.0,0.0,0.0,STARLINK-32524,0,N/A,N/A,0.0,0.05540600348071182,False,0.0,0.0,0.0,188.03531962188393,0.23504414952735492,Insufficient Energy for CPU,N/A,N/A,N/A
2367,Generic_Service,Rejected,239.35008519030967,N/A,N/A,N/A,0.06905859308615157,0.0,0.0,0.0,STARLINK-32524,0,N/A,N/A,0.0,0.07941074478218775,False,0.0,0.0,0.0,188.03531962188393,0.23504414952735492,Insufficient Energy for CPU,N/A,N/A,N/A
2372,Generic_Service,Rejected,240.2068079240628,N/A,N/A,N/A,0.06269525328564396,0.0,0.0,0.0,STARLINK-32524,0,N/A,N/A,0.0,0.07326449001695239,False,0.0,0.0,0.0,188.03531962188393,0.23504414952735492,Insufficient Energy for CPU,N/A,N/A,N/A
2377,Generic_Service,Rejected,240.58210979997128,N/A,N/A,N/A,0.047838493640913936,0.0,0.0,0.0,STARLINK-32524,0,N/A,N/A,0.0,0.030014764382195226,False,0.0,0.0,0.0,188.03531962188393,0.23504414952735492,Insufficient Energy for CPU,N/A,N/A,N/A
2383,Generic_Service,Rejected,241.22508933050324,N/A,N/A,N/A,0.06770809790324107,0.0,0.0,0.0,STARLINK-32524,0,N/A,N/A,0.0,0.04760446717684635,False,0.0,0.0,0.0,188.03531962188393,0.23504414952735492,Insufficient Energy for CPU,N/A,N/A,N/A
2385,Generic_Service,Rejected,241.31671006848114,N/A,N/A,N/A,0.022556758264083765,0.0,0.0,0.0,STARLINK-32524,0,N/A,N/A,0.0,0.04261663645466046,False,0.0,0.0,0.0,188.03531962188393,0.23504414952735492,Insufficient Energy for CPU,N/A,N/A,N/A
2387,CPU_Intensive,Rejected,241.55263631559436,N/A,N/A,N/A,0.039851244117696125,0.0,0.0,0.0,STARLINK-32524,0,N/A,N/A,0.0,0.05801762995421768,False,0.0,0.0,0.0,188.03531962188393,0.23504414952735492,Insufficient Energy for CPU,N/A,N/A,N/A
2391,Generic_Service,Rejected,242.13538495584055,N/A,N/A,N/A,0.031505224197255655,0.0,0.0,0.0,STARLINK-32524,0,N/A,N/A,0.0,0.06584376368358641,False,0.0,0.0,0.0,188.03531962188393,0.23504414952735492,Insufficient Energy for CPU,N/A,N/A,N/A
2396,Generic_Service,Rejected,242.66579050871928,N/A,N/A,N/A,0.029767142754703404,0.0,0.0,0.0,STARLINK-32524,0,N/A,N/A,0.0,0.08692275889456227,False,0.0,0.0,0.0,188.03531962188393,0.23504414952735492,Insufficient Energy for CPU,N/A,N/A,N/A
2405,Generic_Service,Rejected,243.57760508493763,N/A,N/A,N/A,0.024085755390117772,0.0,0.0,0.0,STARLINK-32524,0,N/A,N/A,0.0,0.03695624991809737,False,0.0,0.0,0.0,188.03531962188393,0.23504414952735492,Insufficient Energy for CPU,N/A,N/A,N/A
2407,Generic_Service,Rejected,244.07613168018491,N/A,N/A,N/A,0.06113382924096377,0.0,0.0,0.0,STARLINK-32524,0,N/A,N/A,0.0,0.07910268498393115,False,0.0,0.0,0.0,188.03531962188393,0.23504414952735492,Insufficient Energy for CPU,N/A,N/A,N/A
2408,CPU_and_Data_Intensive,Rejected,244.1083340371713,N/A,N/A,N/A,0.052725238606387205,0.0,0.0,0.0,STARLINK-32524,0,N/A,N/A,0.0,13.347848627324076,False,0.0,0.0,0.0,188.03531962188393,0.23504414952735492,Insufficient Energy for CPU+NET,N/A,N/A,N/A
2417,Generic_Service,Rejected,244.4503780652063,N/A,N/A,N/A,0.05202059838319661,0.0,0.0,0.0,STARLINK-32524,0,N/A,N/A,0.0,0.048800503284696914,False,0.0,0.0,0.0,188.03531962188393,0.23504414952735492,Insufficient Energy for CPU,N/A,N/A,N/A
2422,CPU_and_Data_Intensive,Rejected,244.74848721460256,N/A,N/A,N/A,0.05175447375465886,0.0,0.0,0.0,STARLINK-32524,0,N/A,N/A,0.0,2.6885474111589858,False,0.0,0.0,0.0,188.03531962188393,0.23504414952735492,Insufficient Energy for CPU+NET,N/A,N/A,N/A
2428,CPU_Intensive,Rejected,245.15307000606057,N/A,N/A,N/A,0.06574152759657563,0.0,0.0,0.0,STARLINK-32524,0,N/A,N/A,0.0,0.06369652676753473,False,0.0,0.0,0.0,188.03531962188393,0.23504414952735492,Insufficient Energy for CPU,N/A,N/A,N/A
2433,Generic_Service,Rejected,245.7282414469184,N/A,N/A,N/A,0.04744157602000515,0.0,0.0,0.0,STARLINK-32524,0,N/A,N/A,0.0,0.028245314761136786,False,0.0,0.0,0.0,188.03531962188393,0.23504414952735492,Insufficient Energy for CPU,N/A,N/A,N/A
2437,CPU_Intensive,Rejected,246.00730190801715,N/A,N/A,N/A,0.05601314534692389,0.0,0.0,0.0,STARLINK-32524,0,N/A,N/A,0.0,0.023254727067146437,False,0.0,0.0,0.0,188.03531962188393,0.23504414952735492,Insufficient Energy for CPU,N/A,N/A,N/A
2439,Generic_Service,Rejected,246.20283176673223,N/A,N/A,N/A,0.022420513005081272,0.0,0.0,0.0,STARLINK-32524,0,N/A,N/A,0.0,0.033008549046611844,False,0.0,0.0,0.0,188.03531962188393,0.23504414952735492,Insufficient Energy for CPU,N/A,N/A,N/A
2451,Generic_Service,Rejected,246.85188566666878,N/A,N/A,N/A,0.09752144007186814,0.0,0.0,0.0,STARLINK-32524,0,N/A,N/A,0.0,0.028379682823369022,False,0.0,0.0,0.0,188.03531962188393,0.23504414952735492,Insufficient Energy for CPU,N/A,N/A,N/A
2458,Generic_Service,Rejected,247.43816570653132,N/A,N/A,N/A,0.03733628156207223,0.0,0.0,0.0,STARLINK-32524,0,N/A,N/A,0.0,0.07069436022628627,False,0.0,0.0,0.0,188.03531962188393,0.23504414952735492,Insufficient Energy for CPU,N/A,N/A,N/A
2462,CPU_Intensive,Rejected,247.85083136576236,N/A,N/A,N/A,0.022550869143392042,0.0,0.0,0.0,STARLINK-32524,0,N/A,N/A,0.0,0.019217513244925977,False,0.0,0.0,0.0,188.03531962188393,0.23504414952735492,Insufficient Energy for CPU,N/A,N/A,N/A
2463,Generic_Service,Rejected,247.89278388748158,N/A,N/A,N/A,0.10071442192957088,0.0,0.0,0.0,STARLINK-32524,0,N/A,N/A,0.0,0.03295746544561905,False,0.0,0.0,0.0,188.03531962188393,0.23504414952735492,Insufficient Energy for CPU,N/A,N/A,N/A
2464,CPU_and_Data_Intensive,Rejected,247.9528134379272,N/A,N/A,N/A,0.06784575439465527,0.0,0.0,0.0,STARLINK-32524,0,N/A,N/A,0.0,11.141601715548248,False,0.0,0.0,0.0,188.03531962188393,0.23504414952735492,Insufficient Energy for CPU+NET,N/A,N/A,N/A
2472,Generic_Service,Rejected,248.28768975912084,N/A,N/A,N/A,0.051477582890582255,0.0,0.0,0.0,STARLINK-32524,0,N/A,N/A,0.0,0.048633440838589656,False,0.0,0.0,0.0,188.03531962188393,0.23504414952735492,Insufficient Energy for CPU,N/A,N/A,N/A
2475,CPU_and_Data_Intensive,Rejected,248.49062739238212,N/A,N/A,N/A,0.07306939341868404,0.0,0.0,0.0,STARLINK-32524,0,N/A,N/A,0.0,0.9209592793369595,False,0.0,0.0,0.0,188.03531962188393,0.23504414952735492,Insufficient Energy for CPU+NET,N/A,N/A,N/A
2477,CPU_Intensive,Rejected,248.77980108928173,N/A,N/A,N/A,0.040145646633035596,0.0,0.0,0.0,STARLINK-32524,0,N/A,N/A,0.0,0.08413153272192496,False,0.0,0.0,0.0,188.03531962188393,0.23504414952735492,Insufficient Energy for CPU,N/A,N/A,N/A
2478,Generic_Service,Rejected,248.82318694664997,N/A,N/A,N/A,0.06794443353469841,0.0,0.0,0.0,STARLINK-32524,0,N/A,N/A,0.0,0.028622919713621728,False,0.0,0.0,0.0,188.03531962188393,0.23504414952735492,Insufficient Energy for CPU,N/A,N/A,N/A
2484,Generic_Service,Rejected,249.1789091528804,N/A,N/A,N/A,0.0773122359947353,0.0,0.0,0.0,STARLINK-32524,0,N/A,N/A,0.0,0.08596769251620343,False,0.0,0.0,0.0,188.03531962188393,0.23504414952735492,Insufficient Energy for CPU,N/A,N/A,N/A
2486,Generic_Service,Rejected,249.47338436014766,N/A,N/A,N/A,0.05786602953290912,0.0,0.0,0.0,STARLINK-32524,0,N/A,N/A,0.0,0.05015691017788224,False,0.0,0.0,0.0,188.03531962188393,0.23504414952735492,Insufficient Energy for CPU,N/A,N/A,N/A
2487,Generic_Service,Rejected,249.67532809877676,N/A,N/A,N/A,0.04152078001735468,0.0,0.0,0.0,STARLINK-32524,0,N/A,N/A,0.0,0.054540896553259624,False,0.0,0.0,0.0,188.03531962188393,0.23504414952735492,Insufficient Energy for CPU,N/A,N/A,N/A
2489,CPU_Intensive,Rejected,249.79995657169928,N/A,N/A,N/A,0.1046106231851682,0.0,0.0,0.0,STARLINK-32524,0,N/A,N/A,0.0,0.05001927162688607,False,0.0,0.0,0.0,188.03531962188393,0.23504414952735492,Insufficient Energy for CPU,N/A,N/A,N/A
2491,Generic_Service,Rejected,249.96597308785087,N/A,N/A,N/A,0.03251909489943774,0.0,0.0,0.0,STARLINK-32524,0,N/A,N/A,0.0,0.014135916376443233,False,0.0,0.0,0.0,188.03531962188393,0.23504414952735492,Insufficient Energy for CPU,N/A,N/A,N/A
2492,Generic_Service,Rejected,250.10563493911306,N/A,N/A,N/A,0.020898007546397864,0.0,0.0,0.0,STARLINK-32524,0,N/A,N/A,0.0,0.03973588579216424,False,0.0,0.0,0.0,188.03531962188393,0.23504414952735492,Insufficient Energy for CPU,N/A,N/A,N/A
2495,Generic_Service,Rejected,250.20017356938638,N/A,N/A,N/A,0.026774439718730222,0.0,0.0,0.0,STARLINK-32524,0,N/A,N/A,0.0,0.057067158450924,False,0.0,0.0,0.0,188.03531962188393,0.23504414952735492,Insufficient Energy for CPU,N/A,N/A,N/A
2496,Generic_Service,Rejected,250.29077252656796,N/A,N/A,N/A,0.06712608355512077,0.0,0.0,0.0,STARLINK-32524,0,N/A,N/A,0.0,0.019063072596409512,False,0.0,0.0,0.0,188.03531962188393,0.23504414952735492,Insufficient Energy for CPU,N/A,N/A,N/A
2500,Generic_Service,Rejected,250.53338890951562,N/A,N/A,N/A,0.09293800509048274,0.0,0.0,0.0,STARLINK-32524,0,N/A,N/A,0.0,0.020992316588340144,False,0.0,0.0,0.0,188.03531962188393,0.23504414952735492,Insufficient Energy for CPU,N/A,N/A,N/A
2501,Generic_Service,Rejected,250.5410703056937,N/A,N/A,N/A,0.05671564673689743,0.0,0.0,0.0,STARLINK-32524,0,N/A,N/A,0.0,0.08127953882560779,False,0.0,0.0,0.0,188.03531962188393,0.23504414952735492,Insufficient Energy for CPU,N/A,N/A,N/A
2506,Generic_Service,Rejected,250.9313225457124,N/A,N/A,N/A,0.09080182458353159,0.0,0.0,0.0,STARLINK-32524,0,N/A,N/A,0.0,0.04802662709042817,False,0.0,0.0,0.0,188.03531962188393,0.23504414952735492,Insufficient Energy for CPU,N/A,N/A,N/A
2508,Generic_Service,Rejected,251.25747561038108,N/A,N/A,N/A,0.035186613001017567,0.0,0.0,0.0,STARLINK-32524,0,N/A,N/A,0.0,0.050601330197561745,False,0.0,0.0,0.0,188.03531962188393,0.23504414952735492,Insufficient Energy for CPU,N/A,N/A,N/A
2514,CPU_Intensive,Rejected,251.7052555816877,N/A,N/A,N/A,0.05754477023657473,0.0,0.0,0.0,STARLINK-32524,0,N/A,N/A,0.0,0.08225328599944114,False,0.0,0.0,0.0,188.03531962188393,0.23504414952735492,Insufficient Energy for CPU,N/A,N/A,N/A
2515,CPU_and_Data_Intensive,Rejected,251.93106310031564,N/A,N/A,N/A,0.08851031965412233,0.0,0.0,0.0,STARLINK-32524,0,N/A,N/A,0.0,0.4975946465089576,False,0.0,0.0,0.0,188.03531962188393,0.23504414952735492,Insufficient Energy for CPU+NET,N/A,N/A,N/A
2530,CPU_Intensive,Rejected,253.00626866928377,N/A,N/A,N/A,0.04395470086814417,0.0,0.0,0.0,STARLINK-32524,0,N/A,N/A,0.0,0.07409506348342569,False,0.0,0.0,0.0,188.03531962188393,0.23504414952735492,Insufficient Energy for CPU,N/A,N/A,N/A
2535,CPU_and_Data_Intensive,Rejected,253.454366815278,N/A,N/A,N/A,0.08095076913007086,0.0,0.0,0.0,STARLINK-32524,0,N/A,N/A,0.0,10.955211153641113,False,0.0,0.0,0.0,188.03531962188393,0.23504414952735492,Insufficient Energy for CPU+NET,N/A,N/A,N/A
2543,Generic_Service,Rejected,254.61218941477566,N/A,N/A,N/A,0.05770328957608794,0.0,0.0,0.0,STARLINK-32524,0,N/A,N/A,0.0,0.07461917564956032,False,0.0,0.0,0.0,188.03531962188393,0.23504414952735492,Insufficient Energy for CPU,N/A,N/A,N/A
2544,Generic_Service,Rejected,254.65213093796586,N/A,N/A,N/A,0.07912391730868852,0.0,0.0,0.0,STARLINK-32524,0,N/A,N/A,0.0,0.06214608192890473,False,0.0,0.0,0.0,188.03531962188393,0.23504414952735492,Insufficient Energy for CPU,N/A,N/A,N/A
2545,CPU_and_Data_Intensive,Rejected,254.79601234108102,N/A,N/A,N/A,0.08244339212248317,0.0,0.0,0.0,STARLINK-32524,0,N/A,N/A,0.0,0.9393192418197776,False,0.0,0.0,0.0,188.03531962188393,0.23504414952735492,Insufficient Energy for CPU+NET,N/A,N/A,N/A
2547,CPU_Intensive,Rejected,254.82329472520442,N/A,N/A,N/A,0.022213096689866114,0.0,0.0,0.0,STARLINK-32524,0,N/A,N/A,0.0,0.055954220182562416,False,0.0,0.0,0.0,188.03531962188393,0.23504414952735492,Insufficient Energy for CPU,N/A,N/A,N/A
2548,Generic_Service,Rejected,254.85286803071494,N/A,N/A,N/A,0.02678980170002165,0.0,0.0,0.0,STARLINK-32524,0,N/A,N/A,0.0,0.07822433758222055,False,0.0,0.0,0.0,188.03531962188393,0.23504414952735492,Insufficient Energy for CPU,N/A,N/A,N/A
2549,Generic_Service,Rejected,254.85416091364468,N/A,N/A,N/A,0.028404579892859723,0.0,0.0,0.0,STARLINK-32524,0,N/A,N/A,0.0,0.05337435453407768,False,0.0,0.0,0.0,188.03531962188393,0.23504414952735492,Insufficient Energy for CPU,N/A,N/A,N/A
2551,Generic_Service,Rejected,255.1690575537168,N/A,N/A,N/A,0.07207685032395866,0.0,0.0,0.0,STARLINK-32524,0,N/A,N/A,0.0,0.07000089227263222,False,0.0,0.0,0.0,188.03531962188393,0.23504414952735492,Insufficient Energy for CPU,N/A,N/A,N/A
2556,CPU_Intensive,Rejected,255.72386124546068,N/A,N/A,N/A,0.03531899397812154,0.0,0.0,0.0,STARLINK-32524,0,N/A,N/A,0.0,0.0160731591659369,False,0.0,0.0,0.0,188.03531962188393,0.23504414952735492,Insufficient Energy for CPU,N/A,N/A,N/A
2561,CPU_Intensive,Rejected,255.90312894571105,N/A,N/A,N/A,0.06641097406204784,0.0,0.0,0.0,STARLINK-32524,0,N/A,N/A,0.0,0.03847455353734662,False,0.0,0.0,0.0,188.03531962188393,0.23504414952735492,Insufficient Energy for CPU,N/A,N/A,N/A
2562,Generic_Service,Rejected,256.0678771785878,N/A,N/A,N/A,0.03427934076001524,0.0,0.0,0.0,STARLINK-32524,0,N/A,N/A,0.0,0.013519831149958774,False,0.0,0.0,0.0,188.03531962188393,0.23504414952735492,Insufficient Energy for CPU,N/A,N/A,N/A
2571,Generic_Service,Rejected,257.2449203416502,N/A,N/A,N/A,0.08650035618767235,0.0,0.0,0.0,STARLINK-32524,0,N/A,N/A,0.0,0.06248170331375302,False,0.0,0.0,0.0,188.03531962188393,0.23504414952735492,Insufficient Energy for CPU,N/A,N/A,N/A
2572,CPU_and_Data_Intensive,Rejected,257.2510193641387,N/A,N/A,N/A,0.09015554427107213,0.0,0.0,0.0,STARLINK-32524,0,N/A,N/A,0.0,6.389184341010155,False,0.0,0.0,0.0,188.03531962188393,0.23504414952735492,Insufficient Energy for CPU+NET,N/A,N/A,N/A
2589,CPU_and_Data_Intensive,Rejected,259.53799191480647,N/A,N/A,N/A,0.04609173916098316,0.0,0.0,0.0,STARLINK-32524,0,N/A,N/A,0.0,1.0353833760491205,False,0.0,0.0,0.0,188.03531962188393,0.23504414952735492,Insufficient Energy for CPU+NET,N/A,N/A,N/A
2595,Generic_Service,Rejected,260.23103295041705,N/A,N/A,N/A,0.02375755061246646,0.0,0.0,0.0,STARLINK-32524,0,N/A,N/A,0.0,0.047858556437686745,False,0.0,0.0,0.0,188.03531962188393,0.23504414952735492,Insufficient Energy for CPU,N/A,N/A,N/A
2597,CPU_and_Data_Intensive,Rejected,260.37730113917746,N/A,N/A,N/A,0.076353762922679,0.0,0.0,0.0,STARLINK-32524,0,N/A,N/A,0.0,9.281196524611698,False,0.0,0.0,0.0,188.03531962188393,0.23504414952735492,Insufficient Energy for CPU+NET,N/A,N/A,N/A
2599,CPU_Intensive,Rejected,260.4165417578511,N/A,N/A,N/A,0.026607458035045908,0.0,0.0,0.0,STARLINK-32524,0,N/A,N/A,0.0,0.050577075677457624,False,0.0,0.0,0.0,188.03531962188393,0.23504414952735492,Insufficient Energy for CPU,N/A,N/A,N/A
2600,CPU_and_Data_Intensive,Rejected,260.4542304234724,N/A,N/A,N/A,0.07675803208664853,0.0,0.0,0.0,STARLINK-32524,0,N/A,N/A,0.0,5.3352573070009575,False,0.0,0.0,0.0,188.03531962188393,0.23504414952735492,Insufficient Energy for CPU+NET,N/A,N/A,N/A
2601,Generic_Service,Rejected,260.5956461316567,N/A,N/A,N/A,0.0293425184124627,0.0,0.0,0.0,STARLINK-32524,0,N/A,N/A,0.0,0.07078416117188026,False,0.0,0.0,0.0,188.03531962188393,0.23504414952735492,Insufficient Energy for CPU,N/A,N/A,N/A
2606,Generic_Service,Rejected,260.91155995184334,N/A,N/A,N/A,0.06262523010297649,0.0,0.0,0.0,STARLINK-32524,0,N/A,N/A,0.0,0.03739624606163882,False,0.0,0.0,0.0,188.03531962188393,0.23504414952735492,Insufficient Energy for CPU,N/A,N/A,N/A
2607,Generic_Service,Rejected,260.97251786655113,N/A,N/A,N/A,0.02883273366351733,0.0,0.0,0.0,STARLINK-32524,0,N/A,N/A,0.0,0.04952397557512793,False,0.0,0.0,0.0,188.03531962188393,0.23504414952735492,Insufficient Energy for CPU,N/A,N/A,N/A
2610,CPU_and_Data_Intensive,Rejected,261.2243810194395,N/A,N/A,N/A,0.09912027976024858,0.0,0.0,0.0,STARLINK-32524,0,N/A,N/A,0.0,0.47782213371732163,False,0.0,0.0,0.0,188.03531962188393,0.23504414952735492,Insufficient Energy for CPU+NET,N/A,N/A,N/A
2614,Generic_Service,Rejected,261.4762080335158,N/A,N/A,N/A,0.02334094631126203,0.0,0.0,0.0,STARLINK-32524,0,N/A,N/A,0.0,0.07217510342539653,False,0.0,0.0,0.0,188.03531962188393,0.23504414952735492,Insufficient Energy for CPU,N/A,N/A,N/A
2617,Generic_Service,Rejected,262.0047113182826,N/A,N/A,N/A,0.038301054014988935,0.0,0.0,0.0,STARLINK-32524,0,N/A,N/A,0.0,0.07080378503440028,False,0.0,0.0,0.0,188.03531962188393,0.23504414952735492,Insufficient Energy for CPU,N/A,N/A,N/A
2622,CPU_Intensive,Rejected,262.46566731031425,N/A,N/A,N/A,0.021969792527719197,0.0,0.0,0.0,STARLINK-32524,0,N/A,N/A,0.0,0.022498309942251736,False,0.0,0.0,0.0,188.03531962188393,0.23504414952735492,Insufficient Energy for CPU,N/A,N/A,N/A
2623,CPU_Intensive,Rejected,262.46924188792923,N/A,N/A,N/A,0.022665987900236502,0.0,0.0,0.0,STARLINK-32524,0,N/A,N/A,0.0,0.05421848421793029,False,0.0,0.0,0.0,188.03531962188393,0.23504414952735492,Insufficient Energy for CPU,N/A,N/A,N/A
2629,Generic_Service,Rejected,263.0908386130933,N/A,N/A,N/A,0.0281971864017351,0.0,0.0,0.0,STARLINK-32524,0,N/A,N/A,0.0,0.05912279114710335,False,0.0,0.0,0.0,188.03531962188393,0.23504414952735492,Insufficient Energy for CPU,N/A,N/A,N/A
2631,CPU_and_Data_Intensive,Rejected,263.16129621274376,N/A,N/A,N/A,0.10705003323485358,0.0,0.0,0.0,STARLINK-32524,0,N/A,N/A,0.0,0.9319852389262733,False,0.0,0.0,0.0,188.03531962188393,0.23504414952735492,Insufficient Energy for CPU+NET,N/A,N/A,N/A
2633,Generic_Service,Rejected,263.34861165192206,N/A,N/A,N/A,0.06705982406436843,0.0,0.0,0.0,STARLINK-32524,0,N/A,N/A,0.0,0.06342858035732662,False,0.0,0.0,0.0,188.03531962188393,0.23504414952735492,Insufficient Energy for CPU,N/A,N/A,N/A
2634,Generic_Service,Rejected,263.36373417754294,N/A,N/A,N/A,0.06723193164360099,0.0,0.0,0.0,STARLINK-32524,0,N/A,N/A,0.0,0.015488439100493587,False,0.0,0.0,0.0,188.03531962188393,0.23504414952735492,Insufficient Energy for CPU,N/A,N/A,N/A
2636,Generic_Service,Rejected,263.4146850831722,N/A,N/A,N/A,0.06618528189917243,0.0,0.0,0.0,STARLINK-32524,0,N/A,N/A,0.0,0.08007571255913601,False,0.0,0.0,0.0,188.03531962188393,0.23504414952735492,Insufficient Energy for CPU,N/A,N/A,N/A
2637,Generic_Service,Rejected,263.45431452446996,N/A,N/A,N/A,0.08186669552385134,0.0,0.0,0.0,STARLINK-32524,0,N/A,N/A,0.0,0.03707011505517647,False,0.0,0.0,0.0,188.03531962188393,0.23504414952735492,Insufficient Energy for CPU,N/A,N/A,N/A
2640,CPU_Intensive,Rejected,263.79119462096,N/A,N/A,N/A,0.08671623729188307,0.0,0.0,0.0,STARLINK-32524,0,N/A,N/A,0.0,0.049239227147485846,False,0.0,0.0,0.0,188.03531962188393,0.23504414952735492,Insufficient Energy for CPU,N/A,N/A,N/A
2646,Generic_Service,Rejected,264.03147843361774,N/A,N/A,N/A,0.035410647601383564,0.0,0.0,0.0,STARLINK-32524,0,N/A,N/A,0.0,0.05181319644983675,False,0.0,0.0,0.0,188.03531962188393,0.23504414952735492,Insufficient Energy for CPU,N/A,N/A,N/A
2647,Generic_Service,Rejected,264.1717099535308,N/A,N/A,N/A,0.030259481341301565,0.0,0.0,0.0,STARLINK-32524,0,N/A,N/A,0.0,0.04657349619603871,False,0.0,0.0,0.0,188.03531962188393,0.23504414952735492,Insufficient Energy for CPU,N/A,N/A,N/A
2651,Generic_Service,Rejected,264.62747450119764,N/A,N/A,N/A,0.04211898086319644,0.0,0.0,0.0,STARLINK-32524,0,N/A,N/A,0.0,0.06012610956794895,False,0.0,0.0,0.0,188.03531962188393,0.23504414952735492,Insufficient Energy for CPU,N/A,N/A,N/A
2656,CPU_Intensive,Rejected,265.3298467657948,N/A,N/A,N/A,0.07353806996035128,0.0,0.0,0.0,STARLINK-32524,0,N/A,N/A,0.0,0.06027118797549918,False,0.0,0.0,0.0,188.03531962188393,0.23504414952735492,Insufficient Energy for CPU,N/A,N/A,N/A
2658,CPU_Intensive,Rejected,265.490795386516,N/A,N/A,N/A,0.02685896905875741,0.0,0.0,0.0,STARLINK-32524,0,N/A,N/A,0.0,0.054139694519429855,False,0.0,0.0,0.0,188.03531962188393,0.23504414952735492,Insufficient Energy for CPU,N/A,N/A,N/A
2659,Generic_Service,Rejected,265.5491945667373,N/A,N/A,N/A,0.09745394414370182,0.0,0.0,0.0,STARLINK-32524,0,N/A,N/A,0.0,0.08380020486436561,False,0.0,0.0,0.0,188.03531962188393,0.23504414952735492,Insufficient Energy for CPU,N/A,N/A,N/A
2662,Generic_Service,Rejected,265.9788527827585,N/A,N/A,N/A,0.07397992723537151,0.0,0.0,0.0,STARLINK-32524,0,N/A,N/A,0.0,0.025208910861311086,False,0.0,0.0,0.0,188.03531962188393,0.23504414952735492,Insufficient Energy for CPU,N/A,N/A,N/A
2669,Generic_Service,Rejected,266.8534967793945,N/A,N/A,N/A,0.03931594575653727,0.0,0.0,0.0,STARLINK-32524,0,N/A,N/A,0.0,0.03936096624413762,False,0.0,0.0,0.0,188.03531962188393,0.23504414952735492,Insufficient Energy for CPU,N/A,N/A,N/A
2674,Generic_Service,Rejected,267.4094691973467,N/A,N/A,N/A,0.031466255895497834,0.0,0.0,0.0,STARLINK-32524,0,N/A,N/A,0.0,0.027667299993559463,False,0.0,0.0,0.0,188.03531962188393,0.23504414952735492,Insufficient Energy for CPU,N/A,N/A,N/A
2675,CPU_Intensive,Rejected,267.44816896588117,N/A,N/A,N/A,0.08840881177224257,0.0,0.0,0.0,STARLINK-32524,0,N/A,N/A,0.0,0.01893165382227669,False,0.0,0.0,0.0,188.03531962188393,0.23504414952735492,Insufficient Energy for CPU,N/A,N/A,N/A
2676,Generic_Service,Rejected,267.6577459563484,N/A,N/A,N/A,0.02035009821269623,0.0,0.0,0.0,STARLINK-32524,0,N/A,N/A,0.0,0.07252258122289147,False,0.0,0.0,0.0,188.03531962188393,0.23504414952735492,Insufficient Energy for CPU,N/A,N/A,N/A
2680,CPU_Intensive,Rejected,268.1705244437902,N/A,N/A,N/A,0.02147769153284002,0.0,0.0,0.0,STARLINK-32524,0,N/A,N/A,0.0,0.011952950698199068,False,0.0,0.0,0.0,188.03531962188393,0.23504414952735492,Insufficient Energy for CPU,N/A,N/A,N/A
2684,Generic_Service,Rejected,268.39072347490935,N/A,N/A,N/A,0.07531803809528728,0.0,0.0,0.0,STARLINK-32524,0,N/A,N/A,0.0,0.07001216876487366,False,0.0,0.0,0.0,188.03531962188393,0.23504414952735492,Insufficient Energy for CPU,N/A,N/A,N/A
2687,Generic_Service,Rejected,268.6990941645393,N/A,N/A,N/A,0.04740554201323325,0.0,0.0,0.0,STARLINK-32524,0,N/A,N/A,0.0,0.0468718692229607,False,0.0,0.0,0.0,188.03531962188393,0.23504414952735492,Insufficient Energy for CPU,N/A,N/A,N/A
2693,Generic_Service,Rejected,269.0944656823785,N/A,N/A,N/A,0.031144196225697387,0.0,0.0,0.0,STARLINK-32524,0,N/A,N/A,0.0,0.01779820881479979,False,0.0,0.0,0.0,188.03531962188393,0.23504414952735492,Insufficient Energy for CPU,N/A,N/A,N/A
2697,Generic_Service,Rejected,269.27453457325214,N/A,N/A,N/A,0.0866757088265395,0.0,0.0,0.0,STARLINK-32524,0,N/A,N/A,0.0,0.06366545762853043,False,0.0,0.0,0.0,188.03531962188393,0.23504414952735492,Insufficient Energy for CPU,N/A,N/A,N/A
2700,Generic_Service,Rejected,269.37231778039,N/A,N/A,N/A,0.09606927135573337,0.0,0.0,0.0,STARLINK-32524,0,N/A,N/A,0.0,0.08009079357481771,False,0.0,0.0,0.0,188.03531962188393,0.23504414952735492,Insufficient Energy for CPU,N/A,N/A,N/A
2705,Generic_Service,Rejected,270.11255120698655,N/A,N/A,N/A,0.030124503966822636,0.0,0.0,0.0,STARLINK-32524,0,N/A,N/A,0.0,0.05778660995235669,False,0.0,0.0,0.0,188.03531962188393,0.23504414952735492,Insufficient Energy for CPU,N/A,N/A,N/A
2706,CPU_and_Data_Intensive,Rejected,270.2273593074425,N/A,N/A,N/A,0.07838401587312535,0.0,0.0,0.0,STARLINK-32524,0,N/A,N/A,0.0,6.336663825893036,False,0.0,0.0,0.0,188.03531962188393,0.23504414952735492,Insufficient Energy for CPU+NET,N/A,N/A,N/A
2710,CPU_Intensive,Rejected,270.46771441689197,N/A,N/A,N/A,0.049064091718745026,0.0,0.0,0.0,STARLINK-32524,0,N/A,N/A,0.0,0.06955712223950146,False,0.0,0.0,0.0,188.03531962188393,0.23504414952735492,Insufficient Energy for CPU,N/A,N/A,N/A
2720,Generic_Service,Rejected,271.22758179236916,N/A,N/A,N/A,0.06317210726870769,0.0,0.0,0.0,STARLINK-32524,0,N/A,N/A,0.0,0.07994342574816746,False,0.0,0.0,0.0,188.03531962188393,0.23504414952735492,Insufficient Energy for CPU,N/A,N/A,N/A
2721,Generic_Service,Rejected,271.2425548031499,N/A,N/A,N/A,0.06548547231440115,0.0,0.0,0.0,STARLINK-32524,0,N/A,N/A,0.0,0.07475037707261917,False,0.0,0.0,0.0,188.03531962188393,0.23504414952735492,Insufficient Energy for CPU,N/A,N/A,N/A
2724,Generic_Service,Rejected,271.4678145917669,N/A,N/A,N/A,0.021850875479964074,0.0,0.0,0.0,STARLINK-32524,0,N/A,N/A,0.0,0.0606383569215218,False,0.0,0.0,0.0,188.03531962188393,0.23504414952735492,Insufficient Energy for CPU,N/A,N/A,N/A
2725,Generic_Service,Rejected,271.4835181096747,N/A,N/A,N/A,0.053831430245453615,0.0,0.0,0.0,STARLINK-32524,0,N/A,N/A,0.0,0.03066944201320241,False,0.0,0.0,0.0,188.03531962188393,0.23504414952735492,Insufficient Energy for CPU,N/A,N/A,N/A
2731,Generic_Service,Rejected,271.7586362283452,N/A,N/A,N/A,0.041555276813598774,0.0,0.0,0.0,STARLINK-32524,0,N/A,N/A,0.0,0.04762217238702812,False,0.0,0.0,0.0,188.03531962188393,0.23504414952735492,Insufficient Energy for CPU,N/A,N/A,N/A
2741,Generic_Service,Rejected,273.4911671801288,N/A,N/A,N/A,0.03155121242851104,0.0,0.0,0.0,STARLINK-32524,0,N/A,N/A,0.0,0.02202162242978055,False,0.0,0.0,0.0,188.03531962188393,0.23504414952735492,Insufficient Energy for CPU,N/A,N/A,N/A
2744,Generic_Service,Rejected,273.73566670296424,N/A,N/A,N/A,0.033789213190692766,0.0,0.0,0.0,STARLINK-32524,0,N/A,N/A,0.0,0.07538315186366756,False,0.0,0.0,0.0,188.03531962188393,0.23504414952735492,Insufficient Energy for CPU,N/A,N/A,N/A
2745,Generic_Service,Rejected,273.8469806110426,N/A,N/A,N/A,0.10183664343269001,0.0,0.0,0.0,STARLINK-32524,0,N/A,N/A,0.0,0.029204413235539392,False,0.0,0.0,0.0,188.03531962188393,0.23504414952735492,Insufficient Energy for CPU,N/A,N/A,N/A
2750,CPU_Intensive,Rejected,274.82205055321526,N/A,N/A,N/A,0.04539294295164157,0.0,0.0,0.0,STARLINK-32524,0,N/A,N/A,0.0,0.030217104351951588,False,0.0,0.0,0.0,188.03531962188393,0.23504414952735492,Insufficient Energy for CPU,N/A,N/A,N/A
2754,CPU_and_Data_Intensive,Rejected,275.1382946309533,N/A,N/A,N/A,0.07604280228695341,0.0,0.0,0.0,STARLINK-32524,0,N/A,N/A,0.0,0.5124309940979591,False,0.0,0.0,0.0,188.03531962188393,0.23504414952735492,Insufficient Energy for CPU+NET,N/A,N/A,N/A
2756,Generic_Service,Rejected,275.4222985905171,N/A,N/A,N/A,0.07978761106150921,0.0,0.0,0.0,STARLINK-32524,0,N/A,N/A,0.0,0.03706019256897386,False,0.0,0.0,0.0,188.03531962188393,0.23504414952735492,Insufficient Energy for CPU,N/A,N/A,N/A
2757,CPU_Intensive,Rejected,275.43953577018755,N/A,N/A,N/A,0.06931117037974838,0.0,0.0,0.0,STARLINK-32524,0,N/A,N/A,0.0,0.03338852739370535,False,0.0,0.0,0.0,188.03531962188393,0.23504414952735492,Insufficient Energy for CPU,N/A,N/A,N/A
2777,CPU_and_Data_Intensive,Rejected,277.63661084619343,N/A,N/A,N/A,0.05744597045538801,0.0,0.0,0.0,STARLINK-32524,0,N/A,N/A,0.0,3.751014667237323,False,0.0,0.0,0.0,188.03531962188393,0.23504414952735492,Insufficient Energy for CPU+NET,N/A,N/A,N/A
2782,Generic_Service,Rejected,278.19964931971026,N/A,N/A,N/A,0.050322644729162806,0.0,0.0,0.0,STARLINK-32524,0,N/A,N/A,0.0,0.08657912656633243,False,0.0,0.0,0.0,188.03531962188393,0.23504414952735492,Insufficient Energy for CPU,N/A,N/A,N/A
2783,Generic_Service,Rejected,278.3351368646851,N/A,N/A,N/A,0.05065929182150988,0.0,0.0,0.0,STARLINK-32524,0,N/A,N/A,0.0,0.08372126246114238,False,0.0,0.0,0.0,188.03531962188393,0.23504414952735492,Insufficient Energy for CPU,N/A,N/A,N/A
2787,CPU_Intensive,Rejected,278.5922963391376,N/A,N/A,N/A,0.025481926633727038,0.0,0.0,0.0,STARLINK-32524,0,N/A,N/A,0.0,0.04552410743920739,False,0.0,0.0,0.0,188.03531962188393,0.23504414952735492,Insufficient Energy for CPU,N/A,N/A,N/A
2794,Generic_Service,Rejected,279.4722496679614,N/A,N/A,N/A,0.03827821226155728,0.0,0.0,0.0,STARLINK-32524,0,N/A,N/A,0.0,0.0573048427956241,False,0.0,0.0,0.0,188.03531962188393,0.23504414952735492,Insufficient Energy for CPU,N/A,N/A,N/A
2796,CPU_and_Data_Intensive,Rejected,279.6100286358111,N/A,N/A,N/A,0.06743337342111531,0.0,0.0,0.0,STARLINK-32524,0,N/A,N/A,0.0,1.325927264877975,False,0.0,0.0,0.0,188.03531962188393,0.23504414952735492,Insufficient Energy for CPU+NET,N/A,N/A,N/A
2797,Generic_Service,Rejected,279.67821561697707,N/A,N/A,N/A,0.02533235721931275,0.0,0.0,0.0,STARLINK-32524,0,N/A,N/A,0.0,0.03659813067480927,False,0.0,0.0,0.0,188.03531962188393,0.23504414952735492,Insufficient Energy for CPU,N/A,N/A,N/A
2807,Generic_Service,Rejected,280.3696481533529,N/A,N/A,N/A,0.03531569432065333,0.0,0.0,0.0,STARLINK-32524,0,N/A,N/A,0.0,0.07359328793255056,False,0.0,0.0,0.0,188.03531962188393,0.23504414952735492,Insufficient Energy for CPU,N/A,N/A,N/A
2809,Generic_Service,Rejected,280.59936248464845,N/A,N/A,N/A,0.03320159351612117,0.0,0.0,0.0,STARLINK-32524,0,N/A,N/A,0.0,0.07329121643858655,False,0.0,0.0,0.0,188.03531962188393,0.23504414952735492,Insufficient Energy for CPU,N/A,N/A,N/A
2811,CPU_and_Data_Intensive,Rejected,280.83777032530105,N/A,N/A,N/A,0.04362911466946492,0.0,0.0,0.0,STARLINK-32524,0,N/A,N/A,0.0,6.87743310114137,False,0.0,0.0,0.0,188.03531962188393,0.23504414952735492,Insufficient Energy for CPU+NET,N/A,N/A,N/A
2816,CPU_Intensive,Rejected,281.19439200684167,N/A,N/A,N/A,0.03930697636874035,0.0,0.0,0.0,STARLINK-32524,0,N/A,N/A,0.0,0.013693493405747,False,0.0,0.0,0.0,188.03531962188393,0.23504414952735492,Insufficient Energy for CPU,N/A,N/A,N/A
2818,CPU_and_Data_Intensive,Rejected,281.3600580001114,N/A,N/A,N/A,0.08523297936255764,0.0,0.0,0.0,STARLINK-32524,0,N/A,N/A,0.0,1.7703985240782887,False,0.0,0.0,0.0,188.03531962188393,0.23504414952735492,Insufficient Energy for CPU+NET,N/A,N/A,N/A
2819,Generic_Service,Rejected,281.40398652823717,N/A,N/A,N/A,0.033600892638149735,0.0,0.0,0.0,STARLINK-32524,0,N/A,N/A,0.0,0.08773454802508199,False,0.0,0.0,0.0,188.03531962188393,0.23504414952735492,Insufficient Energy for CPU,N/A,N/A,N/A
2824,Generic_Service,Rejected,281.82510568329775,N/A,N/A,N/A,0.02644392354740914,0.0,0.0,0.0,STARLINK-32524,0,N/A,N/A,0.0,0.06209298038270099,False,0.0,0.0,0.0,188.03531962188393,0.23504414952735492,Insufficient Energy for CPU,N/A,N/A,N/A
2825,Generic_Service,Rejected,281.8839058759459,N/A,N/A,N/A,0.07610751095673728,0.0,0.0,0.0,STARLINK-32524,0,N/A,N/A,0.0,0.030515581162364948,False,0.0,0.0,0.0,188.03531962188393,0.23504414952735492,Insufficient Energy for CPU,N/A,N/A,N/A
2826,CPU_and_Data_Intensive,Rejected,281.9038189125329,N/A,N/A,N/A,0.06329051569456934,0.0,0.0,0.0,STARLINK-32524,0,N/A,N/A,0.0,17.74977358525539,False,0.0,0.0,0.0,188.03531962188393,0.23504414952735492,Insufficient Energy for CPU+NET,N/A,N/A,N/A
2828,Generic_Service,Rejected,282.0858265836036,N/A,N/A,N/A,0.049966772211606995,0.0,0.0,0.0,STARLINK-32524,0,N/A,N/A,0.0,0.06531559781990022,False,0.0,0.0,0.0,188.03531962188393,0.23504414952735492,Insufficient Energy for CPU,N/A,N/A,N/A
2829,CPU_and_Data_Intensive,Rejected,282.11942238317465,N/A,N/A,N/A,0.049041341245576735,0.0,0.0,0.0,STARLINK-32524,0,N/A,N/A,0.0,1.044405845911148,False,0.0,0.0,0.0,188.03531962188393,0.23504414952735492,Insufficient Energy for CPU+NET,N/A,N/A,N/A
2833,Generic_Service,Rejected,282.40634779983515,N/A,N/A,N/A,0.04524917965201914,0.0,0.0,0.0,STARLINK-32524,0,N/A,N/A,0.0,0.031768451531463,False,0.0,0.0,0.0,188.03531962188393,0.23504414952735492,Insufficient Energy for CPU,N/A,N/A,N/A
2840,Generic_Service,Rejected,282.76899863926445,N/A,N/A,N/A,0.0434809576753285,0.0,0.0,0.0,STARLINK-32524,0,N/A,N/A,0.0,0.07063014108419795,False,0.0,0.0,0.0,188.03531962188393,0.23504414952735492,Insufficient Energy for CPU,N/A,N/A,N/A
2842,Generic_Service,Rejected,282.9253006681287,N/A,N/A,N/A,0.03480076813923848,0.0,0.0,0.0,STARLINK-32524,0,N/A,N/A,0.0,0.06914754314204748,False,0.0,0.0,0.0,188.03531962188393,0.23504414952735492,Insufficient Energy for CPU,N/A,N/A,N/A
2849,Generic_Service,Rejected,283.6843405407161,N/A,N/A,N/A,0.056658366281827244,0.0,0.0,0.0,STARLINK-32524,0,N/A,N/A,0.0,0.06731566099060433,False,0.0,0.0,0.0,188.03531962188393,0.23504414952735492,Insufficient Energy for CPU,N/A,N/A,N/A
2856,Generic_Service,Rejected,284.4270039738149,N/A,N/A,N/A,0.0997825559980154,0.0,0.0,0.0,STARLINK-32524,0,N/A,N/A,0.0,0.07282567287328225,False,0.0,0.0,0.0,188.03531962188393,0.23504414952735492,Insufficient Energy for CPU,N/A,N/A,N/A
2861,Generic_Service,Rejected,284.8525060642365,N/A,N/A,N/A,0.02642654834505725,0.0,0.0,0.0,STARLINK-32524,0,N/A,N/A,0.0,0.011674115219280754,False,0.0,0.0,0.0,188.03531962188393,0.23504414952735492,Insufficient Energy for CPU,N/A,N/A,N/A
2862,Generic_Service,Rejected,284.9098402220413,N/A,N/A,N/A,0.048202502547174376,0.0,0.0,0.0,STARLINK-32524,0,N/A,N/A,0.0,0.07534806651025387,False,0.0,0.0,0.0,188.03531962188393,0.23504414952735492,Insufficient Energy for CPU,N/A,N/A,N/A
2863,CPU_and_Data_Intensive,Rejected,284.96881567172625,N/A,N/A,N/A,0.022399312188844465,0.0,0.0,0.0,STARLINK-32524,0,N/A,N/A,0.0,0.15562777552585097,False,0.0,0.0,0.0,188.03531962188393,0.23504414952735492,Insufficient Energy for CPU+NET,N/A,N/A,N/A
2865,Generic_Service,Rejected,285.1161102703264,N/A,N/A,N/A,0.059491191630911225,0.0,0.0,0.0,STARLINK-32524,0,N/A,N/A,0.0,0.04406944519389094,False,0.0,0.0,0.0,188.03531962188393,0.23504414952735492,Insufficient Energy for CPU,N/A,N/A,N/A
2869,Generic_Service,Rejected,285.5117990757821,N/A,N/A,N/A,0.023330581005972913,0.0,0.0,0.0,STARLINK-32524,0,N/A,N/A,0.0,0.019721236922912753,False,0.0,0.0,0.0,188.03531962188393,0.23504414952735492,Insufficient Energy for CPU,N/A,N/A,N/A
2878,Generic_Service,Rejected,286.94475312877364,N/A,N/A,N/A,0.05574031176820637,0.0,0.0,0.0,STARLINK-32524,0,N/A,N/A,0.0,0.07063536195552157,False,0.0,0.0,0.0,188.03531962188393,0.23504414952735492,Insufficient Energy for CPU,N/A,N/A,N/A
2881,CPU_and_Data_Intensive,Rejected,287.28696452040026,N/A,N/A,N/A,0.08295825784325389,0.0,0.0,0.0,STARLINK-32524,0,N/A,N/A,0.0,0.5474471960931384,False,0.0,0.0,0.0,188.03531962188393,0.23504414952735492,Insufficient Energy for CPU+NET,N/A,N/A,N/A
2895,Generic_Service,Rejected,288.3221281906064,N/A,N/A,N/A,0.09134167304632318,0.0,0.0,0.0,STARLINK-32524,0,N/A,N/A,0.0,0.08434754448318758,False,0.0,0.0,0.0,188.03531962188393,0.23504414952735492,Insufficient Energy for CPU,N/A,N/A,N/A
2896,CPU_Intensive,Rejected,288.34512790226916,N/A,N/A,N/A,0.08981535502864246,0.0,0.0,0.0,STARLINK-32524,0,N/A,N/A,0.0,0.0213474076601035,False,0.0,0.0,0.0,188.03531962188393,0.23504414952735492,Insufficient Energy for CPU,N/A,N/A,N/A
2900,Generic_Service,Rejected,288.5951373311499,N/A,N/A,N/A,0.01980368752667476,0.0,0.0,0.0,STARLINK-32524,0,N/A,N/A,0.0,0.029422362066698883,False,0.0,0.0,0.0,188.03531962188393,0.23504414952735492,Insufficient Energy for CPU,N/A,N/A,N/A
2901,CPU_and_Data_Intensive,Rejected,288.61700792112947,N/A,N/A,N/A,0.045072556582343035,0.0,0.0,0.0,STARLINK-32524,0,N/A,N/A,0.0,7.803895024305317,False,0.0,0.0,0.0,188.03531962188393,0.23504414952735492,Insufficient Energy for CPU+NET,N/A,N/A,N/A
2903,CPU_Intensive,Rejected,288.7807758941854,N/A,N/A,N/A,0.0735662942189998,0.0,0.0,0.0,STARLINK-32524,0,N/A,N/A,0.0,0.04153113087971401,False,0.0,0.0,0.0,188.03531962188393,0.23504414952735492,Insufficient Energy for CPU,N/A,N/A,N/A
2912,Generic_Service,Rejected,289.30111588374336,N/A,N/A,N/A,0.07818649964635044,0.0,0.0,0.0,STARLINK-32524,0,N/A,N/A,0.0,0.01733978589172853,False,0.0,0.0,0.0,188.03531962188393,0.23504414952735492,Insufficient Energy for CPU,N/A,N/A,N/A
2919,CPU_Intensive,Rejected,289.8774575314006,N/A,N/A,N/A,0.07419725405800127,0.0,0.0,0.0,STARLINK-32524,0,N/A,N/A,0.0,0.041891033271050315,False,0.0,0.0,0.0,188.03531962188393,0.23504414952735492,Insufficient Energy for CPU,N/A,N/A,N/A
2921,Generic_Service,Rejected,290.04110438722046,N/A,N/A,N/A,0.034643163346164504,0.0,0.0,0.0,STARLINK-32524,0,N/A,N/A,0.0,0.07246627179025383,False,0.0,0.0,0.0,188.03531962188393,0.23504414952735492,Insufficient Energy for CPU,N/A,N/A,N/A
2932,Generic_Service,Rejected,290.9488476681415,N/A,N/A,N/A,0.08267159290179762,0.0,0.0,0.0,STARLINK-32524,0,N/A,N/A,0.0,0.05965628545876928,False,0.0,0.0,0.0,188.03531962188393,0.23504414952735492,Insufficient Energy for CPU,N/A,N/A,N/A
2933,CPU_Intensive,Rejected,290.9519381390183,N/A,N/A,N/A,0.07999621234133379,0.0,0.0,0.0,STARLINK-32524,0,N/A,N/A,0.0,0.03633470938948533,False,0.0,0.0,0.0,188.03531962188393,0.23504414952735492,Insufficient Energy for CPU,N/A,N/A,N/A
2942,Generic_Service,Rejected,292.13414583160795,N/A,N/A,N/A,0.06795260373533643,0.0,0.0,0.0,STARLINK-32524,0,N/A,N/A,0.0,0.07914331447041092,False,0.0,0.0,0.0,188.03531962188393,0.23504414952735492,Insufficient Energy for CPU,N/A,N/A,N/A
2945,Generic_Service,Rejected,292.8019517039148,N/A,N/A,N/A,0.039227210717152176,0.0,0.0,0.0,STARLINK-32524,0,N/A,N/A,0.0,0.024149785359157717,False,0.0,0.0,0.0,188.03531962188393,0.23504414952735492,Insufficient Energy for CPU,N/A,N/A,N/A
2947,CPU_Intensive,Rejected,293.03671743886343,N/A,N/A,N/A,0.03013198038769971,0.0,0.0,0.0,STARLINK-32524,0,N/A,N/A,0.0,0.011172380311927587,False,0.0,0.0,0.0,188.03531962188393,0.23504414952735492,Insufficient Energy for CPU,N/A,N/A,N/A
2953,Generic_Service,Rejected,294.1145607703611,N/A,N/A,N/A,0.07927448601900151,0.0,0.0,0.0,STARLINK-32524,0,N/A,N/A,0.0,0.06879140402807057,False,0.0,0.0,0.0,188.03531962188393,0.23504414952735492,Insufficient Energy for CPU,N/A,N/A,N/A
2954,Generic_Service,Rejected,294.13576425661233,N/A,N/A,N/A,0.05186730005711974,0.0,0.0,0.0,STARLINK-32524,0,N/A,N/A,0.0,0.065876708821295,False,0.0,0.0,0.0,188.03531962188393,0.23504414952735492,Insufficient Energy for CPU,N/A,N/A,N/A
2961,CPU_Intensive,Rejected,294.7130817964544,N/A,N/A,N/A,0.040412368438696514,0.0,0.0,0.0,STARLINK-32524,0,N/A,N/A,0.0,0.07586594479113254,False,0.0,0.0,0.0,188.03531962188393,0.23504414952735492,Insufficient Energy for CPU,N/A,N/A,N/A
2968,Generic_Service,Rejected,295.11121080917997,N/A,N/A,N/A,0.04398626191639013,0.0,0.0,0.0,STARLINK-32524,0,N/A,N/A,0.0,0.01378281268117175,False,0.0,0.0,0.0,188.03531962188393,0.23504414952735492,Insufficient Energy for CPU,N/A,N/A,N/A
2972,Generic_Service,Rejected,295.41490551377785,N/A,N/A,N/A,0.09530460173659874,0.0,0.0,0.0,STARLINK-32524,0,N/A,N/A,0.0,0.03354650955269955,False,0.0,0.0,0.0,188.03531962188393,0.23504414952735492,Insufficient Energy for CPU,N/A,N/A,N/A
2976,Generic_Service,Rejected,296.06520721414944,N/A,N/A,N/A,0.03302438383895296,0.0,0.0,0.0,STARLINK-32524,0,N/A,N/A,0.0,0.03998739578687216,False,0.0,0.0,0.0,188.03531962188393,0.23504414952735492,Insufficient Energy for CPU,N/A,N/A,N/A
2980,Generic_Service,Rejected,296.2233677514622,N/A,N/A,N/A,0.041273757477744984,0.0,0.0,0.0,STARLINK-32524,0,N/A,N/A,0.0,0.08095207075095841,False,0.0,0.0,0.0,188.03531962188393,0.23504414952735492,Insufficient Energy for CPU,N/A,N/A,N/A
2982,CPU_and_Data_Intensive,Rejected,296.57686566325657,N/A,N/A,N/A,0.04658209593910367,0.0,0.0,0.0,STARLINK-32524,0,N/A,N/A,0.0,1.1838671607094784,False,0.0,0.0,0.0,188.03531962188393,0.23504414952735492,Insufficient Energy for CPU+NET,N/A,N/A,N/A
2985,Generic_Service,Rejected,296.8307347384309,N/A,N/A,N/A,0.043031750989907185,0.0,0.0,0.0,STARLINK-32524,0,N/A,N/A,0.0,0.040277186554956386,False,0.0,0.0,0.0,188.03531962188393,0.23504414952735492,Insufficient Energy for CPU,N/A,N/A,N/A
2994,CPU_Intensive,Rejected,297.7057188923834,N/A,N/A,N/A,0.06187330644959494,0.0,0.0,0.0,STARLINK-32524,0,N/A,N/A,0.0,0.07781498164445204,False,0.0,0.0,0.0,188.03531962188393,0.23504414952735492,Insufficient Energy for CPU,N/A,N/A,N/A
2995,CPU_and_Data_Intensive,Rejected,297.8271344474952,N/A,N/A,N/A,0.04990926717362614,0.0,0.0,0.0,STARLINK-32524,0,N/A,N/A,0.0,2.480819603447795,False,0.0,0.0,0.0,188.03531962188393,0.23504414952735492,Insufficient Energy for CPU+NET,N/A,N/A,N/A
3002,Generic_Service,Rejected,299.37192087965957,N/A,N/A,N/A,0.0343517221997399,0.0,0.0,0.0,STARLINK-32524,0,N/A,N/A,0.0,0.07138580552517847,False,0.0,0.0,0.0,188.03531962188393,0.23504414952735492,Insufficient Energy for CPU,N/A,N/A,N/A
3003,Generic_Service,Rejected,299.42438723776337,N/A,N/A,N/A,0.031501870271314666,0.0,0.0,0.0,STARLINK-32524,0,N/A,N/A,0.0,0.07925172243466362,False,0.0,0.0,0.0,188.03531962188393,0.23504414952735492,Insufficient Energy for CPU,N/A,N/A,N/A
3004,Generic_Service,Rejected,299.46981475365664,N/A,N/A,N/A,0.03020171848619321,0.0,0.0,0.0,STARLINK-32524,0,N/A,N/A,0.0,0.01712779978485462,False,0.0,0.0,0.0,188.03531962188393,0.23504414952735492,Insufficient Energy for CPU,N/A,N/A,N/A
3008,Generic_Service,Rejected,299.75112877174865,N/A,N/A,N/A,0.0866626879624764,0.0,0.0,0.0,STARLINK-32524,0,N/A,N/A,0.0,0.051467337483170186,False,0.0,0.0,0.0,188.03531962188393,0.23504414952735492,Insufficient Energy for CPU,N/A,N/A,N/A
34000,Batch,Completed,0,0,0.0,0.004777435073637315,0.004777435073637315,0.004777435073637315,0.004777435073637315,0.0,STARLINK-6032,0,N/A,0,0.0,10.271485408320228,False,0.0,0.004777435073637315,0.004777435073637315,80000,100.0,N/A,N/A,N/A,N/A
35000,Batch,Completed,0,0,0.0,0.007340597327386121,0.007340597327386121,0.007340597327386121,0.007340597327386121,0.0,STARLINK-6032,0,N/A,0,0.0,15.78228425388016,False,0.0,0.007340597327386121,0.007340597327386121,79999.99522256493,99.99999402820616,N/A,N/A,N/A,N/A
9,CPU_Intensive,Completed,2.091002794456601,2.09304026820219,2.09304026820219,2.872883410322779,0.7798431421205891,0.7818806158661784,0.7818806158661782,0.0,STARLINK-6032,1,2,3,0.0020374737455892645,0.08220248075843983,False,7645.603657393833,3.823371198066969e-05,7645.603695627545,72354.38422457378,90.44298028071722,N/A,2.091002794456601,3.0099877693174064,0.9189849748608054
85,CPU_and_Data_Intensive,Completed,10.367213112916435,10.369841958832893,10.369841958832893,10.81514567554079,0.4453037167078975,0.4479325626243563,0.44793256262435577,0.0,STARLINK-6032,1,2,4,0.0026288459164588657,1.4911821487182797,False,4372.779255752076,0.0006935730924271068,4372.779949325169,67981.60427524858,84.97700534406073,N/A,10.367213112916435,11.092267886655105,0.7250547737386697
122,CPU_Intensive,Completed,14.30896813591454,14.310999585383374,14.310999585383374,14.863417537386928,0.5524179520035535,0.5544494014723872,0.5544494014723877,0.0,STARLINK-6032,1,2,3,0.0020314494688337672,0.06784928004867825,False,5413.086428409788,3.1557804673803836e-05,5413.086459967592,62568.517846838324,78.2106473085479,N/A,14.30896813591454,15.131676997017388,0.8227088611028481
160,CPU_Intensive,Completed,18.33428245543586,18.336300808624536,18.336300808624536,18.543396927275754,0.20709611865121857,0.20911447183989432,0.20911447183989296,0.0,STARLINK-6032,1,2,3,0.0020183531886757418,0.036646607049321385,False,2026.0102442823527,1.7044933511312272e-05,2026.0102613272861,60542.50760255595,75.67813450319494,N/A,18.33428245543586,18.656106761738176,0.3218243063023145
171,CPU_Intensive,Completed,18.89812229269289,18.900140593728565,18.900140593728565,19.351566209955926,0.4514256162273611,0.45344391726303607,0.4534439172630371,0.0,STARLINK-6032,1,2,3,0.002018301035674984,0.03652234939684732,False,4429.04861923501,1.698713925434759e-05,4429.048636222149,56113.458983320925,70.14182372915116,N/A,18.89812229269289,19.578825276982165,0.680702984289276
196,CPU_Intensive,Completed,20.85182882684903,20.85385127592183,20.85385127592183,21.319041742352677,0.4651904664308475,0.4672129155036494,0.46721291550364796,0.0,STARLINK-6032,1,2,3,0.002022449072801898,0.0464052966535143,False,4561.515078093979,2.15838589086113e-05,4561.515099677838,51551.94390522693,64.43992988153366,N/A,20.85182882684903,21.50740989906135,0.6555810722123212
218,CPU_Intensive,Completed,23.013742891227608,23.01576336770186,23.01576336770186,25.245983420507752,2.2302200528058904,2.2322405292801455,2.232240529280144,0.0,STARLINK-6032,1,2,3,0.0020204764742551284,0.04170546229817277,False,21922.118689883064,1.939788944101059e-05,21922.118709280952,29629.825215343844,37.03728151917981,N/A,23.013742891227608,25.433957705074807,2.420214813847199
361,CPU_Intensive,Completed,38.683374452980146,38.68540773614516,38.68540773614516,40.273622692173724,1.5882149560285654,1.590248239193581,1.5902482391935777,0.0,STARLINK-6032,1,2,3,0.002033283165015548,0.07221817118798457,False,15598.952335371714,3.358984706417887e-05,15598.952368961562,14030.872879972116,17.538591099965146,N/A,38.683374452980146,40.47665767398011,1.7932832209999603
472,Generic_Service,Completed,48.35196895130375,48.35399482735439,48.35399482735439,48.37834314518844,0.024348317834046895,0.02637419388468231,0.02637419388468487,0.0,STARLINK-6032,1,2,3,0.0020258760506354167,0.05457027689409002,False,223.38854814413457,2.5381524136786056e-05,223.3885735256587,13807.484331827958,17.259355414784945,N/A,48.35196895130375,48.56651663282762,0.21454768152386805
473,Generic_Service,Completed,48.776891503734475,48.77889885962058,48.77889885962058,48.95678356764554,0.17788470802495482,0.17989206391106244,0.17989206391106194,0.0,STARLINK-6032,1,2,3,0.0020073558861076306,0.010444874055890013,False,1746.4338965339339,4.858080956227913e-06,1746.4339013920148,12061.050435294008,15.076313044117509,N/A,48.776891503734475,49.070039320333926,0.29314781659945055
474,CPU_and_Data_Intensive,Completed,48.92056852644257,48.92270301970418,48.92270301970418,49.44853111846191,0.525828098757728,0.5279625920193359,0.5279625920193354,0.0,STARLINK-6032,1,2,5,0.0021344932616080086,0.3133572969627633,False,5170.131436166868,0.00014574757998268061,5170.131581914448,6890.918853379556,8.613648566724445,N/A,48.92056852644257,49.57516900597142,0.6546004795288454
543,CPU_and_Data_Intensive,Completed,55.32861423421023,55.33106349131635,55.33106349131635,55.632860438076655,0.3017969467603052,0.3042462038664285,0.30424620386642687,0.0,STARLINK-6032,1,2,4,0.0024492571061232485,1.0633010362474393,False,2963.3350733926522,0.0004945586215104368,2963.335567951274,3927.583285428181,4.909479106785226,N/A,55.32861423421023,55.830547027688205,0.5019327934779767
596,CPU_Intensive,Completed,60.10140895750684,60.103440506400005,60.103440506400005,60.294846685054885,0.19140617865487997,0.193437727548047,0.19343772754804434,0.0,STARLINK-6032,1,2,3,0.0020315488931670453,0.06808616448624506,False,1862.43458340084,3.166798348197445e-05,1862.4346150688234,2065.148702027006,2.5814358775337576,N/A,60.10140895750684,60.46332893832266,0.36191998081582
678,CPU_and_Data_Intensive,Completed,68.27947009783946,68.2871078444215,68.2871078444215,68.43678975605125,0.14968191162975586,0.1573196582117891,0.15731965821179017,0.0,STARLINK-6032,1,2,4,0.007637746582033218,13.425188421362023,False,1410.7215876841178,0.006244273684354429,1410.7278319578022,654.4208700691756,0.8180260875864696,N/A,68.27947009783946,68.59706528906021,0.31759519122074664
809,CPU_Intensive,Completed,81.55095898327214,81.55297131846133,81.55297131846133,81.59663251063122,0.043661192169892615,0.045673527359080875,0.04567352735908514,0.0,STARLINK-6032,1,2,3,0.0020123351891882576,0.02230836230711585,False,422.83839146860146,1.0375982468425975e-05,422.8384018445839,231.582478595952,0.28947809824494003,N/A,81.55095898327214,81.73319249434617,0.18223351107403118
231,CPU_and_Data_Intensive,Rejected,24.50513313057414,N/A,N/A,N/A,3.5942469591521173,0.0,0.0,0.0,STARLINK-6032,0,N/A,N/A,0.0,10.380329177418574,False,0.0,0.0,0.0,231.58247859594454,0.2894780982449307,Insufficient Energy for CPU+NET,N/A,N/A,N/A
375,CPU_Intensive,Rejected,40.04778323402512,N/A,N/A,N/A,1.8060934534869268,0.0,0.0,0.0,STARLINK-6032,0,N/A,N/A,0.0,0.04592425065478664,False,0.0,0.0,0.0,231.58247859594454,0.2894780982449307,Insufficient Energy for CPU,N/A,N/A,N/A
376,CPU_and_Data_Intensive,Rejected,40.09229825876107,N/A,N/A,N/A,2.0002609797296427,0.0,0.0,0.0,STARLINK-6032,0,N/A,N/A,0.0,18.948492822216366,False,0.0,0.0,0.0,231.58247859594454,0.2894780982449307,Insufficient Energy for CPU+NET,N/A,N/A,N/A
37000,Batch,Completed,0,0,0.0,0.009508199288827702,0.009508199288827702,0.009508199288827702,0.009508199288827702,0.0,STARLINK-32736,0,N/A,0,0.0,20.442628470979557,False,0.0,0.009508199288827702,0.009508199288827702,80000,100.0,N/A,N/A,N/A,N/A
36000,Batch,Completed,0,0,0.0,0.009667159458657747,0.009667159458657747,0.009667159458657747,0.009667159458657747,0.0,STARLINK-32736,0,N/A,0,0.0,20.784392836114154,False,0.0,0.009667159458657747,0.009667159458657747,79999.99049180071,99.99998811475088,N/A,N/A,N/A,N/A
12,CPU_Intensive,Completed,2.6410131543697264,2.6423188037605696,2.6423188037605696,3.0552942498572397,0.41297544609667014,0.4142810954875133,0.41428109548751335,0.0,STARLINK-32736,1,2,3,0.001305649390843164,0.08470958604734688,False,4036.6893797464836,3.939980746388227e-05,4036.689419146291,75963.29144489476,94.95411430611844,N/A,2.6410131543697264,3.211258439439971,0.5702452850702446
64,CPU_and_Data_Intensive,Completed,7.916013482172776,7.92540257232979,7.92540257232979,8.878923402639478,0.9535208303096878,0.9629099204667015,0.9629099204667018,0.0,STARLINK-32736,1,2,4,0.009389090157013768,19.660408378175056,False,9288.024190113858,0.009144375989848864,9288.033334489848,66675.25811040487,83.3440726380061,N/A,7.916013482172776,9.069565313594468,1.1535518314216926
136,CPU_and_Data_Intensive,Completed,15.99025184737325,15.991735338357573,15.991735338357573,16.690119905300648,0.6983845669430746,0.6998680579273983,0.6998680579273984,0.0,STARLINK-32736,1,2,4,0.001483490984323686,0.5153892393524538,False,6866.315053488842,0.00023971592528021108,6866.315293204767,59808.94281719181,74.76117852148977,N/A,15.99025184737325,16.839348843893873,0.8490969965206236
141,CPU_and_Data_Intensive,Completed,16.669520718442662,16.6717800389895,16.6717800389895,17.009157820591675,0.337377781602175,0.3396371021490134,0.33963710214901255,0.0,STARLINK-32736,1,2,5,0.002259320546838372,2.3942185979314594,False,3307.1874369172506,0.001113590045549516,3307.188550507296,56501.75426668436,70.62719283335545,N/A,16.669520718442662,17.140619514918296,0.47109879647563346
192,CPU_Intensive,Completed,20.392846157553493,20.39412850856339,20.39412850856339,20.677792216293103,0.28366370772971194,0.28494605873960954,0.2849460587396102,0.0,STARLINK-32736,1,2,3,0.0012823510098975935,0.028287809612310956,False,2781.52205205225,1.3157120749912073e-05,2781.522065209371,53720.23221463134,67.15029026828917,N/A,20.392846157553493,20.80179551612839,0.40894935857489756
211,CPU_Intensive,Completed,21.86871648000509,21.87002146729587,21.87002146729587,22.110202363683626,0.24018089638775564,0.24148588367853693,0.24148588367853563,0.0,STARLINK-32736,1,2,3,0.0013049872907813088,0.08310617584666018,False,2337.7124719598387,3.865403527751636e-05,2337.7125106138737,51382.519742671495,64.22814967833936,N/A,21.86871648000509,22.41204339862252,0.5433269186174279
220,Generic_Service,Completed,23.41368026684381,23.41497285962078,23.41497285962078,23.451792524934966,0.03681966531418723,0.03811225809115742,0.03811225809115726,0.0,STARLINK-32736,1,2,3,0.0012925927769701835,0.05309033530795401,False,346.4813987649567,2.4693179213001866e-05,346.4814234581359,51036.038343906504,63.79504792988313,N/A,23.41368026684381,23.72022258897523,0.3065423221314205
222,CPU_Intensive,Completed,23.61349136002234,23.614774391787535,23.614774391787535,23.84013463619003,0.2253602444024949,0.22664327616768984,0.22664327616768887,0.0,STARLINK-32736,1,2,3,0.0012830317651949179,0.029936397266634683,False,2207.616682062101,1.392390570541148e-05,2207.6166959860066,48828.42166184438,61.035527077305474,N/A,23.61349136002234,24.023076051623335,0.409584691600994
233,CPU_Intensive,Completed,24.57338087657465,24.574684071601023,24.574684071601023,24.659155068374844,0.08447099677382042,0.08577419180019327,0.08577419180019419,0.0,STARLINK-32736,1,2,4,0.001303195026372857,0.07876584241308916,False,807.5710181413998,3.66352755409717e-05,807.5710547766754,48020.85064370297,60.02606330462872,N/A,24.57338087657465,24.927414693467398,0.3540338168927484
223,CPU_Intensive,Completed,23.753607478340623,23.7549066484582,23.7549066484582,24.711495486190536,0.9565888377323368,0.9578880078499149,0.9578880078499132,0.0,STARLINK-32736,1,2,4,0.001299170117578097,0.069018705703466,False,9387.797507577012,3.210172358300744e-05,9387.797539678735,38633.053136125964,48.29131642015746,N/A,23.753607478340623,25.029516366713352,1.2759088883727294
303,CPU_Intensive,Completed,32.352817705066144,32.35409958053214,32.35409958053214,32.80463580123488,0.45053622070273747,0.4518180961687335,0.45181809616873636,0.0,STARLINK-32736,1,2,3,0.001281875465996008,0.027136183163976077,False,4423.0669941234155,1.2621480541384222e-05,4423.067006744896,34209.9861420025,42.76248267750312,N/A,32.352817705066144,33.10300545692964,0.7501877518634927
326,CPU_Intensive,Completed,35.06918061929339,35.07047702805298,35.07047702805298,36.2662374748924,1.1957604468394223,1.1970568555990055,1.1970568555990084,0.0,STARLINK-32736,1,2,3,0.0012964087595833595,0.0623315147007879,False,11742.04138726835,2.8991402186412975e-05,11742.041416259752,22467.944754734133,28.084930943417667,N/A,35.06918061929339,36.53151933507396,1.462338715780568
340,Generic_Service,Completed,36.26416801728671,36.26546437225873,36.26546437225873,36.33833706995233,0.0728726976936045,0.07416905266562693,0.07416905266562424,0.0,STARLINK-32736,1,2,3,0.0012963549720224356,0.062201257162956186,False,698.3815381582175,2.8930817285095902e-05,698.3815670890348,21769.563216575894,27.21195402071987,N/A,36.26416801728671,36.531519335094046,0.26735131780733923
422,CPU_Intensive,Completed,44.00879719719292,44.01009543510727,44.01009543510727,44.120255710246326,0.11016027513905868,0.11145851305340404,0.1114585130534067,0.0,STARLINK-32736,1,2,3,0.001298237914345362,0.06676118564178124,False,1063.7644965071913,3.1051714251991276e-05,1063.7645275589057,20705.798720068677,25.882248400085846,N/A,44.00879719719292,44.311511115934316,0.3027139187413965
426,CPU_Intensive,Completed,44.585048925218,44.58633010178159,44.58633010178159,45.38157785425396,0.7952477524723705,0.7965289290359678,0.796528929035965,0.0,STARLINK-32736,1,2,3,0.0012811765635973838,0.025443648606437358,False,7813.833462840004,1.1834255165784817e-05,7813.833474674259,12891.96525722865,16.114956571535814,N/A,44.585048925218,45.51790342166718,0.9328544964491812
476,Generic_Service,Completed,49.43668393867742,49.43798976601978,49.43798976601978,49.45841151084529,0.020421744825505073,0.021727572167866516,0.021727572167868914,0.0,STARLINK-32736,1,2,3,0.0013058273423614437,0.0851405319059503,False,175.76276212119186,3.9600247398116425e-05,175.76280172143925,12716.202495107449,15.895253118884312,N/A,49.43668393867742,49.67516900607296,0.2384850673955441
480,CPU_Intensive,Completed,50.27715635268778,50.27844284129702,50.27844284129702,51.45140556699425,1.172962725697225,1.1742492143064611,1.1742492143064638,0.0,STARLINK-32736,1,2,3,0.001286488609236147,0.0383078494340907,False,11524.902457886194,1.781760438794916e-05,11524.902475703799,1191.3000372212227,1.4891250465265284,N/A,50.27715635268778,51.5825940580574,1.30543770536962
709,Generic_Service,Completed,70.85435574451641,70.85565051478459,70.85565051478459,70.95238760903675,0.09673709425216259,0.09803186452033107,0.09803186452033685,0.0,STARLINK-32736,1,2,3,0.0012947702681684774,0.05836357390193234,False,934.2207272090468,2.714584832648016e-05,934.2207543548951,257.0793100121591,0.3213491375151989,N/A,70.85435574451641,71.20971693424984,0.35536118973342923
940,Generic_Service,Completed,95.44087168524555,95.44215932835226,95.44215932835226,95.45871819996313,0.016558871610868664,0.017846514717578255,0.0178465147175757,0.0,STARLINK-32736,1,2,3,0.0012876431067095917,0.041103700291440025,False,150.74662993387065,1.91180001355535e-05,150.74664905187078,106.33268007826936,0.1329158500978367,N/A,95.44087168524555,95.65245777698424,0.21158609173868115
489,CPU_Intensive,Rejected,51.27747913990528,N/A,N/A,N/A,0.7453150702201096,0.0,0.0,0.0,STARLINK-32736,0,N/A,N/A,0.0,0.0678514255444021,False,0.0,0.0,0.0,106.3326800782561,0.13291585009782014,Insufficient Energy for CPU,N/A,N/A,N/A
1014,Generic_Service,Rejected,102.59781444768029,N/A,N/A,N/A,0.01370525214047998,0.0,0.0,0.0,STARLINK-32736,0,N/A,N/A,0.0,0.060585330703445586,False,0.0,0.0,0.0,106.3326800782561,0.13291585009782014,Insufficient Energy for CPU,N/A,N/A,N/A
1077,Generic_Service,Rejected,108.92421710445022,N/A,N/A,N/A,0.012887932031427336,0.0,0.0,0.0,STARLINK-32736,0,N/A,N/A,0.0,0.04896373833183958,False,0.0,0.0,0.0,106.3326800782561,0.13291585009782014,Insufficient Energy for CPU,N/A,N/A,N/A
1148,Generic_Service,Rejected,116.86807378639918,N/A,N/A,N/A,0.012776945623365283,0.0,0.0,0.0,STARLINK-32736,0,N/A,N/A,0.0,0.014144054461998632,False,0.0,0.0,0.0,106.3326800782561,0.13291585009782014,Insufficient Energy for CPU,N/A,N/A,N/A
1321,Generic_Service,Rejected,133.42934100182737,N/A,N/A,N/A,0.012854356781657212,0.0,0.0,0.0,STARLINK-32736,0,N/A,N/A,0.0,0.013082697575124902,False,0.0,0.0,0.0,106.3326800782561,0.13291585009782014,Insufficient Energy for CPU,N/A,N/A,N/A
1468,Generic_Service,Rejected,148.00906737096216,N/A,N/A,N/A,0.01286850964219537,0.0,0.0,0.0,STARLINK-32736,0,N/A,N/A,0.0,0.02844649089955842,False,0.0,0.0,0.0,106.3326800782561,0.13291585009782014,Insufficient Energy for CPU,N/A,N/A,N/A
1519,Generic_Service,Rejected,153.47636160432168,N/A,N/A,N/A,0.015314186254957446,0.0,0.0,0.0,STARLINK-32736,0,N/A,N/A,0.0,0.07320940651162323,False,0.0,0.0,0.0,106.3326800782561,0.13291585009782014,Insufficient Energy for CPU,N/A,N/A,N/A
1558,CPU_Intensive,Rejected,157.2924867798677,N/A,N/A,N/A,0.013984200016558115,0.0,0.0,0.0,STARLINK-32736,0,N/A,N/A,0.0,0.03235494231218851,False,0.0,0.0,0.0,106.3326800782561,0.13291585009782014,Insufficient Energy for CPU,N/A,N/A,N/A
1585,Generic_Service,Rejected,160.22504622341387,N/A,N/A,N/A,0.013477342698251175,0.0,0.0,0.0,STARLINK-32736,0,N/A,N/A,0.0,0.06001562001199537,False,0.0,0.0,0.0,106.3326800782561,0.13291585009782014,Insufficient Energy for CPU,N/A,N/A,N/A
1612,CPU_Intensive,Rejected,163.29032877089665,N/A,N/A,N/A,0.01547098165279012,0.0,0.0,0.0,STARLINK-32736,0,N/A,N/A,0.0,0.0794338900861223,False,0.0,0.0,0.0,106.3326800782561,0.13291585009782014,Insufficient Energy for CPU,N/A,N/A,N/A
1686,Generic_Service,Rejected,170.60061586726718,N/A,N/A,N/A,0.012948434796022507,0.0,0.0,0.0,STARLINK-32736,0,N/A,N/A,0.0,0.022414888838751267,False,0.0,0.0,0.0,106.3326800782561,0.13291585009782014,Insufficient Energy for CPU,N/A,N/A,N/A
1724,Generic_Service,Rejected,174.57329011452978,N/A,N/A,N/A,0.0135440392413049,0.0,0.0,0.0,STARLINK-32736,0,N/A,N/A,0.0,0.05113339816757053,False,0.0,0.0,0.0,106.3326800782561,0.13291585009782014,Insufficient Energy for CPU,N/A,N/A,N/A
1928,CPU_and_Data_Intensive,Rejected,195.60582730157913,N/A,N/A,N/A,0.01680416966962065,0.0,0.0,0.0,STARLINK-32736,0,N/A,N/A,0.0,1.0764763545868403,False,0.0,0.0,0.0,106.3326800782561,0.13291585009782014,Insufficient Energy for CPU+NET,N/A,N/A,N/A
1961,Generic_Service,Rejected,197.95388756087414,N/A,N/A,N/A,0.015870363447279826,0.0,0.0,0.0,STARLINK-32736,0,N/A,N/A,0.0,0.07699080782337248,False,0.0,0.0,0.0,106.3326800782561,0.13291585009782014,Insufficient Energy for CPU,N/A,N/A,N/A
1975,CPU_Intensive,Rejected,198.84268069366797,N/A,N/A,N/A,0.013648042991587355,0.0,0.0,0.0,STARLINK-32736,0,N/A,N/A,0.0,0.03148010479348753,False,0.0,0.0,0.0,106.3326800782561,0.13291585009782014,Insufficient Energy for CPU,N/A,N/A,N/A
2046,Generic_Service,Rejected,205.73361982794063,N/A,N/A,N/A,0.015313972990936512,0.0,0.0,0.0,STARLINK-32736,0,N/A,N/A,0.0,0.013956638972421272,False,0.0,0.0,0.0,106.3326800782561,0.13291585009782014,Insufficient Energy for CPU,N/A,N/A,N/A
2051,CPU_Intensive,Rejected,206.22306865216947,N/A,N/A,N/A,0.014351487499936061,0.0,0.0,0.0,STARLINK-32736,0,N/A,N/A,0.0,0.017000140508194515,False,0.0,0.0,0.0,106.3326800782561,0.13291585009782014,Insufficient Energy for CPU,N/A,N/A,N/A
2169,CPU_Intensive,Rejected,218.2405885265721,N/A,N/A,N/A,0.01566937594176436,0.0,0.0,0.0,STARLINK-32736,0,N/A,N/A,0.0,0.043468135435632695,False,0.0,0.0,0.0,106.3326800782561,0.13291585009782014,Insufficient Energy for CPU,N/A,N/A,N/A
2176,CPU_Intensive,Rejected,219.0204340346512,N/A,N/A,N/A,0.015337127879760071,0.0,0.0,0.0,STARLINK-32736,0,N/A,N/A,0.0,0.06638017435229569,False,0.0,0.0,0.0,106.3326800782561,0.13291585009782014,Insufficient Energy for CPU,N/A,N/A,N/A
2190,Generic_Service,Rejected,220.48445105857644,N/A,N/A,N/A,0.0137841375652555,0.0,0.0,0.0,STARLINK-32736,0,N/A,N/A,0.0,0.051536936436334516,False,0.0,0.0,0.0,106.3326800782561,0.13291585009782014,Insufficient Energy for CPU,N/A,N/A,N/A
2360,CPU_Intensive,Rejected,238.86065939293417,N/A,N/A,N/A,0.013004411188845794,0.0,0.0,0.0,STARLINK-32736,0,N/A,N/A,0.0,0.04493569547865877,False,0.0,0.0,0.0,106.3326800782561,0.13291585009782014,Insufficient Energy for CPU,N/A,N/A,N/A
2416,Generic_Service,Rejected,244.43817961059844,N/A,N/A,N/A,0.01358981573065439,0.0,0.0,0.0,STARLINK-32736,0,N/A,N/A,0.0,0.021953149566300036,False,0.0,0.0,0.0,106.3326800782561,0.13291585009782014,Insufficient Energy for CPU,N/A,N/A,N/A
2493,Generic_Service,Rejected,250.15655944954943,N/A,N/A,N/A,0.01581327241259189,0.0,0.0,0.0,STARLINK-32736,0,N/A,N/A,0.0,0.048122728747002734,False,0.0,0.0,0.0,106.3326800782561,0.13291585009782014,Insufficient Energy for CPU,N/A,N/A,N/A
2627,Generic_Service,Rejected,262.8020087327493,N/A,N/A,N/A,0.013075648789595938,0.0,0.0,0.0,STARLINK-32736,0,N/A,N/A,0.0,0.048251433174794335,False,0.0,0.0,0.0,106.3326800782561,0.13291585009782014,Insufficient Energy for CPU,N/A,N/A,N/A
2665,Generic_Service,Rejected,266.2109436285937,N/A,N/A,N/A,0.014657425427196872,0.0,0.0,0.0,STARLINK-32736,0,N/A,N/A,0.0,0.07233529120392158,False,0.0,0.0,0.0,106.3326800782561,0.13291585009782014,Insufficient Energy for CPU,N/A,N/A,N/A
2702,Generic_Service,Rejected,269.8427539626845,N/A,N/A,N/A,0.013442158187684919,0.0,0.0,0.0,STARLINK-32736,0,N/A,N/A,0.0,0.06088021388074458,False,0.0,0.0,0.0,106.3326800782561,0.13291585009782014,Insufficient Energy for CPU,N/A,N/A,N/A
2781,Generic_Service,Rejected,278.17728649689906,N/A,N/A,N/A,0.015004204487987824,0.0,0.0,0.0,STARLINK-32736,0,N/A,N/A,0.0,0.052731679664718804,False,0.0,0.0,0.0,106.3326800782561,0.13291585009782014,Insufficient Energy for CPU,N/A,N/A,N/A
2890,Generic_Service,Rejected,287.98050894494645,N/A,N/A,N/A,0.013786910255806015,0.0,0.0,0.0,STARLINK-32736,0,N/A,N/A,0.0,0.06843684290190857,False,0.0,0.0,0.0,106.3326800782561,0.13291585009782014,Insufficient Energy for CPU,N/A,N/A,N/A
2952,Generic_Service,Rejected,293.68611109349513,N/A,N/A,N/A,0.013054847429362327,0.0,0.0,0.0,STARLINK-32736,0,N/A,N/A,0.0,0.07663611385319126,False,0.0,0.0,0.0,106.3326800782561,0.13291585009782014,Insufficient Energy for CPU,N/A,N/A,N/A
2996,Generic_Service,Rejected,298.19649307893445,N/A,N/A,N/A,0.01574193099841296,0.0,0.0,0.0,STARLINK-32736,0,N/A,N/A,0.0,0.02077791564796008,False,0.0,0.0,0.0,106.3326800782561,0.13291585009782014,Insufficient Energy for CPU,N/A,N/A,N/A
39000,Batch,Completed,0,0,0.0,0.004285302320028515,0.004285302320028515,0.004285302320028515,0.004285302320028515,0.0,STARLINK-33963,0,N/A,0,0.0,9.213399988061308,False,0.0,0.004285302320028515,0.004285302320028515,80000,100.0,N/A,N/A,N/A,N/A
40000,Batch,Completed,0,0,0.0,0.010327811663026995,0.010327811663026995,0.010327811663026995,0.010327811663026995,0.0,STARLINK-33963,0,N/A,0,0.0,22.20479507550804,False,0.0,0.010327811663026995,0.010327811663026995,79999.99571469768,99.9999946433721,N/A,N/A,N/A,N/A
38000,Batch,Completed,0,0,0.0,0.13154653234215694,0.13154653234215694,0.13154653234215694,0.13154653234215694,0.0,STARLINK-33963,0,N/A,0,0.0,282.8250445356374,False,0.0,0.13154653234215694,0.13154653234215694,79999.98538688602,99.99998173360753,N/A,N/A,N/A,N/A
15,CPU_and_Data_Intensive,Completed,2.976312774319914,2.978106330728846,2.978106330728846,3.7232695147068298,0.7451631839779838,0.7469567403869155,0.7469567403869157,0.0,STARLINK-33963,1,2,5,0.0017935564089317738,0.16402405409013368,False,7327.994107598588,7.629025771634124e-05,7327.994183888845,72671.85965646483,90.83982457058104,N/A,2.976312774319914,3.9218871033156177,0.9455743289957037
26,CPU_and_Data_Intensive,Completed,3.7056386187965087,3.869399729327391,3.869399729327391,5.334452446954277,1.465052717626886,1.6288138281577682,1.6288138281577682,0.0,STARLINK-33963,1,2,5,0.16376111053088227,490.68666744152387,False,12164.294338760583,0.228226356949546,12164.522565117531,60507.33709134724,75.63417136418404,N/A,3.7056386187965087,5.439406111421149,1.73376749262464
172,Generic_Service,Completed,18.91362434518001,18.91538911964188,18.91538911964188,18.94016283241259,0.02477371277070972,0.026538487232578505,0.026538487232578234,0.0,STARLINK-33963,1,2,4,0.0017647744618687821,0.0768572333542606,False,221.00543785617307,3.574755039733051e-05,221.00547360372346,60286.33165329125,75.35791456661406,N/A,18.91362434518001,19.062798764112692,0.1491744189326809
176,CPU_Intensive,Completed,19.36970016864307,19.371447131167677,19.371447131167677,19.447226713038937,0.07577958187125944,0.07752654439586629,0.07752654439586593,0.0,STARLINK-33963,1,2,4,0.0017469625246068537,0.022913351834670977,False,738.5472732693183,1.0657372946358595e-05,738.5472839266913,59547.78438002191,74.4347304750274,N/A,19.36970016864307,19.578825276994927,0.20912510835185572
178,CPU_Intensive,Completed,19.558323089052156,19.560079913166355,19.560079913166355,19.77567237825117,0.21559246508481422,0.21734928919901494,0.21734928919901364,0.0,STARLINK-33963,1,2,6,0.0017568241142007337,0.05277941372475703,False,2104.8189760411487,2.4548564523142804e-05,2104.819000589713,54003.576253935054,67.50447031741882,N/A,19.558323089052156,19.988659005720333,0.4303359166681773
177,CPU_and_Data_Intensive,Completed,19.415920755354527,19.42430004811142,19.42430004811142,19.783359148027436,0.35905909991601703,0.36743839267290895,0.36743839267290923,0.0,STARLINK-33963,1,2,6,0.008379292756891919,20.109085394102742,False,3439.3891500457053,0.009353062974001276,3439.398503108679,54003.56690087206,67.50445862609007,N/A,19.415920755354527,19.98865900573661,0.5727382503820841
181,CPU_Intensive,Completed,19.772319657576325,19.774082730813486,19.774082730813486,20.37201840098948,0.5979356701759926,0.5996987434131522,0.5996987434131533,0.0,STARLINK-33963,1,2,5,0.001763073237159606,0.0717050332987311,False,5859.621020311055,3.335117827847958e-05,5859.621053662233,48143.945880552645,60.1799323506908,N/A,19.772319657576325,20.497105358394904,0.724785700818579
237,Generic_Service,Completed,25.210148187489807,25.21191330189012,25.21191330189012,25.235488677026943,0.023575375136822174,0.025340489537134896,0.02534048953713608,0.0,STARLINK-33963,1,2,4,0.0017651144003127234,0.07788674512910379,False,208.9163353110851,3.622639308330409e-05,208.9163715374782,47935.02954524153,59.918786931551914,N/A,25.210148187489807,25.53395770508988,0.3238095176000719
238,CPU_Intensive,Completed,25.294154510749255,25.2959119200738,25.2959119200738,26.025800847982573,0.7298889279087746,0.7316463372333186,0.7316463372333182,0.0,STARLINK-33963,1,2,4,0.0017574093245440539,0.05455173736142159,False,7162.446994983895,2.5372901098335624e-05,7162.447020356796,40772.582550257604,50.965728187822,N/A,25.294154510749255,26.139804487413045,0.8456499766637897
290,CPU_and_Data_Intensive,Completed,30.657547689760214,30.659939041067744,30.659939041067744,30.891870190954076,0.23193114988633212,0.23432250119386283,0.2343225011938621,0.0,STARLINK-33963,1,2,5,0.0023913513075307005,1.9744603198837425,False,2272.0308516517916,0.0009183536371552291,2272.031770005429,38500.55078025216,48.1256884753152,N/A,30.657547689760214,31.08553818836869,0.4279904986084766
306,CPU_Intensive,Completed,32.57257454967993,32.57432809191716,32.57432809191716,32.7156535624448,0.1413254705276401,0.1430790127648702,0.143079012764872,0.0,STARLINK-33963,1,2,4,0.0017535422372300853,0.04284017017908538,False,1377.3252771706789,1.9925660548411806e-05,1377.3252970963395,37123.22550308087,46.40403187885108,N/A,32.57257454967993,33.00300545691384,0.4304309072339123
311,Generic_Service,Completed,33.220138515754016,33.22188884111268,33.22188884111268,33.25077851370308,0.028889672590402427,0.030639997949069755,0.030639997949066355,0.0,STARLINK-33963,1,2,4,0.00175032535866733,0.03309777587910732,False,274.380090380181,1.5394314362375495e-05,274.38010577449535,36848.84541270067,46.06105676587583,N/A,33.220138515754016,33.50782509782599,0.28768658207197717
315,CPU_and_Data_Intensive,Completed,33.628277946414215,33.630288881202745,33.630288881202745,34.33790732792279,0.7076184467200477,0.7096293815085761,0.7096293815085772,0.0,STARLINK-33963,1,2,5,0.002010934788528449,0.8223597186193002,False,6955.726836710093,0.0003824928923810699,6955.727219202986,29893.118193497678,37.3663977418721,N/A,33.628277946414215,34.61194336204684,0.9836654156326219
321,CPU_and_Data_Intensive,Completed,34.33625027070979,34.42662068212435,34.42662068212435,36.629980240813296,2.2033595586889447,2.2937299701035068,2.293729970103506,0.0,STARLINK-33963,1,2,5,0.09037041141456215,268.4211654047162,False,20442.350439489506,0.12484705367661218,20442.475286543184,9450.642906954188,11.813303633692735,N/A,34.33625027070979,36.73862872931692,2.4023784586071315
516,CPU_Intensive,Completed,53.00027157229198,53.00202137128508,53.00202137128508,53.57795705688331,0.5759356855982247,0.577685484591331,0.5776854845913277,0.0,STARLINK-33963,1,2,4,0.001749798993106225,0.0315036650843803,False,5655.0946989120375,1.4652867481107117e-05,5655.094713564905,3795.5482079492676,4.744435259936584,N/A,53.00027157229198,53.81493774070801,0.8146661684160321
597,Generic_Service,Completed,60.259670066134824,60.26143614275973,60.26143614275973,60.448927714220204,0.1874915714604768,0.189257648085379,0.18925764808538048,0.0,STARLINK-33963,1,2,4,0.0017660766249022175,0.08080086550172931,False,1820.1876649237365,3.758179790778108e-05,1820.1877025055344,1975.3605430255188,2.4692006787818985,N/A,60.259670066134824,60.56506833505753,0.3053982689227084
667,Generic_Service,Completed,67.35417625264182,67.35593476210835,67.35593476210835,67.53831505826776,0.18238029615940832,0.184138805625935,0.18413880562593476,0.0,STARLINK-33963,1,2,4,0.0017585094665266616,0.05788354388486822,False,1776.670474773049,2.6922578551101498e-05,1776.6705016956275,198.69006825243673,0.24836258531554592,N/A,67.35417625264182,67.69296063917245,0.3387843865306337
1088,CPU_Intensive,Completed,110.39469069199113,110.39645464790156,110.39645464790156,110.41665022150508,0.02019557360351598,0.021959529513946648,0.02195952951394986,0.0,STARLINK-33963,1,2,4,0.0017639559104306668,0.0743782305851592,False,176.70948702136246,3.4594525853562417e-05,176.70952161588832,21.980581231054856,0.02747572653881857,N/A,110.39469069199113,110.55980133528686,0.16511064329573344
588,CPU_Intensive,Rejected,59.285975886639314,N/A,N/A,N/A,1.5120652957810647,0.0,0.0,0.0,STARLINK-33963,0,N/A,N/A,0.0,0.03087965214652673,False,0.0,0.0,0.0,21.980581231023894,0.02747572653877987,Insufficient Energy for CPU,N/A,N/A,N/A
589,CPU_Intensive,Rejected,59.30930345012701,N/A,N/A,N/A,1.3579122597419064,0.0,0.0,0.0,STARLINK-33963,0,N/A,N/A,0.0,0.05860212593484192,False,0.0,0.0,0.0,21.980581231023894,0.02747572653877987,Insufficient Energy for CPU,N/A,N/A,N/A
595,CPU_Intensive,Rejected,60.02933303856757,N/A,N/A,N/A,0.5538735207504716,0.0,0.0,0.0,STARLINK-33963,0,N/A,N/A,0.0,0.06212102254232038,False,0.0,0.0,0.0,21.980581231023894,0.02747572653877987,Insufficient Energy for CPU,N/A,N/A,N/A
610,CPU_and_Data_Intensive,Rejected,61.726794389864615,N/A,N/A,N/A,0.4842691824330414,0.0,0.0,0.0,STARLINK-33963,0,N/A,N/A,0.0,260.3524785284906,False,0.0,0.0,0.0,21.980581231023894,0.02747572653877987,Insufficient Energy for CPU+NET,N/A,N/A,N/A
624,CPU_and_Data_Intensive,Rejected,62.99253070357961,N/A,N/A,N/A,0.5087815771345527,0.0,0.0,0.0,STARLINK-33963,0,N/A,N/A,0.0,247.6514693676946,False,0.0,0.0,0.0,21.980581231023894,0.02747572653877987,Insufficient Energy for CPU+NET,N/A,N/A,N/A
627,CPU_and_Data_Intensive,Rejected,63.33219370218716,N/A,N/A,N/A,0.459581620046045,0.0,0.0,0.0,STARLINK-33963,0,N/A,N/A,0.0,247.50361686115008,False,0.0,0.0,0.0,21.980581231023894,0.02747572653877987,Insufficient Energy for CPU+NET,N/A,N/A,N/A
646,CPU_and_Data_Intensive,Rejected,64.48900515656658,N/A,N/A,N/A,0.4204168154553077,0.0,0.0,0.0,STARLINK-33963,0,N/A,N/A,0.0,144.10736543532684,False,0.0,0.0,0.0,21.980581231023894,0.02747572653877987,Insufficient Energy for CPU+NET,N/A,N/A,N/A
655,CPU_Intensive,Rejected,65.61045999457227,N/A,N/A,N/A,0.3436069313786519,0.0,0.0,0.0,STARLINK-33963,0,N/A,N/A,0.0,0.03196967772697154,False,0.0,0.0,0.0,21.980581231023894,0.02747572653877987,Insufficient Energy for CPU,N/A,N/A,N/A
656,CPU_and_Data_Intensive,Rejected,65.63527694824877,N/A,N/A,N/A,0.9303748778365534,0.0,0.0,0.0,STARLINK-33963,0,N/A,N/A,0.0,0.47347212141759654,False,0.0,0.0,0.0,21.980581231023894,0.02747572653877987,Insufficient Energy for CPU+NET,N/A,N/A,N/A
658,CPU_Intensive,Rejected,65.66939598090056,N/A,N/A,N/A,0.6634019631928385,0.0,0.0,0.0,STARLINK-33963,0,N/A,N/A,0.0,0.05491355088837497,False,0.0,0.0,0.0,21.980581231023894,0.02747572653877987,Insufficient Energy for CPU,N/A,N/A,N/A
660,CPU_Intensive,Rejected,66.11044339208624,N/A,N/A,N/A,0.4923682973881634,0.0,0.0,0.0,STARLINK-33963,0,N/A,N/A,0.0,0.010649740442545606,False,0.0,0.0,0.0,21.980581231023894,0.02747572653877987,Insufficient Energy for CPU,N/A,N/A,N/A
662,CPU_and_Data_Intensive,Rejected,66.30239033213215,N/A,N/A,N/A,0.23185844401329342,0.0,0.0,0.0,STARLINK-33963,0,N/A,N/A,0.0,0.8745999790136294,False,0.0,0.0,0.0,21.980581231023894,0.02747572653877987,Insufficient Energy for CPU+NET,N/A,N/A,N/A
664,CPU_Intensive,Rejected,66.66997606968637,N/A,N/A,N/A,0.2744531981503354,0.0,0.0,0.0,STARLINK-33963,0,N/A,N/A,0.0,0.08246930213962576,False,0.0,0.0,0.0,21.980581231023894,0.02747572653877987,Insufficient Energy for CPU,N/A,N/A,N/A
666,CPU_and_Data_Intensive,Rejected,67.07199608432072,N/A,N/A,N/A,0.8022735073361422,0.0,0.0,0.0,STARLINK-33963,0,N/A,N/A,0.0,210.18271057741308,False,0.0,0.0,0.0,21.980581231023894,0.02747572653877987,Insufficient Energy for CPU+NET,N/A,N/A,N/A
874,CPU_and_Data_Intensive,Rejected,88.67030268128346,N/A,N/A,N/A,0.2915127260850499,0.0,0.0,0.0,STARLINK-33963,0,N/A,N/A,0.0,151.71256325889155,False,0.0,0.0,0.0,21.980581231023894,0.02747572653877987,Insufficient Energy for CPU+NET,N/A,N/A,N/A
951,CPU_and_Data_Intensive,Rejected,96.4729324450981,N/A,N/A,N/A,0.13661030076098002,0.0,0.0,0.0,STARLINK-33963,0,N/A,N/A,0.0,0.18269345537623102,False,0.0,0.0,0.0,21.980581231023894,0.02747572653877987,Insufficient Energy for CPU+NET,N/A,N/A,N/A
953,CPU_and_Data_Intensive,Rejected,96.61347673898977,N/A,N/A,N/A,0.2765319322353675,0.0,0.0,0.0,STARLINK-33963,0,N/A,N/A,0.0,1.6642589916323458,False,0.0,0.0,0.0,21.980581231023894,0.02747572653877987,Insufficient Energy for CPU+NET,N/A,N/A,N/A
956,CPU_and_Data_Intensive,Rejected,97.24554788158474,N/A,N/A,N/A,0.3479724604288281,0.0,0.0,0.0,STARLINK-33963,0,N/A,N/A,0.0,1.765650605178403,False,0.0,0.0,0.0,21.980581231023894,0.02747572653877987,Insufficient Energy for CPU+NET,N/A,N/A,N/A
957,CPU_Intensive,Rejected,97.59680109974607,N/A,N/A,N/A,0.11759248944666331,0.0,0.0,0.0,STARLINK-33963,0,N/A,N/A,0.0,0.012559753244998553,False,0.0,0.0,0.0,21.980581231023894,0.02747572653877987,Insufficient Energy for CPU,N/A,N/A,N/A
960,CPU_Intensive,Rejected,98.04788253754802,N/A,N/A,N/A,0.09504647533394477,0.0,0.0,0.0,STARLINK-33963,0,N/A,N/A,0.0,0.07673716392215697,False,0.0,0.0,0.0,21.980581231023894,0.02747572653877987,Insufficient Energy for CPU,N/A,N/A,N/A
961,CPU_and_Data_Intensive,Rejected,98.17783378405578,N/A,N/A,N/A,0.2944879705310916,0.0,0.0,0.0,STARLINK-33963,0,N/A,N/A,0.0,2.196181536579876,False,0.0,0.0,0.0,21.980581231023894,0.02747572653877987,Insufficient Energy for CPU+NET,N/A,N/A,N/A
963,Generic_Service,Rejected,98.3200917474836,N/A,N/A,N/A,0.028921525143495892,0.0,0.0,0.0,STARLINK-33963,0,N/A,N/A,0.0,0.03149423396059884,False,0.0,0.0,0.0,21.980581231023894,0.02747572653877987,Insufficient Energy for CPU,N/A,N/A,N/A
964,Generic_Service,Rejected,98.55943518020132,N/A,N/A,N/A,0.030315285960682795,0.0,0.0,0.0,STARLINK-33963,0,N/A,N/A,0.0,0.08400402493256438,False,0.0,0.0,0.0,21.980581231023894,0.02747572653877987,Insufficient Energy for CPU,N/A,N/A,N/A
966,CPU_Intensive,Rejected,98.59254917400227,N/A,N/A,N/A,0.32639745342186194,0.0,0.0,0.0,STARLINK-33963,0,N/A,N/A,0.0,0.07922845283369177,False,0.0,0.0,0.0,21.980581231023894,0.02747572653877987,Insufficient Energy for CPU,N/A,N/A,N/A
967,CPU_and_Data_Intensive,Rejected,98.72018803344001,N/A,N/A,N/A,0.3656636640001039,0.0,0.0,0.0,STARLINK-33963,0,N/A,N/A,0.0,1.670633124379741,False,0.0,0.0,0.0,21.980581231023894,0.02747572653877987,Insufficient Energy for CPU+NET,N/A,N/A,N/A
968,CPU_Intensive,Rejected,98.73358445374606,N/A,N/A,N/A,0.02646953643436421,0.0,0.0,0.0,STARLINK-33963,0,N/A,N/A,0.0,0.06837787984859815,False,0.0,0.0,0.0,21.980581231023894,0.02747572653877987,Insufficient Energy for CPU,N/A,N/A,N/A
969,CPU_Intensive,Rejected,98.82189161140987,N/A,N/A,N/A,0.14912877549664066,0.0,0.0,0.0,STARLINK-33963,0,N/A,N/A,0.0,0.027649012054957053,False,0.0,0.0,0.0,21.980581231023894,0.02747572653877987,Insufficient Energy for CPU,N/A,N/A,N/A
972,CPU_Intensive,Rejected,99.3273955749985,N/A,N/A,N/A,0.2600104484394503,0.0,0.0,0.0,STARLINK-33963,0,N/A,N/A,0.0,0.0652528788648312,False,0.0,0.0,0.0,21.980581231023894,0.02747572653877987,Insufficient Energy for CPU,N/A,N/A,N/A
973,Generic_Service,Rejected,99.4187774131288,N/A,N/A,N/A,0.05370844116183168,0.0,0.0,0.0,STARLINK-33963,0,N/A,N/A,0.0,0.06085681649661564,False,0.0,0.0,0.0,21.980581231023894,0.02747572653877987,Insufficient Energy for CPU,N/A,N/A,N/A
974,CPU_and_Data_Intensive,Rejected,99.64841609236503,N/A,N/A,N/A,0.16610950217106638,0.0,0.0,0.0,STARLINK-33963,0,N/A,N/A,0.0,1.299318667110605,False,0.0,0.0,0.0,21.980581231023894,0.02747572653877987,Insufficient Energy for CPU+NET,N/A,N/A,N/A
975,CPU_and_Data_Intensive,Rejected,99.78093415336326,N/A,N/A,N/A,0.19540178495355595,0.0,0.0,0.0,STARLINK-33963,0,N/A,N/A,0.0,1.430894280160431,False,0.0,0.0,0.0,21.980581231023894,0.02747572653877987,Insufficient Energy for CPU+NET,N/A,N/A,N/A
976,CPU_and_Data_Intensive,Rejected,99.88662847105897,N/A,N/A,N/A,0.2767169736566483,0.0,0.0,0.0,STARLINK-33963,0,N/A,N/A,0.0,19.106434318002023,False,0.0,0.0,0.0,21.980581231023894,0.02747572653877987,Insufficient Energy for CPU+NET,N/A,N/A,N/A
977,Generic_Service,Rejected,99.8937070886523,N/A,N/A,N/A,0.05460862965782194,0.0,0.0,0.0,STARLINK-33963,0,N/A,N/A,0.0,0.03212215288758262,False,0.0,0.0,0.0,21.980581231023894,0.02747572653877987,Insufficient Energy for CPU,N/A,N/A,N/A
978,Generic_Service,Rejected,99.92321470064135,N/A,N/A,N/A,0.12416610586257462,0.0,0.0,0.0,STARLINK-33963,0,N/A,N/A,0.0,0.016583945096617644,False,0.0,0.0,0.0,21.980581231023894,0.02747572653877987,Insufficient Energy for CPU,N/A,N/A,N/A
980,CPU_Intensive,Rejected,100.13187083643459,N/A,N/A,N/A,0.3342197532710172,0.0,0.0,0.0,STARLINK-33963,0,N/A,N/A,0.0,0.08021850733884746,False,0.0,0.0,0.0,21.980581231023894,0.02747572653877987,Insufficient Energy for CPU,N/A,N/A,N/A
981,CPU_Intensive,Rejected,100.22575201109144,N/A,N/A,N/A,0.21370625607087357,0.0,0.0,0.0,STARLINK-33963,0,N/A,N/A,0.0,0.0758784356873191,False,0.0,0.0,0.0,21.980581231023894,0.02747572653877987,Insufficient Energy for CPU,N/A,N/A,N/A
982,CPU_Intensive,Rejected,100.25285850123275,N/A,N/A,N/A,0.3785739219370463,0.0,0.0,0.0,STARLINK-33963,0,N/A,N/A,0.0,0.029290278087038497,False,0.0,0.0,0.0,21.980581231023894,0.02747572653877987,Insufficient Energy for CPU,N/A,N/A,N/A
983,CPU_and_Data_Intensive,Rejected,100.4235701698707,N/A,N/A,N/A,0.20064032419499758,0.0,0.0,0.0,STARLINK-33963,0,N/A,N/A,0.0,1.0759741020156057,False,0.0,0.0,0.0,21.980581231023894,0.02747572653877987,Insufficient Energy for CPU+NET,N/A,N/A,N/A
988,CPU_Intensive,Rejected,100.7084381645454,N/A,N/A,N/A,0.17576330503586068,0.0,0.0,0.0,STARLINK-33963,0,N/A,N/A,0.0,0.05685516119677083,False,0.0,0.0,0.0,21.980581231023894,0.02747572653877987,Insufficient Energy for CPU,N/A,N/A,N/A
989,CPU_Intensive,Rejected,100.74774175021638,N/A,N/A,N/A,0.16323394765757715,0.0,0.0,0.0,STARLINK-33963,0,N/A,N/A,0.0,0.08135440732616242,False,0.0,0.0,0.0,21.980581231023894,0.02747572653877987,Insufficient Energy for CPU,N/A,N/A,N/A
990,Generic_Service,Rejected,100.92240385958559,N/A,N/A,N/A,0.09667381613667925,0.0,0.0,0.0,STARLINK-33963,0,N/A,N/A,0.0,0.042357258466274854,False,0.0,0.0,0.0,21.980581231023894,0.02747572653877987,Insufficient Energy for CPU,N/A,N/A,N/A
992,Generic_Service,Rejected,101.18156477625273,N/A,N/A,N/A,0.04762815918217525,0.0,0.0,0.0,STARLINK-33963,0,N/A,N/A,0.0,0.05366987802281203,False,0.0,0.0,0.0,21.980581231023894,0.02747572653877987,Insufficient Energy for CPU,N/A,N/A,N/A
998,Generic_Service,Rejected,101.58154603215212,N/A,N/A,N/A,0.06561705078800366,0.0,0.0,0.0,STARLINK-33963,0,N/A,N/A,0.0,0.06393015590126574,False,0.0,0.0,0.0,21.980581231023894,0.02747572653877987,Insufficient Energy for CPU,N/A,N/A,N/A
1000,CPU_Intensive,Rejected,101.69220475896769,N/A,N/A,N/A,0.11003969153097203,0.0,0.0,0.0,STARLINK-33963,0,N/A,N/A,0.0,0.011464723918114306,False,0.0,0.0,0.0,21.980581231023894,0.02747572653877987,Insufficient Energy for CPU,N/A,N/A,N/A
1001,Generic_Service,Rejected,101.74527678109878,N/A,N/A,N/A,0.11417861687521128,0.0,0.0,0.0,STARLINK-33963,0,N/A,N/A,0.0,0.06370469166702569,False,0.0,0.0,0.0,21.980581231023894,0.02747572653877987,Insufficient Energy for CPU,N/A,N/A,N/A
1003,CPU_and_Data_Intensive,Rejected,101.75940920827173,N/A,N/A,N/A,0.315258017630612,0.0,0.0,0.0,STARLINK-33963,0,N/A,N/A,0.0,192.36456357288228,False,0.0,0.0,0.0,21.980581231023894,0.02747572653877987,Insufficient Energy for CPU+NET,N/A,N/A,N/A
1007,CPU_Intensive,Rejected,102.12099462078596,N/A,N/A,N/A,0.17257561800153928,0.0,0.0,0.0,STARLINK-33963,0,N/A,N/A,0.0,0.06675766969771815,False,0.0,0.0,0.0,21.980581231023894,0.02747572653877987,Insufficient Energy for CPU,N/A,N/A,N/A
1012,CPU_and_Data_Intensive,Rejected,102.50098326043464,N/A,N/A,N/A,0.1147719528316284,0.0,0.0,0.0,STARLINK-33963,0,N/A,N/A,0.0,1.7880989931099003,False,0.0,0.0,0.0,21.980581231023894,0.02747572653877987,Insufficient Energy for CPU+NET,N/A,N/A,N/A
1015,Generic_Service,Rejected,102.60428262003684,N/A,N/A,N/A,0.05394947705946395,0.0,0.0,0.0,STARLINK-33963,0,N/A,N/A,0.0,0.025546378450948592,False,0.0,0.0,0.0,21.980581231023894,0.02747572653877987,Insufficient Energy for CPU,N/A,N/A,N/A
1016,CPU_Intensive,Rejected,102.62022970351387,N/A,N/A,N/A,0.20358079690400552,0.0,0.0,0.0,STARLINK-33963,0,N/A,N/A,0.0,0.028176711206595616,False,0.0,0.0,0.0,21.980581231023894,0.02747572653877987,Insufficient Energy for CPU,N/A,N/A,N/A
1018,CPU_and_Data_Intensive,Rejected,102.89693335368099,N/A,N/A,N/A,0.23817553456678292,0.0,0.0,0.0,STARLINK-33963,0,N/A,N/A,0.0,7.121794307139169,False,0.0,0.0,0.0,21.980581231023894,0.02747572653877987,Insufficient Energy for CPU+NET,N/A,N/A,N/A
1019,CPU_and_Data_Intensive,Rejected,102.96578267181974,N/A,N/A,N/A,0.06879131076826896,0.0,0.0,0.0,STARLINK-33963,0,N/A,N/A,0.0,1.922267318281377,False,0.0,0.0,0.0,21.980581231023894,0.02747572653877987,Insufficient Energy for CPU+NET,N/A,N/A,N/A
1020,Generic_Service,Rejected,103.04321642652414,N/A,N/A,N/A,0.12481383113910777,0.0,0.0,0.0,STARLINK-33963,0,N/A,N/A,0.0,0.042625173384993394,False,0.0,0.0,0.0,21.980581231023894,0.02747572653877987,Insufficient Energy for CPU,N/A,N/A,N/A
1021,CPU_and_Data_Intensive,Rejected,103.3667418750935,N/A,N/A,N/A,0.1968138220645198,0.0,0.0,0.0,STARLINK-33963,0,N/A,N/A,0.0,1.8430653758376931,False,0.0,0.0,0.0,21.980581231023894,0.02747572653877987,Insufficient Energy for CPU+NET,N/A,N/A,N/A
1025,CPU_and_Data_Intensive,Rejected,104.0071256491607,N/A,N/A,N/A,0.15369155683789706,0.0,0.0,0.0,STARLINK-33963,0,N/A,N/A,0.0,3.653940139989487,False,0.0,0.0,0.0,21.980581231023894,0.02747572653877987,Insufficient Energy for CPU+NET,N/A,N/A,N/A
1026,CPU_Intensive,Rejected,104.1603886521384,N/A,N/A,N/A,0.207081789618777,0.0,0.0,0.0,STARLINK-33963,0,N/A,N/A,0.0,0.024005436366007278,False,0.0,0.0,0.0,21.980581231023894,0.02747572653877987,Insufficient Energy for CPU,N/A,N/A,N/A
1028,Generic_Service,Rejected,104.29848606827407,N/A,N/A,N/A,0.07149159539816896,0.0,0.0,0.0,STARLINK-33963,0,N/A,N/A,0.0,0.02929639528421972,False,0.0,0.0,0.0,21.980581231023894,0.02747572653877987,Insufficient Energy for CPU,N/A,N/A,N/A
1029,CPU_and_Data_Intensive,Rejected,104.32257333753657,N/A,N/A,N/A,0.14697972004958323,0.0,0.0,0.0,STARLINK-33963,0,N/A,N/A,0.0,0.4579626672099764,False,0.0,0.0,0.0,21.980581231023894,0.02747572653877987,Insufficient Energy for CPU+NET,N/A,N/A,N/A
1032,CPU_Intensive,Rejected,104.6945679452704,N/A,N/A,N/A,0.30301391048065196,0.0,0.0,0.0,STARLINK-33963,0,N/A,N/A,0.0,0.04453113813876526,False,0.0,0.0,0.0,21.980581231023894,0.02747572653877987,Insufficient Energy for CPU,N/A,N/A,N/A
1033,Generic_Service,Rejected,104.76407394945632,N/A,N/A,N/A,0.11121305227217781,0.0,0.0,0.0,STARLINK-33963,0,N/A,N/A,0.0,0.06267981454081906,False,0.0,0.0,0.0,21.980581231023894,0.02747572653877987,Insufficient Energy for CPU,N/A,N/A,N/A
1035,CPU_and_Data_Intensive,Rejected,105.10921410586629,N/A,N/A,N/A,0.1030734350712052,0.0,0.0,0.0,STARLINK-33963,0,N/A,N/A,0.0,15.703862179168535,False,0.0,0.0,0.0,21.980581231023894,0.02747572653877987,Insufficient Energy for CPU+NET,N/A,N/A,N/A
1037,CPU_Intensive,Rejected,105.26756929062941,N/A,N/A,N/A,0.32013234910417243,0.0,0.0,0.0,STARLINK-33963,0,N/A,N/A,0.0,0.06903646786315401,False,0.0,0.0,0.0,21.980581231023894,0.02747572653877987,Insufficient Energy for CPU,N/A,N/A,N/A
1039,Generic_Service,Rejected,105.46878306946711,N/A,N/A,N/A,0.14305072782721703,0.0,0.0,0.0,STARLINK-33963,0,N/A,N/A,0.0,0.04891705306231738,False,0.0,0.0,0.0,21.980581231023894,0.02747572653877987,Insufficient Energy for CPU,N/A,N/A,N/A
1045,CPU_and_Data_Intensive,Rejected,105.8290127954877,N/A,N/A,N/A,0.13483813977795,0.0,0.0,0.0,STARLINK-33963,0,N/A,N/A,0.0,1.1865920977164812,False,0.0,0.0,0.0,21.980581231023894,0.02747572653877987,Insufficient Energy for CPU+NET,N/A,N/A,N/A
1046,Generic_Service,Rejected,106.06763386505497,N/A,N/A,N/A,0.05057281070472447,0.0,0.0,0.0,STARLINK-33963,0,N/A,N/A,0.0,0.08052528466743057,False,0.0,0.0,0.0,21.980581231023894,0.02747572653877987,Insufficient Energy for CPU,N/A,N/A,N/A
1047,CPU_Intensive,Rejected,106.08923215236942,N/A,N/A,N/A,0.12975389829986578,0.0,0.0,0.0,STARLINK-33963,0,N/A,N/A,0.0,0.08347021224892773,False,0.0,0.0,0.0,21.980581231023894,0.02747572653877987,Insufficient Energy for CPU,N/A,N/A,N/A
1048,Generic_Service,Rejected,106.19896948702642,N/A,N/A,N/A,0.028924686121836348,0.0,0.0,0.0,STARLINK-33963,0,N/A,N/A,0.0,0.05638877834561449,False,0.0,0.0,0.0,21.980581231023894,0.02747572653877987,Insufficient Energy for CPU,N/A,N/A,N/A
1049,Generic_Service,Rejected,106.75897921059713,N/A,N/A,N/A,0.05333349773093839,0.0,0.0,0.0,STARLINK-33963,0,N/A,N/A,0.0,0.01594816881226779,False,0.0,0.0,0.0,21.980581231023894,0.02747572653877987,Insufficient Energy for CPU,N/A,N/A,N/A
1052,CPU_Intensive,Rejected,106.92801146134026,N/A,N/A,N/A,0.3653293402960329,0.0,0.0,0.0,STARLINK-33963,0,N/A,N/A,0.0,0.022410610979782655,False,0.0,0.0,0.0,21.980581231023894,0.02747572653877987,Insufficient Energy for CPU,N/A,N/A,N/A
1053,CPU_and_Data_Intensive,Rejected,107.01978104147301,N/A,N/A,N/A,0.3441875486460408,0.0,0.0,0.0,STARLINK-33963,0,N/A,N/A,0.0,4.176186886948315,False,0.0,0.0,0.0,21.980581231023894,0.02747572653877987,Insufficient Energy for CPU+NET,N/A,N/A,N/A
1055,CPU_Intensive,Rejected,107.29071235520875,N/A,N/A,N/A,0.4014336793310607,0.0,0.0,0.0,STARLINK-33963,0,N/A,N/A,0.0,0.08668959287456811,False,0.0,0.0,0.0,21.980581231023894,0.02747572653877987,Insufficient Energy for CPU,N/A,N/A,N/A
1057,Generic_Service,Rejected,107.44354299284846,N/A,N/A,N/A,0.03443210108431554,0.0,0.0,0.0,STARLINK-33963,0,N/A,N/A,0.0,0.06593381871913352,False,0.0,0.0,0.0,21.980581231023894,0.02747572653877987,Insufficient Energy for CPU,N/A,N/A,N/A
1058,CPU_and_Data_Intensive,Rejected,107.49633663360545,N/A,N/A,N/A,0.3403151322201873,0.0,0.0,0.0,STARLINK-33963,0,N/A,N/A,0.0,20.412363647264755,False,0.0,0.0,0.0,21.980581231023894,0.02747572653877987,Insufficient Energy for CPU+NET,N/A,N/A,N/A
1061,CPU_Intensive,Rejected,107.71363322623388,N/A,N/A,N/A,0.20551118785099995,0.0,0.0,0.0,STARLINK-33963,0,N/A,N/A,0.0,0.03799497135410947,False,0.0,0.0,0.0,21.980581231023894,0.02747572653877987,Insufficient Energy for CPU,N/A,N/A,N/A
1063,CPU_and_Data_Intensive,Rejected,107.74367886797845,N/A,N/A,N/A,0.2277050118461301,0.0,0.0,0.0,STARLINK-33963,0,N/A,N/A,0.0,1.5742301563063352,False,0.0,0.0,0.0,21.980581231023894,0.02747572653877987,Insufficient Energy for CPU+NET,N/A,N/A,N/A
1064,CPU_and_Data_Intensive,Rejected,107.83006699158751,N/A,N/A,N/A,0.16653409021586094,0.0,0.0,0.0,STARLINK-33963,0,N/A,N/A,0.0,0.98346496319102,False,0.0,0.0,0.0,21.980581231023894,0.02747572653877987,Insufficient Energy for CPU+NET,N/A,N/A,N/A
1065,Generic_Service,Rejected,107.86492472704698,N/A,N/A,N/A,0.02401360103322902,0.0,0.0,0.0,STARLINK-33963,0,N/A,N/A,0.0,0.06622984827023368,False,0.0,0.0,0.0,21.980581231023894,0.02747572653877987,Insufficient Energy for CPU,N/A,N/A,N/A
1067,CPU_and_Data_Intensive,Rejected,108.01959172577476,N/A,N/A,N/A,0.39918136305167506,0.0,0.0,0.0,STARLINK-33963,0,N/A,N/A,0.0,18.10029907698901,False,0.0,0.0,0.0,21.980581231023894,0.02747572653877987,Insufficient Energy for CPU+NET,N/A,N/A,N/A
1068,CPU_and_Data_Intensive,Rejected,108.24885871986208,N/A,N/A,N/A,0.2714879807228567,0.0,0.0,0.0,STARLINK-33963,0,N/A,N/A,0.0,12.60610884067383,False,0.0,0.0,0.0,21.980581231023894,0.02747572653877987,Insufficient Energy for CPU+NET,N/A,N/A,N/A
1070,CPU_and_Data_Intensive,Rejected,108.42441267243206,N/A,N/A,N/A,0.07973948312883969,0.0,0.0,0.0,STARLINK-33963,0,N/A,N/A,0.0,0.9034636196356545,False,0.0,0.0,0.0,21.980581231023894,0.02747572653877987,Insufficient Energy for CPU+NET,N/A,N/A,N/A
1072,Generic_Service,Rejected,108.65199591678929,N/A,N/A,N/A,0.06702680111276232,0.0,0.0,0.0,STARLINK-33963,0,N/A,N/A,0.0,0.024643769499143257,False,0.0,0.0,0.0,21.980581231023894,0.02747572653877987,Insufficient Energy for CPU,N/A,N/A,N/A
1073,CPU_and_Data_Intensive,Rejected,108.71659201697668,N/A,N/A,N/A,0.06170007028058053,0.0,0.0,0.0,STARLINK-33963,0,N/A,N/A,0.0,8.42890552703971,False,0.0,0.0,0.0,21.980581231023894,0.02747572653877987,Insufficient Energy for CPU+NET,N/A,N/A,N/A
1074,CPU_and_Data_Intensive,Rejected,108.82377502434456,N/A,N/A,N/A,0.3417619978784746,0.0,0.0,0.0,STARLINK-33963,0,N/A,N/A,0.0,19.835399573824027,False,0.0,0.0,0.0,21.980581231023894,0.02747572653877987,Insufficient Energy for CPU+NET,N/A,N/A,N/A
1075,Generic_Service,Rejected,108.8559492103814,N/A,N/A,N/A,0.06731498870260481,0.0,0.0,0.0,STARLINK-33963,0,N/A,N/A,0.0,0.03132635529643487,False,0.0,0.0,0.0,21.980581231023894,0.02747572653877987,Insufficient Energy for CPU,N/A,N/A,N/A
1080,CPU_Intensive,Rejected,109.1443804566886,N/A,N/A,N/A,0.3456283938061979,0.0,0.0,0.0,STARLINK-33963,0,N/A,N/A,0.0,0.03665538984233296,False,0.0,0.0,0.0,21.980581231023894,0.02747572653877987,Insufficient Energy for CPU,N/A,N/A,N/A
1081,CPU_Intensive,Rejected,109.53407890739986,N/A,N/A,N/A,0.40638263473165226,0.0,0.0,0.0,STARLINK-33963,0,N/A,N/A,0.0,0.05612977912695111,False,0.0,0.0,0.0,21.980581231023894,0.02747572653877987,Insufficient Energy for CPU,N/A,N/A,N/A
1082,CPU_Intensive,Rejected,109.5552734323221,N/A,N/A,N/A,0.38622434946966633,0.0,0.0,0.0,STARLINK-33963,0,N/A,N/A,0.0,0.06023170705354798,False,0.0,0.0,0.0,21.980581231023894,0.02747572653877987,Insufficient Energy for CPU,N/A,N/A,N/A
1083,CPU_Intensive,Rejected,109.68960354351046,N/A,N/A,N/A,0.25845412439539084,0.0,0.0,0.0,STARLINK-33963,0,N/A,N/A,0.0,0.08363012746933393,False,0.0,0.0,0.0,21.980581231023894,0.02747572653877987,Insufficient Energy for CPU,N/A,N/A,N/A
1084,Generic_Service,Rejected,109.7058242571913,N/A,N/A,N/A,0.0794159794276718,0.0,0.0,0.0,STARLINK-33963,0,N/A,N/A,0.0,0.05142913492656949,False,0.0,0.0,0.0,21.980581231023894,0.02747572653877987,Insufficient Energy for CPU,N/A,N/A,N/A
1086,Generic_Service,Rejected,110.1061154230189,N/A,N/A,N/A,0.06282157695015447,0.0,0.0,0.0,STARLINK-33963,0,N/A,N/A,0.0,0.012026363413970002,False,0.0,0.0,0.0,21.980581231023894,0.02747572653877987,Insufficient Energy for CPU,N/A,N/A,N/A
41000,Batch,Completed,0,0,0.0,0.12688347682344553,0.12688347682344553,0.12688347682344553,0.12688347682344553,0.0,STARLINK-4670,0,N/A,0,0.0,272.7994751704079,False,0.0,0.12688347682344553,0.12688347682344553,80000,100.0,N/A,N/A,N/A,N/A
42000,Batch,Completed,0,0,0.0,0.21159586039807807,0.21159586039807807,0.21159586039807807,0.21159586039807807,0.0,STARLINK-4670,0,N/A,0,0.0,454.93109985586784,False,0.0,0.21159586039807807,0.21159586039807807,79999.87311652317,99.99984139565396,N/A,N/A,N/A,N/A
24,CPU_and_Data_Intensive,Completed,3.386947241320836,3.3914670892421155,3.3914670892421155,4.285468643036998,0.8940015537948822,0.898521401716162,0.8985214017161618,0.0,STARLINK-4670,1,2,4,0.0045198479212797725,6.6049274797042035,False,8762.36871299409,0.003072059292885676,8762.371785053383,71237.28973560939,89.04661216951175,N/A,3.386947241320836,4.533580062547028,1.1466328212261918
98,CPU_Intensive,Completed,11.508855937493594,11.510583663823075,11.510583663823075,11.673214584405645,0.16263092058257023,0.1643586469120519,0.16435864691205104,0.0,STARLINK-4670,1,2,3,0.0017277263294816665,0.045320422409376386,False,1586.1354106405768,2.107926623691925e-05,1586.135431719843,69651.15432496644,87.06394290620804,N/A,11.508855937493594,11.902242912309568,0.3933869748159733
110,Generic_Service,Completed,12.681285612345034,12.683031241095977,12.683031241095977,12.734306382477348,0.051275141381371014,0.05302077013231443,0.053020770132313544,0.0,STARLINK-4670,1,2,3,0.0017456287509434157,0.08737906717188121,False,478.54899856215553,4.064142659157265e-05,478.54903920358214,69172.60532640427,86.46575665800535,N/A,12.681285612345034,13.017173300986395,0.3358876886413604
115,Generic_Service,Completed,12.992773334146321,12.994503991216002,12.994503991216002,13.028457632872819,0.03395364165681691,0.03568429872649842,0.03568429872649759,0.0,STARLINK-4670,1,2,3,0.0017306570696815054,0.05220568992581706,False,318.55447089024193,2.4281716244566075e-05,318.5544951719582,68854.050855514,86.06756356939249,N/A,12.992773334146321,13.218881736607441,0.2261084024611204
116,CPU_and_Data_Intensive,Completed,13.87690883967233,13.878920384959336,13.878920384959336,14.041595576306527,0.16267519134719066,0.16468673663419642,0.16468673663419686,0.0,STARLINK-4670,1,2,4,0.002011545287005745,0.7121040045563343,False,1596.6671004502823,0.00033121116490992294,1596.6674316614472,67257.38342385253,84.07172927981567,N/A,13.87690883967233,14.222556502827128,0.3456476631547982
126,CPU_Intensive,Completed,15.318855667270537,15.320570442931846,15.320570442931846,15.681994155315678,0.3614237123838322,0.36313848804514115,0.36313848804514137,0.0,STARLINK-4670,1,2,3,0.001714775661308968,0.01489506608110546,False,3550.2446347937616,6.927937712142074e-06,3550.2446417216993,63707.13878905847,79.63392348632308,N/A,15.318855667270537,15.935287616549676,0.6164319492791392
156,Generic_Service,Completed,18.201120876853107,18.20284363243615,18.20284363243615,18.403450321554295,0.20060668911814616,0.20232944470118694,0.20232944470118852,0.0,STARLINK-4670,1,2,3,0.001722755583040764,0.03364251284786242,False,1963.0713067010436,1.5647680394354615e-05,1963.071322348724,61744.067482357415,77.18008435294676,N/A,18.201120876853107,18.554103789710755,0.35298291285764805
159,CPU_Intensive,Completed,18.313052571439222,18.314766583242132,18.314766583242132,19.18046026557239,0.8656936823302566,0.8674076941331681,0.867407694133167,0.0,STARLINK-4670,1,2,4,0.0017140118029114995,0.013100512810385769,False,8510.312217234834,6.09326177227245e-06,8510.312223328096,53233.75526512257,66.54219408140321,N/A,18.313052571439222,19.3718673195841,1.0588147481448793
164,CPU_and_Data_Intensive,Completed,18.650556338177044,18.654242366579513,18.654242366579513,19.53366350901637,0.8794211424368577,0.8831071708393261,0.8831071708393274,0.0,STARLINK-4670,1,2,5,0.0036860284024684605,4.646012647280116,False,8627.930080287675,0.0021609361150140075,8627.93224122379,44605.823023898774,55.75727877987347,N/A,18.650556338177044,19.886001368232815,1.2354450300557716
255,CPU_and_Data_Intensive,Completed,26.87305317288426,26.874915255049302,26.874915255049302,27.073379894557597,0.19846463950829474,0.20032672167333695,0.20032672167333843,0.0,STARLINK-4670,1,2,4,0.0018620821650422162,0.36096623444013354,False,1950.2656869687462,0.00016789127183262025,1950.265854860018,42655.55716903687,53.31944646129608,N/A,26.87305317288426,27.357337197745785,0.4842840248615268
276,Generic_Service,Completed,28.677865150917334,28.679590272543994,28.679590272543994,28.768293883483036,0.08870361093904222,0.09042873256570085,0.09042873256570161,0.0,STARLINK-4670,1,2,3,0.0017251216266586185,0.039201123353628776,False,860.8569863028713,1.823308062959478e-05,860.8570045359519,41794.70018273389,52.243375228417364,N/A,28.677865150917334,28.965620480387873,0.2877553294705386
281,CPU_Intensive,Completed,29.002436671255612,29.004149482373215,29.004149482373215,30.1590087197958,1.1548592374225848,1.1565720485401871,1.1565720485401876,0.0,STARLINK-4670,1,2,3,0.0017128111176023882,0.010279710216983639,False,11355.111643231832,4.7812605660389014e-06,11355.111648013093,30439.588539502045,38.04948567437756,N/A,29.002436671255612,30.276708719459236,1.274272048203624
357,CPU_Intensive,Completed,37.891345932820236,37.893062432843536,37.893062432843536,37.982972610063555,0.0899101772200197,0.09162667724331872,0.09162667724331897,0.0,STARLINK-4670,1,2,3,0.0017165000232990163,0.018946156518025503,False,878.6918457367378,8.812165822337444e-06,878.6918545489036,29560.896693765302,36.951120867206626,N/A,37.891345932820236,38.15271323874288,0.26136730592264
364,CPU_Intensive,Completed,39.046114324918804,39.04784161227778,39.04784161227778,39.211773143434705,0.16393153115692627,0.16565881851590397,0.16565881851590092,0.0,STARLINK-4670,1,2,3,0.0017272873589777068,0.044289137087069205,False,1599.230898989787,2.0599598645148468e-05,1599.2309195893856,27961.66579477551,34.952082243469384,N/A,39.046114324918804,39.36094675496716,0.31483243004835515
366,CPU_Intensive,Completed,39.17510316532436,39.17682397578111,39.17682397578111,40.19392872346764,1.0171047476865311,1.0188255581432837,1.0188255581432841,0.0,STARLINK-4670,1,2,5,0.0017208104567525534,0.029072774851868585,False,9994.746887686026,1.3522220861334225e-05,9994.746901208247,15787.55867377115,19.734448342213938,N/A,39.17510316532436,40.368880663345855,1.1937774980214968
372,CPU_and_Data_Intensive,Completed,39.960891904390145,39.96911360098501,39.96911360098501,40.19782105401521,0.22870745303019646,0.23692914962506326,0.2369291496250625,0.0,STARLINK-4670,1,2,5,0.008221696594866792,15.301781067896627,False,2179.3602333183194,0.007117107473440291,2179.3673504257927,15787.551556663675,19.734439445829594,N/A,39.960891904390145,40.680183085062154,0.719291180672009
461,Generic_Service,Completed,47.27013928921272,47.27186058625992,47.27186058625992,47.30512355611517,0.0332629698552509,0.034984266902448755,0.03498426690244827,0.0,STARLINK-4670,1,2,3,0.001721297047197851,0.03021593499516683,False,318.2409890860465,1.4053923253565968e-05,318.2410031399698,15469.31056757151,19.33663820946439,N/A,47.27013928921272,47.54766637410269,0.277527084889968
464,CPU_Intensive,Completed,47.481861960622524,47.48358839316539,47.48358839316539,47.57030844389963,0.08672005073423605,0.08844648327710182,0.08844648327710303,0.0,STARLINK-4670,1,2,3,0.0017264325428657668,0.04228089438838345,False,840.441037876442,1.966553227366672e-05,840.4410575419743,14628.869529695055,18.28608691211882,N/A,47.481861960622524,47.75544693336837,0.27358497274584437
465,CPU_and_Data_Intensive,Completed,47.563467081994695,47.565619988167875,47.565619988167875,48.04023075544009,0.4746107672722175,0.47676367344539555,0.4767636734453973,0.0,STARLINK-4670,1,2,5,0.0021529061731780414,1.0442069721653089,False,4663.061304949751,0.0004856776614722367,4663.061790627412,9965.807739067626,12.457259673834532,N/A,47.563467081994695,48.16271635742918,0.599249275434488
513,CPU_Intensive,Completed,52.628767699058706,52.63050581555951,52.63050581555951,52.91734673181024,0.28684091625073194,0.2885790327515329,0.2885790327515352,0.0,STARLINK-4670,1,2,3,0.0017381165008009593,0.0697303339665027,False,2800.5590316045354,3.243271347279195e-05,2800.559064037249,7165.248707462705,8.95656088432838,N/A,52.628767699058706,53.10441812935091,0.47565043029220533
535,CPU_Intensive,Completed,55.06241821630658,55.06414176700134,55.06414176700134,55.45502859066517,0.3908868236638341,0.3926103743585888,0.3926103743585898,0.0,STARLINK-4670,1,2,3,0.001723550694754722,0.03551049038348908,False,3833.942499804522,1.65165071551112e-05,3833.942516321029,3331.3062076581523,4.1641327595726905,N/A,55.06241821630658,55.728544055341615,0.6661258390350326
601,CPU_Intensive,Completed,60.84949991809841,60.85121958682684,60.85121958682684,61.09847627042238,0.24725668359553765,0.24897635232397083,0.24897635232397164,0.0,STARLINK-4670,1,2,3,0.0017196687284331748,0.026390481515034696,False,2424.0148700305585,1.2274642565132416e-05,2424.014882305201,907.2913376275815,1.134114172034477,N/A,60.84949991809841,61.36905854028418,0.5195586221857695
771,CPU_and_Data_Intensive,Completed,77.1513390211249,77.15361080749085,77.15361080749085,77.2266869888803,0.07307618138945315,0.07534796775539965,0.07534796775540542,0.0,STARLINK-4670,1,2,4,0.0022717863659464936,1.323495436445375,False,712.6562952851187,0.0006155792727652907,712.6569108643915,194.63442676318064,0.24329303345397582,N/A,77.1513390211249,77.42412776623114,0.27278874510624007
1155,Generic_Service,Completed,117.52899055877866,117.53070458018686,117.53070458018686,117.54968659371312,0.01898201352625506,0.02069603493446174,0.020696034934459817,0.0,STARLINK-4670,1,2,3,0.0017140214082066812,0.013123078791124284,False,182.82299913376812,6.103757577267109e-06,182.8230052375257,11.811427628928726,0.014764284536160908,N/A,117.52899055877866,117.66315327402027,0.13416271524161516
373,CPU_and_Data_Intensive,Rejected,39.96621988353659,N/A,N/A,N/A,0.08611874872858195,0.0,0.0,0.0,STARLINK-4670,0,N/A,N/A,0.0,3.4373946958469856,False,0.0,0.0,0.0,11.811427628924259,0.014764284536155324,Deadline Exceeded,N/A,N/A,N/A
600,CPU_Intensive,Rejected,60.8369779736249,N/A,N/A,N/A,0.3876666689726338,0.0,0.0,0.0,STARLINK-4670,0,N/A,N/A,0.0,0.027586312708287528,False,0.0,0.0,0.0,11.811427628924259,0.014764284536155324,Insufficient Energy for CPU,N/A,N/A,N/A
750,CPU_Intensive,Rejected,74.84087758076913,N/A,N/A,N/A,0.15902112719284478,0.0,0.0,0.0,STARLINK-4670,0,N/A,N/A,0.0,0.04667441466932869,False,0.0,0.0,0.0,11.811427628924259,0.014764284536155324,Insufficient Energy for CPU,N/A,N/A,N/A
759,CPU_Intensive,Rejected,75.97190286829571,N/A,N/A,N/A,0.15497833942435324,0.0,0.0,0.0,STARLINK-4670,0,N/A,N/A,0.0,0.036377437230905925,False,0.0,0.0,0.0,11.811427628924259,0.014764284536155324,Insufficient Energy for CPU,N/A,N/A,N/A
765,Generic_Service,Rejected,76.50566157484701,N/A,N/A,N/A,0.10786329616447038,0.0,0.0,0.0,STARLINK-4670,0,N/A,N/A,0.0,0.07843368185604344,False,0.0,0.0,0.0,11.811427628924259,0.014764284536155324,Insufficient Energy for CPU,N/A,N/A,N/A
1112,Generic_Service,Rejected,112.79006998663814,N/A,N/A,N/A,0.020189214608570014,0.0,0.0,0.0,STARLINK-4670,0,N/A,N/A,0.0,0.021206917433546406,False,0.0,0.0,0.0,11.811427628924259,0.014764284536155324,Insufficient Energy for CPU,N/A,N/A,N/A
1120,Generic_Service,Rejected,113.31284290448922,N/A,N/A,N/A,0.031983169137305395,0.0,0.0,0.0,STARLINK-4670,0,N/A,N/A,0.0,0.08160131830494524,False,0.0,0.0,0.0,11.811427628924259,0.014764284536155324,Insufficient Energy for CPU,N/A,N/A,N/A
1123,CPU_Intensive,Rejected,113.70244226512662,N/A,N/A,N/A,0.033260524398675044,0.0,0.0,0.0,STARLINK-4670,0,N/A,N/A,0.0,0.03987598889032905,False,0.0,0.0,0.0,11.811427628924259,0.014764284536155324,Insufficient Energy for CPU,N/A,N/A,N/A
1140,Generic_Service,Rejected,115.48176175166499,N/A,N/A,N/A,0.028385263373378173,0.0,0.0,0.0,STARLINK-4670,0,N/A,N/A,0.0,0.044867284878911395,False,0.0,0.0,0.0,11.811427628924259,0.014764284536155324,Insufficient Energy for CPU,N/A,N/A,N/A
1144,Generic_Service,Rejected,116.51620250480222,N/A,N/A,N/A,0.029428784832006612,0.0,0.0,0.0,STARLINK-4670,0,N/A,N/A,0.0,0.01637271422088798,False,0.0,0.0,0.0,11.811427628924259,0.014764284536155324,Insufficient Energy for CPU,N/A,N/A,N/A
1145,CPU_and_Data_Intensive,Rejected,116.55935549316388,N/A,N/A,N/A,0.03226062140364331,0.0,0.0,0.0,STARLINK-4670,0,N/A,N/A,0.0,3.0103046367524993,False,0.0,0.0,0.0,11.811427628924259,0.014764284536155324,Insufficient Energy for CPU+NET,N/A,N/A,N/A
43000,Batch,Completed,0,0,0.0,0.005716350797948773,0.005716350797948773,0.005716350797948773,0.005716350797948773,0.0,STARLINK-3854,0,N/A,0,0.0,12.290154215589862,False,0.0,0.005716350797948773,0.005716350797948773,80000,100.0,N/A,N/A,N/A,N/A
44000,Batch,Completed,0,0,0.0,0.1146906442410281,0.1146906442410281,0.1146906442410281,0.1146906442410281,0.0,STARLINK-3854,0,N/A,0,0.0,246.5848851182104,False,0.0,0.1146906442410281,0.1146906442410281,79999.9942836492,99.9999928545615,N/A,N/A,N/A,N/A
45000,Batch,Completed,0,0,0.0,0.002639011563343703,0.002639011563343703,0.002639011563343703,0.002639011563343703,0.0,STARLINK-34965,0,N/A,0,0.0,5.673874861188962,False,0.0,0.002639011563343703,0.002639011563343703,80000,100.0,N/A,N/A,N/A,N/A
46000,Batch,Completed,0,0,0.0,0.006701378352883704,0.006701378352883704,0.006701378352883704,0.006701378352883704,0.0,STARLINK-34965,0,N/A,0,0.0,14.407963458699964,False,0.0,0.006701378352883704,0.006701378352883704,79999.99736098843,99.99999670123555,N/A,N/A,N/A,N/A
7,CPU_and_Data_Intensive,Completed,1.91055132461558,1.9183113332563093,1.9183113332563093,3.917676572848106,1.9993652395917967,2.007125248232526,2.007125248232526,0.0,STARLINK-34965,1,2,4,0.0077600086407291855,18.412428517517206,False,19579.703334684313,0.008563920240705677,19579.711898604553,60420.278761005524,75.5253484512569,N/A,1.91055132461558,4.12844973206435,2.21789840744877
174,CPU_and_Data_Intensive,Completed,18.990344024929644,18.99237259306613,18.99237259306613,19.135846000042235,0.14347340697610633,0.14550197511259025,0.145501975112591,0.0,STARLINK-34965,1,2,4,0.0020285681364839133,0.9217561362572373,False,1406.8568436614676,0.0004287237843056918,1406.857272385252,59013.421488614076,73.76677686076759,N/A,18.990344024929644,19.473870291600637,0.4835262666709923
180,CPU_and_Data_Intensive,Completed,19.592564686249734,19.594322480490973,19.594322480490973,21.124541820226867,1.5302193397358934,1.5319771339771326,1.5319771339771329,0.0,STARLINK-34965,1,2,4,0.001757794241239146,0.27358631431461283,False,15048.588179728027,0.00012724944851842456,15048.588306977475,43964.83318163627,54.95604147704534,N/A,19.592564686249734,21.304422973424753,1.7118582871750192
200,CPU_and_Data_Intensive,Completed,21.07859065767632,21.08207871786198,21.08207871786198,22.42722583509586,1.345147117233882,1.3486351774195409,1.348635177419542,0.0,STARLINK-34965,1,2,5,0.0034880601856587677,4.415441156318722,False,13209.440103671772,0.0020536935610784754,13209.442157365333,30755.391024270833,38.444238780338544,N/A,21.07859065767632,22.614951855827478,1.536361198151159
354,CPU_Intensive,Completed,37.7467137420821,37.748389444342976,37.748389444342976,38.59752597339342,0.8491365290504405,0.8508122313113197,0.8508122313113162,0.0,STARLINK-34965,1,2,3,0.0016757022608792332,0.07707717799368675,False,8328.620300122038,3.584985022962175e-05,8328.62033597189,22426.77072414722,28.033463405184023,N/A,37.7467137420821,38.75657542709807,1.00986168501597
359,CPU_Intensive,Completed,38.38587947101094,38.38753186332712,38.38753186332712,39.85577617085152,1.468244307524401,1.4698966998405831,1.4698966998405822,0.0,STARLINK-34965,1,2,4,0.0016523923161822405,0.021278583782510928,False,14434.040094779612,9.89701571279578e-06,14434.040104676627,7992.730629367579,9.990913286709475,N/A,38.38587947101094,39.9656525251539,1.5797730541429615
529,CPU_and_Data_Intensive,Completed,54.17186766485292,54.173727512427725,54.173727512427725,54.45187430175338,0.2781467893256533,0.28000663690045874,0.2800066369004597,0.0,STARLINK-34965,1,2,4,0.0018598475748054682,0.517878294479612,False,2733.2287413490326,0.00024087362533935442,2733.228982222658,5259.501647144913,6.574377058931141,N/A,54.17186766485292,54.62029333281447,0.44842566796155126
560,CPU_and_Data_Intensive,Completed,56.648386453324974,56.65007656097413,56.65007656097413,57.118958689525655,0.46888212855152744,0.4705722362006807,0.470572236200681,0.0,STARLINK-34965,1,2,4,0.0016901076491532717,0.11156033208118687,False,4610.986000858204,5.188852654938924e-05,4610.98605274673,648.5155943979869,0.8106444929974835,N/A,56.648386453324974,57.23839825750833,0.5900118041833551
821,Generic_Service,Completed,82.75650432521063,82.75815681215872,82.75815681215872,82.80605267710092,0.047895864942205435,0.049548351890298895,0.049548351890294384,0.0,STARLINK-34965,1,2,3,0.0016524869480934602,0.021505110601094852,False,464.7234448952385,1.0002377023765047e-05,464.7234548976155,183.79214950270926,0.22974018687838657,N/A,82.75650432521063,82.9348359975751,0.17833167236447878
1103,Generic_Service,Completed,112.05732268132816,112.05898221811043,112.05898221811043,112.07691750296173,0.0179352848513048,0.019594821633570358,0.019594821633575066,0.0,STARLINK-34965,1,2,3,0.0016595367822655578,0.03838077638831146,False,165.0860895187657,1.785152390154021e-05,165.0861073702896,18.706059983935347,0.023382574979919184,N/A,112.05732268132816,112.2614448384793,0.20412215715114712
524,CPU_and_Data_Intensive,Rejected,53.70481919241205,N/A,N/A,N/A,2.0916749551639517,0.0,0.0,0.0,STARLINK-34965,0,N/A,N/A,0.0,1.7052657744555126,False,0.0,0.0,0.0,18.706059983922348,0.023382574979902936,Insufficient Energy for CPU+NET,N/A,N/A,N/A
556,CPU_Intensive,Rejected,56.34411384509708,N/A,N/A,N/A,0.7433840073697775,0.0,0.0,0.0,STARLINK-34965,0,N/A,N/A,0.0,0.05380140639480431,False,0.0,0.0,0.0,18.706059983922348,0.023382574979902936,Insufficient Energy for CPU,N/A,N/A,N/A
559,CPU_Intensive,Rejected,56.64042760007798,N/A,N/A,N/A,0.6898664275562782,0.0,0.0,0.0,STARLINK-34965,0,N/A,N/A,0.0,0.030736321860960286,False,0.0,0.0,0.0,18.706059983922348,0.023382574979902936,Insufficient Energy for CPU,N/A,N/A,N/A
561,CPU_Intensive,Rejected,57.00867368782729,N/A,N/A,N/A,0.8353815170855476,0.0,0.0,0.0,STARLINK-34965,0,N/A,N/A,0.0,0.05289056502398797,False,0.0,0.0,0.0,18.706059983922348,0.023382574979902936,Insufficient Energy for CPU,N/A,N/A,N/A
723,CPU_and_Data_Intensive,Rejected,71.65082767664185,N/A,N/A,N/A,2.098905344979344,0.0,0.0,0.0,STARLINK-34965,0,N/A,N/A,0.0,0.7238501754545255,False,0.0,0.0,0.0,18.706059983922348,0.023382574979902936,Insufficient Energy for CPU+NET,N/A,N/A,N/A
748,CPU_and_Data_Intensive,Rejected,74.76005224410588,N/A,N/A,N/A,0.406630529845169,0.0,0.0,0.0,STARLINK-34965,0,N/A,N/A,0.0,0.11841926412899492,False,0.0,0.0,0.0,18.706059983922348,0.023382574979902936,Insufficient Energy for CPU+NET,N/A,N/A,N/A
749,CPU_Intensive,Rejected,74.83187953033554,N/A,N/A,N/A,0.553910960765357,0.0,0.0,0.0,STARLINK-34965,0,N/A,N/A,0.0,0.04411625929600596,False,0.0,0.0,0.0,18.706059983922348,0.023382574979902936,Insufficient Energy for CPU,N/A,N/A,N/A
751,CPU_and_Data_Intensive,Rejected,75.01481500067001,N/A,N/A,N/A,0.271784792550908,0.0,0.0,0.0,STARLINK-34965,0,N/A,N/A,0.0,12.425899708236791,False,0.0,0.0,0.0,18.706059983922348,0.023382574979902936,Insufficient Energy for CPU+NET,N/A,N/A,N/A
753,CPU_Intensive,Rejected,75.11084625853348,N/A,N/A,N/A,0.9435369432370022,0.0,0.0,0.0,STARLINK-34965,0,N/A,N/A,0.0,0.08407010404950242,False,0.0,0.0,0.0,18.706059983922348,0.023382574979902936,Insufficient Energy for CPU,N/A,N/A,N/A
754,CPU_and_Data_Intensive,Rejected,75.22703915155854,N/A,N/A,N/A,1.0196160394903484,0.0,0.0,0.0,STARLINK-34965,0,N/A,N/A,0.0,4.673535431533818,False,0.0,0.0,0.0,18.706059983922348,0.023382574979902936,Insufficient Energy for CPU+NET,N/A,N/A,N/A
755,CPU_Intensive,Rejected,75.22947678688244,N/A,N/A,N/A,1.3180629480497272,0.0,0.0,0.0,STARLINK-34965,0,N/A,N/A,0.0,0.03320108921004171,False,0.0,0.0,0.0,18.706059983922348,0.023382574979902936,Insufficient Energy for CPU,N/A,N/A,N/A
757,CPU_and_Data_Intensive,Rejected,75.78887899707236,N/A,N/A,N/A,0.9323163842269722,0.0,0.0,0.0,STARLINK-34965,0,N/A,N/A,0.0,0.03490882827182204,False,0.0,0.0,0.0,18.706059983922348,0.023382574979902936,Insufficient Energy for CPU+NET,N/A,N/A,N/A
760,CPU_Intensive,Rejected,76.14836988329701,N/A,N/A,N/A,0.3360588797587897,0.0,0.0,0.0,STARLINK-34965,0,N/A,N/A,0.0,0.06584973209041692,False,0.0,0.0,0.0,18.706059983922348,0.023382574979902936,Insufficient Energy for CPU,N/A,N/A,N/A
763,CPU_Intensive,Rejected,76.39179962361368,N/A,N/A,N/A,0.40342034774668195,0.0,0.0,0.0,STARLINK-34965,0,N/A,N/A,0.0,0.050776888969022875,False,0.0,0.0,0.0,18.706059983922348,0.023382574979902936,Insufficient Energy for CPU,N/A,N/A,N/A
764,CPU_and_Data_Intensive,Rejected,76.4209772715575,N/A,N/A,N/A,0.729466954656138,0.0,0.0,0.0,STARLINK-34965,0,N/A,N/A,0.0,0.863443942634246,False,0.0,0.0,0.0,18.706059983922348,0.023382574979902936,Insufficient Energy for CPU+NET,N/A,N/A,N/A
770,CPU_and_Data_Intensive,Rejected,77.02407684463734,N/A,N/A,N/A,0.33789012350459935,0.0,0.0,0.0,STARLINK-34965,0,N/A,N/A,0.0,5.211031069003217,False,0.0,0.0,0.0,18.706059983922348,0.023382574979902936,Insufficient Energy for CPU+NET,N/A,N/A,N/A
772,CPU_and_Data_Intensive,Rejected,77.15836814113251,N/A,N/A,N/A,0.9236676972806461,0.0,0.0,0.0,STARLINK-34965,0,N/A,N/A,0.0,10.974033908333293,False,0.0,0.0,0.0,18.706059983922348,0.023382574979902936,Insufficient Energy for CPU+NET,N/A,N/A,N/A
774,CPU_and_Data_Intensive,Rejected,77.68579473684474,N/A,N/A,N/A,0.19865369291177443,0.0,0.0,0.0,STARLINK-34965,0,N/A,N/A,0.0,5.096927551351484,False,0.0,0.0,0.0,18.706059983922348,0.023382574979902936,Insufficient Energy for CPU+NET,N/A,N/A,N/A
776,CPU_Intensive,Rejected,77.76351738342264,N/A,N/A,N/A,0.6236963169780736,0.0,0.0,0.0,STARLINK-34965,0,N/A,N/A,0.0,0.055224653235225,False,0.0,0.0,0.0,18.706059983922348,0.023382574979902936,Insufficient Energy for CPU,N/A,N/A,N/A
777,CPU_and_Data_Intensive,Rejected,78.1192820706126,N/A,N/A,N/A,0.11913908691651055,0.0,0.0,0.0,STARLINK-34965,0,N/A,N/A,0.0,1.7926167601868719,False,0.0,0.0,0.0,18.706059983922348,0.023382574979902936,Insufficient Energy for CPU+NET,N/A,N/A,N/A
779,CPU_and_Data_Intensive,Rejected,78.19871747325573,N/A,N/A,N/A,0.9383759847376598,0.0,0.0,0.0,STARLINK-34965,0,N/A,N/A,0.0,6.985772476693846,False,0.0,0.0,0.0,18.706059983922348,0.023382574979902936,Insufficient Energy for CPU+NET,N/A,N/A,N/A
780,CPU_and_Data_Intensive,Rejected,78.37424923557845,N/A,N/A,N/A,2.4189332022638017,0.0,0.0,0.0,STARLINK-34965,0,N/A,N/A,0.0,0.1261411404952528,False,0.0,0.0,0.0,18.706059983922348,0.023382574979902936,Insufficient Energy for CPU+NET,N/A,N/A,N/A
784,CPU_Intensive,Rejected,79.18815016187708,N/A,N/A,N/A,0.8893277065948142,0.0,0.0,0.0,STARLINK-34965,0,N/A,N/A,0.0,0.025902692075202363,False,0.0,0.0,0.0,18.706059983922348,0.023382574979902936,Insufficient Energy for CPU,N/A,N/A,N/A
785,CPU_Intensive,Rejected,79.22052125432698,N/A,N/A,N/A,0.1799078706489479,0.0,0.0,0.0,STARLINK-34965,0,N/A,N/A,0.0,0.016711964348028414,False,0.0,0.0,0.0,18.706059983922348,0.023382574979902936,Insufficient Energy for CPU,N/A,N/A,N/A
786,CPU_and_Data_Intensive,Rejected,79.38953962812839,N/A,N/A,N/A,0.17139829519658722,0.0,0.0,0.0,STARLINK-34965,0,N/A,N/A,0.0,7.311645828425594,False,0.0,0.0,0.0,18.706059983922348,0.023382574979902936,Insufficient Energy for CPU+NET,N/A,N/A,N/A
787,CPU_Intensive,Rejected,79.39946058159583,N/A,N/A,N/A,0.16212588662301447,0.0,0.0,0.0,STARLINK-34965,0,N/A,N/A,0.0,0.0168002318637063,False,0.0,0.0,0.0,18.706059983922348,0.023382574979902936,Insufficient Energy for CPU,N/A,N/A,N/A
788,CPU_Intensive,Rejected,79.61836423970868,N/A,N/A,N/A,0.12288677468271104,0.0,0.0,0.0,STARLINK-34965,0,N/A,N/A,0.0,0.02530179304367016,False,0.0,0.0,0.0,18.706059983922348,0.023382574979902936,Insufficient Energy for CPU,N/A,N/A,N/A
790,CPU_and_Data_Intensive,Rejected,79.75767792553128,N/A,N/A,N/A,0.295253710359076,0.0,0.0,0.0,STARLINK-34965,0,N/A,N/A,0.0,13.4147176425153,False,0.0,0.0,0.0,18.706059983922348,0.023382574979902936,Insufficient Energy for CPU+NET,N/A,N/A,N/A
794,CPU_Intensive,Rejected,79.89380081182084,N/A,N/A,N/A,0.18945038727180147,0.0,0.0,0.0,STARLINK-34965,0,N/A,N/A,0.0,0.07461792913108349,False,0.0,0.0,0.0,18.706059983922348,0.023382574979902936,Insufficient Energy for CPU,N/A,N/A,N/A
797,CPU_Intensive,Rejected,80.01682709225297,N/A,N/A,N/A,1.0027211991842404,0.0,0.0,0.0,STARLINK-34965,0,N/A,N/A,0.0,0.03400775020644061,False,0.0,0.0,0.0,18.706059983922348,0.023382574979902936,Insufficient Energy for CPU,N/A,N/A,N/A
798,CPU_Intensive,Rejected,80.01963032434715,N/A,N/A,N/A,0.06635804772828759,0.0,0.0,0.0,STARLINK-34965,0,N/A,N/A,0.0,0.011934681033074053,False,0.0,0.0,0.0,18.706059983922348,0.023382574979902936,Insufficient Energy for CPU,N/A,N/A,N/A
799,CPU_and_Data_Intensive,Rejected,80.29542965521395,N/A,N/A,N/A,0.8684453587152338,0.0,0.0,0.0,STARLINK-34965,0,N/A,N/A,0.0,9.920137160532924,False,0.0,0.0,0.0,18.706059983922348,0.023382574979902936,Insufficient Energy for CPU+NET,N/A,N/A,N/A
801,CPU_and_Data_Intensive,Rejected,80.76723739705749,N/A,N/A,N/A,0.7331752135684741,0.0,0.0,0.0,STARLINK-34965,0,N/A,N/A,0.0,2.1823156767240217,False,0.0,0.0,0.0,18.706059983922348,0.023382574979902936,Insufficient Energy for CPU+NET,N/A,N/A,N/A
803,CPU_Intensive,Rejected,80.96763758252742,N/A,N/A,N/A,0.1256363811136726,0.0,0.0,0.0,STARLINK-34965,0,N/A,N/A,0.0,0.07226298766399335,False,0.0,0.0,0.0,18.706059983922348,0.023382574979902936,Insufficient Energy for CPU,N/A,N/A,N/A
804,CPU_and_Data_Intensive,Rejected,81.1819907714586,N/A,N/A,N/A,0.3317724018158916,0.0,0.0,0.0,STARLINK-34965,0,N/A,N/A,0.0,14.054968446923347,False,0.0,0.0,0.0,18.706059983922348,0.023382574979902936,Insufficient Energy for CPU+NET,N/A,N/A,N/A
806,CPU_Intensive,Rejected,81.4686716214853,N/A,N/A,N/A,0.11162511457016457,0.0,0.0,0.0,STARLINK-34965,0,N/A,N/A,0.0,0.08235075685120119,False,0.0,0.0,0.0,18.706059983922348,0.023382574979902936,Insufficient Energy for CPU,N/A,N/A,N/A
805,CPU_and_Data_Intensive,Rejected,81.33578161637057,N/A,N/A,N/A,2.8738686156280187,0.0,0.0,0.0,STARLINK-34965,0,N/A,N/A,0.0,343.92708954627665,False,0.0,0.0,0.0,18.706059983922348,0.023382574979902936,Insufficient Energy for CPU+NET,N/A,N/A,N/A
810,CPU_Intensive,Rejected,81.71514777122681,N/A,N/A,N/A,0.8416134758812277,0.0,0.0,0.0,STARLINK-34965,0,N/A,N/A,0.0,0.07123231987286041,False,0.0,0.0,0.0,18.706059983922348,0.023382574979902936,Insufficient Energy for CPU,N/A,N/A,N/A
811,Generic_Service,Rejected,81.72673366550485,N/A,N/A,N/A,0.07561315869851287,0.0,0.0,0.0,STARLINK-34965,0,N/A,N/A,0.0,0.05757665607677956,False,0.0,0.0,0.0,18.706059983922348,0.023382574979902936,Insufficient Energy for CPU,N/A,N/A,N/A
812,Generic_Service,Rejected,81.7436665177632,N/A,N/A,N/A,0.07865941021447995,0.0,0.0,0.0,STARLINK-34965,0,N/A,N/A,0.0,0.05729861837757345,False,0.0,0.0,0.0,18.706059983922348,0.023382574979902936,Insufficient Energy for CPU,N/A,N/A,N/A
813,Generic_Service,Rejected,81.81228318196267,N/A,N/A,N/A,0.13208985178456725,0.0,0.0,0.0,STARLINK-34965,0,N/A,N/A,0.0,0.01923312355705283,False,0.0,0.0,0.0,18.706059983922348,0.023382574979902936,Insufficient Energy for CPU,N/A,N/A,N/A
815,CPU_Intensive,Rejected,82.12088504429754,N/A,N/A,N/A,0.1957144216682622,0.0,0.0,0.0,STARLINK-34965,0,N/A,N/A,0.0,0.03817051474558717,False,0.0,0.0,0.0,18.706059983922348,0.023382574979902936,Insufficient Energy for CPU,N/A,N/A,N/A
816,CPU_Intensive,Rejected,82.23872649359387,N/A,N/A,N/A,0.2686679641953628,0.0,0.0,0.0,STARLINK-34965,0,N/A,N/A,0.0,0.055152529920462864,False,0.0,0.0,0.0,18.706059983922348,0.023382574979902936,Insufficient Energy for CPU,N/A,N/A,N/A
817,CPU_and_Data_Intensive,Rejected,82.47929441297187,N/A,N/A,N/A,2.3150810873232857,0.0,0.0,0.0,STARLINK-34965,0,N/A,N/A,0.0,444.7985971192216,False,0.0,0.0,0.0,18.706059983922348,0.023382574979902936,Insufficient Energy for CPU+NET,N/A,N/A,N/A
819,CPU_Intensive,Rejected,82.72571883103065,N/A,N/A,N/A,0.07909127931986751,0.0,0.0,0.0,STARLINK-34965,0,N/A,N/A,0.0,0.03724455468588791,False,0.0,0.0,0.0,18.706059983922348,0.023382574979902936,Insufficient Energy for CPU,N/A,N/A,N/A
920,CPU_Intensive,Rejected,93.45181873563004,N/A,N/A,N/A,0.664620940495605,0.0,0.0,0.0,STARLINK-34965,0,N/A,N/A,0.0,0.04822575709471527,False,0.0,0.0,0.0,18.706059983922348,0.023382574979902936,Insufficient Energy for CPU,N/A,N/A,N/A
921,CPU_Intensive,Rejected,93.45668353785086,N/A,N/A,N/A,1.2758007380255036,0.0,0.0,0.0,STARLINK-34965,0,N/A,N/A,0.0,0.0338362948086755,False,0.0,0.0,0.0,18.706059983922348,0.023382574979902936,Insufficient Energy for CPU,N/A,N/A,N/A
922,CPU_and_Data_Intensive,Rejected,93.53527583528354,N/A,N/A,N/A,0.917062367416857,0.0,0.0,0.0,STARLINK-34965,0,N/A,N/A,0.0,9.150495941150854,False,0.0,0.0,0.0,18.706059983922348,0.023382574979902936,Insufficient Energy for CPU+NET,N/A,N/A,N/A
923,CPU_Intensive,Rejected,93.60369449231032,N/A,N/A,N/A,1.2086026469045372,0.0,0.0,0.0,STARLINK-34965,0,N/A,N/A,0.0,0.03069885349586577,False,0.0,0.0,0.0,18.706059983922348,0.023382574979902936,Insufficient Energy for CPU,N/A,N/A,N/A
925,CPU_and_Data_Intensive,Rejected,93.67592002446486,N/A,N/A,N/A,1.2110601386314939,0.0,0.0,0.0,STARLINK-34965,0,N/A,N/A,0.0,1.1003636305579887,False,0.0,0.0,0.0,18.706059983922348,0.023382574979902936,Insufficient Energy for CPU+NET,N/A,N/A,N/A
927,CPU_Intensive,Rejected,93.77393548594652,N/A,N/A,N/A,1.5148875489974851,0.0,0.0,0.0,STARLINK-34965,0,N/A,N/A,0.0,0.0162240002810654,False,0.0,0.0,0.0,18.706059983922348,0.023382574979902936,Insufficient Energy for CPU,N/A,N/A,N/A
932,CPU_Intensive,Rejected,94.67582895390002,N/A,N/A,N/A,0.9824835912028363,0.0,0.0,0.0,STARLINK-34965,0,N/A,N/A,0.0,0.08202805407835459,False,0.0,0.0,0.0,18.706059983922348,0.023382574979902936,Insufficient Energy for CPU,N/A,N/A,N/A
937,CPU_Intensive,Rejected,95.29599044319458,N/A,N/A,N/A,0.6859978046575693,0.0,0.0,0.0,STARLINK-34965,0,N/A,N/A,0.0,0.057455793427025,False,0.0,0.0,0.0,18.706059983922348,0.023382574979902936,Insufficient Energy for CPU,N/A,N/A,N/A
950,CPU_and_Data_Intensive,Rejected,96.37808791843416,N/A,N/A,N/A,0.6573045468031632,0.0,0.0,0.0,STARLINK-34965,0,N/A,N/A,0.0,17.6883905234483,False,0.0,0.0,0.0,18.706059983922348,0.023382574979902936,Insufficient Energy for CPU+NET,N/A,N/A,N/A
954,CPU_and_Data_Intensive,Rejected,96.63669926452648,N/A,N/A,N/A,0.5685233675034702,0.0,0.0,0.0,STARLINK-34965,0,N/A,N/A,0.0,1.2302677980323313,False,0.0,0.0,0.0,18.706059983922348,0.023382574979902936,Insufficient Energy for CPU+NET,N/A,N/A,N/A
958,CPU_Intensive,Rejected,97.6606128351854,N/A,N/A,N/A,2.330649893099807,0.0,0.0,0.0,STARLINK-34965,0,N/A,N/A,0.0,0.05974737554842842,False,0.0,0.0,0.0,18.706059983922348,0.023382574979902936,Insufficient Energy for CPU,N/A,N/A,N/A
971,CPU_Intensive,Rejected,99.24332735666053,N/A,N/A,N/A,0.557644213706012,0.0,0.0,0.0,STARLINK-34965,0,N/A,N/A,0.0,0.012331146775273968,False,0.0,0.0,0.0,18.706059983922348,0.023382574979902936,Insufficient Energy for CPU,N/A,N/A,N/A
984,CPU_and_Data_Intensive,Rejected,100.48395353100747,N/A,N/A,N/A,1.1295938059138042,0.0,0.0,0.0,STARLINK-34965,0,N/A,N/A,0.0,9.837818373804929,False,0.0,0.0,0.0,18.706059983922348,0.023382574979902936,Insufficient Energy for CPU+NET,N/A,N/A,N/A
985,CPU_and_Data_Intensive,Rejected,100.5240714066432,N/A,N/A,N/A,1.684215155068792,0.0,0.0,0.0,STARLINK-34965,0,N/A,N/A,0.0,6.699569871592797,False,0.0,0.0,0.0,18.706059983922348,0.023382574979902936,Insufficient Energy for CPU+NET,N/A,N/A,N/A
987,CPU_and_Data_Intensive,Rejected,100.5755955460154,N/A,N/A,N/A,0.9641725492423409,0.0,0.0,0.0,STARLINK-34965,0,N/A,N/A,0.0,223.90202535761773,False,0.0,0.0,0.0,18.706059983922348,0.023382574979902936,Insufficient Energy for CPU+NET,N/A,N/A,N/A
991,CPU_Intensive,Rejected,101.09137219201172,N/A,N/A,N/A,0.6211861692685684,0.0,0.0,0.0,STARLINK-34965,0,N/A,N/A,0.0,0.025482699314419266,False,0.0,0.0,0.0,18.706059983922348,0.023382574979902936,Insufficient Energy for CPU,N/A,N/A,N/A
994,CPU_Intensive,Rejected,101.24061606280043,N/A,N/A,N/A,0.9782880638042073,0.0,0.0,0.0,STARLINK-34965,0,N/A,N/A,0.0,0.028155342685326108,False,0.0,0.0,0.0,18.706059983922348,0.023382574979902936,Insufficient Energy for CPU,N/A,N/A,N/A
995,CPU_Intensive,Rejected,101.2915392330905,N/A,N/A,N/A,0.7346770714150039,0.0,0.0,0.0,STARLINK-34965,0,N/A,N/A,0.0,0.03166250523478762,False,0.0,0.0,0.0,18.706059983922348,0.023382574979902936,Insufficient Energy for CPU,N/A,N/A,N/A
996,CPU_and_Data_Intensive,Rejected,101.3426450460865,N/A,N/A,N/A,0.7357198002350406,0.0,0.0,0.0,STARLINK-34965,0,N/A,N/A,0.0,2.054936107902035,False,0.0,0.0,0.0,18.706059983922348,0.023382574979902936,Insufficient Energy for CPU+NET,N/A,N/A,N/A
997,CPU_and_Data_Intensive,Rejected,101.43577906221604,N/A,N/A,N/A,1.3618754386586818,0.0,0.0,0.0,STARLINK-34965,0,N/A,N/A,0.0,1.7216417693228343,False,0.0,0.0,0.0,18.706059983922348,0.023382574979902936,Insufficient Energy for CPU+NET,N/A,N/A,N/A
999,CPU_and_Data_Intensive,Rejected,101.61376380932282,N/A,N/A,N/A,1.6705181659694721,0.0,0.0,0.0,STARLINK-34965,0,N/A,N/A,0.0,2.0021122672620946,False,0.0,0.0,0.0,18.706059983922348,0.023382574979902936,Insufficient Energy for CPU+NET,N/A,N/A,N/A
1002,CPU_Intensive,Rejected,101.75357217973428,N/A,N/A,N/A,1.3088781712112199,0.0,0.0,0.0,STARLINK-34965,0,N/A,N/A,0.0,0.024497539998333547,False,0.0,0.0,0.0,18.706059983922348,0.023382574979902936,Insufficient Energy for CPU,N/A,N/A,N/A
1004,CPU_and_Data_Intensive,Rejected,101.93921438250786,N/A,N/A,N/A,0.47082788439385975,0.0,0.0,0.0,STARLINK-34965,0,N/A,N/A,0.0,1.8458440072605347,False,0.0,0.0,0.0,18.706059983922348,0.023382574979902936,Insufficient Energy for CPU+NET,N/A,N/A,N/A
1005,CPU_and_Data_Intensive,Rejected,102.0222396687913,N/A,N/A,N/A,1.6018067951290347,0.0,0.0,0.0,STARLINK-34965,0,N/A,N/A,0.0,14.676432656075043,False,0.0,0.0,0.0,18.706059983922348,0.023382574979902936,Insufficient Energy for CPU+NET,N/A,N/A,N/A
1006,CPU_Intensive,Rejected,102.04608071534456,N/A,N/A,N/A,0.43511606642321277,0.0,0.0,0.0,STARLINK-34965,0,N/A,N/A,0.0,0.030385575002950242,False,0.0,0.0,0.0,18.706059983922348,0.023382574979902936,Insufficient Energy for CPU,N/A,N/A,N/A
1008,CPU_and_Data_Intensive,Rejected,102.15889283526715,N/A,N/A,N/A,1.4507523742836552,0.0,0.0,0.0,STARLINK-34965,0,N/A,N/A,0.0,304.3094571920335,False,0.0,0.0,0.0,18.706059983922348,0.023382574979902936,Insufficient Energy for CPU+NET,N/A,N/A,N/A
1010,CPU_and_Data_Intensive,Rejected,102.28369324999127,N/A,N/A,N/A,0.9598358214177826,0.0,0.0,0.0,STARLINK-34965,0,N/A,N/A,0.0,20.641083344106455,False,0.0,0.0,0.0,18.706059983922348,0.023382574979902936,Insufficient Energy for CPU+NET,N/A,N/A,N/A
1011,CPU_Intensive,Rejected,102.3983940434802,N/A,N/A,N/A,0.954015427706327,0.0,0.0,0.0,STARLINK-34965,0,N/A,N/A,0.0,0.02029836096923792,False,0.0,0.0,0.0,18.706059983922348,0.023382574979902936,Insufficient Energy for CPU,N/A,N/A,N/A
1013,CPU_and_Data_Intensive,Rejected,102.56876735639906,N/A,N/A,N/A,0.5282460173048917,0.0,0.0,0.0,STARLINK-34965,0,N/A,N/A,0.0,19.034412244678457,False,0.0,0.0,0.0,18.706059983922348,0.023382574979902936,Insufficient Energy for CPU+NET,N/A,N/A,N/A
1022,CPU_and_Data_Intensive,Rejected,103.6364984210675,N/A,N/A,N/A,0.45109988280487817,0.0,0.0,0.0,STARLINK-34965,0,N/A,N/A,0.0,1.9823936344994542,False,0.0,0.0,0.0,18.706059983922348,0.023382574979902936,Insufficient Energy for CPU+NET,N/A,N/A,N/A
1024,CPU_and_Data_Intensive,Rejected,103.93933471170003,N/A,N/A,N/A,0.469419551219568,0.0,0.0,0.0,STARLINK-34965,0,N/A,N/A,0.0,18.34127965476685,False,0.0,0.0,0.0,18.706059983922348,0.023382574979902936,Insufficient Energy for CPU+NET,N/A,N/A,N/A
1027,CPU_and_Data_Intensive,Rejected,104.17220256287848,N/A,N/A,N/A,0.7584676828985166,0.0,0.0,0.0,STARLINK-34965,0,N/A,N/A,0.0,0.1828424041169288,False,0.0,0.0,0.0,18.706059983922348,0.023382574979902936,Insufficient Energy for CPU+NET,N/A,N/A,N/A
1030,CPU_and_Data_Intensive,Rejected,104.43616529294785,N/A,N/A,N/A,0.7488537139582783,0.0,0.0,0.0,STARLINK-34965,0,N/A,N/A,0.0,1.0032406036363695,False,0.0,0.0,0.0,18.706059983922348,0.023382574979902936,Insufficient Energy for CPU+NET,N/A,N/A,N/A
1031,CPU_and_Data_Intensive,Rejected,104.6708870662894,N/A,N/A,N/A,2.5802500298226243,0.0,0.0,0.0,STARLINK-34965,0,N/A,N/A,0.0,11.54998541527322,False,0.0,0.0,0.0,18.706059983922348,0.023382574979902936,Insufficient Energy for CPU+NET,N/A,N/A,N/A
1036,CPU_and_Data_Intensive,Rejected,105.22806304118487,N/A,N/A,N/A,0.47782140486145097,0.0,0.0,0.0,STARLINK-34965,0,N/A,N/A,0.0,2.1874107013611392,False,0.0,0.0,0.0,18.706059983922348,0.023382574979902936,Insufficient Energy for CPU+NET,N/A,N/A,N/A
1042,CPU_and_Data_Intensive,Rejected,105.63688676012364,N/A,N/A,N/A,0.717537942673508,0.0,0.0,0.0,STARLINK-34965,0,N/A,N/A,0.0,13.641609119856831,False,0.0,0.0,0.0,18.706059983922348,0.023382574979902936,Insufficient Energy for CPU+NET,N/A,N/A,N/A
1040,CPU_and_Data_Intensive,Rejected,105.51070239537528,N/A,N/A,N/A,2.2025684913820505,0.0,0.0,0.0,STARLINK-34965,0,N/A,N/A,0.0,343.4522369067638,False,0.0,0.0,0.0,18.706059983922348,0.023382574979902936,Insufficient Energy for CPU+NET,N/A,N/A,N/A
1043,CPU_and_Data_Intensive,Rejected,105.65881999291665,N/A,N/A,N/A,0.5774940259752467,0.0,0.0,0.0,STARLINK-34965,0,N/A,N/A,0.0,23.304052535836014,False,0.0,0.0,0.0,18.706059983922348,0.023382574979902936,Insufficient Energy for CPU+NET,N/A,N/A,N/A
1041,CPU_and_Data_Intensive,Rejected,105.51916525865809,N/A,N/A,N/A,2.4671507209166057,0.0,0.0,0.0,STARLINK-34965,0,N/A,N/A,0.0,468.01563799650904,False,0.0,0.0,0.0,18.706059983922348,0.023382574979902936,Insufficient Energy for CPU+NET,N/A,N/A,N/A
1050,CPU_Intensive,Rejected,106.77224423457075,N/A,N/A,N/A,0.6620754437122142,0.0,0.0,0.0,STARLINK-34965,0,N/A,N/A,0.0,0.0673514774176354,False,0.0,0.0,0.0,18.706059983922348,0.023382574979902936,Insufficient Energy for CPU,N/A,N/A,N/A
1051,CPU_and_Data_Intensive,Rejected,106.86591312409732,N/A,N/A,N/A,0.7515525031891642,0.0,0.0,0.0,STARLINK-34965,0,N/A,N/A,0.0,3.577153941989629,False,0.0,0.0,0.0,18.706059983922348,0.023382574979902936,Insufficient Energy for CPU+NET,N/A,N/A,N/A
1066,CPU_and_Data_Intensive,Rejected,107.8903852901223,N/A,N/A,N/A,0.5938848530882713,0.0,0.0,0.0,STARLINK-34965,0,N/A,N/A,0.0,0.5399324733201608,False,0.0,0.0,0.0,18.706059983922348,0.023382574979902936,Insufficient Energy for CPU+NET,N/A,N/A,N/A
1071,CPU_Intensive,Rejected,108.6446323210334,N/A,N/A,N/A,0.6322134319159834,0.0,0.0,0.0,STARLINK-34965,0,N/A,N/A,0.0,0.053634119367912236,False,0.0,0.0,0.0,18.706059983922348,0.023382574979902936,Insufficient Energy for CPU,N/A,N/A,N/A
1076,CPU_and_Data_Intensive,Rejected,108.9165357004047,N/A,N/A,N/A,0.47858839568086275,0.0,0.0,0.0,STARLINK-34965,0,N/A,N/A,0.0,1.740030403535219,False,0.0,0.0,0.0,18.706059983922348,0.023382574979902936,Insufficient Energy for CPU+NET,N/A,N/A,N/A
1078,CPU_and_Data_Intensive,Rejected,108.9614048767485,N/A,N/A,N/A,0.6103829527281122,0.0,0.0,0.0,STARLINK-34965,0,N/A,N/A,0.0,1.0821866284926094,False,0.0,0.0,0.0,18.706059983922348,0.023382574979902936,Insufficient Energy for CPU+NET,N/A,N/A,N/A
1079,CPU_and_Data_Intensive,Rejected,109.13313488358224,N/A,N/A,N/A,0.7087355789758945,0.0,0.0,0.0,STARLINK-34965,0,N/A,N/A,0.0,0.5289223218511336,False,0.0,0.0,0.0,18.706059983922348,0.023382574979902936,Insufficient Energy for CPU+NET,N/A,N/A,N/A
1085,CPU_Intensive,Rejected,110.08589856269138,N/A,N/A,N/A,1.9319947632365626,0.0,0.0,0.0,STARLINK-34965,0,N/A,N/A,0.0,0.05610006055275836,False,0.0,0.0,0.0,18.706059983922348,0.023382574979902936,Insufficient Energy for CPU,N/A,N/A,N/A
1090,CPU_Intensive,Rejected,110.69817692481803,N/A,N/A,N/A,0.19530996957126334,0.0,0.0,0.0,STARLINK-34965,0,N/A,N/A,0.0,0.021971673712649086,False,0.0,0.0,0.0,18.706059983922348,0.023382574979902936,Insufficient Energy for CPU,N/A,N/A,N/A
1094,CPU_and_Data_Intensive,Rejected,111.21403071812279,N/A,N/A,N/A,0.973817560254929,0.0,0.0,0.0,STARLINK-34965,0,N/A,N/A,0.0,0.9661817938455117,False,0.0,0.0,0.0,18.706059983922348,0.023382574979902936,Insufficient Energy for CPU+NET,N/A,N/A,N/A
1095,CPU_and_Data_Intensive,Rejected,111.24992457085249,N/A,N/A,N/A,0.36770653203725606,0.0,0.0,0.0,STARLINK-34965,0,N/A,N/A,0.0,1.7203768445199503,False,0.0,0.0,0.0,18.706059983922348,0.023382574979902936,Insufficient Energy for CPU+NET,N/A,N/A,N/A
1096,CPU_Intensive,Rejected,111.3161183145532,N/A,N/A,N/A,0.7362060872079255,0.0,0.0,0.0,STARLINK-34965,0,N/A,N/A,0.0,0.08607760394183275,False,0.0,0.0,0.0,18.706059983922348,0.023382574979902936,Insufficient Energy for CPU,N/A,N/A,N/A
1097,CPU_and_Data_Intensive,Rejected,111.34056651101643,N/A,N/A,N/A,0.9242905322769768,0.0,0.0,0.0,STARLINK-34965,0,N/A,N/A,0.0,17.984940270774402,False,0.0,0.0,0.0,18.706059983922348,0.023382574979902936,Insufficient Energy for CPU+NET,N/A,N/A,N/A
1099,CPU_and_Data_Intensive,Rejected,111.65050974768569,N/A,N/A,N/A,0.7207029943935692,0.0,0.0,0.0,STARLINK-34965,0,N/A,N/A,0.0,0.63895884281823,False,0.0,0.0,0.0,18.706059983922348,0.023382574979902936,Insufficient Energy for CPU+NET,N/A,N/A,N/A
1100,CPU_Intensive,Rejected,111.79552358493525,N/A,N/A,N/A,1.2765892031241772,0.0,0.0,0.0,STARLINK-34965,0,N/A,N/A,0.0,0.08271354127548636,False,0.0,0.0,0.0,18.706059983922348,0.023382574979902936,Insufficient Energy for CPU,N/A,N/A,N/A
1102,Generic_Service,Rejected,111.88371109240896,N/A,N/A,N/A,0.12443273054635373,0.0,0.0,0.0,STARLINK-34965,0,N/A,N/A,0.0,0.057187197258566955,False,0.0,0.0,0.0,18.706059983922348,0.023382574979902936,Insufficient Energy for CPU,N/A,N/A,N/A
47000,Batch,Completed,0,0,0.0,0.010230300180641855,0.010230300180641855,0.010230300180641855,0.010230300180641855,0.0,STARLINK-5155,0,N/A,0,0.0,21.99514538837999,False,0.0,0.010230300180641855,0.010230300180641855,80000,100.0,N/A,N/A,N/A,N/A
48000,Batch,Completed,0,0,0.0,0.0018888014481964672,0.0018888014481964672,0.0018888014481964672,0.0018888014481964672,0.0,STARLINK-6174,0,N/A,0,0.0,4.060923113622405,False,0.0,0.0018888014481964672,0.0018888014481964672,80000,100.0,N/A,N/A,N/A,N/A
49000,Batch,Completed,0,0,0.0,0.0036176411091769574,0.0036176411091769574,0.0036176411091769574,0.0036176411091769574,0.0,STARLINK-6174,0,N/A,0,0.0,7.777928384730458,False,0.0,0.0036176411091769574,0.0036176411091769574,79999.99811119855,99.9999976389982,N/A,N/A,N/A,N/A
50000,Batch,Completed,0,0,0.0,0.07254365142281564,0.07254365142281564,0.07254365142281564,0.07254365142281564,0.0,STARLINK-6174,0,N/A,0,0.0,155.96885055905364,False,0.0,0.07254365142281564,0.07254365142281564,79999.99449355745,99.99999311694681,N/A,N/A,N/A,N/A
13,CPU_and_Data_Intensive,Completed,2.76463075292763,2.766553411853053,2.766553411853053,3.511100927722488,0.744547515869435,0.7464701747948579,0.7464701747948581,0.0,STARLINK-6174,1,2,5,0.0019226589254228983,0.1405926705957221,False,7322.046144348066,6.539193981196378e-05,7322.046209740006,72677.87574016603,90.84734467520754,N/A,2.76463075292763,3.7201477058582455,0.9555169529306156
84,CPU_Intensive,Completed,9.963731912846594,9.965613597550256,9.965613597550256,10.570022804474325,0.6044092069240694,0.606290891627731,0.6062908916277312,0.0,STARLINK-6174,1,2,4,0.0018816847036615457,0.02639845977793226,False,5936.638507572143,1.2278353385084772e-05,5936.638519850496,66741.23723259383,83.4265465407423,N/A,9.963731912846594,10.685968777612223,0.7222368647656285
135,CPU_Intensive,Completed,15.968711754549483,15.97060602232811,15.97060602232811,16.27734993932257,0.3067439169944599,0.3086381847730858,0.3086381847730859,0.0,STARLINK-6174,1,2,4,0.0018942677786258919,0.06146719942559807,False,2998.741519909326,2.8589395081673523e-05,2998.7415484987214,63742.4957126845,79.67811964085561,N/A,15.968711754549483,16.438078073824247,0.4693663192747639
155,CPU_Intensive,Completed,18.181549564655015,18.18343094530581,18.18343094530581,18.944809683617404,0.7613787383115955,0.7632601189623904,0.7632601189623891,0.0,STARLINK-6174,1,2,4,0.0018813806507948874,0.025551071452727003,False,7480.697123864921,1.1884219280338142e-05,7480.69713574914,56261.798588819554,70.32724823602445,N/A,18.181549564655015,19.16601435259273,0.9844647879377142
165,CPU_Intensive,Completed,18.672881972294874,18.674776034392476,18.674776034392476,19.75789178284957,1.083115748457093,1.0850098105546941,1.0850098105546948,0.0,STARLINK-6174,1,2,5,0.0018940620976011873,0.06089397115458572,False,10634.594601894287,2.832277728120266e-05,10634.594630217063,45627.20398692526,57.03400498365659,N/A,18.672881972294874,19.886001370169346,1.2131193978744719
246,CPU_and_Data_Intensive,Completed,26.08756567965137,26.09807020103081,26.09807020103081,26.211035897984235,0.11296569695342384,0.12347021833286453,0.12347021833286576,0.0,STARLINK-6174,1,2,5,0.010504521379440685,24.058045355633254,False,1000.974870787835,0.01118978853750384,1000.9860605763726,44626.21792634887,55.782772407936086,N/A,26.08756567965137,26.446704529113752,0.35913884946238284
250,CPU_Intensive,Completed,26.175998086736932,26.177886266095857,26.177886266095857,26.771773246698267,0.5938869806024094,0.5957751599613329,0.5957751599613346,0.0,STARLINK-6174,1,2,5,0.0018881793589235472,0.04449891416843866,False,5827.818157480383,2.0697169380669143e-05,5827.818178177552,38798.399768859126,48.49799971107391,N/A,26.175998086736932,26.95168078935866,0.7756827026217294
301,CPU_and_Data_Intensive,Completed,32.171647001634206,32.17454128847219,32.17454128847219,32.75202859381691,0.577487305344718,0.5803815921827007,0.5803815921827038,0.0,STARLINK-6174,1,2,5,0.002894286837982605,2.8484972484917233,False,5666.607312035358,0.001324882441158941,5666.608636917798,33131.79113194131,41.414738914926644,N/A,32.171647001634206,32.901734785924724,0.730087784290518
337,CPU_Intensive,Completed,35.927503791051755,35.929390581041204,35.929390581041204,37.72820396001435,1.7988133789731435,1.8007001689625932,1.8007001689625923,0.0,STARLINK-6174,1,2,4,0.0018867899894497993,0.04062677349635826,False,17679.514540867243,1.88961737192364e-05,17679.51455976342,15452.276591073005,19.315345738841255,N/A,35.927503791051755,37.95100479183077,2.0235010007790137
456,CPU_and_Data_Intensive,Completed,46.98166015492982,47.064620229802195,47.064620229802195,47.80477159021304,0.7401513604108487,0.823111435283224,0.8231114352832236,0.0,STARLINK-6174,1,2,5,0.08296007487237526,225.99000146897657,False,6245.670742692816,0.10511162859022166,6245.775854321406,9206.500736751581,11.508125920939476,N/A,46.98166015492982,48.05830316895338,1.0766430140235599
519,CPU_Intensive,Completed,53.32259035906917,53.324477195589466,53.324477195589466,53.637880318998754,0.31340312340928733,0.3152899599295892,0.3152899599295864,0.0,STARLINK-6174,1,2,4,0.0018868365203018802,0.04075645390769121,False,3070.337863441708,1.895649018962382e-05,3070.3378823981984,6136.162873240484,7.670203591550605,N/A,53.32259035906917,53.91493774075543,0.5923473816862597
554,CPU_Intensive,Completed,56.18159617234254,56.18349544146685,56.18349544146685,56.53251917422671,0.34902373275985354,0.35092300188417197,0.35092300188416914,0.0,STARLINK-6174,1,2,4,0.0018992691243184252,0.0754058344950382,False,3410.4601154781576,3.507248116048288e-05,3410.460150550639,2725.7027577623103,3.407128447202888,N/A,56.18159617234254,56.73675475426657,0.555158581924033
642,CPU_Intensive,Completed,64.22082933231452,64.22271716510687,64.22271716510687,64.34762864724215,0.12491148213527481,0.12679931492761898,0.12679931492762364,0.0,STARLINK-6174,1,2,4,0.0018878327923441821,0.043533041106665366,False,1215.6881241313067,2.0247926096123427e-05,1215.6881443792329,1510.0146336309735,1.887518292038717,N/A,64.22082933231452,64.4818712158454,0.2610418835308792
708,CPU_Intensive,Completed,70.80729342179406,70.80918791430594,70.80918791430594,70.90140637871927,0.09221846441333525,0.09411295692520855,0.09411295692521549,0.0,STARLINK-6174,1,2,4,0.0018944925118732905,0.062093525801744445,False,888.6805720669271,2.8880709675229974e-05,888.6806009476368,621.334061564029,0.7766675769550362,N/A,70.80729342179406,71.10971693422384,0.30242351242978316
908,Generic_Service,Completed,92.15519383699697,92.15707016847938,92.15707016847938,92.18044660123955,0.023376432760173316,0.025252764242575942,0.025252764242580383,0.0,STARLINK-6174,1,2,4,0.0018763314824026284,0.011479155622369995,False,226.52687874668533,5.339142149939533e-06,226.52688408582748,394.80718281732396,0.493508978521655,N/A,92.15519383699697,92.34575326155237,0.19055942455540276
952,Generic_Service,Completed,96.57081652681902,96.57271137066407,96.57271137066407,96.5941550581012,0.021443687437127323,0.023338531282177076,0.02333853128217811,0.0,STARLINK-6174,1,2,4,0.0018948438450497528,0.06307268325966739,False,192.31600184947504,2.9336131748682505e-05,192.3160311856068,202.49118096784426,0.2531139762098053,N/A,96.57081652681902,96.75584969227756,0.18503316545854886
51000,Batch,Completed,0,0,0.0,0.0035290613125007484,0.0035290613125007484,0.0035290613125007484,0.0035290613125007484,0.0,STARLINK-2624,0,N/A,0,0.0,7.587481821876609,False,0.0,0.0035290613125007484,0.0035290613125007484,80000,100.0,N/A,N/A,N/A,N/A
53000,Batch,Completed,0,0,0.0,0.14707228041446305,0.14707228041446305,0.14707228041446305,0.14707228041446305,0.0,STARLINK-2624,0,N/A,0,0.0,316.20540289109556,False,0.0,0.14707228041446305,0.14707228041446305,79999.99647093868,99.99999558867336,N/A,N/A,N/A,N/A
52000,Batch,Completed,0,0,0.0,0.1543370310099882,0.1543370310099882,0.1543370310099882,0.1543370310099882,0.0,STARLINK-2624,0,N/A,0,0.0,331.8246166714746,False,0.0,0.1543370310099882,0.1543370310099882,79999.84939865828,99.99981174832284,N/A,N/A,N/A,N/A
54000,Batch,Completed,0,0,0.0,0.1563007266087333,0.1563007266087333,0.1563007266087333,0.1563007266087333,0.0,STARLINK-5136,0,N/A,0,0.0,336.04656220877655,False,0.0,0.1563007266087333,0.1563007266087333,80000,100.0,N/A,N/A,N/A,N/A
17,CPU_Intensive,Completed,3.0764203911220833,3.0785373957039632,3.0785373957039632,3.531073150052218,0.45253575434825466,0.45465275893013446,0.45465275893013457,0.0,STARLINK-5136,1,2,2,0.0021170045818798273,0.03726980869563949,False,4439.746683053629,1.7334794742157904e-05,4439.746700388423,75560.09701621976,94.4501212702747,N/A,3.0764203911220833,3.8201477065711744,0.7437273154490911
71,CPU_Intensive,Completed,8.78606131894733,8.788183349890097,8.788183349890097,9.290104431900406,0.501921082010309,0.5040431129530779,0.5040431129530774,0.0,STARLINK-5136,1,2,2,0.00212203094276889,0.04948862882486591,False,4921.855350989903,2.3017966895286472e-05,4921.85537400787,70638.24166522984,88.2978020815373,N/A,8.78606131894733,9.473631829828383,0.6875705108810539
106,CPU_Intensive,Completed,12.27757803299527,12.279693173718481,12.279693173718481,12.444660567048855,0.16496739333037347,0.1670825340535839,0.1670825340535842,0.0,STARLINK-5136,1,2,2,0.002115140723210436,0.03273886586637537,False,1612.8220088592807,1.5227379472732732e-05,1612.8220240866601,69025.41965637055,86.28177457046318,N/A,12.27757803299527,12.713366992766622,0.4357889597713509
107,CPU_Intensive,Completed,12.442696575347151,12.444825528486836,12.444825528486836,12.510288445189321,0.06546291670248472,0.06759186984217024,0.06759186984217003,0.0,STARLINK-5136,1,2,2,0.0021289531396855173,0.06631612706666612,False,624.2932440914595,3.084471026356564e-05,624.2932749361698,68401.12641227907,85.50140801534884,N/A,12.442696575347151,12.71336699277699,0.2706704174298391
118,CPU_Intensive,Completed,14.093901544275417,14.096019984207196,14.096019984207196,14.403877076377357,0.30785709217016155,0.30997553210194173,0.30997553210194084,0.0,STARLINK-5136,1,2,2,0.002118439931780155,0.04075906914503704,False,3015.791395456517,1.8957706579086996e-05,3015.7914144142237,65385.33501682253,81.73166877102817,N/A,14.093901544275417,14.526706984697906,0.4328054404224897
150,CPU_Intensive,Completed,17.546822453083024,17.54895097836441,17.54895097836441,17.621367207479427,0.07241622911501722,0.07454475439640125,0.07454475439640262,0.0,STARLINK-5136,1,2,2,0.0021285252813840294,0.06527602593941678,False,692.986142015232,3.0360942297403155e-05,692.9861723761743,64692.348874807285,80.8654360935091,N/A,17.546822453083024,17.74877397619286,0.20195152310983744
151,CPU_and_Data_Intensive,Completed,17.620689074272228,17.623637090427852,17.623637090427852,17.81137499316031,0.18773790273245794,0.19068591888808142,0.19068591888808228,0.0,STARLINK-5136,1,2,3,0.002948016155623471,2.0574154307448063,False,1837.0069650037296,0.0009569374096487472,1837.0079219411393,62855.34095286612,78.56917619108266,N/A,17.620689074272228,17.950875650210424,0.3301865759381961
158,CPU_Intensive,Completed,18.299404988306456,18.301536049420722,18.301536049420722,18.994458000061194,0.6929219506404714,0.6950530117547383,0.6950530117547373,0.0,STARLINK-5136,1,2,2,0.0021310611142669575,0.07144050289563722,False,6793.897256897881,3.322814088169173e-05,6793.897290126021,56061.443695967435,70.0768046199593,N/A,18.299404988306456,19.16601435260298,0.8666093642965222
168,CPU_and_Data_Intensive,Completed,18.851653480873196,18.854295482845227,18.854295482845227,19.42882482641791,0.5745293435726815,0.5771713455447136,0.5771713455447127,0.0,STARLINK-5136,1,2,4,0.0026420019720321637,1.3135109740571378,False,5644.537233497595,0.0006109353367707617,5644.537844432932,50416.90585153449,63.021132314418104,N/A,18.851653480873196,19.782389758378752,0.9307362775055559
226,CPU_Intensive,Completed,23.980413657073715,23.98253738843058,23.98253738843058,24.91006450748988,0.9275271190593024,0.9296508504161651,0.9296508504161665,0.0,STARLINK-5136,1,2,2,0.002123731356862771,0.053622246449406864,False,9106.509592770479,2.4940579743910168e-05,9106.509617711059,41310.396258763474,51.63799532345435,N/A,23.980413657073715,25.129516366757812,1.1491027096840973
236,CPU_and_Data_Intensive,Completed,24.90312179437296,24.905395081810358,24.905395081810358,25.618439435547277,0.7130443537369189,0.7153176411743144,0.7153176411743161,0.0,STARLINK-5136,1,2,4,0.0022732874373955496,0.41718524711626265,False,7010.944555939605,0.00019403964982151752,7010.944749979255,34299.4515087842,42.87431438598025,N/A,24.90312179437296,25.73605937849515,0.8329375841221882
328,CPU_and_Data_Intensive,Completed,35.14966885290873,35.152491081524346,35.152491081524346,35.947522324252475,0.795031242728129,0.7978534713437433,0.7978534713437426,0.0,STARLINK-5136,1,2,3,0.0028222286156143273,1.7516325075141905,False,7811.188333287652,0.0008147127941926467,7811.189148000447,26488.26236078357,33.11032795097946,N/A,35.14966885290873,36.1230893005634,0.973420447654668
378,CPU_and_Data_Intensive,Completed,40.27697814885336,40.28122292752071,40.28122292752071,40.37250366873284,0.09128074121213103,0.09552551987947702,0.09552551987948021,0.0,STARLINK-5136,1,2,3,0.004244778667345987,5.209777195205442,False,873.9220811732418,0.0024231521838164846,873.9245043254257,25614.337856457594,32.017922320572,N/A,40.27697814885336,40.476657674006056,0.19967952515269616
382,Generic_Service,Completed,40.64516901596038,40.64730249392046,40.64730249392046,40.686166903213895,0.03886440929343138,0.040997887253518564,0.04099788725351772,0.0,STARLINK-5136,1,2,2,0.002133477960087187,0.07731572853288168,False,359.4535613686245,3.596080396878218e-05,359.4535973294285,25254.88429508721,31.56860536885901,N/A,40.64516901596038,40.98396768831756,0.33879867235718564
390,CPU_Intensive,Completed,41.02289874416814,41.025029990761126,41.025029990761126,41.25880492224993,0.2337749314888029,0.23590617808179318,0.23590617808179104,0.0,STARLINK-5136,1,2,2,0.002131246592990277,0.07189139195992524,False,2278.0137161116563,3.3437856725546623e-05,2278.0137495495132,22976.870578975526,28.72108822371941,N/A,41.02289874416814,41.390429069928174,0.3675303257600362
408,Generic_Service,Completed,43.02289915962925,43.02502774367331,43.02502774367331,43.06956587108385,0.044538127410540085,0.04666671145460738,0.04666671145460555,0.0,STARLINK-5136,1,2,2,0.0021285840440672965,0.06541887494548697,False,418.76050732201566,3.0427383695575335e-05,418.76053774939936,22558.110071653486,28.19763758956686,N/A,43.02289915962925,43.30352035683578,0.28062119720653556
410,Generic_Service,Completed,43.06596036079386,43.068077286973875,43.068077286973875,43.15535776286819,0.08728047589431753,0.08939740207433514,0.08939740207433289,0.0,STARLINK-5136,1,2,2,0.0021169261800175966,0.03707921787386251,False,847.4855545741534,1.7246147848308145e-05,847.4855718203013,21710.624517079304,27.138280646349134,N/A,43.06596036079386,43.30352035685711,0.23755999606325418
427,CPU_and_Data_Intensive,Completed,44.8663244842234,44.869244254514975,44.869244254514975,45.004295587138536,0.1350513326235614,0.1379711029151412,0.13797110291513803,0.0,STARLINK-5136,1,2,3,0.0029197702915798006,1.9887512142745563,False,1319.14408813852,0.0009250005647788634,1319.1450131390848,20391.479503940205,25.489349379925258,N/A,44.8663244842234,45.11361279738201,0.247288313158613
432,Generic_Service,Completed,45.35466587175248,45.35678586314659,45.35678586314659,45.411099969555686,0.05431410640909462,0.05643409780320692,0.05643409780320496,0.0,STARLINK-5136,1,2,2,0.0021199913941123034,0.044530592836271296,False,521.0628906496221,2.071190364477735e-05,521.0629113615257,19870.416613289774,24.838020766612217,N/A,45.35466587175248,45.61975946511917,0.2650935933666858
436,CPU_and_Data_Intensive,Completed,45.67282316718609,45.684123235538245,45.684123235538245,45.84121813612156,0.1570949005833171,0.16839496893547407,0.16839496893547334,0.0,STARLINK-5136,1,2,3,0.011300068352156977,22.36081698740976,False,1442.753310458864,0.010400379994144074,1442.763710838858,18427.6529024509,23.034566128063624,N/A,45.67282316718609,46.02186114682762,0.3490379796415297
445,Generic_Service,Completed,46.634210860565595,46.636348396255954,46.636348396255954,46.75082934501331,0.11448094875735393,0.11661848444771618,0.11661848444771294,0.0,STARLINK-5136,1,2,2,0.0021375356903622503,0.08717985835925338,False,1100.2422836787919,4.054877132988529e-05,1100.2423242275631,17327.41061876362,21.659263273454528,N/A,46.634210860565595,47.03678574456216,0.4025748839965644
451,Generic_Service,Completed,46.73817641560557,46.74029024616251,46.74029024616251,46.86066744256652,0.12037719640401434,0.12249102696095228,0.12249102696095093,0.0,STARLINK-5136,1,2,3,0.0021138305569379377,0.029553920261321552,False,1175.212013599806,1.374600942387049e-05,1175.2120273458154,16152.198605163781,20.190248256454726,N/A,46.73817641560557,47.036785744593615,0.29860932898804293
459,CPU_Intensive,Completed,47.16522940643905,47.167350493684125,47.167350493684125,47.58248592544617,0.4151354317620459,0.41725651900711735,0.41725651900711824,0.0,STARLINK-5136,1,2,2,0.002121087245071438,0.047194549136592795,False,4068.986923302215,2.1950953086787347e-05,4068.986945253168,12083.211681861556,15.104014602326945,N/A,47.16522940643905,47.958303168934414,0.7930737624953608
484,Generic_Service,Completed,50.53652041036724,50.53865078329535,50.53865078329535,50.5783563339052,0.039705550609845375,0.04183592353796014,0.04183592353795973,0.0,STARLINK-5136,1,2,2,0.002130372928114766,0.06976755839470705,False,369.95034586240524,3.245002716032886e-05,369.9503783124324,11713.261335999132,14.641576669998916,N/A,50.53652041036724,50.77912672281596,0.24260631244872144
494,CPU_and_Data_Intensive,Completed,51.64987959896635,51.66145930619891,51.66145930619891,51.84831948578128,0.186860179582375,0.19843988681493438,0.1984398868149313,0.0,STARLINK-5136,1,2,3,0.01157970723255939,23.04060446311817,False,1732.387746571795,0.0107165602154038,1732.3984631320104,9980.862872867094,12.476078591083867,N/A,51.64987959896635,51.986701445362435,0.33682184639608437
512,CPU_Intensive,Completed,52.61134172289223,52.61345783514393,52.61345783514393,52.73847353703928,0.12501570189535016,0.12713181414705846,0.12713181414705588,0.0,STARLINK-5136,1,2,2,0.002116112251708286,0.035100600773130416,False,1219.1977736968797,1.6325860824711823e-05,1219.1977900227405,8761.665099162608,10.952081373953261,N/A,52.61134172289223,52.901644831387806,0.2903031084955785
523,Generic_Service,Completed,53.567321641450995,53.56945801056439,53.56945801056439,53.622506323219085,0.05304831265469545,0.05518468176808736,0.05518468176808966,0.0,STARLINK-5136,1,2,2,0.0021363691133919095,0.08434397082907008,False,496.8825901251051,3.9229753873986084e-05,496.882629354859,8264.78250903749,10.330978136296864,N/A,53.567321641450995,53.814937740721184,0.24761609927018924
531,Generic_Service,Completed,54.42455647210917,54.42667914100682,54.42667914100682,54.6123955793268,0.18571643831997875,0.18783910721763636,0.1878391072176342,0.0,STARLINK-5136,1,2,2,0.0021226688976576165,0.05103946375454045,False,1811.498346734513,2.3739285467228118e-05,1811.4983704737986,6453.284162302948,8.066605202878685,N/A,54.42455647210917,54.722395006227636,0.29783853411846906
570,Generic_Service,Completed,58.076380963969335,58.078503699131105,58.078503699131105,58.13255033372803,0.05404663459692216,0.05616936975869167,0.0561693697586918,0.0,STARLINK-5136,1,2,2,0.002122735161769506,0.05120054834079975,False,516.4669634903736,2.3814208530604533e-05,516.4669873045821,5936.817198812554,7.421021498515692,N/A,58.076380963969335,58.34425816489761,0.26787720092827527
579,Generic_Service,Completed,58.727668026131184,58.72977713614732,58.72977713614732,58.76582714520524,0.03605000905792366,0.03815911907405857,0.03815911907405933,0.0,STARLINK-5136,1,2,2,0.002109110016134908,0.018078532747781664,False,349.2280762460795,8.408619882689146e-06,349.2280846546994,5587.589122566456,6.984486403208071,N/A,58.727668026131184,58.950182211195745,0.22251418506456133
581,Generic_Service,Completed,58.79247986944678,58.79458930315712,58.79458930315712,58.82824174002827,0.033652436871150826,0.035761870581488414,0.03576187058148861,0.0,STARLINK-5136,1,2,2,0.002109433710337589,0.018865416405108665,False,325.4158890157039,8.77461228144589e-06,325.4158977903162,5262.173233550752,6.5777165419384405,N/A,58.79247986944678,59.15525384246337,0.3627739730165871
585,CPU_Intensive,Completed,59.08203669887495,59.08415853679988,59.08415853679988,59.22691935994424,0.14276082314435712,0.14488266106928632,0.14488266106928904,0.0,STARLINK-5136,1,2,2,0.00212183792492919,0.04901941256342422,False,1389.6213655189965,2.2799726773685683e-05,1389.6213883187233,3872.5518680317427,4.8406898350396785,N/A,59.08203669887495,59.35735551572776,0.2753188168528098
615,CPU_and_Data_Intensive,Completed,62.08029192548793,62.082496483339135,62.082496483339135,62.131958983092815,0.049462499753680333,0.05166705760488807,0.0516670576048881,0.0,STARLINK-5136,1,2,3,0.002204557851207741,0.2501072219365745,False,485.32386222291757,0.00011632894043561603,485.323978551858,3387.227889479867,4.234034861849834,N/A,62.08029192548793,62.374872300598184,0.29458037511025736
650,CPU_Intensive,Completed,65.00998111986502,65.01209922909946,65.01209922909946,65.0506442744282,0.03854504532873193,0.04066315456317665,0.04066315456317682,0.0,STARLINK-5136,1,2,2,0.0021181092344447205,0.039955161238686976,False,367.32097180553313,1.8583795924970688e-05,367.32099038932904,3019.9069176742332,3.774883647092792,N/A,65.00998111986502,65.18674716381122,0.176766043946202
677,Generic_Service,Completed,68.15953662636143,68.161667377934,68.161667377934,68.23481067447933,0.07314329654533935,0.07527404811790535,0.07527404811790461,0.0,STARLINK-5136,1,2,2,0.0021307515725659905,0.07068802322891911,False,698.5422548805614,3.287815033903214e-05,698.5422877587117,2321.3646627936564,2.9017058284920703,N/A,68.15953662636143,68.3950623124116,0.23552568605016688
724,Generic_Service,Completed,71.68879396577094,71.69090878554914,71.69090878554914,71.75090876167731,0.05999997612816799,0.062114795906372755,0.062114795906367704,0.0,STARLINK-5136,1,2,2,0.002114819778204765,0.03195866536302462,False,580.6882608346655,1.486449551768587e-05,580.688275699161,1740.676401958961,2.175845502448701,N/A,71.68879396577094,71.9128025617811,0.2240085960101652
735,Generic_Service,Completed,73.42537908076415,73.42748708179228,73.42748708179228,73.46801365155734,0.040526569765063414,0.04263457079320033,0.04263457079319721,0.0,STARLINK-5136,1,2,2,0.002108001028136914,0.015382640993879822,False,394.04978948053275,7.154716741339452e-06,394.0497966352495,1346.626612478417,1.6832832655980214,N/A,73.42537908076415,73.61876598500571,0.19338690424156368
775,CPU_Intensive,Completed,77.71028420744875,77.71240789286507,77.71240789286507,77.75109999278331,0.03869209991823652,0.04081578533455199,0.04081578533455854,0.0,STARLINK-5136,1,2,2,0.0021236854163154684,0.05351056738446918,False,364.7731327959413,2.4888635992776363e-05,364.7731576845773,981.8534796824708,1.2273168496030886,N/A,77.71028420744875,77.92622943986669,0.21594523241793695
884,CPU_Intensive,Completed,89.74034576927582,89.74245912323724,89.74245912323724,89.77070713590477,0.028248012667532407,0.030361366628949123,0.03036136662895217,0.0,STARLINK-5136,1,2,2,0.002113353961416716,0.028395341504894325,False,269.45489329371236,1.320713558367178e-05,269.4549065008479,712.3985863887399,0.8904982329859248,N/A,89.74034576927582,89.94202499630198,0.2016792270261618
56000,Batch,Completed,0,0,0.0,0.007992066641195537,0.007992066641195537,0.007992066641195537,0.007992066641195537,0.0,STARLINK-11653 [DTC],0,N/A,0,0.0,17.182943278570402,True,0.0,0.007992066641195537,0.007992066641195537,80000,100.0,N/A,N/A,N/A,N/A
55000,Batch,Completed,0,0,0.0,0.2212458740559763,0.2212458740559763,0.2212458740559763,0.2212458740559763,0.0,STARLINK-11653 [DTC],0,N/A,0,0.0,475.678629220349,True,0.0,0.2212458740559763,0.2212458740559763,79999.99200793335,99.9999900099167,N/A,N/A,N/A,N/A
57000,Batch,Completed,0,0,0.0,0.008847997006910406,0.008847997006910406,0.008847997006910406,0.008847997006910406,0.0,STARLINK-11614 [DTC],0,N/A,0,0.0,19.023193564857372,True,0.0,0.008847997006910406,0.008847997006910406,80000,100.0,N/A,N/A,N/A,N/A
58000,Batch,Completed,0,0,0.0,0.12527459467539953,0.12527459467539953,0.12527459467539953,0.12527459467539953,0.0,STARLINK-11614 [DTC],0,N/A,0,0.0,269.340378552109,True,0.0,0.12527459467539953,0.12527459467539953,79999.991152003,99.99998894000375,N/A,N/A,N/A,N/A
61000,Batch,Completed,0,0,0.0,0.003021364569124143,0.003021364569124143,0.003021364569124143,0.003021364569124143,0.0,STARLINK-11493 [DTC],0,N/A,0,0.0,6.495933823616908,True,0.0,0.003021364569124143,0.003021364569124143,80000,100.0,N/A,N/A,N/A,N/A
59000,Batch,Completed,0,0,0.0,0.01097169550182696,0.01097169550182696,0.01097169550182696,0.01097169550182696,0.0,STARLINK-11493 [DTC],0,N/A,0,0.0,23.589145328927966,True,0.0,0.01097169550182696,0.01097169550182696,79999.99697863543,99.99999622329429,N/A,N/A,N/A,N/A
60000,Batch,Completed,0,0,0.0,0.07634934735305166,0.07634934735305166,0.07634934735305166,0.07634934735305166,0.0,STARLINK-11493 [DTC],0,N/A,0,0.0,164.15109680906104,True,0.0,0.07634934735305166,0.07634934735305166,79999.98600693993,99.99998250867492,N/A,N/A,N/A,N/A
62000,Batch,Completed,0,0,0.0,0.007282610105531214,0.007282610105531214,0.007282610105531214,0.007282610105531214,0.0,STARLINK-11185 [DTC],0,N/A,0,0.0,15.65761172689211,True,0.0,0.007282610105531214,0.007282610105531214,80000,100.0,N/A,N/A,N/A,N/A
63000,Batch,Completed,0,0,0.0,0.08983122814061971,0.08983122814061971,0.08983122814061971,0.08983122814061971,0.0,STARLINK-11185 [DTC],0,N/A,0,0.0,193.1371405023324,True,0.0,0.08983122814061971,0.08983122814061971,79999.99271738989,99.99999089673737,N/A,N/A,N/A,N/A
64000,Batch,Completed,0,0,0.0,0.003555377676502893,0.003555377676502893,0.003555377676502893,0.003555377676502893,0.0,STARLINK-33909,0,N/A,0,0.0,7.64406200448122,True,0.0,0.003555377676502893,0.003555377676502893,80000,100.0,N/A,N/A,N/A,N/A
65000,Batch,Completed,0,0,0.0,0.10091361385391538,0.10091361385391538,0.10091361385391538,0.10091361385391538,0.0,STARLINK-33909,0,N/A,0,0.0,216.96426978591808,True,0.0,0.10091361385391538,0.10091361385391538,79999.99644462232,99.9999955557779,N/A,N/A,N/A,N/A
66000,Batch,Completed,0,0,0.0,0.11557550750340426,0.11557550750340426,0.11557550750340426,0.11557550750340426,0.0,STARLINK-33909,0,N/A,0,0.0,248.48734113231916,True,0.0,0.11557550750340426,0.11557550750340426,79999.89553100846,99.99986941376056,N/A,N/A,N/A,N/A
67000,Batch,Completed,0,0,0.0,0.1620738272350878,0.1620738272350878,0.1620738272350878,0.1620738272350878,0.0,STARLINK-31495,0,N/A,0,0.0,348.4587285554387,True,0.0,0.1620738272350878,0.1620738272350878,80000,100.0,N/A,N/A,N/A,N/A
69000,Batch,Completed,0,0,0.0,0.006547249444244465,0.006547249444244465,0.006547249444244465,0.006547249444244465,0.0,STARLINK-32498,0,N/A,0,0.0,14.076586305125598,True,0.0,0.006547249444244465,0.006547249444244465,80000,100.0,N/A,N/A,N/A,N/A
68000,Batch,Completed,0,0,0.0,0.010553898816991179,0.010553898816991179,0.010553898816991179,0.010553898816991179,0.0,STARLINK-32498,0,N/A,0,0.0,22.690882456531035,True,0.0,0.010553898816991179,0.010553898816991179,79999.99345275055,99.99999181593819,N/A,N/A,N/A,N/A
70000,Batch,Completed,0,0,0.0,0.07650460702860169,0.07650460702860169,0.07650460702860169,0.07650460702860169,0.0,STARLINK-30177,0,N/A,0,0.0,164.48490511149365,True,0.0,0.07650460702860169,0.07650460702860169,80000,100.0,N/A,N/A,N/A,N/A
71000,Batch,Completed,0,0,0.0,0.2082775545270105,0.2082775545270105,0.2082775545270105,0.2082775545270105,0.0,STARLINK-30177,0,N/A,0,0.0,447.79674223307256,True,0.0,0.2082775545270105,0.2082775545270105,79999.92349539297,99.99990436924121,N/A,N/A,N/A,N/A
72000,Batch,Completed,0,0,0.0,0.1849190204132784,0.1849190204132784,0.1849190204132784,0.1849190204132784,0.0,STARLINK-33635,0,N/A,0,0.0,397.5758938885486,True,0.0,0.1849190204132784,0.1849190204132784,80000,100.0,N/A,N/A,N/A,N/A
73000,Batch,Completed,0,0,0.0,0.009228955378669102,0.009228955378669102,0.009228955378669102,0.009228955378669102,0.0,STARLINK-34893,0,N/A,0,0.0,19.84225406413857,True,0.0,0.009228955378669102,0.009228955378669102,80000,100.0,N/A,N/A,N/A,N/A
74000,Batch,Completed,0,0,0.0,0.0033264540116951387,0.0033264540116951387,0.0033264540116951387,0.0033264540116951387,0.0,STARLINK-2383,0,N/A,0,0.0,7.151876125144549,True,0.0,0.0033264540116951387,0.0033264540116951387,80000,100.0,N/A,N/A,N/A,N/A
75000,Batch,Completed,0,0,0.0,0.005360928799145887,0.005360928799145887,0.005360928799145887,0.005360928799145887,0.0,STARLINK-31643,0,N/A,0,0.0,11.525996918163656,True,0.0,0.005360928799145887,0.005360928799145887,80000,100.0,N/A,N/A,N/A,N/A
76000,Batch,Completed,0,0,0.0,0.1354174624600428,0.1354174624600428,0.1354174624600428,0.1354174624600428,0.0,STARLINK-31643,0,N/A,0,0.0,291.147544289092,True,0.0,0.1354174624600428,0.1354174624600428,79999.9946390712,99.999993298839,N/A,N/A,N/A,N/A
77000,Batch,Completed,0,0,0.0,0.008094751039490797,0.008094751039490797,0.008094751039490797,0.008094751039490797,0.0,STARLINK-32774,0,N/A,0,0.0,17.40371473490521,True,0.0,0.008094751039490797,0.008094751039490797,80000,100.0,N/A,N/A,N/A,N/A
78000,Batch,Completed,0,0,0.0,0.007012955550222245,0.007012955550222245,0.007012955550222245,0.007012955550222245,0.0,STARLINK-30383,0,N/A,0,0.0,15.077854432977826,True,0.0,0.007012955550222245,0.007012955550222245,80000,100.0,N/A,N/A,N/A,N/A
79000,Batch,Completed,0,0,0.0,0.007998814493916947,0.007998814493916947,0.007998814493916947,0.007998814493916947,0.0,STARLINK-30383,0,N/A,0,0.0,17.197451161921435,True,0.0,0.007998814493916947,0.007998814493916947,79999.99298704445,99.99999123380556,N/A,N/A,N/A,N/A
81000,Batch,Completed,0,0,0.0,0.0017933520827075457,0.0017933520827075457,0.0017933520827075457,0.0017933520827075457,0.0,STARLINK-32437,0,N/A,0,0.0,3.855706977821223,True,0.0,0.0017933520827075457,0.0017933520827075457,80000,100.0,N/A,N/A,N/A,N/A
80000,Batch,Completed,0,0,0.0,0.007052051037736435,0.007052051037736435,0.007052051037736435,0.007052051037736435,0.0,STARLINK-32437,0,N/A,0,0.0,15.161909731133335,True,0.0,0.007052051037736435,0.007052051037736435,79999.99820664791,99.99999775830989,N/A,N/A,N/A,N/A
83000,Batch,Completed,0,0,0.0,0.01069122774821558,0.01069122774821558,0.01069122774821558,0.01069122774821558,0.0,STARLINK-34517,0,N/A,0,0.0,22.9861396586635,True,0.0,0.01069122774821558,0.01069122774821558,80000,100.0,N/A,N/A,N/A,N/A
84000,Batch,Completed,0,0,0.0,0.062281586398430816,0.062281586398430816,0.062281586398430816,0.062281586398430816,0.0,STARLINK-34517,0,N/A,0,0.0,133.90541075662625,True,0.0,0.062281586398430816,0.062281586398430816,79999.98930877224,99.99998663596531,N/A,N/A,N/A,N/A
82000,Batch,Completed,0,0,0.0,0.1291419176422678,0.1291419176422678,0.1291419176422678,0.1291419176422678,0.0,STARLINK-34517,0,N/A,0,0.0,277.65512293087573,True,0.0,0.1291419176422678,0.1291419176422678,79999.92702718584,99.9999087839823,N/A,N/A,N/A,N/A
85000,Batch,Completed,0,0,0.0,0.008730984169284785,0.008730984169284785,0.008730984169284785,0.008730984169284785,0.0,STARLINK-32265,0,N/A,0,0.0,18.771615963962287,True,0.0,0.008730984169284785,0.008730984169284785,80000,100.0,N/A,N/A,N/A,N/A
86000,Batch,Completed,0,0,0.0,0.18853430506222957,0.18853430506222957,0.18853430506222957,0.18853430506222957,0.0,STARLINK-31061,0,N/A,0,0.0,405.34875588379356,True,0.0,0.18853430506222957,0.18853430506222957,80000,100.0,N/A,N/A,N/A,N/A
87000,Batch,Completed,0,0,0.0,0.1893514306717481,0.1893514306717481,0.1893514306717481,0.1893514306717481,0.0,STARLINK-31061,0,N/A,0,0.0,407.10557594425836,True,0.0,0.1893514306717481,0.1893514306717481,79999.81146569493,99.99976433211867,N/A,N/A,N/A,N/A
88000,Batch,Completed,0,0,0.0,0.10595057279752403,0.10595057279752403,0.10595057279752403,0.10595057279752403,0.0,STARLINK-4013,0,N/A,0,0.0,227.79373151467667,True,0.0,0.10595057279752403,0.10595057279752403,80000,100.0,N/A,N/A,N/A,N/A
90000,Batch,Completed,0,0,0.0,0.009853959437110775,0.009853959437110775,0.009853959437110775,0.009853959437110775,0.0,STARLINK-30172,0,N/A,0,0.0,21.186012789788165,True,0.0,0.009853959437110775,0.009853959437110775,80000,100.0,N/A,N/A,N/A,N/A
89000,Batch,Completed,0,0,0.0,0.10245906588097148,0.10245906588097148,0.10245906588097148,0.10245906588097148,0.0,STARLINK-30172,0,N/A,0,0.0,220.2869916440887,True,0.0,0.10245906588097148,0.10245906588097148,79999.99014604057,99.99998768255071,N/A,N/A,N/A,N/A
91000,Batch,Completed,0,0,0.0,0.08609728827331362,0.08609728827331362,0.08609728827331362,0.08609728827331362,0.0,STARLINK-30103,0,N/A,0,0.0,185.10916978762427,True,0.0,0.08609728827331362,0.08609728827331362,80000,100.0,N/A,N/A,N/A,N/A
92000,Batch,Completed,0,0,0.0,0.17824318979753095,0.17824318979753095,0.17824318979753095,0.17824318979753095,0.0,STARLINK-30103,0,N/A,0,0.0,383.22285806469154,True,0.0,0.17824318979753095,0.17824318979753095,79999.91390271172,99.99989237838966,N/A,N/A,N/A,N/A
94000,Batch,Completed,0,0,0.0,0.001590606903026095,0.001590606903026095,0.001590606903026095,0.001590606903026095,0.0,STARLINK-5263,0,N/A,0,0.0,3.419804841506104,True,0.0,0.001590606903026095,0.001590606903026095,80000,100.0,N/A,N/A,N/A,N/A
93000,Batch,Completed,0,0,0.0,0.01000286134089869,0.01000286134089869,0.01000286134089869,0.01000286134089869,0.0,STARLINK-5263,0,N/A,0,0.0,21.506151882932183,True,0.0,0.01000286134089869,0.01000286134089869,79999.9984093931,99.99999801174138,N/A,N/A,N/A,N/A
95000,Batch,Completed,0,0,0.0,0.17096514840716068,0.17096514840716068,0.17096514840716068,0.17096514840716068,0.0,STARLINK-32770,0,N/A,0,0.0,367.57506907539545,True,0.0,0.17096514840716068,0.17096514840716068,80000,100.0,N/A,N/A,N/A,N/A
96000,Batch,Completed,0,0,0.0,0.009533266093680848,0.009533266093680848,0.009533266093680848,0.009533266093680848,0.0,STARLINK-2598,0,N/A,0,0.0,20.496522101413824,True,0.0,0.009533266093680848,0.009533266093680848,80000,100.0,N/A,N/A,N/A,N/A
97000,Batch,Completed,0,0,0.0,0.12369092701696054,0.12369092701696054,0.12369092701696054,0.12369092701696054,0.0,STARLINK-35115,0,N/A,0,0.0,265.93549308646516,True,0.0,0.12369092701696054,0.12369092701696054,80000,100.0,N/A,N/A,N/A,N/A
98000,Batch,Completed,0,0,0.0,0.14663458555656683,0.14663458555656683,0.14663458555656683,0.14663458555656683,0.0,STARLINK-35115,0,N/A,0,0.0,315.2643589466187,True,0.0,0.14663458555656683,0.14663458555656683,79999.87630907298,99.99984538634122,N/A,N/A,N/A,N/A
99000,Batch,Completed,0,0,0.0,0.00874795462703188,0.00874795462703188,0.00874795462703188,0.00874795462703188,0.0,STARLINK-4800,0,N/A,0,0.0,18.808102448118543,True,0.0,0.00874795462703188,0.00874795462703188,80000,100.0,N/A,N/A,N/A,N/A
101000,Batch,Completed,0,0,0.0,0.08660800701484118,0.08660800701484118,0.08660800701484118,0.08660800701484118,0.0,STARLINK-4800,0,N/A,0,0.0,186.20721508190854,True,0.0,0.08660800701484118,0.08660800701484118,79999.99125204538,99.99998906505672,N/A,N/A,N/A,N/A
100000,Batch,Completed,0,0,0.0,0.13171733359787818,0.13171733359787818,0.13171733359787818,0.13171733359787818,0.0,STARLINK-4800,0,N/A,0,0.0,283.19226723543807,True,0.0,0.13171733359787818,0.13171733359787818,79999.90464403837,99.99988080504795,N/A,N/A,N/A,N/A
104000,Batch,Completed,0,0,0.0,0.08252914336455089,0.08252914336455089,0.08252914336455089,0.08252914336455089,0.0,STARLINK-31863,0,N/A,0,0.0,177.43765823378442,True,0.0,0.08252914336455089,0.08252914336455089,80000,100.0,N/A,N/A,N/A,N/A
103000,Batch,Completed,0,0,0.0,0.1289928511093803,0.1289928511093803,0.1289928511093803,0.1289928511093803,0.0,STARLINK-31863,0,N/A,0,0.0,277.33462988516766,True,0.0,0.1289928511093803,0.1289928511093803,79999.91747085664,99.9998968385708,N/A,N/A,N/A,N/A
102000,Batch,Completed,0,0,0.0,0.13121887132800358,0.13121887132800358,0.13121887132800358,0.13121887132800358,0.0,STARLINK-31863,0,N/A,0,0.0,282.1205733552077,True,0.0,0.13121887132800358,0.13121887132800358,79999.78847800553,99.99973559750691,N/A,N/A,N/A,N/A
107000,Batch,Completed,0,0,0.0,0.008049746061520738,0.008049746061520738,0.008049746061520738,0.008049746061520738,0.0,STARLINK-6316,0,N/A,0,0.0,17.306954032269587,True,0.0,0.008049746061520738,0.008049746061520738,80000,100.0,N/A,N/A,N/A,N/A
105000,Batch,Completed,0,0,0.0,0.0112050971999841,0.0112050971999841,0.0112050971999841,0.0112050971999841,0.0,STARLINK-6316,0,N/A,0,0.0,24.090958979965812,True,0.0,0.0112050971999841,0.0112050971999841,79999.99195025394,99.99998993781742,N/A,N/A,N/A,N/A
106000,Batch,Completed,0,0,0.0,0.168565602205466,0.168565602205466,0.168565602205466,0.168565602205466,0.0,STARLINK-6316,0,N/A,0,0.0,362.4160447417519,True,0.0,0.168565602205466,0.168565602205466,79999.98074515675,99.99997593144593,N/A,N/A,N/A,N/A
108000,Batch,Completed,0,0,0.0,0.001331300245892559,0.001331300245892559,0.001331300245892559,0.001331300245892559,0.0,STARLINK-34845,0,N/A,0,0.0,2.862295528669002,True,0.0,0.001331300245892559,0.001331300245892559,80000,100.0,N/A,N/A,N/A,N/A
109000,Batch,Completed,0,0,0.0,0.12373423092781322,0.12373423092781322,0.12373423092781322,0.12373423092781322,0.0,STARLINK-5634,0,N/A,0,0.0,266.0285964947984,True,0.0,0.12373423092781322,0.12373423092781322,80000,100.0,N/A,N/A,N/A,N/A
110000,Batch,Completed,0,0,0.0,0.13033848459569286,0.13033848459569286,0.13033848459569286,0.13033848459569286,0.0,STARLINK-5634,0,N/A,0,0.0,280.22774188073964,True,0.0,0.13033848459569286,0.13033848459569286,79999.87626576907,99.99984533221134,N/A,N/A,N/A,N/A
113000,Batch,Completed,0,0,0.0,0.008413998923198775,0.008413998923198775,0.008413998923198775,0.008413998923198775,0.0,STARLINK-5350,0,N/A,0,0.0,18.090097684877367,True,0.0,0.008413998923198775,0.008413998923198775,80000,100.0,N/A,N/A,N/A,N/A
112000,Batch,Completed,0,0,0.0,0.06980145446644888,0.06980145446644888,0.06980145446644888,0.06980145446644888,0.0,STARLINK-5350,0,N/A,0,0.0,150.0731271028651,True,0.0,0.06980145446644888,0.06980145446644888,79999.99158600108,99.99998948250135,N/A,N/A,N/A,N/A
111000,Batch,Completed,0,0,0.0,0.16879894883647778,0.16879894883647778,0.16879894883647778,0.16879894883647778,0.0,STARLINK-5350,0,N/A,0,0.0,362.91773999842724,True,0.0,0.16879894883647778,0.16879894883647778,79999.92178454662,99.99990223068326,N/A,N/A,N/A,N/A
115000,Batch,Completed,0,0,0.0,0.008183792832454123,0.008183792832454123,0.008183792832454123,0.008183792832454123,0.0,STARLINK-4728,0,N/A,0,0.0,17.595154589776367,True,0.0,0.008183792832454123,0.008183792832454123,80000,100.0,N/A,N/A,N/A,N/A
114000,Batch,Completed,0,0,0.0,0.09969899226669089,0.09969899226669089,0.09969899226669089,0.09969899226669089,0.0,STARLINK-4728,0,N/A,0,0.0,214.3528333733854,True,0.0,0.09969899226669089,0.09969899226669089,79999.99181620717,99.99998977025896,N/A,N/A,N/A,N/A
117000,Batch,Completed,0,0,0.0,0.00485912515913819,0.00485912515913819,0.00485912515913819,0.00485912515913819,0.0,STARLINK-3989,0,N/A,0,0.0,10.447119092147108,True,0.0,0.00485912515913819,0.00485912515913819,80000,100.0,N/A,N/A,N/A,N/A
116000,Batch,Completed,0,0,0.0,0.21705496432093543,0.21705496432093543,0.21705496432093543,0.21705496432093543,0.0,STARLINK-3989,0,N/A,0,0.0,466.66817329001117,True,0.0,0.21705496432093543,0.21705496432093543,79999.99514087485,99.99999392609355,N/A,N/A,N/A,N/A
120000,Batch,Completed,0,0,0.0,0.006661040636893163,0.006661040636893163,0.006661040636893163,0.006661040636893163,0.0,STARLINK-35201,0,N/A,0,0.0,14.3212373693203,True,0.0,0.006661040636893163,0.006661040636893163,80000,100.0,N/A,N/A,N/A,N/A
119000,Batch,Completed,0,0,0.0,0.008517041374776034,0.008517041374776034,0.008517041374776034,0.008517041374776034,0.0,STARLINK-35201,0,N/A,0,0.0,18.311638955768473,True,0.0,0.008517041374776034,0.008517041374776034,79999.99333895936,99.99999167369921,N/A,N/A,N/A,N/A
118000,Batch,Completed,0,0,0.0,0.11741857798963415,0.11741857798963415,0.11741857798963415,0.11741857798963415,0.0,STARLINK-35201,0,N/A,0,0.0,252.4499426777134,True,0.0,0.11741857798963415,0.11741857798963415,79999.98482191798,99.99998102739748,N/A,N/A,N/A,N/A
121000,Batch,Completed,0,0,0.0,0.07926625699825274,0.07926625699825274,0.07926625699825274,0.07926625699825274,0.0,STARLINK-6045,0,N/A,0,0.0,170.4224525462434,True,0.0,0.07926625699825274,0.07926625699825274,80000,100.0,N/A,N/A,N/A,N/A
122000,Batch,Completed,0,0,0.0,0.13649910911217794,0.13649910911217794,0.13649910911217794,0.13649910911217794,0.0,STARLINK-34089,0,N/A,0,0.0,293.47308459118256,True,0.0,0.13649910911217794,0.13649910911217794,80000,100.0,N/A,N/A,N/A,N/A
108000,Batch,Completed,0,0,0.0,0.001331300245892559,0.001331300245892559,0.001331300245892559,0.001331300245892559,0.0,STARLINK-34845,0,N/A,0,0.0,2.862295528669002,False,0.0,0.001331300245892559,0.001331300245892559,79999.99866869976,99.9999983358747,N/A,N/A,N/A,N/A
30000,Batch,Completed,0,0,0.0,0.0014777669476136348,0.0014777669476136348,0.0014777669476136348,0.0014777669476136348,0.0,STARLINK-34068,0,N/A,0,0.0,3.177198937369315,False,0.0,0.0014777669476136348,0.0014777669476136348,79999.99852223306,99.99999815279132,N/A,N/A,N/A,N/A
94000,Batch,Completed,0,0,0.0,0.001590606903026095,0.001590606903026095,0.001590606903026095,0.001590606903026095,0.0,STARLINK-5263,0,N/A,0,0.0,3.419804841506104,False,0.0,0.001590606903026095,0.001590606903026095,79999.9984093931,99.99999801174138,N/A,N/A,N/A,N/A
81000,Batch,Completed,0,0,0.0,0.0017933520827075457,0.0017933520827075457,0.0017933520827075457,0.0017933520827075457,0.0,STARLINK-32437,0,N/A,0,0.0,3.855706977821223,False,0.0,0.0017933520827075457,0.0017933520827075457,79999.99820664791,99.99999775830989,N/A,N/A,N/A,N/A
15000,Batch,Completed,0,0,0.0,0.001878351733384749,0.001878351733384749,0.001878351733384749,0.001878351733384749,0.0,STARLINK-33959,0,N/A,0,0.0,4.03845622677721,False,0.0,0.001878351733384749,0.001878351733384749,79999.99812164827,99.99999765206033,N/A,N/A,N/A,N/A
48000,Batch,Completed,0,0,0.0,0.0018888014481964672,0.0018888014481964672,0.0018888014481964672,0.0018888014481964672,0.0,STARLINK-6174,0,N/A,0,0.0,4.060923113622405,False,0.0,0.0018888014481964672,0.0018888014481964672,79999.99811119855,99.9999976389982,N/A,N/A,N/A,N/A
45000,Batch,Completed,0,0,0.0,0.002639011563343703,0.002639011563343703,0.002639011563343703,0.002639011563343703,0.0,STARLINK-34965,0,N/A,0,0.0,5.673874861188962,False,0.0,0.002639011563343703,0.002639011563343703,79999.99736098843,99.99999670123555,N/A,N/A,N/A,N/A
10000,Batch,Completed,0,0,0.0,0.0026798661569412737,0.0026798661569412737,0.0026798661569412737,0.0026798661569412737,0.0,STARLINK-31632,0,N/A,0,0.0,5.761712237423739,False,0.0,0.0026798661569412737,0.0026798661569412737,79999.99732013384,99.9999966501673,N/A,N/A,N/A,N/A
61000,Batch,Completed,0,0,0.0,0.003021364569124143,0.003021364569124143,0.003021364569124143,0.003021364569124143,0.0,STARLINK-11493 [DTC],0,N/A,0,0.0,6.495933823616908,False,0.0,0.003021364569124143,0.003021364569124143,79999.99697863543,99.99999622329429,N/A,N/A,N/A,N/A
26000,Batch,Completed,0,0,0.0,0.0032761723050351303,0.0032761723050351303,0.0032761723050351303,0.0032761723050351303,0.0,STARLINK-30846,0,N/A,0,0.0,7.0437704558255305,False,0.0,0.0032761723050351303,0.0032761723050351303,79999.9967238277,99.99999590478464,N/A,N/A,N/A,N/A
74000,Batch,Completed,0,0,0.0,0.0033264540116951387,0.0033264540116951387,0.0033264540116951387,0.0033264540116951387,0.0,STARLINK-2383,0,N/A,0,0.0,7.151876125144549,False,0.0,0.0033264540116951387,0.0033264540116951387,79999.99667354599,99.99999584193249,N/A,N/A,N/A,N/A
51000,Batch,Completed,0,0,0.0,0.0035290613125007484,0.0035290613125007484,0.0035290613125007484,0.0035290613125007484,0.0,STARLINK-2624,0,N/A,0,0.0,7.587481821876609,False,0.0,0.0035290613125007484,0.0035290613125007484,79999.99647093868,99.99999558867336,N/A,N/A,N/A,N/A
64000,Batch,Completed,0,0,0.0,0.003555377676502893,0.003555377676502893,0.003555377676502893,0.003555377676502893,0.0,STARLINK-33909,0,N/A,0,0.0,7.64406200448122,False,0.0,0.003555377676502893,0.003555377676502893,79999.99644462232,99.9999955557779,N/A,N/A,N/A,N/A
49000,Batch,Completed,0,0,0.0,0.0036176411091769574,0.0036176411091769574,0.0036176411091769574,0.0036176411091769574,0.0,STARLINK-6174,0,N/A,0,0.0,7.777928384730458,False,0.0,0.0036176411091769574,0.0036176411091769574,79999.99449355745,99.99999311694681,N/A,N/A,N/A,N/A
16000,Batch,Completed,0,0,0.0,0.0038038981184261543,0.0038038981184261543,0.0038038981184261543,0.0038038981184261543,0.0,STARLINK-33959,0,N/A,0,0.0,8.178380954616232,False,0.0,0.0038038981184261543,0.0038038981184261543,79999.99431775016,99.9999928971877,N/A,N/A,N/A,N/A
31000,Batch,Completed,0,0,0.0,0.0038342563750693747,0.0038342563750693747,0.0038342563750693747,0.0038342563750693747,0.0,STARLINK-34068,0,N/A,0,0.0,8.243651206399155,False,0.0,0.0038342563750693747,0.0038342563750693747,79999.99468797668,99.99999335997086,N/A,N/A,N/A,N/A
39000,Batch,Completed,0,0,0.0,0.004285302320028515,0.004285302320028515,0.004285302320028515,0.004285302320028515,0.0,STARLINK-33963,0,N/A,0,0.0,9.213399988061308,False,0.0,0.004285302320028515,0.004285302320028515,79999.99571469768,99.9999946433721,N/A,N/A,N/A,N/A
21000,Batch,Completed,0,0,0.0,0.004310468470841877,0.004310468470841877,0.004310468470841877,0.004310468470841877,0.0,STARLINK-3594,0,N/A,0,0.0,9.267507212310036,False,0.0,0.004310468470841877,0.004310468470841877,79999.99568953153,99.99999461191442,N/A,N/A,N/A,N/A
2000,Batch,Completed,0,0,0.0,0.004432476197139176,0.004432476197139176,0.004432476197139176,0.004432476197139176,0.0,STARLINK-11127 [DTC],0,N/A,0,0.0,9.529823823849227,False,0.0,0.004432476197139176,0.004432476197139176,79999.9955675238,99.99999445940475,N/A,N/A,N/A,N/A
34000,Batch,Completed,0,0,0.0,0.004777435073637315,0.004777435073637315,0.004777435073637315,0.004777435073637315,0.0,STARLINK-6032,0,N/A,0,0.0,10.271485408320228,False,0.0,0.004777435073637315,0.004777435073637315,79999.99522256493,99.99999402820616,N/A,N/A,N/A,N/A
117000,Batch,Completed,0,0,0.0,0.00485912515913819,0.00485912515913819,0.00485912515913819,0.00485912515913819,0.0,STARLINK-3989,0,N/A,0,0.0,10.447119092147108,False,0.0,0.00485912515913819,0.00485912515913819,79999.99514087485,99.99999392609355,N/A,N/A,N/A,N/A
75000,Batch,Completed,0,0,0.0,0.005360928799145887,0.005360928799145887,0.005360928799145887,0.005360928799145887,0.0,STARLINK-31643,0,N/A,0,0.0,11.525996918163656,False,0.0,0.005360928799145887,0.005360928799145887,79999.9946390712,99.999993298839,N/A,N/A,N/A,N/A
43000,Batch,Completed,0,0,0.0,0.005716350797948773,0.005716350797948773,0.005716350797948773,0.005716350797948773,0.0,STARLINK-3854,0,N/A,0,0.0,12.290154215589862,False,0.0,0.005716350797948773,0.005716350797948773,79999.9942836492,99.9999928545615,N/A,N/A,N/A,N/A
20000,Batch,Completed,0,0,0.0,0.006138296715836099,0.006138296715836099,0.006138296715836099,0.006138296715836099,0.0,STARLINK-3594,0,N/A,0,0.0,13.197337939047614,False,0.0,0.006138296715836099,0.006138296715836099,79999.98955123482,99.99998693904352,N/A,N/A,N/A,N/A
9000,Batch,Completed,0,0,0.0,0.006383638832811135,0.006383638832811135,0.006383638832811135,0.006383638832811135,0.0,STARLINK-31632,0,N/A,0,0.0,13.72482349054394,False,0.0,0.006383638832811135,0.006383638832811135,79999.99093649501,99.99998867061876,N/A,N/A,N/A,N/A
69000,Batch,Completed,0,0,0.0,0.006547249444244465,0.006547249444244465,0.006547249444244465,0.006547249444244465,0.0,STARLINK-32498,0,N/A,0,0.0,14.076586305125598,False,0.0,0.006547249444244465,0.006547249444244465,79999.99345275055,99.99999181593819,N/A,N/A,N/A,N/A
120000,Batch,Completed,0,0,0.0,0.006661040636893163,0.006661040636893163,0.006661040636893163,0.006661040636893163,0.0,STARLINK-35201,0,N/A,0,0.0,14.3212373693203,False,0.0,0.006661040636893163,0.006661040636893163,79999.99333895936,99.99999167369921,N/A,N/A,N/A,N/A
46000,Batch,Completed,0,0,0.0,0.006701378352883704,0.006701378352883704,0.006701378352883704,0.006701378352883704,0.0,STARLINK-34965,0,N/A,0,0.0,14.407963458699964,False,0.0,0.006701378352883704,0.006701378352883704,79999.99065961008,99.9999883245126,N/A,N/A,N/A,N/A
5000,Batch,Completed,0,0,0.0,0.006922497551925564,0.006922497551925564,0.006922497551925564,0.006922497551925564,0.0,STARLINK-34734,0,N/A,0,0.0,14.883369736639963,False,0.0,0.006922497551925564,0.006922497551925564,79999.99307750245,99.99999134687808,N/A,N/A,N/A,N/A
78000,Batch,Completed,0,0,0.0,0.007012955550222245,0.007012955550222245,0.007012955550222245,0.007012955550222245,0.0,STARLINK-30383,0,N/A,0,0.0,15.077854432977826,False,0.0,0.007012955550222245,0.007012955550222245,79999.99298704445,99.99999123380556,N/A,N/A,N/A,N/A
80000,Batch,Completed,0,0,0.0,0.007052051037736435,0.007052051037736435,0.007052051037736435,0.007052051037736435,0.0,STARLINK-32437,0,N/A,0,0.0,15.161909731133335,False,0.0,0.007052051037736435,0.007052051037736435,79999.99115459688,99.9999889432461,N/A,N/A,N/A,N/A
62000,Batch,Completed,0,0,0.0,0.007282610105531214,0.007282610105531214,0.007282610105531214,0.007282610105531214,0.0,STARLINK-11185 [DTC],0,N/A,0,0.0,15.65761172689211,False,0.0,0.007282610105531214,0.007282610105531214,79999.99271738989,99.99999089673737,N/A,N/A,N/A,N/A
35000,Batch,Completed,0,0,0.0,0.007340597327386121,0.007340597327386121,0.007340597327386121,0.007340597327386121,0.0,STARLINK-6032,0,N/A,0,0.0,15.78228425388016,False,0.0,0.007340597327386121,0.007340597327386121,79999.98788196761,99.9999848524595,N/A,N/A,N/A,N/A
56000,Batch,Completed,0,0,0.0,0.007992066641195537,0.007992066641195537,0.007992066641195537,0.007992066641195537,0.0,STARLINK-11653 [DTC],0,N/A,0,0.0,17.182943278570402,False,0.0,0.007992066641195537,0.007992066641195537,79999.99200793335,99.9999900099167,N/A,N/A,N/A,N/A
79000,Batch,Completed,0,0,0.0,0.007998814493916947,0.007998814493916947,0.007998814493916947,0.007998814493916947,0.0,STARLINK-30383,0,N/A,0,0.0,17.197451161921435,False,0.0,0.007998814493916947,0.007998814493916947,79999.98498822995,99.99998123528742,N/A,N/A,N/A,N/A
107000,Batch,Completed,0,0,0.0,0.008049746061520738,0.008049746061520738,0.008049746061520738,0.008049746061520738,0.0,STARLINK-6316,0,N/A,0,0.0,17.306954032269587,False,0.0,0.008049746061520738,0.008049746061520738,79999.99195025394,99.99998993781742,N/A,N/A,N/A,N/A
77000,Batch,Completed,0,0,0.0,0.008094751039490797,0.008094751039490797,0.008094751039490797,0.008094751039490797,0.0,STARLINK-32774,0,N/A,0,0.0,17.40371473490521,False,0.0,0.008094751039490797,0.008094751039490797,79999.99190524896,99.99998988156119,N/A,N/A,N/A,N/A
115000,Batch,Completed,0,0,0.0,0.008183792832454123,0.008183792832454123,0.008183792832454123,0.008183792832454123,0.0,STARLINK-4728,0,N/A,0,0.0,17.595154589776367,False,0.0,0.008183792832454123,0.008183792832454123,79999.99181620717,99.99998977025896,N/A,N/A,N/A,N/A
25000,Batch,Completed,0,0,0.0,0.008398083980000363,0.008398083980000363,0.008398083980000363,0.008398083980000363,0.0,STARLINK-30846,0,N/A,0,0.0,18.05588055700078,False,0.0,0.008398083980000363,0.008398083980000363,79999.98832574372,99.99998540717965,N/A,N/A,N/A,N/A
113000,Batch,Completed,0,0,0.0,0.008413998923198775,0.008413998923198775,0.008413998923198775,0.008413998923198775,0.0,STARLINK-5350,0,N/A,0,0.0,18.090097684877367,False,0.0,0.008413998923198775,0.008413998923198775,79999.99158600108,99.99998948250135,N/A,N/A,N/A,N/A
119000,Batch,Completed,0,0,0.0,0.008517041374776034,0.008517041374776034,0.008517041374776034,0.008517041374776034,0.0,STARLINK-35201,0,N/A,0,0.0,18.311638955768473,False,0.0,0.008517041374776034,0.008517041374776034,79999.98482191798,99.99998102739748,N/A,N/A,N/A,N/A
85000,Batch,Completed,0,0,0.0,0.008730984169284785,0.008730984169284785,0.008730984169284785,0.008730984169284785,0.0,STARLINK-32265,0,N/A,0,0.0,18.771615963962287,False,0.0,0.008730984169284785,0.008730984169284785,79999.99126901582,99.99998908626978,N/A,N/A,N/A,N/A
99000,Batch,Completed,0,0,0.0,0.00874795462703188,0.00874795462703188,0.00874795462703188,0.00874795462703188,0.0,STARLINK-4800,0,N/A,0,0.0,18.808102448118543,False,0.0,0.00874795462703188,0.00874795462703188,79999.99125204538,99.99998906505672,N/A,N/A,N/A,N/A
57000,Batch,Completed,0,0,0.0,0.008847997006910406,0.008847997006910406,0.008847997006910406,0.008847997006910406,0.0,STARLINK-11614 [DTC],0,N/A,0,0.0,19.023193564857372,False,0.0,0.008847997006910406,0.008847997006910406,79999.991152003,99.99998894000375,N/A,N/A,N/A,N/A
73000,Batch,Completed,0,0,0.0,0.009228955378669102,0.009228955378669102,0.009228955378669102,0.009228955378669102,0.0,STARLINK-34893,0,N/A,0,0.0,19.84225406413857,False,0.0,0.009228955378669102,0.009228955378669102,79999.99077104463,99.99998846380579,N/A,N/A,N/A,N/A
11000,Batch,Completed,0,0,0.0,0.009468851762539116,0.009468851762539116,0.009468851762539116,0.009468851762539116,0.0,STARLINK-32586,0,N/A,0,0.0,20.3580312894591,False,0.0,0.009468851762539116,0.009468851762539116,79999.99053114824,99.9999881639353,N/A,N/A,N/A,N/A
37000,Batch,Completed,0,0,0.0,0.009508199288827702,0.009508199288827702,0.009508199288827702,0.009508199288827702,0.0,STARLINK-32736,0,N/A,0,0.0,20.442628470979557,False,0.0,0.009508199288827702,0.009508199288827702,79999.99049180071,99.99998811475088,N/A,N/A,N/A,N/A
96000,Batch,Completed,0,0,0.0,0.009533266093680848,0.009533266093680848,0.009533266093680848,0.009533266093680848,0.0,STARLINK-2598,0,N/A,0,0.0,20.496522101413824,False,0.0,0.009533266093680848,0.009533266093680848,79999.9904667339,99.99998808341738,N/A,N/A,N/A,N/A
36000,Batch,Completed,0,0,0.0,0.009667159458657747,0.009667159458657747,0.009667159458657747,0.009667159458657747,0.0,STARLINK-32736,0,N/A,0,0.0,20.784392836114154,False,0.0,0.009667159458657747,0.009667159458657747,79999.98082464124,99.99997603080155,N/A,N/A,N/A,N/A
90000,Batch,Completed,0,0,0.0,0.009853959437110775,0.009853959437110775,0.009853959437110775,0.009853959437110775,0.0,STARLINK-30172,0,N/A,0,0.0,21.186012789788165,False,0.0,0.009853959437110775,0.009853959437110775,79999.99014604057,99.99998768255071,N/A,N/A,N/A,N/A
93000,Batch,Completed,0,0,0.0,0.01000286134089869,0.01000286134089869,0.01000286134089869,0.01000286134089869,0.0,STARLINK-5263,0,N/A,0,0.0,21.506151882932183,False,0.0,0.01000286134089869,0.01000286134089869,79999.98840653176,99.9999855081647,N/A,N/A,N/A,N/A
47000,Batch,Completed,0,0,0.0,0.010230300180641855,0.010230300180641855,0.010230300180641855,0.010230300180641855,0.0,STARLINK-5155,0,N/A,0,0.0,21.99514538837999,False,0.0,0.010230300180641855,0.010230300180641855,79999.98976969982,99.99998721212478,N/A,N/A,N/A,N/A
40000,Batch,Completed,0,0,0.0,0.010327811663026995,0.010327811663026995,0.010327811663026995,0.010327811663026995,0.0,STARLINK-33963,0,N/A,0,0.0,22.20479507550804,False,0.0,0.010327811663026995,0.010327811663026995,79999.98538688602,99.99998173360753,N/A,N/A,N/A,N/A
68000,Batch,Completed,0,0,0.0,0.010553898816991179,0.010553898816991179,0.010553898816991179,0.010553898816991179,0.0,STARLINK-32498,0,N/A,0,0.0,22.690882456531035,False,0.0,0.010553898816991179,0.010553898816991179,79999.98289885174,99.99997862356467,N/A,N/A,N/A,N/A
83000,Batch,Completed,0,0,0.0,0.01069122774821558,0.01069122774821558,0.01069122774821558,0.01069122774821558,0.0,STARLINK-34517,0,N/A,0,0.0,22.9861396586635,False,0.0,0.01069122774821558,0.01069122774821558,79999.98930877224,99.99998663596531,N/A,N/A,N/A,N/A
59000,Batch,Completed,0,0,0.0,0.01097169550182696,0.01097169550182696,0.01097169550182696,0.01097169550182696,0.0,STARLINK-11493 [DTC],0,N/A,0,0.0,23.589145328927966,False,0.0,0.01097169550182696,0.01097169550182696,79999.98600693993,99.99998250867492,N/A,N/A,N/A,N/A
8000,Batch,Completed,0,0,0.0,0.011102629492886248,0.011102629492886248,0.011102629492886248,0.011102629492886248,0.0,STARLINK-35401,0,N/A,0,0.0,23.870653409705433,False,0.0,0.011102629492886248,0.011102629492886248,79999.98889737051,99.99998612171314,N/A,N/A,N/A,N/A
105000,Batch,Completed,0,0,0.0,0.0112050971999841,0.0112050971999841,0.0112050971999841,0.0112050971999841,0.0,STARLINK-6316,0,N/A,0,0.0,24.090958979965812,False,0.0,0.0112050971999841,0.0112050971999841,79999.98074515675,99.99997593144593,N/A,N/A,N/A,N/A
84000,Batch,Completed,0,0,0.0,0.062281586398430816,0.062281586398430816,0.062281586398430816,0.062281586398430816,0.0,STARLINK-34517,0,N/A,0,0.0,133.90541075662625,False,0.0,0.062281586398430816,0.062281586398430816,79999.92702718584,99.9999087839823,N/A,N/A,N/A,N/A
13000,Batch,Completed,0,0,0.0,0.06287898175536172,0.06287898175536172,0.06287898175536172,0.06287898175536172,0.0,STARLINK-32508,0,N/A,0,0.0,135.1898107740277,False,0.0,0.06287898175536172,0.06287898175536172,79999.93712101824,99.9999214012728,N/A,N/A,N/A,N/A
112000,Batch,Completed,0,0,0.0,0.06980145446644888,0.06980145446644888,0.06980145446644888,0.06980145446644888,0.0,STARLINK-5350,0,N/A,0,0.0,150.0731271028651,False,0.0,0.06980145446644888,0.06980145446644888,79999.92178454662,99.99990223068326,N/A,N/A,N/A,N/A
50000,Batch,Completed,0,0,0.0,0.07254365142281564,0.07254365142281564,0.07254365142281564,0.07254365142281564,0.0,STARLINK-6174,0,N/A,0,0.0,155.96885055905364,False,0.0,0.07254365142281564,0.07254365142281564,79999.92194990603,99.99990243738253,N/A,N/A,N/A,N/A
60000,Batch,Completed,0,0,0.0,0.07634934735305166,0.07634934735305166,0.07634934735305166,0.07634934735305166,0.0,STARLINK-11493 [DTC],0,N/A,0,0.0,164.15109680906104,False,0.0,0.07634934735305166,0.07634934735305166,79999.90965759258,99.99988707199073,N/A,N/A,N/A,N/A
70000,Batch,Completed,0,0,0.0,0.07650460702860169,0.07650460702860169,0.07650460702860169,0.07650460702860169,0.0,STARLINK-30177,0,N/A,0,0.0,164.48490511149365,False,0.0,0.07650460702860169,0.07650460702860169,79999.92349539297,99.99990436924121,N/A,N/A,N/A,N/A
121000,Batch,Completed,0,0,0.0,0.07926625699825274,0.07926625699825274,0.07926625699825274,0.07926625699825274,0.0,STARLINK-6045,0,N/A,0,0.0,170.4224525462434,False,0.0,0.07926625699825274,0.07926625699825274,79999.920733743,99.99990091717875,N/A,N/A,N/A,N/A
104000,Batch,Completed,0,0,0.0,0.08252914336455089,0.08252914336455089,0.08252914336455089,0.08252914336455089,0.0,STARLINK-31863,0,N/A,0,0.0,177.43765823378442,False,0.0,0.08252914336455089,0.08252914336455089,79999.91747085664,99.9998968385708,N/A,N/A,N/A,N/A
12000,Batch,Completed,0,0,0.0,0.08391533787491763,0.08391533787491763,0.08391533787491763,0.08391533787491763,0.0,STARLINK-30183,0,N/A,0,0.0,180.4179764310729,False,0.0,0.08391533787491763,0.08391533787491763,79999.91608466212,99.99989510582765,N/A,N/A,N/A,N/A
91000,Batch,Completed,0,0,0.0,0.08609728827331362,0.08609728827331362,0.08609728827331362,0.08609728827331362,0.0,STARLINK-30103,0,N/A,0,0.0,185.10916978762427,False,0.0,0.08609728827331362,0.08609728827331362,79999.91390271172,99.99989237838966,N/A,N/A,N/A,N/A
101000,Batch,Completed,0,0,0.0,0.08660800701484118,0.08660800701484118,0.08660800701484118,0.08660800701484118,0.0,STARLINK-4800,0,N/A,0,0.0,186.20721508190854,False,0.0,0.08660800701484118,0.08660800701484118,79999.90464403837,99.99988080504795,N/A,N/A,N/A,N/A
63000,Batch,Completed,0,0,0.0,0.08983122814061971,0.08983122814061971,0.08983122814061971,0.08983122814061971,0.0,STARLINK-11185 [DTC],0,N/A,0,0.0,193.1371405023324,False,0.0,0.08983122814061971,0.08983122814061971,79999.90288616176,99.9998786077022,N/A,N/A,N/A,N/A
3000,Batch,Completed,0,0,0.0,0.09063533579200014,0.09063533579200014,0.09063533579200014,0.09063533579200014,0.0,STARLINK-34734,0,N/A,0,0.0,194.86597195280032,False,0.0,0.09063533579200014,0.09063533579200014,79999.90244216667,99.99987805270834,N/A,N/A,N/A,N/A
6000,Batch,Completed,0,0,0.0,0.09187032593540927,0.09187032593540927,0.09187032593540927,0.09187032593540927,0.0,STARLINK-35401,0,N/A,0,0.0,197.52120076112993,False,0.0,0.09187032593540927,0.09187032593540927,79999.89702704457,99.99987128380572,N/A,N/A,N/A,N/A
114000,Batch,Completed,0,0,0.0,0.09969899226669089,0.09969899226669089,0.09969899226669089,0.09969899226669089,0.0,STARLINK-4728,0,N/A,0,0.0,214.3528333733854,False,0.0,0.09969899226669089,0.09969899226669089,79999.8921172149,99.99986514651862,N/A,N/A,N/A,N/A
65000,Batch,Completed,0,0,0.0,0.10091361385391538,0.10091361385391538,0.10091361385391538,0.10091361385391538,0.0,STARLINK-33909,0,N/A,0,0.0,216.96426978591808,False,0.0,0.10091361385391538,0.10091361385391538,79999.89553100846,99.99986941376056,N/A,N/A,N/A,N/A
17000,Batch,Completed,0,0,0.0,0.1010400562066478,0.1010400562066478,0.1010400562066478,0.1010400562066478,0.0,STARLINK-30236,0,N/A,0,0.0,217.23612084429277,False,0.0,0.1010400562066478,0.1010400562066478,79999.89895994379,99.99987369992974,N/A,N/A,N/A,N/A
89000,Batch,Completed,0,0,0.0,0.10245906588097148,0.10245906588097148,0.10245906588097148,0.10245906588097148,0.0,STARLINK-30172,0,N/A,0,0.0,220.2869916440887,False,0.0,0.10245906588097148,0.10245906588097148,79999.88768697469,99.99985960871837,N/A,N/A,N/A,N/A
88000,Batch,Completed,0,0,0.0,0.10595057279752403,0.10595057279752403,0.10595057279752403,0.10595057279752403,0.0,STARLINK-4013,0,N/A,0,0.0,227.79373151467667,False,0.0,0.10595057279752403,0.10595057279752403,79999.8940494272,99.999867561784,N/A,N/A,N/A,N/A
44000,Batch,Completed,0,0,0.0,0.1146906442410281,0.1146906442410281,0.1146906442410281,0.1146906442410281,0.0,STARLINK-3854,0,N/A,0,0.0,246.5848851182104,False,0.0,0.1146906442410281,0.1146906442410281,79999.87959300495,99.99984949125619,N/A,N/A,N/A,N/A
66000,Batch,Completed,0,0,0.0,0.11557550750340426,0.11557550750340426,0.11557550750340426,0.11557550750340426,0.0,STARLINK-33909,0,N/A,0,0.0,248.48734113231916,False,0.0,0.11557550750340426,0.11557550750340426,79999.77995550096,99.99972494437618,N/A,N/A,N/A,N/A
118000,Batch,Completed,0,0,0.0,0.11741857798963415,0.11741857798963415,0.11741857798963415,0.11741857798963415,0.0,STARLINK-35201,0,N/A,0,0.0,252.4499426777134,False,0.0,0.11741857798963415,0.11741857798963415,79999.86740333999,99.99983425417498,N/A,N/A,N/A,N/A
97000,Batch,Completed,0,0,0.0,0.12369092701696054,0.12369092701696054,0.12369092701696054,0.12369092701696054,0.0,STARLINK-35115,0,N/A,0,0.0,265.93549308646516,False,0.0,0.12369092701696054,0.12369092701696054,79999.87630907298,99.99984538634122,N/A,N/A,N/A,N/A
109000,Batch,Completed,0,0,0.0,0.12373423092781322,0.12373423092781322,0.12373423092781322,0.12373423092781322,0.0,STARLINK-5634,0,N/A,0,0.0,266.0285964947984,False,0.0,0.12373423092781322,0.12373423092781322,79999.87626576907,99.99984533221134,N/A,N/A,N/A,N/A
58000,Batch,Completed,0,0,0.0,0.12527459467539953,0.12527459467539953,0.12527459467539953,0.12527459467539953,0.0,STARLINK-11614 [DTC],0,N/A,0,0.0,269.340378552109,False,0.0,0.12527459467539953,0.12527459467539953,79999.86587740833,99.99983234676041,N/A,N/A,N/A,N/A
41000,Batch,Completed,0,0,0.0,0.12688347682344553,0.12688347682344553,0.12688347682344553,0.12688347682344553,0.0,STARLINK-4670,0,N/A,0,0.0,272.7994751704079,False,0.0,0.12688347682344553,0.12688347682344553,79999.87311652317,99.99984139565396,N/A,N/A,N/A,N/A
29000,Batch,Completed,0,0,0.0,0.12760165784062474,0.12760165784062474,0.12760165784062474,0.12760165784062474,0.0,STARLINK-34657,0,N/A,0,0.0,274.3435643573432,False,0.0,0.12760165784062474,0.12760165784062474,79999.87239834217,99.9998404979277,N/A,N/A,N/A,N/A
103000,Batch,Completed,0,0,0.0,0.1289928511093803,0.1289928511093803,0.1289928511093803,0.1289928511093803,0.0,STARLINK-31863,0,N/A,0,0.0,277.33462988516766,False,0.0,0.1289928511093803,0.1289928511093803,79999.78847800553,99.99973559750691,N/A,N/A,N/A,N/A
82000,Batch,Completed,0,0,0.0,0.1291419176422678,0.1291419176422678,0.1291419176422678,0.1291419176422678,0.0,STARLINK-34517,0,N/A,0,0.0,277.65512293087573,False,0.0,0.1291419176422678,0.1291419176422678,79999.7978852682,99.99974735658525,N/A,N/A,N/A,N/A
110000,Batch,Completed,0,0,0.0,0.13033848459569286,0.13033848459569286,0.13033848459569286,0.13033848459569286,0.0,STARLINK-5634,0,N/A,0,0.0,280.22774188073964,False,0.0,0.13033848459569286,0.13033848459569286,79999.74592728447,99.99968240910559,N/A,N/A,N/A,N/A
102000,Batch,Completed,0,0,0.0,0.13121887132800358,0.13121887132800358,0.13121887132800358,0.13121887132800358,0.0,STARLINK-31863,0,N/A,0,0.0,282.1205733552077,False,0.0,0.13121887132800358,0.13121887132800358,79999.6572591342,99.99957157391775,N/A,N/A,N/A,N/A
38000,Batch,Completed,0,0,0.0,0.13154653234215694,0.13154653234215694,0.13154653234215694,0.13154653234215694,0.0,STARLINK-33963,0,N/A,0,0.0,282.8250445356374,False,0.0,0.13154653234215694,0.13154653234215694,79999.85384035368,99.99981730044209,N/A,N/A,N/A,N/A
100000,Batch,Completed,0,0,0.0,0.13171733359787818,0.13171733359787818,0.13171733359787818,0.13171733359787818,0.0,STARLINK-4800,0,N/A,0,0.0,283.19226723543807,False,0.0,0.13171733359787818,0.13171733359787818,79999.77292670477,99.99971615838096,N/A,N/A,N/A,N/A
76000,Batch,Completed,0,0,0.0,0.1354174624600428,0.1354174624600428,0.1354174624600428,0.1354174624600428,0.0,STARLINK-31643,0,N/A,0,0.0,291.147544289092,False,0.0,0.1354174624600428,0.1354174624600428,79999.85922160874,99.99982402701093,N/A,N/A,N/A,N/A
122000,Batch,Completed,0,0,0.0,0.13649910911217794,0.13649910911217794,0.13649910911217794,0.13649910911217794,0.0,STARLINK-34089,0,N/A,0,0.0,293.47308459118256,False,0.0,0.13649910911217794,0.13649910911217794,79999.86350089089,99.99982937611361,N/A,N/A,N/A,N/A
98000,Batch,Completed,0,0,0.0,0.14663458555656683,0.14663458555656683,0.14663458555656683,0.14663458555656683,0.0,STARLINK-35115,0,N/A,0,0.0,315.2643589466187,False,0.0,0.14663458555656683,0.14663458555656683,79999.72967448742,99.99966209310928,N/A,N/A,N/A,N/A
53000,Batch,Completed,0,0,0.0,0.14707228041446305,0.14707228041446305,0.14707228041446305,0.14707228041446305,0.0,STARLINK-2624,0,N/A,0,0.0,316.20540289109556,False,0.0,0.14707228041446305,0.14707228041446305,79999.84939865828,99.99981174832284,N/A,N/A,N/A,N/A
32000,Batch,Completed,0,0,0.0,0.1538771919924364,0.1538771919924364,0.1538771919924364,0.1538771919924364,0.0,STARLINK-30359,0,N/A,0,0.0,330.8359627837383,False,0.0,0.1538771919924364,0.1538771919924364,79999.84612280801,99.99980765351002,N/A,N/A,N/A,N/A
22000,Batch,Completed,0,0,0.0,0.15407520531877072,0.15407520531877072,0.15407520531877072,0.15407520531877072,0.0,STARLINK-32370,0,N/A,0,0.0,331.2616914353571,False,0.0,0.15407520531877072,0.15407520531877072,79999.84592479469,99.99980740599335,N/A,N/A,N/A,N/A
52000,Batch,Completed,0,0,0.0,0.1543370310099882,0.1543370310099882,0.1543370310099882,0.1543370310099882,0.0,STARLINK-2624,0,N/A,0,0.0,331.8246166714746,False,0.0,0.1543370310099882,0.1543370310099882,79999.69506162727,99.99961882703408,N/A,N/A,N/A,N/A
54000,Batch,Completed,0,0,0.0,0.1563007266087333,0.1563007266087333,0.1563007266087333,0.1563007266087333,0.0,STARLINK-5136,0,N/A,0,0.0,336.04656220877655,False,0.0,0.1563007266087333,0.1563007266087333,79999.84369927339,99.99980462409174,N/A,N/A,N/A,N/A
67000,Batch,Completed,0,0,0.0,0.1620738272350878,0.1620738272350878,0.1620738272350878,0.1620738272350878,0.0,STARLINK-31495,0,N/A,0,0.0,348.4587285554387,False,0.0,0.1620738272350878,0.1620738272350878,79999.83792617277,99.99979740771596,N/A,N/A,N/A,N/A
33000,Batch,Completed,0,0,0.0,0.1648009864448376,0.1648009864448376,0.1648009864448376,0.1648009864448376,0.0,STARLINK-1666,0,N/A,0,0.0,354.32212085640083,False,0.0,0.1648009864448376,0.1648009864448376,79999.83519901356,99.99979399876695,N/A,N/A,N/A,N/A
106000,Batch,Completed,0,0,0.0,0.168565602205466,0.168565602205466,0.168565602205466,0.168565602205466,0.0,STARLINK-6316,0,N/A,0,0.0,362.4160447417519,False,0.0,0.168565602205466,0.168565602205466,79999.81217955454,99.99976522444318,N/A,N/A,N/A,N/A
111000,Batch,Completed,0,0,0.0,0.16879894883647778,0.16879894883647778,0.16879894883647778,0.16879894883647778,0.0,STARLINK-5350,0,N/A,0,0.0,362.91773999842724,False,0.0,0.16879894883647778,0.16879894883647778,79999.75298559778,99.99969123199722,N/A,N/A,N/A,N/A
95000,Batch,Completed,0,0,0.0,0.17096514840716068,0.17096514840716068,0.17096514840716068,0.17096514840716068,0.0,STARLINK-32770,0,N/A,0,0.0,367.57506907539545,False,0.0,0.17096514840716068,0.17096514840716068,79999.82903485159,99.99978629356448,N/A,N/A,N/A,N/A
19000,Batch,Completed,0,0,0.0,0.17214622305470167,0.17214622305470167,0.17214622305470167,0.17214622305470167,0.0,STARLINK-30236,0,N/A,0,0.0,370.1143795676086,False,0.0,0.17214622305470167,0.17214622305470167,79999.72681372074,99.99965851715092,N/A,N/A,N/A,N/A
24000,Batch,Completed,0,0,0.0,0.17268714940355503,0.17268714940355503,0.17268714940355503,0.17268714940355503,0.0,STARLINK-32370,0,N/A,0,0.0,371.27737121764335,False,0.0,0.17268714940355503,0.17268714940355503,79999.67323764529,99.99959154705661,N/A,N/A,N/A,N/A
92000,Batch,Completed,0,0,0.0,0.17824318979753095,0.17824318979753095,0.17824318979753095,0.17824318979753095,0.0,STARLINK-30103,0,N/A,0,0.0,383.22285806469154,False,0.0,0.17824318979753095,0.17824318979753095,79999.73565952192,99.99966957440239,N/A,N/A,N/A,N/A
27000,Batch,Completed,0,0,0.0,0.1832033823983607,0.1832033823983607,0.1832033823983607,0.1832033823983607,0.0,STARLINK-34657,0,N/A,0,0.0,393.8872721564755,False,0.0,0.1832033823983607,0.1832033823983607,79999.68919495976,99.9996114936997,N/A,N/A,N/A,N/A
72000,Batch,Completed,0,0,0.0,0.1849190204132784,0.1849190204132784,0.1849190204132784,0.1849190204132784,0.0,STARLINK-33635,0,N/A,0,0.0,397.5758938885486,False,0.0,0.1849190204132784,0.1849190204132784,79999.81508097959,99.99976885122449,N/A,N/A,N/A,N/A
14000,Batch,Completed,0,0,0.0,0.1863120093965116,0.1863120093965116,0.1863120093965116,0.1863120093965116,0.0,STARLINK-32508,0,N/A,0,0.0,400.57082020249993,False,0.0,0.1863120093965116,0.1863120093965116,79999.75080900885,99.99968851126107,N/A,N/A,N/A,N/A
86000,Batch,Completed,0,0,0.0,0.18853430506222957,0.18853430506222957,0.18853430506222957,0.18853430506222957,0.0,STARLINK-31061,0,N/A,0,0.0,405.34875588379356,False,0.0,0.18853430506222957,0.18853430506222957,79999.81146569493,99.99976433211867,N/A,N/A,N/A,N/A
87000,Batch,Completed,0,0,0.0,0.1893514306717481,0.1893514306717481,0.1893514306717481,0.1893514306717481,0.0,STARLINK-31061,0,N/A,0,0.0,407.10557594425836,False,0.0,0.1893514306717481,0.1893514306717481,79999.62211426426,99.99952764283032,N/A,N/A,N/A,N/A
4000,Batch,Completed,0,0,0.0,0.20387342910163747,0.20387342910163747,0.20387342910163747,0.20387342910163747,0.0,STARLINK-34734,0,N/A,0,0.0,438.32787256852055,False,0.0,0.20387342910163747,0.20387342910163747,79999.69856873757,99.99962321092197,N/A,N/A,N/A,N/A
7000,Batch,Completed,0,0,0.0,0.20679106053393748,0.20679106053393748,0.20679106053393748,0.20679106053393748,0.0,STARLINK-35401,0,N/A,0,0.0,444.60078014796557,False,0.0,0.20679106053393748,0.20679106053393748,79999.69023598403,99.99961279498004,N/A,N/A,N/A,N/A
71000,Batch,Completed,0,0,0.0,0.2082775545270105,0.2082775545270105,0.2082775545270105,0.2082775545270105,0.0,STARLINK-30177,0,N/A,0,0.0,447.79674223307256,False,0.0,0.2082775545270105,0.2082775545270105,79999.71521783844,99.99964402229806,N/A,N/A,N/A,N/A
28000,Batch,Completed,0,0,0.0,0.21037166729004012,0.21037166729004012,0.21037166729004012,0.21037166729004012,0.0,STARLINK-34657,0,N/A,0,0.0,452.29908467358626,False,0.0,0.21037166729004012,0.21037166729004012,79999.47882329248,99.9993485291156,N/A,N/A,N/A,N/A
23000,Batch,Completed,0,0,0.0,0.2113706978469803,0.2113706978469803,0.2113706978469803,0.2113706978469803,0.0,STARLINK-32370,0,N/A,0,0.0,454.4470003710076,False,0.0,0.2113706978469803,0.2113706978469803,79999.46186694744,99.9993273336843,N/A,N/A,N/A,N/A
42000,Batch,Completed,0,0,0.0,0.21159586039807807,0.21159586039807807,0.21159586039807807,0.21159586039807807,0.0,STARLINK-4670,0,N/A,0,0.0,454.93109985586784,False,0.0,0.21159586039807807,0.21159586039807807,79999.66152066278,99.99957690082847,N/A,N/A,N/A,N/A
18000,Batch,Completed,0,0,0.0,0.2126597393462267,0.2126597393462267,0.2126597393462267,0.2126597393462267,0.0,STARLINK-30236,0,N/A,0,0.0,457.2184395943874,False,0.0,0.2126597393462267,0.2126597393462267,79999.51415398139,99.99939269247675,N/A,N/A,N/A,N/A
116000,Batch,Completed,0,0,0.0,0.21705496432093543,0.21705496432093543,0.21705496432093543,0.21705496432093543,0.0,STARLINK-3989,0,N/A,0,0.0,466.66817329001117,False,0.0,0.21705496432093543,0.21705496432093543,79999.77808591053,99.99972260738815,N/A,N/A,N/A,N/A
55000,Batch,Completed,0,0,0.0,0.2212458740559763,0.2212458740559763,0.2212458740559763,0.2212458740559763,0.0,STARLINK-11653 [DTC],0,N/A,0,0.0,475.678629220349,False,0.0,0.2212458740559763,0.2212458740559763,79999.7707620593,99.99971345257413,N/A,N/A,N/A,N/A
