Task ID,Task Type,Status,Arrival Time (System),Arrival Time (Queue),Start Time,End Time,Execution time,Service Time,Time in system,Time in queue,Server Name,Num Hops,Num Hops Routing,Queue length,transfer_time,Image_Size_MB,Exec_after_set,Energy_CPU [J],Energy_NET [J],Energy_TOTAL [J],Remaining_energy [J],Remaining_energy [%],Rejection Reason,Routing Init Time,Routing End Time,Routing Duration
1,CPU_Intensive,Completed,0.4089688506117588,0.4105894413735447,0.4105894413735447,0.700059232198775,0.2894697908252303,0.29109038158701617,0.29109038158701617,0.0,STARLINK-11251 [DTC],1,2,1,0.0016205907617858682,0.013421768503233426,False,2843.0056974052873,6.242683024759733e-06,2843.00570364797,77156.99430259471,96.4462428782434,N/A,0.4089688506117588,0.8030295265362039,0.39406067592444505
48,CPU_Intensive,Completed,5.922399156108545,5.924029109962269,5.924029109962269,6.511136147703534,0.5871070377412657,0.5887369915949894,0.5887369915949892,0.0,STARLINK-11251 [DTC],1,2,1,0.0016299538537236891,0.036878590087135864,False,5763.382179608509,1.7152832598667844e-05,5763.382196761342,71393.6121229862,89.24201515373275,N/A,5.922399156108545,6.5492237002437745,0.6268245441352294
54,CPU_Intensive,Completed,6.4830091722443886,6.484631880460944,6.484631880460944,6.850088581467203,0.3654567010062584,0.36707940922281385,0.36707940922281423,0.0,STARLINK-11251 [DTC],1,2,2,0.0016227082165554433,0.018726507479604578,False,3588.7804834675608,8.71000347888585e-06,3588.780492177564,67804.83163951863,84.75603954939828,N/A,6.4830091722443886,6.854613097264181,0.37160392501979267
102,CPU_and_Data_Intensive,Completed,12.035375779339175,12.037658961068976,12.037658961068976,13.47692921812898,1.439270257060004,1.4415534387898052,1.4415534387898052,0.0,STARLINK-11251 [DTC],1,2,2,0.002283181729801312,1.6733732271728539,False,14147.692809790065,0.0007783131289176064,14147.693588103195,53657.13805141543,67.07142256426928,N/A,12.035375779339175,13.615754276769769,1.580378497430594
172,CPU_Intensive,Completed,18.91362434518001,18.915256892492312,18.915256892492312,19.14126763036051,0.22601073786819725,0.22764328518049923,0.22764328518049837,0.0,STARLINK-11251 [DTC],1,2,1,0.0016325473123019656,0.0433758343265246,False,2210.0543785617306,2.0174806663499815e-05,2210.054398736537,51447.08367285299,64.30885459106624,N/A,18.91362434518001,19.152146608097,0.23852226291698742
185,CPU_Intensive,Completed,19.886651609755262,19.88828894360158,19.88828894360158,20.085599404120956,0.1973104605193754,0.19894779436569296,0.19894779436569365,0.0,STARLINK-11251 [DTC],1,2,1,0.0016373338463175594,0.05536726569926771,False,1924.2513614033585,2.5752216604310565e-05,1924.251387155575,49522.832311449616,61.90354038931202,N/A,19.886651609755262,20.271414069277316,0.38476245952205446
188,CPU_and_Data_Intensive,Completed,20.082073290133348,20.084373216131926,20.084373216131926,20.139922823534253,0.05554960740232673,0.05784953340090439,0.05784953340090482,0.0,STARLINK-11251 [DTC],1,2,2,0.0022999259985776567,1.7153216911896496,False,538.4885296245424,0.0007978240424137905,538.4893274485847,48984.342984001036,61.23042873000129,N/A,20.082073290133348,20.47222137312917,0.3901480829958217
192,CPU_Intensive,Completed,20.392846157553493,20.394487219156876,20.394487219156876,20.679241996992065,0.28475477783518954,0.2863958394385711,0.2863958394385726,0.0,STARLINK-11251 [DTC],1,2,1,0.0016410616033815872,0.06470620340699473,False,2781.52205205225,3.0095908561392898e-05,2781.5220821481585,46202.82093194803,57.753526164935046,N/A,20.392846157553493,20.777255941558316,0.3844097840048235
208,CPU_Intensive,Completed,21.585858479286035,21.587499026446945,21.587499026446945,21.73526239456074,0.1477633681137931,0.14940391527470492,0.14940391527470354,0.0,STARLINK-11251 [DTC],1,2,1,0.0016405471609118197,0.06341739995310886,False,1434.5794261452647,2.9496465094469234e-05,1434.5794556417297,44768.24150580274,55.960301882253425,N/A,21.585858479286035,21.784309168958305,0.19845068967227064
221,CPU_and_Data_Intensive,Completed,23.476981544323067,23.478991110417297,23.478991110417297,23.57766084092128,0.09866973050398187,0.10067929659821259,0.10067929659821218,0.0,STARLINK-11251 [DTC],1,2,2,0.002009566094230729,0.987899540834259,False,965.9062362778925,0.0004594881585275623,965.906695766051,43802.334810036664,54.75291851254583,N/A,23.476981544323067,23.592882359204662,0.11590081488159498
230,CPU_and_Data_Intensive,Completed,24.474084742250064,24.475867763128022,24.475867763128022,24.77601715734279,0.30014939421476683,0.301932415092725,0.3019324150927254,0.0,STARLINK-11251 [DTC],1,2,2,0.0017830208779581874,0.4203486982192944,False,2950.0724104939545,0.00019551102242757877,2950.072606004977,40852.2622040313,51.06532775503913,N/A,24.474084742250064,24.907133291027066,0.43304854877700194
241,CPU_Intensive,Completed,25.641305717018188,25.642953417831443,25.642953417831443,25.661983904070475,0.01903048623903203,0.020678187052285135,0.020678187052286745,0.0,STARLINK-11251 [DTC],1,2,1,0.0016477008132531074,0.08133903820649788,False,163.19973290290477,3.783211079371994e-05,163.19977073501556,40689.06247112826,50.86132808891032,N/A,25.641305717018188,25.814282146859153,0.17297642984096484
244,CPU_and_Data_Intensive,Completed,26.057659288074507,26.068549446045058,26.068549446045058,26.171902861892274,0.10335341584721647,0.11424357381776676,0.11424357381776673,0.0,STARLINK-11251 [DTC],1,2,2,0.010890157970550296,23.23594116913888,False,910.1979356904361,0.010807414497273897,910.2087431049334,39778.8537280233,49.72356716002913,N/A,26.057659288074507,26.31847196482908,0.260812676754572
245,CPU_and_Data_Intensive,Completed,26.062650021479794,26.069546120247228,26.069546120247228,26.63305077246659,0.5635046522193612,0.5704007509867964,0.5704007509867957,0.0,STARLINK-11251 [DTC],1,2,3,0.006896098767435197,13.229851861762146,False,5481.597628234794,0.006153419470587044,5481.603781654264,34297.249946359414,42.87156243294927,N/A,26.062650021479794,26.721243386859083,0.6585933653792893
281,CPU_and_Data_Intensive,Completed,29.002436671255612,29.12595606442595,29.12595606442595,30.422553634295223,1.2965975698692738,1.420116963039609,1.4201169630396109,0.0,STARLINK-11251 [DTC],1,2,2,0.12351939317033543,305.399556859067,False,11355.111643231832,0.1420463055158451,11355.253689537349,22941.996256817572,28.67749532102197,N/A,29.002436671255612,30.557036869541474,1.5546001982858613
345,Generic_Service,Completed,36.50074717617251,36.50237788247618,36.50237788247618,36.54844065899339,0.04606277651721058,0.04769348282088257,0.04769348282088259,0.0,STARLINK-11251 [DTC],1,2,1,0.0016307063036719936,0.038763660137222586,False,441.60958763005294,1.802960936615004e-05,441.6096056596623,22500.386669080086,28.12548333635011,N/A,36.50074717617251,36.80651679434768,0.30576961817516946
347,CPU_Intensive,Completed,36.933824642405405,36.93547152053743,36.93547152053743,37.836225138650576,0.9007536181131428,0.9024004962451689,0.9024004962451713,0.0,STARLINK-11251 [DTC],1,2,1,0.001646878132026122,0.07927802172925193,False,8835.630355940755,3.6873498478721825e-05,8835.630392814253,13664.75631313932,17.080945391424148,N/A,36.933824642405405,37.914155960289385,0.9803313178839801
408,Generic_Service,Completed,43.02289915962925,43.02454142289759,43.02454142289759,43.06914839056064,0.04460696766305006,0.046249230931392056,0.046249230931394436,0.0,STARLINK-11251 [DTC],1,2,1,0.0016422632683420015,0.06771666627196023,False,418.76050732201566,3.149612384742336e-05,418.7605388181395,13245.995805817274,16.55749475727159,N/A,43.02289915962925,43.15749423338314,0.1345950737538928
412,Generic_Service,Completed,43.26290593647766,43.26453381754072,43.26453381754072,43.301098705447316,0.03656488790659296,0.0381927689696577,0.038192768969658175,0.0,STARLINK-11251 [DTC],1,2,2,0.0016278810630647482,0.03168574556628271,False,350.2825557077473,1.4737556077340795e-05,350.28257044530335,12895.7132501095,16.119641562636875,N/A,43.26290593647766,43.35838164207788,0.09547570560022223
418,Generic_Service,Completed,43.590313392115284,43.59195389607923,43.59195389607923,43.63405223188897,0.042098335809740206,0.04373883977368563,0.0437388397736882,0.0,STARLINK-11251 [DTC],1,2,2,0.0016405039639454222,0.06330918105058342,False,395.3865721712928,2.944613072120159e-05,395.38660161742354,12500.326677938196,15.625408347422745,N/A,43.590313392115284,43.76882187364231,0.17850848152702525
409,CPU_and_Data_Intensive,Completed,43.03205764992345,43.03429614135164,43.03429614135164,44.03498619580082,1.00069005444918,1.002928545877369,1.0029285458773671,0.0,STARLINK-11251 [DTC],1,2,3,0.0022384914281890636,1.561413156887217,False,9834.730702613662,0.0007262386776219614,9834.73142885234,2665.5952490858285,3.331994061357286,N/A,43.03205764992345,44.17177886983584,1.1397212199123885
422,CPU_and_Data_Intensive,Completed,44.00879719719292,44.020035473288786,44.020035473288786,44.139408681040806,0.11937320775201954,0.1306114838478863,0.13061148384788623,0.0,STARLINK-11251 [DTC],1,2,3,0.011238276095866745,24.108061704737406,False,1063.7644965071913,0.011213051955691817,1063.7757095591471,1601.8195395262026,2.0022744244077533,N/A,44.00879719719292,44.27177887036746,0.2629816731745436
568,Generic_Service,Completed,57.94667665153877,57.94831791079597,57.94831791079597,58.06768850555297,0.11937059475700096,0.12101185401419944,0.12101185401419912,0.0,STARLINK-11251 [DTC],1,2,1,0.0016412592571984717,0.0652013742702978,False,1154.8083895991438,3.0326220590836186e-05,1154.8084199253644,447.01114991665077,0.5587639373958134,N/A,57.94667665153877,58.1363128886715,0.18963623713272426
760,Generic_Service,Completed,76.14836988329701,76.14999161193134,76.14999161193134,76.18408501032857,0.03409339839723202,0.035715127031568816,0.03571512703156543,0.0,STARLINK-11251 [DTC],1,2,1,0.001621728634336795,0.01627241587373396,False,330.51681776101105,7.568565522666958e-06,330.5168253295766,116.49433215561925,0.14561791519452405,N/A,76.14836988329701,76.27022152477234,0.12185164147533101
417,CPU_and_Data_Intensive,Rejected,43.557505307253514,N/A,N/A,N/A,0.36841616611011285,0.0,0.0,0.0,STARLINK-11251 [DTC],0,N/A,N/A,0.0,22.35703371807145,False,0.0,0.0,0.0,116.49433215561226,0.14561791519451533,Insufficient Energy for CPU+NET,N/A,N/A,N/A
566,CPU_Intensive,Rejected,57.687145532261376,N/A,N/A,N/A,0.628799540324304,0.0,0.0,0.0,STARLINK-11251 [DTC],0,N/A,N/A,0.0,0.053247727424396235,False,0.0,0.0,0.0,116.49433215561226,0.14561791519451533,Insufficient Energy for CPU,N/A,N/A,N/A
567,CPU_and_Data_Intensive,Rejected,57.807114208442,N/A,N/A,N/A,0.6863158211136194,0.0,0.0,0.0,STARLINK-11251 [DTC],0,N/A,N/A,0.0,1.775682501190206,False,0.0,0.0,0.0,116.49433215561226,0.14561791519451533,Insufficient Energy for CPU+NET,N/A,N/A,N/A
746,CPU_Intensive,Rejected,74.72333769579912,N/A,N/A,N/A,0.8668694878614327,0.0,0.0,0.0,STARLINK-11251 [DTC],0,N/A,N/A,0.0,0.08623985115399155,False,0.0,0.0,0.0,116.49433215561226,0.14561791519451533,Insufficient Energy for CPU,N/A,N/A,N/A
749,CPU_and_Data_Intensive,Rejected,74.83187953033554,N/A,N/A,N/A,0.553910960765357,0.0,0.0,0.0,STARLINK-11251 [DTC],0,N/A,N/A,0.0,0.47410176712389074,False,0.0,0.0,0.0,116.49433215561226,0.14561791519451533,Insufficient Energy for CPU+NET,N/A,N/A,N/A
750,CPU_Intensive,Rejected,74.84087758076913,N/A,N/A,N/A,0.15902112719284478,0.0,0.0,0.0,STARLINK-11251 [DTC],0,N/A,N/A,0.0,0.023100385176446275,False,0.0,0.0,0.0,116.49433215561226,0.14561791519451533,Insufficient Energy for CPU,N/A,N/A,N/A
751,CPU_and_Data_Intensive,Rejected,75.01481500067001,N/A,N/A,N/A,0.271784792550908,0.0,0.0,0.0,STARLINK-11251 [DTC],0,N/A,N/A,0.0,10.372577535707848,False,0.0,0.0,0.0,116.49433215561226,0.14561791519451533,Insufficient Energy for CPU+NET,N/A,N/A,N/A
752,CPU_Intensive,Rejected,75.09923174042244,N/A,N/A,N/A,0.36080265749904866,0.0,0.0,0.0,STARLINK-11251 [DTC],0,N/A,N/A,0.0,0.04299091945135903,False,0.0,0.0,0.0,116.49433215561226,0.14561791519451533,Insufficient Energy for CPU,N/A,N/A,N/A
753,CPU_Intensive,Rejected,75.11084625853348,N/A,N/A,N/A,0.9435369432370022,0.0,0.0,0.0,STARLINK-11251 [DTC],0,N/A,N/A,0.0,0.039207686684508906,False,0.0,0.0,0.0,116.49433215561226,0.14561791519451533,Insufficient Energy for CPU,N/A,N/A,N/A
754,Generic_Service,Rejected,75.22703915155854,N/A,N/A,N/A,0.10196160394903485,0.0,0.0,0.0,STARLINK-11251 [DTC],0,N/A,N/A,0.0,0.02643616656924748,False,0.0,0.0,0.0,116.49433215561226,0.14561791519451533,Insufficient Energy for CPU,N/A,N/A,N/A
757,Generic_Service,Rejected,75.78887899707236,N/A,N/A,N/A,0.09323163842269722,0.0,0.0,0.0,STARLINK-11251 [DTC],0,N/A,N/A,0.0,0.033116628640944085,False,0.0,0.0,0.0,116.49433215561226,0.14561791519451533,Insufficient Energy for CPU,N/A,N/A,N/A
1103,Generic_Service,Rejected,112.05732268132816,N/A,N/A,N/A,0.016785423108953864,0.0,0.0,0.0,STARLINK-11251 [DTC],0,N/A,N/A,0.0,0.08620197333665684,False,0.0,0.0,0.0,116.49433215561226,0.14561791519451533,Insufficient Energy for CPU,N/A,N/A,N/A
1136,Generic_Service,Rejected,115.02604475759367,N/A,N/A,N/A,0.019023949763399908,0.0,0.0,0.0,STARLINK-11251 [DTC],0,N/A,N/A,0.0,0.011137173791026626,False,0.0,0.0,0.0,116.49433215561226,0.14561791519451533,Insufficient Energy for CPU,N/A,N/A,N/A
1155,Generic_Service,Rejected,117.52899055877866,N/A,N/A,N/A,0.018588855084361124,0.0,0.0,0.0,STARLINK-11251 [DTC],0,N/A,N/A,0.0,0.01661540993690424,False,0.0,0.0,0.0,116.49433215561226,0.14561791519451533,Insufficient Energy for CPU,N/A,N/A,N/A
1171,Generic_Service,Rejected,119.68035751381319,N/A,N/A,N/A,0.017172506139158997,0.0,0.0,0.0,STARLINK-11251 [DTC],0,N/A,N/A,0.0,0.06512108969207614,False,0.0,0.0,0.0,116.49433215561226,0.14561791519451533,Insufficient Energy for CPU,N/A,N/A,N/A
1207,Generic_Service,Rejected,123.21889701760271,N/A,N/A,N/A,0.016836683563492643,0.0,0.0,0.0,STARLINK-11251 [DTC],0,N/A,N/A,0.0,0.028222707744188655,False,0.0,0.0,0.0,116.49433215561226,0.14561791519451533,Insufficient Energy for CPU,N/A,N/A,N/A
1218,Generic_Service,Rejected,124.23567330767523,N/A,N/A,N/A,0.01672286405931945,0.0,0.0,0.0,STARLINK-11251 [DTC],0,N/A,N/A,0.0,0.07183768870162946,False,0.0,0.0,0.0,116.49433215561226,0.14561791519451533,Insufficient Energy for CPU,N/A,N/A,N/A
1279,CPU_and_Data_Intensive,Rejected,129.9260431305903,N/A,N/A,N/A,0.022533492553429582,0.0,0.0,0.0,STARLINK-11251 [DTC],0,N/A,N/A,0.0,0.4969818900196497,False,0.0,0.0,0.0,116.49433215561226,0.14561791519451533,Insufficient Energy for CPU+NET,N/A,N/A,N/A
1332,Generic_Service,Rejected,134.31615692637845,N/A,N/A,N/A,0.018014533501187865,0.0,0.0,0.0,STARLINK-11251 [DTC],0,N/A,N/A,0.0,0.01626682876999966,False,0.0,0.0,0.0,116.49433215561226,0.14561791519451533,Insufficient Energy for CPU,N/A,N/A,N/A
1388,Generic_Service,Rejected,141.08601192549278,N/A,N/A,N/A,0.01878178604006818,0.0,0.0,0.0,STARLINK-11251 [DTC],0,N/A,N/A,0.0,0.02215360394274698,False,0.0,0.0,0.0,116.49433215561226,0.14561791519451533,Insufficient Energy for CPU,N/A,N/A,N/A
1390,Generic_Service,Rejected,141.220186682763,N/A,N/A,N/A,0.016486904290430513,0.0,0.0,0.0,STARLINK-11251 [DTC],0,N/A,N/A,0.0,0.0751621032772958,False,0.0,0.0,0.0,116.49433215561226,0.14561791519451533,Insufficient Energy for CPU,N/A,N/A,N/A
1456,CPU_Intensive,Rejected,147.3898601201765,N/A,N/A,N/A,0.017208664354819703,0.0,0.0,0.0,STARLINK-11251 [DTC],0,N/A,N/A,0.0,0.028315480966811656,False,0.0,0.0,0.0,116.49433215561226,0.14561791519451533,Insufficient Energy for CPU,N/A,N/A,N/A
1466,CPU_and_Data_Intensive,Rejected,147.97710626894246,N/A,N/A,N/A,0.02119564128263265,0.0,0.0,0.0,STARLINK-11251 [DTC],0,N/A,N/A,0.0,0.7211631130595656,False,0.0,0.0,0.0,116.49433215561226,0.14561791519451533,Insufficient Energy for CPU+NET,N/A,N/A,N/A
1514,CPU_Intensive,Rejected,152.6659757462172,N/A,N/A,N/A,0.019754284512087675,0.0,0.0,0.0,STARLINK-11251 [DTC],0,N/A,N/A,0.0,0.06524325220607426,False,0.0,0.0,0.0,116.49433215561226,0.14561791519451533,Insufficient Energy for CPU,N/A,N/A,N/A
1539,Generic_Service,Rejected,155.56448944210433,N/A,N/A,N/A,0.018021180558327975,0.0,0.0,0.0,STARLINK-11251 [DTC],0,N/A,N/A,0.0,0.06491181047912974,False,0.0,0.0,0.0,116.49433215561226,0.14561791519451533,Insufficient Energy for CPU,N/A,N/A,N/A
1621,Generic_Service,Rejected,164.37624230041763,N/A,N/A,N/A,0.016823624924970915,0.0,0.0,0.0,STARLINK-11251 [DTC],0,N/A,N/A,0.0,0.05241940319064941,False,0.0,0.0,0.0,116.49433215561226,0.14561791519451533,Insufficient Energy for CPU,N/A,N/A,N/A
1625,Generic_Service,Rejected,164.6050175337104,N/A,N/A,N/A,0.01754598291838552,0.0,0.0,0.0,STARLINK-11251 [DTC],0,N/A,N/A,0.0,0.021024318536662832,False,0.0,0.0,0.0,116.49433215561226,0.14561791519451533,Insufficient Energy for CPU,N/A,N/A,N/A
1793,CPU_Intensive,Rejected,182.2085016001489,N/A,N/A,N/A,0.01983983332337544,0.0,0.0,0.0,STARLINK-11251 [DTC],0,N/A,N/A,0.0,0.036460683271757346,False,0.0,0.0,0.0,116.49433215561226,0.14561791519451533,Insufficient Energy for CPU,N/A,N/A,N/A
1856,Generic_Service,Rejected,189.73636625711433,N/A,N/A,N/A,0.017398712184131384,0.0,0.0,0.0,STARLINK-11251 [DTC],0,N/A,N/A,0.0,0.031084421086870137,False,0.0,0.0,0.0,116.49433215561226,0.14561791519451533,Insufficient Energy for CPU,N/A,N/A,N/A
1928,CPU_Intensive,Rejected,195.60582730157913,N/A,N/A,N/A,0.01680416966962065,0.0,0.0,0.0,STARLINK-11251 [DTC],0,N/A,N/A,0.0,0.06894403748843538,False,0.0,0.0,0.0,116.49433215561226,0.14561791519451533,Insufficient Energy for CPU,N/A,N/A,N/A
1932,Generic_Service,Rejected,195.9367949001319,N/A,N/A,N/A,0.016627600831437293,0.0,0.0,0.0,STARLINK-11251 [DTC],0,N/A,N/A,0.0,0.07314429044725797,False,0.0,0.0,0.0,116.49433215561226,0.14561791519451533,Insufficient Energy for CPU,N/A,N/A,N/A
1944,Generic_Service,Rejected,196.78037376527524,N/A,N/A,N/A,0.01712888423753724,0.0,0.0,0.0,STARLINK-11251 [DTC],0,N/A,N/A,0.0,0.02541349945626805,False,0.0,0.0,0.0,116.49433215561226,0.14561791519451533,Insufficient Energy for CPU,N/A,N/A,N/A
1957,Generic_Service,Rejected,197.58637704194692,N/A,N/A,N/A,0.017582122965712984,0.0,0.0,0.0,STARLINK-11251 [DTC],0,N/A,N/A,0.0,0.027004987276876058,False,0.0,0.0,0.0,116.49433215561226,0.14561791519451533,Insufficient Energy for CPU,N/A,N/A,N/A
1978,Generic_Service,Rejected,199.05063219156358,N/A,N/A,N/A,0.017366886229914027,0.0,0.0,0.0,STARLINK-11251 [DTC],0,N/A,N/A,0.0,0.015292564399833685,False,0.0,0.0,0.0,116.49433215561226,0.14561791519451533,Insufficient Energy for CPU,N/A,N/A,N/A
2025,Generic_Service,Rejected,204.31631443124758,N/A,N/A,N/A,0.020762727093520544,0.0,0.0,0.0,STARLINK-11251 [DTC],0,N/A,N/A,0.0,0.03724599591388916,False,0.0,0.0,0.0,116.49433215561226,0.14561791519451533,Insufficient Energy for CPU,N/A,N/A,N/A
2094,Generic_Service,Rejected,210.53108523213163,N/A,N/A,N/A,0.021069747548454663,0.0,0.0,0.0,STARLINK-11251 [DTC],0,N/A,N/A,0.0,0.07868067252424388,False,0.0,0.0,0.0,116.49433215561226,0.14561791519451533,Insufficient Energy for CPU,N/A,N/A,N/A
2122,Generic_Service,Rejected,212.9894056111867,N/A,N/A,N/A,0.016317468076134628,0.0,0.0,0.0,STARLINK-11251 [DTC],0,N/A,N/A,0.0,0.023241558800974588,False,0.0,0.0,0.0,116.49433215561226,0.14561791519451533,Insufficient Energy for CPU,N/A,N/A,N/A
2177,CPU_Intensive,Rejected,219.03878654998172,N/A,N/A,N/A,0.018240721580418187,0.0,0.0,0.0,STARLINK-11251 [DTC],0,N/A,N/A,0.0,0.013626305091955521,False,0.0,0.0,0.0,116.49433215561226,0.14561791519451533,Insufficient Energy for CPU,N/A,N/A,N/A
2196,Generic_Service,Rejected,221.0559519084799,N/A,N/A,N/A,0.01641842569165821,0.0,0.0,0.0,STARLINK-11251 [DTC],0,N/A,N/A,0.0,0.04751819388769083,False,0.0,0.0,0.0,116.49433215561226,0.14561791519451533,Insufficient Energy for CPU,N/A,N/A,N/A
2222,Generic_Service,Rejected,223.50906941802094,N/A,N/A,N/A,0.018974331046249873,0.0,0.0,0.0,STARLINK-11251 [DTC],0,N/A,N/A,0.0,0.03129643569454045,False,0.0,0.0,0.0,116.49433215561226,0.14561791519451533,Insufficient Energy for CPU,N/A,N/A,N/A
2424,CPU_Intensive,Rejected,244.8471589081452,N/A,N/A,N/A,0.02108955825245229,0.0,0.0,0.0,STARLINK-11251 [DTC],0,N/A,N/A,0.0,0.08369601684393183,False,0.0,0.0,0.0,116.49433215561226,0.14561791519451533,Insufficient Energy for CPU,N/A,N/A,N/A
2588,Generic_Service,Rejected,259.41606785565534,N/A,N/A,N/A,0.020764208875658982,0.0,0.0,0.0,STARLINK-11251 [DTC],0,N/A,N/A,0.0,0.03921954210558486,False,0.0,0.0,0.0,116.49433215561226,0.14561791519451533,Insufficient Energy for CPU,N/A,N/A,N/A
2604,Generic_Service,Rejected,260.7211245233027,N/A,N/A,N/A,0.017506566819271315,0.0,0.0,0.0,STARLINK-11251 [DTC],0,N/A,N/A,0.0,0.06794946862113736,False,0.0,0.0,0.0,116.49433215561226,0.14561791519451533,Insufficient Energy for CPU,N/A,N/A,N/A
2613,Generic_Service,Rejected,261.47521531971273,N/A,N/A,N/A,0.020791148589836328,0.0,0.0,0.0,STARLINK-11251 [DTC],0,N/A,N/A,0.0,0.048073075239970176,False,0.0,0.0,0.0,116.49433215561226,0.14561791519451533,Insufficient Energy for CPU,N/A,N/A,N/A
2635,CPU_Intensive,Rejected,263.41315853594585,N/A,N/A,N/A,0.018681152495199825,0.0,0.0,0.0,STARLINK-11251 [DTC],0,N/A,N/A,0.0,0.07744201891195142,False,0.0,0.0,0.0,116.49433215561226,0.14561791519451533,Insufficient Energy for CPU,N/A,N/A,N/A
2639,Generic_Service,Rejected,263.570997953963,N/A,N/A,N/A,0.01847287213533456,0.0,0.0,0.0,STARLINK-11251 [DTC],0,N/A,N/A,0.0,0.07087301104014557,False,0.0,0.0,0.0,116.49433215561226,0.14561791519451533,Insufficient Energy for CPU,N/A,N/A,N/A
2680,CPU_Intensive,Rejected,268.1705244437902,N/A,N/A,N/A,0.02147769153284002,0.0,0.0,0.0,STARLINK-11251 [DTC],0,N/A,N/A,0.0,0.07900730576186897,False,0.0,0.0,0.0,116.49433215561226,0.14561791519451533,Insufficient Energy for CPU,N/A,N/A,N/A
2688,CPU_Intensive,Rejected,268.8907328591781,N/A,N/A,N/A,0.017939424956755694,0.0,0.0,0.0,STARLINK-11251 [DTC],0,N/A,N/A,0.0,0.06637778700927578,False,0.0,0.0,0.0,116.49433215561226,0.14561791519451533,Insufficient Energy for CPU,N/A,N/A,N/A
2704,Generic_Service,Rejected,270.0294508604264,N/A,N/A,N/A,0.019958838669645738,0.0,0.0,0.0,STARLINK-11251 [DTC],0,N/A,N/A,0.0,0.0718713576992941,False,0.0,0.0,0.0,116.49433215561226,0.14561791519451533,Insufficient Energy for CPU,N/A,N/A,N/A
2712,CPU_Intensive,Rejected,270.5414354265035,N/A,N/A,N/A,0.017779085666543452,0.0,0.0,0.0,STARLINK-11251 [DTC],0,N/A,N/A,0.0,0.06572987829805908,False,0.0,0.0,0.0,116.49433215561226,0.14561791519451533,Insufficient Energy for CPU,N/A,N/A,N/A
2715,Generic_Service,Rejected,270.8481281684579,N/A,N/A,N/A,0.020310267256742034,0.0,0.0,0.0,STARLINK-11251 [DTC],0,N/A,N/A,0.0,0.06138675998436131,False,0.0,0.0,0.0,116.49433215561226,0.14561791519451533,Insufficient Energy for CPU,N/A,N/A,N/A
2776,Generic_Service,Rejected,277.62684031859976,N/A,N/A,N/A,0.018807767786423332,0.0,0.0,0.0,STARLINK-11251 [DTC],0,N/A,N/A,0.0,0.04013123154372104,False,0.0,0.0,0.0,116.49433215561226,0.14561791519451533,Insufficient Energy for CPU,N/A,N/A,N/A
2788,Generic_Service,Rejected,278.7726670466004,N/A,N/A,N/A,0.020254266875634332,0.0,0.0,0.0,STARLINK-11251 [DTC],0,N/A,N/A,0.0,0.027896976920521337,False,0.0,0.0,0.0,116.49433215561226,0.14561791519451533,Insufficient Energy for CPU,N/A,N/A,N/A
2802,Generic_Service,Rejected,280.0378583737263,N/A,N/A,N/A,0.019883424829561035,0.0,0.0,0.0,STARLINK-11251 [DTC],0,N/A,N/A,0.0,0.05310661881864971,False,0.0,0.0,0.0,116.49433215561226,0.14561791519451533,Insufficient Energy for CPU,N/A,N/A,N/A
2876,Generic_Service,Rejected,286.45972046126707,N/A,N/A,N/A,0.01964079444489035,0.0,0.0,0.0,STARLINK-11251 [DTC],0,N/A,N/A,0.0,0.015386424216432784,False,0.0,0.0,0.0,116.49433215561226,0.14561791519451533,Insufficient Energy for CPU,N/A,N/A,N/A
2988,Generic_Service,Rejected,297.1501904115705,N/A,N/A,N/A,0.020349410506025872,0.0,0.0,0.0,STARLINK-11251 [DTC],0,N/A,N/A,0.0,0.07310166898116754,False,0.0,0.0,0.0,116.49433215561226,0.14561791519451533,Insufficient Energy for CPU,N/A,N/A,N/A
2000,Batch,Completed,0,0,0.0,0.21848449091774097,0.21848449091774097,0.21848449091774097,0.21848449091774097,0.0,STARLINK-5024,0,N/A,0,0.0,469.7416554731431,False,0.0,0.21848449091774097,0.21848449091774097,80000,100.0,N/A,N/A,N/A,N/A
15,CPU_and_Data_Intensive,Completed,2.976312774319914,3.103563941210891,3.103563941210891,4.014007886934558,0.9104439457236673,1.0376951126146439,1.037695112614644,0.0,STARLINK-5024,1,1,3,0.12725116689097665,355.5176618073093,False,7327.994107598588,0.16535705200339967,7328.159464650591,72671.6220508585,90.83952756357311,N/A,2.976312774319914,4.023478872834811,1.0471660985148974
61,Generic_Service,Completed,7.538433176540828,7.539281256872635,7.539281256872635,7.551308449636098,0.012027192763462757,0.012875273095270236,0.012875273095270146,0.0,STARLINK-5024,1,1,2,0.0008480803318074781,0.08314009430865392,False,93.79104964935644,3.866981130635066e-05,93.79108831916774,72577.83100120914,90.72228875151143,N/A,7.538433176540828,7.558574480256667,0.020141303715838887
75,Generic_Service,Completed,9.17118060695905,9.172027625774856,9.172027625774856,9.205344249852311,0.033316624077455614,0.03416364289326124,0.03416364289326168,0.0,STARLINK-5024,1,1,2,0.0008470188158056246,0.0801552033326503,False,304.05395524953525,3.7281489922162935e-05,304.0539925310252,72273.7770459596,90.3422213074495,N/A,9.17118060695905,9.273245467572078,0.10206486061302833
76,CPU_Intensive,Completed,9.449232380164357,9.450054650136469,9.450054650136469,10.27099405881916,0.8209394086826904,0.8217616786548018,0.8217616786548021,0.0,STARLINK-5024,1,1,2,0.0008222699721112842,0.010563600303795384,False,8070.897568676939,4.913302466881574e-06,8070.897573590241,64202.879477282666,80.25359934660334,N/A,9.449232380164357,10.384272117708221,0.9350397375438639
127,CPU_and_Data_Intensive,Completed,15.456301448830484,15.457655068589036,15.457655068589036,15.937727209387056,0.4800721407980202,0.4814257605565721,0.48142576055657216,0.0,STARLINK-5024,1,1,3,0.0013536197585519339,1.5046731378698113,False,4714.66800287125,0.0006998479711022378,4714.668702719221,59488.21077456344,74.3602634682043,N/A,15.456301448830484,16.027357551964673,0.5710561031341896
132,CPU_and_Data_Intensive,Completed,15.730873303773453,15.738016727224874,15.738016727224874,16.9644393410917,1.226422613866827,1.2335660373182487,1.2335660373182478,0.0,STARLINK-5024,1,1,4,0.007143423451421508,17.785099212940082,False,11980.615383239929,0.008272139168809341,11980.623655379097,47507.58711918435,59.384483898980434,N/A,15.730873303773453,17.133220484983987,1.4023471812105335
199,CPU_and_Data_Intensive,Completed,20.994665246040388,20.995926530033916,20.995926530033916,21.037896395643646,0.041969865609729595,0.04323114960325748,0.043231149603258245,0.0,STARLINK-5024,1,1,3,0.001261283993527887,1.2450329710692687,False,407.08190980123504,0.0005790851028229157,407.08248888633784,47100.504630298004,58.8756307878725,N/A,20.994665246040388,21.178623247192597,0.1839580011522095
203,Generic_Service,Completed,21.256873560953895,21.25771567611226,21.25771567611226,21.31003863694426,0.05232296083200083,0.05316507599036254,0.05316507599036413,0.0,STARLINK-5024,1,1,2,0.0008421151583617107,0.06636654369097238,False,495.0457850970866,3.086815985626622e-05,495.04581596524645,46605.45884520092,58.256823556501146,N/A,21.256873560953895,21.481699633682016,0.2248260727281206
205,Generic_Service,Completed,21.52324656844025,21.52408636740333,21.52408636740333,21.55146160650759,0.027375239104259208,0.02821503806734075,0.028215038067340714,0.0,STARLINK-5024,1,1,2,0.0008397989630815391,0.059853603350577135,False,251.60183581679752,2.7838885279338203e-05,251.6018636556828,46353.85700938412,57.94232126173014,N/A,21.52324656844025,21.58288180165204,0.05963523321178954
207,Generic_Service,Completed,21.579998961768347,21.580833614148904,21.580833614148904,21.633307581699516,0.05247396755061118,0.053308619931169365,0.05330861993116898,0.0,STARLINK-5024,1,1,2,0.0008346523805581876,0.045381859444326406,False,502.71413787012415,2.1107841602012282e-05,502.7141589779657,45851.14287151399,57.313928589392496,N/A,21.579998961768347,21.784309168938407,0.2043102071700602
211,Generic_Service,Completed,21.86871648000509,21.86954556193544,21.86954556193544,21.89420500915275,0.02465944721731006,0.0254885291476571,0.025488529147658312,0.0,STARLINK-5024,1,1,2,0.000829081930347042,0.029718236344443948,False,233.77124719598388,1.3822435509043697e-05,233.77126101841938,45617.37162431801,57.02171453039752,N/A,21.86871648000509,21.984309169126863,0.11559268912177245
216,Generic_Service,Completed,22.845305316777424,22.846150748083208,22.846150748083208,22.962042827838,0.11589207975479354,0.1167375110605772,0.1167375110605775,0.0,STARLINK-5024,1,1,2,0.0008454313057836506,0.07569126276968938,False,1117.506022046345,3.5205238497529945e-05,1117.5060572515833,44499.86560227167,55.62483200283958,N/A,22.845305316777424,23.090627629593676,0.24532231281625272
222,CPU_and_Data_Intensive,Completed,23.61349136002234,23.614928597118208,23.614928597118208,23.84020117588489,0.22527257876668116,0.226709815862547,0.22670981586254868,0.0,STARLINK-5024,1,1,3,0.0014372370958658132,1.7397978417366051,False,2207.616682062101,0.000809208298482142,2207.6174912703996,42292.24811100127,52.86531013875159,N/A,23.61349136002234,23.994689021335308,0.3811976613129673
236,CPU_and_Data_Intensive,Completed,24.90312179437296,24.910906556794718,24.910906556794718,25.632867795905454,0.7219612391107368,0.7297460015324927,0.7297460015324937,0.0,STARLINK-5024,1,1,3,0.007784762421755828,19.58848880081998,False,7010.944555939605,0.0091109250236372,7010.953666864629,35281.29444413664,44.1016180551708,N/A,24.90312179437296,25.714282138597063,0.8111603442241027
270,CPU_and_Data_Intensive,Completed,27.92391633915022,27.925047172496548,27.925047172496548,27.980967001720064,0.055919829223515904,0.05705066256984224,0.057050662569842814,0.0,STARLINK-5024,1,1,3,0.0011308333463263352,0.8782170597067657,False,545.9589939982665,0.00040847305102640263,545.9594024713175,34735.33504166532,43.41916880208165,N/A,27.92391633915022,28.135563317082866,0.2116469779326451
274,Generic_Service,Completed,28.269166449540194,28.27000287285614,28.27000287285614,28.28803495665849,0.018032083802349774,0.01886850711829522,0.01886850711829524,0.0,STARLINK-5024,1,1,2,0.000836423315945447,0.05036157623360373,False,162.50794355790885,2.3423988945862202e-05,162.5079669818978,34572.82709810741,43.21603387263426,N/A,28.269166449540194,28.438254613777172,0.16908816423697814
280,Generic_Service,Completed,28.96663580958566,28.96745854892884,28.96745854892884,29.006042182094262,0.03858363316542324,0.0394063725086021,0.03940637250860135,0.0,STARLINK-5024,1,1,2,0.0008227393431788664,0.011883431056772305,False,375.9718905886062,5.527177235708049e-06,375.9718961157834,34196.855207518805,42.74606900939851,N/A,28.96663580958566,29.148647081281194,0.18201127169553288
284,Generic_Service,Completed,29.21958052301675,29.220415534416865,29.220415534416865,29.3027724555859,0.08235692116903337,0.0831919325691488,0.08319193256915014,0.0,STARLINK-5024,1,1,2,0.0008350114001154263,0.046391391316422274,False,796.3181128634465,2.157739130996385e-05,796.3181344408378,33400.53709465536,41.750671368319196,N/A,29.21958052301675,29.450561884212632,0.23098136119588375
289,CPU_Intensive,Completed,30.632239686394556,30.63308762117796,30.63308762117796,30.74715293529893,0.1140653141209711,0.11491324890437721,0.11491324890437582,0.0,STARLINK-5024,1,1,2,0.000847934783406107,0.08273082482136797,False,1097.4653996765737,3.8479453405287425e-05,1097.4654381560272,32303.071694978786,40.37883961872348,N/A,30.632239686394556,30.75703700420097,0.12479731780641501
299,Generic_Service,Completed,31.963981552952184,31.964815408760938,31.964815408760938,32.097229362871964,0.1324139541110263,0.13324780991977947,0.13324780991978002,0.0,STARLINK-5024,1,1,2,0.0008338558087531804,0.04314196858224463,False,1289.5908160364222,2.0066031898718432e-05,1289.5908361024542,31013.480878942362,38.766851098677954,N/A,31.963981552952184,32.26453903763045,0.30055748467826504
302,Generic_Service,Completed,32.29113176116033,32.291957938555825,32.291957938555825,32.33982746366704,0.047869525111217115,0.04869570250671127,0.048695702506712735,0.0,STARLINK-5024,1,1,2,0.0008261773954941524,0.021550936127828837,False,464.45088777329966,1.002369122224597e-05,464.4508977969909,30549.029991169064,38.18628748896133,N/A,32.29113176116033,32.36453903764507,0.07340727648474399
304,Generic_Service,Completed,32.366584378418835,32.36741474599093,32.36741474599093,32.38496786965293,0.017553123662004566,0.018383491234097618,0.018383491234096994,0.0,STARLINK-5024,1,1,2,0.0008303675720930528,0.03333334948389825,False,162.8147378380442,1.5503883480882907e-05,162.81475334192768,30386.215253331018,37.98276906666377,N/A,32.366584378418835,32.46453903765189,0.09795465923305358
305,CPU_Intensive,Completed,32.57130138345726,32.572141326327774,32.572141326327774,32.6791161570889,0.1069748307611249,0.1078147736316411,0.10781477363163816,0.0,STARLINK-5024,1,1,2,0.0008399428705161975,0.060258258581719765,False,1034.3514786511457,2.802709701475338e-05,1034.3515066782427,29351.863774679874,36.68982971834984,N/A,32.57130138345726,32.76453903768447,0.19323765422721095
309,Generic_Service,Completed,33.16507814563464,33.16590030491716,33.16590030491716,33.19429214561246,0.02839184069529921,0.029213999977823004,0.029213999977820038,0.0,STARLINK-5024,1,1,2,0.0008221592825237942,0.010252350779285458,False,276.21533106323153,4.7685352461792825e-06,276.21533583176677,29075.648443616643,36.344560554520804,N/A,33.16507814563464,33.37040851423798,0.20533036860334164
310,CPU_and_Data_Intensive,Completed,33.206228069127796,33.2070659593822,33.2070659593822,33.548640721509344,0.341574762127145,0.3424126523815487,0.3424126523815474,0.0,STARLINK-5024,1,1,3,0.0008378902544037435,0.05448648001166886,False,3359.16811209294,2.5342548842636678e-05,3359.168137435489,25716.480306181154,32.14560038272644,N/A,33.206228069127796,33.67292489538214,0.46669682625434206
327,CPU_and_Data_Intensive,Completed,35.10255176592845,35.10396625843832,35.10396625843832,35.211697471682875,0.10773121324455559,0.10914570575442205,0.10914570575442184,0.0,STARLINK-5024,1,1,3,0.0014144925098664518,1.675842037599979,False,1051.8797388944542,0.0007794614128371995,1051.880518355867,24664.599787825286,30.83074973478161,N/A,35.10255176592845,35.284833178277616,0.1822814123491625
331,CPU_and_Data_Intensive,Completed,35.488872994385304,35.49353406751007,35.49353406751007,35.687546975057785,0.19401290754771594,0.19867398067248354,0.19867398067248132,0.0,STARLINK-5024,1,1,3,0.004661073124767592,10.804945285564774,False,1858.7069650728672,0.005025555946774314,1858.711990628814,22805.887797196472,28.50735974649559,N/A,35.488872994385304,35.79114946480734,0.3022764704220364
344,Generic_Service,Completed,36.46794324265504,36.4687671216542,36.4687671216542,36.48298798248367,0.014220860829468052,0.015044739828631111,0.015044739828631748,0.0,STARLINK-5024,1,1,2,0.0008238789991630598,0.01508804488927956,False,135.41766807689427,7.01769529733933e-06,135.41767509458958,22670.470129119578,28.338087661399474,N/A,36.46794324265504,36.70651679434261,0.23857355168757266
348,CPU_Intensive,Completed,37.09738796594675,37.098229814308844,37.098229814308844,37.42263698258267,0.3244071682738223,0.32524901663591577,0.3252490166359152,0.0,STARLINK-5024,1,1,2,0.0008418483620934549,0.06561633571280003,False,3171.2385723127127,3.0519225912930246e-05,3171.238602831939,19499.231556806866,24.374039446008585,N/A,37.09738796594675,37.61122169209428,0.5138337261475314
369,Generic_Service,Completed,39.487513029309895,39.488351911342974,39.488351911342974,39.50361915668356,0.015267245340588431,0.016106127373667355,0.01610612737366779,0.0,STARLINK-5024,1,1,2,0.0008388820330789239,0.05727527567049105,False,133.27837943703418,2.663966310255398e-05,133.27840607669728,19365.953177369833,24.20744147171229,N/A,39.487513029309895,39.52663245516694,0.03911942585704509
372,CPU_and_Data_Intensive,Completed,39.960891904390145,39.96202795994119,39.96202795994119,40.18403360849639,0.22200564855520355,0.22314170410624468,0.22314170410624712,0.0,STARLINK-5024,1,1,3,0.0011360555510411183,0.8929014466597496,False,2179.3602333183194,0.00041530299844639516,2179.360648621318,17186.592528748515,21.483240660935643,N/A,39.960891904390145,40.23335339715616,0.2724614927660127
380,CPU_and_Data_Intensive,Completed,40.47200772969539,40.476837288450355,40.476837288450355,40.67488199963834,0.1980447111879826,0.20287426994294427,0.20287426994294577,0.0,STARLINK-5024,1,1,3,0.004829558754961648,11.278712271907356,False,1896.1928753443378,0.005245912684608073,1896.1981212570224,15290.394407491493,19.112993009364367,N/A,40.47200772969539,40.84038894864864,0.36838121895324605
398,CPU_Intensive,Completed,41.60119886937019,41.60202624907442,41.60202624907442,41.86980884886465,0.26778259979023034,0.2686099794944629,0.26860997949446386,0.0,STARLINK-5024,1,1,2,0.0008273797042325944,0.02493172407401098,False,2626.318859344257,1.1596150732098131e-05,2626.3188709404076,12664.075548147235,15.830094435184044,N/A,41.60119886937019,42.05500901613815,0.45381014676796383
419,CPU_Intensive,Completed,43.74336066035637,43.744189480134416,43.744189480134416,43.81450430839097,0.07031482825655644,0.07114364803460217,0.0711436480345995,0.0,STARLINK-5024,1,1,2,0.0008288197780457313,0.028981086798742943,False,683.0130753713584,1.3479575255229276e-05,683.0130888509336,11981.062472775877,14.976328090969846,N/A,43.74336066035637,43.968821873687965,0.22546121333159164
427,CPU_and_Data_Intensive,Completed,44.8663244842234,44.87237908028891,44.87237908028891,45.01335351048376,0.14097443019485212,0.14702902626035938,0.14702902626036263,0.0,STARLINK-5024,1,1,3,0.006054596065507263,14.72341099253979,False,1319.14408813852,0.006848098136065019,1319.150936236656,10661.91153653922,13.327389420674027,N/A,44.8663244842234,45.180588848557385,0.31426436433398663
435,Generic_Service,Completed,45.6677537567991,45.66857636527406,45.66857636527406,45.70363572475142,0.0350593594773585,0.03588196795231958,0.03588196795232079,0.0,STARLINK-5024,1,1,2,0.0008226084749610779,0.011515440973117946,False,341.41878292287345,5.356019057264161e-06,341.4187882788925,10320.492753616347,12.900615942020433,N/A,45.6677537567991,45.78454695752448,0.11679320072538246
440,CPU_Intensive,Completed,46.28180091498755,46.28264325237678,46.28264325237678,46.43678501321369,0.15414176083690734,0.15498409822613382,0.15498409822613723,0.0,STARLINK-5024,1,1,2,0.0008423373892264898,0.0669914376178754,False,1496.2583718496373,3.1158808194360654e-05,1496.2584030084456,8824.23438176671,11.030292977208388,N/A,46.28180091498755,46.48625603013273,0.2044551151451799
443,Generic_Service,Completed,46.58428798523266,46.585110918240346,46.585110918240346,46.63232643815364,0.0472155199132942,0.04803845292098038,0.04803845292097719,0.0,STARLINK-5024,1,1,2,0.000822933007686173,0.012427998862836537,False,460.7067858440833,5.780464587365831e-06,460.70679162454786,8363.527595922626,10.454409494903281,N/A,46.58428798523266,46.68806269198432,0.10377470675165767
442,CPU_and_Data_Intensive,Completed,46.58314002126702,46.58962628472857,46.58962628472857,46.74114287969535,0.15151659496678604,0.15800285842833603,0.15800285842833262,0.0,STARLINK-5024,1,1,4,0.006486263461549983,15.93722228962169,False,1417.2746615277272,0.0074126615300566,1417.2820741892572,6946.245521733368,8.68280690216671,N/A,46.58314002126702,46.89148083719191,0.30834081592488616
447,CPU_and_Data_Intensive,Completed,46.65416308604142,46.66349786640504,46.66349786640504,46.84791550534251,0.1844176389374752,0.19375241930109324,0.19375241930109155,0.0,STARLINK-5024,1,1,4,0.009334780363618027,23.947004884637842,False,1704.2188564088492,0.011138141806808298,1704.229994550656,5242.0155271827125,6.552519408978391,N/A,46.65416308604142,46.89148084269876,0.23731775665734034
464,CPU_and_Data_Intensive,Completed,47.481861960622524,47.483443372501696,47.483443372501696,47.56989448632296,0.08645111382126203,0.08803252570043711,0.0880325257004344,0.0,STARLINK-5024,1,1,3,0.00158141187917508,2.14520483410951,False,840.441037876442,0.000997769690283493,840.4420356461322,4401.57349153658,5.501966864420725,N/A,47.481861960622524,47.600927121075436,0.11906516045291227
492,CPU_Intensive,Completed,51.49862635719572,51.49945842408816,51.49945842408816,51.51598746207984,0.01652903799168115,0.017361104884122517,0.01736110488412379,0.0,STARLINK-5024,1,1,2,0.0008320668924413673,0.038111690991861645,False,151.3348165761227,1.7726367903191462e-05,151.3348343024906,4250.2386749604575,5.312798343700572,N/A,51.49862635719572,51.61589404455686,0.11726768736114224
499,Generic_Service,Completed,51.95889200168199,51.959729995110116,51.959729995110116,51.99300674776144,0.033276752651325125,0.034114746079453834,0.034114746079453084,0.0,STARLINK-5024,1,1,2,0.0008379934281287067,0.05477659558229217,False,311.13968526784794,2.5477486317345196e-05,311.13971074533424,3939.0989896926094,4.923873737115762,N/A,51.95889200168199,52.11786162864226,0.15896962696027117
501,Generic_Service,Completed,51.99923267892847,52.000062066997856,52.000062066997856,52.01282496787382,0.012762900875962657,0.013592288945343338,0.013592288945346809,0.0,STARLINK-5024,1,1,2,0.0008293880693806798,0.030579072768306237,False,116.51403639285742,1.422282454339825e-05,116.51405061568197,3822.5849532997518,4.77823119162469,N/A,51.99923267892847,52.01705433307522,0.017821654146750632
514,Generic_Service,Completed,52.74534941079476,52.74618524527702,52.74618524527702,52.76409729475832,0.017912049481303427,0.018747883963562608,0.018747883963563083,0.0,STARLINK-5024,1,1,2,0.0008358344822591811,0.048705826952920986,False,161.8152661999563,2.26538730013586e-05,161.81528885382932,3660.7696870997956,4.575962108874744,N/A,52.74534941079476,52.921477965192786,0.17612855439802644
519,Generic_Service,Completed,53.32259035906917,53.323422862957145,53.323422862957145,53.355819685697924,0.03239682274077893,0.033229326628756876,0.03322932662875644,0.0,STARLINK-5024,1,1,2,0.0008325038879779449,0.039340484558239,False,307.03378634417084,1.8297899794529766e-05,307.0338046420706,3353.7359007556247,4.192169875944531,N/A,53.32259035906917,53.42147796520926,0.09888760614009584
528,CPU_Intensive,Completed,54.12853016166419,54.12936404338581,54.12936404338581,54.17771022761415,0.04834618422833614,0.0491800659499588,0.049180065949961715,0.0,STARLINK-5024,1,1,2,0.0008338817216226576,0.04321483332486765,False,462.75555107670243,2.009992247668263e-05,462.7555711766249,2890.9803496789223,3.613725437098653,N/A,54.12853016166419,54.2248961104074,0.09636594874321247
535,Generic_Service,Completed,55.06241821630658,55.06326407946264,55.06326407946264,55.104550413525004,0.04128633406236304,0.04213219721841886,0.04213219721842165,0.0,STARLINK-5024,1,1,2,0.0008458631560558243,0.07690558829859823,False,383.3942499804523,3.577004106911545e-05,383.39428575049334,2507.58609969847,3.1344826246230877,N/A,55.06241821630658,55.12489611042509,0.06247789411850846
548,CPU_Intensive,Completed,55.58207128636865,55.582899107300456,55.582899107300456,55.602686186080625,0.019787078780169054,0.02061489971197397,0.020614899711972612,0.0,STARLINK-5024,1,1,2,0.0008278209318049141,0.02617241775802688,False,186.89586591164652,1.2173217561872969e-05,186.89587808486408,2320.6902337868237,2.9008627922335295,N/A,55.58207128636865,55.726605183057465,0.144533896688813
554,Generic_Service,Completed,56.18159617234254,56.1824290872896,56.1824290872896,56.218318792645285,0.03588970535568592,0.03672262030274687,0.03672262030274709,0.0,STARLINK-5024,1,1,2,0.0008329149470609479,0.04049634706555643,False,341.04601154781574,1.8835510263049504e-05,341.046030383326,1979.6442222390078,2.47455527779876,N/A,56.18159617234254,56.22955847819511,0.047962305852571774
576,Generic_Service,Completed,58.44470036736065,58.445536785698174,58.445536785698174,58.455686061322965,0.010149275624790732,0.010985693962308541,0.010985693962311416,0.0,STARLINK-5024,1,1,2,0.0008364183375178097,0.050347577326660085,False,84.98396746900706,2.3417477826353527e-05,84.98399088648488,1894.6602547700008,2.3683253184625013,N/A,58.44470036736065,58.539314563575516,0.094614196214863
625,Generic_Service,Completed,63.021142791427465,63.02196947045411,63.02196947045411,63.057147643590355,0.03517817313624505,0.036004852162887735,0.03600485216288973,0.0,STARLINK-5024,1,1,2,0.0008266790266426878,0.02296147943186882,False,339.21472227219476,1.0679757875287823e-05,339.2147329519526,1555.4455324978062,1.9443069156222577,N/A,63.021142791427465,63.15251503863231,0.13137224720484397
649,CPU_Intensive,Completed,64.64749743918021,64.64833729249496,64.64833729249496,64.65881081426373,0.010473521768773253,0.011313375083515802,0.011313375083517485,0.0,STARLINK-5024,1,1,2,0.0008398533147425497,0.060006435509675965,False,85.32695014143479,2.790997000450045e-05,85.3269780514048,1470.1185823563715,1.8376482279454642,N/A,64.64749743918021,64.75574406601307,0.10824662683285169
657,CPU_and_Data_Intensive,Completed,65.65202698424226,65.65289217624326,65.65289217624326,65.66546980752204,0.012577631278787749,0.013442823279788109,0.01344282327978874,0.0,STARLINK-5024,1,1,3,0.000865192001000361,0.13125662469445604,False,123.10166453679355,6.104959288114234e-05,123.10172558638644,1347.016856769985,1.6837710709624814,N/A,65.65202698424226,65.85745313864818,0.20542615440592726
661,Generic_Service,Completed,66.15302465187338,66.15384778999066,66.15384778999066,66.16771599284145,0.01386820285078727,0.014691340968073783,0.014691340968070676,0.0,STARLINK-5024,1,1,2,0.0008231381172865132,0.01300474927835416,False,132.56309447956605,6.048720594583331e-06,132.56310052828664,1214.453762290419,1.5180672028630238,N/A,66.15302465187338,66.25745313870003,0.10442848682664874
678,Generic_Service,Completed,68.27947009783946,68.28030560767361,68.28030560767361,68.29608121531604,0.015775607642424916,0.016611117476569952,0.016611117476571735,0.0,STARLINK-5024,1,1,2,0.0008355098341450377,0.04779294459920119,False,141.0721587684118,2.2229276557767996e-05,141.07218099768838,1073.3816035220073,1.3417270044025091,N/A,68.27947009783946,68.35916221132243,0.07969211348296312
685,Generic_Service,Completed,68.89653226471258,68.89736408430387,68.89736408430387,68.90766701422862,0.010302929924748128,0.011134749516043574,0.011134749516045872,0.0,STARLINK-5024,1,1,2,0.0008318195912954451,0.03741630160768848,False,90.30540288173532,1.7402930980320223e-05,90.3054202846663,983.076200640272,1.22884525080034,N/A,68.89653226471258,68.95916221133957,0.06262994662699839
692,Generic_Service,Completed,69.25035082624643,69.25117523219846,69.25117523219846,69.26748153629075,0.016306304092282176,0.01713071004431523,0.01713071004431299,0.0,STARLINK-5024,1,1,2,0.0008244059520330539,0.016569790678960097,False,155.49158309239388,7.706879385562836e-06,155.49159079927327,827.5846175478781,1.0344807719348477,N/A,69.25035082624643,69.4609688731467,0.2106180469002652
712,Generic_Service,Completed,71.03086210152597,71.03169085304233,71.03169085304233,71.04609957203434,0.014408718992001468,0.015237470508371426,0.015237470508367323,0.0,STARLINK-5024,1,1,2,0.0008287515163699586,0.02878914088397081,False,133.22820786978326,1.339029808556782e-05,133.22822126008134,694.3564096780949,0.8679455120976186,N/A,71.03086210152597,71.0609688731538,0.030106771627828266
736,Generic_Service,Completed,73.46059792100316,73.46143376767445,73.46143376767445,73.47271517718048,0.011281409506025852,0.012117256177316932,0.012117256177319291,0.0,STARLINK-5024,1,1,2,0.0008358466712910803,0.04874010145397307,False,96.59224891224515,2.2669814629754915e-05,96.59227158205978,597.7641607658497,0.7472052009573121,N/A,73.46059792100316,73.56571053355341,0.10511261255025772
762,CPU_Intensive,Completed,76.27474414210296,76.2755770796028,76.2755770796028,76.28957594316067,0.013998863557873165,0.014831801057713718,0.014831801057709981,0.0,STARLINK-5024,1,1,2,0.0008329374998405541,0.04055976352674285,False,125.72900139350428,1.8865006291508303e-05,125.72902025851057,472.03515937234545,0.5900439492154318,N/A,76.27474414210296,76.37022152477891,0.09547738267595207
854,Generic_Service,Completed,86.39145675453028,86.39229356261707,86.39229356261707,86.40358764312394,0.011294080506871751,0.012130888593659179,0.01213088859365996,0.0,STARLINK-5024,1,1,2,0.0008368080867874275,0.05144351848605366,False,95.9203008512948,2.3927217900490078e-05,95.9203247785127,376.1148585210507,0.47014357315131333,N/A,86.39145675453028,86.47791182096823,0.08645506643794931
2111,Generic_Service,Completed,211.743003286148,211.74382910620113,211.74382910620113,211.7526925512264,0.008863445025269812,0.009689265078418881,0.009689265078407061,0.0,STARLINK-5024,1,1,2,0.0008258200531490698,0.020546120430921,False,81.1187844808711,9.556335084149302e-06,81.11879403720619,294.99607404017956,0.3687450925502244,N/A,211.743003286148,211.7826782288317,0.03967494268371752
1118,CPU_and_Data_Intensive,Rejected,113.19784068519229,N/A,N/A,N/A,1.0979978029082327,0.0,0.0,0.0,STARLINK-5024,0,N/A,N/A,0.0,480.00142789638136,False,0.0,0.0,0.0,294.99607404017956,0.3687450925502244,Insufficient Energy for CPU+NET,N/A,N/A,N/A
1138,CPU_and_Data_Intensive,Rejected,115.23431624442709,N/A,N/A,N/A,0.9798056277347692,0.0,0.0,0.0,STARLINK-5024,0,N/A,N/A,0.0,369.79050056209434,False,0.0,0.0,0.0,294.99607404017956,0.3687450925502244,Insufficient Energy for CPU+NET,N/A,N/A,N/A
1412,CPU_and_Data_Intensive,Rejected,143.48389306207036,N/A,N/A,N/A,0.39623756075011296,0.0,0.0,0.0,STARLINK-5024,0,N/A,N/A,0.0,192.36456357288228,False,0.0,0.0,0.0,294.99607404017956,0.3687450925502244,Insufficient Energy for CPU+NET,N/A,N/A,N/A
1461,CPU_and_Data_Intensive,Rejected,147.75224903174956,N/A,N/A,N/A,0.8368403643218237,0.0,0.0,0.0,STARLINK-5024,0,N/A,N/A,0.0,406.49758634411455,False,0.0,0.0,0.0,294.99607404017956,0.3687450925502244,Insufficient Energy for CPU+NET,N/A,N/A,N/A
1509,CPU_and_Data_Intensive,Rejected,152.25800640486716,N/A,N/A,N/A,0.6232156016928577,0.0,0.0,0.0,STARLINK-5024,0,N/A,N/A,0.0,290.48121331971436,False,0.0,0.0,0.0,294.99607404017956,0.3687450925502244,Insufficient Energy for CPU+NET,N/A,N/A,N/A
1850,CPU_and_Data_Intensive,Rejected,189.12443759207738,N/A,N/A,N/A,0.5933726131406414,0.0,0.0,0.0,STARLINK-5024,0,N/A,N/A,0.0,261.6236718424029,False,0.0,0.0,0.0,294.99607404017956,0.3687450925502244,Insufficient Energy for CPU+NET,N/A,N/A,N/A
1958,CPU_and_Data_Intensive,Rejected,197.72494898876948,N/A,N/A,N/A,1.1488023793562907,0.0,0.0,0.0,STARLINK-5024,0,N/A,N/A,0.0,442.30151782823856,False,0.0,0.0,0.0,294.99607404017956,0.3687450925502244,Insufficient Energy for CPU+NET,N/A,N/A,N/A
2024,CPU_and_Data_Intensive,Rejected,204.12572879928345,N/A,N/A,N/A,1.1050785568376709,0.0,0.0,0.0,STARLINK-5024,0,N/A,N/A,0.0,434.34442572027723,False,0.0,0.0,0.0,294.99607404017956,0.3687450925502244,Insufficient Energy for CPU+NET,N/A,N/A,N/A
2146,CPU_and_Data_Intensive,Rejected,216.07321183039946,N/A,N/A,N/A,1.0500477123721144,0.0,0.0,0.0,STARLINK-5024,0,N/A,N/A,0.0,401.0771791916486,False,0.0,0.0,0.0,294.99607404017956,0.3687450925502244,Insufficient Energy for CPU+NET,N/A,N/A,N/A
2295,CPU_and_Data_Intensive,Rejected,232.16269415523917,N/A,N/A,N/A,0.8579839245895016,0.0,0.0,0.0,STARLINK-5024,0,N/A,N/A,0.0,391.4771031684444,False,0.0,0.0,0.0,294.99607404017956,0.3687450925502244,Insufficient Energy for CPU+NET,N/A,N/A,N/A
2329,CPU_and_Data_Intensive,Rejected,235.7084267067848,N/A,N/A,N/A,0.911627336983875,0.0,0.0,0.0,STARLINK-5024,0,N/A,N/A,0.0,369.244051853417,False,0.0,0.0,0.0,294.99607404017956,0.3687450925502244,Insufficient Energy for CPU+NET,N/A,N/A,N/A
2383,CPU_and_Data_Intensive,Rejected,241.22508933050324,N/A,N/A,N/A,0.6770809790324107,0.0,0.0,0.0,STARLINK-5024,0,N/A,N/A,0.0,303.9192882245906,False,0.0,0.0,0.0,294.99607404017956,0.3687450925502244,Insufficient Energy for CPU+NET,N/A,N/A,N/A
2655,CPU_and_Data_Intensive,Rejected,265.19388457797095,N/A,N/A,N/A,0.32656021682345443,0.0,0.0,0.0,STARLINK-5024,0,N/A,N/A,0.0,156.84624071007178,False,0.0,0.0,0.0,294.99607404017956,0.3687450925502244,Insufficient Energy for CPU+NET,N/A,N/A,N/A
2773,CPU_and_Data_Intensive,Rejected,277.1757930957195,N/A,N/A,N/A,0.9591800627448782,0.0,0.0,0.0,STARLINK-5024,0,N/A,N/A,0.0,466.010774100796,False,0.0,0.0,0.0,294.99607404017956,0.3687450925502244,Insufficient Energy for CPU+NET,N/A,N/A,N/A
2775,CPU_and_Data_Intensive,Rejected,277.48395835729195,N/A,N/A,N/A,0.6087353737155277,0.0,0.0,0.0,STARLINK-5024,0,N/A,N/A,0.0,262.9268950103725,False,0.0,0.0,0.0,294.99607404017956,0.3687450925502244,Insufficient Energy for CPU+NET,N/A,N/A,N/A
2777,CPU_and_Data_Intensive,Rejected,277.63661084619343,N/A,N/A,N/A,0.05744597045538801,0.0,0.0,0.0,STARLINK-5024,0,N/A,N/A,0.0,20.511910899353342,False,0.0,0.0,0.0,294.99607404017956,0.3687450925502244,Insufficient Energy for CPU+NET,N/A,N/A,N/A
2875,CPU_and_Data_Intensive,Rejected,286.0924272466533,N/A,N/A,N/A,0.5000359540409011,0.0,0.0,0.0,STARLINK-5024,0,N/A,N/A,0.0,193.18857782470585,False,0.0,0.0,0.0,294.99607404017956,0.3687450925502244,Insufficient Energy for CPU+NET,N/A,N/A,N/A
2920,CPU_and_Data_Intensive,Rejected,289.91799687027304,N/A,N/A,N/A,1.1418423583739186,0.0,0.0,0.0,STARLINK-5024,0,N/A,N/A,0.0,493.35945039359933,False,0.0,0.0,0.0,294.99607404017956,0.3687450925502244,Insufficient Energy for CPU+NET,N/A,N/A,N/A
2986,CPU_and_Data_Intensive,Rejected,296.9893617276003,N/A,N/A,N/A,0.37406916334395157,0.0,0.0,0.0,STARLINK-5024,0,N/A,N/A,0.0,164.42032619861965,False,0.0,0.0,0.0,294.99607404017956,0.3687450925502244,Insufficient Energy for CPU+NET,N/A,N/A,N/A
5,CPU_and_Data_Intensive,Rejected,1.2482569816529492,N/A,N/A,N/A,0.4148609470574165,0.0,0.0,0.0,STARLINK-11365 [DTC],0,N/A,N/A,0.0,281.94435126985474,False,0.0,0.0,0.0,79985.05200188376,99.9813150023547,No suitable server found after deadline/sunset filters,N/A,N/A,N/A
11,CPU_and_Data_Intensive,Rejected,2.21596617391836,N/A,N/A,N/A,0.16639145233679892,0.0,0.0,0.0,STARLINK-11365 [DTC],0,N/A,N/A,0.0,225.07879888873316,False,0.0,0.0,0.0,79985.05200188376,99.9813150023547,No suitable server found after deadline/sunset filters,N/A,N/A,N/A
25,CPU_and_Data_Intensive,Rejected,3.579409179449818,N/A,N/A,N/A,0.2759979287104595,0.0,0.0,0.0,STARLINK-11365 [DTC],0,N/A,N/A,0.0,464.56633958582813,False,0.0,0.0,0.0,79985.05200188376,99.9813150023547,No suitable server found after deadline/sunset filters,N/A,N/A,N/A
27,CPU_and_Data_Intensive,Rejected,3.713627470672175,N/A,N/A,N/A,0.28197506466472294,0.0,0.0,0.0,STARLINK-11365 [DTC],0,N/A,N/A,0.0,420.242700051145,False,0.0,0.0,0.0,79985.05200188376,99.9813150023547,No suitable server found after deadline/sunset filters,N/A,N/A,N/A
29,Generic_Service,Rejected,4.0183111524360475,N/A,N/A,N/A,0.006223783234679023,0.0,0.0,0.0,STARLINK-11365 [DTC],0,N/A,N/A,0.0,0.04345768876384917,False,0.0,0.0,0.0,79985.05200188376,99.9813150023547,No suitable server found after deadline/sunset filters,N/A,N/A,N/A
30,Generic_Service,Rejected,4.187525153950838,N/A,N/A,N/A,0.004279596863114287,0.0,0.0,0.0,STARLINK-11365 [DTC],0,N/A,N/A,0.0,0.03113015026225769,False,0.0,0.0,0.0,79985.05200188376,99.9813150023547,No suitable server found after deadline/sunset filters,N/A,N/A,N/A
31,Generic_Service,Rejected,4.190961698770567,N/A,N/A,N/A,0.006901101506536374,0.0,0.0,0.0,STARLINK-11365 [DTC],0,N/A,N/A,0.0,0.05017565505578311,False,0.0,0.0,0.0,79985.05200188376,99.9813150023547,No suitable server found after deadline/sunset filters,N/A,N/A,N/A
43,CPU_and_Data_Intensive,Rejected,5.423810623375686,N/A,N/A,N/A,0.47404777119840713,0.0,0.0,0.0,STARLINK-11365 [DTC],0,N/A,N/A,0.0,411.69705718660856,False,0.0,0.0,0.0,79985.05200188376,99.9813150023547,No suitable server found after deadline/sunset filters,N/A,N/A,N/A
51,Generic_Service,Rejected,6.105313831952136,N/A,N/A,N/A,0.0058853372285655155,0.0,0.0,0.0,STARLINK-11365 [DTC],0,N/A,N/A,0.0,0.035956789581035334,False,0.0,0.0,0.0,79985.05200188376,99.9813150023547,No suitable server found after deadline/sunset filters,N/A,N/A,N/A
63,CPU_and_Data_Intensive,Rejected,7.650393449797888,N/A,N/A,N/A,0.00979726391075337,0.0,0.0,0.0,STARLINK-11365 [DTC],0,N/A,N/A,0.0,368.70462630005676,False,0.0,0.0,0.0,79985.05200188376,99.9813150023547,No suitable server found after deadline/sunset filters,N/A,N/A,N/A
77,Generic_Service,Rejected,9.486075511763511,N/A,N/A,N/A,0.003218058178851277,0.0,0.0,0.0,STARLINK-11365 [DTC],0,N/A,N/A,0.0,0.07735932804029723,False,0.0,0.0,0.0,79985.05200188376,99.9813150023547,No suitable server found after deadline/sunset filters,N/A,N/A,N/A
88,Generic_Service,Rejected,10.646485455469364,N/A,N/A,N/A,0.0008192089059043449,0.0,0.0,0.0,STARLINK-11365 [DTC],0,N/A,N/A,0.0,0.05375845263097004,False,0.0,0.0,0.0,79985.05200188376,99.9813150023547,No suitable server found after deadline/sunset filters,N/A,N/A,N/A
107,Generic_Service,Rejected,12.442696575347151,N/A,N/A,N/A,0.0063476131009483905,0.0,0.0,0.0,STARLINK-11365 [DTC],0,N/A,N/A,0.0,0.024624735592519494,False,0.0,0.0,0.0,79985.05200188376,99.9813150023547,No suitable server found after deadline/sunset filters,N/A,N/A,N/A
112,CPU_and_Data_Intensive,Rejected,12.718099233744335,N/A,N/A,N/A,0.021185028207189587,0.0,0.0,0.0,STARLINK-11365 [DTC],0,N/A,N/A,0.0,14.433510126428185,False,0.0,0.0,0.0,79985.05200188376,99.9813150023547,No suitable server found after deadline/sunset filters,N/A,N/A,N/A
119,CPU_and_Data_Intensive,Rejected,14.14249778284063,N/A,N/A,N/A,0.13508801808714457,0.0,0.0,0.0,STARLINK-11365 [DTC],0,N/A,N/A,0.0,303.7507083083733,False,0.0,0.0,0.0,79985.05200188376,99.9813150023547,No suitable server found after deadline/sunset filters,N/A,N/A,N/A
124,CPU_and_Data_Intensive,Rejected,14.87506873149714,N/A,N/A,N/A,0.08217703564166394,0.0,0.0,0.0,STARLINK-11365 [DTC],0,N/A,N/A,0.0,434.6325728791105,False,0.0,0.0,0.0,79985.05200188376,99.9813150023547,No suitable server found after deadline/sunset filters,N/A,N/A,N/A
125,Generic_Service,Rejected,14.897382656769388,N/A,N/A,N/A,0.0027097340550095335,0.0,0.0,0.0,STARLINK-11365 [DTC],0,N/A,N/A,0.0,0.05953451613068141,False,0.0,0.0,0.0,79985.05200188376,99.9813150023547,No suitable server found after deadline/sunset filters,N/A,N/A,N/A
134,Generic_Service,Rejected,15.909577166914964,N/A,N/A,N/A,0.00369580063418083,0.0,0.0,0.0,STARLINK-11365 [DTC],0,N/A,N/A,0.0,0.07506212241743834,False,0.0,0.0,0.0,79985.05200188376,99.9813150023547,No suitable server found after deadline/sunset filters,N/A,N/A,N/A
137,CPU_and_Data_Intensive,Rejected,16.005037016639633,N/A,N/A,N/A,0.4166439875863676,0.0,0.0,0.0,STARLINK-11365 [DTC],0,N/A,N/A,0.0,276.905676159672,False,0.0,0.0,0.0,79985.05200188376,99.9813150023547,No suitable server found after deadline/sunset filters,N/A,N/A,N/A
150,CPU_and_Data_Intensive,Rejected,17.546822453083024,N/A,N/A,N/A,0.07046060413857594,0.0,0.0,0.0,STARLINK-11365 [DTC],0,N/A,N/A,0.0,274.9546225050841,False,0.0,0.0,0.0,79985.05200188376,99.9813150023547,No suitable server found after deadline/sunset filters,N/A,N/A,N/A
153,CPU_and_Data_Intensive,Rejected,17.914993334615115,N/A,N/A,N/A,0.013127580266862046,0.0,0.0,0.0,STARLINK-11365 [DTC],0,N/A,N/A,0.0,23.714333767972896,False,0.0,0.0,0.0,79985.05200188376,99.9813150023547,No suitable server found after deadline/sunset filters,N/A,N/A,N/A
154,CPU_and_Data_Intensive,Rejected,18.07670161255339,N/A,N/A,N/A,0.5492360934922041,0.0,0.0,0.0,STARLINK-11365 [DTC],0,N/A,N/A,0.0,447.29318259387946,False,0.0,0.0,0.0,79985.05200188376,99.9813150023547,No suitable server found after deadline/sunset filters,N/A,N/A,N/A
170,CPU_and_Data_Intensive,Rejected,18.891255603825453,N/A,N/A,N/A,0.21285564509878002,0.0,0.0,0.0,STARLINK-11365 [DTC],0,N/A,N/A,0.0,330.447523871032,False,0.0,0.0,0.0,79985.05200188376,99.9813150023547,No suitable server found after deadline/sunset filters,N/A,N/A,N/A
171,CPU_and_Data_Intensive,Rejected,18.89812229269289,N/A,N/A,N/A,0.4503314316833264,0.0,0.0,0.0,STARLINK-11365 [DTC],0,N/A,N/A,0.0,273.2885646755782,False,0.0,0.0,0.0,79985.05200188376,99.9813150023547,No suitable server found after deadline/sunset filters,N/A,N/A,N/A
182,CPU_and_Data_Intensive,Rejected,19.821934630221214,N/A,N/A,N/A,0.19962077007622514,0.0,0.0,0.0,STARLINK-11365 [DTC],0,N/A,N/A,0.0,254.84792882852463,False,0.0,0.0,0.0,79985.05200188376,99.9813150023547,No suitable server found after deadline/sunset filters,N/A,N/A,N/A
183,CPU_and_Data_Intensive,Rejected,19.841161345368736,N/A,N/A,N/A,0.4838258022100398,0.0,0.0,0.0,STARLINK-11365 [DTC],0,N/A,N/A,0.0,465.07566039503337,False,0.0,0.0,0.0,79985.05200188376,99.9813150023547,No suitable server found after deadline/sunset filters,N/A,N/A,N/A
184,Generic_Service,Rejected,19.84207492993696,N/A,N/A,N/A,0.003885489468945363,0.0,0.0,0.0,STARLINK-11365 [DTC],0,N/A,N/A,0.0,0.08565559374221306,False,0.0,0.0,0.0,79985.05200188376,99.9813150023547,No suitable server found after deadline/sunset filters,N/A,N/A,N/A
186,CPU_and_Data_Intensive,Rejected,19.891114334849,N/A,N/A,N/A,0.2897458213011483,0.0,0.0,0.0,STARLINK-11365 [DTC],0,N/A,N/A,0.0,498.5680240563909,False,0.0,0.0,0.0,79985.05200188376,99.9813150023547,No suitable server found after deadline/sunset filters,N/A,N/A,N/A
194,Generic_Service,Rejected,20.669326192518252,N/A,N/A,N/A,0.0011062776322416502,0.0,0.0,0.0,STARLINK-11365 [DTC],0,N/A,N/A,0.0,0.055784979935556915,False,0.0,0.0,0.0,79985.05200188376,99.9813150023547,No suitable server found after deadline/sunset filters,N/A,N/A,N/A
196,CPU_and_Data_Intensive,Rejected,20.85182882684903,N/A,N/A,N/A,0.4638001955638827,0.0,0.0,0.0,STARLINK-11365 [DTC],0,N/A,N/A,0.0,404.71062976078133,False,0.0,0.0,0.0,79985.05200188376,99.9813150023547,No suitable server found after deadline/sunset filters,N/A,N/A,N/A
198,Generic_Service,Rejected,20.895703137879273,N/A,N/A,N/A,0.002186698577112242,0.0,0.0,0.0,STARLINK-11365 [DTC],0,N/A,N/A,0.0,0.04894338563131324,False,0.0,0.0,0.0,79985.05200188376,99.9813150023547,No suitable server found after deadline/sunset filters,N/A,N/A,N/A
209,Generic_Service,Rejected,21.649391479868402,N/A,N/A,N/A,0.0034521170965344525,0.0,0.0,0.0,STARLINK-11365 [DTC],0,N/A,N/A,0.0,0.061875877778964306,False,0.0,0.0,0.0,79985.05200188376,99.9813150023547,No suitable server found after deadline/sunset filters,N/A,N/A,N/A
215,CPU_and_Data_Intensive,Rejected,22.81231118275115,N/A,N/A,N/A,0.5021310807147346,0.0,0.0,0.0,STARLINK-11365 [DTC],0,N/A,N/A,0.0,459.1765753471702,False,0.0,0.0,0.0,79985.05200188376,99.9813150023547,No suitable server found after deadline/sunset filters,N/A,N/A,N/A
229,Generic_Service,Rejected,24.45851381563442,N/A,N/A,N/A,0.0015119797691120183,0.0,0.0,0.0,STARLINK-11365 [DTC],0,N/A,N/A,0.0,0.021861675409463058,False,0.0,0.0,0.0,79985.05200188376,99.9813150023547,No suitable server found after deadline/sunset filters,N/A,N/A,N/A
233,Generic_Service,Rejected,24.57338087657465,N/A,N/A,N/A,0.008211122614598719,0.0,0.0,0.0,STARLINK-11365 [DTC],0,N/A,N/A,0.0,0.058688705267917335,False,0.0,0.0,0.0,79985.05200188376,99.9813150023547,No suitable server found after deadline/sunset filters,N/A,N/A,N/A
237,CPU_and_Data_Intensive,Rejected,25.210148187489807,N/A,N/A,N/A,0.21241941660808566,0.0,0.0,0.0,STARLINK-11365 [DTC],0,N/A,N/A,0.0,140.82443426329857,False,0.0,0.0,0.0,79985.05200188376,99.9813150023547,No suitable server found after deadline/sunset filters,N/A,N/A,N/A
239,CPU_and_Data_Intensive,Rejected,25.525242193289838,N/A,N/A,N/A,0.13050674491675698,0.0,0.0,0.0,STARLINK-11365 [DTC],0,N/A,N/A,0.0,170.12754843057664,False,0.0,0.0,0.0,79985.05200188376,99.9813150023547,No suitable server found after deadline/sunset filters,N/A,N/A,N/A
249,CPU_and_Data_Intensive,Rejected,26.174001739800666,N/A,N/A,N/A,0.18132308582990211,0.0,0.0,0.0,STARLINK-11365 [DTC],0,N/A,N/A,0.0,337.26540105546553,False,0.0,0.0,0.0,79985.05200188376,99.9813150023547,No suitable server found after deadline/sunset filters,N/A,N/A,N/A
252,CPU_and_Data_Intensive,Rejected,26.597291572932424,N/A,N/A,N/A,0.15115811982125324,0.0,0.0,0.0,STARLINK-11365 [DTC],0,N/A,N/A,0.0,400.59286907619247,False,0.0,0.0,0.0,79985.05200188376,99.9813150023547,No suitable server found after deadline/sunset filters,N/A,N/A,N/A
253,CPU_and_Data_Intensive,Rejected,26.661334864301505,N/A,N/A,N/A,0.03359098881950498,0.0,0.0,0.0,STARLINK-11365 [DTC],0,N/A,N/A,0.0,23.1519366171253,False,0.0,0.0,0.0,79985.05200188376,99.9813150023547,No suitable server found after deadline/sunset filters,N/A,N/A,N/A
275,Generic_Service,Rejected,28.538539161382328,N/A,N/A,N/A,0.003618758014750892,0.0,0.0,0.0,STARLINK-11365 [DTC],0,N/A,N/A,0.0,0.0487207772218826,False,0.0,0.0,0.0,79985.05200188376,99.9813150023547,No suitable server found after deadline/sunset filters,N/A,N/A,N/A
282,CPU_and_Data_Intensive,Rejected,29.088188516425703,N/A,N/A,N/A,0.7624845743510609,0.0,0.0,0.0,STARLINK-11365 [DTC],0,N/A,N/A,0.0,430.24020030835277,False,0.0,0.0,0.0,79985.05200188376,99.9813150023547,No suitable server found after deadline/sunset filters,N/A,N/A,N/A
285,Generic_Service,Rejected,29.296607309576803,N/A,N/A,N/A,0.002618874399922634,0.0,0.0,0.0,STARLINK-11365 [DTC],0,N/A,N/A,0.0,0.01162391997470151,False,0.0,0.0,0.0,79985.05200188376,99.9813150023547,No suitable server found after deadline/sunset filters,N/A,N/A,N/A
292,CPU_and_Data_Intensive,Rejected,31.18444724165102,N/A,N/A,N/A,0.23448135349770463,0.0,0.0,0.0,STARLINK-11365 [DTC],0,N/A,N/A,0.0,198.04727106570982,False,0.0,0.0,0.0,79985.05200188376,99.9813150023547,No suitable server found after deadline/sunset filters,N/A,N/A,N/A
298,CPU_and_Data_Intensive,Rejected,31.807748833030242,N/A,N/A,N/A,0.4656267887754877,0.0,0.0,0.0,STARLINK-11365 [DTC],0,N/A,N/A,0.0,445.23328171163837,False,0.0,0.0,0.0,79985.05200188376,99.9813150023547,No suitable server found after deadline/sunset filters,N/A,N/A,N/A
312,CPU_Intensive,Rejected,33.34485629260204,N/A,N/A,N/A,0.0036425386712365814,0.0,0.0,0.0,STARLINK-11365 [DTC],0,N/A,N/A,0.0,0.06888879055466195,False,0.0,0.0,0.0,79985.05200188376,99.9813150023547,No suitable server found after deadline/sunset filters,N/A,N/A,N/A
320,CPU_and_Data_Intensive,Rejected,34.10421800060653,N/A,N/A,N/A,0.23303831516321208,0.0,0.0,0.0,STARLINK-11365 [DTC],0,N/A,N/A,0.0,409.14895498584036,False,0.0,0.0,0.0,79985.05200188376,99.9813150023547,No suitable server found after deadline/sunset filters,N/A,N/A,N/A
352,Generic_Service,Rejected,37.57084167555062,N/A,N/A,N/A,0.003320908033527517,0.0,0.0,0.0,STARLINK-11365 [DTC],0,N/A,N/A,0.0,0.07067593821541224,False,0.0,0.0,0.0,79985.05200188376,99.9813150023547,No suitable server found after deadline/sunset filters,N/A,N/A,N/A
367,Generic_Service,Rejected,39.20193281491898,N/A,N/A,N/A,0.00550269706940151,0.0,0.0,0.0,STARLINK-11365 [DTC],0,N/A,N/A,0.0,0.029355397396685412,False,0.0,0.0,0.0,79985.05200188376,99.9813150023547,No suitable server found after deadline/sunset filters,N/A,N/A,N/A
371,CPU_and_Data_Intensive,Rejected,39.91325779971803,N/A,N/A,N/A,0.4359557281340706,0.0,0.0,0.0,STARLINK-11365 [DTC],0,N/A,N/A,0.0,432.5694493673302,False,0.0,0.0,0.0,79985.05200188376,99.9813150023547,No suitable server found after deadline/sunset filters,N/A,N/A,N/A
384,CPU_and_Data_Intensive,Rejected,40.7917951562971,N/A,N/A,N/A,0.012632432016882824,0.0,0.0,0.0,STARLINK-11365 [DTC],0,N/A,N/A,0.0,9.164353939656914,False,0.0,0.0,0.0,79985.05200188376,99.9813150023547,No suitable server found after deadline/sunset filters,N/A,N/A,N/A
403,CPU_and_Data_Intensive,Rejected,42.50955865568571,N/A,N/A,N/A,0.5368419968698499,0.0,0.0,0.0,STARLINK-11365 [DTC],0,N/A,N/A,0.0,378.6133796550249,False,0.0,0.0,0.0,79985.05200188376,99.9813150023547,No suitable server found after deadline/sunset filters,N/A,N/A,N/A
429,CPU_and_Data_Intensive,Rejected,45.09414139254989,N/A,N/A,N/A,0.38944430004159514,0.0,0.0,0.0,STARLINK-11365 [DTC],0,N/A,N/A,0.0,485.45035841118346,False,0.0,0.0,0.0,79985.05200188376,99.9813150023547,No suitable server found after deadline/sunset filters,N/A,N/A,N/A
433,Generic_Service,Rejected,45.37742786072816,N/A,N/A,N/A,0.003546142383688062,0.0,0.0,0.0,STARLINK-11365 [DTC],0,N/A,N/A,0.0,0.02489227728651939,False,0.0,0.0,0.0,79985.05200188376,99.9813150023547,No suitable server found after deadline/sunset filters,N/A,N/A,N/A
437,Generic_Service,Rejected,45.93143106726093,N/A,N/A,N/A,0.002692597024395869,0.0,0.0,0.0,STARLINK-11365 [DTC],0,N/A,N/A,0.0,0.010794505833317007,False,0.0,0.0,0.0,79985.05200188376,99.9813150023547,No suitable server found after deadline/sunset filters,N/A,N/A,N/A
454,CPU_and_Data_Intensive,Rejected,46.953580815502,N/A,N/A,N/A,0.4121664561220353,0.0,0.0,0.0,STARLINK-11365 [DTC],0,N/A,N/A,0.0,364.6599912824564,False,0.0,0.0,0.0,79985.05200188376,99.9813150023547,No suitable server found after deadline/sunset filters,N/A,N/A,N/A
461,CPU_and_Data_Intensive,Rejected,47.27013928921272,N/A,N/A,N/A,0.3235772116229117,0.0,0.0,0.0,STARLINK-11365 [DTC],0,N/A,N/A,0.0,281.50157085314675,False,0.0,0.0,0.0,79985.05200188376,99.9813150023547,No suitable server found after deadline/sunset filters,N/A,N/A,N/A
469,CPU_and_Data_Intensive,Rejected,48.044755483560756,N/A,N/A,N/A,0.2880164378874054,0.0,0.0,0.0,STARLINK-11365 [DTC],0,N/A,N/A,0.0,239.75423782306183,False,0.0,0.0,0.0,79985.05200188376,99.9813150023547,No suitable server found after deadline/sunset filters,N/A,N/A,N/A
477,Generic_Service,Rejected,49.70424160880719,N/A,N/A,N/A,0.006521333438594722,0.0,0.0,0.0,STARLINK-11365 [DTC],0,N/A,N/A,0.0,0.013530026207902486,False,0.0,0.0,0.0,79985.05200188376,99.9813150023547,No suitable server found after deadline/sunset filters,N/A,N/A,N/A
479,CPU_and_Data_Intensive,Rejected,50.13653012316578,N/A,N/A,N/A,0.09494906527855457,0.0,0.0,0.0,STARLINK-11365 [DTC],0,N/A,N/A,0.0,361.3911789711993,False,0.0,0.0,0.0,79985.05200188376,99.9813150023547,No suitable server found after deadline/sunset filters,N/A,N/A,N/A
486,CPU_and_Data_Intensive,Rejected,50.871454197157945,N/A,N/A,N/A,0.4273873137616639,0.0,0.0,0.0,STARLINK-11365 [DTC],0,N/A,N/A,0.0,443.0704098850506,False,0.0,0.0,0.0,79985.05200188376,99.9813150023547,No suitable server found after deadline/sunset filters,N/A,N/A,N/A
490,CPU_and_Data_Intensive,Rejected,51.39752763096984,N/A,N/A,N/A,0.6237443482773244,0.0,0.0,0.0,STARLINK-11365 [DTC],0,N/A,N/A,0.0,469.6889180661684,False,0.0,0.0,0.0,79985.05200188376,99.9813150023547,No suitable server found after deadline/sunset filters,N/A,N/A,N/A
491,CPU_Intensive,Rejected,51.45214928274622,N/A,N/A,N/A,0.00042668699151417373,0.0,0.0,0.0,STARLINK-11365 [DTC],0,N/A,N/A,0.0,0.023202096270786773,False,0.0,0.0,0.0,79985.05200188376,99.9813150023547,No suitable server found after deadline/sunset filters,N/A,N/A,N/A
493,Generic_Service,Rejected,51.64594417701584,N/A,N/A,N/A,0.0015589769349428895,0.0,0.0,0.0,STARLINK-11365 [DTC],0,N/A,N/A,0.0,0.023294691618715554,False,0.0,0.0,0.0,79985.05200188376,99.9813150023547,No suitable server found after deadline/sunset filters,N/A,N/A,N/A
497,Generic_Service,Rejected,51.90093048354932,N/A,N/A,N/A,0.004714917950748408,0.0,0.0,0.0,STARLINK-11365 [DTC],0,N/A,N/A,0.0,0.02980196504550643,False,0.0,0.0,0.0,79985.05200188376,99.9813150023547,No suitable server found after deadline/sunset filters,N/A,N/A,N/A
505,CPU_and_Data_Intensive,Rejected,52.27648871569816,N/A,N/A,N/A,0.12362556957448047,0.0,0.0,0.0,STARLINK-11365 [DTC],0,N/A,N/A,0.0,136.72807617969514,False,0.0,0.0,0.0,79985.05200188376,99.9813150023547,No suitable server found after deadline/sunset filters,N/A,N/A,N/A
506,CPU_and_Data_Intensive,Rejected,52.28071573434638,N/A,N/A,N/A,0.11012348115332503,0.0,0.0,0.0,STARLINK-11365 [DTC],0,N/A,N/A,0.0,147.20929264085345,False,0.0,0.0,0.0,79985.05200188376,99.9813150023547,No suitable server found after deadline/sunset filters,N/A,N/A,N/A
510,CPU_and_Data_Intensive,Rejected,52.53854090162832,N/A,N/A,N/A,0.01629496323784641,0.0,0.0,0.0,STARLINK-11365 [DTC],0,N/A,N/A,0.0,309.53869501978124,False,0.0,0.0,0.0,79985.05200188376,99.9813150023547,No suitable server found after deadline/sunset filters,N/A,N/A,N/A
512,CPU_and_Data_Intensive,Rejected,52.61134172289223,N/A,N/A,N/A,0.12396411196517218,0.0,0.0,0.0,STARLINK-11365 [DTC],0,N/A,N/A,0.0,405.45714521779934,False,0.0,0.0,0.0,79985.05200188376,99.9813150023547,No suitable server found after deadline/sunset filters,N/A,N/A,N/A
513,CPU_and_Data_Intensive,Rejected,52.628767699058706,N/A,N/A,N/A,0.2847518432601837,0.0,0.0,0.0,STARLINK-11365 [DTC],0,N/A,N/A,0.0,414.0326412686867,False,0.0,0.0,0.0,79985.05200188376,99.9813150023547,No suitable server found after deadline/sunset filters,N/A,N/A,N/A
518,CPU_and_Data_Intensive,Rejected,53.15299683934494,N/A,N/A,N/A,0.08951876610082837,0.0,0.0,0.0,STARLINK-11365 [DTC],0,N/A,N/A,0.0,241.86380099040014,False,0.0,0.0,0.0,79985.05200188376,99.9813150023547,No suitable server found after deadline/sunset filters,N/A,N/A,N/A
527,CPU_and_Data_Intensive,Rejected,53.85890163735249,N/A,N/A,N/A,0.3481807587714202,0.0,0.0,0.0,STARLINK-11365 [DTC],0,N/A,N/A,0.0,498.31651917240725,False,0.0,0.0,0.0,79985.05200188376,99.9813150023547,No suitable server found after deadline/sunset filters,N/A,N/A,N/A
532,Generic_Service,Rejected,54.465873887429176,N/A,N/A,N/A,0.0070325594497050396,0.0,0.0,0.0,STARLINK-11365 [DTC],0,N/A,N/A,0.0,0.02459651424995145,False,0.0,0.0,0.0,79985.05200188376,99.9813150023547,No suitable server found after deadline/sunset filters,N/A,N/A,N/A
547,Generic_Service,Rejected,55.535238680378235,N/A,N/A,N/A,0.006119070968813206,0.0,0.0,0.0,STARLINK-11365 [DTC],0,N/A,N/A,0.0,0.07731572853288168,False,0.0,0.0,0.0,79985.05200188376,99.9813150023547,No suitable server found after deadline/sunset filters,N/A,N/A,N/A
555,CPU_and_Data_Intensive,Rejected,56.20901563667203,N/A,N/A,N/A,0.07134062425480393,0.0,0.0,0.0,STARLINK-11365 [DTC],0,N/A,N/A,0.0,231.03034050458342,False,0.0,0.0,0.0,79985.05200188376,99.9813150023547,No suitable server found after deadline/sunset filters,N/A,N/A,N/A
565,CPU_and_Data_Intensive,Rejected,57.55323670375272,N/A,N/A,N/A,0.22588420993004824,0.0,0.0,0.0,STARLINK-11365 [DTC],0,N/A,N/A,0.0,482.3435629919637,False,0.0,0.0,0.0,79985.05200188376,99.9813150023547,No suitable server found after deadline/sunset filters,N/A,N/A,N/A
569,Generic_Service,Rejected,57.99776201115092,N/A,N/A,N/A,0.005454092682188303,0.0,0.0,0.0,STARLINK-11365 [DTC],0,N/A,N/A,0.0,0.05994360595763323,False,0.0,0.0,0.0,79985.05200188376,99.9813150023547,No suitable server found after deadline/sunset filters,N/A,N/A,N/A
574,CPU_and_Data_Intensive,Rejected,58.37187699995297,N/A,N/A,N/A,0.09169182750497237,0.0,0.0,0.0,STARLINK-11365 [DTC],0,N/A,N/A,0.0,196.51954323667695,False,0.0,0.0,0.0,79985.05200188376,99.9813150023547,No suitable server found after deadline/sunset filters,N/A,N/A,N/A
578,CPU_and_Data_Intensive,Rejected,58.636359763085,N/A,N/A,N/A,0.2886586611557019,0.0,0.0,0.0,STARLINK-11365 [DTC],0,N/A,N/A,0.0,239.14026639237693,False,0.0,0.0,0.0,79985.05200188376,99.9813150023547,No suitable server found after deadline/sunset filters,N/A,N/A,N/A
580,CPU_and_Data_Intensive,Rejected,58.77131796031434,N/A,N/A,N/A,0.002857460547543354,0.0,0.0,0.0,STARLINK-11365 [DTC],0,N/A,N/A,0.0,292.76101782933944,False,0.0,0.0,0.0,79985.05200188376,99.9813150023547,No suitable server found after deadline/sunset filters,N/A,N/A,N/A
584,CPU_and_Data_Intensive,Rejected,59.056882648712836,N/A,N/A,N/A,0.23723499857382127,0.0,0.0,0.0,STARLINK-11365 [DTC],0,N/A,N/A,0.0,194.77893064018454,False,0.0,0.0,0.0,79985.05200188376,99.9813150023547,No suitable server found after deadline/sunset filters,N/A,N/A,N/A
586,CPU_and_Data_Intensive,Rejected,59.11612431771396,N/A,N/A,N/A,0.3911471370252015,0.0,0.0,0.0,STARLINK-11365 [DTC],0,N/A,N/A,0.0,355.0408188725897,False,0.0,0.0,0.0,79985.05200188376,99.9813150023547,No suitable server found after deadline/sunset filters,N/A,N/A,N/A
587,Generic_Service,Rejected,59.163792498178545,N/A,N/A,N/A,0.0005229070589391627,0.0,0.0,0.0,STARLINK-11365 [DTC],0,N/A,N/A,0.0,0.06263381769142679,False,0.0,0.0,0.0,79985.05200188376,99.9813150023547,No suitable server found after deadline/sunset filters,N/A,N/A,N/A
594,Generic_Service,Rejected,59.77131439610139,N/A,N/A,N/A,0.0010978638592940317,0.0,0.0,0.0,STARLINK-11365 [DTC],0,N/A,N/A,0.0,0.05358864187630516,False,0.0,0.0,0.0,79985.05200188376,99.9813150023547,No suitable server found after deadline/sunset filters,N/A,N/A,N/A
596,CPU_and_Data_Intensive,Rejected,60.10140895750684,N/A,N/A,N/A,0.1893663638545253,0.0,0.0,0.0,STARLINK-11365 [DTC],0,N/A,N/A,0.0,286.9187189170427,False,0.0,0.0,0.0,79985.05200188376,99.9813150023547,No suitable server found after deadline/sunset filters,N/A,N/A,N/A
611,CPU_and_Data_Intensive,Rejected,61.80105564918882,N/A,N/A,N/A,0.4695860469439459,0.0,0.0,0.0,STARLINK-11365 [DTC],0,N/A,N/A,0.0,393.04587567964995,False,0.0,0.0,0.0,79985.05200188376,99.9813150023547,No suitable server found after deadline/sunset filters,N/A,N/A,N/A
612,Generic_Service,Rejected,62.01261782089449,N/A,N/A,N/A,0.0058167833218414145,0.0,0.0,0.0,STARLINK-11365 [DTC],0,N/A,N/A,0.0,0.0761253574793934,False,0.0,0.0,0.0,79985.05200188376,99.9813150023547,No suitable server found after deadline/sunset filters,N/A,N/A,N/A
615,Generic_Service,Rejected,62.08029192548793,N/A,N/A,N/A,0.0049346170813242786,0.0,0.0,0.0,STARLINK-11365 [DTC],0,N/A,N/A,0.0,0.05033724453596249,False,0.0,0.0,0.0,79985.05200188376,99.9813150023547,No suitable server found after deadline/sunset filters,N/A,N/A,N/A
621,CPU_and_Data_Intensive,Rejected,62.74947813015622,N/A,N/A,N/A,0.048822096054540194,0.0,0.0,0.0,STARLINK-11365 [DTC],0,N/A,N/A,0.0,361.74403050399786,False,0.0,0.0,0.0,79985.05200188376,99.9813150023547,No suitable server found after deadline/sunset filters,N/A,N/A,N/A
622,CPU_and_Data_Intensive,Rejected,62.84503312907104,N/A,N/A,N/A,0.01392073337256733,0.0,0.0,0.0,STARLINK-11365 [DTC],0,N/A,N/A,0.0,196.88665737207697,False,0.0,0.0,0.0,79985.05200188376,99.9813150023547,No suitable server found after deadline/sunset filters,N/A,N/A,N/A
633,CPU_and_Data_Intensive,Rejected,63.63119746064453,N/A,N/A,N/A,0.5110734005163206,0.0,0.0,0.0,STARLINK-11365 [DTC],0,N/A,N/A,0.0,435.83588534950655,False,0.0,0.0,0.0,79985.05200188376,99.9813150023547,No suitable server found after deadline/sunset filters,N/A,N/A,N/A
638,CPU_and_Data_Intensive,Rejected,63.95236861859901,N/A,N/A,N/A,0.18898233345101928,0.0,0.0,0.0,STARLINK-11365 [DTC],0,N/A,N/A,0.0,410.05262532312065,False,0.0,0.0,0.0,79985.05200188376,99.9813150023547,No suitable server found after deadline/sunset filters,N/A,N/A,N/A
644,CPU_and_Data_Intensive,Rejected,64.37489888730744,N/A,N/A,N/A,0.47096364654895323,0.0,0.0,0.0,STARLINK-11365 [DTC],0,N/A,N/A,0.0,331.14031629109934,False,0.0,0.0,0.0,79985.05200188376,99.9813150023547,No suitable server found after deadline/sunset filters,N/A,N/A,N/A
650,Generic_Service,Rejected,65.00998111986502,N/A,N/A,N/A,0.003734801609585116,0.0,0.0,0.0,STARLINK-11365 [DTC],0,N/A,N/A,0.0,0.07934356073452717,False,0.0,0.0,0.0,79985.05200188376,99.9813150023547,No suitable server found after deadline/sunset filters,N/A,N/A,N/A
668,CPU_and_Data_Intensive,Rejected,67.35802714295205,N/A,N/A,N/A,0.47896045870627496,0.0,0.0,0.0,STARLINK-11365 [DTC],0,N/A,N/A,0.0,466.1400037258079,False,0.0,0.0,0.0,79985.05200188376,99.9813150023547,No suitable server found after deadline/sunset filters,N/A,N/A,N/A
691,Generic_Service,Rejected,69.17771006086956,N/A,N/A,N/A,0.002585417813896678,0.0,0.0,0.0,STARLINK-11365 [DTC],0,N/A,N/A,0.0,0.059852753291754456,False,0.0,0.0,0.0,79985.05200188376,99.9813150023547,No suitable server found after deadline/sunset filters,N/A,N/A,N/A
696,CPU_and_Data_Intensive,Rejected,69.89835687765499,N/A,N/A,N/A,0.2975400329544725,0.0,0.0,0.0,STARLINK-11365 [DTC],0,N/A,N/A,0.0,368.36810737532335,False,0.0,0.0,0.0,79985.05200188376,99.9813150023547,No suitable server found after deadline/sunset filters,N/A,N/A,N/A
699,CPU_and_Data_Intensive,Rejected,70.03133015065006,N/A,N/A,N/A,0.5253109508284292,0.0,0.0,0.0,STARLINK-11365 [DTC],0,N/A,N/A,0.0,406.09328503121714,False,0.0,0.0,0.0,79985.05200188376,99.9813150023547,No suitable server found after deadline/sunset filters,N/A,N/A,N/A
704,CPU_and_Data_Intensive,Rejected,70.47463445643923,N/A,N/A,N/A,0.011594424996476213,0.0,0.0,0.0,STARLINK-11365 [DTC],0,N/A,N/A,0.0,17.10259158121257,False,0.0,0.0,0.0,79985.05200188376,99.9813150023547,No suitable server found after deadline/sunset filters,N/A,N/A,N/A
719,Generic_Service,Rejected,71.39280369004398,N/A,N/A,N/A,0.0022712854446162597,0.0,0.0,0.0,STARLINK-11365 [DTC],0,N/A,N/A,0.0,0.0489593485918733,False,0.0,0.0,0.0,79985.05200188376,99.9813150023547,No suitable server found after deadline/sunset filters,N/A,N/A,N/A
728,CPU_and_Data_Intensive,Rejected,72.34353026507972,N/A,N/A,N/A,0.3212033229885804,0.0,0.0,0.0,STARLINK-11365 [DTC],0,N/A,N/A,0.0,366.4529594647645,False,0.0,0.0,0.0,79985.05200188376,99.9813150023547,No suitable server found after deadline/sunset filters,N/A,N/A,N/A
738,CPU_and_Data_Intensive,Rejected,73.98308911787531,N/A,N/A,N/A,0.15232019611978662,0.0,0.0,0.0,STARLINK-11365 [DTC],0,N/A,N/A,0.0,294.19698548315347,False,0.0,0.0,0.0,79985.05200188376,99.9813150023547,No suitable server found after deadline/sunset filters,N/A,N/A,N/A
740,CPU_and_Data_Intensive,Rejected,74.1192955208383,N/A,N/A,N/A,0.395988462642683,0.0,0.0,0.0,STARLINK-11365 [DTC],0,N/A,N/A,0.0,263.59661342151725,False,0.0,0.0,0.0,79985.05200188376,99.9813150023547,No suitable server found after deadline/sunset filters,N/A,N/A,N/A
756,CPU_and_Data_Intensive,Rejected,75.29704244644125,N/A,N/A,N/A,0.037512878605665725,0.0,0.0,0.0,STARLINK-11365 [DTC],0,N/A,N/A,0.0,221.7828715041362,False,0.0,0.0,0.0,79985.05200188376,99.9813150023547,No suitable server found after deadline/sunset filters,N/A,N/A,N/A
758,CPU_and_Data_Intensive,Rejected,75.89164697783035,N/A,N/A,N/A,0.011338864388229734,0.0,0.0,0.0,STARLINK-11365 [DTC],0,N/A,N/A,0.0,282.89060124335003,False,0.0,0.0,0.0,79985.05200188376,99.9813150023547,No suitable server found after deadline/sunset filters,N/A,N/A,N/A
759,CPU_and_Data_Intensive,Rejected,75.97190286829571,N/A,N/A,N/A,0.15497833942435324,0.0,0.0,0.0,STARLINK-11365 [DTC],0,N/A,N/A,0.0,328.4566655194251,False,0.0,0.0,0.0,79985.05200188376,99.9813150023547,No suitable server found after deadline/sunset filters,N/A,N/A,N/A
761,CPU_and_Data_Intensive,Rejected,76.2591908184615,N/A,N/A,N/A,0.18324159057541498,0.0,0.0,0.0,STARLINK-11365 [DTC],0,N/A,N/A,0.0,466.3109107229382,False,0.0,0.0,0.0,79985.05200188376,99.9813150023547,No suitable server found after deadline/sunset filters,N/A,N/A,N/A
763,CPU_and_Data_Intensive,Rejected,76.39179962361368,N/A,N/A,N/A,0.40342034774668195,0.0,0.0,0.0,STARLINK-11365 [DTC],0,N/A,N/A,0.0,406.56092224864426,False,0.0,0.0,0.0,79985.05200188376,99.9813150023547,No suitable server found after deadline/sunset filters,N/A,N/A,N/A
767,CPU_and_Data_Intensive,Rejected,76.69629754379484,N/A,N/A,N/A,0.021433930792490428,0.0,0.0,0.0,STARLINK-11365 [DTC],0,N/A,N/A,0.0,22.107541249506298,False,0.0,0.0,0.0,79985.05200188376,99.9813150023547,No suitable server found after deadline/sunset filters,N/A,N/A,N/A
771,CPU_and_Data_Intensive,Rejected,77.1513390211249,N/A,N/A,N/A,0.07246060211669443,0.0,0.0,0.0,STARLINK-11365 [DTC],0,N/A,N/A,0.0,138.27117485701385,False,0.0,0.0,0.0,79985.05200188376,99.9813150023547,No suitable server found after deadline/sunset filters,N/A,N/A,N/A
775,Generic_Service,Rejected,77.71028420744875,N/A,N/A,N/A,0.003708896001236064,0.0,0.0,0.0,STARLINK-11365 [DTC],0,N/A,N/A,0.0,0.07271847480543368,False,0.0,0.0,0.0,79985.05200188376,99.9813150023547,No suitable server found after deadline/sunset filters,N/A,N/A,N/A
781,CPU_and_Data_Intensive,Rejected,78.78116969460152,N/A,N/A,N/A,0.021576463134173256,0.0,0.0,0.0,STARLINK-11365 [DTC],0,N/A,N/A,0.0,418.15366423196474,False,0.0,0.0,0.0,79985.05200188376,99.9813150023547,No suitable server found after deadline/sunset filters,N/A,N/A,N/A
794,CPU_and_Data_Intensive,Rejected,79.89380081182084,N/A,N/A,N/A,0.18945038727180147,0.0,0.0,0.0,STARLINK-11365 [DTC],0,N/A,N/A,0.0,441.1511030057996,False,0.0,0.0,0.0,79985.05200188376,99.9813150023547,No suitable server found after deadline/sunset filters,N/A,N/A,N/A
809,Generic_Service,Rejected,81.55095898327214,N/A,N/A,N/A,0.004299284893233329,0.0,0.0,0.0,STARLINK-11365 [DTC],0,N/A,N/A,0.0,0.020923905937211,False,0.0,0.0,0.0,79985.05200188376,99.9813150023547,No suitable server found after deadline/sunset filters,N/A,N/A,N/A
814,CPU_and_Data_Intensive,Rejected,81.85318156133904,N/A,N/A,N/A,0.10323385364486624,0.0,0.0,0.0,STARLINK-11365 [DTC],0,N/A,N/A,0.0,361.87920590032485,False,0.0,0.0,0.0,79985.05200188376,99.9813150023547,No suitable server found after deadline/sunset filters,N/A,N/A,N/A
819,CPU_and_Data_Intensive,Rejected,82.72571883103065,N/A,N/A,N/A,0.07909127931986751,0.0,0.0,0.0,STARLINK-11365 [DTC],0,N/A,N/A,0.0,469.41550231491584,False,0.0,0.0,0.0,79985.05200188376,99.9813150023547,No suitable server found after deadline/sunset filters,N/A,N/A,N/A
824,CPU_and_Data_Intensive,Rejected,83.27963550236876,N/A,N/A,N/A,0.47641061750512026,0.0,0.0,0.0,STARLINK-11365 [DTC],0,N/A,N/A,0.0,343.17138064224116,False,0.0,0.0,0.0,79985.05200188376,99.9813150023547,No suitable server found after deadline/sunset filters,N/A,N/A,N/A
828,CPU_and_Data_Intensive,Rejected,83.66404833002115,N/A,N/A,N/A,0.1192854694373922,0.0,0.0,0.0,STARLINK-11365 [DTC],0,N/A,N/A,0.0,380.5576043522845,False,0.0,0.0,0.0,79985.05200188376,99.9813150023547,No suitable server found after deadline/sunset filters,N/A,N/A,N/A
832,Generic_Service,Rejected,83.75299332681773,N/A,N/A,N/A,3.302546642207109e-05,0.0,0.0,0.0,STARLINK-11365 [DTC],0,N/A,N/A,0.0,0.03364863595295012,False,0.0,0.0,0.0,79985.05200188376,99.9813150023547,No suitable server found after deadline/sunset filters,N/A,N/A,N/A
837,Generic_Service,Rejected,84.43431546443118,N/A,N/A,N/A,0.007277596289399137,0.0,0.0,0.0,STARLINK-11365 [DTC],0,N/A,N/A,0.0,0.03443386548540468,False,0.0,0.0,0.0,79985.05200188376,99.9813150023547,No suitable server found after deadline/sunset filters,N/A,N/A,N/A
840,CPU_and_Data_Intensive,Rejected,84.72237822271205,N/A,N/A,N/A,0.07944862115917976,0.0,0.0,0.0,STARLINK-11365 [DTC],0,N/A,N/A,0.0,254.71746405643086,False,0.0,0.0,0.0,79985.05200188376,99.9813150023547,No suitable server found after deadline/sunset filters,N/A,N/A,N/A
848,CPU_and_Data_Intensive,Rejected,85.61931559765935,N/A,N/A,N/A,0.14912087462875212,0.0,0.0,0.0,STARLINK-11365 [DTC],0,N/A,N/A,0.0,333.68283882436515,False,0.0,0.0,0.0,79985.05200188376,99.9813150023547,No suitable server found after deadline/sunset filters,N/A,N/A,N/A
851,CPU_and_Data_Intensive,Rejected,85.99700841528194,N/A,N/A,N/A,0.2015749921036037,0.0,0.0,0.0,STARLINK-11365 [DTC],0,N/A,N/A,0.0,435.94783256263366,False,0.0,0.0,0.0,79985.05200188376,99.9813150023547,No suitable server found after deadline/sunset filters,N/A,N/A,N/A
855,CPU_Intensive,Rejected,86.40113797297353,N/A,N/A,N/A,0.0033286933369518473,0.0,0.0,0.0,STARLINK-11365 [DTC],0,N/A,N/A,0.0,0.08634306759640724,False,0.0,0.0,0.0,79985.05200188376,99.9813150023547,No suitable server found after deadline/sunset filters,N/A,N/A,N/A
860,CPU_and_Data_Intensive,Rejected,87.26652190366508,N/A,N/A,N/A,0.10877829754822355,0.0,0.0,0.0,STARLINK-11365 [DTC],0,N/A,N/A,0.0,137.66546787400557,False,0.0,0.0,0.0,79985.05200188376,99.9813150023547,No suitable server found after deadline/sunset filters,N/A,N/A,N/A
867,CPU_and_Data_Intensive,Rejected,88.09311082157096,N/A,N/A,N/A,0.5527722095492927,0.0,0.0,0.0,STARLINK-11365 [DTC],0,N/A,N/A,0.0,483.11934607669855,False,0.0,0.0,0.0,79985.05200188376,99.9813150023547,No suitable server found after deadline/sunset filters,N/A,N/A,N/A
869,CPU_and_Data_Intensive,Rejected,88.36048194746773,N/A,N/A,N/A,0.5255713021212939,0.0,0.0,0.0,STARLINK-11365 [DTC],0,N/A,N/A,0.0,378.70259437925074,False,0.0,0.0,0.0,79985.05200188376,99.9813150023547,No suitable server found after deadline/sunset filters,N/A,N/A,N/A
875,CPU_Intensive,Rejected,88.68282185152003,N/A,N/A,N/A,0.0046524638712606235,0.0,0.0,0.0,STARLINK-11365 [DTC],0,N/A,N/A,0.0,0.07421564281067144,False,0.0,0.0,0.0,79985.05200188376,99.9813150023547,No suitable server found after deadline/sunset filters,N/A,N/A,N/A
888,Generic_Service,Rejected,90.2656709344013,N/A,N/A,N/A,0.004485585609825277,0.0,0.0,0.0,STARLINK-11365 [DTC],0,N/A,N/A,0.0,0.07629269389607855,False,0.0,0.0,0.0,79985.05200188376,99.9813150023547,No suitable server found after deadline/sunset filters,N/A,N/A,N/A
900,CPU_and_Data_Intensive,Rejected,91.35356074860394,N/A,N/A,N/A,0.09308404499724161,0.0,0.0,0.0,STARLINK-11365 [DTC],0,N/A,N/A,0.0,418.79013821639774,False,0.0,0.0,0.0,79985.05200188376,99.9813150023547,No suitable server found after deadline/sunset filters,N/A,N/A,N/A
903,Generic_Service,Rejected,91.68006380201945,N/A,N/A,N/A,0.005896981845217512,0.0,0.0,0.0,STARLINK-11365 [DTC],0,N/A,N/A,0.0,0.03000696308553595,False,0.0,0.0,0.0,79985.05200188376,99.9813150023547,No suitable server found after deadline/sunset filters,N/A,N/A,N/A
907,Generic_Service,Rejected,92.10956279086453,N/A,N/A,N/A,0.004071757603959778,0.0,0.0,0.0,STARLINK-11365 [DTC],0,N/A,N/A,0.0,0.03127111849893967,False,0.0,0.0,0.0,79985.05200188376,99.9813150023547,No suitable server found after deadline/sunset filters,N/A,N/A,N/A
914,Generic_Service,Rejected,92.83576661540593,N/A,N/A,N/A,0.0023111821985377485,0.0,0.0,0.0,STARLINK-11365 [DTC],0,N/A,N/A,0.0,0.052531739670864275,False,0.0,0.0,0.0,79985.05200188376,99.9813150023547,No suitable server found after deadline/sunset filters,N/A,N/A,N/A
926,Generic_Service,Rejected,93.72571608481955,N/A,N/A,N/A,0.005953168184128796,0.0,0.0,0.0,STARLINK-11365 [DTC],0,N/A,N/A,0.0,0.029084377817135597,False,0.0,0.0,0.0,79985.05200188376,99.9813150023547,No suitable server found after deadline/sunset filters,N/A,N/A,N/A
938,Generic_Service,Rejected,95.36883044289448,N/A,N/A,N/A,0.004694900939672243,0.0,0.0,0.0,STARLINK-11365 [DTC],0,N/A,N/A,0.0,0.0412040002959951,False,0.0,0.0,0.0,79985.05200188376,99.9813150023547,No suitable server found after deadline/sunset filters,N/A,N/A,N/A
940,CPU_and_Data_Intensive,Rejected,95.44087168524555,N/A,N/A,N/A,0.15327432935536817,0.0,0.0,0.0,STARLINK-11365 [DTC],0,N/A,N/A,0.0,303.66589239851675,False,0.0,0.0,0.0,79985.05200188376,99.9813150023547,No suitable server found after deadline/sunset filters,N/A,N/A,N/A
945,CPU_and_Data_Intensive,Rejected,95.69466898952517,N/A,N/A,N/A,0.011823234969684883,0.0,0.0,0.0,STARLINK-11365 [DTC],0,N/A,N/A,0.0,355.9759405987754,False,0.0,0.0,0.0,79985.05200188376,99.9813150023547,No suitable server found after deadline/sunset filters,N/A,N/A,N/A
957,CPU_and_Data_Intensive,Rejected,97.59680109974607,N/A,N/A,N/A,0.11759248944666331,0.0,0.0,0.0,STARLINK-11365 [DTC],0,N/A,N/A,0.0,252.813339583203,False,0.0,0.0,0.0,79985.05200188376,99.9813150023547,No suitable server found after deadline/sunset filters,N/A,N/A,N/A
963,CPU_and_Data_Intensive,Rejected,98.3200917474836,N/A,N/A,N/A,0.2892152514349589,0.0,0.0,0.0,STARLINK-11365 [DTC],0,N/A,N/A,0.0,217.35331722568205,False,0.0,0.0,0.0,79985.05200188376,99.9813150023547,No suitable server found after deadline/sunset filters,N/A,N/A,N/A
965,Generic_Service,Rejected,98.57203053666531,N/A,N/A,N/A,0.004138662418111506,0.0,0.0,0.0,STARLINK-11365 [DTC],0,N/A,N/A,0.0,0.04776871457603466,False,0.0,0.0,0.0,79985.05200188376,99.9813150023547,No suitable server found after deadline/sunset filters,N/A,N/A,N/A
969,CPU_and_Data_Intensive,Rejected,98.82189161140987,N/A,N/A,N/A,0.14912877549664066,0.0,0.0,0.0,STARLINK-11365 [DTC],0,N/A,N/A,0.0,311.5276396675252,False,0.0,0.0,0.0,79985.05200188376,99.9813150023547,No suitable server found after deadline/sunset filters,N/A,N/A,N/A
974,CPU_and_Data_Intensive,Rejected,99.64841609236503,N/A,N/A,N/A,0.16610950217106638,0.0,0.0,0.0,STARLINK-11365 [DTC],0,N/A,N/A,0.0,217.9993273981085,False,0.0,0.0,0.0,79985.05200188376,99.9813150023547,No suitable server found after deadline/sunset filters,N/A,N/A,N/A
976,CPU_and_Data_Intensive,Rejected,99.88662847105897,N/A,N/A,N/A,0.2767169736566483,0.0,0.0,0.0,STARLINK-11365 [DTC],0,N/A,N/A,0.0,317.34630924490517,False,0.0,0.0,0.0,79985.05200188376,99.9813150023547,No suitable server found after deadline/sunset filters,N/A,N/A,N/A
980,CPU_and_Data_Intensive,Rejected,100.13187083643459,N/A,N/A,N/A,0.3342197532710172,0.0,0.0,0.0,STARLINK-11365 [DTC],0,N/A,N/A,0.0,335.949098395455,False,0.0,0.0,0.0,79985.05200188376,99.9813150023547,No suitable server found after deadline/sunset filters,N/A,N/A,N/A
1016,CPU_and_Data_Intensive,Rejected,102.62022970351387,N/A,N/A,N/A,0.20358079690400552,0.0,0.0,0.0,STARLINK-11365 [DTC],0,N/A,N/A,0.0,479.60409415480933,False,0.0,0.0,0.0,79985.05200188376,99.9813150023547,No suitable server found after deadline/sunset filters,N/A,N/A,N/A
1019,CPU_and_Data_Intensive,Rejected,102.96578267181974,N/A,N/A,N/A,0.06879131076826896,0.0,0.0,0.0,STARLINK-11365 [DTC],0,N/A,N/A,0.0,282.82720776176757,False,0.0,0.0,0.0,79985.05200188376,99.9813150023547,No suitable server found after deadline/sunset filters,N/A,N/A,N/A
1024,CPU_and_Data_Intensive,Rejected,103.93933471170003,N/A,N/A,N/A,0.469419551219568,0.0,0.0,0.0,STARLINK-11365 [DTC],0,N/A,N/A,0.0,378.96754119921195,False,0.0,0.0,0.0,79985.05200188376,99.9813150023547,No suitable server found after deadline/sunset filters,N/A,N/A,N/A
1026,CPU_and_Data_Intensive,Rejected,104.1603886521384,N/A,N/A,N/A,0.207081789618777,0.0,0.0,0.0,STARLINK-11365 [DTC],0,N/A,N/A,0.0,244.49604600184156,False,0.0,0.0,0.0,79985.05200188376,99.9813150023547,No suitable server found after deadline/sunset filters,N/A,N/A,N/A
1038,CPU_and_Data_Intensive,Rejected,105.3453218829699,N/A,N/A,N/A,0.05226634124686142,0.0,0.0,0.0,STARLINK-11365 [DTC],0,N/A,N/A,0.0,402.7545582563086,False,0.0,0.0,0.0,79985.05200188376,99.9813150023547,No suitable server found after deadline/sunset filters,N/A,N/A,N/A
1044,CPU_and_Data_Intensive,Rejected,105.82320388415644,N/A,N/A,N/A,0.07622595382048834,0.0,0.0,0.0,STARLINK-11365 [DTC],0,N/A,N/A,0.0,174.92748262217512,False,0.0,0.0,0.0,79985.05200188376,99.9813150023547,No suitable server found after deadline/sunset filters,N/A,N/A,N/A
1045,CPU_and_Data_Intensive,Rejected,105.8290127954877,N/A,N/A,N/A,0.13483813977795,0.0,0.0,0.0,STARLINK-11365 [DTC],0,N/A,N/A,0.0,285.22953064713727,False,0.0,0.0,0.0,79985.05200188376,99.9813150023547,No suitable server found after deadline/sunset filters,N/A,N/A,N/A
1062,CPU_and_Data_Intensive,Rejected,107.72195346195326,N/A,N/A,N/A,0.005668024635154278,0.0,0.0,0.0,STARLINK-11365 [DTC],0,N/A,N/A,0.0,0.8180536085266888,False,0.0,0.0,0.0,79985.05200188376,99.9813150023547,No suitable server found after deadline/sunset filters,N/A,N/A,N/A
1069,CPU_and_Data_Intensive,Rejected,108.25274605805154,N/A,N/A,N/A,0.005240364457408519,0.0,0.0,0.0,STARLINK-11365 [DTC],0,N/A,N/A,0.0,281.8679010426773,False,0.0,0.0,0.0,79985.05200188376,99.9813150023547,No suitable server found after deadline/sunset filters,N/A,N/A,N/A
1073,CPU_and_Data_Intensive,Rejected,108.71659201697668,N/A,N/A,N/A,0.06170007028058053,0.0,0.0,0.0,STARLINK-11365 [DTC],0,N/A,N/A,0.0,179.29533910505657,False,0.0,0.0,0.0,79985.05200188376,99.9813150023547,No suitable server found after deadline/sunset filters,N/A,N/A,N/A
1087,CPU_and_Data_Intensive,Rejected,110.21899784203804,N/A,N/A,N/A,0.07600938084614031,0.0,0.0,0.0,STARLINK-11365 [DTC],0,N/A,N/A,0.0,170.07073327213342,False,0.0,0.0,0.0,79985.05200188376,99.9813150023547,No suitable server found after deadline/sunset filters,N/A,N/A,N/A
1107,CPU_and_Data_Intensive,Rejected,112.36909939606159,N/A,N/A,N/A,0.3823104966246875,0.0,0.0,0.0,STARLINK-11365 [DTC],0,N/A,N/A,0.0,319.258614652397,False,0.0,0.0,0.0,79985.05200188376,99.9813150023547,No suitable server found after deadline/sunset filters,N/A,N/A,N/A
1112,CPU_and_Data_Intensive,Rejected,112.79006998663814,N/A,N/A,N/A,0.20189214608570014,0.0,0.0,0.0,STARLINK-11365 [DTC],0,N/A,N/A,0.0,404.88083050156536,False,0.0,0.0,0.0,79985.05200188376,99.9813150023547,No suitable server found after deadline/sunset filters,N/A,N/A,N/A
1123,Generic_Service,Rejected,113.70244226512662,N/A,N/A,N/A,0.0033260524398675047,0.0,0.0,0.0,STARLINK-11365 [DTC],0,N/A,N/A,0.0,0.022808335522173588,False,0.0,0.0,0.0,79985.05200188376,99.9813150023547,No suitable server found after deadline/sunset filters,N/A,N/A,N/A
1134,CPU_and_Data_Intensive,Rejected,114.74840606378129,N/A,N/A,N/A,0.3505909145334878,0.0,0.0,0.0,STARLINK-11365 [DTC],0,N/A,N/A,0.0,294.9363650555508,False,0.0,0.0,0.0,79985.05200188376,99.9813150023547,No suitable server found after deadline/sunset filters,N/A,N/A,N/A
1145,Generic_Service,Rejected,116.55935549316388,N/A,N/A,N/A,0.0032260621403643313,0.0,0.0,0.0,STARLINK-11365 [DTC],0,N/A,N/A,0.0,0.022243433022333624,False,0.0,0.0,0.0,79985.05200188376,99.9813150023547,No suitable server found after deadline/sunset filters,N/A,N/A,N/A
1146,CPU_and_Data_Intensive,Rejected,116.56696161561779,N/A,N/A,N/A,0.12708122071045466,0.0,0.0,0.0,STARLINK-11365 [DTC],0,N/A,N/A,0.0,296.91861081728615,False,0.0,0.0,0.0,79985.05200188376,99.9813150023547,No suitable server found after deadline/sunset filters,N/A,N/A,N/A
1160,Generic_Service,Rejected,118.33481529057426,N/A,N/A,N/A,0.006554140494012118,0.0,0.0,0.0,STARLINK-11365 [DTC],0,N/A,N/A,0.0,0.061516472430899354,False,0.0,0.0,0.0,79985.05200188376,99.9813150023547,No suitable server found after deadline/sunset filters,N/A,N/A,N/A
1161,CPU_and_Data_Intensive,Rejected,118.55502520969911,N/A,N/A,N/A,0.03003672065362085,0.0,0.0,0.0,STARLINK-11365 [DTC],0,N/A,N/A,0.0,15.374705415065645,False,0.0,0.0,0.0,79985.05200188376,99.9813150023547,No suitable server found after deadline/sunset filters,N/A,N/A,N/A
1165,CPU_and_Data_Intensive,Rejected,119.08092298238402,N/A,N/A,N/A,0.030711438882480648,0.0,0.0,0.0,STARLINK-11365 [DTC],0,N/A,N/A,0.0,244.07033681504976,False,0.0,0.0,0.0,79985.05200188376,99.9813150023547,No suitable server found after deadline/sunset filters,N/A,N/A,N/A
1174,CPU_and_Data_Intensive,Rejected,120.10082717341149,N/A,N/A,N/A,0.4128975503720032,0.0,0.0,0.0,STARLINK-11365 [DTC],0,N/A,N/A,0.0,296.81560190207153,False,0.0,0.0,0.0,79985.05200188376,99.9813150023547,No suitable server found after deadline/sunset filters,N/A,N/A,N/A
1182,CPU_and_Data_Intensive,Rejected,120.6335045906845,N/A,N/A,N/A,0.4105969159742951,0.0,0.0,0.0,STARLINK-11365 [DTC],0,N/A,N/A,0.0,441.0159962797669,False,0.0,0.0,0.0,79985.05200188376,99.9813150023547,No suitable server found after deadline/sunset filters,N/A,N/A,N/A
1184,Generic_Service,Rejected,120.80468876345364,N/A,N/A,N/A,0.0021142356759447137,0.0,0.0,0.0,STARLINK-11365 [DTC],0,N/A,N/A,0.0,0.061073261448606565,False,0.0,0.0,0.0,79985.05200188376,99.9813150023547,No suitable server found after deadline/sunset filters,N/A,N/A,N/A
1185,Generic_Service,Rejected,120.99750398811877,N/A,N/A,N/A,0.004032701944481813,0.0,0.0,0.0,STARLINK-11365 [DTC],0,N/A,N/A,0.0,0.08568412368442124,False,0.0,0.0,0.0,79985.05200188376,99.9813150023547,No suitable server found after deadline/sunset filters,N/A,N/A,N/A
1186,CPU_Intensive,Rejected,121.01875034010239,N/A,N/A,N/A,0.0016662222438248889,0.0,0.0,0.0,STARLINK-11365 [DTC],0,N/A,N/A,0.0,0.07074706190416767,False,0.0,0.0,0.0,79985.05200188376,99.9813150023547,No suitable server found after deadline/sunset filters,N/A,N/A,N/A
1194,Generic_Service,Rejected,121.510668873133,N/A,N/A,N/A,0.0020165703202049043,0.0,0.0,0.0,STARLINK-11365 [DTC],0,N/A,N/A,0.0,0.04476267470945102,False,0.0,0.0,0.0,79985.05200188376,99.9813150023547,No suitable server found after deadline/sunset filters,N/A,N/A,N/A
1233,CPU_and_Data_Intensive,Rejected,125.58888403991962,N/A,N/A,N/A,0.098434293342731,0.0,0.0,0.0,STARLINK-11365 [DTC],0,N/A,N/A,0.0,261.2056121882793,False,0.0,0.0,0.0,79985.05200188376,99.9813150023547,No suitable server found after deadline/sunset filters,N/A,N/A,N/A
1247,Generic_Service,Rejected,127.14015116570094,N/A,N/A,N/A,0.0059575850996753665,0.0,0.0,0.0,STARLINK-11365 [DTC],0,N/A,N/A,0.0,0.052434253956912376,False,0.0,0.0,0.0,79985.05200188376,99.9813150023547,No suitable server found after deadline/sunset filters,N/A,N/A,N/A
1266,Generic_Service,Rejected,129.0080852933331,N/A,N/A,N/A,0.00486359180602548,0.0,0.0,0.0,STARLINK-11365 [DTC],0,N/A,N/A,0.0,0.0317841950904427,False,0.0,0.0,0.0,79985.05200188376,99.9813150023547,No suitable server found after deadline/sunset filters,N/A,N/A,N/A
1271,CPU_and_Data_Intensive,Rejected,129.38156821646226,N/A,N/A,N/A,0.06862745060956328,0.0,0.0,0.0,STARLINK-11365 [DTC],0,N/A,N/A,0.0,153.15313221548206,False,0.0,0.0,0.0,79985.05200188376,99.9813150023547,No suitable server found after deadline/sunset filters,N/A,N/A,N/A
1272,CPU_and_Data_Intensive,Rejected,129.39371768861147,N/A,N/A,N/A,0.1852180169919931,0.0,0.0,0.0,STARLINK-11365 [DTC],0,N/A,N/A,0.0,262.3672234710189,False,0.0,0.0,0.0,79985.05200188376,99.9813150023547,No suitable server found after deadline/sunset filters,N/A,N/A,N/A
1274,CPU_and_Data_Intensive,Rejected,129.40989362330734,N/A,N/A,N/A,0.2648482522712878,0.0,0.0,0.0,STARLINK-11365 [DTC],0,N/A,N/A,0.0,268.0004631594152,False,0.0,0.0,0.0,79985.05200188376,99.9813150023547,No suitable server found after deadline/sunset filters,N/A,N/A,N/A
1291,CPU_and_Data_Intensive,Rejected,130.92910937183194,N/A,N/A,N/A,0.27051844286107135,0.0,0.0,0.0,STARLINK-11365 [DTC],0,N/A,N/A,0.0,222.57385973082728,False,0.0,0.0,0.0,79985.05200188376,99.9813150023547,No suitable server found after deadline/sunset filters,N/A,N/A,N/A
1292,Generic_Service,Rejected,130.95112472789245,N/A,N/A,N/A,0.004033548600742344,0.0,0.0,0.0,STARLINK-11365 [DTC],0,N/A,N/A,0.0,0.07988055005865187,False,0.0,0.0,0.0,79985.05200188376,99.9813150023547,No suitable server found after deadline/sunset filters,N/A,N/A,N/A
1309,CPU_and_Data_Intensive,Rejected,132.5255059389183,N/A,N/A,N/A,0.1526101515868858,0.0,0.0,0.0,STARLINK-11365 [DTC],0,N/A,N/A,0.0,262.33250289590603,False,0.0,0.0,0.0,79985.05200188376,99.9813150023547,No suitable server found after deadline/sunset filters,N/A,N/A,N/A
1325,Generic_Service,Rejected,134.10850159609703,N/A,N/A,N/A,0.006873111850695751,0.0,0.0,0.0,STARLINK-11365 [DTC],0,N/A,N/A,0.0,0.011290782076726213,False,0.0,0.0,0.0,79985.05200188376,99.9813150023547,No suitable server found after deadline/sunset filters,N/A,N/A,N/A
1328,CPU_and_Data_Intensive,Rejected,134.20128655637578,N/A,N/A,N/A,0.19081095558501618,0.0,0.0,0.0,STARLINK-11365 [DTC],0,N/A,N/A,0.0,467.6456748906021,False,0.0,0.0,0.0,79985.05200188376,99.9813150023547,No suitable server found after deadline/sunset filters,N/A,N/A,N/A
1329,CPU_and_Data_Intensive,Rejected,134.20537492835086,N/A,N/A,N/A,0.3999809839213389,0.0,0.0,0.0,STARLINK-11365 [DTC],0,N/A,N/A,0.0,408.0193415619368,False,0.0,0.0,0.0,79985.05200188376,99.9813150023547,No suitable server found after deadline/sunset filters,N/A,N/A,N/A
1331,CPU_and_Data_Intensive,Rejected,134.27930923979412,N/A,N/A,N/A,0.08497406984739087,0.0,0.0,0.0,STARLINK-11365 [DTC],0,N/A,N/A,0.0,306.7618234423221,False,0.0,0.0,0.0,79985.05200188376,99.9813150023547,No suitable server found after deadline/sunset filters,N/A,N/A,N/A
1343,CPU_and_Data_Intensive,Rejected,136.63735504029412,N/A,N/A,N/A,0.17970474343443463,0.0,0.0,0.0,STARLINK-11365 [DTC],0,N/A,N/A,0.0,472.05871866833695,False,0.0,0.0,0.0,79985.05200188376,99.9813150023547,No suitable server found after deadline/sunset filters,N/A,N/A,N/A
1348,CPU_and_Data_Intensive,Rejected,137.056229933966,N/A,N/A,N/A,0.2917274144821145,0.0,0.0,0.0,STARLINK-11365 [DTC],0,N/A,N/A,0.0,281.0953204399502,False,0.0,0.0,0.0,79985.05200188376,99.9813150023547,No suitable server found after deadline/sunset filters,N/A,N/A,N/A
1349,CPU_and_Data_Intensive,Rejected,137.0824453959159,N/A,N/A,N/A,0.40115752400500815,0.0,0.0,0.0,STARLINK-11365 [DTC],0,N/A,N/A,0.0,317.6719053741599,False,0.0,0.0,0.0,79985.05200188376,99.9813150023547,No suitable server found after deadline/sunset filters,N/A,N/A,N/A
1352,Generic_Service,Rejected,137.33236349387587,N/A,N/A,N/A,0.0022973380672270545,0.0,0.0,0.0,STARLINK-11365 [DTC],0,N/A,N/A,0.0,0.03367631892509923,False,0.0,0.0,0.0,79985.05200188376,99.9813150023547,No suitable server found after deadline/sunset filters,N/A,N/A,N/A
1357,CPU_and_Data_Intensive,Rejected,138.23774475890394,N/A,N/A,N/A,0.36787258100515263,0.0,0.0,0.0,STARLINK-11365 [DTC],0,N/A,N/A,0.0,390.6807408761624,False,0.0,0.0,0.0,79985.05200188376,99.9813150023547,No suitable server found after deadline/sunset filters,N/A,N/A,N/A
1383,CPU_and_Data_Intensive,Rejected,140.62065147090337,N/A,N/A,N/A,0.0002851553549878805,0.0,0.0,0.0,STARLINK-11365 [DTC],0,N/A,N/A,0.0,19.1940851007284,False,0.0,0.0,0.0,79985.05200188376,99.9813150023547,No suitable server found after deadline/sunset filters,N/A,N/A,N/A
1389,CPU_and_Data_Intensive,Rejected,141.1217678072408,N/A,N/A,N/A,0.2998556889968342,0.0,0.0,0.0,STARLINK-11365 [DTC],0,N/A,N/A,0.0,489.0417851799335,False,0.0,0.0,0.0,79985.05200188376,99.9813150023547,No suitable server found after deadline/sunset filters,N/A,N/A,N/A
1403,Generic_Service,Rejected,142.93440915559967,N/A,N/A,N/A,0.0042930430251768405,0.0,0.0,0.0,STARLINK-11365 [DTC],0,N/A,N/A,0.0,0.057156099774414396,False,0.0,0.0,0.0,79985.05200188376,99.9813150023547,No suitable server found after deadline/sunset filters,N/A,N/A,N/A
1409,CPU_and_Data_Intensive,Rejected,143.33145041613642,N/A,N/A,N/A,0.28531602850728927,0.0,0.0,0.0,STARLINK-11365 [DTC],0,N/A,N/A,0.0,307.97200173692386,False,0.0,0.0,0.0,79985.05200188376,99.9813150023547,No suitable server found after deadline/sunset filters,N/A,N/A,N/A
1410,CPU_and_Data_Intensive,Rejected,143.36104713030934,N/A,N/A,N/A,0.2174492310851475,0.0,0.0,0.0,STARLINK-11365 [DTC],0,N/A,N/A,0.0,333.1735773972306,False,0.0,0.0,0.0,79985.05200188376,99.9813150023547,No suitable server found after deadline/sunset filters,N/A,N/A,N/A
1419,CPU_and_Data_Intensive,Rejected,144.00138347779063,N/A,N/A,N/A,0.23133013613652267,0.0,0.0,0.0,STARLINK-11365 [DTC],0,N/A,N/A,0.0,157.54515118301296,False,0.0,0.0,0.0,79985.05200188376,99.9813150023547,No suitable server found after deadline/sunset filters,N/A,N/A,N/A
1423,CPU_and_Data_Intensive,Rejected,144.24577565286745,N/A,N/A,N/A,0.4006778257803526,0.0,0.0,0.0,STARLINK-11365 [DTC],0,N/A,N/A,0.0,355.5512691905271,False,0.0,0.0,0.0,79985.05200188376,99.9813150023547,No suitable server found after deadline/sunset filters,N/A,N/A,N/A
1431,CPU_and_Data_Intensive,Rejected,145.1014490366705,N/A,N/A,N/A,0.16861592270769746,0.0,0.0,0.0,STARLINK-11365 [DTC],0,N/A,N/A,0.0,175.5166368392175,False,0.0,0.0,0.0,79985.05200188376,99.9813150023547,No suitable server found after deadline/sunset filters,N/A,N/A,N/A
1440,CPU_and_Data_Intensive,Rejected,146.1211061381605,N/A,N/A,N/A,0.032006683259312,0.0,0.0,0.0,STARLINK-11365 [DTC],0,N/A,N/A,0.0,303.19780784541547,False,0.0,0.0,0.0,79985.05200188376,99.9813150023547,No suitable server found after deadline/sunset filters,N/A,N/A,N/A
1441,CPU_and_Data_Intensive,Rejected,146.22727823713834,N/A,N/A,N/A,0.47719479280411914,0.0,0.0,0.0,STARLINK-11365 [DTC],0,N/A,N/A,0.0,495.12374877236266,False,0.0,0.0,0.0,79985.05200188376,99.9813150023547,No suitable server found after deadline/sunset filters,N/A,N/A,N/A
1449,Generic_Service,Rejected,146.71699319395827,N/A,N/A,N/A,0.002839963305700164,0.0,0.0,0.0,STARLINK-11365 [DTC],0,N/A,N/A,0.0,0.016720675022825343,False,0.0,0.0,0.0,79985.05200188376,99.9813150023547,No suitable server found after deadline/sunset filters,N/A,N/A,N/A
1469,CPU_and_Data_Intensive,Rejected,148.25371181339762,N/A,N/A,N/A,0.5319191930275764,0.0,0.0,0.0,STARLINK-11365 [DTC],0,N/A,N/A,0.0,372.1349393746149,False,0.0,0.0,0.0,79985.05200188376,99.9813150023547,No suitable server found after deadline/sunset filters,N/A,N/A,N/A
1478,Generic_Service,Rejected,149.0579844626867,N/A,N/A,N/A,0.00596562693597167,0.0,0.0,0.0,STARLINK-11365 [DTC],0,N/A,N/A,0.0,0.07325685647522992,False,0.0,0.0,0.0,79985.05200188376,99.9813150023547,No suitable server found after deadline/sunset filters,N/A,N/A,N/A
1497,Generic_Service,Rejected,150.8563674313136,N/A,N/A,N/A,0.00280648180616145,0.0,0.0,0.0,STARLINK-11365 [DTC],0,N/A,N/A,0.0,0.016566026551799964,False,0.0,0.0,0.0,79985.05200188376,99.9813150023547,No suitable server found after deadline/sunset filters,N/A,N/A,N/A
1510,CPU_and_Data_Intensive,Rejected,152.2865379095727,N/A,N/A,N/A,0.47508069893712856,0.0,0.0,0.0,STARLINK-11365 [DTC],0,N/A,N/A,0.0,358.6318379131566,False,0.0,0.0,0.0,79985.05200188376,99.9813150023547,No suitable server found after deadline/sunset filters,N/A,N/A,N/A
1525,CPU_and_Data_Intensive,Rejected,154.72984822852348,N/A,N/A,N/A,0.4489587802958232,0.0,0.0,0.0,STARLINK-11365 [DTC],0,N/A,N/A,0.0,435.1458122294331,False,0.0,0.0,0.0,79985.05200188376,99.9813150023547,No suitable server found after deadline/sunset filters,N/A,N/A,N/A
1529,CPU_and_Data_Intensive,Rejected,154.94701187618998,N/A,N/A,N/A,0.21309908195868038,0.0,0.0,0.0,STARLINK-11365 [DTC],0,N/A,N/A,0.0,344.7545132753239,False,0.0,0.0,0.0,79985.05200188376,99.9813150023547,No suitable server found after deadline/sunset filters,N/A,N/A,N/A
1532,CPU_and_Data_Intensive,Rejected,155.25791935247926,N/A,N/A,N/A,0.32934044528185075,0.0,0.0,0.0,STARLINK-11365 [DTC],0,N/A,N/A,0.0,362.01018781729874,False,0.0,0.0,0.0,79985.05200188376,99.9813150023547,No suitable server found after deadline/sunset filters,N/A,N/A,N/A
1546,CPU_and_Data_Intensive,Rejected,155.99285704836586,N/A,N/A,N/A,0.49360884783069725,0.0,0.0,0.0,STARLINK-11365 [DTC],0,N/A,N/A,0.0,388.57198226629697,False,0.0,0.0,0.0,79985.05200188376,99.9813150023547,No suitable server found after deadline/sunset filters,N/A,N/A,N/A
1557,CPU_and_Data_Intensive,Rejected,157.29193290625855,N/A,N/A,N/A,0.23668497663992008,0.0,0.0,0.0,STARLINK-11365 [DTC],0,N/A,N/A,0.0,281.27616978360754,False,0.0,0.0,0.0,79985.05200188376,99.9813150023547,No suitable server found after deadline/sunset filters,N/A,N/A,N/A
1558,Generic_Service,Rejected,157.2924867798677,N/A,N/A,N/A,0.0013984200016558116,0.0,0.0,0.0,STARLINK-11365 [DTC],0,N/A,N/A,0.0,0.05778373258613953,False,0.0,0.0,0.0,79985.05200188376,99.9813150023547,No suitable server found after deadline/sunset filters,N/A,N/A,N/A
1564,Generic_Service,Rejected,158.0329816088777,N/A,N/A,N/A,0.006257535905047725,0.0,0.0,0.0,STARLINK-11365 [DTC],0,N/A,N/A,0.0,0.05547995963815864,False,0.0,0.0,0.0,79985.05200188376,99.9813150023547,No suitable server found after deadline/sunset filters,N/A,N/A,N/A
1575,CPU_and_Data_Intensive,Rejected,159.3755347423534,N/A,N/A,N/A,0.009192424662322464,0.0,0.0,0.0,STARLINK-11365 [DTC],0,N/A,N/A,0.0,18.404412738552164,False,0.0,0.0,0.0,79985.05200188376,99.9813150023547,No suitable server found after deadline/sunset filters,N/A,N/A,N/A
1585,CPU_and_Data_Intensive,Rejected,160.22504622341387,N/A,N/A,N/A,0.13477342698251174,0.0,0.0,0.0,STARLINK-11365 [DTC],0,N/A,N/A,0.0,289.7233499604025,False,0.0,0.0,0.0,79985.05200188376,99.9813150023547,No suitable server found after deadline/sunset filters,N/A,N/A,N/A
1588,CPU_Intensive,Rejected,160.80892373882978,N/A,N/A,N/A,0.0016460878322282417,0.0,0.0,0.0,STARLINK-11365 [DTC],0,N/A,N/A,0.0,0.06268589105130232,False,0.0,0.0,0.0,79985.05200188376,99.9813150023547,No suitable server found after deadline/sunset filters,N/A,N/A,N/A
1609,Generic_Service,Rejected,163.16695448759017,N/A,N/A,N/A,0.0021601114319700397,0.0,0.0,0.0,STARLINK-11365 [DTC],0,N/A,N/A,0.0,0.08632845378581813,False,0.0,0.0,0.0,79985.05200188376,99.9813150023547,No suitable server found after deadline/sunset filters,N/A,N/A,N/A
1613,CPU_and_Data_Intensive,Rejected,163.31056913078186,N/A,N/A,N/A,0.5129976578243505,0.0,0.0,0.0,STARLINK-11365 [DTC],0,N/A,N/A,0.0,345.00445609581527,False,0.0,0.0,0.0,79985.05200188376,99.9813150023547,No suitable server found after deadline/sunset filters,N/A,N/A,N/A
1617,CPU_and_Data_Intensive,Rejected,163.81724467293958,N/A,N/A,N/A,0.36161533955318165,0.0,0.0,0.0,STARLINK-11365 [DTC],0,N/A,N/A,0.0,362.23890430573874,False,0.0,0.0,0.0,79985.05200188376,99.9813150023547,No suitable server found after deadline/sunset filters,N/A,N/A,N/A
1622,CPU_and_Data_Intensive,Rejected,164.3995338847335,N/A,N/A,N/A,0.19789880726814024,0.0,0.0,0.0,STARLINK-11365 [DTC],0,N/A,N/A,0.0,418.40387951835476,False,0.0,0.0,0.0,79985.05200188376,99.9813150023547,No suitable server found after deadline/sunset filters,N/A,N/A,N/A
1626,CPU_and_Data_Intensive,Rejected,164.61890740047923,N/A,N/A,N/A,0.2039038355714638,0.0,0.0,0.0,STARLINK-11365 [DTC],0,N/A,N/A,0.0,281.48355164994257,False,0.0,0.0,0.0,79985.05200188376,99.9813150023547,No suitable server found after deadline/sunset filters,N/A,N/A,N/A
1627,Generic_Service,Rejected,164.69244391115555,N/A,N/A,N/A,0.0024438920855466024,0.0,0.0,0.0,STARLINK-11365 [DTC],0,N/A,N/A,0.0,0.06059538437576516,False,0.0,0.0,0.0,79985.05200188376,99.9813150023547,No suitable server found after deadline/sunset filters,N/A,N/A,N/A
1629,Generic_Service,Rejected,164.71896757549422,N/A,N/A,N/A,0.005346974855969376,0.0,0.0,0.0,STARLINK-11365 [DTC],0,N/A,N/A,0.0,0.058187090905015,False,0.0,0.0,0.0,79985.05200188376,99.9813150023547,No suitable server found after deadline/sunset filters,N/A,N/A,N/A
1634,Generic_Service,Rejected,165.33742636105166,N/A,N/A,N/A,0.00042451027655946143,0.0,0.0,0.0,STARLINK-11365 [DTC],0,N/A,N/A,0.0,0.0781262269377027,False,0.0,0.0,0.0,79985.05200188376,99.9813150023547,No suitable server found after deadline/sunset filters,N/A,N/A,N/A
1639,Generic_Service,Rejected,165.9565730593947,N/A,N/A,N/A,0.005555246596505769,0.0,0.0,0.0,STARLINK-11365 [DTC],0,N/A,N/A,0.0,0.04502662044810883,False,0.0,0.0,0.0,79985.05200188376,99.9813150023547,No suitable server found after deadline/sunset filters,N/A,N/A,N/A
1640,CPU_and_Data_Intensive,Rejected,166.17555013469334,N/A,N/A,N/A,0.0018918677487735978,0.0,0.0,0.0,STARLINK-11365 [DTC],0,N/A,N/A,0.0,1.7657414121398212,False,0.0,0.0,0.0,79985.05200188376,99.9813150023547,No suitable server found after deadline/sunset filters,N/A,N/A,N/A
1655,CPU_and_Data_Intensive,Rejected,167.5583084908733,N/A,N/A,N/A,0.007012850480504491,0.0,0.0,0.0,STARLINK-11365 [DTC],0,N/A,N/A,0.0,146.69337874592836,False,0.0,0.0,0.0,79985.05200188376,99.9813150023547,No suitable server found after deadline/sunset filters,N/A,N/A,N/A
1680,CPU_and_Data_Intensive,Rejected,170.0175037343247,N/A,N/A,N/A,0.3928940535789362,0.0,0.0,0.0,STARLINK-11365 [DTC],0,N/A,N/A,0.0,497.36692874356754,False,0.0,0.0,0.0,79985.05200188376,99.9813150023547,No suitable server found after deadline/sunset filters,N/A,N/A,N/A
1684,CPU_and_Data_Intensive,Rejected,170.2871510211223,N/A,N/A,N/A,0.05853592033915297,0.0,0.0,0.0,STARLINK-11365 [DTC],0,N/A,N/A,0.0,448.89623799508564,False,0.0,0.0,0.0,79985.05200188376,99.9813150023547,No suitable server found after deadline/sunset filters,N/A,N/A,N/A
1691,CPU_and_Data_Intensive,Rejected,171.25025720602505,N/A,N/A,N/A,0.1412261306884098,0.0,0.0,0.0,STARLINK-11365 [DTC],0,N/A,N/A,0.0,229.26519027649317,False,0.0,0.0,0.0,79985.05200188376,99.9813150023547,No suitable server found after deadline/sunset filters,N/A,N/A,N/A
1694,CPU_and_Data_Intensive,Rejected,171.9020565439485,N/A,N/A,N/A,0.43375529467060864,0.0,0.0,0.0,STARLINK-11365 [DTC],0,N/A,N/A,0.0,480.8217776913605,False,0.0,0.0,0.0,79985.05200188376,99.9813150023547,No suitable server found after deadline/sunset filters,N/A,N/A,N/A
1719,CPU_and_Data_Intensive,Rejected,174.0008311907345,N/A,N/A,N/A,0.24328645601575882,0.0,0.0,0.0,STARLINK-11365 [DTC],0,N/A,N/A,0.0,333.64229709882176,False,0.0,0.0,0.0,79985.05200188376,99.9813150023547,No suitable server found after deadline/sunset filters,N/A,N/A,N/A
1730,CPU_and_Data_Intensive,Rejected,175.316806836231,N/A,N/A,N/A,0.1550347816785848,0.0,0.0,0.0,STARLINK-11365 [DTC],0,N/A,N/A,0.0,392.71128472668096,False,0.0,0.0,0.0,79985.05200188376,99.9813150023547,No suitable server found after deadline/sunset filters,N/A,N/A,N/A
1739,CPU_and_Data_Intensive,Rejected,176.359935422073,N/A,N/A,N/A,0.6845762607825614,0.0,0.0,0.0,STARLINK-11365 [DTC],0,N/A,N/A,0.0,489.5572709825123,False,0.0,0.0,0.0,79985.05200188376,99.9813150023547,No suitable server found after deadline/sunset filters,N/A,N/A,N/A
1758,CPU_and_Data_Intensive,Rejected,178.19614158875228,N/A,N/A,N/A,0.31167830827183546,0.0,0.0,0.0,STARLINK-11365 [DTC],0,N/A,N/A,0.0,216.41185434900606,False,0.0,0.0,0.0,79985.05200188376,99.9813150023547,No suitable server found after deadline/sunset filters,N/A,N/A,N/A
1766,CPU_and_Data_Intensive,Rejected,179.1344019496418,N/A,N/A,N/A,0.004081817530094395,0.0,0.0,0.0,STARLINK-11365 [DTC],0,N/A,N/A,0.0,7.009120062370701,False,0.0,0.0,0.0,79985.05200188376,99.9813150023547,No suitable server found after deadline/sunset filters,N/A,N/A,N/A
1775,CPU_and_Data_Intensive,Rejected,179.97918254101563,N/A,N/A,N/A,0.35306176321283217,0.0,0.0,0.0,STARLINK-11365 [DTC],0,N/A,N/A,0.0,254.85480440750393,False,0.0,0.0,0.0,79985.05200188376,99.9813150023547,No suitable server found after deadline/sunset filters,N/A,N/A,N/A
1778,CPU_and_Data_Intensive,Rejected,180.62564765425594,N/A,N/A,N/A,0.10057115775345446,0.0,0.0,0.0,STARLINK-11365 [DTC],0,N/A,N/A,0.0,269.8069019703049,False,0.0,0.0,0.0,79985.05200188376,99.9813150023547,No suitable server found after deadline/sunset filters,N/A,N/A,N/A
1785,CPU_and_Data_Intensive,Rejected,181.4994871828037,N/A,N/A,N/A,0.004313420610847026,0.0,0.0,0.0,STARLINK-11365 [DTC],0,N/A,N/A,0.0,5.629410300738054,False,0.0,0.0,0.0,79985.05200188376,99.9813150023547,No suitable server found after deadline/sunset filters,N/A,N/A,N/A
1790,CPU_and_Data_Intensive,Rejected,182.07049599965026,N/A,N/A,N/A,0.05247610807501098,0.0,0.0,0.0,STARLINK-11365 [DTC],0,N/A,N/A,0.0,457.5675514313698,False,0.0,0.0,0.0,79985.05200188376,99.9813150023547,No suitable server found after deadline/sunset filters,N/A,N/A,N/A
1791,CPU_and_Data_Intensive,Rejected,182.10982556496148,N/A,N/A,N/A,0.09601290616045342,0.0,0.0,0.0,STARLINK-11365 [DTC],0,N/A,N/A,0.0,245.87304102592674,False,0.0,0.0,0.0,79985.05200188376,99.9813150023547,No suitable server found after deadline/sunset filters,N/A,N/A,N/A
1798,CPU_and_Data_Intensive,Rejected,183.09368285967977,N/A,N/A,N/A,0.026205020100469635,0.0,0.0,0.0,STARLINK-11365 [DTC],0,N/A,N/A,0.0,257.5812136277766,False,0.0,0.0,0.0,79985.05200188376,99.9813150023547,No suitable server found after deadline/sunset filters,N/A,N/A,N/A
1800,CPU_and_Data_Intensive,Rejected,183.14816567047654,N/A,N/A,N/A,0.01680438434309219,0.0,0.0,0.0,STARLINK-11365 [DTC],0,N/A,N/A,0.0,182.5880901359264,False,0.0,0.0,0.0,79985.05200188376,99.9813150023547,No suitable server found after deadline/sunset filters,N/A,N/A,N/A
1806,CPU_and_Data_Intensive,Rejected,183.87335922722153,N/A,N/A,N/A,0.5403425040401137,0.0,0.0,0.0,STARLINK-11365 [DTC],0,N/A,N/A,0.0,425.548114772394,False,0.0,0.0,0.0,79985.05200188376,99.9813150023547,No suitable server found after deadline/sunset filters,N/A,N/A,N/A
1813,Generic_Service,Rejected,184.74707814758062,N/A,N/A,N/A,0.0057251203129244956,0.0,0.0,0.0,STARLINK-11365 [DTC],0,N/A,N/A,0.0,0.08042044577488842,False,0.0,0.0,0.0,79985.05200188376,99.9813150023547,No suitable server found after deadline/sunset filters,N/A,N/A,N/A
1824,CPU_and_Data_Intensive,Rejected,186.302464104274,N/A,N/A,N/A,0.4230789227175209,0.0,0.0,0.0,STARLINK-11365 [DTC],0,N/A,N/A,0.0,402.83766302742373,False,0.0,0.0,0.0,79985.05200188376,99.9813150023547,No suitable server found after deadline/sunset filters,N/A,N/A,N/A
1837,Generic_Service,Rejected,187.52764221409433,N/A,N/A,N/A,0.006360434284646903,0.0,0.0,0.0,STARLINK-11365 [DTC],0,N/A,N/A,0.0,0.025568288154459502,False,0.0,0.0,0.0,79985.05200188376,99.9813150023547,No suitable server found after deadline/sunset filters,N/A,N/A,N/A
1840,CPU_and_Data_Intensive,Rejected,187.89571390303783,N/A,N/A,N/A,0.6621198543350268,0.0,0.0,0.0,STARLINK-11365 [DTC],0,N/A,N/A,0.0,438.0567444807084,False,0.0,0.0,0.0,79985.05200188376,99.9813150023547,No suitable server found after deadline/sunset filters,N/A,N/A,N/A
1843,CPU_and_Data_Intensive,Rejected,188.19630323975665,N/A,N/A,N/A,0.26109998948104446,0.0,0.0,0.0,STARLINK-11365 [DTC],0,N/A,N/A,0.0,442.6441283343583,False,0.0,0.0,0.0,79985.05200188376,99.9813150023547,No suitable server found after deadline/sunset filters,N/A,N/A,N/A
1848,CPU_and_Data_Intensive,Rejected,188.74809062108127,N/A,N/A,N/A,0.0001468754033305162,0.0,0.0,0.0,STARLINK-11365 [DTC],0,N/A,N/A,0.0,390.82541959930603,False,0.0,0.0,0.0,79985.05200188376,99.9813150023547,No suitable server found after deadline/sunset filters,N/A,N/A,N/A
1870,CPU_and_Data_Intensive,Rejected,190.69872491413514,N/A,N/A,N/A,0.13280315781316135,0.0,0.0,0.0,STARLINK-11365 [DTC],0,N/A,N/A,0.0,173.64067081561763,False,0.0,0.0,0.0,79985.05200188376,99.9813150023547,No suitable server found after deadline/sunset filters,N/A,N/A,N/A
1872,CPU_and_Data_Intensive,Rejected,190.9084891131067,N/A,N/A,N/A,0.5124168279469667,0.0,0.0,0.0,STARLINK-11365 [DTC],0,N/A,N/A,0.0,383.99457972680966,False,0.0,0.0,0.0,79985.05200188376,99.9813150023547,No suitable server found after deadline/sunset filters,N/A,N/A,N/A
1878,CPU_and_Data_Intensive,Rejected,191.2121436239883,N/A,N/A,N/A,0.187290006657189,0.0,0.0,0.0,STARLINK-11365 [DTC],0,N/A,N/A,0.0,157.91610213726122,False,0.0,0.0,0.0,79985.05200188376,99.9813150023547,No suitable server found after deadline/sunset filters,N/A,N/A,N/A
1879,CPU_and_Data_Intensive,Rejected,191.30287645537103,N/A,N/A,N/A,0.023525118903623913,0.0,0.0,0.0,STARLINK-11365 [DTC],0,N/A,N/A,0.0,430.7551156904146,False,0.0,0.0,0.0,79985.05200188376,99.9813150023547,No suitable server found after deadline/sunset filters,N/A,N/A,N/A
1881,CPU_and_Data_Intensive,Rejected,191.52595951065592,N/A,N/A,N/A,0.40944827476118995,0.0,0.0,0.0,STARLINK-11365 [DTC],0,N/A,N/A,0.0,418.7941101873481,False,0.0,0.0,0.0,79985.05200188376,99.9813150023547,No suitable server found after deadline/sunset filters,N/A,N/A,N/A
1906,CPU_Intensive,Rejected,193.50947989464368,N/A,N/A,N/A,0.0027090265918205173,0.0,0.0,0.0,STARLINK-11365 [DTC],0,N/A,N/A,0.0,0.06879072983247606,False,0.0,0.0,0.0,79985.05200188376,99.9813150023547,No suitable server found after deadline/sunset filters,N/A,N/A,N/A
1907,CPU_and_Data_Intensive,Rejected,193.58376993751037,N/A,N/A,N/A,0.24423132049563404,0.0,0.0,0.0,STARLINK-11365 [DTC],0,N/A,N/A,0.0,172.32634242808277,False,0.0,0.0,0.0,79985.05200188376,99.9813150023547,No suitable server found after deadline/sunset filters,N/A,N/A,N/A
1908,CPU_and_Data_Intensive,Rejected,193.65115105775914,N/A,N/A,N/A,0.005211357203409867,0.0,0.0,0.0,STARLINK-11365 [DTC],0,N/A,N/A,0.0,1.1206336918040216,False,0.0,0.0,0.0,79985.05200188376,99.9813150023547,No suitable server found after deadline/sunset filters,N/A,N/A,N/A
1909,CPU_and_Data_Intensive,Rejected,193.790378152332,N/A,N/A,N/A,0.3056964684197986,0.0,0.0,0.0,STARLINK-11365 [DTC],0,N/A,N/A,0.0,394.51887683391914,False,0.0,0.0,0.0,79985.05200188376,99.9813150023547,No suitable server found after deadline/sunset filters,N/A,N/A,N/A
1915,CPU_and_Data_Intensive,Rejected,194.2055137190693,N/A,N/A,N/A,0.010395353548644654,0.0,0.0,0.0,STARLINK-11365 [DTC],0,N/A,N/A,0.0,10.663856520360596,False,0.0,0.0,0.0,79985.05200188376,99.9813150023547,No suitable server found after deadline/sunset filters,N/A,N/A,N/A
1918,CPU_and_Data_Intensive,Rejected,194.34615464769976,N/A,N/A,N/A,0.5638413084424962,0.0,0.0,0.0,STARLINK-11365 [DTC],0,N/A,N/A,0.0,497.67045175952694,False,0.0,0.0,0.0,79985.05200188376,99.9813150023547,No suitable server found after deadline/sunset filters,N/A,N/A,N/A
1947,Generic_Service,Rejected,196.8660703738957,N/A,N/A,N/A,0.003973435186181973,0.0,0.0,0.0,STARLINK-11365 [DTC],0,N/A,N/A,0.0,0.02094638525005209,False,0.0,0.0,0.0,79985.05200188376,99.9813150023547,No suitable server found after deadline/sunset filters,N/A,N/A,N/A
1959,CPU_and_Data_Intensive,Rejected,197.7493800020543,N/A,N/A,N/A,0.028771574298945397,0.0,0.0,0.0,STARLINK-11365 [DTC],0,N/A,N/A,0.0,177.3007867750505,False,0.0,0.0,0.0,79985.05200188376,99.9813150023547,No suitable server found after deadline/sunset filters,N/A,N/A,N/A
1962,CPU_and_Data_Intensive,Rejected,197.9539686978968,N/A,N/A,N/A,0.3122865694501713,0.0,0.0,0.0,STARLINK-11365 [DTC],0,N/A,N/A,0.0,394.0228105870698,False,0.0,0.0,0.0,79985.05200188376,99.9813150023547,No suitable server found after deadline/sunset filters,N/A,N/A,N/A
1971,Generic_Service,Rejected,198.69617155229383,N/A,N/A,N/A,0.00539865262881082,0.0,0.0,0.0,STARLINK-11365 [DTC],0,N/A,N/A,0.0,0.06873875466966307,False,0.0,0.0,0.0,79985.05200188376,99.9813150023547,No suitable server found after deadline/sunset filters,N/A,N/A,N/A
1973,CPU_and_Data_Intensive,Rejected,198.73809863397852,N/A,N/A,N/A,0.2962113995503439,0.0,0.0,0.0,STARLINK-11365 [DTC],0,N/A,N/A,0.0,370.4624170030762,False,0.0,0.0,0.0,79985.05200188376,99.9813150023547,No suitable server found after deadline/sunset filters,N/A,N/A,N/A
1981,Generic_Service,Rejected,199.12958053348765,N/A,N/A,N/A,0.0006335570656257297,0.0,0.0,0.0,STARLINK-11365 [DTC],0,N/A,N/A,0.0,0.06990784538556419,False,0.0,0.0,0.0,79985.05200188376,99.9813150023547,No suitable server found after deadline/sunset filters,N/A,N/A,N/A
1985,CPU_and_Data_Intensive,Rejected,199.7822757815044,N/A,N/A,N/A,0.2074770431121906,0.0,0.0,0.0,STARLINK-11365 [DTC],0,N/A,N/A,0.0,342.806838465691,False,0.0,0.0,0.0,79985.05200188376,99.9813150023547,No suitable server found after deadline/sunset filters,N/A,N/A,N/A
1999,CPU_and_Data_Intensive,Rejected,201.41427215819326,N/A,N/A,N/A,0.15904133298884152,0.0,0.0,0.0,STARLINK-11365 [DTC],0,N/A,N/A,0.0,293.99839015917877,False,0.0,0.0,0.0,79985.05200188376,99.9813150023547,No suitable server found after deadline/sunset filters,N/A,N/A,N/A
2007,CPU_and_Data_Intensive,Rejected,202.45919402283332,N/A,N/A,N/A,0.227274710414645,0.0,0.0,0.0,STARLINK-11365 [DTC],0,N/A,N/A,0.0,487.66071329259137,False,0.0,0.0,0.0,79985.05200188376,99.9813150023547,No suitable server found after deadline/sunset filters,N/A,N/A,N/A
2022,CPU_and_Data_Intensive,Rejected,203.67065621296265,N/A,N/A,N/A,0.31931286428742894,0.0,0.0,0.0,STARLINK-11365 [DTC],0,N/A,N/A,0.0,242.3844908211454,False,0.0,0.0,0.0,79985.05200188376,99.9813150023547,No suitable server found after deadline/sunset filters,N/A,N/A,N/A
2038,CPU_and_Data_Intensive,Rejected,205.11887189730368,N/A,N/A,N/A,0.007646429854951453,0.0,0.0,0.0,STARLINK-11365 [DTC],0,N/A,N/A,0.0,1.3484978017662779,False,0.0,0.0,0.0,79985.05200188376,99.9813150023547,No suitable server found after deadline/sunset filters,N/A,N/A,N/A
2045,CPU_and_Data_Intensive,Rejected,205.7174890149111,N/A,N/A,N/A,0.215871197016688,0.0,0.0,0.0,STARLINK-11365 [DTC],0,N/A,N/A,0.0,276.2452857266979,False,0.0,0.0,0.0,79985.05200188376,99.9813150023547,No suitable server found after deadline/sunset filters,N/A,N/A,N/A
2050,CPU_and_Data_Intensive,Rejected,206.1201440735272,N/A,N/A,N/A,0.05500786813198772,0.0,0.0,0.0,STARLINK-11365 [DTC],0,N/A,N/A,0.0,347.49788813182295,False,0.0,0.0,0.0,79985.05200188376,99.9813150023547,No suitable server found after deadline/sunset filters,N/A,N/A,N/A
2060,CPU_and_Data_Intensive,Rejected,206.9782600285144,N/A,N/A,N/A,0.3521199096788498,0.0,0.0,0.0,STARLINK-11365 [DTC],0,N/A,N/A,0.0,376.6110297506152,False,0.0,0.0,0.0,79985.05200188376,99.9813150023547,No suitable server found after deadline/sunset filters,N/A,N/A,N/A
2066,Generic_Service,Rejected,207.31388147345174,N/A,N/A,N/A,0.002790733533500896,0.0,0.0,0.0,STARLINK-11365 [DTC],0,N/A,N/A,0.0,0.02548122011563552,False,0.0,0.0,0.0,79985.05200188376,99.9813150023547,No suitable server found after deadline/sunset filters,N/A,N/A,N/A
2069,CPU_and_Data_Intensive,Rejected,207.54402562213664,N/A,N/A,N/A,0.5036324754156559,0.0,0.0,0.0,STARLINK-11365 [DTC],0,N/A,N/A,0.0,420.7532134416411,False,0.0,0.0,0.0,79985.05200188376,99.9813150023547,No suitable server found after deadline/sunset filters,N/A,N/A,N/A
2076,Generic_Service,Rejected,208.30683829817846,N/A,N/A,N/A,0.00243635595538823,0.0,0.0,0.0,STARLINK-11365 [DTC],0,N/A,N/A,0.0,0.03396144235667498,False,0.0,0.0,0.0,79985.05200188376,99.9813150023547,No suitable server found after deadline/sunset filters,N/A,N/A,N/A
2079,CPU_Intensive,Rejected,208.7246441615855,N/A,N/A,N/A,0.0069133651377013714,0.0,0.0,0.0,STARLINK-11365 [DTC],0,N/A,N/A,0.0,0.05737813775307889,False,0.0,0.0,0.0,79985.05200188376,99.9813150023547,No suitable server found after deadline/sunset filters,N/A,N/A,N/A
2085,CPU_and_Data_Intensive,Rejected,209.2105644997599,N/A,N/A,N/A,0.005662241345592548,0.0,0.0,0.0,STARLINK-11365 [DTC],0,N/A,N/A,0.0,0.8764480982317729,False,0.0,0.0,0.0,79985.05200188376,99.9813150023547,No suitable server found after deadline/sunset filters,N/A,N/A,N/A
2087,CPU_and_Data_Intensive,Rejected,209.647488961096,N/A,N/A,N/A,0.042839443010082,0.0,0.0,0.0,STARLINK-11365 [DTC],0,N/A,N/A,0.0,332.82930679211654,False,0.0,0.0,0.0,79985.05200188376,99.9813150023547,No suitable server found after deadline/sunset filters,N/A,N/A,N/A
2090,Generic_Service,Rejected,210.0668602778582,N/A,N/A,N/A,0.0025091024039747972,0.0,0.0,0.0,STARLINK-11365 [DTC],0,N/A,N/A,0.0,0.06696135543168585,False,0.0,0.0,0.0,79985.05200188376,99.9813150023547,No suitable server found after deadline/sunset filters,N/A,N/A,N/A
2098,CPU_and_Data_Intensive,Rejected,210.91312272106038,N/A,N/A,N/A,0.5339194851780035,0.0,0.0,0.0,STARLINK-11365 [DTC],0,N/A,N/A,0.0,404.82091375199724,False,0.0,0.0,0.0,79985.05200188376,99.9813150023547,No suitable server found after deadline/sunset filters,N/A,N/A,N/A
2106,CPU_and_Data_Intensive,Rejected,211.3203787820462,N/A,N/A,N/A,0.047380218475573,0.0,0.0,0.0,STARLINK-11365 [DTC],0,N/A,N/A,0.0,249.66746177728817,False,0.0,0.0,0.0,79985.05200188376,99.9813150023547,No suitable server found after deadline/sunset filters,N/A,N/A,N/A
2110,Generic_Service,Rejected,211.56622189283928,N/A,N/A,N/A,0.0001302092885589678,0.0,0.0,0.0,STARLINK-11365 [DTC],0,N/A,N/A,0.0,0.048345895773747476,False,0.0,0.0,0.0,79985.05200188376,99.9813150023547,No suitable server found after deadline/sunset filters,N/A,N/A,N/A
2117,CPU_and_Data_Intensive,Rejected,212.39759927558094,N/A,N/A,N/A,0.04156871447612532,0.0,0.0,0.0,STARLINK-11365 [DTC],0,N/A,N/A,0.0,190.7324393374674,False,0.0,0.0,0.0,79985.05200188376,99.9813150023547,No suitable server found after deadline/sunset filters,N/A,N/A,N/A
2119,CPU_Intensive,Rejected,212.5598801035389,N/A,N/A,N/A,0.0007179810680373784,0.0,0.0,0.0,STARLINK-11365 [DTC],0,N/A,N/A,0.0,0.0791267557847747,False,0.0,0.0,0.0,79985.05200188376,99.9813150023547,No suitable server found after deadline/sunset filters,N/A,N/A,N/A
2139,CPU_and_Data_Intensive,Rejected,215.07919604366492,N/A,N/A,N/A,0.17360485624157287,0.0,0.0,0.0,STARLINK-11365 [DTC],0,N/A,N/A,0.0,183.7216208011182,False,0.0,0.0,0.0,79985.05200188376,99.9813150023547,No suitable server found after deadline/sunset filters,N/A,N/A,N/A
2151,CPU_and_Data_Intensive,Rejected,216.23555542574695,N/A,N/A,N/A,0.023763699766706888,0.0,0.0,0.0,STARLINK-11365 [DTC],0,N/A,N/A,0.0,205.61778378102082,False,0.0,0.0,0.0,79985.05200188376,99.9813150023547,No suitable server found after deadline/sunset filters,N/A,N/A,N/A
2158,CPU_and_Data_Intensive,Rejected,216.82794775807892,N/A,N/A,N/A,0.2368632453958745,0.0,0.0,0.0,STARLINK-11365 [DTC],0,N/A,N/A,0.0,335.06408452348467,False,0.0,0.0,0.0,79985.05200188376,99.9813150023547,No suitable server found after deadline/sunset filters,N/A,N/A,N/A
2162,CPU_and_Data_Intensive,Rejected,217.16955593860862,N/A,N/A,N/A,0.31036960000954333,0.0,0.0,0.0,STARLINK-11365 [DTC],0,N/A,N/A,0.0,326.71756597257365,False,0.0,0.0,0.0,79985.05200188376,99.9813150023547,No suitable server found after deadline/sunset filters,N/A,N/A,N/A
2179,CPU_and_Data_Intensive,Rejected,219.3122219058168,N/A,N/A,N/A,0.19601678538154946,0.0,0.0,0.0,STARLINK-11365 [DTC],0,N/A,N/A,0.0,342.549756775775,False,0.0,0.0,0.0,79985.05200188376,99.9813150023547,No suitable server found after deadline/sunset filters,N/A,N/A,N/A
2182,CPU_and_Data_Intensive,Rejected,219.65958765541552,N/A,N/A,N/A,0.4707467991734692,0.0,0.0,0.0,STARLINK-11365 [DTC],0,N/A,N/A,0.0,470.942625586134,False,0.0,0.0,0.0,79985.05200188376,99.9813150023547,No suitable server found after deadline/sunset filters,N/A,N/A,N/A
2195,Generic_Service,Rejected,220.98835354897787,N/A,N/A,N/A,0.0028908533208239964,0.0,0.0,0.0,STARLINK-11365 [DTC],0,N/A,N/A,0.0,0.0837970034222523,False,0.0,0.0,0.0,79985.05200188376,99.9813150023547,No suitable server found after deadline/sunset filters,N/A,N/A,N/A
2212,CPU_and_Data_Intensive,Rejected,222.49993676729196,N/A,N/A,N/A,0.001207261295620688,0.0,0.0,0.0,STARLINK-11365 [DTC],0,N/A,N/A,0.0,1.2334037956705137,False,0.0,0.0,0.0,79985.05200188376,99.9813150023547,No suitable server found after deadline/sunset filters,N/A,N/A,N/A
2213,CPU_and_Data_Intensive,Rejected,222.5492976932056,N/A,N/A,N/A,0.149461830198085,0.0,0.0,0.0,STARLINK-11365 [DTC],0,N/A,N/A,0.0,304.1986643338208,False,0.0,0.0,0.0,79985.05200188376,99.9813150023547,No suitable server found after deadline/sunset filters,N/A,N/A,N/A
2218,CPU_and_Data_Intensive,Rejected,223.09538624397518,N/A,N/A,N/A,0.07441157002864665,0.0,0.0,0.0,STARLINK-11365 [DTC],0,N/A,N/A,0.0,154.0023069116389,False,0.0,0.0,0.0,79985.05200188376,99.9813150023547,No suitable server found after deadline/sunset filters,N/A,N/A,N/A
2231,CPU_and_Data_Intensive,Rejected,224.1069117973839,N/A,N/A,N/A,0.11651290022102327,0.0,0.0,0.0,STARLINK-11365 [DTC],0,N/A,N/A,0.0,234.72118687668626,False,0.0,0.0,0.0,79985.05200188376,99.9813150023547,No suitable server found after deadline/sunset filters,N/A,N/A,N/A
2256,CPU_and_Data_Intensive,Rejected,227.39499516546815,N/A,N/A,N/A,0.026446298515614804,0.0,0.0,0.0,STARLINK-11365 [DTC],0,N/A,N/A,0.0,18.73862596471549,False,0.0,0.0,0.0,79985.05200188376,99.9813150023547,No suitable server found after deadline/sunset filters,N/A,N/A,N/A
2260,CPU_and_Data_Intensive,Rejected,227.6848870331655,N/A,N/A,N/A,0.03200738358116094,0.0,0.0,0.0,STARLINK-11365 [DTC],0,N/A,N/A,0.0,16.263675450309385,False,0.0,0.0,0.0,79985.05200188376,99.9813150023547,No suitable server found after deadline/sunset filters,N/A,N/A,N/A
2267,CPU_Intensive,Rejected,228.81573716535854,N/A,N/A,N/A,0.004110537413482956,0.0,0.0,0.0,STARLINK-11365 [DTC],0,N/A,N/A,0.0,0.0372803676387325,False,0.0,0.0,0.0,79985.05200188376,99.9813150023547,No suitable server found after deadline/sunset filters,N/A,N/A,N/A
2269,CPU_and_Data_Intensive,Rejected,229.267562744961,N/A,N/A,N/A,0.345076338856699,0.0,0.0,0.0,STARLINK-11365 [DTC],0,N/A,N/A,0.0,289.07742830232525,False,0.0,0.0,0.0,79985.05200188376,99.9813150023547,No suitable server found after deadline/sunset filters,N/A,N/A,N/A
2288,Generic_Service,Rejected,231.11077665977714,N/A,N/A,N/A,0.006152776160621045,0.0,0.0,0.0,STARLINK-11365 [DTC],0,N/A,N/A,0.0,0.06713388862671467,False,0.0,0.0,0.0,79985.05200188376,99.9813150023547,No suitable server found after deadline/sunset filters,N/A,N/A,N/A
2289,CPU_and_Data_Intensive,Rejected,231.13672358862797,N/A,N/A,N/A,0.029362909241155054,0.0,0.0,0.0,STARLINK-11365 [DTC],0,N/A,N/A,0.0,23.05150037732085,False,0.0,0.0,0.0,79985.05200188376,99.9813150023547,No suitable server found after deadline/sunset filters,N/A,N/A,N/A
2301,Generic_Service,Rejected,233.02264539148692,N/A,N/A,N/A,0.002083768562953068,0.0,0.0,0.0,STARLINK-11365 [DTC],0,N/A,N/A,0.0,0.08390063492525052,False,0.0,0.0,0.0,79985.05200188376,99.9813150023547,No suitable server found after deadline/sunset filters,N/A,N/A,N/A
2303,CPU_and_Data_Intensive,Rejected,233.1174711321061,N/A,N/A,N/A,0.10479351246834638,0.0,0.0,0.0,STARLINK-11365 [DTC],0,N/A,N/A,0.0,293.0596857723737,False,0.0,0.0,0.0,79985.05200188376,99.9813150023547,No suitable server found after deadline/sunset filters,N/A,N/A,N/A
2307,CPU_and_Data_Intensive,Rejected,233.3920446530003,N/A,N/A,N/A,0.00949796200658608,0.0,0.0,0.0,STARLINK-11365 [DTC],0,N/A,N/A,0.0,177.77626563662704,False,0.0,0.0,0.0,79985.05200188376,99.9813150023547,No suitable server found after deadline/sunset filters,N/A,N/A,N/A
2316,CPU_and_Data_Intensive,Rejected,234.5202523303943,N/A,N/A,N/A,0.15126283032996315,0.0,0.0,0.0,STARLINK-11365 [DTC],0,N/A,N/A,0.0,447.56222060048816,False,0.0,0.0,0.0,79985.05200188376,99.9813150023547,No suitable server found after deadline/sunset filters,N/A,N/A,N/A
2325,Generic_Service,Rejected,235.18397719905195,N/A,N/A,N/A,0.0011807137911182093,0.0,0.0,0.0,STARLINK-11365 [DTC],0,N/A,N/A,0.0,0.06520413869822493,False,0.0,0.0,0.0,79985.05200188376,99.9813150023547,No suitable server found after deadline/sunset filters,N/A,N/A,N/A
2328,Generic_Service,Rejected,235.66644042634587,N/A,N/A,N/A,0.005737132911513433,0.0,0.0,0.0,STARLINK-11365 [DTC],0,N/A,N/A,0.0,0.022755797807528042,False,0.0,0.0,0.0,79985.05200188376,99.9813150023547,No suitable server found after deadline/sunset filters,N/A,N/A,N/A
2345,Generic_Service,Rejected,237.39571304368116,N/A,N/A,N/A,0.0059516153608405765,0.0,0.0,0.0,STARLINK-11365 [DTC],0,N/A,N/A,0.0,0.06755810262317553,False,0.0,0.0,0.0,79985.05200188376,99.9813150023547,No suitable server found after deadline/sunset filters,N/A,N/A,N/A
2348,CPU_and_Data_Intensive,Rejected,237.71473286673043,N/A,N/A,N/A,0.06353969200981115,0.0,0.0,0.0,STARLINK-11365 [DTC],0,N/A,N/A,0.0,306.0471092311476,False,0.0,0.0,0.0,79985.05200188376,99.9813150023547,No suitable server found after deadline/sunset filters,N/A,N/A,N/A
2365,CPU_and_Data_Intensive,Rejected,239.19610832842187,N/A,N/A,N/A,0.17907524850783718,0.0,0.0,0.0,STARLINK-11365 [DTC],0,N/A,N/A,0.0,355.5490957788717,False,0.0,0.0,0.0,79985.05200188376,99.9813150023547,No suitable server found after deadline/sunset filters,N/A,N/A,N/A
2377,CPU_and_Data_Intensive,Rejected,240.58210979997128,N/A,N/A,N/A,0.4783849364091393,0.0,0.0,0.0,STARLINK-11365 [DTC],0,N/A,N/A,0.0,343.37529124790274,False,0.0,0.0,0.0,79985.05200188376,99.9813150023547,No suitable server found after deadline/sunset filters,N/A,N/A,N/A
2387,CPU_and_Data_Intensive,Rejected,241.55263631559436,N/A,N/A,N/A,0.039851244117696125,0.0,0.0,0.0,STARLINK-11365 [DTC],0,N/A,N/A,0.0,404.8216090931995,False,0.0,0.0,0.0,79985.05200188376,99.9813150023547,No suitable server found after deadline/sunset filters,N/A,N/A,N/A
2397,CPU_and_Data_Intensive,Rejected,242.83225870432,N/A,N/A,N/A,0.32571330834645484,0.0,0.0,0.0,STARLINK-11365 [DTC],0,N/A,N/A,0.0,244.70852577029655,False,0.0,0.0,0.0,79985.05200188376,99.9813150023547,No suitable server found after deadline/sunset filters,N/A,N/A,N/A
2414,Generic_Service,Rejected,244.37931836785575,N/A,N/A,N/A,0.004492577142004411,0.0,0.0,0.0,STARLINK-11365 [DTC],0,N/A,N/A,0.0,0.06676064708433324,False,0.0,0.0,0.0,79985.05200188376,99.9813150023547,No suitable server found after deadline/sunset filters,N/A,N/A,N/A
2430,CPU_and_Data_Intensive,Rejected,245.29089106086354,N/A,N/A,N/A,0.032144342819338735,0.0,0.0,0.0,STARLINK-11365 [DTC],0,N/A,N/A,0.0,254.82859987226283,False,0.0,0.0,0.0,79985.05200188376,99.9813150023547,No suitable server found after deadline/sunset filters,N/A,N/A,N/A
2432,CPU_and_Data_Intensive,Rejected,245.6078537988914,N/A,N/A,N/A,0.01846196665129259,0.0,0.0,0.0,STARLINK-11365 [DTC],0,N/A,N/A,0.0,12.646455041683982,False,0.0,0.0,0.0,79985.05200188376,99.9813150023547,No suitable server found after deadline/sunset filters,N/A,N/A,N/A
2437,CPU_and_Data_Intensive,Rejected,246.00730190801715,N/A,N/A,N/A,0.05601314534692389,0.0,0.0,0.0,STARLINK-11365 [DTC],0,N/A,N/A,0.0,413.62554034700395,False,0.0,0.0,0.0,79985.05200188376,99.9813150023547,No suitable server found after deadline/sunset filters,N/A,N/A,N/A
2442,Generic_Service,Rejected,246.4193525360357,N/A,N/A,N/A,0.0023417518514368,0.0,0.0,0.0,STARLINK-11365 [DTC],0,N/A,N/A,0.0,0.02449141080533738,False,0.0,0.0,0.0,79985.05200188376,99.9813150023547,No suitable server found after deadline/sunset filters,N/A,N/A,N/A
2457,CPU_and_Data_Intensive,Rejected,247.39415128889516,N/A,N/A,N/A,0.09361288892439112,0.0,0.0,0.0,STARLINK-11365 [DTC],0,N/A,N/A,0.0,487.41077456796535,False,0.0,0.0,0.0,79985.05200188376,99.9813150023547,No suitable server found after deadline/sunset filters,N/A,N/A,N/A
2461,CPU_and_Data_Intensive,Rejected,247.71075446467057,N/A,N/A,N/A,0.1516116608206942,0.0,0.0,0.0,STARLINK-11365 [DTC],0,N/A,N/A,0.0,469.46542500950954,False,0.0,0.0,0.0,79985.05200188376,99.9813150023547,No suitable server found after deadline/sunset filters,N/A,N/A,N/A
2467,CPU_and_Data_Intensive,Rejected,247.98059670889523,N/A,N/A,N/A,0.1603284734504821,0.0,0.0,0.0,STARLINK-11365 [DTC],0,N/A,N/A,0.0,379.44085412622337,False,0.0,0.0,0.0,79985.05200188376,99.9813150023547,No suitable server found after deadline/sunset filters,N/A,N/A,N/A
2469,CPU_Intensive,Rejected,248.17147854050603,N/A,N/A,N/A,0.007098009736127001,0.0,0.0,0.0,STARLINK-11365 [DTC],0,N/A,N/A,0.0,0.06112198292068257,False,0.0,0.0,0.0,79985.05200188376,99.9813150023547,No suitable server found after deadline/sunset filters,N/A,N/A,N/A
2470,CPU_and_Data_Intensive,Rejected,248.25812355435284,N/A,N/A,N/A,0.21480134930644101,0.0,0.0,0.0,STARLINK-11365 [DTC],0,N/A,N/A,0.0,396.81121501288123,False,0.0,0.0,0.0,79985.05200188376,99.9813150023547,No suitable server found after deadline/sunset filters,N/A,N/A,N/A
2475,Generic_Service,Rejected,248.49062739238212,N/A,N/A,N/A,0.007306939341868404,0.0,0.0,0.0,STARLINK-11365 [DTC],0,N/A,N/A,0.0,0.04388620465030969,False,0.0,0.0,0.0,79985.05200188376,99.9813150023547,No suitable server found after deadline/sunset filters,N/A,N/A,N/A
2477,CPU_and_Data_Intensive,Rejected,248.77980108928173,N/A,N/A,N/A,0.040145646633035596,0.0,0.0,0.0,STARLINK-11365 [DTC],0,N/A,N/A,0.0,492.43368389807216,False,0.0,0.0,0.0,79985.05200188376,99.9813150023547,No suitable server found after deadline/sunset filters,N/A,N/A,N/A
2485,CPU_and_Data_Intensive,Rejected,249.45751094676976,N/A,N/A,N/A,0.06998019419330483,0.0,0.0,0.0,STARLINK-11365 [DTC],0,N/A,N/A,0.0,352.7123804682111,False,0.0,0.0,0.0,79985.05200188376,99.9813150023547,No suitable server found after deadline/sunset filters,N/A,N/A,N/A
2497,CPU_and_Data_Intensive,Rejected,250.3051119212001,N/A,N/A,N/A,0.2711117672280323,0.0,0.0,0.0,STARLINK-11365 [DTC],0,N/A,N/A,0.0,457.0860684212237,False,0.0,0.0,0.0,79985.05200188376,99.9813150023547,No suitable server found after deadline/sunset filters,N/A,N/A,N/A
2502,CPU_and_Data_Intensive,Rejected,250.5506156811978,N/A,N/A,N/A,0.210299041505215,0.0,0.0,0.0,STARLINK-11365 [DTC],0,N/A,N/A,0.0,145.54733162471396,False,0.0,0.0,0.0,79985.05200188376,99.9813150023547,No suitable server found after deadline/sunset filters,N/A,N/A,N/A
2503,Generic_Service,Rejected,250.57264014808686,N/A,N/A,N/A,0.001811005190239509,0.0,0.0,0.0,STARLINK-11365 [DTC],0,N/A,N/A,0.0,0.08106621136447509,False,0.0,0.0,0.0,79985.05200188376,99.9813150023547,No suitable server found after deadline/sunset filters,N/A,N/A,N/A
2508,CPU_and_Data_Intensive,Rejected,251.25747561038108,N/A,N/A,N/A,0.35186613001017564,0.0,0.0,0.0,STARLINK-11365 [DTC],0,N/A,N/A,0.0,348.8728648044511,False,0.0,0.0,0.0,79985.05200188376,99.9813150023547,No suitable server found after deadline/sunset filters,N/A,N/A,N/A
2510,CPU_and_Data_Intensive,Rejected,251.37926247384314,N/A,N/A,N/A,0.11070569967271368,0.0,0.0,0.0,STARLINK-11365 [DTC],0,N/A,N/A,0.0,473.3055593686765,False,0.0,0.0,0.0,79985.05200188376,99.9813150023547,No suitable server found after deadline/sunset filters,N/A,N/A,N/A
2513,CPU_and_Data_Intensive,Rejected,251.70012527861897,N/A,N/A,N/A,0.08640322123357133,0.0,0.0,0.0,STARLINK-11365 [DTC],0,N/A,N/A,0.0,482.4487062359302,False,0.0,0.0,0.0,79985.05200188376,99.9813150023547,No suitable server found after deadline/sunset filters,N/A,N/A,N/A
2521,Generic_Service,Rejected,252.25763829360002,N/A,N/A,N/A,0.002590157842994133,0.0,0.0,0.0,STARLINK-11365 [DTC],0,N/A,N/A,0.0,0.07948952649100473,False,0.0,0.0,0.0,79985.05200188376,99.9813150023547,No suitable server found after deadline/sunset filters,N/A,N/A,N/A
2525,CPU_and_Data_Intensive,Rejected,252.69732169173636,N/A,N/A,N/A,0.05819429706782626,0.0,0.0,0.0,STARLINK-11365 [DTC],0,N/A,N/A,0.0,378.1120765719623,False,0.0,0.0,0.0,79985.05200188376,99.9813150023547,No suitable server found after deadline/sunset filters,N/A,N/A,N/A
2528,CPU_and_Data_Intensive,Rejected,252.95350208535126,N/A,N/A,N/A,0.09739890149517527,0.0,0.0,0.0,STARLINK-11365 [DTC],0,N/A,N/A,0.0,355.00756331130333,False,0.0,0.0,0.0,79985.05200188376,99.9813150023547,No suitable server found after deadline/sunset filters,N/A,N/A,N/A
2529,CPU_and_Data_Intensive,Rejected,252.9622338199817,N/A,N/A,N/A,0.0034625946276712707,0.0,0.0,0.0,STARLINK-11365 [DTC],0,N/A,N/A,0.0,1.6402448531332632,False,0.0,0.0,0.0,79985.05200188376,99.9813150023547,No suitable server found after deadline/sunset filters,N/A,N/A,N/A
2548,CPU_and_Data_Intensive,Rejected,254.85286803071494,N/A,N/A,N/A,0.2678980170002165,0.0,0.0,0.0,STARLINK-11365 [DTC],0,N/A,N/A,0.0,448.6157926887776,False,0.0,0.0,0.0,79985.05200188376,99.9813150023547,No suitable server found after deadline/sunset filters,N/A,N/A,N/A
2585,Generic_Service,Rejected,259.0027879800139,N/A,N/A,N/A,0.0005549614631039279,0.0,0.0,0.0,STARLINK-11365 [DTC],0,N/A,N/A,0.0,0.018527552155200144,False,0.0,0.0,0.0,79985.05200188376,99.9813150023547,No suitable server found after deadline/sunset filters,N/A,N/A,N/A
2586,CPU_and_Data_Intensive,Rejected,259.0767762575558,N/A,N/A,N/A,0.3025878129574232,0.0,0.0,0.0,STARLINK-11365 [DTC],0,N/A,N/A,0.0,418.9227461626189,False,0.0,0.0,0.0,79985.05200188376,99.9813150023547,No suitable server found after deadline/sunset filters,N/A,N/A,N/A
2598,CPU_and_Data_Intensive,Rejected,260.3817383829219,N/A,N/A,N/A,0.2542348945816659,0.0,0.0,0.0,STARLINK-11365 [DTC],0,N/A,N/A,0.0,490.0369552478972,False,0.0,0.0,0.0,79985.05200188376,99.9813150023547,No suitable server found after deadline/sunset filters,N/A,N/A,N/A
2614,CPU_and_Data_Intensive,Rejected,261.4762080335158,N/A,N/A,N/A,0.23340946311262029,0.0,0.0,0.0,STARLINK-11365 [DTC],0,N/A,N/A,0.0,492.7974521431641,False,0.0,0.0,0.0,79985.05200188376,99.9813150023547,No suitable server found after deadline/sunset filters,N/A,N/A,N/A
2622,Generic_Service,Rejected,262.46566731031425,N/A,N/A,N/A,0.0021969792527719197,0.0,0.0,0.0,STARLINK-11365 [DTC],0,N/A,N/A,0.0,0.07966399248510468,False,0.0,0.0,0.0,79985.05200188376,99.9813150023547,No suitable server found after deadline/sunset filters,N/A,N/A,N/A
2631,CPU_and_Data_Intensive,Rejected,263.16129621274376,N/A,N/A,N/A,0.10705003323485358,0.0,0.0,0.0,STARLINK-11365 [DTC],0,N/A,N/A,0.0,137.8125959658922,False,0.0,0.0,0.0,79985.05200188376,99.9813150023547,No suitable server found after deadline/sunset filters,N/A,N/A,N/A
2632,Generic_Service,Rejected,263.2843498813733,N/A,N/A,N/A,0.0070624982072951415,0.0,0.0,0.0,STARLINK-11365 [DTC],0,N/A,N/A,0.0,0.07578610409437526,False,0.0,0.0,0.0,79985.05200188376,99.9813150023547,No suitable server found after deadline/sunset filters,N/A,N/A,N/A
2644,CPU_and_Data_Intensive,Rejected,263.94793339023516,N/A,N/A,N/A,0.22030586690727405,0.0,0.0,0.0,STARLINK-11365 [DTC],0,N/A,N/A,0.0,489.9023290484233,False,0.0,0.0,0.0,79985.05200188376,99.9813150023547,No suitable server found after deadline/sunset filters,N/A,N/A,N/A
2645,Generic_Service,Rejected,264.0242912213876,N/A,N/A,N/A,0.0008293606164192279,0.0,0.0,0.0,STARLINK-11365 [DTC],0,N/A,N/A,0.0,0.08483036044918191,False,0.0,0.0,0.0,79985.05200188376,99.9813150023547,No suitable server found after deadline/sunset filters,N/A,N/A,N/A
2647,CPU_and_Data_Intensive,Rejected,264.1717099535308,N/A,N/A,N/A,0.30259481341301564,0.0,0.0,0.0,STARLINK-11365 [DTC],0,N/A,N/A,0.0,299.875713269644,False,0.0,0.0,0.0,79985.05200188376,99.9813150023547,No suitable server found after deadline/sunset filters,N/A,N/A,N/A
2658,Generic_Service,Rejected,265.490795386516,N/A,N/A,N/A,0.002685896905875741,0.0,0.0,0.0,STARLINK-11365 [DTC],0,N/A,N/A,0.0,0.01488573359570999,False,0.0,0.0,0.0,79985.05200188376,99.9813150023547,No suitable server found after deadline/sunset filters,N/A,N/A,N/A
2667,CPU_and_Data_Intensive,Rejected,266.3950465576039,N/A,N/A,N/A,0.11816690851286268,0.0,0.0,0.0,STARLINK-11365 [DTC],0,N/A,N/A,0.0,423.0875876916847,False,0.0,0.0,0.0,79985.05200188376,99.9813150023547,No suitable server found after deadline/sunset filters,N/A,N/A,N/A
2683,CPU_and_Data_Intensive,Rejected,268.29808655035816,N/A,N/A,N/A,0.11329053678727537,0.0,0.0,0.0,STARLINK-11365 [DTC],0,N/A,N/A,0.0,156.79490696304356,False,0.0,0.0,0.0,79985.05200188376,99.9813150023547,No suitable server found after deadline/sunset filters,N/A,N/A,N/A
2703,Generic_Service,Rejected,269.9898028385432,N/A,N/A,N/A,0.0005125472330502918,0.0,0.0,0.0,STARLINK-11365 [DTC],0,N/A,N/A,0.0,0.03617637598672958,False,0.0,0.0,0.0,79985.05200188376,99.9813150023547,No suitable server found after deadline/sunset filters,N/A,N/A,N/A
2705,CPU_and_Data_Intensive,Rejected,270.11255120698655,N/A,N/A,N/A,0.30124503966822636,0.0,0.0,0.0,STARLINK-11365 [DTC],0,N/A,N/A,0.0,331.71552245420713,False,0.0,0.0,0.0,79985.05200188376,99.9813150023547,No suitable server found after deadline/sunset filters,N/A,N/A,N/A
2709,Generic_Service,Rejected,270.45086616407326,N/A,N/A,N/A,0.0010433869061949926,0.0,0.0,0.0,STARLINK-11365 [DTC],0,N/A,N/A,0.0,0.07688144767560638,False,0.0,0.0,0.0,79985.05200188376,99.9813150023547,No suitable server found after deadline/sunset filters,N/A,N/A,N/A
2734,Generic_Service,Rejected,272.456785278617,N/A,N/A,N/A,0.0014915963203085932,0.0,0.0,0.0,STARLINK-11365 [DTC],0,N/A,N/A,0.0,0.06633735020518172,False,0.0,0.0,0.0,79985.05200188376,99.9813150023547,No suitable server found after deadline/sunset filters,N/A,N/A,N/A
2735,Generic_Service,Rejected,272.6822589804671,N/A,N/A,N/A,0.0016723400922275542,0.0,0.0,0.0,STARLINK-11365 [DTC],0,N/A,N/A,0.0,0.058528161988486344,False,0.0,0.0,0.0,79985.05200188376,99.9813150023547,No suitable server found after deadline/sunset filters,N/A,N/A,N/A
2757,CPU_and_Data_Intensive,Rejected,275.43953577018755,N/A,N/A,N/A,0.06931117037974838,0.0,0.0,0.0,STARLINK-11365 [DTC],0,N/A,N/A,0.0,473.92045203974914,False,0.0,0.0,0.0,79985.05200188376,99.9813150023547,No suitable server found after deadline/sunset filters,N/A,N/A,N/A
2765,Generic_Service,Rejected,275.94756428176066,N/A,N/A,N/A,0.004348041902459209,0.0,0.0,0.0,STARLINK-11365 [DTC],0,N/A,N/A,0.0,0.05575971090920546,False,0.0,0.0,0.0,79985.05200188376,99.9813150023547,No suitable server found after deadline/sunset filters,N/A,N/A,N/A
2787,Generic_Service,Rejected,278.5922963391376,N/A,N/A,N/A,0.002548192663372704,0.0,0.0,0.0,STARLINK-11365 [DTC],0,N/A,N/A,0.0,0.025370603456643596,False,0.0,0.0,0.0,79985.05200188376,99.9813150023547,No suitable server found after deadline/sunset filters,N/A,N/A,N/A
2796,Generic_Service,Rejected,279.6100286358111,N/A,N/A,N/A,0.006743337342111532,0.0,0.0,0.0,STARLINK-11365 [DTC],0,N/A,N/A,0.0,0.047848190820672855,False,0.0,0.0,0.0,79985.05200188376,99.9813150023547,No suitable server found after deadline/sunset filters,N/A,N/A,N/A
2801,CPU_and_Data_Intensive,Rejected,279.9991357879125,N/A,N/A,N/A,0.20688241562440293,0.0,0.0,0.0,STARLINK-11365 [DTC],0,N/A,N/A,0.0,349.9846185777079,False,0.0,0.0,0.0,79985.05200188376,99.9813150023547,No suitable server found after deadline/sunset filters,N/A,N/A,N/A
2816,Generic_Service,Rejected,281.19439200684167,N/A,N/A,N/A,0.003930697636874036,0.0,0.0,0.0,STARLINK-11365 [DTC],0,N/A,N/A,0.0,0.013553204206519488,False,0.0,0.0,0.0,79985.05200188376,99.9813150023547,No suitable server found after deadline/sunset filters,N/A,N/A,N/A
2817,CPU_and_Data_Intensive,Rejected,281.2692907110689,N/A,N/A,N/A,0.02239597017717183,0.0,0.0,0.0,STARLINK-11365 [DTC],0,N/A,N/A,0.0,20.090307019286385,False,0.0,0.0,0.0,79985.05200188376,99.9813150023547,No suitable server found after deadline/sunset filters,N/A,N/A,N/A
2823,CPU_and_Data_Intensive,Rejected,281.68711475826103,N/A,N/A,N/A,0.004069710958554692,0.0,0.0,0.0,STARLINK-11365 [DTC],0,N/A,N/A,0.0,453.14959197582,False,0.0,0.0,0.0,79985.05200188376,99.9813150023547,No suitable server found after deadline/sunset filters,N/A,N/A,N/A
2829,CPU_and_Data_Intensive,Rejected,282.11942238317465,N/A,N/A,N/A,0.049041341245576735,0.0,0.0,0.0,STARLINK-11365 [DTC],0,N/A,N/A,0.0,419.9066577053116,False,0.0,0.0,0.0,79985.05200188376,99.9813150023547,No suitable server found after deadline/sunset filters,N/A,N/A,N/A
2833,CPU_and_Data_Intensive,Rejected,282.40634779983515,N/A,N/A,N/A,0.4524917965201914,0.0,0.0,0.0,STARLINK-11365 [DTC],0,N/A,N/A,0.0,324.40940317273305,False,0.0,0.0,0.0,79985.05200188376,99.9813150023547,No suitable server found after deadline/sunset filters,N/A,N/A,N/A
2838,CPU_and_Data_Intensive,Rejected,282.57348927312,N/A,N/A,N/A,0.165178880365343,0.0,0.0,0.0,STARLINK-11365 [DTC],0,N/A,N/A,0.0,224.65428851459285,False,0.0,0.0,0.0,79985.05200188376,99.9813150023547,No suitable server found after deadline/sunset filters,N/A,N/A,N/A
2871,CPU_and_Data_Intensive,Rejected,285.75447848809563,N/A,N/A,N/A,0.00808434939906013,0.0,0.0,0.0,STARLINK-11365 [DTC],0,N/A,N/A,0.0,449.14449105848956,False,0.0,0.0,0.0,79985.05200188376,99.9813150023547,No suitable server found after deadline/sunset filters,N/A,N/A,N/A
2877,CPU_and_Data_Intensive,Rejected,286.84950087245613,N/A,N/A,N/A,0.16179740928169192,0.0,0.0,0.0,STARLINK-11365 [DTC],0,N/A,N/A,0.0,235.3338370519693,False,0.0,0.0,0.0,79985.05200188376,99.9813150023547,No suitable server found after deadline/sunset filters,N/A,N/A,N/A
2896,CPU_and_Data_Intensive,Rejected,288.34512790226916,N/A,N/A,N/A,0.08981535502864246,0.0,0.0,0.0,STARLINK-11365 [DTC],0,N/A,N/A,0.0,246.751115010822,False,0.0,0.0,0.0,79985.05200188376,99.9813150023547,No suitable server found after deadline/sunset filters,N/A,N/A,N/A
2900,CPU_and_Data_Intensive,Rejected,288.5951373311499,N/A,N/A,N/A,0.19803687526674757,0.0,0.0,0.0,STARLINK-11365 [DTC],0,N/A,N/A,0.0,138.49456071725183,False,0.0,0.0,0.0,79985.05200188376,99.9813150023547,No suitable server found after deadline/sunset filters,N/A,N/A,N/A
2901,Generic_Service,Rejected,288.61700792112947,N/A,N/A,N/A,0.004507255658234304,0.0,0.0,0.0,STARLINK-11365 [DTC],0,N/A,N/A,0.0,0.058893649693944755,False,0.0,0.0,0.0,79985.05200188376,99.9813150023547,No suitable server found after deadline/sunset filters,N/A,N/A,N/A
2913,Generic_Service,Rejected,289.30534663607506,N/A,N/A,N/A,0.006397719012396968,0.0,0.0,0.0,STARLINK-11365 [DTC],0,N/A,N/A,0.0,0.07609843077744154,False,0.0,0.0,0.0,79985.05200188376,99.9813150023547,No suitable server found after deadline/sunset filters,N/A,N/A,N/A
2919,CPU_and_Data_Intensive,Rejected,289.8774575314006,N/A,N/A,N/A,0.07419725405800127,0.0,0.0,0.0,STARLINK-11365 [DTC],0,N/A,N/A,0.0,198.69387085989717,False,0.0,0.0,0.0,79985.05200188376,99.9813150023547,No suitable server found after deadline/sunset filters,N/A,N/A,N/A
2923,CPU_and_Data_Intensive,Rejected,290.29482641445173,N/A,N/A,N/A,0.007061523937735859,0.0,0.0,0.0,STARLINK-11365 [DTC],0,N/A,N/A,0.0,8.590512327183532,False,0.0,0.0,0.0,79985.05200188376,99.9813150023547,No suitable server found after deadline/sunset filters,N/A,N/A,N/A
2947,Generic_Service,Rejected,293.03671743886343,N/A,N/A,N/A,0.003013198038769971,0.0,0.0,0.0,STARLINK-11365 [DTC],0,N/A,N/A,0.0,0.06599500355556652,False,0.0,0.0,0.0,79985.05200188376,99.9813150023547,No suitable server found after deadline/sunset filters,N/A,N/A,N/A
2961,CPU_and_Data_Intensive,Rejected,294.7130817964544,N/A,N/A,N/A,0.040412368438696514,0.0,0.0,0.0,STARLINK-11365 [DTC],0,N/A,N/A,0.0,346.6805386089943,False,0.0,0.0,0.0,79985.05200188376,99.9813150023547,No suitable server found after deadline/sunset filters,N/A,N/A,N/A
2974,CPU_and_Data_Intensive,Rejected,295.66431832681036,N/A,N/A,N/A,0.3125089787447511,0.0,0.0,0.0,STARLINK-11365 [DTC],0,N/A,N/A,0.0,479.6817336509817,False,0.0,0.0,0.0,79985.05200188376,99.9813150023547,No suitable server found after deadline/sunset filters,N/A,N/A,N/A
2981,CPU_and_Data_Intensive,Rejected,296.27573624356114,N/A,N/A,N/A,0.3788099699557682,0.0,0.0,0.0,STARLINK-11365 [DTC],0,N/A,N/A,0.0,306.995288901016,False,0.0,0.0,0.0,79985.05200188376,99.9813150023547,No suitable server found after deadline/sunset filters,N/A,N/A,N/A
2990,CPU_and_Data_Intensive,Rejected,297.35937132522673,N/A,N/A,N/A,0.19897337254218156,0.0,0.0,0.0,STARLINK-11365 [DTC],0,N/A,N/A,0.0,435.15608459123035,False,0.0,0.0,0.0,79985.05200188376,99.9813150023547,No suitable server found after deadline/sunset filters,N/A,N/A,N/A
2994,Generic_Service,Rejected,297.7057188923834,N/A,N/A,N/A,0.006187330644959494,0.0,0.0,0.0,STARLINK-11365 [DTC],0,N/A,N/A,0.0,0.07893221854060342,False,0.0,0.0,0.0,79985.05200188376,99.9813150023547,No suitable server found after deadline/sunset filters,N/A,N/A,N/A
2997,Generic_Service,Rejected,298.2990572752858,N/A,N/A,N/A,0.005073629227738044,0.0,0.0,0.0,STARLINK-11365 [DTC],0,N/A,N/A,0.0,0.021157547042914324,False,0.0,0.0,0.0,79985.05200188376,99.9813150023547,No suitable server found after deadline/sunset filters,N/A,N/A,N/A
2999,CPU_and_Data_Intensive,Rejected,299.1304767257817,N/A,N/A,N/A,0.01376444508630522,0.0,0.0,0.0,STARLINK-11365 [DTC],0,N/A,N/A,0.0,169.38432285777247,False,0.0,0.0,0.0,79985.05200188376,99.9813150023547,No suitable server found after deadline/sunset filters,N/A,N/A,N/A
3001,CPU_and_Data_Intensive,Rejected,299.3520982829031,N/A,N/A,N/A,0.015523741987739974,0.0,0.0,0.0,STARLINK-11365 [DTC],0,N/A,N/A,0.0,419.1919968044696,False,0.0,0.0,0.0,79985.05200188376,99.9813150023547,No suitable server found after deadline/sunset filters,N/A,N/A,N/A
3007,CPU_and_Data_Intensive,Rejected,299.69963315840914,N/A,N/A,N/A,0.185346092457258,0.0,0.0,0.0,STARLINK-11365 [DTC],0,N/A,N/A,0.0,187.83676388640066,False,0.0,0.0,0.0,79985.05200188376,99.9813150023547,No suitable server found after deadline/sunset filters,N/A,N/A,N/A
4000,Batch,Completed,0,0,0.0,0.002878743940245488,0.002878743940245488,0.002878743940245488,0.002878743940245488,0.0,STARLINK-11462 [DTC],0,N/A,0,0.0,6.189299471527799,False,0.0,0.002878743940245488,0.002878743940245488,80000,100.0,N/A,N/A,N/A,N/A
5000,Batch,Completed,0,0,0.0,0.004935079368536515,0.004935079368536515,0.004935079368536515,0.004935079368536515,0.0,STARLINK-11462 [DTC],0,N/A,0,0.0,10.610420642353507,False,0.0,0.004935079368536515,0.004935079368536515,79999.99712125606,99.99999640157007,N/A,N/A,N/A,N/A
3000,Batch,Completed,0,0,0.0,0.11210317312757836,0.11210317312757836,0.11210317312757836,0.11210317312757836,0.0,STARLINK-11462 [DTC],0,N/A,0,0.0,241.0218222242935,False,0.0,0.11210317312757836,0.11210317312757836,79999.99218617669,99.99999023272088,N/A,N/A,N/A,N/A
218,CPU_Intensive,Completed,23.013742891227608,23.01546374248515,23.01546374248515,25.24640827648066,2.230944533995512,2.232665385253055,2.2326653852530534,0.0,STARLINK-11462 [DTC],1,2,4,0.0017208512575432836,0.06588763091227157,False,21922.118689883064,3.0645409726637935e-05,21922.118720528473,58077.7613931205,72.59720174140062,N/A,23.013742891227608,25.413394729889927,2.3996518386623187
401,CPU_Intensive,Completed,42.14775235110731,42.14946384829507,42.14946384829507,44.50513712286061,2.3556732745655395,2.3573847717533014,2.3573847717533027,0.0,STARLINK-11462 [DTC],1,2,4,0.0017114971877620526,0.03815900682553593,False,23157.006959125378,1.774837526769113e-05,23157.006976873752,34920.75443399509,43.650943042493864,N/A,42.14775235110731,44.677286092444604,2.5295337413372962
2,CPU_Intensive,Completed,0.5046031342244578,0.5064830542497184,0.5064830542497184,1.0250229907984931,0.5185399365487747,0.5204198565740353,0.5204198565740353,0.0,STARLINK-32748,1,2,1,0.0018799200252605653,0.07222435552314818,False,5078.604086627014,3.359272349913869e-05,5078.6041202197375,74921.39591337298,93.65174489171622,N/A,0.5046031342244578,1.204396832032672,0.6997936978082141
64,CPU_and_Data_Intensive,Completed,7.916013482172776,7.918642319312335,7.918642319312335,8.863844592951029,0.945202273638694,0.947831110778253,0.9478311107782531,0.0,STARLINK-32748,1,2,2,0.0026288371395589444,1.7755115355332447,False,9288.024190113858,0.0008258193188526719,9288.025015933177,65633.37089743979,82.04171362179974,N/A,7.916013482172776,8.972063215052438,1.0560497328796625
71,CPU_Intensive,Completed,8.78606131894733,8.787918652556334,8.787918652556334,9.288981900132336,0.5010632475760026,0.5029205811850064,0.5029205811850073,0.0,STARLINK-32748,1,2,2,0.0018573336090037752,0.020855315454403153,False,4921.855350989903,9.70014672297821e-06,4921.85536069005,60711.515546449285,75.88939443306161,N/A,8.78606131894733,9.474612773066784,0.6885514541194553
146,CPU_and_Data_Intensive,Completed,17.032580293880315,17.035081858806684,17.035081858806684,18.10731227918751,1.0722304203808264,1.0747319853071955,1.0747319853071957,0.0,STARLINK-32748,1,2,2,0.002501564926369046,1.4860520947499252,False,10538.68113142641,0.0006911870208139186,10538.681822613431,50172.83372383584,62.716042154794806,N/A,17.032580293880315,18.24680803074599,1.2142277368656735
191,CPU_Intensive,Completed,20.367227495444435,20.369101917795927,20.369101917795927,20.485616308005145,0.11651439020921828,0.11838881256071061,0.11838881256070977,0.0,STARLINK-32748,1,2,1,0.0018744223514923395,0.059720812647018603,False,1128.3322314969214,2.7777122161404e-05,1128.3322592740435,49044.50149233827,61.30562686542284,N/A,20.367227495444435,20.675186364481917,0.30795886903748126
195,CPU_and_Data_Intensive,Completed,20.714856805729045,20.716785940125902,20.716785940125902,20.879024465014894,0.16223852488899126,0.16416765928584845,0.1641676592858481,0.0,STARLINK-32748,1,2,2,0.0019291343968571742,0.1841542428395691,False,1594.7875325005316,8.565313620445074e-05,1594.7876181536678,47449.713874184585,59.31214234273073,N/A,20.714856805729045,21.07862324711334,0.36376644138429626
201,Generic_Service,Completed,21.129994929613837,21.131878356831827,21.131878356831827,21.286410265737352,0.15453190890552548,0.15641533612351596,0.15641533612351566,0.0,STARLINK-32748,1,2,1,0.001883427217990484,0.08020088096320474,False,1496.2033170403279,3.7302735331723134e-05,1496.2033543430632,45953.510557144196,57.44188819643025,N/A,21.129994929613837,21.58288180162238,0.4528868720085448
210,CPU_Intensive,Completed,21.85146391895927,21.85334583502513,21.85334583502513,22.120177275224677,0.26683144019954597,0.2687133562654088,0.26871335626540827,0.0,STARLINK-32748,1,2,1,0.0018819160658628462,0.07676401726105546,False,2601.6916102541118,3.570419407490951e-05,2601.691645958306,43351.818946890045,54.18977368361255,N/A,21.85146391895927,22.285676474634002,0.4342125556747334
213,CPU_and_Data_Intensive,Completed,22.050959317192714,22.06176278390635,22.06176278390635,23.16623606442437,1.1044732805180217,1.1152767472316563,1.1152767472316576,0.0,STARLINK-32748,1,2,3,0.010803466713634555,20.367344315184436,False,10769.420757648726,0.009473183402411366,10769.43023083213,32582.38871605788,40.72798589507235,N/A,22.050959317192714,23.29199494355227,1.241035626359558
294,CPU_and_Data_Intensive,Completed,31.30183851871044,31.30389389375251,31.30389389375251,31.693389723954482,0.3894958302019731,0.39155120524404335,0.39155120524404197,0.0,STARLINK-32748,1,2,2,0.002055375042070235,0.4712675541558067,False,3828.5694176186985,0.00021919421123525891,3828.5696368129097,28753.819079236502,35.94227384904563,N/A,31.30183851871044,31.860685499689797,0.5588469809793573
315,CPU_and_Data_Intensive,Completed,33.628277946414215,33.63069716541689,33.63069716541689,34.33853719832042,0.7078400329035262,0.7102592519061994,0.7102592519062014,0.0,STARLINK-32748,1,2,2,0.002419219002673278,1.2987700130892705,False,6955.726836710093,0.0006040790758554747,6955.727440789169,21798.09163844717,27.247614548058962,N/A,33.628277946414215,34.47951701679783,0.8512390703836132
321,Generic_Service,Completed,34.33625027070979,34.33811197356527,34.33811197356527,34.54688574440874,0.2087737708434716,0.21063547369894942,0.2106354736989502,0.0,STARLINK-32748,1,2,1,0.0018617028554778314,0.030792438486417315,False,2044.2350439489505,1.4322064412287124e-05,2044.2350582710149,19753.85659449779,24.692320743122238,N/A,34.33625027070979,34.682690985073535,0.34644071436374446
365,CPU_and_Data_Intensive,Completed,39.07272219652742,39.08466149328916,39.08466149328916,39.53710187974761,0.45244038645844853,0.4643796832201894,0.4643796832201872,0.0,STARLINK-32748,1,2,2,0.011939296761740884,22.95060048956393,False,4344.803793979134,0.010674697902122757,4344.814468677036,15409.042125820743,19.261302657275927,N/A,39.07272219652742,39.72799977078041,0.6552775742529846
394,CPU_and_Data_Intensive,Completed,41.38709995129974,41.39644037146623,41.39644037146623,41.49787161531462,0.10143124384839552,0.11077166401488558,0.1107716640148837,0.0,STARLINK-32748,1,2,2,0.009340420166490056,17.039888739751532,False,919.6367946801444,0.007925529646396062,919.6447202097908,14489.39740560082,18.111746757001022,N/A,41.38709995129974,41.75157780151707,0.3644778502173338
405,CPU_and_Data_Intensive,Completed,42.72672187264365,42.7290809744303,42.7290809744303,43.465025925877484,0.7359449514471805,0.7383040532338326,0.7383040532338327,0.0,STARLINK-32748,1,2,2,0.0023591017866520956,1.1620434229342198,False,7232.7665940077895,0.0005404853129926604,7232.767134493102,7256.630271101678,9.070787838877099,N/A,42.72672187264365,43.66564790601514,0.9389260333714873
416,Generic_Service,Completed,43.45010591564335,43.45198040119946,43.45198040119946,43.52461167326895,0.07263127206949349,0.07450575762560216,0.07450575762560163,0.0,STARLINK-32748,1,2,2,0.00187448555610867,0.059864561014705546,False,696.6956094874985,2.7843981867304907e-05,696.6956373314804,6559.934661614179,8.199918327017725,N/A,43.45010591564335,43.86882187366788,0.418715958024535
457,CPU_Intensive,Completed,47.158308681087,47.16016928297945,47.16016928297945,47.348038580208126,0.18786929722867285,0.1897298991211248,0.1897298991211258,0.0,STARLINK-32748,1,2,1,0.0018606018924519736,0.02828848154404536,False,1839.3755331348284,1.3157433276300168e-05,1839.3755462922618,4720.559128478943,5.900698910598679,N/A,47.158308681087,47.495364527239154,0.337055846152154
472,CPU_and_Data_Intensive,Completed,48.35196895130375,48.3544778838197,48.3544778838197,48.582311162073104,0.2278332782534065,0.23034221076935257,0.23034221076935069,0.0,STARLINK-32748,1,2,2,0.002508932515946081,1.5028084495381269,False,2233.8854814413453,0.0006989806742037799,2233.8861804220196,2486.672948056912,3.10834118507114,N/A,48.35196895130375,48.7087721839878,0.3568032326840438
509,CPU_Intensive,Completed,52.523506086541616,52.52537465692713,52.52537465692713,52.63940493330105,0.11403027637392427,0.115898846759439,0.11589884675943551,0.0,STARLINK-32748,1,2,1,0.001868570385514735,0.046411491178451315,False,1107.8223810340241,2.1586740083000613e-05,1107.8224026207643,1378.8505670223872,1.723563208777984,N/A,52.523506086541616,52.82147796517842,0.2979718786368011
602,Generic_Service,Completed,60.86193917382982,60.86380778965115,60.86380778965115,60.92733463290706,0.0635268432559144,0.06539545907724607,0.06539545907724431,0.0,STARLINK-32748,1,2,1,0.0018686158213316705,0.04651482737283363,False,611.0862955878976,2.1634803429224944e-05,611.0863172227009,767.7642714344717,0.9597053392930895,N/A,60.86193917382982,61.04714451598652,0.18520534215669926
726,Generic_Service,Completed,71.78843109180863,71.79031396155642,71.79031396155642,71.83041835654483,0.040104394988404124,0.04198726473619057,0.04198726473619274,0.0,STARLINK-32748,1,2,1,0.0018828697477864453,0.0789330078786562,False,371.17239271260183,3.671302692030521e-05,371.17242942562876,396.5918787218549,0.4957398484023187,N/A,71.78843109180863,71.9641428413812,0.17571174957257085
844,Generic_Service,Completed,85.10478717776711,85.1066711793282,85.1066711793282,85.13310741314503,0.02643623381682403,0.028320235377915,0.028320235377918834,0.0,STARLINK-32748,1,2,1,0.001884001561090973,0.08150712863909935,False,235.98637324485804,3.791029239027877e-05,235.98641115515042,160.60550547697045,0.20075688184621304,N/A,85.10478717776711,85.27586496145703,0.171077783689924
202,CPU_Intensive,Rejected,21.13086354873203,N/A,N/A,N/A,0.24019781100786672,0.0,0.0,0.0,STARLINK-32748,0,N/A,N/A,0.0,0.02415599240581158,False,0.0,0.0,0.0,160.6055054769425,0.20075688184617813,Deadline Exceeded,N/A,N/A,N/A
6000,Batch,Completed,0,0,0.0,0.010740170557557547,0.010740170557557547,0.010740170557557547,0.010740170557557547,0.0,STARLINK-32486,0,N/A,0,0.0,23.091366698748725,False,0.0,0.010740170557557547,0.010740170557557547,80000,100.0,N/A,N/A,N/A,N/A
7000,Batch,Completed,0,0,0.0,0.17974150585166823,0.17974150585166823,0.17974150585166823,0.17974150585166823,0.0,STARLINK-32486,0,N/A,0,0.0,386.4442375810867,False,0.0,0.17974150585166823,0.17974150585166823,79999.98925982944,99.9999865747868,N/A,N/A,N/A,N/A
17,Generic_Service,Completed,3.0764203911220833,3.0776882209667806,3.0776882209667806,3.125258993360941,0.04757077239416052,0.048838602238857914,0.04883860223885783,0.0,STARLINK-32486,1,1,3,0.001267829844697391,0.08107177378560372,False,443.97466830536285,3.770780176074592e-05,443.9747060131646,79555.83485001822,99.44479356252278,N/A,3.0764203911220833,3.2106822040890766,0.13426181296699324
32,CPU_Intensive,Completed,4.2881397435555835,4.28938578661614,4.28938578661614,5.278851085333828,0.9894652987176888,0.9907113417782452,0.9907113417782449,0.0,STARLINK-32486,1,1,3,0.0012460430605562968,0.031671679355632795,False,9722.144740540512,1.4731013653782696e-05,9722.144755271525,69833.6901094777,87.29211263684712,N/A,4.2881397435555835,5.332770237040317,1.0446304934847337
84,Generic_Service,Completed,9.963731912846594,9.964996169793432,9.964996169793432,10.027544147569447,0.06254797777601517,0.06381223472285298,0.06381223472285313,0.0,STARLINK-32486,1,1,3,0.001264256946837814,0.07297046381214908,False,593.6638507572143,3.39397506103019e-05,593.6638846969649,69240.02625872048,86.5500328234006,N/A,9.963731912846594,10.080581456523161,0.11684954367656708
89,CPU_Intensive,Completed,10.674407312359877,10.675671794490789,10.675671794490789,10.724641200830407,0.04896940633961755,0.050233888470530105,0.050233888470529564,0.0,STARLINK-32486,1,1,3,0.0012644821309125533,0.07348105383242048,False,459.9669784793501,3.417723434066069e-05,459.9670126565844,68780.05928024113,85.97507410030141,N/A,10.674407312359877,10.785869935719928,0.11146262336005108
94,Generic_Service,Completed,11.22923112571865,11.230496651469267,11.230496651469267,11.291584304888136,0.06108765341886979,0.06235317916948605,0.06235317916948624,0.0,STARLINK-32486,1,1,3,0.001265525750616263,0.07584739259900297,False,578.4537401583096,3.5277857022792077e-05,578.4537754361667,68201.60554008282,85.25200692510352,N/A,11.22923112571865,11.390720878622957,0.16148975290430734
98,Generic_Service,Completed,11.508855937493594,11.51009266638275,11.51009266638275,11.526536124552797,0.016443458170046554,0.017680187059203097,0.017680187059202268,0.0,STARLINK-32486,1,1,3,0.0012367288891565438,0.010552410733659019,False,158.61354106405767,4.908098015655358e-06,158.6135459721557,68042.99199901876,85.05373999877347,N/A,11.508855937493594,11.59559370775775,0.08673777026415586
100,CPU_Intensive,Completed,11.868046289194174,11.869291987307099,11.869291987307099,12.749752191336327,0.8804602040292284,0.8817059021421532,0.8817059021421532,0.0,STARLINK-32486,1,1,3,0.0012456981129247064,0.030889533378346885,False,8650.300658104712,1.4367224827138086e-05,8650.300672471936,59392.69131702179,74.24086414627725,N/A,11.868046289194174,12.807185593210269,0.9391393040160949
156,Generic_Service,Completed,18.201120876853107,18.202382797385685,18.202382797385685,18.40400901053458,0.20162621314889506,0.2028881336814736,0.20288813368147274,0.0,STARLINK-32486,1,1,3,0.0012619205325785255,0.06767279875571337,False,1963.0713067010436,3.147572035149459e-05,1963.071338176764,57429.620010320745,71.78702501290093,N/A,18.201120876853107,18.446808031370587,0.2456871545174799
163,CPU_Intensive,Completed,18.624272906793596,18.625533679685816,18.625533679685816,18.94884181347367,0.3233081337878545,0.32456890668007415,0.3245689066800743,0.0,STARLINK-32486,1,1,4,0.0012607728922196598,0.0650706000221849,False,3160.590275349646,3.0265395359155766e-05,3160.5903056150414,54269.029734971096,67.83628716871387,N/A,18.624272906793596,18.95125919937466,0.32698629258106493
174,CPU_Intensive,Completed,18.990344024929644,18.99158412827334,18.99158412827334,19.13517418373952,0.1435900554661771,0.14483015880987357,0.14483015880987438,0.0,STARLINK-32486,1,1,5,0.0012401033436964923,0.01820376358332866,False,1406.8568436614676,8.466866782943564e-06,1406.8568521283344,52862.17289130963,66.07771611413705,N/A,18.990344024929644,19.152146608113533,0.16180258318388852
159,CPU_and_Data_Intensive,Completed,18.313052571439222,18.314341322238157,18.314341322238157,19.179702293655765,0.8653609714176085,0.8666497222165418,0.8666497222165432,0.0,STARLINK-32486,1,1,5,0.0012887507989333055,0.12850865607746473,False,8510.312217234834,5.977146794300685e-05,8510.312277006302,44351.860614303325,55.43982576787916,N/A,18.313052571439222,19.255015985055284,0.9419634136160617
168,CPU_and_Data_Intensive,Completed,18.851653480873196,18.85778466781277,18.85778466781277,19.436869779701034,0.579085111888265,0.5852162988278379,0.585216298827838,0.0,STARLINK-32486,1,1,6,0.0061311869395729,11.108412852561809,False,5644.537233497595,0.00516670365235433,5644.542400201247,38707.31821410207,48.384147767627596,N/A,18.851653480873196,19.455015993385178,0.6033625125119819
257,CPU_Intensive,Completed,27.178981941362306,27.18023900152071,27.18023900152071,27.786239593344227,0.6060005918235163,0.6072576519819214,0.6072576519819215,0.0,STARLINK-32486,1,1,3,0.0012570601584051017,0.056652221254362964,False,5943.375570901625,2.6349870350866496e-05,5943.3755972514955,32763.942643200447,40.95492830400056,N/A,27.178981941362306,27.83235103988377,0.6533690985214626
263,CPU_and_Data_Intensive,Completed,27.589551823268565,27.59619698735898,27.59619698735898,29.227454184905923,1.6312571975469439,1.6379023616373574,1.6379023616373587,0.0,STARLINK-32486,1,1,5,0.006645164090413492,12.273822103506788,False,15987.409673830505,0.005708754466747343,15987.415382584972,16776.527260615476,20.970659075769344,N/A,27.589551823268565,29.250561726335977,1.6610099030674128
382,Generic_Service,Completed,40.64516901596038,40.64640781850338,40.64640781850338,40.68341290947192,0.037005090968541765,0.03824389351154128,0.03824389351154167,0.0,STARLINK-32486,1,1,3,0.001238802542999515,0.015254283896510484,False,359.4535613686245,7.09501576581883e-06,359.45356846364024,16417.07354542591,20.521341931782384,N/A,40.64516901596038,40.74038894864271,0.09521993268233331
383,CPU_Intensive,Completed,40.72339738908659,40.724642106303584,40.724642106303584,40.743731968726,0.019089862422418946,0.020334579639411286,0.020334579639410322,0.0,STARLINK-32486,1,1,3,0.0012447172169923408,0.028665416621553655,False,179.3041144473971,1.33327519170017e-05,179.304127780149,16237.769430978511,20.29721178872314,N/A,40.72339738908659,40.840388952648716,0.1169915635621237
387,Generic_Service,Completed,40.902222992400134,40.903465452928025,40.903465452928025,40.98311894474306,0.07965349181503711,0.08089595234292636,0.08089595234292801,0.0,STARLINK-32486,1,1,3,0.0012424605278892435,0.023548523092425253,False,776.4603581931124,1.0952801438337327e-05,776.4603691459138,15461.3090727854,19.326636340981747,N/A,40.902222992400134,41.04038895265779,0.13816596025765904
393,Generic_Service,Completed,41.36219989814446,41.36345538771986,41.36345538771986,41.43152503132051,0.06806964360065137,0.06932513317604865,0.06932513317605071,0.0,STARLINK-32486,1,1,3,0.0012554895753972676,0.05309102799175728,False,653.8274366605165,2.4693501391515013e-05,653.8274613540178,14807.481636124883,18.509352045156106,N/A,41.36219989814446,41.448501416769425,0.08630151862496405
400,CPU_Intensive,Completed,41.688487356516944,41.68974833800759,41.68974833800759,41.74061142698459,0.0508630889770032,0.05212407046764653,0.052124070467648664,0.0,STARLINK-32486,1,1,4,0.0012609814906433235,0.06554358317381505,False,480.9303063434031,3.0485387522704674e-05,480.93033682879064,14326.55132978148,17.90818916222685,N/A,41.688487356516944,41.751577806852104,0.06309045033516014
395,CPU_and_Data_Intensive,Completed,41.4132830712998,41.41533093199861,41.41533093199861,42.0710696448185,0.6557387128198897,0.657786573518697,0.657786573518699,0.0,STARLINK-32486,1,1,5,0.0020478606988072303,1.8497402290182747,False,6440.785452285383,0.0008603442925666394,6440.786312629676,7885.7650171518035,9.857206271439754,N/A,41.4132830712998,42.15660676022596,0.7433236889261607
448,CPU_and_Data_Intensive,Completed,46.65768097396372,46.65927382858855,46.65927382858855,47.29655927700131,0.6372854484127544,0.6388783030375833,0.6388783030375862,0.0,STARLINK-32486,1,1,4,0.0015928546248289294,0.8180440009209142,False,6264.0154511664705,0.00038048558182368104,6264.015831652052,1621.749185499751,2.027186481874689,N/A,46.65768097396372,47.39536452695536,0.7376835529916406
564,CPU_Intensive,Completed,57.52380608365056,57.52505395980132,57.52505395980132,57.65426499280004,0.12921103299871817,0.13045890914947658,0.13045890914947478,0.0,STARLINK-32486,1,1,3,0.0012478761507584023,0.03582809034755416,False,1260.244861735014,1.666422806862984e-05,1260.244878399242,361.24955294832876,0.45156194118541093,N/A,57.52380608365056,57.73542547997892,0.21161939632835924
808,CPU_Intensive,Completed,81.54500428220263,81.54626497206351,81.54626497206351,81.56541366231436,0.019148690250844425,0.020409380111722577,0.020409380111729547,0.0,STARLINK-32486,1,1,3,0.0012606898608781539,0.06488233193798881,False,169.21128841075503,3.017782880836689e-05,169.21131858858385,192.03826453757372,0.24004783067196717,N/A,81.54500428220263,81.57373725933232,0.028732977129692472
878,CPU_Intensive,Completed,89.17523453380598,89.1764758515379,89.1764758515379,89.19103248812203,0.014556636584131866,0.015797954316049374,0.01579795431605646,0.0,STARLINK-32486,1,1,3,0.0012413177319175067,0.020957308686830066,False,136.99065873826171,9.747585435734914e-06,136.99066848584715,55.04760579931201,0.06880950724914002,N/A,89.17523453380598,89.28079422911478,0.1055596953087985
458,CPU_and_Data_Intensive,Rejected,47.16482084585986,N/A,N/A,N/A,0.5652303804438771,0.0,0.0,0.0,STARLINK-32486,0,N/A,N/A,0.0,7.29605160861116,False,0.0,0.0,0.0,55.04760579931201,0.06880950724914002,Insufficient Energy for CPU+NET,N/A,N/A,N/A
872,CPU_Intensive,Rejected,88.52828620218872,N/A,N/A,N/A,0.12583389385717475,0.0,0.0,0.0,STARLINK-32486,0,N/A,N/A,0.0,0.012628564139696957,False,0.0,0.0,0.0,55.04760579931201,0.06880950724914002,Insufficient Energy for CPU,N/A,N/A,N/A
874,CPU_Intensive,Rejected,88.67030268128346,N/A,N/A,N/A,0.2915127260850499,0.0,0.0,0.0,STARLINK-32486,0,N/A,N/A,0.0,0.026578798209193635,False,0.0,0.0,0.0,55.04760579931201,0.06880950724914002,Insufficient Energy for CPU,N/A,N/A,N/A
1088,CPU_and_Data_Intensive,Rejected,110.39469069199113,N/A,N/A,N/A,0.01796725281740102,0.0,0.0,0.0,STARLINK-32486,0,N/A,N/A,0.0,1.3109539350518067,False,0.0,0.0,0.0,55.04760579931201,0.06880950724914002,Insufficient Energy for CPU+NET,N/A,N/A,N/A
1260,CPU_and_Data_Intensive,Rejected,128.492872812534,N/A,N/A,N/A,0.025190193490369106,0.0,0.0,0.0,STARLINK-32486,0,N/A,N/A,0.0,3.167766092476602,False,0.0,0.0,0.0,55.04760579931201,0.06880950724914002,Insufficient Energy for CPU+NET,N/A,N/A,N/A
1394,Generic_Service,Rejected,141.67130421267777,N/A,N/A,N/A,0.01477852613548536,0.0,0.0,0.0,STARLINK-32486,0,N/A,N/A,0.0,0.08713083928777052,False,0.0,0.0,0.0,55.04760579931201,0.06880950724914002,Insufficient Energy for CPU,N/A,N/A,N/A
1426,Generic_Service,Rejected,144.89113285779754,N/A,N/A,N/A,0.016077588777528823,0.0,0.0,0.0,STARLINK-32486,0,N/A,N/A,0.0,0.04858647509432994,False,0.0,0.0,0.0,55.04760579931201,0.06880950724914002,Insufficient Energy for CPU,N/A,N/A,N/A
1519,Generic_Service,Rejected,153.47636160432168,N/A,N/A,N/A,0.015314186254957446,0.0,0.0,0.0,STARLINK-32486,0,N/A,N/A,0.0,0.04012809118586974,False,0.0,0.0,0.0,55.04760579931201,0.06880950724914002,Insufficient Energy for CPU,N/A,N/A,N/A
1612,CPU_Intensive,Rejected,163.29032877089665,N/A,N/A,N/A,0.01547098165279012,0.0,0.0,0.0,STARLINK-32486,0,N/A,N/A,0.0,0.07601425805780096,False,0.0,0.0,0.0,55.04760579931201,0.06880950724914002,Insufficient Energy for CPU,N/A,N/A,N/A
1633,CPU_Intensive,Rejected,165.2943958553445,N/A,N/A,N/A,0.016133105376002713,0.0,0.0,0.0,STARLINK-32486,0,N/A,N/A,0.0,0.06002414991142534,False,0.0,0.0,0.0,55.04760579931201,0.06880950724914002,Insufficient Energy for CPU,N/A,N/A,N/A
1676,Generic_Service,Rejected,169.83661296093035,N/A,N/A,N/A,0.015097191125448665,0.0,0.0,0.0,STARLINK-32486,0,N/A,N/A,0.0,0.04620147494552632,False,0.0,0.0,0.0,55.04760579931201,0.06880950724914002,Insufficient Energy for CPU,N/A,N/A,N/A
1752,Generic_Service,Rejected,177.60594967747232,N/A,N/A,N/A,0.015653331562686962,0.0,0.0,0.0,STARLINK-32486,0,N/A,N/A,0.0,0.02200003104736808,False,0.0,0.0,0.0,55.04760579931201,0.06880950724914002,Insufficient Energy for CPU,N/A,N/A,N/A
1814,Generic_Service,Rejected,184.75891652418971,N/A,N/A,N/A,0.01572837729500394,0.0,0.0,0.0,STARLINK-32486,0,N/A,N/A,0.0,0.05543621492185539,False,0.0,0.0,0.0,55.04760579931201,0.06880950724914002,Insufficient Energy for CPU,N/A,N/A,N/A
1961,Generic_Service,Rejected,197.95388756087414,N/A,N/A,N/A,0.015870363447279826,0.0,0.0,0.0,STARLINK-32486,0,N/A,N/A,0.0,0.08781195606924919,False,0.0,0.0,0.0,55.04760579931201,0.06880950724914002,Insufficient Energy for CPU,N/A,N/A,N/A
1969,Generic_Service,Rejected,198.32494860652355,N/A,N/A,N/A,0.01619762085075745,0.0,0.0,0.0,STARLINK-32486,0,N/A,N/A,0.0,0.03485188299633869,False,0.0,0.0,0.0,55.04760579931201,0.06880950724914002,Insufficient Energy for CPU,N/A,N/A,N/A
2145,Generic_Service,Rejected,216.00274402268073,N/A,N/A,N/A,0.01507829926598564,0.0,0.0,0.0,STARLINK-32486,0,N/A,N/A,0.0,0.047080346162882016,False,0.0,0.0,0.0,55.04760579931201,0.06880950724914002,Insufficient Energy for CPU,N/A,N/A,N/A
2176,CPU_Intensive,Rejected,219.0204340346512,N/A,N/A,N/A,0.015337127879760071,0.0,0.0,0.0,STARLINK-32486,0,N/A,N/A,0.0,0.0628333035958922,False,0.0,0.0,0.0,55.04760579931201,0.06880950724914002,Insufficient Energy for CPU,N/A,N/A,N/A
2284,Generic_Service,Rejected,230.6502133635117,N/A,N/A,N/A,0.015626599073309908,0.0,0.0,0.0,STARLINK-32486,0,N/A,N/A,0.0,0.03656669587439547,False,0.0,0.0,0.0,55.04760579931201,0.06880950724914002,Insufficient Energy for CPU,N/A,N/A,N/A
2355,CPU_Intensive,Rejected,238.32537579042125,N/A,N/A,N/A,0.0149275475031265,0.0,0.0,0.0,STARLINK-32486,0,N/A,N/A,0.0,0.024677569381715003,False,0.0,0.0,0.0,55.04760579931201,0.06880950724914002,Insufficient Energy for CPU,N/A,N/A,N/A
2364,Generic_Service,Rejected,239.19313749934958,N/A,N/A,N/A,0.016006352209088706,0.0,0.0,0.0,STARLINK-32486,0,N/A,N/A,0.0,0.07133722278303625,False,0.0,0.0,0.0,55.04760579931201,0.06880950724914002,Insufficient Energy for CPU,N/A,N/A,N/A
2493,Generic_Service,Rejected,250.15655944954943,N/A,N/A,N/A,0.01581327241259189,0.0,0.0,0.0,STARLINK-32486,0,N/A,N/A,0.0,0.016921638091986328,False,0.0,0.0,0.0,55.04760579931201,0.06880950724914002,Insufficient Energy for CPU,N/A,N/A,N/A
2699,CPU_Intensive,Rejected,269.3587345337141,N/A,N/A,N/A,0.015608247101783936,0.0,0.0,0.0,STARLINK-32486,0,N/A,N/A,0.0,0.016896371108530504,False,0.0,0.0,0.0,55.04760579931201,0.06880950724914002,Insufficient Energy for CPU,N/A,N/A,N/A
2726,CPU_and_Data_Intensive,Rejected,271.5135515503147,N/A,N/A,N/A,0.015477285111566808,0.0,0.0,0.0,STARLINK-32486,0,N/A,N/A,0.0,0.3245844821362643,False,0.0,0.0,0.0,55.04760579931201,0.06880950724914002,Insufficient Energy for CPU+NET,N/A,N/A,N/A
10000,Batch,Completed,0,0,0.0,0.0016127432804693678,0.0016127432804693678,0.0016127432804693678,0.0016127432804693678,0.0,STARLINK-32373,0,N/A,0,0.0,3.467398053009141,False,0.0,0.0016127432804693678,0.0016127432804693678,80000,100.0,N/A,N/A,N/A,N/A
9000,Batch,Completed,0,0,0.0,0.18417876892542948,0.18417876892542948,0.18417876892542948,0.18417876892542948,0.0,STARLINK-32373,0,N/A,0,0.0,395.98435318967336,False,0.0,0.18417876892542948,0.18417876892542948,79999.99838725672,99.99999798407092,N/A,N/A,N/A,N/A
8000,Batch,Completed,0,0,0.0,0.20713719602254682,0.20713719602254682,0.20713719602254682,0.20713719602254682,0.0,STARLINK-32373,0,N/A,0,0.0,445.3449714484757,False,0.0,0.20713719602254682,0.20713719602254682,79999.8142084878,99.99976776060976,N/A,N/A,N/A,N/A
19,CPU_Intensive,Completed,3.249100594229647,3.251080474819729,3.251080474819729,3.4864735776270748,0.23539310280734593,0.23737298339742766,0.23737298339742763,0.0,STARLINK-32373,1,2,4,0.0019798805900817363,0.04910035583169736,False,2300.64400575577,2.2837374805440633e-05,2300.644028593145,77698.96306553602,97.12370383192003,N/A,3.249100594229647,3.721594872939516,0.4724942787098687
41,CPU_and_Data_Intensive,Completed,5.408791031362256,5.413361081538519,5.413361081538519,5.596731895065429,0.18337081352690987,0.18794086370317345,0.1879408637031732,0.0,STARLINK-32373,1,2,5,0.004570050176263588,7.47357624019586,False,1769.2802597008072,0.0034760819721841208,1769.2837357827793,75929.67932975323,94.91209916219154,N/A,5.408791031362256,5.740675914879253,0.33188488351699696
44,CPU_and_Data_Intensive,Completed,5.591590704414271,5.599853729470122,5.599853729470122,6.7840383814925005,1.1841846520223784,1.1924476770782293,1.1924476770782295,0.0,STARLINK-32373,1,2,5,0.008263025055850942,18.059139085706768,False,11563.947787509405,0.008399599574747334,11563.95618710898,64365.72314264156,80.45715392830195,N/A,5.591590704414271,7.056527613335925,1.4649369089216542
123,CPU_Intensive,Completed,14.850040806985376,14.85201902354575,14.85201902354575,14.938714442428607,0.08669541888285615,0.08867363544323106,0.08867363544323048,0.0,STARLINK-32373,1,2,4,0.001978216560374916,0.0443305722256109,False,839.5948388894687,2.061887080260972e-05,839.5948595083396,63526.12830374593,79.40766037968241,N/A,14.850040806985376,15.124192173663621,0.2741513666782449
130,CPU_and_Data_Intensive,Completed,15.46481848764374,15.466963410322027,15.466963410322027,17.08688880074648,1.6199253904244522,1.6220703131027399,1.6220703131027392,0.0,STARLINK-32373,1,2,5,0.0021449226782875907,0.5221778756692114,False,15929.717782913902,0.00024287343054381924,15929.718025787331,47596.41027795858,59.495512847448225,N/A,15.46481848764374,17.337477451786054,1.872658964142314
145,CPU_and_Data_Intensive,Completed,16.97361423543076,16.976061100707934,16.976061100707934,17.38157495521749,0.40551385450955735,0.407960719786733,0.40796071978673254,0.0,STARLINK-32373,1,2,6,0.002446865277175651,1.387667747786508,False,3981.9160384891466,0.0006454268594355851,3981.916683916006,43614.4935940424,54.518116992553004,N/A,16.97361423543076,17.6419590297614,0.6683447943306398
231,Generic_Service,Completed,24.50513313057414,24.507099534607878,24.507099534607878,24.866837936990237,0.35973840238235866,0.3617048064160978,0.36170480641609615,0.0,STARLINK-32373,1,2,4,0.0019664040337391497,0.010471083021301139,False,3534.973002465581,4.870271172698204e-06,3534.9730073358523,40079.520591576256,50.099400739470326,N/A,24.50513313057414,25.110756873690995,0.6056237431168547
254,CPU_Intensive,Completed,26.86121337749068,26.863190798997095,26.863190798997095,27.501584524318226,0.63839372532113,0.6403711468275438,0.6403711468275439,0.0,STARLINK-32373,1,2,4,0.0019774215064137833,0.04205162532086485,False,6266.266944731961,1.9558895498076674e-05,6266.266964290857,33813.253646844285,42.26656705855535,N/A,26.86121337749068,27.630304180412583,0.7690908029219017
259,CPU_and_Data_Intensive,Completed,27.284149544641632,27.286474032021736,27.286474032021736,28.88736206580718,1.600888033785445,1.6032125211655488,1.603212521165549,0.0,STARLINK-32373,1,2,6,0.002324487380103839,1.036883092435731,False,15740.12923431399,0.00048227120578406095,15740.129716585196,18073.123930259073,22.591404912823844,N/A,27.284149544641632,29.043118537340852,1.75896899269922
268,CPU_and_Data_Intensive,Completed,27.87117798204703,28.00940033181756,28.00940033181756,29.120387496783184,1.1109871649656249,1.249209514736155,1.2492095147361546,0.0,STARLINK-32373,1,2,6,0.13822234977053022,390.5752389734788,False,9139.984586455737,0.18166290184812967,9140.166249357586,8932.957680901036,11.166197101126295,N/A,27.87117798204703,29.350561731368323,1.4793837493212934
385,CPU_and_Data_Intensive,Completed,40.870867537428,40.925347123573346,40.925347123573346,41.29941219474406,0.37406507117071186,0.4285446573160618,0.42854465731605984,0.0,STARLINK-32373,1,2,5,0.054479586145349944,150.534535715253,False,2990.3483179890463,0.0700160631233735,2990.4183340521695,5942.539346713763,7.428174183392204,N/A,40.870867537428,41.448501356041454,0.5776338186134566
459,CPU_and_Data_Intensive,Completed,47.16522940643905,47.16731870414286,47.16731870414286,47.5812089331342,0.41389022899134176,0.415979526695149,0.41597952669514626,0.0,STARLINK-32373,1,2,5,0.0020892977038072177,0.3627341528330243,False,4068.986923302215,0.0001687135594572206,4068.9870920157746,1873.5522546312159,2.3419403182890197,N/A,47.16522940643905,47.80455070447432,0.63932129803527
563,Generic_Service,Completed,57.256601182019146,57.25859056166465,57.25859056166465,57.405349232017954,0.14675867035330725,0.14874804999880986,0.14874804999880809,0.0,STARLINK-32373,1,2,4,0.001989379645502612,0.07632849883545091,False,1420.89384977113,3.550162736532601e-05,1420.8938852727572,452.6584048599698,0.5658230060749623,N/A,57.256601182019146,57.53542547992897,0.27882429790982144
748,Generic_Service,Completed,74.76005224410588,74.76203446958486,74.76203446958486,74.80436990415643,0.04233543457156941,0.04431766005054641,0.04431766005055238,0.0,STARLINK-32373,1,2,4,0.0019822254789769993,0.055821757838451204,False,399.92464661360845,2.596360829695405e-05,399.92467257721677,52.73375824633382,0.06591719780791727,N/A,74.76005224410588,74.96933411608394,0.2092818719780638
452,CPU_and_Data_Intensive,Rejected,46.73929355874438,N/A,N/A,N/A,0.8898197150480095,0.0,0.0,0.0,STARLINK-32373,0,N/A,N/A,0.0,220.1142700111319,False,0.0,0.0,0.0,52.73375824631541,0.06591719780789426,Insufficient Energy for CPU+NET,N/A,N/A,N/A
456,CPU_Intensive,Rejected,46.98166015492982,N/A,N/A,N/A,0.6350397318206272,0.0,0.0,0.0,STARLINK-32373,0,N/A,N/A,0.0,0.03278918609773818,False,0.0,0.0,0.0,52.73375824631541,0.06591719780789426,Insufficient Energy for CPU,N/A,N/A,N/A
502,CPU_and_Data_Intensive,Rejected,52.02530403011104,N/A,N/A,N/A,1.206405855525113,0.0,0.0,0.0,STARLINK-32373,0,N/A,N/A,0.0,488.48317793727205,False,0.0,0.0,0.0,52.73375824631541,0.06591719780789426,Insufficient Energy for CPU+NET,N/A,N/A,N/A
507,CPU_and_Data_Intensive,Rejected,52.4561384269602,N/A,N/A,N/A,1.0229886740114968,0.0,0.0,0.0,STARLINK-32373,0,N/A,N/A,0.0,199.94296817271754,False,0.0,0.0,0.0,52.73375824631541,0.06591719780789426,Insufficient Energy for CPU+NET,N/A,N/A,N/A
511,CPU_and_Data_Intensive,Rejected,52.59241115803862,N/A,N/A,N/A,0.23225379122313308,0.0,0.0,0.0,STARLINK-32373,0,N/A,N/A,0.0,8.17312026131897,False,0.0,0.0,0.0,52.73375824631541,0.06591719780789426,Insufficient Energy for CPU+NET,N/A,N/A,N/A
515,CPU_and_Data_Intensive,Rejected,52.95813469895126,N/A,N/A,N/A,0.5572001814765252,0.0,0.0,0.0,STARLINK-32373,0,N/A,N/A,0.0,0.6975238270022739,False,0.0,0.0,0.0,52.73375824631541,0.06591719780789426,Insufficient Energy for CPU+NET,N/A,N/A,N/A
516,CPU_Intensive,Rejected,53.00027157229198,N/A,N/A,N/A,0.5749918573948077,0.0,0.0,0.0,STARLINK-32373,0,N/A,N/A,0.0,0.02921984247737336,False,0.0,0.0,0.0,52.73375824631541,0.06591719780789426,Insufficient Energy for CPU,N/A,N/A,N/A
517,CPU_and_Data_Intensive,Rejected,53.07273038135527,N/A,N/A,N/A,1.0582359820867113,0.0,0.0,0.0,STARLINK-32373,0,N/A,N/A,0.0,3.8751766733361865,False,0.0,0.0,0.0,52.73375824631541,0.06591719780789426,Insufficient Energy for CPU+NET,N/A,N/A,N/A
522,CPU_and_Data_Intensive,Rejected,53.46168341552204,N/A,N/A,N/A,0.36373583991363717,0.0,0.0,0.0,STARLINK-32373,0,N/A,N/A,0.0,0.9490134544219174,False,0.0,0.0,0.0,52.73375824631541,0.06591719780789426,Insufficient Energy for CPU+NET,N/A,N/A,N/A
523,CPU_Intensive,Rejected,53.567321641450995,N/A,N/A,N/A,0.5052142512452401,0.0,0.0,0.0,STARLINK-32373,0,N/A,N/A,0.0,0.025760535740323033,False,0.0,0.0,0.0,52.73375824631541,0.06591719780789426,Insufficient Energy for CPU,N/A,N/A,N/A
525,CPU_and_Data_Intensive,Rejected,53.8152999366993,N/A,N/A,N/A,0.22299613754706743,0.0,0.0,0.0,STARLINK-32373,0,N/A,N/A,0.0,10.128964056184678,False,0.0,0.0,0.0,52.73375824631541,0.06591719780789426,Insufficient Energy for CPU+NET,N/A,N/A,N/A
526,CPU_and_Data_Intensive,Rejected,53.82920223185985,N/A,N/A,N/A,1.646138987512889,0.0,0.0,0.0,STARLINK-32373,0,N/A,N/A,0.0,4.992087481361883,False,0.0,0.0,0.0,52.73375824631541,0.06591719780789426,Insufficient Energy for CPU+NET,N/A,N/A,N/A
529,CPU_and_Data_Intensive,Rejected,54.17186766485292,N/A,N/A,N/A,0.2779059157003161,0.0,0.0,0.0,STARLINK-32373,0,N/A,N/A,0.0,0.4324992811422176,False,0.0,0.0,0.0,52.73375824631541,0.06591719780789426,Insufficient Energy for CPU+NET,N/A,N/A,N/A
530,CPU_and_Data_Intensive,Rejected,54.33967757746179,N/A,N/A,N/A,0.6810473775683388,0.0,0.0,0.0,STARLINK-32373,0,N/A,N/A,0.0,0.9010766228269534,False,0.0,0.0,0.0,52.73375824631541,0.06591719780789426,Insufficient Energy for CPU+NET,N/A,N/A,N/A
531,CPU_and_Data_Intensive,Rejected,54.42455647210917,N/A,N/A,N/A,1.8418733098437592,0.0,0.0,0.0,STARLINK-32373,0,N/A,N/A,0.0,303.3685976622364,False,0.0,0.0,0.0,52.73375824631541,0.06591719780789426,Insufficient Energy for CPU+NET,N/A,N/A,N/A
533,CPU_Intensive,Rejected,54.56100935675179,N/A,N/A,N/A,0.21248662635054802,0.0,0.0,0.0,STARLINK-32373,0,N/A,N/A,0.0,0.03867846658882093,False,0.0,0.0,0.0,52.73375824631541,0.06591719780789426,Insufficient Energy for CPU,N/A,N/A,N/A
534,CPU_Intensive,Rejected,54.92397137937351,N/A,N/A,N/A,0.5637447599806479,0.0,0.0,0.0,STARLINK-32373,0,N/A,N/A,0.0,0.022115614336589647,False,0.0,0.0,0.0,52.73375824631541,0.06591719780789426,Insufficient Energy for CPU,N/A,N/A,N/A
537,CPU_and_Data_Intensive,Rejected,55.06723200995826,N/A,N/A,N/A,1.0141666255693442,0.0,0.0,0.0,STARLINK-32373,0,N/A,N/A,0.0,3.001614692694938,False,0.0,0.0,0.0,52.73375824631541,0.06591719780789426,Insufficient Energy for CPU+NET,N/A,N/A,N/A
538,CPU_and_Data_Intensive,Rejected,55.0832850810633,N/A,N/A,N/A,1.3100650300522796,0.0,0.0,0.0,STARLINK-32373,0,N/A,N/A,0.0,5.163205823351671,False,0.0,0.0,0.0,52.73375824631541,0.06591719780789426,Insufficient Energy for CPU+NET,N/A,N/A,N/A
540,CPU_and_Data_Intensive,Rejected,55.12023589662366,N/A,N/A,N/A,0.3899776019218836,0.0,0.0,0.0,STARLINK-32373,0,N/A,N/A,0.0,4.1122948888140325,False,0.0,0.0,0.0,52.73375824631541,0.06591719780789426,Insufficient Energy for CPU+NET,N/A,N/A,N/A
539,CPU_and_Data_Intensive,Rejected,55.116902202134185,N/A,N/A,N/A,0.28619354542496855,0.0,0.0,0.0,STARLINK-32373,0,N/A,N/A,0.0,18.948492822216366,False,0.0,0.0,0.0,52.73375824631541,0.06591719780789426,Insufficient Energy for CPU+NET,N/A,N/A,N/A
541,CPU_and_Data_Intensive,Rejected,55.13131801984086,N/A,N/A,N/A,1.1267895194825472,0.0,0.0,0.0,STARLINK-32373,0,N/A,N/A,0.0,1.0188940356887037,False,0.0,0.0,0.0,52.73375824631541,0.06591719780789426,Insufficient Energy for CPU+NET,N/A,N/A,N/A
536,CPU_and_Data_Intensive,Rejected,55.06520537101004,N/A,N/A,N/A,0.8995904686836805,0.0,0.0,0.0,STARLINK-32373,0,N/A,N/A,0.0,403.735408118189,False,0.0,0.0,0.0,52.73375824631541,0.06591719780789426,Insufficient Energy for CPU+NET,N/A,N/A,N/A
543,CPU_and_Data_Intensive,Rejected,55.32861423421023,N/A,N/A,N/A,0.3013023881387921,0.0,0.0,0.0,STARLINK-32373,0,N/A,N/A,0.0,0.4157807168234445,False,0.0,0.0,0.0,52.73375824631541,0.06591719780789426,Insufficient Energy for CPU+NET,N/A,N/A,N/A
546,CPU_Intensive,Rejected,55.5112101866048,N/A,N/A,N/A,0.36041230756827647,0.0,0.0,0.0,STARLINK-32373,0,N/A,N/A,0.0,0.041998627254787105,False,0.0,0.0,0.0,52.73375824631541,0.06591719780789426,Insufficient Energy for CPU,N/A,N/A,N/A
549,CPU_and_Data_Intensive,Rejected,55.7478526101188,N/A,N/A,N/A,0.9706365233210487,0.0,0.0,0.0,STARLINK-32373,0,N/A,N/A,0.0,24.128036868918695,False,0.0,0.0,0.0,52.73375824631541,0.06591719780789426,Insufficient Energy for CPU+NET,N/A,N/A,N/A
550,CPU_and_Data_Intensive,Rejected,55.775240524900084,N/A,N/A,N/A,1.7657288306290522,0.0,0.0,0.0,STARLINK-32373,0,N/A,N/A,0.0,1.8486425407333753,False,0.0,0.0,0.0,52.73375824631541,0.06591719780789426,Insufficient Energy for CPU+NET,N/A,N/A,N/A
552,CPU_and_Data_Intensive,Rejected,56.07779046838701,N/A,N/A,N/A,0.4336413590986114,0.0,0.0,0.0,STARLINK-32373,0,N/A,N/A,0.0,1.220160141019837,False,0.0,0.0,0.0,52.73375824631541,0.06591719780789426,Insufficient Energy for CPU+NET,N/A,N/A,N/A
553,CPU_Intensive,Rejected,56.09458238130567,N/A,N/A,N/A,0.5245962039740785,0.0,0.0,0.0,STARLINK-32373,0,N/A,N/A,0.0,0.05554103091752362,False,0.0,0.0,0.0,52.73375824631541,0.06591719780789426,Insufficient Energy for CPU,N/A,N/A,N/A
556,CPU_Intensive,Rejected,56.34411384509708,N/A,N/A,N/A,0.7433840073697775,0.0,0.0,0.0,STARLINK-32373,0,N/A,N/A,0.0,0.04508346282104006,False,0.0,0.0,0.0,52.73375824631541,0.06591719780789426,Insufficient Energy for CPU,N/A,N/A,N/A
558,CPU_and_Data_Intensive,Rejected,56.449664254627564,N/A,N/A,N/A,0.1944498434471155,0.0,0.0,0.0,STARLINK-32373,0,N/A,N/A,0.0,1.198045947048258,False,0.0,0.0,0.0,52.73375824631541,0.06591719780789426,Insufficient Energy for CPU+NET,N/A,N/A,N/A
557,CPU_and_Data_Intensive,Rejected,56.38231510125269,N/A,N/A,N/A,1.9532967947095705,0.0,0.0,0.0,STARLINK-32373,0,N/A,N/A,0.0,207.79488575293027,False,0.0,0.0,0.0,52.73375824631541,0.06591719780789426,Insufficient Energy for CPU+NET,N/A,N/A,N/A
560,CPU_Intensive,Rejected,56.648386453324974,N/A,N/A,N/A,0.4688302400249787,0.0,0.0,0.0,STARLINK-32373,0,N/A,N/A,0.0,0.03324955940697465,False,0.0,0.0,0.0,52.73375824631541,0.06591719780789426,Insufficient Energy for CPU,N/A,N/A,N/A
561,CPU_and_Data_Intensive,Rejected,57.00867368782729,N/A,N/A,N/A,0.8353815170855476,0.0,0.0,0.0,STARLINK-32373,0,N/A,N/A,0.0,0.960049427213422,False,0.0,0.0,0.0,52.73375824631541,0.06591719780789426,Insufficient Energy for CPU+NET,N/A,N/A,N/A
562,CPU_and_Data_Intensive,Rejected,57.252922317162025,N/A,N/A,N/A,0.25457583995114286,0.0,0.0,0.0,STARLINK-32373,0,N/A,N/A,0.0,0.25056944046775204,False,0.0,0.0,0.0,52.73375824631541,0.06591719780789426,Insufficient Energy for CPU+NET,N/A,N/A,N/A
575,CPU_and_Data_Intensive,Rejected,58.4311196728536,N/A,N/A,N/A,0.6701427968443004,0.0,0.0,0.0,STARLINK-32373,0,N/A,N/A,0.0,283.3805990815159,False,0.0,0.0,0.0,52.73375824631541,0.06591719780789426,Insufficient Energy for CPU+NET,N/A,N/A,N/A
666,CPU_and_Data_Intensive,Rejected,67.07199608432072,N/A,N/A,N/A,0.8022735073361422,0.0,0.0,0.0,STARLINK-32373,0,N/A,N/A,0.0,298.47207620289595,False,0.0,0.0,0.0,52.73375824631541,0.06591719780789426,Insufficient Energy for CPU+NET,N/A,N/A,N/A
729,CPU_Intensive,Rejected,72.48800274087903,N/A,N/A,N/A,0.5042994167509054,0.0,0.0,0.0,STARLINK-32373,0,N/A,N/A,0.0,0.05380867921398516,False,0.0,0.0,0.0,52.73375824631541,0.06591719780789426,Insufficient Energy for CPU,N/A,N/A,N/A
734,Generic_Service,Rejected,73.26199362907106,N/A,N/A,N/A,0.09286322034708376,0.0,0.0,0.0,STARLINK-32373,0,N/A,N/A,0.0,0.02960988505148636,False,0.0,0.0,0.0,52.73375824631541,0.06591719780789426,Insufficient Energy for CPU,N/A,N/A,N/A
735,CPU_and_Data_Intensive,Rejected,73.42537908076415,N/A,N/A,N/A,0.40065716388981876,0.0,0.0,0.0,STARLINK-32373,0,N/A,N/A,0.0,12.327389101819772,False,0.0,0.0,0.0,52.73375824631541,0.06591719780789426,Insufficient Energy for CPU+NET,N/A,N/A,N/A
737,CPU_and_Data_Intensive,Rejected,73.70034058512057,N/A,N/A,N/A,0.8132581169925872,0.0,0.0,0.0,STARLINK-32373,0,N/A,N/A,0.0,337.10929687284215,False,0.0,0.0,0.0,52.73375824631541,0.06591719780789426,Insufficient Energy for CPU+NET,N/A,N/A,N/A
739,CPU_Intensive,Rejected,74.00780506107198,N/A,N/A,N/A,0.39114418069064916,0.0,0.0,0.0,STARLINK-32373,0,N/A,N/A,0.0,0.05434071664897153,False,0.0,0.0,0.0,52.73375824631541,0.06591719780789426,Insufficient Energy for CPU,N/A,N/A,N/A
741,CPU_and_Data_Intensive,Rejected,74.16800304947547,N/A,N/A,N/A,0.4113646306758992,0.0,0.0,0.0,STARLINK-32373,0,N/A,N/A,0.0,148.4994604249571,False,0.0,0.0,0.0,52.73375824631541,0.06591719780789426,Insufficient Energy for CPU+NET,N/A,N/A,N/A
747,Generic_Service,Rejected,74.73557089904118,N/A,N/A,N/A,0.09477766145938918,0.0,0.0,0.0,STARLINK-32373,0,N/A,N/A,0.0,0.04085853708872384,False,0.0,0.0,0.0,52.73375824631541,0.06591719780789426,Insufficient Energy for CPU,N/A,N/A,N/A
1838,CPU_and_Data_Intensive,Rejected,187.533503660505,N/A,N/A,N/A,0.05585203111267085,0.0,0.0,0.0,STARLINK-32373,0,N/A,N/A,0.0,18.555426359636147,False,0.0,0.0,0.0,52.73375824631541,0.06591719780789426,Insufficient Energy for CPU+NET,N/A,N/A,N/A
11000,Batch,Completed,0,0,0.0,0.009552361055457188,0.009552361055457188,0.009552361055457188,0.009552361055457188,0.0,STARLINK-4759,0,N/A,0,0.0,20.537576269232954,False,0.0,0.009552361055457188,0.009552361055457188,80000,100.0,N/A,N/A,N/A,N/A
8,CPU_and_Data_Intensive,Completed,1.9360698728685113,1.9460487619683309,1.9460487619683309,2.5390084208263772,0.5929596588580464,0.602938547957866,0.602938547957866,0.0,STARLINK-4759,1,1,3,0.009978889099819536,21.713390371944254,False,5732.4825706559595,0.010099251335788024,5732.492669907296,74267.49777773165,92.83437222216456,N/A,1.9360698728685113,2.607790948188632,0.6717210753201208
66,CPU_and_Data_Intensive,Completed,8.199731792118,8.20104979277524,8.20104979277524,8.700578213430926,0.49952842065568603,0.5008464213129271,0.5008464213129269,0.0,STARLINK-4759,1,1,3,0.0013180006572410343,0.20029961644277122,False,4911.989002779279,9.316261229896336e-05,4911.989095941891,69355.50868178977,86.6943858522372,N/A,8.199731792118,8.76881190958698,0.5690801174689799
85,CPU_Intensive,Completed,10.367213112916435,10.368479187556487,10.368479187556487,10.815225991239817,0.44674680368333064,0.44801287832338277,0.4480128783233823,0.0,STARLINK-4759,1,1,2,0.0012660746400521361,0.07131872403631995,False,4372.779255752076,3.317149955177672e-05,4372.779288923575,64982.729426037695,81.22841178254711,N/A,10.367213112916435,10.887676597538055,0.5204634846216205
120,CPU_Intensive,Completed,14.15074888015063,14.152012650017921,14.152012650017921,14.16862778674473,0.016615136726809254,0.01787890659410074,0.01787890659410074,0.0,STARLINK-4759,1,1,2,0.0012637698672914852,0.06559381649370154,False,144.0839294853558,3.0508751857535598e-05,144.08395999410766,64838.64549655234,81.04830687069042,N/A,14.15074888015063,14.217351963547546,0.06660308339691667
121,CPU_and_Data_Intensive,Completed,14.2339662257507,14.235925602608107,14.235925602608107,14.68524405571401,0.4493184531059029,0.4512778299633106,0.4512778299633098,0.0,STARLINK-4759,1,1,3,0.0019593768574077,1.7934369133938286,False,4410.881883822556,0.0008341567039041063,4410.88271797926,60427.76277857308,75.53470347321635,N/A,14.2339662257507,14.722277662990804,0.4883114372401032
147,Generic_Service,Completed,17.285077818725597,17.28632331907235,17.28632331907235,17.30047597444492,0.014152655372573264,0.01539815571932413,0.015398155719324791,0.0,STARLINK-4759,1,1,2,0.0012455003467508657,0.02021350059936236,False,133.236633421877,9.401628185749936e-06,133.23664282350518,60294.526145151205,75.368157681439,N/A,17.285077818725597,17.33747745199932,0.05239963327372266
152,CPU_and_Data_Intensive,Completed,17.70904349080002,17.711069740097223,17.711069740097223,18.41012093022677,0.6990511901295484,0.7010774394267523,0.7010774394267507,0.0,STARLINK-4759,1,1,3,0.0020262492972039073,1.959543759812151,False,6866.265124781904,0.0009114157022382098,6866.266036197606,53428.260108953604,66.78532513619201,N/A,17.70904349080002,18.446808031396888,0.7377645405968671
157,CPU_Intensive,Completed,18.252013286086544,18.25326120684672,18.25326120684672,19.525505957842544,1.2722447509958243,1.2734926717560002,1.2734926717559993,0.0,STARLINK-4759,1,1,3,0.0012479207601758734,0.02622565212668547,False,12504.909821336392,1.2197977733342079e-05,12504.90983353437,40923.35028761721,51.154187859521514,N/A,18.252013286086544,19.55770729186381,1.3056940057772657
240,Generic_Service,Completed,25.637103425599953,25.638361914301804,25.638361914301804,25.661569387966747,0.023207473664943024,0.024465962366793718,0.024465962366793548,0.0,STARLINK-4759,1,1,2,0.001258488701850695,0.052475740654739464,False,212.78540720353737,2.440732123476254e-05,212.7854316108586,40710.5643389197,50.88820542364962,N/A,25.637103425599953,25.714282146837487,0.07717872123753367
243,Generic_Service,Completed,26.03568994106593,26.03695316317492,26.03695316317492,26.091971373145924,0.05501820997100282,0.056281432079994684,0.05628143207999514,0.0,STARLINK-4759,1,1,2,0.0012632221089918625,0.06423322005027765,False,522.1823827644271,2.987591630245472e-05,522.1824126403434,40188.381956155274,50.235477445194086,N/A,26.03568994106593,26.1142821468868,0.0785922058208719
247,Generic_Service,Completed,26.14269686950492,26.1439426564002,26.1439426564002,26.18391763003664,0.03997497363643987,0.04122076053171779,0.041220760531718525,0.0,STARLINK-4759,1,1,3,0.0012457868952779224,0.020925268740621263,False,386.99164495569437,9.73268313517268e-06,386.9916546883775,39801.39031119958,49.75173788899948,N/A,26.14269686950492,26.217311683109198,0.07461481360427769
246,CPU_Intensive,Completed,26.08756567965137,26.08883192287854,26.08883192287854,26.192757037112216,0.10392511423367523,0.10519135746084746,0.10519135746084629,0.0,STARLINK-4759,1,1,3,0.0012662432271722316,0.07173748361726437,False,1000.974870787835,3.33662714498904e-05,1000.9749041541064,38800.41544041175,48.50051930051469,N/A,26.08756567965137,26.318471974343687,0.23090629469231772
256,CPU_Intensive,Completed,26.939924269064115,26.941168821216994,26.941168821216994,27.08774442149664,0.14657560027964678,0.14782015243252558,0.14782015243252644,0.0,STARLINK-4759,1,1,2,0.0012445521528788122,0.01785824790692283,False,1436.3217424238285,8.30616181717341e-06,1436.3217507299903,37364.09369798792,46.70511712248489,N/A,26.939924269064115,27.124458811617075,0.1845345425529601
262,CPU_and_Data_Intensive,Completed,27.504441127728345,27.50573596864083,27.50573596864083,27.526244586870135,0.02050861822930372,0.02180345914179125,0.021803459141789716,0.0,STARLINK-4759,1,1,3,0.001294840912487529,0.14277229761633478,False,201.05092986914255,6.640571982155106e-05,201.05099627486237,37163.04270171306,46.45380337714132,N/A,27.504441127728345,27.530304180365825,0.025863052637479456
264,CPU_and_Data_Intensive,Completed,27.596885961995696,27.598285087862866,27.598285087862866,27.973405751571338,0.3751206637084721,0.37651978957564347,0.37651978957564225,0.0,STARLINK-4759,1,1,3,0.0013991258671713837,0.4018094286706633,False,3687.506143925673,0.00018688810635844805,3687.506330813779,33475.53637089927,41.8444204636241,N/A,27.596885961995696,28.03315833519103,0.4362723731953331
288,CPU_Intensive,Completed,30.506448111090506,30.507692735995086,30.507692735995086,30.60228716143592,0.0945944254408353,0.09583905034541645,0.09583905034541473,0.0,STARLINK-4759,1,1,2,0.0012446249045811634,0.01803895846400666,False,925.0291406687111,8.390213239072866e-06,925.0291490589243,32550.507230230563,40.6881340377882,N/A,30.506448111090506,30.657037004193214,0.1505888931027073
295,CPU_and_Data_Intensive,Completed,31.62525105831419,31.626635650574684,31.626635650574684,31.88547677126707,0.2588411206923844,0.26022571295287683,0.26022571295287733,0.0,STARLINK-4759,1,1,3,0.0013845922604924102,0.3657088829169032,False,2544.0519116166834,0.00017009715484507125,2544.052081713838,30006.455148516725,37.5080689356459,N/A,31.62525105831419,31.9627323757006,0.3374813173864091
306,Generic_Service,Completed,32.57257454967993,32.57383708135169,32.57383708135169,32.58971428514323,0.015877203791539785,0.017139735463304655,0.01713973546330294,0.0,STARLINK-4759,1,1,2,0.001262531671764871,0.06251821831301729,False,137.73252771706788,2.9078241075821996e-05,137.73255679530897,29868.722620799657,37.33590327599957,N/A,32.57257454967993,32.664539037663594,0.09196448798366674
308,CPU_Intensive,Completed,32.92283977906935,32.924087636242575,32.924087636242575,33.39490212757699,0.47081449133441566,0.47206234850764217,0.4720623485076416,0.0,STARLINK-4759,1,1,2,0.001247857173226531,0.026067706227585363,False,4622.820370777488,1.2124514524458309e-05,4622.820382902003,25245.90225002217,31.557377812527708,N/A,32.92283977906935,33.47040851424178,0.5475687351724332
313,CPU_Intensive,Completed,33.352737563672854,33.353985435433934,33.353985435433934,34.288793288363884,0.93480785292995,0.9360557246910327,0.9360557246910304,0.0,STARLINK-4759,1,1,3,0.0012478717610827621,0.026103941525743544,False,9186.224576697277,1.2141368151508625e-05,9186.224588838646,16059.677673324892,20.074597091656116,N/A,33.352737563672854,34.379517016788704,1.02677945311585
391,CPU_and_Data_Intensive,Completed,41.118773516361365,41.126643877253144,41.126643877253144,41.2631228341141,0.13647895686095524,0.14434931775273274,0.1443493177527344,0.0,STARLINK-4759,1,1,3,0.007870360891777504,16.4759416966859,False,1266.9138390618973,0.007663228696132977,1266.9215022905935,14792.756171034298,18.490945213792873,N/A,41.118773516361365,41.346694686519946,0.22792117015858082
402,CPU_Intensive,Completed,42.417686501022196,42.41893888718093,42.41893888718093,42.97092393040174,0.5519850432208102,0.5532374293795395,0.5532374293795428,0.0,STARLINK-4759,1,1,2,0.0012523861587292364,0.037317415399575025,False,5417.8250217673485,1.7356937395151174e-05,5417.8250391242855,9374.931136394258,11.718663920492823,N/A,42.417686501022196,43.05660682468387,0.6389203236616723
439,CPU_and_Data_Intensive,Completed,46.190899369910476,46.19224076709276,46.19224076709276,46.89607886012074,0.7038380930279757,0.7051794902102595,0.7051794902102628,0.0,STARLINK-4759,1,1,3,0.0013413971822838098,0.2584150823035392,False,6921.126472400185,0.00012019306153652987,6921.126592593247,2453.8045438010117,3.0672556797512645,N/A,46.190899369910476,46.99148085016234,0.8005814802518643
498,Generic_Service,Completed,51.91422196009473,51.915477207000414,51.915477207000414,52.111437893811576,0.19596068681116208,0.1972159337168474,0.19721593371684776,0.0,STARLINK-4759,1,1,2,0.0012552469056853154,0.04442332714323548,False,1914.2008784288826,2.0662012624760686e-05,1914.2008990908953,539.6036653721292,0.6745045817151615,N/A,51.91422196009473,52.1178616286663,0.20363966857156868
733,Generic_Service,Completed,72.98388707887634,72.985134747221,72.985134747221,73.0385512176995,0.05341647047850984,0.05466413882316932,0.05466413882317056,0.0,STARLINK-4759,1,1,2,0.0012476683446594804,0.025598668192154922,False,517.8129015331584,1.1906357298676708e-05,517.8129134395157,21.790763838970747,0.02723845479871343,N/A,72.98388707887634,73.06571053354344,0.08182345466710217
434,CPU_Intensive,Rejected,45.42535729915537,N/A,N/A,N/A,1.5442779241177127,0.0,0.0,0.0,STARLINK-4759,0,N/A,N/A,0.0,0.05707377997105623,False,0.0,0.0,0.0,21.790763838970747,0.02723845479871343,Insufficient Energy for CPU,N/A,N/A,N/A
446,CPU_and_Data_Intensive,Rejected,46.64462080298738,N/A,N/A,N/A,1.3251690651849422,0.0,0.0,0.0,STARLINK-4759,0,N/A,N/A,0.0,1.0793802781610782,False,0.0,0.0,0.0,21.790763838970747,0.02723845479871343,Insufficient Energy for CPU+NET,N/A,N/A,N/A
451,CPU_Intensive,Rejected,46.73817641560557,N/A,N/A,N/A,1.194917812185262,0.0,0.0,0.0,STARLINK-4759,0,N/A,N/A,0.0,0.07387404623791848,False,0.0,0.0,0.0,21.790763838970747,0.02723845479871343,Insufficient Energy for CPU,N/A,N/A,N/A
453,CPU_and_Data_Intensive,Rejected,46.88262052343547,N/A,N/A,N/A,0.2859283987010608,0.0,0.0,0.0,STARLINK-4759,0,N/A,N/A,0.0,8.851741816035299,False,0.0,0.0,0.0,21.790763838970747,0.02723845479871343,Insufficient Energy for CPU+NET,N/A,N/A,N/A
732,CPU_and_Data_Intensive,Rejected,72.9058351709889,N/A,N/A,N/A,0.11049752075697546,0.0,0.0,0.0,STARLINK-4759,0,N/A,N/A,0.0,16.813734444463815,False,0.0,0.0,0.0,21.790763838970747,0.02723845479871343,Insufficient Energy for CPU+NET,N/A,N/A,N/A
13000,Batch,Completed,0,0,0.0,0.006013689584803207,0.006013689584803207,0.006013689584803207,0.006013689584803207,0.0,STARLINK-5346,0,N/A,0,0.0,12.929432607326895,False,0.0,0.006013689584803207,0.006013689584803207,80000,100.0,N/A,N/A,N/A,N/A
12000,Batch,Completed,0,0,0.0,0.11137747512952134,0.11137747512952134,0.11137747512952134,0.11137747512952134,0.0,STARLINK-5346,0,N/A,0,0.0,239.4615715284709,False,0.0,0.11137747512952134,0.11137747512952134,79999.99398631041,99.99999248288802,N/A,N/A,N/A,N/A
6,CPU_and_Data_Intensive,Completed,1.2894688827051808,1.2924789465497626,1.2924789465497626,1.3175566914255243,0.025077744875761754,0.028087808720343572,0.028087808720343554,0.0,STARLINK-5346,1,1,4,0.0030100638445818176,6.53020390178499,False,216.76964284181972,0.0030373041403651117,216.7726801459601,79783.10992868933,99.72888741086166,N/A,1.2894688827051808,1.4052041276506135,0.11573524494543275
24,CPU_and_Data_Intensive,Completed,3.386947241320836,3.3878578028575252,3.3878578028575252,4.278873769448269,0.8910159665907433,0.8919265281274329,0.8919265281274327,0.0,STARLINK-5346,1,1,4,0.0009105615366895207,0.1859149908043011,False,8762.36871299409,8.647208874618656e-05,8762.36879946618,71020.74112922314,88.77592641152893,N/A,3.386947241320836,4.326781402115056,0.9398341607942204
67,CPU_and_Data_Intensive,Completed,8.301583160433092,8.390028569078815,8.390028569078815,8.978198164239409,0.5881695951605934,0.6766150038063178,0.676615003806317,0.0,STARLINK-5346,1,1,4,0.0884454086457244,264.6992511994011,False,4573.843052326226,0.12311593079041912,4573.966168257017,66446.77496096613,83.05846870120766,N/A,8.301583160433092,9.072063215631761,0.7704800551986697
86,CPU_and_Data_Intensive,Completed,10.546357631912015,10.551058493283481,10.551058493283481,10.592057264558655,0.040998771275173596,0.045699632646639794,0.0456996326466399,0.0,STARLINK-5346,1,1,4,0.004700861371466197,11.639466206571381,False,349.9822055985835,0.005413705212358782,349.98761930379584,66096.78734166233,82.62098417707791,N/A,10.546357631912015,10.685869931722715,0.13951229981070057
110,Generic_Service,Completed,12.681285612345034,12.682139021115617,12.682139021115617,12.731192120468542,0.04905309935292479,0.049906508123507755,0.04990650812350772,0.0,STARLINK-5346,1,1,3,0.0008534087705829633,0.013210412734217938,False,478.54899856215553,6.1443780159153194e-06,478.54900470653354,65618.23834310018,82.02279792887522,N/A,12.681285612345034,12.80718559322127,0.12589998087623577
116,CPU_Intensive,Completed,13.87690883967233,13.877777597960034,13.877777597960034,14.041906963853648,0.16412936589361493,0.16499812418131896,0.16499812418131832,0.0,STARLINK-5346,1,1,3,0.0008687582877040358,0.059593677422262445,False,1596.6671004502823,2.771798949872672e-05,1596.6671281682718,64021.571242649894,80.02696405331237,N/A,13.87690883967233,14.115754277401537,0.23884543772920708
128,CPU_and_Data_Intensive,Completed,15.461322620304658,15.46230982959529,15.46230982959529,15.624182642287158,0.16187281269186826,0.16286002198250035,0.1628600219824996,0.0,STARLINK-5346,1,1,4,0.0009872092906320939,0.4175296423155055,False,1590.1231552123604,0.00019419983363511882,1590.123349412194,62431.4478932377,78.03930986654713,N/A,15.461322620304658,15.624999469274725,0.1636768489700664
135,CPU_Intensive,Completed,15.968711754549483,15.96956883635375,15.96956883635375,16.275199537399953,0.30563070104620316,0.30648778285047035,0.3064877828504695,0.0,STARLINK-5346,1,1,3,0.0008570818042671995,0.02430960837928109,False,2998.741519909326,1.130679459501446e-05,2998.7415312161206,59432.70637332838,74.29088296666048,N/A,15.968711754549483,16.328539720559196,0.35982796600971234
155,CPU_Intensive,Completed,18.181549564655015,18.182422677917742,18.182422677917742,18.94521557064584,0.7627928927280969,0.7636660059908253,0.7636660059908245,0.0,STARLINK-5346,1,1,3,0.0008731132627284154,0.07275356757856652,False,7480.697123864921,3.383886864119373e-05,7480.69715770379,51952.00924946346,64.94001156182932,N/A,18.181549564655015,18.95125919939538,0.7697096347403658
179,CPU_Intensive,Completed,19.57636616078429,19.577239178545092,19.577239178545092,19.590491799584807,0.013252621039715251,0.014125638800516966,0.014125638800518203,0.0,STARLINK-5346,1,1,4,0.0008730177608017156,0.07246497927253727,False,108.98869163834267,3.370464152211036e-05,108.9887253429842,51843.02055782512,64.8037756972814,N/A,19.57636616078429,19.661223028688685,0.08485686790439573
165,CPU_and_Data_Intensive,Completed,18.672881972294874,18.674180477863132,18.674180477863132,19.756103608717694,1.0819231308545625,1.0832216364228187,1.0832216364228202,0.0,STARLINK-5346,1,1,5,0.00129850556825627,1.358206637399781,False,10634.594601894287,0.000631724017395247,10634.595233618304,41208.425324206815,51.51053165525852,N/A,18.672881972294874,19.76122303063895,1.0883410583440742
190,CPU_and_Data_Intensive,Completed,20.182226664963252,20.190088093930747,20.190088093930747,20.245536283818794,0.055448189888046784,0.06330961885554191,0.06330961885554132,0.0,STARLINK-5346,1,1,4,0.00786142896749513,21.190088692917264,False,448.4045588742813,0.00985585520600803,448.4144147294873,40760.01090947733,50.950013636846656,N/A,20.182226664963252,20.271414069939294,0.08918740497604105
217,CPU_and_Data_Intensive,Completed,22.911996864349153,23.06709228275428,23.06709228275428,24.008450653498873,0.9413583707445916,1.0964537891497208,1.0964537891497201,0.0,STARLINK-5346,1,1,4,0.15509541840512914,466.10265820867687,False,7126.173636133097,0.2167919340505474,7126.390428067148,33633.62048141018,42.042025601762724,N/A,22.911996864349153,24.09468902192222,1.1826921575730687
276,CPU_and_Data_Intensive,Completed,28.677865150917334,28.828704407811728,28.828704407811728,29.914806065886648,1.08610165807492,1.2369409149693125,1.2369409149693134,0.0,STARLINK-5346,1,1,4,0.15083925689439232,453.24136333207434,False,8608.569863028712,0.21080993643352294,8608.780672965146,25024.839808445035,31.281049760556296,N/A,28.677865150917334,29.952608743677917,1.2747435927605828
324,CPU_and_Data_Intensive,Completed,34.516390212257576,34.59642671780175,34.59642671780175,35.1701669974357,0.5737402796339524,0.6537767851781212,0.653776785178124,0.0,STARLINK-5346,1,1,4,0.08003650554416883,239.28917639254507,False,4548.166827037585,0.1112972913453698,4548.27812432893,20476.561684116103,25.59570210514513,N/A,34.516390212257576,35.18483310408908,0.6684428918315035
360,Generic_Service,Completed,38.515315857905875,38.51618206132772,38.51618206132772,38.534307865417375,0.018125804089656583,0.018992007511497645,0.018992007511499764,0.0,STARLINK-5346,1,1,3,0.0008662034218410629,0.05187336813630898,False,162.98423750995403,2.412714797037627e-05,162.984261637102,20313.57744660615,25.391971808257686,N/A,38.515315857905875,38.6212591069627,0.10594324905682129
363,CPU_and_Data_Intensive,Completed,38.830798262281874,38.83209232080995,38.83209232080995,38.905794234066455,0.07370191325650666,0.07499597178458288,0.07499597178458117,0.0,STARLINK-5346,1,1,4,0.0012940585280762243,1.344768544193171,False,718.7131094154205,0.0006254737414851958,718.713734889162,19594.863711716986,24.49357963964623,N/A,38.830798262281874,38.92296817956677,0.09216991728489887
368,Generic_Service,Completed,39.2393764785796,39.24024187225865,39.24024187225865,39.26160226108723,0.021360388828583154,0.02222578250763483,0.02222578250763263,0.0,STARLINK-5346,1,1,3,0.0008653936790516745,0.0494264824243226,False,195.5176393293497,2.2989061592708184e-05,195.51766231841128,19399.346072387634,24.24918259048454,N/A,39.2393764785796,39.325437649194875,0.08606117061527385
370,CPU_Intensive,Completed,39.79574030850363,39.79661606669058,39.79661606669058,40.00072342608839,0.20410735939780977,0.20498311758475668,0.20498311758476007,0.0,STARLINK-5346,1,1,3,0.0008757581869469067,0.08074601575386955,False,1983.6215394554984,3.755628639714863e-05,1983.6215770117847,17415.724532932138,21.76965566616517,N/A,39.79574030850363,40.03004663817354,0.23430632966990572
378,Generic_Service,Completed,40.27697814885336,40.27784587360399,40.27784587360399,40.28842345082575,0.010577577221766887,0.011445301972391972,0.011445301972393906,0.0,STARLINK-5346,1,1,3,0.0008677247506250854,0.05647052875773211,False,87.39220811732419,2.6265362212898655e-05,87.3922343826864,17328.33232481481,21.660415406018515,N/A,40.27697814885336,40.334113794576695,0.05713564572333496
379,CPU_Intensive,Completed,40.42973409455544,40.43058957772464,40.43058957772464,41.102770765774125,0.6721811880494855,0.6730366712186787,0.6730366712186822,0.0,STARLINK-5346,1,1,3,0.0008554831691932207,0.019478843138193987,False,6605.220691472986,9.059927041020459e-06,6605.220700532913,10723.111633341825,13.40388954167728,N/A,40.42973409455544,41.140388952665646,0.7106548581102032
406,CPU_and_Data_Intensive,Completed,42.81066071041097,42.87488931399879,42.87488931399879,43.30623154407159,0.4313422300728007,0.4955708336606236,0.49557083366062216,0.0,STARLINK-5346,1,1,4,0.06422860358782292,191.52076160656804,False,3366.1843299996062,0.08907942400305491,3366.2734094236093,7356.838223918216,9.19604777989777,N/A,42.81066071041097,43.35838164209156,0.5477209316805869
449,Generic_Service,Completed,46.704709337761194,46.705586946468564,46.705586946468564,46.7269055052196,0.021318558751033834,0.022196167458403943,0.022196167458403693,0.0,STARLINK-5346,1,1,3,0.0008776087073701095,0.08633792968334521,False,184.23018853434817,4.0157176596904745e-05,184.23022869152476,7172.608035383867,8.965760044229834,N/A,46.704709337761194,46.789771764591585,0.08506242683039034
450,CPU_and_Data_Intensive,Completed,46.717899335292934,46.72232970189908,46.72232970189908,46.9522676361733,0.2299379342742256,0.23436830088036759,0.23436830088036942,0.0,STARLINK-5346,1,1,5,0.004430366606141996,10.822083470827948,False,2211.954315308239,0.005033527195733929,2211.959348835435,4960.648686548433,6.200810858185541,N/A,46.717899335292934,46.991480850245125,0.2735815149521912
468,CPU_and_Data_Intensive,Completed,48.031920257419884,48.03347392328165,48.03347392328165,48.26233320917376,0.22885928589211346,0.23041295175387408,0.23041295175387688,0.0,STARLINK-5346,1,1,4,0.0015536658617606213,2.1292515724383936,False,2241.1107170951545,0.000990349568575997,2241.111707444723,2719.53697910371,3.3994212238796373,N/A,48.031920257419884,48.307404877197676,0.27548461977779226
471,Generic_Service,Completed,48.260860947570656,48.26173460208711,48.26173460208711,48.27910587028248,0.017371268195368827,0.018244922711823448,0.018244922711822653,0.0,STARLINK-5346,1,1,3,0.0008736545164546195,0.07438913139779883,False,148.92898685938607,3.4599595998976204e-05,148.92902145898208,2570.607992244324,3.213259990305405,N/A,48.260860947570656,48.40740487799213,0.14654393042147262
496,CPU_and_Data_Intensive,Completed,51.86040155151842,51.86146495112638,51.86146495112638,52.00692158143289,0.14545663030651212,0.14652002991447308,0.14652002991446977,0.0,STARLINK-5346,1,1,4,0.0010633996079609587,0.6477620090705004,False,1427.6153916851738,0.0003012846553816281,1427.615692969829,1142.992299274495,1.4287403740931188,N/A,51.86040155151842,52.01705433308621,0.15665278156778584
608,Generic_Service,Completed,61.651355900671035,61.65222339888152,61.65222339888152,61.708348229020295,0.05612483013877778,0.05699232834926183,0.056992328349259935,0.0,STARLINK-5346,1,1,3,0.0008674982104840486,0.05578596837441215,False,535.5550913234863,2.5946962034610305e-05,535.5551172704484,607.4372079510088,0.759296509938761,N/A,61.651355900671035,61.74999867074938,0.09864277007834232
745,Generic_Service,Completed,74.69345228025654,74.69430654324414,74.69430654324414,74.71277449752728,0.018467954283138965,0.019322217270739208,0.019322217270740794,0.0,STARLINK-5346,1,1,3,0.0008542629876002429,0.01579169093997449,False,176.98086886446868,7.344972530220694e-06,176.9808762094412,430.4563390865401,0.538070423858175,N/A,74.69345228025654,74.76571053356885,0.07225825331231306
792,CPU_and_Data_Intensive,Completed,79.78459927377304,79.7855425298538,79.7855425298538,79.80531165169668,0.019769121842884374,0.020712377923639752,0.020712377923644,0.0,STARLINK-5346,1,1,4,0.0009432560807553783,0.284711563966835,False,193.12862354837765,0.00013242398324038836,193.1287559723609,237.3275831141792,0.296659478892724,N/A,79.78459927377304,79.87373725921523,0.08913798544219276
802,Generic_Service,Completed,80.77422236971584,80.77508551745956,80.77508551745956,80.78818364731184,0.013098129852281204,0.013961277595998049,0.01396127759599608,0.0,STARLINK-5346,1,1,3,0.0008631477437168449,0.042639701297207115,False,116.25734865608759,1.9832419208003308e-05,116.2573684885068,121.0702344580916,0.1513377930726145,N/A,80.77422236971584,80.87373725931559,0.09951488959974597
1550,CPU_and_Data_Intensive,Completed,156.13673254910168,156.13793136572042,156.13793136572042,156.14869614914497,0.010764783424548341,0.011963600043294715,0.01196360004328767,0.0,STARLINK-5346,1,1,4,0.0011988166187463741,1.0569659602424064,False,101.03752965428437,0.0004916120745313518,101.0380212663589,20.032213191732705,0.025040266489665883,N/A,156.13673254910168,156.18267822845348,0.04594567935180294
623,CPU_and_Data_Intensive,Rejected,62.860560299114866,N/A,N/A,N/A,0.2820549852112721,0.0,0.0,0.0,STARLINK-5346,0,N/A,N/A,0.0,160.89830662358264,False,0.0,0.0,0.0,20.032213191732705,0.025040266489665883,Insufficient Energy for CPU+NET,N/A,N/A,N/A
683,CPU_and_Data_Intensive,Rejected,68.65102870306637,N/A,N/A,N/A,0.5291050197083262,0.0,0.0,0.0,STARLINK-5346,0,N/A,N/A,0.0,292.32254996255904,False,0.0,0.0,0.0,20.032213191732705,0.025040266489665883,Insufficient Energy for CPU+NET,N/A,N/A,N/A
742,CPU_and_Data_Intensive,Rejected,74.46524843661611,N/A,N/A,N/A,0.5616729785592686,0.0,0.0,0.0,STARLINK-5346,0,N/A,N/A,0.0,339.5790166906638,False,0.0,0.0,0.0,20.032213191732705,0.025040266489665883,Insufficient Energy for CPU+NET,N/A,N/A,N/A
909,CPU_and_Data_Intensive,Rejected,92.2976297551758,N/A,N/A,N/A,0.26744308617700197,0.0,0.0,0.0,STARLINK-5346,0,N/A,N/A,0.0,140.1525255515591,False,0.0,0.0,0.0,20.032213191732705,0.025040266489665883,Insufficient Energy for CPU+NET,N/A,N/A,N/A
970,CPU_and_Data_Intensive,Rejected,98.85213648442424,N/A,N/A,N/A,0.5824319398329851,0.0,0.0,0.0,STARLINK-5346,0,N/A,N/A,0.0,334.63489552891406,False,0.0,0.0,0.0,20.032213191732705,0.025040266489665883,Insufficient Energy for CPU+NET,N/A,N/A,N/A
977,CPU_and_Data_Intensive,Rejected,99.8937070886523,N/A,N/A,N/A,0.5460862965782194,0.0,0.0,0.0,STARLINK-5346,0,N/A,N/A,0.0,280.26204176586407,False,0.0,0.0,0.0,20.032213191732705,0.025040266489665883,Insufficient Energy for CPU+NET,N/A,N/A,N/A
1030,CPU_and_Data_Intensive,Rejected,104.43616529294785,N/A,N/A,N/A,0.7488537139582783,0.0,0.0,0.0,STARLINK-5346,0,N/A,N/A,0.0,379.62674294570434,False,0.0,0.0,0.0,20.032213191732705,0.025040266489665883,Insufficient Energy for CPU+NET,N/A,N/A,N/A
1323,CPU_and_Data_Intensive,Rejected,133.8125151787603,N/A,N/A,N/A,0.033549411118985246,0.0,0.0,0.0,STARLINK-5346,0,N/A,N/A,0.0,14.074178524956835,False,0.0,0.0,0.0,20.032213191732705,0.025040266489665883,Insufficient Energy for CPU+NET,N/A,N/A,N/A
1387,CPU_and_Data_Intensive,Rejected,140.9693997970148,N/A,N/A,N/A,0.03521807496762569,0.0,0.0,0.0,STARLINK-5346,0,N/A,N/A,0.0,16.52868999701777,False,0.0,0.0,0.0,20.032213191732705,0.025040266489665883,Insufficient Energy for CPU+NET,N/A,N/A,N/A
1669,CPU_and_Data_Intensive,Rejected,169.37861556619237,N/A,N/A,N/A,0.5596366216396176,0.0,0.0,0.0,STARLINK-5346,0,N/A,N/A,0.0,283.77442960153337,False,0.0,0.0,0.0,20.032213191732705,0.025040266489665883,Insufficient Energy for CPU+NET,N/A,N/A,N/A
1720,CPU_and_Data_Intensive,Rejected,174.28164502268166,N/A,N/A,N/A,0.29703167245906625,0.0,0.0,0.0,STARLINK-5346,0,N/A,N/A,0.0,187.94273532988475,False,0.0,0.0,0.0,20.032213191732705,0.025040266489665883,Insufficient Energy for CPU+NET,N/A,N/A,N/A
1772,CPU_and_Data_Intensive,Rejected,179.74998976241125,N/A,N/A,N/A,0.4545434603110131,0.0,0.0,0.0,STARLINK-5346,0,N/A,N/A,0.0,257.3229804731234,False,0.0,0.0,0.0,20.032213191732705,0.025040266489665883,Insufficient Energy for CPU+NET,N/A,N/A,N/A
1943,CPU_and_Data_Intensive,Rejected,196.7727285004827,N/A,N/A,N/A,0.5526975393167176,0.0,0.0,0.0,STARLINK-5346,0,N/A,N/A,0.0,273.03906802837395,False,0.0,0.0,0.0,20.032213191732705,0.025040266489665883,Insufficient Energy for CPU+NET,N/A,N/A,N/A
2156,CPU_and_Data_Intensive,Rejected,216.76674624370503,N/A,N/A,N/A,0.5485871349807033,0.0,0.0,0.0,STARLINK-5346,0,N/A,N/A,0.0,325.6311784008424,False,0.0,0.0,0.0,20.032213191732705,0.025040266489665883,Insufficient Energy for CPU+NET,N/A,N/A,N/A
2164,CPU_and_Data_Intensive,Rejected,217.54436648725425,N/A,N/A,N/A,0.4176144890122624,0.0,0.0,0.0,STARLINK-5346,0,N/A,N/A,0.0,222.90305662038497,False,0.0,0.0,0.0,20.032213191732705,0.025040266489665883,Insufficient Energy for CPU+NET,N/A,N/A,N/A
2332,CPU_and_Data_Intensive,Rejected,235.94524282956897,N/A,N/A,N/A,0.4549977696641986,0.0,0.0,0.0,STARLINK-5346,0,N/A,N/A,0.0,246.5369012092455,False,0.0,0.0,0.0,20.032213191732705,0.025040266489665883,Insufficient Energy for CPU+NET,N/A,N/A,N/A
2372,CPU_and_Data_Intensive,Rejected,240.2068079240628,N/A,N/A,N/A,0.6269525328564396,0.0,0.0,0.0,STARLINK-5346,0,N/A,N/A,0.0,354.1071828456693,False,0.0,0.0,0.0,20.032213191732705,0.025040266489665883,Insufficient Energy for CPU+NET,N/A,N/A,N/A
2391,CPU_and_Data_Intensive,Rejected,242.13538495584055,N/A,N/A,N/A,0.31505224197255655,0.0,0.0,0.0,STARLINK-5346,0,N/A,N/A,0.0,189.22567057445633,False,0.0,0.0,0.0,20.032213191732705,0.025040266489665883,Insufficient Energy for CPU+NET,N/A,N/A,N/A
2417,CPU_and_Data_Intensive,Rejected,244.4503780652063,N/A,N/A,N/A,0.520205983831966,0.0,0.0,0.0,STARLINK-5346,0,N/A,N/A,0.0,335.89454615523346,False,0.0,0.0,0.0,20.032213191732705,0.025040266489665883,Insufficient Energy for CPU+NET,N/A,N/A,N/A
2454,CPU_and_Data_Intensive,Rejected,247.11253002755657,N/A,N/A,N/A,0.7907840803351334,0.0,0.0,0.0,STARLINK-5346,0,N/A,N/A,0.0,405.0674264994085,False,0.0,0.0,0.0,20.032213191732705,0.025040266489665883,Insufficient Energy for CPU+NET,N/A,N/A,N/A
2500,CPU_and_Data_Intensive,Rejected,250.53338890951562,N/A,N/A,N/A,0.9293800509048273,0.0,0.0,0.0,STARLINK-5346,0,N/A,N/A,0.0,482.6587268202155,False,0.0,0.0,0.0,20.032213191732705,0.025040266489665883,Insufficient Energy for CPU+NET,N/A,N/A,N/A
2584,CPU_and_Data_Intensive,Rejected,258.9943124413116,N/A,N/A,N/A,0.6852002452397908,0.0,0.0,0.0,STARLINK-5346,0,N/A,N/A,0.0,368.8171130807732,False,0.0,0.0,0.0,20.032213191732705,0.025040266489665883,Insufficient Energy for CPU+NET,N/A,N/A,N/A
2592,CPU_and_Data_Intensive,Rejected,259.61799505138515,N/A,N/A,N/A,0.04396280189021743,0.0,0.0,0.0,STARLINK-5346,0,N/A,N/A,0.0,19.739767647531725,False,0.0,0.0,0.0,20.032213191732705,0.025040266489665883,Insufficient Energy for CPU+NET,N/A,N/A,N/A
2756,CPU_and_Data_Intensive,Rejected,275.4222985905171,N/A,N/A,N/A,0.797876110615092,0.0,0.0,0.0,STARLINK-5346,0,N/A,N/A,0.0,401.74938389670257,False,0.0,0.0,0.0,20.032213191732705,0.025040266489665883,Insufficient Energy for CPU+NET,N/A,N/A,N/A
2784,CPU_and_Data_Intensive,Rejected,278.33812626782316,N/A,N/A,N/A,0.7473540318275717,0.0,0.0,0.0,STARLINK-5346,0,N/A,N/A,0.0,447.232190585329,False,0.0,0.0,0.0,20.032213191732705,0.025040266489665883,Insufficient Energy for CPU+NET,N/A,N/A,N/A
2792,CPU_and_Data_Intensive,Rejected,278.98787879457484,N/A,N/A,N/A,0.6880234661432415,0.0,0.0,0.0,STARLINK-5346,0,N/A,N/A,0.0,384.37082955477035,False,0.0,0.0,0.0,20.032213191732705,0.025040266489665883,Insufficient Energy for CPU+NET,N/A,N/A,N/A
2794,CPU_and_Data_Intensive,Rejected,279.4722496679614,N/A,N/A,N/A,0.3827821226155728,0.0,0.0,0.0,STARLINK-5346,0,N/A,N/A,0.0,194.32998784595478,False,0.0,0.0,0.0,20.032213191732705,0.025040266489665883,Insufficient Energy for CPU+NET,N/A,N/A,N/A
2898,CPU_and_Data_Intensive,Rejected,288.49034305644835,N/A,N/A,N/A,0.7350460254991432,0.0,0.0,0.0,STARLINK-5346,0,N/A,N/A,0.0,474.6912863559626,False,0.0,0.0,0.0,20.032213191732705,0.025040266489665883,Insufficient Energy for CPU+NET,N/A,N/A,N/A
3005,CPU_and_Data_Intensive,Rejected,299.5018881722903,N/A,N/A,N/A,0.8950926023599414,0.0,0.0,0.0,STARLINK-5346,0,N/A,N/A,0.0,456.3338605203893,False,0.0,0.0,0.0,20.032213191732705,0.025040266489665883,Insufficient Energy for CPU+NET,N/A,N/A,N/A
14000,Batch,Completed,0,0,0.0,0.009797332064389886,0.009797332064389886,0.009797332064389886,0.009797332064389886,0.0,STARLINK-30392,0,N/A,0,0.0,21.064263938438256,False,0.0,0.009797332064389886,0.009797332064389886,80000,100.0,N/A,N/A,N/A,N/A
9,Generic_Service,Completed,2.091002794456601,2.0921352796765644,2.0921352796765644,2.171948301741672,0.07981302206510765,0.08094550728507112,0.0809455072850711,0.0,STARLINK-30392,1,2,2,0.0011324852199634653,0.06925995798404581,False,764.5603657393832,3.221393394606782e-05,764.5603979533172,79235.42983692855,99.04428729616069,N/A,2.091002794456601,2.3077909481431282,0.21678815368652726
33,Generic_Service,Completed,4.538247492603689,4.539369856347768,4.539369856347768,4.688840909715352,0.14947105336758426,0.15059341711166319,0.15059341711166319,0.0,STARLINK-30392,1,2,2,0.0011223637440789364,0.046844587701971425,False,1456.2578781936559,2.1788180326498337e-05,1456.257899981836,77779.17195873486,97.22396494841858,N/A,4.538247492603689,4.828919045336605,0.290671552732916
40,CPU_Intensive,Completed,5.279658187645314,5.280767550844976,5.280767550844976,5.427966438447616,0.14719888760263977,0.1483082508023017,0.1483082508023017,0.0,STARLINK-30392,1,2,3,0.001109363199661934,0.01805313275011996,False,1442.394403911758,8.396805930288354e-06,1442.394412308564,76336.77755482309,95.42097194352885,N/A,5.279658187645314,5.638761402288376,0.3591032146430617
35,CPU_Intensive,Completed,4.623060464508118,4.6241877788034795,4.6241877788034795,6.220059027880052,1.5958712490765725,1.5969985633719341,1.5969985633719341,0.0,STARLINK-30392,1,2,3,0.0011273142953615533,0.05780824965861097,False,15678.498559042733,2.6887557980749287e-05,15678.49858593029,60658.278995780354,75.82284874472545,N/A,4.623060464508118,6.344387509859603,1.7213270453514848
42,CPU_and_Data_Intensive,Completed,5.417890616002405,5.4238564800357985,5.4238564800357985,6.481048532687165,1.0571920526513665,1.06315791668476,1.0631579166847596,0.0,STARLINK-30392,1,2,5,0.005965864033393417,10.773427714997794,False,10348.292765004988,0.005010896611626881,10348.2977759016,50309.98121987873,62.88747652484842,N/A,5.417890616002405,6.750945830885941,1.3330552148835357
189,CPU_and_Data_Intensive,Completed,20.16944984657634,20.17075070782805,20.17075070782805,21.604276477086742,1.4335257692586936,1.4348266305104003,1.4348266305104005,0.0,STARLINK-30392,1,2,3,0.001300861251706733,0.4421513367918266,False,14096.827448821508,0.00020565178455433795,14096.827654473293,36213.15356540115,45.26644195675144,N/A,20.16944984657634,21.884309168984693,1.7148593224083513
200,CPU_Intensive,Completed,21.07859065767632,21.079714898989064,21.079714898989064,22.42433632906465,1.3446214300755877,1.345745671388333,1.3457456713883325,0.0,STARLINK-30392,1,2,3,0.001124241312745289,0.0510027161573922,False,13209.440103671772,2.3722193561577767e-05,13209.440127393966,23003.7134617292,28.7546418271615,N/A,21.07859065767632,22.58739860211931,1.5088079444429923
343,CPU_Intensive,Completed,36.303080063103415,36.304204225314244,36.304204225314244,36.36167763719552,0.05747341188127564,0.05859757409210676,0.05859757409210431,0.0,STARLINK-30392,1,2,2,0.0011241622108311236,0.05082753432459727,False,550.2795242579535,2.3640713639347568e-05,550.2795478986671,22453.43393747123,28.066792421839036,N/A,36.303080063103415,36.60651679392612,0.3034367308227033
349,Generic_Service,Completed,37.17844754217209,37.17957365652115,37.17957365652115,37.193836237544055,0.014262581022904897,0.015388695371964729,0.015388695371967742,0.0,STARLINK-30392,1,2,2,0.001126114349059833,0.055150807109863725,False,124.02339875703096,2.565153819063429e-05,124.02342440856916,22329.41053871418,27.91176317339272,N/A,37.17844754217209,37.31046129543633,0.13201375326424625
351,CPU_Intensive,Completed,37.30066564465148,37.30179397626388,37.30179397626388,37.85536051816241,0.5535665418985332,0.5546948735109355,0.5546948735109325,0.0,STARLINK-30392,1,2,2,0.0011283316124023235,0.06006123513457177,False,5426.677675982201,2.7935458202126404e-05,5426.6777039176595,16902.732862731955,21.128416078414944,N/A,37.30066564465148,38.01921224738852,0.7185466027370424
381,CPU_and_Data_Intensive,Completed,40.49955884634828,40.501499108951656,40.501499108951656,40.57026723048354,0.06876812153188183,0.0707083841352601,0.07070838413525848,0.0,STARLINK-30392,1,2,3,0.001940262603378264,1.8581916672819712,False,667.8402076865711,0.0008642751940846378,667.8410719617652,16234.891790770167,20.293614738462708,N/A,40.49955884634828,40.74038894799737,0.24083010164908814
388,CPU_and_Data_Intensive,Completed,40.94339145088817,40.94965284308798,40.94965284308798,41.069948108626754,0.1202952655387719,0.12655665773858596,0.1265566577385826,0.0,STARLINK-30392,1,2,3,0.006261392199814047,11.42791460551409,False,1130.8378260824798,0.005315309118843763,1130.8431413915987,15104.048649377895,18.88006081172237,N/A,40.94339145088817,41.24478010548933,0.30138865460116193
396,CPU_Intensive,Completed,41.50889915431323,41.510007065308436,41.510007065308436,41.8614493945414,0.3514423292329667,0.3525502402281786,0.35255024022817594,0.0,STARLINK-30392,1,2,2,0.0011079109952118952,0.014837030588314232,False,3452.0939676405887,6.900944459681038e-06,3452.093974541533,11651.954681733358,14.564943352166699,N/A,41.50889915431323,42.15660676022101,0.6477076059077831
426,CPU_Intensive,Completed,44.585048925218,44.58618754946314,44.58618754946314,45.383155326287884,0.7969677768247436,0.7981064010698853,0.7981064010698873,0.0,STARLINK-30392,1,2,2,0.0011386242451416847,0.08285565530236949,False,7813.833462840004,3.8537514094125344e-05,7813.833501377519,3838.1212188933478,4.797651523616684,N/A,44.585048925218,45.58454695749746,0.9994980322794618
476,CPU_Intensive,Completed,49.43668393867742,49.43782466245353,49.43782466245353,49.61915619142674,0.18133152897321025,0.18247225274931744,0.18247225274932077,0.0,STARLINK-30392,1,2,2,0.0011407237761071878,0.08750534913628671,False,1757.6276212119187,4.070016238897056e-05,1757.627661912081,2080.4935976813945,2.6006169971017434,N/A,49.43668393867742,49.81049431082301,0.37381037214559143
504,CPU_Intensive,Completed,52.115876670443875,52.11700042866228,52.11700042866228,52.306696334450294,0.18969590578801387,0.19081966400641814,0.19081966400641903,0.0,STARLINK-30392,1,2,2,0.001123758218404262,0.04993283873449122,False,1850.9628235887842,2.3224576155577312e-05,1850.9628468133603,229.53077409257435,0.28691346761571795,N/A,52.115876670443875,52.41840158710644,0.30252491666256276
871,Generic_Service,Completed,88.39576277557322,88.39687455487278,88.39687455487278,88.41728968634851,0.02041513147572971,0.02152691077529282,0.021526910775293118,0.0,STARLINK-30392,1,2,2,0.0011117792995631096,0.023403911089286425,False,193.88856582012434,1.0885540041528569e-05,193.88857670566438,35.642208272433805,0.04455276034054226,N/A,88.39576277557322,88.57961206115434,0.18384928558111824
430,CPU_Intensive,Rejected,45.25304714606909,N/A,N/A,N/A,1.019270699320617,0.0,0.0,0.0,STARLINK-30392,0,N/A,N/A,0.0,0.023509625977553045,False,0.0,0.0,0.0,35.64220827242401,0.04455276034053001,Insufficient Energy for CPU,N/A,N/A,N/A
432,CPU_Intensive,Rejected,45.35466587175248,N/A,N/A,N/A,0.5298000038297751,0.0,0.0,0.0,STARLINK-30392,0,N/A,N/A,0.0,0.05008079852637695,False,0.0,0.0,0.0,35.64220827242401,0.04455276034053001,Insufficient Energy for CPU,N/A,N/A,N/A
473,CPU_and_Data_Intensive,Rejected,48.776891503734475,N/A,N/A,N/A,1.7757178676043914,0.0,0.0,0.0,STARLINK-30392,0,N/A,N/A,0.0,22.298234727119794,False,0.0,0.0,0.0,35.64220827242401,0.04455276034053001,Insufficient Energy for CPU+NET,N/A,N/A,N/A
474,CPU_and_Data_Intensive,Rejected,48.92056852644257,N/A,N/A,N/A,0.5256823511777434,0.0,0.0,0.0,STARLINK-30392,0,N/A,N/A,0.0,1.1431799794858248,False,0.0,0.0,0.0,35.64220827242401,0.04455276034053001,Insufficient Energy for CPU+NET,N/A,N/A,N/A
475,CPU_and_Data_Intensive,Rejected,48.941510758428834,N/A,N/A,N/A,0.5664006974633932,0.0,0.0,0.0,STARLINK-30392,0,N/A,N/A,0.0,15.875349840493037,False,0.0,0.0,0.0,35.64220827242401,0.04455276034053001,Insufficient Energy for CPU+NET,N/A,N/A,N/A
503,CPU_Intensive,Rejected,52.078741494996684,N/A,N/A,N/A,0.4681812364745637,0.0,0.0,0.0,STARLINK-30392,0,N/A,N/A,0.0,0.07875531837435634,False,0.0,0.0,0.0,35.64220827242401,0.04455276034053001,Insufficient Energy for CPU,N/A,N/A,N/A
15000,Batch,Completed,0,0,0.0,0.007975897328372271,0.007975897328372271,0.007975897328372271,0.007975897328372271,0.0,STARLINK-5780,0,N/A,0,0.0,17.148179256000383,False,0.0,0.007975897328372271,0.007975897328372271,80000,100.0,N/A,N/A,N/A,N/A
16000,Batch,Completed,0,0,0.0,0.00810156189751018,0.00810156189751018,0.00810156189751018,0.00810156189751018,0.0,STARLINK-5780,0,N/A,0,0.0,17.418358079646886,False,0.0,0.00810156189751018,0.00810156189751018,79999.99202410267,99.99999003012834,N/A,N/A,N/A,N/A
12,Generic_Service,Completed,2.6410131543697264,2.6427895569907665,2.6427895569907665,2.6850716547952955,0.04228209780452907,0.044058500425569164,0.044058500425569136,0.0,STARLINK-5780,1,2,3,0.0017764026210400914,0.041333966932376696,False,403.66893797464843,1.922510089877986e-05,403.66895719974934,79596.31498456612,99.49539373070766,N/A,2.6410131543697264,2.81068220407274,0.16966904970301355
26,CPU_Intensive,Completed,3.7056386187965087,3.707424186071359,3.707424186071359,4.94625665219095,1.2388324661195913,1.2406180333944414,1.2406180333944414,0.0,STARLINK-5780,1,2,3,0.0017855672748500276,0.06696099326970509,False,12164.294338760583,3.114464803242097e-05,12164.29436990523,67432.02064580553,84.29002580725692,N/A,3.7056386187965087,5.132770236410883,1.427131617614374
104,CPU_Intensive,Completed,12.150035653525027,12.15182000581143,12.15182000581143,13.066590222980821,0.9147702171693908,0.9165545694557935,0.9165545694557942,0.0,STARLINK-5780,1,2,3,0.0017843522864026766,0.06356353368360973,False,8978.11513358301,2.9564434271446386e-05,8978.115163147446,58453.90551222251,73.06738189027814,N/A,12.150035653525027,13.211997512148038,1.061961858623011
115,CPU_Intensive,Completed,12.992773334146321,12.994546372895629,12.994546372895629,13.319398851965902,0.32485247907027315,0.3266255178195807,0.32662551781958093,0.0,STARLINK-5780,1,2,4,0.0017730387493075758,0.031927607317231724,False,3185.5447089024187,1.48500499149915e-05,3185.5447237524686,55268.36080332007,69.08545100415009,N/A,12.992773334146321,13.515754276758031,0.52298094261171
167,CPU_and_Data_Intensive,Completed,18.82927749909626,18.83799287397957,18.83799287397957,19.062485704407013,0.22449283042744383,0.23320820531075404,0.2332082053107527,0.0,STARLINK-5780,1,2,4,0.008715374883310199,19.444710090795343,False,2118.957396697907,0.00904405120502109,2118.966440749112,53149.39436257094,66.43674295321368,N/A,18.82927749909626,19.255015977774594,0.42573847867833337
173,CPU_and_Data_Intensive,Completed,18.975165756251144,18.978972875249536,18.978972875249536,19.470411614748027,0.4914387394984914,0.49524585849688196,0.4952458584968831,0.0,STARLINK-5780,1,2,5,0.003807118998390576,5.719805098005779,False,4807.177537386348,0.0026603744641887344,4807.180197760813,48342.214164803205,60.42776770600401,N/A,18.975165756251144,19.761223028712127,0.7860572724609831
197,CPU_and_Data_Intensive,Completed,20.889404991823213,20.89512071061163,20.89512071061163,21.193119547478926,0.297998836867297,0.3037145556557114,0.3037145556557128,0.0,STARLINK-5780,1,2,4,0.005715718788414402,11.056802883271839,False,2880.265470563917,0.0051426990154752735,2880.2706132629323,45461.943551537865,56.827429439422325,N/A,20.889404991823213,21.380332323805973,0.4909273319827605
219,CPU_Intensive,Completed,23.231607153861102,23.23337395035579,23.23337395035579,24.02609429743173,0.7927203470759387,0.7944871435706289,0.7944871435706276,0.0,STARLINK-5780,1,2,3,0.0017667964946900974,0.014472455512917037,False,7792.208900871664,6.731374657170715e-06,7792.208907603039,37669.734650662635,47.08716831332829,N/A,23.231607153861102,24.198540394089825,0.9669332402287232
226,CPU_Intensive,Completed,23.980413657073715,23.982188855094034,23.982188855094034,24.909246910396785,0.9270580553027514,0.9288332533230718,0.9288332533230701,0.0,STARLINK-5780,1,2,4,0.0017751980203203285,0.037965554441131644,False,9106.509592770479,1.7658397414479834e-05,9106.509610428877,28563.22505789215,35.70403132236519,N/A,23.980413657073715,25.211564169170547,1.231150512096832
314,CPU_and_Data_Intensive,Completed,33.43134491319535,33.43455493027516,33.43455493027516,33.46919766365859,0.03464273338342849,0.03785275046323607,0.03785275046323733,0.0,STARLINK-5780,1,2,4,0.0032100170798075784,4.050135199836193,False,322.1871052088247,0.001883783813877299,322.18898899263854,28241.036068899495,35.30129508612437,N/A,33.43134491319535,33.57211758857024,0.14077267537488325
316,Generic_Service,Completed,33.64968321503671,33.65145462825009,33.65145462825009,33.670127063325424,0.018672435075330895,0.020443848288715354,0.02044384828871415,0.0,STARLINK-5780,1,2,3,0.0017714132133844582,0.02738213808533938,False,175.57680151332343,1.2735878179227619e-05,175.57681424920162,28065.459267384413,35.08182408423052,N/A,33.64968321503671,33.87463397649027,0.22495076145356308
318,CPU_Intensive,Completed,33.799924597916785,33.80169778657839,33.80169778657839,34.269361886097926,0.46766409951953847,0.4694372881811385,0.4694372881811404,0.0,STARLINK-5780,1,2,3,0.0017731886616000315,0.03234680550482554,False,4589.98584254015,1.5045025816197927e-05,4589.985857585176,23475.47342484425,29.344341781055316,N/A,33.799924597916785,34.378149710881296,0.5782251129645104
339,Generic_Service,Completed,36.14243437265914,36.14422021434952,36.14422021434952,36.1888009961434,0.04458078179388281,0.04636662348425934,0.04636662348426057,0.0,STARLINK-5780,1,2,3,0.0017858416903765333,0.06772833855857008,False,418.4995277637687,3.150155281793957e-05,418.4995592653215,23056.97389708047,28.82121737135059,N/A,36.14243437265914,36.29901293077083,0.15657855811168986
342,CPU_and_Data_Intensive,Completed,36.286692205375736,36.28890600582072,36.28890600582072,36.47333925181822,0.18443324599749644,0.1866470464424778,0.18664704644248076,0.0,STARLINK-5780,1,2,4,0.0022138004449813514,1.264424962675155,False,1808.132882189163,0.0005881046338023976,1808.1334702937968,21248.84042678665,26.56105053348331,N/A,36.286692205375736,36.606516793945424,0.31982458856968776
356,Generic_Service,Completed,37.87035711282851,37.87214964984455,37.87214964984455,37.89936546267395,0.02721581282939667,0.029008349845440498,0.029008349845440762,0.0,STARLINK-5780,1,2,3,0.0017925370160438302,0.08645040823749026,False,242.19705088378464,4.020949220348384e-05,242.19709109327684,21006.643375902324,26.258304219877903,N/A,37.87035711282851,38.12125910691363,0.25090199408511893
362,CPU_Intensive,Completed,38.7257228771754,38.72749773979366,38.72749773979366,38.81306137218645,0.08556363239279108,0.08733849501105292,0.0873384950110534,0.0,STARLINK-5780,1,2,3,0.001774862618261847,0.037027673145825266,False,830.6154378768185,1.7222173556197797e-05,830.6154550989921,20176.027938025476,25.22003492253185,N/A,38.7257228771754,38.9229681795517,0.19724530237630233
364,CPU_Intensive,Completed,39.046114324918804,39.047893897449974,39.047893897449974,39.21200245270164,0.16410855525166568,0.16588812778283382,0.16588812778283568,0.0,STARLINK-5780,1,2,3,0.0017795725311681558,0.050197953725941685,False,1599.230898989787,2.3347885453926365e-05,1599.2309223376724,18576.79703903568,23.2209962987946,N/A,39.046114324918804,39.325437649178475,0.2793233242596713
374,CPU_and_Data_Intensive,Completed,40.02383823974793,40.02624336349762,40.02624336349762,40.07826658583048,0.05202322233285628,0.054428346082545265,0.05442834608254543,0.0,STARLINK-5780,1,2,4,0.002405123749688989,1.79942033406294,False,503.421521377122,0.0008369396902618326,503.4223583168123,18073.37468071885,22.591718350898564,N/A,40.02383823974793,40.233353396586985,0.20951515683905342
376,Generic_Service,Completed,40.09229825876107,40.09409024467575,40.09409024467575,40.296660169126824,0.20256992445107613,0.2043619103657567,0.2043619103657548,0.0,STARLINK-5780,1,2,3,0.0017919859146805718,0.0849093692147783,False,1967.2739913502373,3.949272986733875e-05,1967.2740308429672,16106.100689367984,20.13262586170998,N/A,40.09229825876107,40.53984898887363,0.4475507301125603
390,Generic_Service,Completed,41.02289874416814,41.02469098439282,41.02469098439282,41.050418227139254,0.025727242746434342,0.02751948297111793,0.027519482971115394,0.0,STARLINK-5780,1,2,3,0.0017922402246835867,0.08562049363696236,False,227.80137161116565,3.9823485412540636e-05,227.80141143465107,15878.29931775679,19.847874147195988,N/A,41.02289874416814,41.344780109828775,0.3218813656606372
392,Generic_Service,Completed,41.29860826010554,41.30038994247521,41.30038994247521,41.356348125574414,0.0559581830992002,0.057739865468872144,0.057739865468874996,0.0,STARLINK-5780,1,2,3,0.0017816823696719486,0.056097673238051024,False,533.8242586596293,2.6091941040953964e-05,533.8242847515704,15344.475059097129,19.180593823871412,N/A,41.29860826010554,41.65157780149409,0.3529695413885534
397,CPU_and_Data_Intensive,Completed,41.52189221059299,41.5287089622717,41.5287089622717,41.76662191240745,0.2379129501357511,0.24472970181446646,0.24472970181446385,0.0,STARLINK-5780,1,2,4,0.006816751678715369,14.135609727826711,False,2275.231697176024,0.006574702198989168,2275.2382718782233,13069.236787218888,16.33654598402361,N/A,41.52189221059299,41.95446905309622,0.4325768425032308
413,Generic_Service,Completed,43.26651566407359,43.26829690800373,43.26829690800373,43.334539435464364,0.06624252746063775,0.06802377139077989,0.0680237713907772,0.0,STARLINK-5780,1,2,3,0.0017812439301421496,0.05487166933102948,False,635.332920903259,2.5521706665595108e-05,635.3329464249657,12433.903866309916,15.542379832887395,N/A,43.26651566407359,43.46339319144065,0.19687752736706443
424,Generic_Service,Completed,44.4633211754564,44.46511217993978,44.46511217993978,44.531061036645326,0.06594885670554618,0.0677398611889246,0.06773986118892594,0.0,STARLINK-5780,1,2,3,0.0017910044833784181,0.08216500304992613,False,624.402595957887,3.821628048833774e-05,624.4026341741675,11809.501270352011,14.761876587940016,N/A,44.4633211754564,44.77728609838213,0.3139649229257273
428,Generic_Service,Completed,45.01748543741107,45.019268871286584,45.019268871286584,45.13127987784567,0.11201100655908647,0.1137944404346049,0.11379444043460296,0.0,STARLINK-5780,1,2,3,0.00178343387551843,0.06099539085932104,False,1083.6655058128476,2.8369949236893507e-05,1083.6655341827968,10725.835764539137,13.407294705673923,N/A,45.01748543741107,45.282297926455385,0.2648124890443171
431,CPU_Intensive,Completed,45.287964844278136,45.28974028756619,45.28974028756619,45.310607534355924,0.020867246789734395,0.02264269007778969,0.022642690077788075,0.0,STARLINK-5780,1,2,3,0.0017754432880552956,0.03865139406301478,False,193.84245086475713,1.7977392587448733e-05,193.8424688421497,10531.993313674355,13.164991642092943,N/A,45.287964844278136,45.484006999049235,0.19604215477109932
436,CPU_Intensive,Completed,45.67282316718609,45.67460636026911,45.67460636026911,45.82310808857117,0.1485017283020582,0.1502849213850824,0.15028492138507943,0.0,STARLINK-5780,1,2,3,0.0017831930830241865,0.06032206530662859,False,1442.753310458864,2.8056774561222602e-05,1442.7533385156385,9089.240003215476,11.361550004019346,N/A,45.67282316718609,45.986256030109175,0.3134328629230865
441,Generic_Service,Completed,46.580322774106925,46.582106005456836,46.582106005456836,46.60951666998044,0.027410664523600303,0.029193895873508964,0.02919389587351162,0.0,STARLINK-5780,1,2,3,0.0017832313499086601,0.06042907059854623,False,251.78068504867863,2.8106544464440104e-05,251.7807131552231,8837.459318166775,11.046824147708469,N/A,46.580322774106925,46.789771764569366,0.20944899046244103
445,Generic_Service,Completed,46.634210860565595,46.63597764478459,46.63597764478459,46.74827930121365,0.11230165642906087,0.11406844064805412,0.11406844064805455,0.0,STARLINK-5780,1,2,3,0.001766784218993245,0.01443812910920664,False,1100.2422836787919,6.7154088880030884e-06,1100.2422903942008,7737.217034487961,9.67152129310995,N/A,46.634210860565595,46.991480850157174,0.35726998959157896
455,CPU_Intensive,Completed,46.97727248852965,46.97904904907539,46.97904904907539,47.14869174616144,0.16964269708604718,0.17141925763179128,0.1714192576317899,0.0,STARLINK-5780,1,2,3,0.001776560545744108,0.04177557014326527,False,1656.141339019653,1.9430497741053616e-05,1656.1413584501508,6081.075695468302,7.601344619335378,N/A,46.97727248852965,47.29399722146332,0.31672473293367176
462,Generic_Service,Completed,47.31885243081191,47.32062231686423,47.32062231686423,47.41723389211854,0.09661157525430752,0.0983814613066278,0.09838146130663006,0.0,STARLINK-5780,1,2,3,0.0017698860523202749,0.02311175345054448,False,943.3732722541529,1.0749652767695107e-05,943.3732830038057,5137.702423214133,6.422128029017666,N/A,47.31885243081191,47.60092712106579,0.28207469025387866
465,Generic_Service,Completed,47.563467081994695,47.56523386609605,47.56523386609605,47.61307892164972,0.047845055553672466,0.04961183965502812,0.04961183965502869,0.0,STARLINK-5780,1,2,3,0.0017667841013556532,0.014437800160429691,False,466.30613049497504,6.71525588857195e-06,466.30613721023093,4671.39629271915,5.839245365898938,N/A,47.563467081994695,47.90455070459127,0.3410836225965781
487,Generic_Service,Completed,51.06167503410084,51.06344174606648,51.06344174606648,51.10941960516682,0.04597785910033991,0.04774457106598572,0.04774457106598362,0.0,STARLINK-5780,1,2,3,0.001766711965645809,0.014236087823621756,False,448.00152675313143,6.6214361970333745e-06,448.0015333745676,4223.394765966013,5.279243457457517,N/A,51.06167503410084,51.21589404455176,0.15421901045092312
508,Generic_Service,Completed,52.490648687892374,52.49241713535394,52.49241713535394,52.55296783235136,0.06055069699741722,0.0623191444589792,0.06231914445898212,0.0,STARLINK-5780,1,2,3,0.0017684474615619853,0.0190890370429312,False,589.8967157765079,8.878621880433116e-06,589.8967246551298,3633.498050189501,4.541872562736876,N/A,52.490648687892374,52.72011065969152,0.22946197179914662
520,Generic_Service,Completed,53.39155861507216,53.39332526549311,53.39332526549311,53.45422426592433,0.06089900043122043,0.06266565085217131,0.06266565085217479,0.0,STARLINK-5780,1,2,3,0.001766650420950879,0.014063991031903698,False,594.8029523207526,6.541391177629627e-06,594.8029588621438,3038.695097868742,3.798368872335928,N/A,53.39155861507216,53.62318703778973,0.23162842271757
521,Generic_Service,Completed,53.45349772213335,53.45528603806245,53.45528603806245,53.47966603784702,0.024379999784571282,0.026168315713667657,0.026168315713668733,0.0,STARLINK-5780,1,2,3,0.0017883159290963736,0.07464702661304316,False,217.78447938161,3.471954726188054e-05,217.78451410115727,2820.910618487132,3.526138273108915,N/A,53.45349772213335,53.72489611038097,0.2713983882476185
544,Generic_Service,Completed,55.41686766420708,55.418651494907245,55.418651494907245,55.47203960546886,0.05338811056161319,0.05517194126177374,0.055171941261775714,0.0,STARLINK-5780,1,2,3,0.0017838307001605475,0.06210502748780134,False,506.77729109513274,2.8886059296651788e-05,506.777319981192,2314.1333273919668,2.8926666592399584,N/A,55.41686766420708,55.62660518303523,0.20973751882814895
591,CPU_Intensive,Completed,59.357397736133066,59.35916478098069,59.35916478098069,59.38121656842375,0.022051787443061244,0.023818832290686157,0.023818832290686487,0.0,STARLINK-5780,1,2,3,0.0017670448476249147,0.015166922247123026,False,212.41226789794038,7.054382440522338e-06,212.41227495232283,2101.7210594939997,2.6271513243674995,N/A,59.357397736133066,59.542907856186474,0.18551012005340795
598,Generic_Service,Completed,60.31084770399873,60.312614014286254,60.312614014286254,60.334056243341216,0.02144222905496207,0.023208539342486935,0.023208539342483903,0.0,STARLINK-5780,1,2,3,0.0017663102875248643,0.013112879462666373,False,207.0224371153233,6.099013703565755e-06,207.02244321433702,1894.6986223786719,2.36837327797334,N/A,60.31084770399873,60.44577721050459,0.13492950650585556
618,Generic_Service,Completed,62.31065518331927,62.31242189013482,62.31242189013482,62.34744734013732,0.035025450002500236,0.036792156818054395,0.036792156818052035,0.0,STARLINK-5780,1,2,3,0.001766706815554158,0.01422168667578534,False,340.28787837580296,6.614737988737367e-06,340.28788499054093,1554.4107440028638,1.9430134300035797,N/A,62.31065518331927,62.45251503862626,0.14185985530698986
654,Generic_Service,Completed,65.59858739956358,65.60037364866697,65.60037364866697,65.62119786339005,0.020824214723077716,0.02261046382646891,0.022610463826467253,0.0,STARLINK-5780,1,2,3,0.0017862491033911946,0.06886758334330809,False,184.51595256832175,3.203143411316655e-05,184.51598459975585,1369.8947914345374,1.7123684892931719,N/A,65.59858739956358,65.757453138624,0.1588657390604169
670,Generic_Service,Completed,67.38722822084033,67.38901667343592,67.38901667343592,67.41251098001642,0.023494306580502666,0.025282759176089433,0.02528275917609335,0.0,STARLINK-5780,1,2,3,0.0017884525955867677,0.07502918570179767,False,208.96100592670157,3.4897295675254735e-05,208.96104082399725,1160.9337855078065,1.4511672318847582,N/A,67.38722822084033,67.55916221129227,0.17193399045194724
744,Generic_Service,Completed,74.67215698755388,74.6739420630624,74.6739420630624,74.70002438218263,0.026082319120234843,0.027867394628753463,0.02786739462875687,0.0,STARLINK-5780,1,2,3,0.0017850755085186184,0.0655858721807696,False,237.1968287821228,3.050505682826493e-05,237.19685928717962,923.7369567256551,1.1546711959070688,N/A,74.67215698755388,74.867419606154,0.1952626186001254
774,Generic_Service,Completed,77.68579473684474,77.68758638157071,77.68758638157071,77.70996699428345,0.022380612712737502,0.024172257438710563,0.02417225743870688,0.0,STARLINK-5780,1,2,3,0.0017916447259730597,0.08395530677284115,False,195.37762687538537,3.904897989434472e-05,195.37766592436526,728.3593298502494,0.9104491623128118,N/A,77.68579473684474,77.87193059738154,0.18613586053679398
17000,Batch,Completed,0,0,0.0,0.2200713688928825,0.2200713688928825,0.2200713688928825,0.2200713688928825,0.0,STARLINK-3912,0,N/A,0,0.0,473.1534431196974,False,0.0,0.2200713688928825,0.2200713688928825,80000,100.0,N/A,N/A,N/A,N/A
18,Generic_Service,Completed,3.1759075958965974,3.178057765322935,3.178057765322935,3.265290212605424,0.08723244728248902,0.08938261670882691,0.08938261670882675,0.0,STARLINK-3912,1,2,2,0.0021501694263378894,0.040831081196664676,False,845.9076932992551,1.899120055658822e-05,845.9077122904557,79153.87223533184,98.94234029416481,N/A,3.1759075958965974,3.4122798888374564,0.23637229294085893
34,Generic_Service,Completed,4.577287041016002,4.579441198094219,4.579441198094219,4.624096020119516,0.04465482202529625,0.046808979103513594,0.04680897910351334,0.0,STARLINK-3912,1,2,2,0.0021541570782173452,0.05117317245194514,False,424.10574010024646,2.380147555904425e-05,424.105763901722,78729.76649523158,98.41220811903948,N/A,4.577287041016002,4.728379086904688,0.15109204588868597
37,CPU_and_Data_Intensive,Completed,4.952567852616126,4.95512169618195,4.95512169618195,5.2581513572107825,0.3030296610288321,0.3055835045946561,0.3055835045946562,0.0,STARLINK-3912,1,2,3,0.0025538435658240253,1.087771715475891,False,2975.346984833391,0.0005059403327794842,2975.347490773724,75754.41900445784,94.6930237555723,N/A,4.952567852616126,5.438221443428645,0.485653590812519
55,CPU_and_Data_Intensive,Completed,6.6454753147598415,6.6484319979413575,6.6484319979413575,6.741959871506265,0.09352787356490744,0.09648455674642319,0.09648455674642342,0.0,STARLINK-3912,1,2,3,0.0029566831815157494,2.132547987996014,False,910.0994808663291,0.0009918827851144252,910.1004727491143,74844.31853170831,93.55539816463539,N/A,6.6454753147598415,6.854613096456173,0.2091377816963318
65,CPU_Intensive,Completed,8.135128855834088,8.137281059802671,8.137281059802671,8.457265366953603,0.31998430715093207,0.32213651111951597,0.32213651111951513,0.0,STARLINK-3912,1,2,2,0.00215220396858388,0.04610772575010751,False,3133.487609966108,2.144545383725931e-05,3133.487631411562,71710.83092174155,89.63853865217693,N/A,8.135128855834088,8.566822446315081,0.4316935904809931
78,CPU_and_Data_Intensive,Completed,9.62147281233406,9.702296245689594,9.702296245689594,10.425955354886762,0.7236591091971682,0.8044825425527019,0.8044825425527016,0.0,STARLINK-3912,1,2,3,0.08082343335553362,204.08223176071186,False,6183.684215682773,0.09492196826079621,6183.779137651034,65527.0517840905,81.90881473011312,N/A,9.62147281233406,10.58586986656437,0.9643970542303091
117,CPU_and_Data_Intensive,Completed,13.999397892748066,14.002230920619906,14.002230920619906,14.079042897017613,0.07681197639770687,0.07964500426954708,0.07964500426954757,0.0,STARLINK-3912,1,2,3,0.002833027871840213,1.8118443419598869,False,747.1642306434168,0.0008427182985859939,747.1650733617154,64779.886710664636,80.9748583883308,N/A,13.999397892748066,14.217351962906394,0.2179540701583278
122,Generic_Service,Completed,14.30896813591454,14.311124131962485,14.311124131962485,14.367838657127471,0.05671452516498654,0.05887052121293139,0.05887052121293124,0.0,STARLINK-3912,1,2,2,0.0021559960479448515,0.0559425939843389,False,541.3086428409789,2.6019811155506465e-05,541.30866886079,64238.57806782287,80.29822258477859,N/A,14.30896813591454,14.521095478315416,0.21212734240087627
126,CPU_and_Data_Intensive,Completed,15.318855667270537,15.321549834471176,15.321549834471176,15.683202512585762,0.3616526781145861,0.36434684531522576,0.3643468453152252,0.0,STARLINK-3912,1,2,3,0.0026941672006396415,1.4517051480837864,False,3550.2446347937616,0.0006752116967831565,3550.2453100054586,60688.33275781739,75.86041594727175,N/A,15.318855667270537,15.827357551368593,0.508501884098056
149,CPU_and_Data_Intensive,Completed,17.544130656060897,17.551095673457635,17.551095673457635,17.807275669844042,0.25617999638640754,0.2631450137831434,0.26314501378314503,0.0,STARLINK-3912,1,2,3,0.0069650173967359,12.52827948327511,False,2462.2423446683697,0.005827106736407028,2462.248171775106,58226.08458604167,72.78260573255208,N/A,17.544130656060897,17.945440719583324,0.40131006352242693
161,CPU_Intensive,Completed,18.421471476284403,18.42362427034739,18.42362427034739,20.091215096073366,1.667590825725977,1.6697436197889652,1.6697436197889637,0.0,STARLINK-3912,1,2,2,0.0021527940629881706,0.04763815276903702,False,16386.863448664128,2.2157280357691637e-05,16386.86347082141,41839.22113737225,52.29902642171531,N/A,18.421471476284403,20.371414077830135,1.9499426015457324
187,CPU_and_Data_Intensive,Completed,19.939469076530777,19.94207325638897,19.94207325638897,20.56600293568258,0.6239296792936102,0.6265338591518009,0.6265338591518024,0.0,STARLINK-3912,1,2,4,0.0026041798581907575,1.2183203553386661,False,6130.829257847533,0.0005666606303900772,6130.829824508163,35708.39131286407,44.635489141080086,N/A,19.939469076530777,20.777255941107274,0.837786864576497
269,CPU_and_Data_Intensive,Completed,27.875104418446195,27.879232376063616,27.879232376063616,27.98355004143968,0.10431766537606535,0.10844562299348474,0.10844562299348581,0.0,STARLINK-3912,1,2,3,0.004127957617419399,5.170282340761324,False,1002.3220266189335,0.0024047824840750347,1002.3244314014175,34706.06688146223,43.38258360182779,N/A,27.875104418446195,28.236370612672243,0.36126619422604733
279,Generic_Service,Completed,28.89121275226263,28.893368438564952,28.893368438564952,29.042360254538682,0.14899181597373,0.15114750227605295,0.15114750227605356,0.0,STARLINK-3912,1,2,2,0.002155686302322926,0.055139259695210135,False,1449.1004915106823,2.5646167300097737e-05,1449.1005171568497,33256.96638994979,41.571207987437234,N/A,28.89121275226263,29.25056172631469,0.359348974052061
278,CPU_and_Data_Intensive,Completed,28.88303458349175,28.98372935130048,28.98372935130048,29.97663442214975,0.9929050708492717,1.0935998386580008,1.093599838658001,0.0,STARLINK-3912,1,2,4,0.100694767808729,255.6191162460197,False,8595.988200672356,0.11889261220745102,8596.107093284563,24660.859296665203,30.826074120831503,N/A,28.88303458349175,30.15538886877548,1.272354285283729
333,Generic_Service,Completed,35.586298546048184,35.58845788927411,35.58845788927411,35.737796946813795,0.14933905753968446,0.15149840076561313,0.15149840076561105,0.0,STARLINK-3912,1,2,2,0.0021593432259286744,0.06462359754302528,False,1449.7210589935728,3.0057487229314085e-05,1449.72108905106,23211.138237569332,29.013922796961666,N/A,35.586298546048184,35.994553815421206,0.40825526937302214
341,CPU_and_Data_Intensive,Completed,36.27448865427115,36.2772835047254,36.2772835047254,36.73362299341521,0.45633948868980667,0.45913433914405444,0.45913433914405744,0.0,STARLINK-3912,1,2,3,0.0027948504542477937,1.7128300978464788,False,4480.303109217573,0.0007966651617890599,4480.303905882735,18730.834331686576,23.41354291460822,N/A,36.27448865427115,36.909921240390815,0.6354325861196628
373,CPU_and_Data_Intensive,Completed,39.96621988353659,39.9688219795639,39.9688219795639,40.055504875213074,0.08668289564917586,0.08928499167648495,0.08928499167648596,0.0,STARLINK-3912,1,2,3,0.002602096027309089,1.212915879273487,False,846.9853497030397,0.0005641469205923196,846.9859138499603,17883.84841783592,22.3548105222949,N/A,39.96621988353659,40.33411379413418,0.36789391059759424
375,CPU_and_Data_Intensive,Completed,40.04778323402512,40.12190659733692,40.12190659733692,42.014839774089246,1.8929331767523294,1.967056540064128,1.967056540064128,0.0,STARLINK-3912,1,2,3,0.07412336331179858,186.7054050206276,False,17763.085482340404,0.08683972326540819,17763.17232206367,120.6760957717532,0.1508451197146915,N/A,40.04778323402512,42.25660676095581,2.2088235269306935
730,CPU_and_Data_Intensive,Rejected,72.52895201732142,N/A,N/A,N/A,1.7984812804865662,0.0,0.0,0.0,STARLINK-3912,0,N/A,N/A,0.0,0.8522207230734758,False,0.0,0.0,0.0,120.67609571238135,0.1508451196404767,Insufficient Energy for CPU+NET,N/A,N/A,N/A
755,CPU_and_Data_Intensive,Rejected,75.22947678688244,N/A,N/A,N/A,1.3180629480497272,0.0,0.0,0.0,STARLINK-3912,0,N/A,N/A,0.0,237.53484579736903,False,0.0,0.0,0.0,120.67609571238135,0.1508451196404767,Insufficient Energy for CPU+NET,N/A,N/A,N/A
772,CPU_and_Data_Intensive,Rejected,77.15836814113251,N/A,N/A,N/A,0.9236676972806461,0.0,0.0,0.0,STARLINK-3912,0,N/A,N/A,0.0,1.6709988810211613,False,0.0,0.0,0.0,120.67609571238135,0.1508451196404767,Insufficient Energy for CPU+NET,N/A,N/A,N/A
779,CPU_Intensive,Rejected,78.19871747325573,N/A,N/A,N/A,0.9383759847376598,0.0,0.0,0.0,STARLINK-3912,0,N/A,N/A,0.0,0.018295374540694354,False,0.0,0.0,0.0,120.67609571238135,0.1508451196404767,Insufficient Energy for CPU,N/A,N/A,N/A
791,CPU_and_Data_Intensive,Rejected,79.78417772365908,N/A,N/A,N/A,1.018273918076623,0.0,0.0,0.0,STARLINK-3912,0,N/A,N/A,0.0,8.46385598367614,False,0.0,0.0,0.0,120.67609571238135,0.1508451196404767,Insufficient Energy for CPU+NET,N/A,N/A,N/A
797,CPU_Intensive,Rejected,80.01682709225297,N/A,N/A,N/A,1.0027211991842404,0.0,0.0,0.0,STARLINK-3912,0,N/A,N/A,0.0,0.025264593512213593,False,0.0,0.0,0.0,120.67609571238135,0.1508451196404767,Insufficient Energy for CPU,N/A,N/A,N/A
810,CPU_and_Data_Intensive,Rejected,81.71514777122681,N/A,N/A,N/A,0.8416134758812277,0.0,0.0,0.0,STARLINK-3912,0,N/A,N/A,0.0,175.7556438019079,False,0.0,0.0,0.0,120.67609571238135,0.1508451196404767,Insufficient Energy for CPU+NET,N/A,N/A,N/A
813,CPU_and_Data_Intensive,Rejected,81.81228318196267,N/A,N/A,N/A,1.3208985178456725,0.0,0.0,0.0,STARLINK-3912,0,N/A,N/A,0.0,437.7474426207078,False,0.0,0.0,0.0,120.67609571238135,0.1508451196404767,Insufficient Energy for CPU+NET,N/A,N/A,N/A
838,CPU_Intensive,Rejected,84.69239098477937,N/A,N/A,N/A,0.8467589709502225,0.0,0.0,0.0,STARLINK-3912,0,N/A,N/A,0.0,0.08443791076056975,False,0.0,0.0,0.0,120.67609571238135,0.1508451196404767,Insufficient Energy for CPU,N/A,N/A,N/A
843,CPU_Intensive,Rejected,84.8096661713964,N/A,N/A,N/A,1.6930452080630125,0.0,0.0,0.0,STARLINK-3912,0,N/A,N/A,0.0,0.04718916414536247,False,0.0,0.0,0.0,120.67609571238135,0.1508451196404767,Insufficient Energy for CPU,N/A,N/A,N/A
846,CPU_Intensive,Rejected,85.39038368641312,N/A,N/A,N/A,1.7218892105000596,0.0,0.0,0.0,STARLINK-3912,0,N/A,N/A,0.0,0.0578372957925321,False,0.0,0.0,0.0,120.67609571238135,0.1508451196404767,Insufficient Energy for CPU,N/A,N/A,N/A
849,CPU_Intensive,Rejected,85.69769649769775,N/A,N/A,N/A,0.9095252324741071,0.0,0.0,0.0,STARLINK-3912,0,N/A,N/A,0.0,0.048836100843878544,False,0.0,0.0,0.0,120.67609571238135,0.1508451196404767,Insufficient Energy for CPU,N/A,N/A,N/A
853,CPU_Intensive,Rejected,86.32659071818394,N/A,N/A,N/A,1.5204255324003577,0.0,0.0,0.0,STARLINK-3912,0,N/A,N/A,0.0,0.07013921562990606,False,0.0,0.0,0.0,120.67609571238135,0.1508451196404767,Insufficient Energy for CPU,N/A,N/A,N/A
856,CPU_and_Data_Intensive,Rejected,86.97834431445784,N/A,N/A,N/A,1.1861539655345668,0.0,0.0,0.0,STARLINK-3912,0,N/A,N/A,0.0,373.16368812276664,False,0.0,0.0,0.0,120.67609571238135,0.1508451196404767,Insufficient Energy for CPU+NET,N/A,N/A,N/A
859,CPU_Intensive,Rejected,87.1464902516698,N/A,N/A,N/A,1.5818245134223545,0.0,0.0,0.0,STARLINK-3912,0,N/A,N/A,0.0,0.018577437137320407,False,0.0,0.0,0.0,120.67609571238135,0.1508451196404767,Insufficient Energy for CPU,N/A,N/A,N/A
863,CPU_and_Data_Intensive,Rejected,87.33160350338012,N/A,N/A,N/A,1.2990374261708801,0.0,0.0,0.0,STARLINK-3912,0,N/A,N/A,0.0,1.6258380384366808,False,0.0,0.0,0.0,120.67609571238135,0.1508451196404767,Insufficient Energy for CPU+NET,N/A,N/A,N/A
868,CPU_and_Data_Intensive,Rejected,88.13023081884714,N/A,N/A,N/A,0.5827067684590136,0.0,0.0,0.0,STARLINK-3912,0,N/A,N/A,0.0,21.75363628018773,False,0.0,0.0,0.0,120.67609571238135,0.1508451196404767,Insufficient Energy for CPU+NET,N/A,N/A,N/A
870,CPU_Intensive,Rejected,88.3853840773947,N/A,N/A,N/A,1.535466531909327,0.0,0.0,0.0,STARLINK-3912,0,N/A,N/A,0.0,0.059197750869788256,False,0.0,0.0,0.0,120.67609571238135,0.1508451196404767,Insufficient Energy for CPU,N/A,N/A,N/A
873,CPU_Intensive,Rejected,88.55896407378499,N/A,N/A,N/A,0.5502166387977798,0.0,0.0,0.0,STARLINK-3912,0,N/A,N/A,0.0,0.037737466993393094,False,0.0,0.0,0.0,120.67609571238135,0.1508451196404767,Insufficient Energy for CPU,N/A,N/A,N/A
879,CPU_and_Data_Intensive,Rejected,89.22268298929743,N/A,N/A,N/A,0.89465819301941,0.0,0.0,0.0,STARLINK-3912,0,N/A,N/A,0.0,0.28787930326366434,False,0.0,0.0,0.0,120.67609571238135,0.1508451196404767,Insufficient Energy for CPU+NET,N/A,N/A,N/A
881,CPU_Intensive,Rejected,89.59441361505887,N/A,N/A,N/A,0.2114581168689254,0.0,0.0,0.0,STARLINK-3912,0,N/A,N/A,0.0,0.01586282860852748,False,0.0,0.0,0.0,120.67609571238135,0.1508451196404767,Insufficient Energy for CPU,N/A,N/A,N/A
882,CPU_Intensive,Rejected,89.63404311218986,N/A,N/A,N/A,0.6242576607982812,0.0,0.0,0.0,STARLINK-3912,0,N/A,N/A,0.0,0.08258069977398662,False,0.0,0.0,0.0,120.67609571238135,0.1508451196404767,Insufficient Energy for CPU,N/A,N/A,N/A
883,CPU_Intensive,Rejected,89.71503522398612,N/A,N/A,N/A,0.9212965072061663,0.0,0.0,0.0,STARLINK-3912,0,N/A,N/A,0.0,0.05452583822793571,False,0.0,0.0,0.0,120.67609571238135,0.1508451196404767,Insufficient Energy for CPU,N/A,N/A,N/A
885,CPU_and_Data_Intensive,Rejected,90.0251579120903,N/A,N/A,N/A,0.3435088913945379,0.0,0.0,0.0,STARLINK-3912,0,N/A,N/A,0.0,14.999715655837264,False,0.0,0.0,0.0,120.67609571238135,0.1508451196404767,Insufficient Energy for CPU+NET,N/A,N/A,N/A
886,CPU_Intensive,Rejected,90.03225827459089,N/A,N/A,N/A,0.32622867918533976,0.0,0.0,0.0,STARLINK-3912,0,N/A,N/A,0.0,0.08332187928427412,False,0.0,0.0,0.0,120.67609571238135,0.1508451196404767,Insufficient Energy for CPU,N/A,N/A,N/A
887,CPU_Intensive,Rejected,90.03707088472815,N/A,N/A,N/A,0.3172309265078962,0.0,0.0,0.0,STARLINK-3912,0,N/A,N/A,0.0,0.08596557635232376,False,0.0,0.0,0.0,120.67609571238135,0.1508451196404767,Insufficient Energy for CPU,N/A,N/A,N/A
890,CPU_Intensive,Rejected,90.35496714692073,N/A,N/A,N/A,0.9327538381210073,0.0,0.0,0.0,STARLINK-3912,0,N/A,N/A,0.0,0.05199866111608921,False,0.0,0.0,0.0,120.67609571238135,0.1508451196404767,Insufficient Energy for CPU,N/A,N/A,N/A
892,CPU_Intensive,Rejected,90.73440259845846,N/A,N/A,N/A,1.4820784688694586,0.0,0.0,0.0,STARLINK-3912,0,N/A,N/A,0.0,0.06764550205843783,False,0.0,0.0,0.0,120.67609571238135,0.1508451196404767,Insufficient Energy for CPU,N/A,N/A,N/A
894,CPU_Intensive,Rejected,90.9966762942511,N/A,N/A,N/A,0.2694469761362926,0.0,0.0,0.0,STARLINK-3912,0,N/A,N/A,0.0,0.01910586901002531,False,0.0,0.0,0.0,120.67609571238135,0.1508451196404767,Insufficient Energy for CPU,N/A,N/A,N/A
895,CPU_and_Data_Intensive,Rejected,91.01093715677771,N/A,N/A,N/A,0.10932275152656448,0.0,0.0,0.0,STARLINK-3912,0,N/A,N/A,0.0,18.068525550417615,False,0.0,0.0,0.0,120.67609571238135,0.1508451196404767,Insufficient Energy for CPU+NET,N/A,N/A,N/A
896,CPU_and_Data_Intensive,Rejected,91.01793636477895,N/A,N/A,N/A,0.8429277787506847,0.0,0.0,0.0,STARLINK-3912,0,N/A,N/A,0.0,1.0008663945239487,False,0.0,0.0,0.0,120.67609571238135,0.1508451196404767,Insufficient Energy for CPU+NET,N/A,N/A,N/A
897,CPU_Intensive,Rejected,91.11925778571606,N/A,N/A,N/A,1.4305960563308708,0.0,0.0,0.0,STARLINK-3912,0,N/A,N/A,0.0,0.050431711636233,False,0.0,0.0,0.0,120.67609571238135,0.1508451196404767,Insufficient Energy for CPU,N/A,N/A,N/A
898,CPU_and_Data_Intensive,Rejected,91.27164929352058,N/A,N/A,N/A,0.4141643241185411,0.0,0.0,0.0,STARLINK-3912,0,N/A,N/A,0.0,1.5919844548197628,False,0.0,0.0,0.0,120.67609571238135,0.1508451196404767,Insufficient Energy for CPU+NET,N/A,N/A,N/A
901,CPU_Intensive,Rejected,91.3847926020354,N/A,N/A,N/A,0.07616360809024701,0.0,0.0,0.0,STARLINK-3912,0,N/A,N/A,0.0,0.04667097866260334,False,0.0,0.0,0.0,120.67609571238135,0.1508451196404767,Insufficient Energy for CPU,N/A,N/A,N/A
906,CPU_and_Data_Intensive,Rejected,92.00117265873487,N/A,N/A,N/A,0.5647797754398582,0.0,0.0,0.0,STARLINK-3912,0,N/A,N/A,0.0,0.13979904416307137,False,0.0,0.0,0.0,120.67609571238135,0.1508451196404767,Insufficient Energy for CPU+NET,N/A,N/A,N/A
908,CPU_and_Data_Intensive,Rejected,92.15519383699697,N/A,N/A,N/A,0.23032525129148326,0.0,0.0,0.0,STARLINK-3912,0,N/A,N/A,0.0,20.434033196626213,False,0.0,0.0,0.0,120.67609571238135,0.1508451196404767,Insufficient Energy for CPU+NET,N/A,N/A,N/A
911,CPU_Intensive,Rejected,92.42844683514126,N/A,N/A,N/A,0.7121874408353038,0.0,0.0,0.0,STARLINK-3912,0,N/A,N/A,0.0,0.08455882172602042,False,0.0,0.0,0.0,120.67609571238135,0.1508451196404767,Insufficient Energy for CPU,N/A,N/A,N/A
912,CPU_Intensive,Rejected,92.78562683465238,N/A,N/A,N/A,0.5838361208657687,0.0,0.0,0.0,STARLINK-3912,0,N/A,N/A,0.0,0.05456365375172109,False,0.0,0.0,0.0,120.67609571238135,0.1508451196404767,Insufficient Energy for CPU,N/A,N/A,N/A
913,CPU_Intensive,Rejected,92.82844101762375,N/A,N/A,N/A,1.3560351930396073,0.0,0.0,0.0,STARLINK-3912,0,N/A,N/A,0.0,0.05620420791057308,False,0.0,0.0,0.0,120.67609571238135,0.1508451196404767,Insufficient Energy for CPU,N/A,N/A,N/A
915,CPU_Intensive,Rejected,93.00709477321706,N/A,N/A,N/A,0.10307576339582648,0.0,0.0,0.0,STARLINK-3912,0,N/A,N/A,0.0,0.020859276216400394,False,0.0,0.0,0.0,120.67609571238135,0.1508451196404767,Insufficient Energy for CPU,N/A,N/A,N/A
916,CPU_Intensive,Rejected,93.14588287691915,N/A,N/A,N/A,0.15602141981765075,0.0,0.0,0.0,STARLINK-3912,0,N/A,N/A,0.0,0.04386028320822984,False,0.0,0.0,0.0,120.67609571238135,0.1508451196404767,Insufficient Energy for CPU,N/A,N/A,N/A
917,CPU_and_Data_Intensive,Rejected,93.21473268689368,N/A,N/A,N/A,0.300409622351358,0.0,0.0,0.0,STARLINK-3912,0,N/A,N/A,0.0,1.685170052789479,False,0.0,0.0,0.0,120.67609571238135,0.1508451196404767,Insufficient Energy for CPU+NET,N/A,N/A,N/A
919,CPU_and_Data_Intensive,Rejected,93.33795686817723,N/A,N/A,N/A,0.31284937409044905,0.0,0.0,0.0,STARLINK-3912,0,N/A,N/A,0.0,20.062990192982532,False,0.0,0.0,0.0,120.67609571238135,0.1508451196404767,Insufficient Energy for CPU+NET,N/A,N/A,N/A
920,CPU_Intensive,Rejected,93.45181873563004,N/A,N/A,N/A,0.664620940495605,0.0,0.0,0.0,STARLINK-3912,0,N/A,N/A,0.0,0.030013947614406532,False,0.0,0.0,0.0,120.67609571238135,0.1508451196404767,Insufficient Energy for CPU,N/A,N/A,N/A
921,CPU_Intensive,Rejected,93.45668353785086,N/A,N/A,N/A,1.2758007380255036,0.0,0.0,0.0,STARLINK-3912,0,N/A,N/A,0.0,0.03731941863409862,False,0.0,0.0,0.0,120.67609571238135,0.1508451196404767,Insufficient Energy for CPU,N/A,N/A,N/A
922,Generic_Service,Rejected,93.53527583528354,N/A,N/A,N/A,0.09170623674168571,0.0,0.0,0.0,STARLINK-3912,0,N/A,N/A,0.0,0.012060153376209994,False,0.0,0.0,0.0,120.67609571238135,0.1508451196404767,Insufficient Energy for CPU,N/A,N/A,N/A
923,CPU_Intensive,Rejected,93.60369449231032,N/A,N/A,N/A,1.2086026469045372,0.0,0.0,0.0,STARLINK-3912,0,N/A,N/A,0.0,0.04268536203457056,False,0.0,0.0,0.0,120.67609571238135,0.1508451196404767,Insufficient Energy for CPU,N/A,N/A,N/A
925,Generic_Service,Rejected,93.67592002446486,N/A,N/A,N/A,0.1211060138631494,0.0,0.0,0.0,STARLINK-3912,0,N/A,N/A,0.0,0.011708962761602347,False,0.0,0.0,0.0,120.67609571238135,0.1508451196404767,Insufficient Energy for CPU,N/A,N/A,N/A
927,CPU_and_Data_Intensive,Rejected,93.77393548594652,N/A,N/A,N/A,1.5148875489974851,0.0,0.0,0.0,STARLINK-3912,0,N/A,N/A,0.0,1.1223458253692258,False,0.0,0.0,0.0,120.67609571238135,0.1508451196404767,Insufficient Energy for CPU+NET,N/A,N/A,N/A
928,CPU_and_Data_Intensive,Rejected,93.9328506769235,N/A,N/A,N/A,0.15092016479113723,0.0,0.0,0.0,STARLINK-3912,0,N/A,N/A,0.0,0.9000389854352818,False,0.0,0.0,0.0,120.67609571238135,0.1508451196404767,Insufficient Energy for CPU+NET,N/A,N/A,N/A
930,CPU_and_Data_Intensive,Rejected,94.44246592525886,N/A,N/A,N/A,0.27117531936271766,0.0,0.0,0.0,STARLINK-3912,0,N/A,N/A,0.0,0.8150030556122394,False,0.0,0.0,0.0,120.67609571238135,0.1508451196404767,Insufficient Energy for CPU+NET,N/A,N/A,N/A
931,CPU_and_Data_Intensive,Rejected,94.48110399178192,N/A,N/A,N/A,1.423711333608658,0.0,0.0,0.0,STARLINK-3912,0,N/A,N/A,0.0,1.1381938334926738,False,0.0,0.0,0.0,120.67609571238135,0.1508451196404767,Insufficient Energy for CPU+NET,N/A,N/A,N/A
932,CPU_and_Data_Intensive,Rejected,94.67582895390002,N/A,N/A,N/A,0.9824835912028363,0.0,0.0,0.0,STARLINK-3912,0,N/A,N/A,0.0,0.1899178076818595,False,0.0,0.0,0.0,120.67609571238135,0.1508451196404767,Insufficient Energy for CPU+NET,N/A,N/A,N/A
933,CPU_Intensive,Rejected,94.74505203732575,N/A,N/A,N/A,0.5886463411845945,0.0,0.0,0.0,STARLINK-3912,0,N/A,N/A,0.0,0.06703514653651292,False,0.0,0.0,0.0,120.67609571238135,0.1508451196404767,Insufficient Energy for CPU,N/A,N/A,N/A
934,CPU_and_Data_Intensive,Rejected,94.86846635521093,N/A,N/A,N/A,0.09139690875441359,0.0,0.0,0.0,STARLINK-3912,0,N/A,N/A,0.0,0.06756133171092923,False,0.0,0.0,0.0,120.67609571238135,0.1508451196404767,Insufficient Energy for CPU+NET,N/A,N/A,N/A
936,CPU_Intensive,Rejected,95.15763483512568,N/A,N/A,N/A,1.1756726521191274,0.0,0.0,0.0,STARLINK-3912,0,N/A,N/A,0.0,0.02143765043164613,False,0.0,0.0,0.0,120.67609571238135,0.1508451196404767,Insufficient Energy for CPU,N/A,N/A,N/A
937,CPU_Intensive,Rejected,95.29599044319458,N/A,N/A,N/A,0.6859978046575693,0.0,0.0,0.0,STARLINK-3912,0,N/A,N/A,0.0,0.035941121174646276,False,0.0,0.0,0.0,120.67609571238135,0.1508451196404767,Insufficient Energy for CPU,N/A,N/A,N/A
939,CPU_Intensive,Rejected,95.402668218978,N/A,N/A,N/A,0.11419405165772477,0.0,0.0,0.0,STARLINK-3912,0,N/A,N/A,0.0,0.041147185632272924,False,0.0,0.0,0.0,120.67609571238135,0.1508451196404767,Insufficient Energy for CPU,N/A,N/A,N/A
941,CPU_Intensive,Rejected,95.4422704212041,N/A,N/A,N/A,0.14167163670621663,0.0,0.0,0.0,STARLINK-3912,0,N/A,N/A,0.0,0.07752149245608671,False,0.0,0.0,0.0,120.67609571238135,0.1508451196404767,Insufficient Energy for CPU,N/A,N/A,N/A
943,CPU_Intensive,Rejected,95.45685016393851,N/A,N/A,N/A,0.366111566810862,0.0,0.0,0.0,STARLINK-3912,0,N/A,N/A,0.0,0.06604230287911568,False,0.0,0.0,0.0,120.67609571238135,0.1508451196404767,Insufficient Energy for CPU,N/A,N/A,N/A
947,CPU_Intensive,Rejected,96.00167019376275,N/A,N/A,N/A,0.5135885834706087,0.0,0.0,0.0,STARLINK-3912,0,N/A,N/A,0.0,0.03454416102548745,False,0.0,0.0,0.0,120.67609571238135,0.1508451196404767,Insufficient Energy for CPU,N/A,N/A,N/A
949,CPU_Intensive,Rejected,96.37639496150254,N/A,N/A,N/A,0.25332151029606725,0.0,0.0,0.0,STARLINK-3912,0,N/A,N/A,0.0,0.06551173560773917,False,0.0,0.0,0.0,120.67609571238135,0.1508451196404767,Insufficient Energy for CPU,N/A,N/A,N/A
950,CPU_and_Data_Intensive,Rejected,96.37808791843416,N/A,N/A,N/A,0.6573045468031632,0.0,0.0,0.0,STARLINK-3912,0,N/A,N/A,0.0,4.976725526544264,False,0.0,0.0,0.0,120.67609571238135,0.1508451196404767,Insufficient Energy for CPU+NET,N/A,N/A,N/A
952,CPU_Intensive,Rejected,96.57081652681902,N/A,N/A,N/A,0.19554073096503063,0.0,0.0,0.0,STARLINK-3912,0,N/A,N/A,0.0,0.0536268044406371,False,0.0,0.0,0.0,120.67609571238135,0.1508451196404767,Insufficient Energy for CPU,N/A,N/A,N/A
953,CPU_and_Data_Intensive,Rejected,96.61347673898977,N/A,N/A,N/A,0.2765319322353675,0.0,0.0,0.0,STARLINK-3912,0,N/A,N/A,0.0,22.64805874747851,False,0.0,0.0,0.0,120.67609571238135,0.1508451196404767,Insufficient Energy for CPU+NET,N/A,N/A,N/A
954,CPU_and_Data_Intensive,Rejected,96.63669926452648,N/A,N/A,N/A,0.5685233675034702,0.0,0.0,0.0,STARLINK-3912,0,N/A,N/A,0.0,16.273223478963974,False,0.0,0.0,0.0,120.67609571238135,0.1508451196404767,Insufficient Energy for CPU+NET,N/A,N/A,N/A
956,CPU_Intensive,Rejected,97.24554788158474,N/A,N/A,N/A,0.3479724604288281,0.0,0.0,0.0,STARLINK-3912,0,N/A,N/A,0.0,0.06899860103390015,False,0.0,0.0,0.0,120.67609571238135,0.1508451196404767,Insufficient Energy for CPU,N/A,N/A,N/A
959,CPU_Intensive,Rejected,97.7545628590516,N/A,N/A,N/A,0.12817905193981796,0.0,0.0,0.0,STARLINK-3912,0,N/A,N/A,0.0,0.03019807333588214,False,0.0,0.0,0.0,120.67609571238135,0.1508451196404767,Insufficient Energy for CPU,N/A,N/A,N/A
960,CPU_Intensive,Rejected,98.04788253754802,N/A,N/A,N/A,0.09504647533394477,0.0,0.0,0.0,STARLINK-3912,0,N/A,N/A,0.0,0.07132983897191761,False,0.0,0.0,0.0,120.67609571238135,0.1508451196404767,Insufficient Energy for CPU,N/A,N/A,N/A
961,CPU_Intensive,Rejected,98.17783378405578,N/A,N/A,N/A,0.2944879705310916,0.0,0.0,0.0,STARLINK-3912,0,N/A,N/A,0.0,0.08042087944530141,False,0.0,0.0,0.0,120.67609571238135,0.1508451196404767,Insufficient Energy for CPU,N/A,N/A,N/A
964,CPU_and_Data_Intensive,Rejected,98.55943518020132,N/A,N/A,N/A,0.3031528596068279,0.0,0.0,0.0,STARLINK-3912,0,N/A,N/A,0.0,2.032158334159011,False,0.0,0.0,0.0,120.67609571238135,0.1508451196404767,Insufficient Energy for CPU+NET,N/A,N/A,N/A
966,CPU_Intensive,Rejected,98.59254917400227,N/A,N/A,N/A,0.32639745342186194,0.0,0.0,0.0,STARLINK-3912,0,N/A,N/A,0.0,0.0700645308052169,False,0.0,0.0,0.0,120.67609571238135,0.1508451196404767,Insufficient Energy for CPU,N/A,N/A,N/A
967,CPU_and_Data_Intensive,Rejected,98.72018803344001,N/A,N/A,N/A,0.3656636640001039,0.0,0.0,0.0,STARLINK-3912,0,N/A,N/A,0.0,6.70658338081573,False,0.0,0.0,0.0,120.67609571238135,0.1508451196404767,Insufficient Energy for CPU+NET,N/A,N/A,N/A
971,CPU_Intensive,Rejected,99.24332735666053,N/A,N/A,N/A,0.557644213706012,0.0,0.0,0.0,STARLINK-3912,0,N/A,N/A,0.0,0.03400153674239954,False,0.0,0.0,0.0,120.67609571238135,0.1508451196404767,Insufficient Energy for CPU,N/A,N/A,N/A
972,CPU_and_Data_Intensive,Rejected,99.3273955749985,N/A,N/A,N/A,0.2600104484394503,0.0,0.0,0.0,STARLINK-3912,0,N/A,N/A,0.0,11.069040113507587,False,0.0,0.0,0.0,120.67609571238135,0.1508451196404767,Insufficient Energy for CPU+NET,N/A,N/A,N/A
975,CPU_Intensive,Rejected,99.78093415336326,N/A,N/A,N/A,0.19540178495355595,0.0,0.0,0.0,STARLINK-3912,0,N/A,N/A,0.0,0.08213193071759169,False,0.0,0.0,0.0,120.67609571238135,0.1508451196404767,Insufficient Energy for CPU,N/A,N/A,N/A
978,CPU_and_Data_Intensive,Rejected,99.92321470064135,N/A,N/A,N/A,1.2416610586257462,0.0,0.0,0.0,STARLINK-3912,0,N/A,N/A,0.0,2.907505761489224,False,0.0,0.0,0.0,120.67609571238135,0.1508451196404767,Insufficient Energy for CPU+NET,N/A,N/A,N/A
979,CPU_and_Data_Intensive,Rejected,99.9968765289416,N/A,N/A,N/A,0.304927528355919,0.0,0.0,0.0,STARLINK-3912,0,N/A,N/A,0.0,1.8333421205679608,False,0.0,0.0,0.0,120.67609571238135,0.1508451196404767,Insufficient Energy for CPU+NET,N/A,N/A,N/A
981,CPU_Intensive,Rejected,100.22575201109144,N/A,N/A,N/A,0.21370625607087357,0.0,0.0,0.0,STARLINK-3912,0,N/A,N/A,0.0,0.01447382263492876,False,0.0,0.0,0.0,120.67609571238135,0.1508451196404767,Insufficient Energy for CPU,N/A,N/A,N/A
982,CPU_and_Data_Intensive,Rejected,100.25285850123275,N/A,N/A,N/A,0.3785739219370463,0.0,0.0,0.0,STARLINK-3912,0,N/A,N/A,0.0,2.2909531814415542,False,0.0,0.0,0.0,120.67609571238135,0.1508451196404767,Insufficient Energy for CPU+NET,N/A,N/A,N/A
984,Generic_Service,Rejected,100.48395353100747,N/A,N/A,N/A,0.11295938059138043,0.0,0.0,0.0,STARLINK-3912,0,N/A,N/A,0.0,0.07960227697437142,False,0.0,0.0,0.0,120.67609571238135,0.1508451196404767,Insufficient Energy for CPU,N/A,N/A,N/A
985,CPU_and_Data_Intensive,Rejected,100.5240714066432,N/A,N/A,N/A,1.684215155068792,0.0,0.0,0.0,STARLINK-3912,0,N/A,N/A,0.0,1.3944164988690788,False,0.0,0.0,0.0,120.67609571238135,0.1508451196404767,Insufficient Energy for CPU+NET,N/A,N/A,N/A
987,CPU_Intensive,Rejected,100.5755955460154,N/A,N/A,N/A,0.9641725492423409,0.0,0.0,0.0,STARLINK-3912,0,N/A,N/A,0.0,0.02591768256600846,False,0.0,0.0,0.0,120.67609571238135,0.1508451196404767,Insufficient Energy for CPU,N/A,N/A,N/A
988,CPU_Intensive,Rejected,100.7084381645454,N/A,N/A,N/A,0.17576330503586068,0.0,0.0,0.0,STARLINK-3912,0,N/A,N/A,0.0,0.045924938464405346,False,0.0,0.0,0.0,120.67609571238135,0.1508451196404767,Insufficient Energy for CPU,N/A,N/A,N/A
990,Generic_Service,Rejected,100.92240385958559,N/A,N/A,N/A,0.09667381613667925,0.0,0.0,0.0,STARLINK-3912,0,N/A,N/A,0.0,0.015168576195156006,False,0.0,0.0,0.0,120.67609571238135,0.1508451196404767,Insufficient Energy for CPU,N/A,N/A,N/A
991,Generic_Service,Rejected,101.09137219201172,N/A,N/A,N/A,0.06211861692685684,0.0,0.0,0.0,STARLINK-3912,0,N/A,N/A,0.0,0.015408368127738086,False,0.0,0.0,0.0,120.67609571238135,0.1508451196404767,Insufficient Energy for CPU,N/A,N/A,N/A
992,Generic_Service,Rejected,101.18156477625273,N/A,N/A,N/A,0.04762815918217525,0.0,0.0,0.0,STARLINK-3912,0,N/A,N/A,0.0,0.03832282706015646,False,0.0,0.0,0.0,120.67609571238135,0.1508451196404767,Insufficient Energy for CPU,N/A,N/A,N/A
993,CPU_and_Data_Intensive,Rejected,101.18214327940088,N/A,N/A,N/A,0.06305229195674106,0.0,0.0,0.0,STARLINK-3912,0,N/A,N/A,0.0,1.396924902688551,False,0.0,0.0,0.0,120.67609571238135,0.1508451196404767,Insufficient Energy for CPU+NET,N/A,N/A,N/A
994,CPU_Intensive,Rejected,101.24061606280043,N/A,N/A,N/A,0.9782880638042073,0.0,0.0,0.0,STARLINK-3912,0,N/A,N/A,0.0,0.042106135277641336,False,0.0,0.0,0.0,120.67609571238135,0.1508451196404767,Insufficient Energy for CPU,N/A,N/A,N/A
995,Generic_Service,Rejected,101.2915392330905,N/A,N/A,N/A,0.0734677071415004,0.0,0.0,0.0,STARLINK-3912,0,N/A,N/A,0.0,0.019988381861883384,False,0.0,0.0,0.0,120.67609571238135,0.1508451196404767,Insufficient Energy for CPU,N/A,N/A,N/A
996,Generic_Service,Rejected,101.3426450460865,N/A,N/A,N/A,0.07357198002350405,0.0,0.0,0.0,STARLINK-3912,0,N/A,N/A,0.0,0.05908556142583264,False,0.0,0.0,0.0,120.67609571238135,0.1508451196404767,Insufficient Energy for CPU,N/A,N/A,N/A
997,Generic_Service,Rejected,101.43577906221604,N/A,N/A,N/A,0.13618754386586818,0.0,0.0,0.0,STARLINK-3912,0,N/A,N/A,0.0,0.06336999048492523,False,0.0,0.0,0.0,120.67609571238135,0.1508451196404767,Insufficient Energy for CPU,N/A,N/A,N/A
998,CPU_Intensive,Rejected,101.58154603215212,N/A,N/A,N/A,0.6561705078800365,0.0,0.0,0.0,STARLINK-3912,0,N/A,N/A,0.0,0.033511597388435926,False,0.0,0.0,0.0,120.67609571238135,0.1508451196404767,Insufficient Energy for CPU,N/A,N/A,N/A
999,CPU_and_Data_Intensive,Rejected,101.61376380932282,N/A,N/A,N/A,1.6705181659694721,0.0,0.0,0.0,STARLINK-3912,0,N/A,N/A,0.0,2.7010988157478324,False,0.0,0.0,0.0,120.67609571238135,0.1508451196404767,Insufficient Energy for CPU+NET,N/A,N/A,N/A
1000,CPU_and_Data_Intensive,Rejected,101.69220475896769,N/A,N/A,N/A,0.11003969153097203,0.0,0.0,0.0,STARLINK-3912,0,N/A,N/A,0.0,10.797330558307227,False,0.0,0.0,0.0,120.67609571238135,0.1508451196404767,Insufficient Energy for CPU+NET,N/A,N/A,N/A
1001,CPU_and_Data_Intensive,Rejected,101.74527678109878,N/A,N/A,N/A,1.1417861687521127,0.0,0.0,0.0,STARLINK-3912,0,N/A,N/A,0.0,1.2892737217233488,False,0.0,0.0,0.0,120.67609571238135,0.1508451196404767,Insufficient Energy for CPU+NET,N/A,N/A,N/A
1002,CPU_Intensive,Rejected,101.75357217973428,N/A,N/A,N/A,1.3088781712112199,0.0,0.0,0.0,STARLINK-3912,0,N/A,N/A,0.0,0.03097234054796661,False,0.0,0.0,0.0,120.67609571238135,0.1508451196404767,Insufficient Energy for CPU,N/A,N/A,N/A
1003,CPU_and_Data_Intensive,Rejected,101.75940920827173,N/A,N/A,N/A,0.315258017630612,0.0,0.0,0.0,STARLINK-3912,0,N/A,N/A,0.0,0.45917486890497844,False,0.0,0.0,0.0,120.67609571238135,0.1508451196404767,Insufficient Energy for CPU+NET,N/A,N/A,N/A
1004,Generic_Service,Rejected,101.93921438250786,N/A,N/A,N/A,0.04708278843938598,0.0,0.0,0.0,STARLINK-3912,0,N/A,N/A,0.0,0.058210918124797444,False,0.0,0.0,0.0,120.67609571238135,0.1508451196404767,Insufficient Energy for CPU,N/A,N/A,N/A
1006,CPU_and_Data_Intensive,Rejected,102.04608071534456,N/A,N/A,N/A,0.43511606642321277,0.0,0.0,0.0,STARLINK-3912,0,N/A,N/A,0.0,0.620641717673544,False,0.0,0.0,0.0,120.67609571238135,0.1508451196404767,Insufficient Energy for CPU+NET,N/A,N/A,N/A
1005,CPU_and_Data_Intensive,Rejected,102.0222396687913,N/A,N/A,N/A,1.6018067951290347,0.0,0.0,0.0,STARLINK-3912,0,N/A,N/A,0.0,244.99104850025248,False,0.0,0.0,0.0,120.67609571238135,0.1508451196404767,Insufficient Energy for CPU+NET,N/A,N/A,N/A
1007,CPU_and_Data_Intensive,Rejected,102.12099462078596,N/A,N/A,N/A,0.17257561800153928,0.0,0.0,0.0,STARLINK-3912,0,N/A,N/A,0.0,2.058530781450573,False,0.0,0.0,0.0,120.67609571238135,0.1508451196404767,Insufficient Energy for CPU+NET,N/A,N/A,N/A
1008,Generic_Service,Rejected,102.15889283526715,N/A,N/A,N/A,0.14507523742836553,0.0,0.0,0.0,STARLINK-3912,0,N/A,N/A,0.0,0.02280571375330631,False,0.0,0.0,0.0,120.67609571238135,0.1508451196404767,Insufficient Energy for CPU,N/A,N/A,N/A
1009,CPU_Intensive,Rejected,102.16289657976736,N/A,N/A,N/A,0.5406859046251399,0.0,0.0,0.0,STARLINK-3912,0,N/A,N/A,0.0,0.03804591740843839,False,0.0,0.0,0.0,120.67609571238135,0.1508451196404767,Insufficient Energy for CPU,N/A,N/A,N/A
1010,CPU_and_Data_Intensive,Rejected,102.28369324999127,N/A,N/A,N/A,0.9598358214177826,0.0,0.0,0.0,STARLINK-3912,0,N/A,N/A,0.0,1.3423093072413144,False,0.0,0.0,0.0,120.67609571238135,0.1508451196404767,Insufficient Energy for CPU+NET,N/A,N/A,N/A
1011,Generic_Service,Rejected,102.3983940434802,N/A,N/A,N/A,0.0954015427706327,0.0,0.0,0.0,STARLINK-3912,0,N/A,N/A,0.0,0.019973012269283316,False,0.0,0.0,0.0,120.67609571238135,0.1508451196404767,Insufficient Energy for CPU,N/A,N/A,N/A
1012,CPU_and_Data_Intensive,Rejected,102.50098326043464,N/A,N/A,N/A,0.1147719528316284,0.0,0.0,0.0,STARLINK-3912,0,N/A,N/A,0.0,1.2133286709024769,False,0.0,0.0,0.0,120.67609571238135,0.1508451196404767,Insufficient Energy for CPU+NET,N/A,N/A,N/A
1013,Generic_Service,Rejected,102.56876735639906,N/A,N/A,N/A,0.052824601730489175,0.0,0.0,0.0,STARLINK-3912,0,N/A,N/A,0.0,0.032985361691744354,False,0.0,0.0,0.0,120.67609571238135,0.1508451196404767,Insufficient Energy for CPU,N/A,N/A,N/A
1015,CPU_Intensive,Rejected,102.60428262003684,N/A,N/A,N/A,0.5394947705946395,0.0,0.0,0.0,STARLINK-3912,0,N/A,N/A,0.0,0.07417711871165442,False,0.0,0.0,0.0,120.67609571238135,0.1508451196404767,Insufficient Energy for CPU,N/A,N/A,N/A
1014,CPU_and_Data_Intensive,Rejected,102.59781444768029,N/A,N/A,N/A,0.1370525214047998,0.0,0.0,0.0,STARLINK-3912,0,N/A,N/A,0.0,20.715336188010337,False,0.0,0.0,0.0,120.67609571238135,0.1508451196404767,Insufficient Energy for CPU+NET,N/A,N/A,N/A
1018,Generic_Service,Rejected,102.89693335368099,N/A,N/A,N/A,0.023817553456678294,0.0,0.0,0.0,STARLINK-3912,0,N/A,N/A,0.0,0.01764175245478648,False,0.0,0.0,0.0,120.67609571238135,0.1508451196404767,Insufficient Energy for CPU,N/A,N/A,N/A
1020,CPU_Intensive,Rejected,103.04321642652414,N/A,N/A,N/A,1.2481383113910776,0.0,0.0,0.0,STARLINK-3912,0,N/A,N/A,0.0,0.06726644847488113,False,0.0,0.0,0.0,120.67609571238135,0.1508451196404767,Insufficient Energy for CPU,N/A,N/A,N/A
1021,CPU_Intensive,Rejected,103.3667418750935,N/A,N/A,N/A,0.1968138220645198,0.0,0.0,0.0,STARLINK-3912,0,N/A,N/A,0.0,0.053190881186240394,False,0.0,0.0,0.0,120.67609571238135,0.1508451196404767,Insufficient Energy for CPU,N/A,N/A,N/A
1022,CPU_Intensive,Rejected,103.6364984210675,N/A,N/A,N/A,0.45109988280487817,0.0,0.0,0.0,STARLINK-3912,0,N/A,N/A,0.0,0.05919869265369949,False,0.0,0.0,0.0,120.67609571238135,0.1508451196404767,Insufficient Energy for CPU,N/A,N/A,N/A
1023,CPU_and_Data_Intensive,Rejected,103.9199418979315,N/A,N/A,N/A,0.4277241001046647,0.0,0.0,0.0,STARLINK-3912,0,N/A,N/A,0.0,2.3734388942644857,False,0.0,0.0,0.0,120.67609571238135,0.1508451196404767,Insufficient Energy for CPU+NET,N/A,N/A,N/A
1025,CPU_Intensive,Rejected,104.0071256491607,N/A,N/A,N/A,0.15369155683789706,0.0,0.0,0.0,STARLINK-3912,0,N/A,N/A,0.0,0.01422228536613596,False,0.0,0.0,0.0,120.67609571238135,0.1508451196404767,Insufficient Energy for CPU,N/A,N/A,N/A
1027,CPU_Intensive,Rejected,104.17220256287848,N/A,N/A,N/A,0.7584676828985166,0.0,0.0,0.0,STARLINK-3912,0,N/A,N/A,0.0,0.07075271617547112,False,0.0,0.0,0.0,120.67609571238135,0.1508451196404767,Insufficient Energy for CPU,N/A,N/A,N/A
1028,CPU_Intensive,Rejected,104.29848606827407,N/A,N/A,N/A,0.7149159539816896,0.0,0.0,0.0,STARLINK-3912,0,N/A,N/A,0.0,0.028308725015341353,False,0.0,0.0,0.0,120.67609571238135,0.1508451196404767,Insufficient Energy for CPU,N/A,N/A,N/A
1029,CPU_Intensive,Rejected,104.32257333753657,N/A,N/A,N/A,0.14697972004958323,0.0,0.0,0.0,STARLINK-3912,0,N/A,N/A,0.0,0.0378560931144628,False,0.0,0.0,0.0,120.67609571238135,0.1508451196404767,Insufficient Energy for CPU,N/A,N/A,N/A
1032,Generic_Service,Rejected,104.6945679452704,N/A,N/A,N/A,0.030301391048065198,0.0,0.0,0.0,STARLINK-3912,0,N/A,N/A,0.0,0.07755841129356052,False,0.0,0.0,0.0,120.67609571238135,0.1508451196404767,Insufficient Energy for CPU,N/A,N/A,N/A
1033,Generic_Service,Rejected,104.76407394945632,N/A,N/A,N/A,0.11121305227217781,0.0,0.0,0.0,STARLINK-3912,0,N/A,N/A,0.0,0.040654485078105033,False,0.0,0.0,0.0,120.67609571238135,0.1508451196404767,Insufficient Energy for CPU,N/A,N/A,N/A
1034,CPU_and_Data_Intensive,Rejected,104.87736744945245,N/A,N/A,N/A,0.11255799652550091,0.0,0.0,0.0,STARLINK-3912,0,N/A,N/A,0.0,16.950542985608685,False,0.0,0.0,0.0,120.67609571238135,0.1508451196404767,Insufficient Energy for CPU+NET,N/A,N/A,N/A
1035,CPU_and_Data_Intensive,Rejected,105.10921410586629,N/A,N/A,N/A,0.1030734350712052,0.0,0.0,0.0,STARLINK-3912,0,N/A,N/A,0.0,1.9893183449053908,False,0.0,0.0,0.0,120.67609571238135,0.1508451196404767,Insufficient Energy for CPU+NET,N/A,N/A,N/A
1036,Generic_Service,Rejected,105.22806304118487,N/A,N/A,N/A,0.0477821404861451,0.0,0.0,0.0,STARLINK-3912,0,N/A,N/A,0.0,0.08123369242871527,False,0.0,0.0,0.0,120.67609571238135,0.1508451196404767,Insufficient Energy for CPU,N/A,N/A,N/A
1037,Generic_Service,Rejected,105.26756929062941,N/A,N/A,N/A,0.03201323491041724,0.0,0.0,0.0,STARLINK-3912,0,N/A,N/A,0.0,0.05561531590723338,False,0.0,0.0,0.0,120.67609571238135,0.1508451196404767,Insufficient Energy for CPU,N/A,N/A,N/A
1039,CPU_and_Data_Intensive,Rejected,105.46878306946711,N/A,N/A,N/A,1.4305072782721702,0.0,0.0,0.0,STARLINK-3912,0,N/A,N/A,0.0,1.3545708999425075,False,0.0,0.0,0.0,120.67609571238135,0.1508451196404767,Insufficient Energy for CPU+NET,N/A,N/A,N/A
1042,CPU_and_Data_Intensive,Rejected,105.63688676012364,N/A,N/A,N/A,0.717537942673508,0.0,0.0,0.0,STARLINK-3912,0,N/A,N/A,0.0,2.866001661587331,False,0.0,0.0,0.0,120.67609571238135,0.1508451196404767,Insufficient Energy for CPU+NET,N/A,N/A,N/A
1043,CPU_and_Data_Intensive,Rejected,105.65881999291665,N/A,N/A,N/A,0.5774940259752467,0.0,0.0,0.0,STARLINK-3912,0,N/A,N/A,0.0,16.269860511565426,False,0.0,0.0,0.0,120.67609571238135,0.1508451196404767,Insufficient Energy for CPU+NET,N/A,N/A,N/A
1046,Generic_Service,Rejected,106.06763386505497,N/A,N/A,N/A,0.05057281070472447,0.0,0.0,0.0,STARLINK-3912,0,N/A,N/A,0.0,0.053598290357112395,False,0.0,0.0,0.0,120.67609571238135,0.1508451196404767,Insufficient Energy for CPU,N/A,N/A,N/A
1048,CPU_and_Data_Intensive,Rejected,106.19896948702642,N/A,N/A,N/A,0.28924686121836346,0.0,0.0,0.0,STARLINK-3912,0,N/A,N/A,0.0,0.056217797229398646,False,0.0,0.0,0.0,120.67609571238135,0.1508451196404767,Insufficient Energy for CPU+NET,N/A,N/A,N/A
1049,Generic_Service,Rejected,106.75897921059713,N/A,N/A,N/A,0.05333349773093839,0.0,0.0,0.0,STARLINK-3912,0,N/A,N/A,0.0,0.021433700179256922,False,0.0,0.0,0.0,120.67609571238135,0.1508451196404767,Insufficient Energy for CPU,N/A,N/A,N/A
1050,CPU_Intensive,Rejected,106.77224423457075,N/A,N/A,N/A,0.6620754437122142,0.0,0.0,0.0,STARLINK-3912,0,N/A,N/A,0.0,0.051906136158805155,False,0.0,0.0,0.0,120.67609571238135,0.1508451196404767,Insufficient Energy for CPU,N/A,N/A,N/A
1051,CPU_and_Data_Intensive,Rejected,106.86591312409732,N/A,N/A,N/A,0.7515525031891642,0.0,0.0,0.0,STARLINK-3912,0,N/A,N/A,0.0,0.5965873581170456,False,0.0,0.0,0.0,120.67609571238135,0.1508451196404767,Insufficient Energy for CPU+NET,N/A,N/A,N/A
1052,CPU_and_Data_Intensive,Rejected,106.92801146134026,N/A,N/A,N/A,0.3653293402960329,0.0,0.0,0.0,STARLINK-3912,0,N/A,N/A,0.0,5.347082155685932,False,0.0,0.0,0.0,120.67609571238135,0.1508451196404767,Insufficient Energy for CPU+NET,N/A,N/A,N/A
1053,Generic_Service,Rejected,107.01978104147301,N/A,N/A,N/A,0.03441875486460408,0.0,0.0,0.0,STARLINK-3912,0,N/A,N/A,0.0,0.06219499282005828,False,0.0,0.0,0.0,120.67609571238135,0.1508451196404767,Insufficient Energy for CPU,N/A,N/A,N/A
1054,Generic_Service,Rejected,107.04016156021508,N/A,N/A,N/A,0.06387521456113637,0.0,0.0,0.0,STARLINK-3912,0,N/A,N/A,0.0,0.08360618406655809,False,0.0,0.0,0.0,120.67609571238135,0.1508451196404767,Insufficient Energy for CPU,N/A,N/A,N/A
1055,CPU_Intensive,Rejected,107.29071235520875,N/A,N/A,N/A,0.4014336793310607,0.0,0.0,0.0,STARLINK-3912,0,N/A,N/A,0.0,0.04816921471148226,False,0.0,0.0,0.0,120.67609571238135,0.1508451196404767,Insufficient Energy for CPU,N/A,N/A,N/A
1057,CPU_Intensive,Rejected,107.44354299284846,N/A,N/A,N/A,0.34432101084315536,0.0,0.0,0.0,STARLINK-3912,0,N/A,N/A,0.0,0.03376408180191238,False,0.0,0.0,0.0,120.67609571238135,0.1508451196404767,Insufficient Energy for CPU,N/A,N/A,N/A
1058,CPU_Intensive,Rejected,107.49633663360545,N/A,N/A,N/A,0.3403151322201873,0.0,0.0,0.0,STARLINK-3912,0,N/A,N/A,0.0,0.020458788321928205,False,0.0,0.0,0.0,120.67609571238135,0.1508451196404767,Insufficient Energy for CPU,N/A,N/A,N/A
1059,CPU_Intensive,Rejected,107.59050136002712,N/A,N/A,N/A,0.45441520407827773,0.0,0.0,0.0,STARLINK-3912,0,N/A,N/A,0.0,0.045911724742723176,False,0.0,0.0,0.0,120.67609571238135,0.1508451196404767,Insufficient Energy for CPU,N/A,N/A,N/A
1060,CPU_and_Data_Intensive,Rejected,107.71327515240807,N/A,N/A,N/A,0.08982401992085311,0.0,0.0,0.0,STARLINK-3912,0,N/A,N/A,0.0,0.6870555492521743,False,0.0,0.0,0.0,120.67609571238135,0.1508451196404767,Insufficient Energy for CPU+NET,N/A,N/A,N/A
1061,CPU_Intensive,Rejected,107.71363322623388,N/A,N/A,N/A,0.20551118785099995,0.0,0.0,0.0,STARLINK-3912,0,N/A,N/A,0.0,0.022397728579493965,False,0.0,0.0,0.0,120.67609571238135,0.1508451196404767,Insufficient Energy for CPU,N/A,N/A,N/A
1063,CPU_and_Data_Intensive,Rejected,107.74367886797845,N/A,N/A,N/A,0.2277050118461301,0.0,0.0,0.0,STARLINK-3912,0,N/A,N/A,0.0,7.548803887816125,False,0.0,0.0,0.0,120.67609571238135,0.1508451196404767,Insufficient Energy for CPU+NET,N/A,N/A,N/A
1064,CPU_and_Data_Intensive,Rejected,107.83006699158751,N/A,N/A,N/A,0.16653409021586094,0.0,0.0,0.0,STARLINK-3912,0,N/A,N/A,0.0,0.2188247311062,False,0.0,0.0,0.0,120.67609571238135,0.1508451196404767,Insufficient Energy for CPU+NET,N/A,N/A,N/A
1065,CPU_Intensive,Rejected,107.86492472704698,N/A,N/A,N/A,0.24013601033229018,0.0,0.0,0.0,STARLINK-3912,0,N/A,N/A,0.0,0.026117908957844174,False,0.0,0.0,0.0,120.67609571238135,0.1508451196404767,Insufficient Energy for CPU,N/A,N/A,N/A
1066,CPU_Intensive,Rejected,107.8903852901223,N/A,N/A,N/A,0.5938848530882713,0.0,0.0,0.0,STARLINK-3912,0,N/A,N/A,0.0,0.015509385075157662,False,0.0,0.0,0.0,120.67609571238135,0.1508451196404767,Insufficient Energy for CPU,N/A,N/A,N/A
1067,CPU_Intensive,Rejected,108.01959172577476,N/A,N/A,N/A,0.39918136305167506,0.0,0.0,0.0,STARLINK-3912,0,N/A,N/A,0.0,0.03320108921004171,False,0.0,0.0,0.0,120.67609571238135,0.1508451196404767,Insufficient Energy for CPU,N/A,N/A,N/A
1068,Generic_Service,Rejected,108.24885871986208,N/A,N/A,N/A,0.02714879807228567,0.0,0.0,0.0,STARLINK-3912,0,N/A,N/A,0.0,0.05461362890101675,False,0.0,0.0,0.0,120.67609571238135,0.1508451196404767,Insufficient Energy for CPU,N/A,N/A,N/A
1070,CPU_and_Data_Intensive,Rejected,108.42441267243206,N/A,N/A,N/A,0.07973948312883969,0.0,0.0,0.0,STARLINK-3912,0,N/A,N/A,0.0,2.0487344676501746,False,0.0,0.0,0.0,120.67609571238135,0.1508451196404767,Insufficient Energy for CPU+NET,N/A,N/A,N/A
1071,CPU_Intensive,Rejected,108.6446323210334,N/A,N/A,N/A,0.6322134319159834,0.0,0.0,0.0,STARLINK-3912,0,N/A,N/A,0.0,0.027645219988499184,False,0.0,0.0,0.0,120.67609571238135,0.1508451196404767,Insufficient Energy for CPU,N/A,N/A,N/A
1072,CPU_and_Data_Intensive,Rejected,108.65199591678929,N/A,N/A,N/A,0.6702680111276232,0.0,0.0,0.0,STARLINK-3912,0,N/A,N/A,0.0,1.7913570989529801,False,0.0,0.0,0.0,120.67609571238135,0.1508451196404767,Insufficient Energy for CPU+NET,N/A,N/A,N/A
1074,CPU_and_Data_Intensive,Rejected,108.82377502434456,N/A,N/A,N/A,0.3417619978784746,0.0,0.0,0.0,STARLINK-3912,0,N/A,N/A,0.0,0.6380946105517943,False,0.0,0.0,0.0,120.67609571238135,0.1508451196404767,Insufficient Energy for CPU+NET,N/A,N/A,N/A
1075,CPU_Intensive,Rejected,108.8559492103814,N/A,N/A,N/A,0.6731498870260482,0.0,0.0,0.0,STARLINK-3912,0,N/A,N/A,0.0,0.031615575860274796,False,0.0,0.0,0.0,120.67609571238135,0.1508451196404767,Insufficient Energy for CPU,N/A,N/A,N/A
1076,Generic_Service,Rejected,108.9165357004047,N/A,N/A,N/A,0.04785883956808628,0.0,0.0,0.0,STARLINK-3912,0,N/A,N/A,0.0,0.033857999942286235,False,0.0,0.0,0.0,120.67609571238135,0.1508451196404767,Insufficient Energy for CPU,N/A,N/A,N/A
1077,CPU_and_Data_Intensive,Rejected,108.92421710445022,N/A,N/A,N/A,0.12887932031427335,0.0,0.0,0.0,STARLINK-3912,0,N/A,N/A,0.0,1.2878466735028498,False,0.0,0.0,0.0,120.67609571238135,0.1508451196404767,Insufficient Energy for CPU+NET,N/A,N/A,N/A
1078,CPU_and_Data_Intensive,Rejected,108.9614048767485,N/A,N/A,N/A,0.6103829527281122,0.0,0.0,0.0,STARLINK-3912,0,N/A,N/A,0.0,1.0693200488452939,False,0.0,0.0,0.0,120.67609571238135,0.1508451196404767,Insufficient Energy for CPU+NET,N/A,N/A,N/A
1079,CPU_Intensive,Rejected,109.13313488358224,N/A,N/A,N/A,0.7087355789758945,0.0,0.0,0.0,STARLINK-3912,0,N/A,N/A,0.0,0.07498522723436091,False,0.0,0.0,0.0,120.67609571238135,0.1508451196404767,Insufficient Energy for CPU,N/A,N/A,N/A
1080,CPU_Intensive,Rejected,109.1443804566886,N/A,N/A,N/A,0.3456283938061979,0.0,0.0,0.0,STARLINK-3912,0,N/A,N/A,0.0,0.07315734257356887,False,0.0,0.0,0.0,120.67609571238135,0.1508451196404767,Insufficient Energy for CPU,N/A,N/A,N/A
1081,CPU_Intensive,Rejected,109.53407890739986,N/A,N/A,N/A,0.40638263473165226,0.0,0.0,0.0,STARLINK-3912,0,N/A,N/A,0.0,0.03577739012643606,False,0.0,0.0,0.0,120.67609571238135,0.1508451196404767,Insufficient Energy for CPU,N/A,N/A,N/A
1082,CPU_Intensive,Rejected,109.5552734323221,N/A,N/A,N/A,0.38622434946966633,0.0,0.0,0.0,STARLINK-3912,0,N/A,N/A,0.0,0.04545297506508726,False,0.0,0.0,0.0,120.67609571238135,0.1508451196404767,Insufficient Energy for CPU,N/A,N/A,N/A
1083,CPU_and_Data_Intensive,Rejected,109.68960354351046,N/A,N/A,N/A,0.25845412439539084,0.0,0.0,0.0,STARLINK-3912,0,N/A,N/A,0.0,24.15185830024445,False,0.0,0.0,0.0,120.67609571238135,0.1508451196404767,Insufficient Energy for CPU+NET,N/A,N/A,N/A
1084,CPU_and_Data_Intensive,Rejected,109.7058242571913,N/A,N/A,N/A,0.7941597942767179,0.0,0.0,0.0,STARLINK-3912,0,N/A,N/A,0.0,21.949264037009282,False,0.0,0.0,0.0,120.67609571238135,0.1508451196404767,Insufficient Energy for CPU+NET,N/A,N/A,N/A
1085,Generic_Service,Rejected,110.08589856269138,N/A,N/A,N/A,0.19319947632365628,0.0,0.0,0.0,STARLINK-3912,0,N/A,N/A,0.0,0.016693720584858032,False,0.0,0.0,0.0,120.67609571238135,0.1508451196404767,Insufficient Energy for CPU,N/A,N/A,N/A
1086,Generic_Service,Rejected,110.1061154230189,N/A,N/A,N/A,0.06282157695015447,0.0,0.0,0.0,STARLINK-3912,0,N/A,N/A,0.0,0.06971399969185697,False,0.0,0.0,0.0,120.67609571238135,0.1508451196404767,Insufficient Energy for CPU,N/A,N/A,N/A
1089,CPU_Intensive,Rejected,110.63442011136576,N/A,N/A,N/A,0.11323871172335379,0.0,0.0,0.0,STARLINK-3912,0,N/A,N/A,0.0,0.08185699027098009,False,0.0,0.0,0.0,120.67609571238135,0.1508451196404767,Insufficient Energy for CPU,N/A,N/A,N/A
1090,CPU_and_Data_Intensive,Rejected,110.69817692481803,N/A,N/A,N/A,0.19530996957126334,0.0,0.0,0.0,STARLINK-3912,0,N/A,N/A,0.0,0.5696391792619905,False,0.0,0.0,0.0,120.67609571238135,0.1508451196404767,Insufficient Energy for CPU+NET,N/A,N/A,N/A
1091,CPU_Intensive,Rejected,110.76895777148478,N/A,N/A,N/A,0.09665763950371926,0.0,0.0,0.0,STARLINK-3912,0,N/A,N/A,0.0,0.03799356107254719,False,0.0,0.0,0.0,120.67609571238135,0.1508451196404767,Insufficient Energy for CPU,N/A,N/A,N/A
1092,Generic_Service,Rejected,111.09359072324324,N/A,N/A,N/A,0.04189310360389118,0.0,0.0,0.0,STARLINK-3912,0,N/A,N/A,0.0,0.060024842701739044,False,0.0,0.0,0.0,120.67609571238135,0.1508451196404767,Insufficient Energy for CPU,N/A,N/A,N/A
1093,CPU_Intensive,Rejected,111.17416941587068,N/A,N/A,N/A,0.9701278134247713,0.0,0.0,0.0,STARLINK-3912,0,N/A,N/A,0.0,0.0543031060291842,False,0.0,0.0,0.0,120.67609571238135,0.1508451196404767,Insufficient Energy for CPU,N/A,N/A,N/A
1094,CPU_Intensive,Rejected,111.21403071812279,N/A,N/A,N/A,0.973817560254929,0.0,0.0,0.0,STARLINK-3912,0,N/A,N/A,0.0,0.036971487193256915,False,0.0,0.0,0.0,120.67609571238135,0.1508451196404767,Insufficient Energy for CPU,N/A,N/A,N/A
1095,CPU_and_Data_Intensive,Rejected,111.24992457085249,N/A,N/A,N/A,0.36770653203725606,0.0,0.0,0.0,STARLINK-3912,0,N/A,N/A,0.0,0.64197946094406,False,0.0,0.0,0.0,120.67609571238135,0.1508451196404767,Insufficient Energy for CPU+NET,N/A,N/A,N/A
1096,Generic_Service,Rejected,111.3161183145532,N/A,N/A,N/A,0.07362060872079255,0.0,0.0,0.0,STARLINK-3912,0,N/A,N/A,0.0,0.07687986012056151,False,0.0,0.0,0.0,120.67609571238135,0.1508451196404767,Insufficient Energy for CPU,N/A,N/A,N/A
1097,CPU_Intensive,Rejected,111.34056651101643,N/A,N/A,N/A,0.9242905322769768,0.0,0.0,0.0,STARLINK-3912,0,N/A,N/A,0.0,0.03240784409195348,False,0.0,0.0,0.0,120.67609571238135,0.1508451196404767,Insufficient Energy for CPU,N/A,N/A,N/A
1098,CPU_Intensive,Rejected,111.3898751452943,N/A,N/A,N/A,0.6128319112199739,0.0,0.0,0.0,STARLINK-3912,0,N/A,N/A,0.0,0.0727369481175247,False,0.0,0.0,0.0,120.67609571238135,0.1508451196404767,Insufficient Energy for CPU,N/A,N/A,N/A
1099,CPU_Intensive,Rejected,111.65050974768569,N/A,N/A,N/A,0.7207029943935692,0.0,0.0,0.0,STARLINK-3912,0,N/A,N/A,0.0,0.04894933015633791,False,0.0,0.0,0.0,120.67609571238135,0.1508451196404767,Insufficient Energy for CPU,N/A,N/A,N/A
1101,CPU_and_Data_Intensive,Rejected,111.81637404812665,N/A,N/A,N/A,0.285900940045856,0.0,0.0,0.0,STARLINK-3912,0,N/A,N/A,0.0,1.8660518191898847,False,0.0,0.0,0.0,120.67609571238135,0.1508451196404767,Insufficient Energy for CPU+NET,N/A,N/A,N/A
1102,CPU_Intensive,Rejected,111.88371109240896,N/A,N/A,N/A,1.2443273054635373,0.0,0.0,0.0,STARLINK-3912,0,N/A,N/A,0.0,0.018007328936035738,False,0.0,0.0,0.0,120.67609571238135,0.1508451196404767,Insufficient Energy for CPU,N/A,N/A,N/A
1100,CPU_and_Data_Intensive,Rejected,111.79552358493525,N/A,N/A,N/A,1.2765892031241772,0.0,0.0,0.0,STARLINK-3912,0,N/A,N/A,0.0,393.4786603454758,False,0.0,0.0,0.0,120.67609571238135,0.1508451196404767,Insufficient Energy for CPU+NET,N/A,N/A,N/A
1104,Generic_Service,Rejected,112.27925801449585,N/A,N/A,N/A,0.11131697129942858,0.0,0.0,0.0,STARLINK-3912,0,N/A,N/A,0.0,0.012461601526528417,False,0.0,0.0,0.0,120.67609571238135,0.1508451196404767,Insufficient Energy for CPU,N/A,N/A,N/A
1105,CPU_Intensive,Rejected,112.3146937305884,N/A,N/A,N/A,0.12839790143754184,0.0,0.0,0.0,STARLINK-3912,0,N/A,N/A,0.0,0.07122398014406305,False,0.0,0.0,0.0,120.67609571238135,0.1508451196404767,Insufficient Energy for CPU,N/A,N/A,N/A
1108,CPU_and_Data_Intensive,Rejected,112.38998618231498,N/A,N/A,N/A,0.7348208989137274,0.0,0.0,0.0,STARLINK-3912,0,N/A,N/A,0.0,1.870364124861632,False,0.0,0.0,0.0,120.67609571238135,0.1508451196404767,Insufficient Energy for CPU+NET,N/A,N/A,N/A
1109,CPU_and_Data_Intensive,Rejected,112.48610311936412,N/A,N/A,N/A,0.36900277506833395,0.0,0.0,0.0,STARLINK-3912,0,N/A,N/A,0.0,12.575326483463378,False,0.0,0.0,0.0,120.67609571238135,0.1508451196404767,Insufficient Energy for CPU+NET,N/A,N/A,N/A
1110,CPU_Intensive,Rejected,112.51406382574876,N/A,N/A,N/A,1.1518413463872563,0.0,0.0,0.0,STARLINK-3912,0,N/A,N/A,0.0,0.0661024980355411,False,0.0,0.0,0.0,120.67609571238135,0.1508451196404767,Insufficient Energy for CPU,N/A,N/A,N/A
1111,CPU_and_Data_Intensive,Rejected,112.55729380376619,N/A,N/A,N/A,0.5474495487958186,0.0,0.0,0.0,STARLINK-3912,0,N/A,N/A,0.0,19.973520846651272,False,0.0,0.0,0.0,120.67609571238135,0.1508451196404767,Insufficient Energy for CPU+NET,N/A,N/A,N/A
1113,Generic_Service,Rejected,112.88634096461652,N/A,N/A,N/A,0.03552302352144875,0.0,0.0,0.0,STARLINK-3912,0,N/A,N/A,0.0,0.03541103775653558,False,0.0,0.0,0.0,120.67609571238135,0.1508451196404767,Insufficient Energy for CPU,N/A,N/A,N/A
1116,Generic_Service,Rejected,112.99836424061756,N/A,N/A,N/A,0.10751248751969507,0.0,0.0,0.0,STARLINK-3912,0,N/A,N/A,0.0,0.08219243357274651,False,0.0,0.0,0.0,120.67609571238135,0.1508451196404767,Insufficient Energy for CPU,N/A,N/A,N/A
1117,CPU_Intensive,Rejected,113.0141306427756,N/A,N/A,N/A,0.9781633454533636,0.0,0.0,0.0,STARLINK-3912,0,N/A,N/A,0.0,0.08585344178821645,False,0.0,0.0,0.0,120.67609571238135,0.1508451196404767,Insufficient Energy for CPU,N/A,N/A,N/A
1114,CPU_and_Data_Intensive,Rejected,112.91273778350954,N/A,N/A,N/A,1.4839448421033252,0.0,0.0,0.0,STARLINK-3912,0,N/A,N/A,0.0,379.12456266107415,False,0.0,0.0,0.0,120.67609571238135,0.1508451196404767,Insufficient Energy for CPU+NET,N/A,N/A,N/A
1119,CPU_Intensive,Rejected,113.29148916296027,N/A,N/A,N/A,0.871672823382345,0.0,0.0,0.0,STARLINK-3912,0,N/A,N/A,0.0,0.0318350243753757,False,0.0,0.0,0.0,120.67609571238135,0.1508451196404767,Insufficient Energy for CPU,N/A,N/A,N/A
1120,CPU_Intensive,Rejected,113.31284290448922,N/A,N/A,N/A,0.31983169137305395,0.0,0.0,0.0,STARLINK-3912,0,N/A,N/A,0.0,0.030546092825493115,False,0.0,0.0,0.0,120.67609571238135,0.1508451196404767,Insufficient Energy for CPU,N/A,N/A,N/A
1121,CPU_Intensive,Rejected,113.52951894512626,N/A,N/A,N/A,0.7749646268599851,0.0,0.0,0.0,STARLINK-3912,0,N/A,N/A,0.0,0.040673081816253676,False,0.0,0.0,0.0,120.67609571238135,0.1508451196404767,Insufficient Energy for CPU,N/A,N/A,N/A
1122,Generic_Service,Rejected,113.68019410445055,N/A,N/A,N/A,0.043570568706159864,0.0,0.0,0.0,STARLINK-3912,0,N/A,N/A,0.0,0.06710494565351588,False,0.0,0.0,0.0,120.67609571238135,0.1508451196404767,Insufficient Energy for CPU,N/A,N/A,N/A
1124,CPU_Intensive,Rejected,113.72479881381851,N/A,N/A,N/A,0.67413059605968,0.0,0.0,0.0,STARLINK-3912,0,N/A,N/A,0.0,0.02132130773510557,False,0.0,0.0,0.0,120.67609571238135,0.1508451196404767,Insufficient Energy for CPU,N/A,N/A,N/A
1125,CPU_and_Data_Intensive,Rejected,113.80148900331135,N/A,N/A,N/A,0.18780505723904947,0.0,0.0,0.0,STARLINK-3912,0,N/A,N/A,0.0,15.247525385203822,False,0.0,0.0,0.0,120.67609571238135,0.1508451196404767,Insufficient Energy for CPU+NET,N/A,N/A,N/A
1126,Generic_Service,Rejected,113.8537642282377,N/A,N/A,N/A,0.029396268542304343,0.0,0.0,0.0,STARLINK-3912,0,N/A,N/A,0.0,0.012366427150839856,False,0.0,0.0,0.0,120.67609571238135,0.1508451196404767,Insufficient Energy for CPU,N/A,N/A,N/A
1127,CPU_and_Data_Intensive,Rejected,114.11326575189062,N/A,N/A,N/A,0.1592955793996857,0.0,0.0,0.0,STARLINK-3912,0,N/A,N/A,0.0,11.388330305954813,False,0.0,0.0,0.0,120.67609571238135,0.1508451196404767,Insufficient Energy for CPU+NET,N/A,N/A,N/A
1128,Generic_Service,Rejected,114.14120624326527,N/A,N/A,N/A,0.10872474123317036,0.0,0.0,0.0,STARLINK-3912,0,N/A,N/A,0.0,0.06476298336219087,False,0.0,0.0,0.0,120.67609571238135,0.1508451196404767,Insufficient Energy for CPU,N/A,N/A,N/A
1129,CPU_and_Data_Intensive,Rejected,114.18800194282734,N/A,N/A,N/A,0.9789664255623947,0.0,0.0,0.0,STARLINK-3912,0,N/A,N/A,0.0,0.2226509162294086,False,0.0,0.0,0.0,120.67609571238135,0.1508451196404767,Insufficient Energy for CPU+NET,N/A,N/A,N/A
1131,CPU_Intensive,Rejected,114.53003792511565,N/A,N/A,N/A,1.5730855355913664,0.0,0.0,0.0,STARLINK-3912,0,N/A,N/A,0.0,0.02252489701904565,False,0.0,0.0,0.0,120.67609571238135,0.1508451196404767,Insufficient Energy for CPU,N/A,N/A,N/A
1132,Generic_Service,Rejected,114.53761359421253,N/A,N/A,N/A,0.03549383779732955,0.0,0.0,0.0,STARLINK-3912,0,N/A,N/A,0.0,0.059668824878563335,False,0.0,0.0,0.0,120.67609571238135,0.1508451196404767,Insufficient Energy for CPU,N/A,N/A,N/A
1130,CPU_and_Data_Intensive,Rejected,114.4558924552944,N/A,N/A,N/A,1.1704441535420007,0.0,0.0,0.0,STARLINK-3912,0,N/A,N/A,0.0,218.84995185617618,False,0.0,0.0,0.0,120.67609571238135,0.1508451196404767,Insufficient Energy for CPU+NET,N/A,N/A,N/A
1133,CPU_Intensive,Rejected,114.6520895535163,N/A,N/A,N/A,0.3181567573165084,0.0,0.0,0.0,STARLINK-3912,0,N/A,N/A,0.0,0.0392690706486324,False,0.0,0.0,0.0,120.67609571238135,0.1508451196404767,Insufficient Energy for CPU,N/A,N/A,N/A
1135,CPU_Intensive,Rejected,114.94822438559002,N/A,N/A,N/A,1.5817113098012536,0.0,0.0,0.0,STARLINK-3912,0,N/A,N/A,0.0,0.01331562920097666,False,0.0,0.0,0.0,120.67609571238135,0.1508451196404767,Insufficient Energy for CPU,N/A,N/A,N/A
1139,CPU_Intensive,Rejected,115.48082798380719,N/A,N/A,N/A,1.095720280240118,0.0,0.0,0.0,STARLINK-3912,0,N/A,N/A,0.0,0.01695046767443286,False,0.0,0.0,0.0,120.67609571238135,0.1508451196404767,Insufficient Energy for CPU,N/A,N/A,N/A
1140,CPU_and_Data_Intensive,Rejected,115.48176175166499,N/A,N/A,N/A,0.2838526337337817,0.0,0.0,0.0,STARLINK-3912,0,N/A,N/A,0.0,9.585494035793324,False,0.0,0.0,0.0,120.67609571238135,0.1508451196404767,Insufficient Energy for CPU+NET,N/A,N/A,N/A
1141,Generic_Service,Rejected,115.62392499525802,N/A,N/A,N/A,0.10716139367199565,0.0,0.0,0.0,STARLINK-3912,0,N/A,N/A,0.0,0.07403149008892362,False,0.0,0.0,0.0,120.67609571238135,0.1508451196404767,Insufficient Energy for CPU,N/A,N/A,N/A
1142,Generic_Service,Rejected,115.96757193409563,N/A,N/A,N/A,0.08691897942873755,0.0,0.0,0.0,STARLINK-3912,0,N/A,N/A,0.0,0.07685427674391694,False,0.0,0.0,0.0,120.67609571238135,0.1508451196404767,Insufficient Energy for CPU,N/A,N/A,N/A
1143,Generic_Service,Rejected,115.97195803424711,N/A,N/A,N/A,0.021738346839428067,0.0,0.0,0.0,STARLINK-3912,0,N/A,N/A,0.0,0.03576641228371047,False,0.0,0.0,0.0,120.67609571238135,0.1508451196404767,Insufficient Energy for CPU,N/A,N/A,N/A
1144,Generic_Service,Rejected,116.51620250480222,N/A,N/A,N/A,0.029428784832006612,0.0,0.0,0.0,STARLINK-3912,0,N/A,N/A,0.0,0.07085368173390003,False,0.0,0.0,0.0,120.67609571238135,0.1508451196404767,Insufficient Energy for CPU,N/A,N/A,N/A
1147,CPU_and_Data_Intensive,Rejected,116.70178478630044,N/A,N/A,N/A,1.769743427844862,0.0,0.0,0.0,STARLINK-3912,0,N/A,N/A,0.0,20.29104613261648,False,0.0,0.0,0.0,120.67609571238135,0.1508451196404767,Insufficient Energy for CPU+NET,N/A,N/A,N/A
1148,CPU_Intensive,Rejected,116.86807378639918,N/A,N/A,N/A,0.12776945623365282,0.0,0.0,0.0,STARLINK-3912,0,N/A,N/A,0.0,0.045741418410967655,False,0.0,0.0,0.0,120.67609571238135,0.1508451196404767,Insufficient Energy for CPU,N/A,N/A,N/A
1150,Generic_Service,Rejected,117.25654709158891,N/A,N/A,N/A,0.044268583677894775,0.0,0.0,0.0,STARLINK-3912,0,N/A,N/A,0.0,0.041286762980692705,False,0.0,0.0,0.0,120.67609571238135,0.1508451196404767,Insufficient Energy for CPU,N/A,N/A,N/A
1151,Generic_Service,Rejected,117.27814024455937,N/A,N/A,N/A,0.03758949470243033,0.0,0.0,0.0,STARLINK-3912,0,N/A,N/A,0.0,0.04207819446875882,False,0.0,0.0,0.0,120.67609571238135,0.1508451196404767,Insufficient Energy for CPU,N/A,N/A,N/A
1152,CPU_Intensive,Rejected,117.34360238490223,N/A,N/A,N/A,0.15685298229290048,0.0,0.0,0.0,STARLINK-3912,0,N/A,N/A,0.0,0.02036423351736121,False,0.0,0.0,0.0,120.67609571238135,0.1508451196404767,Insufficient Energy for CPU,N/A,N/A,N/A
1153,Generic_Service,Rejected,117.39055554942034,N/A,N/A,N/A,0.04936275756891327,0.0,0.0,0.0,STARLINK-3912,0,N/A,N/A,0.0,0.022301191105934384,False,0.0,0.0,0.0,120.67609571238135,0.1508451196404767,Insufficient Energy for CPU,N/A,N/A,N/A
1154,CPU_and_Data_Intensive,Rejected,117.52316074661972,N/A,N/A,N/A,0.16647146522531397,0.0,0.0,0.0,STARLINK-3912,0,N/A,N/A,0.0,1.682086158844915,False,0.0,0.0,0.0,120.67609571238135,0.1508451196404767,Insufficient Energy for CPU+NET,N/A,N/A,N/A
1156,Generic_Service,Rejected,117.67149356245189,N/A,N/A,N/A,0.049513722020844364,0.0,0.0,0.0,STARLINK-3912,0,N/A,N/A,0.0,0.05468676596949975,False,0.0,0.0,0.0,120.67609571238135,0.1508451196404767,Insufficient Energy for CPU,N/A,N/A,N/A
1157,CPU_Intensive,Rejected,117.97975181149076,N/A,N/A,N/A,0.7004911157143666,0.0,0.0,0.0,STARLINK-3912,0,N/A,N/A,0.0,0.017862920883908586,False,0.0,0.0,0.0,120.67609571238135,0.1508451196404767,Insufficient Energy for CPU,N/A,N/A,N/A
1158,Generic_Service,Rejected,117.98380646089464,N/A,N/A,N/A,0.04601597169436073,0.0,0.0,0.0,STARLINK-3912,0,N/A,N/A,0.0,0.06762090743516481,False,0.0,0.0,0.0,120.67609571238135,0.1508451196404767,Insufficient Energy for CPU,N/A,N/A,N/A
1159,CPU_Intensive,Rejected,118.3298405148956,N/A,N/A,N/A,0.14796673127173937,0.0,0.0,0.0,STARLINK-3912,0,N/A,N/A,0.0,0.06546548191416518,False,0.0,0.0,0.0,120.67609571238135,0.1508451196404767,Insufficient Energy for CPU,N/A,N/A,N/A
1162,CPU_and_Data_Intensive,Rejected,118.62153813177484,N/A,N/A,N/A,1.134556995677729,0.0,0.0,0.0,STARLINK-3912,0,N/A,N/A,0.0,23.47497055020837,False,0.0,0.0,0.0,120.67609571238135,0.1508451196404767,Insufficient Energy for CPU+NET,N/A,N/A,N/A
1163,CPU_and_Data_Intensive,Rejected,118.7651473045225,N/A,N/A,N/A,0.21712667898998836,0.0,0.0,0.0,STARLINK-3912,0,N/A,N/A,0.0,0.5559634853723054,False,0.0,0.0,0.0,120.67609571238135,0.1508451196404767,Insufficient Energy for CPU+NET,N/A,N/A,N/A
1164,CPU_Intensive,Rejected,118.94009032503813,N/A,N/A,N/A,0.8479013656355244,0.0,0.0,0.0,STARLINK-3912,0,N/A,N/A,0.0,0.0847312974100423,False,0.0,0.0,0.0,120.67609571238135,0.1508451196404767,Insufficient Energy for CPU,N/A,N/A,N/A
1166,CPU_and_Data_Intensive,Rejected,119.18044267424608,N/A,N/A,N/A,0.8079324799862313,0.0,0.0,0.0,STARLINK-3912,0,N/A,N/A,0.0,8.887438497105546,False,0.0,0.0,0.0,120.67609571238135,0.1508451196404767,Insufficient Energy for CPU+NET,N/A,N/A,N/A
1167,Generic_Service,Rejected,119.21181841463603,N/A,N/A,N/A,0.09868498667686852,0.0,0.0,0.0,STARLINK-3912,0,N/A,N/A,0.0,0.011687717979306388,False,0.0,0.0,0.0,120.67609571238135,0.1508451196404767,Insufficient Energy for CPU,N/A,N/A,N/A
1168,Generic_Service,Rejected,119.3549762083326,N/A,N/A,N/A,0.10179823701833608,0.0,0.0,0.0,STARLINK-3912,0,N/A,N/A,0.0,0.02477390265369544,False,0.0,0.0,0.0,120.67609571238135,0.1508451196404767,Insufficient Energy for CPU,N/A,N/A,N/A
1169,CPU_Intensive,Rejected,119.4801542324933,N/A,N/A,N/A,0.22126711327792564,0.0,0.0,0.0,STARLINK-3912,0,N/A,N/A,0.0,0.08049624703413816,False,0.0,0.0,0.0,120.67609571238135,0.1508451196404767,Insufficient Energy for CPU,N/A,N/A,N/A
1170,CPU_Intensive,Rejected,119.56466372180445,N/A,N/A,N/A,0.14484596145562742,0.0,0.0,0.0,STARLINK-3912,0,N/A,N/A,0.0,0.02803613240044213,False,0.0,0.0,0.0,120.67609571238135,0.1508451196404767,Insufficient Energy for CPU,N/A,N/A,N/A
1173,CPU_Intensive,Rejected,119.9956053373898,N/A,N/A,N/A,0.16949602721228738,0.0,0.0,0.0,STARLINK-3912,0,N/A,N/A,0.0,0.06676323421038129,False,0.0,0.0,0.0,120.67609571238135,0.1508451196404767,Insufficient Energy for CPU,N/A,N/A,N/A
1175,CPU_and_Data_Intensive,Rejected,120.36384718645648,N/A,N/A,N/A,0.13655485650386678,0.0,0.0,0.0,STARLINK-3912,0,N/A,N/A,0.0,0.028462056276078746,False,0.0,0.0,0.0,120.67609571238135,0.1508451196404767,Insufficient Energy for CPU+NET,N/A,N/A,N/A
1176,CPU_and_Data_Intensive,Rejected,120.36579368031057,N/A,N/A,N/A,1.3066083236149708,0.0,0.0,0.0,STARLINK-3912,0,N/A,N/A,0.0,1.8334973696212773,False,0.0,0.0,0.0,120.67609571238135,0.1508451196404767,Insufficient Energy for CPU+NET,N/A,N/A,N/A
1177,Generic_Service,Rejected,120.37796624030254,N/A,N/A,N/A,0.04656424831881263,0.0,0.0,0.0,STARLINK-3912,0,N/A,N/A,0.0,0.07780454450745737,False,0.0,0.0,0.0,120.67609571238135,0.1508451196404767,Insufficient Energy for CPU,N/A,N/A,N/A
1178,CPU_and_Data_Intensive,Rejected,120.46364987222609,N/A,N/A,N/A,0.5405026392739523,0.0,0.0,0.0,STARLINK-3912,0,N/A,N/A,0.0,1.3729184984765919,False,0.0,0.0,0.0,120.67609571238135,0.1508451196404767,Insufficient Energy for CPU+NET,N/A,N/A,N/A
1179,CPU_and_Data_Intensive,Rejected,120.4666829678584,N/A,N/A,N/A,0.3672222735705711,0.0,0.0,0.0,STARLINK-3912,0,N/A,N/A,0.0,0.3782667091703361,False,0.0,0.0,0.0,120.67609571238135,0.1508451196404767,Insufficient Energy for CPU+NET,N/A,N/A,N/A
1180,CPU_Intensive,Rejected,120.57026328168818,N/A,N/A,N/A,0.11141715946559014,0.0,0.0,0.0,STARLINK-3912,0,N/A,N/A,0.0,0.019339411588223603,False,0.0,0.0,0.0,120.67609571238135,0.1508451196404767,Insufficient Energy for CPU,N/A,N/A,N/A
1181,CPU_Intensive,Rejected,120.57976824076411,N/A,N/A,N/A,0.1578062388789374,0.0,0.0,0.0,STARLINK-3912,0,N/A,N/A,0.0,0.06539970759601797,False,0.0,0.0,0.0,120.67609571238135,0.1508451196404767,Insufficient Energy for CPU,N/A,N/A,N/A
1183,CPU_and_Data_Intensive,Rejected,120.69728860683624,N/A,N/A,N/A,0.4788973728304409,0.0,0.0,0.0,STARLINK-3912,0,N/A,N/A,0.0,2.073496895495654,False,0.0,0.0,0.0,120.67609571238135,0.1508451196404767,Insufficient Energy for CPU+NET,N/A,N/A,N/A
1187,Generic_Service,Rejected,121.11933643984891,N/A,N/A,N/A,0.034471982298813396,0.0,0.0,0.0,STARLINK-3912,0,N/A,N/A,0.0,0.04748151929570155,False,0.0,0.0,0.0,120.67609571238135,0.1508451196404767,Insufficient Energy for CPU,N/A,N/A,N/A
1188,Generic_Service,Rejected,121.19818041053584,N/A,N/A,N/A,0.08823957927901062,0.0,0.0,0.0,STARLINK-3912,0,N/A,N/A,0.0,0.040675038202219745,False,0.0,0.0,0.0,120.67609571238135,0.1508451196404767,Insufficient Energy for CPU,N/A,N/A,N/A
1189,CPU_Intensive,Rejected,121.2098093542557,N/A,N/A,N/A,0.40089173414986395,0.0,0.0,0.0,STARLINK-3912,0,N/A,N/A,0.0,0.01910237881128573,False,0.0,0.0,0.0,120.67609571238135,0.1508451196404767,Insufficient Energy for CPU,N/A,N/A,N/A
1190,CPU_Intensive,Rejected,121.2729490670847,N/A,N/A,N/A,0.18882870746017413,0.0,0.0,0.0,STARLINK-3912,0,N/A,N/A,0.0,0.042277075856828356,False,0.0,0.0,0.0,120.67609571238135,0.1508451196404767,Insufficient Energy for CPU,N/A,N/A,N/A
1191,CPU_and_Data_Intensive,Rejected,121.42274944038056,N/A,N/A,N/A,0.7321376160818931,0.0,0.0,0.0,STARLINK-3912,0,N/A,N/A,0.0,10.481439779815545,False,0.0,0.0,0.0,120.67609571238135,0.1508451196404767,Insufficient Energy for CPU+NET,N/A,N/A,N/A
1192,CPU_Intensive,Rejected,121.46626770329381,N/A,N/A,N/A,0.32278569986815697,0.0,0.0,0.0,STARLINK-3912,0,N/A,N/A,0.0,0.014161135170749664,False,0.0,0.0,0.0,120.67609571238135,0.1508451196404767,Insufficient Energy for CPU,N/A,N/A,N/A
1193,CPU_Intensive,Rejected,121.4696243170254,N/A,N/A,N/A,0.43858554159756663,0.0,0.0,0.0,STARLINK-3912,0,N/A,N/A,0.0,0.02710439730116245,False,0.0,0.0,0.0,120.67609571238135,0.1508451196404767,Insufficient Energy for CPU,N/A,N/A,N/A
1195,Generic_Service,Rejected,121.5208074639933,N/A,N/A,N/A,0.037970556059441773,0.0,0.0,0.0,STARLINK-3912,0,N/A,N/A,0.0,0.08572756941833441,False,0.0,0.0,0.0,120.67609571238135,0.1508451196404767,Insufficient Energy for CPU,N/A,N/A,N/A
1199,CPU_and_Data_Intensive,Rejected,121.93151644110087,N/A,N/A,N/A,1.6966873341209094,0.0,0.0,0.0,STARLINK-3912,0,N/A,N/A,0.0,0.318436303757719,False,0.0,0.0,0.0,120.67609571238135,0.1508451196404767,Insufficient Energy for CPU+NET,N/A,N/A,N/A
1200,CPU_and_Data_Intensive,Rejected,122.04189369768685,N/A,N/A,N/A,0.028128429418722272,0.0,0.0,0.0,STARLINK-3912,0,N/A,N/A,0.0,1.784711185559908,False,0.0,0.0,0.0,120.67609571238135,0.1508451196404767,Insufficient Energy for CPU+NET,N/A,N/A,N/A
1201,Generic_Service,Rejected,122.23759613192315,N/A,N/A,N/A,0.11327463477422224,0.0,0.0,0.0,STARLINK-3912,0,N/A,N/A,0.0,0.04689191297630067,False,0.0,0.0,0.0,120.67609571238135,0.1508451196404767,Insufficient Energy for CPU,N/A,N/A,N/A
1202,CPU_and_Data_Intensive,Rejected,122.2668891211842,N/A,N/A,N/A,0.6280076814905218,0.0,0.0,0.0,STARLINK-3912,0,N/A,N/A,0.0,11.683143558218848,False,0.0,0.0,0.0,120.67609571238135,0.1508451196404767,Insufficient Energy for CPU+NET,N/A,N/A,N/A
1203,CPU_Intensive,Rejected,122.44810895760686,N/A,N/A,N/A,0.45489442021230764,0.0,0.0,0.0,STARLINK-3912,0,N/A,N/A,0.0,0.010917982740795798,False,0.0,0.0,0.0,120.67609571238135,0.1508451196404767,Insufficient Energy for CPU,N/A,N/A,N/A
1204,CPU_Intensive,Rejected,122.50052163325857,N/A,N/A,N/A,0.8240917469412646,0.0,0.0,0.0,STARLINK-3912,0,N/A,N/A,0.0,0.050524154069323,False,0.0,0.0,0.0,120.67609571238135,0.1508451196404767,Insufficient Energy for CPU,N/A,N/A,N/A
1205,CPU_and_Data_Intensive,Rejected,122.63032042492021,N/A,N/A,N/A,0.12690737431588364,0.0,0.0,0.0,STARLINK-3912,0,N/A,N/A,0.0,2.05309691152016,False,0.0,0.0,0.0,120.67609571238135,0.1508451196404767,Insufficient Energy for CPU+NET,N/A,N/A,N/A
1206,Generic_Service,Rejected,122.8856343942754,N/A,N/A,N/A,0.03168077429976357,0.0,0.0,0.0,STARLINK-3912,0,N/A,N/A,0.0,0.036292251219801064,False,0.0,0.0,0.0,120.67609571238135,0.1508451196404767,Insufficient Energy for CPU,N/A,N/A,N/A
1208,Generic_Service,Rejected,123.35593973884941,N/A,N/A,N/A,0.04723959240533637,0.0,0.0,0.0,STARLINK-3912,0,N/A,N/A,0.0,0.03998301684697398,False,0.0,0.0,0.0,120.67609571238135,0.1508451196404767,Insufficient Energy for CPU,N/A,N/A,N/A
1209,CPU_and_Data_Intensive,Rejected,123.51371267237792,N/A,N/A,N/A,0.5304726085135123,0.0,0.0,0.0,STARLINK-3912,0,N/A,N/A,0.0,153.41159048770515,False,0.0,0.0,0.0,120.67609571238135,0.1508451196404767,Insufficient Energy for CPU+NET,N/A,N/A,N/A
1210,CPU_Intensive,Rejected,123.628932112159,N/A,N/A,N/A,0.9437450952225388,0.0,0.0,0.0,STARLINK-3912,0,N/A,N/A,0.0,0.03260430877756036,False,0.0,0.0,0.0,120.67609571238135,0.1508451196404767,Insufficient Energy for CPU,N/A,N/A,N/A
1211,CPU_Intensive,Rejected,123.88840859405383,N/A,N/A,N/A,1.4405205419484572,0.0,0.0,0.0,STARLINK-3912,0,N/A,N/A,0.0,0.04338964490994983,False,0.0,0.0,0.0,120.67609571238135,0.1508451196404767,Insufficient Energy for CPU,N/A,N/A,N/A
1212,CPU_Intensive,Rejected,123.92261279462763,N/A,N/A,N/A,0.921341829146414,0.0,0.0,0.0,STARLINK-3912,0,N/A,N/A,0.0,0.07597691525796042,False,0.0,0.0,0.0,120.67609571238135,0.1508451196404767,Insufficient Energy for CPU,N/A,N/A,N/A
1213,CPU_Intensive,Rejected,123.94427599846279,N/A,N/A,N/A,0.39768079078460145,0.0,0.0,0.0,STARLINK-3912,0,N/A,N/A,0.0,0.032235716304680945,False,0.0,0.0,0.0,120.67609571238135,0.1508451196404767,Insufficient Energy for CPU,N/A,N/A,N/A
1214,CPU_and_Data_Intensive,Rejected,124.10947331147297,N/A,N/A,N/A,0.2861846581458791,0.0,0.0,0.0,STARLINK-3912,0,N/A,N/A,0.0,0.13026743642145117,False,0.0,0.0,0.0,120.67609571238135,0.1508451196404767,Insufficient Energy for CPU+NET,N/A,N/A,N/A
1215,CPU_and_Data_Intensive,Rejected,124.1287919081354,N/A,N/A,N/A,0.5975625765302524,0.0,0.0,0.0,STARLINK-3912,0,N/A,N/A,0.0,1.969060535717015,False,0.0,0.0,0.0,120.67609571238135,0.1508451196404767,Insufficient Energy for CPU+NET,N/A,N/A,N/A
1219,CPU_Intensive,Rejected,124.2705962853371,N/A,N/A,N/A,0.06923050126454874,0.0,0.0,0.0,STARLINK-3912,0,N/A,N/A,0.0,0.07015068461972004,False,0.0,0.0,0.0,120.67609571238135,0.1508451196404767,Insufficient Energy for CPU,N/A,N/A,N/A
1220,CPU_and_Data_Intensive,Rejected,124.34287596733017,N/A,N/A,N/A,0.34615619621488947,0.0,0.0,0.0,STARLINK-3912,0,N/A,N/A,0.0,7.509907343290111,False,0.0,0.0,0.0,120.67609571238135,0.1508451196404767,Insufficient Energy for CPU+NET,N/A,N/A,N/A
1221,CPU_Intensive,Rejected,124.3813397647666,N/A,N/A,N/A,0.3933613591420483,0.0,0.0,0.0,STARLINK-3912,0,N/A,N/A,0.0,0.023507303318736114,False,0.0,0.0,0.0,120.67609571238135,0.1508451196404767,Insufficient Energy for CPU,N/A,N/A,N/A
1222,CPU_Intensive,Rejected,124.5361899135602,N/A,N/A,N/A,0.10743872634654901,0.0,0.0,0.0,STARLINK-3912,0,N/A,N/A,0.0,0.05191366436929943,False,0.0,0.0,0.0,120.67609571238135,0.1508451196404767,Insufficient Energy for CPU,N/A,N/A,N/A
1223,Generic_Service,Rejected,124.62592137590676,N/A,N/A,N/A,0.0317136208190519,0.0,0.0,0.0,STARLINK-3912,0,N/A,N/A,0.0,0.04418330657754398,False,0.0,0.0,0.0,120.67609571238135,0.1508451196404767,Insufficient Energy for CPU,N/A,N/A,N/A
1224,CPU_Intensive,Rejected,124.7505823351543,N/A,N/A,N/A,0.17405246451534595,0.0,0.0,0.0,STARLINK-3912,0,N/A,N/A,0.0,0.01063827192791461,False,0.0,0.0,0.0,120.67609571238135,0.1508451196404767,Insufficient Energy for CPU,N/A,N/A,N/A
1225,Generic_Service,Rejected,124.75521559224613,N/A,N/A,N/A,0.09318579502230973,0.0,0.0,0.0,STARLINK-3912,0,N/A,N/A,0.0,0.053264444703936514,False,0.0,0.0,0.0,120.67609571238135,0.1508451196404767,Insufficient Energy for CPU,N/A,N/A,N/A
1227,CPU_Intensive,Rejected,124.85183147850258,N/A,N/A,N/A,1.4671167039635211,0.0,0.0,0.0,STARLINK-3912,0,N/A,N/A,0.0,0.07475359718600884,False,0.0,0.0,0.0,120.67609571238135,0.1508451196404767,Insufficient Energy for CPU,N/A,N/A,N/A
1228,CPU_Intensive,Rejected,124.98133685859123,N/A,N/A,N/A,0.6963293029922532,0.0,0.0,0.0,STARLINK-3912,0,N/A,N/A,0.0,0.058168000289773154,False,0.0,0.0,0.0,120.67609571238135,0.1508451196404767,Insufficient Energy for CPU,N/A,N/A,N/A
1229,CPU_Intensive,Rejected,125.192820740386,N/A,N/A,N/A,0.2648778157170735,0.0,0.0,0.0,STARLINK-3912,0,N/A,N/A,0.0,0.03442284812217069,False,0.0,0.0,0.0,120.67609571238135,0.1508451196404767,Insufficient Energy for CPU,N/A,N/A,N/A
1230,Generic_Service,Rejected,125.30071660014372,N/A,N/A,N/A,0.03247218036529378,0.0,0.0,0.0,STARLINK-3912,0,N/A,N/A,0.0,0.04980473059414143,False,0.0,0.0,0.0,120.67609571238135,0.1508451196404767,Insufficient Energy for CPU,N/A,N/A,N/A
1231,CPU_Intensive,Rejected,125.50929565523137,N/A,N/A,N/A,0.33563302793724487,0.0,0.0,0.0,STARLINK-3912,0,N/A,N/A,0.0,0.039501612150449714,False,0.0,0.0,0.0,120.67609571238135,0.1508451196404767,Insufficient Energy for CPU,N/A,N/A,N/A
1232,CPU_Intensive,Rejected,125.51931908462012,N/A,N/A,N/A,0.05053370648743318,0.0,0.0,0.0,STARLINK-3912,0,N/A,N/A,0.0,0.05659288978826185,False,0.0,0.0,0.0,120.67609571238135,0.1508451196404767,Insufficient Energy for CPU,N/A,N/A,N/A
1235,CPU_Intensive,Rejected,125.61752441886053,N/A,N/A,N/A,0.24174204497363078,0.0,0.0,0.0,STARLINK-3912,0,N/A,N/A,0.0,0.020550271033300413,False,0.0,0.0,0.0,120.67609571238135,0.1508451196404767,Insufficient Energy for CPU,N/A,N/A,N/A
1236,CPU_Intensive,Rejected,125.88514484558233,N/A,N/A,N/A,0.06259473845653422,0.0,0.0,0.0,STARLINK-3912,0,N/A,N/A,0.0,0.031336602773027536,False,0.0,0.0,0.0,120.67609571238135,0.1508451196404767,Insufficient Energy for CPU,N/A,N/A,N/A
1237,Generic_Service,Rejected,125.91470969186594,N/A,N/A,N/A,0.0395563409196218,0.0,0.0,0.0,STARLINK-3912,0,N/A,N/A,0.0,0.07306387080314755,False,0.0,0.0,0.0,120.67609571238135,0.1508451196404767,Insufficient Energy for CPU,N/A,N/A,N/A
1239,CPU_Intensive,Rejected,126.09721444442886,N/A,N/A,N/A,0.06074332387018751,0.0,0.0,0.0,STARLINK-3912,0,N/A,N/A,0.0,0.03677623711660286,False,0.0,0.0,0.0,120.67609571238135,0.1508451196404767,Insufficient Energy for CPU,N/A,N/A,N/A
1240,Generic_Service,Rejected,126.09951487458102,N/A,N/A,N/A,0.030425646306737986,0.0,0.0,0.0,STARLINK-3912,0,N/A,N/A,0.0,0.06808216679777848,False,0.0,0.0,0.0,120.67609571238135,0.1508451196404767,Insufficient Energy for CPU,N/A,N/A,N/A
1241,Generic_Service,Rejected,126.49419864273776,N/A,N/A,N/A,0.060482888194372066,0.0,0.0,0.0,STARLINK-3912,0,N/A,N/A,0.0,0.017059285934198008,False,0.0,0.0,0.0,120.67609571238135,0.1508451196404767,Insufficient Energy for CPU,N/A,N/A,N/A
1242,CPU_Intensive,Rejected,126.83741906763123,N/A,N/A,N/A,0.5429786082926843,0.0,0.0,0.0,STARLINK-3912,0,N/A,N/A,0.0,0.02796796521133981,False,0.0,0.0,0.0,120.67609571238135,0.1508451196404767,Insufficient Energy for CPU,N/A,N/A,N/A
1243,CPU_Intensive,Rejected,126.8966288253932,N/A,N/A,N/A,0.5333617450937082,0.0,0.0,0.0,STARLINK-3912,0,N/A,N/A,0.0,0.02579424710322161,False,0.0,0.0,0.0,120.67609571238135,0.1508451196404767,Insufficient Energy for CPU,N/A,N/A,N/A
1244,CPU_Intensive,Rejected,127.00313657252967,N/A,N/A,N/A,0.5025296881046117,0.0,0.0,0.0,STARLINK-3912,0,N/A,N/A,0.0,0.06623843257512849,False,0.0,0.0,0.0,120.67609571238135,0.1508451196404767,Insufficient Energy for CPU,N/A,N/A,N/A
1245,CPU_Intensive,Rejected,127.00715619750954,N/A,N/A,N/A,0.5938235853044619,0.0,0.0,0.0,STARLINK-3912,0,N/A,N/A,0.0,0.010720408640179096,False,0.0,0.0,0.0,120.67609571238135,0.1508451196404767,Insufficient Energy for CPU,N/A,N/A,N/A
1246,CPU_and_Data_Intensive,Rejected,127.04246724612426,N/A,N/A,N/A,0.31948239700976877,0.0,0.0,0.0,STARLINK-3912,0,N/A,N/A,0.0,1.358441511598604,False,0.0,0.0,0.0,120.67609571238135,0.1508451196404767,Insufficient Energy for CPU+NET,N/A,N/A,N/A
1249,CPU_Intensive,Rejected,127.25452105722562,N/A,N/A,N/A,0.8554044528799729,0.0,0.0,0.0,STARLINK-3912,0,N/A,N/A,0.0,0.0451133330926126,False,0.0,0.0,0.0,120.67609571238135,0.1508451196404767,Insufficient Energy for CPU,N/A,N/A,N/A
1250,CPU_and_Data_Intensive,Rejected,127.3750962862015,N/A,N/A,N/A,0.06038702873832829,0.0,0.0,0.0,STARLINK-3912,0,N/A,N/A,0.0,1.883728265298716,False,0.0,0.0,0.0,120.67609571238135,0.1508451196404767,Insufficient Energy for CPU+NET,N/A,N/A,N/A
1251,CPU_and_Data_Intensive,Rejected,127.38028114108073,N/A,N/A,N/A,0.12168870762127255,0.0,0.0,0.0,STARLINK-3912,0,N/A,N/A,0.0,1.3116627406780474,False,0.0,0.0,0.0,120.67609571238135,0.1508451196404767,Insufficient Energy for CPU+NET,N/A,N/A,N/A
1252,CPU_and_Data_Intensive,Rejected,127.5393312016259,N/A,N/A,N/A,0.12761975594208202,0.0,0.0,0.0,STARLINK-3912,0,N/A,N/A,0.0,1.0329172335402064,False,0.0,0.0,0.0,120.67609571238135,0.1508451196404767,Insufficient Energy for CPU+NET,N/A,N/A,N/A
1253,CPU_and_Data_Intensive,Rejected,127.64466282620296,N/A,N/A,N/A,0.2991294960578484,0.0,0.0,0.0,STARLINK-3912,0,N/A,N/A,0.0,0.23623646592460293,False,0.0,0.0,0.0,120.67609571238135,0.1508451196404767,Insufficient Energy for CPU+NET,N/A,N/A,N/A
1254,Generic_Service,Rejected,127.72690060179974,N/A,N/A,N/A,0.07600425174509029,0.0,0.0,0.0,STARLINK-3912,0,N/A,N/A,0.0,0.04593466720881743,False,0.0,0.0,0.0,120.67609571238135,0.1508451196404767,Insufficient Energy for CPU,N/A,N/A,N/A
1255,CPU_Intensive,Rejected,127.7476457224189,N/A,N/A,N/A,0.7948520809866797,0.0,0.0,0.0,STARLINK-3912,0,N/A,N/A,0.0,0.017946692556883394,False,0.0,0.0,0.0,120.67609571238135,0.1508451196404767,Insufficient Energy for CPU,N/A,N/A,N/A
1256,CPU_and_Data_Intensive,Rejected,127.90188373103517,N/A,N/A,N/A,0.5759998464728642,0.0,0.0,0.0,STARLINK-3912,0,N/A,N/A,0.0,1.7658896011052676,False,0.0,0.0,0.0,120.67609571238135,0.1508451196404767,Insufficient Energy for CPU+NET,N/A,N/A,N/A
1257,CPU_and_Data_Intensive,Rejected,127.99741469688875,N/A,N/A,N/A,0.26806267693549646,0.0,0.0,0.0,STARLINK-3912,0,N/A,N/A,0.0,0.7407266207732465,False,0.0,0.0,0.0,120.67609571238135,0.1508451196404767,Insufficient Energy for CPU+NET,N/A,N/A,N/A
1258,CPU_and_Data_Intensive,Rejected,128.03258213335303,N/A,N/A,N/A,1.2400218371240628,0.0,0.0,0.0,STARLINK-3912,0,N/A,N/A,0.0,3.1916231748975505,False,0.0,0.0,0.0,120.67609571238135,0.1508451196404767,Insufficient Energy for CPU+NET,N/A,N/A,N/A
1259,CPU_and_Data_Intensive,Rejected,128.18285264548936,N/A,N/A,N/A,1.9078711836269218,0.0,0.0,0.0,STARLINK-3912,0,N/A,N/A,0.0,1.6389950500260329,False,0.0,0.0,0.0,120.67609571238135,0.1508451196404767,Insufficient Energy for CPU+NET,N/A,N/A,N/A
1261,CPU_and_Data_Intensive,Rejected,128.5160490406305,N/A,N/A,N/A,0.2950083483701934,0.0,0.0,0.0,STARLINK-3912,0,N/A,N/A,0.0,0.8204601031624634,False,0.0,0.0,0.0,120.67609571238135,0.1508451196404767,Insufficient Energy for CPU+NET,N/A,N/A,N/A
1263,CPU_and_Data_Intensive,Rejected,128.76810756945176,N/A,N/A,N/A,0.7057878375530008,0.0,0.0,0.0,STARLINK-3912,0,N/A,N/A,0.0,23.80442262156601,False,0.0,0.0,0.0,120.67609571238135,0.1508451196404767,Insufficient Energy for CPU+NET,N/A,N/A,N/A
1264,CPU_and_Data_Intensive,Rejected,128.77497102553983,N/A,N/A,N/A,0.8762531628302583,0.0,0.0,0.0,STARLINK-3912,0,N/A,N/A,0.0,21.302084598454737,False,0.0,0.0,0.0,120.67609571238135,0.1508451196404767,Insufficient Energy for CPU+NET,N/A,N/A,N/A
1265,Generic_Service,Rejected,128.9392268604847,N/A,N/A,N/A,0.0321774655070045,0.0,0.0,0.0,STARLINK-3912,0,N/A,N/A,0.0,0.014808284254791077,False,0.0,0.0,0.0,120.67609571238135,0.1508451196404767,Insufficient Energy for CPU,N/A,N/A,N/A
1267,CPU_and_Data_Intensive,Rejected,129.1300881835638,N/A,N/A,N/A,0.4134531065086701,0.0,0.0,0.0,STARLINK-3912,0,N/A,N/A,0.0,1.7963437575612875,False,0.0,0.0,0.0,120.67609571238135,0.1508451196404767,Insufficient Energy for CPU+NET,N/A,N/A,N/A
1268,CPU_and_Data_Intensive,Rejected,129.14175194031282,N/A,N/A,N/A,0.3582607855199183,0.0,0.0,0.0,STARLINK-3912,0,N/A,N/A,0.0,3.5373659646346587,False,0.0,0.0,0.0,120.67609571238135,0.1508451196404767,Insufficient Energy for CPU+NET,N/A,N/A,N/A
1269,CPU_and_Data_Intensive,Rejected,129.27047727960402,N/A,N/A,N/A,0.44659768647401,0.0,0.0,0.0,STARLINK-3912,0,N/A,N/A,0.0,1.8716667089229269,False,0.0,0.0,0.0,120.67609571238135,0.1508451196404767,Insufficient Energy for CPU+NET,N/A,N/A,N/A
1270,CPU_and_Data_Intensive,Rejected,129.2971109370189,N/A,N/A,N/A,0.3136193238534516,0.0,0.0,0.0,STARLINK-3912,0,N/A,N/A,0.0,1.373390955748961,False,0.0,0.0,0.0,120.67609571238135,0.1508451196404767,Insufficient Energy for CPU+NET,N/A,N/A,N/A
1273,CPU_and_Data_Intensive,Rejected,129.40876546567017,N/A,N/A,N/A,0.36471852932872284,0.0,0.0,0.0,STARLINK-3912,0,N/A,N/A,0.0,1.3381911353259919,False,0.0,0.0,0.0,120.67609571238135,0.1508451196404767,Insufficient Energy for CPU+NET,N/A,N/A,N/A
1275,CPU_Intensive,Rejected,129.45788283296693,N/A,N/A,N/A,1.4199029532400376,0.0,0.0,0.0,STARLINK-3912,0,N/A,N/A,0.0,0.05172983617758271,False,0.0,0.0,0.0,120.67609571238135,0.1508451196404767,Insufficient Energy for CPU,N/A,N/A,N/A
1276,Generic_Service,Rejected,129.8602052177167,N/A,N/A,N/A,0.032199403540677955,0.0,0.0,0.0,STARLINK-3912,0,N/A,N/A,0.0,0.029928469715823955,False,0.0,0.0,0.0,120.67609571238135,0.1508451196404767,Insufficient Energy for CPU,N/A,N/A,N/A
1277,CPU_Intensive,Rejected,129.89173305861172,N/A,N/A,N/A,1.0660389718209962,0.0,0.0,0.0,STARLINK-3912,0,N/A,N/A,0.0,0.027684112620288394,False,0.0,0.0,0.0,120.67609571238135,0.1508451196404767,Insufficient Energy for CPU,N/A,N/A,N/A
1278,CPU_and_Data_Intensive,Rejected,129.90088845527816,N/A,N/A,N/A,0.8046559491930428,0.0,0.0,0.0,STARLINK-3912,0,N/A,N/A,0.0,23.78697039697449,False,0.0,0.0,0.0,120.67609571238135,0.1508451196404767,Insufficient Energy for CPU+NET,N/A,N/A,N/A
1280,Generic_Service,Rejected,130.01292077014423,N/A,N/A,N/A,0.07470750017257229,0.0,0.0,0.0,STARLINK-3912,0,N/A,N/A,0.0,0.06440678490341017,False,0.0,0.0,0.0,120.67609571238135,0.1508451196404767,Insufficient Energy for CPU,N/A,N/A,N/A
1281,CPU_Intensive,Rejected,130.13660072271193,N/A,N/A,N/A,0.36553412644275,0.0,0.0,0.0,STARLINK-3912,0,N/A,N/A,0.0,0.06786340587457314,False,0.0,0.0,0.0,120.67609571238135,0.1508451196404767,Insufficient Energy for CPU,N/A,N/A,N/A
1282,CPU_and_Data_Intensive,Rejected,130.1642990076341,N/A,N/A,N/A,0.12219485626068173,0.0,0.0,0.0,STARLINK-3912,0,N/A,N/A,0.0,2.1426865255427576,False,0.0,0.0,0.0,120.67609571238135,0.1508451196404767,Insufficient Energy for CPU+NET,N/A,N/A,N/A
1283,CPU_and_Data_Intensive,Rejected,130.2406573819405,N/A,N/A,N/A,0.12345601356598472,0.0,0.0,0.0,STARLINK-3912,0,N/A,N/A,0.0,3.343723078679374,False,0.0,0.0,0.0,120.67609571238135,0.1508451196404767,Insufficient Energy for CPU+NET,N/A,N/A,N/A
1284,CPU_Intensive,Rejected,130.31647293715656,N/A,N/A,N/A,0.11008668113967664,0.0,0.0,0.0,STARLINK-3912,0,N/A,N/A,0.0,0.05234505046570825,False,0.0,0.0,0.0,120.67609571238135,0.1508451196404767,Insufficient Energy for CPU,N/A,N/A,N/A
1285,CPU_Intensive,Rejected,130.35005563749127,N/A,N/A,N/A,0.3549268563602933,0.0,0.0,0.0,STARLINK-3912,0,N/A,N/A,0.0,0.06603809142583482,False,0.0,0.0,0.0,120.67609571238135,0.1508451196404767,Insufficient Energy for CPU,N/A,N/A,N/A
1286,Generic_Service,Rejected,130.3581371985696,N/A,N/A,N/A,0.07064640215810546,0.0,0.0,0.0,STARLINK-3912,0,N/A,N/A,0.0,0.06412279666336454,False,0.0,0.0,0.0,120.67609571238135,0.1508451196404767,Insufficient Energy for CPU,N/A,N/A,N/A
1287,CPU_Intensive,Rejected,130.36927398279948,N/A,N/A,N/A,0.3604577097892714,0.0,0.0,0.0,STARLINK-3912,0,N/A,N/A,0.0,0.023859415154378786,False,0.0,0.0,0.0,120.67609571238135,0.1508451196404767,Insufficient Energy for CPU,N/A,N/A,N/A
1288,Generic_Service,Rejected,130.4004788473572,N/A,N/A,N/A,0.07376341565699136,0.0,0.0,0.0,STARLINK-3912,0,N/A,N/A,0.0,0.05645850140613758,False,0.0,0.0,0.0,120.67609571238135,0.1508451196404767,Insufficient Energy for CPU,N/A,N/A,N/A
1289,Generic_Service,Rejected,130.59123338621032,N/A,N/A,N/A,0.05305288820258545,0.0,0.0,0.0,STARLINK-3912,0,N/A,N/A,0.0,0.017726101388313695,False,0.0,0.0,0.0,120.67609571238135,0.1508451196404767,Insufficient Energy for CPU,N/A,N/A,N/A
1290,CPU_Intensive,Rejected,130.65259562680941,N/A,N/A,N/A,0.9223189739953488,0.0,0.0,0.0,STARLINK-3912,0,N/A,N/A,0.0,0.03166589637268625,False,0.0,0.0,0.0,120.67609571238135,0.1508451196404767,Insufficient Energy for CPU,N/A,N/A,N/A
1293,CPU_Intensive,Rejected,131.001117348293,N/A,N/A,N/A,0.04623383581843677,0.0,0.0,0.0,STARLINK-3912,0,N/A,N/A,0.0,0.06650608708513611,False,0.0,0.0,0.0,120.67609571238135,0.1508451196404767,Insufficient Energy for CPU,N/A,N/A,N/A
1294,CPU_and_Data_Intensive,Rejected,131.09222006156543,N/A,N/A,N/A,1.1887971693284043,0.0,0.0,0.0,STARLINK-3912,0,N/A,N/A,0.0,349.3236625932321,False,0.0,0.0,0.0,120.67609571238135,0.1508451196404767,Insufficient Energy for CPU+NET,N/A,N/A,N/A
1295,CPU_Intensive,Rejected,131.35551999175993,N/A,N/A,N/A,0.4845178277025019,0.0,0.0,0.0,STARLINK-3912,0,N/A,N/A,0.0,0.011078320955698027,False,0.0,0.0,0.0,120.67609571238135,0.1508451196404767,Insufficient Energy for CPU,N/A,N/A,N/A
1296,CPU_and_Data_Intensive,Rejected,131.4776109014625,N/A,N/A,N/A,0.32607507215666015,0.0,0.0,0.0,STARLINK-3912,0,N/A,N/A,0.0,1.046652369390466,False,0.0,0.0,0.0,120.67609571238135,0.1508451196404767,Insufficient Energy for CPU+NET,N/A,N/A,N/A
1297,CPU_Intensive,Rejected,131.49806692340957,N/A,N/A,N/A,0.8101371853651455,0.0,0.0,0.0,STARLINK-3912,0,N/A,N/A,0.0,0.054422253999281044,False,0.0,0.0,0.0,120.67609571238135,0.1508451196404767,Insufficient Energy for CPU,N/A,N/A,N/A
1298,CPU_Intensive,Rejected,131.58627618448054,N/A,N/A,N/A,0.07109727719144633,0.0,0.0,0.0,STARLINK-3912,0,N/A,N/A,0.0,0.07986114339655083,False,0.0,0.0,0.0,120.67609571238135,0.1508451196404767,Insufficient Energy for CPU,N/A,N/A,N/A
1299,CPU_Intensive,Rejected,131.61244135174732,N/A,N/A,N/A,0.3098306149339403,0.0,0.0,0.0,STARLINK-3912,0,N/A,N/A,0.0,0.03787550245434766,False,0.0,0.0,0.0,120.67609571238135,0.1508451196404767,Insufficient Energy for CPU,N/A,N/A,N/A
1300,CPU_Intensive,Rejected,131.75360367302702,N/A,N/A,N/A,0.035755641638175566,0.0,0.0,0.0,STARLINK-3912,0,N/A,N/A,0.0,0.05704502539955273,False,0.0,0.0,0.0,120.67609571238135,0.1508451196404767,Insufficient Energy for CPU,N/A,N/A,N/A
1301,CPU_and_Data_Intensive,Rejected,131.76518965282415,N/A,N/A,N/A,0.5043779415784859,0.0,0.0,0.0,STARLINK-3912,0,N/A,N/A,0.0,1.4917520518533207,False,0.0,0.0,0.0,120.67609571238135,0.1508451196404767,Insufficient Energy for CPU+NET,N/A,N/A,N/A
1302,Generic_Service,Rejected,131.98149125065893,N/A,N/A,N/A,0.05850285790866022,0.0,0.0,0.0,STARLINK-3912,0,N/A,N/A,0.0,0.03280104678322659,False,0.0,0.0,0.0,120.67609571238135,0.1508451196404767,Insufficient Energy for CPU,N/A,N/A,N/A
1303,CPU_Intensive,Rejected,132.01784157889958,N/A,N/A,N/A,0.0761739882813368,0.0,0.0,0.0,STARLINK-3912,0,N/A,N/A,0.0,0.01912359118693823,False,0.0,0.0,0.0,120.67609571238135,0.1508451196404767,Insufficient Energy for CPU,N/A,N/A,N/A
1306,CPU_Intensive,Rejected,132.41287380578777,N/A,N/A,N/A,0.8824833065207579,0.0,0.0,0.0,STARLINK-3912,0,N/A,N/A,0.0,0.06950043362840115,False,0.0,0.0,0.0,120.67609571238135,0.1508451196404767,Insufficient Energy for CPU,N/A,N/A,N/A
1305,CPU_and_Data_Intensive,Rejected,132.40974077126222,N/A,N/A,N/A,0.2565422066378002,0.0,0.0,0.0,STARLINK-3912,0,N/A,N/A,0.0,13.505610398796705,False,0.0,0.0,0.0,120.67609571238135,0.1508451196404767,Insufficient Energy for CPU+NET,N/A,N/A,N/A
1308,CPU_Intensive,Rejected,132.47136315570452,N/A,N/A,N/A,1.6385634631757044,0.0,0.0,0.0,STARLINK-3912,0,N/A,N/A,0.0,0.034199805704412105,False,0.0,0.0,0.0,120.67609571238135,0.1508451196404767,Insufficient Energy for CPU,N/A,N/A,N/A
1310,CPU_Intensive,Rejected,132.56179541567803,N/A,N/A,N/A,0.4350495105625794,0.0,0.0,0.0,STARLINK-3912,0,N/A,N/A,0.0,0.044178983599635874,False,0.0,0.0,0.0,120.67609571238135,0.1508451196404767,Insufficient Energy for CPU,N/A,N/A,N/A
1311,CPU_and_Data_Intensive,Rejected,132.572700248305,N/A,N/A,N/A,0.04535701985655299,0.0,0.0,0.0,STARLINK-3912,0,N/A,N/A,0.0,8.593099380392296,False,0.0,0.0,0.0,120.67609571238135,0.1508451196404767,Insufficient Energy for CPU+NET,N/A,N/A,N/A
1312,CPU_and_Data_Intensive,Rejected,132.61593576259997,N/A,N/A,N/A,0.23164249632435424,0.0,0.0,0.0,STARLINK-3912,0,N/A,N/A,0.0,1.506421979410571,False,0.0,0.0,0.0,120.67609571238135,0.1508451196404767,Insufficient Energy for CPU+NET,N/A,N/A,N/A
1313,CPU_and_Data_Intensive,Rejected,132.6548029796384,N/A,N/A,N/A,0.1141294698422409,0.0,0.0,0.0,STARLINK-3912,0,N/A,N/A,0.0,1.9946859344568564,False,0.0,0.0,0.0,120.67609571238135,0.1508451196404767,Insufficient Energy for CPU+NET,N/A,N/A,N/A
1314,CPU_and_Data_Intensive,Rejected,132.81826400860376,N/A,N/A,N/A,1.3615975093898114,0.0,0.0,0.0,STARLINK-3912,0,N/A,N/A,0.0,351.6137355323234,False,0.0,0.0,0.0,120.67609571238135,0.1508451196404767,Insufficient Energy for CPU+NET,N/A,N/A,N/A
1315,CPU_and_Data_Intensive,Rejected,132.99725240912306,N/A,N/A,N/A,0.923400396998265,0.0,0.0,0.0,STARLINK-3912,0,N/A,N/A,0.0,1.5235896811161584,False,0.0,0.0,0.0,120.67609571238135,0.1508451196404767,Insufficient Energy for CPU+NET,N/A,N/A,N/A
1316,Generic_Service,Rejected,133.03925930048652,N/A,N/A,N/A,0.1695992506194938,0.0,0.0,0.0,STARLINK-3912,0,N/A,N/A,0.0,0.07191852192727419,False,0.0,0.0,0.0,120.67609571238135,0.1508451196404767,Insufficient Energy for CPU,N/A,N/A,N/A
1317,Generic_Service,Rejected,133.0896199594239,N/A,N/A,N/A,0.09860974450896896,0.0,0.0,0.0,STARLINK-3912,0,N/A,N/A,0.0,0.010452998828689147,False,0.0,0.0,0.0,120.67609571238135,0.1508451196404767,Insufficient Energy for CPU,N/A,N/A,N/A
1318,CPU_and_Data_Intensive,Rejected,133.1035630543954,N/A,N/A,N/A,0.05627232120580273,0.0,0.0,0.0,STARLINK-3912,0,N/A,N/A,0.0,1.6963155365311613,False,0.0,0.0,0.0,120.67609571238135,0.1508451196404767,Insufficient Energy for CPU+NET,N/A,N/A,N/A
1319,Generic_Service,Rejected,133.35352972761993,N/A,N/A,N/A,0.03328359862734972,0.0,0.0,0.0,STARLINK-3912,0,N/A,N/A,0.0,0.04236636183385448,False,0.0,0.0,0.0,120.67609571238135,0.1508451196404767,Insufficient Energy for CPU,N/A,N/A,N/A
1320,CPU_Intensive,Rejected,133.37534458232412,N/A,N/A,N/A,0.0216588042162259,0.0,0.0,0.0,STARLINK-3912,0,N/A,N/A,0.0,0.06399845990701139,False,0.0,0.0,0.0,120.67609571238135,0.1508451196404767,Insufficient Energy for CPU,N/A,N/A,N/A
1321,CPU_and_Data_Intensive,Rejected,133.42934100182737,N/A,N/A,N/A,0.1285435678165721,0.0,0.0,0.0,STARLINK-3912,0,N/A,N/A,0.0,0.629504672421577,False,0.0,0.0,0.0,120.67609571238135,0.1508451196404767,Insufficient Energy for CPU+NET,N/A,N/A,N/A
1322,CPU_and_Data_Intensive,Rejected,133.45050501073075,N/A,N/A,N/A,0.48152953241264107,0.0,0.0,0.0,STARLINK-3912,0,N/A,N/A,0.0,150.6539415729967,False,0.0,0.0,0.0,120.67609571238135,0.1508451196404767,Insufficient Energy for CPU+NET,N/A,N/A,N/A
1324,Generic_Service,Rejected,133.8316971696245,N/A,N/A,N/A,0.036289602146771564,0.0,0.0,0.0,STARLINK-3912,0,N/A,N/A,0.0,0.048704257495249266,False,0.0,0.0,0.0,120.67609571238135,0.1508451196404767,Insufficient Energy for CPU,N/A,N/A,N/A
1326,CPU_and_Data_Intensive,Rejected,134.14232966918559,N/A,N/A,N/A,1.5220859245093452,0.0,0.0,0.0,STARLINK-3912,0,N/A,N/A,0.0,4.302271355629372,False,0.0,0.0,0.0,120.67609571238135,0.1508451196404767,Insufficient Energy for CPU+NET,N/A,N/A,N/A
1327,CPU_and_Data_Intensive,Rejected,134.16930861675465,N/A,N/A,N/A,0.19405343906432743,0.0,0.0,0.0,STARLINK-3912,0,N/A,N/A,0.0,3.6660877809867527,False,0.0,0.0,0.0,120.67609571238135,0.1508451196404767,Insufficient Energy for CPU+NET,N/A,N/A,N/A
1330,CPU_and_Data_Intensive,Rejected,134.2275319539556,N/A,N/A,N/A,0.22413325151861213,0.0,0.0,0.0,STARLINK-3912,0,N/A,N/A,0.0,0.9068343342124262,False,0.0,0.0,0.0,120.67609571238135,0.1508451196404767,Insufficient Energy for CPU+NET,N/A,N/A,N/A
1333,Generic_Service,Rejected,134.7857274037147,N/A,N/A,N/A,0.06535857573199405,0.0,0.0,0.0,STARLINK-3912,0,N/A,N/A,0.0,0.016088124626653245,False,0.0,0.0,0.0,120.67609571238135,0.1508451196404767,Insufficient Energy for CPU,N/A,N/A,N/A
1334,CPU_Intensive,Rejected,134.9301188223084,N/A,N/A,N/A,0.6798097518224642,0.0,0.0,0.0,STARLINK-3912,0,N/A,N/A,0.0,0.0723340405989233,False,0.0,0.0,0.0,120.67609571238135,0.1508451196404767,Insufficient Energy for CPU,N/A,N/A,N/A
1335,CPU_Intensive,Rejected,135.01371821810844,N/A,N/A,N/A,0.0901766025424235,0.0,0.0,0.0,STARLINK-3912,0,N/A,N/A,0.0,0.08766069907520957,False,0.0,0.0,0.0,120.67609571238135,0.1508451196404767,Insufficient Energy for CPU,N/A,N/A,N/A
1336,CPU_Intensive,Rejected,135.17194188977126,N/A,N/A,N/A,0.8517187639857912,0.0,0.0,0.0,STARLINK-3912,0,N/A,N/A,0.0,0.0816695041789073,False,0.0,0.0,0.0,120.67609571238135,0.1508451196404767,Insufficient Energy for CPU,N/A,N/A,N/A
1337,CPU_and_Data_Intensive,Rejected,135.33983444688448,N/A,N/A,N/A,0.09798718032104049,0.0,0.0,0.0,STARLINK-3912,0,N/A,N/A,0.0,1.0931314974981745,False,0.0,0.0,0.0,120.67609571238135,0.1508451196404767,Insufficient Energy for CPU+NET,N/A,N/A,N/A
1338,Generic_Service,Rejected,135.46494830088508,N/A,N/A,N/A,0.022105635049490757,0.0,0.0,0.0,STARLINK-3912,0,N/A,N/A,0.0,0.02240364984651528,False,0.0,0.0,0.0,120.67609571238135,0.1508451196404767,Insufficient Energy for CPU,N/A,N/A,N/A
1339,CPU_Intensive,Rejected,135.52653424445427,N/A,N/A,N/A,0.0761469816997553,0.0,0.0,0.0,STARLINK-3912,0,N/A,N/A,0.0,0.05201451827503494,False,0.0,0.0,0.0,120.67609571238135,0.1508451196404767,Insufficient Energy for CPU,N/A,N/A,N/A
1340,CPU_and_Data_Intensive,Rejected,135.73556912116325,N/A,N/A,N/A,0.7090360875745292,0.0,0.0,0.0,STARLINK-3912,0,N/A,N/A,0.0,0.8481864537000003,False,0.0,0.0,0.0,120.67609571238135,0.1508451196404767,Insufficient Energy for CPU+NET,N/A,N/A,N/A
1341,CPU_Intensive,Rejected,135.9436056544448,N/A,N/A,N/A,0.38147116802904985,0.0,0.0,0.0,STARLINK-3912,0,N/A,N/A,0.0,0.030722057382482987,False,0.0,0.0,0.0,120.67609571238135,0.1508451196404767,Insufficient Energy for CPU,N/A,N/A,N/A
1342,CPU_Intensive,Rejected,136.53900355283463,N/A,N/A,N/A,0.8053543955713229,0.0,0.0,0.0,STARLINK-3912,0,N/A,N/A,0.0,0.042415330465648146,False,0.0,0.0,0.0,120.67609571238135,0.1508451196404767,Insufficient Energy for CPU,N/A,N/A,N/A
1344,CPU_and_Data_Intensive,Rejected,136.6844220108822,N/A,N/A,N/A,0.38016853027796144,0.0,0.0,0.0,STARLINK-3912,0,N/A,N/A,0.0,0.2285289272296602,False,0.0,0.0,0.0,120.67609571238135,0.1508451196404767,Insufficient Energy for CPU+NET,N/A,N/A,N/A
1345,CPU_and_Data_Intensive,Rejected,136.69498655324225,N/A,N/A,N/A,0.27616251200659464,0.0,0.0,0.0,STARLINK-3912,0,N/A,N/A,0.0,20.454931913869522,False,0.0,0.0,0.0,120.67609571238135,0.1508451196404767,Insufficient Energy for CPU+NET,N/A,N/A,N/A
1346,CPU_and_Data_Intensive,Rejected,136.74523865194035,N/A,N/A,N/A,0.9698336684215875,0.0,0.0,0.0,STARLINK-3912,0,N/A,N/A,0.0,13.208569670372938,False,0.0,0.0,0.0,120.67609571238135,0.1508451196404767,Insufficient Energy for CPU+NET,N/A,N/A,N/A
1347,CPU_and_Data_Intensive,Rejected,137.00752963043655,N/A,N/A,N/A,0.5606020015545466,0.0,0.0,0.0,STARLINK-3912,0,N/A,N/A,0.0,2.111993386965698,False,0.0,0.0,0.0,120.67609571238135,0.1508451196404767,Insufficient Energy for CPU+NET,N/A,N/A,N/A
1350,CPU_and_Data_Intensive,Rejected,137.14981599611264,N/A,N/A,N/A,0.886693727118998,0.0,0.0,0.0,STARLINK-3912,0,N/A,N/A,0.0,3.7774629022990682,False,0.0,0.0,0.0,120.67609571238135,0.1508451196404767,Insufficient Energy for CPU+NET,N/A,N/A,N/A
1351,Generic_Service,Rejected,137.2474131078225,N/A,N/A,N/A,0.04845028664248574,0.0,0.0,0.0,STARLINK-3912,0,N/A,N/A,0.0,0.018095449312247935,False,0.0,0.0,0.0,120.67609571238135,0.1508451196404767,Insufficient Energy for CPU,N/A,N/A,N/A
1353,CPU_Intensive,Rejected,137.35235042955532,N/A,N/A,N/A,1.3379518646852908,0.0,0.0,0.0,STARLINK-3912,0,N/A,N/A,0.0,0.05186110252273648,False,0.0,0.0,0.0,120.67609571238135,0.1508451196404767,Insufficient Energy for CPU,N/A,N/A,N/A
1354,CPU_and_Data_Intensive,Rejected,137.44874612208093,N/A,N/A,N/A,0.1416039517628436,0.0,0.0,0.0,STARLINK-3912,0,N/A,N/A,0.0,21.41406989917829,False,0.0,0.0,0.0,120.67609571238135,0.1508451196404767,Insufficient Energy for CPU+NET,N/A,N/A,N/A
1356,CPU_Intensive,Rejected,137.8081284201952,N/A,N/A,N/A,0.3332870280286704,0.0,0.0,0.0,STARLINK-3912,0,N/A,N/A,0.0,0.04218985806231834,False,0.0,0.0,0.0,120.67609571238135,0.1508451196404767,Insufficient Energy for CPU,N/A,N/A,N/A
1358,Generic_Service,Rejected,138.30907576958387,N/A,N/A,N/A,0.04565595171060035,0.0,0.0,0.0,STARLINK-3912,0,N/A,N/A,0.0,0.07217842644209248,False,0.0,0.0,0.0,120.67609571238135,0.1508451196404767,Insufficient Energy for CPU,N/A,N/A,N/A
1359,Generic_Service,Rejected,138.361176512107,N/A,N/A,N/A,0.04731763560467534,0.0,0.0,0.0,STARLINK-3912,0,N/A,N/A,0.0,0.03543235935579331,False,0.0,0.0,0.0,120.67609571238135,0.1508451196404767,Insufficient Energy for CPU,N/A,N/A,N/A
1360,CPU_Intensive,Rejected,138.36188550881633,N/A,N/A,N/A,0.31380367514759683,0.0,0.0,0.0,STARLINK-3912,0,N/A,N/A,0.0,0.015864132302432304,False,0.0,0.0,0.0,120.67609571238135,0.1508451196404767,Insufficient Energy for CPU,N/A,N/A,N/A
1361,Generic_Service,Rejected,138.36626877020242,N/A,N/A,N/A,0.043933946961488474,0.0,0.0,0.0,STARLINK-3912,0,N/A,N/A,0.0,0.0720909754948997,False,0.0,0.0,0.0,120.67609571238135,0.1508451196404767,Insufficient Energy for CPU,N/A,N/A,N/A
1362,CPU_Intensive,Rejected,138.593055338324,N/A,N/A,N/A,0.02797076606800158,0.0,0.0,0.0,STARLINK-3912,0,N/A,N/A,0.0,0.01065827396390334,False,0.0,0.0,0.0,120.67609571238135,0.1508451196404767,Insufficient Energy for CPU,N/A,N/A,N/A
1363,CPU_and_Data_Intensive,Rejected,138.73301254079618,N/A,N/A,N/A,0.7689326756732944,0.0,0.0,0.0,STARLINK-3912,0,N/A,N/A,0.0,0.9520775668748818,False,0.0,0.0,0.0,120.67609571238135,0.1508451196404767,Insufficient Energy for CPU+NET,N/A,N/A,N/A
1364,CPU_Intensive,Rejected,138.75657641520138,N/A,N/A,N/A,0.49883708275430266,0.0,0.0,0.0,STARLINK-3912,0,N/A,N/A,0.0,0.05159528074641975,False,0.0,0.0,0.0,120.67609571238135,0.1508451196404767,Insufficient Energy for CPU,N/A,N/A,N/A
1365,CPU_and_Data_Intensive,Rejected,138.9758828448842,N/A,N/A,N/A,1.0779546807568254,0.0,0.0,0.0,STARLINK-3912,0,N/A,N/A,0.0,0.3959492003001688,False,0.0,0.0,0.0,120.67609571238135,0.1508451196404767,Insufficient Energy for CPU+NET,N/A,N/A,N/A
1366,CPU_and_Data_Intensive,Rejected,138.98930035212572,N/A,N/A,N/A,0.3094412210576139,0.0,0.0,0.0,STARLINK-3912,0,N/A,N/A,0.0,0.6377179215458652,False,0.0,0.0,0.0,120.67609571238135,0.1508451196404767,Insufficient Energy for CPU+NET,N/A,N/A,N/A
1367,CPU_Intensive,Rejected,138.99277994218906,N/A,N/A,N/A,0.02960067168783006,0.0,0.0,0.0,STARLINK-3912,0,N/A,N/A,0.0,0.04546872371203745,False,0.0,0.0,0.0,120.67609571238135,0.1508451196404767,Insufficient Energy for CPU,N/A,N/A,N/A
1368,CPU_Intensive,Rejected,139.092273594551,N/A,N/A,N/A,0.11555961976515668,0.0,0.0,0.0,STARLINK-3912,0,N/A,N/A,0.0,0.020412369532868114,False,0.0,0.0,0.0,120.67609571238135,0.1508451196404767,Insufficient Energy for CPU,N/A,N/A,N/A
1369,Generic_Service,Rejected,139.12341365887153,N/A,N/A,N/A,0.11980635560438202,0.0,0.0,0.0,STARLINK-3912,0,N/A,N/A,0.0,0.04066400175273303,False,0.0,0.0,0.0,120.67609571238135,0.1508451196404767,Insufficient Energy for CPU,N/A,N/A,N/A
1370,CPU_and_Data_Intensive,Rejected,139.18923450571106,N/A,N/A,N/A,0.12879439108927368,0.0,0.0,0.0,STARLINK-3912,0,N/A,N/A,0.0,0.9374033511497171,False,0.0,0.0,0.0,120.67609571238135,0.1508451196404767,Insufficient Energy for CPU+NET,N/A,N/A,N/A
1371,CPU_and_Data_Intensive,Rejected,139.26877603120337,N/A,N/A,N/A,0.2401743481268025,0.0,0.0,0.0,STARLINK-3912,0,N/A,N/A,0.0,18.50345370645659,False,0.0,0.0,0.0,120.67609571238135,0.1508451196404767,Insufficient Energy for CPU+NET,N/A,N/A,N/A
1372,Generic_Service,Rejected,139.5457717453021,N/A,N/A,N/A,0.032275094729220494,0.0,0.0,0.0,STARLINK-3912,0,N/A,N/A,0.0,0.06731729473288597,False,0.0,0.0,0.0,120.67609571238135,0.1508451196404767,Insufficient Energy for CPU,N/A,N/A,N/A
1373,CPU_and_Data_Intensive,Rejected,139.75660939064485,N/A,N/A,N/A,0.06921879177291021,0.0,0.0,0.0,STARLINK-3912,0,N/A,N/A,0.0,1.430894280160431,False,0.0,0.0,0.0,120.67609571238135,0.1508451196404767,Insufficient Energy for CPU+NET,N/A,N/A,N/A
1374,CPU_and_Data_Intensive,Rejected,139.7677750947811,N/A,N/A,N/A,0.8539130828170154,0.0,0.0,0.0,STARLINK-3912,0,N/A,N/A,0.0,1.121251831035469,False,0.0,0.0,0.0,120.67609571238135,0.1508451196404767,Insufficient Energy for CPU+NET,N/A,N/A,N/A
1375,CPU_Intensive,Rejected,139.8630649450672,N/A,N/A,N/A,0.26019819614797873,0.0,0.0,0.0,STARLINK-3912,0,N/A,N/A,0.0,0.050773059456610724,False,0.0,0.0,0.0,120.67609571238135,0.1508451196404767,Insufficient Energy for CPU,N/A,N/A,N/A
1376,CPU_and_Data_Intensive,Rejected,139.89281208162063,N/A,N/A,N/A,0.054850557512634596,0.0,0.0,0.0,STARLINK-3912,0,N/A,N/A,0.0,0.5518863383471548,False,0.0,0.0,0.0,120.67609571238135,0.1508451196404767,Insufficient Energy for CPU+NET,N/A,N/A,N/A
1377,CPU_and_Data_Intensive,Rejected,139.982034694095,N/A,N/A,N/A,0.3617462319683659,0.0,0.0,0.0,STARLINK-3912,0,N/A,N/A,0.0,20.267098920352037,False,0.0,0.0,0.0,120.67609571238135,0.1508451196404767,Insufficient Energy for CPU+NET,N/A,N/A,N/A
1379,CPU_and_Data_Intensive,Rejected,140.20653361814936,N/A,N/A,N/A,0.6677489793156085,0.0,0.0,0.0,STARLINK-3912,0,N/A,N/A,0.0,2.018832215185661,False,0.0,0.0,0.0,120.67609571238135,0.1508451196404767,Insufficient Energy for CPU+NET,N/A,N/A,N/A
1380,CPU_Intensive,Rejected,140.28657252149276,N/A,N/A,N/A,0.41999089789918304,0.0,0.0,0.0,STARLINK-3912,0,N/A,N/A,0.0,0.08517658728581691,False,0.0,0.0,0.0,120.67609571238135,0.1508451196404767,Insufficient Energy for CPU,N/A,N/A,N/A
1381,CPU_and_Data_Intensive,Rejected,140.35499270116256,N/A,N/A,N/A,0.11102161677290302,0.0,0.0,0.0,STARLINK-3912,0,N/A,N/A,0.0,1.3753587866362853,False,0.0,0.0,0.0,120.67609571238135,0.1508451196404767,Insufficient Energy for CPU+NET,N/A,N/A,N/A
1382,CPU_and_Data_Intensive,Rejected,140.6170035268345,N/A,N/A,N/A,0.5801706380295198,0.0,0.0,0.0,STARLINK-3912,0,N/A,N/A,0.0,1.560856622200071,False,0.0,0.0,0.0,120.67609571238135,0.1508451196404767,Insufficient Energy for CPU+NET,N/A,N/A,N/A
1384,CPU_and_Data_Intensive,Rejected,140.63438214289482,N/A,N/A,N/A,0.8520989329065165,0.0,0.0,0.0,STARLINK-3912,0,N/A,N/A,0.0,1.0741867878319924,False,0.0,0.0,0.0,120.67609571238135,0.1508451196404767,Insufficient Energy for CPU+NET,N/A,N/A,N/A
1385,Generic_Service,Rejected,140.681429115958,N/A,N/A,N/A,0.07248976294747365,0.0,0.0,0.0,STARLINK-3912,0,N/A,N/A,0.0,0.054014124140821566,False,0.0,0.0,0.0,120.67609571238135,0.1508451196404767,Insufficient Energy for CPU,N/A,N/A,N/A
1386,CPU_and_Data_Intensive,Rejected,140.9017623247775,N/A,N/A,N/A,1.451942965798965,0.0,0.0,0.0,STARLINK-3912,0,N/A,N/A,0.0,378.5480624802083,False,0.0,0.0,0.0,120.67609571238135,0.1508451196404767,Insufficient Energy for CPU+NET,N/A,N/A,N/A
1391,CPU_and_Data_Intensive,Rejected,141.36373381137696,N/A,N/A,N/A,0.07717264976812165,0.0,0.0,0.0,STARLINK-3912,0,N/A,N/A,0.0,6.824220163739892,False,0.0,0.0,0.0,120.67609571238135,0.1508451196404767,Insufficient Energy for CPU+NET,N/A,N/A,N/A
1393,Generic_Service,Rejected,141.5229405682324,N/A,N/A,N/A,0.06924016815605491,0.0,0.0,0.0,STARLINK-3912,0,N/A,N/A,0.0,0.051919192024014384,False,0.0,0.0,0.0,120.67609571238135,0.1508451196404767,Insufficient Energy for CPU,N/A,N/A,N/A
1395,Generic_Service,Rejected,141.76087580007763,N/A,N/A,N/A,0.06282509461556754,0.0,0.0,0.0,STARLINK-3912,0,N/A,N/A,0.0,0.0417817680441363,False,0.0,0.0,0.0,120.67609571238135,0.1508451196404767,Insufficient Energy for CPU,N/A,N/A,N/A
1396,Generic_Service,Rejected,141.81120298871917,N/A,N/A,N/A,0.031210851724327117,0.0,0.0,0.0,STARLINK-3912,0,N/A,N/A,0.0,0.026182782957517803,False,0.0,0.0,0.0,120.67609571238135,0.1508451196404767,Insufficient Energy for CPU,N/A,N/A,N/A
1397,Generic_Service,Rejected,142.19704986083138,N/A,N/A,N/A,0.09300019740166396,0.0,0.0,0.0,STARLINK-3912,0,N/A,N/A,0.0,0.022293231766995658,False,0.0,0.0,0.0,120.67609571238135,0.1508451196404767,Insufficient Energy for CPU,N/A,N/A,N/A
1398,CPU_Intensive,Rejected,142.5055704810617,N/A,N/A,N/A,0.029808936940445126,0.0,0.0,0.0,STARLINK-3912,0,N/A,N/A,0.0,0.06541470986221044,False,0.0,0.0,0.0,120.67609571238135,0.1508451196404767,Insufficient Energy for CPU,N/A,N/A,N/A
1399,CPU_Intensive,Rejected,142.52604020586534,N/A,N/A,N/A,0.06547295899733903,0.0,0.0,0.0,STARLINK-3912,0,N/A,N/A,0.0,0.032370184058789116,False,0.0,0.0,0.0,120.67609571238135,0.1508451196404767,Insufficient Energy for CPU,N/A,N/A,N/A
1400,CPU_Intensive,Rejected,142.7114649439757,N/A,N/A,N/A,0.7983359993784566,0.0,0.0,0.0,STARLINK-3912,0,N/A,N/A,0.0,0.08550589439676572,False,0.0,0.0,0.0,120.67609571238135,0.1508451196404767,Insufficient Energy for CPU,N/A,N/A,N/A
1401,CPU_Intensive,Rejected,142.7359877584447,N/A,N/A,N/A,0.32346856733934626,0.0,0.0,0.0,STARLINK-3912,0,N/A,N/A,0.0,0.03166250523478762,False,0.0,0.0,0.0,120.67609571238135,0.1508451196404767,Insufficient Energy for CPU,N/A,N/A,N/A
1402,CPU_and_Data_Intensive,Rejected,142.87155341136676,N/A,N/A,N/A,0.38375203328721447,0.0,0.0,0.0,STARLINK-3912,0,N/A,N/A,0.0,0.10370011501879506,False,0.0,0.0,0.0,120.67609571238135,0.1508451196404767,Insufficient Energy for CPU+NET,N/A,N/A,N/A
1404,CPU_Intensive,Rejected,142.97770533793263,N/A,N/A,N/A,0.06075239076121793,0.0,0.0,0.0,STARLINK-3912,0,N/A,N/A,0.0,0.045038659772730166,False,0.0,0.0,0.0,120.67609571238135,0.1508451196404767,Insufficient Energy for CPU,N/A,N/A,N/A
1405,CPU_Intensive,Rejected,143.09887243117961,N/A,N/A,N/A,0.527452186758529,0.0,0.0,0.0,STARLINK-3912,0,N/A,N/A,0.0,0.02606121501766826,False,0.0,0.0,0.0,120.67609571238135,0.1508451196404767,Insufficient Energy for CPU,N/A,N/A,N/A
1408,CPU_Intensive,Rejected,143.16746925557965,N/A,N/A,N/A,0.651763814878763,0.0,0.0,0.0,STARLINK-3912,0,N/A,N/A,0.0,0.06863111242216761,False,0.0,0.0,0.0,120.67609571238135,0.1508451196404767,Insufficient Energy for CPU,N/A,N/A,N/A
1406,CPU_and_Data_Intensive,Rejected,143.11250130412165,N/A,N/A,N/A,1.8773737706570346,0.0,0.0,0.0,STARLINK-3912,0,N/A,N/A,0.0,399.9569703611649,False,0.0,0.0,0.0,120.67609571238135,0.1508451196404767,Insufficient Energy for CPU+NET,N/A,N/A,N/A
1411,CPU_Intensive,Rejected,143.3902726368422,N/A,N/A,N/A,0.06826149271975558,0.0,0.0,0.0,STARLINK-3912,0,N/A,N/A,0.0,0.05163675194701689,False,0.0,0.0,0.0,120.67609571238135,0.1508451196404767,Insufficient Energy for CPU,N/A,N/A,N/A
1413,CPU_and_Data_Intensive,Rejected,143.4953224165713,N/A,N/A,N/A,0.2441174523140645,0.0,0.0,0.0,STARLINK-3912,0,N/A,N/A,0.0,1.907359895250005,False,0.0,0.0,0.0,120.67609571238135,0.1508451196404767,Insufficient Energy for CPU+NET,N/A,N/A,N/A
1414,CPU_Intensive,Rejected,143.62856503578163,N/A,N/A,N/A,0.10831635084056553,0.0,0.0,0.0,STARLINK-3912,0,N/A,N/A,0.0,0.030174988717429664,False,0.0,0.0,0.0,120.67609571238135,0.1508451196404767,Insufficient Energy for CPU,N/A,N/A,N/A
1415,CPU_and_Data_Intensive,Rejected,143.64099837687448,N/A,N/A,N/A,0.8527625666527202,0.0,0.0,0.0,STARLINK-3912,0,N/A,N/A,0.0,1.1821227624192097,False,0.0,0.0,0.0,120.67609571238135,0.1508451196404767,Insufficient Energy for CPU+NET,N/A,N/A,N/A
1416,Generic_Service,Rejected,143.88560512479037,N/A,N/A,N/A,0.165134873223034,0.0,0.0,0.0,STARLINK-3912,0,N/A,N/A,0.0,0.018194876310578693,False,0.0,0.0,0.0,120.67609571238135,0.1508451196404767,Insufficient Energy for CPU,N/A,N/A,N/A
1417,CPU_and_Data_Intensive,Rejected,143.95195287299072,N/A,N/A,N/A,0.47056321835425696,0.0,0.0,0.0,STARLINK-3912,0,N/A,N/A,0.0,17.47198685559951,False,0.0,0.0,0.0,120.67609571238135,0.1508451196404767,Insufficient Energy for CPU+NET,N/A,N/A,N/A
1418,CPU_Intensive,Rejected,143.9909025603833,N/A,N/A,N/A,0.15691836261329078,0.0,0.0,0.0,STARLINK-3912,0,N/A,N/A,0.0,0.08495859386702594,False,0.0,0.0,0.0,120.67609571238135,0.1508451196404767,Insufficient Energy for CPU,N/A,N/A,N/A
1420,CPU_and_Data_Intensive,Rejected,144.07862651852275,N/A,N/A,N/A,0.22271124531253564,0.0,0.0,0.0,STARLINK-3912,0,N/A,N/A,0.0,1.1609452521342976,False,0.0,0.0,0.0,120.67609571238135,0.1508451196404767,Insufficient Energy for CPU+NET,N/A,N/A,N/A
1421,CPU_Intensive,Rejected,144.08282882898988,N/A,N/A,N/A,1.658896293107725,0.0,0.0,0.0,STARLINK-3912,0,N/A,N/A,0.0,0.0618835490456759,False,0.0,0.0,0.0,120.67609571238135,0.1508451196404767,Insufficient Energy for CPU,N/A,N/A,N/A
1422,CPU_Intensive,Rejected,144.23425029544026,N/A,N/A,N/A,0.3117683811083723,0.0,0.0,0.0,STARLINK-3912,0,N/A,N/A,0.0,0.023342454365806772,False,0.0,0.0,0.0,120.67609571238135,0.1508451196404767,Insufficient Energy for CPU,N/A,N/A,N/A
1424,CPU_and_Data_Intensive,Rejected,144.38964633979876,N/A,N/A,N/A,0.20816405047298142,0.0,0.0,0.0,STARLINK-3912,0,N/A,N/A,0.0,9.622331548114623,False,0.0,0.0,0.0,120.67609571238135,0.1508451196404767,Insufficient Energy for CPU+NET,N/A,N/A,N/A
1425,CPU_and_Data_Intensive,Rejected,144.76226600195483,N/A,N/A,N/A,0.9297020751910758,0.0,0.0,0.0,STARLINK-3912,0,N/A,N/A,0.0,238.06419378177517,False,0.0,0.0,0.0,120.67609571238135,0.1508451196404767,Insufficient Energy for CPU+NET,N/A,N/A,N/A
1427,CPU_Intensive,Rejected,144.9042070697506,N/A,N/A,N/A,0.17201693139847546,0.0,0.0,0.0,STARLINK-3912,0,N/A,N/A,0.0,0.0341635882240322,False,0.0,0.0,0.0,120.67609571238135,0.1508451196404767,Insufficient Energy for CPU,N/A,N/A,N/A
1428,Generic_Service,Rejected,144.9331199124086,N/A,N/A,N/A,0.023556861642169302,0.0,0.0,0.0,STARLINK-3912,0,N/A,N/A,0.0,0.031997717468487535,False,0.0,0.0,0.0,120.67609571238135,0.1508451196404767,Insufficient Energy for CPU,N/A,N/A,N/A
1429,CPU_Intensive,Rejected,145.0162358292959,N/A,N/A,N/A,0.8578875893871423,0.0,0.0,0.0,STARLINK-3912,0,N/A,N/A,0.0,0.03526053956590826,False,0.0,0.0,0.0,120.67609571238135,0.1508451196404767,Insufficient Energy for CPU,N/A,N/A,N/A
1430,Generic_Service,Rejected,145.0633655455536,N/A,N/A,N/A,0.04358923146386598,0.0,0.0,0.0,STARLINK-3912,0,N/A,N/A,0.0,0.08112295582408276,False,0.0,0.0,0.0,120.67609571238135,0.1508451196404767,Insufficient Energy for CPU,N/A,N/A,N/A
1432,CPU_Intensive,Rejected,145.11253014959402,N/A,N/A,N/A,1.415855500784666,0.0,0.0,0.0,STARLINK-3912,0,N/A,N/A,0.0,0.0564669702308099,False,0.0,0.0,0.0,120.67609571238135,0.1508451196404767,Insufficient Energy for CPU,N/A,N/A,N/A
1433,CPU_Intensive,Rejected,145.36572317770762,N/A,N/A,N/A,0.4116124036654233,0.0,0.0,0.0,STARLINK-3912,0,N/A,N/A,0.0,0.03701838302960102,False,0.0,0.0,0.0,120.67609571238135,0.1508451196404767,Insufficient Energy for CPU,N/A,N/A,N/A
1434,CPU_Intensive,Rejected,145.37859385764847,N/A,N/A,N/A,0.8241077272944152,0.0,0.0,0.0,STARLINK-3912,0,N/A,N/A,0.0,0.060963607012291775,False,0.0,0.0,0.0,120.67609571238135,0.1508451196404767,Insufficient Energy for CPU,N/A,N/A,N/A
1435,CPU_Intensive,Rejected,145.43668510579508,N/A,N/A,N/A,0.635758021208058,0.0,0.0,0.0,STARLINK-3912,0,N/A,N/A,0.0,0.06694667748149188,False,0.0,0.0,0.0,120.67609571238135,0.1508451196404767,Insufficient Energy for CPU,N/A,N/A,N/A
1436,CPU_Intensive,Rejected,145.65062012637713,N/A,N/A,N/A,0.5422668901218919,0.0,0.0,0.0,STARLINK-3912,0,N/A,N/A,0.0,0.013928975658287348,False,0.0,0.0,0.0,120.67609571238135,0.1508451196404767,Insufficient Energy for CPU,N/A,N/A,N/A
1437,Generic_Service,Rejected,145.65787825710606,N/A,N/A,N/A,0.044294322878334354,0.0,0.0,0.0,STARLINK-3912,0,N/A,N/A,0.0,0.026697117964925125,False,0.0,0.0,0.0,120.67609571238135,0.1508451196404767,Insufficient Energy for CPU,N/A,N/A,N/A
1438,CPU_Intensive,Rejected,145.77035711414987,N/A,N/A,N/A,0.1024941471080715,0.0,0.0,0.0,STARLINK-3912,0,N/A,N/A,0.0,0.02105519055964199,False,0.0,0.0,0.0,120.67609571238135,0.1508451196404767,Insufficient Energy for CPU,N/A,N/A,N/A
1439,CPU_and_Data_Intensive,Rejected,145.9533439047791,N/A,N/A,N/A,0.3630460938700534,0.0,0.0,0.0,STARLINK-3912,0,N/A,N/A,0.0,0.6378525310414086,False,0.0,0.0,0.0,120.67609571238135,0.1508451196404767,Insufficient Energy for CPU+NET,N/A,N/A,N/A
1442,Generic_Service,Rejected,146.2668506374764,N/A,N/A,N/A,0.14449924056536265,0.0,0.0,0.0,STARLINK-3912,0,N/A,N/A,0.0,0.08715211025780985,False,0.0,0.0,0.0,120.67609571238135,0.1508451196404767,Insufficient Energy for CPU,N/A,N/A,N/A
1443,Generic_Service,Rejected,146.30852603669766,N/A,N/A,N/A,0.14889553055647084,0.0,0.0,0.0,STARLINK-3912,0,N/A,N/A,0.0,0.04458741526121885,False,0.0,0.0,0.0,120.67609571238135,0.1508451196404767,Insufficient Energy for CPU,N/A,N/A,N/A
1444,Generic_Service,Rejected,146.3714372713985,N/A,N/A,N/A,0.09114072401886016,0.0,0.0,0.0,STARLINK-3912,0,N/A,N/A,0.0,0.015708465696770677,False,0.0,0.0,0.0,120.67609571238135,0.1508451196404767,Insufficient Energy for CPU,N/A,N/A,N/A
1445,Generic_Service,Rejected,146.37813212007885,N/A,N/A,N/A,0.18878142268075168,0.0,0.0,0.0,STARLINK-3912,0,N/A,N/A,0.0,0.06897029316108598,False,0.0,0.0,0.0,120.67609571238135,0.1508451196404767,Insufficient Energy for CPU,N/A,N/A,N/A
1446,CPU_and_Data_Intensive,Rejected,146.41517991926068,N/A,N/A,N/A,0.10970867217171472,0.0,0.0,0.0,STARLINK-3912,0,N/A,N/A,0.0,16.61169222751605,False,0.0,0.0,0.0,120.67609571238135,0.1508451196404767,Insufficient Energy for CPU+NET,N/A,N/A,N/A
1447,Generic_Service,Rejected,146.48582357405627,N/A,N/A,N/A,0.05694362161550601,0.0,0.0,0.0,STARLINK-3912,0,N/A,N/A,0.0,0.07526601397508426,False,0.0,0.0,0.0,120.67609571238135,0.1508451196404767,Insufficient Energy for CPU,N/A,N/A,N/A
1448,Generic_Service,Rejected,146.6954560383444,N/A,N/A,N/A,0.03516122386309405,0.0,0.0,0.0,STARLINK-3912,0,N/A,N/A,0.0,0.034899158507348885,False,0.0,0.0,0.0,120.67609571238135,0.1508451196404767,Insufficient Energy for CPU,N/A,N/A,N/A
1450,CPU_Intensive,Rejected,146.84427487970012,N/A,N/A,N/A,0.1280566813330289,0.0,0.0,0.0,STARLINK-3912,0,N/A,N/A,0.0,0.0596872228736661,False,0.0,0.0,0.0,120.67609571238135,0.1508451196404767,Insufficient Energy for CPU,N/A,N/A,N/A
1451,Generic_Service,Rejected,146.93676440366062,N/A,N/A,N/A,0.13154304971398853,0.0,0.0,0.0,STARLINK-3912,0,N/A,N/A,0.0,0.012778161676431456,False,0.0,0.0,0.0,120.67609571238135,0.1508451196404767,Insufficient Energy for CPU,N/A,N/A,N/A
1452,CPU_and_Data_Intensive,Rejected,147.04036101157598,N/A,N/A,N/A,0.2316672641078469,0.0,0.0,0.0,STARLINK-3912,0,N/A,N/A,0.0,1.2365365959289945,False,0.0,0.0,0.0,120.67609571238135,0.1508451196404767,Insufficient Energy for CPU+NET,N/A,N/A,N/A
1453,CPU_and_Data_Intensive,Rejected,147.0489732762883,N/A,N/A,N/A,0.10887942181536191,0.0,0.0,0.0,STARLINK-3912,0,N/A,N/A,0.0,15.756245129466127,False,0.0,0.0,0.0,120.67609571238135,0.1508451196404767,Insufficient Energy for CPU+NET,N/A,N/A,N/A
1454,Generic_Service,Rejected,147.13662079270148,N/A,N/A,N/A,0.0435411797878509,0.0,0.0,0.0,STARLINK-3912,0,N/A,N/A,0.0,0.07602668258082776,False,0.0,0.0,0.0,120.67609571238135,0.1508451196404767,Insufficient Energy for CPU,N/A,N/A,N/A
1455,CPU_Intensive,Rejected,147.3332655214732,N/A,N/A,N/A,0.33866867235016856,0.0,0.0,0.0,STARLINK-3912,0,N/A,N/A,0.0,0.048359748480639696,False,0.0,0.0,0.0,120.67609571238135,0.1508451196404767,Insufficient Energy for CPU,N/A,N/A,N/A
1457,CPU_Intensive,Rejected,147.50300330146615,N/A,N/A,N/A,0.928363870287684,0.0,0.0,0.0,STARLINK-3912,0,N/A,N/A,0.0,0.010929231256654588,False,0.0,0.0,0.0,120.67609571238135,0.1508451196404767,Insufficient Energy for CPU,N/A,N/A,N/A
1458,CPU_Intensive,Rejected,147.5062233722724,N/A,N/A,N/A,0.34490314035940584,0.0,0.0,0.0,STARLINK-3912,0,N/A,N/A,0.0,0.02978064785614354,False,0.0,0.0,0.0,120.67609571238135,0.1508451196404767,Insufficient Energy for CPU,N/A,N/A,N/A
1459,CPU_and_Data_Intensive,Rejected,147.63374783051313,N/A,N/A,N/A,0.2723507530548656,0.0,0.0,0.0,STARLINK-3912,0,N/A,N/A,0.0,0.8564412654244039,False,0.0,0.0,0.0,120.67609571238135,0.1508451196404767,Insufficient Energy for CPU+NET,N/A,N/A,N/A
1460,CPU_Intensive,Rejected,147.71757168602863,N/A,N/A,N/A,0.2530955692533139,0.0,0.0,0.0,STARLINK-3912,0,N/A,N/A,0.0,0.0311711769894559,False,0.0,0.0,0.0,120.67609571238135,0.1508451196404767,Insufficient Energy for CPU,N/A,N/A,N/A
1463,CPU_Intensive,Rejected,147.85502045347621,N/A,N/A,N/A,0.9038240321203602,0.0,0.0,0.0,STARLINK-3912,0,N/A,N/A,0.0,0.03460231731533101,False,0.0,0.0,0.0,120.67609571238135,0.1508451196404767,Insufficient Energy for CPU,N/A,N/A,N/A
1465,CPU_Intensive,Rejected,147.93809279712448,N/A,N/A,N/A,0.12386390575862119,0.0,0.0,0.0,STARLINK-3912,0,N/A,N/A,0.0,0.04456661184314668,False,0.0,0.0,0.0,120.67609571238135,0.1508451196404767,Insufficient Energy for CPU,N/A,N/A,N/A
1467,CPU_and_Data_Intensive,Rejected,147.9841304769464,N/A,N/A,N/A,0.3400140991862491,0.0,0.0,0.0,STARLINK-3912,0,N/A,N/A,0.0,1.0719874485983143,False,0.0,0.0,0.0,120.67609571238135,0.1508451196404767,Insufficient Energy for CPU+NET,N/A,N/A,N/A
1468,CPU_and_Data_Intensive,Rejected,148.00906737096216,N/A,N/A,N/A,0.1286850964219537,0.0,0.0,0.0,STARLINK-3912,0,N/A,N/A,0.0,3.643893399488087,False,0.0,0.0,0.0,120.67609571238135,0.1508451196404767,Insufficient Energy for CPU+NET,N/A,N/A,N/A
1471,CPU_and_Data_Intensive,Rejected,148.59464441836542,N/A,N/A,N/A,0.9716487388901335,0.0,0.0,0.0,STARLINK-3912,0,N/A,N/A,0.0,0.4096277903923069,False,0.0,0.0,0.0,120.67609571238135,0.1508451196404767,Insufficient Energy for CPU+NET,N/A,N/A,N/A
1472,CPU_and_Data_Intensive,Rejected,148.65370294683336,N/A,N/A,N/A,0.17163507558206248,0.0,0.0,0.0,STARLINK-3912,0,N/A,N/A,0.0,1.1503369323486878,False,0.0,0.0,0.0,120.67609571238135,0.1508451196404767,Insufficient Energy for CPU+NET,N/A,N/A,N/A
1473,Generic_Service,Rejected,148.66288430853766,N/A,N/A,N/A,0.048699613254392246,0.0,0.0,0.0,STARLINK-3912,0,N/A,N/A,0.0,0.029506038620575957,False,0.0,0.0,0.0,120.67609571238135,0.1508451196404767,Insufficient Energy for CPU,N/A,N/A,N/A
1474,CPU_and_Data_Intensive,Rejected,148.75161414796682,N/A,N/A,N/A,0.13045912132364498,0.0,0.0,0.0,STARLINK-3912,0,N/A,N/A,0.0,9.576418983543551,False,0.0,0.0,0.0,120.67609571238135,0.1508451196404767,Insufficient Energy for CPU+NET,N/A,N/A,N/A
1475,CPU_and_Data_Intensive,Rejected,148.7975094248063,N/A,N/A,N/A,0.5732873141080989,0.0,0.0,0.0,STARLINK-3912,0,N/A,N/A,0.0,1.3106546445226033,False,0.0,0.0,0.0,120.67609571238135,0.1508451196404767,Insufficient Energy for CPU+NET,N/A,N/A,N/A
1479,CPU_and_Data_Intensive,Rejected,149.10517552512658,N/A,N/A,N/A,0.5940671756618574,0.0,0.0,0.0,STARLINK-3912,0,N/A,N/A,0.0,0.6950676103220013,False,0.0,0.0,0.0,120.67609571238135,0.1508451196404767,Insufficient Energy for CPU+NET,N/A,N/A,N/A
1480,Generic_Service,Rejected,149.1214195511559,N/A,N/A,N/A,0.12351140687597924,0.0,0.0,0.0,STARLINK-3912,0,N/A,N/A,0.0,0.05651551750131535,False,0.0,0.0,0.0,120.67609571238135,0.1508451196404767,Insufficient Energy for CPU,N/A,N/A,N/A
1481,CPU_Intensive,Rejected,149.13600849592808,N/A,N/A,N/A,1.685746394472113,0.0,0.0,0.0,STARLINK-3912,0,N/A,N/A,0.0,0.0448649209106485,False,0.0,0.0,0.0,120.67609571238135,0.1508451196404767,Insufficient Energy for CPU,N/A,N/A,N/A
1482,CPU_Intensive,Rejected,149.15477554133273,N/A,N/A,N/A,0.1966795948072804,0.0,0.0,0.0,STARLINK-3912,0,N/A,N/A,0.0,0.059341479727763276,False,0.0,0.0,0.0,120.67609571238135,0.1508451196404767,Insufficient Energy for CPU,N/A,N/A,N/A
1483,CPU_Intensive,Rejected,149.24197602849745,N/A,N/A,N/A,1.3419935159706506,0.0,0.0,0.0,STARLINK-3912,0,N/A,N/A,0.0,0.024573441373131572,False,0.0,0.0,0.0,120.67609571238135,0.1508451196404767,Insufficient Energy for CPU,N/A,N/A,N/A
1484,CPU_Intensive,Rejected,149.242762696068,N/A,N/A,N/A,0.13125583193360618,0.0,0.0,0.0,STARLINK-3912,0,N/A,N/A,0.0,0.07265295574664268,False,0.0,0.0,0.0,120.67609571238135,0.1508451196404767,Insufficient Energy for CPU,N/A,N/A,N/A
1485,CPU_Intensive,Rejected,149.27923225155055,N/A,N/A,N/A,0.168926962350353,0.0,0.0,0.0,STARLINK-3912,0,N/A,N/A,0.0,0.012790782566799446,False,0.0,0.0,0.0,120.67609571238135,0.1508451196404767,Insufficient Energy for CPU,N/A,N/A,N/A
1487,CPU_and_Data_Intensive,Rejected,149.5382702773678,N/A,N/A,N/A,0.22275486958125734,0.0,0.0,0.0,STARLINK-3912,0,N/A,N/A,0.0,12.545063905306858,False,0.0,0.0,0.0,120.67609571238135,0.1508451196404767,Insufficient Energy for CPU+NET,N/A,N/A,N/A
1488,CPU_Intensive,Rejected,149.55763155157464,N/A,N/A,N/A,0.13111574811684554,0.0,0.0,0.0,STARLINK-3912,0,N/A,N/A,0.0,0.046767058990476444,False,0.0,0.0,0.0,120.67609571238135,0.1508451196404767,Insufficient Energy for CPU,N/A,N/A,N/A
1489,CPU_Intensive,Rejected,149.66326573045205,N/A,N/A,N/A,1.0397607243233162,0.0,0.0,0.0,STARLINK-3912,0,N/A,N/A,0.0,0.017961917662131312,False,0.0,0.0,0.0,120.67609571238135,0.1508451196404767,Insufficient Energy for CPU,N/A,N/A,N/A
1490,CPU_and_Data_Intensive,Rejected,149.85948603376534,N/A,N/A,N/A,0.035406039283599665,0.0,0.0,0.0,STARLINK-3912,0,N/A,N/A,0.0,1.6390490475604276,False,0.0,0.0,0.0,120.67609571238135,0.1508451196404767,Insufficient Energy for CPU+NET,N/A,N/A,N/A
1491,CPU_Intensive,Rejected,149.874240933181,N/A,N/A,N/A,0.04589282702632186,0.0,0.0,0.0,STARLINK-3912,0,N/A,N/A,0.0,0.03749412988153494,False,0.0,0.0,0.0,120.67609571238135,0.1508451196404767,Insufficient Energy for CPU,N/A,N/A,N/A
1492,CPU_and_Data_Intensive,Rejected,149.9745604401306,N/A,N/A,N/A,1.0939239656480868,0.0,0.0,0.0,STARLINK-3912,0,N/A,N/A,0.0,298.83386264289993,False,0.0,0.0,0.0,120.67609571238135,0.1508451196404767,Insufficient Energy for CPU+NET,N/A,N/A,N/A
1494,Generic_Service,Rejected,150.32577523120412,N/A,N/A,N/A,0.07112031447506809,0.0,0.0,0.0,STARLINK-3912,0,N/A,N/A,0.0,0.0640044247704601,False,0.0,0.0,0.0,120.67609571238135,0.1508451196404767,Insufficient Energy for CPU,N/A,N/A,N/A
1495,CPU_and_Data_Intensive,Rejected,150.59893372666497,N/A,N/A,N/A,0.09009232828569633,0.0,0.0,0.0,STARLINK-3912,0,N/A,N/A,0.0,6.792154301563516,False,0.0,0.0,0.0,120.67609571238135,0.1508451196404767,Insufficient Energy for CPU+NET,N/A,N/A,N/A
1498,Generic_Service,Rejected,151.06148143414217,N/A,N/A,N/A,0.08677203566631447,0.0,0.0,0.0,STARLINK-3912,0,N/A,N/A,0.0,0.014075583213495304,False,0.0,0.0,0.0,120.67609571238135,0.1508451196404767,Insufficient Energy for CPU,N/A,N/A,N/A
1499,CPU_Intensive,Rejected,151.09675858071446,N/A,N/A,N/A,0.06107848526696429,0.0,0.0,0.0,STARLINK-3912,0,N/A,N/A,0.0,0.025502369208528317,False,0.0,0.0,0.0,120.67609571238135,0.1508451196404767,Insufficient Energy for CPU,N/A,N/A,N/A
1500,CPU_and_Data_Intensive,Rejected,151.41804908755577,N/A,N/A,N/A,0.2546238970158778,0.0,0.0,0.0,STARLINK-3912,0,N/A,N/A,0.0,1.413191422247992,False,0.0,0.0,0.0,120.67609571238135,0.1508451196404767,Insufficient Energy for CPU+NET,N/A,N/A,N/A
1501,CPU_Intensive,Rejected,151.52495210535955,N/A,N/A,N/A,0.5688381544033366,0.0,0.0,0.0,STARLINK-3912,0,N/A,N/A,0.0,0.011621573575724162,False,0.0,0.0,0.0,120.67609571238135,0.1508451196404767,Insufficient Energy for CPU,N/A,N/A,N/A
1502,Generic_Service,Rejected,151.8181018983692,N/A,N/A,N/A,0.049354036384358105,0.0,0.0,0.0,STARLINK-3912,0,N/A,N/A,0.0,0.01210368787936709,False,0.0,0.0,0.0,120.67609571238135,0.1508451196404767,Insufficient Energy for CPU,N/A,N/A,N/A
1504,CPU_Intensive,Rejected,151.91194584255263,N/A,N/A,N/A,0.18838948963666885,0.0,0.0,0.0,STARLINK-3912,0,N/A,N/A,0.0,0.05987093132579704,False,0.0,0.0,0.0,120.67609571238135,0.1508451196404767,Insufficient Energy for CPU,N/A,N/A,N/A
1505,Generic_Service,Rejected,151.95063923390825,N/A,N/A,N/A,0.0980678894176894,0.0,0.0,0.0,STARLINK-3912,0,N/A,N/A,0.0,0.07515459585610416,False,0.0,0.0,0.0,120.67609571238135,0.1508451196404767,Insufficient Energy for CPU,N/A,N/A,N/A
1506,CPU_Intensive,Rejected,152.0609077202476,N/A,N/A,N/A,0.45625762450625085,0.0,0.0,0.0,STARLINK-3912,0,N/A,N/A,0.0,0.055012434437728935,False,0.0,0.0,0.0,120.67609571238135,0.1508451196404767,Insufficient Energy for CPU,N/A,N/A,N/A
1507,CPU_and_Data_Intensive,Rejected,152.0750294130903,N/A,N/A,N/A,0.2765210212989713,0.0,0.0,0.0,STARLINK-3912,0,N/A,N/A,0.0,2.19833349844563,False,0.0,0.0,0.0,120.67609571238135,0.1508451196404767,Insufficient Energy for CPU+NET,N/A,N/A,N/A
1508,CPU_and_Data_Intensive,Rejected,152.20215433560378,N/A,N/A,N/A,0.7152541455271708,0.0,0.0,0.0,STARLINK-3912,0,N/A,N/A,0.0,0.8059521160819686,False,0.0,0.0,0.0,120.67609571238135,0.1508451196404767,Insufficient Energy for CPU+NET,N/A,N/A,N/A
1511,CPU_Intensive,Rejected,152.4060040949741,N/A,N/A,N/A,0.33602675755423794,0.0,0.0,0.0,STARLINK-3912,0,N/A,N/A,0.0,0.07927857338363964,False,0.0,0.0,0.0,120.67609571238135,0.1508451196404767,Insufficient Energy for CPU,N/A,N/A,N/A
1512,Generic_Service,Rejected,152.46173371010002,N/A,N/A,N/A,0.022763866370255067,0.0,0.0,0.0,STARLINK-3912,0,N/A,N/A,0.0,0.07248840357449363,False,0.0,0.0,0.0,120.67609571238135,0.1508451196404767,Insufficient Energy for CPU,N/A,N/A,N/A
1513,CPU_Intensive,Rejected,152.52926998728984,N/A,N/A,N/A,0.6692338891412888,0.0,0.0,0.0,STARLINK-3912,0,N/A,N/A,0.0,0.015748438410797146,False,0.0,0.0,0.0,120.67609571238135,0.1508451196404767,Insufficient Energy for CPU,N/A,N/A,N/A
1515,CPU_Intensive,Rejected,152.77625288089268,N/A,N/A,N/A,0.7509296537086796,0.0,0.0,0.0,STARLINK-3912,0,N/A,N/A,0.0,0.043228727459493445,False,0.0,0.0,0.0,120.67609571238135,0.1508451196404767,Insufficient Energy for CPU,N/A,N/A,N/A
1516,Generic_Service,Rejected,153.20181441251776,N/A,N/A,N/A,0.03916895428529422,0.0,0.0,0.0,STARLINK-3912,0,N/A,N/A,0.0,0.03051083896277175,False,0.0,0.0,0.0,120.67609571238135,0.1508451196404767,Insufficient Energy for CPU,N/A,N/A,N/A
1518,CPU_and_Data_Intensive,Rejected,153.4106398918544,N/A,N/A,N/A,0.5071840518152247,0.0,0.0,0.0,STARLINK-3912,0,N/A,N/A,0.0,0.48014554645689145,False,0.0,0.0,0.0,120.67609571238135,0.1508451196404767,Insufficient Energy for CPU+NET,N/A,N/A,N/A
1520,CPU_Intensive,Rejected,153.52129287055965,N/A,N/A,N/A,0.54973857169233,0.0,0.0,0.0,STARLINK-3912,0,N/A,N/A,0.0,0.05532142620203243,False,0.0,0.0,0.0,120.67609571238135,0.1508451196404767,Insufficient Energy for CPU,N/A,N/A,N/A
1521,CPU_Intensive,Rejected,153.78317762180131,N/A,N/A,N/A,0.5961122903330581,0.0,0.0,0.0,STARLINK-3912,0,N/A,N/A,0.0,0.0797887967460505,False,0.0,0.0,0.0,120.67609571238135,0.1508451196404767,Insufficient Energy for CPU,N/A,N/A,N/A
1522,Generic_Service,Rejected,153.9794227537216,N/A,N/A,N/A,0.12061797533224988,0.0,0.0,0.0,STARLINK-3912,0,N/A,N/A,0.0,0.0603427782006086,False,0.0,0.0,0.0,120.67609571238135,0.1508451196404767,Insufficient Energy for CPU,N/A,N/A,N/A
1523,CPU_Intensive,Rejected,154.01839346634068,N/A,N/A,N/A,0.1499010464572495,0.0,0.0,0.0,STARLINK-3912,0,N/A,N/A,0.0,0.031183418996026606,False,0.0,0.0,0.0,120.67609571238135,0.1508451196404767,Insufficient Energy for CPU,N/A,N/A,N/A
1526,CPU_and_Data_Intensive,Rejected,154.85766218338438,N/A,N/A,N/A,0.729781979595458,0.0,0.0,0.0,STARLINK-3912,0,N/A,N/A,0.0,0.05497960644803666,False,0.0,0.0,0.0,120.67609571238135,0.1508451196404767,Insufficient Energy for CPU+NET,N/A,N/A,N/A
1528,CPU_and_Data_Intensive,Rejected,154.9392354231649,N/A,N/A,N/A,0.31653021480221366,0.0,0.0,0.0,STARLINK-3912,0,N/A,N/A,0.0,0.14513833742618648,False,0.0,0.0,0.0,120.67609571238135,0.1508451196404767,Insufficient Energy for CPU+NET,N/A,N/A,N/A
1530,Generic_Service,Rejected,155.06580802099893,N/A,N/A,N/A,0.09714930498732197,0.0,0.0,0.0,STARLINK-3912,0,N/A,N/A,0.0,0.04520138417783398,False,0.0,0.0,0.0,120.67609571238135,0.1508451196404767,Insufficient Energy for CPU,N/A,N/A,N/A
1531,CPU_Intensive,Rejected,155.2485746612096,N/A,N/A,N/A,0.4650662878008714,0.0,0.0,0.0,STARLINK-3912,0,N/A,N/A,0.0,0.033234520624114944,False,0.0,0.0,0.0,120.67609571238135,0.1508451196404767,Insufficient Energy for CPU,N/A,N/A,N/A
1533,CPU_Intensive,Rejected,155.2718349468505,N/A,N/A,N/A,1.2620487108189524,0.0,0.0,0.0,STARLINK-3912,0,N/A,N/A,0.0,0.011033602062948839,False,0.0,0.0,0.0,120.67609571238135,0.1508451196404767,Insufficient Energy for CPU,N/A,N/A,N/A
1534,CPU_and_Data_Intensive,Rejected,155.34320140579692,N/A,N/A,N/A,0.0738491785865629,0.0,0.0,0.0,STARLINK-3912,0,N/A,N/A,0.0,12.628572342980714,False,0.0,0.0,0.0,120.67609571238135,0.1508451196404767,Insufficient Energy for CPU+NET,N/A,N/A,N/A
1535,CPU_Intensive,Rejected,155.36378567529454,N/A,N/A,N/A,0.157117273917862,0.0,0.0,0.0,STARLINK-3912,0,N/A,N/A,0.0,0.0455212631646951,False,0.0,0.0,0.0,120.67609571238135,0.1508451196404767,Insufficient Energy for CPU,N/A,N/A,N/A
1537,Generic_Service,Rejected,155.3849025959403,N/A,N/A,N/A,0.1163342261556364,0.0,0.0,0.0,STARLINK-3912,0,N/A,N/A,0.0,0.025557564969065437,False,0.0,0.0,0.0,120.67609571238135,0.1508451196404767,Insufficient Energy for CPU,N/A,N/A,N/A
1538,CPU_Intensive,Rejected,155.4792690573516,N/A,N/A,N/A,0.6221358803580039,0.0,0.0,0.0,STARLINK-3912,0,N/A,N/A,0.0,0.014478914705646845,False,0.0,0.0,0.0,120.67609571238135,0.1508451196404767,Insufficient Energy for CPU,N/A,N/A,N/A
1536,CPU_and_Data_Intensive,Rejected,155.3733992764535,N/A,N/A,N/A,1.5103838010855055,0.0,0.0,0.0,STARLINK-3912,0,N/A,N/A,0.0,417.2514142495302,False,0.0,0.0,0.0,120.67609571238135,0.1508451196404767,Insufficient Energy for CPU+NET,N/A,N/A,N/A
1540,Generic_Service,Rejected,155.63476612910807,N/A,N/A,N/A,0.11055310550279825,0.0,0.0,0.0,STARLINK-3912,0,N/A,N/A,0.0,0.026884567351853003,False,0.0,0.0,0.0,120.67609571238135,0.1508451196404767,Insufficient Energy for CPU,N/A,N/A,N/A
1543,CPU_Intensive,Rejected,155.86517781961484,N/A,N/A,N/A,0.3565230796871043,0.0,0.0,0.0,STARLINK-3912,0,N/A,N/A,0.0,0.013740481863045577,False,0.0,0.0,0.0,120.67609571238135,0.1508451196404767,Insufficient Energy for CPU,N/A,N/A,N/A
1544,Generic_Service,Rejected,155.89000937023195,N/A,N/A,N/A,0.09709434767830703,0.0,0.0,0.0,STARLINK-3912,0,N/A,N/A,0.0,0.061859727659418495,False,0.0,0.0,0.0,120.67609571238135,0.1508451196404767,Insufficient Energy for CPU,N/A,N/A,N/A
1541,CPU_and_Data_Intensive,Rejected,155.74940895745922,N/A,N/A,N/A,1.9239490514967879,0.0,0.0,0.0,STARLINK-3912,0,N/A,N/A,0.0,429.2700017980615,False,0.0,0.0,0.0,120.67609571238135,0.1508451196404767,Insufficient Energy for CPU+NET,N/A,N/A,N/A
1545,CPU_Intensive,Rejected,155.93372691843481,N/A,N/A,N/A,0.6885840653799282,0.0,0.0,0.0,STARLINK-3912,0,N/A,N/A,0.0,0.07725980139947784,False,0.0,0.0,0.0,120.67609571238135,0.1508451196404767,Insufficient Energy for CPU,N/A,N/A,N/A
1547,CPU_Intensive,Rejected,156.0375807515648,N/A,N/A,N/A,0.17212009411861537,0.0,0.0,0.0,STARLINK-3912,0,N/A,N/A,0.0,0.042057914160963016,False,0.0,0.0,0.0,120.67609571238135,0.1508451196404767,Insufficient Energy for CPU,N/A,N/A,N/A
1549,CPU_Intensive,Rejected,156.11695930862507,N/A,N/A,N/A,0.2147853883172205,0.0,0.0,0.0,STARLINK-3912,0,N/A,N/A,0.0,0.08271354127548636,False,0.0,0.0,0.0,120.67609571238135,0.1508451196404767,Insufficient Energy for CPU,N/A,N/A,N/A
1551,CPU_Intensive,Rejected,156.1424693123043,N/A,N/A,N/A,0.10706707058253431,0.0,0.0,0.0,STARLINK-3912,0,N/A,N/A,0.0,0.0635056221776197,False,0.0,0.0,0.0,120.67609571238135,0.1508451196404767,Insufficient Energy for CPU,N/A,N/A,N/A
1552,Generic_Service,Rejected,156.16991132464796,N/A,N/A,N/A,0.15081410712507556,0.0,0.0,0.0,STARLINK-3912,0,N/A,N/A,0.0,0.0340536246195324,False,0.0,0.0,0.0,120.67609571238135,0.1508451196404767,Insufficient Energy for CPU,N/A,N/A,N/A
1553,CPU_and_Data_Intensive,Rejected,156.36976368047087,N/A,N/A,N/A,0.19496292887700056,0.0,0.0,0.0,STARLINK-3912,0,N/A,N/A,0.0,0.984887905772768,False,0.0,0.0,0.0,120.67609571238135,0.1508451196404767,Insufficient Energy for CPU+NET,N/A,N/A,N/A
1554,CPU_Intensive,Rejected,156.45654771870906,N/A,N/A,N/A,0.17364847790638246,0.0,0.0,0.0,STARLINK-3912,0,N/A,N/A,0.0,0.04160545972070842,False,0.0,0.0,0.0,120.67609571238135,0.1508451196404767,Insufficient Energy for CPU,N/A,N/A,N/A
1555,CPU_Intensive,Rejected,156.74256170422936,N/A,N/A,N/A,0.6883956545361077,0.0,0.0,0.0,STARLINK-3912,0,N/A,N/A,0.0,0.06583558594361322,False,0.0,0.0,0.0,120.67609571238135,0.1508451196404767,Insufficient Energy for CPU,N/A,N/A,N/A
1556,CPU_and_Data_Intensive,Rejected,157.291173069747,N/A,N/A,N/A,0.7539892937326725,0.0,0.0,0.0,STARLINK-3912,0,N/A,N/A,0.0,184.94635104723065,False,0.0,0.0,0.0,120.67609571238135,0.1508451196404767,Insufficient Energy for CPU+NET,N/A,N/A,N/A
1559,CPU_Intensive,Rejected,157.387693336103,N/A,N/A,N/A,0.1416986650514889,0.0,0.0,0.0,STARLINK-3912,0,N/A,N/A,0.0,0.07933746285744483,False,0.0,0.0,0.0,120.67609571238135,0.1508451196404767,Insufficient Energy for CPU,N/A,N/A,N/A
1560,CPU_Intensive,Rejected,157.51686135383866,N/A,N/A,N/A,0.0984454504421842,0.0,0.0,0.0,STARLINK-3912,0,N/A,N/A,0.0,0.016098701359426294,False,0.0,0.0,0.0,120.67609571238135,0.1508451196404767,Insufficient Energy for CPU,N/A,N/A,N/A
1561,CPU_Intensive,Rejected,157.6719954529085,N/A,N/A,N/A,0.42943324834340846,0.0,0.0,0.0,STARLINK-3912,0,N/A,N/A,0.0,0.05847597307681281,False,0.0,0.0,0.0,120.67609571238135,0.1508451196404767,Insufficient Energy for CPU,N/A,N/A,N/A
1562,CPU_Intensive,Rejected,157.83027293889262,N/A,N/A,N/A,1.8971335496137527,0.0,0.0,0.0,STARLINK-3912,0,N/A,N/A,0.0,0.08074532694040243,False,0.0,0.0,0.0,120.67609571238135,0.1508451196404767,Insufficient Energy for CPU,N/A,N/A,N/A
1563,CPU_and_Data_Intensive,Rejected,157.92332600063096,N/A,N/A,N/A,1.0156891676508168,0.0,0.0,0.0,STARLINK-3912,0,N/A,N/A,0.0,20.930795246507724,False,0.0,0.0,0.0,120.67609571238135,0.1508451196404767,Insufficient Energy for CPU+NET,N/A,N/A,N/A
1565,Generic_Service,Rejected,158.06978252754314,N/A,N/A,N/A,0.04487375885356909,0.0,0.0,0.0,STARLINK-3912,0,N/A,N/A,0.0,0.08371801392076735,False,0.0,0.0,0.0,120.67609571238135,0.1508451196404767,Insufficient Energy for CPU,N/A,N/A,N/A
1566,Generic_Service,Rejected,158.3548121158252,N/A,N/A,N/A,0.03388539649201846,0.0,0.0,0.0,STARLINK-3912,0,N/A,N/A,0.0,0.057660032895470656,False,0.0,0.0,0.0,120.67609571238135,0.1508451196404767,Insufficient Energy for CPU,N/A,N/A,N/A
1567,CPU_Intensive,Rejected,158.600906095703,N/A,N/A,N/A,0.15885386952662314,0.0,0.0,0.0,STARLINK-3912,0,N/A,N/A,0.0,0.01765233587721414,False,0.0,0.0,0.0,120.67609571238135,0.1508451196404767,Insufficient Energy for CPU,N/A,N/A,N/A
1568,Generic_Service,Rejected,158.6235858187414,N/A,N/A,N/A,0.3301132385547679,0.0,0.0,0.0,STARLINK-3912,0,N/A,N/A,0.0,0.06504281863755604,False,0.0,0.0,0.0,120.67609571238135,0.1508451196404767,Insufficient Energy for CPU,N/A,N/A,N/A
1569,CPU_Intensive,Rejected,158.97963821789742,N/A,N/A,N/A,0.05407899794807846,0.0,0.0,0.0,STARLINK-3912,0,N/A,N/A,0.0,0.011182512559077498,False,0.0,0.0,0.0,120.67609571238135,0.1508451196404767,Insufficient Energy for CPU,N/A,N/A,N/A
1570,CPU_Intensive,Rejected,159.01555255379864,N/A,N/A,N/A,0.5174813380217801,0.0,0.0,0.0,STARLINK-3912,0,N/A,N/A,0.0,0.07970583110951777,False,0.0,0.0,0.0,120.67609571238135,0.1508451196404767,Insufficient Energy for CPU,N/A,N/A,N/A
1571,CPU_Intensive,Rejected,159.11793630898,N/A,N/A,N/A,0.16330442920110205,0.0,0.0,0.0,STARLINK-3912,0,N/A,N/A,0.0,0.022162791737372213,False,0.0,0.0,0.0,120.67609571238135,0.1508451196404767,Insufficient Energy for CPU,N/A,N/A,N/A
1572,CPU_Intensive,Rejected,159.13769798747572,N/A,N/A,N/A,0.08852376503113954,0.0,0.0,0.0,STARLINK-3912,0,N/A,N/A,0.0,0.04752054352795062,False,0.0,0.0,0.0,120.67609571238135,0.1508451196404767,Insufficient Energy for CPU,N/A,N/A,N/A
1573,CPU_and_Data_Intensive,Rejected,159.26222429504114,N/A,N/A,N/A,0.7945123793552219,0.0,0.0,0.0,STARLINK-3912,0,N/A,N/A,0.0,17.9521787688285,False,0.0,0.0,0.0,120.67609571238135,0.1508451196404767,Insufficient Energy for CPU+NET,N/A,N/A,N/A
1574,CPU_and_Data_Intensive,Rejected,159.3531676588912,N/A,N/A,N/A,0.8143042856257742,0.0,0.0,0.0,STARLINK-3912,0,N/A,N/A,0.0,0.5002408604485367,False,0.0,0.0,0.0,120.67609571238135,0.1508451196404767,Insufficient Energy for CPU+NET,N/A,N/A,N/A
1576,CPU_and_Data_Intensive,Rejected,159.4202506959734,N/A,N/A,N/A,1.2448011898144495,0.0,0.0,0.0,STARLINK-3912,0,N/A,N/A,0.0,339.774937360436,False,0.0,0.0,0.0,120.67609571238135,0.1508451196404767,Insufficient Energy for CPU+NET,N/A,N/A,N/A
1579,CPU_Intensive,Rejected,159.8645246216163,N/A,N/A,N/A,1.962601357235324,0.0,0.0,0.0,STARLINK-3912,0,N/A,N/A,0.0,0.07533986057438276,False,0.0,0.0,0.0,120.67609571238135,0.1508451196404767,Insufficient Energy for CPU,N/A,N/A,N/A
1580,CPU_Intensive,Rejected,159.89531962831356,N/A,N/A,N/A,1.1491288931665118,0.0,0.0,0.0,STARLINK-3912,0,N/A,N/A,0.0,0.026419888787712655,False,0.0,0.0,0.0,120.67609571238135,0.1508451196404767,Insufficient Energy for CPU,N/A,N/A,N/A
1578,CPU_and_Data_Intensive,Rejected,159.78941341956855,N/A,N/A,N/A,0.7997526371575712,0.0,0.0,0.0,STARLINK-3912,0,N/A,N/A,0.0,293.1877089605291,False,0.0,0.0,0.0,120.67609571238135,0.1508451196404767,Insufficient Energy for CPU+NET,N/A,N/A,N/A
1581,CPU_and_Data_Intensive,Rejected,159.90900530875945,N/A,N/A,N/A,1.622481222002316,0.0,0.0,0.0,STARLINK-3912,0,N/A,N/A,0.0,2.1052687473670435,False,0.0,0.0,0.0,120.67609571238135,0.1508451196404767,Insufficient Energy for CPU+NET,N/A,N/A,N/A
1582,CPU_Intensive,Rejected,160.0205486757668,N/A,N/A,N/A,0.610949524251114,0.0,0.0,0.0,STARLINK-3912,0,N/A,N/A,0.0,0.0709573861434523,False,0.0,0.0,0.0,120.67609571238135,0.1508451196404767,Insufficient Energy for CPU,N/A,N/A,N/A
1583,CPU_and_Data_Intensive,Rejected,160.03663088773158,N/A,N/A,N/A,0.3285457683554674,0.0,0.0,0.0,STARLINK-3912,0,N/A,N/A,0.0,23.58466136197626,False,0.0,0.0,0.0,120.67609571238135,0.1508451196404767,Insufficient Energy for CPU+NET,N/A,N/A,N/A
1584,CPU_Intensive,Rejected,160.18410748174267,N/A,N/A,N/A,0.18340147877253637,0.0,0.0,0.0,STARLINK-3912,0,N/A,N/A,0.0,0.036307109297931434,False,0.0,0.0,0.0,120.67609571238135,0.1508451196404767,Insufficient Energy for CPU,N/A,N/A,N/A
1586,CPU_and_Data_Intensive,Rejected,160.25129522981533,N/A,N/A,N/A,0.5616809833808594,0.0,0.0,0.0,STARLINK-3912,0,N/A,N/A,0.0,1.4400216169385327,False,0.0,0.0,0.0,120.67609571238135,0.1508451196404767,Insufficient Energy for CPU+NET,N/A,N/A,N/A
1587,CPU_and_Data_Intensive,Rejected,160.48705327443318,N/A,N/A,N/A,0.9196087699251365,0.0,0.0,0.0,STARLINK-3912,0,N/A,N/A,0.0,1.337456545309465,False,0.0,0.0,0.0,120.67609571238135,0.1508451196404767,Insufficient Energy for CPU+NET,N/A,N/A,N/A
1589,CPU_and_Data_Intensive,Rejected,160.85384088030847,N/A,N/A,N/A,1.3468377898567472,0.0,0.0,0.0,STARLINK-3912,0,N/A,N/A,0.0,7.331063525156708,False,0.0,0.0,0.0,120.67609571238135,0.1508451196404767,Insufficient Energy for CPU+NET,N/A,N/A,N/A
1590,CPU_Intensive,Rejected,160.92265851943432,N/A,N/A,N/A,0.0639755287517021,0.0,0.0,0.0,STARLINK-3912,0,N/A,N/A,0.0,0.045782123468435465,False,0.0,0.0,0.0,120.67609571238135,0.1508451196404767,Insufficient Energy for CPU,N/A,N/A,N/A
1591,CPU_Intensive,Rejected,160.9411582235306,N/A,N/A,N/A,0.381624112425414,0.0,0.0,0.0,STARLINK-3912,0,N/A,N/A,0.0,0.044533979246165194,False,0.0,0.0,0.0,120.67609571238135,0.1508451196404767,Insufficient Energy for CPU,N/A,N/A,N/A
1592,Generic_Service,Rejected,161.0249060544847,N/A,N/A,N/A,0.07750081135368087,0.0,0.0,0.0,STARLINK-3912,0,N/A,N/A,0.0,0.07207976324926968,False,0.0,0.0,0.0,120.67609571238135,0.1508451196404767,Insufficient Energy for CPU,N/A,N/A,N/A
1593,CPU_and_Data_Intensive,Rejected,161.3946522955598,N/A,N/A,N/A,0.40570465918676435,0.0,0.0,0.0,STARLINK-3912,0,N/A,N/A,0.0,1.083133219115018,False,0.0,0.0,0.0,120.67609571238135,0.1508451196404767,Insufficient Energy for CPU+NET,N/A,N/A,N/A
1594,CPU_Intensive,Rejected,161.41372555125037,N/A,N/A,N/A,0.03903489829522805,0.0,0.0,0.0,STARLINK-3912,0,N/A,N/A,0.0,0.03371121680506659,False,0.0,0.0,0.0,120.67609571238135,0.1508451196404767,Insufficient Energy for CPU,N/A,N/A,N/A
1595,CPU_Intensive,Rejected,161.43127949550646,N/A,N/A,N/A,0.3172524830758296,0.0,0.0,0.0,STARLINK-3912,0,N/A,N/A,0.0,0.04310625159289261,False,0.0,0.0,0.0,120.67609571238135,0.1508451196404767,Insufficient Energy for CPU,N/A,N/A,N/A
1596,CPU_Intensive,Rejected,161.45775398242708,N/A,N/A,N/A,0.2973814303193929,0.0,0.0,0.0,STARLINK-3912,0,N/A,N/A,0.0,0.0252269191295571,False,0.0,0.0,0.0,120.67609571238135,0.1508451196404767,Insufficient Energy for CPU,N/A,N/A,N/A
1598,CPU_and_Data_Intensive,Rejected,161.6101449080287,N/A,N/A,N/A,0.26321100156241023,0.0,0.0,0.0,STARLINK-3912,0,N/A,N/A,0.0,10.59719975968195,False,0.0,0.0,0.0,120.67609571238135,0.1508451196404767,Insufficient Energy for CPU+NET,N/A,N/A,N/A
1599,CPU_and_Data_Intensive,Rejected,161.92983748371807,N/A,N/A,N/A,1.524445873084033,0.0,0.0,0.0,STARLINK-3912,0,N/A,N/A,0.0,17.008351382659736,False,0.0,0.0,0.0,120.67609571238135,0.1508451196404767,Insufficient Energy for CPU+NET,N/A,N/A,N/A
1600,CPU_and_Data_Intensive,Rejected,162.03940218857718,N/A,N/A,N/A,0.6193541540884299,0.0,0.0,0.0,STARLINK-3912,0,N/A,N/A,0.0,1.1944048704176236,False,0.0,0.0,0.0,120.67609571238135,0.1508451196404767,Insufficient Energy for CPU+NET,N/A,N/A,N/A
1601,CPU_Intensive,Rejected,162.05439888539638,N/A,N/A,N/A,1.0760812106120115,0.0,0.0,0.0,STARLINK-3912,0,N/A,N/A,0.0,0.048818588192778505,False,0.0,0.0,0.0,120.67609571238135,0.1508451196404767,Insufficient Energy for CPU,N/A,N/A,N/A
1602,CPU_and_Data_Intensive,Rejected,162.17486046443668,N/A,N/A,N/A,0.39125127762218587,0.0,0.0,0.0,STARLINK-3912,0,N/A,N/A,0.0,1.8125491413700967,False,0.0,0.0,0.0,120.67609571238135,0.1508451196404767,Insufficient Energy for CPU+NET,N/A,N/A,N/A
1603,Generic_Service,Rejected,162.18504033402473,N/A,N/A,N/A,0.20387944174791608,0.0,0.0,0.0,STARLINK-3912,0,N/A,N/A,0.0,0.06625144485890018,False,0.0,0.0,0.0,120.67609571238135,0.1508451196404767,Insufficient Energy for CPU,N/A,N/A,N/A
1604,CPU_Intensive,Rejected,162.5488368219065,N/A,N/A,N/A,0.07962692723411632,0.0,0.0,0.0,STARLINK-3912,0,N/A,N/A,0.0,0.06111263395176746,False,0.0,0.0,0.0,120.67609571238135,0.1508451196404767,Insufficient Energy for CPU,N/A,N/A,N/A
1605,CPU_Intensive,Rejected,162.55802494181722,N/A,N/A,N/A,0.6060222233223533,0.0,0.0,0.0,STARLINK-3912,0,N/A,N/A,0.0,0.051007607933085196,False,0.0,0.0,0.0,120.67609571238135,0.1508451196404767,Insufficient Energy for CPU,N/A,N/A,N/A
1606,CPU_and_Data_Intensive,Rejected,162.61404505316872,N/A,N/A,N/A,0.5251063014649111,0.0,0.0,0.0,STARLINK-3912,0,N/A,N/A,0.0,0.6108308205669826,False,0.0,0.0,0.0,120.67609571238135,0.1508451196404767,Insufficient Energy for CPU+NET,N/A,N/A,N/A
1607,CPU_Intensive,Rejected,162.94518517600494,N/A,N/A,N/A,0.10232009576981452,0.0,0.0,0.0,STARLINK-3912,0,N/A,N/A,0.0,0.05572838365507688,False,0.0,0.0,0.0,120.67609571238135,0.1508451196404767,Insufficient Energy for CPU,N/A,N/A,N/A
1608,CPU_Intensive,Rejected,162.97735778683403,N/A,N/A,N/A,0.5240093311259645,0.0,0.0,0.0,STARLINK-3912,0,N/A,N/A,0.0,0.0879963492495603,False,0.0,0.0,0.0,120.67609571238135,0.1508451196404767,Insufficient Energy for CPU,N/A,N/A,N/A
1610,CPU_Intensive,Rejected,163.16830372329042,N/A,N/A,N/A,0.8985427931906816,0.0,0.0,0.0,STARLINK-3912,0,N/A,N/A,0.0,0.06362654065966972,False,0.0,0.0,0.0,120.67609571238135,0.1508451196404767,Insufficient Energy for CPU,N/A,N/A,N/A
1611,Generic_Service,Rejected,163.1997798633165,N/A,N/A,N/A,0.026334440372335774,0.0,0.0,0.0,STARLINK-3912,0,N/A,N/A,0.0,0.06121587733970907,False,0.0,0.0,0.0,120.67609571238135,0.1508451196404767,Insufficient Energy for CPU,N/A,N/A,N/A
1614,CPU_and_Data_Intensive,Rejected,163.36358366846235,N/A,N/A,N/A,1.3557807778294333,0.0,0.0,0.0,STARLINK-3912,0,N/A,N/A,0.0,421.0631454280134,False,0.0,0.0,0.0,120.67609571238135,0.1508451196404767,Insufficient Energy for CPU+NET,N/A,N/A,N/A
1615,CPU_Intensive,Rejected,163.56864508119205,N/A,N/A,N/A,0.9149822659207755,0.0,0.0,0.0,STARLINK-3912,0,N/A,N/A,0.0,0.05225782463630575,False,0.0,0.0,0.0,120.67609571238135,0.1508451196404767,Insufficient Energy for CPU,N/A,N/A,N/A
1616,Generic_Service,Rejected,163.60300620413796,N/A,N/A,N/A,0.03491244472594817,0.0,0.0,0.0,STARLINK-3912,0,N/A,N/A,0.0,0.03997038755862566,False,0.0,0.0,0.0,120.67609571238135,0.1508451196404767,Insufficient Energy for CPU,N/A,N/A,N/A
1618,CPU_and_Data_Intensive,Rejected,163.8853361439253,N/A,N/A,N/A,0.06256128589619668,0.0,0.0,0.0,STARLINK-3912,0,N/A,N/A,0.0,3.190731645058392,False,0.0,0.0,0.0,120.67609571238135,0.1508451196404767,Insufficient Energy for CPU+NET,N/A,N/A,N/A
1619,CPU_and_Data_Intensive,Rejected,163.98287225714947,N/A,N/A,N/A,0.3334412171404573,0.0,0.0,0.0,STARLINK-3912,0,N/A,N/A,0.0,9.393197444377947,False,0.0,0.0,0.0,120.67609571238135,0.1508451196404767,Insufficient Energy for CPU+NET,N/A,N/A,N/A
1620,CPU_Intensive,Rejected,164.25458067857068,N/A,N/A,N/A,1.1699961990175698,0.0,0.0,0.0,STARLINK-3912,0,N/A,N/A,0.0,0.049209752751681005,False,0.0,0.0,0.0,120.67609571238135,0.1508451196404767,Insufficient Energy for CPU,N/A,N/A,N/A
1623,CPU_Intensive,Rejected,164.57601697731047,N/A,N/A,N/A,0.26467063793231516,0.0,0.0,0.0,STARLINK-3912,0,N/A,N/A,0.0,0.023998766905007775,False,0.0,0.0,0.0,120.67609571238135,0.1508451196404767,Insufficient Energy for CPU,N/A,N/A,N/A
1624,CPU_and_Data_Intensive,Rejected,164.5954315336769,N/A,N/A,N/A,0.7271801648069216,0.0,0.0,0.0,STARLINK-3912,0,N/A,N/A,0.0,214.91657248997097,False,0.0,0.0,0.0,120.67609571238135,0.1508451196404767,Insufficient Energy for CPU+NET,N/A,N/A,N/A
1628,CPU_Intensive,Rejected,164.70078914621553,N/A,N/A,N/A,0.333506825278317,0.0,0.0,0.0,STARLINK-3912,0,N/A,N/A,0.0,0.0214929416836961,False,0.0,0.0,0.0,120.67609571238135,0.1508451196404767,Insufficient Energy for CPU,N/A,N/A,N/A
1630,CPU_and_Data_Intensive,Rejected,165.1545374192094,N/A,N/A,N/A,0.4827480722266532,0.0,0.0,0.0,STARLINK-3912,0,N/A,N/A,0.0,0.9876522264948018,False,0.0,0.0,0.0,120.67609571238135,0.1508451196404767,Insufficient Energy for CPU+NET,N/A,N/A,N/A
1631,Generic_Service,Rejected,165.26972784690173,N/A,N/A,N/A,0.04350453168414945,0.0,0.0,0.0,STARLINK-3912,0,N/A,N/A,0.0,0.08456808266595565,False,0.0,0.0,0.0,120.67609571238135,0.1508451196404767,Insufficient Energy for CPU,N/A,N/A,N/A
1636,CPU_and_Data_Intensive,Rejected,165.58799808295387,N/A,N/A,N/A,1.1300871593312256,0.0,0.0,0.0,STARLINK-3912,0,N/A,N/A,0.0,1.5733875175784333,False,0.0,0.0,0.0,120.67609571238135,0.1508451196404767,Insufficient Energy for CPU+NET,N/A,N/A,N/A
1637,CPU_Intensive,Rejected,165.6588760033405,N/A,N/A,N/A,0.18487487737077796,0.0,0.0,0.0,STARLINK-3912,0,N/A,N/A,0.0,0.07962249601173867,False,0.0,0.0,0.0,120.67609571238135,0.1508451196404767,Insufficient Energy for CPU,N/A,N/A,N/A
1638,Generic_Service,Rejected,165.92791503462385,N/A,N/A,N/A,0.12576675273102728,0.0,0.0,0.0,STARLINK-3912,0,N/A,N/A,0.0,0.06864645604089727,False,0.0,0.0,0.0,120.67609571238135,0.1508451196404767,Insufficient Energy for CPU,N/A,N/A,N/A
1641,CPU_and_Data_Intensive,Rejected,166.20647736800413,N/A,N/A,N/A,0.5604135299799646,0.0,0.0,0.0,STARLINK-3912,0,N/A,N/A,0.0,1.3490826850376894,False,0.0,0.0,0.0,120.67609571238135,0.1508451196404767,Insufficient Energy for CPU+NET,N/A,N/A,N/A
1642,CPU_Intensive,Rejected,166.25224873215637,N/A,N/A,N/A,0.45395077121872546,0.0,0.0,0.0,STARLINK-3912,0,N/A,N/A,0.0,0.07666820881794952,False,0.0,0.0,0.0,120.67609571238135,0.1508451196404767,Insufficient Energy for CPU,N/A,N/A,N/A
1643,CPU_and_Data_Intensive,Rejected,166.3352861481004,N/A,N/A,N/A,0.2090645317718398,0.0,0.0,0.0,STARLINK-3912,0,N/A,N/A,0.0,9.516224483997007,False,0.0,0.0,0.0,120.67609571238135,0.1508451196404767,Insufficient Energy for CPU+NET,N/A,N/A,N/A
1645,CPU_and_Data_Intensive,Rejected,166.46633088777958,N/A,N/A,N/A,0.03103496147493904,0.0,0.0,0.0,STARLINK-3912,0,N/A,N/A,0.0,2.0057274673053818,False,0.0,0.0,0.0,120.67609571238135,0.1508451196404767,Insufficient Energy for CPU+NET,N/A,N/A,N/A
1646,Generic_Service,Rejected,166.63786900635043,N/A,N/A,N/A,0.045809063820853695,0.0,0.0,0.0,STARLINK-3912,0,N/A,N/A,0.0,0.062217044963525,False,0.0,0.0,0.0,120.67609571238135,0.1508451196404767,Insufficient Energy for CPU,N/A,N/A,N/A
1648,Generic_Service,Rejected,166.6974839893685,N/A,N/A,N/A,0.21935786080881292,0.0,0.0,0.0,STARLINK-3912,0,N/A,N/A,0.0,0.08145436136397666,False,0.0,0.0,0.0,120.67609571238135,0.1508451196404767,Insufficient Energy for CPU,N/A,N/A,N/A
1649,Generic_Service,Rejected,166.92255645974114,N/A,N/A,N/A,0.07384587615230057,0.0,0.0,0.0,STARLINK-3912,0,N/A,N/A,0.0,0.019726405582219116,False,0.0,0.0,0.0,120.67609571238135,0.1508451196404767,Insufficient Energy for CPU,N/A,N/A,N/A
1650,Generic_Service,Rejected,167.0492128002508,N/A,N/A,N/A,0.03186655167490697,0.0,0.0,0.0,STARLINK-3912,0,N/A,N/A,0.0,0.08016799231794987,False,0.0,0.0,0.0,120.67609571238135,0.1508451196404767,Insufficient Energy for CPU,N/A,N/A,N/A
1651,CPU_Intensive,Rejected,167.16859473151555,N/A,N/A,N/A,0.3238836233337163,0.0,0.0,0.0,STARLINK-3912,0,N/A,N/A,0.0,0.08244235369490134,False,0.0,0.0,0.0,120.67609571238135,0.1508451196404767,Insufficient Energy for CPU,N/A,N/A,N/A
1652,CPU_and_Data_Intensive,Rejected,167.1999421645899,N/A,N/A,N/A,0.15890718188042818,0.0,0.0,0.0,STARLINK-3912,0,N/A,N/A,0.0,0.9225285679093196,False,0.0,0.0,0.0,120.67609571238135,0.1508451196404767,Insufficient Energy for CPU+NET,N/A,N/A,N/A
1653,CPU_and_Data_Intensive,Rejected,167.29090072443304,N/A,N/A,N/A,1.1399647141945657,0.0,0.0,0.0,STARLINK-3912,0,N/A,N/A,0.0,231.01081692548468,False,0.0,0.0,0.0,120.67609571238135,0.1508451196404767,Insufficient Energy for CPU+NET,N/A,N/A,N/A
1654,CPU_and_Data_Intensive,Rejected,167.42422403410967,N/A,N/A,N/A,0.28779392741891896,0.0,0.0,0.0,STARLINK-3912,0,N/A,N/A,0.0,1.61034076120792,False,0.0,0.0,0.0,120.67609571238135,0.1508451196404767,Insufficient Energy for CPU+NET,N/A,N/A,N/A
1656,CPU_Intensive,Rejected,167.59382149398678,N/A,N/A,N/A,0.7167854418121802,0.0,0.0,0.0,STARLINK-3912,0,N/A,N/A,0.0,0.08145452576161855,False,0.0,0.0,0.0,120.67609571238135,0.1508451196404767,Insufficient Energy for CPU,N/A,N/A,N/A
1657,CPU_and_Data_Intensive,Rejected,167.60732983454622,N/A,N/A,N/A,0.23692836857494484,0.0,0.0,0.0,STARLINK-3912,0,N/A,N/A,0.0,1.7137469220376311,False,0.0,0.0,0.0,120.67609571238135,0.1508451196404767,Insufficient Energy for CPU+NET,N/A,N/A,N/A
1658,CPU_and_Data_Intensive,Rejected,167.75591407231926,N/A,N/A,N/A,1.280618354524403,0.0,0.0,0.0,STARLINK-3912,0,N/A,N/A,0.0,20.347547792100688,False,0.0,0.0,0.0,120.67609571238135,0.1508451196404767,Insufficient Energy for CPU+NET,N/A,N/A,N/A
1659,CPU_and_Data_Intensive,Rejected,168.03914145712406,N/A,N/A,N/A,0.2931378715043996,0.0,0.0,0.0,STARLINK-3912,0,N/A,N/A,0.0,1.2033564445228488,False,0.0,0.0,0.0,120.67609571238135,0.1508451196404767,Insufficient Energy for CPU+NET,N/A,N/A,N/A
1660,CPU_Intensive,Rejected,168.14945028785354,N/A,N/A,N/A,0.8434785510706249,0.0,0.0,0.0,STARLINK-3912,0,N/A,N/A,0.0,0.028771855441714775,False,0.0,0.0,0.0,120.67609571238135,0.1508451196404767,Insufficient Energy for CPU,N/A,N/A,N/A
1661,CPU_and_Data_Intensive,Rejected,168.22392370261113,N/A,N/A,N/A,1.3373656622418941,0.0,0.0,0.0,STARLINK-3912,0,N/A,N/A,0.0,20.24167746156162,False,0.0,0.0,0.0,120.67609571238135,0.1508451196404767,Insufficient Energy for CPU+NET,N/A,N/A,N/A
1662,Generic_Service,Rejected,168.35331313562318,N/A,N/A,N/A,0.2553352254068208,0.0,0.0,0.0,STARLINK-3912,0,N/A,N/A,0.0,0.048496331126488365,False,0.0,0.0,0.0,120.67609571238135,0.1508451196404767,Insufficient Energy for CPU,N/A,N/A,N/A
1663,CPU_and_Data_Intensive,Rejected,168.59813285917824,N/A,N/A,N/A,0.19271930323925182,0.0,0.0,0.0,STARLINK-3912,0,N/A,N/A,0.0,2.0035106104142018,False,0.0,0.0,0.0,120.67609571238135,0.1508451196404767,Insufficient Energy for CPU+NET,N/A,N/A,N/A
1664,CPU_and_Data_Intensive,Rejected,168.67291731408693,N/A,N/A,N/A,0.2643708362403507,0.0,0.0,0.0,STARLINK-3912,0,N/A,N/A,0.0,1.4939726906087596,False,0.0,0.0,0.0,120.67609571238135,0.1508451196404767,Insufficient Energy for CPU+NET,N/A,N/A,N/A
1665,CPU_and_Data_Intensive,Rejected,168.88195732115648,N/A,N/A,N/A,0.062236694927445844,0.0,0.0,0.0,STARLINK-3912,0,N/A,N/A,0.0,8.834439060646307,False,0.0,0.0,0.0,120.67609571238135,0.1508451196404767,Insufficient Energy for CPU+NET,N/A,N/A,N/A
1666,CPU_Intensive,Rejected,169.12412891137757,N/A,N/A,N/A,0.03523694478923142,0.0,0.0,0.0,STARLINK-3912,0,N/A,N/A,0.0,0.03915690868201302,False,0.0,0.0,0.0,120.67609571238135,0.1508451196404767,Insufficient Energy for CPU,N/A,N/A,N/A
1667,CPU_and_Data_Intensive,Rejected,169.2790548302413,N/A,N/A,N/A,0.32201793988179606,0.0,0.0,0.0,STARLINK-3912,0,N/A,N/A,0.0,0.7563669661464199,False,0.0,0.0,0.0,120.67609571238135,0.1508451196404767,Insufficient Energy for CPU+NET,N/A,N/A,N/A
1668,Generic_Service,Rejected,169.29325441014322,N/A,N/A,N/A,0.11085679534264017,0.0,0.0,0.0,STARLINK-3912,0,N/A,N/A,0.0,0.059744315128093466,False,0.0,0.0,0.0,120.67609571238135,0.1508451196404767,Insufficient Energy for CPU,N/A,N/A,N/A
1670,CPU_and_Data_Intensive,Rejected,169.51745610798778,N/A,N/A,N/A,1.2675744901678103,0.0,0.0,0.0,STARLINK-3912,0,N/A,N/A,0.0,1.0852362729708962,False,0.0,0.0,0.0,120.67609571238135,0.1508451196404767,Insufficient Energy for CPU+NET,N/A,N/A,N/A
1671,CPU_and_Data_Intensive,Rejected,169.6499278581189,N/A,N/A,N/A,0.22307177578135773,0.0,0.0,0.0,STARLINK-3912,0,N/A,N/A,0.0,0.15913448920970444,False,0.0,0.0,0.0,120.67609571238135,0.1508451196404767,Insufficient Energy for CPU+NET,N/A,N/A,N/A
1672,Generic_Service,Rejected,169.65031804901463,N/A,N/A,N/A,0.1821380509746764,0.0,0.0,0.0,STARLINK-3912,0,N/A,N/A,0.0,0.028680206368804077,False,0.0,0.0,0.0,120.67609571238135,0.1508451196404767,Insufficient Energy for CPU,N/A,N/A,N/A
1673,CPU_Intensive,Rejected,169.6771294635222,N/A,N/A,N/A,0.39978283198267694,0.0,0.0,0.0,STARLINK-3912,0,N/A,N/A,0.0,0.08677914139748327,False,0.0,0.0,0.0,120.67609571238135,0.1508451196404767,Insufficient Energy for CPU,N/A,N/A,N/A
1674,Generic_Service,Rejected,169.68129456339113,N/A,N/A,N/A,0.05662780026082592,0.0,0.0,0.0,STARLINK-3912,0,N/A,N/A,0.0,0.05257500452504852,False,0.0,0.0,0.0,120.67609571238135,0.1508451196404767,Insufficient Energy for CPU,N/A,N/A,N/A
1675,Generic_Service,Rejected,169.75049895697973,N/A,N/A,N/A,0.03212101833330631,0.0,0.0,0.0,STARLINK-3912,0,N/A,N/A,0.0,0.016801469816077406,False,0.0,0.0,0.0,120.67609571238135,0.1508451196404767,Insufficient Energy for CPU,N/A,N/A,N/A
1678,Generic_Service,Rejected,169.92208223575318,N/A,N/A,N/A,0.04745727858841417,0.0,0.0,0.0,STARLINK-3912,0,N/A,N/A,0.0,0.05409320895602412,False,0.0,0.0,0.0,120.67609571238135,0.1508451196404767,Insufficient Energy for CPU,N/A,N/A,N/A
1679,CPU_Intensive,Rejected,170.01516046898115,N/A,N/A,N/A,0.06274872330819802,0.0,0.0,0.0,STARLINK-3912,0,N/A,N/A,0.0,0.06850299986447643,False,0.0,0.0,0.0,120.67609571238135,0.1508451196404767,Insufficient Energy for CPU,N/A,N/A,N/A
1681,CPU_Intensive,Rejected,170.0532082885341,N/A,N/A,N/A,0.6897572340140278,0.0,0.0,0.0,STARLINK-3912,0,N/A,N/A,0.0,0.01912342098757369,False,0.0,0.0,0.0,120.67609571238135,0.1508451196404767,Insufficient Energy for CPU,N/A,N/A,N/A
1682,Generic_Service,Rejected,170.05338903623877,N/A,N/A,N/A,0.04480151137574867,0.0,0.0,0.0,STARLINK-3912,0,N/A,N/A,0.0,0.04002806394926775,False,0.0,0.0,0.0,120.67609571238135,0.1508451196404767,Insufficient Energy for CPU,N/A,N/A,N/A
1683,CPU_and_Data_Intensive,Rejected,170.2778418686085,N/A,N/A,N/A,0.9241854043461047,0.0,0.0,0.0,STARLINK-3912,0,N/A,N/A,0.0,0.5813743084460837,False,0.0,0.0,0.0,120.67609571238135,0.1508451196404767,Insufficient Energy for CPU+NET,N/A,N/A,N/A
1685,Generic_Service,Rejected,170.39797351321445,N/A,N/A,N/A,0.045500948037180015,0.0,0.0,0.0,STARLINK-3912,0,N/A,N/A,0.0,0.04866059578659424,False,0.0,0.0,0.0,120.67609571238135,0.1508451196404767,Insufficient Energy for CPU,N/A,N/A,N/A
1686,CPU_and_Data_Intensive,Rejected,170.60061586726718,N/A,N/A,N/A,0.12948434796022507,0.0,0.0,0.0,STARLINK-3912,0,N/A,N/A,0.0,2.0768621119396724,False,0.0,0.0,0.0,120.67609571238135,0.1508451196404767,Insufficient Energy for CPU+NET,N/A,N/A,N/A
1687,CPU_and_Data_Intensive,Rejected,170.60364699583135,N/A,N/A,N/A,0.3569158345376879,0.0,0.0,0.0,STARLINK-3912,0,N/A,N/A,0.0,0.47351973988318236,False,0.0,0.0,0.0,120.67609571238135,0.1508451196404767,Insufficient Energy for CPU+NET,N/A,N/A,N/A
1688,CPU_and_Data_Intensive,Rejected,170.96014960714882,N/A,N/A,N/A,0.4008260134510023,0.0,0.0,0.0,STARLINK-3912,0,N/A,N/A,0.0,0.7911807039463288,False,0.0,0.0,0.0,120.67609571238135,0.1508451196404767,Insufficient Energy for CPU+NET,N/A,N/A,N/A
1689,Generic_Service,Rejected,170.9735185396969,N/A,N/A,N/A,0.05354445792741528,0.0,0.0,0.0,STARLINK-3912,0,N/A,N/A,0.0,0.053034994863066974,False,0.0,0.0,0.0,120.67609571238135,0.1508451196404767,Insufficient Energy for CPU,N/A,N/A,N/A
1690,CPU_and_Data_Intensive,Rejected,170.98234280034208,N/A,N/A,N/A,1.3145528889218572,0.0,0.0,0.0,STARLINK-3912,0,N/A,N/A,0.0,23.5342346292623,False,0.0,0.0,0.0,120.67609571238135,0.1508451196404767,Insufficient Energy for CPU+NET,N/A,N/A,N/A
1692,CPU_Intensive,Rejected,171.5381650479595,N/A,N/A,N/A,0.2624983449999664,0.0,0.0,0.0,STARLINK-3912,0,N/A,N/A,0.0,0.07240167989055803,False,0.0,0.0,0.0,120.67609571238135,0.1508451196404767,Insufficient Energy for CPU,N/A,N/A,N/A
1693,CPU_Intensive,Rejected,171.6848373746599,N/A,N/A,N/A,0.33838844878234653,0.0,0.0,0.0,STARLINK-3912,0,N/A,N/A,0.0,0.054558625798037975,False,0.0,0.0,0.0,120.67609571238135,0.1508451196404767,Insufficient Energy for CPU,N/A,N/A,N/A
1695,CPU_and_Data_Intensive,Rejected,172.08007587913076,N/A,N/A,N/A,0.14971463197883675,0.0,0.0,0.0,STARLINK-3912,0,N/A,N/A,0.0,20.148389280052818,False,0.0,0.0,0.0,120.67609571238135,0.1508451196404767,Insufficient Energy for CPU+NET,N/A,N/A,N/A
1696,CPU_Intensive,Rejected,172.1215630699232,N/A,N/A,N/A,0.19596350657976616,0.0,0.0,0.0,STARLINK-3912,0,N/A,N/A,0.0,0.015292973054244558,False,0.0,0.0,0.0,120.67609571238135,0.1508451196404767,Insufficient Energy for CPU,N/A,N/A,N/A
1697,CPU_Intensive,Rejected,172.21320484754088,N/A,N/A,N/A,0.11986489065765499,0.0,0.0,0.0,STARLINK-3912,0,N/A,N/A,0.0,0.04539262934264246,False,0.0,0.0,0.0,120.67609571238135,0.1508451196404767,Insufficient Energy for CPU,N/A,N/A,N/A
1698,CPU_and_Data_Intensive,Rejected,172.29930406102616,N/A,N/A,N/A,0.5196097949486129,0.0,0.0,0.0,STARLINK-3912,0,N/A,N/A,0.0,11.562548411488084,False,0.0,0.0,0.0,120.67609571238135,0.1508451196404767,Insufficient Energy for CPU+NET,N/A,N/A,N/A
1700,CPU_and_Data_Intensive,Rejected,172.4279098910986,N/A,N/A,N/A,0.12001045448037137,0.0,0.0,0.0,STARLINK-3912,0,N/A,N/A,0.0,1.3148198661493813,False,0.0,0.0,0.0,120.67609571238135,0.1508451196404767,Insufficient Energy for CPU+NET,N/A,N/A,N/A
1701,CPU_and_Data_Intensive,Rejected,172.44229056780893,N/A,N/A,N/A,0.182793806016547,0.0,0.0,0.0,STARLINK-3912,0,N/A,N/A,0.0,2.8685244605800477,False,0.0,0.0,0.0,120.67609571238135,0.1508451196404767,Insufficient Energy for CPU+NET,N/A,N/A,N/A
1699,CPU_and_Data_Intensive,Rejected,172.3566466168608,N/A,N/A,N/A,1.6929435669989414,0.0,0.0,0.0,STARLINK-3912,0,N/A,N/A,0.0,380.7514121361461,False,0.0,0.0,0.0,120.67609571238135,0.1508451196404767,Insufficient Energy for CPU+NET,N/A,N/A,N/A
1702,Generic_Service,Rejected,172.7325059698994,N/A,N/A,N/A,0.08044456187152835,0.0,0.0,0.0,STARLINK-3912,0,N/A,N/A,0.0,0.08762342455896173,False,0.0,0.0,0.0,120.67609571238135,0.1508451196404767,Insufficient Energy for CPU,N/A,N/A,N/A
1703,CPU_Intensive,Rejected,172.86178394083387,N/A,N/A,N/A,1.6666848237625407,0.0,0.0,0.0,STARLINK-3912,0,N/A,N/A,0.0,0.08281782458223325,False,0.0,0.0,0.0,120.67609571238135,0.1508451196404767,Insufficient Energy for CPU,N/A,N/A,N/A
1705,CPU_Intensive,Rejected,172.9836365708193,N/A,N/A,N/A,0.23462683316169675,0.0,0.0,0.0,STARLINK-3912,0,N/A,N/A,0.0,0.04784147424413287,False,0.0,0.0,0.0,120.67609571238135,0.1508451196404767,Insufficient Energy for CPU,N/A,N/A,N/A
1707,CPU_and_Data_Intensive,Rejected,172.99487418247386,N/A,N/A,N/A,0.7580987883051089,0.0,0.0,0.0,STARLINK-3912,0,N/A,N/A,0.0,0.6919991004994666,False,0.0,0.0,0.0,120.67609571238135,0.1508451196404767,Insufficient Energy for CPU+NET,N/A,N/A,N/A
1708,Generic_Service,Rejected,173.17074499175945,N/A,N/A,N/A,0.0705264664379121,0.0,0.0,0.0,STARLINK-3912,0,N/A,N/A,0.0,0.010845272314507092,False,0.0,0.0,0.0,120.67609571238135,0.1508451196404767,Insufficient Energy for CPU,N/A,N/A,N/A
1710,CPU_Intensive,Rejected,173.28123016717964,N/A,N/A,N/A,0.30166651669577244,0.0,0.0,0.0,STARLINK-3912,0,N/A,N/A,0.0,0.06713234184852299,False,0.0,0.0,0.0,120.67609571238135,0.1508451196404767,Insufficient Energy for CPU,N/A,N/A,N/A
1711,CPU_Intensive,Rejected,173.3873598094562,N/A,N/A,N/A,0.12673229502684438,0.0,0.0,0.0,STARLINK-3912,0,N/A,N/A,0.0,0.06291979656499219,False,0.0,0.0,0.0,120.67609571238135,0.1508451196404767,Insufficient Energy for CPU,N/A,N/A,N/A
1712,CPU_and_Data_Intensive,Rejected,173.38954947996714,N/A,N/A,N/A,0.04524164475434316,0.0,0.0,0.0,STARLINK-3912,0,N/A,N/A,0.0,0.06608991395448438,False,0.0,0.0,0.0,120.67609571238135,0.1508451196404767,Insufficient Energy for CPU+NET,N/A,N/A,N/A
1713,Generic_Service,Rejected,173.4428341675901,N/A,N/A,N/A,0.024777270370605592,0.0,0.0,0.0,STARLINK-3912,0,N/A,N/A,0.0,0.08588192980472746,False,0.0,0.0,0.0,120.67609571238135,0.1508451196404767,Insufficient Energy for CPU,N/A,N/A,N/A
1714,CPU_Intensive,Rejected,173.51587960351188,N/A,N/A,N/A,0.16936509333489522,0.0,0.0,0.0,STARLINK-3912,0,N/A,N/A,0.0,0.0799494482680979,False,0.0,0.0,0.0,120.67609571238135,0.1508451196404767,Insufficient Energy for CPU,N/A,N/A,N/A
1715,CPU_Intensive,Rejected,173.6851181911672,N/A,N/A,N/A,0.28871666911057453,0.0,0.0,0.0,STARLINK-3912,0,N/A,N/A,0.0,0.05210561372809018,False,0.0,0.0,0.0,120.67609571238135,0.1508451196404767,Insufficient Energy for CPU,N/A,N/A,N/A
1716,CPU_and_Data_Intensive,Rejected,173.8371738715063,N/A,N/A,N/A,0.5907512655310907,0.0,0.0,0.0,STARLINK-3912,0,N/A,N/A,0.0,0.049095943989205776,False,0.0,0.0,0.0,120.67609571238135,0.1508451196404767,Insufficient Energy for CPU+NET,N/A,N/A,N/A
1717,CPU_Intensive,Rejected,173.86242744685796,N/A,N/A,N/A,0.09577440400071438,0.0,0.0,0.0,STARLINK-3912,0,N/A,N/A,0.0,0.03917570600460087,False,0.0,0.0,0.0,120.67609571238135,0.1508451196404767,Insufficient Energy for CPU,N/A,N/A,N/A
1718,CPU_Intensive,Rejected,173.98656764381084,N/A,N/A,N/A,0.16349516806812542,0.0,0.0,0.0,STARLINK-3912,0,N/A,N/A,0.0,0.012425737019751333,False,0.0,0.0,0.0,120.67609571238135,0.1508451196404767,Insufficient Energy for CPU,N/A,N/A,N/A
1721,Generic_Service,Rejected,174.44899149889147,N/A,N/A,N/A,0.10420330073565039,0.0,0.0,0.0,STARLINK-3912,0,N/A,N/A,0.0,0.03730105849276934,False,0.0,0.0,0.0,120.67609571238135,0.1508451196404767,Insufficient Energy for CPU,N/A,N/A,N/A
1722,CPU_Intensive,Rejected,174.46973575565212,N/A,N/A,N/A,0.589389914965915,0.0,0.0,0.0,STARLINK-3912,0,N/A,N/A,0.0,0.07159833983884069,False,0.0,0.0,0.0,120.67609571238135,0.1508451196404767,Insufficient Energy for CPU,N/A,N/A,N/A
1723,CPU_and_Data_Intensive,Rejected,174.5612718236868,N/A,N/A,N/A,0.21228754921698176,0.0,0.0,0.0,STARLINK-3912,0,N/A,N/A,0.0,4.378101216905262,False,0.0,0.0,0.0,120.67609571238135,0.1508451196404767,Insufficient Energy for CPU+NET,N/A,N/A,N/A
1724,CPU_and_Data_Intensive,Rejected,174.57329011452978,N/A,N/A,N/A,0.135440392413049,0.0,0.0,0.0,STARLINK-3912,0,N/A,N/A,0.0,1.1427818816642819,False,0.0,0.0,0.0,120.67609571238135,0.1508451196404767,Insufficient Energy for CPU+NET,N/A,N/A,N/A
1725,CPU_Intensive,Rejected,174.8406020105778,N/A,N/A,N/A,1.0768667050634704,0.0,0.0,0.0,STARLINK-3912,0,N/A,N/A,0.0,0.0574455041109008,False,0.0,0.0,0.0,120.67609571238135,0.1508451196404767,Insufficient Energy for CPU,N/A,N/A,N/A
1726,CPU_Intensive,Rejected,175.00191310697875,N/A,N/A,N/A,0.24626046595205503,0.0,0.0,0.0,STARLINK-3912,0,N/A,N/A,0.0,0.08450987889846823,False,0.0,0.0,0.0,120.67609571238135,0.1508451196404767,Insufficient Energy for CPU,N/A,N/A,N/A
1727,CPU_Intensive,Rejected,175.00850670657437,N/A,N/A,N/A,0.6634575821334099,0.0,0.0,0.0,STARLINK-3912,0,N/A,N/A,0.0,0.05997578943489852,False,0.0,0.0,0.0,120.67609571238135,0.1508451196404767,Insufficient Energy for CPU,N/A,N/A,N/A
1728,CPU_and_Data_Intensive,Rejected,175.06383590222686,N/A,N/A,N/A,0.09613820112105753,0.0,0.0,0.0,STARLINK-3912,0,N/A,N/A,0.0,19.00501729151523,False,0.0,0.0,0.0,120.67609571238135,0.1508451196404767,Insufficient Energy for CPU+NET,N/A,N/A,N/A
1729,Generic_Service,Rejected,175.10313834081526,N/A,N/A,N/A,0.060885207169696344,0.0,0.0,0.0,STARLINK-3912,0,N/A,N/A,0.0,0.054645808418585684,False,0.0,0.0,0.0,120.67609571238135,0.1508451196404767,Insufficient Energy for CPU,N/A,N/A,N/A
1732,Generic_Service,Rejected,175.78784742508094,N/A,N/A,N/A,0.10643586952677958,0.0,0.0,0.0,STARLINK-3912,0,N/A,N/A,0.0,0.014723713862240254,False,0.0,0.0,0.0,120.67609571238135,0.1508451196404767,Insufficient Energy for CPU,N/A,N/A,N/A
1733,Generic_Service,Rejected,175.83305407341265,N/A,N/A,N/A,0.0409430756095512,0.0,0.0,0.0,STARLINK-3912,0,N/A,N/A,0.0,0.04108846105961779,False,0.0,0.0,0.0,120.67609571238135,0.1508451196404767,Insufficient Energy for CPU,N/A,N/A,N/A
1734,Generic_Service,Rejected,175.83590038735701,N/A,N/A,N/A,0.13066882978089447,0.0,0.0,0.0,STARLINK-3912,0,N/A,N/A,0.0,0.06095223364445278,False,0.0,0.0,0.0,120.67609571238135,0.1508451196404767,Insufficient Energy for CPU,N/A,N/A,N/A
1735,Generic_Service,Rejected,175.92370382074358,N/A,N/A,N/A,0.025879571216591582,0.0,0.0,0.0,STARLINK-3912,0,N/A,N/A,0.0,0.011303291227891114,False,0.0,0.0,0.0,120.67609571238135,0.1508451196404767,Insufficient Energy for CPU,N/A,N/A,N/A
1736,CPU_and_Data_Intensive,Rejected,176.00225115921796,N/A,N/A,N/A,1.1717220525583791,0.0,0.0,0.0,STARLINK-3912,0,N/A,N/A,0.0,0.7240830185334368,False,0.0,0.0,0.0,120.67609571238135,0.1508451196404767,Insufficient Energy for CPU+NET,N/A,N/A,N/A
1737,CPU_Intensive,Rejected,176.01659254906372,N/A,N/A,N/A,0.3530538271009478,0.0,0.0,0.0,STARLINK-3912,0,N/A,N/A,0.0,0.035728041654671645,False,0.0,0.0,0.0,120.67609571238135,0.1508451196404767,Insufficient Energy for CPU,N/A,N/A,N/A
1738,CPU_and_Data_Intensive,Rejected,176.34884586876285,N/A,N/A,N/A,0.9645464594220537,0.0,0.0,0.0,STARLINK-3912,0,N/A,N/A,0.0,14.711657080746388,False,0.0,0.0,0.0,120.67609571238135,0.1508451196404767,Insufficient Energy for CPU+NET,N/A,N/A,N/A
1740,Generic_Service,Rejected,176.37072423657392,N/A,N/A,N/A,0.03800292428632249,0.0,0.0,0.0,STARLINK-3912,0,N/A,N/A,0.0,0.053638754322363646,False,0.0,0.0,0.0,120.67609571238135,0.1508451196404767,Insufficient Energy for CPU,N/A,N/A,N/A
1741,Generic_Service,Rejected,176.37530095628784,N/A,N/A,N/A,0.061621738538255866,0.0,0.0,0.0,STARLINK-3912,0,N/A,N/A,0.0,0.04504293575041707,False,0.0,0.0,0.0,120.67609571238135,0.1508451196404767,Insufficient Energy for CPU,N/A,N/A,N/A
1742,CPU_and_Data_Intensive,Rejected,176.71709857520324,N/A,N/A,N/A,1.4196558492731877,0.0,0.0,0.0,STARLINK-3912,0,N/A,N/A,0.0,4.3047736940390084,False,0.0,0.0,0.0,120.67609571238135,0.1508451196404767,Insufficient Energy for CPU+NET,N/A,N/A,N/A
1743,CPU_and_Data_Intensive,Rejected,176.7884205521855,N/A,N/A,N/A,0.18568829086879804,0.0,0.0,0.0,STARLINK-3912,0,N/A,N/A,0.0,10.308336493810206,False,0.0,0.0,0.0,120.67609571238135,0.1508451196404767,Insufficient Energy for CPU+NET,N/A,N/A,N/A
1744,CPU_and_Data_Intensive,Rejected,176.82301978275956,N/A,N/A,N/A,0.7396916780101696,0.0,0.0,0.0,STARLINK-3912,0,N/A,N/A,0.0,0.672983177335435,False,0.0,0.0,0.0,120.67609571238135,0.1508451196404767,Insufficient Energy for CPU+NET,N/A,N/A,N/A
1745,CPU_Intensive,Rejected,176.82964104660573,N/A,N/A,N/A,0.09929727611717679,0.0,0.0,0.0,STARLINK-3912,0,N/A,N/A,0.0,0.04857490377179607,False,0.0,0.0,0.0,120.67609571238135,0.1508451196404767,Insufficient Energy for CPU,N/A,N/A,N/A
1746,CPU_Intensive,Rejected,176.88998402457105,N/A,N/A,N/A,0.20067609043289114,0.0,0.0,0.0,STARLINK-3912,0,N/A,N/A,0.0,0.07563166310905481,False,0.0,0.0,0.0,120.67609571238135,0.1508451196404767,Insufficient Energy for CPU,N/A,N/A,N/A
1747,CPU_Intensive,Rejected,176.92455459444545,N/A,N/A,N/A,0.2573057203090367,0.0,0.0,0.0,STARLINK-3912,0,N/A,N/A,0.0,0.07909956609473075,False,0.0,0.0,0.0,120.67609571238135,0.1508451196404767,Insufficient Energy for CPU,N/A,N/A,N/A
1748,CPU_Intensive,Rejected,176.97584318221115,N/A,N/A,N/A,0.11650245467198575,0.0,0.0,0.0,STARLINK-3912,0,N/A,N/A,0.0,0.06345461881031997,False,0.0,0.0,0.0,120.67609571238135,0.1508451196404767,Insufficient Energy for CPU,N/A,N/A,N/A
1750,CPU_and_Data_Intensive,Rejected,177.37132715871257,N/A,N/A,N/A,0.32095668735812977,0.0,0.0,0.0,STARLINK-3912,0,N/A,N/A,0.0,13.487214301176174,False,0.0,0.0,0.0,120.67609571238135,0.1508451196404767,Insufficient Energy for CPU+NET,N/A,N/A,N/A
1751,CPU_Intensive,Rejected,177.55429764647715,N/A,N/A,N/A,1.2071763889866876,0.0,0.0,0.0,STARLINK-3912,0,N/A,N/A,0.0,0.06504987497438956,False,0.0,0.0,0.0,120.67609571238135,0.1508451196404767,Insufficient Energy for CPU,N/A,N/A,N/A
1753,CPU_Intensive,Rejected,177.66897050704563,N/A,N/A,N/A,0.2885002128125834,0.0,0.0,0.0,STARLINK-3912,0,N/A,N/A,0.0,0.04366664937015488,False,0.0,0.0,0.0,120.67609571238135,0.1508451196404767,Insufficient Energy for CPU,N/A,N/A,N/A
1754,CPU_and_Data_Intensive,Rejected,177.72981128649525,N/A,N/A,N/A,0.5436394474395103,0.0,0.0,0.0,STARLINK-3912,0,N/A,N/A,0.0,1.711645298471847,False,0.0,0.0,0.0,120.67609571238135,0.1508451196404767,Insufficient Energy for CPU+NET,N/A,N/A,N/A
1755,CPU_Intensive,Rejected,177.84672997011063,N/A,N/A,N/A,0.12101739347735373,0.0,0.0,0.0,STARLINK-3912,0,N/A,N/A,0.0,0.08265410898001536,False,0.0,0.0,0.0,120.67609571238135,0.1508451196404767,Insufficient Energy for CPU,N/A,N/A,N/A
1756,CPU_Intensive,Rejected,178.011962853414,N/A,N/A,N/A,0.4852278990967957,0.0,0.0,0.0,STARLINK-3912,0,N/A,N/A,0.0,0.0854103533653478,False,0.0,0.0,0.0,120.67609571238135,0.1508451196404767,Insufficient Energy for CPU,N/A,N/A,N/A
1757,CPU_Intensive,Rejected,178.03706163053914,N/A,N/A,N/A,0.25830302007707173,0.0,0.0,0.0,STARLINK-3912,0,N/A,N/A,0.0,0.05219364734337258,False,0.0,0.0,0.0,120.67609571238135,0.1508451196404767,Insufficient Energy for CPU,N/A,N/A,N/A
1759,Generic_Service,Rejected,178.47074630931715,N/A,N/A,N/A,0.03687771100386854,0.0,0.0,0.0,STARLINK-3912,0,N/A,N/A,0.0,0.03435478951571745,False,0.0,0.0,0.0,120.67609571238135,0.1508451196404767,Insufficient Energy for CPU,N/A,N/A,N/A
1760,CPU_and_Data_Intensive,Rejected,178.64133094703516,N/A,N/A,N/A,0.781494169380427,0.0,0.0,0.0,STARLINK-3912,0,N/A,N/A,0.0,0.47202105205273054,False,0.0,0.0,0.0,120.67609571238135,0.1508451196404767,Insufficient Energy for CPU+NET,N/A,N/A,N/A
1761,CPU_and_Data_Intensive,Rejected,178.70192682878212,N/A,N/A,N/A,1.1562794241465177,0.0,0.0,0.0,STARLINK-3912,0,N/A,N/A,0.0,0.7492259572876168,False,0.0,0.0,0.0,120.67609571238135,0.1508451196404767,Insufficient Energy for CPU+NET,N/A,N/A,N/A
1762,CPU_and_Data_Intensive,Rejected,178.73577195182952,N/A,N/A,N/A,0.17077383197065363,0.0,0.0,0.0,STARLINK-3912,0,N/A,N/A,0.0,4.3945662540774935,False,0.0,0.0,0.0,120.67609571238135,0.1508451196404767,Insufficient Energy for CPU+NET,N/A,N/A,N/A
1763,Generic_Service,Rejected,178.79942650886736,N/A,N/A,N/A,0.030089526243531246,0.0,0.0,0.0,STARLINK-3912,0,N/A,N/A,0.0,0.014107106310092526,False,0.0,0.0,0.0,120.67609571238135,0.1508451196404767,Insufficient Energy for CPU,N/A,N/A,N/A
1764,Generic_Service,Rejected,178.85276916210896,N/A,N/A,N/A,0.03421946217846039,0.0,0.0,0.0,STARLINK-3912,0,N/A,N/A,0.0,0.02600059376589725,False,0.0,0.0,0.0,120.67609571238135,0.1508451196404767,Insufficient Energy for CPU,N/A,N/A,N/A
1765,CPU_and_Data_Intensive,Rejected,179.04896527912032,N/A,N/A,N/A,0.11245827182203369,0.0,0.0,0.0,STARLINK-3912,0,N/A,N/A,0.0,16.93736887505097,False,0.0,0.0,0.0,120.67609571238135,0.1508451196404767,Insufficient Energy for CPU+NET,N/A,N/A,N/A
1767,CPU_and_Data_Intensive,Rejected,179.2870830637246,N/A,N/A,N/A,0.5416029732778959,0.0,0.0,0.0,STARLINK-3912,0,N/A,N/A,0.0,9.048667345180377,False,0.0,0.0,0.0,120.67609571238135,0.1508451196404767,Insufficient Energy for CPU+NET,N/A,N/A,N/A
1768,CPU_Intensive,Rejected,179.5575263313687,N/A,N/A,N/A,0.06319736940067891,0.0,0.0,0.0,STARLINK-3912,0,N/A,N/A,0.0,0.03738764797202652,False,0.0,0.0,0.0,120.67609571238135,0.1508451196404767,Insufficient Energy for CPU,N/A,N/A,N/A
1769,CPU_Intensive,Rejected,179.5637334572282,N/A,N/A,N/A,0.5491697012358221,0.0,0.0,0.0,STARLINK-3912,0,N/A,N/A,0.0,0.05536918366226012,False,0.0,0.0,0.0,120.67609571238135,0.1508451196404767,Insufficient Energy for CPU,N/A,N/A,N/A
1770,CPU_and_Data_Intensive,Rejected,179.63686817236913,N/A,N/A,N/A,0.6873581151368862,0.0,0.0,0.0,STARLINK-3912,0,N/A,N/A,0.0,1.9952428252728351,False,0.0,0.0,0.0,120.67609571238135,0.1508451196404767,Insufficient Energy for CPU+NET,N/A,N/A,N/A
1771,CPU_and_Data_Intensive,Rejected,179.70711878660802,N/A,N/A,N/A,0.028637335160351517,0.0,0.0,0.0,STARLINK-3912,0,N/A,N/A,0.0,2.048417414514805,False,0.0,0.0,0.0,120.67609571238135,0.1508451196404767,Insufficient Energy for CPU+NET,N/A,N/A,N/A
1773,Generic_Service,Rejected,179.91519539028644,N/A,N/A,N/A,0.07046815901320577,0.0,0.0,0.0,STARLINK-3912,0,N/A,N/A,0.0,0.032032021512157685,False,0.0,0.0,0.0,120.67609571238135,0.1508451196404767,Insufficient Energy for CPU,N/A,N/A,N/A
1774,CPU_and_Data_Intensive,Rejected,179.9470676381419,N/A,N/A,N/A,0.09927445385132228,0.0,0.0,0.0,STARLINK-3912,0,N/A,N/A,0.0,2.101497364117312,False,0.0,0.0,0.0,120.67609571238135,0.1508451196404767,Insufficient Energy for CPU+NET,N/A,N/A,N/A
1776,CPU_Intensive,Rejected,180.2398265123949,N/A,N/A,N/A,0.05702842815972129,0.0,0.0,0.0,STARLINK-3912,0,N/A,N/A,0.0,0.024361949468351952,False,0.0,0.0,0.0,120.67609571238135,0.1508451196404767,Insufficient Energy for CPU,N/A,N/A,N/A
1777,Generic_Service,Rejected,180.4256618290724,N/A,N/A,N/A,0.1596864452117527,0.0,0.0,0.0,STARLINK-3912,0,N/A,N/A,0.0,0.05702544099840551,False,0.0,0.0,0.0,120.67609571238135,0.1508451196404767,Insufficient Energy for CPU,N/A,N/A,N/A
1779,Generic_Service,Rejected,180.70360045274964,N/A,N/A,N/A,0.08512934971945688,0.0,0.0,0.0,STARLINK-3912,0,N/A,N/A,0.0,0.035631015459255476,False,0.0,0.0,0.0,120.67609571238135,0.1508451196404767,Insufficient Energy for CPU,N/A,N/A,N/A
1781,CPU_Intensive,Rejected,181.05400669232827,N/A,N/A,N/A,0.17699304758444626,0.0,0.0,0.0,STARLINK-3912,0,N/A,N/A,0.0,0.019108541176162293,False,0.0,0.0,0.0,120.67609571238135,0.1508451196404767,Insufficient Energy for CPU,N/A,N/A,N/A
1782,Generic_Service,Rejected,181.10185568319872,N/A,N/A,N/A,0.03386296789105835,0.0,0.0,0.0,STARLINK-3912,0,N/A,N/A,0.0,0.013719720812965013,False,0.0,0.0,0.0,120.67609571238135,0.1508451196404767,Insufficient Energy for CPU,N/A,N/A,N/A
1783,CPU_and_Data_Intensive,Rejected,181.1253536012853,N/A,N/A,N/A,0.12342107353112496,0.0,0.0,0.0,STARLINK-3912,0,N/A,N/A,0.0,18.32655277524169,False,0.0,0.0,0.0,120.67609571238135,0.1508451196404767,Insufficient Energy for CPU+NET,N/A,N/A,N/A
1784,CPU_Intensive,Rejected,181.33124077683942,N/A,N/A,N/A,0.138946215809099,0.0,0.0,0.0,STARLINK-3912,0,N/A,N/A,0.0,0.06254387598393732,False,0.0,0.0,0.0,120.67609571238135,0.1508451196404767,Insufficient Energy for CPU,N/A,N/A,N/A
1786,CPU_Intensive,Rejected,181.61730461645655,N/A,N/A,N/A,0.5701350138151056,0.0,0.0,0.0,STARLINK-3912,0,N/A,N/A,0.0,0.07136801612653373,False,0.0,0.0,0.0,120.67609571238135,0.1508451196404767,Insufficient Energy for CPU,N/A,N/A,N/A
1787,CPU_Intensive,Rejected,181.64845833802974,N/A,N/A,N/A,0.3042833062041289,0.0,0.0,0.0,STARLINK-3912,0,N/A,N/A,0.0,0.04411634486104748,False,0.0,0.0,0.0,120.67609571238135,0.1508451196404767,Insufficient Energy for CPU,N/A,N/A,N/A
1789,CPU_and_Data_Intensive,Rejected,181.83614563288157,N/A,N/A,N/A,1.0760267208928356,0.0,0.0,0.0,STARLINK-3912,0,N/A,N/A,0.0,1.5385440213384332,False,0.0,0.0,0.0,120.67609571238135,0.1508451196404767,Insufficient Energy for CPU+NET,N/A,N/A,N/A
1792,CPU_and_Data_Intensive,Rejected,182.20844194800023,N/A,N/A,N/A,0.362288080338737,0.0,0.0,0.0,STARLINK-3912,0,N/A,N/A,0.0,0.028012879599013177,False,0.0,0.0,0.0,120.67609571238135,0.1508451196404767,Insufficient Energy for CPU+NET,N/A,N/A,N/A
1794,CPU_Intensive,Rejected,182.50748234520398,N/A,N/A,N/A,0.8790780305728921,0.0,0.0,0.0,STARLINK-3912,0,N/A,N/A,0.0,0.0518903547165352,False,0.0,0.0,0.0,120.67609571238135,0.1508451196404767,Insufficient Energy for CPU,N/A,N/A,N/A
1795,CPU_Intensive,Rejected,182.82720077005598,N/A,N/A,N/A,0.3249394946740026,0.0,0.0,0.0,STARLINK-3912,0,N/A,N/A,0.0,0.03904215905214412,False,0.0,0.0,0.0,120.67609571238135,0.1508451196404767,Insufficient Energy for CPU,N/A,N/A,N/A
1796,CPU_Intensive,Rejected,182.9544936117963,N/A,N/A,N/A,0.0794215928202853,0.0,0.0,0.0,STARLINK-3912,0,N/A,N/A,0.0,0.08727361104281504,False,0.0,0.0,0.0,120.67609571238135,0.1508451196404767,Insufficient Energy for CPU,N/A,N/A,N/A
1797,CPU_Intensive,Rejected,183.02196813049568,N/A,N/A,N/A,0.6279041395340764,0.0,0.0,0.0,STARLINK-3912,0,N/A,N/A,0.0,0.05623263932132921,False,0.0,0.0,0.0,120.67609571238135,0.1508451196404767,Insufficient Energy for CPU,N/A,N/A,N/A
1799,CPU_Intensive,Rejected,183.1054676720411,N/A,N/A,N/A,0.028177128197763173,0.0,0.0,0.0,STARLINK-3912,0,N/A,N/A,0.0,0.0242834937402425,False,0.0,0.0,0.0,120.67609571238135,0.1508451196404767,Insufficient Energy for CPU,N/A,N/A,N/A
1801,CPU_Intensive,Rejected,183.38308622669632,N/A,N/A,N/A,0.0919955828595824,0.0,0.0,0.0,STARLINK-3912,0,N/A,N/A,0.0,0.03576167236544965,False,0.0,0.0,0.0,120.67609571238135,0.1508451196404767,Insufficient Energy for CPU,N/A,N/A,N/A
1802,CPU_and_Data_Intensive,Rejected,183.39290950719842,N/A,N/A,N/A,0.6269781444100943,0.0,0.0,0.0,STARLINK-3912,0,N/A,N/A,0.0,22.20793377825272,False,0.0,0.0,0.0,120.67609571238135,0.1508451196404767,Insufficient Energy for CPU+NET,N/A,N/A,N/A
1803,CPU_Intensive,Rejected,183.6589218908935,N/A,N/A,N/A,0.10632531096416982,0.0,0.0,0.0,STARLINK-3912,0,N/A,N/A,0.0,0.029373567010870252,False,0.0,0.0,0.0,120.67609571238135,0.1508451196404767,Insufficient Energy for CPU,N/A,N/A,N/A
1804,CPU_Intensive,Rejected,183.6894743850888,N/A,N/A,N/A,0.61742301524453,0.0,0.0,0.0,STARLINK-3912,0,N/A,N/A,0.0,0.057607251042237545,False,0.0,0.0,0.0,120.67609571238135,0.1508451196404767,Insufficient Energy for CPU,N/A,N/A,N/A
1805,CPU_Intensive,Rejected,183.72099191235472,N/A,N/A,N/A,1.568822032013459,0.0,0.0,0.0,STARLINK-3912,0,N/A,N/A,0.0,0.031003893937429028,False,0.0,0.0,0.0,120.67609571238135,0.1508451196404767,Insufficient Energy for CPU,N/A,N/A,N/A
1807,CPU_and_Data_Intensive,Rejected,183.92303831824537,N/A,N/A,N/A,0.08511180359939025,0.0,0.0,0.0,STARLINK-3912,0,N/A,N/A,0.0,10.092606606981201,False,0.0,0.0,0.0,120.67609571238135,0.1508451196404767,Insufficient Energy for CPU+NET,N/A,N/A,N/A
1808,CPU_Intensive,Rejected,184.06140909496278,N/A,N/A,N/A,1.1701275304315815,0.0,0.0,0.0,STARLINK-3912,0,N/A,N/A,0.0,0.05401799253180658,False,0.0,0.0,0.0,120.67609571238135,0.1508451196404767,Insufficient Energy for CPU,N/A,N/A,N/A
1809,Generic_Service,Rejected,184.51894749042222,N/A,N/A,N/A,0.04827522277943196,0.0,0.0,0.0,STARLINK-3912,0,N/A,N/A,0.0,0.0448485633146224,False,0.0,0.0,0.0,120.67609571238135,0.1508451196404767,Insufficient Energy for CPU,N/A,N/A,N/A
1810,CPU_Intensive,Rejected,184.53188888654765,N/A,N/A,N/A,0.5177847569833546,0.0,0.0,0.0,STARLINK-3912,0,N/A,N/A,0.0,0.048944077290041625,False,0.0,0.0,0.0,120.67609571238135,0.1508451196404767,Insufficient Energy for CPU,N/A,N/A,N/A
1811,Generic_Service,Rejected,184.64833084707664,N/A,N/A,N/A,0.07887875136793934,0.0,0.0,0.0,STARLINK-3912,0,N/A,N/A,0.0,0.030008920140624354,False,0.0,0.0,0.0,120.67609571238135,0.1508451196404767,Insufficient Energy for CPU,N/A,N/A,N/A
1812,CPU_Intensive,Rejected,184.71860963454748,N/A,N/A,N/A,0.18920228614702128,0.0,0.0,0.0,STARLINK-3912,0,N/A,N/A,0.0,0.06524717628985577,False,0.0,0.0,0.0,120.67609571238135,0.1508451196404767,Insufficient Energy for CPU,N/A,N/A,N/A
1815,CPU_and_Data_Intensive,Rejected,184.79314282776377,N/A,N/A,N/A,0.16506835248081894,0.0,0.0,0.0,STARLINK-3912,0,N/A,N/A,0.0,0.7741502556721285,False,0.0,0.0,0.0,120.67609571238135,0.1508451196404767,Insufficient Energy for CPU+NET,N/A,N/A,N/A
1816,CPU_Intensive,Rejected,184.79615308344412,N/A,N/A,N/A,1.6033735533220845,0.0,0.0,0.0,STARLINK-3912,0,N/A,N/A,0.0,0.025803632760379128,False,0.0,0.0,0.0,120.67609571238135,0.1508451196404767,Insufficient Energy for CPU,N/A,N/A,N/A
1817,CPU_and_Data_Intensive,Rejected,185.09655149394627,N/A,N/A,N/A,0.6308996539815757,0.0,0.0,0.0,STARLINK-3912,0,N/A,N/A,0.0,0.030993703918341508,False,0.0,0.0,0.0,120.67609571238135,0.1508451196404767,Insufficient Energy for CPU+NET,N/A,N/A,N/A
1818,CPU_Intensive,Rejected,185.12772782727123,N/A,N/A,N/A,0.03585585035648293,0.0,0.0,0.0,STARLINK-3912,0,N/A,N/A,0.0,0.01769288707698178,False,0.0,0.0,0.0,120.67609571238135,0.1508451196404767,Insufficient Energy for CPU,N/A,N/A,N/A
1819,CPU_Intensive,Rejected,185.29446847932962,N/A,N/A,N/A,0.31806352125871756,0.0,0.0,0.0,STARLINK-3912,0,N/A,N/A,0.0,0.07041041131360413,False,0.0,0.0,0.0,120.67609571238135,0.1508451196404767,Insufficient Energy for CPU,N/A,N/A,N/A
1820,CPU_and_Data_Intensive,Rejected,185.57100517739644,N/A,N/A,N/A,0.8546526868313673,0.0,0.0,0.0,STARLINK-3912,0,N/A,N/A,0.0,0.7520516865756004,False,0.0,0.0,0.0,120.67609571238135,0.1508451196404767,Insufficient Energy for CPU+NET,N/A,N/A,N/A
1821,Generic_Service,Rejected,185.62760836880094,N/A,N/A,N/A,0.03286070617222804,0.0,0.0,0.0,STARLINK-3912,0,N/A,N/A,0.0,0.06950427928938954,False,0.0,0.0,0.0,120.67609571238135,0.1508451196404767,Insufficient Energy for CPU,N/A,N/A,N/A
1822,CPU_Intensive,Rejected,185.85298480376514,N/A,N/A,N/A,0.5657898242831936,0.0,0.0,0.0,STARLINK-3912,0,N/A,N/A,0.0,0.015666783210312087,False,0.0,0.0,0.0,120.67609571238135,0.1508451196404767,Insufficient Energy for CPU,N/A,N/A,N/A
1823,CPU_and_Data_Intensive,Rejected,186.1883873558253,N/A,N/A,N/A,0.39727980901589915,0.0,0.0,0.0,STARLINK-3912,0,N/A,N/A,0.0,15.471973972115723,False,0.0,0.0,0.0,120.67609571238135,0.1508451196404767,Insufficient Energy for CPU+NET,N/A,N/A,N/A
1825,CPU_Intensive,Rejected,186.31741704956914,N/A,N/A,N/A,0.8850667504966543,0.0,0.0,0.0,STARLINK-3912,0,N/A,N/A,0.0,0.03756368846072796,False,0.0,0.0,0.0,120.67609571238135,0.1508451196404767,Insufficient Energy for CPU,N/A,N/A,N/A
1826,CPU_Intensive,Rejected,186.35421242858945,N/A,N/A,N/A,0.5697133172921227,0.0,0.0,0.0,STARLINK-3912,0,N/A,N/A,0.0,0.04561135115239292,False,0.0,0.0,0.0,120.67609571238135,0.1508451196404767,Insufficient Energy for CPU,N/A,N/A,N/A
1827,Generic_Service,Rejected,186.84561200355336,N/A,N/A,N/A,0.025220128344748207,0.0,0.0,0.0,STARLINK-3912,0,N/A,N/A,0.0,0.0255208045010027,False,0.0,0.0,0.0,120.67609571238135,0.1508451196404767,Insufficient Energy for CPU,N/A,N/A,N/A
1828,CPU_and_Data_Intensive,Rejected,186.86695101971256,N/A,N/A,N/A,0.9473289662097124,0.0,0.0,0.0,STARLINK-3912,0,N/A,N/A,0.0,1.3435497698366414,False,0.0,0.0,0.0,120.67609571238135,0.1508451196404767,Insufficient Energy for CPU+NET,N/A,N/A,N/A
1829,CPU_Intensive,Rejected,186.874942187597,N/A,N/A,N/A,0.6442235160275188,0.0,0.0,0.0,STARLINK-3912,0,N/A,N/A,0.0,0.04353284308217093,False,0.0,0.0,0.0,120.67609571238135,0.1508451196404767,Insufficient Energy for CPU,N/A,N/A,N/A
1830,Generic_Service,Rejected,186.87738501210194,N/A,N/A,N/A,0.11560555541828571,0.0,0.0,0.0,STARLINK-3912,0,N/A,N/A,0.0,0.06364941784051224,False,0.0,0.0,0.0,120.67609571238135,0.1508451196404767,Insufficient Energy for CPU,N/A,N/A,N/A
1831,CPU_and_Data_Intensive,Rejected,187.111853627989,N/A,N/A,N/A,0.3405101545408098,0.0,0.0,0.0,STARLINK-3912,0,N/A,N/A,0.0,1.3710778286180154,False,0.0,0.0,0.0,120.67609571238135,0.1508451196404767,Insufficient Energy for CPU+NET,N/A,N/A,N/A
1832,Generic_Service,Rejected,187.13430887492143,N/A,N/A,N/A,0.027530273051470985,0.0,0.0,0.0,STARLINK-3912,0,N/A,N/A,0.0,0.041674025964456206,False,0.0,0.0,0.0,120.67609571238135,0.1508451196404767,Insufficient Energy for CPU,N/A,N/A,N/A
1833,CPU_Intensive,Rejected,187.16461177149372,N/A,N/A,N/A,0.4753036826455161,0.0,0.0,0.0,STARLINK-3912,0,N/A,N/A,0.0,0.07753455122347006,False,0.0,0.0,0.0,120.67609571238135,0.1508451196404767,Insufficient Energy for CPU,N/A,N/A,N/A
1834,CPU_Intensive,Rejected,187.25542747931385,N/A,N/A,N/A,0.6941678468327744,0.0,0.0,0.0,STARLINK-3912,0,N/A,N/A,0.0,0.030508476945891087,False,0.0,0.0,0.0,120.67609571238135,0.1508451196404767,Insufficient Energy for CPU,N/A,N/A,N/A
1835,CPU_Intensive,Rejected,187.28820282915092,N/A,N/A,N/A,0.041923425266284876,0.0,0.0,0.0,STARLINK-3912,0,N/A,N/A,0.0,0.023914050810740484,False,0.0,0.0,0.0,120.67609571238135,0.1508451196404767,Insufficient Energy for CPU,N/A,N/A,N/A
1836,CPU_Intensive,Rejected,187.3254395110593,N/A,N/A,N/A,0.42690264071877954,0.0,0.0,0.0,STARLINK-3912,0,N/A,N/A,0.0,0.04107614721961042,False,0.0,0.0,0.0,120.67609571238135,0.1508451196404767,Insufficient Energy for CPU,N/A,N/A,N/A
1839,Generic_Service,Rejected,187.53847726072595,N/A,N/A,N/A,0.035073533746468204,0.0,0.0,0.0,STARLINK-3912,0,N/A,N/A,0.0,0.0793790677215056,False,0.0,0.0,0.0,120.67609571238135,0.1508451196404767,Insufficient Energy for CPU,N/A,N/A,N/A
1841,CPU_and_Data_Intensive,Rejected,187.9019976313929,N/A,N/A,N/A,1.0662850672994335,0.0,0.0,0.0,STARLINK-3912,0,N/A,N/A,0.0,1.3915286151638415,False,0.0,0.0,0.0,120.67609571238135,0.1508451196404767,Insufficient Energy for CPU+NET,N/A,N/A,N/A
1842,CPU_Intensive,Rejected,188.19128925561736,N/A,N/A,N/A,0.8951907976861291,0.0,0.0,0.0,STARLINK-3912,0,N/A,N/A,0.0,0.024972264914782407,False,0.0,0.0,0.0,120.67609571238135,0.1508451196404767,Insufficient Energy for CPU,N/A,N/A,N/A
1844,CPU_Intensive,Rejected,188.28023248757157,N/A,N/A,N/A,0.9276944918847029,0.0,0.0,0.0,STARLINK-3912,0,N/A,N/A,0.0,0.02850550058297728,False,0.0,0.0,0.0,120.67609571238135,0.1508451196404767,Insufficient Energy for CPU,N/A,N/A,N/A
1845,CPU_Intensive,Rejected,188.42581742454792,N/A,N/A,N/A,0.07904753886892793,0.0,0.0,0.0,STARLINK-3912,0,N/A,N/A,0.0,0.03967448509273573,False,0.0,0.0,0.0,120.67609571238135,0.1508451196404767,Insufficient Energy for CPU,N/A,N/A,N/A
1846,CPU_Intensive,Rejected,188.5604459730749,N/A,N/A,N/A,0.5839427198687432,0.0,0.0,0.0,STARLINK-3912,0,N/A,N/A,0.0,0.08685635152208339,False,0.0,0.0,0.0,120.67609571238135,0.1508451196404767,Insufficient Energy for CPU,N/A,N/A,N/A
1847,CPU_and_Data_Intensive,Rejected,188.58124396247956,N/A,N/A,N/A,0.43482859765758114,0.0,0.0,0.0,STARLINK-3912,0,N/A,N/A,0.0,0.8207775616730584,False,0.0,0.0,0.0,120.67609571238135,0.1508451196404767,Insufficient Energy for CPU+NET,N/A,N/A,N/A
1849,Generic_Service,Rejected,189.00688501821242,N/A,N/A,N/A,0.09578025109536563,0.0,0.0,0.0,STARLINK-3912,0,N/A,N/A,0.0,0.03792742651411713,False,0.0,0.0,0.0,120.67609571238135,0.1508451196404767,Insufficient Energy for CPU,N/A,N/A,N/A
1851,CPU_Intensive,Rejected,189.31182074813256,N/A,N/A,N/A,0.2506109233154955,0.0,0.0,0.0,STARLINK-3912,0,N/A,N/A,0.0,0.061258665564385084,False,0.0,0.0,0.0,120.67609571238135,0.1508451196404767,Insufficient Energy for CPU,N/A,N/A,N/A
1852,CPU_and_Data_Intensive,Rejected,189.33907756143697,N/A,N/A,N/A,1.3014354193541375,0.0,0.0,0.0,STARLINK-3912,0,N/A,N/A,0.0,22.529047493986408,False,0.0,0.0,0.0,120.67609571238135,0.1508451196404767,Insufficient Energy for CPU+NET,N/A,N/A,N/A
1854,Generic_Service,Rejected,189.4744927073842,N/A,N/A,N/A,0.12949493574766827,0.0,0.0,0.0,STARLINK-3912,0,N/A,N/A,0.0,0.08064248927024768,False,0.0,0.0,0.0,120.67609571238135,0.1508451196404767,Insufficient Energy for CPU,N/A,N/A,N/A
1855,CPU_Intensive,Rejected,189.67973493234942,N/A,N/A,N/A,0.8297120269085203,0.0,0.0,0.0,STARLINK-3912,0,N/A,N/A,0.0,0.0562211411077791,False,0.0,0.0,0.0,120.67609571238135,0.1508451196404767,Insufficient Energy for CPU,N/A,N/A,N/A
1857,CPU_and_Data_Intensive,Rejected,189.76381551623007,N/A,N/A,N/A,0.32391779661242115,0.0,0.0,0.0,STARLINK-3912,0,N/A,N/A,0.0,21.77021604929454,False,0.0,0.0,0.0,120.67609571238135,0.1508451196404767,Insufficient Energy for CPU+NET,N/A,N/A,N/A
1859,CPU_Intensive,Rejected,189.94484320597326,N/A,N/A,N/A,0.05485564924912129,0.0,0.0,0.0,STARLINK-3912,0,N/A,N/A,0.0,0.02854224140051652,False,0.0,0.0,0.0,120.67609571238135,0.1508451196404767,Insufficient Energy for CPU,N/A,N/A,N/A
1858,CPU_and_Data_Intensive,Rejected,189.92545075730848,N/A,N/A,N/A,0.45518757926516534,0.0,0.0,0.0,STARLINK-3912,0,N/A,N/A,0.0,155.04821704624766,False,0.0,0.0,0.0,120.67609571238135,0.1508451196404767,Insufficient Energy for CPU+NET,N/A,N/A,N/A
1860,Generic_Service,Rejected,190.04909984167003,N/A,N/A,N/A,0.09097217684806995,0.0,0.0,0.0,STARLINK-3912,0,N/A,N/A,0.0,0.024045978172474447,False,0.0,0.0,0.0,120.67609571238135,0.1508451196404767,Insufficient Energy for CPU,N/A,N/A,N/A
1861,CPU_Intensive,Rejected,190.19013894277484,N/A,N/A,N/A,0.15740466412522214,0.0,0.0,0.0,STARLINK-3912,0,N/A,N/A,0.0,0.07883066399469948,False,0.0,0.0,0.0,120.67609571238135,0.1508451196404767,Insufficient Energy for CPU,N/A,N/A,N/A
1862,Generic_Service,Rejected,190.20762275924596,N/A,N/A,N/A,0.07369955350830294,0.0,0.0,0.0,STARLINK-3912,0,N/A,N/A,0.0,0.0207792364882153,False,0.0,0.0,0.0,120.67609571238135,0.1508451196404767,Insufficient Energy for CPU,N/A,N/A,N/A
1864,CPU_and_Data_Intensive,Rejected,190.28545091918963,N/A,N/A,N/A,0.4574409280469336,0.0,0.0,0.0,STARLINK-3912,0,N/A,N/A,0.0,20.013033323859712,False,0.0,0.0,0.0,120.67609571238135,0.1508451196404767,Insufficient Energy for CPU+NET,N/A,N/A,N/A
1865,Generic_Service,Rejected,190.33597614547932,N/A,N/A,N/A,0.07597151436638941,0.0,0.0,0.0,STARLINK-3912,0,N/A,N/A,0.0,0.013831772505881579,False,0.0,0.0,0.0,120.67609571238135,0.1508451196404767,Insufficient Energy for CPU,N/A,N/A,N/A
1866,CPU_and_Data_Intensive,Rejected,190.50598013204996,N/A,N/A,N/A,0.3259220723347718,0.0,0.0,0.0,STARLINK-3912,0,N/A,N/A,0.0,1.5539323597358436,False,0.0,0.0,0.0,120.67609571238135,0.1508451196404767,Insufficient Energy for CPU+NET,N/A,N/A,N/A
1867,CPU_and_Data_Intensive,Rejected,190.53289806900654,N/A,N/A,N/A,0.16023345353380156,0.0,0.0,0.0,STARLINK-3912,0,N/A,N/A,0.0,0.07385106311753555,False,0.0,0.0,0.0,120.67609571238135,0.1508451196404767,Insufficient Energy for CPU+NET,N/A,N/A,N/A
1868,CPU_Intensive,Rejected,190.58947609685166,N/A,N/A,N/A,0.9450178884254588,0.0,0.0,0.0,STARLINK-3912,0,N/A,N/A,0.0,0.03672230099331008,False,0.0,0.0,0.0,120.67609571238135,0.1508451196404767,Insufficient Energy for CPU,N/A,N/A,N/A
1869,CPU_Intensive,Rejected,190.66640800777705,N/A,N/A,N/A,0.5681717327120949,0.0,0.0,0.0,STARLINK-3912,0,N/A,N/A,0.0,0.07001896499264723,False,0.0,0.0,0.0,120.67609571238135,0.1508451196404767,Insufficient Energy for CPU,N/A,N/A,N/A
1871,CPU_and_Data_Intensive,Rejected,190.7807964918367,N/A,N/A,N/A,0.11474693802083077,0.0,0.0,0.0,STARLINK-3912,0,N/A,N/A,0.0,11.50152282723381,False,0.0,0.0,0.0,120.67609571238135,0.1508451196404767,Insufficient Energy for CPU+NET,N/A,N/A,N/A
1874,Generic_Service,Rejected,190.97686802659842,N/A,N/A,N/A,0.08452396936635798,0.0,0.0,0.0,STARLINK-3912,0,N/A,N/A,0.0,0.0668565550679848,False,0.0,0.0,0.0,120.67609571238135,0.1508451196404767,Insufficient Energy for CPU,N/A,N/A,N/A
1876,Generic_Service,Rejected,191.16410184863085,N/A,N/A,N/A,0.030518276883620243,0.0,0.0,0.0,STARLINK-3912,0,N/A,N/A,0.0,0.06996348849786889,False,0.0,0.0,0.0,120.67609571238135,0.1508451196404767,Insufficient Energy for CPU,N/A,N/A,N/A
1875,CPU_and_Data_Intensive,Rejected,191.11896704115838,N/A,N/A,N/A,1.0014634428260814,0.0,0.0,0.0,STARLINK-3912,0,N/A,N/A,0.0,362.7858070684119,False,0.0,0.0,0.0,120.67609571238135,0.1508451196404767,Insufficient Energy for CPU+NET,N/A,N/A,N/A
1877,CPU_and_Data_Intensive,Rejected,191.2073712787751,N/A,N/A,N/A,0.5880242428127208,0.0,0.0,0.0,STARLINK-3912,0,N/A,N/A,0.0,164.87102735762215,False,0.0,0.0,0.0,120.67609571238135,0.1508451196404767,Insufficient Energy for CPU+NET,N/A,N/A,N/A
1880,CPU_and_Data_Intensive,Rejected,191.46075771684627,N/A,N/A,N/A,0.30377775319465483,0.0,0.0,0.0,STARLINK-3912,0,N/A,N/A,0.0,15.44468116953609,False,0.0,0.0,0.0,120.67609571238135,0.1508451196404767,Insufficient Energy for CPU+NET,N/A,N/A,N/A
1882,CPU_Intensive,Rejected,191.5877932030417,N/A,N/A,N/A,0.12850519648187148,0.0,0.0,0.0,STARLINK-3912,0,N/A,N/A,0.0,0.035687053059506785,False,0.0,0.0,0.0,120.67609571238135,0.1508451196404767,Insufficient Energy for CPU,N/A,N/A,N/A
1883,CPU_and_Data_Intensive,Rejected,191.6428076307823,N/A,N/A,N/A,0.8090767655999916,0.0,0.0,0.0,STARLINK-3912,0,N/A,N/A,0.0,0.8639644263834039,False,0.0,0.0,0.0,120.67609571238135,0.1508451196404767,Insufficient Energy for CPU+NET,N/A,N/A,N/A
1884,CPU_and_Data_Intensive,Rejected,191.83543930783512,N/A,N/A,N/A,0.1282541764288096,0.0,0.0,0.0,STARLINK-3912,0,N/A,N/A,0.0,17.97163329132192,False,0.0,0.0,0.0,120.67609571238135,0.1508451196404767,Insufficient Energy for CPU+NET,N/A,N/A,N/A
1885,Generic_Service,Rejected,191.87646050180865,N/A,N/A,N/A,0.030009601902228,0.0,0.0,0.0,STARLINK-3912,0,N/A,N/A,0.0,0.023707802603178584,False,0.0,0.0,0.0,120.67609571238135,0.1508451196404767,Insufficient Energy for CPU,N/A,N/A,N/A
1886,CPU_Intensive,Rejected,191.93580032302867,N/A,N/A,N/A,0.29014909565186286,0.0,0.0,0.0,STARLINK-3912,0,N/A,N/A,0.0,0.05695796161002221,False,0.0,0.0,0.0,120.67609571238135,0.1508451196404767,Insufficient Energy for CPU,N/A,N/A,N/A
1887,CPU_Intensive,Rejected,192.1672395264105,N/A,N/A,N/A,0.578613646219959,0.0,0.0,0.0,STARLINK-3912,0,N/A,N/A,0.0,0.03291892532523704,False,0.0,0.0,0.0,120.67609571238135,0.1508451196404767,Insufficient Energy for CPU,N/A,N/A,N/A
1888,Generic_Service,Rejected,192.19689038668295,N/A,N/A,N/A,0.05989709496011021,0.0,0.0,0.0,STARLINK-3912,0,N/A,N/A,0.0,0.018703121607724575,False,0.0,0.0,0.0,120.67609571238135,0.1508451196404767,Insufficient Energy for CPU,N/A,N/A,N/A
1889,Generic_Service,Rejected,192.20024543780272,N/A,N/A,N/A,0.1208104259619196,0.0,0.0,0.0,STARLINK-3912,0,N/A,N/A,0.0,0.046437695975247585,False,0.0,0.0,0.0,120.67609571238135,0.1508451196404767,Insufficient Energy for CPU,N/A,N/A,N/A
1890,Generic_Service,Rejected,192.2340138165509,N/A,N/A,N/A,0.051597852696290886,0.0,0.0,0.0,STARLINK-3912,0,N/A,N/A,0.0,0.012170240797815732,False,0.0,0.0,0.0,120.67609571238135,0.1508451196404767,Insufficient Energy for CPU,N/A,N/A,N/A
1891,CPU_Intensive,Rejected,192.34122009009582,N/A,N/A,N/A,0.15221941383686313,0.0,0.0,0.0,STARLINK-3912,0,N/A,N/A,0.0,0.017261028366245258,False,0.0,0.0,0.0,120.67609571238135,0.1508451196404767,Insufficient Energy for CPU,N/A,N/A,N/A
1892,CPU_and_Data_Intensive,Rejected,192.5688470888732,N/A,N/A,N/A,1.1184483138207257,0.0,0.0,0.0,STARLINK-3912,0,N/A,N/A,0.0,1.3749518202846946,False,0.0,0.0,0.0,120.67609571238135,0.1508451196404767,Insufficient Energy for CPU+NET,N/A,N/A,N/A
1893,CPU_Intensive,Rejected,192.89739701389195,N/A,N/A,N/A,0.3685162884396911,0.0,0.0,0.0,STARLINK-3912,0,N/A,N/A,0.0,0.06453879625550354,False,0.0,0.0,0.0,120.67609571238135,0.1508451196404767,Insufficient Energy for CPU,N/A,N/A,N/A
1895,Generic_Service,Rejected,192.93451200018453,N/A,N/A,N/A,0.07619953081860573,0.0,0.0,0.0,STARLINK-3912,0,N/A,N/A,0.0,0.052308409775155516,False,0.0,0.0,0.0,120.67609571238135,0.1508451196404767,Insufficient Energy for CPU,N/A,N/A,N/A
1896,CPU_and_Data_Intensive,Rejected,192.98992426537586,N/A,N/A,N/A,0.12598661704719583,0.0,0.0,0.0,STARLINK-3912,0,N/A,N/A,0.0,1.5402781881430514,False,0.0,0.0,0.0,120.67609571238135,0.1508451196404767,Insufficient Energy for CPU+NET,N/A,N/A,N/A
1897,CPU_Intensive,Rejected,193.06075525003752,N/A,N/A,N/A,0.26731745890166725,0.0,0.0,0.0,STARLINK-3912,0,N/A,N/A,0.0,0.06559717980828778,False,0.0,0.0,0.0,120.67609571238135,0.1508451196404767,Insufficient Energy for CPU,N/A,N/A,N/A
1898,CPU_Intensive,Rejected,193.1379104058035,N/A,N/A,N/A,0.4917572300715589,0.0,0.0,0.0,STARLINK-3912,0,N/A,N/A,0.0,0.03295886806179364,False,0.0,0.0,0.0,120.67609571238135,0.1508451196404767,Insufficient Energy for CPU,N/A,N/A,N/A
1899,CPU_Intensive,Rejected,193.23277974423806,N/A,N/A,N/A,0.3029924772371239,0.0,0.0,0.0,STARLINK-3912,0,N/A,N/A,0.0,0.03751562678307633,False,0.0,0.0,0.0,120.67609571238135,0.1508451196404767,Insufficient Energy for CPU,N/A,N/A,N/A
1900,CPU_and_Data_Intensive,Rejected,193.27613082981466,N/A,N/A,N/A,1.6454346084474212,0.0,0.0,0.0,STARLINK-3912,0,N/A,N/A,0.0,1.1348815119463402,False,0.0,0.0,0.0,120.67609571238135,0.1508451196404767,Insufficient Energy for CPU+NET,N/A,N/A,N/A
1901,CPU_Intensive,Rejected,193.30283057158,N/A,N/A,N/A,0.5103783236056048,0.0,0.0,0.0,STARLINK-3912,0,N/A,N/A,0.0,0.02571246228546431,False,0.0,0.0,0.0,120.67609571238135,0.1508451196404767,Insufficient Energy for CPU,N/A,N/A,N/A
1902,CPU_and_Data_Intensive,Rejected,193.30575729496485,N/A,N/A,N/A,0.49105199513190023,0.0,0.0,0.0,STARLINK-3912,0,N/A,N/A,0.0,165.6654189622834,False,0.0,0.0,0.0,120.67609571238135,0.1508451196404767,Insufficient Energy for CPU+NET,N/A,N/A,N/A
1903,Generic_Service,Rejected,193.37651560166168,N/A,N/A,N/A,0.08192162322809653,0.0,0.0,0.0,STARLINK-3912,0,N/A,N/A,0.0,0.04049604693577387,False,0.0,0.0,0.0,120.67609571238135,0.1508451196404767,Insufficient Energy for CPU,N/A,N/A,N/A
1904,Generic_Service,Rejected,193.3842482994115,N/A,N/A,N/A,0.058902027845169395,0.0,0.0,0.0,STARLINK-3912,0,N/A,N/A,0.0,0.01262445029575982,False,0.0,0.0,0.0,120.67609571238135,0.1508451196404767,Insufficient Energy for CPU,N/A,N/A,N/A
1905,CPU_Intensive,Rejected,193.40773128948572,N/A,N/A,N/A,0.19617185422133848,0.0,0.0,0.0,STARLINK-3912,0,N/A,N/A,0.0,0.07882012910502173,False,0.0,0.0,0.0,120.67609571238135,0.1508451196404767,Insufficient Energy for CPU,N/A,N/A,N/A
1910,CPU_and_Data_Intensive,Rejected,193.83345526989083,N/A,N/A,N/A,0.34118576527204997,0.0,0.0,0.0,STARLINK-3912,0,N/A,N/A,0.0,24.18459014580848,False,0.0,0.0,0.0,120.67609571238135,0.1508451196404767,Insufficient Energy for CPU+NET,N/A,N/A,N/A
1911,CPU_and_Data_Intensive,Rejected,193.94673434167527,N/A,N/A,N/A,0.44174835919647093,0.0,0.0,0.0,STARLINK-3912,0,N/A,N/A,0.0,14.839501152328381,False,0.0,0.0,0.0,120.67609571238135,0.1508451196404767,Insufficient Energy for CPU+NET,N/A,N/A,N/A
1912,CPU_Intensive,Rejected,193.95708948933344,N/A,N/A,N/A,0.5268711513959954,0.0,0.0,0.0,STARLINK-3912,0,N/A,N/A,0.0,0.03294238554645172,False,0.0,0.0,0.0,120.67609571238135,0.1508451196404767,Insufficient Energy for CPU,N/A,N/A,N/A
1913,CPU_and_Data_Intensive,Rejected,194.10159264809812,N/A,N/A,N/A,0.15606835971762448,0.0,0.0,0.0,STARLINK-3912,0,N/A,N/A,0.0,22.42402018018601,False,0.0,0.0,0.0,120.67609571238135,0.1508451196404767,Insufficient Energy for CPU+NET,N/A,N/A,N/A
1914,CPU_and_Data_Intensive,Rejected,194.1211200920047,N/A,N/A,N/A,1.0860264727626352,0.0,0.0,0.0,STARLINK-3912,0,N/A,N/A,0.0,11.560013662342616,False,0.0,0.0,0.0,120.67609571238135,0.1508451196404767,Insufficient Energy for CPU+NET,N/A,N/A,N/A
1916,CPU_Intensive,Rejected,194.20667547183064,N/A,N/A,N/A,0.23127862511088784,0.0,0.0,0.0,STARLINK-3912,0,N/A,N/A,0.0,0.045531754707740804,False,0.0,0.0,0.0,120.67609571238135,0.1508451196404767,Insufficient Energy for CPU,N/A,N/A,N/A
1917,CPU_and_Data_Intensive,Rejected,194.32989517130858,N/A,N/A,N/A,0.49629924904607164,0.0,0.0,0.0,STARLINK-3912,0,N/A,N/A,0.0,8.193127289493106,False,0.0,0.0,0.0,120.67609571238135,0.1508451196404767,Insufficient Energy for CPU+NET,N/A,N/A,N/A
1919,CPU_and_Data_Intensive,Rejected,194.37845143160757,N/A,N/A,N/A,0.22552226821534632,0.0,0.0,0.0,STARLINK-3912,0,N/A,N/A,0.0,4.69269850806657,False,0.0,0.0,0.0,120.67609571238135,0.1508451196404767,Insufficient Energy for CPU+NET,N/A,N/A,N/A
1921,CPU_and_Data_Intensive,Rejected,194.515438512434,N/A,N/A,N/A,0.48396119690665534,0.0,0.0,0.0,STARLINK-3912,0,N/A,N/A,0.0,1.0290725712085287,False,0.0,0.0,0.0,120.67609571238135,0.1508451196404767,Insufficient Energy for CPU+NET,N/A,N/A,N/A
1922,CPU_and_Data_Intensive,Rejected,194.55560644070616,N/A,N/A,N/A,0.7325090837381689,0.0,0.0,0.0,STARLINK-3912,0,N/A,N/A,0.0,1.2184493132837,False,0.0,0.0,0.0,120.67609571238135,0.1508451196404767,Insufficient Energy for CPU+NET,N/A,N/A,N/A
1920,CPU_and_Data_Intensive,Rejected,194.5052972352015,N/A,N/A,N/A,0.9047750991835971,0.0,0.0,0.0,STARLINK-3912,0,N/A,N/A,0.0,306.82429916452304,False,0.0,0.0,0.0,120.67609571238135,0.1508451196404767,Insufficient Energy for CPU+NET,N/A,N/A,N/A
1923,Generic_Service,Rejected,194.7768393556268,N/A,N/A,N/A,0.061393204992309186,0.0,0.0,0.0,STARLINK-3912,0,N/A,N/A,0.0,0.07820936188665194,False,0.0,0.0,0.0,120.67609571238135,0.1508451196404767,Insufficient Energy for CPU,N/A,N/A,N/A
1924,CPU_and_Data_Intensive,Rejected,194.8550042782154,N/A,N/A,N/A,1.6692763286412498,0.0,0.0,0.0,STARLINK-3912,0,N/A,N/A,0.0,20.43265449153771,False,0.0,0.0,0.0,120.67609571238135,0.1508451196404767,Insufficient Energy for CPU+NET,N/A,N/A,N/A
1925,Generic_Service,Rejected,194.89941635721257,N/A,N/A,N/A,0.0790834279305466,0.0,0.0,0.0,STARLINK-3912,0,N/A,N/A,0.0,0.03658426209120904,False,0.0,0.0,0.0,120.67609571238135,0.1508451196404767,Insufficient Energy for CPU,N/A,N/A,N/A
1926,CPU_and_Data_Intensive,Rejected,195.4360253093867,N/A,N/A,N/A,0.07549205440691455,0.0,0.0,0.0,STARLINK-3912,0,N/A,N/A,0.0,12.855529297003478,False,0.0,0.0,0.0,120.67609571238135,0.1508451196404767,Insufficient Energy for CPU+NET,N/A,N/A,N/A
1927,CPU_and_Data_Intensive,Rejected,195.52632396503864,N/A,N/A,N/A,0.061079551823713864,0.0,0.0,0.0,STARLINK-3912,0,N/A,N/A,0.0,1.1392145143572008,False,0.0,0.0,0.0,120.67609571238135,0.1508451196404767,Insufficient Energy for CPU+NET,N/A,N/A,N/A
1929,CPU_and_Data_Intensive,Rejected,195.76155892158494,N/A,N/A,N/A,1.5473847581521218,0.0,0.0,0.0,STARLINK-3912,0,N/A,N/A,0.0,0.17056948064460434,False,0.0,0.0,0.0,120.67609571238135,0.1508451196404767,Insufficient Energy for CPU+NET,N/A,N/A,N/A
1930,CPU_Intensive,Rejected,195.77439924019387,N/A,N/A,N/A,0.5886137108521159,0.0,0.0,0.0,STARLINK-3912,0,N/A,N/A,0.0,0.06646750106242834,False,0.0,0.0,0.0,120.67609571238135,0.1508451196404767,Insufficient Energy for CPU,N/A,N/A,N/A
1931,CPU_and_Data_Intensive,Rejected,195.8352001386814,N/A,N/A,N/A,0.11876579713580694,0.0,0.0,0.0,STARLINK-3912,0,N/A,N/A,0.0,1.3146714219863884,False,0.0,0.0,0.0,120.67609571238135,0.1508451196404767,Insufficient Energy for CPU+NET,N/A,N/A,N/A
1933,CPU_Intensive,Rejected,195.96320635712527,N/A,N/A,N/A,0.1866084783811036,0.0,0.0,0.0,STARLINK-3912,0,N/A,N/A,0.0,0.07145538739799324,False,0.0,0.0,0.0,120.67609571238135,0.1508451196404767,Insufficient Energy for CPU,N/A,N/A,N/A
1934,Generic_Service,Rejected,196.00062304939618,N/A,N/A,N/A,0.053282030446416356,0.0,0.0,0.0,STARLINK-3912,0,N/A,N/A,0.0,0.05686185104011898,False,0.0,0.0,0.0,120.67609571238135,0.1508451196404767,Insufficient Energy for CPU,N/A,N/A,N/A
1935,CPU_and_Data_Intensive,Rejected,196.04561699065317,N/A,N/A,N/A,0.043467373367578964,0.0,0.0,0.0,STARLINK-3912,0,N/A,N/A,0.0,1.2037249068439326,False,0.0,0.0,0.0,120.67609571238135,0.1508451196404767,Insufficient Energy for CPU+NET,N/A,N/A,N/A
1936,CPU_and_Data_Intensive,Rejected,196.22924613145156,N/A,N/A,N/A,0.5184015693228059,0.0,0.0,0.0,STARLINK-3912,0,N/A,N/A,0.0,0.5802817989497402,False,0.0,0.0,0.0,120.67609571238135,0.1508451196404767,Insufficient Energy for CPU+NET,N/A,N/A,N/A
1937,Generic_Service,Rejected,196.23636026120025,N/A,N/A,N/A,0.04214777466181349,0.0,0.0,0.0,STARLINK-3912,0,N/A,N/A,0.0,0.02570742696183729,False,0.0,0.0,0.0,120.67609571238135,0.1508451196404767,Insufficient Energy for CPU,N/A,N/A,N/A
1938,Generic_Service,Rejected,196.37864921334295,N/A,N/A,N/A,0.1364156607063893,0.0,0.0,0.0,STARLINK-3912,0,N/A,N/A,0.0,0.016755299033411192,False,0.0,0.0,0.0,120.67609571238135,0.1508451196404767,Insufficient Energy for CPU,N/A,N/A,N/A
1939,CPU_and_Data_Intensive,Rejected,196.4160844250042,N/A,N/A,N/A,0.4235484644071493,0.0,0.0,0.0,STARLINK-3912,0,N/A,N/A,0.0,1.017209783491632,False,0.0,0.0,0.0,120.67609571238135,0.1508451196404767,Insufficient Energy for CPU+NET,N/A,N/A,N/A
1940,CPU_Intensive,Rejected,196.4180861022118,N/A,N/A,N/A,1.7883312916947356,0.0,0.0,0.0,STARLINK-3912,0,N/A,N/A,0.0,0.05764697847507469,False,0.0,0.0,0.0,120.67609571238135,0.1508451196404767,Insufficient Energy for CPU,N/A,N/A,N/A
1941,CPU_and_Data_Intensive,Rejected,196.51927126748515,N/A,N/A,N/A,0.3527681500974855,0.0,0.0,0.0,STARLINK-3912,0,N/A,N/A,0.0,0.5289332254124324,False,0.0,0.0,0.0,120.67609571238135,0.1508451196404767,Insufficient Energy for CPU+NET,N/A,N/A,N/A
1942,CPU_Intensive,Rejected,196.52584379848048,N/A,N/A,N/A,0.4034434481907225,0.0,0.0,0.0,STARLINK-3912,0,N/A,N/A,0.0,0.07227428713092066,False,0.0,0.0,0.0,120.67609571238135,0.1508451196404767,Insufficient Energy for CPU,N/A,N/A,N/A
1946,Generic_Service,Rejected,196.79013160568238,N/A,N/A,N/A,0.049093893245727355,0.0,0.0,0.0,STARLINK-3912,0,N/A,N/A,0.0,0.012329405334884195,False,0.0,0.0,0.0,120.67609571238135,0.1508451196404767,Insufficient Energy for CPU,N/A,N/A,N/A
1945,CPU_and_Data_Intensive,Rejected,196.785672920382,N/A,N/A,N/A,0.799480058399861,0.0,0.0,0.0,STARLINK-3912,0,N/A,N/A,0.0,20.988835445078227,False,0.0,0.0,0.0,120.67609571238135,0.1508451196404767,Insufficient Energy for CPU+NET,N/A,N/A,N/A
1949,CPU_Intensive,Rejected,196.94557713536756,N/A,N/A,N/A,0.17383820694444976,0.0,0.0,0.0,STARLINK-3912,0,N/A,N/A,0.0,0.012038116799583299,False,0.0,0.0,0.0,120.67609571238135,0.1508451196404767,Insufficient Energy for CPU,N/A,N/A,N/A
1950,CPU_Intensive,Rejected,197.03641252651315,N/A,N/A,N/A,0.1732145017140215,0.0,0.0,0.0,STARLINK-3912,0,N/A,N/A,0.0,0.04595144414326571,False,0.0,0.0,0.0,120.67609571238135,0.1508451196404767,Insufficient Energy for CPU,N/A,N/A,N/A
1951,Generic_Service,Rejected,197.24648954217423,N/A,N/A,N/A,0.03155236861952331,0.0,0.0,0.0,STARLINK-3912,0,N/A,N/A,0.0,0.017505662015257998,False,0.0,0.0,0.0,120.67609571238135,0.1508451196404767,Insufficient Energy for CPU,N/A,N/A,N/A
1953,CPU_Intensive,Rejected,197.4212984666616,N/A,N/A,N/A,0.5272014374137712,0.0,0.0,0.0,STARLINK-3912,0,N/A,N/A,0.0,0.060606543851229086,False,0.0,0.0,0.0,120.67609571238135,0.1508451196404767,Insufficient Energy for CPU,N/A,N/A,N/A
1954,CPU_and_Data_Intensive,Rejected,197.42301116836114,N/A,N/A,N/A,0.3822773429278142,0.0,0.0,0.0,STARLINK-3912,0,N/A,N/A,0.0,0.8924488477291133,False,0.0,0.0,0.0,120.67609571238135,0.1508451196404767,Insufficient Energy for CPU+NET,N/A,N/A,N/A
1955,CPU_and_Data_Intensive,Rejected,197.46386411192435,N/A,N/A,N/A,0.7077832572467122,0.0,0.0,0.0,STARLINK-3912,0,N/A,N/A,0.0,12.122561626072645,False,0.0,0.0,0.0,120.67609571238135,0.1508451196404767,Insufficient Energy for CPU+NET,N/A,N/A,N/A
1956,CPU_and_Data_Intensive,Rejected,197.48486217224675,N/A,N/A,N/A,0.4150993135210478,0.0,0.0,0.0,STARLINK-3912,0,N/A,N/A,0.0,2.1098146788678114,False,0.0,0.0,0.0,120.67609571238135,0.1508451196404767,Insufficient Energy for CPU+NET,N/A,N/A,N/A
1960,CPU_and_Data_Intensive,Rejected,197.82668715048646,N/A,N/A,N/A,1.2934997234939258,0.0,0.0,0.0,STARLINK-3912,0,N/A,N/A,0.0,1.2769680711735767,False,0.0,0.0,0.0,120.67609571238135,0.1508451196404767,Insufficient Energy for CPU+NET,N/A,N/A,N/A
1964,Generic_Service,Rejected,197.96425922746062,N/A,N/A,N/A,0.03975580929294525,0.0,0.0,0.0,STARLINK-3912,0,N/A,N/A,0.0,0.047292982956652865,False,0.0,0.0,0.0,120.67609571238135,0.1508451196404767,Insufficient Energy for CPU,N/A,N/A,N/A
1963,CPU_and_Data_Intensive,Rejected,197.96368837210773,N/A,N/A,N/A,0.5292404512870497,0.0,0.0,0.0,STARLINK-3912,0,N/A,N/A,0.0,14.830845564234536,False,0.0,0.0,0.0,120.67609571238135,0.1508451196404767,Insufficient Energy for CPU+NET,N/A,N/A,N/A
1965,Generic_Service,Rejected,197.98984843777032,N/A,N/A,N/A,0.16591135345504437,0.0,0.0,0.0,STARLINK-3912,0,N/A,N/A,0.0,0.07425301095816854,False,0.0,0.0,0.0,120.67609571238135,0.1508451196404767,Insufficient Energy for CPU,N/A,N/A,N/A
1966,CPU_and_Data_Intensive,Rejected,198.1616903386731,N/A,N/A,N/A,0.44036163699107217,0.0,0.0,0.0,STARLINK-3912,0,N/A,N/A,0.0,0.47962891835669635,False,0.0,0.0,0.0,120.67609571238135,0.1508451196404767,Insufficient Energy for CPU+NET,N/A,N/A,N/A
1967,CPU_and_Data_Intensive,Rejected,198.2279715830715,N/A,N/A,N/A,1.6378737046661365,0.0,0.0,0.0,STARLINK-3912,0,N/A,N/A,0.0,1.266791557269274,False,0.0,0.0,0.0,120.67609571238135,0.1508451196404767,Insufficient Energy for CPU+NET,N/A,N/A,N/A
1968,CPU_Intensive,Rejected,198.25475250915758,N/A,N/A,N/A,0.7851170878563883,0.0,0.0,0.0,STARLINK-3912,0,N/A,N/A,0.0,0.07097904665584366,False,0.0,0.0,0.0,120.67609571238135,0.1508451196404767,Insufficient Energy for CPU,N/A,N/A,N/A
1970,CPU_Intensive,Rejected,198.37690388137514,N/A,N/A,N/A,0.4977690248960701,0.0,0.0,0.0,STARLINK-3912,0,N/A,N/A,0.0,0.017545174768399042,False,0.0,0.0,0.0,120.67609571238135,0.1508451196404767,Insufficient Energy for CPU,N/A,N/A,N/A
1972,CPU_Intensive,Rejected,198.7084492050459,N/A,N/A,N/A,0.41762874117020443,0.0,0.0,0.0,STARLINK-3912,0,N/A,N/A,0.0,0.08238604968333584,False,0.0,0.0,0.0,120.67609571238135,0.1508451196404767,Insufficient Energy for CPU,N/A,N/A,N/A
1974,Generic_Service,Rejected,198.75320975033017,N/A,N/A,N/A,0.02503117013347474,0.0,0.0,0.0,STARLINK-3912,0,N/A,N/A,0.0,0.045296513129951185,False,0.0,0.0,0.0,120.67609571238135,0.1508451196404767,Insufficient Energy for CPU,N/A,N/A,N/A
1976,CPU_and_Data_Intensive,Rejected,198.9226661839298,N/A,N/A,N/A,0.33887167019943204,0.0,0.0,0.0,STARLINK-3912,0,N/A,N/A,0.0,0.2747552427848681,False,0.0,0.0,0.0,120.67609571238135,0.1508451196404767,Insufficient Energy for CPU+NET,N/A,N/A,N/A
1977,CPU_Intensive,Rejected,198.98869152978307,N/A,N/A,N/A,0.6045995614801444,0.0,0.0,0.0,STARLINK-3912,0,N/A,N/A,0.0,0.034782995392368156,False,0.0,0.0,0.0,120.67609571238135,0.1508451196404767,Insufficient Energy for CPU,N/A,N/A,N/A
1979,CPU_Intensive,Rejected,199.0693224181423,N/A,N/A,N/A,0.5878057243445163,0.0,0.0,0.0,STARLINK-3912,0,N/A,N/A,0.0,0.039615230350788976,False,0.0,0.0,0.0,120.67609571238135,0.1508451196404767,Insufficient Energy for CPU,N/A,N/A,N/A
1980,CPU_and_Data_Intensive,Rejected,199.09894276671236,N/A,N/A,N/A,0.05597770133875595,0.0,0.0,0.0,STARLINK-3912,0,N/A,N/A,0.0,0.20426998458884418,False,0.0,0.0,0.0,120.67609571238135,0.1508451196404767,Insufficient Energy for CPU+NET,N/A,N/A,N/A
1982,CPU_and_Data_Intensive,Rejected,199.27292714892985,N/A,N/A,N/A,0.5661542569654677,0.0,0.0,0.0,STARLINK-3912,0,N/A,N/A,0.0,1.2857609290461147,False,0.0,0.0,0.0,120.67609571238135,0.1508451196404767,Insufficient Energy for CPU+NET,N/A,N/A,N/A
1983,CPU_and_Data_Intensive,Rejected,199.3623363608314,N/A,N/A,N/A,0.5255763444898803,0.0,0.0,0.0,STARLINK-3912,0,N/A,N/A,0.0,0.8318932441165227,False,0.0,0.0,0.0,120.67609571238135,0.1508451196404767,Insufficient Energy for CPU+NET,N/A,N/A,N/A
1984,CPU_Intensive,Rejected,199.6930404341825,N/A,N/A,N/A,0.3589952177686391,0.0,0.0,0.0,STARLINK-3912,0,N/A,N/A,0.0,0.08780218134272844,False,0.0,0.0,0.0,120.67609571238135,0.1508451196404767,Insufficient Energy for CPU,N/A,N/A,N/A
1986,CPU_and_Data_Intensive,Rejected,199.8113195318436,N/A,N/A,N/A,0.6549810453512067,0.0,0.0,0.0,STARLINK-3912,0,N/A,N/A,0.0,0.5629275140347804,False,0.0,0.0,0.0,120.67609571238135,0.1508451196404767,Insufficient Energy for CPU+NET,N/A,N/A,N/A
1987,CPU_Intensive,Rejected,199.81156828679622,N/A,N/A,N/A,0.5429786821429933,0.0,0.0,0.0,STARLINK-3912,0,N/A,N/A,0.0,0.016243598634635245,False,0.0,0.0,0.0,120.67609571238135,0.1508451196404767,Insufficient Energy for CPU,N/A,N/A,N/A
1988,CPU_Intensive,Rejected,200.15597390672255,N/A,N/A,N/A,0.6817761958826578,0.0,0.0,0.0,STARLINK-3912,0,N/A,N/A,0.0,0.06180629481849482,False,0.0,0.0,0.0,120.67609571238135,0.1508451196404767,Insufficient Energy for CPU,N/A,N/A,N/A
1989,Generic_Service,Rejected,200.28420146744318,N/A,N/A,N/A,0.0956049836336614,0.0,0.0,0.0,STARLINK-3912,0,N/A,N/A,0.0,0.06272857692619596,False,0.0,0.0,0.0,120.67609571238135,0.1508451196404767,Insufficient Energy for CPU,N/A,N/A,N/A
1990,CPU_and_Data_Intensive,Rejected,200.378484321397,N/A,N/A,N/A,0.2044619047418513,0.0,0.0,0.0,STARLINK-3912,0,N/A,N/A,0.0,0.7892083177482676,False,0.0,0.0,0.0,120.67609571238135,0.1508451196404767,Insufficient Energy for CPU+NET,N/A,N/A,N/A
1991,CPU_and_Data_Intensive,Rejected,200.51850000043112,N/A,N/A,N/A,0.2557115236809586,0.0,0.0,0.0,STARLINK-3912,0,N/A,N/A,0.0,13.942951960453563,False,0.0,0.0,0.0,120.67609571238135,0.1508451196404767,Insufficient Energy for CPU+NET,N/A,N/A,N/A
1992,CPU_and_Data_Intensive,Rejected,200.68626149759328,N/A,N/A,N/A,0.19695060948345514,0.0,0.0,0.0,STARLINK-3912,0,N/A,N/A,0.0,3.216524787446101,False,0.0,0.0,0.0,120.67609571238135,0.1508451196404767,Insufficient Energy for CPU+NET,N/A,N/A,N/A
1993,CPU_and_Data_Intensive,Rejected,200.79918223586992,N/A,N/A,N/A,0.5031868119279138,0.0,0.0,0.0,STARLINK-3912,0,N/A,N/A,0.0,20.635646663708368,False,0.0,0.0,0.0,120.67609571238135,0.1508451196404767,Insufficient Energy for CPU+NET,N/A,N/A,N/A
1995,Generic_Service,Rejected,201.06608156152126,N/A,N/A,N/A,0.022416036203863215,0.0,0.0,0.0,STARLINK-3912,0,N/A,N/A,0.0,0.03827278405579006,False,0.0,0.0,0.0,120.67609571238135,0.1508451196404767,Insufficient Energy for CPU,N/A,N/A,N/A
1996,CPU_Intensive,Rejected,201.12029785959277,N/A,N/A,N/A,0.6799346478439126,0.0,0.0,0.0,STARLINK-3912,0,N/A,N/A,0.0,0.026435044945882905,False,0.0,0.0,0.0,120.67609571238135,0.1508451196404767,Insufficient Energy for CPU,N/A,N/A,N/A
1997,CPU_and_Data_Intensive,Rejected,201.2138280609498,N/A,N/A,N/A,0.3691123904224121,0.0,0.0,0.0,STARLINK-3912,0,N/A,N/A,0.0,0.2536684009095183,False,0.0,0.0,0.0,120.67609571238135,0.1508451196404767,Insufficient Energy for CPU+NET,N/A,N/A,N/A
1998,CPU_and_Data_Intensive,Rejected,201.23219335943608,N/A,N/A,N/A,1.2360141205458517,0.0,0.0,0.0,STARLINK-3912,0,N/A,N/A,0.0,0.8534836397604268,False,0.0,0.0,0.0,120.67609571238135,0.1508451196404767,Insufficient Energy for CPU+NET,N/A,N/A,N/A
2000,CPU_Intensive,Rejected,201.53006721588457,N/A,N/A,N/A,0.33265341183037883,0.0,0.0,0.0,STARLINK-3912,0,N/A,N/A,0.0,0.02536609060081426,False,0.0,0.0,0.0,120.67609571238135,0.1508451196404767,Insufficient Energy for CPU,N/A,N/A,N/A
2001,CPU_and_Data_Intensive,Rejected,201.6252659033905,N/A,N/A,N/A,0.5803344264600186,0.0,0.0,0.0,STARLINK-3912,0,N/A,N/A,0.0,2.0560045116476187,False,0.0,0.0,0.0,120.67609571238135,0.1508451196404767,Insufficient Energy for CPU+NET,N/A,N/A,N/A
2002,Generic_Service,Rejected,201.72236250067235,N/A,N/A,N/A,0.10595574232612555,0.0,0.0,0.0,STARLINK-3912,0,N/A,N/A,0.0,0.0827493903550497,False,0.0,0.0,0.0,120.67609571238135,0.1508451196404767,Insufficient Energy for CPU,N/A,N/A,N/A
2003,CPU_and_Data_Intensive,Rejected,201.8481064514204,N/A,N/A,N/A,0.3133160351001412,0.0,0.0,0.0,STARLINK-3912,0,N/A,N/A,0.0,1.659360496569508,False,0.0,0.0,0.0,120.67609571238135,0.1508451196404767,Insufficient Energy for CPU+NET,N/A,N/A,N/A
2004,Generic_Service,Rejected,201.89452409866811,N/A,N/A,N/A,0.0762970212602026,0.0,0.0,0.0,STARLINK-3912,0,N/A,N/A,0.0,0.02372690656938057,False,0.0,0.0,0.0,120.67609571238135,0.1508451196404767,Insufficient Energy for CPU,N/A,N/A,N/A
2006,CPU_Intensive,Rejected,202.35224572963057,N/A,N/A,N/A,0.7910515055585564,0.0,0.0,0.0,STARLINK-3912,0,N/A,N/A,0.0,0.0161071239804939,False,0.0,0.0,0.0,120.67609571238135,0.1508451196404767,Insufficient Energy for CPU,N/A,N/A,N/A
2008,Generic_Service,Rejected,202.5619098065826,N/A,N/A,N/A,0.09674042800159989,0.0,0.0,0.0,STARLINK-3912,0,N/A,N/A,0.0,0.011988623281251254,False,0.0,0.0,0.0,120.67609571238135,0.1508451196404767,Insufficient Energy for CPU,N/A,N/A,N/A
2009,Generic_Service,Rejected,202.82120458190894,N/A,N/A,N/A,0.02261444043333754,0.0,0.0,0.0,STARLINK-3912,0,N/A,N/A,0.0,0.025002731677107103,False,0.0,0.0,0.0,120.67609571238135,0.1508451196404767,Insufficient Energy for CPU,N/A,N/A,N/A
2010,Generic_Service,Rejected,202.9774701755425,N/A,N/A,N/A,0.23740544989172171,0.0,0.0,0.0,STARLINK-3912,0,N/A,N/A,0.0,0.02773004410559557,False,0.0,0.0,0.0,120.67609571238135,0.1508451196404767,Insufficient Energy for CPU,N/A,N/A,N/A
2012,CPU_Intensive,Rejected,203.24567857429065,N/A,N/A,N/A,0.6380218751177863,0.0,0.0,0.0,STARLINK-3912,0,N/A,N/A,0.0,0.010923501088602227,False,0.0,0.0,0.0,120.67609571238135,0.1508451196404767,Insufficient Energy for CPU,N/A,N/A,N/A
2013,CPU_and_Data_Intensive,Rejected,203.28719890930506,N/A,N/A,N/A,0.28920273479183417,0.0,0.0,0.0,STARLINK-3912,0,N/A,N/A,0.0,18.71797888676121,False,0.0,0.0,0.0,120.67609571238135,0.1508451196404767,Insufficient Energy for CPU+NET,N/A,N/A,N/A
2014,CPU_Intensive,Rejected,203.32315180695807,N/A,N/A,N/A,0.26611100843460134,0.0,0.0,0.0,STARLINK-3912,0,N/A,N/A,0.0,0.06870684160883887,False,0.0,0.0,0.0,120.67609571238135,0.1508451196404767,Insufficient Energy for CPU,N/A,N/A,N/A
2015,CPU_and_Data_Intensive,Rejected,203.50035886240585,N/A,N/A,N/A,0.7359939652493735,0.0,0.0,0.0,STARLINK-3912,0,N/A,N/A,0.0,0.6001983588380714,False,0.0,0.0,0.0,120.67609571238135,0.1508451196404767,Insufficient Energy for CPU+NET,N/A,N/A,N/A
2016,CPU_and_Data_Intensive,Rejected,203.51749077349638,N/A,N/A,N/A,0.1832403506865992,0.0,0.0,0.0,STARLINK-3912,0,N/A,N/A,0.0,1.3572006496010631,False,0.0,0.0,0.0,120.67609571238135,0.1508451196404767,Insufficient Energy for CPU+NET,N/A,N/A,N/A
2017,CPU_Intensive,Rejected,203.5181949022523,N/A,N/A,N/A,0.5136120641098014,0.0,0.0,0.0,STARLINK-3912,0,N/A,N/A,0.0,0.02318242842686171,False,0.0,0.0,0.0,120.67609571238135,0.1508451196404767,Insufficient Energy for CPU,N/A,N/A,N/A
2018,CPU_Intensive,Rejected,203.52339594506032,N/A,N/A,N/A,0.03333889788344367,0.0,0.0,0.0,STARLINK-3912,0,N/A,N/A,0.0,0.06726558443690753,False,0.0,0.0,0.0,120.67609571238135,0.1508451196404767,Insufficient Energy for CPU,N/A,N/A,N/A
2019,CPU_and_Data_Intensive,Rejected,203.52514270519916,N/A,N/A,N/A,1.0686139348587342,0.0,0.0,0.0,STARLINK-3912,0,N/A,N/A,0.0,0.10428668048927461,False,0.0,0.0,0.0,120.67609571238135,0.1508451196404767,Insufficient Energy for CPU+NET,N/A,N/A,N/A
2020,CPU_Intensive,Rejected,203.55244898897476,N/A,N/A,N/A,0.16963320046798178,0.0,0.0,0.0,STARLINK-3912,0,N/A,N/A,0.0,0.02078045511660976,False,0.0,0.0,0.0,120.67609571238135,0.1508451196404767,Insufficient Energy for CPU,N/A,N/A,N/A
2021,CPU_and_Data_Intensive,Rejected,203.63936765515177,N/A,N/A,N/A,0.23850807206402627,0.0,0.0,0.0,STARLINK-3912,0,N/A,N/A,0.0,2.5630132201268725,False,0.0,0.0,0.0,120.67609571238135,0.1508451196404767,Insufficient Energy for CPU+NET,N/A,N/A,N/A
2023,CPU_Intensive,Rejected,203.86098397693547,N/A,N/A,N/A,0.263429837464279,0.0,0.0,0.0,STARLINK-3912,0,N/A,N/A,0.0,0.020180548911389106,False,0.0,0.0,0.0,120.67609571238135,0.1508451196404767,Insufficient Energy for CPU,N/A,N/A,N/A
2026,Generic_Service,Rejected,204.34444530576025,N/A,N/A,N/A,0.12136189324197305,0.0,0.0,0.0,STARLINK-3912,0,N/A,N/A,0.0,0.04942358525718675,False,0.0,0.0,0.0,120.67609571238135,0.1508451196404767,Insufficient Energy for CPU,N/A,N/A,N/A
2027,CPU_Intensive,Rejected,204.36937832864587,N/A,N/A,N/A,1.1160505935931495,0.0,0.0,0.0,STARLINK-3912,0,N/A,N/A,0.0,0.034293296939835745,False,0.0,0.0,0.0,120.67609571238135,0.1508451196404767,Insufficient Energy for CPU,N/A,N/A,N/A
2028,CPU_and_Data_Intensive,Rejected,204.37134857811967,N/A,N/A,N/A,0.33845892100313546,0.0,0.0,0.0,STARLINK-3912,0,N/A,N/A,0.0,1.2977964580240435,False,0.0,0.0,0.0,120.67609571238135,0.1508451196404767,Insufficient Energy for CPU+NET,N/A,N/A,N/A
2030,CPU_and_Data_Intensive,Rejected,204.5025738461763,N/A,N/A,N/A,0.16045803182520152,0.0,0.0,0.0,STARLINK-3912,0,N/A,N/A,0.0,14.961249629804382,False,0.0,0.0,0.0,120.67609571238135,0.1508451196404767,Insufficient Energy for CPU+NET,N/A,N/A,N/A
2032,CPU_Intensive,Rejected,204.74838516558574,N/A,N/A,N/A,0.21125755793820028,0.0,0.0,0.0,STARLINK-3912,0,N/A,N/A,0.0,0.020061198665159576,False,0.0,0.0,0.0,120.67609571238135,0.1508451196404767,Insufficient Energy for CPU,N/A,N/A,N/A
2033,CPU_Intensive,Rejected,204.83634899614464,N/A,N/A,N/A,0.5150687537042451,0.0,0.0,0.0,STARLINK-3912,0,N/A,N/A,0.0,0.07397307525434374,False,0.0,0.0,0.0,120.67609571238135,0.1508451196404767,Insufficient Energy for CPU,N/A,N/A,N/A
2035,CPU_Intensive,Rejected,204.9912077854569,N/A,N/A,N/A,0.05705852756181223,0.0,0.0,0.0,STARLINK-3912,0,N/A,N/A,0.0,0.03561648877750634,False,0.0,0.0,0.0,120.67609571238135,0.1508451196404767,Insufficient Energy for CPU,N/A,N/A,N/A
2036,CPU_and_Data_Intensive,Rejected,205.00609324746168,N/A,N/A,N/A,1.0012984347383174,0.0,0.0,0.0,STARLINK-3912,0,N/A,N/A,0.0,0.9481284709348419,False,0.0,0.0,0.0,120.67609571238135,0.1508451196404767,Insufficient Energy for CPU+NET,N/A,N/A,N/A
2037,CPU_Intensive,Rejected,205.1187882727855,N/A,N/A,N/A,0.4164046047144542,0.0,0.0,0.0,STARLINK-3912,0,N/A,N/A,0.0,0.06042653509810694,False,0.0,0.0,0.0,120.67609571238135,0.1508451196404767,Insufficient Energy for CPU,N/A,N/A,N/A
2039,Generic_Service,Rejected,205.12381750689948,N/A,N/A,N/A,0.07638643305508809,0.0,0.0,0.0,STARLINK-3912,0,N/A,N/A,0.0,0.024515951220920682,False,0.0,0.0,0.0,120.67609571238135,0.1508451196404767,Insufficient Energy for CPU,N/A,N/A,N/A
2041,CPU_Intensive,Rejected,205.26164586661662,N/A,N/A,N/A,0.17893107079102719,0.0,0.0,0.0,STARLINK-3912,0,N/A,N/A,0.0,0.022246806569783124,False,0.0,0.0,0.0,120.67609571238135,0.1508451196404767,Insufficient Energy for CPU,N/A,N/A,N/A
2043,CPU_and_Data_Intensive,Rejected,205.4007362361877,N/A,N/A,N/A,0.19304319192181607,0.0,0.0,0.0,STARLINK-3912,0,N/A,N/A,0.0,0.11524879961762188,False,0.0,0.0,0.0,120.67609571238135,0.1508451196404767,Insufficient Energy for CPU+NET,N/A,N/A,N/A
2044,CPU_and_Data_Intensive,Rejected,205.63085639874913,N/A,N/A,N/A,0.3758046693739052,0.0,0.0,0.0,STARLINK-3912,0,N/A,N/A,0.0,22.999677175925687,False,0.0,0.0,0.0,120.67609571238135,0.1508451196404767,Insufficient Energy for CPU+NET,N/A,N/A,N/A
2046,CPU_and_Data_Intensive,Rejected,205.73361982794063,N/A,N/A,N/A,0.1531397299093651,0.0,0.0,0.0,STARLINK-3912,0,N/A,N/A,0.0,0.06811439892261076,False,0.0,0.0,0.0,120.67609571238135,0.1508451196404767,Insufficient Energy for CPU+NET,N/A,N/A,N/A
2047,CPU_and_Data_Intensive,Rejected,205.7968286583666,N/A,N/A,N/A,0.129453443639311,0.0,0.0,0.0,STARLINK-3912,0,N/A,N/A,0.0,1.8657142535596538,False,0.0,0.0,0.0,120.67609571238135,0.1508451196404767,Insufficient Energy for CPU+NET,N/A,N/A,N/A
2048,Generic_Service,Rejected,205.8035936350988,N/A,N/A,N/A,0.03117716412080971,0.0,0.0,0.0,STARLINK-3912,0,N/A,N/A,0.0,0.07064863556822924,False,0.0,0.0,0.0,120.67609571238135,0.1508451196404767,Insufficient Energy for CPU,N/A,N/A,N/A
2049,CPU_Intensive,Rejected,206.0441507974296,N/A,N/A,N/A,0.7543500904181599,0.0,0.0,0.0,STARLINK-3912,0,N/A,N/A,0.0,0.040229192476982284,False,0.0,0.0,0.0,120.67609571238135,0.1508451196404767,Insufficient Energy for CPU,N/A,N/A,N/A
2052,Generic_Service,Rejected,206.2546702723948,N/A,N/A,N/A,0.03152610064121403,0.0,0.0,0.0,STARLINK-3912,0,N/A,N/A,0.0,0.03322434206379247,False,0.0,0.0,0.0,120.67609571238135,0.1508451196404767,Insufficient Energy for CPU,N/A,N/A,N/A
2053,CPU_Intensive,Rejected,206.26814313378625,N/A,N/A,N/A,0.7658174067855215,0.0,0.0,0.0,STARLINK-3912,0,N/A,N/A,0.0,0.07694631453636401,False,0.0,0.0,0.0,120.67609571238135,0.1508451196404767,Insufficient Energy for CPU,N/A,N/A,N/A
2054,Generic_Service,Rejected,206.42872537857707,N/A,N/A,N/A,0.08183709215961414,0.0,0.0,0.0,STARLINK-3912,0,N/A,N/A,0.0,0.031523387175813766,False,0.0,0.0,0.0,120.67609571238135,0.1508451196404767,Insufficient Energy for CPU,N/A,N/A,N/A
2055,CPU_and_Data_Intensive,Rejected,206.5567048523855,N/A,N/A,N/A,0.6185909756296052,0.0,0.0,0.0,STARLINK-3912,0,N/A,N/A,0.0,4.49373598924416,False,0.0,0.0,0.0,120.67609571238135,0.1508451196404767,Insufficient Energy for CPU+NET,N/A,N/A,N/A
2056,CPU_Intensive,Rejected,206.59750632435077,N/A,N/A,N/A,0.19439890791368553,0.0,0.0,0.0,STARLINK-3912,0,N/A,N/A,0.0,0.019075406495240768,False,0.0,0.0,0.0,120.67609571238135,0.1508451196404767,Insufficient Energy for CPU,N/A,N/A,N/A
2057,CPU_and_Data_Intensive,Rejected,206.71124849266732,N/A,N/A,N/A,0.5171539655059932,0.0,0.0,0.0,STARLINK-3912,0,N/A,N/A,0.0,0.15118865243553176,False,0.0,0.0,0.0,120.67609571238135,0.1508451196404767,Insufficient Energy for CPU+NET,N/A,N/A,N/A
2058,CPU_Intensive,Rejected,206.79541247860817,N/A,N/A,N/A,0.9113839248463664,0.0,0.0,0.0,STARLINK-3912,0,N/A,N/A,0.0,0.08748573881556225,False,0.0,0.0,0.0,120.67609571238135,0.1508451196404767,Insufficient Energy for CPU,N/A,N/A,N/A
2059,CPU_and_Data_Intensive,Rejected,206.90686116598098,N/A,N/A,N/A,0.09217057844088916,0.0,0.0,0.0,STARLINK-3912,0,N/A,N/A,0.0,21.907920034908944,False,0.0,0.0,0.0,120.67609571238135,0.1508451196404767,Insufficient Energy for CPU+NET,N/A,N/A,N/A
2062,CPU_Intensive,Rejected,207.16118450064366,N/A,N/A,N/A,0.09122667820852265,0.0,0.0,0.0,STARLINK-3912,0,N/A,N/A,0.0,0.02116869706409749,False,0.0,0.0,0.0,120.67609571238135,0.1508451196404767,Insufficient Energy for CPU,N/A,N/A,N/A
2063,CPU_and_Data_Intensive,Rejected,207.20342073374758,N/A,N/A,N/A,0.5117488682987399,0.0,0.0,0.0,STARLINK-3912,0,N/A,N/A,0.0,1.0095135849500492,False,0.0,0.0,0.0,120.67609571238135,0.1508451196404767,Insufficient Energy for CPU+NET,N/A,N/A,N/A
2064,CPU_Intensive,Rejected,207.20817695757822,N/A,N/A,N/A,0.3683046626817181,0.0,0.0,0.0,STARLINK-3912,0,N/A,N/A,0.0,0.0863186385076332,False,0.0,0.0,0.0,120.67609571238135,0.1508451196404767,Insufficient Energy for CPU,N/A,N/A,N/A
2065,CPU_Intensive,Rejected,207.28485969290136,N/A,N/A,N/A,0.6403922821544766,0.0,0.0,0.0,STARLINK-3912,0,N/A,N/A,0.0,0.04236888710330919,False,0.0,0.0,0.0,120.67609571238135,0.1508451196404767,Insufficient Energy for CPU,N/A,N/A,N/A
2068,CPU_and_Data_Intensive,Rejected,207.50756484580512,N/A,N/A,N/A,0.36245739232446467,0.0,0.0,0.0,STARLINK-3912,0,N/A,N/A,0.0,1.1771943338204045,False,0.0,0.0,0.0,120.67609571238135,0.1508451196404767,Insufficient Energy for CPU+NET,N/A,N/A,N/A
2070,CPU_Intensive,Rejected,207.78301802423545,N/A,N/A,N/A,0.12840428603112786,0.0,0.0,0.0,STARLINK-3912,0,N/A,N/A,0.0,0.04656127563358786,False,0.0,0.0,0.0,120.67609571238135,0.1508451196404767,Insufficient Energy for CPU,N/A,N/A,N/A
2071,CPU_and_Data_Intensive,Rejected,207.8932108921685,N/A,N/A,N/A,0.8769495635983849,0.0,0.0,0.0,STARLINK-3912,0,N/A,N/A,0.0,1.7764394420654248,False,0.0,0.0,0.0,120.67609571238135,0.1508451196404767,Insufficient Energy for CPU+NET,N/A,N/A,N/A
2072,CPU_and_Data_Intensive,Rejected,207.93190706524223,N/A,N/A,N/A,1.1983528199155222,0.0,0.0,0.0,STARLINK-3912,0,N/A,N/A,0.0,1.6389188795100742,False,0.0,0.0,0.0,120.67609571238135,0.1508451196404767,Insufficient Energy for CPU+NET,N/A,N/A,N/A
2073,Generic_Service,Rejected,208.1507858405532,N/A,N/A,N/A,0.07551304830965273,0.0,0.0,0.0,STARLINK-3912,0,N/A,N/A,0.0,0.05764234542168462,False,0.0,0.0,0.0,120.67609571238135,0.1508451196404767,Insufficient Energy for CPU,N/A,N/A,N/A
2074,CPU_Intensive,Rejected,208.157887095415,N/A,N/A,N/A,0.3673761768447771,0.0,0.0,0.0,STARLINK-3912,0,N/A,N/A,0.0,0.017911029763097518,False,0.0,0.0,0.0,120.67609571238135,0.1508451196404767,Insufficient Energy for CPU,N/A,N/A,N/A
2075,Generic_Service,Rejected,208.2392667701927,N/A,N/A,N/A,0.23143517826213836,0.0,0.0,0.0,STARLINK-3912,0,N/A,N/A,0.0,0.016193901289497728,False,0.0,0.0,0.0,120.67609571238135,0.1508451196404767,Insufficient Energy for CPU,N/A,N/A,N/A
2077,CPU_Intensive,Rejected,208.33473744621628,N/A,N/A,N/A,1.853427312448654,0.0,0.0,0.0,STARLINK-3912,0,N/A,N/A,0.0,0.07857044288786531,False,0.0,0.0,0.0,120.67609571238135,0.1508451196404767,Insufficient Energy for CPU,N/A,N/A,N/A
2078,Generic_Service,Rejected,208.5584650963513,N/A,N/A,N/A,0.04964929775301507,0.0,0.0,0.0,STARLINK-3912,0,N/A,N/A,0.0,0.02329059249232083,False,0.0,0.0,0.0,120.67609571238135,0.1508451196404767,Insufficient Energy for CPU,N/A,N/A,N/A
2080,Generic_Service,Rejected,208.74171891233186,N/A,N/A,N/A,0.03323432985979405,0.0,0.0,0.0,STARLINK-3912,0,N/A,N/A,0.0,0.08361573210326405,False,0.0,0.0,0.0,120.67609571238135,0.1508451196404767,Insufficient Energy for CPU,N/A,N/A,N/A
2081,CPU_Intensive,Rejected,208.77310650862066,N/A,N/A,N/A,0.48675824238494714,0.0,0.0,0.0,STARLINK-3912,0,N/A,N/A,0.0,0.08220464821981326,False,0.0,0.0,0.0,120.67609571238135,0.1508451196404767,Insufficient Energy for CPU,N/A,N/A,N/A
2082,Generic_Service,Rejected,208.81545170485836,N/A,N/A,N/A,0.07143286895199621,0.0,0.0,0.0,STARLINK-3912,0,N/A,N/A,0.0,0.05507022273099009,False,0.0,0.0,0.0,120.67609571238135,0.1508451196404767,Insufficient Energy for CPU,N/A,N/A,N/A
2083,CPU_and_Data_Intensive,Rejected,209.18604885656626,N/A,N/A,N/A,0.12836148247827683,0.0,0.0,0.0,STARLINK-3912,0,N/A,N/A,0.0,2.0613671294646245,False,0.0,0.0,0.0,120.67609571238135,0.1508451196404767,Insufficient Energy for CPU+NET,N/A,N/A,N/A
2086,CPU_Intensive,Rejected,209.3492296987707,N/A,N/A,N/A,0.07394833851010676,0.0,0.0,0.0,STARLINK-3912,0,N/A,N/A,0.0,0.0825569528255313,False,0.0,0.0,0.0,120.67609571238135,0.1508451196404767,Insufficient Energy for CPU,N/A,N/A,N/A
2092,Generic_Service,Rejected,210.32837000071825,N/A,N/A,N/A,0.03243758931804493,0.0,0.0,0.0,STARLINK-3912,0,N/A,N/A,0.0,0.0609560568988575,False,0.0,0.0,0.0,120.67609571238135,0.1508451196404767,Insufficient Energy for CPU,N/A,N/A,N/A
2093,Generic_Service,Rejected,210.34721093215995,N/A,N/A,N/A,0.09711212350481668,0.0,0.0,0.0,STARLINK-3912,0,N/A,N/A,0.0,0.049935589778434694,False,0.0,0.0,0.0,120.67609571238135,0.1508451196404767,Insufficient Energy for CPU,N/A,N/A,N/A
2095,CPU_and_Data_Intensive,Rejected,210.5844968950691,N/A,N/A,N/A,0.27766152000147215,0.0,0.0,0.0,STARLINK-3912,0,N/A,N/A,0.0,0.1067645483245366,False,0.0,0.0,0.0,120.67609571238135,0.1508451196404767,Insufficient Energy for CPU+NET,N/A,N/A,N/A
2096,CPU_Intensive,Rejected,210.8391626324422,N/A,N/A,N/A,0.6443209911625466,0.0,0.0,0.0,STARLINK-3912,0,N/A,N/A,0.0,0.06748025154502962,False,0.0,0.0,0.0,120.67609571238135,0.1508451196404767,Insufficient Energy for CPU,N/A,N/A,N/A
2097,CPU_Intensive,Rejected,210.8893997076345,N/A,N/A,N/A,0.387946596061775,0.0,0.0,0.0,STARLINK-3912,0,N/A,N/A,0.0,0.08588533177288758,False,0.0,0.0,0.0,120.67609571238135,0.1508451196404767,Insufficient Energy for CPU,N/A,N/A,N/A
2099,Generic_Service,Rejected,210.91550372977957,N/A,N/A,N/A,0.12401657173742531,0.0,0.0,0.0,STARLINK-3912,0,N/A,N/A,0.0,0.04836048542047191,False,0.0,0.0,0.0,120.67609571238135,0.1508451196404767,Insufficient Energy for CPU,N/A,N/A,N/A
2100,CPU_Intensive,Rejected,210.98335203754138,N/A,N/A,N/A,0.6041205792273023,0.0,0.0,0.0,STARLINK-3912,0,N/A,N/A,0.0,0.010519135238843855,False,0.0,0.0,0.0,120.67609571238135,0.1508451196404767,Insufficient Energy for CPU,N/A,N/A,N/A
2101,CPU_Intensive,Rejected,211.07568387591454,N/A,N/A,N/A,0.5582979176157323,0.0,0.0,0.0,STARLINK-3912,0,N/A,N/A,0.0,0.06556663014705796,False,0.0,0.0,0.0,120.67609571238135,0.1508451196404767,Insufficient Energy for CPU,N/A,N/A,N/A
2102,Generic_Service,Rejected,211.08846906883892,N/A,N/A,N/A,0.08188603372597589,0.0,0.0,0.0,STARLINK-3912,0,N/A,N/A,0.0,0.027342883240092437,False,0.0,0.0,0.0,120.67609571238135,0.1508451196404767,Insufficient Energy for CPU,N/A,N/A,N/A
2103,CPU_and_Data_Intensive,Rejected,211.19515628112376,N/A,N/A,N/A,0.8400532525808576,0.0,0.0,0.0,STARLINK-3912,0,N/A,N/A,0.0,0.5210036297952804,False,0.0,0.0,0.0,120.67609571238135,0.1508451196404767,Insufficient Energy for CPU+NET,N/A,N/A,N/A
2104,CPU_and_Data_Intensive,Rejected,211.22534833399178,N/A,N/A,N/A,0.47667372641166933,0.0,0.0,0.0,STARLINK-3912,0,N/A,N/A,0.0,5.739880212673221,False,0.0,0.0,0.0,120.67609571238135,0.1508451196404767,Insufficient Energy for CPU+NET,N/A,N/A,N/A
2107,CPU_Intensive,Rejected,211.48895380555447,N/A,N/A,N/A,0.17976698056350526,0.0,0.0,0.0,STARLINK-3912,0,N/A,N/A,0.0,0.0228121092118806,False,0.0,0.0,0.0,120.67609571238135,0.1508451196404767,Insufficient Energy for CPU,N/A,N/A,N/A
2108,Generic_Service,Rejected,211.51238568856812,N/A,N/A,N/A,0.11180971181553515,0.0,0.0,0.0,STARLINK-3912,0,N/A,N/A,0.0,0.07964397374280933,False,0.0,0.0,0.0,120.67609571238135,0.1508451196404767,Insufficient Energy for CPU,N/A,N/A,N/A
2112,CPU_and_Data_Intensive,Rejected,211.90368683418617,N/A,N/A,N/A,0.43461923445312467,0.0,0.0,0.0,STARLINK-3912,0,N/A,N/A,0.0,0.5262925749488222,False,0.0,0.0,0.0,120.67609571238135,0.1508451196404767,Insufficient Energy for CPU+NET,N/A,N/A,N/A
2113,CPU_Intensive,Rejected,211.9202109667461,N/A,N/A,N/A,0.15549176052850994,0.0,0.0,0.0,STARLINK-3912,0,N/A,N/A,0.0,0.07066570898260512,False,0.0,0.0,0.0,120.67609571238135,0.1508451196404767,Insufficient Energy for CPU,N/A,N/A,N/A
2114,CPU_Intensive,Rejected,212.24083013850384,N/A,N/A,N/A,0.560784702500746,0.0,0.0,0.0,STARLINK-3912,0,N/A,N/A,0.0,0.06459215972146547,False,0.0,0.0,0.0,120.67609571238135,0.1508451196404767,Insufficient Energy for CPU,N/A,N/A,N/A
2115,CPU_and_Data_Intensive,Rejected,212.27373517491023,N/A,N/A,N/A,0.1892633568505548,0.0,0.0,0.0,STARLINK-3912,0,N/A,N/A,0.0,0.8118909134944741,False,0.0,0.0,0.0,120.67609571238135,0.1508451196404767,Insufficient Energy for CPU+NET,N/A,N/A,N/A
2116,CPU_Intensive,Rejected,212.30471396006465,N/A,N/A,N/A,0.4809027463295096,0.0,0.0,0.0,STARLINK-3912,0,N/A,N/A,0.0,0.04102808487950469,False,0.0,0.0,0.0,120.67609571238135,0.1508451196404767,Insufficient Energy for CPU,N/A,N/A,N/A
2118,CPU_and_Data_Intensive,Rejected,212.50795691945723,N/A,N/A,N/A,1.908839978162749,0.0,0.0,0.0,STARLINK-3912,0,N/A,N/A,0.0,322.7255874846054,False,0.0,0.0,0.0,120.67609571238135,0.1508451196404767,Insufficient Energy for CPU+NET,N/A,N/A,N/A
2120,CPU_Intensive,Rejected,212.7759149941431,N/A,N/A,N/A,1.1913016128646847,0.0,0.0,0.0,STARLINK-3912,0,N/A,N/A,0.0,0.057183472622296706,False,0.0,0.0,0.0,120.67609571238135,0.1508451196404767,Insufficient Energy for CPU,N/A,N/A,N/A
2121,CPU_Intensive,Rejected,212.8921148330176,N/A,N/A,N/A,0.9879521212925982,0.0,0.0,0.0,STARLINK-3912,0,N/A,N/A,0.0,0.08601388648272715,False,0.0,0.0,0.0,120.67609571238135,0.1508451196404767,Insufficient Energy for CPU,N/A,N/A,N/A
2123,Generic_Service,Rejected,213.12111977113827,N/A,N/A,N/A,0.056184193709032694,0.0,0.0,0.0,STARLINK-3912,0,N/A,N/A,0.0,0.0851827918134265,False,0.0,0.0,0.0,120.67609571238135,0.1508451196404767,Insufficient Energy for CPU,N/A,N/A,N/A
2124,CPU_Intensive,Rejected,213.1271559781941,N/A,N/A,N/A,0.8025481090145877,0.0,0.0,0.0,STARLINK-3912,0,N/A,N/A,0.0,0.05834085989079782,False,0.0,0.0,0.0,120.67609571238135,0.1508451196404767,Insufficient Energy for CPU,N/A,N/A,N/A
2125,CPU_and_Data_Intensive,Rejected,213.36331348488667,N/A,N/A,N/A,0.2152021448671511,0.0,0.0,0.0,STARLINK-3912,0,N/A,N/A,0.0,1.9323720036313685,False,0.0,0.0,0.0,120.67609571238135,0.1508451196404767,Insufficient Energy for CPU+NET,N/A,N/A,N/A
2126,Generic_Service,Rejected,213.74717011459524,N/A,N/A,N/A,0.05475496563403384,0.0,0.0,0.0,STARLINK-3912,0,N/A,N/A,0.0,0.014513918330156153,False,0.0,0.0,0.0,120.67609571238135,0.1508451196404767,Insufficient Energy for CPU,N/A,N/A,N/A
2127,CPU_and_Data_Intensive,Rejected,213.81860965429462,N/A,N/A,N/A,0.57195076301479,0.0,0.0,0.0,STARLINK-3912,0,N/A,N/A,0.0,1.1419659348100644,False,0.0,0.0,0.0,120.67609571238135,0.1508451196404767,Insufficient Energy for CPU+NET,N/A,N/A,N/A
2128,Generic_Service,Rejected,213.86656183888024,N/A,N/A,N/A,0.1488707556987224,0.0,0.0,0.0,STARLINK-3912,0,N/A,N/A,0.0,0.022214922341155602,False,0.0,0.0,0.0,120.67609571238135,0.1508451196404767,Insufficient Energy for CPU,N/A,N/A,N/A
2129,CPU_Intensive,Rejected,213.87616681574264,N/A,N/A,N/A,0.4727792601610444,0.0,0.0,0.0,STARLINK-3912,0,N/A,N/A,0.0,0.02453251204306313,False,0.0,0.0,0.0,120.67609571238135,0.1508451196404767,Insufficient Energy for CPU,N/A,N/A,N/A
2130,Generic_Service,Rejected,214.04210388363575,N/A,N/A,N/A,0.09550426653905998,0.0,0.0,0.0,STARLINK-3912,0,N/A,N/A,0.0,0.01184114068182897,False,0.0,0.0,0.0,120.67609571238135,0.1508451196404767,Insufficient Energy for CPU,N/A,N/A,N/A
2131,CPU_and_Data_Intensive,Rejected,214.0541853383983,N/A,N/A,N/A,0.9097140687354306,0.0,0.0,0.0,STARLINK-3912,0,N/A,N/A,0.0,153.753965458325,False,0.0,0.0,0.0,120.67609571238135,0.1508451196404767,Insufficient Energy for CPU+NET,N/A,N/A,N/A
2132,Generic_Service,Rejected,214.258844838928,N/A,N/A,N/A,0.057919698478820364,0.0,0.0,0.0,STARLINK-3912,0,N/A,N/A,0.0,0.08020060228127723,False,0.0,0.0,0.0,120.67609571238135,0.1508451196404767,Insufficient Energy for CPU,N/A,N/A,N/A
2133,CPU_and_Data_Intensive,Rejected,214.26442559555701,N/A,N/A,N/A,0.5288142119266573,0.0,0.0,0.0,STARLINK-3912,0,N/A,N/A,0.0,0.03658360303855146,False,0.0,0.0,0.0,120.67609571238135,0.1508451196404767,Insufficient Energy for CPU+NET,N/A,N/A,N/A
2134,CPU_and_Data_Intensive,Rejected,214.58393135739811,N/A,N/A,N/A,0.09301637062533134,0.0,0.0,0.0,STARLINK-3912,0,N/A,N/A,0.0,0.13263574188432747,False,0.0,0.0,0.0,120.67609571238135,0.1508451196404767,Insufficient Energy for CPU+NET,N/A,N/A,N/A
2135,Generic_Service,Rejected,214.7096058390253,N/A,N/A,N/A,0.19465787829941328,0.0,0.0,0.0,STARLINK-3912,0,N/A,N/A,0.0,0.029310531636952117,False,0.0,0.0,0.0,120.67609571238135,0.1508451196404767,Insufficient Energy for CPU,N/A,N/A,N/A
2136,CPU_and_Data_Intensive,Rejected,214.80853248312198,N/A,N/A,N/A,0.3595450716415705,0.0,0.0,0.0,STARLINK-3912,0,N/A,N/A,0.0,12.651527628405663,False,0.0,0.0,0.0,120.67609571238135,0.1508451196404767,Insufficient Energy for CPU+NET,N/A,N/A,N/A
2137,CPU_and_Data_Intensive,Rejected,214.92037288610922,N/A,N/A,N/A,0.738037246443358,0.0,0.0,0.0,STARLINK-3912,0,N/A,N/A,0.0,19.89848237618902,False,0.0,0.0,0.0,120.67609571238135,0.1508451196404767,Insufficient Energy for CPU+NET,N/A,N/A,N/A
2138,CPU_and_Data_Intensive,Rejected,214.9879635834209,N/A,N/A,N/A,0.21064463993477991,0.0,0.0,0.0,STARLINK-3912,0,N/A,N/A,0.0,15.546994458159364,False,0.0,0.0,0.0,120.67609571238135,0.1508451196404767,Insufficient Energy for CPU+NET,N/A,N/A,N/A
2140,CPU_and_Data_Intensive,Rejected,215.21054531564488,N/A,N/A,N/A,1.9710648566606506,0.0,0.0,0.0,STARLINK-3912,0,N/A,N/A,0.0,243.5924178054983,False,0.0,0.0,0.0,120.67609571238135,0.1508451196404767,Insufficient Energy for CPU+NET,N/A,N/A,N/A
2141,CPU_and_Data_Intensive,Rejected,215.44754763313819,N/A,N/A,N/A,0.3616097630144621,0.0,0.0,0.0,STARLINK-3912,0,N/A,N/A,0.0,2.03937792207235,False,0.0,0.0,0.0,120.67609571238135,0.1508451196404767,Insufficient Energy for CPU+NET,N/A,N/A,N/A
2142,CPU_and_Data_Intensive,Rejected,215.48322586953884,N/A,N/A,N/A,1.1175094860644268,0.0,0.0,0.0,STARLINK-3912,0,N/A,N/A,0.0,1.1355323425194441,False,0.0,0.0,0.0,120.67609571238135,0.1508451196404767,Insufficient Energy for CPU+NET,N/A,N/A,N/A
2143,CPU_Intensive,Rejected,215.9528707581593,N/A,N/A,N/A,0.291538178646385,0.0,0.0,0.0,STARLINK-3912,0,N/A,N/A,0.0,0.0663257094953355,False,0.0,0.0,0.0,120.67609571238135,0.1508451196404767,Insufficient Energy for CPU,N/A,N/A,N/A
2144,CPU_and_Data_Intensive,Rejected,215.96383526165314,N/A,N/A,N/A,0.7288085019252533,0.0,0.0,0.0,STARLINK-3912,0,N/A,N/A,0.0,0.3084659752790425,False,0.0,0.0,0.0,120.67609571238135,0.1508451196404767,Insufficient Energy for CPU+NET,N/A,N/A,N/A
2147,CPU_and_Data_Intensive,Rejected,216.13348715386326,N/A,N/A,N/A,0.9355575978485302,0.0,0.0,0.0,STARLINK-3912,0,N/A,N/A,0.0,1.9985337828349077,False,0.0,0.0,0.0,120.67609571238135,0.1508451196404767,Insufficient Energy for CPU+NET,N/A,N/A,N/A
2148,CPU_and_Data_Intensive,Rejected,216.13898633350604,N/A,N/A,N/A,0.11155215429087376,0.0,0.0,0.0,STARLINK-3912,0,N/A,N/A,0.0,1.9063139456524576,False,0.0,0.0,0.0,120.67609571238135,0.1508451196404767,Insufficient Energy for CPU+NET,N/A,N/A,N/A
2149,Generic_Service,Rejected,216.1798254517337,N/A,N/A,N/A,0.07246161863640499,0.0,0.0,0.0,STARLINK-3912,0,N/A,N/A,0.0,0.0425265822846399,False,0.0,0.0,0.0,120.67609571238135,0.1508451196404767,Insufficient Energy for CPU,N/A,N/A,N/A
2150,CPU_Intensive,Rejected,216.211290228371,N/A,N/A,N/A,0.18234477114576128,0.0,0.0,0.0,STARLINK-3912,0,N/A,N/A,0.0,0.02727032380130938,False,0.0,0.0,0.0,120.67609571238135,0.1508451196404767,Insufficient Energy for CPU,N/A,N/A,N/A
2152,CPU_Intensive,Rejected,216.38047765696496,N/A,N/A,N/A,0.3682679467103813,0.0,0.0,0.0,STARLINK-3912,0,N/A,N/A,0.0,0.03933391195235407,False,0.0,0.0,0.0,120.67609571238135,0.1508451196404767,Insufficient Energy for CPU,N/A,N/A,N/A
2153,Generic_Service,Rejected,216.56189252654283,N/A,N/A,N/A,0.26239714027818434,0.0,0.0,0.0,STARLINK-3912,0,N/A,N/A,0.0,0.06302233953556649,False,0.0,0.0,0.0,120.67609571238135,0.1508451196404767,Insufficient Energy for CPU,N/A,N/A,N/A
2154,Generic_Service,Rejected,216.57362577518515,N/A,N/A,N/A,0.06314162423221631,0.0,0.0,0.0,STARLINK-3912,0,N/A,N/A,0.0,0.0382625367645195,False,0.0,0.0,0.0,120.67609571238135,0.1508451196404767,Insufficient Energy for CPU,N/A,N/A,N/A
2155,CPU_and_Data_Intensive,Rejected,216.5908712638458,N/A,N/A,N/A,0.7000695108510893,0.0,0.0,0.0,STARLINK-3912,0,N/A,N/A,0.0,0.19514805286891762,False,0.0,0.0,0.0,120.67609571238135,0.1508451196404767,Insufficient Energy for CPU+NET,N/A,N/A,N/A
2157,Generic_Service,Rejected,216.8238475842881,N/A,N/A,N/A,0.05138890678875781,0.0,0.0,0.0,STARLINK-3912,0,N/A,N/A,0.0,0.017125921462650365,False,0.0,0.0,0.0,120.67609571238135,0.1508451196404767,Insufficient Energy for CPU,N/A,N/A,N/A
2159,CPU_and_Data_Intensive,Rejected,216.96759350117523,N/A,N/A,N/A,1.1811067635331898,0.0,0.0,0.0,STARLINK-3912,0,N/A,N/A,0.0,2.926870548315052,False,0.0,0.0,0.0,120.67609571238135,0.1508451196404767,Insufficient Energy for CPU+NET,N/A,N/A,N/A
2160,CPU_Intensive,Rejected,216.9779173810721,N/A,N/A,N/A,0.655031044853046,0.0,0.0,0.0,STARLINK-3912,0,N/A,N/A,0.0,0.019425928461031507,False,0.0,0.0,0.0,120.67609571238135,0.1508451196404767,Insufficient Energy for CPU,N/A,N/A,N/A
2161,CPU_and_Data_Intensive,Rejected,217.00265533320604,N/A,N/A,N/A,0.07539131372003727,0.0,0.0,0.0,STARLINK-3912,0,N/A,N/A,0.0,2.3776656891953882,False,0.0,0.0,0.0,120.67609571238135,0.1508451196404767,Insufficient Energy for CPU+NET,N/A,N/A,N/A
2163,CPU_and_Data_Intensive,Rejected,217.18820964250426,N/A,N/A,N/A,0.028918436370469362,0.0,0.0,0.0,STARLINK-3912,0,N/A,N/A,0.0,0.3495187390356711,False,0.0,0.0,0.0,120.67609571238135,0.1508451196404767,Insufficient Energy for CPU+NET,N/A,N/A,N/A
2165,CPU_Intensive,Rejected,217.680970916215,N/A,N/A,N/A,0.8877001564810167,0.0,0.0,0.0,STARLINK-3912,0,N/A,N/A,0.0,0.061611018238610885,False,0.0,0.0,0.0,120.67609571238135,0.1508451196404767,Insufficient Energy for CPU,N/A,N/A,N/A
2166,CPU_and_Data_Intensive,Rejected,217.81128865398455,N/A,N/A,N/A,0.7896099691130001,0.0,0.0,0.0,STARLINK-3912,0,N/A,N/A,0.0,14.90937433400343,False,0.0,0.0,0.0,120.67609571238135,0.1508451196404767,Insufficient Energy for CPU+NET,N/A,N/A,N/A
2167,Generic_Service,Rejected,217.88859661214966,N/A,N/A,N/A,0.027067524785621067,0.0,0.0,0.0,STARLINK-3912,0,N/A,N/A,0.0,0.016685481433092515,False,0.0,0.0,0.0,120.67609571238135,0.1508451196404767,Insufficient Energy for CPU,N/A,N/A,N/A
2168,CPU_and_Data_Intensive,Rejected,218.21042866846284,N/A,N/A,N/A,0.7633432703469202,0.0,0.0,0.0,STARLINK-3912,0,N/A,N/A,0.0,0.5995881308781238,False,0.0,0.0,0.0,120.67609571238135,0.1508451196404767,Insufficient Energy for CPU+NET,N/A,N/A,N/A
2170,CPU_and_Data_Intensive,Rejected,218.27514869986692,N/A,N/A,N/A,0.06321306316850979,0.0,0.0,0.0,STARLINK-3912,0,N/A,N/A,0.0,14.376425599218518,False,0.0,0.0,0.0,120.67609571238135,0.1508451196404767,Insufficient Energy for CPU+NET,N/A,N/A,N/A
2171,CPU_and_Data_Intensive,Rejected,218.29200979474058,N/A,N/A,N/A,0.8775848787431383,0.0,0.0,0.0,STARLINK-3912,0,N/A,N/A,0.0,140.46860770210196,False,0.0,0.0,0.0,120.67609571238135,0.1508451196404767,Insufficient Energy for CPU+NET,N/A,N/A,N/A
2172,Generic_Service,Rejected,218.40216377687332,N/A,N/A,N/A,0.05997266492975942,0.0,0.0,0.0,STARLINK-3912,0,N/A,N/A,0.0,0.01848259192678245,False,0.0,0.0,0.0,120.67609571238135,0.1508451196404767,Insufficient Energy for CPU,N/A,N/A,N/A
2173,CPU_Intensive,Rejected,218.7731734807811,N/A,N/A,N/A,0.1217639886002177,0.0,0.0,0.0,STARLINK-3912,0,N/A,N/A,0.0,0.052565661118722844,False,0.0,0.0,0.0,120.67609571238135,0.1508451196404767,Insufficient Energy for CPU,N/A,N/A,N/A
2174,CPU_Intensive,Rejected,218.77837134056622,N/A,N/A,N/A,0.374721293009597,0.0,0.0,0.0,STARLINK-3912,0,N/A,N/A,0.0,0.07222074390207868,False,0.0,0.0,0.0,120.67609571238135,0.1508451196404767,Insufficient Energy for CPU,N/A,N/A,N/A
2175,CPU_Intensive,Rejected,218.96283329097184,N/A,N/A,N/A,1.0260845011648716,0.0,0.0,0.0,STARLINK-3912,0,N/A,N/A,0.0,0.0645014704942362,False,0.0,0.0,0.0,120.67609571238135,0.1508451196404767,Insufficient Energy for CPU,N/A,N/A,N/A
2178,CPU_Intensive,Rejected,219.25355678020375,N/A,N/A,N/A,0.9440936715876674,0.0,0.0,0.0,STARLINK-3912,0,N/A,N/A,0.0,0.05425529479867756,False,0.0,0.0,0.0,120.67609571238135,0.1508451196404767,Insufficient Energy for CPU,N/A,N/A,N/A
2181,CPU_Intensive,Rejected,219.64428850391434,N/A,N/A,N/A,0.41158435207257793,0.0,0.0,0.0,STARLINK-3912,0,N/A,N/A,0.0,0.030895301154257683,False,0.0,0.0,0.0,120.67609571238135,0.1508451196404767,Insufficient Energy for CPU,N/A,N/A,N/A
2180,CPU_and_Data_Intensive,Rejected,219.58806252644163,N/A,N/A,N/A,0.5656700404785328,0.0,0.0,0.0,STARLINK-3912,0,N/A,N/A,0.0,195.23218592391964,False,0.0,0.0,0.0,120.67609571238135,0.1508451196404767,Insufficient Energy for CPU+NET,N/A,N/A,N/A
2183,CPU_Intensive,Rejected,219.77787590505415,N/A,N/A,N/A,0.6592939897136806,0.0,0.0,0.0,STARLINK-3912,0,N/A,N/A,0.0,0.04675671942313055,False,0.0,0.0,0.0,120.67609571238135,0.1508451196404767,Insufficient Energy for CPU,N/A,N/A,N/A
2184,CPU_and_Data_Intensive,Rejected,219.96249126913085,N/A,N/A,N/A,0.20639527429613228,0.0,0.0,0.0,STARLINK-3912,0,N/A,N/A,0.0,21.87828737486355,False,0.0,0.0,0.0,120.67609571238135,0.1508451196404767,Insufficient Energy for CPU+NET,N/A,N/A,N/A
2185,CPU_Intensive,Rejected,220.05135369529322,N/A,N/A,N/A,0.8254542898952996,0.0,0.0,0.0,STARLINK-3912,0,N/A,N/A,0.0,0.08568640293728853,False,0.0,0.0,0.0,120.67609571238135,0.1508451196404767,Insufficient Energy for CPU,N/A,N/A,N/A
2186,CPU_Intensive,Rejected,220.2670350452063,N/A,N/A,N/A,0.30226569961375044,0.0,0.0,0.0,STARLINK-3912,0,N/A,N/A,0.0,0.041185838293745274,False,0.0,0.0,0.0,120.67609571238135,0.1508451196404767,Insufficient Energy for CPU,N/A,N/A,N/A
2187,CPU_Intensive,Rejected,220.29234615005777,N/A,N/A,N/A,0.43564390575945294,0.0,0.0,0.0,STARLINK-3912,0,N/A,N/A,0.0,0.04384981040946607,False,0.0,0.0,0.0,120.67609571238135,0.1508451196404767,Insufficient Energy for CPU,N/A,N/A,N/A
2188,CPU_Intensive,Rejected,220.3535313498867,N/A,N/A,N/A,0.7450289516749359,0.0,0.0,0.0,STARLINK-3912,0,N/A,N/A,0.0,0.020634636236517283,False,0.0,0.0,0.0,120.67609571238135,0.1508451196404767,Insufficient Energy for CPU,N/A,N/A,N/A
2189,CPU_and_Data_Intensive,Rejected,220.42970018887104,N/A,N/A,N/A,0.19656321397661342,0.0,0.0,0.0,STARLINK-3912,0,N/A,N/A,0.0,19.496954720857254,False,0.0,0.0,0.0,120.67609571238135,0.1508451196404767,Insufficient Energy for CPU+NET,N/A,N/A,N/A
2190,CPU_Intensive,Rejected,220.48445105857644,N/A,N/A,N/A,0.137841375652555,0.0,0.0,0.0,STARLINK-3912,0,N/A,N/A,0.0,0.05911133132076831,False,0.0,0.0,0.0,120.67609571238135,0.1508451196404767,Insufficient Energy for CPU,N/A,N/A,N/A
2191,CPU_Intensive,Rejected,220.52764260608814,N/A,N/A,N/A,0.307715997875248,0.0,0.0,0.0,STARLINK-3912,0,N/A,N/A,0.0,0.04171967775844794,False,0.0,0.0,0.0,120.67609571238135,0.1508451196404767,Insufficient Energy for CPU,N/A,N/A,N/A
2193,CPU_and_Data_Intensive,Rejected,220.74522617766348,N/A,N/A,N/A,0.19067213216019638,0.0,0.0,0.0,STARLINK-3912,0,N/A,N/A,0.0,0.23539994836429753,False,0.0,0.0,0.0,120.67609571238135,0.1508451196404767,Insufficient Energy for CPU+NET,N/A,N/A,N/A
2192,CPU_and_Data_Intensive,Rejected,220.69118897484012,N/A,N/A,N/A,1.1026397276944155,0.0,0.0,0.0,STARLINK-3912,0,N/A,N/A,0.0,147.80128306129419,False,0.0,0.0,0.0,120.67609571238135,0.1508451196404767,Insufficient Energy for CPU+NET,N/A,N/A,N/A
2194,CPU_and_Data_Intensive,Rejected,220.9876337745538,N/A,N/A,N/A,0.22500199892988673,0.0,0.0,0.0,STARLINK-3912,0,N/A,N/A,0.0,1.5551508713860016,False,0.0,0.0,0.0,120.67609571238135,0.1508451196404767,Insufficient Energy for CPU+NET,N/A,N/A,N/A
2197,CPU_Intensive,Rejected,221.27553305605957,N/A,N/A,N/A,0.40371469322501197,0.0,0.0,0.0,STARLINK-3912,0,N/A,N/A,0.0,0.018512531189526095,False,0.0,0.0,0.0,120.67609571238135,0.1508451196404767,Insufficient Energy for CPU,N/A,N/A,N/A
2198,CPU_Intensive,Rejected,221.32183024276782,N/A,N/A,N/A,0.038179299041978115,0.0,0.0,0.0,STARLINK-3912,0,N/A,N/A,0.0,0.030946528932452193,False,0.0,0.0,0.0,120.67609571238135,0.1508451196404767,Insufficient Energy for CPU,N/A,N/A,N/A
2200,CPU_and_Data_Intensive,Rejected,221.41769161905628,N/A,N/A,N/A,0.9634846141736518,0.0,0.0,0.0,STARLINK-3912,0,N/A,N/A,0.0,13.37464822547678,False,0.0,0.0,0.0,120.67609571238135,0.1508451196404767,Insufficient Energy for CPU+NET,N/A,N/A,N/A
2199,CPU_and_Data_Intensive,Rejected,221.35180970334022,N/A,N/A,N/A,0.71847816826282,0.0,0.0,0.0,STARLINK-3912,0,N/A,N/A,0.0,230.69567450850866,False,0.0,0.0,0.0,120.67609571238135,0.1508451196404767,Insufficient Energy for CPU+NET,N/A,N/A,N/A
2201,Generic_Service,Rejected,221.4606690081296,N/A,N/A,N/A,0.05563002425597011,0.0,0.0,0.0,STARLINK-3912,0,N/A,N/A,0.0,0.04977219137485167,False,0.0,0.0,0.0,120.67609571238135,0.1508451196404767,Insufficient Energy for CPU,N/A,N/A,N/A
2202,CPU_Intensive,Rejected,221.4692350072501,N/A,N/A,N/A,0.30956338588659216,0.0,0.0,0.0,STARLINK-3912,0,N/A,N/A,0.0,0.02784058702912747,False,0.0,0.0,0.0,120.67609571238135,0.1508451196404767,Insufficient Energy for CPU,N/A,N/A,N/A
2203,CPU_and_Data_Intensive,Rejected,221.59886053412518,N/A,N/A,N/A,0.9184883429535079,0.0,0.0,0.0,STARLINK-3912,0,N/A,N/A,0.0,14.007955575187566,False,0.0,0.0,0.0,120.67609571238135,0.1508451196404767,Insufficient Energy for CPU+NET,N/A,N/A,N/A
2204,CPU_Intensive,Rejected,221.7542177397669,N/A,N/A,N/A,0.5166480622120112,0.0,0.0,0.0,STARLINK-3912,0,N/A,N/A,0.0,0.07110391456701566,False,0.0,0.0,0.0,120.67609571238135,0.1508451196404767,Insufficient Energy for CPU,N/A,N/A,N/A
2205,CPU_Intensive,Rejected,221.86415186407726,N/A,N/A,N/A,1.68484835988077,0.0,0.0,0.0,STARLINK-3912,0,N/A,N/A,0.0,0.07315692280411881,False,0.0,0.0,0.0,120.67609571238135,0.1508451196404767,Insufficient Energy for CPU,N/A,N/A,N/A
2206,CPU_Intensive,Rejected,222.25899327659545,N/A,N/A,N/A,0.3830601887607083,0.0,0.0,0.0,STARLINK-3912,0,N/A,N/A,0.0,0.023713681000343413,False,0.0,0.0,0.0,120.67609571238135,0.1508451196404767,Insufficient Energy for CPU,N/A,N/A,N/A
2207,CPU_Intensive,Rejected,222.25930392536398,N/A,N/A,N/A,0.39110476382451426,0.0,0.0,0.0,STARLINK-3912,0,N/A,N/A,0.0,0.060630821855666976,False,0.0,0.0,0.0,120.67609571238135,0.1508451196404767,Insufficient Energy for CPU,N/A,N/A,N/A
2208,Generic_Service,Rejected,222.28532630141507,N/A,N/A,N/A,0.03395541155929041,0.0,0.0,0.0,STARLINK-3912,0,N/A,N/A,0.0,0.07224749753541086,False,0.0,0.0,0.0,120.67609571238135,0.1508451196404767,Insufficient Energy for CPU,N/A,N/A,N/A
2209,CPU_Intensive,Rejected,222.36606537379825,N/A,N/A,N/A,0.044796275698024926,0.0,0.0,0.0,STARLINK-3912,0,N/A,N/A,0.0,0.07597160643885585,False,0.0,0.0,0.0,120.67609571238135,0.1508451196404767,Insufficient Energy for CPU,N/A,N/A,N/A
2210,CPU_Intensive,Rejected,222.48638917570602,N/A,N/A,N/A,0.11411587067607251,0.0,0.0,0.0,STARLINK-3912,0,N/A,N/A,0.0,0.07969082621198938,False,0.0,0.0,0.0,120.67609571238135,0.1508451196404767,Insufficient Energy for CPU,N/A,N/A,N/A
2211,CPU_and_Data_Intensive,Rejected,222.49621650174277,N/A,N/A,N/A,1.5874162939981404,0.0,0.0,0.0,STARLINK-3912,0,N/A,N/A,0.0,1.4275775641338444,False,0.0,0.0,0.0,120.67609571238135,0.1508451196404767,Insufficient Energy for CPU+NET,N/A,N/A,N/A
2214,CPU_and_Data_Intensive,Rejected,222.6267058658885,N/A,N/A,N/A,0.38271485024872376,0.0,0.0,0.0,STARLINK-3912,0,N/A,N/A,0.0,1.4737814340955475,False,0.0,0.0,0.0,120.67609571238135,0.1508451196404767,Insufficient Energy for CPU+NET,N/A,N/A,N/A
2215,CPU_Intensive,Rejected,222.8661318780944,N/A,N/A,N/A,0.7460080523398422,0.0,0.0,0.0,STARLINK-3912,0,N/A,N/A,0.0,0.016787400203320757,False,0.0,0.0,0.0,120.67609571238135,0.1508451196404767,Insufficient Energy for CPU,N/A,N/A,N/A
2216,CPU_Intensive,Rejected,223.00599221494068,N/A,N/A,N/A,0.2608690244654992,0.0,0.0,0.0,STARLINK-3912,0,N/A,N/A,0.0,0.07840869206315387,False,0.0,0.0,0.0,120.67609571238135,0.1508451196404767,Insufficient Energy for CPU,N/A,N/A,N/A
2217,Generic_Service,Rejected,223.056283835955,N/A,N/A,N/A,0.21261775488118753,0.0,0.0,0.0,STARLINK-3912,0,N/A,N/A,0.0,0.023649971376950622,False,0.0,0.0,0.0,120.67609571238135,0.1508451196404767,Insufficient Energy for CPU,N/A,N/A,N/A
2219,Generic_Service,Rejected,223.3051897922641,N/A,N/A,N/A,0.04521032642550382,0.0,0.0,0.0,STARLINK-3912,0,N/A,N/A,0.0,0.054135608007306726,False,0.0,0.0,0.0,120.67609571238135,0.1508451196404767,Insufficient Energy for CPU,N/A,N/A,N/A
2221,CPU_and_Data_Intensive,Rejected,223.46226519006987,N/A,N/A,N/A,0.6971173742548141,0.0,0.0,0.0,STARLINK-3912,0,N/A,N/A,0.0,1.9718360479622963,False,0.0,0.0,0.0,120.67609571238135,0.1508451196404767,Insufficient Energy for CPU+NET,N/A,N/A,N/A
2223,CPU_and_Data_Intensive,Rejected,223.5709067223866,N/A,N/A,N/A,0.4083814559580887,0.0,0.0,0.0,STARLINK-3912,0,N/A,N/A,0.0,19.512121026147653,False,0.0,0.0,0.0,120.67609571238135,0.1508451196404767,Insufficient Energy for CPU+NET,N/A,N/A,N/A
2224,CPU_and_Data_Intensive,Rejected,223.58467521261758,N/A,N/A,N/A,1.1019675613657036,0.0,0.0,0.0,STARLINK-3912,0,N/A,N/A,0.0,0.5100931766244267,False,0.0,0.0,0.0,120.67609571238135,0.1508451196404767,Insufficient Energy for CPU+NET,N/A,N/A,N/A
2225,CPU_Intensive,Rejected,223.61237498252683,N/A,N/A,N/A,1.0626943540911953,0.0,0.0,0.0,STARLINK-3912,0,N/A,N/A,0.0,0.04895907208334273,False,0.0,0.0,0.0,120.67609571238135,0.1508451196404767,Insufficient Energy for CPU,N/A,N/A,N/A
2226,CPU_Intensive,Rejected,223.74379756973812,N/A,N/A,N/A,0.503166284253584,0.0,0.0,0.0,STARLINK-3912,0,N/A,N/A,0.0,0.06718197333849348,False,0.0,0.0,0.0,120.67609571238135,0.1508451196404767,Insufficient Energy for CPU,N/A,N/A,N/A
2228,Generic_Service,Rejected,224.0077634855858,N/A,N/A,N/A,0.045066684144295904,0.0,0.0,0.0,STARLINK-3912,0,N/A,N/A,0.0,0.029439123612925805,False,0.0,0.0,0.0,120.67609571238135,0.1508451196404767,Insufficient Energy for CPU,N/A,N/A,N/A
2229,CPU_Intensive,Rejected,224.06558800194372,N/A,N/A,N/A,0.08766002026213976,0.0,0.0,0.0,STARLINK-3912,0,N/A,N/A,0.0,0.025188569660330944,False,0.0,0.0,0.0,120.67609571238135,0.1508451196404767,Insufficient Energy for CPU,N/A,N/A,N/A
2227,CPU_and_Data_Intensive,Rejected,223.9531237840011,N/A,N/A,N/A,1.6502106509086463,0.0,0.0,0.0,STARLINK-3912,0,N/A,N/A,0.0,307.9625439359048,False,0.0,0.0,0.0,120.67609571238135,0.1508451196404767,Insufficient Energy for CPU+NET,N/A,N/A,N/A
2230,CPU_and_Data_Intensive,Rejected,224.07293243874673,N/A,N/A,N/A,0.2644917407154014,0.0,0.0,0.0,STARLINK-3912,0,N/A,N/A,0.0,1.7804805703126896,False,0.0,0.0,0.0,120.67609571238135,0.1508451196404767,Insufficient Energy for CPU+NET,N/A,N/A,N/A
2232,Generic_Service,Rejected,224.12184135049583,N/A,N/A,N/A,0.03463974951266256,0.0,0.0,0.0,STARLINK-3912,0,N/A,N/A,0.0,0.0617556744871681,False,0.0,0.0,0.0,120.67609571238135,0.1508451196404767,Insufficient Energy for CPU,N/A,N/A,N/A
2233,CPU_and_Data_Intensive,Rejected,224.77070812423935,N/A,N/A,N/A,1.163101774635421,0.0,0.0,0.0,STARLINK-3912,0,N/A,N/A,0.0,10.323136928263452,False,0.0,0.0,0.0,120.67609571238135,0.1508451196404767,Insufficient Energy for CPU+NET,N/A,N/A,N/A
2234,CPU_Intensive,Rejected,225.00475619095877,N/A,N/A,N/A,0.5143169492767621,0.0,0.0,0.0,STARLINK-3912,0,N/A,N/A,0.0,0.03196164467847673,False,0.0,0.0,0.0,120.67609571238135,0.1508451196404767,Insufficient Energy for CPU,N/A,N/A,N/A
2235,CPU_Intensive,Rejected,225.03813619621116,N/A,N/A,N/A,0.12314527393282823,0.0,0.0,0.0,STARLINK-3912,0,N/A,N/A,0.0,0.03260137278230354,False,0.0,0.0,0.0,120.67609571238135,0.1508451196404767,Insufficient Energy for CPU,N/A,N/A,N/A
2236,CPU_and_Data_Intensive,Rejected,225.04076904216478,N/A,N/A,N/A,0.11810467143853409,0.0,0.0,0.0,STARLINK-3912,0,N/A,N/A,0.0,17.537671367289587,False,0.0,0.0,0.0,120.67609571238135,0.1508451196404767,Insufficient Energy for CPU+NET,N/A,N/A,N/A
2237,CPU_and_Data_Intensive,Rejected,225.1621854684897,N/A,N/A,N/A,0.23091276791945153,0.0,0.0,0.0,STARLINK-3912,0,N/A,N/A,0.0,1.5442284825821768,False,0.0,0.0,0.0,120.67609571238135,0.1508451196404767,Insufficient Energy for CPU+NET,N/A,N/A,N/A
2238,CPU_Intensive,Rejected,225.33369241386237,N/A,N/A,N/A,0.1245572449001865,0.0,0.0,0.0,STARLINK-3912,0,N/A,N/A,0.0,0.0679548983279195,False,0.0,0.0,0.0,120.67609571238135,0.1508451196404767,Insufficient Energy for CPU,N/A,N/A,N/A
2239,CPU_and_Data_Intensive,Rejected,225.57945015082052,N/A,N/A,N/A,1.143695870860315,0.0,0.0,0.0,STARLINK-3912,0,N/A,N/A,0.0,1.9913754861700503,False,0.0,0.0,0.0,120.67609571238135,0.1508451196404767,Insufficient Energy for CPU+NET,N/A,N/A,N/A
2240,Generic_Service,Rejected,225.72692539087964,N/A,N/A,N/A,0.03571294214460163,0.0,0.0,0.0,STARLINK-3912,0,N/A,N/A,0.0,0.07327599770942449,False,0.0,0.0,0.0,120.67609571238135,0.1508451196404767,Insufficient Energy for CPU,N/A,N/A,N/A
2241,CPU_Intensive,Rejected,225.78091964308564,N/A,N/A,N/A,0.2624682767820031,0.0,0.0,0.0,STARLINK-3912,0,N/A,N/A,0.0,0.07560740257397532,False,0.0,0.0,0.0,120.67609571238135,0.1508451196404767,Insufficient Energy for CPU,N/A,N/A,N/A
2242,Generic_Service,Rejected,225.82477526947258,N/A,N/A,N/A,0.028059437273082816,0.0,0.0,0.0,STARLINK-3912,0,N/A,N/A,0.0,0.02944964351856428,False,0.0,0.0,0.0,120.67609571238135,0.1508451196404767,Insufficient Energy for CPU,N/A,N/A,N/A
2244,CPU_and_Data_Intensive,Rejected,226.01056659706774,N/A,N/A,N/A,0.17560877033636538,0.0,0.0,0.0,STARLINK-3912,0,N/A,N/A,0.0,0.250367776510982,False,0.0,0.0,0.0,120.67609571238135,0.1508451196404767,Insufficient Energy for CPU+NET,N/A,N/A,N/A
2245,Generic_Service,Rejected,226.21702513393774,N/A,N/A,N/A,0.030778979123977562,0.0,0.0,0.0,STARLINK-3912,0,N/A,N/A,0.0,0.05476511412233664,False,0.0,0.0,0.0,120.67609571238135,0.1508451196404767,Insufficient Energy for CPU,N/A,N/A,N/A
2246,CPU_and_Data_Intensive,Rejected,226.218498259569,N/A,N/A,N/A,0.7061317092628023,0.0,0.0,0.0,STARLINK-3912,0,N/A,N/A,0.0,0.24654651167717218,False,0.0,0.0,0.0,120.67609571238135,0.1508451196404767,Insufficient Energy for CPU+NET,N/A,N/A,N/A
2247,CPU_and_Data_Intensive,Rejected,226.21980958395986,N/A,N/A,N/A,1.1748493194524858,0.0,0.0,0.0,STARLINK-3912,0,N/A,N/A,0.0,0.9357994866749214,False,0.0,0.0,0.0,120.67609571238135,0.1508451196404767,Insufficient Energy for CPU+NET,N/A,N/A,N/A
2248,CPU_Intensive,Rejected,226.36013811468345,N/A,N/A,N/A,0.04342962752480391,0.0,0.0,0.0,STARLINK-3912,0,N/A,N/A,0.0,0.023282197342443377,False,0.0,0.0,0.0,120.67609571238135,0.1508451196404767,Insufficient Energy for CPU,N/A,N/A,N/A
2249,CPU_Intensive,Rejected,226.3776431150182,N/A,N/A,N/A,0.2731929906353782,0.0,0.0,0.0,STARLINK-3912,0,N/A,N/A,0.0,0.056477226943601036,False,0.0,0.0,0.0,120.67609571238135,0.1508451196404767,Insufficient Energy for CPU,N/A,N/A,N/A
2250,CPU_and_Data_Intensive,Rejected,226.57774281539713,N/A,N/A,N/A,0.40904382340582834,0.0,0.0,0.0,STARLINK-3912,0,N/A,N/A,0.0,20.663952704004338,False,0.0,0.0,0.0,120.67609571238135,0.1508451196404767,Insufficient Energy for CPU+NET,N/A,N/A,N/A
2251,CPU_Intensive,Rejected,227.00526612156722,N/A,N/A,N/A,0.9924453383899016,0.0,0.0,0.0,STARLINK-3912,0,N/A,N/A,0.0,0.04146790072529166,False,0.0,0.0,0.0,120.67609571238135,0.1508451196404767,Insufficient Energy for CPU,N/A,N/A,N/A
2252,CPU_Intensive,Rejected,227.0074108873758,N/A,N/A,N/A,0.5164332320946192,0.0,0.0,0.0,STARLINK-3912,0,N/A,N/A,0.0,0.015144747531288054,False,0.0,0.0,0.0,120.67609571238135,0.1508451196404767,Insufficient Energy for CPU,N/A,N/A,N/A
2253,CPU_and_Data_Intensive,Rejected,227.08003639395463,N/A,N/A,N/A,0.5503690131338673,0.0,0.0,0.0,STARLINK-3912,0,N/A,N/A,0.0,0.7753005234392001,False,0.0,0.0,0.0,120.67609571238135,0.1508451196404767,Insufficient Energy for CPU+NET,N/A,N/A,N/A
2254,CPU_and_Data_Intensive,Rejected,227.33892919780004,N/A,N/A,N/A,0.3162893887032355,0.0,0.0,0.0,STARLINK-3912,0,N/A,N/A,0.0,9.142198487751319,False,0.0,0.0,0.0,120.67609571238135,0.1508451196404767,Insufficient Energy for CPU+NET,N/A,N/A,N/A
2255,CPU_and_Data_Intensive,Rejected,227.38982813057373,N/A,N/A,N/A,0.5349743297158416,0.0,0.0,0.0,STARLINK-3912,0,N/A,N/A,0.0,2.100949248100266,False,0.0,0.0,0.0,120.67609571238135,0.1508451196404767,Insufficient Energy for CPU+NET,N/A,N/A,N/A
2257,CPU_Intensive,Rejected,227.47720357853518,N/A,N/A,N/A,0.26694621966981086,0.0,0.0,0.0,STARLINK-3912,0,N/A,N/A,0.0,0.05472852894173763,False,0.0,0.0,0.0,120.67609571238135,0.1508451196404767,Insufficient Energy for CPU,N/A,N/A,N/A
2258,Generic_Service,Rejected,227.59713825105112,N/A,N/A,N/A,0.03780270580528641,0.0,0.0,0.0,STARLINK-3912,0,N/A,N/A,0.0,0.04017012512202725,False,0.0,0.0,0.0,120.67609571238135,0.1508451196404767,Insufficient Energy for CPU,N/A,N/A,N/A
2259,CPU_and_Data_Intensive,Rejected,227.61635714476273,N/A,N/A,N/A,1.7124093750217955,0.0,0.0,0.0,STARLINK-3912,0,N/A,N/A,0.0,257.11038969224364,False,0.0,0.0,0.0,120.67609571238135,0.1508451196404767,Insufficient Energy for CPU+NET,N/A,N/A,N/A
2261,CPU_Intensive,Rejected,227.9978234617105,N/A,N/A,N/A,0.3206623707124385,0.0,0.0,0.0,STARLINK-3912,0,N/A,N/A,0.0,0.015501896874018298,False,0.0,0.0,0.0,120.67609571238135,0.1508451196404767,Insufficient Energy for CPU,N/A,N/A,N/A
2262,CPU_Intensive,Rejected,228.0400471559327,N/A,N/A,N/A,0.5233556874987649,0.0,0.0,0.0,STARLINK-3912,0,N/A,N/A,0.0,0.015010971853370692,False,0.0,0.0,0.0,120.67609571238135,0.1508451196404767,Insufficient Energy for CPU,N/A,N/A,N/A
2263,CPU_and_Data_Intensive,Rejected,228.1157706962513,N/A,N/A,N/A,0.23751989272808147,0.0,0.0,0.0,STARLINK-3912,0,N/A,N/A,0.0,1.4809190117893065,False,0.0,0.0,0.0,120.67609571238135,0.1508451196404767,Insufficient Energy for CPU+NET,N/A,N/A,N/A
2264,CPU_and_Data_Intensive,Rejected,228.35563771993898,N/A,N/A,N/A,0.06392124116428083,0.0,0.0,0.0,STARLINK-3912,0,N/A,N/A,0.0,0.7671936886556822,False,0.0,0.0,0.0,120.67609571238135,0.1508451196404767,Insufficient Energy for CPU+NET,N/A,N/A,N/A
2265,Generic_Service,Rejected,228.4333843933243,N/A,N/A,N/A,0.13396951122065312,0.0,0.0,0.0,STARLINK-3912,0,N/A,N/A,0.0,0.022107827741509004,False,0.0,0.0,0.0,120.67609571238135,0.1508451196404767,Insufficient Energy for CPU,N/A,N/A,N/A
2268,CPU_Intensive,Rejected,229.03613796801034,N/A,N/A,N/A,0.07093295999619796,0.0,0.0,0.0,STARLINK-3912,0,N/A,N/A,0.0,0.016778738305171032,False,0.0,0.0,0.0,120.67609571238135,0.1508451196404767,Insufficient Energy for CPU,N/A,N/A,N/A
2270,CPU_Intensive,Rejected,229.3460099941205,N/A,N/A,N/A,0.07785201319597627,0.0,0.0,0.0,STARLINK-3912,0,N/A,N/A,0.0,0.027222577234130282,False,0.0,0.0,0.0,120.67609571238135,0.1508451196404767,Insufficient Energy for CPU,N/A,N/A,N/A
2271,Generic_Service,Rejected,229.53964840820154,N/A,N/A,N/A,0.11618039640379033,0.0,0.0,0.0,STARLINK-3912,0,N/A,N/A,0.0,0.01208552516585618,False,0.0,0.0,0.0,120.67609571238135,0.1508451196404767,Insufficient Energy for CPU,N/A,N/A,N/A
2272,CPU_Intensive,Rejected,229.5651190691443,N/A,N/A,N/A,0.08241433837302733,0.0,0.0,0.0,STARLINK-3912,0,N/A,N/A,0.0,0.06512682600458737,False,0.0,0.0,0.0,120.67609571238135,0.1508451196404767,Insufficient Energy for CPU,N/A,N/A,N/A
2274,CPU_and_Data_Intensive,Rejected,229.66475880259438,N/A,N/A,N/A,0.31919862015067396,0.0,0.0,0.0,STARLINK-3912,0,N/A,N/A,0.0,1.099279262184303,False,0.0,0.0,0.0,120.67609571238135,0.1508451196404767,Insufficient Energy for CPU+NET,N/A,N/A,N/A
2273,CPU_and_Data_Intensive,Rejected,229.62344610957197,N/A,N/A,N/A,0.39453077611820464,0.0,0.0,0.0,STARLINK-3912,0,N/A,N/A,0.0,139.80263694279444,False,0.0,0.0,0.0,120.67609571238135,0.1508451196404767,Insufficient Energy for CPU+NET,N/A,N/A,N/A
2275,CPU_and_Data_Intensive,Rejected,229.8533458197493,N/A,N/A,N/A,0.04017667308577517,0.0,0.0,0.0,STARLINK-3912,0,N/A,N/A,0.0,2.1310930099651895,False,0.0,0.0,0.0,120.67609571238135,0.1508451196404767,Insufficient Energy for CPU+NET,N/A,N/A,N/A
2276,CPU_and_Data_Intensive,Rejected,229.9465187751601,N/A,N/A,N/A,1.1554491503865552,0.0,0.0,0.0,STARLINK-3912,0,N/A,N/A,0.0,1.2857219745864568,False,0.0,0.0,0.0,120.67609571238135,0.1508451196404767,Insufficient Energy for CPU+NET,N/A,N/A,N/A
2277,Generic_Service,Rejected,230.07680871273726,N/A,N/A,N/A,0.08570942332839121,0.0,0.0,0.0,STARLINK-3912,0,N/A,N/A,0.0,0.07034535838596401,False,0.0,0.0,0.0,120.67609571238135,0.1508451196404767,Insufficient Energy for CPU,N/A,N/A,N/A
2278,CPU_and_Data_Intensive,Rejected,230.1190281236582,N/A,N/A,N/A,0.8975753970962346,0.0,0.0,0.0,STARLINK-3912,0,N/A,N/A,0.0,20.541744438722223,False,0.0,0.0,0.0,120.67609571238135,0.1508451196404767,Insufficient Energy for CPU+NET,N/A,N/A,N/A
2279,CPU_Intensive,Rejected,230.17685746514104,N/A,N/A,N/A,0.7564644612761104,0.0,0.0,0.0,STARLINK-3912,0,N/A,N/A,0.0,0.07456431344458062,False,0.0,0.0,0.0,120.67609571238135,0.1508451196404767,Insufficient Energy for CPU,N/A,N/A,N/A
2280,Generic_Service,Rejected,230.34158670950114,N/A,N/A,N/A,0.03782558945696765,0.0,0.0,0.0,STARLINK-3912,0,N/A,N/A,0.0,0.08764094543554006,False,0.0,0.0,0.0,120.67609571238135,0.1508451196404767,Insufficient Energy for CPU,N/A,N/A,N/A
2281,CPU_and_Data_Intensive,Rejected,230.37986380826112,N/A,N/A,N/A,0.6169181623680047,0.0,0.0,0.0,STARLINK-3912,0,N/A,N/A,0.0,10.721426612971307,False,0.0,0.0,0.0,120.67609571238135,0.1508451196404767,Insufficient Energy for CPU+NET,N/A,N/A,N/A
2282,CPU_Intensive,Rejected,230.4665803752376,N/A,N/A,N/A,1.1016620068561453,0.0,0.0,0.0,STARLINK-3912,0,N/A,N/A,0.0,0.08179676734668008,False,0.0,0.0,0.0,120.67609571238135,0.1508451196404767,Insufficient Energy for CPU,N/A,N/A,N/A
2283,Generic_Service,Rejected,230.56206678414904,N/A,N/A,N/A,0.03243453921109193,0.0,0.0,0.0,STARLINK-3912,0,N/A,N/A,0.0,0.019394074465581983,False,0.0,0.0,0.0,120.67609571238135,0.1508451196404767,Insufficient Energy for CPU,N/A,N/A,N/A
2285,CPU_and_Data_Intensive,Rejected,230.90875110836754,N/A,N/A,N/A,0.10130343252438993,0.0,0.0,0.0,STARLINK-3912,0,N/A,N/A,0.0,4.173275220937629,False,0.0,0.0,0.0,120.67609571238135,0.1508451196404767,Insufficient Energy for CPU+NET,N/A,N/A,N/A
2286,Generic_Service,Rejected,230.9833045608816,N/A,N/A,N/A,0.02960428124203819,0.0,0.0,0.0,STARLINK-3912,0,N/A,N/A,0.0,0.07773582616052038,False,0.0,0.0,0.0,120.67609571238135,0.1508451196404767,Insufficient Energy for CPU,N/A,N/A,N/A
2287,Generic_Service,Rejected,231.04945370583945,N/A,N/A,N/A,0.047119446045602115,0.0,0.0,0.0,STARLINK-3912,0,N/A,N/A,0.0,0.08753975523380657,False,0.0,0.0,0.0,120.67609571238135,0.1508451196404767,Insufficient Energy for CPU,N/A,N/A,N/A
2291,CPU_and_Data_Intensive,Rejected,231.71710139117036,N/A,N/A,N/A,0.12277887836568305,0.0,0.0,0.0,STARLINK-3912,0,N/A,N/A,0.0,0.7919262697369407,False,0.0,0.0,0.0,120.67609571238135,0.1508451196404767,Insufficient Energy for CPU+NET,N/A,N/A,N/A
2292,CPU_Intensive,Rejected,231.7915048859325,N/A,N/A,N/A,0.12827159802271804,0.0,0.0,0.0,STARLINK-3912,0,N/A,N/A,0.0,0.03292855145866773,False,0.0,0.0,0.0,120.67609571238135,0.1508451196404767,Insufficient Energy for CPU,N/A,N/A,N/A
2290,CPU_and_Data_Intensive,Rejected,231.6952957498361,N/A,N/A,N/A,1.0504830309131017,0.0,0.0,0.0,STARLINK-3912,0,N/A,N/A,0.0,340.6413562659319,False,0.0,0.0,0.0,120.67609571238135,0.1508451196404767,Insufficient Energy for CPU+NET,N/A,N/A,N/A
2293,CPU_Intensive,Rejected,232.022817056567,N/A,N/A,N/A,1.234566607571035,0.0,0.0,0.0,STARLINK-3912,0,N/A,N/A,0.0,0.045891474740367616,False,0.0,0.0,0.0,120.67609571238135,0.1508451196404767,Insufficient Energy for CPU,N/A,N/A,N/A
2294,CPU_and_Data_Intensive,Rejected,232.05765532605125,N/A,N/A,N/A,0.8302622398095478,0.0,0.0,0.0,STARLINK-3912,0,N/A,N/A,0.0,15.83664838851983,False,0.0,0.0,0.0,120.67609571238135,0.1508451196404767,Insufficient Energy for CPU+NET,N/A,N/A,N/A
2296,CPU_and_Data_Intensive,Rejected,232.19782345300766,N/A,N/A,N/A,0.06266337771610353,0.0,0.0,0.0,STARLINK-3912,0,N/A,N/A,0.0,1.9475520442942988,False,0.0,0.0,0.0,120.67609571238135,0.1508451196404767,Insufficient Energy for CPU+NET,N/A,N/A,N/A
2297,CPU_and_Data_Intensive,Rejected,232.3785166056693,N/A,N/A,N/A,1.940258497131851,0.0,0.0,0.0,STARLINK-3912,0,N/A,N/A,0.0,1.9276796774939837,False,0.0,0.0,0.0,120.67609571238135,0.1508451196404767,Insufficient Energy for CPU+NET,N/A,N/A,N/A
2298,Generic_Service,Rejected,232.38266125779867,N/A,N/A,N/A,0.03292271537055996,0.0,0.0,0.0,STARLINK-3912,0,N/A,N/A,0.0,0.043154634740463514,False,0.0,0.0,0.0,120.67609571238135,0.1508451196404767,Insufficient Energy for CPU,N/A,N/A,N/A
2299,Generic_Service,Rejected,232.5096929834655,N/A,N/A,N/A,0.030651698235514342,0.0,0.0,0.0,STARLINK-3912,0,N/A,N/A,0.0,0.057508892752520455,False,0.0,0.0,0.0,120.67609571238135,0.1508451196404767,Insufficient Energy for CPU,N/A,N/A,N/A
2300,CPU_Intensive,Rejected,232.62459061454882,N/A,N/A,N/A,0.7077284189677377,0.0,0.0,0.0,STARLINK-3912,0,N/A,N/A,0.0,0.03763312823529338,False,0.0,0.0,0.0,120.67609571238135,0.1508451196404767,Insufficient Energy for CPU,N/A,N/A,N/A
2302,CPU_Intensive,Rejected,233.04788614465602,N/A,N/A,N/A,0.047767863943073335,0.0,0.0,0.0,STARLINK-3912,0,N/A,N/A,0.0,0.010662080724387304,False,0.0,0.0,0.0,120.67609571238135,0.1508451196404767,Insufficient Energy for CPU,N/A,N/A,N/A
2305,CPU_and_Data_Intensive,Rejected,233.29043331627616,N/A,N/A,N/A,0.48152584902674994,0.0,0.0,0.0,STARLINK-3912,0,N/A,N/A,0.0,2.1113821103682033,False,0.0,0.0,0.0,120.67609571238135,0.1508451196404767,Insufficient Energy for CPU+NET,N/A,N/A,N/A
2306,CPU_and_Data_Intensive,Rejected,233.3317978484304,N/A,N/A,N/A,0.8243697418150705,0.0,0.0,0.0,STARLINK-3912,0,N/A,N/A,0.0,2.167016644761762,False,0.0,0.0,0.0,120.67609571238135,0.1508451196404767,Insufficient Energy for CPU+NET,N/A,N/A,N/A
2308,CPU_and_Data_Intensive,Rejected,233.65785975949572,N/A,N/A,N/A,1.5901076964175116,0.0,0.0,0.0,STARLINK-3912,0,N/A,N/A,0.0,21.6123305913776,False,0.0,0.0,0.0,120.67609571238135,0.1508451196404767,Insufficient Energy for CPU+NET,N/A,N/A,N/A
2309,CPU_Intensive,Rejected,233.6749153464674,N/A,N/A,N/A,1.0606336192044485,0.0,0.0,0.0,STARLINK-3912,0,N/A,N/A,0.0,0.03658377854834502,False,0.0,0.0,0.0,120.67609571238135,0.1508451196404767,Insufficient Energy for CPU,N/A,N/A,N/A
2310,CPU_and_Data_Intensive,Rejected,233.72959512098325,N/A,N/A,N/A,0.25160406840761046,0.0,0.0,0.0,STARLINK-3912,0,N/A,N/A,0.0,2.168859045469892,False,0.0,0.0,0.0,120.67609571238135,0.1508451196404767,Insufficient Energy for CPU+NET,N/A,N/A,N/A
2311,CPU_and_Data_Intensive,Rejected,233.77612604592812,N/A,N/A,N/A,0.3149005634734374,0.0,0.0,0.0,STARLINK-3912,0,N/A,N/A,0.0,4.604307311477411,False,0.0,0.0,0.0,120.67609571238135,0.1508451196404767,Insufficient Energy for CPU+NET,N/A,N/A,N/A
2312,CPU_Intensive,Rejected,234.04896623378556,N/A,N/A,N/A,0.23100012376702878,0.0,0.0,0.0,STARLINK-3912,0,N/A,N/A,0.0,0.032509304185074535,False,0.0,0.0,0.0,120.67609571238135,0.1508451196404767,Insufficient Energy for CPU,N/A,N/A,N/A
2313,CPU_and_Data_Intensive,Rejected,234.20633206151248,N/A,N/A,N/A,0.08169070230730147,0.0,0.0,0.0,STARLINK-3912,0,N/A,N/A,0.0,18.32553677067727,False,0.0,0.0,0.0,120.67609571238135,0.1508451196404767,Insufficient Energy for CPU+NET,N/A,N/A,N/A
2314,CPU_Intensive,Rejected,234.31463124154916,N/A,N/A,N/A,0.463828043023173,0.0,0.0,0.0,STARLINK-3912,0,N/A,N/A,0.0,0.06433545774154875,False,0.0,0.0,0.0,120.67609571238135,0.1508451196404767,Insufficient Energy for CPU,N/A,N/A,N/A
2315,Generic_Service,Rejected,234.38751782446454,N/A,N/A,N/A,0.06339763234956308,0.0,0.0,0.0,STARLINK-3912,0,N/A,N/A,0.0,0.05790831813261294,False,0.0,0.0,0.0,120.67609571238135,0.1508451196404767,Insufficient Energy for CPU,N/A,N/A,N/A
2317,CPU_and_Data_Intensive,Rejected,234.59724533590273,N/A,N/A,N/A,0.2715854632313911,0.0,0.0,0.0,STARLINK-3912,0,N/A,N/A,0.0,0.13896578494880293,False,0.0,0.0,0.0,120.67609571238135,0.1508451196404767,Insufficient Energy for CPU+NET,N/A,N/A,N/A
2318,Generic_Service,Rejected,234.66462437499467,N/A,N/A,N/A,0.1588166785615722,0.0,0.0,0.0,STARLINK-3912,0,N/A,N/A,0.0,0.03731220858187702,False,0.0,0.0,0.0,120.67609571238135,0.1508451196404767,Insufficient Energy for CPU,N/A,N/A,N/A
2319,Generic_Service,Rejected,234.70292299707057,N/A,N/A,N/A,0.04501366116671181,0.0,0.0,0.0,STARLINK-3912,0,N/A,N/A,0.0,0.030444460449935408,False,0.0,0.0,0.0,120.67609571238135,0.1508451196404767,Insufficient Energy for CPU,N/A,N/A,N/A
2320,CPU_and_Data_Intensive,Rejected,234.7574266546202,N/A,N/A,N/A,0.8064161127655511,0.0,0.0,0.0,STARLINK-3912,0,N/A,N/A,0.0,1.0559667536581252,False,0.0,0.0,0.0,120.67609571238135,0.1508451196404767,Insufficient Energy for CPU+NET,N/A,N/A,N/A
2321,CPU_Intensive,Rejected,234.86925037322848,N/A,N/A,N/A,0.2846281864794863,0.0,0.0,0.0,STARLINK-3912,0,N/A,N/A,0.0,0.07389357360819605,False,0.0,0.0,0.0,120.67609571238135,0.1508451196404767,Insufficient Energy for CPU,N/A,N/A,N/A
2322,CPU_Intensive,Rejected,234.9589093240305,N/A,N/A,N/A,0.5829443602917879,0.0,0.0,0.0,STARLINK-3912,0,N/A,N/A,0.0,0.03989325984004521,False,0.0,0.0,0.0,120.67609571238135,0.1508451196404767,Insufficient Energy for CPU,N/A,N/A,N/A
2323,CPU_Intensive,Rejected,234.98912968048708,N/A,N/A,N/A,0.6204570707873933,0.0,0.0,0.0,STARLINK-3912,0,N/A,N/A,0.0,0.0571821329392157,False,0.0,0.0,0.0,120.67609571238135,0.1508451196404767,Insufficient Energy for CPU,N/A,N/A,N/A
2324,CPU_Intensive,Rejected,235.137080232266,N/A,N/A,N/A,0.26859555003448243,0.0,0.0,0.0,STARLINK-3912,0,N/A,N/A,0.0,0.07595713922203264,False,0.0,0.0,0.0,120.67609571238135,0.1508451196404767,Insufficient Energy for CPU,N/A,N/A,N/A
2326,CPU_Intensive,Rejected,235.40704787448223,N/A,N/A,N/A,0.25132677898709016,0.0,0.0,0.0,STARLINK-3912,0,N/A,N/A,0.0,0.011721109923930563,False,0.0,0.0,0.0,120.67609571238135,0.1508451196404767,Insufficient Energy for CPU,N/A,N/A,N/A
2327,CPU_and_Data_Intensive,Rejected,235.58147807728068,N/A,N/A,N/A,0.7254407851270301,0.0,0.0,0.0,STARLINK-3912,0,N/A,N/A,0.0,12.165937476464883,False,0.0,0.0,0.0,120.67609571238135,0.1508451196404767,Insufficient Energy for CPU+NET,N/A,N/A,N/A
2330,Generic_Service,Rejected,235.8245140968532,N/A,N/A,N/A,0.024141628577005168,0.0,0.0,0.0,STARLINK-3912,0,N/A,N/A,0.0,0.04553755855540048,False,0.0,0.0,0.0,120.67609571238135,0.1508451196404767,Insufficient Energy for CPU,N/A,N/A,N/A
2331,CPU_Intensive,Rejected,235.83050856914682,N/A,N/A,N/A,0.5898336047114644,0.0,0.0,0.0,STARLINK-3912,0,N/A,N/A,0.0,0.08632506051321058,False,0.0,0.0,0.0,120.67609571238135,0.1508451196404767,Insufficient Energy for CPU,N/A,N/A,N/A
2333,CPU_Intensive,Rejected,236.03492346769147,N/A,N/A,N/A,0.029740002222434465,0.0,0.0,0.0,STARLINK-3912,0,N/A,N/A,0.0,0.07394859618185429,False,0.0,0.0,0.0,120.67609571238135,0.1508451196404767,Insufficient Energy for CPU,N/A,N/A,N/A
2334,CPU_and_Data_Intensive,Rejected,236.11770445319044,N/A,N/A,N/A,0.8066672236599679,0.0,0.0,0.0,STARLINK-3912,0,N/A,N/A,0.0,15.2261872626977,False,0.0,0.0,0.0,120.67609571238135,0.1508451196404767,Insufficient Energy for CPU+NET,N/A,N/A,N/A
2335,CPU_Intensive,Rejected,236.13689791392258,N/A,N/A,N/A,0.296208444389309,0.0,0.0,0.0,STARLINK-3912,0,N/A,N/A,0.0,0.07071149143501922,False,0.0,0.0,0.0,120.67609571238135,0.1508451196404767,Insufficient Energy for CPU,N/A,N/A,N/A
2336,Generic_Service,Rejected,236.38019121664703,N/A,N/A,N/A,0.0297500366110052,0.0,0.0,0.0,STARLINK-3912,0,N/A,N/A,0.0,0.042401861795765446,False,0.0,0.0,0.0,120.67609571238135,0.1508451196404767,Insufficient Energy for CPU,N/A,N/A,N/A
2337,CPU_and_Data_Intensive,Rejected,236.46696251011934,N/A,N/A,N/A,0.10346162454021375,0.0,0.0,0.0,STARLINK-3912,0,N/A,N/A,0.0,10.781911200326558,False,0.0,0.0,0.0,120.67609571238135,0.1508451196404767,Insufficient Energy for CPU+NET,N/A,N/A,N/A
2338,Generic_Service,Rejected,236.47967372504598,N/A,N/A,N/A,0.09477946660586002,0.0,0.0,0.0,STARLINK-3912,0,N/A,N/A,0.0,0.08706453827771972,False,0.0,0.0,0.0,120.67609571238135,0.1508451196404767,Insufficient Energy for CPU,N/A,N/A,N/A
2339,CPU_and_Data_Intensive,Rejected,236.5221865077048,N/A,N/A,N/A,0.14781886938227654,0.0,0.0,0.0,STARLINK-3912,0,N/A,N/A,0.0,0.9740262144137952,False,0.0,0.0,0.0,120.67609571238135,0.1508451196404767,Insufficient Energy for CPU+NET,N/A,N/A,N/A
2340,CPU_Intensive,Rejected,236.6519455025722,N/A,N/A,N/A,0.6597679591076249,0.0,0.0,0.0,STARLINK-3912,0,N/A,N/A,0.0,0.025351571953609035,False,0.0,0.0,0.0,120.67609571238135,0.1508451196404767,Insufficient Energy for CPU,N/A,N/A,N/A
2341,CPU_Intensive,Rejected,236.7139747734086,N/A,N/A,N/A,0.7142258968110846,0.0,0.0,0.0,STARLINK-3912,0,N/A,N/A,0.0,0.04726814170019397,False,0.0,0.0,0.0,120.67609571238135,0.1508451196404767,Insufficient Energy for CPU,N/A,N/A,N/A
2342,CPU_Intensive,Rejected,236.9948811906624,N/A,N/A,N/A,0.16488863785497535,0.0,0.0,0.0,STARLINK-3912,0,N/A,N/A,0.0,0.08067639546748767,False,0.0,0.0,0.0,120.67609571238135,0.1508451196404767,Insufficient Energy for CPU,N/A,N/A,N/A
2343,CPU_Intensive,Rejected,237.00795034157713,N/A,N/A,N/A,0.3341508151862629,0.0,0.0,0.0,STARLINK-3912,0,N/A,N/A,0.0,0.08289176882560838,False,0.0,0.0,0.0,120.67609571238135,0.1508451196404767,Insufficient Energy for CPU,N/A,N/A,N/A
2344,Generic_Service,Rejected,237.19777457421569,N/A,N/A,N/A,0.02147887874328741,0.0,0.0,0.0,STARLINK-3912,0,N/A,N/A,0.0,0.04168916829691372,False,0.0,0.0,0.0,120.67609571238135,0.1508451196404767,Insufficient Energy for CPU,N/A,N/A,N/A
2346,CPU_Intensive,Rejected,237.46672155023438,N/A,N/A,N/A,0.6392601071441154,0.0,0.0,0.0,STARLINK-3912,0,N/A,N/A,0.0,0.015489390082431113,False,0.0,0.0,0.0,120.67609571238135,0.1508451196404767,Insufficient Energy for CPU,N/A,N/A,N/A
2347,CPU_Intensive,Rejected,237.5480493376538,N/A,N/A,N/A,0.27125719204236187,0.0,0.0,0.0,STARLINK-3912,0,N/A,N/A,0.0,0.07611271871700115,False,0.0,0.0,0.0,120.67609571238135,0.1508451196404767,Insufficient Energy for CPU,N/A,N/A,N/A
2349,Generic_Service,Rejected,237.80109630716598,N/A,N/A,N/A,0.06303228105039799,0.0,0.0,0.0,STARLINK-3912,0,N/A,N/A,0.0,0.05168122945491107,False,0.0,0.0,0.0,120.67609571238135,0.1508451196404767,Insufficient Energy for CPU,N/A,N/A,N/A
2350,CPU_Intensive,Rejected,237.82764190985657,N/A,N/A,N/A,0.2085706282023502,0.0,0.0,0.0,STARLINK-3912,0,N/A,N/A,0.0,0.028678356062672952,False,0.0,0.0,0.0,120.67609571238135,0.1508451196404767,Insufficient Energy for CPU,N/A,N/A,N/A
2351,CPU_and_Data_Intensive,Rejected,237.8487034325083,N/A,N/A,N/A,0.09430703831363578,0.0,0.0,0.0,STARLINK-3912,0,N/A,N/A,0.0,1.2149977579157685,False,0.0,0.0,0.0,120.67609571238135,0.1508451196404767,Insufficient Energy for CPU+NET,N/A,N/A,N/A
2352,CPU_Intensive,Rejected,237.87552644891932,N/A,N/A,N/A,0.7604267060373103,0.0,0.0,0.0,STARLINK-3912,0,N/A,N/A,0.0,0.02951260518636903,False,0.0,0.0,0.0,120.67609571238135,0.1508451196404767,Insufficient Energy for CPU,N/A,N/A,N/A
2353,Generic_Service,Rejected,237.96664481582098,N/A,N/A,N/A,0.03719718405108001,0.0,0.0,0.0,STARLINK-3912,0,N/A,N/A,0.0,0.0553375143849534,False,0.0,0.0,0.0,120.67609571238135,0.1508451196404767,Insufficient Energy for CPU,N/A,N/A,N/A
2354,Generic_Service,Rejected,238.04512663363715,N/A,N/A,N/A,0.03653632641286477,0.0,0.0,0.0,STARLINK-3912,0,N/A,N/A,0.0,0.012673162075342886,False,0.0,0.0,0.0,120.67609571238135,0.1508451196404767,Insufficient Energy for CPU,N/A,N/A,N/A
2356,CPU_Intensive,Rejected,238.5231668363882,N/A,N/A,N/A,0.2901598848572306,0.0,0.0,0.0,STARLINK-3912,0,N/A,N/A,0.0,0.04864437488884438,False,0.0,0.0,0.0,120.67609571238135,0.1508451196404767,Insufficient Energy for CPU,N/A,N/A,N/A
2357,CPU_and_Data_Intensive,Rejected,238.5838400934657,N/A,N/A,N/A,0.8594987510904656,0.0,0.0,0.0,STARLINK-3912,0,N/A,N/A,0.0,12.73188159321381,False,0.0,0.0,0.0,120.67609571238135,0.1508451196404767,Insufficient Energy for CPU+NET,N/A,N/A,N/A
2358,CPU_Intensive,Rejected,238.79988803921222,N/A,N/A,N/A,0.8437957946389274,0.0,0.0,0.0,STARLINK-3912,0,N/A,N/A,0.0,0.04274622764420687,False,0.0,0.0,0.0,120.67609571238135,0.1508451196404767,Insufficient Energy for CPU,N/A,N/A,N/A
2359,CPU_Intensive,Rejected,238.83406218251235,N/A,N/A,N/A,0.5649312244596333,0.0,0.0,0.0,STARLINK-3912,0,N/A,N/A,0.0,0.051261260196012945,False,0.0,0.0,0.0,120.67609571238135,0.1508451196404767,Insufficient Energy for CPU,N/A,N/A,N/A
2361,CPU_Intensive,Rejected,239.04808560612977,N/A,N/A,N/A,0.0779869585422827,0.0,0.0,0.0,STARLINK-3912,0,N/A,N/A,0.0,0.017309754214642023,False,0.0,0.0,0.0,120.67609571238135,0.1508451196404767,Insufficient Energy for CPU,N/A,N/A,N/A
2363,Generic_Service,Rejected,239.19016354428115,N/A,N/A,N/A,0.07321128100272736,0.0,0.0,0.0,STARLINK-3912,0,N/A,N/A,0.0,0.019678689265106422,False,0.0,0.0,0.0,120.67609571238135,0.1508451196404767,Insufficient Energy for CPU,N/A,N/A,N/A
2366,CPU_and_Data_Intensive,Rejected,239.31388051617213,N/A,N/A,N/A,0.6153284135513699,0.0,0.0,0.0,STARLINK-3912,0,N/A,N/A,0.0,20.522361623686383,False,0.0,0.0,0.0,120.67609571238135,0.1508451196404767,Insufficient Energy for CPU+NET,N/A,N/A,N/A
2367,CPU_and_Data_Intensive,Rejected,239.35008519030967,N/A,N/A,N/A,0.6905859308615157,0.0,0.0,0.0,STARLINK-3912,0,N/A,N/A,0.0,0.6107112507974211,False,0.0,0.0,0.0,120.67609571238135,0.1508451196404767,Insufficient Energy for CPU+NET,N/A,N/A,N/A
2368,CPU_and_Data_Intensive,Rejected,239.40948280894065,N/A,N/A,N/A,0.7516463823576536,0.0,0.0,0.0,STARLINK-3912,0,N/A,N/A,0.0,0.7492481112247235,False,0.0,0.0,0.0,120.67609571238135,0.1508451196404767,Insufficient Energy for CPU+NET,N/A,N/A,N/A
2369,CPU_Intensive,Rejected,239.58363122859893,N/A,N/A,N/A,1.013217880205389,0.0,0.0,0.0,STARLINK-3912,0,N/A,N/A,0.0,0.01745145320235339,False,0.0,0.0,0.0,120.67609571238135,0.1508451196404767,Insufficient Energy for CPU,N/A,N/A,N/A
2370,CPU_and_Data_Intensive,Rejected,239.66452472929686,N/A,N/A,N/A,1.1520909582105543,0.0,0.0,0.0,STARLINK-3912,0,N/A,N/A,0.0,10.98642930807123,False,0.0,0.0,0.0,120.67609571238135,0.1508451196404767,Insufficient Energy for CPU+NET,N/A,N/A,N/A
2373,CPU_Intensive,Rejected,240.32550202552721,N/A,N/A,N/A,0.2311790847024598,0.0,0.0,0.0,STARLINK-3912,0,N/A,N/A,0.0,0.06298365125106636,False,0.0,0.0,0.0,120.67609571238135,0.1508451196404767,Insufficient Energy for CPU,N/A,N/A,N/A
2374,CPU_Intensive,Rejected,240.32848107249796,N/A,N/A,N/A,0.27440281328172256,0.0,0.0,0.0,STARLINK-3912,0,N/A,N/A,0.0,0.07998110036674067,False,0.0,0.0,0.0,120.67609571238135,0.1508451196404767,Insufficient Energy for CPU,N/A,N/A,N/A
2375,CPU_and_Data_Intensive,Rejected,240.40637157615026,N/A,N/A,N/A,0.7851032930178028,0.0,0.0,0.0,STARLINK-3912,0,N/A,N/A,0.0,11.569825130018948,False,0.0,0.0,0.0,120.67609571238135,0.1508451196404767,Insufficient Energy for CPU+NET,N/A,N/A,N/A
2376,CPU_and_Data_Intensive,Rejected,240.4428667210381,N/A,N/A,N/A,0.49901628823050703,0.0,0.0,0.0,STARLINK-3912,0,N/A,N/A,0.0,5.0614460295166595,False,0.0,0.0,0.0,120.67609571238135,0.1508451196404767,Insufficient Energy for CPU+NET,N/A,N/A,N/A
2378,CPU_and_Data_Intensive,Rejected,240.6124330142352,N/A,N/A,N/A,0.5935740312820855,0.0,0.0,0.0,STARLINK-3912,0,N/A,N/A,0.0,148.76572525966773,False,0.0,0.0,0.0,120.67609571238135,0.1508451196404767,Insufficient Energy for CPU+NET,N/A,N/A,N/A
2379,CPU_and_Data_Intensive,Rejected,240.70710891272012,N/A,N/A,N/A,0.2714355573553116,0.0,0.0,0.0,STARLINK-3912,0,N/A,N/A,0.0,1.8489812322724493,False,0.0,0.0,0.0,120.67609571238135,0.1508451196404767,Insufficient Energy for CPU+NET,N/A,N/A,N/A
2380,CPU_and_Data_Intensive,Rejected,240.73685833409627,N/A,N/A,N/A,1.183089164630502,0.0,0.0,0.0,STARLINK-3912,0,N/A,N/A,0.0,13.34734905434513,False,0.0,0.0,0.0,120.67609571238135,0.1508451196404767,Insufficient Energy for CPU+NET,N/A,N/A,N/A
2382,CPU_Intensive,Rejected,240.88043165298714,N/A,N/A,N/A,1.566822153414258,0.0,0.0,0.0,STARLINK-3912,0,N/A,N/A,0.0,0.027188992080080437,False,0.0,0.0,0.0,120.67609571238135,0.1508451196404767,Insufficient Energy for CPU,N/A,N/A,N/A
2384,CPU_and_Data_Intensive,Rejected,241.3024893373431,N/A,N/A,N/A,1.2531877708568964,0.0,0.0,0.0,STARLINK-3912,0,N/A,N/A,0.0,0.10101163297110938,False,0.0,0.0,0.0,120.67609571238135,0.1508451196404767,Insufficient Energy for CPU+NET,N/A,N/A,N/A
2385,Generic_Service,Rejected,241.31671006848114,N/A,N/A,N/A,0.022556758264083765,0.0,0.0,0.0,STARLINK-3912,0,N/A,N/A,0.0,0.03651872489821412,False,0.0,0.0,0.0,120.67609571238135,0.1508451196404767,Insufficient Energy for CPU,N/A,N/A,N/A
2386,CPU_Intensive,Rejected,241.5122027806507,N/A,N/A,N/A,1.1723556898686254,0.0,0.0,0.0,STARLINK-3912,0,N/A,N/A,0.0,0.06810421391694998,False,0.0,0.0,0.0,120.67609571238135,0.1508451196404767,Insufficient Energy for CPU,N/A,N/A,N/A
2388,CPU_Intensive,Rejected,241.6828383767618,N/A,N/A,N/A,0.12323852407404678,0.0,0.0,0.0,STARLINK-3912,0,N/A,N/A,0.0,0.03460191317046921,False,0.0,0.0,0.0,120.67609571238135,0.1508451196404767,Insufficient Energy for CPU,N/A,N/A,N/A
2389,CPU_and_Data_Intensive,Rejected,241.7530628680246,N/A,N/A,N/A,0.5585887823937957,0.0,0.0,0.0,STARLINK-3912,0,N/A,N/A,0.0,2.0080489175978222,False,0.0,0.0,0.0,120.67609571238135,0.1508451196404767,Insufficient Energy for CPU+NET,N/A,N/A,N/A
2390,CPU_Intensive,Rejected,241.90883001927716,N/A,N/A,N/A,1.2891629118631927,0.0,0.0,0.0,STARLINK-3912,0,N/A,N/A,0.0,0.05353867067228814,False,0.0,0.0,0.0,120.67609571238135,0.1508451196404767,Insufficient Energy for CPU,N/A,N/A,N/A
2392,CPU_Intensive,Rejected,242.3135028177984,N/A,N/A,N/A,1.1972827918520745,0.0,0.0,0.0,STARLINK-3912,0,N/A,N/A,0.0,0.07522304643315852,False,0.0,0.0,0.0,120.67609571238135,0.1508451196404767,Insufficient Energy for CPU,N/A,N/A,N/A
2394,CPU_Intensive,Rejected,242.37066247466794,N/A,N/A,N/A,0.4954994242417045,0.0,0.0,0.0,STARLINK-3912,0,N/A,N/A,0.0,0.01944189787348129,False,0.0,0.0,0.0,120.67609571238135,0.1508451196404767,Insufficient Energy for CPU,N/A,N/A,N/A
2395,CPU_and_Data_Intensive,Rejected,242.65177923886506,N/A,N/A,N/A,0.49406143603390446,0.0,0.0,0.0,STARLINK-3912,0,N/A,N/A,0.0,8.659622174049659,False,0.0,0.0,0.0,120.67609571238135,0.1508451196404767,Insufficient Energy for CPU+NET,N/A,N/A,N/A
2396,CPU_Intensive,Rejected,242.66579050871928,N/A,N/A,N/A,0.297671427547034,0.0,0.0,0.0,STARLINK-3912,0,N/A,N/A,0.0,0.07724933699717756,False,0.0,0.0,0.0,120.67609571238135,0.1508451196404767,Insufficient Energy for CPU,N/A,N/A,N/A
2398,Generic_Service,Rejected,242.92912934300344,N/A,N/A,N/A,0.07976517859778215,0.0,0.0,0.0,STARLINK-3912,0,N/A,N/A,0.0,0.07731878555810363,False,0.0,0.0,0.0,120.67609571238135,0.1508451196404767,Insufficient Energy for CPU,N/A,N/A,N/A
2399,CPU_Intensive,Rejected,243.1173503268222,N/A,N/A,N/A,0.1418261407377862,0.0,0.0,0.0,STARLINK-3912,0,N/A,N/A,0.0,0.05919824837699319,False,0.0,0.0,0.0,120.67609571238135,0.1508451196404767,Insufficient Energy for CPU,N/A,N/A,N/A
2400,CPU_Intensive,Rejected,243.15370508916132,N/A,N/A,N/A,0.9471937282275156,0.0,0.0,0.0,STARLINK-3912,0,N/A,N/A,0.0,0.019446658572908823,False,0.0,0.0,0.0,120.67609571238135,0.1508451196404767,Insufficient Energy for CPU,N/A,N/A,N/A
2401,Generic_Service,Rejected,243.18063985857256,N/A,N/A,N/A,0.03344907514587842,0.0,0.0,0.0,STARLINK-3912,0,N/A,N/A,0.0,0.01640736090424024,False,0.0,0.0,0.0,120.67609571238135,0.1508451196404767,Insufficient Energy for CPU,N/A,N/A,N/A
2402,CPU_Intensive,Rejected,243.26304181334226,N/A,N/A,N/A,0.12256693198088861,0.0,0.0,0.0,STARLINK-3912,0,N/A,N/A,0.0,0.013707760634455703,False,0.0,0.0,0.0,120.67609571238135,0.1508451196404767,Insufficient Energy for CPU,N/A,N/A,N/A
2403,CPU_Intensive,Rejected,243.29542403419947,N/A,N/A,N/A,0.7498367043559069,0.0,0.0,0.0,STARLINK-3912,0,N/A,N/A,0.0,0.027088124394624623,False,0.0,0.0,0.0,120.67609571238135,0.1508451196404767,Insufficient Energy for CPU,N/A,N/A,N/A
2404,CPU_Intensive,Rejected,243.5710893647926,N/A,N/A,N/A,1.0796138756191196,0.0,0.0,0.0,STARLINK-3912,0,N/A,N/A,0.0,0.06398432940346535,False,0.0,0.0,0.0,120.67609571238135,0.1508451196404767,Insufficient Energy for CPU,N/A,N/A,N/A
2405,CPU_Intensive,Rejected,243.57760508493763,N/A,N/A,N/A,0.24085755390117772,0.0,0.0,0.0,STARLINK-3912,0,N/A,N/A,0.0,0.04891214565582312,False,0.0,0.0,0.0,120.67609571238135,0.1508451196404767,Insufficient Energy for CPU,N/A,N/A,N/A
2406,CPU_and_Data_Intensive,Rejected,243.73794695970562,N/A,N/A,N/A,0.4272162517042145,0.0,0.0,0.0,STARLINK-3912,0,N/A,N/A,0.0,2.134493105723262,False,0.0,0.0,0.0,120.67609571238135,0.1508451196404767,Insufficient Energy for CPU+NET,N/A,N/A,N/A
2407,Generic_Service,Rejected,244.07613168018491,N/A,N/A,N/A,0.06113382924096377,0.0,0.0,0.0,STARLINK-3912,0,N/A,N/A,0.0,0.02147487770979639,False,0.0,0.0,0.0,120.67609571238135,0.1508451196404767,Insufficient Energy for CPU,N/A,N/A,N/A
2408,CPU_Intensive,Rejected,244.1083340371713,N/A,N/A,N/A,0.052725238606387205,0.0,0.0,0.0,STARLINK-3912,0,N/A,N/A,0.0,0.06882312634519318,False,0.0,0.0,0.0,120.67609571238135,0.1508451196404767,Insufficient Energy for CPU,N/A,N/A,N/A
2409,CPU_Intensive,Rejected,244.13084268399075,N/A,N/A,N/A,0.5507708030863325,0.0,0.0,0.0,STARLINK-3912,0,N/A,N/A,0.0,0.038322675770346065,False,0.0,0.0,0.0,120.67609571238135,0.1508451196404767,Insufficient Energy for CPU,N/A,N/A,N/A
2410,Generic_Service,Rejected,244.22572231052925,N/A,N/A,N/A,0.06556479491885796,0.0,0.0,0.0,STARLINK-3912,0,N/A,N/A,0.0,0.0341438698650911,False,0.0,0.0,0.0,120.67609571238135,0.1508451196404767,Insufficient Energy for CPU,N/A,N/A,N/A
2411,Generic_Service,Rejected,244.22894616760811,N/A,N/A,N/A,0.021659859106402432,0.0,0.0,0.0,STARLINK-3912,0,N/A,N/A,0.0,0.06498102203648315,False,0.0,0.0,0.0,120.67609571238135,0.1508451196404767,Insufficient Energy for CPU,N/A,N/A,N/A
2412,CPU_Intensive,Rejected,244.32483849706085,N/A,N/A,N/A,0.9350490692311677,0.0,0.0,0.0,STARLINK-3912,0,N/A,N/A,0.0,0.06963835235227628,False,0.0,0.0,0.0,120.67609571238135,0.1508451196404767,Insufficient Energy for CPU,N/A,N/A,N/A
2413,CPU_Intensive,Rejected,244.34637237547372,N/A,N/A,N/A,0.6779272035446479,0.0,0.0,0.0,STARLINK-3912,0,N/A,N/A,0.0,0.023510967646698876,False,0.0,0.0,0.0,120.67609571238135,0.1508451196404767,Insufficient Energy for CPU,N/A,N/A,N/A
2415,CPU_Intensive,Rejected,244.42572036161673,N/A,N/A,N/A,1.601094770462585,0.0,0.0,0.0,STARLINK-3912,0,N/A,N/A,0.0,0.04559861247246767,False,0.0,0.0,0.0,120.67609571238135,0.1508451196404767,Insufficient Energy for CPU,N/A,N/A,N/A
2418,Generic_Service,Rejected,244.4550554947484,N/A,N/A,N/A,0.234643061141474,0.0,0.0,0.0,STARLINK-3912,0,N/A,N/A,0.0,0.049890188614074814,False,0.0,0.0,0.0,120.67609571238135,0.1508451196404767,Insufficient Energy for CPU,N/A,N/A,N/A
2419,CPU_and_Data_Intensive,Rejected,244.55982750361306,N/A,N/A,N/A,0.8147791495559001,0.0,0.0,0.0,STARLINK-3912,0,N/A,N/A,0.0,1.607759576841445,False,0.0,0.0,0.0,120.67609571238135,0.1508451196404767,Insufficient Energy for CPU+NET,N/A,N/A,N/A
2420,CPU_and_Data_Intensive,Rejected,244.6250295147582,N/A,N/A,N/A,0.23028404771673383,0.0,0.0,0.0,STARLINK-3912,0,N/A,N/A,0.0,1.5574626189173773,False,0.0,0.0,0.0,120.67609571238135,0.1508451196404767,Insufficient Energy for CPU+NET,N/A,N/A,N/A
2421,CPU_Intensive,Rejected,244.65244315789838,N/A,N/A,N/A,1.0981551946629822,0.0,0.0,0.0,STARLINK-3912,0,N/A,N/A,0.0,0.02077383370997904,False,0.0,0.0,0.0,120.67609571238135,0.1508451196404767,Insufficient Energy for CPU,N/A,N/A,N/A
2422,CPU_Intensive,Rejected,244.74848721460256,N/A,N/A,N/A,0.05175447375465886,0.0,0.0,0.0,STARLINK-3912,0,N/A,N/A,0.0,0.021817858481056725,False,0.0,0.0,0.0,120.67609571238135,0.1508451196404767,Insufficient Energy for CPU,N/A,N/A,N/A
2423,CPU_Intensive,Rejected,244.8114868769698,N/A,N/A,N/A,0.42621672877741607,0.0,0.0,0.0,STARLINK-3912,0,N/A,N/A,0.0,0.061126466227896525,False,0.0,0.0,0.0,120.67609571238135,0.1508451196404767,Insufficient Energy for CPU,N/A,N/A,N/A
2425,CPU_Intensive,Rejected,244.85569929620655,N/A,N/A,N/A,0.18627535624886404,0.0,0.0,0.0,STARLINK-3912,0,N/A,N/A,0.0,0.01824520657737252,False,0.0,0.0,0.0,120.67609571238135,0.1508451196404767,Insufficient Energy for CPU,N/A,N/A,N/A
2426,CPU_and_Data_Intensive,Rejected,244.95944003400058,N/A,N/A,N/A,0.45844048419800676,0.0,0.0,0.0,STARLINK-3912,0,N/A,N/A,0.0,9.544195233328221,False,0.0,0.0,0.0,120.67609571238135,0.1508451196404767,Insufficient Energy for CPU+NET,N/A,N/A,N/A
2427,Generic_Service,Rejected,245.09755297506345,N/A,N/A,N/A,0.04989111808759441,0.0,0.0,0.0,STARLINK-3912,0,N/A,N/A,0.0,0.0533701512519865,False,0.0,0.0,0.0,120.67609571238135,0.1508451196404767,Insufficient Energy for CPU,N/A,N/A,N/A
2428,CPU_Intensive,Rejected,245.15307000606057,N/A,N/A,N/A,0.06574152759657563,0.0,0.0,0.0,STARLINK-3912,0,N/A,N/A,0.0,0.033277786457547594,False,0.0,0.0,0.0,120.67609571238135,0.1508451196404767,Insufficient Energy for CPU,N/A,N/A,N/A
2429,CPU_and_Data_Intensive,Rejected,245.25098756425047,N/A,N/A,N/A,0.4247726714750713,0.0,0.0,0.0,STARLINK-3912,0,N/A,N/A,0.0,136.64901476653347,False,0.0,0.0,0.0,120.67609571238135,0.1508451196404767,Insufficient Energy for CPU+NET,N/A,N/A,N/A
2433,CPU_Intensive,Rejected,245.7282414469184,N/A,N/A,N/A,0.47441576020005144,0.0,0.0,0.0,STARLINK-3912,0,N/A,N/A,0.0,0.039901336978868315,False,0.0,0.0,0.0,120.67609571238135,0.1508451196404767,Insufficient Energy for CPU,N/A,N/A,N/A
2435,Generic_Service,Rejected,245.79499204230925,N/A,N/A,N/A,0.1120343163681029,0.0,0.0,0.0,STARLINK-3912,0,N/A,N/A,0.0,0.017377123702956146,False,0.0,0.0,0.0,120.67609571238135,0.1508451196404767,Insufficient Energy for CPU,N/A,N/A,N/A
2434,CPU_and_Data_Intensive,Rejected,245.79369036763356,N/A,N/A,N/A,0.7813089777575608,0.0,0.0,0.0,STARLINK-3912,0,N/A,N/A,0.0,197.58000057899244,False,0.0,0.0,0.0,120.67609571238135,0.1508451196404767,Insufficient Energy for CPU+NET,N/A,N/A,N/A
2438,CPU_Intensive,Rejected,246.1396065044696,N/A,N/A,N/A,0.268628434356299,0.0,0.0,0.0,STARLINK-3912,0,N/A,N/A,0.0,0.08555486505383994,False,0.0,0.0,0.0,120.67609571238135,0.1508451196404767,Insufficient Energy for CPU,N/A,N/A,N/A
2439,CPU_and_Data_Intensive,Rejected,246.20283176673223,N/A,N/A,N/A,0.2242051300508127,0.0,0.0,0.0,STARLINK-3912,0,N/A,N/A,0.0,13.294771901013188,False,0.0,0.0,0.0,120.67609571238135,0.1508451196404767,Insufficient Energy for CPU+NET,N/A,N/A,N/A
2440,CPU_and_Data_Intensive,Rejected,246.2576074925562,N/A,N/A,N/A,0.6659921307038238,0.0,0.0,0.0,STARLINK-3912,0,N/A,N/A,0.0,11.96242515802258,False,0.0,0.0,0.0,120.67609571238135,0.1508451196404767,Insufficient Energy for CPU+NET,N/A,N/A,N/A
2441,Generic_Service,Rejected,246.29118427980123,N/A,N/A,N/A,0.02976218890444723,0.0,0.0,0.0,STARLINK-3912,0,N/A,N/A,0.0,0.07756384340053807,False,0.0,0.0,0.0,120.67609571238135,0.1508451196404767,Insufficient Energy for CPU,N/A,N/A,N/A
2443,CPU_Intensive,Rejected,246.51271692717512,N/A,N/A,N/A,0.5774868101099546,0.0,0.0,0.0,STARLINK-3912,0,N/A,N/A,0.0,0.03866744440794414,False,0.0,0.0,0.0,120.67609571238135,0.1508451196404767,Insufficient Energy for CPU,N/A,N/A,N/A
2444,CPU_Intensive,Rejected,246.53628258408125,N/A,N/A,N/A,0.24916804091356623,0.0,0.0,0.0,STARLINK-3912,0,N/A,N/A,0.0,0.08583702665934839,False,0.0,0.0,0.0,120.67609571238135,0.1508451196404767,Insufficient Energy for CPU,N/A,N/A,N/A
2445,CPU_Intensive,Rejected,246.5479113758564,N/A,N/A,N/A,0.3321174560504658,0.0,0.0,0.0,STARLINK-3912,0,N/A,N/A,0.0,0.030721622407994233,False,0.0,0.0,0.0,120.67609571238135,0.1508451196404767,Insufficient Energy for CPU,N/A,N/A,N/A
2446,CPU_and_Data_Intensive,Rejected,246.5771139426634,N/A,N/A,N/A,1.175443480638416,0.0,0.0,0.0,STARLINK-3912,0,N/A,N/A,0.0,1.1239964041824049,False,0.0,0.0,0.0,120.67609571238135,0.1508451196404767,Insufficient Energy for CPU+NET,N/A,N/A,N/A
2447,CPU_Intensive,Rejected,246.58079280591784,N/A,N/A,N/A,0.13399564662646773,0.0,0.0,0.0,STARLINK-3912,0,N/A,N/A,0.0,0.03741117187266587,False,0.0,0.0,0.0,120.67609571238135,0.1508451196404767,Insufficient Energy for CPU,N/A,N/A,N/A
2449,CPU_Intensive,Rejected,246.73813437997774,N/A,N/A,N/A,0.07404685658368279,0.0,0.0,0.0,STARLINK-3912,0,N/A,N/A,0.0,0.019946147784444524,False,0.0,0.0,0.0,120.67609571238135,0.1508451196404767,Insufficient Energy for CPU,N/A,N/A,N/A
2450,CPU_Intensive,Rejected,246.85066514619518,N/A,N/A,N/A,0.6667484207737596,0.0,0.0,0.0,STARLINK-3912,0,N/A,N/A,0.0,0.04186906986286351,False,0.0,0.0,0.0,120.67609571238135,0.1508451196404767,Insufficient Energy for CPU,N/A,N/A,N/A
2451,CPU_and_Data_Intensive,Rejected,246.85188566666878,N/A,N/A,N/A,0.9752144007186813,0.0,0.0,0.0,STARLINK-3912,0,N/A,N/A,0.0,1.3829258290838977,False,0.0,0.0,0.0,120.67609571238135,0.1508451196404767,Insufficient Energy for CPU+NET,N/A,N/A,N/A
2453,CPU_Intensive,Rejected,247.00545568530336,N/A,N/A,N/A,1.1046645682132716,0.0,0.0,0.0,STARLINK-3912,0,N/A,N/A,0.0,0.06650753721051696,False,0.0,0.0,0.0,120.67609571238135,0.1508451196404767,Insufficient Energy for CPU,N/A,N/A,N/A
2452,CPU_and_Data_Intensive,Rejected,247.0038213803162,N/A,N/A,N/A,0.4727537116383369,0.0,0.0,0.0,STARLINK-3912,0,N/A,N/A,0.0,149.02003538394123,False,0.0,0.0,0.0,120.67609571238135,0.1508451196404767,Insufficient Energy for CPU+NET,N/A,N/A,N/A
2455,CPU_Intensive,Rejected,247.17534954478828,N/A,N/A,N/A,0.22391785831623406,0.0,0.0,0.0,STARLINK-3912,0,N/A,N/A,0.0,0.08160310494454164,False,0.0,0.0,0.0,120.67609571238135,0.1508451196404767,Insufficient Energy for CPU,N/A,N/A,N/A
2456,Generic_Service,Rejected,247.37713672330293,N/A,N/A,N/A,0.039394172714783286,0.0,0.0,0.0,STARLINK-3912,0,N/A,N/A,0.0,0.06850710040863793,False,0.0,0.0,0.0,120.67609571238135,0.1508451196404767,Insufficient Energy for CPU,N/A,N/A,N/A
2458,CPU_Intensive,Rejected,247.43816570653132,N/A,N/A,N/A,0.37336281562072227,0.0,0.0,0.0,STARLINK-3912,0,N/A,N/A,0.0,0.07041980513034114,False,0.0,0.0,0.0,120.67609571238135,0.1508451196404767,Insufficient Energy for CPU,N/A,N/A,N/A
2459,CPU_Intensive,Rejected,247.50059552438407,N/A,N/A,N/A,0.3215373911338331,0.0,0.0,0.0,STARLINK-3912,0,N/A,N/A,0.0,0.0579993471776947,False,0.0,0.0,0.0,120.67609571238135,0.1508451196404767,Insufficient Energy for CPU,N/A,N/A,N/A
2460,CPU_and_Data_Intensive,Rejected,247.60147637307543,N/A,N/A,N/A,0.6223816549803342,0.0,0.0,0.0,STARLINK-3912,0,N/A,N/A,0.0,16.031004547895467,False,0.0,0.0,0.0,120.67609571238135,0.1508451196404767,Insufficient Energy for CPU+NET,N/A,N/A,N/A
2462,CPU_Intensive,Rejected,247.85083136576236,N/A,N/A,N/A,0.022550869143392042,0.0,0.0,0.0,STARLINK-3912,0,N/A,N/A,0.0,0.05169395964475597,False,0.0,0.0,0.0,120.67609571238135,0.1508451196404767,Insufficient Energy for CPU,N/A,N/A,N/A
2463,CPU_and_Data_Intensive,Rejected,247.89278388748158,N/A,N/A,N/A,1.0071442192957087,0.0,0.0,0.0,STARLINK-3912,0,N/A,N/A,0.0,1.2047659620968554,False,0.0,0.0,0.0,120.67609571238135,0.1508451196404767,Insufficient Energy for CPU+NET,N/A,N/A,N/A
2464,CPU_and_Data_Intensive,Rejected,247.9528134379272,N/A,N/A,N/A,0.06784575439465527,0.0,0.0,0.0,STARLINK-3912,0,N/A,N/A,0.0,1.8779008582772763,False,0.0,0.0,0.0,120.67609571238135,0.1508451196404767,Insufficient Energy for CPU+NET,N/A,N/A,N/A
2465,CPU_Intensive,Rejected,247.96041898874003,N/A,N/A,N/A,0.18104503228627514,0.0,0.0,0.0,STARLINK-3912,0,N/A,N/A,0.0,0.05555746296415587,False,0.0,0.0,0.0,120.67609571238135,0.1508451196404767,Insufficient Energy for CPU,N/A,N/A,N/A
2466,CPU_and_Data_Intensive,Rejected,247.9632595709893,N/A,N/A,N/A,1.3275634726574532,0.0,0.0,0.0,STARLINK-3912,0,N/A,N/A,0.0,22.767142970622622,False,0.0,0.0,0.0,120.67609571238135,0.1508451196404767,Insufficient Energy for CPU+NET,N/A,N/A,N/A
2468,Generic_Service,Rejected,248.07278270019611,N/A,N/A,N/A,0.09858563999925983,0.0,0.0,0.0,STARLINK-3912,0,N/A,N/A,0.0,0.07343707724260333,False,0.0,0.0,0.0,120.67609571238135,0.1508451196404767,Insufficient Energy for CPU,N/A,N/A,N/A
2471,Generic_Service,Rejected,248.2816564205819,N/A,N/A,N/A,0.21128456119811273,0.0,0.0,0.0,STARLINK-3912,0,N/A,N/A,0.0,0.045990229505806626,False,0.0,0.0,0.0,120.67609571238135,0.1508451196404767,Insufficient Energy for CPU,N/A,N/A,N/A
2472,CPU_Intensive,Rejected,248.28768975912084,N/A,N/A,N/A,0.5147758289058225,0.0,0.0,0.0,STARLINK-3912,0,N/A,N/A,0.0,0.04224549651729854,False,0.0,0.0,0.0,120.67609571238135,0.1508451196404767,Insufficient Energy for CPU,N/A,N/A,N/A
2473,CPU_Intensive,Rejected,248.43856812136013,N/A,N/A,N/A,0.574603464370267,0.0,0.0,0.0,STARLINK-3912,0,N/A,N/A,0.0,0.07213639227838246,False,0.0,0.0,0.0,120.67609571238135,0.1508451196404767,Insufficient Energy for CPU,N/A,N/A,N/A
2478,Generic_Service,Rejected,248.82318694664997,N/A,N/A,N/A,0.06794443353469841,0.0,0.0,0.0,STARLINK-3912,0,N/A,N/A,0.0,0.017589954232114104,False,0.0,0.0,0.0,120.67609571238135,0.1508451196404767,Insufficient Energy for CPU,N/A,N/A,N/A
2479,CPU_and_Data_Intensive,Rejected,249.00448891915224,N/A,N/A,N/A,0.6748129214261831,0.0,0.0,0.0,STARLINK-3912,0,N/A,N/A,0.0,4.075950007780461,False,0.0,0.0,0.0,120.67609571238135,0.1508451196404767,Insufficient Energy for CPU+NET,N/A,N/A,N/A
2480,Generic_Service,Rejected,249.08384773988612,N/A,N/A,N/A,0.11755841149961926,0.0,0.0,0.0,STARLINK-3912,0,N/A,N/A,0.0,0.029817705700685752,False,0.0,0.0,0.0,120.67609571238135,0.1508451196404767,Insufficient Energy for CPU,N/A,N/A,N/A
2481,CPU_Intensive,Rejected,249.1294030148883,N/A,N/A,N/A,0.9553464635673812,0.0,0.0,0.0,STARLINK-3912,0,N/A,N/A,0.0,0.04041386088173053,False,0.0,0.0,0.0,120.67609571238135,0.1508451196404767,Insufficient Energy for CPU,N/A,N/A,N/A
2482,CPU_and_Data_Intensive,Rejected,249.13431931988595,N/A,N/A,N/A,0.0907512938301777,0.0,0.0,0.0,STARLINK-3912,0,N/A,N/A,0.0,9.306895455412619,False,0.0,0.0,0.0,120.67609571238135,0.1508451196404767,Insufficient Energy for CPU+NET,N/A,N/A,N/A
2483,CPU_Intensive,Rejected,249.17788971465308,N/A,N/A,N/A,0.6785530996931813,0.0,0.0,0.0,STARLINK-3912,0,N/A,N/A,0.0,0.07660728676291663,False,0.0,0.0,0.0,120.67609571238135,0.1508451196404767,Insufficient Energy for CPU,N/A,N/A,N/A
2484,CPU_Intensive,Rejected,249.1789091528804,N/A,N/A,N/A,0.7731223599473529,0.0,0.0,0.0,STARLINK-3912,0,N/A,N/A,0.0,0.064386771327282,False,0.0,0.0,0.0,120.67609571238135,0.1508451196404767,Insufficient Energy for CPU,N/A,N/A,N/A
2486,CPU_and_Data_Intensive,Rejected,249.47338436014766,N/A,N/A,N/A,0.5786602953290911,0.0,0.0,0.0,STARLINK-3912,0,N/A,N/A,0.0,14.20111368140481,False,0.0,0.0,0.0,120.67609571238135,0.1508451196404767,Insufficient Energy for CPU+NET,N/A,N/A,N/A
2487,CPU_Intensive,Rejected,249.67532809877676,N/A,N/A,N/A,0.41520780017354675,0.0,0.0,0.0,STARLINK-3912,0,N/A,N/A,0.0,0.06915322923137102,False,0.0,0.0,0.0,120.67609571238135,0.1508451196404767,Insufficient Energy for CPU,N/A,N/A,N/A
2488,CPU_Intensive,Rejected,249.73642930267374,N/A,N/A,N/A,1.3494528537066233,0.0,0.0,0.0,STARLINK-3912,0,N/A,N/A,0.0,0.04905449300195746,False,0.0,0.0,0.0,120.67609571238135,0.1508451196404767,Insufficient Energy for CPU,N/A,N/A,N/A
2489,CPU_Intensive,Rejected,249.79995657169928,N/A,N/A,N/A,0.1046106231851682,0.0,0.0,0.0,STARLINK-3912,0,N/A,N/A,0.0,0.029163184271568776,False,0.0,0.0,0.0,120.67609571238135,0.1508451196404767,Insufficient Energy for CPU,N/A,N/A,N/A
2490,CPU_and_Data_Intensive,Rejected,249.85420779313992,N/A,N/A,N/A,0.7212013278832821,0.0,0.0,0.0,STARLINK-3912,0,N/A,N/A,0.0,11.802103843506703,False,0.0,0.0,0.0,120.67609571238135,0.1508451196404767,Insufficient Energy for CPU+NET,N/A,N/A,N/A
2491,CPU_and_Data_Intensive,Rejected,249.96597308785087,N/A,N/A,N/A,0.32519094899437734,0.0,0.0,0.0,STARLINK-3912,0,N/A,N/A,0.0,14.988275514023488,False,0.0,0.0,0.0,120.67609571238135,0.1508451196404767,Insufficient Energy for CPU+NET,N/A,N/A,N/A
2492,CPU_Intensive,Rejected,250.10563493911306,N/A,N/A,N/A,0.20898007546397862,0.0,0.0,0.0,STARLINK-3912,0,N/A,N/A,0.0,0.06697766107727937,False,0.0,0.0,0.0,120.67609571238135,0.1508451196404767,Insufficient Energy for CPU,N/A,N/A,N/A
2494,Generic_Service,Rejected,250.15891556923276,N/A,N/A,N/A,0.14905944186589765,0.0,0.0,0.0,STARLINK-3912,0,N/A,N/A,0.0,0.05916561933425036,False,0.0,0.0,0.0,120.67609571238135,0.1508451196404767,Insufficient Energy for CPU,N/A,N/A,N/A
2495,CPU_Intensive,Rejected,250.20017356938638,N/A,N/A,N/A,0.2677443971873022,0.0,0.0,0.0,STARLINK-3912,0,N/A,N/A,0.0,0.030080456780176353,False,0.0,0.0,0.0,120.67609571238135,0.1508451196404767,Insufficient Energy for CPU,N/A,N/A,N/A
2496,Generic_Service,Rejected,250.29077252656796,N/A,N/A,N/A,0.06712608355512077,0.0,0.0,0.0,STARLINK-3912,0,N/A,N/A,0.0,0.06568045831532521,False,0.0,0.0,0.0,120.67609571238135,0.1508451196404767,Insufficient Energy for CPU,N/A,N/A,N/A
2498,CPU_Intensive,Rejected,250.4646337403391,N/A,N/A,N/A,0.5135432872986566,0.0,0.0,0.0,STARLINK-3912,0,N/A,N/A,0.0,0.03637720932260501,False,0.0,0.0,0.0,120.67609571238135,0.1508451196404767,Insufficient Energy for CPU,N/A,N/A,N/A
2499,CPU_and_Data_Intensive,Rejected,250.50736753609488,N/A,N/A,N/A,0.20668515456842326,0.0,0.0,0.0,STARLINK-3912,0,N/A,N/A,0.0,3.1717261337445812,False,0.0,0.0,0.0,120.67609571238135,0.1508451196404767,Insufficient Energy for CPU+NET,N/A,N/A,N/A
2501,CPU_Intensive,Rejected,250.5410703056937,N/A,N/A,N/A,0.5671564673689743,0.0,0.0,0.0,STARLINK-3912,0,N/A,N/A,0.0,0.07962353347769177,False,0.0,0.0,0.0,120.67609571238135,0.1508451196404767,Insufficient Energy for CPU,N/A,N/A,N/A
2504,CPU_and_Data_Intensive,Rejected,250.65779149449466,N/A,N/A,N/A,0.32202881845104464,0.0,0.0,0.0,STARLINK-3912,0,N/A,N/A,0.0,2.4014290720754916,False,0.0,0.0,0.0,120.67609571238135,0.1508451196404767,Insufficient Energy for CPU+NET,N/A,N/A,N/A
2505,CPU_and_Data_Intensive,Rejected,250.92855867433573,N/A,N/A,N/A,0.15575162126212957,0.0,0.0,0.0,STARLINK-3912,0,N/A,N/A,0.0,1.245398006565968,False,0.0,0.0,0.0,120.67609571238135,0.1508451196404767,Insufficient Energy for CPU+NET,N/A,N/A,N/A
2506,CPU_Intensive,Rejected,250.9313225457124,N/A,N/A,N/A,0.9080182458353159,0.0,0.0,0.0,STARLINK-3912,0,N/A,N/A,0.0,0.02558816368862072,False,0.0,0.0,0.0,120.67609571238135,0.1508451196404767,Insufficient Energy for CPU,N/A,N/A,N/A
2507,CPU_Intensive,Rejected,251.16885047358397,N/A,N/A,N/A,0.41268685003069894,0.0,0.0,0.0,STARLINK-3912,0,N/A,N/A,0.0,0.01342805675507384,False,0.0,0.0,0.0,120.67609571238135,0.1508451196404767,Insufficient Energy for CPU,N/A,N/A,N/A
2509,CPU_Intensive,Rejected,251.31488519983347,N/A,N/A,N/A,0.177236120555428,0.0,0.0,0.0,STARLINK-3912,0,N/A,N/A,0.0,0.02428100791921065,False,0.0,0.0,0.0,120.67609571238135,0.1508451196404767,Insufficient Energy for CPU,N/A,N/A,N/A
2511,CPU_Intensive,Rejected,251.55840301540678,N/A,N/A,N/A,0.8324083799853257,0.0,0.0,0.0,STARLINK-3912,0,N/A,N/A,0.0,0.04440126723616087,False,0.0,0.0,0.0,120.67609571238135,0.1508451196404767,Insufficient Energy for CPU,N/A,N/A,N/A
2512,CPU_Intensive,Rejected,251.60459222126886,N/A,N/A,N/A,0.22118523227486003,0.0,0.0,0.0,STARLINK-3912,0,N/A,N/A,0.0,0.06754470161345025,False,0.0,0.0,0.0,120.67609571238135,0.1508451196404767,Insufficient Energy for CPU,N/A,N/A,N/A
2514,CPU_Intensive,Rejected,251.7052555816877,N/A,N/A,N/A,0.05754477023657473,0.0,0.0,0.0,STARLINK-3912,0,N/A,N/A,0.0,0.07146272144132369,False,0.0,0.0,0.0,120.67609571238135,0.1508451196404767,Insufficient Energy for CPU,N/A,N/A,N/A
2515,CPU_Intensive,Rejected,251.93106310031564,N/A,N/A,N/A,0.08851031965412233,0.0,0.0,0.0,STARLINK-3912,0,N/A,N/A,0.0,0.03792144552775493,False,0.0,0.0,0.0,120.67609571238135,0.1508451196404767,Insufficient Energy for CPU,N/A,N/A,N/A
2516,CPU_and_Data_Intensive,Rejected,251.9862214174013,N/A,N/A,N/A,0.8592844843756979,0.0,0.0,0.0,STARLINK-3912,0,N/A,N/A,0.0,11.14937099458902,False,0.0,0.0,0.0,120.67609571238135,0.1508451196404767,Insufficient Energy for CPU+NET,N/A,N/A,N/A
2518,CPU_Intensive,Rejected,252.134696705868,N/A,N/A,N/A,0.565435066363835,0.0,0.0,0.0,STARLINK-3912,0,N/A,N/A,0.0,0.02498510948115165,False,0.0,0.0,0.0,120.67609571238135,0.1508451196404767,Insufficient Energy for CPU,N/A,N/A,N/A
2519,CPU_Intensive,Rejected,252.19361984070025,N/A,N/A,N/A,0.3041351816795393,0.0,0.0,0.0,STARLINK-3912,0,N/A,N/A,0.0,0.057478158101755404,False,0.0,0.0,0.0,120.67609571238135,0.1508451196404767,Insufficient Energy for CPU,N/A,N/A,N/A
2520,Generic_Service,Rejected,252.21953832117427,N/A,N/A,N/A,0.0406583866613386,0.0,0.0,0.0,STARLINK-3912,0,N/A,N/A,0.0,0.050172577143722835,False,0.0,0.0,0.0,120.67609571238135,0.1508451196404767,Insufficient Energy for CPU,N/A,N/A,N/A
2522,Generic_Service,Rejected,252.479076915049,N/A,N/A,N/A,0.14508030211551276,0.0,0.0,0.0,STARLINK-3912,0,N/A,N/A,0.0,0.029600931117967896,False,0.0,0.0,0.0,120.67609571238135,0.1508451196404767,Insufficient Energy for CPU,N/A,N/A,N/A
2523,CPU_Intensive,Rejected,252.67039673653278,N/A,N/A,N/A,0.03880057496600473,0.0,0.0,0.0,STARLINK-3912,0,N/A,N/A,0.0,0.06222235942497952,False,0.0,0.0,0.0,120.67609571238135,0.1508451196404767,Insufficient Energy for CPU,N/A,N/A,N/A
2524,CPU_Intensive,Rejected,252.69378173471813,N/A,N/A,N/A,0.21510424607648643,0.0,0.0,0.0,STARLINK-3912,0,N/A,N/A,0.0,0.016083617150886884,False,0.0,0.0,0.0,120.67609571238135,0.1508451196404767,Insufficient Energy for CPU,N/A,N/A,N/A
2526,CPU_and_Data_Intensive,Rejected,252.7320916294075,N/A,N/A,N/A,0.7049436726974782,0.0,0.0,0.0,STARLINK-3912,0,N/A,N/A,0.0,0.7875890703822622,False,0.0,0.0,0.0,120.67609571238135,0.1508451196404767,Insufficient Energy for CPU+NET,N/A,N/A,N/A
2527,CPU_Intensive,Rejected,252.94585291032982,N/A,N/A,N/A,0.5667509760438529,0.0,0.0,0.0,STARLINK-3912,0,N/A,N/A,0.0,0.07700973989322844,False,0.0,0.0,0.0,120.67609571238135,0.1508451196404767,Insufficient Energy for CPU,N/A,N/A,N/A
2531,CPU_Intensive,Rejected,253.06346760417728,N/A,N/A,N/A,1.4263856549655156,0.0,0.0,0.0,STARLINK-3912,0,N/A,N/A,0.0,0.07840537157799987,False,0.0,0.0,0.0,120.67609571238135,0.1508451196404767,Insufficient Energy for CPU,N/A,N/A,N/A
2532,CPU_Intensive,Rejected,253.09451368977236,N/A,N/A,N/A,1.5501496045424017,0.0,0.0,0.0,STARLINK-3912,0,N/A,N/A,0.0,0.06418412834204856,False,0.0,0.0,0.0,120.67609571238135,0.1508451196404767,Insufficient Energy for CPU,N/A,N/A,N/A
2533,CPU_Intensive,Rejected,253.09624146307905,N/A,N/A,N/A,0.4156739407827516,0.0,0.0,0.0,STARLINK-3912,0,N/A,N/A,0.0,0.05699851987051878,False,0.0,0.0,0.0,120.67609571238135,0.1508451196404767,Insufficient Energy for CPU,N/A,N/A,N/A
2534,CPU_Intensive,Rejected,253.32013509938832,N/A,N/A,N/A,0.060733962521955634,0.0,0.0,0.0,STARLINK-3912,0,N/A,N/A,0.0,0.0249013762269596,False,0.0,0.0,0.0,120.67609571238135,0.1508451196404767,Insufficient Energy for CPU,N/A,N/A,N/A
2535,CPU_and_Data_Intensive,Rejected,253.454366815278,N/A,N/A,N/A,0.08095076913007086,0.0,0.0,0.0,STARLINK-3912,0,N/A,N/A,0.0,10.82407001450952,False,0.0,0.0,0.0,120.67609571238135,0.1508451196404767,Insufficient Energy for CPU+NET,N/A,N/A,N/A
2536,Generic_Service,Rejected,253.6236282652137,N/A,N/A,N/A,0.15371483133009778,0.0,0.0,0.0,STARLINK-3912,0,N/A,N/A,0.0,0.024494595105718622,False,0.0,0.0,0.0,120.67609571238135,0.1508451196404767,Insufficient Energy for CPU,N/A,N/A,N/A
2537,CPU_and_Data_Intensive,Rejected,253.66904292475493,N/A,N/A,N/A,1.20780569307927,0.0,0.0,0.0,STARLINK-3912,0,N/A,N/A,0.0,5.1917232846948895,False,0.0,0.0,0.0,120.67609571238135,0.1508451196404767,Insufficient Energy for CPU+NET,N/A,N/A,N/A
2538,Generic_Service,Rejected,253.8664736982416,N/A,N/A,N/A,0.06527863986930728,0.0,0.0,0.0,STARLINK-3912,0,N/A,N/A,0.0,0.07241116501042537,False,0.0,0.0,0.0,120.67609571238135,0.1508451196404767,Insufficient Energy for CPU,N/A,N/A,N/A
2539,CPU_and_Data_Intensive,Rejected,254.22373397903024,N/A,N/A,N/A,0.6577767573891182,0.0,0.0,0.0,STARLINK-3912,0,N/A,N/A,0.0,23.59856832356557,False,0.0,0.0,0.0,120.67609571238135,0.1508451196404767,Insufficient Energy for CPU+NET,N/A,N/A,N/A
2540,CPU_and_Data_Intensive,Rejected,254.3242569897797,N/A,N/A,N/A,0.33930269587899575,0.0,0.0,0.0,STARLINK-3912,0,N/A,N/A,0.0,0.452604179564729,False,0.0,0.0,0.0,120.67609571238135,0.1508451196404767,Insufficient Energy for CPU+NET,N/A,N/A,N/A
2542,Generic_Service,Rejected,254.5129502959536,N/A,N/A,N/A,0.02650449356715205,0.0,0.0,0.0,STARLINK-3912,0,N/A,N/A,0.0,0.012040256692728783,False,0.0,0.0,0.0,120.67609571238135,0.1508451196404767,Insufficient Energy for CPU,N/A,N/A,N/A
2543,CPU_Intensive,Rejected,254.61218941477566,N/A,N/A,N/A,0.5770328957608793,0.0,0.0,0.0,STARLINK-3912,0,N/A,N/A,0.0,0.03520122417859513,False,0.0,0.0,0.0,120.67609571238135,0.1508451196404767,Insufficient Energy for CPU,N/A,N/A,N/A
2544,Generic_Service,Rejected,254.65213093796586,N/A,N/A,N/A,0.07912391730868852,0.0,0.0,0.0,STARLINK-3912,0,N/A,N/A,0.0,0.019362399219766152,False,0.0,0.0,0.0,120.67609571238135,0.1508451196404767,Insufficient Energy for CPU,N/A,N/A,N/A
2545,CPU_and_Data_Intensive,Rejected,254.79601234108102,N/A,N/A,N/A,0.08244339212248317,0.0,0.0,0.0,STARLINK-3912,0,N/A,N/A,0.0,23.420867906472996,False,0.0,0.0,0.0,120.67609571238135,0.1508451196404767,Insufficient Energy for CPU+NET,N/A,N/A,N/A
2547,CPU_Intensive,Rejected,254.82329472520442,N/A,N/A,N/A,0.022213096689866114,0.0,0.0,0.0,STARLINK-3912,0,N/A,N/A,0.0,0.05043415680998253,False,0.0,0.0,0.0,120.67609571238135,0.1508451196404767,Insufficient Energy for CPU,N/A,N/A,N/A
2549,CPU_Intensive,Rejected,254.85416091364468,N/A,N/A,N/A,0.2840457989285972,0.0,0.0,0.0,STARLINK-3912,0,N/A,N/A,0.0,0.014557972379374801,False,0.0,0.0,0.0,120.67609571238135,0.1508451196404767,Insufficient Energy for CPU,N/A,N/A,N/A
2546,CPU_and_Data_Intensive,Rejected,254.79703171281855,N/A,N/A,N/A,0.7206290109253767,0.0,0.0,0.0,STARLINK-3912,0,N/A,N/A,0.0,192.06132070389785,False,0.0,0.0,0.0,120.67609571238135,0.1508451196404767,Insufficient Energy for CPU+NET,N/A,N/A,N/A
2550,CPU_and_Data_Intensive,Rejected,254.9729667228124,N/A,N/A,N/A,0.13260224535428328,0.0,0.0,0.0,STARLINK-3912,0,N/A,N/A,0.0,1.1736612624168083,False,0.0,0.0,0.0,120.67609571238135,0.1508451196404767,Insufficient Energy for CPU+NET,N/A,N/A,N/A
2551,CPU_and_Data_Intensive,Rejected,255.1690575537168,N/A,N/A,N/A,0.7207685032395866,0.0,0.0,0.0,STARLINK-3912,0,N/A,N/A,0.0,1.382351080483487,False,0.0,0.0,0.0,120.67609571238135,0.1508451196404767,Insufficient Energy for CPU+NET,N/A,N/A,N/A
2552,Generic_Service,Rejected,255.16992844377566,N/A,N/A,N/A,0.09954714173826759,0.0,0.0,0.0,STARLINK-3912,0,N/A,N/A,0.0,0.05788391109461467,False,0.0,0.0,0.0,120.67609571238135,0.1508451196404767,Insufficient Energy for CPU,N/A,N/A,N/A
2553,Generic_Service,Rejected,255.5629189578188,N/A,N/A,N/A,0.0251004497738068,0.0,0.0,0.0,STARLINK-3912,0,N/A,N/A,0.0,0.056476850593844406,False,0.0,0.0,0.0,120.67609571238135,0.1508451196404767,Insufficient Energy for CPU,N/A,N/A,N/A
2555,CPU_Intensive,Rejected,255.59393613128628,N/A,N/A,N/A,1.0570915789317508,0.0,0.0,0.0,STARLINK-3912,0,N/A,N/A,0.0,0.04951025115662496,False,0.0,0.0,0.0,120.67609571238135,0.1508451196404767,Insufficient Energy for CPU,N/A,N/A,N/A
2556,CPU_Intensive,Rejected,255.72386124546068,N/A,N/A,N/A,0.03531899397812154,0.0,0.0,0.0,STARLINK-3912,0,N/A,N/A,0.0,0.06002106618102365,False,0.0,0.0,0.0,120.67609571238135,0.1508451196404767,Insufficient Energy for CPU,N/A,N/A,N/A
2557,Generic_Service,Rejected,255.73460648335148,N/A,N/A,N/A,0.34424854842865127,0.0,0.0,0.0,STARLINK-3912,0,N/A,N/A,0.0,0.026355490537382398,False,0.0,0.0,0.0,120.67609571238135,0.1508451196404767,Insufficient Energy for CPU,N/A,N/A,N/A
2558,Generic_Service,Rejected,255.8043901079821,N/A,N/A,N/A,0.043750530771276386,0.0,0.0,0.0,STARLINK-3912,0,N/A,N/A,0.0,0.08481419427758366,False,0.0,0.0,0.0,120.67609571238135,0.1508451196404767,Insufficient Energy for CPU,N/A,N/A,N/A
2559,CPU_Intensive,Rejected,255.81882526632646,N/A,N/A,N/A,1.2674562288303077,0.0,0.0,0.0,STARLINK-3912,0,N/A,N/A,0.0,0.06958432410190268,False,0.0,0.0,0.0,120.67609571238135,0.1508451196404767,Insufficient Energy for CPU,N/A,N/A,N/A
2560,CPU_Intensive,Rejected,255.8881067450895,N/A,N/A,N/A,0.22042721876288116,0.0,0.0,0.0,STARLINK-3912,0,N/A,N/A,0.0,0.07749080534341934,False,0.0,0.0,0.0,120.67609571238135,0.1508451196404767,Insufficient Energy for CPU,N/A,N/A,N/A
2561,CPU_Intensive,Rejected,255.90312894571105,N/A,N/A,N/A,0.06641097406204784,0.0,0.0,0.0,STARLINK-3912,0,N/A,N/A,0.0,0.020686958429957075,False,0.0,0.0,0.0,120.67609571238135,0.1508451196404767,Insufficient Energy for CPU,N/A,N/A,N/A
2562,Generic_Service,Rejected,256.0678771785878,N/A,N/A,N/A,0.03427934076001524,0.0,0.0,0.0,STARLINK-3912,0,N/A,N/A,0.0,0.038256106414594364,False,0.0,0.0,0.0,120.67609571238135,0.1508451196404767,Insufficient Energy for CPU,N/A,N/A,N/A
2563,CPU_and_Data_Intensive,Rejected,256.08669542041065,N/A,N/A,N/A,0.237071827786809,0.0,0.0,0.0,STARLINK-3912,0,N/A,N/A,0.0,15.664066717794455,False,0.0,0.0,0.0,120.67609571238135,0.1508451196404767,Insufficient Energy for CPU+NET,N/A,N/A,N/A
2564,CPU_and_Data_Intensive,Rejected,256.4098900961631,N/A,N/A,N/A,0.31737571459210306,0.0,0.0,0.0,STARLINK-3912,0,N/A,N/A,0.0,2.161382325723009,False,0.0,0.0,0.0,120.67609571238135,0.1508451196404767,Insufficient Energy for CPU+NET,N/A,N/A,N/A
2566,CPU_Intensive,Rejected,256.5650330147084,N/A,N/A,N/A,0.07964821508131865,0.0,0.0,0.0,STARLINK-3912,0,N/A,N/A,0.0,0.02944454275996221,False,0.0,0.0,0.0,120.67609571238135,0.1508451196404767,Insufficient Energy for CPU,N/A,N/A,N/A
2567,CPU_and_Data_Intensive,Rejected,256.596566354245,N/A,N/A,N/A,0.14405897498724002,0.0,0.0,0.0,STARLINK-3912,0,N/A,N/A,0.0,1.5707576817750262,False,0.0,0.0,0.0,120.67609571238135,0.1508451196404767,Insufficient Energy for CPU+NET,N/A,N/A,N/A
2568,CPU_and_Data_Intensive,Rejected,256.80774942394333,N/A,N/A,N/A,0.09478701080751946,0.0,0.0,0.0,STARLINK-3912,0,N/A,N/A,0.0,10.507270361993662,False,0.0,0.0,0.0,120.67609571238135,0.1508451196404767,Insufficient Energy for CPU+NET,N/A,N/A,N/A
2569,Generic_Service,Rejected,257.11468188288393,N/A,N/A,N/A,0.0851916885914723,0.0,0.0,0.0,STARLINK-3912,0,N/A,N/A,0.0,0.07072133374959326,False,0.0,0.0,0.0,120.67609571238135,0.1508451196404767,Insufficient Energy for CPU,N/A,N/A,N/A
2570,CPU_and_Data_Intensive,Rejected,257.22292186063623,N/A,N/A,N/A,0.2089443216491358,0.0,0.0,0.0,STARLINK-3912,0,N/A,N/A,0.0,18.677491577223037,False,0.0,0.0,0.0,120.67609571238135,0.1508451196404767,Insufficient Energy for CPU+NET,N/A,N/A,N/A
2571,Generic_Service,Rejected,257.2449203416502,N/A,N/A,N/A,0.08650035618767235,0.0,0.0,0.0,STARLINK-3912,0,N/A,N/A,0.0,0.03558799072999718,False,0.0,0.0,0.0,120.67609571238135,0.1508451196404767,Insufficient Energy for CPU,N/A,N/A,N/A
2572,CPU_Intensive,Rejected,257.2510193641387,N/A,N/A,N/A,0.09015554427107213,0.0,0.0,0.0,STARLINK-3912,0,N/A,N/A,0.0,0.08171040256812653,False,0.0,0.0,0.0,120.67609571238135,0.1508451196404767,Insufficient Energy for CPU,N/A,N/A,N/A
2573,Generic_Service,Rejected,257.3439989632289,N/A,N/A,N/A,0.13698390721731538,0.0,0.0,0.0,STARLINK-3912,0,N/A,N/A,0.0,0.019573314135094222,False,0.0,0.0,0.0,120.67609571238135,0.1508451196404767,Insufficient Energy for CPU,N/A,N/A,N/A
2574,Generic_Service,Rejected,257.379254823337,N/A,N/A,N/A,0.08030596571963734,0.0,0.0,0.0,STARLINK-3912,0,N/A,N/A,0.0,0.06116680932376887,False,0.0,0.0,0.0,120.67609571238135,0.1508451196404767,Insufficient Energy for CPU,N/A,N/A,N/A
2575,Generic_Service,Rejected,257.5543383474219,N/A,N/A,N/A,0.1623802509263377,0.0,0.0,0.0,STARLINK-3912,0,N/A,N/A,0.0,0.030231082169915553,False,0.0,0.0,0.0,120.67609571238135,0.1508451196404767,Insufficient Energy for CPU,N/A,N/A,N/A
2576,CPU_and_Data_Intensive,Rejected,257.7164772309212,N/A,N/A,N/A,0.9487828798282999,0.0,0.0,0.0,STARLINK-3912,0,N/A,N/A,0.0,137.2103049970707,False,0.0,0.0,0.0,120.67609571238135,0.1508451196404767,Insufficient Energy for CPU+NET,N/A,N/A,N/A
2577,Generic_Service,Rejected,257.7871405499862,N/A,N/A,N/A,0.09620973776555648,0.0,0.0,0.0,STARLINK-3912,0,N/A,N/A,0.0,0.0766289909883976,False,0.0,0.0,0.0,120.67609571238135,0.1508451196404767,Insufficient Energy for CPU,N/A,N/A,N/A
2578,CPU_Intensive,Rejected,257.81878664781027,N/A,N/A,N/A,0.137134165961902,0.0,0.0,0.0,STARLINK-3912,0,N/A,N/A,0.0,0.07162957852539333,False,0.0,0.0,0.0,120.67609571238135,0.1508451196404767,Insufficient Energy for CPU,N/A,N/A,N/A
2579,CPU_Intensive,Rejected,258.08299049555797,N/A,N/A,N/A,0.2455656307925937,0.0,0.0,0.0,STARLINK-3912,0,N/A,N/A,0.0,0.08485053281848064,False,0.0,0.0,0.0,120.67609571238135,0.1508451196404767,Insufficient Energy for CPU,N/A,N/A,N/A
2580,CPU_Intensive,Rejected,258.1849776372253,N/A,N/A,N/A,0.13671738140041437,0.0,0.0,0.0,STARLINK-3912,0,N/A,N/A,0.0,0.04898990808882709,False,0.0,0.0,0.0,120.67609571238135,0.1508451196404767,Insufficient Energy for CPU,N/A,N/A,N/A
2581,CPU_Intensive,Rejected,258.2346276018666,N/A,N/A,N/A,0.6490274666618845,0.0,0.0,0.0,STARLINK-3912,0,N/A,N/A,0.0,0.055579570275135874,False,0.0,0.0,0.0,120.67609571238135,0.1508451196404767,Insufficient Energy for CPU,N/A,N/A,N/A
2582,CPU_Intensive,Rejected,258.4218753214065,N/A,N/A,N/A,0.9403998188838577,0.0,0.0,0.0,STARLINK-3912,0,N/A,N/A,0.0,0.03687846576908884,False,0.0,0.0,0.0,120.67609571238135,0.1508451196404767,Insufficient Energy for CPU,N/A,N/A,N/A
2583,CPU_and_Data_Intensive,Rejected,258.4876946688169,N/A,N/A,N/A,0.6018862324489355,0.0,0.0,0.0,STARLINK-3912,0,N/A,N/A,0.0,1.893424058541871,False,0.0,0.0,0.0,120.67609571238135,0.1508451196404767,Insufficient Energy for CPU+NET,N/A,N/A,N/A
2587,CPU_and_Data_Intensive,Rejected,259.27520915050536,N/A,N/A,N/A,0.2522489529878878,0.0,0.0,0.0,STARLINK-3912,0,N/A,N/A,0.0,1.1329216701421785,False,0.0,0.0,0.0,120.67609571238135,0.1508451196404767,Insufficient Energy for CPU+NET,N/A,N/A,N/A
2589,CPU_Intensive,Rejected,259.53799191480647,N/A,N/A,N/A,0.04609173916098316,0.0,0.0,0.0,STARLINK-3912,0,N/A,N/A,0.0,0.018284937461444384,False,0.0,0.0,0.0,120.67609571238135,0.1508451196404767,Insufficient Energy for CPU,N/A,N/A,N/A
2590,CPU_and_Data_Intensive,Rejected,259.5738399993464,N/A,N/A,N/A,0.41354851788902913,0.0,0.0,0.0,STARLINK-3912,0,N/A,N/A,0.0,0.4772306157785065,False,0.0,0.0,0.0,120.67609571238135,0.1508451196404767,Insufficient Energy for CPU+NET,N/A,N/A,N/A
2591,CPU_Intensive,Rejected,259.6065355998348,N/A,N/A,N/A,1.4942356063589803,0.0,0.0,0.0,STARLINK-3912,0,N/A,N/A,0.0,0.07264285761961052,False,0.0,0.0,0.0,120.67609571238135,0.1508451196404767,Insufficient Energy for CPU,N/A,N/A,N/A
2593,CPU_Intensive,Rejected,259.80201389959313,N/A,N/A,N/A,0.2630518225923989,0.0,0.0,0.0,STARLINK-3912,0,N/A,N/A,0.0,0.035261195608864815,False,0.0,0.0,0.0,120.67609571238135,0.1508451196404767,Insufficient Energy for CPU,N/A,N/A,N/A
2594,Generic_Service,Rejected,260.02496545496103,N/A,N/A,N/A,0.06856487427158203,0.0,0.0,0.0,STARLINK-3912,0,N/A,N/A,0.0,0.02653369660840999,False,0.0,0.0,0.0,120.67609571238135,0.1508451196404767,Insufficient Energy for CPU,N/A,N/A,N/A
2595,Generic_Service,Rejected,260.23103295041705,N/A,N/A,N/A,0.02375755061246646,0.0,0.0,0.0,STARLINK-3912,0,N/A,N/A,0.0,0.015063099745860635,False,0.0,0.0,0.0,120.67609571238135,0.1508451196404767,Insufficient Energy for CPU,N/A,N/A,N/A
2596,CPU_Intensive,Rejected,260.2495301750914,N/A,N/A,N/A,0.08855556687992627,0.0,0.0,0.0,STARLINK-3912,0,N/A,N/A,0.0,0.04684859905761544,False,0.0,0.0,0.0,120.67609571238135,0.1508451196404767,Insufficient Energy for CPU,N/A,N/A,N/A
2597,CPU_and_Data_Intensive,Rejected,260.37730113917746,N/A,N/A,N/A,0.076353762922679,0.0,0.0,0.0,STARLINK-3912,0,N/A,N/A,0.0,1.358132582984325,False,0.0,0.0,0.0,120.67609571238135,0.1508451196404767,Insufficient Energy for CPU+NET,N/A,N/A,N/A
2599,CPU_Intensive,Rejected,260.4165417578511,N/A,N/A,N/A,0.026607458035045908,0.0,0.0,0.0,STARLINK-3912,0,N/A,N/A,0.0,0.04760028139825368,False,0.0,0.0,0.0,120.67609571238135,0.1508451196404767,Insufficient Energy for CPU,N/A,N/A,N/A
2601,Generic_Service,Rejected,260.5956461316567,N/A,N/A,N/A,0.0293425184124627,0.0,0.0,0.0,STARLINK-3912,0,N/A,N/A,0.0,0.06829461812031827,False,0.0,0.0,0.0,120.67609571238135,0.1508451196404767,Insufficient Energy for CPU,N/A,N/A,N/A
2602,CPU_Intensive,Rejected,260.5970960872483,N/A,N/A,N/A,1.1725732524227876,0.0,0.0,0.0,STARLINK-3912,0,N/A,N/A,0.0,0.010823387578906286,False,0.0,0.0,0.0,120.67609571238135,0.1508451196404767,Insufficient Energy for CPU,N/A,N/A,N/A
2603,CPU_Intensive,Rejected,260.6264991584959,N/A,N/A,N/A,0.124150499994054,0.0,0.0,0.0,STARLINK-3912,0,N/A,N/A,0.0,0.02588317449342182,False,0.0,0.0,0.0,120.67609571238135,0.1508451196404767,Insufficient Energy for CPU,N/A,N/A,N/A
2605,CPU_and_Data_Intensive,Rejected,260.78550970472287,N/A,N/A,N/A,0.7222197599750783,0.0,0.0,0.0,STARLINK-3912,0,N/A,N/A,0.0,22.461593212176773,False,0.0,0.0,0.0,120.67609571238135,0.1508451196404767,Insufficient Energy for CPU+NET,N/A,N/A,N/A
2606,CPU_Intensive,Rejected,260.91155995184334,N/A,N/A,N/A,0.6262523010297649,0.0,0.0,0.0,STARLINK-3912,0,N/A,N/A,0.0,0.06725059766051687,False,0.0,0.0,0.0,120.67609571238135,0.1508451196404767,Insufficient Energy for CPU,N/A,N/A,N/A
2607,CPU_Intensive,Rejected,260.97251786655113,N/A,N/A,N/A,0.2883273366351733,0.0,0.0,0.0,STARLINK-3912,0,N/A,N/A,0.0,0.014195632754439733,False,0.0,0.0,0.0,120.67609571238135,0.1508451196404767,Insufficient Energy for CPU,N/A,N/A,N/A
2608,Generic_Service,Rejected,261.13112335581565,N/A,N/A,N/A,0.05977685646757075,0.0,0.0,0.0,STARLINK-3912,0,N/A,N/A,0.0,0.08592602706909304,False,0.0,0.0,0.0,120.67609571238135,0.1508451196404767,Insufficient Energy for CPU,N/A,N/A,N/A
2610,CPU_Intensive,Rejected,261.2243810194395,N/A,N/A,N/A,0.09912027976024858,0.0,0.0,0.0,STARLINK-3912,0,N/A,N/A,0.0,0.017985661901329296,False,0.0,0.0,0.0,120.67609571238135,0.1508451196404767,Insufficient Energy for CPU,N/A,N/A,N/A
2611,CPU_Intensive,Rejected,261.35464656874973,N/A,N/A,N/A,0.13795911859414384,0.0,0.0,0.0,STARLINK-3912,0,N/A,N/A,0.0,0.03339856228402439,False,0.0,0.0,0.0,120.67609571238135,0.1508451196404767,Insufficient Energy for CPU,N/A,N/A,N/A
2612,Generic_Service,Rejected,261.36989225052446,N/A,N/A,N/A,0.15624438189815282,0.0,0.0,0.0,STARLINK-3912,0,N/A,N/A,0.0,0.011191281643654011,False,0.0,0.0,0.0,120.67609571238135,0.1508451196404767,Insufficient Energy for CPU,N/A,N/A,N/A
2615,Generic_Service,Rejected,261.64052381396397,N/A,N/A,N/A,0.09486077387377878,0.0,0.0,0.0,STARLINK-3912,0,N/A,N/A,0.0,0.013302270368988083,False,0.0,0.0,0.0,120.67609571238135,0.1508451196404767,Insufficient Energy for CPU,N/A,N/A,N/A
2616,CPU_and_Data_Intensive,Rejected,261.86989360138466,N/A,N/A,N/A,0.5556916376810962,0.0,0.0,0.0,STARLINK-3912,0,N/A,N/A,0.0,20.91202036998723,False,0.0,0.0,0.0,120.67609571238135,0.1508451196404767,Insufficient Energy for CPU+NET,N/A,N/A,N/A
2617,CPU_and_Data_Intensive,Rejected,262.0047113182826,N/A,N/A,N/A,0.38301054014988933,0.0,0.0,0.0,STARLINK-3912,0,N/A,N/A,0.0,1.9408056675664305,False,0.0,0.0,0.0,120.67609571238135,0.1508451196404767,Insufficient Energy for CPU+NET,N/A,N/A,N/A
2618,CPU_Intensive,Rejected,262.0663677960357,N/A,N/A,N/A,1.7952063107996334,0.0,0.0,0.0,STARLINK-3912,0,N/A,N/A,0.0,0.03856994243997752,False,0.0,0.0,0.0,120.67609571238135,0.1508451196404767,Insufficient Energy for CPU,N/A,N/A,N/A
2619,CPU_and_Data_Intensive,Rejected,262.1293446562058,N/A,N/A,N/A,0.28489965014139546,0.0,0.0,0.0,STARLINK-3912,0,N/A,N/A,0.0,0.9266042764636151,False,0.0,0.0,0.0,120.67609571238135,0.1508451196404767,Insufficient Energy for CPU+NET,N/A,N/A,N/A
2620,CPU_Intensive,Rejected,262.23837699810025,N/A,N/A,N/A,0.450371701248877,0.0,0.0,0.0,STARLINK-3912,0,N/A,N/A,0.0,0.037423634236451626,False,0.0,0.0,0.0,120.67609571238135,0.1508451196404767,Insufficient Energy for CPU,N/A,N/A,N/A
2621,CPU_and_Data_Intensive,Rejected,262.2864484942894,N/A,N/A,N/A,0.12491360059485108,0.0,0.0,0.0,STARLINK-3912,0,N/A,N/A,0.0,6.278230210584963,False,0.0,0.0,0.0,120.67609571238135,0.1508451196404767,Insufficient Energy for CPU+NET,N/A,N/A,N/A
2623,CPU_Intensive,Rejected,262.46924188792923,N/A,N/A,N/A,0.022665987900236502,0.0,0.0,0.0,STARLINK-3912,0,N/A,N/A,0.0,0.019490119680999212,False,0.0,0.0,0.0,120.67609571238135,0.1508451196404767,Insufficient Energy for CPU,N/A,N/A,N/A
2624,CPU_Intensive,Rejected,262.6402848843046,N/A,N/A,N/A,0.20688533224273928,0.0,0.0,0.0,STARLINK-3912,0,N/A,N/A,0.0,0.07686608735324946,False,0.0,0.0,0.0,120.67609571238135,0.1508451196404767,Insufficient Energy for CPU,N/A,N/A,N/A
2625,CPU_Intensive,Rejected,262.73526355556345,N/A,N/A,N/A,0.20137866015536485,0.0,0.0,0.0,STARLINK-3912,0,N/A,N/A,0.0,0.02680590444936809,False,0.0,0.0,0.0,120.67609571238135,0.1508451196404767,Insufficient Energy for CPU,N/A,N/A,N/A
2627,CPU_and_Data_Intensive,Rejected,262.8020087327493,N/A,N/A,N/A,0.13075648789595937,0.0,0.0,0.0,STARLINK-3912,0,N/A,N/A,0.0,1.6484027657803224,False,0.0,0.0,0.0,120.67609571238135,0.1508451196404767,Insufficient Energy for CPU+NET,N/A,N/A,N/A
2628,CPU_Intensive,Rejected,262.8794589417696,N/A,N/A,N/A,0.3846419560161762,0.0,0.0,0.0,STARLINK-3912,0,N/A,N/A,0.0,0.0636489137929265,False,0.0,0.0,0.0,120.67609571238135,0.1508451196404767,Insufficient Energy for CPU,N/A,N/A,N/A
2629,CPU_and_Data_Intensive,Rejected,263.0908386130933,N/A,N/A,N/A,0.28197186401735097,0.0,0.0,0.0,STARLINK-3912,0,N/A,N/A,0.0,2.035965687555997,False,0.0,0.0,0.0,120.67609571238135,0.1508451196404767,Insufficient Energy for CPU+NET,N/A,N/A,N/A
2630,CPU_and_Data_Intensive,Rejected,263.138436112386,N/A,N/A,N/A,0.17646748137000148,0.0,0.0,0.0,STARLINK-3912,0,N/A,N/A,0.0,0.8634919631805916,False,0.0,0.0,0.0,120.67609571238135,0.1508451196404767,Insufficient Energy for CPU+NET,N/A,N/A,N/A
2633,CPU_and_Data_Intensive,Rejected,263.34861165192206,N/A,N/A,N/A,0.6705982406436843,0.0,0.0,0.0,STARLINK-3912,0,N/A,N/A,0.0,0.4782475359543827,False,0.0,0.0,0.0,120.67609571238135,0.1508451196404767,Insufficient Energy for CPU+NET,N/A,N/A,N/A
2634,CPU_Intensive,Rejected,263.36373417754294,N/A,N/A,N/A,0.6723193164360098,0.0,0.0,0.0,STARLINK-3912,0,N/A,N/A,0.0,0.07451529183945535,False,0.0,0.0,0.0,120.67609571238135,0.1508451196404767,Insufficient Energy for CPU,N/A,N/A,N/A
2636,CPU_Intensive,Rejected,263.4146850831722,N/A,N/A,N/A,0.6618528189917242,0.0,0.0,0.0,STARLINK-3912,0,N/A,N/A,0.0,0.020467591470821826,False,0.0,0.0,0.0,120.67609571238135,0.1508451196404767,Insufficient Energy for CPU,N/A,N/A,N/A
2637,Generic_Service,Rejected,263.45431452446996,N/A,N/A,N/A,0.08186669552385134,0.0,0.0,0.0,STARLINK-3912,0,N/A,N/A,0.0,0.054795057825600846,False,0.0,0.0,0.0,120.67609571238135,0.1508451196404767,Insufficient Energy for CPU,N/A,N/A,N/A
2638,CPU_Intensive,Rejected,263.5168752870845,N/A,N/A,N/A,0.5472768988358357,0.0,0.0,0.0,STARLINK-3912,0,N/A,N/A,0.0,0.05041448545064537,False,0.0,0.0,0.0,120.67609571238135,0.1508451196404767,Insufficient Energy for CPU,N/A,N/A,N/A
2640,CPU_and_Data_Intensive,Rejected,263.79119462096,N/A,N/A,N/A,0.08671623729188307,0.0,0.0,0.0,STARLINK-3912,0,N/A,N/A,0.0,1.5491204690297058,False,0.0,0.0,0.0,120.67609571238135,0.1508451196404767,Insufficient Energy for CPU+NET,N/A,N/A,N/A
2641,CPU_Intensive,Rejected,263.8130810241393,N/A,N/A,N/A,0.5796162972642697,0.0,0.0,0.0,STARLINK-3912,0,N/A,N/A,0.0,0.012583886570918322,False,0.0,0.0,0.0,120.67609571238135,0.1508451196404767,Insufficient Energy for CPU,N/A,N/A,N/A
2643,Generic_Service,Rejected,263.94699574653424,N/A,N/A,N/A,0.12420434278123788,0.0,0.0,0.0,STARLINK-3912,0,N/A,N/A,0.0,0.021057086965130648,False,0.0,0.0,0.0,120.67609571238135,0.1508451196404767,Insufficient Energy for CPU,N/A,N/A,N/A
2646,CPU_Intensive,Rejected,264.03147843361774,N/A,N/A,N/A,0.35410647601383566,0.0,0.0,0.0,STARLINK-3912,0,N/A,N/A,0.0,0.06896744128268825,False,0.0,0.0,0.0,120.67609571238135,0.1508451196404767,Insufficient Energy for CPU,N/A,N/A,N/A
2648,CPU_Intensive,Rejected,264.33516610749837,N/A,N/A,N/A,0.42640165393334734,0.0,0.0,0.0,STARLINK-3912,0,N/A,N/A,0.0,0.0644356000768701,False,0.0,0.0,0.0,120.67609571238135,0.1508451196404767,Insufficient Energy for CPU,N/A,N/A,N/A
2649,CPU_Intensive,Rejected,264.34680017348245,N/A,N/A,N/A,0.13571371126880688,0.0,0.0,0.0,STARLINK-3912,0,N/A,N/A,0.0,0.03705131122926937,False,0.0,0.0,0.0,120.67609571238135,0.1508451196404767,Insufficient Energy for CPU,N/A,N/A,N/A
2650,CPU_and_Data_Intensive,Rejected,264.5897719274626,N/A,N/A,N/A,0.44992348439409596,0.0,0.0,0.0,STARLINK-3912,0,N/A,N/A,0.0,21.092713023671326,False,0.0,0.0,0.0,120.67609571238135,0.1508451196404767,Insufficient Energy for CPU+NET,N/A,N/A,N/A
2651,CPU_Intensive,Rejected,264.62747450119764,N/A,N/A,N/A,0.42118980863196437,0.0,0.0,0.0,STARLINK-3912,0,N/A,N/A,0.0,0.05736286320660702,False,0.0,0.0,0.0,120.67609571238135,0.1508451196404767,Insufficient Energy for CPU,N/A,N/A,N/A
2652,CPU_Intensive,Rejected,264.7027990264591,N/A,N/A,N/A,0.7042932332856642,0.0,0.0,0.0,STARLINK-3912,0,N/A,N/A,0.0,0.05868784748693995,False,0.0,0.0,0.0,120.67609571238135,0.1508451196404767,Insufficient Energy for CPU,N/A,N/A,N/A
2653,CPU_and_Data_Intensive,Rejected,264.8188081421267,N/A,N/A,N/A,0.2703212557152612,0.0,0.0,0.0,STARLINK-3912,0,N/A,N/A,0.0,18.170179328943064,False,0.0,0.0,0.0,120.67609571238135,0.1508451196404767,Insufficient Energy for CPU+NET,N/A,N/A,N/A
2654,CPU_Intensive,Rejected,265.1069687047692,N/A,N/A,N/A,0.20741359761034736,0.0,0.0,0.0,STARLINK-3912,0,N/A,N/A,0.0,0.06194094098079683,False,0.0,0.0,0.0,120.67609571238135,0.1508451196404767,Insufficient Energy for CPU,N/A,N/A,N/A
2656,CPU_Intensive,Rejected,265.3298467657948,N/A,N/A,N/A,0.07353806996035128,0.0,0.0,0.0,STARLINK-3912,0,N/A,N/A,0.0,0.06163316813896573,False,0.0,0.0,0.0,120.67609571238135,0.1508451196404767,Insufficient Energy for CPU,N/A,N/A,N/A
2657,CPU_Intensive,Rejected,265.3674490317483,N/A,N/A,N/A,0.6189275443951143,0.0,0.0,0.0,STARLINK-3912,0,N/A,N/A,0.0,0.04002981601756025,False,0.0,0.0,0.0,120.67609571238135,0.1508451196404767,Insufficient Energy for CPU,N/A,N/A,N/A
2659,CPU_and_Data_Intensive,Rejected,265.5491945667373,N/A,N/A,N/A,0.9745394414370181,0.0,0.0,0.0,STARLINK-3912,0,N/A,N/A,0.0,1.6740567292021529,False,0.0,0.0,0.0,120.67609571238135,0.1508451196404767,Insufficient Energy for CPU+NET,N/A,N/A,N/A
2660,CPU_Intensive,Rejected,265.5711605116407,N/A,N/A,N/A,0.6807992376620584,0.0,0.0,0.0,STARLINK-3912,0,N/A,N/A,0.0,0.03441627583090676,False,0.0,0.0,0.0,120.67609571238135,0.1508451196404767,Insufficient Energy for CPU,N/A,N/A,N/A
2661,CPU_Intensive,Rejected,265.6321004786303,N/A,N/A,N/A,0.32149920124646936,0.0,0.0,0.0,STARLINK-3912,0,N/A,N/A,0.0,0.06458391648089953,False,0.0,0.0,0.0,120.67609571238135,0.1508451196404767,Insufficient Energy for CPU,N/A,N/A,N/A
2662,CPU_and_Data_Intensive,Rejected,265.9788527827585,N/A,N/A,N/A,0.7397992723537151,0.0,0.0,0.0,STARLINK-3912,0,N/A,N/A,0.0,7.029333757009998,False,0.0,0.0,0.0,120.67609571238135,0.1508451196404767,Insufficient Energy for CPU+NET,N/A,N/A,N/A
2663,Generic_Service,Rejected,266.12842411702576,N/A,N/A,N/A,0.05424856859805016,0.0,0.0,0.0,STARLINK-3912,0,N/A,N/A,0.0,0.07102268464062057,False,0.0,0.0,0.0,120.67609571238135,0.1508451196404767,Insufficient Energy for CPU,N/A,N/A,N/A
2664,CPU_Intensive,Rejected,266.1640633587248,N/A,N/A,N/A,0.04644138253880036,0.0,0.0,0.0,STARLINK-3912,0,N/A,N/A,0.0,0.06382367110589235,False,0.0,0.0,0.0,120.67609571238135,0.1508451196404767,Insufficient Energy for CPU,N/A,N/A,N/A
2665,CPU_and_Data_Intensive,Rejected,266.2109436285937,N/A,N/A,N/A,0.1465742542719687,0.0,0.0,0.0,STARLINK-3912,0,N/A,N/A,0.0,11.74532588318663,False,0.0,0.0,0.0,120.67609571238135,0.1508451196404767,Insufficient Energy for CPU+NET,N/A,N/A,N/A
2666,CPU_Intensive,Rejected,266.25802124984244,N/A,N/A,N/A,0.7130148401197213,0.0,0.0,0.0,STARLINK-3912,0,N/A,N/A,0.0,0.046566451554103265,False,0.0,0.0,0.0,120.67609571238135,0.1508451196404767,Insufficient Energy for CPU,N/A,N/A,N/A
2668,CPU_and_Data_Intensive,Rejected,266.71722178386983,N/A,N/A,N/A,0.8467996227135606,0.0,0.0,0.0,STARLINK-3912,0,N/A,N/A,0.0,0.7399978540351009,False,0.0,0.0,0.0,120.67609571238135,0.1508451196404767,Insufficient Energy for CPU+NET,N/A,N/A,N/A
2669,Generic_Service,Rejected,266.8534967793945,N/A,N/A,N/A,0.03931594575653727,0.0,0.0,0.0,STARLINK-3912,0,N/A,N/A,0.0,0.052375147437694405,False,0.0,0.0,0.0,120.67609571238135,0.1508451196404767,Insufficient Energy for CPU,N/A,N/A,N/A
2671,CPU_Intensive,Rejected,266.95561511789083,N/A,N/A,N/A,0.11578835100103708,0.0,0.0,0.0,STARLINK-3912,0,N/A,N/A,0.0,0.05598806567259622,False,0.0,0.0,0.0,120.67609571238135,0.1508451196404767,Insufficient Energy for CPU,N/A,N/A,N/A
2672,Generic_Service,Rejected,267.29749527654195,N/A,N/A,N/A,0.05902051437979109,0.0,0.0,0.0,STARLINK-3912,0,N/A,N/A,0.0,0.03763644140156736,False,0.0,0.0,0.0,120.67609571238135,0.1508451196404767,Insufficient Energy for CPU,N/A,N/A,N/A
2673,Generic_Service,Rejected,267.35565755199985,N/A,N/A,N/A,0.1193890556032921,0.0,0.0,0.0,STARLINK-3912,0,N/A,N/A,0.0,0.04193444876460852,False,0.0,0.0,0.0,120.67609571238135,0.1508451196404767,Insufficient Energy for CPU,N/A,N/A,N/A
2674,CPU_and_Data_Intensive,Rejected,267.4094691973467,N/A,N/A,N/A,0.31466255895497836,0.0,0.0,0.0,STARLINK-3912,0,N/A,N/A,0.0,23.873033840514548,False,0.0,0.0,0.0,120.67609571238135,0.1508451196404767,Insufficient Energy for CPU+NET,N/A,N/A,N/A
2675,CPU_Intensive,Rejected,267.44816896588117,N/A,N/A,N/A,0.08840881177224257,0.0,0.0,0.0,STARLINK-3912,0,N/A,N/A,0.0,0.03979144659280709,False,0.0,0.0,0.0,120.67609571238135,0.1508451196404767,Insufficient Energy for CPU,N/A,N/A,N/A
2676,CPU_Intensive,Rejected,267.6577459563484,N/A,N/A,N/A,0.20350098212696227,0.0,0.0,0.0,STARLINK-3912,0,N/A,N/A,0.0,0.011646073050349185,False,0.0,0.0,0.0,120.67609571238135,0.1508451196404767,Insufficient Energy for CPU,N/A,N/A,N/A
2677,CPU_Intensive,Rejected,267.76841183350837,N/A,N/A,N/A,0.11846472174013971,0.0,0.0,0.0,STARLINK-3912,0,N/A,N/A,0.0,0.07312022281297234,False,0.0,0.0,0.0,120.67609571238135,0.1508451196404767,Insufficient Energy for CPU,N/A,N/A,N/A
2678,CPU_and_Data_Intensive,Rejected,267.9959536193586,N/A,N/A,N/A,0.4670845841350069,0.0,0.0,0.0,STARLINK-3912,0,N/A,N/A,0.0,11.499173344433313,False,0.0,0.0,0.0,120.67609571238135,0.1508451196404767,Insufficient Energy for CPU+NET,N/A,N/A,N/A
2679,CPU_and_Data_Intensive,Rejected,268.0160281849975,N/A,N/A,N/A,0.04655587353619899,0.0,0.0,0.0,STARLINK-3912,0,N/A,N/A,0.0,1.8281192263233912,False,0.0,0.0,0.0,120.67609571238135,0.1508451196404767,Insufficient Energy for CPU+NET,N/A,N/A,N/A
2681,CPU_and_Data_Intensive,Rejected,268.20349393900995,N/A,N/A,N/A,0.4682465571430894,0.0,0.0,0.0,STARLINK-3912,0,N/A,N/A,0.0,1.1820855006757178,False,0.0,0.0,0.0,120.67609571238135,0.1508451196404767,Insufficient Energy for CPU+NET,N/A,N/A,N/A
2682,CPU_Intensive,Rejected,268.25519384460085,N/A,N/A,N/A,0.21417739646835215,0.0,0.0,0.0,STARLINK-3912,0,N/A,N/A,0.0,0.08180850495164081,False,0.0,0.0,0.0,120.67609571238135,0.1508451196404767,Insufficient Energy for CPU,N/A,N/A,N/A
2684,CPU_and_Data_Intensive,Rejected,268.39072347490935,N/A,N/A,N/A,0.7531803809528728,0.0,0.0,0.0,STARLINK-3912,0,N/A,N/A,0.0,2.0815706127467464,False,0.0,0.0,0.0,120.67609571238135,0.1508451196404767,Insufficient Energy for CPU+NET,N/A,N/A,N/A
2685,CPU_Intensive,Rejected,268.4446267921941,N/A,N/A,N/A,0.24878023841366945,0.0,0.0,0.0,STARLINK-3912,0,N/A,N/A,0.0,0.04705297985085734,False,0.0,0.0,0.0,120.67609571238135,0.1508451196404767,Insufficient Energy for CPU,N/A,N/A,N/A
2686,CPU_and_Data_Intensive,Rejected,268.59247582407505,N/A,N/A,N/A,0.4125117819673798,0.0,0.0,0.0,STARLINK-3912,0,N/A,N/A,0.0,22.968439160425397,False,0.0,0.0,0.0,120.67609571238135,0.1508451196404767,Insufficient Energy for CPU+NET,N/A,N/A,N/A
2687,CPU_and_Data_Intensive,Rejected,268.6990941645393,N/A,N/A,N/A,0.4740554201323325,0.0,0.0,0.0,STARLINK-3912,0,N/A,N/A,0.0,0.2107971995243041,False,0.0,0.0,0.0,120.67609571238135,0.1508451196404767,Insufficient Energy for CPU+NET,N/A,N/A,N/A
2689,CPU_Intensive,Rejected,268.95015304090884,N/A,N/A,N/A,0.2970971788779555,0.0,0.0,0.0,STARLINK-3912,0,N/A,N/A,0.0,0.08427654306414792,False,0.0,0.0,0.0,120.67609571238135,0.1508451196404767,Insufficient Energy for CPU,N/A,N/A,N/A
2690,Generic_Service,Rejected,269.0392348514714,N/A,N/A,N/A,0.13669353689452482,0.0,0.0,0.0,STARLINK-3912,0,N/A,N/A,0.0,0.04308330431440695,False,0.0,0.0,0.0,120.67609571238135,0.1508451196404767,Insufficient Energy for CPU,N/A,N/A,N/A
2691,CPU_and_Data_Intensive,Rejected,269.0698519513698,N/A,N/A,N/A,0.21400178868592776,0.0,0.0,0.0,STARLINK-3912,0,N/A,N/A,0.0,0.6913421048025944,False,0.0,0.0,0.0,120.67609571238135,0.1508451196404767,Insufficient Energy for CPU+NET,N/A,N/A,N/A
2693,CPU_and_Data_Intensive,Rejected,269.0944656823785,N/A,N/A,N/A,0.31144196225697385,0.0,0.0,0.0,STARLINK-3912,0,N/A,N/A,0.0,0.8853680667876532,False,0.0,0.0,0.0,120.67609571238135,0.1508451196404767,Insufficient Energy for CPU+NET,N/A,N/A,N/A
2692,CPU_and_Data_Intensive,Rejected,269.07699731289176,N/A,N/A,N/A,1.466745118222063,0.0,0.0,0.0,STARLINK-3912,0,N/A,N/A,0.0,192.27225247389762,False,0.0,0.0,0.0,120.67609571238135,0.1508451196404767,Insufficient Energy for CPU+NET,N/A,N/A,N/A
2694,CPU_Intensive,Rejected,269.2078187064913,N/A,N/A,N/A,0.2682916167907234,0.0,0.0,0.0,STARLINK-3912,0,N/A,N/A,0.0,0.043231924561333075,False,0.0,0.0,0.0,120.67609571238135,0.1508451196404767,Insufficient Energy for CPU,N/A,N/A,N/A
2695,CPU_and_Data_Intensive,Rejected,269.2213300972527,N/A,N/A,N/A,0.1954038484188205,0.0,0.0,0.0,STARLINK-3912,0,N/A,N/A,0.0,1.717050923841264,False,0.0,0.0,0.0,120.67609571238135,0.1508451196404767,Insufficient Energy for CPU+NET,N/A,N/A,N/A
2696,CPU_and_Data_Intensive,Rejected,269.242665600782,N/A,N/A,N/A,0.38834666537779106,0.0,0.0,0.0,STARLINK-3912,0,N/A,N/A,0.0,0.5519200409947029,False,0.0,0.0,0.0,120.67609571238135,0.1508451196404767,Insufficient Energy for CPU+NET,N/A,N/A,N/A
2698,CPU_Intensive,Rejected,269.3014636806946,N/A,N/A,N/A,0.23429639037708766,0.0,0.0,0.0,STARLINK-3912,0,N/A,N/A,0.0,0.07821022394971329,False,0.0,0.0,0.0,120.67609571238135,0.1508451196404767,Insufficient Energy for CPU,N/A,N/A,N/A
2697,CPU_and_Data_Intensive,Rejected,269.27453457325214,N/A,N/A,N/A,0.8667570882653949,0.0,0.0,0.0,STARLINK-3912,0,N/A,N/A,0.0,159.55766787356785,False,0.0,0.0,0.0,120.67609571238135,0.1508451196404767,Insufficient Energy for CPU+NET,N/A,N/A,N/A
2700,CPU_and_Data_Intensive,Rejected,269.37231778039,N/A,N/A,N/A,0.9606927135573337,0.0,0.0,0.0,STARLINK-3912,0,N/A,N/A,0.0,22.061533862737754,False,0.0,0.0,0.0,120.67609571238135,0.1508451196404767,Insufficient Energy for CPU+NET,N/A,N/A,N/A
2701,CPU_Intensive,Rejected,269.41913712156634,N/A,N/A,N/A,0.9809176377271154,0.0,0.0,0.0,STARLINK-3912,0,N/A,N/A,0.0,0.06791989114311454,False,0.0,0.0,0.0,120.67609571238135,0.1508451196404767,Insufficient Energy for CPU,N/A,N/A,N/A
2702,CPU_Intensive,Rejected,269.8427539626845,N/A,N/A,N/A,0.1344215818768492,0.0,0.0,0.0,STARLINK-3912,0,N/A,N/A,0.0,0.06681584520306444,False,0.0,0.0,0.0,120.67609571238135,0.1508451196404767,Insufficient Energy for CPU,N/A,N/A,N/A
2707,CPU_and_Data_Intensive,Rejected,270.24580522751705,N/A,N/A,N/A,0.19138285033768332,0.0,0.0,0.0,STARLINK-3912,0,N/A,N/A,0.0,1.792333968103039,False,0.0,0.0,0.0,120.67609571238135,0.1508451196404767,Insufficient Energy for CPU+NET,N/A,N/A,N/A
2708,CPU_Intensive,Rejected,270.3954580531839,N/A,N/A,N/A,0.1858302168666083,0.0,0.0,0.0,STARLINK-3912,0,N/A,N/A,0.0,0.04802355961224774,False,0.0,0.0,0.0,120.67609571238135,0.1508451196404767,Insufficient Energy for CPU,N/A,N/A,N/A
2710,CPU_Intensive,Rejected,270.46771441689197,N/A,N/A,N/A,0.049064091718745026,0.0,0.0,0.0,STARLINK-3912,0,N/A,N/A,0.0,0.024270821123225313,False,0.0,0.0,0.0,120.67609571238135,0.1508451196404767,Insufficient Energy for CPU,N/A,N/A,N/A
2711,CPU_and_Data_Intensive,Rejected,270.48043443644565,N/A,N/A,N/A,1.098731328603207,0.0,0.0,0.0,STARLINK-3912,0,N/A,N/A,0.0,6.067582424621401,False,0.0,0.0,0.0,120.67609571238135,0.1508451196404767,Insufficient Energy for CPU+NET,N/A,N/A,N/A
2713,Generic_Service,Rejected,270.5782006439664,N/A,N/A,N/A,0.18348558482288163,0.0,0.0,0.0,STARLINK-3912,0,N/A,N/A,0.0,0.015519419476532445,False,0.0,0.0,0.0,120.67609571238135,0.1508451196404767,Insufficient Energy for CPU,N/A,N/A,N/A
2714,CPU_Intensive,Rejected,270.73812002198656,N/A,N/A,N/A,0.029131670295625384,0.0,0.0,0.0,STARLINK-3912,0,N/A,N/A,0.0,0.0709724011818053,False,0.0,0.0,0.0,120.67609571238135,0.1508451196404767,Insufficient Energy for CPU,N/A,N/A,N/A
2716,Generic_Service,Rejected,270.88641228818545,N/A,N/A,N/A,0.08264706258442278,0.0,0.0,0.0,STARLINK-3912,0,N/A,N/A,0.0,0.03917755909217615,False,0.0,0.0,0.0,120.67609571238135,0.1508451196404767,Insufficient Energy for CPU,N/A,N/A,N/A
2717,CPU_Intensive,Rejected,270.9142510204911,N/A,N/A,N/A,0.17811860811587865,0.0,0.0,0.0,STARLINK-3912,0,N/A,N/A,0.0,0.04265348689372342,False,0.0,0.0,0.0,120.67609571238135,0.1508451196404767,Insufficient Energy for CPU,N/A,N/A,N/A
2718,Generic_Service,Rejected,271.0618003859457,N/A,N/A,N/A,0.041456143241140095,0.0,0.0,0.0,STARLINK-3912,0,N/A,N/A,0.0,0.03162788205048984,False,0.0,0.0,0.0,120.67609571238135,0.1508451196404767,Insufficient Energy for CPU,N/A,N/A,N/A
2719,CPU_Intensive,Rejected,271.1146929225324,N/A,N/A,N/A,0.6997254804294184,0.0,0.0,0.0,STARLINK-3912,0,N/A,N/A,0.0,0.07182468323995615,False,0.0,0.0,0.0,120.67609571238135,0.1508451196404767,Insufficient Energy for CPU,N/A,N/A,N/A
2720,CPU_Intensive,Rejected,271.22758179236916,N/A,N/A,N/A,0.6317210726870768,0.0,0.0,0.0,STARLINK-3912,0,N/A,N/A,0.0,0.07077052874194173,False,0.0,0.0,0.0,120.67609571238135,0.1508451196404767,Insufficient Energy for CPU,N/A,N/A,N/A
2721,CPU_Intensive,Rejected,271.2425548031499,N/A,N/A,N/A,0.6548547231440114,0.0,0.0,0.0,STARLINK-3912,0,N/A,N/A,0.0,0.03457159308312324,False,0.0,0.0,0.0,120.67609571238135,0.1508451196404767,Insufficient Energy for CPU,N/A,N/A,N/A
2722,Generic_Service,Rejected,271.3212298603048,N/A,N/A,N/A,0.11602211940002212,0.0,0.0,0.0,STARLINK-3912,0,N/A,N/A,0.0,0.05452324004519015,False,0.0,0.0,0.0,120.67609571238135,0.1508451196404767,Insufficient Energy for CPU,N/A,N/A,N/A
2723,CPU_Intensive,Rejected,271.3448149693477,N/A,N/A,N/A,1.9919699793904388,0.0,0.0,0.0,STARLINK-3912,0,N/A,N/A,0.0,0.058031461870148696,False,0.0,0.0,0.0,120.67609571238135,0.1508451196404767,Insufficient Energy for CPU,N/A,N/A,N/A
2724,CPU_and_Data_Intensive,Rejected,271.4678145917669,N/A,N/A,N/A,0.21850875479964071,0.0,0.0,0.0,STARLINK-3912,0,N/A,N/A,0.0,0.032952076536352945,False,0.0,0.0,0.0,120.67609571238135,0.1508451196404767,Insufficient Energy for CPU+NET,N/A,N/A,N/A
2725,CPU_and_Data_Intensive,Rejected,271.4835181096747,N/A,N/A,N/A,0.5383143024545362,0.0,0.0,0.0,STARLINK-3912,0,N/A,N/A,0.0,0.5146000361852062,False,0.0,0.0,0.0,120.67609571238135,0.1508451196404767,Insufficient Energy for CPU+NET,N/A,N/A,N/A
2727,CPU_and_Data_Intensive,Rejected,271.63342834208623,N/A,N/A,N/A,0.19974884107253874,0.0,0.0,0.0,STARLINK-3912,0,N/A,N/A,0.0,1.3989305847535956,False,0.0,0.0,0.0,120.67609571238135,0.1508451196404767,Insufficient Energy for CPU+NET,N/A,N/A,N/A
2728,CPU_Intensive,Rejected,271.6556386901469,N/A,N/A,N/A,1.9327707718171336,0.0,0.0,0.0,STARLINK-3912,0,N/A,N/A,0.0,0.036242821278937805,False,0.0,0.0,0.0,120.67609571238135,0.1508451196404767,Insufficient Energy for CPU,N/A,N/A,N/A
2729,CPU_Intensive,Rejected,271.6796709683663,N/A,N/A,N/A,0.17908809417322666,0.0,0.0,0.0,STARLINK-3912,0,N/A,N/A,0.0,0.07651950820473424,False,0.0,0.0,0.0,120.67609571238135,0.1508451196404767,Insufficient Energy for CPU,N/A,N/A,N/A
2730,CPU_Intensive,Rejected,271.74442901867707,N/A,N/A,N/A,1.7996113545131343,0.0,0.0,0.0,STARLINK-3912,0,N/A,N/A,0.0,0.043836811155009835,False,0.0,0.0,0.0,120.67609571238135,0.1508451196404767,Insufficient Energy for CPU,N/A,N/A,N/A
2731,CPU_Intensive,Rejected,271.7586362283452,N/A,N/A,N/A,0.4155527681359877,0.0,0.0,0.0,STARLINK-3912,0,N/A,N/A,0.0,0.05404209694508469,False,0.0,0.0,0.0,120.67609571238135,0.1508451196404767,Insufficient Energy for CPU,N/A,N/A,N/A
2733,CPU_Intensive,Rejected,272.45332168809495,N/A,N/A,N/A,0.33218573392705697,0.0,0.0,0.0,STARLINK-3912,0,N/A,N/A,0.0,0.06029435924838089,False,0.0,0.0,0.0,120.67609571238135,0.1508451196404767,Insufficient Energy for CPU,N/A,N/A,N/A
2736,Generic_Service,Rejected,273.0548814721019,N/A,N/A,N/A,0.10062210759043946,0.0,0.0,0.0,STARLINK-3912,0,N/A,N/A,0.0,0.047614866259134525,False,0.0,0.0,0.0,120.67609571238135,0.1508451196404767,Insufficient Energy for CPU,N/A,N/A,N/A
2737,CPU_and_Data_Intensive,Rejected,273.1001677568097,N/A,N/A,N/A,0.14506532763429095,0.0,0.0,0.0,STARLINK-3912,0,N/A,N/A,0.0,1.3926771315572621,False,0.0,0.0,0.0,120.67609571238135,0.1508451196404767,Insufficient Energy for CPU+NET,N/A,N/A,N/A
2738,CPU_Intensive,Rejected,273.1109472073444,N/A,N/A,N/A,0.3565720921340974,0.0,0.0,0.0,STARLINK-3912,0,N/A,N/A,0.0,0.04866195312324088,False,0.0,0.0,0.0,120.67609571238135,0.1508451196404767,Insufficient Energy for CPU,N/A,N/A,N/A
2739,CPU_and_Data_Intensive,Rejected,273.2018438444417,N/A,N/A,N/A,0.5177241895463054,0.0,0.0,0.0,STARLINK-3912,0,N/A,N/A,0.0,0.6611467373584452,False,0.0,0.0,0.0,120.67609571238135,0.1508451196404767,Insufficient Energy for CPU+NET,N/A,N/A,N/A
2740,Generic_Service,Rejected,273.39281866385323,N/A,N/A,N/A,0.159016483970157,0.0,0.0,0.0,STARLINK-3912,0,N/A,N/A,0.0,0.07300703277631906,False,0.0,0.0,0.0,120.67609571238135,0.1508451196404767,Insufficient Energy for CPU,N/A,N/A,N/A
2741,Generic_Service,Rejected,273.4911671801288,N/A,N/A,N/A,0.03155121242851104,0.0,0.0,0.0,STARLINK-3912,0,N/A,N/A,0.0,0.039512043465873864,False,0.0,0.0,0.0,120.67609571238135,0.1508451196404767,Insufficient Energy for CPU,N/A,N/A,N/A
2742,CPU_Intensive,Rejected,273.53556348789976,N/A,N/A,N/A,0.5315721107651847,0.0,0.0,0.0,STARLINK-3912,0,N/A,N/A,0.0,0.02147183925651615,False,0.0,0.0,0.0,120.67609571238135,0.1508451196404767,Insufficient Energy for CPU,N/A,N/A,N/A
2743,Generic_Service,Rejected,273.63752013619876,N/A,N/A,N/A,0.050124968505995064,0.0,0.0,0.0,STARLINK-3912,0,N/A,N/A,0.0,0.039370999443943316,False,0.0,0.0,0.0,120.67609571238135,0.1508451196404767,Insufficient Energy for CPU,N/A,N/A,N/A
2744,CPU_Intensive,Rejected,273.73566670296424,N/A,N/A,N/A,0.33789213190692763,0.0,0.0,0.0,STARLINK-3912,0,N/A,N/A,0.0,0.06549229351185856,False,0.0,0.0,0.0,120.67609571238135,0.1508451196404767,Insufficient Energy for CPU,N/A,N/A,N/A
2745,CPU_and_Data_Intensive,Rejected,273.8469806110426,N/A,N/A,N/A,1.0183664343269,0.0,0.0,0.0,STARLINK-3912,0,N/A,N/A,0.0,2.533359644995374,False,0.0,0.0,0.0,120.67609571238135,0.1508451196404767,Insufficient Energy for CPU+NET,N/A,N/A,N/A
2746,CPU_Intensive,Rejected,273.9778701274723,N/A,N/A,N/A,0.12233326866568622,0.0,0.0,0.0,STARLINK-3912,0,N/A,N/A,0.0,0.06593728922004652,False,0.0,0.0,0.0,120.67609571238135,0.1508451196404767,Insufficient Energy for CPU,N/A,N/A,N/A
2747,CPU_and_Data_Intensive,Rejected,274.18748287221007,N/A,N/A,N/A,0.029636784197596806,0.0,0.0,0.0,STARLINK-3912,0,N/A,N/A,0.0,0.8400655244031967,False,0.0,0.0,0.0,120.67609571238135,0.1508451196404767,Insufficient Energy for CPU+NET,N/A,N/A,N/A
2748,CPU_Intensive,Rejected,274.3950489733509,N/A,N/A,N/A,0.18494188313350657,0.0,0.0,0.0,STARLINK-3912,0,N/A,N/A,0.0,0.07607079685032281,False,0.0,0.0,0.0,120.67609571238135,0.1508451196404767,Insufficient Energy for CPU,N/A,N/A,N/A
2749,CPU_Intensive,Rejected,274.803263897245,N/A,N/A,N/A,1.570872457164136,0.0,0.0,0.0,STARLINK-3912,0,N/A,N/A,0.0,0.01521873042887141,False,0.0,0.0,0.0,120.67609571238135,0.1508451196404767,Insufficient Energy for CPU,N/A,N/A,N/A
2750,CPU_and_Data_Intensive,Rejected,274.82205055321526,N/A,N/A,N/A,0.04539294295164157,0.0,0.0,0.0,STARLINK-3912,0,N/A,N/A,0.0,0.8405638609101743,False,0.0,0.0,0.0,120.67609571238135,0.1508451196404767,Insufficient Energy for CPU+NET,N/A,N/A,N/A
2751,CPU_and_Data_Intensive,Rejected,274.9653782933568,N/A,N/A,N/A,0.6775304772011438,0.0,0.0,0.0,STARLINK-3912,0,N/A,N/A,0.0,14.00621345533861,False,0.0,0.0,0.0,120.67609571238135,0.1508451196404767,Insufficient Energy for CPU+NET,N/A,N/A,N/A
2752,CPU_Intensive,Rejected,275.00064743887214,N/A,N/A,N/A,0.1813494318967921,0.0,0.0,0.0,STARLINK-3912,0,N/A,N/A,0.0,0.05327765488413033,False,0.0,0.0,0.0,120.67609571238135,0.1508451196404767,Insufficient Energy for CPU,N/A,N/A,N/A
2753,CPU_Intensive,Rejected,275.0625198560185,N/A,N/A,N/A,0.3667870680471555,0.0,0.0,0.0,STARLINK-3912,0,N/A,N/A,0.0,0.051340618893707224,False,0.0,0.0,0.0,120.67609571238135,0.1508451196404767,Insufficient Energy for CPU,N/A,N/A,N/A
2754,CPU_and_Data_Intensive,Rejected,275.1382946309533,N/A,N/A,N/A,0.07604280228695341,0.0,0.0,0.0,STARLINK-3912,0,N/A,N/A,0.0,1.9172070863653858,False,0.0,0.0,0.0,120.67609571238135,0.1508451196404767,Insufficient Energy for CPU+NET,N/A,N/A,N/A
2755,CPU_and_Data_Intensive,Rejected,275.30736639408985,N/A,N/A,N/A,0.22627286752390863,0.0,0.0,0.0,STARLINK-3912,0,N/A,N/A,0.0,1.7267246470743176,False,0.0,0.0,0.0,120.67609571238135,0.1508451196404767,Insufficient Energy for CPU+NET,N/A,N/A,N/A
2758,CPU_Intensive,Rejected,275.4869570207488,N/A,N/A,N/A,0.9006807007104364,0.0,0.0,0.0,STARLINK-3912,0,N/A,N/A,0.0,0.03595420357533113,False,0.0,0.0,0.0,120.67609571238135,0.1508451196404767,Insufficient Energy for CPU,N/A,N/A,N/A
2759,Generic_Service,Rejected,275.49044793476185,N/A,N/A,N/A,0.22391086991500442,0.0,0.0,0.0,STARLINK-3912,0,N/A,N/A,0.0,0.045972725749875445,False,0.0,0.0,0.0,120.67609571238135,0.1508451196404767,Insufficient Energy for CPU,N/A,N/A,N/A
2760,CPU_and_Data_Intensive,Rejected,275.57832645968983,N/A,N/A,N/A,0.0535140970196129,0.0,0.0,0.0,STARLINK-3912,0,N/A,N/A,0.0,1.5193657186156555,False,0.0,0.0,0.0,120.67609571238135,0.1508451196404767,Insufficient Energy for CPU+NET,N/A,N/A,N/A
2761,CPU_Intensive,Rejected,275.71274446465134,N/A,N/A,N/A,1.1787679635237005,0.0,0.0,0.0,STARLINK-3912,0,N/A,N/A,0.0,0.025840890155184842,False,0.0,0.0,0.0,120.67609571238135,0.1508451196404767,Insufficient Energy for CPU,N/A,N/A,N/A
2762,Generic_Service,Rejected,275.7369263604773,N/A,N/A,N/A,0.06188739013537741,0.0,0.0,0.0,STARLINK-3912,0,N/A,N/A,0.0,0.03845675462577737,False,0.0,0.0,0.0,120.67609571238135,0.1508451196404767,Insufficient Energy for CPU,N/A,N/A,N/A
2763,CPU_Intensive,Rejected,275.78257908008067,N/A,N/A,N/A,1.2145034967341208,0.0,0.0,0.0,STARLINK-3912,0,N/A,N/A,0.0,0.0126813874740301,False,0.0,0.0,0.0,120.67609571238135,0.1508451196404767,Insufficient Energy for CPU,N/A,N/A,N/A
2764,CPU_and_Data_Intensive,Rejected,275.92612372791115,N/A,N/A,N/A,0.05452076946314175,0.0,0.0,0.0,STARLINK-3912,0,N/A,N/A,0.0,1.9431846752033337,False,0.0,0.0,0.0,120.67609571238135,0.1508451196404767,Insufficient Energy for CPU+NET,N/A,N/A,N/A
2766,CPU_and_Data_Intensive,Rejected,275.9478452949218,N/A,N/A,N/A,1.0498049919415686,0.0,0.0,0.0,STARLINK-3912,0,N/A,N/A,0.0,0.0511244204176598,False,0.0,0.0,0.0,120.67609571238135,0.1508451196404767,Insufficient Energy for CPU+NET,N/A,N/A,N/A
2767,CPU_Intensive,Rejected,276.1059512811474,N/A,N/A,N/A,0.7122862722801708,0.0,0.0,0.0,STARLINK-3912,0,N/A,N/A,0.0,0.08346313783951792,False,0.0,0.0,0.0,120.67609571238135,0.1508451196404767,Insufficient Energy for CPU,N/A,N/A,N/A
2768,CPU_and_Data_Intensive,Rejected,276.3025385851535,N/A,N/A,N/A,0.18623935698184663,0.0,0.0,0.0,STARLINK-3912,0,N/A,N/A,0.0,0.0317058088270289,False,0.0,0.0,0.0,120.67609571238135,0.1508451196404767,Insufficient Energy for CPU+NET,N/A,N/A,N/A
2769,Generic_Service,Rejected,276.7049568130411,N/A,N/A,N/A,0.028352959865193417,0.0,0.0,0.0,STARLINK-3912,0,N/A,N/A,0.0,0.017128264371960827,False,0.0,0.0,0.0,120.67609571238135,0.1508451196404767,Insufficient Energy for CPU,N/A,N/A,N/A
2771,CPU_Intensive,Rejected,276.833790235871,N/A,N/A,N/A,0.19371231118104593,0.0,0.0,0.0,STARLINK-3912,0,N/A,N/A,0.0,0.08504537456141988,False,0.0,0.0,0.0,120.67609571238135,0.1508451196404767,Insufficient Energy for CPU,N/A,N/A,N/A
2770,CPU_and_Data_Intensive,Rejected,276.8320079501249,N/A,N/A,N/A,0.4365655622977942,0.0,0.0,0.0,STARLINK-3912,0,N/A,N/A,0.0,16.227301452269437,False,0.0,0.0,0.0,120.67609571238135,0.1508451196404767,Insufficient Energy for CPU+NET,N/A,N/A,N/A
2772,CPU_and_Data_Intensive,Rejected,277.10057478220165,N/A,N/A,N/A,0.31146654567463533,0.0,0.0,0.0,STARLINK-3912,0,N/A,N/A,0.0,1.1746948675793198,False,0.0,0.0,0.0,120.67609571238135,0.1508451196404767,Insufficient Energy for CPU+NET,N/A,N/A,N/A
2778,CPU_and_Data_Intensive,Rejected,277.65376998387524,N/A,N/A,N/A,0.35146347992900384,0.0,0.0,0.0,STARLINK-3912,0,N/A,N/A,0.0,1.789825077935635,False,0.0,0.0,0.0,120.67609571238135,0.1508451196404767,Insufficient Energy for CPU+NET,N/A,N/A,N/A
2779,CPU_and_Data_Intensive,Rejected,277.6668372526873,N/A,N/A,N/A,0.3816126975008405,0.0,0.0,0.0,STARLINK-3912,0,N/A,N/A,0.0,5.58407640078755,False,0.0,0.0,0.0,120.67609571238135,0.1508451196404767,Insufficient Energy for CPU+NET,N/A,N/A,N/A
2780,CPU_and_Data_Intensive,Rejected,277.82680531992304,N/A,N/A,N/A,0.7339826853348383,0.0,0.0,0.0,STARLINK-3912,0,N/A,N/A,0.0,2.0051202232803536,False,0.0,0.0,0.0,120.67609571238135,0.1508451196404767,Insufficient Energy for CPU+NET,N/A,N/A,N/A
2781,CPU_Intensive,Rejected,278.17728649689906,N/A,N/A,N/A,0.15004204487987824,0.0,0.0,0.0,STARLINK-3912,0,N/A,N/A,0.0,0.03224634392312291,False,0.0,0.0,0.0,120.67609571238135,0.1508451196404767,Insufficient Energy for CPU,N/A,N/A,N/A
2782,Generic_Service,Rejected,278.19964931971026,N/A,N/A,N/A,0.050322644729162806,0.0,0.0,0.0,STARLINK-3912,0,N/A,N/A,0.0,0.010345467912685336,False,0.0,0.0,0.0,120.67609571238135,0.1508451196404767,Insufficient Energy for CPU,N/A,N/A,N/A
2783,CPU_and_Data_Intensive,Rejected,278.3351368646851,N/A,N/A,N/A,0.5065929182150988,0.0,0.0,0.0,STARLINK-3912,0,N/A,N/A,0.0,17.49383892254649,False,0.0,0.0,0.0,120.67609571238135,0.1508451196404767,Insufficient Energy for CPU+NET,N/A,N/A,N/A
2785,CPU_Intensive,Rejected,278.3984936860939,N/A,N/A,N/A,0.2853829750338187,0.0,0.0,0.0,STARLINK-3912,0,N/A,N/A,0.0,0.03598947296354255,False,0.0,0.0,0.0,120.67609571238135,0.1508451196404767,Insufficient Energy for CPU,N/A,N/A,N/A
2786,CPU_and_Data_Intensive,Rejected,278.48322033559083,N/A,N/A,N/A,0.5060599627376263,0.0,0.0,0.0,STARLINK-3912,0,N/A,N/A,0.0,0.5011572580747361,False,0.0,0.0,0.0,120.67609571238135,0.1508451196404767,Insufficient Energy for CPU+NET,N/A,N/A,N/A
2790,CPU_Intensive,Rejected,278.9223071410091,N/A,N/A,N/A,0.24179982070666425,0.0,0.0,0.0,STARLINK-3912,0,N/A,N/A,0.0,0.01715151367181204,False,0.0,0.0,0.0,120.67609571238135,0.1508451196404767,Insufficient Energy for CPU,N/A,N/A,N/A
2791,CPU_Intensive,Rejected,278.92522136090747,N/A,N/A,N/A,0.16184718503363132,0.0,0.0,0.0,STARLINK-3912,0,N/A,N/A,0.0,0.015551299734665758,False,0.0,0.0,0.0,120.67609571238135,0.1508451196404767,Insufficient Energy for CPU,N/A,N/A,N/A
2789,CPU_and_Data_Intensive,Rejected,278.89067021643325,N/A,N/A,N/A,0.7821714300767939,0.0,0.0,0.0,STARLINK-3912,0,N/A,N/A,0.0,187.36102641103304,False,0.0,0.0,0.0,120.67609571238135,0.1508451196404767,Insufficient Energy for CPU+NET,N/A,N/A,N/A
2793,CPU_Intensive,Rejected,279.3769619231724,N/A,N/A,N/A,1.2069175714957974,0.0,0.0,0.0,STARLINK-3912,0,N/A,N/A,0.0,0.016157623332765318,False,0.0,0.0,0.0,120.67609571238135,0.1508451196404767,Insufficient Energy for CPU,N/A,N/A,N/A
2795,Generic_Service,Rejected,279.5194547998066,N/A,N/A,N/A,0.04585342651567653,0.0,0.0,0.0,STARLINK-3912,0,N/A,N/A,0.0,0.07565923754299532,False,0.0,0.0,0.0,120.67609571238135,0.1508451196404767,Insufficient Energy for CPU,N/A,N/A,N/A
2797,CPU_Intensive,Rejected,279.67821561697707,N/A,N/A,N/A,0.25332357219312746,0.0,0.0,0.0,STARLINK-3912,0,N/A,N/A,0.0,0.07373791946758151,False,0.0,0.0,0.0,120.67609571238135,0.1508451196404767,Insufficient Energy for CPU,N/A,N/A,N/A
2798,CPU_Intensive,Rejected,279.7853442285304,N/A,N/A,N/A,0.5405966737301308,0.0,0.0,0.0,STARLINK-3912,0,N/A,N/A,0.0,0.03148954237856816,False,0.0,0.0,0.0,120.67609571238135,0.1508451196404767,Insufficient Energy for CPU,N/A,N/A,N/A
2799,CPU_and_Data_Intensive,Rejected,279.83107080773937,N/A,N/A,N/A,0.7966018872851568,0.0,0.0,0.0,STARLINK-3912,0,N/A,N/A,0.0,1.3186255385801045,False,0.0,0.0,0.0,120.67609571238135,0.1508451196404767,Insufficient Energy for CPU+NET,N/A,N/A,N/A
2800,Generic_Service,Rejected,279.92826835974716,N/A,N/A,N/A,0.0391807710133846,0.0,0.0,0.0,STARLINK-3912,0,N/A,N/A,0.0,0.03243652569557976,False,0.0,0.0,0.0,120.67609571238135,0.1508451196404767,Insufficient Energy for CPU,N/A,N/A,N/A
2803,CPU_Intensive,Rejected,280.0450230325337,N/A,N/A,N/A,0.10176891568205172,0.0,0.0,0.0,STARLINK-3912,0,N/A,N/A,0.0,0.06151479191221308,False,0.0,0.0,0.0,120.67609571238135,0.1508451196404767,Insufficient Energy for CPU,N/A,N/A,N/A
2804,CPU_and_Data_Intensive,Rejected,280.05905235080485,N/A,N/A,N/A,1.3829166412603466,0.0,0.0,0.0,STARLINK-3912,0,N/A,N/A,0.0,0.5185818658798793,False,0.0,0.0,0.0,120.67609571238135,0.1508451196404767,Insufficient Energy for CPU+NET,N/A,N/A,N/A
2805,CPU_Intensive,Rejected,280.1503517700897,N/A,N/A,N/A,1.849901632743518,0.0,0.0,0.0,STARLINK-3912,0,N/A,N/A,0.0,0.032954823149553635,False,0.0,0.0,0.0,120.67609571238135,0.1508451196404767,Insufficient Energy for CPU,N/A,N/A,N/A
2806,CPU_and_Data_Intensive,Rejected,280.1967877038549,N/A,N/A,N/A,0.45959155583830485,0.0,0.0,0.0,STARLINK-3912,0,N/A,N/A,0.0,1.2484744099567124,False,0.0,0.0,0.0,120.67609571238135,0.1508451196404767,Insufficient Energy for CPU+NET,N/A,N/A,N/A
2807,Generic_Service,Rejected,280.3696481533529,N/A,N/A,N/A,0.03531569432065333,0.0,0.0,0.0,STARLINK-3912,0,N/A,N/A,0.0,0.05933102803447963,False,0.0,0.0,0.0,120.67609571238135,0.1508451196404767,Insufficient Energy for CPU,N/A,N/A,N/A
2808,CPU_and_Data_Intensive,Rejected,280.4771676042185,N/A,N/A,N/A,0.21513947687358587,0.0,0.0,0.0,STARLINK-3912,0,N/A,N/A,0.0,2.157888430091653,False,0.0,0.0,0.0,120.67609571238135,0.1508451196404767,Insufficient Energy for CPU+NET,N/A,N/A,N/A
2809,CPU_Intensive,Rejected,280.59936248464845,N/A,N/A,N/A,0.33201593516121164,0.0,0.0,0.0,STARLINK-3912,0,N/A,N/A,0.0,0.08172143634339271,False,0.0,0.0,0.0,120.67609571238135,0.1508451196404767,Insufficient Energy for CPU,N/A,N/A,N/A
2810,CPU_Intensive,Rejected,280.60714172110465,N/A,N/A,N/A,1.5484998260114278,0.0,0.0,0.0,STARLINK-3912,0,N/A,N/A,0.0,0.049342729115508556,False,0.0,0.0,0.0,120.67609571238135,0.1508451196404767,Insufficient Energy for CPU,N/A,N/A,N/A
2811,CPU_and_Data_Intensive,Rejected,280.83777032530105,N/A,N/A,N/A,0.04362911466946492,0.0,0.0,0.0,STARLINK-3912,0,N/A,N/A,0.0,1.076897346516247,False,0.0,0.0,0.0,120.67609571238135,0.1508451196404767,Insufficient Energy for CPU+NET,N/A,N/A,N/A
2812,CPU_Intensive,Rejected,280.8462345147454,N/A,N/A,N/A,0.6365024957901154,0.0,0.0,0.0,STARLINK-3912,0,N/A,N/A,0.0,0.02728078331899699,False,0.0,0.0,0.0,120.67609571238135,0.1508451196404767,Insufficient Energy for CPU,N/A,N/A,N/A
2813,CPU_Intensive,Rejected,280.9936759085943,N/A,N/A,N/A,0.13887844820633682,0.0,0.0,0.0,STARLINK-3912,0,N/A,N/A,0.0,0.08451509688640167,False,0.0,0.0,0.0,120.67609571238135,0.1508451196404767,Insufficient Energy for CPU,N/A,N/A,N/A
2814,CPU_Intensive,Rejected,280.99479148525353,N/A,N/A,N/A,0.17178486675018478,0.0,0.0,0.0,STARLINK-3912,0,N/A,N/A,0.0,0.04141733856857572,False,0.0,0.0,0.0,120.67609571238135,0.1508451196404767,Insufficient Energy for CPU,N/A,N/A,N/A
2815,CPU_Intensive,Rejected,281.0346548229467,N/A,N/A,N/A,1.8830757624658472,0.0,0.0,0.0,STARLINK-3912,0,N/A,N/A,0.0,0.022568882175949094,False,0.0,0.0,0.0,120.67609571238135,0.1508451196404767,Insufficient Energy for CPU,N/A,N/A,N/A
2818,CPU_and_Data_Intensive,Rejected,281.3600580001114,N/A,N/A,N/A,0.08523297936255764,0.0,0.0,0.0,STARLINK-3912,0,N/A,N/A,0.0,7.743303598864103,False,0.0,0.0,0.0,120.67609571238135,0.1508451196404767,Insufficient Energy for CPU+NET,N/A,N/A,N/A
2819,Generic_Service,Rejected,281.40398652823717,N/A,N/A,N/A,0.033600892638149735,0.0,0.0,0.0,STARLINK-3912,0,N/A,N/A,0.0,0.052254974668430584,False,0.0,0.0,0.0,120.67609571238135,0.1508451196404767,Insufficient Energy for CPU,N/A,N/A,N/A
2820,CPU_Intensive,Rejected,281.5226272681432,N/A,N/A,N/A,0.28721684782578893,0.0,0.0,0.0,STARLINK-3912,0,N/A,N/A,0.0,0.08204722297836223,False,0.0,0.0,0.0,120.67609571238135,0.1508451196404767,Insufficient Energy for CPU,N/A,N/A,N/A
2821,Generic_Service,Rejected,281.526711463791,N/A,N/A,N/A,0.022428156313542964,0.0,0.0,0.0,STARLINK-3912,0,N/A,N/A,0.0,0.014238154165517583,False,0.0,0.0,0.0,120.67609571238135,0.1508451196404767,Insufficient Energy for CPU,N/A,N/A,N/A
2822,CPU_Intensive,Rejected,281.64267676089503,N/A,N/A,N/A,0.31618276645464793,0.0,0.0,0.0,STARLINK-3912,0,N/A,N/A,0.0,0.06108835074098816,False,0.0,0.0,0.0,120.67609571238135,0.1508451196404767,Insufficient Energy for CPU,N/A,N/A,N/A
2824,Generic_Service,Rejected,281.82510568329775,N/A,N/A,N/A,0.02644392354740914,0.0,0.0,0.0,STARLINK-3912,0,N/A,N/A,0.0,0.07184987484428347,False,0.0,0.0,0.0,120.67609571238135,0.1508451196404767,Insufficient Energy for CPU,N/A,N/A,N/A
2825,CPU_and_Data_Intensive,Rejected,281.8839058759459,N/A,N/A,N/A,0.7610751095673727,0.0,0.0,0.0,STARLINK-3912,0,N/A,N/A,0.0,0.05147156935799162,False,0.0,0.0,0.0,120.67609571238135,0.1508451196404767,Insufficient Energy for CPU+NET,N/A,N/A,N/A
2826,CPU_and_Data_Intensive,Rejected,281.9038189125329,N/A,N/A,N/A,0.06329051569456934,0.0,0.0,0.0,STARLINK-3912,0,N/A,N/A,0.0,1.051710183475288,False,0.0,0.0,0.0,120.67609571238135,0.1508451196404767,Insufficient Energy for CPU+NET,N/A,N/A,N/A
2827,CPU_Intensive,Rejected,281.9288344478853,N/A,N/A,N/A,0.06786477164915528,0.0,0.0,0.0,STARLINK-3912,0,N/A,N/A,0.0,0.024978507504375268,False,0.0,0.0,0.0,120.67609571238135,0.1508451196404767,Insufficient Energy for CPU,N/A,N/A,N/A
2828,CPU_and_Data_Intensive,Rejected,282.0858265836036,N/A,N/A,N/A,0.4996677221160699,0.0,0.0,0.0,STARLINK-3912,0,N/A,N/A,0.0,3.3084326144448073,False,0.0,0.0,0.0,120.67609571238135,0.1508451196404767,Insufficient Energy for CPU+NET,N/A,N/A,N/A
2830,CPU_Intensive,Rejected,282.1234715612384,N/A,N/A,N/A,0.5837612598415473,0.0,0.0,0.0,STARLINK-3912,0,N/A,N/A,0.0,0.06887277276308804,False,0.0,0.0,0.0,120.67609571238135,0.1508451196404767,Insufficient Energy for CPU,N/A,N/A,N/A
2831,CPU_Intensive,Rejected,282.23097788073,N/A,N/A,N/A,0.6506858579661503,0.0,0.0,0.0,STARLINK-3912,0,N/A,N/A,0.0,0.059510805067520184,False,0.0,0.0,0.0,120.67609571238135,0.1508451196404767,Insufficient Energy for CPU,N/A,N/A,N/A
2832,CPU_Intensive,Rejected,282.24967613480044,N/A,N/A,N/A,0.7354655585300056,0.0,0.0,0.0,STARLINK-3912,0,N/A,N/A,0.0,0.04454501449205175,False,0.0,0.0,0.0,120.67609571238135,0.1508451196404767,Insufficient Energy for CPU,N/A,N/A,N/A
2834,CPU_Intensive,Rejected,282.4391479906272,N/A,N/A,N/A,0.1644474738652614,0.0,0.0,0.0,STARLINK-3912,0,N/A,N/A,0.0,0.0805510565768881,False,0.0,0.0,0.0,120.67609571238135,0.1508451196404767,Insufficient Energy for CPU,N/A,N/A,N/A
2835,CPU_Intensive,Rejected,282.4478613476559,N/A,N/A,N/A,1.0991230656088977,0.0,0.0,0.0,STARLINK-3912,0,N/A,N/A,0.0,0.06840499835377514,False,0.0,0.0,0.0,120.67609571238135,0.1508451196404767,Insufficient Energy for CPU,N/A,N/A,N/A
2836,CPU_and_Data_Intensive,Rejected,282.4603924976419,N/A,N/A,N/A,0.5288689924421113,0.0,0.0,0.0,STARLINK-3912,0,N/A,N/A,0.0,13.520552702209244,False,0.0,0.0,0.0,120.67609571238135,0.1508451196404767,Insufficient Energy for CPU+NET,N/A,N/A,N/A
2837,CPU_Intensive,Rejected,282.4745971352152,N/A,N/A,N/A,0.37015469113253474,0.0,0.0,0.0,STARLINK-3912,0,N/A,N/A,0.0,0.020466269281115695,False,0.0,0.0,0.0,120.67609571238135,0.1508451196404767,Insufficient Energy for CPU,N/A,N/A,N/A
2839,CPU_Intensive,Rejected,282.76567558219426,N/A,N/A,N/A,0.03254411685261051,0.0,0.0,0.0,STARLINK-3912,0,N/A,N/A,0.0,0.051921320453375115,False,0.0,0.0,0.0,120.67609571238135,0.1508451196404767,Insufficient Energy for CPU,N/A,N/A,N/A
2840,Generic_Service,Rejected,282.76899863926445,N/A,N/A,N/A,0.0434809576753285,0.0,0.0,0.0,STARLINK-3912,0,N/A,N/A,0.0,0.06683745294786539,False,0.0,0.0,0.0,120.67609571238135,0.1508451196404767,Insufficient Energy for CPU,N/A,N/A,N/A
2841,CPU_Intensive,Rejected,282.8684102456932,N/A,N/A,N/A,1.3984511893663552,0.0,0.0,0.0,STARLINK-3912,0,N/A,N/A,0.0,0.0752459209870703,False,0.0,0.0,0.0,120.67609571238135,0.1508451196404767,Insufficient Energy for CPU,N/A,N/A,N/A
2842,CPU_Intensive,Rejected,282.9253006681287,N/A,N/A,N/A,0.34800768139238475,0.0,0.0,0.0,STARLINK-3912,0,N/A,N/A,0.0,0.04818820849839788,False,0.0,0.0,0.0,120.67609571238135,0.1508451196404767,Insufficient Energy for CPU,N/A,N/A,N/A
2843,CPU_and_Data_Intensive,Rejected,283.1229370907265,N/A,N/A,N/A,0.3458029426180331,0.0,0.0,0.0,STARLINK-3912,0,N/A,N/A,0.0,0.5407016760518445,False,0.0,0.0,0.0,120.67609571238135,0.1508451196404767,Insufficient Energy for CPU+NET,N/A,N/A,N/A
2844,CPU_Intensive,Rejected,283.19355352090145,N/A,N/A,N/A,0.32668903137048005,0.0,0.0,0.0,STARLINK-3912,0,N/A,N/A,0.0,0.06660976799584079,False,0.0,0.0,0.0,120.67609571238135,0.1508451196404767,Insufficient Energy for CPU,N/A,N/A,N/A
2847,CPU_and_Data_Intensive,Rejected,283.4538042564538,N/A,N/A,N/A,1.3858944628080307,0.0,0.0,0.0,STARLINK-3912,0,N/A,N/A,0.0,156.09366034829,False,0.0,0.0,0.0,120.67609571238135,0.1508451196404767,Insufficient Energy for CPU+NET,N/A,N/A,N/A
2848,CPU_Intensive,Rejected,283.585666556571,N/A,N/A,N/A,0.38489249808362513,0.0,0.0,0.0,STARLINK-3912,0,N/A,N/A,0.0,0.049066985044009796,False,0.0,0.0,0.0,120.67609571238135,0.1508451196404767,Insufficient Energy for CPU,N/A,N/A,N/A
2849,CPU_Intensive,Rejected,283.6843405407161,N/A,N/A,N/A,0.5665836628182724,0.0,0.0,0.0,STARLINK-3912,0,N/A,N/A,0.0,0.01713122564681995,False,0.0,0.0,0.0,120.67609571238135,0.1508451196404767,Insufficient Energy for CPU,N/A,N/A,N/A
2850,CPU_Intensive,Rejected,283.7306342259712,N/A,N/A,N/A,0.17906798392920192,0.0,0.0,0.0,STARLINK-3912,0,N/A,N/A,0.0,0.041259109633620505,False,0.0,0.0,0.0,120.67609571238135,0.1508451196404767,Insufficient Energy for CPU,N/A,N/A,N/A
2851,CPU_and_Data_Intensive,Rejected,283.73153541922335,N/A,N/A,N/A,0.3448337275901557,0.0,0.0,0.0,STARLINK-3912,0,N/A,N/A,0.0,1.7945650838900158,False,0.0,0.0,0.0,120.67609571238135,0.1508451196404767,Insufficient Energy for CPU+NET,N/A,N/A,N/A
2852,CPU_Intensive,Rejected,283.97455635257404,N/A,N/A,N/A,0.5427873667932609,0.0,0.0,0.0,STARLINK-3912,0,N/A,N/A,0.0,0.07639654637509939,False,0.0,0.0,0.0,120.67609571238135,0.1508451196404767,Insufficient Energy for CPU,N/A,N/A,N/A
2853,CPU_Intensive,Rejected,284.1314311320477,N/A,N/A,N/A,0.8094621276674625,0.0,0.0,0.0,STARLINK-3912,0,N/A,N/A,0.0,0.06600416580834742,False,0.0,0.0,0.0,120.67609571238135,0.1508451196404767,Insufficient Energy for CPU,N/A,N/A,N/A
2854,CPU_and_Data_Intensive,Rejected,284.1566029714746,N/A,N/A,N/A,0.8208824274288689,0.0,0.0,0.0,STARLINK-3912,0,N/A,N/A,0.0,0.80419320367525,False,0.0,0.0,0.0,120.67609571238135,0.1508451196404767,Insufficient Energy for CPU+NET,N/A,N/A,N/A
2855,CPU_Intensive,Rejected,284.26069307112,N/A,N/A,N/A,1.4140560231037649,0.0,0.0,0.0,STARLINK-3912,0,N/A,N/A,0.0,0.02790351388391149,False,0.0,0.0,0.0,120.67609571238135,0.1508451196404767,Insufficient Energy for CPU,N/A,N/A,N/A
2856,CPU_Intensive,Rejected,284.4270039738149,N/A,N/A,N/A,0.997825559980154,0.0,0.0,0.0,STARLINK-3912,0,N/A,N/A,0.0,0.057287511537995925,False,0.0,0.0,0.0,120.67609571238135,0.1508451196404767,Insufficient Energy for CPU,N/A,N/A,N/A
2857,CPU_and_Data_Intensive,Rejected,284.66179388125886,N/A,N/A,N/A,0.4252536762359544,0.0,0.0,0.0,STARLINK-3912,0,N/A,N/A,0.0,13.221456136251675,False,0.0,0.0,0.0,120.67609571238135,0.1508451196404767,Insufficient Energy for CPU+NET,N/A,N/A,N/A
2858,CPU_and_Data_Intensive,Rejected,284.727690162882,N/A,N/A,N/A,0.2951727866172199,0.0,0.0,0.0,STARLINK-3912,0,N/A,N/A,0.0,0.8381224721852811,False,0.0,0.0,0.0,120.67609571238135,0.1508451196404767,Insufficient Energy for CPU+NET,N/A,N/A,N/A
2859,CPU_Intensive,Rejected,284.74877834774384,N/A,N/A,N/A,0.4231971895428821,0.0,0.0,0.0,STARLINK-3912,0,N/A,N/A,0.0,0.07353545486417641,False,0.0,0.0,0.0,120.67609571238135,0.1508451196404767,Insufficient Energy for CPU,N/A,N/A,N/A
2861,Generic_Service,Rejected,284.8525060642365,N/A,N/A,N/A,0.02642654834505725,0.0,0.0,0.0,STARLINK-3912,0,N/A,N/A,0.0,0.058652508568087666,False,0.0,0.0,0.0,120.67609571238135,0.1508451196404767,Insufficient Energy for CPU,N/A,N/A,N/A
2860,CPU_and_Data_Intensive,Rejected,284.84786164992323,N/A,N/A,N/A,0.21712940880445925,0.0,0.0,0.0,STARLINK-3912,0,N/A,N/A,0.0,22.851087453751358,False,0.0,0.0,0.0,120.67609571238135,0.1508451196404767,Insufficient Energy for CPU+NET,N/A,N/A,N/A
2862,Generic_Service,Rejected,284.9098402220413,N/A,N/A,N/A,0.048202502547174376,0.0,0.0,0.0,STARLINK-3912,0,N/A,N/A,0.0,0.07110661095994093,False,0.0,0.0,0.0,120.67609571238135,0.1508451196404767,Insufficient Energy for CPU,N/A,N/A,N/A
2863,CPU_Intensive,Rejected,284.96881567172625,N/A,N/A,N/A,0.022399312188844465,0.0,0.0,0.0,STARLINK-3912,0,N/A,N/A,0.0,0.06305058320975349,False,0.0,0.0,0.0,120.67609571238135,0.1508451196404767,Insufficient Energy for CPU,N/A,N/A,N/A
2864,CPU_Intensive,Rejected,285.00974916762755,N/A,N/A,N/A,0.1962973829414475,0.0,0.0,0.0,STARLINK-3912,0,N/A,N/A,0.0,0.06723396015965989,False,0.0,0.0,0.0,120.67609571238135,0.1508451196404767,Insufficient Energy for CPU,N/A,N/A,N/A
2865,CPU_Intensive,Rejected,285.1161102703264,N/A,N/A,N/A,0.5949119163091122,0.0,0.0,0.0,STARLINK-3912,0,N/A,N/A,0.0,0.017000140508194515,False,0.0,0.0,0.0,120.67609571238135,0.1508451196404767,Insufficient Energy for CPU,N/A,N/A,N/A
2866,CPU_and_Data_Intensive,Rejected,285.12599600491166,N/A,N/A,N/A,0.08998719705748225,0.0,0.0,0.0,STARLINK-3912,0,N/A,N/A,0.0,9.846493377746988,False,0.0,0.0,0.0,120.67609571238135,0.1508451196404767,Insufficient Energy for CPU+NET,N/A,N/A,N/A
2867,CPU_and_Data_Intensive,Rejected,285.17593234749717,N/A,N/A,N/A,0.572050467555807,0.0,0.0,0.0,STARLINK-3912,0,N/A,N/A,0.0,6.0962047005946856,False,0.0,0.0,0.0,120.67609571238135,0.1508451196404767,Insufficient Energy for CPU+NET,N/A,N/A,N/A
2868,CPU_Intensive,Rejected,285.2881807975043,N/A,N/A,N/A,0.12651018389577406,0.0,0.0,0.0,STARLINK-3912,0,N/A,N/A,0.0,0.07872364507563787,False,0.0,0.0,0.0,120.67609571238135,0.1508451196404767,Insufficient Energy for CPU,N/A,N/A,N/A
2869,Generic_Service,Rejected,285.5117990757821,N/A,N/A,N/A,0.023330581005972913,0.0,0.0,0.0,STARLINK-3912,0,N/A,N/A,0.0,0.01705520267887161,False,0.0,0.0,0.0,120.67609571238135,0.1508451196404767,Insufficient Energy for CPU,N/A,N/A,N/A
2870,CPU_Intensive,Rejected,285.56299031474975,N/A,N/A,N/A,0.2550589005499013,0.0,0.0,0.0,STARLINK-3912,0,N/A,N/A,0.0,0.020664149976849483,False,0.0,0.0,0.0,120.67609571238135,0.1508451196404767,Insufficient Energy for CPU,N/A,N/A,N/A
2872,CPU_and_Data_Intensive,Rejected,285.8458319850366,N/A,N/A,N/A,0.08218936835471334,0.0,0.0,0.0,STARLINK-3912,0,N/A,N/A,0.0,1.5011601256064386,False,0.0,0.0,0.0,120.67609571238135,0.1508451196404767,Insufficient Energy for CPU+NET,N/A,N/A,N/A
2873,CPU_and_Data_Intensive,Rejected,285.9290816302887,N/A,N/A,N/A,0.09195604561505959,0.0,0.0,0.0,STARLINK-3912,0,N/A,N/A,0.0,0.6228500222892687,False,0.0,0.0,0.0,120.67609571238135,0.1508451196404767,Insufficient Energy for CPU+NET,N/A,N/A,N/A
2874,CPU_Intensive,Rejected,286.08489065793844,N/A,N/A,N/A,0.19993623792952508,0.0,0.0,0.0,STARLINK-3912,0,N/A,N/A,0.0,0.01624675046711477,False,0.0,0.0,0.0,120.67609571238135,0.1508451196404767,Insufficient Energy for CPU,N/A,N/A,N/A
2878,Generic_Service,Rejected,286.94475312877364,N/A,N/A,N/A,0.05574031176820637,0.0,0.0,0.0,STARLINK-3912,0,N/A,N/A,0.0,0.07488491767674578,False,0.0,0.0,0.0,120.67609571238135,0.1508451196404767,Insufficient Energy for CPU,N/A,N/A,N/A
2879,Generic_Service,Rejected,287.11685918024176,N/A,N/A,N/A,0.04751581299907608,0.0,0.0,0.0,STARLINK-3912,0,N/A,N/A,0.0,0.07089716158714843,False,0.0,0.0,0.0,120.67609571238135,0.1508451196404767,Insufficient Energy for CPU,N/A,N/A,N/A
2880,CPU_and_Data_Intensive,Rejected,287.2191777597777,N/A,N/A,N/A,1.8829263796079836,0.0,0.0,0.0,STARLINK-3912,0,N/A,N/A,0.0,19.527649071097862,False,0.0,0.0,0.0,120.67609571238135,0.1508451196404767,Insufficient Energy for CPU+NET,N/A,N/A,N/A
2881,CPU_and_Data_Intensive,Rejected,287.28696452040026,N/A,N/A,N/A,0.08295825784325389,0.0,0.0,0.0,STARLINK-3912,0,N/A,N/A,0.0,1.8989137887690657,False,0.0,0.0,0.0,120.67609571238135,0.1508451196404767,Insufficient Energy for CPU+NET,N/A,N/A,N/A
2882,CPU_and_Data_Intensive,Rejected,287.37366249000195,N/A,N/A,N/A,0.12633473947059654,0.0,0.0,0.0,STARLINK-3912,0,N/A,N/A,0.0,2.0811171799551933,False,0.0,0.0,0.0,120.67609571238135,0.1508451196404767,Insufficient Energy for CPU+NET,N/A,N/A,N/A
2883,CPU_Intensive,Rejected,287.5133753740067,N/A,N/A,N/A,0.25298410740558425,0.0,0.0,0.0,STARLINK-3912,0,N/A,N/A,0.0,0.05325928728407092,False,0.0,0.0,0.0,120.67609571238135,0.1508451196404767,Insufficient Energy for CPU,N/A,N/A,N/A
2884,CPU_Intensive,Rejected,287.5374289995547,N/A,N/A,N/A,1.1544500366355954,0.0,0.0,0.0,STARLINK-3912,0,N/A,N/A,0.0,0.029816242576022188,False,0.0,0.0,0.0,120.67609571238135,0.1508451196404767,Insufficient Energy for CPU,N/A,N/A,N/A
2885,CPU_Intensive,Rejected,287.60592880778484,N/A,N/A,N/A,0.9716767665868394,0.0,0.0,0.0,STARLINK-3912,0,N/A,N/A,0.0,0.05479300315352438,False,0.0,0.0,0.0,120.67609571238135,0.1508451196404767,Insufficient Energy for CPU,N/A,N/A,N/A
2886,Generic_Service,Rejected,287.68143507788085,N/A,N/A,N/A,0.07353979269106369,0.0,0.0,0.0,STARLINK-3912,0,N/A,N/A,0.0,0.024851371455177795,False,0.0,0.0,0.0,120.67609571238135,0.1508451196404767,Insufficient Energy for CPU,N/A,N/A,N/A
2887,CPU_Intensive,Rejected,287.7617585874204,N/A,N/A,N/A,0.05270602090435522,0.0,0.0,0.0,STARLINK-3912,0,N/A,N/A,0.0,0.046304673152147896,False,0.0,0.0,0.0,120.67609571238135,0.1508451196404767,Insufficient Energy for CPU,N/A,N/A,N/A
2888,CPU_and_Data_Intensive,Rejected,287.89440900808273,N/A,N/A,N/A,0.27130181107866125,0.0,0.0,0.0,STARLINK-3912,0,N/A,N/A,0.0,0.8243003234073679,False,0.0,0.0,0.0,120.67609571238135,0.1508451196404767,Insufficient Energy for CPU+NET,N/A,N/A,N/A
2889,CPU_Intensive,Rejected,287.97951923505616,N/A,N/A,N/A,1.3474881637711644,0.0,0.0,0.0,STARLINK-3912,0,N/A,N/A,0.0,0.032367233471027664,False,0.0,0.0,0.0,120.67609571238135,0.1508451196404767,Insufficient Energy for CPU,N/A,N/A,N/A
2891,Generic_Service,Rejected,288.0613080288338,N/A,N/A,N/A,0.021568452098832677,0.0,0.0,0.0,STARLINK-3912,0,N/A,N/A,0.0,0.0695175418815113,False,0.0,0.0,0.0,120.67609571238135,0.1508451196404767,Insufficient Energy for CPU,N/A,N/A,N/A
2892,CPU_Intensive,Rejected,288.11969806408825,N/A,N/A,N/A,0.2095037601742431,0.0,0.0,0.0,STARLINK-3912,0,N/A,N/A,0.0,0.078035654924264,False,0.0,0.0,0.0,120.67609571238135,0.1508451196404767,Insufficient Energy for CPU,N/A,N/A,N/A
2893,CPU_and_Data_Intensive,Rejected,288.2068708596033,N/A,N/A,N/A,0.37844897645928766,0.0,0.0,0.0,STARLINK-3912,0,N/A,N/A,0.0,1.8970532046188648,False,0.0,0.0,0.0,120.67609571238135,0.1508451196404767,Insufficient Energy for CPU+NET,N/A,N/A,N/A
2894,CPU_Intensive,Rejected,288.29079512870175,N/A,N/A,N/A,0.8076137235226182,0.0,0.0,0.0,STARLINK-3912,0,N/A,N/A,0.0,0.01548547406487514,False,0.0,0.0,0.0,120.67609571238135,0.1508451196404767,Insufficient Energy for CPU,N/A,N/A,N/A
2895,CPU_and_Data_Intensive,Rejected,288.3221281906064,N/A,N/A,N/A,0.9134167304632317,0.0,0.0,0.0,STARLINK-3912,0,N/A,N/A,0.0,1.8928373256895,False,0.0,0.0,0.0,120.67609571238135,0.1508451196404767,Insufficient Energy for CPU+NET,N/A,N/A,N/A
2897,CPU_Intensive,Rejected,288.44165562671725,N/A,N/A,N/A,0.2615280367559935,0.0,0.0,0.0,STARLINK-3912,0,N/A,N/A,0.0,0.0731487001450369,False,0.0,0.0,0.0,120.67609571238135,0.1508451196404767,Insufficient Energy for CPU,N/A,N/A,N/A
2899,CPU_Intensive,Rejected,288.558268925853,N/A,N/A,N/A,0.11168253879140838,0.0,0.0,0.0,STARLINK-3912,0,N/A,N/A,0.0,0.07415559860390583,False,0.0,0.0,0.0,120.67609571238135,0.1508451196404767,Insufficient Energy for CPU,N/A,N/A,N/A
2902,CPU_Intensive,Rejected,288.64109143453163,N/A,N/A,N/A,1.4003020658506715,0.0,0.0,0.0,STARLINK-3912,0,N/A,N/A,0.0,0.08330295525642466,False,0.0,0.0,0.0,120.67609571238135,0.1508451196404767,Insufficient Energy for CPU,N/A,N/A,N/A
2903,CPU_and_Data_Intensive,Rejected,288.7807758941854,N/A,N/A,N/A,0.0735662942189998,0.0,0.0,0.0,STARLINK-3912,0,N/A,N/A,0.0,0.5999723515364778,False,0.0,0.0,0.0,120.67609571238135,0.1508451196404767,Insufficient Energy for CPU+NET,N/A,N/A,N/A
2904,CPU_and_Data_Intensive,Rejected,288.90327952310173,N/A,N/A,N/A,0.4078670224165957,0.0,0.0,0.0,STARLINK-3912,0,N/A,N/A,0.0,11.163252471187391,False,0.0,0.0,0.0,120.67609571238135,0.1508451196404767,Insufficient Energy for CPU+NET,N/A,N/A,N/A
2905,CPU_Intensive,Rejected,288.90808656386645,N/A,N/A,N/A,0.11497979847806847,0.0,0.0,0.0,STARLINK-3912,0,N/A,N/A,0.0,0.047922634543315676,False,0.0,0.0,0.0,120.67609571238135,0.1508451196404767,Insufficient Energy for CPU,N/A,N/A,N/A
2906,Generic_Service,Rejected,288.98641490833626,N/A,N/A,N/A,0.16843207807381738,0.0,0.0,0.0,STARLINK-3912,0,N/A,N/A,0.0,0.05672891925286075,False,0.0,0.0,0.0,120.67609571238135,0.1508451196404767,Insufficient Energy for CPU,N/A,N/A,N/A
2907,CPU_and_Data_Intensive,Rejected,289.0497882503011,N/A,N/A,N/A,1.8465316750462248,0.0,0.0,0.0,STARLINK-3912,0,N/A,N/A,0.0,18.639566575176147,False,0.0,0.0,0.0,120.67609571238135,0.1508451196404767,Insufficient Energy for CPU+NET,N/A,N/A,N/A
2908,CPU_Intensive,Rejected,289.1547860639294,N/A,N/A,N/A,1.0511869710223292,0.0,0.0,0.0,STARLINK-3912,0,N/A,N/A,0.0,0.06627838119220046,False,0.0,0.0,0.0,120.67609571238135,0.1508451196404767,Insufficient Energy for CPU,N/A,N/A,N/A
2909,CPU_and_Data_Intensive,Rejected,289.1892885695512,N/A,N/A,N/A,0.20339691668269338,0.0,0.0,0.0,STARLINK-3912,0,N/A,N/A,0.0,2.037895093379375,False,0.0,0.0,0.0,120.67609571238135,0.1508451196404767,Insufficient Energy for CPU+NET,N/A,N/A,N/A
2910,CPU_Intensive,Rejected,289.234907506013,N/A,N/A,N/A,1.6021041183632967,0.0,0.0,0.0,STARLINK-3912,0,N/A,N/A,0.0,0.05532007203561329,False,0.0,0.0,0.0,120.67609571238135,0.1508451196404767,Insufficient Energy for CPU,N/A,N/A,N/A
2911,CPU_Intensive,Rejected,289.2840022522209,N/A,N/A,N/A,1.2462118963199806,0.0,0.0,0.0,STARLINK-3912,0,N/A,N/A,0.0,0.016064447776082794,False,0.0,0.0,0.0,120.67609571238135,0.1508451196404767,Insufficient Energy for CPU,N/A,N/A,N/A
2912,Generic_Service,Rejected,289.30111588374336,N/A,N/A,N/A,0.07818649964635044,0.0,0.0,0.0,STARLINK-3912,0,N/A,N/A,0.0,0.054483206514393846,False,0.0,0.0,0.0,120.67609571238135,0.1508451196404767,Insufficient Energy for CPU,N/A,N/A,N/A
2914,CPU_and_Data_Intensive,Rejected,289.343909145019,N/A,N/A,N/A,1.2185653978581379,0.0,0.0,0.0,STARLINK-3912,0,N/A,N/A,0.0,3.9592066881879413,False,0.0,0.0,0.0,120.67609571238135,0.1508451196404767,Insufficient Energy for CPU+NET,N/A,N/A,N/A
2915,Generic_Service,Rejected,289.37202131638514,N/A,N/A,N/A,0.05831635101577566,0.0,0.0,0.0,STARLINK-3912,0,N/A,N/A,0.0,0.06062453147793057,False,0.0,0.0,0.0,120.67609571238135,0.1508451196404767,Insufficient Energy for CPU,N/A,N/A,N/A
2916,CPU_Intensive,Rejected,289.5205605120087,N/A,N/A,N/A,1.0584353014409413,0.0,0.0,0.0,STARLINK-3912,0,N/A,N/A,0.0,0.033534473672109134,False,0.0,0.0,0.0,120.67609571238135,0.1508451196404767,Insufficient Energy for CPU,N/A,N/A,N/A
2917,CPU_Intensive,Rejected,289.5207384907444,N/A,N/A,N/A,1.1270849769040252,0.0,0.0,0.0,STARLINK-3912,0,N/A,N/A,0.0,0.07542049182717596,False,0.0,0.0,0.0,120.67609571238135,0.1508451196404767,Insufficient Energy for CPU,N/A,N/A,N/A
2918,CPU_Intensive,Rejected,289.8218084918713,N/A,N/A,N/A,0.3240166718523222,0.0,0.0,0.0,STARLINK-3912,0,N/A,N/A,0.0,0.028823443510163096,False,0.0,0.0,0.0,120.67609571238135,0.1508451196404767,Insufficient Energy for CPU,N/A,N/A,N/A
2921,Generic_Service,Rejected,290.04110438722046,N/A,N/A,N/A,0.034643163346164504,0.0,0.0,0.0,STARLINK-3912,0,N/A,N/A,0.0,0.0351257873649646,False,0.0,0.0,0.0,120.67609571238135,0.1508451196404767,Insufficient Energy for CPU,N/A,N/A,N/A
2922,Generic_Service,Rejected,290.2096762629707,N/A,N/A,N/A,0.18983756504064764,0.0,0.0,0.0,STARLINK-3912,0,N/A,N/A,0.0,0.03705173700173335,False,0.0,0.0,0.0,120.67609571238135,0.1508451196404767,Insufficient Energy for CPU,N/A,N/A,N/A
2924,Generic_Service,Rejected,290.4258603289285,N/A,N/A,N/A,0.13657191727605103,0.0,0.0,0.0,STARLINK-3912,0,N/A,N/A,0.0,0.0810552203385054,False,0.0,0.0,0.0,120.67609571238135,0.1508451196404767,Insufficient Energy for CPU,N/A,N/A,N/A
2925,CPU_Intensive,Rejected,290.58075578125977,N/A,N/A,N/A,0.1942185839804004,0.0,0.0,0.0,STARLINK-3912,0,N/A,N/A,0.0,0.03047491494246521,False,0.0,0.0,0.0,120.67609571238135,0.1508451196404767,Insufficient Energy for CPU,N/A,N/A,N/A
2926,CPU_and_Data_Intensive,Rejected,290.62857609237665,N/A,N/A,N/A,1.449110122498973,0.0,0.0,0.0,STARLINK-3912,0,N/A,N/A,0.0,0.21179829503989003,False,0.0,0.0,0.0,120.67609571238135,0.1508451196404767,Insufficient Energy for CPU+NET,N/A,N/A,N/A
2927,CPU_Intensive,Rejected,290.7058943013488,N/A,N/A,N/A,0.7768744081991533,0.0,0.0,0.0,STARLINK-3912,0,N/A,N/A,0.0,0.06528491940400506,False,0.0,0.0,0.0,120.67609571238135,0.1508451196404767,Insufficient Energy for CPU,N/A,N/A,N/A
2928,CPU_Intensive,Rejected,290.71631591604785,N/A,N/A,N/A,0.6496367410765436,0.0,0.0,0.0,STARLINK-3912,0,N/A,N/A,0.0,0.03464641317896007,False,0.0,0.0,0.0,120.67609571238135,0.1508451196404767,Insufficient Energy for CPU,N/A,N/A,N/A
2929,CPU_and_Data_Intensive,Rejected,290.7318256255622,N/A,N/A,N/A,0.6343341488198134,0.0,0.0,0.0,STARLINK-3912,0,N/A,N/A,0.0,17.352021948849718,False,0.0,0.0,0.0,120.67609571238135,0.1508451196404767,Insufficient Energy for CPU+NET,N/A,N/A,N/A
2930,CPU_and_Data_Intensive,Rejected,290.7402770201338,N/A,N/A,N/A,0.494773817798386,0.0,0.0,0.0,STARLINK-3912,0,N/A,N/A,0.0,0.4360279211376274,False,0.0,0.0,0.0,120.67609571238135,0.1508451196404767,Insufficient Energy for CPU+NET,N/A,N/A,N/A
2931,Generic_Service,Rejected,290.7993512793176,N/A,N/A,N/A,0.02340520292751805,0.0,0.0,0.0,STARLINK-3912,0,N/A,N/A,0.0,0.018700181335712357,False,0.0,0.0,0.0,120.67609571238135,0.1508451196404767,Insufficient Energy for CPU,N/A,N/A,N/A
2932,CPU_Intensive,Rejected,290.9488476681415,N/A,N/A,N/A,0.8267159290179762,0.0,0.0,0.0,STARLINK-3912,0,N/A,N/A,0.0,0.07569669218405854,False,0.0,0.0,0.0,120.67609571238135,0.1508451196404767,Insufficient Energy for CPU,N/A,N/A,N/A
2935,CPU_Intensive,Rejected,291.03341636904145,N/A,N/A,N/A,1.2747992123360807,0.0,0.0,0.0,STARLINK-3912,0,N/A,N/A,0.0,0.06300495707901067,False,0.0,0.0,0.0,120.67609571238135,0.1508451196404767,Insufficient Energy for CPU,N/A,N/A,N/A
2936,CPU_Intensive,Rejected,291.32319181720874,N/A,N/A,N/A,0.22094855086678308,0.0,0.0,0.0,STARLINK-3912,0,N/A,N/A,0.0,0.07772581703930856,False,0.0,0.0,0.0,120.67609571238135,0.1508451196404767,Insufficient Energy for CPU,N/A,N/A,N/A
2937,CPU_Intensive,Rejected,291.64553132726826,N/A,N/A,N/A,0.9583942418568583,0.0,0.0,0.0,STARLINK-3912,0,N/A,N/A,0.0,0.06368213407001092,False,0.0,0.0,0.0,120.67609571238135,0.1508451196404767,Insufficient Energy for CPU,N/A,N/A,N/A
2938,CPU_and_Data_Intensive,Rejected,291.7603916676686,N/A,N/A,N/A,0.4556090056918821,0.0,0.0,0.0,STARLINK-3912,0,N/A,N/A,0.0,1.0507760211829185,False,0.0,0.0,0.0,120.67609571238135,0.1508451196404767,Insufficient Energy for CPU+NET,N/A,N/A,N/A
2940,CPU_Intensive,Rejected,291.85295220739374,N/A,N/A,N/A,0.3275500136932922,0.0,0.0,0.0,STARLINK-3912,0,N/A,N/A,0.0,0.040241480020903844,False,0.0,0.0,0.0,120.67609571238135,0.1508451196404767,Insufficient Energy for CPU,N/A,N/A,N/A
2939,CPU_and_Data_Intensive,Rejected,291.84509722921223,N/A,N/A,N/A,1.206944296867643,0.0,0.0,0.0,STARLINK-3912,0,N/A,N/A,0.0,414.0391058103957,False,0.0,0.0,0.0,120.67609571238135,0.1508451196404767,Insufficient Energy for CPU+NET,N/A,N/A,N/A
2941,CPU_and_Data_Intensive,Rejected,292.1119192773847,N/A,N/A,N/A,0.677388181448435,0.0,0.0,0.0,STARLINK-3912,0,N/A,N/A,0.0,13.526378738935062,False,0.0,0.0,0.0,120.67609571238135,0.1508451196404767,Insufficient Energy for CPU+NET,N/A,N/A,N/A
2942,Generic_Service,Rejected,292.13414583160795,N/A,N/A,N/A,0.06795260373533643,0.0,0.0,0.0,STARLINK-3912,0,N/A,N/A,0.0,0.014836452004995851,False,0.0,0.0,0.0,120.67609571238135,0.1508451196404767,Insufficient Energy for CPU,N/A,N/A,N/A
2943,CPU_Intensive,Rejected,292.1471396567216,N/A,N/A,N/A,0.7036850483098539,0.0,0.0,0.0,STARLINK-3912,0,N/A,N/A,0.0,0.04919833446712314,False,0.0,0.0,0.0,120.67609571238135,0.1508451196404767,Insufficient Energy for CPU,N/A,N/A,N/A
2944,CPU_and_Data_Intensive,Rejected,292.25707857439653,N/A,N/A,N/A,0.4219339353346889,0.0,0.0,0.0,STARLINK-3912,0,N/A,N/A,0.0,12.201494656644982,False,0.0,0.0,0.0,120.67609571238135,0.1508451196404767,Insufficient Energy for CPU+NET,N/A,N/A,N/A
2945,CPU_Intensive,Rejected,292.8019517039148,N/A,N/A,N/A,0.3922721071715217,0.0,0.0,0.0,STARLINK-3912,0,N/A,N/A,0.0,0.016932220923968035,False,0.0,0.0,0.0,120.67609571238135,0.1508451196404767,Insufficient Energy for CPU,N/A,N/A,N/A
2946,CPU_Intensive,Rejected,292.95922184425075,N/A,N/A,N/A,1.287711726077355,0.0,0.0,0.0,STARLINK-3912,0,N/A,N/A,0.0,0.02416469276776357,False,0.0,0.0,0.0,120.67609571238135,0.1508451196404767,Insufficient Energy for CPU,N/A,N/A,N/A
2948,CPU_and_Data_Intensive,Rejected,293.07569712224506,N/A,N/A,N/A,1.25852162150432,0.0,0.0,0.0,STARLINK-3912,0,N/A,N/A,0.0,168.04694088617998,False,0.0,0.0,0.0,120.67609571238135,0.1508451196404767,Insufficient Energy for CPU+NET,N/A,N/A,N/A
2949,CPU_and_Data_Intensive,Rejected,293.2446203870873,N/A,N/A,N/A,0.31362569587352096,0.0,0.0,0.0,STARLINK-3912,0,N/A,N/A,0.0,9.333288277762346,False,0.0,0.0,0.0,120.67609571238135,0.1508451196404767,Insufficient Energy for CPU+NET,N/A,N/A,N/A
2950,CPU_and_Data_Intensive,Rejected,293.3223237491033,N/A,N/A,N/A,0.2889746092628925,0.0,0.0,0.0,STARLINK-3912,0,N/A,N/A,0.0,13.941097179231221,False,0.0,0.0,0.0,120.67609571238135,0.1508451196404767,Insufficient Energy for CPU+NET,N/A,N/A,N/A
2951,CPU_Intensive,Rejected,293.3414452313082,N/A,N/A,N/A,0.9407416949617194,0.0,0.0,0.0,STARLINK-3912,0,N/A,N/A,0.0,0.046144240942858045,False,0.0,0.0,0.0,120.67609571238135,0.1508451196404767,Insufficient Energy for CPU,N/A,N/A,N/A
2952,CPU_and_Data_Intensive,Rejected,293.68611109349513,N/A,N/A,N/A,0.13054847429362326,0.0,0.0,0.0,STARLINK-3912,0,N/A,N/A,0.0,1.7190027324024157,False,0.0,0.0,0.0,120.67609571238135,0.1508451196404767,Insufficient Energy for CPU+NET,N/A,N/A,N/A
2953,Generic_Service,Rejected,294.1145607703611,N/A,N/A,N/A,0.07927448601900151,0.0,0.0,0.0,STARLINK-3912,0,N/A,N/A,0.0,0.08598361970316003,False,0.0,0.0,0.0,120.67609571238135,0.1508451196404767,Insufficient Energy for CPU,N/A,N/A,N/A
2954,CPU_Intensive,Rejected,294.13576425661233,N/A,N/A,N/A,0.5186730005711974,0.0,0.0,0.0,STARLINK-3912,0,N/A,N/A,0.0,0.059608895417975885,False,0.0,0.0,0.0,120.67609571238135,0.1508451196404767,Insufficient Energy for CPU,N/A,N/A,N/A
2955,Generic_Service,Rejected,294.24072770869026,N/A,N/A,N/A,0.12316293514049664,0.0,0.0,0.0,STARLINK-3912,0,N/A,N/A,0.0,0.026840627519657087,False,0.0,0.0,0.0,120.67609571238135,0.1508451196404767,Insufficient Energy for CPU,N/A,N/A,N/A
2956,CPU_and_Data_Intensive,Rejected,294.2995640934431,N/A,N/A,N/A,0.6533264027488767,0.0,0.0,0.0,STARLINK-3912,0,N/A,N/A,0.0,0.12437134832236416,False,0.0,0.0,0.0,120.67609571238135,0.1508451196404767,Insufficient Energy for CPU+NET,N/A,N/A,N/A
2957,CPU_and_Data_Intensive,Rejected,294.3389533756804,N/A,N/A,N/A,1.3057003311887696,0.0,0.0,0.0,STARLINK-3912,0,N/A,N/A,0.0,14.974933519120352,False,0.0,0.0,0.0,120.67609571238135,0.1508451196404767,Insufficient Energy for CPU+NET,N/A,N/A,N/A
2958,CPU_Intensive,Rejected,294.4857693777692,N/A,N/A,N/A,0.15189579251703966,0.0,0.0,0.0,STARLINK-3912,0,N/A,N/A,0.0,0.06958079419469505,False,0.0,0.0,0.0,120.67609571238135,0.1508451196404767,Insufficient Energy for CPU,N/A,N/A,N/A
2959,CPU_Intensive,Rejected,294.5396861600505,N/A,N/A,N/A,0.0799664609509419,0.0,0.0,0.0,STARLINK-3912,0,N/A,N/A,0.0,0.026492058929639233,False,0.0,0.0,0.0,120.67609571238135,0.1508451196404767,Insufficient Energy for CPU,N/A,N/A,N/A
2960,Generic_Service,Rejected,294.58642190572374,N/A,N/A,N/A,0.11632698696061826,0.0,0.0,0.0,STARLINK-3912,0,N/A,N/A,0.0,0.03499995717352309,False,0.0,0.0,0.0,120.67609571238135,0.1508451196404767,Insufficient Energy for CPU,N/A,N/A,N/A
2962,CPU_Intensive,Rejected,294.81648738671794,N/A,N/A,N/A,0.19730899779146538,0.0,0.0,0.0,STARLINK-3912,0,N/A,N/A,0.0,0.027908921732043804,False,0.0,0.0,0.0,120.67609571238135,0.1508451196404767,Insufficient Energy for CPU,N/A,N/A,N/A
2963,Generic_Service,Rejected,294.844862237515,N/A,N/A,N/A,0.025985829547297654,0.0,0.0,0.0,STARLINK-3912,0,N/A,N/A,0.0,0.07666562644624676,False,0.0,0.0,0.0,120.67609571238135,0.1508451196404767,Insufficient Energy for CPU,N/A,N/A,N/A
2964,CPU_Intensive,Rejected,294.9404482287219,N/A,N/A,N/A,0.44109934808252876,0.0,0.0,0.0,STARLINK-3912,0,N/A,N/A,0.0,0.053815229370753566,False,0.0,0.0,0.0,120.67609571238135,0.1508451196404767,Insufficient Energy for CPU,N/A,N/A,N/A
2965,Generic_Service,Rejected,295.03413516062,N/A,N/A,N/A,0.051453890237387216,0.0,0.0,0.0,STARLINK-3912,0,N/A,N/A,0.0,0.03575067685829338,False,0.0,0.0,0.0,120.67609571238135,0.1508451196404767,Insufficient Energy for CPU,N/A,N/A,N/A
2966,Generic_Service,Rejected,295.0540004029542,N/A,N/A,N/A,0.051251781121387945,0.0,0.0,0.0,STARLINK-3912,0,N/A,N/A,0.0,0.07892127810105727,False,0.0,0.0,0.0,120.67609571238135,0.1508451196404767,Insufficient Energy for CPU,N/A,N/A,N/A
2967,CPU_and_Data_Intensive,Rejected,295.0602141772121,N/A,N/A,N/A,1.0145457085364797,0.0,0.0,0.0,STARLINK-3912,0,N/A,N/A,0.0,1.9376880345604441,False,0.0,0.0,0.0,120.67609571238135,0.1508451196404767,Insufficient Energy for CPU+NET,N/A,N/A,N/A
2968,CPU_Intensive,Rejected,295.11121080917997,N/A,N/A,N/A,0.43986261916390124,0.0,0.0,0.0,STARLINK-3912,0,N/A,N/A,0.0,0.04597934911008944,False,0.0,0.0,0.0,120.67609571238135,0.1508451196404767,Insufficient Energy for CPU,N/A,N/A,N/A
2969,CPU_Intensive,Rejected,295.1266259797679,N/A,N/A,N/A,1.0898755264534459,0.0,0.0,0.0,STARLINK-3912,0,N/A,N/A,0.0,0.027701219361764118,False,0.0,0.0,0.0,120.67609571238135,0.1508451196404767,Insufficient Energy for CPU,N/A,N/A,N/A
2970,Generic_Service,Rejected,295.24919654869194,N/A,N/A,N/A,0.09038904745198362,0.0,0.0,0.0,STARLINK-3912,0,N/A,N/A,0.0,0.028170591659753746,False,0.0,0.0,0.0,120.67609571238135,0.1508451196404767,Insufficient Energy for CPU,N/A,N/A,N/A
2971,CPU_and_Data_Intensive,Rejected,295.25417440506993,N/A,N/A,N/A,0.9319651011327776,0.0,0.0,0.0,STARLINK-3912,0,N/A,N/A,0.0,22.00372051854732,False,0.0,0.0,0.0,120.67609571238135,0.1508451196404767,Insufficient Energy for CPU+NET,N/A,N/A,N/A
2972,Generic_Service,Rejected,295.41490551377785,N/A,N/A,N/A,0.09530460173659874,0.0,0.0,0.0,STARLINK-3912,0,N/A,N/A,0.0,0.015678004881576703,False,0.0,0.0,0.0,120.67609571238135,0.1508451196404767,Insufficient Energy for CPU,N/A,N/A,N/A
2973,CPU_and_Data_Intensive,Rejected,295.492732514133,N/A,N/A,N/A,0.2712174980287543,0.0,0.0,0.0,STARLINK-3912,0,N/A,N/A,0.0,1.6297873331458885,False,0.0,0.0,0.0,120.67609571238135,0.1508451196404767,Insufficient Energy for CPU+NET,N/A,N/A,N/A
2975,Generic_Service,Rejected,295.7940421260175,N/A,N/A,N/A,0.029881051460235487,0.0,0.0,0.0,STARLINK-3912,0,N/A,N/A,0.0,0.0796986505984277,False,0.0,0.0,0.0,120.67609571238135,0.1508451196404767,Insufficient Energy for CPU,N/A,N/A,N/A
2976,CPU_and_Data_Intensive,Rejected,296.06520721414944,N/A,N/A,N/A,0.3302438383895296,0.0,0.0,0.0,STARLINK-3912,0,N/A,N/A,0.0,0.803874231626715,False,0.0,0.0,0.0,120.67609571238135,0.1508451196404767,Insufficient Energy for CPU+NET,N/A,N/A,N/A
2977,CPU_Intensive,Rejected,296.09770482701464,N/A,N/A,N/A,0.10917025516152025,0.0,0.0,0.0,STARLINK-3912,0,N/A,N/A,0.0,0.043709901356565356,False,0.0,0.0,0.0,120.67609571238135,0.1508451196404767,Insufficient Energy for CPU,N/A,N/A,N/A
2978,Generic_Service,Rejected,296.10009346364177,N/A,N/A,N/A,0.06587017349437685,0.0,0.0,0.0,STARLINK-3912,0,N/A,N/A,0.0,0.082152446531479,False,0.0,0.0,0.0,120.67609571238135,0.1508451196404767,Insufficient Energy for CPU,N/A,N/A,N/A
2979,CPU_Intensive,Rejected,296.19828477923505,N/A,N/A,N/A,1.0327569878315044,0.0,0.0,0.0,STARLINK-3912,0,N/A,N/A,0.0,0.04740759220855149,False,0.0,0.0,0.0,120.67609571238135,0.1508451196404767,Insufficient Energy for CPU,N/A,N/A,N/A
2980,CPU_Intensive,Rejected,296.2233677514622,N/A,N/A,N/A,0.4127375747774498,0.0,0.0,0.0,STARLINK-3912,0,N/A,N/A,0.0,0.018598290853346237,False,0.0,0.0,0.0,120.67609571238135,0.1508451196404767,Insufficient Energy for CPU,N/A,N/A,N/A
2982,CPU_Intensive,Rejected,296.57686566325657,N/A,N/A,N/A,0.04658209593910367,0.0,0.0,0.0,STARLINK-3912,0,N/A,N/A,0.0,0.027703258907636773,False,0.0,0.0,0.0,120.67609571238135,0.1508451196404767,Insufficient Energy for CPU,N/A,N/A,N/A
2983,Generic_Service,Rejected,296.6931444587979,N/A,N/A,N/A,0.04317601552075984,0.0,0.0,0.0,STARLINK-3912,0,N/A,N/A,0.0,0.03683839486150255,False,0.0,0.0,0.0,120.67609571238135,0.1508451196404767,Insufficient Energy for CPU,N/A,N/A,N/A
2984,Generic_Service,Rejected,296.81459900577767,N/A,N/A,N/A,0.05761800224553707,0.0,0.0,0.0,STARLINK-3912,0,N/A,N/A,0.0,0.0701303699447281,False,0.0,0.0,0.0,120.67609571238135,0.1508451196404767,Insufficient Energy for CPU,N/A,N/A,N/A
2985,CPU_Intensive,Rejected,296.8307347384309,N/A,N/A,N/A,0.4303175098990718,0.0,0.0,0.0,STARLINK-3912,0,N/A,N/A,0.0,0.026612645366210726,False,0.0,0.0,0.0,120.67609571238135,0.1508451196404767,Insufficient Energy for CPU,N/A,N/A,N/A
2987,CPU_Intensive,Rejected,297.0255784970645,N/A,N/A,N/A,0.755540790555044,0.0,0.0,0.0,STARLINK-3912,0,N/A,N/A,0.0,0.07547785966076741,False,0.0,0.0,0.0,120.67609571238135,0.1508451196404767,Insufficient Energy for CPU,N/A,N/A,N/A
2989,Generic_Service,Rejected,297.16056437826353,N/A,N/A,N/A,0.0671116184169513,0.0,0.0,0.0,STARLINK-3912,0,N/A,N/A,0.0,0.06793096540971828,False,0.0,0.0,0.0,120.67609571238135,0.1508451196404767,Insufficient Energy for CPU,N/A,N/A,N/A
2991,CPU_Intensive,Rejected,297.4155808993987,N/A,N/A,N/A,0.5081273830160363,0.0,0.0,0.0,STARLINK-3912,0,N/A,N/A,0.0,0.08300349691823276,False,0.0,0.0,0.0,120.67609571238135,0.1508451196404767,Insufficient Energy for CPU,N/A,N/A,N/A
2992,CPU_Intensive,Rejected,297.4959350965105,N/A,N/A,N/A,0.11046341184540437,0.0,0.0,0.0,STARLINK-3912,0,N/A,N/A,0.0,0.08559758088335044,False,0.0,0.0,0.0,120.67609571238135,0.1508451196404767,Insufficient Energy for CPU,N/A,N/A,N/A
2993,CPU_Intensive,Rejected,297.551656760302,N/A,N/A,N/A,0.06082635561251391,0.0,0.0,0.0,STARLINK-3912,0,N/A,N/A,0.0,0.05451220540772557,False,0.0,0.0,0.0,120.67609571238135,0.1508451196404767,Insufficient Energy for CPU,N/A,N/A,N/A
2995,CPU_and_Data_Intensive,Rejected,297.8271344474952,N/A,N/A,N/A,0.04990926717362614,0.0,0.0,0.0,STARLINK-3912,0,N/A,N/A,0.0,0.06324868019737924,False,0.0,0.0,0.0,120.67609571238135,0.1508451196404767,Insufficient Energy for CPU+NET,N/A,N/A,N/A
2996,CPU_Intensive,Rejected,298.19649307893445,N/A,N/A,N/A,0.15741930998412962,0.0,0.0,0.0,STARLINK-3912,0,N/A,N/A,0.0,0.010566217035921841,False,0.0,0.0,0.0,120.67609571238135,0.1508451196404767,Insufficient Energy for CPU,N/A,N/A,N/A
2998,CPU_and_Data_Intensive,Rejected,298.3418122046597,N/A,N/A,N/A,1.4092883958673417,0.0,0.0,0.0,STARLINK-3912,0,N/A,N/A,0.0,4.934487899407003,False,0.0,0.0,0.0,120.67609571238135,0.1508451196404767,Insufficient Energy for CPU+NET,N/A,N/A,N/A
3000,CPU_and_Data_Intensive,Rejected,299.1557504472156,N/A,N/A,N/A,0.253354182257782,0.0,0.0,0.0,STARLINK-3912,0,N/A,N/A,0.0,22.117131470724004,False,0.0,0.0,0.0,120.67609571238135,0.1508451196404767,Insufficient Energy for CPU+NET,N/A,N/A,N/A
3002,CPU_and_Data_Intensive,Rejected,299.37192087965957,N/A,N/A,N/A,0.343517221997399,0.0,0.0,0.0,STARLINK-3912,0,N/A,N/A,0.0,1.834481956822013,False,0.0,0.0,0.0,120.67609571238135,0.1508451196404767,Insufficient Energy for CPU+NET,N/A,N/A,N/A
3003,CPU_Intensive,Rejected,299.42438723776337,N/A,N/A,N/A,0.31501870271314664,0.0,0.0,0.0,STARLINK-3912,0,N/A,N/A,0.0,0.07146120375070979,False,0.0,0.0,0.0,120.67609571238135,0.1508451196404767,Insufficient Energy for CPU,N/A,N/A,N/A
3004,Generic_Service,Rejected,299.46981475365664,N/A,N/A,N/A,0.03020171848619321,0.0,0.0,0.0,STARLINK-3912,0,N/A,N/A,0.0,0.04862413358833937,False,0.0,0.0,0.0,120.67609571238135,0.1508451196404767,Insufficient Energy for CPU,N/A,N/A,N/A
3006,CPU_Intensive,Rejected,299.6581949728305,N/A,N/A,N/A,0.11151570526989323,0.0,0.0,0.0,STARLINK-3912,0,N/A,N/A,0.0,0.06400071989178557,False,0.0,0.0,0.0,120.67609571238135,0.1508451196404767,Insufficient Energy for CPU,N/A,N/A,N/A
3008,Generic_Service,Rejected,299.75112877174865,N/A,N/A,N/A,0.0866626879624764,0.0,0.0,0.0,STARLINK-3912,0,N/A,N/A,0.0,0.08057268270212264,False,0.0,0.0,0.0,120.67609571238135,0.1508451196404767,Insufficient Energy for CPU,N/A,N/A,N/A
3009,CPU_and_Data_Intensive,Rejected,299.80474870522465,N/A,N/A,N/A,0.2004541511685191,0.0,0.0,0.0,STARLINK-3912,0,N/A,N/A,0.0,0.6974079390481326,False,0.0,0.0,0.0,120.67609571238135,0.1508451196404767,Insufficient Energy for CPU+NET,N/A,N/A,N/A
18000,Batch,Completed,0,0,0.0,0.08758400080929142,0.08758400080929142,0.08758400080929142,0.08758400080929142,0.0,STARLINK-4043,0,N/A,0,0.0,188.30560173997657,False,0.0,0.08758400080929142,0.08758400080929142,80000,100.0,N/A,N/A,N/A,N/A
16,CPU_and_Data_Intensive,Completed,3.052698649257856,3.05524807078366,3.05524807078366,4.174467493716512,1.119219422932852,1.1217688444586562,1.1217688444586562,0.0,STARLINK-4043,1,2,3,0.002549421525804175,1.6147129136318141,False,11000.2334860976,0.0007510292621543322,11000.234237126862,68999.67817887233,86.24959772359041,N/A,3.052698649257856,4.326781401582031,1.2740827523241753
92,CPU_Intensive,Completed,10.971382332368076,10.973297306609384,10.973297306609384,11.05829527096127,0.08499796435188678,0.08691293859319348,0.08691293859319416,0.0,STARLINK-4043,1,2,2,0.001914974241306691,0.053725054866094496,False,820.1321192910957,2.4988397612136973e-05,820.1321442794933,68179.54605958064,85.2244325744758,N/A,10.971382332368076,11.190720878606509,0.21933854623843274
99,Generic_Service,Completed,11.72915752377849,11.731076536986864,11.731076536986864,11.765135124991374,0.03405858800451078,0.03597760121288466,0.035977601212884736,0.0,STARLINK-4043,1,2,2,0.0019190132083738772,0.0636624897135393,False,316.21085318142514,2.9610460331878745e-05,316.21088279188547,67863.33520639918,84.82916900799897,N/A,11.72915752377849,11.898896116737951,0.1697385929594617
101,CPU_Intensive,Completed,11.98764382231326,11.989560034300697,11.989560034300697,12.034761203879281,0.045201169578584555,0.047117381566022236,0.04711738156602152,0.0,STARLINK-4043,1,2,2,0.0019162119874376827,0.05677039327311848,False,427.8298807612572,2.6404834080520224e-05,427.8299071660913,67435.50532563789,84.29438165704735,N/A,11.98764382231326,12.200056398478266,0.21241257616500597
103,CPU_and_Data_Intensive,Completed,12.133720907047394,12.144523487462882,12.144523487462882,12.33364090268409,0.18911741522120806,0.19991999563669693,0.19991999563669616,0.0,STARLINK-4043,1,2,3,0.010802580415488868,21.920703873095466,False,1759.7107936971222,0.010195676220044402,1759.7209893733423,65675.78433626454,82.09473042033068,N/A,12.133720907047394,12.504119202179945,0.37039829513255107
113,CPU_Intensive,Completed,12.832401511562905,12.834324819624143,12.834324819624143,12.903576595900985,0.06925177627684143,0.07117508433807958,0.07117508433807984,0.0,STARLINK-4043,1,2,2,0.0019233080612381498,0.07422950345940944,False,659.2253102953694,3.452535044623695e-05,659.2253448207198,65016.55902596169,81.27069878245211,N/A,12.832401511562905,13.01028843952089,0.1778869279579851
114,CPU_and_Data_Intensive,Completed,12.899165084978655,12.90164378113235,12.90164378113235,13.281795008531708,0.3801512273993577,0.38262992355305264,0.38262992355305236,0.0,STARLINK-4043,1,2,3,0.002478696153694939,1.4407009037031266,False,3732.229807033458,0.0006700934435828496,3732.230477126902,61284.328548834754,76.60541068604344,N/A,12.899165084978655,13.41315779436353,0.5139927093848744
142,CPU_Intensive,Completed,16.681060878987225,16.682959369438173,16.682959369438173,17.216111040729515,0.5331516712913427,0.5350501617422909,0.5350501617422907,0.0,STARLINK-4043,1,2,2,0.0018984904509482367,0.013168499192021258,False,5239.712715612983,6.124883345126167e-06,5239.712721737866,56044.61583322128,70.0557697915266,N/A,16.681060878987225,17.439284118567876,0.7582232395806514
166,CPU_and_Data_Intensive,Completed,18.694726462390175,18.704507369844784,18.704507369844784,19.119106422247764,0.41459905240298056,0.4243799598575896,0.42437995985758903,0.0,STARLINK-4043,1,2,3,0.009780907454609022,19.406989768659123,False,3988.841098836346,0.009026506869143778,3988.8501253432155,52055.765707878054,65.06970713484756,N/A,18.694726462390175,19.355015985100508,0.6602895227103325
180,Generic_Service,Completed,19.592564686249734,19.59446474193578,19.59446474193578,19.74798384615734,0.15351910422155868,0.15541915990760424,0.15541915990760558,0.0,STARLINK-4043,1,2,3,0.0019000556860455516,0.017019588230818283,False,1504.8588179728029,7.916087549217806e-06,1504.8588258888904,50550.90688989678,63.18863361237098,N/A,19.592564686249734,19.862383312876084,0.2698186266263498
169,CPU_and_Data_Intensive,Completed,18.887144331032324,18.898218392424464,18.898218392424464,19.893867026153355,0.9956486337288908,1.00672269512103,1.0067226951210309,0.0,STARLINK-4043,1,2,4,0.011074061392139085,22.588652997934897,False,9688.959649483117,0.010506350231597626,9688.970155833349,40861.93673406343,51.07742091757929,N/A,18.887144331032324,20.16704496801266,1.2799006369803365
242,CPU_Intensive,Completed,25.85999697141731,25.861902999481217,25.861902999481217,26.184984541368785,0.3230815418875679,0.3249875699514761,0.3249875699514746,0.0,STARLINK-4043,1,2,2,0.0019060280639082371,0.0317139679837354,False,3168.190337739959,1.4750682783132744e-05,3168.1903524906415,37693.74639631585,47.11718299539481,N/A,25.85999697141731,26.418471974368114,0.5584750029508037
248,CPU_and_Data_Intensive,Completed,26.17121756137927,26.178787528240772,26.178787528240772,26.86098527576634,0.6821977475255672,0.6897677143870706,0.6897677143870702,0.0,STARLINK-4043,1,2,4,0.007569966861503479,13.967213278759559,False,6645.58146726176,0.0064963782691904925,6645.587963640029,31048.158432675817,38.810198040844774,N/A,26.17121756137927,27.02445880609919,0.8532412447199214
301,CPU_Intensive,Completed,32.171647001634206,32.17355652197559,32.17355652197559,32.75092649498133,0.5773699730057373,0.5792794933471215,0.5792794933471228,0.0,STARLINK-4043,1,2,2,0.0019095203413841933,0.04030633313780241,False,5666.607312035358,1.874713169200112e-05,5666.607330782489,25381.55112063566,31.726938900794575,N/A,32.171647001634206,32.86645971648381,0.6948127148496042
326,CPU_Intensive,Completed,35.06918061929339,35.07110943959595,35.07110943959595,36.26763265815935,1.1965232185633994,1.1984520388659565,1.198452038865959,0.0,STARLINK-4043,1,2,2,0.0019288203025572181,0.08779176778601522,False,11742.04138726835,4.083338036558847e-05,11742.04142810173,13639.509733367297,17.04938716670912,N/A,35.06918061929339,36.503920312119334,1.4347396928259428
340,Generic_Service,Completed,36.26416801728671,36.26607047532878,36.26607047532878,36.33776664271465,0.07169616738586626,0.07359862542793784,0.07359862542794104,0.0,STARLINK-4043,1,2,2,0.0019024580420715748,0.02293032136922999,False,698.3815381582175,1.0665265753130228e-05,698.3815488234833,12941.128195209043,16.176410244011304,N/A,36.26416801728671,36.50392031214785,0.23975229486114102
415,Generic_Service,Completed,43.28643568916361,43.28834214451741,43.28834214451741,43.31921599282838,0.03087384831097495,0.03278030366477068,0.03278030366477225,0.0,STARLINK-4043,1,2,2,0.0019064553537957273,0.03276526782037018,False,293.9926046913183,1.5239659451334969e-05,293.99261993097775,12647.135590517717,15.808919488147147,N/A,43.28643568916361,43.56339319147044,0.2769575023068285
420,CPU_and_Data_Intensive,Completed,43.978747596423794,43.98659453452046,43.98659453452046,44.548345586604604,0.5617510520841478,0.5695979901808083,0.5695979901808101,0.0,STARLINK-4043,1,2,3,0.007846938096660518,14.648670581630554,False,5457.860491199662,0.006813335154246769,5457.867304534816,7189.26828598289,8.986585357478614,N/A,43.978747596423794,44.677286092457585,0.698538496033791
425,CPU_and_Data_Intensive,Completed,44.48903997479266,44.49473541498515,44.49473541498515,44.906141786135755,0.41140637115060485,0.4171018113430925,0.41710181134309465,0.0,STARLINK-4043,1,2,4,0.005695440192487609,9.355146298941122,False,4003.4225468576715,0.004351230836716801,4003.426898088508,3185.841387889899,3.9823017348623737,N/A,44.48903997479266,45.08058884542913,0.5915488706364727
494,CPU_and_Data_Intensive,Completed,51.64987959896635,51.65601621452294,51.65601621452294,51.83701593148324,0.18099971696030082,0.1871363325168911,0.18713633251689288,0.0,STARLINK-4043,1,2,3,0.006136615556590295,10.440609825664705,False,1732.387746571795,0.004856097593332421,1732.3926026693885,1453.448785217452,1.8168109815218152,N/A,51.64987959896635,52.01705432975181,0.36717473078545737
593,CPU_Intensive,Completed,59.52944335282816,59.531360862448025,59.531360862448025,59.652138924352336,0.12077806190431062,0.1226955715241775,0.12269557152417576,0.0,STARLINK-4043,1,2,2,0.0019175096198668826,0.05996307533925101,False,1170.1944284609829,2.7889802483372562e-05,1170.1944563507855,283.25435675299013,0.3540679459412377,N/A,59.52944335282816,59.844068137917134,0.3146247850889736
866,Generic_Service,Completed,88.01332708270718,88.01525268710085,88.01525268710085,88.04282733312934,0.027574646028483585,0.029500250422161364,0.02950025042215998,0.0,STARLINK-4043,1,2,2,0.00192560439367778,0.07987937720863936,False,247.66237685414367,3.715319870169272e-05,247.66241400734236,35.591979898824064,0.04448997487353008,N/A,88.01332708270718,88.17907210271518,0.1657450200080035
250,CPU_and_Data_Intensive,Rejected,26.175998086736932,N/A,N/A,N/A,0.592553823647464,0.0,0.0,0.0,STARLINK-4043,0,N/A,N/A,0.0,12.352825678940071,False,0.0,0.0,0.0,35.591979898798144,0.04448997487349768,Deadline Exceeded,N/A,N/A,N/A
480,CPU_and_Data_Intensive,Rejected,50.27715635268778,N/A,N/A,N/A,1.171815048796417,0.0,0.0,0.0,STARLINK-4043,0,N/A,N/A,0.0,5.0332022499465765,False,0.0,0.0,0.0,35.591979898798144,0.04448997487349768,Insufficient Energy for CPU+NET,N/A,N/A,N/A
481,CPU_and_Data_Intensive,Rejected,50.375237412041265,N/A,N/A,N/A,0.5475195968612729,0.0,0.0,0.0,STARLINK-4043,0,N/A,N/A,0.0,12.103628503905803,False,0.0,0.0,0.0,35.591979898798144,0.04448997487349768,Insufficient Energy for CPU+NET,N/A,N/A,N/A
482,CPU_Intensive,Rejected,50.424836773353604,N/A,N/A,N/A,0.5977033608915912,0.0,0.0,0.0,STARLINK-4043,0,N/A,N/A,0.0,0.04647880896161838,False,0.0,0.0,0.0,35.591979898798144,0.04448997487349768,Insufficient Energy for CPU,N/A,N/A,N/A
484,CPU_and_Data_Intensive,Rejected,50.53652041036724,N/A,N/A,N/A,0.3761536240095149,0.0,0.0,0.0,STARLINK-4043,0,N/A,N/A,0.0,5.991379639189198,False,0.0,0.0,0.0,35.591979898798144,0.04448997487349768,Insufficient Energy for CPU+NET,N/A,N/A,N/A
488,CPU_Intensive,Rejected,51.26822727144842,N/A,N/A,N/A,0.3409161596629937,0.0,0.0,0.0,STARLINK-4043,0,N/A,N/A,0.0,0.06666102885955066,False,0.0,0.0,0.0,35.591979898798144,0.04448997487349768,Insufficient Energy for CPU,N/A,N/A,N/A
489,CPU_Intensive,Rejected,51.27747913990528,N/A,N/A,N/A,0.7453150702201096,0.0,0.0,0.0,STARLINK-4043,0,N/A,N/A,0.0,0.021839465926087133,False,0.0,0.0,0.0,35.591979898798144,0.04448997487349768,Insufficient Energy for CPU,N/A,N/A,N/A
583,CPU_Intensive,Rejected,58.93942426154489,N/A,N/A,N/A,0.6428227231698123,0.0,0.0,0.0,STARLINK-4043,0,N/A,N/A,0.0,0.06660332581246972,False,0.0,0.0,0.0,35.591979898798144,0.04448997487349768,Insufficient Energy for CPU,N/A,N/A,N/A
588,CPU_Intensive,Rejected,59.285975886639314,N/A,N/A,N/A,1.5120652957810647,0.0,0.0,0.0,STARLINK-4043,0,N/A,N/A,0.0,0.06582527554787565,False,0.0,0.0,0.0,35.591979898798144,0.04448997487349768,Insufficient Energy for CPU,N/A,N/A,N/A
589,CPU_Intensive,Rejected,59.30930345012701,N/A,N/A,N/A,1.3579122597419064,0.0,0.0,0.0,STARLINK-4043,0,N/A,N/A,0.0,0.011633599165261145,False,0.0,0.0,0.0,35.591979898798144,0.04448997487349768,Insufficient Energy for CPU,N/A,N/A,N/A
590,CPU_Intensive,Rejected,59.3284058575365,N/A,N/A,N/A,0.4215230013370318,0.0,0.0,0.0,STARLINK-4043,0,N/A,N/A,0.0,0.01267957269353348,False,0.0,0.0,0.0,35.591979898798144,0.04448997487349768,Insufficient Energy for CPU,N/A,N/A,N/A
592,CPU_Intensive,Rejected,59.41023409721102,N/A,N/A,N/A,0.3787910554805488,0.0,0.0,0.0,STARLINK-4043,0,N/A,N/A,0.0,0.06638273806165,False,0.0,0.0,0.0,35.591979898798144,0.04448997487349768,Insufficient Energy for CPU,N/A,N/A,N/A
852,CPU_Intensive,Rejected,86.30915890444824,N/A,N/A,N/A,0.21765864052162928,0.0,0.0,0.0,STARLINK-4043,0,N/A,N/A,0.0,0.03073476981669688,False,0.0,0.0,0.0,35.591979898798144,0.04448997487349768,Insufficient Energy for CPU,N/A,N/A,N/A
858,CPU_and_Data_Intensive,Rejected,87.10467523153805,N/A,N/A,N/A,0.7396998601747466,0.0,0.0,0.0,STARLINK-4043,0,N/A,N/A,0.0,13.173918652373391,False,0.0,0.0,0.0,35.591979898798144,0.04448997487349768,Insufficient Energy for CPU+NET,N/A,N/A,N/A
861,CPU_Intensive,Rejected,87.2989102982163,N/A,N/A,N/A,0.2656313616615774,0.0,0.0,0.0,STARLINK-4043,0,N/A,N/A,0.0,0.07575264711450722,False,0.0,0.0,0.0,35.591979898798144,0.04448997487349768,Insufficient Energy for CPU,N/A,N/A,N/A
864,Generic_Service,Rejected,87.47972124548384,N/A,N/A,N/A,0.037842191355123664,0.0,0.0,0.0,STARLINK-4043,0,N/A,N/A,0.0,0.08711915409200369,False,0.0,0.0,0.0,35.591979898798144,0.04448997487349768,Insufficient Energy for CPU,N/A,N/A,N/A
865,Generic_Service,Rejected,87.94801764858636,N/A,N/A,N/A,0.03858844829745739,0.0,0.0,0.0,STARLINK-4043,0,N/A,N/A,0.0,0.08697942128574662,False,0.0,0.0,0.0,35.591979898798144,0.04448997487349768,Insufficient Energy for CPU,N/A,N/A,N/A
19000,Batch,Completed,0,0,0.0,0.0029290909946370256,0.0029290909946370256,0.0029290909946370256,0.0029290909946370256,0.0,STARLINK-3185,0,N/A,0,0.0,6.297545638469605,False,0.0,0.0029290909946370256,0.0029290909946370256,80000,100.0,N/A,N/A,N/A,N/A
4,CPU_and_Data_Intensive,Completed,0.8411361322532882,0.8420186596435693,0.8420186596435693,1.154007625971014,0.31198896632744466,0.3128714937177257,0.3128714937177257,0.0,STARLINK-3185,1,2,3,0.000882527390281052,0.3872408137485873,False,3066.667077920133,0.00018011200639469178,3066.6672580321397,76933.32981287687,96.16666226609608,N/A,0.8411361322532882,1.3052041274919106,0.4640679952386224
22,Generic_Service,Completed,3.3441226803382746,3.3448696525820862,3.3448696525820862,3.35405178785724,0.009182135275153769,0.00992910751896547,0.009929107518965363,0.0,STARLINK-3185,1,2,2,0.0007469722438117028,0.057713350668072025,False,73.30171523778266,2.6843418915382337e-05,73.30174208120158,76860.0280976389,96.07503512204863,N/A,3.3441226803382746,3.5171133029373594,0.1729906225990847
49,CPU_and_Data_Intensive,Completed,5.988895503863814,5.9920932434752725,5.9920932434752725,6.1753417159018715,0.18324847242659903,0.18644621203805745,0.18644621203805745,0.0,STARLINK-3185,1,2,3,0.003197739611458408,6.015400493470422,False,1774.7473893707063,0.002797860694637406,1774.750187231401,75085.27791040747,93.85659738800935,N/A,5.988895503863814,6.446194171678257,0.4572986678144426
60,CPU_Intensive,Completed,7.41965828986719,7.42039967782716,7.42039967782716,7.600713216659194,0.18031353883203405,0.18105492679200497,0.18105492679200452,0.0,STARLINK-3185,1,2,2,0.0007413879599709175,0.044138249057366526,False,1760.393822317551,2.0529418166216988e-05,1760.3938428469692,73324.88408808735,91.65610511010918,N/A,7.41965828986719,7.760563943524443,0.340905653657253
68,Generic_Service,Completed,8.35003195076124,8.350774482741139,8.350774482741139,8.404262750136185,0.05348826739504631,0.054230799374944835,0.05423079937494535,0.0,STARLINK-3185,1,2,3,0.000742531979898529,0.04691930159781453,False,512.2368535588744,2.1822930975727687e-05,512.2368753818054,72812.64723452846,91.01580904316057,N/A,8.35003195076124,8.668004614269401,0.31797266350816145
62,CPU_Intensive,Completed,7.583193119488849,7.583928054123069,7.583928054123069,8.631367189029238,1.0474391349061687,1.048174069540389,1.048174069540389,0.0,STARLINK-3185,1,2,3,0.0007349346342201489,0.028450552068570945,False,10293.271551738017,1.3232814915614393e-05,10293.271564970832,62519.37568279043,78.14921960348804,N/A,7.583193119488849,8.868811909654909,1.28561879016606
129,CPU_and_Data_Intensive,Completed,15.464343213903136,15.465252940819544,15.465252940819544,15.475639173663247,0.010386232843702103,0.01129595976010934,0.011295959760110108,0.0,STARLINK-3185,1,2,3,0.0009097269164072367,0.4533614375301453,False,100.07561598253731,0.000210865784897742,100.07582684832221,62419.299855942096,78.02412481992762,N/A,15.464343213903136,15.624999469084425,0.1606562551812889
136,CPU_Intensive,Completed,15.99025184737325,15.990990529759374,15.990990529759374,16.6902606867965,0.6992701570371249,0.7000088394232489,0.7000088394232495,0.0,STARLINK-3185,1,2,2,0.0007386823861239414,0.03756114070558115,False,6866.315053488842,1.7470298002595884e-05,6866.31507095914,55552.98480245312,69.44123100306639,N/A,15.99025184737325,16.829347015843705,0.8390951684704557
141,CPU_and_Data_Intensive,Completed,16.669520718442662,16.670881067631655,16.670881067631655,17.007865631554115,0.33698456392246,0.33834491311145104,0.33834491311145243,0.0,STARLINK-3185,1,2,4,0.0013603491889910397,1.5488005865387227,False,3307.1874369172506,0.000720372365831964,3307.1881572896164,52245.796645163486,65.30724580645436,N/A,16.669520718442662,17.235135001562305,0.5656142831196433
176,Generic_Service,Completed,19.36970016864307,19.370444517937887,19.370444517937887,19.379491853577743,0.009047335639856158,0.00979168493467309,0.009791684934672418,0.0,STARLINK-3185,1,2,2,0.0007443492948169322,0.05133709900556684,False,73.85472732693184,2.387772046770551e-05,73.8547512046523,52171.941917835895,65.21492739729486,N/A,19.36970016864307,19.557707291845897,0.18800712320282642
178,CPU_Intensive,Completed,19.558323089052156,19.559080527895045,19.559080527895045,19.775583087779083,0.216502559884038,0.21725999872692642,0.21725999872692725,0.0,STARLINK-3185,1,2,2,0.0007574388428884158,0.08315710496780246,False,2104.8189760411487,3.8677723240838355e-05,2104.819014718872,50067.12294179473,62.58390367724341,N/A,19.558323089052156,19.964997269970826,0.4066741809186709
181,CPU_Intensive,Completed,19.772319657576325,19.773070386870756,19.773070386870756,20.370860500038752,0.5977901131679957,0.5985408424624266,0.5985408424624268,0.0,STARLINK-3185,1,2,3,0.0007507292944308614,0.06684654399523485,False,5859.621020311055,3.109141581173714e-05,5859.621051402471,44207.50192148365,55.25937740185456,N/A,19.772319657576325,20.572221373847597,0.7999017162712718
227,Generic_Service,Completed,24.172538392552777,24.173273160686023,24.173273160686023,24.183261140196493,0.009987979510469813,0.010722747643713712,0.01072274764371528,0.0,STARLINK-3185,1,2,2,0.0007347681332438982,0.02804579691368872,False,89.96888045370989,1.3044556704041265e-05,89.9688934982666,44117.53304102992,55.1469163012874,N/A,24.172538392552777,24.39934768939419,0.22680929684141304
228,CPU_Intensive,Completed,24.294017159510457,24.29474862451332,24.29474862451332,24.626363181936632,0.33161455742331114,0.33234602242617595,0.33234602242617584,0.0,STARLINK-3185,1,2,2,0.0007314650028647896,0.020016059921755487,False,3255.560101570352,9.309795312444413e-06,3255.560110880147,40861.97293945956,51.07746617432446,N/A,24.294017159510457,24.80318451134634,0.5091673518358846
234,CPU_and_Data_Intensive,Completed,24.579171470964635,24.580143717657506,24.580143717657506,25.065675107565728,0.4855313899082212,0.48650363660109436,0.48650363660109264,0.0,STARLINK-3185,1,2,4,0.0009722466928731745,0.6053437404362159,False,4772.47413586107,0.00028155522810986787,4772.474417416298,36089.49852204326,45.11187315255407,N/A,24.579171470964635,25.31156416918617,0.7323926982215347
265,CPU_Intensive,Completed,27.803855733394613,27.8045906312951,27.8045906312951,27.83778651048166,0.03319587918656097,0.03393077708704846,0.03393077708704695,0.0,STARLINK-3185,1,2,2,0.0007348979004874894,0.02836125428794032,False,318.12763276496224,1.3191281064158289e-05,318.1276459562433,35771.370889278085,44.71421361159761,N/A,27.803855733394613,28.033158335181373,0.22930260178675965
267,Generic_Service,Completed,27.84847395985623,27.849222978949793,27.849222978949793,27.91720827095828,0.06798529200848691,0.06873431110205187,0.06873431110205175,0.0,STARLINK-3185,1,2,3,0.0007490190935649633,0.06268913524037836,False,650.1697256342966,2.9157737321106214e-05,650.1697547920339,35121.20116364379,43.90150145455473,N/A,27.84847395985623,28.135563317361395,0.28708935750516673
266,CPU_Intensive,Completed,27.827177353244515,27.827923909298292,27.827923909298292,28.063818209369593,0.2358943000713012,0.23664085612507688,0.2366408561250779,0.0,STARLINK-3185,1,2,3,0.0007465560537756833,0.056701614483198416,False,2303.3335947559644,2.637284394567368e-05,2303.3336211288083,32817.867568887785,41.022334461109736,N/A,27.827177353244515,28.33637061443386,0.5091932611893455
272,CPU_Intensive,Completed,28.026648945820945,28.02739534883406,28.02739534883406,28.41975919047494,0.3923638416408828,0.39311024465399524,0.3931102446539967,0.0,STARLINK-3185,1,2,3,0.0007464030131124534,0.05632958064445586,False,3842.334703537354,2.6199804950909704e-05,3842.334729737159,28975.532865350408,36.21941608168801,N/A,28.026648945820945,28.641204026963205,0.6145550811422602
311,CPU_and_Data_Intensive,Completed,33.220138515754016,33.23050661878927,33.23050661878927,33.52039267730756,0.28988605851829163,0.3002541615535443,0.30025416155354634,0.0,STARLINK-3185,1,2,3,0.010368103035252632,23.44617851961121,False,2743.8009038018095,0.010905199311447074,2743.8118090011208,26231.721056349263,32.78965132043658,N/A,33.220138515754016,33.774633967968924,0.5544954522149084
322,CPU_and_Data_Intensive,Completed,34.382349994441064,34.495903072817946,34.495903072817946,36.00618626988167,1.5102831970637212,1.6238362754406015,1.6238362754406026,0.0,STARLINK-3185,1,2,3,0.11355307837688032,274.28345056697276,False,13599.067635616051,0.12757369793812687,13599.19520931399,12632.525847025105,15.79065730878138,N/A,34.382349994441064,36.196543362483965,1.8141933680429005
421,CPU_and_Data_Intensive,Completed,44.0030426537041,44.003791198348395,44.003791198348395,44.43419172864939,0.430400530300993,0.4311490749452871,0.43114907494528865,0.0,STARLINK-3185,1,2,3,0.0007485446442940789,0.061535773906138846,False,4232.7449857024685,2.862129018890179e-05,4232.745014323758,8399.78083261748,10.499726040771849,N/A,44.0030426537041,44.57258617316493,0.5695435194608294
444,CPU_Intensive,Completed,46.61243910896803,46.613185072590944,46.613185072590944,46.95532651794659,0.3421414453556437,0.3428874089785574,0.3428874089785552,0.0,STARLINK-3185,1,2,2,0.0007459636229136582,0.055261446078689706,False,3348.707816402393,2.5702998176134747e-05,3348.707842105391,5051.0730162150685,6.313841270268836,N/A,46.61243910896803,47.09228814886518,0.47984903989714667
467,CPU_Intensive,Completed,47.957831186453866,47.95856528487198,47.95856528487198,48.15735822630661,0.19879294143463255,0.19952703985274875,0.19952703985274667,0.0,STARLINK-3185,1,2,2,0.000734098418116205,0.02641775450612656,False,1947.3617339482953,1.2287327677268167e-05,1947.361746235623,3103.7112822667505,3.8796391028334383,N/A,47.957831186453866,48.30740487718647,0.3495736907326048
495,CPU_Intensive,Completed,51.82355064482143,51.824286930767,51.824286930767,52.00852050560153,0.18423357483452918,0.18496986078009822,0.18496986078010025,0.0,STARLINK-3185,1,2,2,0.0007362859455690355,0.031735519199872116,False,1802.6022105263553,1.4760706604591681e-05,1802.6022252870619,1301.1090717403847,1.626386339675481,N/A,51.82355064482143,52.217861628681504,0.39431098386007335
551,Generic_Service,Completed,55.83817114255513,55.83891090774782,55.83891090774782,55.847797326766305,0.008886419018487857,0.009626184211170365,0.009626184211171562,0.0,STARLINK-3185,1,2,2,0.0007397651926825088,0.040193386751159035,False,75.55562053970719,1.8694598488911178e-05,75.55563923430569,1225.5534512006645,1.5319418140008307,N/A,55.83817114255513,56.027412478345454,0.18924133579032087
605,Generic_Service,Completed,61.17341297241364,61.17415654244841,61.17415654244841,61.23588562259676,0.06172908014835343,0.06247265018312238,0.062472650183124756,0.0,STARLINK-3185,1,2,2,0.0007435700347689525,0.049442758632818,False,592.5424176604068,2.2996631922240932e-05,592.5424406570388,633.0110335402416,0.7912637919253019,N/A,61.17341297241364,61.34999867073289,0.17658569831925064
616,Generic_Service,Completed,62.13235473860125,62.13309753177737,62.13309753177737,62.142727472600065,0.009629940822691196,0.010372733998812096,0.010372733998813999,0.0,STARLINK-3185,1,2,2,0.0007427931761208988,0.04755425593754668,False,80.69932371791421,2.211825857560311e-05,80.69934583617278,552.311709822309,0.6903896372778863,N/A,62.13235473860125,62.25080596604744,0.11845122744618664
727,Generic_Service,Completed,71.92299269793864,71.92374916564648,71.92374916564648,71.97809426236073,0.05434509671424337,0.05510156442208258,0.055101564422088245,0.0,STARLINK-3185,1,2,2,0.0007564677078392174,0.0807963265141177,False,510.68189571168085,3.757968675075242e-05,510.6819332913676,41.62981411061111,0.052037267638263884,N/A,71.92299269793864,72.16495013670102,0.24195743876238396
423,CPU_and_Data_Intensive,Rejected,44.2636465399044,N/A,N/A,N/A,1.7939859553828603,0.0,0.0,0.0,STARLINK-3185,0,N/A,N/A,0.0,17.109159580692488,False,0.0,0.0,0.0,41.62981411058321,0.052037267638229016,Insufficient Energy for CPU+NET,N/A,N/A,N/A
500,CPU_Intensive,Rejected,51.99261138090071,N/A,N/A,N/A,0.4579021183402669,0.0,0.0,0.0,STARLINK-3185,0,N/A,N/A,0.0,0.03483197958864787,False,0.0,0.0,0.0,41.62981411058321,0.052037267638229016,Insufficient Energy for CPU,N/A,N/A,N/A
634,CPU_Intensive,Rejected,63.72236319900604,N/A,N/A,N/A,0.07460548457430245,0.0,0.0,0.0,STARLINK-3185,0,N/A,N/A,0.0,0.08305493559868013,False,0.0,0.0,0.0,41.62981411058321,0.052037267638229016,Insufficient Energy for CPU,N/A,N/A,N/A
635,CPU_Intensive,Rejected,63.85203573040356,N/A,N/A,N/A,0.5593850176291525,0.0,0.0,0.0,STARLINK-3185,0,N/A,N/A,0.0,0.07157397637372663,False,0.0,0.0,0.0,41.62981411058321,0.052037267638229016,Insufficient Energy for CPU,N/A,N/A,N/A
636,CPU_Intensive,Rejected,63.86459647884809,N/A,N/A,N/A,0.5382305505436431,0.0,0.0,0.0,STARLINK-3185,0,N/A,N/A,0.0,0.06288743872347898,False,0.0,0.0,0.0,41.62981411058321,0.052037267638229016,Insufficient Energy for CPU,N/A,N/A,N/A
637,CPU_Intensive,Rejected,63.89703439586203,N/A,N/A,N/A,0.21975323530468627,0.0,0.0,0.0,STARLINK-3185,0,N/A,N/A,0.0,0.06062464385688144,False,0.0,0.0,0.0,41.62981411058321,0.052037267638229016,Insufficient Energy for CPU,N/A,N/A,N/A
639,CPU_and_Data_Intensive,Rejected,63.96095693582972,N/A,N/A,N/A,0.700053627528413,0.0,0.0,0.0,STARLINK-3185,0,N/A,N/A,0.0,2.130772404978644,False,0.0,0.0,0.0,41.62981411058321,0.052037267638229016,Insufficient Energy for CPU+NET,N/A,N/A,N/A
640,CPU_Intensive,Rejected,64.0855324985703,N/A,N/A,N/A,0.6653828705813674,0.0,0.0,0.0,STARLINK-3185,0,N/A,N/A,0.0,0.023711002012704322,False,0.0,0.0,0.0,41.62981411058321,0.052037267638229016,Insufficient Energy for CPU,N/A,N/A,N/A
641,CPU_Intensive,Rejected,64.13273597105258,N/A,N/A,N/A,0.656023318388302,0.0,0.0,0.0,STARLINK-3185,0,N/A,N/A,0.0,0.06935328859944133,False,0.0,0.0,0.0,41.62981411058321,0.052037267638229016,Insufficient Energy for CPU,N/A,N/A,N/A
642,CPU_Intensive,Rejected,64.22082933231452,N/A,N/A,N/A,0.12360726207494806,0.0,0.0,0.0,STARLINK-3185,0,N/A,N/A,0.0,0.024080180396829853,False,0.0,0.0,0.0,41.62981411058321,0.052037267638229016,Insufficient Energy for CPU,N/A,N/A,N/A
643,Generic_Service,Rejected,64.30356915263981,N/A,N/A,N/A,0.057594500004925026,0.0,0.0,0.0,STARLINK-3185,0,N/A,N/A,0.0,0.04268377405587531,False,0.0,0.0,0.0,41.62981411058321,0.052037267638229016,Insufficient Energy for CPU,N/A,N/A,N/A
645,CPU_Intensive,Rejected,64.48068091341541,N/A,N/A,N/A,0.2723106524308516,0.0,0.0,0.0,STARLINK-3185,0,N/A,N/A,0.0,0.0684982502878847,False,0.0,0.0,0.0,41.62981411058321,0.052037267638229016,Insufficient Energy for CPU,N/A,N/A,N/A
646,CPU_and_Data_Intensive,Rejected,64.48900515656658,N/A,N/A,N/A,0.4204168154553077,0.0,0.0,0.0,STARLINK-3185,0,N/A,N/A,0.0,20.749203926667395,False,0.0,0.0,0.0,41.62981411058321,0.052037267638229016,Insufficient Energy for CPU+NET,N/A,N/A,N/A
648,CPU_Intensive,Rejected,64.56777151180549,N/A,N/A,N/A,0.05854685677722446,0.0,0.0,0.0,STARLINK-3185,0,N/A,N/A,0.0,0.0471778667364157,False,0.0,0.0,0.0,41.62981411058321,0.052037267638229016,Insufficient Energy for CPU,N/A,N/A,N/A
651,CPU_Intensive,Rejected,65.19778310185347,N/A,N/A,N/A,0.4937751640427987,0.0,0.0,0.0,STARLINK-3185,0,N/A,N/A,0.0,0.020598077389287338,False,0.0,0.0,0.0,41.62981411058321,0.052037267638229016,Insufficient Energy for CPU,N/A,N/A,N/A
652,CPU_Intensive,Rejected,65.23955997471812,N/A,N/A,N/A,0.33919432386946186,0.0,0.0,0.0,STARLINK-3185,0,N/A,N/A,0.0,0.062916737651757,False,0.0,0.0,0.0,41.62981411058321,0.052037267638229016,Insufficient Energy for CPU,N/A,N/A,N/A
653,Generic_Service,Rejected,65.50706261301869,N/A,N/A,N/A,0.1987114774579873,0.0,0.0,0.0,STARLINK-3185,0,N/A,N/A,0.0,0.04385281786331178,False,0.0,0.0,0.0,41.62981411058321,0.052037267638229016,Insufficient Energy for CPU,N/A,N/A,N/A
655,CPU_Intensive,Rejected,65.61045999457227,N/A,N/A,N/A,0.3436069313786519,0.0,0.0,0.0,STARLINK-3185,0,N/A,N/A,0.0,0.017333232471358945,False,0.0,0.0,0.0,41.62981411058321,0.052037267638229016,Insufficient Energy for CPU,N/A,N/A,N/A
656,CPU_Intensive,Rejected,65.63527694824877,N/A,N/A,N/A,0.9303748778365534,0.0,0.0,0.0,STARLINK-3185,0,N/A,N/A,0.0,0.062004985808023924,False,0.0,0.0,0.0,41.62981411058321,0.052037267638229016,Insufficient Energy for CPU,N/A,N/A,N/A
658,CPU_Intensive,Rejected,65.66939598090056,N/A,N/A,N/A,0.6634019631928385,0.0,0.0,0.0,STARLINK-3185,0,N/A,N/A,0.0,0.053757700493708496,False,0.0,0.0,0.0,41.62981411058321,0.052037267638229016,Insufficient Energy for CPU,N/A,N/A,N/A
659,CPU_Intensive,Rejected,65.88318377590399,N/A,N/A,N/A,0.1226572640917141,0.0,0.0,0.0,STARLINK-3185,0,N/A,N/A,0.0,0.08007460288411856,False,0.0,0.0,0.0,41.62981411058321,0.052037267638229016,Insufficient Energy for CPU,N/A,N/A,N/A
660,CPU_Intensive,Rejected,66.11044339208624,N/A,N/A,N/A,0.4923682973881634,0.0,0.0,0.0,STARLINK-3185,0,N/A,N/A,0.0,0.049165995700777565,False,0.0,0.0,0.0,41.62981411058321,0.052037267638229016,Insufficient Energy for CPU,N/A,N/A,N/A
662,CPU_Intensive,Rejected,66.30239033213215,N/A,N/A,N/A,0.23185844401329342,0.0,0.0,0.0,STARLINK-3185,0,N/A,N/A,0.0,0.013529015448431084,False,0.0,0.0,0.0,41.62981411058321,0.052037267638229016,Insufficient Energy for CPU,N/A,N/A,N/A
663,CPU_Intensive,Rejected,66.55951561048211,N/A,N/A,N/A,0.28544490037271697,0.0,0.0,0.0,STARLINK-3185,0,N/A,N/A,0.0,0.07058650542447746,False,0.0,0.0,0.0,41.62981411058321,0.052037267638229016,Insufficient Energy for CPU,N/A,N/A,N/A
664,CPU_Intensive,Rejected,66.66997606968637,N/A,N/A,N/A,0.2744531981503354,0.0,0.0,0.0,STARLINK-3185,0,N/A,N/A,0.0,0.08017343033049469,False,0.0,0.0,0.0,41.62981411058321,0.052037267638229016,Insufficient Energy for CPU,N/A,N/A,N/A
665,CPU_and_Data_Intensive,Rejected,66.69884680374305,N/A,N/A,N/A,0.06600679908022165,0.0,0.0,0.0,STARLINK-3185,0,N/A,N/A,0.0,0.90073834088207,False,0.0,0.0,0.0,41.62981411058321,0.052037267638229016,Insufficient Energy for CPU+NET,N/A,N/A,N/A
667,CPU_Intensive,Rejected,67.35417625264182,N/A,N/A,N/A,1.8064614487619572,0.0,0.0,0.0,STARLINK-3185,0,N/A,N/A,0.0,0.04104005781208702,False,0.0,0.0,0.0,41.62981411058321,0.052037267638229016,Insufficient Energy for CPU,N/A,N/A,N/A
669,CPU_Intensive,Rejected,67.37517058737127,N/A,N/A,N/A,0.27092443282320616,0.0,0.0,0.0,STARLINK-3185,0,N/A,N/A,0.0,0.04403656955266088,False,0.0,0.0,0.0,41.62981411058321,0.052037267638229016,Insufficient Energy for CPU,N/A,N/A,N/A
671,CPU_and_Data_Intensive,Rejected,67.51928654244446,N/A,N/A,N/A,1.2018812252103714,0.0,0.0,0.0,STARLINK-3185,0,N/A,N/A,0.0,0.426204740990375,False,0.0,0.0,0.0,41.62981411058321,0.052037267638229016,Insufficient Energy for CPU+NET,N/A,N/A,N/A
672,CPU_and_Data_Intensive,Rejected,67.59022657614247,N/A,N/A,N/A,0.7598653744772259,0.0,0.0,0.0,STARLINK-3185,0,N/A,N/A,0.0,2.0619484657298495,False,0.0,0.0,0.0,41.62981411058321,0.052037267638229016,Insufficient Energy for CPU+NET,N/A,N/A,N/A
673,CPU_Intensive,Rejected,67.65665778382649,N/A,N/A,N/A,0.9634222359548613,0.0,0.0,0.0,STARLINK-3185,0,N/A,N/A,0.0,0.08072004721097416,False,0.0,0.0,0.0,41.62981411058321,0.052037267638229016,Insufficient Energy for CPU,N/A,N/A,N/A
674,CPU_Intensive,Rejected,67.6864931232573,N/A,N/A,N/A,0.625771740354201,0.0,0.0,0.0,STARLINK-3185,0,N/A,N/A,0.0,0.027400180095632734,False,0.0,0.0,0.0,41.62981411058321,0.052037267638229016,Insufficient Energy for CPU,N/A,N/A,N/A
676,Generic_Service,Rejected,68.05604771891512,N/A,N/A,N/A,0.2085971327622652,0.0,0.0,0.0,STARLINK-3185,0,N/A,N/A,0.0,0.06755762943478456,False,0.0,0.0,0.0,41.62981411058321,0.052037267638229016,Insufficient Energy for CPU,N/A,N/A,N/A
677,Generic_Service,Rejected,68.15953662636143,N/A,N/A,N/A,0.07102553184119169,0.0,0.0,0.0,STARLINK-3185,0,N/A,N/A,0.0,0.05631156799506918,False,0.0,0.0,0.0,41.62981411058321,0.052037267638229016,Insufficient Energy for CPU,N/A,N/A,N/A
679,CPU_and_Data_Intensive,Rejected,68.53316866677847,N/A,N/A,N/A,0.2032589697432876,0.0,0.0,0.0,STARLINK-3185,0,N/A,N/A,0.0,19.454757971386112,False,0.0,0.0,0.0,41.62981411058321,0.052037267638229016,Insufficient Energy for CPU+NET,N/A,N/A,N/A
680,CPU_Intensive,Rejected,68.57555080272431,N/A,N/A,N/A,0.605366294658703,0.0,0.0,0.0,STARLINK-3185,0,N/A,N/A,0.0,0.0670054020658292,False,0.0,0.0,0.0,41.62981411058321,0.052037267638229016,Insufficient Energy for CPU,N/A,N/A,N/A
681,CPU_Intensive,Rejected,68.58716237333392,N/A,N/A,N/A,0.1171510533294304,0.0,0.0,0.0,STARLINK-3185,0,N/A,N/A,0.0,0.030535698889646634,False,0.0,0.0,0.0,41.62981411058321,0.052037267638229016,Insufficient Energy for CPU,N/A,N/A,N/A
682,CPU_Intensive,Rejected,68.60834424894101,N/A,N/A,N/A,0.7778256457970578,0.0,0.0,0.0,STARLINK-3185,0,N/A,N/A,0.0,0.0825113564738289,False,0.0,0.0,0.0,41.62981411058321,0.052037267638229016,Insufficient Energy for CPU,N/A,N/A,N/A
684,CPU_Intensive,Rejected,68.68681439000605,N/A,N/A,N/A,0.6313140595583008,0.0,0.0,0.0,STARLINK-3185,0,N/A,N/A,0.0,0.06889854539030864,False,0.0,0.0,0.0,41.62981411058321,0.052037267638229016,Insufficient Energy for CPU,N/A,N/A,N/A
687,CPU_Intensive,Rejected,68.98219215079253,N/A,N/A,N/A,0.26967555622769385,0.0,0.0,0.0,STARLINK-3185,0,N/A,N/A,0.0,0.06934277328932724,False,0.0,0.0,0.0,41.62981411058321,0.052037267638229016,Insufficient Energy for CPU,N/A,N/A,N/A
686,CPU_and_Data_Intensive,Rejected,68.90992841015674,N/A,N/A,N/A,0.8436420349771376,0.0,0.0,0.0,STARLINK-3185,0,N/A,N/A,0.0,189.46068017043842,False,0.0,0.0,0.0,41.62981411058321,0.052037267638229016,Insufficient Energy for CPU+NET,N/A,N/A,N/A
688,CPU_and_Data_Intensive,Rejected,69.1035340593162,N/A,N/A,N/A,0.5309404109248413,0.0,0.0,0.0,STARLINK-3185,0,N/A,N/A,0.0,0.30158768229181526,False,0.0,0.0,0.0,41.62981411058321,0.052037267638229016,Insufficient Energy for CPU+NET,N/A,N/A,N/A
689,CPU_and_Data_Intensive,Rejected,69.11595306543268,N/A,N/A,N/A,0.2814062032515245,0.0,0.0,0.0,STARLINK-3185,0,N/A,N/A,0.0,10.483478448077356,False,0.0,0.0,0.0,41.62981411058321,0.052037267638229016,Insufficient Energy for CPU+NET,N/A,N/A,N/A
693,Generic_Service,Rejected,69.55773879168095,N/A,N/A,N/A,0.0995963502168945,0.0,0.0,0.0,STARLINK-3185,0,N/A,N/A,0.0,0.06837099650953703,False,0.0,0.0,0.0,41.62981411058321,0.052037267638229016,Insufficient Energy for CPU,N/A,N/A,N/A
694,CPU_and_Data_Intensive,Rejected,69.70874056315762,N/A,N/A,N/A,0.420099177587898,0.0,0.0,0.0,STARLINK-3185,0,N/A,N/A,0.0,0.665480172360311,False,0.0,0.0,0.0,41.62981411058321,0.052037267638229016,Insufficient Energy for CPU+NET,N/A,N/A,N/A
695,CPU_Intensive,Rejected,69.75780863361737,N/A,N/A,N/A,0.2800415974097403,0.0,0.0,0.0,STARLINK-3185,0,N/A,N/A,0.0,0.021561958391790703,False,0.0,0.0,0.0,41.62981411058321,0.052037267638229016,Insufficient Energy for CPU,N/A,N/A,N/A
697,CPU_Intensive,Rejected,69.91004891134436,N/A,N/A,N/A,1.5231861694381719,0.0,0.0,0.0,STARLINK-3185,0,N/A,N/A,0.0,0.03621312462636474,False,0.0,0.0,0.0,41.62981411058321,0.052037267638229016,Insufficient Energy for CPU,N/A,N/A,N/A
698,CPU_Intensive,Rejected,69.92920869053907,N/A,N/A,N/A,0.1472905766216474,0.0,0.0,0.0,STARLINK-3185,0,N/A,N/A,0.0,0.04246990224527938,False,0.0,0.0,0.0,41.62981411058321,0.052037267638229016,Insufficient Energy for CPU,N/A,N/A,N/A
700,CPU_Intensive,Rejected,70.09612234029298,N/A,N/A,N/A,0.19731058041784233,0.0,0.0,0.0,STARLINK-3185,0,N/A,N/A,0.0,0.015179920386560792,False,0.0,0.0,0.0,41.62981411058321,0.052037267638229016,Insufficient Energy for CPU,N/A,N/A,N/A
701,CPU_Intensive,Rejected,70.28323802424882,N/A,N/A,N/A,0.15604642527325177,0.0,0.0,0.0,STARLINK-3185,0,N/A,N/A,0.0,0.043042173531369084,False,0.0,0.0,0.0,41.62981411058321,0.052037267638229016,Insufficient Energy for CPU,N/A,N/A,N/A
702,CPU_and_Data_Intensive,Rejected,70.33204127733143,N/A,N/A,N/A,0.5405198586540562,0.0,0.0,0.0,STARLINK-3185,0,N/A,N/A,0.0,1.4638486176442915,False,0.0,0.0,0.0,41.62981411058321,0.052037267638229016,Insufficient Energy for CPU+NET,N/A,N/A,N/A
703,CPU_Intensive,Rejected,70.41807944033062,N/A,N/A,N/A,0.30610626574018684,0.0,0.0,0.0,STARLINK-3185,0,N/A,N/A,0.0,0.08358559487959649,False,0.0,0.0,0.0,41.62981411058321,0.052037267638229016,Insufficient Energy for CPU,N/A,N/A,N/A
705,CPU_and_Data_Intensive,Rejected,70.60636017394918,N/A,N/A,N/A,1.0217272434684284,0.0,0.0,0.0,STARLINK-3185,0,N/A,N/A,0.0,0.07394647309971855,False,0.0,0.0,0.0,41.62981411058321,0.052037267638229016,Insufficient Energy for CPU+NET,N/A,N/A,N/A
706,CPU_Intensive,Rejected,70.61381463864817,N/A,N/A,N/A,0.7940982391931319,0.0,0.0,0.0,STARLINK-3185,0,N/A,N/A,0.0,0.08664632035773344,False,0.0,0.0,0.0,41.62981411058321,0.052037267638229016,Insufficient Energy for CPU,N/A,N/A,N/A
707,CPU_Intensive,Rejected,70.79468023868237,N/A,N/A,N/A,0.10661341638331588,0.0,0.0,0.0,STARLINK-3185,0,N/A,N/A,0.0,0.018333318547165973,False,0.0,0.0,0.0,41.62981411058321,0.052037267638229016,Insufficient Energy for CPU,N/A,N/A,N/A
708,CPU_Intensive,Rejected,70.80729342179406,N/A,N/A,N/A,0.09035818495873271,0.0,0.0,0.0,STARLINK-3185,0,N/A,N/A,0.0,0.06216429776948183,False,0.0,0.0,0.0,41.62981411058321,0.052037267638229016,Insufficient Energy for CPU,N/A,N/A,N/A
710,CPU_Intensive,Rejected,70.87123342463255,N/A,N/A,N/A,0.32622980989602857,0.0,0.0,0.0,STARLINK-3185,0,N/A,N/A,0.0,0.07256258422394857,False,0.0,0.0,0.0,41.62981411058321,0.052037267638229016,Insufficient Energy for CPU,N/A,N/A,N/A
711,CPU_and_Data_Intensive,Rejected,70.9492286252965,N/A,N/A,N/A,0.21296457645398703,0.0,0.0,0.0,STARLINK-3185,0,N/A,N/A,0.0,21.432137656595028,False,0.0,0.0,0.0,41.62981411058321,0.052037267638229016,Insufficient Energy for CPU+NET,N/A,N/A,N/A
709,CPU_and_Data_Intensive,Rejected,70.85435574451641,N/A,N/A,N/A,0.9498856159880079,0.0,0.0,0.0,STARLINK-3185,0,N/A,N/A,0.0,261.91845766861604,False,0.0,0.0,0.0,41.62981411058321,0.052037267638229016,Insufficient Energy for CPU+NET,N/A,N/A,N/A
713,CPU_Intensive,Rejected,71.10787491251351,N/A,N/A,N/A,0.4126148768478891,0.0,0.0,0.0,STARLINK-3185,0,N/A,N/A,0.0,0.05921025039778669,False,0.0,0.0,0.0,41.62981411058321,0.052037267638229016,Insufficient Energy for CPU,N/A,N/A,N/A
714,CPU_and_Data_Intensive,Rejected,71.1813082680052,N/A,N/A,N/A,0.9848947110458253,0.0,0.0,0.0,STARLINK-3185,0,N/A,N/A,0.0,0.7170238680713483,False,0.0,0.0,0.0,41.62981411058321,0.052037267638229016,Insufficient Energy for CPU+NET,N/A,N/A,N/A
715,CPU_Intensive,Rejected,71.21196822066794,N/A,N/A,N/A,0.10861177746475752,0.0,0.0,0.0,STARLINK-3185,0,N/A,N/A,0.0,0.07942403326988857,False,0.0,0.0,0.0,41.62981411058321,0.052037267638229016,Insufficient Energy for CPU,N/A,N/A,N/A
717,CPU_Intensive,Rejected,71.2484860320687,N/A,N/A,N/A,0.059040413832121726,0.0,0.0,0.0,STARLINK-3185,0,N/A,N/A,0.0,0.07785659215216456,False,0.0,0.0,0.0,41.62981411058321,0.052037267638229016,Insufficient Energy for CPU,N/A,N/A,N/A
718,Generic_Service,Rejected,71.30149903183754,N/A,N/A,N/A,0.0982230878644142,0.0,0.0,0.0,STARLINK-3185,0,N/A,N/A,0.0,0.03993298166669606,False,0.0,0.0,0.0,41.62981411058321,0.052037267638229016,Insufficient Energy for CPU,N/A,N/A,N/A
722,CPU_Intensive,Rejected,71.58540971973687,N/A,N/A,N/A,0.129419972189946,0.0,0.0,0.0,STARLINK-3185,0,N/A,N/A,0.0,0.05995271345820488,False,0.0,0.0,0.0,41.62981411058321,0.052037267638229016,Insufficient Energy for CPU,N/A,N/A,N/A
721,CPU_and_Data_Intensive,Rejected,71.58085023830888,N/A,N/A,N/A,0.1885704022378806,0.0,0.0,0.0,STARLINK-3185,0,N/A,N/A,0.0,20.30944538201226,False,0.0,0.0,0.0,41.62981411058321,0.052037267638229016,Insufficient Energy for CPU+NET,N/A,N/A,N/A
724,CPU_and_Data_Intensive,Rejected,71.68879396577094,N/A,N/A,N/A,0.5904251642840234,0.0,0.0,0.0,STARLINK-3185,0,N/A,N/A,0.0,0.8272670237111511,False,0.0,0.0,0.0,41.62981411058321,0.052037267638229016,Insufficient Energy for CPU+NET,N/A,N/A,N/A
725,CPU_Intensive,Rejected,71.77707328631075,N/A,N/A,N/A,0.676865031966134,0.0,0.0,0.0,STARLINK-3185,0,N/A,N/A,0.0,0.0120412556458687,False,0.0,0.0,0.0,41.62981411058321,0.052037267638229016,Insufficient Energy for CPU,N/A,N/A,N/A
743,Generic_Service,Rejected,74.51016274130413,N/A,N/A,N/A,0.007481122286790408,0.0,0.0,0.0,STARLINK-3185,0,N/A,N/A,0.0,0.05341904840365768,False,0.0,0.0,0.0,41.62981411058321,0.052037267638229016,Insufficient Energy for CPU,N/A,N/A,N/A
836,Generic_Service,Rejected,84.05832712179071,N/A,N/A,N/A,0.007445314789933877,0.0,0.0,0.0,STARLINK-3185,0,N/A,N/A,0.0,0.021068381072765797,False,0.0,0.0,0.0,41.62981411058321,0.052037267638229016,Insufficient Energy for CPU,N/A,N/A,N/A
857,Generic_Service,Rejected,87.05815697718886,N/A,N/A,N/A,0.008433137359428284,0.0,0.0,0.0,STARLINK-3185,0,N/A,N/A,0.0,0.029073012246000923,False,0.0,0.0,0.0,41.62981411058321,0.052037267638229016,Insufficient Energy for CPU,N/A,N/A,N/A
944,Generic_Service,Rejected,95.66764019834352,N/A,N/A,N/A,0.008580803507810202,0.0,0.0,0.0,STARLINK-3185,0,N/A,N/A,0.0,0.031743058746461626,False,0.0,0.0,0.0,41.62981411058321,0.052037267638229016,Insufficient Energy for CPU,N/A,N/A,N/A
955,CPU_and_Data_Intensive,Rejected,97.0501169829873,N/A,N/A,N/A,0.01782185007894064,0.0,0.0,0.0,STARLINK-3185,0,N/A,N/A,0.0,1.8353562538239256,False,0.0,0.0,0.0,41.62981411058321,0.052037267638229016,Insufficient Energy for CPU+NET,N/A,N/A,N/A
962,Generic_Service,Rejected,98.31635513016427,N/A,N/A,N/A,0.008152293912273224,0.0,0.0,0.0,STARLINK-3185,0,N/A,N/A,0.0,0.04187144808384141,False,0.0,0.0,0.0,41.62981411058321,0.052037267638229016,Insufficient Energy for CPU,N/A,N/A,N/A
1017,Generic_Service,Rejected,102.63843437083389,N/A,N/A,N/A,0.008663844967494066,0.0,0.0,0.0,STARLINK-3185,0,N/A,N/A,0.0,0.02831521977357171,False,0.0,0.0,0.0,41.62981411058321,0.052037267638229016,Insufficient Energy for CPU,N/A,N/A,N/A
1106,Generic_Service,Rejected,112.31773337394424,N/A,N/A,N/A,0.0077910642621895655,0.0,0.0,0.0,STARLINK-3185,0,N/A,N/A,0.0,0.031007159278554873,False,0.0,0.0,0.0,41.62981411058321,0.052037267638229016,Insufficient Energy for CPU,N/A,N/A,N/A
1238,Generic_Service,Rejected,125.92307562847489,N/A,N/A,N/A,0.008646995852045009,0.0,0.0,0.0,STARLINK-3185,0,N/A,N/A,0.0,0.02441693109420929,False,0.0,0.0,0.0,41.62981411058321,0.052037267638229016,Insufficient Energy for CPU,N/A,N/A,N/A
1470,CPU_Intensive,Rejected,148.58210760962137,N/A,N/A,N/A,0.008245529113998227,0.0,0.0,0.0,STARLINK-3185,0,N/A,N/A,0.0,0.08675908246933176,False,0.0,0.0,0.0,41.62981411058321,0.052037267638229016,Insufficient Energy for CPU,N/A,N/A,N/A
1476,Generic_Service,Rejected,148.82411545287735,N/A,N/A,N/A,0.008083924536335763,0.0,0.0,0.0,STARLINK-3185,0,N/A,N/A,0.0,0.02432523169347508,False,0.0,0.0,0.0,41.62981411058321,0.052037267638229016,Insufficient Energy for CPU,N/A,N/A,N/A
1994,Generic_Service,Rejected,200.8007317190505,N/A,N/A,N/A,0.00806565547944706,0.0,0.0,0.0,STARLINK-3185,0,N/A,N/A,0.0,0.011600127865852239,False,0.0,0.0,0.0,41.62981411058321,0.052037267638229016,Insufficient Energy for CPU,N/A,N/A,N/A
2061,Generic_Service,Rejected,207.07460362381534,N/A,N/A,N/A,0.00797941302264351,0.0,0.0,0.0,STARLINK-3185,0,N/A,N/A,0.0,0.08744105284209219,False,0.0,0.0,0.0,41.62981411058321,0.052037267638229016,Insufficient Energy for CPU,N/A,N/A,N/A
2084,Generic_Service,Rejected,209.1929166643285,N/A,N/A,N/A,0.007437359659795549,0.0,0.0,0.0,STARLINK-3185,0,N/A,N/A,0.0,0.015316574617877858,False,0.0,0.0,0.0,41.62981411058321,0.052037267638229016,Insufficient Energy for CPU,N/A,N/A,N/A
2089,Generic_Service,Rejected,210.02529800016063,N/A,N/A,N/A,0.00790281099089229,0.0,0.0,0.0,STARLINK-3185,0,N/A,N/A,0.0,0.03761703225006737,False,0.0,0.0,0.0,41.62981411058321,0.052037267638229016,Insufficient Energy for CPU,N/A,N/A,N/A
2169,CPU_and_Data_Intensive,Rejected,218.2405885265721,N/A,N/A,N/A,0.01566937594176436,0.0,0.0,0.0,STARLINK-3185,0,N/A,N/A,0.0,1.8383249349421704,False,0.0,0.0,0.0,41.62981411058321,0.052037267638229016,Insufficient Energy for CPU+NET,N/A,N/A,N/A
2362,CPU_Intensive,Rejected,239.13337489499202,N/A,N/A,N/A,0.0076047914952022625,0.0,0.0,0.0,STARLINK-3185,0,N/A,N/A,0.0,0.05837850086065791,False,0.0,0.0,0.0,41.62981411058321,0.052037267638229016,Insufficient Energy for CPU,N/A,N/A,N/A
2371,CPU_and_Data_Intensive,Rejected,240.15628905416085,N/A,N/A,N/A,0.016877054322518938,0.0,0.0,0.0,STARLINK-3185,0,N/A,N/A,0.0,1.2833184392820214,False,0.0,0.0,0.0,41.62981411058321,0.052037267638229016,Insufficient Energy for CPU+NET,N/A,N/A,N/A
2541,Generic_Service,Rejected,254.47159431954876,N/A,N/A,N/A,0.008654020557944788,0.0,0.0,0.0,STARLINK-3185,0,N/A,N/A,0.0,0.04649931559375958,False,0.0,0.0,0.0,41.62981411058321,0.052037267638229016,Insufficient Energy for CPU,N/A,N/A,N/A
2600,Generic_Service,Rejected,260.4542304234724,N/A,N/A,N/A,0.007675803208664853,0.0,0.0,0.0,STARLINK-3185,0,N/A,N/A,0.0,0.08746277336524429,False,0.0,0.0,0.0,41.62981411058321,0.052037267638229016,Insufficient Energy for CPU,N/A,N/A,N/A
2626,Generic_Service,Rejected,262.77083429915126,N/A,N/A,N/A,0.008029126125870692,0.0,0.0,0.0,STARLINK-3185,0,N/A,N/A,0.0,0.06837167963848097,False,0.0,0.0,0.0,41.62981411058321,0.052037267638229016,Insufficient Energy for CPU,N/A,N/A,N/A
2642,CPU_Intensive,Rejected,263.91551614498667,N/A,N/A,N/A,0.007965160135944347,0.0,0.0,0.0,STARLINK-3185,0,N/A,N/A,0.0,0.030292875055670312,False,0.0,0.0,0.0,41.62981411058321,0.052037267638229016,Insufficient Energy for CPU,N/A,N/A,N/A
2706,Generic_Service,Rejected,270.2273593074425,N/A,N/A,N/A,0.007838401587312535,0.0,0.0,0.0,STARLINK-3185,0,N/A,N/A,0.0,0.017091675003967566,False,0.0,0.0,0.0,41.62981411058321,0.052037267638229016,Insufficient Energy for CPU,N/A,N/A,N/A
2933,Generic_Service,Rejected,290.9519381390183,N/A,N/A,N/A,0.00799962123413338,0.0,0.0,0.0,STARLINK-3185,0,N/A,N/A,0.0,0.04227297346307149,False,0.0,0.0,0.0,41.62981411058321,0.052037267638229016,Insufficient Energy for CPU,N/A,N/A,N/A
20000,Batch,Completed,0,0,0.0,0.0084310669220945,0.0084310669220945,0.0084310669220945,0.0084310669220945,0.0,STARLINK-6345,0,N/A,0,0.0,18.126793882503176,False,0.0,0.0084310669220945,0.0084310669220945,80000,100.0,N/A,N/A,N/A,N/A
22000,Batch,Completed,0,0,0.0,0.2113708688192747,0.2113708688192747,0.2113708688192747,0.2113708688192747,0.0,STARLINK-6345,0,N/A,0,0.0,454.4473679614406,False,0.0,0.2113708688192747,0.2113708688192747,79999.99156893308,99.99998946116635,N/A,N/A,N/A,N/A
21000,Batch,Completed,0,0,0.0,0.23200514814830359,0.23200514814830359,0.23200514814830359,0.23200514814830359,0.0,STARLINK-6345,0,N/A,0,0.0,498.8110685188527,False,0.0,0.23200514814830359,0.23200514814830359,79999.78019806427,99.99972524758034,N/A,N/A,N/A,N/A
20,CPU_Intensive,Completed,3.289025800015834,3.290615897518572,3.290615897518572,3.4570304166624712,0.16641451914389904,0.1680046166466373,0.16800461664663713,0.0,STARLINK-6345,1,2,4,0.0015900975027382514,0.05660126400010466,False,1620.0235024556619,2.632616930237426e-05,1620.0235287818311,78379.52469046046,97.97440586307557,N/A,3.289025800015834,3.6215948729160363,0.3325690729002022
38,Generic_Service,Completed,5.091766425201891,5.093357082319099,5.093357082319099,5.268071998359729,0.17471491604062983,0.17630557315783754,0.1763055731578378,0.0,STARLINK-6345,1,2,4,0.0015906571172077113,0.058179411538514726,False,1701.193619525379,2.7060191413262663e-05,1701.1936465855704,76678.33107093506,95.84791383866883,N/A,5.091766425201891,5.538761402265748,0.4469949770638566
52,CPU_Intensive,Completed,6.1470948253549835,6.148685917423776,6.148685917423776,6.25233999528542,0.10365407786164482,0.10524516993043731,0.10524516993043687,0.0,STARLINK-6345,1,2,4,0.0015910920687924855,0.0594060020044503,False,1001.9427058701812,2.763069860672107e-05,1001.9427335008797,75676.38836506485,94.59548545633106,N/A,6.1470948253549835,6.549223700218784,0.40212887486380033
58,CPU_and_Data_Intensive,Completed,7.261386346177791,7.263655765954379,7.263655765954379,7.755870746984033,0.49221498102965366,0.49448440080624173,0.49448440080624145,0.0,STARLINK-6345,1,2,5,0.002269419776588039,1.9723322408956154,False,4831.954600514212,0.0009173638329747049,4831.955517878045,70844.43284718676,88.55554105898345,N/A,7.261386346177791,7.86237060600034,0.6009842598225488
81,Generic_Service,Completed,9.836911302384598,9.838503252674034,9.838503252674034,10.000833950199802,0.16233069752576768,0.16392264781520333,0.1639226478152036,0.0,STARLINK-6345,1,2,4,0.001591950289435656,0.06182623748681604,False,1578.319212035698,2.8756389528751645e-05,1578.3192407920876,69266.11363515038,86.58264204393798,N/A,9.836911302384598,10.184272117671505,0.34736081528690654
87,Generic_Service,Completed,10.64320454947375,10.644782897804916,10.644782897804916,10.777443992687632,0.1326610948827156,0.13423944321388137,0.1342394432138807,0.0,STARLINK-6345,1,2,4,0.001578348331165766,0.023467870910085648,False,1297.8184879997095,1.0915288795388673e-05,1297.8184989149984,67968.29514715065,84.96036893393831,N/A,10.64320454947375,10.887676597530358,0.2444720480566076
90,CPU_Intensive,Completed,10.772320271843169,10.773915500490252,10.773915500490252,11.48198738241697,0.7080718819267169,0.7096671105738005,0.7096671105738004,0.0,STARLINK-6345,1,2,5,0.001595228647083662,0.07107140953753599,False,6943.006897005474,3.3056469552342324e-05,6943.006930061943,61025.28825014517,76.28161031268147,N/A,10.772320271843169,11.59559370773544,0.8232734358922702
144,CPU_and_Data_Intensive,Completed,16.934512797294666,16.94040274282761,16.94040274282761,17.295161352084815,0.35475860925720326,0.3606485547901503,0.36064855479014923,0.0,STARLINK-6345,1,2,5,0.0058899455329470525,12.18243959509477,False,3433.353567300883,0.005666250974462684,3433.3592335518574,57591.92901659328,71.9899112707416,N/A,16.934512797294666,17.54195902562242,0.6074462283277526
160,Generic_Service,Completed,18.33428245543586,18.335879006307415,18.335879006307415,18.358719789090863,0.022840782783447366,0.02443733365499996,0.024437333655001225,0.0,STARLINK-6345,1,2,4,0.0015965508715525922,0.07480016460865091,False,202.60102442823526,3.479077423658182e-05,202.6010592190095,57389.327992160266,71.73665999020034,N/A,18.33428245543586,18.55049869316635,0.21621623773048881
164,CPU_Intensive,Completed,18.650556338177044,18.652153081780266,18.652153081780266,19.53167053308708,0.879517451306814,0.8811141949100364,0.8811141949100367,0.0,STARLINK-6345,1,2,4,0.0015967436032224194,0.07534367988016476,False,8627.930080287675,3.504357203728593e-05,8627.930115331246,48761.39791187256,60.951747389840705,N/A,18.650556338177044,19.661223028665493,1.0106666904884491
177,CPU_Intensive,Completed,19.415920755354527,19.417511548611138,19.417511548611138,19.768972102855244,0.35146055424410605,0.3530513475007165,0.35305134750071687,0.0,STARLINK-6345,1,2,5,0.0015907932566104608,0.058563333104261935,False,3439.3891500457053,2.7238759583377644e-05,3439.389177284465,45322.00876182684,56.65251095228354,N/A,19.415920755354527,20.066157559317844,0.6502368039633168
220,CPU_Intensive,Completed,23.41368026684381,23.41525690750443,23.41525690750443,23.76810686537989,0.35284995787546336,0.3544265985360822,0.35442659853608305,0.0,STARLINK-6345,1,2,4,0.0015766406606188387,0.01865213397488827,False,3464.8139876495666,8.675411151110822e-06,3464.813996324978,41857.194774177246,52.32149346772156,N/A,23.41368026684381,23.89468902132713,0.48100875448332303
223,CPU_Intensive,Completed,23.753607478340623,23.755196541692346,23.755196541692346,24.7113259889392,0.9561294472468553,0.9577185105985793,0.9577185105985784,0.0,STARLINK-6345,1,2,5,0.001589063351723899,0.05368489395123886,False,9387.797507577012,2.4969718116855285e-05,9387.79753254673,32469.397266600226,40.58674658325028,N/A,23.753607478340623,25.009047801100834,1.2554403227602116
297,Generic_Service,Completed,31.80206912893772,31.803646719086867,31.803646719086867,31.974269230205554,0.17062251111868676,0.17220010126783325,0.17220010126783336,0.0,STARLINK-6345,1,2,4,0.001577590149146501,0.02132975055639876,False,1671.8023056902614,9.920814212278493e-06,1671.8023156110755,30797.594960909948,38.496993701137434,N/A,31.80206912893772,32.164539037622916,0.36246990868519546
303,CPU_and_Data_Intensive,Completed,32.352817705066144,32.35762143795122,32.35762143795122,32.81158619000859,0.45396475205737374,0.4587684849424475,0.45876848494244626,0.0,STARLINK-6345,1,2,5,0.004803732885073742,9.119252508303143,False,4423.0669941234155,0.0042415127945596015,4423.07123563621,26374.52372527373,32.96815465659216,N/A,32.352817705066144,33.06826638226161,0.715448677195468
319,CPU_Intensive,Completed,33.8514686864782,33.85305587524869,33.85305587524869,33.87102669883202,0.017970823583326023,0.019558012353818845,0.019558012353819265,0.0,STARLINK-6345,1,2,4,0.0015871887704928228,0.048398458526815014,False,162.4838814415979,2.2510910942704657e-05,162.48390395250885,26212.03984382872,32.7650498047859,N/A,33.8514686864782,33.97644063829376,0.12497195181556009
323,CPU_and_Data_Intensive,Completed,34.4964818087552,34.49846204923637,34.49846204923637,34.567524329686975,0.06906228045060203,0.0710425209317789,0.07104252093177621,0.0,STARLINK-6345,1,2,5,0.0019802404811768743,1.1568286788580113,False,673.9416422655448,0.0005380598506316332,673.9421803253955,25538.097663503304,31.92262207937913,N/A,34.4964818087552,34.78483310330351,0.2883512945483133
328,Generic_Service,Completed,35.14966885290873,35.151250366100314,35.151250366100314,35.231642490374185,0.08039212427387099,0.08197363746545384,0.0819736374654525,0.0,STARLINK-6345,1,2,4,0.0015815131915828521,0.0323929737249874,False,781.1188333287654,1.5066499406970884e-05,781.1188483952648,24756.97883017409,30.94622353771761,N/A,35.14966885290873,35.38663984059101,0.23697098768227676
330,CPU_and_Data_Intensive,Completed,35.38009036396433,35.38221267406173,35.38221267406173,35.431623086327214,0.049410412265480375,0.0515327223628843,0.05153272236288586,0.0,STARLINK-6345,1,2,5,0.002122310097403926,1.557473814692321,False,478.83108255593925,0.0007244064254382889,478.8318069623647,24278.14702321171,30.347683779014638,N/A,35.38009036396433,35.58920689964402,0.20911653567969068
335,Generic_Service,Completed,35.69638773184095,35.697985264860016,35.697985264860016,35.71809358802979,0.02010832316977229,0.0217058561888413,0.021705856188837913,0.0,STARLINK-6345,1,2,4,0.0015975330190690078,0.07756988156554613,False,174.91094367124478,3.607901468164936e-05,174.91097975025946,24103.236079539805,30.129045099424758,N/A,35.69638773184095,35.8945538153883,0.1981660835473491
336,CPU_and_Data_Intensive,Completed,35.79108126391104,35.882962677005395,35.882962677005395,36.803595302041494,0.9206326250360988,1.0125140381304552,1.0125140381304547,0.0,STARLINK-6345,1,2,5,0.0918814130943563,254.68371549543986,False,7889.461391186112,0.11845754209090226,7889.579848728204,16213.656230811574,20.267070288514468,N/A,35.79108126391104,37.009921241128616,1.218839977217577
389,CPU_and_Data_Intensive,Completed,40.965047425525306,40.96731248147088,40.96731248147088,41.254550268071604,0.28723778660072696,0.28950284254629594,0.2895028425462982,0.0,STARLINK-6345,1,2,5,0.002265055945568988,1.9600259665646445,False,2816.0424414111762,0.0009116399844486719,2816.0433530511605,13397.612877661557,16.747016097076948,N/A,40.965047425525306,41.55021048936679,0.5851630638414846
411,CPU_Intensive,Completed,43.22893065207547,43.23050455356074,43.23050455356074,43.597959860824126,0.36745530726338416,0.3690292087486562,0.36902920874865686,0.0,STARLINK-6345,1,2,4,0.0015739014852720326,0.01092748947988803,False,3610.73494880065,5.0825532464595495e-06,3610.734953883203,9786.87792886029,12.233597411075362,N/A,43.22893065207547,43.768821873663256,0.5398912215877871
438,CPU_Intensive,Completed,46.04323233331857,46.044825518982215,46.044825518982215,46.460570351908686,0.415744832926471,0.4173380185901142,0.4173380185901152,0.0,STARLINK-6345,1,2,4,0.0015931856636432207,0.06531006943019901,False,4069.642654080838,3.037677647916233e-05,4069.6426844576145,5717.2352747794475,7.14654409347431,N/A,46.04323233331857,46.58806269195859,0.54483035864002
460,CPU_Intensive,Completed,47.16886591981952,47.17046590564782,47.17046590564782,47.39842073285734,0.22795482720951554,0.2295548130378249,0.22955481303782221,0.0,STARLINK-6345,1,2,4,0.001599985828309373,0.08448695586601648,False,2217.061172872348,3.9296258542333245e-05,2217.0612121686063,3500.174101907078,4.375217627383847,N/A,47.16886591981952,47.7028416318795,0.5339757120599842
483,CPU_Intensive,Completed,50.49826341032857,50.49984974561557,50.49984974561557,50.6264090006095,0.1265592549939285,0.12814559028092637,0.12814559028092987,0.0,STARLINK-6345,1,2,4,0.0015863352869978644,0.045991582096435626,False,1231.169697730876,2.1391433533225872e-05,1231.1697191223095,2269.0044041761757,2.8362555052202194,N/A,50.49826341032857,50.81418497197334,0.31592156164477103
559,Generic_Service,Completed,56.64042760007798,56.64202159968142,56.64202159968142,56.713033654767315,0.07101205508589459,0.07260605468933659,0.0726060546893379,0.0,STARLINK-6345,1,2,4,0.0015939996034419982,0.06760543018292331,False,678.4896042018494,3.1444386131592235e-05,678.4896356462355,1590.5147999743122,1.9881434999678902,N/A,56.64042760007798,56.83136514000704,0.1909375399290596
570,Generic_Service,Completed,58.076380963969335,58.07797559725794,58.07797559725794,58.132567249103616,0.05459165184567638,0.0561862851342782,0.05618628513428092,0.0,STARLINK-6345,1,2,4,0.0015946332886018228,0.06939246166563226,False,516.4669634903736,3.2275563565410354e-05,516.4669957659371,1074.0478364839173,1.3425597956048967,N/A,58.076380963969335,58.23811955049937,0.16173858653003492
690,CPU_Intensive,Completed,69.1506153455851,69.15219495607143,69.15219495607143,69.18109326461287,0.02889830854144293,0.030477919027769036,0.030477919027774192,0.0,STARLINK-6345,1,2,4,0.0015796104863261067,0.02702722680255526,False,276.25372786342325,1.257080316397919e-05,276.2537404342264,797.7941086204715,0.9972426357755894,N/A,69.1506153455851,69.36096887313794,0.2103535275528401
720,CPU_and_Data_Intensive,Completed,71.4947624447335,71.49685238794062,71.49685238794062,71.52933461426208,0.032482226321462804,0.03457216952858546,0.03457216952858744,0.0,STARLINK-6345,1,2,5,0.0020899432071226566,1.4661971751288778,False,312.7584494281584,0.0006819521744785478,312.7591313803329,485.03497724012897,0.6062937215501613,N/A,71.4947624447335,71.662775535412,0.16801309067849957
786,Generic_Service,Completed,79.38953962812839,79.39112393376146,79.39112393376146,79.40947015991667,0.018346226155202316,0.01993053178826982,0.019930531788276085,0.0,STARLINK-6345,1,2,4,0.0015843056330675012,0.04026783203486474,False,168.57170725171622,1.8729224202262668e-05,168.5717259809404,316.46326998794416,0.3955790874849302,N/A,79.38953962812839,79.57373725919933,0.1841976310709441
23000,Batch,Completed,0,0,0.0,0.002833092976935465,0.002833092976935465,0.002833092976935465,0.002833092976935465,0.0,STARLINK-5471,0,N/A,0,0.0,6.09114990041125,False,0.0,0.002833092976935465,0.002833092976935465,80000,100.0,N/A,N/A,N/A,N/A
25000,Batch,Completed,0,0,0.0,0.007649260060399577,0.007649260060399577,0.007649260060399577,0.007649260060399577,0.0,STARLINK-5471,0,N/A,0,0.0,16.44590912985909,False,0.0,0.007649260060399577,0.007649260060399577,79999.99716690702,99.99999645863377,N/A,N/A,N/A,N/A
24000,Batch,Completed,0,0,0.0,0.07288171331784214,0.07288171331784214,0.07288171331784214,0.07288171331784214,0.0,STARLINK-5471,0,N/A,0,0.0,156.6956836333606,False,0.0,0.07288171331784214,0.07288171331784214,79999.98951764696,99.9999868970587,N/A,N/A,N/A,N/A
14,CPU_and_Data_Intensive,Completed,2.9564633460041683,2.9597323738896604,2.9597323738896604,3.3835747573500403,0.42384238346037995,0.427111411345872,0.42711141134587205,0.0,STARLINK-5471,1,2,5,0.0032690278854920676,4.976930023385356,False,4145.759774895876,0.0023148511736676074,4145.76208974705,75854.15454618659,94.81769318273324,N/A,2.9564633460041683,3.621594871279921,0.6651315252757528
23,CPU_and_Data_Intensive,Completed,3.3780528002400163,3.3797916717615006,3.3797916717615006,3.6670477213901354,0.2872560496286347,0.28899492115011893,0.28899492115011904,0.0,STARLINK-5471,1,2,6,0.0017388715214842147,0.6948385515016076,False,2822.0096076690706,0.0003231807216286547,2822.0099308497925,73032.14461533519,91.29018076916898,N/A,3.3780528002400163,3.923478872587092,0.5454260723470759
70,CPU_Intensive,Completed,8.591321337759261,8.592831738276637,8.592831738276637,8.792905222081634,0.20007348380499757,0.20158388432237206,0.20158388432237295,0.0,STARLINK-5471,1,2,4,0.0015104005173745127,0.05547007826376361,False,1951.3956406594457,2.5800036401750514e-05,1951.395666459482,71080.74897467544,88.8509362183443,N/A,8.591321337759261,9.072063215614422,0.4807418778551611
79,Generic_Service,Completed,9.77005300760411,9.771573100476786,9.771573100476786,9.878206925378569,0.10663382490178286,0.10815391777445951,0.10815391777445882,0.0,STARLINK-5471,1,2,4,0.0015200928726766501,0.08259381081684848,False,1024.4164313171632,3.841572596132487e-05,1024.4164697328893,70056.33254335826,87.57041567919784,N/A,9.77005300760411,10.080581456492114,0.3105284488880038
83,CPU_Intensive,Completed,9.93310609223981,9.934612865515302,9.934612865515302,10.036881469894569,0.1022686043792671,0.10377537765475876,0.10377537765475964,0.0,STARLINK-5471,1,2,4,0.0015067732754916563,0.04531936301767167,False,992.4671169069798,2.1078773496591475e-05,992.4671379857532,69063.86542645124,86.32983178306407,N/A,9.93310609223981,10.284272117691165,0.3511660254513558
91,Generic_Service,Completed,10.863799207616085,10.865296118117582,10.865296118117582,10.889113346345114,0.023817228227532183,0.02531413872903002,0.025314138729029878,0.0,STARLINK-5471,1,2,4,0.0014969105014978376,0.01771871944852111,False,229.0236375640933,8.241264859777261e-06,229.02364580535814,68834.84178888713,86.04355223610892,N/A,10.863799207616085,11.089560596874612,0.22576138925852796
93,Generic_Service,Completed,11.1754599120978,11.176970016639707,11.176970016639707,11.3020384182793,0.12506840163959332,0.12657850618150102,0.12657850618150057,0.0,STARLINK-5471,1,2,4,0.0015101045419076836,0.054641800806500405,False,1213.9582177821335,2.5414791072790886e-05,1213.9582431969245,67620.88357110499,84.52610446388124,N/A,11.1754599120978,11.492604877975111,0.31714496587731134
97,CPU_and_Data_Intensive,Completed,11.48980398890203,11.58901666850385,11.58901666850385,12.41013969505229,0.8211230265484399,0.9203357061502591,0.9203357061502597,0.0,STARLINK-5471,1,2,5,0.09921267960181916,273.4720344843308,False,6824.829482240977,0.12719629510899105,6824.956678536086,60795.926892568874,75.99490861571108,N/A,11.48980398890203,12.706003326893434,1.2161993379914033
143,Generic_Service,Completed,16.729621274908013,16.731130745902096,16.731130745902096,16.748241030241616,0.017110284339519666,0.018619755333602682,0.01861975533360294,0.0,STARLINK-5471,1,2,4,0.0015094709940830172,0.052868838381974904,False,152.70319509943585,2.459015738696507e-05,152.70321968959323,60643.223697352594,75.80402962169074,N/A,16.729621274908013,16.93123101518178,0.2016097402737671
151,CPU_Intensive,Completed,17.620689074272228,17.62219283659464,17.62219283659464,17.810079100228563,0.18788626363392424,0.18939002595633397,0.18939002595633525,0.0,STARLINK-5471,1,2,4,0.001503762322409717,0.03689331139465697,False,1837.0069650037296,1.7159679718445103e-05,1837.0069821634095,58806.21673234885,73.50777091543605,N/A,17.620689074272228,18.04544072461614,0.4247516503439108
158,Generic_Service,Completed,18.299404988306456,18.300903582823672,18.300903582823672,18.37065377583859,0.0697501930149187,0.07124878753213508,0.07124878753213437,0.0,STARLINK-5471,1,2,4,0.0014985945172163867,0.0224313811846261,False,679.389725689788,1.0433200550988883e-05,679.3897361229886,58126.82700665904,72.65853375832381,N/A,18.299404988306456,18.650498693193725,0.3510937048872691
162,CPU_Intensive,Completed,18.499296960504015,18.500808673840996,18.500808673840996,19.41034766699638,0.9095389931553832,0.9110507064923653,0.9110507064923645,0.0,STARLINK-5471,1,2,4,0.0015117133369820734,0.05914396008256872,False,8927.967830686906,2.750881864305522e-05,8927.967858195725,49198.85917597213,61.498573969965165,N/A,18.499296960504015,19.66122302864709,1.1619260681430745
175,CPU_and_Data_Intensive,Completed,19.16423759226321,19.166410695402227,19.166410695402227,20.085514373847214,0.9191036784449871,0.9212767815840067,0.9212767815840053,0.0,STARLINK-5471,1,2,6,0.0021731031390195914,1.9100212282577593,False,9030.726937771722,0.000888381966631516,9030.727826153689,40168.13134981842,50.21016418727302,N/A,19.16423759226321,20.271414069294273,1.1071764770310644
251,Generic_Service,Completed,26.36888928102074,26.370387702304374,26.370387702304374,26.404232799194343,0.033845096889969284,0.0353435181736047,0.03534351817360459,0.0,STARLINK-5471,1,2,4,0.0014984212836354146,0.021946592794908015,False,326.40284080929735,1.0207717579026983e-05,326.40285101701494,39841.72850900845,49.80216063626056,N/A,26.36888928102074,26.520355973694745,0.15146669267400625
255,CPU_Intensive,Completed,26.87305317288426,26.87457098184672,26.87457098184672,27.075150700666722,0.20057971882000203,0.2020975277824641,0.20209752778246326,0.0,STARLINK-5471,1,2,4,0.0015178089624620524,0.07620236437221099,False,1950.2656869687462,3.5442960173121395e-05,1950.2657224117063,37891.46282203969,47.36432852754962,N/A,26.87305317288426,27.226342810953046,0.3532896380687873
261,CPU_Intensive,Completed,27.41779786103755,27.419306771537453,27.419306771537453,28.310198799157387,0.8908920276199339,0.8924009381198396,0.8924009381198381,0.0,STARLINK-5471,1,2,4,0.0015089104999056206,0.05130031414907594,False,8746.88445972535,2.3860611232128342e-05,8746.884483585962,29144.57836231432,36.4307229528929,N/A,27.41779786103755,28.539061909079336,1.1212640480417875
271,CPU_Intensive,Completed,27.988780962006253,27.99028430662311,27.99028430662311,28.999757501314672,1.0094731946915623,1.0109765393084205,1.0109765393084196,0.0,STARLINK-5471,1,2,5,0.0015033446168581782,0.035724376361561616,False,9917.729992578716,1.6615989005377495e-05,9917.730009194705,19226.848369735588,24.033560462169483,N/A,27.988780962006253,29.14864708128557,1.159866119279318
361,CPU_and_Data_Intensive,Completed,38.683374452980146,38.6869836965234,38.6869836965234,40.27579272574661,1.5888090292232135,1.5924182727664657,1.5924182727664657,0.0,STARLINK-5471,1,2,5,0.0036092435432520976,5.929012177185469,False,15598.952335371714,0.002757680082411846,15598.955093051796,3627.89327668378,4.534866595854725,N/A,38.683374452980146,40.43770686897067,1.7543324159905254
478,CPU_Intensive,Completed,49.9361087585217,49.937611780395066,49.937611780395066,50.14963625014146,0.212024469746396,0.21352749161976473,0.21352749161976448,0.0,STARLINK-5471,1,2,4,0.0015030218733687326,0.03482118948715542,False,2075.018867744976,1.6195902087049035e-05,2075.018883940878,1552.8744089363513,1.9410930111704392,N/A,49.9361087585217,50.312378310169635,0.37626955164793685
585,CPU_and_Data_Intensive,Completed,59.08203669887495,59.09076758624055,59.09076758624055,59.241483896436186,0.1507163101956337,0.15944719756123826,0.15944719756123504,0.0,STARLINK-5471,1,2,5,0.008730887365604553,20.2617613324927,False,1389.6213655189965,0.009424075038368698,1389.630789594035,163.2436193423048,0.204054524177881,N/A,59.08203669887495,59.44119877682414,0.3591620779491862
989,Generic_Service,Completed,100.74774175021638,100.74924648705453,100.74924648705453,100.76675688366785,0.01751039661331788,0.019015133451468717,0.019015133451475208,0.0,STARLINK-5471,1,2,4,0.0015047368381508352,0.03962046114380337,False,160.54200076211117,1.8428121462234124e-05,160.54201919023262,2.7016185719464545,0.003377023214933068,N/A,100.74774175021638,100.88267822844317,0.13493647822679122
571,CPU_and_Data_Intensive,Rejected,58.14989544872469,N/A,N/A,N/A,0.2613242344994782,0.0,0.0,0.0,STARLINK-5471,0,N/A,N/A,0.0,13.649917911051347,False,0.0,0.0,0.0,2.701618571930376,0.0033770232149129696,Insufficient Energy for CPU+NET,N/A,N/A,N/A
572,CPU_Intensive,Rejected,58.25619650565924,N/A,N/A,N/A,0.5721832854870409,0.0,0.0,0.0,STARLINK-5471,0,N/A,N/A,0.0,0.06631976880088919,False,0.0,0.0,0.0,2.701618571930376,0.0033770232149129696,Insufficient Energy for CPU,N/A,N/A,N/A
573,CPU_and_Data_Intensive,Rejected,58.36329426931892,N/A,N/A,N/A,0.5987928726857622,0.0,0.0,0.0,STARLINK-5471,0,N/A,N/A,0.0,0.7985079278762272,False,0.0,0.0,0.0,2.701618571930376,0.0033770232149129696,Insufficient Energy for CPU+NET,N/A,N/A,N/A
577,CPU_Intensive,Rejected,58.47915766920929,N/A,N/A,N/A,0.5879876263045244,0.0,0.0,0.0,STARLINK-5471,0,N/A,N/A,0.0,0.012607250195751518,False,0.0,0.0,0.0,2.701618571930376,0.0033770232149129696,Insufficient Energy for CPU,N/A,N/A,N/A
579,CPU_Intensive,Rejected,58.727668026131184,N/A,N/A,N/A,0.3550838861350644,0.0,0.0,0.0,STARLINK-5471,0,N/A,N/A,0.0,0.07241743900723588,False,0.0,0.0,0.0,2.701618571930376,0.0033770232149129696,Insufficient Energy for CPU,N/A,N/A,N/A
581,CPU_and_Data_Intensive,Rejected,58.79247986944678,N/A,N/A,N/A,0.3308724193193792,0.0,0.0,0.0,STARLINK-5471,0,N/A,N/A,0.0,1.543056978366672,False,0.0,0.0,0.0,2.701618571930376,0.0033770232149129696,Insufficient Energy for CPU+NET,N/A,N/A,N/A
582,CPU_and_Data_Intensive,Rejected,58.830796319500216,N/A,N/A,N/A,0.4536667589224457,0.0,0.0,0.0,STARLINK-5471,0,N/A,N/A,0.0,0.8599336108513601,False,0.0,0.0,0.0,2.701618571930376,0.0033770232149129696,Insufficient Energy for CPU+NET,N/A,N/A,N/A
862,CPU_and_Data_Intensive,Rejected,87.32980076183411,N/A,N/A,N/A,0.05948397400672584,0.0,0.0,0.0,STARLINK-5471,0,N/A,N/A,0.0,19.52106769026204,False,0.0,0.0,0.0,2.701618571930376,0.0033770232149129696,Insufficient Energy for CPU+NET,N/A,N/A,N/A
884,CPU_Intensive,Rejected,89.74034576927582,N/A,N/A,N/A,0.0273973077071333,0.0,0.0,0.0,STARLINK-5471,0,N/A,N/A,0.0,0.07913461492911847,False,0.0,0.0,0.0,2.701618571930376,0.0033770232149129696,Insufficient Energy for CPU,N/A,N/A,N/A
889,Generic_Service,Rejected,90.31172668488244,N/A,N/A,N/A,0.03893587714951349,0.0,0.0,0.0,STARLINK-5471,0,N/A,N/A,0.0,0.06418468755720258,False,0.0,0.0,0.0,2.701618571930376,0.0033770232149129696,Insufficient Energy for CPU,N/A,N/A,N/A
899,Generic_Service,Rejected,91.31709541383455,N/A,N/A,N/A,0.016688037445987604,0.0,0.0,0.0,STARLINK-5471,0,N/A,N/A,0.0,0.026588711534833782,False,0.0,0.0,0.0,2.701618571930376,0.0033770232149129696,Insufficient Energy for CPU,N/A,N/A,N/A
902,CPU_Intensive,Rejected,91.5745710169119,N/A,N/A,N/A,0.02493631925068333,0.0,0.0,0.0,STARLINK-5471,0,N/A,N/A,0.0,0.05090268795577568,False,0.0,0.0,0.0,2.701618571930376,0.0033770232149129696,Insufficient Energy for CPU,N/A,N/A,N/A
904,CPU_and_Data_Intensive,Rejected,91.89986069807271,N/A,N/A,N/A,0.05291327796487178,0.0,0.0,0.0,STARLINK-5471,0,N/A,N/A,0.0,6.724829757021614,False,0.0,0.0,0.0,2.701618571930376,0.0033770232149129696,Insufficient Energy for CPU+NET,N/A,N/A,N/A
905,Generic_Service,Rejected,91.92044601841327,N/A,N/A,N/A,0.019754528181901366,0.0,0.0,0.0,STARLINK-5471,0,N/A,N/A,0.0,0.03227647373965806,False,0.0,0.0,0.0,2.701618571930376,0.0033770232149129696,Insufficient Energy for CPU,N/A,N/A,N/A
910,Generic_Service,Rejected,92.37013162407466,N/A,N/A,N/A,0.04337997035255481,0.0,0.0,0.0,STARLINK-5471,0,N/A,N/A,0.0,0.05183774183286097,False,0.0,0.0,0.0,2.701618571930376,0.0033770232149129696,Insufficient Energy for CPU,N/A,N/A,N/A
924,CPU_Intensive,Rejected,93.62229011504014,N/A,N/A,N/A,0.05491403215389084,0.0,0.0,0.0,STARLINK-5471,0,N/A,N/A,0.0,0.05914264862457432,False,0.0,0.0,0.0,2.701618571930376,0.0033770232149129696,Insufficient Energy for CPU,N/A,N/A,N/A
929,CPU_Intensive,Rejected,94.22160956216575,N/A,N/A,N/A,0.02695266888352605,0.0,0.0,0.0,STARLINK-5471,0,N/A,N/A,0.0,0.029533138083264757,False,0.0,0.0,0.0,2.701618571930376,0.0033770232149129696,Insufficient Energy for CPU,N/A,N/A,N/A
942,CPU_and_Data_Intensive,Rejected,95.44602156735384,N/A,N/A,N/A,0.05427462739221064,0.0,0.0,0.0,STARLINK-5471,0,N/A,N/A,0.0,10.173574751384862,False,0.0,0.0,0.0,2.701618571930376,0.0033770232149129696,Insufficient Energy for CPU+NET,N/A,N/A,N/A
946,CPU_and_Data_Intensive,Rejected,95.7955776241738,N/A,N/A,N/A,0.06569159154927655,0.0,0.0,0.0,STARLINK-5471,0,N/A,N/A,0.0,13.040269859973947,False,0.0,0.0,0.0,2.701618571930376,0.0033770232149129696,Insufficient Energy for CPU+NET,N/A,N/A,N/A
948,CPU_Intensive,Rejected,96.20416718754632,N/A,N/A,N/A,0.0633649778385214,0.0,0.0,0.0,STARLINK-5471,0,N/A,N/A,0.0,0.02141985305689255,False,0.0,0.0,0.0,2.701618571930376,0.0033770232149129696,Insufficient Energy for CPU,N/A,N/A,N/A
968,CPU_Intensive,Rejected,98.73358445374606,N/A,N/A,N/A,0.02646953643436421,0.0,0.0,0.0,STARLINK-5471,0,N/A,N/A,0.0,0.04681991062238684,False,0.0,0.0,0.0,2.701618571930376,0.0033770232149129696,Insufficient Energy for CPU,N/A,N/A,N/A
973,Generic_Service,Rejected,99.4187774131288,N/A,N/A,N/A,0.05370844116183168,0.0,0.0,0.0,STARLINK-5471,0,N/A,N/A,0.0,0.06069104026614862,False,0.0,0.0,0.0,2.701618571930376,0.0033770232149129696,Insufficient Energy for CPU,N/A,N/A,N/A
983,Generic_Service,Rejected,100.4235701698707,N/A,N/A,N/A,0.02006403241949976,0.0,0.0,0.0,STARLINK-5471,0,N/A,N/A,0.0,0.030881736377178157,False,0.0,0.0,0.0,2.701618571930376,0.0033770232149129696,Insufficient Energy for CPU,N/A,N/A,N/A
26000,Batch,Completed,0,0,0.0,0.007756198142012497,0.007756198142012497,0.007756198142012497,0.007756198142012497,0.0,STARLINK-34190,0,N/A,0,0.0,16.67582600532687,False,0.0,0.007756198142012497,0.007756198142012497,80000,100.0,N/A,N/A,N/A,N/A
28000,Batch,Completed,0,0,0.0,0.10261127926951827,0.10261127926951827,0.10261127926951827,0.10261127926951827,0.0,STARLINK-34190,0,N/A,0,0.0,220.61425042946428,False,0.0,0.10261127926951827,0.10261127926951827,79999.99224380185,99.99999030475232,N/A,N/A,N/A,N/A
27000,Batch,Completed,0,0,0.0,0.10667389652475197,0.10667389652475197,0.10667389652475197,0.10667389652475197,0.0,STARLINK-34190,0,N/A,0,0.0,229.34887752821672,False,0.0,0.10667389652475197,0.10667389652475197,79999.88963252258,99.99986204065323,N/A,N/A,N/A,N/A
225,CPU_and_Data_Intensive,Completed,23.863496677581715,23.86608578249097,23.86608578249097,26.744918692741518,2.878832910250548,2.8814220151598047,2.881422015159803,0.0,STARLINK-34190,1,2,5,0.0025891049092565824,1.4851541002762743,False,28306.777138501526,0.0006907693489657089,28306.777829270875,51693.00512935518,64.61625641169397,N/A,23.863496677581715,26.923298519111533,3.0598018415298185
3,Generic_Service,Completed,0.5686033790735648,0.570471068598965,0.570471068598965,0.5902268974514981,0.01975582885253313,0.02162351837793326,0.021623518377933304,0.0,STARLINK-5203,1,2,1,0.0018676895254001273,0.02370662348686969,False,187.31507249051964,1.1026336505520786e-05,187.31508351685613,79812.68492750949,99.76585615938686,N/A,0.5686033790735648,0.7030295265282037,0.13442614745463888
21,Generic_Service,Completed,3.3080487560620577,3.3099240250320405,3.3099240250320405,3.3481626348487157,0.03823860981667515,0.040113878786658015,0.04011387878665795,0.0,STARLINK-5203,1,2,1,0.0018752689699828655,0.04403617670821175,False,363.1046708081466,2.048194265498221e-05,363.10469129008925,79449.58025670133,99.31197532087667,N/A,3.3080487560620577,3.517113302955441,0.20906454689338316
28,CPU_and_Data_Intensive,Completed,3.8550325039026214,3.8641813879943694,3.8641813879943694,3.943670850747457,0.07948946275308755,0.08863834684483535,0.08863834684483551,0.0,STARLINK-5203,1,2,2,0.0091488840917478,19.55329495092578,False,692.3400045953014,0.00909455579112827,692.3490991510924,78757.23115755022,98.44653894693778,N/A,3.8550325039026214,4.125621112500038,0.27058860859741696
36,CPU_and_Data_Intensive,Completed,4.823150436654184,4.8256875462539055,4.8256875462539055,4.959635369611905,0.1339478233579996,0.13648493295772113,0.13648493295772113,0.0,STARLINK-5203,1,2,2,0.0025371095997215225,1.8192222288579554,False,1309.0664823441,0.0008461498738874211,1309.067328493974,77448.16382904875,96.81020478631093,N/A,4.823150436654184,5.232770236435596,0.40961979978141194
46,CPU_Intensive,Completed,5.752395269846603,5.754278525823102,5.754278525823102,6.4222171388025515,0.6679386129794498,0.669821868955949,0.6698218689559488,0.0,STARLINK-5203,1,2,1,0.0018832559764992154,0.0654588907713425,False,6549.946464669699,3.0445995707601162e-05,6549.946495115694,70898.21736437842,88.62277170547303,N/A,5.752395269846603,6.650945830855104,0.8985505610085012
80,Generic_Service,Completed,9.82235673919176,9.82424191451204,9.82424191451204,9.859678072937577,0.03543615842553649,0.03732133374581718,0.03732133374581714,0.0,STARLINK-5203,1,2,1,0.0018851753202806883,0.07060694629567041,False,327.7131763944984,3.284044013752112e-05,327.7132092349386,70570.5041879839,88.21313023497987,N/A,9.82235673919176,9.978697457118892,0.156340717927133
82,CPU_and_Data_Intensive,Completed,9.88744872692935,9.894405253230568,9.894405253230568,11.582671799094037,1.6882665458634687,1.6952230721646875,1.695223072164687,0.0,STARLINK-5203,1,2,2,0.006956526301218704,13.67296244156342,False,16541.701240323546,0.006359517414680661,16541.70759984096,54028.79658814291,67.53599573517864,N/A,9.88744872692935,11.79773583022573,1.9102871032963797
96,CPU_Intensive,Completed,11.357539756460799,11.359418565547355,11.359418565547355,12.33231236648561,0.9728938009382553,0.9747726100248112,0.9747726100248109,0.0,STARLINK-5203,1,2,2,0.0018788090865558594,0.053531461949077895,False,9552.721586665317,2.489835439491995e-05,9552.721611563671,44476.075001473015,55.595093751841276,N/A,11.357539756460799,12.60600332687635,1.2484635704155504
224,CPU_Intensive,Completed,23.848393241023622,23.85027540553027,23.85027540553027,24.040563941520976,0.19028853599070672,0.19217070049735302,0.1921707004973534,0.0,STARLINK-5203,1,2,1,0.0018821645066463084,0.06253135508954631,False,1853.0792092328006,2.9084351204440145e-05,1853.0792383171517,42622.995792240195,53.27874474030024,N/A,23.848393241023622,24.29934768936892,0.4509544483452963
232,CPU_Intensive,Completed,24.514201158975194,24.51607317153385,24.51607317153385,24.544214806603833,0.02814163506998213,0.030013647628638312,0.030013647628639006,0.0,STARLINK-5203,1,2,1,0.001872012558656182,0.035301844442340385,False,266.3736424017925,1.6419462531321108e-05,266.37365882125505,42356.62214983838,52.945777687297976,N/A,24.514201158975194,24.70148980727245,0.18728864829725467
235,Generic_Service,Completed,24.75598955740446,24.757868843586547,24.757868843586547,24.78348610473672,0.02561726115017393,0.02749654733225846,0.027496547332258814,0.0,STARLINK-5203,1,2,1,0.0018792861820845278,0.05481112549643302,False,235.7977488896347,2.5493546742526986e-05,235.79777438318143,42120.82440094873,52.651030501185915,N/A,24.75598955740446,24.907133291189165,0.15114373378470347
238,CPU_Intensive,Completed,25.294154510749255,25.29603976606055,25.29603976606055,26.026416124836885,0.7303763587763363,0.7322616140876297,0.7322616140876299,0.0,STARLINK-5203,1,2,1,0.001885255311293322,0.07082149784107944,False,7162.446994983895,3.294023155399044e-05,7162.447027924127,34958.37740596481,43.69797175745602,N/A,25.294154510749255,26.217311683081128,0.923157172331873
273,CPU_Intensive,Completed,28.046442994731105,28.048316549404493,28.048316549404493,28.52636146323764,0.4780449138331484,0.4799184685065378,0.4799184685065363,0.0,STARLINK-5203,1,2,1,0.0018735546733894025,0.039438097857771706,False,4689.992583396688,1.8343301329196143e-05,4689.992601739989,30268.384822568096,37.83548102821012,N/A,28.046442994731105,28.74120402698577,0.6947610322546645
307,CPU_and_Data_Intensive,Completed,32.773398486914715,32.7808759172749,32.7808759172749,33.14664822563812,0.36577230836321917,0.3732497387234001,0.37324973872340195,0.0,STARLINK-5203,1,2,2,0.00747743036018096,15.070129037913247,False,3528.4646349534514,0.007009362343215464,3528.4716443157945,26739.91317825229,33.42489147281536,N/A,32.773398486914715,33.27040850890316,0.49701002198844435
317,CPU_and_Data_Intensive,Completed,33.71788987167135,33.720123122010605,33.720123122010605,34.63089973582456,0.9107766138139581,0.9130098641532112,0.9130098641532101,0.0,STARLINK-5203,1,2,2,0.0022332503392529846,1.004212244938894,False,8952.97312212928,0.00046707546276227626,8952.973589204743,17786.93958904239,22.23367448630299,N/A,33.71788987167135,34.88483310376531,1.1669432320939563
377,Generic_Service,Completed,40.21210578778477,40.21398408998864,40.21398408998864,40.35592022611214,0.14193613612349765,0.14381443832736976,0.14381443832736807,0.0,STARLINK-5203,1,2,1,0.0018783022038721179,0.05217190342422613,False,1380.5816081142661,2.4266001592663316e-05,1380.5816323802678,16406.357980927765,20.507947476159707,N/A,40.21210578778477,40.63984898890999,0.42774320112521735
386,CPU_Intensive,Completed,40.872047725278854,40.873926951620625,40.873926951620625,41.072118299945856,0.19819134832523133,0.2000705746670031,0.20007057466700218,0.0,STARLINK-5203,1,2,1,0.001879226341771764,0.05465062207037898,False,1933.126130040036,2.5418893986222784e-05,1933.12615545893,14473.231850887707,18.091539813609632,N/A,40.872047725278854,41.24478010981071,0.372732384531858
407,CPU_Intensive,Completed,42.93176175816751,42.93362600905355,42.93362600905355,43.29508400399447,0.36145799494092046,0.36332224582695877,0.36332224582695716,0.0,STARLINK-5203,1,2,1,0.0018642508860383105,0.014483519979487571,False,3550.7030697778855,6.736520920691893e-06,3550.7030765144063,10922.528781109799,13.65316097638725,N/A,42.93176175816751,43.46339319146488,0.5316314332973704
414,CPU_and_Data_Intensive,Completed,43.27345537974447,43.43920340022492,43.43920340022492,44.742671580769986,1.3034681805450674,1.4692162010255154,1.4692162010255174,0.0,STARLINK-5203,1,2,2,0.16574802048044796,439.5828159636925,False,10808.868893807541,0.204457123704043,10809.073350931245,113.45543017854813,0.14181928772318517,N/A,43.27345537974447,44.87942839626844,1.6059730165239685
404,CPU_Intensive,Rejected,42.5977253713542,N/A,N/A,N/A,1.4858348883779904,0.0,0.0,0.0,STARLINK-5203,0,N/A,N/A,0.0,0.037896213548093714,False,0.0,0.0,0.0,113.45542999854862,0.1418192874981858,Insufficient Energy for CPU,N/A,N/A,N/A
1948,CPU_and_Data_Intensive,Rejected,196.92469030800962,N/A,N/A,N/A,0.06360808153478763,0.0,0.0,0.0,STARLINK-5203,0,N/A,N/A,0.0,17.63841036353751,False,0.0,0.0,0.0,113.45542999854862,0.1418192874981858,Insufficient Energy for CPU+NET,N/A,N/A,N/A
2530,CPU_and_Data_Intensive,Rejected,253.00626866928377,N/A,N/A,N/A,0.04395470086814417,0.0,0.0,0.0,STARLINK-5203,0,N/A,N/A,0.0,10.247675728584632,False,0.0,0.0,0.0,113.45542999854862,0.1418192874981858,Insufficient Energy for CPU+NET,N/A,N/A,N/A
29000,Batch,Completed,0,0,0.0,0.004983989957220542,0.004983989957220542,0.004983989957220542,0.004983989957220542,0.0,STARLINK-6299,0,N/A,0,0.0,10.715578408024165,False,0.0,0.004983989957220542,0.004983989957220542,80000,100.0,N/A,N/A,N/A,N/A
30000,Batch,Completed,0,0,0.0,0.005371574220583778,0.005371574220583778,0.005371574220583778,0.005371574220583778,0.0,STARLINK-6299,0,N/A,0,0.0,11.548884574255123,False,0.0,0.005371574220583778,0.005371574220583778,79999.99501601004,99.99999377001255,N/A,N/A,N/A,N/A
31000,Batch,Completed,0,0,0.0,0.009133927770370094,0.009133927770370094,0.009133927770370094,0.009133927770370094,0.0,STARLINK-6299,0,N/A,0,0.0,19.637944706295702,False,0.0,0.009133927770370094,0.009133927770370094,79999.98964443582,99.99998705554476,N/A,N/A,N/A,N/A
13,CPU_Intensive,Completed,2.76463075292763,2.765716336729204,2.765716336729204,3.512671401058329,0.746955064329125,0.7480406481306988,0.7480406481306989,0.0,STARLINK-6299,1,2,4,0.0010855838015738236,0.08254329107529605,False,7322.046144348066,3.8392228407114444e-05,7322.046182740295,72677.93436615999,90.84741795769999,N/A,2.76463075292763,3.823478872552106,1.058848119624476
73,CPU_Intensive,Completed,9.012834044299561,9.013920837463159,9.013920837463159,9.580414195388059,0.5664933579248999,0.5675801510884982,0.5675801510884977,0.0,STARLINK-6299,1,2,4,0.0010867931635984418,0.08520748388966981,False,5546.404626975584,3.963138785566038e-05,5546.404666606972,67131.52973918438,83.91441217398047,N/A,9.012834044299561,9.77655533851455,0.7637212942149887
106,Generic_Service,Completed,12.27757803299527,12.278653988003335,12.278653988003335,12.296890087978023,0.018236099974688003,0.019312054982751046,0.019312054982751903,0.0,STARLINK-6299,1,2,4,0.0010759550080630437,0.06133131156849279,False,161.28220088592803,2.8526191427205946e-05,161.28222941211945,66970.24753829843,83.71280942287304,N/A,12.27757803299527,12.400816795104493,0.12323876210922258
108,CPU_Intensive,Completed,12.493015476183777,12.494079770316313,12.494079770316313,12.891459552711733,0.3973797823954204,0.39844407652795694,0.3984440765279569,0.0,STARLINK-6299,1,2,4,0.0010642941325365687,0.03564270868983967,False,3897.762352626785,1.657800404178589e-05,3897.7623692047887,63072.48518567163,78.84060648208954,N/A,12.493015476183777,13.110288439553633,0.6172729633698566
131,Generic_Service,Completed,15.632805916154714,15.633879359369656,15.633879359369656,15.69157181459128,0.05769245522162336,0.058765898436566,0.05876589843656532,0.0,STARLINK-6299,1,2,4,0.0010734432149426378,0.055797897217490934,False,550.9693048717068,2.5952510333716714e-05,550.9693308242171,62521.5158807999,78.15189485099988,N/A,15.632805916154714,15.92735755194593,0.29455163579121546
133,CPU_Intensive,Completed,15.834216819285496,15.835293053231446,15.835293053231446,17.406012482767157,1.5707194295357105,1.571795663481661,1.5717956634816606,0.0,STARLINK-6299,1,2,4,0.001076233945950477,0.06194580441697691,False,15429.909095627592,2.8812002054407867e-05,15429.909124439595,47091.60678517229,58.864508481465364,N/A,15.834216819285496,17.541959029742305,1.707742210456809
148,CPU_and_Data_Intensive,Completed,17.304782804318148,17.375221575682,17.375221575682,18.79631345553452,1.4210918798525185,1.4915306512163728,1.4915306512163724,0.0,STARLINK-6299,1,2,6,0.07043877136385425,152.8657961104035,False,13277.283375676974,0.0711003702839086,13277.354476047258,33814.25230912501,42.26781538640626,N/A,17.304782804318148,18.951259145659044,1.6464763413408967
287,Generic_Service,Completed,30.287044561727736,30.288098688015,30.288098688015,30.343608595191593,0.05550990717659232,0.05656403346385887,0.0565640334638573,0.0,STARLINK-6299,1,2,4,0.0010541262872665498,0.013243212298674489,False,542.04259805106,6.15963362729046e-06,542.0426042106936,33272.20971101807,41.59026213877259,N/A,30.287044561727736,30.457036869537358,0.16999230780962193
290,Generic_Service,Completed,30.657547689760214,30.65860368932755,30.65860368932755,30.68222536221594,0.023621672888392453,0.024677672455725896,0.024677672455727162,0.0,STARLINK-6299,1,2,4,0.0010559995673334417,0.017369999143249222,False,227.2030851651792,8.079069368953127e-06,227.20309324424858,33045.00662585288,41.30625828231611,N/A,30.657547689760214,30.85779740082072,0.20024971106050415
293,CPU_Intensive,Completed,31.20697066910764,31.208054428179366,31.208054428179366,31.26737732429028,0.05932289611091335,0.060406655182638866,0.06040665518263921,0.0,STARLINK-6299,1,2,4,0.001083759071725519,0.07852345908862446,False,560.3086896990354,3.652253911098812e-05,560.3087262215745,32484.69793615384,40.6058724201923,N/A,31.20697066910764,31.45855779743276,0.2515871283251201
296,Generic_Service,Completed,31.658779292012476,31.659857065779217,31.659857065779217,31.69236324666855,0.03250618088933166,0.03358395465607418,0.033583954656073445,0.0,STARLINK-6299,1,2,4,0.0010777737667425204,0.06533798922688143,False,300.44910476365635,3.038976243110764e-05,300.4491351534188,32184.24883139016,40.2303110392377,N/A,31.658779292012476,31.962732367512203,0.3039530754997273
300,CPU_and_Data_Intensive,Completed,31.977334051544926,31.979092283519087,31.979092283519087,32.68740873505987,0.7083164515407816,0.7100746835149415,0.710074683514943,0.0,STARLINK-6299,1,2,5,0.001758231974159953,1.56436956933247,False,6959.197481007894,0.000727613753177893,6959.198208621647,25225.05062276849,31.53131327846061,N/A,31.977334051544926,32.96826638169,0.9909323301450748
329,Generic_Service,Completed,35.32910280544461,35.33018377657507,35.33018377657507,35.41659237205941,0.08640859548434321,0.0874895666147977,0.08748956661479923,0.0,STARLINK-6299,1,2,4,0.001080971130454501,0.07238169760617093,False,828.5085731193587,3.3665905863335315e-05,828.5086067852646,24396.54204964865,30.495677562060813,N/A,35.32910280544461,35.68920690027769,0.36010409483307626
334,Generic_Service,Completed,35.63075663532503,35.63181767542302,35.63181767542302,35.65602065266091,0.024202977237884227,0.02526401733587748,0.025264017335878464,0.0,STARLINK-6299,1,2,4,0.0010610400979932514,0.02847415595579285,False,229.64839676254212,1.3243793467810628e-05,229.64841000633558,24166.893652886083,30.2086170661076,N/A,35.63075663532503,35.894553815375964,0.2637971800509362
337,Generic_Service,Completed,35.927503791051755,35.92856236892677,35.92856236892677,36.10901255229294,0.18045018336616891,0.18150876124118384,0.18150876124118298,0.0,STARLINK-6299,1,2,4,0.0010585778750149257,0.02304994332739284,False,1767.9514540867244,1.0720903873205971e-05,1767.9514648076283,22398.94219879935,27.998677748499183,N/A,35.927503791051755,36.402220071976316,0.47471628092456086
350,Generic_Service,Completed,37.27129188864391,37.27237987076862,37.27237987076862,37.33488775221795,0.06250788144933495,0.06359586357404606,0.06359586357404368,0.0,STARLINK-6299,1,2,4,0.0010879821247111161,0.0878267340302198,False,588.8920634980741,4.084964373498595e-05,588.8921043477178,21810.050135301266,27.262562669126584,N/A,37.27129188864391,37.51122169206447,0.23992980342055859
355,CPU_Intensive,Completed,37.784617768324146,37.78567985415948,37.78567985415948,37.87897582701209,0.0932959728526086,0.09435805868794174,0.09435805868794489,0.0,STARLINK-6299,1,2,4,0.0010620858353331442,0.030777887882172693,False,908.5051902855782,1.4315296689382647e-05,908.5052046008749,20901.54494501566,26.126931181269576,N/A,37.784617768324146,38.01921224740979,0.23459447908564357
358,CPU_Intensive,Completed,38.144875091905035,38.14596015533204,38.14596015533204,39.19750217377078,1.051542018438738,1.0526270818657424,1.0526270818657437,0.0,STARLINK-6299,1,2,4,0.0010850634270042482,0.08139691954979436,False,10318.022989612045,3.785903234874156e-05,10318.023027471078,10583.521955403603,13.229402444254504,N/A,38.144875091905035,39.426632454979284,1.2817573630742487
366,CPU_Intensive,Completed,39.17510316532436,39.17618667854361,39.17618667854361,40.19475670865966,1.0185700301160523,1.0196535433352993,1.019653543335302,0.0,STARLINK-6299,1,2,5,0.0010835132192469506,0.07798185252792197,False,9994.746887686026,3.6270629082754405e-05,9994.746923956654,588.7750677175518,0.7359688346469397,N/A,39.17510316532436,40.43770686894551,1.2626037036211528
731,CPU_and_Data_Intensive,Completed,72.5389799082545,72.54018047184614,72.54018047184614,72.57810949794818,0.03792902610203441,0.039129589693679294,0.03912958969367253,0.0,STARLINK-6299,1,2,5,0.001200563591644883,0.3358407522736656,False,371.4989658095223,0.0001562050010575189,371.4991220145234,217.27594570300445,0.2715949321287556,N/A,72.5389799082545,72.76571053342754,0.22673062517303322
820,Generic_Service,Completed,82.73700581002065,82.73807257379829,82.73807257379829,82.75022321914659,0.01215064534829935,0.013217409125937225,0.013217409125942936,0.0,STARLINK-6299,1,2,4,0.001066763777637876,0.04108327206045939,False,107.39736221583705,1.910849863277181e-05,107.39738132433568,109.87858348705127,0.13734822935881408,N/A,82.73700581002065,82.87449765595417,0.13749184593352481
34000,Batch,Completed,0,0,0.0,0.08814202998273335,0.08814202998273335,0.08814202998273335,0.08814202998273335,0.0,STARLINK-31772,0,N/A,0,0.0,189.5053644628767,False,0.0,0.08814202998273335,0.08814202998273335,80000,100.0,N/A,N/A,N/A,N/A
32000,Batch,Completed,0,0,0.0,0.10203041652531429,0.10203041652531429,0.10203041652531429,0.10203041652531429,0.0,STARLINK-31772,0,N/A,0,0.0,219.3653955294257,False,0.0,0.10203041652531429,0.10203041652531429,79999.91185797002,99.99988982246252,N/A,N/A,N/A,N/A
33000,Batch,Completed,0,0,0.0,0.22939409449307394,0.22939409449307394,0.22939409449307394,0.22939409449307394,0.0,STARLINK-31772,0,N/A,0,0.0,493.19730316010896,False,0.0,0.22939409449307394,0.22939409449307394,79999.80982755349,99.99976228444186,N/A,N/A,N/A,N/A
346,CPU_and_Data_Intensive,Completed,36.85188528546394,36.85323391199578,36.85323391199578,39.22920610847473,2.3759721964789478,2.377320823010785,2.377320823010784,0.0,STARLINK-31772,1,2,5,0.0013486265318371593,0.40285570355481365,False,23366.049411571872,0.0001873747458394482,23366.049598946618,56633.53083451237,70.79191354314047,N/A,36.85188528546394,39.426632455006455,2.574747169542512
545,CPU_and_Data_Intensive,Completed,55.439013716927214,55.62252839074622,55.62252839074622,58.4306964371386,2.8081680463923817,2.9916827202113874,2.9916827202113865,0.0,STARLINK-31772,1,2,5,0.18351467381900577,477.49413533133753,False,25434.298576488443,0.22209029550294768,25434.520666783945,31199.010167728244,38.998762709660305,N/A,55.439013716927214,58.53931456359182,3.1003008466646094
36000,Batch,Completed,0,0,0.0,0.0013826041941150218,0.0013826041941150218,0.0013826041941150218,0.0013826041941150218,0.0,STARLINK-1225,0,N/A,0,0.0,2.9725990173472967,False,0.0,0.0013826041941150218,0.0013826041941150218,80000,100.0,N/A,N/A,N/A,N/A
35000,Batch,Completed,0,0,0.0,0.0047958131217033795,0.0047958131217033795,0.0047958131217033795,0.0047958131217033795,0.0,STARLINK-1225,0,N/A,0,0.0,10.310998211662266,False,0.0,0.0047958131217033795,0.0047958131217033795,79999.9986173958,99.99999827174474,N/A,N/A,N/A,N/A
7,Generic_Service,Completed,1.91055132461558,1.9126260975594547,1.9126260975594547,2.1137004850951793,0.2010743875357246,0.20314916047959922,0.2031491604795992,0.0,STARLINK-1225,1,2,3,0.002074772943874616,0.06656546213296945,False,1957.9703334684314,3.0960680061846255e-05,1957.9703644291114,78042.02348811425,97.55252936014281,N/A,1.91055132461558,2.307790948165241,0.39723962354966114
39,Generic_Service,Completed,5.226455399572927,5.228524081401497,5.228524081401497,5.27326640135531,0.04474231995381306,0.046811001782383004,0.046811001782383066,0.0,STARLINK-1225,1,2,3,0.002068681828569942,0.05203995297403889,False,424.7108907983042,2.4204629290250647e-05,424.7109150029335,77617.31259731592,97.0216407466449,N/A,5.226455399572927,5.438221443842769,0.2117660442698419
45,CPU_and_Data_Intensive,Completed,5.598248056661426,5.600865346604779,5.600865346604779,7.138104576442865,1.537239229838086,1.5398565197814398,1.5398565197814396,0.0,STARLINK-1225,1,2,4,0.0026172899433538487,1.360308110341278,False,15112.65824248591,0.0006327014466703619,15112.658875187357,62504.65372212853,78.13081715266067,N/A,5.598248056661426,7.2585744798325775,1.6603264231711519
56,CPU_and_Data_Intensive,Completed,6.6539283887106615,6.656134304425729,6.656134304425729,8.352194208974447,1.6960599045487186,1.6982658202637857,1.698265820263786,0.0,STARLINK-1225,1,2,5,0.0022059157150671636,0.37930219897049816,False,16679.160899779155,0.0001764196274281387,16679.161076198783,45825.49264592922,57.28186580741153,N/A,6.6539283887106615,8.46441746619891,1.8104890774882483
212,CPU_Intensive,Completed,21.935400109601215,21.937482644337855,21.937482644337855,22.73946723341084,0.8019845890729833,0.8040671238096232,0.8040671238096238,0.0,STARLINK-1225,1,2,3,0.0020825347366398876,0.0850750430984062,False,7862.5202975940065,3.956978748763079e-05,7862.520337163794,37962.9723483351,47.45371543541887,N/A,21.935400109601215,22.88944546161074,0.9540453520095262
258,CPU_Intensive,Completed,27.22079264687005,27.222868090513288,27.222868090513288,27.306012875844665,0.08314478533137759,0.08522022897461827,0.08522022897461667,0.0,STARLINK-1225,1,2,3,0.002075443643240677,0.06816488182826404,False,797.6512127913504,3.1704596199192575e-05,797.6512444959466,37165.32113554371,46.45665141942963,N/A,27.22079264687005,27.428389670439927,0.2075970235698783
260,CPU_Intensive,Completed,27.302629208337304,27.304688795532915,27.304688795532915,27.539073285916874,0.2343844903839596,0.23644407757956895,0.23644407757956998,0.0,STARLINK-1225,1,2,3,0.0020595871956093667,0.03035194219798646,False,2296.248481255646,1.4117182417668121e-05,2296.248495372828,34869.072654288044,43.586340817860055,N/A,27.302629208337304,27.732351039872594,0.4297218315352893
277,Generic_Service,Completed,28.847478272107285,28.84954693381617,28.84954693381617,28.94788245137227,0.09833551755609804,0.1004041792649838,0.10040417926498435,0.0,STARLINK-1225,1,2,3,0.002068661708885748,0.05199197347563522,False,951.8187664657084,2.4182313244481497e-05,951.8187906480217,33917.25388782233,42.39656735977791,N/A,28.847478272107285,29.14864708129933,0.3011688091920455
286,Generic_Service,Completed,29.692950620660113,29.695002616004167,29.695002616004167,29.78135986012474,0.086357244120574,0.08840923946462889,0.08840923946462809,0.0,STARLINK-1225,1,2,3,0.0020519953440548896,0.012247620777050714,False,845.7221810653913,5.696567803279402e-06,845.722186761959,33071.53170675691,41.33941463344614,N/A,29.692950620660113,29.952608743672638,0.25965812301252456
291,CPU_and_Data_Intensive,Completed,30.835237997025157,30.84611464056048,30.84611464056048,31.785049482013655,0.9389348414531753,0.9498114849884983,0.9498114849884978,0.0,STARLINK-1225,1,2,4,0.01087664353532303,21.05642454322746,False,9138.183708356157,0.009793685834059285,9138.193502041991,23933.338204714917,29.916672755893646,N/A,30.835237997025157,31.962732367534283,1.127494370509126
338,CPU_Intensive,Completed,36.040361589580776,36.04241732989074,36.04241732989074,36.22259231890593,0.18017498901519247,0.18223072932515824,0.1822307293251555,0.0,STARLINK-1225,1,2,3,0.002055740309965762,0.021178257272557163,False,1765.796390700524,9.85035221979403e-06,1765.7964005508761,22167.541814006207,27.709427267507756,N/A,36.040361589580776,36.40222007198524,0.3618584824044646
353,CPU_Intensive,Completed,37.590509735709205,37.59257918538809,37.59257918538809,37.627626022126535,0.03504683673844511,0.03711628641733225,0.03711628641733,0.0,STARLINK-1225,1,2,3,0.0020694496788871406,0.053871048965046256,False,328.81543704355647,2.5056301844207563e-05,328.81546209985834,21838.726376962644,27.298407971203304,N/A,37.590509735709205,37.813268551581245,0.22275881587204083
354,Generic_Service,Completed,37.7467137420821,37.74879605710373,37.74879605710373,37.83601188468051,0.08721582757677737,0.08929814259841216,0.08929814259840896,0.0,STARLINK-1225,1,2,3,0.0020823150216347916,0.08455108777015491,False,832.8620300122038,3.932608733495577e-05,832.8620693382911,21005.864346950417,26.25733043368802,N/A,37.7467137420821,38.01921224742177,0.27249850533966935
357,CPU_Intensive,Completed,37.891345932820236,37.893422110911246,37.893422110911246,37.984859319356815,0.09143720844556924,0.09351338653658162,0.09351338653657848,0.0,STARLINK-1225,1,2,3,0.0020761780910123788,0.06991632262374875,False,878.6918457367378,3.251921982499942e-05,878.6918782559577,20127.17250121365,25.15896562651706,N/A,37.891345932820236,38.12125910694005,0.22991317411981527
359,CPU_Intensive,Completed,38.38587947101094,38.38793797603469,38.38793797603469,39.85637680035381,1.468438824319115,1.4704973293428723,1.4704973293428694,0.0,STARLINK-1225,1,2,3,0.0020585050237571993,0.02777128227547007,False,14434.040094779612,1.2916875476962824e-05,14434.040107696486,5693.1324064340115,7.116415508042515,N/A,38.38587947101094,40.030046638163235,1.6441671671522968
463,Generic_Service,Completed,47.4097548090375,47.41181336252181,47.41181336252181,47.47047328353921,0.05865992101739437,0.060718474501707066,0.06071847450170509,0.0,STARLINK-1225,1,2,3,0.0020585534843126966,0.02788684637293206,False,568.7084742420586,1.29706262199684e-05,568.7084872126849,5124.423932191943,6.405529915239929,N/A,47.4097548090375,47.60092712186503,0.19117231282752556
466,CPU_and_Data_Intensive,Completed,47.649970264052875,47.66156349867701,47.66156349867701,48.06078762593986,0.3992241272628476,0.41081736188698637,0.41081736188698414,0.0,STARLINK-1225,1,2,4,0.011593234624138776,22.76528242937089,False,3822.2650072975152,0.010588503455521345,3822.2755958009707,1302.1483363909615,1.6276854204887017,N/A,47.649970264052875,48.20659757340263,0.5566273093497571
604,Generic_Service,Completed,60.99880479302783,61.00085870604469,61.00085870604469,61.046904214595386,0.04604550855069789,0.04809942156755714,0.04809942156755653,0.0,STARLINK-1225,1,2,3,0.0020539130168592467,0.016820703454068178,False,447.9053016270415,7.823583001892176e-06,447.90530945062454,854.2430347545499,1.0678037934431874,N/A,60.99880479302783,61.149191375445696,0.15038658241786607
630,Generic_Service,Completed,63.533913049818615,63.53596745673917,63.53596745673917,63.585248681710944,0.049281224971771564,0.051335631892327746,0.05133563189232859,0.0,STARLINK-1225,1,2,3,0.0020544069205561816,0.017998517748266565,False,479.3818069018244,8.371403603844913e-06,479.381815273228,374.86122785272,0.46857653481589995,N/A,63.533913049818615,63.755744066007125,0.22183101618850998
850,Generic_Service,Completed,85.97149347907731,85.97356544200576,85.97356544200576,86.00351471102199,0.029949269016228186,0.0320212319446863,0.03202123194468243,0.0,STARLINK-1225,1,2,3,0.002071962928458109,0.059864406147723155,False,276.9144597837715,2.7843909836150306e-05,276.91448762768135,97.9467680689429,0.12243346008617861,N/A,85.97149347907731,86.17791182094955,0.2064183418722365
595,CPU_Intensive,Rejected,60.02933303856757,N/A,N/A,N/A,0.5538735207504716,0.0,0.0,0.0,STARLINK-1225,0,N/A,N/A,0.0,0.03956036946064654,False,0.0,0.0,0.0,97.9467680689222,0.12243346008615275,Insufficient Energy for CPU,N/A,N/A,N/A
597,CPU_Intensive,Rejected,60.259670066134824,N/A,N/A,N/A,1.8507083293635513,0.0,0.0,0.0,STARLINK-1225,0,N/A,N/A,0.0,0.05746003739229062,False,0.0,0.0,0.0,97.9467680689222,0.12243346008615275,Insufficient Energy for CPU,N/A,N/A,N/A
599,CPU_and_Data_Intensive,Rejected,60.45833318278139,N/A,N/A,N/A,0.8574938169770039,0.0,0.0,0.0,STARLINK-1225,0,N/A,N/A,0.0,2.275984681407177,False,0.0,0.0,0.0,97.9467680689222,0.12243346008615275,Insufficient Energy for CPU+NET,N/A,N/A,N/A
600,CPU_and_Data_Intensive,Rejected,60.8369779736249,N/A,N/A,N/A,0.3876666689726338,0.0,0.0,0.0,STARLINK-1225,0,N/A,N/A,0.0,2.00277517267842,False,0.0,0.0,0.0,97.9467680689222,0.12243346008615275,Insufficient Energy for CPU+NET,N/A,N/A,N/A
601,CPU_Intensive,Rejected,60.84949991809841,N/A,N/A,N/A,0.2464660428656748,0.0,0.0,0.0,STARLINK-1225,0,N/A,N/A,0.0,0.054825114443092834,False,0.0,0.0,0.0,97.9467680689222,0.12243346008615275,Insufficient Energy for CPU,N/A,N/A,N/A
603,CPU_Intensive,Rejected,60.912004749019545,N/A,N/A,N/A,0.2284067817553091,0.0,0.0,0.0,STARLINK-1225,0,N/A,N/A,0.0,0.02016191771702127,False,0.0,0.0,0.0,97.9467680689222,0.12243346008615275,Insufficient Energy for CPU,N/A,N/A,N/A
606,CPU_Intensive,Rejected,61.32440742210004,N/A,N/A,N/A,0.24282349370774897,0.0,0.0,0.0,STARLINK-1225,0,N/A,N/A,0.0,0.08101333019979394,False,0.0,0.0,0.0,97.9467680689222,0.12243346008615275,Insufficient Energy for CPU,N/A,N/A,N/A
607,CPU_Intensive,Rejected,61.62568073083239,N/A,N/A,N/A,0.10880658025409483,0.0,0.0,0.0,STARLINK-1225,0,N/A,N/A,0.0,0.05072446497828708,False,0.0,0.0,0.0,97.9467680689222,0.12243346008615275,Insufficient Energy for CPU,N/A,N/A,N/A
609,CPU_Intensive,Rejected,61.70157669109821,N/A,N/A,N/A,0.9653856308861906,0.0,0.0,0.0,STARLINK-1225,0,N/A,N/A,0.0,0.020765762509889596,False,0.0,0.0,0.0,97.9467680689222,0.12243346008615275,Insufficient Energy for CPU,N/A,N/A,N/A
610,CPU_and_Data_Intensive,Rejected,61.726794389864615,N/A,N/A,N/A,0.4842691824330414,0.0,0.0,0.0,STARLINK-1225,0,N/A,N/A,0.0,18.90943459714587,False,0.0,0.0,0.0,97.9467680689222,0.12243346008615275,Insufficient Energy for CPU+NET,N/A,N/A,N/A
613,CPU_Intensive,Rejected,62.03650818951246,N/A,N/A,N/A,0.320343581969963,0.0,0.0,0.0,STARLINK-1225,0,N/A,N/A,0.0,0.020268454859511544,False,0.0,0.0,0.0,97.9467680689222,0.12243346008615275,Insufficient Energy for CPU,N/A,N/A,N/A
614,CPU_and_Data_Intensive,Rejected,62.06105362302434,N/A,N/A,N/A,0.47663632416267687,0.0,0.0,0.0,STARLINK-1225,0,N/A,N/A,0.0,8.873706838399388,False,0.0,0.0,0.0,97.9467680689222,0.12243346008615275,Insufficient Energy for CPU+NET,N/A,N/A,N/A
617,CPU_and_Data_Intensive,Rejected,62.285928496789126,N/A,N/A,N/A,0.21656119446684888,0.0,0.0,0.0,STARLINK-1225,0,N/A,N/A,0.0,1.4142337803420824,False,0.0,0.0,0.0,97.9467680689222,0.12243346008615275,Insufficient Energy for CPU+NET,N/A,N/A,N/A
619,CPU_and_Data_Intensive,Rejected,62.44631631030114,N/A,N/A,N/A,0.9619341803490359,0.0,0.0,0.0,STARLINK-1225,0,N/A,N/A,0.0,17.152388746824553,False,0.0,0.0,0.0,97.9467680689222,0.12243346008615275,Insufficient Energy for CPU+NET,N/A,N/A,N/A
620,CPU_Intensive,Rejected,62.73157160981547,N/A,N/A,N/A,0.13703960533277956,0.0,0.0,0.0,STARLINK-1225,0,N/A,N/A,0.0,0.03723044609149373,False,0.0,0.0,0.0,97.9467680689222,0.12243346008615275,Insufficient Energy for CPU,N/A,N/A,N/A
624,CPU_and_Data_Intensive,Rejected,62.99253070357961,N/A,N/A,N/A,0.5087815771345527,0.0,0.0,0.0,STARLINK-1225,0,N/A,N/A,0.0,7.879839909779666,False,0.0,0.0,0.0,97.9467680689222,0.12243346008615275,Insufficient Energy for CPU+NET,N/A,N/A,N/A
626,CPU_and_Data_Intensive,Rejected,63.16261443635495,N/A,N/A,N/A,0.7288860892464203,0.0,0.0,0.0,STARLINK-1225,0,N/A,N/A,0.0,13.290280233133608,False,0.0,0.0,0.0,97.9467680689222,0.12243346008615275,Insufficient Energy for CPU+NET,N/A,N/A,N/A
627,CPU_Intensive,Rejected,63.33219370218716,N/A,N/A,N/A,0.459581620046045,0.0,0.0,0.0,STARLINK-1225,0,N/A,N/A,0.0,0.05503615385353471,False,0.0,0.0,0.0,97.9467680689222,0.12243346008615275,Insufficient Energy for CPU,N/A,N/A,N/A
628,CPU_and_Data_Intensive,Rejected,63.447616284068246,N/A,N/A,N/A,0.4392130430480768,0.0,0.0,0.0,STARLINK-1225,0,N/A,N/A,0.0,2.0157974857381538,False,0.0,0.0,0.0,97.9467680689222,0.12243346008615275,Insufficient Energy for CPU+NET,N/A,N/A,N/A
629,CPU_and_Data_Intensive,Rejected,63.46448056488358,N/A,N/A,N/A,0.25920320209827047,0.0,0.0,0.0,STARLINK-1225,0,N/A,N/A,0.0,15.126970995981122,False,0.0,0.0,0.0,97.9467680689222,0.12243346008615275,Insufficient Energy for CPU+NET,N/A,N/A,N/A
631,CPU_Intensive,Rejected,63.57111261689425,N/A,N/A,N/A,0.7539454344027333,0.0,0.0,0.0,STARLINK-1225,0,N/A,N/A,0.0,0.06893516338632122,False,0.0,0.0,0.0,97.9467680689222,0.12243346008615275,Insufficient Energy for CPU,N/A,N/A,N/A
764,CPU_Intensive,Rejected,76.4209772715575,N/A,N/A,N/A,0.729466954656138,0.0,0.0,0.0,STARLINK-1225,0,N/A,N/A,0.0,0.05807913000883066,False,0.0,0.0,0.0,97.9467680689222,0.12243346008615275,Insufficient Energy for CPU,N/A,N/A,N/A
765,Generic_Service,Rejected,76.50566157484701,N/A,N/A,N/A,0.10786329616447038,0.0,0.0,0.0,STARLINK-1225,0,N/A,N/A,0.0,0.0523354299702917,False,0.0,0.0,0.0,97.9467680689222,0.12243346008615275,Insufficient Energy for CPU,N/A,N/A,N/A
766,CPU_Intensive,Rejected,76.58308644278823,N/A,N/A,N/A,0.36713708029512054,0.0,0.0,0.0,STARLINK-1225,0,N/A,N/A,0.0,0.022653736125686372,False,0.0,0.0,0.0,97.9467680689222,0.12243346008615275,Insufficient Energy for CPU,N/A,N/A,N/A
768,CPU_and_Data_Intensive,Rejected,76.84536730165335,N/A,N/A,N/A,0.0472012528323051,0.0,0.0,0.0,STARLINK-1225,0,N/A,N/A,0.0,1.5987964308197704,False,0.0,0.0,0.0,97.9467680689222,0.12243346008615275,Insufficient Energy for CPU+NET,N/A,N/A,N/A
769,CPU_Intensive,Rejected,76.87758852694574,N/A,N/A,N/A,0.17488129601391086,0.0,0.0,0.0,STARLINK-1225,0,N/A,N/A,0.0,0.08534008239637683,False,0.0,0.0,0.0,97.9467680689222,0.12243346008615275,Insufficient Energy for CPU,N/A,N/A,N/A
770,CPU_and_Data_Intensive,Rejected,77.02407684463734,N/A,N/A,N/A,0.33789012350459935,0.0,0.0,0.0,STARLINK-1225,0,N/A,N/A,0.0,15.18149915044539,False,0.0,0.0,0.0,97.9467680689222,0.12243346008615275,Insufficient Energy for CPU+NET,N/A,N/A,N/A
773,CPU_and_Data_Intensive,Rejected,77.40470053839312,N/A,N/A,N/A,0.06285520915651344,0.0,0.0,0.0,STARLINK-1225,0,N/A,N/A,0.0,1.521990398859177,False,0.0,0.0,0.0,97.9467680689222,0.12243346008615275,Insufficient Energy for CPU+NET,N/A,N/A,N/A
776,Generic_Service,Rejected,77.76351738342264,N/A,N/A,N/A,0.06236963169780736,0.0,0.0,0.0,STARLINK-1225,0,N/A,N/A,0.0,0.049260906731561686,False,0.0,0.0,0.0,97.9467680689222,0.12243346008615275,Insufficient Energy for CPU,N/A,N/A,N/A
777,CPU_Intensive,Rejected,78.1192820706126,N/A,N/A,N/A,0.11913908691651055,0.0,0.0,0.0,STARLINK-1225,0,N/A,N/A,0.0,0.015084767451661487,False,0.0,0.0,0.0,97.9467680689222,0.12243346008615275,Insufficient Energy for CPU,N/A,N/A,N/A
778,Generic_Service,Rejected,78.19355777373238,N/A,N/A,N/A,0.04000377249370131,0.0,0.0,0.0,STARLINK-1225,0,N/A,N/A,0.0,0.012457072682255715,False,0.0,0.0,0.0,97.9467680689222,0.12243346008615275,Insufficient Energy for CPU,N/A,N/A,N/A
782,CPU_and_Data_Intensive,Rejected,78.87086493863019,N/A,N/A,N/A,0.8119978562225769,0.0,0.0,0.0,STARLINK-1225,0,N/A,N/A,0.0,1.412979382767962,False,0.0,0.0,0.0,97.9467680689222,0.12243346008615275,Insufficient Energy for CPU+NET,N/A,N/A,N/A
783,CPU_Intensive,Rejected,79.00554569221275,N/A,N/A,N/A,0.05379729570286387,0.0,0.0,0.0,STARLINK-1225,0,N/A,N/A,0.0,0.04997891439888846,False,0.0,0.0,0.0,97.9467680689222,0.12243346008615275,Insufficient Energy for CPU,N/A,N/A,N/A
784,Generic_Service,Rejected,79.18815016187708,N/A,N/A,N/A,0.08893277065948142,0.0,0.0,0.0,STARLINK-1225,0,N/A,N/A,0.0,0.07868017252158407,False,0.0,0.0,0.0,97.9467680689222,0.12243346008615275,Insufficient Energy for CPU,N/A,N/A,N/A
785,CPU_and_Data_Intensive,Rejected,79.22052125432698,N/A,N/A,N/A,0.1799078706489479,0.0,0.0,0.0,STARLINK-1225,0,N/A,N/A,0.0,6.826260014962725,False,0.0,0.0,0.0,97.9467680689222,0.12243346008615275,Insufficient Energy for CPU+NET,N/A,N/A,N/A
787,CPU_and_Data_Intensive,Rejected,79.39946058159583,N/A,N/A,N/A,0.16212588662301447,0.0,0.0,0.0,STARLINK-1225,0,N/A,N/A,0.0,0.9569076325565578,False,0.0,0.0,0.0,97.9467680689222,0.12243346008615275,Insufficient Energy for CPU+NET,N/A,N/A,N/A
788,CPU_Intensive,Rejected,79.61836423970868,N/A,N/A,N/A,0.12288677468271104,0.0,0.0,0.0,STARLINK-1225,0,N/A,N/A,0.0,0.01742870325821794,False,0.0,0.0,0.0,97.9467680689222,0.12243346008615275,Insufficient Energy for CPU,N/A,N/A,N/A
789,CPU_and_Data_Intensive,Rejected,79.72079712716453,N/A,N/A,N/A,0.3478129497683138,0.0,0.0,0.0,STARLINK-1225,0,N/A,N/A,0.0,15.201458691976736,False,0.0,0.0,0.0,97.9467680689222,0.12243346008615275,Insufficient Energy for CPU+NET,N/A,N/A,N/A
790,CPU_and_Data_Intensive,Rejected,79.75767792553128,N/A,N/A,N/A,0.295253710359076,0.0,0.0,0.0,STARLINK-1225,0,N/A,N/A,0.0,1.6243331020737377,False,0.0,0.0,0.0,97.9467680689222,0.12243346008615275,Insufficient Energy for CPU+NET,N/A,N/A,N/A
793,Generic_Service,Rejected,79.79716767342705,N/A,N/A,N/A,0.1023707868973532,0.0,0.0,0.0,STARLINK-1225,0,N/A,N/A,0.0,0.023180382631128642,False,0.0,0.0,0.0,97.9467680689222,0.12243346008615275,Insufficient Energy for CPU,N/A,N/A,N/A
795,Generic_Service,Rejected,79.95787868012857,N/A,N/A,N/A,0.08755153048805822,0.0,0.0,0.0,STARLINK-1225,0,N/A,N/A,0.0,0.06916153930112434,False,0.0,0.0,0.0,97.9467680689222,0.12243346008615275,Insufficient Energy for CPU,N/A,N/A,N/A
796,CPU_Intensive,Rejected,80.00048257438833,N/A,N/A,N/A,0.7538665370816655,0.0,0.0,0.0,STARLINK-1225,0,N/A,N/A,0.0,0.053507189377124564,False,0.0,0.0,0.0,97.9467680689222,0.12243346008615275,Insufficient Energy for CPU,N/A,N/A,N/A
798,CPU_Intensive,Rejected,80.01963032434715,N/A,N/A,N/A,0.06635804772828759,0.0,0.0,0.0,STARLINK-1225,0,N/A,N/A,0.0,0.029106693741449523,False,0.0,0.0,0.0,97.9467680689222,0.12243346008615275,Insufficient Energy for CPU,N/A,N/A,N/A
799,Generic_Service,Rejected,80.29542965521395,N/A,N/A,N/A,0.08684453587152338,0.0,0.0,0.0,STARLINK-1225,0,N/A,N/A,0.0,0.044068766686869314,False,0.0,0.0,0.0,97.9467680689222,0.12243346008615275,Insufficient Energy for CPU,N/A,N/A,N/A
800,CPU_Intensive,Rejected,80.508165712474,N/A,N/A,N/A,0.31623308730584393,0.0,0.0,0.0,STARLINK-1225,0,N/A,N/A,0.0,0.04883275444172101,False,0.0,0.0,0.0,97.9467680689222,0.12243346008615275,Insufficient Energy for CPU,N/A,N/A,N/A
801,CPU_and_Data_Intensive,Rejected,80.76723739705749,N/A,N/A,N/A,0.7331752135684741,0.0,0.0,0.0,STARLINK-1225,0,N/A,N/A,0.0,3.2632397494938052,False,0.0,0.0,0.0,97.9467680689222,0.12243346008615275,Insufficient Energy for CPU+NET,N/A,N/A,N/A
803,CPU_Intensive,Rejected,80.96763758252742,N/A,N/A,N/A,0.1256363811136726,0.0,0.0,0.0,STARLINK-1225,0,N/A,N/A,0.0,0.029259496163136833,False,0.0,0.0,0.0,97.9467680689222,0.12243346008615275,Insufficient Energy for CPU,N/A,N/A,N/A
804,CPU_and_Data_Intensive,Rejected,81.1819907714586,N/A,N/A,N/A,0.3317724018158916,0.0,0.0,0.0,STARLINK-1225,0,N/A,N/A,0.0,1.7271470886483542,False,0.0,0.0,0.0,97.9467680689222,0.12243346008615275,Insufficient Energy for CPU+NET,N/A,N/A,N/A
805,Generic_Service,Rejected,81.33578161637057,N/A,N/A,N/A,0.28738686156280185,0.0,0.0,0.0,STARLINK-1225,0,N/A,N/A,0.0,0.013718052838653768,False,0.0,0.0,0.0,97.9467680689222,0.12243346008615275,Insufficient Energy for CPU,N/A,N/A,N/A
806,CPU_Intensive,Rejected,81.4686716214853,N/A,N/A,N/A,0.11162511457016457,0.0,0.0,0.0,STARLINK-1225,0,N/A,N/A,0.0,0.018944096473137086,False,0.0,0.0,0.0,97.9467680689222,0.12243346008615275,Insufficient Energy for CPU,N/A,N/A,N/A
807,CPU_Intensive,Rejected,81.51768096337186,N/A,N/A,N/A,0.17722022535763415,0.0,0.0,0.0,STARLINK-1225,0,N/A,N/A,0.0,0.08362958452894896,False,0.0,0.0,0.0,97.9467680689222,0.12243346008615275,Insufficient Energy for CPU,N/A,N/A,N/A
811,Generic_Service,Rejected,81.72673366550485,N/A,N/A,N/A,0.07561315869851287,0.0,0.0,0.0,STARLINK-1225,0,N/A,N/A,0.0,0.08737804439195328,False,0.0,0.0,0.0,97.9467680689222,0.12243346008615275,Insufficient Energy for CPU,N/A,N/A,N/A
812,CPU_and_Data_Intensive,Rejected,81.7436665177632,N/A,N/A,N/A,0.7865941021447994,0.0,0.0,0.0,STARLINK-1225,0,N/A,N/A,0.0,3.565752272521571,False,0.0,0.0,0.0,97.9467680689222,0.12243346008615275,Insufficient Energy for CPU+NET,N/A,N/A,N/A
815,CPU_and_Data_Intensive,Rejected,82.12088504429754,N/A,N/A,N/A,0.1957144216682622,0.0,0.0,0.0,STARLINK-1225,0,N/A,N/A,0.0,0.5926992816241065,False,0.0,0.0,0.0,97.9467680689222,0.12243346008615275,Insufficient Energy for CPU+NET,N/A,N/A,N/A
816,CPU_Intensive,Rejected,82.23872649359387,N/A,N/A,N/A,0.2686679641953628,0.0,0.0,0.0,STARLINK-1225,0,N/A,N/A,0.0,0.07066930298623393,False,0.0,0.0,0.0,97.9467680689222,0.12243346008615275,Insufficient Energy for CPU,N/A,N/A,N/A
817,Generic_Service,Rejected,82.47929441297187,N/A,N/A,N/A,0.23150810873232858,0.0,0.0,0.0,STARLINK-1225,0,N/A,N/A,0.0,0.07404536247249123,False,0.0,0.0,0.0,97.9467680689222,0.12243346008615275,Insufficient Energy for CPU,N/A,N/A,N/A
818,CPU_and_Data_Intensive,Rejected,82.70159123447833,N/A,N/A,N/A,0.16775423092972513,0.0,0.0,0.0,STARLINK-1225,0,N/A,N/A,0.0,19.060612918265303,False,0.0,0.0,0.0,97.9467680689222,0.12243346008615275,Insufficient Energy for CPU+NET,N/A,N/A,N/A
821,CPU_Intensive,Rejected,82.75650432521063,N/A,N/A,N/A,0.47251586574957755,0.0,0.0,0.0,STARLINK-1225,0,N/A,N/A,0.0,0.03474813503016713,False,0.0,0.0,0.0,97.9467680689222,0.12243346008615275,Insufficient Energy for CPU,N/A,N/A,N/A
822,Generic_Service,Rejected,83.14968840313489,N/A,N/A,N/A,0.14296679466097734,0.0,0.0,0.0,STARLINK-1225,0,N/A,N/A,0.0,0.01987395064654593,False,0.0,0.0,0.0,97.9467680689222,0.12243346008615275,Insufficient Energy for CPU,N/A,N/A,N/A
823,CPU_and_Data_Intensive,Rejected,83.17329984578727,N/A,N/A,N/A,0.4130840399255435,0.0,0.0,0.0,STARLINK-1225,0,N/A,N/A,0.0,1.6650829846968094,False,0.0,0.0,0.0,97.9467680689222,0.12243346008615275,Insufficient Energy for CPU+NET,N/A,N/A,N/A
825,CPU_Intensive,Rejected,83.3453183353085,N/A,N/A,N/A,0.18664914185535236,0.0,0.0,0.0,STARLINK-1225,0,N/A,N/A,0.0,0.059908931264263714,False,0.0,0.0,0.0,97.9467680689222,0.12243346008615275,Insufficient Energy for CPU,N/A,N/A,N/A
826,CPU_Intensive,Rejected,83.49275767553014,N/A,N/A,N/A,0.17178312064574242,0.0,0.0,0.0,STARLINK-1225,0,N/A,N/A,0.0,0.01026521594239048,False,0.0,0.0,0.0,97.9467680689222,0.12243346008615275,Insufficient Energy for CPU,N/A,N/A,N/A
827,CPU_and_Data_Intensive,Rejected,83.57037963016421,N/A,N/A,N/A,0.13488032152462787,0.0,0.0,0.0,STARLINK-1225,0,N/A,N/A,0.0,19.071387865611054,False,0.0,0.0,0.0,97.9467680689222,0.12243346008615275,Insufficient Energy for CPU+NET,N/A,N/A,N/A
829,Generic_Service,Rejected,83.66405432774769,N/A,N/A,N/A,0.12434426160919593,0.0,0.0,0.0,STARLINK-1225,0,N/A,N/A,0.0,0.07828005849324854,False,0.0,0.0,0.0,97.9467680689222,0.12243346008615275,Insufficient Energy for CPU,N/A,N/A,N/A
830,Generic_Service,Rejected,83.70515095992751,N/A,N/A,N/A,0.09386129680345798,0.0,0.0,0.0,STARLINK-1225,0,N/A,N/A,0.0,0.018369378556726268,False,0.0,0.0,0.0,97.9467680689222,0.12243346008615275,Insufficient Energy for CPU,N/A,N/A,N/A
831,CPU_Intensive,Rejected,83.7493539995858,N/A,N/A,N/A,0.07823283090721271,0.0,0.0,0.0,STARLINK-1225,0,N/A,N/A,0.0,0.07723236348792381,False,0.0,0.0,0.0,97.9467680689222,0.12243346008615275,Insufficient Energy for CPU,N/A,N/A,N/A
833,CPU_Intensive,Rejected,83.78731914053314,N/A,N/A,N/A,0.18688367983768497,0.0,0.0,0.0,STARLINK-1225,0,N/A,N/A,0.0,0.05492202048606465,False,0.0,0.0,0.0,97.9467680689222,0.12243346008615275,Insufficient Energy for CPU,N/A,N/A,N/A
834,CPU_and_Data_Intensive,Rejected,83.80121249595908,N/A,N/A,N/A,0.6359594068081276,0.0,0.0,0.0,STARLINK-1225,0,N/A,N/A,0.0,0.5147418560166163,False,0.0,0.0,0.0,97.9467680689222,0.12243346008615275,Insufficient Energy for CPU+NET,N/A,N/A,N/A
835,CPU_Intensive,Rejected,83.84580141560484,N/A,N/A,N/A,0.22106065361923596,0.0,0.0,0.0,STARLINK-1225,0,N/A,N/A,0.0,0.051004099507650176,False,0.0,0.0,0.0,97.9467680689222,0.12243346008615275,Insufficient Energy for CPU,N/A,N/A,N/A
839,CPU_Intensive,Rejected,84.71433173906988,N/A,N/A,N/A,0.09454480851616197,0.0,0.0,0.0,STARLINK-1225,0,N/A,N/A,0.0,0.06392373500600981,False,0.0,0.0,0.0,97.9467680689222,0.12243346008615275,Insufficient Energy for CPU,N/A,N/A,N/A
841,CPU_Intensive,Rejected,84.73583587538535,N/A,N/A,N/A,0.4035209046151433,0.0,0.0,0.0,STARLINK-1225,0,N/A,N/A,0.0,0.03297347127684187,False,0.0,0.0,0.0,97.9467680689222,0.12243346008615275,Insufficient Energy for CPU,N/A,N/A,N/A
842,Generic_Service,Rejected,84.75692776170114,N/A,N/A,N/A,0.1013747506359924,0.0,0.0,0.0,STARLINK-1225,0,N/A,N/A,0.0,0.059200437028820795,False,0.0,0.0,0.0,97.9467680689222,0.12243346008615275,Insufficient Energy for CPU,N/A,N/A,N/A
845,CPU_Intensive,Rejected,85.10687781640519,N/A,N/A,N/A,0.48613345655388873,0.0,0.0,0.0,STARLINK-1225,0,N/A,N/A,0.0,0.05469350166013831,False,0.0,0.0,0.0,97.9467680689222,0.12243346008615275,Insufficient Energy for CPU,N/A,N/A,N/A
847,CPU_Intensive,Rejected,85.4693110159309,N/A,N/A,N/A,0.05873945192258513,0.0,0.0,0.0,STARLINK-1225,0,N/A,N/A,0.0,0.031306124681185245,False,0.0,0.0,0.0,97.9467680689222,0.12243346008615275,Insufficient Energy for CPU,N/A,N/A,N/A
37000,Batch,Completed,0,0,0.0,0.003988973945744674,0.003988973945744674,0.003988973945744674,0.003988973945744674,0.0,STARLINK-5585,0,N/A,0,0.0,8.57629398335105,False,0.0,0.003988973945744674,0.003988973945744674,80000,100.0,N/A,N/A,N/A,N/A
38000,Batch,Completed,0,0,0.0,0.008661281454999453,0.008661281454999453,0.008661281454999453,0.008661281454999453,0.0,STARLINK-5585,0,N/A,0,0.0,18.621755128248825,False,0.0,0.008661281454999453,0.008661281454999453,79999.99601102606,99.99999501378257,N/A,N/A,N/A,N/A
10,CPU_and_Data_Intensive,Completed,2.2107223710363253,2.216340450442196,2.216340450442196,2.541110015527869,0.3247695650856728,0.3303876444915437,0.3303876444915437,0.0,STARLINK-5585,1,2,4,0.005618079405870875,12.018821577844932,False,3139.157185384264,0.005590149571090666,3139.162775533835,76860.82457421078,96.07603071776349,N/A,2.2107223710363253,2.7089731276028486,0.4982507565665233
47,Generic_Service,Completed,5.7796138989268675,5.780522841196878,5.780522841196878,5.794154846626309,0.013632005429431437,0.014540947699441862,0.014540947699441809,0.0,STARLINK-5585,1,2,3,0.0009089422700104246,0.05395510043065088,False,118.17395110377987,2.5095395549139944e-05,118.17397619917541,76742.65062310219,95.92831327887774,N/A,5.7796138989268675,5.941858085635139,0.16224418670827134
50,Generic_Service,Completed,6.021343538057069,6.022260439556153,6.022260439556153,6.05753898309601,0.0352785435398566,0.03619544503894069,0.03619544503894101,0.0,STARLINK-5585,1,2,3,0.000916901499084093,0.07417772516680526,False,325.11088160581454,3.450126751944431e-05,325.11091610708206,76417.53974149637,95.52192467687047,N/A,6.021343538057069,6.243040253584439,0.22169671552737036
53,CPU_Intensive,Completed,6.369689139387166,6.370585473614212,6.370585473614212,6.489438891290687,0.11885341767647528,0.1197497519035216,0.11974975190352133,0.0,STARLINK-5585,1,2,3,0.0008963342270463316,0.021920877120797898,False,1162.4746127501837,1.0195756800371115e-05,1162.4746229459406,75255.06512874615,94.06883141093269,N/A,6.369689139387166,6.6509458308786344,0.2812566914914685
57,Generic_Service,Completed,6.6722174091425375,6.673119041095686,6.673119041095686,6.685079992667148,0.01196095157146182,0.012862583524610411,0.012862583524610116,0.0,STARLINK-5585,1,2,3,0.0009016319531485906,0.035381216800597755,False,107.2118320487663,1.645637990725477e-05,107.21184850514621,75147.85329669739,93.93481662087173,N/A,6.6722174091425375,6.956527613322085,0.28431020417954755
59,CPU_Intensive,Completed,7.332815769496982,7.333733594993367,7.333733594993367,7.548062403172602,0.21432880817923472,0.21524663367561994,0.21524663367562002,0.0,STARLINK-5585,1,2,3,0.000917825496385232,0.07652539609136412,False,2085.3939890929714,3.5593207484355404e-05,2085.394024686179,73062.4593076044,91.3280741345055,N/A,7.332815769496982,7.659756648220757,0.3269408787237751
69,Generic_Service,Completed,8.49161915596428,8.49253811686617,8.49253811686617,8.528205362440787,0.03566724557461676,0.036586206476507024,0.03658620647650679,0.0,STARLINK-5585,1,2,3,0.0009189609018902665,0.07941020807995726,False,327.39203586166207,3.69349805023057e-05,327.3920727966426,72735.06727174271,90.91883408967838,N/A,8.49161915596428,8.76881190955622,0.2771927535919403
72,Generic_Service,Completed,8.967627984344293,8.968533016244384,8.968533016244384,8.982647722732457,0.01411470648807267,0.015019738388162753,0.015019738388163617,0.0,STARLINK-5585,1,2,3,0.0009050319000900822,0.04401972317907166,False,125.84884105355479,2.0474289850731003e-05,125.84886152784465,72609.21843068913,90.76152303836142,N/A,8.967627984344293,9.173245467558598,0.2056174832143043
74,CPU_and_Data_Intensive,Completed,9.15484996077245,9.156564179831832,9.156564179831832,9.575765325012908,0.4192011451810753,0.4209153642404567,0.4209153642404573,0.0,STARLINK-5585,1,2,4,0.0017142190593814055,2.0999837006200877,False,4113.273267225709,0.0009767366049395756,4113.274243962313,68495.9441867268,85.6199302334085,N/A,9.15484996077245,9.8765553385495,0.7217053777770488
95,CPU_Intensive,Completed,11.26539704924109,11.266312458590743,11.266312458590743,11.424129124215364,0.1578166656246207,0.15873207497427372,0.15873207497427444,0.0,STARLINK-5585,1,2,3,0.0009154093496530006,0.07038650648017705,False,1531.401013243821,3.2737909990780024e-05,1531.401045981731,66964.54317348204,83.70567896685256,N/A,11.26539704924109,11.697735830201713,0.43233878096062384
109,CPU_Intensive,Completed,12.510647630139722,12.511569378128968,12.511569378128968,12.655463983483994,0.14389460535502607,0.14481635334427126,0.14481635334427168,0.0,STARLINK-5585,1,2,3,0.0009217479892451986,0.08649157502693158,False,1389.7309472517193,4.022863954741004e-05,1389.7309874803589,65574.8122262303,81.96851528278786,N/A,12.510647630139722,12.807185593175406,0.2965379630356839
111,Generic_Service,Completed,12.69559103937974,12.696510660380703,12.696510660380703,12.714515119115136,0.018004458734433015,0.018924079735394995,0.01892407973539534,0.0,STARLINK-5585,1,2,3,0.000919621000961981,0.08108737250033154,False,153.18281748098414,3.771505697689839e-05,153.18285519604112,65421.62940874928,81.7770367609366,N/A,12.69559103937974,12.908367761160203,0.2127767217804628
118,CPU_and_Data_Intensive,Completed,14.093901544275417,14.10392716555664,14.10392716555664,14.421361935503041,0.3174347699464022,0.32746039122762555,0.3274603912276248,0.0,STARLINK-5585,1,2,4,0.010025621281223349,23.21740180831186,False,3015.791395456517,0.010798791538749701,3015.802194248056,62405.827214501194,78.00728401812648,N/A,14.093901544275417,14.622277654707288,0.5283761104318714
138,CPU_Intensive,Completed,16.09966518655365,16.100571317069765,16.100571317069765,16.19971554739333,0.09914423032356368,0.10005036083967642,0.10005036083967767,0.0,STARLINK-5585,1,2,3,0.0009061305161127441,0.04681106130362961,False,961.2990950138734,2.177258665285098e-05,961.2991167864601,61444.52811947886,76.80566014934857,N/A,16.09966518655365,16.32853972053921,0.2288745339855609
140,CPU_and_Data_Intensive,Completed,16.622834655726063,16.626673217483006,16.626673217483006,16.869558728431343,0.2428855109483372,0.2467240727052804,0.2467240727052804,0.0,STARLINK-5585,1,2,5,0.0038385617569431985,7.497464384510313,False,2354.5031861484586,0.003487192736981541,2354.5066733411954,59090.02144613765,73.86252680767207,N/A,16.622834655726063,17.032413185777283,0.40957853005122047
139,CPU_and_Data_Intensive,Completed,16.127872782579505,16.128787921135164,16.128787921135164,17.18782197164848,1.059034050513315,1.0599491890689723,1.0599491890689734,0.0,STARLINK-5585,1,2,5,0.0009151385556572864,0.06969847937284705,False,10415.372742632568,3.241789738271956e-05,10415.372775050466,48674.64867108452,60.84331083885564,N/A,16.127872782579505,17.337477451969338,1.209604669389833
193,Generic_Service,Completed,20.418143640247653,20.419043362733262,20.419043362733262,20.60683146409304,0.18778810135977864,0.18868782384538688,0.18868782384538818,0.0,STARLINK-5585,1,2,3,0.0008997224856082492,0.030529685935385742,False,1837.9165883700928,1.4199853923435228e-05,1837.9166025699467,46836.7320827144,58.545915103393,N/A,20.418143640247653,20.877255941581048,0.45911230133339487
204,Generic_Service,Completed,21.43088315266972,21.43177898679679,21.43177898679679,21.459239697923024,0.027460711126234827,0.028356545253304558,0.02835654525330611,0.0,STARLINK-5585,1,2,3,0.0008958341270697324,0.020650234692527435,False,263.99382916867876,9.604760322105783e-06,263.99383877343905,46572.73825354571,58.21592281693213,N/A,21.43088315266972,21.68288180167393,0.25199864900421076
206,CPU_and_Data_Intensive,Completed,21.57372389801366,21.575205406069912,21.575205406069912,22.338123558842373,0.7629181527724604,0.7643996608287108,0.7643996608287118,0.0,STARLINK-5585,1,2,4,0.0014815080562503183,1.508716978084975,False,7496.464520397371,0.0007017288270162674,7496.465222126199,39076.2730314195,48.84534128927437,N/A,21.57372389801366,22.486858643208016,0.9131347451943554
214,CPU_Intensive,Completed,22.2859814336164,22.28689715687487,22.28689715687487,22.805883145623206,0.5189859887483372,0.519901712006808,0.5199017120068063,0.0,STARLINK-5585,1,2,4,0.0009157232584707897,0.07118407872803718,False,5083.297568733986,3.310887382699404e-05,5083.29760184286,33992.97546268487,42.491219328356095,N/A,22.2859814336164,22.990627629568998,0.7046461959525985
283,CPU_Intensive,Completed,29.16072912628545,29.161636006320197,29.161636006320197,29.964232775776903,0.8025967694567058,0.8035036494914539,0.8035036494914536,0.0,STARLINK-5585,1,2,3,0.0009068800347481058,0.048715420878581016,False,7879.254596430159,2.2658335292363263e-05,7879.254619088494,26113.72086625469,32.642151082818366,N/A,29.16072912628545,30.255388956845344,1.0946598305598947
325,CPU_Intensive,Completed,34.74085951001891,34.74175749481055,34.74175749481055,35.61129829678344,0.8695408019728887,0.8704387867645307,0.8704387867645309,0.0,STARLINK-5585,1,2,3,0.0008979847916419586,0.02611459338542623,False,8544.314341271216,1.214632250484941e-05,8544.314353417538,17569.40652498346,21.961758156229326,N/A,34.74085951001891,35.79114946883722,1.0502899588183112
332,CPU_Intensive,Completed,35.525516558878834,35.526409098829795,35.526409098829795,35.95719182985993,0.43078273103013487,0.4316752709810979,0.4316752709810956,0.0,STARLINK-5585,1,2,4,0.0008925399509630302,0.012280468399327872,False,4233.1669857320385,5.711845767129243e-06,4233.166991443884,13336.239539251412,16.670299424064265,N/A,35.525516558878834,36.09573598335165,0.5702194244728176
399,Generic_Service,Completed,41.67261706833716,41.67352919042489,41.67352919042489,41.68474876137453,0.011219570949641877,0.012131693037365296,0.012131693037368052,0.0,STARLINK-5585,1,2,3,0.0009121220877234181,0.062034307567932705,False,92.06689095667161,2.8853166310666373e-05,92.06691980983793,13244.172648294736,16.55521581036842,N/A,41.67261706833716,41.85275997480626,0.1801429064691007
410,CPU_Intensive,Completed,43.06596036079386,43.06686568712478,43.06686568712478,43.92990297942645,0.8630372923016694,0.8639426186325896,0.863942618632592,0.0,STARLINK-5585,1,2,3,0.0009053263309202062,0.044767806207370364,False,8474.855545741533,2.0822235445288542e-05,8474.855566563769,4769.317102553179,5.961646378191475,N/A,43.06596036079386,44.07089145075546,1.0049310899616017
470,CPU_Intensive,Completed,48.25331985452346,48.25422866556885,48.25422866556885,48.657963209718716,0.403734544149863,0.4046433551952574,0.40464335519525463,0.0,STARLINK-5585,1,2,3,0.000908811045394429,0.053621687968104105,False,3954.9644343726195,2.49403199851647e-05,3954.9644593129397,814.3526681805433,1.0179408352256791,N/A,48.25331985452346,48.80995435237186,0.5566344978483997
632,Generic_Service,Completed,63.58318601392649,63.58408444431971,63.58408444431971,63.64684286407477,0.06275841975506324,0.0636568501482768,0.06365685014827704,0.0,STARLINK-5585,1,2,3,0.0008984303932135502,0.0272467675295215,False,609.2061649645884,1.267291513001e-05,609.2061776375035,205.14650321593842,0.256433129019923,N/A,63.58318601392649,63.7557440659968,0.1725580520703076
877,Generic_Service,Completed,89.00887538631807,89.00978961238965,89.00978961238965,89.02675081779456,0.016961205404911084,0.017875431476500836,0.017875431476497283,0.0,STARLINK-5585,1,2,3,0.0009142260715897538,0.06738006100535983,False,146.96122357490825,3.13395632583069e-05,146.9612549144715,58.18527964102006,0.07273159955127508,N/A,89.00887538631807,89.18079422909165,0.17191884277357872
876,Generic_Service,Rejected,88.7452284785025,N/A,N/A,N/A,0.03958571416975327,0.0,0.0,0.0,STARLINK-5585,0,N/A,N/A,0.0,0.036261067664326345,False,0.0,0.0,0.0,58.18527964099574,0.07273159955124467,Insufficient Energy for CPU,N/A,N/A,N/A
880,Generic_Service,Rejected,89.39738251862394,N/A,N/A,N/A,0.012012369556798325,0.0,0.0,0.0,STARLINK-5585,0,N/A,N/A,0.0,0.04750232194705829,False,0.0,0.0,0.0,58.18527964099574,0.07273159955124467,Insufficient Energy for CPU,N/A,N/A,N/A
891,Generic_Service,Rejected,90.41676791427945,N/A,N/A,N/A,0.013607620692551376,0.0,0.0,0.0,STARLINK-5585,0,N/A,N/A,0.0,0.01100884638835489,False,0.0,0.0,0.0,58.18527964099574,0.07273159955124467,Insufficient Energy for CPU,N/A,N/A,N/A
893,Generic_Service,Rejected,90.76834367978142,N/A,N/A,N/A,0.009966920160595085,0.0,0.0,0.0,STARLINK-5585,0,N/A,N/A,0.0,0.08114029696609612,False,0.0,0.0,0.0,58.18527964099574,0.07273159955124467,Insufficient Energy for CPU,N/A,N/A,N/A
918,Generic_Service,Rejected,93.23311645510154,N/A,N/A,N/A,0.010553317013632648,0.0,0.0,0.0,STARLINK-5585,0,N/A,N/A,0.0,0.08707842612838461,False,0.0,0.0,0.0,58.18527964099574,0.07273159955124467,Insufficient Energy for CPU,N/A,N/A,N/A
935,Generic_Service,Rejected,95.1111781461584,N/A,N/A,N/A,0.012562847464814064,0.0,0.0,0.0,STARLINK-5585,0,N/A,N/A,0.0,0.0203484245314402,False,0.0,0.0,0.0,58.18527964099574,0.07273159955124467,Insufficient Energy for CPU,N/A,N/A,N/A
951,Generic_Service,Rejected,96.4729324450981,N/A,N/A,N/A,0.013661030076098002,0.0,0.0,0.0,STARLINK-5585,0,N/A,N/A,0.0,0.03732085866838456,False,0.0,0.0,0.0,58.18527964099574,0.07273159955124467,Insufficient Energy for CPU,N/A,N/A,N/A
986,Generic_Service,Rejected,100.52666013919142,N/A,N/A,N/A,0.010760830629750508,0.0,0.0,0.0,STARLINK-5585,0,N/A,N/A,0.0,0.07584570567964911,False,0.0,0.0,0.0,58.18527964099574,0.07273159955124467,Insufficient Energy for CPU,N/A,N/A,N/A
1047,Generic_Service,Rejected,106.08923215236942,N/A,N/A,N/A,0.012975389829986578,0.0,0.0,0.0,STARLINK-5585,0,N/A,N/A,0.0,0.08090681831180782,False,0.0,0.0,0.0,58.18527964099574,0.07273159955124467,Insufficient Energy for CPU,N/A,N/A,N/A
1056,CPU_Intensive,Rejected,107.39565348594179,N/A,N/A,N/A,0.011926264263448035,0.0,0.0,0.0,STARLINK-5585,0,N/A,N/A,0.0,0.032978288785166426,False,0.0,0.0,0.0,58.18527964099574,0.07273159955124467,Insufficient Energy for CPU,N/A,N/A,N/A
1115,Generic_Service,Rejected,112.92349542396012,N/A,N/A,N/A,0.011980290276506433,0.0,0.0,0.0,STARLINK-5585,0,N/A,N/A,0.0,0.07458769577399427,False,0.0,0.0,0.0,58.18527964099574,0.07273159955124467,Insufficient Energy for CPU,N/A,N/A,N/A
1198,Generic_Service,Rejected,121.85354260780068,N/A,N/A,N/A,0.013897848990100268,0.0,0.0,0.0,STARLINK-5585,0,N/A,N/A,0.0,0.03467801015007154,False,0.0,0.0,0.0,58.18527964099574,0.07273159955124467,Insufficient Energy for CPU,N/A,N/A,N/A
1216,Generic_Service,Rejected,124.17245452175534,N/A,N/A,N/A,0.010691939029222577,0.0,0.0,0.0,STARLINK-5585,0,N/A,N/A,0.0,0.036993524383802386,False,0.0,0.0,0.0,58.18527964099574,0.07273159955124467,Insufficient Energy for CPU,N/A,N/A,N/A
1217,Generic_Service,Rejected,124.20937665305638,N/A,N/A,N/A,0.012250748075496252,0.0,0.0,0.0,STARLINK-5585,0,N/A,N/A,0.0,0.04200654793040942,False,0.0,0.0,0.0,58.18527964099574,0.07273159955124467,Insufficient Energy for CPU,N/A,N/A,N/A
1226,Generic_Service,Rejected,124.75533408693934,N/A,N/A,N/A,0.010902724645324914,0.0,0.0,0.0,STARLINK-5585,0,N/A,N/A,0.0,0.0625263687685049,False,0.0,0.0,0.0,58.18527964099574,0.07273159955124467,Insufficient Energy for CPU,N/A,N/A,N/A
1234,Generic_Service,Rejected,125.61096899673849,N/A,N/A,N/A,0.010988702030214471,0.0,0.0,0.0,STARLINK-5585,0,N/A,N/A,0.0,0.019071815185004424,False,0.0,0.0,0.0,58.18527964099574,0.07273159955124467,Insufficient Energy for CPU,N/A,N/A,N/A
1248,Generic_Service,Rejected,127.24808888448104,N/A,N/A,N/A,0.00993564201658665,0.0,0.0,0.0,STARLINK-5585,0,N/A,N/A,0.0,0.060929639779020744,False,0.0,0.0,0.0,58.18527964099574,0.07273159955124467,Insufficient Energy for CPU,N/A,N/A,N/A
1262,Generic_Service,Rejected,128.73621730673193,N/A,N/A,N/A,0.014062587516207613,0.0,0.0,0.0,STARLINK-5585,0,N/A,N/A,0.0,0.050968097926265506,False,0.0,0.0,0.0,58.18527964099574,0.07273159955124467,Insufficient Energy for CPU,N/A,N/A,N/A
1304,CPU_Intensive,Rejected,132.24735333780077,N/A,N/A,N/A,0.009096444227414355,0.0,0.0,0.0,STARLINK-5585,0,N/A,N/A,0.0,0.0750045453100425,False,0.0,0.0,0.0,58.18527964099574,0.07273159955124467,Insufficient Energy for CPU,N/A,N/A,N/A
1307,Generic_Service,Rejected,132.43311356224055,N/A,N/A,N/A,0.01174769783106064,0.0,0.0,0.0,STARLINK-5585,0,N/A,N/A,0.0,0.06719489846623125,False,0.0,0.0,0.0,58.18527964099574,0.07273159955124467,Insufficient Energy for CPU,N/A,N/A,N/A
1378,Generic_Service,Rejected,140.1972042303469,N/A,N/A,N/A,0.013584742552463391,0.0,0.0,0.0,STARLINK-5585,0,N/A,N/A,0.0,0.03174077500469552,False,0.0,0.0,0.0,58.18527964099574,0.07273159955124467,Insufficient Energy for CPU,N/A,N/A,N/A
1407,Generic_Service,Rejected,143.1199667143672,N/A,N/A,N/A,0.009114372935972542,0.0,0.0,0.0,STARLINK-5585,0,N/A,N/A,0.0,0.01833868590462925,False,0.0,0.0,0.0,58.18527964099574,0.07273159955124467,Insufficient Energy for CPU,N/A,N/A,N/A
1462,CPU_Intensive,Rejected,147.76842180207024,N/A,N/A,N/A,0.01124013562568764,0.0,0.0,0.0,STARLINK-5585,0,N/A,N/A,0.0,0.03409288942681412,False,0.0,0.0,0.0,58.18527964099574,0.07273159955124467,Insufficient Energy for CPU,N/A,N/A,N/A
1477,Generic_Service,Rejected,148.9346707393017,N/A,N/A,N/A,0.013075647504535371,0.0,0.0,0.0,STARLINK-5585,0,N/A,N/A,0.0,0.02836442136613259,False,0.0,0.0,0.0,58.18527964099574,0.07273159955124467,Insufficient Energy for CPU,N/A,N/A,N/A
1493,Generic_Service,Rejected,150.12725710759028,N/A,N/A,N/A,0.011939059201404456,0.0,0.0,0.0,STARLINK-5585,0,N/A,N/A,0.0,0.020420323613416523,False,0.0,0.0,0.0,58.18527964099574,0.07273159955124467,Insufficient Energy for CPU,N/A,N/A,N/A
1503,Generic_Service,Rejected,151.82853422148204,N/A,N/A,N/A,0.01235187826049593,0.0,0.0,0.0,STARLINK-5585,0,N/A,N/A,0.0,0.01550628277999282,False,0.0,0.0,0.0,58.18527964099574,0.07273159955124467,Insufficient Energy for CPU,N/A,N/A,N/A
1527,Generic_Service,Rejected,154.86799178533252,N/A,N/A,N/A,0.01111816190680691,0.0,0.0,0.0,STARLINK-5585,0,N/A,N/A,0.0,0.05142913492656949,False,0.0,0.0,0.0,58.18527964099574,0.07273159955124467,Insufficient Energy for CPU,N/A,N/A,N/A
1542,Generic_Service,Rejected,155.76078982205405,N/A,N/A,N/A,0.012525152382761735,0.0,0.0,0.0,STARLINK-5585,0,N/A,N/A,0.0,0.0684144424108054,False,0.0,0.0,0.0,58.18527964099574,0.07273159955124467,Insufficient Energy for CPU,N/A,N/A,N/A
1548,Generic_Service,Rejected,156.07254853504534,N/A,N/A,N/A,0.009462616265700614,0.0,0.0,0.0,STARLINK-5585,0,N/A,N/A,0.0,0.06671384626231594,False,0.0,0.0,0.0,58.18527964099574,0.07273159955124467,Insufficient Energy for CPU,N/A,N/A,N/A
1577,Generic_Service,Rejected,159.45807915461862,N/A,N/A,N/A,0.014214340936878981,0.0,0.0,0.0,STARLINK-5585,0,N/A,N/A,0.0,0.042644228838667884,False,0.0,0.0,0.0,58.18527964099574,0.07273159955124467,Insufficient Energy for CPU,N/A,N/A,N/A
1632,Generic_Service,Rejected,165.27812573440033,N/A,N/A,N/A,0.013030877266503982,0.0,0.0,0.0,STARLINK-5585,0,N/A,N/A,0.0,0.07970332021525711,False,0.0,0.0,0.0,58.18527964099574,0.07273159955124467,Insufficient Energy for CPU,N/A,N/A,N/A
1635,Generic_Service,Rejected,165.37298277757478,N/A,N/A,N/A,0.01357457719615153,0.0,0.0,0.0,STARLINK-5585,0,N/A,N/A,0.0,0.05708981627424701,False,0.0,0.0,0.0,58.18527964099574,0.07273159955124467,Insufficient Energy for CPU,N/A,N/A,N/A
1644,Generic_Service,Rejected,166.3371845384084,N/A,N/A,N/A,0.013028540513869109,0.0,0.0,0.0,STARLINK-5585,0,N/A,N/A,0.0,0.03403518161069836,False,0.0,0.0,0.0,58.18527964099574,0.07273159955124467,Insufficient Energy for CPU,N/A,N/A,N/A
1647,Generic_Service,Rejected,166.65979344810899,N/A,N/A,N/A,0.011718698939634483,0.0,0.0,0.0,STARLINK-5585,0,N/A,N/A,0.0,0.019386570426200823,False,0.0,0.0,0.0,58.18527964099574,0.07273159955124467,Insufficient Energy for CPU,N/A,N/A,N/A
1709,Generic_Service,Rejected,173.1925213948184,N/A,N/A,N/A,0.010684003193195561,0.0,0.0,0.0,STARLINK-5585,0,N/A,N/A,0.0,0.02016669389153971,False,0.0,0.0,0.0,58.18527964099574,0.07273159955124467,Insufficient Energy for CPU,N/A,N/A,N/A
1731,Generic_Service,Rejected,175.4782599181385,N/A,N/A,N/A,0.009676599320805286,0.0,0.0,0.0,STARLINK-5585,0,N/A,N/A,0.0,0.06573103572861158,False,0.0,0.0,0.0,58.18527964099574,0.07273159955124467,Insufficient Energy for CPU,N/A,N/A,N/A
1749,Generic_Service,Rejected,177.2859321932255,N/A,N/A,N/A,0.00970288257524548,0.0,0.0,0.0,STARLINK-5585,0,N/A,N/A,0.0,0.010198806743054963,False,0.0,0.0,0.0,58.18527964099574,0.07273159955124467,Insufficient Energy for CPU,N/A,N/A,N/A
1780,Generic_Service,Rejected,180.97315200322663,N/A,N/A,N/A,0.010044589432994322,0.0,0.0,0.0,STARLINK-5585,0,N/A,N/A,0.0,0.019033072874695002,False,0.0,0.0,0.0,58.18527964099574,0.07273159955124467,Insufficient Energy for CPU,N/A,N/A,N/A
1863,Generic_Service,Rejected,190.24529704381266,N/A,N/A,N/A,0.013025420723503017,0.0,0.0,0.0,STARLINK-5585,0,N/A,N/A,0.0,0.05398705775807676,False,0.0,0.0,0.0,58.18527964099574,0.07273159955124467,Insufficient Energy for CPU,N/A,N/A,N/A
1894,Generic_Service,Rejected,192.9343546887159,N/A,N/A,N/A,0.013204456451659838,0.0,0.0,0.0,STARLINK-5585,0,N/A,N/A,0.0,0.06645350101790454,False,0.0,0.0,0.0,58.18527964099574,0.07273159955124467,Insufficient Energy for CPU,N/A,N/A,N/A
1952,Generic_Service,Rejected,197.331621541961,N/A,N/A,N/A,0.012015800680279616,0.0,0.0,0.0,STARLINK-5585,0,N/A,N/A,0.0,0.018441390520985763,False,0.0,0.0,0.0,58.18527964099574,0.07273159955124467,Insufficient Energy for CPU,N/A,N/A,N/A
1975,CPU_Intensive,Rejected,198.84268069366797,N/A,N/A,N/A,0.013648042991587355,0.0,0.0,0.0,STARLINK-5585,0,N/A,N/A,0.0,0.045717752978926426,False,0.0,0.0,0.0,58.18527964099574,0.07273159955124467,Insufficient Energy for CPU,N/A,N/A,N/A
2029,Generic_Service,Rejected,204.44128096294494,N/A,N/A,N/A,0.00935453653638984,0.0,0.0,0.0,STARLINK-5585,0,N/A,N/A,0.0,0.06610450187500418,False,0.0,0.0,0.0,58.18527964099574,0.07273159955124467,Insufficient Energy for CPU,N/A,N/A,N/A
2034,Generic_Service,Rejected,204.88101015725792,N/A,N/A,N/A,0.012816346355401593,0.0,0.0,0.0,STARLINK-5585,0,N/A,N/A,0.0,0.0326442662013303,False,0.0,0.0,0.0,58.18527964099574,0.07273159955124467,Insufficient Energy for CPU,N/A,N/A,N/A
2040,Generic_Service,Rejected,205.17568590461894,N/A,N/A,N/A,0.01411776508167955,0.0,0.0,0.0,STARLINK-5585,0,N/A,N/A,0.0,0.031545857783003096,False,0.0,0.0,0.0,58.18527964099574,0.07273159955124467,Insufficient Energy for CPU,N/A,N/A,N/A
2051,CPU_Intensive,Rejected,206.22306865216947,N/A,N/A,N/A,0.014351487499936061,0.0,0.0,0.0,STARLINK-5585,0,N/A,N/A,0.0,0.07471315530954704,False,0.0,0.0,0.0,58.18527964099574,0.07273159955124467,Insufficient Energy for CPU,N/A,N/A,N/A
2067,Generic_Service,Rejected,207.31547629945712,N/A,N/A,N/A,0.01046160446816632,0.0,0.0,0.0,STARLINK-5585,0,N/A,N/A,0.0,0.018470841492229176,False,0.0,0.0,0.0,58.18527964099574,0.07273159955124467,Insufficient Energy for CPU,N/A,N/A,N/A
2109,Generic_Service,Rejected,211.55394597245245,N/A,N/A,N/A,0.012576594587587081,0.0,0.0,0.0,STARLINK-5585,0,N/A,N/A,0.0,0.06855784807446152,False,0.0,0.0,0.0,58.18527964099574,0.07273159955124467,Insufficient Energy for CPU,N/A,N/A,N/A
2243,Generic_Service,Rejected,225.95118972162248,N/A,N/A,N/A,0.012485484732242935,0.0,0.0,0.0,STARLINK-5585,0,N/A,N/A,0.0,0.0816452915457693,False,0.0,0.0,0.0,58.18527964099574,0.07273159955124467,Insufficient Energy for CPU,N/A,N/A,N/A
2266,Generic_Service,Rejected,228.7071197093536,N/A,N/A,N/A,0.014511127121232323,0.0,0.0,0.0,STARLINK-5585,0,N/A,N/A,0.0,0.01434832025211943,False,0.0,0.0,0.0,58.18527964099574,0.07273159955124467,Insufficient Energy for CPU,N/A,N/A,N/A
2304,Generic_Service,Rejected,233.27479000156433,N/A,N/A,N/A,0.01231673013484105,0.0,0.0,0.0,STARLINK-5585,0,N/A,N/A,0.0,0.038137939981650555,False,0.0,0.0,0.0,58.18527964099574,0.07273159955124467,Insufficient Energy for CPU,N/A,N/A,N/A
2360,CPU_and_Data_Intensive,Rejected,238.86065939293417,N/A,N/A,N/A,0.013004411188845794,0.0,0.0,0.0,STARLINK-5585,0,N/A,N/A,0.0,0.9440201218928449,False,0.0,0.0,0.0,58.18527964099574,0.07273159955124467,Insufficient Energy for CPU+NET,N/A,N/A,N/A
2393,Generic_Service,Rejected,242.3162173185633,N/A,N/A,N/A,0.012919079837424425,0.0,0.0,0.0,STARLINK-5585,0,N/A,N/A,0.0,0.08688124735050347,False,0.0,0.0,0.0,58.18527964099574,0.07273159955124467,Insufficient Energy for CPU,N/A,N/A,N/A
2416,Generic_Service,Rejected,244.43817961059844,N/A,N/A,N/A,0.01358981573065439,0.0,0.0,0.0,STARLINK-5585,0,N/A,N/A,0.0,0.03434671107455462,False,0.0,0.0,0.0,58.18527964099574,0.07273159955124467,Insufficient Energy for CPU,N/A,N/A,N/A
2436,Generic_Service,Rejected,245.83894527806524,N/A,N/A,N/A,0.012091674015218282,0.0,0.0,0.0,STARLINK-5585,0,N/A,N/A,0.0,0.08218097748152396,False,0.0,0.0,0.0,58.18527964099574,0.07273159955124467,Insufficient Energy for CPU,N/A,N/A,N/A
2517,CPU_and_Data_Intensive,Rejected,252.01199562580157,N/A,N/A,N/A,0.012945089511684639,0.0,0.0,0.0,STARLINK-5585,0,N/A,N/A,0.0,0.30339708648406144,False,0.0,0.0,0.0,58.18527964099574,0.07273159955124467,Insufficient Energy for CPU+NET,N/A,N/A,N/A
2609,Generic_Service,Rejected,261.1631102744149,N/A,N/A,N/A,0.012434673533931956,0.0,0.0,0.0,STARLINK-5585,0,N/A,N/A,0.0,0.010540826161488976,False,0.0,0.0,0.0,58.18527964099574,0.07273159955124467,Insufficient Energy for CPU,N/A,N/A,N/A
2670,Generic_Service,Rejected,266.93139700101307,N/A,N/A,N/A,0.012417168057988748,0.0,0.0,0.0,STARLINK-5585,0,N/A,N/A,0.0,0.07050219360868543,False,0.0,0.0,0.0,58.18527964099574,0.07273159955124467,Insufficient Energy for CPU,N/A,N/A,N/A
2732,Generic_Service,Rejected,272.0590794825833,N/A,N/A,N/A,0.00975161213406053,0.0,0.0,0.0,STARLINK-5585,0,N/A,N/A,0.0,0.08142561818677922,False,0.0,0.0,0.0,58.18527964099574,0.07273159955124467,Insufficient Energy for CPU,N/A,N/A,N/A
2774,Generic_Service,Rejected,277.3986849299798,N/A,N/A,N/A,0.010926809064439205,0.0,0.0,0.0,STARLINK-5585,0,N/A,N/A,0.0,0.013792497402087248,False,0.0,0.0,0.0,58.18527964099574,0.07273159955124467,Insufficient Energy for CPU,N/A,N/A,N/A
2845,Generic_Service,Rejected,283.23470074027375,N/A,N/A,N/A,0.011301790980132275,0.0,0.0,0.0,STARLINK-5585,0,N/A,N/A,0.0,0.058929100605422474,False,0.0,0.0,0.0,58.18527964099574,0.07273159955124467,Insufficient Energy for CPU,N/A,N/A,N/A
2846,Generic_Service,Rejected,283.4116940337083,N/A,N/A,N/A,0.01211549122144693,0.0,0.0,0.0,STARLINK-5585,0,N/A,N/A,0.0,0.07779095751742064,False,0.0,0.0,0.0,58.18527964099574,0.07273159955124467,Insufficient Energy for CPU,N/A,N/A,N/A
2890,Generic_Service,Rejected,287.98050894494645,N/A,N/A,N/A,0.013786910255806015,0.0,0.0,0.0,STARLINK-5585,0,N/A,N/A,0.0,0.046859872874986476,False,0.0,0.0,0.0,58.18527964099574,0.07273159955124467,Insufficient Energy for CPU,N/A,N/A,N/A
41000,Batch,Completed,0,0,0.0,0.0026388579562908873,0.0026388579562908873,0.0026388579562908873,0.0026388579562908873,0.0,STARLINK-31160,0,N/A,0,0.0,5.673544606025407,False,0.0,0.0026388579562908873,0.0026388579562908873,80000,100.0,N/A,N/A,N/A,N/A
39000,Batch,Completed,0,0,0.0,0.003554324353240099,0.003554324353240099,0.003554324353240099,0.003554324353240099,0.0,STARLINK-31160,0,N/A,0,0.0,7.641797359466213,False,0.0,0.003554324353240099,0.003554324353240099,79999.99736114204,99.99999670142755,N/A,N/A,N/A,N/A
40000,Batch,Completed,0,0,0.0,0.010775440692524552,0.010775440692524552,0.010775440692524552,0.010775440692524552,0.0,STARLINK-31160,0,N/A,0,0.0,23.167197488927787,False,0.0,0.010775440692524552,0.010775440692524552,79999.99380681769,99.99999225852211,N/A,N/A,N/A,N/A
105,CPU_Intensive,Completed,12.187947609997325,12.190117332227073,12.190117332227073,14.297466686177914,2.107349353950841,2.1095190761805895,2.1095190761805895,0.0,STARLINK-31160,1,2,4,0.0021697222297485095,0.07278493497007747,False,20704.51708602791,3.385345812561743e-05,20704.51711988137,59295.46594534908,74.11933243168636,N/A,12.187947609997325,14.419497793560701,2.2315501835633764
524,CPU_and_Data_Intensive,Completed,53.70481919241205,53.7793983617704,53.7793983617704,55.97370564201191,2.1943072802415102,2.2688864495998566,2.2688864495998544,0.0,STARLINK-31160,1,2,5,0.07457916935834659,220.65949891674123,False,20571.804276304436,0.10263232507755406,20571.906908629513,38723.55903671955,48.404448795899434,N/A,53.70481919241205,56.129558403888154,2.4247392114761013
542,CPU_Intensive,Completed,55.26793740091133,55.27010083965342,55.27010083965342,57.356484271138946,2.0863834314855225,2.0885468702276175,2.088546870227617,0.0,STARLINK-31160,1,2,5,0.0021634387420948168,0.053643041904501115,False,20503.955629087304,2.495025204860517e-05,20503.955654037556,18219.603407536673,22.77450425942084,N/A,55.26793740091133,57.53542547995606,2.267488079044732
43000,Batch,Completed,0,0,0.0,0.001831459869052482,0.001831459869052482,0.001831459869052482,0.001831459869052482,0.0,STARLINK-34773,0,N/A,0,0.0,3.9376387184628365,True,0.0,0.001831459869052482,0.001831459869052482,80000,100.0,N/A,N/A,N/A,N/A
42000,Batch,Completed,0,0,0.0,0.09993828709912102,0.09993828709912102,0.09993828709912102,0.09993828709912102,0.0,STARLINK-34773,0,N/A,0,0.0,214.86731726311018,True,0.0,0.09993828709912102,0.09993828709912102,79999.99816854013,99.99999771067516,N/A,N/A,N/A,N/A
44000,Batch,Completed,0,0,0.0,0.13774430391527887,0.13774430391527887,0.13774430391527887,0.13774430391527887,0.0,STARLINK-34773,0,N/A,0,0.0,296.15025341784957,True,0.0,0.13774430391527887,0.13774430391527887,79999.89823025303,99.99987278781629,N/A,N/A,N/A,N/A
47000,Batch,Completed,0,0,0.0,0.002820710051443197,0.002820710051443197,0.002820710051443197,0.002820710051443197,0.0,STARLINK-34764,0,N/A,0,0.0,6.064526610602874,True,0.0,0.002820710051443197,0.002820710051443197,80000,100.0,N/A,N/A,N/A,N/A
45000,Batch,Completed,0,0,0.0,0.005128181246500844,0.005128181246500844,0.005128181246500844,0.005128181246500844,0.0,STARLINK-34764,0,N/A,0,0.0,11.025589679976814,True,0.0,0.005128181246500844,0.005128181246500844,79999.99717928995,99.99999647411244,N/A,N/A,N/A,N/A
46000,Batch,Completed,0,0,0.0,0.1441424082865711,0.1441424082865711,0.1441424082865711,0.1441424082865711,0.0,STARLINK-34764,0,N/A,0,0.0,309.90617781612787,True,0.0,0.1441424082865711,0.1441424082865711,79999.9920511087,99.99999006388587,N/A,N/A,N/A,N/A
48000,Batch,Completed,0,0,0.0,0.0012055121617485286,0.0012055121617485286,0.0012055121617485286,0.0012055121617485286,0.0,STARLINK-31661,0,N/A,0,0.0,2.5918511477593364,True,0.0,0.0012055121617485286,0.0012055121617485286,80000,100.0,N/A,N/A,N/A,N/A
49000,Batch,Completed,0,0,0.0,0.1727802982658598,0.1727802982658598,0.1727802982658598,0.1727802982658598,0.0,STARLINK-34055,0,N/A,0,0.0,371.4776412715986,True,0.0,0.1727802982658598,0.1727802982658598,80000,100.0,N/A,N/A,N/A,N/A
51000,Batch,Completed,0,0,0.0,0.008568669322015249,0.008568669322015249,0.008568669322015249,0.008568669322015249,0.0,STARLINK-33551,0,N/A,0,0.0,18.422639042332786,True,0.0,0.008568669322015249,0.008568669322015249,80000,100.0,N/A,N/A,N/A,N/A
50000,Batch,Completed,0,0,0.0,0.010272564388143432,0.010272564388143432,0.010272564388143432,0.010272564388143432,0.0,STARLINK-33551,0,N/A,0,0.0,22.086013434508377,True,0.0,0.010272564388143432,0.010272564388143432,79999.99143133068,99.99998928916335,N/A,N/A,N/A,N/A
52000,Batch,Completed,0,0,0.0,0.13679003525704903,0.13679003525704903,0.13679003525704903,0.13679003525704903,0.0,STARLINK-33551,0,N/A,0,0.0,294.09857580265543,True,0.0,0.13679003525704903,0.13679003525704903,79999.9811587663,99.99997644845787,N/A,N/A,N/A,N/A
53000,Batch,Completed,0,0,0.0,0.006470010875757076,0.006470010875757076,0.006470010875757076,0.006470010875757076,0.0,STARLINK-34106,0,N/A,0,0.0,13.910523382877713,True,0.0,0.006470010875757076,0.006470010875757076,80000,100.0,N/A,N/A,N/A,N/A
55000,Batch,Completed,0,0,0.0,0.0017951254090900599,0.0017951254090900599,0.0017951254090900599,0.0017951254090900599,0.0,STARLINK-6125,0,N/A,0,0.0,3.8595196295436285,True,0.0,0.0017951254090900599,0.0017951254090900599,80000,100.0,N/A,N/A,N/A,N/A
54000,Batch,Completed,0,0,0.0,0.010910700058695636,0.010910700058695636,0.010910700058695636,0.010910700058695636,0.0,STARLINK-6125,0,N/A,0,0.0,23.458005126195616,True,0.0,0.010910700058695636,0.010910700058695636,79999.99820487459,99.99999775609324,N/A,N/A,N/A,N/A
56000,Batch,Completed,0,0,0.0,0.14777173867559704,0.14777173867559704,0.14777173867559704,0.14777173867559704,0.0,STARLINK-6125,0,N/A,0,0.0,317.7092381525336,True,0.0,0.14777173867559704,0.14777173867559704,79999.98729417453,99.99998411771816,N/A,N/A,N/A,N/A
57000,Batch,Completed,0,0,0.0,0.00903049374851235,0.00903049374851235,0.00903049374851235,0.00903049374851235,0.0,STARLINK-35163,0,N/A,0,0.0,19.41556155930155,True,0.0,0.00903049374851235,0.00903049374851235,80000,100.0,N/A,N/A,N/A,N/A
59000,Batch,Completed,0,0,0.0,0.0022100359913264436,0.0022100359913264436,0.0022100359913264436,0.0022100359913264436,0.0,STARLINK-30841,0,N/A,0,0.0,4.751577381351854,True,0.0,0.0022100359913264436,0.0022100359913264436,80000,100.0,N/A,N/A,N/A,N/A
60000,Batch,Completed,0,0,0.0,0.1684945558728002,0.1684945558728002,0.1684945558728002,0.1684945558728002,0.0,STARLINK-30841,0,N/A,0,0.0,362.26329512652046,True,0.0,0.1684945558728002,0.1684945558728002,79999.997789964,99.999997237455,N/A,N/A,N/A,N/A
58000,Batch,Completed,0,0,0.0,0.22616107097434668,0.22616107097434668,0.22616107097434668,0.22616107097434668,0.0,STARLINK-30841,0,N/A,0,0.0,486.24630259484536,True,0.0,0.22616107097434668,0.22616107097434668,79999.82929540814,99.99978661926018,N/A,N/A,N/A,N/A
61000,Batch,Completed,0,0,0.0,0.0010246838787677977,0.0010246838787677977,0.0010246838787677977,0.0010246838787677977,0.0,STARLINK-34198,0,N/A,0,0.0,2.203070339350765,True,0.0,0.0010246838787677977,0.0010246838787677977,80000,100.0,N/A,N/A,N/A,N/A
62000,Batch,Completed,0,0,0.0,0.009280407651720494,0.009280407651720494,0.009280407651720494,0.009280407651720494,0.0,STARLINK-34198,0,N/A,0,0.0,19.952876451199064,True,0.0,0.009280407651720494,0.009280407651720494,79999.99897531612,99.99999871914515,N/A,N/A,N/A,N/A
63000,Batch,Completed,0,0,0.0,0.009452171806377155,0.009452171806377155,0.009452171806377155,0.009452171806377155,0.0,STARLINK-34198,0,N/A,0,0.0,20.322169383710882,True,0.0,0.009452171806377155,0.009452171806377155,79999.98969490847,99.99998711863557,N/A,N/A,N/A,N/A
64000,Batch,Completed,0,0,0.0,0.005503117300693477,0.005503117300693477,0.005503117300693477,0.005503117300693477,0.0,STARLINK-34145,0,N/A,0,0.0,11.831702196490976,True,0.0,0.005503117300693477,0.005503117300693477,80000,100.0,N/A,N/A,N/A,N/A
65000,Batch,Completed,0,0,0.0,0.1223220711380566,0.1223220711380566,0.1223220711380566,0.1223220711380566,0.0,STARLINK-34145,0,N/A,0,0.0,262.9924529468217,True,0.0,0.1223220711380566,0.1223220711380566,79999.9944968827,99.99999312110339,N/A,N/A,N/A,N/A
66000,Batch,Completed,0,0,0.0,0.00304343319759216,0.00304343319759216,0.00304343319759216,0.00304343319759216,0.0,STARLINK-31822,0,N/A,0,0.0,6.543381374823144,True,0.0,0.00304343319759216,0.00304343319759216,80000,100.0,N/A,N/A,N/A,N/A
68000,Batch,Completed,0,0,0.0,0.09071769669128957,0.09071769669128957,0.09071769669128957,0.09071769669128957,0.0,STARLINK-31822,0,N/A,0,0.0,195.04304788627257,True,0.0,0.09071769669128957,0.09071769669128957,79999.9969565668,99.99999619570849,N/A,N/A,N/A,N/A
67000,Batch,Completed,0,0,0.0,0.10803265628297558,0.10803265628297558,0.10803265628297558,0.10803265628297558,0.0,STARLINK-31822,0,N/A,0,0.0,232.2702110083975,True,0.0,0.10803265628297558,0.10803265628297558,79999.90623887011,99.99988279858763,N/A,N/A,N/A,N/A
69000,Batch,Completed,0,0,0.0,0.12427919143578903,0.12427919143578903,0.12427919143578903,0.12427919143578903,0.0,STARLINK-32190,0,N/A,0,0.0,267.2002615869464,True,0.0,0.12427919143578903,0.12427919143578903,80000,100.0,N/A,N/A,N/A,N/A
70000,Batch,Completed,0,0,0.0,0.20090308877031887,0.20090308877031887,0.20090308877031887,0.20090308877031887,0.0,STARLINK-3520,0,N/A,0,0.0,431.9416408561856,True,0.0,0.20090308877031887,0.20090308877031887,80000,100.0,N/A,N/A,N/A,N/A
72000,Batch,Completed,0,0,0.0,0.0013235201298965158,0.0013235201298965158,0.0013235201298965158,0.0013235201298965158,0.0,STARLINK-31687,0,N/A,0,0.0,2.8455682792775088,True,0.0,0.0013235201298965158,0.0013235201298965158,80000,100.0,N/A,N/A,N/A,N/A
71000,Batch,Completed,0,0,0.0,0.004863228932330849,0.004863228932330849,0.004863228932330849,0.004863228932330849,0.0,STARLINK-31687,0,N/A,0,0.0,10.455942204511324,True,0.0,0.004863228932330849,0.004863228932330849,79999.99867647987,99.99999834559983,N/A,N/A,N/A,N/A
74000,Batch,Completed,0,0,0.0,0.00971660528322003,0.00971660528322003,0.00971660528322003,0.00971660528322003,0.0,STARLINK-31187,0,N/A,0,0.0,20.890701358923064,True,0.0,0.00971660528322003,0.00971660528322003,80000,100.0,N/A,N/A,N/A,N/A
73000,Batch,Completed,0,0,0.0,0.1539690401438243,0.1539690401438243,0.1539690401438243,0.1539690401438243,0.0,STARLINK-31187,0,N/A,0,0.0,331.0334363092222,True,0.0,0.1539690401438243,0.1539690401438243,79999.99028339471,99.99998785424339,N/A,N/A,N/A,N/A
75000,Batch,Completed,0,0,0.0,0.16100927139046095,0.16100927139046095,0.16100927139046095,0.16100927139046095,0.0,STARLINK-3541,0,N/A,0,0.0,346.16993348949103,True,0.0,0.16100927139046095,0.16100927139046095,80000,100.0,N/A,N/A,N/A,N/A
76000,Batch,Completed,0,0,0.0,0.009801650545342027,0.009801650545342027,0.009801650545342027,0.009801650545342027,0.0,STARLINK-4195,0,N/A,0,0.0,21.07354867248536,True,0.0,0.009801650545342027,0.009801650545342027,80000,100.0,N/A,N/A,N/A,N/A
77000,Batch,Completed,0,0,0.0,0.13739624166152245,0.13739624166152245,0.13739624166152245,0.13739624166152245,0.0,STARLINK-30122,0,N/A,0,0.0,295.40191957227324,True,0.0,0.13739624166152245,0.13739624166152245,80000,100.0,N/A,N/A,N/A,N/A
78000,Batch,Completed,0,0,0.0,0.0056567460350403845,0.0056567460350403845,0.0056567460350403845,0.0056567460350403845,0.0,STARLINK-32552,0,N/A,0,0.0,12.162003975336827,True,0.0,0.0056567460350403845,0.0056567460350403845,80000,100.0,N/A,N/A,N/A,N/A
79000,Batch,Completed,0,0,0.0,0.2261787765883576,0.2261787765883576,0.2261787765883576,0.2261787765883576,0.0,STARLINK-6266,0,N/A,0,0.0,486.2843696649689,True,0.0,0.2261787765883576,0.2261787765883576,80000,100.0,N/A,N/A,N/A,N/A
80000,Batch,Completed,0,0,0.0,0.01076277701998902,0.01076277701998902,0.01076277701998902,0.01076277701998902,0.0,STARLINK-3095,0,N/A,0,0.0,23.139970592976393,True,0.0,0.01076277701998902,0.01076277701998902,80000,100.0,N/A,N/A,N/A,N/A
82000,Batch,Completed,0,0,0.0,0.0031976457295881285,0.0031976457295881285,0.0031976457295881285,0.0031976457295881285,0.0,STARLINK-5264,0,N/A,0,0.0,6.874938318614476,True,0.0,0.0031976457295881285,0.0031976457295881285,80000,100.0,N/A,N/A,N/A,N/A
81000,Batch,Completed,0,0,0.0,0.003554022392405462,0.003554022392405462,0.003554022392405462,0.003554022392405462,0.0,STARLINK-5264,0,N/A,0,0.0,7.641148143671743,True,0.0,0.003554022392405462,0.003554022392405462,79999.99680235428,99.99999600294285,N/A,N/A,N/A,N/A
83000,Batch,Completed,0,0,0.0,0.15807680988960382,0.15807680988960382,0.15807680988960382,0.15807680988960382,0.0,STARLINK-6138,0,N/A,0,0.0,339.8651412626482,True,0.0,0.15807680988960382,0.15807680988960382,80000,100.0,N/A,N/A,N/A,N/A
84000,Batch,Completed,0,0,0.0,0.0015745608511422969,0.0015745608511422969,0.0015745608511422969,0.0015745608511422969,0.0,STARLINK-3902,0,N/A,0,0.0,3.3853058299559384,True,0.0,0.0015745608511422969,0.0015745608511422969,80000,100.0,N/A,N/A,N/A,N/A
86000,Batch,Completed,0,0,0.0,0.0017581329000615022,0.0017581329000615022,0.0017581329000615022,0.0017581329000615022,0.0,STARLINK-5462,0,N/A,0,0.0,3.7799857351322297,True,0.0,0.0017581329000615022,0.0017581329000615022,80000,100.0,N/A,N/A,N/A,N/A
87000,Batch,Completed,0,0,0.0,0.007985113903478063,0.007985113903478063,0.007985113903478063,0.007985113903478063,0.0,STARLINK-5462,0,N/A,0,0.0,17.167994892477836,True,0.0,0.007985113903478063,0.007985113903478063,79999.9982418671,99.99999780233388,N/A,N/A,N/A,N/A
85000,Batch,Completed,0,0,0.0,0.10404565643822371,0.10404565643822371,0.10404565643822371,0.10404565643822371,0.0,STARLINK-5462,0,N/A,0,0.0,223.69816134218098,True,0.0,0.10404565643822371,0.10404565643822371,79999.9902567532,99.9999878209415,N/A,N/A,N/A,N/A
90000,Batch,Completed,0,0,0.0,0.005366776588811465,0.005366776588811465,0.005366776588811465,0.005366776588811465,0.0,STARLINK-6157,0,N/A,0,0.0,11.53856966594465,True,0.0,0.005366776588811465,0.005366776588811465,80000,100.0,N/A,N/A,N/A,N/A
88000,Batch,Completed,0,0,0.0,0.00877023296616818,0.00877023296616818,0.00877023296616818,0.00877023296616818,0.0,STARLINK-6157,0,N/A,0,0.0,18.856000877261586,True,0.0,0.00877023296616818,0.00877023296616818,79999.99463322341,99.99999329152926,N/A,N/A,N/A,N/A
89000,Batch,Completed,0,0,0.0,0.20056428882081256,0.20056428882081256,0.20056428882081256,0.20056428882081256,0.0,STARLINK-6157,0,N/A,0,0.0,431.213220964747,True,0.0,0.20056428882081256,0.20056428882081256,79999.98586299045,99.99998232873806,N/A,N/A,N/A,N/A
92000,Batch,Completed,0,0,0.0,0.003929724051197412,0.003929724051197412,0.003929724051197412,0.003929724051197412,0.0,STARLINK-2017,0,N/A,0,0.0,8.448906710074436,True,0.0,0.003929724051197412,0.003929724051197412,80000,100.0,N/A,N/A,N/A,N/A
93000,Batch,Completed,0,0,0.0,0.1837771017714497,0.1837771017714497,0.1837771017714497,0.1837771017714497,0.0,STARLINK-2017,0,N/A,0,0.0,395.1207688086169,True,0.0,0.1837771017714497,0.1837771017714497,79999.99607027594,99.99999508784492,N/A,N/A,N/A,N/A
91000,Batch,Completed,0,0,0.0,0.2149999187352823,0.2149999187352823,0.2149999187352823,0.2149999187352823,0.0,STARLINK-2017,0,N/A,0,0.0,462.24982528085695,True,0.0,0.2149999187352823,0.2149999187352823,79999.81229317417,99.99976536646771,N/A,N/A,N/A,N/A
61000,Batch,Completed,0,0,0.0,0.0010246838787677977,0.0010246838787677977,0.0010246838787677977,0.0010246838787677977,0.0,STARLINK-34198,0,N/A,0,0.0,2.203070339350765,False,0.0,0.0010246838787677977,0.0010246838787677977,79999.99897531612,99.99999871914515,N/A,N/A,N/A,N/A
48000,Batch,Completed,0,0,0.0,0.0012055121617485286,0.0012055121617485286,0.0012055121617485286,0.0012055121617485286,0.0,STARLINK-31661,0,N/A,0,0.0,2.5918511477593364,False,0.0,0.0012055121617485286,0.0012055121617485286,79999.99879448784,99.9999984931098,N/A,N/A,N/A,N/A
72000,Batch,Completed,0,0,0.0,0.0013235201298965158,0.0013235201298965158,0.0013235201298965158,0.0013235201298965158,0.0,STARLINK-31687,0,N/A,0,0.0,2.8455682792775088,False,0.0,0.0013235201298965158,0.0013235201298965158,79999.99867647987,99.99999834559983,N/A,N/A,N/A,N/A
36000,Batch,Completed,0,0,0.0,0.0013826041941150218,0.0013826041941150218,0.0013826041941150218,0.0013826041941150218,0.0,STARLINK-1225,0,N/A,0,0.0,2.9725990173472967,False,0.0,0.0013826041941150218,0.0013826041941150218,79999.9986173958,99.99999827174474,N/A,N/A,N/A,N/A
84000,Batch,Completed,0,0,0.0,0.0015745608511422969,0.0015745608511422969,0.0015745608511422969,0.0015745608511422969,0.0,STARLINK-3902,0,N/A,0,0.0,3.3853058299559384,False,0.0,0.0015745608511422969,0.0015745608511422969,79999.99842543915,99.99999803179892,N/A,N/A,N/A,N/A
10000,Batch,Completed,0,0,0.0,0.0016127432804693678,0.0016127432804693678,0.0016127432804693678,0.0016127432804693678,0.0,STARLINK-32373,0,N/A,0,0.0,3.467398053009141,False,0.0,0.0016127432804693678,0.0016127432804693678,79999.99838725672,99.99999798407092,N/A,N/A,N/A,N/A
86000,Batch,Completed,0,0,0.0,0.0017581329000615022,0.0017581329000615022,0.0017581329000615022,0.0017581329000615022,0.0,STARLINK-5462,0,N/A,0,0.0,3.7799857351322297,False,0.0,0.0017581329000615022,0.0017581329000615022,79999.9982418671,99.99999780233388,N/A,N/A,N/A,N/A
55000,Batch,Completed,0,0,0.0,0.0017951254090900599,0.0017951254090900599,0.0017951254090900599,0.0017951254090900599,0.0,STARLINK-6125,0,N/A,0,0.0,3.8595196295436285,False,0.0,0.0017951254090900599,0.0017951254090900599,79999.99820487459,99.99999775609324,N/A,N/A,N/A,N/A
43000,Batch,Completed,0,0,0.0,0.001831459869052482,0.001831459869052482,0.001831459869052482,0.001831459869052482,0.0,STARLINK-34773,0,N/A,0,0.0,3.9376387184628365,False,0.0,0.001831459869052482,0.001831459869052482,79999.99816854013,99.99999771067516,N/A,N/A,N/A,N/A
59000,Batch,Completed,0,0,0.0,0.0022100359913264436,0.0022100359913264436,0.0022100359913264436,0.0022100359913264436,0.0,STARLINK-30841,0,N/A,0,0.0,4.751577381351854,False,0.0,0.0022100359913264436,0.0022100359913264436,79999.997789964,99.999997237455,N/A,N/A,N/A,N/A
41000,Batch,Completed,0,0,0.0,0.0026388579562908873,0.0026388579562908873,0.0026388579562908873,0.0026388579562908873,0.0,STARLINK-31160,0,N/A,0,0.0,5.673544606025407,False,0.0,0.0026388579562908873,0.0026388579562908873,79999.99736114204,99.99999670142755,N/A,N/A,N/A,N/A
47000,Batch,Completed,0,0,0.0,0.002820710051443197,0.002820710051443197,0.002820710051443197,0.002820710051443197,0.0,STARLINK-34764,0,N/A,0,0.0,6.064526610602874,False,0.0,0.002820710051443197,0.002820710051443197,79999.99717928995,99.99999647411244,N/A,N/A,N/A,N/A
23000,Batch,Completed,0,0,0.0,0.002833092976935465,0.002833092976935465,0.002833092976935465,0.002833092976935465,0.0,STARLINK-5471,0,N/A,0,0.0,6.09114990041125,False,0.0,0.002833092976935465,0.002833092976935465,79999.99716690702,99.99999645863377,N/A,N/A,N/A,N/A
4000,Batch,Completed,0,0,0.0,0.002878743940245488,0.002878743940245488,0.002878743940245488,0.002878743940245488,0.0,STARLINK-11462 [DTC],0,N/A,0,0.0,6.189299471527799,False,0.0,0.002878743940245488,0.002878743940245488,79999.99712125606,99.99999640157007,N/A,N/A,N/A,N/A
19000,Batch,Completed,0,0,0.0,0.0029290909946370256,0.0029290909946370256,0.0029290909946370256,0.0029290909946370256,0.0,STARLINK-3185,0,N/A,0,0.0,6.297545638469605,False,0.0,0.0029290909946370256,0.0029290909946370256,79999.99707090901,99.99999633863627,N/A,N/A,N/A,N/A
66000,Batch,Completed,0,0,0.0,0.00304343319759216,0.00304343319759216,0.00304343319759216,0.00304343319759216,0.0,STARLINK-31822,0,N/A,0,0.0,6.543381374823144,False,0.0,0.00304343319759216,0.00304343319759216,79999.9969565668,99.99999619570849,N/A,N/A,N/A,N/A
82000,Batch,Completed,0,0,0.0,0.0031976457295881285,0.0031976457295881285,0.0031976457295881285,0.0031976457295881285,0.0,STARLINK-5264,0,N/A,0,0.0,6.874938318614476,False,0.0,0.0031976457295881285,0.0031976457295881285,79999.99680235428,99.99999600294285,N/A,N/A,N/A,N/A
81000,Batch,Completed,0,0,0.0,0.003554022392405462,0.003554022392405462,0.003554022392405462,0.003554022392405462,0.0,STARLINK-5264,0,N/A,0,0.0,7.641148143671743,False,0.0,0.003554022392405462,0.003554022392405462,79999.99324833188,99.99999156041486,N/A,N/A,N/A,N/A
39000,Batch,Completed,0,0,0.0,0.003554324353240099,0.003554324353240099,0.003554324353240099,0.003554324353240099,0.0,STARLINK-31160,0,N/A,0,0.0,7.641797359466213,False,0.0,0.003554324353240099,0.003554324353240099,79999.99380681769,99.99999225852211,N/A,N/A,N/A,N/A
92000,Batch,Completed,0,0,0.0,0.003929724051197412,0.003929724051197412,0.003929724051197412,0.003929724051197412,0.0,STARLINK-2017,0,N/A,0,0.0,8.448906710074436,False,0.0,0.003929724051197412,0.003929724051197412,79999.99607027594,99.99999508784492,N/A,N/A,N/A,N/A
37000,Batch,Completed,0,0,0.0,0.003988973945744674,0.003988973945744674,0.003988973945744674,0.003988973945744674,0.0,STARLINK-5585,0,N/A,0,0.0,8.57629398335105,False,0.0,0.003988973945744674,0.003988973945744674,79999.99601102606,99.99999501378257,N/A,N/A,N/A,N/A
35000,Batch,Completed,0,0,0.0,0.0047958131217033795,0.0047958131217033795,0.0047958131217033795,0.0047958131217033795,0.0,STARLINK-1225,0,N/A,0,0.0,10.310998211662266,False,0.0,0.0047958131217033795,0.0047958131217033795,79999.99382158268,99.99999227697836,N/A,N/A,N/A,N/A
71000,Batch,Completed,0,0,0.0,0.004863228932330849,0.004863228932330849,0.004863228932330849,0.004863228932330849,0.0,STARLINK-31687,0,N/A,0,0.0,10.455942204511324,False,0.0,0.004863228932330849,0.004863228932330849,79999.99381325094,99.99999226656368,N/A,N/A,N/A,N/A
5000,Batch,Completed,0,0,0.0,0.004935079368536515,0.004935079368536515,0.004935079368536515,0.004935079368536515,0.0,STARLINK-11462 [DTC],0,N/A,0,0.0,10.610420642353507,False,0.0,0.004935079368536515,0.004935079368536515,79999.99218617669,99.99999023272088,N/A,N/A,N/A,N/A
29000,Batch,Completed,0,0,0.0,0.004983989957220542,0.004983989957220542,0.004983989957220542,0.004983989957220542,0.0,STARLINK-6299,0,N/A,0,0.0,10.715578408024165,False,0.0,0.004983989957220542,0.004983989957220542,79999.99501601004,99.99999377001255,N/A,N/A,N/A,N/A
45000,Batch,Completed,0,0,0.0,0.005128181246500844,0.005128181246500844,0.005128181246500844,0.005128181246500844,0.0,STARLINK-34764,0,N/A,0,0.0,11.025589679976814,False,0.0,0.005128181246500844,0.005128181246500844,79999.9920511087,99.99999006388587,N/A,N/A,N/A,N/A
90000,Batch,Completed,0,0,0.0,0.005366776588811465,0.005366776588811465,0.005366776588811465,0.005366776588811465,0.0,STARLINK-6157,0,N/A,0,0.0,11.53856966594465,False,0.0,0.005366776588811465,0.005366776588811465,79999.99463322341,99.99999329152926,N/A,N/A,N/A,N/A
30000,Batch,Completed,0,0,0.0,0.005371574220583778,0.005371574220583778,0.005371574220583778,0.005371574220583778,0.0,STARLINK-6299,0,N/A,0,0.0,11.548884574255123,False,0.0,0.005371574220583778,0.005371574220583778,79999.98964443582,99.99998705554476,N/A,N/A,N/A,N/A
64000,Batch,Completed,0,0,0.0,0.005503117300693477,0.005503117300693477,0.005503117300693477,0.005503117300693477,0.0,STARLINK-34145,0,N/A,0,0.0,11.831702196490976,False,0.0,0.005503117300693477,0.005503117300693477,79999.9944968827,99.99999312110339,N/A,N/A,N/A,N/A
78000,Batch,Completed,0,0,0.0,0.0056567460350403845,0.0056567460350403845,0.0056567460350403845,0.0056567460350403845,0.0,STARLINK-32552,0,N/A,0,0.0,12.162003975336827,False,0.0,0.0056567460350403845,0.0056567460350403845,79999.99434325396,99.99999292906745,N/A,N/A,N/A,N/A
13000,Batch,Completed,0,0,0.0,0.006013689584803207,0.006013689584803207,0.006013689584803207,0.006013689584803207,0.0,STARLINK-5346,0,N/A,0,0.0,12.929432607326895,False,0.0,0.006013689584803207,0.006013689584803207,79999.99398631041,99.99999248288802,N/A,N/A,N/A,N/A
53000,Batch,Completed,0,0,0.0,0.006470010875757076,0.006470010875757076,0.006470010875757076,0.006470010875757076,0.0,STARLINK-34106,0,N/A,0,0.0,13.910523382877713,False,0.0,0.006470010875757076,0.006470010875757076,79999.99352998912,99.99999191248641,N/A,N/A,N/A,N/A
25000,Batch,Completed,0,0,0.0,0.007649260060399577,0.007649260060399577,0.007649260060399577,0.007649260060399577,0.0,STARLINK-5471,0,N/A,0,0.0,16.44590912985909,False,0.0,0.007649260060399577,0.007649260060399577,79999.98951764696,99.9999868970587,N/A,N/A,N/A,N/A
26000,Batch,Completed,0,0,0.0,0.007756198142012497,0.007756198142012497,0.007756198142012497,0.007756198142012497,0.0,STARLINK-34190,0,N/A,0,0.0,16.67582600532687,False,0.0,0.007756198142012497,0.007756198142012497,79999.99224380185,99.99999030475232,N/A,N/A,N/A,N/A
15000,Batch,Completed,0,0,0.0,0.007975897328372271,0.007975897328372271,0.007975897328372271,0.007975897328372271,0.0,STARLINK-5780,0,N/A,0,0.0,17.148179256000383,False,0.0,0.007975897328372271,0.007975897328372271,79999.99202410267,99.99999003012834,N/A,N/A,N/A,N/A
87000,Batch,Completed,0,0,0.0,0.007985113903478063,0.007985113903478063,0.007985113903478063,0.007985113903478063,0.0,STARLINK-5462,0,N/A,0,0.0,17.167994892477836,False,0.0,0.007985113903478063,0.007985113903478063,79999.9902567532,99.9999878209415,N/A,N/A,N/A,N/A
16000,Batch,Completed,0,0,0.0,0.00810156189751018,0.00810156189751018,0.00810156189751018,0.00810156189751018,0.0,STARLINK-5780,0,N/A,0,0.0,17.418358079646886,False,0.0,0.00810156189751018,0.00810156189751018,79999.98392254078,99.99997990317597,N/A,N/A,N/A,N/A
20000,Batch,Completed,0,0,0.0,0.0084310669220945,0.0084310669220945,0.0084310669220945,0.0084310669220945,0.0,STARLINK-6345,0,N/A,0,0.0,18.126793882503176,False,0.0,0.0084310669220945,0.0084310669220945,79999.99156893308,99.99998946116635,N/A,N/A,N/A,N/A
51000,Batch,Completed,0,0,0.0,0.008568669322015249,0.008568669322015249,0.008568669322015249,0.008568669322015249,0.0,STARLINK-33551,0,N/A,0,0.0,18.422639042332786,False,0.0,0.008568669322015249,0.008568669322015249,79999.99143133068,99.99998928916335,N/A,N/A,N/A,N/A
38000,Batch,Completed,0,0,0.0,0.008661281454999453,0.008661281454999453,0.008661281454999453,0.008661281454999453,0.0,STARLINK-5585,0,N/A,0,0.0,18.621755128248825,False,0.0,0.008661281454999453,0.008661281454999453,79999.98734974461,99.99998418718076,N/A,N/A,N/A,N/A
88000,Batch,Completed,0,0,0.0,0.00877023296616818,0.00877023296616818,0.00877023296616818,0.00877023296616818,0.0,STARLINK-6157,0,N/A,0,0.0,18.856000877261586,False,0.0,0.00877023296616818,0.00877023296616818,79999.98586299045,99.99998232873806,N/A,N/A,N/A,N/A
57000,Batch,Completed,0,0,0.0,0.00903049374851235,0.00903049374851235,0.00903049374851235,0.00903049374851235,0.0,STARLINK-35163,0,N/A,0,0.0,19.41556155930155,False,0.0,0.00903049374851235,0.00903049374851235,79999.99096950625,99.99998871188282,N/A,N/A,N/A,N/A
31000,Batch,Completed,0,0,0.0,0.009133927770370094,0.009133927770370094,0.009133927770370094,0.009133927770370094,0.0,STARLINK-6299,0,N/A,0,0.0,19.637944706295702,False,0.0,0.009133927770370094,0.009133927770370094,79999.98051050804,99.99997563813506,N/A,N/A,N/A,N/A
62000,Batch,Completed,0,0,0.0,0.009280407651720494,0.009280407651720494,0.009280407651720494,0.009280407651720494,0.0,STARLINK-34198,0,N/A,0,0.0,19.952876451199064,False,0.0,0.009280407651720494,0.009280407651720494,79999.98969490847,99.99998711863557,N/A,N/A,N/A,N/A
63000,Batch,Completed,0,0,0.0,0.009452171806377155,0.009452171806377155,0.009452171806377155,0.009452171806377155,0.0,STARLINK-34198,0,N/A,0,0.0,20.322169383710882,False,0.0,0.009452171806377155,0.009452171806377155,79999.98024273665,99.99997530342083,N/A,N/A,N/A,N/A
11000,Batch,Completed,0,0,0.0,0.009552361055457188,0.009552361055457188,0.009552361055457188,0.009552361055457188,0.0,STARLINK-4759,0,N/A,0,0.0,20.537576269232954,False,0.0,0.009552361055457188,0.009552361055457188,79999.99044763895,99.99998805954868,N/A,N/A,N/A,N/A
74000,Batch,Completed,0,0,0.0,0.00971660528322003,0.00971660528322003,0.00971660528322003,0.00971660528322003,0.0,STARLINK-31187,0,N/A,0,0.0,20.890701358923064,False,0.0,0.00971660528322003,0.00971660528322003,79999.99028339471,99.99998785424339,N/A,N/A,N/A,N/A
14000,Batch,Completed,0,0,0.0,0.009797332064389886,0.009797332064389886,0.009797332064389886,0.009797332064389886,0.0,STARLINK-30392,0,N/A,0,0.0,21.064263938438256,False,0.0,0.009797332064389886,0.009797332064389886,79999.99020266793,99.99998775333492,N/A,N/A,N/A,N/A
76000,Batch,Completed,0,0,0.0,0.009801650545342027,0.009801650545342027,0.009801650545342027,0.009801650545342027,0.0,STARLINK-4195,0,N/A,0,0.0,21.07354867248536,False,0.0,0.009801650545342027,0.009801650545342027,79999.99019834945,99.99998774793681,N/A,N/A,N/A,N/A
50000,Batch,Completed,0,0,0.0,0.010272564388143432,0.010272564388143432,0.010272564388143432,0.010272564388143432,0.0,STARLINK-33551,0,N/A,0,0.0,22.086013434508377,False,0.0,0.010272564388143432,0.010272564388143432,79999.9811587663,99.99997644845787,N/A,N/A,N/A,N/A
6000,Batch,Completed,0,0,0.0,0.010740170557557547,0.010740170557557547,0.010740170557557547,0.010740170557557547,0.0,STARLINK-32486,0,N/A,0,0.0,23.091366698748725,False,0.0,0.010740170557557547,0.010740170557557547,79999.98925982944,99.9999865747868,N/A,N/A,N/A,N/A
80000,Batch,Completed,0,0,0.0,0.01076277701998902,0.01076277701998902,0.01076277701998902,0.01076277701998902,0.0,STARLINK-3095,0,N/A,0,0.0,23.139970592976393,False,0.0,0.01076277701998902,0.01076277701998902,79999.98923722298,99.99998654652873,N/A,N/A,N/A,N/A
40000,Batch,Completed,0,0,0.0,0.010775440692524552,0.010775440692524552,0.010775440692524552,0.010775440692524552,0.0,STARLINK-31160,0,N/A,0,0.0,23.167197488927787,False,0.0,0.010775440692524552,0.010775440692524552,79999.98303137699,99.99997878922125,N/A,N/A,N/A,N/A
54000,Batch,Completed,0,0,0.0,0.010910700058695636,0.010910700058695636,0.010910700058695636,0.010910700058695636,0.0,STARLINK-6125,0,N/A,0,0.0,23.458005126195616,False,0.0,0.010910700058695636,0.010910700058695636,79999.98729417453,99.99998411771816,N/A,N/A,N/A,N/A
24000,Batch,Completed,0,0,0.0,0.07288171331784214,0.07288171331784214,0.07288171331784214,0.07288171331784214,0.0,STARLINK-5471,0,N/A,0,0.0,156.6956836333606,False,0.0,0.07288171331784214,0.07288171331784214,79999.91663593364,99.99989579491705,N/A,N/A,N/A,N/A
18000,Batch,Completed,0,0,0.0,0.08758400080929142,0.08758400080929142,0.08758400080929142,0.08758400080929142,0.0,STARLINK-4043,0,N/A,0,0.0,188.30560173997657,False,0.0,0.08758400080929142,0.08758400080929142,79999.91241599919,99.99989051999898,N/A,N/A,N/A,N/A
34000,Batch,Completed,0,0,0.0,0.08814202998273335,0.08814202998273335,0.08814202998273335,0.08814202998273335,0.0,STARLINK-31772,0,N/A,0,0.0,189.5053644628767,False,0.0,0.08814202998273335,0.08814202998273335,79999.91185797002,99.99988982246252,N/A,N/A,N/A,N/A
68000,Batch,Completed,0,0,0.0,0.09071769669128957,0.09071769669128957,0.09071769669128957,0.09071769669128957,0.0,STARLINK-31822,0,N/A,0,0.0,195.04304788627257,False,0.0,0.09071769669128957,0.09071769669128957,79999.90623887011,99.99988279858763,N/A,N/A,N/A,N/A
42000,Batch,Completed,0,0,0.0,0.09993828709912102,0.09993828709912102,0.09993828709912102,0.09993828709912102,0.0,STARLINK-34773,0,N/A,0,0.0,214.86731726311018,False,0.0,0.09993828709912102,0.09993828709912102,79999.89823025303,99.99987278781629,N/A,N/A,N/A,N/A
32000,Batch,Completed,0,0,0.0,0.10203041652531429,0.10203041652531429,0.10203041652531429,0.10203041652531429,0.0,STARLINK-31772,0,N/A,0,0.0,219.3653955294257,False,0.0,0.10203041652531429,0.10203041652531429,79999.80982755349,99.99976228444186,N/A,N/A,N/A,N/A
28000,Batch,Completed,0,0,0.0,0.10261127926951827,0.10261127926951827,0.10261127926951827,0.10261127926951827,0.0,STARLINK-34190,0,N/A,0,0.0,220.61425042946428,False,0.0,0.10261127926951827,0.10261127926951827,79999.88963252258,99.99986204065323,N/A,N/A,N/A,N/A
85000,Batch,Completed,0,0,0.0,0.10404565643822371,0.10404565643822371,0.10404565643822371,0.10404565643822371,0.0,STARLINK-5462,0,N/A,0,0.0,223.69816134218098,False,0.0,0.10404565643822371,0.10404565643822371,79999.88621109676,99.99985776387095,N/A,N/A,N/A,N/A
27000,Batch,Completed,0,0,0.0,0.10667389652475197,0.10667389652475197,0.10667389652475197,0.10667389652475197,0.0,STARLINK-34190,0,N/A,0,0.0,229.34887752821672,False,0.0,0.10667389652475197,0.10667389652475197,79999.78295862605,99.99972869828257,N/A,N/A,N/A,N/A
67000,Batch,Completed,0,0,0.0,0.10803265628297558,0.10803265628297558,0.10803265628297558,0.10803265628297558,0.0,STARLINK-31822,0,N/A,0,0.0,232.2702110083975,False,0.0,0.10803265628297558,0.10803265628297558,79999.79820621383,99.99974775776728,N/A,N/A,N/A,N/A
12000,Batch,Completed,0,0,0.0,0.11137747512952134,0.11137747512952134,0.11137747512952134,0.11137747512952134,0.0,STARLINK-5346,0,N/A,0,0.0,239.4615715284709,False,0.0,0.11137747512952134,0.11137747512952134,79999.88260883528,99.99985326104411,N/A,N/A,N/A,N/A
3000,Batch,Completed,0,0,0.0,0.11210317312757836,0.11210317312757836,0.11210317312757836,0.11210317312757836,0.0,STARLINK-11462 [DTC],0,N/A,0,0.0,241.0218222242935,False,0.0,0.11210317312757836,0.11210317312757836,79999.88008300356,99.99985010375445,N/A,N/A,N/A,N/A
65000,Batch,Completed,0,0,0.0,0.1223220711380566,0.1223220711380566,0.1223220711380566,0.1223220711380566,0.0,STARLINK-34145,0,N/A,0,0.0,262.9924529468217,False,0.0,0.1223220711380566,0.1223220711380566,79999.87217481156,99.99984021851446,N/A,N/A,N/A,N/A
69000,Batch,Completed,0,0,0.0,0.12427919143578903,0.12427919143578903,0.12427919143578903,0.12427919143578903,0.0,STARLINK-32190,0,N/A,0,0.0,267.2002615869464,False,0.0,0.12427919143578903,0.12427919143578903,79999.87572080856,99.99984465101069,N/A,N/A,N/A,N/A
52000,Batch,Completed,0,0,0.0,0.13679003525704903,0.13679003525704903,0.13679003525704903,0.13679003525704903,0.0,STARLINK-33551,0,N/A,0,0.0,294.09857580265543,False,0.0,0.13679003525704903,0.13679003525704903,79999.84436873104,99.99980546091379,N/A,N/A,N/A,N/A
77000,Batch,Completed,0,0,0.0,0.13739624166152245,0.13739624166152245,0.13739624166152245,0.13739624166152245,0.0,STARLINK-30122,0,N/A,0,0.0,295.40191957227324,False,0.0,0.13739624166152245,0.13739624166152245,79999.86260375835,99.99982825469793,N/A,N/A,N/A,N/A
44000,Batch,Completed,0,0,0.0,0.13774430391527887,0.13774430391527887,0.13774430391527887,0.13774430391527887,0.0,STARLINK-34773,0,N/A,0,0.0,296.15025341784957,False,0.0,0.13774430391527887,0.13774430391527887,79999.76048594913,99.99970060743641,N/A,N/A,N/A,N/A
46000,Batch,Completed,0,0,0.0,0.1441424082865711,0.1441424082865711,0.1441424082865711,0.1441424082865711,0.0,STARLINK-34764,0,N/A,0,0.0,309.90617781612787,False,0.0,0.1441424082865711,0.1441424082865711,79999.84790870041,99.99980988587551,N/A,N/A,N/A,N/A
56000,Batch,Completed,0,0,0.0,0.14777173867559704,0.14777173867559704,0.14777173867559704,0.14777173867559704,0.0,STARLINK-6125,0,N/A,0,0.0,317.7092381525336,False,0.0,0.14777173867559704,0.14777173867559704,79999.83952243585,99.99979940304482,N/A,N/A,N/A,N/A
73000,Batch,Completed,0,0,0.0,0.1539690401438243,0.1539690401438243,0.1539690401438243,0.1539690401438243,0.0,STARLINK-31187,0,N/A,0,0.0,331.0334363092222,False,0.0,0.1539690401438243,0.1539690401438243,79999.83631435457,99.99979539294321,N/A,N/A,N/A,N/A
83000,Batch,Completed,0,0,0.0,0.15807680988960382,0.15807680988960382,0.15807680988960382,0.15807680988960382,0.0,STARLINK-6138,0,N/A,0,0.0,339.8651412626482,False,0.0,0.15807680988960382,0.15807680988960382,79999.8419231901,99.99980240398763,N/A,N/A,N/A,N/A
75000,Batch,Completed,0,0,0.0,0.16100927139046095,0.16100927139046095,0.16100927139046095,0.16100927139046095,0.0,STARLINK-3541,0,N/A,0,0.0,346.16993348949103,False,0.0,0.16100927139046095,0.16100927139046095,79999.8389907286,99.99979873841075,N/A,N/A,N/A,N/A
60000,Batch,Completed,0,0,0.0,0.1684945558728002,0.1684945558728002,0.1684945558728002,0.1684945558728002,0.0,STARLINK-30841,0,N/A,0,0.0,362.26329512652046,False,0.0,0.1684945558728002,0.1684945558728002,79999.82929540814,99.99978661926018,N/A,N/A,N/A,N/A
49000,Batch,Completed,0,0,0.0,0.1727802982658598,0.1727802982658598,0.1727802982658598,0.1727802982658598,0.0,STARLINK-34055,0,N/A,0,0.0,371.4776412715986,False,0.0,0.1727802982658598,0.1727802982658598,79999.82721970174,99.99978402462717,N/A,N/A,N/A,N/A
7000,Batch,Completed,0,0,0.0,0.17974150585166823,0.17974150585166823,0.17974150585166823,0.17974150585166823,0.0,STARLINK-32486,0,N/A,0,0.0,386.4442375810867,False,0.0,0.17974150585166823,0.17974150585166823,79999.80951832359,99.99976189790448,N/A,N/A,N/A,N/A
93000,Batch,Completed,0,0,0.0,0.1837771017714497,0.1837771017714497,0.1837771017714497,0.1837771017714497,0.0,STARLINK-2017,0,N/A,0,0.0,395.1207688086169,False,0.0,0.1837771017714497,0.1837771017714497,79999.81229317417,99.99976536646771,N/A,N/A,N/A,N/A
9000,Batch,Completed,0,0,0.0,0.18417876892542948,0.18417876892542948,0.18417876892542948,0.18417876892542948,0.0,STARLINK-32373,0,N/A,0,0.0,395.98435318967336,False,0.0,0.18417876892542948,0.18417876892542948,79999.8142084878,99.99976776060976,N/A,N/A,N/A,N/A
89000,Batch,Completed,0,0,0.0,0.20056428882081256,0.20056428882081256,0.20056428882081256,0.20056428882081256,0.0,STARLINK-6157,0,N/A,0,0.0,431.213220964747,False,0.0,0.20056428882081256,0.20056428882081256,79999.78529870162,99.99973162337703,N/A,N/A,N/A,N/A
70000,Batch,Completed,0,0,0.0,0.20090308877031887,0.20090308877031887,0.20090308877031887,0.20090308877031887,0.0,STARLINK-3520,0,N/A,0,0.0,431.9416408561856,False,0.0,0.20090308877031887,0.20090308877031887,79999.79909691123,99.99974887113903,N/A,N/A,N/A,N/A
8000,Batch,Completed,0,0,0.0,0.20713719602254682,0.20713719602254682,0.20713719602254682,0.20713719602254682,0.0,STARLINK-32373,0,N/A,0,0.0,445.3449714484757,False,0.0,0.20713719602254682,0.20713719602254682,79999.60707129179,99.99950883911474,N/A,N/A,N/A,N/A
22000,Batch,Completed,0,0,0.0,0.2113708688192747,0.2113708688192747,0.2113708688192747,0.2113708688192747,0.0,STARLINK-6345,0,N/A,0,0.0,454.4473679614406,False,0.0,0.2113708688192747,0.2113708688192747,79999.78019806427,99.99972524758034,N/A,N/A,N/A,N/A
91000,Batch,Completed,0,0,0.0,0.2149999187352823,0.2149999187352823,0.2149999187352823,0.2149999187352823,0.0,STARLINK-2017,0,N/A,0,0.0,462.24982528085695,False,0.0,0.2149999187352823,0.2149999187352823,79999.59729325543,99.99949661656929,N/A,N/A,N/A,N/A
2000,Batch,Completed,0,0,0.0,0.21848449091774097,0.21848449091774097,0.21848449091774097,0.21848449091774097,0.0,STARLINK-5024,0,N/A,0,0.0,469.7416554731431,False,0.0,0.21848449091774097,0.21848449091774097,79999.78151550908,99.99972689438636,N/A,N/A,N/A,N/A
17000,Batch,Completed,0,0,0.0,0.2200713688928825,0.2200713688928825,0.2200713688928825,0.2200713688928825,0.0,STARLINK-3912,0,N/A,0,0.0,473.1534431196974,False,0.0,0.2200713688928825,0.2200713688928825,79999.7799286311,99.99972491078888,N/A,N/A,N/A,N/A
58000,Batch,Completed,0,0,0.0,0.22616107097434668,0.22616107097434668,0.22616107097434668,0.22616107097434668,0.0,STARLINK-30841,0,N/A,0,0.0,486.24630259484536,False,0.0,0.22616107097434668,0.22616107097434668,79999.60313433717,99.99950391792146,N/A,N/A,N/A,N/A
79000,Batch,Completed,0,0,0.0,0.2261787765883576,0.2261787765883576,0.2261787765883576,0.2261787765883576,0.0,STARLINK-6266,0,N/A,0,0.0,486.2843696649689,False,0.0,0.2261787765883576,0.2261787765883576,79999.77382122341,99.99971727652927,N/A,N/A,N/A,N/A
33000,Batch,Completed,0,0,0.0,0.22939409449307394,0.22939409449307394,0.22939409449307394,0.22939409449307394,0.0,STARLINK-31772,0,N/A,0,0.0,493.19730316010896,False,0.0,0.22939409449307394,0.22939409449307394,79999.58043345899,99.99947554182373,N/A,N/A,N/A,N/A
21000,Batch,Completed,0,0,0.0,0.23200514814830359,0.23200514814830359,0.23200514814830359,0.23200514814830359,0.0,STARLINK-6345,0,N/A,0,0.0,498.8110685188527,False,0.0,0.23200514814830359,0.23200514814830359,79999.54819291612,99.99943524114515,N/A,N/A,N/A,N/A
