Task ID,Task Type,Status,Arrival Time (System),Arrival Time (Queue),Start Time,End Time,Execution time,Service Time,Time in system,Time in queue,Server Name,Num Hops,Num Hops Routing,Queue length,transfer_time,Image_Size_MB,Exec_after_set,Energy_CPU [J],Energy_NET [J],Energy_TOTAL [J],Remaining_energy [J],Remaining_energy [%],Rejection Reason,Routing Init Time,Routing End Time,Routing Duration
5,Generic_Service,Completed,1.2482569816529492,1.2501103320241533,1.2501103320241533,1.2925537089290096,0.04244337690485622,0.04429672727606047,0.04429672727606038,0.0,STARLINK-11538 [DTC],1,2,1,0.0018533503712042452,0.03195274063969653,False,408.019333198858,1.4861739832416991e-05,408.01934806059785,79591.98066680114,99.48997583350143,N/A,1.2482569816529492,1.4079878545073257,0.15973087285437648
37,Generic_Service,Completed,4.952567852616126,4.954211089367144,4.954211089367144,4.98559345852257,0.031382369155426026,0.03302560590644317,0.033025605906443545,0.0,STARLINK-11538 [DTC],1,2,1,0.0016432367510171464,0.037717721942635424,False,297.5346984833391,1.7543126484946707e-05,297.5347160264656,79294.44596831778,99.11805746039724,N/A,4.952567852616126,5.032632109509205,0.0800642568930785
40,CPU_and_Data_Intensive,Completed,5.279658187645314,5.281311791586699,5.281311791586699,5.42799929341493,0.14668750182823143,0.14834110576961615,0.14834110576961645,0.0,STARLINK-11538 [DTC],1,2,2,0.0016536039413847284,0.06336846251195388,False,1442.394403911758,2.9473703493932037e-05,1442.3944333854615,77852.05153493231,97.31506441866539,N/A,5.279658187645314,5.4347726973614146,0.15511450971610063
43,CPU_and_Data_Intensive,Completed,5.423810623375686,5.4257928703256555,5.4257928703256555,5.900248318056227,0.4744554477305716,0.47643769468054137,0.4764376946805413,0.0,STARLINK-11538 [DTC],1,2,3,0.001982246949969815,0.8765045441543566,False,4662.300871670372,0.00040767653216481703,4662.301279346903,73189.75025558537,91.48718781948172,N/A,5.423810623375686,5.937264659936888,0.5134540365612024
42,CPU_and_Data_Intensive,Completed,5.417890616002405,5.481715800074069,5.481715800074069,6.605473570191421,1.1237577701173525,1.187582954189016,1.1875829541890157,0.0,STARLINK-11538 [DTC],1,2,3,0.06382518407166349,153.889720266868,False,10348.292765004988,0.07157661407761302,10348.364341619066,62841.385913966,78.5517323924575,N/A,5.417890616002405,6.747328772423378,1.3294381564209727
176,CPU_Intensive,Completed,19.36970016864307,19.371345556235006,19.371345556235006,19.447728100167968,0.07638254393296151,0.07802793152489769,0.07802793152489684,0.0,STARLINK-11538 [DTC],1,2,1,0.0016453875919361749,0.043039381955013514,False,738.5472732693183,2.001831718837838e-05,738.5472932876355,62102.838640646456,77.62854830080806,N/A,19.36970016864307,19.569595665579058,0.19989549693598718
182,CPU_and_Data_Intensive,Completed,19.821934630221214,19.82414941452764,19.82414941452764,20.024445465447354,0.20029605091971447,0.20251083522614088,0.2025108352261391,0.0,STARLINK-11538 [DTC],1,2,2,0.0022147843064264025,1.4518538134988102,False,1963.287556393478,0.0006752808434878187,1963.2882316743217,60139.55040897212,75.17443801121514,N/A,19.821934630221214,20.07947224595671,0.25753761573549383
187,CPU_and_Data_Intensive,Completed,19.939469076530777,19.94674215978746,19.94674215978746,20.57660155671987,0.6298593969324102,0.6371324801890927,0.6371324801890914,0.0,STARLINK-11538 [DTC],1,2,3,0.0072730832566825125,13.967213278759559,False,6130.829257847533,0.0064963782691904925,6130.835754225802,54008.714654745854,67.51089331843232,N/A,19.939469076530777,20.68992156064547,0.7504524841146925
192,CPU_and_Data_Intensive,Completed,20.392846157553493,20.39503311960532,20.39503311960532,20.67849260691083,0.2834594873055103,0.28564644935733796,0.28564644935733696,0.0,STARLINK-11538 [DTC],1,2,3,0.0021869620518276535,1.3830153520196362,False,2781.52205205225,0.0006432629544277378,2781.522695315204,51227.19195942614,64.03398994928267,N/A,20.392846157553493,20.791308748905273,0.3984625913517803
256,CPU_and_Data_Intensive,Completed,26.939924269064115,26.948114509555953,26.948114509555953,27.101706933057457,0.15359242350150382,0.16178266399334143,0.16178266399334262,0.0,STARLINK-11538 [DTC],1,2,2,0.008190240491837602,16.236464779513472,False,1436.3217424238285,0.0075518440834946386,1436.329294267912,49790.86266515763,62.23857833144704,N/A,26.939924269064115,27.157073818552696,0.21714954948858178
264,Generic_Service,Completed,27.596885961995696,27.598537773893533,27.598537773893533,27.63779679007564,0.03925901618210759,0.04091082807994596,0.040910828079944395,0.0,STARLINK-11538 [DTC],1,2,1,0.0016518118978383742,0.05893454720157324,False,368.7506143925673,2.7411417303057323e-05,368.7506418039846,49422.11205075909,61.77764006344886,N/A,27.596885961995696,27.76729478355469,0.1704088215589934
269,CPU_and_Data_Intensive,Completed,27.875104418446195,27.876874810913463,27.876874810913463,27.97895156790601,0.10207675699254537,0.10384714945981215,0.10384714945981344,0.0,STARLINK-11538 [DTC],1,2,2,0.0017703924672667819,0.3523293161913916,False,1002.3220266189335,0.00016387410055413563,1002.322190493034,48419.789860266035,60.524737325332545,N/A,27.875104418446195,28.068055969857856,0.1929515514116602
277,CPU_Intensive,Completed,28.847478272107285,28.849132438290923,28.849132438290923,29.818851327581687,0.969718889290764,0.9713730554744012,0.9713730554744018,0.0,STARLINK-11538 [DTC],1,2,1,0.001654166183637265,0.06475957520937517,False,9518.187664657084,3.0120732655523333e-05,9518.187694777816,38901.60219560884,48.627002744511046,N/A,28.847478272107285,29.881281791940832,1.0338035198335476
286,CPU_Intensive,Completed,29.692950620660113,29.69461093580557,29.69461093580557,30.556910024366275,0.8622990885607038,0.8639594037061621,0.8639594037061613,0.0,STARLINK-11538 [DTC],1,2,2,0.001660315145458325,0.07997347780499621,False,8457.221810653913,3.719696642092847e-05,8457.22184785088,30444.380384954893,38.05547548119362,N/A,29.692950620660113,30.584831776820423,0.8918811561603093
420,Generic_Service,Completed,43.978747596423794,43.98040401787752,43.98040401787752,44.038005116241166,0.05760109836364791,0.05925751981737413,0.05925751981737193,0.0,STARLINK-11538 [DTC],1,2,1,0.0016564214537262217,0.07033961627300482,False,545.7860491199662,3.2716100592095265e-05,545.7860818360667,29898.5943358349,37.373242919793626,N/A,43.978747596423794,44.10196315446559,0.1232155580417924
424,Generic_Service,Completed,44.4633211754564,44.46495360846155,44.46495360846155,44.528770016381294,0.06381640791974519,0.06544884092489117,0.06544884092489411,0.0,STARLINK-11538 [DTC],1,2,1,0.0016324330051459878,0.010986845717529533,False,624.402595957887,5.1101607988509455e-06,624.4026010680478,29274.191739876987,36.592739674846236,N/A,44.4633211754564,44.71072024614053,0.24739907068413203
429,CPU_Intensive,Completed,45.09414139254989,45.095796535431,45.095796535431,45.48725338663895,0.3914568512079484,0.3931119940890541,0.39311199408905395,0.0,STARLINK-11538 [DTC],1,2,1,0.001655142881105732,0.06717614252318684,False,3830.218408074835,3.124471745264504e-05,3830.2184393195525,25443.97333180215,31.804966664752687,N/A,45.09414139254989,45.614056590753464,0.5199151982035701
434,CPU_Intensive,Completed,45.42535729915537,45.427009011644266,45.427009011644266,46.973045205593856,1.5460361939495897,1.54768790643848,1.5476879064384832,0.0,STARLINK-11538 [DTC],1,2,2,0.0016517124888904753,0.05868858729899487,False,15188.107083625324,2.729701734836971e-05,15188.107110922341,10255.866248176804,12.819832810221005,N/A,45.42535729915537,47.228788566598936,1.803431267443564
608,CPU_and_Data_Intensive,Completed,61.651355900671035,61.65384860931544,61.65384860931544,62.199378933666495,0.5455303243510556,0.548023032995458,0.5480230329954594,0.0,STARLINK-11538 [DTC],1,2,2,0.0024927086444023333,2.1395005951777137,False,5355.5509132348625,0.000995116555896611,5355.551908351418,4900.314339825362,6.125392924781703,N/A,61.651355900671035,62.2377457677263,0.5863898670552672
646,CPU_Intensive,Completed,64.48900515656658,64.49066571331146,64.49066571331146,64.91349638812733,0.4228306748158701,0.4244912315607506,0.42449123156075075,0.0,STARLINK-11538 [DTC],1,2,1,0.0016605567448804432,0.08057124864538087,False,4134.835778695776,3.7474999369944594e-05,4134.835816170776,765.4785611286943,0.9568482014108679,N/A,64.48900515656658,64.96307571852459,0.47407056195801545
901,CPU_and_Data_Intensive,Completed,91.3847926020354,91.39070295774519,91.39070295774519,91.47179471535951,0.08109175761431686,0.08700211332410222,0.0870021133241039,0.0,STARLINK-11538 [DTC],1,2,2,0.005910355709785356,10.595521476762098,False,749.0756796325012,0.004928149524075395,749.0806077820253,16.39795334663357,0.020497441683291963,N/A,91.3847926020354,91.53615537448182,0.1513627724464186
838,CPU_Intensive,Rejected,84.69239098477937,N/A,N/A,N/A,0.8467589709502225,0.0,0.0,0.0,STARLINK-11538 [DTC],0,N/A,N/A,0.0,0.035149014156257014,False,0.0,0.0,0.0,16.397953341957646,0.020497441677447055,Insufficient Energy for CPU,N/A,N/A,N/A
842,CPU_Intensive,Rejected,84.75692776170114,N/A,N/A,N/A,1.013747506359924,0.0,0.0,0.0,STARLINK-11538 [DTC],0,N/A,N/A,0.0,0.012631344333499063,False,0.0,0.0,0.0,16.397953341957646,0.020497441677447055,Insufficient Energy for CPU,N/A,N/A,N/A
843,CPU_Intensive,Rejected,84.8096661713964,N/A,N/A,N/A,1.6930452080630125,0.0,0.0,0.0,STARLINK-11538 [DTC],0,N/A,N/A,0.0,0.08048544094090883,False,0.0,0.0,0.0,16.397953341957646,0.020497441677447055,Insufficient Energy for CPU,N/A,N/A,N/A
846,CPU_and_Data_Intensive,Rejected,85.39038368641312,N/A,N/A,N/A,1.7218892105000596,0.0,0.0,0.0,STARLINK-11538 [DTC],0,N/A,N/A,0.0,18.801194427224885,False,0.0,0.0,0.0,16.397953341957646,0.020497441677447055,Insufficient Energy for CPU+NET,N/A,N/A,N/A
849,CPU_and_Data_Intensive,Rejected,85.69769649769775,N/A,N/A,N/A,0.9095252324741071,0.0,0.0,0.0,STARLINK-11538 [DTC],0,N/A,N/A,0.0,2.189075598140038,False,0.0,0.0,0.0,16.397953341957646,0.020497441677447055,Insufficient Energy for CPU+NET,N/A,N/A,N/A
853,CPU_and_Data_Intensive,Rejected,86.32659071818394,N/A,N/A,N/A,1.5204255324003577,0.0,0.0,0.0,STARLINK-11538 [DTC],0,N/A,N/A,0.0,290.06856348697204,False,0.0,0.0,0.0,16.397953341957646,0.020497441677447055,Insufficient Energy for CPU+NET,N/A,N/A,N/A
858,CPU_and_Data_Intensive,Rejected,87.10467523153805,N/A,N/A,N/A,0.7396998601747466,0.0,0.0,0.0,STARLINK-11538 [DTC],0,N/A,N/A,0.0,1.7551783654520223,False,0.0,0.0,0.0,16.397953341957646,0.020497441677447055,Insufficient Energy for CPU+NET,N/A,N/A,N/A
863,CPU_Intensive,Rejected,87.33160350338012,N/A,N/A,N/A,1.2990374261708801,0.0,0.0,0.0,STARLINK-11538 [DTC],0,N/A,N/A,0.0,0.06699377643897235,False,0.0,0.0,0.0,16.397953341957646,0.020497441677447055,Insufficient Energy for CPU,N/A,N/A,N/A
870,CPU_Intensive,Rejected,88.3853840773947,N/A,N/A,N/A,1.535466531909327,0.0,0.0,0.0,STARLINK-11538 [DTC],0,N/A,N/A,0.0,0.04424400663296387,False,0.0,0.0,0.0,16.397953341957646,0.020497441677447055,Insufficient Energy for CPU,N/A,N/A,N/A
879,CPU_Intensive,Rejected,89.22268298929743,N/A,N/A,N/A,0.89465819301941,0.0,0.0,0.0,STARLINK-11538 [DTC],0,N/A,N/A,0.0,0.04705895296984274,False,0.0,0.0,0.0,16.397953341957646,0.020497441677447055,Insufficient Energy for CPU,N/A,N/A,N/A
883,CPU_and_Data_Intensive,Rejected,89.71503522398612,N/A,N/A,N/A,0.9212965072061663,0.0,0.0,0.0,STARLINK-11538 [DTC],0,N/A,N/A,0.0,11.420473865853058,False,0.0,0.0,0.0,16.397953341957646,0.020497441677447055,Insufficient Energy for CPU+NET,N/A,N/A,N/A
890,CPU_and_Data_Intensive,Rejected,90.35496714692073,N/A,N/A,N/A,0.9327538381210073,0.0,0.0,0.0,STARLINK-11538 [DTC],0,N/A,N/A,0.0,0.7641027434691026,False,0.0,0.0,0.0,16.397953341957646,0.020497441677447055,Insufficient Energy for CPU+NET,N/A,N/A,N/A
892,CPU_and_Data_Intensive,Rejected,90.73440259845846,N/A,N/A,N/A,1.4820784688694586,0.0,0.0,0.0,STARLINK-11538 [DTC],0,N/A,N/A,0.0,1.6712025900673793,False,0.0,0.0,0.0,16.397953341957646,0.020497441677447055,Insufficient Energy for CPU+NET,N/A,N/A,N/A
896,CPU_Intensive,Rejected,91.01793636477895,N/A,N/A,N/A,0.8429277787506847,0.0,0.0,0.0,STARLINK-11538 [DTC],0,N/A,N/A,0.0,0.025261915217060144,False,0.0,0.0,0.0,16.397953341957646,0.020497441677447055,Insufficient Energy for CPU,N/A,N/A,N/A
897,CPU_and_Data_Intensive,Rejected,91.11925778571606,N/A,N/A,N/A,1.4305960563308708,0.0,0.0,0.0,STARLINK-11538 [DTC],0,N/A,N/A,0.0,7.012132234973604,False,0.0,0.0,0.0,16.397953341957646,0.020497441677447055,Insufficient Energy for CPU+NET,N/A,N/A,N/A
898,CPU_Intensive,Rejected,91.27164929352058,N/A,N/A,N/A,0.4141643241185411,0.0,0.0,0.0,STARLINK-11538 [DTC],0,N/A,N/A,0.0,0.03558391499318776,False,0.0,0.0,0.0,16.397953341957646,0.020497441677447055,Insufficient Energy for CPU,N/A,N/A,N/A
899,CPU_Intensive,Rejected,91.31709541383455,N/A,N/A,N/A,0.16688037445987602,0.0,0.0,0.0,STARLINK-11538 [DTC],0,N/A,N/A,0.0,0.02785496594524759,False,0.0,0.0,0.0,16.397953341957646,0.020497441677447055,Insufficient Energy for CPU,N/A,N/A,N/A
900,CPU_Intensive,Rejected,91.35356074860394,N/A,N/A,N/A,0.09308404499724161,0.0,0.0,0.0,STARLINK-11538 [DTC],0,N/A,N/A,0.0,0.01736387131977582,False,0.0,0.0,0.0,16.397953341957646,0.020497441677447055,Insufficient Energy for CPU,N/A,N/A,N/A
2000,Batch,Completed,0,0,0.0,0.177175483261022,0.177175483261022,0.177175483261022,0.177175483261022,0.0,STARLINK-30483,0,N/A,0,0.0,380.92728901119733,False,0.0,0.177175483261022,0.177175483261022,80000,100.0,N/A,N/A,N/A,N/A
24,CPU_Intensive,Completed,3.386947241320836,3.388466659270813,3.388466659270813,4.280847150862249,0.8923804915914366,0.8938999095414136,0.8938999095414135,0.0,STARLINK-30483,1,1,2,0.0015194179499769976,0.0484322530082595,False,8762.36871299409,2.252662930616721e-05,8762.368735520718,71237.45411152265,89.04681763940332,N/A,3.386947241320836,4.329865057236082,0.9429178159152465
115,CPU_Intensive,Completed,12.992773334146321,12.994295618320931,12.994295618320931,13.319898624048953,0.3256030057280217,0.32712528990263157,0.32712528990263223,0.0,STARLINK-30483,1,1,2,0.0015222841746098626,0.056979137221733776,False,3185.5447089024187,2.6501924289178502e-05,3185.544735404343,68051.90940262022,85.06488675327529,N/A,12.992773334146321,13.406912631955043,0.41413929780872216
135,Generic_Service,Completed,15.968711754549483,15.97021836747161,15.97021836747161,16.00101564697525,0.030797279503641306,0.03230389242576832,0.0323038924257677,0.0,STARLINK-30483,1,1,2,0.0015066129221270122,0.010248542935704257,False,299.8741519909326,4.7667641561415145e-06,299.87415675769677,67752.03525062928,84.6900440632866,N/A,15.968711754549483,16.027413799371153,0.058702044821670185
141,CPU_and_Data_Intensive,Completed,16.669520718442662,16.67613286727982,16.67613286727982,17.019482921435127,0.3433500541553087,0.34996220299246467,0.34996220299246517,0.0,STARLINK-30483,1,1,3,0.006612148837155918,15.234604587167428,False,3307.1874369172506,0.007085862598682525,3307.194522779849,64444.840727849434,80.55605090981179,N/A,16.669520718442662,17.13598234321326,0.4664616247705986
159,CPU_and_Data_Intensive,Completed,18.313052571439222,18.31469936129236,18.31469936129236,19.18019974565377,0.8655003843614111,0.8671471742145483,0.8671471742145478,0.0,STARLINK-30483,1,1,3,0.001646789853137284,0.42824648524887743,False,8510.312217234834,0.0001991844117436639,8510.312416419245,55934.52831143019,69.91816038928775,N/A,18.313052571439222,19.365278145566254,1.052225574127032
175,CPU_Intensive,Completed,19.16423759226321,19.1657547218753,19.1657547218753,20.085216583095324,0.9194618612200252,0.9209789908321161,0.9209789908321149,0.0,STARLINK-30483,1,1,3,0.001517129612090974,0.04160858722544241,False,9030.726937771722,1.9352831267647633e-05,9030.726957124554,46903.80137365847,58.629751717073084,N/A,19.16423759226321,20.17947224655364,1.0152346542904311
290,CPU_and_Data_Intensive,Completed,30.657547689760214,30.65909412854823,30.65909412854823,30.890166927834063,0.23107279928583324,0.2326192380738496,0.23261923807384832,0.0,STARLINK-30483,1,1,3,0.0015464387880163714,0.12900652880837782,False,2272.0308516517916,6.000303665505945e-05,2272.0309116548283,44631.77046200364,55.789713077504544,N/A,30.657547689760214,30.986469136893824,0.3289214471336095
313,CPU_and_Data_Intensive,Completed,33.352737563672854,33.35449302473522,33.35449302473522,34.288868726843276,0.9343757021080563,0.9361311631704218,0.9361311631704226,0.0,STARLINK-30483,1,1,3,0.0017554610623655043,0.7522965376983195,False,9186.224576697277,0.0003499053663713114,9186.224926602643,35445.545535401,44.30693191925125,N/A,33.352737563672854,34.31345328030277,0.9607157166299132
382,CPU_and_Data_Intensive,Completed,40.64516901596038,40.653671104507154,40.653671104507154,41.02885903974711,0.37518793523995697,0.3836900237867373,0.383690023786734,0.0,STARLINK-30483,1,1,3,0.008502088546780329,20.870274479676848,False,3594.535613686245,0.009707104409152022,3594.5453207906544,31851.000214610343,39.81375026826293,N/A,40.64516901596038,41.077209293135276,0.4320402771748988
407,Generic_Service,Completed,42.93176175816751,42.93329324945003,42.93329324945003,42.97192524499365,0.03863199554361785,0.04016348682613699,0.04016348682613824,0.0,STARLINK-30483,1,1,2,0.0015314912825191431,0.08443409812719496,False,355.0703069777886,3.927167354753254e-05,355.07034624946215,31495.929907632555,39.3699123845407,N/A,42.93176175816751,42.994356683127876,0.062594924960365
412,Generic_Service,Completed,43.26290593647766,43.26442796925601,43.26442796925601,43.30172817094319,0.037300201687180845,0.03882223446553186,0.03882223446553468,0.0,STARLINK-30483,1,1,2,0.0015220327783510145,0.05622949091298361,False,350.2825557077473,2.6153251587434237e-05,350.2825818609989,31145.647351924807,38.93205918990601,N/A,43.26290593647766,43.39888909308082,0.13598315660316018
417,CPU_Intensive,Completed,43.557505307253514,43.55903009118869,43.55903009118869,43.929376633311875,0.37034654212318685,0.3718713260583647,0.37187132605836126,0.0,STARLINK-30483,1,1,2,0.0015247839351778725,0.0644332508634938,False,3623.4048902926415,2.9968953889997117e-05,3623.4049202615956,27522.242461632166,34.402803077040204,N/A,43.557505307253514,43.99986516986533,0.44235986261181637
444,Generic_Service,Completed,46.61243910896803,46.613955916165146,46.613955916165146,46.64922226247818,0.035266346313036934,0.03678315351014796,0.03678315351015016,0.0,STARLINK-30483,1,1,2,0.001516807197111027,0.04064716798750143,False,334.87078164023933,1.8905659529070435e-05,334.8708005458989,27187.371679991928,33.98421459998991,N/A,46.61243910896803,46.820175014600835,0.2077359056328021
447,CPU_Intensive,Completed,46.65416308604142,46.65567794449827,46.65567794449827,46.830001109062216,0.17432316456394403,0.17583802302079546,0.17583802302079476,0.0,STARLINK-30483,1,1,2,0.0015148584568514163,0.03483615890954969,False,1704.2188564088492,1.620286460909288e-05,1704.2188726117138,25483.152823583077,31.85394102947885,N/A,46.65416308604142,47.025826282685244,0.37166319664382286
457,Generic_Service,Completed,47.158308681087,47.15981560806896,47.15981560806896,47.17885288380028,0.0190372757313213,0.020544202713281202,0.020544202713281834,0.0,STARLINK-30483,1,1,2,0.0015069269819598997,0.011185047701247031,False,183.93755331348282,5.202347768021875e-06,183.9375585158306,25299.215270269593,31.62401908783699,N/A,47.158308681087,47.32976463620791,0.17145595512091205
462,Generic_Service,Completed,47.31885243081191,47.320371761048285,47.320371761048285,47.41773408507119,0.09736232402290312,0.09888165425928112,0.09888165425928008,0.0,STARLINK-30483,1,1,3,0.0015193302363779965,0.04817069710436709,False,943.3732722541529,2.240497539738004e-05,943.3732946591283,24355.84199801544,30.444802497519298,N/A,47.31885243081191,47.43074070594135,0.11188827512944499
459,CPU_and_Data_Intensive,Completed,47.16522940643905,47.16899464492278,47.16899464492278,47.5858535158073,0.4168588708845178,0.4206241093682451,0.4206241093682479,0.0,STARLINK-30483,1,1,4,0.0037652384837273635,6.745314223148806,False,4068.986923302215,0.0031373554526273515,4068.9900606576675,20286.851937357773,25.35856492169722,N/A,47.16522940643905,47.733137152712416,0.567907746273363
465,Generic_Service,Completed,47.563467081994695,47.56498813287606,47.56498813287606,47.613997519479774,0.04900938660371423,0.05053043748507599,0.05053043748507946,0.0,STARLINK-30483,1,1,3,0.0015210508813617565,0.05330154179813753,False,466.30613049497504,2.479141478983141e-05,466.3061552863898,19820.5458068628,24.7756822585785,N/A,47.563467081994695,47.632812899645906,0.06934581765121095
488,CPU_Intensive,Completed,51.26822727144842,51.269734615897256,51.269734615897256,51.61102316699496,0.34128855109770484,0.34279589554654194,0.3427958955465442,0.0,STARLINK-30483,1,1,2,0.0015073444488371223,0.01242990514251989,False,3352.939945999755,5.781351229079018e-06,3352.939951781106,16467.605860863045,20.584507326078803,N/A,51.26822727144842,51.75588428530688,0.4876570138584597
527,CPU_and_Data_Intensive,Completed,53.85890163735249,53.86067547163697,53.86067547163697,54.20923161841728,0.3485561467803109,0.3503299810647917,0.35032998106478885,0.0,STARLINK-30483,1,1,3,0.0017738342844808065,0.8070842191128625,False,3424.3879071829256,0.0003753880088897035,3424.3882825709343,13043.217578292111,16.30402197286514,N/A,53.85890163735249,54.28543838797052,0.426536750618034
584,CPU_and_Data_Intensive,Completed,59.056882648712836,59.05991437913452,59.05991437913452,59.29926939806252,0.23935501892800204,0.24238674934968468,0.2423867493496843,0.0,STARLINK-30483,1,1,3,0.00303173042168263,4.558043761489501,False,2333.2267502182126,0.0021200203541811634,2333.2288702385667,10709.988708053545,13.38748588506693,N/A,59.056882648712836,59.3215971313542,0.26471448264136654
611,Generic_Service,Completed,61.80105564918882,61.802572643511375,61.802572643511375,61.850765726639466,0.048193083128090564,0.04971007745065052,0.049710077450647816,0.0,STARLINK-30483,1,1,2,0.0015169943225599592,0.041205163172902834,False,461.84194273422196,1.9165192173443178e-05,461.8419618994141,10248.146765319323,12.810183456649154,N/A,61.80105564918882,62.0356477827502,0.2345921335613852
615,CPU_Intensive,Completed,62.08029192548793,62.08179922577676,62.08179922577676,62.131513842919894,0.04971461714313108,0.05122191743196648,0.0512219174319668,0.0,STARLINK-30483,1,1,2,0.0015073002888354023,0.012298223062462435,False,485.32386222291757,5.720103749982528e-06,485.3238679430213,9762.822903096405,12.203528628870506,N/A,62.08029192548793,62.1356477827682,0.0553558572802757
619,Generic_Service,Completed,62.44631631030114,62.44782565549764,62.44782565549764,62.54457020497932,0.09674454948168432,0.09825389467818121,0.09825389467818013,0.0,STARLINK-30483,1,1,2,0.0015093451964968989,0.018395996701573783,False,946.0705945717364,8.556277535615713e-06,946.0706031280139,8816.752308524668,11.020940385655836,N/A,62.44631631030114,62.6399078120361,0.1935915017349572
634,CPU_Intensive,Completed,63.72236319900604,63.723879915335374,63.723879915335374,63.799695043370996,0.07581512803562163,0.07733184436495408,0.07733184436495577,0.0,STARLINK-30483,1,1,2,0.0015167163293324543,0.04037620653762343,False,733.7513999545401,1.8779630947731827e-05,733.7514187341711,8083.000908570129,10.10375113571266,N/A,63.72236319900604,63.95282312124611,0.2304599222400725
645,Generic_Service,Completed,64.48068091341541,64.48220334266252,64.48220334266252,64.51115442407003,0.028951081407512902,0.030473510654616166,0.03047351065461612,0.0,STARLINK-30483,1,1,2,0.0015224292471032648,0.05741173339352395,False,267.81988426691987,2.670313181094137e-05,267.8199109700517,7815.181024303209,9.768976280379011,N/A,64.48068091341541,64.55892148193614,0.07824056852072658
648,CPU_Intensive,Completed,64.56777151180549,64.56929944161301,64.56929944161301,64.63005771597156,0.06075827435854819,0.06228620416606574,0.062286204166071,0.0,STARLINK-30483,1,1,2,0.0015279298075175467,0.07381402525544709,False,575.8134052522915,3.4332104769975386e-05,575.8134395843963,7239.367619050917,9.049209523813646,N/A,64.56777151180549,64.65892148195613,0.09114997015063864
659,CPU_and_Data_Intensive,Completed,65.88318377590399,65.88513390562636,65.88513390562636,66.00841106974524,0.1232771641188748,0.12522729384125225,0.12522729384124887,0.0,STARLINK-30483,1,1,3,0.0019501297223774668,1.332785058394355,False,1206.3448117176238,0.0006199000271601651,1206.345431617651,6033.022187433266,7.541277734291582,N/A,65.88318377590399,66.16881502049478,0.2856312445907889
662,Generic_Service,Completed,66.30239033213215,66.30391825616573,66.30391825616573,66.329315002325,0.025396746159273675,0.026924670192860736,0.02692467019285516,0.0,STARLINK-30483,1,1,2,0.001527924033587059,0.07379680779287655,False,228.03478706260526,3.432409664784956e-05,228.0348213867019,5804.98740037066,7.256234250463326,N/A,66.30239033213215,66.3688150209115,0.0664246887793496
671,Generic_Service,Completed,67.51928654244446,67.52080088874715,67.52080088874715,67.64198692458494,0.12118603583779475,0.12270038214048161,0.12270038214047929,0.0,STARLINK-30483,1,1,2,0.0015143463026868575,0.03330895050664233,False,1182.0605905975829,1.5492535119368525e-05,1182.060606090118,4622.926809773077,5.778658512216347,N/A,67.51928654244446,67.67033487285536,0.1510483304109016
690,CPU_Intensive,Completed,69.1506153455851,69.15214011743504,69.15214011743504,69.18215800515382,0.030017887718784664,0.031542659568730175,0.03154265956872848,0.0,STARLINK-30483,1,1,2,0.0015247718499455084,0.0643972135339261,False,276.25372786342325,2.995219234136098e-05,276.2537578156156,4346.673081909654,5.4333413523870675,N/A,69.1506153455851,69.27537207043827,0.12475672485317091
703,Generic_Service,Completed,70.41807944033062,70.41959267930139,70.41959267930139,70.45110229391325,0.03150961461186341,0.033022853582632884,0.03302285358263646,0.0,STARLINK-30483,1,1,2,0.0015132389707694712,0.03000696308553595,False,301.05816255107226,1.3956727016528349e-05,301.05817650779926,4045.6149193585816,5.057018649198227,N/A,70.41807944033062,70.4822134492981,0.06413400896748556
721,Generic_Service,Completed,71.58085023830888,71.5823807596493,71.5823807596493,71.60368073621663,0.02129997656733451,0.02283049790775136,0.022830497907747827,0.0,STARLINK-30483,1,1,2,0.0015305213404168485,0.08154179766091985,False,185.46062319886667,3.7926417516706906e-05,185.4606611252842,3860.1542961597147,4.825192870199643,N/A,71.58085023830888,71.69145561467778,0.11060537636889478
724,Generic_Service,Completed,71.68879396577094,71.69031455882829,71.69031455882829,71.7509130524543,0.06059849362600289,0.06211908668335113,0.062119086683352975,0.0,STARLINK-30483,1,1,2,0.0015205930573482403,0.051936342159280224,False,580.6882608346655,2.415643821361871e-05,580.6882849911037,3279.4660353250492,4.0993325441563115,N/A,71.68879396577094,71.791455614704,0.10266164893306495
728,Generic_Service,Completed,72.34353026507972,72.34504257997956,72.34504257997956,72.37797934695271,0.032936766973151066,0.03444908187299204,0.03444908187299234,0.0,STARLINK-30483,1,1,2,0.0015123148998409722,0.02725144729645304,False,315.90624906161577,1.2675091765792112e-05,315.9062617367075,2963.5597862634336,3.704449732829292,N/A,72.34353026507972,72.3918061499339,0.048275884854177775
738,Generic_Service,Completed,73.98308911787531,73.98459837318231,73.98459837318231,74.00037349381849,0.01577512063617803,0.01728437594318126,0.01728437594317711,0.0,STARLINK-30483,1,1,2,0.0015092553070032294,0.018127952429819634,False,149.80823163601647,8.431605781311457e-06,149.80824006762225,2813.751554627417,3.5171894432842716,N/A,73.98308911787531,74.09860634165348,0.11551722377816986
760,Generic_Service,Completed,76.14836988329701,76.14988865744188,76.14988865744188,76.18488802714212,0.03499936970024464,0.0365181438451175,0.03651814384511454,0.0,STARLINK-30483,1,1,2,0.0015187741448728599,0.04651247058157358,False,330.51681776101105,2.1633707247243525e-05,330.5168393947183,2483.234736866406,3.1040434210830075,N/A,76.14836988329701,76.20196583360601,0.05359595030900266
774,Generic_Service,Completed,77.68579473684474,77.68731927214633,77.68731927214633,77.70909280536831,0.021773533221988828,0.023298068523572697,0.02329806852357308,0.0,STARLINK-30483,1,1,2,0.0015245353015838705,0.06369184263081416,False,195.37762687538537,2.9624112851541473e-05,195.37765649949822,2287.8571099910205,2.8598213874887755,N/A,77.68579473684474,77.80637371737136,0.12057898052661642
775,CPU_Intensive,Completed,77.71028420744875,77.7118159766387,77.7118159766387,77.75145935164048,0.039643375001773506,0.04117514419171915,0.041175144191726076,0.0,STARLINK-30483,1,1,2,0.0015317691899456448,0.08526279890979918,False,364.7731327959413,3.965711577199962e-05,364.7731724530571,1923.0839771950791,2.403854971493849,N/A,77.71028420744875,77.9063737173992,0.19608950995045404
792,CPU_and_Data_Intensive,Completed,79.78459927377304,79.78665350627092,79.78665350627092,79.80705448894754,0.020400982676619606,0.022455215174500897,0.022455215174502996,0.0,STARLINK-30483,1,1,3,0.00205423249788129,1.6432123564959207,False,193.12862354837765,0.0007642848169748469,193.1293878331946,1729.9545893618845,2.1624432367023556,N/A,79.78459927377304,79.81053783834186,0.02593856456881838
808,CPU_Intensive,Completed,81.54500428220263,81.54653571602013,81.54653571602013,81.56626503004973,0.019729314029603984,0.021260747847110826,0.02126074784710852,0.0,STARLINK-30483,1,1,2,0.0015314338175068422,0.08426274142303762,False,169.21128841075503,3.919197275490122e-05,169.21132760272778,1560.7433009511294,1.9509291261889117,N/A,81.54500428220263,81.61053783904288,0.06553355684025064
844,Generic_Service,Completed,85.10478717776711,85.1063133809026,85.1063133809026,85.13236487959358,0.02605149869097545,0.027577701826472727,0.027577701826473344,0.0,STARLINK-30483,1,1,2,0.0015262031354972756,0.06866520835439645,False,235.98637324485804,3.193730621134719e-05,235.98640518216425,1324.7569277062714,1.6559461596328393,N/A,85.10478717776711,85.22898432528616,0.1241971475190553
884,CPU_Intensive,Completed,89.74034576927582,89.74185645332685,89.74185645332685,89.76992450120518,0.028068047878335278,0.02957873192936557,0.029578731929362334,0.0,STARLINK-30483,1,1,2,0.0015106840510302915,0.02238836859887164,False,269.45489329371236,1.0413194697149599e-05,269.45490370690703,1055.3020344125591,1.3191275430156988,N/A,89.74034576927582,89.93370337797506,0.19335760869924457
955,CPU_and_Data_Intensive,Completed,97.0501169829873,97.05165495701486,97.05165495701486,97.06952506997604,0.017870112961176687,0.019408086988730443,0.019408086988732975,0.0,STARLINK-30483,1,1,3,0.0015379740275537565,0.10376519679999144,False,175.27943849997965,4.8262882232554155e-05,175.2794867628619,880.0225476496972,1.1000281845621216,N/A,97.0501169829873,97.14593184604946,0.09581486306215936
988,Generic_Service,Completed,100.7084381645454,100.70995981048853,100.70995981048853,100.72918617943591,0.019226368947386163,0.020748014890521065,0.02074801489051481,0.0,STARLINK-30483,1,1,2,0.0015216459431349023,0.05507597497292278,False,172.86473221986373,2.5616732545545477e-05,172.86475783659628,707.1578154298335,0.8839472692872918,N/A,100.7084381645454,100.75008931551423,0.041651150968831985
1025,Generic_Service,Completed,104.0071256491607,104.00865150169096,104.00865150169096,104.02604649804994,0.017394996358973458,0.018920848889241445,0.018920848889237618,0.0,STARLINK-30483,1,1,2,0.001525852530267986,0.06761972773678643,False,151.15697677519464,3.145103615664485e-05,151.1570082262308,556.0008386546389,0.6950010483182987,N/A,104.0071256491607,104.05142611335968,0.044300464198983036
460,CPU_Intensive,Rejected,47.16886591981952,N/A,N/A,N/A,0.2254236559456794,0.0,0.0,0.0,STARLINK-30483,0,N/A,N/A,0.0,0.057634223887476715,False,0.0,0.0,0.0,556.0008386546389,0.6950010483182987,Deadline Exceeded,N/A,N/A,N/A
3000,Batch,Completed,0,0,0.0,0.07398390698959356,0.07398390698959356,0.07398390698959356,0.07398390698959356,0.0,STARLINK-11667 [DTC],0,N/A,0,0.0,159.06540002762617,False,0.0,0.07398390698959356,0.07398390698959356,80000,100.0,N/A,N/A,N/A,N/A
15,CPU_and_Data_Intensive,Completed,2.976312774319914,2.9782085107684644,2.9782085107684644,3.723438072325496,0.7452295615570317,0.7471252980055821,0.747125298005582,0.0,STARLINK-11667 [DTC],1,1,3,0.0018957364485504642,0.30673584904354456,False,7327.994107598588,0.00014266783676443934,7327.994250266424,72671.9317658266,90.83991470728324,N/A,2.976312774319914,3.823341780631949,0.8470290063120349
92,CPU_Intensive,Completed,10.971382332368076,10.973175852110746,10.973175852110746,11.057768180499933,0.08459232838918673,0.08638584813185606,0.08638584813185624,0.0,STARLINK-11667 [DTC],1,1,2,0.0017935197426693216,0.04018549388577047,False,820.1321192910957,1.8690927388730448e-05,820.1321379820231,71851.7996465355,89.81474955816937,N/A,10.971382332368076,11.080854102149203,0.10947176978112694
108,CPU_Intensive,Completed,12.493015476183777,12.49480904721379,12.49480904721379,12.892328935155177,0.39751988794138704,0.3993134589713999,0.3993134589714007,0.0,STARLINK-11667 [DTC],1,1,2,0.0017935710300128929,0.04031923581695685,False,3897.762352626785,1.8753132938119465e-05,3897.7623713799176,67954.03729390871,84.94254661738589,N/A,12.493015476183777,12.900370885744037,0.4073554095602603
137,CPU_and_Data_Intensive,Completed,16.005037016639633,16.00711209898292,16.00711209898292,16.424116280000785,0.41700418101786596,0.41907926336115103,0.41907926336115153,0.0,STARLINK-11667 [DTC],1,1,3,0.0020750823432850994,0.7744158777190235,False,4097.729689962243,0.00036019343149722025,4097.730050155675,63856.307243753035,79.82038405469129,N/A,16.005037016639633,16.432006368101327,0.42696935146169324
164,CPU_and_Data_Intensive,Completed,18.650556338177044,18.652471125419318,18.652471125419318,19.529897105962604,0.8774259805432862,0.879340767785559,0.8793407677855605,0.0,STARLINK-11667 [DTC],1,1,3,0.0019147872422727694,0.35641457610624866,False,8627.930080287675,0.0001657742214447668,8627.930246061896,55228.376997691135,69.03547124711392,N/A,18.650556338177044,19.56959566559262,0.9190393274155753
221,CPU_and_Data_Intensive,Completed,23.476981544323067,23.479297244821524,23.479297244821524,23.57815952227896,0.09886227745743525,0.10117797795589166,0.10117797795589212,0.0,STARLINK-11667 [DTC],1,1,3,0.0023157004984564085,1.4018754907581987,False,965.9062362778925,0.0006520351119805576,965.9068883130045,54262.47010937813,67.82808763672267,N/A,23.476981544323067,23.621524428817644,0.14454288449457664
228,Generic_Service,Completed,24.294017159510457,24.29580890280246,24.29580890280246,24.329975536682724,0.03416663388026464,0.0359583771722669,0.035958377172267575,0.0,STARLINK-11667 [DTC],1,1,2,0.0017917432920022585,0.03555304606675631,False,325.5560101570352,1.6536300496165723e-05,325.5560266933357,53936.914099221096,67.42114262402636,N/A,24.294017159510457,24.4271557227332,0.13313856322274376
231,Generic_Service,Completed,24.50513313057414,24.50692380819225,24.50692380819225,24.867330393364615,0.36040658517236324,0.362197262790475,0.36219726279047393,0.0,STARLINK-11667 [DTC],1,1,2,0.001790677618111768,0.032774089813529535,False,3534.973002465581,1.5243762703967225e-05,3534.973017709344,50401.941096755516,63.0024263709444,N/A,24.50513313057414,24.933972152913764,0.42883902233962345
260,CPU_and_Data_Intensive,Completed,27.302629208337304,27.307992178500093,27.307992178500093,27.545815362326877,0.2378231838267837,0.24318615398957336,0.24318615398957277,0.0,STARLINK-11667 [DTC],1,1,3,0.005362970162789664,9.34823615937556,False,2296.248481255646,0.004348016818314214,2296.252829272464,48105.688267483056,60.13211033435382,N/A,27.302629208337304,27.563514834069945,0.26088562573264085
280,Generic_Service,Completed,28.96663580958566,28.968441894179406,28.968441894179406,29.008855064974522,0.04041317079511586,0.04221925538886081,0.0422192553888614,0.0,STARLINK-11667 [DTC],1,1,2,0.0018060845937449453,0.07295083774850919,False,375.9718905886062,3.3930622208608924e-05,375.97192451922837,47729.71637689445,59.662145471118066,N/A,28.96663580958566,29.074509058625797,0.10787324904013573
281,Generic_Service,Completed,29.002436671255612,29.004244912271886,29.004244912271886,29.122054065991478,0.11780915371959111,0.119617394735865,0.11961739473586519,0.0,STARLINK-11667 [DTC],1,1,3,0.0018082410162738856,0.07857413763872126,False,1135.5111643231833,3.6546110529637796e-05,1135.5112008692938,46594.205212571265,58.24275651571408,N/A,29.002436671255612,29.174833311487077,0.17239664023146517
282,CPU_and_Data_Intensive,Completed,29.088188516425703,29.18816006698315,29.18816006698315,30.069741801129133,0.881581734145982,0.9815532847034316,0.9815532847034305,0.0,STARLINK-11667 [DTC],1,1,3,0.09997155055744962,256.05889355908505,False,7499.101802852456,0.11909715979492327,7499.220900012251,39094.98431255901,48.868730390698765,N/A,29.088188516425703,30.08292115371416,0.9947326372884575
350,CPU_and_Data_Intensive,Completed,37.27129188864391,37.27566575606504,37.27566575606504,37.87758063415753,0.6019148780924937,0.6062887455136211,0.6062887455136234,0.0,STARLINK-11667 [DTC],1,1,3,0.004373867421127478,6.768954379505345,False,5888.92063498074,0.0031483508741885326,5888.923783331614,33206.0605292274,41.50757566153425,N/A,37.27129188864391,37.95004039337098,0.6787485047270749
356,CPU_Intensive,Completed,37.87035711282851,37.87215438825631,37.87215438825631,38.11990990926245,0.24775552100613396,0.2495527964339378,0.2495527964339388,0.0,STARLINK-11667 [DTC],1,1,3,0.0017972754278038272,0.04997918854491278,False,2421.970508837846,2.3246134206936177e-05,2421.9705320839803,30784.09002038955,38.48011252548694,N/A,37.87035711282851,38.15275418558459,0.2823970727560834
415,Generic_Service,Completed,43.28643568916361,43.28824683376278,43.28824683376278,43.32071992640931,0.03247309264653353,0.03428423724569828,0.034284237245699956,0.0,STARLINK-11667 [DTC],1,1,2,0.0018111445991647551,0.08614580651730211,False,293.9926046913183,4.006781698479168e-05,293.9926447591353,30490.097415698234,38.11262176962279,N/A,43.28643568916361,43.39888909310261,0.11245340393899994
419,CPU_Intensive,Completed,43.74336066035637,43.745154228719386,43.745154228719386,43.815808531786736,0.0706543030673501,0.07244787143036222,0.07244787143036291,0.0,STARLINK-11667 [DTC],1,1,2,0.0017935683630121108,0.04031228108289891,False,683.0130753713584,1.8749898178092515e-05,683.0130941212566,29807.084340326874,37.25885542540859,N/A,43.74336066035637,43.89986516984813,0.15650450949175365
427,CPU_Intensive,Completed,44.8663244842234,44.868118054883766,44.868118054883766,45.003452294721775,0.1353342398380093,0.13712781049837836,0.1371278104983773,0.0,STARLINK-11667 [DTC],1,1,2,0.0017935706603690689,0.04031827189729471,False,1319.14408813852,1.8752684603392885e-05,1319.1441068912045,28487.940252188353,35.609925315235444,N/A,44.8663244842234,45.01072025092065,0.14439576669725085
433,CPU_Intensive,Completed,45.37742786072816,45.37922619527389,45.37922619527389,45.416267704767534,0.037041509493647595,0.038839844039370276,0.038839844039372906,0.0,STARLINK-11667 [DTC],1,1,2,0.001798334545722682,0.05274104880044664,False,348.7661736018654,2.4530720372300762e-05,348.76619813258577,28139.17407858649,35.17396759823311,N/A,45.37742786072816,45.514056586301805,0.1366287255736438
438,CPU_and_Data_Intensive,Completed,46.04323233331857,46.045559841108,46.045559841108,46.46001438511339,0.4144545440053875,0.4167820517948205,0.41678205179481864,0.0,STARLINK-11667 [DTC],1,1,3,0.002327507789432989,1.4326653462532324,False,4069.642654080838,0.0006663559750015035,4069.643320436813,24069.530758149675,30.086913447687092,N/A,46.04323233331857,46.517811761729064,0.47457942841049316
469,Generic_Service,Completed,48.044755483560756,48.04654461554694,48.04654461554694,48.076207396314395,0.029662780767452546,0.03145191275363565,0.03145191275363857,0.0,STARLINK-11667 [DTC],1,1,2,0.001789131986183108,0.028743547682710757,False,283.2666602404137,1.3369091945446864e-05,283.2666736095057,23786.26409790926,29.732830122386577,N/A,48.044755483560756,48.13848996275712,0.0937344791963639
472,CPU_Intensive,Completed,48.35196895130375,48.35377812770137,48.35377812770137,48.58333952910136,0.22956140139999093,0.23137057779760564,0.2313705777976054,0.0,STARLINK-11667 [DTC],1,1,2,0.0018091763976147022,0.08101333019979394,False,2233.8854814413453,3.7680618697578574e-05,2233.885519121964,21552.378616467915,26.940473270584892,N/A,48.35196895130375,48.64120375614946,0.2892348048457052
479,CPU_and_Data_Intensive,Completed,50.13653012316578,50.1387290416061,50.1387290416061,50.23418849901848,0.09545945741238171,0.09765837585270012,0.09765837585270276,0.0,STARLINK-11667 [DTC],1,1,3,0.0021989184403184204,1.0973430877189885,False,933.8322774799273,0.0005103921338227853,933.8327878720611,20618.545828595856,25.773182285744824,N/A,50.13653012316578,50.24613012992606,0.10960000676028159
483,CPU_Intensive,Completed,50.49826341032857,50.500070106051865,50.500070106051865,50.627484786269726,0.12741468021786062,0.12922137594115876,0.12922137594115668,0.0,STARLINK-11667 [DTC],1,1,2,0.0018066957232981283,0.07454447939489259,False,1231.169697730876,3.467185088134539e-05,1231.1697324027268,19387.37613086498,24.234220163581227,N/A,50.49826341032857,50.64746692813317,0.14920351780460095
496,CPU_Intensive,Completed,51.86040155151842,51.86221315095621,51.86221315095621,52.00998490010286,0.14777174914664926,0.1495833485844345,0.14958334858443578,0.0,STARLINK-11667 [DTC],1,1,2,0.0018115994377852543,0.08733188852599551,False,1427.6153916851738,4.0619483035346746e-05,1427.615432304657,17959.76073917981,22.44970092397476,N/A,51.86040155151842,52.05735833320252,0.1969567816841007
506,CPU_and_Data_Intensive,Completed,52.28071573434638,52.2832448069353,52.2832448069353,52.394279118591186,0.11103431165588518,0.1135633842448039,0.11356338424480583,0.0,STARLINK-11667 [DTC],1,1,3,0.0025290725889187226,1.9582855805102592,False,1083.0739713733058,0.0009108305025629113,1083.0748822038083,16876.685856976,21.095857321220002,N/A,52.28071573434638,52.46364752798936,0.18293179364297885
518,CPU_Intensive,Completed,53.15299683934494,53.15478264789122,53.15478264789122,53.24490290769267,0.09012025980145211,0.09190606834773107,0.09190606834773263,0.0,STARLINK-11667 [DTC],1,1,2,0.001785808546278962,0.020077018281677676,False,880.4248149245399,9.338148037989617e-06,880.4248242626879,15996.261042051461,19.995326302564326,N/A,53.15299683934494,53.27431748183505,0.12132064249011165
548,CPU_Intensive,Completed,55.58207128636865,55.583866056957824,55.583866056957824,55.604170680097866,0.02030462314004211,0.022099393729211835,0.022099393729213546,0.0,STARLINK-11667 [DTC],1,1,2,0.0017947705891697239,0.04344732448435934,False,186.89586591164652,2.0208057899702018e-05,186.89588611970441,15809.365176139814,19.761706470174765,N/A,55.58207128636865,55.6884125454053,0.10634125903664682
554,CPU_Intensive,Completed,56.18159617234254,56.183393238237045,56.183393238237045,56.531638836360315,0.3482455981232704,0.35004266401778006,0.35004266401777784,0.0,STARLINK-11667 [DTC],1,1,2,0.001797065894509659,0.049432788878670156,False,3410.4601154781576,2.2991994827288443e-05,3410.4601384701523,12398.905060661657,15.49863132582707,N/A,56.18159617234254,56.59378105549423,0.41218488315169566
590,Generic_Service,Completed,59.3284058575365,59.33018807294539,59.33018807294539,59.37266115342317,0.04247308047777665,0.044255295886664825,0.044255295886664214,0.0,STARLINK-11667 [DTC],1,1,2,0.0017822154088881757,0.010707199137256766,False,414.57152126134883,4.980092621979891e-06,414.57152624144146,11984.333539400308,14.980416924250385,N/A,59.3284058575365,59.52436371838247,0.19595786084596512
593,CPU_and_Data_Intensive,Completed,59.52944335282816,59.536452662011826,59.536452662011826,59.6617791047979,0.12532644278607563,0.13233575196974104,0.132335751969741,0.0,STARLINK-11667 [DTC],1,1,3,0.007009309183665412,13.641392027994591,False,1170.1944284609829,0.006344833501392833,1170.2007732944842,10814.132766105822,13.517665957632277,N/A,59.52944335282816,59.72633945241675,0.19689609958859222
601,CPU_and_Data_Intensive,Completed,60.84949991809841,60.854097360371654,60.854097360371654,61.103982924258716,0.2498855638870623,0.2544830061603063,0.2544830061603065,0.0,STARLINK-11667 [DTC],1,1,3,0.004597442273243969,7.351970195973675,False,2424.0148700305585,0.003419521021383105,2424.01828955158,8390.114476554243,10.487643095692805,N/A,60.84949991809841,61.130732242592046,0.28123232449363655
635,Generic_Service,Completed,63.85203573040356,63.8538240120195,63.8538240120195,63.91055721570484,0.05673320368534007,0.058521485301281644,0.058521485301284315,0.0,STARLINK-11667 [DTC],1,1,2,0.0017882816159415721,0.026526038441505098,False,550.1600078613569,1.2337692298374464e-05,550.1600201990492,7839.954468692886,9.799943085866108,N/A,63.85203573040356,63.95282312126234,0.10078739085878397
638,CPU_Intensive,Completed,63.95236861859901,63.95417848350051,63.95417848350051,64.14564171004253,0.19146322654201242,0.19327309144351723,0.19327309144351545,0.0,STARLINK-11667 [DTC],1,1,2,0.0018098649015047972,0.0828087407919303,False,1858.657611133915,3.851569339159549e-05,1858.6576496496084,5981.296857558971,7.476621071948713,N/A,63.95236861859901,64.15639672216503,0.2040281035660172
664,Generic_Service,Completed,66.66997606968637,66.67178613511857,66.67178613511857,66.70172801445644,0.02994187933786918,0.03175194477006041,0.03175194477006471,0.0,STARLINK-11667 [DTC],1,1,2,0.0018100654321912242,0.08333166437106922,False,269.92709653168595,3.875891366096243e-05,269.9271352905996,5711.369761027285,7.139212201284106,N/A,66.66997606968637,66.76881502234423,0.09883895265785725
665,CPU_Intensive,Completed,66.69884680374305,66.70065123255442,66.70065123255442,66.7687142309435,0.06806299838908103,0.06986742720045114,0.06986742720044958,0.0,STARLINK-11667 [DTC],1,1,2,0.001804428811370112,0.06863305645951905,False,649.1825836664173,3.192235184163677e-05,649.1826155887691,5062.187177360867,6.327733971701084,N/A,66.69884680374305,66.86881502237986,0.16996821863681078
681,CPU_Intensive,Completed,68.58716237333392,68.588968942955,68.588968942955,68.70834344605233,0.119374503097319,0.12118107271839382,0.12118107271840017,0.0,STARLINK-11667 [DTC],1,1,2,0.0018065696210748075,0.07421564281067144,False,1152.190752155868,3.451890363287044e-05,1152.1907866747717,3909.9964252049995,4.887495531506249,N/A,68.58716237333392,68.773684743983,0.1865223706490724
708,CPU_and_Data_Intensive,Completed,70.80729342179406,70.81019590668792,70.81019590668792,70.9019178276023,0.09172192091438092,0.09462440580824191,0.09462440580824705,0.0,STARLINK-11667 [DTC],1,1,3,0.00290248489386099,2.932032304635584,False,888.6805720669271,0.0013637359556444577,888.6819358028828,3021.3144894021166,3.7766431117526458,N/A,70.80729342179406,70.98557636542894,0.1782829436348834
735,Generic_Service,Completed,73.42537908076415,73.4271680761437,73.4271680761437,73.46808425713795,0.040916180994244655,0.04270517637380328,0.04270517637380067,0.0,STARLINK-11667 [DTC],1,1,2,0.0017889953795586202,0.028387318786853882,False,394.04978948053275,1.3203404086908783e-05,394.04980268393683,2627.264699921584,3.2840808749019796,N/A,73.42537908076415,73.49646862543563,0.0710895446714801
768,CPU_and_Data_Intensive,Completed,76.84536730165335,76.84727681465814,76.84727681465814,76.8946374446787,0.04736063002054891,0.04927014302534575,0.04927014302533905,0.0,STARLINK-11667 [DTC],1,1,3,0.0019095130047968375,0.342660954716504,False,464.2284081784733,0.00015937718824023442,464.2285675556615,2163.0361323659226,2.7037951654574033,N/A,76.84536730165335,76.90359934984518,0.058232048191825925
781,CPU_and_Data_Intensive,Completed,78.78116969460152,78.78338186583032,78.78338186583032,78.80548479518075,0.02210292935042446,0.02431510057922302,0.02431510057922992,0.0,STARLINK-11667 [DTC],1,1,3,0.002212171228798558,1.131902364950238,False,212.20638296370421,0.0005264662162559247,212.20690942992047,1950.829222936002,2.4385365286700025,N/A,78.78116969460152,78.80801307918826,0.026843384586740626
790,Generic_Service,Completed,79.75767792553128,79.75946761010717,79.75946761010717,79.78989728911537,0.0304296790082077,0.032219363584097216,0.03221936358409039,0.0,STARLINK-11667 [DTC],1,1,2,0.0017896845758895155,0.030184535055857963,False,290.38458037489386,1.403931863063161e-05,290.3845944142125,1660.4446425611081,2.075555803201385,N/A,79.75767792553128,79.81053783898595,0.05285991345466812
841,Generic_Service,Completed,84.73583587538535,84.73764753812564,84.73764753812564,84.78062097758249,0.042973439456844176,0.04478510219714037,0.044785102197138826,0.0,STARLINK-11667 [DTC],1,1,2,0.001811662740296194,0.08749696239164105,False,396.8663032774789,4.069626157750747e-05,396.86634397374047,1263.5783392836292,1.5794729241045364,N/A,84.73583587538535,84.82594179778094,0.09010592239559401
905,Generic_Service,Completed,91.92044601841327,91.92224778774008,91.92224778774008,91.94385074337083,0.02160295563075465,0.02340472495755957,0.023404724957558187,0.0,STARLINK-11667 [DTC],1,1,2,0.001801769326804923,0.06169792242954892,False,194.28749496929422,2.869670810676694e-05,194.28752366600233,1069.2908443143351,1.3366135553929188,N/A,91.92044601841327,92.03689240268068,0.11644638426740528
968,CPU_and_Data_Intensive,Completed,98.73358445374606,98.73546217254449,98.73546217254449,98.76205252351329,0.026590350968803023,0.02846806976723199,0.0284680697672286,0.0,STARLINK-11667 [DTC],1,1,3,0.0018777187984289647,0.2597512490450015,False,260.3301825017875,0.0001208145344395356,260.33030331632193,808.9605409980132,1.0112006762475165,N/A,98.73358445374606,98.84923594866724,0.1156514949211811
1125,Generic_Service,Completed,113.80148900331135,113.80330007963173,113.80330007963173,113.8246561203774,0.021356040745672544,0.023167117066058122,0.0231671170660519,0.0,STARLINK-11667 [DTC],1,1,2,0.001811076320385576,0.08596775604421109,False,184.70789976634038,3.998500281126097e-05,184.7079397513432,624.2526412316729,0.7803158015395911,N/A,113.80148900331135,113.86204986516859,0.06056086185724041
8,CPU_and_Data_Intensive,Completed,1.9360698728685113,1.9379948303547543,1.9379948303547543,2.521308353589436,0.5833135232346816,0.5852384807209245,0.5852384807209245,0.0,STARLINK-34097,1,2,2,0.0019249574862430035,0.9741987817100666,False,5732.4825706559595,0.0004531157124232868,5732.483023771672,74267.51697622832,92.8343962202854,N/A,1.9360698728685113,2.7137178982620784,0.7776480253935671
83,CPU_Intensive,Completed,9.93310609223981,9.934625214191325,9.934625214191325,10.036786504869141,0.10216129067781665,0.10368041262933171,0.10368041262933225,0.0,STARLINK-34097,1,2,1,0.001519121951515059,0.04173738178718442,False,992.4671169069798,1.9412735714969496e-05,992.4671363197155,73275.04985932092,91.59381232415114,N/A,9.93310609223981,10.169923827798577,0.23681773555876795
85,CPU_Intensive,Completed,10.367213112916435,10.368741744217688,10.368741744217688,10.815256892301136,0.4465151480834475,0.4480437793847014,0.44804377938470097,0.0,STARLINK-34097,1,2,1,0.00152863130125391,0.06358638418119472,False,4372.779255752076,2.957506240985801e-05,4372.7792853271385,68902.27060356883,86.12783825446104,N/A,10.367213112916435,10.98085409399556,0.6136409810791257
131,Generic_Service,Completed,15.632805916154714,15.634339810179087,15.634339810179087,15.692627865464766,0.05828805528567926,0.05982194931005191,0.05982194931005225,0.0,STARLINK-34097,1,2,1,0.0015338940243726418,0.07567819415537239,False,550.9693048717068,3.5199160072266226e-05,550.9693400708668,68351.3012986971,85.43912662337138,N/A,15.632805916154714,15.827413799289488,0.19460788313477373
133,Generic_Service,Completed,15.834216819285496,15.835745115724574,15.835745115724574,15.99451342734843,0.15876831162385585,0.16029660806293378,0.160296608062934,0.0,STARLINK-34097,1,2,1,0.0015282964390779352,0.06281699356191359,False,1542.9909095627593,2.9217206307866785e-05,1542.9909387799655,66808.3103891343,83.51038798641788,N/A,15.834216819285496,16.13200636740958,0.29778954812408465
132,CPU_and_Data_Intensive,Completed,15.730873303773453,15.870738318123657,15.870738318123657,17.23675387261782,1.3660155544941652,1.505880568844369,1.5058805688443684,0.0,STARLINK-34097,1,2,3,0.13986501435020382,317.909921561715,False,11980.615383239929,0.14786507979614652,11980.763248319725,54827.54714081457,68.53443392601821,N/A,15.730873303773453,17.543625776984776,1.8127524732113223
224,Generic_Service,Completed,23.848393241023622,23.84991156039914,23.84991156039914,23.869948251940382,0.0200366915412431,0.02155501091675938,0.021555010916760153,0.0,STARLINK-34097,1,2,1,0.0015183193755162797,0.03989335612819944,False,185.3079209232801,1.855504936195323e-05,185.30793947832947,54642.239219773954,68.30279902471744,N/A,23.848393241023622,24.024303533304238,0.17591029228061572
227,CPU_Intensive,Completed,24.172538392552777,24.174074041820457,24.174074041820457,24.267939598390473,0.09386555657001594,0.09540120583769501,0.09540120583769607,0.0,STARLINK-34097,1,2,1,0.0015356492676790782,0.07971110032220714,False,899.6888045370986,3.707493038242193e-05,899.6888416120289,53742.55041523684,67.17818801904605,N/A,24.172538392552777,24.427155722707482,0.254617330154705
234,Generic_Service,Completed,24.579171470964635,24.58067904992179,24.58067904992179,24.629659888593324,0.04898083867153247,0.0504884176286882,0.05048841762868861,0.0,STARLINK-34097,1,2,1,0.0015075789571557302,0.015215808985982977,False,477.247413586107,7.077120458596734e-06,477.24742066322744,53265.3030016507,66.58162875206337,N/A,24.579171470964635,24.831810251561556,0.25263878059692146
238,CPU_and_Data_Intensive,Completed,25.294154510749255,25.303911089034976,25.303911089034976,26.040988193429833,0.7370771043948565,0.7468336826805764,0.7468336826805775,0.0,STARLINK-34097,1,2,2,0.00975657828571986,18.968394630628943,False,7162.446994983895,0.00882250913052509,7162.455817493025,46102.84718415766,57.62855898019708,N/A,25.294154510749255,26.14434721384158,0.8501927030923255
294,CPU_Intensive,Completed,31.30183851871044,31.303360720951904,31.303360720951904,31.694099813672423,0.3907390927205192,0.39226129496198414,0.39226129496198325,0.0,STARLINK-34097,1,2,1,0.0015222022414649304,0.04881475977171896,False,3828.5694176186985,2.270453942870649e-05,3828.569440323238,42274.277766533014,52.84284720816627,N/A,31.30183851871044,31.89219614241038,0.5903576236999406
327,CPU_Intensive,Completed,35.10255176592845,35.1040686027171,35.1040686027171,35.212113477490156,0.10804487477305713,0.10956171156170634,0.10956171156170313,0.0,STARLINK-34097,1,2,1,0.0015168367886492105,0.036486914584086226,False,1051.8797388944542,1.6970657946086616e-05,1051.8797558651122,41222.39802763855,51.527997534548184,N/A,35.10255176592845,35.32095068571994,0.21839891979148973
335,Generic_Service,Completed,35.69638773184095,35.69789930540476,35.69789930540476,35.71641451418357,0.0185152087788083,0.020026782342619943,0.020026782342618787,0.0,STARLINK-34097,1,2,1,0.0015115735638116423,0.024393951843803947,False,174.91094367124478,1.1346024113397185e-05,174.9109550172689,41047.48708396729,51.30935885495911,N/A,35.69638773184095,35.827284527042984,0.1308967952020339
338,CPU_and_Data_Intensive,Completed,36.040361589580776,36.04263305383714,36.04263305383714,36.22299697279268,0.1803639189555355,0.18263538321190076,0.18263538321190254,0.0,STARLINK-34097,1,2,2,0.002271464256365251,1.770344412889315,False,1765.796390700524,0.0008234160059950303,1765.7972141165299,39281.68986985075,49.102112337313436,N/A,36.040361589580776,36.33027805307371,0.2899164634929363
348,Generic_Service,Completed,37.09738796594675,37.09889587098355,37.09889587098355,37.131618306837034,0.03272243585348633,0.03423034089028381,0.03423034089028221,0.0,STARLINK-34097,1,2,1,0.0015079050367974795,0.015965020558685136,False,317.1238572312713,7.425590957527971e-06,317.1238646568623,38964.566012618874,48.7057075157736,N/A,37.09738796594675,37.24729398195325,0.1499060160064971
352,CPU_and_Data_Intensive,Completed,37.57084167555062,37.5730038090663,37.5730038090663,37.60691946727088,0.033915658204577426,0.03607779172025754,0.03607779172025971,0.0,STARLINK-34097,1,2,2,0.002162133515680114,1.5191424190022857,False,326.61418026100637,0.0007065778693033887,326.6148868388757,38637.95112577999,48.297438907224986,N/A,37.57084167555062,37.748123473940915,0.17728179839029679
359,Generic_Service,Completed,38.38587947101094,38.38739358598942,38.38739358598942,38.5350600332599,0.14766644727048117,0.14918056224896495,0.14918056224896503,0.0,STARLINK-34097,1,2,1,0.0015141149784837634,0.0302331918318427,False,1443.4040094779612,1.4061949689229162e-05,1443.404023539911,37194.54711630139,46.493183895376745,N/A,38.38587947101094,38.65440878024099,0.268529309230054
364,Generic_Service,Completed,39.046114324918804,39.04762673159334,39.04762673159334,39.06467537117937,0.017048639586029424,0.01856104626056298,0.018561046260565206,0.0,STARLINK-34097,1,2,1,0.0015124066745335534,0.02630813511157641,False,159.92308989897873,1.2236341912361121e-05,159.92310213532065,37034.6240264024,46.293280033003,N/A,39.046114324918804,39.259706600011185,0.2135922750923811
365,CPU_Intensive,Completed,39.07272219652742,39.07425758737201,39.07425758737201,39.518393577144515,0.444135989772505,0.4456713806170932,0.44567138061709244,0.0,STARLINK-34097,1,2,1,0.0015353908445881854,0.0791173387205579,False,4344.803793979134,3.679876219560833e-05,4344.803830777896,32689.820232423262,40.86227529052908,N/A,39.07272219652742,39.6665027105964,0.5937805140689747
397,CPU_and_Data_Intensive,Completed,41.52189221059299,41.53269961159335,41.53269961159335,41.773983348045974,0.24128373645262258,0.25209113745298906,0.25209113745298595,0.0,STARLINK-34097,1,2,2,0.010807401000366503,21.382800309094296,False,2275.231697176024,0.009945488515857812,2275.24164266454,30414.578589758694,38.01822323719837,N/A,41.52189221059299,41.88900105872854,0.3671088481355511
422,CPU_and_Data_Intensive,Completed,44.00879719719292,44.01053003909735,44.01053003909735,44.11893800305519,0.1084079639578448,0.11014080586227165,0.11014080586227237,0.0,STARLINK-34097,1,2,2,0.001732841904426849,0.5327875472616621,False,1063.7644965071913,0.00024780816151705214,1063.7647443153528,29350.813845434503,36.68851730679313,N/A,44.00879719719292,44.406758275534656,0.3979610783417371
428,CPU_and_Data_Intensive,Completed,45.01748543741107,45.02631680766933,45.02631680766933,46.13598684240832,1.1096700347389898,1.1185014049972517,1.1185014049972537,0.0,STARLINK-34097,1,2,2,0.00883137025826183,16.84260549025282,False,10836.655058128477,0.007833769995466427,10836.662891898473,18514.150953535835,23.142688691919794,N/A,45.01748543741107,46.31523661149314,1.297751174082073
502,Generic_Service,Completed,52.02530403011104,52.026829393744,52.026829393744,52.149150052085595,0.122320658341593,0.12384602197455429,0.12384602197455763,0.0,STARLINK-34097,1,2,1,0.001525363632961286,0.05607847940231384,False,1186.5106036853094,2.608301367549481e-05,1186.510629768323,17327.640349844616,21.659550437305768,N/A,52.02530403011104,52.26258598177174,0.2372819516607052
510,CPU_Intensive,Completed,52.53854090162832,52.54006314868663,52.54006314868663,52.55782365364514,0.01776050495850967,0.019282752016813832,0.01928275201681373,0.0,STARLINK-34097,1,2,1,0.0015222470583041612,0.048917732451717204,False,160.26237422356908,2.275243369847312e-05,160.26239697600278,17167.377975621024,21.459222469526278,N/A,52.53854090162832,52.76775374073193,0.22921283910361012
511,CPU_Intensive,Completed,52.59241115803862,52.5939180569223,52.5939180569223,52.82658089013066,0.23266283320835868,0.23416973209203676,0.23416973209203462,0.0,STARLINK-34097,1,2,1,0.0015068988836780762,0.013653249247470595,False,2284.2361446630516,6.350348487195626e-06,2284.2361510134,14883.141830957955,18.603927288697445,N/A,52.59241115803862,53.071158268640865,0.4787471106022423
560,Generic_Service,Completed,56.648386453324974,56.64992165079234,56.64992165079234,56.69916166478747,0.04924001399512434,0.050775211462490796,0.05077521146249353,0.0,STARLINK-34097,1,2,1,0.0015351974673664518,0.07867302869972201,False,461.09860008582035,3.6592106371963726e-05,461.0986366779267,14422.04323087213,18.027554038590164,N/A,56.648386453324974,56.89616938977745,0.24778293645247373
563,CPU_and_Data_Intensive,Completed,57.256601182019146,57.25870188778048,57.25870188778048,58.70406202852327,1.4453601407427854,1.4474608465041219,1.4474608465041214,0.0,STARLINK-34097,1,2,2,0.00210070576133652,1.3780039407077616,False,14208.938497711297,0.0006409320654454705,14208.939138643362,213.10409222874063,0.26638011528592576,N/A,57.256601182019146,58.81210096745277,1.555499785433625
1155,Generic_Service,Completed,117.52899055877866,117.53052203369377,117.53052203369377,117.55121163491363,0.020689601219856968,0.022221076134974614,0.022221076134968598,0.0,STARLINK-34097,1,2,1,0.0015314749151176471,0.07011996721501657,False,182.82299913376812,3.261393823954259e-05,182.82303174770635,30.281093094492718,0.037851366368115896,N/A,117.52899055877866,117.66659207590035,0.13760151712169488
28,CPU_and_Data_Intensive,Rejected,3.8550325039026214,N/A,N/A,N/A,0.0703949069619593,0.0,0.0,0.0,STARLINK-34712,0,N/A,N/A,0.0,412.39965003914307,False,0.0,0.0,0.0,79981.53886597871,99.97692358247339,No suitable server found after deadline/sunset filters,N/A,N/A,N/A
29,CPU_and_Data_Intensive,Rejected,4.0183111524360475,N/A,N/A,N/A,0.06223783234679023,0.0,0.0,0.0,STARLINK-34712,0,N/A,N/A,0.0,295.0620044183976,False,0.0,0.0,0.0,79981.53886597871,99.97692358247339,No suitable server found after deadline/sunset filters,N/A,N/A,N/A
30,Generic_Service,Rejected,4.187525153950838,N/A,N/A,N/A,0.004279596863114287,0.0,0.0,0.0,STARLINK-34712,0,N/A,N/A,0.0,0.02211295872317226,False,0.0,0.0,0.0,79981.53886597871,99.97692358247339,No suitable server found after deadline/sunset filters,N/A,N/A,N/A
51,CPU_and_Data_Intensive,Rejected,6.105313831952136,N/A,N/A,N/A,0.05885337228565515,0.0,0.0,0.0,STARLINK-34712,0,N/A,N/A,0.0,171.21172771215916,False,0.0,0.0,0.0,79981.53886597871,99.97692358247339,No suitable server found after deadline/sunset filters,N/A,N/A,N/A
58,CPU_and_Data_Intensive,Rejected,7.261386346177791,N/A,N/A,N/A,0.49129761719667875,0.0,0.0,0.0,STARLINK-34712,0,N/A,N/A,0.0,434.3423387928143,False,0.0,0.0,0.0,79981.53886597871,99.97692358247339,No suitable server found after deadline/sunset filters,N/A,N/A,N/A
61,CPU_and_Data_Intensive,Rejected,7.538433176540828,N/A,N/A,N/A,0.0953637254832661,0.0,0.0,0.0,STARLINK-34712,0,N/A,N/A,0.0,457.4259362166683,False,0.0,0.0,0.0,79981.53886597871,99.97692358247339,No suitable server found after deadline/sunset filters,N/A,N/A,N/A
63,CPU_and_Data_Intensive,Rejected,7.650393449797888,N/A,N/A,N/A,0.00979726391075337,0.0,0.0,0.0,STARLINK-34712,0,N/A,N/A,0.0,396.81029782501645,False,0.0,0.0,0.0,79981.53886597871,99.97692358247339,No suitable server found after deadline/sunset filters,N/A,N/A,N/A
72,CPU_and_Data_Intensive,Rejected,8.967627984344293,N/A,N/A,N/A,0.1279590576658051,0.0,0.0,0.0,STARLINK-34712,0,N/A,N/A,0.0,476.46738021522515,False,0.0,0.0,0.0,79981.53886597871,99.97692358247339,No suitable server found after deadline/sunset filters,N/A,N/A,N/A
77,Generic_Service,Rejected,9.486075511763511,N/A,N/A,N/A,0.003218058178851277,0.0,0.0,0.0,STARLINK-34712,0,N/A,N/A,0.0,0.01742410235157914,False,0.0,0.0,0.0,79981.53886597871,99.97692358247339,No suitable server found after deadline/sunset filters,N/A,N/A,N/A
86,Generic_Service,Rejected,10.546357631912015,N/A,N/A,N/A,0.003558506606281523,0.0,0.0,0.0,STARLINK-34712,0,N/A,N/A,0.0,0.02100570920048543,False,0.0,0.0,0.0,79981.53886597871,99.97692358247339,No suitable server found after deadline/sunset filters,N/A,N/A,N/A
89,CPU_and_Data_Intensive,Rejected,10.674407312359877,N/A,N/A,N/A,0.046767964353806646,0.0,0.0,0.0,STARLINK-34712,0,N/A,N/A,0.0,135.59990047241735,False,0.0,0.0,0.0,79981.53886597871,99.97692358247339,No suitable server found after deadline/sunset filters,N/A,N/A,N/A
91,CPU_and_Data_Intensive,Rejected,10.863799207616085,N/A,N/A,N/A,0.2328638754283425,0.0,0.0,0.0,STARLINK-34712,0,N/A,N/A,0.0,230.20875895449467,False,0.0,0.0,0.0,79981.53886597871,99.97692358247339,No suitable server found after deadline/sunset filters,N/A,N/A,N/A
107,CPU_and_Data_Intensive,Rejected,12.442696575347151,N/A,N/A,N/A,0.0634761310094839,0.0,0.0,0.0,STARLINK-34712,0,N/A,N/A,0.0,411.3763939376354,False,0.0,0.0,0.0,79981.53886597871,99.97692358247339,No suitable server found after deadline/sunset filters,N/A,N/A,N/A
112,CPU_and_Data_Intensive,Rejected,12.718099233744335,N/A,N/A,N/A,0.021185028207189587,0.0,0.0,0.0,STARLINK-34712,0,N/A,N/A,0.0,447.29318259387946,False,0.0,0.0,0.0,79981.53886597871,99.97692358247339,No suitable server found after deadline/sunset filters,N/A,N/A,N/A
120,Generic_Service,Rejected,14.15074888015063,N/A,N/A,N/A,0.0014649990963275274,0.0,0.0,0.0,STARLINK-34712,0,N/A,N/A,0.0,0.08013092610631452,False,0.0,0.0,0.0,79981.53886597871,99.97692358247339,No suitable server found after deadline/sunset filters,N/A,N/A,N/A
123,CPU_and_Data_Intensive,Rejected,14.850040806985376,N/A,N/A,N/A,0.08536730533708418,0.0,0.0,0.0,STARLINK-34712,0,N/A,N/A,0.0,382.59355834078355,False,0.0,0.0,0.0,79981.53886597871,99.97692358247339,No suitable server found after deadline/sunset filters,N/A,N/A,N/A
138,CPU_and_Data_Intensive,Rejected,16.09966518655365,N/A,N/A,N/A,0.09774180302591827,0.0,0.0,0.0,STARLINK-34712,0,N/A,N/A,0.0,374.2688444237581,False,0.0,0.0,0.0,79981.53886597871,99.97692358247339,No suitable server found after deadline/sunset filters,N/A,N/A,N/A
144,CPU_and_Data_Intensive,Rejected,16.934512797294666,N/A,N/A,N/A,0.3490923582827399,0.0,0.0,0.0,STARLINK-34712,0,N/A,N/A,0.0,373.0205440843238,False,0.0,0.0,0.0,79981.53886597871,99.97692358247339,No suitable server found after deadline/sunset filters,N/A,N/A,N/A
150,CPU_and_Data_Intensive,Rejected,17.546822453083024,N/A,N/A,N/A,0.07046060413857594,0.0,0.0,0.0,STARLINK-34712,0,N/A,N/A,0.0,469.47925249600974,False,0.0,0.0,0.0,79981.53886597871,99.97692358247339,No suitable server found after deadline/sunset filters,N/A,N/A,N/A
188,Generic_Service,Rejected,20.082073290133348,N/A,N/A,N/A,0.005475178335991128,0.0,0.0,0.0,STARLINK-34712,0,N/A,N/A,0.0,0.03276071473704633,False,0.0,0.0,0.0,79981.53886597871,99.97692358247339,No suitable server found after deadline/sunset filters,N/A,N/A,N/A
209,CPU_and_Data_Intensive,Rejected,21.649391479868402,N/A,N/A,N/A,0.03452117096534452,0.0,0.0,0.0,STARLINK-34712,0,N/A,N/A,0.0,23.936130914221593,False,0.0,0.0,0.0,79981.53886597871,99.97692358247339,No suitable server found after deadline/sunset filters,N/A,N/A,N/A
220,CPU_and_Data_Intensive,Rejected,23.41368026684381,N/A,N/A,N/A,0.3522911527316093,0.0,0.0,0.0,STARLINK-34712,0,N/A,N/A,0.0,338.5847517495702,False,0.0,0.0,0.0,79981.53886597871,99.97692358247339,No suitable server found after deadline/sunset filters,N/A,N/A,N/A
232,CPU_and_Data_Intensive,Rejected,24.514201158975194,N/A,N/A,N/A,0.027084016017467117,0.0,0.0,0.0,STARLINK-34712,0,N/A,N/A,0.0,265.9501967486584,False,0.0,0.0,0.0,79981.53886597871,99.97692358247339,No suitable server found after deadline/sunset filters,N/A,N/A,N/A
251,CPU_and_Data_Intensive,Rejected,26.36888928102074,N/A,N/A,N/A,0.3318759201892525,0.0,0.0,0.0,STARLINK-34712,0,N/A,N/A,0.0,391.25905681879897,False,0.0,0.0,0.0,79981.53886597871,99.97692358247339,No suitable server found after deadline/sunset filters,N/A,N/A,N/A
265,Generic_Service,Rejected,27.803855733394613,N/A,N/A,N/A,0.0032346195455812687,0.0,0.0,0.0,STARLINK-34712,0,N/A,N/A,0.0,0.07525707316119888,False,0.0,0.0,0.0,79981.53886597871,99.97692358247339,No suitable server found after deadline/sunset filters,N/A,N/A,N/A
266,CPU_and_Data_Intensive,Rejected,27.827177353244515,N/A,N/A,N/A,0.23419555858249158,0.0,0.0,0.0,STARLINK-34712,0,N/A,N/A,0.0,385.70779576803034,False,0.0,0.0,0.0,79981.53886597871,99.97692358247339,No suitable server found after deadline/sunset filters,N/A,N/A,N/A
270,Generic_Service,Rejected,27.92391633915022,N/A,N/A,N/A,0.00555113561724896,0.0,0.0,0.0,STARLINK-34712,0,N/A,N/A,0.0,0.07002581803821127,False,0.0,0.0,0.0,79981.53886597871,99.97692358247339,No suitable server found after deadline/sunset filters,N/A,N/A,N/A
274,CPU_and_Data_Intensive,Rejected,28.269166449540194,N/A,N/A,N/A,0.16523285512044444,0.0,0.0,0.0,STARLINK-34712,0,N/A,N/A,0.0,267.95184870409724,False,0.0,0.0,0.0,79981.53886597871,99.97692358247339,No suitable server found after deadline/sunset filters,N/A,N/A,N/A
289,CPU_and_Data_Intensive,Rejected,30.632239686394556,N/A,N/A,N/A,0.11158675533903445,0.0,0.0,0.0,STARLINK-34712,0,N/A,N/A,0.0,276.36398213328664,False,0.0,0.0,0.0,79981.53886597871,99.97692358247339,No suitable server found after deadline/sunset filters,N/A,N/A,N/A
296,CPU_and_Data_Intensive,Rejected,31.658779292012476,N/A,N/A,N/A,0.30548699535287677,0.0,0.0,0.0,STARLINK-34712,0,N/A,N/A,0.0,404.71659260844564,False,0.0,0.0,0.0,79981.53886597871,99.97692358247339,No suitable server found after deadline/sunset filters,N/A,N/A,N/A
304,CPU_and_Data_Intensive,Rejected,32.366584378418835,N/A,N/A,N/A,0.16554479368622488,0.0,0.0,0.0,STARLINK-34712,0,N/A,N/A,0.0,417.22088793188925,False,0.0,0.0,0.0,79981.53886597871,99.97692358247339,No suitable server found after deadline/sunset filters,N/A,N/A,N/A
306,CPU_and_Data_Intensive,Rejected,32.57257454967993,N/A,N/A,N/A,0.14004200840519038,0.0,0.0,0.0,STARLINK-34712,0,N/A,N/A,0.0,498.5173021244402,False,0.0,0.0,0.0,79981.53886597871,99.97692358247339,No suitable server found after deadline/sunset filters,N/A,N/A,N/A
311,CPU_and_Data_Intensive,Rejected,33.220138515754016,N/A,N/A,N/A,0.27898085920684507,0.0,0.0,0.0,STARLINK-34712,0,N/A,N/A,0.0,415.42036826127486,False,0.0,0.0,0.0,79981.53886597871,99.97692358247339,No suitable server found after deadline/sunset filters,N/A,N/A,N/A
312,CPU_Intensive,Rejected,33.34485629260204,N/A,N/A,N/A,0.0036425386712365814,0.0,0.0,0.0,STARLINK-34712,0,N/A,N/A,0.0,0.03202353237498796,False,0.0,0.0,0.0,79981.53886597871,99.97692358247339,No suitable server found after deadline/sunset filters,N/A,N/A,N/A
343,Generic_Service,Rejected,36.303080063103415,N/A,N/A,N/A,0.005595065380607757,0.0,0.0,0.0,STARLINK-34712,0,N/A,N/A,0.0,0.08720603014546119,False,0.0,0.0,0.0,79981.53886597871,99.97692358247339,No suitable server found after deadline/sunset filters,N/A,N/A,N/A
344,CPU_and_Data_Intensive,Rejected,36.46794324265504,N/A,N/A,N/A,0.13768833350675275,0.0,0.0,0.0,STARLINK-34712,0,N/A,N/A,0.0,165.47303575141143,False,0.0,0.0,0.0,79981.53886597871,99.97692358247339,No suitable server found after deadline/sunset filters,N/A,N/A,N/A
349,CPU_and_Data_Intensive,Rejected,37.17844754217209,N/A,N/A,N/A,0.12610300659587834,0.0,0.0,0.0,STARLINK-34712,0,N/A,N/A,0.0,325.65108494125997,False,0.0,0.0,0.0,79981.53886597871,99.97692358247339,No suitable server found after deadline/sunset filters,N/A,N/A,N/A
353,Generic_Service,Rejected,37.590509735709205,N/A,N/A,N/A,0.003343289705159734,0.0,0.0,0.0,STARLINK-34712,0,N/A,N/A,0.0,0.0565548300177592,False,0.0,0.0,0.0,79981.53886597871,99.97692358247339,No suitable server found after deadline/sunset filters,N/A,N/A,N/A
362,CPU_and_Data_Intensive,Rejected,38.7257228771754,N/A,N/A,N/A,0.08445430869574591,0.0,0.0,0.0,STARLINK-34712,0,N/A,N/A,0.0,380.2473783668345,False,0.0,0.0,0.0,79981.53886597871,99.97692358247339,No suitable server found after deadline/sunset filters,N/A,N/A,N/A
367,Generic_Service,Rejected,39.20193281491898,N/A,N/A,N/A,0.00550269706940151,0.0,0.0,0.0,STARLINK-34712,0,N/A,N/A,0.0,0.05427615427240937,False,0.0,0.0,0.0,79981.53886597871,99.97692358247339,No suitable server found after deadline/sunset filters,N/A,N/A,N/A
372,CPU_and_Data_Intensive,Rejected,39.960891904390145,N/A,N/A,N/A,0.22159034555675333,0.0,0.0,0.0,STARLINK-34712,0,N/A,N/A,0.0,254.99150747035856,False,0.0,0.0,0.0,79981.53886597871,99.97692358247339,No suitable server found after deadline/sunset filters,N/A,N/A,N/A
396,CPU_and_Data_Intensive,Rejected,41.50889915431323,N/A,N/A,N/A,0.350997821970505,0.0,0.0,0.0,STARLINK-34712,0,N/A,N/A,0.0,342.25132544691013,False,0.0,0.0,0.0,79981.53886597871,99.97692358247339,No suitable server found after deadline/sunset filters,N/A,N/A,N/A
398,CPU_and_Data_Intensive,Rejected,41.60119886937019,N/A,N/A,N/A,0.2670356624330079,0.0,0.0,0.0,STARLINK-34712,0,N/A,N/A,0.0,414.0326412686867,False,0.0,0.0,0.0,79981.53886597871,99.97692358247339,No suitable server found after deadline/sunset filters,N/A,N/A,N/A
425,CPU_and_Data_Intensive,Rejected,44.48903997479266,N/A,N/A,N/A,0.4070551403138846,0.0,0.0,0.0,STARLINK-34712,0,N/A,N/A,0.0,327.2001325934693,False,0.0,0.0,0.0,79981.53886597871,99.97692358247339,No suitable server found after deadline/sunset filters,N/A,N/A,N/A
431,Generic_Service,Rejected,45.287964844278136,N/A,N/A,N/A,0.0019709277527418137,0.0,0.0,0.0,STARLINK-34712,0,N/A,N/A,0.0,0.025163176805153713,False,0.0,0.0,0.0,79981.53886597871,99.97692358247339,No suitable server found after deadline/sunset filters,N/A,N/A,N/A
435,CPU_and_Data_Intensive,Rejected,45.6677537567991,N/A,N/A,N/A,0.34714364762108335,0.0,0.0,0.0,STARLINK-34712,0,N/A,N/A,0.0,416.23245916379864,False,0.0,0.0,0.0,79981.53886597871,99.97692358247339,No suitable server found after deadline/sunset filters,N/A,N/A,N/A
437,CPU_and_Data_Intensive,Rejected,45.93143106726093,N/A,N/A,N/A,0.02692597024395869,0.0,0.0,0.0,STARLINK-34712,0,N/A,N/A,0.0,495.71108701588656,False,0.0,0.0,0.0,79981.53886597871,99.97692358247339,No suitable server found after deadline/sunset filters,N/A,N/A,N/A
443,CPU_and_Data_Intensive,Rejected,46.58428798523266,N/A,N/A,N/A,0.4684318558941993,0.0,0.0,0.0,STARLINK-34712,0,N/A,N/A,0.0,425.0510289770098,False,0.0,0.0,0.0,79981.53886597871,99.97692358247339,No suitable server found after deadline/sunset filters,N/A,N/A,N/A
454,CPU_and_Data_Intensive,Rejected,46.953580815502,N/A,N/A,N/A,0.4121664561220353,0.0,0.0,0.0,STARLINK-34712,0,N/A,N/A,0.0,326.92429341735635,False,0.0,0.0,0.0,79981.53886597871,99.97692358247339,No suitable server found after deadline/sunset filters,N/A,N/A,N/A
461,CPU_and_Data_Intensive,Rejected,47.27013928921272,N/A,N/A,N/A,0.3235772116229117,0.0,0.0,0.0,STARLINK-34712,0,N/A,N/A,0.0,470.05015961358265,False,0.0,0.0,0.0,79981.53886597871,99.97692358247339,No suitable server found after deadline/sunset filters,N/A,N/A,N/A
491,Generic_Service,Rejected,51.45214928274622,N/A,N/A,N/A,4.2668699151417376e-05,0.0,0.0,0.0,STARLINK-34712,0,N/A,N/A,0.0,0.061075237190397834,False,0.0,0.0,0.0,79981.53886597871,99.97692358247339,No suitable server found after deadline/sunset filters,N/A,N/A,N/A
492,CPU_and_Data_Intensive,Rejected,51.49862635719572,N/A,N/A,N/A,0.015387237863293091,0.0,0.0,0.0,STARLINK-34712,0,N/A,N/A,0.0,236.210884030198,False,0.0,0.0,0.0,79981.53886597871,99.97692358247339,No suitable server found after deadline/sunset filters,N/A,N/A,N/A
494,CPU_and_Data_Intensive,Rejected,51.64987959896635,N/A,N/A,N/A,0.1761436193669683,0.0,0.0,0.0,STARLINK-34712,0,N/A,N/A,0.0,474.5724442553798,False,0.0,0.0,0.0,79981.53886597871,99.97692358247339,No suitable server found after deadline/sunset filters,N/A,N/A,N/A
500,CPU_and_Data_Intensive,Rejected,51.99261138090071,N/A,N/A,N/A,0.4579021183402669,0.0,0.0,0.0,STARLINK-34712,0,N/A,N/A,0.0,400.85885186336316,False,0.0,0.0,0.0,79981.53886597871,99.97692358247339,No suitable server found after deadline/sunset filters,N/A,N/A,N/A
528,Generic_Service,Rejected,54.12853016166419,N/A,N/A,N/A,0.004705149745494824,0.0,0.0,0.0,STARLINK-34712,0,N/A,N/A,0.0,0.08568382380719179,False,0.0,0.0,0.0,79981.53886597871,99.97692358247339,No suitable server found after deadline/sunset filters,N/A,N/A,N/A
551,CPU_and_Data_Intensive,Rejected,55.83817114255513,N/A,N/A,N/A,0.07682252712602944,0.0,0.0,0.0,STARLINK-34712,0,N/A,N/A,0.0,261.79423320702006,False,0.0,0.0,0.0,79981.53886597871,99.97692358247339,No suitable server found after deadline/sunset filters,N/A,N/A,N/A
569,CPU_and_Data_Intensive,Rejected,57.99776201115092,N/A,N/A,N/A,0.05454092682188302,0.0,0.0,0.0,STARLINK-34712,0,N/A,N/A,0.0,352.0236734362069,False,0.0,0.0,0.0,79981.53886597871,99.97692358247339,No suitable server found after deadline/sunset filters,N/A,N/A,N/A
580,Generic_Service,Rejected,58.77131796031434,N/A,N/A,N/A,0.0002857460547543354,0.0,0.0,0.0,STARLINK-34712,0,N/A,N/A,0.0,0.04423059925001513,False,0.0,0.0,0.0,79981.53886597871,99.97692358247339,No suitable server found after deadline/sunset filters,N/A,N/A,N/A
587,CPU_Intensive,Rejected,59.163792498178545,N/A,N/A,N/A,0.005229070589391626,0.0,0.0,0.0,STARLINK-34712,0,N/A,N/A,0.0,0.0647116120397407,False,0.0,0.0,0.0,79981.53886597871,99.97692358247339,No suitable server found after deadline/sunset filters,N/A,N/A,N/A
591,Generic_Service,Rejected,59.357397736133066,N/A,N/A,N/A,0.002159739685271361,0.0,0.0,0.0,STARLINK-34712,0,N/A,N/A,0.0,0.07937054585944085,False,0.0,0.0,0.0,79981.53886597871,99.97692358247339,No suitable server found after deadline/sunset filters,N/A,N/A,N/A
606,CPU_and_Data_Intensive,Rejected,61.32440742210004,N/A,N/A,N/A,0.24282349370774897,0.0,0.0,0.0,STARLINK-34712,0,N/A,N/A,0.0,399.17741907808994,False,0.0,0.0,0.0,79981.53886597871,99.97692358247339,No suitable server found after deadline/sunset filters,N/A,N/A,N/A
607,CPU_and_Data_Intensive,Rejected,61.62568073083239,N/A,N/A,N/A,0.10880658025409483,0.0,0.0,0.0,STARLINK-34712,0,N/A,N/A,0.0,418.15366423196474,False,0.0,0.0,0.0,79981.53886597871,99.97692358247339,No suitable server found after deadline/sunset filters,N/A,N/A,N/A
650,CPU_and_Data_Intensive,Rejected,65.00998111986502,N/A,N/A,N/A,0.03734801609585116,0.0,0.0,0.0,STARLINK-34712,0,N/A,N/A,0.0,132.6087335815365,False,0.0,0.0,0.0,79981.53886597871,99.97692358247339,No suitable server found after deadline/sunset filters,N/A,N/A,N/A
670,CPU_and_Data_Intensive,Rejected,67.38722822084033,N/A,N/A,N/A,0.2124648362546377,0.0,0.0,0.0,STARLINK-34712,0,N/A,N/A,0.0,219.55535089375172,False,0.0,0.0,0.0,79981.53886597871,99.97692358247339,No suitable server found after deadline/sunset filters,N/A,N/A,N/A
698,CPU_and_Data_Intensive,Rejected,69.92920869053907,N/A,N/A,N/A,0.1472905766216474,0.0,0.0,0.0,STARLINK-34712,0,N/A,N/A,0.0,241.10954312281393,False,0.0,0.0,0.0,79981.53886597871,99.97692358247339,No suitable server found after deadline/sunset filters,N/A,N/A,N/A
710,CPU_and_Data_Intensive,Rejected,70.87123342463255,N/A,N/A,N/A,0.32622980989602857,0.0,0.0,0.0,STARLINK-34712,0,N/A,N/A,0.0,341.828069434591,False,0.0,0.0,0.0,79981.53886597871,99.97692358247339,No suitable server found after deadline/sunset filters,N/A,N/A,N/A
717,CPU_and_Data_Intensive,Rejected,71.2484860320687,N/A,N/A,N/A,0.059040413832121726,0.0,0.0,0.0,STARLINK-34712,0,N/A,N/A,0.0,183.05504806353608,False,0.0,0.0,0.0,79981.53886597871,99.97692358247339,No suitable server found after deadline/sunset filters,N/A,N/A,N/A
719,CPU_and_Data_Intensive,Rejected,71.39280369004398,N/A,N/A,N/A,0.022712854446162594,0.0,0.0,0.0,STARLINK-34712,0,N/A,N/A,0.0,22.191264729266702,False,0.0,0.0,0.0,79981.53886597871,99.97692358247339,No suitable server found after deadline/sunset filters,N/A,N/A,N/A
720,Generic_Service,Rejected,71.4947624447335,N/A,N/A,N/A,0.003180027414699428,0.0,0.0,0.0,STARLINK-34712,0,N/A,N/A,0.0,0.034626698508367984,False,0.0,0.0,0.0,79981.53886597871,99.97692358247339,No suitable server found after deadline/sunset filters,N/A,N/A,N/A
750,CPU_and_Data_Intensive,Rejected,74.84087758076913,N/A,N/A,N/A,0.15902112719284478,0.0,0.0,0.0,STARLINK-34712,0,N/A,N/A,0.0,282.1463936357817,False,0.0,0.0,0.0,79981.53886597871,99.97692358247339,No suitable server found after deadline/sunset filters,N/A,N/A,N/A
756,Generic_Service,Rejected,75.29704244644125,N/A,N/A,N/A,0.0037512878605665727,0.0,0.0,0.0,STARLINK-34712,0,N/A,N/A,0.0,0.030754379047458327,False,0.0,0.0,0.0,79981.53886597871,99.97692358247339,No suitable server found after deadline/sunset filters,N/A,N/A,N/A
758,Generic_Service,Rejected,75.89164697783035,N/A,N/A,N/A,0.0011338864388229734,0.0,0.0,0.0,STARLINK-34712,0,N/A,N/A,0.0,0.051206279860795345,False,0.0,0.0,0.0,79981.53886597871,99.97692358247339,No suitable server found after deadline/sunset filters,N/A,N/A,N/A
762,Generic_Service,Rejected,76.27474414210296,N/A,N/A,N/A,0.0012783720855028939,0.0,0.0,0.0,STARLINK-34712,0,N/A,N/A,0.0,0.04439450848651151,False,0.0,0.0,0.0,79981.53886597871,99.97692358247339,No suitable server found after deadline/sunset filters,N/A,N/A,N/A
767,Generic_Service,Rejected,76.69629754379484,N/A,N/A,N/A,0.002143393079249043,0.0,0.0,0.0,STARLINK-34712,0,N/A,N/A,0.0,0.047569946011798786,False,0.0,0.0,0.0,79981.53886597871,99.97692358247339,No suitable server found after deadline/sunset filters,N/A,N/A,N/A
778,CPU_and_Data_Intensive,Rejected,78.19355777373238,N/A,N/A,N/A,0.40003772493701306,0.0,0.0,0.0,STARLINK-34712,0,N/A,N/A,0.0,429.0340217454353,False,0.0,0.0,0.0,79981.53886597871,99.97692358247339,No suitable server found after deadline/sunset filters,N/A,N/A,N/A
798,CPU_and_Data_Intensive,Rejected,80.01963032434715,N/A,N/A,N/A,0.06635804772828759,0.0,0.0,0.0,STARLINK-34712,0,N/A,N/A,0.0,354.02984590764277,False,0.0,0.0,0.0,79981.53886597871,99.97692358247339,No suitable server found after deadline/sunset filters,N/A,N/A,N/A
800,CPU_and_Data_Intensive,Rejected,80.508165712474,N/A,N/A,N/A,0.31623308730584393,0.0,0.0,0.0,STARLINK-34712,0,N/A,N/A,0.0,244.49604600184156,False,0.0,0.0,0.0,79981.53886597871,99.97692358247339,No suitable server found after deadline/sunset filters,N/A,N/A,N/A
802,CPU_and_Data_Intensive,Rejected,80.77422236971584,N/A,N/A,N/A,0.11820673640075383,0.0,0.0,0.0,STARLINK-34712,0,N/A,N/A,0.0,213.2167199264656,False,0.0,0.0,0.0,79981.53886597871,99.97692358247339,No suitable server found after deadline/sunset filters,N/A,N/A,N/A
803,CPU_and_Data_Intensive,Rejected,80.96763758252742,N/A,N/A,N/A,0.1256363811136726,0.0,0.0,0.0,STARLINK-34712,0,N/A,N/A,0.0,416.3272771167631,False,0.0,0.0,0.0,79981.53886597871,99.97692358247339,No suitable server found after deadline/sunset filters,N/A,N/A,N/A
804,CPU_and_Data_Intensive,Rejected,81.1819907714586,N/A,N/A,N/A,0.3317724018158916,0.0,0.0,0.0,STARLINK-34712,0,N/A,N/A,0.0,416.4383132757168,False,0.0,0.0,0.0,79981.53886597871,99.97692358247339,No suitable server found after deadline/sunset filters,N/A,N/A,N/A
818,CPU_and_Data_Intensive,Rejected,82.70159123447833,N/A,N/A,N/A,0.16775423092972513,0.0,0.0,0.0,STARLINK-34712,0,N/A,N/A,0.0,286.3829841397415,False,0.0,0.0,0.0,79981.53886597871,99.97692358247339,No suitable server found after deadline/sunset filters,N/A,N/A,N/A
826,CPU_and_Data_Intensive,Rejected,83.49275767553014,N/A,N/A,N/A,0.17178312064574242,0.0,0.0,0.0,STARLINK-34712,0,N/A,N/A,0.0,247.88660402909505,False,0.0,0.0,0.0,79981.53886597871,99.97692358247339,No suitable server found after deadline/sunset filters,N/A,N/A,N/A
832,CPU_and_Data_Intensive,Rejected,83.75299332681773,N/A,N/A,N/A,0.00033025466422071086,0.0,0.0,0.0,STARLINK-34712,0,N/A,N/A,0.0,346.06975616721616,False,0.0,0.0,0.0,79981.53886597871,99.97692358247339,No suitable server found after deadline/sunset filters,N/A,N/A,N/A
847,Generic_Service,Rejected,85.4693110159309,N/A,N/A,N/A,0.005873945192258513,0.0,0.0,0.0,STARLINK-34712,0,N/A,N/A,0.0,0.02859451503628775,False,0.0,0.0,0.0,79981.53886597871,99.97692358247339,No suitable server found after deadline/sunset filters,N/A,N/A,N/A
855,CPU_Intensive,Rejected,86.40113797297353,N/A,N/A,N/A,0.0033286933369518473,0.0,0.0,0.0,STARLINK-34712,0,N/A,N/A,0.0,0.04608211526709549,False,0.0,0.0,0.0,79981.53886597871,99.97692358247339,No suitable server found after deadline/sunset filters,N/A,N/A,N/A
862,Generic_Service,Rejected,87.32980076183411,N/A,N/A,N/A,0.005948397400672584,0.0,0.0,0.0,STARLINK-34712,0,N/A,N/A,0.0,0.01827953471532442,False,0.0,0.0,0.0,79981.53886597871,99.97692358247339,No suitable server found after deadline/sunset filters,N/A,N/A,N/A
866,CPU_and_Data_Intensive,Rejected,88.01332708270718,N/A,N/A,N/A,0.2518151466173917,0.0,0.0,0.0,STARLINK-34712,0,N/A,N/A,0.0,332.5404452810294,False,0.0,0.0,0.0,79981.53886597871,99.97692358247339,No suitable server found after deadline/sunset filters,N/A,N/A,N/A
872,CPU_and_Data_Intensive,Rejected,88.52828620218872,N/A,N/A,N/A,0.12583389385717475,0.0,0.0,0.0,STARLINK-34712,0,N/A,N/A,0.0,276.7192274947875,False,0.0,0.0,0.0,79981.53886597871,99.97692358247339,No suitable server found after deadline/sunset filters,N/A,N/A,N/A
874,CPU_and_Data_Intensive,Rejected,88.67030268128346,N/A,N/A,N/A,0.2915127260850499,0.0,0.0,0.0,STARLINK-34712,0,N/A,N/A,0.0,287.0554448203516,False,0.0,0.0,0.0,79981.53886597871,99.97692358247339,No suitable server found after deadline/sunset filters,N/A,N/A,N/A
875,CPU_Intensive,Rejected,88.68282185152003,N/A,N/A,N/A,0.0046524638712606235,0.0,0.0,0.0,STARLINK-34712,0,N/A,N/A,0.0,0.08305225361587415,False,0.0,0.0,0.0,79981.53886597871,99.97692358247339,No suitable server found after deadline/sunset filters,N/A,N/A,N/A
878,CPU_and_Data_Intensive,Rejected,89.17523453380598,N/A,N/A,N/A,0.013928769986611427,0.0,0.0,0.0,STARLINK-34712,0,N/A,N/A,0.0,20.740675278790466,False,0.0,0.0,0.0,79981.53886597871,99.97692358247339,No suitable server found after deadline/sunset filters,N/A,N/A,N/A
891,CPU_and_Data_Intensive,Rejected,90.41676791427945,N/A,N/A,N/A,0.13607620692551375,0.0,0.0,0.0,STARLINK-34712,0,N/A,N/A,0.0,329.18140792845645,False,0.0,0.0,0.0,79981.53886597871,99.97692358247339,No suitable server found after deadline/sunset filters,N/A,N/A,N/A
893,CPU_and_Data_Intensive,Rejected,90.76834367978142,N/A,N/A,N/A,0.09966920160595084,0.0,0.0,0.0,STARLINK-34712,0,N/A,N/A,0.0,133.63257227091805,False,0.0,0.0,0.0,79981.53886597871,99.97692358247339,No suitable server found after deadline/sunset filters,N/A,N/A,N/A
894,CPU_and_Data_Intensive,Rejected,90.9966762942511,N/A,N/A,N/A,0.2694469761362926,0.0,0.0,0.0,STARLINK-34712,0,N/A,N/A,0.0,378.2766457027702,False,0.0,0.0,0.0,79981.53886597871,99.97692358247339,No suitable server found after deadline/sunset filters,N/A,N/A,N/A
895,CPU_and_Data_Intensive,Rejected,91.01093715677771,N/A,N/A,N/A,0.10932275152656448,0.0,0.0,0.0,STARLINK-34712,0,N/A,N/A,0.0,179.87751882027285,False,0.0,0.0,0.0,79981.53886597871,99.97692358247339,No suitable server found after deadline/sunset filters,N/A,N/A,N/A
909,CPU_and_Data_Intensive,Rejected,92.2976297551758,N/A,N/A,N/A,0.26744308617700197,0.0,0.0,0.0,STARLINK-34712,0,N/A,N/A,0.0,262.73816912910604,False,0.0,0.0,0.0,79981.53886597871,99.97692358247339,No suitable server found after deadline/sunset filters,N/A,N/A,N/A
914,Generic_Service,Rejected,92.83576661540593,N/A,N/A,N/A,0.0023111821985377485,0.0,0.0,0.0,STARLINK-34712,0,N/A,N/A,0.0,0.07618250677961465,False,0.0,0.0,0.0,79981.53886597871,99.97692358247339,No suitable server found after deadline/sunset filters,N/A,N/A,N/A
917,CPU_and_Data_Intensive,Rejected,93.21473268689368,N/A,N/A,N/A,0.300409622351358,0.0,0.0,0.0,STARLINK-34712,0,N/A,N/A,0.0,447.29911905134765,False,0.0,0.0,0.0,79981.53886597871,99.97692358247339,No suitable server found after deadline/sunset filters,N/A,N/A,N/A
924,CPU_and_Data_Intensive,Rejected,93.62229011504014,N/A,N/A,N/A,0.05491403215389084,0.0,0.0,0.0,STARLINK-34712,0,N/A,N/A,0.0,364.87127820542383,False,0.0,0.0,0.0,79981.53886597871,99.97692358247339,No suitable server found after deadline/sunset filters,N/A,N/A,N/A
940,CPU_and_Data_Intensive,Rejected,95.44087168524555,N/A,N/A,N/A,0.15327432935536817,0.0,0.0,0.0,STARLINK-34712,0,N/A,N/A,0.0,463.7096127430067,False,0.0,0.0,0.0,79981.53886597871,99.97692358247339,No suitable server found after deadline/sunset filters,N/A,N/A,N/A
942,CPU_and_Data_Intensive,Rejected,95.44602156735384,N/A,N/A,N/A,0.05427462739221064,0.0,0.0,0.0,STARLINK-34712,0,N/A,N/A,0.0,156.75797464728916,False,0.0,0.0,0.0,79981.53886597871,99.97692358247339,No suitable server found after deadline/sunset filters,N/A,N/A,N/A
956,CPU_and_Data_Intensive,Rejected,97.24554788158474,N/A,N/A,N/A,0.3479724604288281,0.0,0.0,0.0,STARLINK-34712,0,N/A,N/A,0.0,277.91912747223546,False,0.0,0.0,0.0,79981.53886597871,99.97692358247339,No suitable server found after deadline/sunset filters,N/A,N/A,N/A
965,Generic_Service,Rejected,98.57203053666531,N/A,N/A,N/A,0.004138662418111506,0.0,0.0,0.0,STARLINK-34712,0,N/A,N/A,0.0,0.04432422975994135,False,0.0,0.0,0.0,79981.53886597871,99.97692358247339,No suitable server found after deadline/sunset filters,N/A,N/A,N/A
972,CPU_and_Data_Intensive,Rejected,99.3273955749985,N/A,N/A,N/A,0.2600104484394503,0.0,0.0,0.0,STARLINK-34712,0,N/A,N/A,0.0,276.4106423030272,False,0.0,0.0,0.0,79981.53886597871,99.97692358247339,No suitable server found after deadline/sunset filters,N/A,N/A,N/A
1000,CPU_and_Data_Intensive,Rejected,101.69220475896769,N/A,N/A,N/A,0.11003969153097203,0.0,0.0,0.0,STARLINK-34712,0,N/A,N/A,0.0,474.10567128779485,False,0.0,0.0,0.0,79981.53886597871,99.97692358247339,No suitable server found after deadline/sunset filters,N/A,N/A,N/A
1012,CPU_and_Data_Intensive,Rejected,102.50098326043464,N/A,N/A,N/A,0.1147719528316284,0.0,0.0,0.0,STARLINK-34712,0,N/A,N/A,0.0,207.56141294960815,False,0.0,0.0,0.0,79981.53886597871,99.97692358247339,No suitable server found after deadline/sunset filters,N/A,N/A,N/A
1038,Generic_Service,Rejected,105.3453218829699,N/A,N/A,N/A,0.0052266341246861425,0.0,0.0,0.0,STARLINK-34712,0,N/A,N/A,0.0,0.01626682876999966,False,0.0,0.0,0.0,79981.53886597871,99.97692358247339,No suitable server found after deadline/sunset filters,N/A,N/A,N/A
1052,CPU_and_Data_Intensive,Rejected,106.92801146134026,N/A,N/A,N/A,0.3653293402960329,0.0,0.0,0.0,STARLINK-34712,0,N/A,N/A,0.0,346.56251709032426,False,0.0,0.0,0.0,79981.53886597871,99.97692358247339,No suitable server found after deadline/sunset filters,N/A,N/A,N/A
1055,CPU_and_Data_Intensive,Rejected,107.29071235520875,N/A,N/A,N/A,0.4014336793310607,0.0,0.0,0.0,STARLINK-34712,0,N/A,N/A,0.0,343.4993983808709,False,0.0,0.0,0.0,79981.53886597871,99.97692358247339,No suitable server found after deadline/sunset filters,N/A,N/A,N/A
1062,Generic_Service,Rejected,107.72195346195326,N/A,N/A,N/A,0.0005668024635154278,0.0,0.0,0.0,STARLINK-34712,0,N/A,N/A,0.0,0.07457432345861262,False,0.0,0.0,0.0,79981.53886597871,99.97692358247339,No suitable server found after deadline/sunset filters,N/A,N/A,N/A
1069,Generic_Service,Rejected,108.25274605805154,N/A,N/A,N/A,0.000524036445740852,0.0,0.0,0.0,STARLINK-34712,0,N/A,N/A,0.0,0.0779501288763439,False,0.0,0.0,0.0,79981.53886597871,99.97692358247339,No suitable server found after deadline/sunset filters,N/A,N/A,N/A
1077,CPU_and_Data_Intensive,Rejected,108.92421710445022,N/A,N/A,N/A,0.12887932031427335,0.0,0.0,0.0,STARLINK-34712,0,N/A,N/A,0.0,236.2697423071749,False,0.0,0.0,0.0,79981.53886597871,99.97692358247339,No suitable server found after deadline/sunset filters,N/A,N/A,N/A
1087,CPU_and_Data_Intensive,Rejected,110.21899784203804,N/A,N/A,N/A,0.07600938084614031,0.0,0.0,0.0,STARLINK-34712,0,N/A,N/A,0.0,371.8807517016046,False,0.0,0.0,0.0,79981.53886597871,99.97692358247339,No suitable server found after deadline/sunset filters,N/A,N/A,N/A
1088,CPU_and_Data_Intensive,Rejected,110.39469069199113,N/A,N/A,N/A,0.01796725281740102,0.0,0.0,0.0,STARLINK-34712,0,N/A,N/A,0.0,15.549600297462447,False,0.0,0.0,0.0,79981.53886597871,99.97692358247339,No suitable server found after deadline/sunset filters,N/A,N/A,N/A
1089,CPU_and_Data_Intensive,Rejected,110.63442011136576,N/A,N/A,N/A,0.11323871172335379,0.0,0.0,0.0,STARLINK-34712,0,N/A,N/A,0.0,375.5123918718919,False,0.0,0.0,0.0,79981.53886597871,99.97692358247339,No suitable server found after deadline/sunset filters,N/A,N/A,N/A
1095,CPU_and_Data_Intensive,Rejected,111.24992457085249,N/A,N/A,N/A,0.36770653203725606,0.0,0.0,0.0,STARLINK-34712,0,N/A,N/A,0.0,348.6937872929973,False,0.0,0.0,0.0,79981.53886597871,99.97692358247339,No suitable server found after deadline/sunset filters,N/A,N/A,N/A
1105,CPU_and_Data_Intensive,Rejected,112.3146937305884,N/A,N/A,N/A,0.12839790143754184,0.0,0.0,0.0,STARLINK-34712,0,N/A,N/A,0.0,461.95760337746515,False,0.0,0.0,0.0,79981.53886597871,99.97692358247339,No suitable server found after deadline/sunset filters,N/A,N/A,N/A
1107,CPU_and_Data_Intensive,Rejected,112.36909939606159,N/A,N/A,N/A,0.3823104966246875,0.0,0.0,0.0,STARLINK-34712,0,N/A,N/A,0.0,333.4719386115236,False,0.0,0.0,0.0,79981.53886597871,99.97692358247339,No suitable server found after deadline/sunset filters,N/A,N/A,N/A
1123,CPU_and_Data_Intensive,Rejected,113.70244226512662,N/A,N/A,N/A,0.033260524398675044,0.0,0.0,0.0,STARLINK-34712,0,N/A,N/A,0.0,21.211417000652933,False,0.0,0.0,0.0,79981.53886597871,99.97692358247339,No suitable server found after deadline/sunset filters,N/A,N/A,N/A
1161,Generic_Service,Rejected,118.55502520969911,N/A,N/A,N/A,0.0030036720653620853,0.0,0.0,0.0,STARLINK-34712,0,N/A,N/A,0.0,0.08336238885171285,False,0.0,0.0,0.0,79981.53886597871,99.97692358247339,No suitable server found after deadline/sunset filters,N/A,N/A,N/A
1165,Generic_Service,Rejected,119.08092298238402,N/A,N/A,N/A,0.003071143888248065,0.0,0.0,0.0,STARLINK-34712,0,N/A,N/A,0.0,0.017642829263303284,False,0.0,0.0,0.0,79981.53886597871,99.97692358247339,No suitable server found after deadline/sunset filters,N/A,N/A,N/A
1185,CPU_and_Data_Intensive,Rejected,120.99750398811877,N/A,N/A,N/A,0.040327019444818125,0.0,0.0,0.0,STARLINK-34712,0,N/A,N/A,0.0,235.5556152852758,False,0.0,0.0,0.0,79981.53886597871,99.97692358247339,No suitable server found after deadline/sunset filters,N/A,N/A,N/A
1186,CPU_and_Data_Intensive,Rejected,121.01875034010239,N/A,N/A,N/A,0.0016662222438248889,0.0,0.0,0.0,STARLINK-34712,0,N/A,N/A,0.0,378.7353777827606,False,0.0,0.0,0.0,79981.53886597871,99.97692358247339,No suitable server found after deadline/sunset filters,N/A,N/A,N/A
1187,CPU_and_Data_Intensive,Rejected,121.11933643984891,N/A,N/A,N/A,0.344719822988134,0.0,0.0,0.0,STARLINK-34712,0,N/A,N/A,0.0,314.3420569727109,False,0.0,0.0,0.0,79981.53886597871,99.97692358247339,No suitable server found after deadline/sunset filters,N/A,N/A,N/A
1190,CPU_and_Data_Intensive,Rejected,121.2729490670847,N/A,N/A,N/A,0.18882870746017413,0.0,0.0,0.0,STARLINK-34712,0,N/A,N/A,0.0,230.14896156352734,False,0.0,0.0,0.0,79981.53886597871,99.97692358247339,No suitable server found after deadline/sunset filters,N/A,N/A,N/A
1198,CPU_and_Data_Intensive,Rejected,121.85354260780068,N/A,N/A,N/A,0.13897848990100267,0.0,0.0,0.0,STARLINK-34712,0,N/A,N/A,0.0,378.9745023822617,False,0.0,0.0,0.0,79981.53886597871,99.97692358247339,No suitable server found after deadline/sunset filters,N/A,N/A,N/A
1209,CPU_and_Data_Intensive,Rejected,123.51371267237792,N/A,N/A,N/A,0.5304726085135123,0.0,0.0,0.0,STARLINK-34712,0,N/A,N/A,0.0,474.9336614068458,False,0.0,0.0,0.0,79981.53886597871,99.97692358247339,No suitable server found after deadline/sunset filters,N/A,N/A,N/A
1232,Generic_Service,Rejected,125.51931908462012,N/A,N/A,N/A,0.005053370648743318,0.0,0.0,0.0,STARLINK-34712,0,N/A,N/A,0.0,0.011082178448998236,False,0.0,0.0,0.0,79981.53886597871,99.97692358247339,No suitable server found after deadline/sunset filters,N/A,N/A,N/A
1250,CPU_and_Data_Intensive,Rejected,127.3750962862015,N/A,N/A,N/A,0.06038702873832829,0.0,0.0,0.0,STARLINK-34712,0,N/A,N/A,0.0,134.7534860035324,False,0.0,0.0,0.0,79981.53886597871,99.97692358247339,No suitable server found after deadline/sunset filters,N/A,N/A,N/A
1289,CPU_and_Data_Intensive,Rejected,130.59123338621032,N/A,N/A,N/A,0.5305288820258545,0.0,0.0,0.0,STARLINK-34712,0,N/A,N/A,0.0,450.03877655930677,False,0.0,0.0,0.0,79981.53886597871,99.97692358247339,No suitable server found after deadline/sunset filters,N/A,N/A,N/A
1293,Generic_Service,Rejected,131.001117348293,N/A,N/A,N/A,0.004623383581843677,0.0,0.0,0.0,STARLINK-34712,0,N/A,N/A,0.0,0.012428552155293671,False,0.0,0.0,0.0,79981.53886597871,99.97692358247339,No suitable server found after deadline/sunset filters,N/A,N/A,N/A
1304,CPU_and_Data_Intensive,Rejected,132.24735333780077,N/A,N/A,N/A,0.009096444227414355,0.0,0.0,0.0,STARLINK-34712,0,N/A,N/A,0.0,21.427186841354402,False,0.0,0.0,0.0,79981.53886597871,99.97692358247339,No suitable server found after deadline/sunset filters,N/A,N/A,N/A
1320,Generic_Service,Rejected,133.37534458232412,N/A,N/A,N/A,0.00216588042162259,0.0,0.0,0.0,STARLINK-34712,0,N/A,N/A,0.0,0.021792764827746045,False,0.0,0.0,0.0,79981.53886597871,99.97692358247339,No suitable server found after deadline/sunset filters,N/A,N/A,N/A
1325,CPU_and_Data_Intensive,Rejected,134.10850159609703,N/A,N/A,N/A,0.06873111850695751,0.0,0.0,0.0,STARLINK-34712,0,N/A,N/A,0.0,361.1631474105302,False,0.0,0.0,0.0,79981.53886597871,99.97692358247339,No suitable server found after deadline/sunset filters,N/A,N/A,N/A
1327,CPU_and_Data_Intensive,Rejected,134.16930861675465,N/A,N/A,N/A,0.19405343906432743,0.0,0.0,0.0,STARLINK-34712,0,N/A,N/A,0.0,305.3641754618652,False,0.0,0.0,0.0,79981.53886597871,99.97692358247339,No suitable server found after deadline/sunset filters,N/A,N/A,N/A
1330,CPU_and_Data_Intensive,Rejected,134.2275319539556,N/A,N/A,N/A,0.22413325151861213,0.0,0.0,0.0,STARLINK-34712,0,N/A,N/A,0.0,199.96956592033825,False,0.0,0.0,0.0,79981.53886597871,99.97692358247339,No suitable server found after deadline/sunset filters,N/A,N/A,N/A
1348,CPU_and_Data_Intensive,Rejected,137.056229933966,N/A,N/A,N/A,0.2917274144821145,0.0,0.0,0.0,STARLINK-34712,0,N/A,N/A,0.0,322.195102935796,False,0.0,0.0,0.0,79981.53886597871,99.97692358247339,No suitable server found after deadline/sunset filters,N/A,N/A,N/A
1352,CPU_and_Data_Intensive,Rejected,137.33236349387587,N/A,N/A,N/A,0.022973380672270546,0.0,0.0,0.0,STARLINK-34712,0,N/A,N/A,0.0,16.224427628935832,False,0.0,0.0,0.0,79981.53886597871,99.97692358247339,No suitable server found after deadline/sunset filters,N/A,N/A,N/A
1358,CPU_and_Data_Intensive,Rejected,138.30907576958387,N/A,N/A,N/A,0.45655951710600345,0.0,0.0,0.0,STARLINK-34712,0,N/A,N/A,0.0,441.4234687003402,False,0.0,0.0,0.0,79981.53886597871,99.97692358247339,No suitable server found after deadline/sunset filters,N/A,N/A,N/A
1360,CPU_and_Data_Intensive,Rejected,138.36188550881633,N/A,N/A,N/A,0.31380367514759683,0.0,0.0,0.0,STARLINK-34712,0,N/A,N/A,0.0,499.0192821875056,False,0.0,0.0,0.0,79981.53886597871,99.97692358247339,No suitable server found after deadline/sunset filters,N/A,N/A,N/A
1362,Generic_Service,Rejected,138.593055338324,N/A,N/A,N/A,0.002797076606800158,0.0,0.0,0.0,STARLINK-34712,0,N/A,N/A,0.0,0.07969315916410505,False,0.0,0.0,0.0,79981.53886597871,99.97692358247339,No suitable server found after deadline/sunset filters,N/A,N/A,N/A
1366,CPU_and_Data_Intensive,Rejected,138.98930035212572,N/A,N/A,N/A,0.3094412210576139,0.0,0.0,0.0,STARLINK-34712,0,N/A,N/A,0.0,493.7001570263365,False,0.0,0.0,0.0,79981.53886597871,99.97692358247339,No suitable server found after deadline/sunset filters,N/A,N/A,N/A
1367,CPU_and_Data_Intensive,Rejected,138.99277994218906,N/A,N/A,N/A,0.02960067168783006,0.0,0.0,0.0,STARLINK-34712,0,N/A,N/A,0.0,203.57518201953576,False,0.0,0.0,0.0,79981.53886597871,99.97692358247339,No suitable server found after deadline/sunset filters,N/A,N/A,N/A
1383,Generic_Service,Rejected,140.62065147090337,N/A,N/A,N/A,2.851553549878805e-05,0.0,0.0,0.0,STARLINK-34712,0,N/A,N/A,0.0,0.012557072070303387,False,0.0,0.0,0.0,79981.53886597871,99.97692358247339,No suitable server found after deadline/sunset filters,N/A,N/A,N/A
1387,Generic_Service,Rejected,140.9693997970148,N/A,N/A,N/A,0.003521807496762569,0.0,0.0,0.0,STARLINK-34712,0,N/A,N/A,0.0,0.07520989572443273,False,0.0,0.0,0.0,79981.53886597871,99.97692358247339,No suitable server found after deadline/sunset filters,N/A,N/A,N/A
1389,CPU_and_Data_Intensive,Rejected,141.1217678072408,N/A,N/A,N/A,0.2998556889968342,0.0,0.0,0.0,STARLINK-34712,0,N/A,N/A,0.0,301.0930816026902,False,0.0,0.0,0.0,79981.53886597871,99.97692358247339,No suitable server found after deadline/sunset filters,N/A,N/A,N/A
1398,CPU_and_Data_Intensive,Rejected,142.5055704810617,N/A,N/A,N/A,0.029808936940445126,0.0,0.0,0.0,STARLINK-34712,0,N/A,N/A,0.0,21.213688169799358,False,0.0,0.0,0.0,79981.53886597871,99.97692358247339,No suitable server found after deadline/sunset filters,N/A,N/A,N/A
1401,CPU_and_Data_Intensive,Rejected,142.7359877584447,N/A,N/A,N/A,0.32346856733934626,0.0,0.0,0.0,STARLINK-34712,0,N/A,N/A,0.0,293.8880176077004,False,0.0,0.0,0.0,79981.53886597871,99.97692358247339,No suitable server found after deadline/sunset filters,N/A,N/A,N/A
1403,Generic_Service,Rejected,142.93440915559967,N/A,N/A,N/A,0.0042930430251768405,0.0,0.0,0.0,STARLINK-34712,0,N/A,N/A,0.0,0.019307543954177248,False,0.0,0.0,0.0,79981.53886597871,99.97692358247339,No suitable server found after deadline/sunset filters,N/A,N/A,N/A
1404,CPU_and_Data_Intensive,Rejected,142.97770533793263,N/A,N/A,N/A,0.06075239076121793,0.0,0.0,0.0,STARLINK-34712,0,N/A,N/A,0.0,291.642317488043,False,0.0,0.0,0.0,79981.53886597871,99.97692358247339,No suitable server found after deadline/sunset filters,N/A,N/A,N/A
1407,CPU_and_Data_Intensive,Rejected,143.1199667143672,N/A,N/A,N/A,0.09114372935972541,0.0,0.0,0.0,STARLINK-34712,0,N/A,N/A,0.0,172.1331282580892,False,0.0,0.0,0.0,79981.53886597871,99.97692358247339,No suitable server found after deadline/sunset filters,N/A,N/A,N/A
1458,CPU_and_Data_Intensive,Rejected,147.5062233722724,N/A,N/A,N/A,0.34490314035940584,0.0,0.0,0.0,STARLINK-34712,0,N/A,N/A,0.0,401.9047288389956,False,0.0,0.0,0.0,79981.53886597871,99.97692358247339,No suitable server found after deadline/sunset filters,N/A,N/A,N/A
1462,CPU_and_Data_Intensive,Rejected,147.76842180207024,N/A,N/A,N/A,0.01124013562568764,0.0,0.0,0.0,STARLINK-34712,0,N/A,N/A,0.0,362.7858070684119,False,0.0,0.0,0.0,79981.53886597871,99.97692358247339,No suitable server found after deadline/sunset filters,N/A,N/A,N/A
1470,CPU_and_Data_Intensive,Rejected,148.58210760962137,N/A,N/A,N/A,0.008245529113998227,0.0,0.0,0.0,STARLINK-34712,0,N/A,N/A,0.0,206.5326585338244,False,0.0,0.0,0.0,79981.53886597871,99.97692358247339,No suitable server found after deadline/sunset filters,N/A,N/A,N/A
1499,CPU_and_Data_Intensive,Rejected,151.09675858071446,N/A,N/A,N/A,0.06107848526696429,0.0,0.0,0.0,STARLINK-34712,0,N/A,N/A,0.0,219.82136256873775,False,0.0,0.0,0.0,79981.53886597871,99.97692358247339,No suitable server found after deadline/sunset filters,N/A,N/A,N/A
1520,CPU_and_Data_Intensive,Rejected,153.52129287055965,N/A,N/A,N/A,0.54973857169233,0.0,0.0,0.0,STARLINK-34712,0,N/A,N/A,0.0,442.9232969008076,False,0.0,0.0,0.0,79981.53886597871,99.97692358247339,No suitable server found after deadline/sunset filters,N/A,N/A,N/A
1534,CPU_and_Data_Intensive,Rejected,155.34320140579692,N/A,N/A,N/A,0.0738491785865629,0.0,0.0,0.0,STARLINK-34712,0,N/A,N/A,0.0,377.3326707725782,False,0.0,0.0,0.0,79981.53886597871,99.97692358247339,No suitable server found after deadline/sunset filters,N/A,N/A,N/A
1547,CPU_and_Data_Intensive,Rejected,156.0375807515648,N/A,N/A,N/A,0.17212009411861537,0.0,0.0,0.0,STARLINK-34712,0,N/A,N/A,0.0,488.5549813241759,False,0.0,0.0,0.0,79981.53886597871,99.97692358247339,No suitable server found after deadline/sunset filters,N/A,N/A,N/A
1550,Generic_Service,Rejected,156.13673254910168,N/A,N/A,N/A,0.0010273171350017672,0.0,0.0,0.0,STARLINK-34712,0,N/A,N/A,0.0,0.014442973684111647,False,0.0,0.0,0.0,79981.53886597871,99.97692358247339,No suitable server found after deadline/sunset filters,N/A,N/A,N/A
1553,CPU_and_Data_Intensive,Rejected,156.36976368047087,N/A,N/A,N/A,0.19496292887700056,0.0,0.0,0.0,STARLINK-34712,0,N/A,N/A,0.0,488.44090004655163,False,0.0,0.0,0.0,79981.53886597871,99.97692358247339,No suitable server found after deadline/sunset filters,N/A,N/A,N/A
1565,CPU_and_Data_Intensive,Rejected,158.06978252754314,N/A,N/A,N/A,0.44873758853569085,0.0,0.0,0.0,STARLINK-34712,0,N/A,N/A,0.0,381.8900038895024,False,0.0,0.0,0.0,79981.53886597871,99.97692358247339,No suitable server found after deadline/sunset filters,N/A,N/A,N/A
1570,CPU_and_Data_Intensive,Rejected,159.01555255379864,N/A,N/A,N/A,0.5174813380217801,0.0,0.0,0.0,STARLINK-34712,0,N/A,N/A,0.0,444.39017927872635,False,0.0,0.0,0.0,79981.53886597871,99.97692358247339,No suitable server found after deadline/sunset filters,N/A,N/A,N/A
1588,CPU_Intensive,Rejected,160.80892373882978,N/A,N/A,N/A,0.0016460878322282417,0.0,0.0,0.0,STARLINK-34712,0,N/A,N/A,0.0,0.023167777287689102,False,0.0,0.0,0.0,79981.53886597871,99.97692358247339,No suitable server found after deadline/sunset filters,N/A,N/A,N/A
1590,CPU_and_Data_Intensive,Rejected,160.92265851943432,N/A,N/A,N/A,0.0639755287517021,0.0,0.0,0.0,STARLINK-34712,0,N/A,N/A,0.0,193.05565221246366,False,0.0,0.0,0.0,79981.53886597871,99.97692358247339,No suitable server found after deadline/sunset filters,N/A,N/A,N/A
1594,Generic_Service,Rejected,161.41372555125037,N/A,N/A,N/A,0.003903489829522805,0.0,0.0,0.0,STARLINK-34712,0,N/A,N/A,0.0,0.05166209248777837,False,0.0,0.0,0.0,79981.53886597871,99.97692358247339,No suitable server found after deadline/sunset filters,N/A,N/A,N/A
1609,CPU_and_Data_Intensive,Rejected,163.16695448759017,N/A,N/A,N/A,0.021601114319700396,0.0,0.0,0.0,STARLINK-34712,0,N/A,N/A,0.0,24.196848964319713,False,0.0,0.0,0.0,79981.53886597871,99.97692358247339,No suitable server found after deadline/sunset filters,N/A,N/A,N/A
1612,Generic_Service,Rejected,163.29032877089665,N/A,N/A,N/A,0.001547098165279012,0.0,0.0,0.0,STARLINK-34712,0,N/A,N/A,0.0,0.03839731373883101,False,0.0,0.0,0.0,79981.53886597871,99.97692358247339,No suitable server found after deadline/sunset filters,N/A,N/A,N/A
1616,CPU_and_Data_Intensive,Rejected,163.60300620413796,N/A,N/A,N/A,0.3491244472594817,0.0,0.0,0.0,STARLINK-34712,0,N/A,N/A,0.0,365.41179424121043,False,0.0,0.0,0.0,79981.53886597871,99.97692358247339,No suitable server found after deadline/sunset filters,N/A,N/A,N/A
1634,CPU_Intensive,Rejected,165.33742636105166,N/A,N/A,N/A,0.004245102765594614,0.0,0.0,0.0,STARLINK-34712,0,N/A,N/A,0.0,0.014407305744983365,False,0.0,0.0,0.0,79981.53886597871,99.97692358247339,No suitable server found after deadline/sunset filters,N/A,N/A,N/A
1639,CPU_and_Data_Intensive,Rejected,165.9565730593947,N/A,N/A,N/A,0.05555246596505769,0.0,0.0,0.0,STARLINK-34712,0,N/A,N/A,0.0,154.9042125469555,False,0.0,0.0,0.0,79981.53886597871,99.97692358247339,No suitable server found after deadline/sunset filters,N/A,N/A,N/A
1640,CPU_Intensive,Rejected,166.17555013469334,N/A,N/A,N/A,0.0018918677487735978,0.0,0.0,0.0,STARLINK-34712,0,N/A,N/A,0.0,0.05804824088250731,False,0.0,0.0,0.0,79981.53886597871,99.97692358247339,No suitable server found after deadline/sunset filters,N/A,N/A,N/A
1643,CPU_and_Data_Intensive,Rejected,166.3352861481004,N/A,N/A,N/A,0.2090645317718398,0.0,0.0,0.0,STARLINK-34712,0,N/A,N/A,0.0,485.9136970388161,False,0.0,0.0,0.0,79981.53886597871,99.97692358247339,No suitable server found after deadline/sunset filters,N/A,N/A,N/A
1654,CPU_and_Data_Intensive,Rejected,167.42422403410967,N/A,N/A,N/A,0.28779392741891896,0.0,0.0,0.0,STARLINK-34712,0,N/A,N/A,0.0,297.32362055907635,False,0.0,0.0,0.0,79981.53886597871,99.97692358247339,No suitable server found after deadline/sunset filters,N/A,N/A,N/A
1665,CPU_and_Data_Intensive,Rejected,168.88195732115648,N/A,N/A,N/A,0.062236694927445844,0.0,0.0,0.0,STARLINK-34712,0,N/A,N/A,0.0,425.2507450070594,False,0.0,0.0,0.0,79981.53886597871,99.97692358247339,No suitable server found after deadline/sunset filters,N/A,N/A,N/A
1705,CPU_and_Data_Intensive,Rejected,172.9836365708193,N/A,N/A,N/A,0.23462683316169675,0.0,0.0,0.0,STARLINK-34712,0,N/A,N/A,0.0,185.5639918335065,False,0.0,0.0,0.0,79981.53886597871,99.97692358247339,No suitable server found after deadline/sunset filters,N/A,N/A,N/A
1717,CPU_and_Data_Intensive,Rejected,173.86242744685796,N/A,N/A,N/A,0.09577440400071438,0.0,0.0,0.0,STARLINK-34712,0,N/A,N/A,0.0,370.16884758718504,False,0.0,0.0,0.0,79981.53886597871,99.97692358247339,No suitable server found after deadline/sunset filters,N/A,N/A,N/A
1731,CPU_and_Data_Intensive,Rejected,175.4782599181385,N/A,N/A,N/A,0.09676599320805285,0.0,0.0,0.0,STARLINK-34712,0,N/A,N/A,0.0,217.72263837506898,False,0.0,0.0,0.0,79981.53886597871,99.97692358247339,No suitable server found after deadline/sunset filters,N/A,N/A,N/A
1735,CPU_and_Data_Intensive,Rejected,175.92370382074358,N/A,N/A,N/A,0.2587957121659158,0.0,0.0,0.0,STARLINK-34712,0,N/A,N/A,0.0,407.34170846549955,False,0.0,0.0,0.0,79981.53886597871,99.97692358247339,No suitable server found after deadline/sunset filters,N/A,N/A,N/A
1746,CPU_and_Data_Intensive,Rejected,176.88998402457105,N/A,N/A,N/A,0.20067609043289114,0.0,0.0,0.0,STARLINK-34712,0,N/A,N/A,0.0,296.65393518736664,False,0.0,0.0,0.0,79981.53886597871,99.97692358247339,No suitable server found after deadline/sunset filters,N/A,N/A,N/A
1748,CPU_and_Data_Intensive,Rejected,176.97584318221115,N/A,N/A,N/A,0.11650245467198575,0.0,0.0,0.0,STARLINK-34712,0,N/A,N/A,0.0,267.310242541536,False,0.0,0.0,0.0,79981.53886597871,99.97692358247339,No suitable server found after deadline/sunset filters,N/A,N/A,N/A
1750,CPU_and_Data_Intensive,Rejected,177.37132715871257,N/A,N/A,N/A,0.32095668735812977,0.0,0.0,0.0,STARLINK-34712,0,N/A,N/A,0.0,451.5908026192353,False,0.0,0.0,0.0,79981.53886597871,99.97692358247339,No suitable server found after deadline/sunset filters,N/A,N/A,N/A
1753,CPU_and_Data_Intensive,Rejected,177.66897050704563,N/A,N/A,N/A,0.2885002128125834,0.0,0.0,0.0,STARLINK-34712,0,N/A,N/A,0.0,236.6014223727272,False,0.0,0.0,0.0,79981.53886597871,99.97692358247339,No suitable server found after deadline/sunset filters,N/A,N/A,N/A
1765,CPU_and_Data_Intensive,Rejected,179.04896527912032,N/A,N/A,N/A,0.11245827182203369,0.0,0.0,0.0,STARLINK-34712,0,N/A,N/A,0.0,494.324646073741,False,0.0,0.0,0.0,79981.53886597871,99.97692358247339,No suitable server found after deadline/sunset filters,N/A,N/A,N/A
1766,Generic_Service,Rejected,179.1344019496418,N/A,N/A,N/A,0.00040818175300943955,0.0,0.0,0.0,STARLINK-34712,0,N/A,N/A,0.0,0.041788663161510524,False,0.0,0.0,0.0,79981.53886597871,99.97692358247339,No suitable server found after deadline/sunset filters,N/A,N/A,N/A
1778,CPU_and_Data_Intensive,Rejected,180.62564765425594,N/A,N/A,N/A,0.10057115775345446,0.0,0.0,0.0,STARLINK-34712,0,N/A,N/A,0.0,348.3976658437691,False,0.0,0.0,0.0,79981.53886597871,99.97692358247339,No suitable server found after deadline/sunset filters,N/A,N/A,N/A
1781,CPU_and_Data_Intensive,Rejected,181.05400669232827,N/A,N/A,N/A,0.17699304758444626,0.0,0.0,0.0,STARLINK-34712,0,N/A,N/A,0.0,414.86857571413515,False,0.0,0.0,0.0,79981.53886597871,99.97692358247339,No suitable server found after deadline/sunset filters,N/A,N/A,N/A
1785,Generic_Service,Rejected,181.4994871828037,N/A,N/A,N/A,0.0004313420610847026,0.0,0.0,0.0,STARLINK-34712,0,N/A,N/A,0.0,0.07779347825469238,False,0.0,0.0,0.0,79981.53886597871,99.97692358247339,No suitable server found after deadline/sunset filters,N/A,N/A,N/A
1793,Generic_Service,Rejected,182.2085016001489,N/A,N/A,N/A,0.001983983332337544,0.0,0.0,0.0,STARLINK-34712,0,N/A,N/A,0.0,0.07213588353476459,False,0.0,0.0,0.0,79981.53886597871,99.97692358247339,No suitable server found after deadline/sunset filters,N/A,N/A,N/A
1801,CPU_and_Data_Intensive,Rejected,183.38308622669632,N/A,N/A,N/A,0.0919955828595824,0.0,0.0,0.0,STARLINK-34712,0,N/A,N/A,0.0,375.08357230227557,False,0.0,0.0,0.0,79981.53886597871,99.97692358247339,No suitable server found after deadline/sunset filters,N/A,N/A,N/A
1835,CPU_and_Data_Intensive,Rejected,187.28820282915092,N/A,N/A,N/A,0.041923425266284876,0.0,0.0,0.0,STARLINK-34712,0,N/A,N/A,0.0,207.84192264967987,False,0.0,0.0,0.0,79981.53886597871,99.97692358247339,No suitable server found after deadline/sunset filters,N/A,N/A,N/A
1838,Generic_Service,Rejected,187.533503660505,N/A,N/A,N/A,0.005585203111267085,0.0,0.0,0.0,STARLINK-34712,0,N/A,N/A,0.0,0.048927847789766346,False,0.0,0.0,0.0,79981.53886597871,99.97692358247339,No suitable server found after deadline/sunset filters,N/A,N/A,N/A
1848,CPU_Intensive,Rejected,188.74809062108127,N/A,N/A,N/A,0.0001468754033305162,0.0,0.0,0.0,STARLINK-34712,0,N/A,N/A,0.0,0.06229287683375933,False,0.0,0.0,0.0,79981.53886597871,99.97692358247339,No suitable server found after deadline/sunset filters,N/A,N/A,N/A
1859,Generic_Service,Rejected,189.94484320597326,N/A,N/A,N/A,0.00548556492491213,0.0,0.0,0.0,STARLINK-34712,0,N/A,N/A,0.0,0.026331075761790383,False,0.0,0.0,0.0,79981.53886597871,99.97692358247339,No suitable server found after deadline/sunset filters,N/A,N/A,N/A
1867,CPU_and_Data_Intensive,Rejected,190.53289806900654,N/A,N/A,N/A,0.16023345353380156,0.0,0.0,0.0,STARLINK-34712,0,N/A,N/A,0.0,267.79088229207,False,0.0,0.0,0.0,79981.53886597871,99.97692358247339,No suitable server found after deadline/sunset filters,N/A,N/A,N/A
1876,CPU_and_Data_Intensive,Rejected,191.16410184863085,N/A,N/A,N/A,0.30518276883620243,0.0,0.0,0.0,STARLINK-34712,0,N/A,N/A,0.0,398.9371869763739,False,0.0,0.0,0.0,79981.53886597871,99.97692358247339,No suitable server found after deadline/sunset filters,N/A,N/A,N/A
1879,CPU_and_Data_Intensive,Rejected,191.30287645537103,N/A,N/A,N/A,0.023525118903623913,0.0,0.0,0.0,STARLINK-34712,0,N/A,N/A,0.0,243.48567491669786,False,0.0,0.0,0.0,79981.53886597871,99.97692358247339,No suitable server found after deadline/sunset filters,N/A,N/A,N/A
1886,CPU_and_Data_Intensive,Rejected,191.93580032302867,N/A,N/A,N/A,0.29014909565186286,0.0,0.0,0.0,STARLINK-34712,0,N/A,N/A,0.0,371.62433326383393,False,0.0,0.0,0.0,79981.53886597871,99.97692358247339,No suitable server found after deadline/sunset filters,N/A,N/A,N/A
1905,CPU_and_Data_Intensive,Rejected,193.40773128948572,N/A,N/A,N/A,0.19617185422133848,0.0,0.0,0.0,STARLINK-34712,0,N/A,N/A,0.0,309.71854922629734,False,0.0,0.0,0.0,79981.53886597871,99.97692358247339,No suitable server found after deadline/sunset filters,N/A,N/A,N/A
1906,CPU_Intensive,Rejected,193.50947989464368,N/A,N/A,N/A,0.0027090265918205173,0.0,0.0,0.0,STARLINK-34712,0,N/A,N/A,0.0,0.026839110588463236,False,0.0,0.0,0.0,79981.53886597871,99.97692358247339,No suitable server found after deadline/sunset filters,N/A,N/A,N/A
1908,CPU_Intensive,Rejected,193.65115105775914,N/A,N/A,N/A,0.005211357203409867,0.0,0.0,0.0,STARLINK-34712,0,N/A,N/A,0.0,0.03233967219159074,False,0.0,0.0,0.0,79981.53886597871,99.97692358247339,No suitable server found after deadline/sunset filters,N/A,N/A,N/A
1933,CPU_and_Data_Intensive,Rejected,195.96320635712527,N/A,N/A,N/A,0.1866084783811036,0.0,0.0,0.0,STARLINK-34712,0,N/A,N/A,0.0,154.00116178248243,False,0.0,0.0,0.0,79981.53886597871,99.97692358247339,No suitable server found after deadline/sunset filters,N/A,N/A,N/A
1935,Generic_Service,Rejected,196.04561699065317,N/A,N/A,N/A,0.0043467373367578966,0.0,0.0,0.0,STARLINK-34712,0,N/A,N/A,0.0,0.01642448181950362,False,0.0,0.0,0.0,79981.53886597871,99.97692358247339,No suitable server found after deadline/sunset filters,N/A,N/A,N/A
1959,Generic_Service,Rejected,197.7493800020543,N/A,N/A,N/A,0.00287715742989454,0.0,0.0,0.0,STARLINK-34712,0,N/A,N/A,0.0,0.01637515850273924,False,0.0,0.0,0.0,79981.53886597871,99.97692358247339,No suitable server found after deadline/sunset filters,N/A,N/A,N/A
1975,Generic_Service,Rejected,198.84268069366797,N/A,N/A,N/A,0.0013648042991587356,0.0,0.0,0.0,STARLINK-34712,0,N/A,N/A,0.0,0.04493590515137319,False,0.0,0.0,0.0,79981.53886597871,99.97692358247339,No suitable server found after deadline/sunset filters,N/A,N/A,N/A
1981,CPU_and_Data_Intensive,Rejected,199.12958053348765,N/A,N/A,N/A,0.006335570656257296,0.0,0.0,0.0,STARLINK-34712,0,N/A,N/A,0.0,0.5050850366923855,False,0.0,0.0,0.0,79981.53886597871,99.97692358247339,No suitable server found after deadline/sunset filters,N/A,N/A,N/A
2016,CPU_and_Data_Intensive,Rejected,203.51749077349638,N/A,N/A,N/A,0.1832403506865992,0.0,0.0,0.0,STARLINK-34712,0,N/A,N/A,0.0,331.1270583391138,False,0.0,0.0,0.0,79981.53886597871,99.97692358247339,No suitable server found after deadline/sunset filters,N/A,N/A,N/A
2018,Generic_Service,Rejected,203.52339594506032,N/A,N/A,N/A,0.0033338897883443673,0.0,0.0,0.0,STARLINK-34712,0,N/A,N/A,0.0,0.022689024837022845,False,0.0,0.0,0.0,79981.53886597871,99.97692358247339,No suitable server found after deadline/sunset filters,N/A,N/A,N/A
2035,CPU_and_Data_Intensive,Rejected,204.9912077854569,N/A,N/A,N/A,0.05705852756181223,0.0,0.0,0.0,STARLINK-34712,0,N/A,N/A,0.0,412.0305436095262,False,0.0,0.0,0.0,79981.53886597871,99.97692358247339,No suitable server found after deadline/sunset filters,N/A,N/A,N/A
2050,Generic_Service,Rejected,206.1201440735272,N/A,N/A,N/A,0.005500786813198773,0.0,0.0,0.0,STARLINK-34712,0,N/A,N/A,0.0,0.049211404524831574,False,0.0,0.0,0.0,79981.53886597871,99.97692358247339,No suitable server found after deadline/sunset filters,N/A,N/A,N/A
2051,CPU_and_Data_Intensive,Rejected,206.22306865216947,N/A,N/A,N/A,0.014351487499936061,0.0,0.0,0.0,STARLINK-34712,0,N/A,N/A,0.0,296.4444199141642,False,0.0,0.0,0.0,79981.53886597871,99.97692358247339,No suitable server found after deadline/sunset filters,N/A,N/A,N/A
2059,CPU_and_Data_Intensive,Rejected,206.90686116598098,N/A,N/A,N/A,0.09217057844088916,0.0,0.0,0.0,STARLINK-34712,0,N/A,N/A,0.0,414.2568400169353,False,0.0,0.0,0.0,79981.53886597871,99.97692358247339,No suitable server found after deadline/sunset filters,N/A,N/A,N/A
2060,CPU_and_Data_Intensive,Rejected,206.9782600285144,N/A,N/A,N/A,0.3521199096788498,0.0,0.0,0.0,STARLINK-34712,0,N/A,N/A,0.0,287.25464858959856,False,0.0,0.0,0.0,79981.53886597871,99.97692358247339,No suitable server found after deadline/sunset filters,N/A,N/A,N/A
2079,CPU_and_Data_Intensive,Rejected,208.7246441615855,N/A,N/A,N/A,0.0069133651377013714,0.0,0.0,0.0,STARLINK-34712,0,N/A,N/A,0.0,379.53704151317334,False,0.0,0.0,0.0,79981.53886597871,99.97692358247339,No suitable server found after deadline/sunset filters,N/A,N/A,N/A
2085,Generic_Service,Rejected,209.2105644997599,N/A,N/A,N/A,0.0005662241345592548,0.0,0.0,0.0,STARLINK-34712,0,N/A,N/A,0.0,0.07853649557677507,False,0.0,0.0,0.0,79981.53886597871,99.97692358247339,No suitable server found after deadline/sunset filters,N/A,N/A,N/A
2087,CPU_and_Data_Intensive,Rejected,209.647488961096,N/A,N/A,N/A,0.042839443010082,0.0,0.0,0.0,STARLINK-34712,0,N/A,N/A,0.0,461.9196031541491,False,0.0,0.0,0.0,79981.53886597871,99.97692358247339,No suitable server found after deadline/sunset filters,N/A,N/A,N/A
2106,Generic_Service,Rejected,211.3203787820462,N/A,N/A,N/A,0.004738021847557301,0.0,0.0,0.0,STARLINK-34712,0,N/A,N/A,0.0,0.023130367324186257,False,0.0,0.0,0.0,79981.53886597871,99.97692358247339,No suitable server found after deadline/sunset filters,N/A,N/A,N/A
2110,CPU_Intensive,Rejected,211.56622189283928,N/A,N/A,N/A,0.001302092885589678,0.0,0.0,0.0,STARLINK-34712,0,N/A,N/A,0.0,0.053263374901040335,False,0.0,0.0,0.0,79981.53886597871,99.97692358247339,No suitable server found after deadline/sunset filters,N/A,N/A,N/A
2117,CPU_and_Data_Intensive,Rejected,212.39759927558094,N/A,N/A,N/A,0.04156871447612532,0.0,0.0,0.0,STARLINK-34712,0,N/A,N/A,0.0,332.60845590102144,False,0.0,0.0,0.0,79981.53886597871,99.97692358247339,No suitable server found after deadline/sunset filters,N/A,N/A,N/A
2119,CPU_Intensive,Rejected,212.5598801035389,N/A,N/A,N/A,0.0007179810680373784,0.0,0.0,0.0,STARLINK-34712,0,N/A,N/A,0.0,0.041786179098511386,False,0.0,0.0,0.0,79981.53886597871,99.97692358247339,No suitable server found after deadline/sunset filters,N/A,N/A,N/A
2141,CPU_and_Data_Intensive,Rejected,215.44754763313819,N/A,N/A,N/A,0.3616097630144621,0.0,0.0,0.0,STARLINK-34712,0,N/A,N/A,0.0,442.2105426135616,False,0.0,0.0,0.0,79981.53886597871,99.97692358247339,No suitable server found after deadline/sunset filters,N/A,N/A,N/A
2148,CPU_and_Data_Intensive,Rejected,216.13898633350604,N/A,N/A,N/A,0.11155215429087376,0.0,0.0,0.0,STARLINK-34712,0,N/A,N/A,0.0,374.6325754263878,False,0.0,0.0,0.0,79981.53886597871,99.97692358247339,No suitable server found after deadline/sunset filters,N/A,N/A,N/A
2151,CPU_and_Data_Intensive,Rejected,216.23555542574695,N/A,N/A,N/A,0.023763699766706888,0.0,0.0,0.0,STARLINK-34712,0,N/A,N/A,0.0,389.1554720997221,False,0.0,0.0,0.0,79981.53886597871,99.97692358247339,No suitable server found after deadline/sunset filters,N/A,N/A,N/A
2173,CPU_and_Data_Intensive,Rejected,218.7731734807811,N/A,N/A,N/A,0.1217639886002177,0.0,0.0,0.0,STARLINK-34712,0,N/A,N/A,0.0,213.75667904477086,False,0.0,0.0,0.0,79981.53886597871,99.97692358247339,No suitable server found after deadline/sunset filters,N/A,N/A,N/A
2176,CPU_and_Data_Intensive,Rejected,219.0204340346512,N/A,N/A,N/A,0.015337127879760071,0.0,0.0,0.0,STARLINK-34712,0,N/A,N/A,0.0,14.181854348482666,False,0.0,0.0,0.0,79981.53886597871,99.97692358247339,No suitable server found after deadline/sunset filters,N/A,N/A,N/A
2209,Generic_Service,Rejected,222.36606537379825,N/A,N/A,N/A,0.004479627569802492,0.0,0.0,0.0,STARLINK-34712,0,N/A,N/A,0.0,0.014299828453883754,False,0.0,0.0,0.0,79981.53886597871,99.97692358247339,No suitable server found after deadline/sunset filters,N/A,N/A,N/A
2212,CPU_Intensive,Rejected,222.49993676729196,N/A,N/A,N/A,0.001207261295620688,0.0,0.0,0.0,STARLINK-34712,0,N/A,N/A,0.0,0.023985709553352094,False,0.0,0.0,0.0,79981.53886597871,99.97692358247339,No suitable server found after deadline/sunset filters,N/A,N/A,N/A
2214,CPU_and_Data_Intensive,Rejected,222.6267058658885,N/A,N/A,N/A,0.38271485024872376,0.0,0.0,0.0,STARLINK-34712,0,N/A,N/A,0.0,417.7087637689587,False,0.0,0.0,0.0,79981.53886597871,99.97692358247339,No suitable server found after deadline/sunset filters,N/A,N/A,N/A
2244,CPU_and_Data_Intensive,Rejected,226.01056659706774,N/A,N/A,N/A,0.17560877033636538,0.0,0.0,0.0,STARLINK-34712,0,N/A,N/A,0.0,419.1031135382537,False,0.0,0.0,0.0,79981.53886597871,99.97692358247339,No suitable server found after deadline/sunset filters,N/A,N/A,N/A
2245,CPU_and_Data_Intensive,Rejected,226.21702513393774,N/A,N/A,N/A,0.3077897912397756,0.0,0.0,0.0,STARLINK-34712,0,N/A,N/A,0.0,424.54977418487215,False,0.0,0.0,0.0,79981.53886597871,99.97692358247339,No suitable server found after deadline/sunset filters,N/A,N/A,N/A
2267,Generic_Service,Rejected,228.81573716535854,N/A,N/A,N/A,0.00041105374134829567,0.0,0.0,0.0,STARLINK-34712,0,N/A,N/A,0.0,0.07423508858936534,False,0.0,0.0,0.0,79981.53886597871,99.97692358247339,No suitable server found after deadline/sunset filters,N/A,N/A,N/A
2284,CPU_and_Data_Intensive,Rejected,230.6502133635117,N/A,N/A,N/A,0.15626599073309907,0.0,0.0,0.0,STARLINK-34712,0,N/A,N/A,0.0,371.3122726172645,False,0.0,0.0,0.0,79981.53886597871,99.97692358247339,No suitable server found after deadline/sunset filters,N/A,N/A,N/A
2298,CPU_and_Data_Intensive,Rejected,232.38266125779867,N/A,N/A,N/A,0.32922715370559963,0.0,0.0,0.0,STARLINK-34712,0,N/A,N/A,0.0,328.4436428116343,False,0.0,0.0,0.0,79981.53886597871,99.97692358247339,No suitable server found after deadline/sunset filters,N/A,N/A,N/A
2307,Generic_Service,Rejected,233.3920446530003,N/A,N/A,N/A,0.0009497962006586079,0.0,0.0,0.0,STARLINK-34712,0,N/A,N/A,0.0,0.04737670162150463,False,0.0,0.0,0.0,79981.53886597871,99.97692358247339,No suitable server found after deadline/sunset filters,N/A,N/A,N/A
2319,CPU_and_Data_Intensive,Rejected,234.70292299707057,N/A,N/A,N/A,0.45013661166711805,0.0,0.0,0.0,STARLINK-34712,0,N/A,N/A,0.0,431.5764840117058,False,0.0,0.0,0.0,79981.53886597871,99.97692358247339,No suitable server found after deadline/sunset filters,N/A,N/A,N/A
2325,CPU_and_Data_Intensive,Rejected,235.18397719905195,N/A,N/A,N/A,0.011807137911182092,0.0,0.0,0.0,STARLINK-34712,0,N/A,N/A,0.0,19.039151351052617,False,0.0,0.0,0.0,79981.53886597871,99.97692358247339,No suitable server found after deadline/sunset filters,N/A,N/A,N/A
2362,CPU_and_Data_Intensive,Rejected,239.13337489499202,N/A,N/A,N/A,0.0076047914952022625,0.0,0.0,0.0,STARLINK-34712,0,N/A,N/A,0.0,15.910492218638588,False,0.0,0.0,0.0,79981.53886597871,99.97692358247339,No suitable server found after deadline/sunset filters,N/A,N/A,N/A
2365,CPU_and_Data_Intensive,Rejected,239.19610832842187,N/A,N/A,N/A,0.17907524850783718,0.0,0.0,0.0,STARLINK-34712,0,N/A,N/A,0.0,324.0012487742687,False,0.0,0.0,0.0,79981.53886597871,99.97692358247339,No suitable server found after deadline/sunset filters,N/A,N/A,N/A
2387,Generic_Service,Rejected,241.55263631559436,N/A,N/A,N/A,0.003985124411769613,0.0,0.0,0.0,STARLINK-34712,0,N/A,N/A,0.0,0.07881023754545621,False,0.0,0.0,0.0,79981.53886597871,99.97692358247339,No suitable server found after deadline/sunset filters,N/A,N/A,N/A
2396,CPU_and_Data_Intensive,Rejected,242.66579050871928,N/A,N/A,N/A,0.297671427547034,0.0,0.0,0.0,STARLINK-34712,0,N/A,N/A,0.0,435.402379293489,False,0.0,0.0,0.0,79981.53886597871,99.97692358247339,No suitable server found after deadline/sunset filters,N/A,N/A,N/A
2414,Generic_Service,Rejected,244.37931836785575,N/A,N/A,N/A,0.004492577142004411,0.0,0.0,0.0,STARLINK-34712,0,N/A,N/A,0.0,0.07311334097319776,False,0.0,0.0,0.0,79981.53886597871,99.97692358247339,No suitable server found after deadline/sunset filters,N/A,N/A,N/A
2423,CPU_and_Data_Intensive,Rejected,244.8114868769698,N/A,N/A,N/A,0.42621672877741607,0.0,0.0,0.0,STARLINK-34712,0,N/A,N/A,0.0,401.9569916695548,False,0.0,0.0,0.0,79981.53886597871,99.97692358247339,No suitable server found after deadline/sunset filters,N/A,N/A,N/A
2430,Generic_Service,Rejected,245.29089106086354,N/A,N/A,N/A,0.0032144342819338738,0.0,0.0,0.0,STARLINK-34712,0,N/A,N/A,0.0,0.07913045422595234,False,0.0,0.0,0.0,79981.53886597871,99.97692358247339,No suitable server found after deadline/sunset filters,N/A,N/A,N/A
2432,CPU_and_Data_Intensive,Rejected,245.6078537988914,N/A,N/A,N/A,0.01846196665129259,0.0,0.0,0.0,STARLINK-34712,0,N/A,N/A,0.0,420.90667329725125,False,0.0,0.0,0.0,79981.53886597871,99.97692358247339,No suitable server found after deadline/sunset filters,N/A,N/A,N/A
2462,Generic_Service,Rejected,247.85083136576236,N/A,N/A,N/A,0.0022550869143392045,0.0,0.0,0.0,STARLINK-34712,0,N/A,N/A,0.0,0.06568516147180198,False,0.0,0.0,0.0,79981.53886597871,99.97692358247339,No suitable server found after deadline/sunset filters,N/A,N/A,N/A
2465,CPU_and_Data_Intensive,Rejected,247.96041898874003,N/A,N/A,N/A,0.18104503228627514,0.0,0.0,0.0,STARLINK-34712,0,N/A,N/A,0.0,338.54828446869914,False,0.0,0.0,0.0,79981.53886597871,99.97692358247339,No suitable server found after deadline/sunset filters,N/A,N/A,N/A
2469,CPU_and_Data_Intensive,Rejected,248.17147854050603,N/A,N/A,N/A,0.007098009736127001,0.0,0.0,0.0,STARLINK-34712,0,N/A,N/A,0.0,0.68783365481967,False,0.0,0.0,0.0,79981.53886597871,99.97692358247339,No suitable server found after deadline/sunset filters,N/A,N/A,N/A
2503,CPU_and_Data_Intensive,Rejected,250.57264014808686,N/A,N/A,N/A,0.018110051902395088,0.0,0.0,0.0,STARLINK-34712,0,N/A,N/A,0.0,352.5001808902099,False,0.0,0.0,0.0,79981.53886597871,99.97692358247339,No suitable server found after deadline/sunset filters,N/A,N/A,N/A
2509,CPU_and_Data_Intensive,Rejected,251.31488519983347,N/A,N/A,N/A,0.177236120555428,0.0,0.0,0.0,STARLINK-34712,0,N/A,N/A,0.0,479.744591055041,False,0.0,0.0,0.0,79981.53886597871,99.97692358247339,No suitable server found after deadline/sunset filters,N/A,N/A,N/A
2523,Generic_Service,Rejected,252.67039673653278,N/A,N/A,N/A,0.0038800574966004735,0.0,0.0,0.0,STARLINK-34712,0,N/A,N/A,0.0,0.01828067231631215,False,0.0,0.0,0.0,79981.53886597871,99.97692358247339,No suitable server found after deadline/sunset filters,N/A,N/A,N/A
2529,Generic_Service,Rejected,252.9622338199817,N/A,N/A,N/A,0.0003462594627671271,0.0,0.0,0.0,STARLINK-34712,0,N/A,N/A,0.0,0.08470454810163182,False,0.0,0.0,0.0,79981.53886597871,99.97692358247339,No suitable server found after deadline/sunset filters,N/A,N/A,N/A
2534,Generic_Service,Rejected,253.32013509938832,N/A,N/A,N/A,0.006073396252195564,0.0,0.0,0.0,STARLINK-34712,0,N/A,N/A,0.0,0.048862751061087256,False,0.0,0.0,0.0,79981.53886597871,99.97692358247339,No suitable server found after deadline/sunset filters,N/A,N/A,N/A
2549,CPU_and_Data_Intensive,Rejected,254.85416091364468,N/A,N/A,N/A,0.2840457989285972,0.0,0.0,0.0,STARLINK-34712,0,N/A,N/A,0.0,363.61128248872944,False,0.0,0.0,0.0,79981.53886597871,99.97692358247339,No suitable server found after deadline/sunset filters,N/A,N/A,N/A
2556,Generic_Service,Rejected,255.72386124546068,N/A,N/A,N/A,0.0035318993978121545,0.0,0.0,0.0,STARLINK-34712,0,N/A,N/A,0.0,0.08061214719710977,False,0.0,0.0,0.0,79981.53886597871,99.97692358247339,No suitable server found after deadline/sunset filters,N/A,N/A,N/A
2562,CPU_and_Data_Intensive,Rejected,256.0678771785878,N/A,N/A,N/A,0.34279340760015237,0.0,0.0,0.0,STARLINK-34712,0,N/A,N/A,0.0,459.75988460690354,False,0.0,0.0,0.0,79981.53886597871,99.97692358247339,No suitable server found after deadline/sunset filters,N/A,N/A,N/A
2585,CPU_and_Data_Intensive,Rejected,259.0027879800139,N/A,N/A,N/A,0.005549614631039279,0.0,0.0,0.0,STARLINK-34712,0,N/A,N/A,0.0,235.95390145725642,False,0.0,0.0,0.0,79981.53886597871,99.97692358247339,No suitable server found after deadline/sunset filters,N/A,N/A,N/A
2589,Generic_Service,Rejected,259.53799191480647,N/A,N/A,N/A,0.0046091739160983155,0.0,0.0,0.0,STARLINK-34712,0,N/A,N/A,0.0,0.025215187776708094,False,0.0,0.0,0.0,79981.53886597871,99.97692358247339,No suitable server found after deadline/sunset filters,N/A,N/A,N/A
2611,CPU_and_Data_Intensive,Rejected,261.35464656874973,N/A,N/A,N/A,0.13795911859414384,0.0,0.0,0.0,STARLINK-34712,0,N/A,N/A,0.0,489.9274873122547,False,0.0,0.0,0.0,79981.53886597871,99.97692358247339,No suitable server found after deadline/sunset filters,N/A,N/A,N/A
2624,CPU_and_Data_Intensive,Rejected,262.6402848843046,N/A,N/A,N/A,0.20688533224273928,0.0,0.0,0.0,STARLINK-34712,0,N/A,N/A,0.0,261.8154655024086,False,0.0,0.0,0.0,79981.53886597871,99.97692358247339,No suitable server found after deadline/sunset filters,N/A,N/A,N/A
2625,CPU_and_Data_Intensive,Rejected,262.73526355556345,N/A,N/A,N/A,0.20137866015536485,0.0,0.0,0.0,STARLINK-34712,0,N/A,N/A,0.0,443.51535979712116,False,0.0,0.0,0.0,79981.53886597871,99.97692358247339,No suitable server found after deadline/sunset filters,N/A,N/A,N/A
2626,CPU_and_Data_Intensive,Rejected,262.77083429915126,N/A,N/A,N/A,0.0802912612587069,0.0,0.0,0.0,STARLINK-34712,0,N/A,N/A,0.0,482.17393609997856,False,0.0,0.0,0.0,79981.53886597871,99.97692358247339,No suitable server found after deadline/sunset filters,N/A,N/A,N/A
2641,CPU_and_Data_Intensive,Rejected,263.8130810241393,N/A,N/A,N/A,0.5796162972642697,0.0,0.0,0.0,STARLINK-34712,0,N/A,N/A,0.0,494.14340933579354,False,0.0,0.0,0.0,79981.53886597871,99.97692358247339,No suitable server found after deadline/sunset filters,N/A,N/A,N/A
2642,Generic_Service,Rejected,263.91551614498667,N/A,N/A,N/A,0.0007965160135944348,0.0,0.0,0.0,STARLINK-34712,0,N/A,N/A,0.0,0.02168966548001336,False,0.0,0.0,0.0,79981.53886597871,99.97692358247339,No suitable server found after deadline/sunset filters,N/A,N/A,N/A
2658,CPU_and_Data_Intensive,Rejected,265.490795386516,N/A,N/A,N/A,0.02685896905875741,0.0,0.0,0.0,STARLINK-34712,0,N/A,N/A,0.0,241.33830544598663,False,0.0,0.0,0.0,79981.53886597871,99.97692358247339,No suitable server found after deadline/sunset filters,N/A,N/A,N/A
2671,CPU_and_Data_Intensive,Rejected,266.95561511789083,N/A,N/A,N/A,0.11578835100103708,0.0,0.0,0.0,STARLINK-34712,0,N/A,N/A,0.0,404.05334802417144,False,0.0,0.0,0.0,79981.53886597871,99.97692358247339,No suitable server found after deadline/sunset filters,N/A,N/A,N/A
2679,Generic_Service,Rejected,268.0160281849975,N/A,N/A,N/A,0.004655587353619899,0.0,0.0,0.0,STARLINK-34712,0,N/A,N/A,0.0,0.058979547496144764,False,0.0,0.0,0.0,79981.53886597871,99.97692358247339,No suitable server found after deadline/sunset filters,N/A,N/A,N/A
2680,CPU_and_Data_Intensive,Rejected,268.1705244437902,N/A,N/A,N/A,0.02147769153284002,0.0,0.0,0.0,STARLINK-34712,0,N/A,N/A,0.0,450.1013528716381,False,0.0,0.0,0.0,79981.53886597871,99.97692358247339,No suitable server found after deadline/sunset filters,N/A,N/A,N/A
2699,Generic_Service,Rejected,269.3587345337141,N/A,N/A,N/A,0.0015608247101783937,0.0,0.0,0.0,STARLINK-34712,0,N/A,N/A,0.0,0.05177809577664242,False,0.0,0.0,0.0,79981.53886597871,99.97692358247339,No suitable server found after deadline/sunset filters,N/A,N/A,N/A
2702,CPU_and_Data_Intensive,Rejected,269.8427539626845,N/A,N/A,N/A,0.1344215818768492,0.0,0.0,0.0,STARLINK-34712,0,N/A,N/A,0.0,301.74601608038427,False,0.0,0.0,0.0,79981.53886597871,99.97692358247339,No suitable server found after deadline/sunset filters,N/A,N/A,N/A
2703,CPU_Intensive,Rejected,269.9898028385432,N/A,N/A,N/A,0.005125472330502917,0.0,0.0,0.0,STARLINK-34712,0,N/A,N/A,0.0,0.08217308293936208,False,0.0,0.0,0.0,79981.53886597871,99.97692358247339,No suitable server found after deadline/sunset filters,N/A,N/A,N/A
2717,CPU_and_Data_Intensive,Rejected,270.9142510204911,N/A,N/A,N/A,0.17811860811587865,0.0,0.0,0.0,STARLINK-34712,0,N/A,N/A,0.0,223.12758552780997,False,0.0,0.0,0.0,79981.53886597871,99.97692358247339,No suitable server found after deadline/sunset filters,N/A,N/A,N/A
2734,CPU_and_Data_Intensive,Rejected,272.456785278617,N/A,N/A,N/A,0.01491596320308593,0.0,0.0,0.0,STARLINK-34712,0,N/A,N/A,0.0,13.437309303319676,False,0.0,0.0,0.0,79981.53886597871,99.97692358247339,No suitable server found after deadline/sunset filters,N/A,N/A,N/A
2741,CPU_and_Data_Intensive,Rejected,273.4911671801288,N/A,N/A,N/A,0.3155121242851104,0.0,0.0,0.0,STARLINK-34712,0,N/A,N/A,0.0,315.20092238162147,False,0.0,0.0,0.0,79981.53886597871,99.97692358247339,No suitable server found after deadline/sunset filters,N/A,N/A,N/A
2743,CPU_and_Data_Intensive,Rejected,273.63752013619876,N/A,N/A,N/A,0.5012496850599506,0.0,0.0,0.0,STARLINK-34712,0,N/A,N/A,0.0,407.73079493997153,False,0.0,0.0,0.0,79981.53886597871,99.97692358247339,No suitable server found after deadline/sunset filters,N/A,N/A,N/A
2746,CPU_and_Data_Intensive,Rejected,273.9778701274723,N/A,N/A,N/A,0.12233326866568622,0.0,0.0,0.0,STARLINK-34712,0,N/A,N/A,0.0,136.50304814294626,False,0.0,0.0,0.0,79981.53886597871,99.97692358247339,No suitable server found after deadline/sunset filters,N/A,N/A,N/A
2760,CPU_and_Data_Intensive,Rejected,275.57832645968983,N/A,N/A,N/A,0.0535140970196129,0.0,0.0,0.0,STARLINK-34712,0,N/A,N/A,0.0,409.0139608897851,False,0.0,0.0,0.0,79981.53886597871,99.97692358247339,No suitable server found after deadline/sunset filters,N/A,N/A,N/A
2777,CPU_and_Data_Intensive,Rejected,277.63661084619343,N/A,N/A,N/A,0.05744597045538801,0.0,0.0,0.0,STARLINK-34712,0,N/A,N/A,0.0,379.23321080391156,False,0.0,0.0,0.0,79981.53886597871,99.97692358247339,No suitable server found after deadline/sunset filters,N/A,N/A,N/A
2781,CPU_and_Data_Intensive,Rejected,278.17728649689906,N/A,N/A,N/A,0.15004204487987824,0.0,0.0,0.0,STARLINK-34712,0,N/A,N/A,0.0,421.60606957688316,False,0.0,0.0,0.0,79981.53886597871,99.97692358247339,No suitable server found after deadline/sunset filters,N/A,N/A,N/A
2817,CPU_and_Data_Intensive,Rejected,281.2692907110689,N/A,N/A,N/A,0.02239597017717183,0.0,0.0,0.0,STARLINK-34712,0,N/A,N/A,0.0,154.89433113980414,False,0.0,0.0,0.0,79981.53886597871,99.97692358247339,No suitable server found after deadline/sunset filters,N/A,N/A,N/A
2823,CPU_Intensive,Rejected,281.68711475826103,N/A,N/A,N/A,0.004069710958554692,0.0,0.0,0.0,STARLINK-34712,0,N/A,N/A,0.0,0.02552337658898242,False,0.0,0.0,0.0,79981.53886597871,99.97692358247339,No suitable server found after deadline/sunset filters,N/A,N/A,N/A
2824,CPU_and_Data_Intensive,Rejected,281.82510568329775,N/A,N/A,N/A,0.26443923547409137,0.0,0.0,0.0,STARLINK-34712,0,N/A,N/A,0.0,267.5788885550019,False,0.0,0.0,0.0,79981.53886597871,99.97692358247339,No suitable server found after deadline/sunset filters,N/A,N/A,N/A
2826,CPU_and_Data_Intensive,Rejected,281.9038189125329,N/A,N/A,N/A,0.06329051569456934,0.0,0.0,0.0,STARLINK-34712,0,N/A,N/A,0.0,355.8651639494293,False,0.0,0.0,0.0,79981.53886597871,99.97692358247339,No suitable server found after deadline/sunset filters,N/A,N/A,N/A
2829,Generic_Service,Rejected,282.11942238317465,N/A,N/A,N/A,0.004904134124557674,0.0,0.0,0.0,STARLINK-34712,0,N/A,N/A,0.0,0.059437334730858424,False,0.0,0.0,0.0,79981.53886597871,99.97692358247339,No suitable server found after deadline/sunset filters,N/A,N/A,N/A
2844,CPU_and_Data_Intensive,Rejected,283.19355352090145,N/A,N/A,N/A,0.32668903137048005,0.0,0.0,0.0,STARLINK-34712,0,N/A,N/A,0.0,338.2406858830398,False,0.0,0.0,0.0,79981.53886597871,99.97692358247339,No suitable server found after deadline/sunset filters,N/A,N/A,N/A
2850,CPU_and_Data_Intensive,Rejected,283.7306342259712,N/A,N/A,N/A,0.17906798392920192,0.0,0.0,0.0,STARLINK-34712,0,N/A,N/A,0.0,286.9726117591796,False,0.0,0.0,0.0,79981.53886597871,99.97692358247339,No suitable server found after deadline/sunset filters,N/A,N/A,N/A
2871,Generic_Service,Rejected,285.75447848809563,N/A,N/A,N/A,0.0008084349399060131,0.0,0.0,0.0,STARLINK-34712,0,N/A,N/A,0.0,0.06863530179762911,False,0.0,0.0,0.0,79981.53886597871,99.97692358247339,No suitable server found after deadline/sunset filters,N/A,N/A,N/A
2891,CPU_and_Data_Intensive,Rejected,288.0613080288338,N/A,N/A,N/A,0.21568452098832674,0.0,0.0,0.0,STARLINK-34712,0,N/A,N/A,0.0,300.4509702846162,False,0.0,0.0,0.0,79981.53886597871,99.97692358247339,No suitable server found after deadline/sunset filters,N/A,N/A,N/A
2896,CPU_and_Data_Intensive,Rejected,288.34512790226916,N/A,N/A,N/A,0.08981535502864246,0.0,0.0,0.0,STARLINK-34712,0,N/A,N/A,0.0,494.7733375463153,False,0.0,0.0,0.0,79981.53886597871,99.97692358247339,No suitable server found after deadline/sunset filters,N/A,N/A,N/A
2903,CPU_and_Data_Intensive,Rejected,288.7807758941854,N/A,N/A,N/A,0.0735662942189998,0.0,0.0,0.0,STARLINK-34712,0,N/A,N/A,0.0,199.80738243475275,False,0.0,0.0,0.0,79981.53886597871,99.97692358247339,No suitable server found after deadline/sunset filters,N/A,N/A,N/A
2923,CPU_and_Data_Intensive,Rejected,290.29482641445173,N/A,N/A,N/A,0.007061523937735859,0.0,0.0,0.0,STARLINK-34712,0,N/A,N/A,0.0,13.729360164432357,False,0.0,0.0,0.0,79981.53886597871,99.97692358247339,No suitable server found after deadline/sunset filters,N/A,N/A,N/A
2936,CPU_and_Data_Intensive,Rejected,291.32319181720874,N/A,N/A,N/A,0.22094855086678308,0.0,0.0,0.0,STARLINK-34712,0,N/A,N/A,0.0,363.7569220543099,False,0.0,0.0,0.0,79981.53886597871,99.97692358247339,No suitable server found after deadline/sunset filters,N/A,N/A,N/A
2944,CPU_and_Data_Intensive,Rejected,292.25707857439653,N/A,N/A,N/A,0.4219339353346889,0.0,0.0,0.0,STARLINK-34712,0,N/A,N/A,0.0,493.9699848209481,False,0.0,0.0,0.0,79981.53886597871,99.97692358247339,No suitable server found after deadline/sunset filters,N/A,N/A,N/A
2947,CPU_and_Data_Intensive,Rejected,293.03671743886343,N/A,N/A,N/A,0.03013198038769971,0.0,0.0,0.0,STARLINK-34712,0,N/A,N/A,0.0,139.48118584315827,False,0.0,0.0,0.0,79981.53886597871,99.97692358247339,No suitable server found after deadline/sunset filters,N/A,N/A,N/A
2966,CPU_and_Data_Intensive,Rejected,295.0540004029542,N/A,N/A,N/A,0.5125178112138794,0.0,0.0,0.0,STARLINK-34712,0,N/A,N/A,0.0,455.71823628244005,False,0.0,0.0,0.0,79981.53886597871,99.97692358247339,No suitable server found after deadline/sunset filters,N/A,N/A,N/A
2994,Generic_Service,Rejected,297.7057188923834,N/A,N/A,N/A,0.006187330644959494,0.0,0.0,0.0,STARLINK-34712,0,N/A,N/A,0.0,0.06611130701763776,False,0.0,0.0,0.0,79981.53886597871,99.97692358247339,No suitable server found after deadline/sunset filters,N/A,N/A,N/A
2995,CPU_and_Data_Intensive,Rejected,297.8271344474952,N/A,N/A,N/A,0.04990926717362614,0.0,0.0,0.0,STARLINK-34712,0,N/A,N/A,0.0,305.24362627029814,False,0.0,0.0,0.0,79981.53886597871,99.97692358247339,No suitable server found after deadline/sunset filters,N/A,N/A,N/A
3006,CPU_and_Data_Intensive,Rejected,299.6581949728305,N/A,N/A,N/A,0.11151570526989323,0.0,0.0,0.0,STARLINK-34712,0,N/A,N/A,0.0,484.04752128690404,False,0.0,0.0,0.0,79981.53886597871,99.97692358247339,No suitable server found after deadline/sunset filters,N/A,N/A,N/A
4000,Batch,Completed,0,0,0.0,0.001165162259296732,0.001165162259296732,0.001165162259296732,0.001165162259296732,0.0,STARLINK-31717,0,N/A,0,0.0,2.505098857487974,False,0.0,0.001165162259296732,0.001165162259296732,80000,100.0,N/A,N/A,N/A,N/A
5000,Batch,Completed,0,0,0.0,0.11301085837606582,0.11301085837606582,0.11301085837606582,0.11301085837606582,0.0,STARLINK-31717,0,N/A,0,0.0,242.9733455085415,False,0.0,0.11301085837606582,0.11301085837606582,79999.99883483774,99.99999854354718,N/A,N/A,N/A,N/A
20,CPU_Intensive,Completed,3.289025800015834,3.290867329432079,3.290867329432079,3.457672042298253,0.16680471286617404,0.1686462422824187,0.16864624228241887,0.0,STARLINK-31717,1,2,3,0.0018415294162446602,0.069625384597579,False,1620.0235024556619,3.2383899812827443e-05,1620.0235348395618,78379.8623215237,97.97482790190463,N/A,3.289025800015834,3.622004974531875,0.3329791745160411
52,CPU_Intensive,Completed,6.1470948253549835,6.148924187385718,6.148924187385718,6.25204232465995,0.10311813727423225,0.1049474993049662,0.10494749930496639,0.0,STARLINK-31717,1,2,3,0.0018293620307339611,0.0415170549377436,False,1001.9427058701812,1.931025811057842e-05,1001.9427251804393,77377.91961565349,96.72239951956686,N/A,6.1470948253549835,6.442207431244788,0.2951126058898046
60,CPU_Intensive,Completed,7.41965828986719,7.421496938731371,7.421496938731371,7.602374691296507,0.18087775256513616,0.18271640142931747,0.18271640142931744,0.0,STARLINK-31717,1,2,3,0.0018386488641813055,0.06297091417516221,False,1760.393822317551,2.928879729077312e-05,1760.3938516063483,75617.52579333592,94.5219072416699,N/A,7.41965828986719,7.7519463139086815,0.3322880240414916
78,CPU_Intensive,Completed,9.62147281233406,9.623296014051595,9.623296014051595,10.2528506214334,0.6295546073818041,0.6313778090993397,0.6313778090993392,0.0,STARLINK-31717,1,2,3,0.0018232017175355837,0.02728588637358767,False,6183.684215682773,1.2691109941203567e-05,6183.684228373883,69433.84157765312,86.7923019720664,N/A,9.62147281233406,10.371788240984761,0.7503154286507012
128,CPU_Intensive,Completed,15.461322620304658,15.463169569771997,15.463169569771997,15.627309233827965,0.16413966405596803,0.1659866135233073,0.16598661352330701,0.0,STARLINK-31717,1,2,3,0.0018469494673392707,0.0821464461523801,False,1590.1231552123604,3.820764937320005e-05,1590.1231934200098,67843.71842244074,84.80464802805092,N/A,15.461322620304658,15.927413799338362,0.4660911790337039
140,CPU_and_Data_Intensive,Completed,16.622834655726063,16.62485806598889,16.62485806598889,16.864484195870357,0.23962612988146859,0.24164954014429565,0.2416495401442944,0.0,STARLINK-31717,1,2,4,0.002023410262827082,0.48979509073972416,False,2354.5031861484586,0.00022781167011149962,2354.5034139601285,65489.215008480576,81.86151876060072,N/A,16.622834655726063,17.035982343006392,0.413147687280329
154,CPU_Intensive,Completed,18.07670161255339,18.078539558406714,18.078539558406714,18.62961356183762,0.5510740034309052,0.5529119492842287,0.5529119492842298,0.0,STARLINK-31717,1,2,3,0.00183794585332353,0.06134686265419869,False,5401.784531056851,2.8533424490324973e-05,5401.784559590275,60087.430477423564,75.10928809677947,N/A,18.07670161255339,18.754005842453832,0.677304229900443
161,CPU_and_Data_Intensive,Completed,18.421471476284403,18.42339152218947,18.42339152218947,20.089671890010568,1.6662803678210985,1.6682004137261655,1.668200413726165,0.0,STARLINK-31717,1,2,5,0.0019200459050670324,0.25100924472195557,False,16386.863448664128,0.00011674848591718864,16386.863565412612,43700.56691201092,54.625708640013656,N/A,18.421471476284403,20.2802806593823,1.8588091830978968
320,CPU_and_Data_Intensive,Completed,34.10421800060653,34.10674746596363,34.10674746596363,34.34055734009405,0.2338098741304222,0.23633933948752422,0.23633933948752173,0.0,STARLINK-31717,1,2,4,0.002529465357102029,1.6588517794927344,False,2291.9520055359544,0.000771558967205923,2291.9527770949217,41408.6141349159,51.76076766864488,N/A,34.10421800060653,34.51633388746465,0.4121158868581176
331,Generic_Service,Completed,35.488872994385304,35.49070192188716,35.49070192188716,35.51081440574602,0.020112483858859775,0.02194141136071571,0.02194141136071437,0.0,STARLINK-31717,1,2,3,0.0018289275018559354,0.04051323362054083,False,185.87069650728674,1.8843364474670153e-05,185.8707153506512,41222.74343840805,51.52842929801006,N/A,35.488872994385304,35.62338445855182,0.13451146416651483
336,CPU_and_Data_Intensive,Completed,35.79108126391104,35.79820221779865,35.79820221779865,36.60608233337103,0.8078801155723809,0.8150010694599904,0.8150010694599885,0.0,STARLINK-31717,1,2,4,0.007120953887609474,12.26582014844685,False,7889.461391186112,0.005705032627184581,7889.467096218739,33333.27634218929,41.66659542773662,N/A,35.79108126391104,36.74017566552765,0.9490944016166125
391,CPU_Intensive,Completed,41.118773516361365,41.1205978953914,41.1205978953914,41.25031257194798,0.1297146765565813,0.13153905558661766,0.1315390555866145,0.0,STARLINK-31717,1,2,3,0.001824379030036337,0.03000563975484795,False,1266.9138390618973,1.3956111513882767e-05,1266.913853018009,32066.362503122975,40.08295312890372,N/A,41.118773516361365,41.383187232665584,0.26441371630421884
404,CPU_and_Data_Intensive,Completed,42.5977253713542,42.60349648307416,42.60349648307416,44.09358602241443,1.4900895393402678,1.4958606510602233,1.4958606510602266,0.0,STARLINK-31717,1,2,4,0.005771111719955511,9.147499568910593,False,14613.314767265447,0.004254650962283997,14613.31902191641,17453.043481206554,21.816304351508194,N/A,42.5977253713542,44.204291421613384,1.6065660502591825
421,CPU_Intensive,Completed,44.0030426537041,44.004886153123664,44.004886153123664,44.43748033509138,0.4325941819677155,0.43443768138727734,0.4344376813872799,0.0,STARLINK-31717,1,2,4,0.0018434994195618783,0.07417636250673168,False,4232.7449857024685,3.450063372406125e-05,4232.745020203102,13220.298495500141,16.525373119375175,N/A,44.0030426537041,44.609064898554536,0.6060222448504362
568,CPU_and_Data_Intensive,Completed,57.94667665153877,57.948966369357,57.948966369357,59.12365238674468,1.1746860173876783,1.1769757352059094,1.1769757352059074,0.0,STARLINK-31717,1,2,4,0.002289717818231041,1.1050020759722678,False,11548.083895991438,0.0005139544539405897,11548.084409945892,1672.2140855542182,2.090267606942773,N/A,57.94667665153877,59.32159713088312,1.3749204793443468
765,Generic_Service,Completed,76.50566157484701,76.50748242161355,76.50748242161355,76.61600019776833,0.10851777615478397,0.1103386229213187,0.11033862292131857,0.0,STARLINK-31717,1,2,3,0.0018208467665347308,0.021845626507856566,False,1060.8448563264535,1.0160756515282123e-05,1060.84486648721,611.3692292273461,0.7642115365341826,N/A,76.50566157484701,76.80359934983738,0.2979377749903733
904,CPU_and_Data_Intensive,Completed,91.89986069807271,91.90489337982163,91.90489337982163,91.96126787873416,0.056374498912532545,0.061407180661442476,0.06140718066144757,0.0,STARLINK-31717,1,2,4,0.005032681748909932,7.441625037475683,False,520.4066698908832,0.0034612209476631082,520.4101311118309,90.959098115507,0.11369887264438376,N/A,91.89986069807271,92.13770081858999,0.23784012051727643
586,CPU_Intensive,Rejected,59.11612431771396,N/A,N/A,N/A,0.3911471370252015,0.0,0.0,0.0,STARLINK-31717,0,N/A,N/A,0.0,0.04422862917935726,False,0.0,0.0,0.0,90.95909811232454,0.11369887264040567,Insufficient Energy for CPU,N/A,N/A,N/A
761,CPU_Intensive,Rejected,76.2591908184615,N/A,N/A,N/A,0.18324159057541498,0.0,0.0,0.0,STARLINK-31717,0,N/A,N/A,0.0,0.08577760820463086,False,0.0,0.0,0.0,90.95909811232454,0.11369887264040567,Insufficient Energy for CPU,N/A,N/A,N/A
763,CPU_Intensive,Rejected,76.39179962361368,N/A,N/A,N/A,0.40342034774668195,0.0,0.0,0.0,STARLINK-31717,0,N/A,N/A,0.0,0.0711053557566922,False,0.0,0.0,0.0,90.95909811232454,0.11369887264040567,Insufficient Energy for CPU,N/A,N/A,N/A
764,CPU_Intensive,Rejected,76.4209772715575,N/A,N/A,N/A,0.729466954656138,0.0,0.0,0.0,STARLINK-31717,0,N/A,N/A,0.0,0.03956461506202369,False,0.0,0.0,0.0,90.95909811232454,0.11369887264040567,Insufficient Energy for CPU,N/A,N/A,N/A
6000,Batch,Completed,0,0,0.0,0.010722001660161072,0.010722001660161072,0.010722001660161072,0.010722001660161072,0.0,STARLINK-31164,0,N/A,0,0.0,23.052303569346304,False,0.0,0.010722001660161072,0.010722001660161072,80000,100.0,N/A,N/A,N/A,N/A
7000,Batch,Completed,0,0,0.0,0.10981466352354596,0.10981466352354596,0.10981466352354596,0.10981466352354596,0.0,STARLINK-31164,0,N/A,0,0.0,236.1015265756238,False,0.0,0.10981466352354596,0.10981466352354596,79999.98927799833,99.99998659749791,N/A,N/A,N/A,N/A
22,CPU_and_Data_Intensive,Completed,3.3441226803382746,3.3526126302305563,3.3526126302305563,3.436602455493674,0.08398982526311771,0.09247977515539933,0.0924797751553994,0.0,STARLINK-31164,1,2,4,0.008489949892281624,20.336842739553056,False,733.0171523778266,0.009458996623047933,733.0266113744497,79266.85285196037,99.08356606495047,N/A,3.3441226803382746,3.72200497515907,0.3778822948207954
41,CPU_Intensive,Completed,5.408791031362256,5.410178409339164,5.410178409339164,5.591807474784895,0.18162906544573154,0.1830164434226396,0.18301644342263934,0.0,STARLINK-31164,1,2,3,0.0013873779769080549,0.05788963907736824,False,1769.2802597008072,2.6925413524357322e-05,1769.2802866262207,77497.57259225198,96.87196574031496,N/A,5.408791031362256,5.735096950181237,0.3263059188189814
59,Generic_Service,Completed,7.332815769496982,7.33420148067065,7.33420148067065,7.3569968546488145,0.022795373978164335,0.02418108515183259,0.024181085151832704,0.0,STARLINK-31164,1,2,3,0.001385711173668255,0.053130655271169905,False,208.53939890929715,2.471193268426507e-05,208.53942362122984,77289.03319334266,96.61129149167833,N/A,7.332815769496982,7.5511379011605175,0.21832213166353576
64,CPU_and_Data_Intensive,Completed,7.916013482172776,7.974448624890151,7.974448624890151,8.994610277230592,1.020161652340441,1.0785967950578164,1.0785967950578161,0.0,STARLINK-31164,1,2,4,0.05843514271737536,162.93817574429173,False,9288.024190113858,0.0757851980206008,9288.099975311878,68000.93321803075,85.00116652253844,N/A,7.916013482172776,9.162838623344493,1.2468251411717173
136,CPU_and_Data_Intensive,Completed,15.99025184737325,15.994414577040434,15.994414577040434,16.696271964133086,0.7018573870926517,0.7060201167598362,0.7060201167598361,0.0,STARLINK-31164,1,2,4,0.004162729667184584,7.981952560935651,False,6866.315053488842,0.0037125360748537914,6866.318766024917,61134.614451946916,76.41826806493364,N/A,15.99025184737325,16.832330623771757,0.8420787763985071
183,CPU_Intensive,Completed,19.841161345368736,19.842533036244404,19.842533036244404,20.326751320835033,0.48421828459062866,0.48558997546629623,0.4855899754662971,0.0,STARLINK-31164,1,2,3,0.0013716908756675806,0.013100512810385769,False,4758.4686532285605,6.09326177227245e-06,4758.468659321822,56376.1457987157,70.47018224839462,N/A,19.841161345368736,20.58916037387225,0.7479990285035143
217,CPU_Intensive,Completed,22.911996864349153,22.913367502368587,22.913367502368587,23.638236361673286,0.7248688593046992,0.7262394973241322,0.7262394973241335,0.0,STARLINK-31164,1,2,3,0.0013706380194329643,0.010094443676877179,False,7126.173636133097,4.695090082268456e-06,7126.173640828187,49249.97216258259,61.562465203228236,N/A,22.911996864349153,23.823474042158182,0.9114771778090294
271,CPU_Intensive,Completed,27.988780962006253,27.990166932498013,27.990166932498013,29.000183789057342,1.0100168565593286,1.0114028270510904,1.0114028270510893,0.0,STARLINK-31164,1,2,3,0.0013859704917617676,0.053871048965046256,False,9917.729992578716,2.5056301844207563e-05,9917.730017635018,39332.242170003876,49.16530271250485,N/A,27.988780962006253,29.174833311465893,1.18605234945964
279,CPU_Intensive,Completed,28.89121275226263,28.892605316289934,28.892605316289934,30.368182072915697,1.4755767566257632,1.4769693206530676,1.476969320653069,0.0,STARLINK-31164,1,2,4,0.0013925640273045015,0.07269662364849355,False,14491.004915106823,3.381238309232258e-05,14491.004948919206,24841.237254897038,31.051546568621298,N/A,28.89121275226263,30.484070590594875,1.5928578383322467
456,CPU_and_Data_Intensive,Completed,46.98166015492982,46.983323347446486,46.983323347446486,47.61875628078606,0.6354329333395725,0.6370961258562404,0.6370961258562389,0.0,STARLINK-31164,1,2,4,0.001663192516667879,0.84538326573283,False,6245.670742692816,0.0003932015189455023,6245.671135894335,18595.566119002677,23.244457648753347,N/A,46.98166015492982,47.83313715480236,0.8514769998725384
489,CPU_and_Data_Intensive,Completed,51.27747913990528,51.406543043608934,51.406543043608934,52.321436871563,0.9148938279540673,1.0439577316577215,1.04395773165772,0.0,STARLINK-31164,1,2,4,0.12906390370365428,364.59432912800935,False,7330.238243229519,0.16957875773395784,7330.407821987253,11265.15829701515,14.081447871268937,N/A,51.27747913990528,52.463647378695995,1.1861682387907138
598,Generic_Service,Completed,60.31084770399873,60.31222889441782,60.31222889441782,60.334483329914214,0.022254435496392944,0.0236356259154831,0.02363562591548174,0.0,STARLINK-31164,1,2,3,0.0013811904190901567,0.040223194261224796,False,207.0224371153233,1.87084624470813e-05,207.02245582378575,11058.135859780175,13.82266982472522,N/A,60.31084770399873,60.52964469408441,0.21879699008567854
600,CPU_and_Data_Intensive,Completed,60.8369779736249,60.8390657777838,60.8390657777838,61.227689523909966,0.38862374612616435,0.39071155028506616,0.39071155028506865,0.0,STARLINK-31164,1,2,4,0.0020878041589018075,2.0577158800834034,False,3812.73525260851,0.0009570771535271644,3812.7362096856637,7245.399650094499,9.056749562618123,N/A,60.8369779736249,61.331056499123726,0.49407852549882847
605,CPU_and_Data_Intensive,Completed,61.17341297241364,61.175236994403335,61.175236994403335,61.77832186422834,0.603084869825004,0.6049088918146988,0.6049088918147021,0.0,STARLINK-31164,1,2,5,0.0018240219896948151,1.3045765522700659,False,5925.424176604069,0.000606779791753519,5925.424783383861,1319.9748667099207,1.6499685833874007,N/A,61.17341297241364,61.93564778220572,0.7622348097920835
819,CPU_and_Data_Intensive,Completed,82.72571883103065,82.73111733140874,82.73111733140874,82.81556222520194,0.0844448937932043,0.08984339417130055,0.08984339417129661,0.0,STARLINK-31164,1,2,4,0.005398500378096252,11.510271117665273,False,777.8695796466645,0.005353614473332685,777.8749332611378,542.0999334482774,0.6776249168103468,N/A,82.72571883103065,82.91750480992583,0.191785978895183
910,Generic_Service,Completed,92.37013162407466,92.3715157997517,92.3715157997517,92.41635618398641,0.04484038423470338,0.04622455991174623,0.04622455991174945,0.0,STARLINK-31164,1,2,3,0.0013841756770428511,0.048746572375070595,False,426.64576415253646,2.267282436049795e-05,426.6457868253608,115.45416929063538,0.1443177116132942,N/A,92.37013162407466,92.53940447155065,0.16927284747599458
184,CPU_and_Data_Intensive,Rejected,19.84207492993696,N/A,N/A,N/A,0.03885489468945363,0.0,0.0,0.0,STARLINK-31164,0,N/A,N/A,0.0,0.2112740047450974,False,0.0,0.0,0.0,115.45416929061957,0.14431771161327447,Deadline Exceeded,N/A,N/A,N/A
772,CPU_and_Data_Intensive,Rejected,77.15836814113251,N/A,N/A,N/A,0.9236676972806461,0.0,0.0,0.0,STARLINK-31164,0,N/A,N/A,0.0,365.1351291798253,False,0.0,0.0,0.0,115.45416929061957,0.14431771161327447,Insufficient Energy for CPU+NET,N/A,N/A,N/A
779,CPU_and_Data_Intensive,Rejected,78.19871747325573,N/A,N/A,N/A,0.9383759847376598,0.0,0.0,0.0,STARLINK-31164,0,N/A,N/A,0.0,431.32352794217474,False,0.0,0.0,0.0,115.45416929061957,0.14431771161327447,Insufficient Energy for CPU+NET,N/A,N/A,N/A
799,CPU_and_Data_Intensive,Rejected,80.29542965521395,N/A,N/A,N/A,0.8684453587152338,0.0,0.0,0.0,STARLINK-31164,0,N/A,N/A,0.0,389.7073796685601,False,0.0,0.0,0.0,115.45416929061957,0.14431771161327447,Insufficient Energy for CPU+NET,N/A,N/A,N/A
811,CPU_and_Data_Intensive,Rejected,81.72673366550485,N/A,N/A,N/A,0.7561315869851287,0.0,0.0,0.0,STARLINK-31164,0,N/A,N/A,0.0,296.7197484293132,False,0.0,0.0,0.0,115.45416929061957,0.14431771161327447,Insufficient Energy for CPU+NET,N/A,N/A,N/A
815,CPU_and_Data_Intensive,Rejected,82.12088504429754,N/A,N/A,N/A,0.1957144216682622,0.0,0.0,0.0,STARLINK-31164,0,N/A,N/A,0.0,0.6037635775943353,False,0.0,0.0,0.0,115.45416929061957,0.14431771161327447,Insufficient Energy for CPU+NET,N/A,N/A,N/A
816,CPU_Intensive,Rejected,82.23872649359387,N/A,N/A,N/A,0.2686679641953628,0.0,0.0,0.0,STARLINK-31164,0,N/A,N/A,0.0,0.044559934643769665,False,0.0,0.0,0.0,115.45416929061957,0.14431771161327447,Insufficient Energy for CPU,N/A,N/A,N/A
817,CPU_and_Data_Intensive,Rejected,82.47929441297187,N/A,N/A,N/A,2.3150810873232857,0.0,0.0,0.0,STARLINK-31164,0,N/A,N/A,0.0,358.5041648741398,False,0.0,0.0,0.0,115.45416929061957,0.14431771161327447,Insufficient Energy for CPU+NET,N/A,N/A,N/A
908,CPU_Intensive,Rejected,92.15519383699697,N/A,N/A,N/A,0.23032525129148326,0.0,0.0,0.0,STARLINK-31164,0,N/A,N/A,0.0,0.0851188027327818,False,0.0,0.0,0.0,115.45416929061957,0.14431771161327447,Insufficient Energy for CPU,N/A,N/A,N/A
1343,Generic_Service,Rejected,136.63735504029412,N/A,N/A,N/A,0.017970474343443465,0.0,0.0,0.0,STARLINK-31164,0,N/A,N/A,0.0,0.08449862620406287,False,0.0,0.0,0.0,115.45416929061957,0.14431771161327447,Insufficient Energy for CPU,N/A,N/A,N/A
1394,Generic_Service,Rejected,141.67130421267777,N/A,N/A,N/A,0.01477852613548536,0.0,0.0,0.0,STARLINK-31164,0,N/A,N/A,0.0,0.06350289071561235,False,0.0,0.0,0.0,115.45416929061957,0.14431771161327447,Insufficient Energy for CPU,N/A,N/A,N/A
1431,Generic_Service,Rejected,145.1014490366705,N/A,N/A,N/A,0.016861592270769745,0.0,0.0,0.0,STARLINK-31164,0,N/A,N/A,0.0,0.011908274454551658,False,0.0,0.0,0.0,115.45416929061957,0.14431771161327447,Insufficient Energy for CPU,N/A,N/A,N/A
1456,CPU_and_Data_Intensive,Rejected,147.3898601201765,N/A,N/A,N/A,0.017208664354819703,0.0,0.0,0.0,STARLINK-31164,0,N/A,N/A,0.0,0.8884333866807835,False,0.0,0.0,0.0,115.45416929061957,0.14431771161327447,Insufficient Energy for CPU+NET,N/A,N/A,N/A
1514,CPU_and_Data_Intensive,Rejected,152.6659757462172,N/A,N/A,N/A,0.019754284512087675,0.0,0.0,0.0,STARLINK-31164,0,N/A,N/A,0.0,0.6335889631554722,False,0.0,0.0,0.0,115.45416929061957,0.14431771161327447,Insufficient Energy for CPU+NET,N/A,N/A,N/A
1523,Generic_Service,Rejected,154.01839346634068,N/A,N/A,N/A,0.01499010464572495,0.0,0.0,0.0,STARLINK-31164,0,N/A,N/A,0.0,0.05749751519447835,False,0.0,0.0,0.0,115.45416929061957,0.14431771161327447,Insufficient Energy for CPU,N/A,N/A,N/A
1558,CPU_Intensive,Rejected,157.2924867798677,N/A,N/A,N/A,0.013984200016558115,0.0,0.0,0.0,STARLINK-31164,0,N/A,N/A,0.0,0.04401905649426449,False,0.0,0.0,0.0,115.45416929061957,0.14431771161327447,Insufficient Energy for CPU,N/A,N/A,N/A
1633,CPU_Intensive,Rejected,165.2943958553445,N/A,N/A,N/A,0.016133105376002713,0.0,0.0,0.0,STARLINK-31164,0,N/A,N/A,0.0,0.012461487813522965,False,0.0,0.0,0.0,115.45416929061957,0.14431771161327447,Insufficient Energy for CPU,N/A,N/A,N/A
1652,Generic_Service,Rejected,167.1999421645899,N/A,N/A,N/A,0.01589071818804282,0.0,0.0,0.0,STARLINK-31164,0,N/A,N/A,0.0,0.04672435772275476,False,0.0,0.0,0.0,115.45416929061957,0.14431771161327447,Insufficient Energy for CPU,N/A,N/A,N/A
1743,Generic_Service,Rejected,176.7884205521855,N/A,N/A,N/A,0.018568829086879804,0.0,0.0,0.0,STARLINK-31164,0,N/A,N/A,0.0,0.053675900051270195,False,0.0,0.0,0.0,115.45416929061957,0.14431771161327447,Insufficient Energy for CPU,N/A,N/A,N/A
1800,CPU_Intensive,Rejected,183.14816567047654,N/A,N/A,N/A,0.01680438434309219,0.0,0.0,0.0,STARLINK-31164,0,N/A,N/A,0.0,0.07473132145776455,False,0.0,0.0,0.0,115.45416929061957,0.14431771161327447,Insufficient Energy for CPU,N/A,N/A,N/A
1812,Generic_Service,Rejected,184.71860963454748,N/A,N/A,N/A,0.01892022861470213,0.0,0.0,0.0,STARLINK-31164,0,N/A,N/A,0.0,0.06919950972217635,False,0.0,0.0,0.0,115.45416929061957,0.14431771161327447,Insufficient Energy for CPU,N/A,N/A,N/A
1913,Generic_Service,Rejected,194.10159264809812,N/A,N/A,N/A,0.015606835971762448,0.0,0.0,0.0,STARLINK-31164,0,N/A,N/A,0.0,0.011579906615395916,False,0.0,0.0,0.0,115.45416929061957,0.14431771161327447,Insufficient Energy for CPU,N/A,N/A,N/A
1928,CPU_Intensive,Rejected,195.60582730157913,N/A,N/A,N/A,0.01680416966962065,0.0,0.0,0.0,STARLINK-31164,0,N/A,N/A,0.0,0.01747418170393524,False,0.0,0.0,0.0,115.45416929061957,0.14431771161327447,Insufficient Energy for CPU,N/A,N/A,N/A
1932,Generic_Service,Rejected,195.9367949001319,N/A,N/A,N/A,0.016627600831437293,0.0,0.0,0.0,STARLINK-31164,0,N/A,N/A,0.0,0.05697360765140788,False,0.0,0.0,0.0,115.45416929061957,0.14431771161327447,Insufficient Energy for CPU,N/A,N/A,N/A
1944,Generic_Service,Rejected,196.78037376527524,N/A,N/A,N/A,0.01712888423753724,0.0,0.0,0.0,STARLINK-31164,0,N/A,N/A,0.0,0.057139217665155805,False,0.0,0.0,0.0,115.45416929061957,0.14431771161327447,Insufficient Energy for CPU,N/A,N/A,N/A
1949,Generic_Service,Rejected,196.94557713536756,N/A,N/A,N/A,0.01738382069444498,0.0,0.0,0.0,STARLINK-31164,0,N/A,N/A,0.0,0.07614045084740953,False,0.0,0.0,0.0,115.45416929061957,0.14431771161327447,Insufficient Energy for CPU,N/A,N/A,N/A
1950,Generic_Service,Rejected,197.03641252651315,N/A,N/A,N/A,0.01732145017140215,0.0,0.0,0.0,STARLINK-31164,0,N/A,N/A,0.0,0.07947924545564931,False,0.0,0.0,0.0,115.45416929061957,0.14431771161327447,Insufficient Energy for CPU,N/A,N/A,N/A
1961,Generic_Service,Rejected,197.95388756087414,N/A,N/A,N/A,0.015870363447279826,0.0,0.0,0.0,STARLINK-31164,0,N/A,N/A,0.0,0.054218914097049556,False,0.0,0.0,0.0,115.45416929061957,0.14431771161327447,Insufficient Energy for CPU,N/A,N/A,N/A
1978,Generic_Service,Rejected,199.05063219156358,N/A,N/A,N/A,0.017366886229914027,0.0,0.0,0.0,STARLINK-31164,0,N/A,N/A,0.0,0.05283979966496223,False,0.0,0.0,0.0,115.45416929061957,0.14431771161327447,Insufficient Energy for CPU,N/A,N/A,N/A
2040,Generic_Service,Rejected,205.17568590461894,N/A,N/A,N/A,0.01411776508167955,0.0,0.0,0.0,STARLINK-31164,0,N/A,N/A,0.0,0.048140198621003015,False,0.0,0.0,0.0,115.45416929061957,0.14431771161327447,Insufficient Energy for CPU,N/A,N/A,N/A
2041,Generic_Service,Rejected,205.26164586661662,N/A,N/A,N/A,0.01789310707910272,0.0,0.0,0.0,STARLINK-31164,0,N/A,N/A,0.0,0.07631163146875564,False,0.0,0.0,0.0,115.45416929061957,0.14431771161327447,Insufficient Energy for CPU,N/A,N/A,N/A
2043,Generic_Service,Rejected,205.4007362361877,N/A,N/A,N/A,0.019304319192181608,0.0,0.0,0.0,STARLINK-31164,0,N/A,N/A,0.0,0.07104572007637792,False,0.0,0.0,0.0,115.45416929061957,0.14431771161327447,Insufficient Energy for CPU,N/A,N/A,N/A
2107,Generic_Service,Rejected,211.48895380555447,N/A,N/A,N/A,0.017976698056350528,0.0,0.0,0.0,STARLINK-31164,0,N/A,N/A,0.0,0.020448259437162032,False,0.0,0.0,0.0,115.45416929061957,0.14431771161327447,Insufficient Energy for CPU,N/A,N/A,N/A
2115,Generic_Service,Rejected,212.27373517491023,N/A,N/A,N/A,0.01892633568505548,0.0,0.0,0.0,STARLINK-31164,0,N/A,N/A,0.0,0.028985332434525335,False,0.0,0.0,0.0,115.45416929061957,0.14431771161327447,Insufficient Energy for CPU,N/A,N/A,N/A
2122,Generic_Service,Rejected,212.9894056111867,N/A,N/A,N/A,0.016317468076134628,0.0,0.0,0.0,STARLINK-31164,0,N/A,N/A,0.0,0.07270678042328228,False,0.0,0.0,0.0,115.45416929061957,0.14431771161327447,Insufficient Energy for CPU,N/A,N/A,N/A
2150,Generic_Service,Rejected,216.211290228371,N/A,N/A,N/A,0.01823447711457613,0.0,0.0,0.0,STARLINK-31164,0,N/A,N/A,0.0,0.030129099733108476,False,0.0,0.0,0.0,115.45416929061957,0.14431771161327447,Insufficient Energy for CPU,N/A,N/A,N/A
2169,CPU_Intensive,Rejected,218.2405885265721,N/A,N/A,N/A,0.01566937594176436,0.0,0.0,0.0,STARLINK-31164,0,N/A,N/A,0.0,0.06781442658600845,False,0.0,0.0,0.0,115.45416929061957,0.14431771161327447,Insufficient Energy for CPU,N/A,N/A,N/A
2177,CPU_and_Data_Intensive,Rejected,219.03878654998172,N/A,N/A,N/A,0.018240721580418187,0.0,0.0,0.0,STARLINK-31164,0,N/A,N/A,0.0,1.3736224256732616,False,0.0,0.0,0.0,115.45416929061957,0.14431771161327447,Insufficient Energy for CPU+NET,N/A,N/A,N/A
2339,Generic_Service,Rejected,236.5221865077048,N/A,N/A,N/A,0.014781886938227655,0.0,0.0,0.0,STARLINK-31164,0,N/A,N/A,0.0,0.010282549835506085,False,0.0,0.0,0.0,115.45416929061957,0.14431771161327447,Insufficient Energy for CPU,N/A,N/A,N/A
2364,Generic_Service,Rejected,239.19313749934958,N/A,N/A,N/A,0.016006352209088706,0.0,0.0,0.0,STARLINK-31164,0,N/A,N/A,0.0,0.08672035006046859,False,0.0,0.0,0.0,115.45416929061957,0.14431771161327447,Insufficient Energy for CPU,N/A,N/A,N/A
2371,CPU_Intensive,Rejected,240.15628905416085,N/A,N/A,N/A,0.016877054322518938,0.0,0.0,0.0,STARLINK-31164,0,N/A,N/A,0.0,0.08208117824526792,False,0.0,0.0,0.0,115.45416929061957,0.14431771161327447,Insufficient Energy for CPU,N/A,N/A,N/A
2399,Generic_Service,Rejected,243.1173503268222,N/A,N/A,N/A,0.014182614073778622,0.0,0.0,0.0,STARLINK-31164,0,N/A,N/A,0.0,0.05540198528424864,False,0.0,0.0,0.0,115.45416929061957,0.14431771161327447,Insufficient Energy for CPU,N/A,N/A,N/A
2425,Generic_Service,Rejected,244.85569929620655,N/A,N/A,N/A,0.018627535624886404,0.0,0.0,0.0,STARLINK-31164,0,N/A,N/A,0.0,0.027356049031169956,False,0.0,0.0,0.0,115.45416929061957,0.14431771161327447,Insufficient Energy for CPU,N/A,N/A,N/A
2493,Generic_Service,Rejected,250.15655944954943,N/A,N/A,N/A,0.01581327241259189,0.0,0.0,0.0,STARLINK-31164,0,N/A,N/A,0.0,0.022397708957058244,False,0.0,0.0,0.0,115.45416929061957,0.14431771161327447,Insufficient Energy for CPU,N/A,N/A,N/A
2635,CPU_Intensive,Rejected,263.41315853594585,N/A,N/A,N/A,0.018681152495199825,0.0,0.0,0.0,STARLINK-31164,0,N/A,N/A,0.0,0.019469135175195464,False,0.0,0.0,0.0,115.45416929061957,0.14431771161327447,Insufficient Energy for CPU,N/A,N/A,N/A
2688,CPU_Intensive,Rejected,268.8907328591781,N/A,N/A,N/A,0.017939424956755694,0.0,0.0,0.0,STARLINK-31164,0,N/A,N/A,0.0,0.029181314139218657,False,0.0,0.0,0.0,115.45416929061957,0.14431771161327447,Insufficient Energy for CPU,N/A,N/A,N/A
2712,CPU_Intensive,Rejected,270.5414354265035,N/A,N/A,N/A,0.017779085666543452,0.0,0.0,0.0,STARLINK-31164,0,N/A,N/A,0.0,0.07073838866478156,False,0.0,0.0,0.0,115.45416929061957,0.14431771161327447,Insufficient Energy for CPU,N/A,N/A,N/A
2726,CPU_Intensive,Rejected,271.5135515503147,N/A,N/A,N/A,0.015477285111566808,0.0,0.0,0.0,STARLINK-31164,0,N/A,N/A,0.0,0.06458903378028095,False,0.0,0.0,0.0,115.45416929061957,0.14431771161327447,Insufficient Energy for CPU,N/A,N/A,N/A
2771,Generic_Service,Rejected,276.833790235871,N/A,N/A,N/A,0.019371231118104595,0.0,0.0,0.0,STARLINK-31164,0,N/A,N/A,0.0,0.0213524357476144,False,0.0,0.0,0.0,115.45416929061957,0.14431771161327447,Insufficient Energy for CPU,N/A,N/A,N/A
2814,Generic_Service,Rejected,280.99479148525353,N/A,N/A,N/A,0.01717848667501848,0.0,0.0,0.0,STARLINK-31164,0,N/A,N/A,0.0,0.05703792756027168,False,0.0,0.0,0.0,115.45416929061957,0.14431771161327447,Insufficient Energy for CPU,N/A,N/A,N/A
2877,Generic_Service,Rejected,286.84950087245613,N/A,N/A,N/A,0.016179740928169192,0.0,0.0,0.0,STARLINK-31164,0,N/A,N/A,0.0,0.07479607808597587,False,0.0,0.0,0.0,115.45416929061957,0.14431771161327447,Insufficient Energy for CPU,N/A,N/A,N/A
2925,Generic_Service,Rejected,290.58075578125977,N/A,N/A,N/A,0.019421858398040042,0.0,0.0,0.0,STARLINK-31164,0,N/A,N/A,0.0,0.06127212569028547,False,0.0,0.0,0.0,115.45416929061957,0.14431771161327447,Insufficient Energy for CPU,N/A,N/A,N/A
3001,CPU_Intensive,Rejected,299.3520982829031,N/A,N/A,N/A,0.015523741987739974,0.0,0.0,0.0,STARLINK-31164,0,N/A,N/A,0.0,0.08163878913317998,False,0.0,0.0,0.0,115.45416929061957,0.14431771161327447,Insufficient Energy for CPU,N/A,N/A,N/A
8000,Batch,Completed,0,0,0.0,0.09792262537885428,0.09792262537885428,0.09792262537885428,0.09792262537885428,0.0,STARLINK-2370,0,N/A,0,0.0,210.5336445645367,False,0.0,0.09792262537885428,0.09792262537885428,80000,100.0,N/A,N/A,N/A,N/A
19,CPU_and_Data_Intensive,Completed,3.249100594229647,3.2513322209153173,3.2513322209153173,3.4860761808217315,0.23474395990641428,0.23697558659208443,0.2369755865920844,0.0,STARLINK-2370,1,2,3,0.0022316266856701474,1.7670206955864614,False,2300.64400575577,0.0008218700909704471,2300.644827625861,77699.25724974876,97.12407156218595,N/A,3.249100594229647,3.6220049745608582,0.3729043803312111
57,CPU_and_Data_Intensive,Completed,6.6722174091425375,6.67440785956836,6.67440785956836,6.784183998990341,0.10977613942198072,0.11196658984780324,0.11196658984780328,0.0,STARLINK-2370,1,2,3,0.002190450425822518,1.648176340556907,False,1072.1183204876627,0.0007665936467706544,1072.1190870813095,76627.1381626669,95.78392270333363,N/A,6.6722174091425375,6.950463075237502,0.27824566609496415
70,Generic_Service,Completed,8.591321337759261,8.592963347721502,8.592963347721502,8.614759308170589,0.021795960449086493,0.02343797041132773,0.02343797041132767,0.0,STARLINK-2370,1,2,2,0.001642009962241238,0.06524837654029793,False,195.13956406594457,3.0348082111766478e-05,195.13959441402667,76431.99859860034,95.53999824825044,N/A,8.591321337759261,8.857188303061376,0.2658669653021146
74,CPU_Intensive,Completed,9.15484996077245,9.156491728304648,9.156491728304648,9.576649970667335,0.42015824236268706,0.42180000989488425,0.4218000098948842,0.0,STARLINK-2370,1,2,2,0.0016417675321971819,0.06454866650514056,False,4113.273267225709,3.0022635583786307e-05,4113.2732972483445,72318.72533137462,90.39840666421827,N/A,9.15484996077245,9.769094332906775,0.6142443721343245
97,CPU_and_Data_Intensive,Completed,11.48980398890203,11.491475370888702,11.491475370888702,12.185471880438039,0.6939965095493363,0.6956678915360085,0.6956678915360079,0.0,STARLINK-2370,1,2,3,0.001671381986672107,0.15002293625786572,False,6824.829482240977,6.977810988737941e-05,6824.829552019087,65493.8957793555,81.86736972419438,N/A,11.48980398890203,12.294572646072309,0.8047686571702783
104,CPU_and_Data_Intensive,Completed,12.150035653525027,12.309193764013889,12.309193764013889,13.433545104467738,1.124351340453849,1.2835094509427105,1.2835094509427112,0.0,STARLINK-2370,1,2,3,0.15915811048886144,454.693702809473,False,8978.11513358301,0.21148544316719675,8978.326619026178,56515.56916032927,70.64446145041158,N/A,12.150035653525027,13.609391369443948,1.459355715918921
216,CPU_and_Data_Intensive,Completed,22.845305316777424,22.849155808383834,22.849155808383834,23.988395113330693,1.1392393049468588,1.1430897965532694,1.1430897965532694,0.0,STARLINK-2370,1,2,3,0.003850491606410496,6.439445002633702,False,11175.06022046345,0.0029950906988993964,11175.06321555415,45340.50594461217,56.67563243076521,N/A,22.845305316777424,24.12480637857784,1.279501061800417
225,CPU_and_Data_Intensive,Completed,23.863496677581715,23.872537214311524,23.872537214311524,26.760641743105086,2.888104528793562,2.8971450655233735,2.8971450655233717,0.0,STARLINK-2370,1,2,4,0.009040536729811418,21.41913396776383,False,28306.777138501526,0.009962387891983176,28306.787100889418,17033.718843720537,21.292148554650673,N/A,23.863496677581715,26.954336887641656,3.090840210059941
512,CPU_Intensive,Completed,52.61134172289223,52.612978159682726,52.612978159682726,52.73841515824593,0.12543699856320245,0.12707343535370033,0.12707343535370086,0.0,STARLINK-2370,1,2,2,0.0016364367904978714,0.0491628941832244,False,1219.1977736968797,2.2866462410802046e-05,1219.197796563342,15814.521070015155,19.768151337518944,N/A,52.61134172289223,52.870328777464465,0.2589870545722377
549,CPU_Intensive,Completed,55.7478526101188,55.74948324654522,55.74948324654522,56.721091101209105,0.9716078546638869,0.9732384910903085,0.9732384910903065,0.0,STARLINK-2370,1,2,2,0.0016306364264216046,0.03242168140354514,False,9546.294242275368,1.5079851815602393e-05,9546.294257355219,6268.226827739769,7.835283534674711,N/A,55.7478526101188,56.99616938981179,1.248316779692992
627,CPU_and_Data_Intensive,Completed,63.33219370218716,63.417546547056865,63.417546547056865,63.98953485319637,0.5719883061395024,0.6573411510092037,0.6573411510092058,0.0,STARLINK-2370,1,2,3,0.08535284486970127,241.67437510093674,False,4520.025022641763,0.11240668609345895,4520.137429327857,1748.0893984118998,2.1851117480148745,N/A,63.33219370218716,64.15639662239072,0.8242029202035539
747,Generic_Service,Completed,74.73557089904118,74.73720396632653,74.73720396632653,74.83316315456746,0.09595918824092564,0.09759225552627852,0.09759225552627981,0.0,STARLINK-2370,1,2,2,0.0016330672853528828,0.039437711099409314,False,932.1465060786987,1.8343121441585727e-05,932.1465244218202,815.9428922476485,1.0199286153095606,N/A,74.73557089904118,75.00196583333778,0.2663949342965992
888,CPU_and_Data_Intensive,Completed,90.2656709344013,90.26804411774762,90.26804411774762,90.31391187452444,0.04586775677681487,0.048240940123135484,0.04824094012313651,0.0,STARLINK-2370,1,2,3,0.002373183346320611,2.1755864589023917,False,441.16122824017066,0.001011900678559252,441.16224014084924,374.7806521067854,0.4684758151334818,N/A,90.2656709344013,90.43539418279377,0.16972324839247221
967,Generic_Service,Completed,98.72018803344001,98.72181407813838,98.72181407813838,98.75895473091965,0.03714065278127521,0.038766697479650995,0.03876669747964456,0.0,STARLINK-2370,1,2,2,0.0016260446983757872,0.019168876022589494,False,359.6333793735586,8.915756289576509e-06,359.6333882893149,15.147272732339331,0.018934090915424164,N/A,98.72018803344001,98.94973879180928,0.22955075836927108
559,CPU_and_Data_Intensive,Rejected,56.64042760007798,N/A,N/A,N/A,0.6898664275562782,0.0,0.0,0.0,STARLINK-2370,0,N/A,N/A,0.0,0.5943980061648707,False,0.0,0.0,0.0,15.147272732332429,0.018934090915415536,Insufficient Energy for CPU+NET,N/A,N/A,N/A
709,CPU_and_Data_Intensive,Rejected,70.85435574451641,N/A,N/A,N/A,0.9498856159880079,0.0,0.0,0.0,STARLINK-2370,0,N/A,N/A,0.0,476.4132075808507,False,0.0,0.0,0.0,15.147272732332429,0.018934090915415536,Insufficient Energy for CPU+NET,N/A,N/A,N/A
714,CPU_and_Data_Intensive,Rejected,71.1813082680052,N/A,N/A,N/A,0.9848947110458253,0.0,0.0,0.0,STARLINK-2370,0,N/A,N/A,0.0,315.5069420589492,False,0.0,0.0,0.0,15.147272732332429,0.018934090915415536,Insufficient Energy for CPU+NET,N/A,N/A,N/A
718,CPU_and_Data_Intensive,Rejected,71.30149903183754,N/A,N/A,N/A,0.9822308786441418,0.0,0.0,0.0,STARLINK-2370,0,N/A,N/A,0.0,426.3054455569285,False,0.0,0.0,0.0,15.147272732332429,0.018934090915415536,Insufficient Energy for CPU+NET,N/A,N/A,N/A
746,CPU_Intensive,Rejected,74.72333769579912,N/A,N/A,N/A,0.8668694878614327,0.0,0.0,0.0,STARLINK-2370,0,N/A,N/A,0.0,0.049250965981291,False,0.0,0.0,0.0,15.147272732332429,0.018934090915415536,Insufficient Energy for CPU,N/A,N/A,N/A
749,CPU_Intensive,Rejected,74.83187953033554,N/A,N/A,N/A,0.553910960765357,0.0,0.0,0.0,STARLINK-2370,0,N/A,N/A,0.0,0.08123531672539226,False,0.0,0.0,0.0,15.147272732332429,0.018934090915415536,Insufficient Energy for CPU,N/A,N/A,N/A
834,CPU_Intensive,Rejected,83.80121249595908,N/A,N/A,N/A,0.6359594068081276,0.0,0.0,0.0,STARLINK-2370,0,N/A,N/A,0.0,0.02436756326567672,False,0.0,0.0,0.0,15.147272732332429,0.018934090915415536,Insufficient Energy for CPU,N/A,N/A,N/A
845,CPU_and_Data_Intensive,Rejected,85.10687781640519,N/A,N/A,N/A,0.48613345655388873,0.0,0.0,0.0,STARLINK-2370,0,N/A,N/A,0.0,0.04303523488141864,False,0.0,0.0,0.0,15.147272732332429,0.018934090915415536,Insufficient Energy for CPU+NET,N/A,N/A,N/A
850,CPU_and_Data_Intensive,Rejected,85.97149347907731,N/A,N/A,N/A,0.28155772457918876,0.0,0.0,0.0,STARLINK-2370,0,N/A,N/A,0.0,12.144996515084898,False,0.0,0.0,0.0,15.147272732332429,0.018934090915415536,Insufficient Energy for CPU+NET,N/A,N/A,N/A
859,Generic_Service,Rejected,87.1464902516698,N/A,N/A,N/A,0.15818245134223546,0.0,0.0,0.0,STARLINK-2370,0,N/A,N/A,0.0,0.04340538397688056,False,0.0,0.0,0.0,15.147272732332429,0.018934090915415536,Insufficient Energy for CPU,N/A,N/A,N/A
860,CPU_Intensive,Rejected,87.26652190366508,N/A,N/A,N/A,0.10877829754822355,0.0,0.0,0.0,STARLINK-2370,0,N/A,N/A,0.0,0.0627547029887259,False,0.0,0.0,0.0,15.147272732332429,0.018934090915415536,Insufficient Energy for CPU,N/A,N/A,N/A
861,CPU_Intensive,Rejected,87.2989102982163,N/A,N/A,N/A,0.2656313616615774,0.0,0.0,0.0,STARLINK-2370,0,N/A,N/A,0.0,0.03504854900309938,False,0.0,0.0,0.0,15.147272732332429,0.018934090915415536,Insufficient Energy for CPU,N/A,N/A,N/A
865,CPU_and_Data_Intensive,Rejected,87.94801764858636,N/A,N/A,N/A,0.38588448297457384,0.0,0.0,0.0,STARLINK-2370,0,N/A,N/A,0.0,17.873348669015368,False,0.0,0.0,0.0,15.147272732332429,0.018934090915415536,Insufficient Energy for CPU+NET,N/A,N/A,N/A
867,CPU_Intensive,Rejected,88.09311082157096,N/A,N/A,N/A,0.5527722095492927,0.0,0.0,0.0,STARLINK-2370,0,N/A,N/A,0.0,0.017206714188642384,False,0.0,0.0,0.0,15.147272732332429,0.018934090915415536,Insufficient Energy for CPU,N/A,N/A,N/A
868,CPU_and_Data_Intensive,Rejected,88.13023081884714,N/A,N/A,N/A,0.5827067684590136,0.0,0.0,0.0,STARLINK-2370,0,N/A,N/A,0.0,8.495964982983178,False,0.0,0.0,0.0,15.147272732332429,0.018934090915415536,Insufficient Energy for CPU+NET,N/A,N/A,N/A
869,CPU_and_Data_Intensive,Rejected,88.36048194746773,N/A,N/A,N/A,0.5255713021212939,0.0,0.0,0.0,STARLINK-2370,0,N/A,N/A,0.0,1.8724851145322237,False,0.0,0.0,0.0,15.147272732332429,0.018934090915415536,Insufficient Energy for CPU+NET,N/A,N/A,N/A
871,CPU_Intensive,Rejected,88.39576277557322,N/A,N/A,N/A,0.19713966347898082,0.0,0.0,0.0,STARLINK-2370,0,N/A,N/A,0.0,0.044395939280684464,False,0.0,0.0,0.0,15.147272732332429,0.018934090915415536,Insufficient Energy for CPU,N/A,N/A,N/A
876,CPU_Intensive,Rejected,88.7452284785025,N/A,N/A,N/A,0.39585714169753267,0.0,0.0,0.0,STARLINK-2370,0,N/A,N/A,0.0,0.04922498140097465,False,0.0,0.0,0.0,15.147272732332429,0.018934090915415536,Insufficient Energy for CPU,N/A,N/A,N/A
877,CPU_Intensive,Rejected,89.00887538631807,N/A,N/A,N/A,0.14942544980653824,0.0,0.0,0.0,STARLINK-2370,0,N/A,N/A,0.0,0.0755187414427914,False,0.0,0.0,0.0,15.147272732332429,0.018934090915415536,Insufficient Energy for CPU,N/A,N/A,N/A
880,CPU_Intensive,Rejected,89.39738251862394,N/A,N/A,N/A,0.12012369556798325,0.0,0.0,0.0,STARLINK-2370,0,N/A,N/A,0.0,0.05072218980871446,False,0.0,0.0,0.0,15.147272732332429,0.018934090915415536,Insufficient Energy for CPU,N/A,N/A,N/A
881,CPU_and_Data_Intensive,Rejected,89.59441361505887,N/A,N/A,N/A,0.2114581168689254,0.0,0.0,0.0,STARLINK-2370,0,N/A,N/A,0.0,4.695985525998135,False,0.0,0.0,0.0,15.147272732332429,0.018934090915415536,Insufficient Energy for CPU+NET,N/A,N/A,N/A
885,CPU_Intensive,Rejected,90.0251579120903,N/A,N/A,N/A,0.3435088913945379,0.0,0.0,0.0,STARLINK-2370,0,N/A,N/A,0.0,0.08665455238381238,False,0.0,0.0,0.0,15.147272732332429,0.018934090915415536,Insufficient Energy for CPU,N/A,N/A,N/A
886,CPU_and_Data_Intensive,Rejected,90.03225827459089,N/A,N/A,N/A,0.32622867918533976,0.0,0.0,0.0,STARLINK-2370,0,N/A,N/A,0.0,0.45056691817900313,False,0.0,0.0,0.0,15.147272732332429,0.018934090915415536,Insufficient Energy for CPU+NET,N/A,N/A,N/A
889,CPU_and_Data_Intensive,Rejected,90.31172668488244,N/A,N/A,N/A,0.38935877149513487,0.0,0.0,0.0,STARLINK-2370,0,N/A,N/A,0.0,19.802584744724747,False,0.0,0.0,0.0,15.147272732332429,0.018934090915415536,Insufficient Energy for CPU+NET,N/A,N/A,N/A
916,CPU_Intensive,Rejected,93.14588287691915,N/A,N/A,N/A,0.15602141981765075,0.0,0.0,0.0,STARLINK-2370,0,N/A,N/A,0.0,0.05993181476438262,False,0.0,0.0,0.0,15.147272732332429,0.018934090915415536,Insufficient Energy for CPU,N/A,N/A,N/A
928,CPU_Intensive,Rejected,93.9328506769235,N/A,N/A,N/A,0.15092016479113723,0.0,0.0,0.0,STARLINK-2370,0,N/A,N/A,0.0,0.03028793936141999,False,0.0,0.0,0.0,15.147272732332429,0.018934090915415536,Insufficient Energy for CPU,N/A,N/A,N/A
930,CPU_Intensive,Rejected,94.44246592525886,N/A,N/A,N/A,0.27117531936271766,0.0,0.0,0.0,STARLINK-2370,0,N/A,N/A,0.0,0.04186856394123785,False,0.0,0.0,0.0,15.147272732332429,0.018934090915415536,Insufficient Energy for CPU,N/A,N/A,N/A
931,Generic_Service,Rejected,94.48110399178192,N/A,N/A,N/A,0.1423711333608658,0.0,0.0,0.0,STARLINK-2370,0,N/A,N/A,0.0,0.024902822805469182,False,0.0,0.0,0.0,15.147272732332429,0.018934090915415536,Insufficient Energy for CPU,N/A,N/A,N/A
941,CPU_Intensive,Rejected,95.4422704212041,N/A,N/A,N/A,0.14167163670621663,0.0,0.0,0.0,STARLINK-2370,0,N/A,N/A,0.0,0.02831480317560678,False,0.0,0.0,0.0,15.147272732332429,0.018934090915415536,Insufficient Energy for CPU,N/A,N/A,N/A
944,CPU_Intensive,Rejected,95.66764019834352,N/A,N/A,N/A,0.08580803507810202,0.0,0.0,0.0,STARLINK-2370,0,N/A,N/A,0.0,0.05015597635514819,False,0.0,0.0,0.0,15.147272732332429,0.018934090915415536,Insufficient Energy for CPU,N/A,N/A,N/A
946,CPU_Intensive,Rejected,95.7955776241738,N/A,N/A,N/A,0.06569159154927655,0.0,0.0,0.0,STARLINK-2370,0,N/A,N/A,0.0,0.048603616532125984,False,0.0,0.0,0.0,15.147272732332429,0.018934090915415536,Insufficient Energy for CPU,N/A,N/A,N/A
948,CPU_Intensive,Rejected,96.20416718754632,N/A,N/A,N/A,0.0633649778385214,0.0,0.0,0.0,STARLINK-2370,0,N/A,N/A,0.0,0.02022742408626291,False,0.0,0.0,0.0,15.147272732332429,0.018934090915415536,Insufficient Energy for CPU,N/A,N/A,N/A
949,CPU_Intensive,Rejected,96.37639496150254,N/A,N/A,N/A,0.25332151029606725,0.0,0.0,0.0,STARLINK-2370,0,N/A,N/A,0.0,0.060237349752289525,False,0.0,0.0,0.0,15.147272732332429,0.018934090915415536,Insufficient Energy for CPU,N/A,N/A,N/A
950,Generic_Service,Rejected,96.37808791843416,N/A,N/A,N/A,0.06573045468031632,0.0,0.0,0.0,STARLINK-2370,0,N/A,N/A,0.0,0.08200229944651033,False,0.0,0.0,0.0,15.147272732332429,0.018934090915415536,Insufficient Energy for CPU,N/A,N/A,N/A
951,CPU_Intensive,Rejected,96.4729324450981,N/A,N/A,N/A,0.13661030076098002,0.0,0.0,0.0,STARLINK-2370,0,N/A,N/A,0.0,0.048170774048805584,False,0.0,0.0,0.0,15.147272732332429,0.018934090915415536,Insufficient Energy for CPU,N/A,N/A,N/A
952,CPU_Intensive,Rejected,96.57081652681902,N/A,N/A,N/A,0.19554073096503063,0.0,0.0,0.0,STARLINK-2370,0,N/A,N/A,0.0,0.01063827192791461,False,0.0,0.0,0.0,15.147272732332429,0.018934090915415536,Insufficient Energy for CPU,N/A,N/A,N/A
957,CPU_and_Data_Intensive,Rejected,97.59680109974607,N/A,N/A,N/A,0.11759248944666331,0.0,0.0,0.0,STARLINK-2370,0,N/A,N/A,0.0,0.6177335797723434,False,0.0,0.0,0.0,15.147272732332429,0.018934090915415536,Insufficient Energy for CPU+NET,N/A,N/A,N/A
959,CPU_Intensive,Rejected,97.7545628590516,N/A,N/A,N/A,0.12817905193981796,0.0,0.0,0.0,STARLINK-2370,0,N/A,N/A,0.0,0.08202693267527701,False,0.0,0.0,0.0,15.147272732332429,0.018934090915415536,Insufficient Energy for CPU,N/A,N/A,N/A
961,CPU_and_Data_Intensive,Rejected,98.17783378405578,N/A,N/A,N/A,0.2944879705310916,0.0,0.0,0.0,STARLINK-2370,0,N/A,N/A,0.0,0.8287789568381791,False,0.0,0.0,0.0,15.147272732332429,0.018934090915415536,Insufficient Energy for CPU+NET,N/A,N/A,N/A
963,CPU_Intensive,Rejected,98.3200917474836,N/A,N/A,N/A,0.2892152514349589,0.0,0.0,0.0,STARLINK-2370,0,N/A,N/A,0.0,0.039110372355603086,False,0.0,0.0,0.0,15.147272732332429,0.018934090915415536,Insufficient Energy for CPU,N/A,N/A,N/A
11000,Batch,Completed,0,0,0.0,0.0034697485061905486,0.0034697485061905486,0.0034697485061905486,0.0034697485061905486,0.0,STARLINK-30106,0,N/A,0,0.0,7.45995928830968,False,0.0,0.0034697485061905486,0.0034697485061905486,80000,100.0,N/A,N/A,N/A,N/A
9000,Batch,Completed,0,0,0.0,0.1211100659399496,0.1211100659399496,0.1211100659399496,0.1211100659399496,0.0,STARLINK-30106,0,N/A,0,0.0,260.38664177089163,False,0.0,0.1211100659399496,0.1211100659399496,79999.99653025149,99.99999566281437,N/A,N/A,N/A,N/A
10000,Batch,Completed,0,0,0.0,0.17471183483424024,0.17471183483424024,0.17471183483424024,0.17471183483424024,0.0,STARLINK-30106,0,N/A,0,0.0,375.6304448936165,False,0.0,0.17471183483424024,0.17471183483424024,79999.87542018555,99.99984427523194,N/A,N/A,N/A,N/A
31,CPU_Intensive,Completed,4.190961698770567,4.192607604663008,4.192607604663008,4.26379230346756,0.0711846988045517,0.07283060469699255,0.07283060469699265,0.0,STARLINK-30106,1,2,4,0.001645905892440858,0.07255452239188317,False,678.729307978199,3.374628948459683e-05,678.7293417244884,79320.97140037252,99.15121425046566,N/A,4.190961698770567,4.430215580934223,0.23925388216365562
39,CPU_Intensive,Completed,5.226455399572927,5.2280820675874,5.2280820675874,5.660323166830549,0.43224109924314913,0.43386776725762183,0.4338677672576221,0.0,STARLINK-30106,1,2,4,0.0016266680144727248,0.013642260525217227,False,4247.108907983042,6.345237453589408e-06,4247.108914328279,75073.86249238945,93.84232811548682,N/A,5.226455399572927,5.835447473860479,0.6089920742875519
45,CPU_Intensive,Completed,5.598248056661426,5.59988711895432,5.59988711895432,7.1380394679422325,1.5381523489879125,1.5397914112808069,1.5397914112808069,0.0,STARLINK-30106,1,2,5,0.0016390622928944328,0.0515973290227682,False,15112.65824248591,2.3998757685008467e-05,15112.658266484668,59961.204249903545,74.95150531237942,N/A,5.598248056661426,7.2508136483433585,1.6525655916819328
195,CPU_and_Data_Intensive,Completed,20.714856805729045,20.716636240069686,20.716636240069686,20.879013046445763,0.1623768063760771,0.16415624071671708,0.16415624071671786,0.0,STARLINK-30106,1,2,5,0.0017794343406399835,0.48145944007495106,False,1594.7875325005316,0.00022393462329067492,1594.787756435155,58366.41649346837,72.95802061683546,N/A,20.714856805729045,20.991659273211464,0.276802467482419
196,CPU_and_Data_Intensive,Completed,20.85182882684903,20.918800055264576,20.918800055264576,21.475678695933635,0.5568786406690585,0.6238498690846055,0.623849869084605,0.0,STARLINK-30106,1,2,5,0.06697122841554709,200.1186569761278,False,4561.515078093979,0.09307844510517573,4561.608156539084,53804.80833692911,67.25601042116139,N/A,20.85182882684903,21.603926031314437,0.7520972044654073
233,CPU_Intensive,Completed,24.57338087657465,24.575007402058954,24.575007402058954,24.6575142646058,0.0825068625468468,0.08413338803115294,0.08413338803115167,0.0,STARLINK-30106,1,2,4,0.0016265254843061403,0.013205789594710318,False,807.5710181413998,6.1422277184699155e-06,807.5710242836275,52997.23731872208,66.2465466484026,N/A,24.57338087657465,24.933972152908368,0.360591276333718
242,CPU_Intensive,Completed,25.85999697141731,25.861639674680834,25.861639674680834,26.185650947739635,0.32401127305880095,0.32565397632232546,0.3256539763223252,0.0,STARLINK-30106,1,2,4,0.0016427032635244923,0.06274709385453432,False,3168.190337739959,2.9184694816062474e-05,3168.190366924654,49829.046980982115,62.286308726227645,N/A,25.85999697141731,26.44996304722027,0.589966075802959
249,CPU_and_Data_Intensive,Completed,26.174001739800666,26.17579303948994,26.17579303948994,26.35735696009375,0.18156392060381066,0.18335522029308254,0.18335522029308393,0.0,STARLINK-30106,1,2,6,0.0017912996892718769,0.5177947639032487,False,1783.3282476606967,0.0002408347739084878,1783.3284884954705,48045.718492486616,60.05714811560827,N/A,26.174001739800666,26.550313571075836,0.37631183127517076
273,CPU_and_Data_Intensive,Completed,28.046442994731105,28.147108815959193,28.147108815959193,28.76504279514175,0.6179339791825562,0.7185998004106445,0.7185998004106438,0.0,STARLINK-30106,1,2,5,0.1006658212280883,303.3017979936154,False,4689.992583396688,0.14107060371796065,4690.133654000406,43355.58483848602,54.19448104810753,N/A,28.046442994731105,28.871477211524788,0.8250342167936822
324,CPU_and_Data_Intensive,Completed,34.516390212257576,34.51848960722755,34.51848960722755,34.98161225908555,0.4631226518580007,0.465222046827973,0.4652220468279751,0.0,STARLINK-30106,1,2,5,0.002099394969972298,1.4612766742559855,False,4548.166827037585,0.0006796635694213886,4548.167506701155,38807.417331654215,48.50927166456776,N/A,34.516390212257576,35.1201211939674,0.6037309817098233
355,CPU_and_Data_Intensive,Completed,37.784617768324146,37.7870592551976,37.7870592551976,37.88060005834744,0.09354080314984259,0.0959822900232933,0.09598229002329361,0.0,STARLINK-30106,1,2,5,0.002441486873450704,2.5088666336875516,False,908.5051902855782,0.0011669147133430472,908.5063572002916,37898.910974453305,47.37363871806663,N/A,37.784617768324146,38.052754178933796,0.26813641060964954
361,Generic_Service,Completed,38.683374452980146,38.685000975001444,38.685000975001444,38.84400142860397,0.15900045360252335,0.1606269756238191,0.16062697562382056,0.0,STARLINK-30106,1,2,4,0.0016265220212957666,0.013195184798571935,False,1559.8952335371714,6.137295255149737e-06,1559.8952396744667,36339.01574091504,45.4237696761438,N/A,38.683374452980146,38.95805200539291,0.27467755241276137
374,CPU_and_Data_Intensive,Completed,40.02383823974793,40.02567289692519,40.02567289692519,40.07716176963436,0.051488872709171574,0.053323529886426094,0.05332352988642697,0.0,STARLINK-30106,1,2,5,0.0018346571772545172,0.6505686431297,False,503.421521377122,0.00030259006657195345,503.4218239671886,35835.593916947844,44.79449239618481,N/A,40.02383823974793,40.27037813440871,0.24653989466077775
380,Generic_Service,Completed,40.47200772969539,40.47363642763258,40.47363642763258,40.49351125465346,0.019874827020885277,0.02150352495807214,0.02150352495807084,0.0,STARLINK-30106,1,2,4,0.0016286979371868601,0.01985850426594156,False,189.61928753443382,9.236513612065841e-06,189.61929677094744,35645.97462941318,44.55746828676647,N/A,40.47200772969539,40.67454590298482,0.20253817328942603
381,CPU_Intensive,Completed,40.49955884634828,40.50119161148547,40.50119161148547,40.570063548535536,0.06887193705006922,0.07050470218725434,0.07050470218725735,0.0,STARLINK-30106,1,2,4,0.0016327651371851224,0.03231351368842739,False,667.8402076865711,1.5029541250431343e-05,667.8402227161124,34978.13442172661,43.722668027158264,N/A,40.49955884634828,40.774896426655104,0.2753375803068252
379,CPU_and_Data_Intensive,Completed,40.42973409455544,40.58175122899066,40.58175122899066,41.467560571303274,0.8858093423126121,1.0378264767478285,1.0378264767478314,0.0,STARLINK-30106,1,2,5,0.1520171344352164,460.55521315024936,False,6605.220691472986,0.2142117270466276,6605.434903200033,28372.699518526562,35.465874398158206,N/A,40.42973409455544,41.58613933845209,1.15640524389665
436,CPU_Intensive,Completed,45.67282316718609,45.67446214412356,45.67446214412356,45.82269465441201,0.14823251028845164,0.14987148722592222,0.1498714872259228,0.0,STARLINK-30106,1,2,4,0.001638976937470599,0.05133594462845186,False,1442.753310458864,2.3877183548117144e-05,1442.7533343360476,26929.94620791936,33.662432759899204,N/A,45.67282316718609,46.01440711444362,0.3415839472575328
446,CPU_Intensive,Completed,46.64462080298738,46.64625130671061,46.64625130671061,47.97218099014192,1.325929683431312,1.3275601871545408,1.327560187154539,0.0,STARLINK-30106,1,2,4,0.0016305037232288231,0.025388373015266252,False,13033.152486095114,1.1808545588495932e-05,13033.15249790366,13896.793721824233,17.37099215228029,N/A,46.64462080298738,48.138489962303545,1.4938691593161622
467,CPU_and_Data_Intensive,Completed,47.957831186453866,47.96383141232665,47.96383141232665,48.168068622965414,0.204237210638766,0.21023743651155008,0.21023743651154803,0.0,STARLINK-30106,1,2,6,0.006000225872784095,13.406813080334526,False,1947.3617339482953,0.006235727014109082,1947.3679696753095,11949.425752148914,14.936782190186143,N/A,47.957831186453866,48.44022768170435,0.4823964952504838
595,CPU_and_Data_Intensive,Completed,60.02933303856757,60.03134846373233,60.03134846373233,60.585782047491,0.5544335837586729,0.5564490089234321,0.5564490089234297,0.0,STARLINK-30106,1,2,5,0.0020154251647591325,1.2041354676319915,False,5447.394029639387,0.0005600630082009263,5447.394589702395,6502.0311624413625,8.127538953051703,N/A,60.02933303856757,60.73073224217153,0.7013992036039554
647,Generic_Service,Completed,64.5550165492385,64.55665211305343,64.55665211305343,64.77469003701329,0.2180379239598551,0.2196734877747848,0.21967348777478435,0.0,STARLINK-30106,1,2,4,0.0016355638149296962,0.04088392028118434,False,2132.3753120840197,1.901577687496946e-05,2132.3753310997968,4369.655850356892,5.462069812946115,N/A,64.5550165492385,64.96307571850876,0.40805916927025976
679,CPU_Intensive,Completed,68.53316866677847,68.53479806593926,68.53479806593926,68.73871631631611,0.20391825037685862,0.20554764953765364,0.2055476495376496,0.0,STARLINK-30106,1,2,4,0.0016293991607950111,0.022005865263808183,False,1999.0695651057536,1.0235286169213109e-05,1999.0695753410398,2370.5862852511223,2.963232856563903,N/A,68.53316866677847,68.87403526767243,0.3408666008939605
722,CPU_and_Data_Intensive,Completed,71.58540971973687,71.59202036808072,71.59202036808072,71.72854550922212,0.1365251411413908,0.1431357894852451,0.14313578948524253,0.0,STARLINK-30106,1,2,5,0.006610648343854293,15.276113245589418,False,1272.8566313629954,0.007105168951436938,1272.8637365319469,1097.7225487191686,1.3721531858989606,N/A,71.58540971973687,71.89180614421211,0.3063964244752384
873,Generic_Service,Completed,88.55896407378499,88.56061292515105,88.56061292515105,88.61807850399963,0.0574655788485785,0.05911443021463389,0.059114430214634694,0.0,STARLINK-30106,1,2,4,0.0016488513660553844,0.0815744628025543,False,541.142827903048,3.794161060583921e-05,541.1428658446586,556.5797208102839,0.6957246510128549,N/A,88.55896407378499,88.73172764647369,0.17276357268869447
979,Generic_Service,Completed,99.9968765289416,99.99850686271422,99.99850686271422,100.0297446417496,0.031237779035379276,0.03286811280799989,0.0328681128080035,0.0,STARLINK-30106,1,2,4,0.0016303337726206123,0.024867932312195768,False,299.89886412841554,1.1566480145207335e-05,299.8988756948957,256.68085668183994,0.3208510708522999,N/A,99.9968765289416,100.15008931547875,0.15321278653715353
248,CPU_and_Data_Intensive,Rejected,26.17121756137927,N/A,N/A,N/A,0.6757013692563785,0.0,0.0,0.0,STARLINK-30106,0,N/A,N/A,0.0,23.307853751226965,False,0.0,0.0,0.0,256.6808566818303,0.3208510708522878,Deadline Exceeded,N/A,N/A,N/A
7,CPU_and_Data_Intensive,Completed,1.91055132461558,1.9124896360919372,1.9124896360919372,3.9039548023606456,1.9914651662687084,1.9934034777450655,1.9934034777450655,0.0,STARLINK-6153,1,2,2,0.0019383114763571658,1.4272708728771804,False,19579.703334684313,0.0006638469176172932,19579.70399853123,60420.29600146877,75.52537000183597,N/A,1.91055132461558,4.026760166142308,2.116208841526728
190,CPU_Intensive,Completed,20.182226664963252,20.18363079895257,20.18363079895257,20.231514766699984,0.047883967747413436,0.04928810173673198,0.049288101736731704,0.0,STARLINK-6153,1,2,1,0.0014041339893185467,0.07649150589765154,False,448.4045588742813,3.557744460355885e-05,448.40459445172587,59971.89144259394,74.96486430324242,N/A,20.182226664963252,20.38399076275427,0.2017640977910169
193,CPU_Intensive,Completed,20.418143640247653,20.41952250209825,20.41952250209825,22.288634087792943,1.869111585694693,1.8704904475452897,1.87049044754529,0.0,STARLINK-6153,1,2,1,0.0013788618505968442,0.012585623727345611,False,18379.165883700927,5.853778477835168e-06,18379.165889554704,41592.725558892984,51.990906948616235,N/A,20.418143640247653,22.41422076047591,1.9960771202282572
213,CPU_and_Data_Intensive,Completed,22.050959317192714,22.052855016271828,22.052855016271828,23.148468842003535,1.0956138257317072,1.0975095248108206,1.097509524810821,0.0,STARLINK-6153,1,2,3,0.0018956990791135064,1.3195165246110785,False,10769.420757648726,0.0006137286160981761,10769.421371377342,30823.304187515638,38.52913023439455,N/A,22.050959317192714,23.32000442938373,1.2690451121910158
414,CPU_Intensive,Completed,43.27345537974447,43.27485195275985,43.27485195275985,44.37558183549411,1.1007298827342566,1.102126455749644,1.1021264557496409,0.0,STARLINK-6153,1,2,1,0.0013965730153873493,0.057372003806405295,False,10808.868893807541,2.6684652933211764e-05,10808.868920492194,20014.435293707516,25.018044117134398,N/A,43.27345537974447,44.50749529962637,1.2340399198819014
486,Generic_Service,Completed,50.871454197157945,50.87285156547705,50.87285156547705,50.91736937367147,0.04451780819442064,0.04591517651352542,0.045915176513524614,0.0,STARLINK-6153,1,2,1,0.0013973683191047769,0.0593830953968407,False,420.3391233028035,2.7620044370623583e-05,420.33915092284786,19594.096170404693,24.492620213005868,N/A,50.871454197157945,51.0511662811052,0.17971208394725835
490,Generic_Service,Completed,51.39752763096984,51.39891201936959,51.39891201936959,51.46208219329092,0.0631701739213284,0.06455456232107583,0.06455456232107792,0.0,STARLINK-6153,1,2,1,0.0013843883997474355,0.026560657764445397,False,613.4579667616861,1.235379430904437e-05,613.4579791154804,18980.638203642986,23.72579775455373,N/A,51.39752763096984,51.655884285297056,0.25835665432721555
493,CPU_Intensive,Completed,51.64594417701584,51.647322647911764,51.647322647911764,51.66325985582328,0.015937207911512985,0.017315678807435435,0.01731567880743512,0.0,STARLINK-6153,1,2,1,0.0013784708959224494,0.011597013161737276,False,153.32673127696503,5.393959610110361e-06,153.32673667092465,18827.311472366015,23.534139340457518,N/A,51.64594417701584,51.856621309225794,0.21067713220995188
497,CPU_Intensive,Completed,51.90093048354932,51.90233862630462,51.90233862630462,51.952083136513394,0.04974451020877524,0.05115265296407968,0.05115265296407756,0.0,STARLINK-6153,1,2,1,0.0014081427553044351,0.08662850813413094,False,463.7162625204733,4.0292329364712065e-05,463.71630281280267,18363.59520984554,22.954494012306924,N/A,51.90093048354932,52.05735833317132,0.1564278496220055
504,CPU_Intensive,Completed,52.115876670443875,52.117279010876615,52.117279010876615,52.30763471917183,0.19035570829521475,0.19175804872795463,0.1917580487279551,0.0,STARLINK-6153,1,2,1,0.001402340432739875,0.07195612341006105,False,1850.9628235887842,3.346796437677258e-05,1850.9628570567486,16512.632386256722,20.640790482820904,N/A,52.115876670443875,52.565284887696876,0.4494082172530014
523,CPU_Intensive,Completed,53.567321641450995,53.5687091268114,53.5687091268114,54.074953737887,0.5062446110756014,0.5076320964360027,0.507632096436005,0.0,STARLINK-6153,1,2,1,0.001387485360401316,0.034391969740546355,False,4968.825901251051,1.5996264995602956e-05,4968.825917247315,11543.806485005647,14.42975810625706,N/A,53.567321641450995,54.18543838795842,0.6181167465074253
596,Generic_Service,Completed,60.10140895750684,60.102802821769565,60.102802821769565,60.123253073321564,0.020450251551999088,0.021844115814719883,0.021844115814722898,0.0,STARLINK-6153,1,2,1,0.0013938642627207944,0.05052235682386883,False,186.24345834008398,2.3498770615752946e-05,186.2434818388546,11357.563026665552,14.196953783331939,N/A,60.10140895750684,60.22932044127746,0.12791148377061745
597,Generic_Service,Completed,60.259670066134824,60.26107249743835,60.26107249743835,60.44830597071438,0.1872334732760308,0.18863590457955248,0.1886359045795558,0.0,STARLINK-6153,1,2,1,0.001402431303521683,0.07218590916499457,False,1820.1876649237365,3.3574841472090494e-05,1820.187698498578,9537.375361741795,11.921719202177245,N/A,60.259670066134824,60.63038171803917,0.37071165190434385
614,CPU_Intensive,Completed,62.06105362302434,62.06244917433572,62.06244917433572,62.540726921746206,0.47827774741048756,0.47967329872186576,0.47967329872186326,0.0,STARLINK-6153,1,2,1,0.0013955513113781722,0.05478841178269882,False,4687.759514184754,2.5482982224511077e-05,4687.759539667736,4849.615847557014,6.062019809446268,N/A,62.06105362302434,62.740644836000605,0.6795912129762627
654,CPU_Intensive,Completed,65.59858739956358,65.59998469628083,65.59998469628083,65.78936824015359,0.1893835438727649,0.19078084059000702,0.19078084059000844,0.0,STARLINK-6153,1,2,1,0.0013972967172421172,0.05920203512929889,False,1845.1595256832177,2.7535830292697158e-05,1845.159553219048,3004.456321873772,3.7555704023422147,N/A,65.59858739956358,66.06881502047324,0.47022762090965387
692,CPU_and_Data_Intensive,Completed,69.25035082624643,69.25185007858013,69.25185007858013,69.41009637412066,0.15824629554052194,0.1597455478742211,0.15974554787422335,0.0,STARLINK-6153,1,2,2,0.0014992523336991679,0.31701811012219,False,1554.915830923939,0.0001474502837777628,1554.9159783742227,1449.5403434995271,1.811925429374409,N/A,69.25035082624643,69.5777484571272,0.32739763088076757
812,Generic_Service,Completed,81.7436665177632,81.74505846178349,81.74505846178349,81.8250860126989,0.08002755091541758,0.08141949493569792,0.08141949493570166,0.0,STARLINK-6153,1,2,1,0.0013919440202803432,0.0456666226697776,False,773.6221096049728,2.1240289613850046e-05,773.6221308452624,675.9182338944502,0.8448977923680626,N/A,81.7436665177632,82.01410219333802,0.2704356755748165
903,CPU_Intensive,Completed,91.68006380201945,91.68145158432094,91.68145158432094,91.74147425838103,0.060022674060093095,0.061410456361587255,0.061410456361585375,0.0,STARLINK-6153,1,2,1,0.0013877823014941625,0.03514284732553972,False,579.9732699444521,1.6345510383971963e-05,579.9732862899625,95.94496394998339,0.11993120493747923,N/A,91.68006380201945,91.93689240266619,0.25682860064674173
588,CPU_and_Data_Intensive,Rejected,59.285975886639314,N/A,N/A,N/A,1.5120652957810647,0.0,0.0,0.0,STARLINK-6153,0,N/A,N/A,0.0,1.4698746180485955,False,0.0,0.0,0.0,95.94496394996901,0.11993120493746126,Insufficient Energy for CPU+NET,N/A,N/A,N/A
589,CPU_Intensive,Rejected,59.30930345012701,N/A,N/A,N/A,1.3579122597419064,0.0,0.0,0.0,STARLINK-6153,0,N/A,N/A,0.0,0.03307551278858357,False,0.0,0.0,0.0,95.94496394996901,0.11993120493746126,Insufficient Energy for CPU,N/A,N/A,N/A
674,CPU_Intensive,Rejected,67.6864931232573,N/A,N/A,N/A,0.625771740354201,0.0,0.0,0.0,STARLINK-6153,0,N/A,N/A,0.0,0.04994223647819537,False,0.0,0.0,0.0,95.94496394996901,0.11993120493746126,Insufficient Energy for CPU,N/A,N/A,N/A
675,CPU_and_Data_Intensive,Rejected,67.71875553266015,N/A,N/A,N/A,2.8731624044234665,0.0,0.0,0.0,STARLINK-6153,0,N/A,N/A,0.0,190.08276460162278,False,0.0,0.0,0.0,95.94496394996901,0.11993120493746126,Insufficient Energy for CPU+NET,N/A,N/A,N/A
676,CPU_and_Data_Intensive,Rejected,68.05604771891512,N/A,N/A,N/A,2.085971327622652,0.0,0.0,0.0,STARLINK-6153,0,N/A,N/A,0.0,203.25506971604997,False,0.0,0.0,0.0,95.94496394996901,0.11993120493746126,Insufficient Energy for CPU+NET,N/A,N/A,N/A
677,CPU_and_Data_Intensive,Rejected,68.15953662636143,N/A,N/A,N/A,0.7102553184119169,0.0,0.0,0.0,STARLINK-6153,0,N/A,N/A,0.0,5.8660537378858315,False,0.0,0.0,0.0,95.94496394996901,0.11993120493746126,Insufficient Energy for CPU+NET,N/A,N/A,N/A
680,CPU_Intensive,Rejected,68.57555080272431,N/A,N/A,N/A,0.605366294658703,0.0,0.0,0.0,STARLINK-6153,0,N/A,N/A,0.0,0.024605575492217625,False,0.0,0.0,0.0,95.94496394996901,0.11993120493746126,Insufficient Energy for CPU,N/A,N/A,N/A
682,CPU_and_Data_Intensive,Rejected,68.60834424894101,N/A,N/A,N/A,0.7778256457970578,0.0,0.0,0.0,STARLINK-6153,0,N/A,N/A,0.0,0.3211103374102077,False,0.0,0.0,0.0,95.94496394996901,0.11993120493746126,Insufficient Energy for CPU+NET,N/A,N/A,N/A
683,CPU_Intensive,Rejected,68.65102870306637,N/A,N/A,N/A,0.5291050197083262,0.0,0.0,0.0,STARLINK-6153,0,N/A,N/A,0.0,0.03658680769432013,False,0.0,0.0,0.0,95.94496394996901,0.11993120493746126,Insufficient Energy for CPU,N/A,N/A,N/A
684,CPU_Intensive,Rejected,68.68681439000605,N/A,N/A,N/A,0.6313140595583008,0.0,0.0,0.0,STARLINK-6153,0,N/A,N/A,0.0,0.0752989707042359,False,0.0,0.0,0.0,95.94496394996901,0.11993120493746126,Insufficient Energy for CPU,N/A,N/A,N/A
686,CPU_and_Data_Intensive,Rejected,68.90992841015674,N/A,N/A,N/A,0.8436420349771376,0.0,0.0,0.0,STARLINK-6153,0,N/A,N/A,0.0,14.868192509570793,False,0.0,0.0,0.0,95.94496394996901,0.11993120493746126,Insufficient Energy for CPU+NET,N/A,N/A,N/A
688,CPU_Intensive,Rejected,69.1035340593162,N/A,N/A,N/A,0.5309404109248413,0.0,0.0,0.0,STARLINK-6153,0,N/A,N/A,0.0,0.02006624213351832,False,0.0,0.0,0.0,95.94496394996901,0.11993120493746126,Insufficient Energy for CPU,N/A,N/A,N/A
766,CPU_Intensive,Rejected,76.58308644278823,N/A,N/A,N/A,0.36713708029512054,0.0,0.0,0.0,STARLINK-6153,0,N/A,N/A,0.0,0.061072611073923505,False,0.0,0.0,0.0,95.94496394996901,0.11993120493746126,Insufficient Energy for CPU,N/A,N/A,N/A
769,CPU_Intensive,Rejected,76.87758852694574,N/A,N/A,N/A,0.17488129601391086,0.0,0.0,0.0,STARLINK-6153,0,N/A,N/A,0.0,0.07750508238899531,False,0.0,0.0,0.0,95.94496394996901,0.11993120493746126,Insufficient Energy for CPU,N/A,N/A,N/A
776,CPU_and_Data_Intensive,Rejected,77.76351738342264,N/A,N/A,N/A,0.6236963169780736,0.0,0.0,0.0,STARLINK-6153,0,N/A,N/A,0.0,10.78997026366925,False,0.0,0.0,0.0,95.94496394996901,0.11993120493746126,Insufficient Energy for CPU+NET,N/A,N/A,N/A
780,CPU_Intensive,Rejected,78.37424923557845,N/A,N/A,N/A,2.4189332022638017,0.0,0.0,0.0,STARLINK-6153,0,N/A,N/A,0.0,0.05963496121042278,False,0.0,0.0,0.0,95.94496394996901,0.11993120493746126,Insufficient Energy for CPU,N/A,N/A,N/A
782,CPU_and_Data_Intensive,Rejected,78.87086493863019,N/A,N/A,N/A,0.8119978562225769,0.0,0.0,0.0,STARLINK-6153,0,N/A,N/A,0.0,249.98261081014564,False,0.0,0.0,0.0,95.94496394996901,0.11993120493746126,Insufficient Energy for CPU+NET,N/A,N/A,N/A
784,CPU_Intensive,Rejected,79.18815016187708,N/A,N/A,N/A,0.8893277065948142,0.0,0.0,0.0,STARLINK-6153,0,N/A,N/A,0.0,0.026054920833778424,False,0.0,0.0,0.0,95.94496394996901,0.11993120493746126,Insufficient Energy for CPU,N/A,N/A,N/A
785,CPU_and_Data_Intensive,Rejected,79.22052125432698,N/A,N/A,N/A,0.1799078706489479,0.0,0.0,0.0,STARLINK-6153,0,N/A,N/A,0.0,0.6414691897838972,False,0.0,0.0,0.0,95.94496394996901,0.11993120493746126,Insufficient Energy for CPU+NET,N/A,N/A,N/A
786,CPU_and_Data_Intensive,Rejected,79.38953962812839,N/A,N/A,N/A,0.17139829519658722,0.0,0.0,0.0,STARLINK-6153,0,N/A,N/A,0.0,6.372314412304236,False,0.0,0.0,0.0,95.94496394996901,0.11993120493746126,Insufficient Energy for CPU+NET,N/A,N/A,N/A
787,CPU_Intensive,Rejected,79.39946058159583,N/A,N/A,N/A,0.16212588662301447,0.0,0.0,0.0,STARLINK-6153,0,N/A,N/A,0.0,0.05926104056573753,False,0.0,0.0,0.0,95.94496394996901,0.11993120493746126,Insufficient Energy for CPU,N/A,N/A,N/A
791,CPU_Intensive,Rejected,79.78417772365908,N/A,N/A,N/A,1.018273918076623,0.0,0.0,0.0,STARLINK-6153,0,N/A,N/A,0.0,0.07626774119300951,False,0.0,0.0,0.0,95.94496394996901,0.11993120493746126,Insufficient Energy for CPU,N/A,N/A,N/A
793,CPU_Intensive,Rejected,79.79716767342705,N/A,N/A,N/A,1.023707868973532,0.0,0.0,0.0,STARLINK-6153,0,N/A,N/A,0.0,0.054995947041294936,False,0.0,0.0,0.0,95.94496394996901,0.11993120493746126,Insufficient Energy for CPU,N/A,N/A,N/A
794,CPU_Intensive,Rejected,79.89380081182084,N/A,N/A,N/A,0.18945038727180147,0.0,0.0,0.0,STARLINK-6153,0,N/A,N/A,0.0,0.015441929096053991,False,0.0,0.0,0.0,95.94496394996901,0.11993120493746126,Insufficient Energy for CPU,N/A,N/A,N/A
795,CPU_Intensive,Rejected,79.95787868012857,N/A,N/A,N/A,0.8755153048805822,0.0,0.0,0.0,STARLINK-6153,0,N/A,N/A,0.0,0.024122893439492997,False,0.0,0.0,0.0,95.94496394996901,0.11993120493746126,Insufficient Energy for CPU,N/A,N/A,N/A
797,CPU_and_Data_Intensive,Rejected,80.01682709225297,N/A,N/A,N/A,1.0027211991842404,0.0,0.0,0.0,STARLINK-6153,0,N/A,N/A,0.0,7.401970990212301,False,0.0,0.0,0.0,95.94496394996901,0.11993120493746126,Insufficient Energy for CPU+NET,N/A,N/A,N/A
796,CPU_and_Data_Intensive,Rejected,80.00048257438833,N/A,N/A,N/A,0.7538665370816655,0.0,0.0,0.0,STARLINK-6153,0,N/A,N/A,0.0,217.92664459716897,False,0.0,0.0,0.0,95.94496394996901,0.11993120493746126,Insufficient Energy for CPU+NET,N/A,N/A,N/A
805,CPU_and_Data_Intensive,Rejected,81.33578161637057,N/A,N/A,N/A,2.8738686156280187,0.0,0.0,0.0,STARLINK-6153,0,N/A,N/A,0.0,181.83665180440497,False,0.0,0.0,0.0,95.94496394996901,0.11993120493746126,Insufficient Energy for CPU+NET,N/A,N/A,N/A
807,CPU_and_Data_Intensive,Rejected,81.51768096337186,N/A,N/A,N/A,0.17722022535763415,0.0,0.0,0.0,STARLINK-6153,0,N/A,N/A,0.0,1.3951661152912171,False,0.0,0.0,0.0,95.94496394996901,0.11993120493746126,Insufficient Energy for CPU+NET,N/A,N/A,N/A
810,CPU_Intensive,Rejected,81.71514777122681,N/A,N/A,N/A,0.8416134758812277,0.0,0.0,0.0,STARLINK-6153,0,N/A,N/A,0.0,0.04396390577015688,False,0.0,0.0,0.0,95.94496394996901,0.11993120493746126,Insufficient Energy for CPU,N/A,N/A,N/A
813,CPU_and_Data_Intensive,Rejected,81.81228318196267,N/A,N/A,N/A,1.3208985178456725,0.0,0.0,0.0,STARLINK-6153,0,N/A,N/A,0.0,359.9036559562926,False,0.0,0.0,0.0,95.94496394996901,0.11993120493746126,Insufficient Energy for CPU+NET,N/A,N/A,N/A
12,Generic_Service,Completed,2.6410131543697264,2.642915249620101,2.642915249620101,2.6847918189537934,0.04187656933369244,0.043778664584067165,0.043778664584066984,0.0,STARLINK-30238,1,1,1,0.0019020952503747302,0.027797993880086268,False,403.66893797464843,1.2929299479109893e-05,403.6689509039479,79596.329402877,99.49541175359626,N/A,2.6410131543697264,2.7137178985838895,0.07270474421416306
36,CPU_and_Data_Intensive,Completed,4.823150436654184,4.829635050076404,4.829635050076404,4.96824452955215,0.13860947947574598,0.14509409289796585,0.14509409289796604,0.0,STARLINK-30238,1,1,2,0.006484613422219867,11.841782882012556,False,1309.0664823441,0.005507805991633747,1309.0719901500916,78287.2574127269,97.85907176590864,N/A,4.823150436654184,5.032632109524026,0.20948167286984187
55,CPU_and_Data_Intensive,Completed,6.6454753147598415,6.647712511100425,6.647712511100425,6.740663249372458,0.09295073827203293,0.09518793461261675,0.09518793461261676,0.0,STARLINK-30238,1,1,2,0.00223719634058382,0.8917071083163683,False,910.0994808663291,0.00041474749224017134,910.0998956138213,77377.15751711308,96.72144689639136,N/A,6.6454753147598415,6.747328820134911,0.1018535053750691
62,CPU_Intensive,Completed,7.583193119488849,7.58509774215013,7.58509774215013,8.63271253590657,1.0476147937564404,1.0495194164177213,1.0495194164177217,0.0,STARLINK-30238,1,1,1,0.0019046226612809474,0.03431379875689028,False,10293.271551738017,1.595990639855362e-05,10293.271567697922,67083.88596537507,83.85485745671883,N/A,7.583193119488849,8.657188303043581,1.0739951835547323
148,CPU_and_Data_Intensive,Completed,17.304782804318148,17.478136820978253,17.478136820978253,19.033728478805504,1.5555916578272502,1.7289456744873561,1.7289456744873561,0.0,STARLINK-30238,1,1,2,0.17335401666010597,442.0403187560765,False,13277.283375676974,0.20560014825864023,13277.488975825232,53806.39698954984,67.2579962369373,N/A,17.304782804318148,19.058669935932016,1.7538871316138689
162,CPU_and_Data_Intensive,Completed,18.499296960504015,18.505127825905447,18.505127825905447,19.417618806286683,0.9124909803812358,0.9183218457826693,0.9183218457826676,0.0,STARLINK-30238,1,1,3,0.005830865401433464,10.156384385249524,False,8927.967830686906,0.004723899714069546,8927.97255458662,44878.42443496321,56.09803054370401,N/A,18.499296960504015,19.467956299381342,0.9686593388773268
309,CPU_and_Data_Intensive,Completed,33.16507814563464,33.16733558142528,33.16733558142528,33.44862147091135,0.28128588948607103,0.28354332527671317,0.28354332527671033,0.0,STARLINK-30238,1,1,2,0.0022574357906421255,0.943885528164654,False,2762.1533106323154,0.00043901652472774604,2762.15374964884,42116.27068531437,52.64533835664296,N/A,33.16507814563464,33.50612602750784,0.3410478818732017
328,CPU_Intensive,Completed,35.14966885290873,35.151579433304775,35.151579433304775,35.94728413728889,0.7957047039841143,0.7976152843801564,0.7976152843801572,0.0,STARLINK-30238,1,1,1,0.0019105803960420733,0.049673167949986496,False,7811.188333287652,2.3103799046505346e-05,7811.188356391452,34305.082352026715,42.881352940033395,N/A,35.14966885290873,36.02944856133137,0.8797797084226389
388,CPU_Intensive,Completed,40.94339145088817,40.94530228427232,40.94530228427232,41.06178995472578,0.1164876704534592,0.11839850383760818,0.11839850383761075,0.0,STARLINK-30238,1,1,1,0.0019108333841489809,0.050325385259291575,False,1130.8378260824798,2.340715593455422e-05,1130.8378494896356,33174.24452594423,41.46780565743029,N/A,40.94339145088817,41.07720929982776,0.13381784893958582
392,Generic_Service,Completed,41.29860826010554,41.30052900774319,41.30052900774319,41.35708000193561,0.05655099419242049,0.058471741830067765,0.058471741830068424,0.0,STARLINK-30238,1,1,1,0.0019207476376472729,0.07588487823098561,False,533.8242586596293,3.529529220045842e-05,533.8242939549215,32640.420267284604,40.80052533410575,N/A,41.29860826010554,41.38318723774874,0.08457897764320421
399,CPU_Intensive,Completed,41.67261706833716,41.67452958201555,41.67452958201555,41.7697777328704,0.09524815085485017,0.09716066453324189,0.09716066453324146,0.0,STARLINK-30238,1,1,1,0.001912513678391716,0.054657276600880524,False,920.6689095667159,2.5421989116688616e-05,920.668934988705,31719.751357717887,39.64968919714736,N/A,41.67261706833716,41.78802498953418,0.11540792119701848
411,CPU_and_Data_Intensive,Completed,43.22893065207547,43.2379199340848,43.2379199340848,43.613559003956205,0.3756390698714043,0.3846283518807372,0.3846283518807354,0.0,STARLINK-30238,1,1,2,0.008989282009332905,18.298956804362586,False,3610.73494880065,0.008511142699703529,3610.7434599433495,28109.007897774536,35.13625987221817,N/A,43.22893065207547,43.699865161776316,0.4709345097008466
418,CPU_and_Data_Intensive,Completed,43.590313392115284,43.59269549849376,43.59269549849376,43.99530036852795,0.4026048700341889,0.40498697641266557,0.40498697641266546,0.0,STARLINK-30238,1,1,3,0.002382106378476684,1.2652931877613482,False,3953.865721712928,0.0005885084594238829,3953.8663102213873,24155.141587553146,30.193926984441433,N/A,43.590313392115284,43.99986516988862,0.40955177777333773
468,CPU_Intensive,Completed,48.031920257419884,48.03382037336754,48.03382037336754,48.26236924358397,0.22854887021642867,0.23044898616408124,0.2304489861640846,0.0,STARLINK-30238,1,1,1,0.001900115947652576,0.02269524216766798,False,2241.1107170951545,1.0555926589613014e-05,2241.110727651081,21914.03087045799,27.39253858807249,N/A,48.031920257419884,48.340227681695964,0.30830742427608016
470,CPU_and_Data_Intensive,Completed,48.25331985452346,48.255334873947504,48.255334873947504,48.65761128525739,0.40227641130988445,0.40429143073392976,0.40429143073392737,0.0,STARLINK-30238,1,1,3,0.002015019424045323,0.31892274913928176,False,3954.9644343726195,0.0001483361623903636,3954.964582708782,17959.066287749207,22.448832859686508,N/A,48.25331985452346,48.74120375617514,0.48788390165167783
507,Generic_Service,Completed,52.4561384269602,52.45803866184578,52.45803866184578,52.56102664952024,0.10298798767446016,0.10488822256003347,0.10488822256003516,0.0,STARLINK-30238,1,1,1,0.0019002348855733083,0.023001870694924403,False,1006.1182176841222,1.0698544509267165e-05,1006.1182283826668,16952.948070065086,21.191185087581356,N/A,52.4561384269602,52.566114378859574,0.10997595189937215
517,Generic_Service,Completed,53.07273038135527,53.074650558498234,53.074650558498234,53.18270355245884,0.10805299396060519,0.1099731711035711,0.10997317110356875,0.0,STARLINK-30238,1,1,1,0.0019201771429659125,0.07441411144041193,False,1040.7842503389465,3.461121462344741e-05,1040.7842849501612,15912.163819726138,19.890204774657672,N/A,53.07273038135527,53.27431748184228,0.20158710048701067
553,Generic_Service,Completed,56.09458238130567,56.09649881089715,56.09649881089715,56.150898378287415,0.05439956739026286,0.056315996981744915,0.05631599698174483,0.0,STARLINK-30238,1,1,1,0.0019164295914820527,0.06475271677975704,False,515.944908438277,3.0117542688259087e-05,515.9449385558197,15396.21891128786,19.245273639109826,N/A,56.09458238130567,56.19186413660066,0.09728175529498628
558,CPU_Intensive,Completed,56.449664254627564,56.45158803460585,56.45158803460585,56.648545545155386,0.19695751054953803,0.1988812905278236,0.19888129052782233,0.0,STARLINK-30238,1,1,1,0.0019237799782855845,0.08370241983873908,False,1912.431045309596,3.8931358064529806e-05,1912.431084240954,13483.787865978265,16.854734832472833,N/A,56.449664254627564,56.694837055541264,0.24517280091369997
571,CPU_Intensive,Completed,58.14989544872469,58.151818736327726,58.151818736327726,58.415612608457536,0.26379387212980987,0.2657171597328474,0.26571715973284427,0.0,STARLINK-30238,1,1,1,0.0019232876030374994,0.08243304926080909,False,2570.1464711360804,3.834095314456237e-05,2570.1465094770338,10913.641394842185,13.64205174355273,N/A,58.14989544872469,58.50796726166428,0.3580718129395848
603,Generic_Service,Completed,60.912004749019545,60.91390145398836,60.91390145398836,60.93715861308057,0.0232571590922106,0.025153864061024978,0.025153864061024933,0.0,STARLINK-30238,1,1,1,0.0018967049688143774,0.013901550372662963,False,224.64004734820287,6.465837382633937e-06,224.64005381404024,10689.001347493982,13.361251684367478,N/A,60.912004749019545,61.03073224258745,0.1187274935679028
612,CPU_and_Data_Intensive,Completed,62.01261782089449,62.01458901961521,62.01458901961521,62.07285264379001,0.058263624174799133,0.060234822895513185,0.060234822895516515,0.0,STARLINK-30238,1,1,2,0.001971198720714048,0.2059505562249716,False,572.0856757364295,9.579095638370772e-05,572.0857715273859,10116.915575966597,12.646144469958246,N/A,62.01261782089449,62.135647782772935,0.12302996187844428
616,CPU_and_Data_Intensive,Completed,62.13235473860125,62.13812743943446,62.13812743943446,62.224834073513726,0.08670663407926327,0.09247933491247687,0.09247933491247551,0.0,STARLINK-30238,1,1,2,0.005772700833213608,10.006432916601566,False,806.993237179142,0.004654154844930961,806.997891333987,9309.91768463261,11.637397105790763,N/A,62.13235473860125,62.2377457684312,0.10539102982995274
621,CPU_and_Data_Intensive,Completed,62.74947813015622,62.75157223391824,62.75157223391824,62.80063749580505,0.04906526188680971,0.05115936564882724,0.051159365648828725,0.0,STARLINK-30238,1,1,2,0.0020941037620175323,0.5228065393732103,False,480.1695415979254,0.00024316583226660944,480.16978476375766,8829.747899868853,11.037184874836067,N/A,62.74947813015622,62.84327625365749,0.09379812350127281
633,Generic_Service,Completed,63.63119746064453,63.633100722770976,63.633100722770976,63.685130997392754,0.052030274621778005,0.05393353674822756,0.05393353674822521,0.0,STARLINK-30238,1,1,1,0.0019032621264495563,0.030806264834474337,False,502.64511416034037,1.432849527184853e-05,502.64512848883567,8327.102785708512,10.40887848213564,N/A,63.63119746064453,63.751435937541025,0.12023847689649614
643,Generic_Service,Completed,64.30356915263981,64.30547456709871,64.30547456709871,64.36415824087288,0.058683673774169165,0.060589088233070326,0.06058908823307263,0.0,STARLINK-30238,1,1,1,0.0019054144589011578,0.03635509674390021,False,566.4468939439314,1.6909347322744282e-05,566.4469108532787,7760.655891764581,9.700819864705727,N/A,64.30356915263981,64.45892148192169,0.15535232928188236
651,Generic_Service,Completed,65.19778310185347,65.19968777108735,65.19968777108735,65.25009690248979,0.050409131402432195,0.052313800636310824,0.052313800636312635,0.0,STARLINK-30238,1,1,1,0.0019046692338786325,0.03443386548540468,False,485.63214882459437,1.6015751388560318e-05,485.63216484034575,7275.023742939987,9.093779678674982,N/A,65.19778310185347,65.26307571859537,0.06529261674189968
655,Generic_Service,Completed,65.61045999457227,65.61235697643522,65.61235697643522,65.64715553689798,0.034798560462760975,0.03669554232571748,0.0366955423257167,0.0,STARLINK-30238,1,1,1,0.001896981862956504,0.014615398760825057,False,337.9403918783899,6.7978598887558405e-06,337.9403986762498,6937.083351061597,8.671354188826996,N/A,65.61045999457227,65.66307571860958,0.05261572403730952
661,CPU_and_Data_Intensive,Completed,66.15302465187338,66.15640306120949,66.15640306120949,66.2929721268122,0.1365690656027141,0.1399474749388227,0.13994747493882187,0.0,STARLINK-30238,1,1,2,0.003378409336108599,3.833817227181763,False,1325.6309447956603,0.001783170803340355,1325.6327279664636,5611.450623095133,7.014313278868917,N/A,66.15302465187338,66.36881502093422,0.2157903690608407
673,Generic_Service,Completed,67.65665778382649,67.65857936309034,67.65857936309034,67.75725927772163,0.09867991463129044,0.10060149389514658,0.10060149389514095,0.0,STARLINK-30238,1,1,1,0.0019215792638561332,0.07802885651882223,False,947.5341101432989,3.629249140410336e-05,947.5341464357903,4663.916512951834,5.829895641189792,N/A,67.65665778382649,67.77249678299921,0.11583899917272333
687,Generic_Service,Completed,68.98219215079253,68.98410988037246,68.98410988037246,69.01311778989194,0.029007909519478403,0.030925639099402963,0.03092563909940793,0.0,STARLINK-30238,1,1,1,0.0019177295799245584,0.06810415876832804,False,265.228244337075,3.1676352915501415e-05,265.22827601342794,4398.688268614759,5.498360335768449,N/A,68.98219215079253,69.07403526768036,0.09184311688782998
691,CPU_Intensive,Completed,69.17771006086956,69.17961889634107,69.17961889634107,69.20682647620116,0.02720757986008948,0.02911641533159503,0.029116415331600365,0.0,STARLINK-30238,1,1,1,0.0019088354715055488,0.04517465614220219,False,254.27808039028898,2.1011467973117298e-05,254.27810140175694,4144.41018822447,5.180512735280588,N/A,69.17771006086956,69.27537207046299,0.09766200959343507
706,Generic_Service,Completed,70.61381463864817,70.61571546454708,70.61571546454708,70.69586005669966,0.0801445921525783,0.08204541805149938,0.0820454180514929,0.0,STARLINK-30238,1,1,1,0.0019008258989210824,0.024525535740528587,False,781.0024933610504,1.140722592582725e-05,781.0025047682763,3363.40769486342,4.204259618579275,N/A,70.61381463864817,70.78557636542111,0.17176172677294232
727,Generic_Service,Completed,71.92299269793864,71.92488839549846,71.92488839549846,71.97715156157697,0.052263166078518,0.05415886363833896,0.05415886363833522,0.0,STARLINK-30238,1,1,1,0.0018956975598209591,0.011304394359723266,False,510.68189571168085,5.257857841731752e-06,510.6819009695387,2852.7257991517395,3.5659072489396744,N/A,71.92299269793864,71.9918061499297,0.06881345199106192
744,Generic_Service,Completed,74.67215698755388,74.67405966652868,74.67405966652868,74.69905497171406,0.024995305185385064,0.026897984160187616,0.026897984160186184,0.0,STARLINK-30238,1,1,1,0.001902678974802554,0.029302867687573397,False,237.1968287821228,1.3629240784917859e-05,237.19684241136358,2615.5289703696167,3.2694112129620208,N/A,74.67215698755388,74.69994313950649,0.02778615195261125
770,Generic_Service,Completed,77.02407684463734,77.02599117527325,77.02599117527325,77.06155801807573,0.03556684280248135,0.037481173438400135,0.03748117343839397,0.0,STARLINK-30238,1,1,1,0.0019143306359187895,0.05934149343587494,False,332.31786183948975,2.760069462133718e-05,332.3178894401844,2283.2111085301267,2.8540138856626585,N/A,77.02407684463734,77.10359934996966,0.07952250533232075
789,Generic_Service,Completed,79.72079712716453,79.72270947733726,79.72270947733726,79.75911563819285,0.03640616085559145,0.038318511028317515,0.03831851102832218,0.0,STARLINK-30238,1,1,1,0.001912350172726062,0.054235749966238915,False,342.0770473793341,2.522593021685531e-05,342.07707260526433,1941.1340611507926,2.426417576438491,N/A,79.72079712716453,79.81053783902505,0.08974071186051447
823,Generic_Service,Completed,83.17329984578727,83.17519619481799,83.17519619481799,83.21689358821928,0.04169739340129297,0.04359374243200725,0.04359374243200875,0.0,STARLINK-30238,1,1,1,0.0018963490307142767,0.01298392229613119,False,406.27172965061953,6.03903362610753e-06,406.27173568965316,1534.862331500173,1.9185779143752164,N/A,83.17329984578727,83.21750481429211,0.04420496850484312
852,Generic_Service,Completed,86.30915890444824,86.31107380323454,86.31107380323454,86.33466137983626,0.023587576601727278,0.02550247538801673,0.025502475388023527,0.0,STARLINK-30238,1,1,1,0.0019148987862894525,0.060806216464021255,False,214.06915739001587,2.8281961146056396e-05,214.069185671977,1320.7931741101572,1.6509914676376964,N/A,86.30915890444824,86.42898432530859,0.11982542086035153
902,CPU_Intensive,Completed,91.5745710169119,91.57647370447258,91.57647370447258,91.60228858069037,0.02581487621779388,0.027717563778463208,0.02771756377846657,0.0,STARLINK-30238,1,1,1,0.0019026875606693277,0.029325002526217468,False,245.25085875797114,1.36395360587058e-05,245.2508723975072,1075.542315352186,1.3444278941902326,N/A,91.5745710169119,91.63615537873105,0.061584361819143396
983,Generic_Service,Completed,100.4235701698707,100.42549193797686,100.42549193797686,100.44790824700114,0.022416309024279713,0.02433807713044023,0.02433807713043734,0.0,STARLINK-30238,1,1,1,0.0019217681061605193,0.07851570240717357,False,197.3314959422188,3.651893135217375e-05,197.33153246115015,878.2108194099673,1.097763524262459,N/A,100.4235701698707,100.45008931548975,0.02651914561904789
9,CPU_Intensive,Completed,2.091002794456601,2.0930111536742326,2.0930111536742326,2.871833394381714,0.7788222407074814,0.7808305999251131,0.7808305999251131,0.0,STARLINK-4743,1,2,1,0.0020083592176316023,0.0481262197542162,False,7645.603657393833,2.2384288257774978e-05,7645.603679778121,72354.39634260617,90.44299542825772,N/A,2.091002794456601,3.0145430020723074,0.9235402076157064
95,CPU_Intensive,Completed,11.26539704924109,11.267408433838357,11.267408433838357,11.424820032930691,0.1574115990923346,0.1594229836896015,0.15942298368960195,0.0,STARLINK-4743,1,2,1,0.002011384597266919,0.056865952290477376,False,1531.401013243821,2.6449280135105756e-05,1531.401039693101,70822.99532936233,88.52874416170292,N/A,11.26539704924109,11.586768155639493,0.32137110639840394
117,CPU_and_Data_Intensive,Completed,13.999397892748066,14.001464558812241,14.001464558812241,14.077534544047845,0.07606998523560371,0.07813665129977912,0.0781366512997792,0.0,STARLINK-4743,1,2,2,0.0020666660641754046,0.21656334343847927,False,747.1642306434168,0.00010072713648301361,747.1643313705532,70075.83099799174,87.59478874748967,N/A,13.999397892748066,14.212354330063885,0.21295643731581926
124,CPU_Intensive,Completed,14.87506873149714,14.877075166658084,14.877075166658084,14.960527510231909,0.0834523435738248,0.08545877873476768,0.08545877873476826,0.0,STARLINK-4743,1,2,1,0.0020064351609428766,0.04256799471436736,False,808.2182602290113,1.9799067309008076e-05,808.2182800280787,69267.61273776265,86.58451592220332,N/A,14.87506873149714,15.122522178668156,0.24745344717101503
130,CPU_and_Data_Intensive,Completed,15.46481848764374,15.56920360308613,15.56920360308613,17.32646502045742,1.7572614173712893,1.8616465328136798,1.8616465328136798,0.0,STARLINK-4743,1,2,2,0.10438511544239054,295.7946358113677,False,15929.717782913902,0.13757890037738033,15929.85536181428,53337.75737594836,66.67219671993546,N/A,15.46481848764374,17.44091785710705,1.9760993694633093
235,Generic_Service,Completed,24.75598955740446,24.758004795531303,24.758004795531303,24.784017127858338,0.026012332327034926,0.02802757045387502,0.02802757045387594,0.0,STARLINK-4743,1,2,1,0.002015238126840092,0.06799804870474667,False,235.7977488896347,3.162699939755659e-05,235.7977805166341,53101.95962696531,66.37744953370664,N/A,24.75598955740446,25.035597517551444,0.27960796014698275
240,Generic_Service,Completed,25.637103425599953,25.639123213763124,25.639123213763124,25.663189515416878,0.024066301653753897,0.02608608981692345,0.02608608981692484,0.0,STARLINK-4743,1,2,1,0.0020197881631695527,0.08114221748460833,False,212.78540720353737,3.7740566271910854e-05,212.78544494410366,52889.17421976175,66.11146777470218,N/A,25.637103425599953,25.843517716601834,0.2064142910018809
243,Generic_Service,Completed,26.03568994106593,26.037711341556776,26.037711341556776,26.09337567501358,0.05566433345680366,0.0576857339476519,0.05768573394765042,0.0,STARLINK-4743,1,2,1,0.002021400490848235,0.08579991812752842,False,522.1823827644271,3.9906938663966704e-05,522.1824226713658,52366.991836997295,65.45873979624662,N/A,26.03568994106593,26.248787418621486,0.2130974775555572
246,CPU_and_Data_Intensive,Completed,26.08756567965137,26.0902128802525,26.0902128802525,26.192869539623963,0.10265665937146196,0.10530385997259513,0.10530385997259373,0.0,STARLINK-4743,1,2,3,0.0026472006011331746,1.8936145544156255,False,1000.974870787835,0.0008807509555421514,1000.9757515387905,51366.016085458476,64.2075201068231,N/A,26.08756567965137,26.349963046636592,0.26239736698522265
247,CPU_Intensive,Completed,26.14269686950492,26.144700381010473,26.144700381010473,26.539203325775958,0.39450294476548464,0.39650645627103615,0.3965064562710374,0.0,STARLINK-4743,1,2,2,0.0020035115055515285,0.03412212370687345,False,3869.9164495569435,1.587075521249928e-05,3869.9164654276988,47496.099635900726,59.3701245448759,N/A,26.14269686950492,26.651138674715114,0.5084418052101931
284,CPU_Intensive,Completed,29.21958052301675,29.221592615703358,29.221592615703358,30.03302823234654,0.8114356166431804,0.8134477093297888,0.8134477093297896,0.0,STARLINK-4743,1,2,1,0.0020120926866084086,0.05891148448886906,False,7963.181128634465,2.74006904599391e-05,7963.181156035155,39532.918507266244,49.4161481340828,N/A,29.21958052301675,30.183746337751106,0.9641658147343577
347,Generic_Service,Completed,36.933824642405405,36.93582257312998,36.93582257312998,37.026199701100026,0.0903771279700436,0.09237505869462233,0.09237505869462126,0.0,STARLINK-4743,1,2,1,0.0019979307245787214,0.01800033440267377,False,883.5630355940756,8.372248559383149e-06,883.5630439663241,38649.35547167215,48.31169433959018,N/A,36.933824642405405,37.14508508747661,0.21126044507120412
358,Generic_Service,Completed,38.144875091905035,38.1468934362232,38.1468934362232,38.25410978376226,0.10721634753905818,0.10923469185722257,0.10923469185722468,0.0,STARLINK-4743,1,2,1,0.0020183443181643946,0.07697123047140944,False,1031.8022989612043,3.5800572312283464e-05,1031.8023347617766,37617.553172710934,47.021941465888666,N/A,38.144875091905035,38.4535792890772,0.3087041971721618
363,CPU_Intensive,Completed,38.830798262281874,38.832804231395606,38.832804231395606,38.907115644029844,0.07431141263423768,0.07631738174796726,0.07631738174796965,0.0,STARLINK-4743,1,2,1,0.0020059691137295815,0.0412216750836264,False,718.7131094154205,1.9172872131919253e-05,718.7131285882926,36898.840063295494,46.12355007911937,N/A,38.830798262281874,39.05887710886227,0.22807884658039512
366,CPU_and_Data_Intensive,Completed,39.17510316532436,39.177615082971904,39.177615082971904,40.19454781093369,1.0169327279617875,1.0194446456093351,1.0194446456093331,0.0,STARLINK-4743,1,2,2,0.0025119176475475553,1.5028084495381269,False,9994.746887686026,0.0006989806742037799,9994.7475866667,26904.09247662878,33.63011559578597,N/A,39.17510316532436,40.37120323860163,1.1961000732772717
375,CPU_Intensive,Completed,40.04778323402512,40.0497871702747,40.0497871702747,41.85693965935168,1.8071524890769837,1.8091564253265646,1.809156425326563,0.0,STARLINK-4743,1,2,2,0.0020039362495810602,0.03534912648402863,False,17763.085482340404,1.6441454178617967e-05,17763.08549878186,9141.006994287887,11.426258742859858,N/A,40.04778323402512,41.9898261694603,1.9420429354351825
610,CPU_and_Data_Intensive,Completed,61.726794389864615,61.79687594372418,61.79687594372418,62.372632720316396,0.5757567765922147,0.6458383304517797,0.645838330451781,0.0,STARLINK-4743,1,2,2,0.07008155385956509,196.6983274422218,False,4762.8293361085925,0.09148759415917293,4762.9208237027515,4378.086170585123,5.472607713231404,N/A,61.726794389864615,62.538570951719855,0.8117765618552397
669,CPU_and_Data_Intensive,Completed,67.37517058737127,67.38142375779093,67.38142375779093,67.65807403203405,0.2766502742431243,0.2829034446627765,0.2829034446627787,0.0,STARLINK-4743,1,2,2,0.006253170419652209,12.310559052817265,False,2664.565252812393,0.005725841419915007,2664.5709786538127,1713.5151918547754,2.141893989818469,N/A,67.37517058737127,67.77249677922838,0.39732619185710405
759,CPU_and_Data_Intensive,Completed,75.97190286829571,75.97391812932631,75.97391812932631,76.12892812652423,0.1550099971979222,0.1570252582285174,0.15702525822851499,0.0,STARLINK-4743,1,2,2,0.00201526103059522,0.06806421319252035,False,1524.2253858963334,3.165777357791644e-05,1524.225417554107,189.28977429557503,0.2366122178694688,N/A,75.97190286829571,76.30279093710027,0.3308880688045548
666,CPU_Intensive,Rejected,67.07199608432072,N/A,N/A,N/A,0.8022735073361422,0.0,0.0,0.0,STARLINK-4743,0,N/A,N/A,0.0,0.03008078612526205,False,0.0,0.0,0.0,189.28977429554902,0.23661221786943626,Insufficient Energy for CPU,N/A,N/A,N/A
667,CPU_Intensive,Rejected,67.35417625264182,N/A,N/A,N/A,1.8064614487619572,0.0,0.0,0.0,STARLINK-4743,0,N/A,N/A,0.0,0.08252380914948304,False,0.0,0.0,0.0,189.28977429554902,0.23661221786943626,Insufficient Energy for CPU,N/A,N/A,N/A
668,CPU_Intensive,Rejected,67.35802714295205,N/A,N/A,N/A,0.47896045870627496,0.0,0.0,0.0,STARLINK-4743,0,N/A,N/A,0.0,0.08614146577213383,False,0.0,0.0,0.0,189.28977429554902,0.23661221786943626,Insufficient Energy for CPU,N/A,N/A,N/A
748,CPU_and_Data_Intensive,Rejected,74.76005224410588,N/A,N/A,N/A,0.406630529845169,0.0,0.0,0.0,STARLINK-4743,0,N/A,N/A,0.0,1.5724723395228264,False,0.0,0.0,0.0,189.28977429554902,0.23661221786943626,Insufficient Energy for CPU+NET,N/A,N/A,N/A
751,CPU_Intensive,Rejected,75.01481500067001,N/A,N/A,N/A,0.271784792550908,0.0,0.0,0.0,STARLINK-4743,0,N/A,N/A,0.0,0.05150656008237221,False,0.0,0.0,0.0,189.28977429554902,0.23661221786943626,Insufficient Energy for CPU,N/A,N/A,N/A
752,CPU_Intensive,Rejected,75.09923174042244,N/A,N/A,N/A,0.36080265749904866,0.0,0.0,0.0,STARLINK-4743,0,N/A,N/A,0.0,0.027604186907311826,False,0.0,0.0,0.0,189.28977429554902,0.23661221786943626,Insufficient Energy for CPU,N/A,N/A,N/A
753,CPU_and_Data_Intensive,Rejected,75.11084625853348,N/A,N/A,N/A,0.9435369432370022,0.0,0.0,0.0,STARLINK-4743,0,N/A,N/A,0.0,6.70658338081573,False,0.0,0.0,0.0,189.28977429554902,0.23661221786943626,Insufficient Energy for CPU+NET,N/A,N/A,N/A
754,CPU_Intensive,Rejected,75.22703915155854,N/A,N/A,N/A,1.0196160394903484,0.0,0.0,0.0,STARLINK-4743,0,N/A,N/A,0.0,0.07373917219903796,False,0.0,0.0,0.0,189.28977429554902,0.23661221786943626,Insufficient Energy for CPU,N/A,N/A,N/A
755,CPU_and_Data_Intensive,Rejected,75.22947678688244,N/A,N/A,N/A,1.3180629480497272,0.0,0.0,0.0,STARLINK-4743,0,N/A,N/A,0.0,14.22712633012081,False,0.0,0.0,0.0,189.28977429554902,0.23661221786943626,Insufficient Energy for CPU+NET,N/A,N/A,N/A
757,CPU_Intensive,Rejected,75.78887899707236,N/A,N/A,N/A,0.9323163842269722,0.0,0.0,0.0,STARLINK-4743,0,N/A,N/A,0.0,0.0716697985767158,False,0.0,0.0,0.0,189.28977429554902,0.23661221786943626,Insufficient Energy for CPU,N/A,N/A,N/A
913,CPU_and_Data_Intensive,Rejected,92.82844101762375,N/A,N/A,N/A,1.3560351930396073,0.0,0.0,0.0,STARLINK-4743,0,N/A,N/A,0.0,441.68268234708927,False,0.0,0.0,0.0,189.28977429554902,0.23661221786943626,Insufficient Energy for CPU+NET,N/A,N/A,N/A
937,CPU_and_Data_Intensive,Rejected,95.29599044319458,N/A,N/A,N/A,0.6859978046575693,0.0,0.0,0.0,STARLINK-4743,0,N/A,N/A,0.0,367.57229056856875,False,0.0,0.0,0.0,189.28977429554902,0.23661221786943626,Insufficient Energy for CPU+NET,N/A,N/A,N/A
990,CPU_and_Data_Intensive,Rejected,100.92240385958559,N/A,N/A,N/A,0.9667381613667925,0.0,0.0,0.0,STARLINK-4743,0,N/A,N/A,0.0,305.6365105074433,False,0.0,0.0,0.0,189.28977429554902,0.23661221786943626,Insufficient Energy for CPU+NET,N/A,N/A,N/A
996,CPU_and_Data_Intensive,Rejected,101.3426450460865,N/A,N/A,N/A,0.7357198002350406,0.0,0.0,0.0,STARLINK-4743,0,N/A,N/A,0.0,210.9293539884133,False,0.0,0.0,0.0,189.28977429554902,0.23661221786943626,Insufficient Energy for CPU+NET,N/A,N/A,N/A
1011,CPU_and_Data_Intensive,Rejected,102.3983940434802,N/A,N/A,N/A,0.954015427706327,0.0,0.0,0.0,STARLINK-4743,0,N/A,N/A,0.0,465.05649099910875,False,0.0,0.0,0.0,189.28977429554902,0.23661221786943626,Insufficient Energy for CPU+NET,N/A,N/A,N/A
1030,CPU_and_Data_Intensive,Rejected,104.43616529294785,N/A,N/A,N/A,0.7488537139582783,0.0,0.0,0.0,STARLINK-4743,0,N/A,N/A,0.0,247.7283889593594,False,0.0,0.0,0.0,189.28977429554902,0.23661221786943626,Insufficient Energy for CPU+NET,N/A,N/A,N/A
1043,CPU_and_Data_Intensive,Rejected,105.65881999291665,N/A,N/A,N/A,0.5774940259752467,0.0,0.0,0.0,STARLINK-4743,0,N/A,N/A,0.0,280.8971168767265,False,0.0,0.0,0.0,189.28977429554902,0.23661221786943626,Insufficient Energy for CPU+NET,N/A,N/A,N/A
1093,CPU_and_Data_Intensive,Rejected,111.17416941587068,N/A,N/A,N/A,0.9701278134247713,0.0,0.0,0.0,STARLINK-4743,0,N/A,N/A,0.0,377.33787314613124,False,0.0,0.0,0.0,189.28977429554902,0.23661221786943626,Insufficient Energy for CPU+NET,N/A,N/A,N/A
1096,CPU_and_Data_Intensive,Rejected,111.3161183145532,N/A,N/A,N/A,0.7362060872079255,0.0,0.0,0.0,STARLINK-4743,0,N/A,N/A,0.0,367.41781991524135,False,0.0,0.0,0.0,189.28977429554902,0.23661221786943626,Insufficient Energy for CPU+NET,N/A,N/A,N/A
1122,CPU_and_Data_Intensive,Rejected,113.68019410445055,N/A,N/A,N/A,0.4357056870615986,0.0,0.0,0.0,STARLINK-4743,0,N/A,N/A,0.0,141.37016293192175,False,0.0,0.0,0.0,189.28977429554902,0.23661221786943626,Insufficient Energy for CPU+NET,N/A,N/A,N/A
1129,CPU_and_Data_Intensive,Rejected,114.18800194282734,N/A,N/A,N/A,0.9789664255623947,0.0,0.0,0.0,STARLINK-4743,0,N/A,N/A,0.0,455.4186180839207,False,0.0,0.0,0.0,189.28977429554902,0.23661221786943626,Insufficient Energy for CPU+NET,N/A,N/A,N/A
1271,CPU_and_Data_Intensive,Rejected,129.38156821646226,N/A,N/A,N/A,0.06862745060956328,0.0,0.0,0.0,STARLINK-4743,0,N/A,N/A,0.0,20.95193816491541,False,0.0,0.0,0.0,189.28977429554902,0.23661221786943626,Insufficient Energy for CPU+NET,N/A,N/A,N/A
1315,CPU_and_Data_Intensive,Rejected,132.99725240912306,N/A,N/A,N/A,0.923400396998265,0.0,0.0,0.0,STARLINK-4743,0,N/A,N/A,0.0,373.0848238693622,False,0.0,0.0,0.0,189.28977429554902,0.23661221786943626,Insufficient Energy for CPU+NET,N/A,N/A,N/A
1329,CPU_and_Data_Intensive,Rejected,134.20537492835086,N/A,N/A,N/A,0.3999809839213389,0.0,0.0,0.0,STARLINK-4743,0,N/A,N/A,0.0,138.56835782146982,False,0.0,0.0,0.0,189.28977429554902,0.23661221786943626,Insufficient Energy for CPU+NET,N/A,N/A,N/A
1331,CPU_Intensive,Rejected,134.27930923979412,N/A,N/A,N/A,0.08497406984739087,0.0,0.0,0.0,STARLINK-4743,0,N/A,N/A,0.0,0.08000838503394941,False,0.0,0.0,0.0,189.28977429554902,0.23661221786943626,Insufficient Energy for CPU,N/A,N/A,N/A
1332,CPU_and_Data_Intensive,Rejected,134.31615692637845,N/A,N/A,N/A,0.18014533501187863,0.0,0.0,0.0,STARLINK-4743,0,N/A,N/A,0.0,1.7391004446997533,False,0.0,0.0,0.0,189.28977429554902,0.23661221786943626,Insufficient Energy for CPU+NET,N/A,N/A,N/A
1333,CPU_and_Data_Intensive,Rejected,134.7857274037147,N/A,N/A,N/A,0.6535857573199405,0.0,0.0,0.0,STARLINK-4743,0,N/A,N/A,0.0,1.7089697610231145,False,0.0,0.0,0.0,189.28977429554902,0.23661221786943626,Insufficient Energy for CPU+NET,N/A,N/A,N/A
1334,Generic_Service,Rejected,134.9301188223084,N/A,N/A,N/A,0.06798097518224643,0.0,0.0,0.0,STARLINK-4743,0,N/A,N/A,0.0,0.030954491314546806,False,0.0,0.0,0.0,189.28977429554902,0.23661221786943626,Insufficient Energy for CPU,N/A,N/A,N/A
1335,CPU_Intensive,Rejected,135.01371821810844,N/A,N/A,N/A,0.0901766025424235,0.0,0.0,0.0,STARLINK-4743,0,N/A,N/A,0.0,0.07799015363970427,False,0.0,0.0,0.0,189.28977429554902,0.23661221786943626,Insufficient Energy for CPU,N/A,N/A,N/A
1336,Generic_Service,Rejected,135.17194188977126,N/A,N/A,N/A,0.08517187639857912,0.0,0.0,0.0,STARLINK-4743,0,N/A,N/A,0.0,0.040840246085290036,False,0.0,0.0,0.0,189.28977429554902,0.23661221786943626,Insufficient Energy for CPU,N/A,N/A,N/A
1337,CPU_and_Data_Intensive,Rejected,135.33983444688448,N/A,N/A,N/A,0.09798718032104049,0.0,0.0,0.0,STARLINK-4743,0,N/A,N/A,0.0,2.0497493857611717,False,0.0,0.0,0.0,189.28977429554902,0.23661221786943626,Insufficient Energy for CPU+NET,N/A,N/A,N/A
1338,CPU_and_Data_Intensive,Rejected,135.46494830088508,N/A,N/A,N/A,0.22105635049490757,0.0,0.0,0.0,STARLINK-4743,0,N/A,N/A,0.0,0.9700248451243679,False,0.0,0.0,0.0,189.28977429554902,0.23661221786943626,Insufficient Energy for CPU+NET,N/A,N/A,N/A
1339,CPU_Intensive,Rejected,135.52653424445427,N/A,N/A,N/A,0.0761469816997553,0.0,0.0,0.0,STARLINK-4743,0,N/A,N/A,0.0,0.011726764998215249,False,0.0,0.0,0.0,189.28977429554902,0.23661221786943626,Insufficient Energy for CPU,N/A,N/A,N/A
1340,CPU_and_Data_Intensive,Rejected,135.73556912116325,N/A,N/A,N/A,0.7090360875745292,0.0,0.0,0.0,STARLINK-4743,0,N/A,N/A,0.0,20.86442476746825,False,0.0,0.0,0.0,189.28977429554902,0.23661221786943626,Insufficient Energy for CPU+NET,N/A,N/A,N/A
1341,CPU_and_Data_Intensive,Rejected,135.9436056544448,N/A,N/A,N/A,0.38147116802904985,0.0,0.0,0.0,STARLINK-4743,0,N/A,N/A,0.0,0.6031216027234501,False,0.0,0.0,0.0,189.28977429554902,0.23661221786943626,Insufficient Energy for CPU+NET,N/A,N/A,N/A
1342,CPU_Intensive,Rejected,136.53900355283463,N/A,N/A,N/A,0.8053543955713229,0.0,0.0,0.0,STARLINK-4743,0,N/A,N/A,0.0,0.06814374945234215,False,0.0,0.0,0.0,189.28977429554902,0.23661221786943626,Insufficient Energy for CPU,N/A,N/A,N/A
1344,CPU_Intensive,Rejected,136.6844220108822,N/A,N/A,N/A,0.38016853027796144,0.0,0.0,0.0,STARLINK-4743,0,N/A,N/A,0.0,0.03243174238283074,False,0.0,0.0,0.0,189.28977429554902,0.23661221786943626,Insufficient Energy for CPU,N/A,N/A,N/A
1346,CPU_and_Data_Intensive,Rejected,136.74523865194035,N/A,N/A,N/A,0.9698336684215875,0.0,0.0,0.0,STARLINK-4743,0,N/A,N/A,0.0,463.8835745709351,False,0.0,0.0,0.0,189.28977429554902,0.23661221786943626,Insufficient Energy for CPU+NET,N/A,N/A,N/A
1347,Generic_Service,Rejected,137.00752963043655,N/A,N/A,N/A,0.05606020015545467,0.0,0.0,0.0,STARLINK-4743,0,N/A,N/A,0.0,0.031742141506128474,False,0.0,0.0,0.0,189.28977429554902,0.23661221786943626,Insufficient Energy for CPU,N/A,N/A,N/A
1349,CPU_and_Data_Intensive,Rejected,137.0824453959159,N/A,N/A,N/A,0.40115752400500815,0.0,0.0,0.0,STARLINK-4743,0,N/A,N/A,0.0,0.0498458836792184,False,0.0,0.0,0.0,189.28977429554902,0.23661221786943626,Insufficient Energy for CPU+NET,N/A,N/A,N/A
1350,CPU_Intensive,Rejected,137.14981599611264,N/A,N/A,N/A,0.886693727118998,0.0,0.0,0.0,STARLINK-4743,0,N/A,N/A,0.0,0.07248807846561907,False,0.0,0.0,0.0,189.28977429554902,0.23661221786943626,Insufficient Energy for CPU,N/A,N/A,N/A
1351,CPU_and_Data_Intensive,Rejected,137.2474131078225,N/A,N/A,N/A,0.48450286642485735,0.0,0.0,0.0,STARLINK-4743,0,N/A,N/A,0.0,6.705355299177109,False,0.0,0.0,0.0,189.28977429554902,0.23661221786943626,Insufficient Energy for CPU+NET,N/A,N/A,N/A
1353,CPU_and_Data_Intensive,Rejected,137.35235042955532,N/A,N/A,N/A,1.3379518646852908,0.0,0.0,0.0,STARLINK-4743,0,N/A,N/A,0.0,18.775639732865596,False,0.0,0.0,0.0,189.28977429554902,0.23661221786943626,Insufficient Energy for CPU+NET,N/A,N/A,N/A
1354,CPU_and_Data_Intensive,Rejected,137.44874612208093,N/A,N/A,N/A,0.1416039517628436,0.0,0.0,0.0,STARLINK-4743,0,N/A,N/A,0.0,0.46979250622751034,False,0.0,0.0,0.0,189.28977429554902,0.23661221786943626,Insufficient Energy for CPU+NET,N/A,N/A,N/A
1355,Generic_Service,Rejected,137.71766358314343,N/A,N/A,N/A,0.20540276970376012,0.0,0.0,0.0,STARLINK-4743,0,N/A,N/A,0.0,0.06544561091934005,False,0.0,0.0,0.0,189.28977429554902,0.23661221786943626,Insufficient Energy for CPU,N/A,N/A,N/A
1356,CPU_and_Data_Intensive,Rejected,137.8081284201952,N/A,N/A,N/A,0.3332870280286704,0.0,0.0,0.0,STARLINK-4743,0,N/A,N/A,0.0,24.081423482661723,False,0.0,0.0,0.0,189.28977429554902,0.23661221786943626,Insufficient Energy for CPU+NET,N/A,N/A,N/A
1357,Generic_Service,Rejected,138.23774475890394,N/A,N/A,N/A,0.036787258100515266,0.0,0.0,0.0,STARLINK-4743,0,N/A,N/A,0.0,0.07687095427575087,False,0.0,0.0,0.0,189.28977429554902,0.23661221786943626,Insufficient Energy for CPU,N/A,N/A,N/A
1359,CPU_and_Data_Intensive,Rejected,138.361176512107,N/A,N/A,N/A,0.4731763560467534,0.0,0.0,0.0,STARLINK-4743,0,N/A,N/A,0.0,1.0309667335444916,False,0.0,0.0,0.0,189.28977429554902,0.23661221786943626,Insufficient Energy for CPU+NET,N/A,N/A,N/A
1361,CPU_Intensive,Rejected,138.36626877020242,N/A,N/A,N/A,0.43933946961488474,0.0,0.0,0.0,STARLINK-4743,0,N/A,N/A,0.0,0.0653587543594087,False,0.0,0.0,0.0,189.28977429554902,0.23661221786943626,Insufficient Energy for CPU,N/A,N/A,N/A
1363,CPU_Intensive,Rejected,138.73301254079618,N/A,N/A,N/A,0.7689326756732944,0.0,0.0,0.0,STARLINK-4743,0,N/A,N/A,0.0,0.02549542620374979,False,0.0,0.0,0.0,189.28977429554902,0.23661221786943626,Insufficient Energy for CPU,N/A,N/A,N/A
1364,CPU_Intensive,Rejected,138.75657641520138,N/A,N/A,N/A,0.49883708275430266,0.0,0.0,0.0,STARLINK-4743,0,N/A,N/A,0.0,0.08216878925194522,False,0.0,0.0,0.0,189.28977429554902,0.23661221786943626,Insufficient Energy for CPU,N/A,N/A,N/A
1365,CPU_Intensive,Rejected,138.9758828448842,N/A,N/A,N/A,1.0779546807568254,0.0,0.0,0.0,STARLINK-4743,0,N/A,N/A,0.0,0.05424491222240052,False,0.0,0.0,0.0,189.28977429554902,0.23661221786943626,Insufficient Energy for CPU,N/A,N/A,N/A
1368,CPU_Intensive,Rejected,139.092273594551,N/A,N/A,N/A,0.11555961976515668,0.0,0.0,0.0,STARLINK-4743,0,N/A,N/A,0.0,0.03452659492177077,False,0.0,0.0,0.0,189.28977429554902,0.23661221786943626,Insufficient Energy for CPU,N/A,N/A,N/A
1369,Generic_Service,Rejected,139.12341365887153,N/A,N/A,N/A,0.11980635560438202,0.0,0.0,0.0,STARLINK-4743,0,N/A,N/A,0.0,0.04646180587513091,False,0.0,0.0,0.0,189.28977429554902,0.23661221786943626,Insufficient Energy for CPU,N/A,N/A,N/A
1370,CPU_and_Data_Intensive,Rejected,139.18923450571106,N/A,N/A,N/A,0.12879439108927368,0.0,0.0,0.0,STARLINK-4743,0,N/A,N/A,0.0,0.6698260315621207,False,0.0,0.0,0.0,189.28977429554902,0.23661221786943626,Insufficient Energy for CPU+NET,N/A,N/A,N/A
1371,CPU_Intensive,Rejected,139.26877603120337,N/A,N/A,N/A,0.2401743481268025,0.0,0.0,0.0,STARLINK-4743,0,N/A,N/A,0.0,0.02393981831197734,False,0.0,0.0,0.0,189.28977429554902,0.23661221786943626,Insufficient Energy for CPU,N/A,N/A,N/A
1372,CPU_Intensive,Rejected,139.5457717453021,N/A,N/A,N/A,0.32275094729220494,0.0,0.0,0.0,STARLINK-4743,0,N/A,N/A,0.0,0.08200501264118437,False,0.0,0.0,0.0,189.28977429554902,0.23661221786943626,Insufficient Energy for CPU,N/A,N/A,N/A
1373,CPU_Intensive,Rejected,139.75660939064485,N/A,N/A,N/A,0.06921879177291021,0.0,0.0,0.0,STARLINK-4743,0,N/A,N/A,0.0,0.0551959019736354,False,0.0,0.0,0.0,189.28977429554902,0.23661221786943626,Insufficient Energy for CPU,N/A,N/A,N/A
1374,Generic_Service,Rejected,139.7677750947811,N/A,N/A,N/A,0.08539130828170155,0.0,0.0,0.0,STARLINK-4743,0,N/A,N/A,0.0,0.06929996095552575,False,0.0,0.0,0.0,189.28977429554902,0.23661221786943626,Insufficient Energy for CPU,N/A,N/A,N/A
1375,CPU_and_Data_Intensive,Rejected,139.8630649450672,N/A,N/A,N/A,0.26019819614797873,0.0,0.0,0.0,STARLINK-4743,0,N/A,N/A,0.0,8.889790194141252,False,0.0,0.0,0.0,189.28977429554902,0.23661221786943626,Insufficient Energy for CPU+NET,N/A,N/A,N/A
1376,CPU_Intensive,Rejected,139.89281208162063,N/A,N/A,N/A,0.054850557512634596,0.0,0.0,0.0,STARLINK-4743,0,N/A,N/A,0.0,0.08042684224609478,False,0.0,0.0,0.0,189.28977429554902,0.23661221786943626,Insufficient Energy for CPU,N/A,N/A,N/A
1377,CPU_and_Data_Intensive,Rejected,139.982034694095,N/A,N/A,N/A,0.3617462319683659,0.0,0.0,0.0,STARLINK-4743,0,N/A,N/A,0.0,0.4241264154902406,False,0.0,0.0,0.0,189.28977429554902,0.23661221786943626,Insufficient Energy for CPU+NET,N/A,N/A,N/A
1379,CPU_Intensive,Rejected,140.20653361814936,N/A,N/A,N/A,0.6677489793156085,0.0,0.0,0.0,STARLINK-4743,0,N/A,N/A,0.0,0.02749310222776987,False,0.0,0.0,0.0,189.28977429554902,0.23661221786943626,Insufficient Energy for CPU,N/A,N/A,N/A
1380,CPU_Intensive,Rejected,140.28657252149276,N/A,N/A,N/A,0.41999089789918304,0.0,0.0,0.0,STARLINK-4743,0,N/A,N/A,0.0,0.08205445963774688,False,0.0,0.0,0.0,189.28977429554902,0.23661221786943626,Insufficient Energy for CPU,N/A,N/A,N/A
1381,CPU_and_Data_Intensive,Rejected,140.35499270116256,N/A,N/A,N/A,0.11102161677290302,0.0,0.0,0.0,STARLINK-4743,0,N/A,N/A,0.0,18.123605535957115,False,0.0,0.0,0.0,189.28977429554902,0.23661221786943626,Insufficient Energy for CPU+NET,N/A,N/A,N/A
1382,CPU_and_Data_Intensive,Rejected,140.6170035268345,N/A,N/A,N/A,0.5801706380295198,0.0,0.0,0.0,STARLINK-4743,0,N/A,N/A,0.0,3.9024041818394934,False,0.0,0.0,0.0,189.28977429554902,0.23661221786943626,Insufficient Energy for CPU+NET,N/A,N/A,N/A
1384,CPU_and_Data_Intensive,Rejected,140.63438214289482,N/A,N/A,N/A,0.8520989329065165,0.0,0.0,0.0,STARLINK-4743,0,N/A,N/A,0.0,0.9924464582458961,False,0.0,0.0,0.0,189.28977429554902,0.23661221786943626,Insufficient Energy for CPU+NET,N/A,N/A,N/A
1385,CPU_and_Data_Intensive,Rejected,140.681429115958,N/A,N/A,N/A,0.7248976294747366,0.0,0.0,0.0,STARLINK-4743,0,N/A,N/A,0.0,21.118955692595783,False,0.0,0.0,0.0,189.28977429554902,0.23661221786943626,Insufficient Energy for CPU+NET,N/A,N/A,N/A
1386,CPU_Intensive,Rejected,140.9017623247775,N/A,N/A,N/A,1.451942965798965,0.0,0.0,0.0,STARLINK-4743,0,N/A,N/A,0.0,0.05434219364431251,False,0.0,0.0,0.0,189.28977429554902,0.23661221786943626,Insufficient Energy for CPU,N/A,N/A,N/A
1388,CPU_Intensive,Rejected,141.08601192549278,N/A,N/A,N/A,0.1878178604006818,0.0,0.0,0.0,STARLINK-4743,0,N/A,N/A,0.0,0.025199855623969366,False,0.0,0.0,0.0,189.28977429554902,0.23661221786943626,Insufficient Energy for CPU,N/A,N/A,N/A
1390,CPU_Intensive,Rejected,141.220186682763,N/A,N/A,N/A,0.16486904290430512,0.0,0.0,0.0,STARLINK-4743,0,N/A,N/A,0.0,0.08427429143389062,False,0.0,0.0,0.0,189.28977429554902,0.23661221786943626,Insufficient Energy for CPU,N/A,N/A,N/A
1392,CPU_Intensive,Rejected,141.36697530491872,N/A,N/A,N/A,2.395181444958174,0.0,0.0,0.0,STARLINK-4743,0,N/A,N/A,0.0,0.06805227951685651,False,0.0,0.0,0.0,189.28977429554902,0.23661221786943626,Insufficient Energy for CPU,N/A,N/A,N/A
1393,Generic_Service,Rejected,141.5229405682324,N/A,N/A,N/A,0.06924016815605491,0.0,0.0,0.0,STARLINK-4743,0,N/A,N/A,0.0,0.06110569548881694,False,0.0,0.0,0.0,189.28977429554902,0.23661221786943626,Insufficient Energy for CPU,N/A,N/A,N/A
1395,CPU_and_Data_Intensive,Rejected,141.76087580007763,N/A,N/A,N/A,0.6282509461556753,0.0,0.0,0.0,STARLINK-4743,0,N/A,N/A,0.0,12.709584020123483,False,0.0,0.0,0.0,189.28977429554902,0.23661221786943626,Insufficient Energy for CPU+NET,N/A,N/A,N/A
1396,CPU_and_Data_Intensive,Rejected,141.81120298871917,N/A,N/A,N/A,0.31210851724327116,0.0,0.0,0.0,STARLINK-4743,0,N/A,N/A,0.0,0.8661536125688171,False,0.0,0.0,0.0,189.28977429554902,0.23661221786943626,Insufficient Energy for CPU+NET,N/A,N/A,N/A
1397,CPU_Intensive,Rejected,142.19704986083138,N/A,N/A,N/A,0.9300019740166395,0.0,0.0,0.0,STARLINK-4743,0,N/A,N/A,0.0,0.07543912487150677,False,0.0,0.0,0.0,189.28977429554902,0.23661221786943626,Insufficient Energy for CPU,N/A,N/A,N/A
1399,CPU_Intensive,Rejected,142.52604020586534,N/A,N/A,N/A,0.06547295899733903,0.0,0.0,0.0,STARLINK-4743,0,N/A,N/A,0.0,0.06961681788625572,False,0.0,0.0,0.0,189.28977429554902,0.23661221786943626,Insufficient Energy for CPU,N/A,N/A,N/A
1400,CPU_Intensive,Rejected,142.7114649439757,N/A,N/A,N/A,0.7983359993784566,0.0,0.0,0.0,STARLINK-4743,0,N/A,N/A,0.0,0.036994877064208155,False,0.0,0.0,0.0,189.28977429554902,0.23661221786943626,Insufficient Energy for CPU,N/A,N/A,N/A
1402,CPU_and_Data_Intensive,Rejected,142.87155341136676,N/A,N/A,N/A,0.38375203328721447,0.0,0.0,0.0,STARLINK-4743,0,N/A,N/A,0.0,1.944354769093582,False,0.0,0.0,0.0,189.28977429554902,0.23661221786943626,Insufficient Energy for CPU+NET,N/A,N/A,N/A
1405,CPU_and_Data_Intensive,Rejected,143.09887243117961,N/A,N/A,N/A,0.527452186758529,0.0,0.0,0.0,STARLINK-4743,0,N/A,N/A,0.0,20.152749025206955,False,0.0,0.0,0.0,189.28977429554902,0.23661221786943626,Insufficient Energy for CPU+NET,N/A,N/A,N/A
1406,Generic_Service,Rejected,143.11250130412165,N/A,N/A,N/A,0.18773737706570348,0.0,0.0,0.0,STARLINK-4743,0,N/A,N/A,0.0,0.062221021434450415,False,0.0,0.0,0.0,189.28977429554902,0.23661221786943626,Insufficient Energy for CPU,N/A,N/A,N/A
1409,CPU_Intensive,Rejected,143.33145041613642,N/A,N/A,N/A,0.28531602850728927,0.0,0.0,0.0,STARLINK-4743,0,N/A,N/A,0.0,0.06350307807162148,False,0.0,0.0,0.0,189.28977429554902,0.23661221786943626,Insufficient Energy for CPU,N/A,N/A,N/A
1410,CPU_and_Data_Intensive,Rejected,143.36104713030934,N/A,N/A,N/A,0.2174492310851475,0.0,0.0,0.0,STARLINK-4743,0,N/A,N/A,0.0,1.2622619261964498,False,0.0,0.0,0.0,189.28977429554902,0.23661221786943626,Insufficient Energy for CPU+NET,N/A,N/A,N/A
1411,CPU_Intensive,Rejected,143.3902726368422,N/A,N/A,N/A,0.06826149271975558,0.0,0.0,0.0,STARLINK-4743,0,N/A,N/A,0.0,0.057810269298652794,False,0.0,0.0,0.0,189.28977429554902,0.23661221786943626,Insufficient Energy for CPU,N/A,N/A,N/A
1412,CPU_Intensive,Rejected,143.48389306207036,N/A,N/A,N/A,0.39623756075011296,0.0,0.0,0.0,STARLINK-4743,0,N/A,N/A,0.0,0.04753375245275935,False,0.0,0.0,0.0,189.28977429554902,0.23661221786943626,Insufficient Energy for CPU,N/A,N/A,N/A
1413,CPU_Intensive,Rejected,143.4953224165713,N/A,N/A,N/A,0.2441174523140645,0.0,0.0,0.0,STARLINK-4743,0,N/A,N/A,0.0,0.06524717628985577,False,0.0,0.0,0.0,189.28977429554902,0.23661221786943626,Insufficient Energy for CPU,N/A,N/A,N/A
1414,CPU_Intensive,Rejected,143.62856503578163,N/A,N/A,N/A,0.10831635084056553,0.0,0.0,0.0,STARLINK-4743,0,N/A,N/A,0.0,0.01836963479940107,False,0.0,0.0,0.0,189.28977429554902,0.23661221786943626,Insufficient Energy for CPU,N/A,N/A,N/A
1415,CPU_Intensive,Rejected,143.64099837687448,N/A,N/A,N/A,0.8527625666527202,0.0,0.0,0.0,STARLINK-4743,0,N/A,N/A,0.0,0.08647987072905185,False,0.0,0.0,0.0,189.28977429554902,0.23661221786943626,Insufficient Energy for CPU,N/A,N/A,N/A
1416,CPU_and_Data_Intensive,Rejected,143.88560512479037,N/A,N/A,N/A,1.6513487322303397,0.0,0.0,0.0,STARLINK-4743,0,N/A,N/A,0.0,145.19138180794909,False,0.0,0.0,0.0,189.28977429554902,0.23661221786943626,Insufficient Energy for CPU+NET,N/A,N/A,N/A
1417,Generic_Service,Rejected,143.95195287299072,N/A,N/A,N/A,0.0470563218354257,0.0,0.0,0.0,STARLINK-4743,0,N/A,N/A,0.0,0.010322088570078346,False,0.0,0.0,0.0,189.28977429554902,0.23661221786943626,Insufficient Energy for CPU,N/A,N/A,N/A
1418,CPU_Intensive,Rejected,143.9909025603833,N/A,N/A,N/A,0.15691836261329078,0.0,0.0,0.0,STARLINK-4743,0,N/A,N/A,0.0,0.01667383027216359,False,0.0,0.0,0.0,189.28977429554902,0.23661221786943626,Insufficient Energy for CPU,N/A,N/A,N/A
1419,CPU_Intensive,Rejected,144.00138347779063,N/A,N/A,N/A,0.23133013613652267,0.0,0.0,0.0,STARLINK-4743,0,N/A,N/A,0.0,0.0631484613181197,False,0.0,0.0,0.0,189.28977429554902,0.23661221786943626,Insufficient Energy for CPU,N/A,N/A,N/A
1420,CPU_and_Data_Intensive,Rejected,144.07862651852275,N/A,N/A,N/A,0.22271124531253564,0.0,0.0,0.0,STARLINK-4743,0,N/A,N/A,0.0,0.16403922390930328,False,0.0,0.0,0.0,189.28977429554902,0.23661221786943626,Insufficient Energy for CPU+NET,N/A,N/A,N/A
1421,CPU_Intensive,Rejected,144.08282882898988,N/A,N/A,N/A,1.658896293107725,0.0,0.0,0.0,STARLINK-4743,0,N/A,N/A,0.0,0.07228255448038771,False,0.0,0.0,0.0,189.28977429554902,0.23661221786943626,Insufficient Energy for CPU,N/A,N/A,N/A
1422,Generic_Service,Rejected,144.23425029544026,N/A,N/A,N/A,0.03117683811083723,0.0,0.0,0.0,STARLINK-4743,0,N/A,N/A,0.0,0.07246645919542521,False,0.0,0.0,0.0,189.28977429554902,0.23661221786943626,Insufficient Energy for CPU,N/A,N/A,N/A
1423,CPU_Intensive,Rejected,144.24577565286745,N/A,N/A,N/A,0.4006778257803526,0.0,0.0,0.0,STARLINK-4743,0,N/A,N/A,0.0,0.04028592721536998,False,0.0,0.0,0.0,189.28977429554902,0.23661221786943626,Insufficient Energy for CPU,N/A,N/A,N/A
1424,CPU_Intensive,Rejected,144.38964633979876,N/A,N/A,N/A,0.20816405047298142,0.0,0.0,0.0,STARLINK-4743,0,N/A,N/A,0.0,0.039065279661845684,False,0.0,0.0,0.0,189.28977429554902,0.23661221786943626,Insufficient Energy for CPU,N/A,N/A,N/A
1425,Generic_Service,Rejected,144.76226600195483,N/A,N/A,N/A,0.09297020751910759,0.0,0.0,0.0,STARLINK-4743,0,N/A,N/A,0.0,0.0255208045010027,False,0.0,0.0,0.0,189.28977429554902,0.23661221786943626,Insufficient Energy for CPU,N/A,N/A,N/A
1426,CPU_and_Data_Intensive,Rejected,144.89113285779754,N/A,N/A,N/A,0.16077588777528823,0.0,0.0,0.0,STARLINK-4743,0,N/A,N/A,0.0,0.746688355090385,False,0.0,0.0,0.0,189.28977429554902,0.23661221786943626,Insufficient Energy for CPU+NET,N/A,N/A,N/A
1427,CPU_Intensive,Rejected,144.9042070697506,N/A,N/A,N/A,0.17201693139847546,0.0,0.0,0.0,STARLINK-4743,0,N/A,N/A,0.0,0.025549100352576237,False,0.0,0.0,0.0,189.28977429554902,0.23661221786943626,Insufficient Energy for CPU,N/A,N/A,N/A
1428,CPU_and_Data_Intensive,Rejected,144.9331199124086,N/A,N/A,N/A,0.23556861642169302,0.0,0.0,0.0,STARLINK-4743,0,N/A,N/A,0.0,0.15943940336905119,False,0.0,0.0,0.0,189.28977429554902,0.23661221786943626,Insufficient Energy for CPU+NET,N/A,N/A,N/A
1429,CPU_Intensive,Rejected,145.0162358292959,N/A,N/A,N/A,0.8578875893871423,0.0,0.0,0.0,STARLINK-4743,0,N/A,N/A,0.0,0.06356232111700642,False,0.0,0.0,0.0,189.28977429554902,0.23661221786943626,Insufficient Energy for CPU,N/A,N/A,N/A
1430,Generic_Service,Rejected,145.0633655455536,N/A,N/A,N/A,0.04358923146386598,0.0,0.0,0.0,STARLINK-4743,0,N/A,N/A,0.0,0.03091936250609993,False,0.0,0.0,0.0,189.28977429554902,0.23661221786943626,Insufficient Energy for CPU,N/A,N/A,N/A
1432,CPU_Intensive,Rejected,145.11253014959402,N/A,N/A,N/A,1.415855500784666,0.0,0.0,0.0,STARLINK-4743,0,N/A,N/A,0.0,0.05864880653661894,False,0.0,0.0,0.0,189.28977429554902,0.23661221786943626,Insufficient Energy for CPU,N/A,N/A,N/A
1433,Generic_Service,Rejected,145.36572317770762,N/A,N/A,N/A,0.04116124036654233,0.0,0.0,0.0,STARLINK-4743,0,N/A,N/A,0.0,0.030378328756292317,False,0.0,0.0,0.0,189.28977429554902,0.23661221786943626,Insufficient Energy for CPU,N/A,N/A,N/A
1434,CPU_and_Data_Intensive,Rejected,145.37859385764847,N/A,N/A,N/A,0.8241077272944152,0.0,0.0,0.0,STARLINK-4743,0,N/A,N/A,0.0,0.20820312573263786,False,0.0,0.0,0.0,189.28977429554902,0.23661221786943626,Insufficient Energy for CPU+NET,N/A,N/A,N/A
1435,CPU_and_Data_Intensive,Rejected,145.43668510579508,N/A,N/A,N/A,0.635758021208058,0.0,0.0,0.0,STARLINK-4743,0,N/A,N/A,0.0,9.560292093926055,False,0.0,0.0,0.0,189.28977429554902,0.23661221786943626,Insufficient Energy for CPU+NET,N/A,N/A,N/A
1436,Generic_Service,Rejected,145.65062012637713,N/A,N/A,N/A,0.05422668901218919,0.0,0.0,0.0,STARLINK-4743,0,N/A,N/A,0.0,0.024453834064268147,False,0.0,0.0,0.0,189.28977429554902,0.23661221786943626,Insufficient Energy for CPU,N/A,N/A,N/A
1437,CPU_and_Data_Intensive,Rejected,145.65787825710606,N/A,N/A,N/A,0.4429432287833435,0.0,0.0,0.0,STARLINK-4743,0,N/A,N/A,0.0,1.1163948453677563,False,0.0,0.0,0.0,189.28977429554902,0.23661221786943626,Insufficient Energy for CPU+NET,N/A,N/A,N/A
1439,CPU_and_Data_Intensive,Rejected,145.9533439047791,N/A,N/A,N/A,0.3630460938700534,0.0,0.0,0.0,STARLINK-4743,0,N/A,N/A,0.0,17.212276140260023,False,0.0,0.0,0.0,189.28977429554902,0.23661221786943626,Insufficient Energy for CPU+NET,N/A,N/A,N/A
1440,CPU_Intensive,Rejected,146.1211061381605,N/A,N/A,N/A,0.032006683259312,0.0,0.0,0.0,STARLINK-4743,0,N/A,N/A,0.0,0.014477615361618484,False,0.0,0.0,0.0,189.28977429554902,0.23661221786943626,Insufficient Energy for CPU,N/A,N/A,N/A
1441,CPU_Intensive,Rejected,146.22727823713834,N/A,N/A,N/A,0.47719479280411914,0.0,0.0,0.0,STARLINK-4743,0,N/A,N/A,0.0,0.06030820985577014,False,0.0,0.0,0.0,189.28977429554902,0.23661221786943626,Insufficient Energy for CPU,N/A,N/A,N/A
1442,Generic_Service,Rejected,146.2668506374764,N/A,N/A,N/A,0.14449924056536265,0.0,0.0,0.0,STARLINK-4743,0,N/A,N/A,0.0,0.08180431639110755,False,0.0,0.0,0.0,189.28977429554902,0.23661221786943626,Insufficient Energy for CPU,N/A,N/A,N/A
1443,CPU_Intensive,Rejected,146.30852603669766,N/A,N/A,N/A,1.4889553055647082,0.0,0.0,0.0,STARLINK-4743,0,N/A,N/A,0.0,0.021678916460557415,False,0.0,0.0,0.0,189.28977429554902,0.23661221786943626,Insufficient Energy for CPU,N/A,N/A,N/A
1444,Generic_Service,Rejected,146.3714372713985,N/A,N/A,N/A,0.09114072401886016,0.0,0.0,0.0,STARLINK-4743,0,N/A,N/A,0.0,0.045697735693313306,False,0.0,0.0,0.0,189.28977429554902,0.23661221786943626,Insufficient Energy for CPU,N/A,N/A,N/A
1445,CPU_and_Data_Intensive,Rejected,146.37813212007885,N/A,N/A,N/A,1.8878142268075166,0.0,0.0,0.0,STARLINK-4743,0,N/A,N/A,0.0,0.9820845657004248,False,0.0,0.0,0.0,189.28977429554902,0.23661221786943626,Insufficient Energy for CPU+NET,N/A,N/A,N/A
1446,CPU_and_Data_Intensive,Rejected,146.41517991926068,N/A,N/A,N/A,0.10970867217171472,0.0,0.0,0.0,STARLINK-4743,0,N/A,N/A,0.0,0.4733273069277389,False,0.0,0.0,0.0,189.28977429554902,0.23661221786943626,Insufficient Energy for CPU+NET,N/A,N/A,N/A
1447,Generic_Service,Rejected,146.48582357405627,N/A,N/A,N/A,0.05694362161550601,0.0,0.0,0.0,STARLINK-4743,0,N/A,N/A,0.0,0.013082697575124902,False,0.0,0.0,0.0,189.28977429554902,0.23661221786943626,Insufficient Energy for CPU,N/A,N/A,N/A
1448,Generic_Service,Rejected,146.6954560383444,N/A,N/A,N/A,0.03516122386309405,0.0,0.0,0.0,STARLINK-4743,0,N/A,N/A,0.0,0.06338771492262188,False,0.0,0.0,0.0,189.28977429554902,0.23661221786943626,Insufficient Energy for CPU,N/A,N/A,N/A
1449,CPU_Intensive,Rejected,146.71699319395827,N/A,N/A,N/A,0.02839963305700164,0.0,0.0,0.0,STARLINK-4743,0,N/A,N/A,0.0,0.0835313294787604,False,0.0,0.0,0.0,189.28977429554902,0.23661221786943626,Insufficient Energy for CPU,N/A,N/A,N/A
1450,CPU_Intensive,Rejected,146.84427487970012,N/A,N/A,N/A,0.1280566813330289,0.0,0.0,0.0,STARLINK-4743,0,N/A,N/A,0.0,0.07573814276750765,False,0.0,0.0,0.0,189.28977429554902,0.23661221786943626,Insufficient Energy for CPU,N/A,N/A,N/A
1451,CPU_and_Data_Intensive,Rejected,146.93676440366062,N/A,N/A,N/A,1.3154304971398854,0.0,0.0,0.0,STARLINK-4743,0,N/A,N/A,0.0,243.80871396186598,False,0.0,0.0,0.0,189.28977429554902,0.23661221786943626,Insufficient Energy for CPU+NET,N/A,N/A,N/A
1452,CPU_Intensive,Rejected,147.04036101157598,N/A,N/A,N/A,0.2316672641078469,0.0,0.0,0.0,STARLINK-4743,0,N/A,N/A,0.0,0.046111261759438464,False,0.0,0.0,0.0,189.28977429554902,0.23661221786943626,Insufficient Energy for CPU,N/A,N/A,N/A
1453,CPU_Intensive,Rejected,147.0489732762883,N/A,N/A,N/A,0.10887942181536191,0.0,0.0,0.0,STARLINK-4743,0,N/A,N/A,0.0,0.02884731985835122,False,0.0,0.0,0.0,189.28977429554902,0.23661221786943626,Insufficient Energy for CPU,N/A,N/A,N/A
1454,CPU_and_Data_Intensive,Rejected,147.13662079270148,N/A,N/A,N/A,0.435411797878509,0.0,0.0,0.0,STARLINK-4743,0,N/A,N/A,0.0,1.2517197839951817,False,0.0,0.0,0.0,189.28977429554902,0.23661221786943626,Insufficient Energy for CPU+NET,N/A,N/A,N/A
1455,CPU_Intensive,Rejected,147.3332655214732,N/A,N/A,N/A,0.33866867235016856,0.0,0.0,0.0,STARLINK-4743,0,N/A,N/A,0.0,0.06480225919444245,False,0.0,0.0,0.0,189.28977429554902,0.23661221786943626,Insufficient Energy for CPU,N/A,N/A,N/A
1457,Generic_Service,Rejected,147.50300330146615,N/A,N/A,N/A,0.0928363870287684,0.0,0.0,0.0,STARLINK-4743,0,N/A,N/A,0.0,0.04254347745920569,False,0.0,0.0,0.0,189.28977429554902,0.23661221786943626,Insufficient Energy for CPU,N/A,N/A,N/A
1459,CPU_and_Data_Intensive,Rejected,147.63374783051313,N/A,N/A,N/A,0.2723507530548656,0.0,0.0,0.0,STARLINK-4743,0,N/A,N/A,0.0,4.427907261688512,False,0.0,0.0,0.0,189.28977429554902,0.23661221786943626,Insufficient Energy for CPU+NET,N/A,N/A,N/A
1460,CPU_Intensive,Rejected,147.71757168602863,N/A,N/A,N/A,0.2530955692533139,0.0,0.0,0.0,STARLINK-4743,0,N/A,N/A,0.0,0.07095612225437453,False,0.0,0.0,0.0,189.28977429554902,0.23661221786943626,Insufficient Energy for CPU,N/A,N/A,N/A
1461,CPU_Intensive,Rejected,147.75224903174956,N/A,N/A,N/A,0.8368403643218237,0.0,0.0,0.0,STARLINK-4743,0,N/A,N/A,0.0,0.04781647422917157,False,0.0,0.0,0.0,189.28977429554902,0.23661221786943626,Insufficient Energy for CPU,N/A,N/A,N/A
1463,Generic_Service,Rejected,147.85502045347621,N/A,N/A,N/A,0.09038240321203603,0.0,0.0,0.0,STARLINK-4743,0,N/A,N/A,0.0,0.028382862425025746,False,0.0,0.0,0.0,189.28977429554902,0.23661221786943626,Insufficient Energy for CPU,N/A,N/A,N/A
1464,CPU_and_Data_Intensive,Rejected,147.89503805471915,N/A,N/A,N/A,2.951697833627032,0.0,0.0,0.0,STARLINK-4743,0,N/A,N/A,0.0,0.9560875944348671,False,0.0,0.0,0.0,189.28977429554902,0.23661221786943626,Insufficient Energy for CPU+NET,N/A,N/A,N/A
1467,CPU_Intensive,Rejected,147.9841304769464,N/A,N/A,N/A,0.3400140991862491,0.0,0.0,0.0,STARLINK-4743,0,N/A,N/A,0.0,0.030075992854707877,False,0.0,0.0,0.0,189.28977429554902,0.23661221786943626,Insufficient Energy for CPU,N/A,N/A,N/A
1469,CPU_and_Data_Intensive,Rejected,148.25371181339762,N/A,N/A,N/A,0.5319191930275764,0.0,0.0,0.0,STARLINK-4743,0,N/A,N/A,0.0,5.021828061901698,False,0.0,0.0,0.0,189.28977429554902,0.23661221786943626,Insufficient Energy for CPU+NET,N/A,N/A,N/A
1472,CPU_and_Data_Intensive,Rejected,148.65370294683336,N/A,N/A,N/A,0.17163507558206248,0.0,0.0,0.0,STARLINK-4743,0,N/A,N/A,0.0,19.80489121389205,False,0.0,0.0,0.0,189.28977429554902,0.23661221786943626,Insufficient Energy for CPU+NET,N/A,N/A,N/A
1473,Generic_Service,Rejected,148.66288430853766,N/A,N/A,N/A,0.048699613254392246,0.0,0.0,0.0,STARLINK-4743,0,N/A,N/A,0.0,0.062105229878500624,False,0.0,0.0,0.0,189.28977429554902,0.23661221786943626,Insufficient Energy for CPU,N/A,N/A,N/A
1471,CPU_and_Data_Intensive,Rejected,148.59464441836542,N/A,N/A,N/A,0.9716487388901335,0.0,0.0,0.0,STARLINK-4743,0,N/A,N/A,0.0,452.9212962191078,False,0.0,0.0,0.0,189.28977429554902,0.23661221786943626,Insufficient Energy for CPU+NET,N/A,N/A,N/A
1475,Generic_Service,Rejected,148.7975094248063,N/A,N/A,N/A,0.05732873141080989,0.0,0.0,0.0,STARLINK-4743,0,N/A,N/A,0.0,0.047586775861398485,False,0.0,0.0,0.0,189.28977429554902,0.23661221786943626,Insufficient Energy for CPU,N/A,N/A,N/A
1476,CPU_Intensive,Rejected,148.82411545287735,N/A,N/A,N/A,0.08083924536335763,0.0,0.0,0.0,STARLINK-4743,0,N/A,N/A,0.0,0.07116098531711823,False,0.0,0.0,0.0,189.28977429554902,0.23661221786943626,Insufficient Energy for CPU,N/A,N/A,N/A
1477,CPU_Intensive,Rejected,148.9346707393017,N/A,N/A,N/A,0.1307564750453537,0.0,0.0,0.0,STARLINK-4743,0,N/A,N/A,0.0,0.047473875802796814,False,0.0,0.0,0.0,189.28977429554902,0.23661221786943626,Insufficient Energy for CPU,N/A,N/A,N/A
1478,CPU_Intensive,Rejected,149.0579844626867,N/A,N/A,N/A,0.0596562693597167,0.0,0.0,0.0,STARLINK-4743,0,N/A,N/A,0.0,0.03030025599888783,False,0.0,0.0,0.0,189.28977429554902,0.23661221786943626,Insufficient Energy for CPU,N/A,N/A,N/A
1479,CPU_Intensive,Rejected,149.10517552512658,N/A,N/A,N/A,0.5940671756618574,0.0,0.0,0.0,STARLINK-4743,0,N/A,N/A,0.0,0.03331740601289338,False,0.0,0.0,0.0,189.28977429554902,0.23661221786943626,Insufficient Energy for CPU,N/A,N/A,N/A
1480,CPU_and_Data_Intensive,Rejected,149.1214195511559,N/A,N/A,N/A,1.2351140687597923,0.0,0.0,0.0,STARLINK-4743,0,N/A,N/A,0.0,1.6727182683632584,False,0.0,0.0,0.0,189.28977429554902,0.23661221786943626,Insufficient Energy for CPU+NET,N/A,N/A,N/A
1481,CPU_Intensive,Rejected,149.13600849592808,N/A,N/A,N/A,1.685746394472113,0.0,0.0,0.0,STARLINK-4743,0,N/A,N/A,0.0,0.05760548024519728,False,0.0,0.0,0.0,189.28977429554902,0.23661221786943626,Insufficient Energy for CPU,N/A,N/A,N/A
1482,CPU_Intensive,Rejected,149.15477554133273,N/A,N/A,N/A,0.1966795948072804,0.0,0.0,0.0,STARLINK-4743,0,N/A,N/A,0.0,0.05065915829484944,False,0.0,0.0,0.0,189.28977429554902,0.23661221786943626,Insufficient Energy for CPU,N/A,N/A,N/A
1483,Generic_Service,Rejected,149.24197602849745,N/A,N/A,N/A,0.13419935159706506,0.0,0.0,0.0,STARLINK-4743,0,N/A,N/A,0.0,0.07037807859282134,False,0.0,0.0,0.0,189.28977429554902,0.23661221786943626,Insufficient Energy for CPU,N/A,N/A,N/A
1485,CPU_Intensive,Rejected,149.27923225155055,N/A,N/A,N/A,0.168926962350353,0.0,0.0,0.0,STARLINK-4743,0,N/A,N/A,0.0,0.021016150597249303,False,0.0,0.0,0.0,189.28977429554902,0.23661221786943626,Insufficient Energy for CPU,N/A,N/A,N/A
1486,Generic_Service,Rejected,149.39989150703911,N/A,N/A,N/A,0.20777871555662566,0.0,0.0,0.0,STARLINK-4743,0,N/A,N/A,0.0,0.04984707849709538,False,0.0,0.0,0.0,189.28977429554902,0.23661221786943626,Insufficient Energy for CPU,N/A,N/A,N/A
1487,Generic_Service,Rejected,149.5382702773678,N/A,N/A,N/A,0.022275486958125736,0.0,0.0,0.0,STARLINK-4743,0,N/A,N/A,0.0,0.035010389924740266,False,0.0,0.0,0.0,189.28977429554902,0.23661221786943626,Insufficient Energy for CPU,N/A,N/A,N/A
1488,CPU_Intensive,Rejected,149.55763155157464,N/A,N/A,N/A,0.13111574811684554,0.0,0.0,0.0,STARLINK-4743,0,N/A,N/A,0.0,0.07427821374660125,False,0.0,0.0,0.0,189.28977429554902,0.23661221786943626,Insufficient Energy for CPU,N/A,N/A,N/A
1489,CPU_and_Data_Intensive,Rejected,149.66326573045205,N/A,N/A,N/A,1.0397607243233162,0.0,0.0,0.0,STARLINK-4743,0,N/A,N/A,0.0,2.0467551383628626,False,0.0,0.0,0.0,189.28977429554902,0.23661221786943626,Insufficient Energy for CPU+NET,N/A,N/A,N/A
1490,CPU_Intensive,Rejected,149.85948603376534,N/A,N/A,N/A,0.035406039283599665,0.0,0.0,0.0,STARLINK-4743,0,N/A,N/A,0.0,0.024351349144766957,False,0.0,0.0,0.0,189.28977429554902,0.23661221786943626,Insufficient Energy for CPU,N/A,N/A,N/A
1491,CPU_Intensive,Rejected,149.874240933181,N/A,N/A,N/A,0.04589282702632186,0.0,0.0,0.0,STARLINK-4743,0,N/A,N/A,0.0,0.016282039077612498,False,0.0,0.0,0.0,189.28977429554902,0.23661221786943626,Insufficient Energy for CPU,N/A,N/A,N/A
1492,CPU_Intensive,Rejected,149.9745604401306,N/A,N/A,N/A,1.0939239656480868,0.0,0.0,0.0,STARLINK-4743,0,N/A,N/A,0.0,0.08153622333028515,False,0.0,0.0,0.0,189.28977429554902,0.23661221786943626,Insufficient Energy for CPU,N/A,N/A,N/A
1493,CPU_Intensive,Rejected,150.12725710759028,N/A,N/A,N/A,0.11939059201404455,0.0,0.0,0.0,STARLINK-4743,0,N/A,N/A,0.0,0.04135829326390034,False,0.0,0.0,0.0,189.28977429554902,0.23661221786943626,Insufficient Energy for CPU,N/A,N/A,N/A
1494,CPU_Intensive,Rejected,150.32577523120412,N/A,N/A,N/A,0.7112031447506808,0.0,0.0,0.0,STARLINK-4743,0,N/A,N/A,0.0,0.07599630483381176,False,0.0,0.0,0.0,189.28977429554902,0.23661221786943626,Insufficient Energy for CPU,N/A,N/A,N/A
1495,CPU_Intensive,Rejected,150.59893372666497,N/A,N/A,N/A,0.09009232828569633,0.0,0.0,0.0,STARLINK-4743,0,N/A,N/A,0.0,0.0665998910492279,False,0.0,0.0,0.0,189.28977429554902,0.23661221786943626,Insufficient Energy for CPU,N/A,N/A,N/A
1496,Generic_Service,Rejected,150.62168318178894,N/A,N/A,N/A,0.21104235445236738,0.0,0.0,0.0,STARLINK-4743,0,N/A,N/A,0.0,0.061083315579009326,False,0.0,0.0,0.0,189.28977429554902,0.23661221786943626,Insufficient Energy for CPU,N/A,N/A,N/A
1497,CPU_Intensive,Rejected,150.8563674313136,N/A,N/A,N/A,0.0280648180616145,0.0,0.0,0.0,STARLINK-4743,0,N/A,N/A,0.0,0.05874814438629872,False,0.0,0.0,0.0,189.28977429554902,0.23661221786943626,Insufficient Energy for CPU,N/A,N/A,N/A
1498,CPU_and_Data_Intensive,Rejected,151.06148143414217,N/A,N/A,N/A,0.8677203566631446,0.0,0.0,0.0,STARLINK-4743,0,N/A,N/A,0.0,320.2396592354935,False,0.0,0.0,0.0,189.28977429554902,0.23661221786943626,Insufficient Energy for CPU+NET,N/A,N/A,N/A
1500,CPU_and_Data_Intensive,Rejected,151.41804908755577,N/A,N/A,N/A,0.2546238970158778,0.0,0.0,0.0,STARLINK-4743,0,N/A,N/A,0.0,6.9432413310263685,False,0.0,0.0,0.0,189.28977429554902,0.23661221786943626,Insufficient Energy for CPU+NET,N/A,N/A,N/A
1501,Generic_Service,Rejected,151.52495210535955,N/A,N/A,N/A,0.05688381544033366,0.0,0.0,0.0,STARLINK-4743,0,N/A,N/A,0.0,0.08369296560007594,False,0.0,0.0,0.0,189.28977429554902,0.23661221786943626,Insufficient Energy for CPU,N/A,N/A,N/A
1502,CPU_Intensive,Rejected,151.8181018983692,N/A,N/A,N/A,0.493540363843581,0.0,0.0,0.0,STARLINK-4743,0,N/A,N/A,0.0,0.07800037679953593,False,0.0,0.0,0.0,189.28977429554902,0.23661221786943626,Insufficient Energy for CPU,N/A,N/A,N/A
1503,CPU_and_Data_Intensive,Rejected,151.82853422148204,N/A,N/A,N/A,0.1235187826049593,0.0,0.0,0.0,STARLINK-4743,0,N/A,N/A,0.0,24.123615937496098,False,0.0,0.0,0.0,189.28977429554902,0.23661221786943626,Insufficient Energy for CPU+NET,N/A,N/A,N/A
1504,CPU_Intensive,Rejected,151.91194584255263,N/A,N/A,N/A,0.18838948963666885,0.0,0.0,0.0,STARLINK-4743,0,N/A,N/A,0.0,0.04925407880581587,False,0.0,0.0,0.0,189.28977429554902,0.23661221786943626,Insufficient Energy for CPU,N/A,N/A,N/A
1505,Generic_Service,Rejected,151.95063923390825,N/A,N/A,N/A,0.0980678894176894,0.0,0.0,0.0,STARLINK-4743,0,N/A,N/A,0.0,0.05274847765979533,False,0.0,0.0,0.0,189.28977429554902,0.23661221786943626,Insufficient Energy for CPU,N/A,N/A,N/A
1506,CPU_and_Data_Intensive,Rejected,152.0609077202476,N/A,N/A,N/A,0.45625762450625085,0.0,0.0,0.0,STARLINK-4743,0,N/A,N/A,0.0,14.547812928237349,False,0.0,0.0,0.0,189.28977429554902,0.23661221786943626,Insufficient Energy for CPU+NET,N/A,N/A,N/A
1507,CPU_Intensive,Rejected,152.0750294130903,N/A,N/A,N/A,0.2765210212989713,0.0,0.0,0.0,STARLINK-4743,0,N/A,N/A,0.0,0.07716975035110706,False,0.0,0.0,0.0,189.28977429554902,0.23661221786943626,Insufficient Energy for CPU,N/A,N/A,N/A
1508,CPU_Intensive,Rejected,152.20215433560378,N/A,N/A,N/A,0.7152541455271708,0.0,0.0,0.0,STARLINK-4743,0,N/A,N/A,0.0,0.08539243809592872,False,0.0,0.0,0.0,189.28977429554902,0.23661221786943626,Insufficient Energy for CPU,N/A,N/A,N/A
1509,CPU_Intensive,Rejected,152.25800640486716,N/A,N/A,N/A,0.6232156016928577,0.0,0.0,0.0,STARLINK-4743,0,N/A,N/A,0.0,0.06764015274371693,False,0.0,0.0,0.0,189.28977429554902,0.23661221786943626,Insufficient Energy for CPU,N/A,N/A,N/A
1510,CPU_and_Data_Intensive,Rejected,152.2865379095727,N/A,N/A,N/A,0.47508069893712856,0.0,0.0,0.0,STARLINK-4743,0,N/A,N/A,0.0,8.770829331707358,False,0.0,0.0,0.0,189.28977429554902,0.23661221786943626,Insufficient Energy for CPU+NET,N/A,N/A,N/A
1511,CPU_Intensive,Rejected,152.4060040949741,N/A,N/A,N/A,0.33602675755423794,0.0,0.0,0.0,STARLINK-4743,0,N/A,N/A,0.0,0.04351179798669831,False,0.0,0.0,0.0,189.28977429554902,0.23661221786943626,Insufficient Energy for CPU,N/A,N/A,N/A
1512,CPU_Intensive,Rejected,152.46173371010002,N/A,N/A,N/A,0.22763866370255065,0.0,0.0,0.0,STARLINK-4743,0,N/A,N/A,0.0,0.015032203069644229,False,0.0,0.0,0.0,189.28977429554902,0.23661221786943626,Insufficient Energy for CPU,N/A,N/A,N/A
1513,CPU_Intensive,Rejected,152.52926998728984,N/A,N/A,N/A,0.6692338891412888,0.0,0.0,0.0,STARLINK-4743,0,N/A,N/A,0.0,0.027931663152597153,False,0.0,0.0,0.0,189.28977429554902,0.23661221786943626,Insufficient Energy for CPU,N/A,N/A,N/A
1515,CPU_and_Data_Intensive,Rejected,152.77625288089268,N/A,N/A,N/A,0.7509296537086796,0.0,0.0,0.0,STARLINK-4743,0,N/A,N/A,0.0,2.6673932334513095,False,0.0,0.0,0.0,189.28977429554902,0.23661221786943626,Insufficient Energy for CPU+NET,N/A,N/A,N/A
1517,CPU_Intensive,Rejected,153.22805615246278,N/A,N/A,N/A,2.5481081410799273,0.0,0.0,0.0,STARLINK-4743,0,N/A,N/A,0.0,0.05160869235236902,False,0.0,0.0,0.0,189.28977429554902,0.23661221786943626,Insufficient Energy for CPU,N/A,N/A,N/A
1518,CPU_and_Data_Intensive,Rejected,153.4106398918544,N/A,N/A,N/A,0.5071840518152247,0.0,0.0,0.0,STARLINK-4743,0,N/A,N/A,0.0,12.499670801723564,False,0.0,0.0,0.0,189.28977429554902,0.23661221786943626,Insufficient Energy for CPU+NET,N/A,N/A,N/A
1519,CPU_and_Data_Intensive,Rejected,153.47636160432168,N/A,N/A,N/A,0.15314186254957446,0.0,0.0,0.0,STARLINK-4743,0,N/A,N/A,0.0,1.4876706015264942,False,0.0,0.0,0.0,189.28977429554902,0.23661221786943626,Insufficient Energy for CPU+NET,N/A,N/A,N/A
1521,Generic_Service,Rejected,153.78317762180131,N/A,N/A,N/A,0.05961122903330582,0.0,0.0,0.0,STARLINK-4743,0,N/A,N/A,0.0,0.03863058762135691,False,0.0,0.0,0.0,189.28977429554902,0.23661221786943626,Insufficient Energy for CPU,N/A,N/A,N/A
1522,CPU_Intensive,Rejected,153.9794227537216,N/A,N/A,N/A,1.2061797533224987,0.0,0.0,0.0,STARLINK-4743,0,N/A,N/A,0.0,0.0327538528811156,False,0.0,0.0,0.0,189.28977429554902,0.23661221786943626,Insufficient Energy for CPU,N/A,N/A,N/A
1524,Generic_Service,Rejected,154.41745207534984,N/A,N/A,N/A,0.21065952530149828,0.0,0.0,0.0,STARLINK-4743,0,N/A,N/A,0.0,0.011403441897595207,False,0.0,0.0,0.0,189.28977429554902,0.23661221786943626,Insufficient Energy for CPU,N/A,N/A,N/A
1525,CPU_and_Data_Intensive,Rejected,154.72984822852348,N/A,N/A,N/A,0.4489587802958232,0.0,0.0,0.0,STARLINK-4743,0,N/A,N/A,0.0,151.7096967982966,False,0.0,0.0,0.0,189.28977429554902,0.23661221786943626,Insufficient Energy for CPU+NET,N/A,N/A,N/A
1526,CPU_and_Data_Intensive,Rejected,154.85766218338438,N/A,N/A,N/A,0.729781979595458,0.0,0.0,0.0,STARLINK-4743,0,N/A,N/A,0.0,0.4313081957547211,False,0.0,0.0,0.0,189.28977429554902,0.23661221786943626,Insufficient Energy for CPU+NET,N/A,N/A,N/A
1527,CPU_and_Data_Intensive,Rejected,154.86799178533252,N/A,N/A,N/A,0.1111816190680691,0.0,0.0,0.0,STARLINK-4743,0,N/A,N/A,0.0,0.412272059281377,False,0.0,0.0,0.0,189.28977429554902,0.23661221786943626,Insufficient Energy for CPU+NET,N/A,N/A,N/A
1528,CPU_Intensive,Rejected,154.9392354231649,N/A,N/A,N/A,0.31653021480221366,0.0,0.0,0.0,STARLINK-4743,0,N/A,N/A,0.0,0.012762846969260251,False,0.0,0.0,0.0,189.28977429554902,0.23661221786943626,Insufficient Energy for CPU,N/A,N/A,N/A
1529,Generic_Service,Rejected,154.94701187618998,N/A,N/A,N/A,0.02130990819586804,0.0,0.0,0.0,STARLINK-4743,0,N/A,N/A,0.0,0.017755160073912087,False,0.0,0.0,0.0,189.28977429554902,0.23661221786943626,Insufficient Energy for CPU,N/A,N/A,N/A
1530,CPU_and_Data_Intensive,Rejected,155.06580802099893,N/A,N/A,N/A,0.9714930498732196,0.0,0.0,0.0,STARLINK-4743,0,N/A,N/A,0.0,0.5442660087034328,False,0.0,0.0,0.0,189.28977429554902,0.23661221786943626,Insufficient Energy for CPU+NET,N/A,N/A,N/A
1531,CPU_and_Data_Intensive,Rejected,155.2485746612096,N/A,N/A,N/A,0.4650662878008714,0.0,0.0,0.0,STARLINK-4743,0,N/A,N/A,0.0,13.146873499069837,False,0.0,0.0,0.0,189.28977429554902,0.23661221786943626,Insufficient Energy for CPU+NET,N/A,N/A,N/A
1532,CPU_and_Data_Intensive,Rejected,155.25791935247926,N/A,N/A,N/A,0.32934044528185075,0.0,0.0,0.0,STARLINK-4743,0,N/A,N/A,0.0,23.446414768579285,False,0.0,0.0,0.0,189.28977429554902,0.23661221786943626,Insufficient Energy for CPU+NET,N/A,N/A,N/A
1533,CPU_and_Data_Intensive,Rejected,155.2718349468505,N/A,N/A,N/A,1.2620487108189524,0.0,0.0,0.0,STARLINK-4743,0,N/A,N/A,0.0,20.34375272438568,False,0.0,0.0,0.0,189.28977429554902,0.23661221786943626,Insufficient Energy for CPU+NET,N/A,N/A,N/A
1535,CPU_Intensive,Rejected,155.36378567529454,N/A,N/A,N/A,0.157117273917862,0.0,0.0,0.0,STARLINK-4743,0,N/A,N/A,0.0,0.05529278229223444,False,0.0,0.0,0.0,189.28977429554902,0.23661221786943626,Insufficient Energy for CPU,N/A,N/A,N/A
1536,CPU_Intensive,Rejected,155.3733992764535,N/A,N/A,N/A,1.5103838010855055,0.0,0.0,0.0,STARLINK-4743,0,N/A,N/A,0.0,0.055604725169900726,False,0.0,0.0,0.0,189.28977429554902,0.23661221786943626,Insufficient Energy for CPU,N/A,N/A,N/A
1537,Generic_Service,Rejected,155.3849025959403,N/A,N/A,N/A,0.1163342261556364,0.0,0.0,0.0,STARLINK-4743,0,N/A,N/A,0.0,0.022780148158106892,False,0.0,0.0,0.0,189.28977429554902,0.23661221786943626,Insufficient Energy for CPU,N/A,N/A,N/A
1538,CPU_and_Data_Intensive,Rejected,155.4792690573516,N/A,N/A,N/A,0.6221358803580039,0.0,0.0,0.0,STARLINK-4743,0,N/A,N/A,0.0,17.286667046905503,False,0.0,0.0,0.0,189.28977429554902,0.23661221786943626,Insufficient Energy for CPU+NET,N/A,N/A,N/A
1539,CPU_and_Data_Intensive,Rejected,155.56448944210433,N/A,N/A,N/A,0.18021180558327973,0.0,0.0,0.0,STARLINK-4743,0,N/A,N/A,0.0,0.10937063062493688,False,0.0,0.0,0.0,189.28977429554902,0.23661221786943626,Insufficient Energy for CPU+NET,N/A,N/A,N/A
1540,Generic_Service,Rejected,155.63476612910807,N/A,N/A,N/A,0.11055310550279825,0.0,0.0,0.0,STARLINK-4743,0,N/A,N/A,0.0,0.07160247073920918,False,0.0,0.0,0.0,189.28977429554902,0.23661221786943626,Insufficient Energy for CPU,N/A,N/A,N/A
1541,CPU_and_Data_Intensive,Rejected,155.74940895745922,N/A,N/A,N/A,1.9239490514967879,0.0,0.0,0.0,STARLINK-4743,0,N/A,N/A,0.0,0.356964477802242,False,0.0,0.0,0.0,189.28977429554902,0.23661221786943626,Insufficient Energy for CPU+NET,N/A,N/A,N/A
1542,CPU_and_Data_Intensive,Rejected,155.76078982205405,N/A,N/A,N/A,0.12525152382761734,0.0,0.0,0.0,STARLINK-4743,0,N/A,N/A,0.0,12.495819796740033,False,0.0,0.0,0.0,189.28977429554902,0.23661221786943626,Insufficient Energy for CPU+NET,N/A,N/A,N/A
1543,Generic_Service,Rejected,155.86517781961484,N/A,N/A,N/A,0.03565230796871043,0.0,0.0,0.0,STARLINK-4743,0,N/A,N/A,0.0,0.04225871857830998,False,0.0,0.0,0.0,189.28977429554902,0.23661221786943626,Insufficient Energy for CPU,N/A,N/A,N/A
1544,Generic_Service,Rejected,155.89000937023195,N/A,N/A,N/A,0.09709434767830703,0.0,0.0,0.0,STARLINK-4743,0,N/A,N/A,0.0,0.06601492729875308,False,0.0,0.0,0.0,189.28977429554902,0.23661221786943626,Insufficient Energy for CPU,N/A,N/A,N/A
1545,CPU_and_Data_Intensive,Rejected,155.93372691843481,N/A,N/A,N/A,0.6885840653799282,0.0,0.0,0.0,STARLINK-4743,0,N/A,N/A,0.0,3.051516120529636,False,0.0,0.0,0.0,189.28977429554902,0.23661221786943626,Insufficient Energy for CPU+NET,N/A,N/A,N/A
1546,CPU_and_Data_Intensive,Rejected,155.99285704836586,N/A,N/A,N/A,0.49360884783069725,0.0,0.0,0.0,STARLINK-4743,0,N/A,N/A,0.0,11.78939004081046,False,0.0,0.0,0.0,189.28977429554902,0.23661221786943626,Insufficient Energy for CPU+NET,N/A,N/A,N/A
1548,CPU_and_Data_Intensive,Rejected,156.07254853504534,N/A,N/A,N/A,0.09462616265700613,0.0,0.0,0.0,STARLINK-4743,0,N/A,N/A,0.0,1.3563000859508876,False,0.0,0.0,0.0,189.28977429554902,0.23661221786943626,Insufficient Energy for CPU+NET,N/A,N/A,N/A
1549,CPU_and_Data_Intensive,Rejected,156.11695930862507,N/A,N/A,N/A,0.2147853883172205,0.0,0.0,0.0,STARLINK-4743,0,N/A,N/A,0.0,2.9564527612156266,False,0.0,0.0,0.0,189.28977429554902,0.23661221786943626,Insufficient Energy for CPU+NET,N/A,N/A,N/A
1551,CPU_Intensive,Rejected,156.1424693123043,N/A,N/A,N/A,0.10706707058253431,0.0,0.0,0.0,STARLINK-4743,0,N/A,N/A,0.0,0.08527154313225288,False,0.0,0.0,0.0,189.28977429554902,0.23661221786943626,Insufficient Energy for CPU,N/A,N/A,N/A
1552,CPU_Intensive,Rejected,156.16991132464796,N/A,N/A,N/A,1.5081410712507555,0.0,0.0,0.0,STARLINK-4743,0,N/A,N/A,0.0,0.017409830310689354,False,0.0,0.0,0.0,189.28977429554902,0.23661221786943626,Insufficient Energy for CPU,N/A,N/A,N/A
1554,CPU_and_Data_Intensive,Rejected,156.45654771870906,N/A,N/A,N/A,0.17364847790638246,0.0,0.0,0.0,STARLINK-4743,0,N/A,N/A,0.0,0.5168853702302247,False,0.0,0.0,0.0,189.28977429554902,0.23661221786943626,Insufficient Energy for CPU+NET,N/A,N/A,N/A
1555,CPU_and_Data_Intensive,Rejected,156.74256170422936,N/A,N/A,N/A,0.6883956545361077,0.0,0.0,0.0,STARLINK-4743,0,N/A,N/A,0.0,210.70050744960906,False,0.0,0.0,0.0,189.28977429554902,0.23661221786943626,Insufficient Energy for CPU+NET,N/A,N/A,N/A
1557,CPU_Intensive,Rejected,157.29193290625855,N/A,N/A,N/A,0.23668497663992008,0.0,0.0,0.0,STARLINK-4743,0,N/A,N/A,0.0,0.040654055797028424,False,0.0,0.0,0.0,189.28977429554902,0.23661221786943626,Insufficient Energy for CPU,N/A,N/A,N/A
1556,CPU_and_Data_Intensive,Rejected,157.291173069747,N/A,N/A,N/A,0.7539892937326725,0.0,0.0,0.0,STARLINK-4743,0,N/A,N/A,0.0,195.92259157240528,False,0.0,0.0,0.0,189.28977429554902,0.23661221786943626,Insufficient Energy for CPU+NET,N/A,N/A,N/A
1559,CPU_Intensive,Rejected,157.387693336103,N/A,N/A,N/A,0.1416986650514889,0.0,0.0,0.0,STARLINK-4743,0,N/A,N/A,0.0,0.05947237794339093,False,0.0,0.0,0.0,189.28977429554902,0.23661221786943626,Insufficient Energy for CPU,N/A,N/A,N/A
1560,CPU_Intensive,Rejected,157.51686135383866,N/A,N/A,N/A,0.0984454504421842,0.0,0.0,0.0,STARLINK-4743,0,N/A,N/A,0.0,0.05218146231523197,False,0.0,0.0,0.0,189.28977429554902,0.23661221786943626,Insufficient Energy for CPU,N/A,N/A,N/A
1561,CPU_Intensive,Rejected,157.6719954529085,N/A,N/A,N/A,0.42943324834340846,0.0,0.0,0.0,STARLINK-4743,0,N/A,N/A,0.0,0.08418434778929482,False,0.0,0.0,0.0,189.28977429554902,0.23661221786943626,Insufficient Energy for CPU,N/A,N/A,N/A
1562,CPU_and_Data_Intensive,Rejected,157.83027293889262,N/A,N/A,N/A,1.8971335496137527,0.0,0.0,0.0,STARLINK-4743,0,N/A,N/A,0.0,216.5542505519177,False,0.0,0.0,0.0,189.28977429554902,0.23661221786943626,Insufficient Energy for CPU+NET,N/A,N/A,N/A
1563,Generic_Service,Rejected,157.92332600063096,N/A,N/A,N/A,0.10156891676508169,0.0,0.0,0.0,STARLINK-4743,0,N/A,N/A,0.0,0.03316784522068242,False,0.0,0.0,0.0,189.28977429554902,0.23661221786943626,Insufficient Energy for CPU,N/A,N/A,N/A
1564,CPU_and_Data_Intensive,Rejected,158.0329816088777,N/A,N/A,N/A,0.06257535905047724,0.0,0.0,0.0,STARLINK-4743,0,N/A,N/A,0.0,2.0778267471148713,False,0.0,0.0,0.0,189.28977429554902,0.23661221786943626,Insufficient Energy for CPU+NET,N/A,N/A,N/A
1566,CPU_and_Data_Intensive,Rejected,158.3548121158252,N/A,N/A,N/A,0.3388539649201846,0.0,0.0,0.0,STARLINK-4743,0,N/A,N/A,0.0,9.5608803211793,False,0.0,0.0,0.0,189.28977429554902,0.23661221786943626,Insufficient Energy for CPU+NET,N/A,N/A,N/A
1567,CPU_Intensive,Rejected,158.600906095703,N/A,N/A,N/A,0.15885386952662314,0.0,0.0,0.0,STARLINK-4743,0,N/A,N/A,0.0,0.02234232390539665,False,0.0,0.0,0.0,189.28977429554902,0.23661221786943626,Insufficient Energy for CPU,N/A,N/A,N/A
1568,CPU_Intensive,Rejected,158.6235858187414,N/A,N/A,N/A,3.3011323855476786,0.0,0.0,0.0,STARLINK-4743,0,N/A,N/A,0.0,0.03366594078255568,False,0.0,0.0,0.0,189.28977429554902,0.23661221786943626,Insufficient Energy for CPU,N/A,N/A,N/A
1569,CPU_Intensive,Rejected,158.97963821789742,N/A,N/A,N/A,0.05407899794807846,0.0,0.0,0.0,STARLINK-4743,0,N/A,N/A,0.0,0.015514241350143575,False,0.0,0.0,0.0,189.28977429554902,0.23661221786943626,Insufficient Energy for CPU,N/A,N/A,N/A
1571,CPU_Intensive,Rejected,159.11793630898,N/A,N/A,N/A,0.16330442920110205,0.0,0.0,0.0,STARLINK-4743,0,N/A,N/A,0.0,0.04758396382787296,False,0.0,0.0,0.0,189.28977429554902,0.23661221786943626,Insufficient Energy for CPU,N/A,N/A,N/A
1572,CPU_and_Data_Intensive,Rejected,159.13769798747572,N/A,N/A,N/A,0.08852376503113954,0.0,0.0,0.0,STARLINK-4743,0,N/A,N/A,0.0,19.136263624378152,False,0.0,0.0,0.0,189.28977429554902,0.23661221786943626,Insufficient Energy for CPU+NET,N/A,N/A,N/A
1573,Generic_Service,Rejected,159.26222429504114,N/A,N/A,N/A,0.0794512379355222,0.0,0.0,0.0,STARLINK-4743,0,N/A,N/A,0.0,0.014139992484393573,False,0.0,0.0,0.0,189.28977429554902,0.23661221786943626,Insufficient Energy for CPU,N/A,N/A,N/A
1574,CPU_Intensive,Rejected,159.3531676588912,N/A,N/A,N/A,0.8143042856257742,0.0,0.0,0.0,STARLINK-4743,0,N/A,N/A,0.0,0.0495006473199093,False,0.0,0.0,0.0,189.28977429554902,0.23661221786943626,Insufficient Energy for CPU,N/A,N/A,N/A
1576,CPU_and_Data_Intensive,Rejected,159.4202506959734,N/A,N/A,N/A,1.2448011898144495,0.0,0.0,0.0,STARLINK-4743,0,N/A,N/A,0.0,2.0591571700075977,False,0.0,0.0,0.0,189.28977429554902,0.23661221786943626,Insufficient Energy for CPU+NET,N/A,N/A,N/A
1577,CPU_Intensive,Rejected,159.45807915461862,N/A,N/A,N/A,0.1421434093687898,0.0,0.0,0.0,STARLINK-4743,0,N/A,N/A,0.0,0.08774180727118178,False,0.0,0.0,0.0,189.28977429554902,0.23661221786943626,Insufficient Energy for CPU,N/A,N/A,N/A
1578,CPU_and_Data_Intensive,Rejected,159.78941341956855,N/A,N/A,N/A,0.7997526371575712,0.0,0.0,0.0,STARLINK-4743,0,N/A,N/A,0.0,1.5840954798772975,False,0.0,0.0,0.0,189.28977429554902,0.23661221786943626,Insufficient Energy for CPU+NET,N/A,N/A,N/A
1579,CPU_Intensive,Rejected,159.8645246216163,N/A,N/A,N/A,1.962601357235324,0.0,0.0,0.0,STARLINK-4743,0,N/A,N/A,0.0,0.04441994245165747,False,0.0,0.0,0.0,189.28977429554902,0.23661221786943626,Insufficient Energy for CPU,N/A,N/A,N/A
1580,CPU_Intensive,Rejected,159.89531962831356,N/A,N/A,N/A,1.1491288931665118,0.0,0.0,0.0,STARLINK-4743,0,N/A,N/A,0.0,0.057487789315699034,False,0.0,0.0,0.0,189.28977429554902,0.23661221786943626,Insufficient Energy for CPU,N/A,N/A,N/A
1581,Generic_Service,Rejected,159.90900530875945,N/A,N/A,N/A,0.1622481222002316,0.0,0.0,0.0,STARLINK-4743,0,N/A,N/A,0.0,0.057656133730621346,False,0.0,0.0,0.0,189.28977429554902,0.23661221786943626,Insufficient Energy for CPU,N/A,N/A,N/A
1582,Generic_Service,Rejected,160.0205486757668,N/A,N/A,N/A,0.061094952425111405,0.0,0.0,0.0,STARLINK-4743,0,N/A,N/A,0.0,0.06504062249975974,False,0.0,0.0,0.0,189.28977429554902,0.23661221786943626,Insufficient Energy for CPU,N/A,N/A,N/A
1583,CPU_and_Data_Intensive,Rejected,160.03663088773158,N/A,N/A,N/A,0.3285457683554674,0.0,0.0,0.0,STARLINK-4743,0,N/A,N/A,0.0,0.2872468381583279,False,0.0,0.0,0.0,189.28977429554902,0.23661221786943626,Insufficient Energy for CPU+NET,N/A,N/A,N/A
1584,CPU_Intensive,Rejected,160.18410748174267,N/A,N/A,N/A,0.18340147877253637,0.0,0.0,0.0,STARLINK-4743,0,N/A,N/A,0.0,0.042596778740447636,False,0.0,0.0,0.0,189.28977429554902,0.23661221786943626,Insufficient Energy for CPU,N/A,N/A,N/A
1585,CPU_Intensive,Rejected,160.22504622341387,N/A,N/A,N/A,0.13477342698251174,0.0,0.0,0.0,STARLINK-4743,0,N/A,N/A,0.0,0.0608521302677664,False,0.0,0.0,0.0,189.28977429554902,0.23661221786943626,Insufficient Energy for CPU,N/A,N/A,N/A
1586,CPU_and_Data_Intensive,Rejected,160.25129522981533,N/A,N/A,N/A,0.5616809833808594,0.0,0.0,0.0,STARLINK-4743,0,N/A,N/A,0.0,8.888395530857228,False,0.0,0.0,0.0,189.28977429554902,0.23661221786943626,Insufficient Energy for CPU+NET,N/A,N/A,N/A
1587,CPU_and_Data_Intensive,Rejected,160.48705327443318,N/A,N/A,N/A,0.9196087699251365,0.0,0.0,0.0,STARLINK-4743,0,N/A,N/A,0.0,1.7739928191197343,False,0.0,0.0,0.0,189.28977429554902,0.23661221786943626,Insufficient Energy for CPU+NET,N/A,N/A,N/A
1589,Generic_Service,Rejected,160.85384088030847,N/A,N/A,N/A,0.1346837789856747,0.0,0.0,0.0,STARLINK-4743,0,N/A,N/A,0.0,0.062192204887099777,False,0.0,0.0,0.0,189.28977429554902,0.23661221786943626,Insufficient Energy for CPU,N/A,N/A,N/A
1591,CPU_and_Data_Intensive,Rejected,160.9411582235306,N/A,N/A,N/A,0.381624112425414,0.0,0.0,0.0,STARLINK-4743,0,N/A,N/A,0.0,0.6437395821524038,False,0.0,0.0,0.0,189.28977429554902,0.23661221786943626,Insufficient Energy for CPU+NET,N/A,N/A,N/A
1592,Generic_Service,Rejected,161.0249060544847,N/A,N/A,N/A,0.07750081135368087,0.0,0.0,0.0,STARLINK-4743,0,N/A,N/A,0.0,0.03133594086045388,False,0.0,0.0,0.0,189.28977429554902,0.23661221786943626,Insufficient Energy for CPU,N/A,N/A,N/A
1593,Generic_Service,Rejected,161.3946522955598,N/A,N/A,N/A,0.04057046591867644,0.0,0.0,0.0,STARLINK-4743,0,N/A,N/A,0.0,0.045976918147880165,False,0.0,0.0,0.0,189.28977429554902,0.23661221786943626,Insufficient Energy for CPU,N/A,N/A,N/A
1595,CPU_and_Data_Intensive,Rejected,161.43127949550646,N/A,N/A,N/A,0.3172524830758296,0.0,0.0,0.0,STARLINK-4743,0,N/A,N/A,0.0,4.686730597262144,False,0.0,0.0,0.0,189.28977429554902,0.23661221786943626,Insufficient Energy for CPU+NET,N/A,N/A,N/A
1596,CPU_and_Data_Intensive,Rejected,161.45775398242708,N/A,N/A,N/A,0.2973814303193929,0.0,0.0,0.0,STARLINK-4743,0,N/A,N/A,0.0,11.530295984056028,False,0.0,0.0,0.0,189.28977429554902,0.23661221786943626,Insufficient Energy for CPU+NET,N/A,N/A,N/A
1597,CPU_and_Data_Intensive,Rejected,161.54322829007376,N/A,N/A,N/A,2.258194208076517,0.0,0.0,0.0,STARLINK-4743,0,N/A,N/A,0.0,8.600959636742521,False,0.0,0.0,0.0,189.28977429554902,0.23661221786943626,Insufficient Energy for CPU+NET,N/A,N/A,N/A
1598,CPU_Intensive,Rejected,161.6101449080287,N/A,N/A,N/A,0.26321100156241023,0.0,0.0,0.0,STARLINK-4743,0,N/A,N/A,0.0,0.07562584856056055,False,0.0,0.0,0.0,189.28977429554902,0.23661221786943626,Insufficient Energy for CPU,N/A,N/A,N/A
1599,CPU_Intensive,Rejected,161.92983748371807,N/A,N/A,N/A,1.524445873084033,0.0,0.0,0.0,STARLINK-4743,0,N/A,N/A,0.0,0.07507438305751993,False,0.0,0.0,0.0,189.28977429554902,0.23661221786943626,Insufficient Energy for CPU,N/A,N/A,N/A
1600,CPU_and_Data_Intensive,Rejected,162.03940218857718,N/A,N/A,N/A,0.6193541540884299,0.0,0.0,0.0,STARLINK-4743,0,N/A,N/A,0.0,5.646514040808193,False,0.0,0.0,0.0,189.28977429554902,0.23661221786943626,Insufficient Energy for CPU+NET,N/A,N/A,N/A
1601,Generic_Service,Rejected,162.05439888539638,N/A,N/A,N/A,0.10760812106120116,0.0,0.0,0.0,STARLINK-4743,0,N/A,N/A,0.0,0.08329609601188759,False,0.0,0.0,0.0,189.28977429554902,0.23661221786943626,Insufficient Energy for CPU,N/A,N/A,N/A
1602,CPU_Intensive,Rejected,162.17486046443668,N/A,N/A,N/A,0.39125127762218587,0.0,0.0,0.0,STARLINK-4743,0,N/A,N/A,0.0,0.07458320395409453,False,0.0,0.0,0.0,189.28977429554902,0.23661221786943626,Insufficient Energy for CPU,N/A,N/A,N/A
1603,Generic_Service,Rejected,162.18504033402473,N/A,N/A,N/A,0.20387944174791608,0.0,0.0,0.0,STARLINK-4743,0,N/A,N/A,0.0,0.01705277326749673,False,0.0,0.0,0.0,189.28977429554902,0.23661221786943626,Insufficient Energy for CPU,N/A,N/A,N/A
1604,CPU_and_Data_Intensive,Rejected,162.5488368219065,N/A,N/A,N/A,0.07962692723411632,0.0,0.0,0.0,STARLINK-4743,0,N/A,N/A,0.0,11.025722824077523,False,0.0,0.0,0.0,189.28977429554902,0.23661221786943626,Insufficient Energy for CPU+NET,N/A,N/A,N/A
1605,CPU_and_Data_Intensive,Rejected,162.55802494181722,N/A,N/A,N/A,0.6060222233223533,0.0,0.0,0.0,STARLINK-4743,0,N/A,N/A,0.0,1.556042078902301,False,0.0,0.0,0.0,189.28977429554902,0.23661221786943626,Insufficient Energy for CPU+NET,N/A,N/A,N/A
1606,CPU_Intensive,Rejected,162.61404505316872,N/A,N/A,N/A,0.5251063014649111,0.0,0.0,0.0,STARLINK-4743,0,N/A,N/A,0.0,0.034580209772784816,False,0.0,0.0,0.0,189.28977429554902,0.23661221786943626,Insufficient Energy for CPU,N/A,N/A,N/A
1607,CPU_and_Data_Intensive,Rejected,162.94518517600494,N/A,N/A,N/A,0.10232009576981452,0.0,0.0,0.0,STARLINK-4743,0,N/A,N/A,0.0,2.0733206583696084,False,0.0,0.0,0.0,189.28977429554902,0.23661221786943626,Insufficient Energy for CPU+NET,N/A,N/A,N/A
1608,CPU_and_Data_Intensive,Rejected,162.97735778683403,N/A,N/A,N/A,0.5240093311259645,0.0,0.0,0.0,STARLINK-4743,0,N/A,N/A,0.0,273.11368553415844,False,0.0,0.0,0.0,189.28977429554902,0.23661221786943626,Insufficient Energy for CPU+NET,N/A,N/A,N/A
1610,CPU_and_Data_Intensive,Rejected,163.16830372329042,N/A,N/A,N/A,0.8985427931906816,0.0,0.0,0.0,STARLINK-4743,0,N/A,N/A,0.0,0.3049363910050878,False,0.0,0.0,0.0,189.28977429554902,0.23661221786943626,Insufficient Energy for CPU+NET,N/A,N/A,N/A
1611,CPU_and_Data_Intensive,Rejected,163.1997798633165,N/A,N/A,N/A,0.2633444037233577,0.0,0.0,0.0,STARLINK-4743,0,N/A,N/A,0.0,12.218369244188054,False,0.0,0.0,0.0,189.28977429554902,0.23661221786943626,Insufficient Energy for CPU+NET,N/A,N/A,N/A
1614,CPU_and_Data_Intensive,Rejected,163.36358366846235,N/A,N/A,N/A,1.3557807778294333,0.0,0.0,0.0,STARLINK-4743,0,N/A,N/A,0.0,0.9278579202296442,False,0.0,0.0,0.0,189.28977429554902,0.23661221786943626,Insufficient Energy for CPU+NET,N/A,N/A,N/A
1613,CPU_and_Data_Intensive,Rejected,163.31056913078186,N/A,N/A,N/A,0.5129976578243505,0.0,0.0,0.0,STARLINK-4743,0,N/A,N/A,0.0,169.5045879623959,False,0.0,0.0,0.0,189.28977429554902,0.23661221786943626,Insufficient Energy for CPU+NET,N/A,N/A,N/A
1615,Generic_Service,Rejected,163.56864508119205,N/A,N/A,N/A,0.09149822659207756,0.0,0.0,0.0,STARLINK-4743,0,N/A,N/A,0.0,0.08544587649340077,False,0.0,0.0,0.0,189.28977429554902,0.23661221786943626,Insufficient Energy for CPU,N/A,N/A,N/A
1618,CPU_and_Data_Intensive,Rejected,163.8853361439253,N/A,N/A,N/A,0.06256128589619668,0.0,0.0,0.0,STARLINK-4743,0,N/A,N/A,0.0,20.301410379210708,False,0.0,0.0,0.0,189.28977429554902,0.23661221786943626,Insufficient Energy for CPU+NET,N/A,N/A,N/A
1619,Generic_Service,Rejected,163.98287225714947,N/A,N/A,N/A,0.03334412171404574,0.0,0.0,0.0,STARLINK-4743,0,N/A,N/A,0.0,0.037677614434744315,False,0.0,0.0,0.0,189.28977429554902,0.23661221786943626,Insufficient Energy for CPU,N/A,N/A,N/A
1620,Generic_Service,Rejected,164.25458067857068,N/A,N/A,N/A,0.11699961990175699,0.0,0.0,0.0,STARLINK-4743,0,N/A,N/A,0.0,0.04038363753915748,False,0.0,0.0,0.0,189.28977429554902,0.23661221786943626,Insufficient Energy for CPU,N/A,N/A,N/A
1621,CPU_and_Data_Intensive,Rejected,164.37624230041763,N/A,N/A,N/A,0.16823624924970915,0.0,0.0,0.0,STARLINK-4743,0,N/A,N/A,0.0,16.511910649632945,False,0.0,0.0,0.0,189.28977429554902,0.23661221786943626,Insufficient Energy for CPU+NET,N/A,N/A,N/A
1622,CPU_Intensive,Rejected,164.3995338847335,N/A,N/A,N/A,0.19789880726814024,0.0,0.0,0.0,STARLINK-4743,0,N/A,N/A,0.0,0.08161853765797811,False,0.0,0.0,0.0,189.28977429554902,0.23661221786943626,Insufficient Energy for CPU,N/A,N/A,N/A
1623,Generic_Service,Rejected,164.57601697731047,N/A,N/A,N/A,0.026467063793231518,0.0,0.0,0.0,STARLINK-4743,0,N/A,N/A,0.0,0.024030658107260766,False,0.0,0.0,0.0,189.28977429554902,0.23661221786943626,Insufficient Energy for CPU,N/A,N/A,N/A
1624,Generic_Service,Rejected,164.5954315336769,N/A,N/A,N/A,0.07271801648069216,0.0,0.0,0.0,STARLINK-4743,0,N/A,N/A,0.0,0.02101798064686277,False,0.0,0.0,0.0,189.28977429554902,0.23661221786943626,Insufficient Energy for CPU,N/A,N/A,N/A
1625,CPU_Intensive,Rejected,164.6050175337104,N/A,N/A,N/A,0.1754598291838552,0.0,0.0,0.0,STARLINK-4743,0,N/A,N/A,0.0,0.0331269172027818,False,0.0,0.0,0.0,189.28977429554902,0.23661221786943626,Insufficient Energy for CPU,N/A,N/A,N/A
1626,Generic_Service,Rejected,164.61890740047923,N/A,N/A,N/A,0.020390383557146383,0.0,0.0,0.0,STARLINK-4743,0,N/A,N/A,0.0,0.08378944059633937,False,0.0,0.0,0.0,189.28977429554902,0.23661221786943626,Insufficient Energy for CPU,N/A,N/A,N/A
1627,CPU_and_Data_Intensive,Rejected,164.69244391115555,N/A,N/A,N/A,0.02443892085546602,0.0,0.0,0.0,STARLINK-4743,0,N/A,N/A,0.0,2.0157689470901543,False,0.0,0.0,0.0,189.28977429554902,0.23661221786943626,Insufficient Energy for CPU+NET,N/A,N/A,N/A
1628,CPU_and_Data_Intensive,Rejected,164.70078914621553,N/A,N/A,N/A,0.333506825278317,0.0,0.0,0.0,STARLINK-4743,0,N/A,N/A,0.0,0.1741750865833717,False,0.0,0.0,0.0,189.28977429554902,0.23661221786943626,Insufficient Energy for CPU+NET,N/A,N/A,N/A
1629,CPU_Intensive,Rejected,164.71896757549422,N/A,N/A,N/A,0.05346974855969376,0.0,0.0,0.0,STARLINK-4743,0,N/A,N/A,0.0,0.08131495657935182,False,0.0,0.0,0.0,189.28977429554902,0.23661221786943626,Insufficient Energy for CPU,N/A,N/A,N/A
1630,Generic_Service,Rejected,165.1545374192094,N/A,N/A,N/A,0.04827480722266533,0.0,0.0,0.0,STARLINK-4743,0,N/A,N/A,0.0,0.025423043538277644,False,0.0,0.0,0.0,189.28977429554902,0.23661221786943626,Insufficient Energy for CPU,N/A,N/A,N/A
1631,CPU_and_Data_Intensive,Rejected,165.26972784690173,N/A,N/A,N/A,0.4350453168414945,0.0,0.0,0.0,STARLINK-4743,0,N/A,N/A,0.0,194.32793814291068,False,0.0,0.0,0.0,189.28977429554902,0.23661221786943626,Insufficient Energy for CPU+NET,N/A,N/A,N/A
1636,CPU_and_Data_Intensive,Rejected,165.58799808295387,N/A,N/A,N/A,1.1300871593312256,0.0,0.0,0.0,STARLINK-4743,0,N/A,N/A,0.0,1.7309454751235538,False,0.0,0.0,0.0,189.28977429554902,0.23661221786943626,Insufficient Energy for CPU+NET,N/A,N/A,N/A
1637,CPU_Intensive,Rejected,165.6588760033405,N/A,N/A,N/A,0.18487487737077796,0.0,0.0,0.0,STARLINK-4743,0,N/A,N/A,0.0,0.037330209698979495,False,0.0,0.0,0.0,189.28977429554902,0.23661221786943626,Insufficient Energy for CPU,N/A,N/A,N/A
1638,CPU_and_Data_Intensive,Rejected,165.92791503462385,N/A,N/A,N/A,1.2576675273102726,0.0,0.0,0.0,STARLINK-4743,0,N/A,N/A,0.0,5.737635430655132,False,0.0,0.0,0.0,189.28977429554902,0.23661221786943626,Insufficient Energy for CPU+NET,N/A,N/A,N/A
1641,Generic_Service,Rejected,166.20647736800413,N/A,N/A,N/A,0.056041352997996466,0.0,0.0,0.0,STARLINK-4743,0,N/A,N/A,0.0,0.026529932177237876,False,0.0,0.0,0.0,189.28977429554902,0.23661221786943626,Insufficient Energy for CPU,N/A,N/A,N/A
1642,CPU_and_Data_Intensive,Rejected,166.25224873215637,N/A,N/A,N/A,0.45395077121872546,0.0,0.0,0.0,STARLINK-4743,0,N/A,N/A,0.0,19.22492129227481,False,0.0,0.0,0.0,189.28977429554902,0.23661221786943626,Insufficient Energy for CPU+NET,N/A,N/A,N/A
1645,CPU_and_Data_Intensive,Rejected,166.46633088777958,N/A,N/A,N/A,0.03103496147493904,0.0,0.0,0.0,STARLINK-4743,0,N/A,N/A,0.0,3.4700859379576405,False,0.0,0.0,0.0,189.28977429554902,0.23661221786943626,Insufficient Energy for CPU+NET,N/A,N/A,N/A
1646,CPU_Intensive,Rejected,166.63786900635043,N/A,N/A,N/A,0.4580906382085369,0.0,0.0,0.0,STARLINK-4743,0,N/A,N/A,0.0,0.08447341712343286,False,0.0,0.0,0.0,189.28977429554902,0.23661221786943626,Insufficient Energy for CPU,N/A,N/A,N/A
1648,CPU_and_Data_Intensive,Rejected,166.6974839893685,N/A,N/A,N/A,2.193578608088129,0.0,0.0,0.0,STARLINK-4743,0,N/A,N/A,0.0,268.66332932730666,False,0.0,0.0,0.0,189.28977429554902,0.23661221786943626,Insufficient Energy for CPU+NET,N/A,N/A,N/A
1649,CPU_Intensive,Rejected,166.92255645974114,N/A,N/A,N/A,0.7384587615230056,0.0,0.0,0.0,STARLINK-4743,0,N/A,N/A,0.0,0.06144949251759234,False,0.0,0.0,0.0,189.28977429554902,0.23661221786943626,Insufficient Energy for CPU,N/A,N/A,N/A
1650,CPU_Intensive,Rejected,167.0492128002508,N/A,N/A,N/A,0.3186655167490697,0.0,0.0,0.0,STARLINK-4743,0,N/A,N/A,0.0,0.016708441502984724,False,0.0,0.0,0.0,189.28977429554902,0.23661221786943626,Insufficient Energy for CPU,N/A,N/A,N/A
1651,CPU_and_Data_Intensive,Rejected,167.16859473151555,N/A,N/A,N/A,0.3238836233337163,0.0,0.0,0.0,STARLINK-4743,0,N/A,N/A,0.0,0.5029978486216509,False,0.0,0.0,0.0,189.28977429554902,0.23661221786943626,Insufficient Energy for CPU+NET,N/A,N/A,N/A
1653,Generic_Service,Rejected,167.29090072443304,N/A,N/A,N/A,0.11399647141945657,0.0,0.0,0.0,STARLINK-4743,0,N/A,N/A,0.0,0.07137812480117076,False,0.0,0.0,0.0,189.28977429554902,0.23661221786943626,Insufficient Energy for CPU,N/A,N/A,N/A
1656,Generic_Service,Rejected,167.59382149398678,N/A,N/A,N/A,0.07167854418121802,0.0,0.0,0.0,STARLINK-4743,0,N/A,N/A,0.0,0.032279321316292055,False,0.0,0.0,0.0,189.28977429554902,0.23661221786943626,Insufficient Energy for CPU,N/A,N/A,N/A
1657,Generic_Service,Rejected,167.60732983454622,N/A,N/A,N/A,0.023692836857494487,0.0,0.0,0.0,STARLINK-4743,0,N/A,N/A,0.0,0.08309280917507804,False,0.0,0.0,0.0,189.28977429554902,0.23661221786943626,Insufficient Energy for CPU,N/A,N/A,N/A
1658,Generic_Service,Rejected,167.75591407231926,N/A,N/A,N/A,0.1280618354524403,0.0,0.0,0.0,STARLINK-4743,0,N/A,N/A,0.0,0.014513918330156153,False,0.0,0.0,0.0,189.28977429554902,0.23661221786943626,Insufficient Energy for CPU,N/A,N/A,N/A
1659,CPU_Intensive,Rejected,168.03914145712406,N/A,N/A,N/A,0.2931378715043996,0.0,0.0,0.0,STARLINK-4743,0,N/A,N/A,0.0,0.0214091099993534,False,0.0,0.0,0.0,189.28977429554902,0.23661221786943626,Insufficient Energy for CPU,N/A,N/A,N/A
1660,Generic_Service,Rejected,168.14945028785354,N/A,N/A,N/A,0.0843478551070625,0.0,0.0,0.0,STARLINK-4743,0,N/A,N/A,0.0,0.06588116003950883,False,0.0,0.0,0.0,189.28977429554902,0.23661221786943626,Insufficient Energy for CPU,N/A,N/A,N/A
1661,CPU_and_Data_Intensive,Rejected,168.22392370261113,N/A,N/A,N/A,1.3373656622418941,0.0,0.0,0.0,STARLINK-4743,0,N/A,N/A,0.0,1.9568474104249627,False,0.0,0.0,0.0,189.28977429554902,0.23661221786943626,Insufficient Energy for CPU+NET,N/A,N/A,N/A
1662,CPU_and_Data_Intensive,Rejected,168.35331313562318,N/A,N/A,N/A,2.553352254068208,0.0,0.0,0.0,STARLINK-4743,0,N/A,N/A,0.0,0.6579574022809941,False,0.0,0.0,0.0,189.28977429554902,0.23661221786943626,Insufficient Energy for CPU+NET,N/A,N/A,N/A
1663,CPU_Intensive,Rejected,168.59813285917824,N/A,N/A,N/A,0.19271930323925182,0.0,0.0,0.0,STARLINK-4743,0,N/A,N/A,0.0,0.017434613741758316,False,0.0,0.0,0.0,189.28977429554902,0.23661221786943626,Insufficient Energy for CPU,N/A,N/A,N/A
1664,CPU_and_Data_Intensive,Rejected,168.67291731408693,N/A,N/A,N/A,0.2643708362403507,0.0,0.0,0.0,STARLINK-4743,0,N/A,N/A,0.0,7.570908399372493,False,0.0,0.0,0.0,189.28977429554902,0.23661221786943626,Insufficient Energy for CPU+NET,N/A,N/A,N/A
1666,CPU_Intensive,Rejected,169.12412891137757,N/A,N/A,N/A,0.03523694478923142,0.0,0.0,0.0,STARLINK-4743,0,N/A,N/A,0.0,0.01514926150956265,False,0.0,0.0,0.0,189.28977429554902,0.23661221786943626,Insufficient Energy for CPU,N/A,N/A,N/A
1667,CPU_and_Data_Intensive,Rejected,169.2790548302413,N/A,N/A,N/A,0.32201793988179606,0.0,0.0,0.0,STARLINK-4743,0,N/A,N/A,0.0,1.9204069682061355,False,0.0,0.0,0.0,189.28977429554902,0.23661221786943626,Insufficient Energy for CPU+NET,N/A,N/A,N/A
1668,CPU_and_Data_Intensive,Rejected,169.29325441014322,N/A,N/A,N/A,1.1085679534264017,0.0,0.0,0.0,STARLINK-4743,0,N/A,N/A,0.0,10.490724375964568,False,0.0,0.0,0.0,189.28977429554902,0.23661221786943626,Insufficient Energy for CPU+NET,N/A,N/A,N/A
1669,CPU_and_Data_Intensive,Rejected,169.37861556619237,N/A,N/A,N/A,0.5596366216396176,0.0,0.0,0.0,STARLINK-4743,0,N/A,N/A,0.0,21.695001109843734,False,0.0,0.0,0.0,189.28977429554902,0.23661221786943626,Insufficient Energy for CPU+NET,N/A,N/A,N/A
1670,CPU_and_Data_Intensive,Rejected,169.51745610798778,N/A,N/A,N/A,1.2675744901678103,0.0,0.0,0.0,STARLINK-4743,0,N/A,N/A,0.0,23.67264952345572,False,0.0,0.0,0.0,189.28977429554902,0.23661221786943626,Insufficient Energy for CPU+NET,N/A,N/A,N/A
1671,CPU_Intensive,Rejected,169.6499278581189,N/A,N/A,N/A,0.22307177578135773,0.0,0.0,0.0,STARLINK-4743,0,N/A,N/A,0.0,0.05640489127910065,False,0.0,0.0,0.0,189.28977429554902,0.23661221786943626,Insufficient Energy for CPU,N/A,N/A,N/A
1672,CPU_Intensive,Rejected,169.65031804901463,N/A,N/A,N/A,1.821380509746764,0.0,0.0,0.0,STARLINK-4743,0,N/A,N/A,0.0,0.040581353850109636,False,0.0,0.0,0.0,189.28977429554902,0.23661221786943626,Insufficient Energy for CPU,N/A,N/A,N/A
1673,CPU_Intensive,Rejected,169.6771294635222,N/A,N/A,N/A,0.39978283198267694,0.0,0.0,0.0,STARLINK-4743,0,N/A,N/A,0.0,0.06983519899504179,False,0.0,0.0,0.0,189.28977429554902,0.23661221786943626,Insufficient Energy for CPU,N/A,N/A,N/A
1674,CPU_and_Data_Intensive,Rejected,169.68129456339113,N/A,N/A,N/A,0.5662780026082592,0.0,0.0,0.0,STARLINK-4743,0,N/A,N/A,0.0,0.22651187535934184,False,0.0,0.0,0.0,189.28977429554902,0.23661221786943626,Insufficient Energy for CPU+NET,N/A,N/A,N/A
1675,Generic_Service,Rejected,169.75049895697973,N/A,N/A,N/A,0.03212101833330631,0.0,0.0,0.0,STARLINK-4743,0,N/A,N/A,0.0,0.010781837483380062,False,0.0,0.0,0.0,189.28977429554902,0.23661221786943626,Insufficient Energy for CPU,N/A,N/A,N/A
1676,CPU_Intensive,Rejected,169.83661296093035,N/A,N/A,N/A,0.15097191125448664,0.0,0.0,0.0,STARLINK-4743,0,N/A,N/A,0.0,0.073038176437972,False,0.0,0.0,0.0,189.28977429554902,0.23661221786943626,Insufficient Energy for CPU,N/A,N/A,N/A
1677,CPU_Intensive,Rejected,169.8904891320114,N/A,N/A,N/A,2.2566562540141293,0.0,0.0,0.0,STARLINK-4743,0,N/A,N/A,0.0,0.06477721907646108,False,0.0,0.0,0.0,189.28977429554902,0.23661221786943626,Insufficient Energy for CPU,N/A,N/A,N/A
1678,CPU_and_Data_Intensive,Rejected,169.92208223575318,N/A,N/A,N/A,0.47457278588414165,0.0,0.0,0.0,STARLINK-4743,0,N/A,N/A,0.0,0.4225492525990727,False,0.0,0.0,0.0,189.28977429554902,0.23661221786943626,Insufficient Energy for CPU+NET,N/A,N/A,N/A
1679,CPU_Intensive,Rejected,170.01516046898115,N/A,N/A,N/A,0.06274872330819802,0.0,0.0,0.0,STARLINK-4743,0,N/A,N/A,0.0,0.015499321761426304,False,0.0,0.0,0.0,189.28977429554902,0.23661221786943626,Insufficient Energy for CPU,N/A,N/A,N/A
1680,CPU_Intensive,Rejected,170.0175037343247,N/A,N/A,N/A,0.3928940535789362,0.0,0.0,0.0,STARLINK-4743,0,N/A,N/A,0.0,0.018617963921240946,False,0.0,0.0,0.0,189.28977429554902,0.23661221786943626,Insufficient Energy for CPU,N/A,N/A,N/A
1682,CPU_Intensive,Rejected,170.05338903623877,N/A,N/A,N/A,0.4480151137574867,0.0,0.0,0.0,STARLINK-4743,0,N/A,N/A,0.0,0.01762463010632017,False,0.0,0.0,0.0,189.28977429554902,0.23661221786943626,Insufficient Energy for CPU,N/A,N/A,N/A
1681,CPU_and_Data_Intensive,Rejected,170.0532082885341,N/A,N/A,N/A,0.6897572340140278,0.0,0.0,0.0,STARLINK-4743,0,N/A,N/A,0.0,1.9828877872076438,False,0.0,0.0,0.0,189.28977429554902,0.23661221786943626,Insufficient Energy for CPU+NET,N/A,N/A,N/A
1683,CPU_Intensive,Rejected,170.2778418686085,N/A,N/A,N/A,0.9241854043461047,0.0,0.0,0.0,STARLINK-4743,0,N/A,N/A,0.0,0.03441596584411999,False,0.0,0.0,0.0,189.28977429554902,0.23661221786943626,Insufficient Energy for CPU,N/A,N/A,N/A
1684,CPU_and_Data_Intensive,Rejected,170.2871510211223,N/A,N/A,N/A,0.05853592033915297,0.0,0.0,0.0,STARLINK-4743,0,N/A,N/A,0.0,14.048270165188914,False,0.0,0.0,0.0,189.28977429554902,0.23661221786943626,Insufficient Energy for CPU+NET,N/A,N/A,N/A
1686,CPU_Intensive,Rejected,170.60061586726718,N/A,N/A,N/A,0.12948434796022507,0.0,0.0,0.0,STARLINK-4743,0,N/A,N/A,0.0,0.010629905625329103,False,0.0,0.0,0.0,189.28977429554902,0.23661221786943626,Insufficient Energy for CPU,N/A,N/A,N/A
1687,CPU_Intensive,Rejected,170.60364699583135,N/A,N/A,N/A,0.3569158345376879,0.0,0.0,0.0,STARLINK-4743,0,N/A,N/A,0.0,0.029122316410209494,False,0.0,0.0,0.0,189.28977429554902,0.23661221786943626,Insufficient Energy for CPU,N/A,N/A,N/A
1688,CPU_and_Data_Intensive,Rejected,170.96014960714882,N/A,N/A,N/A,0.4008260134510023,0.0,0.0,0.0,STARLINK-4743,0,N/A,N/A,0.0,9.418313461407667,False,0.0,0.0,0.0,189.28977429554902,0.23661221786943626,Insufficient Energy for CPU+NET,N/A,N/A,N/A
1689,CPU_and_Data_Intensive,Rejected,170.9735185396969,N/A,N/A,N/A,0.5354445792741528,0.0,0.0,0.0,STARLINK-4743,0,N/A,N/A,0.0,20.917427272367235,False,0.0,0.0,0.0,189.28977429554902,0.23661221786943626,Insufficient Energy for CPU+NET,N/A,N/A,N/A
1690,CPU_Intensive,Rejected,170.98234280034208,N/A,N/A,N/A,1.3145528889218572,0.0,0.0,0.0,STARLINK-4743,0,N/A,N/A,0.0,0.028801835053119874,False,0.0,0.0,0.0,189.28977429554902,0.23661221786943626,Insufficient Energy for CPU,N/A,N/A,N/A
1691,CPU_and_Data_Intensive,Rejected,171.25025720602505,N/A,N/A,N/A,0.1412261306884098,0.0,0.0,0.0,STARLINK-4743,0,N/A,N/A,0.0,1.8114367976854153,False,0.0,0.0,0.0,189.28977429554902,0.23661221786943626,Insufficient Energy for CPU+NET,N/A,N/A,N/A
1692,CPU_and_Data_Intensive,Rejected,171.5381650479595,N/A,N/A,N/A,0.2624983449999664,0.0,0.0,0.0,STARLINK-4743,0,N/A,N/A,0.0,1.1447080051433351,False,0.0,0.0,0.0,189.28977429554902,0.23661221786943626,Insufficient Energy for CPU+NET,N/A,N/A,N/A
1693,CPU_Intensive,Rejected,171.6848373746599,N/A,N/A,N/A,0.33838844878234653,0.0,0.0,0.0,STARLINK-4743,0,N/A,N/A,0.0,0.01006294529723003,False,0.0,0.0,0.0,189.28977429554902,0.23661221786943626,Insufficient Energy for CPU,N/A,N/A,N/A
1694,CPU_and_Data_Intensive,Rejected,171.9020565439485,N/A,N/A,N/A,0.43375529467060864,0.0,0.0,0.0,STARLINK-4743,0,N/A,N/A,0.0,3.8529375188435777,False,0.0,0.0,0.0,189.28977429554902,0.23661221786943626,Insufficient Energy for CPU+NET,N/A,N/A,N/A
1695,CPU_and_Data_Intensive,Rejected,172.08007587913076,N/A,N/A,N/A,0.14971463197883675,0.0,0.0,0.0,STARLINK-4743,0,N/A,N/A,0.0,12.822294248347475,False,0.0,0.0,0.0,189.28977429554902,0.23661221786943626,Insufficient Energy for CPU+NET,N/A,N/A,N/A
1696,CPU_Intensive,Rejected,172.1215630699232,N/A,N/A,N/A,0.19596350657976616,0.0,0.0,0.0,STARLINK-4743,0,N/A,N/A,0.0,0.07928562005956229,False,0.0,0.0,0.0,189.28977429554902,0.23661221786943626,Insufficient Energy for CPU,N/A,N/A,N/A
1698,CPU_and_Data_Intensive,Rejected,172.29930406102616,N/A,N/A,N/A,0.5196097949486129,0.0,0.0,0.0,STARLINK-4743,0,N/A,N/A,0.0,7.9153418042036,False,0.0,0.0,0.0,189.28977429554902,0.23661221786943626,Insufficient Energy for CPU+NET,N/A,N/A,N/A
1699,Generic_Service,Rejected,172.3566466168608,N/A,N/A,N/A,0.16929435669989415,0.0,0.0,0.0,STARLINK-4743,0,N/A,N/A,0.0,0.02420024666524262,False,0.0,0.0,0.0,189.28977429554902,0.23661221786943626,Insufficient Energy for CPU,N/A,N/A,N/A
1701,CPU_Intensive,Rejected,172.44229056780893,N/A,N/A,N/A,0.182793806016547,0.0,0.0,0.0,STARLINK-4743,0,N/A,N/A,0.0,0.022601964663002738,False,0.0,0.0,0.0,189.28977429554902,0.23661221786943626,Insufficient Energy for CPU,N/A,N/A,N/A
1702,CPU_Intensive,Rejected,172.7325059698994,N/A,N/A,N/A,0.8044456187152834,0.0,0.0,0.0,STARLINK-4743,0,N/A,N/A,0.0,0.08570571306890767,False,0.0,0.0,0.0,189.28977429554902,0.23661221786943626,Insufficient Energy for CPU,N/A,N/A,N/A
1703,CPU_Intensive,Rejected,172.86178394083387,N/A,N/A,N/A,1.6666848237625407,0.0,0.0,0.0,STARLINK-4743,0,N/A,N/A,0.0,0.039294722556706414,False,0.0,0.0,0.0,189.28977429554902,0.23661221786943626,Insufficient Energy for CPU,N/A,N/A,N/A
1704,CPU_and_Data_Intensive,Rejected,172.9684379687101,N/A,N/A,N/A,3.6970530416815195,0.0,0.0,0.0,STARLINK-4743,0,N/A,N/A,0.0,0.5820846538440978,False,0.0,0.0,0.0,189.28977429554902,0.23661221786943626,Insufficient Energy for CPU+NET,N/A,N/A,N/A
1706,CPU_and_Data_Intensive,Rejected,172.98846356359363,N/A,N/A,N/A,2.7837936981605917,0.0,0.0,0.0,STARLINK-4743,0,N/A,N/A,0.0,1.0690582965526174,False,0.0,0.0,0.0,189.28977429554902,0.23661221786943626,Insufficient Energy for CPU+NET,N/A,N/A,N/A
1707,CPU_and_Data_Intensive,Rejected,172.99487418247386,N/A,N/A,N/A,0.7580987883051089,0.0,0.0,0.0,STARLINK-4743,0,N/A,N/A,0.0,0.8239125131352326,False,0.0,0.0,0.0,189.28977429554902,0.23661221786943626,Insufficient Energy for CPU+NET,N/A,N/A,N/A
1708,CPU_and_Data_Intensive,Rejected,173.17074499175945,N/A,N/A,N/A,0.705264664379121,0.0,0.0,0.0,STARLINK-4743,0,N/A,N/A,0.0,15.1417102324578,False,0.0,0.0,0.0,189.28977429554902,0.23661221786943626,Insufficient Energy for CPU+NET,N/A,N/A,N/A
1709,CPU_Intensive,Rejected,173.1925213948184,N/A,N/A,N/A,0.1068400319319556,0.0,0.0,0.0,STARLINK-4743,0,N/A,N/A,0.0,0.08340438181566008,False,0.0,0.0,0.0,189.28977429554902,0.23661221786943626,Insufficient Energy for CPU,N/A,N/A,N/A
1710,Generic_Service,Rejected,173.28123016717964,N/A,N/A,N/A,0.030166651669577244,0.0,0.0,0.0,STARLINK-4743,0,N/A,N/A,0.0,0.03763045372667871,False,0.0,0.0,0.0,189.28977429554902,0.23661221786943626,Insufficient Energy for CPU,N/A,N/A,N/A
1711,CPU_and_Data_Intensive,Rejected,173.3873598094562,N/A,N/A,N/A,0.12673229502684438,0.0,0.0,0.0,STARLINK-4743,0,N/A,N/A,0.0,1.5125286487212157,False,0.0,0.0,0.0,189.28977429554902,0.23661221786943626,Insufficient Energy for CPU+NET,N/A,N/A,N/A
1712,CPU_Intensive,Rejected,173.38954947996714,N/A,N/A,N/A,0.04524164475434316,0.0,0.0,0.0,STARLINK-4743,0,N/A,N/A,0.0,0.025598909855392003,False,0.0,0.0,0.0,189.28977429554902,0.23661221786943626,Insufficient Energy for CPU,N/A,N/A,N/A
1713,Generic_Service,Rejected,173.4428341675901,N/A,N/A,N/A,0.024777270370605592,0.0,0.0,0.0,STARLINK-4743,0,N/A,N/A,0.0,0.07009453263504331,False,0.0,0.0,0.0,189.28977429554902,0.23661221786943626,Insufficient Energy for CPU,N/A,N/A,N/A
1714,CPU_Intensive,Rejected,173.51587960351188,N/A,N/A,N/A,0.16936509333489522,0.0,0.0,0.0,STARLINK-4743,0,N/A,N/A,0.0,0.048484178274422245,False,0.0,0.0,0.0,189.28977429554902,0.23661221786943626,Insufficient Energy for CPU,N/A,N/A,N/A
1715,Generic_Service,Rejected,173.6851181911672,N/A,N/A,N/A,0.028871666911057456,0.0,0.0,0.0,STARLINK-4743,0,N/A,N/A,0.0,0.038434093304660376,False,0.0,0.0,0.0,189.28977429554902,0.23661221786943626,Insufficient Energy for CPU,N/A,N/A,N/A
1716,CPU_and_Data_Intensive,Rejected,173.8371738715063,N/A,N/A,N/A,0.5907512655310907,0.0,0.0,0.0,STARLINK-4743,0,N/A,N/A,0.0,7.596709142255709,False,0.0,0.0,0.0,189.28977429554902,0.23661221786943626,Insufficient Energy for CPU+NET,N/A,N/A,N/A
1718,CPU_Intensive,Rejected,173.98656764381084,N/A,N/A,N/A,0.16349516806812542,0.0,0.0,0.0,STARLINK-4743,0,N/A,N/A,0.0,0.05466891189045131,False,0.0,0.0,0.0,189.28977429554902,0.23661221786943626,Insufficient Energy for CPU,N/A,N/A,N/A
1719,CPU_Intensive,Rejected,174.0008311907345,N/A,N/A,N/A,0.24328645601575882,0.0,0.0,0.0,STARLINK-4743,0,N/A,N/A,0.0,0.018479892173290366,False,0.0,0.0,0.0,189.28977429554902,0.23661221786943626,Insufficient Energy for CPU,N/A,N/A,N/A
1720,CPU_and_Data_Intensive,Rejected,174.28164502268166,N/A,N/A,N/A,0.29703167245906625,0.0,0.0,0.0,STARLINK-4743,0,N/A,N/A,0.0,0.6453283882521066,False,0.0,0.0,0.0,189.28977429554902,0.23661221786943626,Insufficient Energy for CPU+NET,N/A,N/A,N/A
1722,CPU_and_Data_Intensive,Rejected,174.46973575565212,N/A,N/A,N/A,0.589389914965915,0.0,0.0,0.0,STARLINK-4743,0,N/A,N/A,0.0,142.3870570994142,False,0.0,0.0,0.0,189.28977429554902,0.23661221786943626,Insufficient Energy for CPU+NET,N/A,N/A,N/A
1721,CPU_and_Data_Intensive,Rejected,174.44899149889147,N/A,N/A,N/A,1.0420330073565038,0.0,0.0,0.0,STARLINK-4743,0,N/A,N/A,0.0,311.1216563434393,False,0.0,0.0,0.0,189.28977429554902,0.23661221786943626,Insufficient Energy for CPU+NET,N/A,N/A,N/A
1723,CPU_Intensive,Rejected,174.5612718236868,N/A,N/A,N/A,0.21228754921698176,0.0,0.0,0.0,STARLINK-4743,0,N/A,N/A,0.0,0.07543379033906805,False,0.0,0.0,0.0,189.28977429554902,0.23661221786943626,Insufficient Energy for CPU,N/A,N/A,N/A
1725,CPU_Intensive,Rejected,174.8406020105778,N/A,N/A,N/A,1.0768667050634704,0.0,0.0,0.0,STARLINK-4743,0,N/A,N/A,0.0,0.0628136492028659,False,0.0,0.0,0.0,189.28977429554902,0.23661221786943626,Insufficient Energy for CPU,N/A,N/A,N/A
1726,Generic_Service,Rejected,175.00191310697875,N/A,N/A,N/A,0.024626046595205505,0.0,0.0,0.0,STARLINK-4743,0,N/A,N/A,0.0,0.027987854332159223,False,0.0,0.0,0.0,189.28977429554902,0.23661221786943626,Insufficient Energy for CPU,N/A,N/A,N/A
1727,CPU_Intensive,Rejected,175.00850670657437,N/A,N/A,N/A,0.6634575821334099,0.0,0.0,0.0,STARLINK-4743,0,N/A,N/A,0.0,0.062145249740130436,False,0.0,0.0,0.0,189.28977429554902,0.23661221786943626,Insufficient Energy for CPU,N/A,N/A,N/A
1729,CPU_Intensive,Rejected,175.10313834081526,N/A,N/A,N/A,0.6088520716969634,0.0,0.0,0.0,STARLINK-4743,0,N/A,N/A,0.0,0.03552484742246501,False,0.0,0.0,0.0,189.28977429554902,0.23661221786943626,Insufficient Energy for CPU,N/A,N/A,N/A
1730,CPU_Intensive,Rejected,175.316806836231,N/A,N/A,N/A,0.1550347816785848,0.0,0.0,0.0,STARLINK-4743,0,N/A,N/A,0.0,0.03204250126600053,False,0.0,0.0,0.0,189.28977429554902,0.23661221786943626,Insufficient Energy for CPU,N/A,N/A,N/A
1732,Generic_Service,Rejected,175.78784742508094,N/A,N/A,N/A,0.10643586952677958,0.0,0.0,0.0,STARLINK-4743,0,N/A,N/A,0.0,0.05829708700390608,False,0.0,0.0,0.0,189.28977429554902,0.23661221786943626,Insufficient Energy for CPU,N/A,N/A,N/A
1733,CPU_Intensive,Rejected,175.83305407341265,N/A,N/A,N/A,0.40943075609551194,0.0,0.0,0.0,STARLINK-4743,0,N/A,N/A,0.0,0.025542518001765043,False,0.0,0.0,0.0,189.28977429554902,0.23661221786943626,Insufficient Energy for CPU,N/A,N/A,N/A
1734,CPU_and_Data_Intensive,Rejected,175.83590038735701,N/A,N/A,N/A,1.3066882978089447,0.0,0.0,0.0,STARLINK-4743,0,N/A,N/A,0.0,371.28020610558303,False,0.0,0.0,0.0,189.28977429554902,0.23661221786943626,Insufficient Energy for CPU+NET,N/A,N/A,N/A
1736,CPU_and_Data_Intensive,Rejected,176.00225115921796,N/A,N/A,N/A,1.1717220525583791,0.0,0.0,0.0,STARLINK-4743,0,N/A,N/A,0.0,0.47256554831622405,False,0.0,0.0,0.0,189.28977429554902,0.23661221786943626,Insufficient Energy for CPU+NET,N/A,N/A,N/A
1737,CPU_and_Data_Intensive,Rejected,176.01659254906372,N/A,N/A,N/A,0.3530538271009478,0.0,0.0,0.0,STARLINK-4743,0,N/A,N/A,0.0,1.944949465213192,False,0.0,0.0,0.0,189.28977429554902,0.23661221786943626,Insufficient Energy for CPU+NET,N/A,N/A,N/A
1739,CPU_Intensive,Rejected,176.359935422073,N/A,N/A,N/A,0.6845762607825614,0.0,0.0,0.0,STARLINK-4743,0,N/A,N/A,0.0,0.05925375061260747,False,0.0,0.0,0.0,189.28977429554902,0.23661221786943626,Insufficient Energy for CPU,N/A,N/A,N/A
1740,CPU_Intensive,Rejected,176.37072423657392,N/A,N/A,N/A,0.3800292428632248,0.0,0.0,0.0,STARLINK-4743,0,N/A,N/A,0.0,0.01711265606228629,False,0.0,0.0,0.0,189.28977429554902,0.23661221786943626,Insufficient Energy for CPU,N/A,N/A,N/A
1741,CPU_and_Data_Intensive,Rejected,176.37530095628784,N/A,N/A,N/A,0.6162173853825587,0.0,0.0,0.0,STARLINK-4743,0,N/A,N/A,0.0,158.13535414945915,False,0.0,0.0,0.0,189.28977429554902,0.23661221786943626,Insufficient Energy for CPU+NET,N/A,N/A,N/A
1738,CPU_and_Data_Intensive,Rejected,176.34884586876285,N/A,N/A,N/A,0.9645464594220537,0.0,0.0,0.0,STARLINK-4743,0,N/A,N/A,0.0,437.3775447438415,False,0.0,0.0,0.0,189.28977429554902,0.23661221786943626,Insufficient Energy for CPU+NET,N/A,N/A,N/A
1744,CPU_and_Data_Intensive,Rejected,176.82301978275956,N/A,N/A,N/A,0.7396916780101696,0.0,0.0,0.0,STARLINK-4743,0,N/A,N/A,0.0,1.5876307625954553,False,0.0,0.0,0.0,189.28977429554902,0.23661221786943626,Insufficient Energy for CPU+NET,N/A,N/A,N/A
1742,CPU_and_Data_Intensive,Rejected,176.71709857520324,N/A,N/A,N/A,1.4196558492731877,0.0,0.0,0.0,STARLINK-4743,0,N/A,N/A,0.0,314.05512752737366,False,0.0,0.0,0.0,189.28977429554902,0.23661221786943626,Insufficient Energy for CPU+NET,N/A,N/A,N/A
1747,CPU_Intensive,Rejected,176.92455459444545,N/A,N/A,N/A,0.2573057203090367,0.0,0.0,0.0,STARLINK-4743,0,N/A,N/A,0.0,0.03902977226313942,False,0.0,0.0,0.0,189.28977429554902,0.23661221786943626,Insufficient Energy for CPU,N/A,N/A,N/A
1749,CPU_Intensive,Rejected,177.2859321932255,N/A,N/A,N/A,0.09702882575245479,0.0,0.0,0.0,STARLINK-4743,0,N/A,N/A,0.0,0.06122695256950574,False,0.0,0.0,0.0,189.28977429554902,0.23661221786943626,Insufficient Energy for CPU,N/A,N/A,N/A
1751,Generic_Service,Rejected,177.55429764647715,N/A,N/A,N/A,0.12071763889866877,0.0,0.0,0.0,STARLINK-4743,0,N/A,N/A,0.0,0.062068559138048526,False,0.0,0.0,0.0,189.28977429554902,0.23661221786943626,Insufficient Energy for CPU,N/A,N/A,N/A
1752,CPU_Intensive,Rejected,177.60594967747232,N/A,N/A,N/A,0.15653331562686962,0.0,0.0,0.0,STARLINK-4743,0,N/A,N/A,0.0,0.07479667899936067,False,0.0,0.0,0.0,189.28977429554902,0.23661221786943626,Insufficient Energy for CPU,N/A,N/A,N/A
1754,CPU_Intensive,Rejected,177.72981128649525,N/A,N/A,N/A,0.5436394474395103,0.0,0.0,0.0,STARLINK-4743,0,N/A,N/A,0.0,0.04019851557848602,False,0.0,0.0,0.0,189.28977429554902,0.23661221786943626,Insufficient Energy for CPU,N/A,N/A,N/A
1755,CPU_and_Data_Intensive,Rejected,177.84672997011063,N/A,N/A,N/A,0.12101739347735373,0.0,0.0,0.0,STARLINK-4743,0,N/A,N/A,0.0,1.0656987954787172,False,0.0,0.0,0.0,189.28977429554902,0.23661221786943626,Insufficient Energy for CPU+NET,N/A,N/A,N/A
1756,CPU_and_Data_Intensive,Rejected,178.011962853414,N/A,N/A,N/A,0.4852278990967957,0.0,0.0,0.0,STARLINK-4743,0,N/A,N/A,0.0,9.8298826882395,False,0.0,0.0,0.0,189.28977429554902,0.23661221786943626,Insufficient Energy for CPU+NET,N/A,N/A,N/A
1757,Generic_Service,Rejected,178.03706163053914,N/A,N/A,N/A,0.025830302007707175,0.0,0.0,0.0,STARLINK-4743,0,N/A,N/A,0.0,0.05231562012322356,False,0.0,0.0,0.0,189.28977429554902,0.23661221786943626,Insufficient Energy for CPU,N/A,N/A,N/A
1758,CPU_Intensive,Rejected,178.19614158875228,N/A,N/A,N/A,0.31167830827183546,0.0,0.0,0.0,STARLINK-4743,0,N/A,N/A,0.0,0.08764864732531599,False,0.0,0.0,0.0,189.28977429554902,0.23661221786943626,Insufficient Energy for CPU,N/A,N/A,N/A
1759,Generic_Service,Rejected,178.47074630931715,N/A,N/A,N/A,0.03687771100386854,0.0,0.0,0.0,STARLINK-4743,0,N/A,N/A,0.0,0.013510153296953143,False,0.0,0.0,0.0,189.28977429554902,0.23661221786943626,Insufficient Energy for CPU,N/A,N/A,N/A
1760,CPU_and_Data_Intensive,Rejected,178.64133094703516,N/A,N/A,N/A,0.781494169380427,0.0,0.0,0.0,STARLINK-4743,0,N/A,N/A,0.0,16.73715008876344,False,0.0,0.0,0.0,189.28977429554902,0.23661221786943626,Insufficient Energy for CPU+NET,N/A,N/A,N/A
1761,Generic_Service,Rejected,178.70192682878212,N/A,N/A,N/A,0.11562794241465178,0.0,0.0,0.0,STARLINK-4743,0,N/A,N/A,0.0,0.023916234018950253,False,0.0,0.0,0.0,189.28977429554902,0.23661221786943626,Insufficient Energy for CPU,N/A,N/A,N/A
1762,CPU_Intensive,Rejected,178.73577195182952,N/A,N/A,N/A,0.17077383197065363,0.0,0.0,0.0,STARLINK-4743,0,N/A,N/A,0.0,0.023637568700286174,False,0.0,0.0,0.0,189.28977429554902,0.23661221786943626,Insufficient Energy for CPU,N/A,N/A,N/A
1763,CPU_and_Data_Intensive,Rejected,178.79942650886736,N/A,N/A,N/A,0.30089526243531245,0.0,0.0,0.0,STARLINK-4743,0,N/A,N/A,0.0,0.9770580999395151,False,0.0,0.0,0.0,189.28977429554902,0.23661221786943626,Insufficient Energy for CPU+NET,N/A,N/A,N/A
1764,Generic_Service,Rejected,178.85276916210896,N/A,N/A,N/A,0.03421946217846039,0.0,0.0,0.0,STARLINK-4743,0,N/A,N/A,0.0,0.07560152395441806,False,0.0,0.0,0.0,189.28977429554902,0.23661221786943626,Insufficient Energy for CPU,N/A,N/A,N/A
1767,CPU_and_Data_Intensive,Rejected,179.2870830637246,N/A,N/A,N/A,0.5416029732778959,0.0,0.0,0.0,STARLINK-4743,0,N/A,N/A,0.0,15.733006652139796,False,0.0,0.0,0.0,189.28977429554902,0.23661221786943626,Insufficient Energy for CPU+NET,N/A,N/A,N/A
1768,CPU_Intensive,Rejected,179.5575263313687,N/A,N/A,N/A,0.06319736940067891,0.0,0.0,0.0,STARLINK-4743,0,N/A,N/A,0.0,0.06756692247901573,False,0.0,0.0,0.0,189.28977429554902,0.23661221786943626,Insufficient Energy for CPU,N/A,N/A,N/A
1769,CPU_Intensive,Rejected,179.5637334572282,N/A,N/A,N/A,0.5491697012358221,0.0,0.0,0.0,STARLINK-4743,0,N/A,N/A,0.0,0.035723628570165776,False,0.0,0.0,0.0,189.28977429554902,0.23661221786943626,Insufficient Energy for CPU,N/A,N/A,N/A
1770,CPU_Intensive,Rejected,179.63686817236913,N/A,N/A,N/A,0.6873581151368862,0.0,0.0,0.0,STARLINK-4743,0,N/A,N/A,0.0,0.026981789323575603,False,0.0,0.0,0.0,189.28977429554902,0.23661221786943626,Insufficient Energy for CPU,N/A,N/A,N/A
1771,CPU_Intensive,Rejected,179.70711878660802,N/A,N/A,N/A,0.028637335160351517,0.0,0.0,0.0,STARLINK-4743,0,N/A,N/A,0.0,0.054939348740236336,False,0.0,0.0,0.0,189.28977429554902,0.23661221786943626,Insufficient Energy for CPU,N/A,N/A,N/A
1773,CPU_Intensive,Rejected,179.91519539028644,N/A,N/A,N/A,0.7046815901320577,0.0,0.0,0.0,STARLINK-4743,0,N/A,N/A,0.0,0.04714601838055875,False,0.0,0.0,0.0,189.28977429554902,0.23661221786943626,Insufficient Energy for CPU,N/A,N/A,N/A
1775,CPU_Intensive,Rejected,179.97918254101563,N/A,N/A,N/A,0.35306176321283217,0.0,0.0,0.0,STARLINK-4743,0,N/A,N/A,0.0,0.01757986714723045,False,0.0,0.0,0.0,189.28977429554902,0.23661221786943626,Insufficient Energy for CPU,N/A,N/A,N/A
1776,CPU_and_Data_Intensive,Rejected,180.2398265123949,N/A,N/A,N/A,0.05702842815972129,0.0,0.0,0.0,STARLINK-4743,0,N/A,N/A,0.0,3.540786348317117,False,0.0,0.0,0.0,189.28977429554902,0.23661221786943626,Insufficient Energy for CPU+NET,N/A,N/A,N/A
1777,CPU_and_Data_Intensive,Rejected,180.4256618290724,N/A,N/A,N/A,1.596864452117527,0.0,0.0,0.0,STARLINK-4743,0,N/A,N/A,0.0,23.4641660648963,False,0.0,0.0,0.0,189.28977429554902,0.23661221786943626,Insufficient Energy for CPU+NET,N/A,N/A,N/A
1779,CPU_Intensive,Rejected,180.70360045274964,N/A,N/A,N/A,0.8512934971945687,0.0,0.0,0.0,STARLINK-4743,0,N/A,N/A,0.0,0.058191915817674085,False,0.0,0.0,0.0,189.28977429554902,0.23661221786943626,Insufficient Energy for CPU,N/A,N/A,N/A
1780,CPU_Intensive,Rejected,180.97315200322663,N/A,N/A,N/A,0.10044589432994322,0.0,0.0,0.0,STARLINK-4743,0,N/A,N/A,0.0,0.05532362568587373,False,0.0,0.0,0.0,189.28977429554902,0.23661221786943626,Insufficient Energy for CPU,N/A,N/A,N/A
1782,CPU_Intensive,Rejected,181.10185568319872,N/A,N/A,N/A,0.3386296789105835,0.0,0.0,0.0,STARLINK-4743,0,N/A,N/A,0.0,0.03471667535875772,False,0.0,0.0,0.0,189.28977429554902,0.23661221786943626,Insufficient Energy for CPU,N/A,N/A,N/A
1783,CPU_Intensive,Rejected,181.1253536012853,N/A,N/A,N/A,0.12342107353112496,0.0,0.0,0.0,STARLINK-4743,0,N/A,N/A,0.0,0.025206596616743036,False,0.0,0.0,0.0,189.28977429554902,0.23661221786943626,Insufficient Energy for CPU,N/A,N/A,N/A
1784,CPU_and_Data_Intensive,Rejected,181.33124077683942,N/A,N/A,N/A,0.138946215809099,0.0,0.0,0.0,STARLINK-4743,0,N/A,N/A,0.0,1.2117282674422805,False,0.0,0.0,0.0,189.28977429554902,0.23661221786943626,Insufficient Energy for CPU+NET,N/A,N/A,N/A
1786,Generic_Service,Rejected,181.61730461645655,N/A,N/A,N/A,0.05701350138151056,0.0,0.0,0.0,STARLINK-4743,0,N/A,N/A,0.0,0.08753975523380657,False,0.0,0.0,0.0,189.28977429554902,0.23661221786943626,Insufficient Energy for CPU,N/A,N/A,N/A
1787,CPU_and_Data_Intensive,Rejected,181.64845833802974,N/A,N/A,N/A,0.3042833062041289,0.0,0.0,0.0,STARLINK-4743,0,N/A,N/A,0.0,14.526709284445836,False,0.0,0.0,0.0,189.28977429554902,0.23661221786943626,Insufficient Energy for CPU+NET,N/A,N/A,N/A
1788,CPU_and_Data_Intensive,Rejected,181.68377526430254,N/A,N/A,N/A,2.4877135587974326,0.0,0.0,0.0,STARLINK-4743,0,N/A,N/A,0.0,2.327640569965674,False,0.0,0.0,0.0,189.28977429554902,0.23661221786943626,Insufficient Energy for CPU+NET,N/A,N/A,N/A
1789,CPU_Intensive,Rejected,181.83614563288157,N/A,N/A,N/A,1.0760267208928356,0.0,0.0,0.0,STARLINK-4743,0,N/A,N/A,0.0,0.05857557548905613,False,0.0,0.0,0.0,189.28977429554902,0.23661221786943626,Insufficient Energy for CPU,N/A,N/A,N/A
1790,CPU_Intensive,Rejected,182.07049599965026,N/A,N/A,N/A,0.05247610807501098,0.0,0.0,0.0,STARLINK-4743,0,N/A,N/A,0.0,0.03292855145866773,False,0.0,0.0,0.0,189.28977429554902,0.23661221786943626,Insufficient Energy for CPU,N/A,N/A,N/A
1792,CPU_Intensive,Rejected,182.20844194800023,N/A,N/A,N/A,0.362288080338737,0.0,0.0,0.0,STARLINK-4743,0,N/A,N/A,0.0,0.01975819706844257,False,0.0,0.0,0.0,189.28977429554902,0.23661221786943626,Insufficient Energy for CPU,N/A,N/A,N/A
1794,CPU_and_Data_Intensive,Rejected,182.50748234520398,N/A,N/A,N/A,0.8790780305728921,0.0,0.0,0.0,STARLINK-4743,0,N/A,N/A,0.0,442.14934555697016,False,0.0,0.0,0.0,189.28977429554902,0.23661221786943626,Insufficient Energy for CPU+NET,N/A,N/A,N/A
1795,CPU_and_Data_Intensive,Rejected,182.82720077005598,N/A,N/A,N/A,0.3249394946740026,0.0,0.0,0.0,STARLINK-4743,0,N/A,N/A,0.0,21.265246857210204,False,0.0,0.0,0.0,189.28977429554902,0.23661221786943626,Insufficient Energy for CPU+NET,N/A,N/A,N/A
1796,CPU_Intensive,Rejected,182.9544936117963,N/A,N/A,N/A,0.0794215928202853,0.0,0.0,0.0,STARLINK-4743,0,N/A,N/A,0.0,0.013312903628894547,False,0.0,0.0,0.0,189.28977429554902,0.23661221786943626,Insufficient Energy for CPU,N/A,N/A,N/A
1797,Generic_Service,Rejected,183.02196813049568,N/A,N/A,N/A,0.06279041395340765,0.0,0.0,0.0,STARLINK-4743,0,N/A,N/A,0.0,0.04976944369642566,False,0.0,0.0,0.0,189.28977429554902,0.23661221786943626,Insufficient Energy for CPU,N/A,N/A,N/A
1798,CPU_and_Data_Intensive,Rejected,183.09368285967977,N/A,N/A,N/A,0.026205020100469635,0.0,0.0,0.0,STARLINK-4743,0,N/A,N/A,0.0,0.715708263749812,False,0.0,0.0,0.0,189.28977429554902,0.23661221786943626,Insufficient Energy for CPU+NET,N/A,N/A,N/A
1799,CPU_and_Data_Intensive,Rejected,183.1054676720411,N/A,N/A,N/A,0.028177128197763173,0.0,0.0,0.0,STARLINK-4743,0,N/A,N/A,0.0,1.6228819741082545,False,0.0,0.0,0.0,189.28977429554902,0.23661221786943626,Insufficient Energy for CPU+NET,N/A,N/A,N/A
1802,Generic_Service,Rejected,183.39290950719842,N/A,N/A,N/A,0.06269781444100943,0.0,0.0,0.0,STARLINK-4743,0,N/A,N/A,0.0,0.018336218099139698,False,0.0,0.0,0.0,189.28977429554902,0.23661221786943626,Insufficient Energy for CPU,N/A,N/A,N/A
1804,CPU_Intensive,Rejected,183.6894743850888,N/A,N/A,N/A,0.61742301524453,0.0,0.0,0.0,STARLINK-4743,0,N/A,N/A,0.0,0.054982002536914425,False,0.0,0.0,0.0,189.28977429554902,0.23661221786943626,Insufficient Energy for CPU,N/A,N/A,N/A
1805,CPU_Intensive,Rejected,183.72099191235472,N/A,N/A,N/A,1.568822032013459,0.0,0.0,0.0,STARLINK-4743,0,N/A,N/A,0.0,0.07562432945992062,False,0.0,0.0,0.0,189.28977429554902,0.23661221786943626,Insufficient Energy for CPU,N/A,N/A,N/A
1806,CPU_Intensive,Rejected,183.87335922722153,N/A,N/A,N/A,0.5403425040401137,0.0,0.0,0.0,STARLINK-4743,0,N/A,N/A,0.0,0.0668677652963199,False,0.0,0.0,0.0,189.28977429554902,0.23661221786943626,Insufficient Energy for CPU,N/A,N/A,N/A
1807,CPU_and_Data_Intensive,Rejected,183.92303831824537,N/A,N/A,N/A,0.08511180359939025,0.0,0.0,0.0,STARLINK-4743,0,N/A,N/A,0.0,1.7232277806997773,False,0.0,0.0,0.0,189.28977429554902,0.23661221786943626,Insufficient Energy for CPU+NET,N/A,N/A,N/A
1808,CPU_and_Data_Intensive,Rejected,184.06140909496278,N/A,N/A,N/A,1.1701275304315815,0.0,0.0,0.0,STARLINK-4743,0,N/A,N/A,0.0,337.6618447522945,False,0.0,0.0,0.0,189.28977429554902,0.23661221786943626,Insufficient Energy for CPU+NET,N/A,N/A,N/A
1809,CPU_Intensive,Rejected,184.51894749042222,N/A,N/A,N/A,0.4827522277943196,0.0,0.0,0.0,STARLINK-4743,0,N/A,N/A,0.0,0.07128764602912997,False,0.0,0.0,0.0,189.28977429554902,0.23661221786943626,Insufficient Energy for CPU,N/A,N/A,N/A
1810,CPU_Intensive,Rejected,184.53188888654765,N/A,N/A,N/A,0.5177847569833546,0.0,0.0,0.0,STARLINK-4743,0,N/A,N/A,0.0,0.06936183005198009,False,0.0,0.0,0.0,189.28977429554902,0.23661221786943626,Insufficient Energy for CPU,N/A,N/A,N/A
1811,CPU_Intensive,Rejected,184.64833084707664,N/A,N/A,N/A,0.7887875136793934,0.0,0.0,0.0,STARLINK-4743,0,N/A,N/A,0.0,0.012092257949099228,False,0.0,0.0,0.0,189.28977429554902,0.23661221786943626,Insufficient Energy for CPU,N/A,N/A,N/A
1813,CPU_Intensive,Rejected,184.74707814758062,N/A,N/A,N/A,0.057251203129244956,0.0,0.0,0.0,STARLINK-4743,0,N/A,N/A,0.0,0.021046193702566742,False,0.0,0.0,0.0,189.28977429554902,0.23661221786943626,Insufficient Energy for CPU,N/A,N/A,N/A
1814,CPU_Intensive,Rejected,184.75891652418971,N/A,N/A,N/A,0.1572837729500394,0.0,0.0,0.0,STARLINK-4743,0,N/A,N/A,0.0,0.03989325984004521,False,0.0,0.0,0.0,189.28977429554902,0.23661221786943626,Insufficient Energy for CPU,N/A,N/A,N/A
1815,CPU_Intensive,Rejected,184.79314282776377,N/A,N/A,N/A,0.16506835248081894,0.0,0.0,0.0,STARLINK-4743,0,N/A,N/A,0.0,0.06652997834278496,False,0.0,0.0,0.0,189.28977429554902,0.23661221786943626,Insufficient Energy for CPU,N/A,N/A,N/A
1816,CPU_and_Data_Intensive,Rejected,184.79615308344412,N/A,N/A,N/A,1.6033735533220845,0.0,0.0,0.0,STARLINK-4743,0,N/A,N/A,0.0,13.247489585996224,False,0.0,0.0,0.0,189.28977429554902,0.23661221786943626,Insufficient Energy for CPU+NET,N/A,N/A,N/A
1818,CPU_Intensive,Rejected,185.12772782727123,N/A,N/A,N/A,0.03585585035648293,0.0,0.0,0.0,STARLINK-4743,0,N/A,N/A,0.0,0.03531143232309845,False,0.0,0.0,0.0,189.28977429554902,0.23661221786943626,Insufficient Energy for CPU,N/A,N/A,N/A
1819,CPU_Intensive,Rejected,185.29446847932962,N/A,N/A,N/A,0.31806352125871756,0.0,0.0,0.0,STARLINK-4743,0,N/A,N/A,0.0,0.0518063083747494,False,0.0,0.0,0.0,189.28977429554902,0.23661221786943626,Insufficient Energy for CPU,N/A,N/A,N/A
1821,CPU_Intensive,Rejected,185.62760836880094,N/A,N/A,N/A,0.3286070617222804,0.0,0.0,0.0,STARLINK-4743,0,N/A,N/A,0.0,0.06773686309786019,False,0.0,0.0,0.0,189.28977429554902,0.23661221786943626,Insufficient Energy for CPU,N/A,N/A,N/A
1820,CPU_and_Data_Intensive,Rejected,185.57100517739644,N/A,N/A,N/A,0.8546526868313673,0.0,0.0,0.0,STARLINK-4743,0,N/A,N/A,0.0,192.54199814274912,False,0.0,0.0,0.0,189.28977429554902,0.23661221786943626,Insufficient Energy for CPU+NET,N/A,N/A,N/A
1822,CPU_and_Data_Intensive,Rejected,185.85298480376514,N/A,N/A,N/A,0.5657898242831936,0.0,0.0,0.0,STARLINK-4743,0,N/A,N/A,0.0,2.0441257295922712,False,0.0,0.0,0.0,189.28977429554902,0.23661221786943626,Insufficient Energy for CPU+NET,N/A,N/A,N/A
1823,CPU_Intensive,Rejected,186.1883873558253,N/A,N/A,N/A,0.39727980901589915,0.0,0.0,0.0,STARLINK-4743,0,N/A,N/A,0.0,0.05089394926259418,False,0.0,0.0,0.0,189.28977429554902,0.23661221786943626,Insufficient Energy for CPU,N/A,N/A,N/A
1824,CPU_and_Data_Intensive,Rejected,186.302464104274,N/A,N/A,N/A,0.4230789227175209,0.0,0.0,0.0,STARLINK-4743,0,N/A,N/A,0.0,4.223091791236186,False,0.0,0.0,0.0,189.28977429554902,0.23661221786943626,Insufficient Energy for CPU+NET,N/A,N/A,N/A
1825,CPU_and_Data_Intensive,Rejected,186.31741704956914,N/A,N/A,N/A,0.8850667504966543,0.0,0.0,0.0,STARLINK-4743,0,N/A,N/A,0.0,1.0356521707480488,False,0.0,0.0,0.0,189.28977429554902,0.23661221786943626,Insufficient Energy for CPU+NET,N/A,N/A,N/A
1826,CPU_and_Data_Intensive,Rejected,186.35421242858945,N/A,N/A,N/A,0.5697133172921227,0.0,0.0,0.0,STARLINK-4743,0,N/A,N/A,0.0,1.2973750668123416,False,0.0,0.0,0.0,189.28977429554902,0.23661221786943626,Insufficient Energy for CPU+NET,N/A,N/A,N/A
1827,CPU_Intensive,Rejected,186.84561200355336,N/A,N/A,N/A,0.25220128344748205,0.0,0.0,0.0,STARLINK-4743,0,N/A,N/A,0.0,0.03835417912832906,False,0.0,0.0,0.0,189.28977429554902,0.23661221786943626,Insufficient Energy for CPU,N/A,N/A,N/A
1828,Generic_Service,Rejected,186.86695101971256,N/A,N/A,N/A,0.09473289662097124,0.0,0.0,0.0,STARLINK-4743,0,N/A,N/A,0.0,0.05856477659986248,False,0.0,0.0,0.0,189.28977429554902,0.23661221786943626,Insufficient Energy for CPU,N/A,N/A,N/A
1829,Generic_Service,Rejected,186.874942187597,N/A,N/A,N/A,0.06442235160275188,0.0,0.0,0.0,STARLINK-4743,0,N/A,N/A,0.0,0.029562904605777117,False,0.0,0.0,0.0,189.28977429554902,0.23661221786943626,Insufficient Energy for CPU,N/A,N/A,N/A
1830,CPU_and_Data_Intensive,Rejected,186.87738501210194,N/A,N/A,N/A,1.156055554182857,0.0,0.0,0.0,STARLINK-4743,0,N/A,N/A,0.0,23.54341139905131,False,0.0,0.0,0.0,189.28977429554902,0.23661221786943626,Insufficient Energy for CPU+NET,N/A,N/A,N/A
1831,CPU_and_Data_Intensive,Rejected,187.111853627989,N/A,N/A,N/A,0.3405101545408098,0.0,0.0,0.0,STARLINK-4743,0,N/A,N/A,0.0,8.19899396915439,False,0.0,0.0,0.0,189.28977429554902,0.23661221786943626,Insufficient Energy for CPU+NET,N/A,N/A,N/A
1833,CPU_and_Data_Intensive,Rejected,187.16461177149372,N/A,N/A,N/A,0.4753036826455161,0.0,0.0,0.0,STARLINK-4743,0,N/A,N/A,0.0,178.1336995543138,False,0.0,0.0,0.0,189.28977429554902,0.23661221786943626,Insufficient Energy for CPU+NET,N/A,N/A,N/A
1836,CPU_and_Data_Intensive,Rejected,187.3254395110593,N/A,N/A,N/A,0.42690264071877954,0.0,0.0,0.0,STARLINK-4743,0,N/A,N/A,0.0,0.5687883713837749,False,0.0,0.0,0.0,189.28977429554902,0.23661221786943626,Insufficient Energy for CPU+NET,N/A,N/A,N/A
1837,CPU_Intensive,Rejected,187.52764221409433,N/A,N/A,N/A,0.06360434284646903,0.0,0.0,0.0,STARLINK-4743,0,N/A,N/A,0.0,0.059754915862616075,False,0.0,0.0,0.0,189.28977429554902,0.23661221786943626,Insufficient Energy for CPU,N/A,N/A,N/A
1839,CPU_and_Data_Intensive,Rejected,187.53847726072595,N/A,N/A,N/A,0.35073533746468205,0.0,0.0,0.0,STARLINK-4743,0,N/A,N/A,0.0,0.11952641224680738,False,0.0,0.0,0.0,189.28977429554902,0.23661221786943626,Insufficient Energy for CPU+NET,N/A,N/A,N/A
1840,CPU_and_Data_Intensive,Rejected,187.89571390303783,N/A,N/A,N/A,0.6621198543350268,0.0,0.0,0.0,STARLINK-4743,0,N/A,N/A,0.0,6.33982726150936,False,0.0,0.0,0.0,189.28977429554902,0.23661221786943626,Insufficient Energy for CPU+NET,N/A,N/A,N/A
1841,CPU_Intensive,Rejected,187.9019976313929,N/A,N/A,N/A,1.0662850672994335,0.0,0.0,0.0,STARLINK-4743,0,N/A,N/A,0.0,0.050596106413949966,False,0.0,0.0,0.0,189.28977429554902,0.23661221786943626,Insufficient Energy for CPU,N/A,N/A,N/A
1842,CPU_and_Data_Intensive,Rejected,188.19128925561736,N/A,N/A,N/A,0.8951907976861291,0.0,0.0,0.0,STARLINK-4743,0,N/A,N/A,0.0,1.7680204895217146,False,0.0,0.0,0.0,189.28977429554902,0.23661221786943626,Insufficient Energy for CPU+NET,N/A,N/A,N/A
1844,CPU_Intensive,Rejected,188.28023248757157,N/A,N/A,N/A,0.9276944918847029,0.0,0.0,0.0,STARLINK-4743,0,N/A,N/A,0.0,0.06446178792070786,False,0.0,0.0,0.0,189.28977429554902,0.23661221786943626,Insufficient Energy for CPU,N/A,N/A,N/A
1846,CPU_Intensive,Rejected,188.5604459730749,N/A,N/A,N/A,0.5839427198687432,0.0,0.0,0.0,STARLINK-4743,0,N/A,N/A,0.0,0.030577285963373356,False,0.0,0.0,0.0,189.28977429554902,0.23661221786943626,Insufficient Energy for CPU,N/A,N/A,N/A
1847,CPU_and_Data_Intensive,Rejected,188.58124396247956,N/A,N/A,N/A,0.43482859765758114,0.0,0.0,0.0,STARLINK-4743,0,N/A,N/A,0.0,19.140459510749,False,0.0,0.0,0.0,189.28977429554902,0.23661221786943626,Insufficient Energy for CPU+NET,N/A,N/A,N/A
1849,CPU_and_Data_Intensive,Rejected,189.00688501821242,N/A,N/A,N/A,0.9578025109536562,0.0,0.0,0.0,STARLINK-4743,0,N/A,N/A,0.0,0.9823989597565199,False,0.0,0.0,0.0,189.28977429554902,0.23661221786943626,Insufficient Energy for CPU+NET,N/A,N/A,N/A
1850,CPU_Intensive,Rejected,189.12443759207738,N/A,N/A,N/A,0.5933726131406414,0.0,0.0,0.0,STARLINK-4743,0,N/A,N/A,0.0,0.06753293548879923,False,0.0,0.0,0.0,189.28977429554902,0.23661221786943626,Insufficient Energy for CPU,N/A,N/A,N/A
1851,CPU_Intensive,Rejected,189.31182074813256,N/A,N/A,N/A,0.2506109233154955,0.0,0.0,0.0,STARLINK-4743,0,N/A,N/A,0.0,0.06151487310606791,False,0.0,0.0,0.0,189.28977429554902,0.23661221786943626,Insufficient Energy for CPU,N/A,N/A,N/A
1852,CPU_Intensive,Rejected,189.33907756143697,N/A,N/A,N/A,1.3014354193541375,0.0,0.0,0.0,STARLINK-4743,0,N/A,N/A,0.0,0.04115188572861618,False,0.0,0.0,0.0,189.28977429554902,0.23661221786943626,Insufficient Energy for CPU,N/A,N/A,N/A
1853,CPU_and_Data_Intensive,Rejected,189.4617519472815,N/A,N/A,N/A,2.2973165919763137,0.0,0.0,0.0,STARLINK-4743,0,N/A,N/A,0.0,20.626886043485623,False,0.0,0.0,0.0,189.28977429554902,0.23661221786943626,Insufficient Energy for CPU+NET,N/A,N/A,N/A
1854,Generic_Service,Rejected,189.4744927073842,N/A,N/A,N/A,0.12949493574766827,0.0,0.0,0.0,STARLINK-4743,0,N/A,N/A,0.0,0.08210393387489848,False,0.0,0.0,0.0,189.28977429554902,0.23661221786943626,Insufficient Energy for CPU,N/A,N/A,N/A
1855,CPU_and_Data_Intensive,Rejected,189.67973493234942,N/A,N/A,N/A,0.8297120269085203,0.0,0.0,0.0,STARLINK-4743,0,N/A,N/A,0.0,0.6218435930727887,False,0.0,0.0,0.0,189.28977429554902,0.23661221786943626,Insufficient Energy for CPU+NET,N/A,N/A,N/A
1856,CPU_and_Data_Intensive,Rejected,189.73636625711433,N/A,N/A,N/A,0.17398712184131382,0.0,0.0,0.0,STARLINK-4743,0,N/A,N/A,0.0,11.569825130018948,False,0.0,0.0,0.0,189.28977429554902,0.23661221786943626,Insufficient Energy for CPU+NET,N/A,N/A,N/A
1857,CPU_Intensive,Rejected,189.76381551623007,N/A,N/A,N/A,0.32391779661242115,0.0,0.0,0.0,STARLINK-4743,0,N/A,N/A,0.0,0.02843510947030172,False,0.0,0.0,0.0,189.28977429554902,0.23661221786943626,Insufficient Energy for CPU,N/A,N/A,N/A
1860,CPU_Intensive,Rejected,190.04909984167003,N/A,N/A,N/A,0.9097217684806994,0.0,0.0,0.0,STARLINK-4743,0,N/A,N/A,0.0,0.01081176055531848,False,0.0,0.0,0.0,189.28977429554902,0.23661221786943626,Insufficient Energy for CPU,N/A,N/A,N/A
1861,CPU_and_Data_Intensive,Rejected,190.19013894277484,N/A,N/A,N/A,0.15740466412522214,0.0,0.0,0.0,STARLINK-4743,0,N/A,N/A,0.0,1.2024814145499956,False,0.0,0.0,0.0,189.28977429554902,0.23661221786943626,Insufficient Energy for CPU+NET,N/A,N/A,N/A
1862,CPU_Intensive,Rejected,190.20762275924596,N/A,N/A,N/A,0.7369955350830294,0.0,0.0,0.0,STARLINK-4743,0,N/A,N/A,0.0,0.06540352309342316,False,0.0,0.0,0.0,189.28977429554902,0.23661221786943626,Insufficient Energy for CPU,N/A,N/A,N/A
1863,CPU_Intensive,Rejected,190.24529704381266,N/A,N/A,N/A,0.13025420723503017,0.0,0.0,0.0,STARLINK-4743,0,N/A,N/A,0.0,0.03907300386224413,False,0.0,0.0,0.0,189.28977429554902,0.23661221786943626,Insufficient Energy for CPU,N/A,N/A,N/A
1864,CPU_and_Data_Intensive,Rejected,190.28545091918963,N/A,N/A,N/A,0.4574409280469336,0.0,0.0,0.0,STARLINK-4743,0,N/A,N/A,0.0,5.771968868832718,False,0.0,0.0,0.0,189.28977429554902,0.23661221786943626,Insufficient Energy for CPU+NET,N/A,N/A,N/A
1865,Generic_Service,Rejected,190.33597614547932,N/A,N/A,N/A,0.07597151436638941,0.0,0.0,0.0,STARLINK-4743,0,N/A,N/A,0.0,0.028869538073478314,False,0.0,0.0,0.0,189.28977429554902,0.23661221786943626,Insufficient Energy for CPU,N/A,N/A,N/A
1866,CPU_and_Data_Intensive,Rejected,190.50598013204996,N/A,N/A,N/A,0.3259220723347718,0.0,0.0,0.0,STARLINK-4743,0,N/A,N/A,0.0,1.274801611193487,False,0.0,0.0,0.0,189.28977429554902,0.23661221786943626,Insufficient Energy for CPU+NET,N/A,N/A,N/A
1868,CPU_Intensive,Rejected,190.58947609685166,N/A,N/A,N/A,0.9450178884254588,0.0,0.0,0.0,STARLINK-4743,0,N/A,N/A,0.0,0.07489427528296949,False,0.0,0.0,0.0,189.28977429554902,0.23661221786943626,Insufficient Energy for CPU,N/A,N/A,N/A
1869,CPU_and_Data_Intensive,Rejected,190.66640800777705,N/A,N/A,N/A,0.5681717327120949,0.0,0.0,0.0,STARLINK-4743,0,N/A,N/A,0.0,0.5162056663723895,False,0.0,0.0,0.0,189.28977429554902,0.23661221786943626,Insufficient Energy for CPU+NET,N/A,N/A,N/A
1870,CPU_and_Data_Intensive,Rejected,190.69872491413514,N/A,N/A,N/A,0.13280315781316135,0.0,0.0,0.0,STARLINK-4743,0,N/A,N/A,0.0,1.3044186116522318,False,0.0,0.0,0.0,189.28977429554902,0.23661221786943626,Insufficient Energy for CPU+NET,N/A,N/A,N/A
1872,CPU_and_Data_Intensive,Rejected,190.9084891131067,N/A,N/A,N/A,0.5124168279469667,0.0,0.0,0.0,STARLINK-4743,0,N/A,N/A,0.0,1.5474574715483393,False,0.0,0.0,0.0,189.28977429554902,0.23661221786943626,Insufficient Energy for CPU+NET,N/A,N/A,N/A
1873,CPU_and_Data_Intensive,Rejected,190.92178275389122,N/A,N/A,N/A,3.3484765022242895,0.0,0.0,0.0,STARLINK-4743,0,N/A,N/A,0.0,0.2538781877385618,False,0.0,0.0,0.0,189.28977429554902,0.23661221786943626,Insufficient Energy for CPU+NET,N/A,N/A,N/A
1874,CPU_Intensive,Rejected,190.97686802659842,N/A,N/A,N/A,0.8452396936635798,0.0,0.0,0.0,STARLINK-4743,0,N/A,N/A,0.0,0.04202531198093654,False,0.0,0.0,0.0,189.28977429554902,0.23661221786943626,Insufficient Energy for CPU,N/A,N/A,N/A
1875,Generic_Service,Rejected,191.11896704115838,N/A,N/A,N/A,0.10014634428260814,0.0,0.0,0.0,STARLINK-4743,0,N/A,N/A,0.0,0.05697243407731897,False,0.0,0.0,0.0,189.28977429554902,0.23661221786943626,Insufficient Energy for CPU,N/A,N/A,N/A
1877,Generic_Service,Rejected,191.2073712787751,N/A,N/A,N/A,0.05880242428127208,0.0,0.0,0.0,STARLINK-4743,0,N/A,N/A,0.0,0.05416380029735234,False,0.0,0.0,0.0,189.28977429554902,0.23661221786943626,Insufficient Energy for CPU,N/A,N/A,N/A
1878,CPU_and_Data_Intensive,Rejected,191.2121436239883,N/A,N/A,N/A,0.187290006657189,0.0,0.0,0.0,STARLINK-4743,0,N/A,N/A,0.0,0.4004928985508638,False,0.0,0.0,0.0,189.28977429554902,0.23661221786943626,Insufficient Energy for CPU+NET,N/A,N/A,N/A
1880,CPU_Intensive,Rejected,191.46075771684627,N/A,N/A,N/A,0.30377775319465483,0.0,0.0,0.0,STARLINK-4743,0,N/A,N/A,0.0,0.013238222727992011,False,0.0,0.0,0.0,189.28977429554902,0.23661221786943626,Insufficient Energy for CPU,N/A,N/A,N/A
1881,Generic_Service,Rejected,191.52595951065592,N/A,N/A,N/A,0.040944827476118995,0.0,0.0,0.0,STARLINK-4743,0,N/A,N/A,0.0,0.08205203824531444,False,0.0,0.0,0.0,189.28977429554902,0.23661221786943626,Insufficient Energy for CPU,N/A,N/A,N/A
1883,CPU_and_Data_Intensive,Rejected,191.6428076307823,N/A,N/A,N/A,0.8090767655999916,0.0,0.0,0.0,STARLINK-4743,0,N/A,N/A,0.0,360.35701965086844,False,0.0,0.0,0.0,189.28977429554902,0.23661221786943626,Insufficient Energy for CPU+NET,N/A,N/A,N/A
1885,CPU_Intensive,Rejected,191.87646050180865,N/A,N/A,N/A,0.30009601902228,0.0,0.0,0.0,STARLINK-4743,0,N/A,N/A,0.0,0.03338304246206041,False,0.0,0.0,0.0,189.28977429554902,0.23661221786943626,Insufficient Energy for CPU,N/A,N/A,N/A
1887,CPU_Intensive,Rejected,192.1672395264105,N/A,N/A,N/A,0.578613646219959,0.0,0.0,0.0,STARLINK-4743,0,N/A,N/A,0.0,0.020513695335300793,False,0.0,0.0,0.0,189.28977429554902,0.23661221786943626,Insufficient Energy for CPU,N/A,N/A,N/A
1888,Generic_Service,Rejected,192.19689038668295,N/A,N/A,N/A,0.05989709496011021,0.0,0.0,0.0,STARLINK-4743,0,N/A,N/A,0.0,0.012927915322383576,False,0.0,0.0,0.0,189.28977429554902,0.23661221786943626,Insufficient Energy for CPU,N/A,N/A,N/A
1889,CPU_Intensive,Rejected,192.20024543780272,N/A,N/A,N/A,1.208104259619196,0.0,0.0,0.0,STARLINK-4743,0,N/A,N/A,0.0,0.08084262836325395,False,0.0,0.0,0.0,189.28977429554902,0.23661221786943626,Insufficient Energy for CPU,N/A,N/A,N/A
1890,Generic_Service,Rejected,192.2340138165509,N/A,N/A,N/A,0.051597852696290886,0.0,0.0,0.0,STARLINK-4743,0,N/A,N/A,0.0,0.06997436267420758,False,0.0,0.0,0.0,189.28977429554902,0.23661221786943626,Insufficient Energy for CPU,N/A,N/A,N/A
1891,CPU_and_Data_Intensive,Rejected,192.34122009009582,N/A,N/A,N/A,0.15221941383686313,0.0,0.0,0.0,STARLINK-4743,0,N/A,N/A,0.0,18.49217813811861,False,0.0,0.0,0.0,189.28977429554902,0.23661221786943626,Insufficient Energy for CPU+NET,N/A,N/A,N/A
1892,CPU_and_Data_Intensive,Rejected,192.5688470888732,N/A,N/A,N/A,1.1184483138207257,0.0,0.0,0.0,STARLINK-4743,0,N/A,N/A,0.0,0.322838587440184,False,0.0,0.0,0.0,189.28977429554902,0.23661221786943626,Insufficient Energy for CPU+NET,N/A,N/A,N/A
1893,CPU_Intensive,Rejected,192.89739701389195,N/A,N/A,N/A,0.3685162884396911,0.0,0.0,0.0,STARLINK-4743,0,N/A,N/A,0.0,0.08087498281485088,False,0.0,0.0,0.0,189.28977429554902,0.23661221786943626,Insufficient Energy for CPU,N/A,N/A,N/A
1895,CPU_Intensive,Rejected,192.93451200018453,N/A,N/A,N/A,0.7619953081860572,0.0,0.0,0.0,STARLINK-4743,0,N/A,N/A,0.0,0.028007087168586305,False,0.0,0.0,0.0,189.28977429554902,0.23661221786943626,Insufficient Energy for CPU,N/A,N/A,N/A
1894,CPU_and_Data_Intensive,Rejected,192.9343546887159,N/A,N/A,N/A,0.13204456451659838,0.0,0.0,0.0,STARLINK-4743,0,N/A,N/A,0.0,2.1073933647160827,False,0.0,0.0,0.0,189.28977429554902,0.23661221786943626,Insufficient Energy for CPU+NET,N/A,N/A,N/A
1896,CPU_and_Data_Intensive,Rejected,192.98992426537586,N/A,N/A,N/A,0.12598661704719583,0.0,0.0,0.0,STARLINK-4743,0,N/A,N/A,0.0,1.4434741382357656,False,0.0,0.0,0.0,189.28977429554902,0.23661221786943626,Insufficient Energy for CPU+NET,N/A,N/A,N/A
1897,Generic_Service,Rejected,193.06075525003752,N/A,N/A,N/A,0.026731745890166726,0.0,0.0,0.0,STARLINK-4743,0,N/A,N/A,0.0,0.014691198590587838,False,0.0,0.0,0.0,189.28977429554902,0.23661221786943626,Insufficient Energy for CPU,N/A,N/A,N/A
1898,CPU_Intensive,Rejected,193.1379104058035,N/A,N/A,N/A,0.4917572300715589,0.0,0.0,0.0,STARLINK-4743,0,N/A,N/A,0.0,0.027147847919546476,False,0.0,0.0,0.0,189.28977429554902,0.23661221786943626,Insufficient Energy for CPU,N/A,N/A,N/A
1900,Generic_Service,Rejected,193.27613082981466,N/A,N/A,N/A,0.16454346084474214,0.0,0.0,0.0,STARLINK-4743,0,N/A,N/A,0.0,0.04761976899718719,False,0.0,0.0,0.0,189.28977429554902,0.23661221786943626,Insufficient Energy for CPU,N/A,N/A,N/A
1899,CPU_and_Data_Intensive,Rejected,193.23277974423806,N/A,N/A,N/A,0.3029924772371239,0.0,0.0,0.0,STARLINK-4743,0,N/A,N/A,0.0,154.6004562157372,False,0.0,0.0,0.0,189.28977429554902,0.23661221786943626,Insufficient Energy for CPU+NET,N/A,N/A,N/A
1901,CPU_and_Data_Intensive,Rejected,193.30283057158,N/A,N/A,N/A,0.5103783236056048,0.0,0.0,0.0,STARLINK-4743,0,N/A,N/A,0.0,5.906035142022309,False,0.0,0.0,0.0,189.28977429554902,0.23661221786943626,Insufficient Energy for CPU+NET,N/A,N/A,N/A
1902,CPU_Intensive,Rejected,193.30575729496485,N/A,N/A,N/A,0.49105199513190023,0.0,0.0,0.0,STARLINK-4743,0,N/A,N/A,0.0,0.018870273756456342,False,0.0,0.0,0.0,189.28977429554902,0.23661221786943626,Insufficient Energy for CPU,N/A,N/A,N/A
1904,CPU_Intensive,Rejected,193.3842482994115,N/A,N/A,N/A,0.5890202784516939,0.0,0.0,0.0,STARLINK-4743,0,N/A,N/A,0.0,0.026833247301436318,False,0.0,0.0,0.0,189.28977429554902,0.23661221786943626,Insufficient Energy for CPU,N/A,N/A,N/A
1903,CPU_and_Data_Intensive,Rejected,193.37651560166168,N/A,N/A,N/A,0.8192162322809652,0.0,0.0,0.0,STARLINK-4743,0,N/A,N/A,0.0,153.41869519419654,False,0.0,0.0,0.0,189.28977429554902,0.23661221786943626,Insufficient Energy for CPU+NET,N/A,N/A,N/A
1907,CPU_Intensive,Rejected,193.58376993751037,N/A,N/A,N/A,0.24423132049563404,0.0,0.0,0.0,STARLINK-4743,0,N/A,N/A,0.0,0.0337369894024813,False,0.0,0.0,0.0,189.28977429554902,0.23661221786943626,Insufficient Energy for CPU,N/A,N/A,N/A
1909,CPU_and_Data_Intensive,Rejected,193.790378152332,N/A,N/A,N/A,0.3056964684197986,0.0,0.0,0.0,STARLINK-4743,0,N/A,N/A,0.0,1.743044268753684,False,0.0,0.0,0.0,189.28977429554902,0.23661221786943626,Insufficient Energy for CPU+NET,N/A,N/A,N/A
1910,CPU_Intensive,Rejected,193.83345526989083,N/A,N/A,N/A,0.34118576527204997,0.0,0.0,0.0,STARLINK-4743,0,N/A,N/A,0.0,0.08204871358243078,False,0.0,0.0,0.0,189.28977429554902,0.23661221786943626,Insufficient Energy for CPU,N/A,N/A,N/A
1911,Generic_Service,Rejected,193.94673434167527,N/A,N/A,N/A,0.0441748359196471,0.0,0.0,0.0,STARLINK-4743,0,N/A,N/A,0.0,0.07511050968562638,False,0.0,0.0,0.0,189.28977429554902,0.23661221786943626,Insufficient Energy for CPU,N/A,N/A,N/A
1912,Generic_Service,Rejected,193.95708948933344,N/A,N/A,N/A,0.05268711513959954,0.0,0.0,0.0,STARLINK-4743,0,N/A,N/A,0.0,0.05214178683849948,False,0.0,0.0,0.0,189.28977429554902,0.23661221786943626,Insufficient Energy for CPU,N/A,N/A,N/A
1914,CPU_Intensive,Rejected,194.1211200920047,N/A,N/A,N/A,1.0860264727626352,0.0,0.0,0.0,STARLINK-4743,0,N/A,N/A,0.0,0.030388912276795313,False,0.0,0.0,0.0,189.28977429554902,0.23661221786943626,Insufficient Energy for CPU,N/A,N/A,N/A
1916,CPU_Intensive,Rejected,194.20667547183064,N/A,N/A,N/A,0.23127862511088784,0.0,0.0,0.0,STARLINK-4743,0,N/A,N/A,0.0,0.05671820285652669,False,0.0,0.0,0.0,189.28977429554902,0.23661221786943626,Insufficient Energy for CPU,N/A,N/A,N/A
1917,CPU_and_Data_Intensive,Rejected,194.32989517130858,N/A,N/A,N/A,0.49629924904607164,0.0,0.0,0.0,STARLINK-4743,0,N/A,N/A,0.0,0.31418998889167193,False,0.0,0.0,0.0,189.28977429554902,0.23661221786943626,Insufficient Energy for CPU+NET,N/A,N/A,N/A
1918,CPU_Intensive,Rejected,194.34615464769976,N/A,N/A,N/A,0.5638413084424962,0.0,0.0,0.0,STARLINK-4743,0,N/A,N/A,0.0,0.03952496806827771,False,0.0,0.0,0.0,189.28977429554902,0.23661221786943626,Insufficient Energy for CPU,N/A,N/A,N/A
1919,Generic_Service,Rejected,194.37845143160757,N/A,N/A,N/A,0.022552226821534634,0.0,0.0,0.0,STARLINK-4743,0,N/A,N/A,0.0,0.055036648877601776,False,0.0,0.0,0.0,189.28977429554902,0.23661221786943626,Insufficient Energy for CPU,N/A,N/A,N/A
1920,CPU_Intensive,Rejected,194.5052972352015,N/A,N/A,N/A,0.9047750991835971,0.0,0.0,0.0,STARLINK-4743,0,N/A,N/A,0.0,0.08542535452108284,False,0.0,0.0,0.0,189.28977429554902,0.23661221786943626,Insufficient Energy for CPU,N/A,N/A,N/A
1921,Generic_Service,Rejected,194.515438512434,N/A,N/A,N/A,0.04839611969066554,0.0,0.0,0.0,STARLINK-4743,0,N/A,N/A,0.0,0.02500918880165931,False,0.0,0.0,0.0,189.28977429554902,0.23661221786943626,Insufficient Energy for CPU,N/A,N/A,N/A
1922,Generic_Service,Rejected,194.55560644070616,N/A,N/A,N/A,0.0732509083738169,0.0,0.0,0.0,STARLINK-4743,0,N/A,N/A,0.0,0.043164233583998284,False,0.0,0.0,0.0,189.28977429554902,0.23661221786943626,Insufficient Energy for CPU,N/A,N/A,N/A
1923,CPU_and_Data_Intensive,Rejected,194.7768393556268,N/A,N/A,N/A,0.6139320499230918,0.0,0.0,0.0,STARLINK-4743,0,N/A,N/A,0.0,217.13932651046224,False,0.0,0.0,0.0,189.28977429554902,0.23661221786943626,Insufficient Energy for CPU+NET,N/A,N/A,N/A
1924,CPU_Intensive,Rejected,194.8550042782154,N/A,N/A,N/A,1.6692763286412498,0.0,0.0,0.0,STARLINK-4743,0,N/A,N/A,0.0,0.023540696307272478,False,0.0,0.0,0.0,189.28977429554902,0.23661221786943626,Insufficient Energy for CPU,N/A,N/A,N/A
1925,CPU_Intensive,Rejected,194.89941635721257,N/A,N/A,N/A,0.7908342793054659,0.0,0.0,0.0,STARLINK-4743,0,N/A,N/A,0.0,0.04258999924987072,False,0.0,0.0,0.0,189.28977429554902,0.23661221786943626,Insufficient Energy for CPU,N/A,N/A,N/A
1926,CPU_Intensive,Rejected,195.4360253093867,N/A,N/A,N/A,0.07549205440691455,0.0,0.0,0.0,STARLINK-4743,0,N/A,N/A,0.0,0.020638934036468472,False,0.0,0.0,0.0,189.28977429554902,0.23661221786943626,Insufficient Energy for CPU,N/A,N/A,N/A
1927,CPU_Intensive,Rejected,195.52632396503864,N/A,N/A,N/A,0.061079551823713864,0.0,0.0,0.0,STARLINK-4743,0,N/A,N/A,0.0,0.029387894822478472,False,0.0,0.0,0.0,189.28977429554902,0.23661221786943626,Insufficient Energy for CPU,N/A,N/A,N/A
1929,CPU_and_Data_Intensive,Rejected,195.76155892158494,N/A,N/A,N/A,1.5473847581521218,0.0,0.0,0.0,STARLINK-4743,0,N/A,N/A,0.0,0.8963217278542732,False,0.0,0.0,0.0,189.28977429554902,0.23661221786943626,Insufficient Energy for CPU+NET,N/A,N/A,N/A
1930,CPU_and_Data_Intensive,Rejected,195.77439924019387,N/A,N/A,N/A,0.5886137108521159,0.0,0.0,0.0,STARLINK-4743,0,N/A,N/A,0.0,15.307115881806837,False,0.0,0.0,0.0,189.28977429554902,0.23661221786943626,Insufficient Energy for CPU+NET,N/A,N/A,N/A
1931,CPU_and_Data_Intensive,Rejected,195.8352001386814,N/A,N/A,N/A,0.11876579713580694,0.0,0.0,0.0,STARLINK-4743,0,N/A,N/A,0.0,18.122099479251496,False,0.0,0.0,0.0,189.28977429554902,0.23661221786943626,Insufficient Energy for CPU+NET,N/A,N/A,N/A
1934,CPU_Intensive,Rejected,196.00062304939618,N/A,N/A,N/A,0.5328203044641635,0.0,0.0,0.0,STARLINK-4743,0,N/A,N/A,0.0,0.0590852213389938,False,0.0,0.0,0.0,189.28977429554902,0.23661221786943626,Insufficient Energy for CPU,N/A,N/A,N/A
1936,CPU_and_Data_Intensive,Rejected,196.22924613145156,N/A,N/A,N/A,0.5184015693228059,0.0,0.0,0.0,STARLINK-4743,0,N/A,N/A,0.0,1.9189925571313433,False,0.0,0.0,0.0,189.28977429554902,0.23661221786943626,Insufficient Energy for CPU+NET,N/A,N/A,N/A
1938,CPU_and_Data_Intensive,Rejected,196.37864921334295,N/A,N/A,N/A,1.3641566070638929,0.0,0.0,0.0,STARLINK-4743,0,N/A,N/A,0.0,1.9185162019911537,False,0.0,0.0,0.0,189.28977429554902,0.23661221786943626,Insufficient Energy for CPU+NET,N/A,N/A,N/A
1940,CPU_Intensive,Rejected,196.4180861022118,N/A,N/A,N/A,1.7883312916947356,0.0,0.0,0.0,STARLINK-4743,0,N/A,N/A,0.0,0.016217015139381508,False,0.0,0.0,0.0,189.28977429554902,0.23661221786943626,Insufficient Energy for CPU,N/A,N/A,N/A
1939,CPU_and_Data_Intensive,Rejected,196.4160844250042,N/A,N/A,N/A,0.4235484644071493,0.0,0.0,0.0,STARLINK-4743,0,N/A,N/A,0.0,9.919326646229802,False,0.0,0.0,0.0,189.28977429554902,0.23661221786943626,Insufficient Energy for CPU+NET,N/A,N/A,N/A
1941,CPU_Intensive,Rejected,196.51927126748515,N/A,N/A,N/A,0.3527681500974855,0.0,0.0,0.0,STARLINK-4743,0,N/A,N/A,0.0,0.0644002330548748,False,0.0,0.0,0.0,189.28977429554902,0.23661221786943626,Insufficient Energy for CPU,N/A,N/A,N/A
1942,CPU_and_Data_Intensive,Rejected,196.52584379848048,N/A,N/A,N/A,0.4034434481907225,0.0,0.0,0.0,STARLINK-4743,0,N/A,N/A,0.0,10.203253983996976,False,0.0,0.0,0.0,189.28977429554902,0.23661221786943626,Insufficient Energy for CPU+NET,N/A,N/A,N/A
1943,Generic_Service,Rejected,196.7727285004827,N/A,N/A,N/A,0.055269753931671765,0.0,0.0,0.0,STARLINK-4743,0,N/A,N/A,0.0,0.08632819423835622,False,0.0,0.0,0.0,189.28977429554902,0.23661221786943626,Insufficient Energy for CPU,N/A,N/A,N/A
1946,CPU_Intensive,Rejected,196.79013160568238,N/A,N/A,N/A,0.49093893245727355,0.0,0.0,0.0,STARLINK-4743,0,N/A,N/A,0.0,0.032574524697622044,False,0.0,0.0,0.0,189.28977429554902,0.23661221786943626,Insufficient Energy for CPU,N/A,N/A,N/A
1947,CPU_Intensive,Rejected,196.8660703738957,N/A,N/A,N/A,0.03973435186181973,0.0,0.0,0.0,STARLINK-4743,0,N/A,N/A,0.0,0.025496856603205408,False,0.0,0.0,0.0,189.28977429554902,0.23661221786943626,Insufficient Energy for CPU,N/A,N/A,N/A
1951,Generic_Service,Rejected,197.24648954217423,N/A,N/A,N/A,0.03155236861952331,0.0,0.0,0.0,STARLINK-4743,0,N/A,N/A,0.0,0.060891027730938165,False,0.0,0.0,0.0,189.28977429554902,0.23661221786943626,Insufficient Energy for CPU,N/A,N/A,N/A
1953,Generic_Service,Rejected,197.4212984666616,N/A,N/A,N/A,0.05272014374137712,0.0,0.0,0.0,STARLINK-4743,0,N/A,N/A,0.0,0.02128445334550557,False,0.0,0.0,0.0,189.28977429554902,0.23661221786943626,Insufficient Energy for CPU,N/A,N/A,N/A
1954,Generic_Service,Rejected,197.42301116836114,N/A,N/A,N/A,0.03822773429278142,0.0,0.0,0.0,STARLINK-4743,0,N/A,N/A,0.0,0.046203239375525014,False,0.0,0.0,0.0,189.28977429554902,0.23661221786943626,Insufficient Energy for CPU,N/A,N/A,N/A
1955,Generic_Service,Rejected,197.46386411192435,N/A,N/A,N/A,0.07077832572467123,0.0,0.0,0.0,STARLINK-4743,0,N/A,N/A,0.0,0.05112799206524831,False,0.0,0.0,0.0,189.28977429554902,0.23661221786943626,Insufficient Energy for CPU,N/A,N/A,N/A
1956,CPU_and_Data_Intensive,Rejected,197.48486217224675,N/A,N/A,N/A,0.4150993135210478,0.0,0.0,0.0,STARLINK-4743,0,N/A,N/A,0.0,2.4014290720754916,False,0.0,0.0,0.0,189.28977429554902,0.23661221786943626,Insufficient Energy for CPU+NET,N/A,N/A,N/A
1957,CPU_and_Data_Intensive,Rejected,197.58637704194692,N/A,N/A,N/A,0.17582122965712985,0.0,0.0,0.0,STARLINK-4743,0,N/A,N/A,0.0,0.9495932966160383,False,0.0,0.0,0.0,189.28977429554902,0.23661221786943626,Insufficient Energy for CPU+NET,N/A,N/A,N/A
1958,CPU_and_Data_Intensive,Rejected,197.72494898876948,N/A,N/A,N/A,1.1488023793562907,0.0,0.0,0.0,STARLINK-4743,0,N/A,N/A,0.0,2.160119263942285,False,0.0,0.0,0.0,189.28977429554902,0.23661221786943626,Insufficient Energy for CPU+NET,N/A,N/A,N/A
1960,Generic_Service,Rejected,197.82668715048646,N/A,N/A,N/A,0.12934997234939258,0.0,0.0,0.0,STARLINK-4743,0,N/A,N/A,0.0,0.045767571949476935,False,0.0,0.0,0.0,189.28977429554902,0.23661221786943626,Insufficient Energy for CPU,N/A,N/A,N/A
1962,CPU_and_Data_Intensive,Rejected,197.9539686978968,N/A,N/A,N/A,0.3122865694501713,0.0,0.0,0.0,STARLINK-4743,0,N/A,N/A,0.0,0.4149859803979239,False,0.0,0.0,0.0,189.28977429554902,0.23661221786943626,Insufficient Energy for CPU+NET,N/A,N/A,N/A
1963,CPU_Intensive,Rejected,197.96368837210773,N/A,N/A,N/A,0.5292404512870497,0.0,0.0,0.0,STARLINK-4743,0,N/A,N/A,0.0,0.0725868564199237,False,0.0,0.0,0.0,189.28977429554902,0.23661221786943626,Insufficient Energy for CPU,N/A,N/A,N/A
1964,Generic_Service,Rejected,197.96425922746062,N/A,N/A,N/A,0.03975580929294525,0.0,0.0,0.0,STARLINK-4743,0,N/A,N/A,0.0,0.03353410384298909,False,0.0,0.0,0.0,189.28977429554902,0.23661221786943626,Insufficient Energy for CPU,N/A,N/A,N/A
1965,CPU_and_Data_Intensive,Rejected,197.98984843777032,N/A,N/A,N/A,1.6591135345504437,0.0,0.0,0.0,STARLINK-4743,0,N/A,N/A,0.0,1.5564435893157562,False,0.0,0.0,0.0,189.28977429554902,0.23661221786943626,Insufficient Energy for CPU+NET,N/A,N/A,N/A
1966,CPU_and_Data_Intensive,Rejected,198.1616903386731,N/A,N/A,N/A,0.44036163699107217,0.0,0.0,0.0,STARLINK-4743,0,N/A,N/A,0.0,4.642795186776624,False,0.0,0.0,0.0,189.28977429554902,0.23661221786943626,Insufficient Energy for CPU+NET,N/A,N/A,N/A
1967,CPU_Intensive,Rejected,198.2279715830715,N/A,N/A,N/A,1.6378737046661365,0.0,0.0,0.0,STARLINK-4743,0,N/A,N/A,0.0,0.053378481145759646,False,0.0,0.0,0.0,189.28977429554902,0.23661221786943626,Insufficient Energy for CPU,N/A,N/A,N/A
1968,CPU_and_Data_Intensive,Rejected,198.25475250915758,N/A,N/A,N/A,0.7851170878563883,0.0,0.0,0.0,STARLINK-4743,0,N/A,N/A,0.0,2.1658079576609985,False,0.0,0.0,0.0,189.28977429554902,0.23661221786943626,Insufficient Energy for CPU+NET,N/A,N/A,N/A
1969,CPU_Intensive,Rejected,198.32494860652355,N/A,N/A,N/A,0.1619762085075745,0.0,0.0,0.0,STARLINK-4743,0,N/A,N/A,0.0,0.06017087009559818,False,0.0,0.0,0.0,189.28977429554902,0.23661221786943626,Insufficient Energy for CPU,N/A,N/A,N/A
1970,CPU_Intensive,Rejected,198.37690388137514,N/A,N/A,N/A,0.4977690248960701,0.0,0.0,0.0,STARLINK-4743,0,N/A,N/A,0.0,0.02870206649990402,False,0.0,0.0,0.0,189.28977429554902,0.23661221786943626,Insufficient Energy for CPU,N/A,N/A,N/A
1971,CPU_and_Data_Intensive,Rejected,198.69617155229383,N/A,N/A,N/A,0.0539865262881082,0.0,0.0,0.0,STARLINK-4743,0,N/A,N/A,0.0,2.0465896679587687,False,0.0,0.0,0.0,189.28977429554902,0.23661221786943626,Insufficient Energy for CPU+NET,N/A,N/A,N/A
1972,Generic_Service,Rejected,198.7084492050459,N/A,N/A,N/A,0.04176287411702045,0.0,0.0,0.0,STARLINK-4743,0,N/A,N/A,0.0,0.03457559763843704,False,0.0,0.0,0.0,189.28977429554902,0.23661221786943626,Insufficient Energy for CPU,N/A,N/A,N/A
1974,CPU_and_Data_Intensive,Rejected,198.75320975033017,N/A,N/A,N/A,0.2503117013347474,0.0,0.0,0.0,STARLINK-4743,0,N/A,N/A,0.0,12.798735155814974,False,0.0,0.0,0.0,189.28977429554902,0.23661221786943626,Insufficient Energy for CPU+NET,N/A,N/A,N/A
1976,CPU_Intensive,Rejected,198.9226661839298,N/A,N/A,N/A,0.33887167019943204,0.0,0.0,0.0,STARLINK-4743,0,N/A,N/A,0.0,0.06757582219286146,False,0.0,0.0,0.0,189.28977429554902,0.23661221786943626,Insufficient Energy for CPU,N/A,N/A,N/A
1977,CPU_and_Data_Intensive,Rejected,198.98869152978307,N/A,N/A,N/A,0.6045995614801444,0.0,0.0,0.0,STARLINK-4743,0,N/A,N/A,0.0,13.20619623776869,False,0.0,0.0,0.0,189.28977429554902,0.23661221786943626,Insufficient Energy for CPU+NET,N/A,N/A,N/A
1979,CPU_and_Data_Intensive,Rejected,199.0693224181423,N/A,N/A,N/A,0.5878057243445163,0.0,0.0,0.0,STARLINK-4743,0,N/A,N/A,0.0,4.224047512016545,False,0.0,0.0,0.0,189.28977429554902,0.23661221786943626,Insufficient Energy for CPU+NET,N/A,N/A,N/A
1980,CPU_Intensive,Rejected,199.09894276671236,N/A,N/A,N/A,0.05597770133875595,0.0,0.0,0.0,STARLINK-4743,0,N/A,N/A,0.0,0.037742751862423166,False,0.0,0.0,0.0,189.28977429554902,0.23661221786943626,Insufficient Energy for CPU,N/A,N/A,N/A
1982,CPU_Intensive,Rejected,199.27292714892985,N/A,N/A,N/A,0.5661542569654677,0.0,0.0,0.0,STARLINK-4743,0,N/A,N/A,0.0,0.08135065677939013,False,0.0,0.0,0.0,189.28977429554902,0.23661221786943626,Insufficient Energy for CPU,N/A,N/A,N/A
1983,CPU_Intensive,Rejected,199.3623363608314,N/A,N/A,N/A,0.5255763444898803,0.0,0.0,0.0,STARLINK-4743,0,N/A,N/A,0.0,0.053877961509435995,False,0.0,0.0,0.0,189.28977429554902,0.23661221786943626,Insufficient Energy for CPU,N/A,N/A,N/A
1984,CPU_Intensive,Rejected,199.6930404341825,N/A,N/A,N/A,0.3589952177686391,0.0,0.0,0.0,STARLINK-4743,0,N/A,N/A,0.0,0.08580190862654676,False,0.0,0.0,0.0,189.28977429554902,0.23661221786943626,Insufficient Energy for CPU,N/A,N/A,N/A
1985,Generic_Service,Rejected,199.7822757815044,N/A,N/A,N/A,0.02074770431121906,0.0,0.0,0.0,STARLINK-4743,0,N/A,N/A,0.0,0.028710385721827943,False,0.0,0.0,0.0,189.28977429554902,0.23661221786943626,Insufficient Energy for CPU,N/A,N/A,N/A
1986,CPU_and_Data_Intensive,Rejected,199.8113195318436,N/A,N/A,N/A,0.6549810453512067,0.0,0.0,0.0,STARLINK-4743,0,N/A,N/A,0.0,0.5261530861874695,False,0.0,0.0,0.0,189.28977429554902,0.23661221786943626,Insufficient Energy for CPU+NET,N/A,N/A,N/A
1988,CPU_Intensive,Rejected,200.15597390672255,N/A,N/A,N/A,0.6817761958826578,0.0,0.0,0.0,STARLINK-4743,0,N/A,N/A,0.0,0.03879633009333534,False,0.0,0.0,0.0,189.28977429554902,0.23661221786943626,Insufficient Energy for CPU,N/A,N/A,N/A
1989,CPU_and_Data_Intensive,Rejected,200.28420146744318,N/A,N/A,N/A,0.956049836336614,0.0,0.0,0.0,STARLINK-4743,0,N/A,N/A,0.0,20.6554451425466,False,0.0,0.0,0.0,189.28977429554902,0.23661221786943626,Insufficient Energy for CPU+NET,N/A,N/A,N/A
1990,CPU_and_Data_Intensive,Rejected,200.378484321397,N/A,N/A,N/A,0.2044619047418513,0.0,0.0,0.0,STARLINK-4743,0,N/A,N/A,0.0,1.5294365989908854,False,0.0,0.0,0.0,189.28977429554902,0.23661221786943626,Insufficient Energy for CPU+NET,N/A,N/A,N/A
1991,Generic_Service,Rejected,200.51850000043112,N/A,N/A,N/A,0.025571152368095863,0.0,0.0,0.0,STARLINK-4743,0,N/A,N/A,0.0,0.07838328759485577,False,0.0,0.0,0.0,189.28977429554902,0.23661221786943626,Insufficient Energy for CPU,N/A,N/A,N/A
1993,Generic_Service,Rejected,200.79918223586992,N/A,N/A,N/A,0.050318681192791384,0.0,0.0,0.0,STARLINK-4743,0,N/A,N/A,0.0,0.05842898747864161,False,0.0,0.0,0.0,189.28977429554902,0.23661221786943626,Insufficient Energy for CPU,N/A,N/A,N/A
1995,Generic_Service,Rejected,201.06608156152126,N/A,N/A,N/A,0.022416036203863215,0.0,0.0,0.0,STARLINK-4743,0,N/A,N/A,0.0,0.0445701750076122,False,0.0,0.0,0.0,189.28977429554902,0.23661221786943626,Insufficient Energy for CPU,N/A,N/A,N/A
1996,Generic_Service,Rejected,201.12029785959277,N/A,N/A,N/A,0.06799346478439126,0.0,0.0,0.0,STARLINK-4743,0,N/A,N/A,0.0,0.015273312093789704,False,0.0,0.0,0.0,189.28977429554902,0.23661221786943626,Insufficient Energy for CPU,N/A,N/A,N/A
1997,Generic_Service,Rejected,201.2138280609498,N/A,N/A,N/A,0.036911239042241216,0.0,0.0,0.0,STARLINK-4743,0,N/A,N/A,0.0,0.0636312227745851,False,0.0,0.0,0.0,189.28977429554902,0.23661221786943626,Insufficient Energy for CPU,N/A,N/A,N/A
1998,Generic_Service,Rejected,201.23219335943608,N/A,N/A,N/A,0.12360141205458518,0.0,0.0,0.0,STARLINK-4743,0,N/A,N/A,0.0,0.019694559345798814,False,0.0,0.0,0.0,189.28977429554902,0.23661221786943626,Insufficient Energy for CPU,N/A,N/A,N/A
1999,CPU_and_Data_Intensive,Rejected,201.41427215819326,N/A,N/A,N/A,0.15904133298884152,0.0,0.0,0.0,STARLINK-4743,0,N/A,N/A,0.0,0.39501278197137085,False,0.0,0.0,0.0,189.28977429554902,0.23661221786943626,Insufficient Energy for CPU+NET,N/A,N/A,N/A
2000,CPU_and_Data_Intensive,Rejected,201.53006721588457,N/A,N/A,N/A,0.33265341183037883,0.0,0.0,0.0,STARLINK-4743,0,N/A,N/A,0.0,21.235868173784944,False,0.0,0.0,0.0,189.28977429554902,0.23661221786943626,Insufficient Energy for CPU+NET,N/A,N/A,N/A
2001,CPU_Intensive,Rejected,201.6252659033905,N/A,N/A,N/A,0.5803344264600186,0.0,0.0,0.0,STARLINK-4743,0,N/A,N/A,0.0,0.0588887166084022,False,0.0,0.0,0.0,189.28977429554902,0.23661221786943626,Insufficient Energy for CPU,N/A,N/A,N/A
2002,CPU_and_Data_Intensive,Rejected,201.72236250067235,N/A,N/A,N/A,1.0595574232612555,0.0,0.0,0.0,STARLINK-4743,0,N/A,N/A,0.0,1.5858481368099595,False,0.0,0.0,0.0,189.28977429554902,0.23661221786943626,Insufficient Energy for CPU+NET,N/A,N/A,N/A
2003,CPU_Intensive,Rejected,201.8481064514204,N/A,N/A,N/A,0.3133160351001412,0.0,0.0,0.0,STARLINK-4743,0,N/A,N/A,0.0,0.02080529848696301,False,0.0,0.0,0.0,189.28977429554902,0.23661221786943626,Insufficient Energy for CPU,N/A,N/A,N/A
2004,Generic_Service,Rejected,201.89452409866811,N/A,N/A,N/A,0.0762970212602026,0.0,0.0,0.0,STARLINK-4743,0,N/A,N/A,0.0,0.05641546769461326,False,0.0,0.0,0.0,189.28977429554902,0.23661221786943626,Insufficient Energy for CPU,N/A,N/A,N/A
2005,Generic_Service,Rejected,202.28611723240695,N/A,N/A,N/A,0.23387014256113106,0.0,0.0,0.0,STARLINK-4743,0,N/A,N/A,0.0,0.08468757893998409,False,0.0,0.0,0.0,189.28977429554902,0.23661221786943626,Insufficient Energy for CPU,N/A,N/A,N/A
2006,CPU_Intensive,Rejected,202.35224572963057,N/A,N/A,N/A,0.7910515055585564,0.0,0.0,0.0,STARLINK-4743,0,N/A,N/A,0.0,0.031502964485673184,False,0.0,0.0,0.0,189.28977429554902,0.23661221786943626,Insufficient Energy for CPU,N/A,N/A,N/A
2007,CPU_and_Data_Intensive,Rejected,202.45919402283332,N/A,N/A,N/A,0.227274710414645,0.0,0.0,0.0,STARLINK-4743,0,N/A,N/A,0.0,9.457323774075586,False,0.0,0.0,0.0,189.28977429554902,0.23661221786943626,Insufficient Energy for CPU+NET,N/A,N/A,N/A
2008,CPU_Intensive,Rejected,202.5619098065826,N/A,N/A,N/A,0.9674042800159989,0.0,0.0,0.0,STARLINK-4743,0,N/A,N/A,0.0,0.05233201252871287,False,0.0,0.0,0.0,189.28977429554902,0.23661221786943626,Insufficient Energy for CPU,N/A,N/A,N/A
2009,CPU_and_Data_Intensive,Rejected,202.82120458190894,N/A,N/A,N/A,0.22614440433337538,0.0,0.0,0.0,STARLINK-4743,0,N/A,N/A,0.0,2.0243750870946107,False,0.0,0.0,0.0,189.28977429554902,0.23661221786943626,Insufficient Energy for CPU+NET,N/A,N/A,N/A
2010,CPU_Intensive,Rejected,202.9774701755425,N/A,N/A,N/A,2.374054498917217,0.0,0.0,0.0,STARLINK-4743,0,N/A,N/A,0.0,0.028764049771034646,False,0.0,0.0,0.0,189.28977429554902,0.23661221786943626,Insufficient Energy for CPU,N/A,N/A,N/A
2011,CPU_Intensive,Rejected,203.08493271875477,N/A,N/A,N/A,2.1468066083874566,0.0,0.0,0.0,STARLINK-4743,0,N/A,N/A,0.0,0.08289284195834867,False,0.0,0.0,0.0,189.28977429554902,0.23661221786943626,Insufficient Energy for CPU,N/A,N/A,N/A
2012,CPU_Intensive,Rejected,203.24567857429065,N/A,N/A,N/A,0.6380218751177863,0.0,0.0,0.0,STARLINK-4743,0,N/A,N/A,0.0,0.024953846470718348,False,0.0,0.0,0.0,189.28977429554902,0.23661221786943626,Insufficient Energy for CPU,N/A,N/A,N/A
2013,Generic_Service,Rejected,203.28719890930506,N/A,N/A,N/A,0.02892027347918342,0.0,0.0,0.0,STARLINK-4743,0,N/A,N/A,0.0,0.0766289909883976,False,0.0,0.0,0.0,189.28977429554902,0.23661221786943626,Insufficient Energy for CPU,N/A,N/A,N/A
2014,CPU_Intensive,Rejected,203.32315180695807,N/A,N/A,N/A,0.26611100843460134,0.0,0.0,0.0,STARLINK-4743,0,N/A,N/A,0.0,0.024296874339670857,False,0.0,0.0,0.0,189.28977429554902,0.23661221786943626,Insufficient Energy for CPU,N/A,N/A,N/A
2015,Generic_Service,Rejected,203.50035886240585,N/A,N/A,N/A,0.07359939652493735,0.0,0.0,0.0,STARLINK-4743,0,N/A,N/A,0.0,0.03181509115709974,False,0.0,0.0,0.0,189.28977429554902,0.23661221786943626,Insufficient Energy for CPU,N/A,N/A,N/A
2017,Generic_Service,Rejected,203.5181949022523,N/A,N/A,N/A,0.051361206410980145,0.0,0.0,0.0,STARLINK-4743,0,N/A,N/A,0.0,0.08365287704943301,False,0.0,0.0,0.0,189.28977429554902,0.23661221786943626,Insufficient Energy for CPU,N/A,N/A,N/A
2020,CPU_Intensive,Rejected,203.55244898897476,N/A,N/A,N/A,0.16963320046798178,0.0,0.0,0.0,STARLINK-4743,0,N/A,N/A,0.0,0.04874595932436456,False,0.0,0.0,0.0,189.28977429554902,0.23661221786943626,Insufficient Energy for CPU,N/A,N/A,N/A
2019,CPU_and_Data_Intensive,Rejected,203.52514270519916,N/A,N/A,N/A,1.0686139348587342,0.0,0.0,0.0,STARLINK-4743,0,N/A,N/A,0.0,324.9977685472962,False,0.0,0.0,0.0,189.28977429554902,0.23661221786943626,Insufficient Energy for CPU+NET,N/A,N/A,N/A
2021,CPU_and_Data_Intensive,Rejected,203.63936765515177,N/A,N/A,N/A,0.23850807206402627,0.0,0.0,0.0,STARLINK-4743,0,N/A,N/A,0.0,0.7119137733302091,False,0.0,0.0,0.0,189.28977429554902,0.23661221786943626,Insufficient Energy for CPU+NET,N/A,N/A,N/A
2022,Generic_Service,Rejected,203.67065621296265,N/A,N/A,N/A,0.0319312864287429,0.0,0.0,0.0,STARLINK-4743,0,N/A,N/A,0.0,0.028274527150654094,False,0.0,0.0,0.0,189.28977429554902,0.23661221786943626,Insufficient Energy for CPU,N/A,N/A,N/A
2023,CPU_and_Data_Intensive,Rejected,203.86098397693547,N/A,N/A,N/A,0.263429837464279,0.0,0.0,0.0,STARLINK-4743,0,N/A,N/A,0.0,1.9386422826710459,False,0.0,0.0,0.0,189.28977429554902,0.23661221786943626,Insufficient Energy for CPU+NET,N/A,N/A,N/A
2024,CPU_and_Data_Intensive,Rejected,204.12572879928345,N/A,N/A,N/A,1.1050785568376709,0.0,0.0,0.0,STARLINK-4743,0,N/A,N/A,0.0,13.359743168603757,False,0.0,0.0,0.0,189.28977429554902,0.23661221786943626,Insufficient Energy for CPU+NET,N/A,N/A,N/A
2025,CPU_Intensive,Rejected,204.31631443124758,N/A,N/A,N/A,0.20762727093520542,0.0,0.0,0.0,STARLINK-4743,0,N/A,N/A,0.0,0.07218644893215793,False,0.0,0.0,0.0,189.28977429554902,0.23661221786943626,Insufficient Energy for CPU,N/A,N/A,N/A
2026,CPU_Intensive,Rejected,204.34444530576025,N/A,N/A,N/A,1.2136189324197304,0.0,0.0,0.0,STARLINK-4743,0,N/A,N/A,0.0,0.06636700245134548,False,0.0,0.0,0.0,189.28977429554902,0.23661221786943626,Insufficient Energy for CPU,N/A,N/A,N/A
2028,Generic_Service,Rejected,204.37134857811967,N/A,N/A,N/A,0.033845892100313545,0.0,0.0,0.0,STARLINK-4743,0,N/A,N/A,0.0,0.048595986820968155,False,0.0,0.0,0.0,189.28977429554902,0.23661221786943626,Insufficient Energy for CPU,N/A,N/A,N/A
2029,CPU_and_Data_Intensive,Rejected,204.44128096294494,N/A,N/A,N/A,0.0935453653638984,0.0,0.0,0.0,STARLINK-4743,0,N/A,N/A,0.0,2.069914578049703,False,0.0,0.0,0.0,189.28977429554902,0.23661221786943626,Insufficient Energy for CPU+NET,N/A,N/A,N/A
2027,CPU_and_Data_Intensive,Rejected,204.36937832864587,N/A,N/A,N/A,1.1160505935931495,0.0,0.0,0.0,STARLINK-4743,0,N/A,N/A,0.0,330.5667449597953,False,0.0,0.0,0.0,189.28977429554902,0.23661221786943626,Insufficient Energy for CPU+NET,N/A,N/A,N/A
2030,CPU_Intensive,Rejected,204.5025738461763,N/A,N/A,N/A,0.16045803182520152,0.0,0.0,0.0,STARLINK-4743,0,N/A,N/A,0.0,0.042113169925910125,False,0.0,0.0,0.0,189.28977429554902,0.23661221786943626,Insufficient Energy for CPU,N/A,N/A,N/A
2031,CPU_Intensive,Rejected,204.74185221101078,N/A,N/A,N/A,2.438638709021476,0.0,0.0,0.0,STARLINK-4743,0,N/A,N/A,0.0,0.06606031504259503,False,0.0,0.0,0.0,189.28977429554902,0.23661221786943626,Insufficient Energy for CPU,N/A,N/A,N/A
2032,Generic_Service,Rejected,204.74838516558574,N/A,N/A,N/A,0.02112575579382003,0.0,0.0,0.0,STARLINK-4743,0,N/A,N/A,0.0,0.07658913131279602,False,0.0,0.0,0.0,189.28977429554902,0.23661221786943626,Insufficient Energy for CPU,N/A,N/A,N/A
2033,CPU_Intensive,Rejected,204.83634899614464,N/A,N/A,N/A,0.5150687537042451,0.0,0.0,0.0,STARLINK-4743,0,N/A,N/A,0.0,0.025272635083909437,False,0.0,0.0,0.0,189.28977429554902,0.23661221786943626,Insufficient Energy for CPU,N/A,N/A,N/A
2034,CPU_Intensive,Rejected,204.88101015725792,N/A,N/A,N/A,0.12816346355401592,0.0,0.0,0.0,STARLINK-4743,0,N/A,N/A,0.0,0.03266212783324246,False,0.0,0.0,0.0,189.28977429554902,0.23661221786943626,Insufficient Energy for CPU,N/A,N/A,N/A
2036,CPU_Intensive,Rejected,205.00609324746168,N/A,N/A,N/A,1.0012984347383174,0.0,0.0,0.0,STARLINK-4743,0,N/A,N/A,0.0,0.014149552155635639,False,0.0,0.0,0.0,189.28977429554902,0.23661221786943626,Insufficient Energy for CPU,N/A,N/A,N/A
2037,CPU_and_Data_Intensive,Rejected,205.1187882727855,N/A,N/A,N/A,0.4164046047144542,0.0,0.0,0.0,STARLINK-4743,0,N/A,N/A,0.0,0.12666103142090523,False,0.0,0.0,0.0,189.28977429554902,0.23661221786943626,Insufficient Energy for CPU+NET,N/A,N/A,N/A
2039,CPU_Intensive,Rejected,205.12381750689948,N/A,N/A,N/A,0.7638643305508809,0.0,0.0,0.0,STARLINK-4743,0,N/A,N/A,0.0,0.08603798369691318,False,0.0,0.0,0.0,189.28977429554902,0.23661221786943626,Insufficient Energy for CPU,N/A,N/A,N/A
2042,CPU_Intensive,Rejected,205.33441923866303,N/A,N/A,N/A,2.4447596751045984,0.0,0.0,0.0,STARLINK-4743,0,N/A,N/A,0.0,0.08360927834240801,False,0.0,0.0,0.0,189.28977429554902,0.23661221786943626,Insufficient Energy for CPU,N/A,N/A,N/A
2044,CPU_Intensive,Rejected,205.63085639874913,N/A,N/A,N/A,0.3758046693739052,0.0,0.0,0.0,STARLINK-4743,0,N/A,N/A,0.0,0.05613501301713353,False,0.0,0.0,0.0,189.28977429554902,0.23661221786943626,Insufficient Energy for CPU,N/A,N/A,N/A
2045,Generic_Service,Rejected,205.7174890149111,N/A,N/A,N/A,0.0215871197016688,0.0,0.0,0.0,STARLINK-4743,0,N/A,N/A,0.0,0.08060595926333339,False,0.0,0.0,0.0,189.28977429554902,0.23661221786943626,Insufficient Energy for CPU,N/A,N/A,N/A
2046,CPU_and_Data_Intensive,Rejected,205.73361982794063,N/A,N/A,N/A,0.1531397299093651,0.0,0.0,0.0,STARLINK-4743,0,N/A,N/A,0.0,0.6625871816579091,False,0.0,0.0,0.0,189.28977429554902,0.23661221786943626,Insufficient Energy for CPU+NET,N/A,N/A,N/A
2047,CPU_and_Data_Intensive,Rejected,205.7968286583666,N/A,N/A,N/A,0.129453443639311,0.0,0.0,0.0,STARLINK-4743,0,N/A,N/A,0.0,1.4131452961878543,False,0.0,0.0,0.0,189.28977429554902,0.23661221786943626,Insufficient Energy for CPU+NET,N/A,N/A,N/A
2048,CPU_and_Data_Intensive,Rejected,205.8035936350988,N/A,N/A,N/A,0.3117716412080971,0.0,0.0,0.0,STARLINK-4743,0,N/A,N/A,0.0,1.5241598224950785,False,0.0,0.0,0.0,189.28977429554902,0.23661221786943626,Insufficient Energy for CPU+NET,N/A,N/A,N/A
2049,CPU_and_Data_Intensive,Rejected,206.0441507974296,N/A,N/A,N/A,0.7543500904181599,0.0,0.0,0.0,STARLINK-4743,0,N/A,N/A,0.0,0.489657580798094,False,0.0,0.0,0.0,189.28977429554902,0.23661221786943626,Insufficient Energy for CPU+NET,N/A,N/A,N/A
2052,CPU_Intensive,Rejected,206.2546702723948,N/A,N/A,N/A,0.3152610064121403,0.0,0.0,0.0,STARLINK-4743,0,N/A,N/A,0.0,0.05237429268498977,False,0.0,0.0,0.0,189.28977429554902,0.23661221786943626,Insufficient Energy for CPU,N/A,N/A,N/A
2053,Generic_Service,Rejected,206.26814313378625,N/A,N/A,N/A,0.07658174067855215,0.0,0.0,0.0,STARLINK-4743,0,N/A,N/A,0.0,0.05301432834378769,False,0.0,0.0,0.0,189.28977429554902,0.23661221786943626,Insufficient Energy for CPU,N/A,N/A,N/A
2054,CPU_Intensive,Rejected,206.42872537857707,N/A,N/A,N/A,0.8183709215961413,0.0,0.0,0.0,STARLINK-4743,0,N/A,N/A,0.0,0.01526795385591307,False,0.0,0.0,0.0,189.28977429554902,0.23661221786943626,Insufficient Energy for CPU,N/A,N/A,N/A
2055,CPU_and_Data_Intensive,Rejected,206.5567048523855,N/A,N/A,N/A,0.6185909756296052,0.0,0.0,0.0,STARLINK-4743,0,N/A,N/A,0.0,1.926405838008045,False,0.0,0.0,0.0,189.28977429554902,0.23661221786943626,Insufficient Energy for CPU+NET,N/A,N/A,N/A
2056,CPU_and_Data_Intensive,Rejected,206.59750632435077,N/A,N/A,N/A,0.19439890791368553,0.0,0.0,0.0,STARLINK-4743,0,N/A,N/A,0.0,2.02188817026283,False,0.0,0.0,0.0,189.28977429554902,0.23661221786943626,Insufficient Energy for CPU+NET,N/A,N/A,N/A
2057,CPU_and_Data_Intensive,Rejected,206.71124849266732,N/A,N/A,N/A,0.5171539655059932,0.0,0.0,0.0,STARLINK-4743,0,N/A,N/A,0.0,17.460149483617965,False,0.0,0.0,0.0,189.28977429554902,0.23661221786943626,Insufficient Energy for CPU+NET,N/A,N/A,N/A
2058,Generic_Service,Rejected,206.79541247860817,N/A,N/A,N/A,0.09113839248463665,0.0,0.0,0.0,STARLINK-4743,0,N/A,N/A,0.0,0.013404044421194488,False,0.0,0.0,0.0,189.28977429554902,0.23661221786943626,Insufficient Energy for CPU,N/A,N/A,N/A
2061,CPU_Intensive,Rejected,207.07460362381534,N/A,N/A,N/A,0.0797941302264351,0.0,0.0,0.0,STARLINK-4743,0,N/A,N/A,0.0,0.03556740604309262,False,0.0,0.0,0.0,189.28977429554902,0.23661221786943626,Insufficient Energy for CPU,N/A,N/A,N/A
2062,CPU_Intensive,Rejected,207.16118450064366,N/A,N/A,N/A,0.09122667820852265,0.0,0.0,0.0,STARLINK-4743,0,N/A,N/A,0.0,0.06542764353195035,False,0.0,0.0,0.0,189.28977429554902,0.23661221786943626,Insufficient Energy for CPU,N/A,N/A,N/A
2063,CPU_Intensive,Rejected,207.20342073374758,N/A,N/A,N/A,0.5117488682987399,0.0,0.0,0.0,STARLINK-4743,0,N/A,N/A,0.0,0.0269840310270352,False,0.0,0.0,0.0,189.28977429554902,0.23661221786943626,Insufficient Energy for CPU,N/A,N/A,N/A
2064,CPU_and_Data_Intensive,Rejected,207.20817695757822,N/A,N/A,N/A,0.3683046626817181,0.0,0.0,0.0,STARLINK-4743,0,N/A,N/A,0.0,0.5513759967687082,False,0.0,0.0,0.0,189.28977429554902,0.23661221786943626,Insufficient Energy for CPU+NET,N/A,N/A,N/A
2065,CPU_and_Data_Intensive,Rejected,207.28485969290136,N/A,N/A,N/A,0.6403922821544766,0.0,0.0,0.0,STARLINK-4743,0,N/A,N/A,0.0,0.7203086046662242,False,0.0,0.0,0.0,189.28977429554902,0.23661221786943626,Insufficient Energy for CPU+NET,N/A,N/A,N/A
2066,CPU_and_Data_Intensive,Rejected,207.31388147345174,N/A,N/A,N/A,0.027907335335008956,0.0,0.0,0.0,STARLINK-4743,0,N/A,N/A,0.0,1.0881240859285914,False,0.0,0.0,0.0,189.28977429554902,0.23661221786943626,Insufficient Energy for CPU+NET,N/A,N/A,N/A
2067,CPU_Intensive,Rejected,207.31547629945712,N/A,N/A,N/A,0.10461604468166319,0.0,0.0,0.0,STARLINK-4743,0,N/A,N/A,0.0,0.05528437709305298,False,0.0,0.0,0.0,189.28977429554902,0.23661221786943626,Insufficient Energy for CPU,N/A,N/A,N/A
2068,CPU_Intensive,Rejected,207.50756484580512,N/A,N/A,N/A,0.36245739232446467,0.0,0.0,0.0,STARLINK-4743,0,N/A,N/A,0.0,0.05969040751253229,False,0.0,0.0,0.0,189.28977429554902,0.23661221786943626,Insufficient Energy for CPU,N/A,N/A,N/A
2069,Generic_Service,Rejected,207.54402562213664,N/A,N/A,N/A,0.0503632475415656,0.0,0.0,0.0,STARLINK-4743,0,N/A,N/A,0.0,0.04087902205036374,False,0.0,0.0,0.0,189.28977429554902,0.23661221786943626,Insufficient Energy for CPU,N/A,N/A,N/A
2070,CPU_and_Data_Intensive,Rejected,207.78301802423545,N/A,N/A,N/A,0.12840428603112786,0.0,0.0,0.0,STARLINK-4743,0,N/A,N/A,0.0,2.114056563851666,False,0.0,0.0,0.0,189.28977429554902,0.23661221786943626,Insufficient Energy for CPU+NET,N/A,N/A,N/A
2071,CPU_and_Data_Intensive,Rejected,207.8932108921685,N/A,N/A,N/A,0.8769495635983849,0.0,0.0,0.0,STARLINK-4743,0,N/A,N/A,0.0,19.767702351601557,False,0.0,0.0,0.0,189.28977429554902,0.23661221786943626,Insufficient Energy for CPU+NET,N/A,N/A,N/A
2072,CPU_Intensive,Rejected,207.93190706524223,N/A,N/A,N/A,1.1983528199155222,0.0,0.0,0.0,STARLINK-4743,0,N/A,N/A,0.0,0.06170179270500441,False,0.0,0.0,0.0,189.28977429554902,0.23661221786943626,Insufficient Energy for CPU,N/A,N/A,N/A
2073,CPU_and_Data_Intensive,Rejected,208.1507858405532,N/A,N/A,N/A,0.7551304830965273,0.0,0.0,0.0,STARLINK-4743,0,N/A,N/A,0.0,1.5702343397414638,False,0.0,0.0,0.0,189.28977429554902,0.23661221786943626,Insufficient Energy for CPU+NET,N/A,N/A,N/A
2074,CPU_and_Data_Intensive,Rejected,208.157887095415,N/A,N/A,N/A,0.3673761768447771,0.0,0.0,0.0,STARLINK-4743,0,N/A,N/A,0.0,2.076813472504401,False,0.0,0.0,0.0,189.28977429554902,0.23661221786943626,Insufficient Energy for CPU+NET,N/A,N/A,N/A
2075,CPU_and_Data_Intensive,Rejected,208.2392667701927,N/A,N/A,N/A,2.3143517826213835,0.0,0.0,0.0,STARLINK-4743,0,N/A,N/A,0.0,1.60400446906874,False,0.0,0.0,0.0,189.28977429554902,0.23661221786943626,Insufficient Energy for CPU+NET,N/A,N/A,N/A
2076,CPU_Intensive,Rejected,208.30683829817846,N/A,N/A,N/A,0.0243635595538823,0.0,0.0,0.0,STARLINK-4743,0,N/A,N/A,0.0,0.03566806446873071,False,0.0,0.0,0.0,189.28977429554902,0.23661221786943626,Insufficient Energy for CPU,N/A,N/A,N/A
2077,Generic_Service,Rejected,208.33473744621628,N/A,N/A,N/A,0.18534273124486542,0.0,0.0,0.0,STARLINK-4743,0,N/A,N/A,0.0,0.05273726905870997,False,0.0,0.0,0.0,189.28977429554902,0.23661221786943626,Insufficient Energy for CPU,N/A,N/A,N/A
2078,CPU_and_Data_Intensive,Rejected,208.5584650963513,N/A,N/A,N/A,0.49649297753015065,0.0,0.0,0.0,STARLINK-4743,0,N/A,N/A,0.0,0.5606820909177359,False,0.0,0.0,0.0,189.28977429554902,0.23661221786943626,Insufficient Energy for CPU+NET,N/A,N/A,N/A
2080,CPU_and_Data_Intensive,Rejected,208.74171891233186,N/A,N/A,N/A,0.3323432985979405,0.0,0.0,0.0,STARLINK-4743,0,N/A,N/A,0.0,0.912310606224834,False,0.0,0.0,0.0,189.28977429554902,0.23661221786943626,Insufficient Energy for CPU+NET,N/A,N/A,N/A
2081,Generic_Service,Rejected,208.77310650862066,N/A,N/A,N/A,0.048675824238494717,0.0,0.0,0.0,STARLINK-4743,0,N/A,N/A,0.0,0.048634747273472154,False,0.0,0.0,0.0,189.28977429554902,0.23661221786943626,Insufficient Energy for CPU,N/A,N/A,N/A
2082,CPU_Intensive,Rejected,208.81545170485836,N/A,N/A,N/A,0.7143286895199621,0.0,0.0,0.0,STARLINK-4743,0,N/A,N/A,0.0,0.07253377078280324,False,0.0,0.0,0.0,189.28977429554902,0.23661221786943626,Insufficient Energy for CPU,N/A,N/A,N/A
2083,CPU_Intensive,Rejected,209.18604885656626,N/A,N/A,N/A,0.12836148247827683,0.0,0.0,0.0,STARLINK-4743,0,N/A,N/A,0.0,0.05472032956826388,False,0.0,0.0,0.0,189.28977429554902,0.23661221786943626,Insufficient Energy for CPU,N/A,N/A,N/A
2086,CPU_and_Data_Intensive,Rejected,209.3492296987707,N/A,N/A,N/A,0.07394833851010676,0.0,0.0,0.0,STARLINK-4743,0,N/A,N/A,0.0,16.553390060931655,False,0.0,0.0,0.0,189.28977429554902,0.23661221786943626,Insufficient Energy for CPU+NET,N/A,N/A,N/A
2088,Generic_Service,Rejected,209.79396615206872,N/A,N/A,N/A,0.2131136353237849,0.0,0.0,0.0,STARLINK-4743,0,N/A,N/A,0.0,0.07456962038861428,False,0.0,0.0,0.0,189.28977429554902,0.23661221786943626,Insufficient Energy for CPU,N/A,N/A,N/A
2089,CPU_and_Data_Intensive,Rejected,210.02529800016063,N/A,N/A,N/A,0.0790281099089229,0.0,0.0,0.0,STARLINK-4743,0,N/A,N/A,0.0,16.690507532967132,False,0.0,0.0,0.0,189.28977429554902,0.23661221786943626,Insufficient Energy for CPU+NET,N/A,N/A,N/A
2090,CPU_Intensive,Rejected,210.0668602778582,N/A,N/A,N/A,0.02509102403974797,0.0,0.0,0.0,STARLINK-4743,0,N/A,N/A,0.0,0.023655006798489645,False,0.0,0.0,0.0,189.28977429554902,0.23661221786943626,Insufficient Energy for CPU,N/A,N/A,N/A
2091,CPU_Intensive,Rejected,210.08718920848122,N/A,N/A,N/A,2.1088109730516478,0.0,0.0,0.0,STARLINK-4743,0,N/A,N/A,0.0,0.0432285067566868,False,0.0,0.0,0.0,189.28977429554902,0.23661221786943626,Insufficient Energy for CPU,N/A,N/A,N/A
2092,Generic_Service,Rejected,210.32837000071825,N/A,N/A,N/A,0.03243758931804493,0.0,0.0,0.0,STARLINK-4743,0,N/A,N/A,0.0,0.021657025748331657,False,0.0,0.0,0.0,189.28977429554902,0.23661221786943626,Insufficient Energy for CPU,N/A,N/A,N/A
2093,Generic_Service,Rejected,210.34721093215995,N/A,N/A,N/A,0.09711212350481668,0.0,0.0,0.0,STARLINK-4743,0,N/A,N/A,0.0,0.050704911951961806,False,0.0,0.0,0.0,189.28977429554902,0.23661221786943626,Insufficient Energy for CPU,N/A,N/A,N/A
2094,CPU_Intensive,Rejected,210.53108523213163,N/A,N/A,N/A,0.21069747548454662,0.0,0.0,0.0,STARLINK-4743,0,N/A,N/A,0.0,0.06308963729151343,False,0.0,0.0,0.0,189.28977429554902,0.23661221786943626,Insufficient Energy for CPU,N/A,N/A,N/A
2095,CPU_Intensive,Rejected,210.5844968950691,N/A,N/A,N/A,0.27766152000147215,0.0,0.0,0.0,STARLINK-4743,0,N/A,N/A,0.0,0.05174552898739693,False,0.0,0.0,0.0,189.28977429554902,0.23661221786943626,Insufficient Energy for CPU,N/A,N/A,N/A
2096,CPU_Intensive,Rejected,210.8391626324422,N/A,N/A,N/A,0.6443209911625466,0.0,0.0,0.0,STARLINK-4743,0,N/A,N/A,0.0,0.020479529028298082,False,0.0,0.0,0.0,189.28977429554902,0.23661221786943626,Insufficient Energy for CPU,N/A,N/A,N/A
2097,Generic_Service,Rejected,210.8893997076345,N/A,N/A,N/A,0.038794659606177506,0.0,0.0,0.0,STARLINK-4743,0,N/A,N/A,0.0,0.07829688648377585,False,0.0,0.0,0.0,189.28977429554902,0.23661221786943626,Insufficient Energy for CPU,N/A,N/A,N/A
2099,CPU_and_Data_Intensive,Rejected,210.91550372977957,N/A,N/A,N/A,1.240165717374253,0.0,0.0,0.0,STARLINK-4743,0,N/A,N/A,0.0,18.325650358102795,False,0.0,0.0,0.0,189.28977429554902,0.23661221786943626,Insufficient Energy for CPU+NET,N/A,N/A,N/A
2098,CPU_and_Data_Intensive,Rejected,210.91312272106038,N/A,N/A,N/A,0.5339194851780035,0.0,0.0,0.0,STARLINK-4743,0,N/A,N/A,0.0,169.8420667450397,False,0.0,0.0,0.0,189.28977429554902,0.23661221786943626,Insufficient Energy for CPU+NET,N/A,N/A,N/A
2100,CPU_and_Data_Intensive,Rejected,210.98335203754138,N/A,N/A,N/A,0.6041205792273023,0.0,0.0,0.0,STARLINK-4743,0,N/A,N/A,0.0,2.1280223225552617,False,0.0,0.0,0.0,189.28977429554902,0.23661221786943626,Insufficient Energy for CPU+NET,N/A,N/A,N/A
2101,Generic_Service,Rejected,211.07568387591454,N/A,N/A,N/A,0.05582979176157324,0.0,0.0,0.0,STARLINK-4743,0,N/A,N/A,0.0,0.08411199100415956,False,0.0,0.0,0.0,189.28977429554902,0.23661221786943626,Insufficient Energy for CPU,N/A,N/A,N/A
2102,CPU_and_Data_Intensive,Rejected,211.08846906883892,N/A,N/A,N/A,0.8188603372597588,0.0,0.0,0.0,STARLINK-4743,0,N/A,N/A,0.0,1.973269377705022,False,0.0,0.0,0.0,189.28977429554902,0.23661221786943626,Insufficient Energy for CPU+NET,N/A,N/A,N/A
2103,CPU_Intensive,Rejected,211.19515628112376,N/A,N/A,N/A,0.8400532525808576,0.0,0.0,0.0,STARLINK-4743,0,N/A,N/A,0.0,0.08538451531799696,False,0.0,0.0,0.0,189.28977429554902,0.23661221786943626,Insufficient Energy for CPU,N/A,N/A,N/A
2104,CPU_Intensive,Rejected,211.22534833399178,N/A,N/A,N/A,0.47667372641166933,0.0,0.0,0.0,STARLINK-4743,0,N/A,N/A,0.0,0.07167479862809704,False,0.0,0.0,0.0,189.28977429554902,0.23661221786943626,Insufficient Energy for CPU,N/A,N/A,N/A
2105,Generic_Service,Rejected,211.27709308492362,N/A,N/A,N/A,0.23079561205176713,0.0,0.0,0.0,STARLINK-4743,0,N/A,N/A,0.0,0.08693287856168475,False,0.0,0.0,0.0,189.28977429554902,0.23661221786943626,Insufficient Energy for CPU,N/A,N/A,N/A
2108,Generic_Service,Rejected,211.51238568856812,N/A,N/A,N/A,0.11180971181553515,0.0,0.0,0.0,STARLINK-4743,0,N/A,N/A,0.0,0.07201153230910141,False,0.0,0.0,0.0,189.28977429554902,0.23661221786943626,Insufficient Energy for CPU,N/A,N/A,N/A
2109,CPU_and_Data_Intensive,Rejected,211.55394597245245,N/A,N/A,N/A,0.1257659458758708,0.0,0.0,0.0,STARLINK-4743,0,N/A,N/A,0.0,0.5371098025463525,False,0.0,0.0,0.0,189.28977429554902,0.23661221786943626,Insufficient Energy for CPU+NET,N/A,N/A,N/A
2111,CPU_Intensive,Rejected,211.743003286148,N/A,N/A,N/A,0.0824789734595224,0.0,0.0,0.0,STARLINK-4743,0,N/A,N/A,0.0,0.049244307236273106,False,0.0,0.0,0.0,189.28977429554902,0.23661221786943626,Insufficient Energy for CPU,N/A,N/A,N/A
2112,Generic_Service,Rejected,211.90368683418617,N/A,N/A,N/A,0.04346192344531247,0.0,0.0,0.0,STARLINK-4743,0,N/A,N/A,0.0,0.0715568083667747,False,0.0,0.0,0.0,189.28977429554902,0.23661221786943626,Insufficient Energy for CPU,N/A,N/A,N/A
2113,CPU_Intensive,Rejected,211.9202109667461,N/A,N/A,N/A,0.15549176052850994,0.0,0.0,0.0,STARLINK-4743,0,N/A,N/A,0.0,0.08144086242409825,False,0.0,0.0,0.0,189.28977429554902,0.23661221786943626,Insufficient Energy for CPU,N/A,N/A,N/A
2114,CPU_Intensive,Rejected,212.24083013850384,N/A,N/A,N/A,0.560784702500746,0.0,0.0,0.0,STARLINK-4743,0,N/A,N/A,0.0,0.04041684408269549,False,0.0,0.0,0.0,189.28977429554902,0.23661221786943626,Insufficient Energy for CPU,N/A,N/A,N/A
2116,CPU_Intensive,Rejected,212.30471396006465,N/A,N/A,N/A,0.4809027463295096,0.0,0.0,0.0,STARLINK-4743,0,N/A,N/A,0.0,0.05247763388672228,False,0.0,0.0,0.0,189.28977429554902,0.23661221786943626,Insufficient Energy for CPU,N/A,N/A,N/A
2118,CPU_Intensive,Rejected,212.50795691945723,N/A,N/A,N/A,1.908839978162749,0.0,0.0,0.0,STARLINK-4743,0,N/A,N/A,0.0,0.013033553032223484,False,0.0,0.0,0.0,189.28977429554902,0.23661221786943626,Insufficient Energy for CPU,N/A,N/A,N/A
2120,CPU_and_Data_Intensive,Rejected,212.7759149941431,N/A,N/A,N/A,1.1913016128646847,0.0,0.0,0.0,STARLINK-4743,0,N/A,N/A,0.0,6.067582424621401,False,0.0,0.0,0.0,189.28977429554902,0.23661221786943626,Insufficient Energy for CPU+NET,N/A,N/A,N/A
2121,Generic_Service,Rejected,212.8921148330176,N/A,N/A,N/A,0.09879521212925983,0.0,0.0,0.0,STARLINK-4743,0,N/A,N/A,0.0,0.06229772958536842,False,0.0,0.0,0.0,189.28977429554902,0.23661221786943626,Insufficient Energy for CPU,N/A,N/A,N/A
2123,Generic_Service,Rejected,213.12111977113827,N/A,N/A,N/A,0.056184193709032694,0.0,0.0,0.0,STARLINK-4743,0,N/A,N/A,0.0,0.024147152189164762,False,0.0,0.0,0.0,189.28977429554902,0.23661221786943626,Insufficient Energy for CPU,N/A,N/A,N/A
2124,CPU_and_Data_Intensive,Rejected,213.1271559781941,N/A,N/A,N/A,0.8025481090145877,0.0,0.0,0.0,STARLINK-4743,0,N/A,N/A,0.0,1.6917228374525917,False,0.0,0.0,0.0,189.28977429554902,0.23661221786943626,Insufficient Energy for CPU+NET,N/A,N/A,N/A
2125,Generic_Service,Rejected,213.36331348488667,N/A,N/A,N/A,0.021520214486715112,0.0,0.0,0.0,STARLINK-4743,0,N/A,N/A,0.0,0.012118771488663136,False,0.0,0.0,0.0,189.28977429554902,0.23661221786943626,Insufficient Energy for CPU,N/A,N/A,N/A
2127,CPU_Intensive,Rejected,213.81860965429462,N/A,N/A,N/A,0.57195076301479,0.0,0.0,0.0,STARLINK-4743,0,N/A,N/A,0.0,0.06789440954833764,False,0.0,0.0,0.0,189.28977429554902,0.23661221786943626,Insufficient Energy for CPU,N/A,N/A,N/A
2128,CPU_Intensive,Rejected,213.86656183888024,N/A,N/A,N/A,1.488707556987224,0.0,0.0,0.0,STARLINK-4743,0,N/A,N/A,0.0,0.047983590513699916,False,0.0,0.0,0.0,189.28977429554902,0.23661221786943626,Insufficient Energy for CPU,N/A,N/A,N/A
2129,CPU_and_Data_Intensive,Rejected,213.87616681574264,N/A,N/A,N/A,0.4727792601610444,0.0,0.0,0.0,STARLINK-4743,0,N/A,N/A,0.0,250.14582575862516,False,0.0,0.0,0.0,189.28977429554902,0.23661221786943626,Insufficient Energy for CPU+NET,N/A,N/A,N/A
2130,CPU_and_Data_Intensive,Rejected,214.04210388363575,N/A,N/A,N/A,0.9550426653905998,0.0,0.0,0.0,STARLINK-4743,0,N/A,N/A,0.0,0.21209237839570383,False,0.0,0.0,0.0,189.28977429554902,0.23661221786943626,Insufficient Energy for CPU+NET,N/A,N/A,N/A
2131,Generic_Service,Rejected,214.0541853383983,N/A,N/A,N/A,0.09097140687354306,0.0,0.0,0.0,STARLINK-4743,0,N/A,N/A,0.0,0.08797887985641825,False,0.0,0.0,0.0,189.28977429554902,0.23661221786943626,Insufficient Energy for CPU,N/A,N/A,N/A
2132,CPU_and_Data_Intensive,Rejected,214.258844838928,N/A,N/A,N/A,0.5791969847882036,0.0,0.0,0.0,STARLINK-4743,0,N/A,N/A,0.0,22.094352815682004,False,0.0,0.0,0.0,189.28977429554902,0.23661221786943626,Insufficient Energy for CPU+NET,N/A,N/A,N/A
2133,CPU_and_Data_Intensive,Rejected,214.26442559555701,N/A,N/A,N/A,0.5288142119266573,0.0,0.0,0.0,STARLINK-4743,0,N/A,N/A,0.0,201.73120730078358,False,0.0,0.0,0.0,189.28977429554902,0.23661221786943626,Insufficient Energy for CPU+NET,N/A,N/A,N/A
2134,CPU_and_Data_Intensive,Rejected,214.58393135739811,N/A,N/A,N/A,0.09301637062533134,0.0,0.0,0.0,STARLINK-4743,0,N/A,N/A,0.0,0.9101483173147952,False,0.0,0.0,0.0,189.28977429554902,0.23661221786943626,Insufficient Energy for CPU+NET,N/A,N/A,N/A
2135,CPU_and_Data_Intensive,Rejected,214.7096058390253,N/A,N/A,N/A,1.9465787829941326,0.0,0.0,0.0,STARLINK-4743,0,N/A,N/A,0.0,1.0137644160922596,False,0.0,0.0,0.0,189.28977429554902,0.23661221786943626,Insufficient Energy for CPU+NET,N/A,N/A,N/A
2136,CPU_and_Data_Intensive,Rejected,214.80853248312198,N/A,N/A,N/A,0.3595450716415705,0.0,0.0,0.0,STARLINK-4743,0,N/A,N/A,0.0,1.773861145023014,False,0.0,0.0,0.0,189.28977429554902,0.23661221786943626,Insufficient Energy for CPU+NET,N/A,N/A,N/A
2138,CPU_Intensive,Rejected,214.9879635834209,N/A,N/A,N/A,0.21064463993477991,0.0,0.0,0.0,STARLINK-4743,0,N/A,N/A,0.0,0.0527240972674087,False,0.0,0.0,0.0,189.28977429554902,0.23661221786943626,Insufficient Energy for CPU,N/A,N/A,N/A
2137,CPU_and_Data_Intensive,Rejected,214.92037288610922,N/A,N/A,N/A,0.738037246443358,0.0,0.0,0.0,STARLINK-4743,0,N/A,N/A,0.0,357.283361799884,False,0.0,0.0,0.0,189.28977429554902,0.23661221786943626,Insufficient Energy for CPU+NET,N/A,N/A,N/A
2139,CPU_Intensive,Rejected,215.07919604366492,N/A,N/A,N/A,0.17360485624157287,0.0,0.0,0.0,STARLINK-4743,0,N/A,N/A,0.0,0.08554855940257747,False,0.0,0.0,0.0,189.28977429554902,0.23661221786943626,Insufficient Energy for CPU,N/A,N/A,N/A
2140,CPU_and_Data_Intensive,Rejected,215.21054531564488,N/A,N/A,N/A,1.9710648566606506,0.0,0.0,0.0,STARLINK-4743,0,N/A,N/A,0.0,0.186967893332428,False,0.0,0.0,0.0,189.28977429554902,0.23661221786943626,Insufficient Energy for CPU+NET,N/A,N/A,N/A
2142,CPU_and_Data_Intensive,Rejected,215.48322586953884,N/A,N/A,N/A,1.1175094860644268,0.0,0.0,0.0,STARLINK-4743,0,N/A,N/A,0.0,0.46848213635303565,False,0.0,0.0,0.0,189.28977429554902,0.23661221786943626,Insufficient Energy for CPU+NET,N/A,N/A,N/A
2143,CPU_and_Data_Intensive,Rejected,215.9528707581593,N/A,N/A,N/A,0.291538178646385,0.0,0.0,0.0,STARLINK-4743,0,N/A,N/A,0.0,0.5827074136552225,False,0.0,0.0,0.0,189.28977429554902,0.23661221786943626,Insufficient Energy for CPU+NET,N/A,N/A,N/A
2144,CPU_and_Data_Intensive,Rejected,215.96383526165314,N/A,N/A,N/A,0.7288085019252533,0.0,0.0,0.0,STARLINK-4743,0,N/A,N/A,0.0,0.6895614685394112,False,0.0,0.0,0.0,189.28977429554902,0.23661221786943626,Insufficient Energy for CPU+NET,N/A,N/A,N/A
2145,CPU_and_Data_Intensive,Rejected,216.00274402268073,N/A,N/A,N/A,0.1507829926598564,0.0,0.0,0.0,STARLINK-4743,0,N/A,N/A,0.0,0.4368649501863837,False,0.0,0.0,0.0,189.28977429554902,0.23661221786943626,Insufficient Energy for CPU+NET,N/A,N/A,N/A
2146,CPU_and_Data_Intensive,Rejected,216.07321183039946,N/A,N/A,N/A,1.0500477123721144,0.0,0.0,0.0,STARLINK-4743,0,N/A,N/A,0.0,0.7248969403083011,False,0.0,0.0,0.0,189.28977429554902,0.23661221786943626,Insufficient Energy for CPU+NET,N/A,N/A,N/A
2147,CPU_Intensive,Rejected,216.13348715386326,N/A,N/A,N/A,0.9355575978485302,0.0,0.0,0.0,STARLINK-4743,0,N/A,N/A,0.0,0.020105060957841085,False,0.0,0.0,0.0,189.28977429554902,0.23661221786943626,Insufficient Energy for CPU,N/A,N/A,N/A
2149,Generic_Service,Rejected,216.1798254517337,N/A,N/A,N/A,0.07246161863640499,0.0,0.0,0.0,STARLINK-4743,0,N/A,N/A,0.0,0.03814959676448685,False,0.0,0.0,0.0,189.28977429554902,0.23661221786943626,Insufficient Energy for CPU,N/A,N/A,N/A
2152,Generic_Service,Rejected,216.38047765696496,N/A,N/A,N/A,0.03682679467103813,0.0,0.0,0.0,STARLINK-4743,0,N/A,N/A,0.0,0.048411888548251854,False,0.0,0.0,0.0,189.28977429554902,0.23661221786943626,Insufficient Energy for CPU,N/A,N/A,N/A
2153,CPU_and_Data_Intensive,Rejected,216.56189252654283,N/A,N/A,N/A,2.6239714027818435,0.0,0.0,0.0,STARLINK-4743,0,N/A,N/A,0.0,0.27455192749213975,False,0.0,0.0,0.0,189.28977429554902,0.23661221786943626,Insufficient Energy for CPU+NET,N/A,N/A,N/A
2154,CPU_and_Data_Intensive,Rejected,216.57362577518515,N/A,N/A,N/A,0.6314162423221631,0.0,0.0,0.0,STARLINK-4743,0,N/A,N/A,0.0,1.9172070863653858,False,0.0,0.0,0.0,189.28977429554902,0.23661221786943626,Insufficient Energy for CPU+NET,N/A,N/A,N/A
2155,Generic_Service,Rejected,216.5908712638458,N/A,N/A,N/A,0.07000695108510893,0.0,0.0,0.0,STARLINK-4743,0,N/A,N/A,0.0,0.07222373645262722,False,0.0,0.0,0.0,189.28977429554902,0.23661221786943626,Insufficient Energy for CPU,N/A,N/A,N/A
2156,CPU_Intensive,Rejected,216.76674624370503,N/A,N/A,N/A,0.5485871349807033,0.0,0.0,0.0,STARLINK-4743,0,N/A,N/A,0.0,0.043111518662617886,False,0.0,0.0,0.0,189.28977429554902,0.23661221786943626,Insufficient Energy for CPU,N/A,N/A,N/A
2158,CPU_and_Data_Intensive,Rejected,216.82794775807892,N/A,N/A,N/A,0.2368632453958745,0.0,0.0,0.0,STARLINK-4743,0,N/A,N/A,0.0,0.030894641465618267,False,0.0,0.0,0.0,189.28977429554902,0.23661221786943626,Insufficient Energy for CPU+NET,N/A,N/A,N/A
2157,CPU_and_Data_Intensive,Rejected,216.8238475842881,N/A,N/A,N/A,0.513889067887578,0.0,0.0,0.0,STARLINK-4743,0,N/A,N/A,0.0,208.5196381157802,False,0.0,0.0,0.0,189.28977429554902,0.23661221786943626,Insufficient Energy for CPU+NET,N/A,N/A,N/A
2159,CPU_Intensive,Rejected,216.96759350117523,N/A,N/A,N/A,1.1811067635331898,0.0,0.0,0.0,STARLINK-4743,0,N/A,N/A,0.0,0.06319673622411773,False,0.0,0.0,0.0,189.28977429554902,0.23661221786943626,Insufficient Energy for CPU,N/A,N/A,N/A
2160,Generic_Service,Rejected,216.9779173810721,N/A,N/A,N/A,0.0655031044853046,0.0,0.0,0.0,STARLINK-4743,0,N/A,N/A,0.0,0.03108441266923824,False,0.0,0.0,0.0,189.28977429554902,0.23661221786943626,Insufficient Energy for CPU,N/A,N/A,N/A
2162,CPU_and_Data_Intensive,Rejected,217.16955593860862,N/A,N/A,N/A,0.31036960000954333,0.0,0.0,0.0,STARLINK-4743,0,N/A,N/A,0.0,4.467803433159871,False,0.0,0.0,0.0,189.28977429554902,0.23661221786943626,Insufficient Energy for CPU+NET,N/A,N/A,N/A
2164,CPU_and_Data_Intensive,Rejected,217.54436648725425,N/A,N/A,N/A,0.4176144890122624,0.0,0.0,0.0,STARLINK-4743,0,N/A,N/A,0.0,0.5904405649384409,False,0.0,0.0,0.0,189.28977429554902,0.23661221786943626,Insufficient Energy for CPU+NET,N/A,N/A,N/A
2165,CPU_Intensive,Rejected,217.680970916215,N/A,N/A,N/A,0.8877001564810167,0.0,0.0,0.0,STARLINK-4743,0,N/A,N/A,0.0,0.08145068793421735,False,0.0,0.0,0.0,189.28977429554902,0.23661221786943626,Insufficient Energy for CPU,N/A,N/A,N/A
2166,Generic_Service,Rejected,217.81128865398455,N/A,N/A,N/A,0.07896099691130001,0.0,0.0,0.0,STARLINK-4743,0,N/A,N/A,0.0,0.017128264371960827,False,0.0,0.0,0.0,189.28977429554902,0.23661221786943626,Insufficient Energy for CPU,N/A,N/A,N/A
2167,Generic_Service,Rejected,217.88859661214966,N/A,N/A,N/A,0.027067524785621067,0.0,0.0,0.0,STARLINK-4743,0,N/A,N/A,0.0,0.05096124346350206,False,0.0,0.0,0.0,189.28977429554902,0.23661221786943626,Insufficient Energy for CPU,N/A,N/A,N/A
2168,CPU_and_Data_Intensive,Rejected,218.21042866846284,N/A,N/A,N/A,0.7633432703469202,0.0,0.0,0.0,STARLINK-4743,0,N/A,N/A,0.0,0.8676728707100415,False,0.0,0.0,0.0,189.28977429554902,0.23661221786943626,Insufficient Energy for CPU+NET,N/A,N/A,N/A
2170,CPU_Intensive,Rejected,218.27514869986692,N/A,N/A,N/A,0.06321306316850979,0.0,0.0,0.0,STARLINK-4743,0,N/A,N/A,0.0,0.012785593850854763,False,0.0,0.0,0.0,189.28977429554902,0.23661221786943626,Insufficient Energy for CPU,N/A,N/A,N/A
2171,Generic_Service,Rejected,218.29200979474058,N/A,N/A,N/A,0.08775848787431384,0.0,0.0,0.0,STARLINK-4743,0,N/A,N/A,0.0,0.055170790248509675,False,0.0,0.0,0.0,189.28977429554902,0.23661221786943626,Insufficient Energy for CPU,N/A,N/A,N/A
2172,CPU_Intensive,Rejected,218.40216377687332,N/A,N/A,N/A,0.5997266492975941,0.0,0.0,0.0,STARLINK-4743,0,N/A,N/A,0.0,0.086893759042865,False,0.0,0.0,0.0,189.28977429554902,0.23661221786943626,Insufficient Energy for CPU,N/A,N/A,N/A
2174,Generic_Service,Rejected,218.77837134056622,N/A,N/A,N/A,0.0374721293009597,0.0,0.0,0.0,STARLINK-4743,0,N/A,N/A,0.0,0.08068092647874535,False,0.0,0.0,0.0,189.28977429554902,0.23661221786943626,Insufficient Energy for CPU,N/A,N/A,N/A
2175,Generic_Service,Rejected,218.96283329097184,N/A,N/A,N/A,0.10260845011648717,0.0,0.0,0.0,STARLINK-4743,0,N/A,N/A,0.0,0.046622325749660555,False,0.0,0.0,0.0,189.28977429554902,0.23661221786943626,Insufficient Energy for CPU,N/A,N/A,N/A
2178,Generic_Service,Rejected,219.25355678020375,N/A,N/A,N/A,0.09440936715876674,0.0,0.0,0.0,STARLINK-4743,0,N/A,N/A,0.0,0.03515368541589188,False,0.0,0.0,0.0,189.28977429554902,0.23661221786943626,Insufficient Energy for CPU,N/A,N/A,N/A
2179,CPU_and_Data_Intensive,Rejected,219.3122219058168,N/A,N/A,N/A,0.19601678538154946,0.0,0.0,0.0,STARLINK-4743,0,N/A,N/A,0.0,6.773937778385304,False,0.0,0.0,0.0,189.28977429554902,0.23661221786943626,Insufficient Energy for CPU+NET,N/A,N/A,N/A
2180,CPU_and_Data_Intensive,Rejected,219.58806252644163,N/A,N/A,N/A,0.5656700404785328,0.0,0.0,0.0,STARLINK-4743,0,N/A,N/A,0.0,11.530817733218736,False,0.0,0.0,0.0,189.28977429554902,0.23661221786943626,Insufficient Energy for CPU+NET,N/A,N/A,N/A
2181,Generic_Service,Rejected,219.64428850391434,N/A,N/A,N/A,0.041158435207257794,0.0,0.0,0.0,STARLINK-4743,0,N/A,N/A,0.0,0.03515798850423949,False,0.0,0.0,0.0,189.28977429554902,0.23661221786943626,Insufficient Energy for CPU,N/A,N/A,N/A
2182,Generic_Service,Rejected,219.65958765541552,N/A,N/A,N/A,0.04707467991734692,0.0,0.0,0.0,STARLINK-4743,0,N/A,N/A,0.0,0.01424564502767367,False,0.0,0.0,0.0,189.28977429554902,0.23661221786943626,Insufficient Energy for CPU,N/A,N/A,N/A
2183,CPU_Intensive,Rejected,219.77787590505415,N/A,N/A,N/A,0.6592939897136806,0.0,0.0,0.0,STARLINK-4743,0,N/A,N/A,0.0,0.04992906287475383,False,0.0,0.0,0.0,189.28977429554902,0.23661221786943626,Insufficient Energy for CPU,N/A,N/A,N/A
2184,Generic_Service,Rejected,219.96249126913085,N/A,N/A,N/A,0.020639527429613228,0.0,0.0,0.0,STARLINK-4743,0,N/A,N/A,0.0,0.010727521082133897,False,0.0,0.0,0.0,189.28977429554902,0.23661221786943626,Insufficient Energy for CPU,N/A,N/A,N/A
2185,Generic_Service,Rejected,220.05135369529322,N/A,N/A,N/A,0.08254542898952996,0.0,0.0,0.0,STARLINK-4743,0,N/A,N/A,0.0,0.08297480949966414,False,0.0,0.0,0.0,189.28977429554902,0.23661221786943626,Insufficient Energy for CPU,N/A,N/A,N/A
2186,CPU_and_Data_Intensive,Rejected,220.2670350452063,N/A,N/A,N/A,0.30226569961375044,0.0,0.0,0.0,STARLINK-4743,0,N/A,N/A,0.0,0.782211181885217,False,0.0,0.0,0.0,189.28977429554902,0.23661221786943626,Insufficient Energy for CPU+NET,N/A,N/A,N/A
2187,CPU_Intensive,Rejected,220.29234615005777,N/A,N/A,N/A,0.43564390575945294,0.0,0.0,0.0,STARLINK-4743,0,N/A,N/A,0.0,0.039070248312799746,False,0.0,0.0,0.0,189.28977429554902,0.23661221786943626,Insufficient Energy for CPU,N/A,N/A,N/A
2188,Generic_Service,Rejected,220.3535313498867,N/A,N/A,N/A,0.07450289516749359,0.0,0.0,0.0,STARLINK-4743,0,N/A,N/A,0.0,0.027360661738045036,False,0.0,0.0,0.0,189.28977429554902,0.23661221786943626,Insufficient Energy for CPU,N/A,N/A,N/A
2189,CPU_and_Data_Intensive,Rejected,220.42970018887104,N/A,N/A,N/A,0.19656321397661342,0.0,0.0,0.0,STARLINK-4743,0,N/A,N/A,0.0,0.3642038366724923,False,0.0,0.0,0.0,189.28977429554902,0.23661221786943626,Insufficient Energy for CPU+NET,N/A,N/A,N/A
2190,CPU_Intensive,Rejected,220.48445105857644,N/A,N/A,N/A,0.137841375652555,0.0,0.0,0.0,STARLINK-4743,0,N/A,N/A,0.0,0.05142349974332808,False,0.0,0.0,0.0,189.28977429554902,0.23661221786943626,Insufficient Energy for CPU,N/A,N/A,N/A
2191,CPU_and_Data_Intensive,Rejected,220.52764260608814,N/A,N/A,N/A,0.307715997875248,0.0,0.0,0.0,STARLINK-4743,0,N/A,N/A,0.0,2.119433200271564,False,0.0,0.0,0.0,189.28977429554902,0.23661221786943626,Insufficient Energy for CPU+NET,N/A,N/A,N/A
2193,CPU_and_Data_Intensive,Rejected,220.74522617766348,N/A,N/A,N/A,0.19067213216019638,0.0,0.0,0.0,STARLINK-4743,0,N/A,N/A,0.0,1.4536790707603229,False,0.0,0.0,0.0,189.28977429554902,0.23661221786943626,Insufficient Energy for CPU+NET,N/A,N/A,N/A
2192,CPU_and_Data_Intensive,Rejected,220.69118897484012,N/A,N/A,N/A,1.1026397276944155,0.0,0.0,0.0,STARLINK-4743,0,N/A,N/A,0.0,406.08024683858105,False,0.0,0.0,0.0,189.28977429554902,0.23661221786943626,Insufficient Energy for CPU+NET,N/A,N/A,N/A
2194,Generic_Service,Rejected,220.9876337745538,N/A,N/A,N/A,0.022500199892988675,0.0,0.0,0.0,STARLINK-4743,0,N/A,N/A,0.0,0.04668643423580233,False,0.0,0.0,0.0,189.28977429554902,0.23661221786943626,Insufficient Energy for CPU,N/A,N/A,N/A
2195,CPU_and_Data_Intensive,Rejected,220.98835354897787,N/A,N/A,N/A,0.02890853320823996,0.0,0.0,0.0,STARLINK-4743,0,N/A,N/A,0.0,1.9666929571742433,False,0.0,0.0,0.0,189.28977429554902,0.23661221786943626,Insufficient Energy for CPU+NET,N/A,N/A,N/A
2196,CPU_Intensive,Rejected,221.0559519084799,N/A,N/A,N/A,0.1641842569165821,0.0,0.0,0.0,STARLINK-4743,0,N/A,N/A,0.0,0.04062620287685061,False,0.0,0.0,0.0,189.28977429554902,0.23661221786943626,Insufficient Energy for CPU,N/A,N/A,N/A
2197,Generic_Service,Rejected,221.27553305605957,N/A,N/A,N/A,0.0403714693225012,0.0,0.0,0.0,STARLINK-4743,0,N/A,N/A,0.0,0.02557422940683691,False,0.0,0.0,0.0,189.28977429554902,0.23661221786943626,Insufficient Energy for CPU,N/A,N/A,N/A
2198,CPU_Intensive,Rejected,221.32183024276782,N/A,N/A,N/A,0.038179299041978115,0.0,0.0,0.0,STARLINK-4743,0,N/A,N/A,0.0,0.08172143634339271,False,0.0,0.0,0.0,189.28977429554902,0.23661221786943626,Insufficient Energy for CPU,N/A,N/A,N/A
2199,Generic_Service,Rejected,221.35180970334022,N/A,N/A,N/A,0.071847816826282,0.0,0.0,0.0,STARLINK-4743,0,N/A,N/A,0.0,0.02408868806740993,False,0.0,0.0,0.0,189.28977429554902,0.23661221786943626,Insufficient Energy for CPU,N/A,N/A,N/A
2200,CPU_and_Data_Intensive,Rejected,221.41769161905628,N/A,N/A,N/A,0.9634846141736518,0.0,0.0,0.0,STARLINK-4743,0,N/A,N/A,0.0,1.5777793405838862,False,0.0,0.0,0.0,189.28977429554902,0.23661221786943626,Insufficient Energy for CPU+NET,N/A,N/A,N/A
2201,CPU_Intensive,Rejected,221.4606690081296,N/A,N/A,N/A,0.5563002425597011,0.0,0.0,0.0,STARLINK-4743,0,N/A,N/A,0.0,0.015463225362668344,False,0.0,0.0,0.0,189.28977429554902,0.23661221786943626,Insufficient Energy for CPU,N/A,N/A,N/A
2202,CPU_Intensive,Rejected,221.4692350072501,N/A,N/A,N/A,0.30956338588659216,0.0,0.0,0.0,STARLINK-4743,0,N/A,N/A,0.0,0.03173969993655814,False,0.0,0.0,0.0,189.28977429554902,0.23661221786943626,Insufficient Energy for CPU,N/A,N/A,N/A
2203,Generic_Service,Rejected,221.59886053412518,N/A,N/A,N/A,0.09184883429535079,0.0,0.0,0.0,STARLINK-4743,0,N/A,N/A,0.0,0.08607868056180043,False,0.0,0.0,0.0,189.28977429554902,0.23661221786943626,Insufficient Energy for CPU,N/A,N/A,N/A
2204,Generic_Service,Rejected,221.7542177397669,N/A,N/A,N/A,0.05166480622120112,0.0,0.0,0.0,STARLINK-4743,0,N/A,N/A,0.0,0.08142941214802261,False,0.0,0.0,0.0,189.28977429554902,0.23661221786943626,Insufficient Energy for CPU,N/A,N/A,N/A
2205,CPU_Intensive,Rejected,221.86415186407726,N/A,N/A,N/A,1.68484835988077,0.0,0.0,0.0,STARLINK-4743,0,N/A,N/A,0.0,0.06584394773095176,False,0.0,0.0,0.0,189.28977429554902,0.23661221786943626,Insufficient Energy for CPU,N/A,N/A,N/A
2206,CPU_Intensive,Rejected,222.25899327659545,N/A,N/A,N/A,0.3830601887607083,0.0,0.0,0.0,STARLINK-4743,0,N/A,N/A,0.0,0.03668685379814337,False,0.0,0.0,0.0,189.28977429554902,0.23661221786943626,Insufficient Energy for CPU,N/A,N/A,N/A
2207,CPU_and_Data_Intensive,Rejected,222.25930392536398,N/A,N/A,N/A,0.39110476382451426,0.0,0.0,0.0,STARLINK-4743,0,N/A,N/A,0.0,14.823355642874798,False,0.0,0.0,0.0,189.28977429554902,0.23661221786943626,Insufficient Energy for CPU+NET,N/A,N/A,N/A
2208,CPU_Intensive,Rejected,222.28532630141507,N/A,N/A,N/A,0.3395541155929041,0.0,0.0,0.0,STARLINK-4743,0,N/A,N/A,0.0,0.07241029199512493,False,0.0,0.0,0.0,189.28977429554902,0.23661221786943626,Insufficient Energy for CPU,N/A,N/A,N/A
2210,CPU_Intensive,Rejected,222.48638917570602,N/A,N/A,N/A,0.11411587067607251,0.0,0.0,0.0,STARLINK-4743,0,N/A,N/A,0.0,0.08668408213902135,False,0.0,0.0,0.0,189.28977429554902,0.23661221786943626,Insufficient Energy for CPU,N/A,N/A,N/A
2211,Generic_Service,Rejected,222.49621650174277,N/A,N/A,N/A,0.15874162939981407,0.0,0.0,0.0,STARLINK-4743,0,N/A,N/A,0.0,0.04296745504376231,False,0.0,0.0,0.0,189.28977429554902,0.23661221786943626,Insufficient Energy for CPU,N/A,N/A,N/A
2213,CPU_Intensive,Rejected,222.5492976932056,N/A,N/A,N/A,0.149461830198085,0.0,0.0,0.0,STARLINK-4743,0,N/A,N/A,0.0,0.08341678754713462,False,0.0,0.0,0.0,189.28977429554902,0.23661221786943626,Insufficient Energy for CPU,N/A,N/A,N/A
2215,CPU_and_Data_Intensive,Rejected,222.8661318780944,N/A,N/A,N/A,0.7460080523398422,0.0,0.0,0.0,STARLINK-4743,0,N/A,N/A,0.0,0.6019228937524883,False,0.0,0.0,0.0,189.28977429554902,0.23661221786943626,Insufficient Energy for CPU+NET,N/A,N/A,N/A
2216,CPU_Intensive,Rejected,223.00599221494068,N/A,N/A,N/A,0.2608690244654992,0.0,0.0,0.0,STARLINK-4743,0,N/A,N/A,0.0,0.0648500880159374,False,0.0,0.0,0.0,189.28977429554902,0.23661221786943626,Insufficient Energy for CPU,N/A,N/A,N/A
2217,CPU_Intensive,Rejected,223.056283835955,N/A,N/A,N/A,2.1261775488118753,0.0,0.0,0.0,STARLINK-4743,0,N/A,N/A,0.0,0.06250204085094459,False,0.0,0.0,0.0,189.28977429554902,0.23661221786943626,Insufficient Energy for CPU,N/A,N/A,N/A
2218,CPU_Intensive,Rejected,223.09538624397518,N/A,N/A,N/A,0.07441157002864665,0.0,0.0,0.0,STARLINK-4743,0,N/A,N/A,0.0,0.0805510565768881,False,0.0,0.0,0.0,189.28977429554902,0.23661221786943626,Insufficient Energy for CPU,N/A,N/A,N/A
2219,CPU_Intensive,Rejected,223.3051897922641,N/A,N/A,N/A,0.45210326425503816,0.0,0.0,0.0,STARLINK-4743,0,N/A,N/A,0.0,0.02902060217978418,False,0.0,0.0,0.0,189.28977429554902,0.23661221786943626,Insufficient Energy for CPU,N/A,N/A,N/A
2220,CPU_Intensive,Rejected,223.35224880818942,N/A,N/A,N/A,2.360633252950233,0.0,0.0,0.0,STARLINK-4743,0,N/A,N/A,0.0,0.05838712636141349,False,0.0,0.0,0.0,189.28977429554902,0.23661221786943626,Insufficient Energy for CPU,N/A,N/A,N/A
2221,CPU_Intensive,Rejected,223.46226519006987,N/A,N/A,N/A,0.6971173742548141,0.0,0.0,0.0,STARLINK-4743,0,N/A,N/A,0.0,0.015150012442618642,False,0.0,0.0,0.0,189.28977429554902,0.23661221786943626,Insufficient Energy for CPU,N/A,N/A,N/A
2222,CPU_Intensive,Rejected,223.50906941802094,N/A,N/A,N/A,0.1897433104624987,0.0,0.0,0.0,STARLINK-4743,0,N/A,N/A,0.0,0.05045966062296378,False,0.0,0.0,0.0,189.28977429554902,0.23661221786943626,Insufficient Energy for CPU,N/A,N/A,N/A
2223,CPU_Intensive,Rejected,223.5709067223866,N/A,N/A,N/A,0.4083814559580887,0.0,0.0,0.0,STARLINK-4743,0,N/A,N/A,0.0,0.049044305757004705,False,0.0,0.0,0.0,189.28977429554902,0.23661221786943626,Insufficient Energy for CPU,N/A,N/A,N/A
2224,CPU_Intensive,Rejected,223.58467521261758,N/A,N/A,N/A,1.1019675613657036,0.0,0.0,0.0,STARLINK-4743,0,N/A,N/A,0.0,0.022287825669391553,False,0.0,0.0,0.0,189.28977429554902,0.23661221786943626,Insufficient Energy for CPU,N/A,N/A,N/A
2225,CPU_Intensive,Rejected,223.61237498252683,N/A,N/A,N/A,1.0626943540911953,0.0,0.0,0.0,STARLINK-4743,0,N/A,N/A,0.0,0.038419514186455415,False,0.0,0.0,0.0,189.28977429554902,0.23661221786943626,Insufficient Energy for CPU,N/A,N/A,N/A
2226,CPU_and_Data_Intensive,Rejected,223.74379756973812,N/A,N/A,N/A,0.503166284253584,0.0,0.0,0.0,STARLINK-4743,0,N/A,N/A,0.0,0.1792512878531134,False,0.0,0.0,0.0,189.28977429554902,0.23661221786943626,Insufficient Energy for CPU+NET,N/A,N/A,N/A
2227,CPU_and_Data_Intensive,Rejected,223.9531237840011,N/A,N/A,N/A,1.6502106509086463,0.0,0.0,0.0,STARLINK-4743,0,N/A,N/A,0.0,1.109705276696042,False,0.0,0.0,0.0,189.28977429554902,0.23661221786943626,Insufficient Energy for CPU+NET,N/A,N/A,N/A
2228,Generic_Service,Rejected,224.0077634855858,N/A,N/A,N/A,0.045066684144295904,0.0,0.0,0.0,STARLINK-4743,0,N/A,N/A,0.0,0.02204887659438247,False,0.0,0.0,0.0,189.28977429554902,0.23661221786943626,Insufficient Energy for CPU,N/A,N/A,N/A
2230,Generic_Service,Rejected,224.07293243874673,N/A,N/A,N/A,0.02644917407154014,0.0,0.0,0.0,STARLINK-4743,0,N/A,N/A,0.0,0.0830060669095245,False,0.0,0.0,0.0,189.28977429554902,0.23661221786943626,Insufficient Energy for CPU,N/A,N/A,N/A
2231,CPU_Intensive,Rejected,224.1069117973839,N/A,N/A,N/A,0.11651290022102327,0.0,0.0,0.0,STARLINK-4743,0,N/A,N/A,0.0,0.022034792366745475,False,0.0,0.0,0.0,189.28977429554902,0.23661221786943626,Insufficient Energy for CPU,N/A,N/A,N/A
2232,CPU_and_Data_Intensive,Rejected,224.12184135049583,N/A,N/A,N/A,0.3463974951266256,0.0,0.0,0.0,STARLINK-4743,0,N/A,N/A,0.0,1.792700829111586,False,0.0,0.0,0.0,189.28977429554902,0.23661221786943626,Insufficient Energy for CPU+NET,N/A,N/A,N/A
2233,CPU_and_Data_Intensive,Rejected,224.77070812423935,N/A,N/A,N/A,1.163101774635421,0.0,0.0,0.0,STARLINK-4743,0,N/A,N/A,0.0,20.653325075939524,False,0.0,0.0,0.0,189.28977429554902,0.23661221786943626,Insufficient Energy for CPU+NET,N/A,N/A,N/A
2234,CPU_and_Data_Intensive,Rejected,225.00475619095877,N/A,N/A,N/A,0.5143169492767621,0.0,0.0,0.0,STARLINK-4743,0,N/A,N/A,0.0,0.8435251288944811,False,0.0,0.0,0.0,189.28977429554902,0.23661221786943626,Insufficient Energy for CPU+NET,N/A,N/A,N/A
2237,CPU_Intensive,Rejected,225.1621854684897,N/A,N/A,N/A,0.23091276791945153,0.0,0.0,0.0,STARLINK-4743,0,N/A,N/A,0.0,0.06046590729775078,False,0.0,0.0,0.0,189.28977429554902,0.23661221786943626,Insufficient Energy for CPU,N/A,N/A,N/A
2238,CPU_and_Data_Intensive,Rejected,225.33369241386237,N/A,N/A,N/A,0.1245572449001865,0.0,0.0,0.0,STARLINK-4743,0,N/A,N/A,0.0,1.9789120589250708,False,0.0,0.0,0.0,189.28977429554902,0.23661221786943626,Insufficient Energy for CPU+NET,N/A,N/A,N/A
2239,CPU_and_Data_Intensive,Rejected,225.57945015082052,N/A,N/A,N/A,1.143695870860315,0.0,0.0,0.0,STARLINK-4743,0,N/A,N/A,0.0,191.59810587745147,False,0.0,0.0,0.0,189.28977429554902,0.23661221786943626,Insufficient Energy for CPU+NET,N/A,N/A,N/A
2240,Generic_Service,Rejected,225.72692539087964,N/A,N/A,N/A,0.03571294214460163,0.0,0.0,0.0,STARLINK-4743,0,N/A,N/A,0.0,0.02655271900998702,False,0.0,0.0,0.0,189.28977429554902,0.23661221786943626,Insufficient Energy for CPU,N/A,N/A,N/A
2241,Generic_Service,Rejected,225.78091964308564,N/A,N/A,N/A,0.02624682767820031,0.0,0.0,0.0,STARLINK-4743,0,N/A,N/A,0.0,0.04534383993126241,False,0.0,0.0,0.0,189.28977429554902,0.23661221786943626,Insufficient Energy for CPU,N/A,N/A,N/A
2242,CPU_and_Data_Intensive,Rejected,225.82477526947258,N/A,N/A,N/A,0.28059437273082816,0.0,0.0,0.0,STARLINK-4743,0,N/A,N/A,0.0,24.001991777493863,False,0.0,0.0,0.0,189.28977429554902,0.23661221786943626,Insufficient Energy for CPU+NET,N/A,N/A,N/A
2243,CPU_Intensive,Rejected,225.95118972162248,N/A,N/A,N/A,0.12485484732242934,0.0,0.0,0.0,STARLINK-4743,0,N/A,N/A,0.0,0.07942964639700038,False,0.0,0.0,0.0,189.28977429554902,0.23661221786943626,Insufficient Energy for CPU,N/A,N/A,N/A
2246,CPU_Intensive,Rejected,226.218498259569,N/A,N/A,N/A,0.7061317092628023,0.0,0.0,0.0,STARLINK-4743,0,N/A,N/A,0.0,0.06780726731273132,False,0.0,0.0,0.0,189.28977429554902,0.23661221786943626,Insufficient Energy for CPU,N/A,N/A,N/A
2247,CPU_Intensive,Rejected,226.21980958395986,N/A,N/A,N/A,1.1748493194524858,0.0,0.0,0.0,STARLINK-4743,0,N/A,N/A,0.0,0.013896904154195994,False,0.0,0.0,0.0,189.28977429554902,0.23661221786943626,Insufficient Energy for CPU,N/A,N/A,N/A
2248,CPU_and_Data_Intensive,Rejected,226.36013811468345,N/A,N/A,N/A,0.04342962752480391,0.0,0.0,0.0,STARLINK-4743,0,N/A,N/A,0.0,0.5926914163937999,False,0.0,0.0,0.0,189.28977429554902,0.23661221786943626,Insufficient Energy for CPU+NET,N/A,N/A,N/A
2249,CPU_and_Data_Intensive,Rejected,226.3776431150182,N/A,N/A,N/A,0.2731929906353782,0.0,0.0,0.0,STARLINK-4743,0,N/A,N/A,0.0,19.67301336457323,False,0.0,0.0,0.0,189.28977429554902,0.23661221786943626,Insufficient Energy for CPU+NET,N/A,N/A,N/A
2250,CPU_and_Data_Intensive,Rejected,226.57774281539713,N/A,N/A,N/A,0.40904382340582834,0.0,0.0,0.0,STARLINK-4743,0,N/A,N/A,0.0,2.120817245635625,False,0.0,0.0,0.0,189.28977429554902,0.23661221786943626,Insufficient Energy for CPU+NET,N/A,N/A,N/A
2252,Generic_Service,Rejected,227.0074108873758,N/A,N/A,N/A,0.051643323209461925,0.0,0.0,0.0,STARLINK-4743,0,N/A,N/A,0.0,0.07206085818887746,False,0.0,0.0,0.0,189.28977429554902,0.23661221786943626,Insufficient Energy for CPU,N/A,N/A,N/A
2251,CPU_and_Data_Intensive,Rejected,227.00526612156722,N/A,N/A,N/A,0.9924453383899016,0.0,0.0,0.0,STARLINK-4743,0,N/A,N/A,0.0,8.428365040353391,False,0.0,0.0,0.0,189.28977429554902,0.23661221786943626,Insufficient Energy for CPU+NET,N/A,N/A,N/A
2253,Generic_Service,Rejected,227.08003639395463,N/A,N/A,N/A,0.05503690131338673,0.0,0.0,0.0,STARLINK-4743,0,N/A,N/A,0.0,0.017839506802533038,False,0.0,0.0,0.0,189.28977429554902,0.23661221786943626,Insufficient Energy for CPU,N/A,N/A,N/A
2254,CPU_Intensive,Rejected,227.33892919780004,N/A,N/A,N/A,0.3162893887032355,0.0,0.0,0.0,STARLINK-4743,0,N/A,N/A,0.0,0.01543398225311075,False,0.0,0.0,0.0,189.28977429554902,0.23661221786943626,Insufficient Energy for CPU,N/A,N/A,N/A
2256,CPU_and_Data_Intensive,Rejected,227.39499516546815,N/A,N/A,N/A,0.026446298515614804,0.0,0.0,0.0,STARLINK-4743,0,N/A,N/A,0.0,0.05169568508894613,False,0.0,0.0,0.0,189.28977429554902,0.23661221786943626,Insufficient Energy for CPU+NET,N/A,N/A,N/A
2257,CPU_Intensive,Rejected,227.47720357853518,N/A,N/A,N/A,0.26694621966981086,0.0,0.0,0.0,STARLINK-4743,0,N/A,N/A,0.0,0.042409322352644094,False,0.0,0.0,0.0,189.28977429554902,0.23661221786943626,Insufficient Energy for CPU,N/A,N/A,N/A
2258,CPU_Intensive,Rejected,227.59713825105112,N/A,N/A,N/A,0.3780270580528641,0.0,0.0,0.0,STARLINK-4743,0,N/A,N/A,0.0,0.06741332019175282,False,0.0,0.0,0.0,189.28977429554902,0.23661221786943626,Insufficient Energy for CPU,N/A,N/A,N/A
2259,Generic_Service,Rejected,227.61635714476273,N/A,N/A,N/A,0.17124093750217956,0.0,0.0,0.0,STARLINK-4743,0,N/A,N/A,0.0,0.038861557718379736,False,0.0,0.0,0.0,189.28977429554902,0.23661221786943626,Insufficient Energy for CPU,N/A,N/A,N/A
2260,CPU_and_Data_Intensive,Rejected,227.6848870331655,N/A,N/A,N/A,0.03200738358116094,0.0,0.0,0.0,STARLINK-4743,0,N/A,N/A,0.0,5.123818877281476,False,0.0,0.0,0.0,189.28977429554902,0.23661221786943626,Insufficient Energy for CPU+NET,N/A,N/A,N/A
2261,CPU_Intensive,Rejected,227.9978234617105,N/A,N/A,N/A,0.3206623707124385,0.0,0.0,0.0,STARLINK-4743,0,N/A,N/A,0.0,0.07893621972001207,False,0.0,0.0,0.0,189.28977429554902,0.23661221786943626,Insufficient Energy for CPU,N/A,N/A,N/A
2262,Generic_Service,Rejected,228.0400471559327,N/A,N/A,N/A,0.05233556874987649,0.0,0.0,0.0,STARLINK-4743,0,N/A,N/A,0.0,0.07858121987315354,False,0.0,0.0,0.0,189.28977429554902,0.23661221786943626,Insufficient Energy for CPU,N/A,N/A,N/A
2263,CPU_Intensive,Rejected,228.1157706962513,N/A,N/A,N/A,0.23751989272808147,0.0,0.0,0.0,STARLINK-4743,0,N/A,N/A,0.0,0.06319165232999356,False,0.0,0.0,0.0,189.28977429554902,0.23661221786943626,Insufficient Energy for CPU,N/A,N/A,N/A
2264,CPU_Intensive,Rejected,228.35563771993898,N/A,N/A,N/A,0.06392124116428083,0.0,0.0,0.0,STARLINK-4743,0,N/A,N/A,0.0,0.017370876408519777,False,0.0,0.0,0.0,189.28977429554902,0.23661221786943626,Insufficient Energy for CPU,N/A,N/A,N/A
2265,Generic_Service,Rejected,228.4333843933243,N/A,N/A,N/A,0.13396951122065312,0.0,0.0,0.0,STARLINK-4743,0,N/A,N/A,0.0,0.07572244750406046,False,0.0,0.0,0.0,189.28977429554902,0.23661221786943626,Insufficient Energy for CPU,N/A,N/A,N/A
2266,CPU_Intensive,Rejected,228.7071197093536,N/A,N/A,N/A,0.14511127121232323,0.0,0.0,0.0,STARLINK-4743,0,N/A,N/A,0.0,0.07488698420460857,False,0.0,0.0,0.0,189.28977429554902,0.23661221786943626,Insufficient Energy for CPU,N/A,N/A,N/A
2268,CPU_Intensive,Rejected,229.03613796801034,N/A,N/A,N/A,0.07093295999619796,0.0,0.0,0.0,STARLINK-4743,0,N/A,N/A,0.0,0.04914460744839658,False,0.0,0.0,0.0,189.28977429554902,0.23661221786943626,Insufficient Energy for CPU,N/A,N/A,N/A
2269,CPU_and_Data_Intensive,Rejected,229.267562744961,N/A,N/A,N/A,0.345076338856699,0.0,0.0,0.0,STARLINK-4743,0,N/A,N/A,0.0,0.10424154626324653,False,0.0,0.0,0.0,189.28977429554902,0.23661221786943626,Insufficient Energy for CPU+NET,N/A,N/A,N/A
2270,CPU_Intensive,Rejected,229.3460099941205,N/A,N/A,N/A,0.07785201319597627,0.0,0.0,0.0,STARLINK-4743,0,N/A,N/A,0.0,0.04579425425595189,False,0.0,0.0,0.0,189.28977429554902,0.23661221786943626,Insufficient Energy for CPU,N/A,N/A,N/A
2271,CPU_Intensive,Rejected,229.53964840820154,N/A,N/A,N/A,1.1618039640379032,0.0,0.0,0.0,STARLINK-4743,0,N/A,N/A,0.0,0.031435846410214324,False,0.0,0.0,0.0,189.28977429554902,0.23661221786943626,Insufficient Energy for CPU,N/A,N/A,N/A
2272,CPU_Intensive,Rejected,229.5651190691443,N/A,N/A,N/A,0.08241433837302733,0.0,0.0,0.0,STARLINK-4743,0,N/A,N/A,0.0,0.05272966080193848,False,0.0,0.0,0.0,189.28977429554902,0.23661221786943626,Insufficient Energy for CPU,N/A,N/A,N/A
2273,CPU_Intensive,Rejected,229.62344610957197,N/A,N/A,N/A,0.39453077611820464,0.0,0.0,0.0,STARLINK-4743,0,N/A,N/A,0.0,0.010780818191001528,False,0.0,0.0,0.0,189.28977429554902,0.23661221786943626,Insufficient Energy for CPU,N/A,N/A,N/A
2274,CPU_and_Data_Intensive,Rejected,229.66475880259438,N/A,N/A,N/A,0.31919862015067396,0.0,0.0,0.0,STARLINK-4743,0,N/A,N/A,0.0,2.1189060883921798,False,0.0,0.0,0.0,189.28977429554902,0.23661221786943626,Insufficient Energy for CPU+NET,N/A,N/A,N/A
2275,CPU_and_Data_Intensive,Rejected,229.8533458197493,N/A,N/A,N/A,0.04017667308577517,0.0,0.0,0.0,STARLINK-4743,0,N/A,N/A,0.0,0.7225924508546063,False,0.0,0.0,0.0,189.28977429554902,0.23661221786943626,Insufficient Energy for CPU+NET,N/A,N/A,N/A
2276,CPU_and_Data_Intensive,Rejected,229.9465187751601,N/A,N/A,N/A,1.1554491503865552,0.0,0.0,0.0,STARLINK-4743,0,N/A,N/A,0.0,0.9118747881742367,False,0.0,0.0,0.0,189.28977429554902,0.23661221786943626,Insufficient Energy for CPU+NET,N/A,N/A,N/A
2277,Generic_Service,Rejected,230.07680871273726,N/A,N/A,N/A,0.08570942332839121,0.0,0.0,0.0,STARLINK-4743,0,N/A,N/A,0.0,0.06994803479716853,False,0.0,0.0,0.0,189.28977429554902,0.23661221786943626,Insufficient Energy for CPU,N/A,N/A,N/A
2278,CPU_Intensive,Rejected,230.1190281236582,N/A,N/A,N/A,0.8975753970962346,0.0,0.0,0.0,STARLINK-4743,0,N/A,N/A,0.0,0.030151059517104208,False,0.0,0.0,0.0,189.28977429554902,0.23661221786943626,Insufficient Energy for CPU,N/A,N/A,N/A
2279,Generic_Service,Rejected,230.17685746514104,N/A,N/A,N/A,0.07564644612761105,0.0,0.0,0.0,STARLINK-4743,0,N/A,N/A,0.0,0.05413315726452148,False,0.0,0.0,0.0,189.28977429554902,0.23661221786943626,Insufficient Energy for CPU,N/A,N/A,N/A
2280,Generic_Service,Rejected,230.34158670950114,N/A,N/A,N/A,0.03782558945696765,0.0,0.0,0.0,STARLINK-4743,0,N/A,N/A,0.0,0.059534670769586115,False,0.0,0.0,0.0,189.28977429554902,0.23661221786943626,Insufficient Energy for CPU,N/A,N/A,N/A
2281,Generic_Service,Rejected,230.37986380826112,N/A,N/A,N/A,0.06169181623680047,0.0,0.0,0.0,STARLINK-4743,0,N/A,N/A,0.0,0.08304917978277716,False,0.0,0.0,0.0,189.28977429554902,0.23661221786943626,Insufficient Energy for CPU,N/A,N/A,N/A
2282,Generic_Service,Rejected,230.4665803752376,N/A,N/A,N/A,0.11016620068561454,0.0,0.0,0.0,STARLINK-4743,0,N/A,N/A,0.0,0.07380610306540086,False,0.0,0.0,0.0,189.28977429554902,0.23661221786943626,Insufficient Energy for CPU,N/A,N/A,N/A
2283,CPU_Intensive,Rejected,230.56206678414904,N/A,N/A,N/A,0.3243453921109193,0.0,0.0,0.0,STARLINK-4743,0,N/A,N/A,0.0,0.03606495893899288,False,0.0,0.0,0.0,189.28977429554902,0.23661221786943626,Insufficient Energy for CPU,N/A,N/A,N/A
2286,CPU_and_Data_Intensive,Rejected,230.9833045608816,N/A,N/A,N/A,0.2960428124203819,0.0,0.0,0.0,STARLINK-4743,0,N/A,N/A,0.0,17.719478623510298,False,0.0,0.0,0.0,189.28977429554902,0.23661221786943626,Insufficient Energy for CPU+NET,N/A,N/A,N/A
2287,Generic_Service,Rejected,231.04945370583945,N/A,N/A,N/A,0.047119446045602115,0.0,0.0,0.0,STARLINK-4743,0,N/A,N/A,0.0,0.06728932349547058,False,0.0,0.0,0.0,189.28977429554902,0.23661221786943626,Insufficient Energy for CPU,N/A,N/A,N/A
2288,CPU_and_Data_Intensive,Rejected,231.11077665977714,N/A,N/A,N/A,0.06152776160621044,0.0,0.0,0.0,STARLINK-4743,0,N/A,N/A,0.0,0.5163438312608185,False,0.0,0.0,0.0,189.28977429554902,0.23661221786943626,Insufficient Energy for CPU+NET,N/A,N/A,N/A
2289,CPU_Intensive,Rejected,231.13672358862797,N/A,N/A,N/A,0.029362909241155054,0.0,0.0,0.0,STARLINK-4743,0,N/A,N/A,0.0,0.07348389615399618,False,0.0,0.0,0.0,189.28977429554902,0.23661221786943626,Insufficient Energy for CPU,N/A,N/A,N/A
2290,CPU_Intensive,Rejected,231.6952957498361,N/A,N/A,N/A,1.0504830309131017,0.0,0.0,0.0,STARLINK-4743,0,N/A,N/A,0.0,0.07647341339760566,False,0.0,0.0,0.0,189.28977429554902,0.23661221786943626,Insufficient Energy for CPU,N/A,N/A,N/A
2291,CPU_Intensive,Rejected,231.71710139117036,N/A,N/A,N/A,0.12277887836568305,0.0,0.0,0.0,STARLINK-4743,0,N/A,N/A,0.0,0.031148561679043438,False,0.0,0.0,0.0,189.28977429554902,0.23661221786943626,Insufficient Energy for CPU,N/A,N/A,N/A
2292,CPU_Intensive,Rejected,231.7915048859325,N/A,N/A,N/A,0.12827159802271804,0.0,0.0,0.0,STARLINK-4743,0,N/A,N/A,0.0,0.019909456959292575,False,0.0,0.0,0.0,189.28977429554902,0.23661221786943626,Insufficient Energy for CPU,N/A,N/A,N/A
2294,CPU_and_Data_Intensive,Rejected,232.05765532605125,N/A,N/A,N/A,0.8302622398095478,0.0,0.0,0.0,STARLINK-4743,0,N/A,N/A,0.0,14.91989241962819,False,0.0,0.0,0.0,189.28977429554902,0.23661221786943626,Insufficient Energy for CPU+NET,N/A,N/A,N/A
2293,CPU_and_Data_Intensive,Rejected,232.022817056567,N/A,N/A,N/A,1.234566607571035,0.0,0.0,0.0,STARLINK-4743,0,N/A,N/A,0.0,369.1776357592863,False,0.0,0.0,0.0,189.28977429554902,0.23661221786943626,Insufficient Energy for CPU+NET,N/A,N/A,N/A
2295,Generic_Service,Rejected,232.16269415523917,N/A,N/A,N/A,0.08579839245895016,0.0,0.0,0.0,STARLINK-4743,0,N/A,N/A,0.0,0.04010642070838972,False,0.0,0.0,0.0,189.28977429554902,0.23661221786943626,Insufficient Energy for CPU,N/A,N/A,N/A
2296,CPU_Intensive,Rejected,232.19782345300766,N/A,N/A,N/A,0.06266337771610353,0.0,0.0,0.0,STARLINK-4743,0,N/A,N/A,0.0,0.026176234890182407,False,0.0,0.0,0.0,189.28977429554902,0.23661221786943626,Insufficient Energy for CPU,N/A,N/A,N/A
2297,CPU_and_Data_Intensive,Rejected,232.3785166056693,N/A,N/A,N/A,1.940258497131851,0.0,0.0,0.0,STARLINK-4743,0,N/A,N/A,0.0,0.8016665569410376,False,0.0,0.0,0.0,189.28977429554902,0.23661221786943626,Insufficient Energy for CPU+NET,N/A,N/A,N/A
2299,Generic_Service,Rejected,232.5096929834655,N/A,N/A,N/A,0.030651698235514342,0.0,0.0,0.0,STARLINK-4743,0,N/A,N/A,0.0,0.06030365174039024,False,0.0,0.0,0.0,189.28977429554902,0.23661221786943626,Insufficient Energy for CPU,N/A,N/A,N/A
2300,CPU_Intensive,Rejected,232.62459061454882,N/A,N/A,N/A,0.7077284189677377,0.0,0.0,0.0,STARLINK-4743,0,N/A,N/A,0.0,0.0789755331123884,False,0.0,0.0,0.0,189.28977429554902,0.23661221786943626,Insufficient Energy for CPU,N/A,N/A,N/A
2301,CPU_Intensive,Rejected,233.02264539148692,N/A,N/A,N/A,0.02083768562953068,0.0,0.0,0.0,STARLINK-4743,0,N/A,N/A,0.0,0.041472636489376595,False,0.0,0.0,0.0,189.28977429554902,0.23661221786943626,Insufficient Energy for CPU,N/A,N/A,N/A
2302,CPU_and_Data_Intensive,Rejected,233.04788614465602,N/A,N/A,N/A,0.047767863943073335,0.0,0.0,0.0,STARLINK-4743,0,N/A,N/A,0.0,1.2838747796451797,False,0.0,0.0,0.0,189.28977429554902,0.23661221786943626,Insufficient Energy for CPU+NET,N/A,N/A,N/A
2303,CPU_Intensive,Rejected,233.1174711321061,N/A,N/A,N/A,0.10479351246834638,0.0,0.0,0.0,STARLINK-4743,0,N/A,N/A,0.0,0.060497820406224825,False,0.0,0.0,0.0,189.28977429554902,0.23661221786943626,Insufficient Energy for CPU,N/A,N/A,N/A
2304,CPU_and_Data_Intensive,Rejected,233.27479000156433,N/A,N/A,N/A,0.12316730134841049,0.0,0.0,0.0,STARLINK-4743,0,N/A,N/A,0.0,17.06950236678898,False,0.0,0.0,0.0,189.28977429554902,0.23661221786943626,Insufficient Energy for CPU+NET,N/A,N/A,N/A
2305,Generic_Service,Rejected,233.29043331627616,N/A,N/A,N/A,0.048152584902674996,0.0,0.0,0.0,STARLINK-4743,0,N/A,N/A,0.0,0.03645451540610572,False,0.0,0.0,0.0,189.28977429554902,0.23661221786943626,Insufficient Energy for CPU,N/A,N/A,N/A
2306,CPU_and_Data_Intensive,Rejected,233.3317978484304,N/A,N/A,N/A,0.8243697418150705,0.0,0.0,0.0,STARLINK-4743,0,N/A,N/A,0.0,246.7454888869928,False,0.0,0.0,0.0,189.28977429554902,0.23661221786943626,Insufficient Energy for CPU+NET,N/A,N/A,N/A
2308,CPU_and_Data_Intensive,Rejected,233.65785975949572,N/A,N/A,N/A,1.5901076964175116,0.0,0.0,0.0,STARLINK-4743,0,N/A,N/A,0.0,1.0317891367333112,False,0.0,0.0,0.0,189.28977429554902,0.23661221786943626,Insufficient Energy for CPU+NET,N/A,N/A,N/A
2309,Generic_Service,Rejected,233.6749153464674,N/A,N/A,N/A,0.10606336192044485,0.0,0.0,0.0,STARLINK-4743,0,N/A,N/A,0.0,0.028642871653667246,False,0.0,0.0,0.0,189.28977429554902,0.23661221786943626,Insufficient Energy for CPU,N/A,N/A,N/A
2310,CPU_and_Data_Intensive,Rejected,233.72959512098325,N/A,N/A,N/A,0.25160406840761046,0.0,0.0,0.0,STARLINK-4743,0,N/A,N/A,0.0,22.415111170313455,False,0.0,0.0,0.0,189.28977429554902,0.23661221786943626,Insufficient Energy for CPU+NET,N/A,N/A,N/A
2311,CPU_Intensive,Rejected,233.77612604592812,N/A,N/A,N/A,0.3149005634734374,0.0,0.0,0.0,STARLINK-4743,0,N/A,N/A,0.0,0.06070379535825089,False,0.0,0.0,0.0,189.28977429554902,0.23661221786943626,Insufficient Energy for CPU,N/A,N/A,N/A
2312,CPU_Intensive,Rejected,234.04896623378556,N/A,N/A,N/A,0.23100012376702878,0.0,0.0,0.0,STARLINK-4743,0,N/A,N/A,0.0,0.08357013974303358,False,0.0,0.0,0.0,189.28977429554902,0.23661221786943626,Insufficient Energy for CPU,N/A,N/A,N/A
2313,CPU_and_Data_Intensive,Rejected,234.20633206151248,N/A,N/A,N/A,0.08169070230730147,0.0,0.0,0.0,STARLINK-4743,0,N/A,N/A,0.0,3.529680561870383,False,0.0,0.0,0.0,189.28977429554902,0.23661221786943626,Insufficient Energy for CPU+NET,N/A,N/A,N/A
2314,Generic_Service,Rejected,234.31463124154916,N/A,N/A,N/A,0.0463828043023173,0.0,0.0,0.0,STARLINK-4743,0,N/A,N/A,0.0,0.06582650756952924,False,0.0,0.0,0.0,189.28977429554902,0.23661221786943626,Insufficient Energy for CPU,N/A,N/A,N/A
2315,CPU_and_Data_Intensive,Rejected,234.38751782446454,N/A,N/A,N/A,0.6339763234956308,0.0,0.0,0.0,STARLINK-4743,0,N/A,N/A,0.0,11.605880771965737,False,0.0,0.0,0.0,189.28977429554902,0.23661221786943626,Insufficient Energy for CPU+NET,N/A,N/A,N/A
2316,CPU_Intensive,Rejected,234.5202523303943,N/A,N/A,N/A,0.15126283032996315,0.0,0.0,0.0,STARLINK-4743,0,N/A,N/A,0.0,0.04087802751335042,False,0.0,0.0,0.0,189.28977429554902,0.23661221786943626,Insufficient Energy for CPU,N/A,N/A,N/A
2317,CPU_and_Data_Intensive,Rejected,234.59724533590273,N/A,N/A,N/A,0.2715854632313911,0.0,0.0,0.0,STARLINK-4743,0,N/A,N/A,0.0,1.1157342144163185,False,0.0,0.0,0.0,189.28977429554902,0.23661221786943626,Insufficient Energy for CPU+NET,N/A,N/A,N/A
2318,CPU_and_Data_Intensive,Rejected,234.66462437499467,N/A,N/A,N/A,1.5881667856157218,0.0,0.0,0.0,STARLINK-4743,0,N/A,N/A,0.0,3.3759809333925683,False,0.0,0.0,0.0,189.28977429554902,0.23661221786943626,Insufficient Energy for CPU+NET,N/A,N/A,N/A
2320,CPU_Intensive,Rejected,234.7574266546202,N/A,N/A,N/A,0.8064161127655511,0.0,0.0,0.0,STARLINK-4743,0,N/A,N/A,0.0,0.04188627466850432,False,0.0,0.0,0.0,189.28977429554902,0.23661221786943626,Insufficient Energy for CPU,N/A,N/A,N/A
2321,Generic_Service,Rejected,234.86925037322848,N/A,N/A,N/A,0.02846281864794863,0.0,0.0,0.0,STARLINK-4743,0,N/A,N/A,0.0,0.061211439352895525,False,0.0,0.0,0.0,189.28977429554902,0.23661221786943626,Insufficient Energy for CPU,N/A,N/A,N/A
2322,CPU_and_Data_Intensive,Rejected,234.9589093240305,N/A,N/A,N/A,0.5829443602917879,0.0,0.0,0.0,STARLINK-4743,0,N/A,N/A,0.0,0.5064189087329267,False,0.0,0.0,0.0,189.28977429554902,0.23661221786943626,Insufficient Energy for CPU+NET,N/A,N/A,N/A
2323,CPU_Intensive,Rejected,234.98912968048708,N/A,N/A,N/A,0.6204570707873933,0.0,0.0,0.0,STARLINK-4743,0,N/A,N/A,0.0,0.07759702605828993,False,0.0,0.0,0.0,189.28977429554902,0.23661221786943626,Insufficient Energy for CPU,N/A,N/A,N/A
2324,Generic_Service,Rejected,235.137080232266,N/A,N/A,N/A,0.026859555003448245,0.0,0.0,0.0,STARLINK-4743,0,N/A,N/A,0.0,0.06774006789165334,False,0.0,0.0,0.0,189.28977429554902,0.23661221786943626,Insufficient Energy for CPU,N/A,N/A,N/A
2326,Generic_Service,Rejected,235.40704787448223,N/A,N/A,N/A,0.025132677898709016,0.0,0.0,0.0,STARLINK-4743,0,N/A,N/A,0.0,0.05509923289149926,False,0.0,0.0,0.0,189.28977429554902,0.23661221786943626,Insufficient Energy for CPU,N/A,N/A,N/A
2327,CPU_Intensive,Rejected,235.58147807728068,N/A,N/A,N/A,0.7254407851270301,0.0,0.0,0.0,STARLINK-4743,0,N/A,N/A,0.0,0.026592362394563133,False,0.0,0.0,0.0,189.28977429554902,0.23661221786943626,Insufficient Energy for CPU,N/A,N/A,N/A
2328,CPU_Intensive,Rejected,235.66644042634587,N/A,N/A,N/A,0.057371329115134324,0.0,0.0,0.0,STARLINK-4743,0,N/A,N/A,0.0,0.012443214103150666,False,0.0,0.0,0.0,189.28977429554902,0.23661221786943626,Insufficient Energy for CPU,N/A,N/A,N/A
2329,CPU_Intensive,Rejected,235.7084267067848,N/A,N/A,N/A,0.911627336983875,0.0,0.0,0.0,STARLINK-4743,0,N/A,N/A,0.0,0.04367807506238816,False,0.0,0.0,0.0,189.28977429554902,0.23661221786943626,Insufficient Energy for CPU,N/A,N/A,N/A
2330,Generic_Service,Rejected,235.8245140968532,N/A,N/A,N/A,0.024141628577005168,0.0,0.0,0.0,STARLINK-4743,0,N/A,N/A,0.0,0.023986808208286158,False,0.0,0.0,0.0,189.28977429554902,0.23661221786943626,Insufficient Energy for CPU,N/A,N/A,N/A
2331,CPU_Intensive,Rejected,235.83050856914682,N/A,N/A,N/A,0.5898336047114644,0.0,0.0,0.0,STARLINK-4743,0,N/A,N/A,0.0,0.023121242153947105,False,0.0,0.0,0.0,189.28977429554902,0.23661221786943626,Insufficient Energy for CPU,N/A,N/A,N/A
2332,CPU_Intensive,Rejected,235.94524282956897,N/A,N/A,N/A,0.4549977696641986,0.0,0.0,0.0,STARLINK-4743,0,N/A,N/A,0.0,0.06723941810843093,False,0.0,0.0,0.0,189.28977429554902,0.23661221786943626,Insufficient Energy for CPU,N/A,N/A,N/A
2333,CPU_Intensive,Rejected,236.03492346769147,N/A,N/A,N/A,0.029740002222434465,0.0,0.0,0.0,STARLINK-4743,0,N/A,N/A,0.0,0.056983717414487656,False,0.0,0.0,0.0,189.28977429554902,0.23661221786943626,Insufficient Energy for CPU,N/A,N/A,N/A
2334,Generic_Service,Rejected,236.11770445319044,N/A,N/A,N/A,0.0806667223659968,0.0,0.0,0.0,STARLINK-4743,0,N/A,N/A,0.0,0.03591393909630036,False,0.0,0.0,0.0,189.28977429554902,0.23661221786943626,Insufficient Energy for CPU,N/A,N/A,N/A
2335,Generic_Service,Rejected,236.13689791392258,N/A,N/A,N/A,0.0296208444389309,0.0,0.0,0.0,STARLINK-4743,0,N/A,N/A,0.0,0.012329946819502901,False,0.0,0.0,0.0,189.28977429554902,0.23661221786943626,Insufficient Energy for CPU,N/A,N/A,N/A
2336,Generic_Service,Rejected,236.38019121664703,N/A,N/A,N/A,0.0297500366110052,0.0,0.0,0.0,STARLINK-4743,0,N/A,N/A,0.0,0.07043563647793177,False,0.0,0.0,0.0,189.28977429554902,0.23661221786943626,Insufficient Energy for CPU,N/A,N/A,N/A
2337,CPU_Intensive,Rejected,236.46696251011934,N/A,N/A,N/A,0.10346162454021375,0.0,0.0,0.0,STARLINK-4743,0,N/A,N/A,0.0,0.08166020751062017,False,0.0,0.0,0.0,189.28977429554902,0.23661221786943626,Insufficient Energy for CPU,N/A,N/A,N/A
2338,Generic_Service,Rejected,236.47967372504598,N/A,N/A,N/A,0.09477946660586002,0.0,0.0,0.0,STARLINK-4743,0,N/A,N/A,0.0,0.027733195066099336,False,0.0,0.0,0.0,189.28977429554902,0.23661221786943626,Insufficient Energy for CPU,N/A,N/A,N/A
2340,CPU_and_Data_Intensive,Rejected,236.6519455025722,N/A,N/A,N/A,0.6597679591076249,0.0,0.0,0.0,STARLINK-4743,0,N/A,N/A,0.0,24.172071182133504,False,0.0,0.0,0.0,189.28977429554902,0.23661221786943626,Insufficient Energy for CPU+NET,N/A,N/A,N/A
2341,CPU_and_Data_Intensive,Rejected,236.7139747734086,N/A,N/A,N/A,0.7142258968110846,0.0,0.0,0.0,STARLINK-4743,0,N/A,N/A,0.0,13.21644916413279,False,0.0,0.0,0.0,189.28977429554902,0.23661221786943626,Insufficient Energy for CPU+NET,N/A,N/A,N/A
2342,CPU_Intensive,Rejected,236.9948811906624,N/A,N/A,N/A,0.16488863785497535,0.0,0.0,0.0,STARLINK-4743,0,N/A,N/A,0.0,0.049417812955262916,False,0.0,0.0,0.0,189.28977429554902,0.23661221786943626,Insufficient Energy for CPU,N/A,N/A,N/A
2343,CPU_Intensive,Rejected,237.00795034157713,N/A,N/A,N/A,0.3341508151862629,0.0,0.0,0.0,STARLINK-4743,0,N/A,N/A,0.0,0.017879358888596937,False,0.0,0.0,0.0,189.28977429554902,0.23661221786943626,Insufficient Energy for CPU,N/A,N/A,N/A
2344,CPU_Intensive,Rejected,237.19777457421569,N/A,N/A,N/A,0.21478878743287408,0.0,0.0,0.0,STARLINK-4743,0,N/A,N/A,0.0,0.0433086527873937,False,0.0,0.0,0.0,189.28977429554902,0.23661221786943626,Insufficient Energy for CPU,N/A,N/A,N/A
2345,CPU_Intensive,Rejected,237.39571304368116,N/A,N/A,N/A,0.05951615360840576,0.0,0.0,0.0,STARLINK-4743,0,N/A,N/A,0.0,0.07642890409293124,False,0.0,0.0,0.0,189.28977429554902,0.23661221786943626,Insufficient Energy for CPU,N/A,N/A,N/A
2346,CPU_Intensive,Rejected,237.46672155023438,N/A,N/A,N/A,0.6392601071441154,0.0,0.0,0.0,STARLINK-4743,0,N/A,N/A,0.0,0.05655933997677592,False,0.0,0.0,0.0,189.28977429554902,0.23661221786943626,Insufficient Energy for CPU,N/A,N/A,N/A
2347,Generic_Service,Rejected,237.5480493376538,N/A,N/A,N/A,0.02712571920423619,0.0,0.0,0.0,STARLINK-4743,0,N/A,N/A,0.0,0.05339160783622746,False,0.0,0.0,0.0,189.28977429554902,0.23661221786943626,Insufficient Energy for CPU,N/A,N/A,N/A
2348,CPU_Intensive,Rejected,237.71473286673043,N/A,N/A,N/A,0.06353969200981115,0.0,0.0,0.0,STARLINK-4743,0,N/A,N/A,0.0,0.030284524202602484,False,0.0,0.0,0.0,189.28977429554902,0.23661221786943626,Insufficient Energy for CPU,N/A,N/A,N/A
2349,CPU_Intensive,Rejected,237.80109630716598,N/A,N/A,N/A,0.6303228105039799,0.0,0.0,0.0,STARLINK-4743,0,N/A,N/A,0.0,0.04132069003953055,False,0.0,0.0,0.0,189.28977429554902,0.23661221786943626,Insufficient Energy for CPU,N/A,N/A,N/A
2350,CPU_and_Data_Intensive,Rejected,237.82764190985657,N/A,N/A,N/A,0.2085706282023502,0.0,0.0,0.0,STARLINK-4743,0,N/A,N/A,0.0,1.66587613737366,False,0.0,0.0,0.0,189.28977429554902,0.23661221786943626,Insufficient Energy for CPU+NET,N/A,N/A,N/A
2353,CPU_Intensive,Rejected,237.96664481582098,N/A,N/A,N/A,0.37197184051080007,0.0,0.0,0.0,STARLINK-4743,0,N/A,N/A,0.0,0.07823621000729124,False,0.0,0.0,0.0,189.28977429554902,0.23661221786943626,Insufficient Energy for CPU,N/A,N/A,N/A
2352,CPU_and_Data_Intensive,Rejected,237.87552644891932,N/A,N/A,N/A,0.7604267060373103,0.0,0.0,0.0,STARLINK-4743,0,N/A,N/A,0.0,265.77633965563007,False,0.0,0.0,0.0,189.28977429554902,0.23661221786943626,Insufficient Energy for CPU+NET,N/A,N/A,N/A
2354,CPU_Intensive,Rejected,238.04512663363715,N/A,N/A,N/A,0.3653632641286477,0.0,0.0,0.0,STARLINK-4743,0,N/A,N/A,0.0,0.044705341982030564,False,0.0,0.0,0.0,189.28977429554902,0.23661221786943626,Insufficient Energy for CPU,N/A,N/A,N/A
2356,CPU_and_Data_Intensive,Rejected,238.5231668363882,N/A,N/A,N/A,0.2901598848572306,0.0,0.0,0.0,STARLINK-4743,0,N/A,N/A,0.0,8.313725278985899,False,0.0,0.0,0.0,189.28977429554902,0.23661221786943626,Insufficient Energy for CPU+NET,N/A,N/A,N/A
2357,Generic_Service,Rejected,238.5838400934657,N/A,N/A,N/A,0.08594987510904656,0.0,0.0,0.0,STARLINK-4743,0,N/A,N/A,0.0,0.02416123633341186,False,0.0,0.0,0.0,189.28977429554902,0.23661221786943626,Insufficient Energy for CPU,N/A,N/A,N/A
2358,CPU_Intensive,Rejected,238.79988803921222,N/A,N/A,N/A,0.8437957946389274,0.0,0.0,0.0,STARLINK-4743,0,N/A,N/A,0.0,0.019447342754543913,False,0.0,0.0,0.0,189.28977429554902,0.23661221786943626,Insufficient Energy for CPU,N/A,N/A,N/A
2359,CPU_Intensive,Rejected,238.83406218251235,N/A,N/A,N/A,0.5649312244596333,0.0,0.0,0.0,STARLINK-4743,0,N/A,N/A,0.0,0.04735224667375416,False,0.0,0.0,0.0,189.28977429554902,0.23661221786943626,Insufficient Energy for CPU,N/A,N/A,N/A
2361,CPU_Intensive,Rejected,239.04808560612977,N/A,N/A,N/A,0.0779869585422827,0.0,0.0,0.0,STARLINK-4743,0,N/A,N/A,0.0,0.04054217279119859,False,0.0,0.0,0.0,189.28977429554902,0.23661221786943626,Insufficient Energy for CPU,N/A,N/A,N/A
2363,CPU_and_Data_Intensive,Rejected,239.19016354428115,N/A,N/A,N/A,0.7321128100272736,0.0,0.0,0.0,STARLINK-4743,0,N/A,N/A,0.0,11.055274805578474,False,0.0,0.0,0.0,189.28977429554902,0.23661221786943626,Insufficient Energy for CPU+NET,N/A,N/A,N/A
2366,Generic_Service,Rejected,239.31388051617213,N/A,N/A,N/A,0.061532841355136994,0.0,0.0,0.0,STARLINK-4743,0,N/A,N/A,0.0,0.021056869030306877,False,0.0,0.0,0.0,189.28977429554902,0.23661221786943626,Insufficient Energy for CPU,N/A,N/A,N/A
2367,Generic_Service,Rejected,239.35008519030967,N/A,N/A,N/A,0.06905859308615157,0.0,0.0,0.0,STARLINK-4743,0,N/A,N/A,0.0,0.030779379726579223,False,0.0,0.0,0.0,189.28977429554902,0.23661221786943626,Insufficient Energy for CPU,N/A,N/A,N/A
2368,CPU_Intensive,Rejected,239.40948280894065,N/A,N/A,N/A,0.7516463823576536,0.0,0.0,0.0,STARLINK-4743,0,N/A,N/A,0.0,0.08659565427070229,False,0.0,0.0,0.0,189.28977429554902,0.23661221786943626,Insufficient Energy for CPU,N/A,N/A,N/A
2369,CPU_Intensive,Rejected,239.58363122859893,N/A,N/A,N/A,1.013217880205389,0.0,0.0,0.0,STARLINK-4743,0,N/A,N/A,0.0,0.07155330649441302,False,0.0,0.0,0.0,189.28977429554902,0.23661221786943626,Insufficient Energy for CPU,N/A,N/A,N/A
2370,CPU_Intensive,Rejected,239.66452472929686,N/A,N/A,N/A,1.1520909582105543,0.0,0.0,0.0,STARLINK-4743,0,N/A,N/A,0.0,0.04100595424181504,False,0.0,0.0,0.0,189.28977429554902,0.23661221786943626,Insufficient Energy for CPU,N/A,N/A,N/A
2372,CPU_and_Data_Intensive,Rejected,240.2068079240628,N/A,N/A,N/A,0.6269525328564396,0.0,0.0,0.0,STARLINK-4743,0,N/A,N/A,0.0,18.69332685170492,False,0.0,0.0,0.0,189.28977429554902,0.23661221786943626,Insufficient Energy for CPU+NET,N/A,N/A,N/A
2373,CPU_Intensive,Rejected,240.32550202552721,N/A,N/A,N/A,0.2311790847024598,0.0,0.0,0.0,STARLINK-4743,0,N/A,N/A,0.0,0.027360477356918246,False,0.0,0.0,0.0,189.28977429554902,0.23661221786943626,Insufficient Energy for CPU,N/A,N/A,N/A
2374,CPU_and_Data_Intensive,Rejected,240.32848107249796,N/A,N/A,N/A,0.27440281328172256,0.0,0.0,0.0,STARLINK-4743,0,N/A,N/A,0.0,0.618807797608383,False,0.0,0.0,0.0,189.28977429554902,0.23661221786943626,Insufficient Energy for CPU+NET,N/A,N/A,N/A
2375,CPU_and_Data_Intensive,Rejected,240.40637157615026,N/A,N/A,N/A,0.7851032930178028,0.0,0.0,0.0,STARLINK-4743,0,N/A,N/A,0.0,0.47627667211150304,False,0.0,0.0,0.0,189.28977429554902,0.23661221786943626,Insufficient Energy for CPU+NET,N/A,N/A,N/A
2376,CPU_Intensive,Rejected,240.4428667210381,N/A,N/A,N/A,0.49901628823050703,0.0,0.0,0.0,STARLINK-4743,0,N/A,N/A,0.0,0.08675848949922473,False,0.0,0.0,0.0,189.28977429554902,0.23661221786943626,Insufficient Energy for CPU,N/A,N/A,N/A
2377,CPU_and_Data_Intensive,Rejected,240.58210979997128,N/A,N/A,N/A,0.4783849364091393,0.0,0.0,0.0,STARLINK-4743,0,N/A,N/A,0.0,0.611485076088712,False,0.0,0.0,0.0,189.28977429554902,0.23661221786943626,Insufficient Energy for CPU+NET,N/A,N/A,N/A
2378,CPU_Intensive,Rejected,240.6124330142352,N/A,N/A,N/A,0.5935740312820855,0.0,0.0,0.0,STARLINK-4743,0,N/A,N/A,0.0,0.028833555783552615,False,0.0,0.0,0.0,189.28977429554902,0.23661221786943626,Insufficient Energy for CPU,N/A,N/A,N/A
2379,Generic_Service,Rejected,240.70710891272012,N/A,N/A,N/A,0.027143555735531164,0.0,0.0,0.0,STARLINK-4743,0,N/A,N/A,0.0,0.057602738161875264,False,0.0,0.0,0.0,189.28977429554902,0.23661221786943626,Insufficient Energy for CPU,N/A,N/A,N/A
2380,CPU_Intensive,Rejected,240.73685833409627,N/A,N/A,N/A,1.183089164630502,0.0,0.0,0.0,STARLINK-4743,0,N/A,N/A,0.0,0.07281626264044472,False,0.0,0.0,0.0,189.28977429554902,0.23661221786943626,Insufficient Energy for CPU,N/A,N/A,N/A
2382,CPU_and_Data_Intensive,Rejected,240.88043165298714,N/A,N/A,N/A,1.566822153414258,0.0,0.0,0.0,STARLINK-4743,0,N/A,N/A,0.0,7.21911838602357,False,0.0,0.0,0.0,189.28977429554902,0.23661221786943626,Insufficient Energy for CPU+NET,N/A,N/A,N/A
2381,CPU_and_Data_Intensive,Rejected,240.83601815621904,N/A,N/A,N/A,3.2281406934879056,0.0,0.0,0.0,STARLINK-4743,0,N/A,N/A,0.0,462.99771629566345,False,0.0,0.0,0.0,189.28977429554902,0.23661221786943626,Insufficient Energy for CPU+NET,N/A,N/A,N/A
2383,CPU_and_Data_Intensive,Rejected,241.22508933050324,N/A,N/A,N/A,0.6770809790324107,0.0,0.0,0.0,STARLINK-4743,0,N/A,N/A,0.0,19.328398999926552,False,0.0,0.0,0.0,189.28977429554902,0.23661221786943626,Insufficient Energy for CPU+NET,N/A,N/A,N/A
2384,CPU_Intensive,Rejected,241.3024893373431,N/A,N/A,N/A,1.2531877708568964,0.0,0.0,0.0,STARLINK-4743,0,N/A,N/A,0.0,0.011686125762883037,False,0.0,0.0,0.0,189.28977429554902,0.23661221786943626,Insufficient Energy for CPU,N/A,N/A,N/A
2385,CPU_Intensive,Rejected,241.31671006848114,N/A,N/A,N/A,0.22556758264083765,0.0,0.0,0.0,STARLINK-4743,0,N/A,N/A,0.0,0.027574250933676957,False,0.0,0.0,0.0,189.28977429554902,0.23661221786943626,Insufficient Energy for CPU,N/A,N/A,N/A
2386,CPU_Intensive,Rejected,241.5122027806507,N/A,N/A,N/A,1.1723556898686254,0.0,0.0,0.0,STARLINK-4743,0,N/A,N/A,0.0,0.056985506564834636,False,0.0,0.0,0.0,189.28977429554902,0.23661221786943626,Insufficient Energy for CPU,N/A,N/A,N/A
2389,CPU_Intensive,Rejected,241.7530628680246,N/A,N/A,N/A,0.5585887823937957,0.0,0.0,0.0,STARLINK-4743,0,N/A,N/A,0.0,0.01821900510845019,False,0.0,0.0,0.0,189.28977429554902,0.23661221786943626,Insufficient Energy for CPU,N/A,N/A,N/A
2390,CPU_Intensive,Rejected,241.90883001927716,N/A,N/A,N/A,1.2891629118631927,0.0,0.0,0.0,STARLINK-4743,0,N/A,N/A,0.0,0.07923623795258411,False,0.0,0.0,0.0,189.28977429554902,0.23661221786943626,Insufficient Energy for CPU,N/A,N/A,N/A
2391,CPU_Intensive,Rejected,242.13538495584055,N/A,N/A,N/A,0.31505224197255655,0.0,0.0,0.0,STARLINK-4743,0,N/A,N/A,0.0,0.03539181945782307,False,0.0,0.0,0.0,189.28977429554902,0.23661221786943626,Insufficient Energy for CPU,N/A,N/A,N/A
2392,CPU_and_Data_Intensive,Rejected,242.3135028177984,N/A,N/A,N/A,1.1972827918520745,0.0,0.0,0.0,STARLINK-4743,0,N/A,N/A,0.0,1.4346750741310057,False,0.0,0.0,0.0,189.28977429554902,0.23661221786943626,Insufficient Energy for CPU+NET,N/A,N/A,N/A
2393,CPU_Intensive,Rejected,242.3162173185633,N/A,N/A,N/A,0.12919079837424424,0.0,0.0,0.0,STARLINK-4743,0,N/A,N/A,0.0,0.03496150867184839,False,0.0,0.0,0.0,189.28977429554902,0.23661221786943626,Insufficient Energy for CPU,N/A,N/A,N/A
2394,Generic_Service,Rejected,242.37066247466794,N/A,N/A,N/A,0.049549942424170455,0.0,0.0,0.0,STARLINK-4743,0,N/A,N/A,0.0,0.04805300994330892,False,0.0,0.0,0.0,189.28977429554902,0.23661221786943626,Insufficient Energy for CPU,N/A,N/A,N/A
2395,CPU_Intensive,Rejected,242.65177923886506,N/A,N/A,N/A,0.49406143603390446,0.0,0.0,0.0,STARLINK-4743,0,N/A,N/A,0.0,0.04739221536802754,False,0.0,0.0,0.0,189.28977429554902,0.23661221786943626,Insufficient Energy for CPU,N/A,N/A,N/A
2397,CPU_Intensive,Rejected,242.83225870432,N/A,N/A,N/A,0.32571330834645484,0.0,0.0,0.0,STARLINK-4743,0,N/A,N/A,0.0,0.08656197407211062,False,0.0,0.0,0.0,189.28977429554902,0.23661221786943626,Insufficient Energy for CPU,N/A,N/A,N/A
2398,CPU_Intensive,Rejected,242.92912934300344,N/A,N/A,N/A,0.7976517859778214,0.0,0.0,0.0,STARLINK-4743,0,N/A,N/A,0.0,0.027789026055523698,False,0.0,0.0,0.0,189.28977429554902,0.23661221786943626,Insufficient Energy for CPU,N/A,N/A,N/A
2400,CPU_and_Data_Intensive,Rejected,243.15370508916132,N/A,N/A,N/A,0.9471937282275156,0.0,0.0,0.0,STARLINK-4743,0,N/A,N/A,0.0,2.3770011182877617,False,0.0,0.0,0.0,189.28977429554902,0.23661221786943626,Insufficient Energy for CPU+NET,N/A,N/A,N/A
2401,CPU_and_Data_Intensive,Rejected,243.18063985857256,N/A,N/A,N/A,0.3344907514587842,0.0,0.0,0.0,STARLINK-4743,0,N/A,N/A,0.0,5.116417175191149,False,0.0,0.0,0.0,189.28977429554902,0.23661221786943626,Insufficient Energy for CPU+NET,N/A,N/A,N/A
2402,CPU_and_Data_Intensive,Rejected,243.26304181334226,N/A,N/A,N/A,0.12256693198088861,0.0,0.0,0.0,STARLINK-4743,0,N/A,N/A,0.0,21.716533237219902,False,0.0,0.0,0.0,189.28977429554902,0.23661221786943626,Insufficient Energy for CPU+NET,N/A,N/A,N/A
2403,CPU_Intensive,Rejected,243.29542403419947,N/A,N/A,N/A,0.7498367043559069,0.0,0.0,0.0,STARLINK-4743,0,N/A,N/A,0.0,0.031309323496649534,False,0.0,0.0,0.0,189.28977429554902,0.23661221786943626,Insufficient Energy for CPU,N/A,N/A,N/A
2404,Generic_Service,Rejected,243.5710893647926,N/A,N/A,N/A,0.10796138756191197,0.0,0.0,0.0,STARLINK-4743,0,N/A,N/A,0.0,0.02266685674071512,False,0.0,0.0,0.0,189.28977429554902,0.23661221786943626,Insufficient Energy for CPU,N/A,N/A,N/A
2405,Generic_Service,Rejected,243.57760508493763,N/A,N/A,N/A,0.024085755390117772,0.0,0.0,0.0,STARLINK-4743,0,N/A,N/A,0.0,0.08049041754157783,False,0.0,0.0,0.0,189.28977429554902,0.23661221786943626,Insufficient Energy for CPU,N/A,N/A,N/A
2406,CPU_Intensive,Rejected,243.73794695970562,N/A,N/A,N/A,0.4272162517042145,0.0,0.0,0.0,STARLINK-4743,0,N/A,N/A,0.0,0.03030081938752506,False,0.0,0.0,0.0,189.28977429554902,0.23661221786943626,Insufficient Energy for CPU,N/A,N/A,N/A
2407,CPU_Intensive,Rejected,244.07613168018491,N/A,N/A,N/A,0.6113382924096377,0.0,0.0,0.0,STARLINK-4743,0,N/A,N/A,0.0,0.032211518295815214,False,0.0,0.0,0.0,189.28977429554902,0.23661221786943626,Insufficient Energy for CPU,N/A,N/A,N/A
2408,CPU_Intensive,Rejected,244.1083340371713,N/A,N/A,N/A,0.052725238606387205,0.0,0.0,0.0,STARLINK-4743,0,N/A,N/A,0.0,0.05494120278111942,False,0.0,0.0,0.0,189.28977429554902,0.23661221786943626,Insufficient Energy for CPU,N/A,N/A,N/A
2409,CPU_and_Data_Intensive,Rejected,244.13084268399075,N/A,N/A,N/A,0.5507708030863325,0.0,0.0,0.0,STARLINK-4743,0,N/A,N/A,0.0,0.5379709281282135,False,0.0,0.0,0.0,189.28977429554902,0.23661221786943626,Insufficient Energy for CPU+NET,N/A,N/A,N/A
2410,CPU_Intensive,Rejected,244.22572231052925,N/A,N/A,N/A,0.6556479491885795,0.0,0.0,0.0,STARLINK-4743,0,N/A,N/A,0.0,0.07553098267001358,False,0.0,0.0,0.0,189.28977429554902,0.23661221786943626,Insufficient Energy for CPU,N/A,N/A,N/A
2411,CPU_Intensive,Rejected,244.22894616760811,N/A,N/A,N/A,0.21659859106402432,0.0,0.0,0.0,STARLINK-4743,0,N/A,N/A,0.0,0.07228043778541536,False,0.0,0.0,0.0,189.28977429554902,0.23661221786943626,Insufficient Energy for CPU,N/A,N/A,N/A
2412,Generic_Service,Rejected,244.32483849706085,N/A,N/A,N/A,0.09350490692311678,0.0,0.0,0.0,STARLINK-4743,0,N/A,N/A,0.0,0.03443534601740133,False,0.0,0.0,0.0,189.28977429554902,0.23661221786943626,Insufficient Energy for CPU,N/A,N/A,N/A
2413,CPU_and_Data_Intensive,Rejected,244.34637237547372,N/A,N/A,N/A,0.6779272035446479,0.0,0.0,0.0,STARLINK-4743,0,N/A,N/A,0.0,0.24416442006570455,False,0.0,0.0,0.0,189.28977429554902,0.23661221786943626,Insufficient Energy for CPU+NET,N/A,N/A,N/A
2417,Generic_Service,Rejected,244.4503780652063,N/A,N/A,N/A,0.05202059838319661,0.0,0.0,0.0,STARLINK-4743,0,N/A,N/A,0.0,0.08787315780358607,False,0.0,0.0,0.0,189.28977429554902,0.23661221786943626,Insufficient Energy for CPU,N/A,N/A,N/A
2418,CPU_Intensive,Rejected,244.4550554947484,N/A,N/A,N/A,2.34643061141474,0.0,0.0,0.0,STARLINK-4743,0,N/A,N/A,0.0,0.08589968142476447,False,0.0,0.0,0.0,189.28977429554902,0.23661221786943626,Insufficient Energy for CPU,N/A,N/A,N/A
2419,CPU_and_Data_Intensive,Rejected,244.55982750361306,N/A,N/A,N/A,0.8147791495559001,0.0,0.0,0.0,STARLINK-4743,0,N/A,N/A,0.0,0.8349437497437138,False,0.0,0.0,0.0,189.28977429554902,0.23661221786943626,Insufficient Energy for CPU+NET,N/A,N/A,N/A
2415,CPU_and_Data_Intensive,Rejected,244.42572036161673,N/A,N/A,N/A,1.601094770462585,0.0,0.0,0.0,STARLINK-4743,0,N/A,N/A,0.0,458.03468985105394,False,0.0,0.0,0.0,189.28977429554902,0.23661221786943626,Insufficient Energy for CPU+NET,N/A,N/A,N/A
2420,Generic_Service,Rejected,244.6250295147582,N/A,N/A,N/A,0.023028404771673384,0.0,0.0,0.0,STARLINK-4743,0,N/A,N/A,0.0,0.06656985910422974,False,0.0,0.0,0.0,189.28977429554902,0.23661221786943626,Insufficient Energy for CPU,N/A,N/A,N/A
2421,CPU_and_Data_Intensive,Rejected,244.65244315789838,N/A,N/A,N/A,1.0981551946629822,0.0,0.0,0.0,STARLINK-4743,0,N/A,N/A,0.0,2.141923274025745,False,0.0,0.0,0.0,189.28977429554902,0.23661221786943626,Insufficient Energy for CPU+NET,N/A,N/A,N/A
2426,CPU_and_Data_Intensive,Rejected,244.95944003400058,N/A,N/A,N/A,0.45844048419800676,0.0,0.0,0.0,STARLINK-4743,0,N/A,N/A,0.0,0.5677397006764852,False,0.0,0.0,0.0,189.28977429554902,0.23661221786943626,Insufficient Energy for CPU+NET,N/A,N/A,N/A
2427,CPU_Intensive,Rejected,245.09755297506345,N/A,N/A,N/A,0.49891118087594405,0.0,0.0,0.0,STARLINK-4743,0,N/A,N/A,0.0,0.05727043015947926,False,0.0,0.0,0.0,189.28977429554902,0.23661221786943626,Insufficient Energy for CPU,N/A,N/A,N/A
2428,CPU_Intensive,Rejected,245.15307000606057,N/A,N/A,N/A,0.06574152759657563,0.0,0.0,0.0,STARLINK-4743,0,N/A,N/A,0.0,0.06009604701860603,False,0.0,0.0,0.0,189.28977429554902,0.23661221786943626,Insufficient Energy for CPU,N/A,N/A,N/A
2429,CPU_and_Data_Intensive,Rejected,245.25098756425047,N/A,N/A,N/A,0.4247726714750713,0.0,0.0,0.0,STARLINK-4743,0,N/A,N/A,0.0,12.31730482168286,False,0.0,0.0,0.0,189.28977429554902,0.23661221786943626,Insufficient Energy for CPU+NET,N/A,N/A,N/A
2431,CPU_and_Data_Intensive,Rejected,245.29153491830252,N/A,N/A,N/A,2.7517985915674448,0.0,0.0,0.0,STARLINK-4743,0,N/A,N/A,0.0,14.256393981563864,False,0.0,0.0,0.0,189.28977429554902,0.23661221786943626,Insufficient Energy for CPU+NET,N/A,N/A,N/A
2433,CPU_and_Data_Intensive,Rejected,245.7282414469184,N/A,N/A,N/A,0.47441576020005144,0.0,0.0,0.0,STARLINK-4743,0,N/A,N/A,0.0,8.88835243358811,False,0.0,0.0,0.0,189.28977429554902,0.23661221786943626,Insufficient Energy for CPU+NET,N/A,N/A,N/A
2435,CPU_Intensive,Rejected,245.79499204230925,N/A,N/A,N/A,1.120343163681029,0.0,0.0,0.0,STARLINK-4743,0,N/A,N/A,0.0,0.04651217245636294,False,0.0,0.0,0.0,189.28977429554902,0.23661221786943626,Insufficient Energy for CPU,N/A,N/A,N/A
2434,CPU_and_Data_Intensive,Rejected,245.79369036763356,N/A,N/A,N/A,0.7813089777575608,0.0,0.0,0.0,STARLINK-4743,0,N/A,N/A,0.0,274.3102394238344,False,0.0,0.0,0.0,189.28977429554902,0.23661221786943626,Insufficient Energy for CPU+NET,N/A,N/A,N/A
2437,CPU_Intensive,Rejected,246.00730190801715,N/A,N/A,N/A,0.05601314534692389,0.0,0.0,0.0,STARLINK-4743,0,N/A,N/A,0.0,0.0578930369624242,False,0.0,0.0,0.0,189.28977429554902,0.23661221786943626,Insufficient Energy for CPU,N/A,N/A,N/A
2438,CPU_and_Data_Intensive,Rejected,246.1396065044696,N/A,N/A,N/A,0.268628434356299,0.0,0.0,0.0,STARLINK-4743,0,N/A,N/A,0.0,1.6716365898375554,False,0.0,0.0,0.0,189.28977429554902,0.23661221786943626,Insufficient Energy for CPU+NET,N/A,N/A,N/A
2439,Generic_Service,Rejected,246.20283176673223,N/A,N/A,N/A,0.022420513005081272,0.0,0.0,0.0,STARLINK-4743,0,N/A,N/A,0.0,0.060088745961596184,False,0.0,0.0,0.0,189.28977429554902,0.23661221786943626,Insufficient Energy for CPU,N/A,N/A,N/A
2440,Generic_Service,Rejected,246.2576074925562,N/A,N/A,N/A,0.06659921307038238,0.0,0.0,0.0,STARLINK-4743,0,N/A,N/A,0.0,0.05643932003985668,False,0.0,0.0,0.0,189.28977429554902,0.23661221786943626,Insufficient Energy for CPU,N/A,N/A,N/A
2441,CPU_Intensive,Rejected,246.29118427980123,N/A,N/A,N/A,0.2976218890444723,0.0,0.0,0.0,STARLINK-4743,0,N/A,N/A,0.0,0.04948911618477893,False,0.0,0.0,0.0,189.28977429554902,0.23661221786943626,Insufficient Energy for CPU,N/A,N/A,N/A
2442,CPU_Intensive,Rejected,246.4193525360357,N/A,N/A,N/A,0.023417518514367998,0.0,0.0,0.0,STARLINK-4743,0,N/A,N/A,0.0,0.05535727481317079,False,0.0,0.0,0.0,189.28977429554902,0.23661221786943626,Insufficient Energy for CPU,N/A,N/A,N/A
2444,CPU_Intensive,Rejected,246.53628258408125,N/A,N/A,N/A,0.24916804091356623,0.0,0.0,0.0,STARLINK-4743,0,N/A,N/A,0.0,0.08619494557972367,False,0.0,0.0,0.0,189.28977429554902,0.23661221786943626,Insufficient Energy for CPU,N/A,N/A,N/A
2445,Generic_Service,Rejected,246.5479113758564,N/A,N/A,N/A,0.033211745605046576,0.0,0.0,0.0,STARLINK-4743,0,N/A,N/A,0.0,0.07775724281895607,False,0.0,0.0,0.0,189.28977429554902,0.23661221786943626,Insufficient Energy for CPU,N/A,N/A,N/A
2446,CPU_and_Data_Intensive,Rejected,246.5771139426634,N/A,N/A,N/A,1.175443480638416,0.0,0.0,0.0,STARLINK-4743,0,N/A,N/A,0.0,2.051202991407135,False,0.0,0.0,0.0,189.28977429554902,0.23661221786943626,Insufficient Energy for CPU+NET,N/A,N/A,N/A
2447,CPU_Intensive,Rejected,246.58079280591784,N/A,N/A,N/A,0.13399564662646773,0.0,0.0,0.0,STARLINK-4743,0,N/A,N/A,0.0,0.04103536719863547,False,0.0,0.0,0.0,189.28977429554902,0.23661221786943626,Insufficient Energy for CPU,N/A,N/A,N/A
2448,CPU_Intensive,Rejected,246.70005028512895,N/A,N/A,N/A,2.3938061950957477,0.0,0.0,0.0,STARLINK-4743,0,N/A,N/A,0.0,0.016362130602022937,False,0.0,0.0,0.0,189.28977429554902,0.23661221786943626,Insufficient Energy for CPU,N/A,N/A,N/A
2450,CPU_and_Data_Intensive,Rejected,246.85066514619518,N/A,N/A,N/A,0.6667484207737596,0.0,0.0,0.0,STARLINK-4743,0,N/A,N/A,0.0,1.117228391192703,False,0.0,0.0,0.0,189.28977429554902,0.23661221786943626,Insufficient Energy for CPU+NET,N/A,N/A,N/A
2451,Generic_Service,Rejected,246.85188566666878,N/A,N/A,N/A,0.09752144007186814,0.0,0.0,0.0,STARLINK-4743,0,N/A,N/A,0.0,0.01445205257108231,False,0.0,0.0,0.0,189.28977429554902,0.23661221786943626,Insufficient Energy for CPU,N/A,N/A,N/A
2453,CPU_and_Data_Intensive,Rejected,247.00545568530336,N/A,N/A,N/A,1.1046645682132716,0.0,0.0,0.0,STARLINK-4743,0,N/A,N/A,0.0,1.3662017072179693,False,0.0,0.0,0.0,189.28977429554902,0.23661221786943626,Insufficient Energy for CPU+NET,N/A,N/A,N/A
2454,CPU_Intensive,Rejected,247.11253002755657,N/A,N/A,N/A,0.7907840803351334,0.0,0.0,0.0,STARLINK-4743,0,N/A,N/A,0.0,0.04711851677999156,False,0.0,0.0,0.0,189.28977429554902,0.23661221786943626,Insufficient Energy for CPU,N/A,N/A,N/A
2455,CPU_Intensive,Rejected,247.17534954478828,N/A,N/A,N/A,0.22391785831623406,0.0,0.0,0.0,STARLINK-4743,0,N/A,N/A,0.0,0.04484404971582376,False,0.0,0.0,0.0,189.28977429554902,0.23661221786943626,Insufficient Energy for CPU,N/A,N/A,N/A
2456,CPU_Intensive,Rejected,247.37713672330293,N/A,N/A,N/A,0.3939417271478328,0.0,0.0,0.0,STARLINK-4743,0,N/A,N/A,0.0,0.0799686990777244,False,0.0,0.0,0.0,189.28977429554902,0.23661221786943626,Insufficient Energy for CPU,N/A,N/A,N/A
2457,CPU_and_Data_Intensive,Rejected,247.39415128889516,N/A,N/A,N/A,0.09361288892439112,0.0,0.0,0.0,STARLINK-4743,0,N/A,N/A,0.0,1.2412226663826311,False,0.0,0.0,0.0,189.28977429554902,0.23661221786943626,Insufficient Energy for CPU+NET,N/A,N/A,N/A
2458,CPU_and_Data_Intensive,Rejected,247.43816570653132,N/A,N/A,N/A,0.37336281562072227,0.0,0.0,0.0,STARLINK-4743,0,N/A,N/A,0.0,15.388305204476175,False,0.0,0.0,0.0,189.28977429554902,0.23661221786943626,Insufficient Energy for CPU+NET,N/A,N/A,N/A
2459,CPU_and_Data_Intensive,Rejected,247.50059552438407,N/A,N/A,N/A,0.3215373911338331,0.0,0.0,0.0,STARLINK-4743,0,N/A,N/A,0.0,3.4129967576979734,False,0.0,0.0,0.0,189.28977429554902,0.23661221786943626,Insufficient Energy for CPU+NET,N/A,N/A,N/A
2460,CPU_Intensive,Rejected,247.60147637307543,N/A,N/A,N/A,0.6223816549803342,0.0,0.0,0.0,STARLINK-4743,0,N/A,N/A,0.0,0.06790043863354436,False,0.0,0.0,0.0,189.28977429554902,0.23661221786943626,Insufficient Energy for CPU,N/A,N/A,N/A
2461,CPU_and_Data_Intensive,Rejected,247.71075446467057,N/A,N/A,N/A,0.1516116608206942,0.0,0.0,0.0,STARLINK-4743,0,N/A,N/A,0.0,1.4410083656993442,False,0.0,0.0,0.0,189.28977429554902,0.23661221786943626,Insufficient Energy for CPU+NET,N/A,N/A,N/A
2463,CPU_and_Data_Intensive,Rejected,247.89278388748158,N/A,N/A,N/A,1.0071442192957087,0.0,0.0,0.0,STARLINK-4743,0,N/A,N/A,0.0,7.96038377659507,False,0.0,0.0,0.0,189.28977429554902,0.23661221786943626,Insufficient Energy for CPU+NET,N/A,N/A,N/A
2467,CPU_and_Data_Intensive,Rejected,247.98059670889523,N/A,N/A,N/A,0.1603284734504821,0.0,0.0,0.0,STARLINK-4743,0,N/A,N/A,0.0,23.53723120251745,False,0.0,0.0,0.0,189.28977429554902,0.23661221786943626,Insufficient Energy for CPU+NET,N/A,N/A,N/A
2466,CPU_and_Data_Intensive,Rejected,247.9632595709893,N/A,N/A,N/A,1.3275634726574532,0.0,0.0,0.0,STARLINK-4743,0,N/A,N/A,0.0,239.11893116797438,False,0.0,0.0,0.0,189.28977429554902,0.23661221786943626,Insufficient Energy for CPU+NET,N/A,N/A,N/A
2468,Generic_Service,Rejected,248.07278270019611,N/A,N/A,N/A,0.09858563999925983,0.0,0.0,0.0,STARLINK-4743,0,N/A,N/A,0.0,0.06931856509443489,False,0.0,0.0,0.0,189.28977429554902,0.23661221786943626,Insufficient Energy for CPU,N/A,N/A,N/A
2470,CPU_Intensive,Rejected,248.25812355435284,N/A,N/A,N/A,0.21480134930644101,0.0,0.0,0.0,STARLINK-4743,0,N/A,N/A,0.0,0.03756533148422258,False,0.0,0.0,0.0,189.28977429554902,0.23661221786943626,Insufficient Energy for CPU,N/A,N/A,N/A
2471,CPU_Intensive,Rejected,248.2816564205819,N/A,N/A,N/A,2.112845611981127,0.0,0.0,0.0,STARLINK-4743,0,N/A,N/A,0.0,0.06290522623498677,False,0.0,0.0,0.0,189.28977429554902,0.23661221786943626,Insufficient Energy for CPU,N/A,N/A,N/A
2472,CPU_and_Data_Intensive,Rejected,248.28768975912084,N/A,N/A,N/A,0.5147758289058225,0.0,0.0,0.0,STARLINK-4743,0,N/A,N/A,0.0,4.916031042998746,False,0.0,0.0,0.0,189.28977429554902,0.23661221786943626,Insufficient Energy for CPU+NET,N/A,N/A,N/A
2473,CPU_Intensive,Rejected,248.43856812136013,N/A,N/A,N/A,0.574603464370267,0.0,0.0,0.0,STARLINK-4743,0,N/A,N/A,0.0,0.07763278265823062,False,0.0,0.0,0.0,189.28977429554902,0.23661221786943626,Insufficient Energy for CPU,N/A,N/A,N/A
2474,CPU_and_Data_Intensive,Rejected,248.45635953685198,N/A,N/A,N/A,2.185035185793782,0.0,0.0,0.0,STARLINK-4743,0,N/A,N/A,0.0,0.7650207365735718,False,0.0,0.0,0.0,189.28977429554902,0.23661221786943626,Insufficient Energy for CPU+NET,N/A,N/A,N/A
2476,CPU_Intensive,Rejected,248.62195036902105,N/A,N/A,N/A,2.697716920062669,0.0,0.0,0.0,STARLINK-4743,0,N/A,N/A,0.0,0.03309007068452115,False,0.0,0.0,0.0,189.28977429554902,0.23661221786943626,Insufficient Energy for CPU,N/A,N/A,N/A
2477,CPU_Intensive,Rejected,248.77980108928173,N/A,N/A,N/A,0.040145646633035596,0.0,0.0,0.0,STARLINK-4743,0,N/A,N/A,0.0,0.06433792909257961,False,0.0,0.0,0.0,189.28977429554902,0.23661221786943626,Insufficient Energy for CPU,N/A,N/A,N/A
2478,CPU_and_Data_Intensive,Rejected,248.82318694664997,N/A,N/A,N/A,0.679444335346984,0.0,0.0,0.0,STARLINK-4743,0,N/A,N/A,0.0,13.905736211007003,False,0.0,0.0,0.0,189.28977429554902,0.23661221786943626,Insufficient Energy for CPU+NET,N/A,N/A,N/A
2479,Generic_Service,Rejected,249.00448891915224,N/A,N/A,N/A,0.06748129214261832,0.0,0.0,0.0,STARLINK-4743,0,N/A,N/A,0.0,0.07155900804024982,False,0.0,0.0,0.0,189.28977429554902,0.23661221786943626,Insufficient Energy for CPU,N/A,N/A,N/A
2480,CPU_Intensive,Rejected,249.08384773988612,N/A,N/A,N/A,1.1755841149961925,0.0,0.0,0.0,STARLINK-4743,0,N/A,N/A,0.0,0.030928108072233305,False,0.0,0.0,0.0,189.28977429554902,0.23661221786943626,Insufficient Energy for CPU,N/A,N/A,N/A
2482,CPU_and_Data_Intensive,Rejected,249.13431931988595,N/A,N/A,N/A,0.0907512938301777,0.0,0.0,0.0,STARLINK-4743,0,N/A,N/A,0.0,1.631978054402579,False,0.0,0.0,0.0,189.28977429554902,0.23661221786943626,Insufficient Energy for CPU+NET,N/A,N/A,N/A
2483,CPU_Intensive,Rejected,249.17788971465308,N/A,N/A,N/A,0.6785530996931813,0.0,0.0,0.0,STARLINK-4743,0,N/A,N/A,0.0,0.029613361268807162,False,0.0,0.0,0.0,189.28977429554902,0.23661221786943626,Insufficient Energy for CPU,N/A,N/A,N/A
2484,CPU_Intensive,Rejected,249.1789091528804,N/A,N/A,N/A,0.7731223599473529,0.0,0.0,0.0,STARLINK-4743,0,N/A,N/A,0.0,0.0698874818406359,False,0.0,0.0,0.0,189.28977429554902,0.23661221786943626,Insufficient Energy for CPU,N/A,N/A,N/A
2481,CPU_and_Data_Intensive,Rejected,249.1294030148883,N/A,N/A,N/A,0.9553464635673812,0.0,0.0,0.0,STARLINK-4743,0,N/A,N/A,0.0,354.86954735528604,False,0.0,0.0,0.0,189.28977429554902,0.23661221786943626,Insufficient Energy for CPU+NET,N/A,N/A,N/A
2485,CPU_Intensive,Rejected,249.45751094676976,N/A,N/A,N/A,0.06998019419330483,0.0,0.0,0.0,STARLINK-4743,0,N/A,N/A,0.0,0.051595819426882426,False,0.0,0.0,0.0,189.28977429554902,0.23661221786943626,Insufficient Energy for CPU,N/A,N/A,N/A
2486,CPU_Intensive,Rejected,249.47338436014766,N/A,N/A,N/A,0.5786602953290911,0.0,0.0,0.0,STARLINK-4743,0,N/A,N/A,0.0,0.015309002692178995,False,0.0,0.0,0.0,189.28977429554902,0.23661221786943626,Insufficient Energy for CPU,N/A,N/A,N/A
2487,CPU_and_Data_Intensive,Rejected,249.67532809877676,N/A,N/A,N/A,0.41520780017354675,0.0,0.0,0.0,STARLINK-4743,0,N/A,N/A,0.0,8.570896522657502,False,0.0,0.0,0.0,189.28977429554902,0.23661221786943626,Insufficient Energy for CPU+NET,N/A,N/A,N/A
2488,CPU_Intensive,Rejected,249.73642930267374,N/A,N/A,N/A,1.3494528537066233,0.0,0.0,0.0,STARLINK-4743,0,N/A,N/A,0.0,0.027255468485976035,False,0.0,0.0,0.0,189.28977429554902,0.23661221786943626,Insufficient Energy for CPU,N/A,N/A,N/A
2489,CPU_and_Data_Intensive,Rejected,249.79995657169928,N/A,N/A,N/A,0.1046106231851682,0.0,0.0,0.0,STARLINK-4743,0,N/A,N/A,0.0,2.0168687478421594,False,0.0,0.0,0.0,189.28977429554902,0.23661221786943626,Insufficient Energy for CPU+NET,N/A,N/A,N/A
2490,CPU_and_Data_Intensive,Rejected,249.85420779313992,N/A,N/A,N/A,0.7212013278832821,0.0,0.0,0.0,STARLINK-4743,0,N/A,N/A,0.0,18.402539006020245,False,0.0,0.0,0.0,189.28977429554902,0.23661221786943626,Insufficient Energy for CPU+NET,N/A,N/A,N/A
2491,CPU_Intensive,Rejected,249.96597308785087,N/A,N/A,N/A,0.32519094899437734,0.0,0.0,0.0,STARLINK-4743,0,N/A,N/A,0.0,0.03697829661031004,False,0.0,0.0,0.0,189.28977429554902,0.23661221786943626,Insufficient Energy for CPU,N/A,N/A,N/A
2492,Generic_Service,Rejected,250.10563493911306,N/A,N/A,N/A,0.020898007546397864,0.0,0.0,0.0,STARLINK-4743,0,N/A,N/A,0.0,0.08425434588489872,False,0.0,0.0,0.0,189.28977429554902,0.23661221786943626,Insufficient Energy for CPU,N/A,N/A,N/A
2494,Generic_Service,Rejected,250.15891556923276,N/A,N/A,N/A,0.14905944186589765,0.0,0.0,0.0,STARLINK-4743,0,N/A,N/A,0.0,0.06823481958679999,False,0.0,0.0,0.0,189.28977429554902,0.23661221786943626,Insufficient Energy for CPU,N/A,N/A,N/A
2495,CPU_Intensive,Rejected,250.20017356938638,N/A,N/A,N/A,0.2677443971873022,0.0,0.0,0.0,STARLINK-4743,0,N/A,N/A,0.0,0.023015830067102006,False,0.0,0.0,0.0,189.28977429554902,0.23661221786943626,Insufficient Energy for CPU,N/A,N/A,N/A
2496,Generic_Service,Rejected,250.29077252656796,N/A,N/A,N/A,0.06712608355512077,0.0,0.0,0.0,STARLINK-4743,0,N/A,N/A,0.0,0.060786228286964866,False,0.0,0.0,0.0,189.28977429554902,0.23661221786943626,Insufficient Energy for CPU,N/A,N/A,N/A
2497,CPU_and_Data_Intensive,Rejected,250.3051119212001,N/A,N/A,N/A,0.2711117672280323,0.0,0.0,0.0,STARLINK-4743,0,N/A,N/A,0.0,17.895337006843175,False,0.0,0.0,0.0,189.28977429554902,0.23661221786943626,Insufficient Energy for CPU+NET,N/A,N/A,N/A
2498,Generic_Service,Rejected,250.4646337403391,N/A,N/A,N/A,0.051354328729865666,0.0,0.0,0.0,STARLINK-4743,0,N/A,N/A,0.0,0.014562984201821911,False,0.0,0.0,0.0,189.28977429554902,0.23661221786943626,Insufficient Energy for CPU,N/A,N/A,N/A
2499,CPU_and_Data_Intensive,Rejected,250.50736753609488,N/A,N/A,N/A,0.20668515456842326,0.0,0.0,0.0,STARLINK-4743,0,N/A,N/A,0.0,1.493270915651545,False,0.0,0.0,0.0,189.28977429554902,0.23661221786943626,Insufficient Energy for CPU+NET,N/A,N/A,N/A
2500,CPU_Intensive,Rejected,250.53338890951562,N/A,N/A,N/A,0.9293800509048273,0.0,0.0,0.0,STARLINK-4743,0,N/A,N/A,0.0,0.019759218928038585,False,0.0,0.0,0.0,189.28977429554902,0.23661221786943626,Insufficient Energy for CPU,N/A,N/A,N/A
2501,CPU_Intensive,Rejected,250.5410703056937,N/A,N/A,N/A,0.5671564673689743,0.0,0.0,0.0,STARLINK-4743,0,N/A,N/A,0.0,0.08397385236827642,False,0.0,0.0,0.0,189.28977429554902,0.23661221786943626,Insufficient Energy for CPU,N/A,N/A,N/A
2502,CPU_and_Data_Intensive,Rejected,250.5506156811978,N/A,N/A,N/A,0.210299041505215,0.0,0.0,0.0,STARLINK-4743,0,N/A,N/A,0.0,0.16950985413960826,False,0.0,0.0,0.0,189.28977429554902,0.23661221786943626,Insufficient Energy for CPU+NET,N/A,N/A,N/A
2505,CPU_and_Data_Intensive,Rejected,250.92855867433573,N/A,N/A,N/A,0.15575162126212957,0.0,0.0,0.0,STARLINK-4743,0,N/A,N/A,0.0,0.824637592155789,False,0.0,0.0,0.0,189.28977429554902,0.23661221786943626,Insufficient Energy for CPU+NET,N/A,N/A,N/A
2506,CPU_and_Data_Intensive,Rejected,250.9313225457124,N/A,N/A,N/A,0.9080182458353159,0.0,0.0,0.0,STARLINK-4743,0,N/A,N/A,0.0,0.6252952931816989,False,0.0,0.0,0.0,189.28977429554902,0.23661221786943626,Insufficient Energy for CPU+NET,N/A,N/A,N/A
2507,Generic_Service,Rejected,251.16885047358397,N/A,N/A,N/A,0.0412686850030699,0.0,0.0,0.0,STARLINK-4743,0,N/A,N/A,0.0,0.023734272614812577,False,0.0,0.0,0.0,189.28977429554902,0.23661221786943626,Insufficient Energy for CPU,N/A,N/A,N/A
2508,Generic_Service,Rejected,251.25747561038108,N/A,N/A,N/A,0.035186613001017567,0.0,0.0,0.0,STARLINK-4743,0,N/A,N/A,0.0,0.06217544388061664,False,0.0,0.0,0.0,189.28977429554902,0.23661221786943626,Insufficient Energy for CPU,N/A,N/A,N/A
2510,CPU_and_Data_Intensive,Rejected,251.37926247384314,N/A,N/A,N/A,0.11070569967271368,0.0,0.0,0.0,STARLINK-4743,0,N/A,N/A,0.0,0.11165036295106617,False,0.0,0.0,0.0,189.28977429554902,0.23661221786943626,Insufficient Energy for CPU+NET,N/A,N/A,N/A
2511,CPU_and_Data_Intensive,Rejected,251.55840301540678,N/A,N/A,N/A,0.8324083799853257,0.0,0.0,0.0,STARLINK-4743,0,N/A,N/A,0.0,0.7613887027282453,False,0.0,0.0,0.0,189.28977429554902,0.23661221786943626,Insufficient Energy for CPU+NET,N/A,N/A,N/A
2512,Generic_Service,Rejected,251.60459222126886,N/A,N/A,N/A,0.022118523227486003,0.0,0.0,0.0,STARLINK-4743,0,N/A,N/A,0.0,0.010772520170264536,False,0.0,0.0,0.0,189.28977429554902,0.23661221786943626,Insufficient Energy for CPU,N/A,N/A,N/A
2513,CPU_Intensive,Rejected,251.70012527861897,N/A,N/A,N/A,0.08640322123357133,0.0,0.0,0.0,STARLINK-4743,0,N/A,N/A,0.0,0.03014469754204887,False,0.0,0.0,0.0,189.28977429554902,0.23661221786943626,Insufficient Energy for CPU,N/A,N/A,N/A
2514,CPU_Intensive,Rejected,251.7052555816877,N/A,N/A,N/A,0.05754477023657473,0.0,0.0,0.0,STARLINK-4743,0,N/A,N/A,0.0,0.05191993558009595,False,0.0,0.0,0.0,189.28977429554902,0.23661221786943626,Insufficient Energy for CPU,N/A,N/A,N/A
2515,CPU_and_Data_Intensive,Rejected,251.93106310031564,N/A,N/A,N/A,0.08851031965412233,0.0,0.0,0.0,STARLINK-4743,0,N/A,N/A,0.0,1.0376114180908147,False,0.0,0.0,0.0,189.28977429554902,0.23661221786943626,Insufficient Energy for CPU+NET,N/A,N/A,N/A
2516,CPU_Intensive,Rejected,251.9862214174013,N/A,N/A,N/A,0.8592844843756979,0.0,0.0,0.0,STARLINK-4743,0,N/A,N/A,0.0,0.059026633467398996,False,0.0,0.0,0.0,189.28977429554902,0.23661221786943626,Insufficient Energy for CPU,N/A,N/A,N/A
2518,CPU_Intensive,Rejected,252.134696705868,N/A,N/A,N/A,0.565435066363835,0.0,0.0,0.0,STARLINK-4743,0,N/A,N/A,0.0,0.0690831354127318,False,0.0,0.0,0.0,189.28977429554902,0.23661221786943626,Insufficient Energy for CPU,N/A,N/A,N/A
2519,CPU_and_Data_Intensive,Rejected,252.19361984070025,N/A,N/A,N/A,0.3041351816795393,0.0,0.0,0.0,STARLINK-4743,0,N/A,N/A,0.0,17.55291602775403,False,0.0,0.0,0.0,189.28977429554902,0.23661221786943626,Insufficient Energy for CPU+NET,N/A,N/A,N/A
2520,CPU_and_Data_Intensive,Rejected,252.21953832117427,N/A,N/A,N/A,0.40658386661338597,0.0,0.0,0.0,STARLINK-4743,0,N/A,N/A,0.0,14.258541692499271,False,0.0,0.0,0.0,189.28977429554902,0.23661221786943626,Insufficient Energy for CPU+NET,N/A,N/A,N/A
2521,CPU_Intensive,Rejected,252.25763829360002,N/A,N/A,N/A,0.025901578429941327,0.0,0.0,0.0,STARLINK-4743,0,N/A,N/A,0.0,0.05121977769474698,False,0.0,0.0,0.0,189.28977429554902,0.23661221786943626,Insufficient Energy for CPU,N/A,N/A,N/A
2522,CPU_and_Data_Intensive,Rejected,252.479076915049,N/A,N/A,N/A,1.4508030211551275,0.0,0.0,0.0,STARLINK-4743,0,N/A,N/A,0.0,3.9059278719390726,False,0.0,0.0,0.0,189.28977429554902,0.23661221786943626,Insufficient Energy for CPU+NET,N/A,N/A,N/A
2525,CPU_Intensive,Rejected,252.69732169173636,N/A,N/A,N/A,0.05819429706782626,0.0,0.0,0.0,STARLINK-4743,0,N/A,N/A,0.0,0.08520563830334864,False,0.0,0.0,0.0,189.28977429554902,0.23661221786943626,Insufficient Energy for CPU,N/A,N/A,N/A
2524,CPU_and_Data_Intensive,Rejected,252.69378173471813,N/A,N/A,N/A,0.21510424607648643,0.0,0.0,0.0,STARLINK-4743,0,N/A,N/A,0.0,17.959755371017184,False,0.0,0.0,0.0,189.28977429554902,0.23661221786943626,Insufficient Energy for CPU+NET,N/A,N/A,N/A
2526,CPU_Intensive,Rejected,252.7320916294075,N/A,N/A,N/A,0.7049436726974782,0.0,0.0,0.0,STARLINK-4743,0,N/A,N/A,0.0,0.06508633238955876,False,0.0,0.0,0.0,189.28977429554902,0.23661221786943626,Insufficient Energy for CPU,N/A,N/A,N/A
2527,Generic_Service,Rejected,252.94585291032982,N/A,N/A,N/A,0.0566750976043853,0.0,0.0,0.0,STARLINK-4743,0,N/A,N/A,0.0,0.04716365901614696,False,0.0,0.0,0.0,189.28977429554902,0.23661221786943626,Insufficient Energy for CPU,N/A,N/A,N/A
2528,CPU_Intensive,Rejected,252.95350208535126,N/A,N/A,N/A,0.09739890149517527,0.0,0.0,0.0,STARLINK-4743,0,N/A,N/A,0.0,0.017485661966033437,False,0.0,0.0,0.0,189.28977429554902,0.23661221786943626,Insufficient Energy for CPU,N/A,N/A,N/A
2531,Generic_Service,Rejected,253.06346760417728,N/A,N/A,N/A,0.14263856549655157,0.0,0.0,0.0,STARLINK-4743,0,N/A,N/A,0.0,0.05400601732492751,False,0.0,0.0,0.0,189.28977429554902,0.23661221786943626,Insufficient Energy for CPU,N/A,N/A,N/A
2533,CPU_and_Data_Intensive,Rejected,253.09624146307905,N/A,N/A,N/A,0.4156739407827516,0.0,0.0,0.0,STARLINK-4743,0,N/A,N/A,0.0,1.472175160044805,False,0.0,0.0,0.0,189.28977429554902,0.23661221786943626,Insufficient Energy for CPU+NET,N/A,N/A,N/A
2532,CPU_and_Data_Intensive,Rejected,253.09451368977236,N/A,N/A,N/A,1.5501496045424017,0.0,0.0,0.0,STARLINK-4743,0,N/A,N/A,0.0,17.713490552360646,False,0.0,0.0,0.0,189.28977429554902,0.23661221786943626,Insufficient Energy for CPU+NET,N/A,N/A,N/A
2536,CPU_Intensive,Rejected,253.6236282652137,N/A,N/A,N/A,1.5371483133009778,0.0,0.0,0.0,STARLINK-4743,0,N/A,N/A,0.0,0.04162569781395694,False,0.0,0.0,0.0,189.28977429554902,0.23661221786943626,Insufficient Energy for CPU,N/A,N/A,N/A
2537,CPU_and_Data_Intensive,Rejected,253.66904292475493,N/A,N/A,N/A,1.20780569307927,0.0,0.0,0.0,STARLINK-4743,0,N/A,N/A,0.0,0.3001287160126376,False,0.0,0.0,0.0,189.28977429554902,0.23661221786943626,Insufficient Energy for CPU+NET,N/A,N/A,N/A
2538,CPU_Intensive,Rejected,253.8664736982416,N/A,N/A,N/A,0.6527863986930728,0.0,0.0,0.0,STARLINK-4743,0,N/A,N/A,0.0,0.06289136611747057,False,0.0,0.0,0.0,189.28977429554902,0.23661221786943626,Insufficient Energy for CPU,N/A,N/A,N/A
2539,CPU_and_Data_Intensive,Rejected,254.22373397903024,N/A,N/A,N/A,0.6577767573891182,0.0,0.0,0.0,STARLINK-4743,0,N/A,N/A,0.0,0.11297622418614969,False,0.0,0.0,0.0,189.28977429554902,0.23661221786943626,Insufficient Energy for CPU+NET,N/A,N/A,N/A
2540,CPU_Intensive,Rejected,254.3242569897797,N/A,N/A,N/A,0.33930269587899575,0.0,0.0,0.0,STARLINK-4743,0,N/A,N/A,0.0,0.05660115801071901,False,0.0,0.0,0.0,189.28977429554902,0.23661221786943626,Insufficient Energy for CPU,N/A,N/A,N/A
2542,CPU_Intensive,Rejected,254.5129502959536,N/A,N/A,N/A,0.2650449356715205,0.0,0.0,0.0,STARLINK-4743,0,N/A,N/A,0.0,0.07050931706749482,False,0.0,0.0,0.0,189.28977429554902,0.23661221786943626,Insufficient Energy for CPU,N/A,N/A,N/A
2543,CPU_and_Data_Intensive,Rejected,254.61218941477566,N/A,N/A,N/A,0.5770328957608793,0.0,0.0,0.0,STARLINK-4743,0,N/A,N/A,0.0,0.4230481840899565,False,0.0,0.0,0.0,189.28977429554902,0.23661221786943626,Insufficient Energy for CPU+NET,N/A,N/A,N/A
2544,CPU_and_Data_Intensive,Rejected,254.65213093796586,N/A,N/A,N/A,0.7912391730868852,0.0,0.0,0.0,STARLINK-4743,0,N/A,N/A,0.0,17.5087687530856,False,0.0,0.0,0.0,189.28977429554902,0.23661221786943626,Insufficient Energy for CPU+NET,N/A,N/A,N/A
2545,CPU_Intensive,Rejected,254.79601234108102,N/A,N/A,N/A,0.08244339212248317,0.0,0.0,0.0,STARLINK-4743,0,N/A,N/A,0.0,0.07486852894342083,False,0.0,0.0,0.0,189.28977429554902,0.23661221786943626,Insufficient Energy for CPU,N/A,N/A,N/A
2546,CPU_Intensive,Rejected,254.79703171281855,N/A,N/A,N/A,0.7206290109253767,0.0,0.0,0.0,STARLINK-4743,0,N/A,N/A,0.0,0.06820347223879812,False,0.0,0.0,0.0,189.28977429554902,0.23661221786943626,Insufficient Energy for CPU,N/A,N/A,N/A
2547,CPU_and_Data_Intensive,Rejected,254.82329472520442,N/A,N/A,N/A,0.022213096689866114,0.0,0.0,0.0,STARLINK-4743,0,N/A,N/A,0.0,0.7040331909097675,False,0.0,0.0,0.0,189.28977429554902,0.23661221786943626,Insufficient Energy for CPU+NET,N/A,N/A,N/A
2548,Generic_Service,Rejected,254.85286803071494,N/A,N/A,N/A,0.02678980170002165,0.0,0.0,0.0,STARLINK-4743,0,N/A,N/A,0.0,0.07464727232698995,False,0.0,0.0,0.0,189.28977429554902,0.23661221786943626,Insufficient Energy for CPU,N/A,N/A,N/A
2550,CPU_Intensive,Rejected,254.9729667228124,N/A,N/A,N/A,0.13260224535428328,0.0,0.0,0.0,STARLINK-4743,0,N/A,N/A,0.0,0.05239752918867029,False,0.0,0.0,0.0,189.28977429554902,0.23661221786943626,Insufficient Energy for CPU,N/A,N/A,N/A
2551,Generic_Service,Rejected,255.1690575537168,N/A,N/A,N/A,0.07207685032395866,0.0,0.0,0.0,STARLINK-4743,0,N/A,N/A,0.0,0.06371623211050373,False,0.0,0.0,0.0,189.28977429554902,0.23661221786943626,Insufficient Energy for CPU,N/A,N/A,N/A
2552,CPU_Intensive,Rejected,255.16992844377566,N/A,N/A,N/A,0.9954714173826759,0.0,0.0,0.0,STARLINK-4743,0,N/A,N/A,0.0,0.08350739323247865,False,0.0,0.0,0.0,189.28977429554902,0.23661221786943626,Insufficient Energy for CPU,N/A,N/A,N/A
2553,Generic_Service,Rejected,255.5629189578188,N/A,N/A,N/A,0.0251004497738068,0.0,0.0,0.0,STARLINK-4743,0,N/A,N/A,0.0,0.011247641701193512,False,0.0,0.0,0.0,189.28977429554902,0.23661221786943626,Insufficient Energy for CPU,N/A,N/A,N/A
2554,Generic_Service,Rejected,255.58040960337715,N/A,N/A,N/A,0.2635538472192073,0.0,0.0,0.0,STARLINK-4743,0,N/A,N/A,0.0,0.08421390419200286,False,0.0,0.0,0.0,189.28977429554902,0.23661221786943626,Insufficient Energy for CPU,N/A,N/A,N/A
2555,CPU_Intensive,Rejected,255.59393613128628,N/A,N/A,N/A,1.0570915789317508,0.0,0.0,0.0,STARLINK-4743,0,N/A,N/A,0.0,0.08700937693541172,False,0.0,0.0,0.0,189.28977429554902,0.23661221786943626,Insufficient Energy for CPU,N/A,N/A,N/A
2557,CPU_Intensive,Rejected,255.73460648335148,N/A,N/A,N/A,3.4424854842865127,0.0,0.0,0.0,STARLINK-4743,0,N/A,N/A,0.0,0.03364632397947433,False,0.0,0.0,0.0,189.28977429554902,0.23661221786943626,Insufficient Energy for CPU,N/A,N/A,N/A
2558,CPU_Intensive,Rejected,255.8043901079821,N/A,N/A,N/A,0.4375053077127638,0.0,0.0,0.0,STARLINK-4743,0,N/A,N/A,0.0,0.08100834706763156,False,0.0,0.0,0.0,189.28977429554902,0.23661221786943626,Insufficient Energy for CPU,N/A,N/A,N/A
2559,CPU_and_Data_Intensive,Rejected,255.81882526632646,N/A,N/A,N/A,1.2674562288303077,0.0,0.0,0.0,STARLINK-4743,0,N/A,N/A,0.0,12.454117863640906,False,0.0,0.0,0.0,189.28977429554902,0.23661221786943626,Insufficient Energy for CPU+NET,N/A,N/A,N/A
2560,CPU_Intensive,Rejected,255.8881067450895,N/A,N/A,N/A,0.22042721876288116,0.0,0.0,0.0,STARLINK-4743,0,N/A,N/A,0.0,0.07061745590158487,False,0.0,0.0,0.0,189.28977429554902,0.23661221786943626,Insufficient Energy for CPU,N/A,N/A,N/A
2563,Generic_Service,Rejected,256.08669542041065,N/A,N/A,N/A,0.0237071827786809,0.0,0.0,0.0,STARLINK-4743,0,N/A,N/A,0.0,0.02527089335683742,False,0.0,0.0,0.0,189.28977429554902,0.23661221786943626,Insufficient Energy for CPU,N/A,N/A,N/A
2564,Generic_Service,Rejected,256.4098900961631,N/A,N/A,N/A,0.03173757145921031,0.0,0.0,0.0,STARLINK-4743,0,N/A,N/A,0.0,0.08019635086154007,False,0.0,0.0,0.0,189.28977429554902,0.23661221786943626,Insufficient Energy for CPU,N/A,N/A,N/A
2565,CPU_and_Data_Intensive,Rejected,256.51450143658946,N/A,N/A,N/A,3.239255511304761,0.0,0.0,0.0,STARLINK-4743,0,N/A,N/A,0.0,1.6699804150043736,False,0.0,0.0,0.0,189.28977429554902,0.23661221786943626,Insufficient Energy for CPU+NET,N/A,N/A,N/A
2566,CPU_Intensive,Rejected,256.5650330147084,N/A,N/A,N/A,0.07964821508131865,0.0,0.0,0.0,STARLINK-4743,0,N/A,N/A,0.0,0.07040911235482648,False,0.0,0.0,0.0,189.28977429554902,0.23661221786943626,Insufficient Energy for CPU,N/A,N/A,N/A
2567,CPU_Intensive,Rejected,256.596566354245,N/A,N/A,N/A,0.14405897498724002,0.0,0.0,0.0,STARLINK-4743,0,N/A,N/A,0.0,0.07102820507397378,False,0.0,0.0,0.0,189.28977429554902,0.23661221786943626,Insufficient Energy for CPU,N/A,N/A,N/A
2568,CPU_and_Data_Intensive,Rejected,256.80774942394333,N/A,N/A,N/A,0.09478701080751946,0.0,0.0,0.0,STARLINK-4743,0,N/A,N/A,0.0,0.2878961900186222,False,0.0,0.0,0.0,189.28977429554902,0.23661221786943626,Insufficient Energy for CPU+NET,N/A,N/A,N/A
2569,CPU_Intensive,Rejected,257.11468188288393,N/A,N/A,N/A,0.8519168859147229,0.0,0.0,0.0,STARLINK-4743,0,N/A,N/A,0.0,0.08669624688976002,False,0.0,0.0,0.0,189.28977429554902,0.23661221786943626,Insufficient Energy for CPU,N/A,N/A,N/A
2570,CPU_and_Data_Intensive,Rejected,257.22292186063623,N/A,N/A,N/A,0.2089443216491358,0.0,0.0,0.0,STARLINK-4743,0,N/A,N/A,0.0,1.6708765048901215,False,0.0,0.0,0.0,189.28977429554902,0.23661221786943626,Insufficient Energy for CPU+NET,N/A,N/A,N/A
2571,CPU_and_Data_Intensive,Rejected,257.2449203416502,N/A,N/A,N/A,0.8650035618767234,0.0,0.0,0.0,STARLINK-4743,0,N/A,N/A,0.0,13.286916181362045,False,0.0,0.0,0.0,189.28977429554902,0.23661221786943626,Insufficient Energy for CPU+NET,N/A,N/A,N/A
2572,CPU_Intensive,Rejected,257.2510193641387,N/A,N/A,N/A,0.09015554427107213,0.0,0.0,0.0,STARLINK-4743,0,N/A,N/A,0.0,0.08740719573953513,False,0.0,0.0,0.0,189.28977429554902,0.23661221786943626,Insufficient Energy for CPU,N/A,N/A,N/A
2573,Generic_Service,Rejected,257.3439989632289,N/A,N/A,N/A,0.13698390721731538,0.0,0.0,0.0,STARLINK-4743,0,N/A,N/A,0.0,0.04999580164816994,False,0.0,0.0,0.0,189.28977429554902,0.23661221786943626,Insufficient Energy for CPU,N/A,N/A,N/A
2574,Generic_Service,Rejected,257.379254823337,N/A,N/A,N/A,0.08030596571963734,0.0,0.0,0.0,STARLINK-4743,0,N/A,N/A,0.0,0.05353356214082397,False,0.0,0.0,0.0,189.28977429554902,0.23661221786943626,Insufficient Energy for CPU,N/A,N/A,N/A
2575,CPU_Intensive,Rejected,257.5543383474219,N/A,N/A,N/A,1.623802509263377,0.0,0.0,0.0,STARLINK-4743,0,N/A,N/A,0.0,0.04088803391732911,False,0.0,0.0,0.0,189.28977429554902,0.23661221786943626,Insufficient Energy for CPU,N/A,N/A,N/A
2577,CPU_Intensive,Rejected,257.7871405499862,N/A,N/A,N/A,0.9620973776555648,0.0,0.0,0.0,STARLINK-4743,0,N/A,N/A,0.0,0.07206056744434565,False,0.0,0.0,0.0,189.28977429554902,0.23661221786943626,Insufficient Energy for CPU,N/A,N/A,N/A
2578,CPU_Intensive,Rejected,257.81878664781027,N/A,N/A,N/A,0.137134165961902,0.0,0.0,0.0,STARLINK-4743,0,N/A,N/A,0.0,0.03055289954181025,False,0.0,0.0,0.0,189.28977429554902,0.23661221786943626,Insufficient Energy for CPU,N/A,N/A,N/A
2576,CPU_and_Data_Intensive,Rejected,257.7164772309212,N/A,N/A,N/A,0.9487828798282999,0.0,0.0,0.0,STARLINK-4743,0,N/A,N/A,0.0,436.1029701738566,False,0.0,0.0,0.0,189.28977429554902,0.23661221786943626,Insufficient Energy for CPU+NET,N/A,N/A,N/A
2579,CPU_Intensive,Rejected,258.08299049555797,N/A,N/A,N/A,0.2455656307925937,0.0,0.0,0.0,STARLINK-4743,0,N/A,N/A,0.0,0.051391675112647875,False,0.0,0.0,0.0,189.28977429554902,0.23661221786943626,Insufficient Energy for CPU,N/A,N/A,N/A
2580,CPU_Intensive,Rejected,258.1849776372253,N/A,N/A,N/A,0.13671738140041437,0.0,0.0,0.0,STARLINK-4743,0,N/A,N/A,0.0,0.014661999308978761,False,0.0,0.0,0.0,189.28977429554902,0.23661221786943626,Insufficient Energy for CPU,N/A,N/A,N/A
2581,CPU_Intensive,Rejected,258.2346276018666,N/A,N/A,N/A,0.6490274666618845,0.0,0.0,0.0,STARLINK-4743,0,N/A,N/A,0.0,0.06642688955954354,False,0.0,0.0,0.0,189.28977429554902,0.23661221786943626,Insufficient Energy for CPU,N/A,N/A,N/A
2582,CPU_and_Data_Intensive,Rejected,258.4218753214065,N/A,N/A,N/A,0.9403998188838577,0.0,0.0,0.0,STARLINK-4743,0,N/A,N/A,0.0,0.58688763620105,False,0.0,0.0,0.0,189.28977429554902,0.23661221786943626,Insufficient Energy for CPU+NET,N/A,N/A,N/A
2583,CPU_and_Data_Intensive,Rejected,258.4876946688169,N/A,N/A,N/A,0.6018862324489355,0.0,0.0,0.0,STARLINK-4743,0,N/A,N/A,0.0,0.5198539150069162,False,0.0,0.0,0.0,189.28977429554902,0.23661221786943626,Insufficient Energy for CPU+NET,N/A,N/A,N/A
2584,CPU_and_Data_Intensive,Rejected,258.9943124413116,N/A,N/A,N/A,0.6852002452397908,0.0,0.0,0.0,STARLINK-4743,0,N/A,N/A,0.0,2.1795788571341013,False,0.0,0.0,0.0,189.28977429554902,0.23661221786943626,Insufficient Energy for CPU+NET,N/A,N/A,N/A
2586,Generic_Service,Rejected,259.0767762575558,N/A,N/A,N/A,0.03025878129574232,0.0,0.0,0.0,STARLINK-4743,0,N/A,N/A,0.0,0.07408470729690028,False,0.0,0.0,0.0,189.28977429554902,0.23661221786943626,Insufficient Energy for CPU,N/A,N/A,N/A
2587,CPU_Intensive,Rejected,259.27520915050536,N/A,N/A,N/A,0.2522489529878878,0.0,0.0,0.0,STARLINK-4743,0,N/A,N/A,0.0,0.04946566447567383,False,0.0,0.0,0.0,189.28977429554902,0.23661221786943626,Insufficient Energy for CPU,N/A,N/A,N/A
2588,CPU_and_Data_Intensive,Rejected,259.41606785565534,N/A,N/A,N/A,0.20764208875658982,0.0,0.0,0.0,STARLINK-4743,0,N/A,N/A,0.0,23.209512040801474,False,0.0,0.0,0.0,189.28977429554902,0.23661221786943626,Insufficient Energy for CPU+NET,N/A,N/A,N/A
2590,CPU_Intensive,Rejected,259.5738399993464,N/A,N/A,N/A,0.41354851788902913,0.0,0.0,0.0,STARLINK-4743,0,N/A,N/A,0.0,0.07061331991818828,False,0.0,0.0,0.0,189.28977429554902,0.23661221786943626,Insufficient Energy for CPU,N/A,N/A,N/A
2591,Generic_Service,Rejected,259.6065355998348,N/A,N/A,N/A,0.14942356063589804,0.0,0.0,0.0,STARLINK-4743,0,N/A,N/A,0.0,0.05533716017926438,False,0.0,0.0,0.0,189.28977429554902,0.23661221786943626,Insufficient Energy for CPU,N/A,N/A,N/A
2592,CPU_and_Data_Intensive,Rejected,259.61799505138515,N/A,N/A,N/A,0.04396280189021743,0.0,0.0,0.0,STARLINK-4743,0,N/A,N/A,0.0,0.7513415338347676,False,0.0,0.0,0.0,189.28977429554902,0.23661221786943626,Insufficient Energy for CPU+NET,N/A,N/A,N/A
2593,CPU_Intensive,Rejected,259.80201389959313,N/A,N/A,N/A,0.2630518225923989,0.0,0.0,0.0,STARLINK-4743,0,N/A,N/A,0.0,0.06238326535702874,False,0.0,0.0,0.0,189.28977429554902,0.23661221786943626,Insufficient Energy for CPU,N/A,N/A,N/A
2594,CPU_Intensive,Rejected,260.02496545496103,N/A,N/A,N/A,0.6856487427158203,0.0,0.0,0.0,STARLINK-4743,0,N/A,N/A,0.0,0.08454690378983487,False,0.0,0.0,0.0,189.28977429554902,0.23661221786943626,Insufficient Energy for CPU,N/A,N/A,N/A
2595,Generic_Service,Rejected,260.23103295041705,N/A,N/A,N/A,0.02375755061246646,0.0,0.0,0.0,STARLINK-4743,0,N/A,N/A,0.0,0.048186157860451835,False,0.0,0.0,0.0,189.28977429554902,0.23661221786943626,Insufficient Energy for CPU,N/A,N/A,N/A
2596,CPU_and_Data_Intensive,Rejected,260.2495301750914,N/A,N/A,N/A,0.08855556687992627,0.0,0.0,0.0,STARLINK-4743,0,N/A,N/A,0.0,14.31789498910831,False,0.0,0.0,0.0,189.28977429554902,0.23661221786943626,Insufficient Energy for CPU+NET,N/A,N/A,N/A
2598,CPU_and_Data_Intensive,Rejected,260.3817383829219,N/A,N/A,N/A,0.2542348945816659,0.0,0.0,0.0,STARLINK-4743,0,N/A,N/A,0.0,1.8569286716583404,False,0.0,0.0,0.0,189.28977429554902,0.23661221786943626,Insufficient Energy for CPU+NET,N/A,N/A,N/A
2597,CPU_and_Data_Intensive,Rejected,260.37730113917746,N/A,N/A,N/A,0.076353762922679,0.0,0.0,0.0,STARLINK-4743,0,N/A,N/A,0.0,22.968523093462803,False,0.0,0.0,0.0,189.28977429554902,0.23661221786943626,Insufficient Energy for CPU+NET,N/A,N/A,N/A
2599,CPU_Intensive,Rejected,260.4165417578511,N/A,N/A,N/A,0.026607458035045908,0.0,0.0,0.0,STARLINK-4743,0,N/A,N/A,0.0,0.07825709141053544,False,0.0,0.0,0.0,189.28977429554902,0.23661221786943626,Insufficient Energy for CPU,N/A,N/A,N/A
2600,CPU_and_Data_Intensive,Rejected,260.4542304234724,N/A,N/A,N/A,0.07675803208664853,0.0,0.0,0.0,STARLINK-4743,0,N/A,N/A,0.0,1.6122374008698688,False,0.0,0.0,0.0,189.28977429554902,0.23661221786943626,Insufficient Energy for CPU+NET,N/A,N/A,N/A
2601,Generic_Service,Rejected,260.5956461316567,N/A,N/A,N/A,0.0293425184124627,0.0,0.0,0.0,STARLINK-4743,0,N/A,N/A,0.0,0.08047370637019487,False,0.0,0.0,0.0,189.28977429554902,0.23661221786943626,Insufficient Energy for CPU,N/A,N/A,N/A
2602,CPU_and_Data_Intensive,Rejected,260.5970960872483,N/A,N/A,N/A,1.1725732524227876,0.0,0.0,0.0,STARLINK-4743,0,N/A,N/A,0.0,1.3168213378251308,False,0.0,0.0,0.0,189.28977429554902,0.23661221786943626,Insufficient Energy for CPU+NET,N/A,N/A,N/A
2604,CPU_Intensive,Rejected,260.7211245233027,N/A,N/A,N/A,0.17506566819271316,0.0,0.0,0.0,STARLINK-4743,0,N/A,N/A,0.0,0.020753105662116474,False,0.0,0.0,0.0,189.28977429554902,0.23661221786943626,Insufficient Energy for CPU,N/A,N/A,N/A
2605,CPU_Intensive,Rejected,260.78550970472287,N/A,N/A,N/A,0.7222197599750783,0.0,0.0,0.0,STARLINK-4743,0,N/A,N/A,0.0,0.07556682116648156,False,0.0,0.0,0.0,189.28977429554902,0.23661221786943626,Insufficient Energy for CPU,N/A,N/A,N/A
2606,Generic_Service,Rejected,260.91155995184334,N/A,N/A,N/A,0.06262523010297649,0.0,0.0,0.0,STARLINK-4743,0,N/A,N/A,0.0,0.0673879984372976,False,0.0,0.0,0.0,189.28977429554902,0.23661221786943626,Insufficient Energy for CPU,N/A,N/A,N/A
2607,CPU_and_Data_Intensive,Rejected,260.97251786655113,N/A,N/A,N/A,0.2883273366351733,0.0,0.0,0.0,STARLINK-4743,0,N/A,N/A,0.0,17.122763141211145,False,0.0,0.0,0.0,189.28977429554902,0.23661221786943626,Insufficient Energy for CPU+NET,N/A,N/A,N/A
2608,CPU_Intensive,Rejected,261.13112335581565,N/A,N/A,N/A,0.5977685646757075,0.0,0.0,0.0,STARLINK-4743,0,N/A,N/A,0.0,0.06125260473580485,False,0.0,0.0,0.0,189.28977429554902,0.23661221786943626,Insufficient Energy for CPU,N/A,N/A,N/A
2609,CPU_Intensive,Rejected,261.1631102744149,N/A,N/A,N/A,0.12434673533931956,0.0,0.0,0.0,STARLINK-4743,0,N/A,N/A,0.0,0.011244038576420876,False,0.0,0.0,0.0,189.28977429554902,0.23661221786943626,Insufficient Energy for CPU,N/A,N/A,N/A
2610,CPU_and_Data_Intensive,Rejected,261.2243810194395,N/A,N/A,N/A,0.09912027976024858,0.0,0.0,0.0,STARLINK-4743,0,N/A,N/A,0.0,2.0876156994514936,False,0.0,0.0,0.0,189.28977429554902,0.23661221786943626,Insufficient Energy for CPU+NET,N/A,N/A,N/A
2612,CPU_Intensive,Rejected,261.36989225052446,N/A,N/A,N/A,1.562443818981528,0.0,0.0,0.0,STARLINK-4743,0,N/A,N/A,0.0,0.0818061310703388,False,0.0,0.0,0.0,189.28977429554902,0.23661221786943626,Insufficient Energy for CPU,N/A,N/A,N/A
2613,Generic_Service,Rejected,261.47521531971273,N/A,N/A,N/A,0.020791148589836328,0.0,0.0,0.0,STARLINK-4743,0,N/A,N/A,0.0,0.0342084870046174,False,0.0,0.0,0.0,189.28977429554902,0.23661221786943626,Insufficient Energy for CPU,N/A,N/A,N/A
2614,CPU_Intensive,Rejected,261.4762080335158,N/A,N/A,N/A,0.23340946311262029,0.0,0.0,0.0,STARLINK-4743,0,N/A,N/A,0.0,0.011825685032847998,False,0.0,0.0,0.0,189.28977429554902,0.23661221786943626,Insufficient Energy for CPU,N/A,N/A,N/A
2615,CPU_Intensive,Rejected,261.64052381396397,N/A,N/A,N/A,0.9486077387377878,0.0,0.0,0.0,STARLINK-4743,0,N/A,N/A,0.0,0.018761633535502253,False,0.0,0.0,0.0,189.28977429554902,0.23661221786943626,Insufficient Energy for CPU,N/A,N/A,N/A
2616,CPU_and_Data_Intensive,Rejected,261.86989360138466,N/A,N/A,N/A,0.5556916376810962,0.0,0.0,0.0,STARLINK-4743,0,N/A,N/A,0.0,1.7358285994118225,False,0.0,0.0,0.0,189.28977429554902,0.23661221786943626,Insufficient Energy for CPU+NET,N/A,N/A,N/A
2617,CPU_Intensive,Rejected,262.0047113182826,N/A,N/A,N/A,0.38301054014988933,0.0,0.0,0.0,STARLINK-4743,0,N/A,N/A,0.0,0.06302930527517694,False,0.0,0.0,0.0,189.28977429554902,0.23661221786943626,Insufficient Energy for CPU,N/A,N/A,N/A
2618,CPU_and_Data_Intensive,Rejected,262.0663677960357,N/A,N/A,N/A,1.7952063107996334,0.0,0.0,0.0,STARLINK-4743,0,N/A,N/A,0.0,0.20582039688310297,False,0.0,0.0,0.0,189.28977429554902,0.23661221786943626,Insufficient Energy for CPU+NET,N/A,N/A,N/A
2619,CPU_Intensive,Rejected,262.1293446562058,N/A,N/A,N/A,0.28489965014139546,0.0,0.0,0.0,STARLINK-4743,0,N/A,N/A,0.0,0.016397970267455854,False,0.0,0.0,0.0,189.28977429554902,0.23661221786943626,Insufficient Energy for CPU,N/A,N/A,N/A
2620,Generic_Service,Rejected,262.23837699810025,N/A,N/A,N/A,0.0450371701248877,0.0,0.0,0.0,STARLINK-4743,0,N/A,N/A,0.0,0.03096782009711685,False,0.0,0.0,0.0,189.28977429554902,0.23661221786943626,Insufficient Energy for CPU,N/A,N/A,N/A
2621,CPU_and_Data_Intensive,Rejected,262.2864484942894,N/A,N/A,N/A,0.12491360059485108,0.0,0.0,0.0,STARLINK-4743,0,N/A,N/A,0.0,15.277578010075377,False,0.0,0.0,0.0,189.28977429554902,0.23661221786943626,Insufficient Energy for CPU+NET,N/A,N/A,N/A
2622,CPU_and_Data_Intensive,Rejected,262.46566731031425,N/A,N/A,N/A,0.021969792527719197,0.0,0.0,0.0,STARLINK-4743,0,N/A,N/A,0.0,0.8003316907732057,False,0.0,0.0,0.0,189.28977429554902,0.23661221786943626,Insufficient Energy for CPU+NET,N/A,N/A,N/A
2623,CPU_Intensive,Rejected,262.46924188792923,N/A,N/A,N/A,0.022665987900236502,0.0,0.0,0.0,STARLINK-4743,0,N/A,N/A,0.0,0.016046439083112506,False,0.0,0.0,0.0,189.28977429554902,0.23661221786943626,Insufficient Energy for CPU,N/A,N/A,N/A
2627,CPU_and_Data_Intensive,Rejected,262.8020087327493,N/A,N/A,N/A,0.13075648789595937,0.0,0.0,0.0,STARLINK-4743,0,N/A,N/A,0.0,18.18335809655078,False,0.0,0.0,0.0,189.28977429554902,0.23661221786943626,Insufficient Energy for CPU+NET,N/A,N/A,N/A
2628,CPU_and_Data_Intensive,Rejected,262.8794589417696,N/A,N/A,N/A,0.3846419560161762,0.0,0.0,0.0,STARLINK-4743,0,N/A,N/A,0.0,1.244975514533298,False,0.0,0.0,0.0,189.28977429554902,0.23661221786943626,Insufficient Energy for CPU+NET,N/A,N/A,N/A
2629,CPU_Intensive,Rejected,263.0908386130933,N/A,N/A,N/A,0.28197186401735097,0.0,0.0,0.0,STARLINK-4743,0,N/A,N/A,0.0,0.0678941324126441,False,0.0,0.0,0.0,189.28977429554902,0.23661221786943626,Insufficient Energy for CPU,N/A,N/A,N/A
2630,CPU_Intensive,Rejected,263.138436112386,N/A,N/A,N/A,0.17646748137000148,0.0,0.0,0.0,STARLINK-4743,0,N/A,N/A,0.0,0.08314889191584122,False,0.0,0.0,0.0,189.28977429554902,0.23661221786943626,Insufficient Energy for CPU,N/A,N/A,N/A
2631,CPU_Intensive,Rejected,263.16129621274376,N/A,N/A,N/A,0.10705003323485358,0.0,0.0,0.0,STARLINK-4743,0,N/A,N/A,0.0,0.014467853273306786,False,0.0,0.0,0.0,189.28977429554902,0.23661221786943626,Insufficient Energy for CPU,N/A,N/A,N/A
2632,CPU_and_Data_Intensive,Rejected,263.2843498813733,N/A,N/A,N/A,0.07062498207295141,0.0,0.0,0.0,STARLINK-4743,0,N/A,N/A,0.0,0.275609862594884,False,0.0,0.0,0.0,189.28977429554902,0.23661221786943626,Insufficient Energy for CPU+NET,N/A,N/A,N/A
2633,CPU_and_Data_Intensive,Rejected,263.34861165192206,N/A,N/A,N/A,0.6705982406436843,0.0,0.0,0.0,STARLINK-4743,0,N/A,N/A,0.0,1.8050893864702346,False,0.0,0.0,0.0,189.28977429554902,0.23661221786943626,Insufficient Energy for CPU+NET,N/A,N/A,N/A
2634,CPU_Intensive,Rejected,263.36373417754294,N/A,N/A,N/A,0.6723193164360098,0.0,0.0,0.0,STARLINK-4743,0,N/A,N/A,0.0,0.04183079349938942,False,0.0,0.0,0.0,189.28977429554902,0.23661221786943626,Insufficient Energy for CPU,N/A,N/A,N/A
2637,CPU_and_Data_Intensive,Rejected,263.45431452446996,N/A,N/A,N/A,0.8186669552385133,0.0,0.0,0.0,STARLINK-4743,0,N/A,N/A,0.0,0.7590299535637981,False,0.0,0.0,0.0,189.28977429554902,0.23661221786943626,Insufficient Energy for CPU+NET,N/A,N/A,N/A
2638,CPU_and_Data_Intensive,Rejected,263.5168752870845,N/A,N/A,N/A,0.5472768988358357,0.0,0.0,0.0,STARLINK-4743,0,N/A,N/A,0.0,0.5680360551510607,False,0.0,0.0,0.0,189.28977429554902,0.23661221786943626,Insufficient Energy for CPU+NET,N/A,N/A,N/A
2639,CPU_and_Data_Intensive,Rejected,263.570997953963,N/A,N/A,N/A,0.1847287213533456,0.0,0.0,0.0,STARLINK-4743,0,N/A,N/A,0.0,1.565923670989341,False,0.0,0.0,0.0,189.28977429554902,0.23661221786943626,Insufficient Energy for CPU+NET,N/A,N/A,N/A
2640,CPU_Intensive,Rejected,263.79119462096,N/A,N/A,N/A,0.08671623729188307,0.0,0.0,0.0,STARLINK-4743,0,N/A,N/A,0.0,0.04627804180782657,False,0.0,0.0,0.0,189.28977429554902,0.23661221786943626,Insufficient Energy for CPU,N/A,N/A,N/A
2643,Generic_Service,Rejected,263.94699574653424,N/A,N/A,N/A,0.12420434278123788,0.0,0.0,0.0,STARLINK-4743,0,N/A,N/A,0.0,0.034535763367592946,False,0.0,0.0,0.0,189.28977429554902,0.23661221786943626,Insufficient Energy for CPU,N/A,N/A,N/A
2644,Generic_Service,Rejected,263.94793339023516,N/A,N/A,N/A,0.022030586690727407,0.0,0.0,0.0,STARLINK-4743,0,N/A,N/A,0.0,0.015151728228355466,False,0.0,0.0,0.0,189.28977429554902,0.23661221786943626,Insufficient Energy for CPU,N/A,N/A,N/A
2646,CPU_and_Data_Intensive,Rejected,264.03147843361774,N/A,N/A,N/A,0.35410647601383566,0.0,0.0,0.0,STARLINK-4743,0,N/A,N/A,0.0,8.111671923643836,False,0.0,0.0,0.0,189.28977429554902,0.23661221786943626,Insufficient Energy for CPU+NET,N/A,N/A,N/A
2647,CPU_Intensive,Rejected,264.1717099535308,N/A,N/A,N/A,0.30259481341301564,0.0,0.0,0.0,STARLINK-4743,0,N/A,N/A,0.0,0.07542542830540341,False,0.0,0.0,0.0,189.28977429554902,0.23661221786943626,Insufficient Energy for CPU,N/A,N/A,N/A
2648,CPU_and_Data_Intensive,Rejected,264.33516610749837,N/A,N/A,N/A,0.42640165393334734,0.0,0.0,0.0,STARLINK-4743,0,N/A,N/A,0.0,0.22025303264825558,False,0.0,0.0,0.0,189.28977429554902,0.23661221786943626,Insufficient Energy for CPU+NET,N/A,N/A,N/A
2649,CPU_Intensive,Rejected,264.34680017348245,N/A,N/A,N/A,0.13571371126880688,0.0,0.0,0.0,STARLINK-4743,0,N/A,N/A,0.0,0.06352245030582533,False,0.0,0.0,0.0,189.28977429554902,0.23661221786943626,Insufficient Energy for CPU,N/A,N/A,N/A
2650,CPU_and_Data_Intensive,Rejected,264.5897719274626,N/A,N/A,N/A,0.44992348439409596,0.0,0.0,0.0,STARLINK-4743,0,N/A,N/A,0.0,3.813295500703897,False,0.0,0.0,0.0,189.28977429554902,0.23661221786943626,Insufficient Energy for CPU+NET,N/A,N/A,N/A
2651,CPU_Intensive,Rejected,264.62747450119764,N/A,N/A,N/A,0.42118980863196437,0.0,0.0,0.0,STARLINK-4743,0,N/A,N/A,0.0,0.07919182518793236,False,0.0,0.0,0.0,189.28977429554902,0.23661221786943626,Insufficient Energy for CPU,N/A,N/A,N/A
2652,CPU_Intensive,Rejected,264.7027990264591,N/A,N/A,N/A,0.7042932332856642,0.0,0.0,0.0,STARLINK-4743,0,N/A,N/A,0.0,0.03214896087058193,False,0.0,0.0,0.0,189.28977429554902,0.23661221786943626,Insufficient Energy for CPU,N/A,N/A,N/A
2653,CPU_and_Data_Intensive,Rejected,264.8188081421267,N/A,N/A,N/A,0.2703212557152612,0.0,0.0,0.0,STARLINK-4743,0,N/A,N/A,0.0,0.4072910208911861,False,0.0,0.0,0.0,189.28977429554902,0.23661221786943626,Insufficient Energy for CPU+NET,N/A,N/A,N/A
2654,CPU_Intensive,Rejected,265.1069687047692,N/A,N/A,N/A,0.20741359761034736,0.0,0.0,0.0,STARLINK-4743,0,N/A,N/A,0.0,0.02651841731391076,False,0.0,0.0,0.0,189.28977429554902,0.23661221786943626,Insufficient Energy for CPU,N/A,N/A,N/A
2655,Generic_Service,Rejected,265.19388457797095,N/A,N/A,N/A,0.032656021682345444,0.0,0.0,0.0,STARLINK-4743,0,N/A,N/A,0.0,0.07119063776645433,False,0.0,0.0,0.0,189.28977429554902,0.23661221786943626,Insufficient Energy for CPU,N/A,N/A,N/A
2657,CPU_Intensive,Rejected,265.3674490317483,N/A,N/A,N/A,0.6189275443951143,0.0,0.0,0.0,STARLINK-4743,0,N/A,N/A,0.0,0.028888639818716776,False,0.0,0.0,0.0,189.28977429554902,0.23661221786943626,Insufficient Energy for CPU,N/A,N/A,N/A
2660,Generic_Service,Rejected,265.5711605116407,N/A,N/A,N/A,0.06807992376620585,0.0,0.0,0.0,STARLINK-4743,0,N/A,N/A,0.0,0.03352274867364271,False,0.0,0.0,0.0,189.28977429554902,0.23661221786943626,Insufficient Energy for CPU,N/A,N/A,N/A
2661,CPU_Intensive,Rejected,265.6321004786303,N/A,N/A,N/A,0.32149920124646936,0.0,0.0,0.0,STARLINK-4743,0,N/A,N/A,0.0,0.03894084490320429,False,0.0,0.0,0.0,189.28977429554902,0.23661221786943626,Insufficient Energy for CPU,N/A,N/A,N/A
2659,CPU_and_Data_Intensive,Rejected,265.5491945667373,N/A,N/A,N/A,0.9745394414370181,0.0,0.0,0.0,STARLINK-4743,0,N/A,N/A,0.0,295.2307460008308,False,0.0,0.0,0.0,189.28977429554902,0.23661221786943626,Insufficient Energy for CPU+NET,N/A,N/A,N/A
2662,Generic_Service,Rejected,265.9788527827585,N/A,N/A,N/A,0.07397992723537151,0.0,0.0,0.0,STARLINK-4743,0,N/A,N/A,0.0,0.07991065217814224,False,0.0,0.0,0.0,189.28977429554902,0.23661221786943626,Insufficient Energy for CPU,N/A,N/A,N/A
2663,Generic_Service,Rejected,266.12842411702576,N/A,N/A,N/A,0.05424856859805016,0.0,0.0,0.0,STARLINK-4743,0,N/A,N/A,0.0,0.02382889200928813,False,0.0,0.0,0.0,189.28977429554902,0.23661221786943626,Insufficient Energy for CPU,N/A,N/A,N/A
2664,CPU_Intensive,Rejected,266.1640633587248,N/A,N/A,N/A,0.04644138253880036,0.0,0.0,0.0,STARLINK-4743,0,N/A,N/A,0.0,0.021157570225738297,False,0.0,0.0,0.0,189.28977429554902,0.23661221786943626,Insufficient Energy for CPU,N/A,N/A,N/A
2665,CPU_and_Data_Intensive,Rejected,266.2109436285937,N/A,N/A,N/A,0.1465742542719687,0.0,0.0,0.0,STARLINK-4743,0,N/A,N/A,0.0,0.8642283676286945,False,0.0,0.0,0.0,189.28977429554902,0.23661221786943626,Insufficient Energy for CPU+NET,N/A,N/A,N/A
2666,Generic_Service,Rejected,266.25802124984244,N/A,N/A,N/A,0.07130148401197213,0.0,0.0,0.0,STARLINK-4743,0,N/A,N/A,0.0,0.010923106904987013,False,0.0,0.0,0.0,189.28977429554902,0.23661221786943626,Insufficient Energy for CPU,N/A,N/A,N/A
2667,CPU_Intensive,Rejected,266.3950465576039,N/A,N/A,N/A,0.11816690851286268,0.0,0.0,0.0,STARLINK-4743,0,N/A,N/A,0.0,0.05063307072130317,False,0.0,0.0,0.0,189.28977429554902,0.23661221786943626,Insufficient Energy for CPU,N/A,N/A,N/A
2668,CPU_and_Data_Intensive,Rejected,266.71722178386983,N/A,N/A,N/A,0.8467996227135606,0.0,0.0,0.0,STARLINK-4743,0,N/A,N/A,0.0,0.3175323312346979,False,0.0,0.0,0.0,189.28977429554902,0.23661221786943626,Insufficient Energy for CPU+NET,N/A,N/A,N/A
2669,Generic_Service,Rejected,266.8534967793945,N/A,N/A,N/A,0.03931594575653727,0.0,0.0,0.0,STARLINK-4743,0,N/A,N/A,0.0,0.08204790425964907,False,0.0,0.0,0.0,189.28977429554902,0.23661221786943626,Insufficient Energy for CPU,N/A,N/A,N/A
2670,CPU_Intensive,Rejected,266.93139700101307,N/A,N/A,N/A,0.12417168057988748,0.0,0.0,0.0,STARLINK-4743,0,N/A,N/A,0.0,0.06523459711590637,False,0.0,0.0,0.0,189.28977429554902,0.23661221786943626,Insufficient Energy for CPU,N/A,N/A,N/A
2672,Generic_Service,Rejected,267.29749527654195,N/A,N/A,N/A,0.05902051437979109,0.0,0.0,0.0,STARLINK-4743,0,N/A,N/A,0.0,0.07516507897332378,False,0.0,0.0,0.0,189.28977429554902,0.23661221786943626,Insufficient Energy for CPU,N/A,N/A,N/A
2674,CPU_Intensive,Rejected,267.4094691973467,N/A,N/A,N/A,0.31466255895497836,0.0,0.0,0.0,STARLINK-4743,0,N/A,N/A,0.0,0.0645584267109654,False,0.0,0.0,0.0,189.28977429554902,0.23661221786943626,Insufficient Energy for CPU,N/A,N/A,N/A
2675,CPU_Intensive,Rejected,267.44816896588117,N/A,N/A,N/A,0.08840881177224257,0.0,0.0,0.0,STARLINK-4743,0,N/A,N/A,0.0,0.07255131473754199,False,0.0,0.0,0.0,189.28977429554902,0.23661221786943626,Insufficient Energy for CPU,N/A,N/A,N/A
2673,CPU_and_Data_Intensive,Rejected,267.35565755199985,N/A,N/A,N/A,1.193890556032921,0.0,0.0,0.0,STARLINK-4743,0,N/A,N/A,0.0,332.52573557642177,False,0.0,0.0,0.0,189.28977429554902,0.23661221786943626,Insufficient Energy for CPU+NET,N/A,N/A,N/A
2676,Generic_Service,Rejected,267.6577459563484,N/A,N/A,N/A,0.02035009821269623,0.0,0.0,0.0,STARLINK-4743,0,N/A,N/A,0.0,0.07411638443592043,False,0.0,0.0,0.0,189.28977429554902,0.23661221786943626,Insufficient Energy for CPU,N/A,N/A,N/A
2677,CPU_and_Data_Intensive,Rejected,267.76841183350837,N/A,N/A,N/A,0.11846472174013971,0.0,0.0,0.0,STARLINK-4743,0,N/A,N/A,0.0,1.260705879386796,False,0.0,0.0,0.0,189.28977429554902,0.23661221786943626,Insufficient Energy for CPU+NET,N/A,N/A,N/A
2678,CPU_Intensive,Rejected,267.9959536193586,N/A,N/A,N/A,0.4670845841350069,0.0,0.0,0.0,STARLINK-4743,0,N/A,N/A,0.0,0.024266984327945128,False,0.0,0.0,0.0,189.28977429554902,0.23661221786943626,Insufficient Energy for CPU,N/A,N/A,N/A
2681,CPU_Intensive,Rejected,268.20349393900995,N/A,N/A,N/A,0.4682465571430894,0.0,0.0,0.0,STARLINK-4743,0,N/A,N/A,0.0,0.0514798525111392,False,0.0,0.0,0.0,189.28977429554902,0.23661221786943626,Insufficient Energy for CPU,N/A,N/A,N/A
2682,CPU_Intensive,Rejected,268.25519384460085,N/A,N/A,N/A,0.21417739646835215,0.0,0.0,0.0,STARLINK-4743,0,N/A,N/A,0.0,0.016383865670435628,False,0.0,0.0,0.0,189.28977429554902,0.23661221786943626,Insufficient Energy for CPU,N/A,N/A,N/A
2685,CPU_Intensive,Rejected,268.4446267921941,N/A,N/A,N/A,0.24878023841366945,0.0,0.0,0.0,STARLINK-4743,0,N/A,N/A,0.0,0.044761189848763795,False,0.0,0.0,0.0,189.28977429554902,0.23661221786943626,Insufficient Energy for CPU,N/A,N/A,N/A
2684,CPU_and_Data_Intensive,Rejected,268.39072347490935,N/A,N/A,N/A,0.7531803809528728,0.0,0.0,0.0,STARLINK-4743,0,N/A,N/A,0.0,251.1831561579619,False,0.0,0.0,0.0,189.28977429554902,0.23661221786943626,Insufficient Energy for CPU+NET,N/A,N/A,N/A
2686,CPU_Intensive,Rejected,268.59247582407505,N/A,N/A,N/A,0.4125117819673798,0.0,0.0,0.0,STARLINK-4743,0,N/A,N/A,0.0,0.01818210646137734,False,0.0,0.0,0.0,189.28977429554902,0.23661221786943626,Insufficient Energy for CPU,N/A,N/A,N/A
2687,Generic_Service,Rejected,268.6990941645393,N/A,N/A,N/A,0.04740554201323325,0.0,0.0,0.0,STARLINK-4743,0,N/A,N/A,0.0,0.023706134639609747,False,0.0,0.0,0.0,189.28977429554902,0.23661221786943626,Insufficient Energy for CPU,N/A,N/A,N/A
2689,CPU_Intensive,Rejected,268.95015304090884,N/A,N/A,N/A,0.2970971788779555,0.0,0.0,0.0,STARLINK-4743,0,N/A,N/A,0.0,0.015237609393080335,False,0.0,0.0,0.0,189.28977429554902,0.23661221786943626,Insufficient Energy for CPU,N/A,N/A,N/A
2690,CPU_Intensive,Rejected,269.0392348514714,N/A,N/A,N/A,1.3669353689452481,0.0,0.0,0.0,STARLINK-4743,0,N/A,N/A,0.0,0.03538736615350181,False,0.0,0.0,0.0,189.28977429554902,0.23661221786943626,Insufficient Energy for CPU,N/A,N/A,N/A
2691,Generic_Service,Rejected,269.0698519513698,N/A,N/A,N/A,0.021400178868592776,0.0,0.0,0.0,STARLINK-4743,0,N/A,N/A,0.0,0.07657982374113592,False,0.0,0.0,0.0,189.28977429554902,0.23661221786943626,Insufficient Energy for CPU,N/A,N/A,N/A
2692,CPU_and_Data_Intensive,Rejected,269.07699731289176,N/A,N/A,N/A,1.466745118222063,0.0,0.0,0.0,STARLINK-4743,0,N/A,N/A,0.0,1.2028136633808957,False,0.0,0.0,0.0,189.28977429554902,0.23661221786943626,Insufficient Energy for CPU+NET,N/A,N/A,N/A
2693,CPU_Intensive,Rejected,269.0944656823785,N/A,N/A,N/A,0.31144196225697385,0.0,0.0,0.0,STARLINK-4743,0,N/A,N/A,0.0,0.08420880817705757,False,0.0,0.0,0.0,189.28977429554902,0.23661221786943626,Insufficient Energy for CPU,N/A,N/A,N/A
2694,Generic_Service,Rejected,269.2078187064913,N/A,N/A,N/A,0.02682916167907234,0.0,0.0,0.0,STARLINK-4743,0,N/A,N/A,0.0,0.0663058880915967,False,0.0,0.0,0.0,189.28977429554902,0.23661221786943626,Insufficient Energy for CPU,N/A,N/A,N/A
2695,CPU_Intensive,Rejected,269.2213300972527,N/A,N/A,N/A,0.1954038484188205,0.0,0.0,0.0,STARLINK-4743,0,N/A,N/A,0.0,0.026249729978748186,False,0.0,0.0,0.0,189.28977429554902,0.23661221786943626,Insufficient Energy for CPU,N/A,N/A,N/A
2696,CPU_Intensive,Rejected,269.242665600782,N/A,N/A,N/A,0.38834666537779106,0.0,0.0,0.0,STARLINK-4743,0,N/A,N/A,0.0,0.05443762668457947,False,0.0,0.0,0.0,189.28977429554902,0.23661221786943626,Insufficient Energy for CPU,N/A,N/A,N/A
2697,Generic_Service,Rejected,269.27453457325214,N/A,N/A,N/A,0.0866757088265395,0.0,0.0,0.0,STARLINK-4743,0,N/A,N/A,0.0,0.03306561770939306,False,0.0,0.0,0.0,189.28977429554902,0.23661221786943626,Insufficient Energy for CPU,N/A,N/A,N/A
2698,CPU_and_Data_Intensive,Rejected,269.3014636806946,N/A,N/A,N/A,0.23429639037708766,0.0,0.0,0.0,STARLINK-4743,0,N/A,N/A,0.0,1.3294575249905294,False,0.0,0.0,0.0,189.28977429554902,0.23661221786943626,Insufficient Energy for CPU+NET,N/A,N/A,N/A
2700,Generic_Service,Rejected,269.37231778039,N/A,N/A,N/A,0.09606927135573337,0.0,0.0,0.0,STARLINK-4743,0,N/A,N/A,0.0,0.040282073338246537,False,0.0,0.0,0.0,189.28977429554902,0.23661221786943626,Insufficient Energy for CPU,N/A,N/A,N/A
2701,CPU_Intensive,Rejected,269.41913712156634,N/A,N/A,N/A,0.9809176377271154,0.0,0.0,0.0,STARLINK-4743,0,N/A,N/A,0.0,0.08361699243160423,False,0.0,0.0,0.0,189.28977429554902,0.23661221786943626,Insufficient Energy for CPU,N/A,N/A,N/A
2704,CPU_and_Data_Intensive,Rejected,270.0294508604264,N/A,N/A,N/A,0.19958838669645737,0.0,0.0,0.0,STARLINK-4743,0,N/A,N/A,0.0,21.501186368803857,False,0.0,0.0,0.0,189.28977429554902,0.23661221786943626,Insufficient Energy for CPU+NET,N/A,N/A,N/A
2705,CPU_and_Data_Intensive,Rejected,270.11255120698655,N/A,N/A,N/A,0.30124503966822636,0.0,0.0,0.0,STARLINK-4743,0,N/A,N/A,0.0,10.340123867666769,False,0.0,0.0,0.0,189.28977429554902,0.23661221786943626,Insufficient Energy for CPU+NET,N/A,N/A,N/A
2706,CPU_and_Data_Intensive,Rejected,270.2273593074425,N/A,N/A,N/A,0.07838401587312535,0.0,0.0,0.0,STARLINK-4743,0,N/A,N/A,0.0,0.8367267945623755,False,0.0,0.0,0.0,189.28977429554902,0.23661221786943626,Insufficient Energy for CPU+NET,N/A,N/A,N/A
2707,CPU_and_Data_Intensive,Rejected,270.24580522751705,N/A,N/A,N/A,0.19138285033768332,0.0,0.0,0.0,STARLINK-4743,0,N/A,N/A,0.0,1.583925472783326,False,0.0,0.0,0.0,189.28977429554902,0.23661221786943626,Insufficient Energy for CPU+NET,N/A,N/A,N/A
2708,CPU_Intensive,Rejected,270.3954580531839,N/A,N/A,N/A,0.1858302168666083,0.0,0.0,0.0,STARLINK-4743,0,N/A,N/A,0.0,0.07156295852694275,False,0.0,0.0,0.0,189.28977429554902,0.23661221786943626,Insufficient Energy for CPU,N/A,N/A,N/A
2710,CPU_and_Data_Intensive,Rejected,270.46771441689197,N/A,N/A,N/A,0.049064091718745026,0.0,0.0,0.0,STARLINK-4743,0,N/A,N/A,0.0,13.808705746275425,False,0.0,0.0,0.0,189.28977429554902,0.23661221786943626,Insufficient Energy for CPU+NET,N/A,N/A,N/A
2711,Generic_Service,Rejected,270.48043443644565,N/A,N/A,N/A,0.1098731328603207,0.0,0.0,0.0,STARLINK-4743,0,N/A,N/A,0.0,0.013280547222847161,False,0.0,0.0,0.0,189.28977429554902,0.23661221786943626,Insufficient Energy for CPU,N/A,N/A,N/A
2713,Generic_Service,Rejected,270.5782006439664,N/A,N/A,N/A,0.18348558482288163,0.0,0.0,0.0,STARLINK-4743,0,N/A,N/A,0.0,0.07029917397455879,False,0.0,0.0,0.0,189.28977429554902,0.23661221786943626,Insufficient Energy for CPU,N/A,N/A,N/A
2714,CPU_Intensive,Rejected,270.73812002198656,N/A,N/A,N/A,0.029131670295625384,0.0,0.0,0.0,STARLINK-4743,0,N/A,N/A,0.0,0.045004855052585946,False,0.0,0.0,0.0,189.28977429554902,0.23661221786943626,Insufficient Energy for CPU,N/A,N/A,N/A
2715,Generic_Service,Rejected,270.8481281684579,N/A,N/A,N/A,0.020310267256742034,0.0,0.0,0.0,STARLINK-4743,0,N/A,N/A,0.0,0.010798230047831172,False,0.0,0.0,0.0,189.28977429554902,0.23661221786943626,Insufficient Energy for CPU,N/A,N/A,N/A
2716,Generic_Service,Rejected,270.88641228818545,N/A,N/A,N/A,0.08264706258442278,0.0,0.0,0.0,STARLINK-4743,0,N/A,N/A,0.0,0.08656821731012707,False,0.0,0.0,0.0,189.28977429554902,0.23661221786943626,Insufficient Energy for CPU,N/A,N/A,N/A
2718,Generic_Service,Rejected,271.0618003859457,N/A,N/A,N/A,0.041456143241140095,0.0,0.0,0.0,STARLINK-4743,0,N/A,N/A,0.0,0.07805972748047738,False,0.0,0.0,0.0,189.28977429554902,0.23661221786943626,Insufficient Energy for CPU,N/A,N/A,N/A
2719,Generic_Service,Rejected,271.1146929225324,N/A,N/A,N/A,0.06997254804294184,0.0,0.0,0.0,STARLINK-4743,0,N/A,N/A,0.0,0.03855311532767562,False,0.0,0.0,0.0,189.28977429554902,0.23661221786943626,Insufficient Energy for CPU,N/A,N/A,N/A
2720,CPU_Intensive,Rejected,271.22758179236916,N/A,N/A,N/A,0.6317210726870768,0.0,0.0,0.0,STARLINK-4743,0,N/A,N/A,0.0,0.05922076958594645,False,0.0,0.0,0.0,189.28977429554902,0.23661221786943626,Insufficient Energy for CPU,N/A,N/A,N/A
2721,CPU_Intensive,Rejected,271.2425548031499,N/A,N/A,N/A,0.6548547231440114,0.0,0.0,0.0,STARLINK-4743,0,N/A,N/A,0.0,0.05558678905520873,False,0.0,0.0,0.0,189.28977429554902,0.23661221786943626,Insufficient Energy for CPU,N/A,N/A,N/A
2723,CPU_Intensive,Rejected,271.3448149693477,N/A,N/A,N/A,1.9919699793904388,0.0,0.0,0.0,STARLINK-4743,0,N/A,N/A,0.0,0.07451363910635367,False,0.0,0.0,0.0,189.28977429554902,0.23661221786943626,Insufficient Energy for CPU,N/A,N/A,N/A
2722,CPU_and_Data_Intensive,Rejected,271.3212298603048,N/A,N/A,N/A,1.1602211940002212,0.0,0.0,0.0,STARLINK-4743,0,N/A,N/A,0.0,261.60900412652506,False,0.0,0.0,0.0,189.28977429554902,0.23661221786943626,Insufficient Energy for CPU+NET,N/A,N/A,N/A
2724,CPU_and_Data_Intensive,Rejected,271.4678145917669,N/A,N/A,N/A,0.21850875479964071,0.0,0.0,0.0,STARLINK-4743,0,N/A,N/A,0.0,1.0743689344398228,False,0.0,0.0,0.0,189.28977429554902,0.23661221786943626,Insufficient Energy for CPU+NET,N/A,N/A,N/A
2727,CPU_and_Data_Intensive,Rejected,271.63342834208623,N/A,N/A,N/A,0.19974884107253874,0.0,0.0,0.0,STARLINK-4743,0,N/A,N/A,0.0,0.5785244076874603,False,0.0,0.0,0.0,189.28977429554902,0.23661221786943626,Insufficient Energy for CPU+NET,N/A,N/A,N/A
2729,CPU_and_Data_Intensive,Rejected,271.6796709683663,N/A,N/A,N/A,0.17908809417322666,0.0,0.0,0.0,STARLINK-4743,0,N/A,N/A,0.0,1.8625018312966624,False,0.0,0.0,0.0,189.28977429554902,0.23661221786943626,Insufficient Energy for CPU+NET,N/A,N/A,N/A
2730,Generic_Service,Rejected,271.74442901867707,N/A,N/A,N/A,0.17996113545131343,0.0,0.0,0.0,STARLINK-4743,0,N/A,N/A,0.0,0.03496530729459309,False,0.0,0.0,0.0,189.28977429554902,0.23661221786943626,Insufficient Energy for CPU,N/A,N/A,N/A
2731,CPU_and_Data_Intensive,Rejected,271.7586362283452,N/A,N/A,N/A,0.4155527681359877,0.0,0.0,0.0,STARLINK-4743,0,N/A,N/A,0.0,1.6416423334385197,False,0.0,0.0,0.0,189.28977429554902,0.23661221786943626,Insufficient Energy for CPU+NET,N/A,N/A,N/A
2728,CPU_and_Data_Intensive,Rejected,271.6556386901469,N/A,N/A,N/A,1.9327707718171336,0.0,0.0,0.0,STARLINK-4743,0,N/A,N/A,0.0,388.480373144533,False,0.0,0.0,0.0,189.28977429554902,0.23661221786943626,Insufficient Energy for CPU+NET,N/A,N/A,N/A
2732,CPU_Intensive,Rejected,272.0590794825833,N/A,N/A,N/A,0.09751612134060529,0.0,0.0,0.0,STARLINK-4743,0,N/A,N/A,0.0,0.06113716461046719,False,0.0,0.0,0.0,189.28977429554902,0.23661221786943626,Insufficient Energy for CPU,N/A,N/A,N/A
2733,Generic_Service,Rejected,272.45332168809495,N/A,N/A,N/A,0.033218573392705696,0.0,0.0,0.0,STARLINK-4743,0,N/A,N/A,0.0,0.03481891518858418,False,0.0,0.0,0.0,189.28977429554902,0.23661221786943626,Insufficient Energy for CPU,N/A,N/A,N/A
2736,Generic_Service,Rejected,273.0548814721019,N/A,N/A,N/A,0.10062210759043946,0.0,0.0,0.0,STARLINK-4743,0,N/A,N/A,0.0,0.03382644064927598,False,0.0,0.0,0.0,189.28977429554902,0.23661221786943626,Insufficient Energy for CPU,N/A,N/A,N/A
2737,CPU_Intensive,Rejected,273.1001677568097,N/A,N/A,N/A,0.14506532763429095,0.0,0.0,0.0,STARLINK-4743,0,N/A,N/A,0.0,0.05158311897490872,False,0.0,0.0,0.0,189.28977429554902,0.23661221786943626,Insufficient Energy for CPU,N/A,N/A,N/A
2738,CPU_and_Data_Intensive,Rejected,273.1109472073444,N/A,N/A,N/A,0.3565720921340974,0.0,0.0,0.0,STARLINK-4743,0,N/A,N/A,0.0,1.2401876093860438,False,0.0,0.0,0.0,189.28977429554902,0.23661221786943626,Insufficient Energy for CPU+NET,N/A,N/A,N/A
2739,CPU_and_Data_Intensive,Rejected,273.2018438444417,N/A,N/A,N/A,0.5177241895463054,0.0,0.0,0.0,STARLINK-4743,0,N/A,N/A,0.0,1.3892327758464027,False,0.0,0.0,0.0,189.28977429554902,0.23661221786943626,Insufficient Energy for CPU+NET,N/A,N/A,N/A
2740,CPU_and_Data_Intensive,Rejected,273.39281866385323,N/A,N/A,N/A,1.59016483970157,0.0,0.0,0.0,STARLINK-4743,0,N/A,N/A,0.0,247.7967907788343,False,0.0,0.0,0.0,189.28977429554902,0.23661221786943626,Insufficient Energy for CPU+NET,N/A,N/A,N/A
2742,CPU_Intensive,Rejected,273.53556348789976,N/A,N/A,N/A,0.5315721107651847,0.0,0.0,0.0,STARLINK-4743,0,N/A,N/A,0.0,0.010771340173897827,False,0.0,0.0,0.0,189.28977429554902,0.23661221786943626,Insufficient Energy for CPU,N/A,N/A,N/A
2744,CPU_Intensive,Rejected,273.73566670296424,N/A,N/A,N/A,0.33789213190692763,0.0,0.0,0.0,STARLINK-4743,0,N/A,N/A,0.0,0.03107437581308623,False,0.0,0.0,0.0,189.28977429554902,0.23661221786943626,Insufficient Energy for CPU,N/A,N/A,N/A
2745,CPU_Intensive,Rejected,273.8469806110426,N/A,N/A,N/A,1.0183664343269,0.0,0.0,0.0,STARLINK-4743,0,N/A,N/A,0.0,0.08707820918988893,False,0.0,0.0,0.0,189.28977429554902,0.23661221786943626,Insufficient Energy for CPU,N/A,N/A,N/A
2747,CPU_Intensive,Rejected,274.18748287221007,N/A,N/A,N/A,0.029636784197596806,0.0,0.0,0.0,STARLINK-4743,0,N/A,N/A,0.0,0.08282289950698493,False,0.0,0.0,0.0,189.28977429554902,0.23661221786943626,Insufficient Energy for CPU,N/A,N/A,N/A
2748,CPU_Intensive,Rejected,274.3950489733509,N/A,N/A,N/A,0.18494188313350657,0.0,0.0,0.0,STARLINK-4743,0,N/A,N/A,0.0,0.08225328599944114,False,0.0,0.0,0.0,189.28977429554902,0.23661221786943626,Insufficient Energy for CPU,N/A,N/A,N/A
2749,Generic_Service,Rejected,274.803263897245,N/A,N/A,N/A,0.1570872457164136,0.0,0.0,0.0,STARLINK-4743,0,N/A,N/A,0.0,0.047922997204948886,False,0.0,0.0,0.0,189.28977429554902,0.23661221786943626,Insufficient Energy for CPU,N/A,N/A,N/A
2750,CPU_Intensive,Rejected,274.82205055321526,N/A,N/A,N/A,0.04539294295164157,0.0,0.0,0.0,STARLINK-4743,0,N/A,N/A,0.0,0.010648085473456264,False,0.0,0.0,0.0,189.28977429554902,0.23661221786943626,Insufficient Energy for CPU,N/A,N/A,N/A
2751,CPU_and_Data_Intensive,Rejected,274.9653782933568,N/A,N/A,N/A,0.6775304772011438,0.0,0.0,0.0,STARLINK-4743,0,N/A,N/A,0.0,0.25117232815685264,False,0.0,0.0,0.0,189.28977429554902,0.23661221786943626,Insufficient Energy for CPU+NET,N/A,N/A,N/A
2752,CPU_Intensive,Rejected,275.00064743887214,N/A,N/A,N/A,0.1813494318967921,0.0,0.0,0.0,STARLINK-4743,0,N/A,N/A,0.0,0.042623887289483804,False,0.0,0.0,0.0,189.28977429554902,0.23661221786943626,Insufficient Energy for CPU,N/A,N/A,N/A
2753,CPU_and_Data_Intensive,Rejected,275.0625198560185,N/A,N/A,N/A,0.3667870680471555,0.0,0.0,0.0,STARLINK-4743,0,N/A,N/A,0.0,0.5825872103046698,False,0.0,0.0,0.0,189.28977429554902,0.23661221786943626,Insufficient Energy for CPU+NET,N/A,N/A,N/A
2754,CPU_Intensive,Rejected,275.1382946309533,N/A,N/A,N/A,0.07604280228695341,0.0,0.0,0.0,STARLINK-4743,0,N/A,N/A,0.0,0.02233731080038562,False,0.0,0.0,0.0,189.28977429554902,0.23661221786943626,Insufficient Energy for CPU,N/A,N/A,N/A
2755,CPU_and_Data_Intensive,Rejected,275.30736639408985,N/A,N/A,N/A,0.22627286752390863,0.0,0.0,0.0,STARLINK-4743,0,N/A,N/A,0.0,0.4275114535919651,False,0.0,0.0,0.0,189.28977429554902,0.23661221786943626,Insufficient Energy for CPU+NET,N/A,N/A,N/A
2756,CPU_and_Data_Intensive,Rejected,275.4222985905171,N/A,N/A,N/A,0.797876110615092,0.0,0.0,0.0,STARLINK-4743,0,N/A,N/A,0.0,18.147922626129457,False,0.0,0.0,0.0,189.28977429554902,0.23661221786943626,Insufficient Energy for CPU+NET,N/A,N/A,N/A
2757,CPU_and_Data_Intensive,Rejected,275.43953577018755,N/A,N/A,N/A,0.06931117037974838,0.0,0.0,0.0,STARLINK-4743,0,N/A,N/A,0.0,11.15649885969588,False,0.0,0.0,0.0,189.28977429554902,0.23661221786943626,Insufficient Energy for CPU+NET,N/A,N/A,N/A
2758,CPU_Intensive,Rejected,275.4869570207488,N/A,N/A,N/A,0.9006807007104364,0.0,0.0,0.0,STARLINK-4743,0,N/A,N/A,0.0,0.08774809756358919,False,0.0,0.0,0.0,189.28977429554902,0.23661221786943626,Insufficient Energy for CPU,N/A,N/A,N/A
2759,Generic_Service,Rejected,275.49044793476185,N/A,N/A,N/A,0.22391086991500442,0.0,0.0,0.0,STARLINK-4743,0,N/A,N/A,0.0,0.0697226060249968,False,0.0,0.0,0.0,189.28977429554902,0.23661221786943626,Insufficient Energy for CPU,N/A,N/A,N/A
2761,CPU_Intensive,Rejected,275.71274446465134,N/A,N/A,N/A,1.1787679635237005,0.0,0.0,0.0,STARLINK-4743,0,N/A,N/A,0.0,0.08072927600575759,False,0.0,0.0,0.0,189.28977429554902,0.23661221786943626,Insufficient Energy for CPU,N/A,N/A,N/A
2763,CPU_Intensive,Rejected,275.78257908008067,N/A,N/A,N/A,1.2145034967341208,0.0,0.0,0.0,STARLINK-4743,0,N/A,N/A,0.0,0.012250615392708893,False,0.0,0.0,0.0,189.28977429554902,0.23661221786943626,Insufficient Energy for CPU,N/A,N/A,N/A
2764,CPU_Intensive,Rejected,275.92612372791115,N/A,N/A,N/A,0.05452076946314175,0.0,0.0,0.0,STARLINK-4743,0,N/A,N/A,0.0,0.07773109620896257,False,0.0,0.0,0.0,189.28977429554902,0.23661221786943626,Insufficient Energy for CPU,N/A,N/A,N/A
2765,CPU_and_Data_Intensive,Rejected,275.94756428176066,N/A,N/A,N/A,0.04348041902459209,0.0,0.0,0.0,STARLINK-4743,0,N/A,N/A,0.0,1.0021175739954291,False,0.0,0.0,0.0,189.28977429554902,0.23661221786943626,Insufficient Energy for CPU+NET,N/A,N/A,N/A
2766,CPU_and_Data_Intensive,Rejected,275.9478452949218,N/A,N/A,N/A,1.0498049919415686,0.0,0.0,0.0,STARLINK-4743,0,N/A,N/A,0.0,0.6477014818068061,False,0.0,0.0,0.0,189.28977429554902,0.23661221786943626,Insufficient Energy for CPU+NET,N/A,N/A,N/A
2767,CPU_Intensive,Rejected,276.1059512811474,N/A,N/A,N/A,0.7122862722801708,0.0,0.0,0.0,STARLINK-4743,0,N/A,N/A,0.0,0.0671736359740502,False,0.0,0.0,0.0,189.28977429554902,0.23661221786943626,Insufficient Energy for CPU,N/A,N/A,N/A
2768,CPU_Intensive,Rejected,276.3025385851535,N/A,N/A,N/A,0.18623935698184663,0.0,0.0,0.0,STARLINK-4743,0,N/A,N/A,0.0,0.029210320285098165,False,0.0,0.0,0.0,189.28977429554902,0.23661221786943626,Insufficient Energy for CPU,N/A,N/A,N/A
2769,CPU_Intensive,Rejected,276.7049568130411,N/A,N/A,N/A,0.28352959865193417,0.0,0.0,0.0,STARLINK-4743,0,N/A,N/A,0.0,0.039269937936556594,False,0.0,0.0,0.0,189.28977429554902,0.23661221786943626,Insufficient Energy for CPU,N/A,N/A,N/A
2770,Generic_Service,Rejected,276.8320079501249,N/A,N/A,N/A,0.043656556229779424,0.0,0.0,0.0,STARLINK-4743,0,N/A,N/A,0.0,0.06497000122463535,False,0.0,0.0,0.0,189.28977429554902,0.23661221786943626,Insufficient Energy for CPU,N/A,N/A,N/A
2772,CPU_Intensive,Rejected,277.10057478220165,N/A,N/A,N/A,0.31146654567463533,0.0,0.0,0.0,STARLINK-4743,0,N/A,N/A,0.0,0.05874408162452295,False,0.0,0.0,0.0,189.28977429554902,0.23661221786943626,Insufficient Energy for CPU,N/A,N/A,N/A
2773,CPU_and_Data_Intensive,Rejected,277.1757930957195,N/A,N/A,N/A,0.9591800627448782,0.0,0.0,0.0,STARLINK-4743,0,N/A,N/A,0.0,0.5683179251479021,False,0.0,0.0,0.0,189.28977429554902,0.23661221786943626,Insufficient Energy for CPU+NET,N/A,N/A,N/A
2774,CPU_Intensive,Rejected,277.3986849299798,N/A,N/A,N/A,0.10926809064439204,0.0,0.0,0.0,STARLINK-4743,0,N/A,N/A,0.0,0.06295243246993414,False,0.0,0.0,0.0,189.28977429554902,0.23661221786943626,Insufficient Energy for CPU,N/A,N/A,N/A
2775,CPU_and_Data_Intensive,Rejected,277.48395835729195,N/A,N/A,N/A,0.6087353737155277,0.0,0.0,0.0,STARLINK-4743,0,N/A,N/A,0.0,255.9435482261563,False,0.0,0.0,0.0,189.28977429554902,0.23661221786943626,Insufficient Energy for CPU+NET,N/A,N/A,N/A
2776,CPU_Intensive,Rejected,277.62684031859976,N/A,N/A,N/A,0.18807767786423332,0.0,0.0,0.0,STARLINK-4743,0,N/A,N/A,0.0,0.06502367365610032,False,0.0,0.0,0.0,189.28977429554902,0.23661221786943626,Insufficient Energy for CPU,N/A,N/A,N/A
2779,CPU_Intensive,Rejected,277.6668372526873,N/A,N/A,N/A,0.3816126975008405,0.0,0.0,0.0,STARLINK-4743,0,N/A,N/A,0.0,0.015203644061080102,False,0.0,0.0,0.0,189.28977429554902,0.23661221786943626,Insufficient Energy for CPU,N/A,N/A,N/A
2778,CPU_and_Data_Intensive,Rejected,277.65376998387524,N/A,N/A,N/A,0.35146347992900384,0.0,0.0,0.0,STARLINK-4743,0,N/A,N/A,0.0,171.24661331622218,False,0.0,0.0,0.0,189.28977429554902,0.23661221786943626,Insufficient Energy for CPU+NET,N/A,N/A,N/A
2780,CPU_and_Data_Intensive,Rejected,277.82680531992304,N/A,N/A,N/A,0.7339826853348383,0.0,0.0,0.0,STARLINK-4743,0,N/A,N/A,0.0,1.0592368732936648,False,0.0,0.0,0.0,189.28977429554902,0.23661221786943626,Insufficient Energy for CPU+NET,N/A,N/A,N/A
2782,CPU_Intensive,Rejected,278.19964931971026,N/A,N/A,N/A,0.503226447291628,0.0,0.0,0.0,STARLINK-4743,0,N/A,N/A,0.0,0.05897220475051,False,0.0,0.0,0.0,189.28977429554902,0.23661221786943626,Insufficient Energy for CPU,N/A,N/A,N/A
2783,CPU_Intensive,Rejected,278.3351368646851,N/A,N/A,N/A,0.5065929182150988,0.0,0.0,0.0,STARLINK-4743,0,N/A,N/A,0.0,0.02084590142395394,False,0.0,0.0,0.0,189.28977429554902,0.23661221786943626,Insufficient Energy for CPU,N/A,N/A,N/A
2784,Generic_Service,Rejected,278.33812626782316,N/A,N/A,N/A,0.07473540318275716,0.0,0.0,0.0,STARLINK-4743,0,N/A,N/A,0.0,0.07660295362454722,False,0.0,0.0,0.0,189.28977429554902,0.23661221786943626,Insufficient Energy for CPU,N/A,N/A,N/A
2785,CPU_and_Data_Intensive,Rejected,278.3984936860939,N/A,N/A,N/A,0.2853829750338187,0.0,0.0,0.0,STARLINK-4743,0,N/A,N/A,0.0,23.835148697343122,False,0.0,0.0,0.0,189.28977429554902,0.23661221786943626,Insufficient Energy for CPU+NET,N/A,N/A,N/A
2786,CPU_Intensive,Rejected,278.48322033559083,N/A,N/A,N/A,0.5060599627376263,0.0,0.0,0.0,STARLINK-4743,0,N/A,N/A,0.0,0.04152428754024957,False,0.0,0.0,0.0,189.28977429554902,0.23661221786943626,Insufficient Energy for CPU,N/A,N/A,N/A
2787,CPU_and_Data_Intensive,Rejected,278.5922963391376,N/A,N/A,N/A,0.025481926633727038,0.0,0.0,0.0,STARLINK-4743,0,N/A,N/A,0.0,2.191989497436755,False,0.0,0.0,0.0,189.28977429554902,0.23661221786943626,Insufficient Energy for CPU+NET,N/A,N/A,N/A
2788,CPU_Intensive,Rejected,278.7726670466004,N/A,N/A,N/A,0.2025426687563433,0.0,0.0,0.0,STARLINK-4743,0,N/A,N/A,0.0,0.014124727589929172,False,0.0,0.0,0.0,189.28977429554902,0.23661221786943626,Insufficient Energy for CPU,N/A,N/A,N/A
2789,CPU_and_Data_Intensive,Rejected,278.89067021643325,N/A,N/A,N/A,0.7821714300767939,0.0,0.0,0.0,STARLINK-4743,0,N/A,N/A,0.0,1.2830842661967559,False,0.0,0.0,0.0,189.28977429554902,0.23661221786943626,Insufficient Energy for CPU+NET,N/A,N/A,N/A
2790,CPU_Intensive,Rejected,278.9223071410091,N/A,N/A,N/A,0.24179982070666425,0.0,0.0,0.0,STARLINK-4743,0,N/A,N/A,0.0,0.08607906408125249,False,0.0,0.0,0.0,189.28977429554902,0.23661221786943626,Insufficient Energy for CPU,N/A,N/A,N/A
2791,CPU_and_Data_Intensive,Rejected,278.92522136090747,N/A,N/A,N/A,0.16184718503363132,0.0,0.0,0.0,STARLINK-4743,0,N/A,N/A,0.0,0.03768389804339929,False,0.0,0.0,0.0,189.28977429554902,0.23661221786943626,Insufficient Energy for CPU+NET,N/A,N/A,N/A
2792,CPU_and_Data_Intensive,Rejected,278.98787879457484,N/A,N/A,N/A,0.6880234661432415,0.0,0.0,0.0,STARLINK-4743,0,N/A,N/A,0.0,0.10449013041036767,False,0.0,0.0,0.0,189.28977429554902,0.23661221786943626,Insufficient Energy for CPU+NET,N/A,N/A,N/A
2793,CPU_Intensive,Rejected,279.3769619231724,N/A,N/A,N/A,1.2069175714957974,0.0,0.0,0.0,STARLINK-4743,0,N/A,N/A,0.0,0.08231612890904423,False,0.0,0.0,0.0,189.28977429554902,0.23661221786943626,Insufficient Energy for CPU,N/A,N/A,N/A
2794,CPU_and_Data_Intensive,Rejected,279.4722496679614,N/A,N/A,N/A,0.3827821226155728,0.0,0.0,0.0,STARLINK-4743,0,N/A,N/A,0.0,1.2823566628889789,False,0.0,0.0,0.0,189.28977429554902,0.23661221786943626,Insufficient Energy for CPU+NET,N/A,N/A,N/A
2795,CPU_Intensive,Rejected,279.5194547998066,N/A,N/A,N/A,0.4585342651567653,0.0,0.0,0.0,STARLINK-4743,0,N/A,N/A,0.0,0.05606042632422217,False,0.0,0.0,0.0,189.28977429554902,0.23661221786943626,Insufficient Energy for CPU,N/A,N/A,N/A
2797,CPU_Intensive,Rejected,279.67821561697707,N/A,N/A,N/A,0.25332357219312746,0.0,0.0,0.0,STARLINK-4743,0,N/A,N/A,0.0,0.02821880276427543,False,0.0,0.0,0.0,189.28977429554902,0.23661221786943626,Insufficient Energy for CPU,N/A,N/A,N/A
2798,CPU_Intensive,Rejected,279.7853442285304,N/A,N/A,N/A,0.5405966737301308,0.0,0.0,0.0,STARLINK-4743,0,N/A,N/A,0.0,0.06156130144904666,False,0.0,0.0,0.0,189.28977429554902,0.23661221786943626,Insufficient Energy for CPU,N/A,N/A,N/A
2799,CPU_Intensive,Rejected,279.83107080773937,N/A,N/A,N/A,0.7966018872851568,0.0,0.0,0.0,STARLINK-4743,0,N/A,N/A,0.0,0.018590626300595416,False,0.0,0.0,0.0,189.28977429554902,0.23661221786943626,Insufficient Energy for CPU,N/A,N/A,N/A
2800,CPU_Intensive,Rejected,279.92826835974716,N/A,N/A,N/A,0.39180771013384597,0.0,0.0,0.0,STARLINK-4743,0,N/A,N/A,0.0,0.036809032720167424,False,0.0,0.0,0.0,189.28977429554902,0.23661221786943626,Insufficient Energy for CPU,N/A,N/A,N/A
2801,Generic_Service,Rejected,279.9991357879125,N/A,N/A,N/A,0.020688241562440295,0.0,0.0,0.0,STARLINK-4743,0,N/A,N/A,0.0,0.043597200945479114,False,0.0,0.0,0.0,189.28977429554902,0.23661221786943626,Insufficient Energy for CPU,N/A,N/A,N/A
2803,CPU_and_Data_Intensive,Rejected,280.0450230325337,N/A,N/A,N/A,0.10176891568205172,0.0,0.0,0.0,STARLINK-4743,0,N/A,N/A,0.0,0.2948831769662122,False,0.0,0.0,0.0,189.28977429554902,0.23661221786943626,Insufficient Energy for CPU+NET,N/A,N/A,N/A
2804,CPU_Intensive,Rejected,280.05905235080485,N/A,N/A,N/A,1.3829166412603466,0.0,0.0,0.0,STARLINK-4743,0,N/A,N/A,0.0,0.06984720915813304,False,0.0,0.0,0.0,189.28977429554902,0.23661221786943626,Insufficient Energy for CPU,N/A,N/A,N/A
2805,CPU_and_Data_Intensive,Rejected,280.1503517700897,N/A,N/A,N/A,1.849901632743518,0.0,0.0,0.0,STARLINK-4743,0,N/A,N/A,0.0,1.4089048348250093,False,0.0,0.0,0.0,189.28977429554902,0.23661221786943626,Insufficient Energy for CPU+NET,N/A,N/A,N/A
2806,Generic_Service,Rejected,280.1967877038549,N/A,N/A,N/A,0.045959155583830485,0.0,0.0,0.0,STARLINK-4743,0,N/A,N/A,0.0,0.07116098736660094,False,0.0,0.0,0.0,189.28977429554902,0.23661221786943626,Insufficient Energy for CPU,N/A,N/A,N/A
2808,CPU_and_Data_Intensive,Rejected,280.4771676042185,N/A,N/A,N/A,0.21513947687358587,0.0,0.0,0.0,STARLINK-4743,0,N/A,N/A,0.0,1.651466928036929,False,0.0,0.0,0.0,189.28977429554902,0.23661221786943626,Insufficient Energy for CPU+NET,N/A,N/A,N/A
2809,CPU_Intensive,Rejected,280.59936248464845,N/A,N/A,N/A,0.33201593516121164,0.0,0.0,0.0,STARLINK-4743,0,N/A,N/A,0.0,0.042710755917279256,False,0.0,0.0,0.0,189.28977429554902,0.23661221786943626,Insufficient Energy for CPU,N/A,N/A,N/A
2810,CPU_Intensive,Rejected,280.60714172110465,N/A,N/A,N/A,1.5484998260114278,0.0,0.0,0.0,STARLINK-4743,0,N/A,N/A,0.0,0.05928490640267119,False,0.0,0.0,0.0,189.28977429554902,0.23661221786943626,Insufficient Energy for CPU,N/A,N/A,N/A
2811,CPU_Intensive,Rejected,280.83777032530105,N/A,N/A,N/A,0.04362911466946492,0.0,0.0,0.0,STARLINK-4743,0,N/A,N/A,0.0,0.0853684265231523,False,0.0,0.0,0.0,189.28977429554902,0.23661221786943626,Insufficient Energy for CPU,N/A,N/A,N/A
2812,CPU_and_Data_Intensive,Rejected,280.8462345147454,N/A,N/A,N/A,0.6365024957901154,0.0,0.0,0.0,STARLINK-4743,0,N/A,N/A,0.0,20.953530136966954,False,0.0,0.0,0.0,189.28977429554902,0.23661221786943626,Insufficient Energy for CPU+NET,N/A,N/A,N/A
2813,CPU_and_Data_Intensive,Rejected,280.9936759085943,N/A,N/A,N/A,0.13887844820633682,0.0,0.0,0.0,STARLINK-4743,0,N/A,N/A,0.0,0.7360421719920135,False,0.0,0.0,0.0,189.28977429554902,0.23661221786943626,Insufficient Energy for CPU+NET,N/A,N/A,N/A
2815,CPU_and_Data_Intensive,Rejected,281.0346548229467,N/A,N/A,N/A,1.8830757624658472,0.0,0.0,0.0,STARLINK-4743,0,N/A,N/A,0.0,21.009530971862528,False,0.0,0.0,0.0,189.28977429554902,0.23661221786943626,Insufficient Energy for CPU+NET,N/A,N/A,N/A
2816,CPU_Intensive,Rejected,281.19439200684167,N/A,N/A,N/A,0.03930697636874035,0.0,0.0,0.0,STARLINK-4743,0,N/A,N/A,0.0,0.031195936265692628,False,0.0,0.0,0.0,189.28977429554902,0.23661221786943626,Insufficient Energy for CPU,N/A,N/A,N/A
2818,CPU_Intensive,Rejected,281.3600580001114,N/A,N/A,N/A,0.08523297936255764,0.0,0.0,0.0,STARLINK-4743,0,N/A,N/A,0.0,0.01900734967806548,False,0.0,0.0,0.0,189.28977429554902,0.23661221786943626,Insufficient Energy for CPU,N/A,N/A,N/A
2819,CPU_Intensive,Rejected,281.40398652823717,N/A,N/A,N/A,0.3360089263814973,0.0,0.0,0.0,STARLINK-4743,0,N/A,N/A,0.0,0.08059930189053938,False,0.0,0.0,0.0,189.28977429554902,0.23661221786943626,Insufficient Energy for CPU,N/A,N/A,N/A
2820,CPU_Intensive,Rejected,281.5226272681432,N/A,N/A,N/A,0.28721684782578893,0.0,0.0,0.0,STARLINK-4743,0,N/A,N/A,0.0,0.06943624330709439,False,0.0,0.0,0.0,189.28977429554902,0.23661221786943626,Insufficient Energy for CPU,N/A,N/A,N/A
2821,CPU_Intensive,Rejected,281.526711463791,N/A,N/A,N/A,0.22428156313542963,0.0,0.0,0.0,STARLINK-4743,0,N/A,N/A,0.0,0.07317359066034897,False,0.0,0.0,0.0,189.28977429554902,0.23661221786943626,Insufficient Energy for CPU,N/A,N/A,N/A
2822,CPU_Intensive,Rejected,281.64267676089503,N/A,N/A,N/A,0.31618276645464793,0.0,0.0,0.0,STARLINK-4743,0,N/A,N/A,0.0,0.055338411013462666,False,0.0,0.0,0.0,189.28977429554902,0.23661221786943626,Insufficient Energy for CPU,N/A,N/A,N/A
2825,CPU_and_Data_Intensive,Rejected,281.8839058759459,N/A,N/A,N/A,0.7610751095673727,0.0,0.0,0.0,STARLINK-4743,0,N/A,N/A,0.0,4.201153082760116,False,0.0,0.0,0.0,189.28977429554902,0.23661221786943626,Insufficient Energy for CPU+NET,N/A,N/A,N/A
2827,CPU_and_Data_Intensive,Rejected,281.9288344478853,N/A,N/A,N/A,0.06786477164915528,0.0,0.0,0.0,STARLINK-4743,0,N/A,N/A,0.0,17.67505029297973,False,0.0,0.0,0.0,189.28977429554902,0.23661221786943626,Insufficient Energy for CPU+NET,N/A,N/A,N/A
2828,CPU_and_Data_Intensive,Rejected,282.0858265836036,N/A,N/A,N/A,0.4996677221160699,0.0,0.0,0.0,STARLINK-4743,0,N/A,N/A,0.0,6.052263033446502,False,0.0,0.0,0.0,189.28977429554902,0.23661221786943626,Insufficient Energy for CPU+NET,N/A,N/A,N/A
2830,CPU_and_Data_Intensive,Rejected,282.1234715612384,N/A,N/A,N/A,0.5837612598415473,0.0,0.0,0.0,STARLINK-4743,0,N/A,N/A,0.0,1.7493302698231679,False,0.0,0.0,0.0,189.28977429554902,0.23661221786943626,Insufficient Energy for CPU+NET,N/A,N/A,N/A
2832,CPU_Intensive,Rejected,282.24967613480044,N/A,N/A,N/A,0.7354655585300056,0.0,0.0,0.0,STARLINK-4743,0,N/A,N/A,0.0,0.06211022522540087,False,0.0,0.0,0.0,189.28977429554902,0.23661221786943626,Insufficient Energy for CPU,N/A,N/A,N/A
2831,CPU_and_Data_Intensive,Rejected,282.23097788073,N/A,N/A,N/A,0.6506858579661503,0.0,0.0,0.0,STARLINK-4743,0,N/A,N/A,0.0,316.39094406332424,False,0.0,0.0,0.0,189.28977429554902,0.23661221786943626,Insufficient Energy for CPU+NET,N/A,N/A,N/A
2833,CPU_and_Data_Intensive,Rejected,282.40634779983515,N/A,N/A,N/A,0.4524917965201914,0.0,0.0,0.0,STARLINK-4743,0,N/A,N/A,0.0,0.05601841656571472,False,0.0,0.0,0.0,189.28977429554902,0.23661221786943626,Insufficient Energy for CPU+NET,N/A,N/A,N/A
2834,CPU_Intensive,Rejected,282.4391479906272,N/A,N/A,N/A,0.1644474738652614,0.0,0.0,0.0,STARLINK-4743,0,N/A,N/A,0.0,0.043886846364560514,False,0.0,0.0,0.0,189.28977429554902,0.23661221786943626,Insufficient Energy for CPU,N/A,N/A,N/A
2835,CPU_Intensive,Rejected,282.4478613476559,N/A,N/A,N/A,1.0991230656088977,0.0,0.0,0.0,STARLINK-4743,0,N/A,N/A,0.0,0.07136000232303573,False,0.0,0.0,0.0,189.28977429554902,0.23661221786943626,Insufficient Energy for CPU,N/A,N/A,N/A
2836,CPU_Intensive,Rejected,282.4603924976419,N/A,N/A,N/A,0.5288689924421113,0.0,0.0,0.0,STARLINK-4743,0,N/A,N/A,0.0,0.08232090597830129,False,0.0,0.0,0.0,189.28977429554902,0.23661221786943626,Insufficient Energy for CPU,N/A,N/A,N/A
2837,CPU_Intensive,Rejected,282.4745971352152,N/A,N/A,N/A,0.37015469113253474,0.0,0.0,0.0,STARLINK-4743,0,N/A,N/A,0.0,0.050581876601901186,False,0.0,0.0,0.0,189.28977429554902,0.23661221786943626,Insufficient Energy for CPU,N/A,N/A,N/A
2838,CPU_Intensive,Rejected,282.57348927312,N/A,N/A,N/A,0.165178880365343,0.0,0.0,0.0,STARLINK-4743,0,N/A,N/A,0.0,0.068468481088791,False,0.0,0.0,0.0,189.28977429554902,0.23661221786943626,Insufficient Energy for CPU,N/A,N/A,N/A
2839,CPU_Intensive,Rejected,282.76567558219426,N/A,N/A,N/A,0.03254411685261051,0.0,0.0,0.0,STARLINK-4743,0,N/A,N/A,0.0,0.024831903529509966,False,0.0,0.0,0.0,189.28977429554902,0.23661221786943626,Insufficient Energy for CPU,N/A,N/A,N/A
2840,Generic_Service,Rejected,282.76899863926445,N/A,N/A,N/A,0.0434809576753285,0.0,0.0,0.0,STARLINK-4743,0,N/A,N/A,0.0,0.06288517155070708,False,0.0,0.0,0.0,189.28977429554902,0.23661221786943626,Insufficient Energy for CPU,N/A,N/A,N/A
2841,Generic_Service,Rejected,282.8684102456932,N/A,N/A,N/A,0.1398451189366355,0.0,0.0,0.0,STARLINK-4743,0,N/A,N/A,0.0,0.01688926809993528,False,0.0,0.0,0.0,189.28977429554902,0.23661221786943626,Insufficient Energy for CPU,N/A,N/A,N/A
2842,Generic_Service,Rejected,282.9253006681287,N/A,N/A,N/A,0.03480076813923848,0.0,0.0,0.0,STARLINK-4743,0,N/A,N/A,0.0,0.07618468540743623,False,0.0,0.0,0.0,189.28977429554902,0.23661221786943626,Insufficient Energy for CPU,N/A,N/A,N/A
2843,CPU_Intensive,Rejected,283.1229370907265,N/A,N/A,N/A,0.3458029426180331,0.0,0.0,0.0,STARLINK-4743,0,N/A,N/A,0.0,0.045961830578263606,False,0.0,0.0,0.0,189.28977429554902,0.23661221786943626,Insufficient Energy for CPU,N/A,N/A,N/A
2845,CPU_Intensive,Rejected,283.23470074027375,N/A,N/A,N/A,0.11301790980132274,0.0,0.0,0.0,STARLINK-4743,0,N/A,N/A,0.0,0.04788870294793222,False,0.0,0.0,0.0,189.28977429554902,0.23661221786943626,Insufficient Energy for CPU,N/A,N/A,N/A
2847,CPU_Intensive,Rejected,283.4538042564538,N/A,N/A,N/A,1.3858944628080307,0.0,0.0,0.0,STARLINK-4743,0,N/A,N/A,0.0,0.04052810403775985,False,0.0,0.0,0.0,189.28977429554902,0.23661221786943626,Insufficient Energy for CPU,N/A,N/A,N/A
2849,CPU_and_Data_Intensive,Rejected,283.6843405407161,N/A,N/A,N/A,0.5665836628182724,0.0,0.0,0.0,STARLINK-4743,0,N/A,N/A,0.0,3.37110145709746,False,0.0,0.0,0.0,189.28977429554902,0.23661221786943626,Insufficient Energy for CPU+NET,N/A,N/A,N/A
2851,CPU_Intensive,Rejected,283.73153541922335,N/A,N/A,N/A,0.3448337275901557,0.0,0.0,0.0,STARLINK-4743,0,N/A,N/A,0.0,0.05168560493634426,False,0.0,0.0,0.0,189.28977429554902,0.23661221786943626,Insufficient Energy for CPU,N/A,N/A,N/A
2852,CPU_Intensive,Rejected,283.97455635257404,N/A,N/A,N/A,0.5427873667932609,0.0,0.0,0.0,STARLINK-4743,0,N/A,N/A,0.0,0.07956571299036962,False,0.0,0.0,0.0,189.28977429554902,0.23661221786943626,Insufficient Energy for CPU,N/A,N/A,N/A
2853,Generic_Service,Rejected,284.1314311320477,N/A,N/A,N/A,0.08094621276674625,0.0,0.0,0.0,STARLINK-4743,0,N/A,N/A,0.0,0.046671443058115464,False,0.0,0.0,0.0,189.28977429554902,0.23661221786943626,Insufficient Energy for CPU,N/A,N/A,N/A
2854,CPU_and_Data_Intensive,Rejected,284.1566029714746,N/A,N/A,N/A,0.8208824274288689,0.0,0.0,0.0,STARLINK-4743,0,N/A,N/A,0.0,3.876552556630749,False,0.0,0.0,0.0,189.28977429554902,0.23661221786943626,Insufficient Energy for CPU+NET,N/A,N/A,N/A
2855,CPU_Intensive,Rejected,284.26069307112,N/A,N/A,N/A,1.4140560231037649,0.0,0.0,0.0,STARLINK-4743,0,N/A,N/A,0.0,0.0704100510647987,False,0.0,0.0,0.0,189.28977429554902,0.23661221786943626,Insufficient Energy for CPU,N/A,N/A,N/A
2856,CPU_Intensive,Rejected,284.4270039738149,N/A,N/A,N/A,0.997825559980154,0.0,0.0,0.0,STARLINK-4743,0,N/A,N/A,0.0,0.06762331567309059,False,0.0,0.0,0.0,189.28977429554902,0.23661221786943626,Insufficient Energy for CPU,N/A,N/A,N/A
2857,CPU_Intensive,Rejected,284.66179388125886,N/A,N/A,N/A,0.4252536762359544,0.0,0.0,0.0,STARLINK-4743,0,N/A,N/A,0.0,0.024771180601133612,False,0.0,0.0,0.0,189.28977429554902,0.23661221786943626,Insufficient Energy for CPU,N/A,N/A,N/A
2858,Generic_Service,Rejected,284.727690162882,N/A,N/A,N/A,0.02951727866172199,0.0,0.0,0.0,STARLINK-4743,0,N/A,N/A,0.0,0.05466851092234447,False,0.0,0.0,0.0,189.28977429554902,0.23661221786943626,Insufficient Energy for CPU,N/A,N/A,N/A
2859,CPU_and_Data_Intensive,Rejected,284.74877834774384,N/A,N/A,N/A,0.4231971895428821,0.0,0.0,0.0,STARLINK-4743,0,N/A,N/A,0.0,1.6079498984200724,False,0.0,0.0,0.0,189.28977429554902,0.23661221786943626,Insufficient Energy for CPU+NET,N/A,N/A,N/A
2860,Generic_Service,Rejected,284.84786164992323,N/A,N/A,N/A,0.021712940880445925,0.0,0.0,0.0,STARLINK-4743,0,N/A,N/A,0.0,0.07269587169651454,False,0.0,0.0,0.0,189.28977429554902,0.23661221786943626,Insufficient Energy for CPU,N/A,N/A,N/A
2861,Generic_Service,Rejected,284.8525060642365,N/A,N/A,N/A,0.02642654834505725,0.0,0.0,0.0,STARLINK-4743,0,N/A,N/A,0.0,0.038970108754656264,False,0.0,0.0,0.0,189.28977429554902,0.23661221786943626,Insufficient Energy for CPU,N/A,N/A,N/A
2862,CPU_and_Data_Intensive,Rejected,284.9098402220413,N/A,N/A,N/A,0.48202502547174375,0.0,0.0,0.0,STARLINK-4743,0,N/A,N/A,0.0,1.0081873880888963,False,0.0,0.0,0.0,189.28977429554902,0.23661221786943626,Insufficient Energy for CPU+NET,N/A,N/A,N/A
2863,CPU_Intensive,Rejected,284.96881567172625,N/A,N/A,N/A,0.022399312188844465,0.0,0.0,0.0,STARLINK-4743,0,N/A,N/A,0.0,0.03351662185594675,False,0.0,0.0,0.0,189.28977429554902,0.23661221786943626,Insufficient Energy for CPU,N/A,N/A,N/A
2864,CPU_and_Data_Intensive,Rejected,285.00974916762755,N/A,N/A,N/A,0.1962973829414475,0.0,0.0,0.0,STARLINK-4743,0,N/A,N/A,0.0,0.4432643636296363,False,0.0,0.0,0.0,189.28977429554902,0.23661221786943626,Insufficient Energy for CPU+NET,N/A,N/A,N/A
2865,CPU_and_Data_Intensive,Rejected,285.1161102703264,N/A,N/A,N/A,0.5949119163091122,0.0,0.0,0.0,STARLINK-4743,0,N/A,N/A,0.0,11.692099211867191,False,0.0,0.0,0.0,189.28977429554902,0.23661221786943626,Insufficient Energy for CPU+NET,N/A,N/A,N/A
2867,CPU_Intensive,Rejected,285.17593234749717,N/A,N/A,N/A,0.572050467555807,0.0,0.0,0.0,STARLINK-4743,0,N/A,N/A,0.0,0.057630648942444955,False,0.0,0.0,0.0,189.28977429554902,0.23661221786943626,Insufficient Energy for CPU,N/A,N/A,N/A
2869,Generic_Service,Rejected,285.5117990757821,N/A,N/A,N/A,0.023330581005972913,0.0,0.0,0.0,STARLINK-4743,0,N/A,N/A,0.0,0.03111873512513267,False,0.0,0.0,0.0,189.28977429554902,0.23661221786943626,Insufficient Energy for CPU,N/A,N/A,N/A
2870,CPU_and_Data_Intensive,Rejected,285.56299031474975,N/A,N/A,N/A,0.2550589005499013,0.0,0.0,0.0,STARLINK-4743,0,N/A,N/A,0.0,15.295449464703854,False,0.0,0.0,0.0,189.28977429554902,0.23661221786943626,Insufficient Energy for CPU+NET,N/A,N/A,N/A
2872,CPU_Intensive,Rejected,285.8458319850366,N/A,N/A,N/A,0.08218936835471334,0.0,0.0,0.0,STARLINK-4743,0,N/A,N/A,0.0,0.05680526612010661,False,0.0,0.0,0.0,189.28977429554902,0.23661221786943626,Insufficient Energy for CPU,N/A,N/A,N/A
2873,CPU_Intensive,Rejected,285.9290816302887,N/A,N/A,N/A,0.09195604561505959,0.0,0.0,0.0,STARLINK-4743,0,N/A,N/A,0.0,0.03745323539024563,False,0.0,0.0,0.0,189.28977429554902,0.23661221786943626,Insufficient Energy for CPU,N/A,N/A,N/A
2874,CPU_and_Data_Intensive,Rejected,286.08489065793844,N/A,N/A,N/A,0.19993623792952508,0.0,0.0,0.0,STARLINK-4743,0,N/A,N/A,0.0,1.6158758094465004,False,0.0,0.0,0.0,189.28977429554902,0.23661221786943626,Insufficient Energy for CPU+NET,N/A,N/A,N/A
2875,CPU_Intensive,Rejected,286.0924272466533,N/A,N/A,N/A,0.5000359540409011,0.0,0.0,0.0,STARLINK-4743,0,N/A,N/A,0.0,0.07180632984361407,False,0.0,0.0,0.0,189.28977429554902,0.23661221786943626,Insufficient Energy for CPU,N/A,N/A,N/A
2876,CPU_Intensive,Rejected,286.45972046126707,N/A,N/A,N/A,0.1964079444489035,0.0,0.0,0.0,STARLINK-4743,0,N/A,N/A,0.0,0.075033351689381,False,0.0,0.0,0.0,189.28977429554902,0.23661221786943626,Insufficient Energy for CPU,N/A,N/A,N/A
2878,Generic_Service,Rejected,286.94475312877364,N/A,N/A,N/A,0.05574031176820637,0.0,0.0,0.0,STARLINK-4743,0,N/A,N/A,0.0,0.013129457921282579,False,0.0,0.0,0.0,189.28977429554902,0.23661221786943626,Insufficient Energy for CPU,N/A,N/A,N/A
2879,CPU_and_Data_Intensive,Rejected,287.11685918024176,N/A,N/A,N/A,0.4751581299907608,0.0,0.0,0.0,STARLINK-4743,0,N/A,N/A,0.0,1.2193274268313667,False,0.0,0.0,0.0,189.28977429554902,0.23661221786943626,Insufficient Energy for CPU+NET,N/A,N/A,N/A
2880,CPU_Intensive,Rejected,287.2191777597777,N/A,N/A,N/A,1.8829263796079836,0.0,0.0,0.0,STARLINK-4743,0,N/A,N/A,0.0,0.01510713869848433,False,0.0,0.0,0.0,189.28977429554902,0.23661221786943626,Insufficient Energy for CPU,N/A,N/A,N/A
2881,CPU_and_Data_Intensive,Rejected,287.28696452040026,N/A,N/A,N/A,0.08295825784325389,0.0,0.0,0.0,STARLINK-4743,0,N/A,N/A,0.0,1.4795808763176763,False,0.0,0.0,0.0,189.28977429554902,0.23661221786943626,Insufficient Energy for CPU+NET,N/A,N/A,N/A
2883,Generic_Service,Rejected,287.5133753740067,N/A,N/A,N/A,0.025298410740558427,0.0,0.0,0.0,STARLINK-4743,0,N/A,N/A,0.0,0.027296489119241187,False,0.0,0.0,0.0,189.28977429554902,0.23661221786943626,Insufficient Energy for CPU,N/A,N/A,N/A
2884,CPU_and_Data_Intensive,Rejected,287.5374289995547,N/A,N/A,N/A,1.1544500366355954,0.0,0.0,0.0,STARLINK-4743,0,N/A,N/A,0.0,3.529471428712707,False,0.0,0.0,0.0,189.28977429554902,0.23661221786943626,Insufficient Energy for CPU+NET,N/A,N/A,N/A
2885,CPU_and_Data_Intensive,Rejected,287.60592880778484,N/A,N/A,N/A,0.9716767665868394,0.0,0.0,0.0,STARLINK-4743,0,N/A,N/A,0.0,16.265295800462276,False,0.0,0.0,0.0,189.28977429554902,0.23661221786943626,Insufficient Energy for CPU+NET,N/A,N/A,N/A
2886,Generic_Service,Rejected,287.68143507788085,N/A,N/A,N/A,0.07353979269106369,0.0,0.0,0.0,STARLINK-4743,0,N/A,N/A,0.0,0.019365311900577747,False,0.0,0.0,0.0,189.28977429554902,0.23661221786943626,Insufficient Energy for CPU,N/A,N/A,N/A
2887,CPU_and_Data_Intensive,Rejected,287.7617585874204,N/A,N/A,N/A,0.05270602090435522,0.0,0.0,0.0,STARLINK-4743,0,N/A,N/A,0.0,1.54168040750173,False,0.0,0.0,0.0,189.28977429554902,0.23661221786943626,Insufficient Energy for CPU+NET,N/A,N/A,N/A
2888,CPU_and_Data_Intensive,Rejected,287.89440900808273,N/A,N/A,N/A,0.27130181107866125,0.0,0.0,0.0,STARLINK-4743,0,N/A,N/A,0.0,18.69742879028538,False,0.0,0.0,0.0,189.28977429554902,0.23661221786943626,Insufficient Energy for CPU+NET,N/A,N/A,N/A
2889,CPU_Intensive,Rejected,287.97951923505616,N/A,N/A,N/A,1.3474881637711644,0.0,0.0,0.0,STARLINK-4743,0,N/A,N/A,0.0,0.05084175610065346,False,0.0,0.0,0.0,189.28977429554902,0.23661221786943626,Insufficient Energy for CPU,N/A,N/A,N/A
2890,CPU_Intensive,Rejected,287.98050894494645,N/A,N/A,N/A,0.13786910255806015,0.0,0.0,0.0,STARLINK-4743,0,N/A,N/A,0.0,0.06023591184965536,False,0.0,0.0,0.0,189.28977429554902,0.23661221786943626,Insufficient Energy for CPU,N/A,N/A,N/A
2892,CPU_and_Data_Intensive,Rejected,288.11969806408825,N/A,N/A,N/A,0.2095037601742431,0.0,0.0,0.0,STARLINK-4743,0,N/A,N/A,0.0,21.14923006711107,False,0.0,0.0,0.0,189.28977429554902,0.23661221786943626,Insufficient Energy for CPU+NET,N/A,N/A,N/A
2893,CPU_and_Data_Intensive,Rejected,288.2068708596033,N/A,N/A,N/A,0.37844897645928766,0.0,0.0,0.0,STARLINK-4743,0,N/A,N/A,0.0,1.2126717179901312,False,0.0,0.0,0.0,189.28977429554902,0.23661221786943626,Insufficient Energy for CPU+NET,N/A,N/A,N/A
2894,Generic_Service,Rejected,288.29079512870175,N/A,N/A,N/A,0.08076137235226183,0.0,0.0,0.0,STARLINK-4743,0,N/A,N/A,0.0,0.032289703364731234,False,0.0,0.0,0.0,189.28977429554902,0.23661221786943626,Insufficient Energy for CPU,N/A,N/A,N/A
2895,CPU_and_Data_Intensive,Rejected,288.3221281906064,N/A,N/A,N/A,0.9134167304632317,0.0,0.0,0.0,STARLINK-4743,0,N/A,N/A,0.0,1.43784488164917,False,0.0,0.0,0.0,189.28977429554902,0.23661221786943626,Insufficient Energy for CPU+NET,N/A,N/A,N/A
2897,CPU_Intensive,Rejected,288.44165562671725,N/A,N/A,N/A,0.2615280367559935,0.0,0.0,0.0,STARLINK-4743,0,N/A,N/A,0.0,0.03025737244744823,False,0.0,0.0,0.0,189.28977429554902,0.23661221786943626,Insufficient Energy for CPU,N/A,N/A,N/A
2898,Generic_Service,Rejected,288.49034305644835,N/A,N/A,N/A,0.07350460254991432,0.0,0.0,0.0,STARLINK-4743,0,N/A,N/A,0.0,0.018838252004491084,False,0.0,0.0,0.0,189.28977429554902,0.23661221786943626,Insufficient Energy for CPU,N/A,N/A,N/A
2900,CPU_Intensive,Rejected,288.5951373311499,N/A,N/A,N/A,0.19803687526674757,0.0,0.0,0.0,STARLINK-4743,0,N/A,N/A,0.0,0.046244520155057596,False,0.0,0.0,0.0,189.28977429554902,0.23661221786943626,Insufficient Energy for CPU,N/A,N/A,N/A
2901,CPU_and_Data_Intensive,Rejected,288.61700792112947,N/A,N/A,N/A,0.045072556582343035,0.0,0.0,0.0,STARLINK-4743,0,N/A,N/A,0.0,0.4168151997184834,False,0.0,0.0,0.0,189.28977429554902,0.23661221786943626,Insufficient Energy for CPU+NET,N/A,N/A,N/A
2902,CPU_and_Data_Intensive,Rejected,288.64109143453163,N/A,N/A,N/A,1.4003020658506715,0.0,0.0,0.0,STARLINK-4743,0,N/A,N/A,0.0,4.408372320683894,False,0.0,0.0,0.0,189.28977429554902,0.23661221786943626,Insufficient Energy for CPU+NET,N/A,N/A,N/A
2904,Generic_Service,Rejected,288.90327952310173,N/A,N/A,N/A,0.040786702241659575,0.0,0.0,0.0,STARLINK-4743,0,N/A,N/A,0.0,0.08184726684370393,False,0.0,0.0,0.0,189.28977429554902,0.23661221786943626,Insufficient Energy for CPU,N/A,N/A,N/A
2905,CPU_and_Data_Intensive,Rejected,288.90808656386645,N/A,N/A,N/A,0.11497979847806847,0.0,0.0,0.0,STARLINK-4743,0,N/A,N/A,0.0,0.13047591080996576,False,0.0,0.0,0.0,189.28977429554902,0.23661221786943626,Insufficient Energy for CPU+NET,N/A,N/A,N/A
2906,Generic_Service,Rejected,288.98641490833626,N/A,N/A,N/A,0.16843207807381738,0.0,0.0,0.0,STARLINK-4743,0,N/A,N/A,0.0,0.01749276748149304,False,0.0,0.0,0.0,189.28977429554902,0.23661221786943626,Insufficient Energy for CPU,N/A,N/A,N/A
2907,CPU_and_Data_Intensive,Rejected,289.0497882503011,N/A,N/A,N/A,1.8465316750462248,0.0,0.0,0.0,STARLINK-4743,0,N/A,N/A,0.0,16.5273642846117,False,0.0,0.0,0.0,189.28977429554902,0.23661221786943626,Insufficient Energy for CPU+NET,N/A,N/A,N/A
2908,Generic_Service,Rejected,289.1547860639294,N/A,N/A,N/A,0.10511869710223293,0.0,0.0,0.0,STARLINK-4743,0,N/A,N/A,0.0,0.028114827877089202,False,0.0,0.0,0.0,189.28977429554902,0.23661221786943626,Insufficient Energy for CPU,N/A,N/A,N/A
2909,CPU_Intensive,Rejected,289.1892885695512,N/A,N/A,N/A,0.20339691668269338,0.0,0.0,0.0,STARLINK-4743,0,N/A,N/A,0.0,0.06409352993486846,False,0.0,0.0,0.0,189.28977429554902,0.23661221786943626,Insufficient Energy for CPU,N/A,N/A,N/A
2910,CPU_Intensive,Rejected,289.234907506013,N/A,N/A,N/A,1.6021041183632967,0.0,0.0,0.0,STARLINK-4743,0,N/A,N/A,0.0,0.07319358188841457,False,0.0,0.0,0.0,189.28977429554902,0.23661221786943626,Insufficient Energy for CPU,N/A,N/A,N/A
2911,CPU_Intensive,Rejected,289.2840022522209,N/A,N/A,N/A,1.2462118963199806,0.0,0.0,0.0,STARLINK-4743,0,N/A,N/A,0.0,0.04628362772520066,False,0.0,0.0,0.0,189.28977429554902,0.23661221786943626,Insufficient Energy for CPU,N/A,N/A,N/A
2912,CPU_and_Data_Intensive,Rejected,289.30111588374336,N/A,N/A,N/A,0.7818649964635044,0.0,0.0,0.0,STARLINK-4743,0,N/A,N/A,0.0,1.624861047196723,False,0.0,0.0,0.0,189.28977429554902,0.23661221786943626,Insufficient Energy for CPU+NET,N/A,N/A,N/A
2913,CPU_and_Data_Intensive,Rejected,289.30534663607506,N/A,N/A,N/A,0.06397719012396967,0.0,0.0,0.0,STARLINK-4743,0,N/A,N/A,0.0,16.44696276207636,False,0.0,0.0,0.0,189.28977429554902,0.23661221786943626,Insufficient Energy for CPU+NET,N/A,N/A,N/A
2915,CPU_and_Data_Intensive,Rejected,289.37202131638514,N/A,N/A,N/A,0.5831635101577566,0.0,0.0,0.0,STARLINK-4743,0,N/A,N/A,0.0,2.015167829061812,False,0.0,0.0,0.0,189.28977429554902,0.23661221786943626,Insufficient Energy for CPU+NET,N/A,N/A,N/A
2914,CPU_and_Data_Intensive,Rejected,289.343909145019,N/A,N/A,N/A,1.2185653978581379,0.0,0.0,0.0,STARLINK-4743,0,N/A,N/A,0.0,201.98648276773508,False,0.0,0.0,0.0,189.28977429554902,0.23661221786943626,Insufficient Energy for CPU+NET,N/A,N/A,N/A
2917,Generic_Service,Rejected,289.5207384907444,N/A,N/A,N/A,0.11270849769040253,0.0,0.0,0.0,STARLINK-4743,0,N/A,N/A,0.0,0.032446226075561295,False,0.0,0.0,0.0,189.28977429554902,0.23661221786943626,Insufficient Energy for CPU,N/A,N/A,N/A
2916,CPU_and_Data_Intensive,Rejected,289.5205605120087,N/A,N/A,N/A,1.0584353014409413,0.0,0.0,0.0,STARLINK-4743,0,N/A,N/A,0.0,2.183755160601706,False,0.0,0.0,0.0,189.28977429554902,0.23661221786943626,Insufficient Energy for CPU+NET,N/A,N/A,N/A
2918,CPU_Intensive,Rejected,289.8218084918713,N/A,N/A,N/A,0.3240166718523222,0.0,0.0,0.0,STARLINK-4743,0,N/A,N/A,0.0,0.0353703184269257,False,0.0,0.0,0.0,189.28977429554902,0.23661221786943626,Insufficient Energy for CPU,N/A,N/A,N/A
2919,CPU_and_Data_Intensive,Rejected,289.8774575314006,N/A,N/A,N/A,0.07419725405800127,0.0,0.0,0.0,STARLINK-4743,0,N/A,N/A,0.0,1.0528746420727646,False,0.0,0.0,0.0,189.28977429554902,0.23661221786943626,Insufficient Energy for CPU+NET,N/A,N/A,N/A
2920,CPU_and_Data_Intensive,Rejected,289.91799687027304,N/A,N/A,N/A,1.1418423583739186,0.0,0.0,0.0,STARLINK-4743,0,N/A,N/A,0.0,12.856826510043362,False,0.0,0.0,0.0,189.28977429554902,0.23661221786943626,Insufficient Energy for CPU+NET,N/A,N/A,N/A
2921,CPU_and_Data_Intensive,Rejected,290.04110438722046,N/A,N/A,N/A,0.346431633461645,0.0,0.0,0.0,STARLINK-4743,0,N/A,N/A,0.0,1.4081454301811571,False,0.0,0.0,0.0,189.28977429554902,0.23661221786943626,Insufficient Energy for CPU+NET,N/A,N/A,N/A
2922,Generic_Service,Rejected,290.2096762629707,N/A,N/A,N/A,0.18983756504064764,0.0,0.0,0.0,STARLINK-4743,0,N/A,N/A,0.0,0.055335253255500975,False,0.0,0.0,0.0,189.28977429554902,0.23661221786943626,Insufficient Energy for CPU,N/A,N/A,N/A
2924,CPU_Intensive,Rejected,290.4258603289285,N/A,N/A,N/A,1.3657191727605102,0.0,0.0,0.0,STARLINK-4743,0,N/A,N/A,0.0,0.08316033597997158,False,0.0,0.0,0.0,189.28977429554902,0.23661221786943626,Insufficient Energy for CPU,N/A,N/A,N/A
2926,Generic_Service,Rejected,290.62857609237665,N/A,N/A,N/A,0.1449110122498973,0.0,0.0,0.0,STARLINK-4743,0,N/A,N/A,0.0,0.03724169241938752,False,0.0,0.0,0.0,189.28977429554902,0.23661221786943626,Insufficient Energy for CPU,N/A,N/A,N/A
2927,CPU_Intensive,Rejected,290.7058943013488,N/A,N/A,N/A,0.7768744081991533,0.0,0.0,0.0,STARLINK-4743,0,N/A,N/A,0.0,0.02058032106084936,False,0.0,0.0,0.0,189.28977429554902,0.23661221786943626,Insufficient Energy for CPU,N/A,N/A,N/A
2928,CPU_Intensive,Rejected,290.71631591604785,N/A,N/A,N/A,0.6496367410765436,0.0,0.0,0.0,STARLINK-4743,0,N/A,N/A,0.0,0.06037529462699034,False,0.0,0.0,0.0,189.28977429554902,0.23661221786943626,Insufficient Energy for CPU,N/A,N/A,N/A
2929,Generic_Service,Rejected,290.7318256255622,N/A,N/A,N/A,0.06343341488198134,0.0,0.0,0.0,STARLINK-4743,0,N/A,N/A,0.0,0.07966114385380829,False,0.0,0.0,0.0,189.28977429554902,0.23661221786943626,Insufficient Energy for CPU,N/A,N/A,N/A
2930,CPU_Intensive,Rejected,290.7402770201338,N/A,N/A,N/A,0.494773817798386,0.0,0.0,0.0,STARLINK-4743,0,N/A,N/A,0.0,0.048464246167783546,False,0.0,0.0,0.0,189.28977429554902,0.23661221786943626,Insufficient Energy for CPU,N/A,N/A,N/A
2931,CPU_and_Data_Intensive,Rejected,290.7993512793176,N/A,N/A,N/A,0.23405202927518046,0.0,0.0,0.0,STARLINK-4743,0,N/A,N/A,0.0,0.9857700116288138,False,0.0,0.0,0.0,189.28977429554902,0.23661221786943626,Insufficient Energy for CPU+NET,N/A,N/A,N/A
2932,CPU_Intensive,Rejected,290.9488476681415,N/A,N/A,N/A,0.8267159290179762,0.0,0.0,0.0,STARLINK-4743,0,N/A,N/A,0.0,0.04912534885980467,False,0.0,0.0,0.0,189.28977429554902,0.23661221786943626,Insufficient Energy for CPU,N/A,N/A,N/A
2933,CPU_and_Data_Intensive,Rejected,290.9519381390183,N/A,N/A,N/A,0.07999621234133379,0.0,0.0,0.0,STARLINK-4743,0,N/A,N/A,0.0,1.0723468166742252,False,0.0,0.0,0.0,189.28977429554902,0.23661221786943626,Insufficient Energy for CPU+NET,N/A,N/A,N/A
2934,CPU_Intensive,Rejected,290.97404086351014,N/A,N/A,N/A,2.0956796438623138,0.0,0.0,0.0,STARLINK-4743,0,N/A,N/A,0.0,0.03253438964856469,False,0.0,0.0,0.0,189.28977429554902,0.23661221786943626,Insufficient Energy for CPU,N/A,N/A,N/A
2935,CPU_Intensive,Rejected,291.03341636904145,N/A,N/A,N/A,1.2747992123360807,0.0,0.0,0.0,STARLINK-4743,0,N/A,N/A,0.0,0.0217423413572174,False,0.0,0.0,0.0,189.28977429554902,0.23661221786943626,Insufficient Energy for CPU,N/A,N/A,N/A
2937,Generic_Service,Rejected,291.64553132726826,N/A,N/A,N/A,0.09583942418568583,0.0,0.0,0.0,STARLINK-4743,0,N/A,N/A,0.0,0.02926651019078627,False,0.0,0.0,0.0,189.28977429554902,0.23661221786943626,Insufficient Energy for CPU,N/A,N/A,N/A
2938,CPU_Intensive,Rejected,291.7603916676686,N/A,N/A,N/A,0.4556090056918821,0.0,0.0,0.0,STARLINK-4743,0,N/A,N/A,0.0,0.06188121191618628,False,0.0,0.0,0.0,189.28977429554902,0.23661221786943626,Insufficient Energy for CPU,N/A,N/A,N/A
2939,CPU_and_Data_Intensive,Rejected,291.84509722921223,N/A,N/A,N/A,1.206944296867643,0.0,0.0,0.0,STARLINK-4743,0,N/A,N/A,0.0,0.6195829442945431,False,0.0,0.0,0.0,189.28977429554902,0.23661221786943626,Insufficient Energy for CPU+NET,N/A,N/A,N/A
2940,CPU_Intensive,Rejected,291.85295220739374,N/A,N/A,N/A,0.3275500136932922,0.0,0.0,0.0,STARLINK-4743,0,N/A,N/A,0.0,0.019623881104639085,False,0.0,0.0,0.0,189.28977429554902,0.23661221786943626,Insufficient Energy for CPU,N/A,N/A,N/A
2941,Generic_Service,Rejected,292.1119192773847,N/A,N/A,N/A,0.0677388181448435,0.0,0.0,0.0,STARLINK-4743,0,N/A,N/A,0.0,0.057052562885159516,False,0.0,0.0,0.0,189.28977429554902,0.23661221786943626,Insufficient Energy for CPU,N/A,N/A,N/A
2942,CPU_and_Data_Intensive,Rejected,292.13414583160795,N/A,N/A,N/A,0.6795260373533643,0.0,0.0,0.0,STARLINK-4743,0,N/A,N/A,0.0,13.52610551391341,False,0.0,0.0,0.0,189.28977429554902,0.23661221786943626,Insufficient Energy for CPU+NET,N/A,N/A,N/A
2943,Generic_Service,Rejected,292.1471396567216,N/A,N/A,N/A,0.07036850483098539,0.0,0.0,0.0,STARLINK-4743,0,N/A,N/A,0.0,0.06223765820787614,False,0.0,0.0,0.0,189.28977429554902,0.23661221786943626,Insufficient Energy for CPU,N/A,N/A,N/A
2945,CPU_and_Data_Intensive,Rejected,292.8019517039148,N/A,N/A,N/A,0.3922721071715217,0.0,0.0,0.0,STARLINK-4743,0,N/A,N/A,0.0,134.86645416319524,False,0.0,0.0,0.0,189.28977429554902,0.23661221786943626,Insufficient Energy for CPU+NET,N/A,N/A,N/A
2946,CPU_and_Data_Intensive,Rejected,292.95922184425075,N/A,N/A,N/A,1.287711726077355,0.0,0.0,0.0,STARLINK-4743,0,N/A,N/A,0.0,0.9219951724580917,False,0.0,0.0,0.0,189.28977429554902,0.23661221786943626,Insufficient Energy for CPU+NET,N/A,N/A,N/A
2948,Generic_Service,Rejected,293.07569712224506,N/A,N/A,N/A,0.12585216215043202,0.0,0.0,0.0,STARLINK-4743,0,N/A,N/A,0.0,0.014441413543218705,False,0.0,0.0,0.0,189.28977429554902,0.23661221786943626,Insufficient Energy for CPU,N/A,N/A,N/A
2949,CPU_and_Data_Intensive,Rejected,293.2446203870873,N/A,N/A,N/A,0.31362569587352096,0.0,0.0,0.0,STARLINK-4743,0,N/A,N/A,0.0,0.22112930388349103,False,0.0,0.0,0.0,189.28977429554902,0.23661221786943626,Insufficient Energy for CPU+NET,N/A,N/A,N/A
2950,CPU_Intensive,Rejected,293.3223237491033,N/A,N/A,N/A,0.2889746092628925,0.0,0.0,0.0,STARLINK-4743,0,N/A,N/A,0.0,0.0278807302538992,False,0.0,0.0,0.0,189.28977429554902,0.23661221786943626,Insufficient Energy for CPU,N/A,N/A,N/A
2951,CPU_Intensive,Rejected,293.3414452313082,N/A,N/A,N/A,0.9407416949617194,0.0,0.0,0.0,STARLINK-4743,0,N/A,N/A,0.0,0.059189574892819626,False,0.0,0.0,0.0,189.28977429554902,0.23661221786943626,Insufficient Energy for CPU,N/A,N/A,N/A
2953,CPU_Intensive,Rejected,294.1145607703611,N/A,N/A,N/A,0.7927448601900151,0.0,0.0,0.0,STARLINK-4743,0,N/A,N/A,0.0,0.021783380636625674,False,0.0,0.0,0.0,189.28977429554902,0.23661221786943626,Insufficient Energy for CPU,N/A,N/A,N/A
2954,CPU_and_Data_Intensive,Rejected,294.13576425661233,N/A,N/A,N/A,0.5186730005711974,0.0,0.0,0.0,STARLINK-4743,0,N/A,N/A,0.0,0.8360693928822496,False,0.0,0.0,0.0,189.28977429554902,0.23661221786943626,Insufficient Energy for CPU+NET,N/A,N/A,N/A
2955,CPU_and_Data_Intensive,Rejected,294.24072770869026,N/A,N/A,N/A,1.2316293514049663,0.0,0.0,0.0,STARLINK-4743,0,N/A,N/A,0.0,163.6218470931071,False,0.0,0.0,0.0,189.28977429554902,0.23661221786943626,Insufficient Energy for CPU+NET,N/A,N/A,N/A
2956,CPU_and_Data_Intensive,Rejected,294.2995640934431,N/A,N/A,N/A,0.6533264027488767,0.0,0.0,0.0,STARLINK-4743,0,N/A,N/A,0.0,1.117381016334797,False,0.0,0.0,0.0,189.28977429554902,0.23661221786943626,Insufficient Energy for CPU+NET,N/A,N/A,N/A
2957,CPU_and_Data_Intensive,Rejected,294.3389533756804,N/A,N/A,N/A,1.3057003311887696,0.0,0.0,0.0,STARLINK-4743,0,N/A,N/A,0.0,14.31920085199138,False,0.0,0.0,0.0,189.28977429554902,0.23661221786943626,Insufficient Energy for CPU+NET,N/A,N/A,N/A
2958,CPU_and_Data_Intensive,Rejected,294.4857693777692,N/A,N/A,N/A,0.15189579251703966,0.0,0.0,0.0,STARLINK-4743,0,N/A,N/A,0.0,0.13280028118941514,False,0.0,0.0,0.0,189.28977429554902,0.23661221786943626,Insufficient Energy for CPU+NET,N/A,N/A,N/A
2959,CPU_and_Data_Intensive,Rejected,294.5396861600505,N/A,N/A,N/A,0.0799664609509419,0.0,0.0,0.0,STARLINK-4743,0,N/A,N/A,0.0,1.991209730792996,False,0.0,0.0,0.0,189.28977429554902,0.23661221786943626,Insufficient Energy for CPU+NET,N/A,N/A,N/A
2960,CPU_and_Data_Intensive,Rejected,294.58642190572374,N/A,N/A,N/A,1.1632698696061825,0.0,0.0,0.0,STARLINK-4743,0,N/A,N/A,0.0,320.5674755055345,False,0.0,0.0,0.0,189.28977429554902,0.23661221786943626,Insufficient Energy for CPU+NET,N/A,N/A,N/A
2961,CPU_and_Data_Intensive,Rejected,294.7130817964544,N/A,N/A,N/A,0.040412368438696514,0.0,0.0,0.0,STARLINK-4743,0,N/A,N/A,0.0,2.0033490521830584,False,0.0,0.0,0.0,189.28977429554902,0.23661221786943626,Insufficient Energy for CPU+NET,N/A,N/A,N/A
2962,CPU_and_Data_Intensive,Rejected,294.81648738671794,N/A,N/A,N/A,0.19730899779146538,0.0,0.0,0.0,STARLINK-4743,0,N/A,N/A,0.0,6.9213455344013735,False,0.0,0.0,0.0,189.28977429554902,0.23661221786943626,Insufficient Energy for CPU+NET,N/A,N/A,N/A
2963,Generic_Service,Rejected,294.844862237515,N/A,N/A,N/A,0.025985829547297654,0.0,0.0,0.0,STARLINK-4743,0,N/A,N/A,0.0,0.04430613564656273,False,0.0,0.0,0.0,189.28977429554902,0.23661221786943626,Insufficient Energy for CPU,N/A,N/A,N/A
2964,Generic_Service,Rejected,294.9404482287219,N/A,N/A,N/A,0.04410993480825288,0.0,0.0,0.0,STARLINK-4743,0,N/A,N/A,0.0,0.023020892610154352,False,0.0,0.0,0.0,189.28977429554902,0.23661221786943626,Insufficient Energy for CPU,N/A,N/A,N/A
2965,CPU_Intensive,Rejected,295.03413516062,N/A,N/A,N/A,0.5145389023738721,0.0,0.0,0.0,STARLINK-4743,0,N/A,N/A,0.0,0.01437617962379448,False,0.0,0.0,0.0,189.28977429554902,0.23661221786943626,Insufficient Energy for CPU,N/A,N/A,N/A
2968,Generic_Service,Rejected,295.11121080917997,N/A,N/A,N/A,0.04398626191639013,0.0,0.0,0.0,STARLINK-4743,0,N/A,N/A,0.0,0.07786640704153774,False,0.0,0.0,0.0,189.28977429554902,0.23661221786943626,Insufficient Energy for CPU,N/A,N/A,N/A
2969,CPU_Intensive,Rejected,295.1266259797679,N/A,N/A,N/A,1.0898755264534459,0.0,0.0,0.0,STARLINK-4743,0,N/A,N/A,0.0,0.03928526210946473,False,0.0,0.0,0.0,189.28977429554902,0.23661221786943626,Insufficient Energy for CPU,N/A,N/A,N/A
2967,CPU_and_Data_Intensive,Rejected,295.0602141772121,N/A,N/A,N/A,1.0145457085364797,0.0,0.0,0.0,STARLINK-4743,0,N/A,N/A,0.0,287.36822083434515,False,0.0,0.0,0.0,189.28977429554902,0.23661221786943626,Insufficient Energy for CPU+NET,N/A,N/A,N/A
2970,CPU_Intensive,Rejected,295.24919654869194,N/A,N/A,N/A,0.9038904745198361,0.0,0.0,0.0,STARLINK-4743,0,N/A,N/A,0.0,0.021551473226209233,False,0.0,0.0,0.0,189.28977429554902,0.23661221786943626,Insufficient Energy for CPU,N/A,N/A,N/A
2971,CPU_Intensive,Rejected,295.25417440506993,N/A,N/A,N/A,0.9319651011327776,0.0,0.0,0.0,STARLINK-4743,0,N/A,N/A,0.0,0.061564504998730084,False,0.0,0.0,0.0,189.28977429554902,0.23661221786943626,Insufficient Energy for CPU,N/A,N/A,N/A
2972,CPU_Intensive,Rejected,295.41490551377785,N/A,N/A,N/A,0.9530460173659874,0.0,0.0,0.0,STARLINK-4743,0,N/A,N/A,0.0,0.024322782207225696,False,0.0,0.0,0.0,189.28977429554902,0.23661221786943626,Insufficient Energy for CPU,N/A,N/A,N/A
2973,CPU_and_Data_Intensive,Rejected,295.492732514133,N/A,N/A,N/A,0.2712174980287543,0.0,0.0,0.0,STARLINK-4743,0,N/A,N/A,0.0,0.3020740837629078,False,0.0,0.0,0.0,189.28977429554902,0.23661221786943626,Insufficient Energy for CPU+NET,N/A,N/A,N/A
2974,Generic_Service,Rejected,295.66431832681036,N/A,N/A,N/A,0.03125089787447511,0.0,0.0,0.0,STARLINK-4743,0,N/A,N/A,0.0,0.06477622415340892,False,0.0,0.0,0.0,189.28977429554902,0.23661221786943626,Insufficient Energy for CPU,N/A,N/A,N/A
2975,CPU_and_Data_Intensive,Rejected,295.7940421260175,N/A,N/A,N/A,0.29881051460235486,0.0,0.0,0.0,STARLINK-4743,0,N/A,N/A,0.0,12.675960970241174,False,0.0,0.0,0.0,189.28977429554902,0.23661221786943626,Insufficient Energy for CPU+NET,N/A,N/A,N/A
2976,CPU_Intensive,Rejected,296.06520721414944,N/A,N/A,N/A,0.3302438383895296,0.0,0.0,0.0,STARLINK-4743,0,N/A,N/A,0.0,0.055196375560194605,False,0.0,0.0,0.0,189.28977429554902,0.23661221786943626,Insufficient Energy for CPU,N/A,N/A,N/A
2977,CPU_Intensive,Rejected,296.09770482701464,N/A,N/A,N/A,0.10917025516152025,0.0,0.0,0.0,STARLINK-4743,0,N/A,N/A,0.0,0.051414171972202494,False,0.0,0.0,0.0,189.28977429554902,0.23661221786943626,Insufficient Energy for CPU,N/A,N/A,N/A
2978,CPU_and_Data_Intensive,Rejected,296.10009346364177,N/A,N/A,N/A,0.6587017349437685,0.0,0.0,0.0,STARLINK-4743,0,N/A,N/A,0.0,0.10771739009882803,False,0.0,0.0,0.0,189.28977429554902,0.23661221786943626,Insufficient Energy for CPU+NET,N/A,N/A,N/A
2979,CPU_and_Data_Intensive,Rejected,296.19828477923505,N/A,N/A,N/A,1.0327569878315044,0.0,0.0,0.0,STARLINK-4743,0,N/A,N/A,0.0,0.7489747403451876,False,0.0,0.0,0.0,189.28977429554902,0.23661221786943626,Insufficient Energy for CPU+NET,N/A,N/A,N/A
2980,CPU_Intensive,Rejected,296.2233677514622,N/A,N/A,N/A,0.4127375747774498,0.0,0.0,0.0,STARLINK-4743,0,N/A,N/A,0.0,0.06682016282578405,False,0.0,0.0,0.0,189.28977429554902,0.23661221786943626,Insufficient Energy for CPU,N/A,N/A,N/A
2981,CPU_Intensive,Rejected,296.27573624356114,N/A,N/A,N/A,0.3788099699557682,0.0,0.0,0.0,STARLINK-4743,0,N/A,N/A,0.0,0.08293537257232929,False,0.0,0.0,0.0,189.28977429554902,0.23661221786943626,Insufficient Energy for CPU,N/A,N/A,N/A
2982,CPU_and_Data_Intensive,Rejected,296.57686566325657,N/A,N/A,N/A,0.04658209593910367,0.0,0.0,0.0,STARLINK-4743,0,N/A,N/A,0.0,1.7191416909314519,False,0.0,0.0,0.0,189.28977429554902,0.23661221786943626,Insufficient Energy for CPU+NET,N/A,N/A,N/A
2983,CPU_Intensive,Rejected,296.6931444587979,N/A,N/A,N/A,0.4317601552075984,0.0,0.0,0.0,STARLINK-4743,0,N/A,N/A,0.0,0.02473889467122682,False,0.0,0.0,0.0,189.28977429554902,0.23661221786943626,Insufficient Energy for CPU,N/A,N/A,N/A
2984,CPU_Intensive,Rejected,296.81459900577767,N/A,N/A,N/A,0.5761800224553707,0.0,0.0,0.0,STARLINK-4743,0,N/A,N/A,0.0,0.031182231169562313,False,0.0,0.0,0.0,189.28977429554902,0.23661221786943626,Insufficient Energy for CPU,N/A,N/A,N/A
2985,Generic_Service,Rejected,296.8307347384309,N/A,N/A,N/A,0.043031750989907185,0.0,0.0,0.0,STARLINK-4743,0,N/A,N/A,0.0,0.03127841155047902,False,0.0,0.0,0.0,189.28977429554902,0.23661221786943626,Insufficient Energy for CPU,N/A,N/A,N/A
2986,CPU_and_Data_Intensive,Rejected,296.9893617276003,N/A,N/A,N/A,0.37406916334395157,0.0,0.0,0.0,STARLINK-4743,0,N/A,N/A,0.0,3.4131828003097255,False,0.0,0.0,0.0,189.28977429554902,0.23661221786943626,Insufficient Energy for CPU+NET,N/A,N/A,N/A
2987,Generic_Service,Rejected,297.0255784970645,N/A,N/A,N/A,0.0755540790555044,0.0,0.0,0.0,STARLINK-4743,0,N/A,N/A,0.0,0.03490382682387831,False,0.0,0.0,0.0,189.28977429554902,0.23661221786943626,Insufficient Energy for CPU,N/A,N/A,N/A
2988,CPU_and_Data_Intensive,Rejected,297.1501904115705,N/A,N/A,N/A,0.20349410506025872,0.0,0.0,0.0,STARLINK-4743,0,N/A,N/A,0.0,7.777609417764682,False,0.0,0.0,0.0,189.28977429554902,0.23661221786943626,Insufficient Energy for CPU+NET,N/A,N/A,N/A
2989,CPU_Intensive,Rejected,297.16056437826353,N/A,N/A,N/A,0.671116184169513,0.0,0.0,0.0,STARLINK-4743,0,N/A,N/A,0.0,0.05751324932754455,False,0.0,0.0,0.0,189.28977429554902,0.23661221786943626,Insufficient Energy for CPU,N/A,N/A,N/A
2990,CPU_Intensive,Rejected,297.35937132522673,N/A,N/A,N/A,0.19897337254218156,0.0,0.0,0.0,STARLINK-4743,0,N/A,N/A,0.0,0.06336823698160805,False,0.0,0.0,0.0,189.28977429554902,0.23661221786943626,Insufficient Energy for CPU,N/A,N/A,N/A
2991,Generic_Service,Rejected,297.4155808993987,N/A,N/A,N/A,0.050812738301603634,0.0,0.0,0.0,STARLINK-4743,0,N/A,N/A,0.0,0.062037593163843184,False,0.0,0.0,0.0,189.28977429554902,0.23661221786943626,Insufficient Energy for CPU,N/A,N/A,N/A
2992,CPU_and_Data_Intensive,Rejected,297.4959350965105,N/A,N/A,N/A,0.11046341184540437,0.0,0.0,0.0,STARLINK-4743,0,N/A,N/A,0.0,15.00142028589105,False,0.0,0.0,0.0,189.28977429554902,0.23661221786943626,Insufficient Energy for CPU+NET,N/A,N/A,N/A
2993,CPU_Intensive,Rejected,297.551656760302,N/A,N/A,N/A,0.06082635561251391,0.0,0.0,0.0,STARLINK-4743,0,N/A,N/A,0.0,0.07134569847055952,False,0.0,0.0,0.0,189.28977429554902,0.23661221786943626,Insufficient Energy for CPU,N/A,N/A,N/A
2996,CPU_Intensive,Rejected,298.19649307893445,N/A,N/A,N/A,0.15741930998412962,0.0,0.0,0.0,STARLINK-4743,0,N/A,N/A,0.0,0.0862826646244176,False,0.0,0.0,0.0,189.28977429554902,0.23661221786943626,Insufficient Energy for CPU,N/A,N/A,N/A
2997,CPU_Intensive,Rejected,298.2990572752858,N/A,N/A,N/A,0.05073629227738044,0.0,0.0,0.0,STARLINK-4743,0,N/A,N/A,0.0,0.03320799207859565,False,0.0,0.0,0.0,189.28977429554902,0.23661221786943626,Insufficient Energy for CPU,N/A,N/A,N/A
2998,CPU_and_Data_Intensive,Rejected,298.3418122046597,N/A,N/A,N/A,1.4092883958673417,0.0,0.0,0.0,STARLINK-4743,0,N/A,N/A,0.0,7.602465325260511,False,0.0,0.0,0.0,189.28977429554902,0.23661221786943626,Insufficient Energy for CPU+NET,N/A,N/A,N/A
3000,CPU_Intensive,Rejected,299.1557504472156,N/A,N/A,N/A,0.253354182257782,0.0,0.0,0.0,STARLINK-4743,0,N/A,N/A,0.0,0.018725416091472095,False,0.0,0.0,0.0,189.28977429554902,0.23661221786943626,Insufficient Energy for CPU,N/A,N/A,N/A
3002,CPU_Intensive,Rejected,299.37192087965957,N/A,N/A,N/A,0.343517221997399,0.0,0.0,0.0,STARLINK-4743,0,N/A,N/A,0.0,0.03256843230985267,False,0.0,0.0,0.0,189.28977429554902,0.23661221786943626,Insufficient Energy for CPU,N/A,N/A,N/A
3003,Generic_Service,Rejected,299.42438723776337,N/A,N/A,N/A,0.031501870271314666,0.0,0.0,0.0,STARLINK-4743,0,N/A,N/A,0.0,0.055998459785505446,False,0.0,0.0,0.0,189.28977429554902,0.23661221786943626,Insufficient Energy for CPU,N/A,N/A,N/A
3004,CPU_and_Data_Intensive,Rejected,299.46981475365664,N/A,N/A,N/A,0.3020171848619321,0.0,0.0,0.0,STARLINK-4743,0,N/A,N/A,0.0,17.65367706301903,False,0.0,0.0,0.0,189.28977429554902,0.23661221786943626,Insufficient Energy for CPU+NET,N/A,N/A,N/A
3005,CPU_and_Data_Intensive,Rejected,299.5018881722903,N/A,N/A,N/A,0.8950926023599414,0.0,0.0,0.0,STARLINK-4743,0,N/A,N/A,0.0,347.64151079774064,False,0.0,0.0,0.0,189.28977429554902,0.23661221786943626,Insufficient Energy for CPU+NET,N/A,N/A,N/A
3007,CPU_Intensive,Rejected,299.69963315840914,N/A,N/A,N/A,0.185346092457258,0.0,0.0,0.0,STARLINK-4743,0,N/A,N/A,0.0,0.07501948665657962,False,0.0,0.0,0.0,189.28977429554902,0.23661221786943626,Insufficient Energy for CPU,N/A,N/A,N/A
3008,Generic_Service,Rejected,299.75112877174865,N/A,N/A,N/A,0.0866626879624764,0.0,0.0,0.0,STARLINK-4743,0,N/A,N/A,0.0,0.04267655759467194,False,0.0,0.0,0.0,189.28977429554902,0.23661221786943626,Insufficient Energy for CPU,N/A,N/A,N/A
3009,Generic_Service,Rejected,299.80474870522465,N/A,N/A,N/A,0.020045415116851914,0.0,0.0,0.0,STARLINK-4743,0,N/A,N/A,0.0,0.07003734604662941,False,0.0,0.0,0.0,189.28977429554902,0.23661221786943626,Insufficient Energy for CPU,N/A,N/A,N/A
13000,Batch,Completed,0,0,0.0,0.00810505609532637,0.00810505609532637,0.00810505609532637,0.00810505609532637,0.0,STARLINK-34101,0,N/A,0,0.0,17.425870604951694,False,0.0,0.00810505609532637,0.00810505609532637,80000,100.0,N/A,N/A,N/A,N/A
12000,Batch,Completed,0,0,0.0,0.07058487121186342,0.07058487121186342,0.07058487121186342,0.07058487121186342,0.0,STARLINK-34101,0,N/A,0,0.0,151.75747310550636,False,0.0,0.07058487121186342,0.07058487121186342,79999.9918949439,99.99998986867988,N/A,N/A,N/A,N/A
16,Generic_Service,Completed,3.052698649257856,3.0546636465844776,3.0546636465844776,3.1675612080377364,0.1128975614532588,0.11486255877988076,0.11486255877988061,0.0,STARLINK-34101,1,1,3,0.0019649973266219574,0.035071633354779266,False,1100.0233486097602,1.6312387606874076e-05,1100.0233649221477,78899.89796146294,98.62487245182867,N/A,3.052698649257856,3.214543002087855,0.16184435282999932
46,Generic_Service,Completed,5.752395269846603,5.754355982253951,5.754355982253951,5.82161782086922,0.06726183861526902,0.06922255102261732,0.06922255102261765,0.0,STARLINK-34101,1,1,3,0.001960712407348299,0.02216631726386934,False,654.99464646697,1.0309915006450856e-05,654.994656776885,78244.90331499597,97.80612914374497,N/A,5.752395269846603,5.835447473864743,0.08305220401814051
54,CPU_and_Data_Intensive,Completed,6.4830091722443886,6.531521677428571,6.531521677428571,6.9616391194203615,0.4301174419917908,0.4786299471759733,0.47862994717597296,0.0,STARLINK-34101,1,1,4,0.048512505184182486,140.22681476346492,False,3588.7804834675608,0.06522177430858833,3588.8457052418694,74656.0576097541,93.32007201219264,N/A,6.4830091722443886,7.050463076076205,0.567453903831816
82,CPU_Intensive,Completed,9.88744872692935,9.889406388066535,9.889406388066535,11.571702183691237,1.682295795624702,1.684253456761887,1.684253456761887,0.0,STARLINK-34101,1,1,3,0.001957661137184882,0.01297650447562437,False,16541.701240323546,6.035583477034591e-06,16541.70124635913,58114.35636943056,72.6429454617882,N/A,9.88744872692935,11.586768155689619,1.699319428760269
96,CPU_and_Data_Intensive,Completed,11.357539756460799,11.359948684887671,11.359948684887671,12.331876907342394,0.9719282224547232,0.974337150881595,0.9743371508815954,0.0,STARLINK-34101,1,1,5,0.002408928426871813,1.3721029297271,False,9552.721586665317,0.0006381874091753953,9552.722224852727,48561.63414457784,60.7020426807223,N/A,11.357539756460799,12.394572646138117,1.0370328896773184
275,CPU_Intensive,Completed,28.538539161382328,28.540515952212864,28.540515952212864,28.57881839924448,0.03830244703161512,0.04027923786215227,0.04027923786215126,0.0,STARLINK-34101,1,1,3,0.0019767908305371516,0.07059129804966018,False,355.9079837857893,3.283316188356287e-05,355.9080166189512,48205.72616079205,60.257157700990064,N/A,28.538539161382328,28.67112655719795,0.13258739581562295
278,Generic_Service,Completed,28.88303458349175,28.885007707596042,28.885007707596042,28.97419296636854,0.08918525877249905,0.09115838287679139,0.09115838287679168,0.0,STARLINK-34101,1,1,3,0.0019731241042923336,0.05954785517802455,False,859.5988200672357,2.7696676826988163e-05,859.5988477639125,47346.127340724815,59.18265917590602,N/A,28.88303458349175,29.07483331144212,0.19179872795037056
287,Generic_Service,Completed,30.287044561727736,30.289019194613314,30.289019194613314,30.34605249664131,0.05703330202799606,0.05900793491357343,0.05900793491357348,0.0,STARLINK-34101,1,1,3,0.0019746328855773715,0.06409200132219306,False,542.04259805106,2.981023317311305e-05,542.0426278612932,46804.08474267375,58.505105928342196,N/A,30.287044561727736,30.384070590570285,0.0970260288425493
291,Generic_Service,Completed,30.835237997025157,30.837218571967522,30.837218571967522,30.932589000259263,0.0953704282917407,0.09735100323410761,0.09735100323410606,0.0,STARLINK-34101,1,1,3,0.0019805749423669246,0.08198828272257787,False,913.8183708356156,3.813408498724552e-05,913.8184089697006,45890.26637183814,57.362832964797676,N/A,30.835237997025157,30.986469136940304,0.15123113991514714
297,Generic_Service,Completed,31.80206912893772,31.80403832678575,31.80403832678575,31.97545155437027,0.1714132275845195,0.17338242543255075,0.17338242543254978,0.0,STARLINK-34101,1,1,3,0.0019691978480312557,0.04772276003221386,False,1671.8023056902614,2.2196632573122724e-05,1671.8023278868939,44218.46406614788,55.27308008268484,N/A,31.80206912893772,31.992196142430267,0.19012701349254613
299,CPU_and_Data_Intensive,Completed,31.963981552952184,31.966423203615573,31.966423203615573,33.278321732691445,1.3118985290758722,1.3143401797392613,1.3143401797392613,0.0,STARLINK-34101,1,1,5,0.002441650663388975,1.470655732822263,False,12895.90816036422,0.000684025922242913,12895.908844390144,31322.555221757735,39.153194027197166,N/A,31.963981552952184,33.30612602703111,1.3421444740789283
410,CPU_Intensive,Completed,43.06596036079386,43.067928061886455,43.067928061886455,43.93091882818546,0.8629907662990064,0.8649584673916001,0.8649584673916024,0.0,STARLINK-34101,1,1,3,0.001967701092593692,0.04321483332486765,False,8474.855545741533,2.009992247668263e-05,8474.855565841455,22847.6996760162,28.55962459502025,N/A,43.06596036079386,43.9998651704202,0.9339048096263411
474,CPU_and_Data_Intensive,Completed,48.92056852644257,48.98952679266929,48.98952679266929,49.60907209261299,0.6195452999437023,0.6885035661704177,0.688503566170418,0.0,STARLINK-34101,1,1,4,0.06895826622671537,201.80533984681836,False,5170.131436166868,0.09386294876596203,5170.225299115635,17677.474376900565,22.096842971125707,N/A,48.92056852644257,49.642841116899405,0.7222725904568321
509,CPU_and_Data_Intensive,Completed,52.523506086541616,52.52555915461047,52.52555915461047,52.63833865965797,0.11277950504749867,0.1148325731163496,0.11483257311635242,0.0,STARLINK-34101,1,1,4,0.0020530680688509335,0.30032301715872084,False,1107.8223810340241,0.00013968512425987015,1107.8225207191483,16569.651856181415,20.712064820226768,N/A,52.523506086541616,52.66775374062377,0.14424765408215734
513,CPU_Intensive,Completed,52.628767699058706,52.63073870043821,52.63073870043821,52.917083020100186,0.2863443196619784,0.28831532104148366,0.2883153210414804,0.0,STARLINK-34101,1,1,4,0.0019710013795053,0.0531546345357865,False,2800.5590316045354,2.472308583059837e-05,2800.5590563276214,13769.092824576881,17.211366030721102,N/A,52.628767699058706,52.97115826862311,0.34239056956440095
567,CPU_and_Data_Intensive,Completed,57.807114208442,57.89849453267492,57.89849453267492,58.71008294652485,0.8115884138499325,0.9029687380828468,0.9029687380828477,0.0,STARLINK-34101,1,1,4,0.09138032423291437,269.33607438308013,False,6749.975520251844,0.12527259273631633,6750.10079284458,7018.992031732301,8.773740039665377,N/A,57.807114208442,58.71210085582352,0.90498664738152
577,CPU_and_Data_Intensive,Completed,58.47915766920929,58.481267361472966,58.481267361472966,59.06947399415758,0.5882066326846171,0.5903163249482869,0.5903163249482901,0.0,STARLINK-34101,1,1,5,0.0021096922636697256,0.4708637171952756,False,5782.909211282013,0.00021900638009082586,5782.909430288392,1236.0826014439085,1.5451032518048857,N/A,58.47915766920929,59.115575482632806,0.6364178134235132
820,CPU_and_Data_Intensive,Completed,82.73700581002065,82.7396437112468,82.7396437112468,82.84980083906667,0.11015712781987475,0.1127950290460311,0.11279502904602623,0.0,STARLINK-34101,1,1,4,0.0026379012261563573,2.061723004754752,False,1073.9736221583705,0.0009589409324440707,1073.974581099303,162.10802034460556,0.20263502543075695,N/A,82.73700581002065,82.91750481361312,0.18049900359247317
1279,CPU_and_Data_Intensive,Rejected,129.9260431305903,N/A,N/A,N/A,0.022533492553429582,0.0,0.0,0.0,STARLINK-34101,0,N/A,N/A,0.0,1.6881820267584613,False,0.0,0.0,0.0,162.10802034460556,0.20263502543075695,Insufficient Energy for CPU+NET,N/A,N/A,N/A
1832,CPU_and_Data_Intensive,Rejected,187.13430887492143,N/A,N/A,N/A,0.2753027305147098,0.0,0.0,0.0,STARLINK-34101,0,N/A,N/A,0.0,148.1072192669062,False,0.0,0.0,0.0,162.10802034460556,0.20263502543075695,Insufficient Energy for CPU+NET,N/A,N/A,N/A
1843,CPU_and_Data_Intensive,Rejected,188.19630323975665,N/A,N/A,N/A,0.26109998948104446,0.0,0.0,0.0,STARLINK-34101,0,N/A,N/A,0.0,145.34902812347894,False,0.0,0.0,0.0,162.10802034460556,0.20263502543075695,Insufficient Energy for CPU+NET,N/A,N/A,N/A
1973,CPU_and_Data_Intensive,Rejected,198.73809863397852,N/A,N/A,N/A,0.2962113995503439,0.0,0.0,0.0,STARLINK-34101,0,N/A,N/A,0.0,163.74635170116255,False,0.0,0.0,0.0,162.10802034460556,0.20263502543075695,Insufficient Energy for CPU+NET,N/A,N/A,N/A
1992,Generic_Service,Rejected,200.68626149759328,N/A,N/A,N/A,0.019695060948345514,0.0,0.0,0.0,STARLINK-34101,0,N/A,N/A,0.0,0.03173723730107697,False,0.0,0.0,0.0,162.10802034460556,0.20263502543075695,Insufficient Energy for CPU,N/A,N/A,N/A
2504,CPU_and_Data_Intensive,Rejected,250.65779149449466,N/A,N/A,N/A,0.32202881845104464,0.0,0.0,0.0,STARLINK-34101,0,N/A,N/A,0.0,169.58689009863292,False,0.0,0.0,0.0,162.10802034460556,0.20263502543075695,Insufficient Energy for CPU+NET,N/A,N/A,N/A
2802,Generic_Service,Rejected,280.0378583737263,N/A,N/A,N/A,0.019883424829561035,0.0,0.0,0.0,STARLINK-34101,0,N/A,N/A,0.0,0.02567471955161084,False,0.0,0.0,0.0,162.10802034460556,0.20263502543075695,Insufficient Energy for CPU,N/A,N/A,N/A
2807,CPU_and_Data_Intensive,Rejected,280.3696481533529,N/A,N/A,N/A,0.3531569432065333,0.0,0.0,0.0,STARLINK-34101,0,N/A,N/A,0.0,210.53511840108422,False,0.0,0.0,0.0,162.10802034460556,0.20263502543075695,Insufficient Energy for CPU+NET,N/A,N/A,N/A
15000,Batch,Completed,0,0,0.0,0.008403333782229398,0.008403333782229398,0.008403333782229398,0.008403333782229398,0.0,STARLINK-6168,0,N/A,0,0.0,18.067167631793208,False,0.0,0.008403333782229398,0.008403333782229398,80000,100.0,N/A,N/A,N/A,N/A
14000,Batch,Completed,0,0,0.0,0.008416558922943261,0.008416558922943261,0.008416558922943261,0.008416558922943261,0.0,STARLINK-6168,0,N/A,0,0.0,18.09560168432801,False,0.0,0.008416558922943261,0.008416558922943261,79999.99159666622,99.99998949583278,N/A,N/A,N/A,N/A
11,Generic_Service,Completed,2.21596617391836,2.21663173034269,2.21663173034269,2.234857979122435,0.018226248779745102,0.018891805204075088,0.018891805204074963,0.0,STARLINK-6168,1,2,3,0.0006655564243299862,0.05297529612759016,False,163.64743395105396,2.4639672617483794e-05,163.6474585907266,79836.33574615624,99.7954196826953,N/A,2.21596617391836,2.4109126752392163,0.19494650132085622
33,CPU_Intensive,Completed,4.538247492603689,4.5389081348152125,4.5389081348152125,6.020768433637797,1.4818602988225846,1.482520941034108,1.4825209410341085,0.0,STARLINK-6168,1,2,3,0.0006606422115234316,0.039523014142795194,False,14562.57878193656,1.8382797275718696e-05,14562.578800319357,65273.75696421967,81.59219620527458,N/A,4.538247492603689,6.13970784352477,1.601460350921081
48,CPU_and_Data_Intensive,Completed,5.922399156108545,5.923812499036893,5.923812499036893,6.510791416112265,0.5869789170753714,0.58839226000372,0.5883922600037197,0.0,STARLINK-6168,1,2,5,0.0014133429283485583,2.0999837006200877,False,5763.382179608509,0.0009767366049395756,5763.383156345114,59510.37380787454,74.38796725984317,N/A,5.922399156108545,6.6473287716662135,0.7249296155576683
179,CPU_Intensive,Completed,19.57636616078429,19.5770287827715,19.5770287827715,19.589456849168286,0.012428066396786619,0.013090688383997984,0.013090688383996962,0.0,STARLINK-6168,1,2,3,0.0006626219872113651,0.04494249878236987,False,108.98869163834267,2.0903487805753425e-05,108.98871254183048,59401.385116235455,74.25173139529431,N/A,19.57636616078429,19.77217081079928,0.19580465001499192
194,CPU_Intensive,Completed,20.669326192518252,20.669989028159783,20.669989028159783,20.682415773003633,0.012426744843850202,0.013089580485381598,0.013089580485381447,0.0,STARLINK-6168,1,2,3,0.0006628356415313959,0.0455273611547297,False,108.80336291995653,2.1175516816153346e-05,108.80338409547335,59292.581753315484,74.11572719164435,N/A,20.669326192518252,20.89130874936904,0.2219825568507865
199,CPU_and_Data_Intensive,Completed,20.994665246040388,20.995677469500208,20.995677469500208,21.037534273175226,0.04185680367501732,0.042869027134838256,0.04286902713483798,0.0,STARLINK-6168,1,2,4,0.0010122234598209379,1.001949811443064,False,407.08190980123504,0.000466023168113053,407.08237582440313,58885.49937749106,73.60687422186383,N/A,20.994665246040388,21.19518417366514,0.20051892762475276
204,Generic_Service,Completed,21.43088315266972,21.431533443132793,21.431533443132793,21.458710609098986,0.027177165966193684,0.02782745642926942,0.027827456429267983,0.0,STARLINK-6168,1,2,3,0.000650290463075737,0.011185893908947267,False,263.99382916867876,5.202741352998729e-06,263.9938343714201,58621.50554832195,73.27688193540244,N/A,21.43088315266972,21.703926106510664,0.273042953840946
205,CPU_Intensive,Completed,21.52324656844025,21.523911126192786,21.523911126192786,21.78123698923708,0.2573258630442936,0.2579904207968297,0.25799042079682977,0.0,STARLINK-6168,1,2,3,0.0006645577525361007,0.050241508416221596,False,2516.0183581679753,2.3368143449405394e-05,2516.018381536119,56105.48719015397,70.13185898769245,N/A,21.52324656844025,21.909720660232676,0.38647409179242587
218,CPU_and_Data_Intensive,Completed,23.013742891227608,23.015021415535017,23.015021415535017,25.244797084092873,2.2297756685578562,2.2310541928652667,2.2310541928652654,0.0,STARLINK-6168,1,2,4,0.001278524307410536,1.7309280294370117,False,21922.118689883064,0.0008050828043893078,21922.119494965867,34183.367695188084,42.7292096189851,N/A,23.013742891227608,25.438610066588723,2.424867175361115
237,CPU_and_Data_Intensive,Completed,25.210148187489807,25.211229390007766,25.211229390007766,25.424202655318787,0.212973265311021,0.21405446782897986,0.21405446782897997,0.0,STARLINK-6168,1,2,5,0.0010812025179588508,1.1907747113088385,False,2089.163353110851,0.0005538487029343435,2089.163906959554,32094.203788227933,40.11775473528492,N/A,25.210148187489807,25.53999725123368,0.3298490637438718
357,Generic_Service,Completed,37.891345932820236,37.89200700327277,37.89200700327277,37.902160462627066,0.010153459354299343,0.010814529806828864,0.010814529806829398,0.0,STARLINK-6168,1,2,3,0.000661070452529521,0.04069529116825939,False,87.8691845736738,1.8928042403841576e-05,87.86920350171621,32006.33460365383,40.00791825456729,N/A,37.891345932820236,38.15275418556739,0.2614082527471524
373,Generic_Service,Completed,39.96621988353659,39.966890887654024,39.966890887654024,39.97753663864708,0.010645750993056424,0.011316755110488843,0.011316755110492238,0.0,STARLINK-6168,1,2,3,0.0006710041174324189,0.06788793965063862,False,84.69853497030395,3.1575785884017966e-05,84.69856654608984,31921.636068683514,39.90204508585439,N/A,39.96621988353659,40.17002761049785,0.2038077269612586
406,CPU_and_Data_Intensive,Completed,42.81066071041097,42.81707197471964,42.81707197471964,43.16667497218873,0.3496029974690913,0.3560142617777601,0.35601426177775863,0.0,STARLINK-6168,1,2,4,0.006411264308668795,15.781411508595312,False,3366.1843299996062,0.007340191399346657,3366.1916701910054,28555.444398492487,35.69430549811561,N/A,42.81066071041097,43.29888908661312,0.48822837620215154
432,Generic_Service,Completed,45.35466587175248,45.35533444878566,45.35533444878566,45.410149276873796,0.05481482808813354,0.0554834051213166,0.05548340512131489,0.0,STARLINK-6168,1,2,3,0.0006685770331830616,0.061243982010126874,False,521.0628906496221,2.848557302796599e-05,521.0629191351951,28034.381507836402,35.0429768847955,N/A,45.35466587175248,45.51405658628,0.15939071452751818
439,Generic_Service,Completed,46.190899369910476,46.191565602403486,46.191565602403486,46.26357994123998,0.072014338836496,0.0726805713295062,0.07268057132950645,0.0,STARLINK-6168,1,2,3,0.0006662324930102011,0.05482598247051982,False,692.1126472400185,2.5500456963032473e-05,692.1126727404755,27342.268860596363,34.177836075745454,N/A,46.190899369910476,46.41781176169222,0.22691239178174527
442,Generic_Service,Completed,46.58314002126702,46.58381569631141,46.58381569631141,46.60064303472269,0.01682733841127515,0.017503013455669722,0.017503013455666405,0.0,STARLINK-6168,1,2,3,0.0006756750443945703,0.08067424522972025,False,141.72746615277273,3.7522904758009416e-05,141.7275036756775,27200.541394443568,34.000676743054456,N/A,46.58314002126702,46.72017501456523,0.137034993298208
445,CPU_and_Data_Intensive,Completed,46.634210860565595,46.63507761497179,46.63507761497179,47.75404942380643,1.1189718088346368,1.1198385632408336,1.1198385632408332,0.0,STARLINK-6168,1,2,4,0.0008667544061968331,0.6037393947507662,False,11002.422836787919,0.0002808090208143099,11002.42311759694,16198.118276846591,20.24764784605824,N/A,46.634210860565595,47.93452433892303,1.3003134783574382
466,CPU_Intensive,Completed,47.649970264052875,47.650639629002406,47.650639629002406,48.04117469858483,0.3905350695824268,0.3912044345319556,0.3912044345319572,0.0,STARLINK-6168,1,2,4,0.0006693649495287909,0.06340084278934288,False,3822.2650072975152,2.9488764088066455e-05,3822.2650367862793,12375.853269548876,15.469816586936094,N/A,47.649970264052875,48.34022768167539,0.6902574176225116
576,Generic_Service,Completed,58.44470036736065,58.445360915677846,58.445360915677846,58.45517819441307,0.009817278735226864,0.010477827052420858,0.010477827052419286,0.0,STARLINK-6168,1,2,3,0.0006605483171939936,0.03926598559191755,False,84.98396746900706,1.826324911251979e-05,84.98398573225617,12290.869302079847,15.36358662759981,N/A,58.44470036736065,58.61127136419319,0.16657099683254017
582,CPU_and_Data_Intensive,Completed,58.830796319500216,58.8337392464941,58.8337392464941,59.29033023945383,0.4565909929597325,0.4595339199536131,0.45953391995361415,0.0,STARLINK-6168,1,2,4,0.002942926993880596,6.287103180171594,False,4461.851851396486,0.0029242340372891136,4461.854775630523,7829.014526449309,9.786268158061636,N/A,58.830796319500216,59.52436371575617,0.6935673962559505
629,CPU_Intensive,Completed,63.46448056488358,63.465146140495285,63.465146140495285,63.725938019722065,0.2607918792267796,0.2614574548384875,0.26145745483848515,0.0,STARLINK-6168,1,2,3,0.0006655756117078982,0.05302782010821153,False,2549.2859338362364,2.466410237591234e-05,2549.285958500339,5279.728592611129,6.599660740763912,N/A,63.46448056488358,63.8528231212263,0.38834255634272097
649,CPU_and_Data_Intensive,Completed,64.64749743918021,64.64844585791873,64.64844585791873,64.65750641373073,0.009060555811998938,0.010008974550520683,0.010008974550515859,0.0,STARLINK-6168,1,2,4,0.0009484187385217443,0.8272892632199217,False,85.32695014143479,0.0003847857038232194,85.32733492713862,5194.401257683966,6.493001572104958,N/A,64.64749743918021,64.76030866598055,0.11281122680033207
653,Generic_Service,Completed,65.50706261301869,65.50771660182764,65.50771660182764,65.70706650727256,0.19934990544491882,0.20000389425386872,0.200003894253868,0.0,STARLINK-6168,1,2,3,0.0006539888089499073,0.02130983309006785,False,1954.3445847687065,9.911550274450162e-06,1954.3445946802567,3240.056672914914,4.050070841143643,N/A,65.50706261301869,65.86807799635599,0.3610153833373033
704,CPU_and_Data_Intensive,Completed,70.47463445643923,70.47535484786162,70.47535484786162,70.48704372956159,0.011688881699967624,0.012409273122363007,0.0124092731223584,0.0,STARLINK-6168,1,2,4,0.0007203914223953842,0.20308191251740926,False,114.03217365821767,9.445670349646942e-05,114.03226811492117,3126.0244047999854,3.9075305059999814,N/A,70.47463445643923,70.68557636535651,0.2109419089172775
712,Generic_Service,Completed,71.03086210152597,71.0315262234228,71.0315262234228,71.0465418955281,0.01501567210529231,0.015679794002119312,0.015679794002124936,0.0,STARLINK-6168,1,2,3,0.0006641218968270028,0.04904838672323191,False,133.22820786978326,2.281320312708461e-05,133.22823068298638,2992.7961969301214,3.740995246162652,N/A,71.03086210152597,71.18815151105713,0.15728940953115966
715,CPU_Intensive,Completed,71.21196822066794,71.21263949168727,71.21263949168727,71.32330703425274,0.11066754256546574,0.11133881358479635,0.11133881358479414,0.0,STARLINK-6168,1,2,3,0.0006712710193306046,0.06861856319870359,False,1068.206234716517,3.191561079009469e-05,1068.2062666321278,1924.5899622135885,2.4057374527669855,N/A,71.21196822066794,71.49145561465572,0.2794873939877789
771,Generic_Service,Completed,77.1513390211249,77.15199862033055,77.15199862033055,77.1603432246424,0.008344604311858461,0.009004203517510549,0.009004203517505971,0.0,STARLINK-6168,1,2,3,0.0006595992056520878,0.03666786528265622,False,71.26562952851188,1.7054821061700566e-05,71.26564658333294,1853.32433268505,2.3166554158563124,N/A,77.1513390211249,77.304986533655,0.15364751253009956
773,CPU_Intensive,Completed,77.40470053839312,77.40537584604262,77.40537584604262,77.4706178697217,0.06524202367909027,0.0659173313285914,0.0659173313285919,0.0,STARLINK-6168,1,2,3,0.0006753076495011323,0.07966852978741991,False,618.1864239095505,3.705513013368368e-05,618.1864609646807,1235.137908775487,1.5439223859693587,N/A,77.40470053839312,77.60637371734543,0.20167317895231918
821,Generic_Service,Completed,82.75650432521063,82.75716968731095,82.75716968731095,82.80599244066042,0.048822753349469394,0.04948811544978424,0.04948811544979037,0.0,STARLINK-6168,1,2,3,0.0006653621003148398,0.05244334898751528,False,464.7234448952385,2.4392255343030363e-05,464.72346928749386,770.4144638802215,0.963018079850277,N/A,82.75650432521063,83.01750481427537,0.2610004890647417
831,Generic_Service,Completed,83.7493539995858,83.7500311725887,83.7500311725887,83.76039425032212,0.010363077733416048,0.011040250736328293,0.011040250736328971,0.0,STARLINK-6168,1,2,3,0.0006771730029122451,0.0847747921890235,False,76.94266651857727,3.94301359018714e-05,76.94270594871317,693.4717973616227,0.8668397467020285,N/A,83.7493539995858,83.92316743039697,0.17381343081117961
836,Generic_Service,Completed,84.05832712179071,84.05897717923253,84.05897717923253,84.06673850534935,0.00776132611682101,0.008411383558635422,0.008411383558637908,0.0,STARLINK-6168,1,2,3,0.0006500574418144117,0.01054801601492934,False,73.22531555673235,4.906053960432251e-06,73.22532046278631,620.2464818048637,0.7753081022560796,N/A,84.05832712179071,84.2245546141042,0.16622749231349587
837,Generic_Service,Completed,84.43431546443118,84.43497166988496,84.43497166988496,84.4430694841595,0.008097814274535153,0.008754019728321173,0.008754019728314688,0.0,STARLINK-6168,1,2,3,0.0006562054537860198,0.02737772891984419,False,71.57578958330238,1.2733827404578693e-05,71.57580231712979,548.6706922215579,0.6858383652769474,N/A,84.43431546443118,84.6259417977723,0.19162633334111945
840,Generic_Service,Completed,84.72237822271205,84.72305563251007,84.72305563251007,84.73355970915026,0.010504076640188487,0.011181486438197339,0.011181486438204047,0.0,STARLINK-6168,1,2,3,0.0006774097980088523,0.08542300066870656,False,78.13840675741112,3.973162821800305e-05,78.13844648903934,470.53228546413476,0.5881653568301684,N/A,84.72237822271205,84.92898432457598,0.20660610186392603
939,Generic_Service,Completed,95.402668218978,95.40333182013933,95.40333182013933,95.41617797512598,0.012846154986647207,0.013509756147979434,0.013509756147982444,0.0,STARLINK-6168,1,2,3,0.0006636011613322263,0.04762291310396169,False,112.31083847044373,2.215019214137753e-05,112.31086062063586,358.2214469936533,0.4477768087420666,N/A,95.402668218978,95.54310452227715,0.14043630329915402
960,Generic_Service,Completed,98.04788253754802,98.048556210672,98.048556210672,98.06031362311089,0.011757412438882398,0.01243108556286276,0.012431085562866429,0.0,STARLINK-6168,1,2,3,0.0006736731239803624,0.07519414109439998,False,93.4790313808222,3.497401911367441e-05,93.47906635484132,264.742415612813,0.33092801951601625,N/A,98.04788253754802,98.24731902976697,0.19943649221895043
1060,Generic_Service,Completed,107.71327515240807,107.71394362049479,107.71394362049479,107.72475191534669,0.010808294851898381,0.011476762938610429,0.01147676293861366,0.0,STARLINK-6168,1,2,3,0.0006684680867120467,0.06094574937205583,False,88.34270126726365,2.8346860173049223e-05,88.34272961412383,176.39971434552564,0.22049964293190705,N/A,107.71327515240807,107.85806075261745,0.14478560020937437
1219,Generic_Service,Completed,124.2705962853371,124.27127202138925,124.27127202138925,124.28061701991038,0.009344998521129355,0.010020734573275809,0.010020734573274126,0.0,STARLINK-6168,1,2,3,0.0006757360521464534,0.08084124928792753,False,68.08879737497791,3.760058106415234e-05,68.08883497555898,108.3109169705274,0.13538864621315924,N/A,124.2705962853371,124.47365254488624,0.20305625954912898
17000,Batch,Completed,0,0,0.0,0.1387367974394866,0.1387367974394866,0.1387367974394866,0.1387367974394866,0.0,STARLINK-35189,0,N/A,0,0.0,298.2841144948962,False,0.0,0.1387367974394866,0.1387367974394866,80000,100.0,N/A,N/A,N/A,N/A
16000,Batch,Completed,0,0,0.0,0.2278134272184624,0.2278134272184624,0.2278134272184624,0.2278134272184624,0.0,STARLINK-35189,0,N/A,0,0.0,489.79886851969417,False,0.0,0.2278134272184624,0.2278134272184624,79999.86126320256,99.9998265790032,N/A,N/A,N/A,N/A
32,Generic_Service,Completed,4.2881397435555835,4.289506792535364,4.289506792535364,4.389088465497023,0.09958167296165943,0.10094872194143957,0.10094872194143978,0.0,STARLINK-35189,1,2,3,0.001367048979780147,0.02436735575805439,False,972.2144740540513,1.1333653840955531e-05,972.214485387705,79027.41897572129,98.78427371965161,N/A,4.2881397435555835,4.531870923324294,0.2437311797687105
44,CPU_and_Data_Intensive,Completed,5.591590704414271,5.593135367552564,5.593135367552564,6.769133308206676,1.1759979406541126,1.1775426037924048,1.1775426037924053,0.0,STARLINK-35189,1,2,4,0.0015446631382922736,0.4577096439339965,False,11563.947787509405,0.0002128882064809286,11563.948000397611,67463.47097532367,84.32933871915459,N/A,5.591590704414271,7.050463075898402,1.458872371484131
143,Generic_Service,Completed,16.729621274908013,16.731011574856286,16.731011574856286,16.74896749481509,0.017955919958804856,0.019346219907078608,0.019346219907077966,0.0,STARLINK-35189,1,2,3,0.001390299948273753,0.0810949723722333,False,152.70319509943585,3.7718591801038744e-05,152.70323281802766,67310.76778022404,84.13845972528004,N/A,16.729621274908013,16.935173930076292,0.20555265516827959
146,Generic_Service,Completed,17.032580293880315,17.033960419541195,17.033960419541195,17.14280020706328,0.10883978752208634,0.1102199131829651,0.11021991318296642,0.0,STARLINK-35189,1,2,3,0.0013801256608787684,0.05627178813266598,False,1053.8681131426413,2.6172924712867896e-05,1053.868139315566,66256.89966708136,82.8211245838517,N/A,17.032580293880315,17.339263051270635,0.3066827573903197
149,CPU_Intensive,Completed,17.544130656060897,17.545497219391965,17.545497219391965,17.79654464000772,0.25104742061575536,0.2524139839468224,0.25241398394682335,0.0,STARLINK-35189,1,2,3,0.0013665633310670675,0.023182472039669434,False,2462.2423446683697,1.0782545134729969e-05,2462.242355450915,63794.65732241298,79.74332165301622,N/A,17.544130656060897,17.946618035475367,0.4024873794144703
165,CPU_Intensive,Completed,18.672881972294874,18.674249974826246,18.674249974826246,19.756341110415306,1.0820911355890601,1.0834591381204302,1.083459138120432,0.0,STARLINK-35189,1,2,3,0.001368002531370069,0.026693826977083425,False,10634.594601894287,1.241573347771322e-05,10634.594614310021,53160.06272051869,66.45007840064837,N/A,18.672881972294874,19.875963869384268,1.203081897089394
180,CPU_Intensive,Completed,19.592564686249734,19.59395604937698,19.59395604937698,21.126555402082076,1.5325993527050947,1.5339907158323427,1.533990715832342,0.0,STARLINK-35189,1,2,4,0.0013913631272479913,0.08368891202938887,False,15048.588179728027,3.892507536250645e-05,15048.588218653102,38111.47454079066,47.63934317598832,N/A,19.592564686249734,21.298359366986148,1.705794680736414
360,CPU_Intensive,Completed,38.515315857905875,38.516686559844786,38.516686559844786,38.68340073624629,0.16671417640150565,0.1680848783404127,0.16808487834041586,0.0,STARLINK-35189,1,2,3,0.0013707019389070407,0.033279830303562706,False,1629.8423750995405,1.5478990838866375e-05,1629.8423905785314,36481.63216569109,45.60204020711386,N/A,38.515315857905875,38.85770148172173,0.3423856238158578
371,CPU_Intensive,Completed,39.91325779971803,39.91463584335906,39.91463584335906,40.352125251248005,0.43748940788894686,0.43886745152997003,0.43886745152997264,0.0,STARLINK-35189,1,2,3,0.0013780436410231933,0.05119208471374541,False,4287.66233021369,2.3810271959881587e-05,4287.6623540239625,32193.969835477383,40.24246229434672,N/A,39.91325779971803,40.47419537929511,0.5609375795770788
401,CPU_and_Data_Intensive,Completed,42.14775235110731,42.154985309748724,42.154985309748724,44.51618326870517,2.3611979589564456,2.368430917597861,2.3684309175978626,0.0,STARLINK-35189,1,2,4,0.0072329586414150455,14.33598944883958,False,23157.006959125378,0.006667902069227712,23157.013627027445,9036.956208449914,11.296195260562394,N/A,42.14775235110731,44.81072024614528,2.6629678950379727
618,CPU_and_Data_Intensive,Completed,62.31065518331927,62.316130180793834,62.316130180793834,62.6667969484883,0.35066676769446303,0.35614176516902896,0.35614176516902774,0.0,STARLINK-35189,1,2,4,0.005474997474565939,10.04692307626867,False,3402.878783758029,0.004672987477334265,3402.8834567455065,5634.072751699201,7.0425909396240005,N/A,62.31065518331927,62.843276250067596,0.5326210667483267
644,CPU_Intensive,Completed,64.37489888730744,64.37629135725089,64.37629135725089,64.84984316851762,0.47355181126673074,0.47494428121018695,0.4749442812101847,0.0,STARLINK-35189,1,2,3,0.001392469943456189,0.08638931762919319,False,4631.96823872678,4.01810779670666e-05,4631.968278907858,1002.1045129693475,1.2526306412116843,N/A,64.37489888730744,65.06307571855807,0.6881768312506296
839,CPU_and_Data_Intensive,Completed,84.71433173906988,84.71646100868013,84.71646100868013,84.81188211026257,0.09542110158244554,0.09755037119270064,0.09755037119269616,0.0,STARLINK-35189,1,2,4,0.0021292696102551013,1.8840300925120879,False,929.8563772222024,0.000876293066284692,929.8572535152687,72.24725945404262,0.09030907431755328,N/A,84.71433173906988,85.02898432460248,0.314652585532599
423,CPU_Intensive,Rejected,44.2636465399044,N/A,N/A,N/A,1.7939859553828603,0.0,0.0,0.0,STARLINK-35189,0,N/A,N/A,0.0,0.03219802659627697,False,0.0,0.0,0.0,72.24725945332334,0.09030907431665416,Insufficient Energy for CPU,N/A,N/A,N/A
632,CPU_and_Data_Intensive,Rejected,63.58318601392649,N/A,N/A,N/A,0.6194212528337449,0.0,0.0,0.0,STARLINK-35189,0,N/A,N/A,0.0,162.99257805388854,False,0.0,0.0,0.0,72.24725945332334,0.09030907431665416,Insufficient Energy for CPU+NET,N/A,N/A,N/A
639,CPU_and_Data_Intensive,Rejected,63.96095693582972,N/A,N/A,N/A,0.700053627528413,0.0,0.0,0.0,STARLINK-35189,0,N/A,N/A,0.0,23.973751055921166,False,0.0,0.0,0.0,72.24725945332334,0.09030907431665416,Insufficient Energy for CPU+NET,N/A,N/A,N/A
640,CPU_Intensive,Rejected,64.0855324985703,N/A,N/A,N/A,0.6653828705813674,0.0,0.0,0.0,STARLINK-35189,0,N/A,N/A,0.0,0.07480101070972416,False,0.0,0.0,0.0,72.24725945332334,0.09030907431665416,Insufficient Energy for CPU,N/A,N/A,N/A
641,CPU_and_Data_Intensive,Rejected,64.13273597105258,N/A,N/A,N/A,0.656023318388302,0.0,0.0,0.0,STARLINK-35189,0,N/A,N/A,0.0,0.7226979297672514,False,0.0,0.0,0.0,72.24725945332334,0.09030907431665416,Insufficient Energy for CPU+NET,N/A,N/A,N/A
833,CPU_and_Data_Intensive,Rejected,83.78731914053314,N/A,N/A,N/A,0.18688367983768497,0.0,0.0,0.0,STARLINK-35189,0,N/A,N/A,0.0,1.8754366464508863,False,0.0,0.0,0.0,72.24725945332334,0.09030907431665416,Insufficient Energy for CPU+NET,N/A,N/A,N/A
835,CPU_Intensive,Rejected,83.84580141560484,N/A,N/A,N/A,0.22106065361923596,0.0,0.0,0.0,STARLINK-35189,0,N/A,N/A,0.0,0.013594804926571176,False,0.0,0.0,0.0,72.24725945332334,0.09030907431665416,Insufficient Energy for CPU,N/A,N/A,N/A
19000,Batch,Completed,0,0,0.0,0.0011347291882947354,0.0011347291882947354,0.0011347291882947354,0.0011347291882947354,0.0,STARLINK-32754,0,N/A,0,0.0,2.439667754833681,False,0.0,0.0011347291882947354,0.0011347291882947354,80000,100.0,N/A,N/A,N/A,N/A
18000,Batch,Completed,0,0,0.0,0.13285717616358134,0.13285717616358134,0.13285717616358134,0.13285717616358134,0.0,STARLINK-32754,0,N/A,0,0.0,285.64292875169986,False,0.0,0.13285717616358134,0.13285717616358134,79999.99886527081,99.99999858158851,N/A,N/A,N/A,N/A
20000,Batch,Completed,0,0,0.0,0.15638506455404896,0.15638506455404896,0.15638506455404896,0.15638506455404896,0.0,STARLINK-32754,0,N/A,0,0.0,336.22788879120526,False,0.0,0.15638506455404896,0.15638506455404896,79999.86600809464,99.9998325101183,N/A,N/A,N/A,N/A
27,CPU_and_Data_Intensive,Completed,3.713627470672175,3.71932047157793,3.71932047157793,4.008642232347699,0.2893217607697691,0.2950147616755245,0.29501476167552454,0.0,STARLINK-32754,1,2,5,0.0056930009057553745,15.79539662585059,False,2773.2491737112605,0.007346696105046786,2773.2565204073653,77226.45310262273,96.53306637827842,N/A,3.713627470672175,4.229865051927056,0.516237581254881
53,Generic_Service,Completed,6.369689139387166,6.370336582340651,6.370336582340651,6.383972407854752,0.013635825514100475,0.014283268467585866,0.014283268467585764,0.0,STARLINK-32754,1,2,4,0.0006474429534853904,0.060620786371852045,False,116.24746127501837,2.819571459155909e-05,116.24748947073296,77110.20564134211,96.38775705167764,N/A,6.369689139387166,6.545180350324092,0.17549121093692577
68,CPU_Intensive,Completed,8.35003195076124,8.350673394456786,8.350673394456786,8.872755017927478,0.522081623470692,0.522723067166238,0.522723067166238,0.0,STARLINK-32754,1,2,4,0.0006414436955459235,0.04191185868264455,False,5122.368535588745,1.9493887759369558e-05,5122.368555082632,71987.83710575335,89.98479638219169,N/A,8.35003195076124,9.062514311626664,0.7124823608654243
99,Generic_Service,Completed,11.72915752377849,11.729801073603188,11.729801073603188,11.763404801850536,0.03360372824734803,0.03424727807204662,0.03424727807204597,0.0,STARLINK-32754,1,2,4,0.0006435498246985857,0.048479907334473424,False,316.21085318142514,2.2548794109057407e-05,316.21087573021924,71671.6262525719,89.58953281571488,N/A,11.72915752377849,11.890021873517538,0.1608643497390485
106,Generic_Service,Completed,12.27757803299527,12.2782339540152,12.2782339540152,12.29724086720238,0.019006913187180174,0.019662834207108973,0.019662834207109015,0.0,STARLINK-32754,1,2,4,0.0006559210199287979,0.08705997829099493,False,161.28220088592803,4.0493013158602294e-05,161.2822413789412,71510.34405168597,89.38793006460746,N/A,12.27757803299527,12.496489565471608,0.2189115324763371
111,CPU_Intensive,Completed,12.69559103937974,12.69622979530146,12.69622979530146,12.852985695513436,0.1567559002119765,0.15739465613369533,0.15739465613369497,0.0,STARLINK-32754,1,2,4,0.0006387559217188314,0.03352992766994377,False,1531.8281748098414,1.559531519532268e-05,1531.8281904051566,69978.5158768761,87.47314484609512,N/A,12.69559103937974,13.003475765454894,0.3078847260751534
110,CPU_and_Data_Intensive,Completed,12.681285612345034,12.72881865656161,12.72881865656161,13.283426904783083,0.5546082482214718,0.602141292438049,0.6021412924380485,0.0,STARLINK-32754,1,2,6,0.047533044216577176,146.27525808768863,False,4785.489985621555,0.06803500376171565,4785.558020625317,65192.957856250774,81.49119732031347,N/A,12.681285612345034,13.4069125871289,0.7256269747838662
129,CPU_Intensive,Completed,15.464343213903136,15.464993609789602,15.464993609789602,15.4772610245869,0.012267414797298315,0.012917810683764044,0.01291781068376352,0.0,STARLINK-32754,1,2,4,0.0006503958864657286,0.06982962689140704,False,100.07561598253731,3.247889622856141e-05,100.07564846143354,65092.88224021585,81.36610280026981,N/A,15.464343213903136,15.624439097540497,0.16009588363736071
153,CPU_Intensive,Completed,17.914993334615115,17.915644102069315,17.915644102069315,17.93089844539869,0.015254343329374365,0.015905110783573078,0.015905110783574372,0.0,STARLINK-32754,1,2,4,0.0006507674541987133,0.07098837584305963,False,129.11088847941693,3.301784922933006e-05,129.11092149726616,64963.7713517364,81.2047141896705,N/A,17.914993334615115,18.048534954746717,0.1335416201316022
155,CPU_Intensive,Completed,18.181549564655015,18.18218418130729,18.18218418130729,18.9434152315125,0.7612310502052111,0.761865666857484,0.761865666857485,0.0,STARLINK-32754,1,2,4,0.0006346166522729606,0.020621449066367703,False,7480.697123864921,9.591371658775675e-06,7480.697133456293,57483.07422787145,71.85384278483932,N/A,18.181549564655015,19.058669935896567,0.8771203712415527
171,CPU_Intensive,Completed,18.89812229269289,18.898763028812095,18.898763028812095,19.350284002659325,0.4515209738472308,0.4521617099664377,0.4521617099664361,0.0,STARLINK-32754,1,2,5,0.0006407361192068821,0.03970525334990312,False,4429.04861923501,1.846755969762936e-05,4429.04863770257,53054.02560863644,66.31753201079555,N/A,18.89812229269289,19.46795625072444,0.5698339580315519
169,CPU_and_Data_Intensive,Completed,18.887144331032324,19.029287816964107,19.029287816964107,20.219696023218383,1.1904082062542756,1.3325516921860592,1.3325516921860583,0.0,STARLINK-32754,1,2,6,0.14214348593178358,441.32173392750923,False,9688.959649483117,0.20526592275698102,9689.164915405874,43364.86069323055,54.206075866538185,N/A,18.887144331032324,20.487062198545637,1.5999178675133123
323,CPU_and_Data_Intensive,Completed,34.4964818087552,34.502904932056275,34.502904932056275,34.57983487951385,0.07692994745757176,0.08335307075864898,0.08335307075864762,0.0,STARLINK-32754,1,2,5,0.006423123301077215,18.072312743839852,False,673.9416422655448,0.00840572685759993,673.9500479924025,42690.91064508494,53.36363830635618,N/A,34.4964818087552,34.718250812612716,0.22176900385751708
326,CPU_and_Data_Intensive,Completed,35.06918061929339,35.070291459941785,35.070291459941785,36.264884843935675,1.1945933839938903,1.195704224642285,1.1957042246422844,0.0,STARLINK-32754,1,2,5,0.001110840648394929,1.5057451755689546,False,11742.04138726835,0.0007003465932878859,11742.042087614942,30948.868557464237,38.6860856968303,N/A,35.06918061929339,36.43353177100547,1.3643511517120785
337,CPU_Intensive,Completed,35.927503791051755,35.92814907252195,35.92814907252195,37.72735951247635,1.7992104399544004,1.7998557214245894,1.799855721424592,0.0,STARLINK-32754,1,2,5,0.0006452814701890508,0.05388011359187161,False,17679.514540867243,2.5060517949707725e-05,17679.514565927762,13269.354016596433,16.58669252074554,N/A,35.927503791051755,37.85004039334928,1.9225366022975265
555,Generic_Service,Completed,56.20901563667203,56.20966623943424,56.20966623943424,56.21891167786038,0.009245438426141561,0.009896041188353355,0.009896041188355298,0.0,STARLINK-32754,1,2,4,0.0006506027622117946,0.07047477724380903,False,70.16412160483932,3.277896615991118e-05,70.16415438380548,13199.189894991576,16.49898736873947,N/A,56.20901563667203,56.3937810554633,0.1847654187912724
574,CPU_Intensive,Completed,58.37187699995297,58.37252180013144,58.37252180013144,58.46578287213092,0.09326107199948552,0.0939058721779565,0.09390587217795598,0.0,STARLINK-32754,1,2,4,0.0006448001784709809,0.052379185970215375,False,901.7970619728093,2.4362412079169942e-05,901.7970863352214,12297.392833018743,15.37174104127343,N/A,58.37187699995297,58.711271364206056,0.33939436425308855
575,CPU_Intensive,Completed,58.4311196728536,58.43175990514681,58.43175990514681,59.103045172030804,0.6712852668839915,0.6719254991772087,0.6719254991772061,0.0,STARLINK-32754,1,2,5,0.0006402322932172055,0.03813405169397952,False,6590.9124263409285,1.7736768229757916e-05,6590.912444077697,5706.480406677796,7.133100508347246,N/A,58.4311196728536,59.21887179884511,0.7877521259915099
581,CPU_and_Data_Intensive,Completed,58.79247986944678,58.79315835300584,58.79315835300584,59.124103991937304,0.33094563893146045,0.3316241224905247,0.3316241224905241,0.0,STARLINK-32754,1,2,6,0.0006784835590642412,0.1574221659864005,False,3254.158890157039,7.32196120866979e-05,3254.158963376651,2452.3214433011294,3.0654018041264117,N/A,58.79247986944678,59.42436371567804,0.6318838462312613
711,CPU_and_Data_Intensive,Completed,70.9492286252965,70.95026881042587,70.95026881042587,71.16383124878294,0.2135624383570729,0.21460262348643608,0.2146026234864422,0.0,STARLINK-32754,1,2,5,0.0010401851293631759,1.2854030916401629,False,2094.52504739394,0.0005978619030884479,2094.5256452558433,357.79579804522996,0.4472447475565374,N/A,70.9492286252965,71.29006843044287,0.34083980514637346
962,Generic_Service,Completed,98.31635513016427,98.3170092663793,98.3170092663793,98.32760306441882,0.01059379803952254,0.011247934254555217,0.011247934254555503,0.0,STARLINK-32754,1,2,4,0.0006541362150326767,0.08149399228442512,False,80.17851643351895,3.790418245787215e-05,80.17855433770141,277.6172816111608,0.34702160201395105,N/A,98.31635513016427,98.44923594863347,0.13288081846920363
1044,Generic_Service,Completed,105.82320388415644,105.82384961092663,105.82384961092663,105.83312802164569,0.009278410719062435,0.009924137489250445,0.009924137489250029,0.0,STARLINK-32754,1,2,4,0.0006457267701880095,0.05526879958680345,False,74.96888552871704,2.5706418412466723e-05,74.96891123513545,202.64839608241888,0.2533104951030236,N/A,105.82320388415644,105.95334303222812,0.13013914807167737
1106,Generic_Service,Completed,112.31773337394424,112.31838288709179,112.31838288709179,112.32818352538776,0.009800638295970998,0.01045015144352084,0.01045015144352135,0.0,STARLINK-32754,1,2,4,0.0006495131475498416,0.06707677000270168,False,76.62579155053804,3.11984976756752e-05,76.62582274903572,126.0226045318585,0.15752825566482312,N/A,112.31773337394424,112.46204986514431,0.1443164912000725
1234,Generic_Service,Completed,125.61096899673849,125.61162031191941,125.61162031191941,125.62478695075167,0.013166638832259991,0.013817954013173595,0.013817954013177314,0.0,STARLINK-32754,1,2,4,0.0006513151809136029,0.0726964836800146,False,108.07483584297266,3.381231799070447e-05,108.07486965529066,17.9477686888647,0.022434710861080873,N/A,125.61096899673849,125.77770717999591,0.16673818325742218
168,CPU_and_Data_Intensive,Rejected,18.851653480873196,N/A,N/A,N/A,0.5739184082359104,0.0,0.0,0.0,STARLINK-32754,0,N/A,N/A,0.0,154.4009017815575,False,0.0,0.0,0.0,17.947768688838188,0.022434710861047733,Deadline Exceeded,N/A,N/A,N/A
573,CPU_and_Data_Intensive,Rejected,58.36329426931892,N/A,N/A,N/A,0.5987928726857622,0.0,0.0,0.0,STARLINK-32754,0,N/A,N/A,0.0,453.43297527915524,False,0.0,0.0,0.0,17.947768688838188,0.022434710861047733,Insufficient Energy for CPU+NET,N/A,N/A,N/A
696,CPU_and_Data_Intensive,Rejected,69.89835687765499,N/A,N/A,N/A,0.2975400329544725,0.0,0.0,0.0,STARLINK-32754,0,N/A,N/A,0.0,196.24984661947846,False,0.0,0.0,0.0,17.947768688838188,0.022434710861047733,Insufficient Energy for CPU+NET,N/A,N/A,N/A
801,CPU_and_Data_Intensive,Rejected,80.76723739705749,N/A,N/A,N/A,0.7331752135684741,0.0,0.0,0.0,STARLINK-32754,0,N/A,N/A,0.0,475.68649825442054,False,0.0,0.0,0.0,17.947768688838188,0.022434710861047733,Insufficient Energy for CPU+NET,N/A,N/A,N/A
933,CPU_and_Data_Intensive,Rejected,94.74505203732575,N/A,N/A,N/A,0.5886463411845945,0.0,0.0,0.0,STARLINK-32754,0,N/A,N/A,0.0,435.606178029498,False,0.0,0.0,0.0,17.947768688838188,0.022434710861047733,Insufficient Energy for CPU+NET,N/A,N/A,N/A
964,CPU_and_Data_Intensive,Rejected,98.55943518020132,N/A,N/A,N/A,0.3031528596068279,0.0,0.0,0.0,STARLINK-32754,0,N/A,N/A,0.0,210.80628364008038,False,0.0,0.0,0.0,17.947768688838188,0.022434710861047733,Insufficient Energy for CPU+NET,N/A,N/A,N/A
977,CPU_and_Data_Intensive,Rejected,99.8937070886523,N/A,N/A,N/A,0.5460862965782194,0.0,0.0,0.0,STARLINK-32754,0,N/A,N/A,0.0,307.1002102027571,False,0.0,0.0,0.0,17.947768688838188,0.022434710861047733,Insufficient Energy for CPU+NET,N/A,N/A,N/A
1003,CPU_and_Data_Intensive,Rejected,101.75940920827173,N/A,N/A,N/A,0.315258017630612,0.0,0.0,0.0,STARLINK-32754,0,N/A,N/A,0.0,210.21865100422536,False,0.0,0.0,0.0,17.947768688838188,0.022434710861047733,Insufficient Energy for CPU+NET,N/A,N/A,N/A
1004,CPU_and_Data_Intensive,Rejected,101.93921438250786,N/A,N/A,N/A,0.47082788439385975,0.0,0.0,0.0,STARLINK-32754,0,N/A,N/A,0.0,254.0986721319258,False,0.0,0.0,0.0,17.947768688838188,0.022434710861047733,Insufficient Energy for CPU+NET,N/A,N/A,N/A
1061,CPU_and_Data_Intensive,Rejected,107.71363322623388,N/A,N/A,N/A,0.20551118785099995,0.0,0.0,0.0,STARLINK-32754,0,N/A,N/A,0.0,140.8440121945991,False,0.0,0.0,0.0,17.947768688838188,0.022434710861047733,Insufficient Energy for CPU+NET,N/A,N/A,N/A
1063,CPU_and_Data_Intensive,Rejected,107.74367886797845,N/A,N/A,N/A,0.2277050118461301,0.0,0.0,0.0,STARLINK-32754,0,N/A,N/A,0.0,146.44538141057285,False,0.0,0.0,0.0,17.947768688838188,0.022434710861047733,Insufficient Energy for CPU+NET,N/A,N/A,N/A
1157,CPU_and_Data_Intensive,Rejected,117.97975181149076,N/A,N/A,N/A,0.7004911157143666,0.0,0.0,0.0,STARLINK-32754,0,N/A,N/A,0.0,456.3284458162225,False,0.0,0.0,0.0,17.947768688838188,0.022434710861047733,Insufficient Energy for CPU+NET,N/A,N/A,N/A
1240,CPU_and_Data_Intensive,Rejected,126.09951487458102,N/A,N/A,N/A,0.30425646306737986,0.0,0.0,0.0,STARLINK-32754,0,N/A,N/A,0.0,228.56646243865362,False,0.0,0.0,0.0,17.947768688838188,0.022434710861047733,Insufficient Energy for CPU+NET,N/A,N/A,N/A
1243,CPU_and_Data_Intensive,Rejected,126.8966288253932,N/A,N/A,N/A,0.5333617450937082,0.0,0.0,0.0,STARLINK-32754,0,N/A,N/A,0.0,391.6047170525852,False,0.0,0.0,0.0,17.947768688838188,0.022434710861047733,Insufficient Energy for CPU+NET,N/A,N/A,N/A
1278,CPU_and_Data_Intensive,Rejected,129.90088845527816,N/A,N/A,N/A,0.8046559491930428,0.0,0.0,0.0,STARLINK-32754,0,N/A,N/A,0.0,449.8376922130541,False,0.0,0.0,0.0,17.947768688838188,0.022434710861047733,Insufficient Energy for CPU+NET,N/A,N/A,N/A
1288,CPU_and_Data_Intensive,Rejected,130.4004788473572,N/A,N/A,N/A,0.7376341565699136,0.0,0.0,0.0,STARLINK-32754,0,N/A,N/A,0.0,467.4785782469647,False,0.0,0.0,0.0,17.947768688838188,0.022434710861047733,Insufficient Energy for CPU+NET,N/A,N/A,N/A
1345,CPU_and_Data_Intensive,Rejected,136.69498655324225,N/A,N/A,N/A,0.27616251200659464,0.0,0.0,0.0,STARLINK-32754,0,N/A,N/A,0.0,207.5785859094968,False,0.0,0.0,0.0,17.947768688838188,0.022434710861047733,Insufficient Energy for CPU+NET,N/A,N/A,N/A
1391,Generic_Service,Rejected,141.36373381137696,N/A,N/A,N/A,0.007717264976812165,0.0,0.0,0.0,STARLINK-32754,0,N/A,N/A,0.0,0.06099715475537891,False,0.0,0.0,0.0,17.947768688838188,0.022434710861047733,Insufficient Energy for CPU,N/A,N/A,N/A
1408,CPU_and_Data_Intensive,Rejected,143.16746925557965,N/A,N/A,N/A,0.651763814878763,0.0,0.0,0.0,STARLINK-32754,0,N/A,N/A,0.0,358.5877275823874,False,0.0,0.0,0.0,17.947768688838188,0.022434710861047733,Insufficient Energy for CPU+NET,N/A,N/A,N/A
1516,CPU_and_Data_Intensive,Rejected,153.20181441251776,N/A,N/A,N/A,0.39168954285294216,0.0,0.0,0.0,STARLINK-32754,0,N/A,N/A,0.0,253.09862660368742,False,0.0,0.0,0.0,17.947768688838188,0.022434710861047733,Insufficient Energy for CPU+NET,N/A,N/A,N/A
1617,CPU_and_Data_Intensive,Rejected,163.81724467293958,N/A,N/A,N/A,0.36161533955318165,0.0,0.0,0.0,STARLINK-32754,0,N/A,N/A,0.0,251.9106450425969,False,0.0,0.0,0.0,17.947768688838188,0.022434710861047733,Insufficient Energy for CPU+NET,N/A,N/A,N/A
1655,CPU_Intensive,Rejected,167.5583084908733,N/A,N/A,N/A,0.007012850480504491,0.0,0.0,0.0,STARLINK-32754,0,N/A,N/A,0.0,0.054159626744692574,False,0.0,0.0,0.0,17.947768688838188,0.022434710861047733,Insufficient Energy for CPU,N/A,N/A,N/A
1685,CPU_and_Data_Intensive,Rejected,170.39797351321445,N/A,N/A,N/A,0.4550094803718001,0.0,0.0,0.0,STARLINK-32754,0,N/A,N/A,0.0,291.8687665327607,False,0.0,0.0,0.0,17.947768688838188,0.022434710861047733,Insufficient Energy for CPU+NET,N/A,N/A,N/A
1772,CPU_and_Data_Intensive,Rejected,179.74998976241125,N/A,N/A,N/A,0.4545434603110131,0.0,0.0,0.0,STARLINK-32754,0,N/A,N/A,0.0,290.8772409490755,False,0.0,0.0,0.0,17.947768688838188,0.022434710861047733,Insufficient Energy for CPU+NET,N/A,N/A,N/A
1817,CPU_and_Data_Intensive,Rejected,185.09655149394627,N/A,N/A,N/A,0.6308996539815757,0.0,0.0,0.0,STARLINK-32754,0,N/A,N/A,0.0,472.80619785255266,False,0.0,0.0,0.0,17.947768688838188,0.022434710861047733,Insufficient Energy for CPU+NET,N/A,N/A,N/A
1834,CPU_and_Data_Intensive,Rejected,187.25542747931385,N/A,N/A,N/A,0.6941678468327744,0.0,0.0,0.0,STARLINK-32754,0,N/A,N/A,0.0,462.59399257856643,False,0.0,0.0,0.0,17.947768688838188,0.022434710861047733,Insufficient Energy for CPU+NET,N/A,N/A,N/A
1845,Generic_Service,Rejected,188.42581742454792,N/A,N/A,N/A,0.007904753886892794,0.0,0.0,0.0,STARLINK-32754,0,N/A,N/A,0.0,0.07537768650649994,False,0.0,0.0,0.0,17.947768688838188,0.022434710861047733,Insufficient Energy for CPU,N/A,N/A,N/A
1858,CPU_and_Data_Intensive,Rejected,189.92545075730848,N/A,N/A,N/A,0.45518757926516534,0.0,0.0,0.0,STARLINK-32754,0,N/A,N/A,0.0,289.23431669851425,False,0.0,0.0,0.0,17.947768688838188,0.022434710861047733,Insufficient Energy for CPU+NET,N/A,N/A,N/A
1937,CPU_and_Data_Intensive,Rejected,196.23636026120025,N/A,N/A,N/A,0.4214777466181349,0.0,0.0,0.0,STARLINK-32754,0,N/A,N/A,0.0,270.0404189586211,False,0.0,0.0,0.0,17.947768688838188,0.022434710861047733,Insufficient Energy for CPU+NET,N/A,N/A,N/A
1948,Generic_Service,Rejected,196.92469030800962,N/A,N/A,N/A,0.0063608081534787635,0.0,0.0,0.0,STARLINK-32754,0,N/A,N/A,0.0,0.011783522640511968,False,0.0,0.0,0.0,17.947768688838188,0.022434710861047733,Insufficient Energy for CPU,N/A,N/A,N/A
1945,CPU_and_Data_Intensive,Rejected,196.785672920382,N/A,N/A,N/A,0.799480058399861,0.0,0.0,0.0,STARLINK-32754,0,N/A,N/A,0.0,463.4504207197864,False,0.0,0.0,0.0,17.947768688838188,0.022434710861047733,Insufficient Energy for CPU+NET,N/A,N/A,N/A
1987,CPU_and_Data_Intensive,Rejected,199.81156828679622,N/A,N/A,N/A,0.5429786821429933,0.0,0.0,0.0,STARLINK-32754,0,N/A,N/A,0.0,362.709494838896,False,0.0,0.0,0.0,17.947768688838188,0.022434710861047733,Insufficient Energy for CPU+NET,N/A,N/A,N/A
2038,CPU_and_Data_Intensive,Rejected,205.11887189730368,N/A,N/A,N/A,0.007646429854951453,0.0,0.0,0.0,STARLINK-32754,0,N/A,N/A,0.0,0.3717005896769619,False,0.0,0.0,0.0,17.947768688838188,0.022434710861047733,Insufficient Energy for CPU+NET,N/A,N/A,N/A
2084,Generic_Service,Rejected,209.1929166643285,N/A,N/A,N/A,0.007437359659795549,0.0,0.0,0.0,STARLINK-32754,0,N/A,N/A,0.0,0.029068599722847838,False,0.0,0.0,0.0,17.947768688838188,0.022434710861047733,Insufficient Energy for CPU,N/A,N/A,N/A
2126,CPU_and_Data_Intensive,Rejected,213.74717011459524,N/A,N/A,N/A,0.5475496563403384,0.0,0.0,0.0,STARLINK-32754,0,N/A,N/A,0.0,297.6599567521432,False,0.0,0.0,0.0,17.947768688838188,0.022434710861047733,Insufficient Energy for CPU+NET,N/A,N/A,N/A
2161,Generic_Service,Rejected,217.00265533320604,N/A,N/A,N/A,0.007539131372003727,0.0,0.0,0.0,STARLINK-32754,0,N/A,N/A,0.0,0.0411772922177541,False,0.0,0.0,0.0,17.947768688838188,0.022434710861047733,Insufficient Energy for CPU,N/A,N/A,N/A
2163,CPU_and_Data_Intensive,Rejected,217.18820964250426,N/A,N/A,N/A,0.028918436370469362,0.0,0.0,0.0,STARLINK-32754,0,N/A,N/A,0.0,13.9681192077229,False,0.0,0.0,0.0,17.947768688838188,0.022434710861047733,Insufficient Energy for CPU+NET,N/A,N/A,N/A
2255,CPU_and_Data_Intensive,Rejected,227.38982813057373,N/A,N/A,N/A,0.5349743297158416,0.0,0.0,0.0,STARLINK-32754,0,N/A,N/A,0.0,397.7373178528185,False,0.0,0.0,0.0,17.947768688838188,0.022434710861047733,Insufficient Energy for CPU+NET,N/A,N/A,N/A
2355,CPU_and_Data_Intensive,Rejected,238.32537579042125,N/A,N/A,N/A,0.0149275475031265,0.0,0.0,0.0,STARLINK-32754,0,N/A,N/A,0.0,6.029736570262112,False,0.0,0.0,0.0,17.947768688838188,0.022434710861047733,Insufficient Energy for CPU+NET,N/A,N/A,N/A
2422,CPU_and_Data_Intensive,Rejected,244.74848721460256,N/A,N/A,N/A,0.05175447375465886,0.0,0.0,0.0,STARLINK-32754,0,N/A,N/A,0.0,23.37862360767943,False,0.0,0.0,0.0,17.947768688838188,0.022434710861047733,Insufficient Energy for CPU+NET,N/A,N/A,N/A
2443,CPU_and_Data_Intensive,Rejected,246.51271692717512,N/A,N/A,N/A,0.5774868101099546,0.0,0.0,0.0,STARLINK-32754,0,N/A,N/A,0.0,406.6278010196641,False,0.0,0.0,0.0,17.947768688838188,0.022434710861047733,Insufficient Energy for CPU+NET,N/A,N/A,N/A
2449,Generic_Service,Rejected,246.73813437997774,N/A,N/A,N/A,0.007404685658368279,0.0,0.0,0.0,STARLINK-32754,0,N/A,N/A,0.0,0.03965645341728523,False,0.0,0.0,0.0,17.947768688838188,0.022434710861047733,Insufficient Energy for CPU,N/A,N/A,N/A
2452,CPU_and_Data_Intensive,Rejected,247.0038213803162,N/A,N/A,N/A,0.4727537116383369,0.0,0.0,0.0,STARLINK-32754,0,N/A,N/A,0.0,258.3108931530899,False,0.0,0.0,0.0,17.947768688838188,0.022434710861047733,Insufficient Energy for CPU+NET,N/A,N/A,N/A
2464,Generic_Service,Rejected,247.9528134379272,N/A,N/A,N/A,0.0067845754394655275,0.0,0.0,0.0,STARLINK-32754,0,N/A,N/A,0.0,0.025138414534884763,False,0.0,0.0,0.0,17.947768688838188,0.022434710861047733,Insufficient Energy for CPU,N/A,N/A,N/A
2475,Generic_Service,Rejected,248.49062739238212,N/A,N/A,N/A,0.007306939341868404,0.0,0.0,0.0,STARLINK-32754,0,N/A,N/A,0.0,0.08092917601125676,False,0.0,0.0,0.0,17.947768688838188,0.022434710861047733,Insufficient Energy for CPU,N/A,N/A,N/A
2530,CPU_and_Data_Intensive,Rejected,253.00626866928377,N/A,N/A,N/A,0.04395470086814417,0.0,0.0,0.0,STARLINK-32754,0,N/A,N/A,0.0,22.16808148132675,False,0.0,0.0,0.0,17.947768688838188,0.022434710861047733,Insufficient Energy for CPU+NET,N/A,N/A,N/A
2561,Generic_Service,Rejected,255.90312894571105,N/A,N/A,N/A,0.006641097406204784,0.0,0.0,0.0,STARLINK-32754,0,N/A,N/A,0.0,0.029035214895718073,False,0.0,0.0,0.0,17.947768688838188,0.022434710861047733,Insufficient Energy for CPU,N/A,N/A,N/A
2636,CPU_and_Data_Intensive,Rejected,263.4146850831722,N/A,N/A,N/A,0.6618528189917242,0.0,0.0,0.0,STARLINK-32754,0,N/A,N/A,0.0,407.37550693966216,False,0.0,0.0,0.0,17.947768688838188,0.022434710861047733,Insufficient Energy for CPU+NET,N/A,N/A,N/A
2645,CPU_and_Data_Intensive,Rejected,264.0242912213876,N/A,N/A,N/A,0.008293606164192278,0.0,0.0,0.0,STARLINK-32754,0,N/A,N/A,0.0,0.9153818446077275,False,0.0,0.0,0.0,17.947768688838188,0.022434710861047733,Insufficient Energy for CPU+NET,N/A,N/A,N/A
2656,Generic_Service,Rejected,265.3298467657948,N/A,N/A,N/A,0.0073538069960351286,0.0,0.0,0.0,STARLINK-32754,0,N/A,N/A,0.0,0.010104488411747036,False,0.0,0.0,0.0,17.947768688838188,0.022434710861047733,Insufficient Energy for CPU,N/A,N/A,N/A
2725,CPU_and_Data_Intensive,Rejected,271.4835181096747,N/A,N/A,N/A,0.5383143024545362,0.0,0.0,0.0,STARLINK-32754,0,N/A,N/A,0.0,322.47475941475074,False,0.0,0.0,0.0,17.947768688838188,0.022434710861047733,Insufficient Energy for CPU+NET,N/A,N/A,N/A
2762,CPU_and_Data_Intensive,Rejected,275.7369263604773,N/A,N/A,N/A,0.6188739013537741,0.0,0.0,0.0,STARLINK-32754,0,N/A,N/A,0.0,468.4855945233154,False,0.0,0.0,0.0,17.947768688838188,0.022434710861047733,Insufficient Energy for CPU+NET,N/A,N/A,N/A
2796,Generic_Service,Rejected,279.6100286358111,N/A,N/A,N/A,0.006743337342111532,0.0,0.0,0.0,STARLINK-32754,0,N/A,N/A,0.0,0.05471956871634609,False,0.0,0.0,0.0,17.947768688838188,0.022434710861047733,Insufficient Energy for CPU,N/A,N/A,N/A
2848,CPU_and_Data_Intensive,Rejected,283.585666556571,N/A,N/A,N/A,0.38489249808362513,0.0,0.0,0.0,STARLINK-32754,0,N/A,N/A,0.0,248.56515400150508,False,0.0,0.0,0.0,17.947768688838188,0.022434710861047733,Insufficient Energy for CPU+NET,N/A,N/A,N/A
1,CPU_and_Data_Intensive,Completed,0.4089688506117588,0.41022182671488194,0.41022182671488194,0.6999633048609348,0.2897414781460529,0.290994454249176,0.290994454249176,0.0,STARLINK-34199,1,2,2,0.0012529761031231117,1.448657748614751,False,2843.0056974052873,0.0006737943016812795,2843.006371199589,77156.99362880041,96.44624203600051,N/A,0.4089688506117588,0.8034515915282097,0.39448274091645086
67,CPU_Intensive,Completed,8.301583160433092,8.302387603920542,8.302387603920542,8.768930618967584,0.46654301504704243,0.46734745853449217,0.46734745853449233,0.0,STARLINK-34199,1,2,1,0.0008044434874497077,0.04971244210281333,False,4573.843052326226,2.3122066094331783e-05,4573.843075448292,72583.15057647355,90.72893822059194,N/A,8.301583160433092,8.960597342128965,0.6590141816958734
88,CPU_Intensive,Completed,10.646485455469364,10.647288758229752,10.647288758229752,10.656863607018899,0.009574848789146273,0.010378151549535364,0.01037815154953492,0.0,STARLINK-34199,1,2,1,0.0008033027603890905,0.046154585412579587,False,80.56990514737373,2.1467249029106784e-05,80.56992661462276,72502.58067132616,90.6282258391577,N/A,10.646485455469364,10.877125348045649,0.23063989257628492
94,Generic_Service,Completed,11.22923112571865,11.23003973492779,11.23003973492779,11.290733653335417,0.060693918407627834,0.061502527616766826,0.06150252761676711,0.0,STARLINK-34199,1,2,1,0.0008086092091389949,0.06270506872978453,False,578.4537401583096,2.916514824641141e-05,578.4537693234579,71924.12693116783,89.9051586639598,N/A,11.22923112571865,11.482926295811367,0.25369517009271725
103,Generic_Service,Completed,12.133720907047394,12.134521475954957,12.134521475954957,12.153540954997375,0.019019479042418297,0.019820047949981205,0.019820047949981046,0.0,STARLINK-34199,1,2,1,0.0008005689075629076,0.03762786863382097,False,175.9710793697122,1.7501334248288824e-05,175.97109687104646,71748.1558517981,89.68519481474763,N/A,12.133720907047394,12.394572646126075,0.26085173907868153
105,CPU_and_Data_Intensive,Completed,12.187947609997325,12.189413104207102,12.189413104207102,14.295563959087412,2.10615085488031,2.1076163490900877,2.1076163490900868,0.0,STARLINK-34199,1,2,2,0.0014654942097775245,2.111488493724873,False,20704.51708602791,0.000982087671499941,20704.518068115583,51043.637783682505,63.80454722960312,N/A,12.187947609997325,14.415763323128193,2.227815713130868
121,CPU_and_Data_Intensive,Completed,14.2339662257507,14.235281381707782,14.235281381707782,14.684529674780633,0.4492482930728503,0.450563449029932,0.4505634490299322,0.0,STARLINK-34199,1,2,3,0.001315155957081731,1.6425928423300917,False,4410.881883822556,0.0007639966708512055,4410.882647819227,46632.7551358624,58.290943919827996,N/A,14.2339662257507,14.820360276763758,0.5863940510130572
258,Generic_Service,Completed,27.22079264687005,27.22158854177432,27.22158854177432,27.230389363492076,0.00880082171775598,0.009596716622026302,0.009596716622027657,0.0,STARLINK-34199,1,2,1,0.0007958949042703223,0.02304994332739284,False,79.76512127913504,1.0720903873205971e-05,79.76513200003892,46552.99001458265,58.19123751822831,N/A,27.22079264687005,27.363514833306315,0.14272218643626644
285,CPU_and_Data_Intensive,Completed,29.296607309576803,29.30076704746494,29.30076704746494,29.3318463341647,0.0310792866997609,0.03523902458789744,0.035239024587898626,0.0,STARLINK-34199,1,2,2,0.004159737888136539,10.514666806144962,False,257.568564591862,0.00489054270053254,257.57345513456255,46295.41655944807,57.86927069931009,N/A,29.296607309576803,29.47854487051977,0.18193756094296631
293,CPU_Intensive,Completed,31.20697066910764,31.207766296279985,31.207766296279985,31.26540222669568,0.057635930415695924,0.05843155758804191,0.058431557588040306,0.0,STARLINK-34199,1,2,1,0.0007956271723459829,0.02221490412205976,False,560.3086896990354,1.0332513545144074e-05,560.3087000315489,45735.107869745385,57.168884837181736,N/A,31.20697066910764,31.388541330608607,0.18157066150096668
301,Generic_Service,Completed,32.171647001634206,32.17245477915053,32.17245477915053,32.23187190789693,0.05941712874640359,0.06022490626272194,0.06022490626272514,0.0,STARLINK-34199,1,2,1,0.0008077775163183517,0.06011107059622227,False,566.6607312035359,2.795863748661501e-05,566.6607591621733,45168.447138541844,56.46055892317731,N/A,32.171647001634206,32.39524440472112,0.223597403086913
305,Generic_Service,Completed,32.57130138345726,32.57211235244914,32.57211235244914,32.58472840779213,0.012616055342988375,0.013427024334864162,0.013427024334866644,0.0,STARLINK-34199,1,2,1,0.0008109689918757865,0.07006508418611015,False,103.43514786511457,3.258841124935356e-05,103.43518045352582,45065.0119906767,56.33126498834587,N/A,32.57130138345726,32.69731659840916,0.1260152149518987
308,Generic_Service,Completed,32.92283977906935,32.9236463382073,32.9236463382073,32.97233672995527,0.04869039174797507,0.04949695088592301,0.04949695088592421,0.0,STARLINK-34199,1,2,1,0.0008065591379479452,0.056311024304656856,False,462.28203707774884,2.6191174095189237e-05,462.2820632689229,44602.72995359893,55.75341244199866,N/A,32.92283977906935,33.104500666926526,0.18166088785717704
314,CPU_Intensive,Completed,33.43134491319535,33.43215268112298,33.43215268112298,33.46671162116921,0.03455894004623161,0.035366707973856666,0.0353667079738571,0.0,STARLINK-34199,1,2,1,0.0008077679276250508,0.06008116405872622,False,322.1871052088247,2.7944727469174986e-05,322.18713315355217,44280.54284839008,55.35067856048761,N/A,33.43134491319535,33.608198221491776,0.17685330829642254
315,CPU_Intensive,Completed,33.628277946414215,33.629074837099715,33.629074837099715,34.337094398453,0.7080195613532823,0.708816452038783,0.7088164520387821,0.0,STARLINK-34199,1,2,1,0.0007968906855006736,0.026155722996104892,False,6955.726836710093,1.2165452556327856e-05,6955.726848875546,37324.81601167996,46.65602001459995,N/A,33.628277946414215,34.6163338880213,0.9880559416070867
321,CPU_and_Data_Intensive,Completed,34.33625027070979,34.33756103959862,34.33756103959862,36.41683117709912,2.079270137500501,2.0805809063893306,2.0805809063893292,0.0,STARLINK-34199,1,2,2,0.0013107688888297807,1.6289098495533025,False,20442.350439489506,0.0007576324881643267,20442.351197121996,16882.46481455796,21.10308101819745,N/A,34.33625027070979,36.53560396565279,2.1993536949429995
464,Generic_Service,Completed,47.481861960622524,47.48267106743708,47.48267106743708,47.49314149957727,0.01047043214018828,0.011279538954748298,0.01127953895474576,0.0,STARLINK-34199,1,2,1,0.0008091068145600192,0.06425706906133624,False,84.0441037876442,2.988700886573779e-05,84.04413367465307,16798.42071076981,20.998025888462262,N/A,47.481861960622524,47.63281289961963,0.15095093899710577
514,Generic_Service,Completed,52.74534941079476,52.74615022136612,52.74615022136612,52.763752964176724,0.01760274281060248,0.018403553381965317,0.01840355338196531,0.0,STARLINK-34199,1,2,1,0.0008008105713628381,0.038381602981899535,False,161.8152661999563,1.7851908363674202e-05,161.81528405186467,16636.605444569832,20.79575680571229,N/A,52.74534941079476,52.97115826860763,0.22580885781287208
520,Generic_Service,Completed,53.39155861507216,53.392369161100696,53.392369161100696,53.45490639366476,0.06253723256406118,0.06334777859259769,0.06334777859260043,0.0,STARLINK-34199,1,2,1,0.000810546028536506,0.06874588786094503,False,594.8029523207526,3.1974831563230244e-05,594.8029842955842,16041.802492249064,20.05225311531133,N/A,53.39155861507216,53.57802703465662,0.18646841958446458
547,CPU_Intensive,Completed,55.535238680378235,55.536034243459255,55.536034243459255,55.59788450766897,0.061850264209716954,0.06264582729073581,0.06264582729073709,0.0,STARLINK-34199,1,2,1,0.0007955630810188624,0.022015007262544163,False,601.8159275295953,1.0239538261648448e-05,601.8159377691336,15439.986564719442,19.299983205899302,N/A,55.535238680378235,55.79048473905771,0.25524605867947514
556,CPU_Intensive,Completed,56.34411384509708,56.34492313072654,56.34492313072654,57.090248944509206,0.7453258137826637,0.7461350994121289,0.746135099412129,0.0,STARLINK-34199,1,2,1,0.0008092856294651885,0.06481478161908488,False,7311.246072909653,3.014641005538832e-05,7311.246103056063,8128.74049180978,10.160925614762226,N/A,56.34411384509708,57.19824158347694,0.8541277383798658
622,CPU_Intensive,Completed,62.84503312907104,62.84583080075652,62.84583080075652,62.860608119257904,0.014777318501387526,0.01557499018686364,0.015574990186863147,0.0,STARLINK-34199,1,2,1,0.0007976716854761136,0.02859161330117775,False,136.911617943347,1.3298424791245465e-05,136.9116312417718,7991.828873866408,9.98978609233301,N/A,62.84503312907104,63.04653640836721,0.20150327929616907
624,CPU_and_Data_Intensive,Completed,62.99253070357961,62.993718763103274,62.993718763103274,63.503079962088265,0.5093611989849904,0.5105492585086556,0.5105492585086537,0.0,STARLINK-34199,1,2,2,0.0011880595236651705,1.2461869784319595,False,5003.910860223073,0.0005796218504334695,5003.911439844923,2987.9174340214754,3.734896792526844,N/A,62.99253070357961,63.651435937069415,0.6589052334898042
695,CPU_and_Data_Intensive,Completed,69.75780863361737,69.75865611054496,69.75865611054496,70.03878325728633,0.2801271467413642,0.2809746236689561,0.2809746236689534,0.0,STARLINK-34199,1,2,2,0.0008474769275919003,0.18393106301536247,False,2754.2333558634873,8.554933163505231e-05,2754.233441412819,233.68399260822991,0.2921049907602874,N/A,69.75780863361737,70.1811574494371,0.42334881581972184
1070,Generic_Service,Completed,108.42441267243206,108.42521615639774,108.42521615639774,108.4345897964874,0.009373640089663127,0.010177124055346097,0.010177124055346098,0.0,STARLINK-34199,1,2,1,0.0008034839656829697,0.04671975344390959,False,78.42447202278575,2.1730117880888184e-05,78.42449375290363,155.25952058537425,0.1940744007317178,N/A,108.42441267243206,108.56013294628744,0.13572027385538377
1216,Generic_Service,Completed,124.17245452175534,124.17325571409991,124.17325571409991,124.18513321299527,0.01187749889535894,0.012678691239919998,0.01267869123992682,0.0,STARLINK-34199,1,2,1,0.0008011923445610578,0.03957232982123916,False,105.15614603517913,1.8405734800576357e-05,105.15616444091394,50.10337455018045,0.06262921818772556,N/A,124.17245452175534,124.37226536118658,0.1998108394312368
561,CPU_Intensive,Rejected,57.00867368782729,N/A,N/A,N/A,0.8353815170855476,0.0,0.0,0.0,STARLINK-34199,0,N/A,N/A,0.0,0.020336532941640412,False,0.0,0.0,0.0,50.10337455016341,0.06262921818770426,Insufficient Energy for CPU,N/A,N/A,N/A
628,CPU_Intensive,Rejected,63.447616284068246,N/A,N/A,N/A,0.4392130430480768,0.0,0.0,0.0,STARLINK-34199,0,N/A,N/A,0.0,0.030573374337180825,False,0.0,0.0,0.0,50.10337455016341,0.06262921818770426,Insufficient Energy for CPU,N/A,N/A,N/A
631,CPU_and_Data_Intensive,Rejected,63.57111261689425,N/A,N/A,N/A,0.7539454344027333,0.0,0.0,0.0,STARLINK-34199,0,N/A,N/A,0.0,465.45456231219293,False,0.0,0.0,0.0,50.10337455016341,0.06262921818770426,Insufficient Energy for CPU+NET,N/A,N/A,N/A
694,CPU_Intensive,Rejected,69.70874056315762,N/A,N/A,N/A,0.420099177587898,0.0,0.0,0.0,STARLINK-34199,0,N/A,N/A,0.0,0.014024555841798328,False,0.0,0.0,0.0,50.10337455016341,0.06262921818770426,Insufficient Energy for CPU,N/A,N/A,N/A
697,CPU_Intensive,Rejected,69.91004891134436,N/A,N/A,N/A,1.5231861694381719,0.0,0.0,0.0,STARLINK-34199,0,N/A,N/A,0.0,0.021075344286302845,False,0.0,0.0,0.0,50.10337455016341,0.06262921818770426,Insufficient Energy for CPU,N/A,N/A,N/A
699,CPU_Intensive,Rejected,70.03133015065006,N/A,N/A,N/A,0.5253109508284292,0.0,0.0,0.0,STARLINK-34199,0,N/A,N/A,0.0,0.03288053770736272,False,0.0,0.0,0.0,50.10337455016341,0.06262921818770426,Insufficient Energy for CPU,N/A,N/A,N/A
1145,CPU_and_Data_Intensive,Rejected,116.55935549316388,N/A,N/A,N/A,0.03226062140364331,0.0,0.0,0.0,STARLINK-34199,0,N/A,N/A,0.0,12.918194751281462,False,0.0,0.0,0.0,50.10337455016341,0.06262921818770426,Insufficient Energy for CPU+NET,N/A,N/A,N/A
1378,Generic_Service,Rejected,140.1972042303469,N/A,N/A,N/A,0.013584742552463391,0.0,0.0,0.0,STARLINK-34199,0,N/A,N/A,0.0,0.014125938661773977,False,0.0,0.0,0.0,50.10337455016341,0.06262921818770426,Insufficient Energy for CPU,N/A,N/A,N/A
1465,Generic_Service,Rejected,147.93809279712448,N/A,N/A,N/A,0.012386390575862119,0.0,0.0,0.0,STARLINK-34199,0,N/A,N/A,0.0,0.025307851280637644,False,0.0,0.0,0.0,50.10337455016341,0.06262921818770426,Insufficient Energy for CPU,N/A,N/A,N/A
1466,CPU_and_Data_Intensive,Rejected,147.97710626894246,N/A,N/A,N/A,0.02119564128263265,0.0,0.0,0.0,STARLINK-34199,0,N/A,N/A,0.0,7.976600444649763,False,0.0,0.0,0.0,50.10337455016341,0.06262921818770426,Insufficient Energy for CPU+NET,N/A,N/A,N/A
1468,Generic_Service,Rejected,148.00906737096216,N/A,N/A,N/A,0.01286850964219537,0.0,0.0,0.0,STARLINK-34199,0,N/A,N/A,0.0,0.08389627429841108,False,0.0,0.0,0.0,50.10337455016341,0.06262921818770426,Insufficient Energy for CPU,N/A,N/A,N/A
1474,Generic_Service,Rejected,148.75161414796682,N/A,N/A,N/A,0.0130459121323645,0.0,0.0,0.0,STARLINK-34199,0,N/A,N/A,0.0,0.03426016192046549,False,0.0,0.0,0.0,50.10337455016341,0.06262921818770426,Insufficient Energy for CPU,N/A,N/A,N/A
1484,Generic_Service,Rejected,149.242762696068,N/A,N/A,N/A,0.013125583193360619,0.0,0.0,0.0,STARLINK-34199,0,N/A,N/A,0.0,0.033576597096053304,False,0.0,0.0,0.0,50.10337455016341,0.06262921818770426,Insufficient Energy for CPU,N/A,N/A,N/A
1575,CPU_Intensive,Rejected,159.3755347423534,N/A,N/A,N/A,0.009192424662322464,0.0,0.0,0.0,STARLINK-34199,0,N/A,N/A,0.0,0.05756158083728298,False,0.0,0.0,0.0,50.10337455016341,0.06262921818770426,Insufficient Energy for CPU,N/A,N/A,N/A
1632,Generic_Service,Rejected,165.27812573440033,N/A,N/A,N/A,0.013030877266503982,0.0,0.0,0.0,STARLINK-34199,0,N/A,N/A,0.0,0.026028025571063325,False,0.0,0.0,0.0,50.10337455016341,0.06262921818770426,Insufficient Energy for CPU,N/A,N/A,N/A
1635,Generic_Service,Rejected,165.37298277757478,N/A,N/A,N/A,0.01357457719615153,0.0,0.0,0.0,STARLINK-34199,0,N/A,N/A,0.0,0.016020954283624596,False,0.0,0.0,0.0,50.10337455016341,0.06262921818770426,Insufficient Energy for CPU,N/A,N/A,N/A
1644,Generic_Service,Rejected,166.3371845384084,N/A,N/A,N/A,0.013028540513869109,0.0,0.0,0.0,STARLINK-34199,0,N/A,N/A,0.0,0.06329641451337482,False,0.0,0.0,0.0,50.10337455016341,0.06262921818770426,Insufficient Energy for CPU,N/A,N/A,N/A
1647,Generic_Service,Rejected,166.65979344810899,N/A,N/A,N/A,0.011718698939634483,0.0,0.0,0.0,STARLINK-34199,0,N/A,N/A,0.0,0.08436732795848413,False,0.0,0.0,0.0,50.10337455016341,0.06262921818770426,Insufficient Energy for CPU,N/A,N/A,N/A
1697,Generic_Service,Rejected,172.21320484754088,N/A,N/A,N/A,0.0119864890657655,0.0,0.0,0.0,STARLINK-34199,0,N/A,N/A,0.0,0.07132829186225244,False,0.0,0.0,0.0,50.10337455016341,0.06262921818770426,Insufficient Energy for CPU,N/A,N/A,N/A
1700,Generic_Service,Rejected,172.4279098910986,N/A,N/A,N/A,0.012001045448037137,0.0,0.0,0.0,STARLINK-34199,0,N/A,N/A,0.0,0.07153816348748016,False,0.0,0.0,0.0,50.10337455016341,0.06262921818770426,Insufficient Energy for CPU,N/A,N/A,N/A
1724,Generic_Service,Rejected,174.57329011452978,N/A,N/A,N/A,0.0135440392413049,0.0,0.0,0.0,STARLINK-34199,0,N/A,N/A,0.0,0.050032673264757216,False,0.0,0.0,0.0,50.10337455016341,0.06262921818770426,Insufficient Energy for CPU,N/A,N/A,N/A
1728,Generic_Service,Rejected,175.06383590222686,N/A,N/A,N/A,0.009613820112105754,0.0,0.0,0.0,STARLINK-34199,0,N/A,N/A,0.0,0.0760214677348888,False,0.0,0.0,0.0,50.10337455016341,0.06262921818770426,Insufficient Energy for CPU,N/A,N/A,N/A
1745,Generic_Service,Rejected,176.82964104660573,N/A,N/A,N/A,0.00992972761171768,0.0,0.0,0.0,STARLINK-34199,0,N/A,N/A,0.0,0.06611292087073378,False,0.0,0.0,0.0,50.10337455016341,0.06262921818770426,Insufficient Energy for CPU,N/A,N/A,N/A
1774,Generic_Service,Rejected,179.9470676381419,N/A,N/A,N/A,0.009927445385132228,0.0,0.0,0.0,STARLINK-34199,0,N/A,N/A,0.0,0.022641908760698506,False,0.0,0.0,0.0,50.10337455016341,0.06262921818770426,Insufficient Energy for CPU,N/A,N/A,N/A
1791,Generic_Service,Rejected,182.10982556496148,N/A,N/A,N/A,0.009601290616045343,0.0,0.0,0.0,STARLINK-34199,0,N/A,N/A,0.0,0.07925049247384273,False,0.0,0.0,0.0,50.10337455016341,0.06262921818770426,Insufficient Energy for CPU,N/A,N/A,N/A
1803,Generic_Service,Rejected,183.6589218908935,N/A,N/A,N/A,0.010632531096416983,0.0,0.0,0.0,STARLINK-34199,0,N/A,N/A,0.0,0.07956527885797046,False,0.0,0.0,0.0,50.10337455016341,0.06262921818770426,Insufficient Energy for CPU,N/A,N/A,N/A
1871,Generic_Service,Rejected,190.7807964918367,N/A,N/A,N/A,0.011474693802083078,0.0,0.0,0.0,STARLINK-34199,0,N/A,N/A,0.0,0.030968639008590593,False,0.0,0.0,0.0,50.10337455016341,0.06262921818770426,Insufficient Energy for CPU,N/A,N/A,N/A
1882,Generic_Service,Rejected,191.5877932030417,N/A,N/A,N/A,0.012850519648187148,0.0,0.0,0.0,STARLINK-34199,0,N/A,N/A,0.0,0.07514674336121059,False,0.0,0.0,0.0,50.10337455016341,0.06262921818770426,Insufficient Energy for CPU,N/A,N/A,N/A
1884,Generic_Service,Rejected,191.83543930783512,N/A,N/A,N/A,0.01282541764288096,0.0,0.0,0.0,STARLINK-34199,0,N/A,N/A,0.0,0.06430977134913413,False,0.0,0.0,0.0,50.10337455016341,0.06262921818770426,Insufficient Energy for CPU,N/A,N/A,N/A
1915,CPU_Intensive,Rejected,194.2055137190693,N/A,N/A,N/A,0.010395353548644654,0.0,0.0,0.0,STARLINK-34199,0,N/A,N/A,0.0,0.061864865899422215,False,0.0,0.0,0.0,50.10337455016341,0.06262921818770426,Insufficient Energy for CPU,N/A,N/A,N/A
1952,Generic_Service,Rejected,197.331621541961,N/A,N/A,N/A,0.012015800680279616,0.0,0.0,0.0,STARLINK-34199,0,N/A,N/A,0.0,0.06473714969851248,False,0.0,0.0,0.0,50.10337455016341,0.06262921818770426,Insufficient Energy for CPU,N/A,N/A,N/A
1994,Generic_Service,Rejected,200.8007317190505,N/A,N/A,N/A,0.00806565547944706,0.0,0.0,0.0,STARLINK-34199,0,N/A,N/A,0.0,0.06690608884356453,False,0.0,0.0,0.0,50.10337455016341,0.06262921818770426,Insufficient Energy for CPU,N/A,N/A,N/A
2229,Generic_Service,Rejected,224.06558800194372,N/A,N/A,N/A,0.008766002026213976,0.0,0.0,0.0,STARLINK-34199,0,N/A,N/A,0.0,0.06610979835090763,False,0.0,0.0,0.0,50.10337455016341,0.06262921818770426,Insufficient Energy for CPU,N/A,N/A,N/A
2235,Generic_Service,Rejected,225.03813619621116,N/A,N/A,N/A,0.012314527393282823,0.0,0.0,0.0,STARLINK-34199,0,N/A,N/A,0.0,0.04127901500598094,False,0.0,0.0,0.0,50.10337455016341,0.06262921818770426,Insufficient Energy for CPU,N/A,N/A,N/A
2236,Generic_Service,Rejected,225.04076904216478,N/A,N/A,N/A,0.01181046714385341,0.0,0.0,0.0,STARLINK-34199,0,N/A,N/A,0.0,0.015386628252205454,False,0.0,0.0,0.0,50.10337455016341,0.06262921818770426,Insufficient Energy for CPU,N/A,N/A,N/A
2285,Generic_Service,Rejected,230.90875110836754,N/A,N/A,N/A,0.010130343252438993,0.0,0.0,0.0,STARLINK-34199,0,N/A,N/A,0.0,0.06932595656000493,False,0.0,0.0,0.0,50.10337455016341,0.06262921818770426,Insufficient Energy for CPU,N/A,N/A,N/A
2351,Generic_Service,Rejected,237.8487034325083,N/A,N/A,N/A,0.009430703831363579,0.0,0.0,0.0,STARLINK-34199,0,N/A,N/A,0.0,0.018033549055437095,False,0.0,0.0,0.0,50.10337455016341,0.06262921818770426,Insufficient Energy for CPU,N/A,N/A,N/A
2360,CPU_Intensive,Rejected,238.86065939293417,N/A,N/A,N/A,0.013004411188845794,0.0,0.0,0.0,STARLINK-34199,0,N/A,N/A,0.0,0.027667743332443637,False,0.0,0.0,0.0,50.10337455016341,0.06262921818770426,Insufficient Energy for CPU,N/A,N/A,N/A
2388,Generic_Service,Rejected,241.6828383767618,N/A,N/A,N/A,0.01232385240740468,0.0,0.0,0.0,STARLINK-34199,0,N/A,N/A,0.0,0.045540373089395125,False,0.0,0.0,0.0,50.10337455016341,0.06262921818770426,Insufficient Energy for CPU,N/A,N/A,N/A
2416,Generic_Service,Rejected,244.43817961059844,N/A,N/A,N/A,0.01358981573065439,0.0,0.0,0.0,STARLINK-34199,0,N/A,N/A,0.0,0.0856837261435618,False,0.0,0.0,0.0,50.10337455016341,0.06262921818770426,Insufficient Energy for CPU,N/A,N/A,N/A
2424,CPU_and_Data_Intensive,Rejected,244.8471589081452,N/A,N/A,N/A,0.02108955825245229,0.0,0.0,0.0,STARLINK-34199,0,N/A,N/A,0.0,5.157615607904912,False,0.0,0.0,0.0,50.10337455016341,0.06262921818770426,Insufficient Energy for CPU+NET,N/A,N/A,N/A
2436,Generic_Service,Rejected,245.83894527806524,N/A,N/A,N/A,0.012091674015218282,0.0,0.0,0.0,STARLINK-34199,0,N/A,N/A,0.0,0.04941011517188182,False,0.0,0.0,0.0,50.10337455016341,0.06262921818770426,Insufficient Energy for CPU,N/A,N/A,N/A
2517,CPU_Intensive,Rejected,252.01199562580157,N/A,N/A,N/A,0.012945089511684639,0.0,0.0,0.0,STARLINK-34199,0,N/A,N/A,0.0,0.03469855397974384,False,0.0,0.0,0.0,50.10337455016341,0.06262921818770426,Insufficient Energy for CPU,N/A,N/A,N/A
2535,Generic_Service,Rejected,253.454366815278,N/A,N/A,N/A,0.008095076913007086,0.0,0.0,0.0,STARLINK-34199,0,N/A,N/A,0.0,0.07772031175797885,False,0.0,0.0,0.0,50.10337455016341,0.06262921818770426,Insufficient Energy for CPU,N/A,N/A,N/A
2541,Generic_Service,Rejected,254.47159431954876,N/A,N/A,N/A,0.008654020557944788,0.0,0.0,0.0,STARLINK-34199,0,N/A,N/A,0.0,0.018297439592007997,False,0.0,0.0,0.0,50.10337455016341,0.06262921818770426,Insufficient Energy for CPU,N/A,N/A,N/A
2603,Generic_Service,Rejected,260.6264991584959,N/A,N/A,N/A,0.012415049999405401,0.0,0.0,0.0,STARLINK-34199,0,N/A,N/A,0.0,0.053608063314360944,False,0.0,0.0,0.0,50.10337455016341,0.06262921818770426,Insufficient Energy for CPU,N/A,N/A,N/A
2683,Generic_Service,Rejected,268.29808655035816,N/A,N/A,N/A,0.011329053678727538,0.0,0.0,0.0,STARLINK-34199,0,N/A,N/A,0.0,0.014079234510628749,False,0.0,0.0,0.0,50.10337455016341,0.06262921818770426,Insufficient Energy for CPU,N/A,N/A,N/A
2709,CPU_and_Data_Intensive,Rejected,270.45086616407326,N/A,N/A,N/A,0.010433869061949926,0.0,0.0,0.0,STARLINK-34199,0,N/A,N/A,0.0,0.5474057219525903,False,0.0,0.0,0.0,50.10337455016341,0.06262921818770426,Insufficient Energy for CPU+NET,N/A,N/A,N/A
2735,CPU_and_Data_Intensive,Rejected,272.6822589804671,N/A,N/A,N/A,0.01672340092227554,0.0,0.0,0.0,STARLINK-34199,0,N/A,N/A,0.0,2.2060448795899372,False,0.0,0.0,0.0,50.10337455016341,0.06262921818770426,Insufficient Energy for CPU+NET,N/A,N/A,N/A
2846,Generic_Service,Rejected,283.4116940337083,N/A,N/A,N/A,0.01211549122144693,0.0,0.0,0.0,STARLINK-34199,0,N/A,N/A,0.0,0.033854299924661824,False,0.0,0.0,0.0,50.10337455016341,0.06262921818770426,Insufficient Energy for CPU,N/A,N/A,N/A
2866,Generic_Service,Rejected,285.12599600491166,N/A,N/A,N/A,0.008998719705748224,0.0,0.0,0.0,STARLINK-34199,0,N/A,N/A,0.0,0.020288840025632436,False,0.0,0.0,0.0,50.10337455016341,0.06262921818770426,Insufficient Energy for CPU,N/A,N/A,N/A
2868,Generic_Service,Rejected,285.2881807975043,N/A,N/A,N/A,0.012651018389577407,0.0,0.0,0.0,STARLINK-34199,0,N/A,N/A,0.0,0.06452428879791032,False,0.0,0.0,0.0,50.10337455016341,0.06262921818770426,Insufficient Energy for CPU,N/A,N/A,N/A
2882,Generic_Service,Rejected,287.37366249000195,N/A,N/A,N/A,0.012633473947059654,0.0,0.0,0.0,STARLINK-34199,0,N/A,N/A,0.0,0.03778970308241373,False,0.0,0.0,0.0,50.10337455016341,0.06262921818770426,Insufficient Energy for CPU,N/A,N/A,N/A
2899,Generic_Service,Rejected,288.558268925853,N/A,N/A,N/A,0.01116825387914084,0.0,0.0,0.0,STARLINK-34199,0,N/A,N/A,0.0,0.010405237982995379,False,0.0,0.0,0.0,50.10337455016341,0.06262921818770426,Insufficient Energy for CPU,N/A,N/A,N/A
2952,Generic_Service,Rejected,293.68611109349513,N/A,N/A,N/A,0.013054847429362327,0.0,0.0,0.0,STARLINK-34199,0,N/A,N/A,0.0,0.013391398406136528,False,0.0,0.0,0.0,50.10337455016341,0.06262921818770426,Insufficient Energy for CPU,N/A,N/A,N/A
2999,CPU_Intensive,Rejected,299.1304767257817,N/A,N/A,N/A,0.01376444508630522,0.0,0.0,0.0,STARLINK-34199,0,N/A,N/A,0.0,0.07473840231301132,False,0.0,0.0,0.0,50.10337455016341,0.06262921818770426,Insufficient Energy for CPU,N/A,N/A,N/A
22000,Batch,Completed,0,0,0.0,0.008007700616507527,0.008007700616507527,0.008007700616507527,0.008007700616507527,0.0,STARLINK-6261,0,N/A,0,0.0,17.216556325491183,False,0.0,0.008007700616507527,0.008007700616507527,80000,100.0,N/A,N/A,N/A,N/A
21000,Batch,Completed,0,0,0.0,0.010141950402624358,0.010141950402624358,0.010141950402624358,0.010141950402624358,0.0,STARLINK-6261,0,N/A,0,0.0,21.80519336564237,False,0.0,0.010141950402624358,0.010141950402624358,79999.99199229939,99.99998999037423,N/A,N/A,N/A,N/A
14,CPU_Intensive,Completed,2.9564633460041683,2.9573531429230546,2.9573531429230546,3.3795186011909797,0.42216545826792506,0.42305525518681136,0.4230552551868114,0.0,STARLINK-6261,1,2,3,0.000889796918886291,0.021293076841786607,False,4145.759774895876,9.903756670598422e-06,4145.759784799633,75854.2220754531,94.81777759431638,N/A,2.9564633460041683,3.518849607392206,0.5623862613880379
75,CPU_and_Data_Intensive,Completed,9.17118060695905,9.17288131867736,9.17288131867736,9.483002596710483,0.3101212780331224,0.3118219897514322,0.31182198975143294,0.0,STARLINK-6261,1,2,4,0.001700711718309803,2.0833210638851134,False,3040.5395524953524,0.0009689865413419132,3040.540521481894,72813.68155397121,91.01710194246402,N/A,9.17118060695905,9.666453769211989,0.49527316225293916
76,CPU_and_Data_Intensive,Completed,9.449232380164357,9.550027971308085,9.550027971308085,10.488821094865944,0.9387931235578595,1.0395887147015876,1.039588714701587,0.0,STARLINK-6261,1,2,4,0.10079559114372819,254.06591515781656,False,8070.897568676939,0.11817019309665887,8071.015738870035,64742.66581510052,80.92833226887565,N/A,9.449232380164357,10.675053055778227,1.2258206756138694
158,CPU_and_Data_Intensive,Completed,18.299404988306456,18.300489093883147,18.300489093883147,18.99151045196992,0.6910213580867719,0.6921054636634629,0.6921054636634629,0.0,STARLINK-6261,1,2,4,0.001084105576691063,0.5153892393524538,False,6793.897256897881,0.00023971592528021108,6793.897496613806,57948.76831839399,72.43596039799249,N/A,18.299404988306456,19.16136545048584,0.8619604621793826
173,CPU_and_Data_Intensive,Completed,18.975165756251144,18.97640414068252,18.97640414068252,19.465604689878806,0.48920054919628697,0.4904389336276622,0.49043893362766156,0.0,STARLINK-6261,1,2,5,0.001238384431375241,0.9076959482618551,False,4807.177537386348,0.00042218416198225815,4807.17795957051,53141.590358823305,66.42698794852913,N/A,18.975165756251144,19.670783626672705,0.695617870421561
239,CPU_Intensive,Completed,25.525242193289838,25.526143398764386,25.526143398764386,25.658157193904252,0.13201379513986566,0.13291500061441386,0.13291500061441397,0.0,STARLINK-6261,1,2,3,0.0009012054745481981,0.05030322819593383,False,1283.545135221392,2.3396850323690154e-05,1283.5451586182423,51858.04522360161,64.82255652950202,N/A,25.525242193289838,25.94351771675058,0.4182755234607427
244,Generic_Service,Completed,26.057659288074507,26.058558461726008,26.058558461726008,26.069165324158504,0.0106068624324962,0.01150603608399775,0.011506036083996918,0.0,STARLINK-6261,1,2,3,0.000899173651501551,0.04513662377598197,False,91.0197935690436,2.099377850045673e-05,91.0198145628221,51767.025430032554,64.70878178754069,N/A,26.057659288074507,26.349963046618328,0.2923037585438202
252,CPU_Intensive,Completed,26.597291572932424,26.598182817744,26.598182817744,26.750089166609634,0.1519063488656336,0.15279759367720902,0.15279759367721013,0.0,STARLINK-6261,1,2,3,0.0008912448115754393,0.024974838784448873,False,1486.6531953542735,1.1616204085790173e-05,1486.6532069704776,50280.37223467827,62.85046529334784,N/A,26.597291572932424,26.85383403606411,0.25654246313168727
262,CPU_and_Data_Intensive,Completed,27.504441127728345,27.505597394144456,27.505597394144456,27.526364668436592,0.02076727429213676,0.021923540708246977,0.021923540708247202,0.0,STARLINK-6261,1,2,4,0.001156266416110214,0.6988828327072799,False,201.05092986914255,0.0003250617826545488,201.0512549309252,50079.32097974734,62.59915122468417,N/A,27.504441127728345,27.667294783312833,0.16285365558448817
263,CPU_Intensive,Completed,27.589551823268565,27.590442143092623,27.590442143092623,29.2166683480085,1.626226204915877,1.6271165247399375,1.627116524739936,0.0,STARLINK-6261,1,2,3,0.0008903198240604094,0.022622741936527038,False,15987.409673830505,1.052220555187304e-05,15987.409684352711,34091.911305916554,42.614889132395696,N/A,27.589551823268565,29.376472673229088,1.7869208499605236
283,CPU_Intensive,Completed,29.16072912628545,29.161632046950615,29.161632046950615,29.964407052324816,0.8027750053742011,0.8036779260393676,0.8036779260393665,0.0,STARLINK-6261,1,2,4,0.0009029206651665076,0.05466468646575764,False,7879.254596430159,2.542543556546867e-05,7879.254621855594,26212.656709486386,32.76582088685798,N/A,29.16072912628545,30.082921153691583,0.9221920274061333
449,CPU_Intensive,Completed,46.704709337761194,46.70559811608191,46.70559811608191,46.89347777923544,0.18787966315353088,0.1887684414742468,0.1887684414742452,0.0,STARLINK-6261,1,2,3,0.000888778320715894,0.018702942913532927,False,1842.3018853434814,8.69904321559671e-06,1842.3018940425247,24370.354824142887,30.46294353017861,N/A,46.704709337761194,47.128788501151504,0.42407916339031004
463,CPU_and_Data_Intensive,Completed,47.4097548090375,47.417350130813546,47.417350130813546,48.003535275581875,0.5861851447683293,0.593780466544373,0.5937804665443736,0.0,STARLINK-6261,1,2,4,0.007595321776043707,17.072381468745654,False,5687.084742420585,0.00794064254360263,5687.092683063129,18683.26214107975,23.35407767634969,N/A,47.4097548090375,48.239877146439994,0.8301223374024929
499,Generic_Service,Completed,51.95889200168199,51.959783298209196,51.959783298209196,51.99217115045178,0.03238785224258578,0.03327914876979042,0.03327914876979321,0.0,STARLINK-6261,1,2,3,0.0008912965272046437,0.025106343444202223,False,311.13968526784794,1.1677369043814988e-05,311.139696945217,18372.122455806133,22.965153069757665,N/A,51.95889200168199,52.16037709247222,0.20148509079022858
503,CPU_Intensive,Completed,52.078741494996684,52.079641300101194,52.079641300101194,52.54922290409663,0.4695816039954366,0.470481409099948,0.4704814090999463,0.0,STARLINK-6261,1,2,3,0.000899805104511428,0.04674230883660091,False,4604.60299475068,2.1740608761209724e-05,4604.603016491289,13767.519461055443,17.209399326319303,N/A,52.078741494996684,52.66775374060332,0.5890122456066322
508,CPU_and_Data_Intensive,Completed,52.490648687892374,52.49202096694,52.49202096694,53.092389535924084,0.6003685689840879,0.6017408480317128,0.6017408480317101,0.0,STARLINK-6261,1,2,5,0.001372279047624889,1.2481687651564028,False,5898.96715776508,0.0005805436117006525,5898.967738308691,7868.5517227467335,9.835689653433418,N/A,52.490648687892374,53.274317481354295,0.7836687934619206
625,CPU_Intensive,Completed,63.021142791427465,63.022055667086654,63.022055667086654,63.36935440249142,0.3472987354047632,0.34821161106394993,0.3482116110639524,0.0,STARLINK-6261,1,2,3,0.0009128756591867598,0.07997866062827433,False,3392.147222721947,3.719937703640667e-05,3392.147259921324,4476.404500024264,5.59550562503033,N/A,63.021142791427465,63.54936374298301,0.5282209515555465
657,CPU_and_Data_Intensive,Completed,65.65202698424226,65.65310204946253,65.65310204946253,65.66584765488977,0.012745605427241458,0.013820670647522086,0.013820670647518796,0.0,STARLINK-6261,1,2,4,0.0010750652202806284,0.49240104386704037,False,123.10166453679355,0.00022902374133350716,123.10189356053489,4353.302606463695,5.44162825807962,N/A,65.65202698424226,65.96881502029657,0.3167880360543194
689,CPU_and_Data_Intensive,Completed,69.11595306543268,69.11766155981844,69.11766155981844,69.40004595430504,0.28238439448659847,0.2840928888723682,0.2840928888723653,0.0,STARLINK-6261,1,2,4,0.0017084943857697318,2.103111155430653,False,2767.6543724617786,0.0009781912350840247,2767.6553506530136,1585.6472558105195,1.9820590697631493,N/A,69.11595306543268,69.67774845723206,0.5617953917993788
777,Generic_Service,Completed,78.1192820706126,78.12019409131538,78.12019409131538,78.13443897372456,0.014244882409172988,0.015156903111963698,0.015156903111957831,0.0,STARLINK-6261,1,2,3,0.0009120207027907108,0.07780464183171501,False,117.17432346040441,3.618820550312326e-05,117.17435964860991,1468.4729323491895,1.8355911654364867,N/A,78.1192820706126,78.3080130791619,0.18873100854929703
806,CPU_and_Data_Intensive,Completed,81.4686716214853,81.4700073982083,81.4700073982083,81.58216988446732,0.11216248625902381,0.11349826298202653,0.11349826298202004,0.0,STARLINK-6261,1,2,4,0.0013357767230027205,1.1553491310634487,False,1097.8426660357898,0.0005373716888667203,1097.8432034074785,370.62972894168627,0.46328716117710783,N/A,81.4686716214853,81.71336516553424,0.2446935440489426
945,CPU_and_Data_Intensive,Completed,95.69466898952517,95.69595484555481,95.69595484555481,95.70825641015661,0.012301564601798987,0.013587420631434068,0.013587420631438363,0.0,STARLINK-6261,1,2,4,0.0012858560296350806,1.0284087090488772,False,116.28253955455085,0.0004783296321157568,116.28301788418297,254.34671105709052,0.3179333888213631,N/A,95.69466898952517,95.84474388483814,0.1500748953129687
1056,CPU_Intensive,Completed,107.39565348594179,107.3965449960324,107.3965449960324,107.40923969877346,0.012694702741057995,0.013586212831672717,0.013586212831668831,0.0,STARLINK-6261,1,2,3,0.0008915100906147221,0.02564940139419033,False,117.29584157874385,1.1929954136832711e-05,117.29585350869799,137.05086947797852,0.17131358684747316,N/A,107.39565348594179,107.55667356893433,0.16102008299253612
1438,Generic_Service,Completed,145.77035711414987,145.7712480559837,145.7712480559837,145.7822226183509,0.010974562367181306,0.011865504201015377,0.011865504201011845,0.0,STARLINK-6261,1,2,3,0.0008909418338340696,0.02420441434207915,False,100.80388105085532,1.1257867135850767e-05,100.80389230872245,36.24698842711257,0.04530873553389071,N/A,145.77035711414987,145.98325069774134,0.21289358359146604
23000,Batch,Completed,0,0,0.0,0.006804160486288041,0.006804160486288041,0.006804160486288041,0.006804160486288041,0.0,STARLINK-31612,0,N/A,0,0.0,14.628945045519288,False,0.0,0.006804160486288041,0.006804160486288041,80000,100.0,N/A,N/A,N/A,N/A
6,CPU_and_Data_Intensive,Completed,1.2894688827051808,1.2910246749621466,1.2910246749621466,1.3146178252631524,0.02359315030100584,0.025148942557971527,0.02514894255797162,0.0,STARLINK-31612,1,2,3,0.0015557922569656888,3.33832556605946,False,216.76964284181972,0.0015527095656090511,216.77119555138532,79783.22200028814,99.72902750036016,N/A,1.2894688827051808,1.5095254902771622,0.22005660757198142
4,CPU_Intensive,Completed,0.8411361322532882,0.842094280645946,0.842094280645946,1.155463889297797,0.31336960865185104,0.3143277570445089,0.3143277570445089,0.0,STARLINK-2021,1,2,1,0.0009581483926578375,0.052095796182670975,False,3066.667077920133,2.423060287566092e-05,3066.667102150736,76933.33292207986,96.16666615259983,N/A,0.8411361322532882,1.307987854489033,0.4668517222357449
69,Generic_Service,Completed,8.49161915596428,8.492591130286206,8.492591130286206,8.5283846994907,0.03579356920449506,0.03676554352642092,0.03676554352642114,0.0,STARLINK-2021,1,2,1,0.0009719743219258587,0.08362671412789274,False,327.39203586166207,3.8896146105996627e-05,327.3920747578082,76605.94088621819,95.75742610777273,N/A,8.49161915596428,8.656685459947429,0.16506630398314925
73,CPU_and_Data_Intensive,Completed,9.012834044299561,9.018299480940557,9.018299480940557,9.587045316223143,0.568745835282586,0.574211271923582,0.5742112719235823,0.0,STARLINK-2021,1,2,2,0.005465436640995935,10.331255566117658,False,5546.404626975584,0.004805235147031469,5546.40943221073,71059.53145400743,88.8244143175093,N/A,9.012834044299561,9.86909433293387,0.8562602886343083
116,CPU_and_Data_Intensive,Completed,13.87690883967233,13.878568775641007,13.878568775641007,14.04168139179922,0.16311261615821238,0.16477255212688854,0.16477255212688924,0.0,STARLINK-2021,1,2,2,0.0016599359686761603,1.6525673482533785,False,1596.6671004502823,0.000768635975931804,1596.6678690862582,69462.8635849175,86.82857948114689,N/A,13.87690883967233,14.31369112798972,0.4367822883173904
127,CPU_Intensive,Completed,15.456301448830484,15.457250835044084,15.457250835044084,15.937585213882679,0.4803343788385952,0.48128376505219606,0.4812837650521953,0.0,STARLINK-2021,1,2,1,0.0009493862136008648,0.03211308518285649,False,4714.66800287125,1.4936318689700694e-05,4714.6680178075685,64748.195582045715,80.93524447755715,N/A,15.456301448830484,16.232006368090246,0.7757049192597627
156,Generic_Service,Completed,18.201120876853107,18.202088677772863,18.202088677772863,18.40390771518634,0.2018190374134754,0.20278683833323072,0.20278683833323186,0.0,STARLINK-2021,1,2,1,0.000967800919755325,0.07410900296066748,False,1963.0713067010436,3.4469303702636036e-05,1963.0713411703473,62785.124275344664,78.48140534418083,N/A,18.201120876853107,18.551860631829157,0.3507397549760505
177,CPU_and_Data_Intensive,Completed,19.415920755354527,19.41689556634489,19.41689556634489,19.766643508365203,0.34974794202031134,0.35072275301067435,0.35072275301067535,0.0,STARLINK-2021,1,2,2,0.0009748109903630176,0.09009591833080535,False,3439.3891500457053,4.190507829339784e-05,3439.3891919507837,59345.735083393854,74.18216885424232,N/A,19.415920755354527,19.977019877270457,0.5610991219159303
198,CPU_Intensive,Completed,20.895703137879273,20.896644800889902,20.896644800889902,20.91894619149765,0.022301390607747607,0.023243053618377637,0.023243053618376308,0.0,STARLINK-2021,1,2,1,0.0009416630106300297,0.014499825746404238,False,215.06369825086156,6.744104998327553e-06,215.06370499496657,59130.67138514296,73.9133392314287,N/A,20.895703137879273,21.093796989573256,0.19809385169398297
201,Generic_Service,Completed,21.129994929613837,21.130964968611792,21.130964968611792,21.285467283790368,0.1545023151785756,0.15547235417653057,0.15547235417653127,0.0,STARLINK-2021,1,2,1,0.0009700389979549819,0.07921308375700098,False,1496.2033170403279,3.684329477069813e-05,1496.2033538836226,57634.46806810262,72.04308508512828,N/A,21.129994929613837,21.50218825835087,0.37219332873703337
210,CPU_Intensive,Completed,21.85146391895927,21.85241896908617,21.85241896908617,22.11829967996463,0.2658807108784593,0.26683576100536,0.26683576100536044,0.0,STARLINK-2021,1,2,1,0.0009550501269006808,0.04503000252297424,False,2601.6916102541118,2.094418721998802e-05,2601.691631198299,55032.776457848486,68.79097057231061,N/A,21.85146391895927,22.31348373654668,0.46201981758741084
223,CPU_Intensive,Completed,23.753607478340623,23.75457662556441,23.75457662556441,24.711409950172772,0.9568333246083611,0.9578024718321492,0.9578024718321494,0.0,STARLINK-2021,1,2,1,0.0009691472237880462,0.07717933560610081,False,9387.797507577012,3.5897365398186425e-05,9387.797543474377,45644.978950271456,57.05622368783933,N/A,23.753607478340623,24.83181025156656,1.0782027732259358
302,CPU_Intensive,Completed,32.29113176116033,32.29207169235336,32.29207169235336,32.76462651067391,0.47255481832054613,0.4734947495135783,0.47349474951357706,0.0,STARLINK-2021,1,2,1,0.0009399311930321363,0.010550304703969293,False,4644.508877732997,4.907118466962461e-06,4644.508882640115,41000.47007253843,51.250587590673035,N/A,32.29113176116033,32.901091673965176,0.6099599128048467
339,CPU_Intensive,Completed,36.14243437265914,36.14340295877338,36.14340295877338,36.5711937335492,0.42779077477582206,0.42875936089006095,0.42875936089006217,0.0,STARLINK-2021,1,2,1,0.0009685861142389057,0.07589968931186182,False,4184.995277637687,3.530218107528457e-05,4184.995312939868,36815.474794900736,46.01934349362592,N/A,36.14243437265914,36.84017583478543,0.6977414621262881
368,Generic_Service,Completed,39.2393764785796,39.2403205872821,39.2403205872821,39.26080169721169,0.020481109929590957,0.021425218632089155,0.021425218632089127,0.0,STARLINK-2021,1,2,1,0.0009441087024981971,0.02007738282192375,False,195.5176393293497,9.338317591592442e-06,195.5176486676673,36619.95715557136,45.774946444464206,N/A,39.2393764785796,39.46353550325726,0.22415902467766102
369,Generic_Service,Completed,39.487513029309895,39.488462869200255,39.488462869200255,39.503007269641046,0.014544400440790639,0.015494240331154372,0.015494240331150877,0.0,STARLINK-2021,1,2,1,0.0009498398903637331,0.033147724121502055,False,133.27837943703418,1.5417546103024213e-05,133.27839485458028,36486.67877613432,45.608348470167904,N/A,39.487513029309895,39.766502710624756,0.27898968131486157
370,Generic_Service,Completed,39.79574030850363,39.7966861498022,39.7966861498022,39.8175748589684,0.02088870916620067,0.021834550464770692,0.021834550464767233,0.0,STARLINK-2021,1,2,1,0.0009458412985700216,0.024028679224059043,False,198.36215394554986,1.1176129871655369e-05,198.36216512167974,36288.316622188766,45.36039577773596,N/A,39.79574030850363,39.96864042681548,0.17290011831185126
376,CPU_Intensive,Completed,40.09229825876107,40.093263686420855,40.093263686420855,42.09558277012329,2.0023190837024387,2.003284511362226,2.0032845113622244,0.0,STARLINK-2021,1,2,1,0.0009654276597876568,0.06869663147716067,False,19672.739913502373,3.195192161728403e-05,19672.739945454294,16615.576708686385,20.76947088585798,N/A,40.09229825876107,42.29301988527988,2.2007216265188134
521,CPU_and_Data_Intensive,Completed,53.45349772213335,53.45892966695681,53.45892966695681,53.6851356369501,0.22620596999328768,0.23163791481675422,0.23163791481675133,0.0,STARLINK-2021,1,2,2,0.00543194482346655,10.254875329398388,False,2177.8447938161,0.004769709455534134,2177.8495635255554,14437.727145160803,18.047158931451005,N/A,53.45349772213335,53.88306400172256,0.4295662795892099
562,Generic_Service,Completed,57.252922317162025,57.25388337957988,57.25388337957988,57.28110081616154,0.027217436581658205,0.028178498999513336,0.028178498999515966,0.0,STARLINK-2021,1,2,1,0.0009610624178551293,0.058741417435676825,False,250.37754264931743,2.7321589504965965e-05,250.37756997090693,14187.349602508302,17.734187003135375,N/A,57.252922317162025,57.400379299693654,0.14745698253162942
564,Generic_Service,Completed,57.52380608365056,57.52475859315375,57.52475859315375,57.538747840027845,0.01398924687409675,0.014941756377283814,0.0149417563772829,0.0,STARLINK-2021,1,2,1,0.0009525095031870631,0.039235947288723406,False,126.0244861735014,1.824927780870856e-05,126.02450442277922,14061.325116334783,17.576656395418482,N/A,57.52380608365056,57.70251701589939,0.17871093224882628
566,CPU_Intensive,Completed,57.687145532261376,57.68810224304759,57.68810224304759,58.318364314483446,0.6302620714358582,0.6312187822220701,0.6312187822220707,0.0,STARLINK-2021,1,2,1,0.0009567107862118876,0.04881724253133639,False,6184.297919065467,2.2705694200621575e-05,6184.297941771161,7877.027197269302,9.846283996586628,N/A,57.687145532261376,58.50796726164429,0.8208217293829136
572,CPU_and_Data_Intensive,Completed,58.25619650565924,58.257472849687744,58.257472849687744,58.83001788463537,0.5725450349476233,0.5738213789761296,0.5738213789761275,0.0,STARLINK-2021,1,2,3,0.001276344028506344,0.7777613402465183,False,5627.472151039641,0.00036174946057977595,5627.4725127891015,2249.5546844801847,2.811943355600231,N/A,58.25619650565924,59.01423868447693,0.7580421788176892
732,Generic_Service,Completed,72.9058351709889,72.90678667879686,72.90678667879686,72.91894347298772,0.012156794190858022,0.013108301998826823,0.013108301998826732,0.0,STARLINK-2021,1,2,1,0.0009515078079688006,0.03695151713427362,False,108.67526832586715,1.7186752155476104e-05,108.67528551261931,2140.8794161540204,2.6760992701925255,N/A,72.9058351709889,73.09528066455957,0.1894454935706733
736,CPU_Intensive,Completed,73.46059792100316,73.46154335648716,73.46154335648716,73.56044740719219,0.0989040507050305,0.09984948618902975,0.09984948618902934,0.0,STARLINK-2021,1,2,1,0.0009454354839992467,0.023103193082474924,False,965.9224891224515,1.0745671201151128e-05,965.9224998681226,1174.956927031554,1.4686961587894425,N/A,73.46059792100316,73.69860634164502,0.23800842064186156
828,Generic_Service,Completed,83.66404833002115,83.66502164151652,83.66502164151652,83.67954694869259,0.014525307176072033,0.015498618671441918,0.015498618671443865,0.0,STARLINK-2021,1,2,1,0.0009733114953698851,0.08667622388053149,False,117.31829193703672,4.0314522735130925e-05,117.31833225155945,1057.6386350945095,1.3220482938681368,N/A,83.66404833002115,83.81964253050083,0.1555942004796833
830,Generic_Service,Completed,83.70515095992751,83.70611496348589,83.70611496348589,83.80193706376319,0.09582210027730298,0.09678610383568623,0.09678610383568298,0.0,STARLINK-2021,1,2,1,0.0009640035583832534,0.06544887693875305,False,923.1339803509323,3.044133811104793e-05,923.1340107922705,134.5046547435428,0.1681308184294285,N/A,83.70515095992751,84.02316743042643,0.3180164704989181
1226,Generic_Service,Completed,124.75533408693934,124.7563071224678,124.7563071224678,124.76978775214457,0.013480629676763556,0.014453665205223145,0.014453665205223842,0.0,STARLINK-2021,1,2,1,0.0009730355284595888,0.08604686365197349,False,107.22924081886538,4.002179704742953e-05,107.22928084066243,27.275413924657443,0.034094267405821804,N/A,124.75533408693934,124.87579026111928,0.12045617417993526
202,Generic_Service,Rejected,21.13086354873203,N/A,N/A,N/A,0.024019781100786675,0.0,0.0,0.0,STARLINK-2021,0,N/A,N/A,0.0,0.03560339636835158,False,0.0,0.0,0.0,27.27541392462893,0.03409426740578616,Deadline Exceeded,N/A,N/A,N/A
702,CPU_and_Data_Intensive,Rejected,70.33204127733143,N/A,N/A,N/A,0.5405198586540562,0.0,0.0,0.0,STARLINK-2021,0,N/A,N/A,0.0,17.633957065470465,False,0.0,0.0,0.0,27.27541392462893,0.03409426740578616,Insufficient Energy for CPU+NET,N/A,N/A,N/A
705,CPU_and_Data_Intensive,Rejected,70.60636017394918,N/A,N/A,N/A,1.0217272434684284,0.0,0.0,0.0,STARLINK-2021,0,N/A,N/A,0.0,147.02261275102438,False,0.0,0.0,0.0,27.27541392462893,0.03409426740578616,Insufficient Energy for CPU+NET,N/A,N/A,N/A
713,CPU_Intensive,Rejected,71.10787491251351,N/A,N/A,N/A,0.4126148768478891,0.0,0.0,0.0,STARLINK-2021,0,N/A,N/A,0.0,0.07251429259729848,False,0.0,0.0,0.0,27.27541392462893,0.03409426740578616,Insufficient Energy for CPU,N/A,N/A,N/A
716,CPU_and_Data_Intensive,Rejected,71.21780274913557,N/A,N/A,N/A,3.2149997567983726,0.0,0.0,0.0,STARLINK-2021,0,N/A,N/A,0.0,1.2078247262612236,False,0.0,0.0,0.0,27.27541392462893,0.03409426740578616,Insufficient Energy for CPU+NET,N/A,N/A,N/A
723,CPU_and_Data_Intensive,Rejected,71.65082767664185,N/A,N/A,N/A,2.098905344979344,0.0,0.0,0.0,STARLINK-2021,0,N/A,N/A,0.0,17.64958256572804,False,0.0,0.0,0.0,27.27541392462893,0.03409426740578616,Insufficient Energy for CPU+NET,N/A,N/A,N/A
725,CPU_and_Data_Intensive,Rejected,71.77707328631075,N/A,N/A,N/A,0.676865031966134,0.0,0.0,0.0,STARLINK-2021,0,N/A,N/A,0.0,1.1381938334926738,False,0.0,0.0,0.0,27.27541392462893,0.03409426740578616,Insufficient Energy for CPU+NET,N/A,N/A,N/A
726,CPU_and_Data_Intensive,Rejected,71.78843109180863,N/A,N/A,N/A,0.37739616197860176,0.0,0.0,0.0,STARLINK-2021,0,N/A,N/A,0.0,0.19354904184184116,False,0.0,0.0,0.0,27.27541392462893,0.03409426740578616,Insufficient Energy for CPU+NET,N/A,N/A,N/A
729,CPU_Intensive,Rejected,72.48800274087903,N/A,N/A,N/A,0.5042994167509054,0.0,0.0,0.0,STARLINK-2021,0,N/A,N/A,0.0,0.07366648689854673,False,0.0,0.0,0.0,27.27541392462893,0.03409426740578616,Insufficient Energy for CPU,N/A,N/A,N/A
730,CPU_Intensive,Rejected,72.52895201732142,N/A,N/A,N/A,1.7984812804865662,0.0,0.0,0.0,STARLINK-2021,0,N/A,N/A,0.0,0.08180989918108744,False,0.0,0.0,0.0,27.27541392462893,0.03409426740578616,Insufficient Energy for CPU,N/A,N/A,N/A
733,CPU_Intensive,Rejected,72.98388707887634,N/A,N/A,N/A,0.5264955193284848,0.0,0.0,0.0,STARLINK-2021,0,N/A,N/A,0.0,0.03010244006646702,False,0.0,0.0,0.0,27.27541392462893,0.03409426740578616,Insufficient Energy for CPU,N/A,N/A,N/A
822,Generic_Service,Rejected,83.14968840313489,N/A,N/A,N/A,0.14296679466097734,0.0,0.0,0.0,STARLINK-2021,0,N/A,N/A,0.0,0.04982779928266246,False,0.0,0.0,0.0,27.27541392462893,0.03409426740578616,Insufficient Energy for CPU,N/A,N/A,N/A
824,CPU_and_Data_Intensive,Rejected,83.27963550236876,N/A,N/A,N/A,0.47641061750512026,0.0,0.0,0.0,STARLINK-2021,0,N/A,N/A,0.0,1.6582771943187806,False,0.0,0.0,0.0,27.27541392462893,0.03409426740578616,Insufficient Energy for CPU+NET,N/A,N/A,N/A
825,CPU_and_Data_Intensive,Rejected,83.3453183353085,N/A,N/A,N/A,0.18664914185535236,0.0,0.0,0.0,STARLINK-2021,0,N/A,N/A,0.0,1.9769111855969053,False,0.0,0.0,0.0,27.27541392462893,0.03409426740578616,Insufficient Energy for CPU+NET,N/A,N/A,N/A
827,CPU_Intensive,Rejected,83.57037963016421,N/A,N/A,N/A,0.13488032152462787,0.0,0.0,0.0,STARLINK-2021,0,N/A,N/A,0.0,0.051611933808638516,False,0.0,0.0,0.0,27.27541392462893,0.03409426740578616,Insufficient Energy for CPU,N/A,N/A,N/A
829,CPU_Intensive,Rejected,83.66405432774769,N/A,N/A,N/A,1.2434426160919592,0.0,0.0,0.0,STARLINK-2021,0,N/A,N/A,0.0,0.06390893719481734,False,0.0,0.0,0.0,27.27541392462893,0.03409426740578616,Insufficient Energy for CPU,N/A,N/A,N/A
2,CPU_and_Data_Intensive,Completed,0.5046031342244578,0.5057483195189322,0.5057483195189322,1.0227187213917044,0.5169704018727722,0.5181155871672466,0.5181155871672466,0.0,STARLINK-30387,1,2,2,0.0011451852944744313,1.2776536039273565,False,5078.604086627014,0.0005942574901987704,5078.604680884504,74921.39531911549,93.65174414889435,N/A,0.5046031342244578,1.2050889516936238,0.700485817469166
81,CPU_Intensive,Completed,9.836911302384598,9.838744463843188,9.838744463843188,11.445121034601673,1.606376570758485,1.608209732217074,1.608209732217075,0.0,STARLINK-30387,1,2,1,0.001833161458589152,0.053149157064460564,False,15783.192120356976,2.472053816951654e-05,15783.192145077515,59138.20319875801,73.9227539984475,N/A,9.836911302384598,11.686768155693784,1.849856853309186
93,CPU_and_Data_Intensive,Completed,11.1754599120978,11.177672831486921,11.177672831486921,12.412417052839658,1.2347442213527362,1.236957140741857,1.2369571407418576,0.0,STARLINK-30387,1,2,3,0.0022129193891207567,0.9256046523390917,False,12139.582177821334,0.00043051379178562403,12139.582608335126,46998.62059042286,58.748275738028575,N/A,11.1754599120978,12.598126924907369,1.422667012809569
288,CPU_and_Data_Intensive,Completed,30.506448111090506,30.50887637754193,30.50887637754193,30.60359099270606,0.09471461516412916,0.09714288161555311,0.09714288161555373,0.0,STARLINK-30387,1,2,2,0.0024282664514239573,1.4203427810061362,False,925.0291406687111,0.0006606245493051796,925.0298012932603,46073.59078912929,57.59198848641161,N/A,30.506448111090506,30.78646913644125,0.28002102535074513
295,Generic_Service,Completed,31.62525105831419,31.627081239566287,31.627081239566287,31.654335531080637,0.02725429151434966,0.029084472766446236,0.029084472766445657,0.0,STARLINK-30387,1,2,1,0.0018301812520965773,0.046302433606018975,False,254.4051911616683,2.15360156307065e-05,254.40521269768394,45819.185597967116,57.273981997458904,N/A,31.62525105831419,31.79136665125436,0.16611559294016942
300,CPU_and_Data_Intensive,Completed,31.977334051544926,31.979331584203795,31.979331584203795,32.68712078263817,0.7077891984343729,0.7097867310932425,0.7097867310932422,0.0,STARLINK-30387,1,2,2,0.001997532658869646,0.43077539056761943,False,6959.197481007894,0.00020036064677563694,6959.1976813685405,38859.98791659855,48.57498489574819,N/A,31.977334051544926,32.79895395765257,0.8216199061076459
354,CPU_Intensive,Completed,37.7467137420821,37.748536082314004,37.748536082314004,38.59621093547392,0.8476748531599156,0.8494971933918194,0.8494971933918194,0.0,STARLINK-30387,1,2,1,0.0018223402319037967,0.02828848154404536,False,8328.620300122038,1.3157433276300168e-05,8328.62031327947,30531.36761647638,38.16420952059547,N/A,37.7467137420821,38.75604613934833,1.0093323972662276
416,CPU_Intensive,Completed,43.45010591564335,43.45194158832836,43.45194158832836,44.16208445328921,0.7101428649608508,0.7119785376458625,0.7119785376458623,0.0,STARLINK-30387,1,2,1,0.0018356726850117062,0.05891844617231216,False,6966.956094874984,2.7403928452238213e-05,6966.9561222789125,23564.41152160138,29.455514402001725,N/A,43.45010591564335,44.30675827551537,0.8566523598720224
475,CPU_and_Data_Intensive,Completed,48.941510758428834,48.94426292055226,48.94426292055226,49.51167034377315,0.5674074232208852,0.5701595853443144,0.5701595853443138,0.0,STARLINK-30387,1,2,2,0.002752162123429222,2.1644603786059706,False,5570.599897184282,0.0010067257574911492,5570.600903910039,17993.810617691324,22.492263272114155,N/A,48.941510758428834,49.642841116160874,0.70133035773204
505,CPU_Intensive,Completed,52.27648871569816,52.27830723626546,52.27830723626546,52.40251740756794,0.12421017130247947,0.12602869186978727,0.12602869186978438,0.0,STARLINK-30387,1,2,1,0.0018185205673078029,0.019513187866265085,False,1215.8681799742278,9.07590133314655e-06,1215.868189050129,16777.942437716327,20.972428047145407,N/A,52.27648871569816,52.6677537405966,0.39126502489844484
519,Generic_Service,Completed,53.32259035906917,53.324431708669,53.324431708669,53.35780580724173,0.03337409857272888,0.03521544817256418,0.035215448172564834,0.0,STARLINK-30387,1,2,1,0.0018413495998353012,0.07196058469228513,False,307.03378634417084,3.347003939176052e-05,307.03381981421023,16470.90865137215,20.588635814215188,N/A,53.32259035906917,53.47595484097594,0.15336448190677032
525,Generic_Service,Completed,53.8152999366993,53.81714647211588,53.81714647211588,53.84195890762703,0.02481243551115142,0.02665897092773544,0.02665897092773406,0.0,STARLINK-30387,1,2,1,0.0018465354165840204,0.08387447497911572,False,219.31863192532023,3.901138371121661e-05,219.31867093670394,16251.590019446807,20.314487524308507,N/A,53.8152999366993,53.98470136400402,0.1694014273047202
526,CPU_and_Data_Intensive,Completed,53.82920223185985,53.831173354049064,53.831173354049064,55.477484481098514,1.6463111270494508,1.6482822492386582,1.6482822492386617,0.0,STARLINK-30387,1,2,3,0.0019711221892074276,0.3701000035985278,False,16189.919461006662,0.0001721395365574548,16189.919633146199,61.67038630057864,0.0770879828757233,N/A,53.82920223185985,55.588412545280974,1.7592103134211214
524,CPU_Intensive,Rejected,53.70481919241205,N/A,N/A,N/A,2.0916749551639517,0.0,0.0,0.0,STARLINK-30387,0,N/A,N/A,0.0,0.07850286963447761,False,0.0,0.0,0.0,61.67038630044252,0.07708798287555316,Insufficient Energy for CPU,N/A,N/A,N/A
530,CPU_and_Data_Intensive,Rejected,54.33967757746179,N/A,N/A,N/A,0.6810473775683388,0.0,0.0,0.0,STARLINK-30387,0,N/A,N/A,0.0,1.1414104730482562,False,0.0,0.0,0.0,61.67038630044252,0.07708798287555316,Insufficient Energy for CPU+NET,N/A,N/A,N/A
531,CPU_Intensive,Rejected,54.42455647210917,N/A,N/A,N/A,1.8418733098437592,0.0,0.0,0.0,STARLINK-30387,0,N/A,N/A,0.0,0.03646018807083277,False,0.0,0.0,0.0,61.67038630044252,0.07708798287555316,Insufficient Energy for CPU,N/A,N/A,N/A
532,CPU_and_Data_Intensive,Rejected,54.465873887429176,N/A,N/A,N/A,0.07032559449705039,0.0,0.0,0.0,STARLINK-30387,0,N/A,N/A,0.0,10.325755313425361,False,0.0,0.0,0.0,61.67038630044252,0.07708798287555316,Insufficient Energy for CPU+NET,N/A,N/A,N/A
533,Generic_Service,Rejected,54.56100935675179,N/A,N/A,N/A,0.021248662635054802,0.0,0.0,0.0,STARLINK-30387,0,N/A,N/A,0.0,0.04723652915007859,False,0.0,0.0,0.0,61.67038630044252,0.07708798287555316,Insufficient Energy for CPU,N/A,N/A,N/A
534,CPU_Intensive,Rejected,54.92397137937351,N/A,N/A,N/A,0.5637447599806479,0.0,0.0,0.0,STARLINK-30387,0,N/A,N/A,0.0,0.07119793663253177,False,0.0,0.0,0.0,61.67038630044252,0.07708798287555316,Insufficient Energy for CPU,N/A,N/A,N/A
535,Generic_Service,Rejected,55.06241821630658,N/A,N/A,N/A,0.03898229537219965,0.0,0.0,0.0,STARLINK-30387,0,N/A,N/A,0.0,0.059541128755420065,False,0.0,0.0,0.0,61.67038630044252,0.07708798287555316,Insufficient Energy for CPU,N/A,N/A,N/A
536,CPU_and_Data_Intensive,Rejected,55.06520537101004,N/A,N/A,N/A,0.8995904686836805,0.0,0.0,0.0,STARLINK-30387,0,N/A,N/A,0.0,3.831484212109589,False,0.0,0.0,0.0,61.67038630044252,0.07708798287555316,Insufficient Energy for CPU+NET,N/A,N/A,N/A
537,CPU_Intensive,Rejected,55.06723200995826,N/A,N/A,N/A,1.0141666255693442,0.0,0.0,0.0,STARLINK-30387,0,N/A,N/A,0.0,0.034175638925660855,False,0.0,0.0,0.0,61.67038630044252,0.07708798287555316,Insufficient Energy for CPU,N/A,N/A,N/A
538,CPU_and_Data_Intensive,Rejected,55.0832850810633,N/A,N/A,N/A,1.3100650300522796,0.0,0.0,0.0,STARLINK-30387,0,N/A,N/A,0.0,0.6497912533990999,False,0.0,0.0,0.0,61.67038630044252,0.07708798287555316,Insufficient Energy for CPU+NET,N/A,N/A,N/A
539,CPU_Intensive,Rejected,55.116902202134185,N/A,N/A,N/A,0.28619354542496855,0.0,0.0,0.0,STARLINK-30387,0,N/A,N/A,0.0,0.025107195567881577,False,0.0,0.0,0.0,61.67038630044252,0.07708798287555316,Insufficient Energy for CPU,N/A,N/A,N/A
540,CPU_and_Data_Intensive,Rejected,55.12023589662366,N/A,N/A,N/A,0.3899776019218836,0.0,0.0,0.0,STARLINK-30387,0,N/A,N/A,0.0,19.452490853225726,False,0.0,0.0,0.0,61.67038630044252,0.07708798287555316,Insufficient Energy for CPU+NET,N/A,N/A,N/A
541,CPU_and_Data_Intensive,Rejected,55.13131801984086,N/A,N/A,N/A,1.1267895194825472,0.0,0.0,0.0,STARLINK-30387,0,N/A,N/A,0.0,268.7218260545143,False,0.0,0.0,0.0,61.67038630044252,0.07708798287555316,Insufficient Energy for CPU+NET,N/A,N/A,N/A
542,CPU_Intensive,Rejected,55.26793740091133,N/A,N/A,N/A,2.084776322733869,0.0,0.0,0.0,STARLINK-30387,0,N/A,N/A,0.0,0.07326075576024958,False,0.0,0.0,0.0,61.67038630044252,0.07708798287555316,Insufficient Energy for CPU,N/A,N/A,N/A
543,CPU_Intensive,Rejected,55.32861423421023,N/A,N/A,N/A,0.3013023881387921,0.0,0.0,0.0,STARLINK-30387,0,N/A,N/A,0.0,0.07699921423108778,False,0.0,0.0,0.0,61.67038630044252,0.07708798287555316,Insufficient Energy for CPU,N/A,N/A,N/A
544,CPU_and_Data_Intensive,Rejected,55.41686766420708,N/A,N/A,N/A,0.5152748652438297,0.0,0.0,0.0,STARLINK-30387,0,N/A,N/A,0.0,11.012599848184454,False,0.0,0.0,0.0,61.67038630044252,0.07708798287555316,Insufficient Energy for CPU+NET,N/A,N/A,N/A
545,Generic_Service,Rejected,55.439013716927214,N/A,N/A,N/A,0.25860777508894345,0.0,0.0,0.0,STARLINK-30387,0,N/A,N/A,0.0,0.08735781400406889,False,0.0,0.0,0.0,61.67038630044252,0.07708798287555316,Insufficient Energy for CPU,N/A,N/A,N/A
24000,Batch,Completed,0,0,0.0,0.009731587074180818,0.009731587074180818,0.009731587074180818,0.009731587074180818,0.0,STARLINK-34915,0,N/A,0,0.0,20.922912209488757,False,0.0,0.009731587074180818,0.009731587074180818,80000,100.0,N/A,N/A,N/A,N/A
25000,Batch,Completed,0,0,0.0,0.21048658485480262,0.21048658485480262,0.21048658485480262,0.21048658485480262,0.0,STARLINK-34915,0,N/A,0,0.0,452.5461574378256,False,0.0,0.21048658485480262,0.21048658485480262,79999.99026841292,99.99998783551615,N/A,N/A,N/A,N/A
25,CPU_Intensive,Completed,3.579409179449818,3.581349820698575,3.581349820698575,3.858609980290159,0.27726015959158357,0.2792008008403406,0.2792008008403406,0.0,STARLINK-34915,1,2,3,0.001940641248757039,0.04213150104460247,False,2714.463524114795,1.9596046997489522e-05,2714.463543710842,77285.31625771328,96.60664532214159,N/A,3.579409179449818,4.128677091044919,0.5492679115951007
65,CPU_Intensive,Completed,8.135128855834088,8.13706335805446,8.13706335805446,8.456367105176408,0.319303747121948,0.3212382493423208,0.32123824934232026,0.0,STARLINK-34915,1,2,3,0.0019345022203728491,0.02339158403556779,False,3133.487609966108,1.0879806528171064e-05,3133.4876208459145,74151.82864774716,92.68978580968394,N/A,8.135128855834088,8.757188303054141,0.6220594472200531
84,CPU_and_Data_Intensive,Completed,9.963731912846594,9.965911143735719,9.965911143735719,10.569887818389338,0.6039766746536195,0.6061559055427439,0.6061559055427441,0.0,STARLINK-34915,1,2,4,0.002179230889124409,0.7704470877935938,False,5936.638507572143,0.00035834748269469483,5936.6388659196255,68215.18978182752,85.2689872272844,N/A,9.963731912846594,10.777125347797504,0.8133934349509104
134,CPU_and_Data_Intensive,Completed,15.909577166914964,15.912170128815513,15.912170128815513,15.950073901162868,0.03790377234735587,0.04049673424790502,0.04049673424790434,0.0,STARLINK-34915,1,2,4,0.0025929619005491547,2.0333969119271855,False,363.4851921084002,0.0009457660055475282,363.48613787440576,67851.70364395283,84.81462955494104,N/A,15.909577166914964,16.132006367431327,0.2224292005163626
139,CPU_and_Data_Intensive,Completed,16.127872782579505,16.130256236556818,16.130256236556818,17.189906174191822,1.0596499376350046,1.0620333916123181,1.0620333916123172,0.0,STARLINK-34915,1,2,4,0.002383453977313586,1.3938557910095832,False,10415.372742632568,0.0006483050190742248,10415.373390937586,57436.33025301461,71.79541281626827,N/A,16.127872782579505,17.44091785660046,1.3130450740209554
211,CPU_Intensive,Completed,21.86871648000509,21.870647188366622,21.870647188366622,22.10869211521277,0.23804492684614686,0.23997563520767654,0.23997563520767784,0.0,STARLINK-34915,1,2,3,0.001930708361529683,0.01181050061070153,False,2337.7124719598387,5.493256098000712e-06,2337.712477453095,55098.617781054236,68.8732722263178,N/A,21.86871648000509,22.211346020357308,0.3426295403522168
222,Generic_Service,Completed,23.61349136002234,23.61542559689651,23.61542559689651,23.638548462946694,0.023122866050183433,0.025057102924353116,0.025057102924353813,0.0,STARLINK-34915,1,2,3,0.001934236874169684,0.02258159171841516,False,220.76166820621012,1.0503065915541935e-05,220.76167870927603,54877.85611284802,68.59732014106002,N/A,23.61349136002234,23.92347404216196,0.3099826821396192
226,CPU_and_Data_Intensive,Completed,23.980413657073715,23.98690260124365,23.98690260124365,24.919300546643107,0.9323979453994582,0.9388868895693921,0.9388868895693925,0.0,STARLINK-34915,1,2,4,0.006488944169933903,13.926220959616561,False,9106.509592770479,0.006477312074240261,9106.516070082553,45771.34004276546,57.21417505345683,N/A,23.980413657073715,25.13722287766693,1.156809220593214
236,Generic_Service,Completed,24.90312179437296,24.905073423733427,24.905073423733427,24.978625586279083,0.07355216254565633,0.07550379190612272,0.07550379190612233,0.0,STARLINK-34915,1,2,4,0.0019516293604663836,0.07567366580302348,False,701.0944555939607,3.5197053861871386e-05,701.0944907910146,45070.245587166966,56.33780698395871,N/A,24.90312179437296,25.237222882310665,0.33410108793770377
307,CPU_Intensive,Completed,32.773398486914715,32.77533349367112,32.77533349367112,33.13484337704834,0.35950988337722123,0.3614448901336284,0.361444890133626,0.0,STARLINK-34915,1,2,3,0.0019350067564071908,0.02493172407401098,False,3528.4646349534514,1.1596150732098131e-05,3528.464646549602,41541.780952213485,51.92722619026685,N/A,32.773398486914715,33.3061260270213,0.5327275401065847
330,CPU_Intensive,Completed,35.38009036396433,35.38204044662518,35.38204044662518,35.43285213265275,0.05081168602756492,0.05276176868842143,0.05276176868841986,0.0,STARLINK-34915,1,2,3,0.0019500826608565107,0.07095223099070568,False,478.83108255593925,3.3001037670095665e-05,478.8311155569769,41062.94986965754,51.32868733707192,N/A,35.38009036396433,35.72507563355152,0.3449852695871911
329,CPU_and_Data_Intensive,Completed,35.32910280544461,35.48568782348909,35.48568782348909,36.54767360865082,1.0619857851617311,1.218570803206208,1.2185708032062053,0.0,STARLINK-34915,1,2,4,0.15658501804447672,472.10751476740904,False,8285.085731193585,0.21958489058949257,8285.305316084176,32777.64455357334,40.972055691966666,N/A,35.32910280544461,36.74017566980309,1.4110728643584736
395,Generic_Service,Completed,41.4132830712998,41.41522103374498,41.41522103374498,41.48172611576406,0.06650508201908423,0.06844304446426298,0.06844304446426008,0.0,STARLINK-34915,1,2,3,0.001937962445178759,0.03395422060234949,False,644.0785452285382,1.579266074527883e-05,644.078561021199,32133.56600813902,40.16695751017377,N/A,41.4132830712998,41.686139488876314,0.2728564175765129
402,CPU_and_Data_Intensive,Completed,42.417686501022196,42.42023981459181,42.42023981459181,42.97199632663181,0.5517565120400008,0.5543098256096112,0.5543098256096144,0.0,STARLINK-34915,1,2,4,0.002553313569610409,1.9123669402703782,False,5417.8250217673485,0.0008894729954745946,5417.825911240344,26715.740096898662,33.39467512112333,N/A,42.417686501022196,43.09598204394262,0.6782955429204236
448,Generic_Service,Completed,46.65768097396372,46.659619003861884,46.659619003861884,46.72433291411633,0.06471391025444717,0.06665194015260752,0.06665194015261022,0.0,STARLINK-34915,1,2,3,0.0019380298981603512,0.034160126683563524,False,626.401545116647,1.5888431015610943e-05,626.401561005078,26089.338551781315,32.611673189726645,N/A,46.65768097396372,46.9218003746898,0.26411940072608076
453,Generic_Service,Completed,46.88262052343547,46.88455877895201,46.88455877895201,46.9141956663634,0.02963688741138526,0.03157514292792914,0.0315751429279274,0.0,STARLINK-34915,1,2,4,0.0019382555165438791,0.03484884638290767,False,281.21305562289473,1.6208765759491937e-05,281.2130718316605,25808.12549615841,32.26015687019801,N/A,46.88262052343547,47.02582628269702,0.14320575926154788
450,CPU_and_Data_Intensive,Completed,46.717899335292934,46.71992072075579,46.71992072075579,46.944959365147376,0.2250386443915886,0.22706002985444507,0.2270600298544423,0.0,STARLINK-34915,1,2,5,0.0020213854628564616,0.28861022316287377,False,2211.954315308239,0.00013423731309901107,2211.954449545552,23596.171046612846,29.495213808266058,N/A,46.717899335292934,47.12878850115853,0.41088916586559776
473,CPU_and_Data_Intensive,Completed,48.776891503734475,48.90392847351766,48.90392847351766,50.857278681906145,1.9533502083884855,2.0803871781716663,2.0803871781716694,0.0,STARLINK-34915,1,2,4,0.12703696978318071,381.9095326858012,False,17464.338965339335,0.17763234078409357,17464.516597680118,6131.654448932607,7.66456806116576,N/A,48.776891503734475,51.152791647650396,2.3759001439159206
482,CPU_Intensive,Completed,50.424836773353604,50.426772189388466,50.426772189388466,51.02525991754657,0.5984877281581049,0.6004231441929676,0.6004231441929662,0.0,STARLINK-34915,1,2,4,0.0019354160348626732,0.02618108208464981,False,5878.464302111121,1.217724748123247e-05,5878.464314288368,253.1901466561585,0.31648768332019817,N/A,50.424836773353604,51.25417119273617,0.8293344193825689
1184,CPU_Intensive,Completed,120.80468876345364,120.80662894448014,120.80662894448014,120.8289914432272,0.022362498747057202,0.0243026797735575,0.02430267977355527,0.0,STARLINK-34915,1,2,3,0.0019401810265002976,0.04072663265871021,False,207.93690918437034,1.8942619841260563e-05,207.93692812699018,45.25323747178001,0.056566546839725014,N/A,120.80468876345364,120.9701931675268,0.16550440407316103
485,CPU_and_Data_Intensive,Rejected,50.61115407791202,N/A,N/A,N/A,3.2750894843882845,0.0,0.0,0.0,STARLINK-34915,0,N/A,N/A,0.0,17.922093185236253,False,0.0,0.0,0.0,45.253237471764585,0.05656654683970573,Insufficient Energy for CPU+NET,N/A,N/A,N/A
969,CPU_Intensive,Rejected,98.82189161140987,N/A,N/A,N/A,0.14912877549664066,0.0,0.0,0.0,STARLINK-34915,0,N/A,N/A,0.0,0.02554010891376094,False,0.0,0.0,0.0,45.253237471764585,0.05656654683970573,Insufficient Energy for CPU,N/A,N/A,N/A
974,CPU_and_Data_Intensive,Rejected,99.64841609236503,N/A,N/A,N/A,0.16610950217106638,0.0,0.0,0.0,STARLINK-34915,0,N/A,N/A,0.0,4.158109174249347,False,0.0,0.0,0.0,45.253237471764585,0.05656654683970573,Insufficient Energy for CPU+NET,N/A,N/A,N/A
985,Generic_Service,Rejected,100.5240714066432,N/A,N/A,N/A,0.16842151550687923,0.0,0.0,0.0,STARLINK-34915,0,N/A,N/A,0.0,0.04173978758170498,False,0.0,0.0,0.0,45.253237471764585,0.05656654683970573,Insufficient Energy for CPU,N/A,N/A,N/A
989,CPU_and_Data_Intensive,Rejected,100.74774175021638,N/A,N/A,N/A,0.16323394765757715,0.0,0.0,0.0,STARLINK-34915,0,N/A,N/A,0.0,2.4191014369079915,False,0.0,0.0,0.0,45.253237471764585,0.05656654683970573,Insufficient Energy for CPU+NET,N/A,N/A,N/A
1002,Generic_Service,Rejected,101.75357217973428,N/A,N/A,N/A,0.130887817121122,0.0,0.0,0.0,STARLINK-34915,0,N/A,N/A,0.0,0.05797740410774139,False,0.0,0.0,0.0,45.253237471764585,0.05656654683970573,Insufficient Energy for CPU,N/A,N/A,N/A
1005,Generic_Service,Rejected,102.0222396687913,N/A,N/A,N/A,0.1601806795129035,0.0,0.0,0.0,STARLINK-34915,0,N/A,N/A,0.0,0.059554870527563426,False,0.0,0.0,0.0,45.253237471764585,0.05656654683970573,Insufficient Energy for CPU,N/A,N/A,N/A
1014,CPU_Intensive,Rejected,102.59781444768029,N/A,N/A,N/A,0.1370525214047998,0.0,0.0,0.0,STARLINK-34915,0,N/A,N/A,0.0,0.01886496254578534,False,0.0,0.0,0.0,45.253237471764585,0.05656654683970573,Insufficient Energy for CPU,N/A,N/A,N/A
1029,CPU_and_Data_Intensive,Rejected,104.32257333753657,N/A,N/A,N/A,0.14697972004958323,0.0,0.0,0.0,STARLINK-34915,0,N/A,N/A,0.0,1.167883956456452,False,0.0,0.0,0.0,45.253237471764585,0.05656654683970573,Insufficient Energy for CPU+NET,N/A,N/A,N/A
1045,CPU_Intensive,Rejected,105.8290127954877,N/A,N/A,N/A,0.13483813977795,0.0,0.0,0.0,STARLINK-34915,0,N/A,N/A,0.0,0.017293555228706427,False,0.0,0.0,0.0,45.253237471764585,0.05656654683970573,Insufficient Energy for CPU,N/A,N/A,N/A
1047,CPU_Intensive,Rejected,106.08923215236942,N/A,N/A,N/A,0.12975389829986578,0.0,0.0,0.0,STARLINK-34915,0,N/A,N/A,0.0,0.08350282631321691,False,0.0,0.0,0.0,45.253237471764585,0.05656654683970573,Insufficient Energy for CPU,N/A,N/A,N/A
1050,Generic_Service,Rejected,106.77224423457075,N/A,N/A,N/A,0.06620754437122142,0.0,0.0,0.0,STARLINK-34915,0,N/A,N/A,0.0,0.0848482480180553,False,0.0,0.0,0.0,45.253237471764585,0.05656654683970573,Insufficient Energy for CPU,N/A,N/A,N/A
1064,CPU_and_Data_Intensive,Rejected,107.83006699158751,N/A,N/A,N/A,0.16653409021586094,0.0,0.0,0.0,STARLINK-34915,0,N/A,N/A,0.0,5.659134080479696,False,0.0,0.0,0.0,45.253237471764585,0.05656654683970573,Insufficient Energy for CPU+NET,N/A,N/A,N/A
1071,Generic_Service,Rejected,108.6446323210334,N/A,N/A,N/A,0.06322134319159835,0.0,0.0,0.0,STARLINK-34915,0,N/A,N/A,0.0,0.02015372472368148,False,0.0,0.0,0.0,45.253237471764585,0.05656654683970573,Insufficient Energy for CPU,N/A,N/A,N/A
1073,CPU_and_Data_Intensive,Rejected,108.71659201697668,N/A,N/A,N/A,0.06170007028058053,0.0,0.0,0.0,STARLINK-34915,0,N/A,N/A,0.0,0.6598216526070336,False,0.0,0.0,0.0,45.253237471764585,0.05656654683970573,Insufficient Energy for CPU+NET,N/A,N/A,N/A
1078,Generic_Service,Rejected,108.9614048767485,N/A,N/A,N/A,0.06103829527281122,0.0,0.0,0.0,STARLINK-34915,0,N/A,N/A,0.0,0.030061660975791375,False,0.0,0.0,0.0,45.253237471764585,0.05656654683970573,Insufficient Energy for CPU,N/A,N/A,N/A
1082,Generic_Service,Rejected,109.5552734323221,N/A,N/A,N/A,0.038622434946966634,0.0,0.0,0.0,STARLINK-34915,0,N/A,N/A,0.0,0.039900560879543065,False,0.0,0.0,0.0,45.253237471764585,0.05656654683970573,Insufficient Energy for CPU,N/A,N/A,N/A
1091,CPU_Intensive,Rejected,110.76895777148478,N/A,N/A,N/A,0.09665763950371926,0.0,0.0,0.0,STARLINK-34915,0,N/A,N/A,0.0,0.05608724849833942,False,0.0,0.0,0.0,45.253237471764585,0.05656654683970573,Insufficient Energy for CPU,N/A,N/A,N/A
1094,Generic_Service,Rejected,111.21403071812279,N/A,N/A,N/A,0.09738175602549291,0.0,0.0,0.0,STARLINK-34915,0,N/A,N/A,0.0,0.08610347686976158,False,0.0,0.0,0.0,45.253237471764585,0.05656654683970573,Insufficient Energy for CPU,N/A,N/A,N/A
1098,Generic_Service,Rejected,111.3898751452943,N/A,N/A,N/A,0.0612831911219974,0.0,0.0,0.0,STARLINK-34915,0,N/A,N/A,0.0,0.0672062715364877,False,0.0,0.0,0.0,45.253237471764585,0.05656654683970573,Insufficient Energy for CPU,N/A,N/A,N/A
1100,Generic_Service,Rejected,111.79552358493525,N/A,N/A,N/A,0.12765892031241774,0.0,0.0,0.0,STARLINK-34915,0,N/A,N/A,0.0,0.06479543207381513,False,0.0,0.0,0.0,45.253237471764585,0.05656654683970573,Insufficient Energy for CPU,N/A,N/A,N/A
1101,Generic_Service,Rejected,111.81637404812665,N/A,N/A,N/A,0.0285900940045856,0.0,0.0,0.0,STARLINK-34915,0,N/A,N/A,0.0,0.04925686208491193,False,0.0,0.0,0.0,45.253237471764585,0.05656654683970573,Insufficient Energy for CPU,N/A,N/A,N/A
1102,Generic_Service,Rejected,111.88371109240896,N/A,N/A,N/A,0.12443273054635373,0.0,0.0,0.0,STARLINK-34915,0,N/A,N/A,0.0,0.052372712596839274,False,0.0,0.0,0.0,45.253237471764585,0.05656654683970573,Insufficient Energy for CPU,N/A,N/A,N/A
1103,CPU_and_Data_Intensive,Rejected,112.05732268132816,N/A,N/A,N/A,0.16785423108953862,0.0,0.0,0.0,STARLINK-34915,0,N/A,N/A,0.0,13.491298932901454,False,0.0,0.0,0.0,45.253237471764585,0.05656654683970573,Insufficient Energy for CPU+NET,N/A,N/A,N/A
1111,Generic_Service,Rejected,112.55729380376619,N/A,N/A,N/A,0.054744954879581864,0.0,0.0,0.0,STARLINK-34915,0,N/A,N/A,0.0,0.049604586547538264,False,0.0,0.0,0.0,45.253237471764585,0.05656654683970573,Insufficient Energy for CPU,N/A,N/A,N/A
1115,CPU_Intensive,Rejected,112.92349542396012,N/A,N/A,N/A,0.11980290276506432,0.0,0.0,0.0,STARLINK-34915,0,N/A,N/A,0.0,0.025838462392724942,False,0.0,0.0,0.0,45.253237471764585,0.05656654683970573,Insufficient Energy for CPU,N/A,N/A,N/A
1116,Generic_Service,Rejected,112.99836424061756,N/A,N/A,N/A,0.10751248751969507,0.0,0.0,0.0,STARLINK-34915,0,N/A,N/A,0.0,0.06488142103792098,False,0.0,0.0,0.0,45.253237471764585,0.05656654683970573,Insufficient Energy for CPU,N/A,N/A,N/A
1119,Generic_Service,Rejected,113.29148916296027,N/A,N/A,N/A,0.08716728233823451,0.0,0.0,0.0,STARLINK-34915,0,N/A,N/A,0.0,0.042625173384993394,False,0.0,0.0,0.0,45.253237471764585,0.05656654683970573,Insufficient Energy for CPU,N/A,N/A,N/A
1127,CPU_Intensive,Rejected,114.11326575189062,N/A,N/A,N/A,0.1592955793996857,0.0,0.0,0.0,STARLINK-34915,0,N/A,N/A,0.0,0.034645894508252686,False,0.0,0.0,0.0,45.253237471764585,0.05656654683970573,Insufficient Energy for CPU,N/A,N/A,N/A
1134,Generic_Service,Rejected,114.74840606378129,N/A,N/A,N/A,0.03505909145334878,0.0,0.0,0.0,STARLINK-34915,0,N/A,N/A,0.0,0.07346169395254591,False,0.0,0.0,0.0,45.253237471764585,0.05656654683970573,Insufficient Energy for CPU,N/A,N/A,N/A
1138,Generic_Service,Rejected,115.23431624442709,N/A,N/A,N/A,0.09798056277347693,0.0,0.0,0.0,STARLINK-34915,0,N/A,N/A,0.0,0.04136108120362211,False,0.0,0.0,0.0,45.253237471764585,0.05656654683970573,Insufficient Energy for CPU,N/A,N/A,N/A
1144,Generic_Service,Rejected,116.51620250480222,N/A,N/A,N/A,0.029428784832006612,0.0,0.0,0.0,STARLINK-34915,0,N/A,N/A,0.0,0.0215748214661517,False,0.0,0.0,0.0,45.253237471764585,0.05656654683970573,Insufficient Energy for CPU,N/A,N/A,N/A
1146,CPU_Intensive,Rejected,116.56696161561779,N/A,N/A,N/A,0.12708122071045466,0.0,0.0,0.0,STARLINK-34915,0,N/A,N/A,0.0,0.018345304656320376,False,0.0,0.0,0.0,45.253237471764585,0.05656654683970573,Insufficient Energy for CPU,N/A,N/A,N/A
1147,Generic_Service,Rejected,116.70178478630044,N/A,N/A,N/A,0.1769743427844862,0.0,0.0,0.0,STARLINK-34915,0,N/A,N/A,0.0,0.0864972541595267,False,0.0,0.0,0.0,45.253237471764585,0.05656654683970573,Insufficient Energy for CPU,N/A,N/A,N/A
1158,Generic_Service,Rejected,117.98380646089464,N/A,N/A,N/A,0.04601597169436073,0.0,0.0,0.0,STARLINK-34915,0,N/A,N/A,0.0,0.08244838568263349,False,0.0,0.0,0.0,45.253237471764585,0.05656654683970573,Insufficient Energy for CPU,N/A,N/A,N/A
1159,CPU_and_Data_Intensive,Rejected,118.3298405148956,N/A,N/A,N/A,0.14796673127173937,0.0,0.0,0.0,STARLINK-34915,0,N/A,N/A,0.0,5.015074193569336,False,0.0,0.0,0.0,45.253237471764585,0.05656654683970573,Insufficient Energy for CPU+NET,N/A,N/A,N/A
1160,CPU_and_Data_Intensive,Rejected,118.33481529057426,N/A,N/A,N/A,0.06554140494012117,0.0,0.0,0.0,STARLINK-34915,0,N/A,N/A,0.0,5.104599210287655,False,0.0,0.0,0.0,45.253237471764585,0.05656654683970573,Insufficient Energy for CPU+NET,N/A,N/A,N/A
1167,Generic_Service,Rejected,119.21181841463603,N/A,N/A,N/A,0.09868498667686852,0.0,0.0,0.0,STARLINK-34915,0,N/A,N/A,0.0,0.017016582982366888,False,0.0,0.0,0.0,45.253237471764585,0.05656654683970573,Insufficient Energy for CPU,N/A,N/A,N/A
1170,CPU_Intensive,Rejected,119.56466372180445,N/A,N/A,N/A,0.14484596145562742,0.0,0.0,0.0,STARLINK-34915,0,N/A,N/A,0.0,0.08296694498691684,False,0.0,0.0,0.0,45.253237471764585,0.05656654683970573,Insufficient Energy for CPU,N/A,N/A,N/A
1171,CPU_Intensive,Rejected,119.68035751381319,N/A,N/A,N/A,0.17172506139158997,0.0,0.0,0.0,STARLINK-34915,0,N/A,N/A,0.0,0.04661458055963476,False,0.0,0.0,0.0,45.253237471764585,0.05656654683970573,Insufficient Energy for CPU,N/A,N/A,N/A
1173,CPU_and_Data_Intensive,Rejected,119.9956053373898,N/A,N/A,N/A,0.16949602721228738,0.0,0.0,0.0,STARLINK-34915,0,N/A,N/A,0.0,2.195107882004318,False,0.0,0.0,0.0,45.253237471764585,0.05656654683970573,Insufficient Energy for CPU+NET,N/A,N/A,N/A
1175,CPU_and_Data_Intensive,Rejected,120.36384718645648,N/A,N/A,N/A,0.13655485650386678,0.0,0.0,0.0,STARLINK-34915,0,N/A,N/A,0.0,0.8059521160819686,False,0.0,0.0,0.0,45.253237471764585,0.05656654683970573,Insufficient Energy for CPU+NET,N/A,N/A,N/A
1180,CPU_and_Data_Intensive,Rejected,120.57026328168818,N/A,N/A,N/A,0.11141715946559014,0.0,0.0,0.0,STARLINK-34915,0,N/A,N/A,0.0,0.14116518310802229,False,0.0,0.0,0.0,45.253237471764585,0.05656654683970573,Insufficient Energy for CPU+NET,N/A,N/A,N/A
1181,CPU_Intensive,Rejected,120.57976824076411,N/A,N/A,N/A,0.1578062388789374,0.0,0.0,0.0,STARLINK-34915,0,N/A,N/A,0.0,0.03428471139799759,False,0.0,0.0,0.0,45.253237471764585,0.05656654683970573,Insufficient Energy for CPU,N/A,N/A,N/A
26000,Batch,Completed,0,0,0.0,0.011105872360225984,0.011105872360225984,0.011105872360225984,0.011105872360225984,0.0,STARLINK-30837,0,N/A,0,0.0,23.877625574485865,False,0.0,0.011105872360225984,0.011105872360225984,80000,100.0,N/A,N/A,N/A,N/A
13,CPU_Intensive,Completed,2.76463075292763,2.766836334384575,2.766836334384575,3.5121471654275833,0.7453108310430081,0.7475164124999535,0.7475164124999534,0.0,STARLINK-30837,1,2,2,0.0022055814569454327,0.02766108414504366,False,7322.046144348066,1.2865620532578446e-05,7322.0461572136865,72677.94274977958,90.84742843722448,N/A,2.76463075292763,3.823341780620666,1.058711027693036
87,Generic_Service,Completed,10.64320454947375,10.64540755664609,10.64540755664609,10.77801161595717,0.1326040593110811,0.13480706648342022,0.13480706648342,0.0,STARLINK-30837,1,2,2,0.002203007172339118,0.02156410331745872,False,1297.8184879997095,1.0029815496492427e-05,1297.818498029525,71380.12426177986,89.22515532722483,N/A,10.64320454947375,11.08085410214029,0.4376495526665387
114,CPU_Intensive,Completed,12.899165084978655,12.901380399377786,12.901380399377786,13.282380852704316,0.3810004533265303,0.3832157677256606,0.3832157677256607,0.0,STARLINK-30837,1,2,2,0.0022153143991302995,0.05071275518078283,False,3732.229807033458,2.3587327991061783e-05,3732.2298306207863,67647.89445474639,84.55986806843299,N/A,12.899165084978655,13.506912631973583,0.6077475469949274
145,CPU_Intensive,Completed,16.97361423543076,16.975827604532054,16.975827604532054,17.38207732067767,0.40624971614561645,0.4084630852469124,0.4084630852469111,0.0,STARLINK-30837,1,2,2,0.0022133691012959605,0.04610547765955808,False,3981.9160384891466,2.1444408213747944e-05,3981.9160599335546,63665.97841625723,79.58247302032154,N/A,16.97361423543076,17.643625894740335,0.6700116593095764
166,CPU_Intensive,Completed,18.694726462390175,18.69695160302977,18.69695160302977,19.104740700280065,0.4077890972502942,0.41001423788989116,0.41001423788988944,0.0,STARLINK-30837,1,2,2,0.002225140639596966,0.07398539550406029,False,3988.841098836346,3.441181186235362e-05,3988.8411332481583,59677.137317420864,74.59642164677608,N/A,18.694726462390175,19.263941300786634,0.5692148383964586
197,CPU_and_Data_Intensive,Completed,20.889404991823213,20.8917794153406,20.8917794153406,21.184834413463324,0.29305499812272373,0.29542942164011216,0.29542942164011166,0.0,STARLINK-30837,1,2,3,0.002374423517388406,0.4275495824430558,False,2880.265470563917,0.0001988602709037469,2880.2656694241878,56796.871647996646,70.99608955999581,N/A,20.889404991823213,21.402188258182637,0.5127832663594241
215,CPU_Intensive,Completed,22.81231118275115,22.81454216548123,22.81454216548123,23.31930433025248,0.5047621647712468,0.5069931475013315,0.5069931475013298,0.0,STARLINK-30837,1,2,2,0.0022309827300847087,0.08782190511508581,False,4938.502652149921,4.084739772794689e-05,4938.502692997319,51858.368995846555,64.8229612448082,N/A,22.81231118275115,23.421524428780067,0.6092132460289186
219,CPU_Intensive,Completed,23.231607153861102,23.23381919136469,23.23381919136469,24.02739275702566,0.7935735656609673,0.795785603164558,0.7957856031645569,0.0,STARLINK-30837,1,2,3,0.0022120375035908214,0.042951698291738415,False,7792.208900871664,1.997753408918066e-05,7792.208920849198,44066.16009497486,55.08270011871858,N/A,23.231607153861102,24.22632623153527,0.9947190776741692
317,CPU_Intensive,Completed,33.71788987167135,33.72008871785805,33.72008871785805,34.63074905437157,0.9106603365135229,0.9128591827002199,0.9128591827002168,0.0,STARLINK-30837,1,2,2,0.0021988461866970393,0.011709151917996163,False,8952.97312212928,5.446117171161006e-06,8952.973127575398,35113.186972845564,43.89148371605695,N/A,33.71788987167135,34.819770669694435,1.1018807980230818
385,CPU_Intensive,Completed,40.870867537428,40.87309300428097,40.87309300428097,41.17938171089483,0.30628870661386287,0.30851417346683224,0.30851417346683263,0.0,STARLINK-30837,1,2,2,0.002225466852969367,0.07475800497868995,False,2990.3483179890463,3.477116510636742e-05,2990.3483527602116,32122.83865485651,40.153548318570635,N/A,40.870867537428,41.281042016784156,0.4101744793561579
403,CPU_and_Data_Intensive,Completed,42.50955865568571,42.512466310254524,42.512466310254524,43.050094569152385,0.5376282588978611,0.5405359134666775,0.5405359134666767,0.0,STARLINK-30837,1,2,3,0.0029076545688163117,1.6904633602182009,False,5279.887517724447,0.0007862620280084655,5279.888303986475,26842.950350870004,33.55368793858751,N/A,42.50955865568571,43.19750189582525,0.6879432401395391
409,CPU_Intensive,Completed,43.03205764992345,43.034280255746545,43.034280255746545,44.03628076237472,1.0020005066281783,1.004223112451268,1.004223112451271,0.0,STARLINK-30837,1,2,3,0.0022226058230896874,0.06798189161470236,False,9834.730702613662,3.161948447195459e-05,9834.730734233146,17008.219648255723,21.260274560319655,N/A,43.03205764992345,44.30675827549408,1.274700625570631
515,Generic_Service,Completed,52.95813469895126,52.960361378422405,52.960361378422405,53.018407137872735,0.05804575945033008,0.060272438921476136,0.060272438921472826,0.0,STARLINK-30837,1,2,2,0.0022266794711460563,0.0776299911438246,False,548.0112025894537,3.61069726250347e-05,548.0112386964263,16460.20844566625,20.57526055708281,N/A,52.95813469895126,53.17267811909586,0.21454342014460082
516,CPU_Intensive,Completed,53.00027157229198,53.00248227339384,53.00248227339384,53.578666108274234,0.5761838348803963,0.5783945359822545,0.5783945359822553,0.0,STARLINK-30837,1,2,3,0.0022107011018582356,0.039786540981027504,False,5655.0946989120375,1.8505367898152328e-05,5655.094717417405,10805.113746754185,13.506392183442731,N/A,53.00027157229198,53.78092628235383,0.780654710061853
602,CPU_Intensive,Completed,60.86193917382982,60.864160466002545,60.864160466002545,61.48743685450362,0.6232763885010755,0.6254976806738035,0.6254976806738028,0.0,STARLINK-30837,1,2,2,0.0022212921727280685,0.06487061905016345,False,6110.862955878976,3.0172380953564394e-05,6110.862986051357,4694.250790875192,5.86781348859399,N/A,60.86193917382982,61.6353235288772,0.7733843550473836
663,CPU_Intensive,Completed,66.55951561048211,66.56172494415475,66.56172494415475,66.84826479447884,0.2865398503240897,0.2887491839967272,0.2887491839967282,0.0,STARLINK-30837,1,2,2,0.002209333672637532,0.036547897623078834,False,2807.375308309545,1.6999022150269226e-05,2807.375325308567,1886.8754825656238,2.3585943532070295,N/A,66.55951561048211,66.97033487283957,0.4108192623574638
745,CPU_and_Data_Intensive,Completed,74.69345228025654,74.69599390659074,74.69599390659074,74.8763254162501,0.18033150965935363,0.1828731359935566,0.18287313599356025,0.0,STARLINK-30837,1,2,3,0.0025416263342029613,0.8235556673708856,False,1769.8086886446863,0.0003830491476143654,1769.8090716938339,117.0664108717769,0.14633301358972112,N/A,74.69345228025654,75.10196583335377,0.4085135530972366
386,CPU_and_Data_Intensive,Rejected,40.872047725278854,N/A,N/A,N/A,0.19655405316271723,0.0,0.0,0.0,STARLINK-30837,0,N/A,N/A,0.0,1.0282185787975704,False,0.0,0.0,0.0,117.06641087144395,0.14633301358930492,Deadline Exceeded,N/A,N/A,N/A
656,CPU_and_Data_Intensive,Rejected,65.63527694824877,N/A,N/A,N/A,0.9303748778365534,0.0,0.0,0.0,STARLINK-30837,0,N/A,N/A,0.0,4.703094965803075,False,0.0,0.0,0.0,117.06641087144395,0.14633301358930492,Insufficient Energy for CPU+NET,N/A,N/A,N/A
658,CPU_and_Data_Intensive,Rejected,65.66939598090056,N/A,N/A,N/A,0.6634019631928385,0.0,0.0,0.0,STARLINK-30837,0,N/A,N/A,0.0,11.405439966509071,False,0.0,0.0,0.0,117.06641087144395,0.14633301358930492,Insufficient Energy for CPU+NET,N/A,N/A,N/A
660,CPU_Intensive,Rejected,66.11044339208624,N/A,N/A,N/A,0.4923682973881634,0.0,0.0,0.0,STARLINK-30837,0,N/A,N/A,0.0,0.053435392598673276,False,0.0,0.0,0.0,117.06641087144395,0.14633301358930492,Insufficient Energy for CPU,N/A,N/A,N/A
737,CPU_Intensive,Rejected,73.70034058512057,N/A,N/A,N/A,0.8132581169925872,0.0,0.0,0.0,STARLINK-30837,0,N/A,N/A,0.0,0.038958255140053695,False,0.0,0.0,0.0,117.06641087144395,0.14633301358930492,Insufficient Energy for CPU,N/A,N/A,N/A
739,CPU_and_Data_Intensive,Rejected,74.00780506107198,N/A,N/A,N/A,0.39114418069064916,0.0,0.0,0.0,STARLINK-30837,0,N/A,N/A,0.0,1.8980786706120516,False,0.0,0.0,0.0,117.06641087144395,0.14633301358930492,Insufficient Energy for CPU+NET,N/A,N/A,N/A
740,CPU_and_Data_Intensive,Rejected,74.1192955208383,N/A,N/A,N/A,0.395988462642683,0.0,0.0,0.0,STARLINK-30837,0,N/A,N/A,0.0,2.030811500919393,False,0.0,0.0,0.0,117.06641087144395,0.14633301358930492,Insufficient Energy for CPU+NET,N/A,N/A,N/A
741,CPU_Intensive,Rejected,74.16800304947547,N/A,N/A,N/A,0.4113646306758992,0.0,0.0,0.0,STARLINK-30837,0,N/A,N/A,0.0,0.07480983303052122,False,0.0,0.0,0.0,117.06641087144395,0.14633301358930492,Insufficient Energy for CPU,N/A,N/A,N/A
742,CPU_Intensive,Rejected,74.46524843661611,N/A,N/A,N/A,0.5616729785592686,0.0,0.0,0.0,STARLINK-30837,0,N/A,N/A,0.0,0.08083188274372195,False,0.0,0.0,0.0,117.06641087144395,0.14633301358930492,Insufficient Energy for CPU,N/A,N/A,N/A
29000,Batch,Completed,0,0,0.0,0.003473367724591905,0.003473367724591905,0.003473367724591905,0.003473367724591905,0.0,STARLINK-4181,0,N/A,0,0.0,7.467740607872596,False,0.0,0.003473367724591905,0.003473367724591905,80000,100.0,N/A,N/A,N/A,N/A
28000,Batch,Completed,0,0,0.0,0.009211078629183514,0.009211078629183514,0.009211078629183514,0.009211078629183514,0.0,STARLINK-4181,0,N/A,0,0.0,19.803819052744554,False,0.0,0.009211078629183514,0.009211078629183514,79999.99652663227,99.99999565829035,N/A,N/A,N/A,N/A
27000,Batch,Completed,0,0,0.0,0.07846971812087358,0.07846971812087358,0.07846971812087358,0.07846971812087358,0.0,STARLINK-4181,0,N/A,0,0.0,168.7098939598782,False,0.0,0.07846971812087358,0.07846971812087358,79999.98731555363,99.99998414444204,N/A,N/A,N/A,N/A
18,CPU_Intensive,Completed,3.1759075958965974,3.1771215823123753,3.1771215823123753,4.039293206378338,0.8621716240659629,0.8633856104817406,0.8633856104817408,0.0,STARLINK-4181,1,2,4,0.0012139864157776781,0.06942292347548937,False,8459.076932992552,3.2289731849064825e-05,8459.076965282284,71540.83191284296,89.4260398910537,N/A,3.1759075958965974,4.229865057206994,1.0539574613103966
109,Generic_Service,Completed,12.510647630139722,12.511849723523905,12.511849723523905,12.52710947935296,0.01525975582905481,0.01646184921323879,0.01646184921323801,0.0,STARLINK-4181,1,2,4,0.0012020933841839782,0.037698396922990075,False,138.9730947251719,1.7534138103716314e-05,138.97311225931,71401.85881811776,89.2523235226472,N/A,12.510647630139722,12.699314886131253,0.18866725599153078
113,CPU_Intensive,Completed,12.832401511562905,12.833600994175095,12.833600994175095,12.901549680755421,0.06794868658032627,0.06914816919251703,0.0691481691925162,0.0,STARLINK-4181,1,2,4,0.0011994826121907547,0.030734192315527313,False,659.2253102953694,1.4294973170012703e-05,659.2253245903426,70742.63350782238,88.42829188477798,N/A,12.832401511562905,13.003475765466698,0.17107425390379305
118,CPU_Intensive,Completed,14.093901544275417,14.095094392652749,14.095094392652749,14.402120964010503,0.30702657135775446,0.30821941973508754,0.30821941973508693,0.0,STARLINK-4181,1,2,4,0.00119284837733308,0.01303744626388919,False,3015.791395456517,6.063928494832181e-06,3015.7914015204456,67726.84211236585,84.6585526404573,N/A,14.093901544275417,14.518288082486357,0.42438653821094086
142,Generic_Service,Completed,16.681060878987225,16.682281037669682,16.682281037669682,16.738129879728888,0.055848842059205595,0.05706900074166179,0.05706900074166299,0.0,STARLINK-4181,1,2,4,0.001220158682456198,0.08588737466180743,False,523.9712715612982,3.99476161217709e-05,523.9713115089143,67202.87084080455,84.00358855100569,N/A,16.681060878987225,16.935173930104998,0.2541130511177734
147,CPU_Intensive,Completed,17.285077818725597,17.286279071976352,17.286279071976352,17.422812077438298,0.13653300546194558,0.13773425871270017,0.13773425871270106,0.0,STARLINK-4181,1,2,4,0.0012012532507545985,0.03545735055243133,False,1332.36633421877,1.6491790954619223e-05,1332.366350710561,65870.50450658576,82.3381306332322,N/A,17.285077818725597,17.54362589472556,0.25854807599996477
152,CPU_Intensive,Completed,17.70904349080002,17.71024595409119,17.71024595409119,18.409544708174653,0.6992987540834648,0.7005012173746323,0.700501217374633,0.0,STARLINK-4181,1,2,4,0.0012024632911675675,0.03868511959587398,False,6866.265124781904,1.799307888180185e-05,6866.265142774982,59004.23938180384,73.7552992272548,N/A,17.70904349080002,18.551860631859544,0.8428171410595233
157,CPU_and_Data_Intensive,Completed,18.252013286086544,18.25333755298515,18.25333755298515,19.524965715313794,1.2716281623286427,1.2729524292272512,1.2729524292272494,0.0,STARLINK-4181,1,2,6,0.0013242668986083927,0.36359485753801846,False,12504.909821336392,0.00016911388722698533,12504.90999045028,46499.329391353545,58.124161739191926,N/A,18.252013286086544,19.670783627011378,1.4187703409248336
292,CPU_and_Data_Intensive,Completed,31.18444724165102,31.185969933903433,31.185969933903433,31.42086658611403,0.23489665221059752,0.23641934446300916,0.23641934446300894,0.0,STARLINK-4181,1,2,5,0.001522692252411634,0.892892232713129,False,2306.1444124905324,0.00041529871288982745,2306.1448277892455,44193.184563564195,55.24148070445525,N/A,31.18444724165102,31.589729291793013,0.4052820501419916
316,Generic_Service,Completed,33.64968321503671,33.65088062768499,33.65088062768499,33.669488064501046,0.0186074368160547,0.01980484946433451,0.019804849464335916,0.0,STARLINK-4181,1,2,4,0.0011974126482798113,0.025212587118562932,False,175.57680151332343,1.172678470630834e-05,175.57681324010815,44017.60776205054,55.02200970256317,N/A,33.64968321503671,33.8110773573575,0.16139414232078764
318,Generic_Service,Completed,33.799924597916785,33.80111984861353,33.80111984861353,33.84837192677568,0.047252078162145494,0.04844732885889508,0.04844732885889158,0.0,STARLINK-4181,1,2,4,0.0011952506967495818,0.019445605993051254,False,458.99858425401493,9.044467903744769e-06,458.99859329848283,43558.60917779652,54.448261472245655,N/A,33.799924597916785,34.01226531821322,0.21234072029643158
319,CPU_and_Data_Intensive,Completed,33.8514686864782,33.85327825456638,33.85327825456638,33.87057031689783,0.017292062331449642,0.019101630419632407,0.019101630419633864,0.0,STARLINK-4181,1,2,5,0.0018095680881827637,1.658130262856152,False,162.4838814415979,0.0007712233780726289,162.48465266497598,43396.12452513154,54.245155656414425,N/A,33.8514686864782,34.11345327973065,0.2619845932524498
322,CPU_Intensive,Completed,34.382349994441064,34.383558411358585,34.383558411358585,35.76790268091917,1.3843442695605859,1.3855526864781056,1.385552686478107,0.0,STARLINK-4181,1,2,4,0.0012084169175197274,0.05456635019756639,False,13599.067635616051,2.537969776630995e-05,13599.067660995748,29797.056889514814,37.246321111893515,N/A,34.382349994441064,35.928472492675134,1.5461224982340696
426,CPU_and_Data_Intensive,Completed,44.585048925218,44.591213840792435,44.591213840792435,45.39187418884249,0.8006603480500587,0.8068252636244951,0.8068252636244964,0.0,STARLINK-4181,1,2,5,0.006164915574436437,13.275970162164054,False,7813.833462840004,0.006174869842867001,7813.839637709847,21983.217251804945,27.479021564756177,N/A,44.585048925218,45.51405658632036,0.9290076611023608
430,CPU_Intensive,Completed,45.25304714606909,45.25425118275412,45.25425118275412,46.27480660127908,1.020555418524964,1.0217594552099865,1.0217594552099882,0.0,STARLINK-4181,1,2,5,0.001204036685022511,0.04288212981445782,False,10024.615573862971,1.9945176657887357e-05,10024.615593808148,11958.601677937328,14.94825209742166,N/A,45.25304714606909,46.41781176171091,1.1647646156418148
592,CPU_Intensive,Completed,59.41023409721102,59.411427192026196,59.411427192026196,59.790628534815944,0.3792013427897487,0.3803944376049291,0.3803944376049273,0.0,STARLINK-4181,1,2,4,0.0011930948151803625,0.013694816419518308,False,3725.4428254842455,6.36968205558991e-06,3725.4428318539276,8233.158852453067,10.291448565566334,N/A,59.41023409721102,59.92858341732251,0.5183493201114899
620,Generic_Service,Completed,62.73157160981547,62.732768206468386,62.732768206468386,62.747162307631726,0.014394101163340167,0.015590697816260842,0.01559069781625766,0.0,STARLINK-4181,1,2,4,0.0011965966529206755,0.023035928775930123,False,134.77963830125668,1.0714385477176801e-05,134.77964901564215,8098.379214151805,10.122974017689756,N/A,62.73157160981547,62.944464214720945,0.2128926049054769
623,CPU_and_Data_Intensive,Completed,62.860560299114866,62.8678251630809,62.8678251630809,63.157419715729546,0.2895945526486443,0.29685941661467735,0.29685941661468007,0.0,STARLINK-4181,1,2,5,0.007264863966033062,16.210069990341694,False,2774.035199205903,0.00753956743736823,2774.0427387733407,5324.336475378457,6.655420594223072,N/A,62.860560299114866,63.347724375558926,0.4871640764440599
642,Generic_Service,Completed,64.22082933231452,64.22204376038324,64.22204376038324,64.23651964496737,0.014475884584129517,0.01569031265284397,0.01569031265285048,0.0,STARLINK-4181,1,2,4,0.001214428068714454,0.070601027662748,False,121.56881241313069,3.283768728499907e-05,121.56884525081797,5202.767662958988,6.5034595786987355,N/A,64.22082933231452,64.35892148189133,0.13809214957680638
678,CPU_and_Data_Intensive,Completed,68.27947009783946,68.28072412034368,68.28072412034368,68.42424372049102,0.14351960014734289,0.14477362265156027,0.1447736226515559,0.0,STARLINK-4181,1,2,5,0.0012540225042173812,0.17621873417832126,False,1410.7215876841178,8.196220194340523e-05,1410.7216696463197,3792.0459933126426,4.740057491640803,N/A,68.27947009783946,68.57368474392298,0.29421464608351755
707,CPU_Intensive,Completed,70.79468023868237,70.79589274166518,70.79589274166518,70.90446747100955,0.10857472934436885,0.10978723232718177,0.10978723232717869,0.0,STARLINK-4181,1,2,4,0.001212502982812914,0.06546588290860489,False,1048.552180467166,3.044924786446739e-05,1048.5522109164137,2743.4938128454196,3.4293672660567744,N/A,70.79468023868237,71.08676432736723,0.29208408868485947
734,Generic_Service,Completed,73.26199362907106,73.26320387243521,73.26320387243521,73.3578478257645,0.09464395332928177,0.0958541966934376,0.09585419669343764,0.0,STARLINK-4181,1,2,4,0.0012102433641558278,0.05943837583267749,False,913.3178119913946,2.7645756201245343e-05,913.3178396371508,1830.176000854005,2.2877200010675063,N/A,73.26199362907106,73.49646862544607,0.23447499637501323
788,Generic_Service,Completed,79.61836423970868,79.61958437240654,79.61958437240654,79.63444410013612,0.014859727729586325,0.01607986042743393,0.01607986042743903,0.0,STARLINK-4181,1,2,4,0.0012201326978476044,0.0858180610138288,False,120.86020682505625,3.991537721573432e-05,120.86024674043347,1709.3157940289261,2.1366447425361574,N/A,79.61836423970868,79.81053783899655,0.19217359928786948
809,CPU_and_Data_Intensive,Completed,81.55095898327214,81.55624984970964,81.55624984970964,81.60433314237561,0.04808329266596445,0.053374159103462895,0.053374159103469765,0.0,STARLINK-4181,1,2,5,0.005290866437498446,10.944454027315203,False,422.83839146860146,0.005090443733634978,422.8434819123351,1286.4723121165546,1.608090390145693,N/A,81.55095898327214,81.71336516598141,0.16240618270927598
887,Generic_Service,Completed,90.03707088472815,90.03827846994443,90.03827846994443,90.07156986668538,0.03329139674094961,0.034498981957226345,0.03449898195722767,0.0,STARLINK-4181,1,2,4,0.001207585216276734,0.052347796588319624,False,311.9993627307943,2.434781236666029e-05,311.9993870786067,974.4729493822649,1.218091186727831,N/A,90.03707088472815,90.23489133884117,0.19782045411301397
953,Generic_Service,Completed,96.61347673898977,96.61468683529682,96.61468683529682,96.64410900926782,0.029422173970999665,0.030632270278050613,0.030632270278047713,0.0,STARLINK-4181,1,2,4,0.0012100963070509497,0.05904610267745349,False,271.9715495015027,2.7463303570908602e-05,271.9715769648063,702.5013998807453,0.8781267498509316,N/A,96.61347673898977,96.74593184602656,0.1324551070367903
1148,Generic_Service,Completed,116.86807378639918,116.86926733888504,116.86926733888504,116.88249114708668,0.01322380820164426,0.014417360687497317,0.014417360687502878,0.0,STARLINK-4181,1,2,4,0.0011935524858530556,0.01491564773521449,False,125.66236640350871,6.937510574518368e-06,125.66237334101929,576.839033477214,0.7210487918465175,N/A,116.86807378639918,117.06323782604666,0.19516403964748008
1154,Generic_Service,Completed,117.52316074661972,117.52436913174901,117.52436913174901,117.54264850831417,0.018279376565160987,0.01948776169445037,0.019487761694449546,0.0,STARLINK-4181,1,2,4,0.0012083851292893847,0.054481555454559065,False,163.72612731964117,2.5340258350957704e-05,163.72615265989953,413.1129061575672,0.5163911326969589,N/A,117.52316074661972,117.66659207592421,0.14343132930449087
1282,Generic_Service,Completed,130.1642990076341,130.16550509471895,130.16550509471895,130.17917315956834,0.013668064849383654,0.014874151934225335,0.014874151934236579,0.0,STARLINK-4181,1,2,4,0.0012060870848416812,0.04835154801906149,False,120.17969906652449,2.2489092101889064e-05,120.1797215556166,292.93320709102505,0.3661665088637813,N/A,130.1642990076341,130.38023193874596,0.2159329311118654
10,CPU_Intensive,Completed,2.2107223710363253,2.2127877399075335,2.2127877399075335,2.533235736227533,0.32044799631999954,0.3225133651912078,0.32251336519120777,0.0,STARLINK-30390,1,2,1,0.0020653688712082906,0.04234345263444511,False,3139.157185384264,1.969462913230005e-05,3139.1572050788927,76860.84281461574,96.07605351826967,N/A,2.2107223710363253,2.813717898593512,0.6029955275571868
71,CPU_and_Data_Intensive,Completed,8.78606131894733,8.788825589432665,8.788825589432665,9.290043114379905,0.5012175249472399,0.5039817954325767,0.5039817954325763,0.0,STARLINK-30390,1,2,2,0.0027642704853368307,1.675039891146427,False,4921.855350989903,0.0007790883214634544,4921.856130078225,71938.98668453749,89.92373335567187,N/A,8.78606131894733,9.46481440625458,0.6787530873072516
101,CPU_and_Data_Intensive,Completed,11.98764382231326,11.99217975022195,11.99217975022195,12.038384205874744,0.046204455652793186,0.05074038356148397,0.05074038356148414,0.0,STARLINK-30390,1,2,2,0.004535927908690781,5.813789476064846,False,427.8298807612572,0.002704088128402254,427.83258484938557,71511.15409968756,89.38894262460944,N/A,11.98764382231326,12.191997606875395,0.2043537845621355
102,CPU_Intensive,Completed,12.035375779339175,12.037428886810892,12.037428886810892,13.476331265288874,1.438902378477982,1.4409554859496996,1.440955485949699,0.0,STARLINK-30390,1,2,1,0.0020531074717176946,0.013699731007859692,False,14147.692809790065,6.371967910632415e-06,14147.692816162033,57363.4612898956,71.7043266123695,N/A,12.035375779339175,13.709391509822616,1.6740157304834415
214,CPU_Intensive,Completed,22.2859814336164,22.288036754709662,22.288036754709662,22.80545547793783,0.5174187232281682,0.5194740443214291,0.5194740443214307,0.0,STARLINK-30390,1,2,1,0.002055321093260864,0.018870948152997488,False,5083.297568733986,8.777185187440692e-06,5083.297577511171,52280.1637211616,65.350204651452,N/A,22.2859814336164,22.917576020771943,0.6315945871555435
245,Generic_Service,Completed,26.062650021479794,26.064729814104446,26.064729814104446,26.122743002466084,0.05801318836163816,0.06009298098629182,0.060092980986290456,0.0,STARLINK-30390,1,2,1,0.002079792624653666,0.07603862575205661,False,548.1597628234794,3.536680267537517e-05,548.159798190282,51732.003958338115,64.66500494792264,N/A,26.062650021479794,26.24878741865498,0.1861373971751874
254,Generic_Service,Completed,26.86121337749068,26.86328678251064,26.86328678251064,26.928831183046533,0.06554440053589161,0.06761780555585159,0.06761780555585162,0.0,STARLINK-30390,1,2,1,0.002073405019959981,0.06111661209065443,False,626.626694473196,2.842633120495555e-05,626.6267228995273,51105.37726386489,63.88172157983111,N/A,26.86121337749068,27.05631262639524,0.1950992489045582
257,Generic_Service,Completed,27.178981941362306,27.181034607813146,27.181034607813146,27.241844509367375,0.060809901554229384,0.06286256800506919,0.06286256800506962,0.0,STARLINK-30390,1,2,1,0.002052666450839806,0.012669466944818806,False,594.3375570901626,5.892775323171538e-06,594.3375629829379,50511.039706774696,63.138799633468366,N/A,27.178981941362306,27.463514834065645,0.28453289270333926
259,CPU_and_Data_Intensive,Completed,27.284149544641632,27.290110382748036,27.290110382748036,28.894768474001562,1.6046580912535262,1.6106189293599307,1.61061892935993,0.0,STARLINK-30390,1,2,2,0.005960838106404432,9.142506648806428,False,15740.12923431399,0.004252328673863455,15740.133486642664,34770.90622013203,43.46363277516503,N/A,27.284149544641632,29.07450905582407,1.7903595111824373
276,CPU_Intensive,Completed,28.677865150917334,28.67992064715544,28.67992064715544,29.555789987435755,0.8758693402803139,0.8779248365184225,0.8779248365184209,0.0,STARLINK-30390,1,2,2,0.00205549623810851,0.019280102121445188,False,8608.569863028712,8.967489358811715e-06,8608.5698719962,26162.336357100485,32.70292044637561,N/A,28.677865150917334,29.680520605741588,1.0026554548242537
451,CPU_and_Data_Intensive,Completed,46.73817641560557,46.74081411913214,46.74081411913214,47.93637349792163,1.1955593787894898,1.198197082316053,1.1981970823160566,0.0,STARLINK-30390,1,2,2,0.002637703526563319,1.379368199100799,False,11752.120135998059,0.0006415666042329298,11752.120777564664,14410.215579535814,18.01276947441977,N/A,46.73817641560557,48.13848996231195,1.4003135467063785
565,CPU_and_Data_Intensive,Completed,57.55323670375272,57.555423021068194,57.555423021068194,57.78145834253044,0.22603532146224836,0.22822163877772567,0.2282216387777254,0.0,STARLINK-30390,1,2,2,0.002186317315477307,0.3248897942219025,False,2221.5907611822895,0.00015111153219623372,2221.5909122938215,12188.624667241396,15.235780834051745,N/A,57.55323670375272,57.90449274746786,0.3512560437151464
583,CPU_and_Data_Intensive,Completed,58.93942426154489,58.94289210395799,58.94289210395799,59.587258383685196,0.6443662797272083,0.6478341221403041,0.6478341221403028,0.0,STARLINK-30390,1,2,2,0.0034678424130958558,3.3186465983959255,False,6322.2171364450205,0.0015435565573934536,6322.218680001578,5866.405987239709,7.333007484049636,N/A,58.93942426154489,59.72633945128724,0.786915189742345
652,CPU_and_Data_Intensive,Completed,65.23955997471812,65.24205785452021,65.24205785452021,65.58174181909725,0.3396839645770342,0.34218184437912197,0.3421818443791267,0.0,STARLINK-30390,1,2,2,0.0024978798020877805,1.052727521277575,False,3336.005541897901,0.0004896407075709651,3336.0060315386086,2530.3999556996428,3.1629999446245534,N/A,65.23955997471812,65.76505145047055,0.5254914757524318
701,CPU_and_Data_Intensive,Completed,70.28323802424882,70.28568349791179,70.28568349791179,70.44216262184142,0.15647912392962837,0.15892459759260186,0.1589245975926019,0.0,STARLINK-30390,1,2,2,0.0024454736629734783,0.9303021112364578,False,1534.7301026925952,0.0004326986563890501,1534.7305353912516,995.6694203079783,1.2445867753849729,N/A,70.28323802424882,70.58418918127,0.30095115702118846
882,Generic_Service,Completed,89.63404311218986,89.63610770692505,89.63610770692505,89.69974787386714,0.0636401669420934,0.06570476167728372,0.06570476167728145,0.0,STARLINK-30390,1,2,1,0.002064594735190317,0.04053500192561972,False,613.9628140701852,1.88534892677301e-05,613.9628329236745,381.7066062374736,0.4771332577968419,N/A,89.63404311218986,89.83370337795829,0.1996602657684292
1169,Generic_Service,Completed,119.4801542324933,119.48223556584732,119.48223556584732,119.50674817425381,0.024512608406496383,0.026593941760504832,0.026593941760509665,0.0,STARLINK-30390,1,2,1,0.0020813333540084483,0.07963790679449656,False,217.61812158713636,3.7040886881161194e-05,217.61815862802325,164.0884846503233,0.2051106058129041,N/A,119.4801542324933,119.66856780742037,0.18841357492706834
452,Generic_Service,Rejected,46.73929355874438,N/A,N/A,N/A,0.08898197150480096,0.0,0.0,0.0,STARLINK-30390,0,N/A,N/A,0.0,0.060025915922648464,False,0.0,0.0,0.0,164.08848465028893,0.20511060581286117,Deadline Exceeded,N/A,N/A,N/A
30000,Batch,Completed,0,0,0.0,0.16370316424595827,0.16370316424595827,0.16370316424595827,0.16370316424595827,0.0,STARLINK-3566,0,N/A,0,0.0,351.9618031288103,False,0.0,0.16370316424595827,0.16370316424595827,80000,100.0,N/A,N/A,N/A,N/A
31000,Batch,Completed,0,0,0.0,0.010554327560354938,0.010554327560354938,0.010554327560354938,0.010554327560354938,0.0,STARLINK-4386,0,N/A,0,0.0,22.691804254763117,False,0.0,0.010554327560354938,0.010554327560354938,80000,100.0,N/A,N/A,N/A,N/A
32000,Batch,Completed,0,0,0.0,0.13622329680564896,0.13622329680564896,0.13622329680564896,0.13622329680564896,0.0,STARLINK-4386,0,N/A,0,0.0,292.88008813214526,False,0.0,0.13622329680564896,0.13622329680564896,79999.98944567244,99.99998680709055,N/A,N/A,N/A,N/A
23,CPU_and_Data_Intensive,Completed,3.3780528002400163,3.3804995249246126,3.3804995249246126,3.669038716937517,0.28853919201290434,0.29098591669750046,0.2909859166975006,0.0,STARLINK-4386,1,2,4,0.0024467246845961224,3.4535946776808615,False,2822.0096076690706,0.001606323105898075,2822.0112139921766,77177.84200838346,96.47230251047934,N/A,3.3780528002400163,3.8233417807641343,0.445288980524118
66,CPU_and_Data_Intensive,Completed,8.199731792118,8.247560977231487,8.247560977231487,8.814281565104341,0.5667205878728545,0.6145497729863422,0.6145497729863418,0.0,STARLINK-4386,1,2,4,0.04782918511348763,144.6634591333537,False,4911.989002779279,0.06728532982946685,4912.056288109108,72265.78572027318,90.33223215034147,N/A,8.199731792118,8.960597342145432,0.7608655500274324
98,CPU_and_Data_Intensive,Completed,11.508855937493594,11.510698488260893,11.510698488260893,11.672703582575306,0.1620050943144129,0.1638476450817105,0.16384764508171124,0.0,STARLINK-4386,1,2,4,0.0018425507672976001,1.573676397290238,False,1586.1354106405768,0.0007319425103675525,1586.1361425830871,70679.64957764251,88.34956197205315,N/A,11.508855937493594,11.78810495408154,0.2792490165879453
119,Generic_Service,Completed,14.14249778284063,14.143861118665578,14.143861118665578,14.159843793095812,0.0159826744302336,0.017346010255182006,0.017346010255181454,0.0,STARLINK-4386,1,2,3,0.0013633358249484056,0.0825744073420988,False,132.8602353487942,3.8406701089348277e-05,132.86027375549529,70546.78934229317,88.18348667786647,N/A,14.14249778284063,14.313691128593788,0.17119334575315825
122,Generic_Service,Completed,14.30896813591454,14.31032635909799,14.31032635909799,14.367362154942512,0.057035795844521786,0.05839401902797139,0.05839401902797192,0.0,STARLINK-4386,1,2,3,0.0013582231834495988,0.06666615983339041,False,541.3086428409789,3.1007516201576936e-05,541.3086738484951,70005.48069945216,87.5068508743152,N/A,14.30896813591454,14.61828808249085,0.30931994657630923
125,CPU_Intensive,Completed,14.897382656769388,14.898730505224714,14.898730505224714,14.926857986568514,0.028127481343799943,0.029475329799125514,0.02947532979912637,0.0,STARLINK-4386,1,2,3,0.0013478484553255724,0.034384658603334846,False,266.5046903337975,1.599286446666737e-05,266.50470632666196,69738.97600911834,87.17372001139793,N/A,14.897382656769388,15.122522178684271,0.2251395219148833
126,CPU_Intensive,Completed,15.318855667270537,15.320210867536021,15.320210867536021,15.68290381012573,0.3626929425897085,0.36404814285519255,0.36404814285519294,0.0,STARLINK-4386,1,2,3,0.0013552002654840267,0.057260194794366635,False,3550.2446347937616,2.6632648741565878e-05,3550.2446614264104,66188.73137432456,82.7359142179057,N/A,15.318855667270537,15.827413799315561,0.5085581320450245
151,CPU_and_Data_Intensive,Completed,17.620689074272228,17.622443780290887,17.622443780290887,17.809829556281013,0.1873857759901263,0.1891404820087847,0.18914048200878497,0.0,STARLINK-4386,1,2,4,0.0017547060186583919,1.3003429347310282,False,1837.0069650037296,0.0006048106673167573,1837.007569814397,64351.72380451015,80.43965475563768,N/A,17.620689074272228,17.946618035482746,0.3259289612105185
160,CPU_Intensive,Completed,18.33428245543586,18.335640735969946,18.335640735969946,18.543641566061122,0.20800083009117643,0.20935911062526139,0.20935911062526102,0.0,STARLINK-4386,1,2,3,0.001358280534084966,0.06684460929095913,False,2026.0102442823527,3.109051594928332e-05,2026.0102753728686,62325.71356022724,77.90714195028406,N/A,18.33428245543586,18.65319742970605,0.31891497427018933
170,CPU_and_Data_Intensive,Completed,18.891255603825453,18.93875160155568,18.93875160155568,19.218410376616873,0.2796587750611934,0.32715477279142063,0.32715477279142036,0.0,STARLINK-4386,1,2,4,0.047495997730227224,143.62672941918885,False,2093.45369808446,0.06680312996241342,2093.5205012144224,60232.193059012796,75.290241323766,N/A,18.891255603825453,19.46795625074032,0.5767006469148654
191,CPU_Intensive,Completed,20.367227495444435,20.36858276893752,20.36858276893752,20.485030266996464,0.1164474980589425,0.11780277155202726,0.11780277155202867,0.0,STARLINK-4386,1,2,3,0.0013552734930847628,0.057488046247915564,False,1128.3322314969214,2.6738626161821192e-05,1128.3322582355477,59103.86082746894,73.87982603433618,N/A,20.367227495444435,20.689921565218135,0.32269406977369997
203,CPU_Intensive,Completed,21.256873560953895,21.258234407843695,21.258234407843695,21.763822908969154,0.5055885011254588,0.5069493480152581,0.506949348015258,0.0,STARLINK-4386,1,2,3,0.0013608468897992883,0.07482995735582026,False,4950.457850970865,3.48046313282885e-05,4950.457885775497,54153.40297649805,67.69175372062256,N/A,21.256873560953895,21.909720660249974,0.6528470992960784
229,CPU_Intensive,Completed,24.45851381563442,24.459860779246963,24.459860779246963,24.47592823273154,0.0160674534845775,0.017414417097120938,0.01741441709712177,0.0,STARLINK-4386,1,2,3,0.0013469636125434386,0.03163142468545412,False,148.70451932846504,1.471229055137401e-05,148.7045340407556,54004.69845716956,67.50587307146193,N/A,24.45851381563442,24.628492520568507,0.1699787049340884
230,CPU_Intensive,Completed,24.474084742250064,24.47544717417392,24.47544717417392,24.777790668372646,0.30234349419872686,0.3037059261225813,0.30370592612258207,0.0,STARLINK-4386,1,2,3,0.001362431923854431,0.07976187250473595,False,2950.0724104939545,3.709854535103997e-05,2950.0724475925,51054.62604667559,63.818282558344485,N/A,24.474084742250064,24.93397215292606,0.4598874106759965
250,CPU_and_Data_Intensive,Completed,26.175998086736932,26.30381484247571,26.30381484247571,27.079414669553223,0.7755998270775137,0.903416582816291,0.9034165828162912,0.0,STARLINK-4386,1,2,4,0.12781675573877727,393.5489073746093,False,5827.818157480383,0.18304600343005084,5828.001203483813,45226.62484319174,56.53328105398968,N/A,26.175998086736932,27.259466785327145,1.083468698590213
303,CPU_and_Data_Intensive,Completed,32.352817705066144,32.354809838005224,32.354809838005224,32.80548150007439,0.4506716620691691,0.4526637950082502,0.4526637950082488,0.0,STARLINK-4386,1,2,4,0.0019921329390811386,2.039109033663818,False,4423.0669941234155,0.0009484228063552641,4423.067942546222,40803.55690048332,51.004446125604154,N/A,32.352817705066144,33.00242847264877,0.6496107675826295
342,Generic_Service,Completed,36.286692205375736,36.288037501213736,36.288037501213736,36.30721420128337,0.0191767000696359,0.020521995907635846,0.020521995907635926,0.0,STARLINK-4386,1,2,3,0.0013452958379999473,0.026442058242926607,False,180.8132882189163,1.2298631740896096e-05,180.81330051754804,40622.74361226353,50.778429515329414,N/A,36.286692205375736,36.43353177150739,0.1468395661316535
341,CPU_and_Data_Intensive,Completed,36.27448865427115,36.357380588929026,36.357380588929026,36.930952720054776,0.5735721311257507,0.6564640657836255,0.6564640657836236,0.0,STARLINK-4386,1,2,4,0.08289193465787481,253.76301133511282,False,4480.303109217573,0.1180293075977269,4480.421138525171,36142.32247373835,45.17790309217294,N/A,36.27448865427115,37.0415127179511,0.7670240636799477
378,CPU_Intensive,Completed,40.27697814885336,40.27832698285366,40.27832698285366,40.368306585129666,0.08997960227600288,0.09132843627630684,0.09132843627630649,0.0,STARLINK-4386,1,2,3,0.0013488340003039536,0.03745123259462936,False,873.9220811732418,1.74191779509904e-05,873.9220985924198,35268.40039247977,44.08550049059971,N/A,40.27697814885336,40.474195379311546,0.19721723045818607
383,CPU_Intensive,Completed,40.72339738908659,40.724743987293486,40.724743987293486,40.74388864618699,0.019144658893502253,0.020491257100394428,0.0204912571003959,0.0,STARLINK-4386,1,2,3,0.001346598206892176,0.030494446169999363,False,179.3041144473971,1.4183463334883425e-05,179.30412863086042,35089.09627803236,43.86137034754045,N/A,40.72339738908659,40.87623322448786,0.15283583540126955
387,Generic_Service,Completed,40.902222992400134,40.90358439949028,40.90358439949028,40.984826469759525,0.08124207026924779,0.08260347735938914,0.08260347735939177,0.0,STARLINK-4386,1,2,3,0.0013614070901413475,0.07657304959063128,False,776.4603581931124,3.5615371902619205e-05,776.4603938084842,34312.63591983923,42.89079489979904,N/A,40.902222992400134,41.1795221662998,0.27729917389966374
390,CPU_and_Data_Intensive,Completed,41.02289874416814,41.02809351608813,41.02809351608813,41.265298019270304,0.237204503182177,0.24239927510216702,0.24239927510216575,0.0,STARLINK-4386,1,2,4,0.0051947719199900285,12.004285274013483,False,2278.0137161116563,0.005583388499541155,2278.0192995001557,32034.616620339046,40.04327077542381,N/A,41.02289874416814,41.38318723267644,0.36028848850830286
405,Generic_Service,Completed,42.72672187264365,42.72807255382414,42.72807255382414,42.80290720773074,0.07483465390659916,0.07618533508709122,0.07618533508708936,0.0,STARLINK-4386,1,2,3,0.0013506811804920634,0.04319882894623946,False,723.276659400779,2.0092478579646263e-05,723.2766794932576,31311.339960932957,39.1391749511662,N/A,42.72672187264365,42.99435668315975,0.2676348105160997
413,CPU_Intensive,Completed,43.26651566407359,43.26787682381628,43.26787682381628,43.91613394089574,0.64825711707946,0.6496182768221545,0.649618276822153,0.0,STARLINK-4386,1,2,3,0.0013611597426945031,0.0758034152624731,False,6353.3292090325895,3.5257402447661904e-05,6353.329244289992,24958.010751900354,31.19751343987544,N/A,43.26651566407359,44.101963154489844,0.8354474904162572
441,CPU_and_Data_Intensive,Completed,46.580322774106925,46.6401845847197,46.6401845847197,46.9808864405835,0.34070185586379864,0.40056366647656855,0.4005636664765717,0.0,STARLINK-4386,1,2,4,0.05986181061276989,182.1035934879428,False,2517.8068504867865,0.08469934580834548,2517.891549832595,22440.11920206773,28.05014900258466,N/A,46.580322774106925,47.12878850126127,0.548465727154344
476,CPU_Intensive,Completed,49.43668393867742,49.4380320030402,49.4380320030402,49.6177921994328,0.17976019639259988,0.18110826075537936,0.18110826075538,0.0,STARLINK-4386,1,2,3,0.0013480643627794703,0.03505646577314777,False,1757.6276212119187,1.6305332917743148e-05,1757.6276375172517,20682.491580795362,25.853114475994204,N/A,49.43668393867742,49.74417799263687,0.3074940539594522
481,Generic_Service,Completed,50.375237412041265,50.376585889174656,50.376585889174656,50.43242659499254,0.055840705817885805,0.05718918295127663,0.05718918295127651,0.0,STARLINK-4386,1,2,3,0.00134847713339083,0.03634082280294594,False,538.4902638081428,1.6902708280439973e-05,538.490280710851,20144.001316987207,25.180001646234007,N/A,50.375237412041265,50.54746692812192,0.1722295160806553
484,CPU_and_Data_Intensive,Completed,50.53652041036724,50.543163042593456,50.543163042593456,50.926995446711715,0.3838324041182588,0.39047503634447545,0.3904750363444762,0.0,STARLINK-4386,1,2,4,0.006642632226216624,16.50937723378849,False,3699.503458624052,0.0076787801087388335,3699.5111374041608,16444.490179583037,20.5556127244788,N/A,50.53652041036724,51.051166281126484,0.5146458707592458
529,CPU_Intensive,Completed,54.17186766485292,54.17321425606127,54.17321425606127,54.452033112054885,0.2788188559936131,0.28016544720196607,0.28016544720196634,0.0,STARLINK-4386,1,2,3,0.0013465912083529615,0.0304726698545564,False,2733.2287413490326,1.4173334816072743e-05,2733.2287555223675,13711.261438228192,17.13907679778524,N/A,54.17186766485292,54.58677518604882,0.41490752119590013
570,Generic_Service,Completed,58.076380963969335,58.077743369871556,58.077743369871556,58.13264325642026,0.05489988654870359,0.05626229245092583,0.05626229245092418,0.0,STARLINK-4386,1,2,3,0.0013624059022222367,0.07968090485511269,False,516.4669634903736,3.706088597912218e-05,516.4670005512596,13194.794474737806,16.493493093422256,N/A,58.076380963969335,58.30582954543329,0.22944858146395575
578,CPU_Intensive,Completed,58.636359763085,58.637713819379975,58.637713819379975,58.92798131583372,0.29026749645374395,0.29162155274872137,0.2916215527487225,0.0,STARLINK-4386,1,2,3,0.0013540562949774402,0.0537006716074412,False,2838.9829238500038,2.497705656160056e-05,2838.98294882706,10355.811550887776,12.94476443860972,N/A,58.636359763085,59.11557548261351,0.4792157195285114
613,Generic_Service,Completed,62.03650818951246,62.03785903998229,62.03785903998229,62.071203386615785,0.03334434663349839,0.03469519710332455,0.034695197103324915,0.0,STARLINK-4386,1,2,3,0.0013508504698261559,0.04372558143376583,False,315.0606863263713,2.033747973663527e-05,315.060706663851,10040.750864561387,12.550938580701734,N/A,62.03650818951246,62.23774576841749,0.20123757890502958
617,CPU_Intensive,Completed,62.285928496789126,62.28728337972899,62.28728337972899,62.50553046928942,0.21824708956042826,0.2196019725002947,0.21960197250029267,0.0,STARLINK-4386,1,2,3,0.001354882939866428,0.056272819781509845,False,2129.898096937111,2.6173404549539462e-05,2129.8981231105154,7910.852767624261,9.888565959530327,N/A,62.285928496789126,62.63990781204213,0.35397931525300663
637,CPU_and_Data_Intensive,Completed,63.89703439586203,63.89866731135204,63.89866731135204,64.1188490980187,0.22018178666665733,0.2218147021566722,0.22181470215667076,0.0,STARLINK-4386,1,2,4,0.0016329154900148613,0.9213854282581305,False,2161.2920949365825,0.00042855136198052585,2161.2925234879444,5749.560244136295,7.18695030517037,N/A,63.89703439586203,64.25773352064259,0.36069912478055954
672,Generic_Service,Completed,67.59022657614247,67.59157139933194,67.59157139933194,67.66830606244105,0.07673466310910726,0.07807948629858408,0.0780794862985772,0.0,STARLINK-4386,1,2,3,0.0013448231894768227,0.024971388004802565,False,747.3341745329164,1.1614599072001193e-05,747.3341861475155,5002.226069603097,6.252782587003872,N/A,67.59022657614247,67.77249678299128,0.18227020684881268
685,CPU_and_Data_Intensive,Completed,68.89653226471258,68.900029751882,68.900029751882,68.9949764052722,0.09494665339019548,0.09844414055961595,0.09844414055962147,0.0,STARLINK-4386,1,2,4,0.0034974871694204734,6.723096301323368,False,903.0540288173531,0.003127021535499241,903.0571558388887,4099.168913764197,5.123961142205246,N/A,68.89653226471258,69.17537206832431,0.27883980361173144
693,Generic_Service,Completed,69.55773879168095,69.55910104343629,69.55910104343629,69.66107020935996,0.101969165923677,0.10333141767902097,0.10333141767901566,0.0,STARLINK-4386,1,2,3,0.0013622517553439828,0.07920126889930904,False,979.5387271994312,3.683779948805071e-05,979.5387640372306,3119.630186561958,3.8995377332024477,N/A,69.55773879168095,69.77908525571294,0.22134646403199554
731,CPU_and_Data_Intensive,Completed,72.5389799082545,72.54061384018972,72.54061384018972,72.578816683686,0.038202843496279115,0.03983677543149902,0.03983677543149611,0.0,STARLINK-4386,1,2,4,0.001633931935219907,0.9245481498971656,False,371.4989658095223,0.00043002239530100727,371.4993958319176,2748.1307907300147,3.435163488412518,N/A,72.5389799082545,72.6931429480662,0.15416303981169222
743,CPU_Intensive,Completed,74.51016274130413,74.5115163273309,74.5115163273309,74.58789254711756,0.07637621978666687,0.07772980581343344,0.07772980581343347,0.0,STARLINK-4386,1,2,3,0.0013535860267665806,0.05223740783360196,False,735.7748538844468,2.4296468759814865e-05,735.7748781809155,2012.3559368452552,2.515444921056569,N/A,74.51016274130413,74.6999431394863,0.1897803981821653
783,CPU_Intensive,Completed,79.00554569221275,79.00689623457146,79.00689623457146,79.06197479660756,0.055078562036101175,0.056429104394807916,0.05642910439480886,0.0,STARLINK-4386,1,2,3,0.0013505423587067383,0.0427668778068786,False,529.1010608801989,1.989157107296679e-05,529.1010807717701,1483.2548759650392,1.8540685949562992,N/A,79.00554569221275,79.20934987744943,0.20380418523667743
864,Generic_Service,Completed,87.47972124548384,87.48106966376601,87.48106966376601,87.51999511514497,0.03892545137895809,0.04027386966112767,0.0402738696611209,0.0,STARLINK-4386,1,2,3,0.0013484182821695858,0.036157704195086966,False,372.1812282650026,1.681753683492417e-05,372.1812450825394,1111.07364770002,1.388842059625025,N/A,87.47972124548384,87.63137712278005,0.1516558772962071
929,CPU_and_Data_Intensive,Completed,94.22160956216575,94.22303963913286,94.22303963913286,94.25012730471906,0.02708766558619402,0.02851774255330461,0.02851774255330497,0.0,STARLINK-4386,1,2,4,0.00143007696711059,0.2902429107522615,False,265.0818319677581,0.00013499670267547046,265.0819669644608,845.9916807355448,1.057489600919431,N/A,94.22160956216575,94.44074126946786,0.21913170730211107
1007,Generic_Service,Completed,102.12099462078596,102.12234058705222,102.12234058705222,102.14045283207471,0.018112245022493312,0.01945821128875265,0.01945821128875025,0.0,STARLINK-4386,1,2,3,0.0013459662662593385,0.028528130323223135,False,169.72961442336876,1.3268897824754947e-05,169.72962769226658,676.2620663120838,0.8453275828901048,N/A,102.12099462078596,102.25142611334958,0.1304314925636163
1152,Generic_Service,Completed,117.34360238490223,117.34495584092664,117.34495584092664,117.36219401726206,0.017238176335411026,0.018591632359827446,0.01859163235982919,0.0,STARLINK-4386,1,2,3,0.0013534560244164182,0.05183289882126818,False,154.2662660810638,2.410832503314799e-05,154.26629018938883,521.9958002310109,0.6524947502887636,N/A,117.34360238490223,117.46457462387903,0.12097223897680465
1262,Generic_Service,Completed,128.73621730673193,128.73757989917053,128.73757989917053,128.75404706086934,0.016467161698813015,0.01782975413740868,0.01782975413740928,0.0,STARLINK-4386,1,2,3,0.001362592438595666,0.0802613223943793,False,138.3067657274452,3.73308476252927e-05,138.30680305829281,383.68903450354696,0.4796112931294337,N/A,128.73621730673193,128.87904397785857,0.1428266711266417
33000,Batch,Completed,0,0,0.0,0.0013456716540633988,0.0013456716540633988,0.0013456716540633988,0.0013456716540633988,0.0,STARLINK-5258,0,N/A,0,0.0,2.8931940562363074,False,0.0,0.0013456716540633988,0.0013456716540633988,80000,100.0,N/A,N/A,N/A,N/A
34000,Batch,Completed,0,0,0.0,0.22898044991856478,0.22898044991856478,0.22898044991856478,0.22898044991856478,0.0,STARLINK-5258,0,N/A,0,0.0,492.3079673249143,False,0.0,0.22898044991856478,0.22898044991856478,79999.99865432834,99.99999831791044,N/A,N/A,N/A,N/A
36000,Batch,Completed,0,0,0.0,0.0012293887096235837,0.0012293887096235837,0.0012293887096235837,0.0012293887096235837,0.0,STARLINK-3989,0,N/A,0,0.0,2.643185725690705,False,0.0,0.0012293887096235837,0.0012293887096235837,80000,100.0,N/A,N/A,N/A,N/A
35000,Batch,Completed,0,0,0.0,0.1190721984213442,0.1190721984213442,0.1190721984213442,0.1190721984213442,0.0,STARLINK-3989,0,N/A,0,0.0,256.00522660589,False,0.0,0.1190721984213442,0.1190721984213442,79999.99877061129,99.9999984632641,N/A,N/A,N/A,N/A
21,Generic_Service,Completed,3.3080487560620577,3.309743669861628,3.309743669861628,3.3470018679568128,0.037258198095184714,0.038953111894755026,0.03895311189475503,0.0,STARLINK-3989,1,2,3,0.0016949137995703146,0.011311404968084473,False,363.1046708081466,5.261118589806731e-06,363.10467606926517,79636.77502760473,99.54596878450592,N/A,3.3080487560620577,3.518849607399612,0.2108008513375541
35,CPU_Intensive,Completed,4.623060464508118,4.624761505121475,4.624761505121475,6.219795063573569,1.5950335584520943,1.5967345990654513,1.5967345990654511,0.0,STARLINK-3989,1,2,3,0.0017010406133570863,0.02984730848054447,False,15678.498559042733,1.3882469060718357e-05,15678.498572925202,63958.276468562,79.9478455857025,N/A,4.623060464508118,6.34139901851392,1.7183385540058023
163,CPU_Intensive,Completed,18.624272906793596,18.625985860090044,18.625985860090044,18.949318471563117,0.3233326114730737,0.32504556476952207,0.3250455647695212,0.0,STARLINK-3989,1,2,3,0.0017129532964483623,0.06588763091227157,False,3160.590275349646,3.0645409726637935e-05,3160.590305995056,60797.686193212336,75.99710774151542,N/A,18.624272906793596,19.058669935903232,0.4343970291096362
185,Generic_Service,Completed,19.886651609755262,19.888370651892625,19.888370651892625,19.910461650823866,0.022090998931240335,0.023810041068603276,0.023810041068603738,0.0,STARLINK-3989,1,2,3,0.0017190421373629397,0.08430865228214005,False,192.42513614033587,3.9213326642855835e-05,192.4251753536625,60605.26105707198,75.75657632133998,N/A,19.886651609755262,20.07947224652093,0.19282063676566707
189,Generic_Service,Completed,20.16944984657634,20.171154535972878,20.171154535972878,20.315711471508266,0.1445569355353875,0.14626162493192274,0.14626162493192396,0.0,STARLINK-3989,1,2,3,0.0017046893965352275,0.040886242465112556,False,1409.682744882151,1.9016856960517467e-05,1409.6827638990078,59195.5783121898,73.99447289023725,N/A,20.16944984657634,20.487062385353095,0.31761253877675344
200,Generic_Service,Completed,21.07859065767632,21.080303026559918,21.080303026559918,21.216533347080052,0.13623032052013428,0.13794268940373328,0.137942689403733,0.0,STARLINK-3989,1,2,3,0.0017123688835989847,0.06411956343633653,False,1320.944010367177,2.9823052761086758e-05,1320.9440401902298,57874.6343018226,72.34329287727826,N/A,21.07859065767632,21.402188258323335,0.32359760064701604
208,CPU_Intensive,Completed,21.585858479286035,21.587557607145726,21.587557607145726,21.734141869918634,0.14658426277290815,0.1482833906326001,0.14828339063259932,0.0,STARLINK-3989,1,2,3,0.0016991278596919525,0.024060513155285262,False,1434.5794261452647,1.1190936351295471e-05,1434.5794373362012,56440.05487567732,70.55006859459665,N/A,21.585858479286035,22.00972066027889,0.423862180992856
212,CPU_and_Data_Intensive,Completed,21.935400109601215,22.097520076747657,22.097520076747657,23.122703367343842,1.0251832905961855,1.1873032577426286,1.1873032577426272,0.0,STARLINK-3989,1,2,4,0.16211996714644314,485.35710667610294,False,7862.5202975940065,0.22574749147725717,7862.746045085484,48577.30883059183,60.721636038239794,N/A,21.935400109601215,23.320004429965778,1.3846043203645628
272,CPU_and_Data_Intensive,Completed,28.026648945820945,28.034629456272302,28.034629456272302,28.43415574531643,0.3995262890441289,0.4075067994954868,0.4075067994954864,0.0,STARLINK-3989,1,2,4,0.007980510451357909,19.027592478717843,False,3842.334703537354,0.008850043013357137,3842.3435535803674,44734.9652768023,55.91870659600288,N/A,28.026648945820945,28.56974715168425,0.5430982058633056
310,CPU_Intensive,Completed,33.206228069127796,33.20793388572491,33.20793388572491,33.5508103964467,0.34287651072178704,0.344582327318904,0.3445823273189035,0.0,STARLINK-3989,1,2,3,0.0017058165971169188,0.04429644586749539,False,3359.16811209294,2.0602998077904832e-05,3359.1681326959383,41375.79716470262,51.71974645587828,N/A,33.206228069127796,33.70988939648988,0.5036613273620816
332,Generic_Service,Completed,35.525516558878834,35.52723666149833,35.52723666149833,35.572900092690865,0.04566343119253702,0.047383533812034084,0.047383533812030976,0.0,STARLINK-3989,1,2,3,0.0017201026194970635,0.08751700742380387,False,423.31669857320384,4.070558484828087e-05,423.3167392787887,40952.4804661294,51.19060058266175,N/A,35.525516558878834,35.72590512470893,0.2003885658300959
340,CPU_and_Data_Intensive,Completed,36.26416801728671,36.272148163592995,36.272148163592995,36.99108960101232,0.7189414374193248,0.7269215837256116,0.7269215837256127,0.0,STARLINK-3989,1,2,4,0.007980146306286724,19.026490803664718,False,6983.815381582175,0.008849530606355682,6983.8242311127815,33968.656235016584,42.46082029377073,N/A,36.26416801728671,37.145914578610736,0.8817465613240287
346,CPU_and_Data_Intensive,Completed,36.85188528546394,36.85946282335274,36.85946282335274,39.24353064496506,2.3840678216123194,2.391645359501122,2.391645359501119,0.0,STARLINK-3989,1,2,5,0.007577537888802206,17.808449740313026,False,23366.049411571872,0.008282999879215361,23366.05769457175,10602.598540438641,13.253248175548302,N/A,36.85188528546394,39.36139778068661,2.5095124952226655
604,CPU_Intensive,Completed,60.99880479302783,61.000521387257656,61.000521387257656,61.45824106099492,0.45771967373726596,0.45943626796708936,0.45943626796709225,0.0,STARLINK-3989,1,2,3,0.0017165942298234085,0.07690281630616524,False,4479.053016270415,3.5768751770309416e-05,4479.053052039167,6123.545524162512,7.654431905203141,N/A,60.99880479302783,61.635323528899754,0.636518735871924
630,CPU_and_Data_Intensive,Completed,63.533913049818615,63.535920253528516,63.535920253528516,64.02378497084008,0.48786471731156666,0.4898719210214649,0.4898719210214679,0.0,STARLINK-3989,1,2,4,0.002007203709898236,0.956105199460602,False,4793.8180690182435,0.00044470009277237303,4793.818513718336,1329.7270104441513,1.6621587630551893,N/A,63.533913049818615,64.15639672219768,0.6224836723790688
814,CPU_Intensive,Completed,81.85318156133904,81.8548995976188,81.8548995976188,81.96056811161985,0.10566851400105293,0.10738655028081302,0.10738655028080757,0.0,STARLINK-3989,1,2,3,0.0017180362797600923,0.08126555678054213,False,1015.3138883399706,3.779793338629867e-05,1015.313926137904,314.41312210386536,0.3930164026298317,N/A,81.85318156133904,82.11579336834265,0.26261180700360853
1048,Generic_Service,Completed,106.19896948702642,106.20066607437371,106.20066607437371,106.23008132967237,0.02941525529865885,0.031111842645956095,0.03111184264595579,0.0,STARLINK-3989,1,2,3,0.001696587347297247,0.016374512852461796,False,284.47679223912496,7.616052489517114e-06,284.47679985517743,29.936329864707204,0.03742041233088401,N/A,106.19896948702642,106.3550342072093,0.15606472018288287
970,Generic_Service,Rejected,98.85213648442424,N/A,N/A,N/A,0.05824319398329852,0.0,0.0,0.0,STARLINK-3989,0,N/A,N/A,0.0,0.04022382715601915,False,0.0,0.0,0.0,29.93632986470094,0.037420412330876174,Insufficient Energy for CPU,N/A,N/A,N/A
980,Generic_Service,Rejected,100.13187083643459,N/A,N/A,N/A,0.03342197532710172,0.0,0.0,0.0,STARLINK-3989,0,N/A,N/A,0.0,0.06540082087453496,False,0.0,0.0,0.0,29.93632986470094,0.037420412330876174,Insufficient Energy for CPU,N/A,N/A,N/A
982,Generic_Service,Rejected,100.25285850123275,N/A,N/A,N/A,0.03785739219370463,0.0,0.0,0.0,STARLINK-3989,0,N/A,N/A,0.0,0.04278159995689822,False,0.0,0.0,0.0,29.93632986470094,0.037420412330876174,Insufficient Energy for CPU,N/A,N/A,N/A
984,Generic_Service,Rejected,100.48395353100747,N/A,N/A,N/A,0.11295938059138043,0.0,0.0,0.0,STARLINK-3989,0,N/A,N/A,0.0,0.027291093819362636,False,0.0,0.0,0.0,29.93632986470094,0.037420412330876174,Insufficient Energy for CPU,N/A,N/A,N/A
986,CPU_and_Data_Intensive,Rejected,100.52666013919142,N/A,N/A,N/A,0.10760830629750506,0.0,0.0,0.0,STARLINK-3989,0,N/A,N/A,0.0,1.8813527932306753,False,0.0,0.0,0.0,29.93632986470094,0.037420412330876174,Insufficient Energy for CPU+NET,N/A,N/A,N/A
993,CPU_Intensive,Rejected,101.18214327940088,N/A,N/A,N/A,0.06305229195674106,0.0,0.0,0.0,STARLINK-3989,0,N/A,N/A,0.0,0.06973830096295669,False,0.0,0.0,0.0,29.93632986470094,0.037420412330876174,Insufficient Energy for CPU,N/A,N/A,N/A
994,Generic_Service,Rejected,101.24061606280043,N/A,N/A,N/A,0.09782880638042074,0.0,0.0,0.0,STARLINK-3989,0,N/A,N/A,0.0,0.052114477106149845,False,0.0,0.0,0.0,29.93632986470094,0.037420412330876174,Insufficient Energy for CPU,N/A,N/A,N/A
995,Generic_Service,Rejected,101.2915392330905,N/A,N/A,N/A,0.0734677071415004,0.0,0.0,0.0,STARLINK-3989,0,N/A,N/A,0.0,0.08244226692998097,False,0.0,0.0,0.0,29.93632986470094,0.037420412330876174,Insufficient Energy for CPU,N/A,N/A,N/A
998,Generic_Service,Rejected,101.58154603215212,N/A,N/A,N/A,0.06561705078800366,0.0,0.0,0.0,STARLINK-3989,0,N/A,N/A,0.0,0.02050816836642023,False,0.0,0.0,0.0,29.93632986470094,0.037420412330876174,Insufficient Energy for CPU,N/A,N/A,N/A
1001,Generic_Service,Rejected,101.74527678109878,N/A,N/A,N/A,0.11417861687521128,0.0,0.0,0.0,STARLINK-3989,0,N/A,N/A,0.0,0.05647950784253567,False,0.0,0.0,0.0,29.93632986470094,0.037420412330876174,Insufficient Energy for CPU,N/A,N/A,N/A
1017,CPU_and_Data_Intensive,Rejected,102.63843437083389,N/A,N/A,N/A,0.08663844967494067,0.0,0.0,0.0,STARLINK-3989,0,N/A,N/A,0.0,2.068312466348017,False,0.0,0.0,0.0,29.93632986470094,0.037420412330876174,Insufficient Energy for CPU+NET,N/A,N/A,N/A
1019,CPU_Intensive,Rejected,102.96578267181974,N/A,N/A,N/A,0.06879131076826896,0.0,0.0,0.0,STARLINK-3989,0,N/A,N/A,0.0,0.04489833069229467,False,0.0,0.0,0.0,29.93632986470094,0.037420412330876174,Insufficient Energy for CPU,N/A,N/A,N/A
1022,Generic_Service,Rejected,103.6364984210675,N/A,N/A,N/A,0.04510998828048782,0.0,0.0,0.0,STARLINK-3989,0,N/A,N/A,0.0,0.020238677952475102,False,0.0,0.0,0.0,29.93632986470094,0.037420412330876174,Insufficient Energy for CPU,N/A,N/A,N/A
1033,Generic_Service,Rejected,104.76407394945632,N/A,N/A,N/A,0.11121305227217781,0.0,0.0,0.0,STARLINK-3989,0,N/A,N/A,0.0,0.04128143595279265,False,0.0,0.0,0.0,29.93632986470094,0.037420412330876174,Insufficient Energy for CPU,N/A,N/A,N/A
1034,CPU_and_Data_Intensive,Rejected,104.87736744945245,N/A,N/A,N/A,0.11255799652550091,0.0,0.0,0.0,STARLINK-3989,0,N/A,N/A,0.0,1.2421329466960744,False,0.0,0.0,0.0,29.93632986470094,0.037420412330876174,Insufficient Energy for CPU+NET,N/A,N/A,N/A
1035,CPU_and_Data_Intensive,Rejected,105.10921410586629,N/A,N/A,N/A,0.1030734350712052,0.0,0.0,0.0,STARLINK-3989,0,N/A,N/A,0.0,2.07090813646618,False,0.0,0.0,0.0,29.93632986470094,0.037420412330876174,Insufficient Energy for CPU+NET,N/A,N/A,N/A
1037,Generic_Service,Rejected,105.26756929062941,N/A,N/A,N/A,0.03201323491041724,0.0,0.0,0.0,STARLINK-3989,0,N/A,N/A,0.0,0.04359873720089306,False,0.0,0.0,0.0,29.93632986470094,0.037420412330876174,Insufficient Energy for CPU,N/A,N/A,N/A
1042,Generic_Service,Rejected,105.63688676012364,N/A,N/A,N/A,0.0717537942673508,0.0,0.0,0.0,STARLINK-3989,0,N/A,N/A,0.0,0.0846539577590864,False,0.0,0.0,0.0,29.93632986470094,0.037420412330876174,Insufficient Energy for CPU,N/A,N/A,N/A
1046,Generic_Service,Rejected,106.06763386505497,N/A,N/A,N/A,0.05057281070472447,0.0,0.0,0.0,STARLINK-3989,0,N/A,N/A,0.0,0.03735819573472884,False,0.0,0.0,0.0,29.93632986470094,0.037420412330876174,Insufficient Energy for CPU,N/A,N/A,N/A
37000,Batch,Completed,0,0,0.0,0.08947691485854464,0.08947691485854464,0.08947691485854464,0.08947691485854464,0.0,STARLINK-6045,0,N/A,0,0.0,192.37536694587098,False,0.0,0.08947691485854464,0.08947691485854464,80000,100.0,N/A,N/A,N/A,N/A
17,Generic_Service,Completed,3.0764203911220833,3.077404254551854,3.077404254551854,3.1230618237510264,0.04565756919917252,0.04664143262894293,0.04664143262894305,0.0,STARLINK-6045,1,2,2,0.0009838634297704065,0.0172117275661784,False,443.97466830536285,8.005454681943441e-06,443.97467631081753,79555.93585477977,99.44491981847472,N/A,3.0764203911220833,3.315519070709976,0.23909867958789288
38,CPU_Intensive,Completed,5.091766425201891,5.09276193488649,5.09276193488649,6.8237670291513295,1.7310050942648392,1.7320006039494384,1.7320006039494382,0.0,STARLINK-6045,1,2,2,0.0009955096845993235,0.042927771933588085,False,17011.936195253787,1.9966405550506085e-05,17011.936215220194,62543.99965952599,78.17999957440749,N/A,5.091766425201891,6.950463075883279,1.858696650681388
56,CPU_and_Data_Intensive,Completed,6.6539283887106615,6.655542285542665,6.655542285542665,8.352080833593433,1.6965385480507686,1.6981524448827716,1.6981524448827718,0.0,STARLINK-6045,1,2,4,0.0016138968320030674,1.408385728373414,False,16679.160899779155,0.0006550631294760065,16679.161554842285,45864.83810468369,57.33104763085461,N/A,6.6539283887106615,8.552922383072138,1.8989939943614766
298,CPU_Intensive,Completed,31.807748833030242,31.808741473575836,31.808741473575836,32.27546454672093,0.4667230731450971,0.4677157136906895,0.46771571369069065,0.0,STARLINK-6045,1,2,2,0.000992640545592417,0.036592438637026964,False,4579.479780472232,1.7019738900942776e-05,4579.479797491971,41285.358324210916,51.606697905263644,N/A,31.807748833030242,32.395244404742606,0.5874955717123633
334,CPU_Intensive,Completed,35.63075663532503,35.631752871344915,35.631752871344915,35.86658611774245,0.23483324639753533,0.2358294824174227,0.2358294824174223,0.0,STARLINK-6045,1,2,2,0.0009962360198873393,0.044531589707336866,False,2296.4839676254214,2.071236730573808e-05,2296.4839883377886,38988.87435658548,48.736092945731855,N/A,35.63075663532503,36.02944856131465,0.398691925989624
351,CPU_and_Data_Intensive,Completed,37.30066564465148,37.30938982019486,37.30938982019486,37.86911443893548,0.5597246187406242,0.5684487942840016,0.5684487942840022,0.0,STARLINK-6045,1,2,3,0.00872417554337747,17.10856106305262,False,5426.677675982201,0.007957470261884939,5426.685633452464,33562.188723133004,41.952735903916256,N/A,37.30066564465148,38.05275417998736,0.7520885353358793
384,CPU_Intensive,Completed,40.7917951562971,40.79279422431278,40.79279422431278,40.80694813732657,0.014153913013792874,0.01515298102947419,0.015152981029473267,0.0,STARLINK-6045,1,2,2,0.000999068015681316,0.050784907237826825,False,124.24106257210772,2.3620887087361315e-05,124.24108619299481,33437.94766055459,41.797434575693245,N/A,40.7917951562971,40.97720929311699,0.18541413681989383
389,Generic_Service,Completed,40.965047425525306,40.96604703304814,40.96604703304814,40.99623681874004,0.030189785691895565,0.031189393214729945,0.031189393214731354,0.0,STARLINK-6045,1,2,2,0.0009996075228343778,0.05197619062364337,False,281.60424414111765,2.417497238308994e-05,281.60426831609004,33156.34341641346,41.445429270516826,N/A,40.965047425525306,41.28104201680925,0.31599459128394614
394,CPU_Intensive,Completed,41.38709995129974,41.388084165167655,41.388084165167655,41.48212871347072,0.09404454830306719,0.09502876217098381,0.09502876217098333,0.0,STARLINK-6045,1,2,2,0.0009842138679166266,0.017985528504644355,False,919.6367946801444,8.36536209518342e-06,919.6368030455064,32236.7066217333,40.29588327716663,N/A,41.38709995129974,41.58613948886979,0.19903953757005155
400,CPU_and_Data_Intensive,Completed,41.688487356516944,41.69031047932992,41.69031047932992,41.74007987015138,0.049769390821460036,0.051592513634437835,0.051592513634439285,0.0,STARLINK-6045,1,2,3,0.0018231228129777983,1.8703767021757012,False,480.9303063434031,0.0008699426521747447,480.9311762860553,31755.77544544724,39.69471930680905,N/A,41.688487356516944,41.88900106539266,0.20051370887571807
408,CPU_Intensive,Completed,43.02289915962925,43.02389888044177,43.02389888044177,43.45124577368663,0.4273468932448594,0.42834661405738306,0.42834661405738217,0.0,STARLINK-6045,1,2,2,0.000999720812523662,0.052226345091221045,False,4187.605073220157,2.4291323298242346e-05,4187.6050975114795,27568.17037222651,34.46021296528314,N/A,43.02289915962925,43.599865161753996,0.5769660021247489
440,CPU_Intensive,Completed,46.28180091498755,46.28280991713536,46.28280991713536,46.43712331438493,0.15431339724956672,0.1553223993973809,0.15532239939737735,0.0,STARLINK-6045,1,2,2,0.0010090021478141797,0.07272042096590749,False,1496.2583718496373,3.3823451612049994e-05,1496.2584056730889,26071.912000376855,32.589890000471065,N/A,46.28180091498755,46.618787830853215,0.33698691586566554
455,CPU_and_Data_Intensive,Completed,46.97727248852965,46.97940061382384,46.97940061382384,47.14897493014771,0.16957431632386744,0.17170244161805734,0.17170244161805925,0.0,STARLINK-6045,1,2,3,0.002128125294189891,2.5438513473934306,False,1656.141339019653,0.0011831866732062467,1656.1425222063262,24415.769478170507,30.519711847713133,N/A,46.97727248852965,47.32976463621234,0.352492147682689
458,Generic_Service,Completed,47.16482084585986,47.16580709619023,47.16580709619023,47.22300368649941,0.05719659030918223,0.05818284063955456,0.058182840639553035,0.0,STARLINK-6045,1,2,2,0.0009862503303723316,0.022482232349166117,False,555.9089727974064,1.04568522554261e-05,555.9089832542586,23859.8605053731,29.82482563171638,N/A,47.16482084585986,47.43074070596084,0.2659198601009791
471,CPU_Intensive,Completed,48.260860947570656,48.26184278089175,48.26184278089175,48.41365034288912,0.1518075619973729,0.15278939531846678,0.15278939531846447,0.0,STARLINK-6045,1,2,2,0.000981833321093886,0.012729053473693488,False,1489.2898685938608,5.920489987764413e-06,1489.2898745143507,22370.57063677825,27.963213295972817,N/A,48.260860947570656,48.541203756145045,0.28034280857438887
477,CPU_Intensive,Completed,49.70424160880719,49.705222913275236,49.705222913275236,49.77078261614278,0.06555970286754587,0.06654100733559239,0.06654100733559432,0.0,STARLINK-6045,1,2,2,0.000981304468046517,0.011561295372074742,False,641.3787897019328,5.377346684685926e-06,641.3787950792795,21729.191847076316,27.161489808845396,N/A,49.70424160880719,49.94515406125321,0.24091245244602533
478,Generic_Service,Completed,49.9361087585217,49.937121951380114,49.937121951380114,49.960675958613194,0.023554007233080654,0.02456720009149413,0.02456720009149649,0.0,STARLINK-6045,1,2,2,0.0010131928584134748,0.08197391071738219,False,207.50188677449762,3.8127400333666136e-05,207.50192490189795,21521.689960301814,26.90211245037727,N/A,49.9361087585217,50.146130129893514,0.2100213713718162
480,CPU_Intensive,Completed,50.27715635268778,50.27814938307559,50.27814938307559,51.451086505485705,1.1729371224101115,1.173930152797919,1.1739301527979222,0.0,STARLINK-6045,1,2,2,0.0009930303878074064,0.0374532475274578,False,11524.902457886194,1.742011512905014e-05,11524.90247530631,9996.787502415584,12.49598437801948,N/A,50.27715635268778,51.5551472613663,1.2779909086785182
609,CPU_Intensive,Completed,61.70157669109821,61.70258094000594,61.70258094000594,62.66983078360048,0.9672498435945442,0.9682540925022703,0.9682540925022707,0.0,STARLINK-6045,1,2,2,0.0010042489077261032,0.06222481230977319,False,9494.651260568698,2.8941773167336367e-05,9494.651289510472,502.1362418468725,0.6276703023085907,N/A,61.70157669109821,62.84327625363347,1.1416995625352584
938,CPU_and_Data_Intensive,Completed,95.36883044289448,95.37035316385276,95.37035316385276,95.41786359682169,0.047510432968934424,0.04903315392721376,0.04903315392721197,0.0,STARLINK-6045,1,2,3,0.0015227209582793348,1.2070606802476325,False,461.74757215087806,0.0005614235722082012,461.74813357445026,40.388108272400245,0.0504851353405003,N/A,95.36883044289448,95.54310452229754,0.1742740794030624
911,Generic_Service,Rejected,92.42844683514126,N/A,N/A,N/A,0.07121874408353039,0.0,0.0,0.0,STARLINK-6045,0,N/A,N/A,0.0,0.06763778813790988,False,0.0,0.0,0.0,40.38810827197625,0.05048513533997031,Insufficient Energy for CPU,N/A,N/A,N/A
915,CPU_Intensive,Rejected,93.00709477321706,N/A,N/A,N/A,0.10307576339582648,0.0,0.0,0.0,STARLINK-6045,0,N/A,N/A,0.0,0.07230765377480249,False,0.0,0.0,0.0,40.38810827197625,0.05048513533997031,Insufficient Energy for CPU,N/A,N/A,N/A
918,CPU_and_Data_Intensive,Rejected,93.23311645510154,N/A,N/A,N/A,0.10553317013632647,0.0,0.0,0.0,STARLINK-6045,0,N/A,N/A,0.0,21.23402501266414,False,0.0,0.0,0.0,40.38810827197625,0.05048513533997031,Insufficient Energy for CPU+NET,N/A,N/A,N/A
920,Generic_Service,Rejected,93.45181873563004,N/A,N/A,N/A,0.06646209404956051,0.0,0.0,0.0,STARLINK-6045,0,N/A,N/A,0.0,0.0725870859931604,False,0.0,0.0,0.0,40.38810827197625,0.05048513533997031,Insufficient Energy for CPU,N/A,N/A,N/A
921,Generic_Service,Rejected,93.45668353785086,N/A,N/A,N/A,0.12758007380255038,0.0,0.0,0.0,STARLINK-6045,0,N/A,N/A,0.0,0.05142529055390099,False,0.0,0.0,0.0,40.38810827197625,0.05048513533997031,Insufficient Energy for CPU,N/A,N/A,N/A
926,CPU_and_Data_Intensive,Rejected,93.72571608481955,N/A,N/A,N/A,0.05953168184128796,0.0,0.0,0.0,STARLINK-6045,0,N/A,N/A,0.0,5.533479198320242,False,0.0,0.0,0.0,40.38810827197625,0.05048513533997031,Insufficient Energy for CPU+NET,N/A,N/A,N/A
934,CPU_and_Data_Intensive,Rejected,94.86846635521093,N/A,N/A,N/A,0.09139690875441359,0.0,0.0,0.0,STARLINK-6045,0,N/A,N/A,0.0,13.229223197173972,False,0.0,0.0,0.0,40.38810827197625,0.05048513533997031,Insufficient Energy for CPU+NET,N/A,N/A,N/A
935,CPU_and_Data_Intensive,Rejected,95.1111781461584,N/A,N/A,N/A,0.12562847464814064,0.0,0.0,0.0,STARLINK-6045,0,N/A,N/A,0.0,7.509679999761363,False,0.0,0.0,0.0,40.38810827197625,0.05048513533997031,Insufficient Energy for CPU+NET,N/A,N/A,N/A
38000,Batch,Completed,0,0,0.0,0.004427528152934752,0.004427528152934752,0.004427528152934752,0.004427528152934752,0.0,STARLINK-35201,0,N/A,0,0.0,9.519185528809716,False,0.0,0.004427528152934752,0.004427528152934752,80000,100.0,N/A,N/A,N/A,N/A
40000,Batch,Completed,0,0,0.0,0.06522160599514237,0.06522160599514237,0.06522160599514237,0.06522160599514237,0.0,STARLINK-35201,0,N/A,0,0.0,140.2264528895561,False,0.0,0.06522160599514237,0.06522160599514237,79999.99557247185,99.99999446558981,N/A,N/A,N/A,N/A
39000,Batch,Completed,0,0,0.0,0.16875816023703422,0.16875816023703422,0.16875816023703422,0.16875816023703422,0.0,STARLINK-35201,0,N/A,0,0.0,362.8300445096236,False,0.0,0.16875816023703422,0.16875816023703422,79999.93035086585,99.99991293858231,N/A,N/A,N/A,N/A
26,Generic_Service,Completed,3.7056386187965087,3.706730228665142,3.706730228665142,3.8330064311623873,0.12627620249724547,0.12736781236587838,0.12736781236587857,0.0,STARLINK-35201,1,2,4,0.0010916098686329,0.08656961921014242,False,1216.4294338760583,4.02649391675081e-05,1216.4294741409974,78783.33215882957,98.47916519853696,N/A,3.7056386187965087,4.0267601665865485,0.32112154779003976
47,Generic_Service,Completed,5.7796138989268675,5.780677884815675,5.780677884815675,5.7932750904287476,0.01259720561307276,0.013661191501879662,0.013661191501880054,0.0,STARLINK-35201,1,2,4,0.0010639858888069028,0.019414930168735252,False,118.17395110377987,9.030200078481513e-06,118.17396013397995,78665.15820772576,98.3314477596572,N/A,5.7796138989268675,5.937264660255691,0.15765076132882339
49,Generic_Service,Completed,5.988895503863814,5.989959701583956,5.989959701583956,6.0086018488420265,0.01864214725807045,0.01970634497821257,0.019706344978212442,0.0,STARLINK-35201,1,2,4,0.0010641977201421176,0.019929898233988212,False,177.47473893707064,9.269720108831726e-06,177.47474820679074,78487.68346878869,98.10960433598585,N/A,5.988895503863814,6.139707843539096,0.15081233967528185
50,CPU_and_Data_Intensive,Completed,6.021343538057069,6.023059769375296,6.023059769375296,6.35436859827215,0.3313088288968542,0.33302506021508144,0.33302506021508105,0.0,STARLINK-35201,1,2,5,0.0017162313182272494,1.6050423186661882,False,3251.1088160581457,0.0007465313110075293,3251.109562589457,75236.57390619922,94.04571738274903,N/A,6.021343538057069,6.545180350349086,0.523836812292017
80,CPU_and_Data_Intensive,Completed,9.82235673919176,9.823940892715028,9.823940892715028,10.157746309511607,0.3338054167965794,0.33538957031984706,0.3353895703198475,0.0,STARLINK-35201,1,2,5,0.0015841535232676868,1.2839574023849791,False,3277.1317639449835,0.0005971894894813857,3277.132361134473,71959.44154506411,89.94930193133014,N/A,9.82235673919176,10.270979827824412,0.44862308863265277
100,CPU_Intensive,Completed,11.868046289194174,11.869114377806511,11.869114377806511,12.749529619964273,0.8804152421577616,0.8814833307700981,0.8814833307700987,0.0,STARLINK-35201,1,2,4,0.0010680886123365743,0.029388769007071318,False,8650.300658104712,1.3669194887009915e-05,8650.300671773906,63309.14088695898,79.13642610869871,N/A,11.868046289194174,12.900370885756782,1.0323245965626082
167,Generic_Service,Completed,18.82927749909626,18.83036893413939,18.83036893413939,18.854494645608078,0.024125711468688138,0.025217146511817633,0.02521714651181739,0.0,STARLINK-35201,1,2,4,0.0010914350431294939,0.08614461338579299,False,211.89573966979071,4.006726203990371e-05,211.89577973705275,63097.245147289184,78.87155643411148,N/A,18.82927749909626,19.161365450709763,0.33208795161350224
172,Generic_Service,Completed,18.91362434518001,18.914689337533776,18.914689337533776,18.9378154210997,0.023126083565923494,0.024191075919686663,0.024191075919688387,0.0,STARLINK-35201,1,2,4,0.0010649923537631703,0.021861675409463058,False,221.00543785617307,1.0168221120680492e-05,221.00544802439418,62876.23970943301,78.59529963679125,N/A,18.91362434518001,19.26394130081036,0.3503169556303476
174,Generic_Service,Completed,18.990344024929644,18.99141120832851,18.99141120832851,19.00653021554886,0.01511900722034909,0.016186190619216268,0.01618619061921578,0.0,STARLINK-35201,1,2,4,0.0010671833988671778,0.027188169041522492,False,140.68568436614675,1.2645660019312787e-05,140.68569701180675,62735.554025066835,78.41944253133354,N/A,18.990344024929644,19.365278145702526,0.37493412077288113
178,CPU_and_Data_Intensive,Completed,19.558323089052156,19.568802144447023,19.568802144447023,19.793468127765852,0.22466598331882892,0.23514503871369655,0.2351450387136964,0.0,STARLINK-35201,1,2,5,0.010479055394867622,22.907719546859337,False,2104.8189760411487,0.010654753277608994,2104.8296307944265,60630.724394272394,75.7884054928405,N/A,19.558323089052156,19.97701987730065,0.4186967882484929
186,CPU_and_Data_Intensive,Completed,19.891114334849,19.901654536314688,19.901654536314688,20.202124249431066,0.30046971311637805,0.3110099145820657,0.3110099145820655,0.0,STARLINK-35201,1,2,6,0.01054020146568768,23.056367402739987,False,2849.6752380042212,0.0107238918152279,2849.6859618960366,57781.03843236807,72.2262980404601,N/A,19.891114334849,20.38399076277973,0.4928764279307316
181,CPU_Intensive,Completed,19.772319657576325,19.773383855657727,19.773383855657727,20.36976840460124,0.5963845489435116,0.5974487470249115,0.597448747024913,0.0,STARLINK-35201,1,2,5,0.0010641980813998735,0.019930776461977356,False,5859.621020311055,9.270128586966212e-06,5859.621029581183,51921.417412049275,64.90177176506158,N/A,19.772319657576325,20.589160373877213,0.816840716300888
241,CPU_and_Data_Intensive,Completed,25.641305717018188,25.642508753730198,25.642508753730198,25.65926863466156,0.016759880931363824,0.017962917643374453,0.017962917643373544,0.0,STARLINK-35201,1,2,5,0.0012030367120106277,0.35745147855955706,False,163.19973290290477,0.00016625650165560794,163.1998991594064,51758.21751288986,64.69777189111232,N/A,25.641305717018188,25.843517716633112,0.2022119996149243
253,CPU_Intensive,Completed,26.661334864301505,26.662419136976474,26.662419136976474,26.69806931007236,0.035650173095884696,0.03673444577085485,0.03673444577085405,0.0,STARLINK-35201,1,2,4,0.001084272674970151,0.06873269049957346,False,330.37028326813913,3.196869325561557e-05,330.37031523683237,51427.847229621606,64.284809037027,N/A,26.661334864301505,26.85383403607196,0.19249917177045361
255,CPU_and_Data_Intensive,Completed,26.87305317288426,26.87489122784459,26.87489122784459,27.074072254729696,0.19918102688510686,0.20101908184543862,0.2010190818454376,0.0,STARLINK-35201,1,2,5,0.0018380549603317625,1.9011990945888584,False,1950.2656869687462,0.0008842786486459806,1950.266571247395,49477.58065837418,61.84697582296772,N/A,26.87305317288426,27.363514833315488,0.4904616604312295
268,CPU_Intensive,Completed,27.87117798204703,27.872253221793677,27.872253221793677,28.802978783365347,0.9307255615716699,0.9318008013183186,0.9318008013183174,0.0,STARLINK-35201,1,2,4,0.001075239746648695,0.04677338208776387,False,9139.984586455737,2.175506143616924e-05,9139.9846082108,40337.59607191771,50.42199508989713,N/A,27.87117798204703,28.97253332152931,1.1013553394822786
345,CPU_Intensive,Completed,36.50074717617251,36.50181042113876,36.50181042113876,36.951352554698566,0.44954213355980954,0.45060537852605737,0.4506053785260562,0.0,STARLINK-35201,1,2,4,0.0010632449662478264,0.01761372612891366,False,4416.095876300529,8.192430757634261e-06,4416.09588449296,35921.50019561716,44.90187524452145,N/A,36.50074717617251,37.24729398217642,0.7465468060039129
377,CPU_and_Data_Intensive,Completed,40.21210578778477,40.2138169135534,40.2138169135534,41.61828868868232,1.4044717751289184,1.4061829008975495,1.406182900897548,0.0,STARLINK-35201,1,2,5,0.0017111257686311802,1.5926305808330017,False,13805.816081142662,0.0007407584096897682,13805.816821901071,22115.68337371608,27.6446042171451,N/A,40.21210578778477,41.7880249890284,1.5759192012436287
393,CPU_Intensive,Completed,41.36219989814446,41.363267226602716,41.363267226602716,42.02888305853553,0.6656158319328114,0.6666831603910663,0.6666831603910666,0.0,STARLINK-35201,1,2,5,0.0010673284582550027,0.027540812583230843,False,6538.274366605164,1.2809680271270159e-05,6538.274379414844,15577.409007110324,19.471761258887906,N/A,41.36219989814446,42.19088216907253,0.8286822709280699
552,CPU_and_Data_Intensive,Completed,56.07779046838701,56.07912332660942,56.07912332660942,56.51307773282534,0.43395440621591774,0.4352872644383279,0.43528726443832966,0.0,STARLINK-35201,1,2,5,0.001332858222410143,0.6730513022156871,False,4264.900310377357,0.0003130471173096219,4264.900623424474,11312.508383685838,14.140635479607297,N/A,56.07779046838701,56.69483705532674,0.617046586939729
594,CPU_Intensive,Completed,59.77131439610139,59.77239757380803,59.77239757380803,59.785355647994066,0.012958074186038004,0.014041251892678552,0.01404125189267802,0.0,STARLINK-35201,1,2,4,0.0010831777066405482,0.06607079101413259,False,107.97586106611278,3.0730600471689575e-05,107.97589179671326,11204.5325226195,14.005665653274374,N/A,59.77131439610139,60.02858341732798,0.2572690212265911
599,CPU_and_Data_Intensive,Completed,60.45833318278139,60.46182463269294,60.46182463269294,61.32207224025125,0.8602476075583141,0.8637390574698615,0.8637390574698642,0.0,STARLINK-35201,1,2,5,0.0034914499115474016,5.920649749813558,False,8433.52592975396,0.0027537905813086318,8433.52868354454,2771.0038390749373,3.463754798843672,N/A,60.45833318278139,61.43211250163155,0.9737793188501627
700,CPU_and_Data_Intensive,Completed,70.09612234029298,70.09744084038,70.09744084038,70.2950482330129,0.1976073926329036,0.1989258927199339,0.19892589271992733,0.0,STARLINK-35201,1,2,5,0.0013185000870303135,0.638146262365512,False,1940.5666410925303,0.0002968122150537265,1940.5669379047454,830.4369011679905,1.038046126459988,N/A,70.09612234029298,70.48221344930732,0.3860911090143446
857,CPU_Intensive,Completed,87.05815697718886,87.05923323070668,87.05923323070668,87.14503973769101,0.08580650698432635,0.08688276050215052,0.08688276050214938,0.0,STARLINK-35201,1,2,4,0.0010762535178241762,0.049237888957425785,False,829.4063605104991,2.290134370112827e-05,829.4063834118429,1.0305406572866787,0.0012881758216083483,N/A,87.05815697718886,87.33004032493909,0.27188334775023293
557,CPU_Intensive,Rejected,56.38231510125269,N/A,N/A,N/A,1.9532967947095705,0.0,0.0,0.0,STARLINK-35201,0,N/A,N/A,0.0,0.011573812874600298,False,0.0,0.0,0.0,1.030540657267283,0.0012881758215841038,Insufficient Energy for CPU,N/A,N/A,N/A
848,CPU_and_Data_Intensive,Rejected,85.61931559765935,N/A,N/A,N/A,0.14912087462875212,0.0,0.0,0.0,STARLINK-35201,0,N/A,N/A,0.0,1.323495436445375,False,0.0,0.0,0.0,1.030540657267283,0.0012881758215841038,Insufficient Energy for CPU+NET,N/A,N/A,N/A
851,CPU_Intensive,Rejected,85.99700841528194,N/A,N/A,N/A,0.2015749921036037,0.0,0.0,0.0,STARLINK-35201,0,N/A,N/A,0.0,0.055937298571675946,False,0.0,0.0,0.0,1.030540657267283,0.0012881758215841038,Insufficient Energy for CPU,N/A,N/A,N/A
854,CPU_Intensive,Rejected,86.39145675453028,N/A,N/A,N/A,0.09752867968588663,0.0,0.0,0.0,STARLINK-35201,0,N/A,N/A,0.0,0.047687812897225526,False,0.0,0.0,0.0,1.030540657267283,0.0012881758215841038,Insufficient Energy for CPU,N/A,N/A,N/A
856,Generic_Service,Rejected,86.97834431445784,N/A,N/A,N/A,0.11861539655345668,0.0,0.0,0.0,STARLINK-35201,0,N/A,N/A,0.0,0.05230260933298991,False,0.0,0.0,0.0,1.030540657267283,0.0012881758215841038,Insufficient Energy for CPU,N/A,N/A,N/A
3,Generic_Service,Completed,0.5686033790735648,0.5701006815286592,0.5701006815286592,0.59152813646288,0.021427454934220824,0.022924757389315164,0.02292475738931521,0.0,STARLINK-5593,1,2,1,0.0014973024550943399,0.07950316361278169,False,187.31507249051964,3.697821563385195e-05,187.31510946873527,79812.68492750949,99.76585615938686,N/A,0.5686033790735648,0.7013793972330401,0.13277601815947526
34,CPU_Intensive,Completed,4.577287041016002,4.579103745711563,4.579103745711563,5.011165292794319,0.432061547082756,0.433878251778316,0.4338782517783164,0.0,STARLINK-5593,1,2,1,0.0018167046955599798,0.02818683987870608,False,4241.057401002465,1.3110158083119106e-05,4241.057414112623,75571.62752650699,94.46453440813373,N/A,4.577287041016002,5.134011511158374,0.5567244701423721
79,CPU_and_Data_Intensive,Completed,9.77005300760411,9.780698549428493,9.780698549428493,10.831936513139645,1.0512379637111522,1.0618835055355353,1.0618835055355351,0.0,STARLINK-5593,1,2,2,0.010645541824383138,20.735146221466767,False,10244.164313171632,0.00964425405649617,10244.173957425688,65327.45356908128,81.65931696135159,N/A,9.77005300760411,10.980854094019314,1.210801086415204
90,CPU_Intensive,Completed,10.772320271843169,10.774151688439575,10.774151688439575,11.481972523214896,0.7078208347753208,0.7096522513717276,0.7096522513717272,0.0,STARLINK-5593,1,2,2,0.0018314165964068642,0.06269180682025811,False,6943.006897005474,2.9158979916399124e-05,6943.006926164453,58384.446672068654,72.98055834008582,N/A,10.772320271843169,11.586768155664133,0.8144478838209643
207,Generic_Service,Completed,21.579998961768347,21.58183137460661,21.58183137460661,21.63489393815499,0.05306256354837657,0.05489497638664233,0.05489497638664176,0.0,STARLINK-5593,1,2,1,0.0018324128382657522,0.06502837044752054,False,502.71413787012415,3.024575369652118e-05,502.71416811587784,57881.732534198505,72.35216566774814,N/A,21.579998961768347,21.805305503739977,0.22530654197163003
206,CPU_and_Data_Intensive,Completed,21.57372389801366,21.651520441407346,21.651520441407346,22.496634363251,0.8451139218436552,0.922910465237339,0.9229104652373401,0.0,STARLINK-5593,1,2,2,0.07779654339368379,178.22962048116025,False,7496.464520397371,0.08289749789821407,7496.54741789527,50385.18511630321,62.981481395379014,N/A,21.57372389801366,22.61560021451062,1.0418763164969604
261,Generic_Service,Completed,27.41779786103755,27.41962042243821,27.41962042243821,27.509811918104134,0.09019149566592333,0.09201405706658482,0.09201405706658505,0.0,STARLINK-5593,1,2,1,0.001822561400661488,0.04192302652223964,False,874.688445972535,1.9499082103367275e-05,874.6884654716171,49510.49667027385,61.88812083784232,N/A,27.41779786103755,27.667294783541088,0.24949692250353905
267,CPU_Intensive,Completed,27.84847395985623,27.850294592856667,27.850294592856667,28.512486762216326,0.6621921693596597,0.664012802360097,0.664012802360098,0.0,STARLINK-5593,1,2,1,0.0018206330004371925,0.037400199276330585,False,6501.697256342965,1.739544152387469e-05,6501.697273738407,43008.79941393087,53.76099926741359,N/A,27.84847395985623,28.67112655718522,0.8226525973289931
325,CPU_and_Data_Intensive,Completed,34.74085951001891,34.74925941456796,34.74925941456796,35.62521238923515,0.875952974667193,0.8843528792162466,0.8843528792162445,0.0,STARLINK-5593,1,2,2,0.008399904549053549,15.468278210704387,False,8544.314341271216,0.007194548004978785,8544.321535819221,34464.47787811163,43.08059734763955,N/A,34.74085951001891,35.82728452705119,1.0864250170322833
333,CPU_and_Data_Intensive,Completed,35.586298546048184,35.58835183327463,35.58835183327463,37.062652813737365,1.4743009804627363,1.4763542676891812,1.4763542676891817,0.0,STARLINK-5593,1,2,3,0.002053287226445007,0.5830622765810436,False,14497.210589935728,0.0002711917565493226,14497.210861127485,19967.267016979044,24.959083771223806,N/A,35.586298546048184,37.24729398195828,1.6609954359100954
487,Generic_Service,Completed,51.06167503410084,51.06349122122133,51.06349122122133,51.10985066740201,0.046359446180680663,0.04817563330117044,0.04817563330117025,0.0,STARLINK-5593,1,2,1,0.0018161871204897778,0.026972930753504806,False,448.00152675313143,1.2545549187676654e-05,448.0015392986806,19519.265490225705,24.399081862782133,N/A,51.06167503410084,51.25417119274463,0.19249615864379166
495,CPU_and_Data_Intensive,Completed,51.82355064482143,51.82567250965135,51.82567250965135,52.00930131133466,0.1836288016833123,0.18575066651322772,0.18575066651322913,0.0,STARLINK-5593,1,2,2,0.0021218648299154226,0.7439026713950585,False,1802.6022105263553,0.00034600124250932954,1802.6025565275977,17716.662933698102,22.14582866712263,N/A,51.82355064482143,52.1603770924806,0.33682644765917047
501,CPU_and_Data_Intensive,Completed,51.99923267892847,52.00173002337213,52.00173002337213,52.120953353594516,0.11922333022238263,0.12172067466604268,0.12172067466604375,0.0,STARLINK-5593,1,2,3,0.002497344443660045,1.6245442549895057,False,1165.140363928574,0.0007556019790648864,1165.1411195305532,16551.521814167238,20.68940226770905,N/A,51.99923267892847,52.26258598179336,0.26335330286488556
522,Generic_Service,Completed,53.46168341552204,53.463502782827106,53.463502782827106,53.50090791590175,0.03740513307464255,0.039224500379708524,0.03922450037971004,0.0,STARLINK-5593,1,2,1,0.0018193673050659763,0.03443166533932128,False,357.7373476938739,1.6014728064800596e-05,357.737363708602,16193.784466472694,20.242230583090866,N/A,53.46168341552204,53.679406431898556,0.21772301637651736
546,CPU_and_Data_Intensive,Completed,55.5112101866048,55.513224253753876,55.513224253753876,55.87386496893812,0.3606407151842461,0.36265478233332105,0.3626547823333226,0.0,STARLINK-5593,1,2,2,0.0020140671490749083,0.491076374338714,False,3544.6862485785523,0.00022840761597149486,3544.686476986168,12649.097989486514,15.811372486858142,N/A,55.5112101866048,55.991864136422514,0.4806539498177145
579,CPU_Intensive,Completed,58.727668026131184,58.72950043053573,58.72950043053573,59.08653192945545,0.3570314989197172,0.35886390332426243,0.3588639033242629,0.0,STARLINK-5593,1,2,1,0.0018324044045452635,0.06500859018596959,False,3492.2807624607954,3.0236553574869578e-05,3492.2807926973487,9156.817227025562,11.446021533781952,N/A,58.727668026131184,59.21887179885752,0.49120377272633675
585,CPU_Intensive,Completed,59.08203669887495,59.083860611148246,59.083860611148246,59.22650375173215,0.1426431405839068,0.14446705285720102,0.14446705285720185,0.0,STARLINK-5593,1,2,2,0.001823912273294193,0.04509133332493305,False,1389.6213655189965,2.0972713174387464e-05,1389.6213864917097,7767.195861506543,9.70899482688318,N/A,59.08203669887495,59.42436371573736,0.34232701686240574
626,CPU_Intensive,Completed,63.16261443635495,63.16444593364023,63.16444593364023,63.89521589610788,0.7307699624676474,0.7326014597529301,0.732601459752928,0.0,STARLINK-5593,1,2,1,0.0018314972852827814,0.06288105272566832,False,7168.657792970997,2.9247001267752707e-05,7168.657822217999,598.5380685355285,0.7481725856694106,N/A,63.16261443635495,64.05420251849308,0.891588082138135
907,CPU_and_Data_Intensive,Completed,92.10956279086453,92.11151317057012,92.11151317057012,92.15238967928536,0.040876508715243176,0.04282688842083479,0.0428268884208336,0.0,STARLINK-5593,1,2,2,0.0019503797055916124,0.34170525262887524,False,400.46088558080584,0.00015893267564133731,400.46104451348145,198.07702402202736,0.2475962800275342,N/A,92.10956279086453,92.33908021861242,0.22951742774789352
1328,Generic_Service,Completed,134.20128655637578,134.20312617920493,134.20312617920493,134.22466209674485,0.021535917539921456,0.02337554036906452,0.023375540369073633,0.0,STARLINK-5593,1,2,1,0.0018396228291430621,0.08193852362620709,False,187.6642268139551,3.811094122149167e-05,187.66426492489634,10.412797207930737,0.01301599650991342,N/A,134.20128655637578,134.38161133599004,0.18032477961426707
498,CPU_and_Data_Intensive,Rejected,51.91422196009473,N/A,N/A,N/A,1.9462979439165637,0.0,0.0,0.0,STARLINK-5593,0,N/A,N/A,0.0,1.3416291409395407,False,0.0,0.0,0.0,10.41279720790461,0.013015996509880761,Insufficient Energy for CPU+NET,N/A,N/A,N/A
550,CPU_and_Data_Intensive,Rejected,55.775240524900084,N/A,N/A,N/A,1.7657288306290522,0.0,0.0,0.0,STARLINK-5593,0,N/A,N/A,0.0,420.79026639849974,False,0.0,0.0,0.0,10.41279720790461,0.013015996509880761,Insufficient Energy for CPU+NET,N/A,N/A,N/A
636,CPU_Intensive,Rejected,63.86459647884809,N/A,N/A,N/A,0.5382305505436431,0.0,0.0,0.0,STARLINK-5593,0,N/A,N/A,0.0,0.052825871454386907,False,0.0,0.0,0.0,10.41279720790461,0.013015996509880761,Insufficient Energy for CPU,N/A,N/A,N/A
906,CPU_and_Data_Intensive,Rejected,92.00117265873487,N/A,N/A,N/A,0.5647797754398582,0.0,0.0,0.0,STARLINK-5593,0,N/A,N/A,0.0,1.883809421628965,False,0.0,0.0,0.0,10.41279720790461,0.013015996509880761,Insufficient Energy for CPU+NET,N/A,N/A,N/A
912,CPU_and_Data_Intensive,Rejected,92.78562683465238,N/A,N/A,N/A,0.5838361208657687,0.0,0.0,0.0,STARLINK-5593,0,N/A,N/A,0.0,1.4117173996984778,False,0.0,0.0,0.0,10.41279720790461,0.013015996509880761,Insufficient Energy for CPU+NET,N/A,N/A,N/A
919,CPU_and_Data_Intensive,Rejected,93.33795686817723,N/A,N/A,N/A,0.31284937409044905,0.0,0.0,0.0,STARLINK-5593,0,N/A,N/A,0.0,0.8432879420682206,False,0.0,0.0,0.0,10.41279720790461,0.013015996509880761,Insufficient Energy for CPU+NET,N/A,N/A,N/A
922,CPU_Intensive,Rejected,93.53527583528354,N/A,N/A,N/A,0.917062367416857,0.0,0.0,0.0,STARLINK-5593,0,N/A,N/A,0.0,0.08001094409013004,False,0.0,0.0,0.0,10.41279720790461,0.013015996509880761,Insufficient Energy for CPU,N/A,N/A,N/A
923,CPU_Intensive,Rejected,93.60369449231032,N/A,N/A,N/A,1.2086026469045372,0.0,0.0,0.0,STARLINK-5593,0,N/A,N/A,0.0,0.06987135882087012,False,0.0,0.0,0.0,10.41279720790461,0.013015996509880761,Insufficient Energy for CPU,N/A,N/A,N/A
925,CPU_Intensive,Rejected,93.67592002446486,N/A,N/A,N/A,1.2110601386314939,0.0,0.0,0.0,STARLINK-5593,0,N/A,N/A,0.0,0.012787579751200616,False,0.0,0.0,0.0,10.41279720790461,0.013015996509880761,Insufficient Energy for CPU,N/A,N/A,N/A
927,CPU_Intensive,Rejected,93.77393548594652,N/A,N/A,N/A,1.5148875489974851,0.0,0.0,0.0,STARLINK-5593,0,N/A,N/A,0.0,0.04562867197059972,False,0.0,0.0,0.0,10.41279720790461,0.013015996509880761,Insufficient Energy for CPU,N/A,N/A,N/A
932,CPU_Intensive,Rejected,94.67582895390002,N/A,N/A,N/A,0.9824835912028363,0.0,0.0,0.0,STARLINK-5593,0,N/A,N/A,0.0,0.06892836220120108,False,0.0,0.0,0.0,10.41279720790461,0.013015996509880761,Insufficient Energy for CPU,N/A,N/A,N/A
936,CPU_and_Data_Intensive,Rejected,95.15763483512568,N/A,N/A,N/A,1.1756726521191274,0.0,0.0,0.0,STARLINK-5593,0,N/A,N/A,0.0,0.5610737027210496,False,0.0,0.0,0.0,10.41279720790461,0.013015996509880761,Insufficient Energy for CPU+NET,N/A,N/A,N/A
943,CPU_Intensive,Rejected,95.45685016393851,N/A,N/A,N/A,0.366111566810862,0.0,0.0,0.0,STARLINK-5593,0,N/A,N/A,0.0,0.048318408391246744,False,0.0,0.0,0.0,10.41279720790461,0.013015996509880761,Insufficient Energy for CPU,N/A,N/A,N/A
947,CPU_and_Data_Intensive,Rejected,96.00167019376275,N/A,N/A,N/A,0.5135885834706087,0.0,0.0,0.0,STARLINK-5593,0,N/A,N/A,0.0,0.3285258900124998,False,0.0,0.0,0.0,10.41279720790461,0.013015996509880761,Insufficient Energy for CPU+NET,N/A,N/A,N/A
954,CPU_Intensive,Rejected,96.63669926452648,N/A,N/A,N/A,0.5685233675034702,0.0,0.0,0.0,STARLINK-5593,0,N/A,N/A,0.0,0.03151083814846914,False,0.0,0.0,0.0,10.41279720790461,0.013015996509880761,Insufficient Energy for CPU,N/A,N/A,N/A
958,CPU_and_Data_Intensive,Rejected,97.6606128351854,N/A,N/A,N/A,2.330649893099807,0.0,0.0,0.0,STARLINK-5593,0,N/A,N/A,0.0,264.9775179760747,False,0.0,0.0,0.0,10.41279720790461,0.013015996509880761,Insufficient Energy for CPU+NET,N/A,N/A,N/A
966,CPU_Intensive,Rejected,98.59254917400227,N/A,N/A,N/A,0.32639745342186194,0.0,0.0,0.0,STARLINK-5593,0,N/A,N/A,0.0,0.07742352998546452,False,0.0,0.0,0.0,10.41279720790461,0.013015996509880761,Insufficient Energy for CPU,N/A,N/A,N/A
971,CPU_and_Data_Intensive,Rejected,99.24332735666053,N/A,N/A,N/A,0.557644213706012,0.0,0.0,0.0,STARLINK-5593,0,N/A,N/A,0.0,1.6331427405216568,False,0.0,0.0,0.0,10.41279720790461,0.013015996509880761,Insufficient Energy for CPU+NET,N/A,N/A,N/A
973,CPU_Intensive,Rejected,99.4187774131288,N/A,N/A,N/A,0.5370844116183168,0.0,0.0,0.0,STARLINK-5593,0,N/A,N/A,0.0,0.05196372753186859,False,0.0,0.0,0.0,10.41279720790461,0.013015996509880761,Insufficient Energy for CPU,N/A,N/A,N/A
975,CPU_Intensive,Rejected,99.78093415336326,N/A,N/A,N/A,0.19540178495355595,0.0,0.0,0.0,STARLINK-5593,0,N/A,N/A,0.0,0.0710086999629446,False,0.0,0.0,0.0,10.41279720790461,0.013015996509880761,Insufficient Energy for CPU,N/A,N/A,N/A
976,CPU_Intensive,Rejected,99.88662847105897,N/A,N/A,N/A,0.2767169736566483,0.0,0.0,0.0,STARLINK-5593,0,N/A,N/A,0.0,0.06324880502052528,False,0.0,0.0,0.0,10.41279720790461,0.013015996509880761,Insufficient Energy for CPU,N/A,N/A,N/A
978,CPU_and_Data_Intensive,Rejected,99.92321470064135,N/A,N/A,N/A,1.2416610586257462,0.0,0.0,0.0,STARLINK-5593,0,N/A,N/A,0.0,13.050352540184011,False,0.0,0.0,0.0,10.41279720790461,0.013015996509880761,Insufficient Energy for CPU+NET,N/A,N/A,N/A
981,CPU_Intensive,Rejected,100.22575201109144,N/A,N/A,N/A,0.21370625607087357,0.0,0.0,0.0,STARLINK-5593,0,N/A,N/A,0.0,0.04299306187093944,False,0.0,0.0,0.0,10.41279720790461,0.013015996509880761,Insufficient Energy for CPU,N/A,N/A,N/A
987,CPU_Intensive,Rejected,100.5755955460154,N/A,N/A,N/A,0.9641725492423409,0.0,0.0,0.0,STARLINK-5593,0,N/A,N/A,0.0,0.02932925258059723,False,0.0,0.0,0.0,10.41279720790461,0.013015996509880761,Insufficient Energy for CPU,N/A,N/A,N/A
991,CPU_Intensive,Rejected,101.09137219201172,N/A,N/A,N/A,0.6211861692685684,0.0,0.0,0.0,STARLINK-5593,0,N/A,N/A,0.0,0.0608686782338786,False,0.0,0.0,0.0,10.41279720790461,0.013015996509880761,Insufficient Energy for CPU,N/A,N/A,N/A
992,CPU_Intensive,Rejected,101.18156477625273,N/A,N/A,N/A,0.4762815918217525,0.0,0.0,0.0,STARLINK-5593,0,N/A,N/A,0.0,0.07326488710772336,False,0.0,0.0,0.0,10.41279720790461,0.013015996509880761,Insufficient Energy for CPU,N/A,N/A,N/A
997,CPU_Intensive,Rejected,101.43577906221604,N/A,N/A,N/A,1.3618754386586818,0.0,0.0,0.0,STARLINK-5593,0,N/A,N/A,0.0,0.08415661587401976,False,0.0,0.0,0.0,10.41279720790461,0.013015996509880761,Insufficient Energy for CPU,N/A,N/A,N/A
999,CPU_Intensive,Rejected,101.61376380932282,N/A,N/A,N/A,1.6705181659694721,0.0,0.0,0.0,STARLINK-5593,0,N/A,N/A,0.0,0.01436508359158871,False,0.0,0.0,0.0,10.41279720790461,0.013015996509880761,Insufficient Energy for CPU,N/A,N/A,N/A
1006,CPU_Intensive,Rejected,102.04608071534456,N/A,N/A,N/A,0.43511606642321277,0.0,0.0,0.0,STARLINK-5593,0,N/A,N/A,0.0,0.014888327491191126,False,0.0,0.0,0.0,10.41279720790461,0.013015996509880761,Insufficient Energy for CPU,N/A,N/A,N/A
1008,CPU_and_Data_Intensive,Rejected,102.15889283526715,N/A,N/A,N/A,1.4507523742836552,0.0,0.0,0.0,STARLINK-5593,0,N/A,N/A,0.0,1.6487026797073205,False,0.0,0.0,0.0,10.41279720790461,0.013015996509880761,Insufficient Energy for CPU+NET,N/A,N/A,N/A
1009,CPU_Intensive,Rejected,102.16289657976736,N/A,N/A,N/A,0.5406859046251399,0.0,0.0,0.0,STARLINK-5593,0,N/A,N/A,0.0,0.056298044222598397,False,0.0,0.0,0.0,10.41279720790461,0.013015996509880761,Insufficient Energy for CPU,N/A,N/A,N/A
1010,CPU_Intensive,Rejected,102.28369324999127,N/A,N/A,N/A,0.9598358214177826,0.0,0.0,0.0,STARLINK-5593,0,N/A,N/A,0.0,0.054422253999281044,False,0.0,0.0,0.0,10.41279720790461,0.013015996509880761,Insufficient Energy for CPU,N/A,N/A,N/A
1013,CPU_and_Data_Intensive,Rejected,102.56876735639906,N/A,N/A,N/A,0.5282460173048917,0.0,0.0,0.0,STARLINK-5593,0,N/A,N/A,0.0,12.000684157277792,False,0.0,0.0,0.0,10.41279720790461,0.013015996509880761,Insufficient Energy for CPU+NET,N/A,N/A,N/A
1015,CPU_Intensive,Rejected,102.60428262003684,N/A,N/A,N/A,0.5394947705946395,0.0,0.0,0.0,STARLINK-5593,0,N/A,N/A,0.0,0.012641724037715987,False,0.0,0.0,0.0,10.41279720790461,0.013015996509880761,Insufficient Energy for CPU,N/A,N/A,N/A
1016,CPU_Intensive,Rejected,102.62022970351387,N/A,N/A,N/A,0.20358079690400552,0.0,0.0,0.0,STARLINK-5593,0,N/A,N/A,0.0,0.015112149207482894,False,0.0,0.0,0.0,10.41279720790461,0.013015996509880761,Insufficient Energy for CPU,N/A,N/A,N/A
1018,CPU_and_Data_Intensive,Rejected,102.89693335368099,N/A,N/A,N/A,0.23817553456678292,0.0,0.0,0.0,STARLINK-5593,0,N/A,N/A,0.0,1.9487616298408001,False,0.0,0.0,0.0,10.41279720790461,0.013015996509880761,Insufficient Energy for CPU+NET,N/A,N/A,N/A
1020,CPU_Intensive,Rejected,103.04321642652414,N/A,N/A,N/A,1.2481383113910776,0.0,0.0,0.0,STARLINK-5593,0,N/A,N/A,0.0,0.04853235467802506,False,0.0,0.0,0.0,10.41279720790461,0.013015996509880761,Insufficient Energy for CPU,N/A,N/A,N/A
1021,CPU_Intensive,Rejected,103.3667418750935,N/A,N/A,N/A,0.1968138220645198,0.0,0.0,0.0,STARLINK-5593,0,N/A,N/A,0.0,0.033437989673716056,False,0.0,0.0,0.0,10.41279720790461,0.013015996509880761,Insufficient Energy for CPU,N/A,N/A,N/A
1023,CPU_Intensive,Rejected,103.9199418979315,N/A,N/A,N/A,0.4277241001046647,0.0,0.0,0.0,STARLINK-5593,0,N/A,N/A,0.0,0.05701731322385981,False,0.0,0.0,0.0,10.41279720790461,0.013015996509880761,Insufficient Energy for CPU,N/A,N/A,N/A
1024,CPU_Intensive,Rejected,103.93933471170003,N/A,N/A,N/A,0.469419551219568,0.0,0.0,0.0,STARLINK-5593,0,N/A,N/A,0.0,0.04411738460859172,False,0.0,0.0,0.0,10.41279720790461,0.013015996509880761,Insufficient Energy for CPU,N/A,N/A,N/A
1026,CPU_and_Data_Intensive,Rejected,104.1603886521384,N/A,N/A,N/A,0.207081789618777,0.0,0.0,0.0,STARLINK-5593,0,N/A,N/A,0.0,1.7061911375521923,False,0.0,0.0,0.0,10.41279720790461,0.013015996509880761,Insufficient Energy for CPU+NET,N/A,N/A,N/A
1027,CPU_Intensive,Rejected,104.17220256287848,N/A,N/A,N/A,0.7584676828985166,0.0,0.0,0.0,STARLINK-5593,0,N/A,N/A,0.0,0.05635636911986644,False,0.0,0.0,0.0,10.41279720790461,0.013015996509880761,Insufficient Energy for CPU,N/A,N/A,N/A
1028,CPU_and_Data_Intensive,Rejected,104.29848606827407,N/A,N/A,N/A,0.7149159539816896,0.0,0.0,0.0,STARLINK-5593,0,N/A,N/A,0.0,20.97752148311868,False,0.0,0.0,0.0,10.41279720790461,0.013015996509880761,Insufficient Energy for CPU+NET,N/A,N/A,N/A
1031,CPU_and_Data_Intensive,Rejected,104.6708870662894,N/A,N/A,N/A,2.5802500298226243,0.0,0.0,0.0,STARLINK-5593,0,N/A,N/A,0.0,0.6527448265791821,False,0.0,0.0,0.0,10.41279720790461,0.013015996509880761,Insufficient Energy for CPU+NET,N/A,N/A,N/A
1032,CPU_Intensive,Rejected,104.6945679452704,N/A,N/A,N/A,0.30301391048065196,0.0,0.0,0.0,STARLINK-5593,0,N/A,N/A,0.0,0.02854231986430203,False,0.0,0.0,0.0,10.41279720790461,0.013015996509880761,Insufficient Energy for CPU,N/A,N/A,N/A
1036,CPU_and_Data_Intensive,Rejected,105.22806304118487,N/A,N/A,N/A,0.47782140486145097,0.0,0.0,0.0,STARLINK-5593,0,N/A,N/A,0.0,1.2212031190210777,False,0.0,0.0,0.0,10.41279720790461,0.013015996509880761,Insufficient Energy for CPU+NET,N/A,N/A,N/A
1039,CPU_Intensive,Rejected,105.46878306946711,N/A,N/A,N/A,1.4305072782721702,0.0,0.0,0.0,STARLINK-5593,0,N/A,N/A,0.0,0.07921524505997575,False,0.0,0.0,0.0,10.41279720790461,0.013015996509880761,Insufficient Energy for CPU,N/A,N/A,N/A
1040,CPU_and_Data_Intensive,Rejected,105.51070239537528,N/A,N/A,N/A,2.2025684913820505,0.0,0.0,0.0,STARLINK-5593,0,N/A,N/A,0.0,2.193622867143738,False,0.0,0.0,0.0,10.41279720790461,0.013015996509880761,Insufficient Energy for CPU+NET,N/A,N/A,N/A
1041,CPU_and_Data_Intensive,Rejected,105.51916525865809,N/A,N/A,N/A,2.4671507209166057,0.0,0.0,0.0,STARLINK-5593,0,N/A,N/A,0.0,1.2449237940805344,False,0.0,0.0,0.0,10.41279720790461,0.013015996509880761,Insufficient Energy for CPU+NET,N/A,N/A,N/A
1049,CPU_and_Data_Intensive,Rejected,106.75897921059713,N/A,N/A,N/A,0.5333349773093838,0.0,0.0,0.0,STARLINK-5593,0,N/A,N/A,0.0,0.677999095620073,False,0.0,0.0,0.0,10.41279720790461,0.013015996509880761,Insufficient Energy for CPU+NET,N/A,N/A,N/A
1051,CPU_Intensive,Rejected,106.86591312409732,N/A,N/A,N/A,0.7515525031891642,0.0,0.0,0.0,STARLINK-5593,0,N/A,N/A,0.0,0.05140447757187038,False,0.0,0.0,0.0,10.41279720790461,0.013015996509880761,Insufficient Energy for CPU,N/A,N/A,N/A
1053,CPU_and_Data_Intensive,Rejected,107.01978104147301,N/A,N/A,N/A,0.3441875486460408,0.0,0.0,0.0,STARLINK-5593,0,N/A,N/A,0.0,13.81369382622729,False,0.0,0.0,0.0,10.41279720790461,0.013015996509880761,Insufficient Energy for CPU+NET,N/A,N/A,N/A
1054,CPU_and_Data_Intensive,Rejected,107.04016156021508,N/A,N/A,N/A,0.6387521456113637,0.0,0.0,0.0,STARLINK-5593,0,N/A,N/A,0.0,4.724626874100434,False,0.0,0.0,0.0,10.41279720790461,0.013015996509880761,Insufficient Energy for CPU+NET,N/A,N/A,N/A
1057,CPU_and_Data_Intensive,Rejected,107.44354299284846,N/A,N/A,N/A,0.34432101084315536,0.0,0.0,0.0,STARLINK-5593,0,N/A,N/A,0.0,0.9279514685878667,False,0.0,0.0,0.0,10.41279720790461,0.013015996509880761,Insufficient Energy for CPU+NET,N/A,N/A,N/A
1058,CPU_Intensive,Rejected,107.49633663360545,N/A,N/A,N/A,0.3403151322201873,0.0,0.0,0.0,STARLINK-5593,0,N/A,N/A,0.0,0.05658507858736042,False,0.0,0.0,0.0,10.41279720790461,0.013015996509880761,Insufficient Energy for CPU,N/A,N/A,N/A
1059,CPU_and_Data_Intensive,Rejected,107.59050136002712,N/A,N/A,N/A,0.45441520407827773,0.0,0.0,0.0,STARLINK-5593,0,N/A,N/A,0.0,23.885285737568577,False,0.0,0.0,0.0,10.41279720790461,0.013015996509880761,Insufficient Energy for CPU+NET,N/A,N/A,N/A
1065,CPU_Intensive,Rejected,107.86492472704698,N/A,N/A,N/A,0.24013601033229018,0.0,0.0,0.0,STARLINK-5593,0,N/A,N/A,0.0,0.06068756582258345,False,0.0,0.0,0.0,10.41279720790461,0.013015996509880761,Insufficient Energy for CPU,N/A,N/A,N/A
1066,CPU_Intensive,Rejected,107.8903852901223,N/A,N/A,N/A,0.5938848530882713,0.0,0.0,0.0,STARLINK-5593,0,N/A,N/A,0.0,0.020412369532868114,False,0.0,0.0,0.0,10.41279720790461,0.013015996509880761,Insufficient Energy for CPU,N/A,N/A,N/A
1067,CPU_and_Data_Intensive,Rejected,108.01959172577476,N/A,N/A,N/A,0.39918136305167506,0.0,0.0,0.0,STARLINK-5593,0,N/A,N/A,0.0,1.3935453074077009,False,0.0,0.0,0.0,10.41279720790461,0.013015996509880761,Insufficient Energy for CPU+NET,N/A,N/A,N/A
1068,CPU_and_Data_Intensive,Rejected,108.24885871986208,N/A,N/A,N/A,0.2714879807228567,0.0,0.0,0.0,STARLINK-5593,0,N/A,N/A,0.0,0.5560801680703905,False,0.0,0.0,0.0,10.41279720790461,0.013015996509880761,Insufficient Energy for CPU+NET,N/A,N/A,N/A
1072,CPU_Intensive,Rejected,108.65199591678929,N/A,N/A,N/A,0.6702680111276232,0.0,0.0,0.0,STARLINK-5593,0,N/A,N/A,0.0,0.040052591070430896,False,0.0,0.0,0.0,10.41279720790461,0.013015996509880761,Insufficient Energy for CPU,N/A,N/A,N/A
1074,CPU_Intensive,Rejected,108.82377502434456,N/A,N/A,N/A,0.3417619978784746,0.0,0.0,0.0,STARLINK-5593,0,N/A,N/A,0.0,0.05161974780018562,False,0.0,0.0,0.0,10.41279720790461,0.013015996509880761,Insufficient Energy for CPU,N/A,N/A,N/A
1075,CPU_and_Data_Intensive,Rejected,108.8559492103814,N/A,N/A,N/A,0.6731498870260482,0.0,0.0,0.0,STARLINK-5593,0,N/A,N/A,0.0,1.8040441204687072,False,0.0,0.0,0.0,10.41279720790461,0.013015996509880761,Insufficient Energy for CPU+NET,N/A,N/A,N/A
1076,CPU_and_Data_Intensive,Rejected,108.9165357004047,N/A,N/A,N/A,0.47858839568086275,0.0,0.0,0.0,STARLINK-5593,0,N/A,N/A,0.0,16.041905597352695,False,0.0,0.0,0.0,10.41279720790461,0.013015996509880761,Insufficient Energy for CPU+NET,N/A,N/A,N/A
1079,CPU_Intensive,Rejected,109.13313488358224,N/A,N/A,N/A,0.7087355789758945,0.0,0.0,0.0,STARLINK-5593,0,N/A,N/A,0.0,0.029606391092566874,False,0.0,0.0,0.0,10.41279720790461,0.013015996509880761,Insufficient Energy for CPU,N/A,N/A,N/A
1080,CPU_Intensive,Rejected,109.1443804566886,N/A,N/A,N/A,0.3456283938061979,0.0,0.0,0.0,STARLINK-5593,0,N/A,N/A,0.0,0.01991203241625817,False,0.0,0.0,0.0,10.41279720790461,0.013015996509880761,Insufficient Energy for CPU,N/A,N/A,N/A
1081,CPU_Intensive,Rejected,109.53407890739986,N/A,N/A,N/A,0.40638263473165226,0.0,0.0,0.0,STARLINK-5593,0,N/A,N/A,0.0,0.03375093263250973,False,0.0,0.0,0.0,10.41279720790461,0.013015996509880761,Insufficient Energy for CPU,N/A,N/A,N/A
1083,CPU_Intensive,Rejected,109.68960354351046,N/A,N/A,N/A,0.25845412439539084,0.0,0.0,0.0,STARLINK-5593,0,N/A,N/A,0.0,0.020395008554874,False,0.0,0.0,0.0,10.41279720790461,0.013015996509880761,Insufficient Energy for CPU,N/A,N/A,N/A
1084,CPU_Intensive,Rejected,109.7058242571913,N/A,N/A,N/A,0.7941597942767179,0.0,0.0,0.0,STARLINK-5593,0,N/A,N/A,0.0,0.011141147435193824,False,0.0,0.0,0.0,10.41279720790461,0.013015996509880761,Insufficient Energy for CPU,N/A,N/A,N/A
1085,CPU_and_Data_Intensive,Rejected,110.08589856269138,N/A,N/A,N/A,1.9319947632365626,0.0,0.0,0.0,STARLINK-5593,0,N/A,N/A,0.0,2.9372880483776633,False,0.0,0.0,0.0,10.41279720790461,0.013015996509880761,Insufficient Energy for CPU+NET,N/A,N/A,N/A
1086,CPU_and_Data_Intensive,Rejected,110.1061154230189,N/A,N/A,N/A,0.6282157695015447,0.0,0.0,0.0,STARLINK-5593,0,N/A,N/A,0.0,0.42439296125616816,False,0.0,0.0,0.0,10.41279720790461,0.013015996509880761,Insufficient Energy for CPU+NET,N/A,N/A,N/A
1090,CPU_Intensive,Rejected,110.69817692481803,N/A,N/A,N/A,0.19530996957126334,0.0,0.0,0.0,STARLINK-5593,0,N/A,N/A,0.0,0.037923156334998466,False,0.0,0.0,0.0,10.41279720790461,0.013015996509880761,Insufficient Energy for CPU,N/A,N/A,N/A
1092,CPU_Intensive,Rejected,111.09359072324324,N/A,N/A,N/A,0.4189310360389118,0.0,0.0,0.0,STARLINK-5593,0,N/A,N/A,0.0,0.07532964809918448,False,0.0,0.0,0.0,10.41279720790461,0.013015996509880761,Insufficient Energy for CPU,N/A,N/A,N/A
1097,CPU_Intensive,Rejected,111.34056651101643,N/A,N/A,N/A,0.9242905322769768,0.0,0.0,0.0,STARLINK-5593,0,N/A,N/A,0.0,0.049458431166935685,False,0.0,0.0,0.0,10.41279720790461,0.013015996509880761,Insufficient Energy for CPU,N/A,N/A,N/A
1099,CPU_and_Data_Intensive,Rejected,111.65050974768569,N/A,N/A,N/A,0.7207029943935692,0.0,0.0,0.0,STARLINK-5593,0,N/A,N/A,0.0,1.9357472857816154,False,0.0,0.0,0.0,10.41279720790461,0.013015996509880761,Insufficient Energy for CPU+NET,N/A,N/A,N/A
1104,CPU_Intensive,Rejected,112.27925801449585,N/A,N/A,N/A,1.1131697129942857,0.0,0.0,0.0,STARLINK-5593,0,N/A,N/A,0.0,0.02365450502594251,False,0.0,0.0,0.0,10.41279720790461,0.013015996509880761,Insufficient Energy for CPU,N/A,N/A,N/A
1108,CPU_Intensive,Rejected,112.38998618231498,N/A,N/A,N/A,0.7348208989137274,0.0,0.0,0.0,STARLINK-5593,0,N/A,N/A,0.0,0.05536819723871065,False,0.0,0.0,0.0,10.41279720790461,0.013015996509880761,Insufficient Energy for CPU,N/A,N/A,N/A
1109,CPU_Intensive,Rejected,112.48610311936412,N/A,N/A,N/A,0.36900277506833395,0.0,0.0,0.0,STARLINK-5593,0,N/A,N/A,0.0,0.024023034605510574,False,0.0,0.0,0.0,10.41279720790461,0.013015996509880761,Insufficient Energy for CPU,N/A,N/A,N/A
1110,CPU_and_Data_Intensive,Rejected,112.51406382574876,N/A,N/A,N/A,1.1518413463872563,0.0,0.0,0.0,STARLINK-5593,0,N/A,N/A,0.0,2.0192488118023486,False,0.0,0.0,0.0,10.41279720790461,0.013015996509880761,Insufficient Energy for CPU+NET,N/A,N/A,N/A
1112,CPU_Intensive,Rejected,112.79006998663814,N/A,N/A,N/A,0.20189214608570014,0.0,0.0,0.0,STARLINK-5593,0,N/A,N/A,0.0,0.04637086975808131,False,0.0,0.0,0.0,10.41279720790461,0.013015996509880761,Insufficient Energy for CPU,N/A,N/A,N/A
1113,CPU_Intensive,Rejected,112.88634096461652,N/A,N/A,N/A,0.35523023521448754,0.0,0.0,0.0,STARLINK-5593,0,N/A,N/A,0.0,0.07647443896475914,False,0.0,0.0,0.0,10.41279720790461,0.013015996509880761,Insufficient Energy for CPU,N/A,N/A,N/A
1114,CPU_Intensive,Rejected,112.91273778350954,N/A,N/A,N/A,1.4839448421033252,0.0,0.0,0.0,STARLINK-5593,0,N/A,N/A,0.0,0.03526053956590826,False,0.0,0.0,0.0,10.41279720790461,0.013015996509880761,Insufficient Energy for CPU,N/A,N/A,N/A
1117,CPU_and_Data_Intensive,Rejected,113.0141306427756,N/A,N/A,N/A,0.9781633454533636,0.0,0.0,0.0,STARLINK-5593,0,N/A,N/A,0.0,16.600933596331963,False,0.0,0.0,0.0,10.41279720790461,0.013015996509880761,Insufficient Energy for CPU+NET,N/A,N/A,N/A
1118,CPU_and_Data_Intensive,Rejected,113.19784068519229,N/A,N/A,N/A,1.0979978029082327,0.0,0.0,0.0,STARLINK-5593,0,N/A,N/A,0.0,0.031178247643265468,False,0.0,0.0,0.0,10.41279720790461,0.013015996509880761,Insufficient Energy for CPU+NET,N/A,N/A,N/A
1120,CPU_and_Data_Intensive,Rejected,113.31284290448922,N/A,N/A,N/A,0.31983169137305395,0.0,0.0,0.0,STARLINK-5593,0,N/A,N/A,0.0,13.005173544274989,False,0.0,0.0,0.0,10.41279720790461,0.013015996509880761,Insufficient Energy for CPU+NET,N/A,N/A,N/A
1121,CPU_Intensive,Rejected,113.52951894512626,N/A,N/A,N/A,0.7749646268599851,0.0,0.0,0.0,STARLINK-5593,0,N/A,N/A,0.0,0.05461217314775894,False,0.0,0.0,0.0,10.41279720790461,0.013015996509880761,Insufficient Energy for CPU,N/A,N/A,N/A
1124,CPU_and_Data_Intensive,Rejected,113.72479881381851,N/A,N/A,N/A,0.67413059605968,0.0,0.0,0.0,STARLINK-5593,0,N/A,N/A,0.0,0.21497026858152868,False,0.0,0.0,0.0,10.41279720790461,0.013015996509880761,Insufficient Energy for CPU+NET,N/A,N/A,N/A
1126,CPU_and_Data_Intensive,Rejected,113.8537642282377,N/A,N/A,N/A,0.29396268542304343,0.0,0.0,0.0,STARLINK-5593,0,N/A,N/A,0.0,10.005349564981616,False,0.0,0.0,0.0,10.41279720790461,0.013015996509880761,Insufficient Energy for CPU+NET,N/A,N/A,N/A
1128,CPU_and_Data_Intensive,Rejected,114.14120624326527,N/A,N/A,N/A,1.0872474123317035,0.0,0.0,0.0,STARLINK-5593,0,N/A,N/A,0.0,0.22483758627576986,False,0.0,0.0,0.0,10.41279720790461,0.013015996509880761,Insufficient Energy for CPU+NET,N/A,N/A,N/A
1130,CPU_Intensive,Rejected,114.4558924552944,N/A,N/A,N/A,1.1704441535420007,0.0,0.0,0.0,STARLINK-5593,0,N/A,N/A,0.0,0.05243904639164598,False,0.0,0.0,0.0,10.41279720790461,0.013015996509880761,Insufficient Energy for CPU,N/A,N/A,N/A
1131,CPU_and_Data_Intensive,Rejected,114.53003792511565,N/A,N/A,N/A,1.5730855355913664,0.0,0.0,0.0,STARLINK-5593,0,N/A,N/A,0.0,11.54998541527322,False,0.0,0.0,0.0,10.41279720790461,0.013015996509880761,Insufficient Energy for CPU+NET,N/A,N/A,N/A
1132,CPU_Intensive,Rejected,114.53761359421253,N/A,N/A,N/A,0.35493837797329547,0.0,0.0,0.0,STARLINK-5593,0,N/A,N/A,0.0,0.07179454661262005,False,0.0,0.0,0.0,10.41279720790461,0.013015996509880761,Insufficient Energy for CPU,N/A,N/A,N/A
1133,CPU_and_Data_Intensive,Rejected,114.6520895535163,N/A,N/A,N/A,0.3181567573165084,0.0,0.0,0.0,STARLINK-5593,0,N/A,N/A,0.0,22.848495845285917,False,0.0,0.0,0.0,10.41279720790461,0.013015996509880761,Insufficient Energy for CPU+NET,N/A,N/A,N/A
1135,CPU_and_Data_Intensive,Rejected,114.94822438559002,N/A,N/A,N/A,1.5817113098012536,0.0,0.0,0.0,STARLINK-5593,0,N/A,N/A,0.0,153.99781143830356,False,0.0,0.0,0.0,10.41279720790461,0.013015996509880761,Insufficient Energy for CPU+NET,N/A,N/A,N/A
1136,CPU_and_Data_Intensive,Rejected,115.02604475759367,N/A,N/A,N/A,0.19023949763399906,0.0,0.0,0.0,STARLINK-5593,0,N/A,N/A,0.0,0.5519801829423736,False,0.0,0.0,0.0,10.41279720790461,0.013015996509880761,Insufficient Energy for CPU+NET,N/A,N/A,N/A
1137,CPU_and_Data_Intensive,Rejected,115.10000980740902,N/A,N/A,N/A,2.4731094223414054,0.0,0.0,0.0,STARLINK-5593,0,N/A,N/A,0.0,0.7535181207420145,False,0.0,0.0,0.0,10.41279720790461,0.013015996509880761,Insufficient Energy for CPU+NET,N/A,N/A,N/A
1139,CPU_and_Data_Intensive,Rejected,115.48082798380719,N/A,N/A,N/A,1.095720280240118,0.0,0.0,0.0,STARLINK-5593,0,N/A,N/A,0.0,1.3950650690183373,False,0.0,0.0,0.0,10.41279720790461,0.013015996509880761,Insufficient Energy for CPU+NET,N/A,N/A,N/A
1140,CPU_Intensive,Rejected,115.48176175166499,N/A,N/A,N/A,0.2838526337337817,0.0,0.0,0.0,STARLINK-5593,0,N/A,N/A,0.0,0.07503675105064993,False,0.0,0.0,0.0,10.41279720790461,0.013015996509880761,Insufficient Energy for CPU,N/A,N/A,N/A
1141,CPU_and_Data_Intensive,Rejected,115.62392499525802,N/A,N/A,N/A,1.0716139367199564,0.0,0.0,0.0,STARLINK-5593,0,N/A,N/A,0.0,0.856613921759254,False,0.0,0.0,0.0,10.41279720790461,0.013015996509880761,Insufficient Energy for CPU+NET,N/A,N/A,N/A
1142,CPU_Intensive,Rejected,115.96757193409563,N/A,N/A,N/A,0.8691897942873754,0.0,0.0,0.0,STARLINK-5593,0,N/A,N/A,0.0,0.057629099784586704,False,0.0,0.0,0.0,10.41279720790461,0.013015996509880761,Insufficient Energy for CPU,N/A,N/A,N/A
1143,CPU_Intensive,Rejected,115.97195803424711,N/A,N/A,N/A,0.21738346839428066,0.0,0.0,0.0,STARLINK-5593,0,N/A,N/A,0.0,0.061471432900664896,False,0.0,0.0,0.0,10.41279720790461,0.013015996509880761,Insufficient Energy for CPU,N/A,N/A,N/A
1149,CPU_Intensive,Rejected,117.18282454637215,N/A,N/A,N/A,2.242054921582276,0.0,0.0,0.0,STARLINK-5593,0,N/A,N/A,0.0,0.07449620292248425,False,0.0,0.0,0.0,10.41279720790461,0.013015996509880761,Insufficient Energy for CPU,N/A,N/A,N/A
1150,CPU_Intensive,Rejected,117.25654709158891,N/A,N/A,N/A,0.44268583677894774,0.0,0.0,0.0,STARLINK-5593,0,N/A,N/A,0.0,0.010110009202211051,False,0.0,0.0,0.0,10.41279720790461,0.013015996509880761,Insufficient Energy for CPU,N/A,N/A,N/A
1151,CPU_Intensive,Rejected,117.27814024455937,N/A,N/A,N/A,0.37589494702430326,0.0,0.0,0.0,STARLINK-5593,0,N/A,N/A,0.0,0.08546746177165383,False,0.0,0.0,0.0,10.41279720790461,0.013015996509880761,Insufficient Energy for CPU,N/A,N/A,N/A
1153,CPU_Intensive,Rejected,117.39055554942034,N/A,N/A,N/A,0.4936275756891327,0.0,0.0,0.0,STARLINK-5593,0,N/A,N/A,0.0,0.07872677098853086,False,0.0,0.0,0.0,10.41279720790461,0.013015996509880761,Insufficient Energy for CPU,N/A,N/A,N/A
1156,CPU_Intensive,Rejected,117.67149356245189,N/A,N/A,N/A,0.49513722020844364,0.0,0.0,0.0,STARLINK-5593,0,N/A,N/A,0.0,0.034723082893721786,False,0.0,0.0,0.0,10.41279720790461,0.013015996509880761,Insufficient Energy for CPU,N/A,N/A,N/A
1162,CPU_and_Data_Intensive,Rejected,118.62153813177484,N/A,N/A,N/A,1.134556995677729,0.0,0.0,0.0,STARLINK-5593,0,N/A,N/A,0.0,0.3023946632293173,False,0.0,0.0,0.0,10.41279720790461,0.013015996509880761,Insufficient Energy for CPU+NET,N/A,N/A,N/A
1163,CPU_Intensive,Rejected,118.7651473045225,N/A,N/A,N/A,0.21712667898998836,0.0,0.0,0.0,STARLINK-5593,0,N/A,N/A,0.0,0.04377811052319993,False,0.0,0.0,0.0,10.41279720790461,0.013015996509880761,Insufficient Energy for CPU,N/A,N/A,N/A
1164,CPU_Intensive,Rejected,118.94009032503813,N/A,N/A,N/A,0.8479013656355244,0.0,0.0,0.0,STARLINK-5593,0,N/A,N/A,0.0,0.03297150100083441,False,0.0,0.0,0.0,10.41279720790461,0.013015996509880761,Insufficient Energy for CPU,N/A,N/A,N/A
1166,CPU_Intensive,Rejected,119.18044267424608,N/A,N/A,N/A,0.8079324799862313,0.0,0.0,0.0,STARLINK-5593,0,N/A,N/A,0.0,0.07991587840770893,False,0.0,0.0,0.0,10.41279720790461,0.013015996509880761,Insufficient Energy for CPU,N/A,N/A,N/A
1168,CPU_and_Data_Intensive,Rejected,119.3549762083326,N/A,N/A,N/A,1.0179823701833608,0.0,0.0,0.0,STARLINK-5593,0,N/A,N/A,0.0,0.595864003764773,False,0.0,0.0,0.0,10.41279720790461,0.013015996509880761,Insufficient Energy for CPU+NET,N/A,N/A,N/A
1172,CPU_and_Data_Intensive,Rejected,119.70197208130713,N/A,N/A,N/A,2.203464674811689,0.0,0.0,0.0,STARLINK-5593,0,N/A,N/A,0.0,0.2664744431037581,False,0.0,0.0,0.0,10.41279720790461,0.013015996509880761,Insufficient Energy for CPU+NET,N/A,N/A,N/A
1174,CPU_and_Data_Intensive,Rejected,120.10082717341149,N/A,N/A,N/A,0.4128975503720032,0.0,0.0,0.0,STARLINK-5593,0,N/A,N/A,0.0,15.842204133382694,False,0.0,0.0,0.0,10.41279720790461,0.013015996509880761,Insufficient Energy for CPU+NET,N/A,N/A,N/A
1176,CPU_and_Data_Intensive,Rejected,120.36579368031057,N/A,N/A,N/A,1.3066083236149708,0.0,0.0,0.0,STARLINK-5593,0,N/A,N/A,0.0,1.593577185474103,False,0.0,0.0,0.0,10.41279720790461,0.013015996509880761,Insufficient Energy for CPU+NET,N/A,N/A,N/A
1177,CPU_Intensive,Rejected,120.37796624030254,N/A,N/A,N/A,0.4656424831881263,0.0,0.0,0.0,STARLINK-5593,0,N/A,N/A,0.0,0.06704603944658413,False,0.0,0.0,0.0,10.41279720790461,0.013015996509880761,Insufficient Energy for CPU,N/A,N/A,N/A
1178,CPU_Intensive,Rejected,120.46364987222609,N/A,N/A,N/A,0.5405026392739523,0.0,0.0,0.0,STARLINK-5593,0,N/A,N/A,0.0,0.07252550757992156,False,0.0,0.0,0.0,10.41279720790461,0.013015996509880761,Insufficient Energy for CPU,N/A,N/A,N/A
1179,CPU_Intensive,Rejected,120.4666829678584,N/A,N/A,N/A,0.3672222735705711,0.0,0.0,0.0,STARLINK-5593,0,N/A,N/A,0.0,0.04904512363422986,False,0.0,0.0,0.0,10.41279720790461,0.013015996509880761,Insufficient Energy for CPU,N/A,N/A,N/A
1182,CPU_Intensive,Rejected,120.6335045906845,N/A,N/A,N/A,0.4105969159742951,0.0,0.0,0.0,STARLINK-5593,0,N/A,N/A,0.0,0.04391473884373347,False,0.0,0.0,0.0,10.41279720790461,0.013015996509880761,Insufficient Energy for CPU,N/A,N/A,N/A
1183,CPU_and_Data_Intensive,Rejected,120.69728860683624,N/A,N/A,N/A,0.4788973728304409,0.0,0.0,0.0,STARLINK-5593,0,N/A,N/A,0.0,1.2303917401392257,False,0.0,0.0,0.0,10.41279720790461,0.013015996509880761,Insufficient Energy for CPU+NET,N/A,N/A,N/A
1188,CPU_and_Data_Intensive,Rejected,121.19818041053584,N/A,N/A,N/A,0.8823957927901062,0.0,0.0,0.0,STARLINK-5593,0,N/A,N/A,0.0,1.7869785448252467,False,0.0,0.0,0.0,10.41279720790461,0.013015996509880761,Insufficient Energy for CPU+NET,N/A,N/A,N/A
1189,CPU_Intensive,Rejected,121.2098093542557,N/A,N/A,N/A,0.40089173414986395,0.0,0.0,0.0,STARLINK-5593,0,N/A,N/A,0.0,0.07085673741638913,False,0.0,0.0,0.0,10.41279720790461,0.013015996509880761,Insufficient Energy for CPU,N/A,N/A,N/A
1191,CPU_and_Data_Intensive,Rejected,121.42274944038056,N/A,N/A,N/A,0.7321376160818931,0.0,0.0,0.0,STARLINK-5593,0,N/A,N/A,0.0,16.367991446415925,False,0.0,0.0,0.0,10.41279720790461,0.013015996509880761,Insufficient Energy for CPU+NET,N/A,N/A,N/A
1192,CPU_Intensive,Rejected,121.46626770329381,N/A,N/A,N/A,0.32278569986815697,0.0,0.0,0.0,STARLINK-5593,0,N/A,N/A,0.0,0.023838280655487057,False,0.0,0.0,0.0,10.41279720790461,0.013015996509880761,Insufficient Energy for CPU,N/A,N/A,N/A
1193,CPU_Intensive,Rejected,121.4696243170254,N/A,N/A,N/A,0.43858554159756663,0.0,0.0,0.0,STARLINK-5593,0,N/A,N/A,0.0,0.055863796646112726,False,0.0,0.0,0.0,10.41279720790461,0.013015996509880761,Insufficient Energy for CPU,N/A,N/A,N/A
1194,CPU_Intensive,Rejected,121.510668873133,N/A,N/A,N/A,0.020165703202049044,0.0,0.0,0.0,STARLINK-5593,0,N/A,N/A,0.0,0.04962004075866308,False,0.0,0.0,0.0,10.41279720790461,0.013015996509880761,Insufficient Energy for CPU,N/A,N/A,N/A
1195,Generic_Service,Rejected,121.5208074639933,N/A,N/A,N/A,0.037970556059441773,0.0,0.0,0.0,STARLINK-5593,0,N/A,N/A,0.0,0.03925071778566502,False,0.0,0.0,0.0,10.41279720790461,0.013015996509880761,Insufficient Energy for CPU,N/A,N/A,N/A
1196,Generic_Service,Rejected,121.73599454973017,N/A,N/A,N/A,0.2643868521976862,0.0,0.0,0.0,STARLINK-5593,0,N/A,N/A,0.0,0.05297226343556425,False,0.0,0.0,0.0,10.41279720790461,0.013015996509880761,Insufficient Energy for CPU,N/A,N/A,N/A
1197,CPU_Intensive,Rejected,121.78973186453605,N/A,N/A,N/A,2.313190925257119,0.0,0.0,0.0,STARLINK-5593,0,N/A,N/A,0.0,0.06221399020073492,False,0.0,0.0,0.0,10.41279720790461,0.013015996509880761,Insufficient Energy for CPU,N/A,N/A,N/A
1199,CPU_Intensive,Rejected,121.93151644110087,N/A,N/A,N/A,1.6966873341209094,0.0,0.0,0.0,STARLINK-5593,0,N/A,N/A,0.0,0.08090406665358063,False,0.0,0.0,0.0,10.41279720790461,0.013015996509880761,Insufficient Energy for CPU,N/A,N/A,N/A
1200,CPU_Intensive,Rejected,122.04189369768685,N/A,N/A,N/A,0.028128429418722272,0.0,0.0,0.0,STARLINK-5593,0,N/A,N/A,0.0,0.0699362051334662,False,0.0,0.0,0.0,10.41279720790461,0.013015996509880761,Insufficient Energy for CPU,N/A,N/A,N/A
1201,CPU_Intensive,Rejected,122.23759613192315,N/A,N/A,N/A,1.1327463477422224,0.0,0.0,0.0,STARLINK-5593,0,N/A,N/A,0.0,0.07339551482377504,False,0.0,0.0,0.0,10.41279720790461,0.013015996509880761,Insufficient Energy for CPU,N/A,N/A,N/A
1202,CPU_and_Data_Intensive,Rejected,122.2668891211842,N/A,N/A,N/A,0.6280076814905218,0.0,0.0,0.0,STARLINK-5593,0,N/A,N/A,0.0,11.206156431565852,False,0.0,0.0,0.0,10.41279720790461,0.013015996509880761,Insufficient Energy for CPU+NET,N/A,N/A,N/A
1203,CPU_and_Data_Intensive,Rejected,122.44810895760686,N/A,N/A,N/A,0.45489442021230764,0.0,0.0,0.0,STARLINK-5593,0,N/A,N/A,0.0,0.6854997058861634,False,0.0,0.0,0.0,10.41279720790461,0.013015996509880761,Insufficient Energy for CPU+NET,N/A,N/A,N/A
1204,Generic_Service,Rejected,122.50052163325857,N/A,N/A,N/A,0.08240917469412647,0.0,0.0,0.0,STARLINK-5593,0,N/A,N/A,0.0,0.08363886365289198,False,0.0,0.0,0.0,10.41279720790461,0.013015996509880761,Insufficient Energy for CPU,N/A,N/A,N/A
1205,CPU_Intensive,Rejected,122.63032042492021,N/A,N/A,N/A,0.12690737431588364,0.0,0.0,0.0,STARLINK-5593,0,N/A,N/A,0.0,0.030277365497050436,False,0.0,0.0,0.0,10.41279720790461,0.013015996509880761,Insufficient Energy for CPU,N/A,N/A,N/A
1206,Generic_Service,Rejected,122.8856343942754,N/A,N/A,N/A,0.03168077429976357,0.0,0.0,0.0,STARLINK-5593,0,N/A,N/A,0.0,0.05787043357072508,False,0.0,0.0,0.0,10.41279720790461,0.013015996509880761,Insufficient Energy for CPU,N/A,N/A,N/A
1207,CPU_and_Data_Intensive,Rejected,123.21889701760271,N/A,N/A,N/A,0.1683668356349264,0.0,0.0,0.0,STARLINK-5593,0,N/A,N/A,0.0,0.9232698512550805,False,0.0,0.0,0.0,10.41279720790461,0.013015996509880761,Insufficient Energy for CPU+NET,N/A,N/A,N/A
1208,CPU_Intensive,Rejected,123.35593973884941,N/A,N/A,N/A,0.4723959240533637,0.0,0.0,0.0,STARLINK-5593,0,N/A,N/A,0.0,0.07629678322368297,False,0.0,0.0,0.0,10.41279720790461,0.013015996509880761,Insufficient Energy for CPU,N/A,N/A,N/A
1210,CPU_and_Data_Intensive,Rejected,123.628932112159,N/A,N/A,N/A,0.9437450952225388,0.0,0.0,0.0,STARLINK-5593,0,N/A,N/A,0.0,1.4027446733784208,False,0.0,0.0,0.0,10.41279720790461,0.013015996509880761,Insufficient Energy for CPU+NET,N/A,N/A,N/A
1211,Generic_Service,Rejected,123.88840859405383,N/A,N/A,N/A,0.14405205419484574,0.0,0.0,0.0,STARLINK-5593,0,N/A,N/A,0.0,0.056564830048137824,False,0.0,0.0,0.0,10.41279720790461,0.013015996509880761,Insufficient Energy for CPU,N/A,N/A,N/A
1212,CPU_and_Data_Intensive,Rejected,123.92261279462763,N/A,N/A,N/A,0.921341829146414,0.0,0.0,0.0,STARLINK-5593,0,N/A,N/A,0.0,2.024108167903782,False,0.0,0.0,0.0,10.41279720790461,0.013015996509880761,Insufficient Energy for CPU+NET,N/A,N/A,N/A
1213,CPU_Intensive,Rejected,123.94427599846279,N/A,N/A,N/A,0.39768079078460145,0.0,0.0,0.0,STARLINK-5593,0,N/A,N/A,0.0,0.08588997321295332,False,0.0,0.0,0.0,10.41279720790461,0.013015996509880761,Insufficient Energy for CPU,N/A,N/A,N/A
1214,CPU_Intensive,Rejected,124.10947331147297,N/A,N/A,N/A,0.2861846581458791,0.0,0.0,0.0,STARLINK-5593,0,N/A,N/A,0.0,0.04191246501912564,False,0.0,0.0,0.0,10.41279720790461,0.013015996509880761,Insufficient Energy for CPU,N/A,N/A,N/A
1215,Generic_Service,Rejected,124.1287919081354,N/A,N/A,N/A,0.05975625765302524,0.0,0.0,0.0,STARLINK-5593,0,N/A,N/A,0.0,0.052650721819783274,False,0.0,0.0,0.0,10.41279720790461,0.013015996509880761,Insufficient Energy for CPU,N/A,N/A,N/A
1217,CPU_Intensive,Rejected,124.20937665305638,N/A,N/A,N/A,0.12250748075496251,0.0,0.0,0.0,STARLINK-5593,0,N/A,N/A,0.0,0.044329772588846676,False,0.0,0.0,0.0,10.41279720790461,0.013015996509880761,Insufficient Energy for CPU,N/A,N/A,N/A
1218,CPU_and_Data_Intensive,Rejected,124.23567330767523,N/A,N/A,N/A,0.16722864059319448,0.0,0.0,0.0,STARLINK-5593,0,N/A,N/A,0.0,17.38568624447756,False,0.0,0.0,0.0,10.41279720790461,0.013015996509880761,Insufficient Energy for CPU+NET,N/A,N/A,N/A
1220,CPU_and_Data_Intensive,Rejected,124.34287596733017,N/A,N/A,N/A,0.34615619621488947,0.0,0.0,0.0,STARLINK-5593,0,N/A,N/A,0.0,0.3841357107623691,False,0.0,0.0,0.0,10.41279720790461,0.013015996509880761,Insufficient Energy for CPU+NET,N/A,N/A,N/A
1221,CPU_Intensive,Rejected,124.3813397647666,N/A,N/A,N/A,0.3933613591420483,0.0,0.0,0.0,STARLINK-5593,0,N/A,N/A,0.0,0.04671537084058418,False,0.0,0.0,0.0,10.41279720790461,0.013015996509880761,Insufficient Energy for CPU,N/A,N/A,N/A
1222,CPU_and_Data_Intensive,Rejected,124.5361899135602,N/A,N/A,N/A,0.10743872634654901,0.0,0.0,0.0,STARLINK-5593,0,N/A,N/A,0.0,7.089119580287716,False,0.0,0.0,0.0,10.41279720790461,0.013015996509880761,Insufficient Energy for CPU+NET,N/A,N/A,N/A
1223,Generic_Service,Rejected,124.62592137590676,N/A,N/A,N/A,0.0317136208190519,0.0,0.0,0.0,STARLINK-5593,0,N/A,N/A,0.0,0.08587119657101697,False,0.0,0.0,0.0,10.41279720790461,0.013015996509880761,Insufficient Energy for CPU,N/A,N/A,N/A
1224,CPU_Intensive,Rejected,124.7505823351543,N/A,N/A,N/A,0.17405246451534595,0.0,0.0,0.0,STARLINK-5593,0,N/A,N/A,0.0,0.05046917104098574,False,0.0,0.0,0.0,10.41279720790461,0.013015996509880761,Insufficient Energy for CPU,N/A,N/A,N/A
1225,CPU_and_Data_Intensive,Rejected,124.75521559224613,N/A,N/A,N/A,0.9318579502230973,0.0,0.0,0.0,STARLINK-5593,0,N/A,N/A,0.0,6.266969271116841,False,0.0,0.0,0.0,10.41279720790461,0.013015996509880761,Insufficient Energy for CPU+NET,N/A,N/A,N/A
1228,Generic_Service,Rejected,124.98133685859123,N/A,N/A,N/A,0.06963293029922532,0.0,0.0,0.0,STARLINK-5593,0,N/A,N/A,0.0,0.022865060851417096,False,0.0,0.0,0.0,10.41279720790461,0.013015996509880761,Insufficient Energy for CPU,N/A,N/A,N/A
1227,CPU_and_Data_Intensive,Rejected,124.85183147850258,N/A,N/A,N/A,1.4671167039635211,0.0,0.0,0.0,STARLINK-5593,0,N/A,N/A,0.0,379.4409838298194,False,0.0,0.0,0.0,10.41279720790461,0.013015996509880761,Insufficient Energy for CPU+NET,N/A,N/A,N/A
1229,CPU_Intensive,Rejected,125.192820740386,N/A,N/A,N/A,0.2648778157170735,0.0,0.0,0.0,STARLINK-5593,0,N/A,N/A,0.0,0.08072985568081038,False,0.0,0.0,0.0,10.41279720790461,0.013015996509880761,Insufficient Energy for CPU,N/A,N/A,N/A
1230,Generic_Service,Rejected,125.30071660014372,N/A,N/A,N/A,0.03247218036529378,0.0,0.0,0.0,STARLINK-5593,0,N/A,N/A,0.0,0.06851762021235881,False,0.0,0.0,0.0,10.41279720790461,0.013015996509880761,Insufficient Energy for CPU,N/A,N/A,N/A
1231,CPU_Intensive,Rejected,125.50929565523137,N/A,N/A,N/A,0.33563302793724487,0.0,0.0,0.0,STARLINK-5593,0,N/A,N/A,0.0,0.026419888787712655,False,0.0,0.0,0.0,10.41279720790461,0.013015996509880761,Insufficient Energy for CPU,N/A,N/A,N/A
1233,CPU_and_Data_Intensive,Rejected,125.58888403991962,N/A,N/A,N/A,0.098434293342731,0.0,0.0,0.0,STARLINK-5593,0,N/A,N/A,0.0,2.1002537939652104,False,0.0,0.0,0.0,10.41279720790461,0.013015996509880761,Insufficient Energy for CPU+NET,N/A,N/A,N/A
1235,CPU_and_Data_Intensive,Rejected,125.61752441886053,N/A,N/A,N/A,0.24174204497363078,0.0,0.0,0.0,STARLINK-5593,0,N/A,N/A,0.0,22.40859345548525,False,0.0,0.0,0.0,10.41279720790461,0.013015996509880761,Insufficient Energy for CPU+NET,N/A,N/A,N/A
1236,CPU_Intensive,Rejected,125.88514484558233,N/A,N/A,N/A,0.06259473845653422,0.0,0.0,0.0,STARLINK-5593,0,N/A,N/A,0.0,0.06902673936981783,False,0.0,0.0,0.0,10.41279720790461,0.013015996509880761,Insufficient Energy for CPU,N/A,N/A,N/A
1237,CPU_Intensive,Rejected,125.91470969186594,N/A,N/A,N/A,0.39556340919621796,0.0,0.0,0.0,STARLINK-5593,0,N/A,N/A,0.0,0.0526181143092257,False,0.0,0.0,0.0,10.41279720790461,0.013015996509880761,Insufficient Energy for CPU,N/A,N/A,N/A
1238,CPU_Intensive,Rejected,125.92307562847489,N/A,N/A,N/A,0.08646995852045009,0.0,0.0,0.0,STARLINK-5593,0,N/A,N/A,0.0,0.07265743176690324,False,0.0,0.0,0.0,10.41279720790461,0.013015996509880761,Insufficient Energy for CPU,N/A,N/A,N/A
1239,CPU_Intensive,Rejected,126.09721444442886,N/A,N/A,N/A,0.06074332387018751,0.0,0.0,0.0,STARLINK-5593,0,N/A,N/A,0.0,0.045782123468435465,False,0.0,0.0,0.0,10.41279720790461,0.013015996509880761,Insufficient Energy for CPU,N/A,N/A,N/A
1241,CPU_Intensive,Rejected,126.49419864273776,N/A,N/A,N/A,0.6048288819437206,0.0,0.0,0.0,STARLINK-5593,0,N/A,N/A,0.0,0.037095133784014515,False,0.0,0.0,0.0,10.41279720790461,0.013015996509880761,Insufficient Energy for CPU,N/A,N/A,N/A
1242,CPU_Intensive,Rejected,126.83741906763123,N/A,N/A,N/A,0.5429786082926843,0.0,0.0,0.0,STARLINK-5593,0,N/A,N/A,0.0,0.013570527361166328,False,0.0,0.0,0.0,10.41279720790461,0.013015996509880761,Insufficient Energy for CPU,N/A,N/A,N/A
1244,CPU_Intensive,Rejected,127.00313657252967,N/A,N/A,N/A,0.5025296881046117,0.0,0.0,0.0,STARLINK-5593,0,N/A,N/A,0.0,0.010497650218710785,False,0.0,0.0,0.0,10.41279720790461,0.013015996509880761,Insufficient Energy for CPU,N/A,N/A,N/A
1245,Generic_Service,Rejected,127.00715619750954,N/A,N/A,N/A,0.05938235853044619,0.0,0.0,0.0,STARLINK-5593,0,N/A,N/A,0.0,0.02123880388939707,False,0.0,0.0,0.0,10.41279720790461,0.013015996509880761,Insufficient Energy for CPU,N/A,N/A,N/A
1246,Generic_Service,Rejected,127.04246724612426,N/A,N/A,N/A,0.03194823970097688,0.0,0.0,0.0,STARLINK-5593,0,N/A,N/A,0.0,0.051258844845154763,False,0.0,0.0,0.0,10.41279720790461,0.013015996509880761,Insufficient Energy for CPU,N/A,N/A,N/A
1247,CPU_and_Data_Intensive,Rejected,127.14015116570094,N/A,N/A,N/A,0.059575850996753665,0.0,0.0,0.0,STARLINK-5593,0,N/A,N/A,0.0,1.7830265571835058,False,0.0,0.0,0.0,10.41279720790461,0.013015996509880761,Insufficient Energy for CPU+NET,N/A,N/A,N/A
1249,Generic_Service,Rejected,127.25452105722562,N/A,N/A,N/A,0.0855404452879973,0.0,0.0,0.0,STARLINK-5593,0,N/A,N/A,0.0,0.033069609888730554,False,0.0,0.0,0.0,10.41279720790461,0.013015996509880761,Insufficient Energy for CPU,N/A,N/A,N/A
1248,CPU_and_Data_Intensive,Rejected,127.24808888448104,N/A,N/A,N/A,0.09935642016586649,0.0,0.0,0.0,STARLINK-5593,0,N/A,N/A,0.0,15.180254113544258,False,0.0,0.0,0.0,10.41279720790461,0.013015996509880761,Insufficient Energy for CPU+NET,N/A,N/A,N/A
1251,CPU_and_Data_Intensive,Rejected,127.38028114108073,N/A,N/A,N/A,0.12168870762127255,0.0,0.0,0.0,STARLINK-5593,0,N/A,N/A,0.0,1.7882443349751207,False,0.0,0.0,0.0,10.41279720790461,0.013015996509880761,Insufficient Energy for CPU+NET,N/A,N/A,N/A
1252,CPU_Intensive,Rejected,127.5393312016259,N/A,N/A,N/A,0.12761975594208202,0.0,0.0,0.0,STARLINK-5593,0,N/A,N/A,0.0,0.07317323941511145,False,0.0,0.0,0.0,10.41279720790461,0.013015996509880761,Insufficient Energy for CPU,N/A,N/A,N/A
1253,CPU_and_Data_Intensive,Rejected,127.64466282620296,N/A,N/A,N/A,0.2991294960578484,0.0,0.0,0.0,STARLINK-5593,0,N/A,N/A,0.0,0.6060990780450787,False,0.0,0.0,0.0,10.41279720790461,0.013015996509880761,Insufficient Energy for CPU+NET,N/A,N/A,N/A
1254,CPU_Intensive,Rejected,127.72690060179974,N/A,N/A,N/A,0.7600425174509029,0.0,0.0,0.0,STARLINK-5593,0,N/A,N/A,0.0,0.0736856710153079,False,0.0,0.0,0.0,10.41279720790461,0.013015996509880761,Insufficient Energy for CPU,N/A,N/A,N/A
1255,CPU_Intensive,Rejected,127.7476457224189,N/A,N/A,N/A,0.7948520809866797,0.0,0.0,0.0,STARLINK-5593,0,N/A,N/A,0.0,0.08317146551175882,False,0.0,0.0,0.0,10.41279720790461,0.013015996509880761,Insufficient Energy for CPU,N/A,N/A,N/A
1256,CPU_and_Data_Intensive,Rejected,127.90188373103517,N/A,N/A,N/A,0.5759998464728642,0.0,0.0,0.0,STARLINK-5593,0,N/A,N/A,0.0,13.04095260803734,False,0.0,0.0,0.0,10.41279720790461,0.013015996509880761,Insufficient Energy for CPU+NET,N/A,N/A,N/A
1257,CPU_Intensive,Rejected,127.99741469688875,N/A,N/A,N/A,0.26806267693549646,0.0,0.0,0.0,STARLINK-5593,0,N/A,N/A,0.0,0.05093079729404671,False,0.0,0.0,0.0,10.41279720790461,0.013015996509880761,Insufficient Energy for CPU,N/A,N/A,N/A
1258,CPU_Intensive,Rejected,128.03258213335303,N/A,N/A,N/A,1.2400218371240628,0.0,0.0,0.0,STARLINK-5593,0,N/A,N/A,0.0,0.0755690975634241,False,0.0,0.0,0.0,10.41279720790461,0.013015996509880761,Insufficient Energy for CPU,N/A,N/A,N/A
1259,CPU_Intensive,Rejected,128.18285264548936,N/A,N/A,N/A,1.9078711836269218,0.0,0.0,0.0,STARLINK-5593,0,N/A,N/A,0.0,0.05155446262762695,False,0.0,0.0,0.0,10.41279720790461,0.013015996509880761,Insufficient Energy for CPU,N/A,N/A,N/A
1260,CPU_Intensive,Rejected,128.492872812534,N/A,N/A,N/A,0.025190193490369106,0.0,0.0,0.0,STARLINK-5593,0,N/A,N/A,0.0,0.08679995943863567,False,0.0,0.0,0.0,10.41279720790461,0.013015996509880761,Insufficient Energy for CPU,N/A,N/A,N/A
1261,CPU_Intensive,Rejected,128.5160490406305,N/A,N/A,N/A,0.2950083483701934,0.0,0.0,0.0,STARLINK-5593,0,N/A,N/A,0.0,0.0656790108824306,False,0.0,0.0,0.0,10.41279720790461,0.013015996509880761,Insufficient Energy for CPU,N/A,N/A,N/A
1263,CPU_Intensive,Rejected,128.76810756945176,N/A,N/A,N/A,0.7057878375530008,0.0,0.0,0.0,STARLINK-5593,0,N/A,N/A,0.0,0.08440626660449276,False,0.0,0.0,0.0,10.41279720790461,0.013015996509880761,Insufficient Energy for CPU,N/A,N/A,N/A
1264,CPU_and_Data_Intensive,Rejected,128.77497102553983,N/A,N/A,N/A,0.8762531628302583,0.0,0.0,0.0,STARLINK-5593,0,N/A,N/A,0.0,0.6326252273527149,False,0.0,0.0,0.0,10.41279720790461,0.013015996509880761,Insufficient Energy for CPU+NET,N/A,N/A,N/A
1265,CPU_and_Data_Intensive,Rejected,128.9392268604847,N/A,N/A,N/A,0.321774655070045,0.0,0.0,0.0,STARLINK-5593,0,N/A,N/A,0.0,4.5747079669027375,False,0.0,0.0,0.0,10.41279720790461,0.013015996509880761,Insufficient Energy for CPU+NET,N/A,N/A,N/A
1266,CPU_and_Data_Intensive,Rejected,129.0080852933331,N/A,N/A,N/A,0.0486359180602548,0.0,0.0,0.0,STARLINK-5593,0,N/A,N/A,0.0,1.4984305709863142,False,0.0,0.0,0.0,10.41279720790461,0.013015996509880761,Insufficient Energy for CPU+NET,N/A,N/A,N/A
1267,CPU_Intensive,Rejected,129.1300881835638,N/A,N/A,N/A,0.4134531065086701,0.0,0.0,0.0,STARLINK-5593,0,N/A,N/A,0.0,0.08789317405569495,False,0.0,0.0,0.0,10.41279720790461,0.013015996509880761,Insufficient Energy for CPU,N/A,N/A,N/A
1268,CPU_Intensive,Rejected,129.14175194031282,N/A,N/A,N/A,0.3582607855199183,0.0,0.0,0.0,STARLINK-5593,0,N/A,N/A,0.0,0.08287306486403247,False,0.0,0.0,0.0,10.41279720790461,0.013015996509880761,Insufficient Energy for CPU,N/A,N/A,N/A
1269,Generic_Service,Rejected,129.27047727960402,N/A,N/A,N/A,0.044659768647401,0.0,0.0,0.0,STARLINK-5593,0,N/A,N/A,0.0,0.05675006226248658,False,0.0,0.0,0.0,10.41279720790461,0.013015996509880761,Insufficient Energy for CPU,N/A,N/A,N/A
1270,CPU_Intensive,Rejected,129.2971109370189,N/A,N/A,N/A,0.3136193238534516,0.0,0.0,0.0,STARLINK-5593,0,N/A,N/A,0.0,0.08716610868063372,False,0.0,0.0,0.0,10.41279720790461,0.013015996509880761,Insufficient Energy for CPU,N/A,N/A,N/A
1272,CPU_Intensive,Rejected,129.39371768861147,N/A,N/A,N/A,0.1852180169919931,0.0,0.0,0.0,STARLINK-5593,0,N/A,N/A,0.0,0.02037453359371764,False,0.0,0.0,0.0,10.41279720790461,0.013015996509880761,Insufficient Energy for CPU,N/A,N/A,N/A
1273,CPU_and_Data_Intensive,Rejected,129.40876546567017,N/A,N/A,N/A,0.36471852932872284,0.0,0.0,0.0,STARLINK-5593,0,N/A,N/A,0.0,1.2104315260565641,False,0.0,0.0,0.0,10.41279720790461,0.013015996509880761,Insufficient Energy for CPU+NET,N/A,N/A,N/A
1274,CPU_Intensive,Rejected,129.40989362330734,N/A,N/A,N/A,0.2648482522712878,0.0,0.0,0.0,STARLINK-5593,0,N/A,N/A,0.0,0.03514290739962976,False,0.0,0.0,0.0,10.41279720790461,0.013015996509880761,Insufficient Energy for CPU,N/A,N/A,N/A
1275,Generic_Service,Rejected,129.45788283296693,N/A,N/A,N/A,0.14199029532400376,0.0,0.0,0.0,STARLINK-5593,0,N/A,N/A,0.0,0.06197502192215456,False,0.0,0.0,0.0,10.41279720790461,0.013015996509880761,Insufficient Energy for CPU,N/A,N/A,N/A
1276,CPU_and_Data_Intensive,Rejected,129.8602052177167,N/A,N/A,N/A,0.3219940354067795,0.0,0.0,0.0,STARLINK-5593,0,N/A,N/A,0.0,0.49914085024443217,False,0.0,0.0,0.0,10.41279720790461,0.013015996509880761,Insufficient Energy for CPU+NET,N/A,N/A,N/A
1277,CPU_Intensive,Rejected,129.89173305861172,N/A,N/A,N/A,1.0660389718209962,0.0,0.0,0.0,STARLINK-5593,0,N/A,N/A,0.0,0.029369918598130262,False,0.0,0.0,0.0,10.41279720790461,0.013015996509880761,Insufficient Energy for CPU,N/A,N/A,N/A
1280,CPU_Intensive,Rejected,130.01292077014423,N/A,N/A,N/A,0.7470750017257228,0.0,0.0,0.0,STARLINK-5593,0,N/A,N/A,0.0,0.02056331045731811,False,0.0,0.0,0.0,10.41279720790461,0.013015996509880761,Insufficient Energy for CPU,N/A,N/A,N/A
1281,CPU_Intensive,Rejected,130.13660072271193,N/A,N/A,N/A,0.36553412644275,0.0,0.0,0.0,STARLINK-5593,0,N/A,N/A,0.0,0.08486066757168759,False,0.0,0.0,0.0,10.41279720790461,0.013015996509880761,Insufficient Energy for CPU,N/A,N/A,N/A
1283,CPU_and_Data_Intensive,Rejected,130.2406573819405,N/A,N/A,N/A,0.12345601356598472,0.0,0.0,0.0,STARLINK-5593,0,N/A,N/A,0.0,9.851866349911113,False,0.0,0.0,0.0,10.41279720790461,0.013015996509880761,Insufficient Energy for CPU+NET,N/A,N/A,N/A
1284,CPU_Intensive,Rejected,130.31647293715656,N/A,N/A,N/A,0.11008668113967664,0.0,0.0,0.0,STARLINK-5593,0,N/A,N/A,0.0,0.06485311662758778,False,0.0,0.0,0.0,10.41279720790461,0.013015996509880761,Insufficient Energy for CPU,N/A,N/A,N/A
1285,CPU_Intensive,Rejected,130.35005563749127,N/A,N/A,N/A,0.3549268563602933,0.0,0.0,0.0,STARLINK-5593,0,N/A,N/A,0.0,0.02637406878541411,False,0.0,0.0,0.0,10.41279720790461,0.013015996509880761,Insufficient Energy for CPU,N/A,N/A,N/A
1286,CPU_and_Data_Intensive,Rejected,130.3581371985696,N/A,N/A,N/A,0.7064640215810546,0.0,0.0,0.0,STARLINK-5593,0,N/A,N/A,0.0,1.3149948624861452,False,0.0,0.0,0.0,10.41279720790461,0.013015996509880761,Insufficient Energy for CPU+NET,N/A,N/A,N/A
1287,CPU_Intensive,Rejected,130.36927398279948,N/A,N/A,N/A,0.3604577097892714,0.0,0.0,0.0,STARLINK-5593,0,N/A,N/A,0.0,0.08244235369490134,False,0.0,0.0,0.0,10.41279720790461,0.013015996509880761,Insufficient Energy for CPU,N/A,N/A,N/A
1290,Generic_Service,Rejected,130.65259562680941,N/A,N/A,N/A,0.09223189739953488,0.0,0.0,0.0,STARLINK-5593,0,N/A,N/A,0.0,0.03324876559855211,False,0.0,0.0,0.0,10.41279720790461,0.013015996509880761,Insufficient Energy for CPU,N/A,N/A,N/A
1291,CPU_and_Data_Intensive,Rejected,130.92910937183194,N/A,N/A,N/A,0.27051844286107135,0.0,0.0,0.0,STARLINK-5593,0,N/A,N/A,0.0,2.0172302193436566,False,0.0,0.0,0.0,10.41279720790461,0.013015996509880761,Insufficient Energy for CPU+NET,N/A,N/A,N/A
1292,CPU_Intensive,Rejected,130.95112472789245,N/A,N/A,N/A,0.04033548600742344,0.0,0.0,0.0,STARLINK-5593,0,N/A,N/A,0.0,0.03161555028968327,False,0.0,0.0,0.0,10.41279720790461,0.013015996509880761,Insufficient Energy for CPU,N/A,N/A,N/A
1294,CPU_and_Data_Intensive,Rejected,131.09222006156543,N/A,N/A,N/A,1.1887971693284043,0.0,0.0,0.0,STARLINK-5593,0,N/A,N/A,0.0,21.69853612887157,False,0.0,0.0,0.0,10.41279720790461,0.013015996509880761,Insufficient Energy for CPU+NET,N/A,N/A,N/A
1295,CPU_Intensive,Rejected,131.35551999175993,N/A,N/A,N/A,0.4845178277025019,0.0,0.0,0.0,STARLINK-5593,0,N/A,N/A,0.0,0.03530573512683946,False,0.0,0.0,0.0,10.41279720790461,0.013015996509880761,Insufficient Energy for CPU,N/A,N/A,N/A
1296,Generic_Service,Rejected,131.4776109014625,N/A,N/A,N/A,0.032607507215666014,0.0,0.0,0.0,STARLINK-5593,0,N/A,N/A,0.0,0.06088966809559893,False,0.0,0.0,0.0,10.41279720790461,0.013015996509880761,Insufficient Energy for CPU,N/A,N/A,N/A
1297,CPU_Intensive,Rejected,131.49806692340957,N/A,N/A,N/A,0.8101371853651455,0.0,0.0,0.0,STARLINK-5593,0,N/A,N/A,0.0,0.07058384694948795,False,0.0,0.0,0.0,10.41279720790461,0.013015996509880761,Insufficient Energy for CPU,N/A,N/A,N/A
1298,CPU_Intensive,Rejected,131.58627618448054,N/A,N/A,N/A,0.07109727719144633,0.0,0.0,0.0,STARLINK-5593,0,N/A,N/A,0.0,0.025416351652907954,False,0.0,0.0,0.0,10.41279720790461,0.013015996509880761,Insufficient Energy for CPU,N/A,N/A,N/A
1299,Generic_Service,Rejected,131.61244135174732,N/A,N/A,N/A,0.030983061493394033,0.0,0.0,0.0,STARLINK-5593,0,N/A,N/A,0.0,0.08335571075333556,False,0.0,0.0,0.0,10.41279720790461,0.013015996509880761,Insufficient Energy for CPU,N/A,N/A,N/A
1300,CPU_and_Data_Intensive,Rejected,131.75360367302702,N/A,N/A,N/A,0.035755641638175566,0.0,0.0,0.0,STARLINK-5593,0,N/A,N/A,0.0,2.078907586394336,False,0.0,0.0,0.0,10.41279720790461,0.013015996509880761,Insufficient Energy for CPU+NET,N/A,N/A,N/A
1301,CPU_Intensive,Rejected,131.76518965282415,N/A,N/A,N/A,0.5043779415784859,0.0,0.0,0.0,STARLINK-5593,0,N/A,N/A,0.0,0.08763285233280999,False,0.0,0.0,0.0,10.41279720790461,0.013015996509880761,Insufficient Energy for CPU,N/A,N/A,N/A
1302,CPU_and_Data_Intensive,Rejected,131.98149125065893,N/A,N/A,N/A,0.5850285790866022,0.0,0.0,0.0,STARLINK-5593,0,N/A,N/A,0.0,12.613823460825781,False,0.0,0.0,0.0,10.41279720790461,0.013015996509880761,Insufficient Energy for CPU+NET,N/A,N/A,N/A
1303,CPU_Intensive,Rejected,132.01784157889958,N/A,N/A,N/A,0.0761739882813368,0.0,0.0,0.0,STARLINK-5593,0,N/A,N/A,0.0,0.041405570460448834,False,0.0,0.0,0.0,10.41279720790461,0.013015996509880761,Insufficient Energy for CPU,N/A,N/A,N/A
1306,CPU_Intensive,Rejected,132.41287380578777,N/A,N/A,N/A,0.8824833065207579,0.0,0.0,0.0,STARLINK-5593,0,N/A,N/A,0.0,0.022264456076885465,False,0.0,0.0,0.0,10.41279720790461,0.013015996509880761,Insufficient Energy for CPU,N/A,N/A,N/A
1305,CPU_and_Data_Intensive,Rejected,132.40974077126222,N/A,N/A,N/A,0.2565422066378002,0.0,0.0,0.0,STARLINK-5593,0,N/A,N/A,0.0,16.341037223575274,False,0.0,0.0,0.0,10.41279720790461,0.013015996509880761,Insufficient Energy for CPU+NET,N/A,N/A,N/A
1307,CPU_Intensive,Rejected,132.43311356224055,N/A,N/A,N/A,0.1174769783106064,0.0,0.0,0.0,STARLINK-5593,0,N/A,N/A,0.0,0.03890916948725936,False,0.0,0.0,0.0,10.41279720790461,0.013015996509880761,Insufficient Energy for CPU,N/A,N/A,N/A
1308,CPU_Intensive,Rejected,132.47136315570452,N/A,N/A,N/A,1.6385634631757044,0.0,0.0,0.0,STARLINK-5593,0,N/A,N/A,0.0,0.03488676084492521,False,0.0,0.0,0.0,10.41279720790461,0.013015996509880761,Insufficient Energy for CPU,N/A,N/A,N/A
1309,CPU_Intensive,Rejected,132.5255059389183,N/A,N/A,N/A,0.1526101515868858,0.0,0.0,0.0,STARLINK-5593,0,N/A,N/A,0.0,0.020895796403142847,False,0.0,0.0,0.0,10.41279720790461,0.013015996509880761,Insufficient Energy for CPU,N/A,N/A,N/A
1310,Generic_Service,Rejected,132.56179541567803,N/A,N/A,N/A,0.04350495105625794,0.0,0.0,0.0,STARLINK-5593,0,N/A,N/A,0.0,0.0530253571445237,False,0.0,0.0,0.0,10.41279720790461,0.013015996509880761,Insufficient Energy for CPU,N/A,N/A,N/A
1311,CPU_Intensive,Rejected,132.572700248305,N/A,N/A,N/A,0.04535701985655299,0.0,0.0,0.0,STARLINK-5593,0,N/A,N/A,0.0,0.0736524187508761,False,0.0,0.0,0.0,10.41279720790461,0.013015996509880761,Insufficient Energy for CPU,N/A,N/A,N/A
1312,CPU_and_Data_Intensive,Rejected,132.61593576259997,N/A,N/A,N/A,0.23164249632435424,0.0,0.0,0.0,STARLINK-5593,0,N/A,N/A,0.0,18.44233817431451,False,0.0,0.0,0.0,10.41279720790461,0.013015996509880761,Insufficient Energy for CPU+NET,N/A,N/A,N/A
1313,CPU_Intensive,Rejected,132.6548029796384,N/A,N/A,N/A,0.1141294698422409,0.0,0.0,0.0,STARLINK-5593,0,N/A,N/A,0.0,0.07909615427972298,False,0.0,0.0,0.0,10.41279720790461,0.013015996509880761,Insufficient Energy for CPU,N/A,N/A,N/A
1314,Generic_Service,Rejected,132.81826400860376,N/A,N/A,N/A,0.13615975093898114,0.0,0.0,0.0,STARLINK-5593,0,N/A,N/A,0.0,0.02307774079959741,False,0.0,0.0,0.0,10.41279720790461,0.013015996509880761,Insufficient Energy for CPU,N/A,N/A,N/A
1316,CPU_and_Data_Intensive,Rejected,133.03925930048652,N/A,N/A,N/A,1.695992506194938,0.0,0.0,0.0,STARLINK-5593,0,N/A,N/A,0.0,0.1360316364280669,False,0.0,0.0,0.0,10.41279720790461,0.013015996509880761,Insufficient Energy for CPU+NET,N/A,N/A,N/A
1317,Generic_Service,Rejected,133.0896199594239,N/A,N/A,N/A,0.09860974450896896,0.0,0.0,0.0,STARLINK-5593,0,N/A,N/A,0.0,0.05398446181884948,False,0.0,0.0,0.0,10.41279720790461,0.013015996509880761,Insufficient Energy for CPU,N/A,N/A,N/A
1318,CPU_Intensive,Rejected,133.1035630543954,N/A,N/A,N/A,0.05627232120580273,0.0,0.0,0.0,STARLINK-5593,0,N/A,N/A,0.0,0.046182578440070086,False,0.0,0.0,0.0,10.41279720790461,0.013015996509880761,Insufficient Energy for CPU,N/A,N/A,N/A
1319,CPU_and_Data_Intensive,Rejected,133.35352972761993,N/A,N/A,N/A,0.3328359862734972,0.0,0.0,0.0,STARLINK-5593,0,N/A,N/A,0.0,15.617440947035483,False,0.0,0.0,0.0,10.41279720790461,0.013015996509880761,Insufficient Energy for CPU+NET,N/A,N/A,N/A
1321,CPU_and_Data_Intensive,Rejected,133.42934100182737,N/A,N/A,N/A,0.1285435678165721,0.0,0.0,0.0,STARLINK-5593,0,N/A,N/A,0.0,8.826677936415194,False,0.0,0.0,0.0,10.41279720790461,0.013015996509880761,Insufficient Energy for CPU+NET,N/A,N/A,N/A
1322,CPU_and_Data_Intensive,Rejected,133.45050501073075,N/A,N/A,N/A,0.48152953241264107,0.0,0.0,0.0,STARLINK-5593,0,N/A,N/A,0.0,0.8366057685309319,False,0.0,0.0,0.0,10.41279720790461,0.013015996509880761,Insufficient Energy for CPU+NET,N/A,N/A,N/A
1323,CPU_Intensive,Rejected,133.8125151787603,N/A,N/A,N/A,0.033549411118985246,0.0,0.0,0.0,STARLINK-5593,0,N/A,N/A,0.0,0.06899924952729554,False,0.0,0.0,0.0,10.41279720790461,0.013015996509880761,Insufficient Energy for CPU,N/A,N/A,N/A
1324,Generic_Service,Rejected,133.8316971696245,N/A,N/A,N/A,0.036289602146771564,0.0,0.0,0.0,STARLINK-5593,0,N/A,N/A,0.0,0.039402300952445846,False,0.0,0.0,0.0,10.41279720790461,0.013015996509880761,Insufficient Energy for CPU,N/A,N/A,N/A
1326,CPU_and_Data_Intensive,Rejected,134.14232966918559,N/A,N/A,N/A,1.5220859245093452,0.0,0.0,0.0,STARLINK-5593,0,N/A,N/A,0.0,229.46447545684362,False,0.0,0.0,0.0,10.41279720790461,0.013015996509880761,Insufficient Energy for CPU+NET,N/A,N/A,N/A
41000,Batch,Completed,0,0,0.0,0.00682938284887255,0.00682938284887255,0.00682938284887255,0.00682938284887255,0.0,STARLINK-31821,0,N/A,0,0.0,14.683173125075982,True,0.0,0.00682938284887255,0.00682938284887255,80000,100.0,N/A,N/A,N/A,N/A
42000,Batch,Completed,0,0,0.0,0.16444826867466186,0.16444826867466186,0.16444826867466186,0.16444826867466186,0.0,STARLINK-31821,0,N/A,0,0.0,353.563777650523,True,0.0,0.16444826867466186,0.16444826867466186,79999.99317061715,99.99999146327143,N/A,N/A,N/A,N/A
44000,Batch,Completed,0,0,0.0,0.007864400994298531,0.007864400994298531,0.007864400994298531,0.007864400994298531,0.0,STARLINK-32762,0,N/A,0,0.0,16.908462137741843,True,0.0,0.007864400994298531,0.007864400994298531,80000,100.0,N/A,N/A,N/A,N/A
43000,Batch,Completed,0,0,0.0,0.22657586395129342,0.22657586395129342,0.22657586395129342,0.22657586395129342,0.0,STARLINK-32762,0,N/A,0,0.0,487.13810749528085,True,0.0,0.22657586395129342,0.22657586395129342,79999.99213559901,99.99999016949876,N/A,N/A,N/A,N/A
46000,Batch,Completed,0,0,0.0,0.09248226317570388,0.09248226317570388,0.09248226317570388,0.09248226317570388,0.0,STARLINK-33960,0,N/A,0,0.0,198.83686582776335,True,0.0,0.09248226317570388,0.09248226317570388,80000,100.0,N/A,N/A,N/A,N/A
45000,Batch,Completed,0,0,0.0,0.11054782913121525,0.11054782913121525,0.11054782913121525,0.11054782913121525,0.0,STARLINK-33960,0,N/A,0,0.0,237.67783263211277,True,0.0,0.11054782913121525,0.11054782913121525,79999.90751773682,99.99988439717103,N/A,N/A,N/A,N/A
47000,Batch,Completed,0,0,0.0,0.1438849732803939,0.1438849732803939,0.1438849732803939,0.1438849732803939,0.0,STARLINK-33960,0,N/A,0,0.0,309.3526925528469,True,0.0,0.1438849732803939,0.1438849732803939,79999.7969699077,99.99974621238462,N/A,N/A,N/A,N/A
48000,Batch,Completed,0,0,0.0,0.010638412878756371,0.010638412878756371,0.010638412878756371,0.010638412878756371,0.0,STARLINK-5352,0,N/A,0,0.0,22.8725876893262,True,0.0,0.010638412878756371,0.010638412878756371,80000,100.0,N/A,N/A,N/A,N/A
49000,Batch,Completed,0,0,0.0,0.0012922985800588082,0.0012922985800588082,0.0012922985800588082,0.0012922985800588082,0.0,STARLINK-6086,0,N/A,0,0.0,2.7784419471264377,True,0.0,0.0012922985800588082,0.0012922985800588082,80000,100.0,N/A,N/A,N/A,N/A
51000,Batch,Completed,0,0,0.0,0.008857167419724329,0.008857167419724329,0.008857167419724329,0.008857167419724329,0.0,STARLINK-2604,0,N/A,0,0.0,19.042909952407307,True,0.0,0.008857167419724329,0.008857167419724329,80000,100.0,N/A,N/A,N/A,N/A
50000,Batch,Completed,0,0,0.0,0.23164984483530113,0.23164984483530113,0.23164984483530113,0.23164984483530113,0.0,STARLINK-2604,0,N/A,0,0.0,498.0471663958974,True,0.0,0.23164984483530113,0.23164984483530113,79999.99114283259,99.99998892854073,N/A,N/A,N/A,N/A
52000,Batch,Completed,0,0,0.0,0.0045264100161013995,0.0045264100161013995,0.0045264100161013995,0.0045264100161013995,0.0,STARLINK-4730,0,N/A,0,0.0,9.731781534618008,True,0.0,0.0045264100161013995,0.0045264100161013995,80000,100.0,N/A,N/A,N/A,N/A
53000,Batch,Completed,0,0,0.0,0.011006781679963443,0.011006781679963443,0.011006781679963443,0.011006781679963443,0.0,STARLINK-31863,0,N/A,0,0.0,23.664580611921405,True,0.0,0.011006781679963443,0.011006781679963443,80000,100.0,N/A,N/A,N/A,N/A
54000,Batch,Completed,0,0,0.0,0.1690681229341329,0.1690681229341329,0.1690681229341329,0.1690681229341329,0.0,STARLINK-34413,0,N/A,0,0.0,363.4964643083857,True,0.0,0.1690681229341329,0.1690681229341329,80000,100.0,N/A,N/A,N/A,N/A
55000,Batch,Completed,0,0,0.0,0.003594594929744484,0.003594594929744484,0.003594594929744484,0.003594594929744484,0.0,STARLINK-6366,0,N/A,0,0.0,7.728379098950641,True,0.0,0.003594594929744484,0.003594594929744484,80000,100.0,N/A,N/A,N/A,N/A
56000,Batch,Completed,0,0,0.0,0.004533548861163735,0.004533548861163735,0.004533548861163735,0.004533548861163735,0.0,STARLINK-6366,0,N/A,0,0.0,9.74713005150203,True,0.0,0.004533548861163735,0.004533548861163735,79999.99640540507,99.99999550675633,N/A,N/A,N/A,N/A
57000,Batch,Completed,0,0,0.0,0.007656132480730188,0.007656132480730188,0.007656132480730188,0.007656132480730188,0.0,STARLINK-6366,0,N/A,0,0.0,16.460684833569903,True,0.0,0.007656132480730188,0.007656132480730188,79999.99187185621,99.99998983982027,N/A,N/A,N/A,N/A
58000,Batch,Completed,0,0,0.0,0.005133853741874105,0.005133853741874105,0.005133853741874105,0.005133853741874105,0.0,STARLINK-5634,0,N/A,0,0.0,11.037785545029326,True,0.0,0.005133853741874105,0.005133853741874105,80000,100.0,N/A,N/A,N/A,N/A
59000,Batch,Completed,0,0,0.0,0.00611302880873163,0.00611302880873163,0.00611302880873163,0.00611302880873163,0.0,STARLINK-4026,0,N/A,0,0.0,13.143011938773004,True,0.0,0.00611302880873163,0.00611302880873163,80000,100.0,N/A,N/A,N/A,N/A
60000,Batch,Completed,0,0,0.0,0.1098644606704491,0.1098644606704491,0.1098644606704491,0.1098644606704491,0.0,STARLINK-5619,0,N/A,0,0.0,236.20859044146556,True,0.0,0.1098644606704491,0.1098644606704491,80000,100.0,N/A,N/A,N/A,N/A
61000,Batch,Completed,0,0,0.0,0.0013923217526744898,0.0013923217526744898,0.0013923217526744898,0.0013923217526744898,0.0,STARLINK-35004,0,N/A,0,0.0,2.993491768250153,True,0.0,0.0013923217526744898,0.0013923217526744898,80000,100.0,N/A,N/A,N/A,N/A
63000,Batch,Completed,0,0,0.0,0.0069779154786110825,0.0069779154786110825,0.0069779154786110825,0.0069779154786110825,0.0,STARLINK-35004,0,N/A,0,0.0,15.002518279013827,True,0.0,0.0069779154786110825,0.0069779154786110825,79999.99860767825,99.99999825959782,N/A,N/A,N/A,N/A
62000,Batch,Completed,0,0,0.0,0.07108784766415034,0.07108784766415034,0.07108784766415034,0.07108784766415034,0.0,STARLINK-35004,0,N/A,0,0.0,152.83887247792325,True,0.0,0.07108784766415034,0.07108784766415034,79999.99162976278,99.99998953720348,N/A,N/A,N/A,N/A
65000,Batch,Completed,0,0,0.0,0.003947929830757419,0.003947929830757419,0.003947929830757419,0.003947929830757419,0.0,STARLINK-34784,0,N/A,0,0.0,8.488049136128451,True,0.0,0.003947929830757419,0.003947929830757419,80000,100.0,N/A,N/A,N/A,N/A
64000,Batch,Completed,0,0,0.0,0.006361926178216255,0.006361926178216255,0.006361926178216255,0.006361926178216255,0.0,STARLINK-34784,0,N/A,0,0.0,13.678141283164948,True,0.0,0.006361926178216255,0.006361926178216255,79999.99605207017,99.99999506508772,N/A,N/A,N/A,N/A
66000,Batch,Completed,0,0,0.0,0.005704134507467548,0.005704134507467548,0.005704134507467548,0.005704134507467548,0.0,STARLINK-5426,0,N/A,0,0.0,12.263889191055227,True,0.0,0.005704134507467548,0.005704134507467548,80000,100.0,N/A,N/A,N/A,N/A
67000,Batch,Completed,0,0,0.0,0.11832554585472586,0.11832554585472586,0.11832554585472586,0.11832554585472586,0.0,STARLINK-5426,0,N/A,0,0.0,254.3999235876606,True,0.0,0.11832554585472586,0.11832554585472586,79999.99429586549,99.99999286983186,N/A,N/A,N/A,N/A
68000,Batch,Completed,0,0,0.0,0.22060023536178475,0.22060023536178475,0.22060023536178475,0.22060023536178475,0.0,STARLINK-35010,0,N/A,0,0.0,474.2905060278372,True,0.0,0.22060023536178475,0.22060023536178475,80000,100.0,N/A,N/A,N/A,N/A
71000,Batch,Completed,0,0,0.0,0.1276897962896192,0.1276897962896192,0.1276897962896192,0.1276897962896192,0.0,STARLINK-30205,0,N/A,0,0.0,274.5330620226813,True,0.0,0.1276897962896192,0.1276897962896192,80000,100.0,N/A,N/A,N/A,N/A
69000,Batch,Completed,0,0,0.0,0.1602328846478702,0.1602328846478702,0.1602328846478702,0.1602328846478702,0.0,STARLINK-30205,0,N/A,0,0.0,344.50070199292094,True,0.0,0.1602328846478702,0.1602328846478702,79999.8723102037,99.99984038775463,N/A,N/A,N/A,N/A
70000,Batch,Completed,0,0,0.0,0.22390520431813696,0.22390520431813696,0.22390520431813696,0.22390520431813696,0.0,STARLINK-30205,0,N/A,0,0.0,481.3961892839945,True,0.0,0.22390520431813696,0.22390520431813696,79999.71207731905,99.99964009664882,N/A,N/A,N/A,N/A
73000,Batch,Completed,0,0,0.0,0.0038330720951772436,0.0038330720951772436,0.0038330720951772436,0.0038330720951772436,0.0,STARLINK-31191,0,N/A,0,0.0,8.241105004631073,True,0.0,0.0038330720951772436,0.0038330720951772436,80000,100.0,N/A,N/A,N/A,N/A
72000,Batch,Completed,0,0,0.0,0.21923018000012293,0.21923018000012293,0.21923018000012293,0.21923018000012293,0.0,STARLINK-31191,0,N/A,0,0.0,471.3448870002643,True,0.0,0.21923018000012293,0.21923018000012293,79999.9961669279,99.99999520865987,N/A,N/A,N/A,N/A
74000,Batch,Completed,0,0,0.0,0.0015201585910609024,0.0015201585910609024,0.0015201585910609024,0.0015201585910609024,0.0,STARLINK-4705,0,N/A,0,0.0,3.2683409707809403,True,0.0,0.0015201585910609024,0.0015201585910609024,80000,100.0,N/A,N/A,N/A,N/A
75000,Batch,Completed,0,0,0.0,0.0072486683297283356,0.0072486683297283356,0.0072486683297283356,0.0072486683297283356,0.0,STARLINK-4705,0,N/A,0,0.0,15.584636908915922,True,0.0,0.0072486683297283356,0.0072486683297283356,79999.99847984141,99.99999809980176,N/A,N/A,N/A,N/A
76000,Batch,Completed,0,0,0.0,0.15637566595616822,0.15637566595616822,0.15637566595616822,0.15637566595616822,0.0,STARLINK-4705,0,N/A,0,0.0,336.2076818057617,True,0.0,0.15637566595616822,0.15637566595616822,79999.99123117307,99.99998903896635,N/A,N/A,N/A,N/A
78000,Batch,Completed,0,0,0.0,0.004729790747345839,0.004729790747345839,0.004729790747345839,0.004729790747345839,0.0,STARLINK-3579,0,N/A,0,0.0,10.169050106793554,True,0.0,0.004729790747345839,0.004729790747345839,80000,100.0,N/A,N/A,N/A,N/A
77000,Batch,Completed,0,0,0.0,0.08469430897687032,0.08469430897687032,0.08469430897687032,0.08469430897687032,0.0,STARLINK-3579,0,N/A,0,0.0,182.09276430027117,True,0.0,0.08469430897687032,0.08469430897687032,79999.99527020926,99.99999408776156,N/A,N/A,N/A,N/A
79000,Batch,Completed,0,0,0.0,0.15787316999695114,0.15787316999695114,0.15787316999695114,0.15787316999695114,0.0,STARLINK-3579,0,N/A,0,0.0,339.42731549344495,True,0.0,0.15787316999695114,0.15787316999695114,79999.91057590029,99.99988821987536,N/A,N/A,N/A,N/A
80000,Batch,Completed,0,0,0.0,0.18409927232109635,0.18409927232109635,0.18409927232109635,0.18409927232109635,0.0,STARLINK-32770,0,N/A,0,0.0,395.81343549035716,True,0.0,0.18409927232109635,0.18409927232109635,80000,100.0,N/A,N/A,N/A,N/A
82000,Batch,Completed,0,0,0.0,0.003951144543883953,0.003951144543883953,0.003951144543883953,0.003951144543883953,0.0,STARLINK-30424,0,N/A,0,0.0,8.494960769350499,True,0.0,0.003951144543883953,0.003951144543883953,80000,100.0,N/A,N/A,N/A,N/A
81000,Batch,Completed,0,0,0.0,0.12570556932502552,0.12570556932502552,0.12570556932502552,0.12570556932502552,0.0,STARLINK-30424,0,N/A,0,0.0,270.26697404880485,True,0.0,0.12570556932502552,0.12570556932502552,79999.99604885545,99.99999506106931,N/A,N/A,N/A,N/A
83000,Batch,Completed,0,0,0.0,0.1113654127335461,0.1113654127335461,0.1113654127335461,0.1113654127335461,0.0,STARLINK-32487,0,N/A,0,0.0,239.4356373771241,True,0.0,0.1113654127335461,0.1113654127335461,80000,100.0,N/A,N/A,N/A,N/A
86000,Batch,Completed,0,0,0.0,0.0028813342707221744,0.0028813342707221744,0.0028813342707221744,0.0028813342707221744,0.0,STARLINK-3973,0,N/A,0,0.0,6.194868682052675,True,0.0,0.0028813342707221744,0.0028813342707221744,80000,100.0,N/A,N/A,N/A,N/A
85000,Batch,Completed,0,0,0.0,0.0038944439589220815,0.0038944439589220815,0.0038944439589220815,0.0038944439589220815,0.0,STARLINK-3973,0,N/A,0,0.0,8.373054511682476,True,0.0,0.0038944439589220815,0.0038944439589220815,79999.99711866573,99.99999639833217,N/A,N/A,N/A,N/A
84000,Batch,Completed,0,0,0.0,0.008020313003909795,0.008020313003909795,0.008020313003909795,0.008020313003909795,0.0,STARLINK-3973,0,N/A,0,0.0,17.24367295840606,True,0.0,0.008020313003909795,0.008020313003909795,79999.99322422178,99.99999153027723,N/A,N/A,N/A,N/A
88000,Batch,Completed,0,0,0.0,0.009615450959775337,0.009615450959775337,0.009615450959775337,0.009615450959775337,0.0,STARLINK-2429,0,N/A,0,0.0,20.673219563516973,True,0.0,0.009615450959775337,0.009615450959775337,80000,100.0,N/A,N/A,N/A,N/A
87000,Batch,Completed,0,0,0.0,0.009923478847771493,0.009923478847771493,0.009923478847771493,0.009923478847771493,0.0,STARLINK-2429,0,N/A,0,0.0,21.33547952270871,True,0.0,0.009923478847771493,0.009923478847771493,79999.99038454903,99.99998798068629,N/A,N/A,N/A,N/A
89000,Batch,Completed,0,0,0.0,0.17885804208266098,0.17885804208266098,0.17885804208266098,0.17885804208266098,0.0,STARLINK-2429,0,N/A,0,0.0,384.5447904777211,True,0.0,0.17885804208266098,0.17885804208266098,79999.98046107018,99.99997557633773,N/A,N/A,N/A,N/A
19000,Batch,Completed,0,0,0.0,0.0011347291882947354,0.0011347291882947354,0.0011347291882947354,0.0011347291882947354,0.0,STARLINK-32754,0,N/A,0,0.0,2.439667754833681,False,0.0,0.0011347291882947354,0.0011347291882947354,79999.99886527081,99.99999858158851,N/A,N/A,N/A,N/A
4000,Batch,Completed,0,0,0.0,0.001165162259296732,0.001165162259296732,0.001165162259296732,0.001165162259296732,0.0,STARLINK-31717,0,N/A,0,0.0,2.505098857487974,False,0.0,0.001165162259296732,0.001165162259296732,79999.99883483774,99.99999854354718,N/A,N/A,N/A,N/A
36000,Batch,Completed,0,0,0.0,0.0012293887096235837,0.0012293887096235837,0.0012293887096235837,0.0012293887096235837,0.0,STARLINK-3989,0,N/A,0,0.0,2.643185725690705,False,0.0,0.0012293887096235837,0.0012293887096235837,79999.99877061129,99.9999984632641,N/A,N/A,N/A,N/A
49000,Batch,Completed,0,0,0.0,0.0012922985800588082,0.0012922985800588082,0.0012922985800588082,0.0012922985800588082,0.0,STARLINK-6086,0,N/A,0,0.0,2.7784419471264377,False,0.0,0.0012922985800588082,0.0012922985800588082,79999.99870770142,99.99999838462678,N/A,N/A,N/A,N/A
33000,Batch,Completed,0,0,0.0,0.0013456716540633988,0.0013456716540633988,0.0013456716540633988,0.0013456716540633988,0.0,STARLINK-5258,0,N/A,0,0.0,2.8931940562363074,False,0.0,0.0013456716540633988,0.0013456716540633988,79999.99865432834,99.99999831791044,N/A,N/A,N/A,N/A
61000,Batch,Completed,0,0,0.0,0.0013923217526744898,0.0013923217526744898,0.0013923217526744898,0.0013923217526744898,0.0,STARLINK-35004,0,N/A,0,0.0,2.993491768250153,False,0.0,0.0013923217526744898,0.0013923217526744898,79999.99860767825,99.99999825959782,N/A,N/A,N/A,N/A
74000,Batch,Completed,0,0,0.0,0.0015201585910609024,0.0015201585910609024,0.0015201585910609024,0.0015201585910609024,0.0,STARLINK-4705,0,N/A,0,0.0,3.2683409707809403,False,0.0,0.0015201585910609024,0.0015201585910609024,79999.99847984141,99.99999809980176,N/A,N/A,N/A,N/A
86000,Batch,Completed,0,0,0.0,0.0028813342707221744,0.0028813342707221744,0.0028813342707221744,0.0028813342707221744,0.0,STARLINK-3973,0,N/A,0,0.0,6.194868682052675,False,0.0,0.0028813342707221744,0.0028813342707221744,79999.99711866573,99.99999639833217,N/A,N/A,N/A,N/A
11000,Batch,Completed,0,0,0.0,0.0034697485061905486,0.0034697485061905486,0.0034697485061905486,0.0034697485061905486,0.0,STARLINK-30106,0,N/A,0,0.0,7.45995928830968,False,0.0,0.0034697485061905486,0.0034697485061905486,79999.99653025149,99.99999566281437,N/A,N/A,N/A,N/A
29000,Batch,Completed,0,0,0.0,0.003473367724591905,0.003473367724591905,0.003473367724591905,0.003473367724591905,0.0,STARLINK-4181,0,N/A,0,0.0,7.467740607872596,False,0.0,0.003473367724591905,0.003473367724591905,79999.99652663227,99.99999565829035,N/A,N/A,N/A,N/A
55000,Batch,Completed,0,0,0.0,0.003594594929744484,0.003594594929744484,0.003594594929744484,0.003594594929744484,0.0,STARLINK-6366,0,N/A,0,0.0,7.728379098950641,False,0.0,0.003594594929744484,0.003594594929744484,79999.99640540507,99.99999550675633,N/A,N/A,N/A,N/A
73000,Batch,Completed,0,0,0.0,0.0038330720951772436,0.0038330720951772436,0.0038330720951772436,0.0038330720951772436,0.0,STARLINK-31191,0,N/A,0,0.0,8.241105004631073,False,0.0,0.0038330720951772436,0.0038330720951772436,79999.9961669279,99.99999520865987,N/A,N/A,N/A,N/A
85000,Batch,Completed,0,0,0.0,0.0038944439589220815,0.0038944439589220815,0.0038944439589220815,0.0038944439589220815,0.0,STARLINK-3973,0,N/A,0,0.0,8.373054511682476,False,0.0,0.0038944439589220815,0.0038944439589220815,79999.99322422178,99.99999153027723,N/A,N/A,N/A,N/A
65000,Batch,Completed,0,0,0.0,0.003947929830757419,0.003947929830757419,0.003947929830757419,0.003947929830757419,0.0,STARLINK-34784,0,N/A,0,0.0,8.488049136128451,False,0.0,0.003947929830757419,0.003947929830757419,79999.99605207017,99.99999506508772,N/A,N/A,N/A,N/A
82000,Batch,Completed,0,0,0.0,0.003951144543883953,0.003951144543883953,0.003951144543883953,0.003951144543883953,0.0,STARLINK-30424,0,N/A,0,0.0,8.494960769350499,False,0.0,0.003951144543883953,0.003951144543883953,79999.99604885545,99.99999506106931,N/A,N/A,N/A,N/A
38000,Batch,Completed,0,0,0.0,0.004427528152934752,0.004427528152934752,0.004427528152934752,0.004427528152934752,0.0,STARLINK-35201,0,N/A,0,0.0,9.519185528809716,False,0.0,0.004427528152934752,0.004427528152934752,79999.99557247185,99.99999446558981,N/A,N/A,N/A,N/A
52000,Batch,Completed,0,0,0.0,0.0045264100161013995,0.0045264100161013995,0.0045264100161013995,0.0045264100161013995,0.0,STARLINK-4730,0,N/A,0,0.0,9.731781534618008,False,0.0,0.0045264100161013995,0.0045264100161013995,79999.99547358998,99.99999434198747,N/A,N/A,N/A,N/A
56000,Batch,Completed,0,0,0.0,0.004533548861163735,0.004533548861163735,0.004533548861163735,0.004533548861163735,0.0,STARLINK-6366,0,N/A,0,0.0,9.74713005150203,False,0.0,0.004533548861163735,0.004533548861163735,79999.99187185621,99.99998983982027,N/A,N/A,N/A,N/A
78000,Batch,Completed,0,0,0.0,0.004729790747345839,0.004729790747345839,0.004729790747345839,0.004729790747345839,0.0,STARLINK-3579,0,N/A,0,0.0,10.169050106793554,False,0.0,0.004729790747345839,0.004729790747345839,79999.99527020926,99.99999408776156,N/A,N/A,N/A,N/A
58000,Batch,Completed,0,0,0.0,0.005133853741874105,0.005133853741874105,0.005133853741874105,0.005133853741874105,0.0,STARLINK-5634,0,N/A,0,0.0,11.037785545029326,False,0.0,0.005133853741874105,0.005133853741874105,79999.99486614625,99.99999358268282,N/A,N/A,N/A,N/A
66000,Batch,Completed,0,0,0.0,0.005704134507467548,0.005704134507467548,0.005704134507467548,0.005704134507467548,0.0,STARLINK-5426,0,N/A,0,0.0,12.263889191055227,False,0.0,0.005704134507467548,0.005704134507467548,79999.99429586549,99.99999286983186,N/A,N/A,N/A,N/A
59000,Batch,Completed,0,0,0.0,0.00611302880873163,0.00611302880873163,0.00611302880873163,0.00611302880873163,0.0,STARLINK-4026,0,N/A,0,0.0,13.143011938773004,False,0.0,0.00611302880873163,0.00611302880873163,79999.99388697119,99.99999235871398,N/A,N/A,N/A,N/A
64000,Batch,Completed,0,0,0.0,0.006361926178216255,0.006361926178216255,0.006361926178216255,0.006361926178216255,0.0,STARLINK-34784,0,N/A,0,0.0,13.678141283164948,False,0.0,0.006361926178216255,0.006361926178216255,79999.989690144,99.99998711267999,N/A,N/A,N/A,N/A
23000,Batch,Completed,0,0,0.0,0.006804160486288041,0.006804160486288041,0.006804160486288041,0.006804160486288041,0.0,STARLINK-31612,0,N/A,0,0.0,14.628945045519288,False,0.0,0.006804160486288041,0.006804160486288041,79999.99319583952,99.9999914947994,N/A,N/A,N/A,N/A
41000,Batch,Completed,0,0,0.0,0.00682938284887255,0.00682938284887255,0.00682938284887255,0.00682938284887255,0.0,STARLINK-31821,0,N/A,0,0.0,14.683173125075982,False,0.0,0.00682938284887255,0.00682938284887255,79999.99317061715,99.99999146327143,N/A,N/A,N/A,N/A
63000,Batch,Completed,0,0,0.0,0.0069779154786110825,0.0069779154786110825,0.0069779154786110825,0.0069779154786110825,0.0,STARLINK-35004,0,N/A,0,0.0,15.002518279013827,False,0.0,0.0069779154786110825,0.0069779154786110825,79999.99162976278,99.99998953720348,N/A,N/A,N/A,N/A
75000,Batch,Completed,0,0,0.0,0.0072486683297283356,0.0072486683297283356,0.0072486683297283356,0.0072486683297283356,0.0,STARLINK-4705,0,N/A,0,0.0,15.584636908915922,False,0.0,0.0072486683297283356,0.0072486683297283356,79999.99123117307,99.99998903896635,N/A,N/A,N/A,N/A
57000,Batch,Completed,0,0,0.0,0.007656132480730188,0.007656132480730188,0.007656132480730188,0.007656132480730188,0.0,STARLINK-6366,0,N/A,0,0.0,16.460684833569903,False,0.0,0.007656132480730188,0.007656132480730188,79999.98421572373,99.99998026965467,N/A,N/A,N/A,N/A
44000,Batch,Completed,0,0,0.0,0.007864400994298531,0.007864400994298531,0.007864400994298531,0.007864400994298531,0.0,STARLINK-32762,0,N/A,0,0.0,16.908462137741843,False,0.0,0.007864400994298531,0.007864400994298531,79999.99213559901,99.99999016949876,N/A,N/A,N/A,N/A
22000,Batch,Completed,0,0,0.0,0.008007700616507527,0.008007700616507527,0.008007700616507527,0.008007700616507527,0.0,STARLINK-6261,0,N/A,0,0.0,17.216556325491183,False,0.0,0.008007700616507527,0.008007700616507527,79999.99199229939,99.99998999037423,N/A,N/A,N/A,N/A
84000,Batch,Completed,0,0,0.0,0.008020313003909795,0.008020313003909795,0.008020313003909795,0.008020313003909795,0.0,STARLINK-3973,0,N/A,0,0.0,17.24367295840606,False,0.0,0.008020313003909795,0.008020313003909795,79999.98520390877,99.99998150488597,N/A,N/A,N/A,N/A
13000,Batch,Completed,0,0,0.0,0.00810505609532637,0.00810505609532637,0.00810505609532637,0.00810505609532637,0.0,STARLINK-34101,0,N/A,0,0.0,17.425870604951694,False,0.0,0.00810505609532637,0.00810505609532637,79999.9918949439,99.99998986867988,N/A,N/A,N/A,N/A
15000,Batch,Completed,0,0,0.0,0.008403333782229398,0.008403333782229398,0.008403333782229398,0.008403333782229398,0.0,STARLINK-6168,0,N/A,0,0.0,18.067167631793208,False,0.0,0.008403333782229398,0.008403333782229398,79999.99159666622,99.99998949583278,N/A,N/A,N/A,N/A
14000,Batch,Completed,0,0,0.0,0.008416558922943261,0.008416558922943261,0.008416558922943261,0.008416558922943261,0.0,STARLINK-6168,0,N/A,0,0.0,18.09560168432801,False,0.0,0.008416558922943261,0.008416558922943261,79999.9831801073,99.99997897513413,N/A,N/A,N/A,N/A
51000,Batch,Completed,0,0,0.0,0.008857167419724329,0.008857167419724329,0.008857167419724329,0.008857167419724329,0.0,STARLINK-2604,0,N/A,0,0.0,19.042909952407307,False,0.0,0.008857167419724329,0.008857167419724329,79999.99114283259,99.99998892854073,N/A,N/A,N/A,N/A
28000,Batch,Completed,0,0,0.0,0.009211078629183514,0.009211078629183514,0.009211078629183514,0.009211078629183514,0.0,STARLINK-4181,0,N/A,0,0.0,19.803819052744554,False,0.0,0.009211078629183514,0.009211078629183514,79999.98731555363,99.99998414444204,N/A,N/A,N/A,N/A
88000,Batch,Completed,0,0,0.0,0.009615450959775337,0.009615450959775337,0.009615450959775337,0.009615450959775337,0.0,STARLINK-2429,0,N/A,0,0.0,20.673219563516973,False,0.0,0.009615450959775337,0.009615450959775337,79999.99038454903,99.99998798068629,N/A,N/A,N/A,N/A
24000,Batch,Completed,0,0,0.0,0.009731587074180818,0.009731587074180818,0.009731587074180818,0.009731587074180818,0.0,STARLINK-34915,0,N/A,0,0.0,20.922912209488757,False,0.0,0.009731587074180818,0.009731587074180818,79999.99026841292,99.99998783551615,N/A,N/A,N/A,N/A
87000,Batch,Completed,0,0,0.0,0.009923478847771493,0.009923478847771493,0.009923478847771493,0.009923478847771493,0.0,STARLINK-2429,0,N/A,0,0.0,21.33547952270871,False,0.0,0.009923478847771493,0.009923478847771493,79999.98046107018,99.99997557633773,N/A,N/A,N/A,N/A
21000,Batch,Completed,0,0,0.0,0.010141950402624358,0.010141950402624358,0.010141950402624358,0.010141950402624358,0.0,STARLINK-6261,0,N/A,0,0.0,21.80519336564237,False,0.0,0.010141950402624358,0.010141950402624358,79999.98185034898,99.99997731293622,N/A,N/A,N/A,N/A
31000,Batch,Completed,0,0,0.0,0.010554327560354938,0.010554327560354938,0.010554327560354938,0.010554327560354938,0.0,STARLINK-4386,0,N/A,0,0.0,22.691804254763117,False,0.0,0.010554327560354938,0.010554327560354938,79999.98944567244,99.99998680709055,N/A,N/A,N/A,N/A
48000,Batch,Completed,0,0,0.0,0.010638412878756371,0.010638412878756371,0.010638412878756371,0.010638412878756371,0.0,STARLINK-5352,0,N/A,0,0.0,22.8725876893262,False,0.0,0.010638412878756371,0.010638412878756371,79999.98936158713,99.99998670198391,N/A,N/A,N/A,N/A
6000,Batch,Completed,0,0,0.0,0.010722001660161072,0.010722001660161072,0.010722001660161072,0.010722001660161072,0.0,STARLINK-31164,0,N/A,0,0.0,23.052303569346304,False,0.0,0.010722001660161072,0.010722001660161072,79999.98927799833,99.99998659749791,N/A,N/A,N/A,N/A
53000,Batch,Completed,0,0,0.0,0.011006781679963443,0.011006781679963443,0.011006781679963443,0.011006781679963443,0.0,STARLINK-31863,0,N/A,0,0.0,23.664580611921405,False,0.0,0.011006781679963443,0.011006781679963443,79999.98899321831,99.9999862415229,N/A,N/A,N/A,N/A
26000,Batch,Completed,0,0,0.0,0.011105872360225984,0.011105872360225984,0.011105872360225984,0.011105872360225984,0.0,STARLINK-30837,0,N/A,0,0.0,23.877625574485865,False,0.0,0.011105872360225984,0.011105872360225984,79999.98889412764,99.99998611765956,N/A,N/A,N/A,N/A
40000,Batch,Completed,0,0,0.0,0.06522160599514237,0.06522160599514237,0.06522160599514237,0.06522160599514237,0.0,STARLINK-35201,0,N/A,0,0.0,140.2264528895561,False,0.0,0.06522160599514237,0.06522160599514237,79999.93035086585,99.99991293858231,N/A,N/A,N/A,N/A
12000,Batch,Completed,0,0,0.0,0.07058487121186342,0.07058487121186342,0.07058487121186342,0.07058487121186342,0.0,STARLINK-34101,0,N/A,0,0.0,151.75747310550636,False,0.0,0.07058487121186342,0.07058487121186342,79999.92131007269,99.99990163759087,N/A,N/A,N/A,N/A
62000,Batch,Completed,0,0,0.0,0.07108784766415034,0.07108784766415034,0.07108784766415034,0.07108784766415034,0.0,STARLINK-35004,0,N/A,0,0.0,152.83887247792325,False,0.0,0.07108784766415034,0.07108784766415034,79999.92054191511,99.9999006773939,N/A,N/A,N/A,N/A
3000,Batch,Completed,0,0,0.0,0.07398390698959356,0.07398390698959356,0.07398390698959356,0.07398390698959356,0.0,STARLINK-11667 [DTC],0,N/A,0,0.0,159.06540002762617,False,0.0,0.07398390698959356,0.07398390698959356,79999.92601609301,99.99990752011627,N/A,N/A,N/A,N/A
27000,Batch,Completed,0,0,0.0,0.07846971812087358,0.07846971812087358,0.07846971812087358,0.07846971812087358,0.0,STARLINK-4181,0,N/A,0,0.0,168.7098939598782,False,0.0,0.07846971812087358,0.07846971812087358,79999.90884583551,99.99988605729439,N/A,N/A,N/A,N/A
77000,Batch,Completed,0,0,0.0,0.08469430897687032,0.08469430897687032,0.08469430897687032,0.08469430897687032,0.0,STARLINK-3579,0,N/A,0,0.0,182.09276430027117,False,0.0,0.08469430897687032,0.08469430897687032,79999.91057590029,99.99988821987536,N/A,N/A,N/A,N/A
37000,Batch,Completed,0,0,0.0,0.08947691485854464,0.08947691485854464,0.08947691485854464,0.08947691485854464,0.0,STARLINK-6045,0,N/A,0,0.0,192.37536694587098,False,0.0,0.08947691485854464,0.08947691485854464,79999.91052308514,99.99988815385643,N/A,N/A,N/A,N/A
46000,Batch,Completed,0,0,0.0,0.09248226317570388,0.09248226317570388,0.09248226317570388,0.09248226317570388,0.0,STARLINK-33960,0,N/A,0,0.0,198.83686582776335,False,0.0,0.09248226317570388,0.09248226317570388,79999.90751773682,99.99988439717103,N/A,N/A,N/A,N/A
8000,Batch,Completed,0,0,0.0,0.09792262537885428,0.09792262537885428,0.09792262537885428,0.09792262537885428,0.0,STARLINK-2370,0,N/A,0,0.0,210.5336445645367,False,0.0,0.09792262537885428,0.09792262537885428,79999.90207737462,99.99987759671826,N/A,N/A,N/A,N/A
7000,Batch,Completed,0,0,0.0,0.10981466352354596,0.10981466352354596,0.10981466352354596,0.10981466352354596,0.0,STARLINK-31164,0,N/A,0,0.0,236.1015265756238,False,0.0,0.10981466352354596,0.10981466352354596,79999.87946333482,99.99984932916853,N/A,N/A,N/A,N/A
60000,Batch,Completed,0,0,0.0,0.1098644606704491,0.1098644606704491,0.1098644606704491,0.1098644606704491,0.0,STARLINK-5619,0,N/A,0,0.0,236.20859044146556,False,0.0,0.1098644606704491,0.1098644606704491,79999.89013553933,99.99986266942416,N/A,N/A,N/A,N/A
45000,Batch,Completed,0,0,0.0,0.11054782913121525,0.11054782913121525,0.11054782913121525,0.11054782913121525,0.0,STARLINK-33960,0,N/A,0,0.0,237.67783263211277,False,0.0,0.11054782913121525,0.11054782913121525,79999.7969699077,99.99974621238462,N/A,N/A,N/A,N/A
83000,Batch,Completed,0,0,0.0,0.1113654127335461,0.1113654127335461,0.1113654127335461,0.1113654127335461,0.0,STARLINK-32487,0,N/A,0,0.0,239.4356373771241,False,0.0,0.1113654127335461,0.1113654127335461,79999.88863458726,99.99986079323408,N/A,N/A,N/A,N/A
5000,Batch,Completed,0,0,0.0,0.11301085837606582,0.11301085837606582,0.11301085837606582,0.11301085837606582,0.0,STARLINK-31717,0,N/A,0,0.0,242.9733455085415,False,0.0,0.11301085837606582,0.11301085837606582,79999.88582397936,99.99985727997421,N/A,N/A,N/A,N/A
67000,Batch,Completed,0,0,0.0,0.11832554585472586,0.11832554585472586,0.11832554585472586,0.11832554585472586,0.0,STARLINK-5426,0,N/A,0,0.0,254.3999235876606,False,0.0,0.11832554585472586,0.11832554585472586,79999.87597031963,99.99984496289953,N/A,N/A,N/A,N/A
35000,Batch,Completed,0,0,0.0,0.1190721984213442,0.1190721984213442,0.1190721984213442,0.1190721984213442,0.0,STARLINK-3989,0,N/A,0,0.0,256.00522660589,False,0.0,0.1190721984213442,0.1190721984213442,79999.87969841287,99.99984962301609,N/A,N/A,N/A,N/A
9000,Batch,Completed,0,0,0.0,0.1211100659399496,0.1211100659399496,0.1211100659399496,0.1211100659399496,0.0,STARLINK-30106,0,N/A,0,0.0,260.38664177089163,False,0.0,0.1211100659399496,0.1211100659399496,79999.87542018555,99.99984427523194,N/A,N/A,N/A,N/A
81000,Batch,Completed,0,0,0.0,0.12570556932502552,0.12570556932502552,0.12570556932502552,0.12570556932502552,0.0,STARLINK-30424,0,N/A,0,0.0,270.26697404880485,False,0.0,0.12570556932502552,0.12570556932502552,79999.87034328612,99.99983792910766,N/A,N/A,N/A,N/A
71000,Batch,Completed,0,0,0.0,0.1276897962896192,0.1276897962896192,0.1276897962896192,0.1276897962896192,0.0,STARLINK-30205,0,N/A,0,0.0,274.5330620226813,False,0.0,0.1276897962896192,0.1276897962896192,79999.8723102037,99.99984038775463,N/A,N/A,N/A,N/A
18000,Batch,Completed,0,0,0.0,0.13285717616358134,0.13285717616358134,0.13285717616358134,0.13285717616358134,0.0,STARLINK-32754,0,N/A,0,0.0,285.64292875169986,False,0.0,0.13285717616358134,0.13285717616358134,79999.86600809464,99.9998325101183,N/A,N/A,N/A,N/A
32000,Batch,Completed,0,0,0.0,0.13622329680564896,0.13622329680564896,0.13622329680564896,0.13622329680564896,0.0,STARLINK-4386,0,N/A,0,0.0,292.88008813214526,False,0.0,0.13622329680564896,0.13622329680564896,79999.85322237563,99.99981652796954,N/A,N/A,N/A,N/A
17000,Batch,Completed,0,0,0.0,0.1387367974394866,0.1387367974394866,0.1387367974394866,0.1387367974394866,0.0,STARLINK-35189,0,N/A,0,0.0,298.2841144948962,False,0.0,0.1387367974394866,0.1387367974394866,79999.86126320256,99.9998265790032,N/A,N/A,N/A,N/A
47000,Batch,Completed,0,0,0.0,0.1438849732803939,0.1438849732803939,0.1438849732803939,0.1438849732803939,0.0,STARLINK-33960,0,N/A,0,0.0,309.3526925528469,False,0.0,0.1438849732803939,0.1438849732803939,79999.65308493441,99.99956635616802,N/A,N/A,N/A,N/A
76000,Batch,Completed,0,0,0.0,0.15637566595616822,0.15637566595616822,0.15637566595616822,0.15637566595616822,0.0,STARLINK-4705,0,N/A,0,0.0,336.2076818057617,False,0.0,0.15637566595616822,0.15637566595616822,79999.83485550711,99.99979356938388,N/A,N/A,N/A,N/A
20000,Batch,Completed,0,0,0.0,0.15638506455404896,0.15638506455404896,0.15638506455404896,0.15638506455404896,0.0,STARLINK-32754,0,N/A,0,0.0,336.22788879120526,False,0.0,0.15638506455404896,0.15638506455404896,79999.7096230301,99.99963702878762,N/A,N/A,N/A,N/A
79000,Batch,Completed,0,0,0.0,0.15787316999695114,0.15787316999695114,0.15787316999695114,0.15787316999695114,0.0,STARLINK-3579,0,N/A,0,0.0,339.42731549344495,False,0.0,0.15787316999695114,0.15787316999695114,79999.75270273029,99.99969087841286,N/A,N/A,N/A,N/A
69000,Batch,Completed,0,0,0.0,0.1602328846478702,0.1602328846478702,0.1602328846478702,0.1602328846478702,0.0,STARLINK-30205,0,N/A,0,0.0,344.50070199292094,False,0.0,0.1602328846478702,0.1602328846478702,79999.71207731905,99.99964009664882,N/A,N/A,N/A,N/A
30000,Batch,Completed,0,0,0.0,0.16370316424595827,0.16370316424595827,0.16370316424595827,0.16370316424595827,0.0,STARLINK-3566,0,N/A,0,0.0,351.9618031288103,False,0.0,0.16370316424595827,0.16370316424595827,79999.83629683575,99.9997953710447,N/A,N/A,N/A,N/A
42000,Batch,Completed,0,0,0.0,0.16444826867466186,0.16444826867466186,0.16444826867466186,0.16444826867466186,0.0,STARLINK-31821,0,N/A,0,0.0,353.563777650523,False,0.0,0.16444826867466186,0.16444826867466186,79999.82872234848,99.9997859029356,N/A,N/A,N/A,N/A
39000,Batch,Completed,0,0,0.0,0.16875816023703422,0.16875816023703422,0.16875816023703422,0.16875816023703422,0.0,STARLINK-35201,0,N/A,0,0.0,362.8300445096236,False,0.0,0.16875816023703422,0.16875816023703422,79999.76159270562,99.99970199088202,N/A,N/A,N/A,N/A
54000,Batch,Completed,0,0,0.0,0.1690681229341329,0.1690681229341329,0.1690681229341329,0.1690681229341329,0.0,STARLINK-34413,0,N/A,0,0.0,363.4964643083857,False,0.0,0.1690681229341329,0.1690681229341329,79999.83093187706,99.99978866484632,N/A,N/A,N/A,N/A
10000,Batch,Completed,0,0,0.0,0.17471183483424024,0.17471183483424024,0.17471183483424024,0.17471183483424024,0.0,STARLINK-30106,0,N/A,0,0.0,375.6304448936165,False,0.0,0.17471183483424024,0.17471183483424024,79999.70070835072,99.9996258854384,N/A,N/A,N/A,N/A
2000,Batch,Completed,0,0,0.0,0.177175483261022,0.177175483261022,0.177175483261022,0.177175483261022,0.0,STARLINK-30483,0,N/A,0,0.0,380.92728901119733,False,0.0,0.177175483261022,0.177175483261022,79999.82282451674,99.99977853064593,N/A,N/A,N/A,N/A
89000,Batch,Completed,0,0,0.0,0.17885804208266098,0.17885804208266098,0.17885804208266098,0.17885804208266098,0.0,STARLINK-2429,0,N/A,0,0.0,384.5447904777211,False,0.0,0.17885804208266098,0.17885804208266098,79999.8016030281,99.99975200378512,N/A,N/A,N/A,N/A
80000,Batch,Completed,0,0,0.0,0.18409927232109635,0.18409927232109635,0.18409927232109635,0.18409927232109635,0.0,STARLINK-32770,0,N/A,0,0.0,395.81343549035716,False,0.0,0.18409927232109635,0.18409927232109635,79999.81590072768,99.9997698759096,N/A,N/A,N/A,N/A
25000,Batch,Completed,0,0,0.0,0.21048658485480262,0.21048658485480262,0.21048658485480262,0.21048658485480262,0.0,STARLINK-34915,0,N/A,0,0.0,452.5461574378256,False,0.0,0.21048658485480262,0.21048658485480262,79999.77978182807,99.99972472728508,N/A,N/A,N/A,N/A
72000,Batch,Completed,0,0,0.0,0.21923018000012293,0.21923018000012293,0.21923018000012293,0.21923018000012293,0.0,STARLINK-31191,0,N/A,0,0.0,471.3448870002643,False,0.0,0.21923018000012293,0.21923018000012293,79999.7769367479,99.99972117093489,N/A,N/A,N/A,N/A
68000,Batch,Completed,0,0,0.0,0.22060023536178475,0.22060023536178475,0.22060023536178475,0.22060023536178475,0.0,STARLINK-35010,0,N/A,0,0.0,474.2905060278372,False,0.0,0.22060023536178475,0.22060023536178475,79999.77939976464,99.9997242497058,N/A,N/A,N/A,N/A
70000,Batch,Completed,0,0,0.0,0.22390520431813696,0.22390520431813696,0.22390520431813696,0.22390520431813696,0.0,STARLINK-30205,0,N/A,0,0.0,481.3961892839945,False,0.0,0.22390520431813696,0.22390520431813696,79999.48817211474,99.99936021514343,N/A,N/A,N/A,N/A
43000,Batch,Completed,0,0,0.0,0.22657586395129342,0.22657586395129342,0.22657586395129342,0.22657586395129342,0.0,STARLINK-32762,0,N/A,0,0.0,487.13810749528085,False,0.0,0.22657586395129342,0.22657586395129342,79999.76555973505,99.99970694966882,N/A,N/A,N/A,N/A
16000,Batch,Completed,0,0,0.0,0.2278134272184624,0.2278134272184624,0.2278134272184624,0.2278134272184624,0.0,STARLINK-35189,0,N/A,0,0.0,489.79886851969417,False,0.0,0.2278134272184624,0.2278134272184624,79999.63344977534,99.99954181221918,N/A,N/A,N/A,N/A
34000,Batch,Completed,0,0,0.0,0.22898044991856478,0.22898044991856478,0.22898044991856478,0.22898044991856478,0.0,STARLINK-5258,0,N/A,0,0.0,492.3079673249143,False,0.0,0.22898044991856478,0.22898044991856478,79999.76967387843,99.99971209234803,N/A,N/A,N/A,N/A
50000,Batch,Completed,0,0,0.0,0.23164984483530113,0.23164984483530113,0.23164984483530113,0.23164984483530113,0.0,STARLINK-2604,0,N/A,0,0.0,498.0471663958974,False,0.0,0.23164984483530113,0.23164984483530113,79999.75949298775,99.9996993662347,N/A,N/A,N/A,N/A
