Objective_Mapping, Arrival_Rate_ReqSec, Batch_Size, Batch_Timeout, Dijkstra_Weight, Total_Tasks, Completed, Rejected, Success_Rate_PCT, Rej_Deadline_PCT, Rej_Insuff_CPU_NET_PCT, Rej_Insuff_CPU_PCT, Rej_No_Server_PCT, Rej_ILP_Infeasible_PCT, Rej_Sunset_PCT, Avg_System_Exec_ms, Avg_Wait_Time_ms, Avg_Total_Response_ms
ENERGY           ,                   2,          1,          2   , Energy         ,        3152,      2823,      329,            89.56,             5.39,                   2.25,               2.79,               0.0,                    0.0,           0.0 ,             0.1759,           0.2882,                0.4641
ENERGY           ,                   3,          1,          2   , Energy         ,        4325,      3790,      535,            87.63,             7.31,                   2.38,               2.68,               0.0,                    0.0,           0.0 ,             0.1889,           0.3166,                0.5055
ENERGY           ,                   4,          1,          2   , Energy         ,        5499,      4644,      855,            84.45,             9.78,                   2.4 ,               3.36,               0.0,                    0.0,           0.0 ,             0.2022,           0.3374,                0.5396
ENERGY           ,                   6,          1,          2   , Energy         ,        8740,      5738,     3002,            65.65,            29.3 ,                   2.22,               2.81,               0.0,                    0.0,           0.01,             0.2456,           0.3991,                0.6447
ENERGY           ,                   8,          1,          2   , Energy         ,       11699,      6068,     5631,            51.87,            43.7 ,                   1.97,               2.46,               0.0,                    0.0,           0.0 ,             0.2711,           0.4311,                0.7022
ENERGY           ,                  10,          1,          2   , Energy         ,       15210,      6230,     8980,            40.96,            55.1 ,                   1.85,               2.09,               0.0,                    0.0,           0.0 ,             0.2903,           0.4546,                0.7449
ENERGY           ,                   2,          1,          2   , Time           ,        3143,      2829,      314,            90.01,             5.47,                   2.1 ,               2.42,               0.0,                    0.0,           0.0 ,             0.1692,           0.2843,                0.4535
ENERGY           ,                   3,          1,          2   , Time           ,        4305,      3819,      486,            88.71,             6.81,                   1.95,               2.53,               0.0,                    0.0,           0.0 ,             0.1888,           0.3153,                0.5041
ENERGY           ,                   4,          1,          2   , Time           ,        5463,      4645,      818,            85.03,            10.03,                   2.12,               2.82,               0.0,                    0.0,           0.0 ,             0.1963,           0.3301,                0.5264
ENERGY           ,                   6,          1,          2   , Time           ,        8661,      5718,     2943,            66.02,            29.27,                   2.22,               2.49,               0.0,                    0.0,           0.0 ,             0.2439,           0.3948,                0.6387
ENERGY           ,                   8,          1,          2   , Time           ,       11735,      6028,     5707,            51.37,            43.66,                   2.39,               2.58,               0.0,                    0.0,           0.0 ,             0.2698,           0.427 ,                0.6968
ENERGY           ,                  10,          1,          2   , Time           ,       15300,      6236,     9064,            40.76,            55.08,                   1.88,               2.28,               0.0,                    0.0,           0.0 ,             0.2964,           0.4605,                0.7569
ENERGY           ,                   2,          2,          2   , Energy         ,        3548,      2019,     1529,            56.91,            39.01,                   1.75,               2.34,               0.0,                    0.0,           0.0 ,             0.236 ,           0.3311,                0.5671
ENERGY           ,                   3,          2,          2   , Energy         ,        4049,      2271,     1778,            56.09,            40.33,                   1.61,               1.98,               0.0,                    0.0,           0.0 ,             0.2527,           0.3613,                0.614
ENERGY           ,                   4,          2,          2   , Energy         ,        6292,      3395,     2897,            53.96,            41.05,                   1.99,               3.0 ,               0.0,                    0.0,           0.0 ,             0.2693,           0.3913,                0.6606
ENERGY           ,                   6,          2,          2   , Energy         ,        9284,      4913,     4371,            52.92,            41.95,                   2.36,               2.77,               0.0,                    0.0,           0.0 ,             0.3002,           0.4347,                0.7349
ENERGY           ,                   8,          2,          2   , Energy         ,       12006,      5505,     6501,            45.85,            49.5 ,                   2.2 ,               2.45,               0.0,                    0.0,           0.0 ,             0.3202,           0.4673,                0.7875
ENERGY           ,                  10,          2,          2   , Energy         ,       12988,      4789,     8199,            36.87,            57.63,                   2.54,               2.96,               0.0,                    0.0,           0.0 ,             0.3366,           0.4922,                0.8288
ENERGY           ,                   2,          2,          2   , Time           ,        3571,      2043,     1528,            57.21,            39.12,                   1.4 ,               2.27,               0.0,                    0.0,           0.0 ,             0.2259,           0.3219,                0.5478
ENERGY           ,                   3,          2,          2   , Time           ,        4057,      2337,     1720,            57.6 ,            41.61,                   0.42,               0.37,               0.0,                    0.0,           0.0 ,             0.2637,           0.3768,                0.6405
ENERGY           ,                   4,          2,          2   , Time           ,        6265,      3403,     2862,            54.32,            40.56,                   2.31,               2.81,               0.0,                    0.0,           0.0 ,             0.2772,           0.398 ,                0.6752
ENERGY           ,                   6,          2,          2   , Time           ,        9266,      4843,     4423,            52.27,            42.33,                   2.67,               2.74,               0.0,                    0.0,           0.0 ,             0.2988,           0.4327,                0.7315
ENERGY           ,                   8,          2,          2   , Time           ,       11983,      5447,     6536,            45.46,            49.5 ,                   2.34,               2.7 ,               0.0,                    0.0,           0.0 ,             0.3104,           0.4568,                0.7672
ENERGY           ,                  10,          2,          2   , Time           ,       13001,      4748,     8253,            36.52,            57.99,                   2.58,               2.91,               0.0,                    0.0,           0.0 ,             0.3391,           0.4938,                0.8329
ENERGY           ,                   2,          4,          2   , Energy         ,        3746,      1387,     2359,            37.03,            59.32,                   1.52,               2.14,               0.0,                    0.0,           0.0 ,             0.2896,           0.3569,                0.6465
ENERGY           ,                   3,          4,          2   , Energy         ,        5250,      1834,     3416,            34.93,            61.3 ,                   1.77,               2.0 ,               0.0,                    0.0,           0.0 ,             0.3155,           0.4053,                0.7208
ENERGY           ,                   4,          4,          2   , Energy         ,        6703,      2272,     4431,            33.9 ,            61.67,                   2.19,               2.24,               0.0,                    0.0,           0.0 ,             0.3388,           0.4348,                0.7736
ENERGY           ,                   6,          4,          2   , Energy         ,       10195,      3308,     6887,            32.45,            62.6 ,                   2.0 ,               2.75,               0.0,                    0.0,           0.2 ,             0.3876,           0.5057,                0.8933
ENERGY           ,                   8,          4,          2   , Energy         ,       12823,      4130,     8693,            32.21,            62.65,                   2.54,               2.6 ,               0.0,                    0.0,           0.0 ,             0.4072,           0.5344,                0.9416
ENERGY           ,                  10,          4,          2   , Energy         ,       15938,      4923,    11015,            30.89,            63.49,                   2.53,               3.09,               0.0,                    0.0,           0.0 ,             0.417 ,           0.5534,                0.9704
ENERGY           ,                   2,          4,          2   , Time           ,        3737,      1387,     2350,            37.12,            59.51,                   1.45,               1.93,               0.0,                    0.0,           0.0 ,             0.2711,           0.3393,                0.6104
ENERGY           ,                   3,          4,          2   , Time           ,        5215,      1824,     3391,            34.98,            61.02,                   1.86,               2.15,               0.0,                    0.0,           0.0 ,             0.3112,           0.3991,                0.7103
ENERGY           ,                   4,          4,          2   , Time           ,        6718,      2295,     4423,            34.16,            61.69,                   1.73,               2.43,               0.0,                    0.0,           0.0 ,             0.342 ,           0.4424,                0.7844
ENERGY           ,                   6,          4,          2   , Time           ,       10161,      3292,     6869,            32.4 ,            62.75,                   2.17,               2.48,               0.0,                    0.0,           0.19,             0.3932,           0.5097,                0.9029
ENERGY           ,                   8,          4,          2   , Time           ,       12780,      4030,     8750,            31.53,            63.29,                   2.56,               2.61,               0.0,                    0.0,           0.0 ,             0.3962,           0.523 ,                0.9192
ENERGY           ,                  10,          4,          2   , Time           ,       15942,      4884,    11058,            30.64,            63.65,                   2.63,               3.08,               0.0,                    0.0,           0.0 ,             0.4168,           0.5524,                0.9692
ENERGY           ,                   2,          6,          2   , Energy         ,        3775,      1135,     2640,            30.07,            66.73,                   1.62,               1.59,               0.0,                    0.0,           0.0 ,             0.3218,           0.374 ,                0.6958
ENERGY           ,                   3,          6,          2   , Energy         ,        5294,      1457,     3837,            27.52,            69.3 ,                   1.13,               2.04,               0.0,                    0.0,           0.0 ,             0.3777,           0.4473,                0.825
ENERGY           ,                   4,          6,          2   , Energy         ,        6824,      1795,     5029,            26.3 ,            68.99,                   1.98,               2.52,               0.0,                    0.0,           0.19,             0.3746,           0.4608,                0.8354
ENERGY           ,                   6,          6,          2   , Energy         ,       10464,      2556,     7908,            24.43,            70.53,                   2.47,               2.58,               0.0,                    0.0,           0.0 ,             0.4246,           0.5311,                0.9557
ENERGY           ,                   8,          6,          2   , Energy         ,       13256,      3180,    10076,            23.99,            71.27,                   2.25,               2.5 ,               0.0,                    0.0,           0.0 ,             0.4407,           0.5579,                0.9986
ENERGY           ,                  10,          6,          2   , Energy         ,       16443,      3810,    12633,            23.17,            71.69,                   2.24,               2.89,               0.0,                    0.0,           0.01,             0.4459,           0.567 ,                1.0129
ENERGY           ,                   2,          6,          2   , Time           ,        3771,      1136,     2635,            30.12,            66.85,                   1.54,               1.49,               0.0,                    0.0,           0.0 ,             0.317 ,           0.3688,                0.6858
ENERGY           ,                   3,          6,          2   , Time           ,        5279,      1460,     3819,            27.66,            69.07,                   1.34,               1.93,               0.0,                    0.0,           0.0 ,             0.3609,           0.4318,                0.7927
ENERGY           ,                   4,          6,          2   , Time           ,        6822,      1808,     5014,            26.5 ,            69.57,                   1.67,               2.02,               0.0,                    0.0,           0.23,             0.3806,           0.4663,                0.8469
ENERGY           ,                   6,          6,          2   , Time           ,       10434,      2560,     7874,            24.54,            70.9 ,                   2.0 ,               2.56,               0.0,                    0.0,           0.0 ,             0.4305,           0.5356,                0.9661
ENERGY           ,                   8,          6,          2   , Time           ,       13263,      3156,    10107,            23.8 ,            71.45,                   2.19,               2.56,               0.0,                    0.0,           0.0 ,             0.4447,           0.5599,                1.0046
ENERGY           ,                  10,          6,          2   , Time           ,       16470,      3853,    12617,            23.39,            71.27,                   2.35,               2.99,               0.0,                    0.0,           0.0 ,             0.4635,           0.5856,                1.0491
ENERGY           ,                   2,          8,          2   , Energy         ,        3788,      1020,     2768,            26.93,            70.54,                   1.11,               1.43,               0.0,                    0.0,           0.0 ,             0.3306,           0.3703,                0.7009
ENERGY           ,                   3,          8,          2   , Energy         ,        5278,      1292,     3986,            24.48,            72.6 ,                   1.08,               1.84,               0.0,                    0.0,           0.0 ,             0.4174,           0.4784,                0.8958
ENERGY           ,                   4,          8,          2   , Energy         ,        6789,      1558,     5231,            22.95,            73.71,                   1.52,               1.58,               0.0,                    0.0,           0.25,             0.3894,           0.4655,                0.8549
ENERGY           ,                   6,          8,          2   , Energy         ,       10423,      2231,     8192,            21.4 ,            74.48,                   1.89,               2.23,               0.0,                    0.0,           0.0 ,             0.4435,           0.5418,                0.9853
ENERGY           ,                   8,          8,          2   , Energy         ,       13388,      2689,    10699,            20.09,            75.49,                   2.05,               2.34,               0.0,                    0.0,           0.03,             0.4517,           0.5605,                1.0122
ENERGY           ,                  10,          8,          2   , Energy         ,       16594,      3306,    13288,            19.92,            74.89,                   2.46,               2.73,               0.0,                    0.0,           0.0 ,             0.4676,           0.5863,                1.0539
ENERGY           ,                   2,          8,          2   , Time           ,        3786,      1030,     2756,            27.21,            70.26,                   1.19,               1.35,               0.0,                    0.0,           0.0 ,             0.3383,           0.3765,                0.7148
ENERGY           ,                   3,          8,          2   , Time           ,        5270,      1285,     3985,            24.38,            72.75,                   1.37,               1.5 ,               0.0,                    0.0,           0.0 ,             0.4   ,           0.4596,                0.8596
ENERGY           ,                   4,          8,          2   , Time           ,        6805,      1569,     5236,            23.06,            73.43,                   1.32,               1.95,               0.0,                    0.0,           0.22,             0.3966,           0.4742,                0.8708
ENERGY           ,                   6,          8,          2   , Time           ,       10437,      2225,     8212,            21.32,            74.49,                   1.98,               2.21,               0.0,                    0.0,           0.0 ,             0.4279,           0.5275,                0.9554
ENERGY           ,                   8,          8,          2   , Time           ,       13379,      2743,    10636,            20.5 ,            75.01,                   2.1 ,               2.37,               0.0,                    0.0,           0.01,             0.4427,           0.5501,                0.9928
ENERGY           ,                  10,          8,          2   , Time           ,       16552,      3282,    13270,            19.83,            74.92,                   2.23,               2.45,               0.0,                    0.0,           0.57,             0.4722,           0.5866,                1.0588
ENERGY           ,                   2,         10,          2   , Energy         ,        3744,       998,     2746,            26.66,            70.86,                   0.96,               1.52,               0.0,                    0.0,           0.0 ,             0.3696,           0.4081,                0.7777
ENERGY           ,                   3,         10,          2   , Energy         ,        5228,      1170,     4058,            22.38,            75.17,                   1.05,               1.4 ,               0.0,                    0.0,           0.0 ,             0.4166,           0.4697,                0.8863
ENERGY           ,                   4,         10,          2   , Energy         ,        6772,      1376,     5396,            20.32,            76.58,                   1.3 ,               1.8 ,               0.0,                    0.0,           0.0 ,             0.4015,           0.4636,                0.8651
ENERGY           ,                   6,         10,          2   , Energy         ,       10394,      1968,     8426,            18.93,            77.45,                   1.57,               2.05,               0.0,                    0.0,           0.0 ,             0.462 ,           0.5561,                1.0181
ENERGY           ,                   8,         10,          2   , Energy         ,       13357,      2436,    10921,            18.24,            77.52,                   1.99,               2.25,               0.0,                    0.0,           0.0 ,             0.4609,           0.5637,                1.0246
ENERGY           ,                  10,         10,          2   , Energy         ,       16678,      2970,    13708,            17.81,            77.61,                   2.21,               2.38,               0.0,                    0.0,           0.0 ,             0.4732,           0.5831,                1.0563
ENERGY           ,                   2,         10,          2   , Time           ,        3751,      1003,     2748,            26.74,            70.78,                   0.99,               1.49,               0.0,                    0.0,           0.0 ,             0.3654,           0.4061,                0.7715
ENERGY           ,                   3,         10,          2   , Time           ,        5236,      1161,     4075,            22.17,            75.53,                   0.88,               1.41,               0.0,                    0.0,           0.0 ,             0.4359,           0.488 ,                0.9239
ENERGY           ,                   4,         10,          2   , Time           ,        6771,      1357,     5414,            20.04,            76.61,                   1.7 ,               1.65,               0.0,                    0.0,           0.0 ,             0.4073,           0.4696,                0.8769
ENERGY           ,                   6,         10,          2   , Time           ,       10396,      2003,     8393,            19.27,            77.45,                   1.42,               1.86,               0.0,                    0.0,           0.0 ,             0.456 ,           0.5426,                0.9986
ENERGY           ,                   8,         10,          2   , Time           ,       13351,      2429,    10922,            18.19,            77.52,                   2.13,               2.15,               0.0,                    0.0,           0.0 ,             0.4711,           0.5735,                1.0446
ENERGY           ,                  10,         10,          2   , Time           ,       16657,      2973,    13684,            17.85,            77.41,                   2.35,               2.39,               0.0,                    0.0,           0.0 ,             0.4717,           0.5814,                1.0531
ENERGY           ,                   2,         20,          0   , Energy         ,        3152,      2823,      329,            89.56,             5.39,                   2.25,               2.79,               0.0,                    0.0,           0.0 ,             0.1759,           0.2882,                0.4641
ENERGY           ,                   3,         20,          0   , Energy         ,        4325,      3790,      535,            87.63,             7.31,                   2.38,               2.68,               0.0,                    0.0,           0.0 ,             0.1889,           0.3166,                0.5055
ENERGY           ,                   4,         20,          0   , Energy         ,        5499,      4644,      855,            84.45,             9.78,                   2.4 ,               3.36,               0.0,                    0.0,           0.0 ,             0.2022,           0.3374,                0.5396
ENERGY           ,                   6,         20,          0   , Energy         ,        8740,      5738,     3002,            65.65,            29.3 ,                   2.22,               2.81,               0.0,                    0.0,           0.01,             0.2456,           0.3991,                0.6447
ENERGY           ,                   8,         20,          0   , Energy         ,       11699,      6068,     5631,            51.87,            43.7 ,                   1.97,               2.46,               0.0,                    0.0,           0.0 ,             0.2711,           0.4311,                0.7022
ENERGY           ,                  10,         20,          0   , Energy         ,       15210,      6230,     8980,            40.96,            55.1 ,                   1.85,               2.09,               0.0,                    0.0,           0.0 ,             0.2903,           0.4546,                0.7449
ENERGY           ,                   2,         20,          0   , Time           ,        3143,      2829,      314,            90.01,             5.47,                   2.1 ,               2.42,               0.0,                    0.0,           0.0 ,             0.1692,           0.2843,                0.4535
ENERGY           ,                   3,         20,          0   , Time           ,        4305,      3819,      486,            88.71,             6.81,                   1.95,               2.53,               0.0,                    0.0,           0.0 ,             0.1888,           0.3153,                0.5041
ENERGY           ,                   4,         20,          0   , Time           ,        5463,      4645,      818,            85.03,            10.03,                   2.12,               2.82,               0.0,                    0.0,           0.0 ,             0.1963,           0.3301,                0.5264
ENERGY           ,                   6,         20,          0   , Time           ,        8661,      5718,     2943,            66.02,            29.27,                   2.22,               2.49,               0.0,                    0.0,           0.0 ,             0.2439,           0.3948,                0.6387
ENERGY           ,                   8,         20,          0   , Time           ,       11735,      6028,     5707,            51.37,            43.66,                   2.39,               2.58,               0.0,                    0.0,           0.0 ,             0.2698,           0.427 ,                0.6968
ENERGY           ,                  10,         20,          0   , Time           ,       15300,      6236,     9064,            40.76,            55.08,                   1.88,               2.28,               0.0,                    0.0,           0.0 ,             0.2964,           0.4605,                0.7569
ENERGY           ,                   2,         20,          0.05, Energy         ,        3533,      2223,     1310,            62.92,            32.58,                   2.15,               2.35,               0.0,                    0.0,           0.0 ,             0.277 ,           0.3777,                0.6547
ENERGY           ,                   3,         20,          0.05, Energy         ,        4919,      2928,     1991,            59.52,            35.96,                   1.91,               2.6 ,               0.0,                    0.0,           0.0 ,             0.2989,           0.414 ,                0.7129
ENERGY           ,                   4,         20,          0.05, Energy         ,        6246,      3526,     2720,            56.45,            38.98,                   2.0 ,               2.56,               0.0,                    0.0,           0.0 ,             0.3082,           0.4322,                0.7404
ENERGY           ,                   6,         20,          0.05, Energy         ,        7921,      4135,     3786,            52.2 ,            41.43,                   3.04,               3.32,               0.0,                    0.0,           0.0 ,             0.3449,           0.4795,                0.8244
ENERGY           ,                   8,         20,          0.05, Energy         ,       12200,      5661,     6539,            46.4 ,            48.71,                   2.03,               2.84,               0.0,                    0.0,           0.01,             0.364 ,           0.5083,                0.8723
ENERGY           ,                  10,         20,          0.05, Energy         ,       15561,      5920,     9641,            38.04,            57.08,                   2.46,               2.42,               0.0,                    0.0,           0.0 ,             0.3756,           0.5268,                0.9024
ENERGY           ,                   2,         20,          0.05, Time           ,        3547,      2235,     1312,            63.01,            32.34,                   1.97,               2.68,               0.0,                    0.0,           0.0 ,             0.2761,           0.3808,                0.6569
ENERGY           ,                   3,         20,          0.05, Time           ,        4916,      2902,     2014,            59.03,            36.27,                   2.14,               2.56,               0.0,                    0.0,           0.0 ,             0.2954,           0.4114,                0.7068
ENERGY           ,                   4,         20,          0.05, Time           ,        6252,      3542,     2710,            56.65,            38.64,                   2.14,               2.56,               0.0,                    0.0,           0.0 ,             0.3086,           0.4302,                0.7388
ENERGY           ,                   6,         20,          0.05, Time           ,        9462,      4983,     4479,            52.66,            41.65,                   2.76,               2.93,               0.0,                    0.0,           0.0 ,             0.3369,           0.4752,                0.8121
ENERGY           ,                   8,         20,          0.05, Time           ,       12163,      5650,     6513,            46.45,            48.66,                   2.26,               2.63,               0.0,                    0.0,           0.0 ,             0.3593,           0.5038,                0.8631
ENERGY           ,                  10,         20,          0.05, Time           ,       15665,      5950,     9715,            37.98,            56.92,                   2.33,               2.77,               0.0,                    0.0,           0.0 ,             0.3873,           0.5374,                0.9247
ENERGY           ,                   2,         20,          0.1 , Energy         ,        3727,      1928,     1799,            51.73,            42.9 ,                   2.71,               2.66,               0.0,                    0.0,           0.0 ,             0.342 ,           0.4369,                0.7789
ENERGY           ,                   3,         20,          0.1 , Energy         ,        5259,      2446,     2813,            46.51,            47.67,                   2.53,               3.29,               0.0,                    0.0,           0.0 ,             0.376 ,           0.4824,                0.8584
ENERGY           ,                   4,         20,          0.1 , Energy         ,        6677,      3044,     3633,            45.59,            48.78,                   2.7 ,               2.94,               0.0,                    0.0,           0.0 ,             0.4023,           0.5192,                0.9215
ENERGY           ,                   6,         20,          0.1 , Energy         ,       10090,      4198,     5892,            41.61,            52.35,                   2.74,               3.31,               0.0,                    0.0,           0.0 ,             0.4171,           0.5478,                0.9649
ENERGY           ,                   8,         20,          0.1 , Energy         ,       12705,      5063,     7642,            39.85,            54.22,                   2.54,               3.38,               0.0,                    0.0,           0.0 ,             0.4265,           0.5642,                0.9907
ENERGY           ,                  10,         20,          0.1 , Energy         ,       15940,      5664,    10276,            35.53,            58.1 ,                   3.11,               3.26,               0.0,                    0.0,           0.0 ,             0.4481,           0.5906,                1.0387
ENERGY           ,                   2,         20,          0.1 , Time           ,        3766,      1918,     1848,            50.93,            43.49,                   2.5 ,               3.08,               0.0,                    0.0,           0.0 ,             0.3396,           0.4305,                0.7701
ENERGY           ,                   3,         20,          0.1 , Time           ,        5216,      2475,     2741,            47.45,            47.45,                   2.3 ,               2.8 ,               0.0,                    0.0,           0.0 ,             0.3615,           0.4661,                0.8276
ENERGY           ,                   4,         20,          0.1 , Time           ,        6686,      2972,     3714,            44.45,            50.07,                   2.56,               2.92,               0.0,                    0.0,           0.0 ,             0.3924,           0.5066,                0.899
ENERGY           ,                   6,         20,          0.1 , Time           ,       10090,      4229,     5861,            41.91,            52.09,                   2.51,               3.49,               0.0,                    0.0,           0.0 ,             0.4223,           0.5538,                0.9761
ENERGY           ,                   8,         20,          0.1 , Time           ,       12762,      5037,     7725,            39.47,            54.15,                   2.91,               3.47,               0.0,                    0.0,           0.0 ,             0.433 ,           0.5701,                1.0031
ENERGY           ,                  10,         20,          0.1 , Time           ,       15929,      5581,    10348,            35.04,            59.18,                   2.77,               3.01,               0.0,                    0.0,           0.0 ,             0.4491,           0.5898,                1.0389
ENERGY           ,                   2,         20,          0.2 , Energy         ,        3879,      1661,     2218,            42.82,            51.02,                   2.68,               3.48,               0.0,                    0.0,           0.0 ,             0.4095,           0.4898,                0.8993
ENERGY           ,                   3,         20,          0.2 , Energy         ,        5442,      2137,     3305,            39.27,            54.43,                   2.79,               3.51,               0.0,                    0.0,           0.0 ,             0.4448,           0.5406,                0.9854
ENERGY           ,                   4,         20,          0.2 , Energy         ,        6964,      2504,     4460,            35.96,            58.37,                   2.44,               3.23,               0.0,                    0.0,           0.0 ,             0.4603,           0.5651,                1.0254
ENERGY           ,                   6,         20,          0.2 , Energy         ,       10519,      3394,     7125,            32.27,            61.5 ,                   2.9 ,               3.34,               0.0,                    0.0,           0.0 ,             0.5061,           0.6255,                1.1316
ENERGY           ,                   8,         20,          0.2 , Energy         ,       13298,      4060,     9238,            30.53,            63.2 ,                   2.93,               3.34,               0.0,                    0.0,           0.0 ,             0.514 ,           0.6426,                1.1566
ENERGY           ,                  10,         20,          0.2 , Energy         ,       16421,      4711,    11710,            28.69,            65.2 ,                   2.87,               3.23,               0.0,                    0.0,           0.0 ,             0.5072,           0.64  ,                1.1472
ENERGY           ,                   2,         20,          0.2 , Time           ,        3866,      1685,     2181,            43.59,            50.39,                   2.82,               3.21,               0.0,                    0.0,           0.0 ,             0.4073,           0.489 ,                0.8963
ENERGY           ,                   3,         20,          0.2 , Time           ,        5448,      2128,     3320,            39.06,            54.99,                   2.5 ,               3.45,               0.0,                    0.0,           0.0 ,             0.4469,           0.5439,                0.9908
ENERGY           ,                   4,         20,          0.2 , Time           ,        6941,      2515,     4426,            36.23,            58.42,                   2.23,               3.11,               0.0,                    0.0,           0.0 ,             0.459 ,           0.5679,                1.0269
ENERGY           ,                   6,         20,          0.2 , Time           ,       10568,      3393,     7175,            32.11,            61.28,                   2.89,               3.73,               0.0,                    0.0,           0.0 ,             0.5035,           0.622 ,                1.1255
ENERGY           ,                   8,         20,          0.2 , Time           ,       13261,      4027,     9234,            30.37,            63.4 ,                   2.9 ,               3.33,               0.0,                    0.0,           0.0 ,             0.5129,           0.6399,                1.1528
ENERGY           ,                  10,         20,          0.2 , Time           ,       16457,      4736,    11721,            28.78,            64.77,                   3.06,               3.4 ,               0.0,                    0.0,           0.0 ,             0.514 ,           0.6468,                1.1608
ENERGY           ,                   2,         20,          0.4 , Energy         ,        3948,      1418,     2530,            35.92,            59.47,                   1.8 ,               2.81,               0.0,                    0.0,           0.0 ,             0.4344,           0.5014,                0.9358
ENERGY           ,                   3,         20,          0.4 , Energy         ,        5516,      1728,     3788,            31.33,            62.96,                   2.56,               3.15,               0.0,                    0.0,           0.0 ,             0.5069,           0.5906,                1.0975
ENERGY           ,                   4,         20,          0.4 , Energy         ,        7082,      2067,     5015,            29.19,            64.66,                   2.75,               3.4 ,               0.0,                    0.0,           0.0 ,             0.5497,           0.6465,                1.1962
ENERGY           ,                   6,         20,          0.4 , Energy         ,       10750,      2629,     8121,            24.46,            69.41,                   2.62,               2.76,               0.0,                    0.0,           0.74,             0.5721,           0.676 ,                1.2481
ENERGY           ,                   8,         20,          0.4 , Energy         ,       13608,      3077,    10531,            22.61,            71.78,                   2.55,               3.06,               0.0,                    0.0,           0.0 ,             0.5858,           0.698 ,                1.2838
ENERGY           ,                  10,         20,          0.4 , Energy         ,       16928,      3507,    13421,            20.72,            73.36,                   2.67,               3.25,               0.0,                    0.0,           0.0 ,             0.6112,           0.7299,                1.3411
ENERGY           ,                   2,         20,          0.4 , Time           ,        3945,      1413,     2532,            35.82,            59.11,                   2.41,               2.66,               0.0,                    0.0,           0.0 ,             0.438 ,           0.5069,                0.9449
ENERGY           ,                   3,         20,          0.4 , Time           ,        5522,      1743,     3779,            31.56,            62.77,                   2.44,               3.22,               0.0,                    0.0,           0.0 ,             0.5212,           0.605 ,                1.1262
ENERGY           ,                   4,         20,          0.4 , Time           ,        7098,      2093,     5005,            29.49,            64.79,                   2.37,               3.35,               0.0,                    0.0,           0.0 ,             0.5538,           0.6524,                1.2062
ENERGY           ,                   6,         20,          0.4 , Time           ,        8964,      2193,     6771,            24.46,            69.12,                   3.17,               3.25,               0.0,                    0.0,           0.0 ,             0.5626,           0.6712,                1.2338
ENERGY           ,                   8,         20,          0.4 , Time           ,       13600,      3082,    10518,            22.66,            71.24,                   3.01,               3.1 ,               0.0,                    0.0,           0.0 ,             0.5882,           0.7043,                1.2925
ENERGY           ,                  10,         20,          0.4 , Time           ,       16887,      3523,    13364,            20.86,            73.52,                   2.62,               3.0 ,               0.0,                    0.0,           0.0 ,             0.622 ,           0.7435,                1.3655
ENERGY           ,                   2,         20,          0.6 , Energy         ,        3940,      1295,     2645,            32.87,            62.77,                   1.98,               2.39,               0.0,                    0.0,           0.0 ,             0.4611,           0.5204,                0.9815
ENERGY           ,                   3,         20,          0.6 , Energy         ,        5513,      1566,     3947,            28.41,            66.91,                   2.29,               2.39,               0.0,                    0.0,           0.0 ,             0.5153,           0.593 ,                1.1083
ENERGY           ,                   4,         20,          0.6 , Energy         ,        7177,      1806,     5371,            25.16,            68.94,                   2.45,               3.22,               0.0,                    0.0,           0.22,             0.5901,           0.6743,                1.2644
ENERGY           ,                   6,         20,          0.6 , Energy         ,       10797,      2271,     8526,            21.03,            73.49,                   2.42,               2.93,               0.0,                    0.0,           0.13,             0.6122,           0.716 ,                1.3282
ENERGY           ,                   8,         20,          0.6 , Energy         ,       13757,      2602,    11155,            18.91,            75.79,                   2.43,               2.87,               0.0,                    0.0,           0.0 ,             0.6326,           0.7395,                1.3721
ENERGY           ,                  10,         20,          0.6 , Energy         ,       14315,      2461,    11854,            17.19,            76.33,                   2.94,               3.53,               0.0,                    0.0,           0.01,             0.6284,           0.7377,                1.3661
ENERGY           ,                   2,         20,          0.6 , Time           ,        3932,      1292,     2640,            32.86,            62.82,                   2.01,               2.31,               0.0,                    0.0,           0.0 ,             0.4671,           0.5266,                0.9937
ENERGY           ,                   3,         20,          0.6 , Time           ,        5521,      1579,     3942,            28.6 ,            66.82,                   2.1 ,               2.48,               0.0,                    0.0,           0.0 ,             0.5181,           0.5965,                1.1146
ENERGY           ,                   4,         20,          0.6 , Time           ,        7185,      1792,     5393,            24.94,            69.59,                   2.38,               2.87,               0.0,                    0.0,           0.22,             0.5863,           0.6691,                1.2554
ENERGY           ,                   6,         20,          0.6 , Time           ,       10794,      2289,     8505,            21.21,            73.16,                   2.59,               3.04,               0.0,                    0.0,           0.0 ,             0.6153,           0.7191,                1.3344
ENERGY           ,                   8,         20,          0.6 , Time           ,       13747,      2603,    11144,            18.94,            75.79,                   2.28,               2.99,               0.0,                    0.0,           0.0 ,             0.6384,           0.7501,                1.3885
ENERGY           ,                  10,         20,          0.6 , Time           ,       17109,      2948,    14161,            17.23,            77.36,                   2.44,               2.96,               0.0,                    0.0,           0.02,             0.644 ,           0.7555,                1.3995
ENERGY           ,                   2,         20,          0.8 , Energy         ,        3941,      1211,     2730,            30.73,            64.91,                   1.4 ,               2.97,               0.0,                    0.0,           0.0 ,             0.4798,           0.5317,                1.0115
ENERGY           ,                   3,         20,          0.8 , Energy         ,        5515,      1430,     4085,            25.93,            69.95,                   1.6 ,               2.52,               0.0,                    0.0,           0.0 ,             0.5567,           0.6312,                1.1879
ENERGY           ,                   4,         20,          0.8 , Energy         ,        7114,      1630,     5484,            22.91,            71.98,                   2.32,               2.78,               0.0,                    0.0,           0.0 ,             0.5723,           0.6534,                1.2257
ENERGY           ,                   6,         20,          0.8 , Energy         ,       10831,      2017,     8814,            18.62,            76.11,                   2.36,               2.9 ,               0.0,                    0.0,           0.0 ,             0.6213,           0.7125,                1.3338
ENERGY           ,                   8,         20,          0.8 , Energy         ,       13640,      2287,    11353,            16.77,            77.34,                   2.13,               2.35,               0.0,                    0.0,           1.09,             0.6335,           0.7302,                1.3637
ENERGY           ,                  10,         20,          0.8 , Energy         ,       17105,      2599,    14506,            15.19,            79.25,                   2.2 ,               2.92,               0.0,                    0.0,           0.43,             0.6614,           0.7623,                1.4237
ENERGY           ,                   2,         20,          0.8 , Time           ,        3932,      1204,     2728,            30.62,            65.16,                   1.58,               2.64,               0.0,                    0.0,           0.0 ,             0.4737,           0.5269,                1.0006
ENERGY           ,                   3,         20,          0.8 , Time           ,        5518,      1444,     4074,            26.17,            69.61,                   1.69,               2.54,               0.0,                    0.0,           0.0 ,             0.5455,           0.6237,                1.1692
ENERGY           ,                   4,         20,          0.8 , Time           ,        7088,      1633,     5455,            23.04,            72.08,                   2.19,               2.69,               0.0,                    0.0,           0.0 ,             0.5653,           0.6426,                1.2079
ENERGY           ,                   6,         20,          0.8 , Time           ,       10818,      2006,     8812,            18.54,            75.52,                   2.02,               2.62,               0.0,                    0.0,           1.28,             0.6325,           0.7239,                1.3564
ENERGY           ,                   8,         20,          0.8 , Time           ,       13719,      2287,    11432,            16.67,            78.07,                   2.22,               2.8 ,               0.0,                    0.0,           0.25,             0.6541,           0.7527,                1.4068
ENERGY           ,                  10,         20,          0.8 , Time           ,       17082,      2556,    14526,            14.96,            79.42,                   2.52,               2.65,               0.0,                    0.0,           0.19,             0.6679,           0.7712,                1.4391
ENERGY           ,                   2,         20,          1.0 , Energy         ,        3922,      1183,     2739,            30.16,            65.45,                   1.78,               2.6 ,               0.0,                    0.0,           0.0 ,             0.4949,           0.547 ,                1.0419
ENERGY           ,                   3,         20,          1.0 , Energy         ,        5458,      1395,     4063,            25.56,            70.67,                   1.59,               2.18,               0.0,                    0.0,           0.0 ,             0.5298,           0.5958,                1.1256
ENERGY           ,                   4,         20,          1.0 , Energy         ,        7069,      1496,     5573,            21.16,            74.75,                   1.92,               2.16,               0.0,                    0.0,           0.0 ,             0.5555,           0.6285,                1.184
ENERGY           ,                   6,         20,          1.0 , Energy         ,       10660,      1843,     8817,            17.29,            78.47,                   1.82,               2.42,               0.0,                    0.0,           0.0 ,             0.6251,           0.7151,                1.3402
ENERGY           ,                   8,         20,          1.0 , Energy         ,       13628,      2072,    11556,            15.2 ,            80.04,                   1.94,               2.54,               0.0,                    0.0,           0.27,             0.6411,           0.7379,                1.379
ENERGY           ,                  10,         20,          1.0 , Energy         ,       16929,      2359,    14570,            13.93,            81.51,                   2.16,               2.39,               0.0,                    0.0,           0.0 ,             0.6494,           0.7461,                1.3955
ENERGY           ,                   2,         20,          1.0 , Time           ,        3903,      1182,     2721,            30.28,            65.64,                   1.72,               2.36,               0.0,                    0.0,           0.0 ,             0.4837,           0.5358,                1.0195
ENERGY           ,                   3,         20,          1.0 , Time           ,        5462,      1363,     4099,            24.95,            71.22,                   1.52,               2.31,               0.0,                    0.0,           0.0 ,             0.5278,           0.5934,                1.1212
ENERGY           ,                   4,         20,          1.0 , Time           ,        7083,      1501,     5582,            21.19,            74.77,                   1.88,               2.16,               0.0,                    0.0,           0.0 ,             0.5732,           0.6453,                1.2185
ENERGY           ,                   6,         20,          1.0 , Time           ,       10686,      1814,     8872,            16.98,            78.21,                   2.23,               2.59,               0.0,                    0.0,           0.0 ,             0.6199,           0.7062,                1.3261
ENERGY           ,                   8,         20,          1.0 , Time           ,       13583,      2072,    11511,            15.25,            80.01,                   2.13,               2.33,               0.0,                    0.0,           0.28,             0.64  ,           0.7338,                1.3738
ENERGY           ,                  10,         20,          1.0 , Time           ,       16928,      2352,    14576,            13.89,            81.61,                   2.04,               2.46,               0.0,                    0.0,           0.0 ,             0.6533,           0.7473,                1.4006
TIME             ,                   2,          1,          2   , Energy         ,        3146,      2839,      307,            90.24,             5.12,                   2.26,               2.38,               0.0,                    0.0,           0.0 ,             0.1804,           0.2952,                0.4756
TIME             ,                   3,          1,          2   , Energy         ,        4290,      3806,      484,            88.72,             6.81,                   1.93,               2.54,               0.0,                    0.0,           0.0 ,             0.1942,           0.3176,                0.5118
TIME             ,                   4,          1,          2   , Energy         ,        5458,      4618,      840,            84.61,            10.22,                   2.31,               2.86,               0.0,                    0.0,           0.0 ,             0.2032,           0.3385,                0.5417
TIME             ,                   6,          1,          2   , Energy         ,        8760,      5739,     3021,            65.51,            29.46,                   2.29,               2.73,               0.0,                    0.0,           0.0 ,             0.2391,           0.392 ,                0.6311
TIME             ,                   8,          1,          2   , Energy         ,       11711,      6021,     5690,            51.41,            44.02,                   2.21,               2.36,               0.0,                    0.0,           0.0 ,             0.265 ,           0.4243,                0.6893
TIME             ,                  10,          1,          2   , Energy         ,       15265,      6257,     9008,            40.99,            54.44,                   2.38,               2.19,               0.0,                    0.0,           0.0 ,             0.3047,           0.4711,                0.7758
TIME             ,                   2,          1,          2   , Time           ,        3146,      2833,      313,            90.05,             5.05,                   2.45,               2.45,               0.0,                    0.0,           0.0 ,             0.1811,           0.2914,                0.4725
TIME             ,                   3,          1,          2   , Time           ,        4266,      3786,      480,            88.75,             6.99,                   1.8 ,               2.46,               0.0,                    0.0,           0.0 ,             0.1957,           0.3184,                0.5141
TIME             ,                   4,          1,          2   , Time           ,        5413,      4609,      804,            85.15,             9.96,                   2.38,               2.51,               0.0,                    0.0,           0.0 ,             0.193 ,           0.3284,                0.5214
TIME             ,                   6,          1,          2   , Time           ,        8725,      5724,     3001,            65.6 ,            29.87,                   2.01,               2.52,               0.0,                    0.0,           0.0 ,             0.2456,           0.3969,                0.6425
TIME             ,                   8,          1,          2   , Time           ,       11701,      6056,     5645,            51.76,            43.59,                   2.17,               2.48,               0.0,                    0.0,           0.0 ,             0.2679,           0.4294,                0.6973
TIME             ,                  10,          1,          2   , Time           ,       15230,      6182,     9048,            40.59,            55.35,                   1.99,               2.07,               0.0,                    0.0,           0.0 ,             0.3043,           0.4689,                0.7732
TIME             ,                   2,          2,          2   , Energy         ,        3574,      2045,     1529,            57.22,            38.16,                   1.59,               3.02,               0.0,                    0.0,           0.0 ,             0.2485,           0.3409,                0.5894
TIME             ,                   3,          2,          2   , Energy         ,        4127,      2281,     1846,            55.27,            40.03,                   2.04,               2.67,               0.0,                    0.0,           0.0 ,             0.2533,           0.3585,                0.6118
TIME             ,                   4,          2,          2   , Energy         ,        6274,      3396,     2878,            54.13,            40.88,                   2.15,               2.84,               0.0,                    0.0,           0.0 ,             0.2733,           0.3878,                0.6611
TIME             ,                   6,          2,          2   , Energy         ,        9222,      4855,     4367,            52.65,            42.28,                   2.42,               2.66,               0.0,                    0.0,           0.0 ,             0.2972,           0.4322,                0.7294
TIME             ,                   8,          2,          2   , Energy         ,       11946,      5497,     6449,            46.02,            48.74,                   2.24,               3.01,               0.0,                    0.0,           0.0 ,             0.3235,           0.4704,                0.7939
TIME             ,                  10,          2,          2   , Energy         ,       15482,      5704,     9778,            36.84,            57.95,                   2.43,               2.78,               0.0,                    0.0,           0.0 ,             0.3511,           0.505 ,                0.8561
TIME             ,                   2,          2,          2   , Time           ,        3586,      2057,     1529,            57.36,            38.34,                   1.45,               2.84,               0.0,                    0.0,           0.0 ,             0.2406,           0.3339,                0.5745
TIME             ,                   3,          2,          2   , Time           ,        4939,      2735,     2204,            55.38,            40.01,                   1.94,               2.67,               0.0,                    0.0,           0.0 ,             0.2578,           0.3652,                0.623
TIME             ,                   4,          2,          2   , Time           ,        6283,      3383,     2900,            53.84,            40.97,                   2.23,               2.96,               0.0,                    0.0,           0.0 ,             0.2727,           0.3891,                0.6618
TIME             ,                   6,          2,          2   , Time           ,        9300,      4838,     4462,            52.02,            42.87,                   2.35,               2.75,               0.0,                    0.0,           0.0 ,             0.2998,           0.4356,                0.7354
TIME             ,                   8,          2,          2   , Time           ,       11999,      5522,     6477,            46.02,            48.91,                   2.28,               2.79,               0.0,                    0.0,           0.0 ,             0.3236,           0.4723,                0.7959
TIME             ,                  10,          2,          2   , Time           ,       15498,      5790,     9708,            37.36,            57.88,                   2.11,               2.65,               0.0,                    0.0,           0.0 ,             0.3464,           0.4995,                0.8459
TIME             ,                   2,          4,          2   , Energy         ,        3732,      1411,     2321,            37.81,            58.6 ,                   1.45,               2.14,               0.0,                    0.0,           0.0 ,             0.2948,           0.36  ,                0.6548
TIME             ,                   3,          4,          2   , Energy         ,        5239,      1866,     3373,            35.62,            61.14,                   1.79,               1.45,               0.0,                    0.0,           0.0 ,             0.3203,           0.403 ,                0.7233
TIME             ,                   4,          4,          2   , Energy         ,        6730,      2321,     4409,            34.49,            60.92,                   1.9 ,               2.69,               0.0,                    0.0,           0.0 ,             0.3442,           0.4434,                0.7876
TIME             ,                   6,          4,          2   , Energy         ,       10199,      3338,     6861,            32.73,            62.34,                   2.37,               2.56,               0.0,                    0.0,           0.0 ,             0.3851,           0.5026,                0.8877
TIME             ,                   8,          4,          2   , Energy         ,       12837,      4114,     8723,            32.05,            62.87,                   2.34,               2.74,               0.0,                    0.0,           0.0 ,             0.4131,           0.5411,                0.9542
TIME             ,                  10,          4,          2   , Energy         ,       15871,      4904,    10967,            30.9 ,            64.31,                   2.12,               2.53,               0.0,                    0.0,           0.14,             0.4198,           0.5571,                0.9769
TIME             ,                   2,          4,          2   , Time           ,        3752,      1423,     2329,            37.93,            58.42,                   1.25,               2.4 ,               0.0,                    0.0,           0.0 ,             0.3017,           0.3673,                0.669
TIME             ,                   3,          4,          2   , Time           ,        5230,      1869,     3361,            35.74,            61.01,                   1.8 ,               1.45,               0.0,                    0.0,           0.0 ,             0.3343,           0.4183,                0.7526
TIME             ,                   4,          4,          2   , Time           ,        6739,      2307,     4432,            34.23,            61.11,                   1.78,               2.88,               0.0,                    0.0,           0.0 ,             0.3462,           0.4482,                0.7944
TIME             ,                   6,          4,          2   , Time           ,       10190,      3299,     6891,            32.37,            62.56,                   2.24,               2.83,               0.0,                    0.0,           0.0 ,             0.3947,           0.5124,                0.9071
TIME             ,                   8,          4,          2   , Time           ,       12787,      4114,     8673,            32.17,            62.67,                   2.49,               2.67,               0.0,                    0.0,           0.0 ,             0.4124,           0.5372,                0.9496
TIME             ,                  10,          4,          2   , Time           ,       15918,      4883,    11035,            30.68,            63.91,                   2.39,               2.95,               0.0,                    0.0,           0.08,             0.4203,           0.5524,                0.9727
TIME             ,                   2,          6,          2   , Energy         ,        3781,      1142,     2639,            30.2 ,            66.97,                   1.45,               1.38,               0.0,                    0.0,           0.0 ,             0.3328,           0.3801,                0.7129
TIME             ,                   3,          6,          2   , Energy         ,        5257,      1481,     3776,            28.17,            68.56,                   1.46,               1.81,               0.0,                    0.0,           0.0 ,             0.3593,           0.4311,                0.7904
TIME             ,                   4,          6,          2   , Energy         ,        6829,      1823,     5006,            26.69,            69.25,                   1.67,               2.39,               0.0,                    0.0,           0.0 ,             0.3806,           0.4672,                0.8478
TIME             ,                   6,          6,          2   , Energy         ,       10464,      2600,     7864,            24.85,            70.31,                   2.14,               2.7 ,               0.0,                    0.0,           0.0 ,             0.4223,           0.5278,                0.9501
TIME             ,                   8,          6,          2   , Energy         ,       13320,      3207,    10113,            24.08,            70.38,                   2.46,               3.08,               0.0,                    0.0,           0.0 ,             0.4607,           0.5729,                1.0336
TIME             ,                  10,          6,          2   , Energy         ,       16468,      3898,    12570,            23.67,            70.88,                   2.44,               3.01,               0.0,                    0.0,           0.0 ,             0.4684,           0.5902,                1.0586
TIME             ,                   2,          6,          2   , Time           ,        3774,      1143,     2631,            30.29,            66.98,                   1.51,               1.22,               0.0,                    0.0,           0.0 ,             0.3218,           0.3696,                0.6914
TIME             ,                   3,          6,          2   , Time           ,        5260,      1482,     3778,            28.17,            68.84,                   1.2 ,               1.79,               0.0,                    0.0,           0.0 ,             0.36  ,           0.4333,                0.7933
TIME             ,                   4,          6,          2   , Time           ,        6818,      1812,     5006,            26.58,            69.35,                   1.76,               2.32,               0.0,                    0.0,           0.0 ,             0.386 ,           0.4693,                0.8553
TIME             ,                   6,          6,          2   , Time           ,       10460,      2570,     7890,            24.57,            70.48,                   2.13,               2.82,               0.0,                    0.0,           0.0 ,             0.4254,           0.5273,                0.9527
TIME             ,                   8,          6,          2   , Time           ,       13301,      3228,    10073,            24.27,            70.69,                   2.2 ,               2.85,               0.0,                    0.0,           0.0 ,             0.4437,           0.5551,                0.9988
TIME             ,                  10,          6,          2   , Time           ,       16438,      3859,    12579,            23.48,            71.21,                   2.5 ,               2.81,               0.0,                    0.0,           0.0 ,             0.4614,           0.5848,                1.0462
TIME             ,                   2,          8,          2   , Energy         ,        3811,      1042,     2769,            27.34,            70.24,                   0.81,               1.6 ,               0.0,                    0.0,           0.0 ,             0.3876,           0.4303,                0.8179
TIME             ,                   3,          8,          2   , Energy         ,        5282,      1287,     3995,            24.37,            72.47,                   1.53,               1.63,               0.0,                    0.0,           0.0 ,             0.4084,           0.4664,                0.8748
TIME             ,                   4,          8,          2   , Energy         ,        6812,      1567,     5245,            23.0 ,            73.72,                   1.17,               2.1 ,               0.0,                    0.0,           0.0 ,             0.3971,           0.4723,                0.8694
TIME             ,                   6,          8,          2   , Energy         ,       10458,      2218,     8240,            21.21,            74.52,                   2.03,               2.25,               0.0,                    0.0,           0.0 ,             0.4274,           0.5284,                0.9558
TIME             ,                   8,          8,          2   , Energy         ,       13414,      2749,    10665,            20.49,            74.77,                   2.15,               2.59,               0.0,                    0.0,           0.0 ,             0.4767,           0.5871,                1.0638
TIME             ,                  10,          8,          2   , Energy         ,       16573,      3330,    13243,            20.09,            74.79,                   2.45,               2.43,               0.0,                    0.0,           0.24,             0.4887,           0.6048,                1.0935
TIME             ,                   2,          8,          2   , Time           ,        3806,      1043,     2763,            27.4 ,            70.18,                   0.81,               1.6 ,               0.0,                    0.0,           0.0 ,             0.382 ,           0.4239,                0.8059
TIME             ,                   3,          8,          2   , Time           ,        5279,      1298,     3981,            24.59,            72.53,                   1.21,               1.67,               0.0,                    0.0,           0.0 ,             0.4167,           0.4767,                0.8934
TIME             ,                   4,          8,          2   , Time           ,        6823,      1558,     5265,            22.83,            73.81,                   1.38,               1.98,               0.0,                    0.0,           0.0 ,             0.4133,           0.4881,                0.9014
TIME             ,                   6,          8,          2   , Time           ,       10444,      2205,     8239,            21.11,            74.89,                   1.8 ,               2.2 ,               0.0,                    0.0,           0.0 ,             0.4175,           0.5165,                0.934
TIME             ,                   8,          8,          2   , Time           ,       13372,      2734,    10638,            20.45,            74.72,                   2.34,               2.49,               0.0,                    0.0,           0.0 ,             0.4729,           0.5818,                1.0547
TIME             ,                  10,          8,          2   , Time           ,       16616,      3336,    13280,            20.08,            74.76,                   2.4 ,               2.55,               0.0,                    0.0,           0.22,             0.4623,           0.5766,                1.0389
TIME             ,                   2,         10,          2   , Energy         ,        3753,      1001,     2752,            26.67,            71.04,                   0.85,               1.44,               0.0,                    0.0,           0.0 ,             0.3712,           0.4035,                0.7747
TIME             ,                   3,         10,          2   , Energy         ,        5218,      1179,     4039,            22.59,            75.18,                   0.79,               1.44,               0.0,                    0.0,           0.0 ,             0.4373,           0.4853,                0.9226
TIME             ,                   4,         10,          2   , Energy         ,        6774,      1409,     5365,            20.8 ,            75.86,                   1.39,               1.95,               0.0,                    0.0,           0.0 ,             0.4453,           0.5107,                0.956
TIME             ,                   6,         10,          2   , Energy         ,       10380,      1976,     8404,            19.04,            77.53,                   1.57,               1.86,               0.0,                    0.0,           0.0 ,             0.459 ,           0.5473,                1.0063
TIME             ,                   8,         10,          2   , Energy         ,       13406,      2442,    10964,            18.22,            77.28,                   2.04,               2.46,               0.0,                    0.0,           0.0 ,             0.4965,           0.5993,                1.0958
TIME             ,                  10,         10,          2   , Energy         ,       16755,      2980,    13775,            17.79,            77.11,                   2.38,               2.67,               0.0,                    0.0,           0.05,             0.4939,           0.607 ,                1.1009
TIME             ,                   2,         10,          2   , Time           ,        3740,       994,     2746,            26.58,            71.12,                   0.99,               1.31,               0.0,                    0.0,           0.0 ,             0.3676,           0.3988,                0.7664
TIME             ,                   3,         10,          2   , Time           ,        5233,      1172,     4061,            22.4 ,            75.14,                   0.88,               1.59,               0.0,                    0.0,           0.0 ,             0.448 ,           0.4978,                0.9458
TIME             ,                   4,         10,          2   , Time           ,        6768,      1406,     5362,            20.77,            76.09,                   1.33,               1.8 ,               0.0,                    0.0,           0.0 ,             0.4529,           0.517 ,                0.9699
TIME             ,                   6,         10,          2   , Time           ,       10395,      1964,     8431,            18.89,            77.53,                   1.68,               1.9 ,               0.0,                    0.0,           0.0 ,             0.4404,           0.5318,                0.9722
TIME             ,                   8,         10,          2   , Time           ,       13357,      2411,    10946,            18.05,            77.82,                   1.92,               2.21,               0.0,                    0.0,           0.0 ,             0.4617,           0.5649,                1.0266
TIME             ,                  10,         10,          2   , Time           ,       16728,      2980,    13748,            17.81,            77.33,                   2.32,               2.53,               0.0,                    0.0,           0.0 ,             0.4936,           0.6067,                1.1003
TIME             ,                   2,         20,          0   , Energy         ,        3146,      2839,      307,            90.24,             5.12,                   2.26,               2.38,               0.0,                    0.0,           0.0 ,             0.1804,           0.2952,                0.4756
TIME             ,                   3,         20,          0   , Energy         ,        4290,      3806,      484,            88.72,             6.81,                   1.93,               2.54,               0.0,                    0.0,           0.0 ,             0.1942,           0.3176,                0.5118
TIME             ,                   4,         20,          0   , Energy         ,        5458,      4618,      840,            84.61,            10.22,                   2.31,               2.86,               0.0,                    0.0,           0.0 ,             0.2032,           0.3385,                0.5417
TIME             ,                   6,         20,          0   , Energy         ,        8760,      5739,     3021,            65.51,            29.46,                   2.29,               2.73,               0.0,                    0.0,           0.0 ,             0.2391,           0.392 ,                0.6311
TIME             ,                   8,         20,          0   , Energy         ,       11711,      6021,     5690,            51.41,            44.02,                   2.21,               2.36,               0.0,                    0.0,           0.0 ,             0.265 ,           0.4243,                0.6893
TIME             ,                  10,         20,          0   , Energy         ,       15265,      6257,     9008,            40.99,            54.44,                   2.38,               2.19,               0.0,                    0.0,           0.0 ,             0.3047,           0.4711,                0.7758
TIME             ,                   2,         20,          0   , Time           ,        3146,      2833,      313,            90.05,             5.05,                   2.45,               2.45,               0.0,                    0.0,           0.0 ,             0.1811,           0.2914,                0.4725
TIME             ,                   3,         20,          0   , Time           ,        4266,      3786,      480,            88.75,             6.99,                   1.8 ,               2.46,               0.0,                    0.0,           0.0 ,             0.1957,           0.3184,                0.5141
TIME             ,                   4,         20,          0   , Time           ,        5413,      4609,      804,            85.15,             9.96,                   2.38,               2.51,               0.0,                    0.0,           0.0 ,             0.193 ,           0.3284,                0.5214
TIME             ,                   6,         20,          0   , Time           ,        8725,      5724,     3001,            65.6 ,            29.87,                   2.01,               2.52,               0.0,                    0.0,           0.0 ,             0.2456,           0.3969,                0.6425
TIME             ,                   8,         20,          0   , Time           ,       11701,      6056,     5645,            51.76,            43.59,                   2.17,               2.48,               0.0,                    0.0,           0.0 ,             0.2679,           0.4294,                0.6973
TIME             ,                  10,         20,          0   , Time           ,       15230,      6182,     9048,            40.59,            55.35,                   1.99,               2.07,               0.0,                    0.0,           0.0 ,             0.3043,           0.4689,                0.7732
TIME             ,                   2,         20,          0.05, Energy         ,        3534,      2215,     1319,            62.68,            32.57,                   2.18,               2.57,               0.0,                    0.0,           0.0 ,             0.2825,           0.3826,                0.6651
TIME             ,                   3,         20,          0.05, Energy         ,        4924,      2877,     2047,            58.43,            36.56,                   2.36,               2.66,               0.0,                    0.0,           0.0 ,             0.2985,           0.411 ,                0.7095
TIME             ,                   4,         20,          0.05, Energy         ,        6280,      3545,     2735,            56.45,            38.36,                   2.36,               2.83,               0.0,                    0.0,           0.0 ,             0.3257,           0.4517,                0.7774
TIME             ,                   6,         20,          0.05, Energy         ,        9468,      5036,     4432,            53.19,            41.51,                   2.27,               3.03,               0.0,                    0.0,           0.0 ,             0.3394,           0.4733,                0.8127
TIME             ,                   8,         20,          0.05, Energy         ,       12227,      5647,     6580,            46.18,            48.79,                   2.28,               2.75,               0.0,                    0.0,           0.0 ,             0.3579,           0.5024,                0.8603
TIME             ,                  10,         20,          0.05, Energy         ,       15596,      5876,     9720,            37.68,            57.33,                   2.49,               2.51,               0.0,                    0.0,           0.0 ,             0.3773,           0.5264,                0.9037
TIME             ,                   2,         20,          0.05, Time           ,        3545,      2244,     1301,            63.3 ,            31.99,                   2.26,               2.45,               0.0,                    0.0,           0.0 ,             0.2773,           0.3802,                0.6575
TIME             ,                   3,         20,          0.05, Time           ,        4927,      2877,     2050,            58.39,            36.31,                   2.48,               2.82,               0.0,                    0.0,           0.0 ,             0.296 ,           0.4075,                0.7035
TIME             ,                   4,         20,          0.05, Time           ,        6269,      3538,     2731,            56.44,            38.62,                   1.98,               2.79,               0.0,                    0.0,           0.18,             0.3083,           0.4343,                0.7426
TIME             ,                   6,         20,          0.05, Time           ,        9412,      5032,     4380,            53.46,            41.3 ,                   2.43,               2.8 ,               0.0,                    0.0,           0.0 ,             0.3342,           0.4711,                0.8053
TIME             ,                   8,         20,          0.05, Time           ,       12184,      5693,     6491,            46.73,            47.88,                   2.46,               2.93,               0.0,                    0.0,           0.0 ,             0.3574,           0.5025,                0.8599
TIME             ,                  10,         20,          0.05, Time           ,       15578,      5908,     9670,            37.93,            57.64,                   2.02,               2.41,               0.0,                    0.0,           0.0 ,             0.3768,           0.5274,                0.9042
TIME             ,                   2,         20,          0.1 , Energy         ,        3752,      1929,     1823,            51.41,            43.07,                   2.48,               3.04,               0.0,                    0.0,           0.0 ,             0.3304,           0.4218,                0.7522
TIME             ,                   3,         20,          0.1 , Energy         ,        5238,      2506,     2732,            47.84,            46.6 ,                   2.31,               3.25,               0.0,                    0.0,           0.0 ,             0.368 ,           0.4766,                0.8446
TIME             ,                   4,         20,          0.1 , Energy         ,        6670,      3012,     3658,            45.16,            49.09,                   2.77,               2.98,               0.0,                    0.0,           0.0 ,             0.3869,           0.5011,                0.888
TIME             ,                   6,         20,          0.1 , Energy         ,       10079,      4210,     5869,            41.77,            52.31,                   2.67,               3.25,               0.0,                    0.0,           0.0 ,             0.419 ,           0.5482,                0.9672
TIME             ,                   8,         20,          0.1 , Energy         ,       12723,      5012,     7711,            39.39,            54.33,                   2.7 ,               3.58,               0.0,                    0.0,           0.0 ,             0.4235,           0.5571,                0.9806
TIME             ,                  10,         20,          0.1 , Energy         ,       15938,      5591,    10347,            35.08,            59.0 ,                   2.79,               3.14,               0.0,                    0.0,           0.0 ,             0.4376,           0.5794,                1.017
TIME             ,                   2,         20,          0.1 , Time           ,        3737,      1938,     1799,            51.86,            42.73,                   2.38,               3.02,               0.0,                    0.0,           0.0 ,             0.3314,           0.422 ,                0.7534
TIME             ,                   3,         20,          0.1 , Time           ,        5245,      2522,     2723,            48.08,            46.62,                   2.12,               3.18,               0.0,                    0.0,           0.0 ,             0.3789,           0.4871,                0.866
TIME             ,                   4,         20,          0.1 , Time           ,        6706,      3042,     3664,            45.36,            48.73,                   2.54,               3.37,               0.0,                    0.0,           0.0 ,             0.3889,           0.5005,                0.8894
TIME             ,                   6,         20,          0.1 , Time           ,       10036,      4273,     5763,            42.58,            52.05,                   2.55,               2.82,               0.0,                    0.0,           0.0 ,             0.4152,           0.5454,                0.9606
TIME             ,                   8,         20,          0.1 , Time           ,       12693,      5122,     7571,            40.35,            53.69,                   2.51,               3.27,               0.0,                    0.0,           0.18,             0.4265,           0.5634,                0.9899
TIME             ,                  10,         20,          0.1 , Time           ,       15925,      5603,    10322,            35.18,            58.85,                   2.89,               3.08,               0.0,                    0.0,           0.0 ,             0.438 ,           0.5811,                1.0191
TIME             ,                   2,         20,          0.2 , Energy         ,        3876,      1725,     2151,            44.5 ,            50.39,                   2.19,               2.92,               0.0,                    0.0,           0.0 ,             0.4131,           0.4952,                0.9083
TIME             ,                   3,         20,          0.2 , Energy         ,        5421,      2157,     3264,            39.79,            54.86,                   2.47,               2.88,               0.0,                    0.0,           0.0 ,             0.4395,           0.5388,                0.9783
TIME             ,                   4,         20,          0.2 , Energy         ,        6942,      2548,     4394,            36.7 ,            57.09,                   2.85,               2.91,               0.0,                    0.0,           0.14,             0.4801,           0.588 ,                1.0681
TIME             ,                   6,         20,          0.2 , Energy         ,       10497,      3398,     7099,            32.37,            61.63,                   2.91,               3.1 ,               0.0,                    0.0,           0.0 ,             0.4917,           0.612 ,                1.1037
TIME             ,                   8,         20,          0.2 , Energy         ,       13245,      4042,     9203,            30.52,            63.1 ,                   3.15,               3.23,               0.0,                    0.0,           0.0 ,             0.5019,           0.6291,                1.131
TIME             ,                  10,         20,          0.2 , Energy         ,       16431,      4750,    11681,            28.91,            64.8 ,                   2.99,               3.3 ,               0.0,                    0.0,           0.0 ,             0.5165,           0.6486,                1.1651
TIME             ,                   2,         20,          0.2 , Time           ,        3867,      1709,     2158,            44.19,            50.97,                   2.12,               2.72,               0.0,                    0.0,           0.0 ,             0.4169,           0.4984,                0.9153
TIME             ,                   3,         20,          0.2 , Time           ,        5428,      2127,     3301,            39.19,            55.56,                   2.27,               2.98,               0.0,                    0.0,           0.0 ,             0.4394,           0.5384,                0.9778
TIME             ,                   4,         20,          0.2 , Time           ,        6922,      2571,     4351,            37.14,            57.15,                   2.73,               2.98,               0.0,                    0.0,           0.0 ,             0.4745,           0.5829,                1.0574
TIME             ,                   6,         20,          0.2 , Time           ,       10501,      3393,     7108,            32.31,            61.34,                   3.03,               3.32,               0.0,                    0.0,           0.0 ,             0.4965,           0.6159,                1.1124
TIME             ,                   8,         20,          0.2 , Time           ,       13285,      4084,     9201,            30.74,            62.66,                   3.06,               3.55,               0.0,                    0.0,           0.0 ,             0.5144,           0.6426,                1.157
TIME             ,                  10,         20,          0.2 , Time           ,       16415,      4766,    11649,            29.03,            64.89,                   2.83,               3.24,               0.0,                    0.0,           0.0 ,             0.5144,           0.6475,                1.1619
TIME             ,                   2,         20,          0.4 , Energy         ,        3948,      1431,     2517,            36.25,            58.11,                   2.41,               3.24,               0.0,                    0.0,           0.0 ,             0.4583,           0.5291,                0.9874
TIME             ,                   3,         20,          0.4 , Energy         ,        5516,      1799,     3717,            32.61,            61.82,                   2.16,               3.41,               0.0,                    0.0,           0.0 ,             0.5154,           0.5997,                1.1151
TIME             ,                   4,         20,          0.4 , Energy         ,        7098,      2117,     4981,            29.83,            64.51,                   2.47,               3.2 ,               0.0,                    0.0,           0.0 ,             0.5514,           0.6504,                1.2018
TIME             ,                   6,         20,          0.4 , Energy         ,       10780,      2664,     8116,            24.71,            68.96,                   2.88,               3.45,               0.0,                    0.0,           0.0 ,             0.5808,           0.6922,                1.273
TIME             ,                   8,         20,          0.4 , Energy         ,       13564,      3145,    10419,            23.19,            70.92,                   2.92,               2.98,               0.0,                    0.0,           0.0 ,             0.5798,           0.6944,                1.2742
TIME             ,                  10,         20,          0.4 , Energy         ,       16927,      3571,    13356,            21.1 ,            73.08,                   2.73,               3.09,               0.0,                    0.0,           0.0 ,             0.6084,           0.7279,                1.3363
TIME             ,                   2,         20,          0.4 , Time           ,        3958,      1447,     2511,            36.56,            57.81,                   2.4 ,               3.23,               0.0,                    0.0,           0.0 ,             0.4614,           0.534 ,                0.9954
TIME             ,                   3,         20,          0.4 , Time           ,        5523,      1813,     3710,            32.83,            61.8 ,                   1.97,               3.4 ,               0.0,                    0.0,           0.0 ,             0.5216,           0.6085,                1.1301
TIME             ,                   4,         20,          0.4 , Time           ,        7095,      2113,     4982,            29.78,            64.89,                   2.27,               3.06,               0.0,                    0.0,           0.0 ,             0.5478,           0.6475,                1.1953
TIME             ,                   6,         20,          0.4 , Time           ,       10747,      2666,     8081,            24.81,            69.51,                   2.54,               3.15,               0.0,                    0.0,           0.0 ,             0.5774,           0.6891,                1.2665
TIME             ,                   8,         20,          0.4 , Time           ,       13583,      3138,    10445,            23.1 ,            70.93,                   2.74,               3.22,               0.0,                    0.0,           0.0 ,             0.596 ,           0.7083,                1.3043
TIME             ,                  10,         20,          0.4 , Time           ,       16916,      3563,    13353,            21.06,            73.33,                   2.39,               3.22,               0.0,                    0.0,           0.0 ,             0.6083,           0.7281,                1.3364
TIME             ,                   2,         20,          0.6 , Energy         ,        3938,      1306,     2632,            33.16,            62.19,                   1.83,               2.82,               0.0,                    0.0,           0.0 ,             0.4801,           0.5405,                1.0206
TIME             ,                   3,         20,          0.6 , Energy         ,        5501,      1557,     3944,            28.3 ,            66.9 ,                   2.22,               2.05,               0.0,                    0.0,           0.35,             0.5279,           0.6065,                1.1344
TIME             ,                   4,         20,          0.6 , Energy         ,        7162,      1787,     5375,            24.95,            69.34,                   2.72,               2.99,               0.0,                    0.0,           0.0 ,             0.579 ,           0.6666,                1.2456
TIME             ,                   6,         20,          0.6 , Energy         ,       10799,      2266,     8533,            20.98,            73.89,                   2.37,               2.76,               0.0,                    0.0,           0.0 ,             0.6217,           0.7209,                1.3426
TIME             ,                   8,         20,          0.6 , Energy         ,       13738,      2598,    11140,            18.91,            75.76,                   2.45,               2.88,               0.0,                    0.0,           0.0 ,             0.6455,           0.7491,                1.3946
TIME             ,                  10,         20,          0.6 , Energy         ,       17054,      2920,    14134,            17.12,            77.44,                   2.59,               2.84,               0.0,                    0.0,           0.0 ,             0.6305,           0.7415,                1.372
TIME             ,                   2,         20,          0.6 , Time           ,        3934,      1308,     2626,            33.25,            62.02,                   2.06,               2.67,               0.0,                    0.0,           0.0 ,             0.4794,           0.5412,                1.0206
TIME             ,                   3,         20,          0.6 , Time           ,        5499,      1587,     3912,            28.86,            66.08,                   2.29,               2.31,               0.0,                    0.0,           0.25,             0.5385,           0.6173,                1.1558
TIME             ,                   4,         20,          0.6 , Time           ,        7175,      1772,     5403,            24.7 ,            69.6 ,                   2.58,               3.12,               0.0,                    0.0,           0.0 ,             0.5722,           0.6588,                1.231
TIME             ,                   6,         20,          0.6 , Time           ,       10768,      2292,     8476,            21.29,            73.56,                   2.34,               2.81,               0.0,                    0.0,           0.0 ,             0.6199,           0.7185,                1.3384
TIME             ,                   8,         20,          0.6 , Time           ,       13718,      2616,    11102,            19.07,            75.66,                   2.5 ,               2.77,               0.0,                    0.0,           0.0 ,             0.6326,           0.7353,                1.3679
TIME             ,                  10,         20,          0.6 , Time           ,       17024,      2951,    14073,            17.33,            77.19,                   2.77,               2.71,               0.0,                    0.0,           0.0 ,             0.6303,           0.7456,                1.3759
TIME             ,                   2,         20,          0.8 , Energy         ,        3948,      1220,     2728,            30.9 ,            64.67,                   1.93,               2.51,               0.0,                    0.0,           0.0 ,             0.4707,           0.5254,                0.9961
TIME             ,                   3,         20,          0.8 , Energy         ,        5516,      1454,     4062,            26.36,            69.27,                   1.63,               2.74,               0.0,                    0.0,           0.0 ,             0.5257,           0.5975,                1.1232
TIME             ,                   4,         20,          0.8 , Energy         ,        7082,      1657,     5425,            23.4 ,            71.8 ,                   2.15,               2.65,               0.0,                    0.0,           0.0 ,             0.5682,           0.6492,                1.2174
TIME             ,                   6,         20,          0.8 , Energy         ,       10815,      2049,     8766,            18.95,            75.98,                   2.36,               2.72,               0.0,                    0.0,           0.0 ,             0.6349,           0.7333,                1.3682
TIME             ,                   8,         20,          0.8 , Energy         ,       11350,      1928,     9422,            16.99,            78.98,                   1.67,               2.36,               0.0,                    0.0,           0.0 ,             0.6377,           0.7392,                1.3769
TIME             ,                  10,         20,          0.8 , Energy         ,       17037,      2595,    14442,            15.23,            79.82,                   2.25,               2.59,               0.0,                    0.0,           0.1 ,             0.6591,           0.763 ,                1.4221
TIME             ,                   2,         20,          0.8 , Time           ,        3946,      1225,     2721,            31.04,            64.9 ,                   1.6 ,               2.46,               0.0,                    0.0,           0.0 ,             0.4845,           0.5379,                1.0224
TIME             ,                   3,         20,          0.8 , Time           ,        5513,      1454,     4059,            26.37,            69.25,                   1.63,               2.74,               0.0,                    0.0,           0.0 ,             0.5289,           0.6016,                1.1305
TIME             ,                   4,         20,          0.8 , Time           ,        7097,      1643,     5454,            23.15,            72.06,                   2.23,               2.56,               0.0,                    0.0,           0.0 ,             0.5692,           0.6509,                1.2201
TIME             ,                   6,         20,          0.8 , Time           ,       10797,      2048,     8749,            18.97,            76.04,                   2.28,               2.71,               0.0,                    0.0,           0.0 ,             0.6356,           0.7333,                1.3689
TIME             ,                   8,         20,          0.8 , Time           ,       13659,      2324,    11335,            17.01,            78.06,                   2.33,               2.6 ,               0.0,                    0.0,           0.0 ,             0.65  ,           0.748 ,                1.398
TIME             ,                  10,         20,          0.8 , Time           ,       17062,      2582,    14480,            15.13,            79.64,                   2.46,               2.61,               0.0,                    0.0,           0.16,             0.6519,           0.7587,                1.4106
TIME             ,                   2,         20,          1.0 , Energy         ,        3898,      1193,     2705,            30.61,            65.93,                   1.21,               2.26,               0.0,                    0.0,           0.0 ,             0.4716,           0.5273,                0.9989
TIME             ,                   3,         20,          1.0 , Energy         ,        5490,      1375,     4115,            25.05,            70.53,                   2.0 ,               2.42,               0.0,                    0.0,           0.0 ,             0.5456,           0.6129,                1.1585
TIME             ,                   4,         20,          1.0 , Energy         ,        7100,      1524,     5576,            21.46,            74.68,                   1.55,               2.31,               0.0,                    0.0,           0.0 ,             0.5996,           0.6726,                1.2722
TIME             ,                   6,         20,          1.0 , Energy         ,       10668,      1851,     8817,            17.35,            78.53,                   1.83,               2.29,               0.0,                    0.0,           0.0 ,             0.644 ,           0.7347,                1.3787
TIME             ,                   8,         20,          1.0 , Energy         ,       13577,      2104,    11473,            15.5 ,            80.14,                   2.08,               2.28,               0.0,                    0.0,           0.0 ,             0.6402,           0.737 ,                1.3772
TIME             ,                  10,         20,          1.0 , Energy         ,       16941,      2376,    14565,            14.03,            81.49,                   1.97,               2.51,               0.0,                    0.0,           0.0 ,             0.6572,           0.7595,                1.4167
TIME             ,                   2,         20,          1.0 , Time           ,        3896,      1198,     2698,            30.75,            65.79,                   1.21,               2.26,               0.0,                    0.0,           0.0 ,             0.4689,           0.5231,                0.992
TIME             ,                   3,         20,          1.0 , Time           ,        5491,      1375,     4116,            25.04,            70.53,                   2.0 ,               2.42,               0.0,                    0.0,           0.0 ,             0.5454,           0.6138,                1.1592
TIME             ,                   4,         20,          1.0 , Time           ,        7088,      1526,     5562,            21.53,            74.58,                   1.61,               2.29,               0.0,                    0.0,           0.0 ,             0.5918,           0.6677,                1.2595
TIME             ,                   6,         20,          1.0 , Time           ,       10677,      1851,     8826,            17.34,            78.65,                   1.72,               2.29,               0.0,                    0.0,           0.0 ,             0.6329,           0.7219,                1.3548
TIME             ,                   8,         20,          1.0 , Time           ,       13623,      2121,    11502,            15.57,            79.94,                   1.98,               2.51,               0.0,                    0.0,           0.0 ,             0.6472,           0.7409,                1.3881
TIME             ,                  10,         20,          1.0 , Time           ,       16972,      2356,    14616,            13.88,            81.29,                   2.19,               2.63,               0.0,                    0.0,           0.0 ,             0.6355,           0.7362,                1.3717
