[92m[INFO] Configurazione passata caricata Correttamente.[0m
[92m[INFO] Configurazione risoluzione immagini caricata Correttamente.[0m
[93m[LOAD] Caricamento configurazione <base>...[0m
[92m[LOAD] Configurazione <base> caricata con successo.[0m
Batch tasks for all servers scheduled (0..3 per server).
--- Avvio simulazione ---
Cartella: result/DTS-base_sim_SystemAP5/deadline_10/Energy_budget_80000/IMG_RES_bg_0.4_bcpui_0.35_bcpudi_0.25_am_0.3ah_0.5_avh_0.2_gh_0.7_gvh_0.3/Routing_bidirectional_True/seed_5843
CSV tasks: /home/vsalvatore/SECMotionModel/result/DTS-base_sim_SystemAP5/deadline_10/Energy_budget_80000/IMG_RES_bg_0.4_bcpui_0.35_bcpudi_0.25_am_0.3ah_0.5_avh_0.2_gh_0.7_gvh_0.3/Routing_bidirectional_True/seed_5843/results_exponential_REQ-DTS-base_AT_0.5_CPU_0.05.csv
CSV migrazioni: /home/vsalvatore/SECMotionModel/result/DTS-base_sim_SystemAP5/deadline_10/Energy_budget_80000/IMG_RES_bg_0.4_bcpui_0.35_bcpudi_0.25_am_0.3ah_0.5_avh_0.2_gh_0.7_gvh_0.3/Routing_bidirectional_True/seed_5843/migration_exponential_REQ-DTS-base_AT_0.5_CPU_0.05.csv
----------------------------------------------------------------------
	||TIME IN SIMULATION : (seconds:0) (minutes: 0) ||

MODIFICA CONFIGURAZIONE IN CORSO...

[0.000] ENQUEUE BATCH id=2000 on STARLINK-11573 [DTC] image_MB=8.05 queue_len=1
[0.000] ENQUEUE BATCH id=3000 on STARLINK-11573 [DTC] image_MB=182.82 queue_len=1
[0.000] ENQUEUE BATCH id=4000 on STARLINK-11573 [DTC] image_MB=5.70 queue_len=1
[0.000] ENQUEUE BATCH id=5000 on STARLINK-32475 image_MB=15.50 queue_len=1
[0.000] ENQUEUE BATCH id=6000 on STARLINK-31283 image_MB=6.75 queue_len=1
[0.000] ENQUEUE BATCH id=7000 on STARLINK-2116 image_MB=15.75 queue_len=1
[0.000] ENQUEUE BATCH id=8000 on STARLINK-2116 image_MB=7.61 queue_len=1
[0.000] ENQUEUE BATCH id=9000 on STARLINK-2116 image_MB=225.41 queue_len=1
[0.000] ENQUEUE BATCH id=10000 on STARLINK-30872 image_MB=6.05 queue_len=1
[0.000] ENQUEUE BATCH id=11000 on STARLINK-30872 image_MB=17.85 queue_len=1
[0.000] ENQUEUE BATCH id=12000 on STARLINK-30522 image_MB=422.38 queue_len=1
[0.000] ENQUEUE BATCH id=13000 on STARLINK-6192 image_MB=4.67 queue_len=1
[0.000] ENQUEUE BATCH id=14000 on STARLINK-6192 image_MB=7.70 queue_len=1
[0.000] ENQUEUE BATCH id=15000 on STARLINK-3127 image_MB=260.03 queue_len=1
[0.000] ENQUEUE BATCH id=16000 on STARLINK-3127 image_MB=15.95 queue_len=1
[0.000] ENQUEUE BATCH id=17000 on STARLINK-3127 image_MB=6.81 queue_len=1
[0.000] ENQUEUE BATCH id=18000 on STARLINK-5936 image_MB=13.95 queue_len=1
[0.000] ENQUEUE BATCH id=19000 on STARLINK-5936 image_MB=3.55 queue_len=1
[0.000] ENQUEUE BATCH id=20000 on STARLINK-5097 image_MB=373.99 queue_len=1
[0.000] ENQUEUE BATCH id=21000 on STARLINK-2717 image_MB=8.90 queue_len=1
[0.000] ENQUEUE BATCH id=22000 on STARLINK-2717 image_MB=14.00 queue_len=1
[0.000] ENQUEUE BATCH id=23000 on STARLINK-30297 image_MB=10.14 queue_len=1
[0.000] ENQUEUE BATCH id=24000 on STARLINK-30297 image_MB=14.35 queue_len=1
[0.000] ENQUEUE BATCH id=25000 on STARLINK-4473 image_MB=4.03 queue_len=1
[0.000] ENQUEUE BATCH id=26000 on STARLINK-4473 image_MB=241.73 queue_len=1
[0.000] ENQUEUE BATCH id=27000 on STARLINK-4473 image_MB=12.19 queue_len=1
[0.000] ENQUEUE BATCH id=28000 on STARLINK-34972 image_MB=265.90 queue_len=1
[0.000] ENQUEUE BATCH id=29000 on STARLINK-34972 image_MB=16.94 queue_len=1
[0.000] ENQUEUE BATCH id=30000 on STARLINK-34972 image_MB=9.20 queue_len=1
[0.000] ENQUEUE BATCH id=31000 on STARLINK-2319 image_MB=277.98 queue_len=1
[0.000] ENQUEUE BATCH id=32000 on STARLINK-2319 image_MB=24.04 queue_len=1
[0.000] ENQUEUE BATCH id=33000 on STARLINK-6246 image_MB=460.67 queue_len=1
[0.000] ENQUEUE BATCH id=34000 on STARLINK-6246 image_MB=305.05 queue_len=1
[0.000] ENQUEUE BATCH id=35000 on STARLINK-6246 image_MB=323.39 queue_len=1
[0.000] ENQUEUE BATCH id=36000 on STARLINK-4545 image_MB=8.29 queue_len=1
[0.000] ENQUEUE BATCH id=37000 on STARLINK-4545 image_MB=14.21 queue_len=1
[0.000] ENQUEUE BATCH id=38000 on STARLINK-4545 image_MB=17.19 queue_len=1
[0.000] ENQUEUE BATCH id=39000 on STARLINK-4438 image_MB=16.90 queue_len=1
[0.000] ENQUEUE BATCH id=40000 on STARLINK-4438 image_MB=310.48 queue_len=1
[0.000] ENQUEUE BATCH id=41000 on STARLINK-4438 image_MB=233.64 queue_len=1
[0.000] ENQUEUE BATCH id=42000 on STARLINK-30299 image_MB=497.10 queue_len=1
[0.000] ENQUEUE BATCH id=43000 on STARLINK-30299 image_MB=17.10 queue_len=1
[0.000] ENQUEUE BATCH id=44000 on STARLINK-30971 image_MB=393.87 queue_len=1
[0.000] ENQUEUE BATCH id=45000 on STARLINK-30971 image_MB=245.85 queue_len=1
[0.000] ENQUEUE BATCH id=46000 on STARLINK-5520 image_MB=16.53 queue_len=1
[0.000] ENQUEUE BATCH id=47000 on STARLINK-30571 image_MB=5.49 queue_len=1
[0.000] ENQUEUE BATCH id=48000 on STARLINK-30571 image_MB=21.51 queue_len=1
[0.000] ENQUEUE BATCH id=49000 on STARLINK-11209 [DTC] image_MB=455.65 queue_len=1
[0.000] ENQUEUE BATCH id=50000 on STARLINK-11209 [DTC] image_MB=11.03 queue_len=1
[0.000] ENQUEUE BATCH id=51000 on STARLINK-11209 [DTC] image_MB=404.61 queue_len=1
[0.000] ENQUEUE BATCH id=52000 on STARLINK-2619 image_MB=429.29 queue_len=1
[0.000] ENQUEUE BATCH id=53000 on STARLINK-11139 [DTC] image_MB=11.45 queue_len=1
[0.000] ENQUEUE BATCH id=54000 on STARLINK-11139 [DTC] image_MB=22.79 queue_len=1
[0.000] ENQUEUE BATCH id=55000 on STARLINK-11139 [DTC] image_MB=12.61 queue_len=1
[0.000] ENQUEUE BATCH id=56000 on STARLINK-32350 image_MB=20.37 queue_len=1
[0.000] ENQUEUE BATCH id=57000 on STARLINK-32350 image_MB=11.66 queue_len=1
[0.000] ENQUEUE BATCH id=58000 on STARLINK-32350 image_MB=19.40 queue_len=1
[0.000] ENQUEUE BATCH id=59000 on STARLINK-35016 image_MB=21.61 queue_len=1
[0.000] ENQUEUE BATCH id=60000 on STARLINK-35016 image_MB=470.51 queue_len=1
[0.000] ENQUEUE BATCH id=61000 on STARLINK-35016 image_MB=3.68 queue_len=1
[0.000] ENQUEUE BATCH id=62000 on STARLINK-2161 image_MB=3.51 queue_len=1
[0.000] ENQUEUE BATCH id=63000 on STARLINK-2161 image_MB=10.00 queue_len=1
[0.000] ENQUEUE BATCH id=64000 on STARLINK-2161 image_MB=11.88 queue_len=1
[0.000] ENQUEUE BATCH id=65000 on STARLINK-1068 image_MB=20.19 queue_len=1
[0.000] ENQUEUE BATCH id=66000 on STARLINK-32654 image_MB=178.62 queue_len=1
[0.000] ENQUEUE BATCH id=67000 on STARLINK-32654 image_MB=164.87 queue_len=1
[0.000] ENQUEUE BATCH id=68000 on STARLINK-32654 image_MB=375.83 queue_len=1
[0.000] ENQUEUE BATCH id=69000 on STARLINK-34011 image_MB=377.29 queue_len=1
[0.000] ENQUEUE BATCH id=70000 on STARLINK-34011 image_MB=4.07 queue_len=1
[0.000] ENQUEUE BATCH id=71000 on STARLINK-5999 image_MB=136.32 queue_len=1
[0.000] ENQUEUE BATCH id=72000 on STARLINK-5999 image_MB=10.40 queue_len=1
[0.000] ENQUEUE BATCH id=73000 on STARLINK-30704 image_MB=17.71 queue_len=1
[0.000] ENQUEUE BATCH id=74000 on STARLINK-30704 image_MB=12.09 queue_len=1
[0.000] ENQUEUE BATCH id=75000 on STARLINK-30704 image_MB=462.73 queue_len=1
[0.000] ENQUEUE BATCH id=76000 on STARLINK-4525 image_MB=165.65 queue_len=1
[0.000] ENQUEUE BATCH id=77000 on STARLINK-4525 image_MB=300.62 queue_len=1
[0.000] ENQUEUE BATCH id=78000 on STARLINK-34308 image_MB=294.20 queue_len=1
[0.000] ENQUEUE BATCH id=79000 on STARLINK-34308 image_MB=10.70 queue_len=1
[0.000] ENQUEUE BATCH id=80000 on STARLINK-31124 image_MB=24.05 queue_len=1
[0.000] ENQUEUE BATCH id=81000 on STARLINK-30985 image_MB=10.19 queue_len=1
[0.000] ENQUEUE BATCH id=82000 on STARLINK-6195 image_MB=336.03 queue_len=1
[0.000] ENQUEUE BATCH id=83000 on STARLINK-6195 image_MB=285.57 queue_len=1
[0.000] ENQUEUE BATCH id=84000 on STARLINK-30895 image_MB=2.42 queue_len=1
[0.000] ENQUEUE BATCH id=85000 on STARLINK-30895 image_MB=15.29 queue_len=1
[0.000] ENQUEUE BATCH id=86000 on STARLINK-30895 image_MB=15.58 queue_len=1
[0.000] ENQUEUE BATCH id=87000 on STARLINK-32400 image_MB=169.94 queue_len=1
[0.000] ENQUEUE BATCH id=88000 on STARLINK-32400 image_MB=8.02 queue_len=1
[0.000] ENQUEUE BATCH id=89000 on STARLINK-31545 image_MB=220.08 queue_len=1
[0.000] ENQUEUE BATCH id=90000 on STARLINK-31545 image_MB=3.51 queue_len=1
[0.000] ENQUEUE BATCH id=91000 on STARLINK-33854 image_MB=165.15 queue_len=1
[0.000] ENQUEUE BATCH id=92000 on STARLINK-35136 image_MB=20.74 queue_len=1
[0.000] ENQUEUE BATCH id=93000 on STARLINK-35136 image_MB=12.25 queue_len=1
[0.000] ENQUEUE BATCH id=94000 on STARLINK-5854 image_MB=13.97 queue_len=1
[0.000] ENQUEUE BATCH id=95000 on STARLINK-5854 image_MB=22.54 queue_len=1
[0.000] ENQUEUE BATCH id=96000 on STARLINK-3138 image_MB=7.69 queue_len=1
[0.000] ENQUEUE BATCH id=97000 on STARLINK-3138 image_MB=13.81 queue_len=1
[0.000] ENQUEUE BATCH id=98000 on STARLINK-30223 image_MB=2.79 queue_len=1
[0.000] ENQUEUE BATCH id=99000 on STARLINK-30223 image_MB=19.22 queue_len=1
[0.000] ENQUEUE BATCH id=100000 on STARLINK-30137 image_MB=8.25 queue_len=1
[0.000] ENQUEUE BATCH id=101000 on STARLINK-30137 image_MB=19.29 queue_len=1
[0.000] ENQUEUE BATCH id=102000 on STARLINK-3843 image_MB=11.21 queue_len=1
[0.000] ENQUEUE BATCH id=103000 on STARLINK-3843 image_MB=204.98 queue_len=1
[0.000] ENQUEUE BATCH id=104000 on STARLINK-3843 image_MB=11.15 queue_len=1
[0.000] ENQUEUE BATCH id=105000 on STARLINK-1570 image_MB=398.77 queue_len=1
[0.000] ENQUEUE BATCH id=106000 on STARLINK-1570 image_MB=312.39 queue_len=1
[0.000] ENQUEUE BATCH id=107000 on STARLINK-1570 image_MB=12.94 queue_len=1
[0.000] ENQUEUE BATCH id=108000 on STARLINK-3807 image_MB=24.19 queue_len=1
[0.000] ENQUEUE BATCH id=109000 on STARLINK-5942 image_MB=11.70 queue_len=1
[0.000] ENQUEUE BATCH id=110000 on STARLINK-5942 image_MB=21.42 queue_len=1
[0.000] ENQUEUE BATCH id=111000 on STARLINK-5942 image_MB=8.19 queue_len=1
[0.000] ENQUEUE BATCH id=112000 on STARLINK-35077 image_MB=13.99 queue_len=1
[0.000] ENQUEUE BATCH id=113000 on STARLINK-35077 image_MB=18.60 queue_len=1
[0.000] ENQUEUE BATCH id=114000 on STARLINK-3970 image_MB=13.53 queue_len=1
[0.000] ENQUEUE BATCH id=115000 on STARLINK-3970 image_MB=3.51 queue_len=1
[0.000] ENQUEUE BATCH id=116000 on STARLINK-3970 image_MB=6.82 queue_len=1
[0.000] ENQUEUE BATCH id=117000 on STARLINK-2068 image_MB=14.26 queue_len=1
[0.000] ENQUEUE BATCH id=118000 on STARLINK-2068 image_MB=468.98 queue_len=1
[0.000] ENQUEUE BATCH id=119000 on STARLINK-6351 image_MB=11.79 queue_len=1
[0.000] ENQUEUE BATCH id=120000 on STARLINK-6351 image_MB=16.21 queue_len=1
[0.000] ENQUEUE BATCH id=121000 on STARLINK-6198 image_MB=308.60 queue_len=1
[0.000] ENQUEUE BATCH id=122000 on STARLINK-6198 image_MB=8.51 queue_len=1
Genero i task
[Task 84000] Task eseguito su STARLINK-30895 32.593706793428616 degrees | CPU=0.0000J, NET=0.0011J, TOTAL=0.0011J, Remaining=80000.00J
[0.001] BATCH id=84000 served on STARLINK-30895 net_time=0.001 eps_net=0.001128
[Task 98000] Task eseguito su STARLINK-30223 29.36566499200775 degrees | CPU=0.0000J, NET=0.0013J, TOTAL=0.0013J, Remaining=80000.00J
[0.001] BATCH id=98000 served on STARLINK-30223 net_time=0.001 eps_net=0.001296
[Task 62000] Task eseguito su STARLINK-2161 38.04342016915171 degrees | CPU=0.0000J, NET=0.0016J, TOTAL=0.0016J, Remaining=80000.00J
[0.002] BATCH id=62000 served on STARLINK-2161 net_time=0.002 eps_net=0.001632
[Task 90000] Task eseguito su STARLINK-31545 26.294660391114427 degrees | CPU=0.0000J, NET=0.0016J, TOTAL=0.0016J, Remaining=80000.00J
[0.002] BATCH id=90000 served on STARLINK-31545 net_time=0.002 eps_net=0.001632
[Task 115000] Task eseguito su STARLINK-3970 26.59508428709472 degrees | CPU=0.0000J, NET=0.0016J, TOTAL=0.0016J, Remaining=80000.00J
[0.002] BATCH id=115000 served on STARLINK-3970 net_time=0.002 eps_net=0.001633
[Task 19000] Task eseguito su STARLINK-5936 67.88650469531936 degrees | CPU=0.0000J, NET=0.0016J, TOTAL=0.0016J, Remaining=80000.00J
[0.002] BATCH id=19000 served on STARLINK-5936 net_time=0.002 eps_net=0.001650
[Task 61000] Task eseguito su STARLINK-35016 32.12311850143489 degrees | CPU=0.0000J, NET=0.0017J, TOTAL=0.0017J, Remaining=80000.00J
[0.002] BATCH id=61000 served on STARLINK-35016 net_time=0.002 eps_net=0.001710
[Task 25000] Task eseguito su STARLINK-4473 56.734306737392444 degrees | CPU=0.0000J, NET=0.0019J, TOTAL=0.0019J, Remaining=80000.00J
[0.002] BATCH id=25000 served on STARLINK-4473 net_time=0.002 eps_net=0.001873
[Task 70000] Task eseguito su STARLINK-34011 30.90738065825921 degrees | CPU=0.0000J, NET=0.0019J, TOTAL=0.0019J, Remaining=80000.00J
[0.002] BATCH id=70000 served on STARLINK-34011 net_time=0.002 eps_net=0.001893
[Task 13000] Task eseguito su STARLINK-6192 74.82151018522693 degrees | CPU=0.0000J, NET=0.0022J, TOTAL=0.0022J, Remaining=80000.00J
[0.002] BATCH id=13000 served on STARLINK-6192 net_time=0.002 eps_net=0.002174
[Task 47000] Task eseguito su STARLINK-30571 40.55225430596419 degrees | CPU=0.0000J, NET=0.0026J, TOTAL=0.0026J, Remaining=80000.00J
[0.003] BATCH id=47000 served on STARLINK-30571 net_time=0.003 eps_net=0.002554
[Task 4000] Task eseguito su STARLINK-11573 [DTC] 65.49068065331039 degrees | CPU=0.0000J, NET=0.0026J, TOTAL=0.0026J, Remaining=80000.00J
[0.003] BATCH id=4000 served on STARLINK-11573 [DTC] net_time=0.003 eps_net=0.002649
[Task 10000] Task eseguito su STARLINK-30872 58.993572103245064 degrees | CPU=0.0000J, NET=0.0028J, TOTAL=0.0028J, Remaining=80000.00J
[0.003] BATCH id=10000 served on STARLINK-30872 net_time=0.003 eps_net=0.002812
[Task 6000] Task eseguito su STARLINK-31283 65.99683670988222 degrees | CPU=0.0000J, NET=0.0031J, TOTAL=0.0031J, Remaining=80000.00J
[0.003] BATCH id=6000 served on STARLINK-31283 net_time=0.003 eps_net=0.003140
[Task 17000] Task eseguito su STARLINK-3127 62.93376393896493 degrees | CPU=0.0000J, NET=0.0032J, TOTAL=0.0032J, Remaining=80000.00J
[0.003] BATCH id=17000 served on STARLINK-3127 net_time=0.003 eps_net=0.003168
[Task 116000] Task eseguito su STARLINK-3970 26.59508428709472 degrees | CPU=0.0000J, NET=0.0032J, TOTAL=0.0032J, Remaining=80000.00J
[0.003] BATCH id=116000 served on STARLINK-3970 net_time=0.003 eps_net=0.003174
[Task 8000] Task eseguito su STARLINK-2116 50.20976027193822 degrees | CPU=0.0000J, NET=0.0035J, TOTAL=0.0035J, Remaining=80000.00J
[0.004] BATCH id=8000 served on STARLINK-2116 net_time=0.004 eps_net=0.003541
[Task 96000] Task eseguito su STARLINK-3138 28.645841804719513 degrees | CPU=0.0000J, NET=0.0036J, TOTAL=0.0036J, Remaining=80000.00J
[0.004] BATCH id=96000 served on STARLINK-3138 net_time=0.004 eps_net=0.003575
[Task 14000] Task eseguito su STARLINK-6192 74.82151018522693 degrees | CPU=0.0000J, NET=0.0036J, TOTAL=0.0036J, Remaining=80000.00J
[0.004] BATCH id=14000 served on STARLINK-6192 net_time=0.004 eps_net=0.003580
[Task 88000] Task eseguito su STARLINK-32400 25.985758886512947 degrees | CPU=0.0000J, NET=0.0037J, TOTAL=0.0037J, Remaining=80000.00J
[0.004] BATCH id=88000 served on STARLINK-32400 net_time=0.004 eps_net=0.003731
[Task 2000] Task eseguito su STARLINK-11573 [DTC] 65.49068065331039 degrees | CPU=0.0000J, NET=0.0037J, TOTAL=0.0037J, Remaining=80000.00J
[0.004] BATCH id=2000 served on STARLINK-11573 [DTC] net_time=0.004 eps_net=0.003744
[Task 111000] Task eseguito su STARLINK-5942 28.110357725133046 degrees | CPU=0.0000J, NET=0.0038J, TOTAL=0.0038J, Remaining=80000.00J
[0.004] BATCH id=111000 served on STARLINK-5942 net_time=0.004 eps_net=0.003809
[Task 100000] Task eseguito su STARLINK-30137 28.914578780256353 degrees | CPU=0.0000J, NET=0.0038J, TOTAL=0.0038J, Remaining=80000.00J
[0.004] BATCH id=100000 served on STARLINK-30137 net_time=0.004 eps_net=0.003836
[Task 36000] Task eseguito su STARLINK-4545 46.25972076355547 degrees | CPU=0.0000J, NET=0.0039J, TOTAL=0.0039J, Remaining=80000.00J
[0.004] BATCH id=36000 served on STARLINK-4545 net_time=0.004 eps_net=0.003855
[Task 122000] Task eseguito su STARLINK-6198 26.28680368123605 degrees | CPU=0.0000J, NET=0.0040J, TOTAL=0.0040J, Remaining=80000.00J
[0.004] BATCH id=122000 served on STARLINK-6198 net_time=0.004 eps_net=0.003958
[Task 21000] Task eseguito su STARLINK-2717 55.68889171912144 degrees | CPU=0.0000J, NET=0.0041J, TOTAL=0.0041J, Remaining=80000.00J
[0.004] BATCH id=21000 served on STARLINK-2717 net_time=0.004 eps_net=0.004141
[Task 30000] Task eseguito su STARLINK-34972 52.036905010977726 degrees | CPU=0.0000J, NET=0.0043J, TOTAL=0.0043J, Remaining=80000.00J
[0.004] BATCH id=30000 served on STARLINK-34972 net_time=0.004 eps_net=0.004279
[Task 63000] Task eseguito su STARLINK-2161 38.04342016915171 degrees | CPU=0.0000J, NET=0.0047J, TOTAL=0.0047J, Remaining=80000.00J
[0.005] BATCH id=63000 served on STARLINK-2161 net_time=0.005 eps_net=0.004652
[Task 23000] Task eseguito su STARLINK-30297 44.05543347317844 degrees | CPU=0.0000J, NET=0.0047J, TOTAL=0.0047J, Remaining=80000.00J
[0.005] BATCH id=23000 served on STARLINK-30297 net_time=0.005 eps_net=0.004717
[Task 81000] Task eseguito su STARLINK-30985 33.52956432301518 degrees | CPU=0.0000J, NET=0.0047J, TOTAL=0.0047J, Remaining=80000.00J
[0.005] BATCH id=81000 served on STARLINK-30985 net_time=0.005 eps_net=0.004737
[Task 72000] Task eseguito su STARLINK-5999 36.75210942108773 degrees | CPU=0.0000J, NET=0.0048J, TOTAL=0.0048J, Remaining=80000.00J
[0.005] BATCH id=72000 served on STARLINK-5999 net_time=0.005 eps_net=0.004838
[Task 79000] Task eseguito su STARLINK-34308 28.252563557600816 degrees | CPU=0.0000J, NET=0.0050J, TOTAL=0.0050J, Remaining=80000.00J
[0.005] BATCH id=79000 served on STARLINK-34308 net_time=0.005 eps_net=0.004979
[Task 50000] Task eseguito su STARLINK-11209 [DTC] 34.92552981114727 degrees | CPU=0.0000J, NET=0.0051J, TOTAL=0.0051J, Remaining=80000.00J
[0.005] BATCH id=50000 served on STARLINK-11209 [DTC] net_time=0.005 eps_net=0.005129
[Task 104000] Task eseguito su STARLINK-3843 27.730453572045782 degrees | CPU=0.0000J, NET=0.0052J, TOTAL=0.0052J, Remaining=80000.00J
[0.005] BATCH id=104000 served on STARLINK-3843 net_time=0.005 eps_net=0.005186
[Task 102000] Task eseguito su STARLINK-3843 27.730453572045782 degrees | CPU=0.0000J, NET=0.0052J, TOTAL=0.0052J, Remaining=79999.99J
[0.005] BATCH id=102000 served on STARLINK-3843 net_time=0.005 eps_net=0.005216
[Task 53000] Task eseguito su STARLINK-11139 [DTC] 27.05039415804127 degrees | CPU=0.0000J, NET=0.0053J, TOTAL=0.0053J, Remaining=80000.00J
[0.005] BATCH id=53000 served on STARLINK-11139 [DTC] net_time=0.005 eps_net=0.005326
[Task 57000] Task eseguito su STARLINK-32350 33.033577679653604 degrees | CPU=0.0000J, NET=0.0054J, TOTAL=0.0054J, Remaining=80000.00J
[0.005] BATCH id=57000 served on STARLINK-32350 net_time=0.005 eps_net=0.005422
[Task 109000] Task eseguito su STARLINK-5942 28.110357725133046 degrees | CPU=0.0000J, NET=0.0054J, TOTAL=0.0054J, Remaining=80000.00J
[0.005] BATCH id=109000 served on STARLINK-5942 net_time=0.005 eps_net=0.005443
[Task 119000] Task eseguito su STARLINK-6351 26.09899736916676 degrees | CPU=0.0000J, NET=0.0055J, TOTAL=0.0055J, Remaining=80000.00J
[0.005] BATCH id=119000 served on STARLINK-6351 net_time=0.005 eps_net=0.005483
[Task 64000] Task eseguito su STARLINK-2161 38.04342016915171 degrees | CPU=0.0000J, NET=0.0055J, TOTAL=0.0055J, Remaining=79999.99J
[0.006] BATCH id=64000 served on STARLINK-2161 net_time=0.006 eps_net=0.005523
[Task 74000] Task eseguito su STARLINK-30704 29.331443580282098 degrees | CPU=0.0000J, NET=0.0056J, TOTAL=0.0056J, Remaining=80000.00J
[0.006] BATCH id=74000 served on STARLINK-30704 net_time=0.006 eps_net=0.005624
[Task 27000] Task eseguito su STARLINK-4473 56.734306737392444 degrees | CPU=0.0000J, NET=0.0057J, TOTAL=0.0057J, Remaining=80000.00J
[0.006] BATCH id=27000 served on STARLINK-4473 net_time=0.006 eps_net=0.005669
[Task 93000] Task eseguito su STARLINK-35136 29.650549144475516 degrees | CPU=0.0000J, NET=0.0057J, TOTAL=0.0057J, Remaining=80000.00J
[0.006] BATCH id=93000 served on STARLINK-35136 net_time=0.006 eps_net=0.005698
[Task 55000] Task eseguito su STARLINK-11139 [DTC] 27.05039415804127 degrees | CPU=0.0000J, NET=0.0059J, TOTAL=0.0059J, Remaining=79999.99J
[0.006] BATCH id=55000 served on STARLINK-11139 [DTC] net_time=0.006 eps_net=0.005866
[Task 107000] Task eseguito su STARLINK-1570 27.899013415435416 degrees | CPU=0.0000J, NET=0.0060J, TOTAL=0.0060J, Remaining=80000.00J
[0.006] BATCH id=107000 served on STARLINK-1570 net_time=0.006 eps_net=0.006017
[Task 114000] Task eseguito su STARLINK-3970 26.59508428709472 degrees | CPU=0.0000J, NET=0.0063J, TOTAL=0.0063J, Remaining=80000.00J
[0.006] BATCH id=114000 served on STARLINK-3970 net_time=0.006 eps_net=0.006292
[Task 97000] Task eseguito su STARLINK-3138 28.645841804719513 degrees | CPU=0.0000J, NET=0.0064J, TOTAL=0.0064J, Remaining=80000.00J
[0.006] BATCH id=97000 served on STARLINK-3138 net_time=0.006 eps_net=0.006424
[Task 18000] Task eseguito su STARLINK-5936 67.88650469531936 degrees | CPU=0.0000J, NET=0.0065J, TOTAL=0.0065J, Remaining=80000.00J
[0.006] BATCH id=18000 served on STARLINK-5936 net_time=0.006 eps_net=0.006486
[Task 94000] Task eseguito su STARLINK-5854 31.499028495594143 degrees | CPU=0.0000J, NET=0.0065J, TOTAL=0.0065J, Remaining=80000.00J
[0.006] BATCH id=94000 served on STARLINK-5854 net_time=0.006 eps_net=0.006499
[Task 112000] Task eseguito su STARLINK-35077 27.613688271776077 degrees | CPU=0.0000J, NET=0.0065J, TOTAL=0.0065J, Remaining=80000.00J
[0.007] BATCH id=112000 served on STARLINK-35077 net_time=0.007 eps_net=0.006506
[Task 22000] Task eseguito su STARLINK-2717 55.68889171912144 degrees | CPU=0.0000J, NET=0.0065J, TOTAL=0.0065J, Remaining=80000.00J
[0.007] BATCH id=22000 served on STARLINK-2717 net_time=0.007 eps_net=0.006512
[Task 37000] Task eseguito su STARLINK-4545 46.25972076355547 degrees | CPU=0.0000J, NET=0.0066J, TOTAL=0.0066J, Remaining=80000.00J
[0.007] BATCH id=37000 served on STARLINK-4545 net_time=0.007 eps_net=0.006611
[Task 117000] Task eseguito su STARLINK-2068 26.038481958384484 degrees | CPU=0.0000J, NET=0.0066J, TOTAL=0.0066J, Remaining=80000.00J
[0.007] BATCH id=117000 served on STARLINK-2068 net_time=0.007 eps_net=0.006632
[Task 24000] Task eseguito su STARLINK-30297 44.05543347317844 degrees | CPU=0.0000J, NET=0.0067J, TOTAL=0.0067J, Remaining=80000.00J
[0.007] BATCH id=24000 served on STARLINK-30297 net_time=0.007 eps_net=0.006675
[Task 85000] Task eseguito su STARLINK-30895 32.593706793428616 degrees | CPU=0.0000J, NET=0.0071J, TOTAL=0.0071J, Remaining=80000.00J
[0.007] BATCH id=85000 served on STARLINK-30895 net_time=0.007 eps_net=0.007113
[Task 5000] Task eseguito su STARLINK-32475 75.79384632038777 degrees | CPU=0.0000J, NET=0.0072J, TOTAL=0.0072J, Remaining=80000.00J
[0.007] BATCH id=5000 served on STARLINK-32475 net_time=0.007 eps_net=0.007210
[Task 86000] Task eseguito su STARLINK-30895 32.593706793428616 degrees | CPU=0.0000J, NET=0.0072J, TOTAL=0.0072J, Remaining=79999.99J
[0.007] BATCH id=86000 served on STARLINK-30895 net_time=0.007 eps_net=0.007247
[Task 7000] Task eseguito su STARLINK-2116 50.20976027193822 degrees | CPU=0.0000J, NET=0.0073J, TOTAL=0.0073J, Remaining=80000.00J
[0.007] BATCH id=7000 served on STARLINK-2116 net_time=0.007 eps_net=0.007326
[Task 16000] Task eseguito su STARLINK-3127 62.93376393896493 degrees | CPU=0.0000J, NET=0.0074J, TOTAL=0.0074J, Remaining=80000.00J
[0.007] BATCH id=16000 served on STARLINK-3127 net_time=0.007 eps_net=0.007418
[Task 120000] Task eseguito su STARLINK-6351 26.09899736916676 degrees | CPU=0.0000J, NET=0.0075J, TOTAL=0.0075J, Remaining=79999.99J
[0.008] BATCH id=120000 served on STARLINK-6351 net_time=0.008 eps_net=0.007542
[Task 46000] Task eseguito su STARLINK-5520 42.67183917717197 degrees | CPU=0.0000J, NET=0.0077J, TOTAL=0.0077J, Remaining=80000.00J
[0.008] BATCH id=46000 served on STARLINK-5520 net_time=0.008 eps_net=0.007687
[Task 39000] Task eseguito su STARLINK-4438 47.592482406941734 degrees | CPU=0.0000J, NET=0.0079J, TOTAL=0.0079J, Remaining=80000.00J
[0.008] BATCH id=39000 served on STARLINK-4438 net_time=0.008 eps_net=0.007862
[Task 29000] Task eseguito su STARLINK-34972 52.036905010977726 degrees | CPU=0.0000J, NET=0.0079J, TOTAL=0.0079J, Remaining=80000.00J
[0.008] BATCH id=29000 served on STARLINK-34972 net_time=0.008 eps_net=0.007881
[Task 43000] Task eseguito su STARLINK-30299 46.62992025210687 degrees | CPU=0.0000J, NET=0.0080J, TOTAL=0.0080J, Remaining=80000.00J
[0.008] BATCH id=43000 served on STARLINK-30299 net_time=0.008 eps_net=0.007955
[Task 38000] Task eseguito su STARLINK-4545 46.25972076355547 degrees | CPU=0.0000J, NET=0.0080J, TOTAL=0.0080J, Remaining=79999.99J
[0.008] BATCH id=38000 served on STARLINK-4545 net_time=0.008 eps_net=0.007997
[Task 73000] Task eseguito su STARLINK-30704 29.331443580282098 degrees | CPU=0.0000J, NET=0.0082J, TOTAL=0.0082J, Remaining=79999.99J
[0.008] BATCH id=73000 served on STARLINK-30704 net_time=0.008 eps_net=0.008239
[Task 11000] Task eseguito su STARLINK-30872 58.993572103245064 degrees | CPU=0.0000J, NET=0.0083J, TOTAL=0.0083J, Remaining=80000.00J
[0.008] BATCH id=11000 served on STARLINK-30872 net_time=0.008 eps_net=0.008303
[Task 113000] Task eseguito su STARLINK-35077 27.613688271776077 degrees | CPU=0.0000J, NET=0.0087J, TOTAL=0.0087J, Remaining=79999.99J
[0.009] BATCH id=113000 served on STARLINK-35077 net_time=0.009 eps_net=0.008651
[Task 99000] Task eseguito su STARLINK-30223 29.36566499200775 degrees | CPU=0.0000J, NET=0.0089J, TOTAL=0.0089J, Remaining=80000.00J
[0.009] BATCH id=99000 served on STARLINK-30223 net_time=0.009 eps_net=0.008941
[Task 101000] Task eseguito su STARLINK-30137 28.914578780256353 degrees | CPU=0.0000J, NET=0.0090J, TOTAL=0.0090J, Remaining=80000.00J
[0.009] BATCH id=101000 served on STARLINK-30137 net_time=0.009 eps_net=0.008974
[Task 58000] Task eseguito su STARLINK-32350 33.033577679653604 degrees | CPU=0.0000J, NET=0.0090J, TOTAL=0.0090J, Remaining=79999.99J
[0.009] BATCH id=58000 served on STARLINK-32350 net_time=0.009 eps_net=0.009022
[Task 65000] Task eseguito su STARLINK-1068 37.86329113501799 degrees | CPU=0.0000J, NET=0.0094J, TOTAL=0.0094J, Remaining=80000.00J
[0.009] BATCH id=65000 served on STARLINK-1068 net_time=0.009 eps_net=0.009391
[Task 56000] Task eseguito su STARLINK-32350 33.033577679653604 degrees | CPU=0.0000J, NET=0.0095J, TOTAL=0.0095J, Remaining=79999.99J
[0.009] BATCH id=56000 served on STARLINK-32350 net_time=0.009 eps_net=0.009474
[Task 92000] Task eseguito su STARLINK-35136 29.650549144475516 degrees | CPU=0.0000J, NET=0.0096J, TOTAL=0.0096J, Remaining=79999.99J
[0.010] BATCH id=92000 served on STARLINK-35136 net_time=0.010 eps_net=0.009644
[Task 110000] Task eseguito su STARLINK-5942 28.110357725133046 degrees | CPU=0.0000J, NET=0.0100J, TOTAL=0.0100J, Remaining=79999.99J
[0.010] BATCH id=110000 served on STARLINK-5942 net_time=0.010 eps_net=0.009965
[Task 48000] Task eseguito su STARLINK-30571 40.55225430596419 degrees | CPU=0.0000J, NET=0.0100J, TOTAL=0.0100J, Remaining=80000.00J
[0.010] BATCH id=48000 served on STARLINK-30571 net_time=0.010 eps_net=0.010003
[Task 59000] Task eseguito su STARLINK-35016 32.12311850143489 degrees | CPU=0.0000J, NET=0.0101J, TOTAL=0.0101J, Remaining=80000.00J
[0.010] BATCH id=59000 served on STARLINK-35016 net_time=0.010 eps_net=0.010053
[Task 95000] Task eseguito su STARLINK-5854 31.499028495594143 degrees | CPU=0.0000J, NET=0.0105J, TOTAL=0.0105J, Remaining=79999.99J
[0.010] BATCH id=95000 served on STARLINK-5854 net_time=0.010 eps_net=0.010483
[Task 54000] Task eseguito su STARLINK-11139 [DTC] 27.05039415804127 degrees | CPU=0.0000J, NET=0.0106J, TOTAL=0.0106J, Remaining=79999.99J
[0.011] BATCH id=54000 served on STARLINK-11139 [DTC] net_time=0.011 eps_net=0.010598
[Task 32000] Task eseguito su STARLINK-2319 50.08650158424539 degrees | CPU=0.0000J, NET=0.0112J, TOTAL=0.0112J, Remaining=80000.00J
[0.011] BATCH id=32000 served on STARLINK-2319 net_time=0.011 eps_net=0.011181
[Task 80000] Task eseguito su STARLINK-31124 28.150251230950822 degrees | CPU=0.0000J, NET=0.0112J, TOTAL=0.0112J, Remaining=80000.00J
[0.011] BATCH id=80000 served on STARLINK-31124 net_time=0.011 eps_net=0.011187
[Task 108000] Task eseguito su STARLINK-3807 26.91375524666539 degrees | CPU=0.0000J, NET=0.0112J, TOTAL=0.0112J, Remaining=80000.00J
[0.011] BATCH id=108000 served on STARLINK-3807 net_time=0.011 eps_net=0.011249
[Task 71000] Task eseguito su STARLINK-5999 36.75210942108773 degrees | CPU=0.0000J, NET=0.0634J, TOTAL=0.0634J, Remaining=80000.00J
[0.063] BATCH id=71000 served on STARLINK-5999 net_time=0.063 eps_net=0.063405
[Task 67000] Task eseguito su STARLINK-32654 31.300968911213833 degrees | CPU=0.0000J, NET=0.0767J, TOTAL=0.0767J, Remaining=80000.00J
[0.077] BATCH id=67000 served on STARLINK-32654 net_time=0.077 eps_net=0.076683
[Task 91000] Task eseguito su STARLINK-33854 25.418237386937445 degrees | CPU=0.0000J, NET=0.0768J, TOTAL=0.0768J, Remaining=80000.00J
[0.077] BATCH id=91000 served on STARLINK-33854 net_time=0.077 eps_net=0.076812
[Task 76000] Task eseguito su STARLINK-4525 34.207467204213934 degrees | CPU=0.0000J, NET=0.0770J, TOTAL=0.0770J, Remaining=80000.00J
[0.077] BATCH id=76000 served on STARLINK-4525 net_time=0.077 eps_net=0.077045
[Task 87000] Task eseguito su STARLINK-32400 25.985758886512947 degrees | CPU=0.0000J, NET=0.0790J, TOTAL=0.0790J, Remaining=80000.00J
[0.079] BATCH id=87000 served on STARLINK-32400 net_time=0.079 eps_net=0.079042
[Task 66000] Task eseguito su STARLINK-32654 31.300968911213833 degrees | CPU=0.0000J, NET=0.0831J, TOTAL=0.0831J, Remaining=79999.92J
[0.083] BATCH id=66000 served on STARLINK-32654 net_time=0.083 eps_net=0.083078
[Task 3000] Task eseguito su STARLINK-11573 [DTC] 65.49068065331039 degrees | CPU=0.0000J, NET=0.0850J, TOTAL=0.0850J, Remaining=79999.99J
[0.085] BATCH id=3000 served on STARLINK-11573 [DTC] net_time=0.085 eps_net=0.085032
[Task 103000] Task eseguito su STARLINK-3843 27.730453572045782 degrees | CPU=0.0000J, NET=0.0953J, TOTAL=0.0953J, Remaining=79999.99J
[0.095] BATCH id=103000 served on STARLINK-3843 net_time=0.095 eps_net=0.095341
[Task 89000] Task eseguito su STARLINK-31545 26.294660391114427 degrees | CPU=0.0000J, NET=0.1024J, TOTAL=0.1024J, Remaining=80000.00J
[0.102] BATCH id=89000 served on STARLINK-31545 net_time=0.102 eps_net=0.102361
[Task 9000] Task eseguito su STARLINK-2116 50.20976027193822 degrees | CPU=0.0000J, NET=0.1048J, TOTAL=0.1048J, Remaining=79999.99J
[0.105] BATCH id=9000 served on STARLINK-2116 net_time=0.105 eps_net=0.104844
[Task 41000] Task eseguito su STARLINK-4438 47.592482406941734 degrees | CPU=0.0000J, NET=0.1087J, TOTAL=0.1087J, Remaining=79999.99J
[0.109] BATCH id=41000 served on STARLINK-4438 net_time=0.109 eps_net=0.108669
[Task 26000] Task eseguito su STARLINK-4473 56.734306737392444 degrees | CPU=0.0000J, NET=0.1124J, TOTAL=0.1124J, Remaining=79999.99J
[0.112] BATCH id=26000 served on STARLINK-4473 net_time=0.112 eps_net=0.112430
[Task 45000] Task eseguito su STARLINK-30971 45.688328091737986 degrees | CPU=0.0000J, NET=0.1143J, TOTAL=0.1143J, Remaining=80000.00J
[0.114] BATCH id=45000 served on STARLINK-30971 net_time=0.114 eps_net=0.114347
[Task 15000] Task eseguito su STARLINK-3127 62.93376393896493 degrees | CPU=0.0000J, NET=0.1209J, TOTAL=0.1209J, Remaining=79999.99J
[0.121] BATCH id=15000 served on STARLINK-3127 net_time=0.121 eps_net=0.120944
[Task 28000] Task eseguito su STARLINK-34972 52.036905010977726 degrees | CPU=0.0000J, NET=0.1237J, TOTAL=0.1237J, Remaining=79999.99J
[0.124] BATCH id=28000 served on STARLINK-34972 net_time=0.124 eps_net=0.123674
[Task 31000] Task eseguito su STARLINK-2319 50.08650158424539 degrees | CPU=0.0000J, NET=0.1293J, TOTAL=0.1293J, Remaining=79999.99J
[0.129] BATCH id=31000 served on STARLINK-2319 net_time=0.129 eps_net=0.129291
[Task 83000] Task eseguito su STARLINK-6195 33.492118209942355 degrees | CPU=0.0000J, NET=0.1328J, TOTAL=0.1328J, Remaining=80000.00J
[0.133] BATCH id=83000 served on STARLINK-6195 net_time=0.133 eps_net=0.132823
[Task 78000] Task eseguito su STARLINK-34308 28.252563557600816 degrees | CPU=0.0000J, NET=0.1368J, TOTAL=0.1368J, Remaining=80000.00J
[0.137] BATCH id=78000 served on STARLINK-34308 net_time=0.137 eps_net=0.136836
[Task 77000] Task eseguito su STARLINK-4525 34.207467204213934 degrees | CPU=0.0000J, NET=0.1398J, TOTAL=0.1398J, Remaining=79999.92J
[0.140] BATCH id=77000 served on STARLINK-4525 net_time=0.140 eps_net=0.139825
[Task 34000] Task eseguito su STARLINK-6246 51.22594105754382 degrees | CPU=0.0000J, NET=0.1419J, TOTAL=0.1419J, Remaining=80000.00J
[0.142] BATCH id=34000 served on STARLINK-6246 net_time=0.142 eps_net=0.141886
[Task 121000] Task eseguito su STARLINK-6198 26.28680368123605 degrees | CPU=0.0000J, NET=0.1435J, TOTAL=0.1435J, Remaining=80000.00J
[0.144] BATCH id=121000 served on STARLINK-6198 net_time=0.144 eps_net=0.143537
[Task 40000] Task eseguito su STARLINK-4438 47.592482406941734 degrees | CPU=0.0000J, NET=0.1444J, TOTAL=0.1444J, Remaining=79999.88J
[0.144] BATCH id=40000 served on STARLINK-4438 net_time=0.144 eps_net=0.144410
[Task 106000] Task eseguito su STARLINK-1570 27.899013415435416 degrees | CPU=0.0000J, NET=0.1453J, TOTAL=0.1453J, Remaining=79999.99J
[0.145] BATCH id=106000 served on STARLINK-1570 net_time=0.145 eps_net=0.145299
[Task 35000] Task eseguito su STARLINK-6246 51.22594105754382 degrees | CPU=0.0000J, NET=0.1504J, TOTAL=0.1504J, Remaining=79999.86J
[0.150] BATCH id=35000 served on STARLINK-6246 net_time=0.150 eps_net=0.150412
[Task 82000] Task eseguito su STARLINK-6195 33.492118209942355 degrees | CPU=0.0000J, NET=0.1563J, TOTAL=0.1563J, Remaining=79999.87J
[0.156] BATCH id=82000 served on STARLINK-6195 net_time=0.156 eps_net=0.156295
[Task 20000] Task eseguito su STARLINK-5097 56.72432553961611 degrees | CPU=0.0000J, NET=0.1740J, TOTAL=0.1740J, Remaining=80000.00J
[0.174] BATCH id=20000 served on STARLINK-5097 net_time=0.174 eps_net=0.173951
[Task 68000] Task eseguito su STARLINK-32654 31.300968911213833 degrees | CPU=0.0000J, NET=0.1748J, TOTAL=0.1748J, Remaining=79999.84J
[0.175] BATCH id=68000 served on STARLINK-32654 net_time=0.175 eps_net=0.174806
[Task 69000] Task eseguito su STARLINK-34011 30.90738065825921 degrees | CPU=0.0000J, NET=0.1755J, TOTAL=0.1755J, Remaining=80000.00J
[0.175] BATCH id=69000 served on STARLINK-34011 net_time=0.175 eps_net=0.175484
[Task 44000] Task eseguito su STARLINK-30971 45.688328091737986 degrees | CPU=0.0000J, NET=0.1832J, TOTAL=0.1832J, Remaining=79999.89J
[0.183] BATCH id=44000 served on STARLINK-30971 net_time=0.183 eps_net=0.183195
[Task 105000] Task eseguito su STARLINK-1570 27.899013415435416 degrees | CPU=0.0000J, NET=0.1855J, TOTAL=0.1855J, Remaining=79999.85J
[0.185] BATCH id=105000 served on STARLINK-1570 net_time=0.185 eps_net=0.185477
[Task 51000] Task eseguito su STARLINK-11209 [DTC] 34.92552981114727 degrees | CPU=0.0000J, NET=0.1882J, TOTAL=0.1882J, Remaining=79999.99J
[0.188] BATCH id=51000 served on STARLINK-11209 [DTC] net_time=0.188 eps_net=0.188192
[Task 12000] Task eseguito su STARLINK-30522 75.14345717344679 degrees | CPU=0.0000J, NET=0.1965J, TOTAL=0.1965J, Remaining=80000.00J
[0.196] BATCH id=12000 served on STARLINK-30522 net_time=0.196 eps_net=0.196455
[Task 52000] Task eseguito su STARLINK-2619 36.12594734800452 degrees | CPU=0.0000J, NET=0.1997J, TOTAL=0.1997J, Remaining=80000.00J
[0.200] BATCH id=52000 served on STARLINK-2619 net_time=0.200 eps_net=0.199672
[Task 49000] Task eseguito su STARLINK-11209 [DTC] 34.92552981114727 degrees | CPU=0.0000J, NET=0.2119J, TOTAL=0.2119J, Remaining=79999.81J
[0.212] BATCH id=49000 served on STARLINK-11209 [DTC] net_time=0.212 eps_net=0.211931
[Task 33000] Task eseguito su STARLINK-6246 51.22594105754382 degrees | CPU=0.0000J, NET=0.2143J, TOTAL=0.2143J, Remaining=79999.71J
[0.214] BATCH id=33000 served on STARLINK-6246 net_time=0.214 eps_net=0.214266
[Task 75000] Task eseguito su STARLINK-30704 29.331443580282098 degrees | CPU=0.0000J, NET=0.2152J, TOTAL=0.2152J, Remaining=79999.99J
[0.215] BATCH id=75000 served on STARLINK-30704 net_time=0.215 eps_net=0.215221
[Task 118000] Task eseguito su STARLINK-2068 26.038481958384484 degrees | CPU=0.0000J, NET=0.2181J, TOTAL=0.2181J, Remaining=79999.99J
[0.218] BATCH id=118000 served on STARLINK-2068 net_time=0.218 eps_net=0.218132
[Task 60000] Task eseguito su STARLINK-35016 32.12311850143489 degrees | CPU=0.0000J, NET=0.2188J, TOTAL=0.2188J, Remaining=79999.99J
[0.219] BATCH id=60000 served on STARLINK-35016 net_time=0.219 eps_net=0.218844
[Task 42000] Task eseguito su STARLINK-30299 46.62992025210687 degrees | CPU=0.0000J, NET=0.2312J, TOTAL=0.2312J, Remaining=79999.99J
[0.231] BATCH id=42000 served on STARLINK-30299 net_time=0.231 eps_net=0.231208
---> Task 1 (Type: CPU_Intensive) arriva in 0.42
--- [0.42] Task 1 using SearchNode Policy: v1_heuristic ---
[1] Filtro euristico: DTS-TMAX
[0.42] [Task 1] Routed STARLINK-11573 [DTC] -> STARLINK-31777 | E_NET=0.000012 J | Remaining=80000.00 J
[0.424] Task 1 enqueued on CPU STARLINK-31777 qlen_enqueue=1
[Task 1] Task eseguito su STARLINK-31777 71.09483002733748 degrees | CPU=17213.1641J, NET=0.0000J, TOTAL=17213.1641J, Remaining=62786.84J
[0.786] Task 1 served on STARLINK-31777 qlen_enqueue_cpu=1 qlen_enqueue_net=None time_in_queue=0.000
[MODE: BIDIRECTIONAL]
[1][GREEDY] CONSEGNATO! STARLINK-31777 -> OBS | Tramission-time: 1.2054467812026194e-11
---> Task 2 (Type: CPU_Intensive) arriva in 0.80
--- [0.80] Task 2 using SearchNode Policy: v1_heuristic ---
[2] Filtro euristico: DTS-TMAX
[0.80] [Task 2] Routed STARLINK-32475 -> STARLINK-3127 | E_NET=0.000026 J | Remaining=80000.00 J
[0.803] Task 2 enqueued on CPU STARLINK-3127 qlen_enqueue=1
---> Task 3 (Type: Generic_Service) arriva in 1.82
--- [1.82] Task 3 using SearchNode Policy: v1_heuristic ---
[3] Filtro euristico: DTS-TMAX
[1.82] [Task 3] Routed STARLINK-31283 -> STARLINK-6192 | E_NET=0.000027 J | Remaining=80000.00 J
[1.819] Task 3 enqueued on CPU STARLINK-6192 qlen_enqueue=1
[Task 3] Task eseguito su STARLINK-6192 74.82151018522693 degrees | CPU=1046.1208J, NET=0.0000J, TOTAL=1046.1209J, Remaining=78953.88J
[1.843] Task 3 served on STARLINK-6192 qlen_enqueue_cpu=1 qlen_enqueue_net=None time_in_queue=0.000
[3][GREEDY] STARLINK-6192 -> STARLINK-11573 [DTC] | Tramission-time: 0.0011397499227550315
[3] Energy routing consumed by STARLINK-6192: 0.000000 J (remaining 78953.88)
---> Task 4 (Type: Generic_Service) arriva in 1.94
--- [1.94] Task 4 using SearchNode Policy: v1_heuristic ---
[4] Filtro euristico: DTS-TMAX
[1.94] [Task 4] Routed STARLINK-31018 -> STARLINK-5936 | E_NET=0.000031 J | Remaining=80000.00 J
[1.944] Task 4 enqueued on CPU STARLINK-5936 qlen_enqueue=1
[Task 4] Task eseguito su STARLINK-5936 67.88650469531936 degrees | CPU=1490.5200J, NET=0.0000J, TOTAL=1490.5200J, Remaining=78509.48J
[1.978] Task 4 served on STARLINK-5936 qlen_enqueue_cpu=1 qlen_enqueue_net=None time_in_queue=0.000
[Task 2] Task eseguito su STARLINK-3127 62.93376393896493 degrees | CPU=56506.6324J, NET=0.0000J, TOTAL=56506.6324J, Remaining=23493.37J
[1.989] Task 2 served on STARLINK-3127 qlen_enqueue_cpu=1 qlen_enqueue_net=None time_in_queue=0.000
----------------------------------------------------------------------
	||TIME IN SIMULATION : (seconds:2) (minutes: 0) ||

MODIFICA CONFIGURAZIONE IN CORSO...

Aggiornato il Tempo Globale:  2025-11-20 20:55:16
[MODE: BIDIRECTIONAL]
[3][GREEDY] CONSEGNATO! STARLINK-11573 [DTC] -> OBS | Tramission-time: 2.849326830793208e-11
[2][GREEDY] STARLINK-3127 -> STARLINK-11573 [DTC] | Tramission-time: 0.0015477834599743427
[2] Energy routing consumed by STARLINK-3127: 0.000000 J (remaining 23493.37)
[4][GREEDY] STARLINK-5936 -> STARLINK-11573 [DTC] | Tramission-time: 0.0012483041501620516
[4] Energy routing consumed by STARLINK-5936: 0.000000 J (remaining 78509.48)
[MODE: BIDIRECTIONAL]
[2][GREEDY] CONSEGNATO! STARLINK-11573 [DTC] -> OBS | Tramission-time: 2.202630056227087e-11
[MODE: BIDIRECTIONAL]
[4][GREEDY] CONSEGNATO! STARLINK-11573 [DTC] -> OBS | Tramission-time: 3.048577047188491e-11
---> Task 5 (Type: Generic_Service) arriva in 2.71
--- [2.71] Task 5 using SearchNode Policy: v1_heuristic ---
[5] Filtro euristico: DTS-TMAX
[2.71] [Task 5] Routed STARLINK-2116 -> STARLINK-5097 | E_NET=0.000012 J | Remaining=80000.00 J
[2.709] Task 5 enqueued on CPU STARLINK-5097 qlen_enqueue=1
[Task 5] Task eseguito su STARLINK-5097 55.649450851853736 degrees | CPU=2268.6605J, NET=0.0000J, TOTAL=2268.6605J, Remaining=77731.34J
[2.758] Task 5 served on STARLINK-5097 qlen_enqueue_cpu=1 qlen_enqueue_net=None time_in_queue=0.000
[5][GREEDY] STARLINK-5097 -> STARLINK-11573 [DTC] | Tramission-time: 0.0008866346448742319
[5] Energy routing consumed by STARLINK-5097: 0.000000 J (remaining 77731.34)
[MODE: BIDIRECTIONAL]
[5][GREEDY] CONSEGNATO! STARLINK-11573 [DTC] -> OBS | Tramission-time: 1.0970545380779431e-11
----------------------------------------------------------------------
	||TIME IN SIMULATION : (seconds:4) (minutes: 0) ||

MODIFICA CONFIGURAZIONE IN CORSO...

Aggiornato il Tempo Globale:  2025-11-20 20:55:18
---> Task 6 (Type: CPU_Intensive) arriva in 4.39
--- [4.39] Task 6 using SearchNode Policy: v1_heuristic ---
[6] Filtro euristico: DTS-TMAX
[4.39] [Task 6] Routed STARLINK-2116 -> STARLINK-30522 | E_NET=0.000029 J | Remaining=80000.00 J
[4.390] Task 6 enqueued on CPU STARLINK-30522 qlen_enqueue=1
[Task 6] Task eseguito su STARLINK-30522 75.48639813863444 degrees | CPU=591.0549J, NET=0.0000J, TOTAL=591.0549J, Remaining=79408.95J
[4.405] Task 6 served on STARLINK-30522 qlen_enqueue_cpu=1 qlen_enqueue_net=None time_in_queue=0.000
[6][GREEDY] STARLINK-30522 -> STARLINK-11573 [DTC] | Tramission-time: 0.0007702457507531424
[6] Energy routing consumed by STARLINK-30522: 0.000000 J (remaining 79408.95)
[MODE: BIDIRECTIONAL]
[6][GREEDY] CONSEGNATO! STARLINK-11573 [DTC] -> OBS | Tramission-time: 2.5751181646562247e-11
---> Task 7 (Type: CPU_and_Data_Intensive) arriva in 4.77
--- [4.77] Task 7 using SearchNode Policy: v1_heuristic ---
[7] Filtro euristico: DTS-TMAX
[4.77] [Task 7] Routed STARLINK-11573 [DTC] -> STARLINK-5968 | E_NET=0.007210 J | Remaining=79999.99 J
[4.781] Task 7 enqueued on CPU STARLINK-5968 qlen_enqueue=1
---> Task 8 (Type: CPU_and_Data_Intensive) arriva in 4.82
--- [4.82] Task 8 using SearchNode Policy: v1_heuristic ---
[8] Filtro euristico: DTS-TMAX
[4.82] [Task 8] Routed STARLINK-32475 -> STARLINK-30578 | E_NET=0.000696 J | Remaining=80000.00 J
[4.820] Task 8 enqueued on CPU STARLINK-30578 qlen_enqueue=1
---> Task 9 (Type: Generic_Service) arriva in 4.85
--- [4.85] Task 9 using SearchNode Policy: v1_heuristic ---
[9] Filtro euristico: DTS-TMAX
[4.85] [Task 9] Routed STARLINK-31283 -> STARLINK-31866 | E_NET=0.000014 J | Remaining=80000.00 J
[4.848] Task 9 enqueued on CPU STARLINK-31866 qlen_enqueue=1
[4.884] Task 8 enqueued on NET STARLINK-30578 qlen_enqueue_net=1
[Task 8] Task eseguito su STARLINK-30578 85.03445273524422 degrees | CPU=3024.4732J, NET=0.0008J, TOTAL=3024.4740J, Remaining=76975.53J
[4.885] Task 8 served on STARLINK-30578 qlen_enqueue_cpu=1 qlen_enqueue_net=1 time_in_queue=0.000
[8][GREEDY] STARLINK-30578 -> STARLINK-11573 [DTC] | Tramission-time: 0.0009375451380527599
[8] Energy routing consumed by STARLINK-30578: 0.000000 J (remaining 76975.53)
[MODE: BIDIRECTIONAL]
[8][GREEDY] CONSEGNATO! STARLINK-11573 [DTC] -> OBS | Tramission-time: 5.850979468707752e-10
[Task 9] Task eseguito su STARLINK-31866 56.110548482786896 degrees | CPU=9125.2637J, NET=0.0000J, TOTAL=9125.2638J, Remaining=70874.74J
[5.040] Task 9 served on STARLINK-31866 qlen_enqueue_cpu=1 qlen_enqueue_net=None time_in_queue=0.000
[9][GREEDY] STARLINK-31866 -> STARLINK-11573 [DTC] | Tramission-time: 0.0013399126593880292
[9] Energy routing consumed by STARLINK-31866: 0.000000 J (remaining 70874.74)
[MODE: BIDIRECTIONAL]
[9][GREEDY] CONSEGNATO! STARLINK-11573 [DTC] -> OBS | Tramission-time: 1.3510619305453086e-11
---> Task 10 (Type: CPU_Intensive) arriva in 5.23
--- [5.23] Task 10 using SearchNode Policy: v1_heuristic ---
[10] Filtro euristico: DTS-TMAX
[5.23] [Task 10] Routed STARLINK-2116 -> STARLINK-30872 | E_NET=0.000019 J | Remaining=80000.00 J
[Task 10] REJECTED on STARLINK-30872 due to: Insufficient Energy for CPU
[5.537] Task 7 enqueued on NET STARLINK-5968 qlen_enqueue_net=1
[Task 7] Task eseguito su STARLINK-5968 74.00773390515539 degrees | CPU=36052.0623J, NET=0.0072J, TOTAL=36052.0696J, Remaining=43947.93J
[5.544] Task 7 served on STARLINK-5968 qlen_enqueue_cpu=1 qlen_enqueue_net=1 time_in_queue=0.000
[7][GREEDY] STARLINK-5968 -> STARLINK-11573 [DTC] | Tramission-time: 0.0007171826932304639
[7] Energy routing consumed by STARLINK-5968: 0.000000 J (remaining 43947.93)
[MODE: BIDIRECTIONAL]
[7][GREEDY] CONSEGNATO! STARLINK-11573 [DTC] -> OBS | Tramission-time: 6.8644527075172626e-09
---> Task 11 (Type: CPU_and_Data_Intensive) arriva in 5.96
--- [5.96] Task 11 using SearchNode Policy: v1_heuristic ---
[11] Filtro euristico: DTS-TMAX
[5.96] [Task 11] Routed STARLINK-31283 -> STARLINK-34972 | E_NET=0.139864 J | Remaining=79999.86 J
----------------------------------------------------------------------
	||TIME IN SIMULATION : (seconds:6) (minutes: 0) ||

MODIFICA CONFIGURAZIONE IN CORSO...

Aggiornato il Tempo Globale:  2025-11-20 20:55:20
[6.102] Task 11 enqueued on CPU STARLINK-34972 qlen_enqueue=1
[6.954] Task 11 enqueued on NET STARLINK-34972 qlen_enqueue_net=1
[Task 11] Task eseguito su STARLINK-34972 50.25540620859268 degrees | CPU=40611.8157J, NET=0.1919J, TOTAL=40612.0076J, Remaining=39387.99J
[7.146] Task 11 served on STARLINK-34972 qlen_enqueue_cpu=1 qlen_enqueue_net=1 time_in_queue=0.000
[11][GREEDY] STARLINK-34972 -> STARLINK-11573 [DTC] | Tramission-time: 0.002141336255079364
[11] Energy routing consumed by STARLINK-34972: 0.000000 J (remaining 39387.99)
---> Task 12 (Type: Generic_Service) arriva in 7.21
--- [7.21] Task 12 using SearchNode Policy: v1_heuristic ---
[12] Filtro euristico: DTS-TMAX
[7.21] [Task 12] Routed STARLINK-2116 -> STARLINK-30872 | E_NET=0.000004 J | Remaining=80000.00 J
[7.212] Task 12 enqueued on CPU STARLINK-30872 qlen_enqueue=1
[MODE: BIDIRECTIONAL]
[11][GREEDY] CONSEGNATO! STARLINK-11573 [DTC] -> OBS | Tramission-time: 1.435868021757235e-07
[Task 12] Task eseguito su STARLINK-30872 55.393660850228635 degrees | CPU=6539.1121J, NET=0.0000J, TOTAL=6539.1121J, Remaining=73460.89J
[7.350] Task 12 served on STARLINK-30872 qlen_enqueue_cpu=1 qlen_enqueue_net=None time_in_queue=0.000
---> Task 13 (Type: Generic_Service) arriva in 7.40
--- [7.40] Task 13 using SearchNode Policy: v1_heuristic ---
[13] Filtro euristico: DTS-TMAX
[7.40] [Task 13] Routed STARLINK-2116 -> STARLINK-11573 [DTC] | E_NET=0.000030 J | Remaining=80000.00 J
[7.397] Task 13 enqueued on CPU STARLINK-11573 [DTC] qlen_enqueue=1
[12][GREEDY] STARLINK-30872 -> STARLINK-11573 [DTC] | Tramission-time: 0.0007599424498733293
[12] Energy routing consumed by STARLINK-30872: 0.000000 J (remaining 73460.89)
[Task 13] Task eseguito su STARLINK-11573 [DTC] 62.4716637184263 degrees | CPU=553.6777J, NET=0.0000J, TOTAL=553.6777J, Remaining=79446.32J
[7.411] Task 13 served on STARLINK-11573 [DTC] qlen_enqueue_cpu=1 qlen_enqueue_net=None time_in_queue=0.000
[MODE: BIDIRECTIONAL]
[13][GREEDY] CONSEGNATO! STARLINK-11573 [DTC] -> OBS | Tramission-time: 2.6242903646730038e-11
[MODE: BIDIRECTIONAL]
[12][GREEDY] CONSEGNATO! STARLINK-11573 [DTC] -> OBS | Tramission-time: 3.955159501126486e-12
---> Task 14 (Type: Generic_Service) arriva in 7.67
--- [7.67] Task 14 using SearchNode Policy: v1_heuristic ---
[14] Filtro euristico: DTS-TMAX
[7.67] [Task 14] Routed STARLINK-2116 -> STARLINK-4438 | E_NET=0.000016 J | Remaining=80000.00 J
[7.670] Task 14 enqueued on CPU STARLINK-4438 qlen_enqueue=1
[Task 14] Task eseguito su STARLINK-4438 49.40531803874697 degrees | CPU=1094.1209J, NET=0.0000J, TOTAL=1094.1209J, Remaining=78905.88J
[7.695] Task 14 served on STARLINK-4438 qlen_enqueue_cpu=1 qlen_enqueue_net=None time_in_queue=0.000
[14][GREEDY] STARLINK-4438 -> STARLINK-11573 [DTC] | Tramission-time: 0.0011924451142555075
[14] Energy routing consumed by STARLINK-4438: 0.000000 J (remaining 78905.88)
[MODE: BIDIRECTIONAL]
[14][GREEDY] CONSEGNATO! STARLINK-11573 [DTC] -> OBS | Tramission-time: 1.8486647916940972e-11
----------------------------------------------------------------------
	||TIME IN SIMULATION : (seconds:8) (minutes: 0) ||

MODIFICA CONFIGURAZIONE IN CORSO...

Aggiornato il Tempo Globale:  2025-11-20 20:55:22
---> Task 15 (Type: CPU_Intensive) arriva in 8.39
--- [8.39] Task 15 using SearchNode Policy: v1_heuristic ---
[15] Filtro euristico: DTS-TMAX
[8.39] [Task 15] Routed STARLINK-2116 -> STARLINK-31235 | E_NET=0.000026 J | Remaining=80000.00 J
[8.394] Task 15 enqueued on CPU STARLINK-31235 qlen_enqueue=1
[Task 15] Task eseguito su STARLINK-31235 49.44767923298379 degrees | CPU=7188.7338J, NET=0.0000J, TOTAL=7188.7338J, Remaining=72811.27J
[8.547] Task 15 served on STARLINK-31235 qlen_enqueue_cpu=1 qlen_enqueue_net=None time_in_queue=0.000
[15][GREEDY] STARLINK-31235 -> STARLINK-11573 [DTC] | Tramission-time: 0.0013034153358459544
[15] Energy routing consumed by STARLINK-31235: 0.000000 J (remaining 72811.27)
---> Task 16 (Type: CPU_Intensive) arriva in 8.68
--- [8.68] Task 16 using SearchNode Policy: v1_heuristic ---
[16] Filtro euristico: DTS-TMAX
[8.68] [Task 16] Routed STARLINK-2116 -> STARLINK-4473 | E_NET=0.000017 J | Remaining=80000.00 J
[8.680] Task 16 enqueued on CPU STARLINK-4473 qlen_enqueue=1
[MODE: BIDIRECTIONAL]
[15][GREEDY] CONSEGNATO! STARLINK-11573 [DTC] -> OBS | Tramission-time: 2.6953194589435986e-11
---> Task 17 (Type: CPU_Intensive) arriva in 9.77
--- [9.77] Task 17 using SearchNode Policy: v1_heuristic ---
[17] Filtro euristico: DTS-TMAX
[9.77] [Task 17] Routed STARLINK-2116 -> STARLINK-2319 | E_NET=0.000012 J | Remaining=80000.00 J
[9.775] Task 17 enqueued on CPU STARLINK-2319 qlen_enqueue=1
[Task 16] Task eseguito su STARLINK-4473 56.303730535816655 degrees | CPU=57921.0182J, NET=0.0000J, TOTAL=57921.0182J, Remaining=22078.98J
[9.896] Task 16 served on STARLINK-4473 qlen_enqueue_cpu=1 qlen_enqueue_net=None time_in_queue=0.000
[16][GREEDY] STARLINK-4473 -> STARLINK-11573 [DTC] | Tramission-time: 0.0013678770312298286
[16] Energy routing consumed by STARLINK-4473: 0.000000 J (remaining 22078.98)
----------------------------------------------------------------------
	||TIME IN SIMULATION : (seconds:10) (minutes: 0) ||

MODIFICA CONFIGURAZIONE IN CORSO...

Aggiornato il Tempo Globale:  2025-11-20 20:55:24
[MODE: BIDIRECTIONAL]
[16][GREEDY] CONSEGNATO! STARLINK-11573 [DTC] -> OBS | Tramission-time: 1.4410092346651735e-11
[Task 17] Task eseguito su STARLINK-2319 46.83248004583269 degrees | CPU=12163.9519J, NET=0.0000J, TOTAL=12163.9519J, Remaining=67836.05J
[10.031] Task 17 served on STARLINK-2319 qlen_enqueue_cpu=1 qlen_enqueue_net=None time_in_queue=0.000
[17][GREEDY] STARLINK-2319 -> STARLINK-11573 [DTC] | Tramission-time: 0.0014256678667434802
[17] Energy routing consumed by STARLINK-2319: 0.000000 J (remaining 67836.05)
[MODE: BIDIRECTIONAL]
[17][GREEDY] CONSEGNATO! STARLINK-11573 [DTC] -> OBS | Tramission-time: 1.4055045047865861e-11
---> Task 18 (Type: CPU_Intensive) arriva in 10.69
--- [10.69] Task 18 using SearchNode Policy: v1_heuristic ---
[18] Filtro euristico: DTS-TMAX
[10.69] [Task 18] Routed STARLINK-2116 -> STARLINK-2717 | E_NET=0.000038 J | Remaining=80000.00 J
[10.695] Task 18 enqueued on CPU STARLINK-2717 qlen_enqueue=1
[Task 18] Task eseguito su STARLINK-2717 50.65534211845597 degrees | CPU=3218.8655J, NET=0.0000J, TOTAL=3218.8656J, Remaining=76781.13J
[10.765] Task 18 served on STARLINK-2717 qlen_enqueue_cpu=1 qlen_enqueue_net=None time_in_queue=0.000
---> Task 19 (Type: CPU_Intensive) arriva in 10.78
--- [10.78] Task 19 using SearchNode Policy: v1_heuristic ---
[19] Filtro euristico: DTS-TMAX
[10.78] [Task 19] Routed STARLINK-2116 -> STARLINK-30971 | E_NET=0.000006 J | Remaining=80000.00 J
[10.778] Task 19 enqueued on CPU STARLINK-30971 qlen_enqueue=1
---> Task 20 (Type: CPU_and_Data_Intensive) arriva in 10.78
--- [10.78] Task 20 using SearchNode Policy: v1_heuristic ---
[20] Filtro euristico: DTS-TMAX
[10.78] [Task 20] Routed STARLINK-2116 -> STARLINK-31018 | E_NET=0.000480 J | Remaining=80000.00 J
[10.784] Task 20 enqueued on CPU STARLINK-31018 qlen_enqueue=1
[18][GREEDY] STARLINK-2717 -> STARLINK-11573 [DTC] | Tramission-time: 0.001530255274712501
[18] Energy routing consumed by STARLINK-2717: 0.000000 J (remaining 76781.13)
[MODE: BIDIRECTIONAL]
[18][GREEDY] CONSEGNATO! STARLINK-11573 [DTC] -> OBS | Tramission-time: 2.7762976747321347e-11
[11.260] Task 20 enqueued on NET STARLINK-31018 qlen_enqueue_net=1
[Task 20] Task eseguito su STARLINK-31018 57.1095943508074 degrees | CPU=22702.5739J, NET=0.0006J, TOTAL=22702.5745J, Remaining=57297.43J
[11.261] Task 20 served on STARLINK-31018 qlen_enqueue_cpu=1 qlen_enqueue_net=1 time_in_queue=0.000
[20][GREEDY] STARLINK-31018 -> STARLINK-11573 [DTC] | Tramission-time: 0.0010740315935042224
[20] Energy routing consumed by STARLINK-31018: 0.000000 J (remaining 57297.43)
[MODE: BIDIRECTIONAL]
[20][GREEDY] CONSEGNATO! STARLINK-11573 [DTC] -> OBS | Tramission-time: 4.6021687262543115e-10
---> Task 21 (Type: CPU_Intensive) arriva in 11.49
--- [11.49] Task 21 using SearchNode Policy: v1_heuristic ---
[21] Filtro euristico: DTS-TMAX
[11.49] [Task 21] Routed STARLINK-2116 -> STARLINK-32475 | E_NET=0.000022 J | Remaining=80000.00 J
[11.495] Task 21 enqueued on CPU STARLINK-32475 qlen_enqueue=1
---> Task 22 (Type: Generic_Service) arriva in 11.56
--- [11.56] Task 22 using SearchNode Policy: v1_heuristic ---
[22] Filtro euristico: DTS-TMAX
[11.56] [Task 22] Routed STARLINK-2116 -> STARLINK-31283 | E_NET=0.000029 J | Remaining=80000.00 J
[11.565] Task 22 enqueued on CPU STARLINK-31283 qlen_enqueue=1
[Task 22] Task eseguito su STARLINK-31283 73.56178385474581 degrees | CPU=3909.7424J, NET=0.0000J, TOTAL=3909.7425J, Remaining=76090.12J
[11.649] Task 22 served on STARLINK-31283 qlen_enqueue_cpu=1 qlen_enqueue_net=None time_in_queue=0.000
[Task 21] Task eseguito su STARLINK-32475 69.26202774784511 degrees | CPU=8413.0899J, NET=0.0000J, TOTAL=8413.0899J, Remaining=71586.91J
[11.673] Task 21 served on STARLINK-32475 qlen_enqueue_cpu=1 qlen_enqueue_net=None time_in_queue=0.000
[MODE: BIDIRECTIONAL]
[21][GREEDY] CONSEGNATO! STARLINK-32475 -> OBS | Tramission-time: 2.1253954107339366e-11
[MODE: BIDIRECTIONAL]
[22][GREEDY] CONSEGNATO! STARLINK-31283 -> OBS | Tramission-time: 3.08329162155955e-11
----------------------------------------------------------------------
	||TIME IN SIMULATION : (seconds:12) (minutes: 0) ||

MODIFICA CONFIGURAZIONE IN CORSO...

Aggiornato il Tempo Globale:  2025-11-20 20:55:26
[Task 19] Task eseguito su STARLINK-30971 50.918274537409864 degrees | CPU=61560.4002J, NET=0.0000J, TOTAL=61560.4002J, Remaining=18439.60J
[12.069] Task 19 served on STARLINK-30971 qlen_enqueue_cpu=1 qlen_enqueue_net=None time_in_queue=0.000
[19][GREEDY] STARLINK-30971 -> STARLINK-11573 [DTC] | Tramission-time: 0.002153701465726013
[19] Energy routing consumed by STARLINK-30971: 0.000000 J (remaining 18439.60)
---> Task 23 (Type: Generic_Service) arriva in 12.18
--- [12.18] Task 23 using SearchNode Policy: v1_heuristic ---
[23] Filtro euristico: DTS-TMAX
[12.18] [Task 23] Routed STARLINK-2116 -> STARLINK-11573 [DTC] | E_NET=0.000025 J | Remaining=80000.00 J
[12.176] Task 23 enqueued on CPU STARLINK-11573 [DTC] qlen_enqueue=1
[Task 23] Task eseguito su STARLINK-11573 [DTC] 58.79690726147828 degrees | CPU=365.2035J, NET=0.0000J, TOTAL=365.2035J, Remaining=79081.11J
[12.186] Task 23 served on STARLINK-11573 [DTC] qlen_enqueue_cpu=1 qlen_enqueue_net=None time_in_queue=0.000
[MODE: BIDIRECTIONAL]
[19][GREEDY] CONSEGNATO! STARLINK-11573 [DTC] -> OBS | Tramission-time: 5.6975696378324056e-12
[MODE: BIDIRECTIONAL]
[23][GREEDY] CONSEGNATO! STARLINK-11573 [DTC] -> OBS | Tramission-time: 1.8425918018650823e-11
---> Task 24 (Type: Generic_Service) arriva in 13.09
--- [13.09] Task 24 using SearchNode Policy: v1_heuristic ---
[24] Filtro euristico: DTS-TMAX
[13.09] [Task 24] Routed STARLINK-2116 -> STARLINK-30299 | E_NET=0.000012 J | Remaining=80000.00 J
[13.094] Task 24 enqueued on CPU STARLINK-30299 qlen_enqueue=1
[Task 24] Task eseguito su STARLINK-30299 42.58163383466742 degrees | CPU=5426.1808J, NET=0.0000J, TOTAL=5426.1809J, Remaining=74573.82J
[13.209] Task 24 served on STARLINK-30299 qlen_enqueue_cpu=1 qlen_enqueue_net=None time_in_queue=0.000
[24][GREEDY] STARLINK-30299 -> STARLINK-11573 [DTC] | Tramission-time: 0.0017534402507778906
[24] Energy routing consumed by STARLINK-30299: 0.000000 J (remaining 74573.82)
---> Task 25 (Type: Generic_Service) arriva in 13.23
--- [13.23] Task 25 using SearchNode Policy: v1_heuristic ---
[25] Filtro euristico: DTS-TMAX
[Task 25] Nessun server rimasto dopo i filtri (deadline/sunset).
[Task 25] REJECTED on STARLINK-2116 due to: No suitable server found after deadline/sunset filters
[MODE: BIDIRECTIONAL]
[24][GREEDY] CONSEGNATO! STARLINK-11573 [DTC] -> OBS | Tramission-time: 1.3061429127583086e-11
---> Task 26 (Type: CPU_and_Data_Intensive) arriva in 13.66
--- [13.66] Task 26 using SearchNode Policy: v1_heuristic ---
[26] Filtro euristico: DTS-TMAX
[13.66] [Task 26] Routed STARLINK-2116 -> STARLINK-30522 | E_NET=0.003363 J | Remaining=80000.00 J
[13.665] Task 26 enqueued on CPU STARLINK-30522 qlen_enqueue=1
[13.804] Task 26 enqueued on NET STARLINK-30522 qlen_enqueue_net=1
[Task 26] Task eseguito su STARLINK-30522 74.56827835868947 degrees | CPU=6647.9074J, NET=0.0046J, TOTAL=6647.9120J, Remaining=72761.03J
[13.809] Task 26 served on STARLINK-30522 qlen_enqueue_cpu=1 qlen_enqueue_net=1 time_in_queue=0.000
[26][GREEDY] STARLINK-30522 -> STARLINK-11573 [DTC] | Tramission-time: 0.0007744971618688903
[26] Energy routing consumed by STARLINK-30522: 0.000000 J (remaining 72761.03)
[MODE: BIDIRECTIONAL]
[26][GREEDY] CONSEGNATO! STARLINK-11573 [DTC] -> OBS | Tramission-time: 3.6623115650036485e-09
----------------------------------------------------------------------
	||TIME IN SIMULATION : (seconds:14) (minutes: 0) ||

MODIFICA CONFIGURAZIONE IN CORSO...

Aggiornato il Tempo Globale:  2025-11-20 20:55:28
---> Task 27 (Type: Generic_Service) arriva in 14.65
--- [14.65] Task 27 using SearchNode Policy: v1_heuristic ---
[27] Filtro euristico: DTS-TMAX
[Task 27] Nessun server rimasto dopo i filtri (deadline/sunset).
[Task 27] REJECTED on STARLINK-2116 due to: No suitable server found after deadline/sunset filters
---> Task 28 (Type: CPU_Intensive) arriva in 14.68
--- [14.68] Task 28 using SearchNode Policy: v1_heuristic ---
[28] Filtro euristico: DTS-TMAX
[14.68] [Task 28] Routed STARLINK-2116 -> STARLINK-11573 [DTC] | E_NET=0.000017 J | Remaining=80000.00 J
[14.684] Task 28 enqueued on CPU STARLINK-11573 [DTC] qlen_enqueue=1
---> Task 29 (Type: Generic_Service) arriva in 14.80
--- [14.80] Task 29 using SearchNode Policy: v1_heuristic ---
[29] Filtro euristico: DTS-TMAX
[14.80] [Task 29] Routed STARLINK-2116 -> STARLINK-6192 | E_NET=0.000009 J | Remaining=80000.00 J
[14.804] Task 29 enqueued on CPU STARLINK-6192 qlen_enqueue=1
[Task 29] Task eseguito su STARLINK-6192 84.68252544126354 degrees | CPU=6684.2235J, NET=0.0000J, TOTAL=6684.2235J, Remaining=72269.66J
[14.945] Task 29 served on STARLINK-6192 qlen_enqueue_cpu=1 qlen_enqueue_net=None time_in_queue=0.000
[29][GREEDY] STARLINK-6192 -> STARLINK-11573 [DTC] | Tramission-time: 0.0011254931067367993
[29] Energy routing consumed by STARLINK-6192: 0.000000 J (remaining 72269.66)
---> Task 30 (Type: CPU_Intensive) arriva in 15.08
--- [15.08] Task 30 using SearchNode Policy: v1_heuristic ---
[30] Filtro euristico: DTS-TMAX
[15.08] [Task 30] Routed STARLINK-2116 -> STARLINK-4438 | E_NET=0.000016 J | Remaining=80000.00 J
[15.085] Task 30 enqueued on CPU STARLINK-4438 qlen_enqueue=1
[Task 30] Task eseguito su STARLINK-4438 51.636249614690385 degrees | CPU=1622.4241J, NET=0.0000J, TOTAL=1622.4241J, Remaining=77283.46J
[15.121] Task 30 served on STARLINK-4438 qlen_enqueue_cpu=1 qlen_enqueue_net=None time_in_queue=0.000
[MODE: BIDIRECTIONAL]
[29][GREEDY] CONSEGNATO! STARLINK-11573 [DTC] -> OBS | Tramission-time: 1.0048923012937487e-11
[30][GREEDY] STARLINK-4438 -> STARLINK-11573 [DTC] | Tramission-time: 0.0009931530237635266
[30] Energy routing consumed by STARLINK-4438: 0.000000 J (remaining 77283.46)
[MODE: BIDIRECTIONAL]
[30][GREEDY] CONSEGNATO! STARLINK-11573 [DTC] -> OBS | Tramission-time: 1.6831926013191096e-11
---> Task 31 (Type: Generic_Service) arriva in 15.57
--- [15.57] Task 31 using SearchNode Policy: v1_heuristic ---
[31] Filtro euristico: DTS-TMAX
[15.57] [Task 31] Routed STARLINK-2116 -> STARLINK-5097 | E_NET=0.000018 J | Remaining=80000.00 J
[15.570] Task 31 enqueued on CPU STARLINK-5097 qlen_enqueue=1
[Task 31] Task eseguito su STARLINK-5097 49.624121963906354 degrees | CPU=392.1924J, NET=0.0000J, TOTAL=392.1925J, Remaining=77339.15J
[15.580] Task 31 served on STARLINK-5097 qlen_enqueue_cpu=1 qlen_enqueue_net=None time_in_queue=0.000
[31][GREEDY] STARLINK-5097 -> STARLINK-11573 [DTC] | Tramission-time: 0.0009529439660607194
[31] Energy routing consumed by STARLINK-5097: 0.000000 J (remaining 77339.15)
[MODE: BIDIRECTIONAL]
[31][GREEDY] CONSEGNATO! STARLINK-11573 [DTC] -> OBS | Tramission-time: 1.9564701455338833e-11
----------------------------------------------------------------------
	||TIME IN SIMULATION : (seconds:16) (minutes: 0) ||

MODIFICA CONFIGURAZIONE IN CORSO...

Aggiornato il Tempo Globale:  2025-11-20 20:55:30
[Task 28] Task eseguito su STARLINK-11573 [DTC] 56.1969989345566 degrees | CPU=78692.1484J, NET=0.0000J, TOTAL=78692.1484J, Remaining=388.96J
[16.336] Task 28 served on STARLINK-11573 [DTC] qlen_enqueue_cpu=1 qlen_enqueue_net=None time_in_queue=0.000
[MODE: BIDIRECTIONAL]
[28][GREEDY] CONSEGNATO! STARLINK-11573 [DTC] -> OBS | Tramission-time: 1.6923773645991612e-11
---> Task 32 (Type: Generic_Service) arriva in 16.44
--- [16.44] Task 32 using SearchNode Policy: v1_heuristic ---
[32] Filtro euristico: DTS-TMAX
[16.44] [Task 32] Routed STARLINK-2116 -> STARLINK-5936 | E_NET=0.000012 J | Remaining=80000.00 J
[16.439] Task 32 enqueued on CPU STARLINK-5936 qlen_enqueue=1
[Task 32] Task eseguito su STARLINK-5936 58.80071674470262 degrees | CPU=1118.2778J, NET=0.0000J, TOTAL=1118.2778J, Remaining=77391.20J
[16.463] Task 32 served on STARLINK-5936 qlen_enqueue_cpu=1 qlen_enqueue_net=None time_in_queue=0.000
---> Task 33 (Type: CPU_and_Data_Intensive) arriva in 16.50
--- [16.50] Task 33 using SearchNode Policy: v1_heuristic ---
[33] Filtro euristico: DTS-TMAX
[16.50] [Task 33] Routed STARLINK-2116 -> STARLINK-5936 | E_NET=0.009401 J | Remaining=79999.99 J
[16.507] Task 33 enqueued on CPU STARLINK-5936 qlen_enqueue=1
[32][GREEDY] STARLINK-5936 -> STARLINK-11573 [DTC] | Tramission-time: 0.0013156782031619966
[32] Energy routing consumed by STARLINK-5936: 0.000000 J (remaining 77391.20)
[MODE: BIDIRECTIONAL]
[32][GREEDY] CONSEGNATO! STARLINK-11573 [DTC] -> OBS | Tramission-time: 8.307502091731571e-12
[16.745] Task 33 enqueued on NET STARLINK-5936 qlen_enqueue_net=1
---> Task 34 (Type: CPU_Intensive) arriva in 16.75
--- [16.75] Task 34 using SearchNode Policy: v1_heuristic ---
[34] Filtro euristico: DTS-TMAX
[16.75] [Task 34] Routed STARLINK-2116 -> STARLINK-5097 | E_NET=0.000008 J | Remaining=79999.99 J
[16.749] Task 34 enqueued on CPU STARLINK-5097 qlen_enqueue=1
[Task 33] Task eseguito su STARLINK-5936 58.80071674470262 degrees | CPU=11339.8597J, NET=0.0101J, TOTAL=11339.8698J, Remaining=66051.33J
[16.755] Task 33 served on STARLINK-5936 qlen_enqueue_cpu=1 qlen_enqueue_net=1 time_in_queue=0.000
[33][GREEDY] STARLINK-5936 -> STARLINK-11573 [DTC] | Tramission-time: 0.0013156853876881557
[33] Energy routing consumed by STARLINK-5936: 0.000000 J (remaining 66051.33)
[MODE: BIDIRECTIONAL]
[33][GREEDY] CONSEGNATO! STARLINK-11573 [DTC] -> OBS | Tramission-time: 7.573668469373314e-09
[Task 34] Task eseguito su STARLINK-5097 48.69123633252097 degrees | CPU=32088.1837J, NET=0.0000J, TOTAL=32088.1837J, Remaining=45250.96J
[17.423] Task 34 served on STARLINK-5097 qlen_enqueue_cpu=1 qlen_enqueue_net=None time_in_queue=0.000
[34][GREEDY] STARLINK-5097 -> STARLINK-11573 [DTC] | Tramission-time: 0.0009668860952549204
[34] Energy routing consumed by STARLINK-5097: 0.000000 J (remaining 45250.96)
[MODE: BIDIRECTIONAL]
[34][GREEDY] CONSEGNATO! STARLINK-11573 [DTC] -> OBS | Tramission-time: 8.036698212157131e-12
---> Task 35 (Type: Generic_Service) arriva in 17.69
--- [17.69] Task 35 using SearchNode Policy: v1_heuristic ---
[35] Filtro euristico: DTS-TMAX
[17.69] [Task 35] Routed STARLINK-2116 -> STARLINK-4438 | E_NET=0.000021 J | Remaining=79999.99 J
[17.692] Task 35 enqueued on CPU STARLINK-4438 qlen_enqueue=1
[Task 35] Task eseguito su STARLINK-4438 52.146003771233815 degrees | CPU=960.6811J, NET=0.0000J, TOTAL=960.6811J, Remaining=76322.77J
[17.714] Task 35 served on STARLINK-4438 qlen_enqueue_cpu=1 qlen_enqueue_net=None time_in_queue=0.000
[35][GREEDY] STARLINK-4438 -> STARLINK-11573 [DTC] | Tramission-time: 0.0009524170975090079
[35] Energy routing consumed by STARLINK-4438: 0.000000 J (remaining 76322.77)
---> Task 36 (Type: Generic_Service) arriva in 17.81
--- [17.81] Task 36 using SearchNode Policy: v1_heuristic ---
[36] Filtro euristico: DTS-TMAX
[17.81] [Task 36] Routed STARLINK-2116 -> STARLINK-30578 | E_NET=0.000027 J | Remaining=79999.99 J
[17.813] Task 36 enqueued on CPU STARLINK-30578 qlen_enqueue=1
[MODE: BIDIRECTIONAL]
[35][GREEDY] CONSEGNATO! STARLINK-11573 [DTC] -> OBS | Tramission-time: 2.234168198420436e-11
[Task 36] Task eseguito su STARLINK-30578 84.5632187088059 degrees | CPU=3032.2988J, NET=0.0000J, TOTAL=3032.2988J, Remaining=73943.23J
[17.879] Task 36 served on STARLINK-30578 qlen_enqueue_cpu=1 qlen_enqueue_net=None time_in_queue=0.000
[36][GREEDY] STARLINK-30578 -> STARLINK-11573 [DTC] | Tramission-time: 0.0009249439067188354
[36] Energy routing consumed by STARLINK-30578: 0.000000 J (remaining 73943.23)
----------------------------------------------------------------------
	||TIME IN SIMULATION : (seconds:18) (minutes: 0) ||

MODIFICA CONFIGURAZIONE IN CORSO...

Aggiornato il Tempo Globale:  2025-11-20 20:55:32
[MODE: BIDIRECTIONAL]
[36][GREEDY] CONSEGNATO! STARLINK-11573 [DTC] -> OBS | Tramission-time: 3.0404299690994805e-11
---> Task 37 (Type: Generic_Service) arriva in 18.28
--- [18.28] Task 37 using SearchNode Policy: v1_heuristic ---
[37] Filtro euristico: DTS-TMAX
[18.28] [Task 37] Routed STARLINK-2116 -> STARLINK-30297 | E_NET=0.000029 J | Remaining=79999.99 J
[18.279] Task 37 enqueued on CPU STARLINK-30297 qlen_enqueue=1
[Task 37] Task eseguito su STARLINK-30297 46.082277122712846 degrees | CPU=9714.9169J, NET=0.0000J, TOTAL=9714.9169J, Remaining=70285.08J
[18.485] Task 37 served on STARLINK-30297 qlen_enqueue_cpu=1 qlen_enqueue_net=None time_in_queue=0.000
[37][GREEDY] STARLINK-30297 -> STARLINK-11573 [DTC] | Tramission-time: 0.001725096137245501
[37] Energy routing consumed by STARLINK-30297: 0.000000 J (remaining 70285.08)
[MODE: BIDIRECTIONAL]
[37][GREEDY] CONSEGNATO! STARLINK-11573 [DTC] -> OBS | Tramission-time: 2.4741066891355906e-11
---> Task 38 (Type: Generic_Service) arriva in 19.10
--- [19.10] Task 38 using SearchNode Policy: v1_heuristic ---
[38] Filtro euristico: DTS-TMAX
[19.10] [Task 38] Routed STARLINK-2116 -> STARLINK-2717 | E_NET=0.000007 J | Remaining=79999.99 J
[19.106] Task 38 enqueued on CPU STARLINK-2717 qlen_enqueue=1
[Task 38] Task eseguito su STARLINK-2717 46.98771830034975 degrees | CPU=6818.4359J, NET=0.0000J, TOTAL=6818.4359J, Remaining=69962.70J
[19.250] Task 38 served on STARLINK-2717 qlen_enqueue_cpu=1 qlen_enqueue_net=None time_in_queue=0.000
[38][GREEDY] STARLINK-2717 -> STARLINK-11573 [DTC] | Tramission-time: 0.0015950526028405184
[38] Energy routing consumed by STARLINK-2717: 0.000000 J (remaining 69962.70)
[MODE: BIDIRECTIONAL]
[38][GREEDY] CONSEGNATO! STARLINK-11573 [DTC] -> OBS | Tramission-time: 6.410339298494771e-12
---> Task 39 (Type: CPU_and_Data_Intensive) arriva in 19.60
--- [19.60] Task 39 using SearchNode Policy: v1_heuristic ---
[39] Filtro euristico: DTS-TMAX
[19.60] [Task 39] Routed STARLINK-2116 -> STARLINK-4438 | E_NET=0.007954 J | Remaining=79999.98 J
[19.609] Task 39 enqueued on CPU STARLINK-4438 qlen_enqueue=1
[19.818] Task 39 enqueued on NET STARLINK-4438 qlen_enqueue_net=1
[Task 39] Task eseguito su STARLINK-4438 52.63174988194394 degrees | CPU=9971.6514J, NET=0.0093J, TOTAL=9971.6607J, Remaining=66351.11J
[19.828] Task 39 served on STARLINK-4438 qlen_enqueue_cpu=1 qlen_enqueue_net=1 time_in_queue=0.000
[39][GREEDY] STARLINK-4438 -> STARLINK-11573 [DTC] | Tramission-time: 0.0009163605309266109
[39] Energy routing consumed by STARLINK-4438: 0.000000 J (remaining 66351.11)
[MODE: BIDIRECTIONAL]
[39][GREEDY] CONSEGNATO! STARLINK-11573 [DTC] -> OBS | Tramission-time: 6.253456291730344e-09
----------------------------------------------------------------------
	||TIME IN SIMULATION : (seconds:20) (minutes: 0) ||

MODIFICA CONFIGURAZIONE IN CORSO...

Aggiornato il Tempo Globale:  2025-11-20 20:55:34
----------------------------------------------------------------------
	||TIME IN SIMULATION : (seconds:22) (minutes: 0) ||

MODIFICA CONFIGURAZIONE IN CORSO...

Aggiornato il Tempo Globale:  2025-11-20 20:55:36
---> Task 40 (Type: CPU_Intensive) arriva in 22.71
--- [22.71] Task 40 using SearchNode Policy: v1_heuristic ---
[40] Filtro euristico: DTS-TMAX
[22.71] [Task 40] Routed STARLINK-2116 -> STARLINK-4525 | E_NET=0.000015 J | Remaining=79999.98 J
[22.715] Task 40 enqueued on CPU STARLINK-4525 qlen_enqueue=1
[Task 40] Task eseguito su STARLINK-4525 41.318237225838566 degrees | CPU=3669.5240J, NET=0.0000J, TOTAL=3669.5241J, Remaining=76330.48J
[22.793] Task 40 served on STARLINK-4525 qlen_enqueue_cpu=1 qlen_enqueue_net=None time_in_queue=0.000
[40][GREEDY] STARLINK-4525 -> STARLINK-31283 | Tramission-time: 0.0019830446975475026
[40] Energy routing consumed by STARLINK-4525: 0.000000 J (remaining 76330.48)
[MODE: BIDIRECTIONAL]
[40][GREEDY] CONSEGNATO! STARLINK-31283 -> OBS | Tramission-time: 1.8765315664839632e-11
---> Task 41 (Type: Generic_Service) arriva in 23.66
--- [23.66] Task 41 using SearchNode Policy: v1_heuristic ---
[41] Filtro euristico: DTS-TMAX
[23.66] [Task 41] Routed STARLINK-2116 -> STARLINK-6246 | E_NET=0.000023 J | Remaining=79999.98 J
[23.664] Task 41 enqueued on CPU STARLINK-6246 qlen_enqueue=1
[Task 41] Task eseguito su STARLINK-6246 58.07378034755759 degrees | CPU=2072.4541J, NET=0.0000J, TOTAL=2072.4541J, Remaining=77927.55J
[23.709] Task 41 served on STARLINK-6246 qlen_enqueue_cpu=1 qlen_enqueue_net=None time_in_queue=0.000
[41][GREEDY] STARLINK-6246 -> STARLINK-11573 [DTC] | Tramission-time: 0.001982998433740324
[41] Energy routing consumed by STARLINK-6246: 0.000000 J (remaining 77927.55)
---> Task 42 (Type: Generic_Service) arriva in 23.78
--- [23.78] Task 42 using SearchNode Policy: v1_heuristic ---
[42] Filtro euristico: DTS-TMAX
[Task 42] Nessun server rimasto dopo i filtri (deadline/sunset).
[Task 42] REJECTED on STARLINK-2116 due to: No suitable server found after deadline/sunset filters
---> Task 43 (Type: Generic_Service) arriva in 23.81
--- [23.81] Task 43 using SearchNode Policy: v1_heuristic ---
[43] Filtro euristico: DTS-TMAX
[23.81] [Task 43] Routed STARLINK-2116 -> STARLINK-4525 | E_NET=0.000014 J | Remaining=79999.98 J
[23.813] Task 43 enqueued on CPU STARLINK-4525 qlen_enqueue=1
[Task 43] Task eseguito su STARLINK-4525 41.318237225838566 degrees | CPU=946.4945J, NET=0.0000J, TOTAL=946.4946J, Remaining=75383.98J
[23.834] Task 43 served on STARLINK-4525 qlen_enqueue_cpu=1 qlen_enqueue_net=None time_in_queue=0.000
[MODE: BIDIRECTIONAL]
[41][GREEDY] CONSEGNATO! STARLINK-11573 [DTC] -> OBS | Tramission-time: 2.0561671703734242e-11
[43][GREEDY] STARLINK-4525 -> STARLINK-31283 | Tramission-time: 0.0019830446993560798
[43] Energy routing consumed by STARLINK-4525: 0.000000 J (remaining 75383.98)
[MODE: BIDIRECTIONAL]
[43][GREEDY] CONSEGNATO! STARLINK-31283 -> OBS | Tramission-time: 1.3738564376747505e-11
---> Task 44 (Type: Generic_Service) arriva in 23.96
--- [23.96] Task 44 using SearchNode Policy: v1_heuristic ---
[44] Filtro euristico: DTS-TMAX
[23.96] [Task 44] Routed STARLINK-2116 -> STARLINK-31777 | E_NET=0.000004 J | Remaining=79999.98 J
[23.956] Task 44 enqueued on CPU STARLINK-31777 qlen_enqueue=1
[Task 44] Task eseguito su STARLINK-31777 60.39595916786544 degrees | CPU=262.5356J, NET=0.0000J, TOTAL=262.5356J, Remaining=62524.30J
[23.961] Task 44 served on STARLINK-31777 qlen_enqueue_cpu=1 qlen_enqueue_net=None time_in_queue=0.000
----------------------------------------------------------------------
	||TIME IN SIMULATION : (seconds:24) (minutes: 0) ||

MODIFICA CONFIGURAZIONE IN CORSO...

Aggiornato il Tempo Globale:  2025-11-20 20:55:38
[44][GREEDY] STARLINK-31777 -> STARLINK-11573 [DTC] | Tramission-time: 0.0004243636907498078
[44] Energy routing consumed by STARLINK-31777: 0.000000 J (remaining 62524.30)
[MODE: BIDIRECTIONAL]
[44][GREEDY] CONSEGNATO! STARLINK-11573 [DTC] -> OBS | Tramission-time: 3.9411335704599795e-12
---> Task 45 (Type: Generic_Service) arriva in 24.43
--- [24.43] Task 45 using SearchNode Policy: v1_heuristic ---
[45] Filtro euristico: DTS-TMAX
[24.43] [Task 45] Routed STARLINK-2116 -> STARLINK-31283 | E_NET=0.000013 J | Remaining=79999.98 J
[24.433] Task 45 enqueued on CPU STARLINK-31283 qlen_enqueue=1
[Task 45] Task eseguito su STARLINK-31283 84.66333304844731 degrees | CPU=855.8194J, NET=0.0000J, TOTAL=855.8194J, Remaining=75234.30J
[24.452] Task 45 served on STARLINK-31283 qlen_enqueue_cpu=1 qlen_enqueue_net=None time_in_queue=0.000
[MODE: BIDIRECTIONAL]
[45][GREEDY] CONSEGNATO! STARLINK-31283 -> OBS | Tramission-time: 1.3510414037529194e-11
---> Task 46 (Type: Generic_Service) arriva in 25.85
--- [25.85] Task 46 using SearchNode Policy: v1_heuristic ---
[46] Filtro euristico: DTS-TMAX
[Task 46] Nessun server rimasto dopo i filtri (deadline/sunset).
[Task 46] REJECTED on STARLINK-2116 due to: No suitable server found after deadline/sunset filters
---> Task 47 (Type: CPU_Intensive) arriva in 25.94
--- [25.94] Task 47 using SearchNode Policy: v1_heuristic ---
[47] Filtro euristico: DTS-TMAX
[25.94] [Task 47] Routed STARLINK-2116 -> STARLINK-6246 | E_NET=0.000005 J | Remaining=79999.98 J
[25.945] Task 47 enqueued on CPU STARLINK-6246 qlen_enqueue=1
----------------------------------------------------------------------
	||TIME IN SIMULATION : (seconds:26) (minutes: 0) ||

MODIFICA CONFIGURAZIONE IN CORSO...

Aggiornato il Tempo Globale:  2025-11-20 20:55:40
[Task 47] Task eseguito su STARLINK-6246 59.010517842280414 degrees | CPU=14517.8056J, NET=0.0000J, TOTAL=14517.8056J, Remaining=63409.74J
[26.250] Task 47 served on STARLINK-6246 qlen_enqueue_cpu=1 qlen_enqueue_net=None time_in_queue=0.000
[47][GREEDY] STARLINK-6246 -> STARLINK-11573 [DTC] | Tramission-time: 0.00196109259640748
[47] Energy routing consumed by STARLINK-6246: 0.000000 J (remaining 63409.74)
[MODE: BIDIRECTIONAL]
[47][GREEDY] CONSEGNATO! STARLINK-11573 [DTC] -> OBS | Tramission-time: 4.775248804960225e-12
---> Task 48 (Type: Generic_Service) arriva in 26.59
--- [26.59] Task 48 using SearchNode Policy: v1_heuristic ---
[48] Filtro euristico: DTS-TMAX
[26.59] [Task 48] Routed STARLINK-2116 -> STARLINK-31283 | E_NET=0.000020 J | Remaining=79999.98 J
[26.594] Task 48 enqueued on CPU STARLINK-31283 qlen_enqueue=1
[Task 48] Task eseguito su STARLINK-31283 86.06208248427812 degrees | CPU=792.0654J, NET=0.0000J, TOTAL=792.0654J, Remaining=74442.23J
[26.612] Task 48 served on STARLINK-31283 qlen_enqueue_cpu=1 qlen_enqueue_net=None time_in_queue=0.000
[MODE: BIDIRECTIONAL]
[48][GREEDY] CONSEGNATO! STARLINK-31283 -> OBS | Tramission-time: 1.5760251124175082e-11
---> Task 49 (Type: CPU_and_Data_Intensive) arriva in 27.38
--- [27.38] Task 49 using SearchNode Policy: v1_heuristic ---
[49] Filtro euristico: DTS-TMAX
[27.38] [Task 49] Routed STARLINK-2116 -> STARLINK-4525 | E_NET=0.003449 J | Remaining=79999.97 J
[27.387] Task 49 enqueued on CPU STARLINK-4525 qlen_enqueue=1
---> Task 50 (Type: Generic_Service) arriva in 27.45
--- [27.45] Task 50 using SearchNode Policy: v1_heuristic ---
[50] Filtro euristico: DTS-TMAX
[27.45] [Task 50] Routed STARLINK-2116 -> STARLINK-31283 | E_NET=0.000007 J | Remaining=79999.97 J
[27.447] Task 50 enqueued on CPU STARLINK-31283 qlen_enqueue=1
[Task 50] Task eseguito su STARLINK-31283 86.06208248427812 degrees | CPU=1873.8019J, NET=0.0000J, TOTAL=1873.8019J, Remaining=72568.43J
[27.487] Task 50 served on STARLINK-31283 qlen_enqueue_cpu=1 qlen_enqueue_net=None time_in_queue=0.000
[MODE: BIDIRECTIONAL]
[50][GREEDY] CONSEGNATO! STARLINK-31283 -> OBS | Tramission-time: 6.698208065834223e-12
[27.872] Task 49 enqueued on NET STARLINK-4525 qlen_enqueue_net=1
[Task 49] Task eseguito su STARLINK-4525 42.78234909291608 degrees | CPU=23097.5322J, NET=0.0035J, TOTAL=23097.5357J, Remaining=52286.45J
[27.875] Task 49 served on STARLINK-4525 qlen_enqueue_cpu=1 qlen_enqueue_net=1 time_in_queue=0.000
---> Task 51 (Type: CPU_Intensive) arriva in 27.93
--- [27.93] Task 51 using SearchNode Policy: v1_heuristic ---
[51] Filtro euristico: DTS-TMAX
[27.93] [Task 51] Routed STARLINK-2116 -> STARLINK-30578 | E_NET=0.000024 J | Remaining=79999.97 J
[27.932] Task 51 enqueued on CPU STARLINK-30578 qlen_enqueue=1
[49][GREEDY] STARLINK-4525 -> STARLINK-31283 | Tramission-time: 0.0019233961729697253
[49] Energy routing consumed by STARLINK-4525: 0.000000 J (remaining 52286.45)
[Task 51] Task eseguito su STARLINK-30578 77.81249276865891 degrees | CPU=2028.6343J, NET=0.0000J, TOTAL=2028.6344J, Remaining=71914.59J
[27.976] Task 51 served on STARLINK-30578 qlen_enqueue_cpu=1 qlen_enqueue_net=None time_in_queue=0.000
----------------------------------------------------------------------
	||TIME IN SIMULATION : (seconds:28) (minutes: 0) ||

MODIFICA CONFIGURAZIONE IN CORSO...

Aggiornato il Tempo Globale:  2025-11-20 20:55:42
[MODE: BIDIRECTIONAL]
[49][GREEDY] CONSEGNATO! STARLINK-31283 -> OBS | Tramission-time: 2.3494394835807783e-09
[51][GREEDY] STARLINK-30578 -> STARLINK-11573 [DTC] | Tramission-time: 0.0009152539779953962
[51] Energy routing consumed by STARLINK-30578: 0.000000 J (remaining 71914.59)
[MODE: BIDIRECTIONAL]
[51][GREEDY] CONSEGNATO! STARLINK-11573 [DTC] -> OBS | Tramission-time: 2.2138163747818953e-11
---> Task 52 (Type: CPU_and_Data_Intensive) arriva in 29.20
--- [29.20] Task 52 using SearchNode Policy: v1_heuristic ---
[52] Filtro euristico: DTS-TMAX
[Task 52] Nessun server rimasto dopo i filtri (deadline/sunset).
[Task 52] REJECTED on STARLINK-11403 [DTC] due to: No suitable server found after deadline/sunset filters
---> Task 53 (Type: CPU_and_Data_Intensive) arriva in 29.23
--- [29.23] Task 53 using SearchNode Policy: v1_heuristic ---
[53] Filtro euristico: DTS-TMAX
[29.23] [Task 53] Routed STARLINK-11403 [DTC] -> STARLINK-32654 | E_NET=0.000067 J | Remaining=80000.00 J
[29.234] Task 53 enqueued on CPU STARLINK-32654 qlen_enqueue=1
---> Task 54 (Type: CPU_and_Data_Intensive) arriva in 29.29
--- [29.29] Task 54 using SearchNode Policy: v1_heuristic ---
[54] Filtro euristico: DTS-TMAX
[29.29] [Task 54] Routed STARLINK-11403 [DTC] -> STARLINK-31220 | E_NET=0.000646 J | Remaining=80000.00 J
[29.291] Task 54 enqueued on CPU STARLINK-31220 qlen_enqueue=1
---> Task 55 (Type: CPU_and_Data_Intensive) arriva in 29.42
--- [29.42] Task 55 using SearchNode Policy: v1_heuristic ---
[55] Filtro euristico: DTS-TMAX
[29.42] [Task 55] Routed STARLINK-11403 [DTC] -> STARLINK-31751 | E_NET=0.180076 J | Remaining=79999.82 J
[29.462] Task 54 enqueued on NET STARLINK-31220 qlen_enqueue_net=1
[Task 54] Task eseguito su STARLINK-31220 41.64374590519351 degrees | CPU=8159.2425J, NET=0.0007J, TOTAL=8159.2432J, Remaining=71840.76J
[29.463] Task 54 served on STARLINK-31220 qlen_enqueue_cpu=1 qlen_enqueue_net=1 time_in_queue=0.000
[54][GREEDY] STARLINK-31220 -> STARLINK-31283 | Tramission-time: 0.0017571022937514157
[54] Energy routing consumed by STARLINK-31220: 0.000000 J (remaining 71840.76)
[29.604] Task 55 enqueued on CPU STARLINK-31751 qlen_enqueue=1
[MODE: BIDIRECTIONAL]
[54][GREEDY] CONSEGNATO! STARLINK-31283 -> OBS | Tramission-time: 6.874703798331372e-10
[29.859] Task 53 enqueued on NET STARLINK-32654 qlen_enqueue_net=1
[Task 53] Task eseguito su STARLINK-32654 40.14622323189856 degrees | CPU=29800.2031J, NET=0.0001J, TOTAL=29800.2031J, Remaining=50199.80J
[29.859] Task 53 served on STARLINK-32654 qlen_enqueue_cpu=1 qlen_enqueue_net=1 time_in_queue=0.000
[53][GREEDY] STARLINK-32654 -> STARLINK-31283 | Tramission-time: 0.0017890414438060376
[53] Energy routing consumed by STARLINK-32654: 0.000000 J (remaining 50199.80)
----------------------------------------------------------------------
	||TIME IN SIMULATION : (seconds:30) (minutes: 0) ||

MODIFICA CONFIGURAZIONE IN CORSO...

Aggiornato il Tempo Globale:  2025-11-20 20:55:44
[MODE: BIDIRECTIONAL]
[53][GREEDY] CONSEGNATO! STARLINK-31283 -> OBS | Tramission-time: 6.784261468993008e-11
---> Task 56 (Type: CPU_Intensive) arriva in 30.12
--- [30.12] Task 56 using SearchNode Policy: v1_heuristic ---
[56] Filtro euristico: DTS-TMAX
[30.12] [Task 56] Routed STARLINK-2116 -> STARLINK-11403 [DTC] | E_NET=0.000018 J | Remaining=79999.97 J
[30.127] Task 56 enqueued on CPU STARLINK-11403 [DTC] qlen_enqueue=1
[Task 56] Task eseguito su STARLINK-11403 [DTC] 41.55083140850741 degrees | CPU=6848.1852J, NET=0.0000J, TOTAL=6848.1853J, Remaining=73151.63J
[30.272] Task 56 served on STARLINK-11403 [DTC] qlen_enqueue_cpu=1 qlen_enqueue_net=None time_in_queue=0.000
[MODE: BIDIRECTIONAL]
[56][GREEDY] CONSEGNATO! STARLINK-11403 [DTC] -> OBS | Tramission-time: 2.050620245033259e-11
---> Task 57 (Type: Generic_Service) arriva in 30.60
--- [30.60] Task 57 using SearchNode Policy: v1_heuristic ---
[57] Filtro euristico: DTS-TMAX
[30.60] [Task 57] Routed STARLINK-2116 -> STARLINK-30872 | E_NET=0.000022 J | Remaining=79999.97 J
[30.604] Task 57 enqueued on CPU STARLINK-30872 qlen_enqueue=1
[Task 57] Task eseguito su STARLINK-30872 43.1668786417943 degrees | CPU=1520.7637J, NET=0.0000J, TOTAL=1520.7637J, Remaining=71940.12J
[30.638] Task 57 served on STARLINK-30872 qlen_enqueue_cpu=1 qlen_enqueue_net=None time_in_queue=0.000
[57][GREEDY] STARLINK-30872 -> STARLINK-11573 [DTC] | Tramission-time: 0.000739313149745995
[57] Energy routing consumed by STARLINK-30872: 0.000000 J (remaining 71940.12)
[MODE: BIDIRECTIONAL]
[57][GREEDY] CONSEGNATO! STARLINK-11573 [DTC] -> OBS | Tramission-time: 2.2783360031621986e-11
---> Task 58 (Type: CPU_and_Data_Intensive) arriva in 30.85
--- [30.85] Task 58 using SearchNode Policy: v1_heuristic ---
[58] Filtro euristico: DTS-TMAX
[30.85] [Task 58] Routed STARLINK-2116 -> STARLINK-11403 [DTC] | E_NET=0.007386 J | Remaining=79999.97 J
[30.861] Task 58 enqueued on CPU STARLINK-11403 [DTC] qlen_enqueue=1
[30.888] Task 55 enqueued on NET STARLINK-31751 qlen_enqueue_net=1
[31.074] Task 58 enqueued on NET STARLINK-11403 [DTC] qlen_enqueue_net=1
[Task 58] Task eseguito su STARLINK-11403 [DTC] 41.55083140850741 degrees | CPU=10171.3796J, NET=0.0104J, TOTAL=10171.3900J, Remaining=62980.24J
[31.084] Task 58 served on STARLINK-11403 [DTC] qlen_enqueue_cpu=1 qlen_enqueue_net=1 time_in_queue=0.000
[Task 55] Task eseguito su STARLINK-31751 46.75657543912983 degrees | CPU=61233.7239J, NET=0.2285J, TOTAL=61233.9524J, Remaining=18766.05J
[31.117] Task 55 served on STARLINK-31751 qlen_enqueue_cpu=1 qlen_enqueue_net=1 time_in_queue=0.000
[MODE: BIDIRECTIONAL]
[58][GREEDY] CONSEGNATO! STARLINK-11403 [DTC] -> OBS | Tramission-time: 8.33578328925069e-09
[55][GREEDY] STARLINK-31751 -> STARLINK-31283 | Tramission-time: 0.0014576933245956261
[55] Energy routing consumed by STARLINK-31751: 0.000000 J (remaining 18766.05)
[MODE: BIDIRECTIONAL]
[55][GREEDY] CONSEGNATO! STARLINK-31283 -> OBS | Tramission-time: 1.6947731415264378e-07
----------------------------------------------------------------------
	||TIME IN SIMULATION : (seconds:32) (minutes: 0) ||

MODIFICA CONFIGURAZIONE IN CORSO...

Aggiornato il Tempo Globale:  2025-11-20 20:55:46
---> Task 59 (Type: CPU_Intensive) arriva in 32.08
--- [32.08] Task 59 using SearchNode Policy: v1_heuristic ---
[59] Filtro euristico: DTS-TMAX
[32.08] [Task 59] Routed STARLINK-2116 -> STARLINK-30522 | E_NET=0.000030 J | Remaining=79999.97 J
[32.078] Task 59 enqueued on CPU STARLINK-30522 qlen_enqueue=1
[Task 59] Task eseguito su STARLINK-30522 66.28325448876403 degrees | CPU=12908.1612J, NET=0.0000J, TOTAL=12908.1612J, Remaining=59852.87J
[32.351] Task 59 served on STARLINK-30522 qlen_enqueue_cpu=1 qlen_enqueue_net=None time_in_queue=0.000
[59][GREEDY] STARLINK-30522 -> STARLINK-11573 [DTC] | Tramission-time: 0.0007856944318205379
[59] Energy routing consumed by STARLINK-30522: 0.000000 J (remaining 59852.87)
[MODE: BIDIRECTIONAL]
[59][GREEDY] CONSEGNATO! STARLINK-11573 [DTC] -> OBS | Tramission-time: 3.459625580550423e-11
---> Task 60 (Type: Generic_Service) arriva in 33.20
--- [33.20] Task 60 using SearchNode Policy: v1_heuristic ---
[60] Filtro euristico: DTS-TMAX
[33.20] [Task 60] Routed STARLINK-2116 -> STARLINK-31777 | E_NET=0.000021 J | Remaining=79999.97 J
[33.200] Task 60 enqueued on CPU STARLINK-31777 qlen_enqueue=1
---> Task 61 (Type: CPU_Intensive) arriva in 33.21
--- [33.21] Task 61 using SearchNode Policy: v1_heuristic ---
[61] Filtro euristico: DTS-TMAX
[33.21] [Task 61] Routed STARLINK-2116 -> STARLINK-31283 | E_NET=0.000016 J | Remaining=79999.97 J
[Task 60] Task eseguito su STARLINK-31777 54.90636105650025 degrees | CPU=274.9769J, NET=0.0000J, TOTAL=274.9770J, Remaining=62249.32J
[33.207] Task 60 served on STARLINK-31777 qlen_enqueue_cpu=1 qlen_enqueue_net=None time_in_queue=0.000
[33.207] Task 61 enqueued on CPU STARLINK-31283 qlen_enqueue=1
[Task 61] Task eseguito su STARLINK-31283 86.62284409791901 degrees | CPU=1894.8162J, NET=0.0000J, TOTAL=1894.8163J, Remaining=70673.61J
[33.248] Task 61 served on STARLINK-31283 qlen_enqueue_cpu=1 qlen_enqueue_net=None time_in_queue=0.000
[60][GREEDY] STARLINK-31777 -> STARLINK-11573 [DTC] | Tramission-time: 0.00042472366197563084
[60] Energy routing consumed by STARLINK-31777: 0.000000 J (remaining 62249.32)
[MODE: BIDIRECTIONAL]
[61][GREEDY] CONSEGNATO! STARLINK-31283 -> OBS | Tramission-time: 1.528814201217781e-11
[MODE: BIDIRECTIONAL]
[60][GREEDY] CONSEGNATO! STARLINK-11573 [DTC] -> OBS | Tramission-time: 1.4801218146828945e-11
---> Task 62 (Type: Generic_Service) arriva in 33.53
--- [33.53] Task 62 using SearchNode Policy: v1_heuristic ---
[62] Filtro euristico: DTS-TMAX
[Task 62] Nessun server rimasto dopo i filtri (deadline/sunset).
[Task 62] REJECTED on STARLINK-2116 due to: No suitable server found after deadline/sunset filters
----------------------------------------------------------------------
	||TIME IN SIMULATION : (seconds:34) (minutes: 0) ||

MODIFICA CONFIGURAZIONE IN CORSO...

Aggiornato il Tempo Globale:  2025-11-20 20:55:48
---> Task 63 (Type: Generic_Service) arriva in 34.26
--- [34.26] Task 63 using SearchNode Policy: v1_heuristic ---
[63] Filtro euristico: DTS-TMAX
[34.26] [Task 63] Routed STARLINK-2116 -> STARLINK-6192 | E_NET=0.000028 J | Remaining=79999.97 J
[34.263] Task 63 enqueued on CPU STARLINK-6192 qlen_enqueue=1
[Task 63] Task eseguito su STARLINK-6192 80.45402793489176 degrees | CPU=950.8384J, NET=0.0000J, TOTAL=950.8384J, Remaining=71318.82J
[34.285] Task 63 served on STARLINK-6192 qlen_enqueue_cpu=1 qlen_enqueue_net=None time_in_queue=0.000
[63][GREEDY] STARLINK-6192 -> STARLINK-31283 | Tramission-time: 0.00034284924187496786
[63] Energy routing consumed by STARLINK-6192: 0.000000 J (remaining 71318.82)
---> Task 64 (Type: Generic_Service) arriva in 34.37
--- [34.37] Task 64 using SearchNode Policy: v1_heuristic ---
[64] Filtro euristico: DTS-TMAX
[34.37] [Task 64] Routed STARLINK-2116 -> STARLINK-30872 | E_NET=0.000035 J | Remaining=79999.97 J
[34.375] Task 64 enqueued on CPU STARLINK-30872 qlen_enqueue=1
[Task 64] Task eseguito su STARLINK-30872 41.457085835995876 degrees | CPU=1998.3769J, NET=0.0000J, TOTAL=1998.3769J, Remaining=69941.75J
[34.419] Task 64 served on STARLINK-30872 qlen_enqueue_cpu=1 qlen_enqueue_net=None time_in_queue=0.000
[MODE: BIDIRECTIONAL]
[63][GREEDY] CONSEGNATO! STARLINK-31283 -> OBS | Tramission-time: 2.918226245035326e-11
[64][GREEDY] STARLINK-30872 -> STARLINK-31283 | Tramission-time: 0.0016624053438830427
[64] Energy routing consumed by STARLINK-30872: 0.000000 J (remaining 69941.75)
[MODE: BIDIRECTIONAL]
[64][GREEDY] CONSEGNATO! STARLINK-31283 -> OBS | Tramission-time: 3.0106592086760464e-11
---> Task 65 (Type: CPU_and_Data_Intensive) arriva in 35.42
--- [35.42] Task 65 using SearchNode Policy: v1_heuristic ---
[65] Filtro euristico: DTS-TMAX
[35.42] [Task 65] Routed STARLINK-2116 -> STARLINK-30578 | E_NET=0.000445 J | Remaining=79999.97 J
[35.423] Task 65 enqueued on CPU STARLINK-30578 qlen_enqueue=1
---> Task 66 (Type: CPU_Intensive) arriva in 35.66
--- [35.66] Task 66 using SearchNode Policy: v1_heuristic ---
[66] Filtro euristico: DTS-TMAX
[35.66] [Task 66] Routed STARLINK-2116 -> STARLINK-32475 | E_NET=0.000009 J | Remaining=79999.97 J
[35.666] Task 66 enqueued on CPU STARLINK-32475 qlen_enqueue=1
[Task 66] Task eseguito su STARLINK-32475 53.654482400308055 degrees | CPU=1518.1489J, NET=0.0000J, TOTAL=1518.1489J, Remaining=70068.76J
[35.699] Task 66 served on STARLINK-32475 qlen_enqueue_cpu=1 qlen_enqueue_net=None time_in_queue=0.000
[66][GREEDY] STARLINK-32475 -> STARLINK-31283 | Tramission-time: 0.0010446848433087554
[66] Energy routing consumed by STARLINK-32475: 0.000000 J (remaining 70068.76)
[MODE: BIDIRECTIONAL]
[66][GREEDY] CONSEGNATO! STARLINK-31283 -> OBS | Tramission-time: 9.908761485874822e-12
[35.981] Task 65 enqueued on NET STARLINK-30578 qlen_enqueue_net=1
[Task 65] Task eseguito su STARLINK-30578 72.37952252377342 degrees | CPU=26578.0770J, NET=0.0005J, TOTAL=26578.0776J, Remaining=45336.52J
[35.981] Task 65 served on STARLINK-30578 qlen_enqueue_cpu=1 qlen_enqueue_net=1 time_in_queue=0.000
----------------------------------------------------------------------
	||TIME IN SIMULATION : (seconds:36) (minutes: 0) ||

MODIFICA CONFIGURAZIONE IN CORSO...

Aggiornato il Tempo Globale:  2025-11-20 20:55:50
[65][GREEDY] STARLINK-30578 -> STARLINK-31283 | Tramission-time: 0.0005571732863332047
[65] Energy routing consumed by STARLINK-30578: 0.000000 J (remaining 45336.52)
[MODE: BIDIRECTIONAL]
[65][GREEDY] CONSEGNATO! STARLINK-31283 -> OBS | Tramission-time: 3.950873864520469e-10
---> Task 67 (Type: CPU_and_Data_Intensive) arriva in 36.32
--- [36.32] Task 67 using SearchNode Policy: v1_heuristic ---
[67] Filtro euristico: DTS-TMAX
[36.32] [Task 67] Routed STARLINK-2116 -> STARLINK-6192 | E_NET=0.004866 J | Remaining=79999.96 J
[36.324] Task 67 enqueued on CPU STARLINK-6192 qlen_enqueue=1
[36.598] Task 67 enqueued on NET STARLINK-6192 qlen_enqueue_net=1
[Task 67] Task eseguito su STARLINK-6192 79.03882077731178 degrees | CPU=13080.2847J, NET=0.0067J, TOTAL=13080.2914J, Remaining=58238.53J
[36.605] Task 67 served on STARLINK-6192 qlen_enqueue_cpu=1 qlen_enqueue_net=1 time_in_queue=0.000
---> Task 68 (Type: Generic_Service) arriva in 36.64
--- [36.64] Task 68 using SearchNode Policy: v1_heuristic ---
[68] Filtro euristico: DTS-TMAX
[36.64] [Task 68] Routed STARLINK-2116 -> STARLINK-31777 | E_NET=0.000013 J | Remaining=79999.96 J
[36.640] Task 68 enqueued on CPU STARLINK-31777 qlen_enqueue=1
[Task 68] Task eseguito su STARLINK-31777 52.789587112225384 degrees | CPU=410.7519J, NET=0.0000J, TOTAL=410.7519J, Remaining=61838.57J
[36.649] Task 68 served on STARLINK-31777 qlen_enqueue_cpu=1 qlen_enqueue_net=None time_in_queue=0.000
[68][GREEDY] STARLINK-31777 -> STARLINK-31283 | Tramission-time: 0.0010739582513219401
[68] Energy routing consumed by STARLINK-31777: 0.000000 J (remaining 61838.57)
[MODE: BIDIRECTIONAL]
[68][GREEDY] CONSEGNATO! STARLINK-31283 -> OBS | Tramission-time: 9.402939333764608e-12
[67][GREEDY] STARLINK-6192 -> STARLINK-31283 | Tramission-time: 0.00034197618937337676
[67] Energy routing consumed by STARLINK-6192: 0.000000 J (remaining 58238.53)
[MODE: BIDIRECTIONAL]
[67][GREEDY] CONSEGNATO! STARLINK-31283 -> OBS | Tramission-time: 4.794862388107387e-09
---> Task 69 (Type: CPU_Intensive) arriva in 36.82
--- [36.82] Task 69 using SearchNode Policy: v1_heuristic ---
[69] Filtro euristico: DTS-TMAX
[36.82] [Task 69] Routed STARLINK-2116 -> STARLINK-31866 | E_NET=0.000018 J | Remaining=79999.96 J
[36.820] Task 69 enqueued on CPU STARLINK-31866 qlen_enqueue=1
[Task 69] Task eseguito su STARLINK-31866 74.27103952478149 degrees | CPU=3360.2315J, NET=0.0000J, TOTAL=3360.2316J, Remaining=67514.50J
[36.892] Task 69 served on STARLINK-31866 qlen_enqueue_cpu=1 qlen_enqueue_net=None time_in_queue=0.000
[MODE: BIDIRECTIONAL]
[69][GREEDY] CONSEGNATO! STARLINK-31866 -> OBS | Tramission-time: 1.482160017413337e-11
---> Task 70 (Type: CPU_and_Data_Intensive) arriva in 36.99
--- [36.99] Task 70 using SearchNode Policy: v1_heuristic ---
[70] Filtro euristico: DTS-TMAX
[36.99] [Task 70] Routed STARLINK-2116 -> STARLINK-31283 | E_NET=0.001686 J | Remaining=79999.96 J
[36.991] Task 70 enqueued on CPU STARLINK-31283 qlen_enqueue=1
---> Task 71 (Type: CPU_Intensive) arriva in 37.06
--- [37.06] Task 71 using SearchNode Policy: v1_heuristic ---
[71] Filtro euristico: DTS-TMAX
[37.06] [Task 71] Routed STARLINK-2116 -> STARLINK-30297 | E_NET=0.000015 J | Remaining=79999.96 J
[37.057] Task 71 enqueued on CPU STARLINK-30297 qlen_enqueue=1
[Task 71] Task eseguito su STARLINK-30297 45.577314138594915 degrees | CPU=16360.4835J, NET=0.0000J, TOTAL=16360.4836J, Remaining=53924.60J
[37.401] Task 71 served on STARLINK-30297 qlen_enqueue_cpu=1 qlen_enqueue_net=None time_in_queue=0.000
[37.421] Task 70 enqueued on NET STARLINK-31283 qlen_enqueue_net=1
[Task 70] Task eseguito su STARLINK-31283 83.86203184308623 degrees | CPU=20478.0099J, NET=0.0020J, TOTAL=20478.0118J, Remaining=50195.60J
[37.423] Task 70 served on STARLINK-31283 qlen_enqueue_cpu=1 qlen_enqueue_net=1 time_in_queue=0.000
[MODE: BIDIRECTIONAL]
[70][GREEDY] CONSEGNATO! STARLINK-31283 -> OBS | Tramission-time: 1.4050942210820163e-09
[71][GREEDY] STARLINK-30297 -> STARLINK-31283 | Tramission-time: 0.001356469555203247
[71] Energy routing consumed by STARLINK-30297: 0.000000 J (remaining 53924.60)
[MODE: BIDIRECTIONAL]
[71][GREEDY] CONSEGNATO! STARLINK-31283 -> OBS | Tramission-time: 1.2147736128668028e-11
----------------------------------------------------------------------
	||TIME IN SIMULATION : (seconds:38) (minutes: 0) ||

MODIFICA CONFIGURAZIONE IN CORSO...

Aggiornato il Tempo Globale:  2025-11-20 20:55:52
---> Task 72 (Type: Generic_Service) arriva in 38.58
--- [38.58] Task 72 using SearchNode Policy: v1_heuristic ---
[72] Filtro euristico: DTS-TMAX
[38.58] [Task 72] Routed STARLINK-2116 -> STARLINK-32475 | E_NET=0.000013 J | Remaining=79999.96 J
[38.585] Task 72 enqueued on CPU STARLINK-32475 qlen_enqueue=1
---> Task 73 (Type: CPU_and_Data_Intensive) arriva in 38.68
--- [38.68] Task 73 using SearchNode Policy: v1_heuristic ---
[73] Filtro euristico: DTS-TMAX
[38.68] [Task 73] Routed STARLINK-2116 -> STARLINK-32475 | E_NET=0.005394 J | Remaining=79999.95 J
[38.683] Task 73 enqueued on CPU STARLINK-32475 qlen_enqueue=2
[Task 72] Task eseguito su STARLINK-32475 51.37229473522564 degrees | CPU=9280.6042J, NET=0.0000J, TOTAL=9280.6043J, Remaining=60788.16J
[38.781] Task 72 served on STARLINK-32475 qlen_enqueue_cpu=1 qlen_enqueue_net=None time_in_queue=0.000
[72][GREEDY] STARLINK-32475 -> STARLINK-11403 [DTC] | Tramission-time: 0.002110331794031441
[72] Energy routing consumed by STARLINK-32475: 0.000000 J (remaining 60788.16)
[MODE: BIDIRECTIONAL]
[72][GREEDY] CONSEGNATO! STARLINK-11403 [DTC] -> OBS | Tramission-time: 1.1461973873809255e-11
[38.971] Task 73 enqueued on NET STARLINK-32475 qlen_enqueue_net=1
[Task 73] Task eseguito su STARLINK-32475 51.37229473522564 degrees | CPU=13749.5281J, NET=0.0063J, TOTAL=13749.5344J, Remaining=47038.62J
[38.978] Task 73 served on STARLINK-32475 qlen_enqueue_cpu=2 qlen_enqueue_net=1 time_in_queue=0.000
[73][GREEDY] STARLINK-32475 -> STARLINK-11403 [DTC] | Tramission-time: 0.0021103367478667247
[73] Energy routing consumed by STARLINK-32475: 0.000000 J (remaining 47038.62)
[MODE: BIDIRECTIONAL]
[73][GREEDY] CONSEGNATO! STARLINK-11403 [DTC] -> OBS | Tramission-time: 4.966701535259525e-09
----------------------------------------------------------------------
	||TIME IN SIMULATION : (seconds:40) (minutes: 0) ||

MODIFICA CONFIGURAZIONE IN CORSO...

Aggiornato il Tempo Globale:  2025-11-20 20:55:54
---> Task 74 (Type: Generic_Service) arriva in 40.45
--- [40.45] Task 74 using SearchNode Policy: v1_heuristic ---
[74] Filtro euristico: DTS-TMAX
[40.45] [Task 74] Routed STARLINK-2116 -> STARLINK-31777 | E_NET=0.000027 J | Remaining=79999.95 J
[40.450] Task 74 enqueued on CPU STARLINK-31777 qlen_enqueue=1
[Task 74] Task eseguito su STARLINK-31777 50.738130418341676 degrees | CPU=280.2953J, NET=0.0000J, TOTAL=280.2953J, Remaining=61558.28J
[40.458] Task 74 served on STARLINK-31777 qlen_enqueue_cpu=1 qlen_enqueue_net=None time_in_queue=0.000
[74][GREEDY] STARLINK-31777 -> STARLINK-31283 | Tramission-time: 0.0010651652511123023
[74] Energy routing consumed by STARLINK-31777: 0.000000 J (remaining 61558.28)
[MODE: BIDIRECTIONAL]
[74][GREEDY] CONSEGNATO! STARLINK-31283 -> OBS | Tramission-time: 2.0813740399334983e-11
---> Task 75 (Type: CPU_and_Data_Intensive) arriva in 40.47
--- [40.47] Task 75 using SearchNode Policy: v1_heuristic ---
[75] Filtro euristico: DTS-TMAX
[40.47] [Task 75] Routed STARLINK-2116 -> STARLINK-31866 | E_NET=0.003630 J | Remaining=79999.95 J
[40.472] Task 75 enqueued on CPU STARLINK-31866 qlen_enqueue=1
[40.517] Task 75 enqueued on NET STARLINK-31866 qlen_enqueue_net=1
[Task 75] Task eseguito su STARLINK-31866 75.54900847431757 degrees | CPU=2135.8071J, NET=0.0045J, TOTAL=2135.8117J, Remaining=65378.69J
[40.521] Task 75 served on STARLINK-31866 qlen_enqueue_cpu=1 qlen_enqueue_net=1 time_in_queue=0.000
[MODE: BIDIRECTIONAL]
[75][GREEDY] CONSEGNATO! STARLINK-31866 -> OBS | Tramission-time: 3.3175783159650254e-09
---> Task 76 (Type: Generic_Service) arriva in 40.65
--- [40.65] Task 76 using SearchNode Policy: v1_heuristic ---
[76] Filtro euristico: DTS-TMAX
[40.65] [Task 76] Routed STARLINK-2116 -> STARLINK-31777 | E_NET=0.000009 J | Remaining=79999.95 J
[40.652] Task 76 enqueued on CPU STARLINK-31777 qlen_enqueue=1
[Task 76] Task eseguito su STARLINK-31777 50.738130418341676 degrees | CPU=233.6966J, NET=0.0000J, TOTAL=233.6966J, Remaining=61324.58J
[40.657] Task 76 served on STARLINK-31777 qlen_enqueue_cpu=1 qlen_enqueue_net=None time_in_queue=0.000
[76][GREEDY] STARLINK-31777 -> STARLINK-31283 | Tramission-time: 0.0010651652374399985
[76] Energy routing consumed by STARLINK-31777: 0.000000 J (remaining 61324.58)
[MODE: BIDIRECTIONAL]
[76][GREEDY] CONSEGNATO! STARLINK-31283 -> OBS | Tramission-time: 7.287950329827229e-12
---> Task 77 (Type: CPU_and_Data_Intensive) arriva in 41.15
--- [41.15] Task 77 using SearchNode Policy: v1_heuristic ---
[77] Filtro euristico: DTS-TMAX
[41.15] [Task 77] Routed STARLINK-2116 -> STARLINK-4438 | E_NET=0.002245 J | Remaining=79999.95 J
[41.156] Task 77 enqueued on CPU STARLINK-4438 qlen_enqueue=1
---> Task 78 (Type: Generic_Service) arriva in 41.29
--- [41.29] Task 78 using SearchNode Policy: v1_heuristic ---
[78] Filtro euristico: DTS-TMAX
[41.29] [Task 78] Routed STARLINK-2116 -> STARLINK-5936 | E_NET=0.000007 J | Remaining=79999.95 J
[41.289] Task 78 enqueued on CPU STARLINK-5936 qlen_enqueue=1
[41.316] Task 77 enqueued on NET STARLINK-4438 qlen_enqueue_net=1
[Task 77] Task eseguito su STARLINK-4438 55.713579907590415 degrees | CPU=7627.4309J, NET=0.0029J, TOTAL=7627.4338J, Remaining=58723.68J
[41.319] Task 77 served on STARLINK-4438 qlen_enqueue_cpu=1 qlen_enqueue_net=1 time_in_queue=0.000
[77][GREEDY] STARLINK-4438 -> STARLINK-31283 | Tramission-time: 0.000993119298470152
[77] Energy routing consumed by STARLINK-4438: 0.000000 J (remaining 58723.68)
[Task 78] Task eseguito su STARLINK-5936 47.18321714857748 degrees | CPU=4250.2450J, NET=0.0000J, TOTAL=4250.2450J, Remaining=61801.09J
[41.379] Task 78 served on STARLINK-5936 qlen_enqueue_cpu=1 qlen_enqueue_net=None time_in_queue=0.000
[MODE: BIDIRECTIONAL]
[77][GREEDY] CONSEGNATO! STARLINK-31283 -> OBS | Tramission-time: 2.0870592328385953e-09
[78][GREEDY] STARLINK-5936 -> STARLINK-31283 | Tramission-time: 0.0014550593396430301
[78] Energy routing consumed by STARLINK-5936: 0.000000 J (remaining 61801.09)
[MODE: BIDIRECTIONAL]
[78][GREEDY] CONSEGNATO! STARLINK-31283 -> OBS | Tramission-time: 8.021225544208789e-12
----------------------------------------------------------------------
	||TIME IN SIMULATION : (seconds:42) (minutes: 0) ||

MODIFICA CONFIGURAZIONE IN CORSO...

Aggiornato il Tempo Globale:  2025-11-20 20:55:56
---> Task 79 (Type: Generic_Service) arriva in 42.79
--- [42.79] Task 79 using SearchNode Policy: v1_heuristic ---
[79] Filtro euristico: DTS-TMAX
[42.79] [Task 79] Routed STARLINK-2116 -> STARLINK-31866 | E_NET=0.000006 J | Remaining=79999.95 J
[42.788] Task 79 enqueued on CPU STARLINK-31866 qlen_enqueue=1
---> Task 80 (Type: CPU_and_Data_Intensive) arriva in 42.79
--- [42.79] Task 80 using SearchNode Policy: v1_heuristic ---
[80] Filtro euristico: DTS-TMAX
[42.79] [Task 80] Routed STARLINK-2116 -> STARLINK-6246 | E_NET=0.001574 J | Remaining=79999.95 J
[42.797] Task 80 enqueued on CPU STARLINK-6246 qlen_enqueue=1
---> Task 81 (Type: CPU_Intensive) arriva in 42.83
--- [42.83] Task 81 using SearchNode Policy: v1_heuristic ---
[81] Filtro euristico: DTS-TMAX
[42.83] [Task 81] Routed STARLINK-2116 -> STARLINK-31866 | E_NET=0.000005 J | Remaining=79999.95 J
[42.827] Task 81 enqueued on CPU STARLINK-31866 qlen_enqueue=2
[42.833] Task 80 enqueued on NET STARLINK-6246 qlen_enqueue_net=1
[Task 80] Task eseguito su STARLINK-6246 61.00100385716476 degrees | CPU=1710.5072J, NET=0.0021J, TOTAL=1710.5092J, Remaining=61699.23J
[42.835] Task 80 served on STARLINK-6246 qlen_enqueue_cpu=1 qlen_enqueue_net=1 time_in_queue=0.000
[80][GREEDY] STARLINK-6246 -> STARLINK-11403 [DTC] | Tramission-time: 0.001757294209652223
[80] Energy routing consumed by STARLINK-6246: 0.000000 J (remaining 61699.23)
[MODE: BIDIRECTIONAL]
[80][GREEDY] CONSEGNATO! STARLINK-11403 [DTC] -> OBS | Tramission-time: 1.891776825109646e-09
[Task 79] Task eseguito su STARLINK-31866 75.94613367042909 degrees | CPU=6958.3961J, NET=0.0000J, TOTAL=6958.3961J, Remaining=58420.30J
[42.934] Task 79 served on STARLINK-31866 qlen_enqueue_cpu=1 qlen_enqueue_net=None time_in_queue=0.000
[MODE: BIDIRECTIONAL]
[79][GREEDY] CONSEGNATO! STARLINK-31866 -> OBS | Tramission-time: 6.110742159699739e-12
---> Task 82 (Type: Generic_Service) arriva in 43.26
--- [43.26] Task 82 using SearchNode Policy: v1_heuristic ---
[82] Filtro euristico: DTS-TMAX
[43.26] [Task 82] Routed STARLINK-2116 -> STARLINK-11403 [DTC] | E_NET=0.000029 J | Remaining=79999.95 J
[43.259] Task 82 enqueued on CPU STARLINK-11403 [DTC] qlen_enqueue=1
[Task 81] Task eseguito su STARLINK-31866 75.94613367042909 degrees | CPU=25287.0491J, NET=0.0000J, TOTAL=25287.0491J, Remaining=33133.25J
[43.358] Task 81 served on STARLINK-31866 qlen_enqueue_cpu=2 qlen_enqueue_net=None time_in_queue=0.000
[MODE: BIDIRECTIONAL]
[81][GREEDY] CONSEGNATO! STARLINK-31866 -> OBS | Tramission-time: 6.334104613167241e-12
[Task 82] Task eseguito su STARLINK-11403 [DTC] 49.16223004713825 degrees | CPU=5320.4583J, NET=0.0000J, TOTAL=5320.4584J, Remaining=57659.79J
[43.373] Task 82 served on STARLINK-11403 [DTC] qlen_enqueue_cpu=1 qlen_enqueue_net=None time_in_queue=0.000
[MODE: BIDIRECTIONAL]
[82][GREEDY] CONSEGNATO! STARLINK-11403 [DTC] -> OBS | Tramission-time: 2.7094741915528136e-11
---> Task 83 (Type: CPU_and_Data_Intensive) arriva in 43.87
--- [43.87] Task 83 using SearchNode Policy: v1_heuristic ---
[83] Filtro euristico: DTS-TMAX
[43.87] [Task 83] Routed STARLINK-2116 -> STARLINK-31777 | E_NET=0.000825 J | Remaining=79999.95 J
[43.871] Task 83 enqueued on CPU STARLINK-31777 qlen_enqueue=1
[43.888] Task 83 enqueued on NET STARLINK-31777 qlen_enqueue_net=1
[Task 83] Task eseguito su STARLINK-31777 49.73926312637938 degrees | CPU=773.9379J, NET=0.0010J, TOTAL=773.9389J, Remaining=60550.64J
[43.889] Task 83 served on STARLINK-31777 qlen_enqueue_cpu=1 qlen_enqueue_net=1 time_in_queue=0.000
[83][GREEDY] STARLINK-31777 -> STARLINK-31283 | Tramission-time: 0.0010609137919977373
[83] Energy routing consumed by STARLINK-31777: 0.000000 J (remaining 60550.64)
[MODE: BIDIRECTIONAL]
[83][GREEDY] CONSEGNATO! STARLINK-31283 -> OBS | Tramission-time: 7.778875308584501e-10
----------------------------------------------------------------------
	||TIME IN SIMULATION : (seconds:44) (minutes: 0) ||

MODIFICA CONFIGURAZIONE IN CORSO...

Aggiornato il Tempo Globale:  2025-11-20 20:55:58
---> Task 84 (Type: Generic_Service) arriva in 45.57
--- [45.57] Task 84 using SearchNode Policy: v1_heuristic ---
[84] Filtro euristico: DTS-TMAX
[45.57] [Task 84] Routed STARLINK-2116 -> STARLINK-31777 | E_NET=0.000015 J | Remaining=79999.95 J
[45.568] Task 84 enqueued on CPU STARLINK-31777 qlen_enqueue=1
[Task 84] Task eseguito su STARLINK-31777 48.75914710154471 degrees | CPU=338.6402J, NET=0.0000J, TOTAL=338.6402J, Remaining=60212.00J
[45.576] Task 84 served on STARLINK-31777 qlen_enqueue_cpu=1 qlen_enqueue_net=None time_in_queue=0.000
[84][GREEDY] STARLINK-31777 -> STARLINK-31283 | Tramission-time: 0.0010567582867175621
[84] Energy routing consumed by STARLINK-31777: 0.000000 J (remaining 60212.00)
[MODE: BIDIRECTIONAL]
[84][GREEDY] CONSEGNATO! STARLINK-31283 -> OBS | Tramission-time: 1.3213868392946708e-11
----------------------------------------------------------------------
	||TIME IN SIMULATION : (seconds:46) (minutes: 0) ||

MODIFICA CONFIGURAZIONE IN CORSO...

Aggiornato il Tempo Globale:  2025-11-20 20:56:00
---> Task 85 (Type: Generic_Service) arriva in 46.18
--- [46.18] Task 85 using SearchNode Policy: v1_heuristic ---
[85] Filtro euristico: DTS-TMAX
[46.18] [Task 85] Routed STARLINK-2116 -> STARLINK-5936 | E_NET=0.000025 J | Remaining=79999.95 J
[46.186] Task 85 enqueued on CPU STARLINK-5936 qlen_enqueue=1
[Task 85] Task eseguito su STARLINK-5936 44.69586757749622 degrees | CPU=1035.2938J, NET=0.0000J, TOTAL=1035.2938J, Remaining=60765.79J
[46.210] Task 85 served on STARLINK-5936 qlen_enqueue_cpu=1 qlen_enqueue_net=None time_in_queue=0.000
[85][GREEDY] STARLINK-5936 -> STARLINK-31866 | Tramission-time: 0.001985794746897448
[85] Energy routing consumed by STARLINK-5936: 0.000000 J (remaining 60765.79)
---> Task 86 (Type: CPU_and_Data_Intensive) arriva in 46.30
--- [46.30] Task 86 using SearchNode Policy: v1_heuristic ---
[86] Filtro euristico: DTS-TMAX
[46.30] [Task 86] Routed STARLINK-2116 -> STARLINK-6246 | E_NET=0.002470 J | Remaining=79999.94 J
[46.305] Task 86 enqueued on CPU STARLINK-6246 qlen_enqueue=1
[MODE: BIDIRECTIONAL]
[85][GREEDY] CONSEGNATO! STARLINK-31866 -> OBS | Tramission-time: 1.7202527415944053e-11
---> Task 87 (Type: CPU_and_Data_Intensive) arriva in 46.59
--- [46.59] Task 87 using SearchNode Policy: v1_heuristic ---
[87] Filtro euristico: DTS-TMAX
[46.59] [Task 87] Routed STARLINK-2116 -> STARLINK-6246 | E_NET=0.003500 J | Remaining=79999.94 J
[Task 87] REJECTED on STARLINK-6246 due to: Insufficient Energy for CPU+NET
[46.658] Task 86 enqueued on NET STARLINK-6246 qlen_enqueue_net=1
[Task 86] Task eseguito su STARLINK-6246 60.97845413156777 degrees | CPU=16828.4967J, NET=0.0029J, TOTAL=16828.4995J, Remaining=44870.73J
[46.661] Task 86 served on STARLINK-6246 qlen_enqueue_cpu=1 qlen_enqueue_net=1 time_in_queue=0.000
[86][GREEDY] STARLINK-6246 -> STARLINK-11403 [DTC] | Tramission-time: 0.0017426928579159205
[86] Energy routing consumed by STARLINK-6246: 0.000000 J (remaining 44870.73)
[MODE: BIDIRECTIONAL]
[86][GREEDY] CONSEGNATO! STARLINK-11403 [DTC] -> OBS | Tramission-time: 2.4944955206051313e-09
---> Task 88 (Type: Generic_Service) arriva in 46.99
--- [46.99] Task 88 using SearchNode Policy: v1_heuristic ---
[88] Filtro euristico: DTS-TMAX
[46.99] [Task 88] Routed STARLINK-2116 -> STARLINK-5936 | E_NET=0.000024 J | Remaining=79999.94 J
[46.996] Task 88 enqueued on CPU STARLINK-5936 qlen_enqueue=1
[Task 88] Task eseguito su STARLINK-5936 44.69586757749622 degrees | CPU=7511.2920J, NET=0.0000J, TOTAL=7511.2920J, Remaining=53254.50J
[47.155] Task 88 served on STARLINK-5936 qlen_enqueue_cpu=1 qlen_enqueue_net=None time_in_queue=0.000
[88][GREEDY] STARLINK-5936 -> STARLINK-31866 | Tramission-time: 0.0019857947404006374
[88] Energy routing consumed by STARLINK-5936: 0.000000 J (remaining 53254.50)
[MODE: BIDIRECTIONAL]
[88][GREEDY] CONSEGNATO! STARLINK-31866 -> OBS | Tramission-time: 1.9994930459097657e-11
---> Task 89 (Type: CPU_and_Data_Intensive) arriva in 47.42
--- [47.42] Task 89 using SearchNode Policy: v1_heuristic ---
[89] Filtro euristico: DTS-TMAX
[47.42] [Task 89] Routed STARLINK-2116 -> STARLINK-31777 | E_NET=0.000176 J | Remaining=79999.94 J
[47.418] Task 89 enqueued on CPU STARLINK-31777 qlen_enqueue=1
---> Task 90 (Type: CPU_and_Data_Intensive) arriva in 47.75
--- [47.75] Task 90 using SearchNode Policy: v1_heuristic ---
[90] Filtro euristico: DTS-TMAX
[47.75] [Task 90] Routed STARLINK-2116 -> STARLINK-30522 | E_NET=0.001761 J | Remaining=79999.94 J
[47.753] Task 90 enqueued on CPU STARLINK-30522 qlen_enqueue=1
----------------------------------------------------------------------
	||TIME IN SIMULATION : (seconds:48) (minutes: 0) ||

MODIFICA CONFIGURAZIONE IN CORSO...

Aggiornato il Tempo Globale:  2025-11-20 20:56:02
---> Task 91 (Type: Generic_Service) arriva in 48.12
--- [48.12] Task 91 using SearchNode Policy: v1_heuristic ---
[91] Filtro euristico: DTS-TMAX
[48.12] [Task 91] Routed STARLINK-2116 -> STARLINK-30578 | E_NET=0.000012 J | Remaining=79999.94 J
[48.123] Task 91 enqueued on CPU STARLINK-30578 qlen_enqueue=1
[Task 91] Task eseguito su STARLINK-30578 63.46774188681789 degrees | CPU=315.7801J, NET=0.0000J, TOTAL=315.7801J, Remaining=45020.74J
[48.131] Task 91 served on STARLINK-30578 qlen_enqueue_cpu=1 qlen_enqueue_net=None time_in_queue=0.000
[91][GREEDY] STARLINK-30578 -> STARLINK-11403 [DTC] | Tramission-time: 0.0019055999730569376
[91] Energy routing consumed by STARLINK-30578: 0.000000 J (remaining 45020.74)
[MODE: BIDIRECTIONAL]
[91][GREEDY] CONSEGNATO! STARLINK-11403 [DTC] -> OBS | Tramission-time: 1.2365405155065598e-11
[48.301] Task 89 enqueued on NET STARLINK-31777 qlen_enqueue_net=1
[Task 89] Task eseguito su STARLINK-31777 46.85671047758962 degrees | CPU=42087.1544J, NET=0.0002J, TOTAL=42087.1546J, Remaining=18124.85J
[48.301] Task 89 served on STARLINK-31777 qlen_enqueue_cpu=1 qlen_enqueue_net=1 time_in_queue=0.000
[89][GREEDY] STARLINK-31777 -> STARLINK-31866 | Tramission-time: 0.00128949210327189
[89] Energy routing consumed by STARLINK-31777: 0.000000 J (remaining 18124.85)
[MODE: BIDIRECTIONAL]
[89][GREEDY] CONSEGNATO! STARLINK-31866 -> OBS | Tramission-time: 1.7122350058593086e-10
---> Task 92 (Type: CPU_and_Data_Intensive) arriva in 48.50
--- [48.50] Task 92 using SearchNode Policy: v1_heuristic ---
[92] Filtro euristico: DTS-TMAX
[48.50] [Task 92] Routed STARLINK-2116 -> STARLINK-4438 | E_NET=0.008393 J | Remaining=79999.93 J
[Task 92] REJECTED on STARLINK-4438 due to: Insufficient Energy for CPU+NET
[48.831] Task 90 enqueued on NET STARLINK-30522 qlen_enqueue_net=1
[Task 90] Task eseguito su STARLINK-30522 58.10477650826353 degrees | CPU=51421.7523J, NET=0.0022J, TOTAL=51421.7545J, Remaining=8431.12J
[48.833] Task 90 served on STARLINK-30522 qlen_enqueue_cpu=1 qlen_enqueue_net=1 time_in_queue=0.000
[90][GREEDY] STARLINK-30522 -> STARLINK-11403 [DTC] | Tramission-time: 0.0020810827200324175
[90] Energy routing consumed by STARLINK-30522: 0.000000 J (remaining 8431.12)
[MODE: BIDIRECTIONAL]
[90][GREEDY] CONSEGNATO! STARLINK-11403 [DTC] -> OBS | Tramission-time: 1.5301922119332166e-09
---> Task 93 (Type: Generic_Service) arriva in 49.97
--- [49.97] Task 93 using SearchNode Policy: v1_heuristic ---
[93] Filtro euristico: DTS-TMAX
[49.97] [Task 93] Routed STARLINK-2116 -> STARLINK-4438 | E_NET=0.000022 J | Remaining=79999.93 J
[49.972] Task 93 enqueued on CPU STARLINK-4438 qlen_enqueue=1
[Task 93] Task eseguito su STARLINK-4438 55.5359434365439 degrees | CPU=1004.1678J, NET=0.0000J, TOTAL=1004.1678J, Remaining=57719.51J
[49.995] Task 93 served on STARLINK-4438 qlen_enqueue_cpu=1 qlen_enqueue_net=None time_in_queue=0.000
----------------------------------------------------------------------
	||TIME IN SIMULATION : (seconds:50) (minutes: 0) ||

MODIFICA CONFIGURAZIONE IN CORSO...

Aggiornato il Tempo Globale:  2025-11-20 20:56:04
[93][GREEDY] STARLINK-4438 -> STARLINK-11403 [DTC] | Tramission-time: 0.0021345121980298905
[93] Energy routing consumed by STARLINK-4438: 0.000000 J (remaining 57719.51)
[MODE: BIDIRECTIONAL]
[93][GREEDY] CONSEGNATO! STARLINK-11403 [DTC] -> OBS | Tramission-time: 1.5804966810648074e-11
---> Task 94 (Type: CPU_Intensive) arriva in 50.54
--- [50.54] Task 94 using SearchNode Policy: v1_heuristic ---
[94] Filtro euristico: DTS-TMAX
[50.54] [Task 94] Routed STARLINK-2116 -> STARLINK-6192 | E_NET=0.000025 J | Remaining=79999.93 J
[50.541] Task 94 enqueued on CPU STARLINK-6192 qlen_enqueue=1
[Task 94] Task eseguito su STARLINK-6192 69.48695219330507 degrees | CPU=6032.8036J, NET=0.0000J, TOTAL=6032.8036J, Remaining=52205.72J
[50.669] Task 94 served on STARLINK-6192 qlen_enqueue_cpu=1 qlen_enqueue_net=None time_in_queue=0.000
[94][GREEDY] STARLINK-6192 -> STARLINK-11403 [DTC] | Tramission-time: 0.0016557325428934984
[94] Energy routing consumed by STARLINK-6192: 0.000000 J (remaining 52205.72)
[MODE: BIDIRECTIONAL]
[94][GREEDY] CONSEGNATO! STARLINK-11403 [DTC] -> OBS | Tramission-time: 2.0959943882705406e-11
---> Task 95 (Type: CPU_and_Data_Intensive) arriva in 50.77
--- [50.77] Task 95 using SearchNode Policy: v1_heuristic ---
[95] Filtro euristico: DTS-TMAX
[50.77] [Task 95] Routed STARLINK-2116 -> STARLINK-4438 | E_NET=0.000513 J | Remaining=79999.93 J
[50.769] Task 95 enqueued on CPU STARLINK-4438 qlen_enqueue=1
---> Task 96 (Type: CPU_and_Data_Intensive) arriva in 50.82
--- [50.82] Task 96 using SearchNode Policy: v1_heuristic ---
[96] Filtro euristico: DTS-TMAX
[50.82] [Task 96] Routed STARLINK-2116 -> STARLINK-11403 [DTC] | E_NET=0.006597 J | Remaining=79999.92 J
[50.829] Task 96 enqueued on CPU STARLINK-11403 [DTC] qlen_enqueue=1
---> Task 97 (Type: Generic_Service) arriva in 50.95
--- [50.95] Task 97 using SearchNode Policy: v1_heuristic ---
[97] Filtro euristico: DTS-TMAX
[50.95] [Task 97] Routed STARLINK-2116 -> STARLINK-30297 | E_NET=0.000011 J | Remaining=79999.92 J
[50.948] Task 97 enqueued on CPU STARLINK-30297 qlen_enqueue=1
---> Task 98 (Type: CPU_and_Data_Intensive) arriva in 51.01
--- [51.01] Task 98 using SearchNode Policy: v1_heuristic ---
[98] Filtro euristico: DTS-TMAX
[51.01] [Task 98] Routed STARLINK-2116 -> STARLINK-11403 [DTC] | E_NET=0.000162 J | Remaining=79999.92 J
[51.010] Task 98 enqueued on CPU STARLINK-11403 [DTC] qlen_enqueue=2
[51.020] Task 96 enqueued on NET STARLINK-11403 [DTC] qlen_enqueue_net=1
[Task 96] Task eseguito su STARLINK-11403 [DTC] 55.24346204381094 degrees | CPU=9078.7696J, NET=0.0075J, TOTAL=9078.7771J, Remaining=48581.01J
[51.027] Task 96 served on STARLINK-11403 [DTC] qlen_enqueue_cpu=1 qlen_enqueue_net=1 time_in_queue=0.000
[Task 97] Task eseguito su STARLINK-30297 43.53646220697364 degrees | CPU=4602.5965J, NET=0.0000J, TOTAL=4602.5965J, Remaining=49322.00J
[51.046] Task 97 served on STARLINK-30297 qlen_enqueue_cpu=1 qlen_enqueue_net=None time_in_queue=0.000
[51.049] Task 95 enqueued on NET STARLINK-4438 qlen_enqueue_net=1
[Task 95] Task eseguito su STARLINK-4438 55.37660912418231 degrees | CPU=13333.8238J, NET=0.0006J, TOTAL=13333.8244J, Remaining=44385.69J
[51.050] Task 95 served on STARLINK-4438 qlen_enqueue_cpu=1 qlen_enqueue_net=1 time_in_queue=0.000
[97][GREEDY] STARLINK-30297 -> STARLINK-31866 | Tramission-time: 0.0016785499358258939
[97] Energy routing consumed by STARLINK-30297: 0.000000 J (remaining 49322.00)
[95][GREEDY] STARLINK-4438 -> STARLINK-11403 [DTC] | Tramission-time: 0.0021345126157987417
[95] Energy routing consumed by STARLINK-4438: 0.000000 J (remaining 44385.69)
[MODE: BIDIRECTIONAL]
[96][GREEDY] CONSEGNATO! STARLINK-11403 [DTC] -> OBS | Tramission-time: 6.641764294594415e-09
[MODE: BIDIRECTIONAL]
[97][GREEDY] CONSEGNATO! STARLINK-31866 -> OBS | Tramission-time: 9.080361807445023e-12
[MODE: BIDIRECTIONAL]
[95][GREEDY] CONSEGNATO! STARLINK-11403 [DTC] -> OBS | Tramission-time: 4.718269328595619e-10
[51.834] Task 98 enqueued on NET STARLINK-11403 [DTC] qlen_enqueue_net=1
[Task 98] Task eseguito su STARLINK-11403 [DTC] 55.24346204381094 degrees | CPU=39293.0256J, NET=0.0002J, TOTAL=39293.0258J, Remaining=9287.98J
[51.834] Task 98 served on STARLINK-11403 [DTC] qlen_enqueue_cpu=2 qlen_enqueue_net=1 time_in_queue=0.000
[MODE: BIDIRECTIONAL]
[98][GREEDY] CONSEGNATO! STARLINK-11403 [DTC] -> OBS | Tramission-time: 1.218884606853115e-10
---> Task 99 (Type: CPU_Intensive) arriva in 51.94
--- [51.94] Task 99 using SearchNode Policy: v1_heuristic ---
[99] Filtro euristico: DTS-TMAX
[51.94] [Task 99] Routed STARLINK-2116 -> STARLINK-5936 | E_NET=0.000029 J | Remaining=79999.92 J
[51.937] Task 99 enqueued on CPU STARLINK-5936 qlen_enqueue=1
----------------------------------------------------------------------
	||TIME IN SIMULATION : (seconds:52) (minutes: 0) ||

MODIFICA CONFIGURAZIONE IN CORSO...

Aggiornato il Tempo Globale:  2025-11-20 20:56:06
---> Task 100 (Type: Generic_Service) arriva in 52.61
--- [52.61] Task 100 using SearchNode Policy: v1_heuristic ---
[100] Filtro euristico: DTS-TMAX
[52.61] [Task 100] Routed STARLINK-2116 -> STARLINK-4525 | E_NET=0.000007 J | Remaining=79999.92 J
[52.614] Task 100 enqueued on CPU STARLINK-4525 qlen_enqueue=1
[Task 100] Task eseguito su STARLINK-4525 53.56529775337817 degrees | CPU=5830.5277J, NET=0.0000J, TOTAL=5830.5277J, Remaining=46455.92J
[52.737] Task 100 served on STARLINK-4525 qlen_enqueue_cpu=1 qlen_enqueue_net=None time_in_queue=0.000
[Task 99] Task eseguito su STARLINK-5936 42.364546575309944 degrees | CPU=40523.3774J, NET=0.0000J, TOTAL=40523.3774J, Remaining=12731.12J
[52.789] Task 99 served on STARLINK-5936 qlen_enqueue_cpu=1 qlen_enqueue_net=None time_in_queue=0.000
[99][GREEDY] STARLINK-5936 -> STARLINK-31866 | Tramission-time: 0.0019946231349449893
[99] Energy routing consumed by STARLINK-5936: 0.000000 J (remaining 12731.12)
[100][GREEDY] STARLINK-4525 -> STARLINK-11403 [DTC] | Tramission-time: 0.0013821308372707663
[100] Energy routing consumed by STARLINK-4525: 0.000000 J (remaining 46455.92)
---> Task 101 (Type: Generic_Service) arriva in 52.80
--- [52.80] Task 101 using SearchNode Policy: v1_heuristic ---
[101] Filtro euristico: DTS-TMAX
[52.80] [Task 101] Routed STARLINK-2116 -> STARLINK-6192 | E_NET=0.000014 J | Remaining=79999.92 J
[52.800] Task 101 enqueued on CPU STARLINK-6192 qlen_enqueue=1
[Task 101] Task eseguito su STARLINK-6192 68.1898848094909 degrees | CPU=611.7322J, NET=0.0000J, TOTAL=611.7322J, Remaining=51593.99J
[52.814] Task 101 served on STARLINK-6192 qlen_enqueue_cpu=1 qlen_enqueue_net=None time_in_queue=0.000
[101][GREEDY] STARLINK-6192 -> STARLINK-11403 [DTC] | Tramission-time: 0.0016536112433795222
[101] Energy routing consumed by STARLINK-6192: 0.000000 J (remaining 51593.99)
[MODE: BIDIRECTIONAL]
[99][GREEDY] CONSEGNATO! STARLINK-31866 -> OBS | Tramission-time: 2.8073282767215628e-11
[MODE: BIDIRECTIONAL]
[100][GREEDY] CONSEGNATO! STARLINK-11403 [DTC] -> OBS | Tramission-time: 5.571062195126809e-12
---> Task 102 (Type: CPU_Intensive) arriva in 52.99
--- [52.99] Task 102 using SearchNode Policy: v1_heuristic ---
[102] Filtro euristico: DTS-TMAX
[52.99] [Task 102] Routed STARLINK-2116 -> STARLINK-6192 | E_NET=0.000014 J | Remaining=79999.92 J
[52.995] Task 102 enqueued on CPU STARLINK-6192 qlen_enqueue=1
[MODE: BIDIRECTIONAL]
[101][GREEDY] CONSEGNATO! STARLINK-11403 [DTC] -> OBS | Tramission-time: 1.0658754342090475e-11
[Task 102] Task eseguito su STARLINK-6192 68.1898848094909 degrees | CPU=3151.5610J, NET=0.0000J, TOTAL=3151.5610J, Remaining=48442.43J
[53.062] Task 102 served on STARLINK-6192 qlen_enqueue_cpu=1 qlen_enqueue_net=None time_in_queue=0.000
[102][GREEDY] STARLINK-6192 -> STARLINK-11403 [DTC] | Tramission-time: 0.001653611245421303
[102] Energy routing consumed by STARLINK-6192: 0.000000 J (remaining 48442.43)
[MODE: BIDIRECTIONAL]
[102][GREEDY] CONSEGNATO! STARLINK-11403 [DTC] -> OBS | Tramission-time: 1.4899121464461825e-11
---> Task 103 (Type: CPU_Intensive) arriva in 53.76
--- [53.76] Task 103 using SearchNode Policy: v1_heuristic ---
[103] Filtro euristico: DTS-TMAX
[53.76] [Task 103] Routed STARLINK-2116 -> STARLINK-31283 | E_NET=0.000013 J | Remaining=79999.92 J
[53.760] Task 103 enqueued on CPU STARLINK-31283 qlen_enqueue=1
----------------------------------------------------------------------
	||TIME IN SIMULATION : (seconds:54) (minutes: 0) ||

MODIFICA CONFIGURAZIONE IN CORSO...

Aggiornato il Tempo Globale:  2025-11-20 20:56:08
[Task 103] Task eseguito su STARLINK-31283 69.66347379820031 degrees | CPU=49437.4757J, NET=0.0000J, TOTAL=49437.4757J, Remaining=758.13J
[54.798] Task 103 served on STARLINK-31283 qlen_enqueue_cpu=1 qlen_enqueue_net=None time_in_queue=0.000
[MODE: BIDIRECTIONAL]
[103][GREEDY] CONSEGNATO! STARLINK-31283 -> OBS | Tramission-time: 1.1707658981924635e-11
---> Task 104 (Type: Generic_Service) arriva in 54.91
--- [54.91] Task 104 using SearchNode Policy: v1_heuristic ---
[104] Filtro euristico: DTS-TMAX
[54.91] [Task 104] Routed STARLINK-2116 -> STARLINK-30297 | E_NET=0.000028 J | Remaining=79999.92 J
[54.913] Task 104 enqueued on CPU STARLINK-30297 qlen_enqueue=1
[Task 104] Task eseguito su STARLINK-30297 42.75506045035832 degrees | CPU=3055.0553J, NET=0.0000J, TOTAL=3055.0554J, Remaining=46266.95J
[54.979] Task 104 served on STARLINK-30297 qlen_enqueue_cpu=1 qlen_enqueue_net=None time_in_queue=0.000
[104][GREEDY] STARLINK-30297 -> STARLINK-31866 | Tramission-time: 0.0016127351835381332
[104] Energy routing consumed by STARLINK-30297: 0.000000 J (remaining 46266.95)
[MODE: BIDIRECTIONAL]
[104][GREEDY] CONSEGNATO! STARLINK-31866 -> OBS | Tramission-time: 2.178476065808182e-11
---> Task 105 (Type: Generic_Service) arriva in 55.24
--- [55.24] Task 105 using SearchNode Policy: v1_heuristic ---
[105] Filtro euristico: DTS-TMAX
[55.24] [Task 105] Routed STARLINK-2116 -> STARLINK-6192 | E_NET=0.000016 J | Remaining=79999.92 J
[55.242] Task 105 enqueued on CPU STARLINK-6192 qlen_enqueue=1
---> Task 106 (Type: Generic_Service) arriva in 55.25
--- [55.25] Task 106 using SearchNode Policy: v1_heuristic ---
[106] Filtro euristico: DTS-TMAX
[55.25] [Task 106] Routed STARLINK-2116 -> STARLINK-32475 | E_NET=0.000025 J | Remaining=79999.92 J
[55.252] Task 106 enqueued on CPU STARLINK-32475 qlen_enqueue=1
[Task 105] Task eseguito su STARLINK-6192 66.91258106622557 degrees | CPU=3656.6284J, NET=0.0000J, TOTAL=3656.6284J, Remaining=44785.80J
[55.320] Task 105 served on STARLINK-6192 qlen_enqueue_cpu=1 qlen_enqueue_net=None time_in_queue=0.000
[Task 106] Task eseguito su STARLINK-32475 43.29597134014188 degrees | CPU=6566.4909J, NET=0.0000J, TOTAL=6566.4910J, Remaining=40472.13J
[55.392] Task 106 served on STARLINK-32475 qlen_enqueue_cpu=1 qlen_enqueue_net=None time_in_queue=0.000
[106][GREEDY] STARLINK-32475 -> STARLINK-11403 [DTC] | Tramission-time: 0.002193332997556679
[106] Energy routing consumed by STARLINK-32475: 0.000000 J (remaining 40472.13)
[105][GREEDY] STARLINK-6192 -> STARLINK-11403 [DTC] | Tramission-time: 0.001651490754072838
[105] Energy routing consumed by STARLINK-6192: 0.000000 J (remaining 44785.80)
[MODE: BIDIRECTIONAL]
[106][GREEDY] CONSEGNATO! STARLINK-11403 [DTC] -> OBS | Tramission-time: 2.3562906667879218e-11
[MODE: BIDIRECTIONAL]
[105][GREEDY] CONSEGNATO! STARLINK-11403 [DTC] -> OBS | Tramission-time: 1.3696981008164404e-11
---> Task 107 (Type: CPU_Intensive) arriva in 55.65
--- [55.65] Task 107 using SearchNode Policy: v1_heuristic ---
[107] Filtro euristico: DTS-TMAX
[55.65] [Task 107] Routed STARLINK-2116 -> STARLINK-4525 | E_NET=0.000031 J | Remaining=79999.92 J
[55.655] Task 107 enqueued on CPU STARLINK-4525 qlen_enqueue=1
---> Task 108 (Type: Generic_Service) arriva in 55.71
--- [55.71] Task 108 using SearchNode Policy: v1_heuristic ---
[108] Filtro euristico: DTS-TMAX
[55.71] [Task 108] Routed STARLINK-2116 -> STARLINK-30297 | E_NET=0.000040 J | Remaining=79999.92 J
[55.707] Task 108 enqueued on CPU STARLINK-30297 qlen_enqueue=1
[Task 108] Task eseguito su STARLINK-30297 42.75506045035832 degrees | CPU=780.1694J, NET=0.0000J, TOTAL=780.1694J, Remaining=45486.78J
[55.726] Task 108 served on STARLINK-30297 qlen_enqueue_cpu=1 qlen_enqueue_net=None time_in_queue=0.000
[108][GREEDY] STARLINK-30297 -> STARLINK-31866 | Tramission-time: 0.0016127351913477622
[108] Energy routing consumed by STARLINK-30297: 0.000000 J (remaining 45486.78)
[Task 107] Task eseguito su STARLINK-4525 54.467328001893364 degrees | CPU=9240.1901J, NET=0.0000J, TOTAL=9240.1901J, Remaining=37215.73J
[55.852] Task 107 served on STARLINK-4525 qlen_enqueue_cpu=1 qlen_enqueue_net=None time_in_queue=0.000
---> Task 109 (Type: Generic_Service) arriva in 55.86
--- [55.86] Task 109 using SearchNode Policy: v1_heuristic ---
[109] Filtro euristico: DTS-TMAX
[55.86] [Task 109] Routed STARLINK-2116 -> STARLINK-30297 | E_NET=0.000011 J | Remaining=79999.92 J
[55.858] Task 109 enqueued on CPU STARLINK-30297 qlen_enqueue=1
[MODE: BIDIRECTIONAL]
[108][GREEDY] CONSEGNATO! STARLINK-31866 -> OBS | Tramission-time: 3.171534946092224e-11
[107][GREEDY] STARLINK-4525 -> STARLINK-11403 [DTC] | Tramission-time: 0.0013482497146403145
[107] Energy routing consumed by STARLINK-4525: 0.000000 J (remaining 37215.73)
[Task 109] Task eseguito su STARLINK-30297 42.75506045035832 degrees | CPU=3180.8996J, NET=0.0000J, TOTAL=3180.8996J, Remaining=42305.88J
[55.926] Task 109 served on STARLINK-30297 qlen_enqueue_cpu=1 qlen_enqueue_net=None time_in_queue=0.000
----------------------------------------------------------------------
	||TIME IN SIMULATION : (seconds:56) (minutes: 0) ||

MODIFICA CONFIGURAZIONE IN CORSO...

Aggiornato il Tempo Globale:  2025-11-20 20:56:10
[109][GREEDY] STARLINK-30297 -> STARLINK-31866 | Tramission-time: 0.0015803501420652358
[109] Energy routing consumed by STARLINK-30297: 0.000000 J (remaining 42305.88)
[MODE: BIDIRECTIONAL]
[107][GREEDY] CONSEGNATO! STARLINK-11403 [DTC] -> OBS | Tramission-time: 2.9196486108978946e-11
[MODE: BIDIRECTIONAL]
[109][GREEDY] CONSEGNATO! STARLINK-31866 -> OBS | Tramission-time: 7.97227580204453e-12
---> Task 110 (Type: CPU_Intensive) arriva in 56.46
--- [56.46] Task 110 using SearchNode Policy: v1_heuristic ---
[110] Filtro euristico: DTS-TMAX
[56.46] [Task 110] Routed STARLINK-2116 -> STARLINK-30578 | E_NET=0.000027 J | Remaining=79999.92 J
[56.458] Task 110 enqueued on CPU STARLINK-30578 qlen_enqueue=1
---> Task 111 (Type: Generic_Service) arriva in 56.65
--- [56.65] Task 111 using SearchNode Policy: v1_heuristic ---
[111] Filtro euristico: DTS-TMAX
[56.65] [Task 111] Routed STARLINK-2116 -> STARLINK-31777 | E_NET=0.000025 J | Remaining=79999.92 J
[56.648] Task 111 enqueued on CPU STARLINK-31777 qlen_enqueue=1
[Task 111] Task eseguito su STARLINK-31777 43.286939683853404 degrees | CPU=266.0929J, NET=0.0000J, TOTAL=266.0929J, Remaining=17858.75J
[56.656] Task 111 served on STARLINK-31777 qlen_enqueue_cpu=1 qlen_enqueue_net=None time_in_queue=0.000
[111][GREEDY] STARLINK-31777 -> STARLINK-31866 | Tramission-time: 0.0012919220472488284
[111] Energy routing consumed by STARLINK-31777: 0.000000 J (remaining 17858.75)
[MODE: BIDIRECTIONAL]
[111][GREEDY] CONSEGNATO! STARLINK-31866 -> OBS | Tramission-time: 2.2421942515424397e-11
[Task 110] Task eseguito su STARLINK-30578 58.821911435672845 degrees | CPU=29708.8662J, NET=0.0000J, TOTAL=29708.8662J, Remaining=15311.87J
[57.084] Task 110 served on STARLINK-30578 qlen_enqueue_cpu=1 qlen_enqueue_net=None time_in_queue=0.000
[110][GREEDY] STARLINK-30578 -> STARLINK-11403 [DTC] | Tramission-time: 0.0018970361771258886
[110] Energy routing consumed by STARLINK-30578: 0.000000 J (remaining 15311.87)
[MODE: BIDIRECTIONAL]
[110][GREEDY] CONSEGNATO! STARLINK-11403 [DTC] -> OBS | Tramission-time: 2.84621399062516e-11
---> Task 112 (Type: Generic_Service) arriva in 57.34
--- [57.34] Task 112 using SearchNode Policy: v1_heuristic ---
[112] Filtro euristico: DTS-TMAX
[57.34] [Task 112] Routed STARLINK-2116 -> STARLINK-31777 | E_NET=0.000004 J | Remaining=79999.92 J
[57.343] Task 112 enqueued on CPU STARLINK-31777 qlen_enqueue=1
[Task 112] Task eseguito su STARLINK-31777 43.286939683853404 degrees | CPU=244.5005J, NET=0.0000J, TOTAL=244.5005J, Remaining=17614.25J
[57.348] Task 112 served on STARLINK-31777 qlen_enqueue_cpu=1 qlen_enqueue_net=None time_in_queue=0.000
[112][GREEDY] STARLINK-31777 -> STARLINK-31866 | Tramission-time: 0.0012919220229927766
[112] Energy routing consumed by STARLINK-31777: 0.000000 J (remaining 17614.25)
[MODE: BIDIRECTIONAL]
[112][GREEDY] CONSEGNATO! STARLINK-31866 -> OBS | Tramission-time: 3.4164892328447645e-12
----------------------------------------------------------------------
	||TIME IN SIMULATION : (seconds:58) (minutes: 0) ||

MODIFICA CONFIGURAZIONE IN CORSO...

Aggiornato il Tempo Globale:  2025-11-20 20:56:12
---> Task 113 (Type: Generic_Service) arriva in 58.03
--- [58.03] Task 113 using SearchNode Policy: v1_heuristic ---
[113] Filtro euristico: DTS-TMAX
[58.03] [Task 113] Routed STARLINK-2116 -> STARLINK-6246 | E_NET=0.000009 J | Remaining=79999.92 J
[58.028] Task 113 enqueued on CPU STARLINK-6246 qlen_enqueue=1
[Task 113] Task eseguito su STARLINK-6246 59.646487339992944 degrees | CPU=1057.7284J, NET=0.0000J, TOTAL=1057.7285J, Remaining=43813.00J
[58.051] Task 113 served on STARLINK-6246 qlen_enqueue_cpu=1 qlen_enqueue_net=None time_in_queue=0.000
[113][GREEDY] STARLINK-6246 -> STARLINK-11403 [DTC] | Tramission-time: 0.0016991501483395604
[113] Energy routing consumed by STARLINK-6246: 0.000000 J (remaining 43813.00)
[MODE: BIDIRECTIONAL]
[113][GREEDY] CONSEGNATO! STARLINK-11403 [DTC] -> OBS | Tramission-time: 7.509832452124728e-12
---> Task 114 (Type: CPU_Intensive) arriva in 58.35
--- [58.35] Task 114 using SearchNode Policy: v1_heuristic ---
[114] Filtro euristico: DTS-TMAX
[58.35] [Task 114] Routed STARLINK-2116 -> STARLINK-6192 | E_NET=0.000038 J | Remaining=79999.92 J
[58.354] Task 114 enqueued on CPU STARLINK-6192 qlen_enqueue=1
[Task 114] Task eseguito su STARLINK-6192 64.41975645222156 degrees | CPU=870.7318J, NET=0.0000J, TOTAL=870.7319J, Remaining=43915.07J
[58.375] Task 114 served on STARLINK-6192 qlen_enqueue_cpu=1 qlen_enqueue_net=None time_in_queue=0.000
[114][GREEDY] STARLINK-6192 -> STARLINK-11403 [DTC] | Tramission-time: 0.0016472521876227692
[114] Energy routing consumed by STARLINK-6192: 0.000000 J (remaining 43915.07)
[MODE: BIDIRECTIONAL]
[114][GREEDY] CONSEGNATO! STARLINK-11403 [DTC] -> OBS | Tramission-time: 2.55935048755163e-11
---> Task 115 (Type: Generic_Service) arriva in 58.91
--- [58.91] Task 115 using SearchNode Policy: v1_heuristic ---
[115] Filtro euristico: DTS-TMAX
[58.91] [Task 115] Routed STARLINK-2116 -> STARLINK-5968 | E_NET=0.000028 J | Remaining=79999.92 J
[58.915] Task 115 enqueued on CPU STARLINK-5968 qlen_enqueue=1
[Task 115] Task eseguito su STARLINK-5968 46.20583558061162 degrees | CPU=479.6037J, NET=0.0000J, TOTAL=479.6037J, Remaining=43468.33J
[58.927] Task 115 served on STARLINK-5968 qlen_enqueue_cpu=1 qlen_enqueue_net=None time_in_queue=0.000
[115][GREEDY] STARLINK-5968 -> STARLINK-31866 | Tramission-time: 0.0014156824542266289
[115] Energy routing consumed by STARLINK-5968: 0.000000 J (remaining 43468.33)
[MODE: BIDIRECTIONAL]
[115][GREEDY] CONSEGNATO! STARLINK-31866 -> OBS | Tramission-time: 2.3191583185175834e-11
---> Task 116 (Type: CPU_and_Data_Intensive) arriva in 59.16
--- [59.16] Task 116 using SearchNode Policy: v1_heuristic ---
[116] Filtro euristico: DTS-TMAX
[Task 116] Nessun server rimasto dopo i filtri (deadline/sunset).
[Task 116] REJECTED on STARLINK-2116 due to: No suitable server found after deadline/sunset filters
---> Task 117 (Type: CPU_Intensive) arriva in 59.41
--- [59.41] Task 117 using SearchNode Policy: v1_heuristic ---
[117] Filtro euristico: DTS-TMAX
[59.41] [Task 117] Routed STARLINK-2116 -> STARLINK-4438 | E_NET=0.000018 J | Remaining=79999.92 J
[Task 117] REJECTED on STARLINK-4438 due to: Insufficient Energy for CPU
---> Task 118 (Type: Generic_Service) arriva in 59.50
--- [59.50] Task 118 using SearchNode Policy: v1_heuristic ---
[118] Filtro euristico: DTS-TMAX
[59.50] [Task 118] Routed STARLINK-2116 -> STARLINK-4438 | E_NET=0.000014 J | Remaining=79999.92 J
[59.501] Task 118 enqueued on CPU STARLINK-4438 qlen_enqueue=1
---> Task 119 (Type: CPU_Intensive) arriva in 59.53
--- [59.53] Task 119 using SearchNode Policy: v1_heuristic ---
[119] Filtro euristico: DTS-TMAX
[59.53] [Task 119] Routed STARLINK-2116 -> STARLINK-4438 | E_NET=0.000034 J | Remaining=79999.92 J
[Task 119] REJECTED on STARLINK-4438 due to: Insufficient Energy for CPU
[Task 118] Task eseguito su STARLINK-4438 54.314803196325165 degrees | CPU=4945.5356J, NET=0.0000J, TOTAL=4945.5356J, Remaining=39440.15J
[59.606] Task 118 served on STARLINK-4438 qlen_enqueue_cpu=1 qlen_enqueue_net=None time_in_queue=0.000
[118][GREEDY] STARLINK-4438 -> STARLINK-11403 [DTC] | Tramission-time: 0.0019811346549145877
[118] Energy routing consumed by STARLINK-4438: 0.000000 J (remaining 39440.15)
[MODE: BIDIRECTIONAL]
[118][GREEDY] CONSEGNATO! STARLINK-11403 [DTC] -> OBS | Tramission-time: 1.2800400225648884e-11
---> Task 120 (Type: CPU_Intensive) arriva in 59.83
--- [59.83] Task 120 using SearchNode Policy: v1_heuristic ---
[120] Filtro euristico: DTS-TMAX
[59.83] [Task 120] Routed STARLINK-2116 -> STARLINK-6192 | E_NET=0.000018 J | Remaining=79999.92 J
[59.832] Task 120 enqueued on CPU STARLINK-6192 qlen_enqueue=1
[Task 120] Task eseguito su STARLINK-6192 64.41975645222156 degrees | CPU=3501.2120J, NET=0.0000J, TOTAL=3501.2120J, Remaining=40413.86J
[59.906] Task 120 served on STARLINK-6192 qlen_enqueue_cpu=1 qlen_enqueue_net=None time_in_queue=0.000
[120][GREEDY] STARLINK-6192 -> STARLINK-11403 [DTC] | Tramission-time: 0.0016472521774429261
[120] Energy routing consumed by STARLINK-6192: 0.000000 J (remaining 40413.86)
[MODE: BIDIRECTIONAL]
[120][GREEDY] CONSEGNATO! STARLINK-11403 [DTC] -> OBS | Tramission-time: 1.279083139709236e-11
----------------------------------------------------------------------
	||TIME IN SIMULATION : (seconds:60) (minutes: 1) ||

MODIFICA CONFIGURAZIONE IN CORSO...

Aggiornato il Tempo Globale:  2025-11-20 20:56:14
---> Task 121 (Type: CPU_Intensive) arriva in 60.32
--- [60.32] Task 121 using SearchNode Policy: v1_heuristic ---
[121] Filtro euristico: DTS-TMAX
[60.32] [Task 121] Routed STARLINK-2116 -> STARLINK-6246 | E_NET=0.000021 J | Remaining=79999.92 J
[60.319] Task 121 enqueued on CPU STARLINK-6246 qlen_enqueue=1
[Task 121] Task eseguito su STARLINK-6246 59.25896338208294 degrees | CPU=2841.5703J, NET=0.0000J, TOTAL=2841.5703J, Remaining=40971.43J
[60.380] Task 121 served on STARLINK-6246 qlen_enqueue_cpu=1 qlen_enqueue_net=None time_in_queue=0.000
[121][GREEDY] STARLINK-6246 -> STARLINK-11403 [DTC] | Tramission-time: 0.0016919346813843203
[121] Energy routing consumed by STARLINK-6246: 0.000000 J (remaining 40971.43)
[MODE: BIDIRECTIONAL]
[121][GREEDY] CONSEGNATO! STARLINK-11403 [DTC] -> OBS | Tramission-time: 2.394513723950123e-11
---> Task 122 (Type: CPU_and_Data_Intensive) arriva in 60.98
--- [60.98] Task 122 using SearchNode Policy: v1_heuristic ---
[122] Filtro euristico: DTS-TMAX
[60.98] [Task 122] Routed STARLINK-2116 -> STARLINK-5968 | E_NET=0.002597 J | Remaining=79999.92 J
[60.985] Task 122 enqueued on CPU STARLINK-5968 qlen_enqueue=1
---> Task 123 (Type: CPU_Intensive) arriva in 60.99
--- [60.99] Task 123 using SearchNode Policy: v1_heuristic ---
[123] Filtro euristico: DTS-TMAX
[60.99] [Task 123] Routed STARLINK-2116 -> STARLINK-30297 | E_NET=0.000006 J | Remaining=79999.92 J
[60.988] Task 123 enqueued on CPU STARLINK-30297 qlen_enqueue=1
---> Task 124 (Type: CPU_Intensive) arriva in 61.26
--- [61.26] Task 124 using SearchNode Policy: v1_heuristic ---
[124] Filtro euristico: DTS-TMAX
[Task 124] Nessun server rimasto dopo i filtri (deadline/sunset).
[Task 124] REJECTED on STARLINK-2116 due to: No suitable server found after deadline/sunset filters
[Task 123] Task eseguito su STARLINK-30297 41.46476370248067 degrees | CPU=16414.6359J, NET=0.0000J, TOTAL=16414.6359J, Remaining=25891.24J
[61.333] Task 123 served on STARLINK-30297 qlen_enqueue_cpu=1 qlen_enqueue_net=None time_in_queue=0.000
[123][GREEDY] STARLINK-30297 -> STARLINK-31866 | Tramission-time: 0.001516739733089305
[123] Energy routing consumed by STARLINK-30297: 0.000000 J (remaining 25891.24)
[MODE: BIDIRECTIONAL]
[123][GREEDY] CONSEGNATO! STARLINK-31866 -> OBS | Tramission-time: 6.905866370454172e-12
[61.676] Task 122 enqueued on NET STARLINK-5968 qlen_enqueue_net=1
[Task 122] Task eseguito su STARLINK-5968 45.38477894797486 degrees | CPU=32929.0514J, NET=0.0029J, TOTAL=32929.0543J, Remaining=10539.27J
[61.679] Task 122 served on STARLINK-5968 qlen_enqueue_cpu=1 qlen_enqueue_net=1 time_in_queue=0.000
[122][GREEDY] STARLINK-5968 -> STARLINK-31866 | Tramission-time: 0.001414917258646947
[122] Energy routing consumed by STARLINK-5968: 0.000000 J (remaining 10539.27)
[MODE: BIDIRECTIONAL]
[122][GREEDY] CONSEGNATO! STARLINK-31866 -> OBS | Tramission-time: 2.3422935166808623e-09
---> Task 125 (Type: Generic_Service) arriva in 61.91
--- [61.91] Task 125 using SearchNode Policy: v1_heuristic ---
[125] Filtro euristico: DTS-TMAX
[61.91] [Task 125] Routed STARLINK-2116 -> STARLINK-6246 | E_NET=0.000025 J | Remaining=79999.92 J
[61.907] Task 125 enqueued on CPU STARLINK-6246 qlen_enqueue=1
[Task 125] Task eseguito su STARLINK-6246 59.25896338208294 degrees | CPU=2437.1789J, NET=0.0000J, TOTAL=2437.1790J, Remaining=38534.25J
[61.961] Task 125 served on STARLINK-6246 qlen_enqueue_cpu=1 qlen_enqueue_net=None time_in_queue=0.000
----------------------------------------------------------------------
	||TIME IN SIMULATION : (seconds:62) (minutes: 1) ||

MODIFICA CONFIGURAZIONE IN CORSO...

Aggiornato il Tempo Globale:  2025-11-20 20:56:16
[125][GREEDY] STARLINK-6246 -> STARLINK-11403 [DTC] | Tramission-time: 0.0016847317402759422
[125] Energy routing consumed by STARLINK-6246: 0.000000 J (remaining 38534.25)
[MODE: BIDIRECTIONAL]
[125][GREEDY] CONSEGNATO! STARLINK-11403 [DTC] -> OBS | Tramission-time: 3.009780040020835e-11
---> Task 126 (Type: CPU_Intensive) arriva in 63.27
--- [63.27] Task 126 using SearchNode Policy: v1_heuristic ---
[126] Filtro euristico: DTS-TMAX
[63.27] [Task 126] Routed STARLINK-31220 -> STARLINK-6195 | E_NET=0.000007 J | Remaining=71840.76 J
[63.273] Task 126 enqueued on CPU STARLINK-6195 qlen_enqueue=1
[Task 126] Task eseguito su STARLINK-6195 57.23981031724891 degrees | CPU=739.6528J, NET=0.0000J, TOTAL=739.6528J, Remaining=79260.35J
[63.289] Task 126 served on STARLINK-6195 qlen_enqueue_cpu=1 qlen_enqueue_net=None time_in_queue=0.000
[126][GREEDY] STARLINK-6195 -> STARLINK-11403 [DTC] | Tramission-time: 0.0009696718303261924
[126] Energy routing consumed by STARLINK-6195: 0.000000 J (remaining 79260.35)
[MODE: BIDIRECTIONAL]
[126][GREEDY] CONSEGNATO! STARLINK-11403 [DTC] -> OBS | Tramission-time: 7.554456986457037e-12
---> Task 127 (Type: CPU_and_Data_Intensive) arriva in 63.89
--- [63.89] Task 127 using SearchNode Policy: v1_heuristic ---
[127] Filtro euristico: DTS-TMAX
[63.89] [Task 127] Routed STARLINK-31220 -> STARLINK-30223 | E_NET=0.006582 J | Remaining=71840.75 J
[63.896] Task 127 enqueued on CPU STARLINK-30223 qlen_enqueue=1
----------------------------------------------------------------------
	||TIME IN SIMULATION : (seconds:64) (minutes: 1) ||

MODIFICA CONFIGURAZIONE IN CORSO...

Aggiornato il Tempo Globale:  2025-11-20 20:56:18
[64.013] Task 127 enqueued on NET STARLINK-30223 qlen_enqueue_net=1
[Task 127] Task eseguito su STARLINK-30223 51.501989981740216 degrees | CPU=5583.2910J, NET=0.0071J, TOTAL=5583.2982J, Remaining=74416.70J
[64.020] Task 127 served on STARLINK-30223 qlen_enqueue_cpu=1 qlen_enqueue_net=1 time_in_queue=0.000
[127][GREEDY] STARLINK-30223 -> STARLINK-11403 [DTC] | Tramission-time: 0.0011857442338984215
[127] Energy routing consumed by STARLINK-30223: 0.000000 J (remaining 74416.70)
[MODE: BIDIRECTIONAL]
[127][GREEDY] CONSEGNATO! STARLINK-11403 [DTC] -> OBS | Tramission-time: 5.092888891111037e-09
---> Task 128 (Type: Generic_Service) arriva in 65.11
--- [65.11] Task 128 using SearchNode Policy: v1_heuristic ---
[128] Filtro euristico: DTS-TMAX
[65.11] [Task 128] Routed STARLINK-31220 -> STARLINK-34909 | E_NET=0.000023 J | Remaining=71840.75 J
[65.114] Task 128 enqueued on CPU STARLINK-34909 qlen_enqueue=1
[Task 128] Task eseguito su STARLINK-34909 45.38277069458546 degrees | CPU=1701.1376J, NET=0.0000J, TOTAL=1701.1376J, Remaining=78298.86J
[65.151] Task 128 served on STARLINK-34909 qlen_enqueue_cpu=1 qlen_enqueue_net=None time_in_queue=0.000
[128][GREEDY] STARLINK-34909 -> STARLINK-11403 [DTC] | Tramission-time: 0.0014985419608244683
[128] Energy routing consumed by STARLINK-34909: 0.000000 J (remaining 78298.86)
[MODE: BIDIRECTIONAL]
[128][GREEDY] CONSEGNATO! STARLINK-11403 [DTC] -> OBS | Tramission-time: 2.941148694860989e-11
---> Task 129 (Type: CPU_Intensive) arriva in 65.82
--- [65.82] Task 129 using SearchNode Policy: v1_heuristic ---
[129] Filtro euristico: DTS-TMAX
[65.82] [Task 129] Routed STARLINK-31220 -> STARLINK-1068 | E_NET=0.000020 J | Remaining=71840.75 J
[65.826] Task 129 enqueued on CPU STARLINK-1068 qlen_enqueue=1
[Task 129] Task eseguito su STARLINK-1068 49.074076527595736 degrees | CPU=3692.3626J, NET=0.0000J, TOTAL=3692.3626J, Remaining=76307.64J
[65.905] Task 129 served on STARLINK-1068 qlen_enqueue_cpu=1 qlen_enqueue_net=None time_in_queue=0.000
[129][GREEDY] STARLINK-1068 -> STARLINK-11403 [DTC] | Tramission-time: 0.001437976487726082
[129] Energy routing consumed by STARLINK-1068: 0.000000 J (remaining 76307.64)
----------------------------------------------------------------------
	||TIME IN SIMULATION : (seconds:66) (minutes: 1) ||

MODIFICA CONFIGURAZIONE IN CORSO...

Aggiornato il Tempo Globale:  2025-11-20 20:56:20
[MODE: BIDIRECTIONAL]
[129][GREEDY] CONSEGNATO! STARLINK-11403 [DTC] -> OBS | Tramission-time: 1.9726192007189978e-11
---> Task 130 (Type: CPU_and_Data_Intensive) arriva in 66.10
--- [66.10] Task 130 using SearchNode Policy: v1_heuristic ---
[130] Filtro euristico: DTS-TMAX
[66.10] [Task 130] Routed STARLINK-31220 -> STARLINK-5854 | E_NET=0.002080 J | Remaining=71840.75 J
[66.106] Task 130 enqueued on CPU STARLINK-5854 qlen_enqueue=1
[66.261] Task 130 enqueued on NET STARLINK-5854 qlen_enqueue_net=1
[Task 130] Task eseguito su STARLINK-5854 43.29746182115151 degrees | CPU=7416.8426J, NET=0.0029J, TOTAL=7416.8455J, Remaining=72583.15J
[66.264] Task 130 served on STARLINK-5854 qlen_enqueue_cpu=1 qlen_enqueue_net=1 time_in_queue=0.000
---> Task 131 (Type: CPU_Intensive) arriva in 66.28
--- [66.28] Task 131 using SearchNode Policy: v1_heuristic ---
[131] Filtro euristico: DTS-TMAX
[66.28] [Task 131] Routed STARLINK-31220 -> STARLINK-2160 | E_NET=0.000027 J | Remaining=71840.75 J
[66.281] Task 131 enqueued on CPU STARLINK-2160 qlen_enqueue=1
[130][GREEDY] STARLINK-5854 -> STARLINK-11403 [DTC] | Tramission-time: 0.001674657048090255
[130] Energy routing consumed by STARLINK-5854: 0.000000 J (remaining 72583.15)
[MODE: BIDIRECTIONAL]
[130][GREEDY] CONSEGNATO! STARLINK-11403 [DTC] -> OBS | Tramission-time: 1.906605540777565e-09
[Task 131] Task eseguito su STARLINK-2160 42.13255090092821 degrees | CPU=20989.1267J, NET=0.0000J, TOTAL=20989.1268J, Remaining=59010.87J
[66.723] Task 131 served on STARLINK-2160 qlen_enqueue_cpu=1 qlen_enqueue_net=None time_in_queue=0.000
[131][GREEDY] STARLINK-2160 -> STARLINK-11403 [DTC] | Tramission-time: 0.0016296104943930845
[131] Energy routing consumed by STARLINK-2160: 0.000000 J (remaining 59010.87)
[MODE: BIDIRECTIONAL]
[131][GREEDY] CONSEGNATO! STARLINK-11403 [DTC] -> OBS | Tramission-time: 2.4325048895651392e-11
---> Task 132 (Type: CPU_Intensive) arriva in 66.98
--- [66.98] Task 132 using SearchNode Policy: v1_heuristic ---
[132] Filtro euristico: DTS-TMAX
[66.98] [Task 132] Routed STARLINK-31220 -> STARLINK-35136 | E_NET=0.000006 J | Remaining=71840.75 J
[66.978] Task 132 enqueued on CPU STARLINK-35136 qlen_enqueue=1
[Task 132] Task eseguito su STARLINK-35136 55.01309976799823 degrees | CPU=47751.3005J, NET=0.0000J, TOTAL=47751.3005J, Remaining=32248.70J
[67.980] Task 132 served on STARLINK-35136 qlen_enqueue_cpu=1 qlen_enqueue_net=None time_in_queue=0.000
----------------------------------------------------------------------
	||TIME IN SIMULATION : (seconds:68) (minutes: 1) ||

MODIFICA CONFIGURAZIONE IN CORSO...

Aggiornato il Tempo Globale:  2025-11-20 20:56:22
[132][GREEDY] STARLINK-35136 -> STARLINK-11403 [DTC] | Tramission-time: 0.0014471940711348048
[132] Energy routing consumed by STARLINK-35136: 0.000000 J (remaining 32248.70)
[MODE: BIDIRECTIONAL]
[132][GREEDY] CONSEGNATO! STARLINK-11403 [DTC] -> OBS | Tramission-time: 6.150061841003868e-12
---> Task 133 (Type: CPU_Intensive) arriva in 68.20
--- [68.20] Task 133 using SearchNode Policy: v1_heuristic ---
[133] Filtro euristico: DTS-TMAX
[68.20] [Task 133] Routed STARLINK-31220 -> STARLINK-6155 | E_NET=0.000022 J | Remaining=71840.75 J
[68.203] Task 133 enqueued on CPU STARLINK-6155 qlen_enqueue=1
---> Task 134 (Type: CPU_Intensive) arriva in 68.37
--- [68.37] Task 134 using SearchNode Policy: v1_heuristic ---
[134] Filtro euristico: DTS-TMAX
[68.37] [Task 134] Routed STARLINK-31220 -> STARLINK-5520 | E_NET=0.000020 J | Remaining=71840.75 J
[Task 134] REJECTED on STARLINK-5520 due to: Insufficient Energy for CPU
---> Task 135 (Type: CPU_Intensive) arriva in 68.50
--- [68.50] Task 135 using SearchNode Policy: v1_heuristic ---
[135] Filtro euristico: DTS-TMAX
[68.50] [Task 135] Routed STARLINK-31220 -> STARLINK-5520 | E_NET=0.000005 J | Remaining=71840.75 J
[Task 135] REJECTED on STARLINK-5520 due to: Insufficient Energy for CPU
[Task 133] Task eseguito su STARLINK-6155 40.36064050753885 degrees | CPU=25073.7851J, NET=0.0000J, TOTAL=25073.7851J, Remaining=54926.21J
[68.731] Task 133 served on STARLINK-6155 qlen_enqueue_cpu=1 qlen_enqueue_net=None time_in_queue=0.000
[133][GREEDY] STARLINK-6155 -> STARLINK-11403 [DTC] | Tramission-time: 0.002001943525290227
[133] Energy routing consumed by STARLINK-6155: 0.000000 J (remaining 54926.21)
[MODE: BIDIRECTIONAL]
[133][GREEDY] CONSEGNATO! STARLINK-11403 [DTC] -> OBS | Tramission-time: 1.924852080127243e-11
---> Task 136 (Type: CPU_Intensive) arriva in 68.94
--- [68.94] Task 136 using SearchNode Policy: v1_heuristic ---
[136] Filtro euristico: DTS-TMAX
[68.94] [Task 136] Routed STARLINK-31220 -> STARLINK-5520 | E_NET=0.000007 J | Remaining=71840.75 J
[68.943] Task 136 enqueued on CPU STARLINK-5520 qlen_enqueue=1
---> Task 137 (Type: CPU_and_Data_Intensive) arriva in 69.13
--- [69.13] Task 137 using SearchNode Policy: v1_heuristic ---
[137] Filtro euristico: DTS-TMAX
[69.13] [Task 137] Routed STARLINK-31220 -> STARLINK-2116 | E_NET=0.000040 J | Remaining=71840.75 J
[69.136] Task 137 enqueued on CPU STARLINK-2116 qlen_enqueue=1
[Task 136] Task eseguito su STARLINK-5520 47.74745536306801 degrees | CPU=39160.3767J, NET=0.0000J, TOTAL=39160.3767J, Remaining=40839.62J
[69.765] Task 136 served on STARLINK-5520 qlen_enqueue_cpu=1 qlen_enqueue_net=None time_in_queue=0.000
[136][GREEDY] STARLINK-5520 -> STARLINK-11403 [DTC] | Tramission-time: 0.0018203981119360487
[136] Energy routing consumed by STARLINK-5520: 0.000000 J (remaining 40839.62)
[MODE: BIDIRECTIONAL]
[136][GREEDY] CONSEGNATO! STARLINK-11403 [DTC] -> OBS | Tramission-time: 7.439915078007586e-12
[69.872] Task 137 enqueued on NET STARLINK-2116 qlen_enqueue_net=1
[Task 137] Task eseguito su STARLINK-2116 44.43782688266311 degrees | CPU=35075.0288J, NET=0.0001J, TOTAL=35075.0289J, Remaining=44924.89J
[69.872] Task 137 served on STARLINK-2116 qlen_enqueue_cpu=1 qlen_enqueue_net=1 time_in_queue=0.000
[137][GREEDY] STARLINK-2116 -> STARLINK-11403 [DTC] | Tramission-time: 0.001813883569569851
[137] Energy routing consumed by STARLINK-2116: 0.000000 J (remaining 44924.89)
[MODE: BIDIRECTIONAL]
[137][GREEDY] CONSEGNATO! STARLINK-11403 [DTC] -> OBS | Tramission-time: 3.7852458183854114e-11
----------------------------------------------------------------------
	||TIME IN SIMULATION : (seconds:70) (minutes: 1) ||

MODIFICA CONFIGURAZIONE IN CORSO...

Aggiornato il Tempo Globale:  2025-11-20 20:56:24
---> Task 138 (Type: CPU_and_Data_Intensive) arriva in 70.44
--- [70.44] Task 138 using SearchNode Policy: v1_heuristic ---
[138] Filtro euristico: DTS-TMAX
[70.44] [Task 138] Routed STARLINK-31220 -> STARLINK-34777 | E_NET=0.004082 J | Remaining=71840.74 J
[70.445] Task 138 enqueued on CPU STARLINK-34777 qlen_enqueue=1
[70.821] Task 138 enqueued on NET STARLINK-34777 qlen_enqueue_net=1
[Task 138] Task eseguito su STARLINK-34777 40.88608395399817 degrees | CPU=17939.7359J, NET=0.0053J, TOTAL=17939.7412J, Remaining=62060.26J
[70.826] Task 138 served on STARLINK-34777 qlen_enqueue_cpu=1 qlen_enqueue_net=1 time_in_queue=0.000
[138][GREEDY] STARLINK-34777 -> STARLINK-11403 [DTC] | Tramission-time: 0.0019115244879019094
[138] Energy routing consumed by STARLINK-34777: 0.000000 J (remaining 62060.26)
[MODE: BIDIRECTIONAL]
[138][GREEDY] CONSEGNATO! STARLINK-11403 [DTC] -> OBS | Tramission-time: 4.707455750316548e-09
---> Task 139 (Type: CPU_and_Data_Intensive) arriva in 71.12
--- [71.12] Task 139 using SearchNode Policy: v1_heuristic ---
[139] Filtro euristico: DTS-TMAX
[71.12] [Task 139] Routed STARLINK-31220 -> STARLINK-6195 | E_NET=0.000682 J | Remaining=71840.74 J
[71.118] Task 139 enqueued on CPU STARLINK-6195 qlen_enqueue=1
---> Task 140 (Type: CPU_and_Data_Intensive) arriva in 71.41
--- [71.41] Task 140 using SearchNode Policy: v1_heuristic ---
[140] Filtro euristico: DTS-TMAX
[71.41] [Task 140] Routed STARLINK-31220 -> STARLINK-34909 | E_NET=0.005254 J | Remaining=71840.74 J
[71.414] Task 140 enqueued on CPU STARLINK-34909 qlen_enqueue=1
---> Task 141 (Type: CPU_and_Data_Intensive) arriva in 71.46
--- [71.46] Task 141 using SearchNode Policy: v1_heuristic ---
[141] Filtro euristico: DTS-TMAX
[71.46] [Task 141] Routed STARLINK-31220 -> STARLINK-1068 | E_NET=0.007486 J | Remaining=71840.73 J
[71.470] Task 141 enqueued on CPU STARLINK-1068 qlen_enqueue=1
[71.544] Task 140 enqueued on NET STARLINK-34909 qlen_enqueue_net=1
[Task 140] Task eseguito su STARLINK-34909 46.17998356241508 degrees | CPU=6199.5850J, NET=0.0068J, TOTAL=6199.5918J, Remaining=72099.27J
[71.551] Task 140 served on STARLINK-34909 qlen_enqueue_cpu=1 qlen_enqueue_net=1 time_in_queue=0.000
[71.598] Task 141 enqueued on NET STARLINK-1068 qlen_enqueue_net=1
[Task 141] Task eseguito su STARLINK-1068 49.036278300806394 degrees | CPU=6111.7802J, NET=0.0097J, TOTAL=6111.7899J, Remaining=70195.85J
[71.607] Task 141 served on STARLINK-1068 qlen_enqueue_cpu=1 qlen_enqueue_net=1 time_in_queue=0.000
[141][GREEDY] STARLINK-1068 -> STARLINK-11403 [DTC] | Tramission-time: 0.0014851179226845436
[141] Energy routing consumed by STARLINK-1068: 0.000000 J (remaining 70195.85)
[140][GREEDY] STARLINK-34909 -> STARLINK-11403 [DTC] | Tramission-time: 0.0015227769035465048
[140] Energy routing consumed by STARLINK-34909: 0.000000 J (remaining 72099.27)
[MODE: BIDIRECTIONAL]
[141][GREEDY] CONSEGNATO! STARLINK-11403 [DTC] -> OBS | Tramission-time: 7.799875595084812e-09
[MODE: BIDIRECTIONAL]
[140][GREEDY] CONSEGNATO! STARLINK-11403 [DTC] -> OBS | Tramission-time: 5.565323616857274e-09
----------------------------------------------------------------------
	||TIME IN SIMULATION : (seconds:72) (minutes: 1) ||

MODIFICA CONFIGURAZIONE IN CORSO...

Aggiornato il Tempo Globale:  2025-11-20 20:56:26
[72.343] Task 139 enqueued on NET STARLINK-6195 qlen_enqueue_net=1
[Task 139] Task eseguito su STARLINK-6195 62.31562488313476 degrees | CPU=58410.7605J, NET=0.0009J, TOTAL=58410.7614J, Remaining=20849.59J
[72.344] Task 139 served on STARLINK-6195 qlen_enqueue_cpu=1 qlen_enqueue_net=1 time_in_queue=0.000
[139][GREEDY] STARLINK-6195 -> STARLINK-11403 [DTC] | Tramission-time: 0.0009613141684775773
[139] Energy routing consumed by STARLINK-6195: 0.000000 J (remaining 20849.59)
[MODE: BIDIRECTIONAL]
[139][GREEDY] CONSEGNATO! STARLINK-11403 [DTC] -> OBS | Tramission-time: 6.972216216369935e-10
---> Task 142 (Type: CPU_and_Data_Intensive) arriva in 73.04
--- [73.04] Task 142 using SearchNode Policy: v1_heuristic ---
[142] Filtro euristico: DTS-TMAX
[73.04] [Task 142] Routed STARLINK-31220 -> STARLINK-30223 | E_NET=0.001813 J | Remaining=71840.73 J
[73.043] Task 142 enqueued on CPU STARLINK-30223 qlen_enqueue=1
[73.140] Task 142 enqueued on NET STARLINK-30223 qlen_enqueue_net=1
[Task 142] Task eseguito su STARLINK-30223 55.54464938450412 degrees | CPU=4608.3343J, NET=0.0020J, TOTAL=4608.3362J, Remaining=69808.37J
[73.142] Task 142 served on STARLINK-30223 qlen_enqueue_cpu=1 qlen_enqueue_net=1 time_in_queue=0.000
[142][GREEDY] STARLINK-30223 -> STARLINK-11403 [DTC] | Tramission-time: 0.0011928911727141478
[142] Energy routing consumed by STARLINK-30223: 0.000000 J (remaining 69808.37)
[MODE: BIDIRECTIONAL]
[142][GREEDY] CONSEGNATO! STARLINK-11403 [DTC] -> OBS | Tramission-time: 1.3420802121279824e-09
---> Task 143 (Type: Generic_Service) arriva in 73.94
--- [73.94] Task 143 using SearchNode Policy: v1_heuristic ---
[143] Filtro euristico: DTS-TMAX
[73.94] [Task 143] Routed STARLINK-31220 -> STARLINK-5854 | E_NET=0.000008 J | Remaining=71840.73 J
[73.938] Task 143 enqueued on CPU STARLINK-5854 qlen_enqueue=1
[Task 143] Task eseguito su STARLINK-5854 43.84772341772114 degrees | CPU=1147.3136J, NET=0.0000J, TOTAL=1147.3136J, Remaining=71435.84J
[73.962] Task 143 served on STARLINK-5854 qlen_enqueue_cpu=1 qlen_enqueue_net=None time_in_queue=0.000
----------------------------------------------------------------------
	||TIME IN SIMULATION : (seconds:74) (minutes: 1) ||

MODIFICA CONFIGURAZIONE IN CORSO...

Aggiornato il Tempo Globale:  2025-11-20 20:56:28
[143][GREEDY] STARLINK-5854 -> STARLINK-11403 [DTC] | Tramission-time: 0.001827498810564172
[143] Energy routing consumed by STARLINK-5854: 0.000000 J (remaining 71435.84)
---> Task 144 (Type: Generic_Service) arriva in 74.07
--- [74.07] Task 144 using SearchNode Policy: v1_heuristic ---
[144] Filtro euristico: DTS-TMAX
[74.07] [Task 144] Routed STARLINK-31220 -> STARLINK-34909 | E_NET=0.000032 J | Remaining=71840.73 J
[74.073] Task 144 enqueued on CPU STARLINK-34909 qlen_enqueue=1
[MODE: BIDIRECTIONAL]
[143][GREEDY] CONSEGNATO! STARLINK-11403 [DTC] -> OBS | Tramission-time: 7.58498294935064e-12
[Task 144] Task eseguito su STARLINK-34909 46.59327588679886 degrees | CPU=4175.9287J, NET=0.0000J, TOTAL=4175.9287J, Remaining=67923.34J
[74.163] Task 144 served on STARLINK-34909 qlen_enqueue_cpu=1 qlen_enqueue_net=None time_in_queue=0.000
[144][GREEDY] STARLINK-34909 -> STARLINK-11403 [DTC] | Tramission-time: 0.0015622788405454972
[144] Energy routing consumed by STARLINK-34909: 0.000000 J (remaining 67923.34)
[MODE: BIDIRECTIONAL]
[144][GREEDY] CONSEGNATO! STARLINK-11403 [DTC] -> OBS | Tramission-time: 2.8505924750737624e-11
---> Task 145 (Type: CPU_Intensive) arriva in 74.72
--- [74.72] Task 145 using SearchNode Policy: v1_heuristic ---
[145] Filtro euristico: DTS-TMAX
[74.72] [Task 145] Routed STARLINK-31220 -> STARLINK-5854 | E_NET=0.000021 J | Remaining=71840.73 J
[74.721] Task 145 enqueued on CPU STARLINK-5854 qlen_enqueue=1
[Task 145] Task eseguito su STARLINK-5854 43.994031605700975 degrees | CPU=5545.2992J, NET=0.0000J, TOTAL=5545.2992J, Remaining=65890.54J
[74.838] Task 145 served on STARLINK-5854 qlen_enqueue_cpu=1 qlen_enqueue_net=None time_in_queue=0.000
[145][GREEDY] STARLINK-5854 -> STARLINK-11403 [DTC] | Tramission-time: 0.001827498821491914
[145] Energy routing consumed by STARLINK-5854: 0.000000 J (remaining 65890.54)
[MODE: BIDIRECTIONAL]
[145][GREEDY] CONSEGNATO! STARLINK-11403 [DTC] -> OBS | Tramission-time: 2.0296836649518014e-11
---> Task 146 (Type: Generic_Service) arriva in 75.54
--- [75.54] Task 146 using SearchNode Policy: v1_heuristic ---
[146] Filtro euristico: DTS-TMAX
[75.54] [Task 146] Routed STARLINK-31220 -> STARLINK-30223 | E_NET=0.000015 J | Remaining=71840.73 J
[75.540] Task 146 enqueued on CPU STARLINK-30223 qlen_enqueue=1
[Task 146] Task eseguito su STARLINK-30223 56.61036273084993 degrees | CPU=434.2690J, NET=0.0000J, TOTAL=434.2690J, Remaining=69374.10J
[75.551] Task 146 served on STARLINK-30223 qlen_enqueue_cpu=1 qlen_enqueue_net=None time_in_queue=0.000
[146][GREEDY] STARLINK-30223 -> STARLINK-11403 [DTC] | Tramission-time: 0.0011946839513358152
[146] Energy routing consumed by STARLINK-30223: 0.000000 J (remaining 69374.10)
[MODE: BIDIRECTIONAL]
[146][GREEDY] CONSEGNATO! STARLINK-11403 [DTC] -> OBS | Tramission-time: 1.4205746032487218e-11
---> Task 147 (Type: CPU_Intensive) arriva in 75.86
--- [75.86] Task 147 using SearchNode Policy: v1_heuristic ---
[147] Filtro euristico: DTS-TMAX
[75.86] [Task 147] Routed STARLINK-31220 -> STARLINK-1068 | E_NET=0.000028 J | Remaining=71840.73 J
[75.865] Task 147 enqueued on CPU STARLINK-1068 qlen_enqueue=1
----------------------------------------------------------------------
	||TIME IN SIMULATION : (seconds:76) (minutes: 1) ||

MODIFICA CONFIGURAZIONE IN CORSO...

Aggiornato il Tempo Globale:  2025-11-20 20:56:30
[Task 147] Task eseguito su STARLINK-1068 48.73815297786773 degrees | CPU=7829.3739J, NET=0.0000J, TOTAL=7829.3739J, Remaining=62366.47J
[76.031] Task 147 served on STARLINK-1068 qlen_enqueue_cpu=1 qlen_enqueue_net=None time_in_queue=0.000
[147][GREEDY] STARLINK-1068 -> STARLINK-11403 [DTC] | Tramission-time: 0.0015325987241702815
[147] Energy routing consumed by STARLINK-1068: 0.000000 J (remaining 62366.47)
[MODE: BIDIRECTIONAL]
[147][GREEDY] CONSEGNATO! STARLINK-11403 [DTC] -> OBS | Tramission-time: 2.316500658768842e-11
---> Task 148 (Type: Generic_Service) arriva in 76.64
--- [76.64] Task 148 using SearchNode Policy: v1_heuristic ---
[148] Filtro euristico: DTS-TMAX
[76.64] [Task 148] Routed STARLINK-31220 -> STARLINK-30223 | E_NET=0.000010 J | Remaining=71840.73 J
[76.642] Task 148 enqueued on CPU STARLINK-30223 qlen_enqueue=1
[Task 148] Task eseguito su STARLINK-30223 57.698389386462004 degrees | CPU=2898.0274J, NET=0.0000J, TOTAL=2898.0274J, Remaining=66476.07J
[76.703] Task 148 served on STARLINK-30223 qlen_enqueue_cpu=1 qlen_enqueue_net=None time_in_queue=0.000
[148][GREEDY] STARLINK-30223 -> STARLINK-11403 [DTC] | Tramission-time: 0.0011964805733785011
[148] Energy routing consumed by STARLINK-30223: 0.000000 J (remaining 66476.07)
[MODE: BIDIRECTIONAL]
[148][GREEDY] CONSEGNATO! STARLINK-11403 [DTC] -> OBS | Tramission-time: 9.872957803807497e-12
---> Task 149 (Type: CPU_Intensive) arriva in 77.76
--- [77.76] Task 149 using SearchNode Policy: v1_heuristic ---
[149] Filtro euristico: DTS-TMAX
[77.76] [Task 149] Routed STARLINK-31220 -> STARLINK-34909 | E_NET=0.000028 J | Remaining=71840.73 J
[77.763] Task 149 enqueued on CPU STARLINK-34909 qlen_enqueue=1
---> Task 150 (Type: CPU_and_Data_Intensive) arriva in 77.97
--- [77.97] Task 150 using SearchNode Policy: v1_heuristic ---
[150] Filtro euristico: DTS-TMAX
[77.97] [Task 150] Routed STARLINK-31220 -> STARLINK-30223 | E_NET=0.000029 J | Remaining=71840.73 J
[77.972] Task 150 enqueued on CPU STARLINK-30223 qlen_enqueue=1
----------------------------------------------------------------------
	||TIME IN SIMULATION : (seconds:78) (minutes: 1) ||

MODIFICA CONFIGURAZIONE IN CORSO...

Aggiornato il Tempo Globale:  2025-11-20 20:56:32
[Task 149] Task eseguito su STARLINK-34909 46.9028883156763 degrees | CPU=11932.7029J, NET=0.0000J, TOTAL=11932.7029J, Remaining=55990.64J
[78.016] Task 149 served on STARLINK-34909 qlen_enqueue_cpu=1 qlen_enqueue_net=None time_in_queue=0.000
[149][GREEDY] STARLINK-34909 -> STARLINK-11403 [DTC] | Tramission-time: 0.0016189669401751683
[149] Energy routing consumed by STARLINK-34909: 0.000000 J (remaining 55990.64)
[78.084] Task 150 enqueued on NET STARLINK-30223 qlen_enqueue_net=1
[Task 150] Task eseguito su STARLINK-30223 58.80878684774028 degrees | CPU=5329.1105J, NET=0.0000J, TOTAL=5329.1105J, Remaining=61146.96J
[78.084] Task 150 served on STARLINK-30223 qlen_enqueue_cpu=1 qlen_enqueue_net=1 time_in_queue=0.000
---> Task 151 (Type: Generic_Service) arriva in 78.14
--- [78.14] Task 151 using SearchNode Policy: v1_heuristic ---
[151] Filtro euristico: DTS-TMAX
[78.14] [Task 151] Routed STARLINK-31220 -> STARLINK-35269 | E_NET=0.000017 J | Remaining=71840.73 J
[78.140] Task 151 enqueued on CPU STARLINK-35269 qlen_enqueue=1
[MODE: BIDIRECTIONAL]
[149][GREEDY] CONSEGNATO! STARLINK-11403 [DTC] -> OBS | Tramission-time: 2.6889590007666022e-11
[150][GREEDY] STARLINK-30223 -> STARLINK-11403 [DTC] | Tramission-time: 0.001198279717330316
[150] Energy routing consumed by STARLINK-30223: 0.000000 J (remaining 61146.96)
[Task 151] Task eseguito su STARLINK-35269 40.07062914639512 degrees | CPU=4143.2680J, NET=0.0000J, TOTAL=4143.2680J, Remaining=75856.73J
[78.228] Task 151 served on STARLINK-35269 qlen_enqueue_cpu=1 qlen_enqueue_net=None time_in_queue=0.000
[MODE: BIDIRECTIONAL]
[150][GREEDY] CONSEGNATO! STARLINK-11403 [DTC] -> OBS | Tramission-time: 2.2467993373657005e-11
[151][GREEDY] STARLINK-35269 -> STARLINK-11403 [DTC] | Tramission-time: 0.0017566423758000394
[151] Energy routing consumed by STARLINK-35269: 0.000000 J (remaining 75856.73)
[MODE: BIDIRECTIONAL]
[151][GREEDY] CONSEGNATO! STARLINK-11403 [DTC] -> OBS | Tramission-time: 1.2154708479458073e-11
----------------------------------------------------------------------
	||TIME IN SIMULATION : (seconds:80) (minutes: 1) ||

MODIFICA CONFIGURAZIONE IN CORSO...

Aggiornato il Tempo Globale:  2025-11-20 20:56:34
---> Task 152 (Type: CPU_and_Data_Intensive) arriva in 80.66
--- [80.66] Task 152 using SearchNode Policy: v1_heuristic ---
[152] Filtro euristico: DTS-TMAX
[80.66] [Task 152] Routed STARLINK-31220 -> STARLINK-1826 | E_NET=0.001788 J | Remaining=71840.73 J
[80.664] Task 152 enqueued on CPU STARLINK-1826 qlen_enqueue=1
[81.112] Task 152 enqueued on NET STARLINK-1826 qlen_enqueue_net=1
[Task 152] Task eseguito su STARLINK-1826 40.79170842241193 degrees | CPU=21400.9944J, NET=0.0025J, TOTAL=21400.9969J, Remaining=58599.00J
[81.115] Task 152 served on STARLINK-1826 qlen_enqueue_cpu=1 qlen_enqueue_net=1 time_in_queue=0.000
[152][GREEDY] STARLINK-1826 -> STARLINK-11403 [DTC] | Tramission-time: 0.0016798170186728006
[152] Energy routing consumed by STARLINK-1826: 0.000000 J (remaining 58599.00)
[MODE: BIDIRECTIONAL]
[152][GREEDY] CONSEGNATO! STARLINK-11403 [DTC] -> OBS | Tramission-time: 1.901294252163475e-09
----------------------------------------------------------------------
	||TIME IN SIMULATION : (seconds:82) (minutes: 1) ||

MODIFICA CONFIGURAZIONE IN CORSO...

Aggiornato il Tempo Globale:  2025-11-20 20:56:36
---> Task 153 (Type: CPU_Intensive) arriva in 82.69
--- [82.69] Task 153 using SearchNode Policy: v1_heuristic ---
[153] Filtro euristico: DTS-TMAX
[82.69] [Task 153] Routed STARLINK-31220 -> STARLINK-34011 | E_NET=0.000020 J | Remaining=71840.73 J
[82.692] Task 153 enqueued on CPU STARLINK-34011 qlen_enqueue=1
---> Task 154 (Type: CPU_Intensive) arriva in 82.89
--- [82.89] Task 154 using SearchNode Policy: v1_heuristic ---
[154] Filtro euristico: DTS-TMAX
[82.89] [Task 154] Routed STARLINK-31220 -> STARLINK-35269 | E_NET=0.000024 J | Remaining=71840.73 J
[82.891] Task 154 enqueued on CPU STARLINK-35269 qlen_enqueue=1
[Task 154] Task eseguito su STARLINK-35269 41.42346127518633 degrees | CPU=17814.6940J, NET=0.0000J, TOTAL=17814.6940J, Remaining=58042.04J
[83.266] Task 154 served on STARLINK-35269 qlen_enqueue_cpu=1 qlen_enqueue_net=None time_in_queue=0.000
[154][GREEDY] STARLINK-35269 -> STARLINK-11403 [DTC] | Tramission-time: 0.0017402115934450962
[154] Energy routing consumed by STARLINK-35269: 0.000000 J (remaining 58042.04)
[MODE: BIDIRECTIONAL]
[154][GREEDY] CONSEGNATO! STARLINK-11403 [DTC] -> OBS | Tramission-time: 2.062871930662192e-11
---> Task 155 (Type: CPU_and_Data_Intensive) arriva in 83.56
--- [83.56] Task 155 using SearchNode Policy: v1_heuristic ---
[155] Filtro euristico: DTS-TMAX
[83.56] [Task 155] Routed STARLINK-31220 -> STARLINK-34011 | E_NET=0.000019 J | Remaining=71840.73 J
[Task 155] REJECTED on STARLINK-34011 due to: Insufficient Energy for CPU+NET
[Task 153] Task eseguito su STARLINK-34011 41.67556624952128 degrees | CPU=52401.3122J, NET=0.0000J, TOTAL=52401.3122J, Remaining=27598.69J
[83.793] Task 153 served on STARLINK-34011 qlen_enqueue_cpu=1 qlen_enqueue_net=None time_in_queue=0.000
[153][GREEDY] STARLINK-34011 -> STARLINK-11403 [DTC] | Tramission-time: 0.001909356501761157
[153] Energy routing consumed by STARLINK-34011: 0.000000 J (remaining 27598.69)
[MODE: BIDIRECTIONAL]
[153][GREEDY] CONSEGNATO! STARLINK-11403 [DTC] -> OBS | Tramission-time: 2.1435673337494222e-11
---> Task 156 (Type: Generic_Service) arriva in 83.99
--- [83.99] Task 156 using SearchNode Policy: v1_heuristic ---
[156] Filtro euristico: DTS-TMAX
[83.99] [Task 156] Routed STARLINK-31220 -> STARLINK-30223 | E_NET=0.000013 J | Remaining=71840.73 J
[83.990] Task 156 enqueued on CPU STARLINK-30223 qlen_enqueue=1
[Task 156] Task eseguito su STARLINK-30223 61.096618668235344 degrees | CPU=428.0089J, NET=0.0000J, TOTAL=428.0089J, Remaining=60718.95J
[84.000] Task 156 served on STARLINK-30223 qlen_enqueue_cpu=1 qlen_enqueue_net=None time_in_queue=0.000
----------------------------------------------------------------------
	||TIME IN SIMULATION : (seconds:84) (minutes: 1) ||

MODIFICA CONFIGURAZIONE IN CORSO...

Aggiornato il Tempo Globale:  2025-11-20 20:56:38
---> Task 157 (Type: CPU_and_Data_Intensive) arriva in 84.03
--- [84.03] Task 157 using SearchNode Policy: v1_heuristic ---
[157] Filtro euristico: DTS-TMAX
[84.03] [Task 157] Routed STARLINK-31220 -> STARLINK-5854 | E_NET=0.004345 J | Remaining=71840.72 J
[84.036] Task 157 enqueued on CPU STARLINK-5854 qlen_enqueue=1
[156][GREEDY] STARLINK-30223 -> STARLINK-11403 [DTC] | Tramission-time: 0.0012036919681704295
[156] Energy routing consumed by STARLINK-30223: 0.000000 J (remaining 60718.95)
---> Task 158 (Type: Generic_Service) arriva in 84.09
--- [84.09] Task 158 using SearchNode Policy: v1_heuristic ---
[158] Filtro euristico: DTS-TMAX
[84.09] [Task 158] Routed STARLINK-31220 -> STARLINK-6195 | E_NET=0.000020 J | Remaining=71840.72 J
[84.092] Task 158 enqueued on CPU STARLINK-6195 qlen_enqueue=1
[Task 158] Task eseguito su STARLINK-6195 68.41397122105478 degrees | CPU=274.8253J, NET=0.0000J, TOTAL=274.8254J, Remaining=20574.76J
[84.099] Task 158 served on STARLINK-6195 qlen_enqueue_cpu=1 qlen_enqueue_net=None time_in_queue=0.000
[MODE: BIDIRECTIONAL]
[156][GREEDY] CONSEGNATO! STARLINK-11403 [DTC] -> OBS | Tramission-time: 1.0998587587930952e-11
[158][GREEDY] STARLINK-6195 -> STARLINK-11403 [DTC] | Tramission-time: 0.0009527999413977444
[158] Energy routing consumed by STARLINK-6195: 0.000000 J (remaining 20574.76)
[84.201] Task 157 enqueued on NET STARLINK-5854 qlen_enqueue_net=1
[Task 157] Task eseguito su STARLINK-5854 44.42498417423122 degrees | CPU=7859.6549J, NET=0.0047J, TOTAL=7859.6596J, Remaining=58030.88J
[84.205] Task 157 served on STARLINK-5854 qlen_enqueue_cpu=1 qlen_enqueue_net=1 time_in_queue=0.000
---> Task 159 (Type: CPU_Intensive) arriva in 84.22
--- [84.22] Task 159 using SearchNode Policy: v1_heuristic ---
[159] Filtro euristico: DTS-TMAX
[84.22] [Task 159] Routed STARLINK-31220 -> STARLINK-1068 | E_NET=0.000018 J | Remaining=71840.72 J
[84.226] Task 159 enqueued on CPU STARLINK-1068 qlen_enqueue=1
[MODE: BIDIRECTIONAL]
[158][GREEDY] CONSEGNATO! STARLINK-11403 [DTC] -> OBS | Tramission-time: 2.1574095394778275e-11
[157][GREEDY] STARLINK-5854 -> STARLINK-11403 [DTC] | Tramission-time: 0.0020470352512712356
[157] Energy routing consumed by STARLINK-5854: 0.000000 J (remaining 58030.88)
[MODE: BIDIRECTIONAL]
[157][GREEDY] CONSEGNATO! STARLINK-11403 [DTC] -> OBS | Tramission-time: 4.135415193556273e-09
[Task 159] Task eseguito su STARLINK-1068 47.9601678108395 degrees | CPU=11556.4357J, NET=0.0000J, TOTAL=11556.4357J, Remaining=50810.04J
[84.469] Task 159 served on STARLINK-1068 qlen_enqueue_cpu=1 qlen_enqueue_net=None time_in_queue=0.000
[159][GREEDY] STARLINK-1068 -> STARLINK-11403 [DTC] | Tramission-time: 0.0015964058076178146
[159] Energy routing consumed by STARLINK-1068: 0.000000 J (remaining 50810.04)
[MODE: BIDIRECTIONAL]
[159][GREEDY] CONSEGNATO! STARLINK-11403 [DTC] -> OBS | Tramission-time: 1.7460527074440653e-11
---> Task 160 (Type: CPU_Intensive) arriva in 84.87
--- [84.87] Task 160 using SearchNode Policy: v1_heuristic ---
[160] Filtro euristico: DTS-TMAX
[84.87] [Task 160] Routed STARLINK-31220 -> STARLINK-34777 | E_NET=0.000026 J | Remaining=71840.72 J
[84.875] Task 160 enqueued on CPU STARLINK-34777 qlen_enqueue=1
----------------------------------------------------------------------
	||TIME IN SIMULATION : (seconds:86) (minutes: 1) ||

MODIFICA CONFIGURAZIONE IN CORSO...

Aggiornato il Tempo Globale:  2025-11-20 20:56:40
[Task 160] Task eseguito su STARLINK-34777 44.909575657739786 degrees | CPU=56840.3781J, NET=0.0000J, TOTAL=56840.3781J, Remaining=5219.88J
[86.070] Task 160 served on STARLINK-34777 qlen_enqueue_cpu=1 qlen_enqueue_net=None time_in_queue=0.000
---> Task 161 (Type: CPU_and_Data_Intensive) arriva in 86.07
--- [86.07] Task 161 using SearchNode Policy: v1_heuristic ---
[161] Filtro euristico: DTS-TMAX
[86.07] [Task 161] Routed STARLINK-31220 -> STARLINK-31585 | E_NET=0.009707 J | Remaining=71840.71 J
[160][GREEDY] STARLINK-34777 -> STARLINK-11403 [DTC] | Tramission-time: 0.0017023860682670716
[160] Energy routing consumed by STARLINK-34777: 0.000000 J (remaining 5219.88)
[86.083] Task 161 enqueued on CPU STARLINK-31585 qlen_enqueue=1
---> Task 162 (Type: Generic_Service) arriva in 86.12
--- [86.12] Task 162 using SearchNode Policy: v1_heuristic ---
[162] Filtro euristico: DTS-TMAX
[86.12] [Task 162] Routed STARLINK-31220 -> STARLINK-5939 | E_NET=0.000036 J | Remaining=71840.71 J
[86.126] Task 162 enqueued on CPU STARLINK-5939 qlen_enqueue=1
[MODE: BIDIRECTIONAL]
[160][GREEDY] CONSEGNATO! STARLINK-11403 [DTC] -> OBS | Tramission-time: 3.3052540895447716e-11
[Task 162] Task eseguito su STARLINK-5939 40.371608828934114 degrees | CPU=3506.6810J, NET=0.0000J, TOTAL=3506.6810J, Remaining=76493.32J
[86.202] Task 162 served on STARLINK-5939 qlen_enqueue_cpu=1 qlen_enqueue_net=None time_in_queue=0.000
[162][GREEDY] STARLINK-5939 -> STARLINK-31220 | Tramission-time: 0.0017701059799413463
[162] Energy routing consumed by STARLINK-5939: 0.000000 J (remaining 76493.32)
[MODE: BIDIRECTIONAL]
[162][GREEDY] CONSEGNATO! STARLINK-31220 -> OBS | Tramission-time: 3.457931276691253e-11
---> Task 163 (Type: CPU_and_Data_Intensive) arriva in 86.48
--- [86.48] Task 163 using SearchNode Policy: v1_heuristic ---
[163] Filtro euristico: DTS-TMAX
[86.48] [Task 163] Routed STARLINK-31220 -> STARLINK-5939 | E_NET=0.001697 J | Remaining=71840.71 J
[86.484] Task 163 enqueued on CPU STARLINK-5939 qlen_enqueue=1
[86.764] Task 163 enqueued on NET STARLINK-5939 qlen_enqueue_net=1
[Task 163] Task eseguito su STARLINK-5939 40.371608828934114 degrees | CPU=13346.7094J, NET=0.0018J, TOTAL=13346.7112J, Remaining=63146.61J
[86.766] Task 163 served on STARLINK-5939 qlen_enqueue_cpu=1 qlen_enqueue_net=1 time_in_queue=0.000
[163][GREEDY] STARLINK-5939 -> STARLINK-31220 | Tramission-time: 0.0017701072155681796
[163] Energy routing consumed by STARLINK-5939: 0.000000 J (remaining 63146.61)
[MODE: BIDIRECTIONAL]
[163][GREEDY] CONSEGNATO! STARLINK-31220 -> OBS | Tramission-time: 1.198801980863748e-09
---> Task 164 (Type: CPU_Intensive) arriva in 86.88
--- [86.88] Task 164 using SearchNode Policy: v1_heuristic ---
[164] Filtro euristico: DTS-TMAX
[86.88] [Task 164] Routed STARLINK-31220 -> STARLINK-31585 | E_NET=0.000025 J | Remaining=71840.71 J
[Task 164] REJECTED on STARLINK-31585 due to: Insufficient Energy for CPU
[87.282] Task 161 enqueued on NET STARLINK-31585 qlen_enqueue_net=1
[Task 161] Task eseguito su STARLINK-31585 40.09218490661066 degrees | CPU=57161.4134J, NET=0.0102J, TOTAL=57161.4236J, Remaining=22838.58J
[87.292] Task 161 served on STARLINK-31585 qlen_enqueue_cpu=1 qlen_enqueue_net=1 time_in_queue=0.000
[161][GREEDY] STARLINK-31585 -> STARLINK-11403 [DTC] | Tramission-time: 0.0018872943758161582
[161] Energy routing consumed by STARLINK-31585: 0.000000 J (remaining 22838.58)
[MODE: BIDIRECTIONAL]
[161][GREEDY] CONSEGNATO! STARLINK-11403 [DTC] -> OBS | Tramission-time: 8.379672991143967e-09
---> Task 165 (Type: Generic_Service) arriva in 87.90
--- [87.90] Task 165 using SearchNode Policy: v1_heuristic ---
[165] Filtro euristico: DTS-TMAX
[87.90] [Task 165] Routed STARLINK-31220 -> STARLINK-5939 | E_NET=0.000019 J | Remaining=71840.71 J
[87.898] Task 165 enqueued on CPU STARLINK-5939 qlen_enqueue=1
[Task 165] Task eseguito su STARLINK-5939 40.371608828934114 degrees | CPU=1811.6611J, NET=0.0000J, TOTAL=1811.6611J, Remaining=61334.95J
[87.937] Task 165 served on STARLINK-5939 qlen_enqueue_cpu=1 qlen_enqueue_net=None time_in_queue=0.000
[165][GREEDY] STARLINK-5939 -> STARLINK-31220 | Tramission-time: 0.0017701059696234964
[165] Energy routing consumed by STARLINK-5939: 0.000000 J (remaining 61334.95)
----------------------------------------------------------------------
	||TIME IN SIMULATION : (seconds:88) (minutes: 1) ||

MODIFICA CONFIGURAZIONE IN CORSO...

Aggiornato il Tempo Globale:  2025-11-20 20:56:42
[MODE: BIDIRECTIONAL]
[165][GREEDY] CONSEGNATO! STARLINK-31220 -> OBS | Tramission-time: 1.6100917235097468e-11
---> Task 166 (Type: CPU_and_Data_Intensive) arriva in 88.47
--- [88.47] Task 166 using SearchNode Policy: v1_heuristic ---
[166] Filtro euristico: DTS-TMAX
[88.47] [Task 166] Routed STARLINK-31220 -> STARLINK-5939 | E_NET=0.003887 J | Remaining=71840.71 J
[Task 166] REJECTED on STARLINK-5939 due to: Insufficient Energy for CPU+NET
---> Task 167 (Type: CPU_and_Data_Intensive) arriva in 88.53
--- [88.53] Task 167 using SearchNode Policy: v1_heuristic ---
[167] Filtro euristico: DTS-TMAX
[88.53] [Task 167] Routed STARLINK-31220 -> STARLINK-5939 | E_NET=0.000592 J | Remaining=71840.71 J
[88.537] Task 167 enqueued on CPU STARLINK-5939 qlen_enqueue=1
---> Task 168 (Type: CPU_Intensive) arriva in 88.73
--- [88.73] Task 168 using SearchNode Policy: v1_heuristic ---
[168] Filtro euristico: DTS-TMAX
[88.73] [Task 168] Routed STARLINK-31220 -> STARLINK-30223 | E_NET=0.000014 J | Remaining=71840.71 J
[88.731] Task 168 enqueued on CPU STARLINK-30223 qlen_enqueue=1
---> Task 169 (Type: Generic_Service) arriva in 88.98
--- [88.98] Task 169 using SearchNode Policy: v1_heuristic ---
[169] Filtro euristico: DTS-TMAX
[88.98] [Task 169] Routed STARLINK-31220 -> STARLINK-2160 | E_NET=0.000031 J | Remaining=71840.71 J
[88.978] Task 169 enqueued on CPU STARLINK-2160 qlen_enqueue=1
[Task 169] Task eseguito su STARLINK-2160 50.553522321233075 degrees | CPU=2844.7505J, NET=0.0000J, TOTAL=2844.7505J, Remaining=56166.12J
[89.039] Task 169 served on STARLINK-2160 qlen_enqueue_cpu=1 qlen_enqueue_net=None time_in_queue=0.000
[169][GREEDY] STARLINK-2160 -> STARLINK-11403 [DTC] | Tramission-time: 0.0016896830059973597
[169] Energy routing consumed by STARLINK-2160: 0.000000 J (remaining 56166.12)
[Task 168] Task eseguito su STARLINK-30223 64.69382397093483 degrees | CPU=18696.4697J, NET=0.0000J, TOTAL=18696.4697J, Remaining=42022.48J
[89.124] Task 168 served on STARLINK-30223 qlen_enqueue_cpu=1 qlen_enqueue_net=None time_in_queue=0.000
[89.148] Task 167 enqueued on NET STARLINK-5939 qlen_enqueue_net=1
[Task 167] Task eseguito su STARLINK-5939 41.08388020579309 degrees | CPU=29162.9960J, NET=0.0006J, TOTAL=29162.9967J, Remaining=32171.95J
[89.149] Task 167 served on STARLINK-5939 qlen_enqueue_cpu=1 qlen_enqueue_net=1 time_in_queue=0.000
[MODE: BIDIRECTIONAL]
[169][GREEDY] CONSEGNATO! STARLINK-11403 [DTC] -> OBS | Tramission-time: 2.1546138169177263e-11
[168][GREEDY] STARLINK-30223 -> STARLINK-11403 [DTC] | Tramission-time: 0.0012073124660406484
[168] Energy routing consumed by STARLINK-30223: 0.000000 J (remaining 42022.48)
[167][GREEDY] STARLINK-5939 -> STARLINK-31220 | Tramission-time: 0.0017716849064589835
[167] Energy routing consumed by STARLINK-5939: 0.000000 J (remaining 32171.95)
[MODE: BIDIRECTIONAL]
[168][GREEDY] CONSEGNATO! STARLINK-11403 [DTC] -> OBS | Tramission-time: 1.1503232950196726e-11
[MODE: BIDIRECTIONAL]
[167][GREEDY] CONSEGNATO! STARLINK-31220 -> OBS | Tramission-time: 4.717595893158573e-10
----------------------------------------------------------------------
	||TIME IN SIMULATION : (seconds:90) (minutes: 1) ||

MODIFICA CONFIGURAZIONE IN CORSO...

Aggiornato il Tempo Globale:  2025-11-20 20:56:44
---> Task 170 (Type: CPU_and_Data_Intensive) arriva in 90.75
--- [90.75] Task 170 using SearchNode Policy: v1_heuristic ---
[170] Filtro euristico: DTS-TMAX
[90.75] [Task 170] Routed STARLINK-31220 -> STARLINK-5854 | E_NET=0.084813 J | Remaining=71840.62 J
---> Task 171 (Type: CPU_and_Data_Intensive) arriva in 90.82
--- [90.82] Task 171 using SearchNode Policy: v1_heuristic ---
[171] Filtro euristico: DTS-TMAX
[90.82] [Task 171] Routed STARLINK-31220 -> STARLINK-1826 | E_NET=0.000337 J | Remaining=71840.62 J
[90.818] Task 171 enqueued on CPU STARLINK-1826 qlen_enqueue=1
[90.834] Task 170 enqueued on CPU STARLINK-5854 qlen_enqueue=1
[91.014] Task 171 enqueued on NET STARLINK-1826 qlen_enqueue_net=1
[Task 171] Task eseguito su STARLINK-1826 44.9357466635241 degrees | CPU=9321.1919J, NET=0.0004J, TOTAL=9321.1923J, Remaining=49277.81J
[91.014] Task 171 served on STARLINK-1826 qlen_enqueue_cpu=1 qlen_enqueue_net=1 time_in_queue=0.000
[171][GREEDY] STARLINK-1826 -> STARLINK-11403 [DTC] | Tramission-time: 0.0017018697615249437
[171] Energy routing consumed by STARLINK-1826: 0.000000 J (remaining 49277.81)
[MODE: BIDIRECTIONAL]
[171][GREEDY] CONSEGNATO! STARLINK-11403 [DTC] -> OBS | Tramission-time: 2.751779641715775e-10
---> Task 172 (Type: Generic_Service) arriva in 91.19
--- [91.19] Task 172 using SearchNode Policy: v1_heuristic ---
[172] Filtro euristico: DTS-TMAX
[91.19] [Task 172] Routed STARLINK-31220 -> STARLINK-6195 | E_NET=0.000013 J | Remaining=71840.62 J
[91.194] Task 172 enqueued on CPU STARLINK-6195 qlen_enqueue=1
[Task 172] Task eseguito su STARLINK-6195 71.19907838163519 degrees | CPU=243.8737J, NET=0.0000J, TOTAL=243.8737J, Remaining=20330.89J
[91.200] Task 172 served on STARLINK-6195 qlen_enqueue_cpu=1 qlen_enqueue_net=None time_in_queue=0.000
[172][GREEDY] STARLINK-6195 -> STARLINK-11403 [DTC] | Tramission-time: 0.0009491800782625489
[172] Energy routing consumed by STARLINK-6195: 0.000000 J (remaining 20330.89)
[91.316] Task 170 enqueued on NET STARLINK-5854 qlen_enqueue_net=1
[MODE: BIDIRECTIONAL]
[172][GREEDY] CONSEGNATO! STARLINK-11403 [DTC] -> OBS | Tramission-time: 1.4598937118366105e-11
[Task 170] Task eseguito su STARLINK-5854 44.43270641383058 degrees | CPU=22952.6554J, NET=0.1205J, TOTAL=22952.7760J, Remaining=35078.11J
[91.436] Task 170 served on STARLINK-5854 qlen_enqueue_cpu=1 qlen_enqueue_net=1 time_in_queue=0.000
[170][GREEDY] STARLINK-5854 -> STARLINK-11403 [DTC] | Tramission-time: 0.002190358637252218
[170] Energy routing consumed by STARLINK-5854: 0.000000 J (remaining 35078.11)
[MODE: BIDIRECTIONAL]
[170][GREEDY] CONSEGNATO! STARLINK-11403 [DTC] -> OBS | Tramission-time: 9.247077685775142e-08
----------------------------------------------------------------------
	||TIME IN SIMULATION : (seconds:92) (minutes: 1) ||

MODIFICA CONFIGURAZIONE IN CORSO...

Aggiornato il Tempo Globale:  2025-11-20 20:56:46
---> Task 173 (Type: Generic_Service) arriva in 92.87
--- [92.87] Task 173 using SearchNode Policy: v1_heuristic ---
[173] Filtro euristico: DTS-TMAX
[92.87] [Task 173] Routed STARLINK-31220 -> STARLINK-35269 | E_NET=0.000005 J | Remaining=71840.62 J
[92.876] Task 173 enqueued on CPU STARLINK-35269 qlen_enqueue=1
[Task 173] Task eseguito su STARLINK-35269 44.763348830292685 degrees | CPU=4239.4418J, NET=0.0000J, TOTAL=4239.4418J, Remaining=53802.60J
[92.965] Task 173 served on STARLINK-35269 qlen_enqueue_cpu=1 qlen_enqueue_net=None time_in_queue=0.000
[173][GREEDY] STARLINK-35269 -> STARLINK-11403 [DTC] | Tramission-time: 0.0017495918316125065
[173] Energy routing consumed by STARLINK-35269: 0.000000 J (remaining 53802.60)
[MODE: BIDIRECTIONAL]
[173][GREEDY] CONSEGNATO! STARLINK-11403 [DTC] -> OBS | Tramission-time: 5.9957920135597894e-12
---> Task 174 (Type: CPU_and_Data_Intensive) arriva in 93.36
--- [93.36] Task 174 using SearchNode Policy: v1_heuristic ---
[174] Filtro euristico: DTS-TMAX
[93.36] [Task 174] Routed STARLINK-31220 -> STARLINK-2160 | E_NET=0.004171 J | Remaining=71840.62 J
[93.369] Task 174 enqueued on CPU STARLINK-2160 qlen_enqueue=1
[93.454] Task 174 enqueued on NET STARLINK-2160 qlen_enqueue_net=1
[Task 174] Task eseguito su STARLINK-2160 52.19091624163911 degrees | CPU=4025.8640J, NET=0.0052J, TOTAL=4025.8693J, Remaining=52140.25J
[93.459] Task 174 served on STARLINK-2160 qlen_enqueue_cpu=1 qlen_enqueue_net=1 time_in_queue=0.000
[174][GREEDY] STARLINK-2160 -> STARLINK-11403 [DTC] | Tramission-time: 0.0017036962382006246
[174] Energy routing consumed by STARLINK-2160: 0.000000 J (remaining 52140.25)
[MODE: BIDIRECTIONAL]
[174][GREEDY] CONSEGNATO! STARLINK-11403 [DTC] -> OBS | Tramission-time: 4.657591447041655e-09
---> Task 175 (Type: Generic_Service) arriva in 93.66
--- [93.66] Task 175 using SearchNode Policy: v1_heuristic ---
[175] Filtro euristico: DTS-TMAX
[93.66] [Task 175] Routed STARLINK-31220 -> STARLINK-34909 | E_NET=0.000005 J | Remaining=71840.62 J
[93.664] Task 175 enqueued on CPU STARLINK-34909 qlen_enqueue=1
[Task 175] Task eseguito su STARLINK-34909 47.10172990985127 degrees | CPU=2065.0524J, NET=0.0000J, TOTAL=2065.0524J, Remaining=53925.59J
[93.707] Task 175 served on STARLINK-34909 qlen_enqueue_cpu=1 qlen_enqueue_net=None time_in_queue=0.000
[175][GREEDY] STARLINK-34909 -> STARLINK-11403 [DTC] | Tramission-time: 0.0019267407231756538
[175] Energy routing consumed by STARLINK-34909: 0.000000 J (remaining 53925.59)
[MODE: BIDIRECTIONAL]
[175][GREEDY] CONSEGNATO! STARLINK-11403 [DTC] -> OBS | Tramission-time: 4.574745619812568e-12
----------------------------------------------------------------------
	||TIME IN SIMULATION : (seconds:94) (minutes: 1) ||

MODIFICA CONFIGURAZIONE IN CORSO...

Aggiornato il Tempo Globale:  2025-11-20 20:56:48
---> Task 176 (Type: CPU_and_Data_Intensive) arriva in 94.07
--- [94.07] Task 176 using SearchNode Policy: v1_heuristic ---
[176] Filtro euristico: DTS-TMAX
[94.07] [Task 176] Routed STARLINK-31220 -> STARLINK-31866 | E_NET=0.139986 J | Remaining=71840.48 J
[94.213] Task 176 enqueued on CPU STARLINK-31866 qlen_enqueue=1
---> Task 177 (Type: Generic_Service) arriva in 94.31
--- [94.31] Task 177 using SearchNode Policy: v1_heuristic ---
[177] Filtro euristico: DTS-TMAX
[94.31] [Task 177] Routed STARLINK-31220 -> STARLINK-6155 | E_NET=0.000029 J | Remaining=71840.48 J
[94.315] Task 177 enqueued on CPU STARLINK-6155 qlen_enqueue=1
[Task 177] Task eseguito su STARLINK-6155 49.244795946636934 degrees | CPU=2248.3383J, NET=0.0000J, TOTAL=2248.3383J, Remaining=52677.88J
[94.365] Task 177 served on STARLINK-6155 qlen_enqueue_cpu=1 qlen_enqueue_net=None time_in_queue=0.000
[177][GREEDY] STARLINK-6155 -> STARLINK-11403 [DTC] | Tramission-time: 0.001952284996910667
[177] Energy routing consumed by STARLINK-6155: 0.000000 J (remaining 52677.88)
[MODE: BIDIRECTIONAL]
[177][GREEDY] CONSEGNATO! STARLINK-11403 [DTC] -> OBS | Tramission-time: 2.8239802530066668e-11
---> Task 178 (Type: Generic_Service) arriva in 94.79
--- [94.79] Task 178 using SearchNode Policy: v1_heuristic ---
[178] Filtro euristico: DTS-TMAX
[94.79] [Task 178] Routed STARLINK-31220 -> STARLINK-34909 | E_NET=0.000016 J | Remaining=71840.48 J
[94.788] Task 178 enqueued on CPU STARLINK-34909 qlen_enqueue=1
[Task 178] Task eseguito su STARLINK-34909 47.01531960711172 degrees | CPU=795.3277J, NET=0.0000J, TOTAL=795.3278J, Remaining=53130.26J
[94.806] Task 178 served on STARLINK-34909 qlen_enqueue_cpu=1 qlen_enqueue_net=None time_in_queue=0.000
[94.828] Task 176 enqueued on NET STARLINK-31866 qlen_enqueue_net=1
[178][GREEDY] STARLINK-34909 -> STARLINK-11403 [DTC] | Tramission-time: 0.0019815677515789393
[178] Energy routing consumed by STARLINK-34909: 0.000000 J (remaining 53130.26)
[MODE: BIDIRECTIONAL]
[178][GREEDY] CONSEGNATO! STARLINK-11403 [DTC] -> OBS | Tramission-time: 1.1806950822517386e-11
[Task 176] Task eseguito su STARLINK-31866 51.86372183073864 degrees | CPU=29311.5984J, NET=0.2030J, TOTAL=29311.8014J, Remaining=3821.45J
[95.031] Task 176 served on STARLINK-31866 qlen_enqueue_cpu=1 qlen_enqueue_net=1 time_in_queue=0.000
[176][GREEDY] STARLINK-31866 -> STARLINK-11403 [DTC] | Tramission-time: 0.0010552709430860208
[176] Energy routing consumed by STARLINK-31866: 0.000000 J (remaining 3821.45)
[MODE: BIDIRECTIONAL]
[176][GREEDY] CONSEGNATO! STARLINK-11403 [DTC] -> OBS | Tramission-time: 1.7852739578598932e-07
---> Task 179 (Type: CPU_Intensive) arriva in 95.38
--- [95.38] Task 179 using SearchNode Policy: v1_heuristic ---
[179] Filtro euristico: DTS-TMAX
[95.38] [Task 179] Routed STARLINK-31220 -> STARLINK-35269 | E_NET=0.000029 J | Remaining=71840.48 J
[95.384] Task 179 enqueued on CPU STARLINK-35269 qlen_enqueue=1
[Task 179] Task eseguito su STARLINK-35269 45.40784132600468 degrees | CPU=10339.7808J, NET=0.0000J, TOTAL=10339.7808J, Remaining=43462.82J
[95.603] Task 179 served on STARLINK-35269 qlen_enqueue_cpu=1 qlen_enqueue_net=None time_in_queue=0.000
[179][GREEDY] STARLINK-35269 -> STARLINK-11403 [DTC] | Tramission-time: 0.001760072237880504
[179] Energy routing consumed by STARLINK-35269: 0.000000 J (remaining 43462.82)
[MODE: BIDIRECTIONAL]
[179][GREEDY] CONSEGNATO! STARLINK-11403 [DTC] -> OBS | Tramission-time: 2.9454974507531613e-11
---> Task 180 (Type: Generic_Service) arriva in 95.91
--- [95.91] Task 180 using SearchNode Policy: v1_heuristic ---
[180] Filtro euristico: DTS-TMAX
[95.91] [Task 180] Routed STARLINK-31220 -> STARLINK-34909 | E_NET=0.000010 J | Remaining=71840.48 J
[95.913] Task 180 enqueued on CPU STARLINK-34909 qlen_enqueue=1
[Task 180] Task eseguito su STARLINK-34909 47.01531960711172 degrees | CPU=2189.8512J, NET=0.0000J, TOTAL=2189.8512J, Remaining=50940.41J
[95.959] Task 180 served on STARLINK-34909 qlen_enqueue_cpu=1 qlen_enqueue_net=None time_in_queue=0.000
----------------------------------------------------------------------
	||TIME IN SIMULATION : (seconds:96) (minutes: 1) ||

MODIFICA CONFIGURAZIONE IN CORSO...

Aggiornato il Tempo Globale:  2025-11-20 20:56:50
[180][GREEDY] STARLINK-34909 -> STARLINK-11403 [DTC] | Tramission-time: 0.002038498550083263
[180] Energy routing consumed by STARLINK-34909: 0.000000 J (remaining 50940.41)
[MODE: BIDIRECTIONAL]
[180][GREEDY] CONSEGNATO! STARLINK-11403 [DTC] -> OBS | Tramission-time: 7.867963831210361e-12
---> Task 181 (Type: Generic_Service) arriva in 97.60
--- [97.60] Task 181 using SearchNode Policy: v1_heuristic ---
[181] Filtro euristico: DTS-TMAX
[Task 181] Nessun server rimasto dopo i filtri (deadline/sunset).
[Task 181] REJECTED on STARLINK-31220 due to: No suitable server found after deadline/sunset filters
----------------------------------------------------------------------
	||TIME IN SIMULATION : (seconds:98) (minutes: 1) ||

MODIFICA CONFIGURAZIONE IN CORSO...

Aggiornato il Tempo Globale:  2025-11-20 20:56:52
---> Task 182 (Type: CPU_and_Data_Intensive) arriva in 99.10
--- [99.10] Task 182 using SearchNode Policy: v1_heuristic ---
[182] Filtro euristico: DTS-TMAX
[99.10] [Task 182] Routed STARLINK-31220 -> STARLINK-6155 | E_NET=0.004075 J | Remaining=71840.47 J
[99.105] Task 182 enqueued on CPU STARLINK-6155 qlen_enqueue=1
---> Task 183 (Type: Generic_Service) arriva in 99.57
--- [99.57] Task 183 using SearchNode Policy: v1_heuristic ---
[183] Filtro euristico: DTS-TMAX
[99.57] [Task 183] Routed STARLINK-31220 -> STARLINK-2160 | E_NET=0.000012 J | Remaining=71840.47 J
[99.574] Task 183 enqueued on CPU STARLINK-2160 qlen_enqueue=1
---> Task 184 (Type: Generic_Service) arriva in 99.61
--- [99.61] Task 184 using SearchNode Policy: v1_heuristic ---
[184] Filtro euristico: DTS-TMAX
[99.61] [Task 184] Routed STARLINK-31220 -> STARLINK-34909 | E_NET=0.000022 J | Remaining=71840.47 J
[Task 183] Task eseguito su STARLINK-2160 54.66611276115215 degrees | CPU=1769.9040J, NET=0.0000J, TOTAL=1769.9040J, Remaining=50370.35J
[99.612] Task 183 served on STARLINK-2160 qlen_enqueue_cpu=1 qlen_enqueue_net=None time_in_queue=0.000
[99.613] Task 184 enqueued on CPU STARLINK-34909 qlen_enqueue=1
[Task 184] Task eseguito su STARLINK-34909 46.75886127975435 degrees | CPU=1145.0409J, NET=0.0000J, TOTAL=1145.0410J, Remaining=49795.37J
[99.639] Task 184 served on STARLINK-34909 qlen_enqueue_cpu=1 qlen_enqueue_net=None time_in_queue=0.000
[184][GREEDY] STARLINK-34909 -> STARLINK-11403 [DTC] | Tramission-time: 0.002097360764943973
[184] Energy routing consumed by STARLINK-34909: 0.000000 J (remaining 49795.37)
[183][GREEDY] STARLINK-2160 -> STARLINK-11403 [DTC] | Tramission-time: 0.0017263764950079218
[183] Energy routing consumed by STARLINK-2160: 0.000000 J (remaining 50370.35)
[MODE: BIDIRECTIONAL]
[184][GREEDY] CONSEGNATO! STARLINK-11403 [DTC] -> OBS | Tramission-time: 2.003353106569151e-11
[99.818] Task 182 enqueued on NET STARLINK-6155 qlen_enqueue_net=1
[Task 182] Task eseguito su STARLINK-6155 50.67991888770158 degrees | CPU=34008.8478J, NET=0.0053J, TOTAL=34008.8530J, Remaining=18669.02J
[99.823] Task 182 served on STARLINK-6155 qlen_enqueue_cpu=1 qlen_enqueue_net=1 time_in_queue=0.000
[MODE: BIDIRECTIONAL]
[183][GREEDY] CONSEGNATO! STARLINK-11403 [DTC] -> OBS | Tramission-time: 1.104677900406282e-11
[182][GREEDY] STARLINK-6155 -> STARLINK-11403 [DTC] | Tramission-time: 0.0019450869595588887
[182] Energy routing consumed by STARLINK-6155: 0.000000 J (remaining 18669.02)
----------------------------------------------------------------------
	||TIME IN SIMULATION : (seconds:100) (minutes: 1) ||

MODIFICA CONFIGURAZIONE IN CORSO...

Aggiornato il Tempo Globale:  2025-11-20 20:56:54
[MODE: BIDIRECTIONAL]
[182][GREEDY] CONSEGNATO! STARLINK-11403 [DTC] -> OBS | Tramission-time: 4.531089283498895e-09
---> Task 185 (Type: Generic_Service) arriva in 100.25
--- [100.25] Task 185 using SearchNode Policy: v1_heuristic ---
[185] Filtro euristico: DTS-TMAX
[100.25] [Task 185] Routed STARLINK-31220 -> STARLINK-30223 | E_NET=0.000005 J | Remaining=71840.47 J
[100.251] Task 185 enqueued on CPU STARLINK-30223 qlen_enqueue=1
[Task 185] Task eseguito su STARLINK-30223 72.44397444913855 degrees | CPU=391.7751J, NET=0.0000J, TOTAL=391.7751J, Remaining=41630.71J
[100.260] Task 185 served on STARLINK-30223 qlen_enqueue_cpu=1 qlen_enqueue_net=None time_in_queue=0.000
---> Task 186 (Type: Generic_Service) arriva in 100.28
--- [100.28] Task 186 using SearchNode Policy: v1_heuristic ---
[186] Filtro euristico: DTS-TMAX
[100.28] [Task 186] Routed STARLINK-31220 -> STARLINK-1068 | E_NET=0.000022 J | Remaining=71840.47 J
[100.280] Task 186 enqueued on CPU STARLINK-1068 qlen_enqueue=1
[Task 186] Task eseguito su STARLINK-1068 45.33749033635454 degrees | CPU=898.5520J, NET=0.0000J, TOTAL=898.5521J, Remaining=49911.49J
[100.301] Task 186 served on STARLINK-1068 qlen_enqueue_cpu=1 qlen_enqueue_net=None time_in_queue=0.000
[186][GREEDY] STARLINK-1068 -> STARLINK-11403 [DTC] | Tramission-time: 0.0017253867247682452
[186] Energy routing consumed by STARLINK-1068: 0.000000 J (remaining 49911.49)
[185][GREEDY] STARLINK-30223 -> STARLINK-11403 [DTC] | Tramission-time: 0.0012182322734279483
[185] Energy routing consumed by STARLINK-30223: 0.000000 J (remaining 41630.71)
[MODE: BIDIRECTIONAL]
[186][GREEDY] CONSEGNATO! STARLINK-11403 [DTC] -> OBS | Tramission-time: 1.809417505166432e-11
[MODE: BIDIRECTIONAL]
[185][GREEDY] CONSEGNATO! STARLINK-11403 [DTC] -> OBS | Tramission-time: 4.883219178254656e-12
---> Task 187 (Type: Generic_Service) arriva in 100.56
--- [100.56] Task 187 using SearchNode Policy: v1_heuristic ---
[187] Filtro euristico: DTS-TMAX
[100.56] [Task 187] Routed STARLINK-31220 -> STARLINK-30223 | E_NET=0.000022 J | Remaining=71840.47 J
[100.557] Task 187 enqueued on CPU STARLINK-30223 qlen_enqueue=1
[Task 187] Task eseguito su STARLINK-30223 72.44397444913855 degrees | CPU=374.5973J, NET=0.0000J, TOTAL=374.5974J, Remaining=41256.11J
[100.567] Task 187 served on STARLINK-30223 qlen_enqueue_cpu=1 qlen_enqueue_net=None time_in_queue=0.000
[187][GREEDY] STARLINK-30223 -> STARLINK-11403 [DTC] | Tramission-time: 0.0012182322955089765
[187] Energy routing consumed by STARLINK-30223: 0.000000 J (remaining 41256.11)
[MODE: BIDIRECTIONAL]
[187][GREEDY] CONSEGNATO! STARLINK-11403 [DTC] -> OBS | Tramission-time: 1.95831684376971e-11
---> Task 188 (Type: CPU_and_Data_Intensive) arriva in 101.70
--- [101.70] Task 188 using SearchNode Policy: v1_heuristic ---
[188] Filtro euristico: DTS-TMAX
[101.70] [Task 188] Routed STARLINK-31220 -> STARLINK-2160 | E_NET=0.000424 J | Remaining=71840.47 J
[Task 188] REJECTED on STARLINK-2160 due to: Insufficient Energy for CPU+NET
---> Task 189 (Type: Generic_Service) arriva in 101.93
--- [101.93] Task 189 using SearchNode Policy: v1_heuristic ---
[189] Filtro euristico: DTS-TMAX
[101.93] [Task 189] Routed STARLINK-31220 -> STARLINK-2160 | E_NET=0.000013 J | Remaining=71840.47 J
[101.931] Task 189 enqueued on CPU STARLINK-2160 qlen_enqueue=1
---> Task 190 (Type: Generic_Service) arriva in 101.98
--- [101.98] Task 190 using SearchNode Policy: v1_heuristic ---
[190] Filtro euristico: DTS-TMAX
[101.98] [Task 190] Routed STARLINK-31220 -> STARLINK-32654 | E_NET=0.000026 J | Remaining=71840.47 J
[101.983] Task 190 enqueued on CPU STARLINK-32654 qlen_enqueue=1
----------------------------------------------------------------------
	||TIME IN SIMULATION : (seconds:102) (minutes: 1) ||

MODIFICA CONFIGURAZIONE IN CORSO...

Aggiornato il Tempo Globale:  2025-11-20 20:56:56
[Task 190] Task eseguito su STARLINK-32654 57.98009986803253 degrees | CPU=908.0582J, NET=0.0000J, TOTAL=908.0583J, Remaining=49291.74J
[102.004] Task 190 served on STARLINK-32654 qlen_enqueue_cpu=1 qlen_enqueue_net=None time_in_queue=0.000
[Task 189] Task eseguito su STARLINK-2160 56.30745637442136 degrees | CPU=3769.9049J, NET=0.0000J, TOTAL=3769.9049J, Remaining=46600.44J
[102.011] Task 189 served on STARLINK-2160 qlen_enqueue_cpu=1 qlen_enqueue_net=None time_in_queue=0.000
[MODE: BIDIRECTIONAL]
[190][GREEDY] CONSEGNATO! STARLINK-32654 -> OBS | Tramission-time: 2.3083381300884576e-11
[189][GREEDY] STARLINK-2160 -> STARLINK-11403 [DTC] | Tramission-time: 0.0017425771747454034
[189] Energy routing consumed by STARLINK-2160: 0.000000 J (remaining 46600.44)
[MODE: BIDIRECTIONAL]
[189][GREEDY] CONSEGNATO! STARLINK-11403 [DTC] -> OBS | Tramission-time: 1.45711118154643e-11
---> Task 191 (Type: CPU_Intensive) arriva in 102.41
--- [102.41] Task 191 using SearchNode Policy: v1_heuristic ---
[191] Filtro euristico: DTS-TMAX
[102.41] [Task 191] Routed STARLINK-31220 -> STARLINK-1068 | E_NET=0.000020 J | Remaining=71840.47 J
[102.410] Task 191 enqueued on CPU STARLINK-1068 qlen_enqueue=1
[Task 191] Task eseguito su STARLINK-1068 44.93341573409418 degrees | CPU=1115.2801J, NET=0.0000J, TOTAL=1115.2801J, Remaining=48796.21J
[102.435] Task 191 served on STARLINK-1068 qlen_enqueue_cpu=1 qlen_enqueue_net=None time_in_queue=0.000
[191][GREEDY] STARLINK-1068 -> STARLINK-11403 [DTC] | Tramission-time: 0.0017416160852350253
[191] Energy routing consumed by STARLINK-1068: 0.000000 J (remaining 48796.21)
[MODE: BIDIRECTIONAL]
[191][GREEDY] CONSEGNATO! STARLINK-11403 [DTC] -> OBS | Tramission-time: 2.5779966324090392e-11
---> Task 192 (Type: CPU_and_Data_Intensive) arriva in 102.76
--- [102.76] Task 192 using SearchNode Policy: v1_heuristic ---
[192] Filtro euristico: DTS-TMAX
[102.76] [Task 192] Routed STARLINK-31220 -> STARLINK-34909 | E_NET=0.059273 J | Remaining=71840.41 J
[102.820] Task 192 enqueued on CPU STARLINK-34909 qlen_enqueue=1
---> Task 193 (Type: CPU_and_Data_Intensive) arriva in 102.84
--- [102.84] Task 193 using SearchNode Policy: v1_heuristic ---
[193] Filtro euristico: DTS-TMAX
[102.84] [Task 193] Routed STARLINK-31220 -> STARLINK-32654 | E_NET=0.005512 J | Remaining=71840.41 J
[Task 193] REJECTED on STARLINK-32654 due to: Insufficient Energy for CPU+NET
[103.255] Task 192 enqueued on NET STARLINK-34909 qlen_enqueue_net=1
[Task 192] Task eseguito su STARLINK-34909 46.39525683979624 degrees | CPU=20729.1677J, NET=0.0762J, TOTAL=20729.2439J, Remaining=29066.12J
[103.331] Task 192 served on STARLINK-34909 qlen_enqueue_cpu=1 qlen_enqueue_net=1 time_in_queue=0.000
[192][GREEDY] STARLINK-34909 -> STARLINK-31220 | Tramission-time: 0.0017633891302434358
[192] Energy routing consumed by STARLINK-34909: 0.000000 J (remaining 29066.12)
---> Task 194 (Type: CPU_Intensive) arriva in 103.43
--- [103.43] Task 194 using SearchNode Policy: v1_heuristic ---
[194] Filtro euristico: DTS-TMAX
[103.43] [Task 194] Routed STARLINK-31220 -> STARLINK-32654 | E_NET=0.000017 J | Remaining=71840.41 J
[103.435] Task 194 enqueued on CPU STARLINK-32654 qlen_enqueue=1
[Task 194] Task eseguito su STARLINK-32654 57.98009986803253 degrees | CPU=2626.4312J, NET=0.0000J, TOTAL=2626.4312J, Remaining=46665.31J
[103.492] Task 194 served on STARLINK-32654 qlen_enqueue_cpu=1 qlen_enqueue_net=None time_in_queue=0.000
[MODE: BIDIRECTIONAL]
[194][GREEDY] CONSEGNATO! STARLINK-32654 -> OBS | Tramission-time: 1.4411750427386894e-11
[MODE: BIDIRECTIONAL]
[192][GREEDY] CONSEGNATO! STARLINK-31220 -> OBS | Tramission-time: 6.329449981939092e-08
---> Task 195 (Type: CPU_Intensive) arriva in 103.56
--- [103.56] Task 195 using SearchNode Policy: v1_heuristic ---
[195] Filtro euristico: DTS-TMAX
[103.56] [Task 195] Routed STARLINK-31220 -> STARLINK-1826 | E_NET=0.000013 J | Remaining=71840.41 J
[103.562] Task 195 enqueued on CPU STARLINK-1826 qlen_enqueue=1
[Task 195] Task eseguito su STARLINK-1826 50.34189104633086 degrees | CPU=3177.6961J, NET=0.0000J, TOTAL=3177.6961J, Remaining=46100.11J
[103.629] Task 195 served on STARLINK-1826 qlen_enqueue_cpu=1 qlen_enqueue_net=None time_in_queue=0.000
[195][GREEDY] STARLINK-1826 -> STARLINK-11403 [DTC] | Tramission-time: 0.0017364255641589888
[195] Energy routing consumed by STARLINK-1826: 0.000000 J (remaining 46100.11)
[MODE: BIDIRECTIONAL]
[195][GREEDY] CONSEGNATO! STARLINK-11403 [DTC] -> OBS | Tramission-time: 1.0639668107989123e-11
---> Task 196 (Type: CPU_and_Data_Intensive) arriva in 103.85
--- [103.85] Task 196 using SearchNode Policy: v1_heuristic ---
[196] Filtro euristico: DTS-TMAX
[Task 196] Nessun server rimasto dopo i filtri (deadline/sunset).
[Task 196] REJECTED on STARLINK-31220 due to: No suitable server found after deadline/sunset filters
---> Task 197 (Type: CPU_and_Data_Intensive) arriva in 103.88
--- [103.88] Task 197 using SearchNode Policy: v1_heuristic ---
[197] Filtro euristico: DTS-TMAX
[103.88] [Task 197] Routed STARLINK-31220 -> STARLINK-1068 | E_NET=0.000159 J | Remaining=71840.41 J
[103.878] Task 197 enqueued on CPU STARLINK-1068 qlen_enqueue=1
----------------------------------------------------------------------
	||TIME IN SIMULATION : (seconds:104) (minutes: 1) ||

MODIFICA CONFIGURAZIONE IN CORSO...

Aggiornato il Tempo Globale:  2025-11-20 20:56:58
[104.051] Task 197 enqueued on NET STARLINK-1068 qlen_enqueue_net=1
[Task 197] Task eseguito su STARLINK-1068 44.516635745279444 degrees | CPU=8222.8350J, NET=0.0002J, TOTAL=8222.8353J, Remaining=40573.37J
[104.051] Task 197 served on STARLINK-1068 qlen_enqueue_cpu=1 qlen_enqueue_net=1 time_in_queue=0.000
---> Task 198 (Type: CPU_Intensive) arriva in 104.06
--- [104.06] Task 198 using SearchNode Policy: v1_heuristic ---
[198] Filtro euristico: DTS-TMAX
[104.06] [Task 198] Routed STARLINK-31220 -> STARLINK-4472 | E_NET=0.000012 J | Remaining=71840.41 J
[104.060] Task 198 enqueued on CPU STARLINK-4472 qlen_enqueue=1
[197][GREEDY] STARLINK-1068 -> STARLINK-11403 [DTC] | Tramission-time: 0.0017578660692879888
[197] Energy routing consumed by STARLINK-1068: 0.000000 J (remaining 40573.37)
[Task 198] Task eseguito su STARLINK-4472 40.10921150109378 degrees | CPU=3982.0342J, NET=0.0000J, TOTAL=3982.0342J, Remaining=76017.97J
[104.145] Task 198 served on STARLINK-4472 qlen_enqueue_cpu=1 qlen_enqueue_net=None time_in_queue=0.000
[MODE: BIDIRECTIONAL]
[197][GREEDY] CONSEGNATO! STARLINK-11403 [DTC] -> OBS | Tramission-time: 1.675966722255828e-10
[198][GREEDY] STARLINK-4472 -> STARLINK-11403 [DTC] | Tramission-time: 0.0017927047517067793
[198] Energy routing consumed by STARLINK-4472: 0.000000 J (remaining 76017.97)
---> Task 199 (Type: CPU_and_Data_Intensive) arriva in 104.28
--- [104.28] Task 199 using SearchNode Policy: v1_heuristic ---
[199] Filtro euristico: DTS-TMAX
[104.28] [Task 199] Routed STARLINK-31220 -> STARLINK-30900 | E_NET=0.006057 J | Remaining=71840.40 J
[104.293] Task 199 enqueued on CPU STARLINK-30900 qlen_enqueue=1
[MODE: BIDIRECTIONAL]
[198][GREEDY] CONSEGNATO! STARLINK-11403 [DTC] -> OBS | Tramission-time: 1.399102149093996e-11
---> Task 200 (Type: Generic_Service) arriva in 104.99
--- [104.99] Task 200 using SearchNode Policy: v1_heuristic ---
[200] Filtro euristico: DTS-TMAX
[104.99] [Task 200] Routed STARLINK-31220 -> STARLINK-4472 | E_NET=0.000023 J | Remaining=71840.40 J
[104.997] Task 200 enqueued on CPU STARLINK-4472 qlen_enqueue=1
[Task 200] Task eseguito su STARLINK-4472 40.10921150109378 degrees | CPU=1885.1458J, NET=0.0000J, TOTAL=1885.1458J, Remaining=74132.82J
[105.038] Task 200 served on STARLINK-4472 qlen_enqueue_cpu=1 qlen_enqueue_net=None time_in_queue=0.000
[105.085] Task 199 enqueued on NET STARLINK-30900 qlen_enqueue_net=1
[Task 199] Task eseguito su STARLINK-30900 40.29157858346366 degrees | CPU=37743.3550J, NET=0.0067J, TOTAL=37743.3617J, Remaining=42256.64J
[105.091] Task 199 served on STARLINK-30900 qlen_enqueue_cpu=1 qlen_enqueue_net=1 time_in_queue=0.000
[200][GREEDY] STARLINK-4472 -> STARLINK-11403 [DTC] | Tramission-time: 0.0017927047694868896
[200] Energy routing consumed by STARLINK-4472: 0.000000 J (remaining 74132.82)
[199][GREEDY] STARLINK-30900 -> STARLINK-31220 | Tramission-time: 0.0021907515917562476
[199] Energy routing consumed by STARLINK-30900: 0.000000 J (remaining 42256.64)
[MODE: BIDIRECTIONAL]
[200][GREEDY] CONSEGNATO! STARLINK-11403 [DTC] -> OBS | Tramission-time: 2.9004830235489774e-11
[MODE: BIDIRECTIONAL]
[199][GREEDY] CONSEGNATO! STARLINK-31220 -> OBS | Tramission-time: 5.85915043294772e-09
---> Task 201 (Type: CPU_and_Data_Intensive) arriva in 105.39
--- [105.39] Task 201 using SearchNode Policy: v1_heuristic ---
[201] Filtro euristico: DTS-TMAX
[105.39] [Task 201] Routed STARLINK-31220 -> STARLINK-4472 | E_NET=0.000382 J | Remaining=71840.40 J
[105.397] Task 201 enqueued on CPU STARLINK-4472 qlen_enqueue=1
[105.590] Task 201 enqueued on NET STARLINK-4472 qlen_enqueue_net=1
[Task 201] Task eseguito su STARLINK-4472 40.10921150109378 degrees | CPU=9167.3113J, NET=0.0005J, TOTAL=9167.3118J, Remaining=64965.51J
[105.590] Task 201 served on STARLINK-4472 qlen_enqueue_cpu=1 qlen_enqueue_net=1 time_in_queue=0.000
[201][GREEDY] STARLINK-4472 -> STARLINK-11403 [DTC] | Tramission-time: 0.0017927052006243044
[201] Energy routing consumed by STARLINK-4472: 0.000000 J (remaining 64965.51)
[MODE: BIDIRECTIONAL]
[201][GREEDY] CONSEGNATO! STARLINK-11403 [DTC] -> OBS | Tramission-time: 3.7198593239210034e-10
---> Task 202 (Type: CPU_Intensive) arriva in 105.98
--- [105.98] Task 202 using SearchNode Policy: v1_heuristic ---
[202] Filtro euristico: DTS-TMAX
[105.98] [Task 202] Routed STARLINK-31220 -> STARLINK-32654 | E_NET=0.000022 J | Remaining=71840.40 J
[105.984] Task 202 enqueued on CPU STARLINK-32654 qlen_enqueue=1
[Task 202] Task eseguito su STARLINK-32654 57.598199648921 degrees | CPU=649.5531J, NET=0.0000J, TOTAL=649.5532J, Remaining=46015.75J
[106.000] Task 202 served on STARLINK-32654 qlen_enqueue_cpu=1 qlen_enqueue_net=None time_in_queue=0.000
----------------------------------------------------------------------
	||TIME IN SIMULATION : (seconds:106) (minutes: 1) ||

MODIFICA CONFIGURAZIONE IN CORSO...

Aggiornato il Tempo Globale:  2025-11-20 20:57:00
[MODE: BIDIRECTIONAL]
[202][GREEDY] CONSEGNATO! STARLINK-32654 -> OBS | Tramission-time: 2.0904030131871253e-11
---> Task 203 (Type: Generic_Service) arriva in 106.36
--- [106.36] Task 203 using SearchNode Policy: v1_heuristic ---
[203] Filtro euristico: DTS-TMAX
[106.36] [Task 203] Routed STARLINK-31220 -> STARLINK-4472 | E_NET=0.000006 J | Remaining=71840.40 J
[106.358] Task 203 enqueued on CPU STARLINK-4472 qlen_enqueue=1
[Task 203] Task eseguito su STARLINK-4472 40.77043894392385 degrees | CPU=1749.9129J, NET=0.0000J, TOTAL=1749.9129J, Remaining=63215.60J
[106.395] Task 203 served on STARLINK-4472 qlen_enqueue_cpu=1 qlen_enqueue_net=None time_in_queue=0.000
[203][GREEDY] STARLINK-4472 -> STARLINK-11403 [DTC] | Tramission-time: 0.0017201712692013983
[203] Energy routing consumed by STARLINK-4472: 0.000000 J (remaining 63215.60)
[MODE: BIDIRECTIONAL]
[203][GREEDY] CONSEGNATO! STARLINK-11403 [DTC] -> OBS | Tramission-time: 6.344394911032484e-12
---> Task 204 (Type: CPU_Intensive) arriva in 106.82
--- [106.82] Task 204 using SearchNode Policy: v1_heuristic ---
[204] Filtro euristico: DTS-TMAX
[106.82] [Task 204] Routed STARLINK-31220 -> STARLINK-4472 | E_NET=0.000027 J | Remaining=71840.40 J
---> Task 205 (Type: CPU_Intensive) arriva in 106.82
--- [106.82] Task 205 using SearchNode Policy: v1_heuristic ---
[205] Filtro euristico: DTS-TMAX
[106.82] [Task 205] Routed STARLINK-31220 -> STARLINK-4472 | E_NET=0.000010 J | Remaining=71840.40 J
[106.822] Task 204 enqueued on CPU STARLINK-4472 qlen_enqueue=1
[Task 205] REJECTED on STARLINK-4472 due to: Deadline Exceeded
[Task 204] Task eseguito su STARLINK-4472 40.77043894392385 degrees | CPU=33832.5187J, NET=0.0000J, TOTAL=33832.5188J, Remaining=29383.08J
[107.534] Task 204 served on STARLINK-4472 qlen_enqueue_cpu=1 qlen_enqueue_net=None time_in_queue=0.000
[204][GREEDY] STARLINK-4472 -> STARLINK-11403 [DTC] | Tramission-time: 0.001720171294600977
[204] Energy routing consumed by STARLINK-4472: 0.000000 J (remaining 29383.08)
[MODE: BIDIRECTIONAL]
[204][GREEDY] CONSEGNATO! STARLINK-11403 [DTC] -> OBS | Tramission-time: 3.3431673072343805e-11
----------------------------------------------------------------------
	||TIME IN SIMULATION : (seconds:108) (minutes: 1) ||

MODIFICA CONFIGURAZIONE IN CORSO...

Aggiornato il Tempo Globale:  2025-11-20 20:57:02
---> Task 206 (Type: Generic_Service) arriva in 108.81
--- [108.81] Task 206 using SearchNode Policy: v1_heuristic ---
[206] Filtro euristico: DTS-TMAX
[108.81] [Task 206] Routed STARLINK-31220 -> STARLINK-2160 | E_NET=0.000013 J | Remaining=71840.40 J
[108.808] Task 206 enqueued on CPU STARLINK-2160 qlen_enqueue=1
[Task 206] Task eseguito su STARLINK-2160 58.70704046729924 degrees | CPU=769.4583J, NET=0.0000J, TOTAL=769.4583J, Remaining=45830.99J
[108.825] Task 206 served on STARLINK-2160 qlen_enqueue_cpu=1 qlen_enqueue_net=None time_in_queue=0.000
[206][GREEDY] STARLINK-2160 -> STARLINK-11403 [DTC] | Tramission-time: 0.0017684335090357873
[206] Energy routing consumed by STARLINK-2160: 0.000000 J (remaining 45830.99)
[MODE: BIDIRECTIONAL]
[206][GREEDY] CONSEGNATO! STARLINK-11403 [DTC] -> OBS | Tramission-time: 1.3661891244295573e-11
---> Task 207 (Type: Generic_Service) arriva in 109.07
--- [109.07] Task 207 using SearchNode Policy: v1_heuristic ---
[207] Filtro euristico: DTS-TMAX
[109.07] [Task 207] Routed STARLINK-31220 -> STARLINK-1826 | E_NET=0.000021 J | Remaining=71840.40 J
[109.072] Task 207 enqueued on CPU STARLINK-1826 qlen_enqueue=1
[Task 207] Task eseguito su STARLINK-1826 53.14350692369952 degrees | CPU=3245.2402J, NET=0.0000J, TOTAL=3245.2402J, Remaining=42854.87J
[109.142] Task 207 served on STARLINK-1826 qlen_enqueue_cpu=1 qlen_enqueue_net=None time_in_queue=0.000
[MODE: BIDIRECTIONAL]
[207][GREEDY] CONSEGNATO! STARLINK-1826 -> OBS | Tramission-time: 2.045065560164204e-11
---> Task 208 (Type: CPU_and_Data_Intensive) arriva in 109.84
--- [109.84] Task 208 using SearchNode Policy: v1_heuristic ---
[208] Filtro euristico: DTS-TMAX
[109.84] [Task 208] Routed STARLINK-31220 -> STARLINK-32654 | E_NET=0.004814 J | Remaining=71840.40 J
[109.845] Task 208 enqueued on CPU STARLINK-32654 qlen_enqueue=1
[109.947] Task 208 enqueued on NET STARLINK-32654 qlen_enqueue_net=1
[Task 208] Task eseguito su STARLINK-32654 56.676891094459535 degrees | CPU=4828.0437J, NET=0.0070J, TOTAL=4828.0507J, Remaining=41187.70J
[109.954] Task 208 served on STARLINK-32654 qlen_enqueue_cpu=1 qlen_enqueue_net=1 time_in_queue=0.000
----------------------------------------------------------------------
	||TIME IN SIMULATION : (seconds:110) (minutes: 1) ||

MODIFICA CONFIGURAZIONE IN CORSO...

Aggiornato il Tempo Globale:  2025-11-20 20:57:04
[MODE: BIDIRECTIONAL]
[208][GREEDY] CONSEGNATO! STARLINK-32654 -> OBS | Tramission-time: 6.476371909487321e-09
---> Task 209 (Type: Generic_Service) arriva in 110.66
--- [110.66] Task 209 using SearchNode Policy: v1_heuristic ---
[209] Filtro euristico: DTS-TMAX
[110.66] [Task 209] Routed STARLINK-31220 -> STARLINK-3897 | E_NET=0.000027 J | Remaining=71840.40 J
[110.658] Task 209 enqueued on CPU STARLINK-3897 qlen_enqueue=1
[Task 209] Task eseguito su STARLINK-3897 40.14452424104098 degrees | CPU=1353.0534J, NET=0.0000J, TOTAL=1353.0535J, Remaining=78646.95J
[110.689] Task 209 served on STARLINK-3897 qlen_enqueue_cpu=1 qlen_enqueue_net=None time_in_queue=0.000
[209][GREEDY] STARLINK-3897 -> STARLINK-11403 [DTC] | Tramission-time: 0.002143853838927603
[209] Energy routing consumed by STARLINK-3897: 0.000000 J (remaining 78646.95)
[MODE: BIDIRECTIONAL]
[209][GREEDY] CONSEGNATO! STARLINK-11403 [DTC] -> OBS | Tramission-time: 2.7536081968261645e-11
---> Task 210 (Type: CPU_and_Data_Intensive) arriva in 111.28
--- [111.28] Task 210 using SearchNode Policy: v1_heuristic ---
[210] Filtro euristico: DTS-TMAX
[111.28] [Task 210] Routed STARLINK-31220 -> STARLINK-3897 | E_NET=0.001914 J | Remaining=71840.39 J
[111.287] Task 210 enqueued on CPU STARLINK-3897 qlen_enqueue=1
[111.666] Task 210 enqueued on NET STARLINK-3897 qlen_enqueue_net=1
[Task 210] Task eseguito su STARLINK-3897 40.14452424104098 degrees | CPU=18065.4134J, NET=0.0027J, TOTAL=18065.4161J, Remaining=60581.53J
[111.669] Task 210 served on STARLINK-3897 qlen_enqueue_cpu=1 qlen_enqueue_net=1 time_in_queue=0.000
---> Task 211 (Type: CPU_and_Data_Intensive) arriva in 111.72
--- [111.72] Task 211 using SearchNode Policy: v1_heuristic ---
[211] Filtro euristico: DTS-TMAX
[111.72] [Task 211] Routed STARLINK-31220 -> STARLINK-3897 | E_NET=0.003592 J | Remaining=71840.39 J
[111.723] Task 211 enqueued on CPU STARLINK-3897 qlen_enqueue=1
[210][GREEDY] STARLINK-3897 -> STARLINK-11403 [DTC] | Tramission-time: 0.002143856270239312
[210] Energy routing consumed by STARLINK-3897: 0.000000 J (remaining 60581.53)
[111.818] Task 211 enqueued on NET STARLINK-3897 qlen_enqueue_net=1
[Task 211] Task eseguito su STARLINK-3897 40.14452424104098 degrees | CPU=4529.9232J, NET=0.0051J, TOTAL=4529.9284J, Remaining=56051.60J
[111.824] Task 211 served on STARLINK-3897 qlen_enqueue_cpu=1 qlen_enqueue_net=1 time_in_queue=0.000
[MODE: BIDIRECTIONAL]
[210][GREEDY] CONSEGNATO! STARLINK-11403 [DTC] -> OBS | Tramission-time: 2.216956853925647e-09
[211][GREEDY] STARLINK-3897 -> STARLINK-11403 [DTC] | Tramission-time: 0.0021438578596452893
[211] Energy routing consumed by STARLINK-3897: 0.000000 J (remaining 56051.60)
---> Task 212 (Type: CPU_Intensive) arriva in 111.91
--- [111.91] Task 212 using SearchNode Policy: v1_heuristic ---
[212] Filtro euristico: DTS-TMAX
[111.91] [Task 212] Routed STARLINK-31220 -> STARLINK-3897 | E_NET=0.000007 J | Remaining=71840.39 J
[111.909] Task 212 enqueued on CPU STARLINK-3897 qlen_enqueue=1
[MODE: BIDIRECTIONAL]
[211][GREEDY] CONSEGNATO! STARLINK-11403 [DTC] -> OBS | Tramission-time: 3.6513671481216175e-09
----------------------------------------------------------------------
	||TIME IN SIMULATION : (seconds:112) (minutes: 1) ||

MODIFICA CONFIGURAZIONE IN CORSO...

Aggiornato il Tempo Globale:  2025-11-20 20:57:06
[Task 212] Task eseguito su STARLINK-3897 40.678335541017766 degrees | CPU=29260.5145J, NET=0.0000J, TOTAL=29260.5145J, Remaining=26791.09J
[112.523] Task 212 served on STARLINK-3897 qlen_enqueue_cpu=1 qlen_enqueue_net=None time_in_queue=0.000
[212][GREEDY] STARLINK-3897 -> STARLINK-11403 [DTC] | Tramission-time: 0.0021210316479594164
[212] Energy routing consumed by STARLINK-3897: 0.000000 J (remaining 26791.09)
[MODE: BIDIRECTIONAL]
[212][GREEDY] CONSEGNATO! STARLINK-11403 [DTC] -> OBS | Tramission-time: 7.123248157650186e-12
---> Task 213 (Type: Generic_Service) arriva in 113.93
--- [113.93] Task 213 using SearchNode Policy: v1_heuristic ---
[213] Filtro euristico: DTS-TMAX
[113.93] [Task 213] Routed STARLINK-31220 -> STARLINK-31207 | E_NET=0.000027 J | Remaining=71840.39 J
[113.936] Task 213 enqueued on CPU STARLINK-31207 qlen_enqueue=1
----------------------------------------------------------------------
	||TIME IN SIMULATION : (seconds:114) (minutes: 1) ||

MODIFICA CONFIGURAZIONE IN CORSO...

Aggiornato il Tempo Globale:  2025-11-20 20:57:08
[Task 213] Task eseguito su STARLINK-31207 41.17575203194566 degrees | CPU=7121.3795J, NET=0.0000J, TOTAL=7121.3795J, Remaining=72878.62J
[114.088] Task 213 served on STARLINK-31207 qlen_enqueue_cpu=1 qlen_enqueue_net=None time_in_queue=0.000
[213][GREEDY] STARLINK-31207 -> STARLINK-31220 | Tramission-time: 0.002114549704259727
[213] Energy routing consumed by STARLINK-31207: 0.000000 J (remaining 72878.62)
[MODE: BIDIRECTIONAL]
[213][GREEDY] CONSEGNATO! STARLINK-31220 -> OBS | Tramission-time: 2.4028565066157933e-11
---> Task 214 (Type: CPU_Intensive) arriva in 114.39
--- [114.39] Task 214 using SearchNode Policy: v1_heuristic ---
[214] Filtro euristico: DTS-TMAX
[114.39] [Task 214] Routed STARLINK-31220 -> STARLINK-31207 | E_NET=0.000025 J | Remaining=71840.39 J
[114.390] Task 214 enqueued on CPU STARLINK-31207 qlen_enqueue=1
---> Task 215 (Type: CPU_Intensive) arriva in 114.78
--- [114.78] Task 215 using SearchNode Policy: v1_heuristic ---
[215] Filtro euristico: DTS-TMAX
[114.78] [Task 215] Routed STARLINK-31220 -> STARLINK-2160 | E_NET=0.000016 J | Remaining=71840.39 J
[114.785] Task 215 enqueued on CPU STARLINK-2160 qlen_enqueue=1
[Task 214] Task eseguito su STARLINK-31207 41.17575203194566 degrees | CPU=25178.8366J, NET=0.0000J, TOTAL=25178.8366J, Remaining=47699.78J
[114.920] Task 214 served on STARLINK-31207 qlen_enqueue_cpu=1 qlen_enqueue_net=None time_in_queue=0.000
[Task 215] Task eseguito su STARLINK-2160 60.95352365586985 degrees | CPU=7349.6781J, NET=0.0000J, TOTAL=7349.6781J, Remaining=38481.31J
[114.940] Task 215 served on STARLINK-2160 qlen_enqueue_cpu=1 qlen_enqueue_net=None time_in_queue=0.000
[215][GREEDY] STARLINK-2160 -> STARLINK-11403 [DTC] | Tramission-time: 0.001796080955866432
[215] Energy routing consumed by STARLINK-2160: 0.000000 J (remaining 38481.31)
[214][GREEDY] STARLINK-31207 -> STARLINK-31220 | Tramission-time: 0.0021145496980935
[214] Energy routing consumed by STARLINK-31207: 0.000000 J (remaining 47699.78)
---> Task 216 (Type: CPU_Intensive) arriva in 115.03
--- [115.03] Task 216 using SearchNode Policy: v1_heuristic ---
[216] Filtro euristico: DTS-TMAX
[115.03] [Task 216] Routed STARLINK-31220 -> STARLINK-31207 | E_NET=0.000022 J | Remaining=71840.39 J
[115.029] Task 216 enqueued on CPU STARLINK-31207 qlen_enqueue=1
[MODE: BIDIRECTIONAL]
[215][GREEDY] CONSEGNATO! STARLINK-11403 [DTC] -> OBS | Tramission-time: 1.2525364940793219e-11
[MODE: BIDIRECTIONAL]
[214][GREEDY] CONSEGNATO! STARLINK-31220 -> OBS | Tramission-time: 2.2486464500060978e-11
[Task 216] Task eseguito su STARLINK-31207 41.17575203194566 degrees | CPU=9878.9274J, NET=0.0000J, TOTAL=9878.9274J, Remaining=37820.86J
[115.238] Task 216 served on STARLINK-31207 qlen_enqueue_cpu=1 qlen_enqueue_net=None time_in_queue=0.000
[216][GREEDY] STARLINK-31207 -> STARLINK-31220 | Tramission-time: 0.002114549695596702
[216] Energy routing consumed by STARLINK-31207: 0.000000 J (remaining 37820.86)
[MODE: BIDIRECTIONAL]
[216][GREEDY] CONSEGNATO! STARLINK-31220 -> OBS | Tramission-time: 1.945874792036139e-11
---> Task 217 (Type: Generic_Service) arriva in 115.48
--- [115.48] Task 217 using SearchNode Policy: v1_heuristic ---
[217] Filtro euristico: DTS-TMAX
[115.48] [Task 217] Routed STARLINK-31220 -> STARLINK-4525 | E_NET=0.000013 J | Remaining=71840.39 J
[115.476] Task 217 enqueued on CPU STARLINK-4525 qlen_enqueue=1
[Task 217] Task eseguito su STARLINK-4525 66.30376137963196 degrees | CPU=286.9204J, NET=0.0000J, TOTAL=286.9205J, Remaining=36928.81J
[115.483] Task 217 served on STARLINK-4525 qlen_enqueue_cpu=1 qlen_enqueue_net=None time_in_queue=0.000
---> Task 218 (Type: CPU_Intensive) arriva in 115.51
--- [115.51] Task 218 using SearchNode Policy: v1_heuristic ---
[218] Filtro euristico: DTS-TMAX
[115.51] [Task 218] Routed STARLINK-31220 -> STARLINK-35269 | E_NET=0.000022 J | Remaining=71840.39 J
[115.514] Task 218 enqueued on CPU STARLINK-35269 qlen_enqueue=1
---> Task 219 (Type: Generic_Service) arriva in 115.55
--- [115.55] Task 219 using SearchNode Policy: v1_heuristic ---
[219] Filtro euristico: DTS-TMAX
[115.55] [Task 219] Routed STARLINK-31220 -> STARLINK-1826 | E_NET=0.000006 J | Remaining=71840.39 J
[115.553] Task 219 enqueued on CPU STARLINK-1826 qlen_enqueue=1
[217][GREEDY] STARLINK-4525 -> STARLINK-11403 [DTC] | Tramission-time: 0.0006232850362039942
[217] Energy routing consumed by STARLINK-4525: 0.000000 J (remaining 36928.81)
[Task 219] Task eseguito su STARLINK-1826 55.9226526094415 degrees | CPU=1294.2755J, NET=0.0000J, TOTAL=1294.2755J, Remaining=41560.60J
[115.581] Task 219 served on STARLINK-1826 qlen_enqueue_cpu=1 qlen_enqueue_net=None time_in_queue=0.000
---> Task 220 (Type: Generic_Service) arriva in 115.64
--- [115.64] Task 220 using SearchNode Policy: v1_heuristic ---
[220] Filtro euristico: DTS-TMAX
[115.64] [Task 220] Routed STARLINK-31220 -> STARLINK-30900 | E_NET=0.000029 J | Remaining=71840.39 J
[115.638] Task 220 enqueued on CPU STARLINK-30900 qlen_enqueue=1
[MODE: BIDIRECTIONAL]
[217][GREEDY] CONSEGNATO! STARLINK-11403 [DTC] -> OBS | Tramission-time: 1.5667161918176582e-11
[MODE: BIDIRECTIONAL]
[219][GREEDY] CONSEGNATO! STARLINK-1826 -> OBS | Tramission-time: 4.789022453607294e-12
[Task 220] Task eseguito su STARLINK-30900 44.00793065160976 degrees | CPU=1386.4265J, NET=0.0000J, TOTAL=1386.4265J, Remaining=40870.21J
[115.669] Task 220 served on STARLINK-30900 qlen_enqueue_cpu=1 qlen_enqueue_net=None time_in_queue=0.000
---> Task 221 (Type: Generic_Service) arriva in 115.70
--- [115.70] Task 221 using SearchNode Policy: v1_heuristic ---
[221] Filtro euristico: DTS-TMAX
[Task 221] Nessun server rimasto dopo i filtri (deadline/sunset).
[Task 221] REJECTED on STARLINK-31220 due to: No suitable server found after deadline/sunset filters
[220][GREEDY] STARLINK-30900 -> STARLINK-31220 | Tramission-time: 0.0021963900578413696
[220] Energy routing consumed by STARLINK-30900: 0.000000 J (remaining 40870.21)
[Task 218] Task eseguito su STARLINK-35269 50.59883500127784 degrees | CPU=16031.0665J, NET=0.0000J, TOTAL=16031.0666J, Remaining=27431.75J
[115.852] Task 218 served on STARLINK-35269 qlen_enqueue_cpu=1 qlen_enqueue_net=None time_in_queue=0.000
[MODE: BIDIRECTIONAL]
[220][GREEDY] CONSEGNATO! STARLINK-31220 -> OBS | Tramission-time: 2.7103845026101744e-11
[218][GREEDY] STARLINK-35269 -> STARLINK-11403 [DTC] | Tramission-time: 0.0020049241281611613
[218] Energy routing consumed by STARLINK-35269: 0.000000 J (remaining 27431.75)
[MODE: BIDIRECTIONAL]
[218][GREEDY] CONSEGNATO! STARLINK-11403 [DTC] -> OBS | Tramission-time: 1.92809654442831e-11
----------------------------------------------------------------------
	||TIME IN SIMULATION : (seconds:116) (minutes: 1) ||

MODIFICA CONFIGURAZIONE IN CORSO...

Aggiornato il Tempo Globale:  2025-11-20 20:57:10
---> Task 222 (Type: CPU_and_Data_Intensive) arriva in 116.10
--- [116.10] Task 222 using SearchNode Policy: v1_heuristic ---
[222] Filtro euristico: DTS-TMAX
[Task 222] Nessun server rimasto dopo i filtri (deadline/sunset).
[Task 222] REJECTED on STARLINK-31220 due to: No suitable server found after deadline/sunset filters
---> Task 223 (Type: CPU_and_Data_Intensive) arriva in 116.18
--- [116.18] Task 223 using SearchNode Policy: v1_heuristic ---
[223] Filtro euristico: DTS-TMAX
[116.18] [Task 223] Routed STARLINK-31220 -> STARLINK-31249 | E_NET=0.000867 J | Remaining=71840.39 J
[116.185] Task 223 enqueued on CPU STARLINK-31249 qlen_enqueue=1
---> Task 224 (Type: Generic_Service) arriva in 116.30
--- [116.30] Task 224 using SearchNode Policy: v1_heuristic ---
[224] Filtro euristico: DTS-TMAX
[116.30] [Task 224] Routed STARLINK-31220 -> STARLINK-30223 | E_NET=0.000010 J | Remaining=71840.39 J
[116.298] Task 224 enqueued on CPU STARLINK-30223 qlen_enqueue=1
[Task 224] Task eseguito su STARLINK-30223 83.59950667266902 degrees | CPU=326.1347J, NET=0.0000J, TOTAL=326.1347J, Remaining=40929.97J
[116.306] Task 224 served on STARLINK-30223 qlen_enqueue_cpu=1 qlen_enqueue_net=None time_in_queue=0.000
[MODE: BIDIRECTIONAL]
[224][GREEDY] CONSEGNATO! STARLINK-30223 -> OBS | Tramission-time: 9.6392036442025e-12
[116.414] Task 223 enqueued on NET STARLINK-31249 qlen_enqueue_net=1
[Task 223] Task eseguito su STARLINK-31249 40.04498387011788 degrees | CPU=10956.8635J, NET=0.0010J, TOTAL=10956.8645J, Remaining=69043.14J
[116.415] Task 223 served on STARLINK-31249 qlen_enqueue_cpu=1 qlen_enqueue_net=1 time_in_queue=0.000
[223][GREEDY] STARLINK-31249 -> STARLINK-31220 | Tramission-time: 0.0019983072425393566
[223] Energy routing consumed by STARLINK-31249: 0.000000 J (remaining 69043.14)
[MODE: BIDIRECTIONAL]
[223][GREEDY] CONSEGNATO! STARLINK-31220 -> OBS | Tramission-time: 6.591703904535572e-10
---> Task 225 (Type: CPU_and_Data_Intensive) arriva in 117.48
--- [117.48] Task 225 using SearchNode Policy: v1_heuristic ---
[225] Filtro euristico: DTS-TMAX
[117.48] [Task 225] Routed STARLINK-31220 -> STARLINK-31249 | E_NET=0.003742 J | Remaining=71840.39 J
[117.483] Task 225 enqueued on CPU STARLINK-31249 qlen_enqueue=1
----------------------------------------------------------------------
	||TIME IN SIMULATION : (seconds:118) (minutes: 1) ||

MODIFICA CONFIGURAZIONE IN CORSO...

Aggiornato il Tempo Globale:  2025-11-20 20:57:12
[118.593] Task 225 enqueued on NET STARLINK-31249 qlen_enqueue_net=1
---> Task 226 (Type: CPU_Intensive) arriva in 118.60
--- [118.60] Task 226 using SearchNode Policy: v1_heuristic ---
[226] Filtro euristico: DTS-TMAX
[118.60] [Task 226] Routed STARLINK-11474 [DTC] -> STARLINK-30986 | E_NET=0.000017 J | Remaining=80000.00 J
[118.596] Task 226 enqueued on CPU STARLINK-30986 qlen_enqueue=1
[Task 225] Task eseguito su STARLINK-31249 40.7909781747464 degrees | CPU=52958.0134J, NET=0.0043J, TOTAL=52958.0177J, Remaining=16085.12J
[118.598] Task 225 served on STARLINK-31249 qlen_enqueue_cpu=1 qlen_enqueue_net=1 time_in_queue=0.000
[Task 226] Task eseguito su STARLINK-30986 43.16103764314899 degrees | CPU=761.2219J, NET=0.0000J, TOTAL=761.2219J, Remaining=79238.78J
[118.613] Task 226 served on STARLINK-30986 qlen_enqueue_cpu=1 qlen_enqueue_net=None time_in_queue=0.000
[226][GREEDY] STARLINK-30986 -> STARLINK-11474 [DTC] | Tramission-time: 0.0009063527356609305
[226] Energy routing consumed by STARLINK-30986: 0.000000 J (remaining 79238.78)
[225][GREEDY] STARLINK-31249 -> STARLINK-31220 | Tramission-time: 0.0019683887507800112
[225] Energy routing consumed by STARLINK-31249: 0.000000 J (remaining 16085.12)
[MODE: BIDIRECTIONAL]
[226][GREEDY] CONSEGNATO! STARLINK-11474 [DTC] -> OBS | Tramission-time: 1.6477809420501868e-11
[MODE: BIDIRECTIONAL]
[225][GREEDY] CONSEGNATO! STARLINK-31220 -> OBS | Tramission-time: 3.1995838741015923e-09
---> Task 227 (Type: Generic_Service) arriva in 119.37
--- [119.37] Task 227 using SearchNode Policy: v1_heuristic ---
[227] Filtro euristico: DTS-TMAX
[119.37] [Task 227] Routed STARLINK-11474 [DTC] -> STARLINK-30986 | E_NET=0.000038 J | Remaining=80000.00 J
[119.375] Task 227 enqueued on CPU STARLINK-30986 qlen_enqueue=1
---> Task 228 (Type: CPU_Intensive) arriva in 119.39
--- [119.39] Task 228 using SearchNode Policy: v1_heuristic ---
[228] Filtro euristico: DTS-TMAX
[119.39] [Task 228] Routed STARLINK-11474 [DTC] -> STARLINK-31220 | E_NET=0.000015 J | Remaining=80000.00 J
[119.397] Task 228 enqueued on CPU STARLINK-31220 qlen_enqueue=1
[Task 227] Task eseguito su STARLINK-30986 43.16103764314899 degrees | CPU=8830.5590J, NET=0.0000J, TOTAL=8830.5590J, Remaining=70408.22J
[119.562] Task 227 served on STARLINK-30986 qlen_enqueue_cpu=1 qlen_enqueue_net=None time_in_queue=0.000
[227][GREEDY] STARLINK-30986 -> STARLINK-11474 [DTC] | Tramission-time: 0.0009063527496256818
[227] Energy routing consumed by STARLINK-30986: 0.000000 J (remaining 70408.22)
[MODE: BIDIRECTIONAL]
[227][GREEDY] CONSEGNATO! STARLINK-11474 [DTC] -> OBS | Tramission-time: 3.191283679313694e-11
[Task 228] Task eseguito su STARLINK-31220 74.92522495049853 degrees | CPU=9207.0972J, NET=0.0000J, TOTAL=9207.0973J, Remaining=62633.29J
[119.591] Task 228 served on STARLINK-31220 qlen_enqueue_cpu=1 qlen_enqueue_net=None time_in_queue=0.000
[MODE: BIDIRECTIONAL]
[228][GREEDY] CONSEGNATO! STARLINK-31220 -> OBS | Tramission-time: 1.542206980516028e-11
---> Task 229 (Type: CPU_Intensive) arriva in 119.81
--- [119.81] Task 229 using SearchNode Policy: v1_heuristic ---
[229] Filtro euristico: DTS-TMAX
[119.81] [Task 229] Routed STARLINK-11474 [DTC] -> STARLINK-30986 | E_NET=0.000030 J | Remaining=80000.00 J
[119.810] Task 229 enqueued on CPU STARLINK-30986 qlen_enqueue=1
[Task 229] Task eseguito su STARLINK-30986 43.16103764314899 degrees | CPU=3520.5032J, NET=0.0000J, TOTAL=3520.5032J, Remaining=66887.72J
[119.886] Task 229 served on STARLINK-30986 qlen_enqueue_cpu=1 qlen_enqueue_net=None time_in_queue=0.000
[229][GREEDY] STARLINK-30986 -> STARLINK-11474 [DTC] | Tramission-time: 0.000906352748170687
[229] Energy routing consumed by STARLINK-30986: 0.000000 J (remaining 66887.72)
[MODE: BIDIRECTIONAL]
[229][GREEDY] CONSEGNATO! STARLINK-11474 [DTC] -> OBS | Tramission-time: 2.0684627064439343e-11
----------------------------------------------------------------------
	||TIME IN SIMULATION : (seconds:120) (minutes: 2) ||

MODIFICA CONFIGURAZIONE IN CORSO...

Aggiornato il Tempo Globale:  2025-11-20 20:57:14
---> Task 230 (Type: CPU_Intensive) arriva in 120.19
--- [120.19] Task 230 using SearchNode Policy: v1_heuristic ---
[230] Filtro euristico: DTS-TMAX
[120.19] [Task 230] Routed STARLINK-11474 [DTC] -> STARLINK-35307 | E_NET=0.000028 J | Remaining=80000.00 J
[120.194] Task 230 enqueued on CPU STARLINK-35307 qlen_enqueue=1
---> Task 231 (Type: CPU_and_Data_Intensive) arriva in 120.73
--- [120.73] Task 231 using SearchNode Policy: v1_heuristic ---
[231] Filtro euristico: DTS-TMAX
[120.73] [Task 231] Routed STARLINK-11474 [DTC] -> STARLINK-35307 | E_NET=0.008418 J | Remaining=79999.99 J
[120.737] Task 231 enqueued on CPU STARLINK-35307 qlen_enqueue=2
[Task 230] Task eseguito su STARLINK-35307 40.11571622146131 degrees | CPU=28198.0369J, NET=0.0000J, TOTAL=28198.0370J, Remaining=51801.96J
[120.787] Task 230 served on STARLINK-35307 qlen_enqueue_cpu=1 qlen_enqueue_net=None time_in_queue=0.000
[230][GREEDY] STARLINK-35307 -> STARLINK-31220 | Tramission-time: 0.002084336673872271
[230] Energy routing consumed by STARLINK-35307: 0.000000 J (remaining 51801.96)
[MODE: BIDIRECTIONAL]
[230][GREEDY] CONSEGNATO! STARLINK-31220 -> OBS | Tramission-time: 2.2191563556710838e-11
[121.569] Task 231 enqueued on NET STARLINK-35307 qlen_enqueue_net=1
[Task 231] Task eseguito su STARLINK-35307 40.11571622146131 degrees | CPU=39669.4596J, NET=0.0099J, TOTAL=39669.4695J, Remaining=12132.49J
[121.579] Task 231 served on STARLINK-35307 qlen_enqueue_cpu=2 qlen_enqueue_net=1 time_in_queue=0.000
[231][GREEDY] STARLINK-35307 -> STARLINK-31220 | Tramission-time: 0.0020843444762808317
[231] Energy routing consumed by STARLINK-35307: 0.000000 J (remaining 12132.49)
[MODE: BIDIRECTIONAL]
[231][GREEDY] CONSEGNATO! STARLINK-31220 -> OBS | Tramission-time: 7.73370717626819e-09
----------------------------------------------------------------------
	||TIME IN SIMULATION : (seconds:122) (minutes: 2) ||

MODIFICA CONFIGURAZIONE IN CORSO...

Aggiornato il Tempo Globale:  2025-11-20 20:57:16
---> Task 232 (Type: Generic_Service) arriva in 122.49
--- [122.49] Task 232 using SearchNode Policy: v1_heuristic ---
[232] Filtro euristico: DTS-TMAX
[122.49] [Task 232] Routed STARLINK-11474 [DTC] -> STARLINK-31763 | E_NET=0.000014 J | Remaining=79999.99 J
[122.489] Task 232 enqueued on CPU STARLINK-31763 qlen_enqueue=1
[Task 232] Task eseguito su STARLINK-31763 40.65684632458929 degrees | CPU=2757.8930J, NET=0.0000J, TOTAL=2757.8930J, Remaining=77242.11J
[122.548] Task 232 served on STARLINK-31763 qlen_enqueue_cpu=1 qlen_enqueue_net=None time_in_queue=0.000
[232][GREEDY] STARLINK-31763 -> STARLINK-11474 [DTC] | Tramission-time: 0.0006957012215266919
[232] Energy routing consumed by STARLINK-31763: 0.000000 J (remaining 77242.11)
[MODE: BIDIRECTIONAL]
[232][GREEDY] CONSEGNATO! STARLINK-11474 [DTC] -> OBS | Tramission-time: 1.2450695303348843e-11
---> Task 233 (Type: Generic_Service) arriva in 123.31
--- [123.31] Task 233 using SearchNode Policy: v1_heuristic ---
[233] Filtro euristico: DTS-TMAX
[123.31] [Task 233] Routed STARLINK-11474 [DTC] -> STARLINK-31702 | E_NET=0.000010 J | Remaining=79999.99 J
[123.310] Task 233 enqueued on CPU STARLINK-31702 qlen_enqueue=1
[Task 233] Task eseguito su STARLINK-31702 40.1031512911417 degrees | CPU=2291.7109J, NET=0.0000J, TOTAL=2291.7109J, Remaining=77708.29J
[123.358] Task 233 served on STARLINK-31702 qlen_enqueue_cpu=1 qlen_enqueue_net=None time_in_queue=0.000
[233][GREEDY] STARLINK-31702 -> STARLINK-11474 [DTC] | Tramission-time: 0.0015055436690308464
[233] Energy routing consumed by STARLINK-31702: 0.000000 J (remaining 77708.29)
[MODE: BIDIRECTIONAL]
[233][GREEDY] CONSEGNATO! STARLINK-11474 [DTC] -> OBS | Tramission-time: 9.069026503419488e-12
---> Task 234 (Type: CPU_and_Data_Intensive) arriva in 123.62
--- [123.62] Task 234 using SearchNode Policy: v1_heuristic ---
[234] Filtro euristico: DTS-TMAX
[123.62] [Task 234] Routed STARLINK-11474 [DTC] -> STARLINK-31702 | E_NET=0.004677 J | Remaining=79999.99 J
[123.629] Task 234 enqueued on CPU STARLINK-31702 qlen_enqueue=1
---> Task 235 (Type: CPU_Intensive) arriva in 123.72
--- [123.72] Task 235 using SearchNode Policy: v1_heuristic ---
[235] Filtro euristico: DTS-TMAX
[123.72] [Task 235] Routed STARLINK-11474 [DTC] -> STARLINK-31763 | E_NET=0.000032 J | Remaining=79999.99 J
[123.724] Task 235 enqueued on CPU STARLINK-31763 qlen_enqueue=1
[123.866] Task 234 enqueued on NET STARLINK-31702 qlen_enqueue_net=1
[Task 234] Task eseguito su STARLINK-31702 40.1031512911417 degrees | CPU=11315.4853J, NET=0.0048J, TOTAL=11315.4901J, Remaining=66392.80J
[123.871] Task 234 served on STARLINK-31702 qlen_enqueue_cpu=1 qlen_enqueue_net=1 time_in_queue=0.000
[234][GREEDY] STARLINK-31702 -> STARLINK-11474 [DTC] | Tramission-time: 0.001505547882364123
[234] Energy routing consumed by STARLINK-31702: 0.000000 J (remaining 66392.80)
[MODE: BIDIRECTIONAL]
[234][GREEDY] CONSEGNATO! STARLINK-11474 [DTC] -> OBS | Tramission-time: 3.2130122225699408e-09
----------------------------------------------------------------------
	||TIME IN SIMULATION : (seconds:124) (minutes: 2) ||

MODIFICA CONFIGURAZIONE IN CORSO...

Aggiornato il Tempo Globale:  2025-11-20 20:57:18
---> Task 236 (Type: Generic_Service) arriva in 124.05
--- [124.05] Task 236 using SearchNode Policy: v1_heuristic ---
[236] Filtro euristico: DTS-TMAX
[124.05] [Task 236] Routed STARLINK-11474 [DTC] -> STARLINK-33947 | E_NET=0.000007 J | Remaining=79999.99 J
[124.054] Task 236 enqueued on CPU STARLINK-33947 qlen_enqueue=1
---> Task 237 (Type: Generic_Service) arriva in 124.08
--- [124.08] Task 237 using SearchNode Policy: v1_heuristic ---
[237] Filtro euristico: DTS-TMAX
[124.08] [Task 237] Routed STARLINK-11474 [DTC] -> STARLINK-30986 | E_NET=0.000016 J | Remaining=79999.99 J
[124.077] Task 237 enqueued on CPU STARLINK-30986 qlen_enqueue=1
[Task 237] Task eseguito su STARLINK-30986 45.48041659272821 degrees | CPU=1411.9548J, NET=0.0000J, TOTAL=1411.9548J, Remaining=65475.76J
[124.108] Task 237 served on STARLINK-30986 qlen_enqueue_cpu=1 qlen_enqueue_net=None time_in_queue=0.000
[Task 236] Task eseguito su STARLINK-33947 40.29632412437216 degrees | CPU=3213.1849J, NET=0.0000J, TOTAL=3213.1849J, Remaining=76786.82J
[124.122] Task 236 served on STARLINK-33947 qlen_enqueue_cpu=1 qlen_enqueue_net=None time_in_queue=0.000
[237][GREEDY] STARLINK-30986 -> STARLINK-11474 [DTC] | Tramission-time: 0.0008784400967333652
[237] Energy routing consumed by STARLINK-30986: 0.000000 J (remaining 65475.76)
[236][GREEDY] STARLINK-33947 -> STARLINK-11474 [DTC] | Tramission-time: 0.0009169381286928929
[236] Energy routing consumed by STARLINK-33947: 0.000000 J (remaining 76786.82)
[MODE: BIDIRECTIONAL]
[237][GREEDY] CONSEGNATO! STARLINK-11474 [DTC] -> OBS | Tramission-time: 2.0071766117272914e-11
[MODE: BIDIRECTIONAL]
[236][GREEDY] CONSEGNATO! STARLINK-11474 [DTC] -> OBS | Tramission-time: 7.741566730396978e-12
[Task 235] Task eseguito su STARLINK-31763 41.46061071028133 degrees | CPU=28516.7057J, NET=0.0000J, TOTAL=28516.7057J, Remaining=48725.40J
[124.325] Task 235 served on STARLINK-31763 qlen_enqueue_cpu=1 qlen_enqueue_net=None time_in_queue=0.000
---> Task 238 (Type: CPU_and_Data_Intensive) arriva in 124.37
--- [124.37] Task 238 using SearchNode Policy: v1_heuristic ---
[238] Filtro euristico: DTS-TMAX
[124.37] [Task 238] Routed STARLINK-11474 [DTC] -> STARLINK-33947 | E_NET=0.006314 J | Remaining=79999.98 J
[124.374] Task 238 enqueued on CPU STARLINK-33947 qlen_enqueue=1
[235][GREEDY] STARLINK-31763 -> STARLINK-11474 [DTC] | Tramission-time: 0.0006892453515162285
[235] Energy routing consumed by STARLINK-31763: 0.000000 J (remaining 48725.40)
[MODE: BIDIRECTIONAL]
[235][GREEDY] CONSEGNATO! STARLINK-11474 [DTC] -> OBS | Tramission-time: 2.490351772704894e-11
[124.822] Task 238 enqueued on NET STARLINK-33947 qlen_enqueue_net=1
[Task 238] Task eseguito su STARLINK-33947 40.29632412437216 degrees | CPU=21319.3246J, NET=0.0083J, TOTAL=21319.3329J, Remaining=55467.48J
[124.830] Task 238 served on STARLINK-33947 qlen_enqueue_cpu=1 qlen_enqueue_net=1 time_in_queue=0.000
[238][GREEDY] STARLINK-33947 -> STARLINK-11474 [DTC] | Tramission-time: 0.0009169450430115012
[238] Energy routing consumed by STARLINK-33947: 0.000000 J (remaining 55467.48)
[MODE: BIDIRECTIONAL]
[238][GREEDY] CONSEGNATO! STARLINK-11474 [DTC] -> OBS | Tramission-time: 5.6230864658660045e-09
---> Task 239 (Type: CPU_Intensive) arriva in 125.68
--- [125.68] Task 239 using SearchNode Policy: v1_heuristic ---
[239] Filtro euristico: DTS-TMAX
[125.68] [Task 239] Routed STARLINK-11474 [DTC] -> STARLINK-31702 | E_NET=0.000011 J | Remaining=79999.98 J
[125.685] Task 239 enqueued on CPU STARLINK-31702 qlen_enqueue=1
---> Task 240 (Type: CPU_Intensive) arriva in 125.79
--- [125.79] Task 240 using SearchNode Policy: v1_heuristic ---
[240] Filtro euristico: DTS-TMAX
[125.79] [Task 240] Routed STARLINK-11474 [DTC] -> STARLINK-30986 | E_NET=0.000027 J | Remaining=79999.98 J
[125.787] Task 240 enqueued on CPU STARLINK-30986 qlen_enqueue=1
----------------------------------------------------------------------
	||TIME IN SIMULATION : (seconds:126) (minutes: 2) ||

MODIFICA CONFIGURAZIONE IN CORSO...

Aggiornato il Tempo Globale:  2025-11-20 20:57:20
[Task 239] Task eseguito su STARLINK-31702 41.14626205760043 degrees | CPU=22970.7985J, NET=0.0000J, TOTAL=22970.7985J, Remaining=43422.00J
[126.168] Task 239 served on STARLINK-31702 qlen_enqueue_cpu=1 qlen_enqueue_net=None time_in_queue=0.000
[239][GREEDY] STARLINK-31702 -> STARLINK-11474 [DTC] | Tramission-time: 0.0014790636996398576
[239] Energy routing consumed by STARLINK-31702: 0.000000 J (remaining 43422.00)
[MODE: BIDIRECTIONAL]
[239][GREEDY] CONSEGNATO! STARLINK-11474 [DTC] -> OBS | Tramission-time: 8.894187543685809e-12
---> Task 241 (Type: CPU_and_Data_Intensive) arriva in 126.32
--- [126.32] Task 241 using SearchNode Policy: v1_heuristic ---
[241] Filtro euristico: DTS-TMAX
[Task 241] Nessun server rimasto dopo i filtri (deadline/sunset).
[Task 241] REJECTED on STARLINK-11474 [DTC] due to: No suitable server found after deadline/sunset filters
[Task 240] Task eseguito su STARLINK-30986 46.284326161680085 degrees | CPU=31623.6220J, NET=0.0000J, TOTAL=31623.6220J, Remaining=33852.14J
[126.453] Task 240 served on STARLINK-30986 qlen_enqueue_cpu=1 qlen_enqueue_net=None time_in_queue=0.000
[240][GREEDY] STARLINK-30986 -> STARLINK-11474 [DTC] | Tramission-time: 0.0008715589651697055
[240] Energy routing consumed by STARLINK-30986: 0.000000 J (remaining 33852.14)
[MODE: BIDIRECTIONAL]
[240][GREEDY] CONSEGNATO! STARLINK-11474 [DTC] -> OBS | Tramission-time: 2.558552776418824e-11
---> Task 242 (Type: Generic_Service) arriva in 126.79
--- [126.79] Task 242 using SearchNode Policy: v1_heuristic ---
[242] Filtro euristico: DTS-TMAX
[126.79] [Task 242] Routed STARLINK-11474 [DTC] -> STARLINK-5118 | E_NET=0.000018 J | Remaining=79999.98 J
[126.786] Task 242 enqueued on CPU STARLINK-5118 qlen_enqueue=1
[Task 242] Task eseguito su STARLINK-5118 40.02499255630823 degrees | CPU=1937.5470J, NET=0.0000J, TOTAL=1937.5471J, Remaining=78062.45J
[126.829] Task 242 served on STARLINK-5118 qlen_enqueue_cpu=1 qlen_enqueue_net=None time_in_queue=0.000
---> Task 243 (Type: Generic_Service) arriva in 126.84
--- [126.84] Task 243 using SearchNode Policy: v1_heuristic ---
[243] Filtro euristico: DTS-TMAX
[126.84] [Task 243] Routed STARLINK-11474 [DTC] -> STARLINK-5118 | E_NET=0.000013 J | Remaining=79999.98 J
[126.839] Task 243 enqueued on CPU STARLINK-5118 qlen_enqueue=1
[242][GREEDY] STARLINK-5118 -> STARLINK-11474 [DTC] | Tramission-time: 0.0012540071554670688
[242] Energy routing consumed by STARLINK-5118: 0.000000 J (remaining 78062.45)
[MODE: BIDIRECTIONAL]
[242][GREEDY] CONSEGNATO! STARLINK-11474 [DTC] -> OBS | Tramission-time: 1.9120578451480356e-11
[Task 243] Task eseguito su STARLINK-5118 40.02499255630823 degrees | CPU=3545.3197J, NET=0.0000J, TOTAL=3545.3197J, Remaining=74517.13J
[126.914] Task 243 served on STARLINK-5118 qlen_enqueue_cpu=1 qlen_enqueue_net=None time_in_queue=0.000
[243][GREEDY] STARLINK-5118 -> STARLINK-11474 [DTC] | Tramission-time: 0.001254007147703859
[243] Energy routing consumed by STARLINK-5118: 0.000000 J (remaining 74517.13)
[MODE: BIDIRECTIONAL]
[243][GREEDY] CONSEGNATO! STARLINK-11474 [DTC] -> OBS | Tramission-time: 1.4854602435249e-11
----------------------------------------------------------------------
	||TIME IN SIMULATION : (seconds:128) (minutes: 2) ||

MODIFICA CONFIGURAZIONE IN CORSO...

Aggiornato il Tempo Globale:  2025-11-20 20:57:22
---> Task 244 (Type: CPU_and_Data_Intensive) arriva in 128.66
--- [128.66] Task 244 using SearchNode Policy: v1_heuristic ---
[244] Filtro euristico: DTS-TMAX
[Task 244] Nessun server rimasto dopo i filtri (deadline/sunset).
[Task 244] REJECTED on STARLINK-11474 [DTC] due to: No suitable server found after deadline/sunset filters
---> Task 245 (Type: CPU_Intensive) arriva in 129.89
--- [129.89] Task 245 using SearchNode Policy: v1_heuristic ---
[245] Filtro euristico: DTS-TMAX
[129.89] [Task 245] Routed STARLINK-11474 [DTC] -> STARLINK-2713 | E_NET=0.000040 J | Remaining=79999.98 J
[129.895] Task 245 enqueued on CPU STARLINK-2713 qlen_enqueue=1
---> Task 246 (Type: Generic_Service) arriva in 129.97
--- [129.97] Task 246 using SearchNode Policy: v1_heuristic ---
[246] Filtro euristico: DTS-TMAX
[Task 246] Nessun server rimasto dopo i filtri (deadline/sunset).
[Task 246] REJECTED on STARLINK-11474 [DTC] due to: No suitable server found after deadline/sunset filters
----------------------------------------------------------------------
	||TIME IN SIMULATION : (seconds:130) (minutes: 2) ||

MODIFICA CONFIGURAZIONE IN CORSO...

Aggiornato il Tempo Globale:  2025-11-20 20:57:24
---> Task 247 (Type: CPU_Intensive) arriva in 130.10
--- [130.10] Task 247 using SearchNode Policy: v1_heuristic ---
[247] Filtro euristico: DTS-TMAX
[130.10] [Task 247] Routed STARLINK-11474 [DTC] -> STARLINK-2713 | E_NET=0.000034 J | Remaining=79999.98 J
[130.100] Task 247 enqueued on CPU STARLINK-2713 qlen_enqueue=2
[Task 245] Task eseguito su STARLINK-2713 40.81217533941642 degrees | CPU=12431.4568J, NET=0.0000J, TOTAL=12431.4568J, Remaining=67568.54J
[130.158] Task 245 served on STARLINK-2713 qlen_enqueue_cpu=1 qlen_enqueue_net=None time_in_queue=0.000
[245][GREEDY] STARLINK-2713 -> STARLINK-11474 [DTC] | Tramission-time: 0.0011095461636322819
[245] Energy routing consumed by STARLINK-2713: 0.000000 J (remaining 67568.54)
[MODE: BIDIRECTIONAL]
[245][GREEDY] CONSEGNATO! STARLINK-11474 [DTC] -> OBS | Tramission-time: 3.678259261013488e-11
[Task 247] Task eseguito su STARLINK-2713 40.81217533941642 degrees | CPU=20653.1302J, NET=0.0000J, TOTAL=20653.1303J, Remaining=46915.41J
[130.536] Task 247 served on STARLINK-2713 qlen_enqueue_cpu=2 qlen_enqueue_net=None time_in_queue=0.000
[247][GREEDY] STARLINK-2713 -> STARLINK-11474 [DTC] | Tramission-time: 0.0011095461591386058
[247] Energy routing consumed by STARLINK-2713: 0.000000 J (remaining 46915.41)
[MODE: BIDIRECTIONAL]
[247][GREEDY] CONSEGNATO! STARLINK-11474 [DTC] -> OBS | Tramission-time: 2.673030141915058e-11
---> Task 248 (Type: CPU_and_Data_Intensive) arriva in 130.61
--- [130.61] Task 248 using SearchNode Policy: v1_heuristic ---
[248] Filtro euristico: DTS-TMAX
[Task 248] Nessun server rimasto dopo i filtri (deadline/sunset).
[Task 248] REJECTED on STARLINK-11474 [DTC] due to: No suitable server found after deadline/sunset filters
---> Task 249 (Type: Generic_Service) arriva in 131.64
--- [131.64] Task 249 using SearchNode Policy: v1_heuristic ---
[249] Filtro euristico: DTS-TMAX
[131.64] [Task 249] Routed STARLINK-11474 [DTC] -> STARLINK-5118 | E_NET=0.000033 J | Remaining=79999.98 J
[131.645] Task 249 enqueued on CPU STARLINK-5118 qlen_enqueue=1
[Task 249] Task eseguito su STARLINK-5118 40.24449705672658 degrees | CPU=1985.1305J, NET=0.0000J, TOTAL=1985.1305J, Remaining=72532.00J
[131.689] Task 249 served on STARLINK-5118 qlen_enqueue_cpu=1 qlen_enqueue_net=None time_in_queue=0.000
[249][GREEDY] STARLINK-5118 -> STARLINK-11474 [DTC] | Tramission-time: 0.001349524714940153
[249] Energy routing consumed by STARLINK-5118: 0.000000 J (remaining 72532.00)
[MODE: BIDIRECTIONAL]
[249][GREEDY] CONSEGNATO! STARLINK-11474 [DTC] -> OBS | Tramission-time: 3.717418679679228e-11
---> Task 250 (Type: Generic_Service) arriva in 131.84
--- [131.84] Task 250 using SearchNode Policy: v1_heuristic ---
[250] Filtro euristico: DTS-TMAX
[131.84] [Task 250] Routed STARLINK-11474 [DTC] -> STARLINK-5118 | E_NET=0.000034 J | Remaining=79999.98 J
[131.842] Task 250 enqueued on CPU STARLINK-5118 qlen_enqueue=1
[Task 250] Task eseguito su STARLINK-5118 40.24449705672658 degrees | CPU=4235.8098J, NET=0.0000J, TOTAL=4235.8099J, Remaining=68296.19J
[131.934] Task 250 served on STARLINK-5118 qlen_enqueue_cpu=1 qlen_enqueue_net=None time_in_queue=0.000
[250][GREEDY] STARLINK-5118 -> STARLINK-11474 [DTC] | Tramission-time: 0.0013495247091284998
[250] Energy routing consumed by STARLINK-5118: 0.000000 J (remaining 68296.19)
[MODE: BIDIRECTIONAL]
[250][GREEDY] CONSEGNATO! STARLINK-11474 [DTC] -> OBS | Tramission-time: 3.5548697171826216e-11
----------------------------------------------------------------------
	||TIME IN SIMULATION : (seconds:132) (minutes: 2) ||

MODIFICA CONFIGURAZIONE IN CORSO...

Aggiornato il Tempo Globale:  2025-11-20 20:57:26
---> Task 251 (Type: CPU_Intensive) arriva in 132.07
--- [132.07] Task 251 using SearchNode Policy: v1_heuristic ---
[251] Filtro euristico: DTS-TMAX
[132.07] [Task 251] Routed STARLINK-11474 [DTC] -> STARLINK-5118 | E_NET=0.000020 J | Remaining=79999.98 J
[132.070] Task 251 enqueued on CPU STARLINK-5118 qlen_enqueue=1
[Task 251] Task eseguito su STARLINK-5118 40.32893513438827 degrees | CPU=1135.3864J, NET=0.0000J, TOTAL=1135.3864J, Remaining=67160.81J
[132.095] Task 251 served on STARLINK-5118 qlen_enqueue_cpu=1 qlen_enqueue_net=None time_in_queue=0.000
---> Task 252 (Type: Generic_Service) arriva in 132.13
--- [132.13] Task 252 using SearchNode Policy: v1_heuristic ---
[252] Filtro euristico: DTS-TMAX
[132.13] [Task 252] Routed STARLINK-11474 [DTC] -> STARLINK-31763 | E_NET=0.000021 J | Remaining=79999.98 J
[132.132] Task 252 enqueued on CPU STARLINK-31763 qlen_enqueue=1
[Task 252] Task eseguito su STARLINK-31763 44.86996111277333 degrees | CPU=400.0012J, NET=0.0000J, TOTAL=400.0012J, Remaining=48325.40J
[132.141] Task 252 served on STARLINK-31763 qlen_enqueue_cpu=1 qlen_enqueue_net=None time_in_queue=0.000
[251][GREEDY] STARLINK-5118 -> STARLINK-11474 [DTC] | Tramission-time: 0.001398107363525513
[251] Energy routing consumed by STARLINK-5118: 0.000000 J (remaining 67160.81)
[252][GREEDY] STARLINK-31763 -> STARLINK-11474 [DTC] | Tramission-time: 0.0006767708734236201
[252] Energy routing consumed by STARLINK-31763: 0.000000 J (remaining 48325.40)
[MODE: BIDIRECTIONAL]
[251][GREEDY] CONSEGNATO! STARLINK-11474 [DTC] -> OBS | Tramission-time: 1.730735928152021e-11
---> Task 253 (Type: CPU_and_Data_Intensive) arriva in 132.25
--- [132.25] Task 253 using SearchNode Policy: v1_heuristic ---
[253] Filtro euristico: DTS-TMAX
[132.25] [Task 253] Routed STARLINK-11474 [DTC] -> STARLINK-5118 | E_NET=0.007423 J | Remaining=79999.97 J
[132.259] Task 253 enqueued on CPU STARLINK-5118 qlen_enqueue=1
[MODE: BIDIRECTIONAL]
[252][GREEDY] CONSEGNATO! STARLINK-11474 [DTC] -> OBS | Tramission-time: 1.656578454341758e-11
[132.792] Task 253 enqueued on NET STARLINK-5118 qlen_enqueue_net=1
[Task 253] Task eseguito su STARLINK-5118 40.32893513438827 degrees | CPU=25439.7077J, NET=0.0085J, TOTAL=25439.7163J, Remaining=41721.09J
[132.801] Task 253 served on STARLINK-5118 qlen_enqueue_cpu=1 qlen_enqueue_net=1 time_in_queue=0.000
---> Task 254 (Type: Generic_Service) arriva in 132.85
--- [132.85] Task 254 using SearchNode Policy: v1_heuristic ---
[254] Filtro euristico: DTS-TMAX
[132.85] [Task 254] Routed STARLINK-11474 [DTC] -> STARLINK-31220 | E_NET=0.000010 J | Remaining=79999.97 J
[132.852] Task 254 enqueued on CPU STARLINK-31220 qlen_enqueue=1
---> Task 255 (Type: CPU_Intensive) arriva in 132.87
--- [132.87] Task 255 using SearchNode Policy: v1_heuristic ---
[255] Filtro euristico: DTS-TMAX
[132.87] [Task 255] Routed STARLINK-11474 [DTC] -> STARLINK-33947 | E_NET=0.000009 J | Remaining=79999.97 J
[132.875] Task 255 enqueued on CPU STARLINK-33947 qlen_enqueue=1
[253][GREEDY] STARLINK-5118 -> STARLINK-11474 [DTC] | Tramission-time: 0.00139811527077501
[253] Energy routing consumed by STARLINK-5118: 0.000000 J (remaining 41721.09)
[MODE: BIDIRECTIONAL]
[253][GREEDY] CONSEGNATO! STARLINK-11474 [DTC] -> OBS | Tramission-time: 6.393103472539208e-09
[Task 255] Task eseguito su STARLINK-33947 43.686240571106545 degrees | CPU=1210.6165J, NET=0.0000J, TOTAL=1210.6165J, Remaining=54256.87J
[132.901] Task 255 served on STARLINK-33947 qlen_enqueue_cpu=1 qlen_enqueue_net=None time_in_queue=0.000
[Task 254] Task eseguito su STARLINK-31220 64.43090891787162 degrees | CPU=2515.0717J, NET=0.0000J, TOTAL=2515.0717J, Remaining=60118.22J
[132.905] Task 254 served on STARLINK-31220 qlen_enqueue_cpu=1 qlen_enqueue_net=None time_in_queue=0.000
[MODE: BIDIRECTIONAL]
[254][GREEDY] CONSEGNATO! STARLINK-31220 -> OBS | Tramission-time: 9.056617247807342e-12
[255][GREEDY] STARLINK-33947 -> STARLINK-11474 [DTC] | Tramission-time: 0.0008263096024006665
[255] Energy routing consumed by STARLINK-33947: 0.000000 J (remaining 54256.87)
[MODE: BIDIRECTIONAL]
[255][GREEDY] CONSEGNATO! STARLINK-11474 [DTC] -> OBS | Tramission-time: 6.137158738243512e-12
---> Task 256 (Type: CPU_and_Data_Intensive) arriva in 133.41
--- [133.41] Task 256 using SearchNode Policy: v1_heuristic ---
[256] Filtro euristico: DTS-TMAX
[133.41] [Task 256] Routed STARLINK-11474 [DTC] -> STARLINK-31220 | E_NET=0.002470 J | Remaining=79999.97 J
[133.416] Task 256 enqueued on CPU STARLINK-31220 qlen_enqueue=1
[133.467] Task 256 enqueued on NET STARLINK-31220 qlen_enqueue_net=1
[Task 256] Task eseguito su STARLINK-31220 64.43090891787162 degrees | CPU=2472.8780J, NET=0.0033J, TOTAL=2472.8813J, Remaining=57645.34J
[133.471] Task 256 served on STARLINK-31220 qlen_enqueue_cpu=1 qlen_enqueue_net=1 time_in_queue=0.000
[MODE: BIDIRECTIONAL]
[256][GREEDY] CONSEGNATO! STARLINK-31220 -> OBS | Tramission-time: 3.149303727787046e-09
----------------------------------------------------------------------
	||TIME IN SIMULATION : (seconds:134) (minutes: 2) ||

MODIFICA CONFIGURAZIONE IN CORSO...

Aggiornato il Tempo Globale:  2025-11-20 20:57:28
---> Task 257 (Type: Generic_Service) arriva in 134.92
--- [134.92] Task 257 using SearchNode Policy: v1_heuristic ---
[257] Filtro euristico: DTS-TMAX
[134.92] [Task 257] Routed STARLINK-11474 [DTC] -> STARLINK-31008 | E_NET=0.000020 J | Remaining=79999.97 J
[134.918] Task 257 enqueued on CPU STARLINK-31008 qlen_enqueue=1
[Task 257] Task eseguito su STARLINK-31008 40.547879417863044 degrees | CPU=2519.9052J, NET=0.0000J, TOTAL=2519.9052J, Remaining=77480.09J
[134.972] Task 257 served on STARLINK-31008 qlen_enqueue_cpu=1 qlen_enqueue_net=None time_in_queue=0.000
[257][GREEDY] STARLINK-31008 -> STARLINK-11474 [DTC] | Tramission-time: 0.001563045721258035
[257] Energy routing consumed by STARLINK-31008: 0.000000 J (remaining 77480.09)
[MODE: BIDIRECTIONAL]
[257][GREEDY] CONSEGNATO! STARLINK-11474 [DTC] -> OBS | Tramission-time: 2.5045744765928944e-11
---> Task 258 (Type: Generic_Service) arriva in 135.89
--- [135.89] Task 258 using SearchNode Policy: v1_heuristic ---
[258] Filtro euristico: DTS-TMAX
[135.89] [Task 258] Routed STARLINK-11474 [DTC] -> STARLINK-33947 | E_NET=0.000024 J | Remaining=79999.97 J
[135.889] Task 258 enqueued on CPU STARLINK-33947 qlen_enqueue=1
[Task 258] Task eseguito su STARLINK-33947 44.58855785542236 degrees | CPU=664.4765J, NET=0.0000J, TOTAL=664.4766J, Remaining=53592.39J
[135.905] Task 258 served on STARLINK-33947 qlen_enqueue_cpu=1 qlen_enqueue_net=None time_in_queue=0.000
[258][GREEDY] STARLINK-33947 -> STARLINK-11474 [DTC] | Tramission-time: 0.0008067528873362825
[258] Energy routing consumed by STARLINK-33947: 0.000000 J (remaining 53592.39)
[MODE: BIDIRECTIONAL]
[258][GREEDY] CONSEGNATO! STARLINK-11474 [DTC] -> OBS | Tramission-time: 2.391704996251592e-11
----------------------------------------------------------------------
	||TIME IN SIMULATION : (seconds:136) (minutes: 2) ||

MODIFICA CONFIGURAZIONE IN CORSO...

Aggiornato il Tempo Globale:  2025-11-20 20:57:30
---> Task 259 (Type: CPU_Intensive) arriva in 136.53
--- [136.53] Task 259 using SearchNode Policy: v1_heuristic ---
[259] Filtro euristico: DTS-TMAX
[136.53] [Task 259] Routed STARLINK-11474 [DTC] -> STARLINK-6203 | E_NET=0.000009 J | Remaining=79999.97 J
[136.533] Task 259 enqueued on CPU STARLINK-6203 qlen_enqueue=1
[Task 259] Task eseguito su STARLINK-6203 40.33461522201225 degrees | CPU=6055.5970J, NET=0.0000J, TOTAL=6055.5970J, Remaining=73944.40J
[136.661] Task 259 served on STARLINK-6203 qlen_enqueue_cpu=1 qlen_enqueue_net=None time_in_queue=0.000
[259][GREEDY] STARLINK-6203 -> STARLINK-11474 [DTC] | Tramission-time: 0.0014805802508891114
[259] Energy routing consumed by STARLINK-6203: 0.000000 J (remaining 73944.40)
---> Task 260 (Type: CPU_and_Data_Intensive) arriva in 136.72
--- [136.72] Task 260 using SearchNode Policy: v1_heuristic ---
[260] Filtro euristico: DTS-TMAX
[136.72] [Task 260] Routed STARLINK-11474 [DTC] -> STARLINK-31008 | E_NET=0.000628 J | Remaining=79999.97 J
[136.723] Task 260 enqueued on CPU STARLINK-31008 qlen_enqueue=1
[136.794] Task 260 enqueued on NET STARLINK-31008 qlen_enqueue_net=1
[Task 260] Task eseguito su STARLINK-31008 41.341171116857595 degrees | CPU=3422.9633J, NET=0.0007J, TOTAL=3422.9640J, Remaining=74057.13J
[136.795] Task 260 served on STARLINK-31008 qlen_enqueue_cpu=1 qlen_enqueue_net=1 time_in_queue=0.000
[MODE: BIDIRECTIONAL]
[259][GREEDY] CONSEGNATO! STARLINK-11474 [DTC] -> OBS | Tramission-time: 6.907242874120319e-12
[260][GREEDY] STARLINK-31008 -> STARLINK-11474 [DTC] | Tramission-time: 0.0015192763426491434
[260] Energy routing consumed by STARLINK-31008: 0.000000 J (remaining 74057.13)
[MODE: BIDIRECTIONAL]
[260][GREEDY] CONSEGNATO! STARLINK-11474 [DTC] -> OBS | Tramission-time: 5.193828744039159e-10
---> Task 261 (Type: CPU_Intensive) arriva in 137.35
--- [137.35] Task 261 using SearchNode Policy: v1_heuristic ---
[261] Filtro euristico: DTS-TMAX
[137.35] [Task 261] Routed STARLINK-11474 [DTC] -> STARLINK-31008 | E_NET=0.000013 J | Remaining=79999.97 J
[137.355] Task 261 enqueued on CPU STARLINK-31008 qlen_enqueue=1
---> Task 262 (Type: Generic_Service) arriva in 137.38
--- [137.38] Task 262 using SearchNode Policy: v1_heuristic ---
[262] Filtro euristico: DTS-TMAX
[137.38] [Task 262] Routed STARLINK-11474 [DTC] -> STARLINK-6203 | E_NET=0.000033 J | Remaining=79999.97 J
[137.383] Task 262 enqueued on CPU STARLINK-6203 qlen_enqueue=1
[Task 262] Task eseguito su STARLINK-6203 40.33461522201225 degrees | CPU=3445.7698J, NET=0.0000J, TOTAL=3445.7698J, Remaining=70498.63J
[137.457] Task 262 served on STARLINK-6203 qlen_enqueue_cpu=1 qlen_enqueue_net=None time_in_queue=0.000
[262][GREEDY] STARLINK-6203 -> STARLINK-11474 [DTC] | Tramission-time: 0.0014805802729988262
[262] Energy routing consumed by STARLINK-6203: 0.000000 J (remaining 70498.63)
[MODE: BIDIRECTIONAL]
[262][GREEDY] CONSEGNATO! STARLINK-11474 [DTC] -> OBS | Tramission-time: 2.6356772172761406e-11
----------------------------------------------------------------------
	||TIME IN SIMULATION : (seconds:138) (minutes: 2) ||

MODIFICA CONFIGURAZIONE IN CORSO...

Aggiornato il Tempo Globale:  2025-11-20 20:57:32
[Task 261] Task eseguito su STARLINK-31008 42.1524224750393 degrees | CPU=42538.4860J, NET=0.0000J, TOTAL=42538.4860J, Remaining=31518.64J
[138.248] Task 261 served on STARLINK-31008 qlen_enqueue_cpu=1 qlen_enqueue_net=None time_in_queue=0.000
[261][GREEDY] STARLINK-31008 -> STARLINK-11474 [DTC] | Tramission-time: 0.0014756706541010048
[261] Energy routing consumed by STARLINK-31008: 0.000000 J (remaining 31518.64)
---> Task 263 (Type: Generic_Service) arriva in 138.33
--- [138.33] Task 263 using SearchNode Policy: v1_heuristic ---
[263] Filtro euristico: DTS-TMAX
[138.33] [Task 263] Routed STARLINK-11474 [DTC] -> STARLINK-6203 | E_NET=0.000008 J | Remaining=79999.97 J
[138.336] Task 263 enqueued on CPU STARLINK-6203 qlen_enqueue=1
[Task 263] Task eseguito su STARLINK-6203 41.057952694577864 degrees | CPU=1832.0356J, NET=0.0000J, TOTAL=1832.0356J, Remaining=68666.60J
[138.375] Task 263 served on STARLINK-6203 qlen_enqueue_cpu=1 qlen_enqueue_net=None time_in_queue=0.000
[MODE: BIDIRECTIONAL]
[261][GREEDY] CONSEGNATO! STARLINK-11474 [DTC] -> OBS | Tramission-time: 1.1417496113397327e-11
[263][GREEDY] STARLINK-6203 -> STARLINK-11474 [DTC] | Tramission-time: 0.0014571716402407987
[263] Energy routing consumed by STARLINK-6203: 0.000000 J (remaining 68666.60)
[MODE: BIDIRECTIONAL]
[263][GREEDY] CONSEGNATO! STARLINK-11474 [DTC] -> OBS | Tramission-time: 8.006811195078501e-12
---> Task 264 (Type: Generic_Service) arriva in 138.89
--- [138.89] Task 264 using SearchNode Policy: v1_heuristic ---
[264] Filtro euristico: DTS-TMAX
[Task 264] Nessun server rimasto dopo i filtri (deadline/sunset).
[Task 264] REJECTED on STARLINK-11474 [DTC] due to: No suitable server found after deadline/sunset filters
---> Task 265 (Type: CPU_Intensive) arriva in 139.42
--- [139.42] Task 265 using SearchNode Policy: v1_heuristic ---
[265] Filtro euristico: DTS-TMAX
[139.42] [Task 265] Routed STARLINK-11474 [DTC] -> STARLINK-6203 | E_NET=0.000036 J | Remaining=79999.97 J
[139.417] Task 265 enqueued on CPU STARLINK-6203 qlen_enqueue=1
[Task 265] Task eseguito su STARLINK-6203 41.057952694577864 degrees | CPU=19656.6573J, NET=0.0000J, TOTAL=19656.6573J, Remaining=49009.94J
[139.832] Task 265 served on STARLINK-6203 qlen_enqueue_cpu=1 qlen_enqueue_net=None time_in_queue=0.000
[265][GREEDY] STARLINK-6203 -> STARLINK-11474 [DTC] | Tramission-time: 0.0014571716595195964
[265] Energy routing consumed by STARLINK-6203: 0.000000 J (remaining 49009.94)
----------------------------------------------------------------------
	||TIME IN SIMULATION : (seconds:140) (minutes: 2) ||

MODIFICA CONFIGURAZIONE IN CORSO...

Aggiornato il Tempo Globale:  2025-11-20 20:57:34
[MODE: BIDIRECTIONAL]
[265][GREEDY] CONSEGNATO! STARLINK-11474 [DTC] -> OBS | Tramission-time: 2.832077867230863e-11
---> Task 266 (Type: CPU_and_Data_Intensive) arriva in 140.54
--- [140.54] Task 266 using SearchNode Policy: v1_heuristic ---
[266] Filtro euristico: DTS-TMAX
[140.54] [Task 266] Routed STARLINK-11474 [DTC] -> STARLINK-32945 | E_NET=0.000337 J | Remaining=79999.97 J
[140.538] Task 266 enqueued on CPU STARLINK-32945 qlen_enqueue=1
---> Task 267 (Type: Generic_Service) arriva in 140.63
--- [140.63] Task 267 using SearchNode Policy: v1_heuristic ---
[267] Filtro euristico: DTS-TMAX
[140.63] [Task 267] Routed STARLINK-11474 [DTC] -> STARLINK-31220 | E_NET=0.000018 J | Remaining=79999.97 J
[140.635] Task 267 enqueued on CPU STARLINK-31220 qlen_enqueue=1
[Task 267] Task eseguito su STARLINK-31220 59.010638269127455 degrees | CPU=1686.3712J, NET=0.0000J, TOTAL=1686.3713J, Remaining=55958.96J
[140.672] Task 267 served on STARLINK-31220 qlen_enqueue_cpu=1 qlen_enqueue_net=None time_in_queue=0.000
[MODE: BIDIRECTIONAL]
[267][GREEDY] CONSEGNATO! STARLINK-31220 -> OBS | Tramission-time: 1.778065356986901e-11
---> Task 268 (Type: CPU_Intensive) arriva in 140.72
--- [140.72] Task 268 using SearchNode Policy: v1_heuristic ---
[268] Filtro euristico: DTS-TMAX
[140.72] [Task 268] Routed STARLINK-11474 [DTC] -> STARLINK-32945 | E_NET=0.000011 J | Remaining=79999.97 J
[Task 268] REJECTED on STARLINK-32945 due to: Insufficient Energy for CPU
[140.982] Task 266 enqueued on NET STARLINK-32945 qlen_enqueue_net=1
[Task 266] Task eseguito su STARLINK-32945 40.246873362399114 degrees | CPU=21192.9524J, NET=0.0005J, TOTAL=21192.9528J, Remaining=58807.05J
[140.982] Task 266 served on STARLINK-32945 qlen_enqueue_cpu=1 qlen_enqueue_net=1 time_in_queue=0.000
[266][GREEDY] STARLINK-32945 -> STARLINK-11474 [DTC] | Tramission-time: 0.0012646623162158553
[266] Energy routing consumed by STARLINK-32945: 0.000000 J (remaining 58807.05)
[MODE: BIDIRECTIONAL]
[266][GREEDY] CONSEGNATO! STARLINK-11474 [DTC] -> OBS | Tramission-time: 3.652429734677943e-10
---> Task 269 (Type: Generic_Service) arriva in 141.21
--- [141.21] Task 269 using SearchNode Policy: v1_heuristic ---
[269] Filtro euristico: DTS-TMAX
[141.21] [Task 269] Routed STARLINK-11474 [DTC] -> STARLINK-32945 | E_NET=0.000014 J | Remaining=79999.97 J
[141.213] Task 269 enqueued on CPU STARLINK-32945 qlen_enqueue=1
[Task 269] Task eseguito su STARLINK-32945 40.246873362399114 degrees | CPU=6574.5018J, NET=0.0000J, TOTAL=6574.5018J, Remaining=52232.55J
[141.352] Task 269 served on STARLINK-32945 qlen_enqueue_cpu=1 qlen_enqueue_net=None time_in_queue=0.000
[269][GREEDY] STARLINK-32945 -> STARLINK-11474 [DTC] | Tramission-time: 0.0012646620116773968
[269] Energy routing consumed by STARLINK-32945: 0.000000 J (remaining 52232.55)
[MODE: BIDIRECTIONAL]
[269][GREEDY] CONSEGNATO! STARLINK-11474 [DTC] -> OBS | Tramission-time: 1.708890404610764e-11
---> Task 270 (Type: CPU_and_Data_Intensive) arriva in 141.99
--- [141.99] Task 270 using SearchNode Policy: v1_heuristic ---
[270] Filtro euristico: DTS-TMAX
[141.99] [Task 270] Routed STARLINK-11474 [DTC] -> STARLINK-31220 | E_NET=0.001957 J | Remaining=79999.97 J
[141.990] Task 270 enqueued on CPU STARLINK-31220 qlen_enqueue=1
----------------------------------------------------------------------
	||TIME IN SIMULATION : (seconds:142) (minutes: 2) ||

MODIFICA CONFIGURAZIONE IN CORSO...

Aggiornato il Tempo Globale:  2025-11-20 20:57:36
[142.212] Task 270 enqueued on NET STARLINK-31220 qlen_enqueue_net=1
[Task 270] Task eseguito su STARLINK-31220 57.72940410840868 degrees | CPU=10563.0365J, NET=0.0026J, TOTAL=10563.0391J, Remaining=45395.92J
[142.215] Task 270 served on STARLINK-31220 qlen_enqueue_cpu=1 qlen_enqueue_net=1 time_in_queue=0.000
[MODE: BIDIRECTIONAL]
[270][GREEDY] CONSEGNATO! STARLINK-31220 -> OBS | Tramission-time: 1.730562509500458e-09
---> Task 271 (Type: Generic_Service) arriva in 142.93
--- [142.93] Task 271 using SearchNode Policy: v1_heuristic ---
[271] Filtro euristico: DTS-TMAX
[Task 271] Nessun server rimasto dopo i filtri (deadline/sunset).
[Task 271] REJECTED on STARLINK-11474 [DTC] due to: No suitable server found after deadline/sunset filters
----------------------------------------------------------------------
	||TIME IN SIMULATION : (seconds:144) (minutes: 2) ||

MODIFICA CONFIGURAZIONE IN CORSO...

Aggiornato il Tempo Globale:  2025-11-20 20:57:38
---> Task 272 (Type: CPU_Intensive) arriva in 144.45
--- [144.45] Task 272 using SearchNode Policy: v1_heuristic ---
[272] Filtro euristico: DTS-TMAX
[144.45] [Task 272] Routed STARLINK-11474 [DTC] -> STARLINK-33947 | E_NET=0.000027 J | Remaining=79999.97 J
[144.455] Task 272 enqueued on CPU STARLINK-33947 qlen_enqueue=1
[Task 272] Task eseguito su STARLINK-33947 49.451289284555436 degrees | CPU=20842.6119J, NET=0.0000J, TOTAL=20842.6119J, Remaining=32749.78J
[144.894] Task 272 served on STARLINK-33947 qlen_enqueue_cpu=1 qlen_enqueue_net=None time_in_queue=0.000
[272][GREEDY] STARLINK-33947 -> STARLINK-11474 [DTC] | Tramission-time: 0.0007324987299697735
[272] Energy routing consumed by STARLINK-33947: 0.000000 J (remaining 32749.78)
[MODE: BIDIRECTIONAL]
[272][GREEDY] CONSEGNATO! STARLINK-11474 [DTC] -> OBS | Tramission-time: 3.027296639078598e-11
---> Task 273 (Type: CPU_Intensive) arriva in 145.00
--- [145.00] Task 273 using SearchNode Policy: v1_heuristic ---
[273] Filtro euristico: DTS-TMAX
[145.00] [Task 273] Routed STARLINK-11474 [DTC] -> STARLINK-32945 | E_NET=0.000011 J | Remaining=79999.97 J
[145.004] Task 273 enqueued on CPU STARLINK-32945 qlen_enqueue=1
---> Task 274 (Type: CPU_and_Data_Intensive) arriva in 145.20
--- [145.20] Task 274 using SearchNode Policy: v1_heuristic ---
[274] Filtro euristico: DTS-TMAX
[Task 274] Nessun server rimasto dopo i filtri (deadline/sunset).
[Task 274] REJECTED on STARLINK-11474 [DTC] due to: No suitable server found after deadline/sunset filters
[Task 273] Task eseguito su STARLINK-32945 41.58807690626435 degrees | CPU=37248.1204J, NET=0.0000J, TOTAL=37248.1204J, Remaining=14984.42J
[145.786] Task 273 served on STARLINK-32945 qlen_enqueue_cpu=1 qlen_enqueue_net=None time_in_queue=0.000
[273][GREEDY] STARLINK-32945 -> STARLINK-11474 [DTC] | Tramission-time: 0.001238826967451766
[273] Energy routing consumed by STARLINK-32945: 0.000000 J (remaining 14984.42)
[MODE: BIDIRECTIONAL]
[273][GREEDY] CONSEGNATO! STARLINK-11474 [DTC] -> OBS | Tramission-time: 1.13133923523862e-11
----------------------------------------------------------------------
	||TIME IN SIMULATION : (seconds:146) (minutes: 2) ||

MODIFICA CONFIGURAZIONE IN CORSO...

Aggiornato il Tempo Globale:  2025-11-20 20:57:40
---> Task 275 (Type: Generic_Service) arriva in 146.08
--- [146.08] Task 275 using SearchNode Policy: v1_heuristic ---
[275] Filtro euristico: DTS-TMAX
[146.08] [Task 275] Routed STARLINK-11474 [DTC] -> STARLINK-6203 | E_NET=0.000010 J | Remaining=79999.97 J
[146.079] Task 275 enqueued on CPU STARLINK-6203 qlen_enqueue=1
[Task 275] Task eseguito su STARLINK-6203 44.11991159851903 degrees | CPU=2623.7643J, NET=0.0000J, TOTAL=2623.7643J, Remaining=46386.18J
[146.135] Task 275 served on STARLINK-6203 qlen_enqueue_cpu=1 qlen_enqueue_net=None time_in_queue=0.000
[275][GREEDY] STARLINK-6203 -> STARLINK-11474 [DTC] | Tramission-time: 0.001372206533535254
[275] Energy routing consumed by STARLINK-6203: 0.000000 J (remaining 46386.18)
[MODE: BIDIRECTIONAL]
[275][GREEDY] CONSEGNATO! STARLINK-11474 [DTC] -> OBS | Tramission-time: 9.355720711062168e-12
---> Task 276 (Type: CPU_and_Data_Intensive) arriva in 146.48
--- [146.48] Task 276 using SearchNode Policy: v1_heuristic ---
[276] Filtro euristico: DTS-TMAX
[146.48] [Task 276] Routed STARLINK-11474 [DTC] -> STARLINK-31763 | E_NET=0.005138 J | Remaining=79999.96 J
[Task 276] REJECTED on STARLINK-31763 due to: Insufficient Energy for CPU+NET
---> Task 277 (Type: Generic_Service) arriva in 146.58
--- [146.58] Task 277 using SearchNode Policy: v1_heuristic ---
[277] Filtro euristico: DTS-TMAX
[146.58] [Task 277] Routed STARLINK-11474 [DTC] -> STARLINK-31763 | E_NET=0.000029 J | Remaining=79999.96 J
[146.581] Task 277 enqueued on CPU STARLINK-31763 qlen_enqueue=1
[Task 277] Task eseguito su STARLINK-31763 51.60960546445412 degrees | CPU=4108.3291J, NET=0.0000J, TOTAL=4108.3292J, Remaining=44217.07J
[146.669] Task 277 served on STARLINK-31763 qlen_enqueue_cpu=1 qlen_enqueue_net=None time_in_queue=0.000
---> Task 278 (Type: CPU_Intensive) arriva in 146.69
--- [146.69] Task 278 using SearchNode Policy: v1_heuristic ---
[278] Filtro euristico: DTS-TMAX
[146.69] [Task 278] Routed STARLINK-11474 [DTC] -> STARLINK-2713 | E_NET=0.000028 J | Remaining=79999.96 J
[146.694] Task 278 enqueued on CPU STARLINK-2713 qlen_enqueue=1
[277][GREEDY] STARLINK-31763 -> STARLINK-11474 [DTC] | Tramission-time: 0.0007073149870705034
[277] Energy routing consumed by STARLINK-31763: 0.000000 J (remaining 44217.07)
[MODE: BIDIRECTIONAL]
[277][GREEDY] CONSEGNATO! STARLINK-11474 [DTC] -> OBS | Tramission-time: 2.7910060003966402e-11
[Task 278] Task eseguito su STARLINK-2713 46.69441937259983 degrees | CPU=4147.2459J, NET=0.0000J, TOTAL=4147.2460J, Remaining=42768.17J
[146.784] Task 278 served on STARLINK-2713 qlen_enqueue_cpu=1 qlen_enqueue_net=None time_in_queue=0.000
[278][GREEDY] STARLINK-2713 -> STARLINK-11474 [DTC] | Tramission-time: 0.001125876499362542
[278] Energy routing consumed by STARLINK-2713: 0.000000 J (remaining 42768.17)
[MODE: BIDIRECTIONAL]
[278][GREEDY] CONSEGNATO! STARLINK-11474 [DTC] -> OBS | Tramission-time: 2.782868837212358e-11
---> Task 279 (Type: CPU_and_Data_Intensive) arriva in 147.69
--- [147.69] Task 279 using SearchNode Policy: v1_heuristic ---
[279] Filtro euristico: DTS-TMAX
[147.69] [Task 279] Routed STARLINK-11474 [DTC] -> STARLINK-31763 | E_NET=0.006531 J | Remaining=79999.96 J
[147.702] Task 279 enqueued on CPU STARLINK-31763 qlen_enqueue=1
[147.759] Task 279 enqueued on NET STARLINK-31763 qlen_enqueue_net=1
[Task 279] Task eseguito su STARLINK-31763 51.60960546445412 degrees | CPU=2703.0605J, NET=0.0093J, TOTAL=2703.0698J, Remaining=41514.00J
[147.768] Task 279 served on STARLINK-31763 qlen_enqueue_cpu=1 qlen_enqueue_net=1 time_in_queue=0.000
---> Task 280 (Type: CPU_Intensive) arriva in 147.80
--- [147.80] Task 280 using SearchNode Policy: v1_heuristic ---
[280] Filtro euristico: DTS-TMAX
[147.80] [Task 280] Routed STARLINK-11474 [DTC] -> STARLINK-6203 | E_NET=0.000028 J | Remaining=79999.96 J
[147.797] Task 280 enqueued on CPU STARLINK-6203 qlen_enqueue=1
[279][GREEDY] STARLINK-31763 -> STARLINK-11474 [DTC] | Tramission-time: 0.0007073218629471673
[279] Energy routing consumed by STARLINK-31763: 0.000000 J (remaining 41514.00)
[MODE: BIDIRECTIONAL]
[279][GREEDY] CONSEGNATO! STARLINK-11474 [DTC] -> OBS | Tramission-time: 7.467796986976836e-09
----------------------------------------------------------------------
	||TIME IN SIMULATION : (seconds:148) (minutes: 2) ||

MODIFICA CONFIGURAZIONE IN CORSO...

Aggiornato il Tempo Globale:  2025-11-20 20:57:42
[Task 280] Task eseguito su STARLINK-6203 44.92964507477333 degrees | CPU=21846.1288J, NET=0.0000J, TOTAL=21846.1288J, Remaining=24540.05J
[148.257] Task 280 served on STARLINK-6203 qlen_enqueue_cpu=1 qlen_enqueue_net=None time_in_queue=0.000
[280][GREEDY] STARLINK-6203 -> STARLINK-11474 [DTC] | Tramission-time: 0.001353339099800023
[280] Energy routing consumed by STARLINK-6203: 0.000000 J (remaining 24540.05)
[MODE: BIDIRECTIONAL]
[280][GREEDY] CONSEGNATO! STARLINK-11474 [DTC] -> OBS | Tramission-time: 2.813724583197441e-11
---> Task 281 (Type: CPU_and_Data_Intensive) arriva in 148.59
--- [148.59] Task 281 using SearchNode Policy: v1_heuristic ---
[281] Filtro euristico: DTS-TMAX
[148.59] [Task 281] Routed STARLINK-11474 [DTC] -> STARLINK-3130 | E_NET=0.002250 J | Remaining=79999.95 J
[148.596] Task 281 enqueued on CPU STARLINK-3130 qlen_enqueue=1
---> Task 282 (Type: Generic_Service) arriva in 148.71
--- [148.71] Task 282 using SearchNode Policy: v1_heuristic ---
[282] Filtro euristico: DTS-TMAX
[148.71] [Task 282] Routed STARLINK-11474 [DTC] -> STARLINK-31702 | E_NET=0.000024 J | Remaining=79999.95 J
[148.713] Task 282 enqueued on CPU STARLINK-31702 qlen_enqueue=1
[Task 282] Task eseguito su STARLINK-31702 46.15132845845194 degrees | CPU=682.2807J, NET=0.0000J, TOTAL=682.2807J, Remaining=42739.72J
[148.730] Task 282 served on STARLINK-31702 qlen_enqueue_cpu=1 qlen_enqueue_net=None time_in_queue=0.000
[282][GREEDY] STARLINK-31702 -> STARLINK-11474 [DTC] | Tramission-time: 0.0013338294696754233
[282] Energy routing consumed by STARLINK-31702: 0.000000 J (remaining 42739.72)
[MODE: BIDIRECTIONAL]
[282][GREEDY] CONSEGNATO! STARLINK-11474 [DTC] -> OBS | Tramission-time: 2.1134123900959932e-11
---> Task 283 (Type: Generic_Service) arriva in 148.89
--- [148.89] Task 283 using SearchNode Policy: v1_heuristic ---
[283] Filtro euristico: DTS-TMAX
[148.89] [Task 283] Routed STARLINK-11474 [DTC] -> STARLINK-34965 | E_NET=0.000026 J | Remaining=79999.95 J
[148.890] Task 283 enqueued on CPU STARLINK-34965 qlen_enqueue=1
[Task 283] Task eseguito su STARLINK-34965 40.13689447104053 degrees | CPU=1237.8618J, NET=0.0000J, TOTAL=1237.8619J, Remaining=78762.14J
[148.919] Task 283 served on STARLINK-34965 qlen_enqueue_cpu=1 qlen_enqueue_net=None time_in_queue=0.000
[283][GREEDY] STARLINK-34965 -> STARLINK-11474 [DTC] | Tramission-time: 0.00181312565396759
[283] Energy routing consumed by STARLINK-34965: 0.000000 J (remaining 78762.14)
[MODE: BIDIRECTIONAL]
[283][GREEDY] CONSEGNATO! STARLINK-11474 [DTC] -> OBS | Tramission-time: 2.7487726123745802e-11
[149.474] Task 281 enqueued on NET STARLINK-3130 qlen_enqueue_net=1
[Task 281] Task eseguito su STARLINK-3130 40.33102287327701 degrees | CPU=41877.7489J, NET=0.0033J, TOTAL=41877.7522J, Remaining=38122.25J
[149.478] Task 281 served on STARLINK-3130 qlen_enqueue_cpu=1 qlen_enqueue_net=1 time_in_queue=0.000
[281][GREEDY] STARLINK-3130 -> STARLINK-11474 [DTC] | Tramission-time: 0.0014657210802606383
[281] Energy routing consumed by STARLINK-3130: 0.000000 J (remaining 38122.25)
[MODE: BIDIRECTIONAL]
[281][GREEDY] CONSEGNATO! STARLINK-11474 [DTC] -> OBS | Tramission-time: 2.59305173690704e-09
----------------------------------------------------------------------
	||TIME IN SIMULATION : (seconds:150) (minutes: 2) ||

MODIFICA CONFIGURAZIONE IN CORSO...

Aggiornato il Tempo Globale:  2025-11-20 20:57:44
---> Task 284 (Type: Generic_Service) arriva in 150.56
--- [150.56] Task 284 using SearchNode Policy: v1_heuristic ---
[284] Filtro euristico: DTS-TMAX
[150.56] [Task 284] Routed STARLINK-11474 [DTC] -> STARLINK-35398 | E_NET=0.000031 J | Remaining=79999.95 J
[150.563] Task 284 enqueued on CPU STARLINK-35398 qlen_enqueue=1
[Task 284] Task eseguito su STARLINK-35398 40.09176086845417 degrees | CPU=1914.0428J, NET=0.0000J, TOTAL=1914.0429J, Remaining=78085.96J
[150.605] Task 284 served on STARLINK-35398 qlen_enqueue_cpu=1 qlen_enqueue_net=None time_in_queue=0.000
[284][GREEDY] STARLINK-35398 -> STARLINK-11474 [DTC] | Tramission-time: 0.00127732207890346
[284] Energy routing consumed by STARLINK-35398: 0.000000 J (remaining 78085.96)
[MODE: BIDIRECTIONAL]
[284][GREEDY] CONSEGNATO! STARLINK-11474 [DTC] -> OBS | Tramission-time: 2.594468185261488e-11
---> Task 285 (Type: CPU_Intensive) arriva in 151.00
--- [151.00] Task 285 using SearchNode Policy: v1_heuristic ---
[285] Filtro euristico: DTS-TMAX
[151.00] [Task 285] Routed STARLINK-11474 [DTC] -> STARLINK-4396 | E_NET=0.000012 J | Remaining=79999.95 J
[150.997] Task 285 enqueued on CPU STARLINK-4396 qlen_enqueue=1
[Task 285] Task eseguito su STARLINK-4396 44.567753349199734 degrees | CPU=9490.4075J, NET=0.0000J, TOTAL=9490.4075J, Remaining=70509.59J
[151.198] Task 285 served on STARLINK-4396 qlen_enqueue_cpu=1 qlen_enqueue_net=None time_in_queue=0.000
[285][GREEDY] STARLINK-4396 -> STARLINK-11474 [DTC] | Tramission-time: 0.002098010169724192
[285] Energy routing consumed by STARLINK-4396: 0.000000 J (remaining 70509.59)
[MODE: BIDIRECTIONAL]
[285][GREEDY] CONSEGNATO! STARLINK-11474 [DTC] -> OBS | Tramission-time: 1.4235947916079925e-11
---> Task 286 (Type: Generic_Service) arriva in 151.47
--- [151.47] Task 286 using SearchNode Policy: v1_heuristic ---
[286] Filtro euristico: DTS-TMAX
[151.47] [Task 286] Routed STARLINK-11474 [DTC] -> STARLINK-34965 | E_NET=0.000034 J | Remaining=79999.95 J
---> Task 287 (Type: CPU_and_Data_Intensive) arriva in 151.47
--- [151.47] Task 287 using SearchNode Policy: v1_heuristic ---
[287] Filtro euristico: DTS-TMAX
[151.47] [Task 287] Routed STARLINK-11474 [DTC] -> STARLINK-34965 | E_NET=0.007220 J | Remaining=79999.95 J
[151.471] Task 286 enqueued on CPU STARLINK-34965 qlen_enqueue=1
[Task 287] REJECTED on STARLINK-34965 due to: Deadline Exceeded
[Task 286] Task eseguito su STARLINK-34965 40.675392715629386 degrees | CPU=9988.9035J, NET=0.0000J, TOTAL=9988.9035J, Remaining=68773.23J
[151.682] Task 286 served on STARLINK-34965 qlen_enqueue_cpu=1 qlen_enqueue_net=None time_in_queue=0.000
[286][GREEDY] STARLINK-34965 -> STARLINK-11474 [DTC] | Tramission-time: 0.0018084939537946286
[286] Energy routing consumed by STARLINK-34965: 0.000000 J (remaining 68773.23)
[MODE: BIDIRECTIONAL]
[286][GREEDY] CONSEGNATO! STARLINK-11474 [DTC] -> OBS | Tramission-time: 3.196493009550208e-11
----------------------------------------------------------------------
	||TIME IN SIMULATION : (seconds:152) (minutes: 2) ||

MODIFICA CONFIGURAZIONE IN CORSO...

Aggiornato il Tempo Globale:  2025-11-20 20:57:46
---> Task 288 (Type: Generic_Service) arriva in 152.16
--- [152.16] Task 288 using SearchNode Policy: v1_heuristic ---
[288] Filtro euristico: DTS-TMAX
[152.16] [Task 288] Routed STARLINK-11474 [DTC] -> STARLINK-31782 | E_NET=0.000015 J | Remaining=79999.95 J
[152.158] Task 288 enqueued on CPU STARLINK-31782 qlen_enqueue=1
[Task 288] Task eseguito su STARLINK-31782 40.76589485700381 degrees | CPU=3315.8627J, NET=0.0000J, TOTAL=3315.8627J, Remaining=76684.14J
[152.229] Task 288 served on STARLINK-31782 qlen_enqueue_cpu=1 qlen_enqueue_net=None time_in_queue=0.000
---> Task 289 (Type: Generic_Service) arriva in 152.31
--- [152.31] Task 289 using SearchNode Policy: v1_heuristic ---
[289] Filtro euristico: DTS-TMAX
[152.31] [Task 289] Routed STARLINK-11474 [DTC] -> STARLINK-35398 | E_NET=0.000029 J | Remaining=79999.95 J
[152.311] Task 289 enqueued on CPU STARLINK-35398 qlen_enqueue=1
[288][GREEDY] STARLINK-31782 -> STARLINK-11474 [DTC] | Tramission-time: 0.0012875434819498697
[288] Energy routing consumed by STARLINK-31782: 0.000000 J (remaining 76684.14)
[Task 289] Task eseguito su STARLINK-35398 40.97390341983133 degrees | CPU=1221.1688J, NET=0.0000J, TOTAL=1221.1688J, Remaining=76864.79J
[152.339] Task 289 served on STARLINK-35398 qlen_enqueue_cpu=1 qlen_enqueue_net=None time_in_queue=0.000
[MODE: BIDIRECTIONAL]
[288][GREEDY] CONSEGNATO! STARLINK-11474 [DTC] -> OBS | Tramission-time: 1.789443215361678e-11
[289][GREEDY] STARLINK-35398 -> STARLINK-11474 [DTC] | Tramission-time: 0.001279041283972579
[289] Energy routing consumed by STARLINK-35398: 0.000000 J (remaining 76864.79)
[MODE: BIDIRECTIONAL]
[289][GREEDY] CONSEGNATO! STARLINK-11474 [DTC] -> OBS | Tramission-time: 2.0829361728705346e-11
---> Task 290 (Type: Generic_Service) arriva in 152.75
--- [152.75] Task 290 using SearchNode Policy: v1_heuristic ---
[290] Filtro euristico: DTS-TMAX
[152.75] [Task 290] Routed STARLINK-11474 [DTC] -> STARLINK-35398 | E_NET=0.000028 J | Remaining=79999.95 J
[152.754] Task 290 enqueued on CPU STARLINK-35398 qlen_enqueue=1
[Task 290] Task eseguito su STARLINK-35398 40.97390341983133 degrees | CPU=4734.5567J, NET=0.0000J, TOTAL=4734.5567J, Remaining=72130.23J
[152.855] Task 290 served on STARLINK-35398 qlen_enqueue_cpu=1 qlen_enqueue_net=None time_in_queue=0.000
[290][GREEDY] STARLINK-35398 -> STARLINK-11474 [DTC] | Tramission-time: 0.0012790412847055162
[290] Energy routing consumed by STARLINK-35398: 0.000000 J (remaining 72130.23)
[MODE: BIDIRECTIONAL]
[290][GREEDY] CONSEGNATO! STARLINK-11474 [DTC] -> OBS | Tramission-time: 1.942613600712961e-11
---> Task 291 (Type: CPU_and_Data_Intensive) arriva in 153.32
--- [153.32] Task 291 using SearchNode Policy: v1_heuristic ---
[291] Filtro euristico: DTS-TMAX
[153.32] [Task 291] Routed STARLINK-11474 [DTC] -> STARLINK-31782 | E_NET=0.007040 J | Remaining=79999.94 J
[153.324] Task 291 enqueued on CPU STARLINK-31782 qlen_enqueue=1
---> Task 292 (Type: Generic_Service) arriva in 153.44
--- [153.44] Task 292 using SearchNode Policy: v1_heuristic ---
[292] Filtro euristico: DTS-TMAX
[153.44] [Task 292] Routed STARLINK-11474 [DTC] -> STARLINK-35398 | E_NET=0.000036 J | Remaining=79999.94 J
[153.445] Task 292 enqueued on CPU STARLINK-35398 qlen_enqueue=1
[153.459] Task 291 enqueued on NET STARLINK-31782 qlen_enqueue_net=1
[Task 291] Task eseguito su STARLINK-31782 40.76589485700381 degrees | CPU=6451.4758J, NET=0.0101J, TOTAL=6451.4859J, Remaining=70232.65J
[153.469] Task 291 served on STARLINK-31782 qlen_enqueue_cpu=1 qlen_enqueue_net=1 time_in_queue=0.000
[Task 292] Task eseguito su STARLINK-35398 40.97390341983133 degrees | CPU=2003.2897J, NET=0.0000J, TOTAL=2003.2897J, Remaining=70126.94J
[153.490] Task 292 served on STARLINK-35398 qlen_enqueue_cpu=1 qlen_enqueue_net=None time_in_queue=0.000
[291][GREEDY] STARLINK-31782 -> STARLINK-11474 [DTC] | Tramission-time: 0.001287552268133563
[291] Energy routing consumed by STARLINK-31782: 0.000000 J (remaining 70232.65)
[292][GREEDY] STARLINK-35398 -> STARLINK-11474 [DTC] | Tramission-time: 0.00127904129096639
[292] Energy routing consumed by STARLINK-35398: 0.000000 J (remaining 70126.94)
---> Task 293 (Type: CPU_and_Data_Intensive) arriva in 153.57
--- [153.57] Task 293 using SearchNode Policy: v1_heuristic ---
[293] Filtro euristico: DTS-TMAX
[153.57] [Task 293] Routed STARLINK-11474 [DTC] -> STARLINK-4396 | E_NET=0.000094 J | Remaining=79999.94 J
[153.569] Task 293 enqueued on CPU STARLINK-4396 qlen_enqueue=1
---> Task 294 (Type: CPU_and_Data_Intensive) arriva in 153.59
--- [153.59] Task 294 using SearchNode Policy: v1_heuristic ---
[294] Filtro euristico: DTS-TMAX
[153.59] [Task 294] Routed STARLINK-11474 [DTC] -> STARLINK-31782 | E_NET=0.000337 J | Remaining=79999.94 J
[153.591] Task 294 enqueued on CPU STARLINK-31782 qlen_enqueue=1
[MODE: BIDIRECTIONAL]
[291][GREEDY] CONSEGNATO! STARLINK-11474 [DTC] -> OBS | Tramission-time: 7.001234033426354e-09
[153.724] Task 293 enqueued on NET STARLINK-4396 qlen_enqueue_net=1
[Task 293] Task eseguito su STARLINK-4396 45.082866924210485 degrees | CPU=7363.7989J, NET=0.0001J, TOTAL=7363.7990J, Remaining=63145.79J
[153.724] Task 293 served on STARLINK-4396 qlen_enqueue_cpu=1 qlen_enqueue_net=1 time_in_queue=0.000
[293][GREEDY] STARLINK-4396 -> STARLINK-11474 [DTC] | Tramission-time: 0.0020398176609564716
[293] Energy routing consumed by STARLINK-4396: 0.000000 J (remaining 63145.79)
---> Task 295 (Type: CPU_and_Data_Intensive) arriva in 153.73
--- [153.73] Task 295 using SearchNode Policy: v1_heuristic ---
[295] Filtro euristico: DTS-TMAX
[153.73] [Task 295] Routed STARLINK-11474 [DTC] -> STARLINK-35398 | E_NET=0.008673 J | Remaining=79999.93 J
[MODE: BIDIRECTIONAL]
[292][GREEDY] CONSEGNATO! STARLINK-11474 [DTC] -> OBS | Tramission-time: 2.4570693379084766e-11
[153.743] Task 295 enqueued on CPU STARLINK-35398 qlen_enqueue=1
[MODE: BIDIRECTIONAL]
[293][GREEDY] CONSEGNATO! STARLINK-11474 [DTC] -> OBS | Tramission-time: 8.82321920721592e-11
----------------------------------------------------------------------
	||TIME IN SIMULATION : (seconds:154) (minutes: 2) ||

MODIFICA CONFIGURAZIONE IN CORSO...

Aggiornato il Tempo Globale:  2025-11-20 20:57:48
---> Task 296 (Type: CPU_and_Data_Intensive) arriva in 154.03
--- [154.03] Task 296 using SearchNode Policy: v1_heuristic ---
[296] Filtro euristico: DTS-TMAX
[154.03] [Task 296] Routed STARLINK-11474 [DTC] -> STARLINK-31399 | E_NET=0.007486 J | Remaining=79999.92 J
[154.036] Task 296 enqueued on CPU STARLINK-31399 qlen_enqueue=1
[154.427] Task 295 enqueued on NET STARLINK-35398 qlen_enqueue_net=1
[Task 295] Task eseguito su STARLINK-35398 41.88143588788928 degrees | CPU=32659.2406J, NET=0.0088J, TOTAL=32659.2494J, Remaining=37467.69J
[154.436] Task 295 served on STARLINK-35398 qlen_enqueue_cpu=1 qlen_enqueue_net=1 time_in_queue=0.000
[295][GREEDY] STARLINK-35398 -> STARLINK-11474 [DTC] | Tramission-time: 0.0012807667793380967
[295] Energy routing consumed by STARLINK-35398: 0.000000 J (remaining 37467.69)
[MODE: BIDIRECTIONAL]
[295][GREEDY] CONSEGNATO! STARLINK-11474 [DTC] -> OBS | Tramission-time: 6.339288211569529e-09
---> Task 297 (Type: CPU_Intensive) arriva in 154.85
--- [154.85] Task 297 using SearchNode Policy: v1_heuristic ---
[297] Filtro euristico: DTS-TMAX
[154.85] [Task 297] Routed STARLINK-11474 [DTC] -> STARLINK-31399 | E_NET=0.000025 J | Remaining=79999.92 J
[Task 297] REJECTED on STARLINK-31399 due to: Insufficient Energy for CPU
[154.976] Task 294 enqueued on NET STARLINK-31782 qlen_enqueue_net=1
[Task 294] Task eseguito su STARLINK-31782 41.569518081140274 degrees | CPU=66074.4418J, NET=0.0005J, TOTAL=66074.4423J, Remaining=4158.21J
[154.977] Task 294 served on STARLINK-31782 qlen_enqueue_cpu=1 qlen_enqueue_net=1 time_in_queue=0.000
[294][GREEDY] STARLINK-31782 -> STARLINK-11474 [DTC] | Tramission-time: 0.0012902864903539292
[294] Energy routing consumed by STARLINK-31782: 0.000000 J (remaining 4158.21)
[155.095] Task 296 enqueued on NET STARLINK-31399 qlen_enqueue_net=1
[Task 296] Task eseguito su STARLINK-31399 40.58419304576946 degrees | CPU=50513.6666J, NET=0.0106J, TOTAL=50513.6772J, Remaining=29486.32J
[155.106] Task 296 served on STARLINK-31399 qlen_enqueue_cpu=1 qlen_enqueue_net=1 time_in_queue=0.000
[MODE: BIDIRECTIONAL]
[294][GREEDY] CONSEGNATO! STARLINK-11474 [DTC] -> OBS | Tramission-time: 3.57224667001856e-10
[296][GREEDY] STARLINK-31399 -> STARLINK-11474 [DTC] | Tramission-time: 0.0013286351108078886
[296] Energy routing consumed by STARLINK-31399: 0.000000 J (remaining 29486.32)
[MODE: BIDIRECTIONAL]
[296][GREEDY] CONSEGNATO! STARLINK-11474 [DTC] -> OBS | Tramission-time: 9.467772537406108e-09
---> Task 298 (Type: Generic_Service) arriva in 155.71
--- [155.71] Task 298 using SearchNode Policy: v1_heuristic ---
[298] Filtro euristico: DTS-TMAX
[155.71] [Task 298] Routed STARLINK-11474 [DTC] -> STARLINK-2713 | E_NET=0.000017 J | Remaining=79999.92 J
[155.712] Task 298 enqueued on CPU STARLINK-2713 qlen_enqueue=1
[Task 298] Task eseguito su STARLINK-2713 49.8919898129309 degrees | CPU=699.8324J, NET=0.0000J, TOTAL=699.8324J, Remaining=42068.33J
[155.728] Task 298 served on STARLINK-2713 qlen_enqueue_cpu=1 qlen_enqueue_net=None time_in_queue=0.000
[298][GREEDY] STARLINK-2713 -> STARLINK-11474 [DTC] | Tramission-time: 0.0011340644180301838
[298] Energy routing consumed by STARLINK-2713: 0.000000 J (remaining 42068.33)
[MODE: BIDIRECTIONAL]
[298][GREEDY] CONSEGNATO! STARLINK-11474 [DTC] -> OBS | Tramission-time: 1.534343038494081e-11
----------------------------------------------------------------------
	||TIME IN SIMULATION : (seconds:156) (minutes: 2) ||

MODIFICA CONFIGURAZIONE IN CORSO...

Aggiornato il Tempo Globale:  2025-11-20 20:57:50
---> Task 299 (Type: Generic_Service) arriva in 157.99
--- [157.99] Task 299 using SearchNode Policy: v1_heuristic ---
[299] Filtro euristico: DTS-TMAX
[157.99] [Task 299] Routed STARLINK-11474 [DTC] -> STARLINK-34965 | E_NET=0.000021 J | Remaining=79999.92 J
[157.990] Task 299 enqueued on CPU STARLINK-34965 qlen_enqueue=1
----------------------------------------------------------------------
	||TIME IN SIMULATION : (seconds:158) (minutes: 2) ||

MODIFICA CONFIGURAZIONE IN CORSO...

Aggiornato il Tempo Globale:  2025-11-20 20:57:52
[Task 299] Task eseguito su STARLINK-34965 42.809776869003784 degrees | CPU=1214.8818J, NET=0.0000J, TOTAL=1214.8818J, Remaining=67558.35J
[158.017] Task 299 served on STARLINK-34965 qlen_enqueue_cpu=1 qlen_enqueue_net=None time_in_queue=0.000
[299][GREEDY] STARLINK-34965 -> STARLINK-11474 [DTC] | Tramission-time: 0.0018069377487387283
[299] Energy routing consumed by STARLINK-34965: 0.000000 J (remaining 67558.35)
[MODE: BIDIRECTIONAL]
[299][GREEDY] CONSEGNATO! STARLINK-11474 [DTC] -> OBS | Tramission-time: 1.7815217376573054e-11
---> Task 300 (Type: Generic_Service) arriva in 159.45
--- [159.45] Task 300 using SearchNode Policy: v1_heuristic ---
[300] Filtro euristico: DTS-TMAX
[159.45] [Task 300] Routed STARLINK-11734 [DTC] -> STARLINK-34902 | E_NET=0.000012 J | Remaining=80000.00 J
[159.456] Task 300 enqueued on CPU STARLINK-34902 qlen_enqueue=1
[Task 300] Task eseguito su STARLINK-34902 40.06969615436958 degrees | CPU=4898.9312J, NET=0.0000J, TOTAL=4898.9312J, Remaining=75101.07J
[159.560] Task 300 served on STARLINK-34902 qlen_enqueue_cpu=1 qlen_enqueue_net=None time_in_queue=0.000
[300][GREEDY] STARLINK-34902 -> STARLINK-11474 [DTC] | Tramission-time: 0.0018657735316518363
[300] Energy routing consumed by STARLINK-34902: 0.000000 J (remaining 75101.07)
[MODE: BIDIRECTIONAL]
[300][GREEDY] CONSEGNATO! STARLINK-11474 [DTC] -> OBS | Tramission-time: 1.2865415190039585e-11
---> Task 301 (Type: CPU_Intensive) arriva in 159.89
--- [159.89] Task 301 using SearchNode Policy: v1_heuristic ---
[301] Filtro euristico: DTS-TMAX
[159.89] [Task 301] Routed STARLINK-11734 [DTC] -> STARLINK-11474 [DTC] | E_NET=0.000025 J | Remaining=80000.00 J
[159.893] Task 301 enqueued on CPU STARLINK-11474 [DTC] qlen_enqueue=1
----------------------------------------------------------------------
	||TIME IN SIMULATION : (seconds:160) (minutes: 2) ||

MODIFICA CONFIGURAZIONE IN CORSO...

Aggiornato il Tempo Globale:  2025-11-20 20:57:54
[Task 301] Task eseguito su STARLINK-11474 [DTC] 70.69615464068113 degrees | CPU=25757.7157J, NET=0.0000J, TOTAL=25757.7158J, Remaining=54242.21J
[160.436] Task 301 served on STARLINK-11474 [DTC] qlen_enqueue_cpu=1 qlen_enqueue_net=None time_in_queue=0.000
[MODE: BIDIRECTIONAL]
[301][GREEDY] CONSEGNATO! STARLINK-11474 [DTC] -> OBS | Tramission-time: 2.6465911011433858e-11
---> Task 302 (Type: CPU_and_Data_Intensive) arriva in 160.45
--- [160.45] Task 302 using SearchNode Policy: v1_heuristic ---
[302] Filtro euristico: DTS-TMAX
[160.45] [Task 302] Routed STARLINK-11734 [DTC] -> STARLINK-34902 | E_NET=0.000105 J | Remaining=80000.00 J
[160.449] Task 302 enqueued on CPU STARLINK-34902 qlen_enqueue=1
---> Task 303 (Type: Generic_Service) arriva in 160.58
--- [160.58] Task 303 using SearchNode Policy: v1_heuristic ---
[303] Filtro euristico: DTS-TMAX
[160.58] [Task 303] Routed STARLINK-11734 [DTC] -> STARLINK-11474 [DTC] | E_NET=0.000025 J | Remaining=80000.00 J
[160.582] Task 303 enqueued on CPU STARLINK-11474 [DTC] qlen_enqueue=1
[Task 303] Task eseguito su STARLINK-11474 [DTC] 70.69615464068113 degrees | CPU=612.5111J, NET=0.0000J, TOTAL=612.5111J, Remaining=53629.70J
[160.597] Task 303 served on STARLINK-11474 [DTC] qlen_enqueue_cpu=1 qlen_enqueue_net=None time_in_queue=0.000
[MODE: BIDIRECTIONAL]
[303][GREEDY] CONSEGNATO! STARLINK-11474 [DTC] -> OBS | Tramission-time: 2.2304473785906094e-11
---> Task 304 (Type: Generic_Service) arriva in 160.78
--- [160.78] Task 304 using SearchNode Policy: v1_heuristic ---
[304] Filtro euristico: DTS-TMAX
[160.78] [Task 304] Routed STARLINK-11734 [DTC] -> STARLINK-4396 | E_NET=0.000014 J | Remaining=80000.00 J
[160.781] Task 304 enqueued on CPU STARLINK-4396 qlen_enqueue=1
[Task 304] Task eseguito su STARLINK-4396 47.04417717121195 degrees | CPU=1986.0100J, NET=0.0000J, TOTAL=1986.0100J, Remaining=61159.78J
[160.824] Task 304 served on STARLINK-4396 qlen_enqueue_cpu=1 qlen_enqueue_net=None time_in_queue=0.000
[304][GREEDY] STARLINK-4396 -> STARLINK-11474 [DTC] | Tramission-time: 0.001811546126897611
[304] Energy routing consumed by STARLINK-4396: 0.000000 J (remaining 61159.78)
[MODE: BIDIRECTIONAL]
[304][GREEDY] CONSEGNATO! STARLINK-11474 [DTC] -> OBS | Tramission-time: 1.5678084266371835e-11
[161.387] Task 302 enqueued on NET STARLINK-34902 qlen_enqueue_net=1
[Task 302] Task eseguito su STARLINK-34902 40.65326891798777 degrees | CPU=44722.2687J, NET=0.0001J, TOTAL=44722.2688J, Remaining=30378.80J
[161.387] Task 302 served on STARLINK-34902 qlen_enqueue_cpu=1 qlen_enqueue_net=1 time_in_queue=0.000
[302][GREEDY] STARLINK-34902 -> STARLINK-11474 [DTC] | Tramission-time: 0.0018035740210183802
[302] Energy routing consumed by STARLINK-34902: 0.000000 J (remaining 30378.80)
[MODE: BIDIRECTIONAL]
[302][GREEDY] CONSEGNATO! STARLINK-11474 [DTC] -> OBS | Tramission-time: 1.062215649172231e-10
---> Task 305 (Type: Generic_Service) arriva in 161.78
--- [161.78] Task 305 using SearchNode Policy: v1_heuristic ---
[305] Filtro euristico: DTS-TMAX
[161.78] [Task 305] Routed STARLINK-11734 [DTC] -> STARLINK-4396 | E_NET=0.000030 J | Remaining=80000.00 J
[161.784] Task 305 enqueued on CPU STARLINK-4396 qlen_enqueue=1
[Task 305] Task eseguito su STARLINK-4396 47.04417717121195 degrees | CPU=1673.0772J, NET=0.0000J, TOTAL=1673.0772J, Remaining=59486.71J
[161.822] Task 305 served on STARLINK-4396 qlen_enqueue_cpu=1 qlen_enqueue_net=None time_in_queue=0.000
[305][GREEDY] STARLINK-4396 -> STARLINK-11474 [DTC] | Tramission-time: 0.001811546145512577
[305] Energy routing consumed by STARLINK-4396: 0.000000 J (remaining 59486.71)
[MODE: BIDIRECTIONAL]
[305][GREEDY] CONSEGNATO! STARLINK-11474 [DTC] -> OBS | Tramission-time: 2.499243035061184e-11
----------------------------------------------------------------------
	||TIME IN SIMULATION : (seconds:162) (minutes: 2) ||

MODIFICA CONFIGURAZIONE IN CORSO...

Aggiornato il Tempo Globale:  2025-11-20 20:57:56
---> Task 306 (Type: Generic_Service) arriva in 162.69
--- [162.69] Task 306 using SearchNode Policy: v1_heuristic ---
[306] Filtro euristico: DTS-TMAX
[162.69] [Task 306] Routed STARLINK-11734 [DTC] -> STARLINK-5843 | E_NET=0.000035 J | Remaining=80000.00 J
[162.688] Task 306 enqueued on CPU STARLINK-5843 qlen_enqueue=1
[Task 306] Task eseguito su STARLINK-5843 40.02797592621095 degrees | CPU=2158.7287J, NET=0.0000J, TOTAL=2158.7288J, Remaining=77841.27J
[162.735] Task 306 served on STARLINK-5843 qlen_enqueue_cpu=1 qlen_enqueue_net=None time_in_queue=0.000
[306][GREEDY] STARLINK-5843 -> STARLINK-11474 [DTC] | Tramission-time: 0.0018960898484941143
[306] Energy routing consumed by STARLINK-5843: 0.000000 J (remaining 77841.27)
[MODE: BIDIRECTIONAL]
[306][GREEDY] CONSEGNATO! STARLINK-11474 [DTC] -> OBS | Tramission-time: 2.4643933578855355e-11
----------------------------------------------------------------------
	||TIME IN SIMULATION : (seconds:164) (minutes: 2) ||

MODIFICA CONFIGURAZIONE IN CORSO...

Aggiornato il Tempo Globale:  2025-11-20 20:57:58
---> Task 307 (Type: Generic_Service) arriva in 164.96
--- [164.96] Task 307 using SearchNode Policy: v1_heuristic ---
[307] Filtro euristico: DTS-TMAX
[164.96] [Task 307] Routed STARLINK-11734 [DTC] -> STARLINK-5843 | E_NET=0.000026 J | Remaining=80000.00 J
[164.965] Task 307 enqueued on CPU STARLINK-5843 qlen_enqueue=1
[Task 307] Task eseguito su STARLINK-5843 40.66969887406763 degrees | CPU=1330.2091J, NET=0.0000J, TOTAL=1330.2091J, Remaining=76511.06J
[164.995] Task 307 served on STARLINK-5843 qlen_enqueue_cpu=1 qlen_enqueue_net=None time_in_queue=0.000
[307][GREEDY] STARLINK-5843 -> STARLINK-11474 [DTC] | Tramission-time: 0.0018564694919421974
[307] Energy routing consumed by STARLINK-5843: 0.000000 J (remaining 76511.06)
[MODE: BIDIRECTIONAL]
[307][GREEDY] CONSEGNATO! STARLINK-11474 [DTC] -> OBS | Tramission-time: 2.117853892446501e-11
---> Task 308 (Type: Generic_Service) arriva in 165.17
--- [165.17] Task 308 using SearchNode Policy: v1_heuristic ---
[308] Filtro euristico: DTS-TMAX
[165.17] [Task 308] Routed STARLINK-11734 [DTC] -> STARLINK-31702 | E_NET=0.000021 J | Remaining=80000.00 J
[165.173] Task 308 enqueued on CPU STARLINK-31702 qlen_enqueue=1
[Task 308] Task eseguito su STARLINK-31702 48.1484120215408 degrees | CPU=300.7962J, NET=0.0000J, TOTAL=300.7962J, Remaining=42438.92J
[165.181] Task 308 served on STARLINK-31702 qlen_enqueue_cpu=1 qlen_enqueue_net=None time_in_queue=0.000
[308][GREEDY] STARLINK-31702 -> STARLINK-11474 [DTC] | Tramission-time: 0.0012288908991459051
[308] Energy routing consumed by STARLINK-31702: 0.000000 J (remaining 42438.92)
[MODE: BIDIRECTIONAL]
[308][GREEDY] CONSEGNATO! STARLINK-11474 [DTC] -> OBS | Tramission-time: 1.7891969696556698e-11
---> Task 309 (Type: Generic_Service) arriva in 165.44
--- [165.44] Task 309 using SearchNode Policy: v1_heuristic ---
[309] Filtro euristico: DTS-TMAX
[Task 309] Nessun server rimasto dopo i filtri (deadline/sunset).
[Task 309] REJECTED on STARLINK-11734 [DTC] due to: No suitable server found after deadline/sunset filters
---> Task 310 (Type: Generic_Service) arriva in 165.91
--- [165.91] Task 310 using SearchNode Policy: v1_heuristic ---
[310] Filtro euristico: DTS-TMAX
[165.91] [Task 310] Routed STARLINK-11734 [DTC] -> STARLINK-5843 | E_NET=0.000018 J | Remaining=80000.00 J
[165.910] Task 310 enqueued on CPU STARLINK-5843 qlen_enqueue=1
---> Task 311 (Type: CPU_Intensive) arriva in 165.96
--- [165.96] Task 311 using SearchNode Policy: v1_heuristic ---
[311] Filtro euristico: DTS-TMAX
[165.96] [Task 311] Routed STARLINK-11734 [DTC] -> STARLINK-5843 | E_NET=0.000012 J | Remaining=80000.00 J
[165.962] Task 311 enqueued on CPU STARLINK-5843 qlen_enqueue=2
[Task 310] Task eseguito su STARLINK-5843 40.66969887406763 degrees | CPU=2866.3162J, NET=0.0000J, TOTAL=2866.3163J, Remaining=73644.75J
[165.971] Task 310 served on STARLINK-5843 qlen_enqueue_cpu=1 qlen_enqueue_net=None time_in_queue=0.000
----------------------------------------------------------------------
	||TIME IN SIMULATION : (seconds:166) (minutes: 2) ||

MODIFICA CONFIGURAZIONE IN CORSO...

Aggiornato il Tempo Globale:  2025-11-20 20:58:00
[310][GREEDY] STARLINK-5843 -> STARLINK-11474 [DTC] | Tramission-time: 0.0018172802354153054
[310] Energy routing consumed by STARLINK-5843: 0.000000 J (remaining 73644.75)
---> Task 312 (Type: CPU_Intensive) arriva in 166.05
--- [166.05] Task 312 using SearchNode Policy: v1_heuristic ---
[312] Filtro euristico: DTS-TMAX
[166.05] [Task 312] Routed STARLINK-11734 [DTC] -> STARLINK-30286 | E_NET=0.000029 J | Remaining=80000.00 J
[166.054] Task 312 enqueued on CPU STARLINK-30286 qlen_enqueue=1
[MODE: BIDIRECTIONAL]
[310][GREEDY] CONSEGNATO! STARLINK-11474 [DTC] -> OBS | Tramission-time: 1.2267560147858506e-11
---> Task 313 (Type: CPU_and_Data_Intensive) arriva in 166.33
--- [166.33] Task 313 using SearchNode Policy: v1_heuristic ---
[313] Filtro euristico: DTS-TMAX
[166.33] [Task 313] Routed STARLINK-11734 [DTC] -> STARLINK-32743 | E_NET=0.005989 J | Remaining=79999.99 J
[166.341] Task 313 enqueued on CPU STARLINK-32743 qlen_enqueue=1
[Task 312] Task eseguito su STARLINK-30286 40.55637877024669 degrees | CPU=28481.4054J, NET=0.0000J, TOTAL=28481.4054J, Remaining=51518.59J
[166.654] Task 312 served on STARLINK-30286 qlen_enqueue_cpu=1 qlen_enqueue_net=None time_in_queue=0.000
[Task 311] Task eseguito su STARLINK-5843 41.320904690620495 degrees | CPU=35188.5664J, NET=0.0000J, TOTAL=35188.5665J, Remaining=38456.18J
[166.701] Task 311 served on STARLINK-5843 qlen_enqueue_cpu=2 qlen_enqueue_net=None time_in_queue=0.000
[311][GREEDY] STARLINK-5843 -> STARLINK-11474 [DTC] | Tramission-time: 0.0018172802323657609
[311] Energy routing consumed by STARLINK-5843: 0.000000 J (remaining 38456.18)
[312][GREEDY] STARLINK-30286 -> STARLINK-11474 [DTC] | Tramission-time: 0.0018610018459326051
[312] Energy routing consumed by STARLINK-30286: 0.000000 J (remaining 51518.59)
[MODE: BIDIRECTIONAL]
[311][GREEDY] CONSEGNATO! STARLINK-11474 [DTC] -> OBS | Tramission-time: 9.935363630104646e-12
---> Task 314 (Type: CPU_and_Data_Intensive) arriva in 166.86
--- [166.86] Task 314 using SearchNode Policy: v1_heuristic ---
[314] Filtro euristico: DTS-TMAX
[166.86] [Task 314] Routed STARLINK-11734 [DTC] -> STARLINK-4396 | E_NET=0.000326 J | Remaining=79999.99 J
[166.864] Task 314 enqueued on CPU STARLINK-4396 qlen_enqueue=1
[MODE: BIDIRECTIONAL]
[312][GREEDY] CONSEGNATO! STARLINK-11474 [DTC] -> OBS | Tramission-time: 3.16605033113924e-11
---> Task 315 (Type: Generic_Service) arriva in 166.97
--- [166.97] Task 315 using SearchNode Policy: v1_heuristic ---
[315] Filtro euristico: DTS-TMAX
[166.97] [Task 315] Routed STARLINK-11734 [DTC] -> STARLINK-11474 [DTC] | E_NET=0.000020 J | Remaining=79999.99 J
[166.969] Task 315 enqueued on CPU STARLINK-11474 [DTC] qlen_enqueue=1
[Task 315] Task eseguito su STARLINK-11474 [DTC] 74.4222598919172 degrees | CPU=1201.6349J, NET=0.0000J, TOTAL=1201.6349J, Remaining=52428.06J
[166.996] Task 315 served on STARLINK-11474 [DTC] qlen_enqueue_cpu=1 qlen_enqueue_net=None time_in_queue=0.000
[MODE: BIDIRECTIONAL]
[315][GREEDY] CONSEGNATO! STARLINK-11474 [DTC] -> OBS | Tramission-time: 1.4993094854938507e-11
---> Task 316 (Type: CPU_Intensive) arriva in 167.07
--- [167.07] Task 316 using SearchNode Policy: v1_heuristic ---
[316] Filtro euristico: DTS-TMAX
[167.07] [Task 316] Routed STARLINK-11734 [DTC] -> STARLINK-11474 [DTC] | E_NET=0.000014 J | Remaining=79999.99 J
[167.076] Task 316 enqueued on CPU STARLINK-11474 [DTC] qlen_enqueue=1
[Task 316] Task eseguito su STARLINK-11474 [DTC] 74.4222598919172 degrees | CPU=27624.2899J, NET=0.0000J, TOTAL=27624.2899J, Remaining=24803.77J
[167.656] Task 316 served on STARLINK-11474 [DTC] qlen_enqueue_cpu=1 qlen_enqueue_net=None time_in_queue=0.000
[MODE: BIDIRECTIONAL]
[316][GREEDY] CONSEGNATO! STARLINK-11474 [DTC] -> OBS | Tramission-time: 1.1550589801834486e-11
[167.742] Task 314 enqueued on NET STARLINK-4396 qlen_enqueue_net=1
[Task 314] Task eseguito su STARLINK-4396 48.368802622915 degrees | CPU=41874.4710J, NET=0.0004J, TOTAL=41874.4714J, Remaining=17612.23J
[167.743] Task 314 served on STARLINK-4396 qlen_enqueue_cpu=1 qlen_enqueue_net=1 time_in_queue=0.000
[167.749] Task 313 enqueued on NET STARLINK-32743 qlen_enqueue_net=1
[Task 313] Task eseguito su STARLINK-32743 40.56924764530115 degrees | CPU=67094.8049J, NET=0.0068J, TOTAL=67094.8116J, Remaining=12905.19J
[167.755] Task 313 served on STARLINK-32743 qlen_enqueue_cpu=1 qlen_enqueue_net=1 time_in_queue=0.000
[314][GREEDY] STARLINK-4396 -> STARLINK-11474 [DTC] | Tramission-time: 0.0016464083292804556
[314] Energy routing consumed by STARLINK-4396: 0.000000 J (remaining 17612.23)
[MODE: BIDIRECTIONAL]
[314][GREEDY] CONSEGNATO! STARLINK-11474 [DTC] -> OBS | Tramission-time: 2.962590512906487e-10
[313][GREEDY] STARLINK-32743 -> STARLINK-11474 [DTC] | Tramission-time: 0.0015368492766087525
[313] Energy routing consumed by STARLINK-32743: 0.000000 J (remaining 12905.19)
[MODE: BIDIRECTIONAL]
[313][GREEDY] CONSEGNATO! STARLINK-11474 [DTC] -> OBS | Tramission-time: 5.011527838419317e-09
----------------------------------------------------------------------
	||TIME IN SIMULATION : (seconds:168) (minutes: 2) ||

MODIFICA CONFIGURAZIONE IN CORSO...

Aggiornato il Tempo Globale:  2025-11-20 20:58:02
---> Task 317 (Type: CPU_and_Data_Intensive) arriva in 168.35
--- [168.35] Task 317 using SearchNode Policy: v1_heuristic ---
[317] Filtro euristico: DTS-TMAX
[168.35] [Task 317] Routed STARLINK-11734 [DTC] -> STARLINK-30286 | E_NET=0.008192 J | Remaining=79999.99 J
[168.355] Task 317 enqueued on CPU STARLINK-30286 qlen_enqueue=1
[168.466] Task 317 enqueued on NET STARLINK-30286 qlen_enqueue_net=1
[Task 317] Task eseguito su STARLINK-30286 41.21419839911326 degrees | CPU=5276.9347J, NET=0.0101J, TOTAL=5276.9448J, Remaining=46241.65J
[168.476] Task 317 served on STARLINK-30286 qlen_enqueue_cpu=1 qlen_enqueue_net=1 time_in_queue=0.000
[317][GREEDY] STARLINK-30286 -> STARLINK-11474 [DTC] | Tramission-time: 0.0018237176881212905
[317] Energy routing consumed by STARLINK-30286: 0.000000 J (remaining 46241.65)
[MODE: BIDIRECTIONAL]
[317][GREEDY] CONSEGNATO! STARLINK-11474 [DTC] -> OBS | Tramission-time: 7.191435863858687e-09
---> Task 318 (Type: Generic_Service) arriva in 168.89
--- [168.89] Task 318 using SearchNode Policy: v1_heuristic ---
[318] Filtro euristico: DTS-TMAX
[168.89] [Task 318] Routed STARLINK-11734 [DTC] -> STARLINK-30286 | E_NET=0.000009 J | Remaining=79999.99 J
[168.888] Task 318 enqueued on CPU STARLINK-30286 qlen_enqueue=1
[Task 318] Task eseguito su STARLINK-30286 41.21419839911326 degrees | CPU=4694.0337J, NET=0.0000J, TOTAL=4694.0337J, Remaining=41547.62J
[168.987] Task 318 served on STARLINK-30286 qlen_enqueue_cpu=1 qlen_enqueue_net=None time_in_queue=0.000
[318][GREEDY] STARLINK-30286 -> STARLINK-11474 [DTC] | Tramission-time: 0.0018237086280794813
[318] Energy routing consumed by STARLINK-30286: 0.000000 J (remaining 41547.62)
[MODE: BIDIRECTIONAL]
[318][GREEDY] CONSEGNATO! STARLINK-11474 [DTC] -> OBS | Tramission-time: 7.98814438473181e-12
---> Task 319 (Type: CPU_Intensive) arriva in 169.32
--- [169.32] Task 319 using SearchNode Policy: v1_heuristic ---
[319] Filtro euristico: DTS-TMAX
[169.32] [Task 319] Routed STARLINK-11734 [DTC] -> STARLINK-31702 | E_NET=0.000014 J | Remaining=79999.99 J
[169.316] Task 319 enqueued on CPU STARLINK-31702 qlen_enqueue=1
[Task 319] Task eseguito su STARLINK-31702 48.326104930507846 degrees | CPU=750.8319J, NET=0.0000J, TOTAL=750.8319J, Remaining=41688.09J
[169.333] Task 319 served on STARLINK-31702 qlen_enqueue_cpu=1 qlen_enqueue_net=None time_in_queue=0.000
---> Task 320 (Type: CPU_Intensive) arriva in 169.36
--- [169.36] Task 320 using SearchNode Policy: v1_heuristic ---
[320] Filtro euristico: DTS-TMAX
[169.36] [Task 320] Routed STARLINK-11734 [DTC] -> STARLINK-2713 | E_NET=0.000027 J | Remaining=79999.99 J
[169.362] Task 320 enqueued on CPU STARLINK-2713 qlen_enqueue=1
[319][GREEDY] STARLINK-31702 -> STARLINK-11474 [DTC] | Tramission-time: 0.0012027872662923305
[319] Energy routing consumed by STARLINK-31702: 0.000000 J (remaining 41688.09)
[MODE: BIDIRECTIONAL]
[319][GREEDY] CONSEGNATO! STARLINK-11474 [DTC] -> OBS | Tramission-time: 1.8085574479784317e-11
[Task 320] Task eseguito su STARLINK-2713 55.71631208587087 degrees | CPU=9588.8285J, NET=0.0000J, TOTAL=9588.8286J, Remaining=32479.51J
[169.565] Task 320 served on STARLINK-2713 qlen_enqueue_cpu=1 qlen_enqueue_net=None time_in_queue=0.000
[320][GREEDY] STARLINK-2713 -> STARLINK-11474 [DTC] | Tramission-time: 0.0011484262862980126
[320] Energy routing consumed by STARLINK-2713: 0.000000 J (remaining 32479.51)
[MODE: BIDIRECTIONAL]
[320][GREEDY] CONSEGNATO! STARLINK-11474 [DTC] -> OBS | Tramission-time: 2.7044813339117873e-11
---> Task 321 (Type: Generic_Service) arriva in 169.67
--- [169.67] Task 321 using SearchNode Policy: v1_heuristic ---
[321] Filtro euristico: DTS-TMAX
[169.67] [Task 321] Routed STARLINK-11734 [DTC] -> STARLINK-31702 | E_NET=0.000012 J | Remaining=79999.99 J
[169.673] Task 321 enqueued on CPU STARLINK-31702 qlen_enqueue=1
[Task 321] Task eseguito su STARLINK-31702 48.326104930507846 degrees | CPU=4114.4656J, NET=0.0000J, TOTAL=4114.4657J, Remaining=37573.63J
[169.760] Task 321 served on STARLINK-31702 qlen_enqueue_cpu=1 qlen_enqueue_net=None time_in_queue=0.000
[321][GREEDY] STARLINK-31702 -> STARLINK-11474 [DTC] | Tramission-time: 0.001202787262182317
[321] Energy routing consumed by STARLINK-31702: 0.000000 J (remaining 37573.63)
[MODE: BIDIRECTIONAL]
[321][GREEDY] CONSEGNATO! STARLINK-11474 [DTC] -> OBS | Tramission-time: 1.3978947671349573e-11
---> Task 322 (Type: CPU_Intensive) arriva in 169.86
--- [169.86] Task 322 using SearchNode Policy: v1_heuristic ---
[322] Filtro euristico: DTS-TMAX
[169.86] [Task 322] Routed STARLINK-11734 [DTC] -> STARLINK-1826 | E_NET=0.000025 J | Remaining=79999.99 J
[169.865] Task 322 enqueued on CPU STARLINK-1826 qlen_enqueue=1
----------------------------------------------------------------------
	||TIME IN SIMULATION : (seconds:170) (minutes: 2) ||

MODIFICA CONFIGURAZIONE IN CORSO...

Aggiornato il Tempo Globale:  2025-11-20 20:58:04
---> Task 323 (Type: Generic_Service) arriva in 170.13
--- [170.13] Task 323 using SearchNode Policy: v1_heuristic ---
[323] Filtro euristico: DTS-TMAX
[170.13] [Task 323] Routed STARLINK-11734 [DTC] -> STARLINK-30286 | E_NET=0.000022 J | Remaining=79999.98 J
[170.129] Task 323 enqueued on CPU STARLINK-30286 qlen_enqueue=1
[Task 323] Task eseguito su STARLINK-30286 41.88213606025209 degrees | CPU=2042.9385J, NET=0.0000J, TOTAL=2042.9385J, Remaining=39504.68J
[170.174] Task 323 served on STARLINK-30286 qlen_enqueue_cpu=1 qlen_enqueue_net=None time_in_queue=0.000
[323][GREEDY] STARLINK-30286 -> STARLINK-11474 [DTC] | Tramission-time: 0.001786941710243423
[323] Energy routing consumed by STARLINK-30286: 0.000000 J (remaining 39504.68)
[MODE: BIDIRECTIONAL]
[323][GREEDY] CONSEGNATO! STARLINK-11474 [DTC] -> OBS | Tramission-time: 1.741797027871002e-11
[Task 322] Task eseguito su STARLINK-1826 57.52001899303392 degrees | CPU=30683.6221J, NET=0.0000J, TOTAL=30683.6221J, Remaining=10876.98J
[170.510] Task 322 served on STARLINK-1826 qlen_enqueue_cpu=1 qlen_enqueue_net=None time_in_queue=0.000
[322][GREEDY] STARLINK-1826 -> STARLINK-11474 [DTC] | Tramission-time: 0.001264679018116631
[322] Energy routing consumed by STARLINK-1826: 0.000000 J (remaining 10876.98)
[MODE: BIDIRECTIONAL]
[322][GREEDY] CONSEGNATO! STARLINK-11474 [DTC] -> OBS | Tramission-time: 1.9777521600755742e-11
---> Task 324 (Type: Generic_Service) arriva in 170.93
--- [170.93] Task 324 using SearchNode Policy: v1_heuristic ---
[324] Filtro euristico: DTS-TMAX
[170.93] [Task 324] Routed STARLINK-11734 [DTC] -> STARLINK-31763 | E_NET=0.000019 J | Remaining=79999.98 J
[170.935] Task 324 enqueued on CPU STARLINK-31763 qlen_enqueue=1
---> Task 325 (Type: CPU_Intensive) arriva in 170.95
--- [170.95] Task 325 using SearchNode Policy: v1_heuristic ---
[325] Filtro euristico: DTS-TMAX
[170.95] [Task 325] Routed STARLINK-11734 [DTC] -> STARLINK-30286 | E_NET=0.000030 J | Remaining=79999.98 J
[Task 325] REJECTED on STARLINK-30286 due to: Insufficient Energy for CPU
[Task 324] Task eseguito su STARLINK-31763 64.90186683997953 degrees | CPU=2883.5092J, NET=0.0000J, TOTAL=2883.5093J, Remaining=38630.49J
[170.998] Task 324 served on STARLINK-31763 qlen_enqueue_cpu=1 qlen_enqueue_net=None time_in_queue=0.000
[324][GREEDY] STARLINK-31763 -> STARLINK-11474 [DTC] | Tramission-time: 0.0008866223487677102
[324] Energy routing consumed by STARLINK-31763: 0.000000 J (remaining 38630.49)
[MODE: BIDIRECTIONAL]
[324][GREEDY] CONSEGNATO! STARLINK-11474 [DTC] -> OBS | Tramission-time: 1.9965784009475247e-11
---> Task 326 (Type: CPU_Intensive) arriva in 171.13
--- [171.13] Task 326 using SearchNode Policy: v1_heuristic ---
[326] Filtro euristico: DTS-TMAX
[171.13] [Task 326] Routed STARLINK-11734 [DTC] -> STARLINK-30223 | E_NET=0.000009 J | Remaining=79999.98 J
[171.129] Task 326 enqueued on CPU STARLINK-30223 qlen_enqueue=1
---> Task 327 (Type: Generic_Service) arriva in 171.14
--- [171.14] Task 327 using SearchNode Policy: v1_heuristic ---
[327] Filtro euristico: DTS-TMAX
[171.14] [Task 327] Routed STARLINK-11734 [DTC] -> STARLINK-30900 | E_NET=0.000010 J | Remaining=79999.98 J
[171.144] Task 327 enqueued on CPU STARLINK-30900 qlen_enqueue=1
[Task 327] Task eseguito su STARLINK-30900 72.38485127190896 degrees | CPU=2751.5436J, NET=0.0000J, TOTAL=2751.5436J, Remaining=38118.67J
[171.202] Task 327 served on STARLINK-30900 qlen_enqueue_cpu=1 qlen_enqueue_net=None time_in_queue=0.000
[327][GREEDY] STARLINK-30900 -> STARLINK-11474 [DTC] | Tramission-time: 0.0009196489217822032
[327] Energy routing consumed by STARLINK-30900: 0.000000 J (remaining 38118.67)
[MODE: BIDIRECTIONAL]
[327][GREEDY] CONSEGNATO! STARLINK-11474 [DTC] -> OBS | Tramission-time: 1.0541719870785566e-11
[Task 326] Task eseguito su STARLINK-30223 59.340542560402355 degrees | CPU=13574.6977J, NET=0.0000J, TOTAL=13574.6977J, Remaining=27355.28J
[171.415] Task 326 served on STARLINK-30223 qlen_enqueue_cpu=1 qlen_enqueue_net=None time_in_queue=0.000
[326][GREEDY] STARLINK-30223 -> STARLINK-11474 [DTC] | Tramission-time: 0.001518997590022912
[326] Energy routing consumed by STARLINK-30223: 0.000000 J (remaining 27355.28)
[MODE: BIDIRECTIONAL]
[326][GREEDY] CONSEGNATO! STARLINK-11474 [DTC] -> OBS | Tramission-time: 1.1071366481394786e-11
---> Task 328 (Type: CPU_Intensive) arriva in 171.83
--- [171.83] Task 328 using SearchNode Policy: v1_heuristic ---
[328] Filtro euristico: DTS-TMAX
[171.83] [Task 328] Routed STARLINK-11734 [DTC] -> STARLINK-30286 | E_NET=0.000031 J | Remaining=79999.98 J
[171.834] Task 328 enqueued on CPU STARLINK-30286 qlen_enqueue=1
----------------------------------------------------------------------
	||TIME IN SIMULATION : (seconds:172) (minutes: 2) ||

MODIFICA CONFIGURAZIONE IN CORSO...

Aggiornato il Tempo Globale:  2025-11-20 20:58:06
[Task 328] Task eseguito su STARLINK-30286 42.56006262344431 degrees | CPU=14237.2710J, NET=0.0000J, TOTAL=14237.2710J, Remaining=25267.41J
[172.135] Task 328 served on STARLINK-30286 qlen_enqueue_cpu=1 qlen_enqueue_net=None time_in_queue=0.000
[328][GREEDY] STARLINK-30286 -> STARLINK-11474 [DTC] | Tramission-time: 0.0017507350041956235
[328] Energy routing consumed by STARLINK-30286: 0.000000 J (remaining 25267.41)
[MODE: BIDIRECTIONAL]
[328][GREEDY] CONSEGNATO! STARLINK-11474 [DTC] -> OBS | Tramission-time: 2.8449218197328294e-11
---> Task 329 (Type: Generic_Service) arriva in 172.35
--- [172.35] Task 329 using SearchNode Policy: v1_heuristic ---
[329] Filtro euristico: DTS-TMAX
[Task 329] Nessun server rimasto dopo i filtri (deadline/sunset).
[Task 329] REJECTED on STARLINK-11734 [DTC] due to: No suitable server found after deadline/sunset filters
---> Task 330 (Type: CPU_and_Data_Intensive) arriva in 172.78
--- [172.78] Task 330 using SearchNode Policy: v1_heuristic ---
[330] Filtro euristico: DTS-TMAX
[172.78] [Task 330] Routed STARLINK-11734 [DTC] -> STARLINK-33816 | E_NET=0.007731 J | Remaining=79999.98 J
[172.792] Task 330 enqueued on CPU STARLINK-33816 qlen_enqueue=1
---> Task 331 (Type: CPU_and_Data_Intensive) arriva in 173.11
--- [173.11] Task 331 using SearchNode Policy: v1_heuristic ---
[331] Filtro euristico: DTS-TMAX
[Task 331] Nessun server rimasto dopo i filtri (deadline/sunset).
[Task 331] REJECTED on STARLINK-11734 [DTC] due to: No suitable server found after deadline/sunset filters
---> Task 332 (Type: CPU_and_Data_Intensive) arriva in 173.16
--- [173.16] Task 332 using SearchNode Policy: v1_heuristic ---
[332] Filtro euristico: DTS-TMAX
[173.16] [Task 332] Routed STARLINK-11734 [DTC] -> STARLINK-33816 | E_NET=0.002908 J | Remaining=79999.97 J
[173.165] Task 332 enqueued on CPU STARLINK-33816 qlen_enqueue=2
---> Task 333 (Type: CPU_and_Data_Intensive) arriva in 173.18
--- [173.18] Task 333 using SearchNode Policy: v1_heuristic ---
[333] Filtro euristico: DTS-TMAX
[173.18] [Task 333] Routed STARLINK-11734 [DTC] -> STARLINK-3130 | E_NET=0.162167 J | Remaining=79999.81 J
---> Task 334 (Type: CPU_Intensive) arriva in 173.28
--- [173.28] Task 334 using SearchNode Policy: v1_heuristic ---
[334] Filtro euristico: DTS-TMAX
[173.28] [Task 334] Routed STARLINK-11734 [DTC] -> STARLINK-31763 | E_NET=0.000018 J | Remaining=79999.81 J
[173.283] Task 334 enqueued on CPU STARLINK-31763 qlen_enqueue=1
[173.319] Task 330 enqueued on NET STARLINK-33816 qlen_enqueue_net=1
[Task 330] Task eseguito su STARLINK-33816 40.08883840870284 degrees | CPU=25105.5517J, NET=0.0097J, TOTAL=25105.5614J, Remaining=54894.44J
[173.329] Task 330 served on STARLINK-33816 qlen_enqueue_cpu=1 qlen_enqueue_net=1 time_in_queue=0.000
[Task 333] REJECTED on STARLINK-3130 due to: Insufficient Energy for CPU+NET
[330][GREEDY] STARLINK-33816 -> STARLINK-11474 [DTC] | Tramission-time: 0.0017819901319334668
[330] Energy routing consumed by STARLINK-33816: 0.000000 J (remaining 54894.44)
[Task 334] Task eseguito su STARLINK-31763 66.00630114226875 degrees | CPU=4605.6285J, NET=0.0000J, TOTAL=4605.6285J, Remaining=34024.86J
[173.381] Task 334 served on STARLINK-31763 qlen_enqueue_cpu=1 qlen_enqueue_net=None time_in_queue=0.000
[334][GREEDY] STARLINK-31763 -> STARLINK-11474 [DTC] | Tramission-time: 0.0009066767451030876
[334] Energy routing consumed by STARLINK-31763: 0.000000 J (remaining 34024.86)
[MODE: BIDIRECTIONAL]
[330][GREEDY] CONSEGNATO! STARLINK-11474 [DTC] -> OBS | Tramission-time: 6.866832400779262e-09
[MODE: BIDIRECTIONAL]
[334][GREEDY] CONSEGNATO! STARLINK-11474 [DTC] -> OBS | Tramission-time: 1.7458968115727682e-11
[173.593] Task 332 enqueued on NET STARLINK-33816 qlen_enqueue_net=1
[Task 332] Task eseguito su STARLINK-33816 40.08883840870284 degrees | CPU=20390.4871J, NET=0.0037J, TOTAL=20390.4908J, Remaining=34503.95J
[173.596] Task 332 served on STARLINK-33816 qlen_enqueue_cpu=2 qlen_enqueue_net=1 time_in_queue=0.000
[332][GREEDY] STARLINK-33816 -> STARLINK-11474 [DTC] | Tramission-time: 0.0017819861433444279
[332] Energy routing consumed by STARLINK-33816: 0.000000 J (remaining 34503.95)
[MODE: BIDIRECTIONAL]
[332][GREEDY] CONSEGNATO! STARLINK-11474 [DTC] -> OBS | Tramission-time: 2.7921745231814315e-09
----------------------------------------------------------------------
	||TIME IN SIMULATION : (seconds:174) (minutes: 2) ||

MODIFICA CONFIGURAZIONE IN CORSO...

Aggiornato il Tempo Globale:  2025-11-20 20:58:08
---> Task 335 (Type: CPU_and_Data_Intensive) arriva in 174.18
--- [174.18] Task 335 using SearchNode Policy: v1_heuristic ---
[335] Filtro euristico: DTS-TMAX
[174.18] [Task 335] Routed STARLINK-11734 [DTC] -> STARLINK-5843 | E_NET=0.005685 J | Remaining=79999.81 J
[174.188] Task 335 enqueued on CPU STARLINK-5843 qlen_enqueue=1
---> Task 336 (Type: CPU_and_Data_Intensive) arriva in 174.42
--- [174.42] Task 336 using SearchNode Policy: v1_heuristic ---
[336] Filtro euristico: DTS-TMAX
[174.42] [Task 336] Routed STARLINK-11734 [DTC] -> STARLINK-31702 | E_NET=0.065284 J | Remaining=79999.74 J
[174.427] Task 335 enqueued on NET STARLINK-5843 qlen_enqueue_net=1
[Task 335] Task eseguito su STARLINK-5843 44.01681774804594 degrees | CPU=11415.4834J, NET=0.0059J, TOTAL=11415.4893J, Remaining=27040.69J
[174.433] Task 335 served on STARLINK-5843 qlen_enqueue_cpu=1 qlen_enqueue_net=1 time_in_queue=0.000
[335][GREEDY] STARLINK-5843 -> STARLINK-11474 [DTC] | Tramission-time: 0.001665460687888584
[335] Energy routing consumed by STARLINK-5843: 0.000000 J (remaining 27040.69)
[174.482] Task 336 enqueued on CPU STARLINK-31702 qlen_enqueue=1
[MODE: BIDIRECTIONAL]
[335][GREEDY] CONSEGNATO! STARLINK-11474 [DTC] -> OBS | Tramission-time: 4.668834209876601e-09
---> Task 337 (Type: Generic_Service) arriva in 174.59
--- [174.59] Task 337 using SearchNode Policy: v1_heuristic ---
[337] Filtro euristico: DTS-TMAX
[174.59] [Task 337] Routed STARLINK-11734 [DTC] -> STARLINK-3130 | E_NET=0.000024 J | Remaining=79999.74 J
[174.596] Task 337 enqueued on CPU STARLINK-3130 qlen_enqueue=1
[Task 337] Task eseguito su STARLINK-3130 47.618424761044345 degrees | CPU=2388.0451J, NET=0.0000J, TOTAL=2388.0451J, Remaining=35734.20J
[174.648] Task 337 served on STARLINK-3130 qlen_enqueue_cpu=1 qlen_enqueue_net=None time_in_queue=0.000
[337][GREEDY] STARLINK-3130 -> STARLINK-11474 [DTC] | Tramission-time: 0.0016859432924423619
[337] Energy routing consumed by STARLINK-3130: 0.000000 J (remaining 35734.20)
[174.782] Task 336 enqueued on NET STARLINK-31702 qlen_enqueue_net=1
[MODE: BIDIRECTIONAL]
[337][GREEDY] CONSEGNATO! STARLINK-11474 [DTC] -> OBS | Tramission-time: 2.003355491733041e-11
[Task 336] Task eseguito su STARLINK-31702 48.32599433743945 degrees | CPU=14291.4390J, NET=0.0943J, TOTAL=14291.5333J, Remaining=23282.09J
[174.876] Task 336 served on STARLINK-31702 qlen_enqueue_cpu=1 qlen_enqueue_net=1 time_in_queue=0.000
[336][GREEDY] STARLINK-31702 -> STARLINK-11474 [DTC] | Tramission-time: 0.0011638183443064057
[336] Energy routing consumed by STARLINK-31702: 0.000000 J (remaining 23282.09)
[MODE: BIDIRECTIONAL]
[336][GREEDY] CONSEGNATO! STARLINK-11474 [DTC] -> OBS | Tramission-time: 6.313682505763673e-08
---> Task 338 (Type: Generic_Service) arriva in 175.44
--- [175.44] Task 338 using SearchNode Policy: v1_heuristic ---
[338] Filtro euristico: DTS-TMAX
[175.44] [Task 338] Routed STARLINK-11734 [DTC] -> STARLINK-30900 | E_NET=0.000020 J | Remaining=79999.74 J
[175.446] Task 338 enqueued on CPU STARLINK-30900 qlen_enqueue=1
---> Task 339 (Type: Generic_Service) arriva in 175.47
--- [175.47] Task 339 using SearchNode Policy: v1_heuristic ---
[339] Filtro euristico: DTS-TMAX
[175.47] [Task 339] Routed STARLINK-11734 [DTC] -> STARLINK-31207 | E_NET=0.000021 J | Remaining=79999.74 J
[175.476] Task 339 enqueued on CPU STARLINK-31207 qlen_enqueue=1
[Task 338] Task eseguito su STARLINK-30900 74.56231580852109 degrees | CPU=3479.2395J, NET=0.0000J, TOTAL=3479.2395J, Remaining=34639.43J
[175.520] Task 338 served on STARLINK-30900 qlen_enqueue_cpu=1 qlen_enqueue_net=None time_in_queue=0.000
[Task 339] Task eseguito su STARLINK-31207 77.83334246207416 degrees | CPU=3140.2843J, NET=0.0000J, TOTAL=3140.2843J, Remaining=34680.57J
[175.543] Task 339 served on STARLINK-31207 qlen_enqueue_cpu=1 qlen_enqueue_net=None time_in_queue=0.000
[338][GREEDY] STARLINK-30900 -> STARLINK-11474 [DTC] | Tramission-time: 0.0009506118767973697
[338] Energy routing consumed by STARLINK-30900: 0.000000 J (remaining 34639.43)
[MODE: BIDIRECTIONAL]
[339][GREEDY] CONSEGNATO! STARLINK-31207 -> OBS | Tramission-time: 2.2775904474747238e-11
[MODE: BIDIRECTIONAL]
[338][GREEDY] CONSEGNATO! STARLINK-11474 [DTC] -> OBS | Tramission-time: 1.6416681073555223e-11
---> Task 340 (Type: CPU_and_Data_Intensive) arriva in 175.81
--- [175.81] Task 340 using SearchNode Policy: v1_heuristic ---
[340] Filtro euristico: DTS-TMAX
[175.81] [Task 340] Routed STARLINK-11734 [DTC] -> STARLINK-35398 | E_NET=0.004098 J | Remaining=79999.74 J
[175.819] Task 340 enqueued on CPU STARLINK-35398 qlen_enqueue=1
----------------------------------------------------------------------
	||TIME IN SIMULATION : (seconds:176) (minutes: 2) ||

MODIFICA CONFIGURAZIONE IN CORSO...

Aggiornato il Tempo Globale:  2025-11-20 20:58:10
---> Task 341 (Type: CPU_Intensive) arriva in 176.01
--- [176.01] Task 341 using SearchNode Policy: v1_heuristic ---
[341] Filtro euristico: DTS-TMAX
[176.01] [Task 341] Routed STARLINK-11734 [DTC] -> STARLINK-3130 | E_NET=0.000014 J | Remaining=79999.74 J
[176.017] Task 341 enqueued on CPU STARLINK-3130 qlen_enqueue=1
[Task 341] Task eseguito su STARLINK-3130 48.13588219154478 degrees | CPU=7515.5059J, NET=0.0000J, TOTAL=7515.5059J, Remaining=28218.70J
[176.176] Task 341 served on STARLINK-3130 qlen_enqueue_cpu=1 qlen_enqueue_net=None time_in_queue=0.000
[341][GREEDY] STARLINK-3130 -> STARLINK-11474 [DTC] | Tramission-time: 0.0017154406249330673
[341] Energy routing consumed by STARLINK-3130: 0.000000 J (remaining 28218.70)
[176.243] Task 340 enqueued on NET STARLINK-35398 qlen_enqueue_net=1
---> Task 342 (Type: CPU_Intensive) arriva in 176.25
--- [176.25] Task 342 using SearchNode Policy: v1_heuristic ---
[342] Filtro euristico: DTS-TMAX
[176.25] [Task 342] Routed STARLINK-11734 [DTC] -> STARLINK-31207 | E_NET=0.000017 J | Remaining=79999.74 J
[Task 342] REJECTED on STARLINK-31207 due to: Insufficient Energy for CPU
[Task 340] Task eseguito su STARLINK-35398 53.73709102908844 degrees | CPU=20233.0594J, NET=0.0058J, TOTAL=20233.0652J, Remaining=17234.63J
[176.249] Task 340 served on STARLINK-35398 qlen_enqueue_cpu=1 qlen_enqueue_net=1 time_in_queue=0.000
[MODE: BIDIRECTIONAL]
[341][GREEDY] CONSEGNATO! STARLINK-11474 [DTC] -> OBS | Tramission-time: 1.2730751436275721e-11
[340][GREEDY] STARLINK-35398 -> STARLINK-11474 [DTC] | Tramission-time: 0.0012997078750227558
[340] Energy routing consumed by STARLINK-35398: 0.000000 J (remaining 17234.63)
[MODE: BIDIRECTIONAL]
[340][GREEDY] CONSEGNATO! STARLINK-11474 [DTC] -> OBS | Tramission-time: 4.7680914410895975e-09
---> Task 343 (Type: CPU_Intensive) arriva in 176.93
--- [176.93] Task 343 using SearchNode Policy: v1_heuristic ---
[343] Filtro euristico: DTS-TMAX
[176.93] [Task 343] Routed STARLINK-11734 [DTC] -> STARLINK-31207 | E_NET=0.000010 J | Remaining=79999.74 J
[176.930] Task 343 enqueued on CPU STARLINK-31207 qlen_enqueue=1
[Task 343] Task eseguito su STARLINK-31207 79.32904971425197 degrees | CPU=14190.3282J, NET=0.0000J, TOTAL=14190.3282J, Remaining=20490.24J
[177.228] Task 343 served on STARLINK-31207 qlen_enqueue_cpu=1 qlen_enqueue_net=None time_in_queue=0.000
[MODE: BIDIRECTIONAL]
[343][GREEDY] CONSEGNATO! STARLINK-31207 -> OBS | Tramission-time: 8.734546541237615e-12
---> Task 344 (Type: CPU_Intensive) arriva in 177.63
--- [177.63] Task 344 using SearchNode Policy: v1_heuristic ---
[344] Filtro euristico: DTS-TMAX
[177.63] [Task 344] Routed STARLINK-11734 [DTC] -> STARLINK-30900 | E_NET=0.000031 J | Remaining=79999.74 J
[177.633] Task 344 enqueued on CPU STARLINK-30900 qlen_enqueue=1
[Task 344] Task eseguito su STARLINK-30900 75.59124730664142 degrees | CPU=4473.8985J, NET=0.0000J, TOTAL=4473.8985J, Remaining=30165.53J
[177.730] Task 344 served on STARLINK-30900 qlen_enqueue_cpu=1 qlen_enqueue_net=None time_in_queue=0.000
---> Task 345 (Type: Generic_Service) arriva in 177.73
--- [177.73] Task 345 using SearchNode Policy: v1_heuristic ---
[345] Filtro euristico: DTS-TMAX
[177.73] [Task 345] Routed STARLINK-11734 [DTC] -> STARLINK-33816 | E_NET=0.000017 J | Remaining=79999.74 J
[177.735] Task 345 enqueued on CPU STARLINK-33816 qlen_enqueue=1
[344][GREEDY] STARLINK-30900 -> STARLINK-11474 [DTC] | Tramission-time: 0.0009668768508044898
[344] Energy routing consumed by STARLINK-30900: 0.000000 J (remaining 30165.53)
[MODE: BIDIRECTIONAL]
[344][GREEDY] CONSEGNATO! STARLINK-11474 [DTC] -> OBS | Tramission-time: 3.396012244956801e-11
[Task 345] Task eseguito su STARLINK-33816 41.735846209236016 degrees | CPU=3315.8317J, NET=0.0000J, TOTAL=3315.8317J, Remaining=31188.12J
[177.806] Task 345 served on STARLINK-33816 qlen_enqueue_cpu=1 qlen_enqueue_net=None time_in_queue=0.000
[345][GREEDY] STARLINK-33816 -> STARLINK-11474 [DTC] | Tramission-time: 0.0017879516307652283
[345] Energy routing consumed by STARLINK-33816: 0.000000 J (remaining 31188.12)
[MODE: BIDIRECTIONAL]
[345][GREEDY] CONSEGNATO! STARLINK-11474 [DTC] -> OBS | Tramission-time: 1.5828345004878265e-11
----------------------------------------------------------------------
	||TIME IN SIMULATION : (seconds:178) (minutes: 2) ||

MODIFICA CONFIGURAZIONE IN CORSO...

Aggiornato il Tempo Globale:  2025-11-20 20:58:12
---> Task 346 (Type: CPU_and_Data_Intensive) arriva in 178.26
--- [178.26] Task 346 using SearchNode Policy: v1_heuristic ---
[346] Filtro euristico: DTS-TMAX
[178.26] [Task 346] Routed STARLINK-11734 [DTC] -> STARLINK-31763 | E_NET=0.003989 J | Remaining=79999.73 J
[178.264] Task 346 enqueued on CPU STARLINK-31763 qlen_enqueue=1
[178.373] Task 346 enqueued on NET STARLINK-31763 qlen_enqueue_net=1
[Task 346] Task eseguito su STARLINK-31763 69.12648155932972 degrees | CPU=5193.0028J, NET=0.0053J, TOTAL=5193.0081J, Remaining=28831.86J
[178.378] Task 346 served on STARLINK-31763 qlen_enqueue_cpu=1 qlen_enqueue_net=1 time_in_queue=0.000
[346][GREEDY] STARLINK-31763 -> STARLINK-11474 [DTC] | Tramission-time: 0.000970130373794968
[346] Energy routing consumed by STARLINK-31763: 0.000000 J (remaining 28831.86)
[MODE: BIDIRECTIONAL]
[346][GREEDY] CONSEGNATO! STARLINK-11474 [DTC] -> OBS | Tramission-time: 3.910640619222976e-09
---> Task 347 (Type: Generic_Service) arriva in 178.65
--- [178.65] Task 347 using SearchNode Policy: v1_heuristic ---
[347] Filtro euristico: DTS-TMAX
[178.65] [Task 347] Routed STARLINK-11734 [DTC] -> STARLINK-30986 | E_NET=0.000023 J | Remaining=79999.73 J
[178.650] Task 347 enqueued on CPU STARLINK-30986 qlen_enqueue=1
[Task 347] Task eseguito su STARLINK-30986 70.78277556431988 degrees | CPU=3649.2519J, NET=0.0000J, TOTAL=3649.2520J, Remaining=30202.89J
[178.729] Task 347 served on STARLINK-30986 qlen_enqueue_cpu=1 qlen_enqueue_net=None time_in_queue=0.000
[347][GREEDY] STARLINK-30986 -> STARLINK-11474 [DTC] | Tramission-time: 0.0011169640161561227
[347] Energy routing consumed by STARLINK-30986: 0.000000 J (remaining 30202.89)
[MODE: BIDIRECTIONAL]
[347][GREEDY] CONSEGNATO! STARLINK-11474 [DTC] -> OBS | Tramission-time: 1.9717405529793846e-11
---> Task 348 (Type: Generic_Service) arriva in 178.82
--- [178.82] Task 348 using SearchNode Policy: v1_heuristic ---
[348] Filtro euristico: DTS-TMAX
[178.82] [Task 348] Routed STARLINK-11734 [DTC] -> STARLINK-33947 | E_NET=0.000006 J | Remaining=79999.73 J
[178.826] Task 348 enqueued on CPU STARLINK-33947 qlen_enqueue=1
[Task 348] Task eseguito su STARLINK-33947 70.02656692155848 degrees | CPU=3310.9396J, NET=0.0000J, TOTAL=3310.9396J, Remaining=29438.84J
[178.896] Task 348 served on STARLINK-33947 qlen_enqueue_cpu=1 qlen_enqueue_net=None time_in_queue=0.000
[348][GREEDY] STARLINK-33947 -> STARLINK-11474 [DTC] | Tramission-time: 0.0008450918283574823
[348] Energy routing consumed by STARLINK-33947: 0.000000 J (remaining 29438.84)
[MODE: BIDIRECTIONAL]
[348][GREEDY] CONSEGNATO! STARLINK-11474 [DTC] -> OBS | Tramission-time: 6.057613892874925e-12
----------------------------------------------------------------------
	||TIME IN SIMULATION : (seconds:180) (minutes: 3) ||

MODIFICA CONFIGURAZIONE IN CORSO...

Aggiornato il Tempo Globale:  2025-11-20 20:58:14
---> Task 349 (Type: Generic_Service) arriva in 180.29
--- [180.29] Task 349 using SearchNode Policy: v1_heuristic ---
[349] Filtro euristico: DTS-TMAX
[180.29] [Task 349] Routed STARLINK-11734 [DTC] -> STARLINK-2713 | E_NET=0.000019 J | Remaining=79999.73 J
[180.289] Task 349 enqueued on CPU STARLINK-2713 qlen_enqueue=1
---> Task 350 (Type: CPU_Intensive) arriva in 180.30
--- [180.30] Task 350 using SearchNode Policy: v1_heuristic ---
[350] Filtro euristico: DTS-TMAX
[180.30] [Task 350] Routed STARLINK-11734 [DTC] -> STARLINK-5939 | E_NET=0.000018 J | Remaining=79999.73 J
[Task 350] REJECTED on STARLINK-5939 due to: Insufficient Energy for CPU
[Task 349] Task eseguito su STARLINK-2713 60.54097692292332 degrees | CPU=8234.8351J, NET=0.0000J, TOTAL=8234.8351J, Remaining=24244.67J
[180.463] Task 349 served on STARLINK-2713 qlen_enqueue_cpu=1 qlen_enqueue_net=None time_in_queue=0.000
[349][GREEDY] STARLINK-2713 -> STARLINK-11474 [DTC] | Tramission-time: 0.001160766706833422
[349] Energy routing consumed by STARLINK-2713: 0.000000 J (remaining 24244.67)
[MODE: BIDIRECTIONAL]
[349][GREEDY] CONSEGNATO! STARLINK-11474 [DTC] -> OBS | Tramission-time: 2.0530881529463244e-11
---> Task 351 (Type: CPU_Intensive) arriva in 180.51
--- [180.51] Task 351 using SearchNode Policy: v1_heuristic ---
[351] Filtro euristico: DTS-TMAX
[180.51] [Task 351] Routed STARLINK-11734 [DTC] -> STARLINK-5939 | E_NET=0.000021 J | Remaining=79999.73 J
[180.512] Task 351 enqueued on CPU STARLINK-5939 qlen_enqueue=1
---> Task 352 (Type: CPU_and_Data_Intensive) arriva in 180.89
--- [180.89] Task 352 using SearchNode Policy: v1_heuristic ---
[352] Filtro euristico: DTS-TMAX
[180.89] [Task 352] Routed STARLINK-11734 [DTC] -> STARLINK-5939 | E_NET=0.000017 J | Remaining=79999.73 J
[Task 352] REJECTED on STARLINK-5939 due to: Insufficient Energy for CPU+NET
[Task 351] Task eseguito su STARLINK-5939 77.2909953973911 degrees | CPU=19202.1689J, NET=0.0000J, TOTAL=19202.1689J, Remaining=12969.78J
[180.916] Task 351 served on STARLINK-5939 qlen_enqueue_cpu=1 qlen_enqueue_net=None time_in_queue=0.000
[351][GREEDY] STARLINK-5939 -> STARLINK-11474 [DTC] | Tramission-time: 0.0006816020104115287
[351] Energy routing consumed by STARLINK-5939: 0.000000 J (remaining 12969.78)
[MODE: BIDIRECTIONAL]
[351][GREEDY] CONSEGNATO! STARLINK-11474 [DTC] -> OBS | Tramission-time: 1.4393336919504071e-11
---> Task 353 (Type: Generic_Service) arriva in 181.57
--- [181.57] Task 353 using SearchNode Policy: v1_heuristic ---
[353] Filtro euristico: DTS-TMAX
[181.57] [Task 353] Routed STARLINK-11734 [DTC] -> STARLINK-31008 | E_NET=0.000029 J | Remaining=79999.73 J
[181.567] Task 353 enqueued on CPU STARLINK-31008 qlen_enqueue=1
[Task 353] Task eseguito su STARLINK-31008 62.74153088353621 degrees | CPU=263.7436J, NET=0.0000J, TOTAL=263.7437J, Remaining=31254.90J
[181.575] Task 353 served on STARLINK-31008 qlen_enqueue_cpu=1 qlen_enqueue_net=None time_in_queue=0.000
[353][GREEDY] STARLINK-31008 -> STARLINK-11474 [DTC] | Tramission-time: 0.00066071605363931
[353] Energy routing consumed by STARLINK-31008: 0.000000 J (remaining 31254.90)
[MODE: BIDIRECTIONAL]
[353][GREEDY] CONSEGNATO! STARLINK-11474 [DTC] -> OBS | Tramission-time: 3.309291936836219e-11
----------------------------------------------------------------------
	||TIME IN SIMULATION : (seconds:182) (minutes: 3) ||

MODIFICA CONFIGURAZIONE IN CORSO...

Aggiornato il Tempo Globale:  2025-11-20 20:58:16
---> Task 354 (Type: CPU_Intensive) arriva in 182.49
--- [182.49] Task 354 using SearchNode Policy: v1_heuristic ---
[354] Filtro euristico: DTS-TMAX
[182.49] [Task 354] Routed STARLINK-11734 [DTC] -> STARLINK-31008 | E_NET=0.000007 J | Remaining=79999.73 J
[182.495] Task 354 enqueued on CPU STARLINK-31008 qlen_enqueue=1
---> Task 355 (Type: CPU_and_Data_Intensive) arriva in 182.53
--- [182.53] Task 355 using SearchNode Policy: v1_heuristic ---
[355] Filtro euristico: DTS-TMAX
[182.53] [Task 355] Routed STARLINK-11734 [DTC] -> STARLINK-34902 | E_NET=0.000151 J | Remaining=79999.73 J
[Task 355] REJECTED on STARLINK-34902 due to: Insufficient Energy for CPU+NET
[Task 354] Task eseguito su STARLINK-31008 63.7569864097578 degrees | CPU=22518.6153J, NET=0.0000J, TOTAL=22518.6153J, Remaining=8736.29J
[182.968] Task 354 served on STARLINK-31008 qlen_enqueue_cpu=1 qlen_enqueue_net=None time_in_queue=0.000
[354][GREEDY] STARLINK-31008 -> STARLINK-11474 [DTC] | Tramission-time: 0.0006336159893803205
[354] Energy routing consumed by STARLINK-31008: 0.000000 J (remaining 8736.29)
[MODE: BIDIRECTIONAL]
[354][GREEDY] CONSEGNATO! STARLINK-11474 [DTC] -> OBS | Tramission-time: 7.614917194229142e-12
---> Task 356 (Type: Generic_Service) arriva in 183.25
--- [183.25] Task 356 using SearchNode Policy: v1_heuristic ---
[356] Filtro euristico: DTS-TMAX
[183.25] [Task 356] Routed STARLINK-11734 [DTC] -> STARLINK-33816 | E_NET=0.000024 J | Remaining=79999.73 J
[183.255] Task 356 enqueued on CPU STARLINK-33816 qlen_enqueue=1
[Task 356] Task eseguito su STARLINK-33816 44.37106038767337 degrees | CPU=5585.8137J, NET=0.0000J, TOTAL=5585.8137J, Remaining=25602.30J
[183.374] Task 356 served on STARLINK-33816 qlen_enqueue_cpu=1 qlen_enqueue_net=None time_in_queue=0.000
[356][GREEDY] STARLINK-33816 -> STARLINK-11474 [DTC] | Tramission-time: 0.0017997685090857746
[356] Energy routing consumed by STARLINK-33816: 0.000000 J (remaining 25602.30)
[MODE: BIDIRECTIONAL]
[356][GREEDY] CONSEGNATO! STARLINK-11474 [DTC] -> OBS | Tramission-time: 2.2666715672662054e-11
----------------------------------------------------------------------
	||TIME IN SIMULATION : (seconds:184) (minutes: 3) ||

MODIFICA CONFIGURAZIONE IN CORSO...

Aggiornato il Tempo Globale:  2025-11-20 20:58:18
---> Task 357 (Type: CPU_Intensive) arriva in 184.29
--- [184.29] Task 357 using SearchNode Policy: v1_heuristic ---
[357] Filtro euristico: DTS-TMAX
[184.29] [Task 357] Routed STARLINK-11734 [DTC] -> STARLINK-34902 | E_NET=0.000024 J | Remaining=79999.73 J
[184.286] Task 357 enqueued on CPU STARLINK-34902 qlen_enqueue=1
[Task 357] Task eseguito su STARLINK-34902 47.10198589552171 degrees | CPU=2853.3403J, NET=0.0000J, TOTAL=2853.3403J, Remaining=27525.46J
[184.348] Task 357 served on STARLINK-34902 qlen_enqueue_cpu=1 qlen_enqueue_net=None time_in_queue=0.000
[357][GREEDY] STARLINK-34902 -> STARLINK-11474 [DTC] | Tramission-time: 0.0010809079438273716
[357] Energy routing consumed by STARLINK-34902: 0.000000 J (remaining 27525.46)
[MODE: BIDIRECTIONAL]
[357][GREEDY] CONSEGNATO! STARLINK-11474 [DTC] -> OBS | Tramission-time: 2.3118856231009042e-11
---> Task 358 (Type: CPU_and_Data_Intensive) arriva in 185.15
--- [185.15] Task 358 using SearchNode Policy: v1_heuristic ---
[358] Filtro euristico: DTS-TMAX
[Task 358] Nessun server rimasto dopo i filtri (deadline/sunset).
[Task 358] REJECTED on STARLINK-11734 [DTC] due to: No suitable server found after deadline/sunset filters
---> Task 359 (Type: CPU_Intensive) arriva in 185.70
--- [185.70] Task 359 using SearchNode Policy: v1_heuristic ---
[359] Filtro euristico: DTS-TMAX
[185.70] [Task 359] Routed STARLINK-11734 [DTC] -> STARLINK-30986 | E_NET=0.000034 J | Remaining=79999.73 J
[185.704] Task 359 enqueued on CPU STARLINK-30986 qlen_enqueue=1
[Task 359] Task eseguito su STARLINK-30986 72.99733361632941 degrees | CPU=12883.5082J, NET=0.0000J, TOTAL=12883.5082J, Remaining=17319.38J
[185.977] Task 359 served on STARLINK-30986 qlen_enqueue_cpu=1 qlen_enqueue_net=None time_in_queue=0.000
----------------------------------------------------------------------
	||TIME IN SIMULATION : (seconds:186) (minutes: 3) ||

MODIFICA CONFIGURAZIONE IN CORSO...

Aggiornato il Tempo Globale:  2025-11-20 20:58:20
[359][GREEDY] STARLINK-30986 -> STARLINK-11474 [DTC] | Tramission-time: 0.0012080553608213658
[359] Energy routing consumed by STARLINK-30986: 0.000000 J (remaining 17319.38)
[MODE: BIDIRECTIONAL]
[359][GREEDY] CONSEGNATO! STARLINK-11474 [DTC] -> OBS | Tramission-time: 2.9451391321878195e-11
---> Task 360 (Type: CPU_Intensive) arriva in 186.26
--- [186.26] Task 360 using SearchNode Policy: v1_heuristic ---
[360] Filtro euristico: DTS-TMAX
[186.26] [Task 360] Routed STARLINK-11734 [DTC] -> STARLINK-30900 | E_NET=0.000008 J | Remaining=79999.73 J
[186.258] Task 360 enqueued on CPU STARLINK-30900 qlen_enqueue=1
[Task 360] Task eseguito su STARLINK-30900 79.44261884195633 degrees | CPU=3557.9432J, NET=0.0000J, TOTAL=3557.9432J, Remaining=26607.59J
[186.334] Task 360 served on STARLINK-30900 qlen_enqueue_cpu=1 qlen_enqueue_net=None time_in_queue=0.000
---> Task 361 (Type: Generic_Service) arriva in 186.35
--- [186.35] Task 361 using SearchNode Policy: v1_heuristic ---
[361] Filtro euristico: DTS-TMAX
[186.35] [Task 361] Routed STARLINK-11734 [DTC] -> STARLINK-31399 | E_NET=0.000030 J | Remaining=79999.73 J
[186.353] Task 361 enqueued on CPU STARLINK-31399 qlen_enqueue=1
[360][GREEDY] STARLINK-30900 -> STARLINK-11474 [DTC] | Tramission-time: 0.0010550358271127621
[360] Energy routing consumed by STARLINK-30900: 0.000000 J (remaining 26607.59)
[MODE: BIDIRECTIONAL]
[360][GREEDY] CONSEGNATO! STARLINK-11474 [DTC] -> OBS | Tramission-time: 6.933335681760619e-12
[Task 361] Task eseguito su STARLINK-31399 56.83110327180609 degrees | CPU=6112.2976J, NET=0.0000J, TOTAL=6112.2977J, Remaining=23374.03J
[186.484] Task 361 served on STARLINK-31399 qlen_enqueue_cpu=1 qlen_enqueue_net=None time_in_queue=0.000
[361][GREEDY] STARLINK-31399 -> STARLINK-11474 [DTC] | Tramission-time: 0.001284094700216973
[361] Energy routing consumed by STARLINK-31399: 0.000000 J (remaining 23374.03)
[MODE: BIDIRECTIONAL]
[361][GREEDY] CONSEGNATO! STARLINK-11474 [DTC] -> OBS | Tramission-time: 2.768497535116662e-11
---> Task 362 (Type: CPU_Intensive) arriva in 186.88
--- [186.88] Task 362 using SearchNode Policy: v1_heuristic ---
[362] Filtro euristico: DTS-TMAX
[186.88] [Task 362] Routed STARLINK-11734 [DTC] -> STARLINK-33947 | E_NET=0.000019 J | Remaining=79999.73 J
[186.880] Task 362 enqueued on CPU STARLINK-33947 qlen_enqueue=1
---> Task 363 (Type: CPU_and_Data_Intensive) arriva in 186.97
--- [186.97] Task 363 using SearchNode Policy: v1_heuristic ---
[363] Filtro euristico: DTS-TMAX
[186.97] [Task 363] Routed STARLINK-11734 [DTC] -> STARLINK-4472 | E_NET=0.000615 J | Remaining=79999.73 J
[186.976] Task 363 enqueued on CPU STARLINK-4472 qlen_enqueue=1
---> Task 364 (Type: Generic_Service) arriva in 186.98
--- [186.98] Task 364 using SearchNode Policy: v1_heuristic ---
[364] Filtro euristico: DTS-TMAX
[186.98] [Task 364] Routed STARLINK-11734 [DTC] -> STARLINK-31763 | E_NET=0.000026 J | Remaining=79999.73 J
[186.981] Task 364 enqueued on CPU STARLINK-31763 qlen_enqueue=1
[Task 364] Task eseguito su STARLINK-31763 72.39225015748102 degrees | CPU=1288.4568J, NET=0.0000J, TOTAL=1288.4568J, Remaining=27543.40J
[187.010] Task 364 served on STARLINK-31763 qlen_enqueue_cpu=1 qlen_enqueue_net=None time_in_queue=0.000
[Task 362] Task eseguito su STARLINK-33947 74.88201694658657 degrees | CPU=9745.2487J, NET=0.0000J, TOTAL=9745.2488J, Remaining=19693.59J
[187.086] Task 362 served on STARLINK-33947 qlen_enqueue_cpu=1 qlen_enqueue_net=None time_in_queue=0.000
---> Task 365 (Type: Generic_Service) arriva in 187.09
--- [187.09] Task 365 using SearchNode Policy: v1_heuristic ---
[365] Filtro euristico: DTS-TMAX
[187.09] [Task 365] Routed STARLINK-11734 [DTC] -> STARLINK-3130 | E_NET=0.000027 J | Remaining=79999.73 J
[187.091] Task 365 enqueued on CPU STARLINK-3130 qlen_enqueue=1
[364][GREEDY] STARLINK-31763 -> STARLINK-11474 [DTC] | Tramission-time: 0.0010611357156116697
[364] Energy routing consumed by STARLINK-31763: 0.000000 J (remaining 27543.40)
[MODE: BIDIRECTIONAL]
[362][GREEDY] CONSEGNATO! STARLINK-33947 -> OBS | Tramission-time: 2.059330816140553e-11
[MODE: BIDIRECTIONAL]
[364][GREEDY] CONSEGNATO! STARLINK-11474 [DTC] -> OBS | Tramission-time: 2.813812756751734e-11
[Task 365] Task eseguito su STARLINK-3130 50.48752600772771 degrees | CPU=3792.7392J, NET=0.0000J, TOTAL=3792.7393J, Remaining=24425.96J
[187.172] Task 365 served on STARLINK-3130 qlen_enqueue_cpu=1 qlen_enqueue_net=None time_in_queue=0.000
[365][GREEDY] STARLINK-3130 -> STARLINK-11474 [DTC] | Tramission-time: 0.0018827711732099948
[365] Energy routing consumed by STARLINK-3130: 0.000000 J (remaining 24425.96)
[187.281] Task 363 enqueued on NET STARLINK-4472 qlen_enqueue_net=1
[Task 363] Task eseguito su STARLINK-4472 61.42912547822175 degrees | CPU=14510.3337J, NET=0.0008J, TOTAL=14510.3345J, Remaining=14872.74J
[187.281] Task 363 served on STARLINK-4472 qlen_enqueue_cpu=1 qlen_enqueue_net=1 time_in_queue=0.000
[363][GREEDY] STARLINK-4472 -> STARLINK-11474 [DTC] | Tramission-time: 0.001099884285385126
[363] Energy routing consumed by STARLINK-4472: 0.000000 J (remaining 14872.74)
[MODE: BIDIRECTIONAL]
[365][GREEDY] CONSEGNATO! STARLINK-11474 [DTC] -> OBS | Tramission-time: 2.6325232990453756e-11
[MODE: BIDIRECTIONAL]
[363][GREEDY] CONSEGNATO! STARLINK-11474 [DTC] -> OBS | Tramission-time: 5.887453371292086e-10
---> Task 366 (Type: CPU_Intensive) arriva in 187.96
--- [187.96] Task 366 using SearchNode Policy: v1_heuristic ---
[366] Filtro euristico: DTS-TMAX
[187.96] [Task 366] Routed STARLINK-11734 [DTC] -> STARLINK-31763 | E_NET=0.000011 J | Remaining=79999.73 J
[187.966] Task 366 enqueued on CPU STARLINK-31763 qlen_enqueue=1
----------------------------------------------------------------------
	||TIME IN SIMULATION : (seconds:188) (minutes: 3) ||

MODIFICA CONFIGURAZIONE IN CORSO...

Aggiornato il Tempo Globale:  2025-11-20 20:58:22
[Task 366] Task eseguito su STARLINK-31763 72.95005324965817 degrees | CPU=3676.1180J, NET=0.0000J, TOTAL=3676.1180J, Remaining=23867.28J
[188.044] Task 366 served on STARLINK-31763 qlen_enqueue_cpu=1 qlen_enqueue_net=None time_in_queue=0.000
[366][GREEDY] STARLINK-31763 -> STARLINK-11474 [DTC] | Tramission-time: 0.0010848396176921067
[366] Energy routing consumed by STARLINK-31763: 0.000000 J (remaining 23867.28)
[MODE: BIDIRECTIONAL]
[366][GREEDY] CONSEGNATO! STARLINK-11474 [DTC] -> OBS | Tramission-time: 1.1218481320827027e-11
---> Task 367 (Type: CPU_and_Data_Intensive) arriva in 188.45
--- [188.45] Task 367 using SearchNode Policy: v1_heuristic ---
[367] Filtro euristico: DTS-TMAX
[188.45] [Task 367] Routed STARLINK-11734 [DTC] -> STARLINK-34965 | E_NET=0.002803 J | Remaining=79999.73 J
[188.453] Task 367 enqueued on CPU STARLINK-34965 qlen_enqueue=1
[188.776] Task 367 enqueued on NET STARLINK-34965 qlen_enqueue_net=1
[Task 367] Task eseguito su STARLINK-34965 49.34817566238194 degrees | CPU=15426.9222J, NET=0.0040J, TOTAL=15426.9262J, Remaining=52131.43J
[188.780] Task 367 served on STARLINK-34965 qlen_enqueue_cpu=1 qlen_enqueue_net=1 time_in_queue=0.000
[367][GREEDY] STARLINK-34965 -> STARLINK-11474 [DTC] | Tramission-time: 0.002029686903527799
[367] Energy routing consumed by STARLINK-34965: 0.000000 J (remaining 52131.43)
[MODE: BIDIRECTIONAL]
[367][GREEDY] CONSEGNATO! STARLINK-11474 [DTC] -> OBS | Tramission-time: 2.6358448919996077e-09
---> Task 368 (Type: Generic_Service) arriva in 188.95
--- [188.95] Task 368 using SearchNode Policy: v1_heuristic ---
[368] Filtro euristico: DTS-TMAX
[188.95] [Task 368] Routed STARLINK-11734 [DTC] -> STARLINK-11474 [DTC] | E_NET=0.000033 J | Remaining=79999.73 J
[188.949] Task 368 enqueued on CPU STARLINK-11474 [DTC] qlen_enqueue=1
[Task 368] Task eseguito su STARLINK-11474 [DTC] 67.35908068482999 degrees | CPU=293.5551J, NET=0.0000J, TOTAL=293.5552J, Remaining=24510.22J
[188.958] Task 368 served on STARLINK-11474 [DTC] qlen_enqueue_cpu=1 qlen_enqueue_net=None time_in_queue=0.000
[MODE: BIDIRECTIONAL]
[368][GREEDY] CONSEGNATO! STARLINK-11474 [DTC] -> OBS | Tramission-time: 2.9360136477359776e-11
---> Task 369 (Type: Generic_Service) arriva in 189.13
--- [189.13] Task 369 using SearchNode Policy: v1_heuristic ---
[369] Filtro euristico: DTS-TMAX
[189.13] [Task 369] Routed STARLINK-11734 [DTC] -> STARLINK-34965 | E_NET=0.000007 J | Remaining=79999.73 J
[189.130] Task 369 enqueued on CPU STARLINK-34965 qlen_enqueue=1
[Task 369] Task eseguito su STARLINK-34965 49.34817566238194 degrees | CPU=6108.0836J, NET=0.0000J, TOTAL=6108.0836J, Remaining=46023.34J
[189.259] Task 369 served on STARLINK-34965 qlen_enqueue_cpu=1 qlen_enqueue_net=None time_in_queue=0.000
[369][GREEDY] STARLINK-34965 -> STARLINK-11474 [DTC] | Tramission-time: 0.0020296841043975916
[369] Energy routing consumed by STARLINK-34965: 0.000000 J (remaining 46023.34)
[MODE: BIDIRECTIONAL]
[369][GREEDY] CONSEGNATO! STARLINK-11474 [DTC] -> OBS | Tramission-time: 7.367619510186112e-12
----------------------------------------------------------------------
	||TIME IN SIMULATION : (seconds:190) (minutes: 3) ||

MODIFICA CONFIGURAZIONE IN CORSO...

Aggiornato il Tempo Globale:  2025-11-20 20:58:24
---> Task 370 (Type: CPU_and_Data_Intensive) arriva in 190.76
--- [190.76] Task 370 using SearchNode Policy: v1_heuristic ---
[370] Filtro euristico: DTS-TMAX
[190.76] [Task 370] Routed STARLINK-11734 [DTC] -> STARLINK-34965 | E_NET=0.006708 J | Remaining=79999.72 J
[190.766] Task 370 enqueued on CPU STARLINK-34965 qlen_enqueue=1
---> Task 371 (Type: Generic_Service) arriva in 190.95
--- [190.95] Task 371 using SearchNode Policy: v1_heuristic ---
[371] Filtro euristico: DTS-TMAX
[190.95] [Task 371] Routed STARLINK-11734 [DTC] -> STARLINK-34902 | E_NET=0.000029 J | Remaining=79999.72 J
[190.946] Task 371 enqueued on CPU STARLINK-34902 qlen_enqueue=1
[Task 371] Task eseguito su STARLINK-34902 48.333447282204844 degrees | CPU=4231.5010J, NET=0.0000J, TOTAL=4231.5011J, Remaining=23293.96J
[191.037] Task 371 served on STARLINK-34902 qlen_enqueue_cpu=1 qlen_enqueue_net=None time_in_queue=0.000
[371][GREEDY] STARLINK-34902 -> STARLINK-11474 [DTC] | Tramission-time: 0.0009145361315488616
[371] Energy routing consumed by STARLINK-34902: 0.000000 J (remaining 23293.96)
[MODE: BIDIRECTIONAL]
[371][GREEDY] CONSEGNATO! STARLINK-11474 [DTC] -> OBS | Tramission-time: 2.5022329518845015e-11
[191.494] Task 370 enqueued on NET STARLINK-34965 qlen_enqueue_net=1
[Task 370] Task eseguito su STARLINK-34965 49.620206201745724 degrees | CPU=34723.3377J, NET=0.0082J, TOTAL=34723.3458J, Remaining=11300.00J
[191.502] Task 370 served on STARLINK-34965 qlen_enqueue_cpu=1 qlen_enqueue_net=1 time_in_queue=0.000
[370][GREEDY] STARLINK-34965 -> STARLINK-11474 [DTC] | Tramission-time: 0.002055656853127164
[370] Energy routing consumed by STARLINK-34965: 0.000000 J (remaining 11300.00)
[MODE: BIDIRECTIONAL]
[370][GREEDY] CONSEGNATO! STARLINK-11474 [DTC] -> OBS | Tramission-time: 5.4261448342501436e-09
---> Task 372 (Type: CPU_Intensive) arriva in 191.94
--- [191.94] Task 372 using SearchNode Policy: v1_heuristic ---
[372] Filtro euristico: DTS-TMAX
[191.94] [Task 372] Routed STARLINK-11734 [DTC] -> STARLINK-11474 [DTC] | E_NET=0.000027 J | Remaining=79999.72 J
[191.938] Task 372 enqueued on CPU STARLINK-11474 [DTC] qlen_enqueue=1
[Task 372] Task eseguito su STARLINK-11474 [DTC] 65.72885304497089 degrees | CPU=216.9083J, NET=0.0000J, TOTAL=216.9083J, Remaining=24293.31J
[191.945] Task 372 served on STARLINK-11474 [DTC] qlen_enqueue_cpu=1 qlen_enqueue_net=None time_in_queue=0.000
----------------------------------------------------------------------
	||TIME IN SIMULATION : (seconds:192) (minutes: 3) ||

MODIFICA CONFIGURAZIONE IN CORSO...

Aggiornato il Tempo Globale:  2025-11-20 20:58:26
[MODE: BIDIRECTIONAL]
[372][GREEDY] CONSEGNATO! STARLINK-11474 [DTC] -> OBS | Tramission-time: 2.610158901475901e-11
---> Task 373 (Type: CPU_Intensive) arriva in 192.69
--- [192.69] Task 373 using SearchNode Policy: v1_heuristic ---
[373] Filtro euristico: DTS-TMAX
[192.69] [Task 373] Routed STARLINK-11734 [DTC] -> STARLINK-30223 | E_NET=0.000028 J | Remaining=79999.72 J
[192.697] Task 373 enqueued on CPU STARLINK-30223 qlen_enqueue=1
[Task 373] Task eseguito su STARLINK-30223 48.2294780064296 degrees | CPU=1241.6613J, NET=0.0000J, TOTAL=1241.6614J, Remaining=26113.61J
[192.725] Task 373 served on STARLINK-30223 qlen_enqueue_cpu=1 qlen_enqueue_net=None time_in_queue=0.000
[373][GREEDY] STARLINK-30223 -> STARLINK-11474 [DTC] | Tramission-time: 0.0017786282335397387
[373] Energy routing consumed by STARLINK-30223: 0.000000 J (remaining 26113.61)
[MODE: BIDIRECTIONAL]
[373][GREEDY] CONSEGNATO! STARLINK-11474 [DTC] -> OBS | Tramission-time: 2.856405334104541e-11
---> Task 374 (Type: Generic_Service) arriva in 193.54
--- [193.54] Task 374 using SearchNode Policy: v1_heuristic ---
[374] Filtro euristico: DTS-TMAX
[193.54] [Task 374] Routed STARLINK-11734 [DTC] -> STARLINK-5843 | E_NET=0.000027 J | Remaining=79999.72 J
[193.546] Task 374 enqueued on CPU STARLINK-5843 qlen_enqueue=1
[Task 374] Task eseguito su STARLINK-5843 50.500041780728445 degrees | CPU=712.1970J, NET=0.0000J, TOTAL=712.1970J, Remaining=26328.49J
[193.563] Task 374 served on STARLINK-5843 qlen_enqueue_cpu=1 qlen_enqueue_net=None time_in_queue=0.000
[374][GREEDY] STARLINK-5843 -> STARLINK-11474 [DTC] | Tramission-time: 0.0013639493940018363
[374] Energy routing consumed by STARLINK-5843: 0.000000 J (remaining 26328.49)
[MODE: BIDIRECTIONAL]
[374][GREEDY] CONSEGNATO! STARLINK-11474 [DTC] -> OBS | Tramission-time: 2.896403997048971e-11
----------------------------------------------------------------------
	||TIME IN SIMULATION : (seconds:194) (minutes: 3) ||

MODIFICA CONFIGURAZIONE IN CORSO...

Aggiornato il Tempo Globale:  2025-11-20 20:58:28
---> Task 375 (Type: Generic_Service) arriva in 194.27
--- [194.27] Task 375 using SearchNode Policy: v1_heuristic ---
[375] Filtro euristico: DTS-TMAX
[194.27] [Task 375] Routed STARLINK-11734 [DTC] -> STARLINK-3897 | E_NET=0.000021 J | Remaining=79999.72 J
[194.277] Task 375 enqueued on CPU STARLINK-3897 qlen_enqueue=1
[Task 375] Task eseguito su STARLINK-3897 49.31783453524827 degrees | CPU=4625.7256J, NET=0.0000J, TOTAL=4625.7256J, Remaining=22165.36J
[194.376] Task 375 served on STARLINK-3897 qlen_enqueue_cpu=1 qlen_enqueue_net=None time_in_queue=0.000
[375][GREEDY] STARLINK-3897 -> STARLINK-11474 [DTC] | Tramission-time: 0.0018661454983127134
[375] Energy routing consumed by STARLINK-3897: 0.000000 J (remaining 22165.36)
[MODE: BIDIRECTIONAL]
[375][GREEDY] CONSEGNATO! STARLINK-11474 [DTC] -> OBS | Tramission-time: 1.825390191015054e-11
---> Task 376 (Type: Generic_Service) arriva in 194.62
--- [194.62] Task 376 using SearchNode Policy: v1_heuristic ---
[376] Filtro euristico: DTS-TMAX
[194.62] [Task 376] Routed STARLINK-11734 [DTC] -> STARLINK-30900 | E_NET=0.000029 J | Remaining=79999.72 J
[194.622] Task 376 enqueued on CPU STARLINK-30900 qlen_enqueue=1
[Task 376] Task eseguito su STARLINK-30900 79.62518443835921 degrees | CPU=1334.7676J, NET=0.0000J, TOTAL=1334.7676J, Remaining=25272.82J
[194.652] Task 376 served on STARLINK-30900 qlen_enqueue_cpu=1 qlen_enqueue_net=None time_in_queue=0.000
[376][GREEDY] STARLINK-30900 -> STARLINK-11474 [DTC] | Tramission-time: 0.0011324447500207452
[376] Energy routing consumed by STARLINK-30900: 0.000000 J (remaining 25272.82)
[MODE: BIDIRECTIONAL]
[376][GREEDY] CONSEGNATO! STARLINK-11474 [DTC] -> OBS | Tramission-time: 2.1696448265222136e-11
---> Task 377 (Type: CPU_Intensive) arriva in 195.63
--- [195.63] Task 377 using SearchNode Policy: v1_heuristic ---
[377] Filtro euristico: DTS-TMAX
[195.63] [Task 377] Routed STARLINK-11734 [DTC] -> STARLINK-5843 | E_NET=0.000012 J | Remaining=79999.72 J
[Task 377] REJECTED on STARLINK-5843 due to: Insufficient Energy for CPU
----------------------------------------------------------------------
	||TIME IN SIMULATION : (seconds:196) (minutes: 3) ||

MODIFICA CONFIGURAZIONE IN CORSO...

Aggiornato il Tempo Globale:  2025-11-20 20:58:30
---> Task 378 (Type: Generic_Service) arriva in 196.00
--- [196.00] Task 378 using SearchNode Policy: v1_heuristic ---
[378] Filtro euristico: DTS-TMAX
[196.00] [Task 378] Routed STARLINK-11734 [DTC] -> STARLINK-5843 | E_NET=0.000006 J | Remaining=79999.72 J
[196.006] Task 378 enqueued on CPU STARLINK-5843 qlen_enqueue=1
[Task 378] Task eseguito su STARLINK-5843 51.97662042395598 degrees | CPU=2305.2461J, NET=0.0000J, TOTAL=2305.2461J, Remaining=24023.25J
[196.054] Task 378 served on STARLINK-5843 qlen_enqueue_cpu=1 qlen_enqueue_net=None time_in_queue=0.000
[378][GREEDY] STARLINK-5843 -> STARLINK-11474 [DTC] | Tramission-time: 0.001307464425910574
[378] Energy routing consumed by STARLINK-5843: 0.000000 J (remaining 24023.25)
---> Task 379 (Type: Generic_Service) arriva in 196.19
--- [196.19] Task 379 using SearchNode Policy: v1_heuristic ---
[379] Filtro euristico: DTS-TMAX
[196.19] [Task 379] Routed STARLINK-11734 [DTC] -> STARLINK-30223 | E_NET=0.000028 J | Remaining=79999.72 J
[196.192] Task 379 enqueued on CPU STARLINK-30223 qlen_enqueue=1
---> Task 380 (Type: CPU_Intensive) arriva in 196.20
--- [196.20] Task 380 using SearchNode Policy: v1_heuristic ---
[380] Filtro euristico: DTS-TMAX
[196.20] [Task 380] Routed STARLINK-11734 [DTC] -> STARLINK-33816 | E_NET=0.000011 J | Remaining=79999.72 J
[196.205] Task 380 enqueued on CPU STARLINK-33816 qlen_enqueue=1
---> Task 381 (Type: CPU_Intensive) arriva in 196.21
--- [196.21] Task 381 using SearchNode Policy: v1_heuristic ---
[381] Filtro euristico: DTS-TMAX
[196.21] [Task 381] Routed STARLINK-11734 [DTC] -> STARLINK-30900 | E_NET=0.000010 J | Remaining=79999.72 J
[196.213] Task 381 enqueued on CPU STARLINK-30900 qlen_enqueue=1
[MODE: BIDIRECTIONAL]
[378][GREEDY] CONSEGNATO! STARLINK-11474 [DTC] -> OBS | Tramission-time: 5.278208729753832e-12
[Task 380] Task eseguito su STARLINK-33816 51.361571789018704 degrees | CPU=2799.4835J, NET=0.0000J, TOTAL=2799.4835J, Remaining=22802.82J
[196.264] Task 380 served on STARLINK-33816 qlen_enqueue_cpu=1 qlen_enqueue_net=None time_in_queue=0.000
[Task 379] Task eseguito su STARLINK-30223 46.48260890227734 degrees | CPU=5011.9391J, NET=0.0000J, TOTAL=5011.9391J, Remaining=21101.67J
[196.299] Task 379 served on STARLINK-30223 qlen_enqueue_cpu=1 qlen_enqueue_net=None time_in_queue=0.000
[379][GREEDY] STARLINK-30223 -> STARLINK-11474 [DTC] | Tramission-time: 0.0018342508831718123
[379] Energy routing consumed by STARLINK-30223: 0.000000 J (remaining 21101.67)
[MODE: BIDIRECTIONAL]
[379][GREEDY] CONSEGNATO! STARLINK-11474 [DTC] -> OBS | Tramission-time: 2.4762993557217407e-11
[380][GREEDY] STARLINK-33816 -> STARLINK-11474 [DTC] | Tramission-time: 0.0018403176327688809
[380] Energy routing consumed by STARLINK-33816: 0.000000 J (remaining 22802.82)
[MODE: BIDIRECTIONAL]
[380][GREEDY] CONSEGNATO! STARLINK-11474 [DTC] -> OBS | Tramission-time: 1.0251913553928597e-11
[Task 381] Task eseguito su STARLINK-30900 79.18233516731044 degrees | CPU=21134.6896J, NET=0.0000J, TOTAL=21134.6896J, Remaining=4138.13J
[196.657] Task 381 served on STARLINK-30900 qlen_enqueue_cpu=1 qlen_enqueue_net=None time_in_queue=0.000
[381][GREEDY] STARLINK-30900 -> STARLINK-11474 [DTC] | Tramission-time: 0.0011525926451445255
[381] Energy routing consumed by STARLINK-30900: 0.000000 J (remaining 4138.13)
[MODE: BIDIRECTIONAL]
[381][GREEDY] CONSEGNATO! STARLINK-11474 [DTC] -> OBS | Tramission-time: 1.2198605401631205e-11
---> Task 382 (Type: CPU_and_Data_Intensive) arriva in 197.11
--- [197.11] Task 382 using SearchNode Policy: v1_heuristic ---
[382] Filtro euristico: DTS-TMAX
[197.11] [Task 382] Routed STARLINK-11734 [DTC] -> STARLINK-30286 | E_NET=0.134110 J | Remaining=79999.59 J
---> Task 383 (Type: Generic_Service) arriva in 197.16
--- [197.16] Task 383 using SearchNode Policy: v1_heuristic ---
[383] Filtro euristico: DTS-TMAX
[197.16] [Task 383] Routed STARLINK-11734 [DTC] -> STARLINK-30286 | E_NET=0.000032 J | Remaining=79999.59 J
[197.163] Task 383 enqueued on CPU STARLINK-30286 qlen_enqueue=1
[Task 383] Task eseguito su STARLINK-30286 51.344924938617666 degrees | CPU=769.3585J, NET=0.0000J, TOTAL=769.3585J, Remaining=24498.05J
[197.182] Task 383 served on STARLINK-30286 qlen_enqueue_cpu=1 qlen_enqueue_net=None time_in_queue=0.000
[383][GREEDY] STARLINK-30286 -> STARLINK-11474 [DTC] | Tramission-time: 0.00137577125519787
[383] Energy routing consumed by STARLINK-30286: 0.000000 J (remaining 24498.05)
[Task 382] REJECTED on STARLINK-30286 due to: Insufficient Energy for CPU+NET
[MODE: BIDIRECTIONAL]
[383][GREEDY] CONSEGNATO! STARLINK-11474 [DTC] -> OBS | Tramission-time: 2.9755929607418794e-11
---> Task 384 (Type: CPU_and_Data_Intensive) arriva in 197.33
--- [197.33] Task 384 using SearchNode Policy: v1_heuristic ---
[384] Filtro euristico: DTS-TMAX
[197.33] [Task 384] Routed STARLINK-11734 [DTC] -> STARLINK-6203 | E_NET=0.005592 J | Remaining=79999.58 J
[197.340] Task 384 enqueued on CPU STARLINK-6203 qlen_enqueue=1
[197.648] Task 384 enqueued on NET STARLINK-6203 qlen_enqueue_net=1
[Task 384] Task eseguito su STARLINK-6203 70.53721158461727 degrees | CPU=14677.1247J, NET=0.0078J, TOTAL=14677.1325J, Remaining=9862.91J
[197.655] Task 384 served on STARLINK-6203 qlen_enqueue_cpu=1 qlen_enqueue_net=1 time_in_queue=0.000
[384][GREEDY] STARLINK-6203 -> STARLINK-11474 [DTC] | Tramission-time: 0.001280875655002866
[384] Energy routing consumed by STARLINK-6203: 0.000000 J (remaining 9862.91)
[MODE: BIDIRECTIONAL]
[384][GREEDY] CONSEGNATO! STARLINK-11474 [DTC] -> OBS | Tramission-time: 6.3206571669526124e-09
----------------------------------------------------------------------
	||TIME IN SIMULATION : (seconds:198) (minutes: 3) ||

MODIFICA CONFIGURAZIONE IN CORSO...

Aggiornato il Tempo Globale:  2025-11-20 20:58:32
---> Task 385 (Type: CPU_and_Data_Intensive) arriva in 198.02
--- [198.02] Task 385 using SearchNode Policy: v1_heuristic ---
[385] Filtro euristico: DTS-TMAX
[198.02] [Task 385] Routed STARLINK-11734 [DTC] -> STARLINK-11724 [DTC] | E_NET=0.000747 J | Remaining=79999.58 J
[198.021] Task 385 enqueued on CPU STARLINK-11724 [DTC] qlen_enqueue=1
[198.237] Task 385 enqueued on NET STARLINK-11724 [DTC] qlen_enqueue_net=1
[Task 385] Task eseguito su STARLINK-11724 [DTC] 40.85911580128424 degrees | CPU=10309.2809J, NET=0.0008J, TOTAL=10309.2817J, Remaining=69690.72J
[198.238] Task 385 served on STARLINK-11724 [DTC] qlen_enqueue_cpu=1 qlen_enqueue_net=1 time_in_queue=0.000
[385][GREEDY] STARLINK-11724 [DTC] -> STARLINK-11474 [DTC] | Tramission-time: 0.001593388698129019
[385] Energy routing consumed by STARLINK-11724 [DTC]: 0.000000 J (remaining 69690.72)
[MODE: BIDIRECTIONAL]
[385][GREEDY] CONSEGNATO! STARLINK-11474 [DTC] -> OBS | Tramission-time: 7.224333088112179e-10
---> Task 386 (Type: Generic_Service) arriva in 198.58
--- [198.58] Task 386 using SearchNode Policy: v1_heuristic ---
[386] Filtro euristico: DTS-TMAX
[198.58] [Task 386] Routed STARLINK-11734 [DTC] -> STARLINK-11474 [DTC] | E_NET=0.000013 J | Remaining=79999.58 J
[198.576] Task 386 enqueued on CPU STARLINK-11474 [DTC] qlen_enqueue=1
[Task 386] Task eseguito su STARLINK-11474 [DTC] 59.16167653025287 degrees | CPU=404.8013J, NET=0.0000J, TOTAL=404.8013J, Remaining=23888.51J
[198.586] Task 386 served on STARLINK-11474 [DTC] qlen_enqueue_cpu=1 qlen_enqueue_net=None time_in_queue=0.000
[MODE: BIDIRECTIONAL]
[386][GREEDY] CONSEGNATO! STARLINK-11474 [DTC] -> OBS | Tramission-time: 1.4351154875485706e-11
---> Task 387 (Type: CPU_and_Data_Intensive) arriva in 199.07
--- [199.07] Task 387 using SearchNode Policy: v1_heuristic ---
[387] Filtro euristico: DTS-TMAX
[199.07] [Task 387] Routed STARLINK-11734 [DTC] -> STARLINK-11724 [DTC] | E_NET=0.005859 J | Remaining=79999.58 J
[199.080] Task 387 enqueued on CPU STARLINK-11724 [DTC] qlen_enqueue=1
[199.455] Task 387 enqueued on NET STARLINK-11724 [DTC] qlen_enqueue_net=1
[Task 387] Task eseguito su STARLINK-11724 [DTC] 40.85911580128424 degrees | CPU=17865.2387J, NET=0.0066J, TOTAL=17865.2453J, Remaining=51825.47J
[199.462] Task 387 served on STARLINK-11724 [DTC] qlen_enqueue_cpu=1 qlen_enqueue_net=1 time_in_queue=0.000
---> Task 388 (Type: CPU_Intensive) arriva in 199.48
--- [199.48] Task 388 using SearchNode Policy: v1_heuristic ---
[388] Filtro euristico: DTS-TMAX
[199.48] [Task 388] Routed STARLINK-11734 [DTC] -> STARLINK-11724 [DTC] | E_NET=0.000026 J | Remaining=79999.58 J
[199.485] Task 388 enqueued on CPU STARLINK-11724 [DTC] qlen_enqueue=1
[Task 388] Task eseguito su STARLINK-11724 [DTC] 40.85911580128424 degrees | CPU=1856.2797J, NET=0.0000J, TOTAL=1856.2797J, Remaining=49969.19J
[199.526] Task 388 served on STARLINK-11724 [DTC] qlen_enqueue_cpu=1 qlen_enqueue_net=None time_in_queue=0.000
[387][GREEDY] STARLINK-11724 [DTC] -> STARLINK-11474 [DTC] | Tramission-time: 0.0015933937413597427
[387] Energy routing consumed by STARLINK-11724 [DTC]: 0.000000 J (remaining 49969.19)
[MODE: BIDIRECTIONAL]
[387][GREEDY] CONSEGNATO! STARLINK-11474 [DTC] -> OBS | Tramission-time: 6.0937261610028374e-09
[388][GREEDY] STARLINK-11724 [DTC] -> STARLINK-11474 [DTC] | Tramission-time: 0.001593388070237463
[388] Energy routing consumed by STARLINK-11724 [DTC]: 0.000000 J (remaining 49969.19)
[MODE: BIDIRECTIONAL]
[388][GREEDY] CONSEGNATO! STARLINK-11474 [DTC] -> OBS | Tramission-time: 2.164816409129242e-11
---> Task 389 (Type: Generic_Service) arriva in 199.76
--- [199.76] Task 389 using SearchNode Policy: v1_heuristic ---
[389] Filtro euristico: DTS-TMAX
[199.76] [Task 389] Routed STARLINK-11734 [DTC] -> STARLINK-11724 [DTC] | E_NET=0.000010 J | Remaining=79999.58 J
[199.761] Task 389 enqueued on CPU STARLINK-11724 [DTC] qlen_enqueue=1
[Task 389] Task eseguito su STARLINK-11724 [DTC] 40.85911580128424 degrees | CPU=894.1175J, NET=0.0000J, TOTAL=894.1175J, Remaining=49075.08J
[199.780] Task 389 served on STARLINK-11724 [DTC] qlen_enqueue_cpu=1 qlen_enqueue_net=None time_in_queue=0.000
[389][GREEDY] STARLINK-11724 [DTC] -> STARLINK-11474 [DTC] | Tramission-time: 0.001593388052314692
[389] Energy routing consumed by STARLINK-11724 [DTC]: 0.000000 J (remaining 49075.08)
[MODE: BIDIRECTIONAL]
[389][GREEDY] CONSEGNATO! STARLINK-11474 [DTC] -> OBS | Tramission-time: 8.68443710920397e-12
----------------------------------------------------------------------
	||TIME IN SIMULATION : (seconds:200) (minutes: 3) ||

MODIFICA CONFIGURAZIONE IN CORSO...

Aggiornato il Tempo Globale:  2025-11-20 20:58:34
---> Task 390 (Type: Generic_Service) arriva in 200.12
--- [200.12] Task 390 using SearchNode Policy: v1_heuristic ---
[390] Filtro euristico: DTS-TMAX
[200.12] [Task 390] Routed STARLINK-11734 [DTC] -> STARLINK-30506 | E_NET=0.000024 J | Remaining=79999.58 J
[200.120] Task 390 enqueued on CPU STARLINK-30506 qlen_enqueue=1
---> Task 391 (Type: CPU_Intensive) arriva in 200.23
--- [200.23] Task 391 using SearchNode Policy: v1_heuristic ---
[391] Filtro euristico: DTS-TMAX
[200.23] [Task 391] Routed STARLINK-11734 [DTC] -> STARLINK-11724 [DTC] | E_NET=0.000031 J | Remaining=79999.58 J
[200.228] Task 391 enqueued on CPU STARLINK-11724 [DTC] qlen_enqueue=1
[Task 391] Task eseguito su STARLINK-11724 [DTC] 41.73719013939156 degrees | CPU=6667.3905J, NET=0.0000J, TOTAL=6667.3906J, Remaining=42407.69J
[200.371] Task 391 served on STARLINK-11724 [DTC] qlen_enqueue_cpu=1 qlen_enqueue_net=None time_in_queue=0.000
[391][GREEDY] STARLINK-11724 [DTC] -> STARLINK-11474 [DTC] | Tramission-time: 0.0015875117857237274
[391] Energy routing consumed by STARLINK-11724 [DTC]: 0.000000 J (remaining 42407.69)
[Task 390] Task eseguito su STARLINK-30506 40.298621237627074 degrees | CPU=16289.0949J, NET=0.0000J, TOTAL=16289.0949J, Remaining=63710.91J
[200.464] Task 390 served on STARLINK-30506 qlen_enqueue_cpu=1 qlen_enqueue_net=None time_in_queue=0.000
[MODE: BIDIRECTIONAL]
[391][GREEDY] CONSEGNATO! STARLINK-11474 [DTC] -> OBS | Tramission-time: 3.666580249937776e-11
[390][GREEDY] STARLINK-30506 -> STARLINK-11734 [DTC] | Tramission-time: 0.0021120197182495394
[390] Energy routing consumed by STARLINK-30506: 0.000000 J (remaining 63710.91)
[MODE: BIDIRECTIONAL]
[390][GREEDY] CONSEGNATO! STARLINK-11734 [DTC] -> OBS | Tramission-time: 2.155880393175853e-11
---> Task 392 (Type: Generic_Service) arriva in 200.78
--- [200.78] Task 392 using SearchNode Policy: v1_heuristic ---
[392] Filtro euristico: DTS-TMAX
[200.78] [Task 392] Routed STARLINK-11734 [DTC] -> STARLINK-11724 [DTC] | E_NET=0.000026 J | Remaining=79999.58 J
[200.781] Task 392 enqueued on CPU STARLINK-11724 [DTC] qlen_enqueue=1
[Task 392] Task eseguito su STARLINK-11724 [DTC] 41.73719013939156 degrees | CPU=812.3952J, NET=0.0000J, TOTAL=812.3952J, Remaining=41595.29J
[200.800] Task 392 served on STARLINK-11724 [DTC] qlen_enqueue_cpu=1 qlen_enqueue_net=None time_in_queue=0.000
[392][GREEDY] STARLINK-11724 [DTC] -> STARLINK-11474 [DTC] | Tramission-time: 0.0015875117881317931
[392] Energy routing consumed by STARLINK-11724 [DTC]: 0.000000 J (remaining 41595.29)
[MODE: BIDIRECTIONAL]
[392][GREEDY] CONSEGNATO! STARLINK-11474 [DTC] -> OBS | Tramission-time: 2.9634704119746213e-11
---> Task 393 (Type: CPU_and_Data_Intensive) arriva in 201.23
--- [201.23] Task 393 using SearchNode Policy: v1_heuristic ---
[393] Filtro euristico: DTS-TMAX
[201.23] [Task 393] Routed STARLINK-11734 [DTC] -> STARLINK-30506 | E_NET=0.000448 J | Remaining=79999.58 J
[201.230] Task 393 enqueued on CPU STARLINK-30506 qlen_enqueue=1
[201.591] Task 393 enqueued on NET STARLINK-30506 qlen_enqueue_net=1
[Task 393] Task eseguito su STARLINK-30506 40.298621237627074 degrees | CPU=17217.4437J, NET=0.0005J, TOTAL=17217.4443J, Remaining=46493.46J
[201.591] Task 393 served on STARLINK-30506 qlen_enqueue_cpu=1 qlen_enqueue_net=1 time_in_queue=0.000
[393][GREEDY] STARLINK-30506 -> STARLINK-11734 [DTC] | Tramission-time: 0.0021120201025518204
[393] Energy routing consumed by STARLINK-30506: 0.000000 J (remaining 46493.46)
[MODE: BIDIRECTIONAL]
[393][GREEDY] CONSEGNATO! STARLINK-11734 [DTC] -> OBS | Tramission-time: 4.345623051008976e-10
---> Task 394 (Type: CPU_and_Data_Intensive) arriva in 201.95
--- [201.95] Task 394 using SearchNode Policy: v1_heuristic ---
[394] Filtro euristico: DTS-TMAX
[201.95] [Task 394] Routed STARLINK-11734 [DTC] -> STARLINK-30506 | E_NET=0.004127 J | Remaining=79999.57 J
[201.958] Task 394 enqueued on CPU STARLINK-30506 qlen_enqueue=1
---> Task 395 (Type: Generic_Service) arriva in 201.99
--- [201.99] Task 395 using SearchNode Policy: v1_heuristic ---
[395] Filtro euristico: DTS-TMAX
[201.99] [Task 395] Routed STARLINK-11734 [DTC] -> STARLINK-11724 [DTC] | E_NET=0.000011 J | Remaining=79999.57 J
[201.987] Task 395 enqueued on CPU STARLINK-11724 [DTC] qlen_enqueue=1
----------------------------------------------------------------------
	||TIME IN SIMULATION : (seconds:202) (minutes: 3) ||

MODIFICA CONFIGURAZIONE IN CORSO...

Aggiornato il Tempo Globale:  2025-11-20 20:58:36
[Task 395] Task eseguito su STARLINK-11724 [DTC] 42.62381834331972 degrees | CPU=2981.5091J, NET=0.0000J, TOTAL=2981.5091J, Remaining=38613.78J
[202.050] Task 395 served on STARLINK-11724 [DTC] qlen_enqueue_cpu=1 qlen_enqueue_net=None time_in_queue=0.000
---> Task 396 (Type: CPU_Intensive) arriva in 202.07
--- [202.07] Task 396 using SearchNode Policy: v1_heuristic ---
[396] Filtro euristico: DTS-TMAX
[202.07] [Task 396] Routed STARLINK-11734 [DTC] -> STARLINK-11724 [DTC] | E_NET=0.000036 J | Remaining=79999.57 J
[202.075] Task 396 enqueued on CPU STARLINK-11724 [DTC] qlen_enqueue=1
[395][GREEDY] STARLINK-11724 [DTC] -> STARLINK-11734 [DTC] | Tramission-time: 0.0014693938350807262
[395] Energy routing consumed by STARLINK-11724 [DTC]: 0.000000 J (remaining 38613.78)
[MODE: BIDIRECTIONAL]
[395][GREEDY] CONSEGNATO! STARLINK-11734 [DTC] -> OBS | Tramission-time: 1.0407044336744057e-11
[202.471] Task 394 enqueued on NET STARLINK-30506 qlen_enqueue_net=1
[Task 396] Task eseguito su STARLINK-11724 [DTC] 42.62381834331972 degrees | CPU=18954.8217J, NET=0.0000J, TOTAL=18954.8217J, Remaining=19658.96J
[202.475] Task 396 served on STARLINK-11724 [DTC] qlen_enqueue_cpu=1 qlen_enqueue_net=None time_in_queue=0.000
[Task 394] Task eseguito su STARLINK-30506 40.68404573265809 degrees | CPU=24481.6547J, NET=0.0051J, TOTAL=24481.6598J, Remaining=22011.80J
[202.476] Task 394 served on STARLINK-30506 qlen_enqueue_cpu=1 qlen_enqueue_net=1 time_in_queue=0.000
[394][GREEDY] STARLINK-30506 -> STARLINK-11734 [DTC] | Tramission-time: 0.0021216140441994245
[394] Energy routing consumed by STARLINK-30506: 0.000000 J (remaining 22011.80)
[396][GREEDY] STARLINK-11724 [DTC] -> STARLINK-11734 [DTC] | Tramission-time: 0.001469393853235742
[396] Energy routing consumed by STARLINK-11724 [DTC]: 0.000000 J (remaining 19658.96)
[MODE: BIDIRECTIONAL]
[394][GREEDY] CONSEGNATO! STARLINK-11734 [DTC] -> OBS | Tramission-time: 4.13252077666864e-09
[MODE: BIDIRECTIONAL]
[396][GREEDY] CONSEGNATO! STARLINK-11734 [DTC] -> OBS | Tramission-time: 3.3941634435884214e-11
---> Task 397 (Type: CPU_and_Data_Intensive) arriva in 203.05
--- [203.05] Task 397 using SearchNode Policy: v1_heuristic ---
[397] Filtro euristico: DTS-TMAX
[203.05] [Task 397] Routed STARLINK-11734 [DTC] -> STARLINK-30286 | E_NET=0.005101 J | Remaining=79999.57 J
[203.055] Task 397 enqueued on CPU STARLINK-30286 qlen_enqueue=1
---> Task 398 (Type: Generic_Service) arriva in 203.18
--- [203.18] Task 398 using SearchNode Policy: v1_heuristic ---
[398] Filtro euristico: DTS-TMAX
[203.18] [Task 398] Routed STARLINK-11734 [DTC] -> STARLINK-11474 [DTC] | E_NET=0.000032 J | Remaining=79999.57 J
[203.178] Task 398 enqueued on CPU STARLINK-11474 [DTC] qlen_enqueue=1
[203.179] Task 397 enqueued on NET STARLINK-30286 qlen_enqueue_net=1
[Task 397] Task eseguito su STARLINK-30286 53.640826930892736 degrees | CPU=5908.5517J, NET=0.0052J, TOTAL=5908.5569J, Remaining=18589.49J
[203.184] Task 397 served on STARLINK-30286 qlen_enqueue_cpu=1 qlen_enqueue_net=1 time_in_queue=0.000
[Task 398] Task eseguito su STARLINK-11474 [DTC] 55.99767899027644 degrees | CPU=242.3720J, NET=0.0000J, TOTAL=242.3721J, Remaining=23646.13J
[203.186] Task 398 served on STARLINK-11474 [DTC] qlen_enqueue_cpu=1 qlen_enqueue_net=None time_in_queue=0.000
[MODE: BIDIRECTIONAL]
[398][GREEDY] CONSEGNATO! STARLINK-11474 [DTC] -> OBS | Tramission-time: 2.5224572179689427e-11
[397][GREEDY] STARLINK-30286 -> STARLINK-11734 [DTC] | Tramission-time: 0.0012062978669675028
[397] Energy routing consumed by STARLINK-30286: 0.000000 J (remaining 18589.49)
[MODE: BIDIRECTIONAL]
[397][GREEDY] CONSEGNATO! STARLINK-11734 [DTC] -> OBS | Tramission-time: 3.5199881013214824e-09
---> Task 399 (Type: CPU_Intensive) arriva in 203.30
--- [203.30] Task 399 using SearchNode Policy: v1_heuristic ---
[399] Filtro euristico: DTS-TMAX
[203.30] [Task 399] Routed STARLINK-11734 [DTC] -> STARLINK-3130 | E_NET=0.000006 J | Remaining=79999.57 J
[Task 399] REJECTED on STARLINK-3130 due to: Insufficient Energy for CPU
----------------------------------------------------------------------
	||TIME IN SIMULATION : (seconds:204) (minutes: 3) ||

MODIFICA CONFIGURAZIONE IN CORSO...

Aggiornato il Tempo Globale:  2025-11-20 20:58:38
---> Task 400 (Type: Generic_Service) arriva in 205.38
--- [205.38] Task 400 using SearchNode Policy: v1_heuristic ---
[400] Filtro euristico: DTS-TMAX
[205.38] [Task 400] Routed STARLINK-11734 [DTC] -> STARLINK-3130 | E_NET=0.000022 J | Remaining=79999.57 J
[205.383] Task 400 enqueued on CPU STARLINK-3130 qlen_enqueue=1
[Task 400] Task eseguito su STARLINK-3130 53.150064002091504 degrees | CPU=1805.7076J, NET=0.0000J, TOTAL=1805.7076J, Remaining=22620.25J
[205.422] Task 400 served on STARLINK-3130 qlen_enqueue_cpu=1 qlen_enqueue_net=None time_in_queue=0.000
[400][GREEDY] STARLINK-3130 -> STARLINK-11734 [DTC] | Tramission-time: 0.0021769732608676973
[400] Energy routing consumed by STARLINK-3130: 0.000000 J (remaining 22620.25)
[MODE: BIDIRECTIONAL]
[400][GREEDY] CONSEGNATO! STARLINK-11734 [DTC] -> OBS | Tramission-time: 1.7584398174893273e-11
----------------------------------------------------------------------
	||TIME IN SIMULATION : (seconds:206) (minutes: 3) ||

MODIFICA CONFIGURAZIONE IN CORSO...

Aggiornato il Tempo Globale:  2025-11-20 20:58:40
---> Task 401 (Type: CPU_and_Data_Intensive) arriva in 207.69
--- [207.69] Task 401 using SearchNode Policy: v1_heuristic ---
[401] Filtro euristico: DTS-TMAX
[207.69] [Task 401] Routed STARLINK-11734 [DTC] -> STARLINK-2713 | E_NET=0.007271 J | Remaining=79999.56 J
---> Task 402 (Type: CPU_Intensive) arriva in 207.69
--- [207.69] Task 402 using SearchNode Policy: v1_heuristic ---
[402] Filtro euristico: DTS-TMAX
[207.69] [Task 402] Routed STARLINK-11734 [DTC] -> STARLINK-2713 | E_NET=0.000030 J | Remaining=79999.56 J
[Task 402] REJECTED on STARLINK-2713 due to: Insufficient Energy for CPU
[Task 401] REJECTED on STARLINK-2713 due to: Insufficient Energy for CPU+NET
----------------------------------------------------------------------
	||TIME IN SIMULATION : (seconds:208) (minutes: 3) ||

MODIFICA CONFIGURAZIONE IN CORSO...

Aggiornato il Tempo Globale:  2025-11-20 20:58:42
---> Task 403 (Type: Generic_Service) arriva in 208.04
--- [208.04] Task 403 using SearchNode Policy: v1_heuristic ---
[403] Filtro euristico: DTS-TMAX
[208.04] [Task 403] Routed STARLINK-11734 [DTC] -> STARLINK-11474 [DTC] | E_NET=0.000028 J | Remaining=79999.56 J
[208.038] Task 403 enqueued on CPU STARLINK-11474 [DTC] qlen_enqueue=1
[Task 403] Task eseguito su STARLINK-11474 [DTC] 51.52225427140609 degrees | CPU=278.9469J, NET=0.0000J, TOTAL=278.9469J, Remaining=23367.19J
[208.046] Task 403 served on STARLINK-11474 [DTC] qlen_enqueue_cpu=1 qlen_enqueue_net=None time_in_queue=0.000
[MODE: BIDIRECTIONAL]
[403][GREEDY] CONSEGNATO! STARLINK-11474 [DTC] -> OBS | Tramission-time: 2.6472016617329357e-11
---> Task 404 (Type: Generic_Service) arriva in 208.20
--- [208.20] Task 404 using SearchNode Policy: v1_heuristic ---
[404] Filtro euristico: DTS-TMAX
[208.20] [Task 404] Routed STARLINK-11734 [DTC] -> STARLINK-2713 | E_NET=0.000026 J | Remaining=79999.56 J
[208.197] Task 404 enqueued on CPU STARLINK-2713 qlen_enqueue=1
---> Task 405 (Type: CPU_Intensive) arriva in 208.21
--- [208.21] Task 405 using SearchNode Policy: v1_heuristic ---
[405] Filtro euristico: DTS-TMAX
[208.21] [Task 405] Routed STARLINK-11734 [DTC] -> STARLINK-2713 | E_NET=0.000026 J | Remaining=79999.56 J
[Task 405] REJECTED on STARLINK-2713 due to: Insufficient Energy for CPU
[Task 404] Task eseguito su STARLINK-2713 66.40321486202511 degrees | CPU=1887.8227J, NET=0.0000J, TOTAL=1887.8227J, Remaining=22356.85J
[208.239] Task 404 served on STARLINK-2713 qlen_enqueue_cpu=1 qlen_enqueue_net=None time_in_queue=0.000
[404][GREEDY] STARLINK-2713 -> STARLINK-11734 [DTC] | Tramission-time: 0.001102805388157127
[404] Energy routing consumed by STARLINK-2713: 0.000000 J (remaining 22356.85)
[MODE: BIDIRECTIONAL]
[404][GREEDY] CONSEGNATO! STARLINK-11734 [DTC] -> OBS | Tramission-time: 2.3325522856677503e-11
---> Task 406 (Type: Generic_Service) arriva in 208.60
--- [208.60] Task 406 using SearchNode Policy: v1_heuristic ---
[406] Filtro euristico: DTS-TMAX
[208.60] [Task 406] Routed STARLINK-11734 [DTC] -> STARLINK-5843 | E_NET=0.000014 J | Remaining=79999.56 J
[208.606] Task 406 enqueued on CPU STARLINK-5843 qlen_enqueue=1
[Task 406] Task eseguito su STARLINK-5843 56.287829765850894 degrees | CPU=3831.0009J, NET=0.0000J, TOTAL=3831.0009J, Remaining=20192.25J
[208.687] Task 406 served on STARLINK-5843 qlen_enqueue_cpu=1 qlen_enqueue_net=None time_in_queue=0.000
[406][GREEDY] STARLINK-5843 -> STARLINK-11734 [DTC] | Tramission-time: 0.0011419194939219699
[406] Energy routing consumed by STARLINK-5843: 0.000000 J (remaining 20192.25)
[MODE: BIDIRECTIONAL]
[406][GREEDY] CONSEGNATO! STARLINK-11734 [DTC] -> OBS | Tramission-time: 1.386146482755428e-11
----------------------------------------------------------------------
	||TIME IN SIMULATION : (seconds:210) (minutes: 3) ||

MODIFICA CONFIGURAZIONE IN CORSO...

Aggiornato il Tempo Globale:  2025-11-20 20:58:44
---> Task 407 (Type: CPU_and_Data_Intensive) arriva in 210.21
--- [210.21] Task 407 using SearchNode Policy: v1_heuristic ---
[407] Filtro euristico: DTS-TMAX
[Task 407] Nessun server rimasto dopo i filtri (deadline/sunset).
[Task 407] REJECTED on STARLINK-11734 [DTC] due to: No suitable server found after deadline/sunset filters
---> Task 408 (Type: Generic_Service) arriva in 211.23
--- [211.23] Task 408 using SearchNode Policy: v1_heuristic ---
[408] Filtro euristico: DTS-TMAX
[211.23] [Task 408] Routed STARLINK-11734 [DTC] -> STARLINK-31763 | E_NET=0.000025 J | Remaining=79999.56 J
[211.232] Task 408 enqueued on CPU STARLINK-31763 qlen_enqueue=1
[Task 408] Task eseguito su STARLINK-31763 69.56886777987768 degrees | CPU=1366.8305J, NET=0.0000J, TOTAL=1366.8305J, Remaining=22500.45J
[211.262] Task 408 served on STARLINK-31763 qlen_enqueue_cpu=1 qlen_enqueue_net=None time_in_queue=0.000
[408][GREEDY] STARLINK-31763 -> STARLINK-11734 [DTC] | Tramission-time: 0.001213146947742066
[408] Energy routing consumed by STARLINK-31763: 0.000000 J (remaining 22500.45)
[MODE: BIDIRECTIONAL]
[408][GREEDY] CONSEGNATO! STARLINK-11734 [DTC] -> OBS | Tramission-time: 2.3842572756560892e-11
---> Task 409 (Type: CPU_Intensive) arriva in 211.72
--- [211.72] Task 409 using SearchNode Policy: v1_heuristic ---
[409] Filtro euristico: DTS-TMAX
[211.72] [Task 409] Routed STARLINK-11734 [DTC] -> STARLINK-31399 | E_NET=0.000007 J | Remaining=79999.56 J
[211.725] Task 409 enqueued on CPU STARLINK-31399 qlen_enqueue=1
[Task 409] Task eseguito su STARLINK-31399 73.22672393338999 degrees | CPU=4396.3863J, NET=0.0000J, TOTAL=4396.3864J, Remaining=18977.64J
[211.818] Task 409 served on STARLINK-31399 qlen_enqueue_cpu=1 qlen_enqueue_net=None time_in_queue=0.000
[409][GREEDY] STARLINK-31399 -> STARLINK-11734 [DTC] | Tramission-time: 0.0012952849186418322
[409] Energy routing consumed by STARLINK-31399: 0.000000 J (remaining 18977.64)
[MODE: BIDIRECTIONAL]
[409][GREEDY] CONSEGNATO! STARLINK-11734 [DTC] -> OBS | Tramission-time: 7.786486148829958e-12
---> Task 410 (Type: CPU_and_Data_Intensive) arriva in 211.94
--- [211.94] Task 410 using SearchNode Policy: v1_heuristic ---
[410] Filtro euristico: DTS-TMAX
[211.94] [Task 410] Routed STARLINK-11734 [DTC] -> STARLINK-11474 [DTC] | E_NET=0.000244 J | Remaining=79999.56 J
[Task 410] REJECTED on STARLINK-11474 [DTC] due to: Insufficient Energy for CPU+NET
----------------------------------------------------------------------
	||TIME IN SIMULATION : (seconds:212) (minutes: 3) ||

MODIFICA CONFIGURAZIONE IN CORSO...

Aggiornato il Tempo Globale:  2025-11-20 20:58:46
---> Task 411 (Type: CPU_and_Data_Intensive) arriva in 212.91
--- [212.91] Task 411 using SearchNode Policy: v1_heuristic ---
[411] Filtro euristico: DTS-TMAX
[212.91] [Task 411] Routed STARLINK-11734 [DTC] -> STARLINK-11474 [DTC] | E_NET=0.000130 J | Remaining=79999.56 J
[Task 411] REJECTED on STARLINK-11474 [DTC] due to: Insufficient Energy for CPU+NET
----------------------------------------------------------------------
	||TIME IN SIMULATION : (seconds:214) (minutes: 3) ||

MODIFICA CONFIGURAZIONE IN CORSO...

Aggiornato il Tempo Globale:  2025-11-20 20:58:48
---> Task 412 (Type: CPU_Intensive) arriva in 214.27
--- [214.27] Task 412 using SearchNode Policy: v1_heuristic ---
[412] Filtro euristico: DTS-TMAX
[214.27] [Task 412] Routed STARLINK-11734 [DTC] -> STARLINK-2388 | E_NET=0.000038 J | Remaining=79999.56 J
[214.269] Task 412 enqueued on CPU STARLINK-2388 qlen_enqueue=1
[Task 412] Task eseguito su STARLINK-2388 40.352306462169274 degrees | CPU=44566.3901J, NET=0.0000J, TOTAL=44566.3902J, Remaining=35433.61J
[215.206] Task 412 served on STARLINK-2388 qlen_enqueue_cpu=1 qlen_enqueue_net=None time_in_queue=0.000
---> Task 413 (Type: CPU_and_Data_Intensive) arriva in 215.26
--- [215.26] Task 413 using SearchNode Policy: v1_heuristic ---
[413] Filtro euristico: DTS-TMAX
[215.26] [Task 413] Routed STARLINK-11734 [DTC] -> STARLINK-2388 | E_NET=0.006356 J | Remaining=79999.55 J
[412][GREEDY] STARLINK-2388 -> STARLINK-11734 [DTC] | Tramission-time: 0.0019273638040327547
[412] Energy routing consumed by STARLINK-2388: 0.000000 J (remaining 35433.61)
[215.263] Task 413 enqueued on CPU STARLINK-2388 qlen_enqueue=1
[MODE: BIDIRECTIONAL]
[412][GREEDY] CONSEGNATO! STARLINK-11734 [DTC] -> OBS | Tramission-time: 3.414867335658756e-11
[215.774] Task 413 enqueued on NET STARLINK-2388 qlen_enqueue_net=1
[Task 413] Task eseguito su STARLINK-2388 40.352306462169274 degrees | CPU=24321.1025J, NET=0.0068J, TOTAL=24321.1093J, Remaining=11112.50J
[215.780] Task 413 served on STARLINK-2388 qlen_enqueue_cpu=1 qlen_enqueue_net=1 time_in_queue=0.000
[413][GREEDY] STARLINK-2388 -> STARLINK-11734 [DTC] | Tramission-time: 0.0019273694222289555
[413] Energy routing consumed by STARLINK-2388: 0.000000 J (remaining 11112.50)
[MODE: BIDIRECTIONAL]
[413][GREEDY] CONSEGNATO! STARLINK-11734 [DTC] -> OBS | Tramission-time: 4.749592404086345e-09
----------------------------------------------------------------------
	||TIME IN SIMULATION : (seconds:216) (minutes: 3) ||

MODIFICA CONFIGURAZIONE IN CORSO...

Aggiornato il Tempo Globale:  2025-11-20 20:58:50
---> Task 414 (Type: Generic_Service) arriva in 216.88
--- [216.88] Task 414 using SearchNode Policy: v1_heuristic ---
[414] Filtro euristico: DTS-TMAX
[216.88] [Task 414] Routed STARLINK-11734 [DTC] -> STARLINK-11474 [DTC] | E_NET=0.000025 J | Remaining=79999.55 J
[216.885] Task 414 enqueued on CPU STARLINK-11474 [DTC] qlen_enqueue=1
[Task 414] Task eseguito su STARLINK-11474 [DTC] 46.13401100297306 degrees | CPU=4741.2779J, NET=0.0000J, TOTAL=4741.2780J, Remaining=18625.91J
[216.986] Task 414 served on STARLINK-11474 [DTC] qlen_enqueue_cpu=1 qlen_enqueue_net=None time_in_queue=0.000
[MODE: BIDIRECTIONAL]
[414][GREEDY] CONSEGNATO! STARLINK-11474 [DTC] -> OBS | Tramission-time: 1.703174622566377e-11
----------------------------------------------------------------------
	||TIME IN SIMULATION : (seconds:218) (minutes: 3) ||

MODIFICA CONFIGURAZIONE IN CORSO...

Aggiornato il Tempo Globale:  2025-11-20 20:58:52
---> Task 415 (Type: Generic_Service) arriva in 218.10
--- [218.10] Task 415 using SearchNode Policy: v1_heuristic ---
[415] Filtro euristico: DTS-TMAX
[218.10] [Task 415] Routed STARLINK-11734 [DTC] -> STARLINK-34902 | E_NET=0.000029 J | Remaining=79999.55 J
[218.105] Task 415 enqueued on CPU STARLINK-34902 qlen_enqueue=1
[Task 415] Task eseguito su STARLINK-34902 49.869710005931196 degrees | CPU=5244.9615J, NET=0.0000J, TOTAL=5244.9615J, Remaining=18049.00J
[218.217] Task 415 served on STARLINK-34902 qlen_enqueue_cpu=1 qlen_enqueue_net=None time_in_queue=0.000
[415][GREEDY] STARLINK-34902 -> STARLINK-11734 [DTC] | Tramission-time: 0.0005856328767421236
[415] Energy routing consumed by STARLINK-34902: 0.000000 J (remaining 18049.00)
[MODE: BIDIRECTIONAL]
[415][GREEDY] CONSEGNATO! STARLINK-11734 [DTC] -> OBS | Tramission-time: 2.51626676244749e-11
---> Task 416 (Type: Generic_Service) arriva in 218.37
--- [218.37] Task 416 using SearchNode Policy: v1_heuristic ---
[416] Filtro euristico: DTS-TMAX
[218.37] [Task 416] Routed STARLINK-11734 [DTC] -> STARLINK-31702 | E_NET=0.000025 J | Remaining=79999.55 J
[218.367] Task 416 enqueued on CPU STARLINK-31702 qlen_enqueue=1
[Task 416] Task eseguito su STARLINK-31702 40.613133862571 degrees | CPU=4127.8233J, NET=0.0000J, TOTAL=4127.8233J, Remaining=19154.27J
[218.456] Task 416 served on STARLINK-31702 qlen_enqueue_cpu=1 qlen_enqueue_net=None time_in_queue=0.000
[416][GREEDY] STARLINK-31702 -> STARLINK-11734 [DTC] | Tramission-time: 0.0011920235139749166
[416] Energy routing consumed by STARLINK-31702: 0.000000 J (remaining 19154.27)
[MODE: BIDIRECTIONAL]
[416][GREEDY] CONSEGNATO! STARLINK-11734 [DTC] -> OBS | Tramission-time: 2.6064768152285768e-11
---> Task 417 (Type: Generic_Service) arriva in 218.79
--- [218.79] Task 417 using SearchNode Policy: v1_heuristic ---
[417] Filtro euristico: DTS-TMAX
[218.79] [Task 417] Routed STARLINK-11734 [DTC] -> STARLINK-31585 | E_NET=0.000016 J | Remaining=79999.55 J
[218.794] Task 417 enqueued on CPU STARLINK-31585 qlen_enqueue=1
[Task 417] Task eseguito su STARLINK-31585 47.65384891014696 degrees | CPU=1114.6870J, NET=0.0000J, TOTAL=1114.6870J, Remaining=21723.89J
[218.819] Task 417 served on STARLINK-31585 qlen_enqueue_cpu=1 qlen_enqueue_net=None time_in_queue=0.000
[417][GREEDY] STARLINK-31585 -> STARLINK-11734 [DTC] | Tramission-time: 0.0012142621834747664
[417] Energy routing consumed by STARLINK-31585: 0.000000 J (remaining 21723.89)
[MODE: BIDIRECTIONAL]
[417][GREEDY] CONSEGNATO! STARLINK-11734 [DTC] -> OBS | Tramission-time: 2.0187879669681366e-11
---> Task 418 (Type: CPU_and_Data_Intensive) arriva in 219.32
--- [219.32] Task 418 using SearchNode Policy: v1_heuristic ---
[418] Filtro euristico: DTS-TMAX
[Task 418] Nessun server rimasto dopo i filtri (deadline/sunset).
[Task 418] REJECTED on STARLINK-11734 [DTC] due to: No suitable server found after deadline/sunset filters
---> Task 419 (Type: CPU_Intensive) arriva in 219.43
--- [219.43] Task 419 using SearchNode Policy: v1_heuristic ---
[419] Filtro euristico: DTS-TMAX
[219.43] [Task 419] Routed STARLINK-11734 [DTC] -> STARLINK-2713 | E_NET=0.000024 J | Remaining=79999.55 J
[Task 419] REJECTED on STARLINK-2713 due to: Insufficient Energy for CPU
---> Task 420 (Type: CPU_Intensive) arriva in 219.57
--- [219.57] Task 420 using SearchNode Policy: v1_heuristic ---
[420] Filtro euristico: DTS-TMAX
[219.57] [Task 420] Routed STARLINK-11734 [DTC] -> STARLINK-33816 | E_NET=0.000029 J | Remaining=79999.55 J
[219.575] Task 420 enqueued on CPU STARLINK-33816 qlen_enqueue=1
---> Task 421 (Type: Generic_Service) arriva in 219.60
--- [219.60] Task 421 using SearchNode Policy: v1_heuristic ---
[421] Filtro euristico: DTS-TMAX
[Task 421] Nessun server rimasto dopo i filtri (deadline/sunset).
[Task 421] REJECTED on STARLINK-11734 [DTC] due to: No suitable server found after deadline/sunset filters
[Task 420] Task eseguito su STARLINK-33816 64.84811564801892 degrees | CPU=9338.5407J, NET=0.0000J, TOTAL=9338.5408J, Remaining=13464.28J
[219.774] Task 420 served on STARLINK-33816 qlen_enqueue_cpu=1 qlen_enqueue_net=None time_in_queue=0.000
---> Task 422 (Type: Generic_Service) arriva in 219.85
--- [219.85] Task 422 using SearchNode Policy: v1_heuristic ---
[422] Filtro euristico: DTS-TMAX
[219.85] [Task 422] Routed STARLINK-11734 [DTC] -> STARLINK-31763 | E_NET=0.000015 J | Remaining=79999.55 J
[219.854] Task 422 enqueued on CPU STARLINK-31763 qlen_enqueue=1
[420][GREEDY] STARLINK-33816 -> STARLINK-11734 [DTC] | Tramission-time: 0.0016789209689540875
[420] Energy routing consumed by STARLINK-33816: 0.000000 J (remaining 13464.28)
[MODE: BIDIRECTIONAL]
[420][GREEDY] CONSEGNATO! STARLINK-11734 [DTC] -> OBS | Tramission-time: 3.306079518735558e-11
[Task 422] Task eseguito su STARLINK-31763 65.41477312245345 degrees | CPU=5838.0595J, NET=0.0000J, TOTAL=5838.0595J, Remaining=16662.39J
[219.978] Task 422 served on STARLINK-31763 qlen_enqueue_cpu=1 qlen_enqueue_net=None time_in_queue=0.000
----------------------------------------------------------------------
	||TIME IN SIMULATION : (seconds:220) (minutes: 3) ||

MODIFICA CONFIGURAZIONE IN CORSO...

Aggiornato il Tempo Globale:  2025-11-20 20:58:54
[422][GREEDY] STARLINK-31763 -> STARLINK-11734 [DTC] | Tramission-time: 0.001124776676105924
[422] Energy routing consumed by STARLINK-31763: 0.000000 J (remaining 16662.39)
[MODE: BIDIRECTIONAL]
[422][GREEDY] CONSEGNATO! STARLINK-11734 [DTC] -> OBS | Tramission-time: 1.268327048764545e-11
---> Task 423 (Type: CPU_Intensive) arriva in 220.61
--- [220.61] Task 423 using SearchNode Policy: v1_heuristic ---
[423] Filtro euristico: DTS-TMAX
[220.61] [Task 423] Routed STARLINK-11734 [DTC] -> STARLINK-2713 | E_NET=0.000005 J | Remaining=79999.55 J
[220.612] Task 423 enqueued on CPU STARLINK-2713 qlen_enqueue=1
---> Task 424 (Type: CPU_Intensive) arriva in 220.62
--- [220.62] Task 424 using SearchNode Policy: v1_heuristic ---
[424] Filtro euristico: DTS-TMAX
[220.62] [Task 424] Routed STARLINK-11734 [DTC] -> STARLINK-3897 | E_NET=0.000019 J | Remaining=79999.55 J
[Task 424] REJECTED on STARLINK-3897 due to: Insufficient Energy for CPU
[Task 423] Task eseguito su STARLINK-2713 64.69153275848561 degrees | CPU=5746.9356J, NET=0.0000J, TOTAL=5746.9357J, Remaining=16609.91J
[220.733] Task 423 served on STARLINK-2713 qlen_enqueue_cpu=1 qlen_enqueue_net=None time_in_queue=0.000
[423][GREEDY] STARLINK-2713 -> STARLINK-11734 [DTC] | Tramission-time: 0.0011687060079119199
[423] Energy routing consumed by STARLINK-2713: 0.000000 J (remaining 16609.91)
[MODE: BIDIRECTIONAL]
[423][GREEDY] CONSEGNATO! STARLINK-11734 [DTC] -> OBS | Tramission-time: 5.106273478279271e-12
----------------------------------------------------------------------
	||TIME IN SIMULATION : (seconds:222) (minutes: 3) ||

MODIFICA CONFIGURAZIONE IN CORSO...

Aggiornato il Tempo Globale:  2025-11-20 20:58:56
---> Task 425 (Type: Generic_Service) arriva in 222.05
--- [222.05] Task 425 using SearchNode Policy: v1_heuristic ---
[425] Filtro euristico: DTS-TMAX
[222.05] [Task 425] Routed STARLINK-11734 [DTC] -> STARLINK-3897 | E_NET=0.000006 J | Remaining=79999.55 J
[222.048] Task 425 enqueued on CPU STARLINK-3897 qlen_enqueue=1
---> Task 426 (Type: Generic_Service) arriva in 222.05
--- [222.05] Task 426 using SearchNode Policy: v1_heuristic ---
[426] Filtro euristico: DTS-TMAX
[222.05] [Task 426] Routed STARLINK-11734 [DTC] -> STARLINK-31585 | E_NET=0.000005 J | Remaining=79999.55 J
[222.054] Task 426 enqueued on CPU STARLINK-31585 qlen_enqueue=1
[Task 425] Task eseguito su STARLINK-3897 42.83163276721174 degrees | CPU=1313.1422J, NET=0.0000J, TOTAL=1313.1422J, Remaining=20852.22J
[222.076] Task 425 served on STARLINK-3897 qlen_enqueue_cpu=1 qlen_enqueue_net=None time_in_queue=0.000
[Task 426] Task eseguito su STARLINK-31585 45.74199552602551 degrees | CPU=1053.8830J, NET=0.0000J, TOTAL=1053.8830J, Remaining=20670.01J
[222.076] Task 426 served on STARLINK-31585 qlen_enqueue_cpu=1 qlen_enqueue_net=None time_in_queue=0.000
[426][GREEDY] STARLINK-31585 -> STARLINK-11734 [DTC] | Tramission-time: 0.0011861040773146149
[426] Energy routing consumed by STARLINK-31585: 0.000000 J (remaining 20670.01)
[425][GREEDY] STARLINK-3897 -> STARLINK-11734 [DTC] | Tramission-time: 0.001639621045974196
[425] Energy routing consumed by STARLINK-3897: 0.000000 J (remaining 20852.22)
[MODE: BIDIRECTIONAL]
[426][GREEDY] CONSEGNATO! STARLINK-11734 [DTC] -> OBS | Tramission-time: 4.572448221767443e-12
[MODE: BIDIRECTIONAL]
[425][GREEDY] CONSEGNATO! STARLINK-11734 [DTC] -> OBS | Tramission-time: 4.501315614181901e-12
---> Task 427 (Type: Generic_Service) arriva in 222.58
--- [222.58] Task 427 using SearchNode Policy: v1_heuristic ---
[427] Filtro euristico: DTS-TMAX
[222.58] [Task 427] Routed STARLINK-11734 [DTC] -> STARLINK-3897 | E_NET=0.000034 J | Remaining=79999.55 J
[222.578] Task 427 enqueued on CPU STARLINK-3897 qlen_enqueue=1
[Task 427] Task eseguito su STARLINK-3897 42.83163276721174 degrees | CPU=8024.0601J, NET=0.0000J, TOTAL=8024.0602J, Remaining=12828.16J
[222.749] Task 427 served on STARLINK-3897 qlen_enqueue_cpu=1 qlen_enqueue_net=None time_in_queue=0.000
[427][GREEDY] STARLINK-3897 -> STARLINK-11734 [DTC] | Tramission-time: 0.0016396210716951782
[427] Energy routing consumed by STARLINK-3897: 0.000000 J (remaining 12828.16)
[MODE: BIDIRECTIONAL]
[427][GREEDY] CONSEGNATO! STARLINK-11734 [DTC] -> OBS | Tramission-time: 2.743349452403248e-11
---> Task 428 (Type: Generic_Service) arriva in 223.86
--- [223.86] Task 428 using SearchNode Policy: v1_heuristic ---
[428] Filtro euristico: DTS-TMAX
[223.86] [Task 428] Routed STARLINK-11734 [DTC] -> STARLINK-31585 | E_NET=0.000022 J | Remaining=79999.55 J
[223.863] Task 428 enqueued on CPU STARLINK-31585 qlen_enqueue=1
[Task 428] Task eseguito su STARLINK-31585 45.74199552602551 degrees | CPU=1935.9370J, NET=0.0000J, TOTAL=1935.9370J, Remaining=18734.07J
[223.905] Task 428 served on STARLINK-31585 qlen_enqueue_cpu=1 qlen_enqueue_net=None time_in_queue=0.000
[428][GREEDY] STARLINK-31585 -> STARLINK-11734 [DTC] | Tramission-time: 0.0011861040918061353
[428] Energy routing consumed by STARLINK-31585: 0.000000 J (remaining 18734.07)
[MODE: BIDIRECTIONAL]
[428][GREEDY] CONSEGNATO! STARLINK-11734 [DTC] -> OBS | Tramission-time: 1.9405527054878568e-11
----------------------------------------------------------------------
	||TIME IN SIMULATION : (seconds:224) (minutes: 3) ||

MODIFICA CONFIGURAZIONE IN CORSO...

Aggiornato il Tempo Globale:  2025-11-20 20:58:58
---> Task 429 (Type: CPU_Intensive) arriva in 224.04
--- [224.04] Task 429 using SearchNode Policy: v1_heuristic ---
[429] Filtro euristico: DTS-TMAX
[224.04] [Task 429] Routed STARLINK-11734 [DTC] -> STARLINK-31207 | E_NET=0.000014 J | Remaining=79999.55 J
[Task 429] REJECTED on STARLINK-31207 due to: Insufficient Energy for CPU
---> Task 430 (Type: Generic_Service) arriva in 224.43
--- [224.43] Task 430 using SearchNode Policy: v1_heuristic ---
[430] Filtro euristico: DTS-TMAX
[224.43] [Task 430] Routed STARLINK-11734 [DTC] -> STARLINK-31207 | E_NET=0.000024 J | Remaining=79999.55 J
[224.433] Task 430 enqueued on CPU STARLINK-31207 qlen_enqueue=1
[Task 430] Task eseguito su STARLINK-31207 60.73078941771041 degrees | CPU=3657.1590J, NET=0.0000J, TOTAL=3657.1591J, Remaining=16833.09J
[224.511] Task 430 served on STARLINK-31207 qlen_enqueue_cpu=1 qlen_enqueue_net=None time_in_queue=0.000
[430][GREEDY] STARLINK-31207 -> STARLINK-11724 [DTC] | Tramission-time: 0.0015896885901682093
[430] Energy routing consumed by STARLINK-31207: 0.000000 J (remaining 16833.09)
[MODE: BIDIRECTIONAL]
[430][GREEDY] CONSEGNATO! STARLINK-11724 [DTC] -> OBS | Tramission-time: 2.5563849985500034e-11
---> Task 431 (Type: CPU_Intensive) arriva in 225.04
--- [225.04] Task 431 using SearchNode Policy: v1_heuristic ---
[431] Filtro euristico: DTS-TMAX
[225.04] [Task 431] Routed STARLINK-11734 [DTC] -> STARLINK-5843 | E_NET=0.000018 J | Remaining=79999.55 J
[Task 431] REJECTED on STARLINK-5843 due to: Insufficient Energy for CPU
---> Task 432 (Type: Generic_Service) arriva in 225.15
--- [225.15] Task 432 using SearchNode Policy: v1_heuristic ---
[432] Filtro euristico: DTS-TMAX
[225.15] [Task 432] Routed STARLINK-11734 [DTC] -> STARLINK-5843 | E_NET=0.000009 J | Remaining=79999.55 J
[225.151] Task 432 enqueued on CPU STARLINK-5843 qlen_enqueue=1
[Task 432] Task eseguito su STARLINK-5843 60.99925794505102 degrees | CPU=1321.4257J, NET=0.0000J, TOTAL=1321.4257J, Remaining=18870.82J
[225.179] Task 432 served on STARLINK-5843 qlen_enqueue_cpu=1 qlen_enqueue_net=None time_in_queue=0.000
[432][GREEDY] STARLINK-5843 -> STARLINK-11724 [DTC] | Tramission-time: 0.000994822405406072
[432] Energy routing consumed by STARLINK-5843: 0.000000 J (remaining 18870.82)
[MODE: BIDIRECTIONAL]
[432][GREEDY] CONSEGNATO! STARLINK-11724 [DTC] -> OBS | Tramission-time: 8.272113219913334e-12
---> Task 433 (Type: Generic_Service) arriva in 225.50
--- [225.50] Task 433 using SearchNode Policy: v1_heuristic ---
[433] Filtro euristico: DTS-TMAX
[225.50] [Task 433] Routed STARLINK-11734 [DTC] -> STARLINK-33947 | E_NET=0.000008 J | Remaining=79999.55 J
[225.501] Task 433 enqueued on CPU STARLINK-33947 qlen_enqueue=1
[Task 433] Task eseguito su STARLINK-33947 66.5671780805524 degrees | CPU=1086.1082J, NET=0.0000J, TOTAL=1086.1082J, Remaining=18607.48J
[225.524] Task 433 served on STARLINK-33947 qlen_enqueue_cpu=1 qlen_enqueue_net=None time_in_queue=0.000
[433][GREEDY] STARLINK-33947 -> STARLINK-11724 [DTC] | Tramission-time: 0.0016741363622274053
[433] Energy routing consumed by STARLINK-33947: 0.000000 J (remaining 18607.48)
[MODE: BIDIRECTIONAL]
[433][GREEDY] CONSEGNATO! STARLINK-11724 [DTC] -> OBS | Tramission-time: 6.817090615345926e-12
----------------------------------------------------------------------
	||TIME IN SIMULATION : (seconds:226) (minutes: 3) ||

MODIFICA CONFIGURAZIONE IN CORSO...

Aggiornato il Tempo Globale:  2025-11-20 20:59:00
---> Task 434 (Type: Generic_Service) arriva in 226.18
--- [226.18] Task 434 using SearchNode Policy: v1_heuristic ---
[434] Filtro euristico: DTS-TMAX
[226.18] [Task 434] Routed STARLINK-11734 [DTC] -> STARLINK-11724 [DTC] | E_NET=0.000020 J | Remaining=79999.55 J
[226.179] Task 434 enqueued on CPU STARLINK-11724 [DTC] qlen_enqueue=1
[Task 434] Task eseguito su STARLINK-11724 [DTC] 52.591443049005626 degrees | CPU=2872.6299J, NET=0.0000J, TOTAL=2872.6300J, Remaining=16786.33J
[226.241] Task 434 served on STARLINK-11724 [DTC] qlen_enqueue_cpu=1 qlen_enqueue_net=None time_in_queue=0.000
[MODE: BIDIRECTIONAL]
[434][GREEDY] CONSEGNATO! STARLINK-11724 [DTC] -> OBS | Tramission-time: 1.6258924403575165e-11
---> Task 435 (Type: Generic_Service) arriva in 227.01
--- [227.01] Task 435 using SearchNode Policy: v1_heuristic ---
[435] Filtro euristico: DTS-TMAX
[227.01] [Task 435] Routed STARLINK-11734 [DTC] -> STARLINK-34902 | E_NET=0.000011 J | Remaining=79999.55 J
[227.012] Task 435 enqueued on CPU STARLINK-34902 qlen_enqueue=1
[Task 435] Task eseguito su STARLINK-34902 48.87261858935872 degrees | CPU=271.7279J, NET=0.0000J, TOTAL=271.7279J, Remaining=17777.27J
[227.019] Task 435 served on STARLINK-34902 qlen_enqueue_cpu=1 qlen_enqueue_net=None time_in_queue=0.000
[435][GREEDY] STARLINK-34902 -> STARLINK-11724 [DTC] | Tramission-time: 0.0018417711983724134
[435] Energy routing consumed by STARLINK-34902: 0.000000 J (remaining 17777.27)
[MODE: BIDIRECTIONAL]
[435][GREEDY] CONSEGNATO! STARLINK-11724 [DTC] -> OBS | Tramission-time: 1.2276371448901715e-11
---> Task 436 (Type: CPU_Intensive) arriva in 227.17
--- [227.17] Task 436 using SearchNode Policy: v1_heuristic ---
[436] Filtro euristico: DTS-TMAX
[227.17] [Task 436] Routed STARLINK-11734 [DTC] -> STARLINK-31399 | E_NET=0.000020 J | Remaining=79999.55 J
[227.168] Task 436 enqueued on CPU STARLINK-31399 qlen_enqueue=1
[Task 436] Task eseguito su STARLINK-31399 82.6965356148318 degrees | CPU=16852.7010J, NET=0.0000J, TOTAL=16852.7010J, Remaining=2124.94J
[227.523] Task 436 served on STARLINK-31399 qlen_enqueue_cpu=1 qlen_enqueue_net=None time_in_queue=0.000
[MODE: BIDIRECTIONAL]
[436][GREEDY] CONSEGNATO! STARLINK-31399 -> OBS | Tramission-time: 1.8687243504621766e-11
----------------------------------------------------------------------
	||TIME IN SIMULATION : (seconds:228) (minutes: 3) ||

MODIFICA CONFIGURAZIONE IN CORSO...

Aggiornato il Tempo Globale:  2025-11-20 20:59:02
---> Task 437 (Type: Generic_Service) arriva in 228.12
--- [228.12] Task 437 using SearchNode Policy: v1_heuristic ---
[437] Filtro euristico: DTS-TMAX
[228.12] [Task 437] Routed STARLINK-11734 [DTC] -> STARLINK-5843 | E_NET=0.000010 J | Remaining=79999.55 J
[228.117] Task 437 enqueued on CPU STARLINK-5843 qlen_enqueue=1
---> Task 438 (Type: CPU_and_Data_Intensive) arriva in 228.19
--- [228.19] Task 438 using SearchNode Policy: v1_heuristic ---
[438] Filtro euristico: DTS-TMAX
[Task 438] Nessun server rimasto dopo i filtri (deadline/sunset).
[Task 438] REJECTED on STARLINK-11734 [DTC] due to: No suitable server found after deadline/sunset filters
[Task 437] Task eseguito su STARLINK-5843 61.81659391858597 degrees | CPU=7687.8430J, NET=0.0000J, TOTAL=7687.8431J, Remaining=11182.98J
[228.279] Task 437 served on STARLINK-5843 qlen_enqueue_cpu=1 qlen_enqueue_net=None time_in_queue=0.000
[437][GREEDY] STARLINK-5843 -> STARLINK-11724 [DTC] | Tramission-time: 0.0009696628325652247
[437] Energy routing consumed by STARLINK-5843: 0.000000 J (remaining 11182.98)
[MODE: BIDIRECTIONAL]
[437][GREEDY] CONSEGNATO! STARLINK-11724 [DTC] -> OBS | Tramission-time: 9.738616025536296e-12
---> Task 439 (Type: CPU_Intensive) arriva in 229.38
--- [229.38] Task 439 using SearchNode Policy: v1_heuristic ---
[439] Filtro euristico: DTS-TMAX
[229.38] [Task 439] Routed STARLINK-11734 [DTC] -> STARLINK-31585 | E_NET=0.000033 J | Remaining=79999.55 J
[Task 439] REJECTED on STARLINK-31585 due to: Insufficient Energy for CPU
---> Task 440 (Type: Generic_Service) arriva in 229.71
--- [229.71] Task 440 using SearchNode Policy: v1_heuristic ---
[440] Filtro euristico: DTS-TMAX
[229.71] [Task 440] Routed STARLINK-11734 [DTC] -> STARLINK-31585 | E_NET=0.000007 J | Remaining=79999.55 J
[229.708] Task 440 enqueued on CPU STARLINK-31585 qlen_enqueue=1
[Task 440] Task eseguito su STARLINK-31585 43.04163976252112 degrees | CPU=575.0891J, NET=0.0000J, TOTAL=575.0891J, Remaining=18158.98J
[229.720] Task 440 served on STARLINK-31585 qlen_enqueue_cpu=1 qlen_enqueue_net=None time_in_queue=0.000
[440][GREEDY] STARLINK-31585 -> STARLINK-35398 | Tramission-time: 0.001349884882988986
[440] Energy routing consumed by STARLINK-31585: 0.000000 J (remaining 18158.98)
[MODE: BIDIRECTIONAL]
[440][GREEDY] CONSEGNATO! STARLINK-35398 -> OBS | Tramission-time: 5.445286751230769e-12
---> Task 441 (Type: CPU_Intensive) arriva in 229.99
--- [229.99] Task 441 using SearchNode Policy: v1_heuristic ---
[441] Filtro euristico: DTS-TMAX
[229.99] [Task 441] Routed STARLINK-11734 [DTC] -> STARLINK-33947 | E_NET=0.000026 J | Remaining=79999.55 J
[Task 441] REJECTED on STARLINK-33947 due to: Insufficient Energy for CPU
----------------------------------------------------------------------
	||TIME IN SIMULATION : (seconds:230) (minutes: 3) ||

MODIFICA CONFIGURAZIONE IN CORSO...

Aggiornato il Tempo Globale:  2025-11-20 20:59:04
---> Task 442 (Type: CPU_Intensive) arriva in 230.12
--- [230.12] Task 442 using SearchNode Policy: v1_heuristic ---
[442] Filtro euristico: DTS-TMAX
[230.12] [Task 442] Routed STARLINK-11734 [DTC] -> STARLINK-33947 | E_NET=0.000032 J | Remaining=79999.55 J
[Task 442] REJECTED on STARLINK-33947 due to: Insufficient Energy for CPU
---> Task 443 (Type: CPU_Intensive) arriva in 230.37
--- [230.37] Task 443 using SearchNode Policy: v1_heuristic ---
[443] Filtro euristico: DTS-TMAX
[230.37] [Task 443] Routed STARLINK-11734 [DTC] -> STARLINK-33947 | E_NET=0.000032 J | Remaining=79999.55 J
[Task 443] REJECTED on STARLINK-33947 due to: Insufficient Energy for CPU
---> Task 444 (Type: CPU_Intensive) arriva in 231.21
--- [231.21] Task 444 using SearchNode Policy: v1_heuristic ---
[444] Filtro euristico: DTS-TMAX
[231.21] [Task 444] Routed STARLINK-11734 [DTC] -> STARLINK-33947 | E_NET=0.000009 J | Remaining=79999.55 J
[Task 444] REJECTED on STARLINK-33947 due to: Insufficient Energy for CPU
----------------------------------------------------------------------
	||TIME IN SIMULATION : (seconds:232) (minutes: 3) ||

MODIFICA CONFIGURAZIONE IN CORSO...

Aggiornato il Tempo Globale:  2025-11-20 20:59:06
---> Task 445 (Type: CPU_Intensive) arriva in 233.41
--- [233.41] Task 445 using SearchNode Policy: v1_heuristic ---
[445] Filtro euristico: DTS-TMAX
[233.41] [Task 445] Routed STARLINK-11734 [DTC] -> STARLINK-33947 | E_NET=0.000028 J | Remaining=79999.55 J
[Task 445] REJECTED on STARLINK-33947 due to: Insufficient Energy for CPU
---> Task 446 (Type: Generic_Service) arriva in 233.65
--- [233.65] Task 446 using SearchNode Policy: v1_heuristic ---
[446] Filtro euristico: DTS-TMAX
[233.65] [Task 446] Routed STARLINK-11734 [DTC] -> STARLINK-33947 | E_NET=0.000010 J | Remaining=79999.55 J
[233.648] Task 446 enqueued on CPU STARLINK-33947 qlen_enqueue=1
[Task 446] Task eseguito su STARLINK-33947 61.40398158329643 degrees | CPU=4713.2243J, NET=0.0000J, TOTAL=4713.2244J, Remaining=13894.26J
[233.747] Task 446 served on STARLINK-33947 qlen_enqueue_cpu=1 qlen_enqueue_net=None time_in_queue=0.000
[446][GREEDY] STARLINK-33947 -> STARLINK-11724 [DTC] | Tramission-time: 0.001733648259021686
[446] Energy routing consumed by STARLINK-33947: 0.000000 J (remaining 13894.26)
[MODE: BIDIRECTIONAL]
[446][GREEDY] CONSEGNATO! STARLINK-11724 [DTC] -> OBS | Tramission-time: 8.614578814795558e-12
----------------------------------------------------------------------
	||TIME IN SIMULATION : (seconds:234) (minutes: 3) ||

MODIFICA CONFIGURAZIONE IN CORSO...

Aggiornato il Tempo Globale:  2025-11-20 20:59:08
---> Task 447 (Type: CPU_Intensive) arriva in 234.35
--- [234.35] Task 447 using SearchNode Policy: v1_heuristic ---
[447] Filtro euristico: DTS-TMAX
[234.35] [Task 447] Routed STARLINK-11734 [DTC] -> STARLINK-30286 | E_NET=0.000012 J | Remaining=79999.55 J
[234.353] Task 447 enqueued on CPU STARLINK-30286 qlen_enqueue=1
[Task 447] Task eseguito su STARLINK-30286 63.491712228232856 degrees | CPU=7752.0634J, NET=0.0000J, TOTAL=7752.0634J, Remaining=10837.43J
[234.516] Task 447 served on STARLINK-30286 qlen_enqueue_cpu=1 qlen_enqueue_net=None time_in_queue=0.000
[447][GREEDY] STARLINK-30286 -> STARLINK-11724 [DTC] | Tramission-time: 0.0008734049496531388
[447] Energy routing consumed by STARLINK-30286: 0.000000 J (remaining 10837.43)
[MODE: BIDIRECTIONAL]
[447][GREEDY] CONSEGNATO! STARLINK-11724 [DTC] -> OBS | Tramission-time: 1.1366880717458617e-11
---> Task 448 (Type: Generic_Service) arriva in 235.18
--- [235.18] Task 448 using SearchNode Policy: v1_heuristic ---
[448] Filtro euristico: DTS-TMAX
[235.18] [Task 448] Routed STARLINK-11734 [DTC] -> STARLINK-31585 | E_NET=0.000008 J | Remaining=79999.55 J
[235.184] Task 448 enqueued on CPU STARLINK-31585 qlen_enqueue=1
[Task 448] Task eseguito su STARLINK-31585 40.53326715672687 degrees | CPU=792.6107J, NET=0.0000J, TOTAL=792.6108J, Remaining=17366.37J
[235.202] Task 448 served on STARLINK-31585 qlen_enqueue_cpu=1 qlen_enqueue_net=None time_in_queue=0.000
[448][GREEDY] STARLINK-31585 -> STARLINK-35398 | Tramission-time: 0.0013851581600042824
[448] Energy routing consumed by STARLINK-31585: 0.000000 J (remaining 17366.37)
[MODE: BIDIRECTIONAL]
[448][GREEDY] CONSEGNATO! STARLINK-35398 -> OBS | Tramission-time: 7.2248673024296085e-12
---> Task 449 (Type: CPU_Intensive) arriva in 235.79
--- [235.79] Task 449 using SearchNode Policy: v1_heuristic ---
[449] Filtro euristico: DTS-TMAX
[235.79] [Task 449] Routed STARLINK-11734 [DTC] -> STARLINK-34902 | E_NET=0.000032 J | Remaining=79999.55 J
[235.787] Task 449 enqueued on CPU STARLINK-34902 qlen_enqueue=1
---> Task 450 (Type: CPU_and_Data_Intensive) arriva in 235.79
--- [235.79] Task 450 using SearchNode Policy: v1_heuristic ---
[450] Filtro euristico: DTS-TMAX
[235.79] [Task 450] Routed STARLINK-11734 [DTC] -> STARLINK-4396 | E_NET=0.007339 J | Remaining=79999.54 J
[235.798] Task 450 enqueued on CPU STARLINK-4396 qlen_enqueue=1
---> Task 451 (Type: CPU_Intensive) arriva in 235.85
--- [235.85] Task 451 using SearchNode Policy: v1_heuristic ---
[451] Filtro euristico: DTS-TMAX
[235.85] [Task 451] Routed STARLINK-11734 [DTC] -> STARLINK-31585 | E_NET=0.000013 J | Remaining=79999.54 J
[235.856] Task 451 enqueued on CPU STARLINK-31585 qlen_enqueue=1
[Task 449] Task eseguito su STARLINK-34902 47.352702466329 degrees | CPU=5253.7701J, NET=0.0000J, TOTAL=5253.7702J, Remaining=12523.50J
[235.899] Task 449 served on STARLINK-34902 qlen_enqueue_cpu=1 qlen_enqueue_net=None time_in_queue=0.000
[449][GREEDY] STARLINK-34902 -> STARLINK-11724 [DTC] | Tramission-time: 0.001808571439862578
[449] Energy routing consumed by STARLINK-34902: 0.000000 J (remaining 12523.50)
[MODE: BIDIRECTIONAL]
[449][GREEDY] CONSEGNATO! STARLINK-11724 [DTC] -> OBS | Tramission-time: 2.9652949676771575e-11
----------------------------------------------------------------------
	||TIME IN SIMULATION : (seconds:236) (minutes: 3) ||

MODIFICA CONFIGURAZIONE IN CORSO...

Aggiornato il Tempo Globale:  2025-11-20 20:59:10
[236.062] Task 450 enqueued on NET STARLINK-4396 qlen_enqueue_net=1
[Task 450] Task eseguito su STARLINK-4396 45.211820382751434 degrees | CPU=12572.6165J, NET=0.0092J, TOTAL=12572.6257J, Remaining=5039.61J
[236.071] Task 450 served on STARLINK-4396 qlen_enqueue_cpu=1 qlen_enqueue_net=1 time_in_queue=0.000
[450][GREEDY] STARLINK-4396 -> STARLINK-35398 | Tramission-time: 0.0012792033923507595
[450] Energy routing consumed by STARLINK-4396: 0.000000 J (remaining 5039.61)
[MODE: BIDIRECTIONAL]
[450][GREEDY] CONSEGNATO! STARLINK-35398 -> OBS | Tramission-time: 8.200504924389976e-09
---> Task 452 (Type: Generic_Service) arriva in 236.12
--- [236.12] Task 452 using SearchNode Policy: v1_heuristic ---
[452] Filtro euristico: DTS-TMAX
[236.12] [Task 452] Routed STARLINK-11734 [DTC] -> STARLINK-30986 | E_NET=0.000004 J | Remaining=79999.54 J
[236.121] Task 452 enqueued on CPU STARLINK-30986 qlen_enqueue=1
[Task 451] Task eseguito su STARLINK-31585 39.73773613841847 degrees | CPU=13204.6955J, NET=0.0000J, TOTAL=13204.6955J, Remaining=4161.67J
[236.134] Task 451 served on STARLINK-31585 qlen_enqueue_cpu=1 qlen_enqueue_net=None time_in_queue=0.000
[451][GREEDY] STARLINK-31585 -> STARLINK-35398 | Tramission-time: 0.0013976823597979615
[451] Energy routing consumed by STARLINK-31585: 0.000000 J (remaining 4161.67)
[MODE: BIDIRECTIONAL]
[451][GREEDY] CONSEGNATO! STARLINK-35398 -> OBS | Tramission-time: 1.5398341631337384e-11
[Task 452] Task eseguito su STARLINK-30986 59.086848610260105 degrees | CPU=11498.7758J, NET=0.0000J, TOTAL=11498.7758J, Remaining=5820.60J
[236.362] Task 452 served on STARLINK-30986 qlen_enqueue_cpu=1 qlen_enqueue_net=None time_in_queue=0.000
[452][GREEDY] STARLINK-30986 -> STARLINK-11724 [DTC] | Tramission-time: 0.001975188181758802
[452] Energy routing consumed by STARLINK-30986: 0.000000 J (remaining 5820.60)
[MODE: BIDIRECTIONAL]
[452][GREEDY] CONSEGNATO! STARLINK-11724 [DTC] -> OBS | Tramission-time: 4.0111431177515625e-12
---> Task 453 (Type: Generic_Service) arriva in 236.49
--- [236.49] Task 453 using SearchNode Policy: v1_heuristic ---
[453] Filtro euristico: DTS-TMAX
[236.49] [Task 453] Routed STARLINK-11734 [DTC] -> STARLINK-35398 | E_NET=0.000005 J | Remaining=79999.54 J
[236.492] Task 453 enqueued on CPU STARLINK-35398 qlen_enqueue=1
[Task 453] Task eseguito su STARLINK-35398 72.23474538662589 degrees | CPU=880.7280J, NET=0.0000J, TOTAL=880.7280J, Remaining=16353.90J
[236.510] Task 453 served on STARLINK-35398 qlen_enqueue_cpu=1 qlen_enqueue_net=None time_in_queue=0.000
[MODE: BIDIRECTIONAL]
[453][GREEDY] CONSEGNATO! STARLINK-35398 -> OBS | Tramission-time: 3.692807162077038e-12
---> Task 454 (Type: Generic_Service) arriva in 236.81
--- [236.81] Task 454 using SearchNode Policy: v1_heuristic ---
[454] Filtro euristico: DTS-TMAX
[236.81] [Task 454] Routed STARLINK-11734 [DTC] -> STARLINK-31207 | E_NET=0.000024 J | Remaining=79999.54 J
[236.815] Task 454 enqueued on CPU STARLINK-31207 qlen_enqueue=1
[Task 454] Task eseguito su STARLINK-31207 53.283160487330385 degrees | CPU=6424.3881J, NET=0.0000J, TOTAL=6424.3881J, Remaining=10408.70J
[236.951] Task 454 served on STARLINK-31207 qlen_enqueue_cpu=1 qlen_enqueue_net=None time_in_queue=0.000
[454][GREEDY] STARLINK-31207 -> STARLINK-11724 [DTC] | Tramission-time: 0.0015954849891997348
[454] Energy routing consumed by STARLINK-31207: 0.000000 J (remaining 10408.70)
[MODE: BIDIRECTIONAL]
[454][GREEDY] CONSEGNATO! STARLINK-11724 [DTC] -> OBS | Tramission-time: 2.3207629621903586e-11
---> Task 455 (Type: Generic_Service) arriva in 237.08
--- [237.08] Task 455 using SearchNode Policy: v1_heuristic ---
[455] Filtro euristico: DTS-TMAX
[237.08] [Task 455] Routed STARLINK-11734 [DTC] -> STARLINK-11724 [DTC] | E_NET=0.000022 J | Remaining=79999.54 J
[237.085] Task 455 enqueued on CPU STARLINK-11724 [DTC] qlen_enqueue=1
[Task 455] Task eseguito su STARLINK-11724 [DTC] 54.87370066477368 degrees | CPU=2730.1143J, NET=0.0000J, TOTAL=2730.1143J, Remaining=14056.22J
[237.145] Task 455 served on STARLINK-11724 [DTC] qlen_enqueue_cpu=1 qlen_enqueue_net=None time_in_queue=0.000
[MODE: BIDIRECTIONAL]
[455][GREEDY] CONSEGNATO! STARLINK-11724 [DTC] -> OBS | Tramission-time: 2.6939247543016524e-11
---> Task 456 (Type: CPU_and_Data_Intensive) arriva in 237.21
--- [237.21] Task 456 using SearchNode Policy: v1_heuristic ---
[456] Filtro euristico: DTS-TMAX
[237.21] [Task 456] Routed STARLINK-11734 [DTC] -> STARLINK-2713 | E_NET=0.004023 J | Remaining=79999.54 J
[Task 456] REJECTED on STARLINK-2713 due to: Insufficient Energy for CPU+NET
---> Task 457 (Type: Generic_Service) arriva in 237.77
--- [237.77] Task 457 using SearchNode Policy: v1_heuristic ---
[457] Filtro euristico: DTS-TMAX
[237.77] [Task 457] Routed STARLINK-11734 [DTC] -> STARLINK-35307 | E_NET=0.000009 J | Remaining=79999.54 J
[237.774] Task 457 enqueued on CPU STARLINK-35307 qlen_enqueue=1
[Task 457] Task eseguito su STARLINK-35307 51.21158742659707 degrees | CPU=187.5987J, NET=0.0000J, TOTAL=187.5987J, Remaining=11944.89J
[237.779] Task 457 served on STARLINK-35307 qlen_enqueue_cpu=1 qlen_enqueue_net=None time_in_queue=0.000
[457][GREEDY] STARLINK-35307 -> STARLINK-11724 [DTC] | Tramission-time: 0.0015171332267680557
[457] Energy routing consumed by STARLINK-35307: 0.000000 J (remaining 11944.89)
[MODE: BIDIRECTIONAL]
[457][GREEDY] CONSEGNATO! STARLINK-11724 [DTC] -> OBS | Tramission-time: 9.580566750919996e-12
----------------------------------------------------------------------
	||TIME IN SIMULATION : (seconds:238) (minutes: 3) ||

MODIFICA CONFIGURAZIONE IN CORSO...

Aggiornato il Tempo Globale:  2025-11-20 20:59:12
---> Task 458 (Type: Generic_Service) arriva in 238.87
--- [238.87] Task 458 using SearchNode Policy: v1_heuristic ---
[458] Filtro euristico: DTS-TMAX
[238.87] [Task 458] Routed STARLINK-11734 [DTC] -> STARLINK-31763 | E_NET=0.000035 J | Remaining=79999.54 J
[238.874] Task 458 enqueued on CPU STARLINK-31763 qlen_enqueue=1
[Task 458] Task eseguito su STARLINK-31763 54.20487922210255 degrees | CPU=1921.5448J, NET=0.0000J, TOTAL=1921.5449J, Remaining=14740.85J
[238.916] Task 458 served on STARLINK-31763 qlen_enqueue_cpu=1 qlen_enqueue_net=None time_in_queue=0.000
[458][GREEDY] STARLINK-31763 -> STARLINK-11724 [DTC] | Tramission-time: 0.0018858174293703979
[458] Energy routing consumed by STARLINK-31763: 0.000000 J (remaining 14740.85)
[MODE: BIDIRECTIONAL]
[458][GREEDY] CONSEGNATO! STARLINK-11724 [DTC] -> OBS | Tramission-time: 3.283095590147533e-11
---> Task 459 (Type: Generic_Service) arriva in 239.40
--- [239.40] Task 459 using SearchNode Policy: v1_heuristic ---
[459] Filtro euristico: DTS-TMAX
[239.40] [Task 459] Routed STARLINK-11734 [DTC] -> STARLINK-2713 | E_NET=0.000031 J | Remaining=79999.54 J
[239.402] Task 459 enqueued on CPU STARLINK-2713 qlen_enqueue=1
[Task 459] Task eseguito su STARLINK-2713 58.57637724021427 degrees | CPU=1126.7680J, NET=0.0000J, TOTAL=1126.7680J, Remaining=15483.14J
[239.428] Task 459 served on STARLINK-2713 qlen_enqueue_cpu=1 qlen_enqueue_net=None time_in_queue=0.000
[459][GREEDY] STARLINK-2713 -> STARLINK-11724 [DTC] | Tramission-time: 0.0008221120388472441
[459] Energy routing consumed by STARLINK-2713: 0.000000 J (remaining 15483.14)
[MODE: BIDIRECTIONAL]
[459][GREEDY] CONSEGNATO! STARLINK-11724 [DTC] -> OBS | Tramission-time: 2.8050234742798673e-11
---> Task 460 (Type: CPU_and_Data_Intensive) arriva in 239.98
--- [239.98] Task 460 using SearchNode Policy: v1_heuristic ---
[460] Filtro euristico: DTS-TMAX
[239.98] [Task 460] Routed STARLINK-11734 [DTC] -> STARLINK-35398 | E_NET=0.000707 J | Remaining=79999.54 J
[Task 460] REJECTED on STARLINK-35398 due to: Insufficient Energy for CPU+NET
----------------------------------------------------------------------
	||TIME IN SIMULATION : (seconds:240) (minutes: 4) ||

MODIFICA CONFIGURAZIONE IN CORSO...

Aggiornato il Tempo Globale:  2025-11-20 20:59:14
---> Task 461 (Type: Generic_Service) arriva in 240.18
--- [240.18] Task 461 using SearchNode Policy: v1_heuristic ---
[461] Filtro euristico: DTS-TMAX
[240.18] [Task 461] Routed STARLINK-11734 [DTC] -> STARLINK-35398 | E_NET=0.000007 J | Remaining=79999.54 J
[240.181] Task 461 enqueued on CPU STARLINK-35398 qlen_enqueue=1
[Task 461] Task eseguito su STARLINK-35398 69.24372158973028 degrees | CPU=2685.1880J, NET=0.0000J, TOTAL=2685.1880J, Remaining=13668.71J
[240.238] Task 461 served on STARLINK-35398 qlen_enqueue_cpu=1 qlen_enqueue_net=None time_in_queue=0.000
[MODE: BIDIRECTIONAL]
[461][GREEDY] CONSEGNATO! STARLINK-35398 -> OBS | Tramission-time: 5.505035169067484e-12
---> Task 462 (Type: CPU_Intensive) arriva in 240.36
--- [240.36] Task 462 using SearchNode Policy: v1_heuristic ---
[462] Filtro euristico: DTS-TMAX
[240.36] [Task 462] Routed STARLINK-11734 [DTC] -> STARLINK-31249 | E_NET=0.000028 J | Remaining=79999.54 J
[240.363] Task 462 enqueued on CPU STARLINK-31249 qlen_enqueue=1
---> Task 463 (Type: Generic_Service) arriva in 240.37
--- [240.37] Task 463 using SearchNode Policy: v1_heuristic ---
[463] Filtro euristico: DTS-TMAX
[240.37] [Task 463] Routed STARLINK-11734 [DTC] -> STARLINK-2713 | E_NET=0.000005 J | Remaining=79999.54 J
[240.369] Task 463 enqueued on CPU STARLINK-2713 qlen_enqueue=1
[Task 462] Task eseguito su STARLINK-31249 42.72517602197174 degrees | CPU=2415.8400J, NET=0.0000J, TOTAL=2415.8401J, Remaining=13669.28J
[240.416] Task 462 served on STARLINK-31249 qlen_enqueue_cpu=1 qlen_enqueue_net=None time_in_queue=0.000
---> Task 464 (Type: Generic_Service) arriva in 240.44
--- [240.44] Task 464 using SearchNode Policy: v1_heuristic ---
[464] Filtro euristico: DTS-TMAX
[240.44] [Task 464] Routed STARLINK-11734 [DTC] -> STARLINK-31763 | E_NET=0.000034 J | Remaining=79999.54 J
[240.444] Task 464 enqueued on CPU STARLINK-31763 qlen_enqueue=1
[Task 464] Task eseguito su STARLINK-31763 53.137276608414794 degrees | CPU=494.4756J, NET=0.0000J, TOTAL=494.4757J, Remaining=14246.37J
[240.457] Task 464 served on STARLINK-31763 qlen_enqueue_cpu=1 qlen_enqueue_net=None time_in_queue=0.000
[Task 463] Task eseguito su STARLINK-2713 57.765541654679566 degrees | CPU=4250.4630J, NET=0.0000J, TOTAL=4250.4631J, Remaining=11232.68J
[240.458] Task 463 served on STARLINK-2713 qlen_enqueue_cpu=1 qlen_enqueue_net=None time_in_queue=0.000
[462][GREEDY] STARLINK-31249 -> STARLINK-35398 | Tramission-time: 0.0011634162089909361
[462] Energy routing consumed by STARLINK-31249: 0.000000 J (remaining 13669.28)
[464][GREEDY] STARLINK-31763 -> STARLINK-11724 [DTC] | Tramission-time: 0.00189517334677523
[464] Energy routing consumed by STARLINK-31763: 0.000000 J (remaining 14246.37)
[463][GREEDY] STARLINK-2713 -> STARLINK-11724 [DTC] | Tramission-time: 0.0008229871893148923
[463] Energy routing consumed by STARLINK-2713: 0.000000 J (remaining 11232.68)
[MODE: BIDIRECTIONAL]
[462][GREEDY] CONSEGNATO! STARLINK-35398 -> OBS | Tramission-time: 3.414270616994137e-11
[MODE: BIDIRECTIONAL]
[464][GREEDY] CONSEGNATO! STARLINK-11724 [DTC] -> OBS | Tramission-time: 3.813980477327663e-11
---> Task 465 (Type: CPU_and_Data_Intensive) arriva in 240.58
--- [240.58] Task 465 using SearchNode Policy: v1_heuristic ---
[465] Filtro euristico: DTS-TMAX
[240.58] [Task 465] Routed STARLINK-11734 [DTC] -> STARLINK-5939 | E_NET=0.171076 J | Remaining=79999.37 J
[MODE: BIDIRECTIONAL]
[463][GREEDY] CONSEGNATO! STARLINK-11724 [DTC] -> OBS | Tramission-time: 3.9748075549666985e-12
[Task 465] REJECTED on STARLINK-5939 due to: Insufficient Energy for CPU+NET
---> Task 466 (Type: Generic_Service) arriva in 241.24
--- [241.24] Task 466 using SearchNode Policy: v1_heuristic ---
[466] Filtro euristico: DTS-TMAX
[241.24] [Task 466] Routed STARLINK-11734 [DTC] -> STARLINK-32945 | E_NET=0.000023 J | Remaining=79999.37 J
[241.243] Task 466 enqueued on CPU STARLINK-32945 qlen_enqueue=1
[Task 466] Task eseguito su STARLINK-32945 48.05790363306121 degrees | CPU=2190.2696J, NET=0.0000J, TOTAL=2190.2696J, Remaining=12794.16J
[241.291] Task 466 served on STARLINK-32945 qlen_enqueue_cpu=1 qlen_enqueue_net=None time_in_queue=0.000
[466][GREEDY] STARLINK-32945 -> STARLINK-11724 [DTC] | Tramission-time: 0.0010484590090992407
[466] Energy routing consumed by STARLINK-32945: 0.000000 J (remaining 12794.16)
[MODE: BIDIRECTIONAL]
[466][GREEDY] CONSEGNATO! STARLINK-11724 [DTC] -> OBS | Tramission-time: 2.383533774644452e-11
---> Task 467 (Type: CPU_Intensive) arriva in 241.62
--- [241.62] Task 467 using SearchNode Policy: v1_heuristic ---
[467] Filtro euristico: DTS-TMAX
[241.62] [Task 467] Routed STARLINK-11734 [DTC] -> STARLINK-4472 | E_NET=0.000017 J | Remaining=79999.37 J
[Task 467] REJECTED on STARLINK-4472 due to: Insufficient Energy for CPU
----------------------------------------------------------------------
	||TIME IN SIMULATION : (seconds:242) (minutes: 4) ||

MODIFICA CONFIGURAZIONE IN CORSO...

Aggiornato il Tempo Globale:  2025-11-20 20:59:16
---> Task 468 (Type: CPU_and_Data_Intensive) arriva in 242.71
--- [242.71] Task 468 using SearchNode Policy: v1_heuristic ---
[468] Filtro euristico: DTS-TMAX
[242.71] [Task 468] Routed STARLINK-11734 [DTC] -> STARLINK-31763 | E_NET=0.000294 J | Remaining=79999.37 J
[242.712] Task 468 enqueued on CPU STARLINK-31763 qlen_enqueue=1
[242.724] Task 468 enqueued on NET STARLINK-31763 qlen_enqueue_net=1
[Task 468] Task eseguito su STARLINK-31763 52.08729684658604 degrees | CPU=606.8356J, NET=0.0004J, TOTAL=606.8360J, Remaining=13639.53J
[242.725] Task 468 served on STARLINK-31763 qlen_enqueue_cpu=1 qlen_enqueue_net=1 time_in_queue=0.000
[468][GREEDY] STARLINK-31763 -> STARLINK-11724 [DTC] | Tramission-time: 0.0019045771353535326
[468] Energy routing consumed by STARLINK-31763: 0.000000 J (remaining 13639.53)
[MODE: BIDIRECTIONAL]
[468][GREEDY] CONSEGNATO! STARLINK-11724 [DTC] -> OBS | Tramission-time: 2.8329936809030945e-10
---> Task 469 (Type: CPU_Intensive) arriva in 243.11
--- [243.11] Task 469 using SearchNode Policy: v1_heuristic ---
[469] Filtro euristico: DTS-TMAX
[243.11] [Task 469] Routed STARLINK-11734 [DTC] -> STARLINK-4472 | E_NET=0.000020 J | Remaining=79999.37 J
[243.111] Task 469 enqueued on CPU STARLINK-4472 qlen_enqueue=1
---> Task 470 (Type: Generic_Service) arriva in 243.25
--- [243.25] Task 470 using SearchNode Policy: v1_heuristic ---
[470] Filtro euristico: DTS-TMAX
[243.25] [Task 470] Routed STARLINK-11734 [DTC] -> STARLINK-11724 [DTC] | E_NET=0.000012 J | Remaining=79999.37 J
[243.252] Task 470 enqueued on CPU STARLINK-11724 [DTC] qlen_enqueue=1
[Task 469] Task eseguito su STARLINK-4472 43.58536930048533 degrees | CPU=10906.0149J, NET=0.0000J, TOTAL=10906.0149J, Remaining=3966.73J
[243.342] Task 469 served on STARLINK-4472 qlen_enqueue_cpu=1 qlen_enqueue_net=None time_in_queue=0.000
[469][GREEDY] STARLINK-4472 -> STARLINK-11724 [DTC] | Tramission-time: 0.0015041372715808015
[469] Energy routing consumed by STARLINK-4472: 0.000000 J (remaining 3966.73)
[MODE: BIDIRECTIONAL]
[469][GREEDY] CONSEGNATO! STARLINK-11724 [DTC] -> OBS | Tramission-time: 2.425317844747132e-11
[Task 470] Task eseguito su STARLINK-11724 [DTC] 55.19090886711927 degrees | CPU=8031.1773J, NET=0.0000J, TOTAL=8031.1773J, Remaining=6025.04J
[243.422] Task 470 served on STARLINK-11724 [DTC] qlen_enqueue_cpu=1 qlen_enqueue_net=None time_in_queue=0.000
[MODE: BIDIRECTIONAL]
[470][GREEDY] CONSEGNATO! STARLINK-11724 [DTC] -> OBS | Tramission-time: 1.1854850788035117e-11
---> Task 471 (Type: CPU_and_Data_Intensive) arriva in 243.99
--- [243.99] Task 471 using SearchNode Policy: v1_heuristic ---
[471] Filtro euristico: DTS-TMAX
[Task 471] Nessun server rimasto dopo i filtri (deadline/sunset).
[Task 471] REJECTED on STARLINK-11734 [DTC] due to: No suitable server found after deadline/sunset filters
----------------------------------------------------------------------
	||TIME IN SIMULATION : (seconds:244) (minutes: 4) ||

MODIFICA CONFIGURAZIONE IN CORSO...

Aggiornato il Tempo Globale:  2025-11-20 20:59:18
---> Task 472 (Type: Generic_Service) arriva in 244.26
--- [244.26] Task 472 using SearchNode Policy: v1_heuristic ---
[472] Filtro euristico: DTS-TMAX
[Task 472] Nessun server rimasto dopo i filtri (deadline/sunset).
[Task 472] REJECTED on STARLINK-11734 [DTC] due to: No suitable server found after deadline/sunset filters
---> Task 473 (Type: CPU_Intensive) arriva in 245.30
--- [245.30] Task 473 using SearchNode Policy: v1_heuristic ---
[473] Filtro euristico: DTS-TMAX
[245.30] [Task 473] Routed STARLINK-11734 [DTC] -> STARLINK-4466 | E_NET=0.000019 J | Remaining=79999.37 J
[245.305] Task 473 enqueued on CPU STARLINK-4466 qlen_enqueue=1
---> Task 474 (Type: CPU_Intensive) arriva in 245.41
--- [245.41] Task 474 using SearchNode Policy: v1_heuristic ---
[474] Filtro euristico: DTS-TMAX
[245.41] [Task 474] Routed STARLINK-11734 [DTC] -> STARLINK-4466 | E_NET=0.000040 J | Remaining=79999.37 J
[245.414] Task 474 enqueued on CPU STARLINK-4466 qlen_enqueue=2
[Task 473] Task eseguito su STARLINK-4466 42.13237091436749 degrees | CPU=5522.9107J, NET=0.0000J, TOTAL=5522.9107J, Remaining=74477.09J
[245.422] Task 473 served on STARLINK-4466 qlen_enqueue_cpu=1 qlen_enqueue_net=None time_in_queue=0.000
[473][GREEDY] STARLINK-4466 -> STARLINK-35398 | Tramission-time: 0.001915044439797541
[473] Energy routing consumed by STARLINK-4466: 0.000000 J (remaining 74477.09)
[MODE: BIDIRECTIONAL]
[473][GREEDY] CONSEGNATO! STARLINK-35398 -> OBS | Tramission-time: 1.5572465050426034e-11
[Task 474] Task eseguito su STARLINK-4466 42.13237091436749 degrees | CPU=15314.4610J, NET=0.0000J, TOTAL=15314.4610J, Remaining=59162.63J
[245.738] Task 474 served on STARLINK-4466 qlen_enqueue_cpu=2 qlen_enqueue_net=None time_in_queue=0.000
[474][GREEDY] STARLINK-4466 -> STARLINK-35398 | Tramission-time: 0.0019150444585481817
[474] Energy routing consumed by STARLINK-4466: 0.000000 J (remaining 59162.63)
[MODE: BIDIRECTIONAL]
[474][GREEDY] CONSEGNATO! STARLINK-35398 -> OBS | Tramission-time: 3.3458756679927897e-11
----------------------------------------------------------------------
	||TIME IN SIMULATION : (seconds:246) (minutes: 4) ||

MODIFICA CONFIGURAZIONE IN CORSO...

Aggiornato il Tempo Globale:  2025-11-20 20:59:20
---> Task 475 (Type: CPU_and_Data_Intensive) arriva in 246.26
--- [246.26] Task 475 using SearchNode Policy: v1_heuristic ---
[475] Filtro euristico: DTS-TMAX
[246.26] [Task 475] Routed STARLINK-11734 [DTC] -> STARLINK-32442 | E_NET=0.002649 J | Remaining=79999.36 J
[246.265] Task 475 enqueued on CPU STARLINK-32442 qlen_enqueue=1
---> Task 476 (Type: CPU_Intensive) arriva in 246.42
--- [246.42] Task 476 using SearchNode Policy: v1_heuristic ---
[476] Filtro euristico: DTS-TMAX
[246.42] [Task 476] Routed STARLINK-11734 [DTC] -> STARLINK-32442 | E_NET=0.000023 J | Remaining=79999.36 J
[Task 476] REJECTED on STARLINK-32442 due to: Insufficient Energy for CPU
[246.709] Task 475 enqueued on NET STARLINK-32442 qlen_enqueue_net=1
[Task 475] Task eseguito su STARLINK-32442 62.209729997988276 degrees | CPU=21196.4432J, NET=0.0029J, TOTAL=21196.4460J, Remaining=58803.55J
[246.712] Task 475 served on STARLINK-32442 qlen_enqueue_cpu=1 qlen_enqueue_net=1 time_in_queue=0.000
---> Task 477 (Type: CPU_Intensive) arriva in 246.74
--- [246.74] Task 477 using SearchNode Policy: v1_heuristic ---
[477] Filtro euristico: DTS-TMAX
[246.74] [Task 477] Routed STARLINK-11734 [DTC] -> STARLINK-4466 | E_NET=0.000023 J | Remaining=79999.36 J
[246.746] Task 477 enqueued on CPU STARLINK-4466 qlen_enqueue=1
[475][GREEDY] STARLINK-32442 -> STARLINK-11724 [DTC] | Tramission-time: 0.0011608539891059372
[475] Energy routing consumed by STARLINK-32442: 0.000000 J (remaining 58803.55)
[MODE: BIDIRECTIONAL]
[475][GREEDY] CONSEGNATO! STARLINK-11724 [DTC] -> OBS | Tramission-time: 2.1181338783982135e-09
---> Task 478 (Type: Generic_Service) arriva in 246.94
--- [246.94] Task 478 using SearchNode Policy: v1_heuristic ---
[478] Filtro euristico: DTS-TMAX
[246.94] [Task 478] Routed STARLINK-11734 [DTC] -> STARLINK-32442 | E_NET=0.000038 J | Remaining=79999.36 J
[246.939] Task 478 enqueued on CPU STARLINK-32442 qlen_enqueue=1
[Task 478] Task eseguito su STARLINK-32442 62.209729997988276 degrees | CPU=1560.1408J, NET=0.0000J, TOTAL=1560.1409J, Remaining=57243.41J
[246.974] Task 478 served on STARLINK-32442 qlen_enqueue_cpu=1 qlen_enqueue_net=None time_in_queue=0.000
[Task 477] Task eseguito su STARLINK-4466 42.85810933036917 degrees | CPU=11731.6692J, NET=0.0000J, TOTAL=11731.6692J, Remaining=47430.96J
[246.994] Task 477 served on STARLINK-4466 qlen_enqueue_cpu=1 qlen_enqueue_net=None time_in_queue=0.000
[478][GREEDY] STARLINK-32442 -> STARLINK-11724 [DTC] | Tramission-time: 0.0011608518567530278
[478] Energy routing consumed by STARLINK-32442: 0.000000 J (remaining 57243.41)
[MODE: BIDIRECTIONAL]
[478][GREEDY] CONSEGNATO! STARLINK-11724 [DTC] -> OBS | Tramission-time: 2.8081448837372515e-11
[477][GREEDY] STARLINK-4466 -> STARLINK-33816 | Tramission-time: 0.0017633826672482412
[477] Energy routing consumed by STARLINK-4466: 0.000000 J (remaining 47430.96)
[MODE: BIDIRECTIONAL]
[477][GREEDY] CONSEGNATO! STARLINK-33816 -> OBS | Tramission-time: 2.360908206828063e-11
---> Task 479 (Type: CPU_Intensive) arriva in 247.36
--- [247.36] Task 479 using SearchNode Policy: v1_heuristic ---
[479] Filtro euristico: DTS-TMAX
[247.36] [Task 479] Routed STARLINK-11734 [DTC] -> STARLINK-32442 | E_NET=0.000035 J | Remaining=79999.36 J
[247.360] Task 479 enqueued on CPU STARLINK-32442 qlen_enqueue=1
[Task 479] Task eseguito su STARLINK-32442 62.209729997988276 degrees | CPU=3258.3772J, NET=0.0000J, TOTAL=3258.3772J, Remaining=53985.04J
[247.430] Task 479 served on STARLINK-32442 qlen_enqueue_cpu=1 qlen_enqueue_net=None time_in_queue=0.000
[479][GREEDY] STARLINK-32442 -> STARLINK-11724 [DTC] | Tramission-time: 0.0011608518524755843
[479] Energy routing consumed by STARLINK-32442: 0.000000 J (remaining 53985.04)
[MODE: BIDIRECTIONAL]
[479][GREEDY] CONSEGNATO! STARLINK-11724 [DTC] -> OBS | Tramission-time: 2.4955752767021137e-11
---> Task 480 (Type: CPU_Intensive) arriva in 247.67
--- [247.67] Task 480 using SearchNode Policy: v1_heuristic ---
[480] Filtro euristico: DTS-TMAX
[247.67] [Task 480] Routed STARLINK-11734 [DTC] -> STARLINK-32442 | E_NET=0.000026 J | Remaining=79999.36 J
[247.670] Task 480 enqueued on CPU STARLINK-32442 qlen_enqueue=1
[Task 480] Task eseguito su STARLINK-32442 62.209729997988276 degrees | CPU=4924.1800J, NET=0.0000J, TOTAL=4924.1800J, Remaining=49060.86J
[247.775] Task 480 served on STARLINK-32442 qlen_enqueue_cpu=1 qlen_enqueue_net=None time_in_queue=0.000
[480][GREEDY] STARLINK-32442 -> STARLINK-11724 [DTC] | Tramission-time: 0.0011608518501394914
[480] Energy routing consumed by STARLINK-32442: 0.000000 J (remaining 49060.86)
[MODE: BIDIRECTIONAL]
[480][GREEDY] CONSEGNATO! STARLINK-11724 [DTC] -> OBS | Tramission-time: 2.4930902718537194e-11
----------------------------------------------------------------------
	||TIME IN SIMULATION : (seconds:248) (minutes: 4) ||

MODIFICA CONFIGURAZIONE IN CORSO...

Aggiornato il Tempo Globale:  2025-11-20 20:59:22
---> Task 481 (Type: CPU_and_Data_Intensive) arriva in 248.43
--- [248.43] Task 481 using SearchNode Policy: v1_heuristic ---
[481] Filtro euristico: DTS-TMAX
[248.43] [Task 481] Routed STARLINK-32442 -> STARLINK-5108 | E_NET=0.001526 J | Remaining=49060.85 J
[248.432] Task 481 enqueued on CPU STARLINK-5108 qlen_enqueue=1
[248.512] Task 481 enqueued on NET STARLINK-5108 qlen_enqueue_net=1
[Task 481] Task eseguito su STARLINK-5108 59.452959187251665 degrees | CPU=3795.2445J, NET=0.0018J, TOTAL=3795.2464J, Remaining=76204.75J
[248.513] Task 481 served on STARLINK-5108 qlen_enqueue_cpu=1 qlen_enqueue_net=1 time_in_queue=0.000
[481][GREEDY] STARLINK-5108 -> STARLINK-11724 [DTC] | Tramission-time: 0.0013376115015249711
[481] Energy routing consumed by STARLINK-5108: 0.000000 J (remaining 76204.75)
[MODE: BIDIRECTIONAL]
[481][GREEDY] CONSEGNATO! STARLINK-11724 [DTC] -> OBS | Tramission-time: 1.3938126028609094e-09
---> Task 482 (Type: CPU_Intensive) arriva in 248.99
--- [248.99] Task 482 using SearchNode Policy: v1_heuristic ---
[482] Filtro euristico: DTS-TMAX
[248.99] [Task 482] Routed STARLINK-32442 -> STARLINK-5794 | E_NET=0.000025 J | Remaining=49060.85 J
[248.993] Task 482 enqueued on CPU STARLINK-5794 qlen_enqueue=1
---> Task 483 (Type: CPU_Intensive) arriva in 249.24
--- [249.24] Task 483 using SearchNode Policy: v1_heuristic ---
[483] Filtro euristico: DTS-TMAX
[249.24] [Task 483] Routed STARLINK-32442 -> STARLINK-2647 | E_NET=0.000029 J | Remaining=49060.85 J
[249.236] Task 483 enqueued on CPU STARLINK-2647 qlen_enqueue=1
[Task 482] Task eseguito su STARLINK-5794 59.653034760838075 degrees | CPU=15216.1015J, NET=0.0000J, TOTAL=15216.1015J, Remaining=64783.90J
[249.314] Task 482 served on STARLINK-5794 qlen_enqueue_cpu=1 qlen_enqueue_net=None time_in_queue=0.000
[482][GREEDY] STARLINK-5794 -> STARLINK-11724 [DTC] | Tramission-time: 0.0016833506278927746
[482] Energy routing consumed by STARLINK-5794: 0.000000 J (remaining 64783.90)
[MODE: BIDIRECTIONAL]
[482][GREEDY] CONSEGNATO! STARLINK-11724 [DTC] -> OBS | Tramission-time: 2.1710387541817718e-11
---> Task 484 (Type: CPU_and_Data_Intensive) arriva in 249.37
--- [249.37] Task 484 using SearchNode Policy: v1_heuristic ---
[484] Filtro euristico: DTS-TMAX
[249.37] [Task 484] Routed STARLINK-32442 -> STARLINK-4476 | E_NET=0.000614 J | Remaining=49060.85 J
[249.374] Task 484 enqueued on CPU STARLINK-4476 qlen_enqueue=1
[Task 483] Task eseguito su STARLINK-2647 64.91207492454944 degrees | CPU=7500.3796J, NET=0.0000J, TOTAL=7500.3797J, Remaining=72499.62J
[249.396] Task 483 served on STARLINK-2647 qlen_enqueue_cpu=1 qlen_enqueue_net=None time_in_queue=0.000
[483][GREEDY] STARLINK-2647 -> STARLINK-11724 [DTC] | Tramission-time: 0.0016250048719369237
[483] Energy routing consumed by STARLINK-2647: 0.000000 J (remaining 72499.62)
[MODE: BIDIRECTIONAL]
[483][GREEDY] CONSEGNATO! STARLINK-11724 [DTC] -> OBS | Tramission-time: 3.525821585591859e-11
[249.458] Task 484 enqueued on NET STARLINK-4476 qlen_enqueue_net=1
[Task 484] Task eseguito su STARLINK-4476 50.660053796474045 degrees | CPU=3976.7058J, NET=0.0009J, TOTAL=3976.7067J, Remaining=76023.29J
[249.459] Task 484 served on STARLINK-4476 qlen_enqueue_cpu=1 qlen_enqueue_net=1 time_in_queue=0.000
---> Task 485 (Type: CPU_and_Data_Intensive) arriva in 249.52
--- [249.52] Task 485 using SearchNode Policy: v1_heuristic ---
[485] Filtro euristico: DTS-TMAX
[249.52] [Task 485] Routed STARLINK-32442 -> STARLINK-30604 | E_NET=0.000509 J | Remaining=49060.85 J
[249.519] Task 485 enqueued on CPU STARLINK-30604 qlen_enqueue=1
[484][GREEDY] STARLINK-4476 -> STARLINK-11724 [DTC] | Tramission-time: 0.0014213691469066602
[484] Energy routing consumed by STARLINK-4476: 0.000000 J (remaining 76023.29)
[MODE: BIDIRECTIONAL]
[484][GREEDY] CONSEGNATO! STARLINK-11724 [DTC] -> OBS | Tramission-time: 6.552349006242914e-10
---> Task 486 (Type: CPU_and_Data_Intensive) arriva in 249.59
--- [249.59] Task 486 using SearchNode Policy: v1_heuristic ---
[486] Filtro euristico: DTS-TMAX
[249.59] [Task 486] Routed STARLINK-32442 -> STARLINK-33881 | E_NET=0.092785 J | Remaining=49060.76 J
---> Task 487 (Type: CPU_Intensive) arriva in 249.64
--- [249.64] Task 487 using SearchNode Policy: v1_heuristic ---
[487] Filtro euristico: DTS-TMAX
[249.64] [Task 487] Routed STARLINK-32442 -> STARLINK-30517 | E_NET=0.000017 J | Remaining=49060.76 J
[249.643] Task 487 enqueued on CPU STARLINK-30517 qlen_enqueue=1
[249.684] Task 486 enqueued on CPU STARLINK-33881 qlen_enqueue=1
[249.813] Task 485 enqueued on NET STARLINK-30604 qlen_enqueue_net=1
[Task 485] Task eseguito su STARLINK-30604 49.8382414399302 degrees | CPU=14019.0064J, NET=0.0007J, TOTAL=14019.0071J, Remaining=65980.99J
[249.814] Task 485 served on STARLINK-30604 qlen_enqueue_cpu=1 qlen_enqueue_net=1 time_in_queue=0.000
[485][GREEDY] STARLINK-30604 -> STARLINK-11724 [DTC] | Tramission-time: 0.0017116501601412476
[485] Energy routing consumed by STARLINK-30604: 0.000000 J (remaining 65980.99)
[MODE: BIDIRECTIONAL]
[485][GREEDY] CONSEGNATO! STARLINK-11724 [DTC] -> OBS | Tramission-time: 5.838275988587038e-10
----------------------------------------------------------------------
	||TIME IN SIMULATION : (seconds:250) (minutes: 4) ||

MODIFICA CONFIGURAZIONE IN CORSO...

Aggiornato il Tempo Globale:  2025-11-20 20:59:24
[Task 487] Task eseguito su STARLINK-30517 51.27261440844505 degrees | CPU=20438.7231J, NET=0.0000J, TOTAL=20438.7231J, Remaining=59561.28J
[250.073] Task 487 served on STARLINK-30517 qlen_enqueue_cpu=1 qlen_enqueue_net=None time_in_queue=0.000
[487][GREEDY] STARLINK-30517 -> STARLINK-11724 [DTC] | Tramission-time: 0.00196586609852853
[487] Energy routing consumed by STARLINK-30517: 0.000000 J (remaining 59561.28)
[MODE: BIDIRECTIONAL]
[487][GREEDY] CONSEGNATO! STARLINK-11724 [DTC] -> OBS | Tramission-time: 1.5970147605763493e-11
[250.332] Task 486 enqueued on NET STARLINK-33881 qlen_enqueue_net=1
---> Task 488 (Type: Generic_Service) arriva in 250.43
--- [250.43] Task 488 using SearchNode Policy: v1_heuristic ---
[488] Filtro euristico: DTS-TMAX
[250.43] [Task 488] Routed STARLINK-32442 -> STARLINK-5108 | E_NET=0.000025 J | Remaining=49060.76 J
[250.432] Task 488 enqueued on CPU STARLINK-5108 qlen_enqueue=1
[Task 486] Task eseguito su STARLINK-33881 43.99471149800731 degrees | CPU=30893.2630J, NET=0.1247J, TOTAL=30893.3877J, Remaining=49106.61J
[250.457] Task 486 served on STARLINK-33881 qlen_enqueue_cpu=1 qlen_enqueue_net=1 time_in_queue=0.000
[Task 488] Task eseguito su STARLINK-5108 60.465633178714455 degrees | CPU=3549.3984J, NET=0.0000J, TOTAL=3549.3984J, Remaining=72655.36J
[250.509] Task 488 served on STARLINK-5108 qlen_enqueue_cpu=1 qlen_enqueue_net=None time_in_queue=0.000
[488][GREEDY] STARLINK-5108 -> STARLINK-11724 [DTC] | Tramission-time: 0.0013691473229993179
[488] Energy routing consumed by STARLINK-5108: 0.000000 J (remaining 72655.36)
[MODE: BIDIRECTIONAL]
[488][GREEDY] CONSEGNATO! STARLINK-11724 [DTC] -> OBS | Tramission-time: 3.1325269360100607e-11
[486][GREEDY] STARLINK-33881 -> STARLINK-11724 [DTC] | Tramission-time: 0.001872089319378355
[486] Energy routing consumed by STARLINK-33881: 0.000000 J (remaining 49106.61)
[MODE: BIDIRECTIONAL]
[486][GREEDY] CONSEGNATO! STARLINK-11724 [DTC] -> OBS | Tramission-time: 9.748479458762231e-08
---> Task 489 (Type: CPU_and_Data_Intensive) arriva in 250.69
--- [250.69] Task 489 using SearchNode Policy: v1_heuristic ---
[489] Filtro euristico: DTS-TMAX
[Task 489] Nessun server rimasto dopo i filtri (deadline/sunset).
[Task 489] REJECTED on STARLINK-32442 due to: No suitable server found after deadline/sunset filters
---> Task 490 (Type: CPU_Intensive) arriva in 250.76
--- [250.76] Task 490 using SearchNode Policy: v1_heuristic ---
[490] Filtro euristico: DTS-TMAX
[250.76] [Task 490] Routed STARLINK-32442 -> STARLINK-4476 | E_NET=0.000025 J | Remaining=49060.76 J
[250.766] Task 490 enqueued on CPU STARLINK-4476 qlen_enqueue=1
---> Task 491 (Type: CPU_and_Data_Intensive) arriva in 250.90
--- [250.90] Task 491 using SearchNode Policy: v1_heuristic ---
[491] Filtro euristico: DTS-TMAX
[Task 491] Nessun server rimasto dopo i filtri (deadline/sunset).
[Task 491] REJECTED on STARLINK-32442 due to: No suitable server found after deadline/sunset filters
---> Task 492 (Type: Generic_Service) arriva in 251.61
--- [251.61] Task 492 using SearchNode Policy: v1_heuristic ---
[492] Filtro euristico: DTS-TMAX
[251.61] [Task 492] Routed STARLINK-32442 -> STARLINK-5108 | E_NET=0.000013 J | Remaining=49060.76 J
[251.615] Task 492 enqueued on CPU STARLINK-5108 qlen_enqueue=1
[Task 492] Task eseguito su STARLINK-5108 60.465633178714455 degrees | CPU=6400.2461J, NET=0.0000J, TOTAL=6400.2461J, Remaining=66255.11J
[251.751] Task 492 served on STARLINK-5108 qlen_enqueue_cpu=1 qlen_enqueue_net=None time_in_queue=0.000
[Task 490] Task eseguito su STARLINK-4476 51.11119766644155 degrees | CPU=47846.6422J, NET=0.0000J, TOTAL=47846.6423J, Remaining=28176.65J
[251.771] Task 490 served on STARLINK-4476 qlen_enqueue_cpu=1 qlen_enqueue_net=None time_in_queue=0.000
[490][GREEDY] STARLINK-4476 -> STARLINK-11724 [DTC] | Tramission-time: 0.0014272853423695198
[490] Energy routing consumed by STARLINK-4476: 0.000000 J (remaining 28176.65)
[492][GREEDY] STARLINK-5108 -> STARLINK-11724 [DTC] | Tramission-time: 0.0013691473137585554
[492] Energy routing consumed by STARLINK-5108: 0.000000 J (remaining 66255.11)
[MODE: BIDIRECTIONAL]
[490][GREEDY] CONSEGNATO! STARLINK-11724 [DTC] -> OBS | Tramission-time: 2.5238114786076446e-11
[MODE: BIDIRECTIONAL]
[492][GREEDY] CONSEGNATO! STARLINK-11724 [DTC] -> OBS | Tramission-time: 1.3300629769848871e-11
----------------------------------------------------------------------
	||TIME IN SIMULATION : (seconds:252) (minutes: 4) ||

MODIFICA CONFIGURAZIONE IN CORSO...

Aggiornato il Tempo Globale:  2025-11-20 20:59:26
---> Task 493 (Type: Generic_Service) arriva in 252.75
--- [252.75] Task 493 using SearchNode Policy: v1_heuristic ---
[493] Filtro euristico: DTS-TMAX
[252.75] [Task 493] Routed STARLINK-32442 -> STARLINK-2647 | E_NET=0.000036 J | Remaining=49060.76 J
[252.750] Task 493 enqueued on CPU STARLINK-2647 qlen_enqueue=1
[Task 493] Task eseguito su STARLINK-2647 67.49976188636589 degrees | CPU=2585.3176J, NET=0.0000J, TOTAL=2585.3176J, Remaining=69914.30J
[252.807] Task 493 served on STARLINK-2647 qlen_enqueue_cpu=1 qlen_enqueue_net=None time_in_queue=0.000
[493][GREEDY] STARLINK-2647 -> STARLINK-11724 [DTC] | Tramission-time: 0.0016087047848975834
[493] Energy routing consumed by STARLINK-2647: 0.000000 J (remaining 69914.30)
[MODE: BIDIRECTIONAL]
[493][GREEDY] CONSEGNATO! STARLINK-11724 [DTC] -> OBS | Tramission-time: 2.8803293895824478e-11
---> Task 494 (Type: CPU_and_Data_Intensive) arriva in 252.85
--- [252.85] Task 494 using SearchNode Policy: v1_heuristic ---
[494] Filtro euristico: DTS-TMAX
[Task 494] Nessun server rimasto dopo i filtri (deadline/sunset).
[Task 494] REJECTED on STARLINK-32442 due to: No suitable server found after deadline/sunset filters
---> Task 495 (Type: CPU_Intensive) arriva in 253.10
--- [253.10] Task 495 using SearchNode Policy: v1_heuristic ---
[495] Filtro euristico: DTS-TMAX
[253.10] [Task 495] Routed STARLINK-32442 -> STARLINK-2647 | E_NET=0.000007 J | Remaining=49060.76 J
[253.097] Task 495 enqueued on CPU STARLINK-2647 qlen_enqueue=1
[Task 495] Task eseguito su STARLINK-2647 67.49976188636589 degrees | CPU=16928.3619J, NET=0.0000J, TOTAL=16928.3619J, Remaining=52985.94J
[253.452] Task 495 served on STARLINK-2647 qlen_enqueue_cpu=1 qlen_enqueue_net=None time_in_queue=0.000
---> Task 496 (Type: CPU_and_Data_Intensive) arriva in 253.46
--- [253.46] Task 496 using SearchNode Policy: v1_heuristic ---
[496] Filtro euristico: DTS-TMAX
[253.46] [Task 496] Routed STARLINK-32442 -> STARLINK-5108 | E_NET=0.000742 J | Remaining=49060.76 J
[253.463] Task 496 enqueued on CPU STARLINK-5108 qlen_enqueue=1
[253.513] Task 496 enqueued on NET STARLINK-5108 qlen_enqueue_net=1
[Task 496] Task eseguito su STARLINK-5108 61.47839243039285 degrees | CPU=2394.4918J, NET=0.0010J, TOTAL=2394.4928J, Remaining=63860.62J
[253.514] Task 496 served on STARLINK-5108 qlen_enqueue_cpu=1 qlen_enqueue_net=1 time_in_queue=0.000
[495][GREEDY] STARLINK-2647 -> STARLINK-11724 [DTC] | Tramission-time: 0.0016087047574611273
[495] Energy routing consumed by STARLINK-2647: 0.000000 J (remaining 52985.94)
[496][GREEDY] STARLINK-5108 -> STARLINK-11724 [DTC] | Tramission-time: 0.0014014677845924739
[496] Energy routing consumed by STARLINK-5108: 0.000000 J (remaining 63860.62)
[MODE: BIDIRECTIONAL]
[495][GREEDY] CONSEGNATO! STARLINK-11724 [DTC] -> OBS | Tramission-time: 5.829827072087712e-12
---> Task 497 (Type: Generic_Service) arriva in 253.55
--- [253.55] Task 497 using SearchNode Policy: v1_heuristic ---
[497] Filtro euristico: DTS-TMAX
[253.55] [Task 497] Routed STARLINK-32442 -> STARLINK-30604 | E_NET=0.000014 J | Remaining=49060.76 J
[253.555] Task 497 enqueued on CPU STARLINK-30604 qlen_enqueue=1
[Task 497] Task eseguito su STARLINK-30604 51.72946578343771 degrees | CPU=1759.7032J, NET=0.0000J, TOTAL=1759.7032J, Remaining=64221.29J
[253.593] Task 497 served on STARLINK-30604 qlen_enqueue_cpu=1 qlen_enqueue_net=None time_in_queue=0.000
[MODE: BIDIRECTIONAL]
[496][GREEDY] CONSEGNATO! STARLINK-11724 [DTC] -> OBS | Tramission-time: 6.900835597345801e-10
[497][GREEDY] STARLINK-30604 -> STARLINK-11724 [DTC] | Tramission-time: 0.0017339476688291422
[497] Energy routing consumed by STARLINK-30604: 0.000000 J (remaining 64221.29)
[MODE: BIDIRECTIONAL]
[497][GREEDY] CONSEGNATO! STARLINK-11724 [DTC] -> OBS | Tramission-time: 1.161839507966842e-11
---> Task 498 (Type: CPU_Intensive) arriva in 253.85
--- [253.85] Task 498 using SearchNode Policy: v1_heuristic ---
[498] Filtro euristico: DTS-TMAX
[253.85] [Task 498] Routed STARLINK-32442 -> STARLINK-5794 | E_NET=0.000005 J | Remaining=49060.76 J
[253.852] Task 498 enqueued on CPU STARLINK-5794 qlen_enqueue=1
----------------------------------------------------------------------
	||TIME IN SIMULATION : (seconds:254) (minutes: 4) ||

MODIFICA CONFIGURAZIONE IN CORSO...

Aggiornato il Tempo Globale:  2025-11-20 20:59:28
---> Task 499 (Type: CPU_and_Data_Intensive) arriva in 254.07
--- [254.07] Task 499 using SearchNode Policy: v1_heuristic ---
[499] Filtro euristico: DTS-TMAX
[Task 499] Nessun server rimasto dopo i filtri (deadline/sunset).
[Task 499] REJECTED on STARLINK-32442 due to: No suitable server found after deadline/sunset filters
---> Task 500 (Type: CPU_and_Data_Intensive) arriva in 254.11
--- [254.11] Task 500 using SearchNode Policy: v1_heuristic ---
[500] Filtro euristico: DTS-TMAX
[254.11] [Task 500] Routed STARLINK-32442 -> STARLINK-11187 [DTC] | E_NET=0.000289 J | Remaining=49060.76 J
[254.107] Task 500 enqueued on CPU STARLINK-11187 [DTC] qlen_enqueue=1
---> Task 501 (Type: Generic_Service) arriva in 254.56
--- [254.56] Task 501 using SearchNode Policy: v1_heuristic ---
[501] Filtro euristico: DTS-TMAX
[254.56] [Task 501] Routed STARLINK-32442 -> STARLINK-30283 | E_NET=0.000007 J | Remaining=49060.76 J
[254.557] Task 501 enqueued on CPU STARLINK-30283 qlen_enqueue=1
[Task 498] Task eseguito su STARLINK-5794 62.99118915551134 degrees | CPU=34527.7763J, NET=0.0000J, TOTAL=34527.7763J, Remaining=30256.12J
[254.577] Task 498 served on STARLINK-5794 qlen_enqueue_cpu=1 qlen_enqueue_net=None time_in_queue=0.000
[Task 501] Task eseguito su STARLINK-30283 40.35551793763983 degrees | CPU=1360.7897J, NET=0.0000J, TOTAL=1360.7897J, Remaining=78639.21J
[254.586] Task 501 served on STARLINK-30283 qlen_enqueue_cpu=1 qlen_enqueue_net=None time_in_queue=0.000
[254.627] Task 500 enqueued on NET STARLINK-11187 [DTC] qlen_enqueue_net=1
[Task 500] Task eseguito su STARLINK-11187 [DTC] 40.192592737747695 degrees | CPU=24790.3986J, NET=0.0003J, TOTAL=24790.3989J, Remaining=55209.60J
[254.627] Task 500 served on STARLINK-11187 [DTC] qlen_enqueue_cpu=1 qlen_enqueue_net=1 time_in_queue=0.000
[498][GREEDY] STARLINK-5794 -> STARLINK-11724 [DTC] | Tramission-time: 0.0017072586530017418
[498] Energy routing consumed by STARLINK-5794: 0.000000 J (remaining 30256.12)
[MODE: BIDIRECTIONAL]
[498][GREEDY] CONSEGNATO! STARLINK-11724 [DTC] -> OBS | Tramission-time: 4.865201684115011e-12
[500][GREEDY] STARLINK-11187 [DTC] -> STARLINK-11724 [DTC] | Tramission-time: 0.002064495056057552
[500] Energy routing consumed by STARLINK-11187 [DTC]: 0.000000 J (remaining 55209.60)
[501][GREEDY] STARLINK-30283 -> STARLINK-11724 [DTC] | Tramission-time: 0.0009792654064471973
[501] Energy routing consumed by STARLINK-30283: 0.000000 J (remaining 78639.21)
[MODE: BIDIRECTIONAL]
[500][GREEDY] CONSEGNATO! STARLINK-11724 [DTC] -> OBS | Tramission-time: 3.118757242458386e-10
[MODE: BIDIRECTIONAL]
[501][GREEDY] CONSEGNATO! STARLINK-11724 [DTC] -> OBS | Tramission-time: 8.073006594996342e-12
---> Task 502 (Type: CPU_and_Data_Intensive) arriva in 255.63
--- [255.63] Task 502 using SearchNode Policy: v1_heuristic ---
[502] Filtro euristico: DTS-TMAX
[Task 502] Nessun server rimasto dopo i filtri (deadline/sunset).
[Task 502] REJECTED on STARLINK-32442 due to: No suitable server found after deadline/sunset filters
---> Task 503 (Type: CPU_Intensive) arriva in 255.66
--- [255.66] Task 503 using SearchNode Policy: v1_heuristic ---
[503] Filtro euristico: DTS-TMAX
[255.66] [Task 503] Routed STARLINK-32442 -> STARLINK-30283 | E_NET=0.000004 J | Remaining=49060.76 J
[255.665] Task 503 enqueued on CPU STARLINK-30283 qlen_enqueue=1
[Task 503] Task eseguito su STARLINK-30283 40.35551793763983 degrees | CPU=4170.9600J, NET=0.0000J, TOTAL=4170.9600J, Remaining=74468.25J
[255.753] Task 503 served on STARLINK-30283 qlen_enqueue_cpu=1 qlen_enqueue_net=None time_in_queue=0.000
[503][GREEDY] STARLINK-30283 -> STARLINK-11724 [DTC] | Tramission-time: 0.0009792654034603504
[503] Energy routing consumed by STARLINK-30283: 0.000000 J (remaining 74468.25)
[MODE: BIDIRECTIONAL]
[503][GREEDY] CONSEGNATO! STARLINK-11724 [DTC] -> OBS | Tramission-time: 5.745007675826616e-12
----------------------------------------------------------------------
	||TIME IN SIMULATION : (seconds:256) (minutes: 4) ||

MODIFICA CONFIGURAZIONE IN CORSO...

Aggiornato il Tempo Globale:  2025-11-20 20:59:30
---> Task 504 (Type: CPU_Intensive) arriva in 256.08
--- [256.08] Task 504 using SearchNode Policy: v1_heuristic ---
[504] Filtro euristico: DTS-TMAX
[256.08] [Task 504] Routed STARLINK-32442 -> STARLINK-30283 | E_NET=0.000024 J | Remaining=49060.76 J
[256.080] Task 504 enqueued on CPU STARLINK-30283 qlen_enqueue=1
---> Task 505 (Type: Generic_Service) arriva in 256.53
--- [256.53] Task 505 using SearchNode Policy: v1_heuristic ---
[505] Filtro euristico: DTS-TMAX
[256.53] [Task 505] Routed STARLINK-32442 -> STARLINK-30604 | E_NET=0.000028 J | Remaining=49060.76 J
[256.527] Task 505 enqueued on CPU STARLINK-30604 qlen_enqueue=1
[Task 505] Task eseguito su STARLINK-30604 53.703798124923516 degrees | CPU=2184.6688J, NET=0.0000J, TOTAL=2184.6689J, Remaining=62036.62J
[256.575] Task 505 served on STARLINK-30604 qlen_enqueue_cpu=1 qlen_enqueue_net=None time_in_queue=0.000
---> Task 506 (Type: Generic_Service) arriva in 256.64
--- [256.64] Task 506 using SearchNode Policy: v1_heuristic ---
[506] Filtro euristico: DTS-TMAX
[256.64] [Task 506] Routed STARLINK-32442 -> STARLINK-5108 | E_NET=0.000004 J | Remaining=49060.76 J
[256.638] Task 506 enqueued on CPU STARLINK-5108 qlen_enqueue=1
[505][GREEDY] STARLINK-30604 -> STARLINK-11724 [DTC] | Tramission-time: 0.0017573927147472208
[505] Energy routing consumed by STARLINK-30604: 0.000000 J (remaining 62036.62)
[Task 506] Task eseguito su STARLINK-5108 63.490539545752476 degrees | CPU=780.4366J, NET=0.0000J, TOTAL=780.4366J, Remaining=63080.18J
[256.654] Task 506 served on STARLINK-5108 qlen_enqueue_cpu=1 qlen_enqueue_net=None time_in_queue=0.000
[506][GREEDY] STARLINK-5108 -> STARLINK-11724 [DTC] | Tramission-time: 0.0014682430270867514
[506] Energy routing consumed by STARLINK-5108: 0.000000 J (remaining 63080.18)
[MODE: BIDIRECTIONAL]
[505][GREEDY] CONSEGNATO! STARLINK-11724 [DTC] -> OBS | Tramission-time: 3.108572281197025e-11
[Task 504] Task eseguito su STARLINK-30283 40.9653065221033 degrees | CPU=35757.1003J, NET=0.0000J, TOTAL=35757.1003J, Remaining=38711.15J
[256.832] Task 504 served on STARLINK-30283 qlen_enqueue_cpu=1 qlen_enqueue_net=None time_in_queue=0.000
[MODE: BIDIRECTIONAL]
[506][GREEDY] CONSEGNATO! STARLINK-11724 [DTC] -> OBS | Tramission-time: 4.709880623608591e-12
[504][GREEDY] STARLINK-30283 -> STARLINK-11724 [DTC] | Tramission-time: 0.0009361530330507838
[504] Energy routing consumed by STARLINK-30283: 0.000000 J (remaining 38711.15)
[MODE: BIDIRECTIONAL]
[504][GREEDY] CONSEGNATO! STARLINK-11724 [DTC] -> OBS | Tramission-time: 3.0113201425100414e-11
---> Task 507 (Type: Generic_Service) arriva in 257.16
--- [257.16] Task 507 using SearchNode Policy: v1_heuristic ---
[507] Filtro euristico: DTS-TMAX
[257.16] [Task 507] Routed STARLINK-32442 -> STARLINK-5108 | E_NET=0.000013 J | Remaining=49060.76 J
[257.161] Task 507 enqueued on CPU STARLINK-5108 qlen_enqueue=1
[Task 507] Task eseguito su STARLINK-5108 63.490539545752476 degrees | CPU=815.8132J, NET=0.0000J, TOTAL=815.8132J, Remaining=62264.37J
[257.179] Task 507 served on STARLINK-5108 qlen_enqueue_cpu=1 qlen_enqueue_net=None time_in_queue=0.000
[507][GREEDY] STARLINK-5108 -> STARLINK-11724 [DTC] | Tramission-time: 0.0014682430363821592
[507] Energy routing consumed by STARLINK-5108: 0.000000 J (remaining 62264.37)
[MODE: BIDIRECTIONAL]
[507][GREEDY] CONSEGNATO! STARLINK-11724 [DTC] -> OBS | Tramission-time: 1.4486514948939253e-11
---> Task 508 (Type: CPU_and_Data_Intensive) arriva in 257.27
--- [257.27] Task 508 using SearchNode Policy: v1_heuristic ---
[508] Filtro euristico: DTS-TMAX
[Task 508] Nessun server rimasto dopo i filtri (deadline/sunset).
[Task 508] REJECTED on STARLINK-32442 due to: No suitable server found after deadline/sunset filters
---> Task 509 (Type: CPU_Intensive) arriva in 257.68
--- [257.68] Task 509 using SearchNode Policy: v1_heuristic ---
[509] Filtro euristico: DTS-TMAX
[257.68] [Task 509] Routed STARLINK-32442 -> STARLINK-5108 | E_NET=0.000026 J | Remaining=49060.76 J
[257.684] Task 509 enqueued on CPU STARLINK-5108 qlen_enqueue=1
[Task 509] Task eseguito su STARLINK-5108 63.490539545752476 degrees | CPU=1612.9770J, NET=0.0000J, TOTAL=1612.9770J, Remaining=60651.39J
[257.720] Task 509 served on STARLINK-5108 qlen_enqueue_cpu=1 qlen_enqueue_net=None time_in_queue=0.000
[509][GREEDY] STARLINK-5108 -> STARLINK-11724 [DTC] | Tramission-time: 0.0014682430541927312
[509] Energy routing consumed by STARLINK-5108: 0.000000 J (remaining 60651.39)
[MODE: BIDIRECTIONAL]
[509][GREEDY] CONSEGNATO! STARLINK-11724 [DTC] -> OBS | Tramission-time: 3.2590394480576364e-11
---> Task 510 (Type: CPU_and_Data_Intensive) arriva in 257.83
--- [257.83] Task 510 using SearchNode Policy: v1_heuristic ---
[510] Filtro euristico: DTS-TMAX
[257.83] [Task 510] Routed STARLINK-32442 -> STARLINK-30604 | E_NET=0.007722 J | Remaining=49060.75 J
[257.842] Task 510 enqueued on CPU STARLINK-30604 qlen_enqueue=1
----------------------------------------------------------------------
	||TIME IN SIMULATION : (seconds:258) (minutes: 4) ||

MODIFICA CONFIGURAZIONE IN CORSO...

Aggiornato il Tempo Globale:  2025-11-20 20:59:32
[258.045] Task 510 enqueued on NET STARLINK-30604 qlen_enqueue_net=1
[Task 510] Task eseguito su STARLINK-30604 54.72261790513377 degrees | CPU=9717.8366J, NET=0.0098J, TOTAL=9717.8464J, Remaining=52318.77J
[258.055] Task 510 served on STARLINK-30604 qlen_enqueue_cpu=1 qlen_enqueue_net=1 time_in_queue=0.000
[510][GREEDY] STARLINK-30604 -> STARLINK-11724 [DTC] | Tramission-time: 0.0017695377078378834
[510] Energy routing consumed by STARLINK-30604: 0.000000 J (remaining 52318.77)
[MODE: BIDIRECTIONAL]
[510][GREEDY] CONSEGNATO! STARLINK-11724 [DTC] -> OBS | Tramission-time: 8.042352194978082e-09
---> Task 511 (Type: Generic_Service) arriva in 258.52
--- [258.52] Task 511 using SearchNode Policy: v1_heuristic ---
[511] Filtro euristico: DTS-TMAX
[258.52] [Task 511] Routed STARLINK-32442 -> STARLINK-5108 | E_NET=0.000005 J | Remaining=49060.75 J
[258.520] Task 511 enqueued on CPU STARLINK-5108 qlen_enqueue=1
---> Task 512 (Type: CPU_Intensive) arriva in 258.54
--- [258.54] Task 512 using SearchNode Policy: v1_heuristic ---
[512] Filtro euristico: DTS-TMAX
[258.54] [Task 512] Routed STARLINK-32442 -> STARLINK-5108 | E_NET=0.000015 J | Remaining=49060.75 J
[258.542] Task 512 enqueued on CPU STARLINK-5108 qlen_enqueue=2
[Task 511] Task eseguito su STARLINK-5108 64.4817345017237 degrees | CPU=2911.7662J, NET=0.0000J, TOTAL=2911.7662J, Remaining=57739.62J
[258.582] Task 511 served on STARLINK-5108 qlen_enqueue_cpu=1 qlen_enqueue_net=None time_in_queue=0.000
[511][GREEDY] STARLINK-5108 -> STARLINK-11724 [DTC] | Tramission-time: 0.001502603038381827
[511] Energy routing consumed by STARLINK-5108: 0.000000 J (remaining 57739.62)
[MODE: BIDIRECTIONAL]
[511][GREEDY] CONSEGNATO! STARLINK-11724 [DTC] -> OBS | Tramission-time: 4.884366044504019e-12
[Task 512] Task eseguito su STARLINK-5108 64.4817345017237 degrees | CPU=8666.7053J, NET=0.0000J, TOTAL=8666.7053J, Remaining=49072.92J
[258.725] Task 512 served on STARLINK-5108 qlen_enqueue_cpu=2 qlen_enqueue_net=None time_in_queue=0.000
[512][GREEDY] STARLINK-5108 -> STARLINK-11724 [DTC] | Tramission-time: 0.0015026030511325718
[512] Energy routing consumed by STARLINK-5108: 0.000000 J (remaining 49072.92)
[MODE: BIDIRECTIONAL]
[512][GREEDY] CONSEGNATO! STARLINK-11724 [DTC] -> OBS | Tramission-time: 1.9365094543330388e-11
---> Task 513 (Type: CPU_and_Data_Intensive) arriva in 259.64
--- [259.64] Task 513 using SearchNode Policy: v1_heuristic ---
[513] Filtro euristico: DTS-TMAX
[Task 513] Nessun server rimasto dopo i filtri (deadline/sunset).
[Task 513] REJECTED on STARLINK-32442 due to: No suitable server found after deadline/sunset filters
---> Task 514 (Type: CPU_and_Data_Intensive) arriva in 259.73
--- [259.73] Task 514 using SearchNode Policy: v1_heuristic ---
[514] Filtro euristico: DTS-TMAX
[259.73] [Task 514] Routed STARLINK-32442 -> STARLINK-30517 | E_NET=0.001666 J | Remaining=49060.75 J
[259.728] Task 514 enqueued on CPU STARLINK-30517 qlen_enqueue=1
----------------------------------------------------------------------
	||TIME IN SIMULATION : (seconds:260) (minutes: 4) ||

MODIFICA CONFIGURAZIONE IN CORSO...

Aggiornato il Tempo Globale:  2025-11-20 20:59:34
[260.184] Task 514 enqueued on NET STARLINK-30517 qlen_enqueue_net=1
[Task 514] Task eseguito su STARLINK-30517 55.97156740357987 degrees | CPU=21778.4609J, NET=0.0022J, TOTAL=21778.4631J, Remaining=37782.81J
[260.187] Task 514 served on STARLINK-30517 qlen_enqueue_cpu=1 qlen_enqueue_net=1 time_in_queue=0.000
[514][GREEDY] STARLINK-30517 -> STARLINK-11724 [DTC] | Tramission-time: 0.0020262743816798078
[514] Energy routing consumed by STARLINK-30517: 0.000000 J (remaining 37782.81)
[MODE: BIDIRECTIONAL]
[514][GREEDY] CONSEGNATO! STARLINK-11724 [DTC] -> OBS | Tramission-time: 1.614274561722981e-09
---> Task 515 (Type: CPU_and_Data_Intensive) arriva in 260.80
--- [260.80] Task 515 using SearchNode Policy: v1_heuristic ---
[515] Filtro euristico: DTS-TMAX
[260.80] [Task 515] Routed STARLINK-11187 [DTC] -> STARLINK-2647 | E_NET=0.001383 J | Remaining=55209.60 J
[260.807] Task 515 enqueued on CPU STARLINK-2647 qlen_enqueue=1
---> Task 516 (Type: Generic_Service) arriva in 261.24
--- [261.24] Task 516 using SearchNode Policy: v1_heuristic ---
[516] Filtro euristico: DTS-TMAX
[261.24] [Task 516] Routed STARLINK-11187 [DTC] -> STARLINK-30604 | E_NET=0.000022 J | Remaining=55209.60 J
[261.239] Task 516 enqueued on CPU STARLINK-30604 qlen_enqueue=1
[Task 516] Task eseguito su STARLINK-30604 55.762708927879906 degrees | CPU=4394.0425J, NET=0.0000J, TOTAL=4394.0425J, Remaining=47924.73J
[261.333] Task 516 served on STARLINK-30604 qlen_enqueue_cpu=1 qlen_enqueue_net=None time_in_queue=0.000
---> Task 517 (Type: Generic_Service) arriva in 261.33
--- [261.33] Task 517 using SearchNode Policy: v1_heuristic ---
[517] Filtro euristico: DTS-TMAX
[261.33] [Task 517] Routed STARLINK-11187 [DTC] -> STARLINK-33881 | E_NET=0.000022 J | Remaining=55209.60 J
[261.334] Task 517 enqueued on CPU STARLINK-33881 qlen_enqueue=1
[Task 517] Task eseguito su STARLINK-33881 48.75722252240134 degrees | CPU=480.6357J, NET=0.0000J, TOTAL=480.6357J, Remaining=48625.98J
[261.346] Task 517 served on STARLINK-33881 qlen_enqueue_cpu=1 qlen_enqueue_net=None time_in_queue=0.000
[516][GREEDY] STARLINK-30604 -> STARLINK-11724 [DTC] | Tramission-time: 0.0017819378222365125
[516] Energy routing consumed by STARLINK-30604: 0.000000 J (remaining 47924.73)
[517][GREEDY] STARLINK-33881 -> STARLINK-11724 [DTC] | Tramission-time: 0.0019304489127086964
[517] Energy routing consumed by STARLINK-33881: 0.000000 J (remaining 48625.98)
[261.388] Task 515 enqueued on NET STARLINK-2647 qlen_enqueue_net=1
[Task 515] Task eseguito su STARLINK-2647 72.92075223568077 degrees | CPU=27681.1126J, NET=0.0015J, TOTAL=27681.1141J, Remaining=25304.83J
[261.389] Task 515 served on STARLINK-2647 qlen_enqueue_cpu=1 qlen_enqueue_net=1 time_in_queue=0.000
[515][GREEDY] STARLINK-2647 -> STARLINK-11724 [DTC] | Tramission-time: 0.0015774108196334024
[515] Energy routing consumed by STARLINK-2647: 0.000000 J (remaining 25304.83)
[MODE: BIDIRECTIONAL]
[516][GREEDY] CONSEGNATO! STARLINK-11724 [DTC] -> OBS | Tramission-time: 1.990475158297035e-11
[MODE: BIDIRECTIONAL]
[515][GREEDY] CONSEGNATO! STARLINK-11724 [DTC] -> OBS | Tramission-time: 1.2675112305911452e-09
[MODE: BIDIRECTIONAL]
[517][GREEDY] CONSEGNATO! STARLINK-11724 [DTC] -> OBS | Tramission-time: 2.203923886082408e-11
---> Task 518 (Type: CPU_and_Data_Intensive) arriva in 261.80
--- [261.80] Task 518 using SearchNode Policy: v1_heuristic ---
[518] Filtro euristico: DTS-TMAX
[261.80] [Task 518] Routed STARLINK-11187 [DTC] -> STARLINK-5108 | E_NET=0.000253 J | Remaining=55209.60 J
[261.801] Task 518 enqueued on CPU STARLINK-5108 qlen_enqueue=1
[261.921] Task 518 enqueued on NET STARLINK-5108 qlen_enqueue_net=1
[Task 518] Task eseguito su STARLINK-5108 65.45648458810582 degrees | CPU=5730.4282J, NET=0.0003J, TOTAL=5730.4285J, Remaining=43342.49J
[261.922] Task 518 served on STARLINK-5108 qlen_enqueue_cpu=1 qlen_enqueue_net=1 time_in_queue=0.000
[518][GREEDY] STARLINK-5108 -> STARLINK-11724 [DTC] | Tramission-time: 0.0015375528489066067
[518] Energy routing consumed by STARLINK-5108: 0.000000 J (remaining 43342.49)
[MODE: BIDIRECTIONAL]
[518][GREEDY] CONSEGNATO! STARLINK-11724 [DTC] -> OBS | Tramission-time: 2.4283243954112e-10
----------------------------------------------------------------------
	||TIME IN SIMULATION : (seconds:262) (minutes: 4) ||

MODIFICA CONFIGURAZIONE IN CORSO...

Aggiornato il Tempo Globale:  2025-11-20 20:59:36
---> Task 519 (Type: CPU_and_Data_Intensive) arriva in 262.27
--- [262.27] Task 519 using SearchNode Policy: v1_heuristic ---
[519] Filtro euristico: DTS-TMAX
[262.27] [Task 519] Routed STARLINK-11187 [DTC] -> STARLINK-32442 | E_NET=0.004058 J | Remaining=55209.60 J
[262.274] Task 519 enqueued on CPU STARLINK-32442 qlen_enqueue=1
---> Task 520 (Type: Generic_Service) arriva in 262.29
--- [262.29] Task 520 using SearchNode Policy: v1_heuristic ---
[520] Filtro euristico: DTS-TMAX
[262.29] [Task 520] Routed STARLINK-11187 [DTC] -> STARLINK-33881 | E_NET=0.000005 J | Remaining=55209.60 J
[262.292] Task 520 enqueued on CPU STARLINK-33881 qlen_enqueue=1
[Task 520] Task eseguito su STARLINK-33881 49.78034414235022 degrees | CPU=3758.8335J, NET=0.0000J, TOTAL=3758.8335J, Remaining=44867.14J
[262.371] Task 520 served on STARLINK-33881 qlen_enqueue_cpu=1 qlen_enqueue_net=None time_in_queue=0.000
[520][GREEDY] STARLINK-33881 -> STARLINK-11724 [DTC] | Tramission-time: 0.001942706092666956
[520] Energy routing consumed by STARLINK-33881: 0.000000 J (remaining 44867.14)
[MODE: BIDIRECTIONAL]
[520][GREEDY] CONSEGNATO! STARLINK-11724 [DTC] -> OBS | Tramission-time: 4.842931539801108e-12
[262.679] Task 519 enqueued on NET STARLINK-32442 qlen_enqueue_net=1
[Task 519] Task eseguito su STARLINK-32442 70.24421224664476 degrees | CPU=19311.2151J, NET=0.0049J, TOTAL=19311.2200J, Remaining=29749.53J
[262.683] Task 519 served on STARLINK-32442 qlen_enqueue_cpu=1 qlen_enqueue_net=1 time_in_queue=0.000
---> Task 521 (Type: CPU_and_Data_Intensive) arriva in 262.74
--- [262.74] Task 521 using SearchNode Policy: v1_heuristic ---
[521] Filtro euristico: DTS-TMAX
[262.74] [Task 521] Routed STARLINK-11187 [DTC] -> STARLINK-30604 | E_NET=0.000723 J | Remaining=55209.59 J
[262.739] Task 521 enqueued on CPU STARLINK-30604 qlen_enqueue=1
[MODE: BIDIRECTIONAL]
[519][GREEDY] CONSEGNATO! STARLINK-32442 -> OBS | Tramission-time: 4.077094524191131e-09
---> Task 522 (Type: Generic_Service) arriva in 262.78
--- [262.78] Task 522 using SearchNode Policy: v1_heuristic ---
[522] Filtro euristico: DTS-TMAX
[262.78] [Task 522] Routed STARLINK-11187 [DTC] -> STARLINK-30604 | E_NET=0.000025 J | Remaining=55209.59 J
[262.784] Task 522 enqueued on CPU STARLINK-30604 qlen_enqueue=2
[262.784] Task 521 enqueued on NET STARLINK-30604 qlen_enqueue_net=1
[Task 521] Task eseguito su STARLINK-30604 56.8241293872349 degrees | CPU=2147.7150J, NET=0.0010J, TOTAL=2147.7160J, Remaining=45777.02J
[262.785] Task 521 served on STARLINK-30604 qlen_enqueue_cpu=1 qlen_enqueue_net=1 time_in_queue=0.000
[Task 522] Task eseguito su STARLINK-30604 56.8241293872349 degrees | CPU=1898.4917J, NET=0.0000J, TOTAL=1898.4917J, Remaining=43878.52J
[262.826] Task 522 served on STARLINK-30604 qlen_enqueue_cpu=2 qlen_enqueue_net=None time_in_queue=0.000
[521][GREEDY] STARLINK-30604 -> STARLINK-11724 [DTC] | Tramission-time: 0.0017946090759686536
[521] Energy routing consumed by STARLINK-30604: 0.000000 J (remaining 43878.52)
[MODE: BIDIRECTIONAL]
[521][GREEDY] CONSEGNATO! STARLINK-11724 [DTC] -> OBS | Tramission-time: 7.643948748532628e-10
[522][GREEDY] STARLINK-30604 -> STARLINK-11724 [DTC] | Tramission-time: 0.0017946083711380817
[522] Energy routing consumed by STARLINK-30604: 0.000000 J (remaining 43878.52)
[MODE: BIDIRECTIONAL]
[522][GREEDY] CONSEGNATO! STARLINK-11724 [DTC] -> OBS | Tramission-time: 2.6865666697096515e-11
---> Task 523 (Type: Generic_Service) arriva in 263.79
--- [263.79] Task 523 using SearchNode Policy: v1_heuristic ---
[523] Filtro euristico: DTS-TMAX
[263.79] [Task 523] Routed STARLINK-11187 [DTC] -> STARLINK-4466 | E_NET=0.000034 J | Remaining=55209.59 J
[263.789] Task 523 enqueued on CPU STARLINK-4466 qlen_enqueue=1
[Task 523] Task eseguito su STARLINK-4466 49.07022475856321 degrees | CPU=8535.9387J, NET=0.0000J, TOTAL=8535.9387J, Remaining=38895.02J
[263.971] Task 523 served on STARLINK-4466 qlen_enqueue_cpu=1 qlen_enqueue_net=None time_in_queue=0.000
[523][GREEDY] STARLINK-4466 -> STARLINK-33816 | Tramission-time: 0.001219868497867841
[523] Energy routing consumed by STARLINK-4466: 0.000000 J (remaining 38895.02)
----------------------------------------------------------------------
	||TIME IN SIMULATION : (seconds:264) (minutes: 4) ||

MODIFICA CONFIGURAZIONE IN CORSO...

Aggiornato il Tempo Globale:  2025-11-20 20:59:38
---> Task 524 (Type: Generic_Service) arriva in 264.05
--- [264.05] Task 524 using SearchNode Policy: v1_heuristic ---
[524] Filtro euristico: DTS-TMAX
[264.05] [Task 524] Routed STARLINK-11187 [DTC] -> STARLINK-33881 | E_NET=0.000030 J | Remaining=55209.59 J
[264.055] Task 524 enqueued on CPU STARLINK-33881 qlen_enqueue=1
[MODE: BIDIRECTIONAL]
[523][GREEDY] CONSEGNATO! STARLINK-33816 -> OBS | Tramission-time: 2.5384408200086985e-11
[Task 524] Task eseguito su STARLINK-33881 50.827448113705124 degrees | CPU=1001.8238J, NET=0.0000J, TOTAL=1001.8238J, Remaining=43865.32J
[264.078] Task 524 served on STARLINK-33881 qlen_enqueue_cpu=1 qlen_enqueue_net=None time_in_queue=0.000
[524][GREEDY] STARLINK-33881 -> STARLINK-11724 [DTC] | Tramission-time: 0.0019551440744948606
[524] Energy routing consumed by STARLINK-33881: 0.000000 J (remaining 43865.32)
[MODE: BIDIRECTIONAL]
[524][GREEDY] CONSEGNATO! STARLINK-11724 [DTC] -> OBS | Tramission-time: 3.389186797535775e-11
---> Task 525 (Type: CPU_and_Data_Intensive) arriva in 265.06
--- [265.06] Task 525 using SearchNode Policy: v1_heuristic ---
[525] Filtro euristico: DTS-TMAX
[265.06] [Task 525] Routed STARLINK-11187 [DTC] -> STARLINK-30604 | E_NET=0.003462 J | Remaining=55209.59 J
[265.063] Task 525 enqueued on CPU STARLINK-30604 qlen_enqueue=1
[265.099] Task 525 enqueued on NET STARLINK-30604 qlen_enqueue_net=1
[Task 525] Task eseguito su STARLINK-30604 57.906874003399466 degrees | CPU=1726.0005J, NET=0.0047J, TOTAL=1726.0052J, Remaining=42152.52J
[265.104] Task 525 served on STARLINK-30604 qlen_enqueue_cpu=1 qlen_enqueue_net=1 time_in_queue=0.000
[525][GREEDY] STARLINK-30604 -> STARLINK-11724 [DTC] | Tramission-time: 0.001807539657833979
[525] Energy routing consumed by STARLINK-30604: 0.000000 J (remaining 42152.52)
---> Task 526 (Type: CPU_Intensive) arriva in 265.27
--- [265.27] Task 526 using SearchNode Policy: v1_heuristic ---
[526] Filtro euristico: DTS-TMAX
[265.27] [Task 526] Routed STARLINK-11187 [DTC] -> STARLINK-33881 | E_NET=0.000020 J | Remaining=55209.59 J
[265.266] Task 526 enqueued on CPU STARLINK-33881 qlen_enqueue=1
[MODE: BIDIRECTIONAL]
[525][GREEDY] CONSEGNATO! STARLINK-11724 [DTC] -> OBS | Tramission-time: 4.021772685276534e-09
---> Task 527 (Type: Generic_Service) arriva in 265.32
--- [265.32] Task 527 using SearchNode Policy: v1_heuristic ---
[527] Filtro euristico: DTS-TMAX
[265.32] [Task 527] Routed STARLINK-11187 [DTC] -> STARLINK-30517 | E_NET=0.000016 J | Remaining=55209.59 J
[265.325] Task 527 enqueued on CPU STARLINK-30517 qlen_enqueue=1
[Task 527] Task eseguito su STARLINK-30517 57.94147421894787 degrees | CPU=428.6584J, NET=0.0000J, TOTAL=428.6585J, Remaining=37354.16J
[265.335] Task 527 served on STARLINK-30517 qlen_enqueue_cpu=1 qlen_enqueue_net=None time_in_queue=0.000
[527][GREEDY] STARLINK-30517 -> STARLINK-11724 [DTC] | Tramission-time: 0.00205105322995304
[527] Energy routing consumed by STARLINK-30517: 0.000000 J (remaining 37354.16)
[MODE: BIDIRECTIONAL]
[527][GREEDY] CONSEGNATO! STARLINK-11724 [DTC] -> OBS | Tramission-time: 1.344551158085007e-11
[Task 526] Task eseguito su STARLINK-33881 50.827448113705124 degrees | CPU=11053.2168J, NET=0.0000J, TOTAL=11053.2169J, Remaining=32812.10J
[265.500] Task 526 served on STARLINK-33881 qlen_enqueue_cpu=1 qlen_enqueue_net=None time_in_queue=0.000
[526][GREEDY] STARLINK-33881 -> STARLINK-11724 [DTC] | Tramission-time: 0.001955144068528627
[526] Energy routing consumed by STARLINK-33881: 0.000000 J (remaining 32812.10)
[MODE: BIDIRECTIONAL]
[526][GREEDY] CONSEGNATO! STARLINK-11724 [DTC] -> OBS | Tramission-time: 2.058788232764941e-11
---> Task 528 (Type: Generic_Service) arriva in 265.73
--- [265.73] Task 528 using SearchNode Policy: v1_heuristic ---
[528] Filtro euristico: DTS-TMAX
[265.73] [Task 528] Routed STARLINK-11187 [DTC] -> STARLINK-5108 | E_NET=0.000009 J | Remaining=55209.59 J
[265.728] Task 528 enqueued on CPU STARLINK-5108 qlen_enqueue=1
[Task 528] Task eseguito su STARLINK-5108 67.33260586145504 degrees | CPU=4707.5134J, NET=0.0000J, TOTAL=4707.5134J, Remaining=38634.98J
[265.828] Task 528 served on STARLINK-5108 qlen_enqueue_cpu=1 qlen_enqueue_net=None time_in_queue=0.000
[528][GREEDY] STARLINK-5108 -> STARLINK-11724 [DTC] | Tramission-time: 0.0016090632573578364
[528] Energy routing consumed by STARLINK-5108: 0.000000 J (remaining 38634.98)
[MODE: BIDIRECTIONAL]
[528][GREEDY] CONSEGNATO! STARLINK-11724 [DTC] -> OBS | Tramission-time: 8.534347928562987e-12
----------------------------------------------------------------------
	||TIME IN SIMULATION : (seconds:266) (minutes: 4) ||

MODIFICA CONFIGURAZIONE IN CORSO...

Aggiornato il Tempo Globale:  2025-11-20 20:59:40
---> Task 529 (Type: CPU_Intensive) arriva in 266.00
--- [266.00] Task 529 using SearchNode Policy: v1_heuristic ---
[529] Filtro euristico: DTS-TMAX
[266.00] [Task 529] Routed STARLINK-11187 [DTC] -> STARLINK-31909 | E_NET=0.000021 J | Remaining=55209.59 J
[266.002] Task 529 enqueued on CPU STARLINK-31909 qlen_enqueue=1
---> Task 530 (Type: CPU_and_Data_Intensive) arriva in 266.24
--- [266.24] Task 530 using SearchNode Policy: v1_heuristic ---
[530] Filtro euristico: DTS-TMAX
[266.24] [Task 530] Routed STARLINK-11187 [DTC] -> STARLINK-5108 | E_NET=0.007926 J | Remaining=55209.58 J
[266.250] Task 530 enqueued on CPU STARLINK-5108 qlen_enqueue=1
[266.311] Task 530 enqueued on NET STARLINK-5108 qlen_enqueue_net=1
[Task 530] Task eseguito su STARLINK-5108 68.21984777737686 degrees | CPU=2928.8869J, NET=0.0102J, TOTAL=2928.8971J, Remaining=35706.08J
[266.321] Task 530 served on STARLINK-5108 qlen_enqueue_cpu=1 qlen_enqueue_net=1 time_in_queue=0.000
[530][GREEDY] STARLINK-5108 -> STARLINK-11724 [DTC] | Tramission-time: 0.001645560783386152
[530] Energy routing consumed by STARLINK-5108: 0.000000 J (remaining 35706.08)
[MODE: BIDIRECTIONAL]
[530][GREEDY] CONSEGNATO! STARLINK-11724 [DTC] -> OBS | Tramission-time: 8.476224597595761e-09
---> Task 531 (Type: CPU_and_Data_Intensive) arriva in 266.63
--- [266.63] Task 531 using SearchNode Policy: v1_heuristic ---
[531] Filtro euristico: DTS-TMAX
[266.63] [Task 531] Routed STARLINK-11187 [DTC] -> STARLINK-30604 | E_NET=0.001647 J | Remaining=55209.58 J
[266.630] Task 531 enqueued on CPU STARLINK-30604 qlen_enqueue=1
[266.660] Task 531 enqueued on NET STARLINK-30604 qlen_enqueue_net=1
[Task 531] Task eseguito su STARLINK-30604 59.010865871854975 degrees | CPU=1434.5046J, NET=0.0018J, TOTAL=1434.5064J, Remaining=40718.01J
[266.661] Task 531 served on STARLINK-30604 qlen_enqueue_cpu=1 qlen_enqueue_net=1 time_in_queue=0.000
[531][GREEDY] STARLINK-30604 -> STARLINK-11724 [DTC] | Tramission-time: 0.0018207181757685412
[531] Energy routing consumed by STARLINK-30604: 0.000000 J (remaining 40718.01)
[MODE: BIDIRECTIONAL]
[531][GREEDY] CONSEGNATO! STARLINK-11724 [DTC] -> OBS | Tramission-time: 1.6122518627729198e-09
[Task 529] Task eseguito su STARLINK-31909 40.09963644577974 degrees | CPU=51598.0685J, NET=0.0000J, TOTAL=51598.0685J, Remaining=28401.93J
[267.086] Task 529 served on STARLINK-31909 qlen_enqueue_cpu=1 qlen_enqueue_net=None time_in_queue=0.000
[529][GREEDY] STARLINK-31909 -> STARLINK-32442 | Tramission-time: 0.001533168512054969
[529] Energy routing consumed by STARLINK-31909: 0.000000 J (remaining 28401.93)
[MODE: BIDIRECTIONAL]
[529][GREEDY] CONSEGNATO! STARLINK-32442 -> OBS | Tramission-time: 2.3525795762630902e-11
---> Task 532 (Type: CPU_and_Data_Intensive) arriva in 267.40
--- [267.40] Task 532 using SearchNode Policy: v1_heuristic ---
[532] Filtro euristico: DTS-TMAX
[267.40] [Task 532] Routed STARLINK-11187 [DTC] -> STARLINK-30604 | E_NET=0.001999 J | Remaining=55209.58 J
[267.405] Task 532 enqueued on CPU STARLINK-30604 qlen_enqueue=1
[267.436] Task 532 enqueued on NET STARLINK-30604 qlen_enqueue_net=1
[Task 532] Task eseguito su STARLINK-30604 59.010865871854975 degrees | CPU=1481.9586J, NET=0.0022J, TOTAL=1481.9608J, Remaining=39236.05J
[267.438] Task 532 served on STARLINK-30604 qlen_enqueue_cpu=1 qlen_enqueue_net=1 time_in_queue=0.000
---> Task 533 (Type: CPU_Intensive) arriva in 267.48
--- [267.48] Task 533 using SearchNode Policy: v1_heuristic ---
[533] Filtro euristico: DTS-TMAX
[267.48] [Task 533] Routed STARLINK-11187 [DTC] -> STARLINK-30604 | E_NET=0.000036 J | Remaining=55209.58 J
[267.483] Task 533 enqueued on CPU STARLINK-30604 qlen_enqueue=1
[532][GREEDY] STARLINK-30604 -> STARLINK-11724 [DTC] | Tramission-time: 0.0018207182353971426
[532] Energy routing consumed by STARLINK-30604: 0.000000 J (remaining 39236.05)
[MODE: BIDIRECTIONAL]
[532][GREEDY] CONSEGNATO! STARLINK-11724 [DTC] -> OBS | Tramission-time: 1.5839640085334922e-09
[Task 533] Task eseguito su STARLINK-30604 59.010865871854975 degrees | CPU=7127.6522J, NET=0.0000J, TOTAL=7127.6523J, Remaining=32108.40J
[267.635] Task 533 served on STARLINK-30604 qlen_enqueue_cpu=1 qlen_enqueue_net=None time_in_queue=0.000
[533][GREEDY] STARLINK-30604 -> STARLINK-11724 [DTC] | Tramission-time: 0.0018207166747537557
[533] Energy routing consumed by STARLINK-30604: 0.000000 J (remaining 32108.40)
[MODE: BIDIRECTIONAL]
[533][GREEDY] CONSEGNATO! STARLINK-11724 [DTC] -> OBS | Tramission-time: 2.805417053349088e-11
----------------------------------------------------------------------
	||TIME IN SIMULATION : (seconds:268) (minutes: 4) ||

MODIFICA CONFIGURAZIONE IN CORSO...

Aggiornato il Tempo Globale:  2025-11-20 20:59:42
---> Task 534 (Type: CPU_Intensive) arriva in 268.25
--- [268.25] Task 534 using SearchNode Policy: v1_heuristic ---
[534] Filtro euristico: DTS-TMAX
[268.25] [Task 534] Routed STARLINK-11187 [DTC] -> STARLINK-4466 | E_NET=0.000018 J | Remaining=55209.58 J
[268.249] Task 534 enqueued on CPU STARLINK-4466 qlen_enqueue=1
---> Task 535 (Type: Generic_Service) arriva in 268.48
--- [268.48] Task 535 using SearchNode Policy: v1_heuristic ---
[535] Filtro euristico: DTS-TMAX
[268.48] [Task 535] Routed STARLINK-11187 [DTC] -> STARLINK-30517 | E_NET=0.000019 J | Remaining=55209.58 J
[268.484] Task 535 enqueued on CPU STARLINK-30517 qlen_enqueue=1
[Task 534] Task eseguito su STARLINK-4466 51.551823094899724 degrees | CPU=14351.9972J, NET=0.0000J, TOTAL=14351.9973J, Remaining=24543.02J
[268.551] Task 534 served on STARLINK-4466 qlen_enqueue_cpu=1 qlen_enqueue_net=None time_in_queue=0.000
[534][GREEDY] STARLINK-4466 -> STARLINK-32442 | Tramission-time: 0.0019983295401868983
[534] Energy routing consumed by STARLINK-4466: 0.000000 J (remaining 24543.02)
[Task 535] Task eseguito su STARLINK-30517 59.95049637126248 degrees | CPU=6430.2529J, NET=0.0000J, TOTAL=6430.2530J, Remaining=30923.90J
[268.621] Task 535 served on STARLINK-30517 qlen_enqueue_cpu=1 qlen_enqueue_net=None time_in_queue=0.000
[MODE: BIDIRECTIONAL]
[534][GREEDY] CONSEGNATO! STARLINK-32442 -> OBS | Tramission-time: 1.9117268324306606e-11
[535][GREEDY] STARLINK-30517 -> STARLINK-11724 [DTC] | Tramission-time: 0.0020761656814765406
[535] Energy routing consumed by STARLINK-30517: 0.000000 J (remaining 30923.90)
[MODE: BIDIRECTIONAL]
[535][GREEDY] CONSEGNATO! STARLINK-11724 [DTC] -> OBS | Tramission-time: 1.884803018268531e-11
---> Task 536 (Type: Generic_Service) arriva in 269.13
--- [269.13] Task 536 using SearchNode Policy: v1_heuristic ---
[536] Filtro euristico: DTS-TMAX
[269.13] [Task 536] Routed STARLINK-11187 [DTC] -> STARLINK-5108 | E_NET=0.000004 J | Remaining=55209.58 J
[269.127] Task 536 enqueued on CPU STARLINK-5108 qlen_enqueue=1
[Task 536] Task eseguito su STARLINK-5108 69.06229153338293 degrees | CPU=3016.8999J, NET=0.0000J, TOTAL=3016.8999J, Remaining=32689.18J
[269.191] Task 536 served on STARLINK-5108 qlen_enqueue_cpu=1 qlen_enqueue_net=None time_in_queue=0.000
[536][GREEDY] STARLINK-5108 -> STARLINK-11724 [DTC] | Tramission-time: 0.0016824892257070038
[536] Energy routing consumed by STARLINK-5108: 0.000000 J (remaining 32689.18)
[MODE: BIDIRECTIONAL]
[536][GREEDY] CONSEGNATO! STARLINK-11724 [DTC] -> OBS | Tramission-time: 4.07982061867773e-12
---> Task 537 (Type: CPU_Intensive) arriva in 269.54
--- [269.54] Task 537 using SearchNode Policy: v1_heuristic ---
[537] Filtro euristico: DTS-TMAX
[269.54] [Task 537] Routed STARLINK-11187 [DTC] -> STARLINK-33881 | E_NET=0.000009 J | Remaining=55209.58 J
[Task 537] REJECTED on STARLINK-33881 due to: Insufficient Energy for CPU
---> Task 538 (Type: CPU_and_Data_Intensive) arriva in 269.69
--- [269.69] Task 538 using SearchNode Policy: v1_heuristic ---
[538] Filtro euristico: DTS-TMAX
[269.69] [Task 538] Routed STARLINK-11187 [DTC] -> STARLINK-33881 | E_NET=0.008672 J | Remaining=55209.57 J
[Task 538] REJECTED on STARLINK-33881 due to: Insufficient Energy for CPU+NET
----------------------------------------------------------------------
	||TIME IN SIMULATION : (seconds:270) (minutes: 4) ||

MODIFICA CONFIGURAZIONE IN CORSO...

Aggiornato il Tempo Globale:  2025-11-20 20:59:44
---> Task 539 (Type: Generic_Service) arriva in 270.29
--- [270.29] Task 539 using SearchNode Policy: v1_heuristic ---
[539] Filtro euristico: DTS-TMAX
[270.29] [Task 539] Routed STARLINK-11187 [DTC] -> STARLINK-33881 | E_NET=0.000025 J | Remaining=55209.57 J
[270.292] Task 539 enqueued on CPU STARLINK-33881 qlen_enqueue=1
---> Task 540 (Type: CPU_Intensive) arriva in 270.37
--- [270.37] Task 540 using SearchNode Policy: v1_heuristic ---
[540] Filtro euristico: DTS-TMAX
[270.37] [Task 540] Routed STARLINK-11187 [DTC] -> STARLINK-5108 | E_NET=0.000008 J | Remaining=55209.57 J
[Task 540] REJECTED on STARLINK-5108 due to: Insufficient Energy for CPU
[Task 539] Task eseguito su STARLINK-33881 54.11211810136634 degrees | CPU=6348.9455J, NET=0.0000J, TOTAL=6348.9456J, Remaining=26463.16J
[270.428] Task 539 served on STARLINK-33881 qlen_enqueue_cpu=1 qlen_enqueue_net=None time_in_queue=0.000
---> Task 541 (Type: CPU_Intensive) arriva in 270.45
--- [270.45] Task 541 using SearchNode Policy: v1_heuristic ---
[541] Filtro euristico: DTS-TMAX
[270.45] [Task 541] Routed STARLINK-11187 [DTC] -> STARLINK-5108 | E_NET=0.000011 J | Remaining=55209.57 J
[Task 541] REJECTED on STARLINK-5108 due to: Insufficient Energy for CPU
[539][GREEDY] STARLINK-33881 -> STARLINK-11724 [DTC] | Tramission-time: 0.0019935062076449016
[539] Energy routing consumed by STARLINK-33881: 0.000000 J (remaining 26463.16)
[MODE: BIDIRECTIONAL]
[539][GREEDY] CONSEGNATO! STARLINK-11724 [DTC] -> OBS | Tramission-time: 2.1569734463831187e-11
---> Task 542 (Type: Generic_Service) arriva in 270.85
--- [270.85] Task 542 using SearchNode Policy: v1_heuristic ---
[542] Filtro euristico: DTS-TMAX
[Task 542] Nessun server rimasto dopo i filtri (deadline/sunset).
[Task 542] REJECTED on STARLINK-11187 [DTC] due to: No suitable server found after deadline/sunset filters
---> Task 543 (Type: CPU_and_Data_Intensive) arriva in 270.86
--- [270.86] Task 543 using SearchNode Policy: v1_heuristic ---
[543] Filtro euristico: DTS-TMAX
[270.86] [Task 543] Routed STARLINK-11187 [DTC] -> STARLINK-5108 | E_NET=0.002088 J | Remaining=55209.57 J
[270.867] Task 543 enqueued on CPU STARLINK-5108 qlen_enqueue=1
---> Task 544 (Type: CPU_and_Data_Intensive) arriva in 271.00
--- [271.00] Task 544 using SearchNode Policy: v1_heuristic ---
[544] Filtro euristico: DTS-TMAX
[271.00] [Task 544] Routed STARLINK-11187 [DTC] -> STARLINK-30604 | E_NET=0.009447 J | Remaining=55209.56 J
[271.010] Task 544 enqueued on CPU STARLINK-30604 qlen_enqueue=1
[271.207] Task 543 enqueued on NET STARLINK-5108 qlen_enqueue_net=1
[Task 543] Task eseguito su STARLINK-5108 69.85061995300555 degrees | CPU=16225.2700J, NET=0.0024J, TOTAL=16225.2724J, Remaining=16463.91J
[271.209] Task 543 served on STARLINK-5108 qlen_enqueue_cpu=1 qlen_enqueue_net=1 time_in_queue=0.000
[543][GREEDY] STARLINK-5108 -> STARLINK-11724 [DTC] | Tramission-time: 0.0017198445792039213
[543] Energy routing consumed by STARLINK-5108: 0.000000 J (remaining 16463.91)
[MODE: BIDIRECTIONAL]
[543][GREEDY] CONSEGNATO! STARLINK-11724 [DTC] -> OBS | Tramission-time: 1.7179342286110888e-09
---> Task 545 (Type: Generic_Service) arriva in 271.33
--- [271.33] Task 545 using SearchNode Policy: v1_heuristic ---
[545] Filtro euristico: DTS-TMAX
[271.33] [Task 545] Routed STARLINK-11187 [DTC] -> STARLINK-30517 | E_NET=0.000029 J | Remaining=55209.56 J
[271.335] Task 545 enqueued on CPU STARLINK-30517 qlen_enqueue=1
[271.461] Task 544 enqueued on NET STARLINK-30604 qlen_enqueue_net=1
[Task 545] Task eseguito su STARLINK-30517 60.96570314334662 degrees | CPU=5949.9919J, NET=0.0000J, TOTAL=5949.9920J, Remaining=24973.91J
[271.462] Task 545 served on STARLINK-30517 qlen_enqueue_cpu=1 qlen_enqueue_net=None time_in_queue=0.000
[Task 544] Task eseguito su STARLINK-30604 61.28187011974463 degrees | CPU=21537.7853J, NET=0.0110J, TOTAL=21537.7963J, Remaining=10570.60J
[271.472] Task 544 served on STARLINK-30604 qlen_enqueue_cpu=1 qlen_enqueue_net=1 time_in_queue=0.000
[545][GREEDY] STARLINK-30517 -> STARLINK-11724 [DTC] | Tramission-time: 0.002088842064733608
[545] Energy routing consumed by STARLINK-30517: 0.000000 J (remaining 24973.91)
[544][GREEDY] STARLINK-30604 -> STARLINK-11724 [DTC] | Tramission-time: 0.0018478179153976454
[544] Energy routing consumed by STARLINK-30604: 0.000000 J (remaining 10570.60)
[MODE: BIDIRECTIONAL]
[545][GREEDY] CONSEGNATO! STARLINK-11724 [DTC] -> OBS | Tramission-time: 2.7948868194054094e-11
[MODE: BIDIRECTIONAL]
[544][GREEDY] CONSEGNATO! STARLINK-11724 [DTC] -> OBS | Tramission-time: 9.067010244227183e-09
---> Task 546 (Type: CPU_Intensive) arriva in 271.92
--- [271.92] Task 546 using SearchNode Policy: v1_heuristic ---
[546] Filtro euristico: DTS-TMAX
[271.92] [Task 546] Routed STARLINK-11187 [DTC] -> STARLINK-5794 | E_NET=0.000029 J | Remaining=55209.56 J
[271.920] Task 546 enqueued on CPU STARLINK-5794 qlen_enqueue=1
----------------------------------------------------------------------
	||TIME IN SIMULATION : (seconds:272) (minutes: 4) ||

MODIFICA CONFIGURAZIONE IN CORSO...

Aggiornato il Tempo Globale:  2025-11-20 20:59:46
[Task 546] Task eseguito su STARLINK-5794 73.43577994332922 degrees | CPU=6074.7594J, NET=0.0000J, TOTAL=6074.7595J, Remaining=24181.36J
[272.050] Task 546 served on STARLINK-5794 qlen_enqueue_cpu=1 qlen_enqueue_net=None time_in_queue=0.000
[546][GREEDY] STARLINK-5794 -> STARLINK-11724 [DTC] | Tramission-time: 0.0017801861333386101
[546] Energy routing consumed by STARLINK-5794: 0.000000 J (remaining 24181.36)
[MODE: BIDIRECTIONAL]
[546][GREEDY] CONSEGNATO! STARLINK-11724 [DTC] -> OBS | Tramission-time: 2.8560505082786278e-11
---> Task 547 (Type: CPU_and_Data_Intensive) arriva in 272.35
--- [272.35] Task 547 using SearchNode Policy: v1_heuristic ---
[547] Filtro euristico: DTS-TMAX
[Task 547] Nessun server rimasto dopo i filtri (deadline/sunset).
[Task 547] REJECTED on STARLINK-11187 [DTC] due to: No suitable server found after deadline/sunset filters
---> Task 548 (Type: CPU_and_Data_Intensive) arriva in 272.43
--- [272.43] Task 548 using SearchNode Policy: v1_heuristic ---
[548] Filtro euristico: DTS-TMAX
[272.43] [Task 548] Routed STARLINK-11187 [DTC] -> STARLINK-32442 | E_NET=0.005683 J | Remaining=55209.55 J
[272.437] Task 548 enqueued on CPU STARLINK-32442 qlen_enqueue=1
---> Task 549 (Type: Generic_Service) arriva in 272.49
--- [272.49] Task 549 using SearchNode Policy: v1_heuristic ---
[549] Filtro euristico: DTS-TMAX
[272.49] [Task 549] Routed STARLINK-11187 [DTC] -> STARLINK-31909 | E_NET=0.000013 J | Remaining=55209.55 J
[272.490] Task 549 enqueued on CPU STARLINK-31909 qlen_enqueue=1
[Task 549] Task eseguito su STARLINK-31909 42.521420215827916 degrees | CPU=792.8179J, NET=0.0000J, TOTAL=792.8179J, Remaining=27609.11J
[272.508] Task 549 served on STARLINK-31909 qlen_enqueue_cpu=1 qlen_enqueue_net=None time_in_queue=0.000
---> Task 550 (Type: Generic_Service) arriva in 272.53
--- [272.53] Task 550 using SearchNode Policy: v1_heuristic ---
[550] Filtro euristico: DTS-TMAX
[272.53] [Task 550] Routed STARLINK-11187 [DTC] -> STARLINK-4476 | E_NET=0.000015 J | Remaining=55209.55 J
[272.529] Task 550 enqueued on CPU STARLINK-4476 qlen_enqueue=1
[Task 550] Task eseguito su STARLINK-4476 54.113254882010665 degrees | CPU=3481.2244J, NET=0.0000J, TOTAL=3481.2245J, Remaining=24695.43J
[272.603] Task 550 served on STARLINK-4476 qlen_enqueue_cpu=1 qlen_enqueue_net=None time_in_queue=0.000
[550][GREEDY] STARLINK-4476 -> STARLINK-11724 [DTC] | Tramission-time: 0.0015082442124523376
[550] Energy routing consumed by STARLINK-4476: 0.000000 J (remaining 24695.43)
[MODE: BIDIRECTIONAL]
[550][GREEDY] CONSEGNATO! STARLINK-11724 [DTC] -> OBS | Tramission-time: 1.1642893931028486e-11
[549][GREEDY] STARLINK-31909 -> STARLINK-32442 | Tramission-time: 0.0015564090508975298
[549] Energy routing consumed by STARLINK-31909: 0.000000 J (remaining 27609.11)
[272.705] Task 548 enqueued on NET STARLINK-32442 qlen_enqueue_net=1
[MODE: BIDIRECTIONAL]
[549][GREEDY] CONSEGNATO! STARLINK-32442 -> OBS | Tramission-time: 1.1234450877775216e-11
[Task 548] Task eseguito su STARLINK-32442 72.51165494173839 degrees | CPU=12769.7972J, NET=0.0063J, TOTAL=12769.8035J, Remaining=16979.73J
[272.711] Task 548 served on STARLINK-32442 qlen_enqueue_cpu=1 qlen_enqueue_net=1 time_in_queue=0.000
[MODE: BIDIRECTIONAL]
[548][GREEDY] CONSEGNATO! STARLINK-32442 -> OBS | Tramission-time: 5.324580737680399e-09
---> Task 551 (Type: Generic_Service) arriva in 273.80
--- [273.80] Task 551 using SearchNode Policy: v1_heuristic ---
[551] Filtro euristico: DTS-TMAX
[Task 551] Nessun server rimasto dopo i filtri (deadline/sunset).
[Task 551] REJECTED on STARLINK-11187 [DTC] due to: No suitable server found after deadline/sunset filters
---> Task 552 (Type: Generic_Service) arriva in 273.89
--- [273.89] Task 552 using SearchNode Policy: v1_heuristic ---
[552] Filtro euristico: DTS-TMAX
[Task 552] Nessun server rimasto dopo i filtri (deadline/sunset).
[Task 552] REJECTED on STARLINK-11187 [DTC] due to: No suitable server found after deadline/sunset filters
----------------------------------------------------------------------
	||TIME IN SIMULATION : (seconds:274) (minutes: 4) ||

MODIFICA CONFIGURAZIONE IN CORSO...

Aggiornato il Tempo Globale:  2025-11-20 20:59:48
---> Task 553 (Type: Generic_Service) arriva in 274.41
--- [274.41] Task 553 using SearchNode Policy: v1_heuristic ---
[553] Filtro euristico: DTS-TMAX
[274.41] [Task 553] Routed STARLINK-11187 [DTC] -> STARLINK-31909 | E_NET=0.000011 J | Remaining=55209.55 J
[274.415] Task 553 enqueued on CPU STARLINK-31909 qlen_enqueue=1
[Task 553] Task eseguito su STARLINK-31909 43.366663276006825 degrees | CPU=1121.6288J, NET=0.0000J, TOTAL=1121.6289J, Remaining=26487.48J
[274.440] Task 553 served on STARLINK-31909 qlen_enqueue_cpu=1 qlen_enqueue_net=None time_in_queue=0.000
---> Task 554 (Type: Generic_Service) arriva in 274.46
--- [274.46] Task 554 using SearchNode Policy: v1_heuristic ---
[554] Filtro euristico: DTS-TMAX
[274.46] [Task 554] Routed STARLINK-11187 [DTC] -> STARLINK-31909 | E_NET=0.000026 J | Remaining=55209.55 J
[274.457] Task 554 enqueued on CPU STARLINK-31909 qlen_enqueue=1
[553][GREEDY] STARLINK-31909 -> STARLINK-32442 | Tramission-time: 0.0015654360379123676
[553] Energy routing consumed by STARLINK-31909: 0.000000 J (remaining 24098.12)
[Task 554] Task eseguito su STARLINK-31909 43.366663276006825 degrees | CPU=2389.3618J, NET=0.0000J, TOTAL=2389.3619J, Remaining=24098.12J
[274.510] Task 554 served on STARLINK-31909 qlen_enqueue_cpu=1 qlen_enqueue_net=None time_in_queue=0.000
[MODE: BIDIRECTIONAL]
[553][GREEDY] CONSEGNATO! STARLINK-32442 -> OBS | Tramission-time: 1.5013461953011123e-11
[554][GREEDY] STARLINK-31909 -> STARLINK-32442 | Tramission-time: 0.001565436052373873
[554] Energy routing consumed by STARLINK-31909: 0.000000 J (remaining 24098.12)
[MODE: BIDIRECTIONAL]
[554][GREEDY] CONSEGNATO! STARLINK-32442 -> OBS | Tramission-time: 3.464735245423626e-11
---> Task 555 (Type: Generic_Service) arriva in 275.23
--- [275.23] Task 555 using SearchNode Policy: v1_heuristic ---
[555] Filtro euristico: DTS-TMAX
[275.23] [Task 555] Routed STARLINK-11187 [DTC] -> STARLINK-33881 | E_NET=0.000022 J | Remaining=55209.55 J
[275.227] Task 555 enqueued on CPU STARLINK-33881 qlen_enqueue=1
[Task 555] Task eseguito su STARLINK-33881 56.41830588266636 degrees | CPU=1424.9440J, NET=0.0000J, TOTAL=1424.9440J, Remaining=25038.21J
[275.259] Task 555 served on STARLINK-33881 qlen_enqueue_cpu=1 qlen_enqueue_net=None time_in_queue=0.000
[555][GREEDY] STARLINK-33881 -> STARLINK-11724 [DTC] | Tramission-time: 0.002019918876070303
[555] Energy routing consumed by STARLINK-33881: 0.000000 J (remaining 25038.21)
[MODE: BIDIRECTIONAL]
[555][GREEDY] CONSEGNATO! STARLINK-11724 [DTC] -> OBS | Tramission-time: 2.1839766590571585e-11
---> Task 556 (Type: CPU_Intensive) arriva in 275.61
--- [275.61] Task 556 using SearchNode Policy: v1_heuristic ---
[556] Filtro euristico: DTS-TMAX
[275.61] [Task 556] Routed STARLINK-11187 [DTC] -> STARLINK-2647 | E_NET=0.000014 J | Remaining=55209.55 J
[275.607] Task 556 enqueued on CPU STARLINK-2647 qlen_enqueue=1
---> Task 557 (Type: CPU_and_Data_Intensive) arriva in 275.97
--- [275.97] Task 557 using SearchNode Policy: v1_heuristic ---
[557] Filtro euristico: DTS-TMAX
[275.97] [Task 557] Routed STARLINK-11187 [DTC] -> STARLINK-33881 | E_NET=0.005125 J | Remaining=55209.55 J
[275.975] Task 557 enqueued on CPU STARLINK-33881 qlen_enqueue=1
----------------------------------------------------------------------
	||TIME IN SIMULATION : (seconds:276) (minutes: 4) ||

MODIFICA CONFIGURAZIONE IN CORSO...

Aggiornato il Tempo Globale:  2025-11-20 20:59:50
[276.056] Task 557 enqueued on NET STARLINK-33881 qlen_enqueue_net=1
[Task 557] Task eseguito su STARLINK-33881 57.60442335565451 degrees | CPU=3851.5854J, NET=0.0074J, TOTAL=3851.5928J, Remaining=21186.62J
[276.063] Task 557 served on STARLINK-33881 qlen_enqueue_cpu=1 qlen_enqueue_net=1 time_in_queue=0.000
[Task 556] Task eseguito su STARLINK-2647 84.3597169998205 degrees | CPU=23612.5127J, NET=0.0000J, TOTAL=23612.5127J, Remaining=1692.31J
[276.104] Task 556 served on STARLINK-2647 qlen_enqueue_cpu=1 qlen_enqueue_net=None time_in_queue=0.000
[MODE: BIDIRECTIONAL]
[556][GREEDY] CONSEGNATO! STARLINK-2647 -> OBS | Tramission-time: 1.7153490456227262e-11
[557][GREEDY] STARLINK-33881 -> STARLINK-11724 [DTC] | Tramission-time: 0.002033371396967477
[557] Energy routing consumed by STARLINK-33881: 0.000000 J (remaining 21186.62)
[MODE: BIDIRECTIONAL]
[557][GREEDY] CONSEGNATO! STARLINK-11724 [DTC] -> OBS | Tramission-time: 5.736383244252963e-09
---> Task 558 (Type: CPU_and_Data_Intensive) arriva in 276.80
--- [276.80] Task 558 using SearchNode Policy: v1_heuristic ---
[558] Filtro euristico: DTS-TMAX
[276.80] [Task 558] Routed STARLINK-11187 [DTC] -> STARLINK-30517 | E_NET=0.004373 J | Remaining=55209.54 J
[276.806] Task 558 enqueued on CPU STARLINK-30517 qlen_enqueue=1
---> Task 559 (Type: CPU_and_Data_Intensive) arriva in 276.93
--- [276.93] Task 559 using SearchNode Policy: v1_heuristic ---
[559] Filtro euristico: DTS-TMAX
[276.93] [Task 559] Routed STARLINK-11187 [DTC] -> STARLINK-5794 | E_NET=0.002672 J | Remaining=55209.54 J
[Task 559] REJECTED on STARLINK-5794 due to: Insufficient Energy for CPU+NET
[277.275] Task 558 enqueued on NET STARLINK-30517 qlen_enqueue_net=1
[Task 558] Task eseguito su STARLINK-30517 64.02754973149351 degrees | CPU=22350.3614J, NET=0.0055J, TOTAL=22350.3670J, Remaining=2623.54J
[277.280] Task 558 served on STARLINK-30517 qlen_enqueue_cpu=1 qlen_enqueue_net=1 time_in_queue=0.000
[558][GREEDY] STARLINK-30517 -> STARLINK-11724 [DTC] | Tramission-time: 0.0021273356587017227
[558] Energy routing consumed by STARLINK-30517: 0.000000 J (remaining 2623.54)
[MODE: BIDIRECTIONAL]
[558][GREEDY] CONSEGNATO! STARLINK-11724 [DTC] -> OBS | Tramission-time: 4.510843957197787e-09
---> Task 560 (Type: CPU_Intensive) arriva in 277.86
--- [277.86] Task 560 using SearchNode Policy: v1_heuristic ---
[560] Filtro euristico: DTS-TMAX
[277.86] [Task 560] Routed STARLINK-11187 [DTC] -> STARLINK-4466 | E_NET=0.000027 J | Remaining=55209.54 J
[277.857] Task 560 enqueued on CPU STARLINK-4466 qlen_enqueue=1
----------------------------------------------------------------------
	||TIME IN SIMULATION : (seconds:278) (minutes: 4) ||

MODIFICA CONFIGURAZIONE IN CORSO...

Aggiornato il Tempo Globale:  2025-11-20 20:59:52
[Task 560] Task eseguito su STARLINK-4466 55.75805214932228 degrees | CPU=8050.1616J, NET=0.0000J, TOTAL=8050.1616J, Remaining=16492.86J
[278.028] Task 560 served on STARLINK-4466 qlen_enqueue_cpu=1 qlen_enqueue_net=None time_in_queue=0.000
[560][GREEDY] STARLINK-4466 -> STARLINK-32442 | Tramission-time: 0.0017684991882181448
[560] Energy routing consumed by STARLINK-4466: 0.000000 J (remaining 16492.86)
---> Task 561 (Type: Generic_Service) arriva in 278.16
--- [278.16] Task 561 using SearchNode Policy: v1_heuristic ---
[561] Filtro euristico: DTS-TMAX
[278.16] [Task 561] Routed STARLINK-11187 [DTC] -> STARLINK-5794 | E_NET=0.000019 J | Remaining=55209.54 J
[278.157] Task 561 enqueued on CPU STARLINK-5794 qlen_enqueue=1
[Task 561] Task eseguito su STARLINK-5794 76.67554399163976 degrees | CPU=2171.8013J, NET=0.0000J, TOTAL=2171.8014J, Remaining=22009.56J
[278.204] Task 561 served on STARLINK-5794 qlen_enqueue_cpu=1 qlen_enqueue_net=None time_in_queue=0.000
[561][GREEDY] STARLINK-5794 -> STARLINK-32442 | Tramission-time: 0.0008556425560062832
[561] Energy routing consumed by STARLINK-5794: 0.000000 J (remaining 22009.56)
[MODE: BIDIRECTIONAL]
[560][GREEDY] CONSEGNATO! STARLINK-32442 -> OBS | Tramission-time: 3.2999601024848174e-11
[MODE: BIDIRECTIONAL]
[561][GREEDY] CONSEGNATO! STARLINK-32442 -> OBS | Tramission-time: 2.0637359614287484e-11
---> Task 562 (Type: CPU_Intensive) arriva in 278.37
--- [278.37] Task 562 using SearchNode Policy: v1_heuristic ---
[562] Filtro euristico: DTS-TMAX
[278.37] [Task 562] Routed STARLINK-11187 [DTC] -> STARLINK-31909 | E_NET=0.000014 J | Remaining=55209.54 J
[278.367] Task 562 enqueued on CPU STARLINK-31909 qlen_enqueue=1
[Task 562] Task eseguito su STARLINK-31909 45.11556350703588 degrees | CPU=12162.8150J, NET=0.0000J, TOTAL=12162.8150J, Remaining=11935.31J
[278.624] Task 562 served on STARLINK-31909 qlen_enqueue_cpu=1 qlen_enqueue_net=None time_in_queue=0.000
[562][GREEDY] STARLINK-31909 -> STARLINK-32442 | Tramission-time: 0.001585344740335147
[562] Energy routing consumed by STARLINK-31909: 0.000000 J (remaining 11935.31)
[MODE: BIDIRECTIONAL]
[562][GREEDY] CONSEGNATO! STARLINK-32442 -> OBS | Tramission-time: 1.4015507441714625e-11
---> Task 563 (Type: Generic_Service) arriva in 279.01
--- [279.01] Task 563 using SearchNode Policy: v1_heuristic ---
[563] Filtro euristico: DTS-TMAX
[279.01] [Task 563] Routed STARLINK-11187 [DTC] -> STARLINK-5794 | E_NET=0.000011 J | Remaining=55209.54 J
[279.014] Task 563 enqueued on CPU STARLINK-5794 qlen_enqueue=1
[Task 563] Task eseguito su STARLINK-5794 76.67554399163976 degrees | CPU=822.9440J, NET=0.0000J, TOTAL=822.9440J, Remaining=21186.62J
[279.033] Task 563 served on STARLINK-5794 qlen_enqueue_cpu=1 qlen_enqueue_net=None time_in_queue=0.000
[563][GREEDY] STARLINK-5794 -> STARLINK-32442 | Tramission-time: 0.0008556425491093556
[563] Energy routing consumed by STARLINK-5794: 0.000000 J (remaining 21186.62)
[MODE: BIDIRECTIONAL]
[563][GREEDY] CONSEGNATO! STARLINK-32442 -> OBS | Tramission-time: 1.3334515940502555e-11
---> Task 564 (Type: CPU_and_Data_Intensive) arriva in 279.21
--- [279.21] Task 564 using SearchNode Policy: v1_heuristic ---
[564] Filtro euristico: DTS-TMAX
[279.21] [Task 564] Routed STARLINK-11187 [DTC] -> STARLINK-33881 | E_NET=0.002466 J | Remaining=55209.54 J
[279.211] Task 564 enqueued on CPU STARLINK-33881 qlen_enqueue=1
[279.331] Task 564 enqueued on NET STARLINK-33881 qlen_enqueue_net=1
[Task 564] Task eseguito su STARLINK-33881 58.81114869005989 degrees | CPU=5699.6098J, NET=0.0027J, TOTAL=5699.6125J, Remaining=15487.01J
[279.333] Task 564 served on STARLINK-33881 qlen_enqueue_cpu=1 qlen_enqueue_net=1 time_in_queue=0.000
---> Task 565 (Type: Generic_Service) arriva in 279.41
--- [279.41] Task 565 using SearchNode Policy: v1_heuristic ---
[565] Filtro euristico: DTS-TMAX
[Task 565] Nessun server rimasto dopo i filtri (deadline/sunset).
[Task 565] REJECTED on STARLINK-11187 [DTC] due to: No suitable server found after deadline/sunset filters
[564][GREEDY] STARLINK-33881 -> STARLINK-32442 | Tramission-time: 0.0009846846061634866
[564] Energy routing consumed by STARLINK-33881: 0.000000 J (remaining 15487.01)
[MODE: BIDIRECTIONAL]
[564][GREEDY] CONSEGNATO! STARLINK-32442 -> OBS | Tramission-time: 2.1423280505794965e-09
----------------------------------------------------------------------
	||TIME IN SIMULATION : (seconds:280) (minutes: 4) ||

MODIFICA CONFIGURAZIONE IN CORSO...

Aggiornato il Tempo Globale:  2025-11-20 20:59:54
---> Task 566 (Type: Generic_Service) arriva in 280.74
--- [280.74] Task 566 using SearchNode Policy: v1_heuristic ---
[566] Filtro euristico: DTS-TMAX
[280.74] [Task 566] Routed STARLINK-11187 [DTC] -> STARLINK-5794 | E_NET=0.000020 J | Remaining=55209.54 J
[280.745] Task 566 enqueued on CPU STARLINK-5794 qlen_enqueue=1
[Task 566] Task eseguito su STARLINK-5794 77.64504975383538 degrees | CPU=682.9483J, NET=0.0000J, TOTAL=682.9484J, Remaining=20503.67J
[280.761] Task 566 served on STARLINK-5794 qlen_enqueue_cpu=1 qlen_enqueue_net=None time_in_queue=0.000
[566][GREEDY] STARLINK-5794 -> STARLINK-32442 | Tramission-time: 0.0008793464945713845
[566] Energy routing consumed by STARLINK-5794: 0.000000 J (remaining 20503.67)
[MODE: BIDIRECTIONAL]
[566][GREEDY] CONSEGNATO! STARLINK-32442 -> OBS | Tramission-time: 1.3743074586432871e-11
---> Task 567 (Type: CPU_Intensive) arriva in 280.89
--- [280.89] Task 567 using SearchNode Policy: v1_heuristic ---
[567] Filtro euristico: DTS-TMAX
[280.89] [Task 567] Routed STARLINK-11187 [DTC] -> STARLINK-5794 | E_NET=0.000040 J | Remaining=55209.54 J
[280.887] Task 567 enqueued on CPU STARLINK-5794 qlen_enqueue=1
[Task 567] Task eseguito su STARLINK-5794 77.64504975383538 degrees | CPU=1550.8680J, NET=0.0000J, TOTAL=1550.8680J, Remaining=18952.80J
[280.922] Task 567 served on STARLINK-5794 qlen_enqueue_cpu=1 qlen_enqueue_net=None time_in_queue=0.000
[567][GREEDY] STARLINK-5794 -> STARLINK-32442 | Tramission-time: 0.0008793465066130123
[567] Energy routing consumed by STARLINK-5794: 0.000000 J (remaining 18952.80)
[MODE: BIDIRECTIONAL]
[567][GREEDY] CONSEGNATO! STARLINK-32442 -> OBS | Tramission-time: 3.0994541845255684e-11
----------------------------------------------------------------------
	||TIME IN SIMULATION : (seconds:282) (minutes: 4) ||

MODIFICA CONFIGURAZIONE IN CORSO...

Aggiornato il Tempo Globale:  2025-11-20 20:59:56
---> Task 568 (Type: CPU_and_Data_Intensive) arriva in 282.08
--- [282.08] Task 568 using SearchNode Policy: v1_heuristic ---
[568] Filtro euristico: DTS-TMAX
[Task 568] Nessun server rimasto dopo i filtri (deadline/sunset).
[Task 568] REJECTED on STARLINK-11187 [DTC] due to: No suitable server found after deadline/sunset filters
---> Task 569 (Type: Generic_Service) arriva in 282.41
--- [282.41] Task 569 using SearchNode Policy: v1_heuristic ---
[569] Filtro euristico: DTS-TMAX
[282.41] [Task 569] Routed STARLINK-11187 [DTC] -> STARLINK-5794 | E_NET=0.000025 J | Remaining=55209.54 J
[282.408] Task 569 enqueued on CPU STARLINK-5794 qlen_enqueue=1
[Task 569] Task eseguito su STARLINK-5794 78.52711231563663 degrees | CPU=1819.5622J, NET=0.0000J, TOTAL=1819.5622J, Remaining=17133.24J
[282.449] Task 569 served on STARLINK-5794 qlen_enqueue_cpu=1 qlen_enqueue_net=None time_in_queue=0.000
[569][GREEDY] STARLINK-5794 -> STARLINK-32442 | Tramission-time: 0.0009032506845768984
[569] Energy routing consumed by STARLINK-5794: 0.000000 J (remaining 17133.24)
[MODE: BIDIRECTIONAL]
[569][GREEDY] CONSEGNATO! STARLINK-32442 -> OBS | Tramission-time: 2.536413825173476e-11
---> Task 570 (Type: CPU_Intensive) arriva in 282.93
--- [282.93] Task 570 using SearchNode Policy: v1_heuristic ---
[570] Filtro euristico: DTS-TMAX
[282.93] [Task 570] Routed STARLINK-11187 [DTC] -> STARLINK-5794 | E_NET=0.000005 J | Remaining=55209.54 J
[282.928] Task 570 enqueued on CPU STARLINK-5794 qlen_enqueue=1
[Task 570] Task eseguito su STARLINK-5794 78.52711231563663 degrees | CPU=2519.5315J, NET=0.0000J, TOTAL=2519.5315J, Remaining=14613.71J
[282.981] Task 570 served on STARLINK-5794 qlen_enqueue_cpu=1 qlen_enqueue_net=None time_in_queue=0.000
[570][GREEDY] STARLINK-5794 -> STARLINK-32442 | Tramission-time: 0.000903250662005068
[570] Energy routing consumed by STARLINK-5794: 0.000000 J (remaining 14613.71)
[MODE: BIDIRECTIONAL]
[570][GREEDY] CONSEGNATO! STARLINK-32442 -> OBS | Tramission-time: 5.91883822988363e-12
---> Task 571 (Type: CPU_Intensive) arriva in 283.15
--- [283.15] Task 571 using SearchNode Policy: v1_heuristic ---
[571] Filtro euristico: DTS-TMAX
[283.15] [Task 571] Routed STARLINK-11187 [DTC] -> STARLINK-32442 | E_NET=0.000009 J | Remaining=55209.54 J
[Task 571] REJECTED on STARLINK-32442 due to: Insufficient Energy for CPU
----------------------------------------------------------------------
	||TIME IN SIMULATION : (seconds:284) (minutes: 4) ||

MODIFICA CONFIGURAZIONE IN CORSO...

Aggiornato il Tempo Globale:  2025-11-20 20:59:58
---> Task 572 (Type: CPU_Intensive) arriva in 284.11
--- [284.11] Task 572 using SearchNode Policy: v1_heuristic ---
[572] Filtro euristico: DTS-TMAX
[284.11] [Task 572] Routed STARLINK-11187 [DTC] -> STARLINK-32442 | E_NET=0.000020 J | Remaining=55209.54 J
[284.110] Task 572 enqueued on CPU STARLINK-32442 qlen_enqueue=1
---> Task 573 (Type: CPU_Intensive) arriva in 284.11
--- [284.11] Task 573 using SearchNode Policy: v1_heuristic ---
[573] Filtro euristico: DTS-TMAX
[284.11] [Task 573] Routed STARLINK-11187 [DTC] -> STARLINK-5108 | E_NET=0.000030 J | Remaining=55209.54 J
[Task 573] REJECTED on STARLINK-5108 due to: Insufficient Energy for CPU
[Task 572] Task eseguito su STARLINK-32442 70.39958475466997 degrees | CPU=9844.7817J, NET=0.0000J, TOTAL=9844.7817J, Remaining=7134.94J
[284.318] Task 572 served on STARLINK-32442 qlen_enqueue_cpu=1 qlen_enqueue_net=None time_in_queue=0.000
[MODE: BIDIRECTIONAL]
[572][GREEDY] CONSEGNATO! STARLINK-32442 -> OBS | Tramission-time: 2.3116285933411196e-11
---> Task 574 (Type: CPU_and_Data_Intensive) arriva in 284.55
--- [284.55] Task 574 using SearchNode Policy: v1_heuristic ---
[574] Filtro euristico: DTS-TMAX
[284.55] [Task 574] Routed STARLINK-11187 [DTC] -> STARLINK-5108 | E_NET=0.007917 J | Remaining=55209.53 J
[Task 574] REJECTED on STARLINK-5108 due to: Insufficient Energy for CPU+NET
---> Task 575 (Type: CPU_Intensive) arriva in 284.98
--- [284.98] Task 575 using SearchNode Policy: v1_heuristic ---
[575] Filtro euristico: DTS-TMAX
[284.98] [Task 575] Routed STARLINK-11187 [DTC] -> STARLINK-4466 | E_NET=0.000020 J | Remaining=55209.53 J
[284.979] Task 575 enqueued on CPU STARLINK-4466 qlen_enqueue=1
[Task 575] Task eseguito su STARLINK-4466 58.23636687341697 degrees | CPU=7282.5849J, NET=0.0000J, TOTAL=7282.5849J, Remaining=9210.28J
[285.133] Task 575 served on STARLINK-4466 qlen_enqueue_cpu=1 qlen_enqueue_net=None time_in_queue=0.000
[575][GREEDY] STARLINK-4466 -> STARLINK-32442 | Tramission-time: 0.0016337901929713574
[575] Energy routing consumed by STARLINK-4466: 0.000000 J (remaining 9210.28)
[MODE: BIDIRECTIONAL]
[575][GREEDY] CONSEGNATO! STARLINK-32442 -> OBS | Tramission-time: 1.7204915095060455e-11
---> Task 576 (Type: CPU_and_Data_Intensive) arriva in 285.86
--- [285.86] Task 576 using SearchNode Policy: v1_heuristic ---
[576] Filtro euristico: DTS-TMAX
[285.86] [Task 576] Routed STARLINK-11187 [DTC] -> STARLINK-5108 | E_NET=0.000407 J | Remaining=55209.53 J
[285.857] Task 576 enqueued on CPU STARLINK-5108 qlen_enqueue=1
[285.906] Task 576 enqueued on NET STARLINK-5108 qlen_enqueue_net=1
[Task 576] Task eseguito su STARLINK-5108 72.97958135340227 degrees | CPU=2329.0191J, NET=0.0005J, TOTAL=2329.0196J, Remaining=14134.89J
[285.907] Task 576 served on STARLINK-5108 qlen_enqueue_cpu=1 qlen_enqueue_net=1 time_in_queue=0.000
[576][GREEDY] STARLINK-5108 -> STARLINK-32442 | Tramission-time: 0.0010322917841352054
[576] Energy routing consumed by STARLINK-5108: 0.000000 J (remaining 14134.89)
[MODE: BIDIRECTIONAL]
[576][GREEDY] CONSEGNATO! STARLINK-32442 -> OBS | Tramission-time: 3.4967881540381005e-10
---> Task 577 (Type: CPU_Intensive) arriva in 285.95
--- [285.95] Task 577 using SearchNode Policy: v1_heuristic ---
[577] Filtro euristico: DTS-TMAX
[285.95] [Task 577] Routed STARLINK-11187 [DTC] -> STARLINK-33881 | E_NET=0.000010 J | Remaining=55209.53 J
[285.955] Task 577 enqueued on CPU STARLINK-33881 qlen_enqueue=1
----------------------------------------------------------------------
	||TIME IN SIMULATION : (seconds:286) (minutes: 4) ||

MODIFICA CONFIGURAZIONE IN CORSO...

Aggiornato il Tempo Globale:  2025-11-20 21:00:00
[Task 577] Task eseguito su STARLINK-33881 63.80899323549759 degrees | CPU=5000.0273J, NET=0.0000J, TOTAL=5000.0274J, Remaining=10486.98J
[286.061] Task 577 served on STARLINK-33881 qlen_enqueue_cpu=1 qlen_enqueue_net=None time_in_queue=0.000
[MODE: BIDIRECTIONAL]
[577][GREEDY] CONSEGNATO! STARLINK-33881 -> OBS | Tramission-time: 1.1132556642407777e-11
---> Task 578 (Type: CPU_and_Data_Intensive) arriva in 286.19
--- [286.19] Task 578 using SearchNode Policy: v1_heuristic ---
[578] Filtro euristico: DTS-TMAX
[286.19] [Task 578] Routed STARLINK-11187 [DTC] -> STARLINK-5794 | E_NET=0.000238 J | Remaining=55209.53 J
[286.189] Task 578 enqueued on CPU STARLINK-5794 qlen_enqueue=1
[286.383] Task 578 enqueued on NET STARLINK-5794 qlen_enqueue_net=1
[Task 578] Task eseguito su STARLINK-5794 79.92149159975541 degrees | CPU=9250.6108J, NET=0.0002J, TOTAL=9250.6110J, Remaining=5363.10J
[286.384] Task 578 served on STARLINK-5794 qlen_enqueue_cpu=1 qlen_enqueue_net=1 time_in_queue=0.000
[578][GREEDY] STARLINK-5794 -> STARLINK-32442 | Tramission-time: 0.0009515976800536022
[578] Energy routing consumed by STARLINK-5794: 0.000000 J (remaining 5363.10)
[MODE: BIDIRECTIONAL]
[578][GREEDY] CONSEGNATO! STARLINK-32442 -> OBS | Tramission-time: 1.9912691743959972e-10
---> Task 579 (Type: CPU_and_Data_Intensive) arriva in 286.65
--- [286.65] Task 579 using SearchNode Policy: v1_heuristic ---
[579] Filtro euristico: DTS-TMAX
[286.65] [Task 579] Routed STARLINK-11187 [DTC] -> STARLINK-5108 | E_NET=0.004832 J | Remaining=55209.52 J
[Task 579] REJECTED on STARLINK-5108 due to: Insufficient Energy for CPU+NET
---> Task 580 (Type: CPU_Intensive) arriva in 287.03
--- [287.03] Task 580 using SearchNode Policy: v1_heuristic ---
[580] Filtro euristico: DTS-TMAX
[287.03] [Task 580] Routed STARLINK-11187 [DTC] -> STARLINK-5108 | E_NET=0.000022 J | Remaining=55209.52 J
[287.034] Task 580 enqueued on CPU STARLINK-5108 qlen_enqueue=1
[Task 580] Task eseguito su STARLINK-5108 72.97793388763033 degrees | CPU=1776.7693J, NET=0.0000J, TOTAL=1776.7694J, Remaining=12358.12J
[287.074] Task 580 served on STARLINK-5108 qlen_enqueue_cpu=1 qlen_enqueue_net=None time_in_queue=0.000
[580][GREEDY] STARLINK-5108 -> STARLINK-32442 | Tramission-time: 0.0010897259557134254
[580] Energy routing consumed by STARLINK-5108: 0.000000 J (remaining 12358.12)
[MODE: BIDIRECTIONAL]
[580][GREEDY] CONSEGNATO! STARLINK-32442 -> OBS | Tramission-time: 2.2393696223060895e-11
----------------------------------------------------------------------
	||TIME IN SIMULATION : (seconds:288) (minutes: 4) ||

MODIFICA CONFIGURAZIONE IN CORSO...

Aggiornato il Tempo Globale:  2025-11-20 21:00:02
---> Task 581 (Type: CPU_and_Data_Intensive) arriva in 288.98
--- [288.98] Task 581 using SearchNode Policy: v1_heuristic ---
[581] Filtro euristico: DTS-TMAX
[288.98] [Task 581] Routed STARLINK-11187 [DTC] -> STARLINK-30977 | E_NET=0.000319 J | Remaining=55209.52 J
[Task 581] REJECTED on STARLINK-30977 due to: Insufficient Energy for CPU+NET
---> Task 582 (Type: Generic_Service) arriva in 289.44
--- [289.44] Task 582 using SearchNode Policy: v1_heuristic ---
[582] Filtro euristico: DTS-TMAX
[289.44] [Task 582] Routed STARLINK-11187 [DTC] -> STARLINK-30977 | E_NET=0.000011 J | Remaining=55209.52 J
[289.446] Task 582 enqueued on CPU STARLINK-30977 qlen_enqueue=1
[Task 582] Task eseguito su STARLINK-30977 40.72595234426621 degrees | CPU=2241.8459J, NET=0.0000J, TOTAL=2241.8459J, Remaining=77758.15J
[289.494] Task 582 served on STARLINK-30977 qlen_enqueue_cpu=1 qlen_enqueue_net=None time_in_queue=0.000
[582][GREEDY] STARLINK-30977 -> STARLINK-32442 | Tramission-time: 0.0021650681671786694
[582] Energy routing consumed by STARLINK-30977: 0.000000 J (remaining 77758.15)
[MODE: BIDIRECTIONAL]
[582][GREEDY] CONSEGNATO! STARLINK-32442 -> OBS | Tramission-time: 1.1824632849668989e-11
---> Task 583 (Type: CPU_Intensive) arriva in 289.76
--- [289.76] Task 583 using SearchNode Policy: v1_heuristic ---
[583] Filtro euristico: DTS-TMAX
[289.76] [Task 583] Routed STARLINK-11187 [DTC] -> STARLINK-30977 | E_NET=0.000024 J | Remaining=55209.52 J
[289.763] Task 583 enqueued on CPU STARLINK-30977 qlen_enqueue=1
----------------------------------------------------------------------
	||TIME IN SIMULATION : (seconds:290) (minutes: 4) ||

MODIFICA CONFIGURAZIONE IN CORSO...

Aggiornato il Tempo Globale:  2025-11-20 21:00:04
[Task 583] Task eseguito su STARLINK-30977 41.43850562327097 degrees | CPU=11619.4953J, NET=0.0000J, TOTAL=11619.4953J, Remaining=66138.66J
[290.009] Task 583 served on STARLINK-30977 qlen_enqueue_cpu=1 qlen_enqueue_net=None time_in_queue=0.000
[583][GREEDY] STARLINK-30977 -> STARLINK-32442 | Tramission-time: 0.0021637413301149847
[583] Energy routing consumed by STARLINK-30977: 0.000000 J (remaining 66138.66)
[MODE: BIDIRECTIONAL]
[583][GREEDY] CONSEGNATO! STARLINK-32442 -> OBS | Tramission-time: 2.5522437673188725e-11
---> Task 584 (Type: Generic_Service) arriva in 290.62
--- [290.62] Task 584 using SearchNode Policy: v1_heuristic ---
[584] Filtro euristico: DTS-TMAX
[290.62] [Task 584] Routed STARLINK-11187 [DTC] -> STARLINK-33840 | E_NET=0.000030 J | Remaining=55209.52 J
[290.620] Task 584 enqueued on CPU STARLINK-33840 qlen_enqueue=1
[Task 584] Task eseguito su STARLINK-33840 40.84756912069317 degrees | CPU=2024.5647J, NET=0.0000J, TOTAL=2024.5647J, Remaining=77975.44J
[290.665] Task 584 served on STARLINK-33840 qlen_enqueue_cpu=1 qlen_enqueue_net=None time_in_queue=0.000
---> Task 585 (Type: CPU_Intensive) arriva in 290.71
--- [290.71] Task 585 using SearchNode Policy: v1_heuristic ---
[585] Filtro euristico: DTS-TMAX
[290.71] [Task 585] Routed STARLINK-11187 [DTC] -> STARLINK-33840 | E_NET=0.000012 J | Remaining=55209.52 J
[290.712] Task 585 enqueued on CPU STARLINK-33840 qlen_enqueue=1
[584][GREEDY] STARLINK-33840 -> STARLINK-32442 | Tramission-time: 0.0020648072273104353
[584] Energy routing consumed by STARLINK-33840: 0.000000 J (remaining 77975.44)
[Task 585] Task eseguito su STARLINK-33840 40.84756912069317 degrees | CPU=4633.4320J, NET=0.0000J, TOTAL=4633.4320J, Remaining=73342.00J
[290.810] Task 585 served on STARLINK-33840 qlen_enqueue_cpu=1 qlen_enqueue_net=None time_in_queue=0.000
[MODE: BIDIRECTIONAL]
[584][GREEDY] CONSEGNATO! STARLINK-32442 -> OBS | Tramission-time: 3.007560768791188e-11
[585][GREEDY] STARLINK-33840 -> STARLINK-32442 | Tramission-time: 0.0020648072128318187
[585] Energy routing consumed by STARLINK-33840: 0.000000 J (remaining 73342.00)
[MODE: BIDIRECTIONAL]
[585][GREEDY] CONSEGNATO! STARLINK-32442 -> OBS | Tramission-time: 1.2120807471592127e-11
---> Task 586 (Type: CPU_and_Data_Intensive) arriva in 291.37
--- [291.37] Task 586 using SearchNode Policy: v1_heuristic ---
[586] Filtro euristico: DTS-TMAX
[291.37] [Task 586] Routed STARLINK-11187 [DTC] -> STARLINK-33840 | E_NET=0.000083 J | Remaining=55209.52 J
[291.369] Task 586 enqueued on CPU STARLINK-33840 qlen_enqueue=1
[291.477] Task 586 enqueued on NET STARLINK-33840 qlen_enqueue_net=1
[Task 586] Task eseguito su STARLINK-33840 40.84756912069317 degrees | CPU=5139.7190J, NET=0.0001J, TOTAL=5139.7191J, Remaining=68202.28J
[291.477] Task 586 served on STARLINK-33840 qlen_enqueue_cpu=1 qlen_enqueue_net=1 time_in_queue=0.000
[586][GREEDY] STARLINK-33840 -> STARLINK-32442 | Tramission-time: 0.00206480728190565
[586] Energy routing consumed by STARLINK-33840: 0.000000 J (remaining 68202.28)
[MODE: BIDIRECTIONAL]
[586][GREEDY] CONSEGNATO! STARLINK-32442 -> OBS | Tramission-time: 9.505618267679897e-11
----------------------------------------------------------------------
	||TIME IN SIMULATION : (seconds:292) (minutes: 4) ||

MODIFICA CONFIGURAZIONE IN CORSO...

Aggiornato il Tempo Globale:  2025-11-20 21:00:06
---> Task 587 (Type: CPU_and_Data_Intensive) arriva in 292.76
--- [292.76] Task 587 using SearchNode Policy: v1_heuristic ---
[587] Filtro euristico: DTS-TMAX
[292.76] [Task 587] Routed STARLINK-5108 -> STARLINK-35185 | E_NET=0.007193 J | Remaining=12358.11 J
[292.769] Task 587 enqueued on CPU STARLINK-35185 qlen_enqueue=1
---> Task 588 (Type: CPU_Intensive) arriva in 292.93
--- [292.93] Task 588 using SearchNode Policy: v1_heuristic ---
[588] Filtro euristico: DTS-TMAX
[292.93] [Task 588] Routed STARLINK-5108 -> STARLINK-5123 | E_NET=0.000010 J | Remaining=12358.11 J
[292.931] Task 588 enqueued on CPU STARLINK-5123 qlen_enqueue=1
[Task 588] Task eseguito su STARLINK-5123 45.70930868612506 degrees | CPU=15723.2122J, NET=0.0000J, TOTAL=15723.2122J, Remaining=64276.79J
[293.261] Task 588 served on STARLINK-5123 qlen_enqueue_cpu=1 qlen_enqueue_net=None time_in_queue=0.000
---> Task 589 (Type: Generic_Service) arriva in 293.30
--- [293.30] Task 589 using SearchNode Policy: v1_heuristic ---
[589] Filtro euristico: DTS-TMAX
[293.30] [Task 589] Routed STARLINK-5108 -> STARLINK-31064 | E_NET=0.000005 J | Remaining=12358.11 J
[293.302] Task 589 enqueued on CPU STARLINK-31064 qlen_enqueue=1
[588][GREEDY] STARLINK-5123 -> STARLINK-32442 | Tramission-time: 0.0013069363554766673
[588] Energy routing consumed by STARLINK-5123: 0.000000 J (remaining 64276.79)
[Task 589] Task eseguito su STARLINK-31064 40.98508624510679 degrees | CPU=3198.7613J, NET=0.0000J, TOTAL=3198.7613J, Remaining=76801.24J
[293.369] Task 589 served on STARLINK-31064 qlen_enqueue_cpu=1 qlen_enqueue_net=None time_in_queue=0.000
[MODE: BIDIRECTIONAL]
[588][GREEDY] CONSEGNATO! STARLINK-32442 -> OBS | Tramission-time: 9.016379874223287e-12
[589][GREEDY] STARLINK-31064 -> STARLINK-32442 | Tramission-time: 0.0013993564204571067
[589] Energy routing consumed by STARLINK-31064: 0.000000 J (remaining 76801.24)
[MODE: BIDIRECTIONAL]
[589][GREEDY] CONSEGNATO! STARLINK-32442 -> OBS | Tramission-time: 4.9817014229359906e-12
[293.592] Task 587 enqueued on NET STARLINK-35185 qlen_enqueue_net=1
[Task 587] Task eseguito su STARLINK-35185 44.29430392503873 degrees | CPU=39280.2421J, NET=0.0092J, TOTAL=39280.2513J, Remaining=40719.75J
[293.602] Task 587 served on STARLINK-35185 qlen_enqueue_cpu=1 qlen_enqueue_net=1 time_in_queue=0.000
[587][GREEDY] STARLINK-35185 -> STARLINK-32442 | Tramission-time: 0.0013203904968315766
[587] Energy routing consumed by STARLINK-35185: 0.000000 J (remaining 40719.75)
---> Task 590 (Type: Generic_Service) arriva in 293.72
--- [293.72] Task 590 using SearchNode Policy: v1_heuristic ---
[590] Filtro euristico: DTS-TMAX
[Task 590] Nessun server rimasto dopo i filtri (deadline/sunset).
[Task 590] REJECTED on STARLINK-5108 due to: No suitable server found after deadline/sunset filters
[MODE: BIDIRECTIONAL]
[587][GREEDY] CONSEGNATO! STARLINK-32442 -> OBS | Tramission-time: 6.659312367734465e-09
----------------------------------------------------------------------
	||TIME IN SIMULATION : (seconds:294) (minutes: 4) ||

MODIFICA CONFIGURAZIONE IN CORSO...

Aggiornato il Tempo Globale:  2025-11-20 21:00:08
---> Task 591 (Type: CPU_Intensive) arriva in 294.35
--- [294.35] Task 591 using SearchNode Policy: v1_heuristic ---
[591] Filtro euristico: DTS-TMAX
[294.35] [Task 591] Routed STARLINK-5108 -> STARLINK-34703 | E_NET=0.000012 J | Remaining=12358.11 J
[294.352] Task 591 enqueued on CPU STARLINK-34703 qlen_enqueue=1
[Task 591] Task eseguito su STARLINK-34703 40.25997745783497 degrees | CPU=12039.6886J, NET=0.0000J, TOTAL=12039.6886J, Remaining=67960.31J
[294.606] Task 591 served on STARLINK-34703 qlen_enqueue_cpu=1 qlen_enqueue_net=None time_in_queue=0.000
---> Task 592 (Type: CPU_Intensive) arriva in 294.63
--- [294.63] Task 592 using SearchNode Policy: v1_heuristic ---
[592] Filtro euristico: DTS-TMAX
[294.63] [Task 592] Routed STARLINK-5108 -> STARLINK-35067 | E_NET=0.000012 J | Remaining=12358.11 J
[294.633] Task 592 enqueued on CPU STARLINK-35067 qlen_enqueue=1
[591][GREEDY] STARLINK-34703 -> STARLINK-33881 | Tramission-time: 0.0014809877851695728
[591] Energy routing consumed by STARLINK-34703: 0.000000 J (remaining 67960.31)
[Task 592] Task eseguito su STARLINK-35067 48.29734357232262 degrees | CPU=1928.5117J, NET=0.0000J, TOTAL=1928.5117J, Remaining=78071.49J
[294.674] Task 592 served on STARLINK-35067 qlen_enqueue_cpu=1 qlen_enqueue_net=None time_in_queue=0.000
---> Task 593 (Type: CPU_Intensive) arriva in 294.71
--- [294.71] Task 593 using SearchNode Policy: v1_heuristic ---
[593] Filtro euristico: DTS-TMAX
[294.71] [Task 593] Routed STARLINK-5108 -> STARLINK-35067 | E_NET=0.000011 J | Remaining=12358.11 J
[294.714] Task 593 enqueued on CPU STARLINK-35067 qlen_enqueue=1
[MODE: BIDIRECTIONAL]
[591][GREEDY] CONSEGNATO! STARLINK-33881 -> OBS | Tramission-time: 1.0502734869776633e-11
[592][GREEDY] STARLINK-35067 -> STARLINK-33881 | Tramission-time: 0.0018496576052627674
[592] Energy routing consumed by STARLINK-35067: 0.000000 J (remaining 78071.49)
[Task 593] Task eseguito su STARLINK-35067 48.29734357232262 degrees | CPU=3253.1590J, NET=0.0000J, TOTAL=3253.1590J, Remaining=74818.33J
[294.783] Task 593 served on STARLINK-35067 qlen_enqueue_cpu=1 qlen_enqueue_net=None time_in_queue=0.000
[MODE: BIDIRECTIONAL]
[592][GREEDY] CONSEGNATO! STARLINK-33881 -> OBS | Tramission-time: 9.836730855131421e-12
[593][GREEDY] STARLINK-35067 -> STARLINK-33881 | Tramission-time: 0.0018496576044316558
[593] Energy routing consumed by STARLINK-35067: 0.000000 J (remaining 74818.33)
[MODE: BIDIRECTIONAL]
[593][GREEDY] CONSEGNATO! STARLINK-33881 -> OBS | Tramission-time: 1.1133283488304886e-11
---> Task 594 (Type: CPU_Intensive) arriva in 295.30
--- [295.30] Task 594 using SearchNode Policy: v1_heuristic ---
[594] Filtro euristico: DTS-TMAX
[295.30] [Task 594] Routed STARLINK-5108 -> STARLINK-31064 | E_NET=0.000012 J | Remaining=12358.11 J
[295.299] Task 594 enqueued on CPU STARLINK-31064 qlen_enqueue=1
[Task 594] Task eseguito su STARLINK-31064 41.73887614836466 degrees | CPU=7885.1412J, NET=0.0000J, TOTAL=7885.1412J, Remaining=68916.10J
[295.465] Task 594 served on STARLINK-31064 qlen_enqueue_cpu=1 qlen_enqueue_net=None time_in_queue=0.000
[594][GREEDY] STARLINK-31064 -> STARLINK-33881 | Tramission-time: 0.001670075445184358
[594] Energy routing consumed by STARLINK-31064: 0.000000 J (remaining 68916.10)
[MODE: BIDIRECTIONAL]
[594][GREEDY] CONSEGNATO! STARLINK-33881 -> OBS | Tramission-time: 1.1178278987140408e-11
----------------------------------------------------------------------
	||TIME IN SIMULATION : (seconds:296) (minutes: 4) ||

MODIFICA CONFIGURAZIONE IN CORSO...

Aggiornato il Tempo Globale:  2025-11-20 21:00:10
---> Task 595 (Type: CPU_Intensive) arriva in 297.78
--- [297.78] Task 595 using SearchNode Policy: v1_heuristic ---
[595] Filtro euristico: DTS-TMAX
[297.78] [Task 595] Routed STARLINK-5108 -> STARLINK-35067 | E_NET=0.000012 J | Remaining=12358.11 J
[297.784] Task 595 enqueued on CPU STARLINK-35067 qlen_enqueue=1
---> Task 596 (Type: CPU_and_Data_Intensive) arriva in 297.93
--- [297.93] Task 596 using SearchNode Policy: v1_heuristic ---
[596] Filtro euristico: DTS-TMAX
[297.93] [Task 596] Routed STARLINK-5108 -> STARLINK-31064 | E_NET=0.000512 J | Remaining=12358.11 J
[297.929] Task 596 enqueued on CPU STARLINK-31064 qlen_enqueue=1
----------------------------------------------------------------------
	||TIME IN SIMULATION : (seconds:298) (minutes: 4) ||

MODIFICA CONFIGURAZIONE IN CORSO...

Aggiornato il Tempo Globale:  2025-11-20 21:00:12
[298.432] Task 596 enqueued on NET STARLINK-31064 qlen_enqueue_net=1
[Task 596] Task eseguito su STARLINK-31064 43.28457572920015 degrees | CPU=24006.0049J, NET=0.0007J, TOTAL=24006.0056J, Remaining=44910.09J
[298.433] Task 596 served on STARLINK-31064 qlen_enqueue_cpu=1 qlen_enqueue_net=1 time_in_queue=0.000
[596][GREEDY] STARLINK-31064 -> STARLINK-33881 | Tramission-time: 0.001652948815549043
[596] Energy routing consumed by STARLINK-31064: 0.000000 J (remaining 44910.09)
[Task 595] Task eseguito su STARLINK-35067 50.08199997308604 degrees | CPU=32769.1278J, NET=0.0000J, TOTAL=32769.1278J, Remaining=42049.20J
[298.472] Task 595 served on STARLINK-35067 qlen_enqueue_cpu=1 qlen_enqueue_net=None time_in_queue=0.000
[MODE: BIDIRECTIONAL]
[596][GREEDY] CONSEGNATO! STARLINK-33881 -> OBS | Tramission-time: 5.102784955089921e-10
[595][GREEDY] STARLINK-35067 -> STARLINK-33881 | Tramission-time: 0.0017531857549526009
[595] Energy routing consumed by STARLINK-35067: 0.000000 J (remaining 42049.20)
[MODE: BIDIRECTIONAL]
[595][GREEDY] CONSEGNATO! STARLINK-33881 -> OBS | Tramission-time: 1.1669187873247858e-11
---> Task 597 (Type: CPU_Intensive) arriva in 298.71
--- [298.71] Task 597 using SearchNode Policy: v1_heuristic ---
[597] Filtro euristico: DTS-TMAX
[298.71] [Task 597] Routed STARLINK-30604 -> STARLINK-5525 | E_NET=0.000014 J | Remaining=10570.60 J
[298.707] Task 597 enqueued on CPU STARLINK-5525 qlen_enqueue=1
---> Task 598 (Type: CPU_Intensive) arriva in 299.43
--- [299.43] Task 598 using SearchNode Policy: v1_heuristic ---
[598] Filtro euristico: DTS-TMAX
[299.43] [Task 598] Routed STARLINK-30604 -> STARLINK-33840 | E_NET=0.000032 J | Remaining=10570.60 J
[299.431] Task 598 enqueued on CPU STARLINK-33840 qlen_enqueue=1
[Task 598] Task eseguito su STARLINK-33840 44.31802612087877 degrees | CPU=1542.1103J, NET=0.0000J, TOTAL=1542.1103J, Remaining=66660.17J
[299.465] Task 598 served on STARLINK-33840 qlen_enqueue_cpu=1 qlen_enqueue_net=None time_in_queue=0.000
[598][GREEDY] STARLINK-33840 -> STARLINK-33881 | Tramission-time: 0.0010885274288006158
[598] Energy routing consumed by STARLINK-33840: 0.000000 J (remaining 66660.17)
[MODE: BIDIRECTIONAL]
[598][GREEDY] CONSEGNATO! STARLINK-33881 -> OBS | Tramission-time: 2.5496103603248793e-11

Salvataggio del dataset generato in: Generated_datasets/generated_tasks_counter.json5
Salvataggio completato con successo.

Dataset dello stato della simulazione salvato in 'simulation_dataset.json'
TASK ARRIVATI CON SUCCESSO ALL'OBS: 498:

 id     | weight        | resolution    | Start Routing (s) | End Routing (s) | duration      | hop |
 1      | 0.04 MB       | CPU_Intensive           | 0.42              | 0.8             | 0.38          | 1   |
 3      | 0.07 MB       | Generic_Service         | 1.82              | 2.0             | 0.18          | 2   |
 2      | 0.06 MB       | CPU_Intensive           | 0.8               | 2.1             | 1.3           | 2   |
 4      | 0.09 MB       | Generic_Service         | 1.94              | 2.2             | 0.26          | 2   |
 5      | 0.03 MB       | Generic_Service         | 2.71              | 2.9             | 0.2           | 2   |
 6      | 0.08 MB       | CPU_Intensive           | 4.39              | 4.51            | 0.12          | 2   |
 8      | 1.70 MB       | CPU_and_Data_Intensive  | 4.82              | 5.01            | 0.19          | 2   |
 9      | 0.03 MB       | Generic_Service         | 4.85              | 5.21            | 0.36          | 2   |
 7      | 15.50 MB      | CPU_and_Data_Intensive  | 4.77              | 5.71            | 0.94          | 2   |
 11     | 412.69 MB     | CPU_and_Data_Intensive  | 5.96              | 7.31            | 1.35          | 2   |
 13     | 0.08 MB       | Generic_Service         | 7.4               | 7.51            | 0.12          | 1   |
 12     | 0.01 MB       | Generic_Service         | 7.21              | 7.61            | 0.4           | 2   |
 14     | 0.05 MB       | Generic_Service         | 7.67              | 7.81            | 0.14          | 2   |
 15     | 0.07 MB       | CPU_Intensive           | 8.39              | 8.71            | 0.32          | 2   |
 16     | 0.04 MB       | CPU_Intensive           | 8.68              | 10.02           | 1.34          | 2   |
 17     | 0.03 MB       | CPU_Intensive           | 9.77              | 10.22           | 0.44          | 2   |
 18     | 0.08 MB       | CPU_Intensive           | 10.69             | 10.92           | 0.23          | 2   |
 20     | 1.27 MB       | CPU_and_Data_Intensive  | 10.78             | 11.42           | 0.64          | 2   |
 21     | 0.06 MB       | CPU_Intensive           | 11.49             | 11.72           | 0.23          | 1   |
 22     | 0.07 MB       | Generic_Service         | 11.56             | 11.72           | 0.16          | 1   |
 19     | 0.01 MB       | CPU_Intensive           | 10.78             | 12.22           | 1.45          | 2   |
 23     | 0.05 MB       | Generic_Service         | 12.18             | 12.32           | 0.15          | 1   |
 24     | 0.03 MB       | Generic_Service         | 13.09             | 13.32           | 0.23          | 2   |
 26     | 9.89 MB       | CPU_and_Data_Intensive  | 13.66             | 13.92           | 0.26          | 2   |
 29     | 0.03 MB       | Generic_Service         | 14.8              | 15.13           | 0.32          | 2   |
 30     | 0.05 MB       | CPU_Intensive           | 15.08             | 15.23           | 0.14          | 2   |
 31     | 0.05 MB       | Generic_Service         | 15.57             | 15.73           | 0.16          | 2   |
 28     | 0.04 MB       | CPU_Intensive           | 14.68             | 16.43           | 1.74          | 1   |
 32     | 0.03 MB       | Generic_Service         | 16.44             | 16.63           | 0.19          | 2   |
 33     | 21.65 MB      | CPU_and_Data_Intensive  | 16.5              | 16.93           | 0.43          | 2   |
 34     | 0.02 MB       | CPU_Intensive           | 16.75             | 17.53           | 0.78          | 2   |
 35     | 0.06 MB       | Generic_Service         | 17.69             | 17.83           | 0.14          | 2   |
 36     | 0.08 MB       | Generic_Service         | 17.81             | 18.03           | 0.22          | 2   |
 37     | 0.06 MB       | Generic_Service         | 18.28             | 18.63           | 0.36          | 2   |
 38     | 0.02 MB       | Generic_Service         | 19.1              | 19.44           | 0.33          | 2   |
 39     | 19.93 MB      | CPU_and_Data_Intensive  | 19.6              | 19.94           | 0.34          | 2   |
 40     | 0.04 MB       | CPU_Intensive           | 22.71             | 22.94           | 0.23          | 2   |
 41     | 0.06 MB       | Generic_Service         | 23.66             | 23.84           | 0.18          | 2   |
 43     | 0.04 MB       | Generic_Service         | 23.81             | 23.94           | 0.13          | 2   |
 44     | 0.01 MB       | Generic_Service         | 23.96             | 24.14           | 0.19          | 2   |
 45     | 0.04 MB       | Generic_Service         | 24.43             | 24.54           | 0.11          | 1   |
 47     | 0.02 MB       | CPU_Intensive           | 25.94             | 26.45           | 0.5           | 2   |
 48     | 0.05 MB       | Generic_Service         | 26.59             | 26.65           | 0.05          | 1   |
 50     | 0.02 MB       | Generic_Service         | 27.45             | 27.55           | 0.1           | 1   |
 49     | 7.50 MB       | CPU_and_Data_Intensive  | 27.38             | 28.05           | 0.67          | 2   |
 51     | 0.07 MB       | CPU_Intensive           | 27.93             | 28.15           | 0.22          | 2   |
 54     | 1.56 MB       | CPU_and_Data_Intensive  | 29.29             | 29.65           | 0.36          | 2   |
 53     | 0.19 MB       | CPU_and_Data_Intensive  | 29.23             | 30.05           | 0.82          | 2   |
 56     | 0.06 MB       | CPU_Intensive           | 30.12             | 30.35           | 0.23          | 1   |
 57     | 0.06 MB       | Generic_Service         | 30.6              | 30.75           | 0.15          | 2   |
 58     | 22.34 MB      | CPU_and_Data_Intensive  | 30.85             | 31.15           | 0.3           | 1   |
 55     | 491.19 MB     | CPU_and_Data_Intensive  | 29.42             | 31.25           | 1.83          | 2   |
 59     | 0.09 MB       | CPU_Intensive           | 32.08             | 32.45           | 0.38          | 2   |
 61     | 0.04 MB       | CPU_Intensive           | 33.21             | 33.25           | 0.05          | 1   |
 60     | 0.05 MB       | Generic_Service         | 33.2              | 33.35           | 0.16          | 2   |
 63     | 0.08 MB       | Generic_Service         | 34.26             | 34.46           | 0.19          | 2   |
 64     | 0.08 MB       | Generic_Service         | 34.37             | 34.56           | 0.18          | 2   |
 66     | 0.03 MB       | CPU_Intensive           | 35.66             | 35.76           | 0.09          | 2   |
 65     | 1.14 MB       | CPU_and_Data_Intensive  | 35.42             | 36.16           | 0.74          | 2   |
 68     | 0.03 MB       | Generic_Service         | 36.64             | 36.66           | 0.02          | 2   |
 67     | 14.41 MB      | CPU_and_Data_Intensive  | 36.32             | 36.76           | 0.44          | 2   |
 69     | 0.04 MB       | CPU_Intensive           | 36.82             | 36.96           | 0.14          | 1   |
 70     | 4.27 MB       | CPU_and_Data_Intensive  | 36.99             | 37.46           | 0.47          | 1   |
 71     | 0.03 MB       | CPU_Intensive           | 37.06             | 37.56           | 0.51          | 2   |
 72     | 0.03 MB       | Generic_Service         | 38.58             | 38.86           | 0.28          | 2   |
 73     | 13.62 MB      | CPU_and_Data_Intensive  | 38.68             | 39.07           | 0.39          | 2   |
 74     | 0.07 MB       | Generic_Service         | 40.45             | 40.47           | 0.02          | 2   |
 75     | 9.72 MB       | CPU_and_Data_Intensive  | 40.47             | 40.57           | 0.1           | 1   |
 76     | 0.02 MB       | Generic_Service         | 40.65             | 40.67           | 0.02          | 2   |
 77     | 6.21 MB       | CPU_and_Data_Intensive  | 41.15             | 41.47           | 0.32          | 2   |
 78     | 0.02 MB       | Generic_Service         | 41.29             | 41.57           | 0.28          | 2   |
 80     | 4.48 MB       | CPU_and_Data_Intensive  | 42.79             | 42.87           | 0.08          | 2   |
 79     | 0.02 MB       | Generic_Service         | 42.79             | 42.97           | 0.19          | 1   |
 81     | 0.01 MB       | CPU_Intensive           | 42.83             | 43.37           | 0.55          | 1   |
 82     | 0.07 MB       | Generic_Service         | 43.26             | 43.47           | 0.22          | 1   |
 83     | 2.20 MB       | CPU_and_Data_Intensive  | 43.87             | 43.97           | 0.1           | 2   |
 84     | 0.04 MB       | Generic_Service         | 45.57             | 45.67           | 0.11          | 2   |
 85     | 0.05 MB       | Generic_Service         | 46.18             | 46.38           | 0.19          | 2   |
 86     | 6.18 MB       | CPU_and_Data_Intensive  | 46.3              | 46.68           | 0.38          | 2   |
 88     | 0.05 MB       | Generic_Service         | 46.99             | 47.28           | 0.29          | 2   |
 91     | 0.03 MB       | Generic_Service         | 48.12             | 48.18           | 0.06          | 2   |
 89     | 0.45 MB       | CPU_and_Data_Intensive  | 47.42             | 48.38           | 0.97          | 2   |
 90     | 4.83 MB       | CPU_and_Data_Intensive  | 47.75             | 48.89           | 1.13          | 2   |
 93     | 0.05 MB       | Generic_Service         | 49.97             | 50.09           | 0.12          | 2   |
 94     | 0.06 MB       | CPU_Intensive           | 50.54             | 50.69           | 0.15          | 2   |
 96     | 16.20 MB      | CPU_and_Data_Intensive  | 50.82             | 51.09           | 0.27          | 1   |
 97     | 0.03 MB       | Generic_Service         | 50.95             | 51.19           | 0.25          | 2   |
 95     | 1.35 MB       | CPU_and_Data_Intensive  | 50.77             | 51.19           | 0.42          | 2   |
 98     | 0.40 MB       | CPU_and_Data_Intensive  | 51.01             | 51.89           | 0.88          | 1   |
 99     | 0.08 MB       | CPU_Intensive           | 51.94             | 52.9            | 0.96          | 2   |
 100    | 0.02 MB       | Generic_Service         | 52.61             | 52.9            | 0.29          | 2   |
 101    | 0.03 MB       | Generic_Service         | 52.8              | 53.0            | 0.2           | 2   |
 102    | 0.04 MB       | CPU_Intensive           | 52.99             | 53.1            | 0.1           | 2   |
 103    | 0.03 MB       | CPU_Intensive           | 53.76             | 54.8            | 1.04          | 1   |
 104    | 0.06 MB       | Generic_Service         | 54.91             | 55.1            | 0.19          | 2   |
 106    | 0.07 MB       | Generic_Service         | 55.25             | 55.4            | 0.15          | 2   |
 105    | 0.04 MB       | Generic_Service         | 55.24             | 55.5            | 0.26          | 2   |
 108    | 0.09 MB       | Generic_Service         | 55.71             | 55.91           | 0.2           | 2   |
 107    | 0.08 MB       | CPU_Intensive           | 55.65             | 56.01           | 0.36          | 2   |
 109    | 0.02 MB       | Generic_Service         | 55.86             | 56.11           | 0.25          | 2   |
 111    | 0.07 MB       | Generic_Service         | 56.65             | 56.71           | 0.06          | 2   |
 110    | 0.08 MB       | CPU_Intensive           | 56.46             | 57.11           | 0.65          | 2   |
 112    | 0.01 MB       | Generic_Service         | 57.34             | 57.41           | 0.07          | 2   |
 113    | 0.02 MB       | Generic_Service         | 58.03             | 58.12           | 0.09          | 2   |
 114    | 0.08 MB       | CPU_Intensive           | 58.35             | 58.42           | 0.06          | 2   |
 115    | 0.06 MB       | Generic_Service         | 58.91             | 59.02           | 0.1           | 2   |
 118    | 0.03 MB       | Generic_Service         | 59.5              | 59.62           | 0.12          | 2   |
 120    | 0.04 MB       | CPU_Intensive           | 59.83             | 59.92           | 0.09          | 2   |
 121    | 0.06 MB       | CPU_Intensive           | 60.32             | 60.42           | 0.11          | 2   |
 123    | 0.02 MB       | CPU_Intensive           | 60.99             | 61.53           | 0.54          | 2   |
 122    | 6.17 MB       | CPU_and_Data_Intensive  | 60.98             | 61.73           | 0.74          | 2   |
 125    | 0.07 MB       | Generic_Service         | 61.91             | 62.03           | 0.12          | 2   |
 126    | 0.02 MB       | CPU_Intensive           | 63.27             | 63.43           | 0.16          | 2   |
 127    | 15.36 MB      | CPU_and_Data_Intensive  | 63.89             | 64.13           | 0.24          | 2   |
 128    | 0.07 MB       | Generic_Service         | 65.11             | 65.33           | 0.22          | 2   |
 129    | 0.05 MB       | CPU_Intensive           | 65.82             | 66.03           | 0.21          | 2   |
 130    | 6.22 MB       | CPU_and_Data_Intensive  | 66.1              | 66.44           | 0.33          | 2   |
 131    | 0.06 MB       | CPU_Intensive           | 66.28             | 66.84           | 0.56          | 2   |
 132    | 0.02 MB       | CPU_Intensive           | 66.98             | 68.14           | 1.16          | 2   |
 133    | 0.06 MB       | CPU_Intensive           | 68.2              | 68.84           | 0.64          | 2   |
 136    | 0.02 MB       | CPU_Intensive           | 68.94             | 69.84           | 0.9           | 2   |
 137    | 0.12 MB       | CPU_and_Data_Intensive  | 69.13             | 69.94           | 0.81          | 2   |
 138    | 11.45 MB      | CPU_and_Data_Intensive  | 70.44             | 70.95           | 0.51          | 2   |
 141    | 20.81 MB      | CPU_and_Data_Intensive  | 71.46             | 71.75           | 0.29          | 2   |
 140    | 14.56 MB      | CPU_and_Data_Intensive  | 71.41             | 71.85           | 0.44          | 2   |
 139    | 1.97 MB       | CPU_and_Data_Intensive  | 71.12             | 72.45           | 1.33          | 2   |
 142    | 4.23 MB       | CPU_and_Data_Intensive  | 73.04             | 73.25           | 0.21          | 2   |
 143    | 0.02 MB       | Generic_Service         | 73.94             | 74.15           | 0.22          | 2   |
 144    | 0.09 MB       | Generic_Service         | 74.07             | 74.35           | 0.28          | 2   |
 145    | 0.05 MB       | CPU_Intensive           | 74.72             | 74.96           | 0.24          | 2   |
 146    | 0.04 MB       | Generic_Service         | 75.54             | 75.66           | 0.12          | 2   |
 147    | 0.07 MB       | CPU_Intensive           | 75.86             | 76.16           | 0.3           | 2   |
 148    | 0.03 MB       | Generic_Service         | 76.64             | 76.86           | 0.22          | 2   |
 149    | 0.07 MB       | CPU_Intensive           | 77.76             | 78.16           | 0.4           | 2   |
 150    | 0.07 MB       | CPU_and_Data_Intensive  | 77.97             | 78.26           | 0.29          | 2   |
 151    | 0.04 MB       | Generic_Service         | 78.14             | 78.36           | 0.23          | 2   |
 152    | 5.31 MB       | CPU_and_Data_Intensive  | 80.66             | 81.27           | 0.61          | 2   |
 154    | 0.06 MB       | CPU_Intensive           | 82.89             | 83.37           | 0.48          | 2   |
 153    | 0.06 MB       | CPU_Intensive           | 82.69             | 83.97           | 1.28          | 2   |
 156    | 0.03 MB       | Generic_Service         | 83.99             | 84.17           | 0.18          | 2   |
 158    | 0.05 MB       | Generic_Service         | 84.09             | 84.27           | 0.18          | 2   |
 157    | 10.10 MB      | CPU_and_Data_Intensive  | 84.03             | 84.37           | 0.34          | 2   |
 159    | 0.05 MB       | CPU_Intensive           | 84.22             | 84.58           | 0.35          | 2   |
 160    | 0.08 MB       | CPU_Intensive           | 84.87             | 86.18           | 1.3           | 2   |
 162    | 0.08 MB       | Generic_Service         | 86.12             | 86.38           | 0.25          | 2   |
 163    | 3.86 MB       | CPU_and_Data_Intensive  | 86.48             | 86.88           | 0.4           | 2   |
 161    | 21.84 MB      | CPU_and_Data_Intensive  | 86.07             | 87.48           | 1.41          | 2   |
 165    | 0.04 MB       | Generic_Service         | 87.9              | 88.08           | 0.19          | 2   |
 169    | 0.07 MB       | Generic_Service         | 88.98             | 89.19           | 0.21          | 2   |
 168    | 0.03 MB       | CPU_Intensive           | 88.73             | 89.29           | 0.56          | 2   |
 167    | 1.37 MB       | CPU_and_Data_Intensive  | 88.53             | 89.29           | 0.76          | 2   |
 171    | 0.79 MB       | CPU_and_Data_Intensive  | 90.82             | 91.19           | 0.37          | 2   |
 172    | 0.03 MB       | Generic_Service         | 91.19             | 91.39           | 0.2           | 2   |
 170    | 259.18 MB     | CPU_and_Data_Intensive  | 90.75             | 91.59           | 0.85          | 2   |
 173    | 0.01 MB       | Generic_Service         | 92.87             | 93.1            | 0.22          | 2   |
 174    | 11.24 MB      | CPU_and_Data_Intensive  | 93.36             | 93.6            | 0.23          | 2   |
 175    | 0.01 MB       | Generic_Service         | 93.66             | 93.9            | 0.24          | 2   |
 177    | 0.08 MB       | Generic_Service         | 94.31             | 94.5            | 0.19          | 2   |
 178    | 0.04 MB       | Generic_Service         | 94.79             | 95.0            | 0.22          | 2   |
 176    | 436.36 MB     | CPU_and_Data_Intensive  | 94.07             | 95.1            | 1.03          | 2   |
 179    | 0.07 MB       | CPU_Intensive           | 95.38             | 95.71           | 0.32          | 2   |
 180    | 0.02 MB       | Generic_Service         | 95.91             | 96.11           | 0.2           | 2   |
 184    | 0.05 MB       | Generic_Service         | 99.61             | 99.81           | 0.2           | 2   |
 183    | 0.03 MB       | Generic_Service         | 99.57             | 99.91           | 0.34          | 2   |
 182    | 11.34 MB      | CPU_and_Data_Intensive  | 99.1              | 100.01          | 0.92          | 2   |
 186    | 0.05 MB       | Generic_Service         | 100.28            | 100.42          | 0.14          | 2   |
 185    | 0.01 MB       | Generic_Service         | 100.25            | 100.52          | 0.27          | 2   |
 187    | 0.06 MB       | Generic_Service         | 100.56            | 100.72          | 0.16          | 2   |
 190    | 0.07 MB       | Generic_Service         | 101.98            | 102.02          | 0.04          | 1   |
 189    | 0.04 MB       | Generic_Service         | 101.93            | 102.12          | 0.19          | 2   |
 191    | 0.06 MB       | CPU_Intensive           | 102.41            | 102.62          | 0.21          | 2   |
 194    | 0.04 MB       | CPU_Intensive           | 103.43            | 103.52          | 0.09          | 1   |
 192    | 163.93 MB     | CPU_and_Data_Intensive  | 102.76            | 103.52          | 0.76          | 2   |
 195    | 0.03 MB       | CPU_Intensive           | 103.56            | 103.83          | 0.26          | 2   |
 197    | 0.49 MB       | CPU_and_Data_Intensive  | 103.88            | 104.23          | 0.35          | 2   |
 198    | 0.04 MB       | CPU_Intensive           | 104.06            | 104.33          | 0.27          | 2   |
 200    | 0.07 MB       | Generic_Service         | 104.99            | 105.23          | 0.24          | 2   |
 199    | 14.31 MB      | CPU_and_Data_Intensive  | 104.28            | 105.23          | 0.95          | 2   |
 201    | 1.17 MB       | CPU_and_Data_Intensive  | 105.39            | 105.73          | 0.34          | 2   |
 202    | 0.07 MB       | CPU_Intensive           | 105.98            | 106.03          | 0.05          | 1   |
 203    | 0.02 MB       | Generic_Service         | 106.36            | 106.54          | 0.18          | 2   |
 204    | 0.08 MB       | CPU_Intensive           | 106.82            | 107.64          | 0.82          | 2   |
 206    | 0.03 MB       | Generic_Service         | 108.81            | 108.94          | 0.13          | 2   |
 207    | 0.07 MB       | Generic_Service         | 109.07            | 109.24          | 0.17          | 1   |
 208    | 15.01 MB      | CPU_and_Data_Intensive  | 109.84            | 110.04          | 0.2           | 1   |
 209    | 0.08 MB       | Generic_Service         | 110.66            | 110.84          | 0.19          | 2   |
 210    | 5.86 MB       | CPU_and_Data_Intensive  | 111.28            | 111.84          | 0.56          | 2   |
 211    | 11.00 MB      | CPU_and_Data_Intensive  | 111.72            | 111.95          | 0.23          | 2   |
 212    | 0.02 MB       | CPU_Intensive           | 111.91            | 112.65          | 0.74          | 2   |
 213    | 0.07 MB       | Generic_Service         | 113.93            | 114.25          | 0.32          | 2   |
 215    | 0.04 MB       | CPU_Intensive           | 114.78            | 115.05          | 0.27          | 2   |
 214    | 0.06 MB       | CPU_Intensive           | 114.39            | 115.05          | 0.67          | 2   |
 216    | 0.05 MB       | CPU_Intensive           | 115.03            | 115.36          | 0.33          | 2   |
 217    | 0.04 MB       | Generic_Service         | 115.48            | 115.66          | 0.18          | 2   |
 219    | 0.01 MB       | Generic_Service         | 115.55            | 115.66          | 0.11          | 1   |
 220    | 0.09 MB       | Generic_Service         | 115.64            | 115.86          | 0.22          | 2   |
 218    | 0.06 MB       | CPU_Intensive           | 115.51            | 115.96          | 0.45          | 2   |
 224    | 0.02 MB       | Generic_Service         | 116.3             | 116.36          | 0.06          | 1   |
 223    | 2.15 MB       | CPU_and_Data_Intensive  | 116.18            | 116.56          | 0.38          | 2   |
 226    | 0.04 MB       | CPU_Intensive           | 118.6             | 118.67          | 0.07          | 2   |
 225    | 9.30 MB       | CPU_and_Data_Intensive  | 117.48            | 118.77          | 1.29          | 2   |
 227    | 0.08 MB       | Generic_Service         | 119.37            | 119.57          | 0.19          | 2   |
 228    | 0.04 MB       | CPU_Intensive           | 119.39            | 119.67          | 0.27          | 1   |
 229    | 0.07 MB       | CPU_Intensive           | 119.81            | 119.97          | 0.16          | 2   |
 230    | 0.07 MB       | CPU_Intensive           | 120.19            | 120.97          | 0.78          | 2   |
 231    | 21.28 MB      | CPU_and_Data_Intensive  | 120.73            | 121.77          | 1.04          | 2   |
 232    | 0.03 MB       | Generic_Service         | 122.49            | 122.57          | 0.08          | 2   |
 233    | 0.02 MB       | Generic_Service         | 123.31            | 123.37          | 0.07          | 2   |
 234    | 10.23 MB      | CPU_and_Data_Intensive  | 123.62            | 123.88          | 0.25          | 2   |
 237    | 0.05 MB       | Generic_Service         | 124.08            | 124.18          | 0.1           | 2   |
 236    | 0.02 MB       | Generic_Service         | 124.05            | 124.28          | 0.22          | 2   |
 235    | 0.08 MB       | CPU_Intensive           | 123.72            | 124.38          | 0.65          | 2   |
 238    | 17.88 MB      | CPU_and_Data_Intensive  | 124.37            | 124.88          | 0.51          | 2   |
 239    | 0.03 MB       | CPU_Intensive           | 125.68            | 126.18          | 0.5           | 2   |
 240    | 0.08 MB       | CPU_Intensive           | 125.79            | 126.48          | 0.7           | 2   |
 242    | 0.06 MB       | Generic_Service         | 126.79            | 126.88          | 0.1           | 2   |
 243    | 0.04 MB       | Generic_Service         | 126.84            | 126.98          | 0.15          | 2   |
 245    | 0.09 MB       | CPU_Intensive           | 129.89            | 130.19          | 0.29          | 2   |
 247    | 0.08 MB       | CPU_Intensive           | 130.1             | 130.59          | 0.49          | 2   |
 249    | 0.09 MB       | Generic_Service         | 131.64            | 131.79          | 0.14          | 2   |
 250    | 0.09 MB       | Generic_Service         | 131.84            | 131.99          | 0.15          | 2   |
 251    | 0.05 MB       | CPU_Intensive           | 132.07            | 132.19          | 0.12          | 2   |
 252    | 0.05 MB       | Generic_Service         | 132.13            | 132.29          | 0.16          | 2   |
 253    | 18.37 MB      | CPU_and_Data_Intensive  | 132.25            | 132.89          | 0.64          | 2   |
 254    | 0.03 MB       | Generic_Service         | 132.85            | 132.99          | 0.14          | 1   |
 255    | 0.02 MB       | CPU_Intensive           | 132.87            | 132.99          | 0.12          | 2   |
 256    | 7.10 MB       | CPU_and_Data_Intensive  | 133.41            | 133.49          | 0.08          | 1   |
 257    | 0.06 MB       | Generic_Service         | 134.92            | 135.1           | 0.18          | 2   |
 258    | 0.06 MB       | Generic_Service         | 135.89            | 136.0           | 0.11          | 2   |
 259    | 0.02 MB       | CPU_Intensive           | 136.53            | 136.8           | 0.27          | 2   |
 260    | 1.50 MB       | CPU_and_Data_Intensive  | 136.72            | 136.9           | 0.18          | 2   |
 262    | 0.08 MB       | Generic_Service         | 137.38            | 137.6           | 0.22          | 2   |
 261    | 0.03 MB       | CPU_Intensive           | 137.35            | 138.4           | 1.05          | 2   |
 263    | 0.02 MB       | Generic_Service         | 138.33            | 138.5           | 0.17          | 2   |
 265    | 0.08 MB       | CPU_Intensive           | 139.42            | 140.0           | 0.59          | 2   |
 267    | 0.05 MB       | Generic_Service         | 140.63            | 140.7           | 0.07          | 1   |
 266    | 1.00 MB       | CPU_and_Data_Intensive  | 140.54            | 141.11          | 0.57          | 2   |
 269    | 0.04 MB       | Generic_Service         | 141.21            | 141.51          | 0.3           | 2   |
 270    | 5.64 MB       | CPU_and_Data_Intensive  | 141.99            | 142.31          | 0.32          | 1   |
 272    | 0.07 MB       | CPU_Intensive           | 144.45            | 144.91          | 0.45          | 2   |
 273    | 0.03 MB       | CPU_Intensive           | 145.0             | 145.91          | 0.91          | 2   |
 275    | 0.02 MB       | Generic_Service         | 146.08            | 146.31          | 0.23          | 2   |
 277    | 0.09 MB       | Generic_Service         | 146.58            | 146.71          | 0.13          | 2   |
 278    | 0.08 MB       | CPU_Intensive           | 146.69            | 146.81          | 0.12          | 2   |
 279    | 19.90 MB      | CPU_and_Data_Intensive  | 147.69            | 147.81          | 0.12          | 2   |
 280    | 0.07 MB       | CPU_Intensive           | 147.8             | 148.41          | 0.62          | 2   |
 282    | 0.06 MB       | Generic_Service         | 148.71            | 148.82          | 0.1           | 2   |
 283    | 0.08 MB       | Generic_Service         | 148.89            | 149.12          | 0.23          | 2   |
 281    | 7.01 MB       | CPU_and_Data_Intensive  | 148.59            | 149.62          | 1.03          | 2   |
 284    | 0.08 MB       | Generic_Service         | 150.56            | 150.72          | 0.16          | 2   |
 285    | 0.03 MB       | CPU_Intensive           | 151.0             | 151.22          | 0.23          | 2   |
 286    | 0.07 MB       | Generic_Service         | 151.47            | 151.82          | 0.36          | 2   |
 288    | 0.05 MB       | Generic_Service         | 152.16            | 152.43          | 0.27          | 2   |
 289    | 0.06 MB       | Generic_Service         | 152.31            | 152.53          | 0.22          | 2   |
 290    | 0.06 MB       | Generic_Service         | 152.75            | 153.03          | 0.28          | 2   |
 291    | 21.65 MB      | CPU_and_Data_Intensive  | 153.32            | 153.63          | 0.32          | 2   |
 292    | 0.08 MB       | Generic_Service         | 153.44            | 153.73          | 0.29          | 2   |
 293    | 0.24 MB       | CPU_and_Data_Intensive  | 153.57            | 153.83          | 0.27          | 2   |
 295    | 19.02 MB      | CPU_and_Data_Intensive  | 153.73            | 154.63          | 0.9           | 2   |
 294    | 1.03 MB       | CPU_and_Data_Intensive  | 153.59            | 155.14          | 1.55          | 2   |
 296    | 22.86 MB      | CPU_and_Data_Intensive  | 154.03            | 155.24          | 1.21          | 2   |
 298    | 0.04 MB       | Generic_Service         | 155.71            | 155.74          | 0.03          | 2   |
 299    | 0.05 MB       | Generic_Service         | 157.99            | 158.14          | 0.15          | 2   |
 300    | 0.04 MB       | Generic_Service         | 159.45            | 159.74          | 0.29          | 2   |
 301    | 0.08 MB       | CPU_Intensive           | 159.89            | 160.44          | 0.55          | 1   |
 303    | 0.07 MB       | Generic_Service         | 160.58            | 160.64          | 0.06          | 1   |
 304    | 0.04 MB       | Generic_Service         | 160.78            | 160.84          | 0.06          | 2   |
 302    | 0.28 MB       | CPU_and_Data_Intensive  | 160.45            | 161.55          | 1.1           | 2   |
 305    | 0.08 MB       | Generic_Service         | 161.78            | 161.85          | 0.06          | 2   |
 306    | 0.08 MB       | Generic_Service         | 162.69            | 162.85          | 0.16          | 2   |
 307    | 0.06 MB       | Generic_Service         | 164.96            | 165.15          | 0.19          | 2   |
 308    | 0.05 MB       | Generic_Service         | 165.17            | 165.25          | 0.08          | 2   |
 310    | 0.04 MB       | Generic_Service         | 165.91            | 166.15          | 0.24          | 2   |
 311    | 0.03 MB       | CPU_Intensive           | 165.96            | 166.86          | 0.9           | 2   |
 312    | 0.07 MB       | CPU_Intensive           | 166.05            | 166.96          | 0.9           | 2   |
 315    | 0.05 MB       | Generic_Service         | 166.97            | 167.06          | 0.09          | 1   |
 316    | 0.03 MB       | CPU_Intensive           | 167.07            | 167.66          | 0.58          | 1   |
 314    | 0.89 MB       | CPU_and_Data_Intensive  | 166.86            | 167.76          | 0.9           | 2   |
 313    | 14.53 MB      | CPU_and_Data_Intensive  | 166.33            | 167.86          | 1.53          | 2   |
 317    | 21.61 MB      | CPU_and_Data_Intensive  | 168.35            | 168.66          | 0.32          | 2   |
 318    | 0.02 MB       | Generic_Service         | 168.89            | 169.16          | 0.28          | 2   |
 319    | 0.04 MB       | CPU_Intensive           | 169.32            | 169.37          | 0.05          | 2   |
 320    | 0.08 MB       | CPU_Intensive           | 169.36            | 169.57          | 0.21          | 2   |
 321    | 0.04 MB       | Generic_Service         | 169.67            | 169.77          | 0.1           | 2   |
 323    | 0.05 MB       | Generic_Service         | 170.13            | 170.37          | 0.24          | 2   |
 322    | 0.06 MB       | CPU_Intensive           | 169.86            | 170.57          | 0.71          | 2   |
 324    | 0.06 MB       | Generic_Service         | 170.93            | 171.07          | 0.14          | 2   |
 327    | 0.03 MB       | Generic_Service         | 171.14            | 171.27          | 0.13          | 2   |
 326    | 0.03 MB       | CPU_Intensive           | 171.13            | 171.47          | 0.35          | 2   |
 328    | 0.07 MB       | CPU_Intensive           | 171.83            | 172.28          | 0.44          | 2   |
 330    | 20.91 MB      | CPU_and_Data_Intensive  | 172.78            | 173.48          | 0.7           | 2   |
 334    | 0.05 MB       | CPU_Intensive           | 173.28            | 173.58          | 0.3           | 2   |
 332    | 7.87 MB       | CPU_and_Data_Intensive  | 173.16            | 173.78          | 0.62          | 2   |
 335    | 12.61 MB      | CPU_and_Data_Intensive  | 174.18            | 174.58          | 0.4           | 2   |
 337    | 0.06 MB       | Generic_Service         | 174.59            | 174.78          | 0.19          | 2   |
 336    | 202.72 MB     | CPU_and_Data_Intensive  | 174.42            | 174.88          | 0.47          | 2   |
 339    | 0.06 MB       | Generic_Service         | 175.47            | 175.59          | 0.11          | 1   |
 338    | 0.05 MB       | Generic_Service         | 175.44            | 175.59          | 0.14          | 2   |
 341    | 0.04 MB       | CPU_Intensive           | 176.01            | 176.29          | 0.27          | 2   |
 340    | 12.48 MB      | CPU_and_Data_Intensive  | 175.81            | 176.39          | 0.58          | 2   |
 343    | 0.02 MB       | CPU_Intensive           | 176.93            | 177.29          | 0.36          | 1   |
 344    | 0.08 MB       | CPU_Intensive           | 177.63            | 177.79          | 0.16          | 2   |
 345    | 0.04 MB       | Generic_Service         | 177.73            | 177.99          | 0.26          | 2   |
 346    | 11.37 MB      | CPU_and_Data_Intensive  | 178.26            | 178.39          | 0.13          | 2   |
 347    | 0.06 MB       | Generic_Service         | 178.65            | 178.79          | 0.15          | 2   |
 348    | 0.02 MB       | Generic_Service         | 178.82            | 178.99          | 0.17          | 2   |
 349    | 0.05 MB       | Generic_Service         | 180.29            | 180.5           | 0.21          | 2   |
 351    | 0.05 MB       | CPU_Intensive           | 180.51            | 181.0           | 0.49          | 2   |
 353    | 0.08 MB       | Generic_Service         | 181.57            | 181.7           | 0.13          | 2   |
 354    | 0.02 MB       | CPU_Intensive           | 182.49            | 183.1           | 0.6           | 2   |
 356    | 0.07 MB       | Generic_Service         | 183.25            | 183.5           | 0.25          | 2   |
 357    | 0.06 MB       | CPU_Intensive           | 184.29            | 184.5           | 0.22          | 2   |
 359    | 0.07 MB       | CPU_Intensive           | 185.7             | 186.0           | 0.3           | 2   |
 360    | 0.02 MB       | CPU_Intensive           | 186.26            | 186.4           | 0.15          | 2   |
 361    | 0.06 MB       | Generic_Service         | 186.35            | 186.6           | 0.25          | 2   |
 362    | 0.05 MB       | CPU_Intensive           | 186.88            | 187.11          | 0.23          | 1   |
 364    | 0.06 MB       | Generic_Service         | 186.98            | 187.11          | 0.13          | 2   |
 365    | 0.07 MB       | Generic_Service         | 187.09            | 187.31          | 0.22          | 2   |
 363    | 1.77 MB       | CPU_and_Data_Intensive  | 186.97            | 187.41          | 0.43          | 2   |
 366    | 0.03 MB       | CPU_Intensive           | 187.96            | 188.11          | 0.14          | 2   |
 367    | 8.59 MB       | CPU_and_Data_Intensive  | 188.45            | 188.91          | 0.46          | 2   |
 368    | 0.08 MB       | Generic_Service         | 188.95            | 189.01          | 0.06          | 1   |
 369    | 0.02 MB       | Generic_Service         | 189.13            | 189.41          | 0.28          | 2   |
 371    | 0.07 MB       | Generic_Service         | 190.95            | 191.21          | 0.27          | 2   |
 370    | 17.56 MB      | CPU_and_Data_Intensive  | 190.76            | 191.62          | 0.86          | 2   |
 372    | 0.08 MB       | CPU_Intensive           | 191.94            | 192.02          | 0.08          | 1   |
 373    | 0.07 MB       | CPU_Intensive           | 192.69            | 192.82          | 0.12          | 2   |
 374    | 0.07 MB       | Generic_Service         | 193.54            | 193.72          | 0.17          | 2   |
 375    | 0.06 MB       | Generic_Service         | 194.27            | 194.42          | 0.15          | 2   |
 376    | 0.07 MB       | Generic_Service         | 194.62            | 194.72          | 0.1           | 2   |
 378    | 0.01 MB       | Generic_Service         | 196.0             | 196.22          | 0.22          | 2   |
 379    | 0.08 MB       | Generic_Service         | 196.19            | 196.33          | 0.14          | 2   |
 380    | 0.03 MB       | CPU_Intensive           | 196.2             | 196.43          | 0.22          | 2   |
 381    | 0.03 MB       | CPU_Intensive           | 196.21            | 196.73          | 0.52          | 2   |
 383    | 0.08 MB       | Generic_Service         | 197.16            | 197.33          | 0.17          | 2   |
 384    | 16.79 MB      | CPU_and_Data_Intensive  | 197.33            | 197.83          | 0.5           | 2   |
 385    | 1.82 MB       | CPU_and_Data_Intensive  | 198.02            | 198.43          | 0.41          | 2   |
 386    | 0.04 MB       | Generic_Service         | 198.58            | 198.63          | 0.06          | 1   |
 387    | 14.26 MB      | CPU_and_Data_Intensive  | 199.07            | 199.63          | 0.56          | 2   |
 388    | 0.06 MB       | CPU_Intensive           | 199.48            | 199.74          | 0.25          | 2   |
 389    | 0.02 MB       | Generic_Service         | 199.76            | 199.94          | 0.18          | 2   |
 391    | 0.08 MB       | CPU_Intensive           | 200.23            | 200.54          | 0.31          | 2   |
 390    | 0.06 MB       | Generic_Service         | 200.12            | 200.64          | 0.52          | 2   |
 392    | 0.07 MB       | Generic_Service         | 200.78            | 200.94          | 0.16          | 2   |
 393    | 1.18 MB       | CPU_and_Data_Intensive  | 201.23            | 201.74          | 0.52          | 2   |
 395    | 0.03 MB       | Generic_Service         | 201.99            | 202.25          | 0.26          | 2   |
 394    | 10.86 MB      | CPU_and_Data_Intensive  | 201.95            | 202.65          | 0.7           | 2   |
 396    | 0.08 MB       | CPU_Intensive           | 202.07            | 202.75          | 0.68          | 2   |
 398    | 0.07 MB       | Generic_Service         | 203.18            | 203.25          | 0.07          | 1   |
 397    | 11.20 MB      | CPU_and_Data_Intensive  | 203.05            | 203.25          | 0.2           | 2   |
 400    | 0.05 MB       | Generic_Service         | 205.38            | 205.45          | 0.07          | 2   |
 403    | 0.08 MB       | Generic_Service         | 208.04            | 208.05          | 0.02          | 1   |
 404    | 0.07 MB       | Generic_Service         | 208.2             | 208.25          | 0.06          | 2   |
 406    | 0.04 MB       | Generic_Service         | 208.6             | 208.76          | 0.15          | 2   |
 408    | 0.07 MB       | Generic_Service         | 211.23            | 211.36          | 0.13          | 2   |
 409    | 0.02 MB       | CPU_Intensive           | 211.72            | 211.86          | 0.13          | 2   |
 412    | 0.09 MB       | CPU_Intensive           | 214.27            | 215.36          | 1.09          | 2   |
 413    | 14.56 MB      | CPU_and_Data_Intensive  | 215.26            | 215.96          | 0.71          | 2   |
 414    | 0.05 MB       | Generic_Service         | 216.88            | 217.06          | 0.18          | 1   |
 415    | 0.07 MB       | Generic_Service         | 218.1             | 218.26          | 0.16          | 2   |
 416    | 0.06 MB       | Generic_Service         | 218.37            | 218.46          | 0.1           | 2   |
 417    | 0.05 MB       | Generic_Service         | 218.79            | 218.86          | 0.07          | 2   |
 420    | 0.09 MB       | CPU_Intensive           | 219.57            | 219.97          | 0.39          | 2   |
 422    | 0.04 MB       | Generic_Service         | 219.85            | 220.07          | 0.21          | 2   |
 423    | 0.02 MB       | CPU_Intensive           | 220.61            | 220.77          | 0.16          | 2   |
 426    | 0.01 MB       | Generic_Service         | 222.05            | 222.17          | 0.12          | 2   |
 425    | 0.01 MB       | Generic_Service         | 222.05            | 222.27          | 0.23          | 2   |
 427    | 0.08 MB       | Generic_Service         | 222.58            | 222.77          | 0.2           | 2   |
 428    | 0.05 MB       | Generic_Service         | 223.86            | 223.97          | 0.11          | 2   |
 430    | 0.06 MB       | Generic_Service         | 224.43            | 224.58          | 0.14          | 2   |
 432    | 0.03 MB       | Generic_Service         | 225.15            | 225.28          | 0.13          | 2   |
 433    | 0.02 MB       | Generic_Service         | 225.5             | 225.58          | 0.08          | 2   |
 434    | 0.05 MB       | Generic_Service         | 226.18            | 226.28          | 0.1           | 1   |
 435    | 0.03 MB       | Generic_Service         | 227.01            | 227.08          | 0.07          | 2   |
 436    | 0.05 MB       | CPU_Intensive           | 227.17            | 227.58          | 0.41          | 1   |
 437    | 0.03 MB       | Generic_Service         | 228.12            | 228.28          | 0.17          | 2   |
 440    | 0.02 MB       | Generic_Service         | 229.71            | 229.78          | 0.08          | 2   |
 446    | 0.02 MB       | Generic_Service         | 233.65            | 233.78          | 0.14          | 2   |
 447    | 0.03 MB       | CPU_Intensive           | 234.35            | 234.59          | 0.23          | 2   |
 448    | 0.02 MB       | Generic_Service         | 235.18            | 235.29          | 0.1           | 2   |
 449    | 0.08 MB       | CPU_Intensive           | 235.79            | 235.99          | 0.2           | 2   |
 450    | 19.83 MB      | CPU_and_Data_Intensive  | 235.79            | 236.09          | 0.3           | 2   |
 451    | 0.04 MB       | CPU_Intensive           | 235.85            | 236.19          | 0.34          | 2   |
 452    | 0.01 MB       | Generic_Service         | 236.12            | 236.39          | 0.27          | 2   |
 453    | 0.01 MB       | Generic_Service         | 236.49            | 236.59          | 0.1           | 1   |
 454    | 0.06 MB       | Generic_Service         | 236.81            | 237.0           | 0.18          | 2   |
 455    | 0.06 MB       | Generic_Service         | 237.08            | 237.2           | 0.11          | 1   |
 457    | 0.03 MB       | Generic_Service         | 237.77            | 237.8           | 0.02          | 2   |
 458    | 0.08 MB       | Generic_Service         | 238.87            | 239.0           | 0.13          | 2   |
 459    | 0.08 MB       | Generic_Service         | 239.4             | 239.5           | 0.1           | 2   |
 461    | 0.02 MB       | Generic_Service         | 240.18            | 240.3           | 0.12          | 1   |
 462    | 0.08 MB       | CPU_Intensive           | 240.36            | 240.5           | 0.14          | 2   |
 464    | 0.09 MB       | Generic_Service         | 240.44            | 240.5           | 0.06          | 2   |
 463    | 0.01 MB       | Generic_Service         | 240.37            | 240.6           | 0.24          | 2   |
 466    | 0.06 MB       | Generic_Service         | 241.24            | 241.3           | 0.06          | 2   |
 468    | 0.79 MB       | CPU_and_Data_Intensive  | 242.71            | 242.81          | 0.1           | 2   |
 469    | 0.06 MB       | CPU_Intensive           | 243.11            | 243.41          | 0.3           | 2   |
 470    | 0.03 MB       | Generic_Service         | 243.25            | 243.51          | 0.26          | 1   |
 473    | 0.04 MB       | CPU_Intensive           | 245.3             | 245.61          | 0.31          | 2   |
 474    | 0.09 MB       | CPU_Intensive           | 245.41            | 245.91          | 0.5           | 2   |
 475    | 6.15 MB       | CPU_and_Data_Intensive  | 246.26            | 246.81          | 0.55          | 2   |
 478    | 0.09 MB       | Generic_Service         | 246.94            | 247.01          | 0.08          | 2   |
 477    | 0.06 MB       | CPU_Intensive           | 246.74            | 247.12          | 0.37          | 2   |
 479    | 0.08 MB       | CPU_Intensive           | 247.36            | 247.52          | 0.16          | 2   |
 480    | 0.06 MB       | CPU_Intensive           | 247.67            | 247.82          | 0.15          | 2   |
 481    | 3.94 MB       | CPU_and_Data_Intensive  | 248.43            | 248.52          | 0.09          | 2   |
 482    | 0.06 MB       | CPU_Intensive           | 248.99            | 249.32          | 0.33          | 2   |
 483    | 0.08 MB       | CPU_Intensive           | 249.24            | 249.42          | 0.19          | 2   |
 484    | 1.85 MB       | CPU_and_Data_Intensive  | 249.37            | 249.52          | 0.15          | 2   |
 485    | 1.48 MB       | CPU_and_Data_Intensive  | 249.52            | 249.93          | 0.41          | 2   |
 487    | 0.04 MB       | CPU_Intensive           | 249.64            | 250.23          | 0.59          | 2   |
 488    | 0.08 MB       | Generic_Service         | 250.43            | 250.53          | 0.1           | 2   |
 486    | 268.12 MB     | CPU_and_Data_Intensive  | 249.59            | 250.63          | 1.04          | 2   |
 490    | 0.07 MB       | CPU_Intensive           | 250.76            | 251.83          | 1.07          | 2   |
 492    | 0.04 MB       | Generic_Service         | 251.61            | 251.93          | 0.32          | 2   |
 493    | 0.09 MB       | Generic_Service         | 252.75            | 252.84          | 0.09          | 2   |
 495    | 0.02 MB       | CPU_Intensive           | 253.1             | 253.54          | 0.44          | 2   |
 496    | 2.10 MB       | CPU_and_Data_Intensive  | 253.46            | 253.64          | 0.18          | 2   |
 497    | 0.04 MB       | Generic_Service         | 253.55            | 253.74          | 0.19          | 2   |
 498    | 0.01 MB       | CPU_Intensive           | 253.85            | 254.64          | 0.79          | 2   |
 500    | 0.74 MB       | CPU_and_Data_Intensive  | 254.11            | 254.74          | 0.64          | 2   |
 501    | 0.02 MB       | Generic_Service         | 254.56            | 254.84          | 0.29          | 2   |
 503    | 0.01 MB       | CPU_Intensive           | 255.66            | 255.95          | 0.28          | 2   |
 505    | 0.08 MB       | Generic_Service         | 256.53            | 256.75          | 0.22          | 2   |
 506    | 0.01 MB       | Generic_Service         | 256.64            | 256.85          | 0.21          | 2   |
 504    | 0.07 MB       | CPU_Intensive           | 256.08            | 256.95          | 0.87          | 2   |
 507    | 0.04 MB       | Generic_Service         | 257.16            | 257.25          | 0.09          | 2   |
 509    | 0.08 MB       | CPU_Intensive           | 257.68            | 257.75          | 0.07          | 2   |
 510    | 21.16 MB      | CPU_and_Data_Intensive  | 257.83            | 258.25          | 0.42          | 2   |
 511    | 0.02 MB       | Generic_Service         | 258.52            | 258.66          | 0.14          | 2   |
 512    | 0.05 MB       | CPU_Intensive           | 258.54            | 258.76          | 0.22          | 2   |
 514    | 4.66 MB       | CPU_and_Data_Intensive  | 259.73            | 260.36          | 0.63          | 2   |
 516    | 0.06 MB       | Generic_Service         | 261.24            | 261.46          | 0.23          | 2   |
 515    | 3.20 MB       | CPU_and_Data_Intensive  | 260.8             | 261.46          | 0.66          | 2   |
 517    | 0.06 MB       | Generic_Service         | 261.33            | 261.56          | 0.23          | 2   |
 518    | 0.68 MB       | CPU_and_Data_Intensive  | 261.8             | 261.97          | 0.17          | 2   |
 520    | 0.01 MB       | Generic_Service         | 262.29            | 262.57          | 0.28          | 2   |
 519    | 10.59 MB      | CPU_and_Data_Intensive  | 262.27            | 262.77          | 0.5           | 1   |
 521    | 2.10 MB       | CPU_and_Data_Intensive  | 262.74            | 262.97          | 0.23          | 2   |
 522    | 0.07 MB       | Generic_Service         | 262.78            | 263.07          | 0.29          | 2   |
 523    | 0.08 MB       | Generic_Service         | 263.79            | 264.07          | 0.29          | 2   |
 524    | 0.08 MB       | Generic_Service         | 264.05            | 264.28          | 0.22          | 2   |
 525    | 10.12 MB      | CPU_and_Data_Intensive  | 265.06            | 265.28          | 0.22          | 2   |
 527    | 0.04 MB       | Generic_Service         | 265.32            | 265.48          | 0.15          | 2   |
 526    | 0.05 MB       | CPU_Intensive           | 265.27            | 265.68          | 0.42          | 2   |
 528    | 0.03 MB       | Generic_Service         | 265.73            | 265.88          | 0.16          | 2   |
 530    | 22.02 MB      | CPU_and_Data_Intensive  | 266.24            | 266.38          | 0.14          | 2   |
 531    | 3.90 MB       | CPU_and_Data_Intensive  | 266.63            | 266.79          | 0.16          | 2   |
 529    | 0.06 MB       | CPU_Intensive           | 266.0             | 267.19          | 1.19          | 2   |
 532    | 4.74 MB       | CPU_and_Data_Intensive  | 267.4             | 267.59          | 0.19          | 2   |
 533    | 0.09 MB       | CPU_Intensive           | 267.48            | 267.79          | 0.31          | 2   |
 534    | 0.05 MB       | CPU_Intensive           | 268.25            | 268.69          | 0.45          | 2   |
 535    | 0.05 MB       | Generic_Service         | 268.48            | 268.8           | 0.31          | 2   |
 536    | 0.01 MB       | Generic_Service         | 269.13            | 269.2           | 0.07          | 2   |
 539    | 0.07 MB       | Generic_Service         | 270.29            | 270.6           | 0.31          | 2   |
 543    | 5.11 MB       | CPU_and_Data_Intensive  | 270.86            | 271.3           | 0.44          | 2   |
 545    | 0.06 MB       | Generic_Service         | 271.33            | 271.6           | 0.27          | 2   |
 544    | 23.56 MB      | CPU_and_Data_Intensive  | 271.0             | 271.7           | 0.71          | 2   |
 546    | 0.08 MB       | CPU_Intensive           | 271.92            | 272.11          | 0.19          | 2   |
 550    | 0.03 MB       | Generic_Service         | 272.53            | 272.61          | 0.08          | 2   |
 549    | 0.03 MB       | Generic_Service         | 272.49            | 272.71          | 0.22          | 2   |
 548    | 13.54 MB      | CPU_and_Data_Intensive  | 272.43            | 272.81          | 0.38          | 1   |
 553    | 0.03 MB       | Generic_Service         | 274.41            | 274.61          | 0.2           | 2   |
 554    | 0.08 MB       | Generic_Service         | 274.46            | 274.71          | 0.26          | 2   |
 555    | 0.07 MB       | Generic_Service         | 275.23            | 275.41          | 0.19          | 2   |
 556    | 0.04 MB       | CPU_Intensive           | 275.61            | 276.11          | 0.51          | 1   |
 557    | 15.96 MB      | CPU_and_Data_Intensive  | 275.97            | 276.22          | 0.25          | 2   |
 558    | 11.92 MB      | CPU_and_Data_Intensive  | 276.8             | 277.42          | 0.62          | 2   |
 560    | 0.08 MB       | CPU_Intensive           | 277.86            | 278.22          | 0.37          | 2   |
 561    | 0.06 MB       | Generic_Service         | 278.16            | 278.32          | 0.17          | 2   |
 562    | 0.03 MB       | CPU_Intensive           | 278.37            | 278.82          | 0.46          | 2   |
 563    | 0.03 MB       | Generic_Service         | 279.01            | 279.12          | 0.11          | 2   |
 564    | 5.83 MB       | CPU_and_Data_Intensive  | 279.21            | 279.52          | 0.32          | 2   |
 566    | 0.04 MB       | Generic_Service         | 280.74            | 280.83          | 0.08          | 2   |
 567    | 0.09 MB       | CPU_Intensive           | 280.89            | 280.93          | 0.04          | 2   |
 569    | 0.07 MB       | Generic_Service         | 282.41            | 282.53          | 0.12          | 2   |
 570    | 0.01 MB       | CPU_Intensive           | 282.93            | 283.03          | 0.1           | 2   |
 572    | 0.05 MB       | CPU_Intensive           | 284.11            | 284.33          | 0.22          | 1   |
 575    | 0.05 MB       | CPU_Intensive           | 284.98            | 285.33          | 0.35          | 2   |
 576    | 1.04 MB       | CPU_and_Data_Intensive  | 285.86            | 285.93          | 0.08          | 2   |
 577    | 0.03 MB       | CPU_Intensive           | 285.95            | 286.13          | 0.18          | 1   |
 578    | 0.52 MB       | CPU_and_Data_Intensive  | 286.19            | 286.43          | 0.24          | 2   |
 580    | 0.06 MB       | CPU_Intensive           | 287.03            | 287.13          | 0.1           | 2   |
 582    | 0.03 MB       | Generic_Service         | 289.44            | 289.64          | 0.19          | 2   |
 583    | 0.07 MB       | CPU_Intensive           | 289.76            | 290.14          | 0.38          | 2   |
 584    | 0.08 MB       | Generic_Service         | 290.62            | 290.84          | 0.22          | 2   |
 585    | 0.03 MB       | CPU_Intensive           | 290.71            | 290.94          | 0.23          | 2   |
 586    | 0.22 MB       | CPU_and_Data_Intensive  | 291.37            | 291.64          | 0.28          | 2   |
 588    | 0.02 MB       | CPU_Intensive           | 292.93            | 293.44          | 0.52          | 2   |
 589    | 0.02 MB       | Generic_Service         | 293.3             | 293.55          | 0.25          | 2   |
 587    | 19.68 MB      | CPU_and_Data_Intensive  | 292.76            | 293.75          | 0.99          | 2   |
 591    | 0.03 MB       | CPU_Intensive           | 294.35            | 294.75          | 0.4           | 2   |
 592    | 0.03 MB       | CPU_Intensive           | 294.63            | 294.85          | 0.22          | 2   |
 593    | 0.03 MB       | CPU_Intensive           | 294.71            | 294.95          | 0.24          | 2   |
 594    | 0.03 MB       | CPU_Intensive           | 295.3             | 295.65          | 0.36          | 2   |
 596    | 1.52 MB       | CPU_and_Data_Intensive  | 297.93            | 298.56          | 0.63          | 2   |
 595    | 0.03 MB       | CPU_Intensive           | 297.78            | 298.66          | 0.88          | 2   |
 598    | 0.07 MB       | CPU_Intensive           | 299.43            | 299.66          | 0.23          | 2   |

----------
TASK GLOBALI 498 

TOT TASK IN ROUTING SYS: 498

id     | CurrentNode          | Hop | Label           | Resolution    | Start Routing (s) | End Routing (s) | duration      | Algo
[92m1      | OBS                  | 1   | TASK_ARRIVED    | CPU_Intensive         | 0.42              | 0.8             | 0.38          | GREEDY:100.0%[0m
[92m2      | OBS                  | 2   | TASK_ARRIVED    | CPU_Intensive         | 0.8               | 2.1             | 1.3           | GREEDY:100.0%[0m
[92m3      | OBS                  | 2   | TASK_ARRIVED    | Generic_Service       | 1.82              | 2.0             | 0.18          | GREEDY:100.0%[0m
[92m4      | OBS                  | 2   | TASK_ARRIVED    | Generic_Service       | 1.94              | 2.2             | 0.26          | GREEDY:100.0%[0m
[92m5      | OBS                  | 2   | TASK_ARRIVED    | Generic_Service       | 2.71              | 2.9             | 0.2           | GREEDY:100.0%[0m
[92m6      | OBS                  | 2   | TASK_ARRIVED    | CPU_Intensive         | 4.39              | 4.51            | 0.12          | GREEDY:100.0%[0m
[92m7      | OBS                  | 2   | TASK_ARRIVED    | CPU_and_Data_Intensive| 4.77              | 5.71            | 0.94          | GREEDY:100.0%[0m
[92m8      | OBS                  | 2   | TASK_ARRIVED    | CPU_and_Data_Intensive| 4.82              | 5.01            | 0.19          | GREEDY:100.0%[0m
[92m9      | OBS                  | 2   | TASK_ARRIVED    | Generic_Service       | 4.85              | 5.21            | 0.36          | GREEDY:100.0%[0m
[92m11     | OBS                  | 2   | TASK_ARRIVED    | CPU_and_Data_Intensive| 5.96              | 7.31            | 1.35          | GREEDY:100.0%[0m
[92m12     | OBS                  | 2   | TASK_ARRIVED    | Generic_Service       | 7.21              | 7.61            | 0.4           | GREEDY:100.0%[0m
[92m13     | OBS                  | 1   | TASK_ARRIVED    | Generic_Service       | 7.4               | 7.51            | 0.12          | GREEDY:100.0%[0m
[92m14     | OBS                  | 2   | TASK_ARRIVED    | Generic_Service       | 7.67              | 7.81            | 0.14          | GREEDY:100.0%[0m
[92m15     | OBS                  | 2   | TASK_ARRIVED    | CPU_Intensive         | 8.39              | 8.71            | 0.32          | GREEDY:100.0%[0m
[92m16     | OBS                  | 2   | TASK_ARRIVED    | CPU_Intensive         | 8.68              | 10.02           | 1.34          | GREEDY:100.0%[0m
[92m17     | OBS                  | 2   | TASK_ARRIVED    | CPU_Intensive         | 9.77              | 10.22           | 0.44          | GREEDY:100.0%[0m
[92m18     | OBS                  | 2   | TASK_ARRIVED    | CPU_Intensive         | 10.69             | 10.92           | 0.23          | GREEDY:100.0%[0m
[92m19     | OBS                  | 2   | TASK_ARRIVED    | CPU_Intensive         | 10.78             | 12.22           | 1.45          | GREEDY:100.0%[0m
[92m20     | OBS                  | 2   | TASK_ARRIVED    | CPU_and_Data_Intensive| 10.78             | 11.42           | 0.64          | GREEDY:100.0%[0m
[92m21     | OBS                  | 1   | TASK_ARRIVED    | CPU_Intensive         | 11.49             | 11.72           | 0.23          | GREEDY:100.0%[0m
[92m22     | OBS                  | 1   | TASK_ARRIVED    | Generic_Service       | 11.56             | 11.72           | 0.16          | GREEDY:100.0%[0m
[92m23     | OBS                  | 1   | TASK_ARRIVED    | Generic_Service       | 12.18             | 12.32           | 0.15          | GREEDY:100.0%[0m
[92m24     | OBS                  | 2   | TASK_ARRIVED    | Generic_Service       | 13.09             | 13.32           | 0.23          | GREEDY:100.0%[0m
[92m26     | OBS                  | 2   | TASK_ARRIVED    | CPU_and_Data_Intensive| 13.66             | 13.92           | 0.26          | GREEDY:100.0%[0m
[92m28     | OBS                  | 1   | TASK_ARRIVED    | CPU_Intensive         | 14.68             | 16.43           | 1.74          | GREEDY:100.0%[0m
[92m29     | OBS                  | 2   | TASK_ARRIVED    | Generic_Service       | 14.8              | 15.13           | 0.32          | GREEDY:100.0%[0m
[92m30     | OBS                  | 2   | TASK_ARRIVED    | CPU_Intensive         | 15.08             | 15.23           | 0.14          | GREEDY:100.0%[0m
[92m31     | OBS                  | 2   | TASK_ARRIVED    | Generic_Service       | 15.57             | 15.73           | 0.16          | GREEDY:100.0%[0m
[92m32     | OBS                  | 2   | TASK_ARRIVED    | Generic_Service       | 16.44             | 16.63           | 0.19          | GREEDY:100.0%[0m
[92m33     | OBS                  | 2   | TASK_ARRIVED    | CPU_and_Data_Intensive| 16.5              | 16.93           | 0.43          | GREEDY:100.0%[0m
[92m34     | OBS                  | 2   | TASK_ARRIVED    | CPU_Intensive         | 16.75             | 17.53           | 0.78          | GREEDY:100.0%[0m
[92m35     | OBS                  | 2   | TASK_ARRIVED    | Generic_Service       | 17.69             | 17.83           | 0.14          | GREEDY:100.0%[0m
[92m36     | OBS                  | 2   | TASK_ARRIVED    | Generic_Service       | 17.81             | 18.03           | 0.22          | GREEDY:100.0%[0m
[92m37     | OBS                  | 2   | TASK_ARRIVED    | Generic_Service       | 18.28             | 18.63           | 0.36          | GREEDY:100.0%[0m
[92m38     | OBS                  | 2   | TASK_ARRIVED    | Generic_Service       | 19.1              | 19.44           | 0.33          | GREEDY:100.0%[0m
[92m39     | OBS                  | 2   | TASK_ARRIVED    | CPU_and_Data_Intensive| 19.6              | 19.94           | 0.34          | GREEDY:100.0%[0m
[92m40     | OBS                  | 2   | TASK_ARRIVED    | CPU_Intensive         | 22.71             | 22.94           | 0.23          | GREEDY:100.0%[0m
[92m41     | OBS                  | 2   | TASK_ARRIVED    | Generic_Service       | 23.66             | 23.84           | 0.18          | GREEDY:100.0%[0m
[92m43     | OBS                  | 2   | TASK_ARRIVED    | Generic_Service       | 23.81             | 23.94           | 0.13          | GREEDY:100.0%[0m
[92m44     | OBS                  | 2   | TASK_ARRIVED    | Generic_Service       | 23.96             | 24.14           | 0.19          | GREEDY:100.0%[0m
[92m45     | OBS                  | 1   | TASK_ARRIVED    | Generic_Service       | 24.43             | 24.54           | 0.11          | GREEDY:100.0%[0m
[92m47     | OBS                  | 2   | TASK_ARRIVED    | CPU_Intensive         | 25.94             | 26.45           | 0.5           | GREEDY:100.0%[0m
[92m48     | OBS                  | 1   | TASK_ARRIVED    | Generic_Service       | 26.59             | 26.65           | 0.05          | GREEDY:100.0%[0m
[92m49     | OBS                  | 2   | TASK_ARRIVED    | CPU_and_Data_Intensive| 27.38             | 28.05           | 0.67          | GREEDY:100.0%[0m
[92m50     | OBS                  | 1   | TASK_ARRIVED    | Generic_Service       | 27.45             | 27.55           | 0.1           | GREEDY:100.0%[0m
[92m51     | OBS                  | 2   | TASK_ARRIVED    | CPU_Intensive         | 27.93             | 28.15           | 0.22          | GREEDY:100.0%[0m
[92m53     | OBS                  | 2   | TASK_ARRIVED    | CPU_and_Data_Intensive| 29.23             | 30.05           | 0.82          | GREEDY:100.0%[0m
[92m54     | OBS                  | 2   | TASK_ARRIVED    | CPU_and_Data_Intensive| 29.29             | 29.65           | 0.36          | GREEDY:100.0%[0m
[92m55     | OBS                  | 2   | TASK_ARRIVED    | CPU_and_Data_Intensive| 29.42             | 31.25           | 1.83          | GREEDY:100.0%[0m
[92m56     | OBS                  | 1   | TASK_ARRIVED    | CPU_Intensive         | 30.12             | 30.35           | 0.23          | GREEDY:100.0%[0m
[92m57     | OBS                  | 2   | TASK_ARRIVED    | Generic_Service       | 30.6              | 30.75           | 0.15          | GREEDY:100.0%[0m
[92m58     | OBS                  | 1   | TASK_ARRIVED    | CPU_and_Data_Intensive| 30.85             | 31.15           | 0.3           | GREEDY:100.0%[0m
[92m59     | OBS                  | 2   | TASK_ARRIVED    | CPU_Intensive         | 32.08             | 32.45           | 0.38          | GREEDY:100.0%[0m
[92m60     | OBS                  | 2   | TASK_ARRIVED    | Generic_Service       | 33.2              | 33.35           | 0.16          | GREEDY:100.0%[0m
[92m61     | OBS                  | 1   | TASK_ARRIVED    | CPU_Intensive         | 33.21             | 33.25           | 0.05          | GREEDY:100.0%[0m
[92m63     | OBS                  | 2   | TASK_ARRIVED    | Generic_Service       | 34.26             | 34.46           | 0.19          | GREEDY:100.0%[0m
[92m64     | OBS                  | 2   | TASK_ARRIVED    | Generic_Service       | 34.37             | 34.56           | 0.18          | GREEDY:100.0%[0m
[92m65     | OBS                  | 2   | TASK_ARRIVED    | CPU_and_Data_Intensive| 35.42             | 36.16           | 0.74          | GREEDY:100.0%[0m
[92m66     | OBS                  | 2   | TASK_ARRIVED    | CPU_Intensive         | 35.66             | 35.76           | 0.09          | GREEDY:100.0%[0m
[92m67     | OBS                  | 2   | TASK_ARRIVED    | CPU_and_Data_Intensive| 36.32             | 36.76           | 0.44          | GREEDY:100.0%[0m
[92m68     | OBS                  | 2   | TASK_ARRIVED    | Generic_Service       | 36.64             | 36.66           | 0.02          | GREEDY:100.0%[0m
[92m69     | OBS                  | 1   | TASK_ARRIVED    | CPU_Intensive         | 36.82             | 36.96           | 0.14          | GREEDY:100.0%[0m
[92m70     | OBS                  | 1   | TASK_ARRIVED    | CPU_and_Data_Intensive| 36.99             | 37.46           | 0.47          | GREEDY:100.0%[0m
[92m71     | OBS                  | 2   | TASK_ARRIVED    | CPU_Intensive         | 37.06             | 37.56           | 0.51          | GREEDY:100.0%[0m
[92m72     | OBS                  | 2   | TASK_ARRIVED    | Generic_Service       | 38.58             | 38.86           | 0.28          | GREEDY:100.0%[0m
[92m73     | OBS                  | 2   | TASK_ARRIVED    | CPU_and_Data_Intensive| 38.68             | 39.07           | 0.39          | GREEDY:100.0%[0m
[92m74     | OBS                  | 2   | TASK_ARRIVED    | Generic_Service       | 40.45             | 40.47           | 0.02          | GREEDY:100.0%[0m
[92m75     | OBS                  | 1   | TASK_ARRIVED    | CPU_and_Data_Intensive| 40.47             | 40.57           | 0.1           | GREEDY:100.0%[0m
[92m76     | OBS                  | 2   | TASK_ARRIVED    | Generic_Service       | 40.65             | 40.67           | 0.02          | GREEDY:100.0%[0m
[92m77     | OBS                  | 2   | TASK_ARRIVED    | CPU_and_Data_Intensive| 41.15             | 41.47           | 0.32          | GREEDY:100.0%[0m
[92m78     | OBS                  | 2   | TASK_ARRIVED    | Generic_Service       | 41.29             | 41.57           | 0.28          | GREEDY:100.0%[0m
[92m79     | OBS                  | 1   | TASK_ARRIVED    | Generic_Service       | 42.79             | 42.97           | 0.19          | GREEDY:100.0%[0m
[92m80     | OBS                  | 2   | TASK_ARRIVED    | CPU_and_Data_Intensive| 42.79             | 42.87           | 0.08          | GREEDY:100.0%[0m
[92m81     | OBS                  | 1   | TASK_ARRIVED    | CPU_Intensive         | 42.83             | 43.37           | 0.55          | GREEDY:100.0%[0m
[92m82     | OBS                  | 1   | TASK_ARRIVED    | Generic_Service       | 43.26             | 43.47           | 0.22          | GREEDY:100.0%[0m
[92m83     | OBS                  | 2   | TASK_ARRIVED    | CPU_and_Data_Intensive| 43.87             | 43.97           | 0.1           | GREEDY:100.0%[0m
[92m84     | OBS                  | 2   | TASK_ARRIVED    | Generic_Service       | 45.57             | 45.67           | 0.11          | GREEDY:100.0%[0m
[92m85     | OBS                  | 2   | TASK_ARRIVED    | Generic_Service       | 46.18             | 46.38           | 0.19          | GREEDY:100.0%[0m
[92m86     | OBS                  | 2   | TASK_ARRIVED    | CPU_and_Data_Intensive| 46.3              | 46.68           | 0.38          | GREEDY:100.0%[0m
[92m88     | OBS                  | 2   | TASK_ARRIVED    | Generic_Service       | 46.99             | 47.28           | 0.29          | GREEDY:100.0%[0m
[92m89     | OBS                  | 2   | TASK_ARRIVED    | CPU_and_Data_Intensive| 47.42             | 48.38           | 0.97          | GREEDY:100.0%[0m
[92m90     | OBS                  | 2   | TASK_ARRIVED    | CPU_and_Data_Intensive| 47.75             | 48.89           | 1.13          | GREEDY:100.0%[0m
[92m91     | OBS                  | 2   | TASK_ARRIVED    | Generic_Service       | 48.12             | 48.18           | 0.06          | GREEDY:100.0%[0m
[92m93     | OBS                  | 2   | TASK_ARRIVED    | Generic_Service       | 49.97             | 50.09           | 0.12          | GREEDY:100.0%[0m
[92m94     | OBS                  | 2   | TASK_ARRIVED    | CPU_Intensive         | 50.54             | 50.69           | 0.15          | GREEDY:100.0%[0m
[92m95     | OBS                  | 2   | TASK_ARRIVED    | CPU_and_Data_Intensive| 50.77             | 51.19           | 0.42          | GREEDY:100.0%[0m
[92m96     | OBS                  | 1   | TASK_ARRIVED    | CPU_and_Data_Intensive| 50.82             | 51.09           | 0.27          | GREEDY:100.0%[0m
[92m97     | OBS                  | 2   | TASK_ARRIVED    | Generic_Service       | 50.95             | 51.19           | 0.25          | GREEDY:100.0%[0m
[92m98     | OBS                  | 1   | TASK_ARRIVED    | CPU_and_Data_Intensive| 51.01             | 51.89           | 0.88          | GREEDY:100.0%[0m
[92m99     | OBS                  | 2   | TASK_ARRIVED    | CPU_Intensive         | 51.94             | 52.9            | 0.96          | GREEDY:100.0%[0m
[92m100    | OBS                  | 2   | TASK_ARRIVED    | Generic_Service       | 52.61             | 52.9            | 0.29          | GREEDY:100.0%[0m
[92m101    | OBS                  | 2   | TASK_ARRIVED    | Generic_Service       | 52.8              | 53.0            | 0.2           | GREEDY:100.0%[0m
[92m102    | OBS                  | 2   | TASK_ARRIVED    | CPU_Intensive         | 52.99             | 53.1            | 0.1           | GREEDY:100.0%[0m
[92m103    | OBS                  | 1   | TASK_ARRIVED    | CPU_Intensive         | 53.76             | 54.8            | 1.04          | GREEDY:100.0%[0m
[92m104    | OBS                  | 2   | TASK_ARRIVED    | Generic_Service       | 54.91             | 55.1            | 0.19          | GREEDY:100.0%[0m
[92m105    | OBS                  | 2   | TASK_ARRIVED    | Generic_Service       | 55.24             | 55.5            | 0.26          | GREEDY:100.0%[0m
[92m106    | OBS                  | 2   | TASK_ARRIVED    | Generic_Service       | 55.25             | 55.4            | 0.15          | GREEDY:100.0%[0m
[92m107    | OBS                  | 2   | TASK_ARRIVED    | CPU_Intensive         | 55.65             | 56.01           | 0.36          | GREEDY:100.0%[0m
[92m108    | OBS                  | 2   | TASK_ARRIVED    | Generic_Service       | 55.71             | 55.91           | 0.2           | GREEDY:100.0%[0m
[92m109    | OBS                  | 2   | TASK_ARRIVED    | Generic_Service       | 55.86             | 56.11           | 0.25          | GREEDY:100.0%[0m
[92m110    | OBS                  | 2   | TASK_ARRIVED    | CPU_Intensive         | 56.46             | 57.11           | 0.65          | GREEDY:100.0%[0m
[92m111    | OBS                  | 2   | TASK_ARRIVED    | Generic_Service       | 56.65             | 56.71           | 0.06          | GREEDY:100.0%[0m
[92m112    | OBS                  | 2   | TASK_ARRIVED    | Generic_Service       | 57.34             | 57.41           | 0.07          | GREEDY:100.0%[0m
[92m113    | OBS                  | 2   | TASK_ARRIVED    | Generic_Service       | 58.03             | 58.12           | 0.09          | GREEDY:100.0%[0m
[92m114    | OBS                  | 2   | TASK_ARRIVED    | CPU_Intensive         | 58.35             | 58.42           | 0.06          | GREEDY:100.0%[0m
[92m115    | OBS                  | 2   | TASK_ARRIVED    | Generic_Service       | 58.91             | 59.02           | 0.1           | GREEDY:100.0%[0m
[92m118    | OBS                  | 2   | TASK_ARRIVED    | Generic_Service       | 59.5              | 59.62           | 0.12          | GREEDY:100.0%[0m
[92m120    | OBS                  | 2   | TASK_ARRIVED    | CPU_Intensive         | 59.83             | 59.92           | 0.09          | GREEDY:100.0%[0m
[92m121    | OBS                  | 2   | TASK_ARRIVED    | CPU_Intensive         | 60.32             | 60.42           | 0.11          | GREEDY:100.0%[0m
[92m122    | OBS                  | 2   | TASK_ARRIVED    | CPU_and_Data_Intensive| 60.98             | 61.73           | 0.74          | GREEDY:100.0%[0m
[92m123    | OBS                  | 2   | TASK_ARRIVED    | CPU_Intensive         | 60.99             | 61.53           | 0.54          | GREEDY:100.0%[0m
[92m125    | OBS                  | 2   | TASK_ARRIVED    | Generic_Service       | 61.91             | 62.03           | 0.12          | GREEDY:100.0%[0m
[92m126    | OBS                  | 2   | TASK_ARRIVED    | CPU_Intensive         | 63.27             | 63.43           | 0.16          | GREEDY:100.0%[0m
[92m127    | OBS                  | 2   | TASK_ARRIVED    | CPU_and_Data_Intensive| 63.89             | 64.13           | 0.24          | GREEDY:100.0%[0m
[92m128    | OBS                  | 2   | TASK_ARRIVED    | Generic_Service       | 65.11             | 65.33           | 0.22          | GREEDY:100.0%[0m
[92m129    | OBS                  | 2   | TASK_ARRIVED    | CPU_Intensive         | 65.82             | 66.03           | 0.21          | GREEDY:100.0%[0m
[92m130    | OBS                  | 2   | TASK_ARRIVED    | CPU_and_Data_Intensive| 66.1              | 66.44           | 0.33          | GREEDY:100.0%[0m
[92m131    | OBS                  | 2   | TASK_ARRIVED    | CPU_Intensive         | 66.28             | 66.84           | 0.56          | GREEDY:100.0%[0m
[92m132    | OBS                  | 2   | TASK_ARRIVED    | CPU_Intensive         | 66.98             | 68.14           | 1.16          | GREEDY:100.0%[0m
[92m133    | OBS                  | 2   | TASK_ARRIVED    | CPU_Intensive         | 68.2              | 68.84           | 0.64          | GREEDY:100.0%[0m
[92m136    | OBS                  | 2   | TASK_ARRIVED    | CPU_Intensive         | 68.94             | 69.84           | 0.9           | GREEDY:100.0%[0m
[92m137    | OBS                  | 2   | TASK_ARRIVED    | CPU_and_Data_Intensive| 69.13             | 69.94           | 0.81          | GREEDY:100.0%[0m
[92m138    | OBS                  | 2   | TASK_ARRIVED    | CPU_and_Data_Intensive| 70.44             | 70.95           | 0.51          | GREEDY:100.0%[0m
[92m139    | OBS                  | 2   | TASK_ARRIVED    | CPU_and_Data_Intensive| 71.12             | 72.45           | 1.33          | GREEDY:100.0%[0m
[92m140    | OBS                  | 2   | TASK_ARRIVED    | CPU_and_Data_Intensive| 71.41             | 71.85           | 0.44          | GREEDY:100.0%[0m
[92m141    | OBS                  | 2   | TASK_ARRIVED    | CPU_and_Data_Intensive| 71.46             | 71.75           | 0.29          | GREEDY:100.0%[0m
[92m142    | OBS                  | 2   | TASK_ARRIVED    | CPU_and_Data_Intensive| 73.04             | 73.25           | 0.21          | GREEDY:100.0%[0m
[92m143    | OBS                  | 2   | TASK_ARRIVED    | Generic_Service       | 73.94             | 74.15           | 0.22          | GREEDY:100.0%[0m
[92m144    | OBS                  | 2   | TASK_ARRIVED    | Generic_Service       | 74.07             | 74.35           | 0.28          | GREEDY:100.0%[0m
[92m145    | OBS                  | 2   | TASK_ARRIVED    | CPU_Intensive         | 74.72             | 74.96           | 0.24          | GREEDY:100.0%[0m
[92m146    | OBS                  | 2   | TASK_ARRIVED    | Generic_Service       | 75.54             | 75.66           | 0.12          | GREEDY:100.0%[0m
[92m147    | OBS                  | 2   | TASK_ARRIVED    | CPU_Intensive         | 75.86             | 76.16           | 0.3           | GREEDY:100.0%[0m
[92m148    | OBS                  | 2   | TASK_ARRIVED    | Generic_Service       | 76.64             | 76.86           | 0.22          | GREEDY:100.0%[0m
[92m149    | OBS                  | 2   | TASK_ARRIVED    | CPU_Intensive         | 77.76             | 78.16           | 0.4           | GREEDY:100.0%[0m
[92m150    | OBS                  | 2   | TASK_ARRIVED    | CPU_and_Data_Intensive| 77.97             | 78.26           | 0.29          | GREEDY:100.0%[0m
[92m151    | OBS                  | 2   | TASK_ARRIVED    | Generic_Service       | 78.14             | 78.36           | 0.23          | GREEDY:100.0%[0m
[92m152    | OBS                  | 2   | TASK_ARRIVED    | CPU_and_Data_Intensive| 80.66             | 81.27           | 0.61          | GREEDY:100.0%[0m
[92m153    | OBS                  | 2   | TASK_ARRIVED    | CPU_Intensive         | 82.69             | 83.97           | 1.28          | GREEDY:100.0%[0m
[92m154    | OBS                  | 2   | TASK_ARRIVED    | CPU_Intensive         | 82.89             | 83.37           | 0.48          | GREEDY:100.0%[0m
[92m156    | OBS                  | 2   | TASK_ARRIVED    | Generic_Service       | 83.99             | 84.17           | 0.18          | GREEDY:100.0%[0m
[92m157    | OBS                  | 2   | TASK_ARRIVED    | CPU_and_Data_Intensive| 84.03             | 84.37           | 0.34          | GREEDY:100.0%[0m
[92m158    | OBS                  | 2   | TASK_ARRIVED    | Generic_Service       | 84.09             | 84.27           | 0.18          | GREEDY:100.0%[0m
[92m159    | OBS                  | 2   | TASK_ARRIVED    | CPU_Intensive         | 84.22             | 84.58           | 0.35          | GREEDY:100.0%[0m
[92m160    | OBS                  | 2   | TASK_ARRIVED    | CPU_Intensive         | 84.87             | 86.18           | 1.3           | GREEDY:100.0%[0m
[92m161    | OBS                  | 2   | TASK_ARRIVED    | CPU_and_Data_Intensive| 86.07             | 87.48           | 1.41          | GREEDY:100.0%[0m
[92m162    | OBS                  | 2   | TASK_ARRIVED    | Generic_Service       | 86.12             | 86.38           | 0.25          | GREEDY:100.0%[0m
[92m163    | OBS                  | 2   | TASK_ARRIVED    | CPU_and_Data_Intensive| 86.48             | 86.88           | 0.4           | GREEDY:100.0%[0m
[92m165    | OBS                  | 2   | TASK_ARRIVED    | Generic_Service       | 87.9              | 88.08           | 0.19          | GREEDY:100.0%[0m
[92m167    | OBS                  | 2   | TASK_ARRIVED    | CPU_and_Data_Intensive| 88.53             | 89.29           | 0.76          | GREEDY:100.0%[0m
[92m168    | OBS                  | 2   | TASK_ARRIVED    | CPU_Intensive         | 88.73             | 89.29           | 0.56          | GREEDY:100.0%[0m
[92m169    | OBS                  | 2   | TASK_ARRIVED    | Generic_Service       | 88.98             | 89.19           | 0.21          | GREEDY:100.0%[0m
[92m170    | OBS                  | 2   | TASK_ARRIVED    | CPU_and_Data_Intensive| 90.75             | 91.59           | 0.85          | GREEDY:100.0%[0m
[92m171    | OBS                  | 2   | TASK_ARRIVED    | CPU_and_Data_Intensive| 90.82             | 91.19           | 0.37          | GREEDY:100.0%[0m
[92m172    | OBS                  | 2   | TASK_ARRIVED    | Generic_Service       | 91.19             | 91.39           | 0.2           | GREEDY:100.0%[0m
[92m173    | OBS                  | 2   | TASK_ARRIVED    | Generic_Service       | 92.87             | 93.1            | 0.22          | GREEDY:100.0%[0m
[92m174    | OBS                  | 2   | TASK_ARRIVED    | CPU_and_Data_Intensive| 93.36             | 93.6            | 0.23          | GREEDY:100.0%[0m
[92m175    | OBS                  | 2   | TASK_ARRIVED    | Generic_Service       | 93.66             | 93.9            | 0.24          | GREEDY:100.0%[0m
[92m176    | OBS                  | 2   | TASK_ARRIVED    | CPU_and_Data_Intensive| 94.07             | 95.1            | 1.03          | GREEDY:100.0%[0m
[92m177    | OBS                  | 2   | TASK_ARRIVED    | Generic_Service       | 94.31             | 94.5            | 0.19          | GREEDY:100.0%[0m
[92m178    | OBS                  | 2   | TASK_ARRIVED    | Generic_Service       | 94.79             | 95.0            | 0.22          | GREEDY:100.0%[0m
[92m179    | OBS                  | 2   | TASK_ARRIVED    | CPU_Intensive         | 95.38             | 95.71           | 0.32          | GREEDY:100.0%[0m
[92m180    | OBS                  | 2   | TASK_ARRIVED    | Generic_Service       | 95.91             | 96.11           | 0.2           | GREEDY:100.0%[0m
[92m182    | OBS                  | 2   | TASK_ARRIVED    | CPU_and_Data_Intensive| 99.1              | 100.01          | 0.92          | GREEDY:100.0%[0m
[92m183    | OBS                  | 2   | TASK_ARRIVED    | Generic_Service       | 99.57             | 99.91           | 0.34          | GREEDY:100.0%[0m
[92m184    | OBS                  | 2   | TASK_ARRIVED    | Generic_Service       | 99.61             | 99.81           | 0.2           | GREEDY:100.0%[0m
[92m185    | OBS                  | 2   | TASK_ARRIVED    | Generic_Service       | 100.25            | 100.52          | 0.27          | GREEDY:100.0%[0m
[92m186    | OBS                  | 2   | TASK_ARRIVED    | Generic_Service       | 100.28            | 100.42          | 0.14          | GREEDY:100.0%[0m
[92m187    | OBS                  | 2   | TASK_ARRIVED    | Generic_Service       | 100.56            | 100.72          | 0.16          | GREEDY:100.0%[0m
[92m189    | OBS                  | 2   | TASK_ARRIVED    | Generic_Service       | 101.93            | 102.12          | 0.19          | GREEDY:100.0%[0m
[92m190    | OBS                  | 1   | TASK_ARRIVED    | Generic_Service       | 101.98            | 102.02          | 0.04          | GREEDY:100.0%[0m
[92m191    | OBS                  | 2   | TASK_ARRIVED    | CPU_Intensive         | 102.41            | 102.62          | 0.21          | GREEDY:100.0%[0m
[92m192    | OBS                  | 2   | TASK_ARRIVED    | CPU_and_Data_Intensive| 102.76            | 103.52          | 0.76          | GREEDY:100.0%[0m
[92m194    | OBS                  | 1   | TASK_ARRIVED    | CPU_Intensive         | 103.43            | 103.52          | 0.09          | GREEDY:100.0%[0m
[92m195    | OBS                  | 2   | TASK_ARRIVED    | CPU_Intensive         | 103.56            | 103.83          | 0.26          | GREEDY:100.0%[0m
[92m197    | OBS                  | 2   | TASK_ARRIVED    | CPU_and_Data_Intensive| 103.88            | 104.23          | 0.35          | GREEDY:100.0%[0m
[92m198    | OBS                  | 2   | TASK_ARRIVED    | CPU_Intensive         | 104.06            | 104.33          | 0.27          | GREEDY:100.0%[0m
[92m199    | OBS                  | 2   | TASK_ARRIVED    | CPU_and_Data_Intensive| 104.28            | 105.23          | 0.95          | GREEDY:100.0%[0m
[92m200    | OBS                  | 2   | TASK_ARRIVED    | Generic_Service       | 104.99            | 105.23          | 0.24          | GREEDY:100.0%[0m
[92m201    | OBS                  | 2   | TASK_ARRIVED    | CPU_and_Data_Intensive| 105.39            | 105.73          | 0.34          | GREEDY:100.0%[0m
[92m202    | OBS                  | 1   | TASK_ARRIVED    | CPU_Intensive         | 105.98            | 106.03          | 0.05          | GREEDY:100.0%[0m
[92m203    | OBS                  | 2   | TASK_ARRIVED    | Generic_Service       | 106.36            | 106.54          | 0.18          | GREEDY:100.0%[0m
[92m204    | OBS                  | 2   | TASK_ARRIVED    | CPU_Intensive         | 106.82            | 107.64          | 0.82          | GREEDY:100.0%[0m
[92m206    | OBS                  | 2   | TASK_ARRIVED    | Generic_Service       | 108.81            | 108.94          | 0.13          | GREEDY:100.0%[0m
[92m207    | OBS                  | 1   | TASK_ARRIVED    | Generic_Service       | 109.07            | 109.24          | 0.17          | GREEDY:100.0%[0m
[92m208    | OBS                  | 1   | TASK_ARRIVED    | CPU_and_Data_Intensive| 109.84            | 110.04          | 0.2           | GREEDY:100.0%[0m
[92m209    | OBS                  | 2   | TASK_ARRIVED    | Generic_Service       | 110.66            | 110.84          | 0.19          | GREEDY:100.0%[0m
[92m210    | OBS                  | 2   | TASK_ARRIVED    | CPU_and_Data_Intensive| 111.28            | 111.84          | 0.56          | GREEDY:100.0%[0m
[92m211    | OBS                  | 2   | TASK_ARRIVED    | CPU_and_Data_Intensive| 111.72            | 111.95          | 0.23          | GREEDY:100.0%[0m
[92m212    | OBS                  | 2   | TASK_ARRIVED    | CPU_Intensive         | 111.91            | 112.65          | 0.74          | GREEDY:100.0%[0m
[92m213    | OBS                  | 2   | TASK_ARRIVED    | Generic_Service       | 113.93            | 114.25          | 0.32          | GREEDY:100.0%[0m
[92m214    | OBS                  | 2   | TASK_ARRIVED    | CPU_Intensive         | 114.39            | 115.05          | 0.67          | GREEDY:100.0%[0m
[92m215    | OBS                  | 2   | TASK_ARRIVED    | CPU_Intensive         | 114.78            | 115.05          | 0.27          | GREEDY:100.0%[0m
[92m216    | OBS                  | 2   | TASK_ARRIVED    | CPU_Intensive         | 115.03            | 115.36          | 0.33          | GREEDY:100.0%[0m
[92m217    | OBS                  | 2   | TASK_ARRIVED    | Generic_Service       | 115.48            | 115.66          | 0.18          | GREEDY:100.0%[0m
[92m218    | OBS                  | 2   | TASK_ARRIVED    | CPU_Intensive         | 115.51            | 115.96          | 0.45          | GREEDY:100.0%[0m
[92m219    | OBS                  | 1   | TASK_ARRIVED    | Generic_Service       | 115.55            | 115.66          | 0.11          | GREEDY:100.0%[0m
[92m220    | OBS                  | 2   | TASK_ARRIVED    | Generic_Service       | 115.64            | 115.86          | 0.22          | GREEDY:100.0%[0m
[92m223    | OBS                  | 2   | TASK_ARRIVED    | CPU_and_Data_Intensive| 116.18            | 116.56          | 0.38          | GREEDY:100.0%[0m
[92m224    | OBS                  | 1   | TASK_ARRIVED    | Generic_Service       | 116.3             | 116.36          | 0.06          | GREEDY:100.0%[0m
[92m225    | OBS                  | 2   | TASK_ARRIVED    | CPU_and_Data_Intensive| 117.48            | 118.77          | 1.29          | GREEDY:100.0%[0m
[92m226    | OBS                  | 2   | TASK_ARRIVED    | CPU_Intensive         | 118.6             | 118.67          | 0.07          | GREEDY:100.0%[0m
[92m227    | OBS                  | 2   | TASK_ARRIVED    | Generic_Service       | 119.37            | 119.57          | 0.19          | GREEDY:100.0%[0m
[92m228    | OBS                  | 1   | TASK_ARRIVED    | CPU_Intensive         | 119.39            | 119.67          | 0.27          | GREEDY:100.0%[0m
[92m229    | OBS                  | 2   | TASK_ARRIVED    | CPU_Intensive         | 119.81            | 119.97          | 0.16          | GREEDY:100.0%[0m
[92m230    | OBS                  | 2   | TASK_ARRIVED    | CPU_Intensive         | 120.19            | 120.97          | 0.78          | GREEDY:100.0%[0m
[92m231    | OBS                  | 2   | TASK_ARRIVED    | CPU_and_Data_Intensive| 120.73            | 121.77          | 1.04          | GREEDY:100.0%[0m
[92m232    | OBS                  | 2   | TASK_ARRIVED    | Generic_Service       | 122.49            | 122.57          | 0.08          | GREEDY:100.0%[0m
[92m233    | OBS                  | 2   | TASK_ARRIVED    | Generic_Service       | 123.31            | 123.37          | 0.07          | GREEDY:100.0%[0m
[92m234    | OBS                  | 2   | TASK_ARRIVED    | CPU_and_Data_Intensive| 123.62            | 123.88          | 0.25          | GREEDY:100.0%[0m
[92m235    | OBS                  | 2   | TASK_ARRIVED    | CPU_Intensive         | 123.72            | 124.38          | 0.65          | GREEDY:100.0%[0m
[92m236    | OBS                  | 2   | TASK_ARRIVED    | Generic_Service       | 124.05            | 124.28          | 0.22          | GREEDY:100.0%[0m
[92m237    | OBS                  | 2   | TASK_ARRIVED    | Generic_Service       | 124.08            | 124.18          | 0.1           | GREEDY:100.0%[0m
[92m238    | OBS                  | 2   | TASK_ARRIVED    | CPU_and_Data_Intensive| 124.37            | 124.88          | 0.51          | GREEDY:100.0%[0m
[92m239    | OBS                  | 2   | TASK_ARRIVED    | CPU_Intensive         | 125.68            | 126.18          | 0.5           | GREEDY:100.0%[0m
[92m240    | OBS                  | 2   | TASK_ARRIVED    | CPU_Intensive         | 125.79            | 126.48          | 0.7           | GREEDY:100.0%[0m
[92m242    | OBS                  | 2   | TASK_ARRIVED    | Generic_Service       | 126.79            | 126.88          | 0.1           | GREEDY:100.0%[0m
[92m243    | OBS                  | 2   | TASK_ARRIVED    | Generic_Service       | 126.84            | 126.98          | 0.15          | GREEDY:100.0%[0m
[92m245    | OBS                  | 2   | TASK_ARRIVED    | CPU_Intensive         | 129.89            | 130.19          | 0.29          | GREEDY:100.0%[0m
[92m247    | OBS                  | 2   | TASK_ARRIVED    | CPU_Intensive         | 130.1             | 130.59          | 0.49          | GREEDY:100.0%[0m
[92m249    | OBS                  | 2   | TASK_ARRIVED    | Generic_Service       | 131.64            | 131.79          | 0.14          | GREEDY:100.0%[0m
[92m250    | OBS                  | 2   | TASK_ARRIVED    | Generic_Service       | 131.84            | 131.99          | 0.15          | GREEDY:100.0%[0m
[92m251    | OBS                  | 2   | TASK_ARRIVED    | CPU_Intensive         | 132.07            | 132.19          | 0.12          | GREEDY:100.0%[0m
[92m252    | OBS                  | 2   | TASK_ARRIVED    | Generic_Service       | 132.13            | 132.29          | 0.16          | GREEDY:100.0%[0m
[92m253    | OBS                  | 2   | TASK_ARRIVED    | CPU_and_Data_Intensive| 132.25            | 132.89          | 0.64          | GREEDY:100.0%[0m
[92m254    | OBS                  | 1   | TASK_ARRIVED    | Generic_Service       | 132.85            | 132.99          | 0.14          | GREEDY:100.0%[0m
[92m255    | OBS                  | 2   | TASK_ARRIVED    | CPU_Intensive         | 132.87            | 132.99          | 0.12          | GREEDY:100.0%[0m
[92m256    | OBS                  | 1   | TASK_ARRIVED    | CPU_and_Data_Intensive| 133.41            | 133.49          | 0.08          | GREEDY:100.0%[0m
[92m257    | OBS                  | 2   | TASK_ARRIVED    | Generic_Service       | 134.92            | 135.1           | 0.18          | GREEDY:100.0%[0m
[92m258    | OBS                  | 2   | TASK_ARRIVED    | Generic_Service       | 135.89            | 136.0           | 0.11          | GREEDY:100.0%[0m
[92m259    | OBS                  | 2   | TASK_ARRIVED    | CPU_Intensive         | 136.53            | 136.8           | 0.27          | GREEDY:100.0%[0m
[92m260    | OBS                  | 2   | TASK_ARRIVED    | CPU_and_Data_Intensive| 136.72            | 136.9           | 0.18          | GREEDY:100.0%[0m
[92m261    | OBS                  | 2   | TASK_ARRIVED    | CPU_Intensive         | 137.35            | 138.4           | 1.05          | GREEDY:100.0%[0m
[92m262    | OBS                  | 2   | TASK_ARRIVED    | Generic_Service       | 137.38            | 137.6           | 0.22          | GREEDY:100.0%[0m
[92m263    | OBS                  | 2   | TASK_ARRIVED    | Generic_Service       | 138.33            | 138.5           | 0.17          | GREEDY:100.0%[0m
[92m265    | OBS                  | 2   | TASK_ARRIVED    | CPU_Intensive         | 139.42            | 140.0           | 0.59          | GREEDY:100.0%[0m
[92m266    | OBS                  | 2   | TASK_ARRIVED    | CPU_and_Data_Intensive| 140.54            | 141.11          | 0.57          | GREEDY:100.0%[0m
[92m267    | OBS                  | 1   | TASK_ARRIVED    | Generic_Service       | 140.63            | 140.7           | 0.07          | GREEDY:100.0%[0m
[92m269    | OBS                  | 2   | TASK_ARRIVED    | Generic_Service       | 141.21            | 141.51          | 0.3           | GREEDY:100.0%[0m
[92m270    | OBS                  | 1   | TASK_ARRIVED    | CPU_and_Data_Intensive| 141.99            | 142.31          | 0.32          | GREEDY:100.0%[0m
[92m272    | OBS                  | 2   | TASK_ARRIVED    | CPU_Intensive         | 144.45            | 144.91          | 0.45          | GREEDY:100.0%[0m
[92m273    | OBS                  | 2   | TASK_ARRIVED    | CPU_Intensive         | 145.0             | 145.91          | 0.91          | GREEDY:100.0%[0m
[92m275    | OBS                  | 2   | TASK_ARRIVED    | Generic_Service       | 146.08            | 146.31          | 0.23          | GREEDY:100.0%[0m
[92m277    | OBS                  | 2   | TASK_ARRIVED    | Generic_Service       | 146.58            | 146.71          | 0.13          | GREEDY:100.0%[0m
[92m278    | OBS                  | 2   | TASK_ARRIVED    | CPU_Intensive         | 146.69            | 146.81          | 0.12          | GREEDY:100.0%[0m
[92m279    | OBS                  | 2   | TASK_ARRIVED    | CPU_and_Data_Intensive| 147.69            | 147.81          | 0.12          | GREEDY:100.0%[0m
[92m280    | OBS                  | 2   | TASK_ARRIVED    | CPU_Intensive         | 147.8             | 148.41          | 0.62          | GREEDY:100.0%[0m
[92m281    | OBS                  | 2   | TASK_ARRIVED    | CPU_and_Data_Intensive| 148.59            | 149.62          | 1.03          | GREEDY:100.0%[0m
[92m282    | OBS                  | 2   | TASK_ARRIVED    | Generic_Service       | 148.71            | 148.82          | 0.1           | GREEDY:100.0%[0m
[92m283    | OBS                  | 2   | TASK_ARRIVED    | Generic_Service       | 148.89            | 149.12          | 0.23          | GREEDY:100.0%[0m
[92m284    | OBS                  | 2   | TASK_ARRIVED    | Generic_Service       | 150.56            | 150.72          | 0.16          | GREEDY:100.0%[0m
[92m285    | OBS                  | 2   | TASK_ARRIVED    | CPU_Intensive         | 151.0             | 151.22          | 0.23          | GREEDY:100.0%[0m
[92m286    | OBS                  | 2   | TASK_ARRIVED    | Generic_Service       | 151.47            | 151.82          | 0.36          | GREEDY:100.0%[0m
[92m288    | OBS                  | 2   | TASK_ARRIVED    | Generic_Service       | 152.16            | 152.43          | 0.27          | GREEDY:100.0%[0m
[92m289    | OBS                  | 2   | TASK_ARRIVED    | Generic_Service       | 152.31            | 152.53          | 0.22          | GREEDY:100.0%[0m
[92m290    | OBS                  | 2   | TASK_ARRIVED    | Generic_Service       | 152.75            | 153.03          | 0.28          | GREEDY:100.0%[0m
[92m291    | OBS                  | 2   | TASK_ARRIVED    | CPU_and_Data_Intensive| 153.32            | 153.63          | 0.32          | GREEDY:100.0%[0m
[92m292    | OBS                  | 2   | TASK_ARRIVED    | Generic_Service       | 153.44            | 153.73          | 0.29          | GREEDY:100.0%[0m
[92m293    | OBS                  | 2   | TASK_ARRIVED    | CPU_and_Data_Intensive| 153.57            | 153.83          | 0.27          | GREEDY:100.0%[0m
[92m294    | OBS                  | 2   | TASK_ARRIVED    | CPU_and_Data_Intensive| 153.59            | 155.14          | 1.55          | GREEDY:100.0%[0m
[92m295    | OBS                  | 2   | TASK_ARRIVED    | CPU_and_Data_Intensive| 153.73            | 154.63          | 0.9           | GREEDY:100.0%[0m
[92m296    | OBS                  | 2   | TASK_ARRIVED    | CPU_and_Data_Intensive| 154.03            | 155.24          | 1.21          | GREEDY:100.0%[0m
[92m298    | OBS                  | 2   | TASK_ARRIVED    | Generic_Service       | 155.71            | 155.74          | 0.03          | GREEDY:100.0%[0m
[92m299    | OBS                  | 2   | TASK_ARRIVED    | Generic_Service       | 157.99            | 158.14          | 0.15          | GREEDY:100.0%[0m
[92m300    | OBS                  | 2   | TASK_ARRIVED    | Generic_Service       | 159.45            | 159.74          | 0.29          | GREEDY:100.0%[0m
[92m301    | OBS                  | 1   | TASK_ARRIVED    | CPU_Intensive         | 159.89            | 160.44          | 0.55          | GREEDY:100.0%[0m
[92m302    | OBS                  | 2   | TASK_ARRIVED    | CPU_and_Data_Intensive| 160.45            | 161.55          | 1.1           | GREEDY:100.0%[0m
[92m303    | OBS                  | 1   | TASK_ARRIVED    | Generic_Service       | 160.58            | 160.64          | 0.06          | GREEDY:100.0%[0m
[92m304    | OBS                  | 2   | TASK_ARRIVED    | Generic_Service       | 160.78            | 160.84          | 0.06          | GREEDY:100.0%[0m
[92m305    | OBS                  | 2   | TASK_ARRIVED    | Generic_Service       | 161.78            | 161.85          | 0.06          | GREEDY:100.0%[0m
[92m306    | OBS                  | 2   | TASK_ARRIVED    | Generic_Service       | 162.69            | 162.85          | 0.16          | GREEDY:100.0%[0m
[92m307    | OBS                  | 2   | TASK_ARRIVED    | Generic_Service       | 164.96            | 165.15          | 0.19          | GREEDY:100.0%[0m
[92m308    | OBS                  | 2   | TASK_ARRIVED    | Generic_Service       | 165.17            | 165.25          | 0.08          | GREEDY:100.0%[0m
[92m310    | OBS                  | 2   | TASK_ARRIVED    | Generic_Service       | 165.91            | 166.15          | 0.24          | GREEDY:100.0%[0m
[92m311    | OBS                  | 2   | TASK_ARRIVED    | CPU_Intensive         | 165.96            | 166.86          | 0.9           | GREEDY:100.0%[0m
[92m312    | OBS                  | 2   | TASK_ARRIVED    | CPU_Intensive         | 166.05            | 166.96          | 0.9           | GREEDY:100.0%[0m
[92m313    | OBS                  | 2   | TASK_ARRIVED    | CPU_and_Data_Intensive| 166.33            | 167.86          | 1.53          | GREEDY:100.0%[0m
[92m314    | OBS                  | 2   | TASK_ARRIVED    | CPU_and_Data_Intensive| 166.86            | 167.76          | 0.9           | GREEDY:100.0%[0m
[92m315    | OBS                  | 1   | TASK_ARRIVED    | Generic_Service       | 166.97            | 167.06          | 0.09          | GREEDY:100.0%[0m
[92m316    | OBS                  | 1   | TASK_ARRIVED    | CPU_Intensive         | 167.07            | 167.66          | 0.58          | GREEDY:100.0%[0m
[92m317    | OBS                  | 2   | TASK_ARRIVED    | CPU_and_Data_Intensive| 168.35            | 168.66          | 0.32          | GREEDY:100.0%[0m
[92m318    | OBS                  | 2   | TASK_ARRIVED    | Generic_Service       | 168.89            | 169.16          | 0.28          | GREEDY:100.0%[0m
[92m319    | OBS                  | 2   | TASK_ARRIVED    | CPU_Intensive         | 169.32            | 169.37          | 0.05          | GREEDY:100.0%[0m
[92m320    | OBS                  | 2   | TASK_ARRIVED    | CPU_Intensive         | 169.36            | 169.57          | 0.21          | GREEDY:100.0%[0m
[92m321    | OBS                  | 2   | TASK_ARRIVED    | Generic_Service       | 169.67            | 169.77          | 0.1           | GREEDY:100.0%[0m
[92m322    | OBS                  | 2   | TASK_ARRIVED    | CPU_Intensive         | 169.86            | 170.57          | 0.71          | GREEDY:100.0%[0m
[92m323    | OBS                  | 2   | TASK_ARRIVED    | Generic_Service       | 170.13            | 170.37          | 0.24          | GREEDY:100.0%[0m
[92m324    | OBS                  | 2   | TASK_ARRIVED    | Generic_Service       | 170.93            | 171.07          | 0.14          | GREEDY:100.0%[0m
[92m326    | OBS                  | 2   | TASK_ARRIVED    | CPU_Intensive         | 171.13            | 171.47          | 0.35          | GREEDY:100.0%[0m
[92m327    | OBS                  | 2   | TASK_ARRIVED    | Generic_Service       | 171.14            | 171.27          | 0.13          | GREEDY:100.0%[0m
[92m328    | OBS                  | 2   | TASK_ARRIVED    | CPU_Intensive         | 171.83            | 172.28          | 0.44          | GREEDY:100.0%[0m
[92m330    | OBS                  | 2   | TASK_ARRIVED    | CPU_and_Data_Intensive| 172.78            | 173.48          | 0.7           | GREEDY:100.0%[0m
[92m332    | OBS                  | 2   | TASK_ARRIVED    | CPU_and_Data_Intensive| 173.16            | 173.78          | 0.62          | GREEDY:100.0%[0m
[92m334    | OBS                  | 2   | TASK_ARRIVED    | CPU_Intensive         | 173.28            | 173.58          | 0.3           | GREEDY:100.0%[0m
[92m335    | OBS                  | 2   | TASK_ARRIVED    | CPU_and_Data_Intensive| 174.18            | 174.58          | 0.4           | GREEDY:100.0%[0m
[92m336    | OBS                  | 2   | TASK_ARRIVED    | CPU_and_Data_Intensive| 174.42            | 174.88          | 0.47          | GREEDY:100.0%[0m
[92m337    | OBS                  | 2   | TASK_ARRIVED    | Generic_Service       | 174.59            | 174.78          | 0.19          | GREEDY:100.0%[0m
[92m338    | OBS                  | 2   | TASK_ARRIVED    | Generic_Service       | 175.44            | 175.59          | 0.14          | GREEDY:100.0%[0m
[92m339    | OBS                  | 1   | TASK_ARRIVED    | Generic_Service       | 175.47            | 175.59          | 0.11          | GREEDY:100.0%[0m
[92m340    | OBS                  | 2   | TASK_ARRIVED    | CPU_and_Data_Intensive| 175.81            | 176.39          | 0.58          | GREEDY:100.0%[0m
[92m341    | OBS                  | 2   | TASK_ARRIVED    | CPU_Intensive         | 176.01            | 176.29          | 0.27          | GREEDY:100.0%[0m
[92m343    | OBS                  | 1   | TASK_ARRIVED    | CPU_Intensive         | 176.93            | 177.29          | 0.36          | GREEDY:100.0%[0m
[92m344    | OBS                  | 2   | TASK_ARRIVED    | CPU_Intensive         | 177.63            | 177.79          | 0.16          | GREEDY:100.0%[0m
[92m345    | OBS                  | 2   | TASK_ARRIVED    | Generic_Service       | 177.73            | 177.99          | 0.26          | GREEDY:100.0%[0m
[92m346    | OBS                  | 2   | TASK_ARRIVED    | CPU_and_Data_Intensive| 178.26            | 178.39          | 0.13          | GREEDY:100.0%[0m
[92m347    | OBS                  | 2   | TASK_ARRIVED    | Generic_Service       | 178.65            | 178.79          | 0.15          | GREEDY:100.0%[0m
[92m348    | OBS                  | 2   | TASK_ARRIVED    | Generic_Service       | 178.82            | 178.99          | 0.17          | GREEDY:100.0%[0m
[92m349    | OBS                  | 2   | TASK_ARRIVED    | Generic_Service       | 180.29            | 180.5           | 0.21          | GREEDY:100.0%[0m
[92m351    | OBS                  | 2   | TASK_ARRIVED    | CPU_Intensive         | 180.51            | 181.0           | 0.49          | GREEDY:100.0%[0m
[92m353    | OBS                  | 2   | TASK_ARRIVED    | Generic_Service       | 181.57            | 181.7           | 0.13          | GREEDY:100.0%[0m
[92m354    | OBS                  | 2   | TASK_ARRIVED    | CPU_Intensive         | 182.49            | 183.1           | 0.6           | GREEDY:100.0%[0m
[92m356    | OBS                  | 2   | TASK_ARRIVED    | Generic_Service       | 183.25            | 183.5           | 0.25          | GREEDY:100.0%[0m
[92m357    | OBS                  | 2   | TASK_ARRIVED    | CPU_Intensive         | 184.29            | 184.5           | 0.22          | GREEDY:100.0%[0m
[92m359    | OBS                  | 2   | TASK_ARRIVED    | CPU_Intensive         | 185.7             | 186.0           | 0.3           | GREEDY:100.0%[0m
[92m360    | OBS                  | 2   | TASK_ARRIVED    | CPU_Intensive         | 186.26            | 186.4           | 0.15          | GREEDY:100.0%[0m
[92m361    | OBS                  | 2   | TASK_ARRIVED    | Generic_Service       | 186.35            | 186.6           | 0.25          | GREEDY:100.0%[0m
[92m362    | OBS                  | 1   | TASK_ARRIVED    | CPU_Intensive         | 186.88            | 187.11          | 0.23          | GREEDY:100.0%[0m
[92m363    | OBS                  | 2   | TASK_ARRIVED    | CPU_and_Data_Intensive| 186.97            | 187.41          | 0.43          | GREEDY:100.0%[0m
[92m364    | OBS                  | 2   | TASK_ARRIVED    | Generic_Service       | 186.98            | 187.11          | 0.13          | GREEDY:100.0%[0m
[92m365    | OBS                  | 2   | TASK_ARRIVED    | Generic_Service       | 187.09            | 187.31          | 0.22          | GREEDY:100.0%[0m
[92m366    | OBS                  | 2   | TASK_ARRIVED    | CPU_Intensive         | 187.96            | 188.11          | 0.14          | GREEDY:100.0%[0m
[92m367    | OBS                  | 2   | TASK_ARRIVED    | CPU_and_Data_Intensive| 188.45            | 188.91          | 0.46          | GREEDY:100.0%[0m
[92m368    | OBS                  | 1   | TASK_ARRIVED    | Generic_Service       | 188.95            | 189.01          | 0.06          | GREEDY:100.0%[0m
[92m369    | OBS                  | 2   | TASK_ARRIVED    | Generic_Service       | 189.13            | 189.41          | 0.28          | GREEDY:100.0%[0m
[92m370    | OBS                  | 2   | TASK_ARRIVED    | CPU_and_Data_Intensive| 190.76            | 191.62          | 0.86          | GREEDY:100.0%[0m
[92m371    | OBS                  | 2   | TASK_ARRIVED    | Generic_Service       | 190.95            | 191.21          | 0.27          | GREEDY:100.0%[0m
[92m372    | OBS                  | 1   | TASK_ARRIVED    | CPU_Intensive         | 191.94            | 192.02          | 0.08          | GREEDY:100.0%[0m
[92m373    | OBS                  | 2   | TASK_ARRIVED    | CPU_Intensive         | 192.69            | 192.82          | 0.12          | GREEDY:100.0%[0m
[92m374    | OBS                  | 2   | TASK_ARRIVED    | Generic_Service       | 193.54            | 193.72          | 0.17          | GREEDY:100.0%[0m
[92m375    | OBS                  | 2   | TASK_ARRIVED    | Generic_Service       | 194.27            | 194.42          | 0.15          | GREEDY:100.0%[0m
[92m376    | OBS                  | 2   | TASK_ARRIVED    | Generic_Service       | 194.62            | 194.72          | 0.1           | GREEDY:100.0%[0m
[92m378    | OBS                  | 2   | TASK_ARRIVED    | Generic_Service       | 196.0             | 196.22          | 0.22          | GREEDY:100.0%[0m
[92m379    | OBS                  | 2   | TASK_ARRIVED    | Generic_Service       | 196.19            | 196.33          | 0.14          | GREEDY:100.0%[0m
[92m380    | OBS                  | 2   | TASK_ARRIVED    | CPU_Intensive         | 196.2             | 196.43          | 0.22          | GREEDY:100.0%[0m
[92m381    | OBS                  | 2   | TASK_ARRIVED    | CPU_Intensive         | 196.21            | 196.73          | 0.52          | GREEDY:100.0%[0m
[92m383    | OBS                  | 2   | TASK_ARRIVED    | Generic_Service       | 197.16            | 197.33          | 0.17          | GREEDY:100.0%[0m
[92m384    | OBS                  | 2   | TASK_ARRIVED    | CPU_and_Data_Intensive| 197.33            | 197.83          | 0.5           | GREEDY:100.0%[0m
[92m385    | OBS                  | 2   | TASK_ARRIVED    | CPU_and_Data_Intensive| 198.02            | 198.43          | 0.41          | GREEDY:100.0%[0m
[92m386    | OBS                  | 1   | TASK_ARRIVED    | Generic_Service       | 198.58            | 198.63          | 0.06          | GREEDY:100.0%[0m
[92m387    | OBS                  | 2   | TASK_ARRIVED    | CPU_and_Data_Intensive| 199.07            | 199.63          | 0.56          | GREEDY:100.0%[0m
[92m388    | OBS                  | 2   | TASK_ARRIVED    | CPU_Intensive         | 199.48            | 199.74          | 0.25          | GREEDY:100.0%[0m
[92m389    | OBS                  | 2   | TASK_ARRIVED    | Generic_Service       | 199.76            | 199.94          | 0.18          | GREEDY:100.0%[0m
[92m390    | OBS                  | 2   | TASK_ARRIVED    | Generic_Service       | 200.12            | 200.64          | 0.52          | GREEDY:100.0%[0m
[92m391    | OBS                  | 2   | TASK_ARRIVED    | CPU_Intensive         | 200.23            | 200.54          | 0.31          | GREEDY:100.0%[0m
[92m392    | OBS                  | 2   | TASK_ARRIVED    | Generic_Service       | 200.78            | 200.94          | 0.16          | GREEDY:100.0%[0m
[92m393    | OBS                  | 2   | TASK_ARRIVED    | CPU_and_Data_Intensive| 201.23            | 201.74          | 0.52          | GREEDY:100.0%[0m
[92m394    | OBS                  | 2   | TASK_ARRIVED    | CPU_and_Data_Intensive| 201.95            | 202.65          | 0.7           | GREEDY:100.0%[0m
[92m395    | OBS                  | 2   | TASK_ARRIVED    | Generic_Service       | 201.99            | 202.25          | 0.26          | GREEDY:100.0%[0m
[92m396    | OBS                  | 2   | TASK_ARRIVED    | CPU_Intensive         | 202.07            | 202.75          | 0.68          | GREEDY:100.0%[0m
[92m397    | OBS                  | 2   | TASK_ARRIVED    | CPU_and_Data_Intensive| 203.05            | 203.25          | 0.2           | GREEDY:100.0%[0m
[92m398    | OBS                  | 1   | TASK_ARRIVED    | Generic_Service       | 203.18            | 203.25          | 0.07          | GREEDY:100.0%[0m
[92m400    | OBS                  | 2   | TASK_ARRIVED    | Generic_Service       | 205.38            | 205.45          | 0.07          | GREEDY:100.0%[0m
[92m403    | OBS                  | 1   | TASK_ARRIVED    | Generic_Service       | 208.04            | 208.05          | 0.02          | GREEDY:100.0%[0m
[92m404    | OBS                  | 2   | TASK_ARRIVED    | Generic_Service       | 208.2             | 208.25          | 0.06          | GREEDY:100.0%[0m
[92m406    | OBS                  | 2   | TASK_ARRIVED    | Generic_Service       | 208.6             | 208.76          | 0.15          | GREEDY:100.0%[0m
[92m408    | OBS                  | 2   | TASK_ARRIVED    | Generic_Service       | 211.23            | 211.36          | 0.13          | GREEDY:100.0%[0m
[92m409    | OBS                  | 2   | TASK_ARRIVED    | CPU_Intensive         | 211.72            | 211.86          | 0.13          | GREEDY:100.0%[0m
[92m412    | OBS                  | 2   | TASK_ARRIVED    | CPU_Intensive         | 214.27            | 215.36          | 1.09          | GREEDY:100.0%[0m
[92m413    | OBS                  | 2   | TASK_ARRIVED    | CPU_and_Data_Intensive| 215.26            | 215.96          | 0.71          | GREEDY:100.0%[0m
[92m414    | OBS                  | 1   | TASK_ARRIVED    | Generic_Service       | 216.88            | 217.06          | 0.18          | GREEDY:100.0%[0m
[92m415    | OBS                  | 2   | TASK_ARRIVED    | Generic_Service       | 218.1             | 218.26          | 0.16          | GREEDY:100.0%[0m
[92m416    | OBS                  | 2   | TASK_ARRIVED    | Generic_Service       | 218.37            | 218.46          | 0.1           | GREEDY:100.0%[0m
[92m417    | OBS                  | 2   | TASK_ARRIVED    | Generic_Service       | 218.79            | 218.86          | 0.07          | GREEDY:100.0%[0m
[92m420    | OBS                  | 2   | TASK_ARRIVED    | CPU_Intensive         | 219.57            | 219.97          | 0.39          | GREEDY:100.0%[0m
[92m422    | OBS                  | 2   | TASK_ARRIVED    | Generic_Service       | 219.85            | 220.07          | 0.21          | GREEDY:100.0%[0m
[92m423    | OBS                  | 2   | TASK_ARRIVED    | CPU_Intensive         | 220.61            | 220.77          | 0.16          | GREEDY:100.0%[0m
[92m425    | OBS                  | 2   | TASK_ARRIVED    | Generic_Service       | 222.05            | 222.27          | 0.23          | GREEDY:100.0%[0m
[92m426    | OBS                  | 2   | TASK_ARRIVED    | Generic_Service       | 222.05            | 222.17          | 0.12          | GREEDY:100.0%[0m
[92m427    | OBS                  | 2   | TASK_ARRIVED    | Generic_Service       | 222.58            | 222.77          | 0.2           | GREEDY:100.0%[0m
[92m428    | OBS                  | 2   | TASK_ARRIVED    | Generic_Service       | 223.86            | 223.97          | 0.11          | GREEDY:100.0%[0m
[92m430    | OBS                  | 2   | TASK_ARRIVED    | Generic_Service       | 224.43            | 224.58          | 0.14          | GREEDY:100.0%[0m
[92m432    | OBS                  | 2   | TASK_ARRIVED    | Generic_Service       | 225.15            | 225.28          | 0.13          | GREEDY:100.0%[0m
[92m433    | OBS                  | 2   | TASK_ARRIVED    | Generic_Service       | 225.5             | 225.58          | 0.08          | GREEDY:100.0%[0m
[92m434    | OBS                  | 1   | TASK_ARRIVED    | Generic_Service       | 226.18            | 226.28          | 0.1           | GREEDY:100.0%[0m
[92m435    | OBS                  | 2   | TASK_ARRIVED    | Generic_Service       | 227.01            | 227.08          | 0.07          | GREEDY:100.0%[0m
[92m436    | OBS                  | 1   | TASK_ARRIVED    | CPU_Intensive         | 227.17            | 227.58          | 0.41          | GREEDY:100.0%[0m
[92m437    | OBS                  | 2   | TASK_ARRIVED    | Generic_Service       | 228.12            | 228.28          | 0.17          | GREEDY:100.0%[0m
[92m440    | OBS                  | 2   | TASK_ARRIVED    | Generic_Service       | 229.71            | 229.78          | 0.08          | GREEDY:100.0%[0m
[92m446    | OBS                  | 2   | TASK_ARRIVED    | Generic_Service       | 233.65            | 233.78          | 0.14          | GREEDY:100.0%[0m
[92m447    | OBS                  | 2   | TASK_ARRIVED    | CPU_Intensive         | 234.35            | 234.59          | 0.23          | GREEDY:100.0%[0m
[92m448    | OBS                  | 2   | TASK_ARRIVED    | Generic_Service       | 235.18            | 235.29          | 0.1           | GREEDY:100.0%[0m
[92m449    | OBS                  | 2   | TASK_ARRIVED    | CPU_Intensive         | 235.79            | 235.99          | 0.2           | GREEDY:100.0%[0m
[92m450    | OBS                  | 2   | TASK_ARRIVED    | CPU_and_Data_Intensive| 235.79            | 236.09          | 0.3           | GREEDY:100.0%[0m
[92m451    | OBS                  | 2   | TASK_ARRIVED    | CPU_Intensive         | 235.85            | 236.19          | 0.34          | GREEDY:100.0%[0m
[92m452    | OBS                  | 2   | TASK_ARRIVED    | Generic_Service       | 236.12            | 236.39          | 0.27          | GREEDY:100.0%[0m
[92m453    | OBS                  | 1   | TASK_ARRIVED    | Generic_Service       | 236.49            | 236.59          | 0.1           | GREEDY:100.0%[0m
[92m454    | OBS                  | 2   | TASK_ARRIVED    | Generic_Service       | 236.81            | 237.0           | 0.18          | GREEDY:100.0%[0m
[92m455    | OBS                  | 1   | TASK_ARRIVED    | Generic_Service       | 237.08            | 237.2           | 0.11          | GREEDY:100.0%[0m
[92m457    | OBS                  | 2   | TASK_ARRIVED    | Generic_Service       | 237.77            | 237.8           | 0.02          | GREEDY:100.0%[0m
[92m458    | OBS                  | 2   | TASK_ARRIVED    | Generic_Service       | 238.87            | 239.0           | 0.13          | GREEDY:100.0%[0m
[92m459    | OBS                  | 2   | TASK_ARRIVED    | Generic_Service       | 239.4             | 239.5           | 0.1           | GREEDY:100.0%[0m
[92m461    | OBS                  | 1   | TASK_ARRIVED    | Generic_Service       | 240.18            | 240.3           | 0.12          | GREEDY:100.0%[0m
[92m462    | OBS                  | 2   | TASK_ARRIVED    | CPU_Intensive         | 240.36            | 240.5           | 0.14          | GREEDY:100.0%[0m
[92m463    | OBS                  | 2   | TASK_ARRIVED    | Generic_Service       | 240.37            | 240.6           | 0.24          | GREEDY:100.0%[0m
[92m464    | OBS                  | 2   | TASK_ARRIVED    | Generic_Service       | 240.44            | 240.5           | 0.06          | GREEDY:100.0%[0m
[92m466    | OBS                  | 2   | TASK_ARRIVED    | Generic_Service       | 241.24            | 241.3           | 0.06          | GREEDY:100.0%[0m
[92m468    | OBS                  | 2   | TASK_ARRIVED    | CPU_and_Data_Intensive| 242.71            | 242.81          | 0.1           | GREEDY:100.0%[0m
[92m469    | OBS                  | 2   | TASK_ARRIVED    | CPU_Intensive         | 243.11            | 243.41          | 0.3           | GREEDY:100.0%[0m
[92m470    | OBS                  | 1   | TASK_ARRIVED    | Generic_Service       | 243.25            | 243.51          | 0.26          | GREEDY:100.0%[0m
[92m473    | OBS                  | 2   | TASK_ARRIVED    | CPU_Intensive         | 245.3             | 245.61          | 0.31          | GREEDY:100.0%[0m
[92m474    | OBS                  | 2   | TASK_ARRIVED    | CPU_Intensive         | 245.41            | 245.91          | 0.5           | GREEDY:100.0%[0m
[92m475    | OBS                  | 2   | TASK_ARRIVED    | CPU_and_Data_Intensive| 246.26            | 246.81          | 0.55          | GREEDY:100.0%[0m
[92m477    | OBS                  | 2   | TASK_ARRIVED    | CPU_Intensive         | 246.74            | 247.12          | 0.37          | GREEDY:100.0%[0m
[92m478    | OBS                  | 2   | TASK_ARRIVED    | Generic_Service       | 246.94            | 247.01          | 0.08          | GREEDY:100.0%[0m
[92m479    | OBS                  | 2   | TASK_ARRIVED    | CPU_Intensive         | 247.36            | 247.52          | 0.16          | GREEDY:100.0%[0m
[92m480    | OBS                  | 2   | TASK_ARRIVED    | CPU_Intensive         | 247.67            | 247.82          | 0.15          | GREEDY:100.0%[0m
[92m481    | OBS                  | 2   | TASK_ARRIVED    | CPU_and_Data_Intensive| 248.43            | 248.52          | 0.09          | GREEDY:100.0%[0m
[92m482    | OBS                  | 2   | TASK_ARRIVED    | CPU_Intensive         | 248.99            | 249.32          | 0.33          | GREEDY:100.0%[0m
[92m483    | OBS                  | 2   | TASK_ARRIVED    | CPU_Intensive         | 249.24            | 249.42          | 0.19          | GREEDY:100.0%[0m
[92m484    | OBS                  | 2   | TASK_ARRIVED    | CPU_and_Data_Intensive| 249.37            | 249.52          | 0.15          | GREEDY:100.0%[0m
[92m485    | OBS                  | 2   | TASK_ARRIVED    | CPU_and_Data_Intensive| 249.52            | 249.93          | 0.41          | GREEDY:100.0%[0m
[92m486    | OBS                  | 2   | TASK_ARRIVED    | CPU_and_Data_Intensive| 249.59            | 250.63          | 1.04          | GREEDY:100.0%[0m
[92m487    | OBS                  | 2   | TASK_ARRIVED    | CPU_Intensive         | 249.64            | 250.23          | 0.59          | GREEDY:100.0%[0m
[92m488    | OBS                  | 2   | TASK_ARRIVED    | Generic_Service       | 250.43            | 250.53          | 0.1           | GREEDY:100.0%[0m
[92m490    | OBS                  | 2   | TASK_ARRIVED    | CPU_Intensive         | 250.76            | 251.83          | 1.07          | GREEDY:100.0%[0m
[92m492    | OBS                  | 2   | TASK_ARRIVED    | Generic_Service       | 251.61            | 251.93          | 0.32          | GREEDY:100.0%[0m
[92m493    | OBS                  | 2   | TASK_ARRIVED    | Generic_Service       | 252.75            | 252.84          | 0.09          | GREEDY:100.0%[0m
[92m495    | OBS                  | 2   | TASK_ARRIVED    | CPU_Intensive         | 253.1             | 253.54          | 0.44          | GREEDY:100.0%[0m
[92m496    | OBS                  | 2   | TASK_ARRIVED    | CPU_and_Data_Intensive| 253.46            | 253.64          | 0.18          | GREEDY:100.0%[0m
[92m497    | OBS                  | 2   | TASK_ARRIVED    | Generic_Service       | 253.55            | 253.74          | 0.19          | GREEDY:100.0%[0m
[92m498    | OBS                  | 2   | TASK_ARRIVED    | CPU_Intensive         | 253.85            | 254.64          | 0.79          | GREEDY:100.0%[0m
[92m500    | OBS                  | 2   | TASK_ARRIVED    | CPU_and_Data_Intensive| 254.11            | 254.74          | 0.64          | GREEDY:100.0%[0m
[92m501    | OBS                  | 2   | TASK_ARRIVED    | Generic_Service       | 254.56            | 254.84          | 0.29          | GREEDY:100.0%[0m
[92m503    | OBS                  | 2   | TASK_ARRIVED    | CPU_Intensive         | 255.66            | 255.95          | 0.28          | GREEDY:100.0%[0m
[92m504    | OBS                  | 2   | TASK_ARRIVED    | CPU_Intensive         | 256.08            | 256.95          | 0.87          | GREEDY:100.0%[0m
[92m505    | OBS                  | 2   | TASK_ARRIVED    | Generic_Service       | 256.53            | 256.75          | 0.22          | GREEDY:100.0%[0m
[92m506    | OBS                  | 2   | TASK_ARRIVED    | Generic_Service       | 256.64            | 256.85          | 0.21          | GREEDY:100.0%[0m
[92m507    | OBS                  | 2   | TASK_ARRIVED    | Generic_Service       | 257.16            | 257.25          | 0.09          | GREEDY:100.0%[0m
[92m509    | OBS                  | 2   | TASK_ARRIVED    | CPU_Intensive         | 257.68            | 257.75          | 0.07          | GREEDY:100.0%[0m
[92m510    | OBS                  | 2   | TASK_ARRIVED    | CPU_and_Data_Intensive| 257.83            | 258.25          | 0.42          | GREEDY:100.0%[0m
[92m511    | OBS                  | 2   | TASK_ARRIVED    | Generic_Service       | 258.52            | 258.66          | 0.14          | GREEDY:100.0%[0m
[92m512    | OBS                  | 2   | TASK_ARRIVED    | CPU_Intensive         | 258.54            | 258.76          | 0.22          | GREEDY:100.0%[0m
[92m514    | OBS                  | 2   | TASK_ARRIVED    | CPU_and_Data_Intensive| 259.73            | 260.36          | 0.63          | GREEDY:100.0%[0m
[92m515    | OBS                  | 2   | TASK_ARRIVED    | CPU_and_Data_Intensive| 260.8             | 261.46          | 0.66          | GREEDY:100.0%[0m
[92m516    | OBS                  | 2   | TASK_ARRIVED    | Generic_Service       | 261.24            | 261.46          | 0.23          | GREEDY:100.0%[0m
[92m517    | OBS                  | 2   | TASK_ARRIVED    | Generic_Service       | 261.33            | 261.56          | 0.23          | GREEDY:100.0%[0m
[92m518    | OBS                  | 2   | TASK_ARRIVED    | CPU_and_Data_Intensive| 261.8             | 261.97          | 0.17          | GREEDY:100.0%[0m
[92m519    | OBS                  | 1   | TASK_ARRIVED    | CPU_and_Data_Intensive| 262.27            | 262.77          | 0.5           | GREEDY:100.0%[0m
[92m520    | OBS                  | 2   | TASK_ARRIVED    | Generic_Service       | 262.29            | 262.57          | 0.28          | GREEDY:100.0%[0m
[92m521    | OBS                  | 2   | TASK_ARRIVED    | CPU_and_Data_Intensive| 262.74            | 262.97          | 0.23          | GREEDY:100.0%[0m
[92m522    | OBS                  | 2   | TASK_ARRIVED    | Generic_Service       | 262.78            | 263.07          | 0.29          | GREEDY:100.0%[0m
[92m523    | OBS                  | 2   | TASK_ARRIVED    | Generic_Service       | 263.79            | 264.07          | 0.29          | GREEDY:100.0%[0m
[92m524    | OBS                  | 2   | TASK_ARRIVED    | Generic_Service       | 264.05            | 264.28          | 0.22          | GREEDY:100.0%[0m
[92m525    | OBS                  | 2   | TASK_ARRIVED    | CPU_and_Data_Intensive| 265.06            | 265.28          | 0.22          | GREEDY:100.0%[0m
[92m526    | OBS                  | 2   | TASK_ARRIVED    | CPU_Intensive         | 265.27            | 265.68          | 0.42          | GREEDY:100.0%[0m
[92m527    | OBS                  | 2   | TASK_ARRIVED    | Generic_Service       | 265.32            | 265.48          | 0.15          | GREEDY:100.0%[0m
[92m528    | OBS                  | 2   | TASK_ARRIVED    | Generic_Service       | 265.73            | 265.88          | 0.16          | GREEDY:100.0%[0m
[92m529    | OBS                  | 2   | TASK_ARRIVED    | CPU_Intensive         | 266.0             | 267.19          | 1.19          | GREEDY:100.0%[0m
[92m530    | OBS                  | 2   | TASK_ARRIVED    | CPU_and_Data_Intensive| 266.24            | 266.38          | 0.14          | GREEDY:100.0%[0m
[92m531    | OBS                  | 2   | TASK_ARRIVED    | CPU_and_Data_Intensive| 266.63            | 266.79          | 0.16          | GREEDY:100.0%[0m
[92m532    | OBS                  | 2   | TASK_ARRIVED    | CPU_and_Data_Intensive| 267.4             | 267.59          | 0.19          | GREEDY:100.0%[0m
[92m533    | OBS                  | 2   | TASK_ARRIVED    | CPU_Intensive         | 267.48            | 267.79          | 0.31          | GREEDY:100.0%[0m
[92m534    | OBS                  | 2   | TASK_ARRIVED    | CPU_Intensive         | 268.25            | 268.69          | 0.45          | GREEDY:100.0%[0m
[92m535    | OBS                  | 2   | TASK_ARRIVED    | Generic_Service       | 268.48            | 268.8           | 0.31          | GREEDY:100.0%[0m
[92m536    | OBS                  | 2   | TASK_ARRIVED    | Generic_Service       | 269.13            | 269.2           | 0.07          | GREEDY:100.0%[0m
[92m539    | OBS                  | 2   | TASK_ARRIVED    | Generic_Service       | 270.29            | 270.6           | 0.31          | GREEDY:100.0%[0m
[92m543    | OBS                  | 2   | TASK_ARRIVED    | CPU_and_Data_Intensive| 270.86            | 271.3           | 0.44          | GREEDY:100.0%[0m
[92m544    | OBS                  | 2   | TASK_ARRIVED    | CPU_and_Data_Intensive| 271.0             | 271.7           | 0.71          | GREEDY:100.0%[0m
[92m545    | OBS                  | 2   | TASK_ARRIVED    | Generic_Service       | 271.33            | 271.6           | 0.27          | GREEDY:100.0%[0m
[92m546    | OBS                  | 2   | TASK_ARRIVED    | CPU_Intensive         | 271.92            | 272.11          | 0.19          | GREEDY:100.0%[0m
[92m548    | OBS                  | 1   | TASK_ARRIVED    | CPU_and_Data_Intensive| 272.43            | 272.81          | 0.38          | GREEDY:100.0%[0m
[92m549    | OBS                  | 2   | TASK_ARRIVED    | Generic_Service       | 272.49            | 272.71          | 0.22          | GREEDY:100.0%[0m
[92m550    | OBS                  | 2   | TASK_ARRIVED    | Generic_Service       | 272.53            | 272.61          | 0.08          | GREEDY:100.0%[0m
[92m553    | OBS                  | 2   | TASK_ARRIVED    | Generic_Service       | 274.41            | 274.61          | 0.2           | GREEDY:100.0%[0m
[92m554    | OBS                  | 2   | TASK_ARRIVED    | Generic_Service       | 274.46            | 274.71          | 0.26          | GREEDY:100.0%[0m
[92m555    | OBS                  | 2   | TASK_ARRIVED    | Generic_Service       | 275.23            | 275.41          | 0.19          | GREEDY:100.0%[0m
[92m556    | OBS                  | 1   | TASK_ARRIVED    | CPU_Intensive         | 275.61            | 276.11          | 0.51          | GREEDY:100.0%[0m
[92m557    | OBS                  | 2   | TASK_ARRIVED    | CPU_and_Data_Intensive| 275.97            | 276.22          | 0.25          | GREEDY:100.0%[0m
[92m558    | OBS                  | 2   | TASK_ARRIVED    | CPU_and_Data_Intensive| 276.8             | 277.42          | 0.62          | GREEDY:100.0%[0m
[92m560    | OBS                  | 2   | TASK_ARRIVED    | CPU_Intensive         | 277.86            | 278.22          | 0.37          | GREEDY:100.0%[0m
[92m561    | OBS                  | 2   | TASK_ARRIVED    | Generic_Service       | 278.16            | 278.32          | 0.17          | GREEDY:100.0%[0m
[92m562    | OBS                  | 2   | TASK_ARRIVED    | CPU_Intensive         | 278.37            | 278.82          | 0.46          | GREEDY:100.0%[0m
[92m563    | OBS                  | 2   | TASK_ARRIVED    | Generic_Service       | 279.01            | 279.12          | 0.11          | GREEDY:100.0%[0m
[92m564    | OBS                  | 2   | TASK_ARRIVED    | CPU_and_Data_Intensive| 279.21            | 279.52          | 0.32          | GREEDY:100.0%[0m
[92m566    | OBS                  | 2   | TASK_ARRIVED    | Generic_Service       | 280.74            | 280.83          | 0.08          | GREEDY:100.0%[0m
[92m567    | OBS                  | 2   | TASK_ARRIVED    | CPU_Intensive         | 280.89            | 280.93          | 0.04          | GREEDY:100.0%[0m
[92m569    | OBS                  | 2   | TASK_ARRIVED    | Generic_Service       | 282.41            | 282.53          | 0.12          | GREEDY:100.0%[0m
[92m570    | OBS                  | 2   | TASK_ARRIVED    | CPU_Intensive         | 282.93            | 283.03          | 0.1           | GREEDY:100.0%[0m
[92m572    | OBS                  | 1   | TASK_ARRIVED    | CPU_Intensive         | 284.11            | 284.33          | 0.22          | GREEDY:100.0%[0m
[92m575    | OBS                  | 2   | TASK_ARRIVED    | CPU_Intensive         | 284.98            | 285.33          | 0.35          | GREEDY:100.0%[0m
[92m576    | OBS                  | 2   | TASK_ARRIVED    | CPU_and_Data_Intensive| 285.86            | 285.93          | 0.08          | GREEDY:100.0%[0m
[92m577    | OBS                  | 1   | TASK_ARRIVED    | CPU_Intensive         | 285.95            | 286.13          | 0.18          | GREEDY:100.0%[0m
[92m578    | OBS                  | 2   | TASK_ARRIVED    | CPU_and_Data_Intensive| 286.19            | 286.43          | 0.24          | GREEDY:100.0%[0m
[92m580    | OBS                  | 2   | TASK_ARRIVED    | CPU_Intensive         | 287.03            | 287.13          | 0.1           | GREEDY:100.0%[0m
[92m582    | OBS                  | 2   | TASK_ARRIVED    | Generic_Service       | 289.44            | 289.64          | 0.19          | GREEDY:100.0%[0m
[92m583    | OBS                  | 2   | TASK_ARRIVED    | CPU_Intensive         | 289.76            | 290.14          | 0.38          | GREEDY:100.0%[0m
[92m584    | OBS                  | 2   | TASK_ARRIVED    | Generic_Service       | 290.62            | 290.84          | 0.22          | GREEDY:100.0%[0m
[92m585    | OBS                  | 2   | TASK_ARRIVED    | CPU_Intensive         | 290.71            | 290.94          | 0.23          | GREEDY:100.0%[0m
[92m586    | OBS                  | 2   | TASK_ARRIVED    | CPU_and_Data_Intensive| 291.37            | 291.64          | 0.28          | GREEDY:100.0%[0m
[92m587    | OBS                  | 2   | TASK_ARRIVED    | CPU_and_Data_Intensive| 292.76            | 293.75          | 0.99          | GREEDY:100.0%[0m
[92m588    | OBS                  | 2   | TASK_ARRIVED    | CPU_Intensive         | 292.93            | 293.44          | 0.52          | GREEDY:100.0%[0m
[92m589    | OBS                  | 2   | TASK_ARRIVED    | Generic_Service       | 293.3             | 293.55          | 0.25          | GREEDY:100.0%[0m
[92m591    | OBS                  | 2   | TASK_ARRIVED    | CPU_Intensive         | 294.35            | 294.75          | 0.4           | GREEDY:100.0%[0m
[92m592    | OBS                  | 2   | TASK_ARRIVED    | CPU_Intensive         | 294.63            | 294.85          | 0.22          | GREEDY:100.0%[0m
[92m593    | OBS                  | 2   | TASK_ARRIVED    | CPU_Intensive         | 294.71            | 294.95          | 0.24          | GREEDY:100.0%[0m
[92m594    | OBS                  | 2   | TASK_ARRIVED    | CPU_Intensive         | 295.3             | 295.65          | 0.36          | GREEDY:100.0%[0m
[92m595    | OBS                  | 2   | TASK_ARRIVED    | CPU_Intensive         | 297.78            | 298.66          | 0.88          | GREEDY:100.0%[0m
[92m596    | OBS                  | 2   | TASK_ARRIVED    | CPU_and_Data_Intensive| 297.93            | 298.56          | 0.63          | GREEDY:100.0%[0m
[92m598    | OBS                  | 2   | TASK_ARRIVED    | CPU_Intensive         | 299.43            | 299.66          | 0.23          | GREEDY:100.0%[0m
Summary info saved to: /home/vsalvatore/SECMotionModel/result/DTS-base_sim_SystemAP5/deadline_10/Energy_budget_80000/IMG_RES_bg_0.4_bcpui_0.35_bcpudi_0.25_am_0.3ah_0.5_avh_0.2_gh_0.7_gvh_0.3/Routing_bidirectional_True/seed_5843/SUMMARY[GREEDY]_Rout_interval_0.1.csv

Task info saved to: /home/vsalvatore/SECMotionModel/result/DTS-base_sim_SystemAP5/deadline_10/Energy_budget_80000/IMG_RES_bg_0.4_bcpui_0.35_bcpudi_0.25_am_0.3ah_0.5_avh_0.2_gh_0.7_gvh_0.3/Routing_bidirectional_True/seed_5843/[GREEDY]_AT_0.5_CPU_0.05.csv
Simulation results saved to: /home/vsalvatore/SECMotionModel/result/DTS-base_sim_SystemAP5/deadline_10/Energy_budget_80000/IMG_RES_bg_0.4_bcpui_0.35_bcpudi_0.25_am_0.3ah_0.5_avh_0.2_gh_0.7_gvh_0.3/Routing_bidirectional_True/seed_5843/results_exponential_REQ-DTS-base_AT_0.5_CPU_0.05.csv

Salvataggio statistiche energetiche e conteggi task su: result/DTS-base_sim_SystemAP5/deadline_10/Energy_budget_80000/IMG_RES_bg_0.4_bcpui_0.35_bcpudi_0.25_am_0.3ah_0.5_avh_0.2_gh_0.7_gvh_0.3/Routing_bidirectional_True/seed_5843/energy_stats_exponential_REQ-DTS-base_AT_0.5_CPU_0.05.csv
Tempo di esecuzione REALE della simulazione 33.9760 secondi
