[92m[INFO] Configurazione passata caricata Correttamente.[0m
[92m[INFO] Configurazione risoluzione immagini caricata Correttamente.[0m
[93m[LOAD] Caricamento configurazione <optimal>...[0m
[92m[LOAD] Configurazione <optimal> caricata con successo.[0m
Batch tasks for all servers scheduled (0..3 per server).
--- Avvio simulazione ---
Cartella: result/ILP_sim_SystemAP5/deadline_10/Energy_budget_120000/IMG_RES_bg_0.4_bcpui_0.35_bcpudi_0.25_am_0.3ah_0.5_avh_0.2_gh_0.7_gvh_0.3/Routing_bidirectional_True/seed_101
CSV tasks: /home/vsalvatore/SECMotionModel/result/ILP_sim_SystemAP5/deadline_10/Energy_budget_120000/IMG_RES_bg_0.4_bcpui_0.35_bcpudi_0.25_am_0.3ah_0.5_avh_0.2_gh_0.7_gvh_0.3/Routing_bidirectional_True/seed_101/results_exponential_REQ-ILP_AT_0.5_CPU_0.05.csv
CSV migrazioni: /home/vsalvatore/SECMotionModel/result/ILP_sim_SystemAP5/deadline_10/Energy_budget_120000/IMG_RES_bg_0.4_bcpui_0.35_bcpudi_0.25_am_0.3ah_0.5_avh_0.2_gh_0.7_gvh_0.3/Routing_bidirectional_True/seed_101/migration_exponential_REQ-ILP_AT_0.5_CPU_0.05.csv
----------------------------------------------------------------------
	||TIME IN SIMULATION : (seconds:0) (minutes: 0) ||

MODIFICA CONFIGURAZIONE IN CORSO...

[0.000] ENQUEUE BATCH id=2000 on STARLINK-11573 [DTC] image_MB=13.14 queue_len=1
[0.000] ENQUEUE BATCH id=3000 on STARLINK-31283 image_MB=8.41 queue_len=1
[0.000] ENQUEUE BATCH id=4000 on STARLINK-31018 image_MB=2.99 queue_len=1
[0.000] ENQUEUE BATCH id=5000 on STARLINK-31018 image_MB=152.84 queue_len=1
[0.000] ENQUEUE BATCH id=6000 on STARLINK-31018 image_MB=15.00 queue_len=1
[0.000] ENQUEUE BATCH id=7000 on STARLINK-2116 image_MB=13.68 queue_len=1
[0.000] ENQUEUE BATCH id=8000 on STARLINK-2116 image_MB=8.49 queue_len=1
[0.000] ENQUEUE BATCH id=9000 on STARLINK-30872 image_MB=12.26 queue_len=1
[0.000] ENQUEUE BATCH id=10000 on STARLINK-30872 image_MB=254.40 queue_len=1
[0.000] ENQUEUE BATCH id=11000 on STARLINK-30578 image_MB=22.66 queue_len=1
[0.000] ENQUEUE BATCH id=12000 on STARLINK-5968 image_MB=14.89 queue_len=1
[0.000] ENQUEUE BATCH id=13000 on STARLINK-5968 image_MB=481.40 queue_len=1
[0.000] ENQUEUE BATCH id=14000 on STARLINK-5968 image_MB=10.70 queue_len=1
[0.000] ENQUEUE BATCH id=15000 on STARLINK-30522 image_MB=471.34 queue_len=1
[0.000] ENQUEUE BATCH id=16000 on STARLINK-30522 image_MB=8.24 queue_len=1
[0.000] ENQUEUE BATCH id=17000 on STARLINK-31866 image_MB=3.27 queue_len=1
[0.000] ENQUEUE BATCH id=18000 on STARLINK-31866 image_MB=15.58 queue_len=1
[0.000] ENQUEUE BATCH id=19000 on STARLINK-31866 image_MB=14.39 queue_len=1
[0.000] ENQUEUE BATCH id=20000 on STARLINK-31235 image_MB=182.09 queue_len=1
[0.000] ENQUEUE BATCH id=21000 on STARLINK-31235 image_MB=10.17 queue_len=1
[0.000] ENQUEUE BATCH id=22000 on STARLINK-31235 image_MB=339.43 queue_len=1
[0.000] ENQUEUE BATCH id=23000 on STARLINK-3127 image_MB=395.81 queue_len=1
[0.000] ENQUEUE BATCH id=24000 on STARLINK-5936 image_MB=10.45 queue_len=1
[0.000] ENQUEUE BATCH id=25000 on STARLINK-5936 image_MB=8.49 queue_len=1
[0.000] ENQUEUE BATCH id=26000 on STARLINK-5097 image_MB=8.60 queue_len=1
[0.000] ENQUEUE BATCH id=27000 on STARLINK-2717 image_MB=17.24 queue_len=1
[0.000] ENQUEUE BATCH id=28000 on STARLINK-2717 image_MB=8.37 queue_len=1
[0.000] ENQUEUE BATCH id=29000 on STARLINK-2717 image_MB=6.19 queue_len=1
[0.000] ENQUEUE BATCH id=30000 on STARLINK-4473 image_MB=21.34 queue_len=1
[0.000] ENQUEUE BATCH id=31000 on STARLINK-4473 image_MB=20.67 queue_len=1
[0.000] ENQUEUE BATCH id=32000 on STARLINK-4473 image_MB=384.54 queue_len=1
[0.000] ENQUEUE BATCH id=33000 on STARLINK-34972 image_MB=19.82 queue_len=1
[0.000] ENQUEUE BATCH id=34000 on STARLINK-2319 image_MB=13.98 queue_len=1
[0.000] ENQUEUE BATCH id=35000 on STARLINK-2319 image_MB=297.76 queue_len=1
[0.000] ENQUEUE BATCH id=36000 on STARLINK-2319 image_MB=15.68 queue_len=1
[0.000] ENQUEUE BATCH id=37000 on STARLINK-6246 image_MB=456.17 queue_len=1
[0.000] ENQUEUE BATCH id=38000 on STARLINK-6246 image_MB=13.05 queue_len=1
[0.000] ENQUEUE BATCH id=39000 on STARLINK-4545 image_MB=19.59 queue_len=1
[0.000] ENQUEUE BATCH id=40000 on STARLINK-4438 image_MB=391.19 queue_len=1
[0.000] ENQUEUE BATCH id=41000 on STARLINK-4438 image_MB=19.73 queue_len=1
[0.000] ENQUEUE BATCH id=42000 on STARLINK-30299 image_MB=9.53 queue_len=1
[0.000] ENQUEUE BATCH id=43000 on STARLINK-30971 image_MB=194.87 queue_len=1
[0.000] ENQUEUE BATCH id=44000 on STARLINK-30971 image_MB=20.51 queue_len=1
[0.000] ENQUEUE BATCH id=45000 on STARLINK-30971 image_MB=14.88 queue_len=1
[0.000] ENQUEUE BATCH id=46000 on STARLINK-6205 image_MB=6.09 queue_len=1
[0.000] ENQUEUE BATCH id=47000 on STARLINK-6205 image_MB=444.60 queue_len=1
[0.000] ENQUEUE BATCH id=48000 on STARLINK-6205 image_MB=23.87 queue_len=1
[0.000] ENQUEUE BATCH id=49000 on STARLINK-5520 image_MB=13.72 queue_len=1
[0.000] ENQUEUE BATCH id=50000 on STARLINK-5520 image_MB=5.76 queue_len=1
[0.000] ENQUEUE BATCH id=51000 on STARLINK-30571 image_MB=20.36 queue_len=1
[0.000] ENQUEUE BATCH id=52000 on STARLINK-11209 [DTC] image_MB=180.42 queue_len=1
[0.000] ENQUEUE BATCH id=53000 on STARLINK-2619 image_MB=2.36 queue_len=1
[0.000] ENQUEUE BATCH id=54000 on STARLINK-2619 image_MB=400.57 queue_len=1
[0.000] ENQUEUE BATCH id=55000 on STARLINK-11403 [DTC] image_MB=4.04 queue_len=1
[0.000] ENQUEUE BATCH id=56000 on STARLINK-11403 [DTC] image_MB=8.18 queue_len=1
[0.000] ENQUEUE BATCH id=57000 on STARLINK-11139 [DTC] image_MB=7.27 queue_len=1
[0.000] ENQUEUE BATCH id=58000 on STARLINK-11139 [DTC] image_MB=21.64 queue_len=1
[0.000] ENQUEUE BATCH id=59000 on STARLINK-11139 [DTC] image_MB=16.42 queue_len=1
[0.000] ENQUEUE BATCH id=60000 on STARLINK-33663 image_MB=13.20 queue_len=1
[0.000] ENQUEUE BATCH id=61000 on STARLINK-33663 image_MB=9.27 queue_len=1
[0.000] ENQUEUE BATCH id=62000 on STARLINK-31751 image_MB=331.26 queue_len=1
[0.000] ENQUEUE BATCH id=63000 on STARLINK-31751 image_MB=454.45 queue_len=1
[0.000] ENQUEUE BATCH id=64000 on STARLINK-31751 image_MB=371.28 queue_len=1
[0.000] ENQUEUE BATCH id=65000 on STARLINK-31131 image_MB=18.06 queue_len=1
[0.000] ENQUEUE BATCH id=66000 on STARLINK-31131 image_MB=7.04 queue_len=1
[0.000] ENQUEUE BATCH id=67000 on STARLINK-32350 image_MB=17.85 queue_len=1
[0.000] ENQUEUE BATCH id=68000 on STARLINK-32350 image_MB=21.34 queue_len=1
[0.000] ENQUEUE BATCH id=69000 on STARLINK-32350 image_MB=10.69 queue_len=1
[0.000] ENQUEUE BATCH id=70000 on STARLINK-34505 image_MB=3.18 queue_len=1
[0.000] ENQUEUE BATCH id=71000 on STARLINK-34505 image_MB=8.24 queue_len=1
[0.000] ENQUEUE BATCH id=72000 on STARLINK-2161 image_MB=14.07 queue_len=1
[0.000] ENQUEUE BATCH id=73000 on STARLINK-1068 image_MB=15.48 queue_len=1
[0.000] ENQUEUE BATCH id=74000 on STARLINK-31220 image_MB=10.27 queue_len=1
[0.000] ENQUEUE BATCH id=75000 on STARLINK-31220 image_MB=15.78 queue_len=1
[0.000] ENQUEUE BATCH id=76000 on STARLINK-34011 image_MB=20.78 queue_len=1
[0.000] ENQUEUE BATCH id=77000 on STARLINK-34011 image_MB=20.44 queue_len=1
[0.000] ENQUEUE BATCH id=78000 on STARLINK-5999 image_MB=282.83 queue_len=1
[0.000] ENQUEUE BATCH id=79000 on STARLINK-5999 image_MB=9.21 queue_len=1
[0.000] ENQUEUE BATCH id=80000 on STARLINK-5999 image_MB=22.20 queue_len=1
[0.000] ENQUEUE BATCH id=81000 on STARLINK-34375 image_MB=10.60 queue_len=1
[0.000] ENQUEUE BATCH id=82000 on STARLINK-34375 image_MB=21.50 queue_len=1
[0.000] ENQUEUE BATCH id=83000 on STARLINK-30704 image_MB=12.29 queue_len=1
[0.000] ENQUEUE BATCH id=84000 on STARLINK-30704 image_MB=9.03 queue_len=1
[0.000] ENQUEUE BATCH id=85000 on STARLINK-4525 image_MB=5.67 queue_len=1
[0.000] ENQUEUE BATCH id=86000 on STARLINK-4525 image_MB=14.41 queue_len=1
[0.000] ENQUEUE BATCH id=87000 on STARLINK-34308 image_MB=22.00 queue_len=1
[0.000] ENQUEUE BATCH id=88000 on STARLINK-31009 image_MB=4.06 queue_len=1
[0.000] ENQUEUE BATCH id=89000 on STARLINK-31009 image_MB=7.78 queue_len=1
[0.000] ENQUEUE BATCH id=90000 on STARLINK-31009 image_MB=155.97 queue_len=1
[0.000] ENQUEUE BATCH id=91000 on STARLINK-31124 image_MB=7.59 queue_len=1
[0.000] ENQUEUE BATCH id=92000 on STARLINK-31124 image_MB=331.82 queue_len=1
[0.000] ENQUEUE BATCH id=93000 on STARLINK-31124 image_MB=316.21 queue_len=1
[0.000] ENQUEUE BATCH id=94000 on STARLINK-34597 image_MB=14.39 queue_len=1
[0.000] ENQUEUE BATCH id=95000 on STARLINK-30985 image_MB=22.74 queue_len=1
[0.000] ENQUEUE BATCH id=96000 on STARLINK-30985 image_MB=17.18 queue_len=1
[0.000] ENQUEUE BATCH id=97000 on STARLINK-6195 image_MB=19.02 queue_len=1
[0.000] ENQUEUE BATCH id=98000 on STARLINK-6195 image_MB=269.34 queue_len=1
[0.000] ENQUEUE BATCH id=99000 on STARLINK-30895 image_MB=23.59 queue_len=1
[0.000] ENQUEUE BATCH id=100000 on STARLINK-30895 image_MB=164.15 queue_len=1
[0.000] ENQUEUE BATCH id=101000 on STARLINK-30895 image_MB=6.50 queue_len=1
[0.000] ENQUEUE BATCH id=102000 on STARLINK-32949 image_MB=15.66 queue_len=1
[0.000] ENQUEUE BATCH id=103000 on STARLINK-32949 image_MB=193.14 queue_len=1
[0.000] ENQUEUE BATCH id=104000 on STARLINK-32400 image_MB=7.64 queue_len=1
[0.000] ENQUEUE BATCH id=105000 on STARLINK-32400 image_MB=216.96 queue_len=1
[0.000] ENQUEUE BATCH id=106000 on STARLINK-32400 image_MB=248.49 queue_len=1
[0.000] ENQUEUE BATCH id=107000 on STARLINK-31545 image_MB=15.13 queue_len=1
[0.000] ENQUEUE BATCH id=108000 on STARLINK-33854 image_MB=22.69 queue_len=1
[0.000] ENQUEUE BATCH id=109000 on STARLINK-33854 image_MB=14.08 queue_len=1
[0.000] ENQUEUE BATCH id=110000 on STARLINK-5854 image_MB=4.11 queue_len=1
[0.000] ENQUEUE BATCH id=111000 on STARLINK-5854 image_MB=21.07 queue_len=1
[0.000] ENQUEUE BATCH id=112000 on STARLINK-3204 image_MB=18.07 queue_len=1
[0.000] ENQUEUE BATCH id=113000 on STARLINK-3138 image_MB=19.84 queue_len=1
[0.000] ENQUEUE BATCH id=114000 on STARLINK-30223 image_MB=7.15 queue_len=1
[0.000] ENQUEUE BATCH id=115000 on STARLINK-30137 image_MB=11.53 queue_len=1
[0.000] ENQUEUE BATCH id=116000 on STARLINK-30137 image_MB=291.15 queue_len=1
[0.000] ENQUEUE BATCH id=117000 on STARLINK-3843 image_MB=17.40 queue_len=1
[0.000] ENQUEUE BATCH id=118000 on STARLINK-1570 image_MB=15.08 queue_len=1
[0.000] ENQUEUE BATCH id=119000 on STARLINK-1570 image_MB=17.20 queue_len=1
[0.000] ENQUEUE BATCH id=120000 on STARLINK-5942 image_MB=15.16 queue_len=1
[0.000] ENQUEUE BATCH id=121000 on STARLINK-5942 image_MB=3.86 queue_len=1
[0.000] ENQUEUE BATCH id=122000 on STARLINK-35077 image_MB=277.66 queue_len=1
[0.000] ENQUEUE BATCH id=123000 on STARLINK-35077 image_MB=22.99 queue_len=1
[0.000] ENQUEUE BATCH id=124000 on STARLINK-35077 image_MB=2.28 queue_len=1
[0.000] ENQUEUE BATCH id=125000 on STARLINK-4142 image_MB=18.77 queue_len=1
[0.000] ENQUEUE BATCH id=126000 on STARLINK-3970 image_MB=18.53 queue_len=1
[0.000] ENQUEUE BATCH id=127000 on STARLINK-3970 image_MB=18.64 queue_len=1
[0.000] ENQUEUE BATCH id=128000 on STARLINK-6351 image_MB=227.79 queue_len=1
[0.000] ENQUEUE BATCH id=129000 on STARLINK-5841 image_MB=7.46 queue_len=1
[0.000] ENQUEUE BATCH id=130000 on STARLINK-5841 image_MB=21.19 queue_len=1
Genero i task
[Task 124000] Task eseguito su STARLINK-35077 27.613688271776077 degrees | CPU=0.0000J, NET=0.0011J, TOTAL=0.0011J, Remaining=120000.00J
[0.001] BATCH id=124000 served on STARLINK-35077 net_time=0.001 eps_net=0.001062
[Task 53000] Task eseguito su STARLINK-2619 36.12594734800452 degrees | CPU=0.0000J, NET=0.0011J, TOTAL=0.0011J, Remaining=120000.00J
[0.001] BATCH id=53000 served on STARLINK-2619 net_time=0.001 eps_net=0.001098
[Task 4000] Task eseguito su STARLINK-31018 61.91500422926633 degrees | CPU=0.0000J, NET=0.0014J, TOTAL=0.0014J, Remaining=120000.00J
[0.001] BATCH id=4000 served on STARLINK-31018 net_time=0.001 eps_net=0.001392
[Task 70000] Task eseguito su STARLINK-34505 32.81680229836923 degrees | CPU=0.0000J, NET=0.0015J, TOTAL=0.0015J, Remaining=120000.00J
[0.001] BATCH id=70000 served on STARLINK-34505 net_time=0.001 eps_net=0.001478
[Task 17000] Task eseguito su STARLINK-31866 53.85900800453041 degrees | CPU=0.0000J, NET=0.0015J, TOTAL=0.0015J, Remaining=120000.00J
[0.002] BATCH id=17000 served on STARLINK-31866 net_time=0.002 eps_net=0.001520
[Task 121000] Task eseguito su STARLINK-5942 28.110357725133046 degrees | CPU=0.0000J, NET=0.0018J, TOTAL=0.0018J, Remaining=120000.00J
[0.002] BATCH id=121000 served on STARLINK-5942 net_time=0.002 eps_net=0.001793
[Task 55000] Task eseguito su STARLINK-11403 [DTC] 28.416664570740615 degrees | CPU=0.0000J, NET=0.0019J, TOTAL=0.0019J, Remaining=120000.00J
[0.002] BATCH id=55000 served on STARLINK-11403 [DTC] net_time=0.002 eps_net=0.001878
[Task 88000] Task eseguito su STARLINK-31009 34.330909407589985 degrees | CPU=0.0000J, NET=0.0019J, TOTAL=0.0019J, Remaining=120000.00J
[0.002] BATCH id=88000 served on STARLINK-31009 net_time=0.002 eps_net=0.001889
[Task 110000] Task eseguito su STARLINK-5854 31.499028495594143 degrees | CPU=0.0000J, NET=0.0019J, TOTAL=0.0019J, Remaining=120000.00J
[0.002] BATCH id=110000 served on STARLINK-5854 net_time=0.002 eps_net=0.001914
[Task 85000] Task eseguito su STARLINK-4525 34.207467204213934 degrees | CPU=0.0000J, NET=0.0026J, TOTAL=0.0026J, Remaining=120000.00J
[0.003] BATCH id=85000 served on STARLINK-4525 net_time=0.003 eps_net=0.002639
[Task 50000] Task eseguito su STARLINK-5520 42.67183917717197 degrees | CPU=0.0000J, NET=0.0027J, TOTAL=0.0027J, Remaining=120000.00J
[0.003] BATCH id=50000 served on STARLINK-5520 net_time=0.003 eps_net=0.002680
[Task 46000] Task eseguito su STARLINK-6205 43.24003048003629 degrees | CPU=0.0000J, NET=0.0028J, TOTAL=0.0028J, Remaining=120000.00J
[0.003] BATCH id=46000 served on STARLINK-6205 net_time=0.003 eps_net=0.002834
[Task 29000] Task eseguito su STARLINK-2717 55.68889171912144 degrees | CPU=0.0000J, NET=0.0029J, TOTAL=0.0029J, Remaining=120000.00J
[0.003] BATCH id=29000 served on STARLINK-2717 net_time=0.003 eps_net=0.002881
[Task 101000] Task eseguito su STARLINK-30895 32.593706793428616 degrees | CPU=0.0000J, NET=0.0030J, TOTAL=0.0030J, Remaining=120000.00J
[0.003] BATCH id=101000 served on STARLINK-30895 net_time=0.003 eps_net=0.003021
[Task 66000] Task eseguito su STARLINK-31131 34.252384726638304 degrees | CPU=0.0000J, NET=0.0033J, TOTAL=0.0033J, Remaining=120000.00J
[0.003] BATCH id=66000 served on STARLINK-31131 net_time=0.003 eps_net=0.003276
[Task 114000] Task eseguito su STARLINK-30223 29.36566499200775 degrees | CPU=0.0000J, NET=0.0033J, TOTAL=0.0033J, Remaining=120000.00J
[0.003] BATCH id=114000 served on STARLINK-30223 net_time=0.003 eps_net=0.003326
[Task 57000] Task eseguito su STARLINK-11139 [DTC] 27.05039415804127 degrees | CPU=0.0000J, NET=0.0034J, TOTAL=0.0034J, Remaining=120000.00J
[0.003] BATCH id=57000 served on STARLINK-11139 [DTC] net_time=0.003 eps_net=0.003383
[Task 129000] Task eseguito su STARLINK-5841 25.33799432407277 degrees | CPU=0.0000J, NET=0.0035J, TOTAL=0.0035J, Remaining=120000.00J
[0.003] BATCH id=129000 served on STARLINK-5841 net_time=0.003 eps_net=0.003468
[Task 91000] Task eseguito su STARLINK-31124 28.150251230950822 degrees | CPU=0.0000J, NET=0.0035J, TOTAL=0.0035J, Remaining=120000.00J
[0.004] BATCH id=91000 served on STARLINK-31124 net_time=0.004 eps_net=0.003529
[Task 104000] Task eseguito su STARLINK-32400 25.985758886512947 degrees | CPU=0.0000J, NET=0.0036J, TOTAL=0.0036J, Remaining=120000.00J
[0.004] BATCH id=104000 served on STARLINK-32400 net_time=0.004 eps_net=0.003555
[Task 89000] Task eseguito su STARLINK-31009 34.330909407589985 degrees | CPU=0.0000J, NET=0.0036J, TOTAL=0.0036J, Remaining=120000.00J
[0.004] BATCH id=89000 served on STARLINK-31009 net_time=0.004 eps_net=0.003618
[Task 56000] Task eseguito su STARLINK-11403 [DTC] 28.416664570740615 degrees | CPU=0.0000J, NET=0.0038J, TOTAL=0.0038J, Remaining=120000.00J
[0.004] BATCH id=56000 served on STARLINK-11403 [DTC] net_time=0.004 eps_net=0.003804
[Task 16000] Task eseguito su STARLINK-30522 75.14345717344679 degrees | CPU=0.0000J, NET=0.0038J, TOTAL=0.0038J, Remaining=120000.00J
[0.004] BATCH id=16000 served on STARLINK-30522 net_time=0.004 eps_net=0.003833
[Task 71000] Task eseguito su STARLINK-34505 32.81680229836923 degrees | CPU=0.0000J, NET=0.0038J, TOTAL=0.0038J, Remaining=120000.00J
[0.004] BATCH id=71000 served on STARLINK-34505 net_time=0.004 eps_net=0.003834
[Task 28000] Task eseguito su STARLINK-2717 55.68889171912144 degrees | CPU=0.0000J, NET=0.0039J, TOTAL=0.0039J, Remaining=120000.00J
[0.004] BATCH id=28000 served on STARLINK-2717 net_time=0.004 eps_net=0.003894
[Task 3000] Task eseguito su STARLINK-31283 65.99683670988222 degrees | CPU=0.0000J, NET=0.0039J, TOTAL=0.0039J, Remaining=120000.00J
[0.004] BATCH id=3000 served on STARLINK-31283 net_time=0.004 eps_net=0.003911
[Task 8000] Task eseguito su STARLINK-2116 50.20976027193822 degrees | CPU=0.0000J, NET=0.0039J, TOTAL=0.0039J, Remaining=120000.00J
[0.004] BATCH id=8000 served on STARLINK-2116 net_time=0.004 eps_net=0.003948
[Task 25000] Task eseguito su STARLINK-5936 67.88650469531936 degrees | CPU=0.0000J, NET=0.0040J, TOTAL=0.0040J, Remaining=120000.00J
[0.004] BATCH id=25000 served on STARLINK-5936 net_time=0.004 eps_net=0.003951
[Task 26000] Task eseguito su STARLINK-5097 56.72432553961611 degrees | CPU=0.0000J, NET=0.0040J, TOTAL=0.0040J, Remaining=120000.00J
[0.004] BATCH id=26000 served on STARLINK-5097 net_time=0.004 eps_net=0.004001
[Task 84000] Task eseguito su STARLINK-30704 29.331443580282098 degrees | CPU=0.0000J, NET=0.0042J, TOTAL=0.0042J, Remaining=120000.00J
[0.004] BATCH id=84000 served on STARLINK-30704 net_time=0.004 eps_net=0.004200
[Task 79000] Task eseguito su STARLINK-5999 36.75210942108773 degrees | CPU=0.0000J, NET=0.0043J, TOTAL=0.0043J, Remaining=120000.00J
[0.004] BATCH id=79000 served on STARLINK-5999 net_time=0.004 eps_net=0.004285
[Task 61000] Task eseguito su STARLINK-33663 39.21130060628811 degrees | CPU=0.0000J, NET=0.0043J, TOTAL=0.0043J, Remaining=120000.00J
[0.004] BATCH id=61000 served on STARLINK-33663 net_time=0.004 eps_net=0.004310
[Task 42000] Task eseguito su STARLINK-30299 46.62992025210687 degrees | CPU=0.0000J, NET=0.0044J, TOTAL=0.0044J, Remaining=120000.00J
[0.004] BATCH id=42000 served on STARLINK-30299 net_time=0.004 eps_net=0.004432
[Task 21000] Task eseguito su STARLINK-31235 53.91518101349145 degrees | CPU=0.0000J, NET=0.0047J, TOTAL=0.0047J, Remaining=120000.00J
[0.005] BATCH id=21000 served on STARLINK-31235 net_time=0.005 eps_net=0.004730
[Task 74000] Task eseguito su STARLINK-31220 31.662816129356592 degrees | CPU=0.0000J, NET=0.0048J, TOTAL=0.0048J, Remaining=120000.00J
[0.005] BATCH id=74000 served on STARLINK-31220 net_time=0.005 eps_net=0.004777
[Task 24000] Task eseguito su STARLINK-5936 67.88650469531936 degrees | CPU=0.0000J, NET=0.0049J, TOTAL=0.0049J, Remaining=120000.00J
[0.005] BATCH id=24000 served on STARLINK-5936 net_time=0.005 eps_net=0.004859
[Task 81000] Task eseguito su STARLINK-34375 27.431041303020557 degrees | CPU=0.0000J, NET=0.0049J, TOTAL=0.0049J, Remaining=120000.00J
[0.005] BATCH id=81000 served on STARLINK-34375 net_time=0.005 eps_net=0.004930
[Task 69000] Task eseguito su STARLINK-32350 33.033577679653604 degrees | CPU=0.0000J, NET=0.0050J, TOTAL=0.0050J, Remaining=120000.00J
[0.005] BATCH id=69000 served on STARLINK-32350 net_time=0.005 eps_net=0.004973
[Task 14000] Task eseguito su STARLINK-5968 75.96631112407839 degrees | CPU=0.0000J, NET=0.0050J, TOTAL=0.0050J, Remaining=120000.00J
[0.005] BATCH id=14000 served on STARLINK-5968 net_time=0.005 eps_net=0.004978
[Task 115000] Task eseguito su STARLINK-30137 28.914578780256353 degrees | CPU=0.0000J, NET=0.0054J, TOTAL=0.0054J, Remaining=120000.00J
[0.005] BATCH id=115000 served on STARLINK-30137 net_time=0.005 eps_net=0.005361
[Task 9000] Task eseguito su STARLINK-30872 58.993572103245064 degrees | CPU=0.0000J, NET=0.0057J, TOTAL=0.0057J, Remaining=120000.00J
[0.006] BATCH id=9000 served on STARLINK-30872 net_time=0.006 eps_net=0.005704
[Task 83000] Task eseguito su STARLINK-30704 29.331443580282098 degrees | CPU=0.0000J, NET=0.0057J, TOTAL=0.0057J, Remaining=120000.00J
[0.006] BATCH id=83000 served on STARLINK-30704 net_time=0.006 eps_net=0.005716
[Task 38000] Task eseguito su STARLINK-6246 51.22594105754382 degrees | CPU=0.0000J, NET=0.0061J, TOTAL=0.0061J, Remaining=120000.00J
[0.006] BATCH id=38000 served on STARLINK-6246 net_time=0.006 eps_net=0.006071
[Task 2000] Task eseguito su STARLINK-11573 [DTC] 65.49068065331039 degrees | CPU=0.0000J, NET=0.0061J, TOTAL=0.0061J, Remaining=120000.00J
[0.006] BATCH id=2000 served on STARLINK-11573 [DTC] net_time=0.006 eps_net=0.006113
[Task 60000] Task eseguito su STARLINK-33663 39.21130060628811 degrees | CPU=0.0000J, NET=0.0061J, TOTAL=0.0061J, Remaining=120000.00J
[0.006] BATCH id=60000 served on STARLINK-33663 net_time=0.006 eps_net=0.006138
[Task 7000] Task eseguito su STARLINK-2116 50.20976027193822 degrees | CPU=0.0000J, NET=0.0064J, TOTAL=0.0064J, Remaining=120000.00J
[0.006] BATCH id=7000 served on STARLINK-2116 net_time=0.006 eps_net=0.006362
[Task 49000] Task eseguito su STARLINK-5520 42.67183917717197 degrees | CPU=0.0000J, NET=0.0064J, TOTAL=0.0064J, Remaining=120000.00J
[0.006] BATCH id=49000 served on STARLINK-5520 net_time=0.006 eps_net=0.006384
[Task 34000] Task eseguito su STARLINK-2319 50.08650158424539 degrees | CPU=0.0000J, NET=0.0065J, TOTAL=0.0065J, Remaining=120000.00J
[0.007] BATCH id=34000 served on STARLINK-2319 net_time=0.007 eps_net=0.006504
[Task 72000] Task eseguito su STARLINK-2161 38.04342016915171 degrees | CPU=0.0000J, NET=0.0065J, TOTAL=0.0065J, Remaining=120000.00J
[0.007] BATCH id=72000 served on STARLINK-2161 net_time=0.007 eps_net=0.006546
[Task 109000] Task eseguito su STARLINK-33854 25.418237386937445 degrees | CPU=0.0000J, NET=0.0065J, TOTAL=0.0065J, Remaining=120000.00J
[0.007] BATCH id=109000 served on STARLINK-33854 net_time=0.007 eps_net=0.006547
[Task 94000] Task eseguito su STARLINK-34597 27.720426454013833 degrees | CPU=0.0000J, NET=0.0067J, TOTAL=0.0067J, Remaining=120000.00J
[0.007] BATCH id=94000 served on STARLINK-34597 net_time=0.007 eps_net=0.006691
[Task 19000] Task eseguito su STARLINK-31866 53.85900800453041 degrees | CPU=0.0000J, NET=0.0067J, TOTAL=0.0067J, Remaining=120000.00J
[0.007] BATCH id=19000 served on STARLINK-31866 net_time=0.007 eps_net=0.006695
[Task 86000] Task eseguito su STARLINK-4525 34.207467204213934 degrees | CPU=0.0000J, NET=0.0067J, TOTAL=0.0067J, Remaining=120000.00J
[0.007] BATCH id=86000 served on STARLINK-4525 net_time=0.007 eps_net=0.006701
[Task 45000] Task eseguito su STARLINK-30971 45.688328091737986 degrees | CPU=0.0000J, NET=0.0069J, TOTAL=0.0069J, Remaining=120000.00J
[0.007] BATCH id=45000 served on STARLINK-30971 net_time=0.007 eps_net=0.006922
[Task 12000] Task eseguito su STARLINK-5968 75.96631112407839 degrees | CPU=0.0000J, NET=0.0069J, TOTAL=0.0069J, Remaining=120000.00J
[0.007] BATCH id=12000 served on STARLINK-5968 net_time=0.007 eps_net=0.006926
[Task 6000] Task eseguito su STARLINK-31018 61.91500422926633 degrees | CPU=0.0000J, NET=0.0070J, TOTAL=0.0070J, Remaining=120000.00J
[0.007] BATCH id=6000 served on STARLINK-31018 net_time=0.007 eps_net=0.006978
[Task 118000] Task eseguito su STARLINK-1570 27.899013415435416 degrees | CPU=0.0000J, NET=0.0070J, TOTAL=0.0070J, Remaining=120000.00J
[0.007] BATCH id=118000 served on STARLINK-1570 net_time=0.007 eps_net=0.007013
[Task 107000] Task eseguito su STARLINK-31545 26.294660391114427 degrees | CPU=0.0000J, NET=0.0070J, TOTAL=0.0070J, Remaining=120000.00J
[0.007] BATCH id=107000 served on STARLINK-31545 net_time=0.007 eps_net=0.007036
[Task 120000] Task eseguito su STARLINK-5942 28.110357725133046 degrees | CPU=0.0000J, NET=0.0071J, TOTAL=0.0071J, Remaining=120000.00J
[0.007] BATCH id=120000 served on STARLINK-5942 net_time=0.007 eps_net=0.007052
[Task 73000] Task eseguito su STARLINK-1068 37.86329113501799 degrees | CPU=0.0000J, NET=0.0072J, TOTAL=0.0072J, Remaining=120000.00J
[0.007] BATCH id=73000 served on STARLINK-1068 net_time=0.007 eps_net=0.007200
[Task 18000] Task eseguito su STARLINK-31866 53.85900800453041 degrees | CPU=0.0000J, NET=0.0072J, TOTAL=0.0072J, Remaining=119999.99J
[0.007] BATCH id=18000 served on STARLINK-31866 net_time=0.007 eps_net=0.007249
[Task 102000] Task eseguito su STARLINK-32949 26.705410719006682 degrees | CPU=0.0000J, NET=0.0073J, TOTAL=0.0073J, Remaining=120000.00J
[0.007] BATCH id=102000 served on STARLINK-32949 net_time=0.007 eps_net=0.007283
[Task 36000] Task eseguito su STARLINK-2319 50.08650158424539 degrees | CPU=0.0000J, NET=0.0073J, TOTAL=0.0073J, Remaining=119999.99J
[0.007] BATCH id=36000 served on STARLINK-2319 net_time=0.007 eps_net=0.007292
[Task 75000] Task eseguito su STARLINK-31220 31.662816129356592 degrees | CPU=0.0000J, NET=0.0073J, TOTAL=0.0073J, Remaining=120000.00J
[0.007] BATCH id=75000 served on STARLINK-31220 net_time=0.007 eps_net=0.007341
[Task 59000] Task eseguito su STARLINK-11139 [DTC] 27.05039415804127 degrees | CPU=0.0000J, NET=0.0076J, TOTAL=0.0076J, Remaining=120000.00J
[0.008] BATCH id=59000 served on STARLINK-11139 [DTC] net_time=0.008 eps_net=0.007639
[Task 96000] Task eseguito su STARLINK-30985 33.52956432301518 degrees | CPU=0.0000J, NET=0.0080J, TOTAL=0.0080J, Remaining=120000.00J
[0.008] BATCH id=96000 served on STARLINK-30985 net_time=0.008 eps_net=0.007992
[Task 119000] Task eseguito su STARLINK-1570 27.899013415435416 degrees | CPU=0.0000J, NET=0.0080J, TOTAL=0.0080J, Remaining=119999.99J
[0.008] BATCH id=119000 served on STARLINK-1570 net_time=0.008 eps_net=0.007999
[Task 27000] Task eseguito su STARLINK-2717 55.68889171912144 degrees | CPU=0.0000J, NET=0.0080J, TOTAL=0.0080J, Remaining=119999.99J
[0.008] BATCH id=27000 served on STARLINK-2717 net_time=0.008 eps_net=0.008020
[Task 117000] Task eseguito su STARLINK-3843 27.730453572045782 degrees | CPU=0.0000J, NET=0.0081J, TOTAL=0.0081J, Remaining=120000.00J
[0.008] BATCH id=117000 served on STARLINK-3843 net_time=0.008 eps_net=0.008095
[Task 67000] Task eseguito su STARLINK-32350 33.033577679653604 degrees | CPU=0.0000J, NET=0.0083J, TOTAL=0.0083J, Remaining=120000.00J
[0.008] BATCH id=67000 served on STARLINK-32350 net_time=0.008 eps_net=0.008301
[Task 65000] Task eseguito su STARLINK-31131 34.252384726638304 degrees | CPU=0.0000J, NET=0.0084J, TOTAL=0.0084J, Remaining=120000.00J
[0.008] BATCH id=65000 served on STARLINK-31131 net_time=0.008 eps_net=0.008398
[Task 112000] Task eseguito su STARLINK-3204 28.90541666793628 degrees | CPU=0.0000J, NET=0.0084J, TOTAL=0.0084J, Remaining=120000.00J
[0.008] BATCH id=112000 served on STARLINK-3204 net_time=0.008 eps_net=0.008404
[Task 126000] Task eseguito su STARLINK-3970 26.59508428709472 degrees | CPU=0.0000J, NET=0.0086J, TOTAL=0.0086J, Remaining=120000.00J
[0.009] BATCH id=126000 served on STARLINK-3970 net_time=0.009 eps_net=0.008620
[Task 127000] Task eseguito su STARLINK-3970 26.59508428709472 degrees | CPU=0.0000J, NET=0.0087J, TOTAL=0.0087J, Remaining=119999.99J
[0.009] BATCH id=127000 served on STARLINK-3970 net_time=0.009 eps_net=0.008669
[Task 125000] Task eseguito su STARLINK-4142 26.682563480686508 degrees | CPU=0.0000J, NET=0.0087J, TOTAL=0.0087J, Remaining=120000.00J
[0.009] BATCH id=125000 served on STARLINK-4142 net_time=0.009 eps_net=0.008731
[Task 97000] Task eseguito su STARLINK-6195 33.492118209942355 degrees | CPU=0.0000J, NET=0.0088J, TOTAL=0.0088J, Remaining=120000.00J
[0.009] BATCH id=97000 served on STARLINK-6195 net_time=0.009 eps_net=0.008848
[Task 39000] Task eseguito su STARLINK-4545 46.25972076355547 degrees | CPU=0.0000J, NET=0.0091J, TOTAL=0.0091J, Remaining=120000.00J
[0.009] BATCH id=39000 served on STARLINK-4545 net_time=0.009 eps_net=0.009110
[Task 41000] Task eseguito su STARLINK-4438 47.592482406941734 degrees | CPU=0.0000J, NET=0.0092J, TOTAL=0.0092J, Remaining=120000.00J
[0.009] BATCH id=41000 served on STARLINK-4438 net_time=0.009 eps_net=0.009178
[Task 33000] Task eseguito su STARLINK-34972 52.036905010977726 degrees | CPU=0.0000J, NET=0.0092J, TOTAL=0.0092J, Remaining=120000.00J
[0.009] BATCH id=33000 served on STARLINK-34972 net_time=0.009 eps_net=0.009220
[Task 113000] Task eseguito su STARLINK-3138 28.645841804719513 degrees | CPU=0.0000J, NET=0.0092J, TOTAL=0.0092J, Remaining=120000.00J
[0.009] BATCH id=113000 served on STARLINK-3138 net_time=0.009 eps_net=0.009229
[Task 51000] Task eseguito su STARLINK-30571 40.55225430596419 degrees | CPU=0.0000J, NET=0.0095J, TOTAL=0.0095J, Remaining=120000.00J
[0.009] BATCH id=51000 served on STARLINK-30571 net_time=0.009 eps_net=0.009469
[Task 77000] Task eseguito su STARLINK-34011 30.90738065825921 degrees | CPU=0.0000J, NET=0.0095J, TOTAL=0.0095J, Remaining=120000.00J
[0.010] BATCH id=77000 served on STARLINK-34011 net_time=0.010 eps_net=0.009508
[Task 44000] Task eseguito su STARLINK-30971 45.688328091737986 degrees | CPU=0.0000J, NET=0.0095J, TOTAL=0.0095J, Remaining=119999.99J
[0.010] BATCH id=44000 served on STARLINK-30971 net_time=0.010 eps_net=0.009539
[Task 31000] Task eseguito su STARLINK-4473 56.734306737392444 degrees | CPU=0.0000J, NET=0.0096J, TOTAL=0.0096J, Remaining=120000.00J
[0.010] BATCH id=31000 served on STARLINK-4473 net_time=0.010 eps_net=0.009615
[Task 76000] Task eseguito su STARLINK-34011 30.90738065825921 degrees | CPU=0.0000J, NET=0.0097J, TOTAL=0.0097J, Remaining=119999.99J
[0.010] BATCH id=76000 served on STARLINK-34011 net_time=0.010 eps_net=0.009667
[Task 111000] Task eseguito su STARLINK-5854 31.499028495594143 degrees | CPU=0.0000J, NET=0.0098J, TOTAL=0.0098J, Remaining=120000.00J
[0.010] BATCH id=111000 served on STARLINK-5854 net_time=0.010 eps_net=0.009802
[Task 130000] Task eseguito su STARLINK-5841 25.33799432407277 degrees | CPU=0.0000J, NET=0.0099J, TOTAL=0.0099J, Remaining=120000.00J
[0.010] BATCH id=130000 served on STARLINK-5841 net_time=0.010 eps_net=0.009854
[Task 30000] Task eseguito su STARLINK-4473 56.734306737392444 degrees | CPU=0.0000J, NET=0.0099J, TOTAL=0.0099J, Remaining=119999.99J
[0.010] BATCH id=30000 served on STARLINK-4473 net_time=0.010 eps_net=0.009923
[Task 68000] Task eseguito su STARLINK-32350 33.033577679653604 degrees | CPU=0.0000J, NET=0.0099J, TOTAL=0.0099J, Remaining=119999.99J
[0.010] BATCH id=68000 served on STARLINK-32350 net_time=0.010 eps_net=0.009928
[Task 82000] Task eseguito su STARLINK-34375 27.431041303020557 degrees | CPU=0.0000J, NET=0.0100J, TOTAL=0.0100J, Remaining=120000.00J
[0.010] BATCH id=82000 served on STARLINK-34375 net_time=0.010 eps_net=0.010001
[Task 58000] Task eseguito su STARLINK-11139 [DTC] 27.05039415804127 degrees | CPU=0.0000J, NET=0.0101J, TOTAL=0.0101J, Remaining=119999.99J
[0.010] BATCH id=58000 served on STARLINK-11139 [DTC] net_time=0.010 eps_net=0.010065
[Task 87000] Task eseguito su STARLINK-34308 28.252563557600816 degrees | CPU=0.0000J, NET=0.0102J, TOTAL=0.0102J, Remaining=120000.00J
[0.010] BATCH id=87000 served on STARLINK-34308 net_time=0.010 eps_net=0.010230
[Task 80000] Task eseguito su STARLINK-5999 36.75210942108773 degrees | CPU=0.0000J, NET=0.0103J, TOTAL=0.0103J, Remaining=120000.00J
[0.010] BATCH id=80000 served on STARLINK-5999 net_time=0.010 eps_net=0.010328
[Task 11000] Task eseguito su STARLINK-30578 82.44509189395555 degrees | CPU=0.0000J, NET=0.0105J, TOTAL=0.0105J, Remaining=120000.00J
[0.011] BATCH id=11000 served on STARLINK-30578 net_time=0.011 eps_net=0.010540
[Task 108000] Task eseguito su STARLINK-33854 25.418237386937445 degrees | CPU=0.0000J, NET=0.0106J, TOTAL=0.0106J, Remaining=119999.99J
[0.011] BATCH id=108000 served on STARLINK-33854 net_time=0.011 eps_net=0.010554
[Task 95000] Task eseguito su STARLINK-30985 33.52956432301518 degrees | CPU=0.0000J, NET=0.0106J, TOTAL=0.0106J, Remaining=119999.99J
[0.011] BATCH id=95000 served on STARLINK-30985 net_time=0.011 eps_net=0.010579
[Task 123000] Task eseguito su STARLINK-35077 27.613688271776077 degrees | CPU=0.0000J, NET=0.0107J, TOTAL=0.0107J, Remaining=120000.00J
[0.011] BATCH id=123000 served on STARLINK-35077 net_time=0.011 eps_net=0.010691
[Task 99000] Task eseguito su STARLINK-30895 32.593706793428616 degrees | CPU=0.0000J, NET=0.0110J, TOTAL=0.0110J, Remaining=120000.00J
[0.011] BATCH id=99000 served on STARLINK-30895 net_time=0.011 eps_net=0.010972
[Task 48000] Task eseguito su STARLINK-6205 43.24003048003629 degrees | CPU=0.0000J, NET=0.0111J, TOTAL=0.0111J, Remaining=120000.00J
[0.011] BATCH id=48000 served on STARLINK-6205 net_time=0.011 eps_net=0.011103
[Task 5000] Task eseguito su STARLINK-31018 61.91500422926633 degrees | CPU=0.0000J, NET=0.0711J, TOTAL=0.0711J, Remaining=119999.99J
[0.071] BATCH id=5000 served on STARLINK-31018 net_time=0.071 eps_net=0.071088
[Task 90000] Task eseguito su STARLINK-31009 34.330909407589985 degrees | CPU=0.0000J, NET=0.0725J, TOTAL=0.0725J, Remaining=119999.99J
[0.073] BATCH id=90000 served on STARLINK-31009 net_time=0.073 eps_net=0.072544
[Task 100000] Task eseguito su STARLINK-30895 32.593706793428616 degrees | CPU=0.0000J, NET=0.0763J, TOTAL=0.0763J, Remaining=119999.99J
[0.076] BATCH id=100000 served on STARLINK-30895 net_time=0.076 eps_net=0.076349
[Task 52000] Task eseguito su STARLINK-11209 [DTC] 34.92552981114727 degrees | CPU=0.0000J, NET=0.0839J, TOTAL=0.0839J, Remaining=120000.00J
[0.084] BATCH id=52000 served on STARLINK-11209 [DTC] net_time=0.084 eps_net=0.083915
[Task 20000] Task eseguito su STARLINK-31235 53.91518101349145 degrees | CPU=0.0000J, NET=0.0847J, TOTAL=0.0847J, Remaining=120000.00J
[0.085] BATCH id=20000 served on STARLINK-31235 net_time=0.085 eps_net=0.084694
[Task 103000] Task eseguito su STARLINK-32949 26.705410719006682 degrees | CPU=0.0000J, NET=0.0898J, TOTAL=0.0898J, Remaining=119999.99J
[0.090] BATCH id=103000 served on STARLINK-32949 net_time=0.090 eps_net=0.089831
[Task 43000] Task eseguito su STARLINK-30971 45.688328091737986 degrees | CPU=0.0000J, NET=0.0906J, TOTAL=0.0906J, Remaining=119999.98J
[0.091] BATCH id=43000 served on STARLINK-30971 net_time=0.091 eps_net=0.090635
[Task 105000] Task eseguito su STARLINK-32400 25.985758886512947 degrees | CPU=0.0000J, NET=0.1009J, TOTAL=0.1009J, Remaining=120000.00J
[0.101] BATCH id=105000 served on STARLINK-32400 net_time=0.101 eps_net=0.100914
[Task 128000] Task eseguito su STARLINK-6351 26.09899736916676 degrees | CPU=0.0000J, NET=0.1060J, TOTAL=0.1060J, Remaining=120000.00J
[0.106] BATCH id=128000 served on STARLINK-6351 net_time=0.106 eps_net=0.105951
[Task 106000] Task eseguito su STARLINK-32400 25.985758886512947 degrees | CPU=0.0000J, NET=0.1156J, TOTAL=0.1156J, Remaining=119999.90J
[0.116] BATCH id=106000 served on STARLINK-32400 net_time=0.116 eps_net=0.115576
[Task 10000] Task eseguito su STARLINK-30872 58.993572103245064 degrees | CPU=0.0000J, NET=0.1183J, TOTAL=0.1183J, Remaining=119999.99J
[0.118] BATCH id=10000 served on STARLINK-30872 net_time=0.118 eps_net=0.118326
[Task 98000] Task eseguito su STARLINK-6195 33.492118209942355 degrees | CPU=0.0000J, NET=0.1253J, TOTAL=0.1253J, Remaining=119999.99J
[0.125] BATCH id=98000 served on STARLINK-6195 net_time=0.125 eps_net=0.125275
[Task 122000] Task eseguito su STARLINK-35077 27.613688271776077 degrees | CPU=0.0000J, NET=0.1291J, TOTAL=0.1291J, Remaining=119999.99J
[0.129] BATCH id=122000 served on STARLINK-35077 net_time=0.129 eps_net=0.129142
[Task 78000] Task eseguito su STARLINK-5999 36.75210942108773 degrees | CPU=0.0000J, NET=0.1315J, TOTAL=0.1315J, Remaining=119999.99J
[0.132] BATCH id=78000 served on STARLINK-5999 net_time=0.132 eps_net=0.131547
[Task 116000] Task eseguito su STARLINK-30137 28.914578780256353 degrees | CPU=0.0000J, NET=0.1354J, TOTAL=0.1354J, Remaining=119999.99J
[0.135] BATCH id=116000 served on STARLINK-30137 net_time=0.135 eps_net=0.135417
[Task 35000] Task eseguito su STARLINK-2319 50.08650158424539 degrees | CPU=0.0000J, NET=0.1385J, TOTAL=0.1385J, Remaining=119999.99J
[0.138] BATCH id=35000 served on STARLINK-2319 net_time=0.138 eps_net=0.138492
[Task 93000] Task eseguito su STARLINK-31124 28.150251230950822 degrees | CPU=0.0000J, NET=0.1471J, TOTAL=0.1471J, Remaining=120000.00J
[0.147] BATCH id=93000 served on STARLINK-31124 net_time=0.147 eps_net=0.147072
[Task 62000] Task eseguito su STARLINK-31751 39.10106263721367 degrees | CPU=0.0000J, NET=0.1541J, TOTAL=0.1541J, Remaining=120000.00J
[0.154] BATCH id=62000 served on STARLINK-31751 net_time=0.154 eps_net=0.154075
[Task 92000] Task eseguito su STARLINK-31124 28.150251230950822 degrees | CPU=0.0000J, NET=0.1543J, TOTAL=0.1543J, Remaining=119999.85J
[0.154] BATCH id=92000 served on STARLINK-31124 net_time=0.154 eps_net=0.154337
[Task 22000] Task eseguito su STARLINK-31235 53.91518101349145 degrees | CPU=0.0000J, NET=0.1579J, TOTAL=0.1579J, Remaining=119999.91J
[0.158] BATCH id=22000 served on STARLINK-31235 net_time=0.158 eps_net=0.157873
[Task 64000] Task eseguito su STARLINK-31751 39.10106263721367 degrees | CPU=0.0000J, NET=0.1727J, TOTAL=0.1727J, Remaining=119999.85J
[0.173] BATCH id=64000 served on STARLINK-31751 net_time=0.173 eps_net=0.172687
[Task 32000] Task eseguito su STARLINK-4473 56.734306737392444 degrees | CPU=0.0000J, NET=0.1789J, TOTAL=0.1789J, Remaining=119999.98J
[0.179] BATCH id=32000 served on STARLINK-4473 net_time=0.179 eps_net=0.178858
[Task 40000] Task eseguito su STARLINK-4438 47.592482406941734 degrees | CPU=0.0000J, NET=0.1819J, TOTAL=0.1819J, Remaining=119999.99J
[0.182] BATCH id=40000 served on STARLINK-4438 net_time=0.182 eps_net=0.181950
[Task 23000] Task eseguito su STARLINK-3127 62.93376393896493 degrees | CPU=0.0000J, NET=0.1841J, TOTAL=0.1841J, Remaining=120000.00J
[0.184] BATCH id=23000 served on STARLINK-3127 net_time=0.184 eps_net=0.184099
[Task 54000] Task eseguito su STARLINK-2619 36.12594734800452 degrees | CPU=0.0000J, NET=0.1863J, TOTAL=0.1863J, Remaining=120000.00J
[0.186] BATCH id=54000 served on STARLINK-2619 net_time=0.186 eps_net=0.186312
[Task 47000] Task eseguito su STARLINK-6205 43.24003048003629 degrees | CPU=0.0000J, NET=0.2068J, TOTAL=0.2068J, Remaining=119999.99J
[0.207] BATCH id=47000 served on STARLINK-6205 net_time=0.207 eps_net=0.206791
[Task 63000] Task eseguito su STARLINK-31751 39.10106263721367 degrees | CPU=0.0000J, NET=0.2114J, TOTAL=0.2114J, Remaining=119999.67J
[0.211] BATCH id=63000 served on STARLINK-31751 net_time=0.211 eps_net=0.211371
[Task 37000] Task eseguito su STARLINK-6246 51.22594105754382 degrees | CPU=0.0000J, NET=0.2122J, TOTAL=0.2122J, Remaining=119999.99J
[0.212] BATCH id=37000 served on STARLINK-6246 net_time=0.212 eps_net=0.212174
[Task 15000] Task eseguito su STARLINK-30522 75.14345717344679 degrees | CPU=0.0000J, NET=0.2192J, TOTAL=0.2192J, Remaining=120000.00J
[0.219] BATCH id=15000 served on STARLINK-30522 net_time=0.219 eps_net=0.219230
[Task 13000] Task eseguito su STARLINK-5968 75.96631112407839 degrees | CPU=0.0000J, NET=0.2239J, TOTAL=0.2239J, Remaining=119999.99J
[0.224] BATCH id=13000 served on STARLINK-5968 net_time=0.224 eps_net=0.223905
----------------------------------------------------------------------
	||TIME IN SIMULATION : (seconds:2) (minutes: 0) ||

MODIFICA CONFIGURAZIONE IN CORSO...

Aggiornato il Tempo Globale:  2025-11-20 20:55:16
---> Task 1 (Type: CPU_and_Data_Intensive) arriva in 2.04
--- [2.04] Task 1 using SearchNode Policy: v2_ilp_hybrid ---
[2.04] [Task 1] Entering ILP branch (v2)
[ε-constraint energy] sumE_B=2843.014869  bound=3127.316356  active=False
[ILP] res_type=dict value_preview={'stage': 'B', 'status': 'Optimal', 'primary': 'energy', 'tol': 0.1, 'opt_primary': 2843.0148686696652, 'objective_secondary': 0.2982389482223526, 'sumE': 2843.
[2.04] [Task 1] ILP chose server: STARLINK-31283
[2.045] Task 1 enqueued on CPU STARLINK-31283 qlen_enqueue=1
[2.334] Task 1 enqueued on NET STARLINK-31283 qlen_enqueue_net=1
[Task 1] Task eseguito su STARLINK-31283 67.46003609797407 degrees | CPU=2843.0057J, NET=0.0092J, TOTAL=2843.0149J, Remaining=117156.99J
[2.343] Task 1 served on STARLINK-31283 qlen_enqueue_cpu=1 qlen_enqueue_net=1 time_in_queue=0.000
[MODE: BIDIRECTIONAL]
[1][GREEDY] CONSEGNATO! STARLINK-31283 -> OBS | Tramission-time: 6.060186421347602e-09
---> Task 2 (Type: CPU_Intensive) arriva in 2.52
--- [2.52] Task 2 using SearchNode Policy: v2_ilp_hybrid ---
[2.52] [Task 2] Entering ILP branch (v2)
[ε-constraint energy] sumE_B=5078.604121  bound=5586.464533  active=False
[ILP] res_type=dict value_preview={'stage': 'B', 'status': 'Optimal', 'primary': 'energy', 'tol': 0.1, 'opt_primary': 5078.604120643043, 'objective_secondary': 0.5164101604115496, 'sumE': 5078.6
[2.52] [Task 2] ILP chose server: STARLINK-11573 [DTC]
[2.52] [Task 2] Routed STARLINK-2116 -> STARLINK-11573 [DTC] | E_NET=0.000033 J | Remaining=120000.00 J
[2.524] Task 2 enqueued on CPU STARLINK-11573 [DTC] qlen_enqueue=1
---> Task 3 (Type: Generic_Service) arriva in 2.84
--- [2.84] Task 3 using SearchNode Policy: v2_ilp_hybrid ---
[2.84] [Task 3] Entering ILP branch (v2)
[ε-constraint energy] sumE_B=187.315094  bound=206.046603  active=False
[ILP] res_type=dict value_preview={'stage': 'B', 'status': 'Optimal', 'primary': 'energy', 'tol': 0.1, 'opt_primary': 187.3150935517978, 'objective_secondary': 0.019066655946997205, 'sumE': 187.
[2.84] [Task 3] ILP chose server: STARLINK-31235
[2.84] [Task 3] Routed STARLINK-30578 -> STARLINK-31235 | E_NET=0.000016 J | Remaining=120000.00 J
[2.844] Task 3 enqueued on CPU STARLINK-31235 qlen_enqueue=1
[Task 3] Task eseguito su STARLINK-31235 52.75478801749363 degrees | CPU=187.3151J, NET=0.0000J, TOTAL=187.3151J, Remaining=119812.68J
[2.865] Task 3 served on STARLINK-31235 qlen_enqueue_cpu=1 qlen_enqueue_net=None time_in_queue=0.000
[3][GREEDY] STARLINK-31235 -> STARLINK-31283 | Tramission-time: 0.0017972183286495563
[3] Energy routing consumed by STARLINK-31235: 0.000000 J (remaining 119812.68)
[MODE: BIDIRECTIONAL]
[3][GREEDY] CONSEGNATO! STARLINK-31283 -> OBS | Tramission-time: 1.4743612192608737e-11
[Task 2] Task eseguito su STARLINK-11573 [DTC] 64.58980116123413 degrees | CPU=5078.6041J, NET=0.0000J, TOTAL=5078.6041J, Remaining=114921.40J
[3.042] Task 2 served on STARLINK-11573 [DTC] qlen_enqueue_cpu=1 qlen_enqueue_net=None time_in_queue=0.000
[2][GREEDY] STARLINK-11573 [DTC] -> STARLINK-31283 | Tramission-time: 0.001229222956335176
[2] Energy routing consumed by STARLINK-11573 [DTC]: 0.000000 J (remaining 114921.40)
[MODE: BIDIRECTIONAL]
[2][GREEDY] CONSEGNATO! STARLINK-31283 -> OBS | Tramission-time: 3.2334936642780404e-11
----------------------------------------------------------------------
	||TIME IN SIMULATION : (seconds:4) (minutes: 0) ||

MODIFICA CONFIGURAZIONE IN CORSO...

Aggiornato il Tempo Globale:  2025-11-20 20:55:18
---> Task 4 (Type: Generic_Service) arriva in 4.21
--- [4.21] Task 4 using SearchNode Policy: v2_ilp_hybrid ---
[4.21] [Task 4] Entering ILP branch (v2)
[ε-constraint energy] sumE_B=306.666747  bound=337.333422  active=False
[ILP] res_type=dict value_preview={'stage': 'B', 'status': 'Optimal', 'primary': 'energy', 'tol': 0.1, 'opt_primary': 306.6667469013639, 'objective_secondary': 0.031219994782712295, 'sumE': 306.
[4.21] [Task 4] ILP chose server: STARLINK-31283
[4.21] [Task 4] Routed STARLINK-6192 -> STARLINK-31283 | E_NET=0.000027 J | Remaining=120000.00 J
[4.206] Task 4 enqueued on CPU STARLINK-31283 qlen_enqueue=1
[Task 4] Task eseguito su STARLINK-31283 68.94970489149006 degrees | CPU=306.6667J, NET=0.0000J, TOTAL=306.6667J, Remaining=116850.32J
[4.240] Task 4 served on STARLINK-31283 qlen_enqueue_cpu=1 qlen_enqueue_net=None time_in_queue=0.000
[MODE: BIDIRECTIONAL]
[4][GREEDY] CONSEGNATO! STARLINK-31283 -> OBS | Tramission-time: 2.706372051698978e-11
----------------------------------------------------------------------
	||TIME IN SIMULATION : (seconds:6) (minutes: 0) ||

MODIFICA CONFIGURAZIONE IN CORSO...

Aggiornato il Tempo Globale:  2025-11-20 20:55:20
---> Task 5 (Type: CPU_and_Data_Intensive) arriva in 6.24
--- [6.24] Task 5 using SearchNode Policy: v2_ilp_hybrid ---
[6.24] [Task 5] Entering ILP branch (v2)
[ε-constraint energy] sumE_B=4080.203682  bound=4488.224050  active=False
[ILP] res_type=dict value_preview={'stage': 'B', 'status': 'Optimal', 'primary': 'energy', 'tol': 0.1, 'opt_primary': 4080.203681965808, 'objective_secondary': 0.42521092428559376, 'sumE': 4080.
[6.24] [Task 5] ILP chose server: STARLINK-31866
[6.241] Task 5 enqueued on CPU STARLINK-31866 qlen_enqueue=1
---> Task 6 (Type: CPU_Intensive) arriva in 6.45
--- [6.45] Task 6 using SearchNode Policy: v2_ilp_hybrid ---
[6.45] [Task 6] Entering ILP branch (v2)
[ε-constraint energy] sumE_B=216.769664  bound=238.446630  active=False
[ILP] res_type=dict value_preview={'stage': 'B', 'status': 'Optimal', 'primary': 'energy', 'tol': 0.1, 'opt_primary': 216.76966384406057, 'objective_secondary': 0.022061442976280956, 'sumE': 216
[6.45] [Task 6] ILP chose server: STARLINK-31235
[6.45] [Task 6] Routed STARLINK-30578 -> STARLINK-31235 | E_NET=0.000020 J | Remaining=120000.00 J
[6.449] Task 6 enqueued on CPU STARLINK-31235 qlen_enqueue=1
[Task 6] Task eseguito su STARLINK-31235 50.52148841473135 degrees | CPU=216.7696J, NET=0.0000J, TOTAL=216.7697J, Remaining=119595.92J
[6.472] Task 6 served on STARLINK-31235 qlen_enqueue_cpu=1 qlen_enqueue_net=None time_in_queue=0.000
[6][GREEDY] STARLINK-31235 -> STARLINK-31283 | Tramission-time: 0.0018006952533456116
[6] Energy routing consumed by STARLINK-31235: 0.000000 J (remaining 119595.92)
[MODE: BIDIRECTIONAL]
[6][GREEDY] CONSEGNATO! STARLINK-31283 -> OBS | Tramission-time: 1.4479821820527293e-11
[6.656] Task 5 enqueued on NET STARLINK-31866 qlen_enqueue_net=1
[Task 5] Task eseguito su STARLINK-31866 57.26496923850204 degrees | CPU=4080.1933J, NET=0.0103J, TOTAL=4080.2037J, Remaining=115919.80J
[6.666] Task 5 served on STARLINK-31866 qlen_enqueue_cpu=1 qlen_enqueue_net=1 time_in_queue=0.000
[MODE: BIDIRECTIONAL]
[5][GREEDY] CONSEGNATO! STARLINK-31866 -> OBS | Tramission-time: 8.7295726180542e-09
----------------------------------------------------------------------
	||TIME IN SIMULATION : (seconds:8) (minutes: 0) ||

MODIFICA CONFIGURAZIONE IN CORSO...

Aggiornato il Tempo Globale:  2025-11-20 20:55:22
---> Task 7 (Type: CPU_Intensive) arriva in 9.55
--- [9.55] Task 7 using SearchNode Policy: v2_ilp_hybrid ---
[9.55] [Task 7] Entering ILP branch (v2)
[ε-constraint energy] sumE_B=19579.703340  bound=21537.673674  active=False
[ILP] res_type=dict value_preview={'stage': 'B', 'status': 'Optimal', 'primary': 'energy', 'tol': 0.1, 'opt_primary': 19579.70333988914, 'objective_secondary': 1.9908065241767823, 'sumE': 19579.
[9.55] [Task 7] ILP chose server: STARLINK-31283
[9.55] [Task 7] Routed STARLINK-6192 -> STARLINK-31283 | E_NET=0.000004 J | Remaining=120000.00 J
[9.553] Task 7 enqueued on CPU STARLINK-31283 qlen_enqueue=1
---> Task 8 (Type: CPU_and_Data_Intensive) arriva in 9.68
--- [9.68] Task 8 using SearchNode Policy: v2_ilp_hybrid ---
[9.68] [Task 8] Entering ILP branch (v2)
[ε-constraint energy] sumE_B=5732.677389  bound=6305.945127  active=False
[ILP] res_type=dict value_preview={'stage': 'B', 'status': 'Optimal', 'primary': 'energy', 'tol': 0.1, 'opt_primary': 5732.677388564533, 'objective_secondary': 0.7776783160958399, 'sumE': 5732.6
[9.68] [Task 8] ILP chose server: STARLINK-3127
[9.68] [Task 8] Routed STARLINK-6192 -> STARLINK-3127 | E_NET=0.146527 J | Remaining=119999.85 J
[9.828] Task 8 enqueued on CPU STARLINK-3127 qlen_enqueue=1
----------------------------------------------------------------------
	||TIME IN SIMULATION : (seconds:10) (minutes: 0) ||

MODIFICA CONFIGURAZIONE IN CORSO...

Aggiornato il Tempo Globale:  2025-11-20 20:55:24
[10.411] Task 8 enqueued on NET STARLINK-3127 qlen_enqueue_net=1
---> Task 9 (Type: Generic_Service) arriva in 10.46
--- [10.46] Task 9 using SearchNode Policy: v2_ilp_hybrid ---
[10.46] [Task 9] Entering ILP branch (v2)
[ε-constraint energy] sumE_B=764.560393  bound=841.016432  active=False
[ILP] res_type=dict value_preview={'stage': 'B', 'status': 'Optimal', 'primary': 'energy', 'tol': 0.1, 'opt_primary': 764.5603927966694, 'objective_secondary': 0.07776509850258231, 'sumE': 764.5
[10.46] [Task 9] ILP chose server: STARLINK-11573 [DTC]
[10.46] [Task 9] Routed STARLINK-2116 -> STARLINK-11573 [DTC] | E_NET=0.000021 J | Remaining=120000.00 J
[10.456] Task 9 enqueued on CPU STARLINK-11573 [DTC] qlen_enqueue=1
[Task 9] Task eseguito su STARLINK-11573 [DTC] 60.06527673707273 degrees | CPU=764.5604J, NET=0.0000J, TOTAL=764.5604J, Remaining=114156.84J
[10.535] Task 9 served on STARLINK-11573 [DTC] qlen_enqueue_cpu=1 qlen_enqueue_net=None time_in_queue=0.000
[Task 8] Task eseguito su STARLINK-3127 67.80802378680532 degrees | CPU=5732.4826J, NET=0.1465J, TOTAL=5732.6291J, Remaining=114267.37J
[10.557] Task 8 served on STARLINK-3127 qlen_enqueue_cpu=1 qlen_enqueue_net=1 time_in_queue=0.000
[9][GREEDY] STARLINK-11573 [DTC] -> STARLINK-31283 | Tramission-time: 0.00121391619620402
[9] Energy routing consumed by STARLINK-11573 [DTC]: 0.000000 J (remaining 114156.84)
[MODE: BIDIRECTIONAL]
[9][GREEDY] CONSEGNATO! STARLINK-31283 -> OBS | Tramission-time: 2.0129990400669047e-11
[MODE: BIDIRECTIONAL]
[8][GREEDY] CONSEGNATO! STARLINK-3127 -> OBS | Tramission-time: 1.69117102850382e-07
---> Task 10 (Type: CPU_Intensive) arriva in 11.05
--- [11.05] Task 10 using SearchNode Policy: v2_ilp_hybrid ---
[11.05] [Task 10] Entering ILP branch (v2)
[ε-constraint energy] sumE_B=3139.157213  bound=3453.072934  active=False
[ILP] res_type=dict value_preview={'stage': 'B', 'status': 'Optimal', 'primary': 'energy', 'tol': 0.1, 'opt_primary': 3139.157212915475, 'objective_secondary': 0.3192069467261227, 'sumE': 3139.1
[11.05] [Task 10] ILP chose server: STARLINK-11573 [DTC]
[11.05] [Task 10] Routed STARLINK-2116 -> STARLINK-11573 [DTC] | E_NET=0.000021 J | Remaining=120000.00 J
[11.054] Task 10 enqueued on CPU STARLINK-11573 [DTC] qlen_enqueue=1
---> Task 11 (Type: CPU_and_Data_Intensive) arriva in 11.08
--- [11.08] Task 11 using SearchNode Policy: v2_ilp_hybrid ---
[11.08] [Task 11] Entering ILP branch (v2)
[ε-constraint energy] sumE_B=1636.479666  bound=1800.127632  active=False
[ILP] res_type=dict value_preview={'stage': 'B', 'status': 'Optimal', 'primary': 'energy', 'tol': 0.1, 'opt_primary': 1636.4796656828457, 'objective_secondary': 0.17171762464309367, 'sumE': 1636
[11.08] [Task 11] ILP chose server: STARLINK-2116
[11.080] Task 11 enqueued on CPU STARLINK-2116 qlen_enqueue=1
[11.246] Task 11 enqueued on NET STARLINK-2116 qlen_enqueue_net=1
[Task 11] Task eseguito su STARLINK-2116 53.09012370391655 degrees | CPU=1636.4743J, NET=0.0053J, TOTAL=1636.4797J, Remaining=118363.52J
[11.252] Task 11 served on STARLINK-2116 qlen_enqueue_cpu=1 qlen_enqueue_net=1 time_in_queue=0.000
[MODE: BIDIRECTIONAL]
[11][GREEDY] CONSEGNATO! STARLINK-2116 -> OBS | Tramission-time: 4.781428426674802e-09
[Task 10] Task eseguito su STARLINK-11573 [DTC] 60.06527673707273 degrees | CPU=3139.1572J, NET=0.0000J, TOTAL=3139.1572J, Remaining=111017.68J
[11.375] Task 10 served on STARLINK-11573 [DTC] qlen_enqueue_cpu=1 qlen_enqueue_net=None time_in_queue=0.000
[10][GREEDY] STARLINK-11573 [DTC] -> STARLINK-31283 | Tramission-time: 0.0012139161961505262
[10] Energy routing consumed by STARLINK-11573 [DTC]: 0.000000 J (remaining 111017.68)
[MODE: BIDIRECTIONAL]
[10][GREEDY] CONSEGNATO! STARLINK-31283 -> OBS | Tramission-time: 2.2374153822381775e-11
[Task 7] Task eseguito su STARLINK-31283 73.56178385474581 degrees | CPU=19579.7033J, NET=0.0000J, TOTAL=19579.7033J, Remaining=97270.62J
[11.544] Task 7 served on STARLINK-31283 qlen_enqueue_cpu=1 qlen_enqueue_net=None time_in_queue=0.000
[MODE: BIDIRECTIONAL]
[7][GREEDY] CONSEGNATO! STARLINK-31283 -> OBS | Tramission-time: 4.272207147113754e-12
----------------------------------------------------------------------
	||TIME IN SIMULATION : (seconds:12) (minutes: 0) ||

MODIFICA CONFIGURAZIONE IN CORSO...

Aggiornato il Tempo Globale:  2025-11-20 20:55:26
---> Task 12 (Type: Generic_Service) arriva in 13.21
--- [13.21] Task 12 using SearchNode Policy: v2_ilp_hybrid ---
[13.21] [Task 12] Entering ILP branch (v2)
[ε-constraint energy] sumE_B=403.668953  bound=444.035849  active=False
[ILP] res_type=dict value_preview={'stage': 'B', 'status': 'Optimal', 'primary': 'energy', 'tol': 0.1, 'opt_primary': 403.66895325771793, 'objective_secondary': 0.04105904356810858, 'sumE': 403.
[13.21] [Task 12] ILP chose server: STARLINK-3127
[13.21] [Task 12] Routed STARLINK-6192 -> STARLINK-3127 | E_NET=0.000014 J | Remaining=119999.85 J
[13.206] Task 12 enqueued on CPU STARLINK-3127 qlen_enqueue=1
[Task 12] Task eseguito su STARLINK-3127 68.69517157010286 degrees | CPU=403.6689J, NET=0.0000J, TOTAL=403.6690J, Remaining=113863.70J
[13.248] Task 12 served on STARLINK-3127 qlen_enqueue_cpu=1 qlen_enqueue_net=None time_in_queue=0.000
[MODE: BIDIRECTIONAL]
[12][GREEDY] CONSEGNATO! STARLINK-3127 -> OBS | Tramission-time: 1.050147537298292e-11
---> Task 13 (Type: CPU_and_Data_Intensive) arriva in 13.82
--- [13.82] Task 13 using SearchNode Policy: v2_ilp_hybrid ---
[13.82] [Task 13] Entering ILP branch (v2)
[ε-constraint energy] sumE_B=7322.262278  bound=8054.488506  active=False
[ILP] res_type=dict value_preview={'stage': 'B', 'status': 'Optimal', 'primary': 'energy', 'tol': 0.1, 'opt_primary': 7322.262277757408, 'objective_secondary': 0.9606155332725892, 'sumE': 7322.2
[13.82] [Task 13] ILP chose server: STARLINK-3127
[13.82] [Task 13] Routed STARLINK-6192 -> STARLINK-3127 | E_NET=0.202703 J | Remaining=119999.65 J
----------------------------------------------------------------------
	||TIME IN SIMULATION : (seconds:14) (minutes: 0) ||

MODIFICA CONFIGURAZIONE IN CORSO...

Aggiornato il Tempo Globale:  2025-11-20 20:55:28
[14.027] Task 13 enqueued on CPU STARLINK-3127 qlen_enqueue=1
[14.771] Task 13 enqueued on NET STARLINK-3127 qlen_enqueue_net=1
---> Task 14 (Type: CPU_Intensive) arriva in 14.78
--- [14.78] Task 14 using SearchNode Policy: v2_ilp_hybrid ---
[14.78] [Task 14] Entering ILP branch (v2)
[ε-constraint energy] sumE_B=4145.759805  bound=4560.335786  active=False
[ILP] res_type=dict value_preview={'stage': 'B', 'status': 'Optimal', 'primary': 'energy', 'tol': 0.1, 'opt_primary': 4145.759805248611, 'objective_secondary': 0.4215578850220214, 'sumE': 4145.7
[14.78] [Task 14] ILP chose server: STARLINK-31283
[14.78] [Task 14] Routed STARLINK-6192 -> STARLINK-31283 | E_NET=0.000024 J | Remaining=119999.65 J
[14.783] Task 14 enqueued on CPU STARLINK-31283 qlen_enqueue=1
---> Task 15 (Type: Generic_Service) arriva in 14.88
--- [14.88] Task 15 using SearchNode Policy: v2_ilp_hybrid ---
[14.88] [Task 15] Entering ILP branch (v2)
[ε-constraint energy] sumE_B=732.799443  bound=806.079388  active=False
[ILP] res_type=dict value_preview={'stage': 'B', 'status': 'Optimal', 'primary': 'energy', 'tol': 0.1, 'opt_primary': 732.799443217093, 'objective_secondary': 0.07454114660614124, 'sumE': 732.79
[14.88] [Task 15] ILP chose server: STARLINK-31235
[14.88] [Task 15] Routed STARLINK-6192 -> STARLINK-31235 | E_NET=0.000022 J | Remaining=119999.65 J
[14.883] Task 15 enqueued on CPU STARLINK-31235 qlen_enqueue=1
[Task 15] Task eseguito su STARLINK-31235 46.39118703024759 degrees | CPU=732.7994J, NET=0.0000J, TOTAL=732.7994J, Remaining=118863.12J
[14.960] Task 15 served on STARLINK-31235 qlen_enqueue_cpu=1 qlen_enqueue_net=None time_in_queue=0.000
[Task 13] Task eseguito su STARLINK-3127 69.53445758286212 degrees | CPU=7322.0461J, NET=0.2027J, TOTAL=7322.2488J, Remaining=106541.45J
[14.974] Task 13 served on STARLINK-3127 qlen_enqueue_cpu=1 qlen_enqueue_net=1 time_in_queue=0.000
[15][GREEDY] STARLINK-31235 -> STARLINK-31283 | Tramission-time: 0.0018107795678205503
[15] Energy routing consumed by STARLINK-31235: 0.000000 J (remaining 118863.12)
[MODE: BIDIRECTIONAL]
[13][GREEDY] CONSEGNATO! STARLINK-3127 -> OBS | Tramission-time: 1.673564558257428e-07
[MODE: BIDIRECTIONAL]
[15][GREEDY] CONSEGNATO! STARLINK-31283 -> OBS | Tramission-time: 2.739823206945539e-11
[Task 14] Task eseguito su STARLINK-31283 76.73284107399728 degrees | CPU=4145.7598J, NET=0.0000J, TOTAL=4145.7598J, Remaining=93124.86J
[15.206] Task 14 served on STARLINK-31283 qlen_enqueue_cpu=1 qlen_enqueue_net=None time_in_queue=0.000
[MODE: BIDIRECTIONAL]
[14][GREEDY] CONSEGNATO! STARLINK-31283 -> OBS | Tramission-time: 2.0411689671455658e-11
---> Task 16 (Type: CPU_Intensive) arriva in 15.26
--- [15.26] Task 16 using SearchNode Policy: v2_ilp_hybrid ---
[15.26] [Task 16] Entering ILP branch (v2)
[ε-constraint energy] sumE_B=11000.233508  bound=12100.256858  active=False
[ILP] res_type=dict value_preview={'stage': 'B', 'status': 'Optimal', 'primary': 'energy', 'tol': 0.1, 'opt_primary': 11000.233507618668, 'objective_secondary': 1.1184899147391383, 'sumE': 11000
[15.26] [Task 16] ILP chose server: STARLINK-31283
[15.26] [Task 16] Routed STARLINK-6192 -> STARLINK-31283 | E_NET=0.000017 J | Remaining=119999.65 J
[15.264] Task 16 enqueued on CPU STARLINK-31283 qlen_enqueue=1
---> Task 17 (Type: CPU_Intensive) arriva in 15.38
--- [15.38] Task 17 using SearchNode Policy: v2_ilp_hybrid ---
[15.38] [Task 17] Entering ILP branch (v2)
[ε-constraint energy] sumE_B=4439.746695  bound=4883.721365  active=False
[ILP] res_type=dict value_preview={'stage': 'B', 'status': 'Optimal', 'primary': 'energy', 'tol': 0.1, 'opt_primary': 4439.746695432514, 'objective_secondary': 0.4514315553218161, 'sumE': 4439.7
[15.38] [Task 17] ILP chose server: STARLINK-3127
[15.38] [Task 17] Routed STARLINK-6192 -> STARLINK-3127 | E_NET=0.000011 J | Remaining=119999.65 J
[15.383] Task 17 enqueued on CPU STARLINK-3127 qlen_enqueue=1
[Task 17] Task eseguito su STARLINK-3127 69.53445758286212 degrees | CPU=4439.7467J, NET=0.0000J, TOTAL=4439.7467J, Remaining=102101.71J
[15.835] Task 17 served on STARLINK-3127 qlen_enqueue_cpu=1 qlen_enqueue_net=None time_in_queue=0.000
---> Task 18 (Type: Generic_Service) arriva in 15.88
--- [15.88] Task 18 using SearchNode Policy: v2_ilp_hybrid ---
[15.88] [Task 18] Entering ILP branch (v2)
[ε-constraint energy] sumE_B=845.907718  bound=930.498490  active=False
[ILP] res_type=dict value_preview={'stage': 'B', 'status': 'Optimal', 'primary': 'energy', 'tol': 0.1, 'opt_primary': 845.9077181129586, 'objective_secondary': 0.0860339897917253, 'sumE': 845.90
[15.88] [Task 18] ILP chose server: STARLINK-3127
[15.88] [Task 18] Routed STARLINK-6192 -> STARLINK-3127 | E_NET=0.000022 J | Remaining=119999.65 J
[15.880] Task 18 enqueued on CPU STARLINK-3127 qlen_enqueue=1
[MODE: BIDIRECTIONAL]
[17][GREEDY] CONSEGNATO! STARLINK-3127 -> OBS | Tramission-time: 9.891529384836201e-12
[Task 18] Task eseguito su STARLINK-3127 69.53445758286212 degrees | CPU=845.9077J, NET=0.0000J, TOTAL=845.9077J, Remaining=101255.80J
[15.968] Task 18 served on STARLINK-3127 qlen_enqueue_cpu=1 qlen_enqueue_net=None time_in_queue=0.000
----------------------------------------------------------------------
	||TIME IN SIMULATION : (seconds:16) (minutes: 0) ||

MODIFICA CONFIGURAZIONE IN CORSO...

Aggiornato il Tempo Globale:  2025-11-20 20:55:30
[MODE: BIDIRECTIONAL]
[18][GREEDY] CONSEGNATO! STARLINK-3127 -> OBS | Tramission-time: 1.7483852943616987e-11
---> Task 19 (Type: CPU_and_Data_Intensive) arriva in 16.25
--- [16.25] Task 19 using SearchNode Policy: v2_ilp_hybrid ---
[16.25] [Task 19] Entering ILP branch (v2)
[ε-constraint energy] sumE_B=2300.646525  bound=2530.711178  active=False
[ILP] res_type=dict value_preview={'stage': 'B', 'status': 'Optimal', 'primary': 'energy', 'tol': 0.1, 'opt_primary': 2300.646525425386, 'objective_secondary': 0.23644175943089726, 'sumE': 2300.
[16.25] [Task 19] ILP chose server: STARLINK-3127
[16.25] [Task 19] Routed STARLINK-6192 -> STARLINK-3127 | E_NET=0.001775 J | Remaining=119999.65 J
[16.248] Task 19 enqueued on CPU STARLINK-3127 qlen_enqueue=1
[Task 16] Task eseguito su STARLINK-31283 78.33692476447507 degrees | CPU=11000.2335J, NET=0.0000J, TOTAL=11000.2335J, Remaining=82124.62J
[16.384] Task 16 served on STARLINK-31283 qlen_enqueue_cpu=1 qlen_enqueue_net=None time_in_queue=0.000
[MODE: BIDIRECTIONAL]
[16][GREEDY] CONSEGNATO! STARLINK-31283 -> OBS | Tramission-time: 1.511191575434526e-11
---> Task 20 (Type: CPU_Intensive) arriva in 16.45
--- [16.45] Task 20 using SearchNode Policy: v2_ilp_hybrid ---
[16.45] [Task 20] Entering ILP branch (v2)
[ε-constraint energy] sumE_B=1620.023527  bound=1782.025879  active=False
[ILP] res_type=dict value_preview={'stage': 'B', 'status': 'Optimal', 'primary': 'energy', 'tol': 0.1, 'opt_primary': 1620.0235265232295, 'objective_secondary': 0.16474285165442185, 'sumE': 1620
[16.45] [Task 20] ILP chose server: STARLINK-31283
[16.45] [Task 20] Routed STARLINK-6192 -> STARLINK-31283 | E_NET=0.000023 J | Remaining=119999.65 J
[16.446] Task 20 enqueued on CPU STARLINK-31283 qlen_enqueue=1
[16.482] Task 19 enqueued on NET STARLINK-3127 qlen_enqueue_net=1
[Task 19] Task eseguito su STARLINK-3127 70.31600756995934 degrees | CPU=2300.6440J, NET=0.0018J, TOTAL=2300.6458J, Remaining=98955.15J
[16.484] Task 19 served on STARLINK-3127 qlen_enqueue_cpu=1 qlen_enqueue_net=1 time_in_queue=0.000
[MODE: BIDIRECTIONAL]
[19][GREEDY] CONSEGNATO! STARLINK-3127 -> OBS | Tramission-time: 1.8444591309845185e-09
---> Task 21 (Type: CPU_and_Data_Intensive) arriva in 16.54
--- [16.54] Task 21 using SearchNode Policy: v2_ilp_hybrid ---
[16.54] [Task 21] Entering ILP branch (v2)
[ε-constraint energy] sumE_B=3631.057894  bound=3994.163683  active=False
[ILP] res_type=dict value_preview={'stage': 'B', 'status': 'Optimal', 'primary': 'energy', 'tol': 0.1, 'opt_primary': 3631.0578938357357, 'objective_secondary': 0.3803789158578081, 'sumE': 3631.
[16.54] [Task 21] ILP chose server: STARLINK-3127
[16.54] [Task 21] Routed STARLINK-6192 -> STARLINK-3127 | E_NET=0.007879 J | Remaining=119999.64 J
[16.549] Task 21 enqueued on CPU STARLINK-3127 qlen_enqueue=1
[Task 20] Task eseguito su STARLINK-31283 78.33692476447507 degrees | CPU=1620.0235J, NET=0.0000J, TOTAL=1620.0235J, Remaining=80504.60J
[16.612] Task 20 served on STARLINK-31283 qlen_enqueue_cpu=1 qlen_enqueue_net=None time_in_queue=0.000
[MODE: BIDIRECTIONAL]
[20][GREEDY] CONSEGNATO! STARLINK-31283 -> OBS | Tramission-time: 1.9528348026773813e-11
---> Task 22 (Type: CPU_Intensive) arriva in 16.72
--- [16.72] Task 22 using SearchNode Policy: v2_ilp_hybrid ---
[16.72] [Task 22] Entering ILP branch (v2)
[ε-constraint energy] sumE_B=733.017165  bound=806.318881  active=False
[ILP] res_type=dict value_preview={'stage': 'B', 'status': 'Optimal', 'primary': 'energy', 'tol': 0.1, 'opt_primary': 733.0171647168171, 'objective_secondary': 0.0745431676306856, 'sumE': 733.01
[16.72] [Task 22] ILP chose server: STARLINK-31283
[16.72] [Task 22] Routed STARLINK-6192 -> STARLINK-31283 | E_NET=0.000012 J | Remaining=119999.64 J
[16.721] Task 22 enqueued on CPU STARLINK-31283 qlen_enqueue=1
[Task 22] Task eseguito su STARLINK-31283 78.33692476447507 degrees | CPU=733.0172J, NET=0.0000J, TOTAL=733.0172J, Remaining=79771.58J
[16.796] Task 22 served on STARLINK-31283 qlen_enqueue_cpu=1 qlen_enqueue_net=None time_in_queue=0.000
[MODE: BIDIRECTIONAL]
[22][GREEDY] CONSEGNATO! STARLINK-31283 -> OBS | Tramission-time: 8.553030306868997e-12
---> Task 23 (Type: CPU_Intensive) arriva in 16.89
--- [16.89] Task 23 using SearchNode Policy: v2_ilp_hybrid ---
[16.89] [Task 23] Entering ILP branch (v2)
[ε-constraint energy] sumE_B=2822.009616  bound=3104.210577  active=False
[ILP] res_type=dict value_preview={'stage': 'B', 'status': 'Optimal', 'primary': 'energy', 'tol': 0.1, 'opt_primary': 2822.0096156027785, 'objective_secondary': 0.28694080261510646, 'sumE': 2822
[16.89] [Task 23] ILP chose server: STARLINK-31283
[16.89] [Task 23] Routed STARLINK-6192 -> STARLINK-31283 | E_NET=0.000008 J | Remaining=119999.64 J
[16.891] Task 23 enqueued on CPU STARLINK-31283 qlen_enqueue=1
[16.918] Task 21 enqueued on NET STARLINK-3127 qlen_enqueue_net=1
[Task 21] Task eseguito su STARLINK-3127 70.31600756995934 degrees | CPU=3631.0467J, NET=0.0079J, TOTAL=3631.0546J, Remaining=95324.10J
[16.926] Task 21 served on STARLINK-3127 qlen_enqueue_cpu=1 qlen_enqueue_net=1 time_in_queue=0.000
---> Task 24 (Type: Generic_Service) arriva in 16.93
--- [16.93] Task 24 using SearchNode Policy: v2_ilp_hybrid ---
[16.93] [Task 24] Entering ILP branch (v2)
[ε-constraint energy] sumE_B=876.236910  bound=963.860601  active=False
[ILP] res_type=dict value_preview={'stage': 'B', 'status': 'Optimal', 'primary': 'energy', 'tol': 0.1, 'opt_primary': 876.2369103540146, 'objective_secondary': 0.08913200405578814, 'sumE': 876.2
[16.93] [Task 24] ILP chose server: STARLINK-3127
[16.93] [Task 24] Routed STARLINK-6192 -> STARLINK-3127 | E_NET=0.000028 J | Remaining=119999.64 J
[16.935] Task 24 enqueued on CPU STARLINK-3127 qlen_enqueue=1
[MODE: BIDIRECTIONAL]
[21][GREEDY] CONSEGNATO! STARLINK-3127 -> OBS | Tramission-time: 8.382773427773605e-09
[Task 24] Task eseguito su STARLINK-3127 70.31600756995934 degrees | CPU=876.2369J, NET=0.0000J, TOTAL=876.2369J, Remaining=94447.86J
[17.027] Task 24 served on STARLINK-3127 qlen_enqueue_cpu=1 qlen_enqueue_net=None time_in_queue=0.000
[MODE: BIDIRECTIONAL]
[24][GREEDY] CONSEGNATO! STARLINK-3127 -> OBS | Tramission-time: 3.371686514409291e-11
[Task 23] Task eseguito su STARLINK-31283 78.33692476447507 degrees | CPU=2822.0096J, NET=0.0000J, TOTAL=2822.0096J, Remaining=76949.57J
[17.178] Task 23 served on STARLINK-31283 qlen_enqueue_cpu=1 qlen_enqueue_net=None time_in_queue=0.000
[MODE: BIDIRECTIONAL]
[23][GREEDY] CONSEGNATO! STARLINK-31283 -> OBS | Tramission-time: 6.237451436377407e-12
---> Task 25 (Type: CPU_and_Data_Intensive) arriva in 17.90
--- [17.90] Task 25 using SearchNode Policy: v2_ilp_hybrid ---
[17.90] [Task 25] Entering ILP branch (v2)
[ε-constraint energy] sumE_B=2714.463904  bound=2985.910295  active=False
[ILP] res_type=dict value_preview={'stage': 'B', 'status': 'Optimal', 'primary': 'energy', 'tol': 0.1, 'opt_primary': 2714.4639043056154, 'objective_secondary': 0.2763781195308978, 'sumE': 2714.
[17.90] [Task 25] ILP chose server: STARLINK-31283
[17.90] [Task 25] Routed STARLINK-6192 -> STARLINK-31283 | E_NET=0.000368 J | Remaining=119999.64 J
[17.898] Task 25 enqueued on CPU STARLINK-31283 qlen_enqueue=1
----------------------------------------------------------------------
	||TIME IN SIMULATION : (seconds:18) (minutes: 0) ||

MODIFICA CONFIGURAZIONE IN CORSO...

Aggiornato il Tempo Globale:  2025-11-20 20:55:32
[18.174] Task 25 enqueued on NET STARLINK-31283 qlen_enqueue_net=1
[Task 25] Task eseguito su STARLINK-31283 79.94578643619792 degrees | CPU=2714.4635J, NET=0.0004J, TOTAL=2714.4639J, Remaining=74235.11J
[18.174] Task 25 served on STARLINK-31283 qlen_enqueue_cpu=1 qlen_enqueue_net=1 time_in_queue=0.000
[MODE: BIDIRECTIONAL]
[25][GREEDY] CONSEGNATO! STARLINK-31283 -> OBS | Tramission-time: 2.974220429945654e-10
---> Task 26 (Type: CPU_and_Data_Intensive) arriva in 18.53
--- [18.53] Task 26 using SearchNode Policy: v2_ilp_hybrid ---
[18.53] [Task 26] Entering ILP branch (v2)
[ε-constraint energy] sumE_B=12164.295005  bound=13380.724506  active=False
[ILP] res_type=dict value_preview={'stage': 'B', 'status': 'Optimal', 'primary': 'energy', 'tol': 0.1, 'opt_primary': 12164.295005116555, 'objective_secondary': 1.2374927166523415, 'sumE': 12164
[18.53] [Task 26] ILP chose server: STARLINK-31283
[18.53] [Task 26] Routed STARLINK-6192 -> STARLINK-31283 | E_NET=0.000583 J | Remaining=119999.64 J
[18.529] Task 26 enqueued on CPU STARLINK-31283 qlen_enqueue=1
---> Task 27 (Type: CPU_and_Data_Intensive) arriva in 18.57
--- [18.57] Task 27 using SearchNode Policy: v2_ilp_hybrid ---
[18.57] [Task 27] Entering ILP branch (v2)
[ε-constraint energy] sumE_B=2773.249540  bound=3050.574494  active=False
[ILP] res_type=dict value_preview={'stage': 'B', 'status': 'Optimal', 'primary': 'energy', 'tol': 0.1, 'opt_primary': 2773.2495403991347, 'objective_secondary': 0.28234175253897376, 'sumE': 2773
[18.57] [Task 27] ILP chose server: STARLINK-3127
[18.57] [Task 27] Routed STARLINK-6192 -> STARLINK-3127 | E_NET=0.000338 J | Remaining=119999.64 J
[18.569] Task 27 enqueued on CPU STARLINK-3127 qlen_enqueue=1
[18.851] Task 27 enqueued on NET STARLINK-3127 qlen_enqueue_net=1
[Task 27] Task eseguito su STARLINK-3127 71.02911599800022 degrees | CPU=2773.2492J, NET=0.0003J, TOTAL=2773.2495J, Remaining=91674.61J
[18.851] Task 27 served on STARLINK-3127 qlen_enqueue_cpu=1 qlen_enqueue_net=1 time_in_queue=0.000
[MODE: BIDIRECTIONAL]
[27][GREEDY] CONSEGNATO! STARLINK-3127 -> OBS | Tramission-time: 2.7591072909828936e-10
---> Task 28 (Type: Generic_Service) arriva in 19.28
--- [19.28] Task 28 using SearchNode Policy: v2_ilp_hybrid ---
[19.28] [Task 28] Entering ILP branch (v2)
[ε-constraint energy] sumE_B=69.234026  bound=76.157429  active=False
[ILP] res_type=dict value_preview={'stage': 'B', 'status': 'Optimal', 'primary': 'energy', 'tol': 0.1, 'opt_primary': 69.23402596928686, 'objective_secondary': 0.00706500045291647, 'sumE': 69.23
[19.28] [Task 28] ILP chose server: STARLINK-3127
[19.28] [Task 28] Routed STARLINK-6192 -> STARLINK-3127 | E_NET=0.000024 J | Remaining=119999.64 J
[19.276] Task 28 enqueued on CPU STARLINK-3127 qlen_enqueue=1
[Task 28] Task eseguito su STARLINK-3127 71.02911599800022 degrees | CPU=69.2340J, NET=0.0000J, TOTAL=69.2340J, Remaining=91605.38J
[19.285] Task 28 served on STARLINK-3127 qlen_enqueue_cpu=1 qlen_enqueue_net=None time_in_queue=0.000
[MODE: BIDIRECTIONAL]
[28][GREEDY] CONSEGNATO! STARLINK-3127 -> OBS | Tramission-time: 2.1793833156093818e-11
[19.766] Task 26 enqueued on NET STARLINK-31283 qlen_enqueue_net=1
[Task 26] Task eseguito su STARLINK-31283 79.94578643619792 degrees | CPU=12164.2943J, NET=0.0006J, TOTAL=12164.2949J, Remaining=62070.81J
[19.767] Task 26 served on STARLINK-31283 qlen_enqueue_cpu=1 qlen_enqueue_net=1 time_in_queue=0.000
[MODE: BIDIRECTIONAL]
[26][GREEDY] CONSEGNATO! STARLINK-31283 -> OBS | Tramission-time: 5.567628951617665e-10
----------------------------------------------------------------------
	||TIME IN SIMULATION : (seconds:20) (minutes: 0) ||

MODIFICA CONFIGURAZIONE IN CORSO...

Aggiornato il Tempo Globale:  2025-11-20 20:55:34
---> Task 29 (Type: CPU_and_Data_Intensive) arriva in 20.09
--- [20.09] Task 29 using SearchNode Policy: v2_ilp_hybrid ---
[20.09] [Task 29] Entering ILP branch (v2)
[ε-constraint energy] sumE_B=612.123923  bound=673.336315  active=False
[ILP] res_type=dict value_preview={'stage': 'B', 'status': 'Optimal', 'primary': 'energy', 'tol': 0.1, 'opt_primary': 612.1239227039823, 'objective_secondary': 0.07169100142935265, 'sumE': 612.1
[20.09] [Task 29] ILP chose server: STARLINK-31283
[20.09] [Task 29] Routed STARLINK-6192 -> STARLINK-31283 | E_NET=0.006571 J | Remaining=119999.63 J
[20.098] Task 29 enqueued on CPU STARLINK-31283 qlen_enqueue=1
[20.161] Task 29 enqueued on NET STARLINK-31283 qlen_enqueue_net=1
[Task 29] Task eseguito su STARLINK-31283 81.55002167822568 degrees | CPU=612.1145J, NET=0.0066J, TOTAL=612.1210J, Remaining=61458.69J
[20.167] Task 29 served on STARLINK-31283 qlen_enqueue_cpu=1 qlen_enqueue_net=1 time_in_queue=0.000
[MODE: BIDIRECTIONAL]
[29][GREEDY] CONSEGNATO! STARLINK-31283 -> OBS | Tramission-time: 8.95692042965511e-09
---> Task 30 (Type: CPU_Intensive) arriva in 20.94
--- [20.94] Task 30 using SearchNode Policy: v2_ilp_hybrid ---
[20.94] [Task 30] Entering ILP branch (v2)
[ε-constraint energy] sumE_B=420.902090  bound=462.992299  active=False
[ILP] res_type=dict value_preview={'stage': 'B', 'status': 'Optimal', 'primary': 'energy', 'tol': 0.1, 'opt_primary': 420.90208971616664, 'objective_secondary': 0.04282902383463808, 'sumE': 420.
[20.94] [Task 30] ILP chose server: STARLINK-31283
[20.94] [Task 30] Routed STARLINK-6192 -> STARLINK-31283 | E_NET=0.000023 J | Remaining=119999.63 J
[20.938] Task 30 enqueued on CPU STARLINK-31283 qlen_enqueue=1
---> Task 31 (Type: CPU_Intensive) arriva in 20.95
--- [20.95] Task 31 using SearchNode Policy: v2_ilp_hybrid ---
[20.95] [Task 31] Entering ILP branch (v2)
[ε-constraint energy] sumE_B=678.729331  bound=746.602264  active=False
[ILP] res_type=dict value_preview={'stage': 'B', 'status': 'Optimal', 'primary': 'energy', 'tol': 0.1, 'opt_primary': 678.7293310789656, 'objective_secondary': 0.06903411583196031, 'sumE': 678.7
[20.95] [Task 31] ILP chose server: STARLINK-3127
[20.95] [Task 31] Routed STARLINK-6192 -> STARLINK-3127 | E_NET=0.000022 J | Remaining=119999.63 J
[20.955] Task 31 enqueued on CPU STARLINK-3127 qlen_enqueue=1
[Task 30] Task eseguito su STARLINK-31283 81.55002167822568 degrees | CPU=420.9021J, NET=0.0000J, TOTAL=420.9021J, Remaining=61037.79J
[20.983] Task 30 served on STARLINK-31283 qlen_enqueue_cpu=1 qlen_enqueue_net=None time_in_queue=0.000
[MODE: BIDIRECTIONAL]
[30][GREEDY] CONSEGNATO! STARLINK-31283 -> OBS | Tramission-time: 2.514893580092282e-11
[Task 31] Task eseguito su STARLINK-3127 71.66248477686376 degrees | CPU=678.7293J, NET=0.0000J, TOTAL=678.7293J, Remaining=90926.65J
[21.026] Task 31 served on STARLINK-3127 qlen_enqueue_cpu=1 qlen_enqueue_net=None time_in_queue=0.000
[MODE: BIDIRECTIONAL]
[31][GREEDY] CONSEGNATO! STARLINK-3127 -> OBS | Tramission-time: 2.138411140124925e-11
---> Task 32 (Type: CPU_Intensive) arriva in 21.44
--- [21.44] Task 32 using SearchNode Policy: v2_ilp_hybrid ---
[21.44] [Task 32] Entering ILP branch (v2)
[ε-constraint energy] sumE_B=9722.144753  bound=10694.359228  active=False
[ILP] res_type=dict value_preview={'stage': 'B', 'status': 'Optimal', 'primary': 'energy', 'tol': 0.1, 'opt_primary': 9722.144753106886, 'objective_secondary': 0.9885290032963078, 'sumE': 9722.1
[21.44] [Task 32] ILP chose server: STARLINK-31283
[21.44] [Task 32] Routed STARLINK-6192 -> STARLINK-31283 | E_NET=0.000009 J | Remaining=119999.63 J
[21.441] Task 32 enqueued on CPU STARLINK-31283 qlen_enqueue=1
----------------------------------------------------------------------
	||TIME IN SIMULATION : (seconds:22) (minutes: 0) ||

MODIFICA CONFIGURAZIONE IN CORSO...

Aggiornato il Tempo Globale:  2025-11-20 20:55:36
[Task 32] Task eseguito su STARLINK-31283 83.13339345684072 degrees | CPU=9722.1447J, NET=0.0000J, TOTAL=9722.1447J, Remaining=51315.64J
[22.430] Task 32 served on STARLINK-31283 qlen_enqueue_cpu=1 qlen_enqueue_net=None time_in_queue=0.000
[MODE: BIDIRECTIONAL]
[32][GREEDY] CONSEGNATO! STARLINK-31283 -> OBS | Tramission-time: 8.974605116198962e-12
---> Task 33 (Type: Generic_Service) arriva in 22.69
--- [22.69] Task 33 using SearchNode Policy: v2_ilp_hybrid ---
[22.69] [Task 33] Entering ILP branch (v2)
[ε-constraint energy] sumE_B=1456.257913  bound=1601.883704  active=False
[ILP] res_type=dict value_preview={'stage': 'B', 'status': 'Optimal', 'primary': 'energy', 'tol': 0.1, 'opt_primary': 1456.2579128048706, 'objective_secondary': 0.14810223285665963, 'sumE': 1456
[22.69] [Task 33] ILP chose server: STARLINK-31131
[22.69] [Task 33] Routed STARLINK-30297 -> STARLINK-31131 | E_NET=0.000032 J | Remaining=120000.00 J
[22.693] Task 33 enqueued on CPU STARLINK-31131 qlen_enqueue=1
[Task 33] Task eseguito su STARLINK-31131 28.854061605955437 degrees | CPU=1456.2579J, NET=0.0000J, TOTAL=1456.2579J, Remaining=118543.74J
[22.843] Task 33 served on STARLINK-31131 qlen_enqueue_cpu=1 qlen_enqueue_net=None time_in_queue=0.000
---> Task 34 (Type: CPU_and_Data_Intensive) arriva in 22.89
--- [22.89] Task 34 using SearchNode Policy: v2_ilp_hybrid ---
[22.89] [Task 34] Entering ILP branch (v2)
[ε-constraint energy] sumE_B=4241.058141  bound=4665.163955  active=False
[ILP] res_type=dict value_preview={'stage': 'B', 'status': 'Optimal', 'primary': 'energy', 'tol': 0.1, 'opt_primary': 4241.058140503503, 'objective_secondary': 0.43195658972580636, 'sumE': 4241.
[22.89] [Task 34] ILP chose server: STARLINK-31131
[22.89] [Task 34] Routed STARLINK-30297 -> STARLINK-31131 | E_NET=0.000682 J | Remaining=120000.00 J
[22.889] Task 34 enqueued on CPU STARLINK-31131 qlen_enqueue=1
[33][GREEDY] STARLINK-31131 -> STARLINK-30297 | Tramission-time: 0.0017972259068510653
[33] Energy routing consumed by STARLINK-31131: 0.000000 J (remaining 118543.74)
[MODE: BIDIRECTIONAL]
[33][GREEDY] CONSEGNATO! STARLINK-30297 -> OBS | Tramission-time: 2.4204238355700328e-11
---> Task 35 (Type: CPU_Intensive) arriva in 23.12
--- [23.12] Task 35 using SearchNode Policy: v2_ilp_hybrid ---
[23.12] [Task 35] Entering ILP branch (v2)
[ε-constraint energy] sumE_B=15678.498566  bound=17246.348422  active=False
[ILP] res_type=dict value_preview={'stage': 'B', 'status': 'Optimal', 'primary': 'energy', 'tol': 0.1, 'opt_primary': 15678.498565751477, 'objective_secondary': 1.594146062301307, 'sumE': 15678.
[23.12] [Task 35] ILP chose server: STARLINK-31124
[23.12] [Task 35] Routed STARLINK-30297 -> STARLINK-31124 | E_NET=0.000006 J | Remaining=120000.00 J
[23.117] Task 35 enqueued on CPU STARLINK-31124 qlen_enqueue=1
[23.320] Task 34 enqueued on NET STARLINK-31131 qlen_enqueue_net=1
[Task 34] Task eseguito su STARLINK-31131 28.854061605955437 degrees | CPU=4241.0574J, NET=0.0007J, TOTAL=4241.0581J, Remaining=114302.68J
[23.321] Task 34 served on STARLINK-31131 qlen_enqueue_cpu=1 qlen_enqueue_net=1 time_in_queue=0.000
[34][GREEDY] STARLINK-31131 -> STARLINK-30297 | Tramission-time: 0.0017972264358873883
[34] Energy routing consumed by STARLINK-31131: 0.000000 J (remaining 114302.68)
[MODE: BIDIRECTIONAL]
[34][GREEDY] CONSEGNATO! STARLINK-30297 -> OBS | Tramission-time: 5.515724864343155e-10
----------------------------------------------------------------------
	||TIME IN SIMULATION : (seconds:24) (minutes: 0) ||

MODIFICA CONFIGURAZIONE IN CORSO...

Aggiornato il Tempo Globale:  2025-11-20 20:55:38
---> Task 36 (Type: CPU_and_Data_Intensive) arriva in 24.12
--- [24.12] Task 36 using SearchNode Policy: v2_ilp_hybrid ---
[24.12] [Task 36] Entering ILP branch (v2)
[ε-constraint energy] sumE_B=1309.076997  bound=1439.984697  active=False
[ILP] res_type=dict value_preview={'stage': 'B', 'status': 'Optimal', 'primary': 'energy', 'tol': 0.1, 'opt_primary': 1309.0769971521756, 'objective_secondary': 0.14361648155980325, 'sumE': 1309
[24.12] [Task 36] ILP chose server: STARLINK-31751
[24.12] [Task 36] Routed STARLINK-6246 -> STARLINK-31751 | E_NET=0.007504 J | Remaining=119999.99 J
[24.124] Task 36 enqueued on CPU STARLINK-31751 qlen_enqueue=1
[24.258] Task 36 enqueued on NET STARLINK-31751 qlen_enqueue_net=1
[Task 36] Task eseguito su STARLINK-31751 45.436524971119454 degrees | CPU=1309.0665J, NET=0.0075J, TOTAL=1309.0740J, Remaining=118690.93J
[24.265] Task 36 served on STARLINK-31751 qlen_enqueue_cpu=1 qlen_enqueue_net=1 time_in_queue=0.000
[36][GREEDY] STARLINK-31751 -> STARLINK-31283 | Tramission-time: 0.0013961835200370113
[36] Energy routing consumed by STARLINK-31751: 0.000000 J (remaining 118690.93)
[MODE: BIDIRECTIONAL]
[36][GREEDY] CONSEGNATO! STARLINK-31283 -> OBS | Tramission-time: 7.141291874135524e-09
[Task 35] Task eseguito su STARLINK-31124 29.143257416187115 degrees | CPU=15678.4986J, NET=0.0000J, TOTAL=15678.4986J, Remaining=104321.50J
[24.711] Task 35 served on STARLINK-31124 qlen_enqueue_cpu=1 qlen_enqueue_net=None time_in_queue=0.000
[35][GREEDY] STARLINK-31124 -> STARLINK-3127 | Tramission-time: 0.0020958909979246253
[35] Energy routing consumed by STARLINK-31124: 0.000000 J (remaining 104321.50)
---> Task 37 (Type: Generic_Service) arriva in 24.76
--- [24.76] Task 37 using SearchNode Policy: v2_ilp_hybrid ---
[24.76] [Task 37] Entering ILP branch (v2)
[ε-constraint energy] sumE_B=297.534737  bound=327.288211  active=False
[ILP] res_type=dict value_preview={'stage': 'B', 'status': 'Optimal', 'primary': 'energy', 'tol': 0.1, 'opt_primary': 297.5347371003962, 'objective_secondary': 0.030290989126749393, 'sumE': 297.
[24.76] [Task 37] ILP chose server: STARLINK-31751
[24.76] [Task 37] Routed STARLINK-6246 -> STARLINK-31751 | E_NET=0.000028 J | Remaining=119999.99 J
[24.764] Task 37 enqueued on CPU STARLINK-31751 qlen_enqueue=1
[Task 37] Task eseguito su STARLINK-31751 45.436524971119454 degrees | CPU=297.5347J, NET=0.0000J, TOTAL=297.5347J, Remaining=118393.39J
[24.797] Task 37 served on STARLINK-31751 qlen_enqueue_cpu=1 qlen_enqueue_net=None time_in_queue=0.000
[MODE: BIDIRECTIONAL]
[35][GREEDY] CONSEGNATO! STARLINK-3127 -> OBS | Tramission-time: 4.876146182311378e-12
[37][GREEDY] STARLINK-31751 -> STARLINK-31283 | Tramission-time: 0.001396174335141669
[37] Energy routing consumed by STARLINK-31751: 0.000000 J (remaining 118393.39)
[MODE: BIDIRECTIONAL]
[37][GREEDY] CONSEGNATO! STARLINK-31283 -> OBS | Tramission-time: 3.423277366327197e-11
---> Task 38 (Type: CPU_Intensive) arriva in 25.46
--- [25.46] Task 38 using SearchNode Policy: v2_ilp_hybrid ---
[25.46] [Task 38] Entering ILP branch (v2)
[ε-constraint energy] sumE_B=17011.936215  bound=18713.129837  active=False
[ILP] res_type=dict value_preview={'stage': 'B', 'status': 'Optimal', 'primary': 'energy', 'tol': 0.1, 'opt_primary': 17011.9362151204, 'objective_secondary': 1.7297388742663846, 'sumE': 17011.9
[25.46] [Task 38] ILP chose server: STARLINK-31751
[25.46] [Task 38] Routed STARLINK-6246 -> STARLINK-31751 | E_NET=0.000014 J | Remaining=119999.99 J
[25.460] Task 38 enqueued on CPU STARLINK-31751 qlen_enqueue=1
----------------------------------------------------------------------
	||TIME IN SIMULATION : (seconds:26) (minutes: 0) ||

MODIFICA CONFIGURAZIONE IN CORSO...

Aggiornato il Tempo Globale:  2025-11-20 20:55:40
---> Task 39 (Type: CPU_Intensive) arriva in 26.13
--- [26.13] Task 39 using SearchNode Policy: v2_ilp_hybrid ---
[26.13] [Task 39] Entering ILP branch (v2)
[ε-constraint energy] sumE_B=4247.108948  bound=4671.819843  active=False
[ILP] res_type=dict value_preview={'stage': 'B', 'status': 'Optimal', 'primary': 'energy', 'tol': 0.1, 'opt_primary': 4247.108948158426, 'objective_secondary': 0.43187256185671496, 'sumE': 4247.
[26.13] [Task 39] ILP chose server: STARLINK-31777
[26.13] [Task 39] Routed STARLINK-6246 -> STARLINK-31777 | E_NET=0.000032 J | Remaining=119999.99 J
[26.134] Task 39 enqueued on CPU STARLINK-31777 qlen_enqueue=1
---> Task 40 (Type: CPU_and_Data_Intensive) arriva in 26.40
--- [26.40] Task 40 using SearchNode Policy: v2_ilp_hybrid ---
[26.40] [Task 40] Entering ILP branch (v2)
[ε-constraint energy] sumE_B=1442.394494  bound=1586.633943  active=False
[ILP] res_type=dict value_preview={'stage': 'B', 'status': 'Optimal', 'primary': 'energy', 'tol': 0.1, 'opt_primary': 1442.3944937977892, 'objective_secondary': 0.14674791415618255, 'sumE': 1442
[26.40] [Task 40] ILP chose server: STARLINK-31283
[26.40] [Task 40] Routed STARLINK-6246 -> STARLINK-31283 | E_NET=0.000073 J | Remaining=119999.99 J
[26.399] Task 40 enqueued on CPU STARLINK-31283 qlen_enqueue=1
[26.546] Task 40 enqueued on NET STARLINK-31283 qlen_enqueue_net=1
[Task 40] Task eseguito su STARLINK-31283 86.06208248427812 degrees | CPU=1442.3944J, NET=0.0001J, TOTAL=1442.3945J, Remaining=49873.25J
[26.546] Task 40 served on STARLINK-31283 qlen_enqueue_cpu=1 qlen_enqueue_net=1 time_in_queue=0.000
[Task 39] Task eseguito su STARLINK-31777 58.17783892324903 degrees | CPU=4247.1089J, NET=0.0000J, TOTAL=4247.1089J, Remaining=115752.89J
[26.569] Task 39 served on STARLINK-31777 qlen_enqueue_cpu=1 qlen_enqueue_net=None time_in_queue=0.000
[39][GREEDY] STARLINK-31777 -> STARLINK-31283 | Tramission-time: 0.0010975633563066259
[39] Energy routing consumed by STARLINK-31777: 0.000000 J (remaining 115752.89)
[MODE: BIDIRECTIONAL]
[40][GREEDY] CONSEGNATO! STARLINK-31283 -> OBS | Tramission-time: 6.939092587483086e-11
[MODE: BIDIRECTIONAL]
[39][GREEDY] CONSEGNATO! STARLINK-31283 -> OBS | Tramission-time: 3.073716378894579e-11
---> Task 41 (Type: Generic_Service) arriva in 27.04
--- [27.04] Task 41 using SearchNode Policy: v2_ilp_hybrid ---
[27.04] [Task 41] Entering ILP branch (v2)
[ε-constraint energy] sumE_B=176.928033  bound=194.620836  active=False
[ILP] res_type=dict value_preview={'stage': 'B', 'status': 'Optimal', 'primary': 'energy', 'tol': 0.1, 'opt_primary': 176.92803255016292, 'objective_secondary': 0.017996053237650793, 'sumE': 176
[27.04] [Task 41] ILP chose server: STARLINK-31777
[27.04] [Task 41] Routed STARLINK-6246 -> STARLINK-31777 | E_NET=0.000005 J | Remaining=119999.99 J
[27.046] Task 41 enqueued on CPU STARLINK-31777 qlen_enqueue=1
[Task 41] Task eseguito su STARLINK-31777 58.17783892324903 degrees | CPU=176.9280J, NET=0.0000J, TOTAL=176.9280J, Remaining=115575.96J
[27.064] Task 41 served on STARLINK-31777 qlen_enqueue_cpu=1 qlen_enqueue_net=None time_in_queue=0.000
---> Task 42 (Type: CPU_Intensive) arriva in 27.09
--- [27.09] Task 42 using SearchNode Policy: v2_ilp_hybrid ---
[27.09] [Task 42] Entering ILP branch (v2)
[ε-constraint energy] sumE_B=10348.292787  bound=11383.122066  active=False
[ILP] res_type=dict value_preview={'stage': 'B', 'status': 'Optimal', 'primary': 'energy', 'tol': 0.1, 'opt_primary': 10348.292787329805, 'objective_secondary': 1.05220348085693, 'sumE': 10348.2
[27.09] [Task 42] ILP chose server: STARLINK-31777
[27.09] [Task 42] Routed STARLINK-6246 -> STARLINK-31777 | E_NET=0.000018 J | Remaining=119999.99 J
[27.091] Task 42 enqueued on CPU STARLINK-31777 qlen_enqueue=1
[41][GREEDY] STARLINK-31777 -> STARLINK-31283 | Tramission-time: 0.0010975633251024532
[41] Energy routing consumed by STARLINK-31777: 0.000000 J (remaining 115575.96)
---> Task 43 (Type: CPU_and_Data_Intensive) arriva in 27.12
--- [27.12] Task 43 using SearchNode Policy: v2_ilp_hybrid ---
[27.12] [Task 43] Entering ILP branch (v2)
[ε-constraint energy] sumE_B=4662.305290  bound=5128.535819  active=False
[ILP] res_type=dict value_preview={'stage': 'B', 'status': 'Optimal', 'primary': 'energy', 'tol': 0.1, 'opt_primary': 4662.305290044032, 'objective_secondary': 0.4784661448587864, 'sumE': 4662.3
[27.12] [Task 43] ILP chose server: STARLINK-31283
[27.12] [Task 43] Routed STARLINK-6246 -> STARLINK-31283 | E_NET=0.003583 J | Remaining=119999.99 J
[MODE: BIDIRECTIONAL]
[41][GREEDY] CONSEGNATO! STARLINK-31283 -> OBS | Tramission-time: 4.846192188342718e-12
[27.124] Task 43 enqueued on CPU STARLINK-31283 qlen_enqueue=1
[Task 38] Task eseguito su STARLINK-31751 45.89574427713046 degrees | CPU=17011.9362J, NET=0.0000J, TOTAL=17011.9362J, Remaining=101381.46J
[27.191] Task 38 served on STARLINK-31751 qlen_enqueue_cpu=1 qlen_enqueue_net=None time_in_queue=0.000
[38][GREEDY] STARLINK-31751 -> STARLINK-31283 | Tramission-time: 0.0014163033362566014
[38] Energy routing consumed by STARLINK-31751: 0.000000 J (remaining 101381.46)
[MODE: BIDIRECTIONAL]
[38][GREEDY] CONSEGNATO! STARLINK-31283 -> OBS | Tramission-time: 1.5354126604607685e-11
[27.598] Task 43 enqueued on NET STARLINK-31283 qlen_enqueue_net=1
[Task 43] Task eseguito su STARLINK-31283 86.06208248427812 degrees | CPU=4662.3009J, NET=0.0036J, TOTAL=4662.3045J, Remaining=45210.95J
[27.601] Task 43 served on STARLINK-31283 qlen_enqueue_cpu=1 qlen_enqueue_net=1 time_in_queue=0.000
[MODE: BIDIRECTIONAL]
[43][GREEDY] CONSEGNATO! STARLINK-31283 -> OBS | Tramission-time: 3.014786150551622e-09
---> Task 44 (Type: CPU_Intensive) arriva in 27.96
--- [27.96] Task 44 using SearchNode Policy: v2_ilp_hybrid ---
[27.96] [Task 44] Entering ILP branch (v2)
[ε-constraint energy] sumE_B=11563.947817  bound=12720.342599  active=False
[ILP] res_type=dict value_preview={'stage': 'B', 'status': 'Optimal', 'primary': 'energy', 'tol': 0.1, 'opt_primary': 11563.947817229835, 'objective_secondary': 1.175814772878507, 'sumE': 11563.
[27.96] [Task 44] ILP chose server: STARLINK-31751
[27.96] [Task 44] Routed STARLINK-6246 -> STARLINK-31751 | E_NET=0.000022 J | Remaining=119999.99 J
[27.959] Task 44 enqueued on CPU STARLINK-31751 qlen_enqueue=1
---> Task 45 (Type: CPU_Intensive) arriva in 27.99
--- [27.99] Task 45 using SearchNode Policy: v2_ilp_hybrid ---
[27.99] [Task 45] Entering ILP branch (v2)
[ε-constraint energy] sumE_B=15112.658280  bound=16623.924108  active=False
[ILP] res_type=dict value_preview={'stage': 'B', 'status': 'Optimal', 'primary': 'energy', 'tol': 0.1, 'opt_primary': 15112.658279864514, 'objective_secondary': 1.5366439069979885, 'sumE': 15112
[27.99] [Task 45] ILP chose server: STARLINK-31283
[27.99] [Task 45] Routed STARLINK-6246 -> STARLINK-31283 | E_NET=0.000030 J | Remaining=119999.99 J
[27.992] Task 45 enqueued on CPU STARLINK-31283 qlen_enqueue=1
----------------------------------------------------------------------
	||TIME IN SIMULATION : (seconds:28) (minutes: 0) ||

MODIFICA CONFIGURAZIONE IN CORSO...

Aggiornato il Tempo Globale:  2025-11-20 20:55:42
[Task 42] Task eseguito su STARLINK-31777 57.07716530248274 degrees | CPU=10348.2928J, NET=0.0000J, TOTAL=10348.2928J, Remaining=105227.67J
[28.145] Task 42 served on STARLINK-31777 qlen_enqueue_cpu=1 qlen_enqueue_net=None time_in_queue=0.000
[42][GREEDY] STARLINK-31777 -> STARLINK-31283 | Tramission-time: 0.0010926619911587072
[42] Energy routing consumed by STARLINK-31777: 0.000000 J (remaining 105227.67)
[MODE: BIDIRECTIONAL]
[42][GREEDY] CONSEGNATO! STARLINK-31283 -> OBS | Tramission-time: 1.9612168064360195e-11
---> Task 46 (Type: Generic_Service) arriva in 28.76
--- [28.76] Task 46 using SearchNode Policy: v2_ilp_hybrid ---
[28.76] [Task 46] Entering ILP branch (v2)
[ε-constraint energy] sumE_B=654.994669  bound=720.494136  active=False
[ILP] res_type=dict value_preview={'stage': 'B', 'status': 'Optimal', 'primary': 'energy', 'tol': 0.1, 'opt_primary': 654.9946693612094, 'objective_secondary': 0.06662064518925269, 'sumE': 654.9
[28.76] [Task 46] ILP chose server: STARLINK-11403 [DTC]
[28.762] Task 46 enqueued on CPU STARLINK-11403 [DTC] qlen_enqueue=1
[Task 46] Task eseguito su STARLINK-11403 [DTC] 40.43922322258064 degrees | CPU=654.9946J, NET=0.0000J, TOTAL=654.9947J, Remaining=119345.01J
[28.830] Task 46 served on STARLINK-11403 [DTC] qlen_enqueue_cpu=1 qlen_enqueue_net=None time_in_queue=0.000
---> Task 47 (Type: CPU_Intensive) arriva in 28.90
--- [28.90] Task 47 using SearchNode Policy: v2_ilp_hybrid ---
[28.90] [Task 47] Entering ILP branch (v2)
[ε-constraint energy] sumE_B=1181.739521  bound=1299.913473  active=False
[ILP] res_type=dict value_preview={'stage': 'B', 'status': 'Optimal', 'primary': 'energy', 'tol': 0.1, 'opt_primary': 1181.7395212176234, 'objective_secondary': 0.12016565600803888, 'sumE': 1181
[28.90] [Task 47] ILP chose server: STARLINK-31777
[28.90] [Task 47] Routed STARLINK-6246 -> STARLINK-31777 | E_NET=0.000008 J | Remaining=119999.99 J
[28.900] Task 47 enqueued on CPU STARLINK-31777 qlen_enqueue=1
[MODE: BIDIRECTIONAL]
[46][GREEDY] CONSEGNATO! STARLINK-11403 [DTC] -> OBS | Tramission-time: 1.8495801235580625e-11
[Task 47] Task eseguito su STARLINK-31777 57.07716530248274 degrees | CPU=1181.7395J, NET=0.0000J, TOTAL=1181.7395J, Remaining=104045.93J
[29.021] Task 47 served on STARLINK-31777 qlen_enqueue_cpu=1 qlen_enqueue_net=None time_in_queue=0.000
[47][GREEDY] STARLINK-31777 -> STARLINK-31283 | Tramission-time: 0.00109266197896382
[47] Energy routing consumed by STARLINK-31777: 0.000000 J (remaining 104045.93)
[MODE: BIDIRECTIONAL]
[47][GREEDY] CONSEGNATO! STARLINK-31283 -> OBS | Tramission-time: 8.062074454049895e-12
[Task 44] Task eseguito su STARLINK-31751 46.336403774094684 degrees | CPU=11563.9478J, NET=0.0000J, TOTAL=11563.9478J, Remaining=89817.51J
[29.137] Task 44 served on STARLINK-31751 qlen_enqueue_cpu=1 qlen_enqueue_net=None time_in_queue=0.000
[44][GREEDY] STARLINK-31751 -> STARLINK-31283 | Tramission-time: 0.0014367609671535983
[44] Energy routing consumed by STARLINK-31751: 0.000000 J (remaining 89817.51)
[MODE: BIDIRECTIONAL]
[44][GREEDY] CONSEGNATO! STARLINK-31283 -> OBS | Tramission-time: 2.7229117487684574e-11
[Task 45] Task eseguito su STARLINK-31283 87.11675126478218 degrees | CPU=15112.6582J, NET=0.0000J, TOTAL=15112.6583J, Remaining=30098.29J
[29.531] Task 45 served on STARLINK-31283 qlen_enqueue_cpu=1 qlen_enqueue_net=None time_in_queue=0.000
---> Task 48 (Type: CPU_and_Data_Intensive) arriva in 29.61
--- [29.61] Task 48 using SearchNode Policy: v2_ilp_hybrid ---
[29.61] [Task 48] Entering ILP branch (v2)
[ε-constraint energy] sumE_B=5763.569363  bound=6339.926300  active=False
[ILP] res_type=dict value_preview={'stage': 'B', 'status': 'Optimal', 'primary': 'energy', 'tol': 0.1, 'opt_primary': 5763.569363251367, 'objective_secondary': 0.7731858233280594, 'sumE': 5763.5
[29.61] [Task 48] ILP chose server: STARLINK-31777
[29.61] [Task 48] Routed STARLINK-6246 -> STARLINK-31777 | E_NET=0.146552 J | Remaining=119999.84 J
[MODE: BIDIRECTIONAL]
[45][GREEDY] CONSEGNATO! STARLINK-31283 -> OBS | Tramission-time: 2.522748081083409e-11
[29.760] Task 48 enqueued on CPU STARLINK-31777 qlen_enqueue=1
---> Task 49 (Type: CPU_Intensive) arriva in 29.94
--- [29.94] Task 49 using SearchNode Policy: v2_ilp_hybrid ---
[29.94] [Task 49] Entering ILP branch (v2)
[ε-constraint energy] sumE_B=1774.747426  bound=1952.222168  active=False
[ILP] res_type=dict value_preview={'stage': 'B', 'status': 'Optimal', 'primary': 'energy', 'tol': 0.1, 'opt_primary': 1774.7474256555913, 'objective_secondary': 0.18048689661725192, 'sumE': 1774
[29.94] [Task 49] ILP chose server: STARLINK-31751
[29.94] [Task 49] Routed STARLINK-6246 -> STARLINK-31751 | E_NET=0.000035 J | Remaining=119999.84 J
[29.946] Task 49 enqueued on CPU STARLINK-31751 qlen_enqueue=1
----------------------------------------------------------------------
	||TIME IN SIMULATION : (seconds:30) (minutes: 0) ||

MODIFICA CONFIGURAZIONE IN CORSO...

Aggiornato il Tempo Globale:  2025-11-20 20:55:44
---> Task 50 (Type: Generic_Service) arriva in 30.11
--- [30.11] Task 50 using SearchNode Policy: v2_ilp_hybrid ---
[30.11] [Task 50] Entering ILP branch (v2)
[ε-constraint energy] sumE_B=325.110892  bound=357.621982  active=False
[ILP] res_type=dict value_preview={'stage': 'B', 'status': 'Optimal', 'primary': 'energy', 'tol': 0.1, 'opt_primary': 325.1108924913546, 'objective_secondary': 0.03306711529862624, 'sumE': 325.1
[30.11] [Task 50] ILP chose server: STARLINK-11403 [DTC]
[30.11] [Task 50] Routed STARLINK-30971 -> STARLINK-11403 [DTC] | E_NET=0.000010 J | Remaining=120000.00 J
[30.107] Task 50 enqueued on CPU STARLINK-11403 [DTC] qlen_enqueue=1
[Task 49] Task eseguito su STARLINK-31751 46.75657543912983 degrees | CPU=1774.7474J, NET=0.0000J, TOTAL=1774.7474J, Remaining=88042.76J
[30.128] Task 49 served on STARLINK-31751 qlen_enqueue_cpu=1 qlen_enqueue_net=None time_in_queue=0.000
[Task 50] Task eseguito su STARLINK-11403 [DTC] 41.55083140850741 degrees | CPU=325.1109J, NET=0.0000J, TOTAL=325.1109J, Remaining=119019.89J
[30.141] Task 50 served on STARLINK-11403 [DTC] qlen_enqueue_cpu=1 qlen_enqueue_net=None time_in_queue=0.000
[MODE: BIDIRECTIONAL]
[50][GREEDY] CONSEGNATO! STARLINK-11403 [DTC] -> OBS | Tramission-time: 8.671215582481696e-12
[49][GREEDY] STARLINK-31751 -> STARLINK-31866 | Tramission-time: 0.0016256129445753292
[49] Energy routing consumed by STARLINK-31751: 0.000000 J (remaining 88042.76)
[MODE: BIDIRECTIONAL]
[49][GREEDY] CONSEGNATO! STARLINK-31866 -> OBS | Tramission-time: 2.9164453479877515e-11
[30.346] Task 48 enqueued on NET STARLINK-31777 qlen_enqueue_net=1
[Task 48] Task eseguito su STARLINK-31777 55.985911371082004 degrees | CPU=5763.3822J, NET=0.1466J, TOTAL=5763.5287J, Remaining=98282.40J
[30.493] Task 48 served on STARLINK-31777 qlen_enqueue_cpu=1 qlen_enqueue_net=1 time_in_queue=0.000
[48][GREEDY] STARLINK-31777 -> STARLINK-31866 | Tramission-time: 0.0012850492665000017
[48] Energy routing consumed by STARLINK-31777: 0.000000 J (remaining 98282.40)
---> Task 51 (Type: CPU_and_Data_Intensive) arriva in 30.53
--- [30.53] Task 51 using SearchNode Policy: v2_ilp_hybrid ---
[30.53] [Task 51] Entering ILP branch (v2)
[ε-constraint energy] sumE_B=578.838336  bound=636.722170  active=False
[ILP] res_type=dict value_preview={'stage': 'B', 'status': 'Optimal', 'primary': 'energy', 'tol': 0.1, 'opt_primary': 578.8383363077719, 'objective_secondary': 0.0691778649628598, 'sumE': 578.83
[30.53] [Task 51] ILP chose server: STARLINK-11403 [DTC]
[30.53] [Task 51] Routed STARLINK-30971 -> STARLINK-11403 [DTC] | E_NET=0.009600 J | Remaining=119999.99 J
[MODE: BIDIRECTIONAL]
[48][GREEDY] CONSEGNATO! STARLINK-31866 -> OBS | Tramission-time: 1.5290888453627955e-07
[30.537] Task 51 enqueued on CPU STARLINK-11403 [DTC] qlen_enqueue=1
[30.596] Task 51 enqueued on NET STARLINK-11403 [DTC] qlen_enqueue_net=1
[Task 51] Task eseguito su STARLINK-11403 [DTC] 41.55083140850741 degrees | CPU=578.8280J, NET=0.0096J, TOTAL=578.8376J, Remaining=118441.06J
[30.605] Task 51 served on STARLINK-11403 [DTC] qlen_enqueue_cpu=1 qlen_enqueue_net=1 time_in_queue=0.000
[MODE: BIDIRECTIONAL]
[51][GREEDY] CONSEGNATO! STARLINK-11403 [DTC] -> OBS | Tramission-time: 9.622426143988688e-09
---> Task 52 (Type: CPU_Intensive) arriva in 30.74
--- [30.74] Task 52 using SearchNode Policy: v2_ilp_hybrid ---
[30.74] [Task 52] Entering ILP branch (v2)
[ε-constraint energy] sumE_B=1001.942742  bound=1102.137017  active=False
[ILP] res_type=dict value_preview={'stage': 'B', 'status': 'Optimal', 'primary': 'energy', 'tol': 0.1, 'opt_primary': 1001.9427423999158, 'objective_secondary': 0.10191084451194396, 'sumE': 1001
[30.74] [Task 52] ILP chose server: STARLINK-11403 [DTC]
[30.74] [Task 52] Routed STARLINK-30971 -> STARLINK-11403 [DTC] | E_NET=0.000034 J | Remaining=119999.99 J
[30.736] Task 52 enqueued on CPU STARLINK-11403 [DTC] qlen_enqueue=1
[Task 52] Task eseguito su STARLINK-11403 [DTC] 41.55083140850741 degrees | CPU=1001.9427J, NET=0.0000J, TOTAL=1001.9427J, Remaining=117439.11J
[30.840] Task 52 served on STARLINK-11403 [DTC] qlen_enqueue_cpu=1 qlen_enqueue_net=None time_in_queue=0.000
[MODE: BIDIRECTIONAL]
[52][GREEDY] CONSEGNATO! STARLINK-11403 [DTC] -> OBS | Tramission-time: 3.241045444602597e-11
---> Task 53 (Type: Generic_Service) arriva in 31.85
--- [31.85] Task 53 using SearchNode Policy: v2_ilp_hybrid ---
[31.85] [Task 53] Entering ILP branch (v2)
[ε-constraint energy] sumE_B=116.247497  bound=127.872246  active=False
[ILP] res_type=dict value_preview={'stage': 'B', 'status': 'Optimal', 'primary': 'energy', 'tol': 0.1, 'opt_primary': 116.24749676300046, 'objective_secondary': 0.011855156305031082, 'sumE': 116
[31.85] [Task 53] ILP chose server: STARLINK-11403 [DTC]
[31.85] [Task 53] Routed STARLINK-30971 -> STARLINK-11403 [DTC] | E_NET=0.000033 J | Remaining=119999.99 J
[31.849] Task 53 enqueued on CPU STARLINK-11403 [DTC] qlen_enqueue=1
[Task 53] Task eseguito su STARLINK-11403 [DTC] 41.55083140850741 degrees | CPU=116.2475J, NET=0.0000J, TOTAL=116.2475J, Remaining=117322.87J
[31.863] Task 53 served on STARLINK-11403 [DTC] qlen_enqueue_cpu=1 qlen_enqueue_net=None time_in_queue=0.000
[MODE: BIDIRECTIONAL]
[53][GREEDY] CONSEGNATO! STARLINK-11403 [DTC] -> OBS | Tramission-time: 2.563937656197648e-11
----------------------------------------------------------------------
	||TIME IN SIMULATION : (seconds:32) (minutes: 0) ||

MODIFICA CONFIGURAZIONE IN CORSO...

Aggiornato il Tempo Globale:  2025-11-20 20:55:46
---> Task 54 (Type: Generic_Service) arriva in 32.42
--- [32.42] Task 54 using SearchNode Policy: v2_ilp_hybrid ---
[32.42] [Task 54] Entering ILP branch (v2)
[ε-constraint energy] sumE_B=358.878079  bound=394.765887  active=False
[ILP] res_type=dict value_preview={'stage': 'B', 'status': 'Optimal', 'primary': 'energy', 'tol': 0.1, 'opt_primary': 358.87807911106154, 'objective_secondary': 0.036520331073774566, 'sumE': 358
[32.42] [Task 54] ILP chose server: STARLINK-11403 [DTC]
[32.42] [Task 54] Routed STARLINK-30971 -> STARLINK-11403 [DTC] | E_NET=0.000028 J | Remaining=119999.99 J
[32.416] Task 54 enqueued on CPU STARLINK-11403 [DTC] qlen_enqueue=1
[Task 54] Task eseguito su STARLINK-11403 [DTC] 42.70450867440123 degrees | CPU=358.8780J, NET=0.0000J, TOTAL=358.8781J, Remaining=116963.99J
[32.454] Task 54 served on STARLINK-11403 [DTC] qlen_enqueue_cpu=1 qlen_enqueue_net=None time_in_queue=0.000
[MODE: BIDIRECTIONAL]
[54][GREEDY] CONSEGNATO! STARLINK-11403 [DTC] -> OBS | Tramission-time: 2.2971276454374656e-11
---> Task 55 (Type: CPU_Intensive) arriva in 33.23
--- [33.23] Task 55 using SearchNode Policy: v2_ilp_hybrid ---
[33.23] [Task 55] Entering ILP branch (v2)
[ε-constraint energy] sumE_B=910.099501  bound=1001.109451  active=False
[ILP] res_type=dict value_preview={'stage': 'B', 'status': 'Optimal', 'primary': 'energy', 'tol': 0.1, 'opt_primary': 910.099500673505, 'objective_secondary': 0.0925557979557706, 'sumE': 910.099
[33.23] [Task 55] ILP chose server: STARLINK-11403 [DTC]
[33.23] [Task 55] Routed STARLINK-30971 -> STARLINK-11403 [DTC] | E_NET=0.000018 J | Remaining=119999.99 J
[33.228] Task 55 enqueued on CPU STARLINK-11403 [DTC] qlen_enqueue=1
---> Task 56 (Type: CPU_Intensive) arriva in 33.27
--- [33.27] Task 56 using SearchNode Policy: v2_ilp_hybrid ---
[33.27] [Task 56] Entering ILP branch (v2)
[ε-constraint energy] sumE_B=16679.160930  bound=18347.077023  active=False
[ILP] res_type=dict value_preview={'stage': 'B', 'status': 'Optimal', 'primary': 'energy', 'tol': 0.1, 'opt_primary': 16679.160930110233, 'objective_secondary': 1.695913816003172, 'sumE': 16679.
[33.27] [Task 56] ILP chose server: STARLINK-1826
[33.27] [Task 56] Routed STARLINK-30971 -> STARLINK-1826 | E_NET=0.000024 J | Remaining=119999.99 J
[33.272] Task 56 enqueued on CPU STARLINK-1826 qlen_enqueue=1
[Task 55] Task eseguito su STARLINK-11403 [DTC] 42.70450867440123 degrees | CPU=910.0995J, NET=0.0000J, TOTAL=910.0995J, Remaining=116053.89J
[33.322] Task 55 served on STARLINK-11403 [DTC] qlen_enqueue_cpu=1 qlen_enqueue_net=None time_in_queue=0.000
[MODE: BIDIRECTIONAL]
[55][GREEDY] CONSEGNATO! STARLINK-11403 [DTC] -> OBS | Tramission-time: 1.4018857187494567e-11
---> Task 57 (Type: CPU_and_Data_Intensive) arriva in 33.36
--- [33.36] Task 57 using SearchNode Policy: v2_ilp_hybrid ---
[33.36] [Task 57] Entering ILP branch (v2)
[ε-constraint energy] sumE_B=1072.119246  bound=1179.331171  active=False
[ILP] res_type=dict value_preview={'stage': 'B', 'status': 'Optimal', 'primary': 'energy', 'tol': 0.1, 'opt_primary': 1072.1192464691374, 'objective_secondary': 0.10993552724993234, 'sumE': 1072
[33.36] [Task 57] ILP chose server: STARLINK-11403 [DTC]
[33.36] [Task 57] Routed STARLINK-30971 -> STARLINK-11403 [DTC] | E_NET=0.000842 J | Remaining=119999.99 J
[33.363] Task 57 enqueued on CPU STARLINK-11403 [DTC] qlen_enqueue=1
[33.472] Task 57 enqueued on NET STARLINK-11403 [DTC] qlen_enqueue_net=1
[Task 57] Task eseguito su STARLINK-11403 [DTC] 42.70450867440123 degrees | CPU=1072.1183J, NET=0.0008J, TOTAL=1072.1192J, Remaining=114981.77J
[33.473] Task 57 served on STARLINK-11403 [DTC] qlen_enqueue_cpu=1 qlen_enqueue_net=1 time_in_queue=0.000
[MODE: BIDIRECTIONAL]
[57][GREEDY] CONSEGNATO! STARLINK-11403 [DTC] -> OBS | Tramission-time: 7.904380567471096e-10
----------------------------------------------------------------------
	||TIME IN SIMULATION : (seconds:34) (minutes: 0) ||

MODIFICA CONFIGURAZIONE IN CORSO...

Aggiornato il Tempo Globale:  2025-11-20 20:55:48
[Task 56] Task eseguito su STARLINK-1826 26.438409738148884 degrees | CPU=16679.1609J, NET=0.0000J, TOTAL=16679.1609J, Remaining=103320.84J
[34.969] Task 56 served on STARLINK-1826 qlen_enqueue_cpu=1 qlen_enqueue_net=None time_in_queue=0.000
[56][GREEDY] STARLINK-1826 -> STARLINK-11403 [DTC] | Tramission-time: 0.001662914728137148
[56] Energy routing consumed by STARLINK-1826: 0.000000 J (remaining 103320.84)
[MODE: BIDIRECTIONAL]
[56][GREEDY] CONSEGNATO! STARLINK-11403 [DTC] -> OBS | Tramission-time: 2.054537285177689e-11
----------------------------------------------------------------------
	||TIME IN SIMULATION : (seconds:36) (minutes: 0) ||

MODIFICA CONFIGURAZIONE IN CORSO...

Aggiornato il Tempo Globale:  2025-11-20 20:55:50
---> Task 58 (Type: CPU_Intensive) arriva in 36.31
--- [36.31] Task 58 using SearchNode Policy: v2_ilp_hybrid ---
[36.31] [Task 58] Entering ILP branch (v2)
[ε-constraint energy] sumE_B=4831.954639  bound=5315.150103  active=False
[ILP] res_type=dict value_preview={'stage': 'B', 'status': 'Optimal', 'primary': 'energy', 'tol': 0.1, 'opt_primary': 4831.954638989289, 'objective_secondary': 0.49133609227428765, 'sumE': 4831.
[36.31] [Task 58] ILP chose server: STARLINK-32654
[36.31] [Task 58] Routed STARLINK-30971 -> STARLINK-32654 | E_NET=0.000035 J | Remaining=119999.99 J
[36.308] Task 58 enqueued on CPU STARLINK-32654 qlen_enqueue=1
---> Task 59 (Type: Generic_Service) arriva in 36.66
--- [36.66] Task 59 using SearchNode Policy: v2_ilp_hybrid ---
[36.66] [Task 59] Entering ILP branch (v2)
[ε-constraint energy] sumE_B=208.539423  bound=229.393365  active=False
[ILP] res_type=dict value_preview={'stage': 'B', 'status': 'Optimal', 'primary': 'energy', 'tol': 0.1, 'opt_primary': 208.5394228419209, 'objective_secondary': 0.02122754860246122, 'sumE': 208.5
[36.66] [Task 59] ILP chose server: STARLINK-32475
[36.66] [Task 59] Routed STARLINK-30971 -> STARLINK-32475 | E_NET=0.000017 J | Remaining=119999.99 J
[36.666] Task 59 enqueued on CPU STARLINK-32475 qlen_enqueue=1
[Task 59] Task eseguito su STARLINK-32475 52.49999755473584 degrees | CPU=208.5394J, NET=0.0000J, TOTAL=208.5394J, Remaining=119791.46J
[36.689] Task 59 served on STARLINK-32475 qlen_enqueue_cpu=1 qlen_enqueue_net=None time_in_queue=0.000
[59][GREEDY] STARLINK-32475 -> STARLINK-11403 [DTC] | Tramission-time: 0.0021033951028158857
[59] Energy routing consumed by STARLINK-32475: 0.000000 J (remaining 119791.46)
[MODE: BIDIRECTIONAL]
[59][GREEDY] CONSEGNATO! STARLINK-11403 [DTC] -> OBS | Tramission-time: 2.1484871507405568e-11
[Task 58] Task eseguito su STARLINK-32654 43.06000753522103 degrees | CPU=4831.9546J, NET=0.0000J, TOTAL=4831.9546J, Remaining=115168.05J
[36.802] Task 58 served on STARLINK-32654 qlen_enqueue_cpu=1 qlen_enqueue_net=None time_in_queue=0.000
[58][GREEDY] STARLINK-32654 -> STARLINK-11403 [DTC] | Tramission-time: 0.0006262730012576326
[58] Energy routing consumed by STARLINK-32654: 0.000000 J (remaining 115168.05)
[MODE: BIDIRECTIONAL]
[58][GREEDY] CONSEGNATO! STARLINK-11403 [DTC] -> OBS | Tramission-time: 3.4676611285832e-11
---> Task 60 (Type: Generic_Service) arriva in 37.10
--- [37.10] Task 60 using SearchNode Policy: v2_ilp_hybrid ---
[37.10] [Task 60] Entering ILP branch (v2)
[ε-constraint energy] sumE_B=176.039421  bound=193.643363  active=False
[ILP] res_type=dict value_preview={'stage': 'B', 'status': 'Optimal', 'primary': 'energy', 'tol': 0.1, 'opt_primary': 176.03942113871918, 'objective_secondary': 0.017938025679720613, 'sumE': 176
[37.10] [Task 60] ILP chose server: STARLINK-32654
[37.10] [Task 60] Routed STARLINK-30971 -> STARLINK-32654 | E_NET=0.000035 J | Remaining=119999.99 J
[37.099] Task 60 enqueued on CPU STARLINK-32654 qlen_enqueue=1
[Task 60] Task eseguito su STARLINK-32654 43.06000753522103 degrees | CPU=176.0394J, NET=0.0000J, TOTAL=176.0394J, Remaining=114992.01J
[37.120] Task 60 served on STARLINK-32654 qlen_enqueue_cpu=1 qlen_enqueue_net=None time_in_queue=0.000
[60][GREEDY] STARLINK-32654 -> STARLINK-11403 [DTC] | Tramission-time: 0.0006262730086513465
[60] Energy routing consumed by STARLINK-32654: 0.000000 J (remaining 114992.01)
[MODE: BIDIRECTIONAL]
[60][GREEDY] CONSEGNATO! STARLINK-11403 [DTC] -> OBS | Tramission-time: 3.609720840761223e-11
---> Task 61 (Type: Generic_Service) arriva in 37.69
--- [37.69] Task 61 using SearchNode Policy: v2_ilp_hybrid ---
[37.69] [Task 61] Entering ILP branch (v2)
[ε-constraint energy] sumE_B=93.791066  bound=103.170173  active=False
[ILP] res_type=dict value_preview={'stage': 'B', 'status': 'Optimal', 'primary': 'energy', 'tol': 0.1, 'opt_primary': 93.79106601626889, 'objective_secondary': 0.00955273946076837, 'sumE': 93.79
[37.69] [Task 61] ILP chose server: STARLINK-32654
[37.69] [Task 61] Routed STARLINK-30971 -> STARLINK-32654 | E_NET=0.000015 J | Remaining=119999.99 J
[37.693] Task 61 enqueued on CPU STARLINK-32654 qlen_enqueue=1
[Task 61] Task eseguito su STARLINK-32654 43.06000753522103 degrees | CPU=93.7910J, NET=0.0000J, TOTAL=93.7911J, Remaining=114898.21J
[37.704] Task 61 served on STARLINK-32654 qlen_enqueue_cpu=1 qlen_enqueue_net=None time_in_queue=0.000
[61][GREEDY] STARLINK-32654 -> STARLINK-11403 [DTC] | Tramission-time: 0.0006262729881646641
[61] Energy routing consumed by STARLINK-32654: 0.000000 J (remaining 114898.21)
[MODE: BIDIRECTIONAL]
[61][GREEDY] CONSEGNATO! STARLINK-11403 [DTC] -> OBS | Tramission-time: 1.325907296496933e-11
---> Task 62 (Type: Generic_Service) arriva in 37.92
--- [37.92] Task 62 using SearchNode Policy: v2_ilp_hybrid ---
[37.92] [Task 62] Entering ILP branch (v2)
[ε-constraint energy] sumE_B=1029.327180  bound=1132.259898  active=False
[ILP] res_type=dict value_preview={'stage': 'B', 'status': 'Optimal', 'primary': 'energy', 'tol': 0.1, 'opt_primary': 1029.3271800372074, 'objective_secondary': 0.10468354099357863, 'sumE': 1029
[37.92] [Task 62] ILP chose server: STARLINK-32654
[37.92] [Task 62] Routed STARLINK-30971 -> STARLINK-32654 | E_NET=0.000022 J | Remaining=119999.99 J
[37.917] Task 62 enqueued on CPU STARLINK-32654 qlen_enqueue=1
----------------------------------------------------------------------
	||TIME IN SIMULATION : (seconds:38) (minutes: 0) ||

MODIFICA CONFIGURAZIONE IN CORSO...

Aggiornato il Tempo Globale:  2025-11-20 20:55:52
[Task 62] Task eseguito su STARLINK-32654 43.80962731936019 degrees | CPU=1029.3272J, NET=0.0000J, TOTAL=1029.3272J, Remaining=113868.89J
[38.023] Task 62 served on STARLINK-32654 qlen_enqueue_cpu=1 qlen_enqueue_net=None time_in_queue=0.000
[62][GREEDY] STARLINK-32654 -> STARLINK-11403 [DTC] | Tramission-time: 0.0006361437377364287
[62] Energy routing consumed by STARLINK-32654: 0.000000 J (remaining 113868.89)
[MODE: BIDIRECTIONAL]
[62][GREEDY] CONSEGNATO! STARLINK-11403 [DTC] -> OBS | Tramission-time: 1.6509042205501626e-11
---> Task 63 (Type: CPU_Intensive) arriva in 38.25
--- [38.25] Task 63 using SearchNode Policy: v2_ilp_hybrid ---
[38.25] [Task 63] Entering ILP branch (v2)
[ε-constraint energy] sumE_B=96.356966  bound=105.992663  active=False
[ILP] res_type=dict value_preview={'stage': 'B', 'status': 'Optimal', 'primary': 'energy', 'tol': 0.1, 'opt_primary': 96.35696643908163, 'objective_secondary': 0.009824916812106451, 'sumE': 96.3
[38.25] [Task 63] ILP chose server: STARLINK-32654
[38.25] [Task 63] Routed STARLINK-30971 -> STARLINK-32654 | E_NET=0.000021 J | Remaining=119999.99 J
[38.253] Task 63 enqueued on CPU STARLINK-32654 qlen_enqueue=1
[Task 63] Task eseguito su STARLINK-32654 43.80962731936019 degrees | CPU=96.3569J, NET=0.0000J, TOTAL=96.3570J, Remaining=113772.53J
[38.264] Task 63 served on STARLINK-32654 qlen_enqueue_cpu=1 qlen_enqueue_net=None time_in_queue=0.000
[63][GREEDY] STARLINK-32654 -> STARLINK-11403 [DTC] | Tramission-time: 0.0006361437442810584
[63] Energy routing consumed by STARLINK-32654: 0.000000 J (remaining 113772.53)
[MODE: BIDIRECTIONAL]
[63][GREEDY] CONSEGNATO! STARLINK-11403 [DTC] -> OBS | Tramission-time: 2.0853072033202497e-11
---> Task 64 (Type: Generic_Service) arriva in 39.58
--- [39.58] Task 64 using SearchNode Policy: v2_ilp_hybrid ---
[39.58] [Task 64] Entering ILP branch (v2)
[ε-constraint energy] sumE_B=928.802428  bound=1021.682671  active=False
[ILP] res_type=dict value_preview={'stage': 'B', 'status': 'Optimal', 'primary': 'energy', 'tol': 0.1, 'opt_primary': 928.8024283475664, 'objective_secondary': 0.09444698161253597, 'sumE': 928.8
[39.58] [Task 64] ILP chose server: STARLINK-32654
[39.58] [Task 64] Routed STARLINK-30971 -> STARLINK-32654 | E_NET=0.000007 J | Remaining=119999.99 J
[39.581] Task 64 enqueued on CPU STARLINK-32654 qlen_enqueue=1
[Task 64] Task eseguito su STARLINK-32654 43.80962731936019 degrees | CPU=928.8024J, NET=0.0000J, TOTAL=928.8024J, Remaining=112843.73J
[39.676] Task 64 served on STARLINK-32654 qlen_enqueue_cpu=1 qlen_enqueue_net=None time_in_queue=0.000
[64][GREEDY] STARLINK-32654 -> STARLINK-11403 [DTC] | Tramission-time: 0.0006361437275163719
[64] Energy routing consumed by STARLINK-32654: 0.000000 J (remaining 112843.73)
[MODE: BIDIRECTIONAL]
[64][GREEDY] CONSEGNATO! STARLINK-11403 [DTC] -> OBS | Tramission-time: 6.193109851938413e-12
----------------------------------------------------------------------
	||TIME IN SIMULATION : (seconds:40) (minutes: 0) ||

MODIFICA CONFIGURAZIONE IN CORSO...

Aggiornato il Tempo Globale:  2025-11-20 20:55:54
---> Task 65 (Type: Generic_Service) arriva in 40.68
--- [40.68] Task 65 using SearchNode Policy: v2_ilp_hybrid ---
[40.68] [Task 65] Entering ILP branch (v2)
[ε-constraint energy] sumE_B=313.348791  bound=344.683670  active=False
[ILP] res_type=dict value_preview={'stage': 'B', 'status': 'Optimal', 'primary': 'energy', 'tol': 0.1, 'opt_primary': 313.3487905887069, 'objective_secondary': 0.031889887226520065, 'sumE': 313.
[40.68] [Task 65] ILP chose server: STARLINK-33663
[40.68] [Task 65] Routed STARLINK-30971 -> STARLINK-33663 | E_NET=0.000029 J | Remaining=119999.99 J
[40.678] Task 65 enqueued on CPU STARLINK-33663 qlen_enqueue=1
[Task 65] Task eseguito su STARLINK-33663 38.99289651121866 degrees | CPU=313.3488J, NET=0.0000J, TOTAL=313.3488J, Remaining=119686.65J
[40.711] Task 65 served on STARLINK-33663 qlen_enqueue_cpu=1 qlen_enqueue_net=None time_in_queue=0.000
[65][GREEDY] STARLINK-33663 -> STARLINK-11403 [DTC] | Tramission-time: 0.001983085210392006
[65] Energy routing consumed by STARLINK-33663: 0.000000 J (remaining 119686.65)
[MODE: BIDIRECTIONAL]
[65][GREEDY] CONSEGNATO! STARLINK-11403 [DTC] -> OBS | Tramission-time: 2.0915417905674267e-11
---> Task 66 (Type: CPU_Intensive) arriva in 41.00
--- [41.00] Task 66 using SearchNode Policy: v2_ilp_hybrid ---
[41.00] [Task 66] Entering ILP branch (v2)
[ε-constraint energy] sumE_B=4911.989027  bound=5403.187930  active=False
[ILP] res_type=dict value_preview={'stage': 'B', 'status': 'Optimal', 'primary': 'energy', 'tol': 0.1, 'opt_primary': 4911.98902686057, 'objective_secondary': 0.4994593393351198, 'sumE': 4911.98
[41.00] [Task 66] ILP chose server: STARLINK-33663
[41.00] [Task 66] Routed STARLINK-30971 -> STARLINK-33663 | E_NET=0.000024 J | Remaining=119999.99 J
[41.001] Task 66 enqueued on CPU STARLINK-33663 qlen_enqueue=1
[Task 66] Task eseguito su STARLINK-33663 38.99289651121866 degrees | CPU=4911.9890J, NET=0.0000J, TOTAL=4911.9890J, Remaining=114774.66J
[41.501] Task 66 served on STARLINK-33663 qlen_enqueue_cpu=1 qlen_enqueue_net=None time_in_queue=0.000
---> Task 67 (Type: CPU_Intensive) arriva in 41.51
--- [41.51] Task 67 using SearchNode Policy: v2_ilp_hybrid ---
[41.51] [Task 67] Entering ILP branch (v2)
[ε-constraint energy] sumE_B=4573.843091  bound=5031.227400  active=False
[ILP] res_type=dict value_preview={'stage': 'B', 'status': 'Optimal', 'primary': 'energy', 'tol': 0.1, 'opt_primary': 4573.843090845636, 'objective_secondary': 0.46509218378038275, 'sumE': 4573.
[41.51] [Task 67] ILP chose server: STARLINK-33663
[41.51] [Task 67] Routed STARLINK-30971 -> STARLINK-33663 | E_NET=0.000038 J | Remaining=119999.99 J
[41.510] Task 67 enqueued on CPU STARLINK-33663 qlen_enqueue=1
[66][GREEDY] STARLINK-33663 -> STARLINK-11403 [DTC] | Tramission-time: 0.001983085205705258
[66] Energy routing consumed by STARLINK-33663: 0.000000 J (remaining 114774.66)
[MODE: BIDIRECTIONAL]
[66][GREEDY] CONSEGNATO! STARLINK-11403 [DTC] -> OBS | Tramission-time: 1.718631231332114e-11
---> Task 68 (Type: Generic_Service) arriva in 41.75
--- [41.75] Task 68 using SearchNode Policy: v2_ilp_hybrid ---
[41.75] [Task 68] Entering ILP branch (v2)
[ε-constraint energy] sumE_B=512.236878  bound=563.460566  active=False
[ILP] res_type=dict value_preview={'stage': 'B', 'status': 'Optimal', 'primary': 'energy', 'tol': 0.1, 'opt_primary': 512.2368778180163, 'objective_secondary': 0.0521068564343779, 'sumE': 512.23
[41.75] [Task 68] ILP chose server: STARLINK-32654
[41.75] [Task 68] Routed STARLINK-30971 -> STARLINK-32654 | E_NET=0.000017 J | Remaining=119999.99 J
[41.751] Task 68 enqueued on CPU STARLINK-32654 qlen_enqueue=1
[Task 68] Task eseguito su STARLINK-32654 44.56604834161493 degrees | CPU=512.2369J, NET=0.0000J, TOTAL=512.2369J, Remaining=112331.49J
[41.805] Task 68 served on STARLINK-32654 qlen_enqueue_cpu=1 qlen_enqueue_net=None time_in_queue=0.000
[68][GREEDY] STARLINK-32654 -> STARLINK-11403 [DTC] | Tramission-time: 0.0006465061192886681
[68] Energy routing consumed by STARLINK-32654: 0.000000 J (remaining 112331.49)
[MODE: BIDIRECTIONAL]
[68][GREEDY] CONSEGNATO! STARLINK-11403 [DTC] -> OBS | Tramission-time: 1.6613540199252503e-11
[Task 67] Task eseguito su STARLINK-33663 38.99289651121866 degrees | CPU=4573.8431J, NET=0.0000J, TOTAL=4573.8431J, Remaining=110200.82J
[41.977] Task 67 served on STARLINK-33663 qlen_enqueue_cpu=1 qlen_enqueue_net=None time_in_queue=0.000
----------------------------------------------------------------------
	||TIME IN SIMULATION : (seconds:42) (minutes: 0) ||

MODIFICA CONFIGURAZIONE IN CORSO...

Aggiornato il Tempo Globale:  2025-11-20 20:55:56
[67][GREEDY] STARLINK-33663 -> STARLINK-11403 [DTC] | Tramission-time: 0.0020081466362740492
[67] Energy routing consumed by STARLINK-33663: 0.000000 J (remaining 110200.82)
[MODE: BIDIRECTIONAL]
[67][GREEDY] CONSEGNATO! STARLINK-11403 [DTC] -> OBS | Tramission-time: 2.609190294893004e-11
---> Task 69 (Type: CPU_Intensive) arriva in 42.46
--- [42.46] Task 69 using SearchNode Policy: v2_ilp_hybrid ---
[42.46] [Task 69] Entering ILP branch (v2)
[ε-constraint energy] sumE_B=3273.920368  bound=3601.312405  active=False
[ILP] res_type=dict value_preview={'stage': 'B', 'status': 'Optimal', 'primary': 'energy', 'tol': 0.1, 'opt_primary': 3273.9203679841157, 'objective_secondary': 0.33289106942783386, 'sumE': 3273
[42.46] [Task 69] ILP chose server: STARLINK-33663
[42.46] [Task 69] Routed STARLINK-30971 -> STARLINK-33663 | E_NET=0.000009 J | Remaining=119999.99 J
[42.460] Task 69 enqueued on CPU STARLINK-33663 qlen_enqueue=1
[Task 69] Task eseguito su STARLINK-33663 38.77310011646192 degrees | CPU=3273.9204J, NET=0.0000J, TOTAL=3273.9204J, Remaining=106926.90J
[42.793] Task 69 served on STARLINK-33663 qlen_enqueue_cpu=1 qlen_enqueue_net=None time_in_queue=0.000
[69][GREEDY] STARLINK-33663 -> STARLINK-11403 [DTC] | Tramission-time: 0.0020081466146538002
[69] Energy routing consumed by STARLINK-33663: 0.000000 J (remaining 106926.90)
[MODE: BIDIRECTIONAL]
[69][GREEDY] CONSEGNATO! STARLINK-11403 [DTC] -> OBS | Tramission-time: 6.53970386379828e-12
---> Task 70 (Type: Generic_Service) arriva in 42.96
--- [42.96] Task 70 using SearchNode Policy: v2_ilp_hybrid ---
[42.96] [Task 70] Entering ILP branch (v2)
[ε-constraint energy] sumE_B=195.139570  bound=214.653527  active=False
[ILP] res_type=dict value_preview={'stage': 'B', 'status': 'Optimal', 'primary': 'energy', 'tol': 0.1, 'opt_primary': 195.13957029626178, 'objective_secondary': 0.01984739414689449, 'sumE': 195.
[42.96] [Task 70] ILP chose server: STARLINK-33663
[42.96] [Task 70] Routed STARLINK-30971 -> STARLINK-33663 | E_NET=0.000006 J | Remaining=119999.99 J
[42.958] Task 70 enqueued on CPU STARLINK-33663 qlen_enqueue=1
[Task 70] Task eseguito su STARLINK-33663 38.77310011646192 degrees | CPU=195.1396J, NET=0.0000J, TOTAL=195.1396J, Remaining=106731.76J
[42.979] Task 70 served on STARLINK-33663 qlen_enqueue_cpu=1 qlen_enqueue_net=None time_in_queue=0.000
[70][GREEDY] STARLINK-33663 -> STARLINK-11403 [DTC] | Tramission-time: 0.0020081466108320067
[70] Energy routing consumed by STARLINK-33663: 0.000000 J (remaining 106731.76)
[MODE: BIDIRECTIONAL]
[70][GREEDY] CONSEGNATO! STARLINK-11403 [DTC] -> OBS | Tramission-time: 5.35399875929343e-12
---> Task 71 (Type: CPU_Intensive) arriva in 43.93
--- [43.93] Task 71 using SearchNode Policy: v2_ilp_hybrid ---
[43.93] [Task 71] Entering ILP branch (v2)
[ε-constraint energy] sumE_B=4921.855382  bound=5414.040920  active=False
[ILP] res_type=dict value_preview={'stage': 'B', 'status': 'Optimal', 'primary': 'energy', 'tol': 0.1, 'opt_primary': 4921.855381534199, 'objective_secondary': 0.5004689809219629, 'sumE': 4921.8
[43.93] [Task 71] ILP chose server: STARLINK-33663
[43.93] [Task 71] Routed STARLINK-30971 -> STARLINK-33663 | E_NET=0.000030 J | Remaining=119999.99 J
[43.932] Task 71 enqueued on CPU STARLINK-33663 qlen_enqueue=1
----------------------------------------------------------------------
	||TIME IN SIMULATION : (seconds:44) (minutes: 0) ||

MODIFICA CONFIGURAZIONE IN CORSO...

Aggiornato il Tempo Globale:  2025-11-20 20:55:58
[Task 71] Task eseguito su STARLINK-33663 38.536970156057485 degrees | CPU=4921.8554J, NET=0.0000J, TOTAL=4921.8554J, Remaining=101809.90J
[44.435] Task 71 served on STARLINK-33663 qlen_enqueue_cpu=1 qlen_enqueue_net=None time_in_queue=0.000
[71][GREEDY] STARLINK-33663 -> STARLINK-11403 [DTC] | Tramission-time: 0.0020333420468660497
[71] Energy routing consumed by STARLINK-33663: 0.000000 J (remaining 101809.90)
[MODE: BIDIRECTIONAL]
[71][GREEDY] CONSEGNATO! STARLINK-11403 [DTC] -> OBS | Tramission-time: 2.011175921276717e-11
---> Task 72 (Type: Generic_Service) arriva in 44.84
--- [44.84] Task 72 using SearchNode Policy: v2_ilp_hybrid ---
[44.84] [Task 72] Entering ILP branch (v2)
[ε-constraint energy] sumE_B=125.848859  bound=138.433744  active=False
[ILP] res_type=dict value_preview={'stage': 'B', 'status': 'Optimal', 'primary': 'energy', 'tol': 0.1, 'opt_primary': 125.848858566843, 'objective_secondary': 0.012813419054789079, 'sumE': 125.8
[44.84] [Task 72] ILP chose server: STARLINK-11403 [DTC]
[44.84] [Task 72] Routed STARLINK-31220 -> STARLINK-11403 [DTC] | E_NET=0.000014 J | Remaining=120000.00 J
[44.839] Task 72 enqueued on CPU STARLINK-11403 [DTC] qlen_enqueue=1
[Task 72] Task eseguito su STARLINK-11403 [DTC] 50.60256462390145 degrees | CPU=125.8488J, NET=0.0000J, TOTAL=125.8489J, Remaining=114855.92J
[44.853] Task 72 served on STARLINK-11403 [DTC] qlen_enqueue_cpu=1 qlen_enqueue_net=None time_in_queue=0.000
[MODE: BIDIRECTIONAL]
[72][GREEDY] CONSEGNATO! STARLINK-11403 [DTC] -> OBS | Tramission-time: 1.3221370506153545e-11
---> Task 73 (Type: CPU_Intensive) arriva in 45.06
--- [45.06] Task 73 using SearchNode Policy: v2_ilp_hybrid ---
[45.06] [Task 73] Entering ILP branch (v2)
[ε-constraint energy] sumE_B=5546.404665  bound=6101.045132  active=False
[ILP] res_type=dict value_preview={'stage': 'B', 'status': 'Optimal', 'primary': 'energy', 'tol': 0.1, 'opt_primary': 5546.404665152265, 'objective_secondary': 0.5639787768171951, 'sumE': 5546.4
[45.06] [Task 73] ILP chose server: STARLINK-11403 [DTC]
[45.06] [Task 73] Routed STARLINK-31220 -> STARLINK-11403 [DTC] | E_NET=0.000030 J | Remaining=120000.00 J
[45.065] Task 73 enqueued on CPU STARLINK-11403 [DTC] qlen_enqueue=1
[Task 73] Task eseguito su STARLINK-11403 [DTC] 50.60256462390145 degrees | CPU=5546.4046J, NET=0.0000J, TOTAL=5546.4047J, Remaining=109309.52J
[45.631] Task 73 served on STARLINK-11403 [DTC] qlen_enqueue_cpu=1 qlen_enqueue_net=None time_in_queue=0.000
[MODE: BIDIRECTIONAL]
[73][GREEDY] CONSEGNATO! STARLINK-11403 [DTC] -> OBS | Tramission-time: 3.182010554778915e-11
---> Task 74 (Type: Generic_Service) arriva in 45.77
--- [45.77] Task 74 using SearchNode Policy: v2_ilp_hybrid ---
[45.77] [Task 74] Entering ILP branch (v2)
[ε-constraint energy] sumE_B=411.327350  bound=452.460085  active=False
[ILP] res_type=dict value_preview={'stage': 'B', 'status': 'Optimal', 'primary': 'energy', 'tol': 0.1, 'opt_primary': 411.3273504366125, 'objective_secondary': 0.04184615489921551, 'sumE': 411.3
[45.77] [Task 74] ILP chose server: STARLINK-11403 [DTC]
[45.77] [Task 74] Routed STARLINK-31220 -> STARLINK-11403 [DTC] | E_NET=0.000019 J | Remaining=120000.00 J
[45.775] Task 74 enqueued on CPU STARLINK-11403 [DTC] qlen_enqueue=1
[Task 74] Task eseguito su STARLINK-11403 [DTC] 50.60256462390145 degrees | CPU=411.3273J, NET=0.0000J, TOTAL=411.3273J, Remaining=108898.19J
[45.818] Task 74 served on STARLINK-11403 [DTC] qlen_enqueue_cpu=1 qlen_enqueue_net=None time_in_queue=0.000
[MODE: BIDIRECTIONAL]
[74][GREEDY] CONSEGNATO! STARLINK-11403 [DTC] -> OBS | Tramission-time: 2.1619949173086184e-11
---> Task 75 (Type: Generic_Service) arriva in 45.86
--- [45.86] Task 75 using SearchNode Policy: v2_ilp_hybrid ---
[45.86] [Task 75] Entering ILP branch (v2)
[ε-constraint energy] sumE_B=304.053972  bound=334.459369  active=False
[ILP] res_type=dict value_preview={'stage': 'B', 'status': 'Optimal', 'primary': 'energy', 'tol': 0.1, 'opt_primary': 304.0539721996804, 'objective_secondary': 0.030932179294355922, 'sumE': 304.
[45.86] [Task 75] ILP chose server: STARLINK-11403 [DTC]
[45.86] [Task 75] Routed STARLINK-31220 -> STARLINK-11403 [DTC] | E_NET=0.000013 J | Remaining=120000.00 J
[45.857] Task 75 enqueued on CPU STARLINK-11403 [DTC] qlen_enqueue=1
[Task 75] Task eseguito su STARLINK-11403 [DTC] 50.60256462390145 degrees | CPU=304.0540J, NET=0.0000J, TOTAL=304.0540J, Remaining=108594.14J
[45.889] Task 75 served on STARLINK-11403 [DTC] qlen_enqueue_cpu=1 qlen_enqueue_net=None time_in_queue=0.000
[MODE: BIDIRECTIONAL]
[75][GREEDY] CONSEGNATO! STARLINK-11403 [DTC] -> OBS | Tramission-time: 1.6067764192407404e-11
----------------------------------------------------------------------
	||TIME IN SIMULATION : (seconds:46) (minutes: 0) ||

MODIFICA CONFIGURAZIONE IN CORSO...

Aggiornato il Tempo Globale:  2025-11-20 20:56:00
---> Task 76 (Type: CPU_Intensive) arriva in 47.25
--- [47.25] Task 76 using SearchNode Policy: v2_ilp_hybrid ---
[47.25] [Task 76] Entering ILP branch (v2)
[ε-constraint energy] sumE_B=8070.897592  bound=8877.987351  active=False
[ILP] res_type=dict value_preview={'stage': 'B', 'status': 'Optimal', 'primary': 'energy', 'tol': 0.1, 'opt_primary': 8070.8975915934625, 'objective_secondary': 0.8206458469857011, 'sumE': 8070.
[47.25] [Task 76] ILP chose server: STARLINK-11403 [DTC]
[47.25] [Task 76] Routed STARLINK-31220 -> STARLINK-11403 [DTC] | E_NET=0.000019 J | Remaining=120000.00 J
[47.247] Task 76 enqueued on CPU STARLINK-11403 [DTC] qlen_enqueue=1
---> Task 77 (Type: CPU_Intensive) arriva in 47.43
--- [47.43] Task 77 using SearchNode Policy: v2_ilp_hybrid ---
[47.43] [Task 77] Entering ILP branch (v2)
[ε-constraint energy] sumE_B=316.498824  bound=348.148707  active=False
[ILP] res_type=dict value_preview={'stage': 'B', 'status': 'Optimal', 'primary': 'energy', 'tol': 0.1, 'opt_primary': 316.4988243951878, 'objective_secondary': 0.03219696834807889, 'sumE': 316.4
[47.43] [Task 77] ILP chose server: STARLINK-1826
[47.43] [Task 77] Routed STARLINK-31220 -> STARLINK-1826 | E_NET=0.000015 J | Remaining=120000.00 J
[47.432] Task 77 enqueued on CPU STARLINK-1826 qlen_enqueue=1
[Task 77] Task eseguito su STARLINK-1826 29.51804442204656 degrees | CPU=316.4988J, NET=0.0000J, TOTAL=316.4988J, Remaining=103004.34J
[47.465] Task 77 served on STARLINK-1826 qlen_enqueue_cpu=1 qlen_enqueue_net=None time_in_queue=0.000
[77][GREEDY] STARLINK-1826 -> STARLINK-11403 [DTC] | Tramission-time: 0.0016536700283832225
[77] Energy routing consumed by STARLINK-1826: 0.000000 J (remaining 103004.34)
[MODE: BIDIRECTIONAL]
[77][GREEDY] CONSEGNATO! STARLINK-11403 [DTC] -> OBS | Tramission-time: 1.3201963903265478e-11
----------------------------------------------------------------------
	||TIME IN SIMULATION : (seconds:48) (minutes: 0) ||

MODIFICA CONFIGURAZIONE IN CORSO...

Aggiornato il Tempo Globale:  2025-11-20 20:56:02
[Task 76] Task eseguito su STARLINK-11403 [DTC] 53.64236285049893 degrees | CPU=8070.8976J, NET=0.0000J, TOTAL=8070.8976J, Remaining=100523.24J
[48.069] Task 76 served on STARLINK-11403 [DTC] qlen_enqueue_cpu=1 qlen_enqueue_net=None time_in_queue=0.000
---> Task 78 (Type: CPU_and_Data_Intensive) arriva in 48.11
--- [48.11] Task 78 using SearchNode Policy: v2_ilp_hybrid ---
[48.11] [Task 78] Entering ILP branch (v2)
[ε-constraint energy] sumE_B=6183.692296  bound=6802.061525  active=False
[ILP] res_type=dict value_preview={'stage': 'B', 'status': 'Optimal', 'primary': 'energy', 'tol': 0.1, 'opt_primary': 6183.692295578468, 'objective_secondary': 0.6368170366316038, 'sumE': 6183.6
[48.11] [Task 78] ILP chose server: STARLINK-11403 [DTC]
[48.11] [Task 78] Routed STARLINK-31220 -> STARLINK-11403 [DTC] | E_NET=0.006740 J | Remaining=119999.99 J
[48.115] Task 78 enqueued on CPU STARLINK-11403 [DTC] qlen_enqueue=1
[MODE: BIDIRECTIONAL]
[76][GREEDY] CONSEGNATO! STARLINK-11403 [DTC] -> OBS | Tramission-time: 1.6963190181368566e-11
[48.743] Task 78 enqueued on NET STARLINK-11403 [DTC] qlen_enqueue_net=1
[Task 78] Task eseguito su STARLINK-11403 [DTC] 53.64236285049893 degrees | CPU=6183.6842J, NET=0.0067J, TOTAL=6183.6910J, Remaining=94339.55J
[48.750] Task 78 served on STARLINK-11403 [DTC] qlen_enqueue_cpu=1 qlen_enqueue_net=1 time_in_queue=0.000
[MODE: BIDIRECTIONAL]
[78][GREEDY] CONSEGNATO! STARLINK-11403 [DTC] -> OBS | Tramission-time: 6.167913759543479e-09
---> Task 79 (Type: Generic_Service) arriva in 48.85
--- [48.85] Task 79 using SearchNode Policy: v2_ilp_hybrid ---
[48.85] [Task 79] Entering ILP branch (v2)
[ε-constraint energy] sumE_B=1024.416450  bound=1126.858094  active=False
[ILP] res_type=dict value_preview={'stage': 'B', 'status': 'Optimal', 'primary': 'energy', 'tol': 0.1, 'opt_primary': 1024.4164495425282, 'objective_secondary': 0.1041775963304047, 'sumE': 1024.
[48.85] [Task 79] ILP chose server: STARLINK-11403 [DTC]
[48.85] [Task 79] Routed STARLINK-31220 -> STARLINK-11403 [DTC] | E_NET=0.000015 J | Remaining=119999.99 J
[48.851] Task 79 enqueued on CPU STARLINK-11403 [DTC] qlen_enqueue=1
[Task 79] Task eseguito su STARLINK-11403 [DTC] 53.64236285049893 degrees | CPU=1024.4164J, NET=0.0000J, TOTAL=1024.4164J, Remaining=93315.13J
[48.956] Task 79 served on STARLINK-11403 [DTC] qlen_enqueue_cpu=1 qlen_enqueue_net=None time_in_queue=0.000
[MODE: BIDIRECTIONAL]
[79][GREEDY] CONSEGNATO! STARLINK-11403 [DTC] -> OBS | Tramission-time: 1.2863781158958056e-11
---> Task 80 (Type: Generic_Service) arriva in 49.11
--- [49.11] Task 80 using SearchNode Policy: v2_ilp_hybrid ---
[49.11] [Task 80] Entering ILP branch (v2)
[ε-constraint energy] sumE_B=327.713202  bound=360.484522  active=False
[ILP] res_type=dict value_preview={'stage': 'B', 'status': 'Optimal', 'primary': 'energy', 'tol': 0.1, 'opt_primary': 327.7132021169616, 'objective_secondary': 0.03334654519388223, 'sumE': 327.7
[49.11] [Task 80] ILP chose server: STARLINK-11403 [DTC]
[49.11] [Task 80] Routed STARLINK-31220 -> STARLINK-11403 [DTC] | E_NET=0.000021 J | Remaining=119999.99 J
[49.112] Task 80 enqueued on CPU STARLINK-11403 [DTC] qlen_enqueue=1
[Task 80] Task eseguito su STARLINK-11403 [DTC] 53.64236285049893 degrees | CPU=327.7132J, NET=0.0000J, TOTAL=327.7132J, Remaining=92987.42J
[49.147] Task 80 served on STARLINK-11403 [DTC] qlen_enqueue_cpu=1 qlen_enqueue_net=None time_in_queue=0.000
[MODE: BIDIRECTIONAL]
[80][GREEDY] CONSEGNATO! STARLINK-11403 [DTC] -> OBS | Tramission-time: 2.1309629428993784e-11
---> Task 81 (Type: CPU_and_Data_Intensive) arriva in 49.18
--- [49.18] Task 81 using SearchNode Policy: v2_ilp_hybrid ---
[49.18] [Task 81] Entering ILP branch (v2)
[ε-constraint energy] sumE_B=15783.196744  bound=17361.516418  active=False
[ILP] res_type=dict value_preview={'stage': 'B', 'status': 'Optimal', 'primary': 'energy', 'tol': 0.1, 'opt_primary': 15783.19674396365, 'objective_secondary': 1.6094078651318773, 'sumE': 15783.
[49.18] [Task 81] ILP chose server: STARLINK-11403 [DTC]
[49.18] [Task 81] Routed STARLINK-31220 -> STARLINK-11403 [DTC] | E_NET=0.003857 J | Remaining=119999.99 J
[49.189] Task 81 enqueued on CPU STARLINK-11403 [DTC] qlen_enqueue=1
---> Task 82 (Type: CPU_Intensive) arriva in 49.44
--- [49.44] Task 82 using SearchNode Policy: v2_ilp_hybrid ---
[49.44] [Task 82] Entering ILP branch (v2)
[ε-constraint energy] sumE_B=16541.701253  bound=18195.871378  active=False
[ILP] res_type=dict value_preview={'stage': 'B', 'status': 'Optimal', 'primary': 'energy', 'tol': 0.1, 'opt_primary': 16541.701253017738, 'objective_secondary': 1.6819197226408171, 'sumE': 16541
[49.44] [Task 82] ILP chose server: STARLINK-1826
[49.44] [Task 82] Routed STARLINK-31220 -> STARLINK-1826 | E_NET=0.000009 J | Remaining=119999.99 J
[49.439] Task 82 enqueued on CPU STARLINK-1826 qlen_enqueue=1
---> Task 83 (Type: CPU_and_Data_Intensive) arriva in 49.67
--- [49.67] Task 83 using SearchNode Policy: v2_ilp_hybrid ---
[49.67] [Task 83] Entering ILP branch (v2)
[ε-constraint energy] sumE_B=992.631941  bound=1091.895135  active=False
[ILP] res_type=dict value_preview={'stage': 'B', 'status': 'Optimal', 'primary': 'energy', 'tol': 0.1, 'opt_primary': 992.6319406275355, 'objective_secondary': 0.265734587895265, 'sumE': 992.631
[49.67] [Task 83] ILP chose server: STARLINK-2160
[49.67] [Task 83] Routed STARLINK-31220 -> STARLINK-2160 | E_NET=0.140927 J | Remaining=119999.85 J
[49.808] Task 83 enqueued on CPU STARLINK-2160 qlen_enqueue=1
---> Task 84 (Type: CPU_Intensive) arriva in 49.82
--- [49.82] Task 84 using SearchNode Policy: v2_ilp_hybrid ---
[49.82] [Task 84] Entering ILP branch (v2)
[ε-constraint energy] sumE_B=5936.638530  bound=6530.302384  active=False
[ILP] res_type=dict value_preview={'stage': 'B', 'status': 'Optimal', 'primary': 'energy', 'tol': 0.1, 'opt_primary': 5936.638530455836, 'objective_secondary': 0.6036412108648871, 'sumE': 5936.6
[49.82] [Task 84] ILP chose server: STARLINK-32654
[49.82] [Task 84] Routed STARLINK-30971 -> STARLINK-32654 | E_NET=0.000021 J | Remaining=119999.99 J
[49.820] Task 84 enqueued on CPU STARLINK-32654 qlen_enqueue=1
[49.909] Task 83 enqueued on NET STARLINK-2160 qlen_enqueue_net=1
----------------------------------------------------------------------
	||TIME IN SIMULATION : (seconds:50) (minutes: 0) ||

MODIFICA CONFIGURAZIONE IN CORSO...

Aggiornato il Tempo Globale:  2025-11-20 20:56:04
[Task 83] Task eseguito su STARLINK-2160 36.8479908178273 degrees | CPU=992.4671J, NET=0.1409J, TOTAL=992.6080J, Remaining=119007.39J
[50.050] Task 83 served on STARLINK-2160 qlen_enqueue_cpu=1 qlen_enqueue_net=1 time_in_queue=0.000
[83][GREEDY] STARLINK-2160 -> STARLINK-11403 [DTC] | Tramission-time: 0.0016053513615316762
[83] Energy routing consumed by STARLINK-2160: 0.000000 J (remaining 119007.39)
[MODE: BIDIRECTIONAL]
[83][GREEDY] CONSEGNATO! STARLINK-11403 [DTC] -> OBS | Tramission-time: 1.3760363208941836e-07
[Task 84] Task eseguito su STARLINK-32654 48.40619567046916 degrees | CPU=5936.6385J, NET=0.0000J, TOTAL=5936.6385J, Remaining=106394.85J
[50.425] Task 84 served on STARLINK-32654 qlen_enqueue_cpu=1 qlen_enqueue_net=None time_in_queue=0.000
[MODE: BIDIRECTIONAL]
[84][GREEDY] CONSEGNATO! STARLINK-32654 -> OBS | Tramission-time: 2.0651725824409236e-11
[50.794] Task 81 enqueued on NET STARLINK-11403 [DTC] qlen_enqueue_net=1
[Task 81] Task eseguito su STARLINK-11403 [DTC] 55.24346204381094 degrees | CPU=15783.1921J, NET=0.0039J, TOTAL=15783.1960J, Remaining=77204.22J
[50.798] Task 81 served on STARLINK-11403 [DTC] qlen_enqueue_cpu=1 qlen_enqueue_net=1 time_in_queue=0.000
[MODE: BIDIRECTIONAL]
[81][GREEDY] CONSEGNATO! STARLINK-11403 [DTC] -> OBS | Tramission-time: 4.001790674651546e-09
[Task 82] Task eseguito su STARLINK-1826 30.636755570374767 degrees | CPU=16541.7012J, NET=0.0000J, TOTAL=16541.7012J, Remaining=86462.64J
[51.122] Task 82 served on STARLINK-1826 qlen_enqueue_cpu=1 qlen_enqueue_net=None time_in_queue=0.000
[82][GREEDY] STARLINK-1826 -> STARLINK-11403 [DTC] | Tramission-time: 0.001652731882286943
[82] Energy routing consumed by STARLINK-1826: 0.000000 J (remaining 86462.64)
[MODE: BIDIRECTIONAL]
[82][GREEDY] CONSEGNATO! STARLINK-11403 [DTC] -> OBS | Tramission-time: 9.47512506358938e-12
---> Task 85 (Type: CPU_and_Data_Intensive) arriva in 51.84
--- [51.84] Task 85 using SearchNode Policy: v2_ilp_hybrid ---
[51.84] [Task 85] Entering ILP branch (v2)
[ε-constraint energy] sumE_B=4372.779427  bound=4810.057370  active=False
[ILP] res_type=dict value_preview={'stage': 'B', 'status': 'Optimal', 'primary': 'energy', 'tol': 0.1, 'opt_primary': 4372.779427117489, 'objective_secondary': 0.4447815090286341, 'sumE': 4372.7
[51.84] [Task 85] ILP chose server: STARLINK-32654
[51.84] [Task 85] Routed STARLINK-30971 -> STARLINK-32654 | E_NET=0.000127 J | Remaining=119999.99 J
[51.837] Task 85 enqueued on CPU STARLINK-32654 qlen_enqueue=1
----------------------------------------------------------------------
	||TIME IN SIMULATION : (seconds:52) (minutes: 0) ||

MODIFICA CONFIGURAZIONE IN CORSO...

Aggiornato il Tempo Globale:  2025-11-20 20:56:06
[52.282] Task 85 enqueued on NET STARLINK-32654 qlen_enqueue_net=1
[Task 85] Task eseguito su STARLINK-32654 49.17440505588041 degrees | CPU=4372.7793J, NET=0.0001J, TOTAL=4372.7794J, Remaining=102022.07J
[52.282] Task 85 served on STARLINK-32654 qlen_enqueue_cpu=1 qlen_enqueue_net=1 time_in_queue=0.000
[MODE: BIDIRECTIONAL]
[85][GREEDY] CONSEGNATO! STARLINK-32654 -> OBS | Tramission-time: 1.6267018772933086e-10
---> Task 86 (Type: CPU_and_Data_Intensive) arriva in 52.73
--- [52.73] Task 86 using SearchNode Policy: v2_ilp_hybrid ---
[52.73] [Task 86] Entering ILP branch (v2)
[ε-constraint energy] sumE_B=349.989618  bound=384.988579  active=False
[ILP] res_type=dict value_preview={'stage': 'B', 'status': 'Optimal', 'primary': 'energy', 'tol': 0.1, 'opt_primary': 349.9896175198729, 'objective_secondary': 0.04299698735225596, 'sumE': 349.9
[52.73] [Task 86] ILP chose server: STARLINK-32654
[52.73] [Task 86] Routed STARLINK-30971 -> STARLINK-32654 | E_NET=0.005454 J | Remaining=119999.98 J
[52.738] Task 86 enqueued on CPU STARLINK-32654 qlen_enqueue=1
[52.774] Task 86 enqueued on NET STARLINK-32654 qlen_enqueue_net=1
[Task 86] Task eseguito su STARLINK-32654 49.17440505588041 degrees | CPU=349.9822J, NET=0.0055J, TOTAL=349.9877J, Remaining=101672.09J
[52.779] Task 86 served on STARLINK-32654 qlen_enqueue_cpu=1 qlen_enqueue_net=1 time_in_queue=0.000
[MODE: BIDIRECTIONAL]
[86][GREEDY] CONSEGNATO! STARLINK-32654 -> OBS | Tramission-time: 6.854939911264453e-09
---> Task 87 (Type: CPU_Intensive) arriva in 53.22
--- [53.22] Task 87 using SearchNode Policy: v2_ilp_hybrid ---
[53.22] [Task 87] Entering ILP branch (v2)
[ε-constraint energy] sumE_B=12978.184890  bound=14276.003379  active=False
[ILP] res_type=dict value_preview={'stage': 'B', 'status': 'Optimal', 'primary': 'energy', 'tol': 0.1, 'opt_primary': 12978.184890205779, 'objective_secondary': 1.3195903443110284, 'sumE': 12978
[53.22] [Task 87] ILP chose server: STARLINK-32654
[53.22] [Task 87] Routed STARLINK-30971 -> STARLINK-32654 | E_NET=0.000008 J | Remaining=119999.98 J
[53.217] Task 87 enqueued on CPU STARLINK-32654 qlen_enqueue=1
---> Task 88 (Type: CPU_and_Data_Intensive) arriva in 53.23
--- [53.23] Task 88 using SearchNode Policy: v2_ilp_hybrid ---
[53.23] [Task 88] Entering ILP branch (v2)
[ε-constraint energy] sumE_B=80.578914  bound=88.636805  active=False
[ILP] res_type=dict value_preview={'stage': 'B', 'status': 'Optimal', 'primary': 'energy', 'tol': 0.1, 'opt_primary': 80.57891389999403, 'objective_secondary': 0.017200841679360868, 'sumE': 80.5
[53.23] [Task 88] ILP chose server: STARLINK-32475
[53.23] [Task 88] Routed STARLINK-30971 -> STARLINK-32475 | E_NET=0.006693 J | Remaining=119999.98 J
[53.241] Task 88 enqueued on CPU STARLINK-32475 qlen_enqueue=1
[53.249] Task 88 enqueued on NET STARLINK-32475 qlen_enqueue_net=1
[Task 88] Task eseguito su STARLINK-32475 44.216876790001336 degrees | CPU=80.5699J, NET=0.0067J, TOTAL=80.5766J, Remaining=119710.88J
[53.256] Task 88 served on STARLINK-32475 qlen_enqueue_cpu=1 qlen_enqueue_net=1 time_in_queue=0.000
[88][GREEDY] STARLINK-32475 -> STARLINK-11403 [DTC] | Tramission-time: 0.00218039045296622
[88] Energy routing consumed by STARLINK-32475: 0.000000 J (remaining 119710.88)
[MODE: BIDIRECTIONAL]
[88][GREEDY] CONSEGNATO! STARLINK-11403 [DTC] -> OBS | Tramission-time: 7.651841090818803e-09
---> Task 89 (Type: CPU_Intensive) arriva in 53.37
--- [53.37] Task 89 using SearchNode Policy: v2_ilp_hybrid ---
[53.37] [Task 89] Entering ILP branch (v2)
[ε-constraint energy] sumE_B=459.966989  bound=505.963688  active=False
[ILP] res_type=dict value_preview={'stage': 'B', 'status': 'Optimal', 'primary': 'energy', 'tol': 0.1, 'opt_primary': 459.9669893046638, 'objective_secondary': 0.046778789667522705, 'sumE': 459.
[53.37] [Task 89] ILP chose server: STARLINK-32475
[53.37] [Task 89] Routed STARLINK-30971 -> STARLINK-32475 | E_NET=0.000008 J | Remaining=119999.98 J
[53.374] Task 89 enqueued on CPU STARLINK-32475 qlen_enqueue=1
[Task 89] Task eseguito su STARLINK-32475 44.216876790001336 degrees | CPU=459.9670J, NET=0.0000J, TOTAL=459.9670J, Remaining=119250.92J
[53.421] Task 89 served on STARLINK-32475 qlen_enqueue_cpu=1 qlen_enqueue_net=None time_in_queue=0.000
[89][GREEDY] STARLINK-32475 -> STARLINK-11403 [DTC] | Tramission-time: 0.002180383632748427
[89] Energy routing consumed by STARLINK-32475: 0.000000 J (remaining 119250.92)
[MODE: BIDIRECTIONAL]
[89][GREEDY] CONSEGNATO! STARLINK-11403 [DTC] -> OBS | Tramission-time: 8.825535135110488e-12
---> Task 90 (Type: CPU_and_Data_Intensive) arriva in 53.86
--- [53.86] Task 90 using SearchNode Policy: v2_ilp_hybrid ---
[53.86] [Task 90] Entering ILP branch (v2)
[ε-constraint energy] sumE_B=6943.017304  bound=7637.319034  active=False
[ILP] res_type=dict value_preview={'stage': 'B', 'status': 'Optimal', 'primary': 'energy', 'tol': 0.1, 'opt_primary': 6943.017303624274, 'objective_secondary': 0.716349250032698, 'sumE': 6943.01
[53.86] [Task 90] ILP chose server: STARLINK-32475
[53.86] [Task 90] Routed STARLINK-30971 -> STARLINK-32475 | E_NET=0.007732 J | Remaining=119999.97 J
[53.871] Task 90 enqueued on CPU STARLINK-32475 qlen_enqueue=1
----------------------------------------------------------------------
	||TIME IN SIMULATION : (seconds:54) (minutes: 0) ||

MODIFICA CONFIGURAZIONE IN CORSO...

Aggiornato il Tempo Globale:  2025-11-20 20:56:08
---> Task 91 (Type: CPU_Intensive) arriva in 54.32
--- [54.32] Task 91 using SearchNode Policy: v2_ilp_hybrid ---
[54.32] [Task 91] Entering ILP branch (v2)
[ε-constraint energy] sumE_B=2290.236383  bound=2519.260022  active=False
[ILP] res_type=dict value_preview={'stage': 'B', 'status': 'Optimal', 'primary': 'energy', 'tol': 0.1, 'opt_primary': 2290.2363832772453, 'objective_secondary': 0.23287151174103615, 'sumE': 2290
[54.32] [Task 91] ILP chose server: STARLINK-31866
[54.32] [Task 91] Routed STARLINK-30971 -> STARLINK-31866 | E_NET=0.000007 J | Remaining=119999.97 J
[54.320] Task 91 enqueued on CPU STARLINK-31866 qlen_enqueue=1
[Task 87] Task eseguito su STARLINK-32654 49.93786605218478 degrees | CPU=12978.1849J, NET=0.0000J, TOTAL=12978.1849J, Remaining=88693.90J
[54.537] Task 87 served on STARLINK-32654 qlen_enqueue_cpu=1 qlen_enqueue_net=None time_in_queue=0.000
[Task 91] Task eseguito su STARLINK-31866 74.40122074951844 degrees | CPU=2290.2364J, NET=0.0000J, TOTAL=2290.2364J, Remaining=113629.56J
[54.553] Task 91 served on STARLINK-31866 qlen_enqueue_cpu=1 qlen_enqueue_net=None time_in_queue=0.000
[91][GREEDY] STARLINK-31866 -> STARLINK-11403 [DTC] | Tramission-time: 0.00113034457849627
[91] Energy routing consumed by STARLINK-31866: 0.000000 J (remaining 113629.56)
[MODE: BIDIRECTIONAL]
[91][GREEDY] CONSEGNATO! STARLINK-11403 [DTC] -> OBS | Tramission-time: 6.651441745617118e-12
[MODE: BIDIRECTIONAL]
[87][GREEDY] CONSEGNATO! STARLINK-32654 -> OBS | Tramission-time: 8.979788728466678e-12
[54.577] Task 90 enqueued on NET STARLINK-32475 qlen_enqueue_net=1
[Task 90] Task eseguito su STARLINK-32475 43.29597134014188 degrees | CPU=6943.0069J, NET=0.0077J, TOTAL=6943.0146J, Remaining=112307.90J
[54.585] Task 90 served on STARLINK-32475 qlen_enqueue_cpu=1 qlen_enqueue_net=1 time_in_queue=0.000
[90][GREEDY] STARLINK-32475 -> STARLINK-11403 [DTC] | Tramission-time: 0.0021933416428867743
[90] Energy routing consumed by STARLINK-32475: 0.000000 J (remaining 112307.90)
[MODE: BIDIRECTIONAL]
[90][GREEDY] CONSEGNATO! STARLINK-11403 [DTC] -> OBS | Tramission-time: 6.970835969634539e-09
---> Task 92 (Type: Generic_Service) arriva in 54.86
--- [54.86] Task 92 using SearchNode Policy: v2_ilp_hybrid ---
[54.86] [Task 92] Entering ILP branch (v2)
[ε-constraint energy] sumE_B=82.013231  bound=90.214554  active=False
[ILP] res_type=dict value_preview={'stage': 'B', 'status': 'Optimal', 'primary': 'energy', 'tol': 0.1, 'opt_primary': 82.01323071649995, 'objective_secondary': 0.008357627245199513, 'sumE': 82.0
[54.86] [Task 92] ILP chose server: STARLINK-32654
[54.86] [Task 92] Routed STARLINK-30971 -> STARLINK-32654 | E_NET=0.000016 J | Remaining=119999.97 J
[54.858] Task 92 enqueued on CPU STARLINK-32654 qlen_enqueue=1
[Task 92] Task eseguito su STARLINK-32654 49.93786605218478 degrees | CPU=82.0132J, NET=0.0000J, TOTAL=82.0132J, Remaining=88611.89J
[54.867] Task 92 served on STARLINK-32654 qlen_enqueue_cpu=1 qlen_enqueue_net=None time_in_queue=0.000
[MODE: BIDIRECTIONAL]
[92][GREEDY] CONSEGNATO! STARLINK-32654 -> OBS | Tramission-time: 1.2879191280248221e-11
---> Task 93 (Type: CPU_Intensive) arriva in 55.88
--- [55.88] Task 93 using SearchNode Policy: v2_ilp_hybrid ---
[55.88] [Task 93] Entering ILP branch (v2)
[ε-constraint energy] sumE_B=12139.582186  bound=13353.540404  active=False
[ILP] res_type=dict value_preview={'stage': 'B', 'status': 'Optimal', 'primary': 'energy', 'tol': 0.1, 'opt_primary': 12139.582185779935, 'objective_secondary': 1.2343216661616883, 'sumE': 12139
[55.88] [Task 93] ILP chose server: STARLINK-32654
[55.88] [Task 93] Routed STARLINK-30971 -> STARLINK-32654 | E_NET=0.000007 J | Remaining=119999.97 J
[55.878] Task 93 enqueued on CPU STARLINK-32654 qlen_enqueue=1
----------------------------------------------------------------------
	||TIME IN SIMULATION : (seconds:56) (minutes: 0) ||

MODIFICA CONFIGURAZIONE IN CORSO...

Aggiornato il Tempo Globale:  2025-11-20 20:56:10
---> Task 94 (Type: CPU_and_Data_Intensive) arriva in 56.15
--- [56.15] Task 94 using SearchNode Policy: v2_ilp_hybrid ---
[56.15] [Task 94] Entering ILP branch (v2)
[ε-constraint energy] sumE_B=5784.540556  bound=6362.994611  active=False
[ILP] res_type=dict value_preview={'stage': 'B', 'status': 'Optimal', 'primary': 'energy', 'tol': 0.1, 'opt_primary': 5784.5405559052415, 'objective_secondary': 0.5913074976079801, 'sumE': 5784.
[56.15] [Task 94] ILP chose server: STARLINK-11403 [DTC]
[56.15] [Task 94] Routed STARLINK-4525 -> STARLINK-11403 [DTC] | E_NET=0.002717 J | Remaining=120000.00 J
[56.150] Task 94 enqueued on CPU STARLINK-11403 [DTC] qlen_enqueue=1
---> Task 95 (Type: Generic_Service) arriva in 56.33
--- [56.33] Task 95 using SearchNode Policy: v2_ilp_hybrid ---
[56.33] [Task 95] Entering ILP branch (v2)
[ε-constraint energy] sumE_B=153.140141  bound=168.454155  active=False
[ILP] res_type=dict value_preview={'stage': 'B', 'status': 'Optimal', 'primary': 'energy', 'tol': 0.1, 'opt_primary': 153.1401405605784, 'objective_secondary': 0.015610029611852004, 'sumE': 153.
[56.33] [Task 95] ILP chose server: STARLINK-2116
[56.33] [Task 95] Routed STARLINK-4525 -> STARLINK-2116 | E_NET=0.000037 J | Remaining=120000.00 J
[56.329] Task 95 enqueued on CPU STARLINK-2116 qlen_enqueue=1
[Task 95] Task eseguito su STARLINK-2116 48.84057350150352 degrees | CPU=153.1401J, NET=0.0000J, TOTAL=153.1401J, Remaining=118210.38J
[56.347] Task 95 served on STARLINK-2116 qlen_enqueue_cpu=1 qlen_enqueue_net=None time_in_queue=0.000
[95][GREEDY] STARLINK-2116 -> STARLINK-11403 [DTC] | Tramission-time: 0.0018956623113668164
[95] Energy routing consumed by STARLINK-2116: 0.000000 J (remaining 118210.38)
[MODE: BIDIRECTIONAL]
[95][GREEDY] CONSEGNATO! STARLINK-11403 [DTC] -> OBS | Tramission-time: 3.588309022071671e-11
[56.738] Task 94 enqueued on NET STARLINK-11403 [DTC] qlen_enqueue_net=1
[Task 94] Task eseguito su STARLINK-11403 [DTC] 60.37360666387156 degrees | CPU=5784.5374J, NET=0.0027J, TOTAL=5784.5401J, Remaining=71419.68J
[56.741] Task 94 served on STARLINK-11403 [DTC] qlen_enqueue_cpu=1 qlen_enqueue_net=1 time_in_queue=0.000
[MODE: BIDIRECTIONAL]
[94][GREEDY] CONSEGNATO! STARLINK-11403 [DTC] -> OBS | Tramission-time: 2.4770668073918764e-09
---> Task 96 (Type: CPU_Intensive) arriva in 56.79
--- [56.79] Task 96 using SearchNode Policy: v2_ilp_hybrid ---
[56.79] [Task 96] Entering ILP branch (v2)
[ε-constraint energy] sumE_B=9552.721615  bound=10507.993777  active=False
[ILP] res_type=dict value_preview={'stage': 'B', 'status': 'Optimal', 'primary': 'energy', 'tol': 0.1, 'opt_primary': 9552.721615033444, 'objective_secondary': 0.9713184031734521, 'sumE': 9552.7
[56.79] [Task 96] ILP chose server: STARLINK-11403 [DTC]
[56.79] [Task 96] Routed STARLINK-4525 -> STARLINK-11403 [DTC] | E_NET=0.000024 J | Remaining=120000.00 J
[56.789] Task 96 enqueued on CPU STARLINK-11403 [DTC] qlen_enqueue=1
[Task 93] Task eseguito su STARLINK-32654 50.69404269405383 degrees | CPU=12139.5822J, NET=0.0000J, TOTAL=12139.5822J, Remaining=76472.31J
[57.113] Task 93 served on STARLINK-32654 qlen_enqueue_cpu=1 qlen_enqueue_net=None time_in_queue=0.000
[MODE: BIDIRECTIONAL]
[93][GREEDY] CONSEGNATO! STARLINK-32654 -> OBS | Tramission-time: 5.923162687255651e-12
---> Task 97 (Type: CPU_Intensive) arriva in 57.45
--- [57.45] Task 97 using SearchNode Policy: v2_ilp_hybrid ---
[57.45] [Task 97] Entering ILP branch (v2)
[ε-constraint energy] sumE_B=6824.829519  bound=7507.312471  active=False
[ILP] res_type=dict value_preview={'stage': 'B', 'status': 'Optimal', 'primary': 'energy', 'tol': 0.1, 'opt_primary': 6824.829518836921, 'objective_secondary': 0.6939633273833598, 'sumE': 6824.8
[57.45] [Task 97] ILP chose server: STARLINK-2116
[57.45] [Task 97] Routed STARLINK-4525 -> STARLINK-2116 | E_NET=0.000034 J | Remaining=120000.00 J
[57.451] Task 97 enqueued on CPU STARLINK-2116 qlen_enqueue=1
---> Task 98 (Type: CPU_Intensive) arriva in 57.54
--- [57.54] Task 98 using SearchNode Policy: v2_ilp_hybrid ---
[57.54] [Task 98] Entering ILP branch (v2)
[ε-constraint energy] sumE_B=1586.135432  bound=1744.748975  active=False
[ILP] res_type=dict value_preview={'stage': 'B', 'status': 'Optimal', 'primary': 'energy', 'tol': 0.1, 'opt_primary': 1586.1354316413328, 'objective_secondary': 0.16129415256035404, 'sumE': 1586
[57.54] [Task 98] ILP chose server: STARLINK-2161
[57.54] [Task 98] Routed STARLINK-4525 -> STARLINK-2161 | E_NET=0.000019 J | Remaining=120000.00 J
[57.546] Task 98 enqueued on CPU STARLINK-2161 qlen_enqueue=1
[Task 98] Task eseguito su STARLINK-2161 32.476502394150685 degrees | CPU=1586.1354J, NET=0.0000J, TOTAL=1586.1354J, Remaining=118413.86J
[57.709] Task 98 served on STARLINK-2161 qlen_enqueue_cpu=1 qlen_enqueue_net=None time_in_queue=0.000
[Task 96] Task eseguito su STARLINK-11403 [DTC] 60.37360666387156 degrees | CPU=9552.7216J, NET=0.0000J, TOTAL=9552.7216J, Remaining=61866.96J
[57.762] Task 96 served on STARLINK-11403 [DTC] qlen_enqueue_cpu=1 qlen_enqueue_net=None time_in_queue=0.000
[MODE: BIDIRECTIONAL]
[96][GREEDY] CONSEGNATO! STARLINK-11403 [DTC] -> OBS | Tramission-time: 2.050987419639132e-11
[98][GREEDY] STARLINK-2161 -> STARLINK-4525 | Tramission-time: 0.001650076731361174
[98] Energy routing consumed by STARLINK-2161: 0.000000 J (remaining 118413.86)
[MODE: BIDIRECTIONAL]
[98][GREEDY] CONSEGNATO! STARLINK-4525 -> OBS | Tramission-time: 1.733492194764552e-11
----------------------------------------------------------------------
	||TIME IN SIMULATION : (seconds:58) (minutes: 0) ||

MODIFICA CONFIGURAZIONE IN CORSO...

Aggiornato il Tempo Globale:  2025-11-20 20:56:12
[Task 97] Task eseguito su STARLINK-2116 48.13204926531947 degrees | CPU=6824.8295J, NET=0.0000J, TOTAL=6824.8295J, Remaining=111385.55J
[58.147] Task 97 served on STARLINK-2116 qlen_enqueue_cpu=1 qlen_enqueue_net=None time_in_queue=0.000
[97][GREEDY] STARLINK-2116 -> STARLINK-11403 [DTC] | Tramission-time: 0.0018804616944749853
[97] Energy routing consumed by STARLINK-2116: 0.000000 J (remaining 111385.55)
[MODE: BIDIRECTIONAL]
[97][GREEDY] CONSEGNATO! STARLINK-11403 [DTC] -> OBS | Tramission-time: 3.2497321504442095e-11
---> Task 99 (Type: CPU_Intensive) arriva in 58.65
--- [58.65] Task 99 using SearchNode Policy: v2_ilp_hybrid ---
[58.65] [Task 99] Entering ILP branch (v2)
[ε-constraint energy] sumE_B=3162.108563  bound=3478.319420  active=False
[ILP] res_type=dict value_preview={'stage': 'B', 'status': 'Optimal', 'primary': 'energy', 'tol': 0.1, 'opt_primary': 3162.108563403691, 'objective_secondary': 0.32154462410938783, 'sumE': 3162.
[58.65] [Task 99] ILP chose server: STARLINK-11403 [DTC]
[58.65] [Task 99] Routed STARLINK-4525 -> STARLINK-11403 [DTC] | E_NET=0.000025 J | Remaining=120000.00 J
[58.647] Task 99 enqueued on CPU STARLINK-11403 [DTC] qlen_enqueue=1
[Task 99] Task eseguito su STARLINK-11403 [DTC] 62.190118584627605 degrees | CPU=3162.1085J, NET=0.0000J, TOTAL=3162.1086J, Remaining=58704.85J
[58.971] Task 99 served on STARLINK-11403 [DTC] qlen_enqueue_cpu=1 qlen_enqueue_net=None time_in_queue=0.000
[MODE: BIDIRECTIONAL]
[99][GREEDY] CONSEGNATO! STARLINK-11403 [DTC] -> OBS | Tramission-time: 2.7468609057525812e-11
---> Task 100 (Type: CPU_and_Data_Intensive) arriva in 59.34
--- [59.34] Task 100 using SearchNode Policy: v2_ilp_hybrid ---
[59.34] [Task 100] Entering ILP branch (v2)
[ε-constraint energy] sumE_B=8650.302879  bound=9515.333167  active=False
[ILP] res_type=dict value_preview={'stage': 'B', 'status': 'Optimal', 'primary': 'energy', 'tol': 0.1, 'opt_primary': 8650.302878659724, 'objective_secondary': 0.881755329804369, 'sumE': 8650.30
[59.34] [Task 100] ILP chose server: STARLINK-11403 [DTC]
[59.34] [Task 100] Routed STARLINK-4525 -> STARLINK-11403 [DTC] | E_NET=0.001736 J | Remaining=120000.00 J
[59.343] Task 100 enqueued on CPU STARLINK-11403 [DTC] qlen_enqueue=1
---> Task 101 (Type: CPU_and_Data_Intensive) arriva in 59.94
--- [59.94] Task 101 using SearchNode Policy: v2_ilp_hybrid ---
[59.94] [Task 101] Entering ILP branch (v2)
[ε-constraint energy] sumE_B=427.839295  bound=470.623225  active=False
[ILP] res_type=dict value_preview={'stage': 'B', 'status': 'Optimal', 'primary': 'energy', 'tol': 0.1, 'opt_primary': 427.83929537764686, 'objective_secondary': 0.05291498391405343, 'sumE': 427.
[59.94] [Task 101] ILP chose server: STARLINK-2116
[59.94] [Task 101] Routed STARLINK-4525 -> STARLINK-2116 | E_NET=0.008983 J | Remaining=119999.99 J
[59.949] Task 101 enqueued on CPU STARLINK-2116 qlen_enqueue=1
[59.992] Task 101 enqueued on NET STARLINK-2116 qlen_enqueue_net=1
----------------------------------------------------------------------
	||TIME IN SIMULATION : (seconds:60) (minutes: 1) ||

MODIFICA CONFIGURAZIONE IN CORSO...

Aggiornato il Tempo Globale:  2025-11-20 20:56:14
[Task 101] Task eseguito su STARLINK-2116 47.4094107842976 degrees | CPU=427.8299J, NET=0.0090J, TOTAL=427.8389J, Remaining=110957.71J
[60.001] Task 101 served on STARLINK-2116 qlen_enqueue_cpu=1 qlen_enqueue_net=1 time_in_queue=0.000
[101][GREEDY] STARLINK-2116 -> STARLINK-11403 [DTC] | Tramission-time: 0.00186587822747052
[101] Energy routing consumed by STARLINK-2116: 0.000000 J (remaining 110957.71)
[MODE: BIDIRECTIONAL]
[101][GREEDY] CONSEGNATO! STARLINK-11403 [DTC] -> OBS | Tramission-time: 7.128407450783065e-09
---> Task 102 (Type: Generic_Service) arriva in 60.18
--- [60.18] Task 102 using SearchNode Policy: v2_ilp_hybrid ---
[60.18] [Task 102] Entering ILP branch (v2)
[ε-constraint energy] sumE_B=1414.769321  bound=1556.246254  active=False
[ILP] res_type=dict value_preview={'stage': 'B', 'status': 'Optimal', 'primary': 'energy', 'tol': 0.1, 'opt_primary': 1414.7693214385138, 'objective_secondary': 0.14388965390027897, 'sumE': 1414
[60.18] [Task 102] ILP chose server: STARLINK-2116
[60.18] [Task 102] Routed STARLINK-4525 -> STARLINK-2116 | E_NET=0.000038 J | Remaining=119999.99 J
[60.179] Task 102 enqueued on CPU STARLINK-2116 qlen_enqueue=1
[60.223] Task 100 enqueued on NET STARLINK-11403 [DTC] qlen_enqueue_net=1
[Task 100] Task eseguito su STARLINK-11403 [DTC] 64.05678850863228 degrees | CPU=8650.3007J, NET=0.0017J, TOTAL=8650.3024J, Remaining=50054.55J
[60.225] Task 100 served on STARLINK-11403 [DTC] qlen_enqueue_cpu=1 qlen_enqueue_net=1 time_in_queue=0.000
[MODE: BIDIRECTIONAL]
[100][GREEDY] CONSEGNATO! STARLINK-11403 [DTC] -> OBS | Tramission-time: 2.019080049801288e-09
[Task 102] Task eseguito su STARLINK-2116 47.4094107842976 degrees | CPU=1414.7693J, NET=0.0000J, TOTAL=1414.7693J, Remaining=109542.94J
[60.325] Task 102 served on STARLINK-2116 qlen_enqueue_cpu=1 qlen_enqueue_net=None time_in_queue=0.000
[102][GREEDY] STARLINK-2116 -> STARLINK-11403 [DTC] | Tramission-time: 0.0018658700445069005
[102] Energy routing consumed by STARLINK-2116: 0.000000 J (remaining 109542.94)
[MODE: BIDIRECTIONAL]
[102][GREEDY] CONSEGNATO! STARLINK-11403 [DTC] -> OBS | Tramission-time: 2.886505379680951e-11
---> Task 103 (Type: Generic_Service) arriva in 60.67
--- [60.67] Task 103 using SearchNode Policy: v2_ilp_hybrid ---
[60.67] [Task 103] Entering ILP branch (v2)
[ε-constraint energy] sumE_B=175.971115  bound=193.568226  active=False
[ILP] res_type=dict value_preview={'stage': 'B', 'status': 'Optimal', 'primary': 'energy', 'tol': 0.1, 'opt_primary': 175.9711149219016, 'objective_secondary': 0.017927726089507826, 'sumE': 175.
[60.67] [Task 103] ILP chose server: STARLINK-11403 [DTC]
[60.67] [Task 103] Routed STARLINK-4525 -> STARLINK-11403 [DTC] | E_NET=0.000030 J | Remaining=119999.99 J
[60.670] Task 103 enqueued on CPU STARLINK-11403 [DTC] qlen_enqueue=1
[Task 103] Task eseguito su STARLINK-11403 [DTC] 64.05678850863228 degrees | CPU=175.9711J, NET=0.0000J, TOTAL=175.9711J, Remaining=49878.58J
[60.690] Task 103 served on STARLINK-11403 [DTC] qlen_enqueue_cpu=1 qlen_enqueue_net=None time_in_queue=0.000
---> Task 104 (Type: CPU_and_Data_Intensive) arriva in 60.75
--- [60.75] Task 104 using SearchNode Policy: v2_ilp_hybrid ---
[60.75] [Task 104] Entering ILP branch (v2)
[ε-constraint energy] sumE_B=8978.125799  bound=9875.938379  active=False
[ILP] res_type=dict value_preview={'stage': 'B', 'status': 'Optimal', 'primary': 'energy', 'tol': 0.1, 'opt_primary': 8978.125799070453, 'objective_secondary': 0.9235313847285157, 'sumE': 8978.1
[60.75] [Task 104] ILP chose server: STARLINK-11403 [DTC]
[60.75] [Task 104] Routed STARLINK-4525 -> STARLINK-11403 [DTC] | E_NET=0.009078 J | Remaining=119999.98 J
[60.761] Task 104 enqueued on CPU STARLINK-11403 [DTC] qlen_enqueue=1
[MODE: BIDIRECTIONAL]
[103][GREEDY] CONSEGNATO! STARLINK-11403 [DTC] -> OBS | Tramission-time: 3.1652714423203933e-11
---> Task 105 (Type: Generic_Service) arriva in 60.94
--- [60.94] Task 105 using SearchNode Policy: v2_ilp_hybrid ---
[60.94] [Task 105] Entering ILP branch (v2)
[ε-constraint energy] sumE_B=2070.451743  bound=2277.496917  active=False
[ILP] res_type=dict value_preview={'stage': 'B', 'status': 'Optimal', 'primary': 'energy', 'tol': 0.1, 'opt_primary': 2070.451742639552, 'objective_secondary': 0.2105509134820178, 'sumE': 2070.4
[60.94] [Task 105] ILP chose server: STARLINK-2116
[60.94] [Task 105] Routed STARLINK-4525 -> STARLINK-2116 | E_NET=0.000032 J | Remaining=119999.98 J
[60.942] Task 105 enqueued on CPU STARLINK-2116 qlen_enqueue=1
[Task 105] Task eseguito su STARLINK-2116 47.4094107842976 degrees | CPU=2070.4517J, NET=0.0000J, TOTAL=2070.4517J, Remaining=107472.49J
[61.154] Task 105 served on STARLINK-2116 qlen_enqueue_cpu=1 qlen_enqueue_net=None time_in_queue=0.000
[105][GREEDY] STARLINK-2116 -> STARLINK-11403 [DTC] | Tramission-time: 0.0018658700433925371
[105] Energy routing consumed by STARLINK-2116: 0.000000 J (remaining 107472.49)
[MODE: BIDIRECTIONAL]
[105][GREEDY] CONSEGNATO! STARLINK-11403 [DTC] -> OBS | Tramission-time: 2.774909246774978e-11
---> Task 106 (Type: CPU_Intensive) arriva in 61.39
--- [61.39] Task 106 using SearchNode Policy: v2_ilp_hybrid ---
[61.39] [Task 106] Entering ILP branch (v2)
[ε-constraint energy] sumE_B=1612.822031  bound=1774.104234  active=False
[ILP] res_type=dict value_preview={'stage': 'B', 'status': 'Optimal', 'primary': 'energy', 'tol': 0.1, 'opt_primary': 1612.822031239193, 'objective_secondary': 0.16400893927111024, 'sumE': 1612.
[61.39] [Task 106] ILP chose server: STARLINK-2116
[61.39] [Task 106] Routed STARLINK-4525 -> STARLINK-2116 | E_NET=0.000021 J | Remaining=119999.98 J
[61.390] Task 106 enqueued on CPU STARLINK-2116 qlen_enqueue=1
[Task 106] Task eseguito su STARLINK-2116 47.4094107842976 degrees | CPU=1612.8220J, NET=0.0000J, TOTAL=1612.8220J, Remaining=105859.67J
[61.555] Task 106 served on STARLINK-2116 qlen_enqueue_cpu=1 qlen_enqueue_net=None time_in_queue=0.000
[106][GREEDY] STARLINK-2116 -> STARLINK-11403 [DTC] | Tramission-time: 0.001865870033232408
[106] Energy routing consumed by STARLINK-2116: 0.000000 J (remaining 105859.67)
[MODE: BIDIRECTIONAL]
[106][GREEDY] CONSEGNATO! STARLINK-11403 [DTC] -> OBS | Tramission-time: 1.6249209577135482e-11
[61.673] Task 104 enqueued on NET STARLINK-11403 [DTC] qlen_enqueue_net=1
[Task 104] Task eseguito su STARLINK-11403 [DTC] 64.05678850863228 degrees | CPU=8978.1151J, NET=0.0091J, TOTAL=8978.1242J, Remaining=40900.45J
[61.682] Task 104 served on STARLINK-11403 [DTC] qlen_enqueue_cpu=1 qlen_enqueue_net=1 time_in_queue=0.000
[MODE: BIDIRECTIONAL]
[104][GREEDY] CONSEGNATO! STARLINK-11403 [DTC] -> OBS | Tramission-time: 7.481530313823296e-09
----------------------------------------------------------------------
	||TIME IN SIMULATION : (seconds:62) (minutes: 1) ||

MODIFICA CONFIGURAZIONE IN CORSO...

Aggiornato il Tempo Globale:  2025-11-20 20:56:16
---> Task 107 (Type: Generic_Service) arriva in 62.21
--- [62.21] Task 107 using SearchNode Policy: v2_ilp_hybrid ---
[62.21] [Task 107] Entering ILP branch (v2)
[ε-constraint energy] sumE_B=62.429359  bound=68.672294  active=False
[ILP] res_type=dict value_preview={'stage': 'B', 'status': 'Optimal', 'primary': 'energy', 'tol': 0.1, 'opt_primary': 62.4293585413034, 'objective_secondary': 0.006381745258399231, 'sumE': 62.42
[62.21] [Task 107] ILP chose server: STARLINK-11403 [DTC]
[62.21] [Task 107] Routed STARLINK-4525 -> STARLINK-11403 [DTC] | E_NET=0.000024 J | Remaining=119999.98 J
[62.215] Task 107 enqueued on CPU STARLINK-11403 [DTC] qlen_enqueue=1
[Task 107] Task eseguito su STARLINK-11403 [DTC] 65.97027670909277 degrees | CPU=62.4293J, NET=0.0000J, TOTAL=62.4293J, Remaining=40838.02J
[62.223] Task 107 served on STARLINK-11403 [DTC] qlen_enqueue_cpu=1 qlen_enqueue_net=None time_in_queue=0.000
[MODE: BIDIRECTIONAL]
[107][GREEDY] CONSEGNATO! STARLINK-11403 [DTC] -> OBS | Tramission-time: 2.9504455369924626e-11
---> Task 108 (Type: CPU_Intensive) arriva in 62.47
--- [62.47] Task 108 using SearchNode Policy: v2_ilp_hybrid ---
[62.47] [Task 108] Entering ILP branch (v2)
[ε-constraint energy] sumE_B=3897.762358  bound=4287.538594  active=False
[ILP] res_type=dict value_preview={'stage': 'B', 'status': 'Optimal', 'primary': 'energy', 'tol': 0.1, 'opt_primary': 3897.76235815604, 'objective_secondary': 0.3963174805390536, 'sumE': 3897.76
[62.47] [Task 108] ILP chose server: STARLINK-11403 [DTC]
[62.47] [Task 108] Routed STARLINK-4525 -> STARLINK-11403 [DTC] | E_NET=0.000004 J | Remaining=119999.98 J
[62.466] Task 108 enqueued on CPU STARLINK-11403 [DTC] qlen_enqueue=1
---> Task 109 (Type: Generic_Service) arriva in 62.55
--- [62.55] Task 109 using SearchNode Policy: v2_ilp_hybrid ---
[62.55] [Task 109] Entering ILP branch (v2)
[ε-constraint energy] sumE_B=138.973124  bound=152.870437  active=False
[ILP] res_type=dict value_preview={'stage': 'B', 'status': 'Optimal', 'primary': 'energy', 'tol': 0.1, 'opt_primary': 138.9731243282985, 'objective_secondary': 0.014159940834156153, 'sumE': 138.
[62.55] [Task 109] ILP chose server: STARLINK-2116
[62.55] [Task 109] Routed STARLINK-4525 -> STARLINK-2116 | E_NET=0.000022 J | Remaining=119999.98 J
[62.555] Task 109 enqueued on CPU STARLINK-2116 qlen_enqueue=1
[Task 109] Task eseguito su STARLINK-2116 46.67586089150956 degrees | CPU=138.9731J, NET=0.0000J, TOTAL=138.9731J, Remaining=105720.70J
[62.571] Task 109 served on STARLINK-2116 qlen_enqueue_cpu=1 qlen_enqueue_net=None time_in_queue=0.000
[109][GREEDY] STARLINK-2116 -> STARLINK-11403 [DTC] | Tramission-time: 0.0018519020428919924
[109] Energy routing consumed by STARLINK-2116: 0.000000 J (remaining 105720.70)
[MODE: BIDIRECTIONAL]
[109][GREEDY] CONSEGNATO! STARLINK-11403 [DTC] -> OBS | Tramission-time: 2.3363450439625727e-11
[Task 108] Task eseguito su STARLINK-11403 [DTC] 65.97027670909277 degrees | CPU=3897.7624J, NET=0.0000J, TOTAL=3897.7624J, Remaining=36940.26J
[62.863] Task 108 served on STARLINK-11403 [DTC] qlen_enqueue_cpu=1 qlen_enqueue_net=None time_in_queue=0.000
[MODE: BIDIRECTIONAL]
[108][GREEDY] CONSEGNATO! STARLINK-11403 [DTC] -> OBS | Tramission-time: 4.024559383442361e-12
---> Task 110 (Type: Generic_Service) arriva in 63.41
--- [63.41] Task 110 using SearchNode Policy: v2_ilp_hybrid ---
[63.41] [Task 110] Entering ILP branch (v2)
[ε-constraint energy] sumE_B=478.549027  bound=526.403930  active=False
[ILP] res_type=dict value_preview={'stage': 'B', 'status': 'Optimal', 'primary': 'energy', 'tol': 0.1, 'opt_primary': 478.54902734087386, 'objective_secondary': 0.048686103164323306, 'sumE': 478
[63.41] [Task 110] ILP chose server: STARLINK-11403 [DTC]
[63.41] [Task 110] Routed STARLINK-4525 -> STARLINK-11403 [DTC] | E_NET=0.000020 J | Remaining=119999.98 J
[63.408] Task 110 enqueued on CPU STARLINK-11403 [DTC] qlen_enqueue=1
[Task 110] Task eseguito su STARLINK-11403 [DTC] 65.97027670909277 degrees | CPU=478.5490J, NET=0.0000J, TOTAL=478.5490J, Remaining=36461.71J
[63.458] Task 110 served on STARLINK-11403 [DTC] qlen_enqueue_cpu=1 qlen_enqueue_net=None time_in_queue=0.000
[MODE: BIDIRECTIONAL]
[110][GREEDY] CONSEGNATO! STARLINK-11403 [DTC] -> OBS | Tramission-time: 2.4824517365140633e-11
---> Task 111 (Type: Generic_Service) arriva in 63.48
--- [63.48] Task 111 using SearchNode Policy: v2_ilp_hybrid ---
[63.48] [Task 111] Entering ILP branch (v2)
[ε-constraint energy] sumE_B=153.182840  bound=168.501124  active=False
[ILP] res_type=dict value_preview={'stage': 'B', 'status': 'Optimal', 'primary': 'energy', 'tol': 0.1, 'opt_primary': 153.18283984253392, 'objective_secondary': 0.015597498206902899, 'sumE': 153
[63.48] [Task 111] ILP chose server: STARLINK-11403 [DTC]
[63.48] [Task 111] Routed STARLINK-4525 -> STARLINK-11403 [DTC] | E_NET=0.000016 J | Remaining=119999.98 J
[63.479] Task 111 enqueued on CPU STARLINK-11403 [DTC] qlen_enqueue=1
[Task 111] Task eseguito su STARLINK-11403 [DTC] 65.97027670909277 degrees | CPU=153.1828J, NET=0.0000J, TOTAL=153.1828J, Remaining=36308.53J
[63.496] Task 111 served on STARLINK-11403 [DTC] qlen_enqueue_cpu=1 qlen_enqueue_net=None time_in_queue=0.000
[MODE: BIDIRECTIONAL]
[111][GREEDY] CONSEGNATO! STARLINK-11403 [DTC] -> OBS | Tramission-time: 2.05054189693381e-11
---> Task 112 (Type: CPU_Intensive) arriva in 63.59
--- [63.59] Task 112 using SearchNode Policy: v2_ilp_hybrid ---
[63.59] [Task 112] Entering ILP branch (v2)
[ε-constraint energy] sumE_B=208.356597  bound=229.192256  active=False
[ILP] res_type=dict value_preview={'stage': 'B', 'status': 'Optimal', 'primary': 'energy', 'tol': 0.1, 'opt_primary': 208.35659669129853, 'objective_secondary': 0.021195152195417292, 'sumE': 208
[63.59] [Task 112] ILP chose server: STARLINK-11403 [DTC]
[63.59] [Task 112] Routed STARLINK-4525 -> STARLINK-11403 [DTC] | E_NET=0.000007 J | Remaining=119999.98 J
[63.592] Task 112 enqueued on CPU STARLINK-11403 [DTC] qlen_enqueue=1
[Task 112] Task eseguito su STARLINK-11403 [DTC] 65.97027670909277 degrees | CPU=208.3566J, NET=0.0000J, TOTAL=208.3566J, Remaining=36100.17J
[63.614] Task 112 served on STARLINK-11403 [DTC] qlen_enqueue_cpu=1 qlen_enqueue_net=None time_in_queue=0.000
[MODE: BIDIRECTIONAL]
[112][GREEDY] CONSEGNATO! STARLINK-11403 [DTC] -> OBS | Tramission-time: 9.22587699447759e-12
----------------------------------------------------------------------
	||TIME IN SIMULATION : (seconds:64) (minutes: 1) ||

MODIFICA CONFIGURAZIONE IN CORSO...

Aggiornato il Tempo Globale:  2025-11-20 20:56:18
---> Task 113 (Type: Generic_Service) arriva in 64.16
--- [64.16] Task 113 using SearchNode Policy: v2_ilp_hybrid ---
[64.16] [Task 113] Entering ILP branch (v2)
[ε-constraint energy] sumE_B=65.922571  bound=72.514828  active=False
[ILP] res_type=dict value_preview={'stage': 'B', 'status': 'Optimal', 'primary': 'energy', 'tol': 0.1, 'opt_primary': 65.92257134473125, 'objective_secondary': 0.006743106319652382, 'sumE': 65.9
[64.16] [Task 113] ILP chose server: STARLINK-11403 [DTC]
[64.16] [Task 113] Routed STARLINK-4525 -> STARLINK-11403 [DTC] | E_NET=0.000028 J | Remaining=119999.98 J
[64.163] Task 113 enqueued on CPU STARLINK-11403 [DTC] qlen_enqueue=1
[Task 113] Task eseguito su STARLINK-11403 [DTC] 67.92584653300213 degrees | CPU=65.9225J, NET=0.0000J, TOTAL=65.9226J, Remaining=36034.25J
[64.173] Task 113 served on STARLINK-11403 [DTC] qlen_enqueue_cpu=1 qlen_enqueue_net=None time_in_queue=0.000
[MODE: BIDIRECTIONAL]
[113][GREEDY] CONSEGNATO! STARLINK-11403 [DTC] -> OBS | Tramission-time: 3.7831700482472375e-11
---> Task 114 (Type: CPU_Intensive) arriva in 64.50
--- [64.50] Task 114 using SearchNode Policy: v2_ilp_hybrid ---
[64.50] [Task 114] Entering ILP branch (v2)
[ε-constraint energy] sumE_B=3732.229846  bound=4105.452831  active=False
[ILP] res_type=dict value_preview={'stage': 'B', 'status': 'Optimal', 'primary': 'energy', 'tol': 0.1, 'opt_primary': 3732.229846151529, 'objective_secondary': 0.37952025202669026, 'sumE': 3732.
[64.50] [Task 114] ILP chose server: STARLINK-11403 [DTC]
[64.50] [Task 114] Routed STARLINK-4525 -> STARLINK-11403 [DTC] | E_NET=0.000028 J | Remaining=119999.98 J
[64.497] Task 114 enqueued on CPU STARLINK-11403 [DTC] qlen_enqueue=1
[Task 114] Task eseguito su STARLINK-11403 [DTC] 67.92584653300213 degrees | CPU=3732.2298J, NET=0.0000J, TOTAL=3732.2298J, Remaining=32302.02J
[64.879] Task 114 served on STARLINK-11403 [DTC] qlen_enqueue_cpu=1 qlen_enqueue_net=None time_in_queue=0.000
---> Task 115 (Type: Generic_Service) arriva in 64.96
--- [64.96] Task 115 using SearchNode Policy: v2_ilp_hybrid ---
[64.96] [Task 115] Entering ILP branch (v2)
[ε-constraint energy] sumE_B=318.554493  bound=350.409942  active=False
[ILP] res_type=dict value_preview={'stage': 'B', 'status': 'Optimal', 'primary': 'energy', 'tol': 0.1, 'opt_primary': 318.55449251975665, 'objective_secondary': 0.03241122449954433, 'sumE': 318.
[64.96] [Task 115] ILP chose server: STARLINK-11403 [DTC]
[64.96] [Task 115] Routed STARLINK-4525 -> STARLINK-11403 [DTC] | E_NET=0.000015 J | Remaining=119999.98 J
[64.965] Task 115 enqueued on CPU STARLINK-11403 [DTC] qlen_enqueue=1
[MODE: BIDIRECTIONAL]
[114][GREEDY] CONSEGNATO! STARLINK-11403 [DTC] -> OBS | Tramission-time: 3.680940064659263e-11
[Task 115] Task eseguito su STARLINK-11403 [DTC] 67.92584653300213 degrees | CPU=318.5545J, NET=0.0000J, TOTAL=318.5545J, Remaining=31983.47J
[64.999] Task 115 served on STARLINK-11403 [DTC] qlen_enqueue_cpu=1 qlen_enqueue_net=None time_in_queue=0.000
[MODE: BIDIRECTIONAL]
[115][GREEDY] CONSEGNATO! STARLINK-11403 [DTC] -> OBS | Tramission-time: 1.4685149743310532e-11
----------------------------------------------------------------------
	||TIME IN SIMULATION : (seconds:66) (minutes: 1) ||

MODIFICA CONFIGURAZIONE IN CORSO...

Aggiornato il Tempo Globale:  2025-11-20 20:56:20
----------------------------------------------------------------------
	||TIME IN SIMULATION : (seconds:68) (minutes: 1) ||

MODIFICA CONFIGURAZIONE IN CORSO...

Aggiornato il Tempo Globale:  2025-11-20 20:56:22
---> Task 116 (Type: CPU_Intensive) arriva in 69.38
--- [69.38] Task 116 using SearchNode Policy: v2_ilp_hybrid ---
[69.38] [Task 116] Entering ILP branch (v2)
[ε-constraint energy] sumE_B=1596.667110  bound=1756.333821  active=False
[ILP] res_type=dict value_preview={'stage': 'B', 'status': 'Optimal', 'primary': 'energy', 'tol': 0.1, 'opt_primary': 1596.6671103046142, 'objective_secondary': 0.16235383451418087, 'sumE': 1596
[69.38] [Task 116] ILP chose server: STARLINK-11403 [DTC]
[69.38] [Task 116] Routed STARLINK-4525 -> STARLINK-11403 [DTC] | E_NET=0.000008 J | Remaining=119999.98 J
[69.386] Task 116 enqueued on CPU STARLINK-11403 [DTC] qlen_enqueue=1
[Task 116] Task eseguito su STARLINK-11403 [DTC] 71.93418450696649 degrees | CPU=1596.6671J, NET=0.0000J, TOTAL=1596.6671J, Remaining=30386.80J
[69.549] Task 116 served on STARLINK-11403 [DTC] qlen_enqueue_cpu=1 qlen_enqueue_net=None time_in_queue=0.000
[MODE: BIDIRECTIONAL]
[116][GREEDY] CONSEGNATO! STARLINK-11403 [DTC] -> OBS | Tramission-time: 8.095080114246789e-12
---> Task 117 (Type: CPU_Intensive) arriva in 70.00
--- [70.00] Task 117 using SearchNode Policy: v2_ilp_hybrid ---
[70.00] [Task 117] Entering ILP branch (v2)
[ε-constraint energy] sumE_B=747.164266  bound=821.880693  active=False
[ILP] res_type=dict value_preview={'stage': 'B', 'status': 'Optimal', 'primary': 'energy', 'tol': 0.1, 'opt_primary': 747.1642660701386, 'objective_secondary': 0.076004684820994, 'sumE': 747.164
[70.00] [Task 117] ILP chose server: STARLINK-11403 [DTC]
[70.00] [Task 117] Routed STARLINK-4525 -> STARLINK-11403 [DTC] | E_NET=0.000028 J | Remaining=119999.98 J
[69.998] Task 117 enqueued on CPU STARLINK-11403 [DTC] qlen_enqueue=1
----------------------------------------------------------------------
	||TIME IN SIMULATION : (seconds:70) (minutes: 1) ||

MODIFICA CONFIGURAZIONE IN CORSO...

Aggiornato il Tempo Globale:  2025-11-20 20:56:24
[Task 117] Task eseguito su STARLINK-11403 [DTC] 73.96457322412445 degrees | CPU=747.1642J, NET=0.0000J, TOTAL=747.1643J, Remaining=29639.63J
[70.076] Task 117 served on STARLINK-11403 [DTC] qlen_enqueue_cpu=1 qlen_enqueue_net=None time_in_queue=0.000
[MODE: BIDIRECTIONAL]
[117][GREEDY] CONSEGNATO! STARLINK-11403 [DTC] -> OBS | Tramission-time: 2.4598355145191176e-11
---> Task 118 (Type: Generic_Service) arriva in 70.47
--- [70.47] Task 118 using SearchNode Policy: v2_ilp_hybrid ---
[70.47] [Task 118] Entering ILP branch (v2)
[ε-constraint energy] sumE_B=301.579159  bound=331.737075  active=False
[ILP] res_type=dict value_preview={'stage': 'B', 'status': 'Optimal', 'primary': 'energy', 'tol': 0.1, 'opt_primary': 301.5791591788634, 'objective_secondary': 0.030683231052398542, 'sumE': 301.
[70.47] [Task 118] ILP chose server: STARLINK-11403 [DTC]
[70.47] [Task 118] Routed STARLINK-4525 -> STARLINK-11403 [DTC] | E_NET=0.000014 J | Remaining=119999.98 J
[70.471] Task 118 enqueued on CPU STARLINK-11403 [DTC] qlen_enqueue=1
[Task 118] Task eseguito su STARLINK-11403 [DTC] 73.96457322412445 degrees | CPU=301.5791J, NET=0.0000J, TOTAL=301.5792J, Remaining=29338.06J
[70.503] Task 118 served on STARLINK-11403 [DTC] qlen_enqueue_cpu=1 qlen_enqueue_net=None time_in_queue=0.000
[MODE: BIDIRECTIONAL]
[118][GREEDY] CONSEGNATO! STARLINK-11403 [DTC] -> OBS | Tramission-time: 1.459605976031e-11
---> Task 119 (Type: CPU_and_Data_Intensive) arriva in 70.71
--- [70.71] Task 119 using SearchNode Policy: v2_ilp_hybrid ---
[70.71] [Task 119] Entering ILP branch (v2)
[ε-constraint energy] sumE_B=1328.602723  bound=1461.462995  active=False
[ILP] res_type=dict value_preview={'stage': 'B', 'status': 'Optimal', 'primary': 'energy', 'tol': 0.1, 'opt_primary': 1328.6027231240837, 'objective_secondary': 0.13545765422893413, 'sumE': 1328
[70.71] [Task 119] ILP chose server: STARLINK-11403 [DTC]
[70.71] [Task 119] Routed STARLINK-4525 -> STARLINK-11403 [DTC] | E_NET=0.000255 J | Remaining=119999.98 J
[70.714] Task 119 enqueued on CPU STARLINK-11403 [DTC] qlen_enqueue=1
---> Task 120 (Type: CPU_Intensive) arriva in 70.75
--- [70.75] Task 120 using SearchNode Policy: v2_ilp_hybrid ---
[70.75] [Task 120] Entering ILP branch (v2)
[ε-constraint energy] sumE_B=144.083964  bound=158.492361  active=False
[ILP] res_type=dict value_preview={'stage': 'B', 'status': 'Optimal', 'primary': 'energy', 'tol': 0.1, 'opt_primary': 144.0839642428054, 'objective_secondary': 0.01468474841284624, 'sumE': 144.0
[70.75] [Task 120] ILP chose server: STARLINK-2116
[70.75] [Task 120] Routed STARLINK-4525 -> STARLINK-2116 | E_NET=0.000028 J | Remaining=119999.98 J
[70.756] Task 120 enqueued on CPU STARLINK-2116 qlen_enqueue=1
[Task 120] Task eseguito su STARLINK-2116 43.68742718481416 degrees | CPU=144.0839J, NET=0.0000J, TOTAL=144.0840J, Remaining=105576.61J
[70.772] Task 120 served on STARLINK-2116 qlen_enqueue_cpu=1 qlen_enqueue_net=None time_in_queue=0.000
[120][GREEDY] STARLINK-2116 -> STARLINK-11403 [DTC] | Tramission-time: 0.0018025522385427056
[120] Energy routing consumed by STARLINK-2116: 0.000000 J (remaining 105576.61)
[MODE: BIDIRECTIONAL]
[120][GREEDY] CONSEGNATO! STARLINK-11403 [DTC] -> OBS | Tramission-time: 2.3206338965540305e-11
[70.849] Task 119 enqueued on NET STARLINK-11403 [DTC] qlen_enqueue_net=1
[Task 119] Task eseguito su STARLINK-11403 [DTC] 73.96457322412445 degrees | CPU=1328.6024J, NET=0.0003J, TOTAL=1328.6026J, Remaining=28009.45J
[70.849] Task 119 served on STARLINK-11403 [DTC] qlen_enqueue_cpu=1 qlen_enqueue_net=1 time_in_queue=0.000
[MODE: BIDIRECTIONAL]
[119][GREEDY] CONSEGNATO! STARLINK-11403 [DTC] -> OBS | Tramission-time: 2.711634575693798e-10
---> Task 121 (Type: Generic_Service) arriva in 71.17
--- [71.17] Task 121 using SearchNode Policy: v2_ilp_hybrid ---
[71.17] [Task 121] Entering ILP branch (v2)
[ε-constraint energy] sumE_B=441.088200  bound=485.197020  active=False
[ILP] res_type=dict value_preview={'stage': 'B', 'status': 'Optimal', 'primary': 'energy', 'tol': 0.1, 'opt_primary': 441.08819991191996, 'objective_secondary': 0.04485995930450831, 'sumE': 441.
[71.17] [Task 121] ILP chose server: STARLINK-11403 [DTC]
[71.17] [Task 121] Routed STARLINK-4525 -> STARLINK-11403 [DTC] | E_NET=0.000008 J | Remaining=119999.98 J
[71.171] Task 121 enqueued on CPU STARLINK-11403 [DTC] qlen_enqueue=1
[Task 121] Task eseguito su STARLINK-11403 [DTC] 73.96457322412445 degrees | CPU=441.0882J, NET=0.0000J, TOTAL=441.0882J, Remaining=27568.37J
[71.217] Task 121 served on STARLINK-11403 [DTC] qlen_enqueue_cpu=1 qlen_enqueue_net=None time_in_queue=0.000
[MODE: BIDIRECTIONAL]
[121][GREEDY] CONSEGNATO! STARLINK-11403 [DTC] -> OBS | Tramission-time: 8.18290798357443e-12
---> Task 122 (Type: Generic_Service) arriva in 71.54
--- [71.54] Task 122 using SearchNode Policy: v2_ilp_hybrid ---
[71.54] [Task 122] Entering ILP branch (v2)
[ε-constraint energy] sumE_B=541.308655  bound=595.439520  active=False
[ILP] res_type=dict value_preview={'stage': 'B', 'status': 'Optimal', 'primary': 'energy', 'tol': 0.1, 'opt_primary': 541.3086549150593, 'objective_secondary': 0.05505059749021831, 'sumE': 541.3
[71.54] [Task 122] ILP chose server: STARLINK-11403 [DTC]
[71.54] [Task 122] Routed STARLINK-4525 -> STARLINK-11403 [DTC] | E_NET=0.000008 J | Remaining=119999.98 J
[71.546] Task 122 enqueued on CPU STARLINK-11403 [DTC] qlen_enqueue=1
[Task 122] Task eseguito su STARLINK-11403 [DTC] 73.96457322412445 degrees | CPU=541.3086J, NET=0.0000J, TOTAL=541.3087J, Remaining=27027.06J
[71.602] Task 122 served on STARLINK-11403 [DTC] qlen_enqueue_cpu=1 qlen_enqueue_net=None time_in_queue=0.000
[MODE: BIDIRECTIONAL]
[122][GREEDY] CONSEGNATO! STARLINK-11403 [DTC] -> OBS | Tramission-time: 9.416771293719042e-12
----------------------------------------------------------------------
	||TIME IN SIMULATION : (seconds:72) (minutes: 1) ||

MODIFICA CONFIGURAZIONE IN CORSO...

Aggiornato il Tempo Globale:  2025-11-20 20:56:26
----------------------------------------------------------------------
	||TIME IN SIMULATION : (seconds:74) (minutes: 1) ||

MODIFICA CONFIGURAZIONE IN CORSO...

Aggiornato il Tempo Globale:  2025-11-20 20:56:28
---> Task 123 (Type: CPU_Intensive) arriva in 74.25
--- [74.25] Task 123 using SearchNode Policy: v2_ilp_hybrid ---
[74.25] [Task 123] Entering ILP branch (v2)
[ε-constraint energy] sumE_B=839.594874  bound=923.554361  active=False
[ILP] res_type=dict value_preview={'stage': 'B', 'status': 'Optimal', 'primary': 'energy', 'tol': 0.1, 'opt_primary': 839.5948735646189, 'objective_secondary': 0.08540198048724257, 'sumE': 839.5
[74.25] [Task 123] ILP chose server: STARLINK-31763
[74.25] [Task 123] Routed STARLINK-6195 -> STARLINK-31763 | E_NET=0.000028 J | Remaining=120000.00 J
[74.252] Task 123 enqueued on CPU STARLINK-31763 qlen_enqueue=1
[Task 123] Task eseguito su STARLINK-31763 26.057210297884204 degrees | CPU=839.5948J, NET=0.0000J, TOTAL=839.5949J, Remaining=119160.41J
[74.340] Task 123 served on STARLINK-31763 qlen_enqueue_cpu=1 qlen_enqueue_net=None time_in_queue=0.000
---> Task 124 (Type: CPU_and_Data_Intensive) arriva in 74.38
--- [74.38] Task 124 using SearchNode Policy: v2_ilp_hybrid ---
[74.38] [Task 124] Entering ILP branch (v2)
[ε-constraint energy] sumE_B=808.221620  bound=889.043783  active=False
[ILP] res_type=dict value_preview={'stage': 'B', 'status': 'Optimal', 'primary': 'energy', 'tol': 0.1, 'opt_primary': 808.2216204815695, 'objective_secondary': 0.0855372881999311, 'sumE': 808.22
[74.38] [Task 124] ILP chose server: STARLINK-31763
[74.38] [Task 124] Routed STARLINK-6195 -> STARLINK-31763 | E_NET=0.002670 J | Remaining=120000.00 J
[123][GREEDY] STARLINK-31763 -> STARLINK-32654 | Tramission-time: 0.0020059552847587515
[123] Energy routing consumed by STARLINK-31763: 0.000000 J (remaining 119160.41)
[74.380] Task 124 enqueued on CPU STARLINK-31763 qlen_enqueue=1
[74.462] Task 124 enqueued on NET STARLINK-31763 qlen_enqueue_net=1
[Task 124] Task eseguito su STARLINK-31763 26.057210297884204 degrees | CPU=808.2183J, NET=0.0027J, TOTAL=808.2209J, Remaining=118352.18J
[74.465] Task 124 served on STARLINK-31763 qlen_enqueue_cpu=1 qlen_enqueue_net=1 time_in_queue=0.000
[MODE: BIDIRECTIONAL]
[123][GREEDY] CONSEGNATO! STARLINK-32654 -> OBS | Tramission-time: 2.923434221451225e-11
[124][GREEDY] STARLINK-31763 -> STARLINK-32654 | Tramission-time: 0.002005958120974656
[124] Energy routing consumed by STARLINK-31763: 0.000000 J (remaining 118352.18)
---> Task 125 (Type: Generic_Service) arriva in 74.49
--- [74.49] Task 125 using SearchNode Policy: v2_ilp_hybrid ---
[74.49] [Task 125] Entering ILP branch (v2)
[ε-constraint energy] sumE_B=26.650479  bound=29.315527  active=False
[ILP] res_type=dict value_preview={'stage': 'B', 'status': 'Optimal', 'primary': 'energy', 'tol': 0.1, 'opt_primary': 26.650479019586783, 'objective_secondary': 0.0027197202620433255, 'sumE': 26
[74.49] [Task 125] ILP chose server: STARLINK-31763
[74.49] [Task 125] Routed STARLINK-6195 -> STARLINK-31763 | E_NET=0.000008 J | Remaining=120000.00 J
[74.489] Task 125 enqueued on CPU STARLINK-31763 qlen_enqueue=1
[Task 125] Task eseguito su STARLINK-31763 26.057210297884204 degrees | CPU=26.6505J, NET=0.0000J, TOTAL=26.6505J, Remaining=118325.53J
[74.492] Task 125 served on STARLINK-31763 qlen_enqueue_cpu=1 qlen_enqueue_net=None time_in_queue=0.000
[MODE: BIDIRECTIONAL]
[124][GREEDY] CONSEGNATO! STARLINK-32654 -> OBS | Tramission-time: 2.74715355148893e-09
[125][GREEDY] STARLINK-31763 -> STARLINK-32654 | Tramission-time: 0.0020059552691508668
[125] Energy routing consumed by STARLINK-31763: 0.000000 J (remaining 118325.53)
[MODE: BIDIRECTIONAL]
[125][GREEDY] CONSEGNATO! STARLINK-32654 -> OBS | Tramission-time: 9.177820129023712e-12
----------------------------------------------------------------------
	||TIME IN SIMULATION : (seconds:76) (minutes: 1) ||

MODIFICA CONFIGURAZIONE IN CORSO...

Aggiornato il Tempo Globale:  2025-11-20 20:56:30
---> Task 126 (Type: Generic_Service) arriva in 76.59
--- [76.59] Task 126 using SearchNode Policy: v2_ilp_hybrid ---
[76.59] [Task 126] Entering ILP branch (v2)
[ε-constraint energy] sumE_B=355.024485  bound=390.526934  active=False
[ILP] res_type=dict value_preview={'stage': 'B', 'status': 'Optimal', 'primary': 'energy', 'tol': 0.1, 'opt_primary': 355.0244851324083, 'objective_secondary': 0.03611939967394036, 'sumE': 355.0
[76.59] [Task 126] ILP chose server: STARLINK-31763
[76.59] [Task 126] Routed STARLINK-6195 -> STARLINK-31763 | E_NET=0.000018 J | Remaining=120000.00 J
[76.596] Task 126 enqueued on CPU STARLINK-31763 qlen_enqueue=1
[Task 126] Task eseguito su STARLINK-31763 26.522209067942786 degrees | CPU=355.0245J, NET=0.0000J, TOTAL=355.0245J, Remaining=117970.51J
[76.634] Task 126 served on STARLINK-31763 qlen_enqueue_cpu=1 qlen_enqueue_net=None time_in_queue=0.000
[126][GREEDY] STARLINK-31763 -> STARLINK-32654 | Tramission-time: 0.0019972636030391616
[126] Energy routing consumed by STARLINK-31763: 0.000000 J (remaining 117970.51)
[MODE: BIDIRECTIONAL]
[126][GREEDY] CONSEGNATO! STARLINK-32654 -> OBS | Tramission-time: 1.4523183638604645e-11
---> Task 127 (Type: Generic_Service) arriva in 77.28
--- [77.28] Task 127 using SearchNode Policy: v2_ilp_hybrid ---
[77.28] [Task 127] Entering ILP branch (v2)
[ε-constraint energy] sumE_B=471.466806  bound=518.613487  active=False
[ILP] res_type=dict value_preview={'stage': 'B', 'status': 'Optimal', 'primary': 'energy', 'tol': 0.1, 'opt_primary': 471.4668062675554, 'objective_secondary': 0.04794320971309722, 'sumE': 471.4
[77.28] [Task 127] ILP chose server: STARLINK-31763
[77.28] [Task 127] Routed STARLINK-6195 -> STARLINK-31763 | E_NET=0.000005 J | Remaining=120000.00 J
[77.284] Task 127 enqueued on CPU STARLINK-31763 qlen_enqueue=1
---> Task 128 (Type: CPU_Intensive) arriva in 77.31
--- [77.31] Task 128 using SearchNode Policy: v2_ilp_hybrid ---
[77.31] [Task 128] Entering ILP branch (v2)
[ε-constraint energy] sumE_B=1590.123169  bound=1749.135486  active=False
[ILP] res_type=dict value_preview={'stage': 'B', 'status': 'Optimal', 'primary': 'energy', 'tol': 0.1, 'opt_primary': 1590.123168794807, 'objective_secondary': 0.1616921953048923, 'sumE': 1590.1
[77.31] [Task 128] ILP chose server: STARLINK-31751
[77.31] [Task 128] Routed STARLINK-6195 -> STARLINK-31751 | E_NET=0.000013 J | Remaining=120000.00 J
[77.309] Task 128 enqueued on CPU STARLINK-31751 qlen_enqueue=1
---> Task 129 (Type: CPU_and_Data_Intensive) arriva in 77.32
--- [77.32] Task 129 using SearchNode Policy: v2_ilp_hybrid ---
[77.32] [Task 129] Entering ILP branch (v2)
[ε-constraint energy] sumE_B=100.076626  bound=110.084289  active=False
[ILP] res_type=dict value_preview={'stage': 'B', 'status': 'Optimal', 'primary': 'energy', 'tol': 0.1, 'opt_primary': 100.07662600034816, 'objective_secondary': 0.011185384869647813, 'sumE': 100
[77.32] [Task 129] ILP chose server: STARLINK-31702
[77.32] [Task 129] Routed STARLINK-6195 -> STARLINK-31702 | E_NET=0.000787 J | Remaining=120000.00 J
---> Task 130 (Type: Generic_Service) arriva in 77.32
--- [77.32] Task 130 using SearchNode Policy: v2_ilp_hybrid ---
[77.32] [Task 130] Entering ILP branch (v2)
[ε-constraint energy] sumE_B=1592.971819  bound=1752.269000  active=False
[ILP] res_type=dict value_preview={'stage': 'B', 'status': 'Optimal', 'primary': 'energy', 'tol': 0.1, 'opt_primary': 1592.9718185572829, 'objective_secondary': 0.1620085175920933, 'sumE': 1592.
[77.32] [Task 130] ILP chose server: STARLINK-31702
[77.32] [Task 130] Routed STARLINK-6195 -> STARLINK-31702 | E_NET=0.000031 J | Remaining=120000.00 J
[77.325] Task 129 enqueued on CPU STARLINK-31702 qlen_enqueue=1
[77.326] Task 130 enqueued on CPU STARLINK-31702 qlen_enqueue=2
[Task 127] Task eseguito su STARLINK-31763 26.522209067942786 degrees | CPU=471.4668J, NET=0.0000J, TOTAL=471.4668J, Remaining=117499.04J
[77.332] Task 127 served on STARLINK-31763 qlen_enqueue_cpu=1 qlen_enqueue_net=None time_in_queue=0.000
[77.335] Task 129 enqueued on NET STARLINK-31702 qlen_enqueue_net=1
[Task 129] Task eseguito su STARLINK-31702 28.521257119916232 degrees | CPU=100.0756J, NET=0.0008J, TOTAL=100.0764J, Remaining=119899.92J
[77.336] Task 129 served on STARLINK-31702 qlen_enqueue_cpu=1 qlen_enqueue_net=1 time_in_queue=0.000
[129][GREEDY] STARLINK-31702 -> STARLINK-31220 | Tramission-time: 0.002190540544298361
[129] Energy routing consumed by STARLINK-31702: 0.000000 J (remaining 119899.92)
[127][GREEDY] STARLINK-31763 -> STARLINK-32654 | Tramission-time: 0.0019972635910382552
[127] Energy routing consumed by STARLINK-31763: 0.000000 J (remaining 117499.04)
[Task 128] Task eseguito su STARLINK-31751 47.5886482494608 degrees | CPU=1590.1232J, NET=0.0000J, TOTAL=1590.1232J, Remaining=86452.64J
[77.471] Task 128 served on STARLINK-31751 qlen_enqueue_cpu=1 qlen_enqueue_net=None time_in_queue=0.000
[128][GREEDY] STARLINK-31751 -> STARLINK-11403 [DTC] | Tramission-time: 0.0015860781546224321
[128] Energy routing consumed by STARLINK-31751: 0.000000 J (remaining 86452.64)
[Task 130] Task eseguito su STARLINK-31702 28.521257119916232 degrees | CPU=1592.9718J, NET=0.0000J, TOTAL=1592.9718J, Remaining=118306.95J
[77.491] Task 130 served on STARLINK-31702 qlen_enqueue_cpu=2 qlen_enqueue_net=None time_in_queue=0.000
[MODE: BIDIRECTIONAL]
[127][GREEDY] CONSEGNATO! STARLINK-32654 -> OBS | Tramission-time: 5.571228164173452e-12
[MODE: BIDIRECTIONAL]
[129][GREEDY] CONSEGNATO! STARLINK-31220 -> OBS | Tramission-time: 8.005180894571688e-10
[130][GREEDY] STARLINK-31702 -> STARLINK-31220 | Tramission-time: 0.0021905398751505697
[130] Energy routing consumed by STARLINK-31702: 0.000000 J (remaining 118306.95)
[MODE: BIDIRECTIONAL]
[128][GREEDY] CONSEGNATO! STARLINK-11403 [DTC] -> OBS | Tramission-time: 9.996211645700528e-12
[MODE: BIDIRECTIONAL]
[130][GREEDY] CONSEGNATO! STARLINK-31220 -> OBS | Tramission-time: 2.734719362351598e-11
----------------------------------------------------------------------
	||TIME IN SIMULATION : (seconds:78) (minutes: 1) ||

MODIFICA CONFIGURAZIONE IN CORSO...

Aggiornato il Tempo Globale:  2025-11-20 20:56:32
---> Task 131 (Type: CPU_Intensive) arriva in 78.16
--- [78.16] Task 131 using SearchNode Policy: v2_ilp_hybrid ---
[78.16] [Task 131] Entering ILP branch (v2)
[ε-constraint energy] sumE_B=5509.693064  bound=6060.662371  active=False
[ILP] res_type=dict value_preview={'stage': 'B', 'status': 'Optimal', 'primary': 'energy', 'tol': 0.1, 'opt_primary': 5509.693064489969, 'objective_secondary': 0.5602236577256893, 'sumE': 5509.6
[78.16] [Task 131] ILP chose server: STARLINK-31763
[78.16] [Task 131] Routed STARLINK-6195 -> STARLINK-31763 | E_NET=0.000011 J | Remaining=120000.00 J
[78.166] Task 131 enqueued on CPU STARLINK-31763 qlen_enqueue=1
---> Task 132 (Type: Generic_Service) arriva in 78.65
--- [78.65] Task 132 using SearchNode Policy: v2_ilp_hybrid ---
[78.65] [Task 132] Entering ILP branch (v2)
[ε-constraint energy] sumE_B=1198.061550  bound=1317.867704  active=False
[ILP] res_type=dict value_preview={'stage': 'B', 'status': 'Optimal', 'primary': 'energy', 'tol': 0.1, 'opt_primary': 1198.0615495010431, 'objective_secondary': 0.12182622452008408, 'sumE': 1198
[78.65] [Task 132] ILP chose server: STARLINK-31751
[78.65] [Task 132] Routed STARLINK-6195 -> STARLINK-31751 | E_NET=0.000011 J | Remaining=120000.00 J
[78.656] Task 132 enqueued on CPU STARLINK-31751 qlen_enqueue=1
[Task 131] Task eseguito su STARLINK-31763 26.997049546673413 degrees | CPU=5509.6930J, NET=0.0000J, TOTAL=5509.6931J, Remaining=111989.35J
[78.727] Task 131 served on STARLINK-31763 qlen_enqueue_cpu=1 qlen_enqueue_net=None time_in_queue=0.000
[Task 132] Task eseguito su STARLINK-31751 47.219283080739956 degrees | CPU=1198.0615J, NET=0.0000J, TOTAL=1198.0615J, Remaining=85254.58J
[78.779] Task 132 served on STARLINK-31751 qlen_enqueue_cpu=1 qlen_enqueue_net=None time_in_queue=0.000
[132][GREEDY] STARLINK-31751 -> STARLINK-11403 [DTC] | Tramission-time: 0.0016121809279989287
[132] Energy routing consumed by STARLINK-31751: 0.000000 J (remaining 85254.58)
[131][GREEDY] STARLINK-31763 -> STARLINK-32654 | Tramission-time: 0.0019890149594504426
[131] Energy routing consumed by STARLINK-31763: 0.000000 J (remaining 111989.35)
[MODE: BIDIRECTIONAL]
[132][GREEDY] CONSEGNATO! STARLINK-11403 [DTC] -> OBS | Tramission-time: 7.636594949428264e-12
[MODE: BIDIRECTIONAL]
[131][GREEDY] CONSEGNATO! STARLINK-32654 -> OBS | Tramission-time: 1.3628636367346555e-11
---> Task 133 (Type: CPU_and_Data_Intensive) arriva in 79.17
--- [79.17] Task 133 using SearchNode Policy: v2_ilp_hybrid ---
[79.17] [Task 133] Entering ILP branch (v2)
[ε-constraint energy] sumE_B=15429.919064  bound=16972.910971  active=False
[ILP] res_type=dict value_preview={'stage': 'B', 'status': 'Optimal', 'primary': 'energy', 'tol': 0.1, 'opt_primary': 15429.919064452346, 'objective_secondary': 1.578832400467688, 'sumE': 15429.
[79.17] [Task 133] ILP chose server: STARLINK-31763
[79.17] [Task 133] Routed STARLINK-6195 -> STARLINK-31763 | E_NET=0.007111 J | Remaining=119999.99 J
[79.180] Task 133 enqueued on CPU STARLINK-31763 qlen_enqueue=1
---> Task 134 (Type: CPU_and_Data_Intensive) arriva in 79.55
--- [79.55] Task 134 using SearchNode Policy: v2_ilp_hybrid ---
[79.55] [Task 134] Entering ILP branch (v2)
[ε-constraint energy] sumE_B=363.486222  bound=399.834844  active=False
[ILP] res_type=dict value_preview={'stage': 'B', 'status': 'Optimal', 'primary': 'energy', 'tol': 0.1, 'opt_primary': 363.4862217862623, 'objective_secondary': 0.03798768420396139, 'sumE': 363.4
[79.55] [Task 134] ILP chose server: STARLINK-31751
[79.55] [Task 134] Routed STARLINK-6195 -> STARLINK-31751 | E_NET=0.000996 J | Remaining=119999.99 J
[79.551] Task 134 enqueued on CPU STARLINK-31751 qlen_enqueue=1
[79.588] Task 134 enqueued on NET STARLINK-31751 qlen_enqueue_net=1
[Task 134] Task eseguito su STARLINK-31751 47.219283080739956 degrees | CPU=363.4852J, NET=0.0010J, TOTAL=363.4862J, Remaining=84891.09J
[79.589] Task 134 served on STARLINK-31751 qlen_enqueue_cpu=1 qlen_enqueue_net=1 time_in_queue=0.000
[134][GREEDY] STARLINK-31751 -> STARLINK-11403 [DTC] | Tramission-time: 0.0016121816856623373
[134] Energy routing consumed by STARLINK-31751: 0.000000 J (remaining 84891.09)
[MODE: BIDIRECTIONAL]
[134][GREEDY] CONSEGNATO! STARLINK-11403 [DTC] -> OBS | Tramission-time: 7.053963455767215e-10
---> Task 135 (Type: CPU_Intensive) arriva in 79.84
--- [79.84] Task 135 using SearchNode Policy: v2_ilp_hybrid ---
[79.84] [Task 135] Entering ILP branch (v2)
[ε-constraint energy] sumE_B=2998.741533  bound=3298.615687  active=False
[ILP] res_type=dict value_preview={'stage': 'B', 'status': 'Optimal', 'primary': 'energy', 'tol': 0.1, 'opt_primary': 2998.7415334317507, 'objective_secondary': 0.30491592427378095, 'sumE': 2998
[79.84] [Task 135] ILP chose server: STARLINK-31751
[79.84] [Task 135] Routed STARLINK-6195 -> STARLINK-31751 | E_NET=0.000013 J | Remaining=119999.99 J
[79.846] Task 135 enqueued on CPU STARLINK-31751 qlen_enqueue=1
---> Task 136 (Type: CPU_Intensive) arriva in 79.95
--- [79.95] Task 136 using SearchNode Policy: v2_ilp_hybrid ---
[79.95] [Task 136] Entering ILP branch (v2)
[ε-constraint energy] sumE_B=6866.315059  bound=7552.946565  active=False
[ILP] res_type=dict value_preview={'stage': 'B', 'status': 'Optimal', 'primary': 'energy', 'tol': 0.1, 'opt_primary': 6866.315058816372, 'objective_secondary': 0.6981501785472531, 'sumE': 6866.3
[79.95] [Task 136] ILP chose server: STARLINK-31702
[79.95] [Task 136] Routed STARLINK-6195 -> STARLINK-31702 | E_NET=0.000004 J | Remaining=119999.99 J
[79.953] Task 136 enqueued on CPU STARLINK-31702 qlen_enqueue=1
----------------------------------------------------------------------
	||TIME IN SIMULATION : (seconds:80) (minutes: 1) ||

MODIFICA CONFIGURAZIONE IN CORSO...

Aggiornato il Tempo Globale:  2025-11-20 20:56:34
---> Task 137 (Type: CPU_and_Data_Intensive) arriva in 80.03
--- [80.03] Task 137 using SearchNode Policy: v2_ilp_hybrid ---
[80.03] [Task 137] Entering ILP branch (v2)
[ε-constraint energy] sumE_B=4097.730372  bound=4507.503409  active=False
[ILP] res_type=dict value_preview={'stage': 'B', 'status': 'Optimal', 'primary': 'energy', 'tol': 0.1, 'opt_primary': 4097.73037219313, 'objective_secondary': 0.4173262184730096, 'sumE': 4097.73
[80.03] [Task 137] ILP chose server: STARLINK-31646
[80.03] [Task 137] Routed STARLINK-6195 -> STARLINK-31646 | E_NET=0.000508 J | Remaining=119999.99 J
[80.028] Task 137 enqueued on CPU STARLINK-31646 qlen_enqueue=1
[Task 135] Task eseguito su STARLINK-31751 46.82514761985293 degrees | CPU=2998.7415J, NET=0.0000J, TOTAL=2998.7415J, Remaining=81892.35J
[80.151] Task 135 served on STARLINK-31751 qlen_enqueue_cpu=1 qlen_enqueue_net=None time_in_queue=0.000
[135][GREEDY] STARLINK-31751 -> STARLINK-11403 [DTC] | Tramission-time: 0.0016383357987475998
[135] Energy routing consumed by STARLINK-31751: 0.000000 J (remaining 81892.35)
[MODE: BIDIRECTIONAL]
[135][GREEDY] CONSEGNATO! STARLINK-11403 [DTC] -> OBS | Tramission-time: 1.1280055984553008e-11
[80.444] Task 137 enqueued on NET STARLINK-31646 qlen_enqueue_net=1
[Task 137] Task eseguito su STARLINK-31646 27.902900863809396 degrees | CPU=4097.7297J, NET=0.0005J, TOTAL=4097.7302J, Remaining=115902.27J
[80.445] Task 137 served on STARLINK-31646 qlen_enqueue_cpu=1 qlen_enqueue_net=1 time_in_queue=0.000
---> Task 138 (Type: Generic_Service) arriva in 80.50
--- [80.50] Task 138 using SearchNode Policy: v2_ilp_hybrid ---
[80.50] [Task 138] Entering ILP branch (v2)
[ε-constraint energy] sumE_B=96.129921  bound=105.742914  active=False
[ILP] res_type=dict value_preview={'stage': 'B', 'status': 'Optimal', 'primary': 'energy', 'tol': 0.1, 'opt_primary': 96.12992143995886, 'objective_secondary': 0.009786118874104079, 'sumE': 96.1
[80.50] [Task 138] ILP chose server: STARLINK-31751
[80.50] [Task 138] Routed STARLINK-6195 -> STARLINK-31751 | E_NET=0.000011 J | Remaining=119999.99 J
[137][GREEDY] STARLINK-31646 -> STARLINK-32654 | Tramission-time: 0.0018529969945074453
[137] Energy routing consumed by STARLINK-31646: 0.000000 J (remaining 115902.27)
[80.500] Task 138 enqueued on CPU STARLINK-31751 qlen_enqueue=1
[Task 138] Task eseguito su STARLINK-31751 46.82514761985293 degrees | CPU=96.1299J, NET=0.0000J, TOTAL=96.1299J, Remaining=81796.22J
[80.511] Task 138 served on STARLINK-31751 qlen_enqueue_cpu=1 qlen_enqueue_net=None time_in_queue=0.000
[138][GREEDY] STARLINK-31751 -> STARLINK-11403 [DTC] | Tramission-time: 0.001638335798580991
[138] Energy routing consumed by STARLINK-31751: 0.000000 J (remaining 81796.22)
[MODE: BIDIRECTIONAL]
[137][GREEDY] CONSEGNATO! STARLINK-32654 -> OBS | Tramission-time: 6.032108926548049e-10
---> Task 139 (Type: CPU_and_Data_Intensive) arriva in 80.64
--- [80.64] Task 139 using SearchNode Policy: v2_ilp_hybrid ---
[80.64] [Task 139] Entering ILP branch (v2)
[ε-constraint energy] sumE_B=10415.378627  bound=11456.916490  active=False
[ILP] res_type=dict value_preview={'stage': 'B', 'status': 'Optimal', 'primary': 'energy', 'tol': 0.1, 'opt_primary': 10415.378627064021, 'objective_secondary': 1.064886064071005, 'sumE': 10415.
[80.64] [Task 139] ILP chose server: STARLINK-31751
[80.64] [Task 139] Routed STARLINK-6195 -> STARLINK-31751 | E_NET=0.005411 J | Remaining=119999.98 J
[80.647] Task 139 enqueued on CPU STARLINK-31751 qlen_enqueue=1
[Task 136] Task eseguito su STARLINK-31702 29.42749612665627 degrees | CPU=6866.3151J, NET=0.0000J, TOTAL=6866.3151J, Remaining=111440.64J
[80.652] Task 136 served on STARLINK-31702 qlen_enqueue_cpu=1 qlen_enqueue_net=None time_in_queue=0.000
[MODE: BIDIRECTIONAL]
[138][GREEDY] CONSEGNATO! STARLINK-11403 [DTC] -> OBS | Tramission-time: 9.4004778822966e-12
[136][GREEDY] STARLINK-31702 -> STARLINK-32654 | Tramission-time: 0.0021072431656235725
[136] Energy routing consumed by STARLINK-31702: 0.000000 J (remaining 111440.64)
[80.749] Task 133 enqueued on NET STARLINK-31763 qlen_enqueue_net=1
[Task 133] Task eseguito su STARLINK-31763 27.482041063330428 degrees | CPU=15429.9091J, NET=0.0071J, TOTAL=15429.9162J, Remaining=96559.43J
[80.756] Task 133 served on STARLINK-31763 qlen_enqueue_cpu=1 qlen_enqueue_net=1 time_in_queue=0.000
[MODE: BIDIRECTIONAL]
[136][GREEDY] CONSEGNATO! STARLINK-32654 -> OBS | Tramission-time: 3.5282833417846662e-12
[133][GREEDY] STARLINK-31763 -> STARLINK-32654 | Tramission-time: 0.001981222181368928
[133] Energy routing consumed by STARLINK-31763: 0.000000 J (remaining 96559.43)
[MODE: BIDIRECTIONAL]
[133][GREEDY] CONSEGNATO! STARLINK-32654 -> OBS | Tramission-time: 7.506454677789134e-09
[81.706] Task 139 enqueued on NET STARLINK-31751 qlen_enqueue_net=1
[Task 139] Task eseguito su STARLINK-31751 46.82514761985293 degrees | CPU=10415.3727J, NET=0.0054J, TOTAL=10415.3782J, Remaining=71380.84J
[81.711] Task 139 served on STARLINK-31751 qlen_enqueue_cpu=1 qlen_enqueue_net=1 time_in_queue=0.000
[139][GREEDY] STARLINK-31751 -> STARLINK-11403 [DTC] | Tramission-time: 0.0016383408784012485
[139] Energy routing consumed by STARLINK-31751: 0.000000 J (remaining 71380.84)
[MODE: BIDIRECTIONAL]
[139][GREEDY] CONSEGNATO! STARLINK-11403 [DTC] -> OBS | Tramission-time: 3.91480758030972e-09
----------------------------------------------------------------------
	||TIME IN SIMULATION : (seconds:82) (minutes: 1) ||

MODIFICA CONFIGURAZIONE IN CORSO...

Aggiornato il Tempo Globale:  2025-11-20 20:56:36
---> Task 140 (Type: CPU_and_Data_Intensive) arriva in 83.11
--- [83.11] Task 140 using SearchNode Policy: v2_ilp_hybrid ---
[83.11] [Task 140] Entering ILP branch (v2)
[ε-constraint energy] sumE_B=2354.508509  bound=2589.959360  active=False
[ILP] res_type=dict value_preview={'stage': 'B', 'status': 'Optimal', 'primary': 'energy', 'tol': 0.1, 'opt_primary': 2354.508508912795, 'objective_secondary': 0.24472108254814998, 'sumE': 2354.
[83.11] [Task 140] ILP chose server: STARLINK-31751
[83.11] [Task 140] Routed STARLINK-6195 -> STARLINK-31751 | E_NET=0.004630 J | Remaining=119999.98 J
[83.121] Task 140 enqueued on CPU STARLINK-31751 qlen_enqueue=1
---> Task 141 (Type: Generic_Service) arriva in 83.35
--- [83.35] Task 141 using SearchNode Policy: v2_ilp_hybrid ---
[83.35] [Task 141] Entering ILP branch (v2)
[ε-constraint energy] sumE_B=330.718768  bound=363.790645  active=False
[ILP] res_type=dict value_preview={'stage': 'B', 'status': 'Optimal', 'primary': 'energy', 'tol': 0.1, 'opt_primary': 330.71876786962076, 'objective_secondary': 0.033650597051371654, 'sumE': 330
[83.35] [Task 141] ILP chose server: STARLINK-31702
[83.35] [Task 141] Routed STARLINK-6195 -> STARLINK-31702 | E_NET=0.000023 J | Remaining=119999.98 J
[83.350] Task 141 enqueued on CPU STARLINK-31702 qlen_enqueue=1
[83.360] Task 140 enqueued on NET STARLINK-31751 qlen_enqueue_net=1
[Task 140] Task eseguito su STARLINK-31751 46.40817731789527 degrees | CPU=2354.5032J, NET=0.0046J, TOTAL=2354.5078J, Remaining=69026.33J
[83.365] Task 140 served on STARLINK-31751 qlen_enqueue_cpu=1 qlen_enqueue_net=1 time_in_queue=0.000
[Task 141] Task eseguito su STARLINK-31702 29.88981421565285 degrees | CPU=330.7187J, NET=0.0000J, TOTAL=330.7188J, Remaining=111109.92J
[83.385] Task 141 served on STARLINK-31702 qlen_enqueue_cpu=1 qlen_enqueue_net=None time_in_queue=0.000
---> Task 142 (Type: Generic_Service) arriva in 83.41
--- [83.41] Task 142 using SearchNode Policy: v2_ilp_hybrid ---
[83.41] [Task 142] Entering ILP branch (v2)
[ε-constraint energy] sumE_B=523.971283  bound=576.368412  active=False
[ILP] res_type=dict value_preview={'stage': 'B', 'status': 'Optimal', 'primary': 'energy', 'tol': 0.1, 'opt_primary': 523.9712832787387, 'objective_secondary': 0.05328743264912439, 'sumE': 523.9
[83.41] [Task 142] ILP chose server: STARLINK-31751
[83.41] [Task 142] Routed STARLINK-6195 -> STARLINK-31751 | E_NET=0.000010 J | Remaining=119999.98 J
[83.407] Task 142 enqueued on CPU STARLINK-31751 qlen_enqueue=1
[140][GREEDY] STARLINK-31751 -> STARLINK-11403 [DTC] | Tramission-time: 0.0016645441479311597
[140] Energy routing consumed by STARLINK-31751: 0.000000 J (remaining 69026.33)
[141][GREEDY] STARLINK-31702 -> STARLINK-32654 | Tramission-time: 0.002127355245523535
[141] Energy routing consumed by STARLINK-31702: 0.000000 J (remaining 111109.92)
[Task 142] Task eseguito su STARLINK-31751 46.40817731789527 degrees | CPU=523.9713J, NET=0.0000J, TOTAL=523.9713J, Remaining=68502.36J
[83.461] Task 142 served on STARLINK-31751 qlen_enqueue_cpu=1 qlen_enqueue_net=None time_in_queue=0.000
[MODE: BIDIRECTIONAL]
[140][GREEDY] CONSEGNATO! STARLINK-11403 [DTC] -> OBS | Tramission-time: 4.712346643614015e-09
[142][GREEDY] STARLINK-31751 -> STARLINK-11403 [DTC] | Tramission-time: 0.0016645397789177435
[142] Energy routing consumed by STARLINK-31751: 0.000000 J (remaining 68502.36)
[MODE: BIDIRECTIONAL]
[141][GREEDY] CONSEGNATO! STARLINK-32654 -> OBS | Tramission-time: 1.6153259058031633e-11
[MODE: BIDIRECTIONAL]
[142][GREEDY] CONSEGNATO! STARLINK-11403 [DTC] -> OBS | Tramission-time: 8.394632286478952e-12
---> Task 143 (Type: Generic_Service) arriva in 83.65
--- [83.65] Task 143 using SearchNode Policy: v2_ilp_hybrid ---
[83.65] [Task 143] Entering ILP branch (v2)
[ε-constraint energy] sumE_B=152.703218  bound=167.973540  active=False
[ILP] res_type=dict value_preview={'stage': 'B', 'status': 'Optimal', 'primary': 'energy', 'tol': 0.1, 'opt_primary': 152.70321827035858, 'objective_secondary': 0.01554954111725559, 'sumE': 152.
[83.65] [Task 143] ILP chose server: STARLINK-31751
[83.65] [Task 143] Routed STARLINK-6195 -> STARLINK-31751 | E_NET=0.000020 J | Remaining=119999.98 J
[83.650] Task 143 enqueued on CPU STARLINK-31751 qlen_enqueue=1
[Task 143] Task eseguito su STARLINK-31751 46.40817731789527 degrees | CPU=152.7032J, NET=0.0000J, TOTAL=152.7032J, Remaining=68349.66J
[83.667] Task 143 served on STARLINK-31751 qlen_enqueue_cpu=1 qlen_enqueue_net=None time_in_queue=0.000
[143][GREEDY] STARLINK-31751 -> STARLINK-11403 [DTC] | Tramission-time: 0.0016645397897898351
[143] Energy routing consumed by STARLINK-31751: 0.000000 J (remaining 68349.66)
[MODE: BIDIRECTIONAL]
[143][GREEDY] CONSEGNATO! STARLINK-11403 [DTC] -> OBS | Tramission-time: 1.7071381565401234e-11
----------------------------------------------------------------------
	||TIME IN SIMULATION : (seconds:84) (minutes: 1) ||

MODIFICA CONFIGURAZIONE IN CORSO...

Aggiornato il Tempo Globale:  2025-11-20 20:56:38
---> Task 144 (Type: Generic_Service) arriva in 84.67
--- [84.67] Task 144 using SearchNode Policy: v2_ilp_hybrid ---
[84.67] [Task 144] Entering ILP branch (v2)
[ε-constraint energy] sumE_B=343.335385  bound=377.668924  active=False
[ILP] res_type=dict value_preview={'stage': 'B', 'status': 'Optimal', 'primary': 'energy', 'tol': 0.1, 'opt_primary': 343.33538536291354, 'objective_secondary': 0.03493786865356275, 'sumE': 343.
[84.67] [Task 144] ILP chose server: STARLINK-33663
[84.67] [Task 144] Routed STARLINK-35136 -> STARLINK-33663 | E_NET=0.000024 J | Remaining=120000.00 J
[84.674] Task 144 enqueued on CPU STARLINK-33663 qlen_enqueue=1
[Task 144] Task eseguito su STARLINK-33663 31.671443903767322 degrees | CPU=343.3354J, NET=0.0000J, TOTAL=343.3354J, Remaining=101466.57J
[84.711] Task 144 served on STARLINK-33663 qlen_enqueue_cpu=1 qlen_enqueue_net=None time_in_queue=0.000
[144][GREEDY] STARLINK-33663 -> STARLINK-35136 | Tramission-time: 0.001760442459489049
[144] Energy routing consumed by STARLINK-33663: 0.000000 J (remaining 101466.57)
[MODE: BIDIRECTIONAL]
[144][GREEDY] CONSEGNATO! STARLINK-35136 -> OBS | Tramission-time: 2.0863091215595415e-11
---> Task 145 (Type: CPU_and_Data_Intensive) arriva in 84.87
--- [84.87] Task 145 using SearchNode Policy: v2_ilp_hybrid ---
[84.87] [Task 145] Entering ILP branch (v2)
[ε-constraint energy] sumE_B=3981.916153  bound=4380.107768  active=False
[ILP] res_type=dict value_preview={'stage': 'B', 'status': 'Optimal', 'primary': 'energy', 'tol': 0.1, 'opt_primary': 3981.916153161942, 'objective_secondary': 0.40498310044624963, 'sumE': 3981.
[84.87] [Task 145] ILP chose server: STARLINK-33663
[84.87] [Task 145] Routed STARLINK-35136 -> STARLINK-33663 | E_NET=0.000097 J | Remaining=120000.00 J
[84.870] Task 145 enqueued on CPU STARLINK-33663 qlen_enqueue=1
---> Task 146 (Type: CPU_Intensive) arriva in 85.16
--- [85.16] Task 146 using SearchNode Policy: v2_ilp_hybrid ---
[85.16] [Task 146] Entering ILP branch (v2)
[ε-constraint energy] sumE_B=10538.681160  bound=11592.549276  active=False
[ILP] res_type=dict value_preview={'stage': 'B', 'status': 'Optimal', 'primary': 'energy', 'tol': 0.1, 'opt_primary': 10538.681160328662, 'objective_secondary': 1.0715681356108886, 'sumE': 10538
[85.16] [Task 146] ILP chose server: STARLINK-32654
[85.16] [Task 146] Routed STARLINK-35136 -> STARLINK-32654 | E_NET=0.000022 J | Remaining=120000.00 J
[85.165] Task 146 enqueued on CPU STARLINK-32654 qlen_enqueue=1
[85.275] Task 145 enqueued on NET STARLINK-33663 qlen_enqueue_net=1
[Task 145] Task eseguito su STARLINK-33663 31.671443903767322 degrees | CPU=3981.9160J, NET=0.0001J, TOTAL=3981.9161J, Remaining=97484.65J
[85.275] Task 145 served on STARLINK-33663 qlen_enqueue_cpu=1 qlen_enqueue_net=1 time_in_queue=0.000
[145][GREEDY] STARLINK-33663 -> STARLINK-35136 | Tramission-time: 0.0017604425393169746
[145] Energy routing consumed by STARLINK-33663: 0.000000 J (remaining 97484.65)
[MODE: BIDIRECTIONAL]
[145][GREEDY] CONSEGNATO! STARLINK-35136 -> OBS | Tramission-time: 7.587127330947812e-11
----------------------------------------------------------------------
	||TIME IN SIMULATION : (seconds:86) (minutes: 1) ||

MODIFICA CONFIGURAZIONE IN CORSO...

Aggiornato il Tempo Globale:  2025-11-20 20:56:40
[Task 146] Task eseguito su STARLINK-32654 58.751399178964185 degrees | CPU=10538.6811J, NET=0.0000J, TOTAL=10538.6812J, Remaining=65933.62J
[86.238] Task 146 served on STARLINK-32654 qlen_enqueue_cpu=1 qlen_enqueue_net=None time_in_queue=0.000
[MODE: BIDIRECTIONAL]
[146][GREEDY] CONSEGNATO! STARLINK-32654 -> OBS | Tramission-time: 2.4217886735330913e-11
---> Task 147 (Type: CPU_and_Data_Intensive) arriva in 86.43
--- [86.43] Task 147 using SearchNode Policy: v2_ilp_hybrid ---
[86.43] [Task 147] Entering ILP branch (v2)
[ε-constraint energy] sumE_B=1332.366518  bound=1465.603169  active=False
[ILP] res_type=dict value_preview={'stage': 'B', 'status': 'Optimal', 'primary': 'energy', 'tol': 0.1, 'opt_primary': 1332.366517562551, 'objective_secondary': 0.1356540713340538, 'sumE': 1332.3
[86.43] [Task 147] ILP chose server: STARLINK-33663
[86.43] [Task 147] Routed STARLINK-35136 -> STARLINK-33663 | E_NET=0.000182 J | Remaining=120000.00 J
[86.427] Task 147 enqueued on CPU STARLINK-33663 qlen_enqueue=1
---> Task 148 (Type: CPU_and_Data_Intensive) arriva in 86.52
--- [86.52] Task 148 using SearchNode Policy: v2_ilp_hybrid ---
[86.52] [Task 148] Entering ILP branch (v2)
[ε-constraint energy] sumE_B=13277.287188  bound=14605.015907  active=False
[ILP] res_type=dict value_preview={'stage': 'B', 'status': 'Optimal', 'primary': 'energy', 'tol': 0.1, 'opt_primary': 13277.287187890048, 'objective_secondary': 1.353803722642534, 'sumE': 13277.
[86.52] [Task 148] ILP chose server: STARLINK-32654
[86.52] [Task 148] Routed STARLINK-35136 -> STARLINK-32654 | E_NET=0.003778 J | Remaining=120000.00 J
[86.529] Task 148 enqueued on CPU STARLINK-32654 qlen_enqueue=1
[86.563] Task 147 enqueued on NET STARLINK-33663 qlen_enqueue_net=1
[Task 147] Task eseguito su STARLINK-33663 31.27924775765537 degrees | CPU=1332.3663J, NET=0.0002J, TOTAL=1332.3665J, Remaining=96152.29J
[86.563] Task 147 served on STARLINK-33663 qlen_enqueue_cpu=1 qlen_enqueue_net=1 time_in_queue=0.000
[147][GREEDY] STARLINK-33663 -> STARLINK-35136 | Tramission-time: 0.0018480804262829813
[147] Energy routing consumed by STARLINK-33663: 0.000000 J (remaining 96152.29)
[MODE: BIDIRECTIONAL]
[147][GREEDY] CONSEGNATO! STARLINK-35136 -> OBS | Tramission-time: 1.716566430934566e-10
---> Task 149 (Type: CPU_and_Data_Intensive) arriva in 87.72
--- [87.72] Task 149 using SearchNode Policy: v2_ilp_hybrid ---
[87.72] [Task 149] Entering ILP branch (v2)
[ε-constraint energy] sumE_B=2462.242965  bound=2708.467262  active=False
[ILP] res_type=dict value_preview={'stage': 'B', 'status': 'Optimal', 'primary': 'energy', 'tol': 0.1, 'opt_primary': 2462.2429654909274, 'objective_secondary': 0.2509737122078601, 'sumE': 2462.
[87.72] [Task 149] ILP chose server: STARLINK-33663
[87.72] [Task 149] Routed STARLINK-35136 -> STARLINK-33663 | E_NET=0.000616 J | Remaining=120000.00 J
[87.723] Task 149 enqueued on CPU STARLINK-33663 qlen_enqueue=1
---> Task 150 (Type: CPU_Intensive) arriva in 87.73
--- [87.73] Task 150 using SearchNode Policy: v2_ilp_hybrid ---
[87.73] [Task 150] Entering ILP branch (v2)
[ε-constraint energy] sumE_B=692.986150  bound=762.284765  active=False
[ILP] res_type=dict value_preview={'stage': 'B', 'status': 'Optimal', 'primary': 'energy', 'tol': 0.1, 'opt_primary': 692.9861503470462, 'objective_secondary': 0.07046893595266929, 'sumE': 692.9
[87.73] [Task 150] ILP chose server: STARLINK-32475
[87.73] [Task 150] Routed STARLINK-35136 -> STARLINK-32475 | E_NET=0.000006 J | Remaining=120000.00 J
[87.736] Task 150 enqueued on CPU STARLINK-32475 qlen_enqueue=1
[Task 150] Task eseguito su STARLINK-32475 31.402029657935216 degrees | CPU=692.9861J, NET=0.0000J, TOTAL=692.9861J, Remaining=111614.92J
[87.807] Task 150 served on STARLINK-32475 qlen_enqueue_cpu=1 qlen_enqueue_net=None time_in_queue=0.000
[150][GREEDY] STARLINK-32475 -> STARLINK-35136 | Tramission-time: 0.002133539700112358
[150] Energy routing consumed by STARLINK-32475: 0.000000 J (remaining 111614.92)
[MODE: BIDIRECTIONAL]
[150][GREEDY] CONSEGNATO! STARLINK-35136 -> OBS | Tramission-time: 5.5719340464095975e-12
[87.879] Task 148 enqueued on NET STARLINK-32654 qlen_enqueue_net=1
[Task 148] Task eseguito su STARLINK-32654 58.751399178964185 degrees | CPU=13277.2834J, NET=0.0038J, TOTAL=13277.2872J, Remaining=52656.34J
[87.883] Task 148 served on STARLINK-32654 qlen_enqueue_cpu=1 qlen_enqueue_net=1 time_in_queue=0.000
[MODE: BIDIRECTIONAL]
[148][GREEDY] CONSEGNATO! STARLINK-32654 -> OBS | Tramission-time: 3.267792997127319e-09
[87.973] Task 149 enqueued on NET STARLINK-33663 qlen_enqueue_net=1
[Task 149] Task eseguito su STARLINK-33663 31.27924775765537 degrees | CPU=2462.2423J, NET=0.0006J, TOTAL=2462.2430J, Remaining=93690.04J
[87.974] Task 149 served on STARLINK-33663 qlen_enqueue_cpu=1 qlen_enqueue_net=1 time_in_queue=0.000
----------------------------------------------------------------------
	||TIME IN SIMULATION : (seconds:88) (minutes: 1) ||

MODIFICA CONFIGURAZIONE IN CORSO...

Aggiornato il Tempo Globale:  2025-11-20 20:56:42
[149][GREEDY] STARLINK-33663 -> STARLINK-35136 | Tramission-time: 0.0019358802892937555
[149] Energy routing consumed by STARLINK-33663: 0.000000 J (remaining 93690.04)
[MODE: BIDIRECTIONAL]
[149][GREEDY] CONSEGNATO! STARLINK-35136 -> OBS | Tramission-time: 4.999742483227331e-10
---> Task 151 (Type: CPU_and_Data_Intensive) arriva in 88.10
--- [88.10] Task 151 using SearchNode Policy: v2_ilp_hybrid ---
[88.10] [Task 151] Entering ILP branch (v2)
[ε-constraint energy] sumE_B=1837.009578  bound=2020.710536  active=False
[ILP] res_type=dict value_preview={'stage': 'B', 'status': 'Optimal', 'primary': 'energy', 'tol': 0.1, 'opt_primary': 1837.0095781853474, 'objective_secondary': 0.1893941469406585, 'sumE': 1837.
[88.10] [Task 151] ILP chose server: STARLINK-1826
[88.10] [Task 151] Routed STARLINK-35136 -> STARLINK-1826 | E_NET=0.002034 J | Remaining=119999.99 J
[88.107] Task 151 enqueued on CPU STARLINK-1826 qlen_enqueue=1
[88.294] Task 151 enqueued on NET STARLINK-1826 qlen_enqueue_net=1
[Task 151] Task eseguito su STARLINK-1826 44.07727755525763 degrees | CPU=1837.0070J, NET=0.0020J, TOTAL=1837.0090J, Remaining=84625.63J
[88.296] Task 151 served on STARLINK-1826 qlen_enqueue_cpu=1 qlen_enqueue_net=1 time_in_queue=0.000
[151][GREEDY] STARLINK-1826 -> STARLINK-31220 | Tramission-time: 0.0013087704428081997
[151] Energy routing consumed by STARLINK-1826: 0.000000 J (remaining 84625.63)
[MODE: BIDIRECTIONAL]
[151][GREEDY] CONSEGNATO! STARLINK-31220 -> OBS | Tramission-time: 2.047408106630559e-09
---> Task 152 (Type: CPU_and_Data_Intensive) arriva in 88.55
--- [88.55] Task 152 using SearchNode Policy: v2_ilp_hybrid ---
[88.55] [Task 152] Entering ILP branch (v2)
[ε-constraint energy] sumE_B=6866.270090  bound=7552.897098  active=False
[ILP] res_type=dict value_preview={'stage': 'B', 'status': 'Optimal', 'primary': 'energy', 'tol': 0.1, 'opt_primary': 6866.270089523595, 'objective_secondary': 0.7031045161194162, 'sumE': 6866.2
[88.55] [Task 152] ILP chose server: STARLINK-1826
[88.55] [Task 152] Routed STARLINK-35136 -> STARLINK-1826 | E_NET=0.003863 J | Remaining=119999.99 J
[88.551] Task 152 enqueued on CPU STARLINK-1826 qlen_enqueue=1
[89.249] Task 152 enqueued on NET STARLINK-1826 qlen_enqueue_net=1
[Task 152] Task eseguito su STARLINK-1826 44.07727755525763 degrees | CPU=6866.2651J, NET=0.0039J, TOTAL=6866.2690J, Remaining=77759.36J
[89.253] Task 152 served on STARLINK-1826 qlen_enqueue_cpu=1 qlen_enqueue_net=1 time_in_queue=0.000
[152][GREEDY] STARLINK-1826 -> STARLINK-31220 | Tramission-time: 0.0013087731611537506
[152] Energy routing consumed by STARLINK-1826: 0.000000 J (remaining 77759.36)
[MODE: BIDIRECTIONAL]
[152][GREEDY] CONSEGNATO! STARLINK-31220 -> OBS | Tramission-time: 3.7017110089470985e-09
---> Task 153 (Type: CPU_and_Data_Intensive) arriva in 89.57
--- [89.57] Task 153 using SearchNode Policy: v2_ilp_hybrid ---
[89.57] [Task 153] Entering ILP branch (v2)
[ε-constraint energy] sumE_B=129.118101  bound=142.029911  active=False
[ILP] res_type=dict value_preview={'stage': 'B', 'status': 'Optimal', 'primary': 'energy', 'tol': 0.1, 'opt_primary': 129.1181005941679, 'objective_secondary': 0.020339695017861426, 'sumE': 129.
[89.57] [Task 153] ILP chose server: STARLINK-1826
[89.57] [Task 153] Routed STARLINK-35136 -> STARLINK-1826 | E_NET=0.005612 J | Remaining=119999.98 J
[89.582] Task 153 enqueued on CPU STARLINK-1826 qlen_enqueue=1
[89.595] Task 153 enqueued on NET STARLINK-1826 qlen_enqueue_net=1
[Task 153] Task eseguito su STARLINK-1826 44.07727755525763 degrees | CPU=129.1109J, NET=0.0056J, TOTAL=129.1165J, Remaining=77630.24J
[89.601] Task 153 served on STARLINK-1826 qlen_enqueue_cpu=1 qlen_enqueue_net=1 time_in_queue=0.000
[153][GREEDY] STARLINK-1826 -> STARLINK-31220 | Tramission-time: 0.0013087738049571264
[153] Energy routing consumed by STARLINK-1826: 0.000000 J (remaining 77630.24)
[MODE: BIDIRECTIONAL]
[153][GREEDY] CONSEGNATO! STARLINK-31220 -> OBS | Tramission-time: 5.955585380892448e-09
----------------------------------------------------------------------
	||TIME IN SIMULATION : (seconds:90) (minutes: 1) ||

MODIFICA CONFIGURAZIONE IN CORSO...

Aggiornato il Tempo Globale:  2025-11-20 20:56:44
---> Task 154 (Type: CPU_and_Data_Intensive) arriva in 90.38
--- [90.38] Task 154 using SearchNode Policy: v2_ilp_hybrid ---
[90.38] [Task 154] Entering ILP branch (v2)
[ε-constraint energy] sumE_B=5401.993518  bound=5942.192870  active=False
[ILP] res_type=dict value_preview={'stage': 'B', 'status': 'Optimal', 'primary': 'energy', 'tol': 0.1, 'opt_primary': 5401.993518453275, 'objective_secondary': 0.7582234899161244, 'sumE': 5401.9
[90.38] [Task 154] ILP chose server: STARLINK-1826
[90.38] [Task 154] Routed STARLINK-35136 -> STARLINK-1826 | E_NET=0.144582 J | Remaining=119999.84 J
[90.529] Task 154 enqueued on CPU STARLINK-1826 qlen_enqueue=1
---> Task 155 (Type: Generic_Service) arriva in 90.91
--- [90.91] Task 155 using SearchNode Policy: v2_ilp_hybrid ---
[90.91] [Task 155] Entering ILP branch (v2)
[ε-constraint energy] sumE_B=748.069735  bound=822.876709  active=False
[ILP] res_type=dict value_preview={'stage': 'B', 'status': 'Optimal', 'primary': 'energy', 'tol': 0.1, 'opt_primary': 748.0697351096094, 'objective_secondary': 0.076084047690442, 'sumE': 748.069
[90.91] [Task 155] ILP chose server: STARLINK-31763
[90.91] [Task 155] Routed STARLINK-6195 -> STARLINK-31763 | E_NET=0.000018 J | Remaining=119999.98 J
[90.910] Task 155 enqueued on CPU STARLINK-31763 qlen_enqueue=1
[Task 155] Task eseguito su STARLINK-31763 30.07077268761592 degrees | CPU=748.0697J, NET=0.0000J, TOTAL=748.0697J, Remaining=95811.36J
[90.987] Task 155 served on STARLINK-31763 qlen_enqueue_cpu=1 qlen_enqueue_net=None time_in_queue=0.000
---> Task 156 (Type: Generic_Service) arriva in 91.01
--- [91.01] Task 156 using SearchNode Policy: v2_ilp_hybrid ---
[91.01] [Task 156] Entering ILP branch (v2)
[ε-constraint energy] sumE_B=1963.071330  bound=2159.378463  active=False
[ILP] res_type=dict value_preview={'stage': 'B', 'status': 'Optimal', 'primary': 'energy', 'tol': 0.1, 'opt_primary': 1963.07133034391, 'objective_secondary': 0.19962242536889774, 'sumE': 1963.0
[91.01] [Task 156] ILP chose server: STARLINK-31763
[91.01] [Task 156] Routed STARLINK-6195 -> STARLINK-31763 | E_NET=0.000019 J | Remaining=119999.98 J
[91.008] Task 156 enqueued on CPU STARLINK-31763 qlen_enqueue=1
[155][GREEDY] STARLINK-31763 -> STARLINK-32654 | Tramission-time: 0.0019491294795527653
[155] Energy routing consumed by STARLINK-31763: 0.000000 J (remaining 95811.36)
[91.079] Task 154 enqueued on NET STARLINK-1826 qlen_enqueue_net=1
[MODE: BIDIRECTIONAL]
[155][GREEDY] CONSEGNATO! STARLINK-32654 -> OBS | Tramission-time: 1.7810196743406643e-11
[Task 156] Task eseguito su STARLINK-31763 30.07077268761592 degrees | CPU=1963.0713J, NET=0.0000J, TOTAL=1963.0713J, Remaining=93848.29J
[91.209] Task 156 served on STARLINK-31763 qlen_enqueue_cpu=1 qlen_enqueue_net=None time_in_queue=0.000
[Task 154] Task eseguito su STARLINK-1826 44.9357466635241 degrees | CPU=5401.7845J, NET=0.1446J, TOTAL=5401.9291J, Remaining=72228.32J
[91.223] Task 154 served on STARLINK-1826 qlen_enqueue_cpu=1 qlen_enqueue_net=1 time_in_queue=0.000
[154][GREEDY] STARLINK-1826 -> STARLINK-31220 | Tramission-time: 0.001307213314910301
[154] Energy routing consumed by STARLINK-1826: 0.000000 J (remaining 72228.32)
[156][GREEDY] STARLINK-31763 -> STARLINK-32654 | Tramission-time: 0.0019491294774362472
[156] Energy routing consumed by STARLINK-31763: 0.000000 J (remaining 93848.29)
---> Task 157 (Type: CPU_Intensive) arriva in 91.26
--- [91.26] Task 157 using SearchNode Policy: v2_ilp_hybrid ---
[91.26] [Task 157] Entering ILP branch (v2)
[ε-constraint energy] sumE_B=12504.909859  bound=13755.400845  active=False
[ILP] res_type=dict value_preview={'stage': 'B', 'status': 'Optimal', 'primary': 'energy', 'tol': 0.1, 'opt_primary': 12504.90985923891, 'objective_secondary': 1.2714969509597323, 'sumE': 12504.
[91.26] [Task 157] ILP chose server: STARLINK-31763
[91.26] [Task 157] Routed STARLINK-6195 -> STARLINK-31763 | E_NET=0.000031 J | Remaining=119999.98 J
[91.262] Task 157 enqueued on CPU STARLINK-31763 qlen_enqueue=1
[MODE: BIDIRECTIONAL]
[156][GREEDY] CONSEGNATO! STARLINK-32654 -> OBS | Tramission-time: 2.0976775560541955e-11
[MODE: BIDIRECTIONAL]
[154][GREEDY] CONSEGNATO! STARLINK-31220 -> OBS | Tramission-time: 1.6551089675841014e-07
---> Task 158 (Type: Generic_Service) arriva in 91.50
--- [91.50] Task 158 using SearchNode Policy: v2_ilp_hybrid ---
[91.50] [Task 158] Entering ILP branch (v2)
[ε-constraint energy] sumE_B=679.389736  bound=747.328710  active=False
[ILP] res_type=dict value_preview={'stage': 'B', 'status': 'Optimal', 'primary': 'energy', 'tol': 0.1, 'opt_primary': 679.3897362797034, 'objective_secondary': 0.06908875413156594, 'sumE': 679.3
[91.50] [Task 158] ILP chose server: STARLINK-31751
[91.50] [Task 158] Routed STARLINK-6195 -> STARLINK-31751 | E_NET=0.000008 J | Remaining=119999.98 J
[91.499] Task 158 enqueued on CPU STARLINK-31751 qlen_enqueue=1
---> Task 159 (Type: Generic_Service) arriva in 91.57
--- [91.57] Task 159 using SearchNode Policy: v2_ilp_hybrid ---
[91.57] [Task 159] Entering ILP branch (v2)
[ε-constraint energy] sumE_B=851.031246  bound=936.134371  active=False
[ILP] res_type=dict value_preview={'stage': 'B', 'status': 'Optimal', 'primary': 'energy', 'tol': 0.1, 'opt_primary': 851.0312460890548, 'objective_secondary': 0.08655448556631215, 'sumE': 851.0
[91.57] [Task 159] ILP chose server: STARLINK-31702
[91.57] [Task 159] Routed STARLINK-6195 -> STARLINK-31702 | E_NET=0.000018 J | Remaining=119999.98 J
[91.567] Task 159 enqueued on CPU STARLINK-31702 qlen_enqueue=1
[Task 158] Task eseguito su STARLINK-31751 44.55057234019896 degrees | CPU=679.3897J, NET=0.0000J, TOTAL=679.3897J, Remaining=67670.27J
[91.569] Task 158 served on STARLINK-31751 qlen_enqueue_cpu=1 qlen_enqueue_net=None time_in_queue=0.000
[158][GREEDY] STARLINK-31751 -> STARLINK-31220 | Tramission-time: 0.0017748741951259313
[158] Energy routing consumed by STARLINK-31751: 0.000000 J (remaining 67670.27)
[MODE: BIDIRECTIONAL]
[158][GREEDY] CONSEGNATO! STARLINK-31220 -> OBS | Tramission-time: 7.502957928030294e-12
[Task 159] Task eseguito su STARLINK-31702 31.798765885618366 degrees | CPU=851.0312J, NET=0.0000J, TOTAL=851.0312J, Remaining=110258.89J
[91.656] Task 159 served on STARLINK-31702 qlen_enqueue_cpu=1 qlen_enqueue_net=None time_in_queue=0.000
---> Task 160 (Type: Generic_Service) arriva in 91.67
--- [91.67] Task 160 using SearchNode Policy: v2_ilp_hybrid ---
[91.67] [Task 160] Entering ILP branch (v2)
[ε-constraint energy] sumE_B=202.601031  bound=222.861134  active=False
[ILP] res_type=dict value_preview={'stage': 'B', 'status': 'Optimal', 'primary': 'energy', 'tol': 0.1, 'opt_primary': 202.6010306737001, 'objective_secondary': 0.02060606660814781, 'sumE': 202.6
[91.67] [Task 160] ILP chose server: STARLINK-31751
[91.67] [Task 160] Routed STARLINK-6195 -> STARLINK-31751 | E_NET=0.000005 J | Remaining=119999.98 J
[91.674] Task 160 enqueued on CPU STARLINK-31751 qlen_enqueue=1
[Task 160] Task eseguito su STARLINK-31751 44.55057234019896 degrees | CPU=202.6010J, NET=0.0000J, TOTAL=202.6010J, Remaining=67467.67J
[91.695] Task 160 served on STARLINK-31751 qlen_enqueue_cpu=1 qlen_enqueue_net=None time_in_queue=0.000
[160][GREEDY] STARLINK-31751 -> STARLINK-31220 | Tramission-time: 0.0017748741932324301
[160] Energy routing consumed by STARLINK-31751: 0.000000 J (remaining 67467.67)
[MODE: BIDIRECTIONAL]
[160][GREEDY] CONSEGNATO! STARLINK-31220 -> OBS | Tramission-time: 5.315774066547304e-12
[159][GREEDY] STARLINK-31702 -> STARLINK-35136 | Tramission-time: 0.002158530679678967
[159] Energy routing consumed by STARLINK-31702: 0.000000 J (remaining 110258.89)
[MODE: BIDIRECTIONAL]
[159][GREEDY] CONSEGNATO! STARLINK-35136 -> OBS | Tramission-time: 2.039982120583919e-11
----------------------------------------------------------------------
	||TIME IN SIMULATION : (seconds:92) (minutes: 1) ||

MODIFICA CONFIGURAZIONE IN CORSO...

Aggiornato il Tempo Globale:  2025-11-20 20:56:46
---> Task 161 (Type: CPU_and_Data_Intensive) arriva in 92.11
--- [92.11] Task 161 using SearchNode Policy: v2_ilp_hybrid ---
[92.11] [Task 161] Entering ILP branch (v2)
[ε-constraint energy] sumE_B=16386.873002  bound=18025.560302  active=False
[ILP] res_type=dict value_preview={'stage': 'B', 'status': 'Optimal', 'primary': 'energy', 'tol': 0.1, 'opt_primary': 16386.873001524767, 'objective_secondary': 1.675716479974509, 'sumE': 16386.
[92.11] [Task 161] ILP chose server: STARLINK-31751
[92.11] [Task 161] Routed STARLINK-30223 -> STARLINK-31751 | E_NET=0.009049 J | Remaining=119999.99 J
[92.118] Task 161 enqueued on CPU STARLINK-31751 qlen_enqueue=1
---> Task 162 (Type: CPU_Intensive) arriva in 92.50
--- [92.50] Task 162 using SearchNode Policy: v2_ilp_hybrid ---
[92.50] [Task 162] Entering ILP branch (v2)
[ε-constraint energy] sumE_B=8927.967862  bound=9820.764648  active=False
[ILP] res_type=dict value_preview={'stage': 'B', 'status': 'Optimal', 'primary': 'energy', 'tol': 0.1, 'opt_primary': 8927.967861500638, 'objective_secondary': 0.9077978944012149, 'sumE': 8927.9
[92.50] [Task 162] ILP chose server: STARLINK-31702
[92.50] [Task 162] Routed STARLINK-30223 -> STARLINK-31702 | E_NET=0.000030 J | Remaining=119999.99 J
[92.498] Task 162 enqueued on CPU STARLINK-31702 qlen_enqueue=1
[Task 157] Task eseguito su STARLINK-31763 30.623712458169216 degrees | CPU=12504.9098J, NET=0.0000J, TOTAL=12504.9099J, Remaining=81343.38J
[92.536] Task 157 served on STARLINK-31763 qlen_enqueue_cpu=1 qlen_enqueue_net=None time_in_queue=0.000
[157][GREEDY] STARLINK-31763 -> STARLINK-6195 | Tramission-time: 0.002096577417122245
[157] Energy routing consumed by STARLINK-31763: 0.000000 J (remaining 81343.38)
[MODE: BIDIRECTIONAL]
[157][GREEDY] CONSEGNATO! STARLINK-6195 -> OBS | Tramission-time: 3.220692715741867e-11
---> Task 163 (Type: CPU_Intensive) arriva in 93.12
--- [93.12] Task 163 using SearchNode Policy: v2_ilp_hybrid ---
[93.12] [Task 163] Entering ILP branch (v2)
[ε-constraint energy] sumE_B=3160.590314  bound=3476.649346  active=False
[ILP] res_type=dict value_preview={'stage': 'B', 'status': 'Optimal', 'primary': 'energy', 'tol': 0.1, 'opt_primary': 3160.590314140349, 'objective_secondary': 0.32139745393468183, 'sumE': 3160.
[93.12] [Task 163] ILP chose server: STARLINK-31763
[93.12] [Task 163] Routed STARLINK-30223 -> STARLINK-31763 | E_NET=0.000028 J | Remaining=119999.99 J
[93.123] Task 163 enqueued on CPU STARLINK-31763 qlen_enqueue=1
---> Task 164 (Type: CPU_Intensive) arriva in 93.25
--- [93.25] Task 164 using SearchNode Policy: v2_ilp_hybrid ---
[93.25] [Task 164] Entering ILP branch (v2)
[ε-constraint energy] sumE_B=8627.930110  bound=9490.723121  active=False
[ILP] res_type=dict value_preview={'stage': 'B', 'status': 'Optimal', 'primary': 'energy', 'tol': 0.1, 'opt_primary': 8627.930110038476, 'objective_secondary': 0.8772899571250145, 'sumE': 8627.9
[93.25] [Task 164] ILP chose server: STARLINK-31585
[93.25] [Task 164] Routed STARLINK-30223 -> STARLINK-31585 | E_NET=0.000029 J | Remaining=119999.99 J
[93.254] Task 164 enqueued on CPU STARLINK-31585 qlen_enqueue=1
---> Task 165 (Type: Generic_Service) arriva in 93.36
--- [93.36] Task 165 using SearchNode Policy: v2_ilp_hybrid ---
[93.36] [Task 165] Entering ILP branch (v2)
[ε-constraint energy] sumE_B=1063.459483  bound=1169.805432  active=False
[ILP] res_type=dict value_preview={'stage': 'B', 'status': 'Optimal', 'primary': 'energy', 'tol': 0.1, 'opt_primary': 1063.4594833926535, 'objective_secondary': 0.10815234390862169, 'sumE': 1063
[93.36] [Task 165] ILP chose server: STARLINK-31249
[93.36] [Task 165] Routed STARLINK-30223 -> STARLINK-31249 | E_NET=0.000022 J | Remaining=119999.99 J
[93.366] Task 165 enqueued on CPU STARLINK-31249 qlen_enqueue=1
[Task 162] Task eseguito su STARLINK-31702 32.290333791947134 degrees | CPU=8927.9678J, NET=0.0000J, TOTAL=8927.9679J, Remaining=101330.92J
[93.408] Task 162 served on STARLINK-31702 qlen_enqueue_cpu=1 qlen_enqueue_net=None time_in_queue=0.000
[162][GREEDY] STARLINK-31702 -> STARLINK-35136 | Tramission-time: 0.0020999888326029234
[162] Energy routing consumed by STARLINK-31702: 0.000000 J (remaining 101330.92)
[Task 163] Task eseguito su STARLINK-31763 30.623712458169216 degrees | CPU=3160.5903J, NET=0.0000J, TOTAL=3160.5903J, Remaining=78182.79J
[93.447] Task 163 served on STARLINK-31763 qlen_enqueue_cpu=1 qlen_enqueue_net=None time_in_queue=0.000
---> Task 166 (Type: CPU_and_Data_Intensive) arriva in 93.47
--- [93.47] Task 166 using SearchNode Policy: v2_ilp_hybrid ---
[93.47] [Task 166] Entering ILP branch (v2)
[ε-constraint energy] sumE_B=3988.974947  bound=4387.872442  active=False
[ILP] res_type=dict value_preview={'stage': 'B', 'status': 'Optimal', 'primary': 'energy', 'tol': 0.1, 'opt_primary': 3988.974947175219, 'objective_secondary': 0.539420884407124, 'sumE': 3988.97
[93.47] [Task 166] ILP chose server: STARLINK-31763
[93.47] [Task 166] Routed STARLINK-30223 -> STARLINK-31763 | E_NET=0.096860 J | Remaining=119999.89 J
[Task 165] Task eseguito su STARLINK-31249 32.11620300800971 degrees | CPU=1063.4595J, NET=0.0000J, TOTAL=1063.4595J, Remaining=118936.54J
[93.476] Task 165 served on STARLINK-31249 qlen_enqueue_cpu=1 qlen_enqueue_net=None time_in_queue=0.000
[MODE: BIDIRECTIONAL]
[162][GREEDY] CONSEGNATO! STARLINK-35136 -> OBS | Tramission-time: 2.127288670694818e-11
[165][GREEDY] STARLINK-31249 -> STARLINK-35136 | Tramission-time: 0.001727145794650934
[165] Energy routing consumed by STARLINK-31249: 0.000000 J (remaining 118936.54)
[163][GREEDY] STARLINK-31763 -> STARLINK-6195 | Tramission-time: 0.0020965774201495667
[163] Energy routing consumed by STARLINK-31763: 0.000000 J (remaining 78182.79)
[93.572] Task 166 enqueued on CPU STARLINK-31763 qlen_enqueue=1
[MODE: BIDIRECTIONAL]
[163][GREEDY] CONSEGNATO! STARLINK-6195 -> OBS | Tramission-time: 3.373047084102437e-11
[MODE: BIDIRECTIONAL]
[165][GREEDY] CONSEGNATO! STARLINK-35136 -> OBS | Tramission-time: 2.1863918771674282e-11
[93.784] Task 161 enqueued on NET STARLINK-31751 qlen_enqueue_net=1
[Task 161] Task eseguito su STARLINK-31751 44.04812016587466 degrees | CPU=16386.8634J, NET=0.0090J, TOTAL=16386.8725J, Remaining=51080.79J
[93.793] Task 161 served on STARLINK-31751 qlen_enqueue_cpu=1 qlen_enqueue_net=1 time_in_queue=0.000
[161][GREEDY] STARLINK-31751 -> STARLINK-31220 | Tramission-time: 0.0017834759943769272
[161] Energy routing consumed by STARLINK-31751: 0.000000 J (remaining 51080.79)
[MODE: BIDIRECTIONAL]
[161][GREEDY] CONSEGNATO! STARLINK-31220 -> OBS | Tramission-time: 8.395706539160592e-09
[93.978] Task 166 enqueued on NET STARLINK-31763 qlen_enqueue_net=1
----------------------------------------------------------------------
	||TIME IN SIMULATION : (seconds:94) (minutes: 1) ||

MODIFICA CONFIGURAZIONE IN CORSO...

Aggiornato il Tempo Globale:  2025-11-20 20:56:48
[Task 166] Task eseguito su STARLINK-31763 31.189241306117882 degrees | CPU=3988.8411J, NET=0.0969J, TOTAL=3988.9380J, Remaining=74193.85J
[94.075] Task 166 served on STARLINK-31763 qlen_enqueue_cpu=1 qlen_enqueue_net=1 time_in_queue=0.000
[Task 164] Task eseguito su STARLINK-31585 43.429819004361555 degrees | CPU=8627.9301J, NET=0.0000J, TOTAL=8627.9301J, Remaining=111372.07J
[94.133] Task 164 served on STARLINK-31585 qlen_enqueue_cpu=1 qlen_enqueue_net=None time_in_queue=0.000
---> Task 167 (Type: CPU_Intensive) arriva in 94.15
--- [94.15] Task 167 using SearchNode Policy: v2_ilp_hybrid ---
[94.15] [Task 167] Entering ILP branch (v2)
[ε-constraint energy] sumE_B=2118.957434  bound=2330.853177  active=False
[ILP] res_type=dict value_preview={'stage': 'B', 'status': 'Optimal', 'primary': 'energy', 'tol': 0.1, 'opt_primary': 2118.95743365265, 'objective_secondary': 0.2154857339653348, 'sumE': 2118.95
[94.15] [Task 167] ILP chose server: STARLINK-11403 [DTC]
[94.15] [Task 167] Routed STARLINK-6195 -> STARLINK-11403 [DTC] | E_NET=0.000028 J | Remaining=119999.98 J
[94.147] Task 167 enqueued on CPU STARLINK-11403 [DTC] qlen_enqueue=1
[164][GREEDY] STARLINK-31585 -> STARLINK-31220 | Tramission-time: 0.0014899152235626335
[164] Energy routing consumed by STARLINK-31585: 0.000000 J (remaining 111372.07)
[166][GREEDY] STARLINK-31763 -> STARLINK-6195 | Tramission-time: 0.002095563845924305
[166] Energy routing consumed by STARLINK-31763: 0.000000 J (remaining 74193.85)
[MODE: BIDIRECTIONAL]
[164][GREEDY] CONSEGNATO! STARLINK-31220 -> OBS | Tramission-time: 2.3097705521564508e-11
[MODE: BIDIRECTIONAL]
[166][GREEDY] CONSEGNATO! STARLINK-6195 -> OBS | Tramission-time: 9.337958646333933e-08
---> Task 168 (Type: Generic_Service) arriva in 94.26
--- [94.26] Task 168 using SearchNode Policy: v2_ilp_hybrid ---
[94.26] [Task 168] Entering ILP branch (v2)
[ε-constraint energy] sumE_B=564.453730  bound=620.899103  active=False
[ILP] res_type=dict value_preview={'stage': 'B', 'status': 'Optimal', 'primary': 'energy', 'tol': 0.1, 'opt_primary': 564.4537303152603, 'objective_secondary': 0.0573988063244373, 'sumE': 564.45
[94.26] [Task 168] ILP chose server: STARLINK-11474 [DTC]
[94.26] [Task 168] Routed STARLINK-6195 -> STARLINK-11474 [DTC] | E_NET=0.000005 J | Remaining=119999.98 J
[94.260] Task 168 enqueued on CPU STARLINK-11474 [DTC] qlen_enqueue=1
[Task 168] Task eseguito su STARLINK-11474 [DTC] 30.037965462038695 degrees | CPU=564.4537J, NET=0.0000J, TOTAL=564.4537J, Remaining=119435.55J
[94.318] Task 168 served on STARLINK-11474 [DTC] qlen_enqueue_cpu=1 qlen_enqueue_net=None time_in_queue=0.000
[168][GREEDY] STARLINK-11474 [DTC] -> STARLINK-31220 | Tramission-time: 0.0018399200859020486
[168] Energy routing consumed by STARLINK-11474 [DTC]: 0.000000 J (remaining 119435.55)
[Task 167] Task eseguito su STARLINK-11403 [DTC] 75.91129431385416 degrees | CPU=2118.9574J, NET=0.0000J, TOTAL=2118.9574J, Remaining=24908.10J
[94.365] Task 167 served on STARLINK-11403 [DTC] qlen_enqueue_cpu=1 qlen_enqueue_net=None time_in_queue=0.000
---> Task 169 (Type: CPU_Intensive) arriva in 94.44
--- [94.44] Task 169 using SearchNode Policy: v2_ilp_hybrid ---
[94.44] [Task 169] Entering ILP branch (v2)
[ε-constraint energy] sumE_B=9688.959658  bound=10657.855624  active=False
[ILP] res_type=dict value_preview={'stage': 'B', 'status': 'Optimal', 'primary': 'energy', 'tol': 0.1, 'opt_primary': 9688.959658236667, 'objective_secondary': 0.9851510370498553, 'sumE': 9688.9
[94.44] [Task 169] ILP chose server: STARLINK-11403 [DTC]
[94.44] [Task 169] Routed STARLINK-6195 -> STARLINK-11403 [DTC] | E_NET=0.000007 J | Remaining=119999.98 J
[94.437] Task 169 enqueued on CPU STARLINK-11403 [DTC] qlen_enqueue=1
[167][GREEDY] STARLINK-11403 [DTC] -> STARLINK-31220 | Tramission-time: 0.000578176109216677
[167] Energy routing consumed by STARLINK-11403 [DTC]: 0.000000 J (remaining 24908.10)
---> Task 170 (Type: Generic_Service) arriva in 94.46
--- [94.46] Task 170 using SearchNode Policy: v2_ilp_hybrid ---
[94.46] [Task 170] Entering ILP branch (v2)
[ε-constraint energy] sumE_B=209.345391  bound=230.279930  active=False
[ILP] res_type=dict value_preview={'stage': 'B', 'status': 'Optimal', 'primary': 'energy', 'tol': 0.1, 'opt_primary': 209.34539112270033, 'objective_secondary': 0.0213068787642135, 'sumE': 209.3
[94.46] [Task 170] ILP chose server: STARLINK-11474 [DTC]
[94.46] [Task 170] Routed STARLINK-6195 -> STARLINK-11474 [DTC] | E_NET=0.000015 J | Remaining=119999.98 J
[MODE: BIDIRECTIONAL]
[168][GREEDY] CONSEGNATO! STARLINK-31220 -> OBS | Tramission-time: 5.715110606099501e-12
[94.458] Task 170 enqueued on CPU STARLINK-11474 [DTC] qlen_enqueue=1
[Task 170] Task eseguito su STARLINK-11474 [DTC] 30.037965462038695 degrees | CPU=209.3454J, NET=0.0000J, TOTAL=209.3454J, Remaining=119226.20J
[94.481] Task 170 served on STARLINK-11474 [DTC] qlen_enqueue_cpu=1 qlen_enqueue_net=None time_in_queue=0.000
---> Task 171 (Type: CPU_Intensive) arriva in 94.49
--- [94.49] Task 171 using SearchNode Policy: v2_ilp_hybrid ---
[94.49] [Task 171] Entering ILP branch (v2)
[ε-constraint energy] sumE_B=4429.048630  bound=4871.953493  active=False
[ILP] res_type=dict value_preview={'stage': 'B', 'status': 'Optimal', 'primary': 'energy', 'tol': 0.1, 'opt_primary': 4429.048630355124, 'objective_secondary': 0.45034255179793947, 'sumE': 4429.
[94.49] [Task 171] ILP chose server: STARLINK-11474 [DTC]
[94.49] [Task 171] Routed STARLINK-6195 -> STARLINK-11474 [DTC] | E_NET=0.000008 J | Remaining=119999.98 J
[94.492] Task 171 enqueued on CPU STARLINK-11474 [DTC] qlen_enqueue=1
[MODE: BIDIRECTIONAL]
[167][GREEDY] CONSEGNATO! STARLINK-31220 -> OBS | Tramission-time: 3.2506219110136224e-11
[170][GREEDY] STARLINK-11474 [DTC] -> STARLINK-31220 | Tramission-time: 0.0018399200984193335
[170] Energy routing consumed by STARLINK-11474 [DTC]: 0.000000 J (remaining 119226.20)
---> Task 172 (Type: Generic_Service) arriva in 94.57
--- [94.57] Task 172 using SearchNode Policy: v2_ilp_hybrid ---
[94.57] [Task 172] Entering ILP branch (v2)
[ε-constraint energy] sumE_B=221.005448  bound=243.105993  active=False
[ILP] res_type=dict value_preview={'stage': 'B', 'status': 'Optimal', 'primary': 'energy', 'tol': 0.1, 'opt_primary': 221.00544797605062, 'objective_secondary': 0.022481242639083205, 'sumE': 221
[94.57] [Task 172] ILP chose server: STARLINK-1826
[94.57] [Task 172] Routed STARLINK-6195 -> STARLINK-1826 | E_NET=0.000007 J | Remaining=119999.98 J
[94.569] Task 172 enqueued on CPU STARLINK-1826 qlen_enqueue=1
[Task 172] Task eseguito su STARLINK-1826 46.69328868325842 degrees | CPU=221.0054J, NET=0.0000J, TOTAL=221.0054J, Remaining=72007.31J
[94.593] Task 172 served on STARLINK-1826 qlen_enqueue_cpu=1 qlen_enqueue_net=None time_in_queue=0.000
[MODE: BIDIRECTIONAL]
[170][GREEDY] CONSEGNATO! STARLINK-31220 -> OBS | Tramission-time: 1.70514016411207e-11
[172][GREEDY] STARLINK-1826 -> STARLINK-31220 | Tramission-time: 0.0013069655664669482
[172] Energy routing consumed by STARLINK-1826: 0.000000 J (remaining 72007.31)
[MODE: BIDIRECTIONAL]
[172][GREEDY] CONSEGNATO! STARLINK-31220 -> OBS | Tramission-time: 8.086435982799027e-12
---> Task 173 (Type: Generic_Service) arriva in 94.88
--- [94.88] Task 173 using SearchNode Policy: v2_ilp_hybrid ---
[94.88] [Task 173] Entering ILP branch (v2)
[ε-constraint energy] sumE_B=480.717783  bound=528.789562  active=False
[ILP] res_type=dict value_preview={'stage': 'B', 'status': 'Optimal', 'primary': 'energy', 'tol': 0.1, 'opt_primary': 480.7177831952247, 'objective_secondary': 0.048907293093292885, 'sumE': 480.
[94.88] [Task 173] ILP chose server: STARLINK-1826
[94.88] [Task 173] Routed STARLINK-6195 -> STARLINK-1826 | E_NET=0.000022 J | Remaining=119999.98 J
[94.877] Task 173 enqueued on CPU STARLINK-1826 qlen_enqueue=1
[Task 173] Task eseguito su STARLINK-1826 46.69328868325842 degrees | CPU=480.7178J, NET=0.0000J, TOTAL=480.7178J, Remaining=71526.59J
[94.928] Task 173 served on STARLINK-1826 qlen_enqueue_cpu=1 qlen_enqueue_net=None time_in_queue=0.000
[Task 171] Task eseguito su STARLINK-11474 [DTC] 30.037965462038695 degrees | CPU=4429.0486J, NET=0.0000J, TOTAL=4429.0486J, Remaining=114797.15J
[94.943] Task 171 served on STARLINK-11474 [DTC] qlen_enqueue_cpu=1 qlen_enqueue_net=None time_in_queue=0.000
---> Task 174 (Type: CPU_and_Data_Intensive) arriva in 94.95
--- [94.95] Task 174 using SearchNode Policy: v2_ilp_hybrid ---
[94.95] [Task 174] Entering ILP branch (v2)
[ε-constraint energy] sumE_B=1406.861387  bound=1547.547526  active=False
[ILP] res_type=dict value_preview={'stage': 'B', 'status': 'Optimal', 'primary': 'energy', 'tol': 0.1, 'opt_primary': 1406.8613872985773, 'objective_secondary': 0.14758832030164604, 'sumE': 1406
[94.95] [Task 174] ILP chose server: STARLINK-11474 [DTC]
[94.95] [Task 174] Routed STARLINK-6195 -> STARLINK-11474 [DTC] | E_NET=0.003218 J | Remaining=119999.97 J
[94.957] Task 174 enqueued on CPU STARLINK-11474 [DTC] qlen_enqueue=1
[173][GREEDY] STARLINK-1826 -> STARLINK-31220 | Tramission-time: 0.0013069655834229146
[173] Energy routing consumed by STARLINK-1826: 0.000000 J (remaining 71526.59)
[171][GREEDY] STARLINK-11474 [DTC] -> STARLINK-31220 | Tramission-time: 0.001839920089712906
[171] Energy routing consumed by STARLINK-11474 [DTC]: 0.000000 J (remaining 114797.15)
[MODE: BIDIRECTIONAL]
[173][GREEDY] CONSEGNATO! STARLINK-31220 -> OBS | Tramission-time: 1.9339668710222318e-11
[95.100] Task 174 enqueued on NET STARLINK-11474 [DTC] qlen_enqueue_net=1
[Task 174] Task eseguito su STARLINK-11474 [DTC] 30.037965462038695 degrees | CPU=1406.8568J, NET=0.0032J, TOTAL=1406.8601J, Remaining=113390.29J
[95.103] Task 174 served on STARLINK-11474 [DTC] qlen_enqueue_cpu=1 qlen_enqueue_net=1 time_in_queue=0.000
[MODE: BIDIRECTIONAL]
[171][GREEDY] CONSEGNATO! STARLINK-31220 -> OBS | Tramission-time: 1.0502386254823203e-11
[174][GREEDY] STARLINK-11474 [DTC] -> STARLINK-31220 | Tramission-time: 0.0018399240825324955
[174] Energy routing consumed by STARLINK-11474 [DTC]: 0.000000 J (remaining 113390.29)
[MODE: BIDIRECTIONAL]
[174][GREEDY] CONSEGNATO! STARLINK-31220 -> OBS | Tramission-time: 3.8010087848507156e-09
[Task 169] Task eseguito su STARLINK-11403 [DTC] 75.91129431385416 degrees | CPU=9688.9596J, NET=0.0000J, TOTAL=9688.9597J, Remaining=15219.14J
[95.422] Task 169 served on STARLINK-11403 [DTC] qlen_enqueue_cpu=1 qlen_enqueue_net=None time_in_queue=0.000
[169][GREEDY] STARLINK-11403 [DTC] -> STARLINK-31220 | Tramission-time: 0.0005781760904144275
[169] Energy routing consumed by STARLINK-11403 [DTC]: 0.000000 J (remaining 15219.14)
[MODE: BIDIRECTIONAL]
[169][GREEDY] CONSEGNATO! STARLINK-31220 -> OBS | Tramission-time: 6.155103652169188e-12
---> Task 175 (Type: CPU_Intensive) arriva in 95.82
--- [95.82] Task 175 using SearchNode Policy: v2_ilp_hybrid ---
[95.82] [Task 175] Entering ILP branch (v2)
[ε-constraint energy] sumE_B=9030.726969  bound=9933.799666  active=False
[ILP] res_type=dict value_preview={'stage': 'B', 'status': 'Optimal', 'primary': 'energy', 'tol': 0.1, 'opt_primary': 9030.726968749677, 'objective_secondary': 0.9182462744328913, 'sumE': 9030.7
[95.82] [Task 175] ILP chose server: STARLINK-11209 [DTC]
[95.82] [Task 175] Routed STARLINK-4525 -> STARLINK-11209 [DTC] | E_NET=0.000025 J | Remaining=119999.98 J
[95.823] Task 175 enqueued on CPU STARLINK-11209 [DTC] qlen_enqueue=1
----------------------------------------------------------------------
	||TIME IN SIMULATION : (seconds:96) (minutes: 1) ||

MODIFICA CONFIGURAZIONE IN CORSO...

Aggiornato il Tempo Globale:  2025-11-20 20:56:50
Satellite :STARLINK-11209 [DTC]
	elev:0
	is_AP:False 0° 175 set as SEN_OUT_OF_BUFF
[Task 175] Task eseguito su STARLINK-11209 [DTC] 0 degrees | CPU=9030.7269J, NET=0.0000J, TOTAL=9030.7270J, Remaining=110969.27J
[96.744] Task 175 served on STARLINK-11209 [DTC] qlen_enqueue_cpu=1 qlen_enqueue_net=None time_in_queue=0.000
---> Task 176 (Type: CPU_and_Data_Intensive) arriva in 96.85
--- [96.85] Task 176 using SearchNode Policy: v2_ilp_hybrid ---
[96.85] [Task 176] Entering ILP branch (v2)
[ε-constraint energy] sumE_B=738.551421  bound=812.406563  active=False
[ILP] res_type=dict value_preview={'stage': 'B', 'status': 'Optimal', 'primary': 'energy', 'tol': 0.1, 'opt_primary': 738.5514209383045, 'objective_secondary': 0.07924078254857858, 'sumE': 738.5
[96.85] [Task 176] ILP chose server: STARLINK-11403 [DTC]
[96.85] [Task 176] Routed STARLINK-4525 -> STARLINK-11403 [DTC] | E_NET=0.003268 J | Remaining=119999.97 J
[96.853] Task 176 enqueued on CPU STARLINK-11403 [DTC] qlen_enqueue=1
[96.928] Task 176 enqueued on NET STARLINK-11403 [DTC] qlen_enqueue_net=1
[Task 176] Task eseguito su STARLINK-11403 [DTC] 73.88673713761543 degrees | CPU=738.5473J, NET=0.0033J, TOTAL=738.5505J, Remaining=14480.59J
[96.931] Task 176 served on STARLINK-11403 [DTC] qlen_enqueue_cpu=1 qlen_enqueue_net=1 time_in_queue=0.000
[176][GREEDY] STARLINK-11403 [DTC] -> STARLINK-31220 | Tramission-time: 0.0005812387233657594
[176] Energy routing consumed by STARLINK-11403 [DTC]: 0.000000 J (remaining 14480.59)
[MODE: BIDIRECTIONAL]
[176][GREEDY] CONSEGNATO! STARLINK-31220 -> OBS | Tramission-time: 3.4236632762078693e-09
---> Task 177 (Type: Generic_Service) arriva in 97.08
--- [97.08] Task 177 using SearchNode Policy: v2_ilp_hybrid ---
[97.08] [Task 177] Entering ILP branch (v2)
[ε-constraint energy] sumE_B=343.938920  bound=378.332812  active=False
[ILP] res_type=dict value_preview={'stage': 'B', 'status': 'Optimal', 'primary': 'energy', 'tol': 0.1, 'opt_primary': 343.9389200649186, 'objective_secondary': 0.0349756640422384, 'sumE': 343.93
[97.08] [Task 177] ILP chose server: STARLINK-11403 [DTC]
[97.08] [Task 177] Routed STARLINK-6195 -> STARLINK-11403 [DTC] | E_NET=0.000004 J | Remaining=119999.97 J
[97.081] Task 177 enqueued on CPU STARLINK-11403 [DTC] qlen_enqueue=1
[Task 177] Task eseguito su STARLINK-11403 [DTC] 73.88673713761543 degrees | CPU=343.9389J, NET=0.0000J, TOTAL=343.9389J, Remaining=14136.65J
[97.116] Task 177 served on STARLINK-11403 [DTC] qlen_enqueue_cpu=1 qlen_enqueue_net=None time_in_queue=0.000
[177][GREEDY] STARLINK-11403 [DTC] -> STARLINK-31220 | Tramission-time: 0.0005812353139950264
[177] Energy routing consumed by STARLINK-11403 [DTC]: 0.000000 J (remaining 14136.65)
[MODE: BIDIRECTIONAL]
[177][GREEDY] CONSEGNATO! STARLINK-31220 -> OBS | Tramission-time: 3.462040875152035e-12
---> Task 178 (Type: CPU_Intensive) arriva in 97.79
--- [97.79] Task 178 using SearchNode Policy: v2_ilp_hybrid ---
[97.79] [Task 178] Entering ILP branch (v2)
[ε-constraint energy] sumE_B=2104.818987  bound=2315.300886  active=False
[ILP] res_type=dict value_preview={'stage': 'B', 'status': 'Optimal', 'primary': 'energy', 'tol': 0.1, 'opt_primary': 2104.818987153847, 'objective_secondary': 0.21402234273964593, 'sumE': 2104.
[97.79] [Task 178] ILP chose server: STARLINK-11403 [DTC]
[97.79] [Task 178] Routed STARLINK-6195 -> STARLINK-11403 [DTC] | E_NET=0.000009 J | Remaining=119999.97 J
[97.793] Task 178 enqueued on CPU STARLINK-11403 [DTC] qlen_enqueue=1
---> Task 179 (Type: CPU_Intensive) arriva in 97.88
--- [97.88] Task 179 using SearchNode Policy: v2_ilp_hybrid ---
[97.88] [Task 179] Entering ILP branch (v2)
[ε-constraint energy] sumE_B=108.988723  bound=119.887596  active=False
[ILP] res_type=dict value_preview={'stage': 'B', 'status': 'Optimal', 'primary': 'energy', 'tol': 0.1, 'opt_primary': 108.98872331357167, 'objective_secondary': 0.011113295179994296, 'sumE': 108
[97.88] [Task 179] ILP chose server: STARLINK-11474 [DTC]
[97.88] [Task 179] Routed STARLINK-6195 -> STARLINK-11474 [DTC] | E_NET=0.000024 J | Remaining=119999.97 J
[97.883] Task 179 enqueued on CPU STARLINK-11474 [DTC] qlen_enqueue=1
[Task 179] Task eseguito su STARLINK-11474 [DTC] 30.762431125396645 degrees | CPU=108.9887J, NET=0.0000J, TOTAL=108.9887J, Remaining=113281.30J
[97.897] Task 179 served on STARLINK-11474 [DTC] qlen_enqueue_cpu=1 qlen_enqueue_net=None time_in_queue=0.000
---> Task 180 (Type: Generic_Service) arriva in 97.96
--- [97.96] Task 180 using SearchNode Policy: v2_ilp_hybrid ---
[97.96] [Task 180] Entering ILP branch (v2)
[ε-constraint energy] sumE_B=1504.858846  bound=1655.344731  active=False
[ILP] res_type=dict value_preview={'stage': 'B', 'status': 'Optimal', 'primary': 'energy', 'tol': 0.1, 'opt_primary': 1504.8588462569571, 'objective_secondary': 0.15303749318307464, 'sumE': 1504
[97.96] [Task 180] ILP chose server: STARLINK-11474 [DTC]
[97.96] [Task 180] Routed STARLINK-6195 -> STARLINK-11474 [DTC] | E_NET=0.000021 J | Remaining=119999.97 J
[97.964] Task 180 enqueued on CPU STARLINK-11474 [DTC] qlen_enqueue=1
[179][GREEDY] STARLINK-11474 [DTC] -> STARLINK-31220 | Tramission-time: 0.0018366212720840043
[179] Energy routing consumed by STARLINK-11474 [DTC]: 0.000000 J (remaining 113281.30)
----------------------------------------------------------------------
	||TIME IN SIMULATION : (seconds:98) (minutes: 1) ||

MODIFICA CONFIGURAZIONE IN CORSO...

Aggiornato il Tempo Globale:  2025-11-20 20:56:52
[Task 178] Task eseguito su STARLINK-11403 [DTC] 71.85679772863243 degrees | CPU=2104.8190J, NET=0.0000J, TOTAL=2104.8190J, Remaining=12031.83J
[98.007] Task 178 served on STARLINK-11403 [DTC] qlen_enqueue_cpu=1 qlen_enqueue_net=None time_in_queue=0.000
[178][GREEDY] STARLINK-11403 [DTC] -> STARLINK-31220 | Tramission-time: 0.000584833254987031
[178] Energy routing consumed by STARLINK-11403 [DTC]: 0.000000 J (remaining 12031.83)
[MODE: BIDIRECTIONAL]
[179][GREEDY] CONSEGNATO! STARLINK-31220 -> OBS | Tramission-time: 2.3236809518897347e-11
[Task 180] Task eseguito su STARLINK-11474 [DTC] 31.510648546061176 degrees | CPU=1504.8588J, NET=0.0000J, TOTAL=1504.8588J, Remaining=111776.44J
[98.119] Task 180 served on STARLINK-11474 [DTC] qlen_enqueue_cpu=1 qlen_enqueue_net=None time_in_queue=0.000
[MODE: BIDIRECTIONAL]
[178][GREEDY] CONSEGNATO! STARLINK-31220 -> OBS | Tramission-time: 9.50186589424488e-12
[180][GREEDY] STARLINK-11474 [DTC] -> STARLINK-31220 | Tramission-time: 0.0018336306583746625
[180] Energy routing consumed by STARLINK-11474 [DTC]: 0.000000 J (remaining 111776.44)
[MODE: BIDIRECTIONAL]
[180][GREEDY] CONSEGNATO! STARLINK-31220 -> OBS | Tramission-time: 2.274267601498554e-11
---> Task 181 (Type: CPU_Intensive) arriva in 98.86
--- [98.86] Task 181 using SearchNode Policy: v2_ilp_hybrid ---
[98.86] [Task 181] Entering ILP branch (v2)
[ε-constraint energy] sumE_B=5859.621040  bound=6445.583144  active=False
[ILP] res_type=dict value_preview={'stage': 'B', 'status': 'Optimal', 'primary': 'energy', 'tol': 0.1, 'opt_primary': 5859.621040289871, 'objective_secondary': 0.5958074153650276, 'sumE': 5859.6
[98.86] [Task 181] ILP chose server: STARLINK-11403 [DTC]
[98.86] [Task 181] Routed STARLINK-6195 -> STARLINK-11403 [DTC] | E_NET=0.000016 J | Remaining=119999.97 J
[98.863] Task 181 enqueued on CPU STARLINK-11403 [DTC] qlen_enqueue=1
---> Task 182 (Type: CPU_Intensive) arriva in 99.11
--- [99.11] Task 182 using SearchNode Policy: v2_ilp_hybrid ---
[99.11] [Task 182] Entering ILP branch (v2)
[ε-constraint energy] sumE_B=1963.287566  bound=2159.616322  active=False
[ILP] res_type=dict value_preview={'stage': 'B', 'status': 'Optimal', 'primary': 'energy', 'tol': 0.1, 'opt_primary': 1963.2875657283212, 'objective_secondary': 0.19963010491961086, 'sumE': 1963
[99.11] [Task 182] ILP chose server: STARLINK-11474 [DTC]
[99.11] [Task 182] Routed STARLINK-6195 -> STARLINK-11474 [DTC] | E_NET=0.000009 J | Remaining=119999.97 J
[99.111] Task 182 enqueued on CPU STARLINK-11474 [DTC] qlen_enqueue=1
---> Task 183 (Type: CPU_Intensive) arriva in 99.21
--- [99.21] Task 183 using SearchNode Policy: v2_ilp_hybrid ---
[99.21] [Task 183] Entering ILP branch (v2)
[ε-constraint energy] sumE_B=4758.468667  bound=5234.315534  active=False
[ILP] res_type=dict value_preview={'stage': 'B', 'status': 'Optimal', 'primary': 'energy', 'tol': 0.1, 'opt_primary': 4758.4686672004955, 'objective_secondary': 0.4838397741450025, 'sumE': 4758.
[99.21] [Task 183] ILP chose server: STARLINK-1826
[99.21] [Task 183] Routed STARLINK-6195 -> STARLINK-1826 | E_NET=0.000014 J | Remaining=119999.97 J
[99.207] Task 183 enqueued on CPU STARLINK-1826 qlen_enqueue=1
---> Task 184 (Type: CPU_Intensive) arriva in 99.21
--- [99.21] Task 184 using SearchNode Policy: v2_ilp_hybrid ---
[99.21] [Task 184] Entering ILP branch (v2)
[ε-constraint energy] sumE_B=382.141270  bound=420.355397  active=False
[ILP] res_type=dict value_preview={'stage': 'B', 'status': 'Optimal', 'primary': 'energy', 'tol': 0.1, 'opt_primary': 382.14126961386705, 'objective_secondary': 0.038871272961016924, 'sumE': 382
[99.21] [Task 184] ILP chose server: STARLINK-2160
[99.21] [Task 184] Routed STARLINK-6195 -> STARLINK-2160 | E_NET=0.000012 J | Remaining=119999.97 J
[99.211] Task 184 enqueued on CPU STARLINK-2160 qlen_enqueue=1
[Task 184] Task eseguito su STARLINK-2160 54.66611276115215 degrees | CPU=382.1413J, NET=0.0000J, TOTAL=382.1413J, Remaining=118625.25J
[99.251] Task 184 served on STARLINK-2160 qlen_enqueue_cpu=1 qlen_enqueue_net=None time_in_queue=0.000
[184][GREEDY] STARLINK-2160 -> STARLINK-31220 | Tramission-time: 0.0012458370190383966
[184] Energy routing consumed by STARLINK-2160: 0.000000 J (remaining 118625.25)
[Task 182] Task eseguito su STARLINK-11474 [DTC] 31.510648546061176 degrees | CPU=1963.2876J, NET=0.0000J, TOTAL=1963.2876J, Remaining=109813.16J
[99.312] Task 182 served on STARLINK-11474 [DTC] qlen_enqueue_cpu=1 qlen_enqueue_net=None time_in_queue=0.000
[MODE: BIDIRECTIONAL]
[184][GREEDY] CONSEGNATO! STARLINK-31220 -> OBS | Tramission-time: 1.1841327367648008e-11
[182][GREEDY] STARLINK-11474 [DTC] -> STARLINK-31220 | Tramission-time: 0.0018336306456114282
[182] Energy routing consumed by STARLINK-11474 [DTC]: 0.000000 J (remaining 109813.16)
---> Task 185 (Type: CPU_Intensive) arriva in 99.43
--- [99.43] Task 185 using SearchNode Policy: v2_ilp_hybrid ---
[99.43] [Task 185] Entering ILP branch (v2)
[ε-constraint energy] sumE_B=1924.251392  bound=2116.676532  active=False
[ILP] res_type=dict value_preview={'stage': 'B', 'status': 'Optimal', 'primary': 'energy', 'tol': 0.1, 'opt_primary': 1924.2513923072638, 'objective_secondary': 0.19568259911050326, 'sumE': 1924
[99.43] [Task 185] ILP chose server: STARLINK-11474 [DTC]
[99.43] [Task 185] Routed STARLINK-6195 -> STARLINK-11474 [DTC] | E_NET=0.000029 J | Remaining=119999.97 J
[99.435] Task 185 enqueued on CPU STARLINK-11474 [DTC] qlen_enqueue=1
---> Task 186 (Type: Generic_Service) arriva in 99.46
--- [99.46] Task 186 using SearchNode Policy: v2_ilp_hybrid ---
[99.46] [Task 186] Entering ILP branch (v2)
[ε-constraint energy] sumE_B=284.967536  bound=313.464289  active=False
[ILP] res_type=dict value_preview={'stage': 'B', 'status': 'Optimal', 'primary': 'energy', 'tol': 0.1, 'opt_primary': 284.96753562295373, 'objective_secondary': 0.02898640466175525, 'sumE': 284.
[99.46] [Task 186] ILP chose server: STARLINK-2160
[99.46] [Task 186] Routed STARLINK-6195 -> STARLINK-2160 | E_NET=0.000009 J | Remaining=119999.97 J
[99.457] Task 186 enqueued on CPU STARLINK-2160 qlen_enqueue=1
[Task 181] Task eseguito su STARLINK-11403 [DTC] 71.85679772863243 degrees | CPU=5859.6210J, NET=0.0000J, TOTAL=5859.6210J, Remaining=6172.21J
[99.460] Task 181 served on STARLINK-11403 [DTC] qlen_enqueue_cpu=1 qlen_enqueue_net=None time_in_queue=0.000
[181][GREEDY] STARLINK-11403 [DTC] -> STARLINK-31220 | Tramission-time: 0.0005848332607944259
[181] Energy routing consumed by STARLINK-11403 [DTC]: 0.000000 J (remaining 6172.21)
[MODE: BIDIRECTIONAL]
[182][GREEDY] CONSEGNATO! STARLINK-31220 -> OBS | Tramission-time: 7.415792648969843e-12
[Task 186] Task eseguito su STARLINK-2160 54.66611276115215 degrees | CPU=284.9675J, NET=0.0000J, TOTAL=284.9675J, Remaining=118340.28J
[99.486] Task 186 served on STARLINK-2160 qlen_enqueue_cpu=1 qlen_enqueue_net=None time_in_queue=0.000
[MODE: BIDIRECTIONAL]
[181][GREEDY] CONSEGNATO! STARLINK-31220 -> OBS | Tramission-time: 1.315496564323553e-11
[186][GREEDY] STARLINK-2160 -> STARLINK-31220 | Tramission-time: 0.001245837014539723
[186] Energy routing consumed by STARLINK-2160: 0.000000 J (remaining 118340.28)
[Task 185] Task eseguito su STARLINK-11474 [DTC] 31.510648546061176 degrees | CPU=1924.2514J, NET=0.0000J, TOTAL=1924.2514J, Remaining=107888.91J
[99.633] Task 185 served on STARLINK-11474 [DTC] qlen_enqueue_cpu=1 qlen_enqueue_net=None time_in_queue=0.000
[MODE: BIDIRECTIONAL]
[186][GREEDY] CONSEGNATO! STARLINK-31220 -> OBS | Tramission-time: 9.942951713614869e-12
[185][GREEDY] STARLINK-11474 [DTC] -> STARLINK-31220 | Tramission-time: 0.0018336306614343838
[185] Energy routing consumed by STARLINK-11474 [DTC]: 0.000000 J (remaining 107888.91)
[Task 183] Task eseguito su STARLINK-1826 48.49880532983798 degrees | CPU=4758.4687J, NET=0.0000J, TOTAL=4758.4687J, Remaining=66768.12J
[99.692] Task 183 served on STARLINK-1826 qlen_enqueue_cpu=1 qlen_enqueue_net=None time_in_queue=0.000
---> Task 187 (Type: CPU_Intensive) arriva in 99.70
--- [99.70] Task 187 using SearchNode Policy: v2_ilp_hybrid ---
[99.70] [Task 187] Entering ILP branch (v2)
[ε-constraint energy] sumE_B=6130.829298  bound=6743.912228  active=False
[ILP] res_type=dict value_preview={'stage': 'B', 'status': 'Optimal', 'primary': 'energy', 'tol': 0.1, 'opt_primary': 6130.829298302954, 'objective_secondary': 0.6234034740849672, 'sumE': 6130.8
[99.70] [Task 187] ILP chose server: STARLINK-11403 [DTC]
[99.70] [Task 187] Routed STARLINK-6195 -> STARLINK-11403 [DTC] | E_NET=0.000032 J | Remaining=119999.97 J
[99.698] Task 187 enqueued on CPU STARLINK-11403 [DTC] qlen_enqueue=1
[MODE: BIDIRECTIONAL]
[185][GREEDY] CONSEGNATO! STARLINK-31220 -> OBS | Tramission-time: 2.1737688076588094e-11
[183][GREEDY] STARLINK-1826 -> STARLINK-31220 | Tramission-time: 0.0013113139378724764
[183] Energy routing consumed by STARLINK-1826: 0.000000 J (remaining 66768.12)
[MODE: BIDIRECTIONAL]
[183][GREEDY] CONSEGNATO! STARLINK-31220 -> OBS | Tramission-time: 1.1986632793966918e-11
----------------------------------------------------------------------
	||TIME IN SIMULATION : (seconds:100) (minutes: 1) ||

MODIFICA CONFIGURAZIONE IN CORSO...

Aggiornato il Tempo Globale:  2025-11-20 20:56:54
[Task 187] Task eseguito su STARLINK-11403 [DTC] 69.84058504317645 degrees | CPU=6130.8293J, NET=0.0000J, TOTAL=6130.8293J, Remaining=41.38J
[100.324] Task 187 served on STARLINK-11403 [DTC] qlen_enqueue_cpu=1 qlen_enqueue_net=None time_in_queue=0.000
[187][GREEDY] STARLINK-11403 [DTC] -> STARLINK-31220 | Tramission-time: 0.0005889599959920682
[187] Energy routing consumed by STARLINK-11403 [DTC]: 0.000000 J (remaining 41.38)
[MODE: BIDIRECTIONAL]
[187][GREEDY] CONSEGNATO! STARLINK-31220 -> OBS | Tramission-time: 2.832984558066448e-11
---> Task 188 (Type: Generic_Service) arriva in 100.41
--- [100.41] Task 188 using SearchNode Policy: v2_ilp_hybrid ---
[100.41] [Task 188] Entering ILP branch (v2)
[ε-constraint energy] sumE_B=53.848865  bound=59.233751  active=False
[ILP] res_type=dict value_preview={'stage': 'B', 'status': 'Optimal', 'primary': 'energy', 'tol': 0.1, 'opt_primary': 53.84886462087627, 'objective_secondary': 0.005486836758029807, 'sumE': 53.8
[100.41] [Task 188] ILP chose server: STARLINK-11474 [DTC]
[100.41] [Task 188] Routed STARLINK-6195 -> STARLINK-11474 [DTC] | E_NET=0.000010 J | Remaining=119999.97 J
[100.412] Task 188 enqueued on CPU STARLINK-11474 [DTC] qlen_enqueue=1
[Task 188] Task eseguito su STARLINK-11474 [DTC] 32.28367402627384 degrees | CPU=53.8489J, NET=0.0000J, TOTAL=53.8489J, Remaining=107835.06J
[100.418] Task 188 served on STARLINK-11474 [DTC] qlen_enqueue_cpu=1 qlen_enqueue_net=None time_in_queue=0.000
[188][GREEDY] STARLINK-11474 [DTC] -> STARLINK-31220 | Tramission-time: 0.0018309498068352509
[188] Energy routing consumed by STARLINK-11474 [DTC]: 0.000000 J (remaining 107835.06)
[MODE: BIDIRECTIONAL]
[188][GREEDY] CONSEGNATO! STARLINK-31220 -> OBS | Tramission-time: 8.06220100723175e-12
---> Task 189 (Type: Generic_Service) arriva in 100.85
--- [100.85] Task 189 using SearchNode Policy: v2_ilp_hybrid ---
[100.85] [Task 189] Entering ILP branch (v2)
[ε-constraint energy] sumE_B=1409.682783  bound=1550.651061  active=False
[ILP] res_type=dict value_preview={'stage': 'B', 'status': 'Optimal', 'primary': 'energy', 'tol': 0.1, 'opt_primary': 1409.68278289659, 'objective_secondary': 0.14337002618678765, 'sumE': 1409.6
[100.85] [Task 189] ILP chose server: STARLINK-11474 [DTC]
[100.85] [Task 189] Routed STARLINK-6195 -> STARLINK-11474 [DTC] | E_NET=0.000033 J | Remaining=119999.97 J
[100.849] Task 189 enqueued on CPU STARLINK-11474 [DTC] qlen_enqueue=1
---> Task 190 (Type: CPU_Intensive) arriva in 100.91
--- [100.91] Task 190 using SearchNode Policy: v2_ilp_hybrid ---
[100.91] [Task 190] Entering ILP branch (v2)
[ε-constraint energy] sumE_B=448.404568  bound=493.245025  active=False
[ILP] res_type=dict value_preview={'stage': 'B', 'status': 'Optimal', 'primary': 'energy', 'tol': 0.1, 'opt_primary': 448.40456813491755, 'objective_secondary': 0.04560159531828549, 'sumE': 448.
[100.91] [Task 190] ILP chose server: STARLINK-1826
[100.91] [Task 190] Routed STARLINK-6195 -> STARLINK-1826 | E_NET=0.000007 J | Remaining=119999.97 J
[100.912] Task 190 enqueued on CPU STARLINK-1826 qlen_enqueue=1
[Task 190] Task eseguito su STARLINK-1826 49.41645686530932 degrees | CPU=448.4046J, NET=0.0000J, TOTAL=448.4046J, Remaining=66319.72J
[100.959] Task 190 served on STARLINK-1826 qlen_enqueue_cpu=1 qlen_enqueue_net=None time_in_queue=0.000
[MODE: BIDIRECTIONAL]
[190][GREEDY] CONSEGNATO! STARLINK-1826 -> OBS | Tramission-time: 8.584089749050166e-12
[Task 189] Task eseguito su STARLINK-11474 [DTC] 32.28367402627384 degrees | CPU=1409.6827J, NET=0.0000J, TOTAL=1409.6828J, Remaining=106425.37J
[100.995] Task 189 served on STARLINK-11474 [DTC] qlen_enqueue_cpu=1 qlen_enqueue_net=None time_in_queue=0.000
[189][GREEDY] STARLINK-11474 [DTC] -> STARLINK-31220 | Tramission-time: 0.0018309498292121314
[189] Energy routing consumed by STARLINK-11474 [DTC]: 0.000000 J (remaining 106425.37)
[MODE: BIDIRECTIONAL]
[189][GREEDY] CONSEGNATO! STARLINK-31220 -> OBS | Tramission-time: 2.7493755957276526e-11
---> Task 191 (Type: Generic_Service) arriva in 101.84
--- [101.84] Task 191 using SearchNode Policy: v2_ilp_hybrid ---
[101.84] [Task 191] Entering ILP branch (v2)
[ε-constraint energy] sumE_B=112.833245  bound=124.116570  active=False
[ILP] res_type=dict value_preview={'stage': 'B', 'status': 'Optimal', 'primary': 'energy', 'tol': 0.1, 'opt_primary': 112.83324547289106, 'objective_secondary': 0.011494842760285931, 'sumE': 112
[101.84] [Task 191] ILP chose server: STARLINK-11474 [DTC]
[101.84] [Task 191] Routed STARLINK-6195 -> STARLINK-11474 [DTC] | E_NET=0.000019 J | Remaining=119999.97 J
[101.838] Task 191 enqueued on CPU STARLINK-11474 [DTC] qlen_enqueue=1
[Task 191] Task eseguito su STARLINK-11474 [DTC] 32.28367402627384 degrees | CPU=112.8332J, NET=0.0000J, TOTAL=112.8332J, Remaining=106312.54J
[101.851] Task 191 served on STARLINK-11474 [DTC] qlen_enqueue_cpu=1 qlen_enqueue_net=None time_in_queue=0.000
[191][GREEDY] STARLINK-11474 [DTC] -> STARLINK-31220 | Tramission-time: 0.0018309498188215968
[191] Energy routing consumed by STARLINK-11474 [DTC]: 0.000000 J (remaining 106312.54)
---> Task 192 (Type: Generic_Service) arriva in 101.96
--- [101.96] Task 192 using SearchNode Policy: v2_ilp_hybrid ---
[101.96] [Task 192] Entering ILP branch (v2)
[ε-constraint energy] sumE_B=278.152212  bound=305.967433  active=False
[ILP] res_type=dict value_preview={'stage': 'B', 'status': 'Optimal', 'primary': 'energy', 'tol': 0.1, 'opt_primary': 278.15221150010217, 'objective_secondary': 0.028287917312337884, 'sumE': 278
[101.96] [Task 192] ILP chose server: STARLINK-11474 [DTC]
[101.96] [Task 192] Routed STARLINK-6195 -> STARLINK-11474 [DTC] | E_NET=0.000005 J | Remaining=119999.97 J
[101.966] Task 192 enqueued on CPU STARLINK-11474 [DTC] qlen_enqueue=1
[MODE: BIDIRECTIONAL]
[191][GREEDY] CONSEGNATO! STARLINK-31220 -> OBS | Tramission-time: 1.8441370727784654e-11
[Task 192] Task eseguito su STARLINK-11474 [DTC] 32.28367402627384 degrees | CPU=278.1522J, NET=0.0000J, TOTAL=278.1522J, Remaining=106034.39J
[101.995] Task 192 served on STARLINK-11474 [DTC] qlen_enqueue_cpu=1 qlen_enqueue_net=None time_in_queue=0.000
----------------------------------------------------------------------
	||TIME IN SIMULATION : (seconds:102) (minutes: 1) ||

MODIFICA CONFIGURAZIONE IN CORSO...

Aggiornato il Tempo Globale:  2025-11-20 20:56:56
[192][GREEDY] STARLINK-11474 [DTC] -> STARLINK-35136 | Tramission-time: 0.0018748268234257855
[192] Energy routing consumed by STARLINK-11474 [DTC]: 0.000000 J (remaining 106034.39)
---> Task 193 (Type: Generic_Service) arriva in 102.09
--- [102.09] Task 193 using SearchNode Policy: v2_ilp_hybrid ---
[102.09] [Task 193] Entering ILP branch (v2)
[ε-constraint energy] sumE_B=1837.916596  bound=2021.708256  active=False
[ILP] res_type=dict value_preview={'stage': 'B', 'status': 'Optimal', 'primary': 'energy', 'tol': 0.1, 'opt_primary': 1837.9165961738977, 'objective_secondary': 0.1868812567088412, 'sumE': 1837.
[102.09] [Task 193] ILP chose server: STARLINK-32945
[102.09] [Task 193] Routed STARLINK-35269 -> STARLINK-32945 | E_NET=0.000007 J | Remaining=120000.00 J
[102.092] Task 193 enqueued on CPU STARLINK-32945 qlen_enqueue=1
[MODE: BIDIRECTIONAL]
[192][GREEDY] CONSEGNATO! STARLINK-35136 -> OBS | Tramission-time: 4.3886483807868624e-12
[Task 193] Task eseguito su STARLINK-32945 29.21667304061736 degrees | CPU=1837.9166J, NET=0.0000J, TOTAL=1837.9166J, Remaining=118162.08J
[102.280] Task 193 served on STARLINK-32945 qlen_enqueue_cpu=1 qlen_enqueue_net=None time_in_queue=0.000
[193][GREEDY] STARLINK-32945 -> STARLINK-30223 | Tramission-time: 0.0021277213459602994
[193] Energy routing consumed by STARLINK-32945: 0.000000 J (remaining 118162.08)
[MODE: BIDIRECTIONAL]
[193][GREEDY] CONSEGNATO! STARLINK-30223 -> OBS | Tramission-time: 6.81470193735405e-12
---> Task 194 (Type: CPU_and_Data_Intensive) arriva in 103.35
--- [103.35] Task 194 using SearchNode Policy: v2_ilp_hybrid ---
[103.35] [Task 194] Entering ILP branch (v2)
[ε-constraint energy] sumE_B=108.813031  bound=119.694334  active=False
[ILP] res_type=dict value_preview={'stage': 'B', 'status': 'Optimal', 'primary': 'energy', 'tol': 0.1, 'opt_primary': 108.81303104290997, 'objective_secondary': 0.02073089927586771, 'sumE': 108.
[103.35] [Task 194] ILP chose server: STARLINK-32945
[103.35] [Task 194] Routed STARLINK-35269 -> STARLINK-32945 | E_NET=0.009170 J | Remaining=119999.99 J
[103.358] Task 194 enqueued on CPU STARLINK-32945 qlen_enqueue=1
[103.369] Task 194 enqueued on NET STARLINK-32945 qlen_enqueue_net=1
[Task 194] Task eseguito su STARLINK-32945 29.21667304061736 degrees | CPU=108.8034J, NET=0.0092J, TOTAL=108.8125J, Remaining=118053.27J
[103.378] Task 194 served on STARLINK-32945 qlen_enqueue_cpu=1 qlen_enqueue_net=1 time_in_queue=0.000
[194][GREEDY] STARLINK-32945 -> STARLINK-30223 | Tramission-time: 0.002127727817527718
[194] Energy routing consumed by STARLINK-32945: 0.000000 J (remaining 118053.27)
[MODE: BIDIRECTIONAL]
[194][GREEDY] CONSEGNATO! STARLINK-30223 -> OBS | Tramission-time: 6.450867939932619e-09
---> Task 195 (Type: CPU_and_Data_Intensive) arriva in 103.57
--- [103.57] Task 195 using SearchNode Policy: v2_ilp_hybrid ---
[103.57] [Task 195] Entering ILP branch (v2)
[ε-constraint energy] sumE_B=1594.788391  bound=1754.267230  active=False
[ILP] res_type=dict value_preview={'stage': 'B', 'status': 'Optimal', 'primary': 'energy', 'tol': 0.1, 'opt_primary': 1594.788391005607, 'objective_secondary': 0.16301137682857414, 'sumE': 1594.
[103.57] [Task 195] ILP chose server: STARLINK-32945
[103.57] [Task 195] Routed STARLINK-35269 -> STARLINK-32945 | E_NET=0.000814 J | Remaining=119999.99 J
[103.577] Task 195 enqueued on CPU STARLINK-32945 qlen_enqueue=1
[103.739] Task 195 enqueued on NET STARLINK-32945 qlen_enqueue_net=1
[Task 195] Task eseguito su STARLINK-32945 29.21667304061736 degrees | CPU=1594.7875J, NET=0.0008J, TOTAL=1594.7883J, Remaining=116458.48J
[103.740] Task 195 served on STARLINK-32945 qlen_enqueue_cpu=1 qlen_enqueue_net=1 time_in_queue=0.000
[195][GREEDY] STARLINK-32945 -> STARLINK-30223 | Tramission-time: 0.0021277219367689362
[195] Energy routing consumed by STARLINK-32945: 0.000000 J (remaining 116458.48)
[MODE: BIDIRECTIONAL]
[195][GREEDY] CONSEGNATO! STARLINK-30223 -> OBS | Tramission-time: 5.979207264784485e-10
----------------------------------------------------------------------
	||TIME IN SIMULATION : (seconds:104) (minutes: 1) ||

MODIFICA CONFIGURAZIONE IN CORSO...

Aggiornato il Tempo Globale:  2025-11-20 20:56:58
---> Task 196 (Type: Generic_Service) arriva in 104.26
--- [104.26] Task 196 using SearchNode Policy: v2_ilp_hybrid ---
[104.26] [Task 196] Entering ILP branch (v2)
[ε-constraint energy] sumE_B=456.151547  bound=501.766702  active=False
[ILP] res_type=dict value_preview={'stage': 'B', 'status': 'Optimal', 'primary': 'energy', 'tol': 0.1, 'opt_primary': 456.15154694988263, 'objective_secondary': 0.04641916004102167, 'sumE': 456.
[104.26] [Task 196] ILP chose server: STARLINK-32654
[104.26] [Task 196] Routed STARLINK-35269 -> STARLINK-32654 | E_NET=0.000031 J | Remaining=119999.99 J
[104.261] Task 196 enqueued on CPU STARLINK-32654 qlen_enqueue=1
[Task 196] Task eseguito su STARLINK-32654 57.598199648921 degrees | CPU=456.1515J, NET=0.0000J, TOTAL=456.1515J, Remaining=52200.19J
[104.310] Task 196 served on STARLINK-32654 qlen_enqueue_cpu=1 qlen_enqueue_net=None time_in_queue=0.000
[196][GREEDY] STARLINK-32654 -> STARLINK-35136 | Tramission-time: 0.0013077059107292092
[196] Energy routing consumed by STARLINK-32654: 0.000000 J (remaining 52200.19)
[MODE: BIDIRECTIONAL]
[196][GREEDY] CONSEGNATO! STARLINK-35136 -> OBS | Tramission-time: 3.1142274385770674e-11
---> Task 197 (Type: CPU_Intensive) arriva in 104.45
--- [104.45] Task 197 using SearchNode Policy: v2_ilp_hybrid ---
[104.45] [Task 197] Entering ILP branch (v2)
[ε-constraint energy] sumE_B=2880.265486  bound=3168.292035  active=False
[ILP] res_type=dict value_preview={'stage': 'B', 'status': 'Optimal', 'primary': 'energy', 'tol': 0.1, 'opt_primary': 2880.265485983901, 'objective_secondary': 0.292871557835531, 'sumE': 2880.26
[104.45] [Task 197] ILP chose server: STARLINK-32654
[104.45] [Task 197] Routed STARLINK-35269 -> STARLINK-32654 | E_NET=0.000012 J | Remaining=119999.99 J
[104.449] Task 197 enqueued on CPU STARLINK-32654 qlen_enqueue=1
---> Task 198 (Type: CPU_Intensive) arriva in 104.48
--- [104.48] Task 198 using SearchNode Policy: v2_ilp_hybrid ---
[104.48] [Task 198] Entering ILP branch (v2)
[ε-constraint energy] sumE_B=215.063730  bound=236.570103  active=False
[ILP] res_type=dict value_preview={'stage': 'B', 'status': 'Optimal', 'primary': 'energy', 'tol': 0.1, 'opt_primary': 215.06372998044634, 'objective_secondary': 0.02189871535592758, 'sumE': 215.
[104.48] [Task 198] ILP chose server: STARLINK-31763
[104.48] [Task 198] Routed STARLINK-35269 -> STARLINK-31763 | E_NET=0.000030 J | Remaining=119999.99 J
[104.480] Task 198 enqueued on CPU STARLINK-31763 qlen_enqueue=1
[Task 198] Task eseguito su STARLINK-31763 34.2195340960202 degrees | CPU=215.0637J, NET=0.0000J, TOTAL=215.0637J, Remaining=73978.79J
[104.504] Task 198 served on STARLINK-31763 qlen_enqueue_cpu=1 qlen_enqueue_net=None time_in_queue=0.000
[198][GREEDY] STARLINK-31763 -> STARLINK-35136 | Tramission-time: 0.002085060158860375
[198] Energy routing consumed by STARLINK-31763: 0.000000 J (remaining 73978.79)
[MODE: BIDIRECTIONAL]
[198][GREEDY] CONSEGNATO! STARLINK-35136 -> OBS | Tramission-time: 2.5022436043333403e-11
[Task 197] Task eseguito su STARLINK-32654 57.598199648921 degrees | CPU=2880.2655J, NET=0.0000J, TOTAL=2880.2655J, Remaining=49319.92J
[104.743] Task 197 served on STARLINK-32654 qlen_enqueue_cpu=1 qlen_enqueue_net=None time_in_queue=0.000
[197][GREEDY] STARLINK-32654 -> STARLINK-35136 | Tramission-time: 0.001307705891985992
[197] Energy routing consumed by STARLINK-32654: 0.000000 J (remaining 49319.92)
[MODE: BIDIRECTIONAL]
[197][GREEDY] CONSEGNATO! STARLINK-35136 -> OBS | Tramission-time: 1.047965900364433e-11
---> Task 199 (Type: CPU_Intensive) arriva in 104.97
--- [104.97] Task 199 using SearchNode Policy: v2_ilp_hybrid ---
[104.97] [Task 199] Entering ILP branch (v2)
[ε-constraint energy] sumE_B=407.081917  bound=447.790108  active=False
[ILP] res_type=dict value_preview={'stage': 'B', 'status': 'Optimal', 'primary': 'energy', 'tol': 0.1, 'opt_primary': 407.0819167461536, 'objective_secondary': 0.0413977254254548, 'sumE': 407.08
[104.97] [Task 199] ILP chose server: STARLINK-32654
[104.97] [Task 199] Routed STARLINK-35269 -> STARLINK-32654 | E_NET=0.000006 J | Remaining=119999.99 J
[104.975] Task 199 enqueued on CPU STARLINK-32654 qlen_enqueue=1
[Task 199] Task eseguito su STARLINK-32654 57.598199648921 degrees | CPU=407.0819J, NET=0.0000J, TOTAL=407.0819J, Remaining=48912.84J
[105.017] Task 199 served on STARLINK-32654 qlen_enqueue_cpu=1 qlen_enqueue_net=None time_in_queue=0.000
[199][GREEDY] STARLINK-32654 -> STARLINK-35136 | Tramission-time: 0.001307705883231044
[199] Energy routing consumed by STARLINK-32654: 0.000000 J (remaining 48912.84)
[MODE: BIDIRECTIONAL]
[199][GREEDY] CONSEGNATO! STARLINK-35136 -> OBS | Tramission-time: 5.402071117515735e-12
---> Task 200 (Type: CPU_Intensive) arriva in 105.39
--- [105.39] Task 200 using SearchNode Policy: v2_ilp_hybrid ---
[105.39] [Task 200] Entering ILP branch (v2)
[ε-constraint energy] sumE_B=13209.440110  bound=14530.384121  active=False
[ILP] res_type=dict value_preview={'stage': 'B', 'status': 'Optimal', 'primary': 'energy', 'tol': 0.1, 'opt_primary': 13209.440109791047, 'objective_secondary': 1.3430995429489152, 'sumE': 13209
[105.39] [Task 200] ILP chose server: STARLINK-32654
[105.39] [Task 200] Routed STARLINK-35269 -> STARLINK-32654 | E_NET=0.000005 J | Remaining=119999.99 J
[105.395] Task 200 enqueued on CPU STARLINK-32654 qlen_enqueue=1
---> Task 201 (Type: Generic_Service) arriva in 105.65
--- [105.65] Task 201 using SearchNode Policy: v2_ilp_hybrid ---
[105.65] [Task 201] Entering ILP branch (v2)
[ε-constraint energy] sumE_B=1496.203332  bound=1645.823665  active=False
[ILP] res_type=dict value_preview={'stage': 'B', 'status': 'Optimal', 'primary': 'energy', 'tol': 0.1, 'opt_primary': 1496.2033318372182, 'objective_secondary': 0.15214394239723522, 'sumE': 1496
[105.65] [Task 201] ILP chose server: STARLINK-31763
[105.65] [Task 201] Routed STARLINK-35269 -> STARLINK-31763 | E_NET=0.000014 J | Remaining=119999.99 J
[105.652] Task 201 enqueued on CPU STARLINK-31763 qlen_enqueue=1
---> Task 202 (Type: CPU_Intensive) arriva in 105.65
--- [105.65] Task 202 using SearchNode Policy: v2_ilp_hybrid ---
[105.65] [Task 202] Entering ILP branch (v2)
[ε-constraint energy] sumE_B=2362.366272  bound=2598.602899  active=False
[ILP] res_type=dict value_preview={'stage': 'B', 'status': 'Optimal', 'primary': 'energy', 'tol': 0.1, 'opt_primary': 2362.3662721239175, 'objective_secondary': 0.24020291458787127, 'sumE': 2362
[105.65] [Task 202] ILP chose server: STARLINK-31751
[105.65] [Task 202] Routed STARLINK-35269 -> STARLINK-31751 | E_NET=0.000004 J | Remaining=119999.99 J
[105.656] Task 202 enqueued on CPU STARLINK-31751 qlen_enqueue=1
[Task 201] Task eseguito su STARLINK-31763 34.2195340960202 degrees | CPU=1496.2033J, NET=0.0000J, TOTAL=1496.2033J, Remaining=72482.59J
[105.805] Task 201 served on STARLINK-31763 qlen_enqueue_cpu=1 qlen_enqueue_net=None time_in_queue=0.000
[Task 202] Task eseguito su STARLINK-31751 40.8434145145949 degrees | CPU=2362.3663J, NET=0.0000J, TOTAL=2362.3663J, Remaining=48718.43J
[105.897] Task 202 served on STARLINK-31751 qlen_enqueue_cpu=1 qlen_enqueue_net=None time_in_queue=0.000
[202][GREEDY] STARLINK-31751 -> STARLINK-35136 | Tramission-time: 0.001662523020680029
[202] Energy routing consumed by STARLINK-31751: 0.000000 J (remaining 48718.43)
[MODE: BIDIRECTIONAL]
[202][GREEDY] CONSEGNATO! STARLINK-35136 -> OBS | Tramission-time: 4.6695133065375374e-12
[201][GREEDY] STARLINK-31763 -> STARLINK-35136 | Tramission-time: 0.0020850601447264324
[201] Energy routing consumed by STARLINK-31763: 0.000000 J (remaining 72482.59)
----------------------------------------------------------------------
	||TIME IN SIMULATION : (seconds:106) (minutes: 1) ||

MODIFICA CONFIGURAZIONE IN CORSO...

Aggiornato il Tempo Globale:  2025-11-20 20:57:00
[MODE: BIDIRECTIONAL]
[201][GREEDY] CONSEGNATO! STARLINK-35136 -> OBS | Tramission-time: 1.3168203550879369e-11
---> Task 203 (Type: Generic_Service) arriva in 106.28
--- [106.28] Task 203 using SearchNode Policy: v2_ilp_hybrid ---
[106.28] [Task 203] Entering ILP branch (v2)
[ε-constraint energy] sumE_B=495.045811  bound=544.550393  active=False
[ILP] res_type=dict value_preview={'stage': 'B', 'status': 'Optimal', 'primary': 'energy', 'tol': 0.1, 'opt_primary': 495.0458114904874, 'objective_secondary': 0.050361058092344486, 'sumE': 495.
[106.28] [Task 203] ILP chose server: STARLINK-31782
[106.28] [Task 203] Routed STARLINK-35269 -> STARLINK-31782 | E_NET=0.000025 J | Remaining=119999.99 J
[106.287] Task 203 enqueued on CPU STARLINK-31782 qlen_enqueue=1
[Task 203] Task eseguito su STARLINK-31782 26.60156652098218 degrees | CPU=495.0458J, NET=0.0000J, TOTAL=495.0458J, Remaining=119504.95J
[106.339] Task 203 served on STARLINK-31782 qlen_enqueue_cpu=1 qlen_enqueue_net=None time_in_queue=0.000
[203][GREEDY] STARLINK-31782 -> STARLINK-1826 | Tramission-time: 0.0017205143208229505
[203] Energy routing consumed by STARLINK-31782: 0.000000 J (remaining 119504.95)
[MODE: BIDIRECTIONAL]
[203][GREEDY] CONSEGNATO! STARLINK-1826 -> OBS | Tramission-time: 1.9757949354509758e-11
[Task 200] Task eseguito su STARLINK-32654 57.162427017057645 degrees | CPU=13209.4401J, NET=0.0000J, TOTAL=13209.4401J, Remaining=35703.40J
[106.738] Task 200 served on STARLINK-32654 qlen_enqueue_cpu=1 qlen_enqueue_net=None time_in_queue=0.000
[200][GREEDY] STARLINK-32654 -> STARLINK-35136 | Tramission-time: 0.0012882932785733972
[200] Energy routing consumed by STARLINK-32654: 0.000000 J (remaining 35703.40)
[MODE: BIDIRECTIONAL]
[200][GREEDY] CONSEGNATO! STARLINK-35136 -> OBS | Tramission-time: 5.0187849573776576e-12
---> Task 204 (Type: CPU_Intensive) arriva in 107.15
--- [107.15] Task 204 using SearchNode Policy: v2_ilp_hybrid ---
[107.15] [Task 204] Entering ILP branch (v2)
[ε-constraint energy] sumE_B=2639.938327  bound=2903.932159  active=False
[ILP] res_type=dict value_preview={'stage': 'B', 'status': 'Optimal', 'primary': 'energy', 'tol': 0.1, 'opt_primary': 2639.9383265689444, 'objective_secondary': 0.2684553247078035, 'sumE': 2639.
[107.15] [Task 204] ILP chose server: STARLINK-32654
[107.15] [Task 204] Routed STARLINK-35269 -> STARLINK-32654 | E_NET=0.000030 J | Remaining=119999.99 J
[107.156] Task 204 enqueued on CPU STARLINK-32654 qlen_enqueue=1
[Task 204] Task eseguito su STARLINK-32654 57.162427017057645 degrees | CPU=2639.9383J, NET=0.0000J, TOTAL=2639.9383J, Remaining=33063.46J
[107.427] Task 204 served on STARLINK-32654 qlen_enqueue_cpu=1 qlen_enqueue_net=None time_in_queue=0.000
[204][GREEDY] STARLINK-32654 -> STARLINK-35136 | Tramission-time: 0.0012882933040524254
[204] Energy routing consumed by STARLINK-32654: 0.000000 J (remaining 33063.46)
[MODE: BIDIRECTIONAL]
[204][GREEDY] CONSEGNATO! STARLINK-35136 -> OBS | Tramission-time: 2.6017594944457884e-11
---> Task 205 (Type: Generic_Service) arriva in 107.62
--- [107.62] Task 205 using SearchNode Policy: v2_ilp_hybrid ---
[107.62] [Task 205] Entering ILP branch (v2)
[ε-constraint energy] sumE_B=251.601857  bound=276.762043  active=False
[ILP] res_type=dict value_preview={'stage': 'B', 'status': 'Optimal', 'primary': 'energy', 'tol': 0.1, 'opt_primary': 251.60185733673785, 'objective_secondary': 0.025603586130669636, 'sumE': 251
[107.62] [Task 205] ILP chose server: STARLINK-32654
[107.62] [Task 205] Routed STARLINK-35269 -> STARLINK-32654 | E_NET=0.000018 J | Remaining=119999.99 J
[107.618] Task 205 enqueued on CPU STARLINK-32654 qlen_enqueue=1
[Task 205] Task eseguito su STARLINK-32654 57.162427017057645 degrees | CPU=251.6018J, NET=0.0000J, TOTAL=251.6019J, Remaining=32811.86J
[107.645] Task 205 served on STARLINK-32654 qlen_enqueue_cpu=1 qlen_enqueue_net=None time_in_queue=0.000
[205][GREEDY] STARLINK-32654 -> STARLINK-35136 | Tramission-time: 0.001288293289993952
[205] Energy routing consumed by STARLINK-32654: 0.000000 J (remaining 32811.86)
[MODE: BIDIRECTIONAL]
[205][GREEDY] CONSEGNATO! STARLINK-35136 -> OBS | Tramission-time: 1.5126664693377502e-11
---> Task 206 (Type: CPU_Intensive) arriva in 107.87
--- [107.87] Task 206 using SearchNode Policy: v2_ilp_hybrid ---
[107.87] [Task 206] Entering ILP branch (v2)
[ε-constraint energy] sumE_B=7496.464531  bound=8246.110985  active=False
[ILP] res_type=dict value_preview={'stage': 'B', 'status': 'Optimal', 'primary': 'energy', 'tol': 0.1, 'opt_primary': 7496.464531468595, 'objective_secondary': 0.762227495169568, 'sumE': 7496.46
[107.87] [Task 206] ILP chose server: STARLINK-32654
[107.87] [Task 206] Routed STARLINK-35269 -> STARLINK-32654 | E_NET=0.000009 J | Remaining=119999.99 J
[107.871] Task 206 enqueued on CPU STARLINK-32654 qlen_enqueue=1
---> Task 207 (Type: Generic_Service) arriva in 107.90
--- [107.90] Task 207 using SearchNode Policy: v2_ilp_hybrid ---
[107.90] [Task 207] Entering ILP branch (v2)
[ε-constraint energy] sumE_B=502.714151  bound=552.985566  active=False
[ILP] res_type=dict value_preview={'stage': 'B', 'status': 'Optimal', 'primary': 'energy', 'tol': 0.1, 'opt_primary': 502.71415065925396, 'objective_secondary': 0.0511271472904619, 'sumE': 502.7
[107.90] [Task 207] ILP chose server: STARLINK-31782
[107.90] [Task 207] Routed STARLINK-35269 -> STARLINK-31782 | E_NET=0.000012 J | Remaining=119999.99 J
[107.902] Task 207 enqueued on CPU STARLINK-31782 qlen_enqueue=1
---> Task 208 (Type: CPU_Intensive) arriva in 107.93
--- [107.93] Task 208 using SearchNode Policy: v2_ilp_hybrid ---
[107.93] [Task 208] Entering ILP branch (v2)
[ε-constraint energy] sumE_B=1434.579447  bound=1578.037392  active=False
[ILP] res_type=dict value_preview={'stage': 'B', 'status': 'Optimal', 'primary': 'energy', 'tol': 0.1, 'opt_primary': 1434.5794468289444, 'objective_secondary': 0.14588410997696796, 'sumE': 1434
[107.93] [Task 208] ILP chose server: STARLINK-31763
[107.93] [Task 208] Routed STARLINK-35269 -> STARLINK-31763 | E_NET=0.000019 J | Remaining=119999.99 J
[107.931] Task 208 enqueued on CPU STARLINK-31763 qlen_enqueue=1
[Task 207] Task eseguito su STARLINK-31782 26.60156652098218 degrees | CPU=502.7141J, NET=0.0000J, TOTAL=502.7141J, Remaining=119002.24J
[107.954] Task 207 served on STARLINK-31782 qlen_enqueue_cpu=1 qlen_enqueue_net=None time_in_queue=0.000
----------------------------------------------------------------------
	||TIME IN SIMULATION : (seconds:108) (minutes: 1) ||

MODIFICA CONFIGURAZIONE IN CORSO...

Aggiornato il Tempo Globale:  2025-11-20 20:57:02
[207][GREEDY] STARLINK-31782 -> STARLINK-1826 | Tramission-time: 0.0017053010476451166
[207] Energy routing consumed by STARLINK-31782: 0.000000 J (remaining 119002.24)
[Task 208] Task eseguito su STARLINK-31763 35.53390103231511 degrees | CPU=1434.5794J, NET=0.0000J, TOTAL=1434.5794J, Remaining=71048.01J
[108.078] Task 208 served on STARLINK-31763 qlen_enqueue_cpu=1 qlen_enqueue_net=None time_in_queue=0.000
[MODE: BIDIRECTIONAL]
[207][GREEDY] CONSEGNATO! STARLINK-1826 -> OBS | Tramission-time: 8.617426539649928e-12
[208][GREEDY] STARLINK-31763 -> STARLINK-35136 | Tramission-time: 0.0019345727662924994
[208] Energy routing consumed by STARLINK-31763: 0.000000 J (remaining 71048.01)
[MODE: BIDIRECTIONAL]
[208][GREEDY] CONSEGNATO! STARLINK-35136 -> OBS | Tramission-time: 1.611927480656206e-11
---> Task 209 (Type: Generic_Service) arriva in 108.25
--- [108.25] Task 209 using SearchNode Policy: v2_ilp_hybrid ---
[108.25] [Task 209] Entering ILP branch (v2)
[ε-constraint energy] sumE_B=33.951904  bound=37.347094  active=False
[ILP] res_type=dict value_preview={'stage': 'B', 'status': 'Optimal', 'primary': 'energy', 'tol': 0.1, 'opt_primary': 33.951903928387544, 'objective_secondary': 0.0034855249401143313, 'sumE': 33
[108.25] [Task 209] ILP chose server: STARLINK-31782
[108.25] [Task 209] Routed STARLINK-35269 -> STARLINK-31782 | E_NET=0.000026 J | Remaining=119999.99 J
[108.249] Task 209 enqueued on CPU STARLINK-31782 qlen_enqueue=1
[Task 209] Task eseguito su STARLINK-31782 27.077941480704695 degrees | CPU=33.9519J, NET=0.0000J, TOTAL=33.9519J, Remaining=118968.29J
[108.255] Task 209 served on STARLINK-31782 qlen_enqueue_cpu=1 qlen_enqueue_net=None time_in_queue=0.000
[209][GREEDY] STARLINK-31782 -> STARLINK-1826 | Tramission-time: 0.0017053010662986718
[209] Energy routing consumed by STARLINK-31782: 0.000000 J (remaining 118968.29)
[MODE: BIDIRECTIONAL]
[209][GREEDY] CONSEGNATO! STARLINK-1826 -> OBS | Tramission-time: 2.4290579835316692e-11
[Task 206] Task eseguito su STARLINK-32654 56.676891094459535 degrees | CPU=7496.4645J, NET=0.0000J, TOTAL=7496.4645J, Remaining=25315.39J
[108.633] Task 206 served on STARLINK-32654 qlen_enqueue_cpu=1 qlen_enqueue_net=None time_in_queue=0.000
[206][GREEDY] STARLINK-32654 -> STARLINK-35136 | Tramission-time: 0.001271037688699963
[206] Energy routing consumed by STARLINK-32654: 0.000000 J (remaining 25315.39)
[MODE: BIDIRECTIONAL]
[206][GREEDY] CONSEGNATO! STARLINK-35136 -> OBS | Tramission-time: 8.965416869857254e-12
---> Task 210 (Type: Generic_Service) arriva in 109.26
--- [109.26] Task 210 using SearchNode Policy: v2_ilp_hybrid ---
[109.26] [Task 210] Entering ILP branch (v2)
[ε-constraint energy] sumE_B=260.169181  bound=286.186099  active=False
[ILP] res_type=dict value_preview={'stage': 'B', 'status': 'Optimal', 'primary': 'energy', 'tol': 0.1, 'opt_primary': 260.1691805301302, 'objective_secondary': 0.02647266900710987, 'sumE': 260.1
[109.26] [Task 210] ILP chose server: STARLINK-32945
[109.26] [Task 210] Routed STARLINK-35269 -> STARLINK-32945 | E_NET=0.000016 J | Remaining=119999.99 J
[109.259] Task 210 enqueued on CPU STARLINK-32945 qlen_enqueue=1
[Task 210] Task eseguito su STARLINK-32945 30.735764670693985 degrees | CPU=260.1692J, NET=0.0000J, TOTAL=260.1692J, Remaining=116198.31J
[109.287] Task 210 served on STARLINK-32945 qlen_enqueue_cpu=1 qlen_enqueue_net=None time_in_queue=0.000
[210][GREEDY] STARLINK-32945 -> STARLINK-35136 | Tramission-time: 0.002196930179525655
[210] Energy routing consumed by STARLINK-32945: 0.000000 J (remaining 116198.31)
---> Task 211 (Type: CPU_and_Data_Intensive) arriva in 109.34
--- [109.34] Task 211 using SearchNode Policy: v2_ilp_hybrid ---
[109.34] [Task 211] Entering ILP branch (v2)
[ε-constraint energy] sumE_B=2337.713168  bound=2571.484485  active=False
[ILP] res_type=dict value_preview={'stage': 'B', 'status': 'Optimal', 'primary': 'energy', 'tol': 0.1, 'opt_primary': 2337.713167931815, 'objective_secondary': 0.23838706432302176, 'sumE': 2337.
[109.34] [Task 211] ILP chose server: STARLINK-32945
[109.34] [Task 211] Routed STARLINK-35269 -> STARLINK-32945 | E_NET=0.000568 J | Remaining=119999.99 J
[109.346] Task 211 enqueued on CPU STARLINK-32945 qlen_enqueue=1
[MODE: BIDIRECTIONAL]
[210][GREEDY] CONSEGNATO! STARLINK-35136 -> OBS | Tramission-time: 1.5857443162886482e-11
[109.583] Task 211 enqueued on NET STARLINK-32945 qlen_enqueue_net=1
[Task 211] Task eseguito su STARLINK-32945 30.735764670693985 degrees | CPU=2337.7125J, NET=0.0006J, TOTAL=2337.7130J, Remaining=113860.60J
[109.584] Task 211 served on STARLINK-32945 qlen_enqueue_cpu=1 qlen_enqueue_net=1 time_in_queue=0.000
[211][GREEDY] STARLINK-32945 -> STARLINK-35136 | Tramission-time: 0.002196930743727331
[211] Energy routing consumed by STARLINK-32945: 0.000000 J (remaining 113860.60)
---> Task 212 (Type: CPU_and_Data_Intensive) arriva in 109.68
--- [109.68] Task 212 using SearchNode Policy: v2_ilp_hybrid ---
[109.68] [Task 212] Entering ILP branch (v2)
[ε-constraint energy] sumE_B=7862.523875  bound=8648.776262  active=False
[ILP] res_type=dict value_preview={'stage': 'B', 'status': 'Optimal', 'primary': 'energy', 'tol': 0.1, 'opt_primary': 7862.523874817615, 'objective_secondary': 0.8030130227282206, 'sumE': 7862.5
[109.68] [Task 212] ILP chose server: STARLINK-32945
[109.68] [Task 212] Routed STARLINK-35269 -> STARLINK-32945 | E_NET=0.002919 J | Remaining=119999.99 J
[109.681] Task 212 enqueued on CPU STARLINK-32945 qlen_enqueue=1
[MODE: BIDIRECTIONAL]
[211][GREEDY] CONSEGNATO! STARLINK-35136 -> OBS | Tramission-time: 4.683363268053836e-10
----------------------------------------------------------------------
	||TIME IN SIMULATION : (seconds:110) (minutes: 1) ||

MODIFICA CONFIGURAZIONE IN CORSO...

Aggiornato il Tempo Globale:  2025-11-20 20:57:04
---> Task 213 (Type: CPU_Intensive) arriva in 110.25
--- [110.25] Task 213 using SearchNode Policy: v2_ilp_hybrid ---
[110.25] [Task 213] Entering ILP branch (v2)
[ε-constraint energy] sumE_B=10769.420796  bound=11846.362875  active=False
[ILP] res_type=dict value_preview={'stage': 'B', 'status': 'Optimal', 'primary': 'energy', 'tol': 0.1, 'opt_primary': 10769.420795510769, 'objective_secondary': 1.0950379591585644, 'sumE': 10769
[110.25] [Task 213] ILP chose server: STARLINK-32654
[110.25] [Task 213] Routed STARLINK-35269 -> STARLINK-32654 | E_NET=0.000032 J | Remaining=119999.99 J
[110.257] Task 213 enqueued on CPU STARLINK-32654 qlen_enqueue=1
[110.481] Task 212 enqueued on NET STARLINK-32945 qlen_enqueue_net=1
[Task 212] Task eseguito su STARLINK-32945 31.26036405953387 degrees | CPU=7862.5203J, NET=0.0029J, TOTAL=7862.5232J, Remaining=105998.08J
[110.484] Task 212 served on STARLINK-32945 qlen_enqueue_cpu=1 qlen_enqueue_net=1 time_in_queue=0.000
[212][GREEDY] STARLINK-32945 -> STARLINK-1826 | Tramission-time: 0.0013912824605675676
[212] Energy routing consumed by STARLINK-32945: 0.000000 J (remaining 105998.08)
[MODE: BIDIRECTIONAL]
[212][GREEDY] CONSEGNATO! STARLINK-1826 -> OBS | Tramission-time: 2.56280171295734e-09
[Task 213] Task eseguito su STARLINK-32654 56.14589805504864 degrees | CPU=10769.4208J, NET=0.0000J, TOTAL=10769.4208J, Remaining=14545.97J
[111.354] Task 213 served on STARLINK-32654 qlen_enqueue_cpu=1 qlen_enqueue_net=None time_in_queue=0.000
[213][GREEDY] STARLINK-32654 -> STARLINK-1826 | Tramission-time: 0.0013192658021492388
[213] Energy routing consumed by STARLINK-32654: 0.000000 J (remaining 14545.97)
[MODE: BIDIRECTIONAL]
[213][GREEDY] CONSEGNATO! STARLINK-1826 -> OBS | Tramission-time: 2.8551792776411467e-11
---> Task 214 (Type: CPU_Intensive) arriva in 111.43
--- [111.43] Task 214 using SearchNode Policy: v2_ilp_hybrid ---
[111.43] [Task 214] Entering ILP branch (v2)
[ε-constraint energy] sumE_B=5083.297601  bound=5591.627361  active=False
[ILP] res_type=dict value_preview={'stage': 'B', 'status': 'Optimal', 'primary': 'energy', 'tol': 0.1, 'opt_primary': 5083.2976009921695, 'objective_secondary': 0.5168856207450008, 'sumE': 5083.
[111.43] [Task 214] ILP chose server: STARLINK-32945
[111.43] [Task 214] Routed STARLINK-35269 -> STARLINK-32945 | E_NET=0.000025 J | Remaining=119999.99 J
[111.431] Task 214 enqueued on CPU STARLINK-32945 qlen_enqueue=1
[Task 214] Task eseguito su STARLINK-32945 31.26036405953387 degrees | CPU=5083.2976J, NET=0.0000J, TOTAL=5083.2976J, Remaining=100914.78J
[111.950] Task 214 served on STARLINK-32945 qlen_enqueue_cpu=1 qlen_enqueue_net=None time_in_queue=0.000
----------------------------------------------------------------------
	||TIME IN SIMULATION : (seconds:112) (minutes: 1) ||

MODIFICA CONFIGURAZIONE IN CORSO...

Aggiornato il Tempo Globale:  2025-11-20 20:57:06
[214][GREEDY] STARLINK-32945 -> STARLINK-1826 | Tramission-time: 0.001397800711140739
[214] Energy routing consumed by STARLINK-32945: 0.000000 J (remaining 100914.78)
[MODE: BIDIRECTIONAL]
[214][GREEDY] CONSEGNATO! STARLINK-1826 -> OBS | Tramission-time: 2.943576866631405e-11
----------------------------------------------------------------------
	||TIME IN SIMULATION : (seconds:114) (minutes: 1) ||

MODIFICA CONFIGURAZIONE IN CORSO...

Aggiornato il Tempo Globale:  2025-11-20 20:57:08
---> Task 215 (Type: CPU_Intensive) arriva in 114.06
--- [114.06] Task 215 using SearchNode Policy: v2_ilp_hybrid ---
[114.06] [Task 215] Entering ILP branch (v2)
[ε-constraint energy] sumE_B=4938.502663  bound=5432.352929  active=False
[ILP] res_type=dict value_preview={'stage': 'B', 'status': 'Optimal', 'primary': 'energy', 'tol': 0.1, 'opt_primary': 4938.502662558105, 'objective_secondary': 0.5021414888986626, 'sumE': 4938.5
[114.06] [Task 215] ILP chose server: STARLINK-2433
[114.06] [Task 215] Routed STARLINK-34777 -> STARLINK-2433 | E_NET=0.000010 J | Remaining=120000.00 J
[114.063] Task 215 enqueued on CPU STARLINK-2433 qlen_enqueue=1
---> Task 216 (Type: Generic_Service) arriva in 114.23
--- [114.23] Task 216 using SearchNode Policy: v2_ilp_hybrid ---
[114.23] [Task 216] Entering ILP branch (v2)
[ε-constraint energy] sumE_B=1117.506038  bound=1229.256642  active=False
[ILP] res_type=dict value_preview={'stage': 'B', 'status': 'Optimal', 'primary': 'energy', 'tol': 0.1, 'opt_primary': 1117.5060381038688, 'objective_secondary': 0.11364047894860799, 'sumE': 1117
[114.23] [Task 216] ILP chose server: STARLINK-30137
[114.23] [Task 216] Routed STARLINK-34777 -> STARLINK-30137 | E_NET=0.000012 J | Remaining=120000.00 J
[114.228] Task 216 enqueued on CPU STARLINK-30137 qlen_enqueue=1
[Task 216] Task eseguito su STARLINK-30137 32.4753862730798 degrees | CPU=1117.5060J, NET=0.0000J, TOTAL=1117.5060J, Remaining=118882.49J
[114.343] Task 216 served on STARLINK-30137 qlen_enqueue_cpu=1 qlen_enqueue_net=None time_in_queue=0.000
[216][GREEDY] STARLINK-30137 -> STARLINK-34777 | Tramission-time: 0.0013667859774818573
[216] Energy routing consumed by STARLINK-30137: 0.000000 J (remaining 118882.49)
[MODE: BIDIRECTIONAL]
[216][GREEDY] CONSEGNATO! STARLINK-34777 -> OBS | Tramission-time: 1.184328895536455e-11
---> Task 217 (Type: CPU_Intensive) arriva in 114.56
--- [114.56] Task 217 using SearchNode Policy: v2_ilp_hybrid ---
[114.56] [Task 217] Entering ILP branch (v2)
[ε-constraint energy] sumE_B=7126.173642  bound=7838.791006  active=False
[ILP] res_type=dict value_preview={'stage': 'B', 'status': 'Optimal', 'primary': 'energy', 'tol': 0.1, 'opt_primary': 7126.173642077147, 'objective_secondary': 0.7245723807447589, 'sumE': 7126.1
[114.56] [Task 217] ILP chose server: STARLINK-30137
[114.56] [Task 217] Routed STARLINK-34777 -> STARLINK-30137 | E_NET=0.000004 J | Remaining=120000.00 J
[114.561] Task 217 enqueued on CPU STARLINK-30137 qlen_enqueue=1
[Task 215] Task eseguito su STARLINK-2433 28.299555128586327 degrees | CPU=4938.5027J, NET=0.0000J, TOTAL=4938.5027J, Remaining=115061.50J
[114.566] Task 215 served on STARLINK-2433 qlen_enqueue_cpu=1 qlen_enqueue_net=None time_in_queue=0.000
[215][GREEDY] STARLINK-2433 -> STARLINK-34777 | Tramission-time: 0.0016713766431826402
[215] Energy routing consumed by STARLINK-2433: 0.000000 J (remaining 115061.50)
[MODE: BIDIRECTIONAL]
[215][GREEDY] CONSEGNATO! STARLINK-34777 -> OBS | Tramission-time: 8.40194410989563e-12
---> Task 218 (Type: Generic_Service) arriva in 115.07
--- [115.07] Task 218 using SearchNode Policy: v2_ilp_hybrid ---
[115.07] [Task 218] Entering ILP branch (v2)
[ε-constraint energy] sumE_B=2192.211880  bound=2411.433068  active=False
[ILP] res_type=dict value_preview={'stage': 'B', 'status': 'Optimal', 'primary': 'energy', 'tol': 0.1, 'opt_primary': 2192.211880005292, 'objective_secondary': 0.22290807556167663, 'sumE': 2192.
[115.07] [Task 218] ILP chose server: STARLINK-2433
[115.07] [Task 218] Routed STARLINK-34777 -> STARLINK-2433 | E_NET=0.000011 J | Remaining=120000.00 J
[115.070] Task 218 enqueued on CPU STARLINK-2433 qlen_enqueue=1
[Task 217] Task eseguito su STARLINK-30137 32.4753862730798 degrees | CPU=7126.1736J, NET=0.0000J, TOTAL=7126.1736J, Remaining=111756.32J
[115.286] Task 217 served on STARLINK-30137 qlen_enqueue_cpu=1 qlen_enqueue_net=None time_in_queue=0.000
[Task 218] Task eseguito su STARLINK-2433 28.299555128586327 degrees | CPU=2192.2119J, NET=0.0000J, TOTAL=2192.2119J, Remaining=112869.29J
[115.294] Task 218 served on STARLINK-2433 qlen_enqueue_cpu=1 qlen_enqueue_net=None time_in_queue=0.000
[217][GREEDY] STARLINK-30137 -> STARLINK-34777 | Tramission-time: 0.0013667859676380761
[217] Energy routing consumed by STARLINK-30137: 0.000000 J (remaining 111756.32)
[MODE: BIDIRECTIONAL]
[217][GREEDY] CONSEGNATO! STARLINK-34777 -> OBS | Tramission-time: 5.3784996809570615e-12
[218][GREEDY] STARLINK-2433 -> STARLINK-34777 | Tramission-time: 0.0016713766432821927
[218] Energy routing consumed by STARLINK-2433: 0.000000 J (remaining 112869.29)
[MODE: BIDIRECTIONAL]
[218][GREEDY] CONSEGNATO! STARLINK-34777 -> OBS | Tramission-time: 7.654770027138849e-12
----------------------------------------------------------------------
	||TIME IN SIMULATION : (seconds:116) (minutes: 1) ||

MODIFICA CONFIGURAZIONE IN CORSO...

Aggiornato il Tempo Globale:  2025-11-20 20:57:10
---> Task 219 (Type: CPU_and_Data_Intensive) arriva in 116.16
--- [116.16] Task 219 using SearchNode Policy: v2_ilp_hybrid ---
[116.16] [Task 219] Entering ILP branch (v2)
[ε-constraint energy] sumE_B=7792.216456  bound=8571.438101  active=False
[ILP] res_type=dict value_preview={'stage': 'B', 'status': 'Optimal', 'primary': 'energy', 'tol': 0.1, 'opt_primary': 7792.21645551807, 'objective_secondary': 0.7998414086390563, 'sumE': 7792.21
[116.16] [Task 219] ILP chose server: STARLINK-32743
[116.16] [Task 219] Routed STARLINK-35269 -> STARLINK-32743 | E_NET=0.006859 J | Remaining=119999.98 J
[116.167] Task 219 enqueued on CPU STARLINK-32743 qlen_enqueue=1
[116.959] Task 219 enqueued on NET STARLINK-32743 qlen_enqueue_net=1
[Task 219] Task eseguito su STARLINK-32743 25.90320247336368 degrees | CPU=7792.2089J, NET=0.0069J, TOTAL=7792.2158J, Remaining=112207.78J
[116.966] Task 219 served on STARLINK-32743 qlen_enqueue_cpu=1 qlen_enqueue_net=1 time_in_queue=0.000
[219][GREEDY] STARLINK-32743 -> STARLINK-1826 | Tramission-time: 0.0019677356863948498
[219] Energy routing consumed by STARLINK-32743: 0.000000 J (remaining 112207.78)
---> Task 220 (Type: CPU_Intensive) arriva in 117.07
--- [117.07] Task 220 using SearchNode Policy: v2_ilp_hybrid ---
[117.07] [Task 220] Entering ILP branch (v2)
[ε-constraint energy] sumE_B=3464.814002  bound=3811.295402  active=False
[ILP] res_type=dict value_preview={'stage': 'B', 'status': 'Optimal', 'primary': 'energy', 'tol': 0.1, 'opt_primary': 3464.814001618012, 'objective_secondary': 0.35230512117740215, 'sumE': 3464.
[117.07] [Task 220] ILP chose server: STARLINK-32743
[117.07] [Task 220] Routed STARLINK-35269 -> STARLINK-32743 | E_NET=0.000013 J | Remaining=119999.98 J
[117.070] Task 220 enqueued on CPU STARLINK-32743 qlen_enqueue=1
[MODE: BIDIRECTIONAL]
[219][GREEDY] CONSEGNATO! STARLINK-1826 -> OBS | Tramission-time: 5.52821032532246e-09
---> Task 221 (Type: CPU_Intensive) arriva in 117.38
--- [117.38] Task 221 using SearchNode Policy: v2_ilp_hybrid ---
[117.38] [Task 221] Entering ILP branch (v2)
[ε-constraint energy] sumE_B=965.906269  bound=1062.496896  active=False
[ILP] res_type=dict value_preview={'stage': 'B', 'status': 'Optimal', 'primary': 'energy', 'tol': 0.1, 'opt_primary': 965.9062692705833, 'objective_secondary': 0.09824323503637215, 'sumE': 965.9
[117.38] [Task 221] ILP chose server: STARLINK-32654
[117.38] [Task 221] Routed STARLINK-35269 -> STARLINK-32654 | E_NET=0.000025 J | Remaining=119999.98 J
[117.387] Task 221 enqueued on CPU STARLINK-32654 qlen_enqueue=1
[Task 220] Task eseguito su STARLINK-32743 25.90320247336368 degrees | CPU=3464.8140J, NET=0.0000J, TOTAL=3464.8140J, Remaining=108742.97J
[117.424] Task 220 served on STARLINK-32743 qlen_enqueue_cpu=1 qlen_enqueue_net=None time_in_queue=0.000
[220][GREEDY] STARLINK-32743 -> STARLINK-1826 | Tramission-time: 0.0019677290906086778
[220] Energy routing consumed by STARLINK-32743: 0.000000 J (remaining 108742.97)
[Task 221] Task eseguito su STARLINK-32654 54.32416658250972 degrees | CPU=965.9062J, NET=0.0000J, TOTAL=965.9063J, Remaining=13580.07J
[117.487] Task 221 served on STARLINK-32654 qlen_enqueue_cpu=1 qlen_enqueue_net=None time_in_queue=0.000
[221][GREEDY] STARLINK-32654 -> STARLINK-1826 | Tramission-time: 0.001318381859473538
[221] Energy routing consumed by STARLINK-32654: 0.000000 J (remaining 13580.07)
[MODE: BIDIRECTIONAL]
[220][GREEDY] CONSEGNATO! STARLINK-1826 -> OBS | Tramission-time: 1.0236203782818762e-11
[MODE: BIDIRECTIONAL]
[221][GREEDY] CONSEGNATO! STARLINK-1826 -> OBS | Tramission-time: 2.7059282482221198e-11
----------------------------------------------------------------------
	||TIME IN SIMULATION : (seconds:118) (minutes: 1) ||

MODIFICA CONFIGURAZIONE IN CORSO...

Aggiornato il Tempo Globale:  2025-11-20 20:57:12
---> Task 222 (Type: Generic_Service) arriva in 118.07
--- [118.07] Task 222 using SearchNode Policy: v2_ilp_hybrid ---
[118.07] [Task 222] Entering ILP branch (v2)
[ε-constraint energy] sumE_B=220.761708  bound=242.837879  active=False
[ILP] res_type=dict value_preview={'stage': 'B', 'status': 'Optimal', 'primary': 'energy', 'tol': 0.1, 'opt_primary': 220.76170777487516, 'objective_secondary': 0.0224859057118749, 'sumE': 220.7
[118.07] [Task 222] ILP chose server: STARLINK-32743
[118.07] [Task 222] Routed STARLINK-35269 -> STARLINK-32743 | E_NET=0.000034 J | Remaining=119999.98 J
[118.069] Task 222 enqueued on CPU STARLINK-32743 qlen_enqueue=1
[Task 222] Task eseguito su STARLINK-32743 26.356943219413562 degrees | CPU=220.7617J, NET=0.0000J, TOTAL=220.7617J, Remaining=108522.21J
[118.094] Task 222 served on STARLINK-32743 qlen_enqueue_cpu=1 qlen_enqueue_net=None time_in_queue=0.000
[222][GREEDY] STARLINK-32743 -> STARLINK-11474 [DTC] | Tramission-time: 0.0017510786048320036
[222] Energy routing consumed by STARLINK-32743: 0.000000 J (remaining 108522.21)
[MODE: BIDIRECTIONAL]
[222][GREEDY] CONSEGNATO! STARLINK-11474 [DTC] -> OBS | Tramission-time: 2.701684386751298e-11
---> Task 223 (Type: CPU_Intensive) arriva in 118.77
--- [118.77] Task 223 using SearchNode Policy: v2_ilp_hybrid ---
[118.77] [Task 223] Entering ILP branch (v2)
[ε-constraint energy] sumE_B=9387.797546  bound=10326.577301  active=False
[ILP] res_type=dict value_preview={'stage': 'B', 'status': 'Optimal', 'primary': 'energy', 'tol': 0.1, 'opt_primary': 9387.797546116486, 'objective_secondary': 0.9545596241132418, 'sumE': 9387.7
[118.77] [Task 223] ILP chose server: STARLINK-32743
[118.77] [Task 223] Routed STARLINK-35269 -> STARLINK-32743 | E_NET=0.000033 J | Remaining=119999.98 J
[118.770] Task 223 enqueued on CPU STARLINK-32743 qlen_enqueue=1
---> Task 224 (Type: CPU_and_Data_Intensive) arriva in 119.24
--- [119.24] Task 224 using SearchNode Policy: v2_ilp_hybrid ---
[119.24] [Task 224] Entering ILP branch (v2)
[ε-constraint energy] sumE_B=1853.084304  bound=2038.392734  active=False
[ILP] res_type=dict value_preview={'stage': 'B', 'status': 'Optimal', 'primary': 'energy', 'tol': 0.1, 'opt_primary': 1853.0843037508141, 'objective_secondary': 0.19350965748428267, 'sumE': 1853
[119.24] [Task 224] ILP chose server: STARLINK-32654
[119.24] [Task 224] Routed STARLINK-35269 -> STARLINK-32654 | E_NET=0.003822 J | Remaining=119999.98 J
[119.248] Task 224 enqueued on CPU STARLINK-32654 qlen_enqueue=1
---> Task 225 (Type: Generic_Service) arriva in 119.32
--- [119.32] Task 225 using SearchNode Policy: v2_ilp_hybrid ---
[119.32] [Task 225] Entering ILP branch (v2)
[ε-constraint energy] sumE_B=2830.677753  bound=3113.745528  active=False
[ILP] res_type=dict value_preview={'stage': 'B', 'status': 'Optimal', 'primary': 'energy', 'tol': 0.1, 'opt_primary': 2830.677752823662, 'objective_secondary': 0.28785318759924233, 'sumE': 2830.
[119.32] [Task 225] ILP chose server: STARLINK-31782
[119.32] [Task 225] Routed STARLINK-35269 -> STARLINK-31782 | E_NET=0.000035 J | Remaining=119999.98 J
[119.319] Task 225 enqueued on CPU STARLINK-31782 qlen_enqueue=1
[119.436] Task 224 enqueued on NET STARLINK-32654 qlen_enqueue_net=1
[Task 224] Task eseguito su STARLINK-32654 53.655083627316095 degrees | CPU=1853.0792J, NET=0.0038J, TOTAL=1853.0830J, Remaining=11726.98J
[119.440] Task 224 served on STARLINK-32654 qlen_enqueue_cpu=1 qlen_enqueue_net=1 time_in_queue=0.000
[224][GREEDY] STARLINK-32654 -> STARLINK-11474 [DTC] | Tramission-time: 0.0014060954400676353
[224] Energy routing consumed by STARLINK-32654: 0.000000 J (remaining 11726.98)
[MODE: BIDIRECTIONAL]
[224][GREEDY] CONSEGNATO! STARLINK-11474 [DTC] -> OBS | Tramission-time: 4.348792096297854e-09
[Task 225] Task eseguito su STARLINK-31782 29.618843824286778 degrees | CPU=2830.6777J, NET=0.0000J, TOTAL=2830.6777J, Remaining=116137.61J
[119.610] Task 225 served on STARLINK-31782 qlen_enqueue_cpu=1 qlen_enqueue_net=None time_in_queue=0.000
[225][GREEDY] STARLINK-31782 -> STARLINK-11474 [DTC] | Tramission-time: 0.00136484199925485
[225] Energy routing consumed by STARLINK-31782: 0.000000 J (remaining 116137.61)
[Task 223] Task eseguito su STARLINK-32743 26.356943219413562 degrees | CPU=9387.7975J, NET=0.0000J, TOTAL=9387.7975J, Remaining=99134.41J
[119.727] Task 223 served on STARLINK-32743 qlen_enqueue_cpu=1 qlen_enqueue_net=None time_in_queue=0.000
[MODE: BIDIRECTIONAL]
[225][GREEDY] CONSEGNATO! STARLINK-11474 [DTC] -> OBS | Tramission-time: 3.222228808976418e-11
[223][GREEDY] STARLINK-32743 -> STARLINK-11474 [DTC] | Tramission-time: 0.0017510786035890983
[223] Energy routing consumed by STARLINK-32743: 0.000000 J (remaining 99134.41)
[MODE: BIDIRECTIONAL]
[223][GREEDY] CONSEGNATO! STARLINK-11474 [DTC] -> OBS | Tramission-time: 3.1760986532699444e-11
---> Task 226 (Type: CPU_Intensive) arriva in 119.90
--- [119.90] Task 226 using SearchNode Policy: v2_ilp_hybrid ---
[119.90] [Task 226] Entering ILP branch (v2)
[ε-constraint energy] sumE_B=9106.509616  bound=10017.160578  active=False
[ILP] res_type=dict value_preview={'stage': 'B', 'status': 'Optimal', 'primary': 'energy', 'tol': 0.1, 'opt_primary': 9106.509616300767, 'objective_secondary': 0.9259441636131044, 'sumE': 9106.5
[119.90] [Task 226] ILP chose server: STARLINK-32743
[119.90] [Task 226] Routed STARLINK-35269 -> STARLINK-32743 | E_NET=0.000020 J | Remaining=119999.98 J
[119.904] Task 226 enqueued on CPU STARLINK-32743 qlen_enqueue=1
----------------------------------------------------------------------
	||TIME IN SIMULATION : (seconds:120) (minutes: 2) ||

MODIFICA CONFIGURAZIONE IN CORSO...

Aggiornato il Tempo Globale:  2025-11-20 20:57:14
[Task 226] Task eseguito su STARLINK-32743 26.81975966868654 degrees | CPU=9106.5096J, NET=0.0000J, TOTAL=9106.5096J, Remaining=90027.90J
[120.831] Task 226 served on STARLINK-32743 qlen_enqueue_cpu=1 qlen_enqueue_net=None time_in_queue=0.000
[226][GREEDY] STARLINK-32743 -> STARLINK-11474 [DTC] | Tramission-time: 0.0017406871372664706
[226] Energy routing consumed by STARLINK-32743: 0.000000 J (remaining 90027.90)
---> Task 227 (Type: CPU_Intensive) arriva in 120.86
--- [120.86] Task 227 using SearchNode Policy: v2_ilp_hybrid ---
[120.86] [Task 227] Entering ILP branch (v2)
[ε-constraint energy] sumE_B=899.688822  bound=989.657705  active=False
[ILP] res_type=dict value_preview={'stage': 'B', 'status': 'Optimal', 'primary': 'energy', 'tol': 0.1, 'opt_primary': 899.6888223358476, 'objective_secondary': 0.09149526541239802, 'sumE': 899.6
[120.86] [Task 227] ILP chose server: STARLINK-32743
[120.86] [Task 227] Routed STARLINK-35269 -> STARLINK-32743 | E_NET=0.000015 J | Remaining=119999.98 J
[120.865] Task 227 enqueued on CPU STARLINK-32743 qlen_enqueue=1
[MODE: BIDIRECTIONAL]
[226][GREEDY] CONSEGNATO! STARLINK-11474 [DTC] -> OBS | Tramission-time: 2.0976737872183563e-11
[Task 227] Task eseguito su STARLINK-32743 26.81975966868654 degrees | CPU=899.6888J, NET=0.0000J, TOTAL=899.6888J, Remaining=89128.21J
[120.957] Task 227 served on STARLINK-32743 qlen_enqueue_cpu=1 qlen_enqueue_net=None time_in_queue=0.000
[227][GREEDY] STARLINK-32743 -> STARLINK-11474 [DTC] | Tramission-time: 0.001740687129518368
[227] Energy routing consumed by STARLINK-32743: 0.000000 J (remaining 89128.21)
[MODE: BIDIRECTIONAL]
[227][GREEDY] CONSEGNATO! STARLINK-11474 [DTC] -> OBS | Tramission-time: 1.1910754253601619e-11
---> Task 228 (Type: Generic_Service) arriva in 121.47
--- [121.47] Task 228 using SearchNode Policy: v2_ilp_hybrid ---
[121.47] [Task 228] Entering ILP branch (v2)
[ε-constraint energy] sumE_B=325.556047  bound=358.111652  active=False
[ILP] res_type=dict value_preview={'stage': 'B', 'status': 'Optimal', 'primary': 'energy', 'tol': 0.1, 'opt_primary': 325.55604745766345, 'objective_secondary': 0.033138789627643064, 'sumE': 325
[121.47] [Task 228] ILP chose server: STARLINK-32743
[121.47] [Task 228] Routed STARLINK-35269 -> STARLINK-32743 | E_NET=0.000032 J | Remaining=119999.98 J
[121.472] Task 228 enqueued on CPU STARLINK-32743 qlen_enqueue=1
[Task 228] Task eseguito su STARLINK-32743 26.81975966868654 degrees | CPU=325.5560J, NET=0.0000J, TOTAL=325.5560J, Remaining=88802.66J
[121.507] Task 228 served on STARLINK-32743 qlen_enqueue_cpu=1 qlen_enqueue_net=None time_in_queue=0.000
[228][GREEDY] STARLINK-32743 -> STARLINK-11474 [DTC] | Tramission-time: 0.001740687146578158
[228] Energy routing consumed by STARLINK-32743: 0.000000 J (remaining 88802.66)
[MODE: BIDIRECTIONAL]
[228][GREEDY] CONSEGNATO! STARLINK-11474 [DTC] -> OBS | Tramission-time: 3.3781448801305215e-11
----------------------------------------------------------------------
	||TIME IN SIMULATION : (seconds:122) (minutes: 2) ||

MODIFICA CONFIGURAZIONE IN CORSO...

Aggiornato il Tempo Globale:  2025-11-20 20:57:16
---> Task 229 (Type: Generic_Service) arriva in 122.29
--- [122.29] Task 229 using SearchNode Policy: v2_ilp_hybrid ---
[122.29] [Task 229] Entering ILP branch (v2)
[ε-constraint energy] sumE_B=14.870490  bound=16.357539  active=False
[ILP] res_type=dict value_preview={'stage': 'B', 'status': 'Optimal', 'primary': 'energy', 'tol': 0.1, 'opt_primary': 14.870489809447486, 'objective_secondary': 0.0015498563700948953, 'sumE': 14
[122.29] [Task 229] ILP chose server: STARLINK-32743
[122.29] [Task 229] Routed STARLINK-35269 -> STARLINK-32743 | E_NET=0.000027 J | Remaining=119999.98 J
[Task 229] REJECTED on STARLINK-32743 due to: Deadline Exceeded
[122.29] [Task 229] assignment failed on STARLINK-32743 reason=Deadline Exceeded
---> Task 230 (Type: CPU_and_Data_Intensive) arriva in 122.37
--- [122.37] Task 230 using SearchNode Policy: v2_ilp_hybrid ---
[122.37] [Task 230] Entering ILP branch (v2)
[ε-constraint energy] sumE_B=2950.073109  bound=3245.080420  active=False
[ILP] res_type=dict value_preview={'stage': 'B', 'status': 'Optimal', 'primary': 'energy', 'tol': 0.1, 'opt_primary': 2950.073109452128, 'objective_secondary': 0.3006528413655696, 'sumE': 2950.0
[122.37] [Task 230] ILP chose server: STARLINK-32945
[122.37] [Task 230] Routed STARLINK-35269 -> STARLINK-32945 | E_NET=0.000647 J | Remaining=119999.97 J
[122.372] Task 230 enqueued on CPU STARLINK-32945 qlen_enqueue=1
---> Task 231 (Type: CPU_and_Data_Intensive) arriva in 122.53
--- [122.53] Task 231 using SearchNode Policy: v2_ilp_hybrid ---
[122.53] [Task 231] Entering ILP branch (v2)
[ε-constraint energy] sumE_B=35349.738743  bound=38884.712617  active=False
[ILP] res_type=dict value_preview={'stage': 'B', 'status': 'Optimal', 'primary': 'energy', 'tol': 0.1, 'opt_primary': 35349.73874283504, 'objective_secondary': 3.602965138383428, 'sumE': 35349.7
[122.53] [Task 231] ILP chose server: STARLINK-32743
[122.53] [Task 231] Routed STARLINK-35269 -> STARLINK-32743 | E_NET=0.006249 J | Remaining=119999.97 J
[122.534] Task 231 enqueued on CPU STARLINK-32743 qlen_enqueue=1
---> Task 232 (Type: CPU_and_Data_Intensive) arriva in 122.57
--- [122.57] Task 232 using SearchNode Policy: v2_ilp_hybrid ---
[122.57] [Task 232] Entering ILP branch (v2)
[ε-constraint energy] sumE_B=266.380462  bound=293.018508  active=False
[ILP] res_type=dict value_preview={'stage': 'B', 'status': 'Optimal', 'primary': 'energy', 'tol': 0.1, 'opt_primary': 266.3804616749711, 'objective_secondary': 0.03390328919608135, 'sumE': 266.3
[122.57] [Task 232] ILP chose server: STARLINK-32654
[122.57] [Task 232] Routed STARLINK-35269 -> STARLINK-32654 | E_NET=0.004859 J | Remaining=119999.96 J
[122.578] Task 232 enqueued on CPU STARLINK-32654 qlen_enqueue=1
[122.605] Task 232 enqueued on NET STARLINK-32654 qlen_enqueue_net=1
[Task 232] Task eseguito su STARLINK-32654 52.24856594111323 degrees | CPU=266.3736J, NET=0.0049J, TOTAL=266.3785J, Remaining=11460.61J
[122.610] Task 232 served on STARLINK-32654 qlen_enqueue_cpu=1 qlen_enqueue_net=1 time_in_queue=0.000
[232][GREEDY] STARLINK-32654 -> STARLINK-11474 [DTC] | Tramission-time: 0.0014571446706687881
[232] Energy routing consumed by STARLINK-32654: 0.000000 J (remaining 11460.61)
[MODE: BIDIRECTIONAL]
[232][GREEDY] CONSEGNATO! STARLINK-11474 [DTC] -> OBS | Tramission-time: 5.310382159914609e-09
[122.672] Task 230 enqueued on NET STARLINK-32945 qlen_enqueue_net=1
[Task 230] Task eseguito su STARLINK-32945 34.605566648759094 degrees | CPU=2950.0724J, NET=0.0006J, TOTAL=2950.0731J, Remaining=97964.71J
[122.673] Task 230 served on STARLINK-32945 qlen_enqueue_cpu=1 qlen_enqueue_net=1 time_in_queue=0.000
[230][GREEDY] STARLINK-32945 -> STARLINK-11474 [DTC] | Tramission-time: 0.0013835212283928853
[230] Energy routing consumed by STARLINK-32945: 0.000000 J (remaining 97964.71)
[MODE: BIDIRECTIONAL]
[230][GREEDY] CONSEGNATO! STARLINK-11474 [DTC] -> OBS | Tramission-time: 5.023286662478031e-10
---> Task 233 (Type: CPU_Intensive) arriva in 122.87
--- [122.87] Task 233 using SearchNode Policy: v2_ilp_hybrid ---
[122.87] [Task 233] Entering ILP branch (v2)
[ε-constraint energy] sumE_B=807.571027  bound=888.328130  active=False
[ILP] res_type=dict value_preview={'stage': 'B', 'status': 'Optimal', 'primary': 'energy', 'tol': 0.1, 'opt_primary': 807.5710273643192, 'objective_secondary': 0.08212044906543528, 'sumE': 807.5
[122.87] [Task 233] ILP chose server: STARLINK-32945
[122.87] [Task 233] Routed STARLINK-35269 -> STARLINK-32945 | E_NET=0.000009 J | Remaining=119999.96 J
[122.868] Task 233 enqueued on CPU STARLINK-32945 qlen_enqueue=1
---> Task 234 (Type: Generic_Service) arriva in 122.90
--- [122.90] Task 234 using SearchNode Policy: v2_ilp_hybrid ---
[122.90] [Task 234] Entering ILP branch (v2)
[ε-constraint energy] sumE_B=477.247453  bound=524.972198  active=False
[ILP] res_type=dict value_preview={'stage': 'B', 'status': 'Optimal', 'primary': 'energy', 'tol': 0.1, 'opt_primary': 477.24745272556885, 'objective_secondary': 0.04856412292994177, 'sumE': 477.
[122.90] [Task 234] ILP chose server: STARLINK-32654
[122.90] [Task 234] Routed STARLINK-35269 -> STARLINK-32654 | E_NET=0.000028 J | Remaining=119999.96 J
[122.898] Task 234 enqueued on CPU STARLINK-32654 qlen_enqueue=1
[Task 234] Task eseguito su STARLINK-32654 52.24856594111323 degrees | CPU=477.2474J, NET=0.0000J, TOTAL=477.2474J, Remaining=10983.36J
[122.949] Task 234 served on STARLINK-32654 qlen_enqueue_cpu=1 qlen_enqueue_net=None time_in_queue=0.000
[234][GREEDY] STARLINK-32654 -> STARLINK-11474 [DTC] | Tramission-time: 0.001457140128541458
[234] Energy routing consumed by STARLINK-32654: 0.000000 J (remaining 10983.36)
[MODE: BIDIRECTIONAL]
[234][GREEDY] CONSEGNATO! STARLINK-11474 [DTC] -> OBS | Tramission-time: 2.772074063651893e-11
[Task 233] Task eseguito su STARLINK-32945 34.605566648759094 degrees | CPU=807.5710J, NET=0.0000J, TOTAL=807.5710J, Remaining=97157.14J
[122.951] Task 233 served on STARLINK-32945 qlen_enqueue_cpu=1 qlen_enqueue_net=None time_in_queue=0.000
[233][GREEDY] STARLINK-32945 -> STARLINK-11474 [DTC] | Tramission-time: 0.001383520733440949
[233] Energy routing consumed by STARLINK-32945: 0.000000 J (remaining 97157.14)
[MODE: BIDIRECTIONAL]
[233][GREEDY] CONSEGNATO! STARLINK-11474 [DTC] -> OBS | Tramission-time: 7.959037041197823e-12
---> Task 235 (Type: CPU_Intensive) arriva in 123.78
--- [123.78] Task 235 using SearchNode Policy: v2_ilp_hybrid ---
[123.78] [Task 235] Entering ILP branch (v2)
[ε-constraint energy] sumE_B=2357.977528  bound=2593.775280  active=False
[ILP] res_type=dict value_preview={'stage': 'B', 'status': 'Optimal', 'primary': 'energy', 'tol': 0.1, 'opt_primary': 2357.9775275961615, 'objective_secondary': 0.23979027396533042, 'sumE': 2357
[123.78] [Task 235] ILP chose server: STARLINK-32945
[123.78] [Task 235] Routed STARLINK-35269 -> STARLINK-32945 | E_NET=0.000036 J | Remaining=119999.96 J
[123.781] Task 235 enqueued on CPU STARLINK-32945 qlen_enqueue=1
----------------------------------------------------------------------
	||TIME IN SIMULATION : (seconds:124) (minutes: 2) ||

MODIFICA CONFIGURAZIONE IN CORSO...

Aggiornato il Tempo Globale:  2025-11-20 20:57:18
[Task 235] Task eseguito su STARLINK-32945 35.19634915350538 degrees | CPU=2357.9775J, NET=0.0000J, TOTAL=2357.9775J, Remaining=94799.16J
[124.023] Task 235 served on STARLINK-32945 qlen_enqueue_cpu=1 qlen_enqueue_net=None time_in_queue=0.000
[235][GREEDY] STARLINK-32945 -> STARLINK-11474 [DTC] | Tramission-time: 0.0013701278042672993
[235] Energy routing consumed by STARLINK-32945: 0.000000 J (remaining 94799.16)
[MODE: BIDIRECTIONAL]
[235][GREEDY] CONSEGNATO! STARLINK-11474 [DTC] -> OBS | Tramission-time: 3.427649733765846e-11
---> Task 236 (Type: Generic_Service) arriva in 124.52
--- [124.52] Task 236 using SearchNode Policy: v2_ilp_hybrid ---
[124.52] [Task 236] Entering ILP branch (v2)
[ε-constraint energy] sumE_B=701.094473  bound=771.203921  active=False
[ILP] res_type=dict value_preview={'stage': 'B', 'status': 'Optimal', 'primary': 'energy', 'tol': 0.1, 'opt_primary': 701.0944734163147, 'objective_secondary': 0.07130285376289937, 'sumE': 701.0
[124.52] [Task 236] ILP chose server: STARLINK-32945
[124.52] [Task 236] Routed STARLINK-35269 -> STARLINK-32945 | E_NET=0.000016 J | Remaining=119999.96 J
[124.517] Task 236 enqueued on CPU STARLINK-32945 qlen_enqueue=1
[Task 236] Task eseguito su STARLINK-32945 35.19634915350538 degrees | CPU=701.0945J, NET=0.0000J, TOTAL=701.0945J, Remaining=94098.06J
[124.589] Task 236 served on STARLINK-32945 qlen_enqueue_cpu=1 qlen_enqueue_net=None time_in_queue=0.000
[236][GREEDY] STARLINK-32945 -> STARLINK-11474 [DTC] | Tramission-time: 0.0013701277883212237
[236] Energy routing consumed by STARLINK-32945: 0.000000 J (remaining 94098.06)
[MODE: BIDIRECTIONAL]
[236][GREEDY] CONSEGNATO! STARLINK-11474 [DTC] -> OBS | Tramission-time: 1.41969507048168e-11
----------------------------------------------------------------------
	||TIME IN SIMULATION : (seconds:126) (minutes: 2) ||

MODIFICA CONFIGURAZIONE IN CORSO...

Aggiornato il Tempo Globale:  2025-11-20 20:57:20
---> Task 237 (Type: CPU_and_Data_Intensive) arriva in 126.05
--- [126.05] Task 237 using SearchNode Policy: v2_ilp_hybrid ---
[126.05] [Task 237] Entering ILP branch (v2)
[ε-constraint energy] sumE_B=2089.292180  bound=2298.221398  active=False
[ILP] res_type=dict value_preview={'stage': 'B', 'status': 'Optimal', 'primary': 'energy', 'tol': 0.1, 'opt_primary': 2089.292180421984, 'objective_secondary': 0.3412467277418483, 'sumE': 2089.2
[126.05] [Task 237] ILP chose server: STARLINK-32654
[126.05] [Task 237] Routed STARLINK-35269 -> STARLINK-32654 | E_NET=0.103770 J | Remaining=119999.86 J
[126.128] Task 231 enqueued on NET STARLINK-32743 qlen_enqueue_net=1
[Task 231] Task eseguito su STARLINK-32743 28.265199991801726 degrees | CPU=35349.7300J, NET=0.0062J, TOTAL=35349.7363J, Remaining=53452.92J
[126.134] Task 231 served on STARLINK-32743 qlen_enqueue_cpu=1 qlen_enqueue_net=1 time_in_queue=0.000
[231][GREEDY] STARLINK-32743 -> STARLINK-11474 [DTC] | Tramission-time: 0.001710190390460351
[231] Energy routing consumed by STARLINK-32743: 0.000000 J (remaining 53452.92)
[126.157] Task 237 enqueued on CPU STARLINK-32654 qlen_enqueue=1
[MODE: BIDIRECTIONAL]
[231][GREEDY] CONSEGNATO! STARLINK-11474 [DTC] -> OBS | Tramission-time: 8.129037189751847e-09
[126.369] Task 237 enqueued on NET STARLINK-32654 qlen_enqueue_net=1
---> Task 238 (Type: CPU_Intensive) arriva in 126.47
--- [126.47] Task 238 using SearchNode Policy: v2_ilp_hybrid ---
[126.47] [Task 238] Entering ILP branch (v2)
[ε-constraint energy] sumE_B=7162.447014  bound=7878.691715  active=False
[ILP] res_type=dict value_preview={'stage': 'B', 'status': 'Optimal', 'primary': 'energy', 'tol': 0.1, 'opt_primary': 7162.4470140894055, 'objective_secondary': 0.7282737007760385, 'sumE': 7162.
[126.47] [Task 238] ILP chose server: STARLINK-32743
[126.47] [Task 238] Routed STARLINK-35269 -> STARLINK-32743 | E_NET=0.000015 J | Remaining=119999.86 J
[126.472] Task 238 enqueued on CPU STARLINK-32743 qlen_enqueue=1
[Task 237] Task eseguito su STARLINK-32654 50.77516193297289 degrees | CPU=2089.1634J, NET=0.1038J, TOTAL=2089.2671J, Remaining=8894.09J
[126.473] Task 237 served on STARLINK-32654 qlen_enqueue_cpu=1 qlen_enqueue_net=1 time_in_queue=0.000
[237][GREEDY] STARLINK-32654 -> STARLINK-11474 [DTC] | Tramission-time: 0.0015156984384786247
[237] Energy routing consumed by STARLINK-32654: 0.000000 J (remaining 8894.09)
[MODE: BIDIRECTIONAL]
[237][GREEDY] CONSEGNATO! STARLINK-11474 [DTC] -> OBS | Tramission-time: 8.878907241744024e-08
[Task 238] Task eseguito su STARLINK-32743 28.265199991801726 degrees | CPU=7162.4470J, NET=0.0000J, TOTAL=7162.4470J, Remaining=46290.47J
[127.202] Task 238 served on STARLINK-32743 qlen_enqueue_cpu=1 qlen_enqueue_net=None time_in_queue=0.000
[238][GREEDY] STARLINK-32743 -> STARLINK-11474 [DTC] | Tramission-time: 0.0017101834243526016
[238] Energy routing consumed by STARLINK-32743: 0.000000 J (remaining 46290.47)
[MODE: BIDIRECTIONAL]
[238][GREEDY] CONSEGNATO! STARLINK-11474 [DTC] -> OBS | Tramission-time: 1.6022060125641585e-11
---> Task 239 (Type: CPU_Intensive) arriva in 127.63
--- [127.63] Task 239 using SearchNode Policy: v2_ilp_hybrid ---
[127.63] [Task 239] Entering ILP branch (v2)
[ε-constraint energy] sumE_B=1283.545141  bound=1411.899656  active=False
[ILP] res_type=dict value_preview={'stage': 'B', 'status': 'Optimal', 'primary': 'energy', 'tol': 0.1, 'opt_primary': 1283.5451414088498, 'objective_secondary': 0.1305129323747266, 'sumE': 1283.
[127.63] [Task 239] ILP chose server: STARLINK-32743
[127.63] [Task 239] Routed STARLINK-35269 -> STARLINK-32743 | E_NET=0.000005 J | Remaining=119999.86 J
[127.628] Task 239 enqueued on CPU STARLINK-32743 qlen_enqueue=1
[Task 239] Task eseguito su STARLINK-32743 28.265199991801726 degrees | CPU=1283.5451J, NET=0.0000J, TOTAL=1283.5451J, Remaining=45006.93J
[127.759] Task 239 served on STARLINK-32743 qlen_enqueue_cpu=1 qlen_enqueue_net=None time_in_queue=0.000
[239][GREEDY] STARLINK-32743 -> STARLINK-11474 [DTC] | Tramission-time: 0.0017101834151318034
[239] Energy routing consumed by STARLINK-32743: 0.000000 J (remaining 45006.93)
[MODE: BIDIRECTIONAL]
[239][GREEDY] CONSEGNATO! STARLINK-11474 [DTC] -> OBS | Tramission-time: 5.5304108375631704e-12
----------------------------------------------------------------------
	||TIME IN SIMULATION : (seconds:128) (minutes: 2) ||

MODIFICA CONFIGURAZIONE IN CORSO...

Aggiornato il Tempo Globale:  2025-11-20 20:57:22
---> Task 240 (Type: CPU_Intensive) arriva in 128.19
--- [128.19] Task 240 using SearchNode Policy: v2_ilp_hybrid ---
[128.19] [Task 240] Entering ILP branch (v2)
[ε-constraint energy] sumE_B=2127.854079  bound=2340.639487  active=False
[ILP] res_type=dict value_preview={'stage': 'B', 'status': 'Optimal', 'primary': 'energy', 'tol': 0.1, 'opt_primary': 2127.8540788930404, 'objective_secondary': 0.21636022224966572, 'sumE': 2127
[128.19] [Task 240] ILP chose server: STARLINK-31763
[128.19] [Task 240] Routed STARLINK-35307 -> STARLINK-31763 | E_NET=0.000006 J | Remaining=120000.00 J
[128.186] Task 240 enqueued on CPU STARLINK-31763 qlen_enqueue=1
---> Task 241 (Type: CPU_and_Data_Intensive) arriva in 128.21
--- [128.21] Task 241 using SearchNode Policy: v2_ilp_hybrid ---
[128.21] [Task 241] Entering ILP branch (v2)
[ε-constraint energy] sumE_B=163.200335  bound=179.520368  active=False
[ILP] res_type=dict value_preview={'stage': 'B', 'status': 'Optimal', 'primary': 'energy', 'tol': 0.1, 'opt_primary': 163.2003348000614, 'objective_secondary': 0.017195521586324876, 'sumE': 163.
[128.21] [Task 241] ILP chose server: STARLINK-31702
[128.21] [Task 241] Routed STARLINK-35307 -> STARLINK-31702 | E_NET=0.000475 J | Remaining=120000.00 J
[128.209] Task 241 enqueued on CPU STARLINK-31702 qlen_enqueue=1
[128.226] Task 241 enqueued on NET STARLINK-31702 qlen_enqueue_net=1
[Task 241] Task eseguito su STARLINK-31702 41.65969490972464 degrees | CPU=163.1997J, NET=0.0005J, TOTAL=163.2002J, Remaining=101167.72J
[128.226] Task 241 served on STARLINK-31702 qlen_enqueue_cpu=1 qlen_enqueue_net=1 time_in_queue=0.000
[241][GREEDY] STARLINK-31702 -> STARLINK-11474 [DTC] | Tramission-time: 0.0014658305549364236
[241] Energy routing consumed by STARLINK-31702: 0.000000 J (remaining 101167.72)
[MODE: BIDIRECTIONAL]
[241][GREEDY] CONSEGNATO! STARLINK-11474 [DTC] -> OBS | Tramission-time: 4.365510426865564e-10
[Task 240] Task eseguito su STARLINK-31763 43.125837647431375 degrees | CPU=2127.8541J, NET=0.0000J, TOTAL=2127.8541J, Remaining=68920.15J
[128.403] Task 240 served on STARLINK-31763 qlen_enqueue_cpu=1 qlen_enqueue_net=None time_in_queue=0.000
[240][GREEDY] STARLINK-31763 -> STARLINK-11474 [DTC] | Tramission-time: 0.0006802895624693894
[240] Energy routing consumed by STARLINK-31763: 0.000000 J (remaining 68920.15)
[MODE: BIDIRECTIONAL]
[240][GREEDY] CONSEGNATO! STARLINK-11474 [DTC] -> OBS | Tramission-time: 5.32612059208958e-12
---> Task 242 (Type: Generic_Service) arriva in 129.30
--- [129.30] Task 242 using SearchNode Policy: v2_ilp_hybrid ---
[129.30] [Task 242] Entering ILP branch (v2)
[ε-constraint energy] sumE_B=316.819052  bound=348.500957  active=False
[ILP] res_type=dict value_preview={'stage': 'B', 'status': 'Optimal', 'primary': 'energy', 'tol': 0.1, 'opt_primary': 316.81905165188283, 'objective_secondary': 0.03223101920226013, 'sumE': 316.
[129.30] [Task 242] ILP chose server: STARLINK-31763
[129.30] [Task 242] Routed STARLINK-35307 -> STARLINK-31763 | E_NET=0.000016 J | Remaining=120000.00 J
[129.301] Task 242 enqueued on CPU STARLINK-31763 qlen_enqueue=1
[Task 242] Task eseguito su STARLINK-31763 43.125837647431375 degrees | CPU=316.8190J, NET=0.0000J, TOTAL=316.8190J, Remaining=68603.33J
[129.334] Task 242 served on STARLINK-31763 qlen_enqueue_cpu=1 qlen_enqueue_net=None time_in_queue=0.000
[242][GREEDY] STARLINK-31763 -> STARLINK-11474 [DTC] | Tramission-time: 0.0006802895685115153
[242] Energy routing consumed by STARLINK-31763: 0.000000 J (remaining 68603.33)
[MODE: BIDIRECTIONAL]
[242][GREEDY] CONSEGNATO! STARLINK-11474 [DTC] -> OBS | Tramission-time: 1.648979549840714e-11
----------------------------------------------------------------------
	||TIME IN SIMULATION : (seconds:130) (minutes: 2) ||

MODIFICA CONFIGURAZIONE IN CORSO...

Aggiornato il Tempo Globale:  2025-11-20 20:57:24
---> Task 243 (Type: CPU_Intensive) arriva in 130.18
--- [130.18] Task 243 using SearchNode Policy: v2_ilp_hybrid ---
[130.18] [Task 243] Entering ILP branch (v2)
[ε-constraint energy] sumE_B=5221.823846  bound=5744.006231  active=False
[ILP] res_type=dict value_preview={'stage': 'B', 'status': 'Optimal', 'primary': 'energy', 'tol': 0.1, 'opt_primary': 5221.823846108124, 'objective_secondary': 0.5309567312921822, 'sumE': 5221.8
[130.18] [Task 243] ILP chose server: STARLINK-31763
[130.18] [Task 243] Routed STARLINK-35307 -> STARLINK-31763 | E_NET=0.000013 J | Remaining=120000.00 J
[130.179] Task 243 enqueued on CPU STARLINK-31763 qlen_enqueue=1
---> Task 244 (Type: Generic_Service) arriva in 130.29
--- [130.29] Task 244 using SearchNode Policy: v2_ilp_hybrid ---
[130.29] [Task 244] Entering ILP branch (v2)
[ε-constraint energy] sumE_B=91.019802  bound=100.121782  active=False
[ILP] res_type=dict value_preview={'stage': 'B', 'status': 'Optimal', 'primary': 'energy', 'tol': 0.1, 'opt_primary': 91.01980175629524, 'objective_secondary': 0.009262787386638575, 'sumE': 91.0
[130.29] [Task 244] ILP chose server: STARLINK-31702
[130.29] [Task 244] Routed STARLINK-35307 -> STARLINK-31702 | E_NET=0.000008 J | Remaining=120000.00 J
[130.290] Task 244 enqueued on CPU STARLINK-31702 qlen_enqueue=1
[Task 244] Task eseguito su STARLINK-31702 42.166000483475145 degrees | CPU=91.0198J, NET=0.0000J, TOTAL=91.0198J, Remaining=101076.70J
[130.300] Task 244 served on STARLINK-31702 qlen_enqueue_cpu=1 qlen_enqueue_net=None time_in_queue=0.000
---> Task 245 (Type: Generic_Service) arriva in 130.31
--- [130.31] Task 245 using SearchNode Policy: v2_ilp_hybrid ---
[130.31] [Task 245] Entering ILP branch (v2)
[ε-constraint energy] sumE_B=548.159791  bound=602.975770  active=False
[ILP] res_type=dict value_preview={'stage': 'B', 'status': 'Optimal', 'primary': 'energy', 'tol': 0.1, 'opt_primary': 548.159790576739, 'objective_secondary': 0.05576287653461635, 'sumE': 548.15
[130.31] [Task 245] ILP chose server: STARLINK-31702
[130.31] [Task 245] Routed STARLINK-35307 -> STARLINK-31702 | E_NET=0.000026 J | Remaining=120000.00 J
[130.315] Task 245 enqueued on CPU STARLINK-31702 qlen_enqueue=1
[244][GREEDY] STARLINK-31702 -> STARLINK-11474 [DTC] | Tramission-time: 0.0014526014123025647
[244] Energy routing consumed by STARLINK-31702: 0.000000 J (remaining 101076.70)
[MODE: BIDIRECTIONAL]
[244][GREEDY] CONSEGNATO! STARLINK-11474 [DTC] -> OBS | Tramission-time: 6.484024323158237e-12
[Task 245] Task eseguito su STARLINK-31702 42.166000483475145 degrees | CPU=548.1598J, NET=0.0000J, TOTAL=548.1598J, Remaining=100528.54J
[130.373] Task 245 served on STARLINK-31702 qlen_enqueue_cpu=1 qlen_enqueue_net=None time_in_queue=0.000
---> Task 246 (Type: CPU_and_Data_Intensive) arriva in 130.44
--- [130.44] Task 246 using SearchNode Policy: v2_ilp_hybrid ---
[130.44] [Task 246] Entering ILP branch (v2)
[ε-constraint energy] sumE_B=1001.129509  bound=1101.242460  active=False
[ILP] res_type=dict value_preview={'stage': 'B', 'status': 'Optimal', 'primary': 'energy', 'tol': 0.1, 'opt_primary': 1001.1295091391382, 'objective_secondary': 0.2564142597192316, 'sumE': 1001.
[130.44] [Task 246] ILP chose server: STARLINK-31702
[130.44] [Task 246] Routed STARLINK-35307 -> STARLINK-31702 | E_NET=0.145879 J | Remaining=119999.85 J
[245][GREEDY] STARLINK-31702 -> STARLINK-11474 [DTC] | Tramission-time: 0.0014526014284669414
[245] Energy routing consumed by STARLINK-31702: 0.000000 J (remaining 100528.54)
[MODE: BIDIRECTIONAL]
[245][GREEDY] CONSEGNATO! STARLINK-11474 [DTC] -> OBS | Tramission-time: 2.4091988852674204e-11
[130.586] Task 246 enqueued on CPU STARLINK-31702 qlen_enqueue=1
[130.688] Task 246 enqueued on NET STARLINK-31702 qlen_enqueue_net=1
[Task 243] Task eseguito su STARLINK-31763 43.98791075353496 degrees | CPU=5221.8238J, NET=0.0000J, TOTAL=5221.8238J, Remaining=63381.51J
[130.711] Task 243 served on STARLINK-31763 qlen_enqueue_cpu=1 qlen_enqueue_net=None time_in_queue=0.000
---> Task 247 (Type: CPU_and_Data_Intensive) arriva in 130.71
--- [130.71] Task 247 using SearchNode Policy: v2_ilp_hybrid ---
[130.71] [Task 247] Entering ILP branch (v2)
[ε-constraint energy] sumE_B=3869.920128  bound=4256.912141  active=False
[ILP] res_type=dict value_preview={'stage': 'B', 'status': 'Optimal', 'primary': 'energy', 'tol': 0.1, 'opt_primary': 3869.9201279482536, 'objective_secondary': 0.397159060647771, 'sumE': 3869.9
[130.71] [Task 247] ILP chose server: STARLINK-31763
[130.71] [Task 247] Routed STARLINK-35307 -> STARLINK-31763 | E_NET=0.002645 J | Remaining=119999.85 J
[130.717] Task 247 enqueued on CPU STARLINK-31763 qlen_enqueue=1
[243][GREEDY] STARLINK-31763 -> STARLINK-11474 [DTC] | Tramission-time: 0.000677842190286225
[243] Energy routing consumed by STARLINK-31763: 0.000000 J (remaining 63381.51)
[MODE: BIDIRECTIONAL]
[243][GREEDY] CONSEGNATO! STARLINK-11474 [DTC] -> OBS | Tramission-time: 1.4887251219183788e-11
[Task 246] Task eseguito su STARLINK-31702 42.166000483475145 degrees | CPU=1000.9749J, NET=0.1459J, TOTAL=1001.1207J, Remaining=99527.42J
[130.833] Task 246 served on STARLINK-31702 qlen_enqueue_cpu=1 qlen_enqueue_net=1 time_in_queue=0.000
---> Task 248 (Type: Generic_Service) arriva in 130.86
--- [130.86] Task 248 using SearchNode Policy: v2_ilp_hybrid ---
[130.86] [Task 248] Entering ILP branch (v2)
[ε-constraint energy] sumE_B=664.558164  bound=731.013980  active=False
[ILP] res_type=dict value_preview={'stage': 'B', 'status': 'Optimal', 'primary': 'energy', 'tol': 0.1, 'opt_primary': 664.5581635354162, 'objective_secondary': 0.06758694616590694, 'sumE': 664.5
[130.86] [Task 248] ILP chose server: STARLINK-31702
[130.86] [Task 248] Routed STARLINK-35307 -> STARLINK-31702 | E_NET=0.000016 J | Remaining=119999.85 J
[130.858] Task 248 enqueued on CPU STARLINK-31702 qlen_enqueue=1
[246][GREEDY] STARLINK-31702 -> STARLINK-11474 [DTC] | Tramission-time: 0.001452715830467199
[246] Energy routing consumed by STARLINK-31702: 0.000000 J (remaining 99527.42)
[MODE: BIDIRECTIONAL]
[246][GREEDY] CONSEGNATO! STARLINK-11474 [DTC] -> OBS | Tramission-time: 1.0485133648616307e-07
---> Task 249 (Type: CPU_Intensive) arriva in 130.87
--- [130.87] Task 249 using SearchNode Policy: v2_ilp_hybrid ---
[130.87] [Task 249] Entering ILP branch (v2)
[ε-constraint energy] sumE_B=1783.328276  bound=1961.661103  active=False
[ILP] res_type=dict value_preview={'stage': 'B', 'status': 'Optimal', 'primary': 'energy', 'tol': 0.1, 'opt_primary': 1783.328275756374, 'objective_secondary': 0.18135118150738716, 'sumE': 1783.
[130.87] [Task 249] ILP chose server: STARLINK-31646
[130.87] [Task 249] Routed STARLINK-35307 -> STARLINK-31646 | E_NET=0.000028 J | Remaining=119999.85 J
[130.872] Task 249 enqueued on CPU STARLINK-31646 qlen_enqueue=1
---> Task 250 (Type: CPU_and_Data_Intensive) arriva in 130.88
--- [130.88] Task 250 using SearchNode Policy: v2_ilp_hybrid ---
[130.88] [Task 250] Entering ILP branch (v2)
[ε-constraint energy] sumE_B=5827.818926  bound=6410.600818  active=False
[ILP] res_type=dict value_preview={'stage': 'B', 'status': 'Optimal', 'primary': 'energy', 'tol': 0.1, 'opt_primary': 5827.818925604535, 'objective_secondary': 0.5933219478000393, 'sumE': 5827.8
[130.88] [Task 250] ILP chose server: STARLINK-31585
[130.88] [Task 250] Routed STARLINK-35307 -> STARLINK-31585 | E_NET=0.000622 J | Remaining=119999.85 J
[130.881] Task 250 enqueued on CPU STARLINK-31585 qlen_enqueue=1
[Task 248] Task eseguito su STARLINK-31702 42.166000483475145 degrees | CPU=664.5581J, NET=0.0000J, TOTAL=664.5582J, Remaining=98862.86J
[130.927] Task 248 served on STARLINK-31702 qlen_enqueue_cpu=1 qlen_enqueue_net=None time_in_queue=0.000
[248][GREEDY] STARLINK-31702 -> STARLINK-11474 [DTC] | Tramission-time: 0.0014526014179045605
[248] Energy routing consumed by STARLINK-31702: 0.000000 J (remaining 98862.86)
[MODE: BIDIRECTIONAL]
[248][GREEDY] CONSEGNATO! STARLINK-11474 [DTC] -> OBS | Tramission-time: 1.3731339663073344e-11
[Task 249] Task eseguito su STARLINK-31646 25.79185654232803 degrees | CPU=1783.3282J, NET=0.0000J, TOTAL=1783.3283J, Remaining=114118.94J
[131.055] Task 249 served on STARLINK-31646 qlen_enqueue_cpu=1 qlen_enqueue_net=None time_in_queue=0.000
[249][GREEDY] STARLINK-31646 -> STARLINK-35307 | Tramission-time: 0.002032967826616512
[249] Energy routing consumed by STARLINK-31646: 0.000000 J (remaining 114118.94)
[MODE: BIDIRECTIONAL]
[249][GREEDY] CONSEGNATO! STARLINK-35307 -> OBS | Tramission-time: 2.482006503316601e-11
[131.110] Task 247 enqueued on NET STARLINK-31763 qlen_enqueue_net=1
[Task 247] Task eseguito su STARLINK-31763 43.98791075353496 degrees | CPU=3869.9164J, NET=0.0026J, TOTAL=3869.9191J, Remaining=59511.59J
[131.113] Task 247 served on STARLINK-31763 qlen_enqueue_cpu=1 qlen_enqueue_net=1 time_in_queue=0.000
[247][GREEDY] STARLINK-31763 -> STARLINK-11474 [DTC] | Tramission-time: 0.0006778447118675444
[247] Energy routing consumed by STARLINK-31763: 0.000000 J (remaining 59511.59)
[MODE: BIDIRECTIONAL]
[247][GREEDY] CONSEGNATO! STARLINK-11474 [DTC] -> OBS | Tramission-time: 2.849328573797982e-09
[131.474] Task 250 enqueued on NET STARLINK-31585 qlen_enqueue_net=1
[Task 250] Task eseguito su STARLINK-31585 62.75283569756006 degrees | CPU=5827.8182J, NET=0.0006J, TOTAL=5827.8188J, Remaining=105544.25J
[131.475] Task 250 served on STARLINK-31585 qlen_enqueue_cpu=1 qlen_enqueue_net=1 time_in_queue=0.000
[MODE: BIDIRECTIONAL]
[250][GREEDY] CONSEGNATO! STARLINK-31585 -> OBS | Tramission-time: 6.971941539013492e-10
---> Task 251 (Type: CPU_Intensive) arriva in 131.84
--- [131.84] Task 251 using SearchNode Policy: v2_ilp_hybrid ---
[131.84] [Task 251] Entering ILP branch (v2)
[ε-constraint energy] sumE_B=3264.028423  bound=3590.431265  active=False
[ILP] res_type=dict value_preview={'stage': 'B', 'status': 'Optimal', 'primary': 'energy', 'tol': 0.1, 'opt_primary': 3264.0284227938587, 'objective_secondary': 0.3318906210749497, 'sumE': 3264.
[131.84] [Task 251] ILP chose server: STARLINK-31763
[131.84] [Task 251] Routed STARLINK-35307 -> STARLINK-31763 | E_NET=0.000011 J | Remaining=119999.85 J
[131.845] Task 251 enqueued on CPU STARLINK-31763 qlen_enqueue=1
----------------------------------------------------------------------
	||TIME IN SIMULATION : (seconds:132) (minutes: 2) ||

MODIFICA CONFIGURAZIONE IN CORSO...

Aggiornato il Tempo Globale:  2025-11-20 20:57:26
[Task 251] Task eseguito su STARLINK-31763 44.86996111277333 degrees | CPU=3264.0284J, NET=0.0000J, TOTAL=3264.0284J, Remaining=56247.56J
[132.178] Task 251 served on STARLINK-31763 qlen_enqueue_cpu=1 qlen_enqueue_net=None time_in_queue=0.000
[251][GREEDY] STARLINK-31763 -> STARLINK-11474 [DTC] | Tramission-time: 0.0006767708691567155
[251] Energy routing consumed by STARLINK-31763: 0.000000 J (remaining 56247.56)
[MODE: BIDIRECTIONAL]
[251][GREEDY] CONSEGNATO! STARLINK-11474 [DTC] -> OBS | Tramission-time: 1.0149054815940412e-11
---> Task 252 (Type: CPU_Intensive) arriva in 132.99
--- [132.99] Task 252 using SearchNode Policy: v2_ilp_hybrid ---
[132.99] [Task 252] Entering ILP branch (v2)
[ε-constraint energy] sumE_B=1486.653204  bound=1635.318524  active=False
[ILP] res_type=dict value_preview={'stage': 'B', 'status': 'Optimal', 'primary': 'energy', 'tol': 0.1, 'opt_primary': 1486.6532039895435, 'objective_secondary': 0.15116675509154803, 'sumE': 1486
[132.99] [Task 252] ILP chose server: STARLINK-31763
[132.99] [Task 252] Routed STARLINK-35307 -> STARLINK-31763 | E_NET=0.000006 J | Remaining=119999.85 J
[132.987] Task 252 enqueued on CPU STARLINK-31763 qlen_enqueue=1
[Task 252] Task eseguito su STARLINK-31763 44.86996111277333 degrees | CPU=1486.6532J, NET=0.0000J, TOTAL=1486.6532J, Remaining=54760.91J
[133.139] Task 252 served on STARLINK-31763 qlen_enqueue_cpu=1 qlen_enqueue_net=None time_in_queue=0.000
[252][GREEDY] STARLINK-31763 -> STARLINK-11474 [DTC] | Tramission-time: 0.0006767708640101621
[252] Energy routing consumed by STARLINK-31763: 0.000000 J (remaining 54760.91)
[MODE: BIDIRECTIONAL]
[252][GREEDY] CONSEGNATO! STARLINK-11474 [DTC] -> OBS | Tramission-time: 6.8282901330654915e-12
---> Task 253 (Type: CPU_Intensive) arriva in 133.31
--- [133.31] Task 253 using SearchNode Policy: v2_ilp_hybrid ---
[133.31] [Task 253] Entering ILP branch (v2)
[ε-constraint energy] sumE_B=330.370323  bound=363.407355  active=False
[ILP] res_type=dict value_preview={'stage': 'B', 'status': 'Optimal', 'primary': 'energy', 'tol': 0.1, 'opt_primary': 330.3703230423356, 'objective_secondary': 0.033630763015999245, 'sumE': 330.
[133.31] [Task 253] ILP chose server: STARLINK-31763
[133.31] [Task 253] Routed STARLINK-35307 -> STARLINK-31763 | E_NET=0.000027 J | Remaining=119999.85 J
[133.307] Task 253 enqueued on CPU STARLINK-31763 qlen_enqueue=1
[Task 253] Task eseguito su STARLINK-31763 44.86996111277333 degrees | CPU=330.3703J, NET=0.0000J, TOTAL=330.3703J, Remaining=54430.54J
[133.344] Task 253 served on STARLINK-31763 qlen_enqueue_cpu=1 qlen_enqueue_net=None time_in_queue=0.000
[253][GREEDY] STARLINK-31763 -> STARLINK-11474 [DTC] | Tramission-time: 0.0006767708853188908
[253] Energy routing consumed by STARLINK-31763: 0.000000 J (remaining 54430.54)
[MODE: BIDIRECTIONAL]
[253][GREEDY] CONSEGNATO! STARLINK-11474 [DTC] -> OBS | Tramission-time: 3.489645004381449e-11
----------------------------------------------------------------------
	||TIME IN SIMULATION : (seconds:134) (minutes: 2) ||

MODIFICA CONFIGURAZIONE IN CORSO...

Aggiornato il Tempo Globale:  2025-11-20 20:57:28
---> Task 254 (Type: CPU_Intensive) arriva in 134.31
--- [134.31] Task 254 using SearchNode Policy: v2_ilp_hybrid ---
[134.31] [Task 254] Entering ILP branch (v2)
[ε-constraint energy] sumE_B=6266.266970  bound=6892.893666  active=False
[ILP] res_type=dict value_preview={'stage': 'B', 'status': 'Optimal', 'primary': 'energy', 'tol': 0.1, 'opt_primary': 6266.2669695071945, 'objective_secondary': 0.637158662696357, 'sumE': 6266.2
[134.31] [Task 254] ILP chose server: STARLINK-31763
[134.31] [Task 254] Routed STARLINK-35307 -> STARLINK-31763 | E_NET=0.000022 J | Remaining=119999.85 J
[134.307] Task 254 enqueued on CPU STARLINK-31763 qlen_enqueue=1
---> Task 255 (Type: CPU_and_Data_Intensive) arriva in 134.37
--- [134.37] Task 255 using SearchNode Policy: v2_ilp_hybrid ---
[134.37] [Task 255] Entering ILP branch (v2)
[ε-constraint energy] sumE_B=1950.401564  bound=2145.441720  active=False
[ILP] res_type=dict value_preview={'stage': 'B', 'status': 'Optimal', 'primary': 'energy', 'tol': 0.1, 'opt_primary': 1950.4015638749643, 'objective_secondary': 0.33417365445475533, 'sumE': 1950
[134.37] [Task 255] ILP chose server: STARLINK-31702
[134.37] [Task 255] Routed STARLINK-35307 -> STARLINK-31702 | E_NET=0.094433 J | Remaining=119999.76 J
[134.462] Task 255 enqueued on CPU STARLINK-31702 qlen_enqueue=1
[134.660] Task 255 enqueued on NET STARLINK-31702 qlen_enqueue_net=1
---> Task 256 (Type: Generic_Service) arriva in 134.70
--- [134.70] Task 256 using SearchNode Policy: v2_ilp_hybrid ---
[134.70] [Task 256] Entering ILP branch (v2)
[ε-constraint energy] sumE_B=143.632207  bound=157.995428  active=False
[ILP] res_type=dict value_preview={'stage': 'B', 'status': 'Optimal', 'primary': 'energy', 'tol': 0.1, 'opt_primary': 143.63220733306, 'objective_secondary': 0.014637148618927346, 'sumE': 143.63
[134.70] [Task 256] ILP chose server: STARLINK-31646
[134.70] [Task 256] Routed STARLINK-35307 -> STARLINK-31646 | E_NET=0.000031 J | Remaining=119999.76 J
[134.702] Task 256 enqueued on CPU STARLINK-31646 qlen_enqueue=1
[Task 256] Task eseguito su STARLINK-31646 25.433172326301232 degrees | CPU=143.6322J, NET=0.0000J, TOTAL=143.6322J, Remaining=113975.31J
[134.719] Task 256 served on STARLINK-31646 qlen_enqueue_cpu=1 qlen_enqueue_net=None time_in_queue=0.000
[Task 255] Task eseguito su STARLINK-31702 43.15161689278023 degrees | CPU=1950.2657J, NET=0.0944J, TOTAL=1950.3601J, Remaining=96912.50J
[134.754] Task 255 served on STARLINK-31702 qlen_enqueue_cpu=1 qlen_enqueue_net=1 time_in_queue=0.000
[256][GREEDY] STARLINK-31646 -> STARLINK-35307 | Tramission-time: 0.0021275218266444203
[256] Energy routing consumed by STARLINK-31646: 0.000000 J (remaining 113975.31)
[255][GREEDY] STARLINK-31702 -> STARLINK-11474 [DTC] | Tramission-time: 0.001426255706348958
[255] Energy routing consumed by STARLINK-31702: 0.000000 J (remaining 96912.50)
[MODE: BIDIRECTIONAL]
[256][GREEDY] CONSEGNATO! STARLINK-35307 -> OBS | Tramission-time: 2.965433440087666e-11
[MODE: BIDIRECTIONAL]
[255][GREEDY] CONSEGNATO! STARLINK-11474 [DTC] -> OBS | Tramission-time: 1.1579467109485449e-07
[Task 254] Task eseguito su STARLINK-31763 45.77217643692799 degrees | CPU=6266.2669J, NET=0.0000J, TOTAL=6266.2670J, Remaining=48164.27J
[134.946] Task 254 served on STARLINK-31763 qlen_enqueue_cpu=1 qlen_enqueue_net=None time_in_queue=0.000
[254][GREEDY] STARLINK-31763 -> STARLINK-11474 [DTC] | Tramission-time: 0.0006770821966475668
[254] Energy routing consumed by STARLINK-31763: 0.000000 J (remaining 48164.27)
[MODE: BIDIRECTIONAL]
[254][GREEDY] CONSEGNATO! STARLINK-11474 [DTC] -> OBS | Tramission-time: 2.294450553193165e-11
---> Task 257 (Type: Generic_Service) arriva in 135.89
--- [135.89] Task 257 using SearchNode Policy: v2_ilp_hybrid ---
[135.89] [Task 257] Entering ILP branch (v2)
[ε-constraint energy] sumE_B=594.337585  bound=653.771343  active=False
[ILP] res_type=dict value_preview={'stage': 'B', 'status': 'Optimal', 'primary': 'energy', 'tol': 0.1, 'opt_primary': 594.3375848390378, 'objective_secondary': 0.06045808188759887, 'sumE': 594.3
[135.89] [Task 257] ILP chose server: STARLINK-31763
[135.89] [Task 257] Routed STARLINK-35307 -> STARLINK-31763 | E_NET=0.000025 J | Remaining=119999.76 J
[135.896] Task 257 enqueued on CPU STARLINK-31763 qlen_enqueue=1
[Task 257] Task eseguito su STARLINK-31763 45.77217643692799 degrees | CPU=594.3376J, NET=0.0000J, TOTAL=594.3376J, Remaining=47569.94J
[135.958] Task 257 served on STARLINK-31763 qlen_enqueue_cpu=1 qlen_enqueue_net=None time_in_queue=0.000
[257][GREEDY] STARLINK-31763 -> STARLINK-11474 [DTC] | Tramission-time: 0.0006770821944940837
[257] Energy routing consumed by STARLINK-31763: 0.000000 J (remaining 47569.94)
[MODE: BIDIRECTIONAL]
[257][GREEDY] CONSEGNATO! STARLINK-11474 [DTC] -> OBS | Tramission-time: 2.106489745521153e-11
----------------------------------------------------------------------
	||TIME IN SIMULATION : (seconds:136) (minutes: 2) ||

MODIFICA CONFIGURAZIONE IN CORSO...

Aggiornato il Tempo Globale:  2025-11-20 20:57:30
---> Task 258 (Type: Generic_Service) arriva in 136.10
--- [136.10] Task 258 using SearchNode Policy: v2_ilp_hybrid ---
[136.10] [Task 258] Entering ILP branch (v2)
[ε-constraint energy] sumE_B=79.765128  bound=87.741641  active=False
[ILP] res_type=dict value_preview={'stage': 'B', 'status': 'Optimal', 'primary': 'energy', 'tol': 0.1, 'opt_primary': 79.76512818804372, 'objective_secondary': 0.008117170130021794, 'sumE': 79.7
[136.10] [Task 258] ILP chose server: STARLINK-31763
[136.10] [Task 258] Routed STARLINK-35307 -> STARLINK-31763 | E_NET=0.000006 J | Remaining=119999.76 J
[136.105] Task 258 enqueued on CPU STARLINK-31763 qlen_enqueue=1
[Task 258] Task eseguito su STARLINK-31763 46.694679694476946 degrees | CPU=79.7651J, NET=0.0000J, TOTAL=79.7651J, Remaining=47490.17J
[136.113] Task 258 served on STARLINK-31763 qlen_enqueue_cpu=1 qlen_enqueue_net=None time_in_queue=0.000
[258][GREEDY] STARLINK-31763 -> STARLINK-11474 [DTC] | Tramission-time: 0.0006787742525897187
[258] Energy routing consumed by STARLINK-31763: 0.000000 J (remaining 47490.17)
[MODE: BIDIRECTIONAL]
[258][GREEDY] CONSEGNATO! STARLINK-11474 [DTC] -> OBS | Tramission-time: 4.981021390903122e-12
---> Task 259 (Type: Generic_Service) arriva in 136.42
--- [136.42] Task 259 using SearchNode Policy: v2_ilp_hybrid ---
[136.42] [Task 259] Entering ILP branch (v2)
[ε-constraint energy] sumE_B=1574.012941  bound=1731.414235  active=False
[ILP] res_type=dict value_preview={'stage': 'B', 'status': 'Optimal', 'primary': 'energy', 'tol': 0.1, 'opt_primary': 1574.0129413482232, 'objective_secondary': 0.16005849308195713, 'sumE': 1574
[136.42] [Task 259] ILP chose server: STARLINK-31763
[136.42] [Task 259] Routed STARLINK-35307 -> STARLINK-31763 | E_NET=0.000015 J | Remaining=119999.76 J
[136.421] Task 259 enqueued on CPU STARLINK-31763 qlen_enqueue=1
---> Task 260 (Type: Generic_Service) arriva in 136.51
--- [136.51] Task 260 using SearchNode Policy: v2_ilp_hybrid ---
[136.51] [Task 260] Entering ILP branch (v2)
[ε-constraint energy] sumE_B=229.624877  bound=252.587365  active=False
[ILP] res_type=dict value_preview={'stage': 'B', 'status': 'Optimal', 'primary': 'energy', 'tol': 0.1, 'opt_primary': 229.62487729570995, 'objective_secondary': 0.02337668684620722, 'sumE': 229.
[136.51] [Task 260] ILP chose server: STARLINK-31702
[136.51] [Task 260] Routed STARLINK-35307 -> STARLINK-31702 | E_NET=0.000021 J | Remaining=119999.76 J
[136.515] Task 260 enqueued on CPU STARLINK-31702 qlen_enqueue=1
[Task 260] Task eseguito su STARLINK-31702 43.627934494309144 degrees | CPU=229.6248J, NET=0.0000J, TOTAL=229.6249J, Remaining=96682.88J
[136.540] Task 260 served on STARLINK-31702 qlen_enqueue_cpu=1 qlen_enqueue_net=None time_in_queue=0.000
[260][GREEDY] STARLINK-31702 -> STARLINK-11474 [DTC] | Tramission-time: 0.001412948122199271
[260] Energy routing consumed by STARLINK-31702: 0.000000 J (remaining 96682.88)
[MODE: BIDIRECTIONAL]
[260][GREEDY] CONSEGNATO! STARLINK-11474 [DTC] -> OBS | Tramission-time: 1.9970103384816303e-11
[Task 259] Task eseguito su STARLINK-31763 46.694679694476946 degrees | CPU=1574.0129J, NET=0.0000J, TOTAL=1574.0129J, Remaining=45916.16J
[136.583] Task 259 served on STARLINK-31763 qlen_enqueue_cpu=1 qlen_enqueue_net=None time_in_queue=0.000
[259][GREEDY] STARLINK-31763 -> STARLINK-11474 [DTC] | Tramission-time: 0.0006787742612071572
[259] Energy routing consumed by STARLINK-31763: 0.000000 J (remaining 45916.16)
[MODE: BIDIRECTIONAL]
[259][GREEDY] CONSEGNATO! STARLINK-11474 [DTC] -> OBS | Tramission-time: 1.2867478800154654e-11
---> Task 261 (Type: CPU_and_Data_Intensive) arriva in 137.09
--- [137.09] Task 261 using SearchNode Policy: v2_ilp_hybrid ---
[137.09] [Task 261] Entering ILP branch (v2)
[ε-constraint energy] sumE_B=8746.893388  bound=9621.582726  active=False
[ILP] res_type=dict value_preview={'stage': 'B', 'status': 'Optimal', 'primary': 'energy', 'tol': 0.1, 'opt_primary': 8746.893387502261, 'objective_secondary': 0.8982828822963448, 'sumE': 8746.8
[137.09] [Task 261] ILP chose server: STARLINK-31763
[137.09] [Task 261] Routed STARLINK-35307 -> STARLINK-31763 | E_NET=0.007273 J | Remaining=119999.75 J
[137.097] Task 261 enqueued on CPU STARLINK-31763 qlen_enqueue=1
---> Task 262 (Type: CPU_Intensive) arriva in 137.52
--- [137.52] Task 262 using SearchNode Policy: v2_ilp_hybrid ---
[137.52] [Task 262] Entering ILP branch (v2)
[ε-constraint energy] sumE_B=201.050938  bound=221.156032  active=False
[ILP] res_type=dict value_preview={'stage': 'B', 'status': 'Optimal', 'primary': 'energy', 'tol': 0.1, 'opt_primary': 201.0509377829154, 'objective_secondary': 0.020450126282340397, 'sumE': 201.
[137.52] [Task 262] ILP chose server: STARLINK-31702
[137.52] [Task 262] Routed STARLINK-35307 -> STARLINK-31702 | E_NET=0.000006 J | Remaining=119999.75 J
[137.524] Task 262 enqueued on CPU STARLINK-31702 qlen_enqueue=1
[Task 262] Task eseguito su STARLINK-31702 43.627934494309144 degrees | CPU=201.0509J, NET=0.0000J, TOTAL=201.0509J, Remaining=96481.82J
[137.545] Task 262 served on STARLINK-31702 qlen_enqueue_cpu=1 qlen_enqueue_net=None time_in_queue=0.000
[262][GREEDY] STARLINK-31702 -> STARLINK-11474 [DTC] | Tramission-time: 0.001412948108365142
[262] Energy routing consumed by STARLINK-31702: 0.000000 J (remaining 96481.82)
[MODE: BIDIRECTIONAL]
[262][GREEDY] CONSEGNATO! STARLINK-11474 [DTC] -> OBS | Tramission-time: 5.553182110754452e-12
---> Task 263 (Type: CPU_Intensive) arriva in 137.95
--- [137.95] Task 263 using SearchNode Policy: v2_ilp_hybrid ---
[137.95] [Task 263] Entering ILP branch (v2)
[ε-constraint energy] sumE_B=15987.409681  bound=17586.150649  active=False
[ILP] res_type=dict value_preview={'stage': 'B', 'status': 'Optimal', 'primary': 'energy', 'tol': 0.1, 'opt_primary': 15987.409680839068, 'objective_secondary': 1.6255554516433437, 'sumE': 15987
[137.95] [Task 263] ILP chose server: STARLINK-31702
[137.95] [Task 263] Routed STARLINK-35307 -> STARLINK-31702 | E_NET=0.000005 J | Remaining=119999.75 J
[137.950] Task 263 enqueued on CPU STARLINK-31702 qlen_enqueue=1
---> Task 264 (Type: Generic_Service) arriva in 137.98
--- [137.98] Task 264 using SearchNode Policy: v2_ilp_hybrid ---
[137.98] [Task 264] Entering ILP branch (v2)
[ε-constraint energy] sumE_B=368.750636  bound=405.625700  active=False
[ILP] res_type=dict value_preview={'stage': 'B', 'status': 'Optimal', 'primary': 'energy', 'tol': 0.1, 'opt_primary': 368.7506359589012, 'objective_secondary': 0.03751494389412818, 'sumE': 368.7
[137.98] [Task 264] ILP chose server: STARLINK-31646
[137.98] [Task 264] Routed STARLINK-35307 -> STARLINK-31646 | E_NET=0.000020 J | Remaining=119999.75 J
[137.986] Task 261 enqueued on NET STARLINK-31763 qlen_enqueue_net=1
[137.987] Task 264 enqueued on CPU STARLINK-31646 qlen_enqueue=1
[Task 261] Task eseguito su STARLINK-31763 46.694679694476946 degrees | CPU=8746.8845J, NET=0.0073J, TOTAL=8746.8917J, Remaining=37169.27J
[137.994] Task 261 served on STARLINK-31763 qlen_enqueue_cpu=1 qlen_enqueue_net=1 time_in_queue=0.000
----------------------------------------------------------------------
	||TIME IN SIMULATION : (seconds:138) (minutes: 2) ||

MODIFICA CONFIGURAZIONE IN CORSO...

Aggiornato il Tempo Globale:  2025-11-20 20:57:32
[Task 264] Task eseguito su STARLINK-31646 25.055670736692573 degrees | CPU=368.7506J, NET=0.0000J, TOTAL=368.7506J, Remaining=113606.56J
[138.026] Task 264 served on STARLINK-31646 qlen_enqueue_cpu=1 qlen_enqueue_net=None time_in_queue=0.000
[264][GREEDY] STARLINK-31646 -> STARLINK-32654 | Tramission-time: 0.0016241839676796644
[264] Energy routing consumed by STARLINK-31646: 0.000000 J (remaining 113606.56)
[261][GREEDY] STARLINK-31763 -> STARLINK-11474 [DTC] | Tramission-time: 0.0006818429286464078
[261] Energy routing consumed by STARLINK-31763: 0.000000 J (remaining 37169.27)
[MODE: BIDIRECTIONAL]
[261][GREEDY] CONSEGNATO! STARLINK-11474 [DTC] -> OBS | Tramission-time: 7.092410622455594e-09
[264][GREEDY] STARLINK-32654 -> STARLINK-11474 [DTC] | Tramission-time: 0.0017275311936539386
[264] Energy routing consumed by STARLINK-32654: 0.000000 J (remaining 8894.09)
[MODE: BIDIRECTIONAL]
[264][GREEDY] CONSEGNATO! STARLINK-11474 [DTC] -> OBS | Tramission-time: 1.7902674625244893e-11
---> Task 265 (Type: CPU_Intensive) arriva in 139.02
--- [139.02] Task 265 using SearchNode Policy: v2_ilp_hybrid ---
[139.02] [Task 265] Entering ILP branch (v2)
[ε-constraint energy] sumE_B=318.127640  bound=349.940404  active=False
[ILP] res_type=dict value_preview={'stage': 'B', 'status': 'Optimal', 'primary': 'energy', 'tol': 0.1, 'opt_primary': 318.1276397400233, 'objective_secondary': 0.03235317051688858, 'sumE': 318.1
[139.02] [Task 265] ILP chose server: STARLINK-31782
[139.02] [Task 265] Routed STARLINK-35307 -> STARLINK-31782 | E_NET=0.000005 J | Remaining=119999.75 J
[139.021] Task 265 enqueued on CPU STARLINK-31782 qlen_enqueue=1
[Task 265] Task eseguito su STARLINK-31782 35.637768758481045 degrees | CPU=318.1276J, NET=0.0000J, TOTAL=318.1276J, Remaining=115819.48J
[139.053] Task 265 served on STARLINK-31782 qlen_enqueue_cpu=1 qlen_enqueue_net=None time_in_queue=0.000
[265][GREEDY] STARLINK-31782 -> STARLINK-11474 [DTC] | Tramission-time: 0.001291438225512366
[265] Energy routing consumed by STARLINK-31782: 0.000000 J (remaining 115819.48)
---> Task 266 (Type: Generic_Service) arriva in 139.14
--- [139.14] Task 266 using SearchNode Policy: v2_ilp_hybrid ---
[139.14] [Task 266] Entering ILP branch (v2)
[ε-constraint energy] sumE_B=230.333365  bound=253.366702  active=False
[ILP] res_type=dict value_preview={'stage': 'B', 'status': 'Optimal', 'primary': 'energy', 'tol': 0.1, 'opt_primary': 230.33336530199497, 'objective_secondary': 0.023425382256749304, 'sumE': 230
[139.14] [Task 266] ILP chose server: STARLINK-31782
[139.14] [Task 266] Routed STARLINK-35307 -> STARLINK-31782 | E_NET=0.000004 J | Remaining=119999.75 J
[139.137] Task 266 enqueued on CPU STARLINK-31782 qlen_enqueue=1
[Task 266] Task eseguito su STARLINK-31782 35.637768758481045 degrees | CPU=230.3334J, NET=0.0000J, TOTAL=230.3334J, Remaining=115589.15J
[139.161] Task 266 served on STARLINK-31782 qlen_enqueue_cpu=1 qlen_enqueue_net=None time_in_queue=0.000
[MODE: BIDIRECTIONAL]
[265][GREEDY] CONSEGNATO! STARLINK-11474 [DTC] -> OBS | Tramission-time: 6.20193568838006e-12
[266][GREEDY] STARLINK-31782 -> STARLINK-11474 [DTC] | Tramission-time: 0.0012914382250441088
[266] Energy routing consumed by STARLINK-31782: 0.000000 J (remaining 115589.15)
---> Task 267 (Type: CPU_Intensive) arriva in 139.24
--- [139.24] Task 267 using SearchNode Policy: v2_ilp_hybrid ---
[139.24] [Task 267] Entering ILP branch (v2)
[ε-constraint energy] sumE_B=6501.697289  bound=7151.867018  active=False
[ILP] res_type=dict value_preview={'stage': 'B', 'status': 'Optimal', 'primary': 'energy', 'tol': 0.1, 'opt_primary': 6501.6972889599765, 'objective_secondary': 0.6611043020462427, 'sumE': 6501.
[139.24] [Task 267] ILP chose server: STARLINK-31782
[139.24] [Task 267] Routed STARLINK-35307 -> STARLINK-31782 | E_NET=0.000024 J | Remaining=119999.75 J
[139.244] Task 267 enqueued on CPU STARLINK-31782 qlen_enqueue=1
[MODE: BIDIRECTIONAL]
[266][GREEDY] CONSEGNATO! STARLINK-11474 [DTC] -> OBS | Tramission-time: 3.951851208890388e-12
---> Task 268 (Type: Generic_Service) arriva in 139.36
--- [139.36] Task 268 using SearchNode Policy: v2_ilp_hybrid ---
[139.36] [Task 268] Entering ILP branch (v2)
[ε-constraint energy] sumE_B=913.998484  bound=1005.398333  active=False
[ILP] res_type=dict value_preview={'stage': 'B', 'status': 'Optimal', 'primary': 'energy', 'tol': 0.1, 'opt_primary': 913.9984844931666, 'objective_secondary': 0.0929582739047406, 'sumE': 913.99
[139.36] [Task 268] ILP chose server: STARLINK-31763
[139.36] [Task 268] Routed STARLINK-35307 -> STARLINK-31763 | E_NET=0.000025 J | Remaining=119999.75 J
[139.357] Task 268 enqueued on CPU STARLINK-31763 qlen_enqueue=1
---> Task 269 (Type: Generic_Service) arriva in 139.38
--- [139.38] Task 269 using SearchNode Policy: v2_ilp_hybrid ---
[139.38] [Task 269] Entering ILP branch (v2)
[ε-constraint energy] sumE_B=100.232225  bound=110.255447  active=False
[ILP] res_type=dict value_preview={'stage': 'B', 'status': 'Optimal', 'primary': 'energy', 'tol': 0.1, 'opt_primary': 100.2322248145754, 'objective_secondary': 0.010213440971247257, 'sumE': 100.
[139.38] [Task 269] ILP chose server: STARLINK-31585
[139.38] [Task 269] Routed STARLINK-35307 -> STARLINK-31585 | E_NET=0.000019 J | Remaining=119999.75 J
[139.376] Task 269 enqueued on CPU STARLINK-31585 qlen_enqueue=1
[Task 269] Task eseguito su STARLINK-31585 67.71751198335535 degrees | CPU=100.2322J, NET=0.0000J, TOTAL=100.2322J, Remaining=105444.02J
[139.388] Task 269 served on STARLINK-31585 qlen_enqueue_cpu=1 qlen_enqueue_net=None time_in_queue=0.000
[MODE: BIDIRECTIONAL]
[269][GREEDY] CONSEGNATO! STARLINK-31585 -> OBS | Tramission-time: 1.9494358113197603e-11
[Task 268] Task eseguito su STARLINK-31763 47.637517009972015 degrees | CPU=913.9985J, NET=0.0000J, TOTAL=913.9985J, Remaining=36255.27J
[139.451] Task 268 served on STARLINK-31763 qlen_enqueue_cpu=1 qlen_enqueue_net=None time_in_queue=0.000
[268][GREEDY] STARLINK-31763 -> STARLINK-11474 [DTC] | Tramission-time: 0.0006818367927179843
[268] Energy routing consumed by STARLINK-31763: 0.000000 J (remaining 36255.27)
[MODE: BIDIRECTIONAL]
[268][GREEDY] CONSEGNATO! STARLINK-11474 [DTC] -> OBS | Tramission-time: 2.3649218647443437e-11
[Task 263] Task eseguito su STARLINK-31702 44.0911491797606 degrees | CPU=15987.4097J, NET=0.0000J, TOTAL=15987.4097J, Remaining=80494.41J
[139.576] Task 263 served on STARLINK-31702 qlen_enqueue_cpu=1 qlen_enqueue_net=None time_in_queue=0.000
[263][GREEDY] STARLINK-31702 -> STARLINK-11474 [DTC] | Tramission-time: 0.0013997427293312443
[263] Energy routing consumed by STARLINK-31702: 0.000000 J (remaining 80494.41)
[MODE: BIDIRECTIONAL]
[263][GREEDY] CONSEGNATO! STARLINK-11474 [DTC] -> OBS | Tramission-time: 5.298803960887658e-12
---> Task 270 (Type: CPU_Intensive) arriva in 139.62
--- [139.62] Task 270 using SearchNode Policy: v2_ilp_hybrid ---
[139.62] [Task 270] Entering ILP branch (v2)
[ε-constraint energy] sumE_B=545.959033  bound=600.554936  active=False
[ILP] res_type=dict value_preview={'stage': 'B', 'status': 'Optimal', 'primary': 'energy', 'tol': 0.1, 'opt_primary': 545.9590328831883, 'objective_secondary': 0.0555502410944828, 'sumE': 545.95
[139.62] [Task 270] ILP chose server: STARLINK-31763
[139.62] [Task 270] Routed STARLINK-35307 -> STARLINK-31763 | E_NET=0.000038 J | Remaining=119999.75 J
[139.620] Task 270 enqueued on CPU STARLINK-31763 qlen_enqueue=1
[Task 270] Task eseguito su STARLINK-31763 47.637517009972015 degrees | CPU=545.9590J, NET=0.0000J, TOTAL=545.9590J, Remaining=35709.31J
[139.678] Task 270 served on STARLINK-31763 qlen_enqueue_cpu=1 qlen_enqueue_net=None time_in_queue=0.000
[270][GREEDY] STARLINK-31763 -> STARLINK-11474 [DTC] | Tramission-time: 0.0006818368072096465
[270] Energy routing consumed by STARLINK-31763: 0.000000 J (remaining 35709.31)
[MODE: BIDIRECTIONAL]
[270][GREEDY] CONSEGNATO! STARLINK-11474 [DTC] -> OBS | Tramission-time: 3.423342014204022e-11
[Task 267] Task eseguito su STARLINK-31782 35.637768758481045 degrees | CPU=6501.6973J, NET=0.0000J, TOTAL=6501.6973J, Remaining=109087.45J
[139.907] Task 267 served on STARLINK-31782 qlen_enqueue_cpu=1 qlen_enqueue_net=None time_in_queue=0.000
---> Task 271 (Type: Generic_Service) arriva in 139.94
--- [139.94] Task 271 using SearchNode Policy: v2_ilp_hybrid ---
[139.94] [Task 271] Entering ILP branch (v2)
[ε-constraint energy] sumE_B=991.773040  bound=1090.950344  active=False
[ILP] res_type=dict value_preview={'stage': 'B', 'status': 'Optimal', 'primary': 'energy', 'tol': 0.1, 'opt_primary': 991.7730396986784, 'objective_secondary': 0.10088073249405174, 'sumE': 991.7
[139.94] [Task 271] ILP chose server: STARLINK-31782
[139.94] [Task 271] Routed STARLINK-35307 -> STARLINK-31782 | E_NET=0.000030 J | Remaining=119999.75 J
[139.945] Task 271 enqueued on CPU STARLINK-31782 qlen_enqueue=1
[267][GREEDY] STARLINK-31782 -> STARLINK-11474 [DTC] | Tramission-time: 0.0012914382442540927
[267] Energy routing consumed by STARLINK-31782: 0.000000 J (remaining 109087.45)
----------------------------------------------------------------------
	||TIME IN SIMULATION : (seconds:140) (minutes: 2) ||

MODIFICA CONFIGURAZIONE IN CORSO...

Aggiornato il Tempo Globale:  2025-11-20 20:57:34
[Task 271] Task eseguito su STARLINK-31782 36.31975873464893 degrees | CPU=991.7730J, NET=0.0000J, TOTAL=991.7730J, Remaining=108095.68J
[140.049] Task 271 served on STARLINK-31782 qlen_enqueue_cpu=1 qlen_enqueue_net=None time_in_queue=0.000
[MODE: BIDIRECTIONAL]
[267][GREEDY] CONSEGNATO! STARLINK-11474 [DTC] -> OBS | Tramission-time: 2.222595955120238e-11
[271][GREEDY] STARLINK-31782 -> STARLINK-11474 [DTC] | Tramission-time: 0.0012884097375913414
[271] Energy routing consumed by STARLINK-31782: 0.000000 J (remaining 108095.68)
---> Task 272 (Type: CPU_and_Data_Intensive) arriva in 140.13
--- [140.13] Task 272 using SearchNode Policy: v2_ilp_hybrid ---
[140.13] [Task 272] Entering ILP branch (v2)
[ε-constraint energy] sumE_B=3842.338653  bound=4226.572518  active=False
[ILP] res_type=dict value_preview={'stage': 'B', 'status': 'Optimal', 'primary': 'energy', 'tol': 0.1, 'opt_primary': 3842.338652645651, 'objective_secondary': 0.3946253543279008, 'sumE': 3842.3
[140.13] [Task 272] ILP chose server: STARLINK-32654
[140.13] [Task 272] Routed STARLINK-31207 -> STARLINK-32654 | E_NET=0.003695 J | Remaining=120000.00 J
[140.139] Task 272 enqueued on CPU STARLINK-32654 qlen_enqueue=1
[MODE: BIDIRECTIONAL]
[271][GREEDY] CONSEGNATO! STARLINK-11474 [DTC] -> OBS | Tramission-time: 3.500203519768423e-11
---> Task 273 (Type: Generic_Service) arriva in 140.23
--- [140.23] Task 273 using SearchNode Policy: v2_ilp_hybrid ---
[140.23] [Task 273] Entering ILP branch (v2)
[ε-constraint energy] sumE_B=468.999280  bound=515.899208  active=False
[ILP] res_type=dict value_preview={'stage': 'B', 'status': 'Optimal', 'primary': 'energy', 'tol': 0.1, 'opt_primary': 468.99928010642975, 'objective_secondary': 0.04770810430748009, 'sumE': 468.
[140.23] [Task 273] ILP chose server: STARLINK-31782
[140.23] [Task 273] Routed STARLINK-31207 -> STARLINK-31782 | E_NET=0.000018 J | Remaining=120000.00 J
[140.233] Task 273 enqueued on CPU STARLINK-31782 qlen_enqueue=1
[Task 273] Task eseguito su STARLINK-31782 36.31975873464893 degrees | CPU=468.9993J, NET=0.0000J, TOTAL=468.9993J, Remaining=107626.68J
[140.282] Task 273 served on STARLINK-31782 qlen_enqueue_cpu=1 qlen_enqueue_net=None time_in_queue=0.000
[273][GREEDY] STARLINK-31782 -> STARLINK-11474 [DTC] | Tramission-time: 0.0012884097185507292
[273] Energy routing consumed by STARLINK-31782: 0.000000 J (remaining 107626.68)
[MODE: BIDIRECTIONAL]
[273][GREEDY] CONSEGNATO! STARLINK-11474 [DTC] -> OBS | Tramission-time: 1.6013836388148873e-11
[140.530] Task 272 enqueued on NET STARLINK-32654 qlen_enqueue_net=1
[Task 272] Task eseguito su STARLINK-32654 45.42381261486642 degrees | CPU=3842.3347J, NET=0.0037J, TOTAL=3842.3384J, Remaining=5051.75J
[140.533] Task 272 served on STARLINK-32654 qlen_enqueue_cpu=1 qlen_enqueue_net=1 time_in_queue=0.000
[272][GREEDY] STARLINK-32654 -> STARLINK-11474 [DTC] | Tramission-time: 0.0017672231066381697
[272] Energy routing consumed by STARLINK-32654: 0.000000 J (remaining 5051.75)
[MODE: BIDIRECTIONAL]
[272][GREEDY] CONSEGNATO! STARLINK-11474 [DTC] -> OBS | Tramission-time: 2.7235959585300026e-09
---> Task 274 (Type: CPU_and_Data_Intensive) arriva in 141.35
--- [141.35] Task 274 using SearchNode Policy: v2_ilp_hybrid ---
[141.35] [Task 274] Entering ILP branch (v2)
[ε-constraint energy] sumE_B=1625.085989  bound=1787.594588  active=False
[ILP] res_type=dict value_preview={'stage': 'B', 'status': 'Optimal', 'primary': 'energy', 'tol': 0.1, 'opt_primary': 1625.0859889566125, 'objective_secondary': 0.17178623264436885, 'sumE': 1625
[141.35] [Task 274] ILP chose server: STARLINK-32654
[141.35] [Task 274] Routed STARLINK-31207 -> STARLINK-32654 | E_NET=0.006131 J | Remaining=119999.99 J
[141.354] Task 274 enqueued on CPU STARLINK-32654 qlen_enqueue=1
[141.519] Task 274 enqueued on NET STARLINK-32654 qlen_enqueue_net=1
[Task 274] Task eseguito su STARLINK-32654 45.42381261486642 degrees | CPU=1625.0794J, NET=0.0061J, TOTAL=1625.0856J, Remaining=3426.67J
[141.525] Task 274 served on STARLINK-32654 qlen_enqueue_cpu=1 qlen_enqueue_net=1 time_in_queue=0.000
[274][GREEDY] STARLINK-32654 -> STARLINK-11474 [DTC] | Tramission-time: 0.0017672243109045753
[274] Energy routing consumed by STARLINK-32654: 0.000000 J (remaining 3426.67)
[MODE: BIDIRECTIONAL]
[274][GREEDY] CONSEGNATO! STARLINK-11474 [DTC] -> OBS | Tramission-time: 4.706495213696488e-09
----------------------------------------------------------------------
	||TIME IN SIMULATION : (seconds:142) (minutes: 2) ||

MODIFICA CONFIGURAZIONE IN CORSO...

Aggiornato il Tempo Globale:  2025-11-20 20:57:36
---> Task 275 (Type: CPU_Intensive) arriva in 142.69
--- [142.69] Task 275 using SearchNode Policy: v2_ilp_hybrid ---
[142.69] [Task 275] Entering ILP branch (v2)
[ε-constraint energy] sumE_B=355.908022  bound=391.498824  active=False
[ILP] res_type=dict value_preview={'stage': 'B', 'status': 'Optimal', 'primary': 'energy', 'tol': 0.1, 'opt_primary': 355.908022108546, 'objective_secondary': 0.03622590290415565, 'sumE': 355.90
[142.69] [Task 275] ILP chose server: STARLINK-32654
[142.69] [Task 275] Routed STARLINK-31207 -> STARLINK-32654 | E_NET=0.000030 J | Remaining=119999.99 J
[142.695] Task 275 enqueued on CPU STARLINK-32654 qlen_enqueue=1
[Task 275] Task eseguito su STARLINK-32654 44.66322260014366 degrees | CPU=355.9080J, NET=0.0000J, TOTAL=355.9080J, Remaining=3070.76J
[142.733] Task 275 served on STARLINK-32654 qlen_enqueue_cpu=1 qlen_enqueue_net=None time_in_queue=0.000
[275][GREEDY] STARLINK-32654 -> STARLINK-11474 [DTC] | Tramission-time: 0.0018079441966356862
[275] Energy routing consumed by STARLINK-32654: 0.000000 J (remaining 3070.76)
[MODE: BIDIRECTIONAL]
[275][GREEDY] CONSEGNATO! STARLINK-11474 [DTC] -> OBS | Tramission-time: 3.40602391885284e-11
---> Task 276 (Type: CPU_Intensive) arriva in 143.39
--- [143.39] Task 276 using SearchNode Policy: v2_ilp_hybrid ---
[143.39] [Task 276] Entering ILP branch (v2)
[ε-constraint energy] sumE_B=8608.569903  bound=9469.426893  active=False
[ILP] res_type=dict value_preview={'stage': 'B', 'status': 'Optimal', 'primary': 'energy', 'tol': 0.1, 'opt_primary': 8608.569902514093, 'objective_secondary': 0.8753312070236392, 'sumE': 8608.5
[143.39] [Task 276] ILP chose server: STARLINK-32743
[143.39] [Task 276] Routed STARLINK-31207 -> STARLINK-32743 | E_NET=0.000033 J | Remaining=119999.99 J
[143.391] Task 276 enqueued on CPU STARLINK-32743 qlen_enqueue=1
----------------------------------------------------------------------
	||TIME IN SIMULATION : (seconds:144) (minutes: 2) ||

MODIFICA CONFIGURAZIONE IN CORSO...

Aggiornato il Tempo Globale:  2025-11-20 20:57:38
---> Task 277 (Type: Generic_Service) arriva in 144.24
--- [144.24] Task 277 using SearchNode Policy: v2_ilp_hybrid ---
[144.24] [Task 277] Entering ILP branch (v2)
[ε-constraint energy] sumE_B=951.818802  bound=1047.000682  active=False
[ILP] res_type=dict value_preview={'stage': 'B', 'status': 'Optimal', 'primary': 'energy', 'tol': 0.1, 'opt_primary': 951.8188015819246, 'objective_secondary': 0.09681298989856237, 'sumE': 951.8
[144.24] [Task 277] ILP chose server: STARLINK-32654
[144.24] [Task 277] Routed STARLINK-31207 -> STARLINK-32654 | E_NET=0.000033 J | Remaining=119999.99 J
[144.240] Task 277 enqueued on CPU STARLINK-32654 qlen_enqueue=1
[Task 276] Task eseguito su STARLINK-32743 33.176836259336675 degrees | CPU=8608.5699J, NET=0.0000J, TOTAL=8608.5699J, Remaining=36398.36J
[144.268] Task 276 served on STARLINK-32743 qlen_enqueue_cpu=1 qlen_enqueue_net=None time_in_queue=0.000
[276][GREEDY] STARLINK-32743 -> STARLINK-11474 [DTC] | Tramission-time: 0.001625243046357173
[276] Energy routing consumed by STARLINK-32743: 0.000000 J (remaining 36398.36)
[Task 277] Task eseguito su STARLINK-32654 43.90824919749256 degrees | CPU=951.8188J, NET=0.0000J, TOTAL=951.8188J, Remaining=2118.94J
[144.339] Task 277 served on STARLINK-32654 qlen_enqueue_cpu=1 qlen_enqueue_net=None time_in_queue=0.000
[277][GREEDY] STARLINK-32654 -> STARLINK-11474 [DTC] | Tramission-time: 0.0018496350028478067
[277] Energy routing consumed by STARLINK-32654: 0.000000 J (remaining 2118.94)
[MODE: BIDIRECTIONAL]
[276][GREEDY] CONSEGNATO! STARLINK-11474 [DTC] -> OBS | Tramission-time: 2.9710392321803916e-11
---> Task 278 (Type: CPU_Intensive) arriva in 144.42
--- [144.42] Task 278 using SearchNode Policy: v2_ilp_hybrid ---
[144.42] [Task 278] Entering ILP branch (v2)
[ε-constraint energy] sumE_B=8595.988229  bound=9455.587051  active=False
[ILP] res_type=dict value_preview={'stage': 'B', 'status': 'Optimal', 'primary': 'energy', 'tol': 0.1, 'opt_primary': 8595.988228621845, 'objective_secondary': 0.8740404081312382, 'sumE': 8595.9
[144.42] [Task 278] ILP chose server: STARLINK-32743
[144.42] [Task 278] Routed STARLINK-31207 -> STARLINK-32743 | E_NET=0.000021 J | Remaining=119999.99 J
[144.416] Task 278 enqueued on CPU STARLINK-32743 qlen_enqueue=1
---> Task 279 (Type: Generic_Service) arriva in 144.46
--- [144.46] Task 279 using SearchNode Policy: v2_ilp_hybrid ---
[144.46] [Task 279] Entering ILP branch (v2)
[ε-constraint energy] sumE_B=1449.100513  bound=1594.010564  active=False
[ILP] res_type=dict value_preview={'stage': 'B', 'status': 'Optimal', 'primary': 'energy', 'tol': 0.1, 'opt_primary': 1449.1005130705303, 'objective_secondary': 0.14736144141104413, 'sumE': 1449
[144.46] [Task 279] ILP chose server: STARLINK-32654
[144.46] [Task 279] Routed STARLINK-31207 -> STARLINK-32654 | E_NET=0.000020 J | Remaining=119999.99 J
[144.458] Task 279 enqueued on CPU STARLINK-32654 qlen_enqueue=1
[MODE: BIDIRECTIONAL]
[277][GREEDY] CONSEGNATO! STARLINK-11474 [DTC] -> OBS | Tramission-time: 3.187352009349048e-11
[Task 279] Task eseguito su STARLINK-32654 43.90824919749256 degrees | CPU=1449.1005J, NET=0.0000J, TOTAL=1449.1005J, Remaining=669.84J
[144.607] Task 279 served on STARLINK-32654 qlen_enqueue_cpu=1 qlen_enqueue_net=None time_in_queue=0.000
[279][GREEDY] STARLINK-32654 -> STARLINK-11474 [DTC] | Tramission-time: 0.0018496349949224124
[279] Energy routing consumed by STARLINK-32654: 0.000000 J (remaining 669.84)
[MODE: BIDIRECTIONAL]
[279][GREEDY] CONSEGNATO! STARLINK-11474 [DTC] -> OBS | Tramission-time: 1.6482590461293386e-11
---> Task 280 (Type: CPU_and_Data_Intensive) arriva in 144.83
--- [144.83] Task 280 using SearchNode Policy: v2_ilp_hybrid ---
[144.83] [Task 280] Entering ILP branch (v2)
[ε-constraint energy] sumE_B=3759.719026  bound=4135.690928  active=False
[ILP] res_type=dict value_preview={'stage': 'B', 'status': 'Optimal', 'primary': 'energy', 'tol': 0.1, 'opt_primary': 3759.719025509225, 'objective_secondary': 0.3823957603602885, 'sumE': 3759.7
[144.83] [Task 280] ILP chose server: STARLINK-31782
[144.83] [Task 280] Routed STARLINK-31207 -> STARLINK-31782 | E_NET=0.000091 J | Remaining=119999.99 J
[144.834] Task 280 enqueued on CPU STARLINK-31782 qlen_enqueue=1
---> Task 281 (Type: Generic_Service) arriva in 145.01
--- [145.01] Task 281 using SearchNode Policy: v2_ilp_hybrid ---
[145.01] [Task 281] Entering ILP branch (v2)
[ε-constraint energy] sumE_B=1135.511193  bound=1249.062313  active=False
[ILP] res_type=dict value_preview={'stage': 'B', 'status': 'Optimal', 'primary': 'energy', 'tol': 0.1, 'opt_primary': 1135.5111934473314, 'objective_secondary': 0.11548425058349912, 'sumE': 1135
[145.01] [Task 281] ILP chose server: STARLINK-31763
[145.01] [Task 281] Routed STARLINK-31207 -> STARLINK-31763 | E_NET=0.000027 J | Remaining=119999.99 J
[145.013] Task 281 enqueued on CPU STARLINK-31763 qlen_enqueue=1
[Task 281] Task eseguito su STARLINK-31763 50.58703666875773 degrees | CPU=1135.5112J, NET=0.0000J, TOTAL=1135.5112J, Remaining=34573.80J
[145.130] Task 281 served on STARLINK-31763 qlen_enqueue_cpu=1 qlen_enqueue_net=None time_in_queue=0.000
[281][GREEDY] STARLINK-31763 -> STARLINK-11474 [DTC] | Tramission-time: 0.0006990262220185715
[281] Energy routing consumed by STARLINK-31763: 0.000000 J (remaining 34573.80)
[MODE: BIDIRECTIONAL]
[281][GREEDY] CONSEGNATO! STARLINK-11474 [DTC] -> OBS | Tramission-time: 2.1683423013683604e-11
[145.217] Task 280 enqueued on NET STARLINK-31782 qlen_enqueue_net=1
[Task 280] Task eseguito su STARLINK-31782 37.732744262591595 degrees | CPU=3759.7189J, NET=0.0001J, TOTAL=3759.7190J, Remaining=103866.96J
[145.217] Task 280 served on STARLINK-31782 qlen_enqueue_cpu=1 qlen_enqueue_net=1 time_in_queue=0.000
[Task 278] Task eseguito su STARLINK-32743 33.176836259336675 degrees | CPU=8595.9882J, NET=0.0000J, TOTAL=8595.9882J, Remaining=27802.37J
[145.292] Task 278 served on STARLINK-32743 qlen_enqueue_cpu=1 qlen_enqueue_net=None time_in_queue=0.000
[280][GREEDY] STARLINK-31782 -> STARLINK-11474 [DTC] | Tramission-time: 0.0012848156438729462
[280] Energy routing consumed by STARLINK-31782: 0.000000 J (remaining 103866.96)
[278][GREEDY] STARLINK-32743 -> STARLINK-11474 [DTC] | Tramission-time: 0.0016252430393096826
[278] Energy routing consumed by STARLINK-32743: 0.000000 J (remaining 27802.37)
[MODE: BIDIRECTIONAL]
[280][GREEDY] CONSEGNATO! STARLINK-11474 [DTC] -> OBS | Tramission-time: 9.858332384460186e-11
---> Task 282 (Type: Generic_Service) arriva in 145.44
--- [145.44] Task 282 using SearchNode Policy: v2_ilp_hybrid ---
[145.44] [Task 282] Entering ILP branch (v2)
[ε-constraint energy] sumE_B=749.910204  bound=824.901224  active=False
[ILP] res_type=dict value_preview={'stage': 'B', 'status': 'Optimal', 'primary': 'energy', 'tol': 0.1, 'opt_primary': 749.9102038150614, 'objective_secondary': 0.07627198725081971, 'sumE': 749.9
[145.44] [Task 282] ILP chose server: STARLINK-32743
[145.44] [Task 282] Routed STARLINK-31207 -> STARLINK-32743 | E_NET=0.000018 J | Remaining=119999.99 J
[145.442] Task 282 enqueued on CPU STARLINK-32743 qlen_enqueue=1
[MODE: BIDIRECTIONAL]
[278][GREEDY] CONSEGNATO! STARLINK-11474 [DTC] -> OBS | Tramission-time: 2.0839137074739425e-11
[Task 282] Task eseguito su STARLINK-32743 33.176836259336675 degrees | CPU=749.9102J, NET=0.0000J, TOTAL=749.9102J, Remaining=27052.46J
[145.520] Task 282 served on STARLINK-32743 qlen_enqueue_cpu=1 qlen_enqueue_net=None time_in_queue=0.000
[282][GREEDY] STARLINK-32743 -> STARLINK-11474 [DTC] | Tramission-time: 0.001625243039304646
[282] Energy routing consumed by STARLINK-32743: 0.000000 J (remaining 27052.46)
[MODE: BIDIRECTIONAL]
[282][GREEDY] CONSEGNATO! STARLINK-11474 [DTC] -> OBS | Tramission-time: 1.615183427153543e-11
---> Task 283 (Type: CPU_and_Data_Intensive) arriva in 145.80
--- [145.80] Task 283 using SearchNode Policy: v2_ilp_hybrid ---
[145.80] [Task 283] Entering ILP branch (v2)
[ε-constraint energy] sumE_B=7879.255147  bound=8667.180662  active=False
[ILP] res_type=dict value_preview={'stage': 'B', 'status': 'Optimal', 'primary': 'energy', 'tol': 0.1, 'opt_primary': 7879.255147375423, 'objective_secondary': 0.8016882341170145, 'sumE': 7879.2
[145.80] [Task 283] ILP chose server: STARLINK-32743
[145.80] [Task 283] Routed STARLINK-31207 -> STARLINK-32743 | E_NET=0.000417 J | Remaining=119999.99 J
[145.805] Task 283 enqueued on CPU STARLINK-32743 qlen_enqueue=1
----------------------------------------------------------------------
	||TIME IN SIMULATION : (seconds:146) (minutes: 2) ||

MODIFICA CONFIGURAZIONE IN CORSO...

Aggiornato il Tempo Globale:  2025-11-20 20:57:40
---> Task 284 (Type: CPU_and_Data_Intensive) arriva in 146.10
--- [146.10] Task 284 using SearchNode Policy: v2_ilp_hybrid ---
[146.10] [Task 284] Entering ILP branch (v2)
[ε-constraint energy] sumE_B=7963.366607  bound=8759.703267  active=False
[ILP] res_type=dict value_preview={'stage': 'B', 'status': 'Optimal', 'primary': 'energy', 'tol': 0.1, 'opt_primary': 7963.36660651535, 'objective_secondary': 0.9951485498501457, 'sumE': 7963.36
[146.10] [Task 284] ILP chose server: STARLINK-31782
[146.10] [Task 284] Routed STARLINK-31207 -> STARLINK-31782 | E_NET=0.179543 J | Remaining=119999.81 J
[146.278] Task 284 enqueued on CPU STARLINK-31782 qlen_enqueue=1
---> Task 285 (Type: CPU_Intensive) arriva in 146.48
--- [146.48] Task 285 using SearchNode Policy: v2_ilp_hybrid ---
[146.48] [Task 285] Entering ILP branch (v2)
[ε-constraint energy] sumE_B=257.568593  bound=283.325453  active=False
[ILP] res_type=dict value_preview={'stage': 'B', 'status': 'Optimal', 'primary': 'energy', 'tol': 0.1, 'opt_primary': 257.5685933927981, 'objective_secondary': 0.02621754493534482, 'sumE': 257.5
[146.48] [Task 285] ILP chose server: STARLINK-32654
[146.48] [Task 285] Routed STARLINK-31207 -> STARLINK-32654 | E_NET=0.000022 J | Remaining=119999.81 J
[146.485] Task 285 enqueued on CPU STARLINK-32654 qlen_enqueue=1
[Task 285] Task eseguito su STARLINK-32654 43.15998350790665 degrees | CPU=257.5686J, NET=0.0000J, TOTAL=257.5686J, Remaining=412.27J
[146.513] Task 285 served on STARLINK-32654 qlen_enqueue_cpu=1 qlen_enqueue_net=None time_in_queue=0.000
[285][GREEDY] STARLINK-32654 -> STARLINK-11474 [DTC] | Tramission-time: 0.0018922275676580553
[285] Energy routing consumed by STARLINK-32654: 0.000000 J (remaining 412.27)
[MODE: BIDIRECTIONAL]
[285][GREEDY] CONSEGNATO! STARLINK-11474 [DTC] -> OBS | Tramission-time: 2.500145346698212e-11
[146.606] Task 283 enqueued on NET STARLINK-32743 qlen_enqueue_net=1
[Task 283] Task eseguito su STARLINK-32743 33.78173460202995 degrees | CPU=7879.2546J, NET=0.0004J, TOTAL=7879.2550J, Remaining=19173.21J
[146.607] Task 283 served on STARLINK-32743 qlen_enqueue_cpu=1 qlen_enqueue_net=1 time_in_queue=0.000
[283][GREEDY] STARLINK-32743 -> STARLINK-11474 [DTC] | Tramission-time: 0.0016164652995575958
[283] Energy routing consumed by STARLINK-32743: 0.000000 J (remaining 19173.21)
[MODE: BIDIRECTIONAL]
[283][GREEDY] CONSEGNATO! STARLINK-11474 [DTC] -> OBS | Tramission-time: 4.5827912788601607e-10
[147.088] Task 284 enqueued on NET STARLINK-31782 qlen_enqueue_net=1
[Task 284] Task eseguito su STARLINK-31782 38.46455140540122 degrees | CPU=7963.1811J, NET=0.1795J, TOTAL=7963.3607J, Remaining=95903.60J
[147.268] Task 284 served on STARLINK-31782 qlen_enqueue_cpu=1 qlen_enqueue_net=1 time_in_queue=0.000
[284][GREEDY] STARLINK-31782 -> STARLINK-11474 [DTC] | Tramission-time: 0.0012843846453222886
[284] Energy routing consumed by STARLINK-31782: 0.000000 J (remaining 95903.60)
[MODE: BIDIRECTIONAL]
[284][GREEDY] CONSEGNATO! STARLINK-11474 [DTC] -> OBS | Tramission-time: 1.2315537765992063e-07
----------------------------------------------------------------------
	||TIME IN SIMULATION : (seconds:148) (minutes: 2) ||

MODIFICA CONFIGURAZIONE IN CORSO...

Aggiornato il Tempo Globale:  2025-11-20 20:57:42
---> Task 286 (Type: Generic_Service) arriva in 148.46
--- [148.46] Task 286 using SearchNode Policy: v2_ilp_hybrid ---
[148.46] [Task 286] Entering ILP branch (v2)
[ε-constraint energy] sumE_B=845.722214  bound=930.294435  active=False
[ILP] res_type=dict value_preview={'stage': 'B', 'status': 'Optimal', 'primary': 'energy', 'tol': 0.1, 'opt_primary': 845.7222140022988, 'objective_secondary': 0.086023250707986, 'sumE': 845.722
[148.46] [Task 286] ILP chose server: STARLINK-32945
[148.46] [Task 286] Routed STARLINK-31207 -> STARLINK-32945 | E_NET=0.000025 J | Remaining=119999.81 J
[148.466] Task 286 enqueued on CPU STARLINK-32945 qlen_enqueue=1
[Task 286] Task eseguito su STARLINK-32945 42.95179367584329 degrees | CPU=845.7222J, NET=0.0000J, TOTAL=845.7222J, Remaining=93252.34J
[148.554] Task 286 served on STARLINK-32945 qlen_enqueue_cpu=1 qlen_enqueue_net=None time_in_queue=0.000
[286][GREEDY] STARLINK-32945 -> STARLINK-11474 [DTC] | Tramission-time: 0.0012132364413322296
[286] Energy routing consumed by STARLINK-32945: 0.000000 J (remaining 93252.34)
[MODE: BIDIRECTIONAL]
[286][GREEDY] CONSEGNATO! STARLINK-11474 [DTC] -> OBS | Tramission-time: 2.2347395085818393e-11
----------------------------------------------------------------------
	||TIME IN SIMULATION : (seconds:150) (minutes: 2) ||

MODIFICA CONFIGURAZIONE IN CORSO...

Aggiornato il Tempo Globale:  2025-11-20 20:57:44
---> Task 287 (Type: Generic_Service) arriva in 151.44
--- [151.44] Task 287 using SearchNode Policy: v2_ilp_hybrid ---
[151.44] [Task 287] Entering ILP branch (v2)
[ε-constraint energy] sumE_B=542.042621  bound=596.246883  active=False
[ILP] res_type=dict value_preview={'stage': 'B', 'status': 'Optimal', 'primary': 'energy', 'tol': 0.1, 'opt_primary': 542.0426207162017, 'objective_secondary': 0.055135814758966874, 'sumE': 542.
[151.44] [Task 287] ILP chose server: STARLINK-32945
[151.44] [Task 287] Routed STARLINK-31207 -> STARLINK-32945 | E_NET=0.000017 J | Remaining=119999.81 J
[151.436] Task 287 enqueued on CPU STARLINK-32945 qlen_enqueue=1
[Task 287] Task eseguito su STARLINK-32945 43.639911290531074 degrees | CPU=542.0426J, NET=0.0000J, TOTAL=542.0426J, Remaining=92710.30J
[151.493] Task 287 served on STARLINK-32945 qlen_enqueue_cpu=1 qlen_enqueue_net=None time_in_queue=0.000
[287][GREEDY] STARLINK-32945 -> STARLINK-11474 [DTC] | Tramission-time: 0.0012005384395251148
[287] Energy routing consumed by STARLINK-32945: 0.000000 J (remaining 92710.30)
[MODE: BIDIRECTIONAL]
[287][GREEDY] CONSEGNATO! STARLINK-11474 [DTC] -> OBS | Tramission-time: 2.124947495673243e-11
----------------------------------------------------------------------
	||TIME IN SIMULATION : (seconds:152) (minutes: 2) ||

MODIFICA CONFIGURAZIONE IN CORSO...

Aggiornato il Tempo Globale:  2025-11-20 20:57:46
---> Task 288 (Type: Generic_Service) arriva in 152.53
--- [152.53] Task 288 using SearchNode Policy: v2_ilp_hybrid ---
[152.53] [Task 288] Entering ILP branch (v2)
[ε-constraint energy] sumE_B=92.502936  bound=101.753230  active=False
[ILP] res_type=dict value_preview={'stage': 'B', 'status': 'Optimal', 'primary': 'energy', 'tol': 0.1, 'opt_primary': 92.50293606022738, 'objective_secondary': 0.0094273924177626, 'sumE': 92.502
[152.53] [Task 288] ILP chose server: STARLINK-32743
[152.53] [Task 288] Routed STARLINK-31207 -> STARLINK-32743 | E_NET=0.000020 J | Remaining=119999.81 J
[152.534] Task 288 enqueued on CPU STARLINK-32743 qlen_enqueue=1
[Task 288] Task eseguito su STARLINK-32743 35.67422155549045 degrees | CPU=92.5029J, NET=0.0000J, TOTAL=92.5029J, Remaining=19080.70J
[152.544] Task 288 served on STARLINK-32743 qlen_enqueue_cpu=1 qlen_enqueue_net=None time_in_queue=0.000
[288][GREEDY] STARLINK-32743 -> STARLINK-11474 [DTC] | Tramission-time: 0.0015909856302587324
[288] Energy routing consumed by STARLINK-32743: 0.000000 J (remaining 19080.70)
[MODE: BIDIRECTIONAL]
[288][GREEDY] CONSEGNATO! STARLINK-11474 [DTC] -> OBS | Tramission-time: 1.694033541847575e-11
---> Task 289 (Type: Generic_Service) arriva in 153.16
--- [153.16] Task 289 using SearchNode Policy: v2_ilp_hybrid ---
[153.16] [Task 289] Entering ILP branch (v2)
[ε-constraint energy] sumE_B=109.746554  bound=120.721210  active=False
[ILP] res_type=dict value_preview={'stage': 'B', 'status': 'Optimal', 'primary': 'energy', 'tol': 0.1, 'opt_primary': 109.74655447505732, 'objective_secondary': 0.011173182933852076, 'sumE': 109
[153.16] [Task 289] ILP chose server: STARLINK-32743
[153.16] [Task 289] Routed STARLINK-31207 -> STARLINK-32743 | E_NET=0.000013 J | Remaining=119999.81 J
[153.162] Task 289 enqueued on CPU STARLINK-32743 qlen_enqueue=1
[Task 289] Task eseguito su STARLINK-32743 35.67422155549045 degrees | CPU=109.7465J, NET=0.0000J, TOTAL=109.7466J, Remaining=18970.96J
[153.175] Task 289 served on STARLINK-32743 qlen_enqueue_cpu=1 qlen_enqueue_net=None time_in_queue=0.000
[289][GREEDY] STARLINK-32743 -> STARLINK-11474 [DTC] | Tramission-time: 0.0015909856235201876
[289] Energy routing consumed by STARLINK-32743: 0.000000 J (remaining 18970.96)
---> Task 290 (Type: CPU_and_Data_Intensive) arriva in 153.29
--- [153.29] Task 290 using SearchNode Policy: v2_ilp_hybrid ---
[153.29] [Task 290] Entering ILP branch (v2)
[ε-constraint energy] sumE_B=2272.037777  bound=2499.241555  active=False
[ILP] res_type=dict value_preview={'stage': 'B', 'status': 'Optimal', 'primary': 'energy', 'tol': 0.1, 'opt_primary': 2272.037777174214, 'objective_secondary': 0.2379383186723002, 'sumE': 2272.0
[153.29] [Task 290] ILP chose server: STARLINK-32743
[153.29] [Task 290] Routed STARLINK-31207 -> STARLINK-32743 | E_NET=0.006383 J | Remaining=119999.80 J
[153.295] Task 290 enqueued on CPU STARLINK-32743 qlen_enqueue=1
[MODE: BIDIRECTIONAL]
[289][GREEDY] CONSEGNATO! STARLINK-11474 [DTC] -> OBS | Tramission-time: 1.0324876663314438e-11
[153.526] Task 290 enqueued on NET STARLINK-32743 qlen_enqueue_net=1
[Task 290] Task eseguito su STARLINK-32743 35.67422155549045 degrees | CPU=2272.0309J, NET=0.0064J, TOTAL=2272.0372J, Remaining=16698.92J
[153.533] Task 290 served on STARLINK-32743 qlen_enqueue_cpu=1 qlen_enqueue_net=1 time_in_queue=0.000
[290][GREEDY] STARLINK-32743 -> STARLINK-11474 [DTC] | Tramission-time: 0.0015909917319754962
[290] Energy routing consumed by STARLINK-32743: 0.000000 J (remaining 16698.92)
[MODE: BIDIRECTIONAL]
[290][GREEDY] CONSEGNATO! STARLINK-11474 [DTC] -> OBS | Tramission-time: 5.657406236912122e-09
----------------------------------------------------------------------
	||TIME IN SIMULATION : (seconds:154) (minutes: 2) ||

MODIFICA CONFIGURAZIONE IN CORSO...

Aggiornato il Tempo Globale:  2025-11-20 20:57:48
---> Task 291 (Type: CPU_and_Data_Intensive) arriva in 154.18
--- [154.18] Task 291 using SearchNode Policy: v2_ilp_hybrid ---
[154.18] [Task 291] Entering ILP branch (v2)
[ε-constraint energy] sumE_B=9138.184045  bound=10052.002450  active=False
[ILP] res_type=dict value_preview={'stage': 'B', 'status': 'Optimal', 'primary': 'energy', 'tol': 0.1, 'opt_primary': 9138.184045039136, 'objective_secondary': 0.9294778385979985, 'sumE': 9138.1
[154.18] [Task 291] ILP chose server: STARLINK-32743
[154.18] [Task 291] Routed STARLINK-31207 -> STARLINK-32743 | E_NET=0.000304 J | Remaining=119999.80 J
[154.178] Task 291 enqueued on CPU STARLINK-32743 qlen_enqueue=1
[155.107] Task 291 enqueued on NET STARLINK-32743 qlen_enqueue_net=1
[Task 291] Task eseguito su STARLINK-32743 36.331748732661254 degrees | CPU=9138.1837J, NET=0.0003J, TOTAL=9138.1840J, Remaining=7560.73J
[155.107] Task 291 served on STARLINK-32743 qlen_enqueue_cpu=1 qlen_enqueue_net=1 time_in_queue=0.000
[291][GREEDY] STARLINK-32743 -> STARLINK-11474 [DTC] | Tramission-time: 0.001582786147742257
[291] Energy routing consumed by STARLINK-32743: 0.000000 J (remaining 7560.73)
[MODE: BIDIRECTIONAL]
[291][GREEDY] CONSEGNATO! STARLINK-11474 [DTC] -> OBS | Tramission-time: 2.359312050301208e-10
---> Task 292 (Type: CPU_Intensive) arriva in 155.92
--- [155.92] Task 292 using SearchNode Policy: v2_ilp_hybrid ---
[155.92] [Task 292] Entering ILP branch (v2)
[ε-constraint energy] sumE_B=2306.144422  bound=2536.758865  active=False
[ILP] res_type=dict value_preview={'stage': 'B', 'status': 'Optimal', 'primary': 'energy', 'tol': 0.1, 'opt_primary': 2306.144422464464, 'objective_secondary': 0.234491327429501, 'sumE': 2306.14
[155.92] [Task 292] ILP chose server: STARLINK-32743
[155.92] [Task 292] Routed STARLINK-31207 -> STARLINK-32743 | E_NET=0.000009 J | Remaining=119999.80 J
[155.924] Task 292 enqueued on CPU STARLINK-32743 qlen_enqueue=1
----------------------------------------------------------------------
	||TIME IN SIMULATION : (seconds:156) (minutes: 2) ||

MODIFICA CONFIGURAZIONE IN CORSO...

Aggiornato il Tempo Globale:  2025-11-20 20:57:50
---> Task 293 (Type: CPU_and_Data_Intensive) arriva in 156.03
--- [156.03] Task 293 using SearchNode Policy: v2_ilp_hybrid ---
[156.03] [Task 293] Entering ILP branch (v2)
[ε-constraint energy] sumE_B=560.315447  bound=616.346992  active=False
[ILP] res_type=dict value_preview={'stage': 'B', 'status': 'Optimal', 'primary': 'energy', 'tol': 0.1, 'opt_primary': 560.3154469140214, 'objective_secondary': 0.0637276021073865, 'sumE': 560.31
[156.03] [Task 293] ILP chose server: STARLINK-31702
[156.03] [Task 293] Routed STARLINK-11734 [DTC] -> STARLINK-31702 | E_NET=0.005008 J | Remaining=119999.99 J
[156.040] Task 293 enqueued on CPU STARLINK-31702 qlen_enqueue=1
[156.097] Task 293 enqueued on NET STARLINK-31702 qlen_enqueue_net=1
[Task 293] Task eseguito su STARLINK-31702 47.38809323935904 degrees | CPU=560.3087J, NET=0.0050J, TOTAL=560.3137J, Remaining=79934.10J
[156.102] Task 293 served on STARLINK-31702 qlen_enqueue_cpu=1 qlen_enqueue_net=1 time_in_queue=0.000
[293][GREEDY] STARLINK-31702 -> STARLINK-11474 [DTC] | Tramission-time: 0.0012812708412010187
[293] Energy routing consumed by STARLINK-31702: 0.000000 J (remaining 79934.10)
[MODE: BIDIRECTIONAL]
[293][GREEDY] CONSEGNATO! STARLINK-11474 [DTC] -> OBS | Tramission-time: 5.625250557360773e-09
[Task 292] Task eseguito su STARLINK-32743 37.00296582754573 degrees | CPU=2306.1444J, NET=0.0000J, TOTAL=2306.1444J, Remaining=5254.59J
[156.159] Task 292 served on STARLINK-32743 qlen_enqueue_cpu=1 qlen_enqueue_net=None time_in_queue=0.000
[292][GREEDY] STARLINK-32743 -> STARLINK-11474 [DTC] | Tramission-time: 0.00157473700499385
[292] Energy routing consumed by STARLINK-32743: 0.000000 J (remaining 5254.59)
[MODE: BIDIRECTIONAL]
[292][GREEDY] CONSEGNATO! STARLINK-11474 [DTC] -> OBS | Tramission-time: 6.899644927028782e-12
---> Task 294 (Type: CPU_and_Data_Intensive) arriva in 156.51
--- [156.51] Task 294 using SearchNode Policy: v2_ilp_hybrid ---
[156.51] [Task 294] Entering ILP branch (v2)
[ε-constraint energy] sumE_B=3828.713385  bound=4211.584724  active=False
[ILP] res_type=dict value_preview={'stage': 'B', 'status': 'Optimal', 'primary': 'energy', 'tol': 0.1, 'opt_primary': 3828.7133853045907, 'objective_secondary': 0.5332443218828316, 'sumE': 3828.
[156.51] [Task 294] ILP chose server: STARLINK-31702
[156.51] [Task 294] Routed STARLINK-11734 [DTC] -> STARLINK-31702 | E_NET=0.106703 J | Remaining=119999.89 J
[156.616] Task 294 enqueued on CPU STARLINK-31702 qlen_enqueue=1
[157.006] Task 294 enqueued on NET STARLINK-31702 qlen_enqueue_net=1
[Task 294] Task eseguito su STARLINK-31702 47.38809323935904 degrees | CPU=3828.5694J, NET=0.1067J, TOTAL=3828.6761J, Remaining=76105.42J
[157.112] Task 294 served on STARLINK-31702 qlen_enqueue_cpu=1 qlen_enqueue_net=1 time_in_queue=0.000
[294][GREEDY] STARLINK-31702 -> STARLINK-11474 [DTC] | Tramission-time: 0.0012813649207789309
[294] Energy routing consumed by STARLINK-31702: 0.000000 J (remaining 76105.42)
[MODE: BIDIRECTIONAL]
[294][GREEDY] CONSEGNATO! STARLINK-11474 [DTC] -> OBS | Tramission-time: 9.999705674784005e-08
----------------------------------------------------------------------
	||TIME IN SIMULATION : (seconds:158) (minutes: 2) ||

MODIFICA CONFIGURAZIONE IN CORSO...

Aggiornato il Tempo Globale:  2025-11-20 20:57:52
---> Task 295 (Type: Generic_Service) arriva in 158.13
--- [158.13] Task 295 using SearchNode Policy: v2_ilp_hybrid ---
[158.13] [Task 295] Entering ILP branch (v2)
[ε-constraint energy] sumE_B=254.405229  bound=279.845752  active=False
[ILP] res_type=dict value_preview={'stage': 'B', 'status': 'Optimal', 'primary': 'energy', 'tol': 0.1, 'opt_primary': 254.40522878937503, 'objective_secondary': 0.025904730060460547, 'sumE': 254
[158.13] [Task 295] ILP chose server: STARLINK-31702
[158.13] [Task 295] Routed STARLINK-11734 [DTC] -> STARLINK-31702 | E_NET=0.000034 J | Remaining=119999.89 J
[158.127] Task 295 enqueued on CPU STARLINK-31702 qlen_enqueue=1
[Task 295] Task eseguito su STARLINK-31702 47.62629102664611 degrees | CPU=254.4052J, NET=0.0000J, TOTAL=254.4052J, Remaining=75851.02J
[158.155] Task 295 served on STARLINK-31702 qlen_enqueue_cpu=1 qlen_enqueue_net=None time_in_queue=0.000
[295][GREEDY] STARLINK-31702 -> STARLINK-11474 [DTC] | Tramission-time: 0.0012681529271382865
[295] Energy routing consumed by STARLINK-31702: 0.000000 J (remaining 75851.02)
[MODE: BIDIRECTIONAL]
[295][GREEDY] CONSEGNATO! STARLINK-11474 [DTC] -> OBS | Tramission-time: 2.7812487946463026e-11
---> Task 296 (Type: Generic_Service) arriva in 158.29
--- [158.29] Task 296 using SearchNode Policy: v2_ilp_hybrid ---
[158.29] [Task 296] Entering ILP branch (v2)
[ε-constraint energy] sumE_B=300.449145  bound=330.494059  active=False
[ILP] res_type=dict value_preview={'stage': 'B', 'status': 'Optimal', 'primary': 'energy', 'tol': 0.1, 'opt_primary': 300.44914465070406, 'objective_secondary': 0.030588586582976154, 'sumE': 300
[158.29] [Task 296] ILP chose server: STARLINK-31702
[158.29] [Task 296] Routed STARLINK-11734 [DTC] -> STARLINK-31702 | E_NET=0.000036 J | Remaining=119999.89 J
[158.294] Task 296 enqueued on CPU STARLINK-31702 qlen_enqueue=1
[Task 296] Task eseguito su STARLINK-31702 47.62629102664611 degrees | CPU=300.4491J, NET=0.0000J, TOTAL=300.4491J, Remaining=75550.57J
[158.327] Task 296 served on STARLINK-31702 qlen_enqueue_cpu=1 qlen_enqueue_net=None time_in_queue=0.000
[296][GREEDY] STARLINK-31702 -> STARLINK-11474 [DTC] | Tramission-time: 0.0012681529287067435
[296] Energy routing consumed by STARLINK-31702: 0.000000 J (remaining 75550.57)
[MODE: BIDIRECTIONAL]
[296][GREEDY] CONSEGNATO! STARLINK-11474 [DTC] -> OBS | Tramission-time: 3.0908690028800807e-11
---> Task 297 (Type: Generic_Service) arriva in 159.01
--- [159.01] Task 297 using SearchNode Policy: v2_ilp_hybrid ---
[159.01] [Task 297] Entering ILP branch (v2)
[ε-constraint energy] sumE_B=1671.802336  bound=1838.982570  active=False
[ILP] res_type=dict value_preview={'stage': 'B', 'status': 'Optimal', 'primary': 'energy', 'tol': 0.1, 'opt_primary': 1671.8023364153064, 'objective_secondary': 0.1700142114630381, 'sumE': 1671.
[159.01] [Task 297] ILP chose server: STARLINK-31702
[159.01] [Task 297] Routed STARLINK-11734 [DTC] -> STARLINK-31702 | E_NET=0.000028 J | Remaining=119999.89 J
[159.011] Task 297 enqueued on CPU STARLINK-31702 qlen_enqueue=1
---> Task 298 (Type: Generic_Service) arriva in 159.04
--- [159.04] Task 298 using SearchNode Policy: v2_ilp_hybrid ---
[159.04] [Task 298] Entering ILP branch (v2)
[ε-constraint energy] sumE_B=457.948019  bound=503.742821  active=False
[ILP] res_type=dict value_preview={'stage': 'B', 'status': 'Optimal', 'primary': 'energy', 'tol': 0.1, 'opt_primary': 457.9480187828078, 'objective_secondary': 0.04660341446216099, 'sumE': 457.9
[159.04] [Task 298] ILP chose server: STARLINK-31585
[159.04] [Task 298] Routed STARLINK-11734 [DTC] -> STARLINK-31585 | E_NET=0.000030 J | Remaining=119999.89 J
[159.040] Task 298 enqueued on CPU STARLINK-31585 qlen_enqueue=1
[Task 298] Task eseguito su STARLINK-31585 76.86171330723701 degrees | CPU=457.9480J, NET=0.0000J, TOTAL=457.9480J, Remaining=104986.07J
[159.090] Task 298 served on STARLINK-31585 qlen_enqueue_cpu=1 qlen_enqueue_net=None time_in_queue=0.000
[MODE: BIDIRECTIONAL]
[298][GREEDY] CONSEGNATO! STARLINK-31585 -> OBS | Tramission-time: 2.8477406661510902e-11
[Task 297] Task eseguito su STARLINK-31702 47.62629102664611 degrees | CPU=1671.8023J, NET=0.0000J, TOTAL=1671.8023J, Remaining=73878.77J
[159.183] Task 297 served on STARLINK-31702 qlen_enqueue_cpu=1 qlen_enqueue_net=None time_in_queue=0.000
[297][GREEDY] STARLINK-31702 -> STARLINK-11474 [DTC] | Tramission-time: 0.001268152918981429
[297] Energy routing consumed by STARLINK-31702: 0.000000 J (remaining 73878.77)
[MODE: BIDIRECTIONAL]
[297][GREEDY] CONSEGNATO! STARLINK-11474 [DTC] -> OBS | Tramission-time: 2.495983570678084e-11
---> Task 299 (Type: Generic_Service) arriva in 159.82
--- [159.82] Task 299 using SearchNode Policy: v2_ilp_hybrid ---
[159.82] [Task 299] Entering ILP branch (v2)
[ε-constraint energy] sumE_B=1289.590845  bound=1418.549930  active=False
[ILP] res_type=dict value_preview={'stage': 'B', 'status': 'Optimal', 'primary': 'energy', 'tol': 0.1, 'opt_primary': 1289.5908450151453, 'objective_secondary': 0.13115042903879567, 'sumE': 1289
[159.82] [Task 299] ILP chose server: STARLINK-31702
[159.82] [Task 299] Routed STARLINK-11734 [DTC] -> STARLINK-31702 | E_NET=0.000026 J | Remaining=119999.89 J
[159.820] Task 299 enqueued on CPU STARLINK-31702 qlen_enqueue=1
---> Task 300 (Type: Generic_Service) arriva in 159.89
--- [159.89] Task 300 using SearchNode Policy: v2_ilp_hybrid ---
[159.89] [Task 300] Entering ILP branch (v2)
[ε-constraint energy] sumE_B=695.919763  bound=765.511740  active=False
[ILP] res_type=dict value_preview={'stage': 'B', 'status': 'Optimal', 'primary': 'energy', 'tol': 0.1, 'opt_primary': 695.9197632391244, 'objective_secondary': 0.07077402211379916, 'sumE': 695.9
[159.89] [Task 300] ILP chose server: STARLINK-31585
[159.89] [Task 300] Routed STARLINK-11734 [DTC] -> STARLINK-31585 | E_NET=0.000011 J | Remaining=119999.89 J
[159.888] Task 300 enqueued on CPU STARLINK-31585 qlen_enqueue=1
[Task 299] Task eseguito su STARLINK-31702 47.62629102664611 degrees | CPU=1289.5908J, NET=0.0000J, TOTAL=1289.5908J, Remaining=72589.18J
[159.953] Task 299 served on STARLINK-31702 qlen_enqueue_cpu=1 qlen_enqueue_net=None time_in_queue=0.000
[Task 300] Task eseguito su STARLINK-31585 76.86171330723701 degrees | CPU=695.9197J, NET=0.0000J, TOTAL=695.9198J, Remaining=104290.15J
[159.960] Task 300 served on STARLINK-31585 qlen_enqueue_cpu=1 qlen_enqueue_net=None time_in_queue=0.000
----------------------------------------------------------------------
	||TIME IN SIMULATION : (seconds:160) (minutes: 2) ||

MODIFICA CONFIGURAZIONE IN CORSO...

Aggiornato il Tempo Globale:  2025-11-20 20:57:54
[MODE: BIDIRECTIONAL]
[300][GREEDY] CONSEGNATO! STARLINK-31585 -> OBS | Tramission-time: 1.2965596841103863e-11
[299][GREEDY] STARLINK-31702 -> STARLINK-11474 [DTC] | Tramission-time: 0.0012550523059348063
[299] Energy routing consumed by STARLINK-31702: 0.000000 J (remaining 72589.18)
[MODE: BIDIRECTIONAL]
[299][GREEDY] CONSEGNATO! STARLINK-11474 [DTC] -> OBS | Tramission-time: 2.4634315156972888e-11
---> Task 301 (Type: CPU_Intensive) arriva in 160.86
--- [160.86] Task 301 using SearchNode Policy: v2_ilp_hybrid ---
[160.86] [Task 301] Entering ILP branch (v2)
[ε-constraint energy] sumE_B=5666.607337  bound=6233.268071  active=False
[ILP] res_type=dict value_preview={'stage': 'B', 'status': 'Optimal', 'primary': 'energy', 'tol': 0.1, 'opt_primary': 5666.6073372915025, 'objective_secondary': 0.5761876790476365, 'sumE': 5666.
[160.86] [Task 301] ILP chose server: STARLINK-31702
[160.86] [Task 301] Routed STARLINK-11734 [DTC] -> STARLINK-31702 | E_NET=0.000018 J | Remaining=119999.89 J
[160.859] Task 301 enqueued on CPU STARLINK-31702 qlen_enqueue=1
[Task 301] Task eseguito su STARLINK-31702 47.833194360642494 degrees | CPU=5666.6073J, NET=0.0000J, TOTAL=5666.6073J, Remaining=66922.57J
[161.436] Task 301 served on STARLINK-31702 qlen_enqueue_cpu=1 qlen_enqueue_net=None time_in_queue=0.000
---> Task 302 (Type: Generic_Service) arriva in 161.46
--- [161.46] Task 302 using SearchNode Policy: v2_ilp_hybrid ---
[161.46] [Task 302] Entering ILP branch (v2)
[ε-constraint energy] sumE_B=464.450922  bound=510.896014  active=False
[ILP] res_type=dict value_preview={'stage': 'B', 'status': 'Optimal', 'primary': 'energy', 'tol': 0.1, 'opt_primary': 464.45092201160287, 'objective_secondary': 0.04725811214583708, 'sumE': 464.
[161.46] [Task 302] ILP chose server: STARLINK-31763
[161.46] [Task 302] Routed STARLINK-11734 [DTC] -> STARLINK-31763 | E_NET=0.000033 J | Remaining=119999.89 J
[161.457] Task 302 enqueued on CPU STARLINK-31763 qlen_enqueue=1
[Task 302] Task eseguito su STARLINK-31763 59.232998036479415 degrees | CPU=464.4509J, NET=0.0000J, TOTAL=464.4509J, Remaining=34109.35J
[161.507] Task 302 served on STARLINK-31763 qlen_enqueue_cpu=1 qlen_enqueue_net=None time_in_queue=0.000
[301][GREEDY] STARLINK-31702 -> STARLINK-11474 [DTC] | Tramission-time: 0.0012550522987548477
[301] Energy routing consumed by STARLINK-31702: 0.000000 J (remaining 66922.57)
[302][GREEDY] STARLINK-31763 -> STARLINK-11474 [DTC] | Tramission-time: 0.0007964253194841412
[302] Energy routing consumed by STARLINK-31763: 0.000000 J (remaining 34109.35)
[MODE: BIDIRECTIONAL]
[301][GREEDY] CONSEGNATO! STARLINK-11474 [DTC] -> OBS | Tramission-time: 1.75781372284032e-11
[MODE: BIDIRECTIONAL]
[302][GREEDY] CONSEGNATO! STARLINK-11474 [DTC] -> OBS | Tramission-time: 2.6342292462620275e-11
---> Task 303 (Type: Generic_Service) arriva in 161.76
--- [161.76] Task 303 using SearchNode Policy: v2_ilp_hybrid ---
[161.76] [Task 303] Entering ILP branch (v2)
[ε-constraint energy] sumE_B=442.306719  bound=486.537391  active=False
[ILP] res_type=dict value_preview={'stage': 'B', 'status': 'Optimal', 'primary': 'energy', 'tol': 0.1, 'opt_primary': 442.3067191151006, 'objective_secondary': 0.04499202668533098, 'sumE': 442.3
[161.76] [Task 303] ILP chose server: STARLINK-31763
[161.76] [Task 303] Routed STARLINK-11734 [DTC] -> STARLINK-31763 | E_NET=0.000019 J | Remaining=119999.89 J
[161.766] Task 303 enqueued on CPU STARLINK-31763 qlen_enqueue=1
[Task 303] Task eseguito su STARLINK-31763 59.232998036479415 degrees | CPU=442.3067J, NET=0.0000J, TOTAL=442.3067J, Remaining=33667.04J
[161.812] Task 303 served on STARLINK-31763 qlen_enqueue_cpu=1 qlen_enqueue_net=None time_in_queue=0.000
---> Task 304 (Type: Generic_Service) arriva in 161.83
--- [161.83] Task 304 using SearchNode Policy: v2_ilp_hybrid ---
[161.83] [Task 304] Entering ILP branch (v2)
[ε-constraint energy] sumE_B=162.814750  bound=179.096225  active=False
[ILP] res_type=dict value_preview={'stage': 'B', 'status': 'Optimal', 'primary': 'energy', 'tol': 0.1, 'opt_primary': 162.81475041303807, 'objective_secondary': 0.016567054362498185, 'sumE': 162
[161.83] [Task 304] ILP chose server: STARLINK-31763
[161.83] [Task 304] Routed STARLINK-11734 [DTC] -> STARLINK-31763 | E_NET=0.000012 J | Remaining=119999.89 J
[161.835] Task 304 enqueued on CPU STARLINK-31763 qlen_enqueue=1
[303][GREEDY] STARLINK-31763 -> STARLINK-11474 [DTC] | Tramission-time: 0.0007964253043793468
[303] Energy routing consumed by STARLINK-31763: 0.000000 J (remaining 33667.04)
[MODE: BIDIRECTIONAL]
[303][GREEDY] CONSEGNATO! STARLINK-11474 [DTC] -> OBS | Tramission-time: 1.6107867952924163e-11
[Task 304] Task eseguito su STARLINK-31763 59.232998036479415 degrees | CPU=162.8147J, NET=0.0000J, TOTAL=162.8147J, Remaining=33504.22J
[161.852] Task 304 served on STARLINK-31763 qlen_enqueue_cpu=1 qlen_enqueue_net=None time_in_queue=0.000
[304][GREEDY] STARLINK-31763 -> STARLINK-11474 [DTC] | Tramission-time: 0.0007964252983388946
[304] Energy routing consumed by STARLINK-31763: 0.000000 J (remaining 33504.22)
[MODE: BIDIRECTIONAL]
[304][GREEDY] CONSEGNATO! STARLINK-11474 [DTC] -> OBS | Tramission-time: 8.261379262950458e-12
----------------------------------------------------------------------
	||TIME IN SIMULATION : (seconds:162) (minutes: 2) ||

MODIFICA CONFIGURAZIONE IN CORSO...

Aggiornato il Tempo Globale:  2025-11-20 20:57:56
---> Task 305 (Type: CPU_and_Data_Intensive) arriva in 162.86
--- [162.86] Task 305 using SearchNode Policy: v2_ilp_hybrid ---
[162.86] [Task 305] Entering ILP branch (v2)
[ε-constraint energy] sumE_B=1034.525037  bound=1137.977541  active=False
[ILP] res_type=dict value_preview={'stage': 'B', 'status': 'Optimal', 'primary': 'energy', 'tol': 0.1, 'opt_primary': 1034.5250373947897, 'objective_secondary': 0.27872827829789376, 'sumE': 1034
[162.86] [Task 305] ILP chose server: STARLINK-31763
[162.86] [Task 305] Routed STARLINK-11734 [DTC] -> STARLINK-31763 | E_NET=0.123423 J | Remaining=119999.76 J
---> Task 306 (Type: CPU_Intensive) arriva in 162.86
--- [162.86] Task 306 using SearchNode Policy: v2_ilp_hybrid ---
[162.86] [Task 306] Entering ILP branch (v2)
[ε-constraint energy] sumE_B=1377.325285  bound=1515.057813  active=False
[ILP] res_type=dict value_preview={'stage': 'B', 'status': 'Optimal', 'primary': 'energy', 'tol': 0.1, 'opt_primary': 1377.325284586409, 'objective_secondary': 0.14004942413544405, 'sumE': 1377.
[162.86] [Task 306] ILP chose server: STARLINK-32743
[162.86] [Task 306] Routed STARLINK-31207 -> STARLINK-32743 | E_NET=0.000007 J | Remaining=119999.80 J
[162.864] Task 306 enqueued on CPU STARLINK-32743 qlen_enqueue=1
[162.982] Task 305 enqueued on CPU STARLINK-31763 qlen_enqueue=1
[Task 306] Task eseguito su STARLINK-32743 39.100313888433725 degrees | CPU=1377.3253J, NET=0.0000J, TOTAL=1377.3253J, Remaining=3877.26J
[163.005] Task 306 served on STARLINK-32743 qlen_enqueue_cpu=1 qlen_enqueue_net=None time_in_queue=0.000
[306][GREEDY] STARLINK-32743 -> STARLINK-11474 [DTC] | Tramission-time: 0.0015515205942871406
[306] Energy routing consumed by STARLINK-32743: 0.000000 J (remaining 3877.26)
[163.087] Task 305 enqueued on NET STARLINK-31763 qlen_enqueue_net=1
[MODE: BIDIRECTIONAL]
[306][GREEDY] CONSEGNATO! STARLINK-11474 [DTC] -> OBS | Tramission-time: 6.484098798593625e-12
[Task 305] Task eseguito su STARLINK-31763 60.36853727791921 degrees | CPU=1034.3515J, NET=0.1234J, TOTAL=1034.4749J, Remaining=32469.75J
[163.210] Task 305 served on STARLINK-31763 qlen_enqueue_cpu=1 qlen_enqueue_net=1 time_in_queue=0.000
[305][GREEDY] STARLINK-31763 -> STARLINK-11474 [DTC] | Tramission-time: 0.000813101956223366
[305] Energy routing consumed by STARLINK-31763: 0.000000 J (remaining 32469.75)
[MODE: BIDIRECTIONAL]
[305][GREEDY] CONSEGNATO! STARLINK-11474 [DTC] -> OBS | Tramission-time: 1.3126698997862176e-07
---> Task 307 (Type: CPU_Intensive) arriva in 163.87
--- [163.87] Task 307 using SearchNode Policy: v2_ilp_hybrid ---
[163.87] [Task 307] Entering ILP branch (v2)
[ε-constraint energy] sumE_B=3528.464654  bound=3881.311120  active=False
[ILP] res_type=dict value_preview={'stage': 'B', 'status': 'Optimal', 'primary': 'energy', 'tol': 0.1, 'opt_primary': 3528.4646542089818, 'objective_secondary': 0.35878220155013385, 'sumE': 3528
[163.87] [Task 307] ILP chose server: STARLINK-32743
[163.87] [Task 307] Routed STARLINK-31207 -> STARLINK-32743 | E_NET=0.000019 J | Remaining=119999.80 J
[163.868] Task 307 enqueued on CPU STARLINK-32743 qlen_enqueue=1
----------------------------------------------------------------------
	||TIME IN SIMULATION : (seconds:164) (minutes: 2) ||

MODIFICA CONFIGURAZIONE IN CORSO...

Aggiornato il Tempo Globale:  2025-11-20 20:57:58
[Task 307] Task eseguito su STARLINK-32743 39.82768169096572 degrees | CPU=3528.4646J, NET=0.0000J, TOTAL=3528.4647J, Remaining=348.80J
[164.228] Task 307 served on STARLINK-32743 qlen_enqueue_cpu=1 qlen_enqueue_net=None time_in_queue=0.000
[307][GREEDY] STARLINK-32743 -> STARLINK-11474 [DTC] | Tramission-time: 0.0015441002635075247
[307] Energy routing consumed by STARLINK-32743: 0.000000 J (remaining 348.80)
[MODE: BIDIRECTIONAL]
[307][GREEDY] CONSEGNATO! STARLINK-11474 [DTC] -> OBS | Tramission-time: 1.3271104118261425e-11
---> Task 308 (Type: Generic_Service) arriva in 164.61
--- [164.61] Task 308 using SearchNode Policy: v2_ilp_hybrid ---
[164.61] [Task 308] Entering ILP branch (v2)
[ε-constraint energy] sumE_B=462.282054  bound=508.510259  active=False
[ILP] res_type=dict value_preview={'stage': 'B', 'status': 'Optimal', 'primary': 'energy', 'tol': 0.1, 'opt_primary': 462.28205399419903, 'objective_secondary': 0.0470202685233098, 'sumE': 462.2
[164.61] [Task 308] ILP chose server: STARLINK-31782
[164.61] [Task 308] Routed STARLINK-33947 -> STARLINK-31782 | E_NET=0.000017 J | Remaining=120000.00 J
[164.615] Task 308 enqueued on CPU STARLINK-31782 qlen_enqueue=1
[Task 308] Task eseguito su STARLINK-31782 45.87436254949541 degrees | CPU=462.2820J, NET=0.0000J, TOTAL=462.2821J, Remaining=95441.32J
[164.663] Task 308 served on STARLINK-31782 qlen_enqueue_cpu=1 qlen_enqueue_net=None time_in_queue=0.000
[308][GREEDY] STARLINK-31782 -> STARLINK-11474 [DTC] | Tramission-time: 0.0013160843854445536
[308] Energy routing consumed by STARLINK-31782: 0.000000 J (remaining 95441.32)
[MODE: BIDIRECTIONAL]
[308][GREEDY] CONSEGNATO! STARLINK-11474 [DTC] -> OBS | Tramission-time: 1.498293124283713e-11
---> Task 309 (Type: Generic_Service) arriva in 165.83
--- [165.83] Task 309 using SearchNode Policy: v2_ilp_hybrid ---
[165.83] [Task 309] Entering ILP branch (v2)
[ε-constraint energy] sumE_B=276.215364  bound=303.836900  active=False
[ILP] res_type=dict value_preview={'stage': 'B', 'status': 'Optimal', 'primary': 'energy', 'tol': 0.1, 'opt_primary': 276.2153637376997, 'objective_secondary': 0.0281173617642941, 'sumE': 276.21
[165.83] [Task 309] ILP chose server: STARLINK-32442
[165.83] [Task 309] Routed STARLINK-33947 -> STARLINK-32442 | E_NET=0.000023 J | Remaining=120000.00 J
[165.827] Task 309 enqueued on CPU STARLINK-32442 qlen_enqueue=1
[Task 309] Task eseguito su STARLINK-32442 27.882282779242633 degrees | CPU=276.2153J, NET=0.0000J, TOTAL=276.2154J, Remaining=119723.78J
[165.857] Task 309 served on STARLINK-32442 qlen_enqueue_cpu=1 qlen_enqueue_net=None time_in_queue=0.000
[309][GREEDY] STARLINK-32442 -> STARLINK-35307 | Tramission-time: 0.002172625762957097
[309] Energy routing consumed by STARLINK-32442: 0.000000 J (remaining 119723.78)
----------------------------------------------------------------------
	||TIME IN SIMULATION : (seconds:166) (minutes: 2) ||

MODIFICA CONFIGURAZIONE IN CORSO...

Aggiornato il Tempo Globale:  2025-11-20 20:58:00
---> Task 310 (Type: CPU_Intensive) arriva in 166.03
--- [166.03] Task 310 using SearchNode Policy: v2_ilp_hybrid ---
[166.03] [Task 310] Entering ILP branch (v2)
[ε-constraint energy] sumE_B=3359.168149  bound=3695.084964  active=False
[ILP] res_type=dict value_preview={'stage': 'B', 'status': 'Optimal', 'primary': 'energy', 'tol': 0.1, 'opt_primary': 3359.168149469256, 'objective_secondary': 0.3415867958944193, 'sumE': 3359.1
[166.03] [Task 310] ILP chose server: STARLINK-31782
[166.03] [Task 310] Routed STARLINK-33947 -> STARLINK-31782 | E_NET=0.000034 J | Remaining=120000.00 J
[166.032] Task 310 enqueued on CPU STARLINK-31782 qlen_enqueue=1
[MODE: BIDIRECTIONAL]
[309][GREEDY] CONSEGNATO! STARLINK-35307 -> OBS | Tramission-time: 2.8977388553697067e-11
---> Task 311 (Type: CPU_and_Data_Intensive) arriva in 166.10
--- [166.10] Task 311 using SearchNode Policy: v2_ilp_hybrid ---
[166.10] [Task 311] Entering ILP branch (v2)
[ε-constraint energy] sumE_B=2743.811713  bound=3018.192884  active=False
[ILP] res_type=dict value_preview={'stage': 'B', 'status': 'Optimal', 'primary': 'energy', 'tol': 0.1, 'opt_primary': 2743.811712608112, 'objective_secondary': 0.28978966550941454, 'sumE': 2743.
[166.10] [Task 311] ILP chose server: STARLINK-31763
[166.10] [Task 311] Routed STARLINK-33947 -> STARLINK-31763 | E_NET=0.008065 J | Remaining=119999.99 J
[166.109] Task 311 enqueued on CPU STARLINK-31763 qlen_enqueue=1
[Task 310] Task eseguito su STARLINK-31782 46.793884467062206 degrees | CPU=3359.1681J, NET=0.0000J, TOTAL=3359.1681J, Remaining=92082.15J
[166.376] Task 310 served on STARLINK-31782 qlen_enqueue_cpu=1 qlen_enqueue_net=None time_in_queue=0.000
[166.388] Task 311 enqueued on NET STARLINK-31763 qlen_enqueue_net=1
[Task 311] Task eseguito su STARLINK-31763 62.646302491795915 degrees | CPU=2743.8009J, NET=0.0081J, TOTAL=2743.8090J, Remaining=29725.94J
[166.396] Task 311 served on STARLINK-31763 qlen_enqueue_cpu=1 qlen_enqueue_net=1 time_in_queue=0.000
[311][GREEDY] STARLINK-31763 -> STARLINK-11474 [DTC] | Tramission-time: 0.0008484033800639437
[311] Energy routing consumed by STARLINK-31763: 0.000000 J (remaining 29725.94)
[MODE: BIDIRECTIONAL]
[311][GREEDY] CONSEGNATO! STARLINK-11474 [DTC] -> OBS | Tramission-time: 7.817415896933549e-09
[310][GREEDY] STARLINK-31782 -> STARLINK-11474 [DTC] | Tramission-time: 0.001323594601885653
[310] Energy routing consumed by STARLINK-31782: 0.000000 J (remaining 92082.15)
[MODE: BIDIRECTIONAL]
[310][GREEDY] CONSEGNATO! STARLINK-11474 [DTC] -> OBS | Tramission-time: 3.301869468231849e-11
---> Task 312 (Type: CPU_and_Data_Intensive) arriva in 166.72
--- [166.72] Task 312 using SearchNode Policy: v2_ilp_hybrid ---
[166.72] [Task 312] Entering ILP branch (v2)
[ε-constraint energy] sumE_B=35.828839  bound=39.411723  active=False
[ILP] res_type=dict value_preview={'stage': 'B', 'status': 'Optimal', 'primary': 'energy', 'tol': 0.1, 'opt_primary': 35.8288388143079, 'objective_secondary': 0.0077981589904912545, 'sumE': 35.8
[166.72] [Task 312] ILP chose server: STARLINK-32442
[166.72] [Task 312] Routed STARLINK-33947 -> STARLINK-32442 | E_NET=0.003345 J | Remaining=119999.99 J
[166.729] Task 312 enqueued on CPU STARLINK-32442 qlen_enqueue=1
[166.733] Task 312 enqueued on NET STARLINK-32442 qlen_enqueue_net=1
[Task 312] Task eseguito su STARLINK-32442 28.39848792416835 degrees | CPU=35.8247J, NET=0.0033J, TOTAL=35.8280J, Remaining=119687.96J
[166.736] Task 312 served on STARLINK-32442 qlen_enqueue_cpu=1 qlen_enqueue_net=1 time_in_queue=0.000
[312][GREEDY] STARLINK-32442 -> STARLINK-35307 | Tramission-time: 0.0021736208299020527
[312] Energy routing consumed by STARLINK-32442: 0.000000 J (remaining 119687.96)
---> Task 313 (Type: CPU_and_Data_Intensive) arriva in 166.76
--- [166.76] Task 313 using SearchNode Policy: v2_ilp_hybrid ---
[166.76] [Task 313] Entering ILP branch (v2)
[ε-constraint energy] sumE_B=9186.235495  bound=10104.859044  active=False
[ILP] res_type=dict value_preview={'stage': 'B', 'status': 'Optimal', 'primary': 'energy', 'tol': 0.1, 'opt_primary': 9186.235494911112, 'objective_secondary': 0.9449440105788188, 'sumE': 9186.2
[166.76] [Task 313] ILP chose server: STARLINK-31782
[166.76] [Task 313] Routed STARLINK-33947 -> STARLINK-31782 | E_NET=0.009968 J | Remaining=119999.98 J
[166.774] Task 313 enqueued on CPU STARLINK-31782 qlen_enqueue=1
[MODE: BIDIRECTIONAL]
[312][GREEDY] CONSEGNATO! STARLINK-35307 -> OBS | Tramission-time: 2.7548279953118698e-09
---> Task 314 (Type: CPU_and_Data_Intensive) arriva in 167.16
--- [167.16] Task 314 using SearchNode Policy: v2_ilp_hybrid ---
[167.16] [Task 314] Entering ILP branch (v2)
[ε-constraint energy] sumE_B=322.187531  bound=354.406284  active=False
[ILP] res_type=dict value_preview={'stage': 'B', 'status': 'Optimal', 'primary': 'energy', 'tol': 0.1, 'opt_primary': 322.18753077211306, 'objective_secondary': 0.03318451285793041, 'sumE': 322.
[167.16] [Task 314] ILP chose server: STARLINK-32442
[167.16] [Task 314] Routed STARLINK-33947 -> STARLINK-32442 | E_NET=0.000343 J | Remaining=119999.98 J
[167.159] Task 314 enqueued on CPU STARLINK-32442 qlen_enqueue=1
[167.192] Task 314 enqueued on NET STARLINK-32442 qlen_enqueue_net=1
[Task 314] Task eseguito su STARLINK-32442 28.39848792416835 degrees | CPU=322.1871J, NET=0.0003J, TOTAL=322.1874J, Remaining=119365.77J
[167.192] Task 314 served on STARLINK-32442 qlen_enqueue_cpu=1 qlen_enqueue_net=1 time_in_queue=0.000
[314][GREEDY] STARLINK-32442 -> STARLINK-35307 | Tramission-time: 0.002173617851882856
[314] Energy routing consumed by STARLINK-32442: 0.000000 J (remaining 119365.77)
[MODE: BIDIRECTIONAL]
[314][GREEDY] CONSEGNATO! STARLINK-35307 -> OBS | Tramission-time: 2.8960334317671647e-10
[167.708] Task 313 enqueued on NET STARLINK-31782 qlen_enqueue_net=1
[Task 313] Task eseguito su STARLINK-31782 46.793884467062206 degrees | CPU=9186.2246J, NET=0.0100J, TOTAL=9186.2345J, Remaining=82895.92J
[167.718] Task 313 served on STARLINK-31782 qlen_enqueue_cpu=1 qlen_enqueue_net=1 time_in_queue=0.000
[313][GREEDY] STARLINK-31782 -> STARLINK-11474 [DTC] | Tramission-time: 0.0013236019744242622
[313] Energy routing consumed by STARLINK-31782: 0.000000 J (remaining 82895.92)
[MODE: BIDIRECTIONAL]
[313][GREEDY] CONSEGNATO! STARLINK-11474 [DTC] -> OBS | Tramission-time: 7.778562631214796e-09
----------------------------------------------------------------------
	||TIME IN SIMULATION : (seconds:168) (minutes: 2) ||

MODIFICA CONFIGURAZIONE IN CORSO...

Aggiornato il Tempo Globale:  2025-11-20 20:58:02
---> Task 315 (Type: CPU_Intensive) arriva in 168.14
--- [168.14] Task 315 using SearchNode Policy: v2_ilp_hybrid ---
[168.14] [Task 315] Entering ILP branch (v2)
[ε-constraint energy] sumE_B=6955.726876  bound=7651.299563  active=False
[ILP] res_type=dict value_preview={'stage': 'B', 'status': 'Optimal', 'primary': 'energy', 'tol': 0.1, 'opt_primary': 6955.726875728871, 'objective_secondary': 0.7072749726056664, 'sumE': 6955.7
[168.14] [Task 315] ILP chose server: STARLINK-31782
[168.14] [Task 315] Routed STARLINK-33947 -> STARLINK-31782 | E_NET=0.000031 J | Remaining=119999.98 J
[168.142] Task 315 enqueued on CPU STARLINK-31782 qlen_enqueue=1
---> Task 316 (Type: CPU_Intensive) arriva in 168.25
--- [168.25] Task 316 using SearchNode Policy: v2_ilp_hybrid ---
[168.25] [Task 316] Entering ILP branch (v2)
[ε-constraint energy] sumE_B=1755.768048  bound=1931.344852  active=False
[ILP] res_type=dict value_preview={'stage': 'B', 'status': 'Optimal', 'primary': 'energy', 'tol': 0.1, 'opt_primary': 1755.7680475392713, 'objective_secondary': 0.17855325598356311, 'sumE': 1755
[168.25] [Task 316] ILP chose server: STARLINK-31763
[168.25] [Task 316] Routed STARLINK-33947 -> STARLINK-31763 | E_NET=0.000027 J | Remaining=119999.98 J
[168.249] Task 316 enqueued on CPU STARLINK-31763 qlen_enqueue=1
[Task 316] Task eseguito su STARLINK-31763 63.779613840776435 degrees | CPU=1755.7680J, NET=0.0000J, TOTAL=1755.7680J, Remaining=27970.17J
[168.429] Task 316 served on STARLINK-31763 qlen_enqueue_cpu=1 qlen_enqueue_net=None time_in_queue=0.000
[316][GREEDY] STARLINK-31763 -> STARLINK-11474 [DTC] | Tramission-time: 0.0008671806412095613
[316] Energy routing consumed by STARLINK-31763: 0.000000 J (remaining 27970.17)
[MODE: BIDIRECTIONAL]
[316][GREEDY] CONSEGNATO! STARLINK-11474 [DTC] -> OBS | Tramission-time: 2.4074395634715496e-11
---> Task 317 (Type: CPU_Intensive) arriva in 168.59
--- [168.59] Task 317 using SearchNode Policy: v2_ilp_hybrid ---
[168.59] [Task 317] Entering ILP branch (v2)
[ε-constraint energy] sumE_B=8952.973131  bound=9848.270444  active=False
[ILP] res_type=dict value_preview={'stage': 'B', 'status': 'Optimal', 'primary': 'energy', 'tol': 0.1, 'opt_primary': 8952.973131278835, 'objective_secondary': 0.9103186879070038, 'sumE': 8952.9
[168.59] [Task 317] ILP chose server: STARLINK-31763
[168.59] [Task 317] Routed STARLINK-33947 -> STARLINK-31763 | E_NET=0.000008 J | Remaining=119999.98 J
[168.590] Task 317 enqueued on CPU STARLINK-31763 qlen_enqueue=1
[Task 315] Task eseguito su STARLINK-31782 47.73301256850289 degrees | CPU=6955.7268J, NET=0.0000J, TOTAL=6955.7269J, Remaining=75940.19J
[168.852] Task 315 served on STARLINK-31782 qlen_enqueue_cpu=1 qlen_enqueue_net=None time_in_queue=0.000
[315][GREEDY] STARLINK-31782 -> STARLINK-11474 [DTC] | Tramission-time: 0.0013318603535576754
[315] Energy routing consumed by STARLINK-31782: 0.000000 J (remaining 75940.19)
[MODE: BIDIRECTIONAL]
[315][GREEDY] CONSEGNATO! STARLINK-11474 [DTC] -> OBS | Tramission-time: 2.7370541851912014e-11
---> Task 318 (Type: Generic_Service) arriva in 169.00
--- [169.00] Task 318 using SearchNode Policy: v2_ilp_hybrid ---
[169.00] [Task 318] Entering ILP branch (v2)
[ε-constraint energy] sumE_B=458.998589  bound=504.898448  active=False
[ILP] res_type=dict value_preview={'stage': 'B', 'status': 'Optimal', 'primary': 'energy', 'tol': 0.1, 'opt_primary': 458.9985892683822, 'objective_secondary': 0.046674515508013235, 'sumE': 458.
[169.00] [Task 318] ILP chose server: STARLINK-31782
[169.00] [Task 318] Routed STARLINK-33947 -> STARLINK-31782 | E_NET=0.000004 J | Remaining=119999.98 J
[169.000] Task 318 enqueued on CPU STARLINK-31782 qlen_enqueue=1
[Task 318] Task eseguito su STARLINK-31782 47.73301256850289 degrees | CPU=458.9986J, NET=0.0000J, TOTAL=458.9986J, Remaining=75481.19J
[169.047] Task 318 served on STARLINK-31782 qlen_enqueue_cpu=1 qlen_enqueue_net=None time_in_queue=0.000
[318][GREEDY] STARLINK-31782 -> STARLINK-11474 [DTC] | Tramission-time: 0.0013318603282132914
[318] Energy routing consumed by STARLINK-31782: 0.000000 J (remaining 75481.19)
[MODE: BIDIRECTIONAL]
[318][GREEDY] CONSEGNATO! STARLINK-11474 [DTC] -> OBS | Tramission-time: 3.73057241608919e-12
---> Task 319 (Type: CPU_Intensive) arriva in 169.26
--- [169.26] Task 319 using SearchNode Policy: v2_ilp_hybrid ---
[169.26] [Task 319] Entering ILP branch (v2)
[ε-constraint energy] sumE_B=162.483893  bound=178.732282  active=False
[ILP] res_type=dict value_preview={'stage': 'B', 'status': 'Optimal', 'primary': 'energy', 'tol': 0.1, 'opt_primary': 162.48389314150344, 'objective_secondary': 0.01653253885896095, 'sumE': 162.
[169.26] [Task 319] ILP chose server: STARLINK-31782
[169.26] [Task 319] Routed STARLINK-33947 -> STARLINK-31782 | E_NET=0.000009 J | Remaining=119999.98 J
[169.258] Task 319 enqueued on CPU STARLINK-31782 qlen_enqueue=1
[Task 319] Task eseguito su STARLINK-31782 47.73301256850289 degrees | CPU=162.4839J, NET=0.0000J, TOTAL=162.4839J, Remaining=75318.71J
[169.275] Task 319 served on STARLINK-31782 qlen_enqueue_cpu=1 qlen_enqueue_net=None time_in_queue=0.000
[319][GREEDY] STARLINK-31782 -> STARLINK-11474 [DTC] | Tramission-time: 0.001331860333234392
[319] Energy routing consumed by STARLINK-31782: 0.000000 J (remaining 75318.71)
[MODE: BIDIRECTIONAL]
[319][GREEDY] CONSEGNATO! STARLINK-11474 [DTC] -> OBS | Tramission-time: 7.834579960296602e-12
[Task 317] Task eseguito su STARLINK-31763 63.779613840776435 degrees | CPU=8952.9731J, NET=0.0000J, TOTAL=8952.9731J, Remaining=19017.20J
[169.501] Task 317 served on STARLINK-31763 qlen_enqueue_cpu=1 qlen_enqueue_net=None time_in_queue=0.000
[317][GREEDY] STARLINK-31763 -> STARLINK-11474 [DTC] | Tramission-time: 0.0008671806182422339
[317] Energy routing consumed by STARLINK-31763: 0.000000 J (remaining 19017.20)
[MODE: BIDIRECTIONAL]
[317][GREEDY] CONSEGNATO! STARLINK-11474 [DTC] -> OBS | Tramission-time: 8.121319142915727e-12
----------------------------------------------------------------------
	||TIME IN SIMULATION : (seconds:170) (minutes: 2) ||

MODIFICA CONFIGURAZIONE IN CORSO...

Aggiornato il Tempo Globale:  2025-11-20 20:58:04
---> Task 320 (Type: CPU_Intensive) arriva in 170.52
--- [170.52] Task 320 using SearchNode Policy: v2_ilp_hybrid ---
[170.52] [Task 320] Entering ILP branch (v2)
[ε-constraint energy] sumE_B=2291.952035  bound=2521.147239  active=False
[ILP] res_type=dict value_preview={'stage': 'B', 'status': 'Optimal', 'primary': 'energy', 'tol': 0.1, 'opt_primary': 2291.9520354888054, 'objective_secondary': 0.23306826801421845, 'sumE': 2291
[170.52] [Task 320] ILP chose server: STARLINK-31782
[170.52] [Task 320] Routed STARLINK-33947 -> STARLINK-31782 | E_NET=0.000025 J | Remaining=119999.98 J
[170.522] Task 320 enqueued on CPU STARLINK-31782 qlen_enqueue=1
[Task 320] Task eseguito su STARLINK-31782 48.6916045554334 degrees | CPU=2291.9520J, NET=0.0000J, TOTAL=2291.9520J, Remaining=73026.75J
[170.757] Task 320 served on STARLINK-31782 qlen_enqueue_cpu=1 qlen_enqueue_net=None time_in_queue=0.000
[320][GREEDY] STARLINK-31782 -> STARLINK-11474 [DTC] | Tramission-time: 0.0013408675419737165
[320] Energy routing consumed by STARLINK-31782: 0.000000 J (remaining 73026.75)
[MODE: BIDIRECTIONAL]
[320][GREEDY] CONSEGNATO! STARLINK-11474 [DTC] -> OBS | Tramission-time: 2.0031089080899892e-11
---> Task 321 (Type: CPU_and_Data_Intensive) arriva in 171.68
--- [171.68] Task 321 using SearchNode Policy: v2_ilp_hybrid ---
[171.68] [Task 321] Entering ILP branch (v2)
[ε-constraint energy] sumE_B=20442.360717  bound=22486.596789  active=False
[ILP] res_type=dict value_preview={'stage': 'B', 'status': 'Optimal', 'primary': 'energy', 'tol': 0.1, 'opt_primary': 20442.360717321648, 'objective_secondary': 2.0887903371584824, 'sumE': 20442
[171.68] [Task 321] ILP chose server: STARLINK-31782
[171.68] [Task 321] Routed STARLINK-33947 -> STARLINK-31782 | E_NET=0.008611 J | Remaining=119999.97 J
[171.691] Task 321 enqueued on CPU STARLINK-31782 qlen_enqueue=1
---> Task 322 (Type: Generic_Service) arriva in 171.91
--- [171.91] Task 322 using SearchNode Policy: v2_ilp_hybrid ---
[171.91] [Task 322] Entering ILP branch (v2)
[ε-constraint energy] sumE_B=1359.906792  bound=1495.897471  active=False
[ILP] res_type=dict value_preview={'stage': 'B', 'status': 'Optimal', 'primary': 'energy', 'tol': 0.1, 'opt_primary': 1359.9067920068537, 'objective_secondary': 0.13829939516107886, 'sumE': 1359
[171.91] [Task 322] ILP chose server: STARLINK-31763
[171.91] [Task 322] Routed STARLINK-33947 -> STARLINK-31763 | E_NET=0.000020 J | Remaining=119999.97 J
[171.912] Task 322 enqueued on CPU STARLINK-31763 qlen_enqueue=1
----------------------------------------------------------------------
	||TIME IN SIMULATION : (seconds:172) (minutes: 2) ||

MODIFICA CONFIGURAZIONE IN CORSO...

Aggiornato il Tempo Globale:  2025-11-20 20:58:06
[Task 322] Task eseguito su STARLINK-31763 66.00630114226875 degrees | CPU=1359.9068J, NET=0.0000J, TOTAL=1359.9068J, Remaining=17657.29J
[172.052] Task 322 served on STARLINK-31763 qlen_enqueue_cpu=1 qlen_enqueue_net=None time_in_queue=0.000
[MODE: BIDIRECTIONAL]
[322][GREEDY] CONSEGNATO! STARLINK-31763 -> OBS | Tramission-time: 2.5424643118221015e-11
---> Task 323 (Type: Generic_Service) arriva in 172.48
--- [172.48] Task 323 using SearchNode Policy: v2_ilp_hybrid ---
[172.48] [Task 323] Entering ILP branch (v2)
[ε-constraint energy] sumE_B=67.394181  bound=74.133599  active=False
[ILP] res_type=dict value_preview={'stage': 'B', 'status': 'Optimal', 'primary': 'energy', 'tol': 0.1, 'opt_primary': 67.3941810051833, 'objective_secondary': 0.006869200688810663, 'sumE': 67.39
[172.48] [Task 323] ILP chose server: STARLINK-32442
[172.48] [Task 323] Routed STARLINK-33947 -> STARLINK-32442 | E_NET=0.000015 J | Remaining=119999.97 J
[172.484] Task 323 enqueued on CPU STARLINK-32442 qlen_enqueue=1
[Task 323] Task eseguito su STARLINK-32442 30.018552988785554 degrees | CPU=67.3942J, NET=0.0000J, TOTAL=67.3942J, Remaining=119298.38J
[172.492] Task 323 served on STARLINK-32442 qlen_enqueue_cpu=1 qlen_enqueue_net=None time_in_queue=0.000
[323][GREEDY] STARLINK-32442 -> STARLINK-35307 | Tramission-time: 0.002176601062610043
[323] Energy routing consumed by STARLINK-32442: 0.000000 J (remaining 119298.38)
---> Task 324 (Type: Generic_Service) arriva in 172.58
--- [172.58] Task 324 using SearchNode Policy: v2_ilp_hybrid ---
[172.58] [Task 324] Entering ILP branch (v2)
[ε-constraint energy] sumE_B=454.816699  bound=500.298369  active=False
[ILP] res_type=dict value_preview={'stage': 'B', 'status': 'Optimal', 'primary': 'energy', 'tol': 0.1, 'opt_primary': 454.8166994616475, 'objective_secondary': 0.04626105671780875, 'sumE': 454.8
[172.58] [Task 324] ILP chose server: STARLINK-32442
[172.58] [Task 324] Routed STARLINK-33947 -> STARLINK-32442 | E_NET=0.000015 J | Remaining=119999.97 J
[172.584] Task 324 enqueued on CPU STARLINK-32442 qlen_enqueue=1
[Task 324] Task eseguito su STARLINK-32442 30.018552988785554 degrees | CPU=454.8167J, NET=0.0000J, TOTAL=454.8167J, Remaining=118843.56J
[172.631] Task 324 served on STARLINK-32442 qlen_enqueue_cpu=1 qlen_enqueue_net=None time_in_queue=0.000
[MODE: BIDIRECTIONAL]
[323][GREEDY] CONSEGNATO! STARLINK-35307 -> OBS | Tramission-time: 1.3883332055166382e-11
[324][GREEDY] STARLINK-32442 -> STARLINK-35307 | Tramission-time: 0.002176601065834911
[324] Energy routing consumed by STARLINK-32442: 0.000000 J (remaining 118843.56)
[MODE: BIDIRECTIONAL]
[324][GREEDY] CONSEGNATO! STARLINK-35307 -> OBS | Tramission-time: 1.3159851329930288e-11
---> Task 325 (Type: CPU_Intensive) arriva in 173.70
--- [173.70] Task 325 using SearchNode Policy: v2_ilp_hybrid ---
[173.70] [Task 325] Entering ILP branch (v2)
[ε-constraint energy] sumE_B=8544.314364  bound=9398.745801  active=False
[ILP] res_type=dict value_preview={'stage': 'B', 'status': 'Optimal', 'primary': 'energy', 'tol': 0.1, 'opt_primary': 8544.314364249833, 'objective_secondary': 0.8687814052798835, 'sumE': 8544.3
[173.70] [Task 325] ILP chose server: STARLINK-32442
[173.70] [Task 325] Routed STARLINK-33947 -> STARLINK-32442 | E_NET=0.000020 J | Remaining=119999.97 J
[173.706] Task 325 enqueued on CPU STARLINK-32442 qlen_enqueue=1
[173.769] Task 321 enqueued on NET STARLINK-31782 qlen_enqueue_net=1
[Task 321] Task eseguito su STARLINK-31782 49.66939960842075 degrees | CPU=20442.3504J, NET=0.0086J, TOTAL=20442.3591J, Remaining=52584.40J
[173.778] Task 321 served on STARLINK-31782 qlen_enqueue_cpu=1 qlen_enqueue_net=1 time_in_queue=0.000
[321][GREEDY] STARLINK-31782 -> STARLINK-35307 | Tramission-time: 0.0010772174419765225
[321] Energy routing consumed by STARLINK-31782: 0.000000 J (remaining 52584.40)
[MODE: BIDIRECTIONAL]
[321][GREEDY] CONSEGNATO! STARLINK-35307 -> OBS | Tramission-time: 7.219480909266138e-09
----------------------------------------------------------------------
	||TIME IN SIMULATION : (seconds:174) (minutes: 2) ||

MODIFICA CONFIGURAZIONE IN CORSO...

Aggiornato il Tempo Globale:  2025-11-20 20:58:08
[Task 325] Task eseguito su STARLINK-32442 30.5836657847118 degrees | CPU=8544.3143J, NET=0.0000J, TOTAL=8544.3144J, Remaining=110299.24J
[174.576] Task 325 served on STARLINK-32442 qlen_enqueue_cpu=1 qlen_enqueue_net=None time_in_queue=0.000
[325][GREEDY] STARLINK-32442 -> STARLINK-35307 | Tramission-time: 0.002177598332707628
[325] Energy routing consumed by STARLINK-32442: 0.000000 J (remaining 110299.24)
[MODE: BIDIRECTIONAL]
[325][GREEDY] CONSEGNATO! STARLINK-35307 -> OBS | Tramission-time: 2.1662231092956184e-11
---> Task 326 (Type: Generic_Service) arriva in 175.35
--- [175.35] Task 326 using SearchNode Policy: v2_ilp_hybrid ---
[175.35] [Task 326] Entering ILP branch (v2)
[ε-constraint energy] sumE_B=1174.204163  bound=1291.624579  active=False
[ILP] res_type=dict value_preview={'stage': 'B', 'status': 'Optimal', 'primary': 'energy', 'tol': 0.1, 'opt_primary': 1174.204162584529, 'objective_secondary': 0.11941316143440087, 'sumE': 1174.
[175.35] [Task 326] ILP chose server: STARLINK-31782
[175.35] [Task 326] Routed STARLINK-33947 -> STARLINK-31782 | E_NET=0.000022 J | Remaining=119999.97 J
[175.347] Task 326 enqueued on CPU STARLINK-31782 qlen_enqueue=1
[Task 326] Task eseguito su STARLINK-31782 50.66599879928488 degrees | CPU=1174.2041J, NET=0.0000J, TOTAL=1174.2042J, Remaining=51410.19J
[175.467] Task 326 served on STARLINK-31782 qlen_enqueue_cpu=1 qlen_enqueue_net=None time_in_queue=0.000
[326][GREEDY] STARLINK-31782 -> STARLINK-35307 | Tramission-time: 0.001070049156279252
[326] Energy routing consumed by STARLINK-31782: 0.000000 J (remaining 51410.19)
---> Task 327 (Type: Generic_Service) arriva in 175.51
--- [175.51] Task 327 using SearchNode Policy: v2_ilp_hybrid ---
[175.51] [Task 327] Entering ILP branch (v2)
[ε-constraint energy] sumE_B=105.188000  bound=115.706800  active=False
[ILP] res_type=dict value_preview={'stage': 'B', 'status': 'Optimal', 'primary': 'energy', 'tol': 0.1, 'opt_primary': 105.18800001336228, 'objective_secondary': 0.010721299100038315, 'sumE': 105
[175.51] [Task 327] ILP chose server: STARLINK-32442
[175.51] [Task 327] Routed STARLINK-33947 -> STARLINK-32442 | E_NET=0.000019 J | Remaining=119999.97 J
[175.515] Task 327 enqueued on CPU STARLINK-32442 qlen_enqueue=1
[Task 327] Task eseguito su STARLINK-32442 30.5836657847118 degrees | CPU=105.1880J, NET=0.0000J, TOTAL=105.1880J, Remaining=110194.06J
[175.527] Task 327 served on STARLINK-32442 qlen_enqueue_cpu=1 qlen_enqueue_net=None time_in_queue=0.000
[MODE: BIDIRECTIONAL]
[326][GREEDY] CONSEGNATO! STARLINK-35307 -> OBS | Tramission-time: 2.1770276472619447e-11
[327][GREEDY] STARLINK-32442 -> STARLINK-35307 | Tramission-time: 0.002177598333140748
[327] Energy routing consumed by STARLINK-32442: 0.000000 J (remaining 110194.06)
[MODE: BIDIRECTIONAL]
[327][GREEDY] CONSEGNATO! STARLINK-35307 -> OBS | Tramission-time: 1.901472254298312e-11
---> Task 328 (Type: Generic_Service) arriva in 175.75
--- [175.75] Task 328 using SearchNode Policy: v2_ilp_hybrid ---
[175.75] [Task 328] Entering ILP branch (v2)
[ε-constraint energy] sumE_B=781.118862  bound=859.230749  active=False
[ILP] res_type=dict value_preview={'stage': 'B', 'status': 'Optimal', 'primary': 'energy', 'tol': 0.1, 'opt_primary': 781.1188624488672, 'objective_secondary': 0.0794507730951347, 'sumE': 781.11
[175.75] [Task 328] ILP chose server: STARLINK-31782
[175.75] [Task 328] Routed STARLINK-33947 -> STARLINK-31782 | E_NET=0.000027 J | Remaining=119999.97 J
[175.749] Task 328 enqueued on CPU STARLINK-31782 qlen_enqueue=1
[Task 328] Task eseguito su STARLINK-31782 50.66599879928488 degrees | CPU=781.1188J, NET=0.0000J, TOTAL=781.1189J, Remaining=50629.07J
[175.830] Task 328 served on STARLINK-31782 qlen_enqueue_cpu=1 qlen_enqueue_net=None time_in_queue=0.000
[328][GREEDY] STARLINK-31782 -> STARLINK-35307 | Tramission-time: 0.001070049164334851
[328] Energy routing consumed by STARLINK-31782: 0.000000 J (remaining 50629.07)
[MODE: BIDIRECTIONAL]
[328][GREEDY] CONSEGNATO! STARLINK-35307 -> OBS | Tramission-time: 2.2204481298345423e-11
----------------------------------------------------------------------
	||TIME IN SIMULATION : (seconds:176) (minutes: 2) ||

MODIFICA CONFIGURAZIONE IN CORSO...

Aggiornato il Tempo Globale:  2025-11-20 20:58:10
---> Task 329 (Type: CPU_Intensive) arriva in 176.65
--- [176.65] Task 329 using SearchNode Policy: v2_ilp_hybrid ---
[176.65] [Task 329] Entering ILP branch (v2)
[ε-constraint energy] sumE_B=8285.085755  bound=9113.594330  active=False
[ILP] res_type=dict value_preview={'stage': 'B', 'status': 'Optimal', 'primary': 'energy', 'tol': 0.1, 'opt_primary': 8285.085754806301, 'objective_secondary': 0.8424245072887164, 'sumE': 8285.0
[176.65] [Task 329] ILP chose server: STARLINK-31782
[176.65] [Task 329] Routed STARLINK-33947 -> STARLINK-31782 | E_NET=0.000021 J | Remaining=119999.97 J
[176.646] Task 329 enqueued on CPU STARLINK-31782 qlen_enqueue=1
---> Task 330 (Type: CPU_Intensive) arriva in 176.90
--- [176.90] Task 330 using SearchNode Policy: v2_ilp_hybrid ---
[176.90] [Task 330] Entering ILP branch (v2)
[ε-constraint energy] sumE_B=478.831106  bound=526.714217  active=False
[ILP] res_type=dict value_preview={'stage': 'B', 'status': 'Optimal', 'primary': 'energy', 'tol': 0.1, 'opt_primary': 478.83110626530123, 'objective_secondary': 0.048709715202004684, 'sumE': 478
[176.90] [Task 330] ILP chose server: STARLINK-31763
[176.90] [Task 330] Routed STARLINK-33947 -> STARLINK-31763 | E_NET=0.000018 J | Remaining=119999.97 J
[176.901] Task 330 enqueued on CPU STARLINK-31763 qlen_enqueue=1
[Task 330] Task eseguito su STARLINK-31763 68.12861741526213 degrees | CPU=478.8311J, NET=0.0000J, TOTAL=478.8311J, Remaining=17178.46J
[176.951] Task 330 served on STARLINK-31763 qlen_enqueue_cpu=1 qlen_enqueue_net=None time_in_queue=0.000
[MODE: BIDIRECTIONAL]
[330][GREEDY] CONSEGNATO! STARLINK-31763 -> OBS | Tramission-time: 1.679228689619917e-11
---> Task 331 (Type: CPU_Intensive) arriva in 177.44
--- [177.44] Task 331 using SearchNode Policy: v2_ilp_hybrid ---
[177.44] [Task 331] Entering ILP branch (v2)
[ε-constraint energy] sumE_B=1858.706999  bound=2044.577699  active=False
[ILP] res_type=dict value_preview={'stage': 'B', 'status': 'Optimal', 'primary': 'energy', 'tol': 0.1, 'opt_primary': 1858.7069992718348, 'objective_secondary': 0.18902155056855274, 'sumE': 1858
[177.44] [Task 331] ILP chose server: STARLINK-31763
[177.44] [Task 331] Routed STARLINK-33947 -> STARLINK-31763 | E_NET=0.000026 J | Remaining=119999.97 J
[177.445] Task 331 enqueued on CPU STARLINK-31763 qlen_enqueue=1
[Task 329] Task eseguito su STARLINK-31782 51.68084267715283 degrees | CPU=8285.0857J, NET=0.0000J, TOTAL=8285.0858J, Remaining=42343.99J
[177.490] Task 329 served on STARLINK-31782 qlen_enqueue_cpu=1 qlen_enqueue_net=None time_in_queue=0.000
[329][GREEDY] STARLINK-31782 -> STARLINK-11734 [DTC] | Tramission-time: 0.0017273326708745062
[329] Energy routing consumed by STARLINK-31782: 0.000000 J (remaining 42343.99)
[MODE: BIDIRECTIONAL]
[329][GREEDY] CONSEGNATO! STARLINK-11734 [DTC] -> OBS | Tramission-time: 1.9850557064294484e-11
---> Task 332 (Type: CPU_Intensive) arriva in 177.63
--- [177.63] Task 332 using SearchNode Policy: v2_ilp_hybrid ---
[177.63] [Task 332] Entering ILP branch (v2)
[ε-constraint energy] sumE_B=4233.167022  bound=4656.483724  active=False
[ILP] res_type=dict value_preview={'stage': 'B', 'status': 'Optimal', 'primary': 'energy', 'tol': 0.1, 'opt_primary': 4233.167021844579, 'objective_secondary': 0.430450929158474, 'sumE': 4233.16
[177.63] [Task 332] ILP chose server: STARLINK-31782
[177.63] [Task 332] Routed STARLINK-33947 -> STARLINK-31782 | E_NET=0.000032 J | Remaining=119999.97 J
[177.628] Task 332 enqueued on CPU STARLINK-31782 qlen_enqueue=1
[Task 331] Task eseguito su STARLINK-31763 68.12861741526213 degrees | CPU=1858.7070J, NET=0.0000J, TOTAL=1858.7070J, Remaining=15319.75J
[177.636] Task 331 served on STARLINK-31763 qlen_enqueue_cpu=1 qlen_enqueue_net=None time_in_queue=0.000
[MODE: BIDIRECTIONAL]
[331][GREEDY] CONSEGNATO! STARLINK-31763 -> OBS | Tramission-time: 3.165758721175596e-11
---> Task 333 (Type: Generic_Service) arriva in 177.93
--- [177.93] Task 333 using SearchNode Policy: v2_ilp_hybrid ---
[177.93] [Task 333] Entering ILP branch (v2)
[ε-constraint energy] sumE_B=1449.721091  bound=1594.693200  active=False
[ILP] res_type=dict value_preview={'stage': 'B', 'status': 'Optimal', 'primary': 'energy', 'tol': 0.1, 'opt_primary': 1449.7210907591339, 'objective_secondary': 0.1474347444316082, 'sumE': 1449.
[177.93] [Task 333] ILP chose server: STARLINK-31763
[177.93] [Task 333] Routed STARLINK-33947 -> STARLINK-31763 | E_NET=0.000024 J | Remaining=119999.97 J
[177.932] Task 333 enqueued on CPU STARLINK-31763 qlen_enqueue=1
----------------------------------------------------------------------
	||TIME IN SIMULATION : (seconds:178) (minutes: 2) ||

MODIFICA CONFIGURAZIONE IN CORSO...

Aggiornato il Tempo Globale:  2025-11-20 20:58:12
[Task 332] Task eseguito su STARLINK-31782 52.713185588022334 degrees | CPU=4233.1670J, NET=0.0000J, TOTAL=4233.1670J, Remaining=38110.82J
[178.061] Task 332 served on STARLINK-31782 qlen_enqueue_cpu=1 qlen_enqueue_net=None time_in_queue=0.000
[332][GREEDY] STARLINK-31782 -> STARLINK-11734 [DTC] | Tramission-time: 0.001712544061477955
[332] Energy routing consumed by STARLINK-31782: 0.000000 J (remaining 38110.82)
[MODE: BIDIRECTIONAL]
[332][GREEDY] CONSEGNATO! STARLINK-11734 [DTC] -> OBS | Tramission-time: 3.338374458497165e-11
[Task 333] Task eseguito su STARLINK-31763 69.12648155932972 degrees | CPU=1449.7211J, NET=0.0000J, TOTAL=1449.7211J, Remaining=13870.03J
[178.081] Task 333 served on STARLINK-31763 qlen_enqueue_cpu=1 qlen_enqueue_net=None time_in_queue=0.000
---> Task 334 (Type: CPU_and_Data_Intensive) arriva in 178.15
--- [178.15] Task 334 using SearchNode Policy: v2_ilp_hybrid ---
[178.15] [Task 334] Entering ILP branch (v2)
[ε-constraint energy] sumE_B=2296.488168  bound=2526.136985  active=False
[ILP] res_type=dict value_preview={'stage': 'B', 'status': 'Optimal', 'primary': 'energy', 'tol': 0.1, 'opt_primary': 2296.4881683528997, 'objective_secondary': 0.23769983798421712, 'sumE': 2296
[178.15] [Task 334] ILP chose server: STARLINK-31782
[178.15] [Task 334] Routed STARLINK-33947 -> STARLINK-31782 | E_NET=0.003071 J | Remaining=119999.97 J
[178.157] Task 334 enqueued on CPU STARLINK-31782 qlen_enqueue=1
[MODE: BIDIRECTIONAL]
[333][GREEDY] CONSEGNATO! STARLINK-31763 -> OBS | Tramission-time: 2.796569311803921e-11
[178.391] Task 334 enqueued on NET STARLINK-31782 qlen_enqueue_net=1
[Task 334] Task eseguito su STARLINK-31782 52.713185588022334 degrees | CPU=2296.4840J, NET=0.0031J, TOTAL=2296.4870J, Remaining=35814.33J
[178.394] Task 334 served on STARLINK-31782 qlen_enqueue_cpu=1 qlen_enqueue_net=1 time_in_queue=0.000
[334][GREEDY] STARLINK-31782 -> STARLINK-11734 [DTC] | Tramission-time: 0.0017125472098836892
[334] Energy routing consumed by STARLINK-31782: 0.000000 J (remaining 35814.33)
[MODE: BIDIRECTIONAL]
[334][GREEDY] CONSEGNATO! STARLINK-11734 [DTC] -> OBS | Tramission-time: 3.5170153934755014e-09
---> Task 335 (Type: Generic_Service) arriva in 178.48
--- [178.48] Task 335 using SearchNode Policy: v2_ilp_hybrid ---
[178.48] [Task 335] Entering ILP branch (v2)
[ε-constraint energy] sumE_B=174.910957  bound=192.402052  active=False
[ILP] res_type=dict value_preview={'stage': 'B', 'status': 'Optimal', 'primary': 'energy', 'tol': 0.1, 'opt_primary': 174.9109565678273, 'objective_secondary': 0.01779727929134265, 'sumE': 174.9
[178.48] [Task 335] ILP chose server: STARLINK-32442
[178.48] [Task 335] Routed STARLINK-33947 -> STARLINK-32442 | E_NET=0.000011 J | Remaining=119999.97 J
[178.484] Task 335 enqueued on CPU STARLINK-32442 qlen_enqueue=1
[Task 335] Task eseguito su STARLINK-32442 31.75392700514131 degrees | CPU=174.9109J, NET=0.0000J, TOTAL=174.9110J, Remaining=110019.15J
[178.502] Task 335 served on STARLINK-32442 qlen_enqueue_cpu=1 qlen_enqueue_net=None time_in_queue=0.000
[335][GREEDY] STARLINK-32442 -> STARLINK-35307 | Tramission-time: 0.0021795968649573213
[335] Energy routing consumed by STARLINK-32442: 0.000000 J (remaining 110019.15)
[MODE: BIDIRECTIONAL]
[335][GREEDY] CONSEGNATO! STARLINK-35307 -> OBS | Tramission-time: 1.1017979133804541e-11
---> Task 336 (Type: Generic_Service) arriva in 178.96
--- [178.96] Task 336 using SearchNode Policy: v2_ilp_hybrid ---
[178.96] [Task 336] Entering ILP branch (v2)
[ε-constraint energy] sumE_B=788.946155  bound=867.840770  active=False
[ILP] res_type=dict value_preview={'stage': 'B', 'status': 'Optimal', 'primary': 'energy', 'tol': 0.1, 'opt_primary': 788.9461549021178, 'objective_secondary': 0.08023329180108249, 'sumE': 788.9
[178.96] [Task 336] ILP chose server: STARLINK-31782
[178.96] [Task 336] Routed STARLINK-33947 -> STARLINK-31782 | E_NET=0.000012 J | Remaining=119999.97 J
[178.956] Task 336 enqueued on CPU STARLINK-31782 qlen_enqueue=1
[Task 336] Task eseguito su STARLINK-31782 52.713185588022334 degrees | CPU=788.9461J, NET=0.0000J, TOTAL=788.9462J, Remaining=35025.39J
[179.037] Task 336 served on STARLINK-31782 qlen_enqueue_cpu=1 qlen_enqueue_net=None time_in_queue=0.000
[336][GREEDY] STARLINK-31782 -> STARLINK-11734 [DTC] | Tramission-time: 0.0017125440511755032
[336] Energy routing consumed by STARLINK-31782: 0.000000 J (remaining 35025.39)
[MODE: BIDIRECTIONAL]
[336][GREEDY] CONSEGNATO! STARLINK-11734 [DTC] -> OBS | Tramission-time: 1.2612041460465642e-11
---> Task 337 (Type: CPU_and_Data_Intensive) arriva in 179.64
--- [179.64] Task 337 using SearchNode Policy: v2_ilp_hybrid ---
[179.64] [Task 337] Entering ILP branch (v2)
[ε-constraint energy] sumE_B=17679.517927  bound=19447.469720  active=False
[ILP] res_type=dict value_preview={'stage': 'B', 'status': 'Optimal', 'primary': 'energy', 'tol': 0.1, 'opt_primary': 17679.517927323704, 'objective_secondary': 1.8009826851571764, 'sumE': 17679
[179.64] [Task 337] ILP chose server: STARLINK-32442
[179.64] [Task 337] Routed STARLINK-33947 -> STARLINK-32442 | E_NET=0.002923 J | Remaining=119999.96 J
[179.642] Task 337 enqueued on CPU STARLINK-32442 qlen_enqueue=1
----------------------------------------------------------------------
	||TIME IN SIMULATION : (seconds:180) (minutes: 3) ||

MODIFICA CONFIGURAZIONE IN CORSO...

Aggiornato il Tempo Globale:  2025-11-20 20:58:14
---> Task 338 (Type: CPU_and_Data_Intensive) arriva in 180.20
--- [180.20] Task 338 using SearchNode Policy: v2_ilp_hybrid ---
[180.20] [Task 338] Entering ILP branch (v2)
[ε-constraint energy] sumE_B=1765.799088  bound=1942.378997  active=False
[ILP] res_type=dict value_preview={'stage': 'B', 'status': 'Optimal', 'primary': 'energy', 'tol': 0.1, 'opt_primary': 1765.7990880699365, 'objective_secondary': 0.18223787236209793, 'sumE': 1765
[180.20] [Task 338] ILP chose server: STARLINK-31782
[180.20] [Task 338] Routed STARLINK-33947 -> STARLINK-31782 | E_NET=0.002164 J | Remaining=119999.96 J
[180.205] Task 338 enqueued on CPU STARLINK-31782 qlen_enqueue=1
[180.384] Task 338 enqueued on NET STARLINK-31782 qlen_enqueue_net=1
[Task 338] Task eseguito su STARLINK-31782 53.76206620705405 degrees | CPU=1765.7964J, NET=0.0022J, TOTAL=1765.7986J, Remaining=33259.59J
[180.386] Task 338 served on STARLINK-31782 qlen_enqueue_cpu=1 qlen_enqueue_net=1 time_in_queue=0.000
[338][GREEDY] STARLINK-31782 -> STARLINK-11734 [DTC] | Tramission-time: 0.001697787631434472
[338] Energy routing consumed by STARLINK-31782: 0.000000 J (remaining 33259.59)
[MODE: BIDIRECTIONAL]
[338][GREEDY] CONSEGNATO! STARLINK-11734 [DTC] -> OBS | Tramission-time: 2.054489469103259e-09
---> Task 339 (Type: CPU_Intensive) arriva in 180.71
--- [180.71] Task 339 using SearchNode Policy: v2_ilp_hybrid ---
[180.71] [Task 339] Entering ILP branch (v2)
[ε-constraint energy] sumE_B=4184.995285  bound=4603.494814  active=False
[ILP] res_type=dict value_preview={'stage': 'B', 'status': 'Optimal', 'primary': 'energy', 'tol': 0.1, 'opt_primary': 4184.995285085873, 'objective_secondary': 0.4255243203156208, 'sumE': 4184.9
[180.71] [Task 339] ILP chose server: STARLINK-31782
[180.71] [Task 339] Routed STARLINK-33947 -> STARLINK-31782 | E_NET=0.000006 J | Remaining=119999.96 J
[180.713] Task 339 enqueued on CPU STARLINK-31782 qlen_enqueue=1
[Task 339] Task eseguito su STARLINK-31782 53.76206620705405 degrees | CPU=4184.9953J, NET=0.0000J, TOTAL=4184.9953J, Remaining=29074.59J
[181.139] Task 339 served on STARLINK-31782 qlen_enqueue_cpu=1 qlen_enqueue_net=None time_in_queue=0.000
[339][GREEDY] STARLINK-31782 -> STARLINK-11734 [DTC] | Tramission-time: 0.0016977853226716425
[339] Energy routing consumed by STARLINK-31782: 0.000000 J (remaining 29074.59)
[MODE: BIDIRECTIONAL]
[339][GREEDY] CONSEGNATO! STARLINK-11734 [DTC] -> OBS | Tramission-time: 7.050673639664412e-12
---> Task 340 (Type: Generic_Service) arriva in 181.32
--- [181.32] Task 340 using SearchNode Policy: v2_ilp_hybrid ---
[181.32] [Task 340] Entering ILP branch (v2)
[ε-constraint energy] sumE_B=698.381571  bound=768.219728  active=False
[ILP] res_type=dict value_preview={'stage': 'B', 'status': 'Optimal', 'primary': 'energy', 'tol': 0.1, 'opt_primary': 698.3815712876674, 'objective_secondary': 0.07104232013113244, 'sumE': 698.3
[181.32] [Task 340] ILP chose server: STARLINK-31782
[181.32] [Task 340] Routed STARLINK-33947 -> STARLINK-31782 | E_NET=0.000027 J | Remaining=119999.96 J
[181.321] Task 340 enqueued on CPU STARLINK-31782 qlen_enqueue=1
---> Task 341 (Type: Generic_Service) arriva in 181.37
--- [181.37] Task 341 using SearchNode Policy: v2_ilp_hybrid ---
[181.37] [Task 341] Entering ILP branch (v2)
[ε-constraint energy] sumE_B=448.030342  bound=492.833376  active=False
[ILP] res_type=dict value_preview={'stage': 'B', 'status': 'Optimal', 'primary': 'energy', 'tol': 0.1, 'opt_primary': 448.0303420903405, 'objective_secondary': 0.04558545093600653, 'sumE': 448.0
[181.37] [Task 341] ILP chose server: STARLINK-31763
[181.37] [Task 341] Routed STARLINK-33947 -> STARLINK-31763 | E_NET=0.000022 J | Remaining=119999.96 J
[181.373] Task 341 enqueued on CPU STARLINK-31763 qlen_enqueue=1
[Task 340] Task eseguito su STARLINK-31782 53.76206620705405 degrees | CPU=698.3815J, NET=0.0000J, TOTAL=698.3816J, Remaining=28376.21J
[181.395] Task 340 served on STARLINK-31782 qlen_enqueue_cpu=1 qlen_enqueue_net=None time_in_queue=0.000
[Task 341] Task eseguito su STARLINK-31763 70.06626659717179 degrees | CPU=448.0303J, NET=0.0000J, TOTAL=448.0303J, Remaining=13422.00J
[181.420] Task 341 served on STARLINK-31763 qlen_enqueue_cpu=1 qlen_enqueue_net=None time_in_queue=0.000
---> Task 342 (Type: CPU_Intensive) arriva in 181.43
--- [181.43] Task 342 using SearchNode Policy: v2_ilp_hybrid ---
[181.43] [Task 342] Entering ILP branch (v2)
[ε-constraint energy] sumE_B=1808.132916  bound=1988.946207  active=False
[ILP] res_type=dict value_preview={'stage': 'B', 'status': 'Optimal', 'primary': 'energy', 'tol': 0.1, 'opt_primary': 1808.1329156597212, 'objective_secondary': 0.1838786119220145, 'sumE': 1808.
[181.43] [Task 342] ILP chose server: STARLINK-31782
[181.43] [Task 342] Routed STARLINK-33947 -> STARLINK-31782 | E_NET=0.000027 J | Remaining=119999.96 J
[181.434] Task 342 enqueued on CPU STARLINK-31782 qlen_enqueue=1
[181.440] Task 337 enqueued on NET STARLINK-32442 qlen_enqueue_net=1
[Task 337] Task eseguito su STARLINK-32442 32.35990778397633 degrees | CPU=17679.5145J, NET=0.0029J, TOTAL=17679.5175J, Remaining=92339.63J
[181.443] Task 337 served on STARLINK-32442 qlen_enqueue_cpu=1 qlen_enqueue_net=1 time_in_queue=0.000
[MODE: BIDIRECTIONAL]
[341][GREEDY] CONSEGNATO! STARLINK-31763 -> OBS | Tramission-time: 2.935602028174919e-11
[340][GREEDY] STARLINK-31782 -> STARLINK-11734 [DTC] | Tramission-time: 0.0016977853458415273
[340] Energy routing consumed by STARLINK-31782: 0.000000 J (remaining 28376.21)
[MODE: BIDIRECTIONAL]
[340][GREEDY] CONSEGNATO! STARLINK-11734 [DTC] -> OBS | Tramission-time: 3.003033451075045e-11
[337][GREEDY] STARLINK-32442 -> STARLINK-35307 | Tramission-time: 0.002180600904305903
[337] Energy routing consumed by STARLINK-32442: 0.000000 J (remaining 92339.63)
---> Task 343 (Type: Generic_Service) arriva in 181.52
--- [181.52] Task 343 using SearchNode Policy: v2_ilp_hybrid ---
[181.52] [Task 343] Entering ILP branch (v2)
[ε-constraint energy] sumE_B=55.027988  bound=60.530787  active=False
[ILP] res_type=dict value_preview={'stage': 'B', 'status': 'Optimal', 'primary': 'energy', 'tol': 0.1, 'opt_primary': 55.02798799531452, 'objective_secondary': 0.005630634899787079, 'sumE': 55.0
[181.52] [Task 343] ILP chose server: STARLINK-32442
[181.52] [Task 343] Routed STARLINK-33947 -> STARLINK-32442 | E_NET=0.000033 J | Remaining=119999.96 J
[181.517] Task 343 enqueued on CPU STARLINK-32442 qlen_enqueue=1
[Task 343] Task eseguito su STARLINK-32442 32.35990778397633 degrees | CPU=55.0280J, NET=0.0000J, TOTAL=55.0280J, Remaining=92284.60J
[181.525] Task 343 served on STARLINK-32442 qlen_enqueue_cpu=1 qlen_enqueue_net=None time_in_queue=0.000
[MODE: BIDIRECTIONAL]
[337][GREEDY] CONSEGNATO! STARLINK-35307 -> OBS | Tramission-time: 2.543439406860681e-09
[343][GREEDY] STARLINK-32442 -> STARLINK-35307 | Tramission-time: 0.0021805981244334975
[343] Energy routing consumed by STARLINK-32442: 0.000000 J (remaining 92284.60)
[Task 342] Task eseguito su STARLINK-31782 53.76206620705405 degrees | CPU=1808.1329J, NET=0.0000J, TOTAL=1808.1329J, Remaining=26568.08J
[181.620] Task 342 served on STARLINK-31782 qlen_enqueue_cpu=1 qlen_enqueue_net=None time_in_queue=0.000
[MODE: BIDIRECTIONAL]
[343][GREEDY] CONSEGNATO! STARLINK-35307 -> OBS | Tramission-time: 2.3640756664412557e-11
[342][GREEDY] STARLINK-31782 -> STARLINK-11734 [DTC] | Tramission-time: 0.0016977853429405274
[342] Energy routing consumed by STARLINK-31782: 0.000000 J (remaining 26568.08)
[MODE: BIDIRECTIONAL]
[342][GREEDY] CONSEGNATO! STARLINK-11734 [DTC] -> OBS | Tramission-time: 2.336670937040905e-11
----------------------------------------------------------------------
	||TIME IN SIMULATION : (seconds:182) (minutes: 3) ||

MODIFICA CONFIGURAZIONE IN CORSO...

Aggiornato il Tempo Globale:  2025-11-20 20:58:16
---> Task 344 (Type: Generic_Service) arriva in 182.34
--- [182.34] Task 344 using SearchNode Policy: v2_ilp_hybrid ---
[182.34] [Task 344] Entering ILP branch (v2)
[ε-constraint energy] sumE_B=135.417675  bound=148.959442  active=False
[ILP] res_type=dict value_preview={'stage': 'B', 'status': 'Optimal', 'primary': 'energy', 'tol': 0.1, 'opt_primary': 135.41767482497005, 'objective_secondary': 0.013775581426458527, 'sumE': 135
[182.34] [Task 344] ILP chose server: STARLINK-32442
[182.34] [Task 344] Routed STARLINK-33947 -> STARLINK-32442 | E_NET=0.000007 J | Remaining=119999.96 J
[182.342] Task 344 enqueued on CPU STARLINK-32442 qlen_enqueue=1
[Task 344] Task eseguito su STARLINK-32442 32.980357549033556 degrees | CPU=135.4177J, NET=0.0000J, TOTAL=135.4177J, Remaining=92149.18J
[182.356] Task 344 served on STARLINK-32442 qlen_enqueue_cpu=1 qlen_enqueue_net=None time_in_queue=0.000
[344][GREEDY] STARLINK-32442 -> STARLINK-35307 | Tramission-time: 0.0021816006480710718
[344] Energy routing consumed by STARLINK-32442: 0.000000 J (remaining 92149.18)
[MODE: BIDIRECTIONAL]
[344][GREEDY] CONSEGNATO! STARLINK-35307 -> OBS | Tramission-time: 5.83808147816447e-12
---> Task 345 (Type: CPU_and_Data_Intensive) arriva in 182.50
--- [182.50] Task 345 using SearchNode Policy: v2_ilp_hybrid ---
[182.50] [Task 345] Entering ILP branch (v2)
[ε-constraint energy] sumE_B=4416.105644  bound=4857.716208  active=False
[ILP] res_type=dict value_preview={'stage': 'B', 'status': 'Optimal', 'primary': 'energy', 'tol': 0.1, 'opt_primary': 4416.105643683598, 'objective_secondary': 0.4587818214720328, 'sumE': 4416.1
[182.50] [Task 345] ILP chose server: STARLINK-31782
[182.50] [Task 345] Routed STARLINK-33947 -> STARLINK-31782 | E_NET=0.008064 J | Remaining=119999.95 J
[182.512] Task 345 enqueued on CPU STARLINK-31782 qlen_enqueue=1
[182.961] Task 345 enqueued on NET STARLINK-31782 qlen_enqueue_net=1
[Task 345] Task eseguito su STARLINK-31782 54.826273665691495 degrees | CPU=4416.0959J, NET=0.0081J, TOTAL=4416.1039J, Remaining=22151.97J
[182.970] Task 345 served on STARLINK-31782 qlen_enqueue_cpu=1 qlen_enqueue_net=1 time_in_queue=0.000
[345][GREEDY] STARLINK-31782 -> STARLINK-11734 [DTC] | Tramission-time: 0.001683065879426077
[345] Energy routing consumed by STARLINK-31782: 0.000000 J (remaining 22151.97)
[MODE: BIDIRECTIONAL]
[345][GREEDY] CONSEGNATO! STARLINK-11734 [DTC] -> OBS | Tramission-time: 6.570551213469767e-09
----------------------------------------------------------------------
	||TIME IN SIMULATION : (seconds:184) (minutes: 3) ||

MODIFICA CONFIGURAZIONE IN CORSO...

Aggiornato il Tempo Globale:  2025-11-20 20:58:18
---> Task 346 (Type: Generic_Service) arriva in 184.26
--- [184.26] Task 346 using SearchNode Policy: v2_ilp_hybrid ---
[184.26] [Task 346] Entering ILP branch (v2)
[ε-constraint energy] sumE_B=2336.604975  bound=2570.265472  active=False
[ILP] res_type=dict value_preview={'stage': 'B', 'status': 'Optimal', 'primary': 'energy', 'tol': 0.1, 'opt_primary': 2336.60497451849, 'objective_secondary': 0.23761184347624986, 'sumE': 2336.6
[184.26] [Task 346] ILP chose server: STARLINK-31782
[184.26] [Task 346] Routed STARLINK-33947 -> STARLINK-31782 | E_NET=0.000028 J | Remaining=119999.95 J
[184.260] Task 346 enqueued on CPU STARLINK-31782 qlen_enqueue=1
[Task 346] Task eseguito su STARLINK-31782 55.904308543523484 degrees | CPU=2336.6049J, NET=0.0000J, TOTAL=2336.6050J, Remaining=19815.37J
[184.500] Task 346 served on STARLINK-31782 qlen_enqueue_cpu=1 qlen_enqueue_net=None time_in_queue=0.000
[346][GREEDY] STARLINK-31782 -> STARLINK-11734 [DTC] | Tramission-time: 0.0016683620093813803
[346] Energy routing consumed by STARLINK-31782: 0.000000 J (remaining 19815.37)
[MODE: BIDIRECTIONAL]
[346][GREEDY] CONSEGNATO! STARLINK-11734 [DTC] -> OBS | Tramission-time: 3.0743374479232934e-11
---> Task 347 (Type: Generic_Service) arriva in 184.67
--- [184.67] Task 347 using SearchNode Policy: v2_ilp_hybrid ---
[184.67] [Task 347] Entering ILP branch (v2)
[ε-constraint energy] sumE_B=883.563041  bound=971.919346  active=False
[ILP] res_type=dict value_preview={'stage': 'B', 'status': 'Optimal', 'primary': 'energy', 'tol': 0.1, 'opt_primary': 883.5630413813263, 'objective_secondary': 0.08984363754526267, 'sumE': 883.5
[184.67] [Task 347] ILP chose server: STARLINK-31782
[184.67] [Task 347] Routed STARLINK-33947 -> STARLINK-31782 | E_NET=0.000005 J | Remaining=119999.95 J
[184.670] Task 347 enqueued on CPU STARLINK-31782 qlen_enqueue=1
[Task 347] Task eseguito su STARLINK-31782 55.904308543523484 degrees | CPU=883.5630J, NET=0.0000J, TOTAL=883.5630J, Remaining=18931.81J
[184.760] Task 347 served on STARLINK-31782 qlen_enqueue_cpu=1 qlen_enqueue_net=None time_in_queue=0.000
[347][GREEDY] STARLINK-31782 -> STARLINK-11734 [DTC] | Tramission-time: 0.0016683619864501615
[347] Energy routing consumed by STARLINK-31782: 0.000000 J (remaining 18931.81)
[MODE: BIDIRECTIONAL]
[347][GREEDY] CONSEGNATO! STARLINK-11734 [DTC] -> OBS | Tramission-time: 3.803262132890402e-12
---> Task 348 (Type: CPU_and_Data_Intensive) arriva in 185.49
--- [185.49] Task 348 using SearchNode Policy: v2_ilp_hybrid ---
[185.49] [Task 348] Entering ILP branch (v2)
[ε-constraint energy] sumE_B=3171.239194  bound=3488.363113  active=False
[ILP] res_type=dict value_preview={'stage': 'B', 'status': 'Optimal', 'primary': 'energy', 'tol': 0.1, 'opt_primary': 3171.239193854196, 'objective_secondary': 0.3230628893332313, 'sumE': 3171.2
[185.49] [Task 348] ILP chose server: STARLINK-31782
[185.49] [Task 348] Routed STARLINK-33947 -> STARLINK-31782 | E_NET=0.000517 J | Remaining=119999.95 J
[185.488] Task 348 enqueued on CPU STARLINK-31782 qlen_enqueue=1
[185.811] Task 348 enqueued on NET STARLINK-31782 qlen_enqueue_net=1
[Task 348] Task eseguito su STARLINK-31782 55.904308543523484 degrees | CPU=3171.2386J, NET=0.0005J, TOTAL=3171.2391J, Remaining=15760.57J
[185.811] Task 348 served on STARLINK-31782 qlen_enqueue_cpu=1 qlen_enqueue_net=1 time_in_queue=0.000
---> Task 349 (Type: Generic_Service) arriva in 185.89
--- [185.89] Task 349 using SearchNode Policy: v2_ilp_hybrid ---
[185.89] [Task 349] Entering ILP branch (v2)
[ε-constraint energy] sumE_B=124.023426  bound=136.425769  active=False
[ILP] res_type=dict value_preview={'stage': 'B', 'status': 'Optimal', 'primary': 'energy', 'tol': 0.1, 'opt_primary': 124.02342610645022, 'objective_secondary': 0.012637650078852352, 'sumE': 124
[185.89] [Task 349] ILP chose server: STARLINK-32442
[185.89] [Task 349] Routed STARLINK-33947 -> STARLINK-32442 | E_NET=0.000023 J | Remaining=119999.95 J
[185.894] Task 349 enqueued on CPU STARLINK-32442 qlen_enqueue=1
[348][GREEDY] STARLINK-31782 -> STARLINK-11734 [DTC] | Tramission-time: 0.0016683624892582932
[348] Energy routing consumed by STARLINK-31782: 0.000000 J (remaining 15760.57)
[MODE: BIDIRECTIONAL]
[348][GREEDY] CONSEGNATO! STARLINK-11734 [DTC] -> OBS | Tramission-time: 4.288050204604735e-10
[Task 349] Task eseguito su STARLINK-32442 33.61571215647426 degrees | CPU=124.0234J, NET=0.0000J, TOTAL=124.0234J, Remaining=92025.16J
[185.908] Task 349 served on STARLINK-32442 qlen_enqueue_cpu=1 qlen_enqueue_net=None time_in_queue=0.000
----------------------------------------------------------------------
	||TIME IN SIMULATION : (seconds:186) (minutes: 3) ||

MODIFICA CONFIGURAZIONE IN CORSO...

Aggiornato il Tempo Globale:  2025-11-20 20:58:20
[349][GREEDY] STARLINK-32442 -> STARLINK-35307 | Tramission-time: 0.0021836095656939157
[349] Energy routing consumed by STARLINK-32442: 0.000000 J (remaining 92025.16)
[MODE: BIDIRECTIONAL]
[349][GREEDY] CONSEGNATO! STARLINK-35307 -> OBS | Tramission-time: 1.8392011561356563e-11
---> Task 350 (Type: CPU_Intensive) arriva in 186.36
--- [186.36] Task 350 using SearchNode Policy: v2_ilp_hybrid ---
[186.36] [Task 350] Entering ILP branch (v2)
[ε-constraint energy] sumE_B=5888.920665  bound=6477.812731  active=False
[ILP] res_type=dict value_preview={'stage': 'B', 'status': 'Optimal', 'primary': 'energy', 'tol': 0.1, 'opt_primary': 5888.920664649743, 'objective_secondary': 0.5987961962213944, 'sumE': 5888.9
[186.36] [Task 350] ILP chose server: STARLINK-31782
[186.36] [Task 350] Routed STARLINK-33947 -> STARLINK-31782 | E_NET=0.000025 J | Remaining=119999.95 J
[186.357] Task 350 enqueued on CPU STARLINK-31782 qlen_enqueue=1
---> Task 351 (Type: Generic_Service) arriva in 186.50
--- [186.50] Task 351 using SearchNode Policy: v2_ilp_hybrid ---
[186.50] [Task 351] Entering ILP branch (v2)
[ε-constraint energy] sumE_B=542.667775  bound=596.934552  active=False
[ILP] res_type=dict value_preview={'stage': 'B', 'status': 'Optimal', 'primary': 'energy', 'tol': 0.1, 'opt_primary': 542.6677747362601, 'objective_secondary': 0.05518385288772752, 'sumE': 542.6
[186.50] [Task 351] ILP chose server: STARLINK-31763
[186.50] [Task 351] Routed STARLINK-33947 -> STARLINK-31763 | E_NET=0.000006 J | Remaining=119999.95 J
[186.504] Task 351 enqueued on CPU STARLINK-31763 qlen_enqueue=1
[Task 351] Task eseguito su STARLINK-31763 72.39225015748102 degrees | CPU=542.6678J, NET=0.0000J, TOTAL=542.6678J, Remaining=12879.34J
[186.559] Task 351 served on STARLINK-31763 qlen_enqueue_cpu=1 qlen_enqueue_net=None time_in_queue=0.000
[MODE: BIDIRECTIONAL]
[351][GREEDY] CONSEGNATO! STARLINK-31763 -> OBS | Tramission-time: 5.39669444941345e-12
[Task 350] Task eseguito su STARLINK-31782 56.994337870659834 degrees | CPU=5888.9206J, NET=0.0000J, TOTAL=5888.9207J, Remaining=9871.65J
[186.958] Task 350 served on STARLINK-31782 qlen_enqueue_cpu=1 qlen_enqueue_net=None time_in_queue=0.000
[350][GREEDY] STARLINK-31782 -> STARLINK-11734 [DTC] | Tramission-time: 0.0016536996945798004
[350] Energy routing consumed by STARLINK-31782: 0.000000 J (remaining 9871.65)
[MODE: BIDIRECTIONAL]
[350][GREEDY] CONSEGNATO! STARLINK-11734 [DTC] -> OBS | Tramission-time: 2.0642455861045298e-11
---> Task 352 (Type: CPU_Intensive) arriva in 187.85
--- [187.85] Task 352 using SearchNode Policy: v2_ilp_hybrid ---
[187.85] [Task 352] Entering ILP branch (v2)
[ε-constraint energy] sumE_B=326.614196  bound=359.275616  active=False
[ILP] res_type=dict value_preview={'stage': 'B', 'status': 'Optimal', 'primary': 'energy', 'tol': 0.1, 'opt_primary': 326.6141962311463, 'objective_secondary': 0.033225050475268025, 'sumE': 326.
[187.85] [Task 352] ILP chose server: STARLINK-32442
[187.85] [Task 352] Routed STARLINK-33947 -> STARLINK-32442 | E_NET=0.000012 J | Remaining=119999.95 J
[187.856] Task 352 enqueued on CPU STARLINK-32442 qlen_enqueue=1
[Task 352] Task eseguito su STARLINK-32442 34.26641351305105 degrees | CPU=326.6142J, NET=0.0000J, TOTAL=326.6142J, Remaining=91698.54J
[187.890] Task 352 served on STARLINK-32442 qlen_enqueue_cpu=1 qlen_enqueue_net=None time_in_queue=0.000
[352][GREEDY] STARLINK-32442 -> STARLINK-35307 | Tramission-time: 0.002183609560479571
[352] Energy routing consumed by STARLINK-32442: 0.000000 J (remaining 91698.54)
---> Task 353 (Type: CPU_and_Data_Intensive) arriva in 187.95
--- [187.95] Task 353 using SearchNode Policy: v2_ilp_hybrid ---
[187.95] [Task 353] Entering ILP branch (v2)
[ε-constraint energy] sumE_B=328.821325  bound=361.703458  active=False
[ILP] res_type=dict value_preview={'stage': 'B', 'status': 'Optimal', 'primary': 'energy', 'tol': 0.1, 'opt_primary': 328.8213250342869, 'objective_secondary': 0.03932088778205827, 'sumE': 328.8
[187.95] [Task 353] ILP chose server: STARLINK-32442
[187.95] [Task 353] Routed STARLINK-33947 -> STARLINK-32442 | E_NET=0.004403 J | Remaining=119999.95 J
[187.959] Task 353 enqueued on CPU STARLINK-32442 qlen_enqueue=1
[187.992] Task 353 enqueued on NET STARLINK-32442 qlen_enqueue_net=1
[Task 353] Task eseguito su STARLINK-32442 34.26641351305105 degrees | CPU=328.8154J, NET=0.0044J, TOTAL=328.8198J, Remaining=91369.72J
[187.997] Task 353 served on STARLINK-32442 qlen_enqueue_cpu=1 qlen_enqueue_net=1 time_in_queue=0.000
----------------------------------------------------------------------
	||TIME IN SIMULATION : (seconds:188) (minutes: 3) ||

MODIFICA CONFIGURAZIONE IN CORSO...

Aggiornato il Tempo Globale:  2025-11-20 20:58:22
[MODE: BIDIRECTIONAL]
[352][GREEDY] CONSEGNATO! STARLINK-35307 -> OBS | Tramission-time: 1.362678798680235e-11
[353][GREEDY] STARLINK-32442 -> STARLINK-35307 | Tramission-time: 0.0021846201232120985
[353] Energy routing consumed by STARLINK-32442: 0.000000 J (remaining 91369.72)
[MODE: BIDIRECTIONAL]
[353][GREEDY] CONSEGNATO! STARLINK-35307 -> OBS | Tramission-time: 5.1814312875489825e-09
---> Task 354 (Type: CPU_Intensive) arriva in 188.73
--- [188.73] Task 354 using SearchNode Policy: v2_ilp_hybrid ---
[188.73] [Task 354] Entering ILP branch (v2)
[ε-constraint energy] sumE_B=8328.620320  bound=9161.482352  active=False
[ILP] res_type=dict value_preview={'stage': 'B', 'status': 'Optimal', 'primary': 'energy', 'tol': 0.1, 'opt_primary': 8328.620320243837, 'objective_secondary': 0.8468474714510074, 'sumE': 8328.6
[188.73] [Task 354] ILP chose server: STARLINK-31782
[188.73] [Task 354] Routed STARLINK-35398 -> STARLINK-31782 | E_NET=0.000014 J | Remaining=120000.00 J
[188.734] Task 354 enqueued on CPU STARLINK-31782 qlen_enqueue=1
---> Task 355 (Type: Generic_Service) arriva in 188.92
--- [188.92] Task 355 using SearchNode Policy: v2_ilp_hybrid ---
[188.92] [Task 355] Entering ILP branch (v2)
[ε-constraint energy] sumE_B=90.850553  bound=99.935608  active=False
[ILP] res_type=dict value_preview={'stage': 'B', 'status': 'Optimal', 'primary': 'energy', 'tol': 0.1, 'opt_primary': 90.85055317995028, 'objective_secondary': 0.009271540236107084, 'sumE': 90.8
[188.92] [Task 355] ILP chose server: STARLINK-31763
[188.92] [Task 355] Routed STARLINK-35398 -> STARLINK-31763 | E_NET=0.000034 J | Remaining=120000.00 J
[188.924] Task 355 enqueued on CPU STARLINK-31763 qlen_enqueue=1
[Task 355] Task eseguito su STARLINK-31763 72.95005324965817 degrees | CPU=90.8505J, NET=0.0000J, TOTAL=90.8506J, Remaining=12788.49J
[188.935] Task 355 served on STARLINK-31763 qlen_enqueue_cpu=1 qlen_enqueue_net=None time_in_queue=0.000
[MODE: BIDIRECTIONAL]
[355][GREEDY] CONSEGNATO! STARLINK-31763 -> OBS | Tramission-time: 3.005322214188162e-11
---> Task 356 (Type: CPU_Intensive) arriva in 189.35
--- [189.35] Task 356 using SearchNode Policy: v2_ilp_hybrid ---
[189.35] [Task 356] Entering ILP branch (v2)
[ε-constraint energy] sumE_B=2421.970529  bound=2664.167581  active=False
[ILP] res_type=dict value_preview={'stage': 'B', 'status': 'Optimal', 'primary': 'energy', 'tol': 0.1, 'opt_primary': 2421.9705285851865, 'objective_secondary': 0.24627792612924304, 'sumE': 2421
[189.35] [Task 356] ILP chose server: STARLINK-31763
[189.35] [Task 356] Routed STARLINK-35398 -> STARLINK-31763 | E_NET=0.000020 J | Remaining=120000.00 J
[189.352] Task 356 enqueued on CPU STARLINK-31763 qlen_enqueue=1
---> Task 357 (Type: CPU_Intensive) arriva in 189.46
--- [189.46] Task 357 using SearchNode Policy: v2_ilp_hybrid ---
[189.46] [Task 357] Entering ILP branch (v2)
[ε-constraint energy] sumE_B=878.691858  bound=966.561043  active=False
[ILP] res_type=dict value_preview={'stage': 'B', 'status': 'Optimal', 'primary': 'energy', 'tol': 0.1, 'opt_primary': 878.6918575706047, 'objective_secondary': 0.08935439722930226, 'sumE': 878.6
[189.46] [Task 357] ILP chose server: STARLINK-31702
[189.46] [Task 357] Routed STARLINK-35398 -> STARLINK-31702 | E_NET=0.000008 J | Remaining=120000.00 J
[189.459] Task 357 enqueued on CPU STARLINK-31702 qlen_enqueue=1
[Task 357] Task eseguito su STARLINK-31702 47.118487196202096 degrees | CPU=878.6918J, NET=0.0000J, TOTAL=878.6919J, Remaining=66043.88J
[189.549] Task 357 served on STARLINK-31702 qlen_enqueue_cpu=1 qlen_enqueue_net=None time_in_queue=0.000
[Task 354] Task eseguito su STARLINK-31782 58.09414315564474 degrees | CPU=8328.6203J, NET=0.0000J, TOTAL=8328.6203J, Remaining=1543.03J
[189.582] Task 354 served on STARLINK-31782 qlen_enqueue_cpu=1 qlen_enqueue_net=None time_in_queue=0.000
[Task 356] Task eseguito su STARLINK-31763 72.95005324965817 degrees | CPU=2421.9705J, NET=0.0000J, TOTAL=2421.9705J, Remaining=10366.51J
[189.600] Task 356 served on STARLINK-31763 qlen_enqueue_cpu=1 qlen_enqueue_net=None time_in_queue=0.000
[357][GREEDY] STARLINK-31702 -> STARLINK-11734 [DTC] | Tramission-time: 0.0007251869087775397
[357] Energy routing consumed by STARLINK-31702: 0.000000 J (remaining 66043.88)
[MODE: BIDIRECTIONAL]
[356][GREEDY] CONSEGNATO! STARLINK-31763 -> OBS | Tramission-time: 1.4507324457705724e-11
[354][GREEDY] STARLINK-31782 -> STARLINK-11734 [DTC] | Tramission-time: 0.00163907188016068
[354] Energy routing consumed by STARLINK-31782: 0.000000 J (remaining 1543.03)
[MODE: BIDIRECTIONAL]
[357][GREEDY] CONSEGNATO! STARLINK-11734 [DTC] -> OBS | Tramission-time: 1.0182189729741057e-11
[MODE: BIDIRECTIONAL]
[354][GREEDY] CONSEGNATO! STARLINK-11734 [DTC] -> OBS | Tramission-time: 1.5985174342070177e-11
----------------------------------------------------------------------
	||TIME IN SIMULATION : (seconds:190) (minutes: 3) ||

MODIFICA CONFIGURAZIONE IN CORSO...

Aggiornato il Tempo Globale:  2025-11-20 20:58:24
---> Task 358 (Type: CPU_and_Data_Intensive) arriva in 190.72
--- [190.72] Task 358 using SearchNode Policy: v2_ilp_hybrid ---
[190.72] [Task 358] Entering ILP branch (v2)
[ε-constraint energy] sumE_B=10318.121025  bound=11349.933128  active=False
[ILP] res_type=dict value_preview={'stage': 'B', 'status': 'Optimal', 'primary': 'energy', 'tol': 0.1, 'opt_primary': 10318.121025222932, 'objective_secondary': 1.1471390334326643, 'sumE': 10318
[190.72] [Task 358] ILP chose server: STARLINK-31585
[190.72] [Task 358] Routed STARLINK-31008 -> STARLINK-31585 | E_NET=0.089541 J | Remaining=119999.91 J
[190.815] Task 358 enqueued on CPU STARLINK-31585 qlen_enqueue=1
[191.864] Task 358 enqueued on NET STARLINK-31585 qlen_enqueue_net=1
---> Task 359 (Type: Generic_Service) arriva in 191.93
--- [191.93] Task 359 using SearchNode Policy: v2_ilp_hybrid ---
[191.93] [Task 359] Entering ILP branch (v2)
[ε-constraint energy] sumE_B=1443.404031  bound=1587.744434  active=False
[ILP] res_type=dict value_preview={'stage': 'B', 'status': 'Optimal', 'primary': 'energy', 'tol': 0.1, 'opt_primary': 1443.4040311012052, 'objective_secondary': 0.146782304818904, 'sumE': 1443.4
[191.93] [Task 359] ILP chose server: STARLINK-31782
[191.93] [Task 359] Routed STARLINK-35398 -> STARLINK-31782 | E_NET=0.000016 J | Remaining=120000.00 J
[191.930] Task 359 enqueued on CPU STARLINK-31782 qlen_enqueue=1
[Task 358] Task eseguito su STARLINK-31585 63.455709302359395 degrees | CPU=10318.0230J, NET=0.0895J, TOTAL=10318.1125J, Remaining=93972.04J
[191.954] Task 358 served on STARLINK-31585 qlen_enqueue_cpu=1 qlen_enqueue_net=1 time_in_queue=0.000
----------------------------------------------------------------------
	||TIME IN SIMULATION : (seconds:192) (minutes: 3) ||

MODIFICA CONFIGURAZIONE IN CORSO...

Aggiornato il Tempo Globale:  2025-11-20 20:58:26
[358][GREEDY] STARLINK-31585 -> STARLINK-11734 [DTC] | Tramission-time: 0.0014157791511414549
[358] Energy routing consumed by STARLINK-31585: 0.000000 J (remaining 93972.04)
[MODE: BIDIRECTIONAL]
[358][GREEDY] CONSEGNATO! STARLINK-11734 [DTC] -> OBS | Tramission-time: 7.333535024625257e-08
[Task 359] Task eseguito su STARLINK-31782 60.311910487057816 degrees | CPU=1443.4040J, NET=0.0000J, TOTAL=1443.4040J, Remaining=99.62J
[192.078] Task 359 served on STARLINK-31782 qlen_enqueue_cpu=1 qlen_enqueue_net=None time_in_queue=0.000
[359][GREEDY] STARLINK-31782 -> STARLINK-11734 [DTC] | Tramission-time: 0.0016099247839306986
[359] Energy routing consumed by STARLINK-31782: 0.000000 J (remaining 99.62)
[MODE: BIDIRECTIONAL]
[359][GREEDY] CONSEGNATO! STARLINK-11734 [DTC] -> OBS | Tramission-time: 1.6187037426788196e-11
---> Task 360 (Type: Generic_Service) arriva in 192.58
--- [192.58] Task 360 using SearchNode Policy: v2_ilp_hybrid ---
[192.58] [Task 360] Entering ILP branch (v2)
[ε-constraint energy] sumE_B=162.984278  bound=179.282706  active=False
[ILP] res_type=dict value_preview={'stage': 'B', 'status': 'Optimal', 'primary': 'energy', 'tol': 0.1, 'opt_primary': 162.98427807814593, 'objective_secondary': 0.01661228174248097, 'sumE': 162.
[192.58] [Task 360] ILP chose server: STARLINK-32442
[192.58] [Task 360] Routed STARLINK-35398 -> STARLINK-32442 | E_NET=0.000038 J | Remaining=120000.00 J
[192.578] Task 360 enqueued on CPU STARLINK-32442 qlen_enqueue=1
[Task 360] Task eseguito su STARLINK-32442 36.315077019546344 degrees | CPU=162.9842J, NET=0.0000J, TOTAL=162.9843J, Remaining=91206.74J
[192.597] Task 360 served on STARLINK-32442 qlen_enqueue_cpu=1 qlen_enqueue_net=None time_in_queue=0.000
[360][GREEDY] STARLINK-32442 -> STARLINK-35398 | Tramission-time: 0.0014906060723243694
[360] Energy routing consumed by STARLINK-32442: 0.000000 J (remaining 91206.74)
[MODE: BIDIRECTIONAL]
[360][GREEDY] CONSEGNATO! STARLINK-35398 -> OBS | Tramission-time: 2.7847677169399248e-11
---> Task 361 (Type: Generic_Service) arriva in 193.42
--- [193.42] Task 361 using SearchNode Policy: v2_ilp_hybrid ---
[193.42] [Task 361] Entering ILP branch (v2)
[ε-constraint energy] sumE_B=1559.895240  bound=1715.884764  active=False
[ILP] res_type=dict value_preview={'stage': 'B', 'status': 'Optimal', 'primary': 'energy', 'tol': 0.1, 'opt_primary': 1559.8952396144218, 'objective_secondary': 0.15861121216450003, 'sumE': 1559
[193.42] [Task 361] ILP chose server: STARLINK-32442
[193.42] [Task 361] Routed STARLINK-35398 -> STARLINK-32442 | E_NET=0.000006 J | Remaining=120000.00 J
[193.418] Task 361 enqueued on CPU STARLINK-32442 qlen_enqueue=1
[Task 361] Task eseguito su STARLINK-32442 36.315077019546344 degrees | CPU=1559.8952J, NET=0.0000J, TOTAL=1559.8952J, Remaining=89646.85J
[193.577] Task 361 served on STARLINK-32442 qlen_enqueue_cpu=1 qlen_enqueue_net=None time_in_queue=0.000
[361][GREEDY] STARLINK-32442 -> STARLINK-35398 | Tramission-time: 0.0014906060467813672
[361] Energy routing consumed by STARLINK-32442: 0.000000 J (remaining 89646.85)
---> Task 362 (Type: CPU_Intensive) arriva in 193.63
--- [193.63] Task 362 using SearchNode Policy: v2_ilp_hybrid ---
[193.63] [Task 362] Entering ILP branch (v2)
[ε-constraint energy] sumE_B=830.615444  bound=913.676988  active=False
[ILP] res_type=dict value_preview={'stage': 'B', 'status': 'Optimal', 'primary': 'energy', 'tol': 0.1, 'opt_primary': 830.6154439816136, 'objective_secondary': 0.0844604134907758, 'sumE': 830.61
[193.63] [Task 362] ILP chose server: STARLINK-32442
[193.63] [Task 362] Routed STARLINK-35398 -> STARLINK-32442 | E_NET=0.000006 J | Remaining=120000.00 J
[193.630] Task 362 enqueued on CPU STARLINK-32442 qlen_enqueue=1
[Task 362] Task eseguito su STARLINK-32442 36.315077019546344 degrees | CPU=830.6154J, NET=0.0000J, TOTAL=830.6154J, Remaining=88816.23J
[193.715] Task 362 served on STARLINK-32442 qlen_enqueue_cpu=1 qlen_enqueue_net=None time_in_queue=0.000
[MODE: BIDIRECTIONAL]
[361][GREEDY] CONSEGNATO! STARLINK-35398 -> OBS | Tramission-time: 5.01238653445676e-12
[362][GREEDY] STARLINK-32442 -> STARLINK-35398 | Tramission-time: 0.0014906060475579758
[362] Energy routing consumed by STARLINK-32442: 0.000000 J (remaining 88816.23)
[MODE: BIDIRECTIONAL]
[362][GREEDY] CONSEGNATO! STARLINK-35398 -> OBS | Tramission-time: 4.299989827510098e-12
----------------------------------------------------------------------
	||TIME IN SIMULATION : (seconds:194) (minutes: 3) ||

MODIFICA CONFIGURAZIONE IN CORSO...

Aggiornato il Tempo Globale:  2025-11-20 20:58:28
---> Task 363 (Type: Generic_Service) arriva in 194.15
--- [194.15] Task 363 using SearchNode Policy: v2_ilp_hybrid ---
[194.15] [Task 363] Entering ILP branch (v2)
[ε-constraint energy] sumE_B=71.871320  bound=79.058452  active=False
[ILP] res_type=dict value_preview={'stage': 'B', 'status': 'Optimal', 'primary': 'energy', 'tol': 0.1, 'opt_primary': 71.87132010220232, 'objective_secondary': 0.007316804611769767, 'sumE': 71.8
[194.15] [Task 363] ILP chose server: STARLINK-31782
[194.15] [Task 363] Routed STARLINK-35398 -> STARLINK-31782 | E_NET=0.000007 J | Remaining=120000.00 J
[194.154] Task 363 enqueued on CPU STARLINK-31782 qlen_enqueue=1
[Task 363] Task eseguito su STARLINK-31782 61.422920123723046 degrees | CPU=71.8713J, NET=0.0000J, TOTAL=71.8713J, Remaining=27.75J
[194.162] Task 363 served on STARLINK-31782 qlen_enqueue_cpu=1 qlen_enqueue_net=None time_in_queue=0.000
[363][GREEDY] STARLINK-31782 -> STARLINK-11734 [DTC] | Tramission-time: 0.0015954080898105299
[363] Energy routing consumed by STARLINK-31782: 0.000000 J (remaining 27.75)
[MODE: BIDIRECTIONAL]
[363][GREEDY] CONSEGNATO! STARLINK-11734 [DTC] -> OBS | Tramission-time: 7.932016807288492e-12
---> Task 364 (Type: Generic_Service) arriva in 195.23
--- [195.23] Task 364 using SearchNode Policy: v2_ilp_hybrid ---
[195.23] [Task 364] Entering ILP branch (v2)
[ε-constraint energy] sumE_B=159.923116  bound=175.915428  active=False
[ILP] res_type=dict value_preview={'stage': 'B', 'status': 'Optimal', 'primary': 'energy', 'tol': 0.1, 'opt_primary': 159.92311598542776, 'objective_secondary': 0.01628655234701261, 'sumE': 159.
[195.23] [Task 364] ILP chose server: STARLINK-32442
[195.23] [Task 364] Routed STARLINK-35398 -> STARLINK-32442 | E_NET=0.000023 J | Remaining=120000.00 J
[195.232] Task 364 enqueued on CPU STARLINK-32442 qlen_enqueue=1
[Task 364] Task eseguito su STARLINK-32442 37.03165109959107 degrees | CPU=159.9231J, NET=0.0000J, TOTAL=159.9231J, Remaining=88656.31J
[195.250] Task 364 served on STARLINK-32442 qlen_enqueue_cpu=1 qlen_enqueue_net=None time_in_queue=0.000
[364][GREEDY] STARLINK-32442 -> STARLINK-35398 | Tramission-time: 0.001491918140419661
[364] Energy routing consumed by STARLINK-32442: 0.000000 J (remaining 88656.31)
---> Task 365 (Type: CPU_and_Data_Intensive) arriva in 195.36
--- [195.36] Task 365 using SearchNode Policy: v2_ilp_hybrid ---
[195.36] [Task 365] Entering ILP branch (v2)
[ε-constraint energy] sumE_B=4344.885685  bound=4779.374253  active=False
[ILP] res_type=dict value_preview={'stage': 'B', 'status': 'Optimal', 'primary': 'energy', 'tol': 0.1, 'opt_primary': 4344.885684984523, 'objective_secondary': 0.5236566939456377, 'sumE': 4344.8
[195.36] [Task 365] ILP chose server: STARLINK-31763
[195.36] [Task 365] Routed STARLINK-35398 -> STARLINK-31763 | E_NET=0.056440 J | Remaining=119999.94 J
[195.420] Task 365 enqueued on CPU STARLINK-31763 qlen_enqueue=1
[MODE: BIDIRECTIONAL]
[364][GREEDY] CONSEGNATO! STARLINK-35398 -> OBS | Tramission-time: 1.7508232218793285e-11
[195.862] Task 365 enqueued on NET STARLINK-31763 qlen_enqueue_net=1
---> Task 366 (Type: CPU_Intensive) arriva in 195.88
--- [195.88] Task 366 using SearchNode Policy: v2_ilp_hybrid ---
[195.88] [Task 366] Entering ILP branch (v2)
[ε-constraint energy] sumE_B=9994.746921  bound=10994.221613  active=False
[ILP] res_type=dict value_preview={'stage': 'B', 'status': 'Optimal', 'primary': 'energy', 'tol': 0.1, 'opt_primary': 9994.746920592032, 'objective_secondary': 1.0162666532941715, 'sumE': 9994.7
[195.88] [Task 366] ILP chose server: STARLINK-32442
[195.88] [Task 366] Routed STARLINK-33947 -> STARLINK-32442 | E_NET=0.000028 J | Remaining=119999.95 J
[195.877] Task 366 enqueued on CPU STARLINK-32442 qlen_enqueue=1
[Task 365] Task eseguito su STARLINK-31763 73.7655420385315 degrees | CPU=4344.8038J, NET=0.0564J, TOTAL=4344.8602J, Remaining=6021.65J
[195.919] Task 365 served on STARLINK-31763 qlen_enqueue_cpu=1 qlen_enqueue_net=1 time_in_queue=0.000
[MODE: BIDIRECTIONAL]
[365][GREEDY] CONSEGNATO! STARLINK-31763 -> OBS | Tramission-time: 7.788000902441019e-08
----------------------------------------------------------------------
	||TIME IN SIMULATION : (seconds:196) (minutes: 3) ||

MODIFICA CONFIGURAZIONE IN CORSO...

Aggiornato il Tempo Globale:  2025-11-20 20:58:30
---> Task 367 (Type: CPU_and_Data_Intensive) arriva in 196.01
--- [196.01] Task 367 using SearchNode Policy: v2_ilp_hybrid ---
[196.01] [Task 367] Entering ILP branch (v2)
[ε-constraint energy] sumE_B=541.195075  bound=595.314582  active=False
[ILP] res_type=dict value_preview={'stage': 'B', 'status': 'Optimal', 'primary': 'energy', 'tol': 0.1, 'opt_primary': 541.1950749370857, 'objective_secondary': 0.055081027258314784, 'sumE': 541.
[196.01] [Task 367] ILP chose server: STARLINK-31702
[196.01] [Task 367] Routed STARLINK-31399 -> STARLINK-31702 | E_NET=0.000043 J | Remaining=120000.00 J
[196.011] Task 367 enqueued on CPU STARLINK-31702 qlen_enqueue=1
[196.067] Task 367 enqueued on NET STARLINK-31702 qlen_enqueue_net=1
[Task 367] Task eseguito su STARLINK-31702 45.77577114151845 degrees | CPU=541.1950J, NET=0.0000J, TOTAL=541.1951J, Remaining=65502.68J
[196.067] Task 367 served on STARLINK-31702 qlen_enqueue_cpu=1 qlen_enqueue_net=1 time_in_queue=0.000
[367][GREEDY] STARLINK-31702 -> STARLINK-11734 [DTC] | Tramission-time: 0.0008425832577950914
[367] Energy routing consumed by STARLINK-31702: 0.000000 J (remaining 65502.68)
[MODE: BIDIRECTIONAL]
[367][GREEDY] CONSEGNATO! STARLINK-11734 [DTC] -> OBS | Tramission-time: 5.0289277478411557e-11
---> Task 368 (Type: Generic_Service) arriva in 196.20
--- [196.20] Task 368 using SearchNode Policy: v2_ilp_hybrid ---
[196.20] [Task 368] Entering ILP branch (v2)
[ε-constraint energy] sumE_B=195.517668  bound=215.069435  active=False
[ILP] res_type=dict value_preview={'stage': 'B', 'status': 'Optimal', 'primary': 'energy', 'tol': 0.1, 'opt_primary': 195.51766840777182, 'objective_secondary': 0.019908683729744456, 'sumE': 195
[196.20] [Task 368] ILP chose server: STARLINK-31702
[196.20] [Task 368] Routed STARLINK-31399 -> STARLINK-31702 | E_NET=0.000023 J | Remaining=120000.00 J
[196.199] Task 368 enqueued on CPU STARLINK-31702 qlen_enqueue=1
[Task 368] Task eseguito su STARLINK-31702 45.77577114151845 degrees | CPU=195.5176J, NET=0.0000J, TOTAL=195.5177J, Remaining=65307.17J
[196.220] Task 368 served on STARLINK-31702 qlen_enqueue_cpu=1 qlen_enqueue_net=None time_in_queue=0.000
[368][GREEDY] STARLINK-31702 -> STARLINK-11734 [DTC] | Tramission-time: 0.0008425832417280789
[368] Energy routing consumed by STARLINK-31702: 0.000000 J (remaining 65307.17)
[MODE: BIDIRECTIONAL]
[368][GREEDY] CONSEGNATO! STARLINK-11734 [DTC] -> OBS | Tramission-time: 1.9638468508143335e-11
[Task 366] Task eseguito su STARLINK-32442 37.765813272998955 degrees | CPU=9994.7469J, NET=0.0000J, TOTAL=9994.7469J, Remaining=78661.56J
[196.896] Task 366 served on STARLINK-32442 qlen_enqueue_cpu=1 qlen_enqueue_net=None time_in_queue=0.000
[366][GREEDY] STARLINK-32442 -> STARLINK-35398 | Tramission-time: 0.0014932316402855236
[366] Energy routing consumed by STARLINK-32442: 0.000000 J (remaining 78661.56)
[MODE: BIDIRECTIONAL]
[366][GREEDY] CONSEGNATO! STARLINK-35398 -> OBS | Tramission-time: 2.970958549783109e-11
---> Task 369 (Type: CPU_and_Data_Intensive) arriva in 197.44
--- [197.44] Task 369 using SearchNode Policy: v2_ilp_hybrid ---
[197.44] [Task 369] Entering ILP branch (v2)
[ε-constraint energy] sumE_B=1332.785045  bound=1466.063550  active=False
[ILP] res_type=dict value_preview={'stage': 'B', 'status': 'Optimal', 'primary': 'energy', 'tol': 0.1, 'opt_primary': 1332.7850451272711, 'objective_secondary': 0.1367639304894514, 'sumE': 1332.
[197.44] [Task 369] ILP chose server: STARLINK-31702
[197.44] [Task 369] Routed STARLINK-31399 -> STARLINK-31702 | E_NET=0.001005 J | Remaining=120000.00 J
[197.440] Task 369 enqueued on CPU STARLINK-31702 qlen_enqueue=1
[197.576] Task 369 enqueued on NET STARLINK-31702 qlen_enqueue_net=1
[Task 369] Task eseguito su STARLINK-31702 45.77577114151845 degrees | CPU=1332.7838J, NET=0.0010J, TOTAL=1332.7848J, Remaining=63974.38J
[197.577] Task 369 served on STARLINK-31702 qlen_enqueue_cpu=1 qlen_enqueue_net=1 time_in_queue=0.000
[369][GREEDY] STARLINK-31702 -> STARLINK-11734 [DTC] | Tramission-time: 0.0008425843788442122
[369] Energy routing consumed by STARLINK-31702: 0.000000 J (remaining 63974.38)
[MODE: BIDIRECTIONAL]
[369][GREEDY] CONSEGNATO! STARLINK-11734 [DTC] -> OBS | Tramission-time: 1.1248033919990934e-09
----------------------------------------------------------------------
	||TIME IN SIMULATION : (seconds:198) (minutes: 3) ||

MODIFICA CONFIGURAZIONE IN CORSO...

Aggiornato il Tempo Globale:  2025-11-20 20:58:32
---> Task 370 (Type: CPU_and_Data_Intensive) arriva in 198.98
--- [198.98] Task 370 using SearchNode Policy: v2_ilp_hybrid ---
[198.98] [Task 370] Entering ILP branch (v2)
[ε-constraint energy] sumE_B=1983.728129  bound=2182.100941  active=False
[ILP] res_type=dict value_preview={'stage': 'B', 'status': 'Optimal', 'primary': 'energy', 'tol': 0.1, 'opt_primary': 1983.728128534066, 'objective_secondary': 0.30827734270203827, 'sumE': 1983.
[198.98] [Task 370] ILP chose server: STARLINK-31763
[198.98] [Task 370] Routed STARLINK-11724 [DTC] -> STARLINK-31763 | E_NET=0.077145 J | Remaining=119999.92 J
[199.058] Task 370 enqueued on CPU STARLINK-31763 qlen_enqueue=1
[199.259] Task 370 enqueued on NET STARLINK-31763 qlen_enqueue_net=1
[Task 370] Task eseguito su STARLINK-31763 73.51902345970588 degrees | CPU=1983.6215J, NET=0.0771J, TOTAL=1983.6987J, Remaining=4037.96J
[199.336] Task 370 served on STARLINK-31763 qlen_enqueue_cpu=1 qlen_enqueue_net=1 time_in_queue=0.000
[370][GREEDY] STARLINK-31763 -> STARLINK-11734 [DTC] | Tramission-time: 0.001320326060215962
[370] Energy routing consumed by STARLINK-31763: 0.000000 J (remaining 4037.96)
[MODE: BIDIRECTIONAL]
[370][GREEDY] CONSEGNATO! STARLINK-11734 [DTC] -> OBS | Tramission-time: 7.698141010017555e-08
---> Task 371 (Type: CPU_and_Data_Intensive) arriva in 199.57
--- [199.57] Task 371 using SearchNode Policy: v2_ilp_hybrid ---
[199.57] [Task 371] Entering ILP branch (v2)
[ε-constraint energy] sumE_B=4287.662817  bound=4716.429099  active=False
[ILP] res_type=dict value_preview={'stage': 'B', 'status': 'Optimal', 'primary': 'energy', 'tol': 0.1, 'opt_primary': 4287.6628172269975, 'objective_secondary': 0.43644274144137235, 'sumE': 4287
[199.57] [Task 371] ILP chose server: STARLINK-32442
[199.57] [Task 371] Routed STARLINK-33947 -> STARLINK-32442 | E_NET=0.000365 J | Remaining=119999.95 J
[199.568] Task 371 enqueued on CPU STARLINK-32442 qlen_enqueue=1
---> Task 372 (Type: CPU_and_Data_Intensive) arriva in 199.80
--- [199.80] Task 372 using SearchNode Policy: v2_ilp_hybrid ---
[199.80] [Task 372] Entering ILP branch (v2)
[ε-constraint energy] sumE_B=2179.364147  bound=2397.300562  active=False
[ILP] res_type=dict value_preview={'stage': 'B', 'status': 'Optimal', 'primary': 'energy', 'tol': 0.1, 'opt_primary': 2179.364147383402, 'objective_secondary': 0.22550441063930965, 'sumE': 2179.
[199.80] [Task 372] ILP chose server: STARLINK-31763
[199.80] [Task 372] Routed STARLINK-33947 -> STARLINK-31763 | E_NET=0.002851 J | Remaining=119999.94 J
[199.808] Task 372 enqueued on CPU STARLINK-31763 qlen_enqueue=1
---> Task 373 (Type: Generic_Service) arriva in 199.83
--- [199.83] Task 373 using SearchNode Policy: v2_ilp_hybrid ---
[199.83] [Task 373] Entering ILP branch (v2)
[ε-constraint energy] sumE_B=84.698545  bound=93.168400  active=False
[ILP] res_type=dict value_preview={'stage': 'B', 'status': 'Optimal', 'primary': 'energy', 'tol': 0.1, 'opt_primary': 84.69854540412612, 'objective_secondary': 0.008622308695033996, 'sumE': 84.6
[199.83] [Task 373] ILP chose server: STARLINK-31702
[199.83] [Task 373] Routed STARLINK-33947 -> STARLINK-31702 | E_NET=0.000010 J | Remaining=119999.94 J
[199.833] Task 373 enqueued on CPU STARLINK-31702 qlen_enqueue=1
[Task 373] Task eseguito su STARLINK-31702 45.38128054340612 degrees | CPU=84.6985J, NET=0.0000J, TOTAL=84.6985J, Remaining=63889.68J
[199.842] Task 373 served on STARLINK-31702 qlen_enqueue_cpu=1 qlen_enqueue_net=None time_in_queue=0.000
[373][GREEDY] STARLINK-31702 -> STARLINK-11734 [DTC] | Tramission-time: 0.0008730267393345714
[373] Energy routing consumed by STARLINK-31702: 0.000000 J (remaining 63889.68)
[MODE: BIDIRECTIONAL]
[373][GREEDY] CONSEGNATO! STARLINK-11734 [DTC] -> OBS | Tramission-time: 8.12823202761204e-12
----------------------------------------------------------------------
	||TIME IN SIMULATION : (seconds:200) (minutes: 3) ||

MODIFICA CONFIGURAZIONE IN CORSO...

Aggiornato il Tempo Globale:  2025-11-20 20:58:34
[200.004] Task 371 enqueued on NET STARLINK-32442 qlen_enqueue_net=1
[Task 371] Task eseguito su STARLINK-32442 39.28864199777291 degrees | CPU=4287.6623J, NET=0.0004J, TOTAL=4287.6627J, Remaining=74373.90J
[200.005] Task 371 served on STARLINK-32442 qlen_enqueue_cpu=1 qlen_enqueue_net=1 time_in_queue=0.000
[200.029] Task 372 enqueued on NET STARLINK-31763 qlen_enqueue_net=1
[371][GREEDY] STARLINK-32442 -> STARLINK-35398 | Tramission-time: 0.001495863101567483
[371] Energy routing consumed by STARLINK-32442: 0.000000 J (remaining 74373.90)
[Task 372] Task eseguito su STARLINK-31763 73.16317744167517 degrees | CPU=2179.3602J, NET=0.0029J, TOTAL=2179.3631J, Remaining=1858.59J
[200.032] Task 372 served on STARLINK-31763 qlen_enqueue_cpu=1 qlen_enqueue_net=1 time_in_queue=0.000
---> Task 374 (Type: CPU_Intensive) arriva in 200.12
--- [200.12] Task 374 using SearchNode Policy: v2_ilp_hybrid ---
[200.12] [Task 374] Entering ILP branch (v2)
[ε-constraint energy] sumE_B=503.421551  bound=553.763706  active=False
[ILP] res_type=dict value_preview={'stage': 'B', 'status': 'Optimal', 'primary': 'energy', 'tol': 0.1, 'opt_primary': 503.42155062608623, 'objective_secondary': 0.05121553160678259, 'sumE': 503.
[200.12] [Task 374] ILP chose server: STARLINK-31702
[200.12] [Task 374] Routed STARLINK-31399 -> STARLINK-31702 | E_NET=0.000020 J | Remaining=120000.00 J
[200.121] Task 374 enqueued on CPU STARLINK-31702 qlen_enqueue=1
[372][GREEDY] STARLINK-31763 -> STARLINK-11734 [DTC] | Tramission-time: 0.0013023406455434801
[372] Energy routing consumed by STARLINK-31763: 0.000000 J (remaining 1858.59)
[MODE: BIDIRECTIONAL]
[371][GREEDY] CONSEGNATO! STARLINK-35398 -> OBS | Tramission-time: 4.1624509307288005e-10
[MODE: BIDIRECTIONAL]
[372][GREEDY] CONSEGNATO! STARLINK-11734 [DTC] -> OBS | Tramission-time: 3.6069205326963746e-09
[Task 374] Task eseguito su STARLINK-31702 44.966763157647485 degrees | CPU=503.4215J, NET=0.0000J, TOTAL=503.4215J, Remaining=63386.26J
[200.174] Task 374 served on STARLINK-31702 qlen_enqueue_cpu=1 qlen_enqueue_net=None time_in_queue=0.000
[374][GREEDY] STARLINK-31702 -> STARLINK-11734 [DTC] | Tramission-time: 0.0009038193952912852
[374] Energy routing consumed by STARLINK-31702: 0.000000 J (remaining 63386.26)
[MODE: BIDIRECTIONAL]
[374][GREEDY] CONSEGNATO! STARLINK-11734 [DTC] -> OBS | Tramission-time: 2.091805711328093e-11
---> Task 375 (Type: CPU_Intensive) arriva in 200.24
--- [200.24] Task 375 using SearchNode Policy: v2_ilp_hybrid ---
[200.24] [Task 375] Entering ILP branch (v2)
[ε-constraint energy] sumE_B=17763.085507  bound=19539.394058  active=False
[ILP] res_type=dict value_preview={'stage': 'B', 'status': 'Optimal', 'primary': 'energy', 'tol': 0.1, 'opt_primary': 17763.085507299806, 'objective_secondary': 1.8061184128878698, 'sumE': 17763
[200.24] [Task 375] ILP chose server: STARLINK-31585
[200.24] [Task 375] Routed STARLINK-31399 -> STARLINK-31585 | E_NET=0.000022 J | Remaining=120000.00 J
[200.241] Task 375 enqueued on CPU STARLINK-31585 qlen_enqueue=1
---> Task 376 (Type: Generic_Service) arriva in 200.46
--- [200.46] Task 376 using SearchNode Policy: v2_ilp_hybrid ---
[200.46] [Task 376] Entering ILP branch (v2)
[ε-constraint energy] sumE_B=1967.274014  bound=2164.001415  active=False
[ILP] res_type=dict value_preview={'stage': 'B', 'status': 'Optimal', 'primary': 'energy', 'tol': 0.1, 'opt_primary': 1967.2740138181089, 'objective_secondary': 0.20004856584447422, 'sumE': 1967
[200.46] [Task 376] ILP chose server: STARLINK-31399
[200.461] Task 376 enqueued on CPU STARLINK-31399 qlen_enqueue=1
[Task 376] Task eseguito su STARLINK-31399 66.06478679485038 degrees | CPU=1967.2740J, NET=0.0000J, TOTAL=1967.2740J, Remaining=118032.72J
[200.663] Task 376 served on STARLINK-31399 qlen_enqueue_cpu=1 qlen_enqueue_net=None time_in_queue=0.000
[MODE: BIDIRECTIONAL]
[376][GREEDY] CONSEGNATO! STARLINK-31399 -> OBS | Tramission-time: 1.5918493022532527e-11
---> Task 377 (Type: Generic_Service) arriva in 201.06
--- [201.06] Task 377 using SearchNode Policy: v2_ilp_hybrid ---
[201.06] [Task 377] Entering ILP branch (v2)
[ε-constraint energy] sumE_B=1380.581633  bound=1518.639797  active=False
[ILP] res_type=dict value_preview={'stage': 'B', 'status': 'Optimal', 'primary': 'energy', 'tol': 0.1, 'opt_primary': 1380.5816334155656, 'objective_secondary': 0.14039840297144418, 'sumE': 1380
[201.06] [Task 377] ILP chose server: STARLINK-32442
[201.06] [Task 377] Routed STARLINK-35398 -> STARLINK-32442 | E_NET=0.000020 J | Remaining=119999.94 J
[201.062] Task 377 enqueued on CPU STARLINK-32442 qlen_enqueue=1
[Task 377] Task eseguito su STARLINK-32442 39.28864199777291 degrees | CPU=1380.5816J, NET=0.0000J, TOTAL=1380.5816J, Remaining=72993.32J
[201.204] Task 377 served on STARLINK-32442 qlen_enqueue_cpu=1 qlen_enqueue_net=None time_in_queue=0.000
[377][GREEDY] STARLINK-32442 -> STARLINK-35398 | Tramission-time: 0.0014958627825759035
[377] Energy routing consumed by STARLINK-32442: 0.000000 J (remaining 72993.32)
[MODE: BIDIRECTIONAL]
[377][GREEDY] CONSEGNATO! STARLINK-35398 -> OBS | Tramission-time: 1.768761642643364e-11
---> Task 378 (Type: CPU_Intensive) arriva in 201.38
--- [201.38] Task 378 using SearchNode Policy: v2_ilp_hybrid ---
[201.38] [Task 378] Entering ILP branch (v2)
[ε-constraint energy] sumE_B=873.922116  bound=961.314328  active=False
[ILP] res_type=dict value_preview={'stage': 'B', 'status': 'Optimal', 'primary': 'energy', 'tol': 0.1, 'opt_primary': 873.9221164931076, 'objective_secondary': 0.0888929088942643, 'sumE': 873.92
[201.38] [Task 378] ILP chose server: STARLINK-32442
[201.38] [Task 378] Routed STARLINK-35398 -> STARLINK-32442 | E_NET=0.000028 J | Remaining=119999.94 J
[201.386] Task 378 enqueued on CPU STARLINK-32442 qlen_enqueue=1
[Task 378] Task eseguito su STARLINK-32442 39.28864199777291 degrees | CPU=873.9221J, NET=0.0000J, TOTAL=873.9221J, Remaining=72119.39J
[201.478] Task 378 served on STARLINK-32442 qlen_enqueue_cpu=1 qlen_enqueue_net=None time_in_queue=0.000
[378][GREEDY] STARLINK-32442 -> STARLINK-35398 | Tramission-time: 0.0014958627874399452
[378] Energy routing consumed by STARLINK-32442: 0.000000 J (remaining 72119.39)
[MODE: BIDIRECTIONAL]
[378][GREEDY] CONSEGNATO! STARLINK-35398 -> OBS | Tramission-time: 3.076459022013422e-11
----------------------------------------------------------------------
	||TIME IN SIMULATION : (seconds:202) (minutes: 3) ||

MODIFICA CONFIGURAZIONE IN CORSO...

Aggiornato il Tempo Globale:  2025-11-20 20:58:36
[Task 375] Task eseguito su STARLINK-31585 56.2126127283409 degrees | CPU=17763.0855J, NET=0.0000J, TOTAL=17763.0855J, Remaining=76208.95J
[202.048] Task 375 served on STARLINK-31585 qlen_enqueue_cpu=1 qlen_enqueue_net=None time_in_queue=0.000
[375][GREEDY] STARLINK-31585 -> STARLINK-35398 | Tramission-time: 0.0012428232394856374
[375] Energy routing consumed by STARLINK-31585: 0.000000 J (remaining 76208.95)
[MODE: BIDIRECTIONAL]
[375][GREEDY] CONSEGNATO! STARLINK-35398 -> OBS | Tramission-time: 1.867764606179195e-11
---> Task 379 (Type: Generic_Service) arriva in 202.15
--- [202.15] Task 379 using SearchNode Policy: v2_ilp_hybrid ---
[202.15] [Task 379] Entering ILP branch (v2)
[ε-constraint energy] sumE_B=660.522098  bound=726.574308  active=False
[ILP] res_type=dict value_preview={'stage': 'B', 'status': 'Optimal', 'primary': 'energy', 'tol': 0.1, 'opt_primary': 660.522097779203, 'objective_secondary': 0.06718839343102513, 'sumE': 660.52
[202.15] [Task 379] ILP chose server: STARLINK-32442
[202.15] [Task 379] Routed STARLINK-35398 -> STARLINK-32442 | E_NET=0.000020 J | Remaining=119999.94 J
[202.150] Task 379 enqueued on CPU STARLINK-32442 qlen_enqueue=1
[Task 379] Task eseguito su STARLINK-32442 40.078146101688354 degrees | CPU=660.5221J, NET=0.0000J, TOTAL=660.5221J, Remaining=71458.87J
[202.219] Task 379 served on STARLINK-32442 qlen_enqueue_cpu=1 qlen_enqueue_net=None time_in_queue=0.000
[379][GREEDY] STARLINK-32442 -> STARLINK-35398 | Tramission-time: 0.0014971803871020456
[379] Energy routing consumed by STARLINK-32442: 0.000000 J (remaining 71458.87)
[MODE: BIDIRECTIONAL]
[379][GREEDY] CONSEGNATO! STARLINK-35398 -> OBS | Tramission-time: 2.714140108369602e-11
---> Task 380 (Type: Generic_Service) arriva in 202.36
--- [202.36] Task 380 using SearchNode Policy: v2_ilp_hybrid ---
[202.36] [Task 380] Entering ILP branch (v2)
[ε-constraint energy] sumE_B=189.619303  bound=208.581233  active=False
[ILP] res_type=dict value_preview={'stage': 'B', 'status': 'Optimal', 'primary': 'energy', 'tol': 0.1, 'opt_primary': 189.61930278103597, 'objective_secondary': 0.019295126452504256, 'sumE': 189
[202.36] [Task 380] ILP chose server: STARLINK-32442
[202.36] [Task 380] Routed STARLINK-35398 -> STARLINK-32442 | E_NET=0.000011 J | Remaining=119999.94 J
[202.362] Task 380 enqueued on CPU STARLINK-32442 qlen_enqueue=1
[Task 380] Task eseguito su STARLINK-32442 40.078146101688354 degrees | CPU=189.6193J, NET=0.0000J, TOTAL=189.6193J, Remaining=71269.25J
[202.382] Task 380 served on STARLINK-32442 qlen_enqueue_cpu=1 qlen_enqueue_net=None time_in_queue=0.000
[380][GREEDY] STARLINK-32442 -> STARLINK-35398 | Tramission-time: 0.00149718037705452
[380] Energy routing consumed by STARLINK-32442: 0.000000 J (remaining 71269.25)
---> Task 381 (Type: CPU_and_Data_Intensive) arriva in 202.50
--- [202.50] Task 381 using SearchNode Policy: v2_ilp_hybrid ---
[202.50] [Task 381] Entering ILP branch (v2)
[ε-constraint energy] sumE_B=667.841826  bound=734.626009  active=False
[ILP] res_type=dict value_preview={'stage': 'B', 'status': 'Optimal', 'primary': 'energy', 'tol': 0.1, 'opt_primary': 667.841826497638, 'objective_secondary': 0.06952265740473748, 'sumE': 667.84
[202.50] [Task 381] ILP chose server: STARLINK-32442
[202.50] [Task 381] Routed STARLINK-35398 -> STARLINK-32442 | E_NET=0.001146 J | Remaining=119999.94 J
[202.500] Task 381 enqueued on CPU STARLINK-32442 qlen_enqueue=1
[MODE: BIDIRECTIONAL]
[380][GREEDY] CONSEGNATO! STARLINK-35398 -> OBS | Tramission-time: 1.0680433800059002e-11
[202.568] Task 381 enqueued on NET STARLINK-32442 qlen_enqueue_net=1
[Task 381] Task eseguito su STARLINK-32442 40.078146101688354 degrees | CPU=667.8402J, NET=0.0011J, TOTAL=667.8414J, Remaining=70601.41J
[202.569] Task 381 served on STARLINK-32442 qlen_enqueue_cpu=1 qlen_enqueue_net=1 time_in_queue=0.000
[381][GREEDY] STARLINK-32442 -> STARLINK-35398 | Tramission-time: 0.001497181510821843
[381] Energy routing consumed by STARLINK-32442: 0.000000 J (remaining 70601.41)
[MODE: BIDIRECTIONAL]
[381][GREEDY] CONSEGNATO! STARLINK-35398 -> OBS | Tramission-time: 1.0998044585655709e-09
---> Task 382 (Type: Generic_Service) arriva in 203.23
--- [203.23] Task 382 using SearchNode Policy: v2_ilp_hybrid ---
[203.23] [Task 382] Entering ILP branch (v2)
[ε-constraint energy] sumE_B=359.453593  bound=395.398953  active=False
[ILP] res_type=dict value_preview={'stage': 'B', 'status': 'Optimal', 'primary': 'energy', 'tol': 0.1, 'opt_primary': 359.4535933788761, 'objective_secondary': 0.03658009333473036, 'sumE': 359.4
[203.23] [Task 382] ILP chose server: STARLINK-32442
[203.23] [Task 382] Routed STARLINK-35398 -> STARLINK-32442 | E_NET=0.000023 J | Remaining=119999.94 J
[203.227] Task 382 enqueued on CPU STARLINK-32442 qlen_enqueue=1
[Task 382] Task eseguito su STARLINK-32442 40.078146101688354 degrees | CPU=359.4536J, NET=0.0000J, TOTAL=359.4536J, Remaining=70241.96J
[203.266] Task 382 served on STARLINK-32442 qlen_enqueue_cpu=1 qlen_enqueue_net=None time_in_queue=0.000
[382][GREEDY] STARLINK-32442 -> STARLINK-35398 | Tramission-time: 0.0014971803896174762
[382] Energy routing consumed by STARLINK-32442: 0.000000 J (remaining 70241.96)
[MODE: BIDIRECTIONAL]
[382][GREEDY] CONSEGNATO! STARLINK-35398 -> OBS | Tramission-time: 2.457274913884193e-11
---> Task 383 (Type: CPU_Intensive) arriva in 203.62
--- [203.62] Task 383 using SearchNode Policy: v2_ilp_hybrid ---
[203.62] [Task 383] Entering ILP branch (v2)
[ε-constraint energy] sumE_B=179.304134  bound=197.234548  active=False
[ILP] res_type=dict value_preview={'stage': 'B', 'status': 'Optimal', 'primary': 'energy', 'tol': 0.1, 'opt_primary': 179.3041343717755, 'objective_secondary': 0.01825099057512961, 'sumE': 179.3
[203.62] [Task 383] ILP chose server: STARLINK-32442
[203.62] [Task 383] Routed STARLINK-35398 -> STARLINK-32442 | E_NET=0.000014 J | Remaining=119999.94 J
[203.618] Task 383 enqueued on CPU STARLINK-32442 qlen_enqueue=1
[Task 383] Task eseguito su STARLINK-32442 40.078146101688354 degrees | CPU=179.3041J, NET=0.0000J, TOTAL=179.3041J, Remaining=70062.65J
[203.638] Task 383 served on STARLINK-32442 qlen_enqueue_cpu=1 qlen_enqueue_net=None time_in_queue=0.000
[383][GREEDY] STARLINK-32442 -> STARLINK-35398 | Tramission-time: 0.001497180379599219
[383] Energy routing consumed by STARLINK-32442: 0.000000 J (remaining 70062.65)
[MODE: BIDIRECTIONAL]
[383][GREEDY] CONSEGNATO! STARLINK-35398 -> OBS | Tramission-time: 1.3914489473243319e-11
---> Task 384 (Type: CPU_Intensive) arriva in 203.96
--- [203.96] Task 384 using SearchNode Policy: v2_ilp_hybrid ---
[203.96] [Task 384] Entering ILP branch (v2)
[ε-constraint energy] sumE_B=124.241079  bound=136.665187  active=False
[ILP] res_type=dict value_preview={'stage': 'B', 'status': 'Optimal', 'primary': 'energy', 'tol': 0.1, 'opt_primary': 124.24107908845649, 'objective_secondary': 0.012648948365664905, 'sumE': 124
[203.96] [Task 384] ILP chose server: STARLINK-32442
[203.96] [Task 384] Routed STARLINK-35398 -> STARLINK-32442 | E_NET=0.000012 J | Remaining=119999.94 J
[203.960] Task 384 enqueued on CPU STARLINK-32442 qlen_enqueue=1
[Task 384] Task eseguito su STARLINK-32442 40.078146101688354 degrees | CPU=124.2411J, NET=0.0000J, TOTAL=124.2411J, Remaining=69938.41J
[203.974] Task 384 served on STARLINK-32442 qlen_enqueue_cpu=1 qlen_enqueue_net=None time_in_queue=0.000
----------------------------------------------------------------------
	||TIME IN SIMULATION : (seconds:204) (minutes: 3) ||

MODIFICA CONFIGURAZIONE IN CORSO...

Aggiornato il Tempo Globale:  2025-11-20 20:58:38
[384][GREEDY] STARLINK-32442 -> STARLINK-35398 | Tramission-time: 0.001498499308987464
[384] Energy routing consumed by STARLINK-32442: 0.000000 J (remaining 69938.41)
[MODE: BIDIRECTIONAL]
[384][GREEDY] CONSEGNATO! STARLINK-35398 -> OBS | Tramission-time: 1.1206193882758943e-11
---> Task 385 (Type: CPU_and_Data_Intensive) arriva in 204.35
--- [204.35] Task 385 using SearchNode Policy: v2_ilp_hybrid ---
[204.35] [Task 385] Entering ILP branch (v2)
[ε-constraint energy] sumE_B=2990.351630  bound=3289.386793  active=False
[ILP] res_type=dict value_preview={'stage': 'B', 'status': 'Optimal', 'primary': 'energy', 'tol': 0.1, 'opt_primary': 2990.351630155397, 'objective_secondary': 0.3073611743976503, 'sumE': 2990.3
[204.35] [Task 385] ILP chose server: STARLINK-32442
[204.35] [Task 385] Routed STARLINK-35398 -> STARLINK-32442 | E_NET=0.002685 J | Remaining=119999.94 J
[204.359] Task 385 enqueued on CPU STARLINK-32442 qlen_enqueue=1
---> Task 386 (Type: CPU_Intensive) arriva in 204.36
--- [204.36] Task 386 using SearchNode Policy: v2_ilp_hybrid ---
[204.36] [Task 386] Entering ILP branch (v2)
[ε-constraint energy] sumE_B=1933.126149  bound=2126.438764  active=False
[ILP] res_type=dict value_preview={'stage': 'B', 'status': 'Optimal', 'primary': 'energy', 'tol': 0.1, 'opt_primary': 1933.126149469295, 'objective_secondary': 0.19657348242168374, 'sumE': 1933.
[204.36] [Task 386] ILP chose server: STARLINK-31702
[204.36] [Task 386] Routed STARLINK-35398 -> STARLINK-31702 | E_NET=0.000016 J | Remaining=119999.94 J
[204.362] Task 386 enqueued on CPU STARLINK-31702 qlen_enqueue=1
---> Task 387 (Type: CPU_and_Data_Intensive) arriva in 204.51
--- [204.51] Task 387 using SearchNode Policy: v2_ilp_hybrid ---
[204.51] [Task 387] Entering ILP branch (v2)
[ε-constraint energy] sumE_B=7764.614174  bound=8541.075591  active=False
[ILP] res_type=dict value_preview={'stage': 'B', 'status': 'Optimal', 'primary': 'energy', 'tol': 0.1, 'opt_primary': 7764.61417382682, 'objective_secondary': 0.8000718378041521, 'sumE': 7764.61
[204.51] [Task 387] ILP chose server: STARLINK-31585
[204.51] [Task 387] Routed STARLINK-35398 -> STARLINK-31585 | E_NET=0.010538 J | Remaining=119999.93 J
[204.523] Task 387 enqueued on CPU STARLINK-31585 qlen_enqueue=1
[Task 386] Task eseguito su STARLINK-31702 44.08467386517917 degrees | CPU=1933.1261J, NET=0.0000J, TOTAL=1933.1261J, Remaining=61453.13J
[204.560] Task 386 served on STARLINK-31702 qlen_enqueue_cpu=1 qlen_enqueue_net=None time_in_queue=0.000
[386][GREEDY] STARLINK-31702 -> STARLINK-35398 | Tramission-time: 0.0020485139323946793
[386] Energy routing consumed by STARLINK-31702: 0.000000 J (remaining 61453.13)
[MODE: BIDIRECTIONAL]
[386][GREEDY] CONSEGNATO! STARLINK-35398 -> OBS | Tramission-time: 1.4976597111207418e-11
[204.663] Task 385 enqueued on NET STARLINK-32442 qlen_enqueue_net=1
[Task 385] Task eseguito su STARLINK-32442 40.88690374417827 degrees | CPU=2990.3483J, NET=0.0027J, TOTAL=2990.3510J, Remaining=66948.06J
[204.665] Task 385 served on STARLINK-32442 qlen_enqueue_cpu=1 qlen_enqueue_net=1 time_in_queue=0.000
---> Task 388 (Type: CPU_Intensive) arriva in 204.72
--- [204.72] Task 388 using SearchNode Policy: v2_ilp_hybrid ---
[204.72] [Task 388] Entering ILP branch (v2)
[ε-constraint energy] sumE_B=1130.837835  bound=1243.921618  active=False
[ILP] res_type=dict value_preview={'stage': 'B', 'status': 'Optimal', 'primary': 'energy', 'tol': 0.1, 'opt_primary': 1130.837834910594, 'objective_secondary': 0.11498878453423918, 'sumE': 1130.
[204.72] [Task 388] ILP chose server: STARLINK-32442
[204.72] [Task 388] Routed STARLINK-35398 -> STARLINK-32442 | E_NET=0.000007 J | Remaining=119999.93 J
[204.718] Task 388 enqueued on CPU STARLINK-32442 qlen_enqueue=1
[385][GREEDY] STARLINK-32442 -> STARLINK-35398 | Tramission-time: 0.0014985021135656314
[385] Energy routing consumed by STARLINK-32442: 0.000000 J (remaining 66948.06)
---> Task 389 (Type: Generic_Service) arriva in 204.83
--- [204.83] Task 389 using SearchNode Policy: v2_ilp_hybrid ---
[204.83] [Task 389] Entering ILP branch (v2)
[ε-constraint energy] sumE_B=281.604250  bound=309.764675  active=False
[ILP] res_type=dict value_preview={'stage': 'B', 'status': 'Optimal', 'primary': 'energy', 'tol': 0.1, 'opt_primary': 281.604249938602, 'objective_secondary': 0.02863841214593791, 'sumE': 281.60
[204.83] [Task 389] ILP chose server: STARLINK-31763
[204.83] [Task 389] Routed STARLINK-35398 -> STARLINK-31763 | E_NET=0.000005 J | Remaining=119999.93 J
[204.826] Task 389 enqueued on CPU STARLINK-31763 qlen_enqueue=1
[Task 388] Task eseguito su STARLINK-32442 40.88690374417827 degrees | CPU=1130.8378J, NET=0.0000J, TOTAL=1130.8378J, Remaining=65817.22J
[204.834] Task 388 served on STARLINK-32442 qlen_enqueue_cpu=1 qlen_enqueue_net=None time_in_queue=0.000
[MODE: BIDIRECTIONAL]
[385][GREEDY] CONSEGNATO! STARLINK-35398 -> OBS | Tramission-time: 3.1339479265854257e-09
[388][GREEDY] STARLINK-32442 -> STARLINK-35398 | Tramission-time: 0.001498499299298479
[388] Energy routing consumed by STARLINK-32442: 0.000000 J (remaining 65817.22)
[Task 389] Task eseguito su STARLINK-31763 72.04183318400077 degrees | CPU=281.6042J, NET=0.0000J, TOTAL=281.6042J, Remaining=1576.99J
[204.855] Task 389 served on STARLINK-31763 qlen_enqueue_cpu=1 qlen_enqueue_net=None time_in_queue=0.000
[389][GREEDY] STARLINK-31763 -> STARLINK-35398 | Tramission-time: 0.00042649843466910814
[389] Energy routing consumed by STARLINK-31763: 0.000000 J (remaining 1576.99)
[MODE: BIDIRECTIONAL]
[388][GREEDY] CONSEGNATO! STARLINK-35398 -> OBS | Tramission-time: 8.391823664325686e-12
[MODE: BIDIRECTIONAL]
[389][GREEDY] CONSEGNATO! STARLINK-35398 -> OBS | Tramission-time: 5.0220365676756755e-12
---> Task 390 (Type: CPU_Intensive) arriva in 205.11
--- [205.11] Task 390 using SearchNode Policy: v2_ilp_hybrid ---
[205.11] [Task 390] Entering ILP branch (v2)
[ε-constraint energy] sumE_B=2278.013747  bound=2505.815121  active=False
[ILP] res_type=dict value_preview={'stage': 'B', 'status': 'Optimal', 'primary': 'energy', 'tol': 0.1, 'opt_primary': 2278.013746707365, 'objective_secondary': 0.23165171039155652, 'sumE': 2278.
[205.11] [Task 390] ILP chose server: STARLINK-32442
[205.11] [Task 390] Routed STARLINK-35398 -> STARLINK-32442 | E_NET=0.000025 J | Remaining=119999.93 J
[205.116] Task 390 enqueued on CPU STARLINK-32442 qlen_enqueue=1
[205.312] Task 387 enqueued on NET STARLINK-31585 qlen_enqueue_net=1
[Task 387] Task eseguito su STARLINK-31585 55.06540072924342 degrees | CPU=7764.6036J, NET=0.0105J, TOTAL=7764.6141J, Remaining=68444.34J
[205.323] Task 387 served on STARLINK-31585 qlen_enqueue_cpu=1 qlen_enqueue_net=1 time_in_queue=0.000
[Task 390] Task eseguito su STARLINK-32442 40.88690374417827 degrees | CPU=2278.0137J, NET=0.0000J, TOTAL=2278.0137J, Remaining=63539.21J
[205.350] Task 390 served on STARLINK-32442 qlen_enqueue_cpu=1 qlen_enqueue_net=None time_in_queue=0.000
[387][GREEDY] STARLINK-31585 -> STARLINK-35398 | Tramission-time: 0.0012481444980675749
[387] Energy routing consumed by STARLINK-31585: 0.000000 J (remaining 68444.34)
[MODE: BIDIRECTIONAL]
[387][GREEDY] CONSEGNATO! STARLINK-35398 -> OBS | Tramission-time: 6.95408921206999e-09
[390][GREEDY] STARLINK-32442 -> STARLINK-35398 | Tramission-time: 0.001498499321531096
[390] Energy routing consumed by STARLINK-32442: 0.000000 J (remaining 63539.21)
[MODE: BIDIRECTIONAL]
[390][GREEDY] CONSEGNATO! STARLINK-35398 -> OBS | Tramission-time: 2.1881212013071697e-11
---> Task 391 (Type: CPU_Intensive) arriva in 205.59
--- [205.59] Task 391 using SearchNode Policy: v2_ilp_hybrid ---
[205.59] [Task 391] Entering ILP branch (v2)
[ε-constraint energy] sumE_B=1266.913874  bound=1393.605261  active=False
[ILP] res_type=dict value_preview={'stage': 'B', 'status': 'Optimal', 'primary': 'energy', 'tol': 0.1, 'opt_primary': 1266.9138739060877, 'objective_secondary': 0.12885057235510738, 'sumE': 1266
[205.59] [Task 391] ILP chose server: STARLINK-32442
[205.59] [Task 391] Routed STARLINK-35398 -> STARLINK-32442 | E_NET=0.000028 J | Remaining=119999.93 J
[205.595] Task 391 enqueued on CPU STARLINK-32442 qlen_enqueue=1
[Task 391] Task eseguito su STARLINK-32442 40.88690374417827 degrees | CPU=1266.9138J, NET=0.0000J, TOTAL=1266.9139J, Remaining=62272.30J
[205.726] Task 391 served on STARLINK-32442 qlen_enqueue_cpu=1 qlen_enqueue_net=None time_in_queue=0.000
[391][GREEDY] STARLINK-32442 -> STARLINK-35398 | Tramission-time: 0.0014984993184647948
[391] Energy routing consumed by STARLINK-32442: 0.000000 J (remaining 62272.30)
[MODE: BIDIRECTIONAL]
[391][GREEDY] CONSEGNATO! STARLINK-35398 -> OBS | Tramission-time: 2.850938551557337e-11
----------------------------------------------------------------------
	||TIME IN SIMULATION : (seconds:206) (minutes: 3) ||

MODIFICA CONFIGURAZIONE IN CORSO...

Aggiornato il Tempo Globale:  2025-11-20 20:58:40
---> Task 392 (Type: Generic_Service) arriva in 206.49
--- [206.49] Task 392 using SearchNode Policy: v2_ilp_hybrid ---
[206.49] [Task 392] Entering ILP branch (v2)
[ε-constraint energy] sumE_B=533.824296  bound=587.206725  active=False
[ILP] res_type=dict value_preview={'stage': 'B', 'status': 'Optimal', 'primary': 'energy', 'tol': 0.1, 'opt_primary': 533.8242955837492, 'objective_secondary': 0.05431445939583085, 'sumE': 533.8
[206.49] [Task 392] ILP chose server: STARLINK-31763
[206.49] [Task 392] Routed STARLINK-35398 -> STARLINK-31763 | E_NET=0.000030 J | Remaining=119999.93 J
[206.494] Task 392 enqueued on CPU STARLINK-31763 qlen_enqueue=1
[Task 392] Task eseguito su STARLINK-31763 71.30681374785898 degrees | CPU=533.8243J, NET=0.0000J, TOTAL=533.8243J, Remaining=1043.16J
[206.550] Task 392 served on STARLINK-31763 qlen_enqueue_cpu=1 qlen_enqueue_net=None time_in_queue=0.000
[392][GREEDY] STARLINK-31763 -> STARLINK-35398 | Tramission-time: 0.0004384803854638101
[392] Energy routing consumed by STARLINK-31763: 0.000000 J (remaining 1043.16)
[MODE: BIDIRECTIONAL]
[392][GREEDY] CONSEGNATO! STARLINK-35398 -> OBS | Tramission-time: 2.6952369976813313e-11
---> Task 393 (Type: CPU_and_Data_Intensive) arriva in 206.81
--- [206.81] Task 393 using SearchNode Policy: v2_ilp_hybrid ---
[206.81] [Task 393] Entering ILP branch (v2)
[ε-constraint energy] sumE_B=6538.350530  bound=7192.185583  active=False
[ILP] res_type=dict value_preview={'stage': 'B', 'status': 'Optimal', 'primary': 'energy', 'tol': 0.1, 'opt_primary': 6538.35053029577, 'objective_secondary': 0.7409544186792993, 'sumE': 6538.35
[206.81] [Task 393] ILP chose server: STARLINK-32442
[206.81] [Task 393] Routed STARLINK-35398 -> STARLINK-32442 | E_NET=0.052455 J | Remaining=119999.88 J
[206.865] Task 393 enqueued on CPU STARLINK-32442 qlen_enqueue=1
---> Task 394 (Type: CPU_Intensive) arriva in 206.94
--- [206.94] Task 394 using SearchNode Policy: v2_ilp_hybrid ---
[206.94] [Task 394] Entering ILP branch (v2)
[ε-constraint energy] sumE_B=919.636814  bound=1011.600495  active=False
[ILP] res_type=dict value_preview={'stage': 'B', 'status': 'Optimal', 'primary': 'energy', 'tol': 0.1, 'opt_primary': 919.6368138925712, 'objective_secondary': 0.09352492662884301, 'sumE': 919.6
[206.94] [Task 394] ILP chose server: STARLINK-31702
[206.94] [Task 394] Routed STARLINK-11724 [DTC] -> STARLINK-31702 | E_NET=0.000014 J | Remaining=119999.92 J
[206.937] Task 394 enqueued on CPU STARLINK-31702 qlen_enqueue=1
[Task 394] Task eseguito su STARLINK-31702 43.62054937631099 degrees | CPU=919.6368J, NET=0.0000J, TOTAL=919.6368J, Remaining=60533.50J
[207.032] Task 394 served on STARLINK-31702 qlen_enqueue_cpu=1 qlen_enqueue_net=None time_in_queue=0.000
[394][GREEDY] STARLINK-31702 -> STARLINK-35398 | Tramission-time: 0.002038863152475358
[394] Energy routing consumed by STARLINK-31702: 0.000000 J (remaining 60533.50)
[MODE: BIDIRECTIONAL]
[394][GREEDY] CONSEGNATO! STARLINK-35398 -> OBS | Tramission-time: 1.4283232692791328e-11
---> Task 395 (Type: CPU_Intensive) arriva in 207.07
--- [207.07] Task 395 using SearchNode Policy: v2_ilp_hybrid ---
[207.07] [Task 395] Entering ILP branch (v2)
[ε-constraint energy] sumE_B=6440.785483  bound=7084.864031  active=False
[ILP] res_type=dict value_preview={'stage': 'B', 'status': 'Optimal', 'primary': 'energy', 'tol': 0.1, 'opt_primary': 6440.785482755394, 'objective_secondary': 0.6549088385391433, 'sumE': 6440.7
[207.07] [Task 395] ILP chose server: STARLINK-31702
[207.07] [Task 395] Routed STARLINK-11724 [DTC] -> STARLINK-31702 | E_NET=0.000022 J | Remaining=119999.92 J
[207.068] Task 395 enqueued on CPU STARLINK-31702 qlen_enqueue=1
[207.530] Task 393 enqueued on NET STARLINK-32442 qlen_enqueue_net=1
---> Task 396 (Type: Generic_Service) arriva in 207.54
--- [207.54] Task 396 using SearchNode Policy: v2_ilp_hybrid ---
[207.54] [Task 396] Entering ILP branch (v2)
[ε-constraint energy] sumE_B=345.209428  bound=379.730370  active=False
[ILP] res_type=dict value_preview={'stage': 'B', 'status': 'Optimal', 'primary': 'energy', 'tol': 0.1, 'opt_primary': 345.20942766839636, 'objective_secondary': 0.03513068653450383, 'sumE': 345.
[207.54] [Task 396] ILP chose server: STARLINK-31763
[207.54] [Task 396] Routed STARLINK-11724 [DTC] -> STARLINK-31763 | E_NET=0.000024 J | Remaining=119999.92 J
[207.546] Task 396 enqueued on CPU STARLINK-31763 qlen_enqueue=1
[Task 393] Task eseguito su STARLINK-32442 41.71527810090176 degrees | CPU=6538.2744J, NET=0.0525J, TOTAL=6538.3268J, Remaining=55733.97J
[207.582] Task 393 served on STARLINK-32442 qlen_enqueue_cpu=1 qlen_enqueue_net=1 time_in_queue=0.000
[Task 396] Task eseguito su STARLINK-31763 71.30681374785898 degrees | CPU=345.2094J, NET=0.0000J, TOTAL=345.2094J, Remaining=697.95J
[207.583] Task 396 served on STARLINK-31763 qlen_enqueue_cpu=1 qlen_enqueue_net=None time_in_queue=0.000
---> Task 397 (Type: Generic_Service) arriva in 207.61
--- [207.61] Task 397 using SearchNode Policy: v2_ilp_hybrid ---
[207.61] [Task 397] Entering ILP branch (v2)
[ε-constraint energy] sumE_B=227.523186  bound=250.275504  active=False
[ILP] res_type=dict value_preview={'stage': 'B', 'status': 'Optimal', 'primary': 'energy', 'tol': 0.1, 'opt_primary': 227.52318561681273, 'objective_secondary': 0.023149724003982807, 'sumE': 227
[207.61] [Task 397] ILP chose server: STARLINK-31763
[207.61] [Task 397] Routed STARLINK-11724 [DTC] -> STARLINK-31763 | E_NET=0.000013 J | Remaining=119999.92 J
[207.611] Task 397 enqueued on CPU STARLINK-31763 qlen_enqueue=1
[Task 397] Task eseguito su STARLINK-31763 71.30681374785898 degrees | CPU=227.5232J, NET=0.0000J, TOTAL=227.5232J, Remaining=470.43J
[207.635] Task 397 served on STARLINK-31763 qlen_enqueue_cpu=1 qlen_enqueue_net=None time_in_queue=0.000
[396][GREEDY] STARLINK-31763 -> STARLINK-35398 | Tramission-time: 0.0004384803851577615
[396] Energy routing consumed by STARLINK-31763: 0.000000 J (remaining 470.43)
[MODE: BIDIRECTIONAL]
[396][GREEDY] CONSEGNATO! STARLINK-35398 -> OBS | Tramission-time: 2.448463938323101e-11
[393][GREEDY] STARLINK-32442 -> STARLINK-35398 | Tramission-time: 0.0014998803557144497
[393] Energy routing consumed by STARLINK-32442: 0.000000 J (remaining 55733.97)
[Task 395] Task eseguito su STARLINK-31702 43.62054937631099 degrees | CPU=6440.7855J, NET=0.0000J, TOTAL=6440.7855J, Remaining=54092.71J
[207.725] Task 395 served on STARLINK-31702 qlen_enqueue_cpu=1 qlen_enqueue_net=None time_in_queue=0.000
[395][GREEDY] STARLINK-31702 -> STARLINK-35398 | Tramission-time: 0.0020388631645803816
[395] Energy routing consumed by STARLINK-31702: 0.000000 J (remaining 54092.71)
[397][GREEDY] STARLINK-31763 -> STARLINK-35398 | Tramission-time: 0.0004384803746360228
[397] Energy routing consumed by STARLINK-31763: 0.000000 J (remaining 470.43)
[MODE: BIDIRECTIONAL]
[393][GREEDY] CONSEGNATO! STARLINK-35398 -> OBS | Tramission-time: 5.5240896527799985e-08
[MODE: BIDIRECTIONAL]
[397][GREEDY] CONSEGNATO! STARLINK-35398 -> OBS | Tramission-time: 1.0741264355559603e-11
[MODE: BIDIRECTIONAL]
[395][GREEDY] CONSEGNATO! STARLINK-35398 -> OBS | Tramission-time: 2.5531551099557363e-11
----------------------------------------------------------------------
	||TIME IN SIMULATION : (seconds:208) (minutes: 3) ||

MODIFICA CONFIGURAZIONE IN CORSO...

Aggiornato il Tempo Globale:  2025-11-20 20:58:42
---> Task 398 (Type: Generic_Service) arriva in 208.01
--- [208.01] Task 398 using SearchNode Policy: v2_ilp_hybrid ---
[208.01] [Task 398] Entering ILP branch (v2)
[ε-constraint energy] sumE_B=262.631905  bound=288.895096  active=False
[ILP] res_type=dict value_preview={'stage': 'B', 'status': 'Optimal', 'primary': 'energy', 'tol': 0.1, 'opt_primary': 262.63190544502544, 'objective_secondary': 0.02672307684301795, 'sumE': 262.
[208.01] [Task 398] ILP chose server: STARLINK-31763
[208.01] [Task 398] Routed STARLINK-11724 [DTC] -> STARLINK-31763 | E_NET=0.000015 J | Remaining=119999.92 J
[208.008] Task 398 enqueued on CPU STARLINK-31763 qlen_enqueue=1
[Task 398] Task eseguito su STARLINK-31763 70.47725157533043 degrees | CPU=262.6319J, NET=0.0000J, TOTAL=262.6319J, Remaining=207.80J
[208.036] Task 398 served on STARLINK-31763 qlen_enqueue_cpu=1 qlen_enqueue_net=None time_in_queue=0.000
[398][GREEDY] STARLINK-31763 -> STARLINK-35398 | Tramission-time: 0.00045195101765404833
[398] Energy routing consumed by STARLINK-31763: 0.000000 J (remaining 207.80)
[MODE: BIDIRECTIONAL]
[398][GREEDY] CONSEGNATO! STARLINK-35398 -> OBS | Tramission-time: 1.6072530885117676e-11
---> Task 399 (Type: Generic_Service) arriva in 208.36
--- [208.36] Task 399 using SearchNode Policy: v2_ilp_hybrid ---
[208.36] [Task 399] Entering ILP branch (v2)
[ε-constraint energy] sumE_B=92.066929  bound=101.273622  active=False
[ILP] res_type=dict value_preview={'stage': 'B', 'status': 'Optimal', 'primary': 'energy', 'tol': 0.1, 'opt_primary': 92.06692892424122, 'objective_secondary': 0.00939903320233849, 'sumE': 92.06
[208.36] [Task 399] ILP chose server: STARLINK-31763
[208.36] [Task 399] Routed STARLINK-11724 [DTC] -> STARLINK-31763 | E_NET=0.000028 J | Remaining=119999.92 J
[208.365] Task 399 enqueued on CPU STARLINK-31763 qlen_enqueue=1
[Task 399] Task eseguito su STARLINK-31763 70.47725157533043 degrees | CPU=92.0669J, NET=0.0000J, TOTAL=92.0669J, Remaining=115.73J
[208.377] Task 399 served on STARLINK-31763 qlen_enqueue_cpu=1 qlen_enqueue_net=None time_in_queue=0.000
---> Task 400 (Type: Generic_Service) arriva in 208.44
--- [208.44] Task 400 using SearchNode Policy: v2_ilp_hybrid ---
[208.44] [Task 400] Entering ILP branch (v2)
[ε-constraint energy] sumE_B=48.093053  bound=52.902359  active=False
[ILP] res_type=dict value_preview={'stage': 'B', 'status': 'Optimal', 'primary': 'energy', 'tol': 0.1, 'opt_primary': 48.093053329359385, 'objective_secondary': 0.004912639836007326, 'sumE': 48.
[208.44] [Task 400] ILP chose server: STARLINK-31763
[208.44] [Task 400] Routed STARLINK-11724 [DTC] -> STARLINK-31763 | E_NET=0.000017 J | Remaining=119999.92 J
[208.444] Task 400 enqueued on CPU STARLINK-31763 qlen_enqueue=1
[Task 400] Task eseguito su STARLINK-31763 70.47725157533043 degrees | CPU=48.0930J, NET=0.0000J, TOTAL=48.0930J, Remaining=67.64J
[208.451] Task 400 served on STARLINK-31763 qlen_enqueue_cpu=1 qlen_enqueue_net=None time_in_queue=0.000
[399][GREEDY] STARLINK-31763 -> STARLINK-35398 | Tramission-time: 0.0004519510377671965
[399] Energy routing consumed by STARLINK-31763: 0.000000 J (remaining 67.64)
[MODE: BIDIRECTIONAL]
[399][GREEDY] CONSEGNATO! STARLINK-35398 -> OBS | Tramission-time: 3.4009915426288004e-11
[400][GREEDY] STARLINK-31763 -> STARLINK-35398 | Tramission-time: 0.000451951022561386
[400] Energy routing consumed by STARLINK-31763: 0.000000 J (remaining 67.64)
[MODE: BIDIRECTIONAL]
[400][GREEDY] CONSEGNATO! STARLINK-35398 -> OBS | Tramission-time: 1.66192364759054e-11
----------------------------------------------------------------------
	||TIME IN SIMULATION : (seconds:210) (minutes: 3) ||

MODIFICA CONFIGURAZIONE IN CORSO...

Aggiornato il Tempo Globale:  2025-11-20 20:58:44
---> Task 401 (Type: CPU_Intensive) arriva in 210.74
--- [210.74] Task 401 using SearchNode Policy: v2_ilp_hybrid ---
[210.74] [Task 401] Entering ILP branch (v2)
[ε-constraint energy] sumE_B=23157.006978  bound=25472.707676  active=False
[ILP] res_type=dict value_preview={'stage': 'B', 'status': 'Optimal', 'primary': 'energy', 'tol': 0.1, 'opt_primary': 23157.00697772781, 'objective_secondary': 2.354548659320469, 'sumE': 23157.0
[210.74] [Task 401] ILP chose server: STARLINK-31585
[210.74] [Task 401] Routed STARLINK-33816 -> STARLINK-31585 | E_NET=0.000015 J | Remaining=120000.00 J
[210.741] Task 401 enqueued on CPU STARLINK-31585 qlen_enqueue=1
----------------------------------------------------------------------
	||TIME IN SIMULATION : (seconds:212) (minutes: 3) ||

MODIFICA CONFIGURAZIONE IN CORSO...

Aggiornato il Tempo Globale:  2025-11-20 20:58:46
---> Task 402 (Type: CPU_Intensive) arriva in 212.09
--- [212.09] Task 402 using SearchNode Policy: v2_ilp_hybrid ---
[212.09] [Task 402] Entering ILP branch (v2)
[ε-constraint energy] sumE_B=5417.825045  bound=5959.607549  active=False
[ILP] res_type=dict value_preview={'stage': 'B', 'status': 'Optimal', 'primary': 'energy', 'tol': 0.1, 'opt_primary': 5417.825044612707, 'objective_secondary': 0.5508898844027046, 'sumE': 5417.8
[212.09] [Task 402] ILP chose server: STARLINK-31399
[212.09] [Task 402] Routed STARLINK-33816 -> STARLINK-31399 | E_NET=0.000022 J | Remaining=120000.00 J
[212.089] Task 402 enqueued on CPU STARLINK-31399 qlen_enqueue=1
---> Task 403 (Type: Generic_Service) arriva in 212.55
--- [212.55] Task 403 using SearchNode Policy: v2_ilp_hybrid ---
[212.55] [Task 403] Entering ILP branch (v2)
[ε-constraint energy] sumE_B=527.988785  bound=580.787663  active=False
[ILP] res_type=dict value_preview={'stage': 'B', 'status': 'Optimal', 'primary': 'energy', 'tol': 0.1, 'opt_primary': 527.9887845083989, 'objective_secondary': 0.053716935641256784, 'sumE': 527.
[212.55] [Task 403] ILP chose server: STARLINK-31374
[212.55] [Task 403] Routed STARLINK-33816 -> STARLINK-31374 | E_NET=0.000024 J | Remaining=120000.00 J
[212.550] Task 403 enqueued on CPU STARLINK-31374 qlen_enqueue=1
[Task 403] Task eseguito su STARLINK-31374 35.309798654532045 degrees | CPU=527.9888J, NET=0.0000J, TOTAL=527.9888J, Remaining=119472.01J
[212.606] Task 403 served on STARLINK-31374 qlen_enqueue_cpu=1 qlen_enqueue_net=None time_in_queue=0.000
[Task 402] Task eseguito su STARLINK-31399 74.66525087260446 degrees | CPU=5417.8250J, NET=0.0000J, TOTAL=5417.8250J, Remaining=112614.90J
[212.641] Task 402 served on STARLINK-31399 qlen_enqueue_cpu=1 qlen_enqueue_net=None time_in_queue=0.000
[MODE: BIDIRECTIONAL]
[402][GREEDY] CONSEGNATO! STARLINK-31399 -> OBS | Tramission-time: 1.6091417859273605e-11
[403][GREEDY] STARLINK-31374 -> STARLINK-11724 [DTC] | Tramission-time: 0.0011380219413573065
[403] Energy routing consumed by STARLINK-31374: 0.000000 J (remaining 119472.01)
[MODE: BIDIRECTIONAL]
[403][GREEDY] CONSEGNATO! STARLINK-11724 [DTC] -> OBS | Tramission-time: 2.6488474130196495e-11
---> Task 404 (Type: Generic_Service) arriva in 212.99
--- [212.99] Task 404 using SearchNode Policy: v2_ilp_hybrid ---
[212.99] [Task 404] Entering ILP branch (v2)
[ε-constraint energy] sumE_B=1461.331492  bound=1607.464641  active=False
[ILP] res_type=dict value_preview={'stage': 'B', 'status': 'Optimal', 'primary': 'energy', 'tol': 0.1, 'opt_primary': 1461.3314921639142, 'objective_secondary': 0.14859892620748014, 'sumE': 1461
[212.99] [Task 404] ILP chose server: STARLINK-31399
[212.99] [Task 404] Routed STARLINK-33816 -> STARLINK-31399 | E_NET=0.000015 J | Remaining=120000.00 J
[212.989] Task 404 enqueued on CPU STARLINK-31399 qlen_enqueue=1
[Task 401] Task eseguito su STARLINK-31585 50.69357286159055 degrees | CPU=23157.0070J, NET=0.0000J, TOTAL=23157.0070J, Remaining=45287.33J
[213.097] Task 401 served on STARLINK-31585 qlen_enqueue_cpu=1 qlen_enqueue_net=None time_in_queue=0.000
[Task 404] Task eseguito su STARLINK-31399 74.66525087260446 degrees | CPU=1461.3315J, NET=0.0000J, TOTAL=1461.3315J, Remaining=111153.57J
[213.139] Task 404 served on STARLINK-31399 qlen_enqueue_cpu=1 qlen_enqueue_net=None time_in_queue=0.000
[401][GREEDY] STARLINK-31585 -> STARLINK-35398 | Tramission-time: 0.0012744882201613638
[401] Energy routing consumed by STARLINK-31585: 0.000000 J (remaining 45287.33)
[MODE: BIDIRECTIONAL]
[401][GREEDY] CONSEGNATO! STARLINK-35398 -> OBS | Tramission-time: 1.5787427582933215e-11
[MODE: BIDIRECTIONAL]
[404][GREEDY] CONSEGNATO! STARLINK-31399 -> OBS | Tramission-time: 1.2122856913870147e-11
---> Task 405 (Type: CPU_and_Data_Intensive) arriva in 213.63
--- [213.63] Task 405 using SearchNode Policy: v2_ilp_hybrid ---
[213.63] [Task 405] Entering ILP branch (v2)
[ε-constraint energy] sumE_B=7232.777658  bound=7956.055423  active=False
[ILP] res_type=dict value_preview={'stage': 'B', 'status': 'Optimal', 'primary': 'energy', 'tol': 0.1, 'opt_primary': 7232.777657668591, 'objective_secondary': 0.7464681269360225, 'sumE': 7232.7
[213.63] [Task 405] ILP chose server: STARLINK-31585
[213.63] [Task 405] Routed STARLINK-33816 -> STARLINK-31585 | E_NET=0.007995 J | Remaining=119999.99 J
[213.644] Task 405 enqueued on CPU STARLINK-31585 qlen_enqueue=1
----------------------------------------------------------------------
	||TIME IN SIMULATION : (seconds:214) (minutes: 3) ||

MODIFICA CONFIGURAZIONE IN CORSO...

Aggiornato il Tempo Globale:  2025-11-20 20:58:48
---> Task 406 (Type: Generic_Service) arriva in 214.05
--- [214.05] Task 406 using SearchNode Policy: v2_ilp_hybrid ---
[214.05] [Task 406] Entering ILP branch (v2)
[ε-constraint energy] sumE_B=336.618450  bound=370.280295  active=False
[ILP] res_type=dict value_preview={'stage': 'B', 'status': 'Optimal', 'primary': 'energy', 'tol': 0.1, 'opt_primary': 336.6184504018827, 'objective_secondary': 0.034243682529057934, 'sumE': 336.
[214.05] [Task 406] ILP chose server: STARLINK-32442
[214.05] [Task 406] Routed STARLINK-33816 -> STARLINK-32442 | E_NET=0.000017 J | Remaining=119999.99 J
[214.054] Task 406 enqueued on CPU STARLINK-32442 qlen_enqueue=1
[Task 406] Task eseguito su STARLINK-32442 45.23084425343951 degrees | CPU=336.6184J, NET=0.0000J, TOTAL=336.6185J, Remaining=55397.35J
[214.089] Task 406 served on STARLINK-32442 qlen_enqueue_cpu=1 qlen_enqueue_net=None time_in_queue=0.000
[406][GREEDY] STARLINK-32442 -> STARLINK-35398 | Tramission-time: 0.0015051129421952728
[406] Energy routing consumed by STARLINK-32442: 0.000000 J (remaining 55397.35)
[MODE: BIDIRECTIONAL]
[406][GREEDY] CONSEGNATO! STARLINK-35398 -> OBS | Tramission-time: 1.5048881154080457e-11
[214.379] Task 405 enqueued on NET STARLINK-31585 qlen_enqueue_net=1
[Task 405] Task eseguito su STARLINK-31585 49.657281313834076 degrees | CPU=7232.7666J, NET=0.0080J, TOTAL=7232.7746J, Remaining=38054.56J
[214.387] Task 405 served on STARLINK-31585 qlen_enqueue_cpu=1 qlen_enqueue_net=1 time_in_queue=0.000
[405][GREEDY] STARLINK-31585 -> STARLINK-35398 | Tramission-time: 0.0012823191179132268
[405] Energy routing consumed by STARLINK-31585: 0.000000 J (remaining 38054.56)
[MODE: BIDIRECTIONAL]
[405][GREEDY] CONSEGNATO! STARLINK-35398 -> OBS | Tramission-time: 9.125071471082453e-09
---> Task 407 (Type: CPU_and_Data_Intensive) arriva in 214.66
--- [214.66] Task 407 using SearchNode Policy: v2_ilp_hybrid ---
[214.66] [Task 407] Entering ILP branch (v2)
[ε-constraint energy] sumE_B=3550.703761  bound=3905.774137  active=False
[ILP] res_type=dict value_preview={'stage': 'B', 'status': 'Optimal', 'primary': 'energy', 'tol': 0.1, 'opt_primary': 3550.7037607915436, 'objective_secondary': 0.36171509227216725, 'sumE': 3550
[214.66] [Task 407] ILP chose server: STARLINK-31585
[214.66] [Task 407] Routed STARLINK-33816 -> STARLINK-31585 | E_NET=0.000478 J | Remaining=119999.99 J
[214.661] Task 407 enqueued on CPU STARLINK-31585 qlen_enqueue=1
[215.022] Task 407 enqueued on NET STARLINK-31585 qlen_enqueue_net=1
[Task 407] Task eseguito su STARLINK-31585 49.657281313834076 degrees | CPU=3550.7031J, NET=0.0005J, TOTAL=3550.7035J, Remaining=34503.85J
[215.023] Task 407 served on STARLINK-31585 qlen_enqueue_cpu=1 qlen_enqueue_net=1 time_in_queue=0.000
[407][GREEDY] STARLINK-31585 -> STARLINK-35398 | Tramission-time: 0.0012823120988100178
[407] Energy routing consumed by STARLINK-31585: 0.000000 J (remaining 34503.85)
[MODE: BIDIRECTIONAL]
[407][GREEDY] CONSEGNATO! STARLINK-35398 -> OBS | Tramission-time: 5.99853621122018e-10
---> Task 408 (Type: Generic_Service) arriva in 215.11
--- [215.11] Task 408 using SearchNode Policy: v2_ilp_hybrid ---
[215.11] [Task 408] Entering ILP branch (v2)
[ε-constraint energy] sumE_B=418.760546  bound=460.636601  active=False
[ILP] res_type=dict value_preview={'stage': 'B', 'status': 'Optimal', 'primary': 'energy', 'tol': 0.1, 'opt_primary': 418.760546335555, 'objective_secondary': 0.04261723631521151, 'sumE': 418.76
[215.11] [Task 408] ILP chose server: STARLINK-31585
[215.11] [Task 408] Routed STARLINK-33816 -> STARLINK-31585 | E_NET=0.000027 J | Remaining=119999.99 J
[215.117] Task 408 enqueued on CPU STARLINK-31585 qlen_enqueue=1
---> Task 409 (Type: Generic_Service) arriva in 215.16
--- [215.16] Task 409 using SearchNode Policy: v2_ilp_hybrid ---
[215.16] [Task 409] Entering ILP branch (v2)
[ε-constraint energy] sumE_B=983.473076  bound=1081.820384  active=False
[ILP] res_type=dict value_preview={'stage': 'B', 'status': 'Optimal', 'primary': 'energy', 'tol': 0.1, 'opt_primary': 983.4730759824366, 'objective_secondary': 0.10000210264749836, 'sumE': 983.4
[215.16] [Task 409] ILP chose server: STARLINK-31585
[215.16] [Task 409] Routed STARLINK-33816 -> STARLINK-31585 | E_NET=0.000004 J | Remaining=119999.99 J
[Task 408] Task eseguito su STARLINK-31585 49.657281313834076 degrees | CPU=418.7605J, NET=0.0000J, TOTAL=418.7605J, Remaining=34085.09J
[215.162] Task 408 served on STARLINK-31585 qlen_enqueue_cpu=1 qlen_enqueue_net=None time_in_queue=0.000
[215.162] Task 409 enqueued on CPU STARLINK-31585 qlen_enqueue=1
[408][GREEDY] STARLINK-31585 -> STARLINK-35398 | Tramission-time: 0.0012823115932929514
[408] Energy routing consumed by STARLINK-31585: 0.000000 J (remaining 34085.09)
[MODE: BIDIRECTIONAL]
[408][GREEDY] CONSEGNATO! STARLINK-35398 -> OBS | Tramission-time: 2.943096121438631e-11
[Task 409] Task eseguito su STARLINK-31585 49.657281313834076 degrees | CPU=983.4731J, NET=0.0000J, TOTAL=983.4731J, Remaining=33101.62J
[215.263] Task 409 served on STARLINK-31585 qlen_enqueue_cpu=1 qlen_enqueue_net=None time_in_queue=0.000
[409][GREEDY] STARLINK-31585 -> STARLINK-35398 | Tramission-time: 0.001282311565638593
[409] Energy routing consumed by STARLINK-31585: 0.000000 J (remaining 33101.62)
[MODE: BIDIRECTIONAL]
[409][GREEDY] CONSEGNATO! STARLINK-35398 -> OBS | Tramission-time: 4.143582258537526e-12
---> Task 410 (Type: Generic_Service) arriva in 215.33
--- [215.33] Task 410 using SearchNode Policy: v2_ilp_hybrid ---
[215.33] [Task 410] Entering ILP branch (v2)
[ε-constraint energy] sumE_B=847.485582  bound=932.234140  active=False
[ILP] res_type=dict value_preview={'stage': 'B', 'status': 'Optimal', 'primary': 'energy', 'tol': 0.1, 'opt_primary': 847.4855820605321, 'objective_secondary': 0.08619709433133124, 'sumE': 847.4
[215.33] [Task 410] ILP chose server: STARLINK-31585
[215.33] [Task 410] Routed STARLINK-33816 -> STARLINK-31585 | E_NET=0.000019 J | Remaining=119999.99 J
[215.332] Task 410 enqueued on CPU STARLINK-31585 qlen_enqueue=1
[Task 410] Task eseguito su STARLINK-31585 49.657281313834076 degrees | CPU=847.4856J, NET=0.0000J, TOTAL=847.4856J, Remaining=32254.13J
[215.420] Task 410 served on STARLINK-31585 qlen_enqueue_cpu=1 qlen_enqueue_net=None time_in_queue=0.000
[410][GREEDY] STARLINK-31585 -> STARLINK-35398 | Tramission-time: 0.0012823115834617316
[410] Energy routing consumed by STARLINK-31585: 0.000000 J (remaining 32254.13)
[MODE: BIDIRECTIONAL]
[410][GREEDY] CONSEGNATO! STARLINK-35398 -> OBS | Tramission-time: 2.338508920714023e-11
----------------------------------------------------------------------
	||TIME IN SIMULATION : (seconds:216) (minutes: 3) ||

MODIFICA CONFIGURAZIONE IN CORSO...

Aggiornato il Tempo Globale:  2025-11-20 20:58:50
---> Task 411 (Type: CPU_and_Data_Intensive) arriva in 216.14
--- [216.14] Task 411 using SearchNode Policy: v2_ilp_hybrid ---
[216.14] [Task 411] Entering ILP branch (v2)
[ε-constraint energy] sumE_B=3610.745548  bound=3971.820103  active=False
[ILP] res_type=dict value_preview={'stage': 'B', 'status': 'Optimal', 'primary': 'energy', 'tol': 0.1, 'opt_primary': 3610.7455478149495, 'objective_secondary': 0.3777269414713872, 'sumE': 3610.
[216.14] [Task 411] ILP chose server: STARLINK-31585
[216.14] [Task 411] Routed STARLINK-33816 -> STARLINK-31585 | E_NET=0.007969 J | Remaining=119999.98 J
[216.155] Task 411 enqueued on CPU STARLINK-31585 qlen_enqueue=1
---> Task 412 (Type: Generic_Service) arriva in 216.31
--- [216.31] Task 412 using SearchNode Policy: v2_ilp_hybrid ---
[216.31] [Task 412] Entering ILP branch (v2)
[ε-constraint energy] sumE_B=350.282574  bound=385.310832  active=False
[ILP] res_type=dict value_preview={'stage': 'B', 'status': 'Optimal', 'primary': 'energy', 'tol': 0.1, 'opt_primary': 350.28257418049805, 'objective_secondary': 0.035634077447525, 'sumE': 350.28
[216.31] [Task 412] ILP chose server: STARLINK-31399
[216.31] [Task 412] Routed STARLINK-33816 -> STARLINK-31399 | E_NET=0.000014 J | Remaining=119999.98 J
[216.315] Task 412 enqueued on CPU STARLINK-31399 qlen_enqueue=1
---> Task 413 (Type: CPU_Intensive) arriva in 216.33
--- [216.33] Task 413 using SearchNode Policy: v2_ilp_hybrid ---
[216.33] [Task 413] Entering ILP branch (v2)
[ε-constraint energy] sumE_B=6353.329246  bound=6988.662171  active=False
[ILP] res_type=dict value_preview={'stage': 'B', 'status': 'Optimal', 'primary': 'energy', 'tol': 0.1, 'opt_primary': 6353.329246318174, 'objective_secondary': 0.6460233843227003, 'sumE': 6353.3
[216.33] [Task 413] ILP chose server: STARLINK-31374
[216.33] [Task 413] Routed STARLINK-33816 -> STARLINK-31374 | E_NET=0.000028 J | Remaining=119999.98 J
[216.335] Task 413 enqueued on CPU STARLINK-31374 qlen_enqueue=1
[Task 412] Task eseguito su STARLINK-31399 77.47160964169532 degrees | CPU=350.2826J, NET=0.0000J, TOTAL=350.2826J, Remaining=110803.29J
[216.352] Task 412 served on STARLINK-31399 qlen_enqueue_cpu=1 qlen_enqueue_net=None time_in_queue=0.000
---> Task 414 (Type: Generic_Service) arriva in 216.37
--- [216.37] Task 414 using SearchNode Policy: v2_ilp_hybrid ---
[216.37] [Task 414] Entering ILP branch (v2)
[ε-constraint energy] sumE_B=1080.886930  bound=1188.975622  active=False
[ILP] res_type=dict value_preview={'stage': 'B', 'status': 'Optimal', 'primary': 'energy', 'tol': 0.1, 'opt_primary': 1080.886929527287, 'objective_secondary': 0.1099412522169144, 'sumE': 1080.8
[216.37] [Task 414] ILP chose server: STARLINK-31399
[216.37] [Task 414] Routed STARLINK-33816 -> STARLINK-31399 | E_NET=0.000030 J | Remaining=119999.98 J
[216.368] Task 414 enqueued on CPU STARLINK-31399 qlen_enqueue=1
[MODE: BIDIRECTIONAL]
[412][GREEDY] CONSEGNATO! STARLINK-31399 -> OBS | Tramission-time: 1.613827185161333e-11
---> Task 415 (Type: Generic_Service) arriva in 216.43
--- [216.43] Task 415 using SearchNode Policy: v2_ilp_hybrid ---
[216.43] [Task 415] Entering ILP branch (v2)
[ε-constraint energy] sumE_B=293.992624  bound=323.391886  active=False
[ILP] res_type=dict value_preview={'stage': 'B', 'status': 'Optimal', 'primary': 'energy', 'tol': 0.1, 'opt_primary': 293.992623505174, 'objective_secondary': 0.029911037210350183, 'sumE': 293.9
[216.43] [Task 415] ILP chose server: STARLINK-32442
[216.43] [Task 415] Routed STARLINK-33816 -> STARLINK-32442 | E_NET=0.000016 J | Remaining=119999.98 J
[216.433] Task 415 enqueued on CPU STARLINK-32442 qlen_enqueue=1
[Task 415] Task eseguito su STARLINK-32442 46.16125741620874 degrees | CPU=293.9926J, NET=0.0000J, TOTAL=293.9926J, Remaining=55103.36J
[216.464] Task 415 served on STARLINK-32442 qlen_enqueue_cpu=1 qlen_enqueue_net=None time_in_queue=0.000
[415][GREEDY] STARLINK-32442 -> STARLINK-35398 | Tramission-time: 0.0015064393003633794
[415] Energy routing consumed by STARLINK-32442: 0.000000 J (remaining 55103.36)
[Task 414] Task eseguito su STARLINK-31399 77.47160964169532 degrees | CPU=1080.8869J, NET=0.0000J, TOTAL=1080.8869J, Remaining=109722.40J
[216.480] Task 414 served on STARLINK-31399 qlen_enqueue_cpu=1 qlen_enqueue_net=None time_in_queue=0.000
[216.522] Task 411 enqueued on NET STARLINK-31585 qlen_enqueue_net=1
[Task 411] Task eseguito su STARLINK-31585 48.6440479731133 degrees | CPU=3610.7349J, NET=0.0080J, TOTAL=3610.7429J, Remaining=28643.39J
[216.530] Task 411 served on STARLINK-31585 qlen_enqueue_cpu=1 qlen_enqueue_net=1 time_in_queue=0.000
[411][GREEDY] STARLINK-31585 -> STARLINK-35398 | Tramission-time: 0.0012906197862856477
[411] Energy routing consumed by STARLINK-31585: 0.000000 J (remaining 28643.39)
[MODE: BIDIRECTIONAL]
[415][GREEDY] CONSEGNATO! STARLINK-35398 -> OBS | Tramission-time: 1.5344441333719598e-11
[MODE: BIDIRECTIONAL]
[414][GREEDY] CONSEGNATO! STARLINK-31399 -> OBS | Tramission-time: 3.195514055030267e-11
[MODE: BIDIRECTIONAL]
[411][GREEDY] CONSEGNATO! STARLINK-35398 -> OBS | Tramission-time: 9.131183441679991e-09
[Task 413] Task eseguito su STARLINK-31374 35.87866251753338 degrees | CPU=6353.3292J, NET=0.0000J, TOTAL=6353.3292J, Remaining=113118.68J
[216.983] Task 413 served on STARLINK-31374 qlen_enqueue_cpu=1 qlen_enqueue_net=None time_in_queue=0.000
[413][GREEDY] STARLINK-31374 -> STARLINK-11724 [DTC] | Tramission-time: 0.001148772443116592
[413] Energy routing consumed by STARLINK-31374: 0.000000 J (remaining 113118.68)
[MODE: BIDIRECTIONAL]
[413][GREEDY] CONSEGNATO! STARLINK-11724 [DTC] -> OBS | Tramission-time: 2.74704834095375e-11
---> Task 416 (Type: Generic_Service) arriva in 217.25
--- [217.25] Task 416 using SearchNode Policy: v2_ilp_hybrid ---
[217.25] [Task 416] Entering ILP branch (v2)
[ε-constraint energy] sumE_B=696.695616  bound=766.365178  active=False
[ILP] res_type=dict value_preview={'stage': 'B', 'status': 'Optimal', 'primary': 'energy', 'tol': 0.1, 'opt_primary': 696.6956159144669, 'objective_secondary': 0.07084419784003312, 'sumE': 696.6
[217.25] [Task 416] ILP chose server: STARLINK-31585
[217.25] [Task 416] Routed STARLINK-33816 -> STARLINK-31585 | E_NET=0.000005 J | Remaining=119999.98 J
[217.253] Task 416 enqueued on CPU STARLINK-31585 qlen_enqueue=1
[Task 416] Task eseguito su STARLINK-31585 48.6440479731133 degrees | CPU=696.6956J, NET=0.0000J, TOTAL=696.6956J, Remaining=27946.70J
[217.324] Task 416 served on STARLINK-31585 qlen_enqueue_cpu=1 qlen_enqueue_net=None time_in_queue=0.000
[416][GREEDY] STARLINK-31585 -> STARLINK-35398 | Tramission-time: 0.0012906116155526812
[416] Energy routing consumed by STARLINK-31585: 0.000000 J (remaining 27946.70)
[MODE: BIDIRECTIONAL]
[416][GREEDY] CONSEGNATO! STARLINK-35398 -> OBS | Tramission-time: 5.885598445373781e-12
---> Task 417 (Type: CPU_and_Data_Intensive) arriva in 217.79
--- [217.79] Task 417 using SearchNode Policy: v2_ilp_hybrid ---
[217.79] [Task 417] Entering ILP branch (v2)
[ε-constraint energy] sumE_B=3623.415142  bound=3985.756656  active=False
[ILP] res_type=dict value_preview={'stage': 'B', 'status': 'Optimal', 'primary': 'energy', 'tol': 0.1, 'opt_primary': 3623.415141911261, 'objective_secondary': 0.37866778472945223, 'sumE': 3623.
[217.79] [Task 417] ILP chose server: STARLINK-31585
[217.79] [Task 417] Routed STARLINK-33816 -> STARLINK-31585 | E_NET=0.007707 J | Remaining=119999.98 J
[217.797] Task 417 enqueued on CPU STARLINK-31585 qlen_enqueue=1
---> Task 418 (Type: CPU_Intensive) arriva in 217.95
--- [217.95] Task 418 using SearchNode Policy: v2_ilp_hybrid ---
[217.95] [Task 418] Entering ILP branch (v2)
[ε-constraint energy] sumE_B=3953.865727  bound=4349.252300  active=False
[ILP] res_type=dict value_preview={'stage': 'B', 'status': 'Optimal', 'primary': 'energy', 'tol': 0.1, 'opt_primary': 3953.865726961826, 'objective_secondary': 0.40202161047350216, 'sumE': 3953.
[217.95] [Task 418] ILP chose server: STARLINK-31399
[217.95] [Task 418] Routed STARLINK-33816 -> STARLINK-31399 | E_NET=0.000004 J | Remaining=119999.98 J
[217.952] Task 418 enqueued on CPU STARLINK-31399 qlen_enqueue=1
----------------------------------------------------------------------
	||TIME IN SIMULATION : (seconds:218) (minutes: 3) ||

MODIFICA CONFIGURAZIONE IN CORSO...

Aggiornato il Tempo Globale:  2025-11-20 20:58:52
[218.166] Task 417 enqueued on NET STARLINK-31585 qlen_enqueue_net=1
[Task 417] Task eseguito su STARLINK-31585 47.65384891014696 degrees | CPU=3623.4049J, NET=0.0077J, TOTAL=3623.4126J, Remaining=24323.28J
[218.173] Task 417 served on STARLINK-31585 qlen_enqueue_cpu=1 qlen_enqueue_net=1 time_in_queue=0.000
[417][GREEDY] STARLINK-31585 -> STARLINK-35398 | Tramission-time: 0.0012993874773207339
[417] Energy routing consumed by STARLINK-31585: 0.000000 J (remaining 24323.28)
[MODE: BIDIRECTIONAL]
[417][GREEDY] CONSEGNATO! STARLINK-35398 -> OBS | Tramission-time: 9.468430884928161e-09
[Task 418] Task eseguito su STARLINK-31399 78.80193421394 degrees | CPU=3953.8657J, NET=0.0000J, TOTAL=3953.8657J, Remaining=105768.53J
[218.354] Task 418 served on STARLINK-31399 qlen_enqueue_cpu=1 qlen_enqueue_net=None time_in_queue=0.000
[MODE: BIDIRECTIONAL]
[418][GREEDY] CONSEGNATO! STARLINK-31399 -> OBS | Tramission-time: 4.150536371001961e-12
---> Task 419 (Type: CPU_and_Data_Intensive) arriva in 218.72
--- [218.72] Task 419 using SearchNode Policy: v2_ilp_hybrid ---
[218.72] [Task 419] Entering ILP branch (v2)
[ε-constraint energy] sumE_B=683.020473  bound=751.322521  active=False
[ILP] res_type=dict value_preview={'stage': 'B', 'status': 'Optimal', 'primary': 'energy', 'tol': 0.1, 'opt_primary': 683.0204734219352, 'objective_secondary': 0.07684462534568566, 'sumE': 683.0
[218.72] [Task 419] ILP chose server: STARLINK-31399
[218.72] [Task 419] Routed STARLINK-33816 -> STARLINK-31399 | E_NET=0.005116 J | Remaining=119999.97 J
[218.722] Task 419 enqueued on CPU STARLINK-31399 qlen_enqueue=1
[218.792] Task 419 enqueued on NET STARLINK-31399 qlen_enqueue_net=1
[Task 419] Task eseguito su STARLINK-31399 78.80193421394 degrees | CPU=683.0131J, NET=0.0051J, TOTAL=683.0182J, Remaining=105085.52J
[218.797] Task 419 served on STARLINK-31399 qlen_enqueue_cpu=1 qlen_enqueue_net=1 time_in_queue=0.000
[MODE: BIDIRECTIONAL]
[419][GREEDY] CONSEGNATO! STARLINK-31399 -> OBS | Tramission-time: 5.022834860023142e-09
---> Task 420 (Type: Generic_Service) arriva in 219.89
--- [219.89] Task 420 using SearchNode Policy: v2_ilp_hybrid ---
[219.89] [Task 420] Entering ILP branch (v2)
[ε-constraint energy] sumE_B=545.786055  bound=600.364660  active=False
[ILP] res_type=dict value_preview={'stage': 'B', 'status': 'Optimal', 'primary': 'energy', 'tol': 0.1, 'opt_primary': 545.7860546203588, 'objective_secondary': 0.05549927208562122, 'sumE': 545.7
[219.89] [Task 420] ILP chose server: STARLINK-31399
[219.89] [Task 420] Routed STARLINK-33816 -> STARLINK-31399 | E_NET=0.000004 J | Remaining=119999.97 J
[219.894] Task 420 enqueued on CPU STARLINK-31399 qlen_enqueue=1
[Task 420] Task eseguito su STARLINK-31399 78.80193421394 degrees | CPU=545.7860J, NET=0.0000J, TOTAL=545.7861J, Remaining=104539.73J
[219.950] Task 420 served on STARLINK-31399 qlen_enqueue_cpu=1 qlen_enqueue_net=None time_in_queue=0.000
[MODE: BIDIRECTIONAL]
[420][GREEDY] CONSEGNATO! STARLINK-31399 -> OBS | Tramission-time: 4.0350639865042675e-12
----------------------------------------------------------------------
	||TIME IN SIMULATION : (seconds:220) (minutes: 3) ||

MODIFICA CONFIGURAZIONE IN CORSO...

Aggiornato il Tempo Globale:  2025-11-20 20:58:54
---> Task 421 (Type: CPU_and_Data_Intensive) arriva in 220.02
--- [220.02] Task 421 using SearchNode Policy: v2_ilp_hybrid ---
[220.02] [Task 421] Entering ILP branch (v2)
[ε-constraint energy] sumE_B=4232.752263  bound=4656.027489  active=False
[ILP] res_type=dict value_preview={'stage': 'B', 'status': 'Optimal', 'primary': 'energy', 'tol': 0.1, 'opt_primary': 4232.75226281175, 'objective_secondary': 0.43764901829244274, 'sumE': 4232.7
[220.02] [Task 421] ILP chose server: STARLINK-31399
[220.02] [Task 421] Routed STARLINK-33816 -> STARLINK-31399 | E_NET=0.005594 J | Remaining=119999.96 J
[220.021] Task 421 enqueued on CPU STARLINK-31399 qlen_enqueue=1
---> Task 422 (Type: CPU_and_Data_Intensive) arriva in 220.04
--- [220.04] Task 422 using SearchNode Policy: v2_ilp_hybrid ---
[220.04] [Task 422] Entering ILP branch (v2)
[ε-constraint energy] sumE_B=1063.775330  bound=1170.152863  active=False
[ILP] res_type=dict value_preview={'stage': 'B', 'status': 'Optimal', 'primary': 'energy', 'tol': 0.1, 'opt_primary': 1063.7753301363598, 'objective_secondary': 0.11899378496485204, 'sumE': 1063
[220.04] [Task 422] ILP chose server: STARLINK-31374
[220.04] [Task 422] Routed STARLINK-33816 -> STARLINK-31374 | E_NET=0.010182 J | Remaining=119999.95 J
[220.056] Task 422 enqueued on CPU STARLINK-31374 qlen_enqueue=1
[220.164] Task 422 enqueued on NET STARLINK-31374 qlen_enqueue_net=1
[Task 422] Task eseguito su STARLINK-31374 36.40354018128323 degrees | CPU=1063.7645J, NET=0.0102J, TOTAL=1063.7747J, Remaining=112054.91J
[220.174] Task 422 served on STARLINK-31374 qlen_enqueue_cpu=1 qlen_enqueue_net=1 time_in_queue=0.000
[422][GREEDY] STARLINK-31374 -> STARLINK-11724 [DTC] | Tramission-time: 0.0011595301124406325
[422] Energy routing consumed by STARLINK-31374: 0.000000 J (remaining 112054.91)
[MODE: BIDIRECTIONAL]
[422][GREEDY] CONSEGNATO! STARLINK-11724 [DTC] -> OBS | Tramission-time: 8.543565717962582e-09
[220.452] Task 421 enqueued on NET STARLINK-31399 qlen_enqueue_net=1
[Task 421] Task eseguito su STARLINK-31399 80.04457481481944 degrees | CPU=4232.7450J, NET=0.0056J, TOTAL=4232.7506J, Remaining=100306.98J
[220.457] Task 421 served on STARLINK-31399 qlen_enqueue_cpu=1 qlen_enqueue_net=1 time_in_queue=0.000
[MODE: BIDIRECTIONAL]
[421][GREEDY] CONSEGNATO! STARLINK-31399 -> OBS | Tramission-time: 5.613612969190598e-09
---> Task 423 (Type: CPU_and_Data_Intensive) arriva in 221.32
--- [221.32] Task 423 using SearchNode Policy: v2_ilp_hybrid ---
[221.32] [Task 423] Entering ILP branch (v2)
[ε-constraint energy] sumE_B=17644.007606  bound=19408.408367  active=False
[ILP] res_type=dict value_preview={'stage': 'B', 'status': 'Optimal', 'primary': 'energy', 'tol': 0.1, 'opt_primary': 17644.007606398052, 'objective_secondary': 1.7944021050554124, 'sumE': 17644
[221.32] [Task 423] ILP chose server: STARLINK-31399
[221.32] [Task 423] Routed STARLINK-33816 -> STARLINK-31399 | E_NET=0.000320 J | Remaining=119999.95 J
[221.319] Task 423 enqueued on CPU STARLINK-31399 qlen_enqueue=1
----------------------------------------------------------------------
	||TIME IN SIMULATION : (seconds:222) (minutes: 3) ||

MODIFICA CONFIGURAZIONE IN CORSO...

Aggiornato il Tempo Globale:  2025-11-20 20:58:56
---> Task 424 (Type: CPU_and_Data_Intensive) arriva in 222.32
--- [222.32] Task 424 using SearchNode Policy: v2_ilp_hybrid ---
[222.32] [Task 424] Entering ILP branch (v2)
[ε-constraint energy] sumE_B=6244.026158  bound=6868.428774  active=False
[ILP] res_type=dict value_preview={'stage': 'B', 'status': 'Optimal', 'primary': 'energy', 'tol': 0.1, 'opt_primary': 6244.026158134148, 'objective_secondary': 0.635071050837705, 'sumE': 6244.02
[222.32] [Task 424] ILP chose server: STARLINK-31374
[222.32] [Task 424] Routed STARLINK-33816 -> STARLINK-31374 | E_NET=0.000142 J | Remaining=119999.95 J
[222.319] Task 424 enqueued on CPU STARLINK-31374 qlen_enqueue=1
---> Task 425 (Type: CPU_and_Data_Intensive) arriva in 222.45
--- [222.45] Task 425 using SearchNode Policy: v2_ilp_hybrid ---
[222.45] [Task 425] Entering ILP branch (v2)
[ε-constraint energy] sumE_B=4003.423741  bound=4403.766116  active=False
[ILP] res_type=dict value_preview={'stage': 'B', 'status': 'Optimal', 'primary': 'energy', 'tol': 0.1, 'opt_primary': 4003.423741489101, 'objective_secondary': 0.40824977174391675, 'sumE': 4003.
[222.45] [Task 425] ILP chose server: STARLINK-3130
[222.45] [Task 425] Routed STARLINK-33816 -> STARLINK-3130 | E_NET=0.001135 J | Remaining=119999.95 J
[222.447] Task 425 enqueued on CPU STARLINK-3130 qlen_enqueue=1
[222.854] Task 425 enqueued on NET STARLINK-3130 qlen_enqueue_net=1
[Task 425] Task eseguito su STARLINK-3130 52.93880605100198 degrees | CPU=4003.4225J, NET=0.0011J, TOTAL=4003.4237J, Remaining=115996.58J
[222.855] Task 425 served on STARLINK-3130 qlen_enqueue_cpu=1 qlen_enqueue_net=1 time_in_queue=0.000
[425][GREEDY] STARLINK-3130 -> STARLINK-11724 [DTC] | Tramission-time: 0.001965618788479847
[425] Energy routing consumed by STARLINK-3130: 0.000000 J (remaining 115996.58)
[MODE: BIDIRECTIONAL]
[425][GREEDY] CONSEGNATO! STARLINK-11724 [DTC] -> OBS | Tramission-time: 9.9329765679061e-10
---> Task 426 (Type: CPU_Intensive) arriva in 222.93
--- [222.93] Task 426 using SearchNode Policy: v2_ilp_hybrid ---
[222.93] [Task 426] Entering ILP branch (v2)
[ε-constraint energy] sumE_B=7813.833502  bound=8595.216852  active=False
[ILP] res_type=dict value_preview={'stage': 'B', 'status': 'Optimal', 'primary': 'energy', 'tol': 0.1, 'opt_primary': 7813.8335022440415, 'objective_secondary': 0.7945248822452664, 'sumE': 7813.
[222.93] [Task 426] ILP chose server: STARLINK-3130
[222.93] [Task 426] Routed STARLINK-33816 -> STARLINK-3130 | E_NET=0.000037 J | Remaining=119999.95 J
[222.926] Task 426 enqueued on CPU STARLINK-3130 qlen_enqueue=1
[222.954] Task 424 enqueued on NET STARLINK-31374 qlen_enqueue_net=1
[Task 424] Task eseguito su STARLINK-31374 36.6476249413922 degrees | CPU=6244.0260J, NET=0.0001J, TOTAL=6244.0261J, Remaining=105810.88J
[222.954] Task 424 served on STARLINK-31374 qlen_enqueue_cpu=1 qlen_enqueue_net=1 time_in_queue=0.000
[424][GREEDY] STARLINK-31374 -> STARLINK-11724 [DTC] | Tramission-time: 0.0011648968364528945
[424] Energy routing consumed by STARLINK-31374: 0.000000 J (remaining 105810.88)
[MODE: BIDIRECTIONAL]
[424][GREEDY] CONSEGNATO! STARLINK-11724 [DTC] -> OBS | Tramission-time: 1.7265381689126982e-10
[223.113] Task 423 enqueued on NET STARLINK-31399 qlen_enqueue_net=1
[Task 423] Task eseguito su STARLINK-31399 81.15354606509426 degrees | CPU=17644.0072J, NET=0.0003J, TOTAL=17644.0075J, Remaining=82662.97J
[223.113] Task 423 served on STARLINK-31399 qlen_enqueue_cpu=1 qlen_enqueue_net=1 time_in_queue=0.000
[MODE: BIDIRECTIONAL]
[423][GREEDY] CONSEGNATO! STARLINK-31399 -> OBS | Tramission-time: 3.1532638476045476e-10
[Task 426] Task eseguito su STARLINK-3130 52.93880605100198 degrees | CPU=7813.8335J, NET=0.0000J, TOTAL=7813.8335J, Remaining=108182.74J
[223.723] Task 426 served on STARLINK-3130 qlen_enqueue_cpu=1 qlen_enqueue_net=None time_in_queue=0.000
[426][GREEDY] STARLINK-3130 -> STARLINK-11724 [DTC] | Tramission-time: 0.0019656179144814834
[426] Energy routing consumed by STARLINK-3130: 0.000000 J (remaining 108182.74)
[MODE: BIDIRECTIONAL]
[426][GREEDY] CONSEGNATO! STARLINK-11724 [DTC] -> OBS | Tramission-time: 2.6931343671026323e-11
----------------------------------------------------------------------
	||TIME IN SIMULATION : (seconds:224) (minutes: 3) ||

MODIFICA CONFIGURAZIONE IN CORSO...

Aggiornato il Tempo Globale:  2025-11-20 20:58:58
---> Task 427 (Type: CPU_and_Data_Intensive) arriva in 224.33
--- [224.33] Task 427 using SearchNode Policy: v2_ilp_hybrid ---
[224.33] [Task 427] Entering ILP branch (v2)
[ε-constraint energy] sumE_B=1319.147270  bound=1451.061997  active=False
[ILP] res_type=dict value_preview={'stage': 'B', 'status': 'Optimal', 'primary': 'energy', 'tol': 0.1, 'opt_primary': 1319.1472696995036, 'objective_secondary': 0.13730789304242777, 'sumE': 1319
[224.33] [Task 427] ILP chose server: STARLINK-31585
[224.33] [Task 427] Routed STARLINK-33816 -> STARLINK-31585 | E_NET=0.003087 J | Remaining=119999.95 J
[224.337] Task 427 enqueued on CPU STARLINK-31585 qlen_enqueue=1
[224.471] Task 427 enqueued on NET STARLINK-31585 qlen_enqueue_net=1
[Task 427] Task eseguito su STARLINK-31585 44.81987442481209 degrees | CPU=1319.1441J, NET=0.0031J, TOTAL=1319.1472J, Remaining=23004.14J
[224.474] Task 427 served on STARLINK-31585 qlen_enqueue_cpu=1 qlen_enqueue_net=1 time_in_queue=0.000
[427][GREEDY] STARLINK-31585 -> STARLINK-31399 | Tramission-time: 0.0017036606462516668
[427] Energy routing consumed by STARLINK-31585: 0.000000 J (remaining 23004.14)
[MODE: BIDIRECTIONAL]
[427][GREEDY] CONSEGNATO! STARLINK-31399 -> OBS | Tramission-time: 2.9174740347892635e-09
---> Task 428 (Type: CPU_and_Data_Intensive) arriva in 225.09
--- [225.09] Task 428 using SearchNode Policy: v2_ilp_hybrid ---
[225.09] [Task 428] Entering ILP branch (v2)
[ε-constraint energy] sumE_B=10836.660071  bound=11920.326078  active=False
[ILP] res_type=dict value_preview={'stage': 'B', 'status': 'Optimal', 'primary': 'energy', 'tol': 0.1, 'opt_primary': 10836.66007096044, 'objective_secondary': 1.1068490967096405, 'sumE': 10836.
[225.09] [Task 428] ILP chose server: STARLINK-31585
[225.09] [Task 428] Routed STARLINK-33816 -> STARLINK-31585 | E_NET=0.004864 J | Remaining=119999.95 J
[225.094] Task 428 enqueued on CPU STARLINK-31585 qlen_enqueue=1
---> Task 429 (Type: Generic_Service) arriva in 225.47
--- [225.47] Task 429 using SearchNode Policy: v2_ilp_hybrid ---
[225.47] [Task 429] Entering ILP branch (v2)
[ε-constraint energy] sumE_B=383.021869  bound=421.324056  active=False
[ILP] res_type=dict value_preview={'stage': 'B', 'status': 'Optimal', 'primary': 'energy', 'tol': 0.1, 'opt_primary': 383.0218694408211, 'objective_secondary': 0.038973063341695875, 'sumE': 383.
[225.47] [Task 429] ILP chose server: STARLINK-31399
[225.47] [Task 429] Routed STARLINK-33816 -> STARLINK-31399 | E_NET=0.000024 J | Remaining=119999.95 J
[225.471] Task 429 enqueued on CPU STARLINK-31399 qlen_enqueue=1
[Task 429] Task eseguito su STARLINK-31399 82.06453227264234 degrees | CPU=383.0218J, NET=0.0000J, TOTAL=383.0219J, Remaining=82279.95J
[225.512] Task 429 served on STARLINK-31399 qlen_enqueue_cpu=1 qlen_enqueue_net=None time_in_queue=0.000
[MODE: BIDIRECTIONAL]
[429][GREEDY] CONSEGNATO! STARLINK-31399 -> OBS | Tramission-time: 2.0196005845561845e-11
----------------------------------------------------------------------
	||TIME IN SIMULATION : (seconds:226) (minutes: 3) ||

MODIFICA CONFIGURAZIONE IN CORSO...

Aggiornato il Tempo Globale:  2025-11-20 20:59:00
[226.196] Task 428 enqueued on NET STARLINK-31585 qlen_enqueue_net=1
[Task 428] Task eseguito su STARLINK-31585 43.91987866600024 degrees | CPU=10836.6551J, NET=0.0049J, TOTAL=10836.6599J, Remaining=12167.48J
[226.201] Task 428 served on STARLINK-31585 qlen_enqueue_cpu=1 qlen_enqueue_net=1 time_in_queue=0.000
---> Task 430 (Type: CPU_and_Data_Intensive) arriva in 226.27
--- [226.27] Task 430 using SearchNode Policy: v2_ilp_hybrid ---
[226.27] [Task 430] Entering ILP branch (v2)
[ε-constraint energy] sumE_B=10024.624606  bound=11027.087067  active=False
[ILP] res_type=dict value_preview={'stage': 'B', 'status': 'Optimal', 'primary': 'energy', 'tol': 0.1, 'opt_primary': 10024.624606478754, 'objective_secondary': 1.0283033151032277, 'sumE': 10024
[226.27] [Task 430] ILP chose server: STARLINK-31399
[226.27] [Task 430] Routed STARLINK-33816 -> STARLINK-31399 | E_NET=0.006993 J | Remaining=119999.94 J
[226.273] Task 430 enqueued on CPU STARLINK-31399 qlen_enqueue=1
[428][GREEDY] STARLINK-31585 -> STARLINK-31399 | Tramission-time: 0.0017038809409206353
[428] Energy routing consumed by STARLINK-31585: 0.000000 J (remaining 12167.48)
[MODE: BIDIRECTIONAL]
[428][GREEDY] CONSEGNATO! STARLINK-31399 -> OBS | Tramission-time: 4.388688967496553e-09
---> Task 431 (Type: CPU_Intensive) arriva in 226.44
--- [226.44] Task 431 using SearchNode Policy: v2_ilp_hybrid ---
[226.44] [Task 431] Entering ILP branch (v2)
[ε-constraint energy] sumE_B=193.842458  bound=213.226704  active=False
[ILP] res_type=dict value_preview={'stage': 'B', 'status': 'Optimal', 'primary': 'energy', 'tol': 0.1, 'opt_primary': 193.84245790759104, 'objective_secondary': 0.01971632036136818, 'sumE': 193.
[226.44] [Task 431] ILP chose server: STARLINK-31585
[226.44] [Task 431] Routed STARLINK-33816 -> STARLINK-31585 | E_NET=0.000005 J | Remaining=119999.94 J
[226.442] Task 431 enqueued on CPU STARLINK-31585 qlen_enqueue=1
[Task 431] Task eseguito su STARLINK-31585 43.91987866600024 degrees | CPU=193.8425J, NET=0.0000J, TOTAL=193.8425J, Remaining=11973.63J
[226.462] Task 431 served on STARLINK-31585 qlen_enqueue_cpu=1 qlen_enqueue_net=None time_in_queue=0.000
[431][GREEDY] STARLINK-31585 -> STARLINK-31399 | Tramission-time: 0.0017038766251947174
[431] Energy routing consumed by STARLINK-31585: 0.000000 J (remaining 11973.63)
[MODE: BIDIRECTIONAL]
[431][GREEDY] CONSEGNATO! STARLINK-31399 -> OBS | Tramission-time: 6.0649412783162225e-12
---> Task 432 (Type: Generic_Service) arriva in 226.77
--- [226.77] Task 432 using SearchNode Policy: v2_ilp_hybrid ---
[226.77] [Task 432] Entering ILP branch (v2)
[ε-constraint energy] sumE_B=521.062931  bound=573.169224  active=False
[ILP] res_type=dict value_preview={'stage': 'B', 'status': 'Optimal', 'primary': 'energy', 'tol': 0.1, 'opt_primary': 521.0629308775661, 'objective_secondary': 0.053020228327047975, 'sumE': 521.
[226.77] [Task 432] ILP chose server: STARLINK-31374
[226.77] [Task 432] Routed STARLINK-33816 -> STARLINK-31374 | E_NET=0.000037 J | Remaining=119999.94 J
[226.775] Task 432 enqueued on CPU STARLINK-31374 qlen_enqueue=1
[Task 432] Task eseguito su STARLINK-31374 37.095444573812856 degrees | CPU=521.0629J, NET=0.0000J, TOTAL=521.0629J, Remaining=105289.82J
[226.831] Task 432 served on STARLINK-31374 qlen_enqueue_cpu=1 qlen_enqueue_net=None time_in_queue=0.000
---> Task 433 (Type: Generic_Service) arriva in 226.89
--- [226.89] Task 433 using SearchNode Policy: v2_ilp_hybrid ---
[226.89] [Task 433] Entering ILP branch (v2)
[ε-constraint energy] sumE_B=34.876634  bound=38.364297  active=False
[ILP] res_type=dict value_preview={'stage': 'B', 'status': 'Optimal', 'primary': 'energy', 'tol': 0.1, 'opt_primary': 34.876633703793246, 'objective_secondary': 0.003562485990400582, 'sumE': 34.
[226.89] [Task 433] ILP chose server: STARLINK-31585
[226.89] [Task 433] Routed STARLINK-33816 -> STARLINK-31585 | E_NET=0.000012 J | Remaining=119999.94 J
[226.889] Task 433 enqueued on CPU STARLINK-31585 qlen_enqueue=1
[432][GREEDY] STARLINK-31374 -> STARLINK-11724 [DTC] | Tramission-time: 0.001175644117511932
[432] Energy routing consumed by STARLINK-31374: 0.000000 J (remaining 105289.82)
[Task 433] Task eseguito su STARLINK-31585 43.91987866600024 degrees | CPU=34.8766J, NET=0.0000J, TOTAL=34.8766J, Remaining=11938.76J
[226.894] Task 433 served on STARLINK-31585 qlen_enqueue_cpu=1 qlen_enqueue_net=None time_in_queue=0.000
[433][GREEDY] STARLINK-31585 -> STARLINK-31399 | Tramission-time: 0.0017038766351598993
[433] Energy routing consumed by STARLINK-31585: 0.000000 J (remaining 11938.76)
[MODE: BIDIRECTIONAL]
[433][GREEDY] CONSEGNATO! STARLINK-31399 -> OBS | Tramission-time: 1.4407105594250153e-11
[MODE: BIDIRECTIONAL]
[432][GREEDY] CONSEGNATO! STARLINK-11724 [DTC] -> OBS | Tramission-time: 3.540058698838081e-11
---> Task 434 (Type: Generic_Service) arriva in 227.13
--- [227.13] Task 434 using SearchNode Policy: v2_ilp_hybrid ---
[227.13] [Task 434] Entering ILP branch (v2)
[ε-constraint energy] sumE_B=1518.810737  bound=1670.691810  active=False
[ILP] res_type=dict value_preview={'stage': 'B', 'status': 'Optimal', 'primary': 'energy', 'tol': 0.1, 'opt_primary': 1518.8107367445177, 'objective_secondary': 0.15445617439694947, 'sumE': 1518
[227.13] [Task 434] ILP chose server: STARLINK-31374
[227.13] [Task 434] Routed STARLINK-33816 -> STARLINK-31374 | E_NET=0.000026 J | Remaining=119999.94 J
[227.129] Task 434 enqueued on CPU STARLINK-31374 qlen_enqueue=1
[Task 434] Task eseguito su STARLINK-31374 37.095444573812856 degrees | CPU=1518.8107J, NET=0.0000J, TOTAL=1518.8107J, Remaining=103771.01J
[227.285] Task 434 served on STARLINK-31374 qlen_enqueue_cpu=1 qlen_enqueue_net=None time_in_queue=0.000
[227.292] Task 430 enqueued on NET STARLINK-31399 qlen_enqueue_net=1
[434][GREEDY] STARLINK-31374 -> STARLINK-11724 [DTC] | Tramission-time: 0.0011756441040326564
[434] Energy routing consumed by STARLINK-31374: 0.000000 J (remaining 103771.01)
[Task 430] Task eseguito su STARLINK-31399 82.6965356148318 degrees | CPU=10024.6156J, NET=0.0070J, TOTAL=10024.6226J, Remaining=72255.33J
[227.299] Task 430 served on STARLINK-31399 qlen_enqueue_cpu=1 qlen_enqueue_net=1 time_in_queue=0.000
[MODE: BIDIRECTIONAL]
[430][GREEDY] CONSEGNATO! STARLINK-31399 -> OBS | Tramission-time: 6.441903796855308e-09
[MODE: BIDIRECTIONAL]
[434][GREEDY] CONSEGNATO! STARLINK-11724 [DTC] -> OBS | Tramission-time: 2.027680006029688e-11
----------------------------------------------------------------------
	||TIME IN SIMULATION : (seconds:228) (minutes: 3) ||

MODIFICA CONFIGURAZIONE IN CORSO...

Aggiornato il Tempo Globale:  2025-11-20 20:59:02
---> Task 435 (Type: Generic_Service) arriva in 228.34
--- [228.34] Task 435 using SearchNode Policy: v2_ilp_hybrid ---
[228.34] [Task 435] Entering ILP branch (v2)
[ε-constraint energy] sumE_B=341.418793  bound=375.560672  active=False
[ILP] res_type=dict value_preview={'stage': 'B', 'status': 'Optimal', 'primary': 'energy', 'tol': 0.1, 'opt_primary': 341.4187930543801, 'objective_secondary': 0.034724496268744576, 'sumE': 341.
[228.34] [Task 435] ILP chose server: STARLINK-31585
[228.34] [Task 435] Routed STARLINK-33816 -> STARLINK-31585 | E_NET=0.000008 J | Remaining=119999.94 J
[228.341] Task 435 enqueued on CPU STARLINK-31585 qlen_enqueue=1
---> Task 436 (Type: CPU_and_Data_Intensive) arriva in 228.36
--- [228.36] Task 436 using SearchNode Policy: v2_ilp_hybrid ---
[228.36] [Task 436] Entering ILP branch (v2)
[ε-constraint energy] sumE_B=1442.763145  bound=1587.039459  active=False
[ILP] res_type=dict value_preview={'stage': 'B', 'status': 'Optimal', 'primary': 'energy', 'tol': 0.1, 'opt_primary': 1442.7631448732313, 'objective_secondary': 0.15652893495641693, 'sumE': 1442
[228.36] [Task 436] ILP chose server: STARLINK-31399
[228.36] [Task 436] Routed STARLINK-33816 -> STARLINK-31399 | E_NET=0.008189 J | Remaining=119999.93 J
[228.373] Task 436 enqueued on CPU STARLINK-31399 qlen_enqueue=1
[Task 435] Task eseguito su STARLINK-31585 43.04163976252112 degrees | CPU=341.4188J, NET=0.0000J, TOTAL=341.4188J, Remaining=11597.34J
[228.376] Task 435 served on STARLINK-31585 qlen_enqueue_cpu=1 qlen_enqueue_net=None time_in_queue=0.000
[435][GREEDY] STARLINK-31585 -> STARLINK-31399 | Tramission-time: 0.0017041986238406012
[435] Energy routing consumed by STARLINK-31585: 0.000000 J (remaining 11597.34)
[MODE: BIDIRECTIONAL]
[435][GREEDY] CONSEGNATO! STARLINK-31399 -> OBS | Tramission-time: 7.554050538464641e-12
[228.519] Task 436 enqueued on NET STARLINK-31399 qlen_enqueue_net=1
[Task 436] Task eseguito su STARLINK-31399 82.9696041826889 degrees | CPU=1442.7533J, NET=0.0082J, TOTAL=1442.7615J, Remaining=70812.56J
[228.528] Task 436 served on STARLINK-31399 qlen_enqueue_cpu=1 qlen_enqueue_net=1 time_in_queue=0.000
[MODE: BIDIRECTIONAL]
[436][GREEDY] CONSEGNATO! STARLINK-31399 -> OBS | Tramission-time: 6.49210594260268e-09
---> Task 437 (Type: Generic_Service) arriva in 229.66
--- [229.66] Task 437 using SearchNode Policy: v2_ilp_hybrid ---
[229.66] [Task 437] Entering ILP branch (v2)
[ε-constraint energy] sumE_B=26.481957  bound=29.130153  active=False
[ILP] res_type=dict value_preview={'stage': 'B', 'status': 'Optimal', 'primary': 'energy', 'tol': 0.1, 'opt_primary': 26.481957322619497, 'objective_secondary': 0.0027250660330795378, 'sumE': 26
[229.66] [Task 437] ILP chose server: STARLINK-31763
[229.66] [Task 437] Routed STARLINK-33816 -> STARLINK-31763 | E_NET=0.000028 J | Remaining=119999.93 J
[229.658] Task 437 enqueued on CPU STARLINK-31763 qlen_enqueue=1
[Task 437] Task eseguito su STARLINK-31763 59.75651308207771 degrees | CPU=26.4819J, NET=0.0000J, TOTAL=26.4820J, Remaining=41.16J
[229.663] Task 437 served on STARLINK-31763 qlen_enqueue_cpu=1 qlen_enqueue_net=None time_in_queue=0.000
[437][GREEDY] STARLINK-31763 -> STARLINK-11724 [DTC] | Tramission-time: 0.0018397844981163805
[437] Energy routing consumed by STARLINK-31763: 0.000000 J (remaining 41.16)
[MODE: BIDIRECTIONAL]
[437][GREEDY] CONSEGNATO! STARLINK-11724 [DTC] -> OBS | Tramission-time: 2.899583983915101e-11
----------------------------------------------------------------------
	||TIME IN SIMULATION : (seconds:230) (minutes: 3) ||

MODIFICA CONFIGURAZIONE IN CORSO...

Aggiornato il Tempo Globale:  2025-11-20 20:59:04
---> Task 438 (Type: CPU_Intensive) arriva in 230.22
--- [230.22] Task 438 using SearchNode Policy: v2_ilp_hybrid ---
[230.22] [Task 438] Entering ILP branch (v2)
[ε-constraint energy] sumE_B=4069.642665  bound=4476.606932  active=False
[ILP] res_type=dict value_preview={'stage': 'B', 'status': 'Optimal', 'primary': 'energy', 'tol': 0.1, 'opt_primary': 4069.6426654534084, 'objective_secondary': 0.41379956060150985, 'sumE': 4069
[230.22] [Task 438] ILP chose server: STARLINK-31585
[230.22] [Task 438] Routed STARLINK-30286 -> STARLINK-31585 | E_NET=0.000009 J | Remaining=120000.00 J
[230.218] Task 438 enqueued on CPU STARLINK-31585 qlen_enqueue=1
[Task 438] Task eseguito su STARLINK-31585 42.18475213580833 degrees | CPU=4069.6427J, NET=0.0000J, TOTAL=4069.6427J, Remaining=7527.70J
[230.633] Task 438 served on STARLINK-31585 qlen_enqueue_cpu=1 qlen_enqueue_net=None time_in_queue=0.000
[438][GREEDY] STARLINK-31585 -> STARLINK-33816 | Tramission-time: 0.002094737289155682
[438] Energy routing consumed by STARLINK-31585: 0.000000 J (remaining 7527.70)
[MODE: BIDIRECTIONAL]
[438][GREEDY] CONSEGNATO! STARLINK-33816 -> OBS | Tramission-time: 7.647857436916798e-12
---> Task 439 (Type: Generic_Service) arriva in 230.95
--- [230.95] Task 439 using SearchNode Policy: v2_ilp_hybrid ---
[230.95] [Task 439] Entering ILP branch (v2)
[ε-constraint energy] sumE_B=692.112657  bound=761.323923  active=False
[ILP] res_type=dict value_preview={'stage': 'B', 'status': 'Optimal', 'primary': 'energy', 'tol': 0.1, 'opt_primary': 692.1126574161437, 'objective_secondary': 0.07038196612183943, 'sumE': 692.1
[230.95] [Task 439] ILP chose server: STARLINK-31585
[230.95] [Task 439] Routed STARLINK-30286 -> STARLINK-31585 | E_NET=0.000008 J | Remaining=120000.00 J
[230.957] Task 439 enqueued on CPU STARLINK-31585 qlen_enqueue=1
[Task 439] Task eseguito su STARLINK-31585 42.18475213580833 degrees | CPU=692.1126J, NET=0.0000J, TOTAL=692.1127J, Remaining=6835.58J
[231.028] Task 439 served on STARLINK-31585 qlen_enqueue_cpu=1 qlen_enqueue_net=None time_in_queue=0.000
[439][GREEDY] STARLINK-31585 -> STARLINK-33816 | Tramission-time: 0.002094737287134512
[439] Energy routing consumed by STARLINK-31585: 0.000000 J (remaining 6835.58)
[MODE: BIDIRECTIONAL]
[439][GREEDY] CONSEGNATO! STARLINK-33816 -> OBS | Tramission-time: 7.979015244230635e-12
---> Task 440 (Type: CPU_Intensive) arriva in 231.41
--- [231.41] Task 440 using SearchNode Policy: v2_ilp_hybrid ---
[231.41] [Task 440] Entering ILP branch (v2)
[ε-constraint energy] sumE_B=1496.258384  bound=1645.884223  active=False
[ILP] res_type=dict value_preview={'stage': 'B', 'status': 'Optimal', 'primary': 'energy', 'tol': 0.1, 'opt_primary': 1496.2583843209397, 'objective_secondary': 0.15214721460553113, 'sumE': 1496
[231.41] [Task 440] ILP chose server: STARLINK-31585
[231.41] [Task 440] Routed STARLINK-30286 -> STARLINK-31585 | E_NET=0.000010 J | Remaining=120000.00 J
[231.411] Task 440 enqueued on CPU STARLINK-31585 qlen_enqueue=1
[Task 440] Task eseguito su STARLINK-31585 42.18475213580833 degrees | CPU=1496.2584J, NET=0.0000J, TOTAL=1496.2584J, Remaining=5339.33J
[231.564] Task 440 served on STARLINK-31585 qlen_enqueue_cpu=1 qlen_enqueue_net=None time_in_queue=0.000
[440][GREEDY] STARLINK-31585 -> STARLINK-33816 | Tramission-time: 0.002094737287431499
[440] Energy routing consumed by STARLINK-31585: 0.000000 J (remaining 5339.33)
[MODE: BIDIRECTIONAL]
[440][GREEDY] CONSEGNATO! STARLINK-33816 -> OBS | Tramission-time: 1.1565425714217845e-11
----------------------------------------------------------------------
	||TIME IN SIMULATION : (seconds:232) (minutes: 3) ||

MODIFICA CONFIGURAZIONE IN CORSO...

Aggiornato il Tempo Globale:  2025-11-20 20:59:06
---> Task 441 (Type: CPU_Intensive) arriva in 232.90
--- [232.90] Task 441 using SearchNode Policy: v2_ilp_hybrid ---
[232.90] [Task 441] Entering ILP branch (v2)
[ε-constraint energy] sumE_B=2517.806879  bound=2769.587567  active=False
[ILP] res_type=dict value_preview={'stage': 'B', 'status': 'Optimal', 'primary': 'energy', 'tol': 0.1, 'opt_primary': 2517.8068794573046, 'objective_secondary': 0.2560314805739271, 'sumE': 2517.
[232.90] [Task 441] ILP chose server: STARLINK-31585
[232.90] [Task 441] Routed STARLINK-30286 -> STARLINK-31585 | E_NET=0.000022 J | Remaining=120000.00 J
[232.904] Task 441 enqueued on CPU STARLINK-31585 qlen_enqueue=1
---> Task 442 (Type: CPU_Intensive) arriva in 232.92
--- [232.92] Task 442 using SearchNode Policy: v2_ilp_hybrid ---
[232.92] [Task 442] Entering ILP branch (v2)
[ε-constraint energy] sumE_B=1417.274670  bound=1559.002138  active=False
[ILP] res_type=dict value_preview={'stage': 'B', 'status': 'Optimal', 'primary': 'energy', 'tol': 0.1, 'opt_primary': 1417.2746704836427, 'objective_secondary': 0.14411288935222002, 'sumE': 1417
[232.92] [Task 442] ILP chose server: STARLINK-31399
[232.92] [Task 442] Routed STARLINK-30286 -> STARLINK-31399 | E_NET=0.000006 J | Remaining=120000.00 J
[232.917] Task 442 enqueued on CPU STARLINK-31399 qlen_enqueue=1
---> Task 443 (Type: Generic_Service) arriva in 232.92
--- [232.92] Task 443 using SearchNode Policy: v2_ilp_hybrid ---
[232.92] [Task 443] Entering ILP branch (v2)
[ε-constraint energy] sumE_B=460.706809  bound=506.777490  active=False
[ILP] res_type=dict value_preview={'stage': 'B', 'status': 'Optimal', 'primary': 'energy', 'tol': 0.1, 'opt_primary': 460.70680870490503, 'objective_secondary': 0.04686604641119877, 'sumE': 460.
[232.92] [Task 443] ILP chose server: STARLINK-31374
[232.92] [Task 443] Routed STARLINK-30286 -> STARLINK-31374 | E_NET=0.000017 J | Remaining=120000.00 J
[232.923] Task 443 enqueued on CPU STARLINK-31374 qlen_enqueue=1
[Task 443] Task eseguito su STARLINK-31374 37.65596366549878 degrees | CPU=460.7068J, NET=0.0000J, TOTAL=460.7068J, Remaining=103310.30J
[232.971] Task 443 served on STARLINK-31374 qlen_enqueue_cpu=1 qlen_enqueue_net=None time_in_queue=0.000
[443][GREEDY] STARLINK-31374 -> STARLINK-11724 [DTC] | Tramission-time: 0.001191760211669934
[443] Energy routing consumed by STARLINK-31374: 0.000000 J (remaining 103310.30)
[Task 442] Task eseguito su STARLINK-31399 82.33122993136489 degrees | CPU=1417.2747J, NET=0.0000J, TOTAL=1417.2747J, Remaining=69395.29J
[233.062] Task 442 served on STARLINK-31399 qlen_enqueue_cpu=1 qlen_enqueue_net=None time_in_queue=0.000
---> Task 444 (Type: CPU_and_Data_Intensive) arriva in 233.06
--- [233.06] Task 444 using SearchNode Policy: v2_ilp_hybrid ---
[233.06] [Task 444] Entering ILP branch (v2)
[ε-constraint energy] sumE_B=3348.816898  bound=3683.698588  active=False
[ILP] res_type=dict value_preview={'stage': 'B', 'status': 'Optimal', 'primary': 'energy', 'tol': 0.1, 'opt_primary': 3348.8168982243333, 'objective_secondary': 0.4495676722649006, 'sumE': 3348.
[233.06] [Task 444] ILP chose server: STARLINK-31399
[233.06] [Task 444] Routed STARLINK-30286 -> STARLINK-31399 | E_NET=0.076097 J | Remaining=119999.92 J
[442][GREEDY] STARLINK-31399 -> STARLINK-11724 [DTC] | Tramission-time: 0.0011476881589779946
[442] Energy routing consumed by STARLINK-31399: 0.000000 J (remaining 69395.29)
[MODE: BIDIRECTIONAL]
[443][GREEDY] CONSEGNATO! STARLINK-11724 [DTC] -> OBS | Tramission-time: 2.1142906609019767e-11
[233.139] Task 444 enqueued on CPU STARLINK-31399 qlen_enqueue=1
[Task 441] Task eseguito su STARLINK-31585 41.348780651550896 degrees | CPU=2517.8069J, NET=0.0000J, TOTAL=2517.8069J, Remaining=2821.52J
[233.162] Task 441 served on STARLINK-31585 qlen_enqueue_cpu=1 qlen_enqueue_net=None time_in_queue=0.000
---> Task 445 (Type: CPU_and_Data_Intensive) arriva in 233.17
--- [233.17] Task 445 using SearchNode Policy: v2_ilp_hybrid ---
[233.17] [Task 445] Entering ILP branch (v2)
[ε-constraint energy] sumE_B=11002.641729  bound=12102.905901  active=False
[ILP] res_type=dict value_preview={'stage': 'B', 'status': 'Optimal', 'primary': 'energy', 'tol': 0.1, 'opt_primary': 11002.641728631188, 'objective_secondary': 1.3375828430854426, 'sumE': 11002
[233.17] [Task 445] ILP chose server: STARLINK-31374
[233.17] [Task 445] Routed STARLINK-33816 -> STARLINK-31374 | E_NET=0.198055 J | Remaining=119999.73 J
[441][GREEDY] STARLINK-31585 -> STARLINK-33816 | Tramission-time: 0.0020948473756149354
[441] Energy routing consumed by STARLINK-31585: 0.000000 J (remaining 2821.52)
[MODE: BIDIRECTIONAL]
[441][GREEDY] CONSEGNATO! STARLINK-33816 -> OBS | Tramission-time: 2.7012798869265005e-11
[MODE: BIDIRECTIONAL]
[442][GREEDY] CONSEGNATO! STARLINK-11724 [DTC] -> OBS | Tramission-time: 6.939987586057707e-12
---> Task 446 (Type: CPU_and_Data_Intensive) arriva in 233.22
--- [233.22] Task 446 using SearchNode Policy: v2_ilp_hybrid ---
[233.22] [Task 446] Entering ILP branch (v2)
[ε-constraint energy] sumE_B=13033.153049  bound=14336.468354  active=False
[ILP] res_type=dict value_preview={'stage': 'B', 'status': 'Optimal', 'primary': 'energy', 'tol': 0.1, 'opt_primary': 13033.153049185998, 'objective_secondary': 1.3257321560696016, 'sumE': 13033
[233.22] [Task 446] ILP chose server: STARLINK-31702
[233.22] [Task 446] Routed STARLINK-30286 -> STARLINK-31702 | E_NET=0.000415 J | Remaining=119999.92 J
[233.225] Task 446 enqueued on CPU STARLINK-31702 qlen_enqueue=1
---> Task 447 (Type: CPU_and_Data_Intensive) arriva in 233.27
--- [233.27] Task 447 using SearchNode Policy: v2_ilp_hybrid ---
[233.27] [Task 447] Entering ILP branch (v2)
[ε-constraint energy] sumE_B=1704.219081  bound=1874.640989  active=False
[ILP] res_type=dict value_preview={'stage': 'B', 'status': 'Optimal', 'primary': 'energy', 'tol': 0.1, 'opt_primary': 1704.2190813554314, 'objective_secondary': 0.17350444371299245, 'sumE': 1704
[233.27] [Task 447] ILP chose server: STARLINK-31585
[233.27] [Task 447] Routed STARLINK-30286 -> STARLINK-31585 | E_NET=0.000168 J | Remaining=119999.92 J
[233.273] Task 447 enqueued on CPU STARLINK-31585 qlen_enqueue=1
---> Task 448 (Type: Generic_Service) arriva in 233.29
--- [233.29] Task 448 using SearchNode Policy: v2_ilp_hybrid ---
[233.29] [Task 448] Entering ILP branch (v2)
[ε-constraint energy] sumE_B=626.401551  bound=689.041706  active=False
[ILP] res_type=dict value_preview={'stage': 'B', 'status': 'Optimal', 'primary': 'energy', 'tol': 0.1, 'opt_primary': 626.4015509711644, 'objective_secondary': 0.06369635080052045, 'sumE': 626.4
[233.29] [Task 448] ILP chose server: STARLINK-31374
[233.29] [Task 448] Routed STARLINK-30286 -> STARLINK-31374 | E_NET=0.000004 J | Remaining=119999.92 J
[233.290] Task 448 enqueued on CPU STARLINK-31374 qlen_enqueue=1
[Task 448] Task eseguito su STARLINK-31374 37.65596366549878 degrees | CPU=626.4015J, NET=0.0000J, TOTAL=626.4015J, Remaining=102683.90J
[233.354] Task 448 served on STARLINK-31374 qlen_enqueue_cpu=1 qlen_enqueue_net=None time_in_queue=0.000
[233.371] Task 445 enqueued on CPU STARLINK-31374 qlen_enqueue=1
[448][GREEDY] STARLINK-31374 -> STARLINK-11724 [DTC] | Tramission-time: 0.001191760199239156
[448] Energy routing consumed by STARLINK-31374: 0.000000 J (remaining 102683.90)
[233.446] Task 447 enqueued on NET STARLINK-31585 qlen_enqueue_net=1
[Task 447] Task eseguito su STARLINK-31585 41.348780651550896 degrees | CPU=1704.2189J, NET=0.0002J, TOTAL=1704.2190J, Remaining=1117.30J
[233.447] Task 447 served on STARLINK-31585 qlen_enqueue_cpu=1 qlen_enqueue_net=1 time_in_queue=0.000
[233.480] Task 444 enqueued on NET STARLINK-31399 qlen_enqueue_net=1
[447][GREEDY] STARLINK-31585 -> STARLINK-33816 | Tramission-time: 0.002094847517438291
[447] Energy routing consumed by STARLINK-31585: 0.000000 J (remaining 1117.30)
[MODE: BIDIRECTIONAL]
[447][GREEDY] CONSEGNATO! STARLINK-33816 -> OBS | Tramission-time: 1.8810376140825925e-10
[MODE: BIDIRECTIONAL]
[448][GREEDY] CONSEGNATO! STARLINK-11724 [DTC] -> OBS | Tramission-time: 3.891118718319746e-12
---> Task 449 (Type: CPU_Intensive) arriva in 233.52
--- [233.52] Task 449 using SearchNode Policy: v2_ilp_hybrid ---
[233.52] [Task 449] Entering ILP branch (v2)
[ε-constraint energy] sumE_B=1842.301915  bound=2026.532106  active=False
[ILP] res_type=dict value_preview={'stage': 'B', 'status': 'Optimal', 'primary': 'energy', 'tol': 0.1, 'opt_primary': 1842.3019145088026, 'objective_secondary': 0.18734850112992935, 'sumE': 1842
[233.52] [Task 449] ILP chose server: STARLINK-31249
[233.52] [Task 449] Routed STARLINK-30286 -> STARLINK-31249 | E_NET=0.000025 J | Remaining=119999.92 J
[233.525] Task 449 enqueued on CPU STARLINK-31249 qlen_enqueue=1
[Task 444] Task eseguito su STARLINK-31399 82.33122993136489 degrees | CPU=3348.7078J, NET=0.0761J, TOTAL=3348.7839J, Remaining=66046.51J
[233.556] Task 444 served on STARLINK-31399 qlen_enqueue_cpu=1 qlen_enqueue_net=1 time_in_queue=0.000
---> Task 450 (Type: Generic_Service) arriva in 233.59
--- [233.59] Task 450 using SearchNode Policy: v2_ilp_hybrid ---
[233.59] [Task 450] Entering ILP branch (v2)
[ε-constraint energy] sumE_B=221.195468  bound=243.315015  active=False
[ILP] res_type=dict value_preview={'stage': 'B', 'status': 'Optimal', 'primary': 'energy', 'tol': 0.1, 'opt_primary': 221.19546813904705, 'objective_secondary': 0.02252704893099993, 'sumE': 221.
[233.59] [Task 450] ILP chose server: STARLINK-31585
[233.59] [Task 450] Routed STARLINK-30286 -> STARLINK-31585 | E_NET=0.000027 J | Remaining=119999.92 J
[233.592] Task 450 enqueued on CPU STARLINK-31585 qlen_enqueue=1
[444][GREEDY] STARLINK-31399 -> STARLINK-11724 [DTC] | Tramission-time: 0.0011477760352048459
[444] Energy routing consumed by STARLINK-31399: 0.000000 J (remaining 66046.51)
[MODE: BIDIRECTIONAL]
[444][GREEDY] CONSEGNATO! STARLINK-11724 [DTC] -> OBS | Tramission-time: 7.987905133501067e-08
[Task 450] Task eseguito su STARLINK-31585 41.348780651550896 degrees | CPU=221.1954J, NET=0.0000J, TOTAL=221.1955J, Remaining=896.10J
[233.616] Task 450 served on STARLINK-31585 qlen_enqueue_cpu=1 qlen_enqueue_net=None time_in_queue=0.000
---> Task 451 (Type: CPU_Intensive) arriva in 233.69
--- [233.69] Task 451 using SearchNode Policy: v2_ilp_hybrid ---
[233.69] [Task 451] Entering ILP branch (v2)
[ε-constraint energy] sumE_B=11752.120151  bound=12927.332166  active=False
[ILP] res_type=dict value_preview={'stage': 'B', 'status': 'Optimal', 'primary': 'energy', 'tol': 0.1, 'opt_primary': 11752.12015123752, 'objective_secondary': 1.1949330516473464, 'sumE': 11752.
[233.69] [Task 451] ILP chose server: STARLINK-31399
[233.69] [Task 451] Routed STARLINK-30286 -> STARLINK-31399 | E_NET=0.000011 J | Remaining=119999.92 J
[233.692] Task 451 enqueued on CPU STARLINK-31399 qlen_enqueue=1
---> Task 452 (Type: CPU_Intensive) arriva in 233.70
--- [233.70] Task 452 using SearchNode Policy: v2_ilp_hybrid ---
[233.70] [Task 452] Entering ILP branch (v2)
[ε-constraint energy] sumE_B=8751.453958  bound=9626.599354  active=False
[ILP] res_type=dict value_preview={'stage': 'B', 'status': 'Optimal', 'primary': 'energy', 'tol': 0.1, 'opt_primary': 8751.453958316999, 'objective_secondary': 0.8898420500007397, 'sumE': 8751.4
[233.70] [Task 452] ILP chose server: STARLINK-31207
[233.70] [Task 452] Routed STARLINK-30286 -> STARLINK-31207 | E_NET=0.000021 J | Remaining=119999.92 J
[233.698] Task 452 enqueued on CPU STARLINK-31207 qlen_enqueue=1
[Task 449] Task eseguito su STARLINK-31249 45.934320738622915 degrees | CPU=1842.3019J, NET=0.0000J, TOTAL=1842.3019J, Remaining=117094.24J
[233.715] Task 449 served on STARLINK-31249 qlen_enqueue_cpu=1 qlen_enqueue_net=None time_in_queue=0.000
[450][GREEDY] STARLINK-31585 -> STARLINK-33816 | Tramission-time: 0.0020948473807736716
[450] Energy routing consumed by STARLINK-31585: 0.000000 J (remaining 896.10)
[449][GREEDY] STARLINK-31249 -> STARLINK-11724 [DTC] | Tramission-time: 0.0021924292502990056
[449] Energy routing consumed by STARLINK-31249: 0.000000 J (remaining 117094.24)
[MODE: BIDIRECTIONAL]
[450][GREEDY] CONSEGNATO! STARLINK-33816 -> OBS | Tramission-time: 3.4196579819636504e-11
[MODE: BIDIRECTIONAL]
[449][GREEDY] CONSEGNATO! STARLINK-11724 [DTC] -> OBS | Tramission-time: 2.0771298438154894e-11
----------------------------------------------------------------------
	||TIME IN SIMULATION : (seconds:234) (minutes: 3) ||

MODIFICA CONFIGURAZIONE IN CORSO...

Aggiornato il Tempo Globale:  2025-11-20 20:59:08
---> Task 453 (Type: CPU_Intensive) arriva in 234.41
--- [234.41] Task 453 using SearchNode Policy: v2_ilp_hybrid ---
[234.41] [Task 453] Entering ILP branch (v2)
[ε-constraint energy] sumE_B=2812.130587  bound=3093.343646  active=False
[ILP] res_type=dict value_preview={'stage': 'B', 'status': 'Optimal', 'primary': 'energy', 'tol': 0.1, 'opt_primary': 2812.1305873349215, 'objective_secondary': 0.28595950467550546, 'sumE': 2812
[234.41] [Task 453] ILP chose server: STARLINK-31249
[234.41] [Task 453] Routed STARLINK-5843 -> STARLINK-31249 | E_NET=0.000023 J | Remaining=120000.00 J
[234.415] Task 453 enqueued on CPU STARLINK-31249 qlen_enqueue=1
[234.490] Task 445 enqueued on NET STARLINK-31374 qlen_enqueue_net=1
[234.550] Task 446 enqueued on NET STARLINK-31702 qlen_enqueue_net=1
[Task 446] Task eseguito su STARLINK-31702 36.369145602993946 degrees | CPU=13033.1525J, NET=0.0004J, TOTAL=13033.1529J, Remaining=41059.56J
[234.550] Task 446 served on STARLINK-31702 qlen_enqueue_cpu=1 qlen_enqueue_net=1 time_in_queue=0.000
[Task 452] Task eseguito su STARLINK-31207 54.451861969267874 degrees | CPU=8751.4539J, NET=0.0000J, TOTAL=8751.4540J, Remaining=111248.35J
[234.589] Task 452 served on STARLINK-31207 qlen_enqueue_cpu=1 qlen_enqueue_net=None time_in_queue=0.000
[446][GREEDY] STARLINK-31702 -> STARLINK-11724 [DTC] | Tramission-time: 0.0017776618151923225
[446] Energy routing consumed by STARLINK-31702: 0.000000 J (remaining 41059.56)
[452][GREEDY] STARLINK-31207 -> STARLINK-11724 [DTC] | Tramission-time: 0.0015944839609051253
[452] Energy routing consumed by STARLINK-31207: 0.000000 J (remaining 111248.35)
[MODE: BIDIRECTIONAL]
[446][GREEDY] CONSEGNATO! STARLINK-11724 [DTC] -> OBS | Tramission-time: 4.2369226648794057e-10
[Task 445] Task eseguito su STARLINK-31374 37.81060086894805 degrees | CPU=11002.4228J, NET=0.1981J, TOTAL=11002.6209J, Remaining=91681.28J
[234.688] Task 445 served on STARLINK-31374 qlen_enqueue_cpu=1 qlen_enqueue_net=1 time_in_queue=0.000
[Task 453] Task eseguito su STARLINK-31249 45.11684515521255 degrees | CPU=2812.1306J, NET=0.0000J, TOTAL=2812.1306J, Remaining=114282.11J
[234.703] Task 453 served on STARLINK-31249 qlen_enqueue_cpu=1 qlen_enqueue_net=None time_in_queue=0.000
[453][GREEDY] STARLINK-31249 -> STARLINK-33816 | Tramission-time: 0.0018098095832959065
[453] Energy routing consumed by STARLINK-31249: 0.000000 J (remaining 114282.11)
[MODE: BIDIRECTIONAL]
[453][GREEDY] CONSEGNATO! STARLINK-33816 -> OBS | Tramission-time: 2.2632960669476244e-11
[MODE: BIDIRECTIONAL]
[452][GREEDY] CONSEGNATO! STARLINK-11724 [DTC] -> OBS | Tramission-time: 2.0094595072597586e-11
[445][GREEDY] STARLINK-31374 -> STARLINK-11724 [DTC] | Tramission-time: 0.001197276589840713
[445] Energy routing consumed by STARLINK-31374: 0.000000 J (remaining 91681.28)
---> Task 454 (Type: CPU_and_Data_Intensive) arriva in 234.77
--- [234.77] Task 454 using SearchNode Policy: v2_ilp_hybrid ---
[234.77] [Task 454] Entering ILP branch (v2)
[ε-constraint energy] sumE_B=4053.765154  bound=4459.141669  active=False
[ILP] res_type=dict value_preview={'stage': 'B', 'status': 'Optimal', 'primary': 'energy', 'tol': 0.1, 'opt_primary': 4053.7651536124617, 'objective_secondary': 0.4845397121257295, 'sumE': 4053.
[234.77] [Task 454] ILP chose server: STARLINK-31702
[234.77] [Task 454] Routed STARLINK-5843 -> STARLINK-31702 | E_NET=0.051456 J | Remaining=119999.95 J
[234.821] Task 454 enqueued on CPU STARLINK-31702 qlen_enqueue=1
[MODE: BIDIRECTIONAL]
[445][GREEDY] CONSEGNATO! STARLINK-11724 [DTC] -> OBS | Tramission-time: 1.8311537631488563e-07
---> Task 455 (Type: CPU_and_Data_Intensive) arriva in 234.89
--- [234.89] Task 455 using SearchNode Policy: v2_ilp_hybrid ---
[234.89] [Task 455] Entering ILP branch (v2)
[ε-constraint energy] sumE_B=1656.144331  bound=1821.758764  active=False
[ILP] res_type=dict value_preview={'stage': 'B', 'status': 'Optimal', 'primary': 'energy', 'tol': 0.1, 'opt_primary': 1656.1443306430376, 'objective_secondary': 0.1713827530353455, 'sumE': 1656.
[234.89] [Task 455] ILP chose server: STARLINK-31374
[234.89] [Task 455] Routed STARLINK-5843 -> STARLINK-31374 | E_NET=0.002643 J | Remaining=119999.95 J
[Task 451] Task eseguito su STARLINK-31399 81.51187215183423 degrees | CPU=11752.1201J, NET=0.0000J, TOTAL=11752.1201J, Remaining=54294.39J
[234.888] Task 451 served on STARLINK-31399 qlen_enqueue_cpu=1 qlen_enqueue_net=None time_in_queue=0.000
[234.891] Task 455 enqueued on CPU STARLINK-31374 qlen_enqueue=1
---> Task 456 (Type: CPU_and_Data_Intensive) arriva in 234.91
--- [234.91] Task 456 using SearchNode Policy: v2_ilp_hybrid ---
[234.91] [Task 456] Entering ILP branch (v2)
[ε-constraint energy] sumE_B=6245.678813  bound=6870.246694  active=False
[ILP] res_type=dict value_preview={'stage': 'B', 'status': 'Optimal', 'primary': 'energy', 'tol': 0.1, 'opt_primary': 6245.678812726717, 'objective_secondary': 0.6431097657225082, 'sumE': 6245.6
[234.91] [Task 456] ILP chose server: STARLINK-31399
[234.91] [Task 456] Routed STARLINK-5843 -> STARLINK-31399 | E_NET=0.007264 J | Remaining=119999.94 J
[234.917] Task 456 enqueued on CPU STARLINK-31399 qlen_enqueue=1
[451][GREEDY] STARLINK-31399 -> STARLINK-11724 [DTC] | Tramission-time: 0.0011675247785746304
[451] Energy routing consumed by STARLINK-31399: 0.000000 J (remaining 54294.39)
[MODE: BIDIRECTIONAL]
[451][GREEDY] CONSEGNATO! STARLINK-11724 [DTC] -> OBS | Tramission-time: 1.0471511296717095e-11
[235.059] Task 455 enqueued on NET STARLINK-31374 qlen_enqueue_net=1
[Task 455] Task eseguito su STARLINK-31374 37.81060086894805 degrees | CPU=1656.1413J, NET=0.0026J, TOTAL=1656.1440J, Remaining=90025.13J
[235.062] Task 455 served on STARLINK-31374 qlen_enqueue_cpu=1 qlen_enqueue_net=1 time_in_queue=0.000
[455][GREEDY] STARLINK-31374 -> STARLINK-11724 [DTC] | Tramission-time: 0.001197132733921678
[455] Energy routing consumed by STARLINK-31374: 0.000000 J (remaining 90025.13)
[MODE: BIDIRECTIONAL]
[455][GREEDY] CONSEGNATO! STARLINK-11724 [DTC] -> OBS | Tramission-time: 2.662336775446291e-09
[235.233] Task 454 enqueued on NET STARLINK-31702 qlen_enqueue_net=1
[Task 454] Task eseguito su STARLINK-31702 36.369145602993946 degrees | CPU=4053.6928J, NET=0.0515J, TOTAL=4053.7442J, Remaining=37005.82J
[235.284] Task 454 served on STARLINK-31702 qlen_enqueue_cpu=1 qlen_enqueue_net=1 time_in_queue=0.000
[454][GREEDY] STARLINK-31702 -> STARLINK-11724 [DTC] | Tramission-time: 0.0017777252330254552
[454] Energy routing consumed by STARLINK-31702: 0.000000 J (remaining 37005.82)
[MODE: BIDIRECTIONAL]
[454][GREEDY] CONSEGNATO! STARLINK-11724 [DTC] -> OBS | Tramission-time: 5.2547488742084934e-08
[235.552] Task 456 enqueued on NET STARLINK-31399 qlen_enqueue_net=1
[Task 456] Task eseguito su STARLINK-31399 81.51187215183423 degrees | CPU=6245.6707J, NET=0.0073J, TOTAL=6245.6780J, Remaining=48048.71J
[235.559] Task 456 served on STARLINK-31399 qlen_enqueue_cpu=1 qlen_enqueue_net=1 time_in_queue=0.000
[456][GREEDY] STARLINK-31399 -> STARLINK-11724 [DTC] | Tramission-time: 0.0011675303568678603
[456] Energy routing consumed by STARLINK-31399: 0.000000 J (remaining 48048.71)
[MODE: BIDIRECTIONAL]
[456][GREEDY] CONSEGNATO! STARLINK-11724 [DTC] -> OBS | Tramission-time: 7.3410806296433095e-09
---> Task 457 (Type: Generic_Service) arriva in 235.79
--- [235.79] Task 457 using SearchNode Policy: v2_ilp_hybrid ---
[235.79] [Task 457] Entering ILP branch (v2)
[ε-constraint energy] sumE_B=183.937573  bound=202.331330  active=False
[ILP] res_type=dict value_preview={'stage': 'B', 'status': 'Optimal', 'primary': 'energy', 'tol': 0.1, 'opt_primary': 183.9375729142897, 'objective_secondary': 0.01872178017880659, 'sumE': 183.9
[235.79] [Task 457] ILP chose server: STARLINK-31702
[235.79] [Task 457] Routed STARLINK-5843 -> STARLINK-31702 | E_NET=0.000014 J | Remaining=119999.94 J
[235.793] Task 457 enqueued on CPU STARLINK-31702 qlen_enqueue=1
[Task 457] Task eseguito su STARLINK-31702 36.369145602993946 degrees | CPU=183.9376J, NET=0.0000J, TOTAL=183.9376J, Remaining=36821.88J
[235.813] Task 457 served on STARLINK-31702 qlen_enqueue_cpu=1 qlen_enqueue_net=None time_in_queue=0.000
---> Task 458 (Type: CPU_Intensive) arriva in 235.82
--- [235.82] Task 458 using SearchNode Policy: v2_ilp_hybrid ---
[235.82] [Task 458] Entering ILP branch (v2)
[ε-constraint energy] sumE_B=5559.089738  bound=6114.998712  active=False
[ILP] res_type=dict value_preview={'stage': 'B', 'status': 'Optimal', 'primary': 'energy', 'tol': 0.1, 'opt_primary': 5559.089738425108, 'objective_secondary': 0.5652408314892409, 'sumE': 5559.0
[235.82] [Task 458] ILP chose server: STARLINK-31702
[235.82] [Task 458] Routed STARLINK-5843 -> STARLINK-31702 | E_NET=0.000007 J | Remaining=119999.94 J
[235.825] Task 458 enqueued on CPU STARLINK-31702 qlen_enqueue=1
---> Task 459 (Type: Generic_Service) arriva in 235.83
--- [235.83] Task 459 using SearchNode Policy: v2_ilp_hybrid ---
[235.83] [Task 459] Entering ILP branch (v2)
[ε-constraint energy] sumE_B=406.898712  bound=447.588583  active=False
[ILP] res_type=dict value_preview={'stage': 'B', 'status': 'Optimal', 'primary': 'energy', 'tol': 0.1, 'opt_primary': 406.8987115012797, 'objective_secondary': 0.04139132260139687, 'sumE': 406.8
[235.83] [Task 459] ILP chose server: STARLINK-31585
[235.83] [Task 459] Routed STARLINK-5843 -> STARLINK-31585 | E_NET=0.000015 J | Remaining=119999.94 J
[235.828] Task 459 enqueued on CPU STARLINK-31585 qlen_enqueue=1
[457][GREEDY] STARLINK-31702 -> STARLINK-11724 [DTC] | Tramission-time: 0.0017776613429869158
[457] Energy routing consumed by STARLINK-31702: 0.000000 J (remaining 36821.88)
[MODE: BIDIRECTIONAL]
[457][GREEDY] CONSEGNATO! STARLINK-11724 [DTC] -> OBS | Tramission-time: 1.5240610575136234e-11
---> Task 460 (Type: CPU_and_Data_Intensive) arriva in 235.84
--- [235.84] Task 460 using SearchNode Policy: v2_ilp_hybrid ---
[235.84] [Task 460] Entering ILP branch (v2)
[ε-constraint energy] sumE_B=2217.070029  bound=2438.777031  active=False
[ILP] res_type=dict value_preview={'stage': 'B', 'status': 'Optimal', 'primary': 'energy', 'tol': 0.1, 'opt_primary': 2217.070028623435, 'objective_secondary': 0.23427940703296612, 'sumE': 2217.
[235.84] [Task 460] ILP chose server: STARLINK-31399
[235.84] [Task 460] Routed STARLINK-5843 -> STARLINK-31399 | E_NET=0.007972 J | Remaining=119999.93 J
[235.853] Task 460 enqueued on CPU STARLINK-31399 qlen_enqueue=1
[Task 459] Task eseguito su STARLINK-31585 40.53326715672687 degrees | CPU=406.8987J, NET=0.0000J, TOTAL=406.8987J, Remaining=489.21J
[235.871] Task 459 served on STARLINK-31585 qlen_enqueue_cpu=1 qlen_enqueue_net=None time_in_queue=0.000
[459][GREEDY] STARLINK-31585 -> STARLINK-33816 | Tramission-time: 0.002094958844045944
[459] Energy routing consumed by STARLINK-31585: 0.000000 J (remaining 489.21)
[MODE: BIDIRECTIONAL]
[459][GREEDY] CONSEGNATO! STARLINK-33816 -> OBS | Tramission-time: 1.8106095595309884e-11
----------------------------------------------------------------------
	||TIME IN SIMULATION : (seconds:236) (minutes: 3) ||

MODIFICA CONFIGURAZIONE IN CORSO...

Aggiornato il Tempo Globale:  2025-11-20 20:59:10
[236.079] Task 460 enqueued on NET STARLINK-31399 qlen_enqueue_net=1
[Task 460] Task eseguito su STARLINK-31399 80.4665960648533 degrees | CPU=2217.0612J, NET=0.0080J, TOTAL=2217.0691J, Remaining=45831.64J
[236.087] Task 460 served on STARLINK-31399 qlen_enqueue_cpu=1 qlen_enqueue_net=1 time_in_queue=0.000
[460][GREEDY] STARLINK-31399 -> STARLINK-11724 [DTC] | Tramission-time: 0.0011875309441715842
[460] Energy routing consumed by STARLINK-31399: 0.000000 J (remaining 45831.64)
[MODE: BIDIRECTIONAL]
[460][GREEDY] CONSEGNATO! STARLINK-11724 [DTC] -> OBS | Tramission-time: 7.3513482119550405e-09
---> Task 461 (Type: Generic_Service) arriva in 236.35
--- [236.35] Task 461 using SearchNode Policy: v2_ilp_hybrid ---
[236.35] [Task 461] Entering ILP branch (v2)
[ε-constraint energy] sumE_B=318.241016  bound=350.065118  active=False
[ILP] res_type=dict value_preview={'stage': 'B', 'status': 'Optimal', 'primary': 'energy', 'tol': 0.1, 'opt_primary': 318.2410162128716, 'objective_secondary': 0.03238484798739187, 'sumE': 318.2
[236.35] [Task 461] ILP chose server: STARLINK-31585
[236.35] [Task 461] Routed STARLINK-5843 -> STARLINK-31585 | E_NET=0.000019 J | Remaining=119999.93 J
[236.353] Task 461 enqueued on CPU STARLINK-31585 qlen_enqueue=1
[Task 461] Task eseguito su STARLINK-31585 39.73773613841847 degrees | CPU=318.2410J, NET=0.0000J, TOTAL=318.2410J, Remaining=170.96J
[236.387] Task 461 served on STARLINK-31585 qlen_enqueue_cpu=1 qlen_enqueue_net=None time_in_queue=0.000
[Task 458] Task eseguito su STARLINK-31702 35.84168308325642 degrees | CPU=5559.0897J, NET=0.0000J, TOTAL=5559.0897J, Remaining=31262.79J
[236.391] Task 458 served on STARLINK-31702 qlen_enqueue_cpu=1 qlen_enqueue_net=None time_in_queue=0.000
[461][GREEDY] STARLINK-31585 -> STARLINK-33816 | Tramission-time: 0.002095071719816895
[461] Energy routing consumed by STARLINK-31585: 0.000000 J (remaining 170.96)
[458][GREEDY] STARLINK-31702 -> STARLINK-11724 [DTC] | Tramission-time: 0.0017775111272247811
[458] Energy routing consumed by STARLINK-31702: 0.000000 J (remaining 31262.79)
[MODE: BIDIRECTIONAL]
[461][GREEDY] CONSEGNATO! STARLINK-33816 -> OBS | Tramission-time: 2.3558168668354642e-11
[MODE: BIDIRECTIONAL]
[458][GREEDY] CONSEGNATO! STARLINK-11724 [DTC] -> OBS | Tramission-time: 8.689708482392786e-12
---> Task 462 (Type: Generic_Service) arriva in 236.59
--- [236.59] Task 462 using SearchNode Policy: v2_ilp_hybrid ---
[236.59] [Task 462] Entering ILP branch (v2)
[ε-constraint energy] sumE_B=943.373296  bound=1037.710625  active=False
[ILP] res_type=dict value_preview={'stage': 'B', 'status': 'Optimal', 'primary': 'energy', 'tol': 0.1, 'opt_primary': 943.3732959030532, 'objective_secondary': 0.09594281186938992, 'sumE': 943.3
[236.59] [Task 462] ILP chose server: STARLINK-31702
[236.59] [Task 462] Routed STARLINK-5843 -> STARLINK-31702 | E_NET=0.000023 J | Remaining=119999.93 J
[236.596] Task 462 enqueued on CPU STARLINK-31702 qlen_enqueue=1
[Task 462] Task eseguito su STARLINK-31702 35.84168308325642 degrees | CPU=943.3733J, NET=0.0000J, TOTAL=943.3733J, Remaining=30319.41J
[236.693] Task 462 served on STARLINK-31702 qlen_enqueue_cpu=1 qlen_enqueue_net=None time_in_queue=0.000
[462][GREEDY] STARLINK-31702 -> STARLINK-11724 [DTC] | Tramission-time: 0.0017775111417963965
[462] Energy routing consumed by STARLINK-31702: 0.000000 J (remaining 30319.41)
[MODE: BIDIRECTIONAL]
[462][GREEDY] CONSEGNATO! STARLINK-11724 [DTC] -> OBS | Tramission-time: 2.1379938349744197e-11
---> Task 463 (Type: CPU_and_Data_Intensive) arriva in 237.05
--- [237.05] Task 463 using SearchNode Policy: v2_ilp_hybrid ---
[237.05] [Task 463] Entering ILP branch (v2)
[ε-constraint energy] sumE_B=5687.084767  bound=6255.793244  active=False
[ILP] res_type=dict value_preview={'stage': 'B', 'status': 'Optimal', 'primary': 'energy', 'tol': 0.1, 'opt_primary': 5687.084767146656, 'objective_secondary': 0.5782692282956469, 'sumE': 5687.0
[237.05] [Task 463] ILP chose server: STARLINK-31702
[237.05] [Task 463] Routed STARLINK-5843 -> STARLINK-31702 | E_NET=0.000024 J | Remaining=119999.93 J
[237.050] Task 463 enqueued on CPU STARLINK-31702 qlen_enqueue=1
---> Task 464 (Type: CPU_and_Data_Intensive) arriva in 237.41
--- [237.41] Task 464 using SearchNode Policy: v2_ilp_hybrid ---
[237.41] [Task 464] Entering ILP branch (v2)
[ε-constraint energy] sumE_B=840.441733  bound=924.485906  active=False
[ILP] res_type=dict value_preview={'stage': 'B', 'status': 'Optimal', 'primary': 'energy', 'tol': 0.1, 'opt_primary': 840.441732943019, 'objective_secondary': 0.08614841070812713, 'sumE': 840.44
[237.41] [Task 464] ILP chose server: STARLINK-31399
[237.41] [Task 464] Routed STARLINK-5843 -> STARLINK-31399 | E_NET=0.000539 J | Remaining=119999.93 J
[237.411] Task 464 enqueued on CPU STARLINK-31399 qlen_enqueue=1
[237.496] Task 464 enqueued on NET STARLINK-31399 qlen_enqueue_net=1
[Task 464] Task eseguito su STARLINK-31399 80.4665960648533 degrees | CPU=840.4410J, NET=0.0005J, TOTAL=840.4416J, Remaining=44991.20J
[237.497] Task 464 served on STARLINK-31399 qlen_enqueue_cpu=1 qlen_enqueue_net=1 time_in_queue=0.000
[464][GREEDY] STARLINK-31399 -> STARLINK-11724 [DTC] | Tramission-time: 0.0011875243780106435
[464] Energy routing consumed by STARLINK-31399: 0.000000 J (remaining 44991.20)
[MODE: BIDIRECTIONAL]
[464][GREEDY] CONSEGNATO! STARLINK-11724 [DTC] -> OBS | Tramission-time: 4.722214569461802e-10
[237.628] Task 463 enqueued on NET STARLINK-31702 qlen_enqueue_net=1
[Task 463] Task eseguito su STARLINK-31702 35.84168308325642 degrees | CPU=5687.0847J, NET=0.0000J, TOTAL=5687.0848J, Remaining=24632.33J
[237.628] Task 463 served on STARLINK-31702 qlen_enqueue_cpu=1 qlen_enqueue_net=1 time_in_queue=0.000
[463][GREEDY] STARLINK-31702 -> STARLINK-11724 [DTC] | Tramission-time: 0.0017775111427650175
[463] Energy routing consumed by STARLINK-31702: 0.000000 J (remaining 24632.33)
[MODE: BIDIRECTIONAL]
[463][GREEDY] CONSEGNATO! STARLINK-11724 [DTC] -> OBS | Tramission-time: 2.071010227965182e-11
---> Task 465 (Type: Generic_Service) arriva in 237.82
--- [237.82] Task 465 using SearchNode Policy: v2_ilp_hybrid ---
[237.82] [Task 465] Entering ILP branch (v2)
[ε-constraint energy] sumE_B=466.306170  bound=512.936787  active=False
[ILP] res_type=dict value_preview={'stage': 'B', 'status': 'Optimal', 'primary': 'energy', 'tol': 0.1, 'opt_primary': 466.3061702025887, 'objective_secondary': 0.04745221657473502, 'sumE': 466.3
[237.82] [Task 465] ILP chose server: STARLINK-31702
[237.82] [Task 465] Routed STARLINK-5843 -> STARLINK-31702 | E_NET=0.000038 J | Remaining=119999.93 J
[237.819] Task 465 enqueued on CPU STARLINK-31702 qlen_enqueue=1
[Task 465] Task eseguito su STARLINK-31702 35.84168308325642 degrees | CPU=466.3061J, NET=0.0000J, TOTAL=466.3062J, Remaining=24166.02J
[237.869] Task 465 served on STARLINK-31702 qlen_enqueue_cpu=1 qlen_enqueue_net=None time_in_queue=0.000
[465][GREEDY] STARLINK-31702 -> STARLINK-11724 [DTC] | Tramission-time: 0.0017775111511518348
[465] Energy routing consumed by STARLINK-31702: 0.000000 J (remaining 24166.02)
[MODE: BIDIRECTIONAL]
[465][GREEDY] CONSEGNATO! STARLINK-11724 [DTC] -> OBS | Tramission-time: 3.159351273764423e-11
----------------------------------------------------------------------
	||TIME IN SIMULATION : (seconds:238) (minutes: 3) ||

MODIFICA CONFIGURAZIONE IN CORSO...

Aggiornato il Tempo Globale:  2025-11-20 20:59:12
---> Task 466 (Type: CPU_and_Data_Intensive) arriva in 238.25
--- [238.25] Task 466 using SearchNode Policy: v2_ilp_hybrid ---
[238.25] [Task 466] Entering ILP branch (v2)
[ε-constraint energy] sumE_B=3822.269456  bound=4204.496401  active=False
[ILP] res_type=dict value_preview={'stage': 'B', 'status': 'Optimal', 'primary': 'energy', 'tol': 0.1, 'opt_primary': 3822.2694558201097, 'objective_secondary': 0.3930841464021795, 'sumE': 3822.
[238.25] [Task 466] ILP chose server: STARLINK-31702
[238.25] [Task 466] Routed STARLINK-5843 -> STARLINK-31702 | E_NET=0.003919 J | Remaining=119999.93 J
[238.255] Task 466 enqueued on CPU STARLINK-31702 qlen_enqueue=1
[238.644] Task 466 enqueued on NET STARLINK-31702 qlen_enqueue_net=1
[Task 466] Task eseguito su STARLINK-31702 35.31714996995012 degrees | CPU=3822.2650J, NET=0.0039J, TOTAL=3822.2689J, Remaining=20343.75J
[238.648] Task 466 served on STARLINK-31702 qlen_enqueue_cpu=1 qlen_enqueue_net=1 time_in_queue=0.000
[466][GREEDY] STARLINK-31702 -> STARLINK-11724 [DTC] | Tramission-time: 0.0017773703365347253
[466] Energy routing consumed by STARLINK-31702: 0.000000 J (remaining 20343.75)
[MODE: BIDIRECTIONAL]
[466][GREEDY] CONSEGNATO! STARLINK-11724 [DTC] -> OBS | Tramission-time: 3.394584946420138e-09
---> Task 467 (Type: CPU_Intensive) arriva in 239.79
--- [239.79] Task 467 using SearchNode Policy: v2_ilp_hybrid ---
[239.79] [Task 467] Entering ILP branch (v2)
[ε-constraint energy] sumE_B=1947.361743  bound=2142.097918  active=False
[ILP] res_type=dict value_preview={'stage': 'B', 'status': 'Optimal', 'primary': 'energy', 'tol': 0.1, 'opt_primary': 1947.3617434020437, 'objective_secondary': 0.1980109373732848, 'sumE': 1947.
[239.79] [Task 467] ILP chose server: STARLINK-31702
[239.79] [Task 467] Routed STARLINK-5843 -> STARLINK-31702 | E_NET=0.000008 J | Remaining=119999.93 J
[239.790] Task 467 enqueued on CPU STARLINK-31702 qlen_enqueue=1
[Task 467] Task eseguito su STARLINK-31702 35.31714996995012 degrees | CPU=1947.3617J, NET=0.0000J, TOTAL=1947.3617J, Remaining=18396.39J
[239.989] Task 467 served on STARLINK-31702 qlen_enqueue_cpu=1 qlen_enqueue_net=None time_in_queue=0.000
----------------------------------------------------------------------
	||TIME IN SIMULATION : (seconds:240) (minutes: 4) ||

MODIFICA CONFIGURAZIONE IN CORSO...

Aggiornato il Tempo Globale:  2025-11-20 20:59:14
[467][GREEDY] STARLINK-31702 -> STARLINK-11724 [DTC] | Tramission-time: 0.00177722791569674
[467] Energy routing consumed by STARLINK-31702: 0.000000 J (remaining 18396.39)
[MODE: BIDIRECTIONAL]
[467][GREEDY] CONSEGNATO! STARLINK-11724 [DTC] -> OBS | Tramission-time: 8.32644506604936e-12
---> Task 468 (Type: Generic_Service) arriva in 240.16
--- [240.16] Task 468 using SearchNode Policy: v2_ilp_hybrid ---
[240.16] [Task 468] Entering ILP branch (v2)
[ε-constraint energy] sumE_B=224.111079  bound=246.522187  active=False
[ILP] res_type=dict value_preview={'stage': 'B', 'status': 'Optimal', 'primary': 'energy', 'tol': 0.1, 'opt_primary': 224.1110786524929, 'objective_secondary': 0.02279383660981008, 'sumE': 224.1
[240.16] [Task 468] ILP chose server: STARLINK-31702
[240.16] [Task 468] Routed STARLINK-5843 -> STARLINK-31702 | E_NET=0.000005 J | Remaining=119999.93 J
[240.161] Task 468 enqueued on CPU STARLINK-31702 qlen_enqueue=1
[Task 468] Task eseguito su STARLINK-31702 34.79604779220398 degrees | CPU=224.1111J, NET=0.0000J, TOTAL=224.1111J, Remaining=18172.28J
[240.184] Task 468 served on STARLINK-31702 qlen_enqueue_cpu=1 qlen_enqueue_net=None time_in_queue=0.000
---> Task 469 (Type: CPU_Intensive) arriva in 240.22
--- [240.22] Task 469 using SearchNode Policy: v2_ilp_hybrid ---
[240.22] [Task 469] Entering ILP branch (v2)
[ε-constraint energy] sumE_B=2832.666625  bound=3115.933287  active=False
[ILP] res_type=dict value_preview={'stage': 'B', 'status': 'Optimal', 'primary': 'energy', 'tol': 0.1, 'opt_primary': 2832.6666249559426, 'objective_secondary': 0.2880389896930611, 'sumE': 2832.
[240.22] [Task 469] ILP chose server: STARLINK-31702
[240.22] [Task 469] Routed STARLINK-5843 -> STARLINK-31702 | E_NET=0.000016 J | Remaining=119999.93 J
[240.225] Task 469 enqueued on CPU STARLINK-31702 qlen_enqueue=1
[468][GREEDY] STARLINK-31702 -> STARLINK-11724 [DTC] | Tramission-time: 0.0017772279142311209
[468] Energy routing consumed by STARLINK-31702: 0.000000 J (remaining 18172.28)
[MODE: BIDIRECTIONAL]
[468][GREEDY] CONSEGNATO! STARLINK-11724 [DTC] -> OBS | Tramission-time: 5.030346095838549e-12
[Task 469] Task eseguito su STARLINK-31702 34.79604779220398 degrees | CPU=2832.6666J, NET=0.0000J, TOTAL=2832.6666J, Remaining=15339.62J
[240.515] Task 469 served on STARLINK-31702 qlen_enqueue_cpu=1 qlen_enqueue_net=None time_in_queue=0.000
[469][GREEDY] STARLINK-31702 -> STARLINK-11724 [DTC] | Tramission-time: 0.0017772279300494141
[469] Energy routing consumed by STARLINK-31702: 0.000000 J (remaining 15339.62)
[MODE: BIDIRECTIONAL]
[469][GREEDY] CONSEGNATO! STARLINK-11724 [DTC] -> OBS | Tramission-time: 1.5475307015133456e-11
---> Task 470 (Type: CPU_Intensive) arriva in 241.27
--- [241.27] Task 470 using SearchNode Policy: v2_ilp_hybrid ---
[241.27] [Task 470] Entering ILP branch (v2)
[ε-constraint energy] sumE_B=3954.964449  bound=4350.460894  active=False
[ILP] res_type=dict value_preview={'stage': 'B', 'status': 'Optimal', 'primary': 'energy', 'tol': 0.1, 'opt_primary': 3954.9644487058026, 'objective_secondary': 0.402142408330555, 'sumE': 3954.9
[241.27] [Task 470] ILP chose server: STARLINK-31702
[241.27] [Task 470] Routed STARLINK-5843 -> STARLINK-31702 | E_NET=0.000010 J | Remaining=119999.93 J
[241.268] Task 470 enqueued on CPU STARLINK-31702 qlen_enqueue=1
---> Task 471 (Type: CPU_Intensive) arriva in 241.30
--- [241.30] Task 471 using SearchNode Policy: v2_ilp_hybrid ---
[241.30] [Task 471] Entering ILP branch (v2)
[ε-constraint energy] sumE_B=1489.289877  bound=1638.218864  active=False
[ILP] res_type=dict value_preview={'stage': 'B', 'status': 'Optimal', 'primary': 'energy', 'tol': 0.1, 'opt_primary': 1489.2898766848434, 'objective_secondary': 0.15143429926642177, 'sumE': 1489
[241.30] [Task 471] ILP chose server: STARLINK-31399
[241.30] [Task 471] Routed STARLINK-5843 -> STARLINK-31399 | E_NET=0.000006 J | Remaining=119999.93 J
[241.305] Task 471 enqueued on CPU STARLINK-31399 qlen_enqueue=1
[Task 471] Task eseguito su STARLINK-31399 77.96410514983639 degrees | CPU=1489.2899J, NET=0.0000J, TOTAL=1489.2899J, Remaining=43501.91J
[241.457] Task 471 served on STARLINK-31399 qlen_enqueue_cpu=1 qlen_enqueue_net=None time_in_queue=0.000
[471][GREEDY] STARLINK-31399 -> STARLINK-11724 [DTC] | Tramission-time: 0.0012279754720108168
[471] Energy routing consumed by STARLINK-31399: 0.000000 J (remaining 43501.91)
[MODE: BIDIRECTIONAL]
[471][GREEDY] CONSEGNATO! STARLINK-11724 [DTC] -> OBS | Tramission-time: 5.714691352048311e-12
[Task 470] Task eseguito su STARLINK-31702 34.79604779220398 degrees | CPU=3954.9644J, NET=0.0000J, TOTAL=3954.9644J, Remaining=11384.65J
[241.671] Task 470 served on STARLINK-31702 qlen_enqueue_cpu=1 qlen_enqueue_net=None time_in_queue=0.000
[470][GREEDY] STARLINK-31702 -> STARLINK-11724 [DTC] | Tramission-time: 0.001777227918720774
[470] Energy routing consumed by STARLINK-31702: 0.000000 J (remaining 11384.65)
[MODE: BIDIRECTIONAL]
[470][GREEDY] CONSEGNATO! STARLINK-11724 [DTC] -> OBS | Tramission-time: 9.82572898374076e-12
---> Task 472 (Type: CPU_Intensive) arriva in 241.76
--- [241.76] Task 472 using SearchNode Policy: v2_ilp_hybrid ---
[241.76] [Task 472] Entering ILP branch (v2)
[ε-constraint energy] sumE_B=2233.885495  bound=2457.274044  active=False
[ILP] res_type=dict value_preview={'stage': 'B', 'status': 'Optimal', 'primary': 'energy', 'tol': 0.1, 'opt_primary': 2233.8854947353834, 'objective_secondary': 0.22714759161746303, 'sumE': 2233
[241.76] [Task 472] ILP chose server: STARLINK-31702
[241.76] [Task 472] Routed STARLINK-5843 -> STARLINK-31702 | E_NET=0.000010 J | Remaining=119999.93 J
[241.761] Task 472 enqueued on CPU STARLINK-31702 qlen_enqueue=1
[Task 472] Task eseguito su STARLINK-31702 34.79604779220398 degrees | CPU=2233.8855J, NET=0.0000J, TOTAL=2233.8855J, Remaining=9150.77J
[241.989] Task 472 served on STARLINK-31702 qlen_enqueue_cpu=1 qlen_enqueue_net=None time_in_queue=0.000
----------------------------------------------------------------------
	||TIME IN SIMULATION : (seconds:242) (minutes: 4) ||

MODIFICA CONFIGURAZIONE IN CORSO...

Aggiornato il Tempo Globale:  2025-11-20 20:59:16
[472][GREEDY] STARLINK-31702 -> STARLINK-30286 | Tramission-time: 0.0013942286232087285
[472] Energy routing consumed by STARLINK-31702: 0.000000 J (remaining 9150.77)
[MODE: BIDIRECTIONAL]
[472][GREEDY] CONSEGNATO! STARLINK-30286 -> OBS | Tramission-time: 1.2228843934329741e-11
---> Task 473 (Type: CPU_and_Data_Intensive) arriva in 243.88
--- [243.88] Task 473 using SearchNode Policy: v2_ilp_hybrid ---
[243.88] [Task 473] Entering ILP branch (v2)
[ε-constraint energy] sumE_B=17464.488340  bound=19210.937174  active=False
[ILP] res_type=dict value_preview={'stage': 'B', 'status': 'Optimal', 'primary': 'energy', 'tol': 0.1, 'opt_primary': 17464.488340357315, 'objective_secondary': 1.925092885582733, 'sumE': 17464.
[243.88] [Task 473] ILP chose server: STARLINK-11724 [DTC]
[243.88] [Task 473] Routed STARLINK-2647 -> STARLINK-11724 [DTC] | E_NET=0.147984 J | Remaining=119999.85 J
----------------------------------------------------------------------
	||TIME IN SIMULATION : (seconds:244) (minutes: 4) ||

MODIFICA CONFIGURAZIONE IN CORSO...

Aggiornato il Tempo Globale:  2025-11-20 20:59:18
[244.034] Task 473 enqueued on CPU STARLINK-11724 [DTC] qlen_enqueue=1
---> Task 474 (Type: Generic_Service) arriva in 244.60
--- [244.60] Task 474 using SearchNode Policy: v2_ilp_hybrid ---
[244.60] [Task 474] Entering ILP branch (v2)
[ε-constraint energy] sumE_B=517.013165  bound=568.714481  active=False
[ILP] res_type=dict value_preview={'stage': 'B', 'status': 'Optimal', 'primary': 'energy', 'tol': 0.1, 'opt_primary': 517.0131646621587, 'objective_secondary': 0.05258928058968162, 'sumE': 517.0
[244.60] [Task 474] ILP chose server: STARLINK-32378
[244.60] [Task 474] Routed STARLINK-5108 -> STARLINK-32378 | E_NET=0.000019 J | Remaining=120000.00 J
[244.604] Task 474 enqueued on CPU STARLINK-32378 qlen_enqueue=1
[Task 474] Task eseguito su STARLINK-32378 29.02227054114299 degrees | CPU=517.0131J, NET=0.0000J, TOTAL=517.0132J, Remaining=119482.99J
[244.658] Task 474 served on STARLINK-32378 qlen_enqueue_cpu=1 qlen_enqueue_net=None time_in_queue=0.000
[474][GREEDY] STARLINK-32378 -> STARLINK-32442 | Tramission-time: 0.0019281149996198685
[474] Energy routing consumed by STARLINK-32378: 0.000000 J (remaining 119482.99)
---> Task 475 (Type: Generic_Service) arriva in 244.71
--- [244.71] Task 475 using SearchNode Policy: v2_ilp_hybrid ---
[244.71] [Task 475] Entering ILP branch (v2)
[ε-constraint energy] sumE_B=557.059998  bound=612.765998  active=False
[ILP] res_type=dict value_preview={'stage': 'B', 'status': 'Optimal', 'primary': 'energy', 'tol': 0.1, 'opt_primary': 557.0599982437162, 'objective_secondary': 0.05664859503443447, 'sumE': 557.0
[244.71] [Task 475] ILP chose server: STARLINK-32378
[244.71] [Task 475] Routed STARLINK-5108 -> STARLINK-32378 | E_NET=0.000008 J | Remaining=120000.00 J
[244.709] Task 475 enqueued on CPU STARLINK-32378 qlen_enqueue=1
[MODE: BIDIRECTIONAL]
[474][GREEDY] CONSEGNATO! STARLINK-32442 -> OBS | Tramission-time: 1.9093642024080957e-11
[Task 475] Task eseguito su STARLINK-32378 29.02227054114299 degrees | CPU=557.0600J, NET=0.0000J, TOTAL=557.0600J, Remaining=118925.93J
[244.766] Task 475 served on STARLINK-32378 qlen_enqueue_cpu=1 qlen_enqueue_net=None time_in_queue=0.000
[475][GREEDY] STARLINK-32378 -> STARLINK-32442 | Tramission-time: 0.0019281149917644755
[475] Energy routing consumed by STARLINK-32378: 0.000000 J (remaining 118925.93)
[MODE: BIDIRECTIONAL]
[475][GREEDY] CONSEGNATO! STARLINK-32442 -> OBS | Tramission-time: 5.746301392859294e-12
[245.810] Task 473 enqueued on NET STARLINK-11724 [DTC] qlen_enqueue_net=1
[Task 473] Task eseguito su STARLINK-11724 [DTC] 55.10251755655748 degrees | CPU=17464.3390J, NET=0.1480J, TOTAL=17464.4869J, Remaining=102535.44J
[245.958] Task 473 served on STARLINK-11724 [DTC] qlen_enqueue_cpu=1 qlen_enqueue_net=1 time_in_queue=0.000
[473][GREEDY] STARLINK-11724 [DTC] -> STARLINK-33816 | Tramission-time: 0.0011626118785084622
[473] Energy routing consumed by STARLINK-11724 [DTC]: 0.000000 J (remaining 102535.44)
----------------------------------------------------------------------
	||TIME IN SIMULATION : (seconds:246) (minutes: 4) ||

MODIFICA CONFIGURAZIONE IN CORSO...

Aggiornato il Tempo Globale:  2025-11-20 20:59:20
[MODE: BIDIRECTIONAL]
[473][GREEDY] CONSEGNATO! STARLINK-33816 -> OBS | Tramission-time: 1.1825424866452975e-07
---> Task 476 (Type: CPU_and_Data_Intensive) arriva in 247.18
--- [247.18] Task 476 using SearchNode Policy: v2_ilp_hybrid ---
[247.18] [Task 476] Entering ILP branch (v2)
[ε-constraint energy] sumE_B=1757.628131  bound=1933.390944  active=False
[ILP] res_type=dict value_preview={'stage': 'B', 'status': 'Optimal', 'primary': 'energy', 'tol': 0.1, 'opt_primary': 1757.628131234269, 'objective_secondary': 0.1792199510672495, 'sumE': 1757.6
[247.18] [Task 476] ILP chose server: STARLINK-11724 [DTC]
[247.18] [Task 476] Routed STARLINK-5794 -> STARLINK-11724 [DTC] | E_NET=0.000372 J | Remaining=120000.00 J
[247.185] Task 476 enqueued on CPU STARLINK-11724 [DTC] qlen_enqueue=1
[247.364] Task 476 enqueued on NET STARLINK-11724 [DTC] qlen_enqueue_net=1
[Task 476] Task eseguito su STARLINK-11724 [DTC] 54.918146914355816 degrees | CPU=1757.6276J, NET=0.0004J, TOTAL=1757.6280J, Remaining=100777.81J
[247.365] Task 476 served on STARLINK-11724 [DTC] qlen_enqueue_cpu=1 qlen_enqueue_net=1 time_in_queue=0.000
[476][GREEDY] STARLINK-11724 [DTC] -> STARLINK-33816 | Tramission-time: 0.0011713182485067536
[476] Energy routing consumed by STARLINK-11724 [DTC]: 0.000000 J (remaining 100777.81)
[MODE: BIDIRECTIONAL]
[476][GREEDY] CONSEGNATO! STARLINK-33816 -> OBS | Tramission-time: 4.088153695825906e-10
----------------------------------------------------------------------
	||TIME IN SIMULATION : (seconds:248) (minutes: 4) ||

MODIFICA CONFIGURAZIONE IN CORSO...

Aggiornato il Tempo Globale:  2025-11-20 20:59:22
---> Task 477 (Type: CPU_and_Data_Intensive) arriva in 248.52
--- [248.52] Task 477 using SearchNode Policy: v2_ilp_hybrid ---
[248.52] [Task 477] Entering ILP branch (v2)
[ε-constraint energy] sumE_B=641.383845  bound=705.522229  active=False
[ILP] res_type=dict value_preview={'stage': 'B', 'status': 'Optimal', 'primary': 'energy', 'tol': 0.1, 'opt_primary': 641.383844915811, 'objective_secondary': 0.07026854826415889, 'sumE': 641.38
[248.52] [Task 477] ILP chose server: STARLINK-32378
[248.52] [Task 477] Routed STARLINK-2388 -> STARLINK-32378 | E_NET=0.004338 J | Remaining=120000.00 J
[248.528] Task 477 enqueued on CPU STARLINK-32378 qlen_enqueue=1
[248.593] Task 477 enqueued on NET STARLINK-32378 qlen_enqueue_net=1
[Task 477] Task eseguito su STARLINK-32378 29.307514396289513 degrees | CPU=641.3788J, NET=0.0043J, TOTAL=641.3831J, Remaining=118284.54J
[248.597] Task 477 served on STARLINK-32378 qlen_enqueue_cpu=1 qlen_enqueue_net=1 time_in_queue=0.000
[477][GREEDY] STARLINK-32378 -> STARLINK-32442 | Tramission-time: 0.0019396589181336654
[477] Energy routing consumed by STARLINK-32378: 0.000000 J (remaining 118284.54)
[MODE: BIDIRECTIONAL]
[477][GREEDY] CONSEGNATO! STARLINK-32442 -> OBS | Tramission-time: 4.452409546873043e-09
---> Task 478 (Type: CPU_and_Data_Intensive) arriva in 249.68
--- [249.68] Task 478 using SearchNode Policy: v2_ilp_hybrid ---
[249.68] [Task 478] Entering ILP branch (v2)
[ε-constraint energy] sumE_B=2075.018978  bound=2282.520875  active=False
[ILP] res_type=dict value_preview={'stage': 'B', 'status': 'Optimal', 'primary': 'energy', 'tol': 0.1, 'opt_primary': 2075.0189775168265, 'objective_secondary': 0.21109102263726176, 'sumE': 2075
[249.68] [Task 478] ILP chose server: STARLINK-32378
[249.68] [Task 478] Routed STARLINK-5108 -> STARLINK-32378 | E_NET=0.000091 J | Remaining=120000.00 J
[249.682] Task 478 enqueued on CPU STARLINK-32378 qlen_enqueue=1
[249.893] Task 478 enqueued on NET STARLINK-32378 qlen_enqueue_net=1
[Task 478] Task eseguito su STARLINK-32378 29.307514396289513 degrees | CPU=2075.0189J, NET=0.0001J, TOTAL=2075.0190J, Remaining=116209.52J
[249.893] Task 478 served on STARLINK-32378 qlen_enqueue_cpu=1 qlen_enqueue_net=1 time_in_queue=0.000
[478][GREEDY] STARLINK-32378 -> STARLINK-32442 | Tramission-time: 0.0019396554065025757
[478] Energy routing consumed by STARLINK-32378: 0.000000 J (remaining 116209.52)
----------------------------------------------------------------------
	||TIME IN SIMULATION : (seconds:250) (minutes: 4) ||

MODIFICA CONFIGURAZIONE IN CORSO...

Aggiornato il Tempo Globale:  2025-11-20 20:59:24
[MODE: BIDIRECTIONAL]
[478][GREEDY] CONSEGNATO! STARLINK-32442 -> OBS | Tramission-time: 9.013863763676062e-11
---> Task 479 (Type: CPU_Intensive) arriva in 250.68
--- [250.68] Task 479 using SearchNode Policy: v2_ilp_hybrid ---
[250.68] [Task 479] Entering ILP branch (v2)
[ε-constraint energy] sumE_B=933.832307  bound=1027.215538  active=False
[ILP] res_type=dict value_preview={'stage': 'B', 'status': 'Optimal', 'primary': 'energy', 'tol': 0.1, 'opt_primary': 933.8323071917098, 'objective_secondary': 0.09497877706122412, 'sumE': 933.8
[250.68] [Task 479] ILP chose server: STARLINK-11724 [DTC]
[250.68] [Task 479] Routed STARLINK-5108 -> STARLINK-11724 [DTC] | E_NET=0.000026 J | Remaining=120000.00 J
[250.684] Task 479 enqueued on CPU STARLINK-11724 [DTC] qlen_enqueue=1
[Task 479] Task eseguito su STARLINK-11724 [DTC] 54.27497180072396 degrees | CPU=933.8323J, NET=0.0000J, TOTAL=933.8323J, Remaining=99843.98J
[250.781] Task 479 served on STARLINK-11724 [DTC] qlen_enqueue_cpu=1 qlen_enqueue_net=None time_in_queue=0.000
[479][GREEDY] STARLINK-11724 [DTC] -> STARLINK-32442 | Tramission-time: 0.0011500167269025271
[479] Energy routing consumed by STARLINK-11724 [DTC]: 0.000000 J (remaining 99843.98)
[MODE: BIDIRECTIONAL]
[479][GREEDY] CONSEGNATO! STARLINK-32442 -> OBS | Tramission-time: 2.582493965968637e-11
---> Task 480 (Type: CPU_and_Data_Intensive) arriva in 251.39
--- [251.39] Task 480 using SearchNode Policy: v2_ilp_hybrid ---
[251.39] [Task 480] Entering ILP branch (v2)
[ε-constraint energy] sumE_B=11524.903148  bound=12677.393462  active=False
[ILP] res_type=dict value_preview={'stage': 'B', 'status': 'Optimal', 'primary': 'energy', 'tol': 0.1, 'opt_primary': 11524.903147726656, 'objective_secondary': 1.1725048892608463, 'sumE': 11524
[251.39] [Task 480] ILP chose server: STARLINK-11724 [DTC]
[251.39] [Task 480] Routed STARLINK-5108 -> STARLINK-11724 [DTC] | E_NET=0.000601 J | Remaining=120000.00 J
[251.388] Task 480 enqueued on CPU STARLINK-11724 [DTC] qlen_enqueue=1
---> Task 481 (Type: Generic_Service) arriva in 251.88
--- [251.88] Task 481 using SearchNode Policy: v2_ilp_hybrid ---
[251.88] [Task 481] Entering ILP branch (v2)
[ε-constraint energy] sumE_B=538.490292  bound=592.339321  active=False
[ILP] res_type=dict value_preview={'stage': 'B', 'status': 'Optimal', 'primary': 'energy', 'tol': 0.1, 'opt_primary': 538.4902915875242, 'objective_secondary': 0.05477973906768934, 'sumE': 538.4
[251.88] [Task 481] ILP chose server: STARLINK-2388
[251.88] [Task 481] Routed STARLINK-5794 -> STARLINK-2388 | E_NET=0.000025 J | Remaining=120000.00 J
[251.878] Task 481 enqueued on CPU STARLINK-2388 qlen_enqueue=1
[Task 481] Task eseguito su STARLINK-2388 53.98846118239617 degrees | CPU=538.4903J, NET=0.0000J, TOTAL=538.4903J, Remaining=119461.51J
[251.935] Task 481 served on STARLINK-2388 qlen_enqueue_cpu=1 qlen_enqueue_net=None time_in_queue=0.000
[MODE: BIDIRECTIONAL]
[481][GREEDY] CONSEGNATO! STARLINK-2388 -> OBS | Tramission-time: 2.0183854660152258e-11
----------------------------------------------------------------------
	||TIME IN SIMULATION : (seconds:252) (minutes: 4) ||

MODIFICA CONFIGURAZIONE IN CORSO...

Aggiornato il Tempo Globale:  2025-11-20 20:59:26
---> Task 482 (Type: CPU_and_Data_Intensive) arriva in 252.12
--- [252.12] Task 482 using SearchNode Policy: v2_ilp_hybrid ---
[252.12] [Task 482] Entering ILP branch (v2)
[ε-constraint energy] sumE_B=5878.467240  bound=6466.313964  active=False
[ILP] res_type=dict value_preview={'stage': 'B', 'status': 'Optimal', 'primary': 'energy', 'tol': 0.1, 'opt_primary': 5878.467239981648, 'objective_secondary': 0.6006412314198164, 'sumE': 5878.4
[252.12] [Task 482] ILP chose server: STARLINK-2388
[252.12] [Task 482] Routed STARLINK-5794 -> STARLINK-2388 | E_NET=0.002362 J | Remaining=120000.00 J
[252.128] Task 482 enqueued on CPU STARLINK-2388 qlen_enqueue=1
---> Task 483 (Type: CPU_and_Data_Intensive) arriva in 252.49
--- [252.49] Task 483 using SearchNode Policy: v2_ilp_hybrid ---
[252.49] [Task 483] Entering ILP branch (v2)
[ε-constraint energy] sumE_B=1231.170403  bound=1354.287443  active=False
[ILP] res_type=dict value_preview={'stage': 'B', 'status': 'Optimal', 'primary': 'energy', 'tol': 0.1, 'opt_primary': 1231.1704026994016, 'objective_secondary': 0.12588634725711667, 'sumE': 1231
[252.49] [Task 483] ILP chose server: STARLINK-2647
[252.49] [Task 483] Routed STARLINK-5108 -> STARLINK-2647 | E_NET=0.000494 J | Remaining=120000.00 J
[252.492] Task 483 enqueued on CPU STARLINK-2647 qlen_enqueue=1
[252.560] Task 480 enqueued on NET STARLINK-11724 [DTC] qlen_enqueue_net=1
[Task 480] Task eseguito su STARLINK-11724 [DTC] 53.82620475471558 degrees | CPU=11524.9025J, NET=0.0006J, TOTAL=11524.9031J, Remaining=88319.07J
[252.560] Task 480 served on STARLINK-11724 [DTC] qlen_enqueue_cpu=1 qlen_enqueue_net=1 time_in_queue=0.000
[480][GREEDY] STARLINK-11724 [DTC] -> STARLINK-32442 | Tramission-time: 0.0011449635662192127
[480] Energy routing consumed by STARLINK-11724 [DTC]: 0.000000 J (remaining 88319.07)
[252.618] Task 483 enqueued on NET STARLINK-2647 qlen_enqueue_net=1
[Task 483] Task eseguito su STARLINK-2647 67.49976188636589 degrees | CPU=1231.1697J, NET=0.0005J, TOTAL=1231.1702J, Remaining=118768.68J
[252.618] Task 483 served on STARLINK-2647 qlen_enqueue_cpu=1 qlen_enqueue_net=1 time_in_queue=0.000
[MODE: BIDIRECTIONAL]
[483][GREEDY] CONSEGNATO! STARLINK-2647 -> OBS | Tramission-time: 6.585272483893266e-10
[MODE: BIDIRECTIONAL]
[480][GREEDY] CONSEGNATO! STARLINK-32442 -> OBS | Tramission-time: 4.5291346035534216e-10
---> Task 484 (Type: CPU_Intensive) arriva in 252.68
--- [252.68] Task 484 using SearchNode Policy: v2_ilp_hybrid ---
[252.68] [Task 484] Entering ILP branch (v2)
[ε-constraint energy] sumE_B=3699.503466  bound=4069.453813  active=False
[ILP] res_type=dict value_preview={'stage': 'B', 'status': 'Optimal', 'primary': 'energy', 'tol': 0.1, 'opt_primary': 3699.5034663351944, 'objective_secondary': 0.37616133515160927, 'sumE': 3699
[252.68] [Task 484] ILP chose server: STARLINK-11724 [DTC]
[252.68] [Task 484] Routed STARLINK-5108 -> STARLINK-11724 [DTC] | E_NET=0.000007 J | Remaining=120000.00 J
[252.684] Task 484 enqueued on CPU STARLINK-11724 [DTC] qlen_enqueue=1
[252.726] Task 482 enqueued on NET STARLINK-2388 qlen_enqueue_net=1
[Task 482] Task eseguito su STARLINK-2388 54.78815377939078 degrees | CPU=5878.4643J, NET=0.0024J, TOTAL=5878.4667J, Remaining=113583.04J
[252.728] Task 482 served on STARLINK-2388 qlen_enqueue_cpu=1 qlen_enqueue_net=1 time_in_queue=0.000
[MODE: BIDIRECTIONAL]
[482][GREEDY] CONSEGNATO! STARLINK-2388 -> OBS | Tramission-time: 2.566599525157631e-09
---> Task 485 (Type: CPU_Intensive) arriva in 253.06
--- [253.06] Task 485 using SearchNode Policy: v2_ilp_hybrid ---
[253.06] [Task 485] Entering ILP branch (v2)
[ε-constraint energy] sumE_B=32210.788647  bound=35431.867512  active=False
[ILP] res_type=dict value_preview={'stage': 'B', 'status': 'Optimal', 'primary': 'energy', 'tol': 0.1, 'opt_primary': 32210.788646932084, 'objective_secondary': 3.2751079617334242, 'sumE': 32210
[253.06] [Task 485] ILP chose server: STARLINK-2388
[253.06] [Task 485] Routed STARLINK-5108 -> STARLINK-2388 | E_NET=0.000016 J | Remaining=120000.00 J
[253.057] Task 485 enqueued on CPU STARLINK-2388 qlen_enqueue=1
[Task 484] Task eseguito su STARLINK-11724 [DTC] 53.82620475471558 degrees | CPU=3699.5035J, NET=0.0000J, TOTAL=3699.5035J, Remaining=84619.57J
[253.061] Task 484 served on STARLINK-11724 [DTC] qlen_enqueue_cpu=1 qlen_enqueue_net=None time_in_queue=0.000
[484][GREEDY] STARLINK-11724 [DTC] -> STARLINK-32442 | Tramission-time: 0.0011449630295350369
[484] Energy routing consumed by STARLINK-11724 [DTC]: 0.000000 J (remaining 84619.57)
[MODE: BIDIRECTIONAL]
[484][GREEDY] CONSEGNATO! STARLINK-32442 -> OBS | Tramission-time: 5.955150303531932e-12
----------------------------------------------------------------------
	||TIME IN SIMULATION : (seconds:254) (minutes: 4) ||

MODIFICA CONFIGURAZIONE IN CORSO...

Aggiornato il Tempo Globale:  2025-11-20 20:59:28
---> Task 486 (Type: CPU_Intensive) arriva in 254.36
--- [254.36] Task 486 using SearchNode Policy: v2_ilp_hybrid ---
[254.36] [Task 486] Entering ILP branch (v2)
[ε-constraint energy] sumE_B=4203.391240  bound=4623.730364  active=False
[ILP] res_type=dict value_preview={'stage': 'B', 'status': 'Optimal', 'primary': 'energy', 'tol': 0.1, 'opt_primary': 4203.391239978751, 'objective_secondary': 0.4273942644783483, 'sumE': 4203.3
[254.36] [Task 486] ILP chose server: STARLINK-11724 [DTC]
[254.36] [Task 486] Routed STARLINK-11187 [DTC] -> STARLINK-11724 [DTC] | E_NET=0.000005 J | Remaining=120000.00 J
[254.359] Task 486 enqueued on CPU STARLINK-11724 [DTC] qlen_enqueue=1
[Task 486] Task eseguito su STARLINK-11724 [DTC] 53.301058658870424 degrees | CPU=4203.3912J, NET=0.0000J, TOTAL=4203.3912J, Remaining=80416.18J
[254.787] Task 486 served on STARLINK-11724 [DTC] qlen_enqueue_cpu=1 qlen_enqueue_net=None time_in_queue=0.000
[486][GREEDY] STARLINK-11724 [DTC] -> STARLINK-32442 | Tramission-time: 0.0011401564582286634
[486] Energy routing consumed by STARLINK-11724 [DTC]: 0.000000 J (remaining 80416.18)
[MODE: BIDIRECTIONAL]
[486][GREEDY] CONSEGNATO! STARLINK-32442 -> OBS | Tramission-time: 4.7648772860023e-12
---> Task 487 (Type: Generic_Service) arriva in 255.31
--- [255.31] Task 487 using SearchNode Policy: v2_ilp_hybrid ---
[255.31] [Task 487] Entering ILP branch (v2)
[ε-constraint energy] sumE_B=448.001553  bound=492.801708  active=False
[ILP] res_type=dict value_preview={'stage': 'B', 'status': 'Optimal', 'primary': 'energy', 'tol': 0.1, 'opt_primary': 448.0015530161265, 'objective_secondary': 0.04557761866609312, 'sumE': 448.0
[255.31] [Task 487] ILP chose server: STARLINK-11724 [DTC]
[255.31] [Task 487] Routed STARLINK-11187 [DTC] -> STARLINK-11724 [DTC] | E_NET=0.000020 J | Remaining=120000.00 J
[255.310] Task 487 enqueued on CPU STARLINK-11724 [DTC] qlen_enqueue=1
[Task 487] Task eseguito su STARLINK-11724 [DTC] 53.301058658870424 degrees | CPU=448.0015J, NET=0.0000J, TOTAL=448.0015J, Remaining=79968.18J
[255.358] Task 487 served on STARLINK-11724 [DTC] qlen_enqueue_cpu=1 qlen_enqueue_net=None time_in_queue=0.000
[487][GREEDY] STARLINK-11724 [DTC] -> STARLINK-32442 | Tramission-time: 0.0011401564704109593
[487] Energy routing consumed by STARLINK-11724 [DTC]: 0.000000 J (remaining 79968.18)
[MODE: BIDIRECTIONAL]
[487][GREEDY] CONSEGNATO! STARLINK-32442 -> OBS | Tramission-time: 2.49650622664982e-11
----------------------------------------------------------------------
	||TIME IN SIMULATION : (seconds:256) (minutes: 4) ||

MODIFICA CONFIGURAZIONE IN CORSO...

Aggiornato il Tempo Globale:  2025-11-20 20:59:30
[Task 485] Task eseguito su STARLINK-2388 56.368536194925326 degrees | CPU=32210.7886J, NET=0.0000J, TOTAL=32210.7886J, Remaining=81372.25J
[256.334] Task 485 served on STARLINK-2388 qlen_enqueue_cpu=1 qlen_enqueue_net=None time_in_queue=0.000
---> Task 488 (Type: CPU_Intensive) arriva in 256.34
--- [256.34] Task 488 using SearchNode Policy: v2_ilp_hybrid ---
[256.34] [Task 488] Entering ILP branch (v2)
[ε-constraint energy] sumE_B=3352.939959  bound=3688.233955  active=False
[ILP] res_type=dict value_preview={'stage': 'B', 'status': 'Optimal', 'primary': 'energy', 'tol': 0.1, 'opt_primary': 3352.939959391274, 'objective_secondary': 0.34092955118265933, 'sumE': 3352.
[256.34] [Task 488] ILP chose server: STARLINK-11724 [DTC]
[256.34] [Task 488] Routed STARLINK-11187 [DTC] -> STARLINK-11724 [DTC] | E_NET=0.000011 J | Remaining=120000.00 J
[256.343] Task 488 enqueued on CPU STARLINK-11724 [DTC] qlen_enqueue=1
[485][GREEDY] STARLINK-2388 -> STARLINK-32442 | Tramission-time: 0.0012477713322347457
[485] Energy routing consumed by STARLINK-2388: 0.000000 J (remaining 81372.25)
---> Task 489 (Type: Generic_Service) arriva in 256.39
--- [256.39] Task 489 using SearchNode Policy: v2_ilp_hybrid ---
[256.39] [Task 489] Entering ILP branch (v2)
[ε-constraint energy] sumE_B=733.023865  bound=806.326251  active=False
[ILP] res_type=dict value_preview={'stage': 'B', 'status': 'Optimal', 'primary': 'energy', 'tol': 0.1, 'opt_primary': 733.0238647075998, 'objective_secondary': 0.07457189166980789, 'sumE': 733.0
[256.39] [Task 489] ILP chose server: STARLINK-2647
[256.39] [Task 489] Routed STARLINK-11187 [DTC] -> STARLINK-2647 | E_NET=0.000030 J | Remaining=120000.00 J
[256.388] Task 489 enqueued on CPU STARLINK-2647 qlen_enqueue=1
[Task 489] Task eseguito su STARLINK-2647 70.17184476608303 degrees | CPU=733.0238J, NET=0.0000J, TOTAL=733.0239J, Remaining=118035.66J
[256.466] Task 489 served on STARLINK-2647 qlen_enqueue_cpu=1 qlen_enqueue_net=None time_in_queue=0.000
[MODE: BIDIRECTIONAL]
[489][GREEDY] CONSEGNATO! STARLINK-2647 -> OBS | Tramission-time: 3.301621729236468e-11
[MODE: BIDIRECTIONAL]
[485][GREEDY] CONSEGNATO! STARLINK-32442 -> OBS | Tramission-time: 1.4487932854337114e-11
[Task 488] Task eseguito su STARLINK-11724 [DTC] 52.70672500476036 degrees | CPU=3352.9399J, NET=0.0000J, TOTAL=3352.9400J, Remaining=76615.24J
[256.685] Task 488 served on STARLINK-11724 [DTC] qlen_enqueue_cpu=1 qlen_enqueue_net=None time_in_queue=0.000
[488][GREEDY] STARLINK-11724 [DTC] -> STARLINK-32442 | Tramission-time: 0.0011356002642019358
[488] Energy routing consumed by STARLINK-11724 [DTC]: 0.000000 J (remaining 76615.24)
[MODE: BIDIRECTIONAL]
[488][GREEDY] CONSEGNATO! STARLINK-32442 -> OBS | Tramission-time: 1.182513737290282e-11
---> Task 490 (Type: Generic_Service) arriva in 256.99
--- [256.99] Task 490 using SearchNode Policy: v2_ilp_hybrid ---
[256.99] [Task 490] Entering ILP branch (v2)
[ε-constraint energy] sumE_B=613.457979  bound=674.803776  active=False
[ILP] res_type=dict value_preview={'stage': 'B', 'status': 'Optimal', 'primary': 'energy', 'tol': 0.1, 'opt_primary': 613.4579785553603, 'objective_secondary': 0.062386228502119084, 'sumE': 613.
[256.99] [Task 490] ILP chose server: STARLINK-11724 [DTC]
[256.99] [Task 490] Routed STARLINK-11187 [DTC] -> STARLINK-11724 [DTC] | E_NET=0.000009 J | Remaining=120000.00 J
[256.990] Task 490 enqueued on CPU STARLINK-11724 [DTC] qlen_enqueue=1
[Task 490] Task eseguito su STARLINK-11724 [DTC] 52.70672500476036 degrees | CPU=613.4580J, NET=0.0000J, TOTAL=613.4580J, Remaining=76001.78J
[257.053] Task 490 served on STARLINK-11724 [DTC] qlen_enqueue_cpu=1 qlen_enqueue_net=None time_in_queue=0.000
[490][GREEDY] STARLINK-11724 [DTC] -> STARLINK-32442 | Tramission-time: 0.0011356002631455154
[490] Energy routing consumed by STARLINK-11724 [DTC]: 0.000000 J (remaining 76001.78)
[MODE: BIDIRECTIONAL]
[490][GREEDY] CONSEGNATO! STARLINK-32442 -> OBS | Tramission-time: 9.205080841640185e-12
---> Task 491 (Type: CPU_and_Data_Intensive) arriva in 257.26
--- [257.26] Task 491 using SearchNode Policy: v2_ilp_hybrid ---
[257.26] [Task 491] Entering ILP branch (v2)
[ε-constraint energy] sumE_B=4.197265  bound=4.616992  active=False
[ILP] res_type=dict value_preview={'stage': 'B', 'status': 'Optimal', 'primary': 'energy', 'tol': 0.1, 'opt_primary': 4.197265372566893, 'objective_secondary': 0.001188556466680255, 'sumE': 4.19
[257.26] [Task 491] ILP chose server: STARLINK-11724 [DTC]
[257.26] [Task 491] Routed STARLINK-11187 [DTC] -> STARLINK-11724 [DTC] | E_NET=0.000597 J | Remaining=120000.00 J
[Task 491] REJECTED on STARLINK-11724 [DTC] due to: Deadline Exceeded
[257.26] [Task 491] assignment failed on STARLINK-11724 [DTC] reason=Deadline Exceeded
---> Task 492 (Type: CPU_and_Data_Intensive) arriva in 257.49
--- [257.49] Task 492 using SearchNode Policy: v2_ilp_hybrid ---
[257.49] [Task 492] Entering ILP branch (v2)
[ε-constraint energy] sumE_B=151.433108  bound=166.576419  active=False
[ILP] res_type=dict value_preview={'stage': 'B', 'status': 'Optimal', 'primary': 'energy', 'tol': 0.1, 'opt_primary': 151.4331082255637, 'objective_secondary': 0.11367888730429174, 'sumE': 151.4
[257.49] [Task 492] ILP chose server: STARLINK-11724 [DTC]
[257.49] [Task 492] Routed STARLINK-11187 [DTC] -> STARLINK-11724 [DTC] | E_NET=0.077083 J | Remaining=119999.92 J
[257.572] Task 492 enqueued on CPU STARLINK-11724 [DTC] qlen_enqueue=1
[257.588] Task 492 enqueued on NET STARLINK-11724 [DTC] qlen_enqueue_net=1
[Task 492] Task eseguito su STARLINK-11724 [DTC] 52.70672500476036 degrees | CPU=151.3348J, NET=0.0771J, TOTAL=151.4119J, Remaining=75850.37J
[257.665] Task 492 served on STARLINK-11724 [DTC] qlen_enqueue_cpu=1 qlen_enqueue_net=1 time_in_queue=0.000
[492][GREEDY] STARLINK-11724 [DTC] -> STARLINK-32442 | Tramission-time: 0.0011356650576350585
[492] Energy routing consumed by STARLINK-11724 [DTC]: 0.000000 J (remaining 75850.37)
[MODE: BIDIRECTIONAL]
[492][GREEDY] CONSEGNATO! STARLINK-32442 -> OBS | Tramission-time: 7.159402359379658e-08
----------------------------------------------------------------------
	||TIME IN SIMULATION : (seconds:258) (minutes: 4) ||

MODIFICA CONFIGURAZIONE IN CORSO...

Aggiornato il Tempo Globale:  2025-11-20 20:59:32
---> Task 493 (Type: Generic_Service) arriva in 258.23
--- [258.23] Task 493 using SearchNode Policy: v2_ilp_hybrid ---
[258.23] [Task 493] Entering ILP branch (v2)
[ε-constraint energy] sumE_B=15.332705  bound=16.865976  active=False
[ILP] res_type=dict value_preview={'stage': 'B', 'status': 'Optimal', 'primary': 'energy', 'tol': 0.1, 'opt_primary': 15.332705123303153, 'objective_secondary': 0.0015909725415918325, 'sumE': 15
[258.23] [Task 493] ILP chose server: STARLINK-32378
[258.23] [Task 493] Routed STARLINK-5108 -> STARLINK-32378 | E_NET=0.000028 J | Remaining=120000.00 J
[Task 493] REJECTED on STARLINK-32378 due to: Deadline Exceeded
[258.23] [Task 493] assignment failed on STARLINK-32378 reason=Deadline Exceeded
---> Task 494 (Type: Generic_Service) arriva in 258.25
--- [258.25] Task 494 using SearchNode Policy: v2_ilp_hybrid ---
[258.25] [Task 494] Entering ILP branch (v2)
[ε-constraint energy] sumE_B=173.238812  bound=190.562693  active=False
[ILP] res_type=dict value_preview={'stage': 'B', 'status': 'Optimal', 'primary': 'energy', 'tol': 0.1, 'opt_primary': 173.2388116534967, 'objective_secondary': 0.01765135825389719, 'sumE': 173.2
[258.25] [Task 494] ILP chose server: STARLINK-32378
[258.25] [Task 494] Routed STARLINK-5108 -> STARLINK-32378 | E_NET=0.000033 J | Remaining=120000.00 J
[258.251] Task 494 enqueued on CPU STARLINK-32378 qlen_enqueue=1
[Task 494] Task eseguito su STARLINK-32378 29.855506282014705 degrees | CPU=173.2388J, NET=0.0000J, TOTAL=173.2388J, Remaining=116036.29J
[258.271] Task 494 served on STARLINK-32378 qlen_enqueue_cpu=1 qlen_enqueue_net=None time_in_queue=0.000
[494][GREEDY] STARLINK-32378 -> STARLINK-32442 | Tramission-time: 0.0019683449348279303
[494] Energy routing consumed by STARLINK-32378: 0.000000 J (remaining 116036.29)
[MODE: BIDIRECTIONAL]
[494][GREEDY] CONSEGNATO! STARLINK-32442 -> OBS | Tramission-time: 3.358000914499621e-11
---> Task 495 (Type: Generic_Service) arriva in 259.12
--- [259.12] Task 495 using SearchNode Policy: v2_ilp_hybrid ---
[259.12] [Task 495] Entering ILP branch (v2)
[ε-constraint energy] sumE_B=180.260233  bound=198.286256  active=False
[ILP] res_type=dict value_preview={'stage': 'B', 'status': 'Optimal', 'primary': 'energy', 'tol': 0.1, 'opt_primary': 180.2602330391865, 'objective_secondary': 0.01834026659502425, 'sumE': 180.2
[259.12] [Task 495] ILP chose server: STARLINK-32378
[259.12] [Task 495] Routed STARLINK-5108 -> STARLINK-32378 | E_NET=0.000011 J | Remaining=120000.00 J
[259.120] Task 495 enqueued on CPU STARLINK-32378 qlen_enqueue=1
[Task 495] Task eseguito su STARLINK-32378 29.855506282014705 degrees | CPU=180.2602J, NET=0.0000J, TOTAL=180.2602J, Remaining=115856.03J
[259.139] Task 495 served on STARLINK-32378 qlen_enqueue_cpu=1 qlen_enqueue_net=None time_in_queue=0.000
[495][GREEDY] STARLINK-32378 -> STARLINK-32442 | Tramission-time: 0.001968344910485831
[495] Energy routing consumed by STARLINK-32378: 0.000000 J (remaining 115856.03)
[MODE: BIDIRECTIONAL]
[495][GREEDY] CONSEGNATO! STARLINK-32442 -> OBS | Tramission-time: 1.0971973849014512e-11
---> Task 496 (Type: CPU_Intensive) arriva in 259.30
--- [259.30] Task 496 using SearchNode Policy: v2_ilp_hybrid ---
[259.30] [Task 496] Entering ILP branch (v2)
[ε-constraint energy] sumE_B=1427.615411  bound=1570.376952  active=False
[ILP] res_type=dict value_preview={'stage': 'B', 'status': 'Optimal', 'primary': 'energy', 'tol': 0.1, 'opt_primary': 1427.6154108408607, 'objective_secondary': 0.1451745013380708, 'sumE': 1427.
[259.30] [Task 496] ILP chose server: STARLINK-32378
[259.30] [Task 496] Routed STARLINK-5108 -> STARLINK-32378 | E_NET=0.000017 J | Remaining=120000.00 J
[259.304] Task 496 enqueued on CPU STARLINK-32378 qlen_enqueue=1
[Task 496] Task eseguito su STARLINK-32378 29.855506282014705 degrees | CPU=1427.6154J, NET=0.0000J, TOTAL=1427.6154J, Remaining=114428.41J
[259.450] Task 496 served on STARLINK-32378 qlen_enqueue_cpu=1 qlen_enqueue_net=None time_in_queue=0.000
[496][GREEDY] STARLINK-32378 -> STARLINK-32442 | Tramission-time: 0.0019683449146065215
[496] Energy routing consumed by STARLINK-32378: 0.000000 J (remaining 114428.41)
---> Task 497 (Type: CPU_and_Data_Intensive) arriva in 259.50
--- [259.50] Task 497 using SearchNode Policy: v2_ilp_hybrid ---
[259.50] [Task 497] Entering ILP branch (v2)
[ε-constraint energy] sumE_B=463.722229  bound=510.094452  active=False
[ILP] res_type=dict value_preview={'stage': 'B', 'status': 'Optimal', 'primary': 'energy', 'tol': 0.1, 'opt_primary': 463.7222288577152, 'objective_secondary': 0.053115516749376604, 'sumE': 463.
[259.50] [Task 497] ILP chose server: STARLINK-32378
[259.50] [Task 497] Routed STARLINK-5108 -> STARLINK-32378 | E_NET=0.005250 J | Remaining=119999.99 J
[259.512] Task 497 enqueued on CPU STARLINK-32378 qlen_enqueue=1
[259.559] Task 497 enqueued on NET STARLINK-32378 qlen_enqueue_net=1
[Task 497] Task eseguito su STARLINK-32378 29.855506282014705 degrees | CPU=463.7163J, NET=0.0053J, TOTAL=463.7215J, Remaining=113964.69J
[259.564] Task 497 served on STARLINK-32378 qlen_enqueue_cpu=1 qlen_enqueue_net=1 time_in_queue=0.000
---> Task 498 (Type: CPU_and_Data_Intensive) arriva in 259.57
--- [259.57] Task 498 using SearchNode Policy: v2_ilp_hybrid ---
[259.57] [Task 498] Entering ILP branch (v2)
[ε-constraint energy] sumE_B=19142.014244  bound=21056.215669  active=False
[ILP] res_type=dict value_preview={'stage': 'B', 'status': 'Optimal', 'primary': 'energy', 'tol': 0.1, 'opt_primary': 19142.014244209186, 'objective_secondary': 1.951757864279922, 'sumE': 19142.
[259.57] [Task 498] ILP chose server: STARLINK-11724 [DTC]
[259.57] [Task 498] Routed STARLINK-5794 -> STARLINK-11724 [DTC] | E_NET=0.004286 J | Remaining=119999.99 J
[259.577] Task 498 enqueued on CPU STARLINK-11724 [DTC] qlen_enqueue=1
[MODE: BIDIRECTIONAL]
[496][GREEDY] CONSEGNATO! STARLINK-32442 -> OBS | Tramission-time: 1.3529733477617369e-11
[497][GREEDY] STARLINK-32378 -> STARLINK-32442 | Tramission-time: 0.001968348888389079
[497] Energy routing consumed by STARLINK-32378: 0.000000 J (remaining 113964.69)
[MODE: BIDIRECTIONAL]
[497][GREEDY] CONSEGNATO! STARLINK-32442 -> OBS | Tramission-time: 4.266960784727472e-09
---> Task 499 (Type: CPU_Intensive) arriva in 259.79
--- [259.79] Task 499 using SearchNode Policy: v2_ilp_hybrid ---
[259.79] [Task 499] Entering ILP branch (v2)
[ε-constraint energy] sumE_B=3111.396877  bound=3422.536564  active=False
[ILP] res_type=dict value_preview={'stage': 'B', 'status': 'Optimal', 'primary': 'energy', 'tol': 0.1, 'opt_primary': 3111.396876599871, 'objective_secondary': 0.3163807554801545, 'sumE': 3111.3
[259.79] [Task 499] ILP chose server: STARLINK-32378
[259.79] [Task 499] Routed STARLINK-5108 -> STARLINK-32378 | E_NET=0.000021 J | Remaining=119999.99 J
[259.796] Task 499 enqueued on CPU STARLINK-32378 qlen_enqueue=1
---> Task 500 (Type: CPU_and_Data_Intensive) arriva in 259.96
--- [259.96] Task 500 using SearchNode Policy: v2_ilp_hybrid ---
[259.96] [Task 500] Entering ILP branch (v2)
[ε-constraint energy] sumE_B=4503.512483  bound=4953.863731  active=False
[ILP] res_type=dict value_preview={'stage': 'B', 'status': 'Optimal', 'primary': 'energy', 'tol': 0.1, 'opt_primary': 4503.512482933876, 'objective_secondary': 0.4634070940636929, 'sumE': 4503.5
[259.96] [Task 500] ILP chose server: STARLINK-31909
[259.96] [Task 500] Routed STARLINK-5108 -> STARLINK-31909 | E_NET=0.004134 J | Remaining=119999.99 J
[259.968] Task 500 enqueued on CPU STARLINK-31909 qlen_enqueue=1
---> Task 501 (Type: Generic_Service) arriva in 260.00
--- [260.00] Task 501 using SearchNode Policy: v2_ilp_hybrid ---
[260.00] [Task 501] Entering ILP branch (v2)
[ε-constraint energy] sumE_B=116.514053  bound=128.165459  active=False
[ILP] res_type=dict value_preview={'stage': 'B', 'status': 'Optimal', 'primary': 'energy', 'tol': 0.1, 'opt_primary': 116.51405345904217, 'objective_secondary': 0.011863839009105858, 'sumE': 116
[260.00] [Task 501] ILP chose server: STARLINK-2388
[260.00] [Task 501] Routed STARLINK-5794 -> STARLINK-2388 | E_NET=0.000012 J | Remaining=119999.99 J
[259.998] Task 501 enqueued on CPU STARLINK-2388 qlen_enqueue=1
----------------------------------------------------------------------
	||TIME IN SIMULATION : (seconds:260) (minutes: 4) ||

MODIFICA CONFIGURAZIONE IN CORSO...

Aggiornato il Tempo Globale:  2025-11-20 20:59:34
[Task 501] Task eseguito su STARLINK-2388 57.9052938805607 degrees | CPU=116.5140J, NET=0.0000J, TOTAL=116.5140J, Remaining=81255.74J
[260.011] Task 501 served on STARLINK-2388 qlen_enqueue_cpu=1 qlen_enqueue_net=None time_in_queue=0.000
[501][GREEDY] STARLINK-2388 -> STARLINK-32442 | Tramission-time: 0.0011380320524755566
[501] Energy routing consumed by STARLINK-2388: 0.000000 J (remaining 81255.74)
[Task 499] Task eseguito su STARLINK-32378 29.934686093676806 degrees | CPU=3111.3969J, NET=0.0000J, TOTAL=3111.3969J, Remaining=110853.29J
[260.114] Task 499 served on STARLINK-32378 qlen_enqueue_cpu=1 qlen_enqueue_net=None time_in_queue=0.000
---> Task 502 (Type: CPU_Intensive) arriva in 260.13
--- [260.13] Task 502 using SearchNode Policy: v2_ilp_hybrid ---
[260.13] [Task 502] Entering ILP branch (v2)
[ε-constraint energy] sumE_B=11865.106065  bound=13051.616671  active=False
[ILP] res_type=dict value_preview={'stage': 'B', 'status': 'Optimal', 'primary': 'energy', 'tol': 0.1, 'opt_primary': 11865.106064636051, 'objective_secondary': 1.2064336384833738, 'sumE': 11865
[260.13] [Task 502] ILP chose server: STARLINK-2388
[260.13] [Task 502] Routed STARLINK-5794 -> STARLINK-2388 | E_NET=0.000026 J | Remaining=119999.99 J
[260.128] Task 502 enqueued on CPU STARLINK-2388 qlen_enqueue=1
[MODE: BIDIRECTIONAL]
[501][GREEDY] CONSEGNATO! STARLINK-32442 -> OBS | Tramission-time: 1.2789656984771866e-11
[499][GREEDY] STARLINK-32378 -> STARLINK-32442 | Tramission-time: 0.0019740549322604314
[499] Energy routing consumed by STARLINK-32378: 0.000000 J (remaining 110853.29)
[MODE: BIDIRECTIONAL]
[499][GREEDY] CONSEGNATO! STARLINK-32442 -> OBS | Tramission-time: 1.8315316590219438e-11
---> Task 503 (Type: Generic_Service) arriva in 260.39
--- [260.39] Task 503 using SearchNode Policy: v2_ilp_hybrid ---
[260.39] [Task 503] Entering ILP branch (v2)
[ε-constraint energy] sumE_B=460.460308  bound=506.506339  active=False
[ILP] res_type=dict value_preview={'stage': 'B', 'status': 'Optimal', 'primary': 'energy', 'tol': 0.1, 'opt_primary': 460.4603081680584, 'objective_secondary': 0.04682681663776503, 'sumE': 460.4
[260.39] [Task 503] ILP chose server: STARLINK-2647
[260.39] [Task 503] Routed STARLINK-5794 -> STARLINK-2647 | E_NET=0.000007 J | Remaining=119999.99 J
[260.394] Task 503 enqueued on CPU STARLINK-2647 qlen_enqueue=1
[260.426] Task 500 enqueued on NET STARLINK-31909 qlen_enqueue_net=1
[Task 500] Task eseguito su STARLINK-31909 37.84199843884905 degrees | CPU=4503.5070J, NET=0.0041J, TOTAL=4503.5111J, Remaining=115496.49J
[260.430] Task 500 served on STARLINK-31909 qlen_enqueue_cpu=1 qlen_enqueue_net=1 time_in_queue=0.000
[Task 503] Task eseguito su STARLINK-2647 72.92075223568077 degrees | CPU=460.4603J, NET=0.0000J, TOTAL=460.4603J, Remaining=117575.20J
[260.441] Task 503 served on STARLINK-2647 qlen_enqueue_cpu=1 qlen_enqueue_net=None time_in_queue=0.000
[MODE: BIDIRECTIONAL]
[503][GREEDY] CONSEGNATO! STARLINK-2647 -> OBS | Tramission-time: 5.8844851167971125e-12
[500][GREEDY] STARLINK-31909 -> STARLINK-32442 | Tramission-time: 0.0015158932595803385
[500] Energy routing consumed by STARLINK-31909: 0.000000 J (remaining 115496.49)
---> Task 504 (Type: Generic_Service) arriva in 260.58
--- [260.58] Task 504 using SearchNode Policy: v2_ilp_hybrid ---
[260.58] [Task 504] Entering ILP branch (v2)
[ε-constraint energy] sumE_B=185.096314  bound=203.605945  active=False
[ILP] res_type=dict value_preview={'stage': 'B', 'status': 'Optimal', 'primary': 'energy', 'tol': 0.1, 'opt_primary': 185.0963139375045, 'objective_secondary': 0.018851573843976496, 'sumE': 185.
[260.58] [Task 504] ILP chose server: STARLINK-2647
[260.58] [Task 504] Routed STARLINK-5794 -> STARLINK-2647 | E_NET=0.000026 J | Remaining=119999.99 J
[260.580] Task 504 enqueued on CPU STARLINK-2647 qlen_enqueue=1
[MODE: BIDIRECTIONAL]
[500][GREEDY] CONSEGNATO! STARLINK-32442 -> OBS | Tramission-time: 4.2023086424882026e-09
[Task 504] Task eseguito su STARLINK-2647 72.92075223568077 degrees | CPU=185.0963J, NET=0.0000J, TOTAL=185.0963J, Remaining=117390.10J
[260.601] Task 504 served on STARLINK-2647 qlen_enqueue_cpu=1 qlen_enqueue_net=None time_in_queue=0.000
[MODE: BIDIRECTIONAL]
[504][GREEDY] CONSEGNATO! STARLINK-2647 -> OBS | Tramission-time: 2.2863279635951446e-11
[Task 502] Task eseguito su STARLINK-2388 57.9052938805607 degrees | CPU=11865.1060J, NET=0.0000J, TOTAL=11865.1061J, Remaining=69390.63J
[261.336] Task 502 served on STARLINK-2388 qlen_enqueue_cpu=1 qlen_enqueue_net=None time_in_queue=0.000
---> Task 505 (Type: CPU_and_Data_Intensive) arriva in 261.38
--- [261.38] Task 505 using SearchNode Policy: v2_ilp_hybrid ---
[261.38] [Task 505] Entering ILP branch (v2)
[ε-constraint energy] sumE_B=1215.868917  bound=1337.455808  active=False
[ILP] res_type=dict value_preview={'stage': 'B', 'status': 'Optimal', 'primary': 'energy', 'tol': 0.1, 'opt_primary': 1215.8689165164149, 'objective_secondary': 0.12436211176157587, 'sumE': 1215
[261.38] [Task 505] ILP chose server: STARLINK-2388
[261.38] [Task 505] Routed STARLINK-5794 -> STARLINK-2388 | E_NET=0.000678 J | Remaining=119999.99 J
[261.385] Task 505 enqueued on CPU STARLINK-2388 qlen_enqueue=1
[502][GREEDY] STARLINK-2388 -> STARLINK-32442 | Tramission-time: 0.0011380320635100316
[502] Energy routing consumed by STARLINK-2388: 0.000000 J (remaining 69390.63)
---> Task 506 (Type: Generic_Service) arriva in 261.40
--- [261.40] Task 506 using SearchNode Policy: v2_ilp_hybrid ---
[261.40] [Task 506] Entering ILP branch (v2)
[ε-constraint energy] sumE_B=108.307419  bound=119.138161  active=False
[ILP] res_type=dict value_preview={'stage': 'B', 'status': 'Optimal', 'primary': 'energy', 'tol': 0.1, 'opt_primary': 108.30741927537193, 'objective_secondary': 0.011034486156673263, 'sumE': 108
[261.40] [Task 506] ILP chose server: STARLINK-2647
[261.40] [Task 506] Routed STARLINK-5794 -> STARLINK-2647 | E_NET=0.000018 J | Remaining=119999.99 J
[261.404] Task 506 enqueued on CPU STARLINK-2647 qlen_enqueue=1
[Task 506] Task eseguito su STARLINK-2647 72.92075223568077 degrees | CPU=108.3074J, NET=0.0000J, TOTAL=108.3074J, Remaining=117281.79J
[261.416] Task 506 served on STARLINK-2647 qlen_enqueue_cpu=1 qlen_enqueue_net=None time_in_queue=0.000
[MODE: BIDIRECTIONAL]
[506][GREEDY] CONSEGNATO! STARLINK-2647 -> OBS | Tramission-time: 1.5221943360421005e-11
[MODE: BIDIRECTIONAL]
[502][GREEDY] CONSEGNATO! STARLINK-32442 -> OBS | Tramission-time: 2.2988769779367088e-11
[261.508] Task 505 enqueued on NET STARLINK-2388 qlen_enqueue_net=1
[Task 505] Task eseguito su STARLINK-2388 57.9052938805607 degrees | CPU=1215.8682J, NET=0.0007J, TOTAL=1215.8689J, Remaining=68174.76J
[261.509] Task 505 served on STARLINK-2388 qlen_enqueue_cpu=1 qlen_enqueue_net=1 time_in_queue=0.000
[261.523] Task 498 enqueued on NET STARLINK-11724 [DTC] qlen_enqueue_net=1
[Task 498] Task eseguito su STARLINK-11724 [DTC] 51.340954640290704 degrees | CPU=19142.0088J, NET=0.0043J, TOTAL=19142.0131J, Remaining=56708.35J
[261.528] Task 498 served on STARLINK-11724 [DTC] qlen_enqueue_cpu=1 qlen_enqueue_net=1 time_in_queue=0.000
[498][GREEDY] STARLINK-11724 [DTC] -> STARLINK-32442 | Tramission-time: 0.0011272560883773474
[498] Energy routing consumed by STARLINK-11724 [DTC]: 0.000000 J (remaining 56708.35)
[505][GREEDY] STARLINK-2388 -> STARLINK-32442 | Tramission-time: 0.0011380326323333911
[505] Energy routing consumed by STARLINK-2388: 0.000000 J (remaining 68174.76)
[MODE: BIDIRECTIONAL]
[498][GREEDY] CONSEGNATO! STARLINK-32442 -> OBS | Tramission-time: 3.6112966172065196e-09
[MODE: BIDIRECTIONAL]
[505][GREEDY] CONSEGNATO! STARLINK-32442 -> OBS | Tramission-time: 6.694175259674293e-10
----------------------------------------------------------------------
	||TIME IN SIMULATION : (seconds:262) (minutes: 4) ||

MODIFICA CONFIGURAZIONE IN CORSO...

Aggiornato il Tempo Globale:  2025-11-20 20:59:36
---> Task 507 (Type: Generic_Service) arriva in 262.28
--- [262.28] Task 507 using SearchNode Policy: v2_ilp_hybrid ---
[262.28] [Task 507] Entering ILP branch (v2)
[ε-constraint energy] sumE_B=1006.118235  bound=1106.730058  active=False
[ILP] res_type=dict value_preview={'stage': 'B', 'status': 'Optimal', 'primary': 'energy', 'tol': 0.1, 'opt_primary': 1006.1182348118333, 'objective_secondary': 0.10231599511229075, 'sumE': 1006
[262.28] [Task 507] ILP chose server: STARLINK-11724 [DTC]
[262.28] [Task 507] Routed STARLINK-5794 -> STARLINK-11724 [DTC] | E_NET=0.000017 J | Remaining=119999.99 J
[262.282] Task 507 enqueued on CPU STARLINK-11724 [DTC] qlen_enqueue=1
[Task 507] Task eseguito su STARLINK-11724 [DTC] 50.58489452792552 degrees | CPU=1006.1182J, NET=0.0000J, TOTAL=1006.1182J, Remaining=55702.24J
[262.386] Task 507 served on STARLINK-11724 [DTC] qlen_enqueue_cpu=1 qlen_enqueue_net=None time_in_queue=0.000
[507][GREEDY] STARLINK-11724 [DTC] -> STARLINK-32442 | Tramission-time: 0.0011234646821909175
[507] Energy routing consumed by STARLINK-11724 [DTC]: 0.000000 J (remaining 55702.24)
---> Task 508 (Type: Generic_Service) arriva in 262.45
--- [262.45] Task 508 using SearchNode Policy: v2_ilp_hybrid ---
[262.45] [Task 508] Entering ILP branch (v2)
[ε-constraint energy] sumE_B=589.896725  bound=648.886397  active=False
[ILP] res_type=dict value_preview={'stage': 'B', 'status': 'Optimal', 'primary': 'energy', 'tol': 0.1, 'opt_primary': 589.8967247783166, 'objective_secondary': 0.05998780434598549, 'sumE': 589.8
[262.45] [Task 508] ILP chose server: STARLINK-11724 [DTC]
[262.45] [Task 508] Routed STARLINK-5794 -> STARLINK-11724 [DTC] | E_NET=0.000009 J | Remaining=119999.99 J
[262.455] Task 508 enqueued on CPU STARLINK-11724 [DTC] qlen_enqueue=1
[MODE: BIDIRECTIONAL]
[507][GREEDY] CONSEGNATO! STARLINK-32442 -> OBS | Tramission-time: 1.1237969651271799e-11
[Task 508] Task eseguito su STARLINK-11724 [DTC] 50.58489452792552 degrees | CPU=589.8967J, NET=0.0000J, TOTAL=589.8967J, Remaining=55112.34J
[262.516] Task 508 served on STARLINK-11724 [DTC] qlen_enqueue_cpu=1 qlen_enqueue_net=None time_in_queue=0.000
[508][GREEDY] STARLINK-11724 [DTC] -> STARLINK-32442 | Tramission-time: 0.0011234646779274729
[508] Energy routing consumed by STARLINK-11724 [DTC]: 0.000000 J (remaining 55112.34)
---> Task 509 (Type: Generic_Service) arriva in 262.62
--- [262.62] Task 509 using SearchNode Policy: v2_ilp_hybrid ---
[262.62] [Task 509] Entering ILP branch (v2)
[ε-constraint energy] sumE_B=110.782257  bound=121.860483  active=False
[ILP] res_type=dict value_preview={'stage': 'B', 'status': 'Optimal', 'primary': 'energy', 'tol': 0.1, 'opt_primary': 110.7822569894685, 'objective_secondary': 0.011282868058377122, 'sumE': 110.
[262.62] [Task 509] ILP chose server: STARLINK-11724 [DTC]
[262.62] [Task 509] Routed STARLINK-5794 -> STARLINK-11724 [DTC] | E_NET=0.000018 J | Remaining=119999.99 J
[262.619] Task 509 enqueued on CPU STARLINK-11724 [DTC] qlen_enqueue=1
[Task 509] Task eseguito su STARLINK-11724 [DTC] 50.58489452792552 degrees | CPU=110.7822J, NET=0.0000J, TOTAL=110.7823J, Remaining=55001.56J
[262.632] Task 509 served on STARLINK-11724 [DTC] qlen_enqueue_cpu=1 qlen_enqueue_net=None time_in_queue=0.000
---> Task 510 (Type: Generic_Service) arriva in 262.69
--- [262.69] Task 510 using SearchNode Policy: v2_ilp_hybrid ---
[262.69] [Task 510] Entering ILP branch (v2)
[ε-constraint energy] sumE_B=16.026252  bound=17.628877  active=False
[ILP] res_type=dict value_preview={'stage': 'B', 'status': 'Optimal', 'primary': 'energy', 'tol': 0.1, 'opt_primary': 16.026252041755153, 'objective_secondary': 0.0016441157220318395, 'sumE': 16
[262.69] [Task 510] ILP chose server: STARLINK-11724 [DTC]
[262.69] [Task 510] Routed STARLINK-5794 -> STARLINK-11724 [DTC] | E_NET=0.000014 J | Remaining=119999.99 J
[262.694] Task 510 enqueued on CPU STARLINK-11724 [DTC] qlen_enqueue=1
[Task 510] Task eseguito su STARLINK-11724 [DTC] 50.58489452792552 degrees | CPU=16.0262J, NET=0.0000J, TOTAL=16.0263J, Remaining=54985.53J
[262.697] Task 510 served on STARLINK-11724 [DTC] qlen_enqueue_cpu=1 qlen_enqueue_net=None time_in_queue=0.000
[MODE: BIDIRECTIONAL]
[508][GREEDY] CONSEGNATO! STARLINK-32442 -> OBS | Tramission-time: 6.33183762474914e-12
[509][GREEDY] STARLINK-11724 [DTC] -> STARLINK-32442 | Tramission-time: 0.0011234646851637233
[509] Energy routing consumed by STARLINK-11724 [DTC]: 0.000000 J (remaining 54985.53)
[MODE: BIDIRECTIONAL]
[509][GREEDY] CONSEGNATO! STARLINK-32442 -> OBS | Tramission-time: 1.560821672172409e-11
[510][GREEDY] STARLINK-11724 [DTC] -> STARLINK-32442 | Tramission-time: 0.001123464682086064
[510] Energy routing consumed by STARLINK-11724 [DTC]: 0.000000 J (remaining 54985.53)
[MODE: BIDIRECTIONAL]
[510][GREEDY] CONSEGNATO! STARLINK-32442 -> OBS | Tramission-time: 1.1114427494915063e-11
---> Task 511 (Type: Generic_Service) arriva in 262.96
--- [262.96] Task 511 using SearchNode Policy: v2_ilp_hybrid ---
[262.96] [Task 511] Entering ILP branch (v2)
[ε-constraint energy] sumE_B=228.423634  bound=251.265997  active=False
[ILP] res_type=dict value_preview={'stage': 'B', 'status': 'Optimal', 'primary': 'energy', 'tol': 0.1, 'opt_primary': 228.42363405658674, 'objective_secondary': 0.023244969403892504, 'sumE': 228
[262.96] [Task 511] ILP chose server: STARLINK-11724 [DTC]
[262.96] [Task 511] Routed STARLINK-5794 -> STARLINK-11724 [DTC] | E_NET=0.000019 J | Remaining=119999.99 J
[262.964] Task 511 enqueued on CPU STARLINK-11724 [DTC] qlen_enqueue=1
[Task 511] Task eseguito su STARLINK-11724 [DTC] 50.58489452792552 degrees | CPU=228.4236J, NET=0.0000J, TOTAL=228.4236J, Remaining=54757.11J
[262.988] Task 511 served on STARLINK-11724 [DTC] qlen_enqueue_cpu=1 qlen_enqueue_net=None time_in_queue=0.000
[511][GREEDY] STARLINK-11724 [DTC] -> STARLINK-32442 | Tramission-time: 0.0011234646846272568
[511] Energy routing consumed by STARLINK-11724 [DTC]: 0.000000 J (remaining 54757.11)
---> Task 512 (Type: CPU_Intensive) arriva in 263.06
--- [263.06] Task 512 using SearchNode Policy: v2_ilp_hybrid ---
[263.06] [Task 512] Entering ILP branch (v2)
[ε-constraint energy] sumE_B=1219.197786  bound=1341.117564  active=False
[ILP] res_type=dict value_preview={'stage': 'B', 'status': 'Optimal', 'primary': 'energy', 'tol': 0.1, 'opt_primary': 1219.1977855995765, 'objective_secondary': 0.1239760146619267, 'sumE': 1219.
[263.06] [Task 512] ILP chose server: STARLINK-11724 [DTC]
[263.06] [Task 512] Routed STARLINK-5794 -> STARLINK-11724 [DTC] | E_NET=0.000011 J | Remaining=119999.99 J
[263.058] Task 512 enqueued on CPU STARLINK-11724 [DTC] qlen_enqueue=1
[MODE: BIDIRECTIONAL]
[511][GREEDY] CONSEGNATO! STARLINK-32442 -> OBS | Tramission-time: 1.6092912277834946e-11
---> Task 513 (Type: Generic_Service) arriva in 263.14
--- [263.14] Task 513 using SearchNode Policy: v2_ilp_hybrid ---
[263.14] [Task 513] Entering ILP branch (v2)
[ε-constraint energy] sumE_B=280.055921  bound=308.061513  active=False
[ILP] res_type=dict value_preview={'stage': 'B', 'status': 'Optimal', 'primary': 'energy', 'tol': 0.1, 'opt_primary': 280.05592068063714, 'objective_secondary': 0.028492704509612825, 'sumE': 280
[263.14] [Task 513] ILP chose server: STARLINK-2388
[263.14] [Task 513] Routed STARLINK-5794 -> STARLINK-2388 | E_NET=0.000013 J | Remaining=119999.99 J
[263.146] Task 513 enqueued on CPU STARLINK-2388 qlen_enqueue=1
[Task 513] Task eseguito su STARLINK-2388 58.649425659487996 degrees | CPU=280.0559J, NET=0.0000J, TOTAL=280.0559J, Remaining=67894.71J
[263.175] Task 513 served on STARLINK-2388 qlen_enqueue_cpu=1 qlen_enqueue_net=None time_in_queue=0.000
[Task 512] Task eseguito su STARLINK-11724 [DTC] 50.58489452792552 degrees | CPU=1219.1978J, NET=0.0000J, TOTAL=1219.1978J, Remaining=53537.91J
[263.183] Task 512 served on STARLINK-11724 [DTC] qlen_enqueue_cpu=1 qlen_enqueue_net=None time_in_queue=0.000
[512][GREEDY] STARLINK-11724 [DTC] -> STARLINK-32442 | Tramission-time: 0.0011234646802485934
[512] Energy routing consumed by STARLINK-11724 [DTC]: 0.000000 J (remaining 53537.91)
[513][GREEDY] STARLINK-2388 -> STARLINK-32442 | Tramission-time: 0.0010846082815568344
[513] Energy routing consumed by STARLINK-2388: 0.000000 J (remaining 67894.71)
[MODE: BIDIRECTIONAL]
[512][GREEDY] CONSEGNATO! STARLINK-32442 -> OBS | Tramission-time: 1.0002166725460743e-11
[MODE: BIDIRECTIONAL]
[513][GREEDY] CONSEGNATO! STARLINK-32442 -> OBS | Tramission-time: 1.6646608244864883e-11
---> Task 514 (Type: Generic_Service) arriva in 263.73
--- [263.73] Task 514 using SearchNode Policy: v2_ilp_hybrid ---
[263.73] [Task 514] Entering ILP branch (v2)
[ε-constraint energy] sumE_B=161.815272  bound=177.996799  active=False
[ILP] res_type=dict value_preview={'stage': 'B', 'status': 'Optimal', 'primary': 'energy', 'tol': 0.1, 'opt_primary': 161.81527205591976, 'objective_secondary': 0.016458712267517456, 'sumE': 161
[263.73] [Task 514] ILP chose server: STARLINK-11724 [DTC]
[263.73] [Task 514] Routed STARLINK-5794 -> STARLINK-11724 [DTC] | E_NET=0.000006 J | Remaining=119999.99 J
[263.728] Task 514 enqueued on CPU STARLINK-11724 [DTC] qlen_enqueue=1
[Task 514] Task eseguito su STARLINK-11724 [DTC] 50.58489452792552 degrees | CPU=161.8153J, NET=0.0000J, TOTAL=161.8153J, Remaining=53376.09J
[263.745] Task 514 served on STARLINK-11724 [DTC] qlen_enqueue_cpu=1 qlen_enqueue_net=None time_in_queue=0.000
[514][GREEDY] STARLINK-11724 [DTC] -> STARLINK-32442 | Tramission-time: 0.0011234646747833308
[514] Energy routing consumed by STARLINK-11724 [DTC]: 0.000000 J (remaining 53376.09)
[MODE: BIDIRECTIONAL]
[514][GREEDY] CONSEGNATO! STARLINK-32442 -> OBS | Tramission-time: 4.508849474767955e-12
----------------------------------------------------------------------
	||TIME IN SIMULATION : (seconds:264) (minutes: 4) ||

MODIFICA CONFIGURAZIONE IN CORSO...

Aggiornato il Tempo Globale:  2025-11-20 20:59:38
---> Task 515 (Type: CPU_and_Data_Intensive) arriva in 264.79
--- [264.79] Task 515 using SearchNode Policy: v2_ilp_hybrid ---
[264.79] [Task 515] Entering ILP branch (v2)
[ε-constraint energy] sumE_B=5480.264621  bound=6028.291084  active=False
[ILP] res_type=dict value_preview={'stage': 'B', 'status': 'Optimal', 'primary': 'energy', 'tol': 0.1, 'opt_primary': 5480.264621423206, 'objective_secondary': 0.7097957101465651, 'sumE': 5480.2
[264.79] [Task 515] ILP chose server: STARLINK-11564 [DTC]
[264.79] [Task 515] Routed STARLINK-5794 -> STARLINK-11564 [DTC] | E_NET=0.140912 J | Remaining=119999.85 J
[264.933] Task 515 enqueued on CPU STARLINK-11564 [DTC] qlen_enqueue=1
---> Task 516 (Type: CPU_Intensive) arriva in 265.00
--- [265.00] Task 516 using SearchNode Policy: v2_ilp_hybrid ---
[265.00] [Task 516] Entering ILP branch (v2)
[ε-constraint energy] sumE_B=5655.094731  bound=6220.604204  active=False
[ILP] res_type=dict value_preview={'stage': 'B', 'status': 'Optimal', 'primary': 'energy', 'tol': 0.1, 'opt_primary': 5655.094731106491, 'objective_secondary': 0.5750240518493237, 'sumE': 5655.0
[265.00] [Task 516] ILP chose server: STARLINK-32378
[265.00] [Task 516] Routed STARLINK-5108 -> STARLINK-32378 | E_NET=0.000026 J | Remaining=119999.99 J
[265.004] Task 516 enqueued on CPU STARLINK-32378 qlen_enqueue=1
---> Task 517 (Type: Generic_Service) arriva in 265.36
--- [265.36] Task 517 using SearchNode Policy: v2_ilp_hybrid ---
[265.36] [Task 517] Entering ILP branch (v2)
[ε-constraint energy] sumE_B=1040.784281  bound=1144.862709  active=False
[ILP] res_type=dict value_preview={'stage': 'B', 'status': 'Optimal', 'primary': 'energy', 'tol': 0.1, 'opt_primary': 1040.784281178222, 'objective_secondary': 0.10585443748418279, 'sumE': 1040.
[265.36] [Task 517] ILP chose server: STARLINK-31909
[265.36] [Task 517] Routed STARLINK-5108 -> STARLINK-31909 | E_NET=0.000029 J | Remaining=119999.99 J
[265.365] Task 517 enqueued on CPU STARLINK-31909 qlen_enqueue=1
[Task 517] Task eseguito su STARLINK-31909 39.3293269871682 degrees | CPU=1040.7843J, NET=0.0000J, TOTAL=1040.7843J, Remaining=114455.70J
[265.473] Task 517 served on STARLINK-31909 qlen_enqueue_cpu=1 qlen_enqueue_net=None time_in_queue=0.000
[265.491] Task 515 enqueued on NET STARLINK-11564 [DTC] qlen_enqueue_net=1
[517][GREEDY] STARLINK-31909 -> STARLINK-32442 | Tramission-time: 0.0015267347903364008
[517] Energy routing consumed by STARLINK-31909: 0.000000 J (remaining 114455.70)
[Task 516] Task eseguito su STARLINK-32378 30.060920073242144 degrees | CPU=5655.0947J, NET=0.0000J, TOTAL=5655.0947J, Remaining=105198.20J
[265.581] Task 516 served on STARLINK-32378 qlen_enqueue_cpu=1 qlen_enqueue_net=None time_in_queue=0.000
[MODE: BIDIRECTIONAL]
[517][GREEDY] CONSEGNATO! STARLINK-32442 -> OBS | Tramission-time: 2.9356009161032497e-11
[516][GREEDY] STARLINK-32378 -> STARLINK-32442 | Tramission-time: 0.0019854468048887083
[516] Energy routing consumed by STARLINK-32378: 0.000000 J (remaining 105198.20)
[Task 515] Task eseguito su STARLINK-11564 [DTC] 25.36297157282833 degrees | CPU=5480.1120J, NET=0.1409J, TOTAL=5480.2529J, Remaining=114519.75J
[265.631] Task 515 served on STARLINK-11564 [DTC] qlen_enqueue_cpu=1 qlen_enqueue_net=1 time_in_queue=0.000
[MODE: BIDIRECTIONAL]
[516][GREEDY] CONSEGNATO! STARLINK-32442 -> OBS | Tramission-time: 2.183642158967823e-11
[515][GREEDY] STARLINK-11564 [DTC] -> STARLINK-32442 | Tramission-time: 0.0019526783621063514
[515] Energy routing consumed by STARLINK-11564 [DTC]: 0.000000 J (remaining 114519.75)
---> Task 518 (Type: CPU_Intensive) arriva in 265.76
--- [265.76] Task 518 using SearchNode Policy: v2_ilp_hybrid ---
[265.76] [Task 518] Entering ILP branch (v2)
[ε-constraint energy] sumE_B=880.424822  bound=968.467304  active=False
[ILP] res_type=dict value_preview={'stage': 'B', 'status': 'Optimal', 'primary': 'energy', 'tol': 0.1, 'opt_primary': 880.4248220605831, 'objective_secondary': 0.08952590214405444, 'sumE': 880.4
[265.76] [Task 518] ILP chose server: STARLINK-32378
[265.76] [Task 518] Routed STARLINK-5108 -> STARLINK-32378 | E_NET=0.000006 J | Remaining=119999.99 J
[265.767] Task 518 enqueued on CPU STARLINK-32378 qlen_enqueue=1
[MODE: BIDIRECTIONAL]
[515][GREEDY] CONSEGNATO! STARLINK-32442 -> OBS | Tramission-time: 1.1775756057800482e-07
[Task 518] Task eseguito su STARLINK-32378 30.060920073242144 degrees | CPU=880.4248J, NET=0.0000J, TOTAL=880.4248J, Remaining=104317.77J
[265.857] Task 518 served on STARLINK-32378 qlen_enqueue_cpu=1 qlen_enqueue_net=None time_in_queue=0.000
[518][GREEDY] STARLINK-32378 -> STARLINK-32442 | Tramission-time: 0.0019854467810573786
[518] Energy routing consumed by STARLINK-32378: 0.000000 J (remaining 104317.77)
----------------------------------------------------------------------
	||TIME IN SIMULATION : (seconds:266) (minutes: 4) ||

MODIFICA CONFIGURAZIONE IN CORSO...

Aggiornato il Tempo Globale:  2025-11-20 20:59:40
[MODE: BIDIRECTIONAL]
[518][GREEDY] CONSEGNATO! STARLINK-32442 -> OBS | Tramission-time: 5.755995854739142e-12
---> Task 519 (Type: CPU_and_Data_Intensive) arriva in 266.61
--- [266.61] Task 519 using SearchNode Policy: v2_ilp_hybrid ---
[266.61] [Task 519] Entering ILP branch (v2)
[ε-constraint energy] sumE_B=3070.338123  bound=3377.371936  active=False
[ILP] res_type=dict value_preview={'stage': 'B', 'status': 'Optimal', 'primary': 'energy', 'tol': 0.1, 'opt_primary': 3070.3381234393228, 'objective_secondary': 0.3124420856120804, 'sumE': 3070.
[266.61] [Task 519] ILP chose server: STARLINK-32378
[266.61] [Task 519] Routed STARLINK-5108 -> STARLINK-32378 | E_NET=0.000244 J | Remaining=119999.99 J
[266.615] Task 519 enqueued on CPU STARLINK-32378 qlen_enqueue=1
[266.928] Task 519 enqueued on NET STARLINK-32378 qlen_enqueue_net=1
[Task 519] Task eseguito su STARLINK-32378 30.10765398480352 degrees | CPU=3070.3379J, NET=0.0002J, TOTAL=3070.3381J, Remaining=101247.43J
[266.928] Task 519 served on STARLINK-32378 qlen_enqueue_cpu=1 qlen_enqueue_net=1 time_in_queue=0.000
---> Task 520 (Type: CPU_Intensive) arriva in 266.96
--- [266.96] Task 520 using SearchNode Policy: v2_ilp_hybrid ---
[266.96] [Task 520] Entering ILP branch (v2)
[ε-constraint energy] sumE_B=5948.029553  bound=6542.832508  active=False
[ILP] res_type=dict value_preview={'stage': 'B', 'status': 'Optimal', 'primary': 'energy', 'tol': 0.1, 'opt_primary': 5948.029552768985, 'objective_secondary': 0.6048060904973439, 'sumE': 5948.0
[266.96] [Task 520] ILP chose server: STARLINK-32378
[266.96] [Task 520] Routed STARLINK-5108 -> STARLINK-32378 | E_NET=0.000028 J | Remaining=119999.99 J
[266.960] Task 520 enqueued on CPU STARLINK-32378 qlen_enqueue=1
[519][GREEDY] STARLINK-32378 -> STARLINK-32442 | Tramission-time: 0.0019911287688144873
[519] Energy routing consumed by STARLINK-32378: 0.000000 J (remaining 101247.43)
[MODE: BIDIRECTIONAL]
[519][GREEDY] CONSEGNATO! STARLINK-32442 -> OBS | Tramission-time: 1.79072573667211e-10
---> Task 521 (Type: CPU_and_Data_Intensive) arriva in 267.27
--- [267.27] Task 521 using SearchNode Policy: v2_ilp_hybrid ---
[267.27] [Task 521] Entering ILP branch (v2)
[ε-constraint energy] sumE_B=2177.845941  bound=2395.630535  active=False
[ILP] res_type=dict value_preview={'stage': 'B', 'status': 'Optimal', 'primary': 'energy', 'tol': 0.1, 'opt_primary': 2177.845940826711, 'objective_secondary': 0.22258327114933563, 'sumE': 2177.
[267.27] [Task 521] ILP chose server: STARLINK-31909
[267.27] [Task 521] Routed STARLINK-5108 -> STARLINK-31909 | E_NET=0.000805 J | Remaining=119999.99 J
[267.269] Task 521 enqueued on CPU STARLINK-31909 qlen_enqueue=1
---> Task 522 (Type: Generic_Service) arriva in 267.31
--- [267.31] Task 522 using SearchNode Policy: v2_ilp_hybrid ---
[267.31] [Task 522] Entering ILP branch (v2)
[ε-constraint energy] sumE_B=357.737387  bound=393.511126  active=False
[ILP] res_type=dict value_preview={'stage': 'B', 'status': 'Optimal', 'primary': 'energy', 'tol': 0.1, 'opt_primary': 357.73738699778914, 'objective_secondary': 0.036412887906597954, 'sumE': 357
[267.31] [Task 522] ILP chose server: STARLINK-31399
[267.31] [Task 522] Routed STARLINK-5108 -> STARLINK-31399 | E_NET=0.000036 J | Remaining=119999.99 J
[267.310] Task 522 enqueued on CPU STARLINK-31399 qlen_enqueue=1
[Task 522] Task eseguito su STARLINK-31399 59.81880353085868 degrees | CPU=357.7373J, NET=0.0000J, TOTAL=357.7374J, Remaining=43144.17J
[267.349] Task 522 served on STARLINK-31399 qlen_enqueue_cpu=1 qlen_enqueue_net=None time_in_queue=0.000
[522][GREEDY] STARLINK-31399 -> STARLINK-32442 | Tramission-time: 0.0014592385406155975
[522] Energy routing consumed by STARLINK-31399: 0.000000 J (remaining 43144.17)
[MODE: BIDIRECTIONAL]
[522][GREEDY] CONSEGNATO! STARLINK-32442 -> OBS | Tramission-time: 2.8999186455616528e-11
[267.491] Task 521 enqueued on NET STARLINK-31909 qlen_enqueue_net=1
[Task 521] Task eseguito su STARLINK-31909 40.09963644577974 degrees | CPU=2177.8448J, NET=0.0008J, TOTAL=2177.8456J, Remaining=112277.86J
[267.492] Task 521 served on STARLINK-31909 qlen_enqueue_cpu=1 qlen_enqueue_net=1 time_in_queue=0.000
[521][GREEDY] STARLINK-31909 -> STARLINK-32442 | Tramission-time: 0.001533169277468089
[521] Energy routing consumed by STARLINK-31909: 0.000000 J (remaining 112277.86)
[Task 520] Task eseguito su STARLINK-32378 30.10765398480352 degrees | CPU=5948.0295J, NET=0.0000J, TOTAL=5948.0296J, Remaining=95299.40J
[267.567] Task 520 served on STARLINK-32378 qlen_enqueue_cpu=1 qlen_enqueue_net=None time_in_queue=0.000
[MODE: BIDIRECTIONAL]
[521][GREEDY] CONSEGNATO! STARLINK-32442 -> OBS | Tramission-time: 7.528266024224499e-10
[520][GREEDY] STARLINK-32378 -> STARLINK-32442 | Tramission-time: 0.0019911285851189294
[520] Energy routing consumed by STARLINK-32378: 0.000000 J (remaining 95299.40)
[MODE: BIDIRECTIONAL]
[520][GREEDY] CONSEGNATO! STARLINK-32442 -> OBS | Tramission-time: 1.9653959174414085e-11
---> Task 523 (Type: CPU_and_Data_Intensive) arriva in 267.84
--- [267.84] Task 523 using SearchNode Policy: v2_ilp_hybrid ---
[267.84] [Task 523] Entering ILP branch (v2)
[ε-constraint energy] sumE_B=4969.025062  bound=5465.927569  active=False
[ILP] res_type=dict value_preview={'stage': 'B', 'status': 'Optimal', 'primary': 'energy', 'tol': 0.1, 'opt_primary': 4969.025062465541, 'objective_secondary': 0.7043754657353664, 'sumE': 4969.0
[267.84] [Task 523] ILP chose server: STARLINK-32378
[267.84] [Task 523] Routed STARLINK-5108 -> STARLINK-32378 | E_NET=0.187276 J | Remaining=119999.80 J
----------------------------------------------------------------------
	||TIME IN SIMULATION : (seconds:268) (minutes: 4) ||

MODIFICA CONFIGURAZIONE IN CORSO...

Aggiornato il Tempo Globale:  2025-11-20 20:59:42
[268.026] Task 523 enqueued on CPU STARLINK-32378 qlen_enqueue=1
---> Task 524 (Type: Generic_Service) arriva in 268.52
--- [268.52] Task 524 using SearchNode Policy: v2_ilp_hybrid ---
[268.52] [Task 524] Entering ILP branch (v2)
[ε-constraint energy] sumE_B=2057.180459  bound=2262.898505  active=False
[ILP] res_type=dict value_preview={'stage': 'B', 'status': 'Optimal', 'primary': 'energy', 'tol': 0.1, 'opt_primary': 2057.1804587511465, 'objective_secondary': 0.20919861621956673, 'sumE': 2057
[268.52] [Task 524] ILP chose server: STARLINK-11564 [DTC]
[268.52] [Task 524] Routed STARLINK-11187 [DTC] -> STARLINK-11564 [DTC] | E_NET=0.000026 J | Remaining=119999.92 J
[268.526] Task 524 enqueued on CPU STARLINK-11564 [DTC] qlen_enqueue=1
[268.531] Task 523 enqueued on NET STARLINK-32378 qlen_enqueue_net=1
[Task 523] Task eseguito su STARLINK-32378 30.14329603383368 degrees | CPU=4968.8259J, NET=0.1873J, TOTAL=4969.0132J, Remaining=90330.39J
[268.719] Task 523 served on STARLINK-32378 qlen_enqueue_cpu=1 qlen_enqueue_net=1 time_in_queue=0.000
[523][GREEDY] STARLINK-32378 -> STARLINK-32442 | Tramission-time: 0.001996968790529522
[523] Energy routing consumed by STARLINK-32378: 0.000000 J (remaining 90330.39)
[Task 524] Task eseguito su STARLINK-11564 [DTC] 26.546630850815877 degrees | CPU=2057.1804J, NET=0.0000J, TOTAL=2057.1805J, Remaining=112462.57J
[268.737] Task 524 served on STARLINK-11564 [DTC] qlen_enqueue_cpu=1 qlen_enqueue_net=None time_in_queue=0.000
[MODE: BIDIRECTIONAL]
[523][GREEDY] CONSEGNATO! STARLINK-32442 -> OBS | Tramission-time: 1.8477833051110672e-07
[524][GREEDY] STARLINK-11564 [DTC] -> STARLINK-32442 | Tramission-time: 0.0019506212294475498
[524] Energy routing consumed by STARLINK-11564 [DTC]: 0.000000 J (remaining 112462.57)
[MODE: BIDIRECTIONAL]
[524][GREEDY] CONSEGNATO! STARLINK-32442 -> OBS | Tramission-time: 2.7015191763286307e-11
---> Task 525 (Type: Generic_Service) arriva in 269.08
--- [269.08] Task 525 using SearchNode Policy: v2_ilp_hybrid ---
[269.08] [Task 525] Entering ILP branch (v2)
[ε-constraint energy] sumE_B=219.318647  bound=241.250512  active=False
[ILP] res_type=dict value_preview={'stage': 'B', 'status': 'Optimal', 'primary': 'energy', 'tol': 0.1, 'opt_primary': 219.31864686168316, 'objective_secondary': 0.022314550117674373, 'sumE': 219
[269.08] [Task 525] ILP chose server: STARLINK-11564 [DTC]
[269.08] [Task 525] Routed STARLINK-11187 [DTC] -> STARLINK-11564 [DTC] | E_NET=0.000012 J | Remaining=119999.92 J
[269.078] Task 525 enqueued on CPU STARLINK-11564 [DTC] qlen_enqueue=1
[Task 525] Task eseguito su STARLINK-11564 [DTC] 26.546630850815877 degrees | CPU=219.3186J, NET=0.0000J, TOTAL=219.3186J, Remaining=112243.25J
[269.101] Task 525 served on STARLINK-11564 [DTC] qlen_enqueue_cpu=1 qlen_enqueue_net=None time_in_queue=0.000
[525][GREEDY] STARLINK-11564 [DTC] -> STARLINK-32442 | Tramission-time: 0.0019506212202654383
[525] Energy routing consumed by STARLINK-11564 [DTC]: 0.000000 J (remaining 112243.25)
---> Task 526 (Type: CPU_Intensive) arriva in 269.15
--- [269.15] Task 526 using SearchNode Policy: v2_ilp_hybrid ---
[269.15] [Task 526] Entering ILP branch (v2)
[ε-constraint energy] sumE_B=16189.919498  bound=17808.911448  active=False
[ILP] res_type=dict value_preview={'stage': 'B', 'status': 'Optimal', 'primary': 'energy', 'tol': 0.1, 'opt_primary': 16189.919497982906, 'objective_secondary': 1.6461759637591824, 'sumE': 16189
[269.15] [Task 526] ILP chose server: STARLINK-11564 [DTC]
[269.15] [Task 526] Routed STARLINK-11187 [DTC] -> STARLINK-11564 [DTC] | E_NET=0.000031 J | Remaining=119999.92 J
[269.147] Task 526 enqueued on CPU STARLINK-11564 [DTC] qlen_enqueue=1
[MODE: BIDIRECTIONAL]
[525][GREEDY] CONSEGNATO! STARLINK-32442 -> OBS | Tramission-time: 1.1397661089284707e-11
---> Task 527 (Type: Generic_Service) arriva in 269.29
--- [269.29] Task 527 using SearchNode Policy: v2_ilp_hybrid ---
[269.29] [Task 527] Entering ILP branch (v2)
[ε-constraint energy] sumE_B=342.438804  bound=376.682685  active=False
[ILP] res_type=dict value_preview={'stage': 'B', 'status': 'Optimal', 'primary': 'energy', 'tol': 0.1, 'opt_primary': 342.43880428380834, 'objective_secondary': 0.0348316413929172, 'sumE': 342.4
[269.29] [Task 527] ILP chose server: STARLINK-2647
[269.29] [Task 527] Routed STARLINK-11187 [DTC] -> STARLINK-2647 | E_NET=0.000011 J | Remaining=119999.92 J
[269.296] Task 527 enqueued on CPU STARLINK-2647 qlen_enqueue=1
[Task 527] Task eseguito su STARLINK-2647 78.60211046468135 degrees | CPU=342.4388J, NET=0.0000J, TOTAL=342.4388J, Remaining=116939.36J
[269.331] Task 527 served on STARLINK-2647 qlen_enqueue_cpu=1 qlen_enqueue_net=None time_in_queue=0.000
[MODE: BIDIRECTIONAL]
[527][GREEDY] CONSEGNATO! STARLINK-2647 -> OBS | Tramission-time: 1.1011373936947538e-11
----------------------------------------------------------------------
	||TIME IN SIMULATION : (seconds:270) (minutes: 4) ||

MODIFICA CONFIGURAZIONE IN CORSO...

Aggiornato il Tempo Globale:  2025-11-20 20:59:44
---> Task 528 (Type: Generic_Service) arriva in 270.64
--- [270.64] Task 528 using SearchNode Policy: v2_ilp_hybrid ---
[270.64] [Task 528] Entering ILP branch (v2)
[ε-constraint energy] sumE_B=46.275561  bound=50.903117  active=False
[ILP] res_type=dict value_preview={'stage': 'B', 'status': 'Optimal', 'primary': 'energy', 'tol': 0.1, 'opt_primary': 46.27556121073988, 'objective_secondary': 0.004711252815123816, 'sumE': 46.2
[270.64] [Task 528] ILP chose server: STARLINK-2647
[270.64] [Task 528] Routed STARLINK-11187 [DTC] -> STARLINK-2647 | E_NET=0.000006 J | Remaining=119999.92 J
[270.644] Task 528 enqueued on CPU STARLINK-2647 qlen_enqueue=1
[Task 528] Task eseguito su STARLINK-2647 80.04733761431682 degrees | CPU=46.2756J, NET=0.0000J, TOTAL=46.2756J, Remaining=116893.08J
[270.649] Task 528 served on STARLINK-2647 qlen_enqueue_cpu=1 qlen_enqueue_net=None time_in_queue=0.000
[MODE: BIDIRECTIONAL]
[528][GREEDY] CONSEGNATO! STARLINK-2647 -> OBS | Tramission-time: 4.064219755205115e-12
[Task 526] Task eseguito su STARLINK-11564 [DTC] 27.165830283765235 degrees | CPU=16189.9195J, NET=0.0000J, TOTAL=16189.9195J, Remaining=96053.33J
[270.796] Task 526 served on STARLINK-11564 [DTC] qlen_enqueue_cpu=1 qlen_enqueue_net=None time_in_queue=0.000
[526][GREEDY] STARLINK-11564 [DTC] -> STARLINK-32442 | Tramission-time: 0.0019501698641568508
[526] Energy routing consumed by STARLINK-11564 [DTC]: 0.000000 J (remaining 96053.33)
---> Task 529 (Type: CPU_Intensive) arriva in 270.86
--- [270.86] Task 529 using SearchNode Policy: v2_ilp_hybrid ---
[270.86] [Task 529] Entering ILP branch (v2)
[ε-constraint energy] sumE_B=2733.228747  bound=3006.551621  active=False
[ILP] res_type=dict value_preview={'stage': 'B', 'status': 'Optimal', 'primary': 'energy', 'tol': 0.1, 'opt_primary': 2733.228746515688, 'objective_secondary': 0.2779110823554288, 'sumE': 2733.2
[270.86] [Task 529] ILP chose server: STARLINK-11564 [DTC]
[270.86] [Task 529] Routed STARLINK-11187 [DTC] -> STARLINK-11564 [DTC] | E_NET=0.000004 J | Remaining=119999.92 J
[270.861] Task 529 enqueued on CPU STARLINK-11564 [DTC] qlen_enqueue=1
[MODE: BIDIRECTIONAL]
[526][GREEDY] CONSEGNATO! STARLINK-32442 -> OBS | Tramission-time: 2.7390204940559765e-11
[Task 529] Task eseguito su STARLINK-11564 [DTC] 27.165830283765235 degrees | CPU=2733.2287J, NET=0.0000J, TOTAL=2733.2287J, Remaining=93320.10J
[271.139] Task 529 served on STARLINK-11564 [DTC] qlen_enqueue_cpu=1 qlen_enqueue_net=None time_in_queue=0.000
[529][GREEDY] STARLINK-11564 [DTC] -> STARLINK-32442 | Tramission-time: 0.0019501698435236852
[529] Energy routing consumed by STARLINK-11564 [DTC]: 0.000000 J (remaining 93320.10)
[MODE: BIDIRECTIONAL]
[529][GREEDY] CONSEGNATO! STARLINK-32442 -> OBS | Tramission-time: 3.458605454727913e-12
---> Task 530 (Type: CPU_and_Data_Intensive) arriva in 271.70
--- [271.70] Task 530 using SearchNode Policy: v2_ilp_hybrid ---
[271.70] [Task 530] Entering ILP branch (v2)
[ε-constraint energy] sumE_B=6698.286980  bound=7368.115678  active=False
[ILP] res_type=dict value_preview={'stage': 'B', 'status': 'Optimal', 'primary': 'energy', 'tol': 0.1, 'opt_primary': 6698.28697972556, 'objective_secondary': 0.8081052484939519, 'sumE': 6698.28
[271.70] [Task 530] ILP chose server: STARLINK-11564 [DTC]
[271.70] [Task 530] Routed STARLINK-11187 [DTC] -> STARLINK-11564 [DTC] | E_NET=0.095327 J | Remaining=119999.83 J
[271.795] Task 530 enqueued on CPU STARLINK-11564 [DTC] qlen_enqueue=1
----------------------------------------------------------------------
	||TIME IN SIMULATION : (seconds:272) (minutes: 4) ||

MODIFICA CONFIGURAZIONE IN CORSO...

Aggiornato il Tempo Globale:  2025-11-20 20:59:46
---> Task 531 (Type: CPU_Intensive) arriva in 272.12
--- [272.12] Task 531 using SearchNode Policy: v2_ilp_hybrid ---
[272.12] [Task 531] Entering ILP branch (v2)
[ε-constraint energy] sumE_B=18114.983492  bound=19926.481842  active=False
[ILP] res_type=dict value_preview={'stage': 'B', 'status': 'Optimal', 'primary': 'energy', 'tol': 0.1, 'opt_primary': 18114.98349230724, 'objective_secondary': 1.8418982719604537, 'sumE': 18114.
[272.12] [Task 531] ILP chose server: STARLINK-11724 [DTC]
[272.12] [Task 531] Routed STARLINK-33881 -> STARLINK-11724 [DTC] | E_NET=0.000022 J | Remaining=120000.00 J
[272.125] Task 531 enqueued on CPU STARLINK-11724 [DTC] qlen_enqueue=1
---> Task 532 (Type: CPU_Intensive) arriva in 272.33
--- [272.33] Task 532 using SearchNode Policy: v2_ilp_hybrid ---
[272.33] [Task 532] Entering ILP branch (v2)
[ε-constraint energy] sumE_B=691.658322  bound=760.824154  active=False
[ILP] res_type=dict value_preview={'stage': 'B', 'status': 'Optimal', 'primary': 'energy', 'tol': 0.1, 'opt_primary': 691.6583217565218, 'objective_secondary': 0.07033684900577508, 'sumE': 691.6
[272.33] [Task 532] ILP chose server: STARLINK-2388
[272.33] [Task 532] Routed STARLINK-33881 -> STARLINK-2388 | E_NET=0.000010 J | Remaining=120000.00 J
[272.331] Task 532 enqueued on CPU STARLINK-2388 qlen_enqueue=1
[Task 532] Task eseguito su STARLINK-2388 61.97387811330976 degrees | CPU=691.6583J, NET=0.0000J, TOTAL=691.6583J, Remaining=67203.05J
[272.402] Task 532 served on STARLINK-2388 qlen_enqueue_cpu=1 qlen_enqueue_net=None time_in_queue=0.000
[532][GREEDY] STARLINK-2388 -> STARLINK-32442 | Tramission-time: 0.0008392956089984481
[532] Energy routing consumed by STARLINK-2388: 0.000000 J (remaining 67203.05)
[272.476] Task 530 enqueued on NET STARLINK-11564 [DTC] qlen_enqueue_net=1
[MODE: BIDIRECTIONAL]
[532][GREEDY] CONSEGNATO! STARLINK-32442 -> OBS | Tramission-time: 7.859755523225747e-12
[Task 530] Task eseguito su STARLINK-11564 [DTC] 27.804407021597903 degrees | CPU=6698.1599J, NET=0.0953J, TOTAL=6698.2552J, Remaining=86621.84J
[272.572] Task 530 served on STARLINK-11564 [DTC] qlen_enqueue_cpu=1 qlen_enqueue_net=1 time_in_queue=0.000
[530][GREEDY] STARLINK-11564 [DTC] -> STARLINK-32442 | Tramission-time: 0.0019501483210958845
[530] Energy routing consumed by STARLINK-11564 [DTC]: 0.000000 J (remaining 86621.84)
[MODE: BIDIRECTIONAL]
[530][GREEDY] CONSEGNATO! STARLINK-32442 -> OBS | Tramission-time: 8.48045021575156e-08
---> Task 533 (Type: Generic_Service) arriva in 272.81
--- [272.81] Task 533 using SearchNode Policy: v2_ilp_hybrid ---
[272.81] [Task 533] Entering ILP branch (v2)
[ε-constraint energy] sumE_B=208.982471  bound=229.880718  active=False
[ILP] res_type=dict value_preview={'stage': 'B', 'status': 'Optimal', 'primary': 'energy', 'tol': 0.1, 'opt_primary': 208.98247083203876, 'objective_secondary': 0.021282819990971404, 'sumE': 208
[272.81] [Task 533] ILP chose server: STARLINK-11564 [DTC]
[272.81] [Task 533] Routed STARLINK-33881 -> STARLINK-11564 [DTC] | E_NET=0.000032 J | Remaining=120000.00 J
[272.806] Task 533 enqueued on CPU STARLINK-11564 [DTC] qlen_enqueue=1
[Task 533] Task eseguito su STARLINK-11564 [DTC] 27.804407021597903 degrees | CPU=208.9824J, NET=0.0000J, TOTAL=208.9825J, Remaining=86412.86J
[272.830] Task 533 served on STARLINK-11564 [DTC] qlen_enqueue_cpu=1 qlen_enqueue_net=None time_in_queue=0.000
[533][GREEDY] STARLINK-11564 [DTC] -> STARLINK-32442 | Tramission-time: 0.0019500566204214594
[533] Energy routing consumed by STARLINK-11564 [DTC]: 0.000000 J (remaining 86412.86)
[MODE: BIDIRECTIONAL]
[533][GREEDY] CONSEGNATO! STARLINK-32442 -> OBS | Tramission-time: 2.6579216343877854e-11
[Task 531] Task eseguito su STARLINK-11724 [DTC] 46.35588022481689 degrees | CPU=18114.9835J, NET=0.0000J, TOTAL=18114.9835J, Remaining=35261.11J
[273.968] Task 531 served on STARLINK-11724 [DTC] qlen_enqueue_cpu=1 qlen_enqueue_net=None time_in_queue=0.000
----------------------------------------------------------------------
	||TIME IN SIMULATION : (seconds:274) (minutes: 4) ||

MODIFICA CONFIGURAZIONE IN CORSO...

Aggiornato il Tempo Globale:  2025-11-20 20:59:48
[531][GREEDY] STARLINK-11724 [DTC] -> STARLINK-2647 | Tramission-time: 0.0015271369757777246
[531] Energy routing consumed by STARLINK-11724 [DTC]: 0.000000 J (remaining 35261.11)
[MODE: BIDIRECTIONAL]
[531][GREEDY] CONSEGNATO! STARLINK-2647 -> OBS | Tramission-time: 1.9715839208629326e-11
---> Task 534 (Type: CPU_and_Data_Intensive) arriva in 274.62
--- [274.62] Task 534 using SearchNode Policy: v2_ilp_hybrid ---
[274.62] [Task 534] Entering ILP branch (v2)
[ε-constraint energy] sumE_B=5544.479555  bound=6098.927510  active=False
[ILP] res_type=dict value_preview={'stage': 'B', 'status': 'Optimal', 'primary': 'energy', 'tol': 0.1, 'opt_primary': 5544.479554567755, 'objective_secondary': 0.5647772310362155, 'sumE': 5544.4
[274.62] [Task 534] ILP chose server: STARLINK-11564 [DTC]
[274.62] [Task 534] Routed STARLINK-33881 -> STARLINK-11564 [DTC] | E_NET=0.000971 J | Remaining=120000.00 J
[274.622] Task 534 enqueued on CPU STARLINK-11564 [DTC] qlen_enqueue=1
[275.186] Task 534 enqueued on NET STARLINK-11564 [DTC] qlen_enqueue_net=1
[Task 534] Task eseguito su STARLINK-11564 [DTC] 28.463264280733448 degrees | CPU=5544.4785J, NET=0.0010J, TOTAL=5544.4795J, Remaining=80868.38J
[275.187] Task 534 served on STARLINK-11564 [DTC] qlen_enqueue_cpu=1 qlen_enqueue_net=1 time_in_queue=0.000
[534][GREEDY] STARLINK-11564 [DTC] -> STARLINK-2647 | Tramission-time: 0.0020065240284728573
[534] Energy routing consumed by STARLINK-11564 [DTC]: 0.000000 J (remaining 80868.38)
---> Task 535 (Type: CPU_Intensive) arriva in 275.31
--- [275.31] Task 535 using SearchNode Policy: v2_ilp_hybrid ---
[275.31] [Task 535] Entering ILP branch (v2)
[ε-constraint energy] sumE_B=3833.942529  bound=4217.336782  active=False
[ILP] res_type=dict value_preview={'stage': 'B', 'status': 'Optimal', 'primary': 'energy', 'tol': 0.1, 'opt_primary': 3833.9425294110747, 'objective_secondary': 0.38985256027456067, 'sumE': 3833
[275.31] [Task 535] ILP chose server: STARLINK-11564 [DTC]
[275.31] [Task 535] Routed STARLINK-33881 -> STARLINK-11564 [DTC] | E_NET=0.000028 J | Remaining=120000.00 J
[275.313] Task 535 enqueued on CPU STARLINK-11564 [DTC] qlen_enqueue=1
---> Task 536 (Type: CPU_and_Data_Intensive) arriva in 275.33
--- [275.33] Task 536 using SearchNode Policy: v2_ilp_hybrid ---
[275.33] [Task 536] Entering ILP branch (v2)
[ε-constraint energy] sumE_B=8847.550243  bound=9732.305268  active=False
[ILP] res_type=dict value_preview={'stage': 'B', 'status': 'Optimal', 'primary': 'energy', 'tol': 0.1, 'opt_primary': 8847.55024335234, 'objective_secondary': 0.8996899034276432, 'sumE': 8847.55
[275.33] [Task 536] ILP chose server: STARLINK-11724 [DTC]
[275.33] [Task 536] Routed STARLINK-33881 -> STARLINK-11724 [DTC] | E_NET=0.000097 J | Remaining=120000.00 J
[275.328] Task 536 enqueued on CPU STARLINK-11724 [DTC] qlen_enqueue=1
---> Task 537 (Type: CPU_and_Data_Intensive) arriva in 275.34
--- [275.34] Task 537 using SearchNode Policy: v2_ilp_hybrid ---
[275.34] [Task 537] Entering ILP branch (v2)
[ε-constraint energy] sumE_B=9974.417123  bound=10971.858835  active=False
[ILP] res_type=dict value_preview={'stage': 'B', 'status': 'Optimal', 'primary': 'energy', 'tol': 0.1, 'opt_primary': 9974.417122937812, 'objective_secondary': 1.01472294280433, 'sumE': 9974.417
[275.34] [Task 537] ILP chose server: STARLINK-2388
[275.34] [Task 537] Routed STARLINK-33881 -> STARLINK-2388 | E_NET=0.000402 J | Remaining=120000.00 J
[MODE: BIDIRECTIONAL]
[534][GREEDY] CONSEGNATO! STARLINK-2647 -> OBS | Tramission-time: 7.317588750343414e-10
[275.338] Task 537 enqueued on CPU STARLINK-2388 qlen_enqueue=1
---> Task 538 (Type: CPU_and_Data_Intensive) arriva in 275.42
--- [275.42] Task 538 using SearchNode Policy: v2_ilp_hybrid ---
[275.42] [Task 538] Entering ILP branch (v2)
[ε-constraint energy] sumE_B=12884.608174  bound=14173.068992  active=False
[ILP] res_type=dict value_preview={'stage': 'B', 'status': 'Optimal', 'primary': 'energy', 'tol': 0.1, 'opt_primary': 12884.608174200457, 'objective_secondary': 1.3152463367453775, 'sumE': 12884
[275.42] [Task 538] ILP chose server: STARLINK-2647
[275.42] [Task 538] Routed STARLINK-33881 -> STARLINK-2647 | E_NET=0.004120 J | Remaining=119999.99 J
[275.421] Task 538 enqueued on CPU STARLINK-2647 qlen_enqueue=1
---> Task 539 (Type: Generic_Service) arriva in 275.58
--- [275.58] Task 539 using SearchNode Policy: v2_ilp_hybrid ---
[275.58] [Task 539] Entering ILP branch (v2)
[ε-constraint energy] sumE_B=281.473847  bound=309.621231  active=False
[ILP] res_type=dict value_preview={'stage': 'B', 'status': 'Optimal', 'primary': 'energy', 'tol': 0.1, 'opt_primary': 281.4738467943312, 'objective_secondary': 0.028636427438194435, 'sumE': 281.
[275.58] [Task 539] ILP chose server: STARLINK-33816
[275.58] [Task 539] Routed STARLINK-33881 -> STARLINK-33816 | E_NET=0.000016 J | Remaining=119999.99 J
[275.586] Task 539 enqueued on CPU STARLINK-33816 qlen_enqueue=1
---> Task 540 (Type: CPU_and_Data_Intensive) arriva in 275.60
--- [275.60] Task 540 using SearchNode Policy: v2_ilp_hybrid ---
[275.60] [Task 540] Entering ILP branch (v2)
[ε-constraint energy] sumE_B=3835.468164  bound=4219.014980  active=False
[ILP] res_type=dict value_preview={'stage': 'B', 'status': 'Optimal', 'primary': 'energy', 'tol': 0.1, 'opt_primary': 3835.4681637846916, 'objective_secondary': 0.3946631471270061, 'sumE': 3835.
[275.60] [Task 540] ILP chose server: STARLINK-30283
[275.60] [Task 540] Routed STARLINK-33881 -> STARLINK-30283 | E_NET=0.003980 J | Remaining=119999.99 J
[275.607] Task 540 enqueued on CPU STARLINK-30283 qlen_enqueue=1
[Task 539] Task eseguito su STARLINK-33816 66.78394794646447 degrees | CPU=281.4738J, NET=0.0000J, TOTAL=281.4738J, Remaining=119718.26J
[275.616] Task 539 served on STARLINK-33816 qlen_enqueue_cpu=1 qlen_enqueue_net=None time_in_queue=0.000
[539][GREEDY] STARLINK-33816 -> STARLINK-2647 | Tramission-time: 0.0008369415230169143
[539] Energy routing consumed by STARLINK-33816: 0.000000 J (remaining 119718.26)
[MODE: BIDIRECTIONAL]
[539][GREEDY] CONSEGNATO! STARLINK-2647 -> OBS | Tramission-time: 1.3062037905577299e-11
---> Task 541 (Type: Generic_Service) arriva in 275.66
--- [275.66] Task 541 using SearchNode Policy: v2_ilp_hybrid ---
[275.66] [Task 541] Entering ILP branch (v2)
[ε-constraint energy] sumE_B=1108.207277  bound=1219.028004  active=False
[ILP] res_type=dict value_preview={'stage': 'B', 'status': 'Optimal', 'primary': 'energy', 'tol': 0.1, 'opt_primary': 1108.2072767168213, 'objective_secondary': 0.11270778071716615, 'sumE': 1108
[275.66] [Task 541] ILP chose server: STARLINK-30286
[275.66] [Task 541] Routed STARLINK-33881 -> STARLINK-30286 | E_NET=0.000026 J | Remaining=119999.99 J
[275.659] Task 541 enqueued on CPU STARLINK-30286 qlen_enqueue=1
[Task 535] Task eseguito su STARLINK-11564 [DTC] 28.463264280733448 degrees | CPU=3833.9425J, NET=0.0000J, TOTAL=3833.9425J, Remaining=77034.44J
[275.705] Task 535 served on STARLINK-11564 [DTC] qlen_enqueue_cpu=1 qlen_enqueue_net=None time_in_queue=0.000
[535][GREEDY] STARLINK-11564 [DTC] -> STARLINK-2647 | Tramission-time: 0.0020065231161798484
[535] Energy routing consumed by STARLINK-11564 [DTC]: 0.000000 J (remaining 77034.44)
[Task 541] Task eseguito su STARLINK-30286 58.14019660392298 degrees | CPU=1108.2072J, NET=0.0000J, TOTAL=1108.2073J, Remaining=118891.72J
[275.773] Task 541 served on STARLINK-30286 qlen_enqueue_cpu=1 qlen_enqueue_net=None time_in_queue=0.000
[541][GREEDY] STARLINK-30286 -> STARLINK-2647 | Tramission-time: 0.0013606990657792156
[541] Energy routing consumed by STARLINK-30286: 0.000000 J (remaining 118891.72)
[MODE: BIDIRECTIONAL]
[535][GREEDY] CONSEGNATO! STARLINK-2647 -> OBS | Tramission-time: 2.2609038686127032e-11
[MODE: BIDIRECTIONAL]
[541][GREEDY] CONSEGNATO! STARLINK-2647 -> OBS | Tramission-time: 2.1432379057850402e-11
[275.997] Task 540 enqueued on NET STARLINK-30283 qlen_enqueue_net=1
----------------------------------------------------------------------
	||TIME IN SIMULATION : (seconds:276) (minutes: 4) ||

MODIFICA CONFIGURAZIONE IN CORSO...

Aggiornato il Tempo Globale:  2025-11-20 20:59:50
[Task 540] Task eseguito su STARLINK-30283 46.82209266577137 degrees | CPU=3835.4635J, NET=0.0040J, TOTAL=3835.4675J, Remaining=116164.53J
[276.001] Task 540 served on STARLINK-30283 qlen_enqueue_cpu=1 qlen_enqueue_net=1 time_in_queue=0.000
[540][GREEDY] STARLINK-30283 -> STARLINK-2647 | Tramission-time: 0.0016494095216195983
[540] Energy routing consumed by STARLINK-30283: 0.000000 J (remaining 116164.53)
[MODE: BIDIRECTIONAL]
[540][GREEDY] CONSEGNATO! STARLINK-2647 -> OBS | Tramission-time: 3.5569199774322433e-09
[276.228] Task 536 enqueued on NET STARLINK-11724 [DTC] qlen_enqueue_net=1
[Task 536] Task eseguito su STARLINK-11724 [DTC] 44.56481932766904 degrees | CPU=8847.5501J, NET=0.0001J, TOTAL=8847.5502J, Remaining=26413.56J
[276.228] Task 536 served on STARLINK-11724 [DTC] qlen_enqueue_cpu=1 qlen_enqueue_net=1 time_in_queue=0.000
[536][GREEDY] STARLINK-11724 [DTC] -> STARLINK-2647 | Tramission-time: 0.0015204517206861637
[536] Energy routing consumed by STARLINK-11724 [DTC]: 0.000000 J (remaining 26413.56)
---> Task 542 (Type: CPU_Intensive) arriva in 276.34
--- [276.34] Task 542 using SearchNode Policy: v2_ilp_hybrid ---
[276.34] [Task 542] Entering ILP branch (v2)
[ε-constraint energy] sumE_B=20503.955652  bound=22554.351217  active=False
[ILP] res_type=dict value_preview={'stage': 'B', 'status': 'Optimal', 'primary': 'energy', 'tol': 0.1, 'opt_primary': 20503.955651938402, 'objective_secondary': 2.084799173831973, 'sumE': 20503.
[276.34] [Task 542] ILP chose server: STARLINK-11564 [DTC]
[276.34] [Task 542] Routed STARLINK-33881 -> STARLINK-11564 [DTC] | E_NET=0.000016 J | Remaining=119999.99 J
[276.341] Task 542 enqueued on CPU STARLINK-11564 [DTC] qlen_enqueue=1
[MODE: BIDIRECTIONAL]
[536][GREEDY] CONSEGNATO! STARLINK-2647 -> OBS | Tramission-time: 9.12219137237586e-11
[276.352] Task 537 enqueued on NET STARLINK-2388 qlen_enqueue_net=1
[Task 537] Task eseguito su STARLINK-2388 63.03635368377943 degrees | CPU=9974.4166J, NET=0.0004J, TOTAL=9974.4170J, Remaining=57228.63J
[276.353] Task 537 served on STARLINK-2388 qlen_enqueue_cpu=1 qlen_enqueue_net=1 time_in_queue=0.000
[MODE: BIDIRECTIONAL]
[537][GREEDY] CONSEGNATO! STARLINK-2388 -> OBS | Tramission-time: 4.119439279080598e-10
---> Task 543 (Type: Generic_Service) arriva in 276.64
--- [276.64] Task 543 using SearchNode Policy: v2_ilp_hybrid ---
[276.64] [Task 543] Entering ILP branch (v2)
[ε-constraint energy] sumE_B=296.333516  bound=325.966868  active=False
[ILP] res_type=dict value_preview={'stage': 'B', 'status': 'Optimal', 'primary': 'energy', 'tol': 0.1, 'opt_primary': 296.33351625561914, 'objective_secondary': 0.0301391551677229, 'sumE': 296.3
[276.64] [Task 543] ILP chose server: STARLINK-11724 [DTC]
[276.64] [Task 543] Routed STARLINK-33881 -> STARLINK-11724 [DTC] | E_NET=0.000007 J | Remaining=119999.99 J
[276.645] Task 543 enqueued on CPU STARLINK-11724 [DTC] qlen_enqueue=1
[Task 543] Task eseguito su STARLINK-11724 [DTC] 44.56481932766904 degrees | CPU=296.3335J, NET=0.0000J, TOTAL=296.3335J, Remaining=26117.23J
[276.676] Task 543 served on STARLINK-11724 [DTC] qlen_enqueue_cpu=1 qlen_enqueue_net=None time_in_queue=0.000
[276.732] Task 538 enqueued on NET STARLINK-2647 qlen_enqueue_net=1
[Task 538] Task eseguito su STARLINK-2647 84.3597169998205 degrees | CPU=12884.6030J, NET=0.0041J, TOTAL=12884.6071J, Remaining=104008.47J
[276.736] Task 538 served on STARLINK-2647 qlen_enqueue_cpu=1 qlen_enqueue_net=1 time_in_queue=0.000
[MODE: BIDIRECTIONAL]
[538][GREEDY] CONSEGNATO! STARLINK-2647 -> OBS | Tramission-time: 3.669689155460175e-09
[543][GREEDY] STARLINK-11724 [DTC] -> STARLINK-2647 | Tramission-time: 0.0015204516573370118
[543] Energy routing consumed by STARLINK-11724 [DTC]: 0.000000 J (remaining 26117.23)
[MODE: BIDIRECTIONAL]
[543][GREEDY] CONSEGNATO! STARLINK-2647 -> OBS | Tramission-time: 7.492659820464977e-12
---> Task 544 (Type: Generic_Service) arriva in 277.08
--- [277.08] Task 544 using SearchNode Policy: v2_ilp_hybrid ---
[277.08] [Task 544] Entering ILP branch (v2)
[ε-constraint energy] sumE_B=506.777324  bound=557.455057  active=False
[ILP] res_type=dict value_preview={'stage': 'B', 'status': 'Optimal', 'primary': 'energy', 'tol': 0.1, 'opt_primary': 506.77732449053747, 'objective_secondary': 0.05156088192910041, 'sumE': 506.
[277.08] [Task 544] ILP chose server: STARLINK-11724 [DTC]
[277.08] [Task 544] Routed STARLINK-33881 -> STARLINK-11724 [DTC] | E_NET=0.000026 J | Remaining=119999.99 J
[277.086] Task 544 enqueued on CPU STARLINK-11724 [DTC] qlen_enqueue=1
[Task 544] Task eseguito su STARLINK-11724 [DTC] 44.56481932766904 degrees | CPU=506.7773J, NET=0.0000J, TOTAL=506.7773J, Remaining=25610.45J
[277.140] Task 544 served on STARLINK-11724 [DTC] qlen_enqueue_cpu=1 qlen_enqueue_net=None time_in_queue=0.000
[544][GREEDY] STARLINK-11724 [DTC] -> STARLINK-2647 | Tramission-time: 0.0015204516736783177
[544] Energy routing consumed by STARLINK-11724 [DTC]: 0.000000 J (remaining 25610.45)
---> Task 545 (Type: Generic_Service) arriva in 277.20
--- [277.20] Task 545 using SearchNode Policy: v2_ilp_hybrid ---
[277.20] [Task 545] Entering ILP branch (v2)
[ε-constraint energy] sumE_B=2543.429874  bound=2797.772862  active=False
[ILP] res_type=dict value_preview={'stage': 'B', 'status': 'Optimal', 'primary': 'energy', 'tol': 0.1, 'opt_primary': 2543.429874279377, 'objective_secondary': 0.2586244056220977, 'sumE': 2543.4
[277.20] [Task 545] ILP chose server: STARLINK-11724 [DTC]
[277.20] [Task 545] Routed STARLINK-33881 -> STARLINK-11724 [DTC] | E_NET=0.000013 J | Remaining=119999.99 J
[277.197] Task 545 enqueued on CPU STARLINK-11724 [DTC] qlen_enqueue=1
[MODE: BIDIRECTIONAL]
[544][GREEDY] CONSEGNATO! STARLINK-2647 -> OBS | Tramission-time: 2.3417896886037213e-11
[Task 545] Task eseguito su STARLINK-11724 [DTC] 44.56481932766904 degrees | CPU=2543.4299J, NET=0.0000J, TOTAL=2543.4299J, Remaining=23067.02J
[277.457] Task 545 served on STARLINK-11724 [DTC] qlen_enqueue_cpu=1 qlen_enqueue_net=None time_in_queue=0.000
[545][GREEDY] STARLINK-11724 [DTC] -> STARLINK-2647 | Tramission-time: 0.0015204516623949205
[545] Energy routing consumed by STARLINK-11724 [DTC]: 0.000000 J (remaining 23067.02)
---> Task 546 (Type: CPU_and_Data_Intensive) arriva in 277.56
--- [277.56] Task 546 using SearchNode Policy: v2_ilp_hybrid ---
[277.56] [Task 546] Entering ILP branch (v2)
[ε-constraint energy] sumE_B=3544.686990  bound=3899.155689  active=False
[ILP] res_type=dict value_preview={'stage': 'B', 'status': 'Optimal', 'primary': 'energy', 'tol': 0.1, 'opt_primary': 3544.6869897938554, 'objective_secondary': 0.36115352287175134, 'sumE': 3544
[277.56] [Task 546] ILP chose server: STARLINK-11724 [DTC]
[277.56] [Task 546] Routed STARLINK-33881 -> STARLINK-11724 [DTC] | E_NET=0.000568 J | Remaining=119999.99 J
[277.559] Task 546 enqueued on CPU STARLINK-11724 [DTC] qlen_enqueue=1
[MODE: BIDIRECTIONAL]
[545][GREEDY] CONSEGNATO! STARLINK-2647 -> OBS | Tramission-time: 1.5786685891344464e-11
---> Task 547 (Type: CPU_and_Data_Intensive) arriva in 277.68
--- [277.68] Task 547 using SearchNode Policy: v2_ilp_hybrid ---
[277.68] [Task 547] Entering ILP branch (v2)
[ε-constraint energy] sumE_B=601.822625  bound=662.004887  active=False
[ILP] res_type=dict value_preview={'stage': 'B', 'status': 'Optimal', 'primary': 'energy', 'tol': 0.1, 'opt_primary': 601.8226245981201, 'objective_secondary': 0.06788777821306939, 'sumE': 601.8
[277.68] [Task 547] ILP chose server: STARLINK-2388
[277.68] [Task 547] Routed STARLINK-33881 -> STARLINK-2388 | E_NET=0.004765 J | Remaining=119999.98 J
[277.683] Task 547 enqueued on CPU STARLINK-2388 qlen_enqueue=1
[277.744] Task 547 enqueued on NET STARLINK-2388 qlen_enqueue_net=1
[Task 547] Task eseguito su STARLINK-2388 63.03635368377943 degrees | CPU=601.8159J, NET=0.0048J, TOTAL=601.8207J, Remaining=56626.81J
[277.749] Task 547 served on STARLINK-2388 qlen_enqueue_cpu=1 qlen_enqueue_net=1 time_in_queue=0.000
[MODE: BIDIRECTIONAL]
[547][GREEDY] CONSEGNATO! STARLINK-2388 -> OBS | Tramission-time: 5.035448416577808e-09
---> Task 548 (Type: CPU_and_Data_Intensive) arriva in 277.91
--- [277.91] Task 548 using SearchNode Policy: v2_ilp_hybrid ---
[277.91] [Task 548] Entering ILP branch (v2)
[ε-constraint energy] sumE_B=186.896438  bound=205.586082  active=False
[ILP] res_type=dict value_preview={'stage': 'B', 'status': 'Optimal', 'primary': 'energy', 'tol': 0.1, 'opt_primary': 186.8964382403956, 'objective_secondary': 0.019575299840026546, 'sumE': 186.
[277.91] [Task 548] ILP chose server: STARLINK-2388
[277.91] [Task 548] Routed STARLINK-33881 -> STARLINK-2388 | E_NET=0.000407 J | Remaining=119999.98 J
[277.912] Task 548 enqueued on CPU STARLINK-2388 qlen_enqueue=1
[277.919] Task 546 enqueued on NET STARLINK-11724 [DTC] qlen_enqueue_net=1
[Task 546] Task eseguito su STARLINK-11724 [DTC] 44.56481932766904 degrees | CPU=3544.6862J, NET=0.0006J, TOTAL=3544.6868J, Remaining=19522.33J
[277.920] Task 546 served on STARLINK-11724 [DTC] qlen_enqueue_cpu=1 qlen_enqueue_net=1 time_in_queue=0.000
[277.931] Task 548 enqueued on NET STARLINK-2388 qlen_enqueue_net=1
[Task 548] Task eseguito su STARLINK-2388 63.03635368377943 degrees | CPU=186.8959J, NET=0.0004J, TOTAL=186.8963J, Remaining=56439.91J
[277.932] Task 548 served on STARLINK-2388 qlen_enqueue_cpu=1 qlen_enqueue_net=1 time_in_queue=0.000
[546][GREEDY] STARLINK-11724 [DTC] -> STARLINK-2647 | Tramission-time: 0.001520452152787565
[546] Energy routing consumed by STARLINK-11724 [DTC]: 0.000000 J (remaining 19522.33)
[MODE: BIDIRECTIONAL]
[548][GREEDY] CONSEGNATO! STARLINK-2388 -> OBS | Tramission-time: 4.82922938836628e-10
----------------------------------------------------------------------
	||TIME IN SIMULATION : (seconds:278) (minutes: 4) ||

MODIFICA CONFIGURAZIONE IN CORSO...

Aggiornato il Tempo Globale:  2025-11-20 20:59:52
[MODE: BIDIRECTIONAL]
[546][GREEDY] CONSEGNATO! STARLINK-2647 -> OBS | Tramission-time: 5.222638128454303e-10
[Task 542] Task eseguito su STARLINK-11564 [DTC] 29.845666853448474 degrees | CPU=20503.9556J, NET=0.0000J, TOTAL=20503.9556J, Remaining=56530.48J
[278.427] Task 542 served on STARLINK-11564 [DTC] qlen_enqueue_cpu=1 qlen_enqueue_net=None time_in_queue=0.000
[542][GREEDY] STARLINK-11564 [DTC] -> STARLINK-2647 | Tramission-time: 0.0019930318853236084
[542] Energy routing consumed by STARLINK-11564 [DTC]: 0.000000 J (remaining 56530.48)
[MODE: BIDIRECTIONAL]
[542][GREEDY] CONSEGNATO! STARLINK-2647 -> OBS | Tramission-time: 1.998033540779047e-11
---> Task 549 (Type: Generic_Service) arriva in 278.74
--- [278.74] Task 549 using SearchNode Policy: v2_ilp_hybrid ---
[278.74] [Task 549] Entering ILP branch (v2)
[ε-constraint energy] sumE_B=954.629430  bound=1050.092373  active=False
[ILP] res_type=dict value_preview={'stage': 'B', 'status': 'Optimal', 'primary': 'energy', 'tol': 0.1, 'opt_primary': 954.6294299447407, 'objective_secondary': 0.09706936953611743, 'sumE': 954.6
[278.74] [Task 549] ILP chose server: STARLINK-11564 [DTC]
[278.74] [Task 549] Routed STARLINK-33881 -> STARLINK-11564 [DTC] | E_NET=0.000004 J | Remaining=119999.98 J
[278.740] Task 549 enqueued on CPU STARLINK-11564 [DTC] qlen_enqueue=1
[Task 549] Task eseguito su STARLINK-11564 [DTC] 29.845666853448474 degrees | CPU=954.6294J, NET=0.0000J, TOTAL=954.6294J, Remaining=55575.86J
[278.838] Task 549 served on STARLINK-11564 [DTC] qlen_enqueue_cpu=1 qlen_enqueue_net=None time_in_queue=0.000
[549][GREEDY] STARLINK-11564 [DTC] -> STARLINK-2647 | Tramission-time: 0.001993031868003692
[549] Energy routing consumed by STARLINK-11564 [DTC]: 0.000000 J (remaining 55575.86)
---> Task 550 (Type: CPU_Intensive) arriva in 278.88
--- [278.88] Task 550 using SearchNode Policy: v2_ilp_hybrid ---
[278.88] [Task 550] Entering ILP branch (v2)
[ε-constraint energy] sumE_B=17366.095941  bound=19102.705535  active=False
[ILP] res_type=dict value_preview={'stage': 'B', 'status': 'Optimal', 'primary': 'energy', 'tol': 0.1, 'opt_primary': 17366.095941116528, 'objective_secondary': 1.7657480874620408, 'sumE': 17366
[278.88] [Task 550] ILP chose server: STARLINK-11564 [DTC]
[278.88] [Task 550] Routed STARLINK-33881 -> STARLINK-11564 [DTC] | E_NET=0.000014 J | Remaining=119999.98 J
[278.877] Task 550 enqueued on CPU STARLINK-11564 [DTC] qlen_enqueue=1
[MODE: BIDIRECTIONAL]
[549][GREEDY] CONSEGNATO! STARLINK-2647 -> OBS | Tramission-time: 4.2488415553202665e-12
---> Task 551 (Type: CPU_Intensive) arriva in 279.19
--- [279.19] Task 551 using SearchNode Policy: v2_ilp_hybrid ---
[279.19] [Task 551] Entering ILP branch (v2)
[ε-constraint energy] sumE_B=755.556226  bound=831.111849  active=False
[ILP] res_type=dict value_preview={'stage': 'B', 'status': 'Optimal', 'primary': 'energy', 'tol': 0.1, 'opt_primary': 755.5562260032674, 'objective_secondary': 0.07684313332155282, 'sumE': 755.5
[279.19] [Task 551] ILP chose server: STARLINK-11724 [DTC]
[279.19] [Task 551] Routed STARLINK-33881 -> STARLINK-11724 [DTC] | E_NET=0.000015 J | Remaining=119999.98 J
[279.193] Task 551 enqueued on CPU STARLINK-11724 [DTC] qlen_enqueue=1
[Task 551] Task eseguito su STARLINK-11724 [DTC] 43.66661603205837 degrees | CPU=755.5562J, NET=0.0000J, TOTAL=755.5562J, Remaining=18766.78J
[279.271] Task 551 served on STARLINK-11724 [DTC] qlen_enqueue_cpu=1 qlen_enqueue_net=None time_in_queue=0.000
[551][GREEDY] STARLINK-11724 [DTC] -> STARLINK-2647 | Tramission-time: 0.0015138960763249373
[551] Energy routing consumed by STARLINK-11724 [DTC]: 0.000000 J (remaining 18766.78)
[MODE: BIDIRECTIONAL]
[551][GREEDY] CONSEGNATO! STARLINK-2647 -> OBS | Tramission-time: 1.8258832659206152e-11
----------------------------------------------------------------------
	||TIME IN SIMULATION : (seconds:280) (minutes: 4) ||

MODIFICA CONFIGURAZIONE IN CORSO...

Aggiornato il Tempo Globale:  2025-11-20 20:59:54
---> Task 552 (Type: CPU_Intensive) arriva in 280.39
--- [280.39] Task 552 using SearchNode Policy: v2_ilp_hybrid ---
[280.39] [Task 552] Entering ILP branch (v2)
[ε-constraint energy] sumE_B=4264.900316  bound=4691.390348  active=False
[ILP] res_type=dict value_preview={'stage': 'B', 'status': 'Optimal', 'primary': 'energy', 'tol': 0.1, 'opt_primary': 4264.900316135563, 'objective_secondary': 0.43364711730470556, 'sumE': 4264.
[280.39] [Task 552] ILP chose server: STARLINK-33816
[280.39] [Task 552] Routed STARLINK-30604 -> STARLINK-33816 | E_NET=0.000004 J | Remaining=120000.00 J
[280.391] Task 552 enqueued on CPU STARLINK-33816 qlen_enqueue=1
---> Task 553 (Type: Generic_Service) arriva in 280.47
--- [280.47] Task 553 using SearchNode Policy: v2_ilp_hybrid ---
[280.47] [Task 553] Entering ILP branch (v2)
[ε-constraint energy] sumE_B=515.944928  bound=567.539421  active=False
[ILP] res_type=dict value_preview={'stage': 'B', 'status': 'Optimal', 'primary': 'energy', 'tol': 0.1, 'opt_primary': 515.944927841915, 'objective_secondary': 0.05247902403554244, 'sumE': 515.94
[280.47] [Task 553] ILP chose server: STARLINK-32442
[280.47] [Task 553] Routed STARLINK-30604 -> STARLINK-32442 | E_NET=0.000016 J | Remaining=120000.00 J
[280.474] Task 553 enqueued on CPU STARLINK-32442 qlen_enqueue=1
[Task 553] Task eseguito su STARLINK-32442 71.65515241649561 degrees | CPU=515.9449J, NET=0.0000J, TOTAL=515.9449J, Remaining=54587.41J
[280.527] Task 553 served on STARLINK-32442 qlen_enqueue_cpu=1 qlen_enqueue_net=None time_in_queue=0.000
[553][GREEDY] STARLINK-32442 -> STARLINK-2647 | Tramission-time: 0.0006590600760337646
[553] Energy routing consumed by STARLINK-32442: 0.000000 J (remaining 54587.41)
[Task 550] Task eseguito su STARLINK-11564 [DTC] 30.571257540144927 degrees | CPU=17366.0959J, NET=0.0000J, TOTAL=17366.0959J, Remaining=38209.76J
[280.644] Task 550 served on STARLINK-11564 [DTC] qlen_enqueue_cpu=1 qlen_enqueue_net=None time_in_queue=0.000
[MODE: BIDIRECTIONAL]
[553][GREEDY] CONSEGNATO! STARLINK-2647 -> OBS | Tramission-time: 1.5806601258515604e-11
[550][GREEDY] STARLINK-11564 [DTC] -> STARLINK-2647 | Tramission-time: 0.001986673391490081
[550] Energy routing consumed by STARLINK-11564 [DTC]: 0.000000 J (remaining 38209.76)
[MODE: BIDIRECTIONAL]
[550][GREEDY] CONSEGNATO! STARLINK-2647 -> OBS | Tramission-time: 1.3610550199535029e-11
[Task 552] Task eseguito su STARLINK-33816 62.74783673300749 degrees | CPU=4264.9003J, NET=0.0000J, TOTAL=4264.9003J, Remaining=115453.36J
[280.825] Task 552 served on STARLINK-33816 qlen_enqueue_cpu=1 qlen_enqueue_net=None time_in_queue=0.000
[552][GREEDY] STARLINK-33816 -> STARLINK-2647 | Tramission-time: 0.0008661349995512044
[552] Energy routing consumed by STARLINK-33816: 0.000000 J (remaining 115453.36)
[MODE: BIDIRECTIONAL]
[552][GREEDY] CONSEGNATO! STARLINK-2647 -> OBS | Tramission-time: 4.369587161468814e-12
---> Task 554 (Type: CPU_Intensive) arriva in 280.91
--- [280.91] Task 554 using SearchNode Policy: v2_ilp_hybrid ---
[280.91] [Task 554] Entering ILP branch (v2)
[ε-constraint energy] sumE_B=3410.460146  bound=3751.506161  active=False
[ILP] res_type=dict value_preview={'stage': 'B', 'status': 'Optimal', 'primary': 'energy', 'tol': 0.1, 'opt_primary': 3410.460146202846, 'objective_secondary': 0.3467953503540319, 'sumE': 3410.4
[280.91] [Task 554] ILP chose server: STARLINK-33816
[280.91] [Task 554] Routed STARLINK-30604 -> STARLINK-33816 | E_NET=0.000022 J | Remaining=120000.00 J
[280.910] Task 554 enqueued on CPU STARLINK-33816 qlen_enqueue=1
---> Task 555 (Type: CPU_Intensive) arriva in 281.05
--- [281.05] Task 555 using SearchNode Policy: v2_ilp_hybrid ---
[281.05] [Task 555] Entering ILP branch (v2)
[ε-constraint energy] sumE_B=701.641248  bound=771.805373  active=False
[ILP] res_type=dict value_preview={'stage': 'B', 'status': 'Optimal', 'primary': 'energy', 'tol': 0.1, 'opt_primary': 701.6412477625964, 'objective_secondary': 0.07137233845803123, 'sumE': 701.6
[281.05] [Task 555] ILP chose server: STARLINK-32442
[281.05] [Task 555] Routed STARLINK-30604 -> STARLINK-32442 | E_NET=0.000026 J | Remaining=120000.00 J
[281.046] Task 555 enqueued on CPU STARLINK-32442 qlen_enqueue=1
[Task 555] Task eseguito su STARLINK-32442 71.65515241649561 degrees | CPU=701.6412J, NET=0.0000J, TOTAL=701.6412J, Remaining=53885.77J
[281.119] Task 555 served on STARLINK-32442 qlen_enqueue_cpu=1 qlen_enqueue_net=None time_in_queue=0.000
[555][GREEDY] STARLINK-32442 -> STARLINK-2647 | Tramission-time: 0.0006590600897006624
[555] Energy routing consumed by STARLINK-32442: 0.000000 J (remaining 53885.77)
[Task 554] Task eseguito su STARLINK-33816 62.74783673300749 degrees | CPU=3410.4601J, NET=0.0000J, TOTAL=3410.4601J, Remaining=112042.90J
[281.258] Task 554 served on STARLINK-33816 qlen_enqueue_cpu=1 qlen_enqueue_net=None time_in_queue=0.000
[554][GREEDY] STARLINK-33816 -> STARLINK-2647 | Tramission-time: 0.0008661350150111493
[554] Energy routing consumed by STARLINK-33816: 0.000000 J (remaining 112042.90)
[MODE: BIDIRECTIONAL]
[555][GREEDY] CONSEGNATO! STARLINK-2647 -> OBS | Tramission-time: 2.211043703801348e-11
[MODE: BIDIRECTIONAL]
[554][GREEDY] CONSEGNATO! STARLINK-2647 -> OBS | Tramission-time: 2.4714748981932378e-11
---> Task 556 (Type: Generic_Service) arriva in 281.72
--- [281.72] Task 556 using SearchNode Policy: v2_ilp_hybrid ---
[281.72] [Task 556] Entering ILP branch (v2)
[ε-constraint energy] sumE_B=731.124645  bound=804.237109  active=False
[ILP] res_type=dict value_preview={'stage': 'B', 'status': 'Optimal', 'primary': 'energy', 'tol': 0.1, 'opt_primary': 731.1246445997999, 'objective_secondary': 0.07437570957163558, 'sumE': 731.1
[281.72] [Task 556] ILP chose server: STARLINK-33816
[281.72] [Task 556] Routed STARLINK-30604 -> STARLINK-33816 | E_NET=0.000026 J | Remaining=120000.00 J
[281.722] Task 556 enqueued on CPU STARLINK-33816 qlen_enqueue=1
[Task 556] Task eseguito su STARLINK-33816 62.74783673300749 degrees | CPU=731.1246J, NET=0.0000J, TOTAL=731.1246J, Remaining=111311.77J
[281.799] Task 556 served on STARLINK-33816 qlen_enqueue_cpu=1 qlen_enqueue_net=None time_in_queue=0.000
[556][GREEDY] STARLINK-33816 -> STARLINK-2647 | Tramission-time: 0.0008661350215738685
[556] Energy routing consumed by STARLINK-33816: 0.000000 J (remaining 111311.77)
[MODE: BIDIRECTIONAL]
[556][GREEDY] CONSEGNATO! STARLINK-2647 -> OBS | Tramission-time: 3.029624807314147e-11
---> Task 557 (Type: Generic_Service) arriva in 281.91
--- [281.91] Task 557 using SearchNode Policy: v2_ilp_hybrid ---
[281.91] [Task 557] Entering ILP branch (v2)
[ε-constraint energy] sumE_B=1921.084342  bound=2113.192776  active=False
[ILP] res_type=dict value_preview={'stage': 'B', 'status': 'Optimal', 'primary': 'energy', 'tol': 0.1, 'opt_primary': 1921.0843420186773, 'objective_secondary': 0.19536291994998234, 'sumE': 1921
[281.91] [Task 557] ILP chose server: STARLINK-33816
[281.91] [Task 557] Routed STARLINK-30604 -> STARLINK-33816 | E_NET=0.000024 J | Remaining=120000.00 J
[281.913] Task 557 enqueued on CPU STARLINK-33816 qlen_enqueue=1
----------------------------------------------------------------------
	||TIME IN SIMULATION : (seconds:282) (minutes: 4) ||

MODIFICA CONFIGURAZIONE IN CORSO...

Aggiornato il Tempo Globale:  2025-11-20 20:59:56
[Task 557] Task eseguito su STARLINK-33816 61.43821905965268 degrees | CPU=1921.0843J, NET=0.0000J, TOTAL=1921.0843J, Remaining=109390.69J
[282.111] Task 557 served on STARLINK-33816 qlen_enqueue_cpu=1 qlen_enqueue_net=None time_in_queue=0.000
[557][GREEDY] STARLINK-33816 -> STARLINK-33881 | Tramission-time: 0.001717476281374215
[557] Energy routing consumed by STARLINK-33816: 0.000000 J (remaining 109390.69)
[MODE: BIDIRECTIONAL]
[557][GREEDY] CONSEGNATO! STARLINK-33881 -> OBS | Tramission-time: 2.998516097210957e-11
---> Task 558 (Type: Generic_Service) arriva in 282.25
--- [282.25] Task 558 using SearchNode Policy: v2_ilp_hybrid ---
[282.25] [Task 558] Entering ILP branch (v2)
[ε-constraint energy] sumE_B=191.243126  bound=210.367438  active=False
[ILP] res_type=dict value_preview={'stage': 'B', 'status': 'Optimal', 'primary': 'energy', 'tol': 0.1, 'opt_primary': 191.24312556596732, 'objective_secondary': 0.01946601935245839, 'sumE': 191.
[282.25] [Task 558] ILP chose server: STARLINK-32743
[282.25] [Task 558] Routed STARLINK-30604 -> STARLINK-32743 | E_NET=0.000020 J | Remaining=120000.00 J
[282.250] Task 558 enqueued on CPU STARLINK-32743 qlen_enqueue=1
[Task 558] Task eseguito su STARLINK-32743 48.51900383744525 degrees | CPU=191.2431J, NET=0.0000J, TOTAL=191.2431J, Remaining=157.56J
[282.271] Task 558 served on STARLINK-32743 qlen_enqueue_cpu=1 qlen_enqueue_net=None time_in_queue=0.000
[558][GREEDY] STARLINK-32743 -> STARLINK-33881 | Tramission-time: 0.0021663705081837784
[558] Energy routing consumed by STARLINK-32743: 0.000000 J (remaining 157.56)
[MODE: BIDIRECTIONAL]
[558][GREEDY] CONSEGNATO! STARLINK-33881 -> OBS | Tramission-time: 1.9471862420845954e-11
---> Task 559 (Type: Generic_Service) arriva in 283.20
--- [283.20] Task 559 using SearchNode Policy: v2_ilp_hybrid ---
[283.20] [Task 559] Entering ILP branch (v2)
[ε-constraint energy] sumE_B=678.489644  bound=746.338609  active=False
[ILP] res_type=dict value_preview={'stage': 'B', 'status': 'Optimal', 'primary': 'energy', 'tol': 0.1, 'opt_primary': 678.4896442990726, 'objective_secondary': 0.06902673997878417, 'sumE': 678.4
[283.20] [Task 559] ILP chose server: STARLINK-33816
[283.20] [Task 559] Routed STARLINK-30604 -> STARLINK-33816 | E_NET=0.000035 J | Remaining=120000.00 J
[283.204] Task 559 enqueued on CPU STARLINK-33816 qlen_enqueue=1
---> Task 560 (Type: CPU_Intensive) arriva in 283.24
--- [283.24] Task 560 using SearchNode Policy: v2_ilp_hybrid ---
[283.24] [Task 560] Entering ILP branch (v2)
[ε-constraint energy] sumE_B=4610.986015  bound=5072.084617  active=False
[ILP] res_type=dict value_preview={'stage': 'B', 'status': 'Optimal', 'primary': 'energy', 'tol': 0.1, 'opt_primary': 4610.986015227195, 'objective_secondary': 0.46884460901708164, 'sumE': 4610.
[283.24] [Task 560] ILP chose server: STARLINK-32442
[283.24] [Task 560] Routed STARLINK-30604 -> STARLINK-32442 | E_NET=0.000010 J | Remaining=120000.00 J
[283.243] Task 560 enqueued on CPU STARLINK-32442 qlen_enqueue=1
[Task 559] Task eseguito su STARLINK-33816 61.43821905965268 degrees | CPU=678.4896J, NET=0.0000J, TOTAL=678.4896J, Remaining=108712.20J
[283.275] Task 559 served on STARLINK-33816 qlen_enqueue_cpu=1 qlen_enqueue_net=None time_in_queue=0.000
[559][GREEDY] STARLINK-33816 -> STARLINK-33881 | Tramission-time: 0.0017174762787549025
[559] Energy routing consumed by STARLINK-33816: 0.000000 J (remaining 108712.20)
[MODE: BIDIRECTIONAL]
[559][GREEDY] CONSEGNATO! STARLINK-33881 -> OBS | Tramission-time: 2.991824510529226e-11
[Task 560] Task eseguito su STARLINK-32442 71.08574186062792 degrees | CPU=4610.9860J, NET=0.0000J, TOTAL=4610.9860J, Remaining=49274.79J
[283.713] Task 560 served on STARLINK-32442 qlen_enqueue_cpu=1 qlen_enqueue_net=None time_in_queue=0.000
[560][GREEDY] STARLINK-32442 -> STARLINK-33881 | Tramission-time: 0.0010237303025075809
[560] Energy routing consumed by STARLINK-32442: 0.000000 J (remaining 49274.79)
[MODE: BIDIRECTIONAL]
[560][GREEDY] CONSEGNATO! STARLINK-33881 -> OBS | Tramission-time: 9.963536777367928e-12
----------------------------------------------------------------------
	||TIME IN SIMULATION : (seconds:284) (minutes: 4) ||

MODIFICA CONFIGURAZIONE IN CORSO...

Aggiornato il Tempo Globale:  2025-11-20 20:59:58
---> Task 561 (Type: CPU_Intensive) arriva in 285.04
--- [285.04] Task 561 using SearchNode Policy: v2_ilp_hybrid ---
[285.04] [Task 561] Entering ILP branch (v2)
[ε-constraint energy] sumE_B=8216.049556  bound=9037.654512  active=False
[ILP] res_type=dict value_preview={'stage': 'B', 'status': 'Optimal', 'primary': 'energy', 'tol': 0.1, 'opt_primary': 8216.04955596263, 'objective_secondary': 0.8353915888165552, 'sumE': 8216.04
[285.04] [Task 561] ILP chose server: STARLINK-11564 [DTC]
[285.04] [Task 561] Routed STARLINK-30517 -> STARLINK-11564 [DTC] | E_NET=0.000008 J | Remaining=120000.00 J
[285.045] Task 561 enqueued on CPU STARLINK-11564 [DTC] qlen_enqueue=1
[Task 561] Task eseguito su STARLINK-11564 [DTC] 32.09671418701549 degrees | CPU=8216.0495J, NET=0.0000J, TOTAL=8216.0496J, Remaining=29993.71J
[285.881] Task 561 served on STARLINK-11564 [DTC] qlen_enqueue_cpu=1 qlen_enqueue_net=None time_in_queue=0.000
[561][GREEDY] STARLINK-11564 [DTC] -> STARLINK-33881 | Tramission-time: 0.0010732938831177292
[561] Energy routing consumed by STARLINK-11564 [DTC]: 0.000000 J (remaining 29993.71)
----------------------------------------------------------------------
	||TIME IN SIMULATION : (seconds:286) (minutes: 4) ||

MODIFICA CONFIGURAZIONE IN CORSO...

Aggiornato il Tempo Globale:  2025-11-20 21:00:00
[MODE: BIDIRECTIONAL]
[561][GREEDY] CONSEGNATO! STARLINK-33881 -> OBS | Tramission-time: 8.276983985892701e-12
---> Task 562 (Type: Generic_Service) arriva in 286.26
--- [286.26] Task 562 using SearchNode Policy: v2_ilp_hybrid ---
[286.26] [Task 562] Entering ILP branch (v2)
[ε-constraint energy] sumE_B=250.377571  bound=275.415328  active=False
[ILP] res_type=dict value_preview={'stage': 'B', 'status': 'Optimal', 'primary': 'energy', 'tol': 0.1, 'opt_primary': 250.37757092050632, 'objective_secondary': 0.025485855184035424, 'sumE': 250
[286.26] [Task 562] ILP chose server: STARLINK-11564 [DTC]
[286.26] [Task 562] Routed STARLINK-30517 -> STARLINK-11564 [DTC] | E_NET=0.000026 J | Remaining=120000.00 J
[286.266] Task 562 enqueued on CPU STARLINK-11564 [DTC] qlen_enqueue=1
---> Task 563 (Type: CPU_and_Data_Intensive) arriva in 286.28
--- [286.28] Task 563 using SearchNode Policy: v2_ilp_hybrid ---
[286.28] [Task 563] Entering ILP branch (v2)
[ε-constraint energy] sumE_B=14208.944624  bound=15629.839086  active=False
[ILP] res_type=dict value_preview={'stage': 'B', 'status': 'Optimal', 'primary': 'energy', 'tol': 0.1, 'opt_primary': 14208.944623861633, 'objective_secondary': 1.4508453590148744, 'sumE': 14208
[286.28] [Task 563] ILP chose server: STARLINK-11724 [DTC]
[286.28] [Task 563] Routed STARLINK-30517 -> STARLINK-11724 [DTC] | E_NET=0.005557 J | Remaining=119999.99 J
[286.291] Task 563 enqueued on CPU STARLINK-11724 [DTC] qlen_enqueue=1
[Task 562] Task eseguito su STARLINK-11564 [DTC] 32.898937395871265 degrees | CPU=250.3775J, NET=0.0000J, TOTAL=250.3776J, Remaining=29743.33J
[286.293] Task 562 served on STARLINK-11564 [DTC] qlen_enqueue_cpu=1 qlen_enqueue_net=None time_in_queue=0.000
[562][GREEDY] STARLINK-11564 [DTC] -> STARLINK-33881 | Tramission-time: 0.0010695038206786386
[562] Energy routing consumed by STARLINK-11564 [DTC]: 0.000000 J (remaining 29743.33)
[MODE: BIDIRECTIONAL]
[562][GREEDY] CONSEGNATO! STARLINK-33881 -> OBS | Tramission-time: 2.1948973703887892e-11
---> Task 564 (Type: CPU_and_Data_Intensive) arriva in 287.62
--- [287.62] Task 564 using SearchNode Policy: v2_ilp_hybrid ---
[287.62] [Task 564] Entering ILP branch (v2)
[ε-constraint energy] sumE_B=1260.253842  bound=1386.279226  active=False
[ILP] res_type=dict value_preview={'stage': 'B', 'status': 'Optimal', 'primary': 'energy', 'tol': 0.1, 'opt_primary': 1260.2538416586183, 'objective_secondary': 0.1371175715840877, 'sumE': 1260.
[287.62] [Task 564] ILP chose server: STARLINK-11564 [DTC]
[287.62] [Task 564] Routed STARLINK-30604 -> STARLINK-11564 [DTC] | E_NET=0.008121 J | Remaining=119999.99 J
[287.628] Task 564 enqueued on CPU STARLINK-11564 [DTC] qlen_enqueue=1
[287.735] Task 563 enqueued on NET STARLINK-11724 [DTC] qlen_enqueue_net=1
[Task 563] Task eseguito su STARLINK-11724 [DTC] 40.12874198667489 degrees | CPU=14208.9385J, NET=0.0056J, TOTAL=14208.9441J, Remaining=4557.83J
[287.741] Task 563 served on STARLINK-11724 [DTC] qlen_enqueue_cpu=1 qlen_enqueue_net=1 time_in_queue=0.000
[287.757] Task 564 enqueued on NET STARLINK-11564 [DTC] qlen_enqueue_net=1
[Task 564] Task eseguito su STARLINK-11564 [DTC] 32.898937395871265 degrees | CPU=1260.2449J, NET=0.0081J, TOTAL=1260.2530J, Remaining=28483.08J
[287.765] Task 564 served on STARLINK-11564 [DTC] qlen_enqueue_cpu=1 qlen_enqueue_net=1 time_in_queue=0.000
---> Task 565 (Type: CPU_Intensive) arriva in 287.77
--- [287.77] Task 565 using SearchNode Policy: v2_ilp_hybrid ---
[287.77] [Task 565] Entering ILP branch (v2)
[ε-constraint energy] sumE_B=2221.590766  bound=2443.749842  active=False
[ILP] res_type=dict value_preview={'stage': 'B', 'status': 'Optimal', 'primary': 'energy', 'tol': 0.1, 'opt_primary': 2221.5907658973106, 'objective_secondary': 0.22588892495116497, 'sumE': 2221
[287.77] [Task 565] ILP chose server: STARLINK-11564 [DTC]
[287.77] [Task 565] Routed STARLINK-30517 -> STARLINK-11564 [DTC] | E_NET=0.000004 J | Remaining=119999.99 J
[287.768] Task 565 enqueued on CPU STARLINK-11564 [DTC] qlen_enqueue=1
[563][GREEDY] STARLINK-11724 [DTC] -> STARLINK-33881 | Tramission-time: 0.0021028821602631924
[563] Energy routing consumed by STARLINK-11724 [DTC]: 0.000000 J (remaining 4557.83)
[MODE: BIDIRECTIONAL]
[563][GREEDY] CONSEGNATO! STARLINK-33881 -> OBS | Tramission-time: 4.323943995182938e-09
[564][GREEDY] STARLINK-11564 [DTC] -> STARLINK-33881 | Tramission-time: 0.00106951004689829
[564] Energy routing consumed by STARLINK-11564 [DTC]: 0.000000 J (remaining 28483.08)
[MODE: BIDIRECTIONAL]
[564][GREEDY] CONSEGNATO! STARLINK-33881 -> OBS | Tramission-time: 7.027646330240049e-09
[Task 565] Task eseguito su STARLINK-11564 [DTC] 32.898937395871265 degrees | CPU=2221.5908J, NET=0.0000J, TOTAL=2221.5908J, Remaining=26261.49J
[287.994] Task 565 served on STARLINK-11564 [DTC] qlen_enqueue_cpu=1 qlen_enqueue_net=None time_in_queue=0.000
----------------------------------------------------------------------
	||TIME IN SIMULATION : (seconds:288) (minutes: 4) ||

MODIFICA CONFIGURAZIONE IN CORSO...

Aggiornato il Tempo Globale:  2025-11-20 21:00:02
[565][GREEDY] STARLINK-11564 [DTC] -> STARLINK-33881 | Tramission-time: 0.0010658944257746841
[565] Energy routing consumed by STARLINK-11564 [DTC]: 0.000000 J (remaining 26261.49)
[MODE: BIDIRECTIONAL]
[565][GREEDY] CONSEGNATO! STARLINK-33881 -> OBS | Tramission-time: 3.3909779943046537e-12
---> Task 566 (Type: Generic_Service) arriva in 288.44
--- [288.44] Task 566 using SearchNode Policy: v2_ilp_hybrid ---
[288.44] [Task 566] Entering ILP branch (v2)
[ε-constraint energy] sumE_B=618.429831  bound=680.272814  active=False
[ILP] res_type=dict value_preview={'stage': 'B', 'status': 'Optimal', 'primary': 'energy', 'tol': 0.1, 'opt_primary': 618.4298309057613, 'objective_secondary': 0.0629189532471499, 'sumE': 618.42
[288.44] [Task 566] ILP chose server: STARLINK-11564 [DTC]
[288.44] [Task 566] Routed STARLINK-30517 -> STARLINK-11564 [DTC] | E_NET=0.000027 J | Remaining=119999.99 J
[288.437] Task 566 enqueued on CPU STARLINK-11564 [DTC] qlen_enqueue=1
[Task 566] Task eseguito su STARLINK-11564 [DTC] 33.72915220534106 degrees | CPU=618.4298J, NET=0.0000J, TOTAL=618.4298J, Remaining=25643.06J
[288.503] Task 566 served on STARLINK-11564 [DTC] qlen_enqueue_cpu=1 qlen_enqueue_net=None time_in_queue=0.000
[566][GREEDY] STARLINK-11564 [DTC] -> STARLINK-33881 | Tramission-time: 0.0010658944480036454
[566] Energy routing consumed by STARLINK-11564 [DTC]: 0.000000 J (remaining 25643.06)
[MODE: BIDIRECTIONAL]
[566][GREEDY] CONSEGNATO! STARLINK-33881 -> OBS | Tramission-time: 3.4949292522604786e-11
---> Task 567 (Type: Generic_Service) arriva in 289.04
--- [289.04] Task 567 using SearchNode Policy: v2_ilp_hybrid ---
[289.04] [Task 567] Entering ILP branch (v2)
[ε-constraint energy] sumE_B=674.997558  bound=742.497314  active=False
[ILP] res_type=dict value_preview={'stage': 'B', 'status': 'Optimal', 'primary': 'energy', 'tol': 0.1, 'opt_primary': 674.9975580940641, 'objective_secondary': 0.06863765099113865, 'sumE': 674.9
[289.04] [Task 567] ILP chose server: STARLINK-11564 [DTC]
[289.04] [Task 567] Routed STARLINK-30517 -> STARLINK-11564 [DTC] | E_NET=0.000004 J | Remaining=119999.99 J
[289.037] Task 567 enqueued on CPU STARLINK-11564 [DTC] qlen_enqueue=1
[Task 567] Task eseguito su STARLINK-11564 [DTC] 33.72915220534106 degrees | CPU=674.9976J, NET=0.0000J, TOTAL=674.9976J, Remaining=24968.06J
[289.106] Task 567 served on STARLINK-11564 [DTC] qlen_enqueue_cpu=1 qlen_enqueue_net=None time_in_queue=0.000
[567][GREEDY] STARLINK-11564 [DTC] -> STARLINK-33881 | Tramission-time: 0.0010658944277033419
[567] Energy routing consumed by STARLINK-11564 [DTC]: 0.000000 J (remaining 24968.06)
[MODE: BIDIRECTIONAL]
[567][GREEDY] CONSEGNATO! STARLINK-33881 -> OBS | Tramission-time: 4.016665513451354e-12
---> Task 568 (Type: Generic_Service) arriva in 289.73
--- [289.73] Task 568 using SearchNode Policy: v2_ilp_hybrid ---
[289.73] [Task 568] Entering ILP branch (v2)
[ε-constraint energy] sumE_B=1154.808400  bound=1270.289240  active=False
[ILP] res_type=dict value_preview={'stage': 'B', 'status': 'Optimal', 'primary': 'energy', 'tol': 0.1, 'opt_primary': 1154.8084001805364, 'objective_secondary': 0.11742778768596136, 'sumE': 1154
[289.73] [Task 568] ILP chose server: STARLINK-11564 [DTC]
[289.73] [Task 568] Routed STARLINK-30517 -> STARLINK-11564 [DTC] | E_NET=0.000007 J | Remaining=119999.99 J
[289.735] Task 568 enqueued on CPU STARLINK-11564 [DTC] qlen_enqueue=1
[Task 568] Task eseguito su STARLINK-11564 [DTC] 33.72915220534106 degrees | CPU=1154.8084J, NET=0.0000J, TOTAL=1154.8084J, Remaining=23813.25J
[289.853] Task 568 served on STARLINK-11564 [DTC] qlen_enqueue_cpu=1 qlen_enqueue_net=None time_in_queue=0.000
[568][GREEDY] STARLINK-11564 [DTC] -> STARLINK-33881 | Tramission-time: 0.0010658944298970786
[568] Energy routing consumed by STARLINK-11564 [DTC]: 0.000000 J (remaining 23813.25)
[MODE: BIDIRECTIONAL]
[568][GREEDY] CONSEGNATO! STARLINK-33881 -> OBS | Tramission-time: 8.541765762514177e-12
---> Task 569 (Type: Generic_Service) arriva in 289.99
--- [289.99] Task 569 using SearchNode Policy: v2_ilp_hybrid ---
[289.99] [Task 569] Entering ILP branch (v2)
[ε-constraint energy] sumE_B=53.641495  bound=59.005644  active=False
[ILP] res_type=dict value_preview={'stage': 'B', 'status': 'Optimal', 'primary': 'energy', 'tol': 0.1, 'opt_primary': 53.64149471851575, 'objective_secondary': 0.00547507944049618, 'sumE': 53.64
[289.99] [Task 569] ILP chose server: STARLINK-11564 [DTC]
[289.99] [Task 569] Routed STARLINK-30517 -> STARLINK-11564 [DTC] | E_NET=0.000015 J | Remaining=119999.99 J
[289.990] Task 569 enqueued on CPU STARLINK-11564 [DTC] qlen_enqueue=1
[Task 569] Task eseguito su STARLINK-11564 [DTC] 33.72915220534106 degrees | CPU=53.6415J, NET=0.0000J, TOTAL=53.6415J, Remaining=23759.61J
[289.997] Task 569 served on STARLINK-11564 [DTC] qlen_enqueue_cpu=1 qlen_enqueue_net=None time_in_queue=0.000
----------------------------------------------------------------------
	||TIME IN SIMULATION : (seconds:290) (minutes: 4) ||

MODIFICA CONFIGURAZIONE IN CORSO...

Aggiornato il Tempo Globale:  2025-11-20 21:00:04
[569][GREEDY] STARLINK-11564 [DTC] -> STARLINK-33881 | Tramission-time: 0.001062467643422709
[569] Energy routing consumed by STARLINK-11564 [DTC]: 0.000000 J (remaining 23759.61)
[MODE: BIDIRECTIONAL]
[569][GREEDY] CONSEGNATO! STARLINK-33881 -> OBS | Tramission-time: 1.4503284335396924e-11
---> Task 570 (Type: Generic_Service) arriva in 290.38
--- [290.38] Task 570 using SearchNode Policy: v2_ilp_hybrid ---
[290.38] [Task 570] Entering ILP branch (v2)
[ε-constraint energy] sumE_B=516.466985  bound=568.113683  active=False
[ILP] res_type=dict value_preview={'stage': 'B', 'status': 'Optimal', 'primary': 'energy', 'tol': 0.1, 'opt_primary': 516.4669847669878, 'objective_secondary': 0.05253397789182912, 'sumE': 516.4
[290.38] [Task 570] ILP chose server: STARLINK-11564 [DTC]
[290.38] [Task 570] Routed STARLINK-30517 -> STARLINK-11564 [DTC] | E_NET=0.000020 J | Remaining=119999.99 J
[290.383] Task 570 enqueued on CPU STARLINK-11564 [DTC] qlen_enqueue=1
[Task 570] Task eseguito su STARLINK-11564 [DTC] 34.58867292179048 degrees | CPU=516.4670J, NET=0.0000J, TOTAL=516.4670J, Remaining=23243.14J
[290.437] Task 570 served on STARLINK-11564 [DTC] qlen_enqueue_cpu=1 qlen_enqueue_net=None time_in_queue=0.000
[570][GREEDY] STARLINK-11564 [DTC] -> STARLINK-33881 | Tramission-time: 0.001062467648291415
[570] Energy routing consumed by STARLINK-11564 [DTC]: 0.000000 J (remaining 23243.14)
[MODE: BIDIRECTIONAL]
[570][GREEDY] CONSEGNATO! STARLINK-33881 -> OBS | Tramission-time: 1.5614017603491042e-11
---> Task 571 (Type: Generic_Service) arriva in 290.75
--- [290.75] Task 571 using SearchNode Policy: v2_ilp_hybrid ---
[290.75] [Task 571] Entering ILP branch (v2)
[ε-constraint energy] sumE_B=257.014681  bound=282.716149  active=False
[ILP] res_type=dict value_preview={'stage': 'B', 'status': 'Optimal', 'primary': 'energy', 'tol': 0.1, 'opt_primary': 257.0146812795823, 'objective_secondary': 0.026166589424228465, 'sumE': 257.
[290.75] [Task 571] ILP chose server: STARLINK-11564 [DTC]
[290.75] [Task 571] Routed STARLINK-30517 -> STARLINK-11564 [DTC] | E_NET=0.000031 J | Remaining=119999.99 J
[290.751] Task 571 enqueued on CPU STARLINK-11564 [DTC] qlen_enqueue=1
[Task 571] Task eseguito su STARLINK-11564 [DTC] 34.58867292179048 degrees | CPU=257.0146J, NET=0.0000J, TOTAL=257.0147J, Remaining=22986.13J
[290.779] Task 571 served on STARLINK-11564 [DTC] qlen_enqueue_cpu=1 qlen_enqueue_net=None time_in_queue=0.000
[571][GREEDY] STARLINK-11564 [DTC] -> STARLINK-33881 | Tramission-time: 0.001062467657151524
[571] Energy routing consumed by STARLINK-11564 [DTC]: 0.000000 J (remaining 22986.13)
[MODE: BIDIRECTIONAL]
[571][GREEDY] CONSEGNATO! STARLINK-33881 -> OBS | Tramission-time: 2.3181305810010526e-11
---> Task 572 (Type: CPU_and_Data_Intensive) arriva in 291.28
--- [291.28] Task 572 using SearchNode Policy: v2_ilp_hybrid ---
[291.28] [Task 572] Entering ILP branch (v2)
[ε-constraint energy] sumE_B=5627.659056  bound=6190.424961  active=False
[ILP] res_type=dict value_preview={'stage': 'B', 'status': 'Optimal', 'primary': 'energy', 'tol': 0.1, 'opt_primary': 5627.659055515748, 'objective_secondary': 0.759087761594201, 'sumE': 5627.65
[291.28] [Task 572] ILP chose server: STARLINK-11564 [DTC]
[291.28] [Task 572] Routed STARLINK-30517 -> STARLINK-11564 [DTC] | E_NET=0.172135 J | Remaining=119999.82 J
[291.454] Task 572 enqueued on CPU STARLINK-11564 [DTC] qlen_enqueue=1
---> Task 573 (Type: Generic_Service) arriva in 291.82
--- [291.82] Task 573 using SearchNode Policy: v2_ilp_hybrid ---
[291.82] [Task 573] Entering ILP branch (v2)
[ε-constraint energy] sumE_B=588.918011  bound=647.809813  active=False
[ILP] res_type=dict value_preview={'stage': 'B', 'status': 'Optimal', 'primary': 'energy', 'tol': 0.1, 'opt_primary': 588.9180114374449, 'objective_secondary': 0.05991623129895319, 'sumE': 588.9
[291.82] [Task 573] ILP chose server: STARLINK-11724 [DTC]
[291.82] [Task 573] Routed STARLINK-30604 -> STARLINK-11724 [DTC] | E_NET=0.000027 J | Remaining=119999.99 J
[291.818] Task 573 enqueued on CPU STARLINK-11724 [DTC] qlen_enqueue=1
---> Task 574 (Type: CPU_Intensive) arriva in 291.86
--- [291.86] Task 574 using SearchNode Policy: v2_ilp_hybrid ---
[291.86] [Task 574] Entering ILP branch (v2)
[ε-constraint energy] sumE_B=901.797088  bound=991.976796  active=False
[ILP] res_type=dict value_preview={'stage': 'B', 'status': 'Optimal', 'primary': 'energy', 'tol': 0.1, 'opt_primary': 901.7970875389267, 'objective_secondary': 0.09171739362237342, 'sumE': 901.7
[291.86] [Task 574] ILP chose server: STARLINK-1306
[291.86] [Task 574] Routed STARLINK-30604 -> STARLINK-1306 | E_NET=0.000019 J | Remaining=119999.99 J
[291.861] Task 574 enqueued on CPU STARLINK-1306 qlen_enqueue=1
[Task 573] Task eseguito su STARLINK-11724 [DTC] 38.42318388345447 degrees | CPU=588.9180J, NET=0.0000J, TOTAL=588.9180J, Remaining=3968.91J
[291.881] Task 573 served on STARLINK-11724 [DTC] qlen_enqueue_cpu=1 qlen_enqueue_net=None time_in_queue=0.000
[573][GREEDY] STARLINK-11724 [DTC] -> STARLINK-33881 | Tramission-time: 0.002131683494842238
[573] Energy routing consumed by STARLINK-11724 [DTC]: 0.000000 J (remaining 3968.91)
[MODE: BIDIRECTIONAL]
[573][GREEDY] CONSEGNATO! STARLINK-33881 -> OBS | Tramission-time: 2.9394657263233145e-11
[Task 574] Task eseguito su STARLINK-1306 25.140468111423328 degrees | CPU=901.7971J, NET=0.0000J, TOTAL=901.7971J, Remaining=119098.20J
[291.955] Task 574 served on STARLINK-1306 qlen_enqueue_cpu=1 qlen_enqueue_net=None time_in_queue=0.000
[574][GREEDY] STARLINK-1306 -> STARLINK-33881 | Tramission-time: 0.0016932913924322
[574] Energy routing consumed by STARLINK-1306: 0.000000 J (remaining 119098.20)
----------------------------------------------------------------------
	||TIME IN SIMULATION : (seconds:292) (minutes: 4) ||

MODIFICA CONFIGURAZIONE IN CORSO...

Aggiornato il Tempo Globale:  2025-11-20 21:00:06
[292.027] Task 572 enqueued on NET STARLINK-11564 [DTC] qlen_enqueue_net=1
[MODE: BIDIRECTIONAL]
[574][GREEDY] CONSEGNATO! STARLINK-33881 -> OBS | Tramission-time: 2.222160301041073e-11
---> Task 575 (Type: CPU_Intensive) arriva in 292.16
--- [292.16] Task 575 using SearchNode Policy: v2_ilp_hybrid ---
[292.16] [Task 575] Entering ILP branch (v2)
[ε-constraint energy] sumE_B=6590.912457  bound=7250.003702  active=False
[ILP] res_type=dict value_preview={'stage': 'B', 'status': 'Optimal', 'primary': 'energy', 'tol': 0.1, 'opt_primary': 6590.9124565432285, 'objective_secondary': 0.670172999144327, 'sumE': 6590.9
[292.16] [Task 575] ILP chose server: STARLINK-1306
[292.16] [Task 575] Routed STARLINK-30604 -> STARLINK-1306 | E_NET=0.000022 J | Remaining=119999.99 J
[292.158] Task 575 enqueued on CPU STARLINK-1306 qlen_enqueue=1
[Task 572] Task eseguito su STARLINK-11564 [DTC] 35.47886777353763 degrees | CPU=5627.4722J, NET=0.1721J, TOTAL=5627.6443J, Remaining=17358.49J
[292.199] Task 572 served on STARLINK-11564 [DTC] qlen_enqueue_cpu=1 qlen_enqueue_net=1 time_in_queue=0.000
---> Task 576 (Type: CPU_and_Data_Intensive) arriva in 292.22
--- [292.22] Task 576 using SearchNode Policy: v2_ilp_hybrid ---
[292.22] [Task 576] Entering ILP branch (v2)
[ε-constraint energy] sumE_B=849.847354  bound=934.832090  active=False
[ILP] res_type=dict value_preview={'stage': 'B', 'status': 'Optimal', 'primary': 'energy', 'tol': 0.1, 'opt_primary': 849.8473541331282, 'objective_secondary': 0.0940884103791483, 'sumE': 849.84
[292.22] [Task 576] ILP chose server: STARLINK-11564 [DTC]
[292.22] [Task 576] Routed STARLINK-30604 -> STARLINK-11564 [DTC] | E_NET=0.006381 J | Remaining=119999.99 J
[292.231] Task 576 enqueued on CPU STARLINK-11564 [DTC] qlen_enqueue=1
[572][GREEDY] STARLINK-11564 [DTC] -> STARLINK-33881 | Tramission-time: 0.0010593512142791591
[572] Energy routing consumed by STARLINK-11564 [DTC]: 0.000000 J (remaining 17358.49)
[292.318] Task 576 enqueued on NET STARLINK-11564 [DTC] qlen_enqueue_net=1
[Task 576] Task eseguito su STARLINK-11564 [DTC] 35.47886777353763 degrees | CPU=849.8397J, NET=0.0064J, TOTAL=849.8461J, Remaining=16508.64J
[292.324] Task 576 served on STARLINK-11564 [DTC] qlen_enqueue_cpu=1 qlen_enqueue_net=1 time_in_queue=0.000
[MODE: BIDIRECTIONAL]
[572][GREEDY] CONSEGNATO! STARLINK-33881 -> OBS | Tramission-time: 1.3399611774204298e-07
[576][GREEDY] STARLINK-11564 [DTC] -> STARLINK-33881 | Tramission-time: 0.0010592303159939137
[576] Energy routing consumed by STARLINK-11564 [DTC]: 0.000000 J (remaining 16508.64)
---> Task 577 (Type: Generic_Service) arriva in 292.40
--- [292.40] Task 577 using SearchNode Policy: v2_ilp_hybrid ---
[292.40] [Task 577] Entering ILP branch (v2)
[ε-constraint energy] sumE_B=578.290958  bound=636.120054  active=False
[ILP] res_type=dict value_preview={'stage': 'B', 'status': 'Optimal', 'primary': 'energy', 'tol': 0.1, 'opt_primary': 578.2909584581571, 'objective_secondary': 0.05883609258611693, 'sumE': 578.2
[292.40] [Task 577] ILP chose server: STARLINK-11564 [DTC]
[292.40] [Task 577] Routed STARLINK-30604 -> STARLINK-11564 [DTC] | E_NET=0.000031 J | Remaining=119999.99 J
[292.397] Task 577 enqueued on CPU STARLINK-11564 [DTC] qlen_enqueue=1
[Task 577] Task eseguito su STARLINK-11564 [DTC] 35.47886777353763 degrees | CPU=578.2909J, NET=0.0000J, TOTAL=578.2910J, Remaining=15930.35J
[292.458] Task 577 served on STARLINK-11564 [DTC] qlen_enqueue_cpu=1 qlen_enqueue_net=None time_in_queue=0.000
[MODE: BIDIRECTIONAL]
[576][GREEDY] CONSEGNATO! STARLINK-33881 -> OBS | Tramission-time: 6.408599250379431e-09
[577][GREEDY] STARLINK-11564 [DTC] -> STARLINK-33881 | Tramission-time: 0.0010592252616740444
[577] Energy routing consumed by STARLINK-11564 [DTC]: 0.000000 J (remaining 15930.35)
[MODE: BIDIRECTIONAL]
[577][GREEDY] CONSEGNATO! STARLINK-33881 -> OBS | Tramission-time: 2.656762682821447e-11
[Task 575] Task eseguito su STARLINK-1306 25.73461371416732 degrees | CPU=6590.9124J, NET=0.0000J, TOTAL=6590.9124J, Remaining=112507.29J
[292.830] Task 575 served on STARLINK-1306 qlen_enqueue_cpu=1 qlen_enqueue_net=None time_in_queue=0.000
[575][GREEDY] STARLINK-1306 -> STARLINK-33881 | Tramission-time: 0.0016685638336026646
[575] Energy routing consumed by STARLINK-1306: 0.000000 J (remaining 112507.29)
[MODE: BIDIRECTIONAL]
[575][GREEDY] CONSEGNATO! STARLINK-33881 -> OBS | Tramission-time: 2.2961360525879933e-11
---> Task 578 (Type: Generic_Service) arriva in 293.18
--- [293.18] Task 578 using SearchNode Policy: v2_ilp_hybrid ---
[293.18] [Task 578] Entering ILP branch (v2)
[ε-constraint energy] sumE_B=283.898312  bound=312.288143  active=False
[ILP] res_type=dict value_preview={'stage': 'B', 'status': 'Optimal', 'primary': 'energy', 'tol': 0.1, 'opt_primary': 283.8983117247799, 'objective_secondary': 0.028885205895129898, 'sumE': 283.
[293.18] [Task 578] ILP chose server: STARLINK-11564 [DTC]
[293.18] [Task 578] Routed STARLINK-30604 -> STARLINK-11564 [DTC] | E_NET=0.000016 J | Remaining=119999.99 J
[293.183] Task 578 enqueued on CPU STARLINK-11564 [DTC] qlen_enqueue=1
[Task 578] Task eseguito su STARLINK-11564 [DTC] 35.47886777353763 degrees | CPU=283.8983J, NET=0.0000J, TOTAL=283.8983J, Remaining=15646.45J
[293.213] Task 578 served on STARLINK-11564 [DTC] qlen_enqueue_cpu=1 qlen_enqueue_net=None time_in_queue=0.000
[578][GREEDY] STARLINK-11564 [DTC] -> STARLINK-33881 | Tramission-time: 0.0010592252485064266
[578] Energy routing consumed by STARLINK-11564 [DTC]: 0.000000 J (remaining 15646.45)
[MODE: BIDIRECTIONAL]
[578][GREEDY] CONSEGNATO! STARLINK-33881 -> OBS | Tramission-time: 1.6895730617709348e-11
---> Task 579 (Type: Generic_Service) arriva in 293.64
--- [293.64] Task 579 using SearchNode Policy: v2_ilp_hybrid ---
[293.64] [Task 579] Entering ILP branch (v2)
[ε-constraint energy] sumE_B=349.228081  bound=384.150890  active=False
[ILP] res_type=dict value_preview={'stage': 'B', 'status': 'Optimal', 'primary': 'energy', 'tol': 0.1, 'opt_primary': 349.2280814779146, 'objective_secondary': 0.035513620448605114, 'sumE': 349.
[293.64] [Task 579] ILP chose server: STARLINK-11564 [DTC]
[293.64] [Task 579] Routed STARLINK-30604 -> STARLINK-11564 [DTC] | E_NET=0.000004 J | Remaining=119999.99 J
[293.640] Task 579 enqueued on CPU STARLINK-11564 [DTC] qlen_enqueue=1
[Task 579] Task eseguito su STARLINK-11564 [DTC] 35.47886777353763 degrees | CPU=349.2281J, NET=0.0000J, TOTAL=349.2281J, Remaining=15297.22J
[293.676] Task 579 served on STARLINK-11564 [DTC] qlen_enqueue_cpu=1 qlen_enqueue_net=None time_in_queue=0.000
[579][GREEDY] STARLINK-11564 [DTC] -> STARLINK-33881 | Tramission-time: 0.001059225238740194
[579] Energy routing consumed by STARLINK-11564 [DTC]: 0.000000 J (remaining 15297.22)
[MODE: BIDIRECTIONAL]
[579][GREEDY] CONSEGNATO! STARLINK-33881 -> OBS | Tramission-time: 4.752925802720232e-12
---> Task 580 (Type: Generic_Service) arriva in 293.86
--- [293.86] Task 580 using SearchNode Policy: v2_ilp_hybrid ---
[293.86] [Task 580] Entering ILP branch (v2)
[ε-constraint energy] sumE_B=2.810348  bound=3.091383  active=False
[ILP] res_type=dict value_preview={'stage': 'B', 'status': 'Optimal', 'primary': 'energy', 'tol': 0.1, 'opt_primary': 2.8103479130073294, 'objective_secondary': 0.0002964713360880144, 'sumE': 2.
[293.86] [Task 580] ILP chose server: STARLINK-11564 [DTC]
[293.86] [Task 580] Routed STARLINK-30604 -> STARLINK-11564 [DTC] | E_NET=0.000009 J | Remaining=119999.99 J
[Task 580] REJECTED on STARLINK-11564 [DTC] due to: Deadline Exceeded
[293.86] [Task 580] assignment failed on STARLINK-11564 [DTC] reason=Deadline Exceeded
---> Task 581 (Type: CPU_Intensive) arriva in 293.96
--- [293.96] Task 581 using SearchNode Policy: v2_ilp_hybrid ---
[293.96] [Task 581] Entering ILP branch (v2)
[ε-constraint energy] sumE_B=3254.158922  bound=3579.574814  active=False
[ILP] res_type=dict value_preview={'stage': 'B', 'status': 'Optimal', 'primary': 'energy', 'tol': 0.1, 'opt_primary': 3254.1589219554594, 'objective_secondary': 0.330904217739662, 'sumE': 3254.1
[293.96] [Task 581] ILP chose server: STARLINK-11564 [DTC]
[293.96] [Task 581] Routed STARLINK-30604 -> STARLINK-11564 [DTC] | E_NET=0.000026 J | Remaining=119999.99 J
[293.964] Task 581 enqueued on CPU STARLINK-11564 [DTC] qlen_enqueue=1
----------------------------------------------------------------------
	||TIME IN SIMULATION : (seconds:294) (minutes: 4) ||

MODIFICA CONFIGURAZIONE IN CORSO...

Aggiornato il Tempo Globale:  2025-11-20 21:00:08
---> Task 582 (Type: CPU_Intensive) arriva in 294.15
--- [294.15] Task 582 using SearchNode Policy: v2_ilp_hybrid ---
[294.15] [Task 582] Entering ILP branch (v2)
[ε-constraint energy] sumE_B=4461.851889  bound=4908.037078  active=False
[ILP] res_type=dict value_preview={'stage': 'B', 'status': 'Optimal', 'primary': 'energy', 'tol': 0.1, 'opt_primary': 4461.8518893391165, 'objective_secondary': 0.4537047015524881, 'sumE': 4461.
[294.15] [Task 582] ILP chose server: STARLINK-1306
[294.15] [Task 582] Routed STARLINK-30604 -> STARLINK-1306 | E_NET=0.000035 J | Remaining=119999.99 J
[294.156] Task 582 enqueued on CPU STARLINK-1306 qlen_enqueue=1
[Task 581] Task eseguito su STARLINK-11564 [DTC] 36.40115756564288 degrees | CPU=3254.1589J, NET=0.0000J, TOTAL=3254.1589J, Remaining=12043.06J
[294.297] Task 581 served on STARLINK-11564 [DTC] qlen_enqueue_cpu=1 qlen_enqueue_net=None time_in_queue=0.000
[581][GREEDY] STARLINK-11564 [DTC] -> STARLINK-33881 | Tramission-time: 0.0010561690079662442
[581] Energy routing consumed by STARLINK-11564 [DTC]: 0.000000 J (remaining 12043.06)
[MODE: BIDIRECTIONAL]
[581][GREEDY] CONSEGNATO! STARLINK-33881 -> OBS | Tramission-time: 3.0254976315929313e-11
[Task 582] Task eseguito su STARLINK-1306 26.34700795249492 degrees | CPU=4461.8519J, NET=0.0000J, TOTAL=4461.8519J, Remaining=108045.44J
[294.612] Task 582 served on STARLINK-1306 qlen_enqueue_cpu=1 qlen_enqueue_net=None time_in_queue=0.000
[582][GREEDY] STARLINK-1306 -> STARLINK-33881 | Tramission-time: 0.0016442419105355158
[582] Energy routing consumed by STARLINK-1306: 0.000000 J (remaining 108045.44)
---> Task 583 (Type: Generic_Service) arriva in 294.70
--- [294.70] Task 583 using SearchNode Policy: v2_ilp_hybrid ---
[294.70] [Task 583] Entering ILP branch (v2)
[ε-constraint energy] sumE_B=632.221737  bound=695.443911  active=False
[ILP] res_type=dict value_preview={'stage': 'B', 'status': 'Optimal', 'primary': 'energy', 'tol': 0.1, 'opt_primary': 632.2217370097379, 'objective_secondary': 0.06430563755279976, 'sumE': 632.2
[294.70] [Task 583] ILP chose server: STARLINK-11564 [DTC]
[294.70] [Task 583] Routed STARLINK-30604 -> STARLINK-11564 [DTC] | E_NET=0.000019 J | Remaining=119999.99 J
[294.698] Task 583 enqueued on CPU STARLINK-11564 [DTC] qlen_enqueue=1
[Task 583] Task eseguito su STARLINK-11564 [DTC] 36.40115756564288 degrees | CPU=632.2217J, NET=0.0000J, TOTAL=632.2217J, Remaining=11410.84J
[294.764] Task 583 served on STARLINK-11564 [DTC] qlen_enqueue_cpu=1 qlen_enqueue_net=None time_in_queue=0.000
[MODE: BIDIRECTIONAL]
[582][GREEDY] CONSEGNATO! STARLINK-33881 -> OBS | Tramission-time: 2.7135528532241393e-11
[583][GREEDY] STARLINK-11564 [DTC] -> STARLINK-33881 | Tramission-time: 0.001056168997890639
[583] Energy routing consumed by STARLINK-11564 [DTC]: 0.000000 J (remaining 11410.84)
[MODE: BIDIRECTIONAL]
[583][GREEDY] CONSEGNATO! STARLINK-33881 -> OBS | Tramission-time: 1.6373231164849333e-11
---> Task 584 (Type: CPU_and_Data_Intensive) arriva in 295.28
--- [295.28] Task 584 using SearchNode Policy: v2_ilp_hybrid ---
[295.28] [Task 584] Entering ILP branch (v2)
[ε-constraint energy] sumE_B=2333.229300  bound=2566.552230  active=False
[ILP] res_type=dict value_preview={'stage': 'B', 'status': 'Optimal', 'primary': 'energy', 'tol': 0.1, 'opt_primary': 2333.2293002165816, 'objective_secondary': 0.2397849969426677, 'sumE': 2333.
[295.28] [Task 584] ILP chose server: STARLINK-11564 [DTC]
[295.28] [Task 584] Routed STARLINK-30604 -> STARLINK-11564 [DTC] | E_NET=0.002042 J | Remaining=119999.98 J
[295.288] Task 584 enqueued on CPU STARLINK-11564 [DTC] qlen_enqueue=1
---> Task 585 (Type: CPU_and_Data_Intensive) arriva in 295.41
--- [295.41] Task 585 using SearchNode Policy: v2_ilp_hybrid ---
[295.41] [Task 585] Entering ILP branch (v2)
[ε-constraint energy] sumE_B=1389.622179  bound=1528.584397  active=False
[ILP] res_type=dict value_preview={'stage': 'B', 'status': 'Optimal', 'primary': 'energy', 'tol': 0.1, 'opt_primary': 1389.622179253351, 'objective_secondary': 0.14210596951188312, 'sumE': 1389.
[295.41] [Task 585] ILP chose server: STARLINK-11724 [DTC]
[295.41] [Task 585] Routed STARLINK-33881 -> STARLINK-11724 [DTC] | E_NET=0.000648 J | Remaining=119999.98 J
[295.413] Task 585 enqueued on CPU STARLINK-11724 [DTC] qlen_enqueue=1
[295.525] Task 584 enqueued on NET STARLINK-11564 [DTC] qlen_enqueue_net=1
[Task 584] Task eseguito su STARLINK-11564 [DTC] 36.40115756564288 degrees | CPU=2333.2268J, NET=0.0020J, TOTAL=2333.2288J, Remaining=9077.61J
[295.527] Task 584 served on STARLINK-11564 [DTC] qlen_enqueue_cpu=1 qlen_enqueue_net=1 time_in_queue=0.000
[295.554] Task 585 enqueued on NET STARLINK-11724 [DTC] qlen_enqueue_net=1
[Task 585] Task eseguito su STARLINK-11724 [DTC] 36.77501180253451 degrees | CPU=1389.6214J, NET=0.0006J, TOTAL=1389.6220J, Remaining=2579.29J
[295.555] Task 585 served on STARLINK-11724 [DTC] qlen_enqueue_cpu=1 qlen_enqueue_net=1 time_in_queue=0.000
---> Task 586 (Type: CPU_Intensive) arriva in 295.58
--- [295.58] Task 586 using SearchNode Policy: v2_ilp_hybrid ---
[295.58] [Task 586] Entering ILP branch (v2)
[ε-constraint energy] sumE_B=3846.965997  bound=4231.662596  active=False
[ILP] res_type=dict value_preview={'stage': 'B', 'status': 'Optimal', 'primary': 'energy', 'tol': 0.1, 'opt_primary': 3846.96599681308, 'objective_secondary': 0.3911867139060539, 'sumE': 3846.96
[295.58] [Task 586] ILP chose server: STARLINK-11564 [DTC]
[295.58] [Task 586] Routed STARLINK-33881 -> STARLINK-11564 [DTC] | E_NET=0.000027 J | Remaining=119999.98 J
[295.582] Task 586 enqueued on CPU STARLINK-11564 [DTC] qlen_enqueue=1
[585][GREEDY] STARLINK-11724 [DTC] -> STARLINK-33881 | Tramission-time: 0.0021610250604095715
[585] Energy routing consumed by STARLINK-11724 [DTC]: 0.000000 J (remaining 2579.29)
[MODE: BIDIRECTIONAL]
[585][GREEDY] CONSEGNATO! STARLINK-33881 -> OBS | Tramission-time: 7.753163298846942e-10
[584][GREEDY] STARLINK-11564 [DTC] -> STARLINK-33881 | Tramission-time: 0.0010561708038641434
[584] Energy routing consumed by STARLINK-11564 [DTC]: 0.000000 J (remaining 9077.61)
[MODE: BIDIRECTIONAL]
[584][GREEDY] CONSEGNATO! STARLINK-33881 -> OBS | Tramission-time: 1.8326379583527294e-09
---> Task 587 (Type: CPU_and_Data_Intensive) arriva in 295.82
--- [295.82] Task 587 using SearchNode Policy: v2_ilp_hybrid ---
[295.82] [Task 587] Entering ILP branch (v2)
[ε-constraint energy] sumE_B=51.428591  bound=56.571450  active=False
[ILP] res_type=dict value_preview={'stage': 'B', 'status': 'Optimal', 'primary': 'energy', 'tol': 0.1, 'opt_primary': 51.42859058217457, 'objective_secondary': 0.0054576855420403955, 'sumE': 51.
[295.82] [Task 587] ILP chose server: STARLINK-11724 [DTC]
[295.82] [Task 587] Routed STARLINK-33881 -> STARLINK-11724 [DTC] | E_NET=0.000182 J | Remaining=119999.98 J
[295.821] Task 587 enqueued on CPU STARLINK-11724 [DTC] qlen_enqueue=1
[295.827] Task 587 enqueued on NET STARLINK-11724 [DTC] qlen_enqueue_net=1
[Task 587] Task eseguito su STARLINK-11724 [DTC] 36.77501180253451 degrees | CPU=51.4284J, NET=0.0002J, TOTAL=51.4285J, Remaining=2527.86J
[295.827] Task 587 served on STARLINK-11724 [DTC] qlen_enqueue_cpu=1 qlen_enqueue_net=1 time_in_queue=0.000
[587][GREEDY] STARLINK-11724 [DTC] -> STARLINK-33881 | Tramission-time: 0.0021610246281417067
[587] Energy routing consumed by STARLINK-11724 [DTC]: 0.000000 J (remaining 2527.86)
[MODE: BIDIRECTIONAL]
[587][GREEDY] CONSEGNATO! STARLINK-33881 -> OBS | Tramission-time: 2.0568321574298302e-10
[Task 586] Task eseguito su STARLINK-11564 [DTC] 36.40115756564288 degrees | CPU=3846.9660J, NET=0.0000J, TOTAL=3846.9660J, Remaining=5230.65J
[295.975] Task 586 served on STARLINK-11564 [DTC] qlen_enqueue_cpu=1 qlen_enqueue_net=None time_in_queue=0.000
----------------------------------------------------------------------
	||TIME IN SIMULATION : (seconds:296) (minutes: 4) ||

MODIFICA CONFIGURAZIONE IN CORSO...

Aggiornato il Tempo Globale:  2025-11-20 21:00:10
[586][GREEDY] STARLINK-11564 [DTC] -> STARLINK-33881 | Tramission-time: 0.001053300553278587
[586] Energy routing consumed by STARLINK-11564 [DTC]: 0.000000 J (remaining 5230.65)
[MODE: BIDIRECTIONAL]
[586][GREEDY] CONSEGNATO! STARLINK-33881 -> OBS | Tramission-time: 2.6632237546337425e-11
---> Task 588 (Type: CPU_and_Data_Intensive) arriva in 296.43
--- [296.43] Task 588 using SearchNode Policy: v2_ilp_hybrid ---
[296.43] [Task 588] Entering ILP branch (v2)
[ε-constraint energy] sumE_B=14871.299739  bound=16358.429713  active=False
[ILP] res_type=dict value_preview={'stage': 'B', 'status': 'Optimal', 'primary': 'energy', 'tol': 0.1, 'opt_primary': 14871.299739369886, 'objective_secondary': 1.5187096243954772, 'sumE': 14871
[296.43] [Task 588] ILP chose server: STARLINK-1306
[296.43] [Task 588] Routed STARLINK-33881 -> STARLINK-1306 | E_NET=0.005914 J | Remaining=119999.98 J
[296.437] Task 588 enqueued on CPU STARLINK-1306 qlen_enqueue=1
---> Task 589 (Type: CPU_and_Data_Intensive) arriva in 296.55
--- [296.55] Task 589 using SearchNode Policy: v2_ilp_hybrid ---
[296.55] [Task 589] Entering ILP branch (v2)
[ε-constraint energy] sumE_B=13355.293148  bound=14690.822463  active=False
[ILP] res_type=dict value_preview={'stage': 'B', 'status': 'Optimal', 'primary': 'energy', 'tol': 0.1, 'opt_primary': 13355.293147986404, 'objective_secondary': 1.466420855002195, 'sumE': 13355.
[296.55] [Task 589] ILP chose server: STARLINK-2388
[296.55] [Task 589] Routed STARLINK-30604 -> STARLINK-2388 | E_NET=0.089576 J | Remaining=119999.89 J
[296.637] Task 589 enqueued on CPU STARLINK-2388 qlen_enqueue=1
---> Task 590 (Type: CPU_Intensive) arriva in 296.64
--- [296.64] Task 590 using SearchNode Policy: v2_ilp_hybrid ---
[296.64] [Task 590] Entering ILP branch (v2)
[ε-constraint energy] sumE_B=4145.715244  bound=4560.286768  active=False
[ILP] res_type=dict value_preview={'stage': 'B', 'status': 'Optimal', 'primary': 'energy', 'tol': 0.1, 'opt_primary': 4145.71524373372, 'objective_secondary': 0.42155412156897687, 'sumE': 4145.7
[296.64] [Task 590] ILP chose server: STARLINK-11564 [DTC]
[296.64] [Task 590] Routed STARLINK-33881 -> STARLINK-11564 [DTC] | E_NET=0.000030 J | Remaining=119999.98 J
[296.643] Task 590 enqueued on CPU STARLINK-11564 [DTC] qlen_enqueue=1
---> Task 591 (Type: CPU_Intensive) arriva in 296.79
--- [296.79] Task 591 using SearchNode Policy: v2_ilp_hybrid ---
[296.79] [Task 591] Entering ILP branch (v2)
[ε-constraint energy] sumE_B=212.412281  bound=233.653509  active=False
[ILP] res_type=dict value_preview={'stage': 'B', 'status': 'Optimal', 'primary': 'energy', 'tol': 0.1, 'opt_primary': 212.41228071943164, 'objective_secondary': 0.02161021834397792, 'sumE': 212.
[296.79] [Task 591] ILP chose server: STARLINK-11724 [DTC]
[296.79] [Task 591] Routed STARLINK-33881 -> STARLINK-11724 [DTC] | E_NET=0.000009 J | Remaining=119999.98 J
[296.789] Task 591 enqueued on CPU STARLINK-11724 [DTC] qlen_enqueue=1
[Task 591] Task eseguito su STARLINK-11724 [DTC] 35.97451363097743 degrees | CPU=212.4123J, NET=0.0000J, TOTAL=212.4123J, Remaining=2315.45J
[296.812] Task 591 served on STARLINK-11724 [DTC] qlen_enqueue_cpu=1 qlen_enqueue_net=None time_in_queue=0.000
[591][GREEDY] STARLINK-11724 [DTC] -> STARLINK-33881 | Tramission-time: 0.0021758881821277772
[591] Energy routing consumed by STARLINK-11724 [DTC]: 0.000000 J (remaining 2315.45)
[MODE: BIDIRECTIONAL]
[591][GREEDY] CONSEGNATO! STARLINK-33881 -> OBS | Tramission-time: 9.237239237920048e-12
---> Task 592 (Type: CPU_Intensive) arriva in 297.05
--- [297.05] Task 592 using SearchNode Policy: v2_ilp_hybrid ---
[297.05] [Task 592] Entering ILP branch (v2)
[ε-constraint energy] sumE_B=3725.442860  bound=4097.987146  active=False
[ILP] res_type=dict value_preview={'stage': 'B', 'status': 'Optimal', 'primary': 'energy', 'tol': 0.1, 'opt_primary': 3725.44286035289, 'objective_secondary': 0.3788259241252108, 'sumE': 3725.44
[297.05] [Task 592] ILP chose server: STARLINK-2647
[297.05] [Task 592] Routed STARLINK-33881 -> STARLINK-2647 | E_NET=0.000031 J | Remaining=119999.98 J
[297.052] Task 592 enqueued on CPU STARLINK-2647 qlen_enqueue=1
[Task 590] Task eseguito su STARLINK-11564 [DTC] 37.357013335950086 degrees | CPU=4145.7152J, NET=0.0000J, TOTAL=4145.7152J, Remaining=1084.93J
[297.067] Task 590 served on STARLINK-11564 [DTC] qlen_enqueue_cpu=1 qlen_enqueue_net=None time_in_queue=0.000
[590][GREEDY] STARLINK-11564 [DTC] -> STARLINK-33881 | Tramission-time: 0.0010533005451473889
[590] Energy routing consumed by STARLINK-11564 [DTC]: 0.000000 J (remaining 1084.93)
[MODE: BIDIRECTIONAL]
[590][GREEDY] CONSEGNATO! STARLINK-33881 -> OBS | Tramission-time: 2.8473412200917225e-11
[Task 592] Task eseguito su STARLINK-2647 79.99154162774542 degrees | CPU=3725.4428J, NET=0.0000J, TOTAL=3725.4429J, Remaining=100283.03J
[297.433] Task 592 served on STARLINK-2647 qlen_enqueue_cpu=1 qlen_enqueue_net=None time_in_queue=0.000
[592][GREEDY] STARLINK-2647 -> STARLINK-33881 | Tramission-time: 0.0009314068480771228
[592] Energy routing consumed by STARLINK-2647: 0.000000 J (remaining 100283.03)
[MODE: BIDIRECTIONAL]
[592][GREEDY] CONSEGNATO! STARLINK-33881 -> OBS | Tramission-time: 3.0255887157583055e-11
---> Task 593 (Type: Generic_Service) arriva in 297.65
--- [297.65] Task 593 using SearchNode Policy: v2_ilp_hybrid ---
[297.65] [Task 593] Entering ILP branch (v2)
[ε-constraint energy] sumE_B=117.019453  bound=128.721399  active=False
[ILP] res_type=dict value_preview={'stage': 'B', 'status': 'Optimal', 'primary': 'energy', 'tol': 0.1, 'opt_primary': 117.01945318434909, 'objective_secondary': 0.011908499179268542, 'sumE': 117
[297.65] [Task 593] ILP chose server: STARLINK-11564 [DTC]
[297.65] [Task 593] Routed STARLINK-33881 -> STARLINK-11564 [DTC] | E_NET=0.000010 J | Remaining=119999.98 J
[297.648] Task 593 enqueued on CPU STARLINK-11564 [DTC] qlen_enqueue=1
[Task 593] Task eseguito su STARLINK-11564 [DTC] 37.357013335950086 degrees | CPU=117.0194J, NET=0.0000J, TOTAL=117.0195J, Remaining=967.91J
[297.661] Task 593 served on STARLINK-11564 [DTC] qlen_enqueue_cpu=1 qlen_enqueue_net=None time_in_queue=0.000
[593][GREEDY] STARLINK-11564 [DTC] -> STARLINK-33881 | Tramission-time: 0.0010533005310951775
[593] Energy routing consumed by STARLINK-11564 [DTC]: 0.000000 J (remaining 967.91)
[MODE: BIDIRECTIONAL]
[593][GREEDY] CONSEGNATO! STARLINK-33881 -> OBS | Tramission-time: 9.25253040993167e-12
[297.949] Task 588 enqueued on NET STARLINK-1306 qlen_enqueue_net=1
[Task 588] Task eseguito su STARLINK-1306 26.9784630781074 degrees | CPU=14871.2931J, NET=0.0059J, TOTAL=14871.2990J, Remaining=93174.14J
[297.955] Task 588 served on STARLINK-1306 qlen_enqueue_cpu=1 qlen_enqueue_net=1 time_in_queue=0.000
[297.995] Task 589 enqueued on NET STARLINK-2388 qlen_enqueue_net=1
----------------------------------------------------------------------
	||TIME IN SIMULATION : (seconds:298) (minutes: 4) ||

MODIFICA CONFIGURAZIONE IN CORSO...

Aggiornato il Tempo Globale:  2025-11-20 21:00:12
[588][GREEDY] STARLINK-1306 -> STARLINK-33881 | Tramission-time: 0.0015968960016058786
[588] Energy routing consumed by STARLINK-1306: 0.000000 J (remaining 93174.14)
[Task 589] Task eseguito su STARLINK-2388 64.4241758106029 degrees | CPU=13355.1846J, NET=0.0896J, TOTAL=13355.2742J, Remaining=43084.64J
[298.085] Task 589 served on STARLINK-2388 qlen_enqueue_cpu=1 qlen_enqueue_net=1 time_in_queue=0.000
[589][GREEDY] STARLINK-2388 -> STARLINK-33881 | Tramission-time: 0.0014271941023461527
[589] Energy routing consumed by STARLINK-2388: 0.000000 J (remaining 43084.64)
[MODE: BIDIRECTIONAL]
[588][GREEDY] CONSEGNATO! STARLINK-33881 -> OBS | Tramission-time: 4.983002900898171e-09
[MODE: BIDIRECTIONAL]
[589][GREEDY] CONSEGNATO! STARLINK-33881 -> OBS | Tramission-time: 7.909207247759511e-08
---> Task 594 (Type: Generic_Service) arriva in 298.86
--- [298.86] Task 594 using SearchNode Policy: v2_ilp_hybrid ---
[298.86] [Task 594] Entering ILP branch (v2)
[ε-constraint energy] sumE_B=10.797606  bound=11.877366  active=False
[ILP] res_type=dict value_preview={'stage': 'B', 'status': 'Optimal', 'primary': 'energy', 'tol': 0.1, 'opt_primary': 10.797605749694773, 'objective_secondary': 0.0011175069427897982, 'sumE': 10
[298.86] [Task 594] ILP chose server: STARLINK-11564 [DTC]
[298.86] [Task 594] Routed STARLINK-33881 -> STARLINK-11564 [DTC] | E_NET=0.000019 J | Remaining=119999.98 J
[298.858] Task 594 enqueued on CPU STARLINK-11564 [DTC] qlen_enqueue=1
[Task 594] Task eseguito su STARLINK-11564 [DTC] 38.34795278651519 degrees | CPU=10.7976J, NET=0.0000J, TOTAL=10.7976J, Remaining=957.11J
[298.860] Task 594 served on STARLINK-11564 [DTC] qlen_enqueue_cpu=1 qlen_enqueue_net=None time_in_queue=0.000
[594][GREEDY] STARLINK-11564 [DTC] -> STARLINK-33881 | Tramission-time: 0.0010506214436504496
[594] Energy routing consumed by STARLINK-11564 [DTC]: 0.000000 J (remaining 957.11)
[MODE: BIDIRECTIONAL]
[594][GREEDY] CONSEGNATO! STARLINK-33881 -> OBS | Tramission-time: 1.37461344995264e-11

Salvataggio del dataset generato in: Generated_datasets/generated_tasks_counter.json5
Salvataggio completato con successo.

Dataset dello stato della simulazione salvato in 'simulation_dataset.json'
TASK ARRIVATI CON SUCCESSO ALL'OBS: 589:

 id     | weight        | resolution    | Start Routing (s) | End Routing (s) | duration      | hop |
 1      | 19.72 MB      | CPU_and_Data_Intensive  | 2.04              | 2.4             | 0.36          | 1   |
 3      | 0.05 MB       | Generic_Service         | 2.84              | 3.0             | 0.16          | 2   |
 2      | 0.07 MB       | CPU_Intensive           | 2.52              | 3.1             | 0.58          | 2   |
 4      | 0.08 MB       | Generic_Service         | 4.21              | 4.3             | 0.1           | 1   |
 6      | 0.05 MB       | CPU_Intensive           | 6.45              | 6.6             | 0.16          | 2   |
 5      | 22.25 MB      | CPU_and_Data_Intensive  | 6.24              | 6.7             | 0.46          | 1   |
 9      | 0.06 MB       | Generic_Service         | 10.46             | 10.61           | 0.15          | 2   |
 8      | 418.86 MB     | CPU_and_Data_Intensive  | 9.68              | 10.61           | 0.93          | 1   |
 11     | 11.45 MB      | CPU_and_Data_Intensive  | 11.08             | 11.31           | 0.23          | 1   |
 10     | 0.06 MB       | CPU_Intensive           | 11.05             | 11.41           | 0.35          | 2   |
 7      | 0.01 MB       | CPU_Intensive           | 9.55              | 11.61           | 2.05          | 1   |
 12     | 0.03 MB       | Generic_Service         | 13.21             | 13.31           | 0.1           | 1   |
 13     | 464.69 MB     | CPU_and_Data_Intensive  | 13.82             | 15.01           | 1.19          | 1   |
 15     | 0.07 MB       | Generic_Service         | 14.88             | 15.11           | 0.23          | 2   |
 14     | 0.07 MB       | CPU_Intensive           | 14.78             | 15.21           | 0.43          | 1   |
 17     | 0.03 MB       | CPU_Intensive           | 15.38             | 15.91           | 0.53          | 1   |
 18     | 0.05 MB       | Generic_Service         | 15.88             | 16.01           | 0.13          | 1   |
 16     | 0.05 MB       | CPU_Intensive           | 15.26             | 16.41           | 1.15          | 1   |
 19     | 5.42 MB       | CPU_and_Data_Intensive  | 16.25             | 16.51           | 0.26          | 1   |
 20     | 0.05 MB       | CPU_Intensive           | 16.45             | 16.71           | 0.26          | 1   |
 22     | 0.03 MB       | CPU_Intensive           | 16.72             | 16.81           | 0.09          | 1   |
 21     | 24.05 MB      | CPU_and_Data_Intensive  | 16.54             | 17.01           | 0.47          | 1   |
 24     | 0.08 MB       | Generic_Service         | 16.93             | 17.11           | 0.17          | 1   |
 23     | 0.02 MB       | CPU_Intensive           | 16.89             | 17.21           | 0.32          | 1   |
 25     | 0.82 MB       | CPU_and_Data_Intensive  | 17.9              | 18.21           | 0.31          | 1   |
 27     | 0.79 MB       | CPU_and_Data_Intensive  | 18.57             | 18.91           | 0.34          | 1   |
 28     | 0.05 MB       | Generic_Service         | 19.28             | 19.31           | 0.03          | 1   |
 26     | 1.43 MB       | CPU_and_Data_Intensive  | 18.53             | 19.81           | 1.28          | 1   |
 29     | 20.32 MB      | CPU_and_Data_Intensive  | 20.09             | 20.21           | 0.12          | 1   |
 30     | 0.07 MB       | CPU_Intensive           | 20.94             | 21.01           | 0.07          | 1   |
 31     | 0.05 MB       | CPU_Intensive           | 20.95             | 21.11           | 0.15          | 1   |
 32     | 0.03 MB       | CPU_Intensive           | 21.44             | 22.51           | 1.07          | 1   |
 33     | 0.07 MB       | Generic_Service         | 22.69             | 23.01           | 0.32          | 2   |
 34     | 1.59 MB       | CPU_and_Data_Intensive  | 22.89             | 23.51           | 0.63          | 2   |
 36     | 22.61 MB      | CPU_and_Data_Intensive  | 24.12             | 24.41           | 0.3           | 2   |
 35     | 0.01 MB       | CPU_Intensive           | 23.12             | 24.82           | 1.7           | 2   |
 37     | 0.08 MB       | Generic_Service         | 24.76             | 24.92           | 0.15          | 2   |
 40     | 0.19 MB       | CPU_and_Data_Intensive  | 26.4              | 26.62           | 0.22          | 1   |
 39     | 0.09 MB       | CPU_Intensive           | 26.13             | 26.72           | 0.59          | 2   |
 41     | 0.01 MB       | Generic_Service         | 27.04             | 27.12           | 0.08          | 2   |
 38     | 0.04 MB       | CPU_Intensive           | 25.46             | 27.32           | 1.86          | 2   |
 43     | 9.50 MB       | CPU_and_Data_Intensive  | 27.12             | 27.62           | 0.5           | 1   |
 42     | 0.05 MB       | CPU_Intensive           | 27.09             | 28.22           | 1.13          | 2   |
 46     | 0.05 MB       | Generic_Service         | 28.76             | 28.92           | 0.16          | 1   |
 47     | 0.02 MB       | CPU_Intensive           | 28.9              | 29.02           | 0.13          | 2   |
 44     | 0.06 MB       | CPU_Intensive           | 27.96             | 29.32           | 1.37          | 2   |
 45     | 0.08 MB       | CPU_Intensive           | 27.99             | 29.62           | 1.63          | 1   |
 50     | 0.02 MB       | Generic_Service         | 30.11             | 30.22           | 0.12          | 1   |
 49     | 0.08 MB       | CPU_Intensive           | 29.94             | 30.33           | 0.38          | 2   |
 48     | 402.44 MB     | CPU_and_Data_Intensive  | 29.61             | 30.53           | 0.92          | 2   |
 51     | 22.20 MB      | CPU_and_Data_Intensive  | 30.53             | 30.63           | 0.1           | 1   |
 52     | 0.08 MB       | CPU_Intensive           | 30.74             | 30.93           | 0.19          | 1   |
 53     | 0.08 MB       | Generic_Service         | 31.85             | 31.93           | 0.08          | 1   |
 54     | 0.07 MB       | Generic_Service         | 32.42             | 32.53           | 0.11          | 1   |
 55     | 0.04 MB       | CPU_Intensive           | 33.23             | 33.33           | 0.1           | 1   |
 57     | 1.99 MB       | CPU_and_Data_Intensive  | 33.36             | 33.53           | 0.17          | 1   |
 56     | 0.07 MB       | CPU_Intensive           | 33.27             | 35.13           | 1.86          | 2   |
 59     | 0.05 MB       | Generic_Service         | 36.66             | 36.73           | 0.07          | 2   |
 58     | 0.08 MB       | CPU_Intensive           | 36.31             | 36.93           | 0.63          | 2   |
 60     | 0.08 MB       | Generic_Service         | 37.1              | 37.23           | 0.13          | 2   |
 61     | 0.04 MB       | Generic_Service         | 37.69             | 37.83           | 0.14          | 2   |
 62     | 0.05 MB       | Generic_Service         | 37.92             | 38.13           | 0.22          | 2   |
 63     | 0.06 MB       | CPU_Intensive           | 38.25             | 38.43           | 0.18          | 2   |
 64     | 0.02 MB       | Generic_Service         | 39.58             | 39.84           | 0.26          | 2   |
 65     | 0.06 MB       | Generic_Service         | 40.68             | 40.84           | 0.16          | 2   |
 66     | 0.05 MB       | CPU_Intensive           | 41.0              | 41.64           | 0.64          | 2   |
 68     | 0.05 MB       | Generic_Service         | 41.75             | 41.94           | 0.19          | 2   |
 67     | 0.08 MB       | CPU_Intensive           | 41.51             | 42.14           | 0.63          | 2   |
 69     | 0.02 MB       | CPU_Intensive           | 42.46             | 42.94           | 0.49          | 2   |
 70     | 0.01 MB       | Generic_Service         | 42.96             | 43.15           | 0.19          | 2   |
 71     | 0.07 MB       | CPU_Intensive           | 43.93             | 44.55           | 0.62          | 2   |
 72     | 0.04 MB       | Generic_Service         | 44.84             | 44.95           | 0.11          | 1   |
 73     | 0.08 MB       | CPU_Intensive           | 45.06             | 45.65           | 0.58          | 1   |
 74     | 0.05 MB       | Generic_Service         | 45.77             | 45.85           | 0.07          | 1   |
 75     | 0.04 MB       | Generic_Service         | 45.86             | 45.95           | 0.09          | 1   |
 77     | 0.04 MB       | CPU_Intensive           | 47.43             | 47.65           | 0.22          | 2   |
 76     | 0.05 MB       | CPU_Intensive           | 47.25             | 48.15           | 0.9           | 1   |
 78     | 17.37 MB      | CPU_and_Data_Intensive  | 48.11             | 48.85           | 0.74          | 1   |
 79     | 0.04 MB       | Generic_Service         | 48.85             | 49.05           | 0.2           | 1   |
 80     | 0.06 MB       | Generic_Service         | 49.11             | 49.15           | 0.04          | 1   |
 83     | 354.37 MB     | CPU_and_Data_Intensive  | 49.67             | 50.25           | 0.59          | 2   |
 84     | 0.05 MB       | CPU_Intensive           | 49.82             | 50.45           | 0.63          | 1   |
 81     | 9.94 MB       | CPU_and_Data_Intensive  | 49.18             | 50.85           | 1.67          | 1   |
 82     | 0.03 MB       | CPU_Intensive           | 49.44             | 51.25           | 1.82          | 2   |
 85     | 0.37 MB       | CPU_and_Data_Intensive  | 51.84             | 52.35           | 0.52          | 1   |
 86     | 15.94 MB      | CPU_and_Data_Intensive  | 52.73             | 52.85           | 0.12          | 1   |
 88     | 19.37 MB      | CPU_and_Data_Intensive  | 53.23             | 53.36           | 0.12          | 2   |
 89     | 0.02 MB       | CPU_Intensive           | 53.37             | 53.46           | 0.09          | 2   |
 91     | 0.02 MB       | CPU_Intensive           | 54.32             | 54.56           | 0.24          | 2   |
 87     | 0.02 MB       | CPU_Intensive           | 53.22             | 54.56           | 1.34          | 1   |
 90     | 22.37 MB      | CPU_and_Data_Intensive  | 53.86             | 54.66           | 0.8           | 2   |
 92     | 0.04 MB       | Generic_Service         | 54.86             | 54.96           | 0.1           | 1   |
 95     | 0.08 MB       | Generic_Service         | 56.33             | 56.36           | 0.04          | 2   |
 94     | 6.78 MB       | CPU_and_Data_Intensive  | 56.15             | 56.76           | 0.62          | 1   |
 93     | 0.02 MB       | CPU_Intensive           | 55.88             | 57.16           | 1.29          | 1   |
 96     | 0.06 MB       | CPU_Intensive           | 56.79             | 57.76           | 0.97          | 1   |
 98     | 0.05 MB       | CPU_Intensive           | 57.54             | 57.76           | 0.22          | 2   |
 97     | 0.08 MB       | CPU_Intensive           | 57.45             | 58.17           | 0.72          | 2   |
 99     | 0.07 MB       | CPU_Intensive           | 58.65             | 59.07           | 0.42          | 1   |
 101    | 20.24 MB      | CPU_and_Data_Intensive  | 59.94             | 60.07           | 0.13          | 2   |
 100    | 4.77 MB       | CPU_and_Data_Intensive  | 59.34             | 60.27           | 0.93          | 1   |
 102    | 0.09 MB       | Generic_Service         | 60.18             | 60.37           | 0.19          | 2   |
 103    | 0.08 MB       | Generic_Service         | 60.67             | 60.77           | 0.1           | 1   |
 105    | 0.07 MB       | Generic_Service         | 60.94             | 61.17           | 0.23          | 2   |
 106    | 0.05 MB       | CPU_Intensive           | 61.39             | 61.57           | 0.19          | 2   |
 104    | 22.93 MB      | CPU_and_Data_Intensive  | 60.75             | 61.77           | 1.02          | 1   |
 107    | 0.07 MB       | Generic_Service         | 62.21             | 62.27           | 0.06          | 1   |
 109    | 0.06 MB       | Generic_Service         | 62.55             | 62.58           | 0.02          | 2   |
 108    | 0.01 MB       | CPU_Intensive           | 62.47             | 62.88           | 0.41          | 1   |
 110    | 0.06 MB       | Generic_Service         | 63.41             | 63.48           | 0.07          | 1   |
 111    | 0.05 MB       | Generic_Service         | 63.48             | 63.58           | 0.1           | 1   |
 112    | 0.02 MB       | CPU_Intensive           | 63.59             | 63.68           | 0.08          | 1   |
 113    | 0.09 MB       | Generic_Service         | 64.16             | 64.18           | 0.01          | 1   |
 114    | 0.08 MB       | CPU_Intensive           | 64.5              | 64.98           | 0.48          | 1   |
 115    | 0.05 MB       | Generic_Service         | 64.96             | 65.08           | 0.11          | 1   |
 116    | 0.02 MB       | CPU_Intensive           | 69.38             | 69.58           | 0.19          | 1   |
 117    | 0.08 MB       | CPU_Intensive           | 70.0              | 70.18           | 0.18          | 1   |
 118    | 0.04 MB       | Generic_Service         | 70.47             | 70.58           | 0.11          | 1   |
 120    | 0.07 MB       | CPU_Intensive           | 70.75             | 70.78           | 0.02          | 2   |
 119    | 0.79 MB       | CPU_and_Data_Intensive  | 70.71             | 70.88           | 0.16          | 1   |
 121    | 0.02 MB       | Generic_Service         | 71.17             | 71.28           | 0.11          | 1   |
 122    | 0.03 MB       | Generic_Service         | 71.54             | 71.68           | 0.13          | 1   |
 123    | 0.07 MB       | CPU_Intensive           | 74.25             | 74.48           | 0.23          | 2   |
 124    | 7.22 MB       | CPU_and_Data_Intensive  | 74.38             | 74.58           | 0.21          | 2   |
 125    | 0.02 MB       | Generic_Service         | 74.49             | 74.68           | 0.2           | 2   |
 126    | 0.05 MB       | Generic_Service         | 76.59             | 76.79           | 0.19          | 2   |
 127    | 0.01 MB       | Generic_Service         | 77.28             | 77.49           | 0.21          | 2   |
 129    | 2.17 MB       | CPU_and_Data_Intensive  | 77.32             | 77.49           | 0.17          | 2   |
 128    | 0.03 MB       | CPU_Intensive           | 77.31             | 77.59           | 0.29          | 2   |
 130    | 0.09 MB       | Generic_Service         | 77.32             | 77.59           | 0.27          | 2   |
 132    | 0.02 MB       | Generic_Service         | 78.65             | 78.9            | 0.24          | 2   |
 131    | 0.03 MB       | CPU_Intensive           | 78.16             | 78.9            | 0.73          | 2   |
 134    | 2.21 MB       | CPU_and_Data_Intensive  | 79.55             | 79.7            | 0.15          | 2   |
 135    | 0.03 MB       | CPU_Intensive           | 79.84             | 80.3            | 0.46          | 2   |
 137    | 1.47 MB       | CPU_and_Data_Intensive  | 80.03             | 80.6            | 0.58          | 2   |
 138    | 0.03 MB       | Generic_Service         | 80.5              | 80.7            | 0.21          | 2   |
 136    | 0.01 MB       | CPU_Intensive           | 79.95             | 80.81           | 0.85          | 2   |
 133    | 21.43 MB      | CPU_and_Data_Intensive  | 79.17             | 80.91           | 1.74          | 2   |
 139    | 12.65 MB      | CPU_and_Data_Intensive  | 80.64             | 81.91           | 1.27          | 2   |
 140    | 11.44 MB      | CPU_and_Data_Intensive  | 83.11             | 83.51           | 0.4           | 2   |
 141    | 0.05 MB       | Generic_Service         | 83.35             | 83.51           | 0.17          | 2   |
 142    | 0.03 MB       | Generic_Service         | 83.41             | 83.61           | 0.21          | 2   |
 143    | 0.05 MB       | Generic_Service         | 83.65             | 83.82           | 0.17          | 2   |
 144    | 0.06 MB       | Generic_Service         | 84.67             | 84.72           | 0.05          | 2   |
 145    | 0.25 MB       | CPU_and_Data_Intensive  | 84.87             | 85.32           | 0.45          | 2   |
 146    | 0.06 MB       | CPU_Intensive           | 85.16             | 86.32           | 1.16          | 1   |
 147    | 0.39 MB       | CPU_and_Data_Intensive  | 86.43             | 86.62           | 0.2           | 2   |
 150    | 0.02 MB       | CPU_Intensive           | 87.73             | 87.82           | 0.09          | 2   |
 148    | 8.20 MB       | CPU_and_Data_Intensive  | 86.52             | 87.92           | 1.4           | 1   |
 149    | 1.33 MB       | CPU_and_Data_Intensive  | 87.72             | 88.03           | 0.31          | 2   |
 151    | 5.62 MB       | CPU_and_Data_Intensive  | 88.1              | 88.43           | 0.32          | 2   |
 152    | 10.67 MB      | CPU_and_Data_Intensive  | 88.55             | 89.43           | 0.88          | 2   |
 153    | 15.51 MB      | CPU_and_Data_Intensive  | 89.57             | 89.73           | 0.15          | 2   |
 155    | 0.05 MB       | Generic_Service         | 90.91             | 91.13           | 0.22          | 2   |
 156    | 0.05 MB       | Generic_Service         | 91.01             | 91.33           | 0.33          | 2   |
 154    | 449.32 MB     | CPU_and_Data_Intensive  | 90.38             | 91.33           | 0.95          | 2   |
 158    | 0.02 MB       | Generic_Service         | 91.5              | 91.64           | 0.14          | 2   |
 160    | 0.01 MB       | Generic_Service         | 91.67             | 91.74           | 0.07          | 2   |
 159    | 0.05 MB       | Generic_Service         | 91.57             | 91.84           | 0.28          | 2   |
 157    | 0.08 MB       | CPU_Intensive           | 91.26             | 92.64           | 1.38          | 2   |
 162    | 0.07 MB       | CPU_Intensive           | 92.5              | 93.54           | 1.05          | 2   |
 163    | 0.08 MB       | CPU_Intensive           | 93.12             | 93.65           | 0.53          | 2   |
 165    | 0.05 MB       | Generic_Service         | 93.36             | 93.65           | 0.28          | 2   |
 161    | 20.54 MB      | CPU_and_Data_Intensive  | 92.11             | 93.85           | 1.74          | 2   |
 164    | 0.06 MB       | CPU_Intensive           | 93.25             | 94.25           | 1.0           | 2   |
 166    | 287.77 MB     | CPU_and_Data_Intensive  | 93.47             | 94.25           | 0.78          | 2   |
 168    | 0.01 MB       | Generic_Service         | 94.26             | 94.46           | 0.2           | 2   |
 167    | 0.08 MB       | CPU_Intensive           | 94.15             | 94.56           | 0.41          | 2   |
 170    | 0.05 MB       | Generic_Service         | 94.46             | 94.66           | 0.2           | 2   |
 172    | 0.02 MB       | Generic_Service         | 94.57             | 94.76           | 0.19          | 2   |
 173    | 0.06 MB       | Generic_Service         | 94.88             | 95.06           | 0.19          | 2   |
 171    | 0.02 MB       | CPU_Intensive           | 94.49             | 95.16           | 0.67          | 2   |
 174    | 9.77 MB       | CPU_and_Data_Intensive  | 94.95             | 95.26           | 0.31          | 2   |
 169    | 0.02 MB       | CPU_Intensive           | 94.44             | 95.47           | 1.03          | 2   |
 176    | 8.92 MB       | CPU_and_Data_Intensive  | 96.85             | 96.97           | 0.12          | 2   |
 177    | 0.01 MB       | Generic_Service         | 97.08             | 97.17           | 0.09          | 2   |
 179    | 0.07 MB       | CPU_Intensive           | 97.88             | 98.07           | 0.19          | 2   |
 178    | 0.02 MB       | CPU_Intensive           | 97.79             | 98.17           | 0.38          | 2   |
 180    | 0.06 MB       | Generic_Service         | 97.96             | 98.27           | 0.31          | 2   |
 184    | 0.04 MB       | CPU_Intensive           | 99.21             | 99.37           | 0.16          | 2   |
 182    | 0.02 MB       | CPU_Intensive           | 99.11             | 99.47           | 0.36          | 2   |
 181    | 0.04 MB       | CPU_Intensive           | 98.86             | 99.57           | 0.71          | 2   |
 186    | 0.03 MB       | Generic_Service         | 99.46             | 99.68           | 0.22          | 2   |
 185    | 0.07 MB       | CPU_Intensive           | 99.43             | 99.78           | 0.34          | 2   |
 183    | 0.03 MB       | CPU_Intensive           | 99.21             | 99.88           | 0.67          | 2   |
 187    | 0.09 MB       | CPU_Intensive           | 99.7              | 100.38          | 0.68          | 2   |
 188    | 0.03 MB       | Generic_Service         | 100.41            | 100.58          | 0.17          | 2   |
 190    | 0.02 MB       | CPU_Intensive           | 100.91            | 100.98          | 0.07          | 1   |
 189    | 0.08 MB       | Generic_Service         | 100.85            | 101.18          | 0.34          | 2   |
 191    | 0.05 MB       | Generic_Service         | 101.84            | 101.98          | 0.15          | 2   |
 192    | 0.01 MB       | Generic_Service         | 101.96            | 102.19          | 0.22          | 2   |
 193    | 0.02 MB       | Generic_Service         | 102.09            | 102.39          | 0.3           | 2   |
 194    | 20.79 MB      | CPU_and_Data_Intensive  | 103.35            | 103.49          | 0.14          | 2   |
 195    | 1.85 MB       | CPU_and_Data_Intensive  | 103.57            | 103.89          | 0.32          | 2   |
 196    | 0.08 MB       | Generic_Service         | 104.26            | 104.39          | 0.14          | 2   |
 198    | 0.07 MB       | CPU_Intensive           | 104.48            | 104.7           | 0.22          | 2   |
 197    | 0.03 MB       | CPU_Intensive           | 104.45            | 104.8           | 0.35          | 2   |
 199    | 0.01 MB       | CPU_Intensive           | 104.97            | 105.1           | 0.13          | 2   |
 202    | 0.01 MB       | CPU_Intensive           | 105.65            | 105.9           | 0.25          | 2   |
 201    | 0.03 MB       | Generic_Service         | 105.65            | 106.0           | 0.35          | 2   |
 203    | 0.06 MB       | Generic_Service         | 106.28            | 106.5           | 0.22          | 2   |
 200    | 0.01 MB       | CPU_Intensive           | 105.39            | 106.81          | 1.41          | 2   |
 204    | 0.07 MB       | CPU_Intensive           | 107.15            | 107.51          | 0.35          | 2   |
 205    | 0.05 MB       | Generic_Service         | 107.62            | 107.71          | 0.09          | 2   |
 207    | 0.03 MB       | Generic_Service         | 107.9             | 108.11          | 0.21          | 2   |
 208    | 0.04 MB       | CPU_Intensive           | 107.93            | 108.21          | 0.28          | 2   |
 209    | 0.07 MB       | Generic_Service         | 108.25            | 108.41          | 0.17          | 2   |
 206    | 0.02 MB       | CPU_Intensive           | 107.87            | 108.71          | 0.85          | 2   |
 210    | 0.04 MB       | Generic_Service         | 109.26            | 109.42          | 0.16          | 2   |
 211    | 1.50 MB       | CPU_and_Data_Intensive  | 109.34            | 109.72          | 0.38          | 2   |
 212    | 7.69 MB       | CPU_and_Data_Intensive  | 109.68            | 110.62          | 0.94          | 2   |
 213    | 0.08 MB       | CPU_Intensive           | 110.25            | 111.42          | 1.17          | 2   |
 214    | 0.07 MB       | CPU_Intensive           | 111.43            | 112.12          | 0.69          | 2   |
 216    | 0.03 MB       | Generic_Service         | 114.23            | 114.42          | 0.2           | 2   |
 215    | 0.02 MB       | CPU_Intensive           | 114.06            | 114.73          | 0.66          | 2   |
 217    | 0.01 MB       | CPU_Intensive           | 114.56            | 115.33          | 0.77          | 2   |
 218    | 0.02 MB       | Generic_Service         | 115.07            | 115.43          | 0.36          | 2   |
 219    | 16.24 MB      | CPU_and_Data_Intensive  | 116.16            | 117.13          | 0.97          | 2   |
 220    | 0.03 MB       | CPU_Intensive           | 117.07            | 117.53          | 0.47          | 2   |
 221    | 0.07 MB       | CPU_Intensive           | 117.38            | 117.63          | 0.25          | 2   |
 222    | 0.09 MB       | Generic_Service         | 118.07            | 118.24          | 0.17          | 2   |
 224    | 10.95 MB      | CPU_and_Data_Intensive  | 119.24            | 119.54          | 0.3           | 2   |
 225    | 0.08 MB       | Generic_Service         | 119.32            | 119.74          | 0.42          | 2   |
 223    | 0.08 MB       | CPU_Intensive           | 118.77            | 119.84          | 1.07          | 2   |
 226    | 0.05 MB       | CPU_Intensive           | 119.9             | 120.94          | 1.04          | 2   |
 227    | 0.04 MB       | CPU_Intensive           | 120.86            | 121.14          | 0.28          | 2   |
 228    | 0.08 MB       | Generic_Service         | 121.47            | 121.65          | 0.18          | 2   |
 232    | 14.66 MB      | CPU_and_Data_Intensive  | 122.57            | 122.65          | 0.08          | 2   |
 230    | 1.50 MB       | CPU_and_Data_Intensive  | 122.37            | 122.85          | 0.48          | 2   |
 234    | 0.08 MB       | Generic_Service         | 122.9             | 122.95          | 0.05          | 2   |
 233    | 0.02 MB       | CPU_Intensive           | 122.87            | 123.15          | 0.28          | 2   |
 235    | 0.08 MB       | CPU_Intensive           | 123.78            | 124.15          | 0.37          | 2   |
 236    | 0.04 MB       | Generic_Service         | 124.52            | 124.75          | 0.24          | 2   |
 231    | 18.74 MB      | CPU_and_Data_Intensive  | 122.53            | 126.26          | 3.73          | 2   |
 237    | 276.98 MB     | CPU_and_Data_Intensive  | 126.05            | 126.56          | 0.51          | 2   |
 238    | 0.04 MB       | CPU_Intensive           | 126.47            | 127.36          | 0.89          | 2   |
 239    | 0.01 MB       | CPU_Intensive           | 127.63            | 127.86          | 0.23          | 2   |
 241    | 1.29 MB       | CPU_and_Data_Intensive  | 128.21            | 128.26          | 0.06          | 2   |
 240    | 0.01 MB       | CPU_Intensive           | 128.19            | 128.46          | 0.28          | 2   |
 242    | 0.04 MB       | Generic_Service         | 129.3             | 129.36          | 0.06          | 2   |
 244    | 0.02 MB       | Generic_Service         | 130.29            | 130.37          | 0.08          | 2   |
 245    | 0.06 MB       | Generic_Service         | 130.31            | 130.47          | 0.15          | 2   |
 243    | 0.04 MB       | CPU_Intensive           | 130.18            | 130.77          | 0.59          | 2   |
 246    | 332.47 MB     | CPU_and_Data_Intensive  | 130.44            | 130.87          | 0.43          | 2   |
 248    | 0.04 MB       | Generic_Service         | 130.86            | 130.97          | 0.11          | 2   |
 249    | 0.06 MB       | CPU_Intensive           | 130.87            | 131.07          | 0.2           | 2   |
 247    | 7.91 MB       | CPU_and_Data_Intensive  | 130.71            | 131.17          | 0.46          | 2   |
 250    | 1.65 MB       | CPU_and_Data_Intensive  | 130.88            | 131.57          | 0.69          | 1   |
 251    | 0.03 MB       | CPU_Intensive           | 131.84            | 132.27          | 0.43          | 2   |
 252    | 0.02 MB       | CPU_Intensive           | 132.99            | 133.17          | 0.19          | 2   |
 253    | 0.09 MB       | CPU_Intensive           | 133.31            | 133.38          | 0.07          | 2   |
 256    | 0.07 MB       | Generic_Service         | 134.7             | 134.78          | 0.08          | 2   |
 255    | 292.14 MB     | CPU_and_Data_Intensive  | 134.37            | 134.78          | 0.41          | 2   |
 254    | 0.05 MB       | CPU_Intensive           | 134.31            | 134.98          | 0.67          | 2   |
 257    | 0.06 MB       | Generic_Service         | 135.89            | 135.98          | 0.09          | 2   |
 258    | 0.01 MB       | Generic_Service         | 136.1             | 136.18          | 0.08          | 2   |
 260    | 0.06 MB       | Generic_Service         | 136.51            | 136.58          | 0.07          | 2   |
 259    | 0.04 MB       | Generic_Service         | 136.42            | 136.68          | 0.26          | 2   |
 262    | 0.02 MB       | CPU_Intensive           | 137.52            | 137.58          | 0.06          | 2   |
 261    | 19.19 MB      | CPU_and_Data_Intensive  | 137.09            | 138.09          | 1.0           | 2   |
 264    | 0.05 MB       | Generic_Service         | 137.98            | 138.19          | 0.2           | 3   |
 265    | 0.01 MB       | CPU_Intensive           | 139.02            | 139.19          | 0.17          | 2   |
 266    | 0.01 MB       | Generic_Service         | 139.14            | 139.29          | 0.16          | 2   |
 269    | 0.05 MB       | Generic_Service         | 139.38            | 139.39          | 0.02          | 1   |
 268    | 0.06 MB       | Generic_Service         | 139.36            | 139.49          | 0.14          | 2   |
 263    | 0.02 MB       | CPU_Intensive           | 137.95            | 139.59          | 1.65          | 2   |
 270    | 0.08 MB       | CPU_Intensive           | 139.62            | 139.69          | 0.07          | 2   |
 267    | 0.07 MB       | CPU_Intensive           | 139.24            | 140.1           | 0.85          | 2   |
 271    | 0.09 MB       | Generic_Service         | 139.94            | 140.2           | 0.25          | 2   |
 273    | 0.05 MB       | Generic_Service         | 140.23            | 140.4           | 0.17          | 2   |
 272    | 8.49 MB       | CPU_and_Data_Intensive  | 140.13            | 140.6           | 0.47          | 2   |
 274    | 14.09 MB      | CPU_and_Data_Intensive  | 141.35            | 141.6           | 0.26          | 2   |
 275    | 0.08 MB       | CPU_Intensive           | 142.69            | 142.8           | 0.11          | 2   |
 276    | 0.08 MB       | CPU_Intensive           | 143.39            | 144.41          | 1.02          | 2   |
 277    | 0.08 MB       | Generic_Service         | 144.24            | 144.51          | 0.27          | 2   |
 279    | 0.05 MB       | Generic_Service         | 144.46            | 144.71          | 0.25          | 2   |
 281    | 0.06 MB       | Generic_Service         | 145.01            | 145.21          | 0.2           | 2   |
 280    | 0.26 MB       | CPU_and_Data_Intensive  | 144.83            | 145.41          | 0.58          | 2   |
 278    | 0.06 MB       | CPU_Intensive           | 144.42            | 145.51          | 1.1           | 2   |
 282    | 0.05 MB       | Generic_Service         | 145.44            | 145.71          | 0.27          | 2   |
 285    | 0.06 MB       | CPU_Intensive           | 146.48            | 146.52          | 0.03          | 2   |
 283    | 1.18 MB       | CPU_and_Data_Intensive  | 145.8             | 146.72          | 0.91          | 2   |
 284    | 398.78 MB     | CPU_and_Data_Intensive  | 146.1             | 147.42          | 1.32          | 2   |
 286    | 0.07 MB       | Generic_Service         | 148.46            | 148.72          | 0.25          | 2   |
 287    | 0.05 MB       | Generic_Service         | 151.44            | 151.62          | 0.19          | 2   |
 288    | 0.05 MB       | Generic_Service         | 152.53            | 152.72          | 0.19          | 2   |
 289    | 0.03 MB       | Generic_Service         | 153.16            | 153.32          | 0.16          | 2   |
 290    | 14.89 MB      | CPU_and_Data_Intensive  | 153.29            | 153.73          | 0.44          | 2   |
 291    | 0.72 MB       | CPU_and_Data_Intensive  | 154.18            | 155.23          | 1.05          | 2   |
 293    | 14.53 MB      | CPU_and_Data_Intensive  | 156.03            | 156.13          | 0.09          | 2   |
 292    | 0.02 MB       | CPU_Intensive           | 155.92            | 156.33          | 0.41          | 2   |
 294    | 309.53 MB     | CPU_and_Data_Intensive  | 156.51            | 157.13          | 0.62          | 2   |
 295    | 0.08 MB       | Generic_Service         | 158.13            | 158.23          | 0.11          | 2   |
 296    | 0.09 MB       | Generic_Service         | 158.29            | 158.33          | 0.04          | 2   |
 298    | 0.09 MB       | Generic_Service         | 159.04            | 159.13          | 0.09          | 1   |
 297    | 0.07 MB       | Generic_Service         | 159.01            | 159.23          | 0.22          | 2   |
 300    | 0.03 MB       | Generic_Service         | 159.89            | 160.03          | 0.15          | 1   |
 299    | 0.06 MB       | Generic_Service         | 159.82            | 160.04          | 0.22          | 2   |
 301    | 0.05 MB       | CPU_Intensive           | 160.86            | 161.54          | 0.68          | 2   |
 302    | 0.07 MB       | Generic_Service         | 161.46            | 161.64          | 0.18          | 2   |
 303    | 0.04 MB       | Generic_Service         | 161.76            | 161.84          | 0.08          | 2   |
 304    | 0.03 MB       | Generic_Service         | 161.83            | 161.94          | 0.11          | 2   |
 306    | 0.02 MB       | CPU_Intensive           | 162.86            | 163.14          | 0.28          | 2   |
 305    | 373.15 MB     | CPU_and_Data_Intensive  | 162.86            | 163.24          | 0.39          | 2   |
 307    | 0.04 MB       | CPU_Intensive           | 163.87            | 164.34          | 0.48          | 2   |
 308    | 0.04 MB       | Generic_Service         | 164.61            | 164.85          | 0.23          | 2   |
 309    | 0.07 MB       | Generic_Service         | 165.83            | 166.05          | 0.22          | 2   |
 311    | 23.24 MB      | CPU_and_Data_Intensive  | 166.1             | 166.45          | 0.35          | 2   |
 310    | 0.08 MB       | CPU_Intensive           | 166.03            | 166.55          | 0.52          | 2   |
 312    | 8.93 MB       | CPU_and_Data_Intensive  | 166.72            | 166.85          | 0.13          | 2   |
 314    | 0.91 MB       | CPU_and_Data_Intensive  | 167.16            | 167.35          | 0.2           | 2   |
 313    | 23.47 MB      | CPU_and_Data_Intensive  | 166.76            | 167.86          | 1.09          | 2   |
 316    | 0.07 MB       | CPU_Intensive           | 168.25            | 168.46          | 0.21          | 2   |
 315    | 0.08 MB       | CPU_Intensive           | 168.14            | 168.96          | 0.82          | 2   |
 318    | 0.01 MB       | Generic_Service         | 169.0             | 169.16          | 0.16          | 2   |
 319    | 0.03 MB       | CPU_Intensive           | 169.26            | 169.46          | 0.2           | 2   |
 317    | 0.02 MB       | CPU_Intensive           | 168.59            | 169.56          | 0.97          | 2   |
 320    | 0.06 MB       | CPU_Intensive           | 170.52            | 170.86          | 0.34          | 2   |
 322    | 0.06 MB       | Generic_Service         | 171.91            | 172.06          | 0.15          | 1   |
 323    | 0.04 MB       | Generic_Service         | 172.48            | 172.66          | 0.18          | 2   |
 324    | 0.04 MB       | Generic_Service         | 172.58            | 172.77          | 0.18          | 2   |
 321    | 22.10 MB      | CPU_and_Data_Intensive  | 171.68            | 173.97          | 2.29          | 2   |
 325    | 0.05 MB       | CPU_Intensive           | 173.7             | 174.77          | 1.07          | 2   |
 326    | 0.05 MB       | Generic_Service         | 175.35            | 175.57          | 0.22          | 2   |
 327    | 0.06 MB       | Generic_Service         | 175.51            | 175.67          | 0.16          | 2   |
 328    | 0.06 MB       | Generic_Service         | 175.75            | 175.97          | 0.23          | 2   |
 330    | 0.05 MB       | CPU_Intensive           | 176.9             | 176.97          | 0.07          | 1   |
 329    | 0.05 MB       | CPU_Intensive           | 176.65            | 177.58          | 0.93          | 2   |
 331    | 0.07 MB       | CPU_Intensive           | 177.44            | 177.68          | 0.23          | 1   |
 332    | 0.08 MB       | CPU_Intensive           | 177.63            | 178.08          | 0.45          | 2   |
 333    | 0.07 MB       | Generic_Service         | 177.93            | 178.18          | 0.25          | 1   |
 334    | 9.03 MB       | CPU_and_Data_Intensive  | 178.15            | 178.48          | 0.33          | 2   |
 335    | 0.03 MB       | Generic_Service         | 178.48            | 178.68          | 0.2           | 2   |
 336    | 0.03 MB       | Generic_Service         | 178.96            | 179.08          | 0.13          | 2   |
 338    | 5.80 MB       | CPU_and_Data_Intensive  | 180.2             | 180.48          | 0.28          | 2   |
 339    | 0.02 MB       | CPU_Intensive           | 180.71            | 181.19          | 0.47          | 2   |
 341    | 0.07 MB       | Generic_Service         | 181.37            | 181.49          | 0.11          | 1   |
 340    | 0.07 MB       | Generic_Service         | 181.32            | 181.49          | 0.17          | 2   |
 337    | 7.28 MB       | CPU_and_Data_Intensive  | 179.64            | 181.59          | 1.95          | 2   |
 343    | 0.08 MB       | Generic_Service         | 181.52            | 181.69          | 0.18          | 2   |
 342    | 0.07 MB       | CPU_Intensive           | 181.43            | 181.69          | 0.26          | 2   |
 344    | 0.01 MB       | Generic_Service         | 182.34            | 182.5           | 0.16          | 2   |
 345    | 21.00 MB      | CPU_and_Data_Intensive  | 182.5             | 183.0           | 0.49          | 2   |
 346    | 0.07 MB       | Generic_Service         | 184.26            | 184.6           | 0.34          | 2   |
 347    | 0.01 MB       | Generic_Service         | 184.67            | 184.8           | 0.13          | 2   |
 348    | 1.34 MB       | CPU_and_Data_Intensive  | 185.49            | 185.9           | 0.42          | 2   |
 349    | 0.06 MB       | Generic_Service         | 185.89            | 186.11          | 0.21          | 2   |
 351    | 0.02 MB       | Generic_Service         | 186.5             | 186.61          | 0.1           | 1   |
 350    | 0.06 MB       | CPU_Intensive           | 186.36            | 187.01          | 0.65          | 2   |
 352    | 0.03 MB       | CPU_Intensive           | 187.85            | 188.01          | 0.16          | 2   |
 353    | 12.66 MB      | CPU_and_Data_Intensive  | 187.95            | 188.11          | 0.16          | 2   |
 355    | 0.07 MB       | Generic_Service         | 188.92            | 189.01          | 0.09          | 1   |
 356    | 0.04 MB       | CPU_Intensive           | 189.35            | 189.61          | 0.26          | 1   |
 357    | 0.03 MB       | CPU_Intensive           | 189.46            | 189.61          | 0.16          | 2   |
 354    | 0.04 MB       | CPU_Intensive           | 188.73            | 189.71          | 0.98          | 2   |
 358    | 210.78 MB     | CPU_and_Data_Intensive  | 190.72            | 192.02          | 1.29          | 2   |
 359    | 0.05 MB       | Generic_Service         | 191.93            | 192.12          | 0.19          | 2   |
 360    | 0.09 MB       | Generic_Service         | 192.58            | 192.72          | 0.14          | 2   |
 361    | 0.01 MB       | Generic_Service         | 193.42            | 193.72          | 0.3           | 2   |
 362    | 0.01 MB       | CPU_Intensive           | 193.63            | 193.82          | 0.19          | 2   |
 363    | 0.02 MB       | Generic_Service         | 194.15            | 194.22          | 0.07          | 2   |
 364    | 0.06 MB       | Generic_Service         | 195.23            | 195.42          | 0.19          | 2   |
 365    | 176.07 MB     | CPU_and_Data_Intensive  | 195.36            | 195.92          | 0.56          | 1   |
 367    | 0.12 MB       | CPU_and_Data_Intensive  | 196.01            | 196.13          | 0.12          | 2   |
 368    | 0.06 MB       | Generic_Service         | 196.2             | 196.23          | 0.03          | 2   |
 366    | 0.07 MB       | CPU_Intensive           | 195.88            | 197.03          | 1.15          | 2   |
 369    | 2.69 MB       | CPU_and_Data_Intensive  | 197.44            | 197.63          | 0.19          | 2   |
 370    | 229.17 MB     | CPU_and_Data_Intensive  | 198.98            | 199.43          | 0.45          | 2   |
 373    | 0.02 MB       | Generic_Service         | 199.83            | 199.93          | 0.1           | 2   |
 371    | 1.05 MB       | CPU_and_Data_Intensive  | 199.57            | 200.13          | 0.57          | 2   |
 372    | 8.42 MB       | CPU_and_Data_Intensive  | 199.8             | 200.13          | 0.33          | 2   |
 374    | 0.06 MB       | CPU_Intensive           | 200.12            | 200.23          | 0.12          | 2   |
 376    | 0.05 MB       | Generic_Service         | 200.46            | 200.73          | 0.27          | 1   |
 377    | 0.05 MB       | Generic_Service         | 201.06            | 201.34          | 0.28          | 2   |
 378    | 0.08 MB       | CPU_Intensive           | 201.38            | 201.64          | 0.25          | 2   |
 375    | 0.05 MB       | CPU_Intensive           | 200.24            | 202.14          | 1.9           | 2   |
 379    | 0.06 MB       | Generic_Service         | 202.15            | 202.34          | 0.19          | 2   |
 380    | 0.03 MB       | Generic_Service         | 202.36            | 202.54          | 0.18          | 2   |
 381    | 3.48 MB       | CPU_and_Data_Intensive  | 202.5             | 202.74          | 0.25          | 2   |
 382    | 0.07 MB       | Generic_Service         | 203.23            | 203.44          | 0.22          | 2   |
 383    | 0.04 MB       | CPU_Intensive           | 203.62            | 203.75          | 0.13          | 2   |
 384    | 0.04 MB       | CPU_Intensive           | 203.96            | 204.15          | 0.19          | 2   |
 386    | 0.04 MB       | CPU_Intensive           | 204.36            | 204.65          | 0.29          | 2   |
 385    | 7.12 MB       | CPU_and_Data_Intensive  | 204.35            | 204.85          | 0.5           | 2   |
 388    | 0.02 MB       | CPU_Intensive           | 204.72            | 204.95          | 0.24          | 2   |
 389    | 0.01 MB       | Generic_Service         | 204.83            | 205.05          | 0.23          | 2   |
 387    | 22.77 MB      | CPU_and_Data_Intensive  | 204.51            | 205.35          | 0.84          | 2   |
 390    | 0.07 MB       | CPU_Intensive           | 205.11            | 205.46          | 0.34          | 2   |
 391    | 0.07 MB       | CPU_Intensive           | 205.59            | 205.86          | 0.26          | 2   |
 392    | 0.08 MB       | Generic_Service         | 206.49            | 206.56          | 0.06          | 2   |
 394    | 0.04 MB       | CPU_Intensive           | 206.94            | 207.06          | 0.12          | 2   |
 396    | 0.07 MB       | Generic_Service         | 207.54            | 207.66          | 0.12          | 2   |
 393    | 163.75 MB     | CPU_and_Data_Intensive  | 206.81            | 207.76          | 0.95          | 2   |
 397    | 0.03 MB       | Generic_Service         | 207.61            | 207.76          | 0.15          | 2   |
 395    | 0.07 MB       | CPU_Intensive           | 207.07            | 207.86          | 0.8           | 2   |
 398    | 0.04 MB       | Generic_Service         | 208.01            | 208.06          | 0.06          | 2   |
 399    | 0.08 MB       | Generic_Service         | 208.36            | 208.47          | 0.1           | 2   |
 400    | 0.05 MB       | Generic_Service         | 208.44            | 208.57          | 0.12          | 2   |
 402    | 0.05 MB       | CPU_Intensive           | 212.09            | 212.67          | 0.58          | 1   |
 403    | 0.07 MB       | Generic_Service         | 212.55            | 212.77          | 0.22          | 2   |
 401    | 0.04 MB       | CPU_Intensive           | 210.74            | 213.17          | 2.43          | 2   |
 404    | 0.03 MB       | Generic_Service         | 212.99            | 213.17          | 0.18          | 1   |
 406    | 0.04 MB       | Generic_Service         | 214.05            | 214.27          | 0.22          | 2   |
 405    | 23.79 MB      | CPU_and_Data_Intensive  | 213.63            | 214.47          | 0.84          | 2   |
 407    | 1.49 MB       | CPU_and_Data_Intensive  | 214.66            | 215.07          | 0.41          | 2   |
 408    | 0.08 MB       | Generic_Service         | 215.11            | 215.17          | 0.06          | 2   |
 409    | 0.01 MB       | Generic_Service         | 215.16            | 215.27          | 0.11          | 2   |
 410    | 0.06 MB       | Generic_Service         | 215.33            | 215.48          | 0.15          | 2   |
 412    | 0.04 MB       | Generic_Service         | 216.31            | 216.38          | 0.06          | 1   |
 415    | 0.04 MB       | Generic_Service         | 216.43            | 216.58          | 0.15          | 2   |
 414    | 0.09 MB       | Generic_Service         | 216.37            | 216.58          | 0.21          | 1   |
 411    | 22.79 MB      | CPU_and_Data_Intensive  | 216.14            | 216.68          | 0.53          | 2   |
 413    | 0.08 MB       | CPU_Intensive           | 216.33            | 217.18          | 0.85          | 2   |
 416    | 0.01 MB       | Generic_Service         | 217.25            | 217.38          | 0.13          | 2   |
 417    | 22.04 MB      | CPU_and_Data_Intensive  | 217.79            | 218.18          | 0.39          | 2   |
 418    | 0.01 MB       | CPU_Intensive           | 217.95            | 218.38          | 0.43          | 1   |
 419    | 15.91 MB      | CPU_and_Data_Intensive  | 218.72            | 218.88          | 0.17          | 1   |
 420    | 0.01 MB       | Generic_Service         | 219.89            | 219.98          | 0.09          | 1   |
 422    | 23.29 MB      | CPU_and_Data_Intensive  | 220.04            | 220.28          | 0.24          | 2   |
 421    | 15.65 MB      | CPU_and_Data_Intensive  | 220.02            | 220.48          | 0.47          | 1   |
 425    | 2.57 MB       | CPU_and_Data_Intensive  | 222.45            | 222.89          | 0.44          | 2   |
 424    | 0.43 MB       | CPU_and_Data_Intensive  | 222.32            | 223.09          | 0.77          | 2   |
 423    | 0.89 MB       | CPU_and_Data_Intensive  | 221.32            | 223.19          | 1.87          | 1   |
 426    | 0.08 MB       | CPU_Intensive           | 222.93            | 223.79          | 0.86          | 2   |
 427    | 6.84 MB       | CPU_and_Data_Intensive  | 224.33            | 224.49          | 0.16          | 2   |
 429    | 0.06 MB       | Generic_Service         | 225.47            | 225.59          | 0.12          | 1   |
 428    | 10.78 MB      | CPU_and_Data_Intensive  | 225.09            | 226.29          | 1.2           | 2   |
 431    | 0.02 MB       | CPU_Intensive           | 226.44            | 226.49          | 0.05          | 2   |
 433    | 0.04 MB       | Generic_Service         | 226.89            | 227.0           | 0.11          | 2   |
 432    | 0.09 MB       | Generic_Service         | 226.77            | 227.0           | 0.22          | 2   |
 430    | 19.42 MB      | CPU_and_Data_Intensive  | 226.27            | 227.4           | 1.13          | 1   |
 434    | 0.06 MB       | Generic_Service         | 227.13            | 227.4           | 0.27          | 2   |
 435    | 0.02 MB       | Generic_Service         | 228.34            | 228.4           | 0.06          | 2   |
 436    | 21.14 MB      | CPU_and_Data_Intensive  | 228.36            | 228.6           | 0.24          | 1   |
 437    | 0.07 MB       | Generic_Service         | 229.66            | 229.7           | 0.04          | 2   |
 438    | 0.02 MB       | CPU_Intensive           | 230.22            | 230.7           | 0.49          | 2   |
 439    | 0.02 MB       | Generic_Service         | 230.95            | 231.11          | 0.15          | 2   |
 440    | 0.03 MB       | CPU_Intensive           | 231.41            | 231.61          | 0.2           | 2   |
 443    | 0.05 MB       | Generic_Service         | 232.92            | 233.11          | 0.19          | 2   |
 441    | 0.06 MB       | CPU_Intensive           | 232.9             | 233.21          | 0.31          | 2   |
 442    | 0.02 MB       | CPU_Intensive           | 232.92            | 233.21          | 0.3           | 2   |
 447    | 0.48 MB       | CPU_and_Data_Intensive  | 233.27            | 233.52          | 0.24          | 2   |
 448    | 0.01 MB       | Generic_Service         | 233.29            | 233.52          | 0.23          | 2   |
 444    | 234.53 MB     | CPU_and_Data_Intensive  | 233.06            | 233.62          | 0.55          | 2   |
 450    | 0.08 MB       | Generic_Service         | 233.59            | 233.72          | 0.13          | 2   |
 449    | 0.06 MB       | CPU_Intensive           | 233.52            | 233.72          | 0.2           | 2   |
 446    | 1.21 MB       | CPU_and_Data_Intensive  | 233.22            | 234.62          | 1.4           | 2   |
 453    | 0.07 MB       | CPU_Intensive           | 234.41            | 234.73          | 0.31          | 2   |
 452    | 0.05 MB       | CPU_Intensive           | 233.7             | 234.73          | 1.03          | 2   |
 445    | 470.62 MB     | CPU_and_Data_Intensive  | 233.17            | 234.83          | 1.66          | 2   |
 451    | 0.03 MB       | CPU_Intensive           | 233.69            | 234.93          | 1.24          | 2   |
 455    | 6.43 MB       | CPU_and_Data_Intensive  | 234.89            | 235.23          | 0.34          | 2   |
 454    | 155.60 MB     | CPU_and_Data_Intensive  | 234.77            | 235.33          | 0.56          | 2   |
 456    | 17.35 MB      | CPU_and_Data_Intensive  | 234.91            | 235.63          | 0.72          | 2   |
 457    | 0.04 MB       | Generic_Service         | 235.79            | 235.83          | 0.04          | 2   |
 459    | 0.04 MB       | Generic_Service         | 235.83            | 235.94          | 0.11          | 2   |
 460    | 19.04 MB      | CPU_and_Data_Intensive  | 235.84            | 236.14          | 0.29          | 2   |
 461    | 0.06 MB       | Generic_Service         | 236.35            | 236.44          | 0.09          | 2   |
 458    | 0.02 MB       | CPU_Intensive           | 235.82            | 236.44          | 0.62          | 2   |
 462    | 0.05 MB       | Generic_Service         | 236.59            | 236.74          | 0.15          | 2   |
 464    | 1.49 MB       | CPU_and_Data_Intensive  | 237.41            | 237.54          | 0.14          | 2   |
 463    | 0.05 MB       | CPU_and_Data_Intensive  | 237.05            | 237.65          | 0.6           | 2   |
 465    | 0.09 MB       | Generic_Service         | 237.82            | 237.95          | 0.13          | 2   |
 466    | 9.56 MB       | CPU_and_Data_Intensive  | 238.25            | 238.65          | 0.4           | 2   |
 467    | 0.02 MB       | CPU_Intensive           | 239.79            | 240.05          | 0.26          | 2   |
 468    | 0.01 MB       | Generic_Service         | 240.16            | 240.25          | 0.09          | 2   |
 469    | 0.05 MB       | CPU_Intensive           | 240.22            | 240.55          | 0.33          | 2   |
 471    | 0.02 MB       | CPU_Intensive           | 241.3             | 241.56          | 0.25          | 2   |
 470    | 0.03 MB       | CPU_Intensive           | 241.27            | 241.76          | 0.49          | 2   |
 472    | 0.03 MB       | CPU_Intensive           | 241.76            | 242.06          | 0.3           | 2   |
 474    | 0.05 MB       | Generic_Service         | 244.6             | 244.76          | 0.16          | 2   |
 475    | 0.02 MB       | Generic_Service         | 244.71            | 244.96          | 0.26          | 2   |
 473    | 321.16 MB     | CPU_and_Data_Intensive  | 243.88            | 246.06          | 2.18          | 2   |
 476    | 1.10 MB       | CPU_and_Data_Intensive  | 247.18            | 247.57          | 0.38          | 2   |
 477    | 10.87 MB      | CPU_and_Data_Intensive  | 248.52            | 248.77          | 0.25          | 2   |
 478    | 0.24 MB       | CPU_and_Data_Intensive  | 249.68            | 250.07          | 0.39          | 2   |
 479    | 0.06 MB       | CPU_Intensive           | 250.68            | 250.97          | 0.29          | 2   |
 481    | 0.06 MB       | Generic_Service         | 251.88            | 251.97          | 0.09          | 1   |
 483    | 1.52 MB       | CPU_and_Data_Intensive  | 252.49            | 252.67          | 0.18          | 1   |
 480    | 1.48 MB       | CPU_and_Data_Intensive  | 251.39            | 252.67          | 1.29          | 2   |
 482    | 6.32 MB       | CPU_and_Data_Intensive  | 252.12            | 252.77          | 0.65          | 1   |
 484    | 0.02 MB       | CPU_Intensive           | 252.68            | 253.17          | 0.49          | 2   |
 486    | 0.01 MB       | CPU_Intensive           | 254.36            | 254.97          | 0.62          | 2   |
 487    | 0.06 MB       | Generic_Service         | 255.31            | 255.48          | 0.17          | 2   |
 489    | 0.09 MB       | Generic_Service         | 256.39            | 256.48          | 0.09          | 1   |
 485    | 0.04 MB       | CPU_Intensive           | 253.06            | 256.48          | 3.42          | 2   |
 488    | 0.03 MB       | CPU_Intensive           | 256.34            | 256.88          | 0.54          | 2   |
 490    | 0.03 MB       | Generic_Service         | 256.99            | 257.18          | 0.19          | 2   |
 492    | 211.33 MB     | CPU_and_Data_Intensive  | 257.49            | 257.78          | 0.29          | 2   |
 494    | 0.08 MB       | Generic_Service         | 258.25            | 258.38          | 0.13          | 2   |
 495    | 0.03 MB       | Generic_Service         | 259.12            | 259.28          | 0.17          | 2   |
 496    | 0.04 MB       | CPU_Intensive           | 259.3             | 259.59          | 0.28          | 2   |
 497    | 12.83 MB      | CPU_and_Data_Intensive  | 259.5             | 259.69          | 0.18          | 2   |
 501    | 0.04 MB       | Generic_Service         | 260.0             | 260.19          | 0.19          | 2   |
 499    | 0.05 MB       | CPU_Intensive           | 259.79            | 260.29          | 0.5           | 2   |
 503    | 0.02 MB       | Generic_Service         | 260.39            | 260.49          | 0.1           | 1   |
 500    | 11.84 MB      | CPU_and_Data_Intensive  | 259.96            | 260.59          | 0.63          | 2   |
 504    | 0.07 MB       | Generic_Service         | 260.58            | 260.69          | 0.11          | 1   |
 506    | 0.05 MB       | Generic_Service         | 261.4             | 261.49          | 0.09          | 1   |
 502    | 0.06 MB       | CPU_Intensive           | 260.13            | 261.49          | 1.37          | 2   |
 498    | 11.74 MB      | CPU_and_Data_Intensive  | 259.57            | 261.7           | 2.12          | 2   |
 505    | 1.58 MB       | CPU_and_Data_Intensive  | 261.38            | 261.8           | 0.41          | 2   |
 507    | 0.04 MB       | Generic_Service         | 262.28            | 262.5           | 0.22          | 2   |
 508    | 0.02 MB       | Generic_Service         | 262.45            | 262.7           | 0.24          | 2   |
 509    | 0.04 MB       | Generic_Service         | 262.62            | 262.8           | 0.18          | 2   |
 510    | 0.03 MB       | Generic_Service         | 262.69            | 262.9           | 0.21          | 2   |
 511    | 0.04 MB       | Generic_Service         | 262.96            | 263.1           | 0.14          | 2   |
 512    | 0.03 MB       | CPU_Intensive           | 263.06            | 263.3           | 0.25          | 2   |
 513    | 0.04 MB       | Generic_Service         | 263.14            | 263.4           | 0.26          | 2   |
 514    | 0.01 MB       | Generic_Service         | 263.73            | 263.9           | 0.18          | 2   |
 517    | 0.07 MB       | Generic_Service         | 265.36            | 265.61          | 0.24          | 2   |
 516    | 0.07 MB       | CPU_Intensive           | 265.0             | 265.71          | 0.71          | 2   |
 515    | 328.08 MB     | CPU_and_Data_Intensive  | 264.79            | 265.81          | 1.02          | 2   |
 518    | 0.02 MB       | CPU_Intensive           | 265.76            | 266.01          | 0.25          | 2   |
 519    | 0.56 MB       | CPU_and_Data_Intensive  | 266.61            | 267.11          | 0.5           | 2   |
 522    | 0.08 MB       | Generic_Service         | 267.31            | 267.42          | 0.11          | 2   |
 521    | 2.47 MB       | CPU_and_Data_Intensive  | 267.27            | 267.62          | 0.35          | 2   |
 520    | 0.06 MB       | CPU_Intensive           | 266.96            | 267.72          | 0.76          | 2   |
 523    | 428.20 MB     | CPU_and_Data_Intensive  | 267.84            | 268.82          | 0.98          | 2   |
 524    | 0.07 MB       | Generic_Service         | 268.52            | 268.92          | 0.4           | 2   |
 525    | 0.03 MB       | Generic_Service         | 269.08            | 269.22          | 0.15          | 2   |
 527    | 0.03 MB       | Generic_Service         | 269.29            | 269.42          | 0.13          | 1   |
 528    | 0.01 MB       | Generic_Service         | 270.64            | 270.72          | 0.08          | 1   |
 526    | 0.08 MB       | CPU_Intensive           | 269.15            | 270.93          | 1.78          | 2   |
 529    | 0.01 MB       | CPU_Intensive           | 270.86            | 271.33          | 0.47          | 2   |
 532    | 0.02 MB       | CPU_Intensive           | 272.33            | 272.53          | 0.2           | 2   |
 530    | 273.17 MB     | CPU_and_Data_Intensive  | 271.7             | 272.73          | 1.03          | 2   |
 533    | 0.07 MB       | Generic_Service         | 272.81            | 272.93          | 0.13          | 2   |
 531    | 0.05 MB       | CPU_Intensive           | 272.12            | 274.14          | 2.01          | 2   |
 534    | 2.22 MB       | CPU_and_Data_Intensive  | 274.62            | 275.34          | 0.72          | 2   |
 539    | 0.04 MB       | Generic_Service         | 275.58            | 275.64          | 0.05          | 2   |
 535    | 0.06 MB       | CPU_Intensive           | 275.31            | 275.84          | 0.53          | 2   |
 541    | 0.06 MB       | Generic_Service         | 275.66            | 275.94          | 0.28          | 2   |
 540    | 10.07 MB      | CPU_and_Data_Intensive  | 275.6             | 276.14          | 0.54          | 2   |
 536    | 0.21 MB       | CPU_and_Data_Intensive  | 275.33            | 276.34          | 1.02          | 2   |
 537    | 1.20 MB       | CPU_and_Data_Intensive  | 275.34            | 276.44          | 1.11          | 1   |
 538    | 11.14 MB      | CPU_and_Data_Intensive  | 275.42            | 276.74          | 1.33          | 1   |
 543    | 0.02 MB       | Generic_Service         | 276.64            | 276.85          | 0.2           | 2   |
 544    | 0.07 MB       | Generic_Service         | 277.08            | 277.25          | 0.16          | 2   |
 545    | 0.04 MB       | Generic_Service         | 277.2             | 277.65          | 0.45          | 2   |
 547    | 14.40 MB      | CPU_and_Data_Intensive  | 277.68            | 277.75          | 0.07          | 1   |
 548    | 1.23 MB       | CPU_and_Data_Intensive  | 277.91            | 277.95          | 0.04          | 1   |
 546    | 1.59 MB       | CPU_and_Data_Intensive  | 277.56            | 278.05          | 0.49          | 2   |
 542    | 0.05 MB       | CPU_Intensive           | 276.34            | 278.55          | 2.21          | 2   |
 549    | 0.01 MB       | Generic_Service         | 278.74            | 278.95          | 0.22          | 2   |
 551    | 0.04 MB       | CPU_Intensive           | 279.19            | 279.46          | 0.27          | 2   |
 553    | 0.04 MB       | Generic_Service         | 280.47            | 280.66          | 0.18          | 2   |
 550    | 0.04 MB       | CPU_Intensive           | 278.88            | 280.76          | 1.88          | 2   |
 552    | 0.01 MB       | CPU_Intensive           | 280.39            | 280.86          | 0.47          | 2   |
 555    | 0.07 MB       | CPU_Intensive           | 281.05            | 281.26          | 0.22          | 2   |
 554    | 0.07 MB       | CPU_Intensive           | 280.91            | 281.36          | 0.45          | 2   |
 556    | 0.08 MB       | Generic_Service         | 281.72            | 281.86          | 0.14          | 2   |
 557    | 0.07 MB       | Generic_Service         | 281.91            | 282.16          | 0.25          | 2   |
 558    | 0.05 MB       | Generic_Service         | 282.25            | 282.37          | 0.12          | 2   |
 559    | 0.09 MB       | Generic_Service         | 283.2             | 283.37          | 0.17          | 2   |
 560    | 0.03 MB       | CPU_Intensive           | 283.24            | 283.77          | 0.53          | 2   |
 561    | 0.02 MB       | CPU_Intensive           | 285.04            | 286.07          | 1.03          | 2   |
 562    | 0.06 MB       | Generic_Service         | 286.26            | 286.47          | 0.21          | 2   |
 563    | 13.17 MB      | CPU_and_Data_Intensive  | 286.28            | 287.77          | 1.49          | 2   |
 564    | 19.31 MB      | CPU_and_Data_Intensive  | 287.62            | 287.87          | 0.25          | 2   |
 565    | 0.01 MB       | CPU_Intensive           | 287.77            | 288.18          | 0.41          | 2   |
 566    | 0.08 MB       | Generic_Service         | 288.44            | 288.68          | 0.24          | 2   |
 567    | 0.01 MB       | Generic_Service         | 289.04            | 289.28          | 0.24          | 2   |
 568    | 0.02 MB       | Generic_Service         | 289.73            | 289.98          | 0.24          | 2   |
 569    | 0.05 MB       | Generic_Service         | 289.99            | 290.18          | 0.19          | 2   |
 570    | 0.05 MB       | Generic_Service         | 290.38            | 290.58          | 0.2           | 2   |
 571    | 0.07 MB       | Generic_Service         | 290.75            | 290.88          | 0.13          | 2   |
 573    | 0.08 MB       | Generic_Service         | 291.82            | 291.88          | 0.07          | 2   |
 574    | 0.05 MB       | CPU_Intensive           | 291.86            | 292.09          | 0.23          | 2   |
 572    | 401.84 MB     | CPU_and_Data_Intensive  | 291.28            | 292.39          | 1.11          | 2   |
 576    | 16.51 MB      | CPU_and_Data_Intensive  | 292.22            | 292.49          | 0.26          | 2   |
 577    | 0.08 MB       | Generic_Service         | 292.4             | 292.59          | 0.19          | 2   |
 575    | 0.06 MB       | CPU_Intensive           | 292.16            | 292.99          | 0.83          | 2   |
 578    | 0.04 MB       | Generic_Service         | 293.18            | 293.39          | 0.21          | 2   |
 579    | 0.01 MB       | Generic_Service         | 293.64            | 293.79          | 0.15          | 2   |
 581    | 0.07 MB       | CPU_Intensive           | 293.96            | 294.49          | 0.53          | 2   |
 582    | 0.08 MB       | CPU_Intensive           | 294.15            | 294.79          | 0.64          | 2   |
 583    | 0.05 MB       | Generic_Service         | 294.7             | 294.9           | 0.2           | 2   |
 585    | 1.75 MB       | CPU_and_Data_Intensive  | 295.41            | 295.6           | 0.19          | 2   |
 584    | 5.48 MB       | CPU_and_Data_Intensive  | 295.28            | 295.7           | 0.41          | 2   |
 587    | 0.49 MB       | CPU_and_Data_Intensive  | 295.82            | 295.9           | 0.08          | 2   |
 586    | 0.09 MB       | CPU_Intensive           | 295.58            | 296.1           | 0.52          | 2   |
 591    | 0.03 MB       | CPU_Intensive           | 296.79            | 296.9           | 0.12          | 2   |
 590    | 0.07 MB       | CPU_Intensive           | 296.64            | 297.21          | 0.56          | 2   |
 592    | 0.07 MB       | CPU_Intensive           | 297.05            | 297.51          | 0.46          | 2   |
 593    | 0.02 MB       | Generic_Service         | 297.65            | 297.81          | 0.16          | 2   |
 588    | 14.29 MB      | CPU_and_Data_Intensive  | 296.43            | 298.11          | 1.68          | 2   |
 589    | 233.29 MB     | CPU_and_Data_Intensive  | 296.55            | 298.21          | 1.66          | 2   |
 594    | 0.04 MB       | Generic_Service         | 298.86            | 299.01          | 0.16          | 2   |

----------
TASK GLOBALI 590 

TOT TASK IN ROUTING SYS: 590

id     | CurrentNode          | Hop | Label           | Resolution    | Start Routing (s) | End Routing (s) | duration      | Algo
[92m1      | OBS                  | 1   | TASK_ARRIVED    | CPU_and_Data_Intensive| 2.04              | 2.4             | 0.36          | GREEDY:100.0%[0m
[92m2      | OBS                  | 2   | TASK_ARRIVED    | CPU_Intensive         | 2.52              | 3.1             | 0.58          | GREEDY:100.0%[0m
[92m3      | OBS                  | 2   | TASK_ARRIVED    | Generic_Service       | 2.84              | 3.0             | 0.16          | GREEDY:100.0%[0m
[92m4      | OBS                  | 1   | TASK_ARRIVED    | Generic_Service       | 4.21              | 4.3             | 0.1           | GREEDY:100.0%[0m
[92m5      | OBS                  | 1   | TASK_ARRIVED    | CPU_and_Data_Intensive| 6.24              | 6.7             | 0.46          | GREEDY:100.0%[0m
[92m6      | OBS                  | 2   | TASK_ARRIVED    | CPU_Intensive         | 6.45              | 6.6             | 0.16          | GREEDY:100.0%[0m
[92m7      | OBS                  | 1   | TASK_ARRIVED    | CPU_Intensive         | 9.55              | 11.61           | 2.05          | GREEDY:100.0%[0m
[92m8      | OBS                  | 1   | TASK_ARRIVED    | CPU_and_Data_Intensive| 9.68              | 10.61           | 0.93          | GREEDY:100.0%[0m
[92m9      | OBS                  | 2   | TASK_ARRIVED    | Generic_Service       | 10.46             | 10.61           | 0.15          | GREEDY:100.0%[0m
[92m10     | OBS                  | 2   | TASK_ARRIVED    | CPU_Intensive         | 11.05             | 11.41           | 0.35          | GREEDY:100.0%[0m
[92m11     | OBS                  | 1   | TASK_ARRIVED    | CPU_and_Data_Intensive| 11.08             | 11.31           | 0.23          | GREEDY:100.0%[0m
[92m12     | OBS                  | 1   | TASK_ARRIVED    | Generic_Service       | 13.21             | 13.31           | 0.1           | GREEDY:100.0%[0m
[92m13     | OBS                  | 1   | TASK_ARRIVED    | CPU_and_Data_Intensive| 13.82             | 15.01           | 1.19          | GREEDY:100.0%[0m
[92m14     | OBS                  | 1   | TASK_ARRIVED    | CPU_Intensive         | 14.78             | 15.21           | 0.43          | GREEDY:100.0%[0m
[92m15     | OBS                  | 2   | TASK_ARRIVED    | Generic_Service       | 14.88             | 15.11           | 0.23          | GREEDY:100.0%[0m
[92m16     | OBS                  | 1   | TASK_ARRIVED    | CPU_Intensive         | 15.26             | 16.41           | 1.15          | GREEDY:100.0%[0m
[92m17     | OBS                  | 1   | TASK_ARRIVED    | CPU_Intensive         | 15.38             | 15.91           | 0.53          | GREEDY:100.0%[0m
[92m18     | OBS                  | 1   | TASK_ARRIVED    | Generic_Service       | 15.88             | 16.01           | 0.13          | GREEDY:100.0%[0m
[92m19     | OBS                  | 1   | TASK_ARRIVED    | CPU_and_Data_Intensive| 16.25             | 16.51           | 0.26          | GREEDY:100.0%[0m
[92m20     | OBS                  | 1   | TASK_ARRIVED    | CPU_Intensive         | 16.45             | 16.71           | 0.26          | GREEDY:100.0%[0m
[92m21     | OBS                  | 1   | TASK_ARRIVED    | CPU_and_Data_Intensive| 16.54             | 17.01           | 0.47          | GREEDY:100.0%[0m
[92m22     | OBS                  | 1   | TASK_ARRIVED    | CPU_Intensive         | 16.72             | 16.81           | 0.09          | GREEDY:100.0%[0m
[92m23     | OBS                  | 1   | TASK_ARRIVED    | CPU_Intensive         | 16.89             | 17.21           | 0.32          | GREEDY:100.0%[0m
[92m24     | OBS                  | 1   | TASK_ARRIVED    | Generic_Service       | 16.93             | 17.11           | 0.17          | GREEDY:100.0%[0m
[92m25     | OBS                  | 1   | TASK_ARRIVED    | CPU_and_Data_Intensive| 17.9              | 18.21           | 0.31          | GREEDY:100.0%[0m
[92m26     | OBS                  | 1   | TASK_ARRIVED    | CPU_and_Data_Intensive| 18.53             | 19.81           | 1.28          | GREEDY:100.0%[0m
[92m27     | OBS                  | 1   | TASK_ARRIVED    | CPU_and_Data_Intensive| 18.57             | 18.91           | 0.34          | GREEDY:100.0%[0m
[92m28     | OBS                  | 1   | TASK_ARRIVED    | Generic_Service       | 19.28             | 19.31           | 0.03          | GREEDY:100.0%[0m
[92m29     | OBS                  | 1   | TASK_ARRIVED    | CPU_and_Data_Intensive| 20.09             | 20.21           | 0.12          | GREEDY:100.0%[0m
[92m30     | OBS                  | 1   | TASK_ARRIVED    | CPU_Intensive         | 20.94             | 21.01           | 0.07          | GREEDY:100.0%[0m
[92m31     | OBS                  | 1   | TASK_ARRIVED    | CPU_Intensive         | 20.95             | 21.11           | 0.15          | GREEDY:100.0%[0m
[92m32     | OBS                  | 1   | TASK_ARRIVED    | CPU_Intensive         | 21.44             | 22.51           | 1.07          | GREEDY:100.0%[0m
[92m33     | OBS                  | 2   | TASK_ARRIVED    | Generic_Service       | 22.69             | 23.01           | 0.32          | GREEDY:100.0%[0m
[92m34     | OBS                  | 2   | TASK_ARRIVED    | CPU_and_Data_Intensive| 22.89             | 23.51           | 0.63          | GREEDY:100.0%[0m
[92m35     | OBS                  | 2   | TASK_ARRIVED    | CPU_Intensive         | 23.12             | 24.82           | 1.7           | GREEDY:100.0%[0m
[92m36     | OBS                  | 2   | TASK_ARRIVED    | CPU_and_Data_Intensive| 24.12             | 24.41           | 0.3           | GREEDY:100.0%[0m
[92m37     | OBS                  | 2   | TASK_ARRIVED    | Generic_Service       | 24.76             | 24.92           | 0.15          | GREEDY:100.0%[0m
[92m38     | OBS                  | 2   | TASK_ARRIVED    | CPU_Intensive         | 25.46             | 27.32           | 1.86          | GREEDY:100.0%[0m
[92m39     | OBS                  | 2   | TASK_ARRIVED    | CPU_Intensive         | 26.13             | 26.72           | 0.59          | GREEDY:100.0%[0m
[92m40     | OBS                  | 1   | TASK_ARRIVED    | CPU_and_Data_Intensive| 26.4              | 26.62           | 0.22          | GREEDY:100.0%[0m
[92m41     | OBS                  | 2   | TASK_ARRIVED    | Generic_Service       | 27.04             | 27.12           | 0.08          | GREEDY:100.0%[0m
[92m42     | OBS                  | 2   | TASK_ARRIVED    | CPU_Intensive         | 27.09             | 28.22           | 1.13          | GREEDY:100.0%[0m
[92m43     | OBS                  | 1   | TASK_ARRIVED    | CPU_and_Data_Intensive| 27.12             | 27.62           | 0.5           | GREEDY:100.0%[0m
[92m44     | OBS                  | 2   | TASK_ARRIVED    | CPU_Intensive         | 27.96             | 29.32           | 1.37          | GREEDY:100.0%[0m
[92m45     | OBS                  | 1   | TASK_ARRIVED    | CPU_Intensive         | 27.99             | 29.62           | 1.63          | GREEDY:100.0%[0m
[92m46     | OBS                  | 1   | TASK_ARRIVED    | Generic_Service       | 28.76             | 28.92           | 0.16          | GREEDY:100.0%[0m
[92m47     | OBS                  | 2   | TASK_ARRIVED    | CPU_Intensive         | 28.9              | 29.02           | 0.13          | GREEDY:100.0%[0m
[92m48     | OBS                  | 2   | TASK_ARRIVED    | CPU_and_Data_Intensive| 29.61             | 30.53           | 0.92          | GREEDY:100.0%[0m
[92m49     | OBS                  | 2   | TASK_ARRIVED    | CPU_Intensive         | 29.94             | 30.33           | 0.38          | GREEDY:100.0%[0m
[92m50     | OBS                  | 1   | TASK_ARRIVED    | Generic_Service       | 30.11             | 30.22           | 0.12          | GREEDY:100.0%[0m
[92m51     | OBS                  | 1   | TASK_ARRIVED    | CPU_and_Data_Intensive| 30.53             | 30.63           | 0.1           | GREEDY:100.0%[0m
[92m52     | OBS                  | 1   | TASK_ARRIVED    | CPU_Intensive         | 30.74             | 30.93           | 0.19          | GREEDY:100.0%[0m
[92m53     | OBS                  | 1   | TASK_ARRIVED    | Generic_Service       | 31.85             | 31.93           | 0.08          | GREEDY:100.0%[0m
[92m54     | OBS                  | 1   | TASK_ARRIVED    | Generic_Service       | 32.42             | 32.53           | 0.11          | GREEDY:100.0%[0m
[92m55     | OBS                  | 1   | TASK_ARRIVED    | CPU_Intensive         | 33.23             | 33.33           | 0.1           | GREEDY:100.0%[0m
[92m56     | OBS                  | 2   | TASK_ARRIVED    | CPU_Intensive         | 33.27             | 35.13           | 1.86          | GREEDY:100.0%[0m
[92m57     | OBS                  | 1   | TASK_ARRIVED    | CPU_and_Data_Intensive| 33.36             | 33.53           | 0.17          | GREEDY:100.0%[0m
[92m58     | OBS                  | 2   | TASK_ARRIVED    | CPU_Intensive         | 36.31             | 36.93           | 0.63          | GREEDY:100.0%[0m
[92m59     | OBS                  | 2   | TASK_ARRIVED    | Generic_Service       | 36.66             | 36.73           | 0.07          | GREEDY:100.0%[0m
[92m60     | OBS                  | 2   | TASK_ARRIVED    | Generic_Service       | 37.1              | 37.23           | 0.13          | GREEDY:100.0%[0m
[92m61     | OBS                  | 2   | TASK_ARRIVED    | Generic_Service       | 37.69             | 37.83           | 0.14          | GREEDY:100.0%[0m
[92m62     | OBS                  | 2   | TASK_ARRIVED    | Generic_Service       | 37.92             | 38.13           | 0.22          | GREEDY:100.0%[0m
[92m63     | OBS                  | 2   | TASK_ARRIVED    | CPU_Intensive         | 38.25             | 38.43           | 0.18          | GREEDY:100.0%[0m
[92m64     | OBS                  | 2   | TASK_ARRIVED    | Generic_Service       | 39.58             | 39.84           | 0.26          | GREEDY:100.0%[0m
[92m65     | OBS                  | 2   | TASK_ARRIVED    | Generic_Service       | 40.68             | 40.84           | 0.16          | GREEDY:100.0%[0m
[92m66     | OBS                  | 2   | TASK_ARRIVED    | CPU_Intensive         | 41.0              | 41.64           | 0.64          | GREEDY:100.0%[0m
[92m67     | OBS                  | 2   | TASK_ARRIVED    | CPU_Intensive         | 41.51             | 42.14           | 0.63          | GREEDY:100.0%[0m
[92m68     | OBS                  | 2   | TASK_ARRIVED    | Generic_Service       | 41.75             | 41.94           | 0.19          | GREEDY:100.0%[0m
[92m69     | OBS                  | 2   | TASK_ARRIVED    | CPU_Intensive         | 42.46             | 42.94           | 0.49          | GREEDY:100.0%[0m
[92m70     | OBS                  | 2   | TASK_ARRIVED    | Generic_Service       | 42.96             | 43.15           | 0.19          | GREEDY:100.0%[0m
[92m71     | OBS                  | 2   | TASK_ARRIVED    | CPU_Intensive         | 43.93             | 44.55           | 0.62          | GREEDY:100.0%[0m
[92m72     | OBS                  | 1   | TASK_ARRIVED    | Generic_Service       | 44.84             | 44.95           | 0.11          | GREEDY:100.0%[0m
[92m73     | OBS                  | 1   | TASK_ARRIVED    | CPU_Intensive         | 45.06             | 45.65           | 0.58          | GREEDY:100.0%[0m
[92m74     | OBS                  | 1   | TASK_ARRIVED    | Generic_Service       | 45.77             | 45.85           | 0.07          | GREEDY:100.0%[0m
[92m75     | OBS                  | 1   | TASK_ARRIVED    | Generic_Service       | 45.86             | 45.95           | 0.09          | GREEDY:100.0%[0m
[92m76     | OBS                  | 1   | TASK_ARRIVED    | CPU_Intensive         | 47.25             | 48.15           | 0.9           | GREEDY:100.0%[0m
[92m77     | OBS                  | 2   | TASK_ARRIVED    | CPU_Intensive         | 47.43             | 47.65           | 0.22          | GREEDY:100.0%[0m
[92m78     | OBS                  | 1   | TASK_ARRIVED    | CPU_and_Data_Intensive| 48.11             | 48.85           | 0.74          | GREEDY:100.0%[0m
[92m79     | OBS                  | 1   | TASK_ARRIVED    | Generic_Service       | 48.85             | 49.05           | 0.2           | GREEDY:100.0%[0m
[92m80     | OBS                  | 1   | TASK_ARRIVED    | Generic_Service       | 49.11             | 49.15           | 0.04          | GREEDY:100.0%[0m
[92m81     | OBS                  | 1   | TASK_ARRIVED    | CPU_and_Data_Intensive| 49.18             | 50.85           | 1.67          | GREEDY:100.0%[0m
[92m82     | OBS                  | 2   | TASK_ARRIVED    | CPU_Intensive         | 49.44             | 51.25           | 1.82          | GREEDY:100.0%[0m
[92m83     | OBS                  | 2   | TASK_ARRIVED    | CPU_and_Data_Intensive| 49.67             | 50.25           | 0.59          | GREEDY:100.0%[0m
[92m84     | OBS                  | 1   | TASK_ARRIVED    | CPU_Intensive         | 49.82             | 50.45           | 0.63          | GREEDY:100.0%[0m
[92m85     | OBS                  | 1   | TASK_ARRIVED    | CPU_and_Data_Intensive| 51.84             | 52.35           | 0.52          | GREEDY:100.0%[0m
[92m86     | OBS                  | 1   | TASK_ARRIVED    | CPU_and_Data_Intensive| 52.73             | 52.85           | 0.12          | GREEDY:100.0%[0m
[92m87     | OBS                  | 1   | TASK_ARRIVED    | CPU_Intensive         | 53.22             | 54.56           | 1.34          | GREEDY:100.0%[0m
[92m88     | OBS                  | 2   | TASK_ARRIVED    | CPU_and_Data_Intensive| 53.23             | 53.36           | 0.12          | GREEDY:100.0%[0m
[92m89     | OBS                  | 2   | TASK_ARRIVED    | CPU_Intensive         | 53.37             | 53.46           | 0.09          | GREEDY:100.0%[0m
[92m90     | OBS                  | 2   | TASK_ARRIVED    | CPU_and_Data_Intensive| 53.86             | 54.66           | 0.8           | GREEDY:100.0%[0m
[92m91     | OBS                  | 2   | TASK_ARRIVED    | CPU_Intensive         | 54.32             | 54.56           | 0.24          | GREEDY:100.0%[0m
[92m92     | OBS                  | 1   | TASK_ARRIVED    | Generic_Service       | 54.86             | 54.96           | 0.1           | GREEDY:100.0%[0m
[92m93     | OBS                  | 1   | TASK_ARRIVED    | CPU_Intensive         | 55.88             | 57.16           | 1.29          | GREEDY:100.0%[0m
[92m94     | OBS                  | 1   | TASK_ARRIVED    | CPU_and_Data_Intensive| 56.15             | 56.76           | 0.62          | GREEDY:100.0%[0m
[92m95     | OBS                  | 2   | TASK_ARRIVED    | Generic_Service       | 56.33             | 56.36           | 0.04          | GREEDY:100.0%[0m
[92m96     | OBS                  | 1   | TASK_ARRIVED    | CPU_Intensive         | 56.79             | 57.76           | 0.97          | GREEDY:100.0%[0m
[92m97     | OBS                  | 2   | TASK_ARRIVED    | CPU_Intensive         | 57.45             | 58.17           | 0.72          | GREEDY:100.0%[0m
[92m98     | OBS                  | 2   | TASK_ARRIVED    | CPU_Intensive         | 57.54             | 57.76           | 0.22          | GREEDY:100.0%[0m
[92m99     | OBS                  | 1   | TASK_ARRIVED    | CPU_Intensive         | 58.65             | 59.07           | 0.42          | GREEDY:100.0%[0m
[92m100    | OBS                  | 1   | TASK_ARRIVED    | CPU_and_Data_Intensive| 59.34             | 60.27           | 0.93          | GREEDY:100.0%[0m
[92m101    | OBS                  | 2   | TASK_ARRIVED    | CPU_and_Data_Intensive| 59.94             | 60.07           | 0.13          | GREEDY:100.0%[0m
[92m102    | OBS                  | 2   | TASK_ARRIVED    | Generic_Service       | 60.18             | 60.37           | 0.19          | GREEDY:100.0%[0m
[92m103    | OBS                  | 1   | TASK_ARRIVED    | Generic_Service       | 60.67             | 60.77           | 0.1           | GREEDY:100.0%[0m
[92m104    | OBS                  | 1   | TASK_ARRIVED    | CPU_and_Data_Intensive| 60.75             | 61.77           | 1.02          | GREEDY:100.0%[0m
[92m105    | OBS                  | 2   | TASK_ARRIVED    | Generic_Service       | 60.94             | 61.17           | 0.23          | GREEDY:100.0%[0m
[92m106    | OBS                  | 2   | TASK_ARRIVED    | CPU_Intensive         | 61.39             | 61.57           | 0.19          | GREEDY:100.0%[0m
[92m107    | OBS                  | 1   | TASK_ARRIVED    | Generic_Service       | 62.21             | 62.27           | 0.06          | GREEDY:100.0%[0m
[92m108    | OBS                  | 1   | TASK_ARRIVED    | CPU_Intensive         | 62.47             | 62.88           | 0.41          | GREEDY:100.0%[0m
[92m109    | OBS                  | 2   | TASK_ARRIVED    | Generic_Service       | 62.55             | 62.58           | 0.02          | GREEDY:100.0%[0m
[92m110    | OBS                  | 1   | TASK_ARRIVED    | Generic_Service       | 63.41             | 63.48           | 0.07          | GREEDY:100.0%[0m
[92m111    | OBS                  | 1   | TASK_ARRIVED    | Generic_Service       | 63.48             | 63.58           | 0.1           | GREEDY:100.0%[0m
[92m112    | OBS                  | 1   | TASK_ARRIVED    | CPU_Intensive         | 63.59             | 63.68           | 0.08          | GREEDY:100.0%[0m
[92m113    | OBS                  | 1   | TASK_ARRIVED    | Generic_Service       | 64.16             | 64.18           | 0.01          | GREEDY:100.0%[0m
[92m114    | OBS                  | 1   | TASK_ARRIVED    | CPU_Intensive         | 64.5              | 64.98           | 0.48          | GREEDY:100.0%[0m
[92m115    | OBS                  | 1   | TASK_ARRIVED    | Generic_Service       | 64.96             | 65.08           | 0.11          | GREEDY:100.0%[0m
[92m116    | OBS                  | 1   | TASK_ARRIVED    | CPU_Intensive         | 69.38             | 69.58           | 0.19          | GREEDY:100.0%[0m
[92m117    | OBS                  | 1   | TASK_ARRIVED    | CPU_Intensive         | 70.0              | 70.18           | 0.18          | GREEDY:100.0%[0m
[92m118    | OBS                  | 1   | TASK_ARRIVED    | Generic_Service       | 70.47             | 70.58           | 0.11          | GREEDY:100.0%[0m
[92m119    | OBS                  | 1   | TASK_ARRIVED    | CPU_and_Data_Intensive| 70.71             | 70.88           | 0.16          | GREEDY:100.0%[0m
[92m120    | OBS                  | 2   | TASK_ARRIVED    | CPU_Intensive         | 70.75             | 70.78           | 0.02          | GREEDY:100.0%[0m
[92m121    | OBS                  | 1   | TASK_ARRIVED    | Generic_Service       | 71.17             | 71.28           | 0.11          | GREEDY:100.0%[0m
[92m122    | OBS                  | 1   | TASK_ARRIVED    | Generic_Service       | 71.54             | 71.68           | 0.13          | GREEDY:100.0%[0m
[92m123    | OBS                  | 2   | TASK_ARRIVED    | CPU_Intensive         | 74.25             | 74.48           | 0.23          | GREEDY:100.0%[0m
[92m124    | OBS                  | 2   | TASK_ARRIVED    | CPU_and_Data_Intensive| 74.38             | 74.58           | 0.21          | GREEDY:100.0%[0m
[92m125    | OBS                  | 2   | TASK_ARRIVED    | Generic_Service       | 74.49             | 74.68           | 0.2           | GREEDY:100.0%[0m
[92m126    | OBS                  | 2   | TASK_ARRIVED    | Generic_Service       | 76.59             | 76.79           | 0.19          | GREEDY:100.0%[0m
[92m127    | OBS                  | 2   | TASK_ARRIVED    | Generic_Service       | 77.28             | 77.49           | 0.21          | GREEDY:100.0%[0m
[92m128    | OBS                  | 2   | TASK_ARRIVED    | CPU_Intensive         | 77.31             | 77.59           | 0.29          | GREEDY:100.0%[0m
[92m129    | OBS                  | 2   | TASK_ARRIVED    | CPU_and_Data_Intensive| 77.32             | 77.49           | 0.17          | GREEDY:100.0%[0m
[92m130    | OBS                  | 2   | TASK_ARRIVED    | Generic_Service       | 77.32             | 77.59           | 0.27          | GREEDY:100.0%[0m
[92m131    | OBS                  | 2   | TASK_ARRIVED    | CPU_Intensive         | 78.16             | 78.9            | 0.73          | GREEDY:100.0%[0m
[92m132    | OBS                  | 2   | TASK_ARRIVED    | Generic_Service       | 78.65             | 78.9            | 0.24          | GREEDY:100.0%[0m
[92m133    | OBS                  | 2   | TASK_ARRIVED    | CPU_and_Data_Intensive| 79.17             | 80.91           | 1.74          | GREEDY:100.0%[0m
[92m134    | OBS                  | 2   | TASK_ARRIVED    | CPU_and_Data_Intensive| 79.55             | 79.7            | 0.15          | GREEDY:100.0%[0m
[92m135    | OBS                  | 2   | TASK_ARRIVED    | CPU_Intensive         | 79.84             | 80.3            | 0.46          | GREEDY:100.0%[0m
[92m136    | OBS                  | 2   | TASK_ARRIVED    | CPU_Intensive         | 79.95             | 80.81           | 0.85          | GREEDY:100.0%[0m
[92m137    | OBS                  | 2   | TASK_ARRIVED    | CPU_and_Data_Intensive| 80.03             | 80.6            | 0.58          | GREEDY:100.0%[0m
[92m138    | OBS                  | 2   | TASK_ARRIVED    | Generic_Service       | 80.5              | 80.7            | 0.21          | GREEDY:100.0%[0m
[92m139    | OBS                  | 2   | TASK_ARRIVED    | CPU_and_Data_Intensive| 80.64             | 81.91           | 1.27          | GREEDY:100.0%[0m
[92m140    | OBS                  | 2   | TASK_ARRIVED    | CPU_and_Data_Intensive| 83.11             | 83.51           | 0.4           | GREEDY:100.0%[0m
[92m141    | OBS                  | 2   | TASK_ARRIVED    | Generic_Service       | 83.35             | 83.51           | 0.17          | GREEDY:100.0%[0m
[92m142    | OBS                  | 2   | TASK_ARRIVED    | Generic_Service       | 83.41             | 83.61           | 0.21          | GREEDY:100.0%[0m
[92m143    | OBS                  | 2   | TASK_ARRIVED    | Generic_Service       | 83.65             | 83.82           | 0.17          | GREEDY:100.0%[0m
[92m144    | OBS                  | 2   | TASK_ARRIVED    | Generic_Service       | 84.67             | 84.72           | 0.05          | GREEDY:100.0%[0m
[92m145    | OBS                  | 2   | TASK_ARRIVED    | CPU_and_Data_Intensive| 84.87             | 85.32           | 0.45          | GREEDY:100.0%[0m
[92m146    | OBS                  | 1   | TASK_ARRIVED    | CPU_Intensive         | 85.16             | 86.32           | 1.16          | GREEDY:100.0%[0m
[92m147    | OBS                  | 2   | TASK_ARRIVED    | CPU_and_Data_Intensive| 86.43             | 86.62           | 0.2           | GREEDY:100.0%[0m
[92m148    | OBS                  | 1   | TASK_ARRIVED    | CPU_and_Data_Intensive| 86.52             | 87.92           | 1.4           | GREEDY:100.0%[0m
[92m149    | OBS                  | 2   | TASK_ARRIVED    | CPU_and_Data_Intensive| 87.72             | 88.03           | 0.31          | GREEDY:100.0%[0m
[92m150    | OBS                  | 2   | TASK_ARRIVED    | CPU_Intensive         | 87.73             | 87.82           | 0.09          | GREEDY:100.0%[0m
[92m151    | OBS                  | 2   | TASK_ARRIVED    | CPU_and_Data_Intensive| 88.1              | 88.43           | 0.32          | GREEDY:100.0%[0m
[92m152    | OBS                  | 2   | TASK_ARRIVED    | CPU_and_Data_Intensive| 88.55             | 89.43           | 0.88          | GREEDY:100.0%[0m
[92m153    | OBS                  | 2   | TASK_ARRIVED    | CPU_and_Data_Intensive| 89.57             | 89.73           | 0.15          | GREEDY:100.0%[0m
[92m154    | OBS                  | 2   | TASK_ARRIVED    | CPU_and_Data_Intensive| 90.38             | 91.33           | 0.95          | GREEDY:100.0%[0m
[92m155    | OBS                  | 2   | TASK_ARRIVED    | Generic_Service       | 90.91             | 91.13           | 0.22          | GREEDY:100.0%[0m
[92m156    | OBS                  | 2   | TASK_ARRIVED    | Generic_Service       | 91.01             | 91.33           | 0.33          | GREEDY:100.0%[0m
[92m157    | OBS                  | 2   | TASK_ARRIVED    | CPU_Intensive         | 91.26             | 92.64           | 1.38          | GREEDY:100.0%[0m
[92m158    | OBS                  | 2   | TASK_ARRIVED    | Generic_Service       | 91.5              | 91.64           | 0.14          | GREEDY:100.0%[0m
[92m159    | OBS                  | 2   | TASK_ARRIVED    | Generic_Service       | 91.57             | 91.84           | 0.28          | GREEDY:100.0%[0m
[92m160    | OBS                  | 2   | TASK_ARRIVED    | Generic_Service       | 91.67             | 91.74           | 0.07          | GREEDY:100.0%[0m
[92m161    | OBS                  | 2   | TASK_ARRIVED    | CPU_and_Data_Intensive| 92.11             | 93.85           | 1.74          | GREEDY:100.0%[0m
[92m162    | OBS                  | 2   | TASK_ARRIVED    | CPU_Intensive         | 92.5              | 93.54           | 1.05          | GREEDY:100.0%[0m
[92m163    | OBS                  | 2   | TASK_ARRIVED    | CPU_Intensive         | 93.12             | 93.65           | 0.53          | GREEDY:100.0%[0m
[92m164    | OBS                  | 2   | TASK_ARRIVED    | CPU_Intensive         | 93.25             | 94.25           | 1.0           | GREEDY:100.0%[0m
[92m165    | OBS                  | 2   | TASK_ARRIVED    | Generic_Service       | 93.36             | 93.65           | 0.28          | GREEDY:100.0%[0m
[92m166    | OBS                  | 2   | TASK_ARRIVED    | CPU_and_Data_Intensive| 93.47             | 94.25           | 0.78          | GREEDY:100.0%[0m
[92m167    | OBS                  | 2   | TASK_ARRIVED    | CPU_Intensive         | 94.15             | 94.56           | 0.41          | GREEDY:100.0%[0m
[92m168    | OBS                  | 2   | TASK_ARRIVED    | Generic_Service       | 94.26             | 94.46           | 0.2           | GREEDY:100.0%[0m
[92m169    | OBS                  | 2   | TASK_ARRIVED    | CPU_Intensive         | 94.44             | 95.47           | 1.03          | GREEDY:100.0%[0m
[92m170    | OBS                  | 2   | TASK_ARRIVED    | Generic_Service       | 94.46             | 94.66           | 0.2           | GREEDY:100.0%[0m
[92m171    | OBS                  | 2   | TASK_ARRIVED    | CPU_Intensive         | 94.49             | 95.16           | 0.67          | GREEDY:100.0%[0m
[92m172    | OBS                  | 2   | TASK_ARRIVED    | Generic_Service       | 94.57             | 94.76           | 0.19          | GREEDY:100.0%[0m
[92m173    | OBS                  | 2   | TASK_ARRIVED    | Generic_Service       | 94.88             | 95.06           | 0.19          | GREEDY:100.0%[0m
[92m174    | OBS                  | 2   | TASK_ARRIVED    | CPU_and_Data_Intensive| 94.95             | 95.26           | 0.31          | GREEDY:100.0%[0m
[33m175    | STARLINK-11209 [DTC] | 0   | SEN_OUT_OF_BUFF | CPU_Intensive         | 95.82             | None            | None          | -[0m
[92m176    | OBS                  | 2   | TASK_ARRIVED    | CPU_and_Data_Intensive| 96.85             | 96.97           | 0.12          | GREEDY:100.0%[0m
[92m177    | OBS                  | 2   | TASK_ARRIVED    | Generic_Service       | 97.08             | 97.17           | 0.09          | GREEDY:100.0%[0m
[92m178    | OBS                  | 2   | TASK_ARRIVED    | CPU_Intensive         | 97.79             | 98.17           | 0.38          | GREEDY:100.0%[0m
[92m179    | OBS                  | 2   | TASK_ARRIVED    | CPU_Intensive         | 97.88             | 98.07           | 0.19          | GREEDY:100.0%[0m
[92m180    | OBS                  | 2   | TASK_ARRIVED    | Generic_Service       | 97.96             | 98.27           | 0.31          | GREEDY:100.0%[0m
[92m181    | OBS                  | 2   | TASK_ARRIVED    | CPU_Intensive         | 98.86             | 99.57           | 0.71          | GREEDY:100.0%[0m
[92m182    | OBS                  | 2   | TASK_ARRIVED    | CPU_Intensive         | 99.11             | 99.47           | 0.36          | GREEDY:100.0%[0m
[92m183    | OBS                  | 2   | TASK_ARRIVED    | CPU_Intensive         | 99.21             | 99.88           | 0.67          | GREEDY:100.0%[0m
[92m184    | OBS                  | 2   | TASK_ARRIVED    | CPU_Intensive         | 99.21             | 99.37           | 0.16          | GREEDY:100.0%[0m
[92m185    | OBS                  | 2   | TASK_ARRIVED    | CPU_Intensive         | 99.43             | 99.78           | 0.34          | GREEDY:100.0%[0m
[92m186    | OBS                  | 2   | TASK_ARRIVED    | Generic_Service       | 99.46             | 99.68           | 0.22          | GREEDY:100.0%[0m
[92m187    | OBS                  | 2   | TASK_ARRIVED    | CPU_Intensive         | 99.7              | 100.38          | 0.68          | GREEDY:100.0%[0m
[92m188    | OBS                  | 2   | TASK_ARRIVED    | Generic_Service       | 100.41            | 100.58          | 0.17          | GREEDY:100.0%[0m
[92m189    | OBS                  | 2   | TASK_ARRIVED    | Generic_Service       | 100.85            | 101.18          | 0.34          | GREEDY:100.0%[0m
[92m190    | OBS                  | 1   | TASK_ARRIVED    | CPU_Intensive         | 100.91            | 100.98          | 0.07          | GREEDY:100.0%[0m
[92m191    | OBS                  | 2   | TASK_ARRIVED    | Generic_Service       | 101.84            | 101.98          | 0.15          | GREEDY:100.0%[0m
[92m192    | OBS                  | 2   | TASK_ARRIVED    | Generic_Service       | 101.96            | 102.19          | 0.22          | GREEDY:100.0%[0m
[92m193    | OBS                  | 2   | TASK_ARRIVED    | Generic_Service       | 102.09            | 102.39          | 0.3           | GREEDY:100.0%[0m
[92m194    | OBS                  | 2   | TASK_ARRIVED    | CPU_and_Data_Intensive| 103.35            | 103.49          | 0.14          | GREEDY:100.0%[0m
[92m195    | OBS                  | 2   | TASK_ARRIVED    | CPU_and_Data_Intensive| 103.57            | 103.89          | 0.32          | GREEDY:100.0%[0m
[92m196    | OBS                  | 2   | TASK_ARRIVED    | Generic_Service       | 104.26            | 104.39          | 0.14          | GREEDY:100.0%[0m
[92m197    | OBS                  | 2   | TASK_ARRIVED    | CPU_Intensive         | 104.45            | 104.8           | 0.35          | GREEDY:100.0%[0m
[92m198    | OBS                  | 2   | TASK_ARRIVED    | CPU_Intensive         | 104.48            | 104.7           | 0.22          | GREEDY:100.0%[0m
[92m199    | OBS                  | 2   | TASK_ARRIVED    | CPU_Intensive         | 104.97            | 105.1           | 0.13          | GREEDY:100.0%[0m
[92m200    | OBS                  | 2   | TASK_ARRIVED    | CPU_Intensive         | 105.39            | 106.81          | 1.41          | GREEDY:100.0%[0m
[92m201    | OBS                  | 2   | TASK_ARRIVED    | Generic_Service       | 105.65            | 106.0           | 0.35          | GREEDY:100.0%[0m
[92m202    | OBS                  | 2   | TASK_ARRIVED    | CPU_Intensive         | 105.65            | 105.9           | 0.25          | GREEDY:100.0%[0m
[92m203    | OBS                  | 2   | TASK_ARRIVED    | Generic_Service       | 106.28            | 106.5           | 0.22          | GREEDY:100.0%[0m
[92m204    | OBS                  | 2   | TASK_ARRIVED    | CPU_Intensive         | 107.15            | 107.51          | 0.35          | GREEDY:100.0%[0m
[92m205    | OBS                  | 2   | TASK_ARRIVED    | Generic_Service       | 107.62            | 107.71          | 0.09          | GREEDY:100.0%[0m
[92m206    | OBS                  | 2   | TASK_ARRIVED    | CPU_Intensive         | 107.87            | 108.71          | 0.85          | GREEDY:100.0%[0m
[92m207    | OBS                  | 2   | TASK_ARRIVED    | Generic_Service       | 107.9             | 108.11          | 0.21          | GREEDY:100.0%[0m
[92m208    | OBS                  | 2   | TASK_ARRIVED    | CPU_Intensive         | 107.93            | 108.21          | 0.28          | GREEDY:100.0%[0m
[92m209    | OBS                  | 2   | TASK_ARRIVED    | Generic_Service       | 108.25            | 108.41          | 0.17          | GREEDY:100.0%[0m
[92m210    | OBS                  | 2   | TASK_ARRIVED    | Generic_Service       | 109.26            | 109.42          | 0.16          | GREEDY:100.0%[0m
[92m211    | OBS                  | 2   | TASK_ARRIVED    | CPU_and_Data_Intensive| 109.34            | 109.72          | 0.38          | GREEDY:100.0%[0m
[92m212    | OBS                  | 2   | TASK_ARRIVED    | CPU_and_Data_Intensive| 109.68            | 110.62          | 0.94          | GREEDY:100.0%[0m
[92m213    | OBS                  | 2   | TASK_ARRIVED    | CPU_Intensive         | 110.25            | 111.42          | 1.17          | GREEDY:100.0%[0m
[92m214    | OBS                  | 2   | TASK_ARRIVED    | CPU_Intensive         | 111.43            | 112.12          | 0.69          | GREEDY:100.0%[0m
[92m215    | OBS                  | 2   | TASK_ARRIVED    | CPU_Intensive         | 114.06            | 114.73          | 0.66          | GREEDY:100.0%[0m
[92m216    | OBS                  | 2   | TASK_ARRIVED    | Generic_Service       | 114.23            | 114.42          | 0.2           | GREEDY:100.0%[0m
[92m217    | OBS                  | 2   | TASK_ARRIVED    | CPU_Intensive         | 114.56            | 115.33          | 0.77          | GREEDY:100.0%[0m
[92m218    | OBS                  | 2   | TASK_ARRIVED    | Generic_Service       | 115.07            | 115.43          | 0.36          | GREEDY:100.0%[0m
[92m219    | OBS                  | 2   | TASK_ARRIVED    | CPU_and_Data_Intensive| 116.16            | 117.13          | 0.97          | GREEDY:100.0%[0m
[92m220    | OBS                  | 2   | TASK_ARRIVED    | CPU_Intensive         | 117.07            | 117.53          | 0.47          | GREEDY:100.0%[0m
[92m221    | OBS                  | 2   | TASK_ARRIVED    | CPU_Intensive         | 117.38            | 117.63          | 0.25          | GREEDY:100.0%[0m
[92m222    | OBS                  | 2   | TASK_ARRIVED    | Generic_Service       | 118.07            | 118.24          | 0.17          | GREEDY:100.0%[0m
[92m223    | OBS                  | 2   | TASK_ARRIVED    | CPU_Intensive         | 118.77            | 119.84          | 1.07          | GREEDY:100.0%[0m
[92m224    | OBS                  | 2   | TASK_ARRIVED    | CPU_and_Data_Intensive| 119.24            | 119.54          | 0.3           | GREEDY:100.0%[0m
[92m225    | OBS                  | 2   | TASK_ARRIVED    | Generic_Service       | 119.32            | 119.74          | 0.42          | GREEDY:100.0%[0m
[92m226    | OBS                  | 2   | TASK_ARRIVED    | CPU_Intensive         | 119.9             | 120.94          | 1.04          | GREEDY:100.0%[0m
[92m227    | OBS                  | 2   | TASK_ARRIVED    | CPU_Intensive         | 120.86            | 121.14          | 0.28          | GREEDY:100.0%[0m
[92m228    | OBS                  | 2   | TASK_ARRIVED    | Generic_Service       | 121.47            | 121.65          | 0.18          | GREEDY:100.0%[0m
[92m230    | OBS                  | 2   | TASK_ARRIVED    | CPU_and_Data_Intensive| 122.37            | 122.85          | 0.48          | GREEDY:100.0%[0m
[92m231    | OBS                  | 2   | TASK_ARRIVED    | CPU_and_Data_Intensive| 122.53            | 126.26          | 3.73          | GREEDY:100.0%[0m
[92m232    | OBS                  | 2   | TASK_ARRIVED    | CPU_and_Data_Intensive| 122.57            | 122.65          | 0.08          | GREEDY:100.0%[0m
[92m233    | OBS                  | 2   | TASK_ARRIVED    | CPU_Intensive         | 122.87            | 123.15          | 0.28          | GREEDY:100.0%[0m
[92m234    | OBS                  | 2   | TASK_ARRIVED    | Generic_Service       | 122.9             | 122.95          | 0.05          | GREEDY:100.0%[0m
[92m235    | OBS                  | 2   | TASK_ARRIVED    | CPU_Intensive         | 123.78            | 124.15          | 0.37          | GREEDY:100.0%[0m
[92m236    | OBS                  | 2   | TASK_ARRIVED    | Generic_Service       | 124.52            | 124.75          | 0.24          | GREEDY:100.0%[0m
[92m237    | OBS                  | 2   | TASK_ARRIVED    | CPU_and_Data_Intensive| 126.05            | 126.56          | 0.51          | GREEDY:100.0%[0m
[92m238    | OBS                  | 2   | TASK_ARRIVED    | CPU_Intensive         | 126.47            | 127.36          | 0.89          | GREEDY:100.0%[0m
[92m239    | OBS                  | 2   | TASK_ARRIVED    | CPU_Intensive         | 127.63            | 127.86          | 0.23          | GREEDY:100.0%[0m
[92m240    | OBS                  | 2   | TASK_ARRIVED    | CPU_Intensive         | 128.19            | 128.46          | 0.28          | GREEDY:100.0%[0m
[92m241    | OBS                  | 2   | TASK_ARRIVED    | CPU_and_Data_Intensive| 128.21            | 128.26          | 0.06          | GREEDY:100.0%[0m
[92m242    | OBS                  | 2   | TASK_ARRIVED    | Generic_Service       | 129.3             | 129.36          | 0.06          | GREEDY:100.0%[0m
[92m243    | OBS                  | 2   | TASK_ARRIVED    | CPU_Intensive         | 130.18            | 130.77          | 0.59          | GREEDY:100.0%[0m
[92m244    | OBS                  | 2   | TASK_ARRIVED    | Generic_Service       | 130.29            | 130.37          | 0.08          | GREEDY:100.0%[0m
[92m245    | OBS                  | 2   | TASK_ARRIVED    | Generic_Service       | 130.31            | 130.47          | 0.15          | GREEDY:100.0%[0m
[92m246    | OBS                  | 2   | TASK_ARRIVED    | CPU_and_Data_Intensive| 130.44            | 130.87          | 0.43          | GREEDY:100.0%[0m
[92m247    | OBS                  | 2   | TASK_ARRIVED    | CPU_and_Data_Intensive| 130.71            | 131.17          | 0.46          | GREEDY:100.0%[0m
[92m248    | OBS                  | 2   | TASK_ARRIVED    | Generic_Service       | 130.86            | 130.97          | 0.11          | GREEDY:100.0%[0m
[92m249    | OBS                  | 2   | TASK_ARRIVED    | CPU_Intensive         | 130.87            | 131.07          | 0.2           | GREEDY:100.0%[0m
[92m250    | OBS                  | 1   | TASK_ARRIVED    | CPU_and_Data_Intensive| 130.88            | 131.57          | 0.69          | GREEDY:100.0%[0m
[92m251    | OBS                  | 2   | TASK_ARRIVED    | CPU_Intensive         | 131.84            | 132.27          | 0.43          | GREEDY:100.0%[0m
[92m252    | OBS                  | 2   | TASK_ARRIVED    | CPU_Intensive         | 132.99            | 133.17          | 0.19          | GREEDY:100.0%[0m
[92m253    | OBS                  | 2   | TASK_ARRIVED    | CPU_Intensive         | 133.31            | 133.38          | 0.07          | GREEDY:100.0%[0m
[92m254    | OBS                  | 2   | TASK_ARRIVED    | CPU_Intensive         | 134.31            | 134.98          | 0.67          | GREEDY:100.0%[0m
[92m255    | OBS                  | 2   | TASK_ARRIVED    | CPU_and_Data_Intensive| 134.37            | 134.78          | 0.41          | GREEDY:100.0%[0m
[92m256    | OBS                  | 2   | TASK_ARRIVED    | Generic_Service       | 134.7             | 134.78          | 0.08          | GREEDY:100.0%[0m
[92m257    | OBS                  | 2   | TASK_ARRIVED    | Generic_Service       | 135.89            | 135.98          | 0.09          | GREEDY:100.0%[0m
[92m258    | OBS                  | 2   | TASK_ARRIVED    | Generic_Service       | 136.1             | 136.18          | 0.08          | GREEDY:100.0%[0m
[92m259    | OBS                  | 2   | TASK_ARRIVED    | Generic_Service       | 136.42            | 136.68          | 0.26          | GREEDY:100.0%[0m
[92m260    | OBS                  | 2   | TASK_ARRIVED    | Generic_Service       | 136.51            | 136.58          | 0.07          | GREEDY:100.0%[0m
[92m261    | OBS                  | 2   | TASK_ARRIVED    | CPU_and_Data_Intensive| 137.09            | 138.09          | 1.0           | GREEDY:100.0%[0m
[92m262    | OBS                  | 2   | TASK_ARRIVED    | CPU_Intensive         | 137.52            | 137.58          | 0.06          | GREEDY:100.0%[0m
[92m263    | OBS                  | 2   | TASK_ARRIVED    | CPU_Intensive         | 137.95            | 139.59          | 1.65          | GREEDY:100.0%[0m
[92m264    | OBS                  | 3   | TASK_ARRIVED    | Generic_Service       | 137.98            | 138.19          | 0.2           | GREEDY:100.0%[0m
[92m265    | OBS                  | 2   | TASK_ARRIVED    | CPU_Intensive         | 139.02            | 139.19          | 0.17          | GREEDY:100.0%[0m
[92m266    | OBS                  | 2   | TASK_ARRIVED    | Generic_Service       | 139.14            | 139.29          | 0.16          | GREEDY:100.0%[0m
[92m267    | OBS                  | 2   | TASK_ARRIVED    | CPU_Intensive         | 139.24            | 140.1           | 0.85          | GREEDY:100.0%[0m
[92m268    | OBS                  | 2   | TASK_ARRIVED    | Generic_Service       | 139.36            | 139.49          | 0.14          | GREEDY:100.0%[0m
[92m269    | OBS                  | 1   | TASK_ARRIVED    | Generic_Service       | 139.38            | 139.39          | 0.02          | GREEDY:100.0%[0m
[92m270    | OBS                  | 2   | TASK_ARRIVED    | CPU_Intensive         | 139.62            | 139.69          | 0.07          | GREEDY:100.0%[0m
[92m271    | OBS                  | 2   | TASK_ARRIVED    | Generic_Service       | 139.94            | 140.2           | 0.25          | GREEDY:100.0%[0m
[92m272    | OBS                  | 2   | TASK_ARRIVED    | CPU_and_Data_Intensive| 140.13            | 140.6           | 0.47          | GREEDY:100.0%[0m
[92m273    | OBS                  | 2   | TASK_ARRIVED    | Generic_Service       | 140.23            | 140.4           | 0.17          | GREEDY:100.0%[0m
[92m274    | OBS                  | 2   | TASK_ARRIVED    | CPU_and_Data_Intensive| 141.35            | 141.6           | 0.26          | GREEDY:100.0%[0m
[92m275    | OBS                  | 2   | TASK_ARRIVED    | CPU_Intensive         | 142.69            | 142.8           | 0.11          | GREEDY:100.0%[0m
[92m276    | OBS                  | 2   | TASK_ARRIVED    | CPU_Intensive         | 143.39            | 144.41          | 1.02          | GREEDY:100.0%[0m
[92m277    | OBS                  | 2   | TASK_ARRIVED    | Generic_Service       | 144.24            | 144.51          | 0.27          | GREEDY:100.0%[0m
[92m278    | OBS                  | 2   | TASK_ARRIVED    | CPU_Intensive         | 144.42            | 145.51          | 1.1           | GREEDY:100.0%[0m
[92m279    | OBS                  | 2   | TASK_ARRIVED    | Generic_Service       | 144.46            | 144.71          | 0.25          | GREEDY:100.0%[0m
[92m280    | OBS                  | 2   | TASK_ARRIVED    | CPU_and_Data_Intensive| 144.83            | 145.41          | 0.58          | GREEDY:100.0%[0m
[92m281    | OBS                  | 2   | TASK_ARRIVED    | Generic_Service       | 145.01            | 145.21          | 0.2           | GREEDY:100.0%[0m
[92m282    | OBS                  | 2   | TASK_ARRIVED    | Generic_Service       | 145.44            | 145.71          | 0.27          | GREEDY:100.0%[0m
[92m283    | OBS                  | 2   | TASK_ARRIVED    | CPU_and_Data_Intensive| 145.8             | 146.72          | 0.91          | GREEDY:100.0%[0m
[92m284    | OBS                  | 2   | TASK_ARRIVED    | CPU_and_Data_Intensive| 146.1             | 147.42          | 1.32          | GREEDY:100.0%[0m
[92m285    | OBS                  | 2   | TASK_ARRIVED    | CPU_Intensive         | 146.48            | 146.52          | 0.03          | GREEDY:100.0%[0m
[92m286    | OBS                  | 2   | TASK_ARRIVED    | Generic_Service       | 148.46            | 148.72          | 0.25          | GREEDY:100.0%[0m
[92m287    | OBS                  | 2   | TASK_ARRIVED    | Generic_Service       | 151.44            | 151.62          | 0.19          | GREEDY:100.0%[0m
[92m288    | OBS                  | 2   | TASK_ARRIVED    | Generic_Service       | 152.53            | 152.72          | 0.19          | GREEDY:100.0%[0m
[92m289    | OBS                  | 2   | TASK_ARRIVED    | Generic_Service       | 153.16            | 153.32          | 0.16          | GREEDY:100.0%[0m
[92m290    | OBS                  | 2   | TASK_ARRIVED    | CPU_and_Data_Intensive| 153.29            | 153.73          | 0.44          | GREEDY:100.0%[0m
[92m291    | OBS                  | 2   | TASK_ARRIVED    | CPU_and_Data_Intensive| 154.18            | 155.23          | 1.05          | GREEDY:100.0%[0m
[92m292    | OBS                  | 2   | TASK_ARRIVED    | CPU_Intensive         | 155.92            | 156.33          | 0.41          | GREEDY:100.0%[0m
[92m293    | OBS                  | 2   | TASK_ARRIVED    | CPU_and_Data_Intensive| 156.03            | 156.13          | 0.09          | GREEDY:100.0%[0m
[92m294    | OBS                  | 2   | TASK_ARRIVED    | CPU_and_Data_Intensive| 156.51            | 157.13          | 0.62          | GREEDY:100.0%[0m
[92m295    | OBS                  | 2   | TASK_ARRIVED    | Generic_Service       | 158.13            | 158.23          | 0.11          | GREEDY:100.0%[0m
[92m296    | OBS                  | 2   | TASK_ARRIVED    | Generic_Service       | 158.29            | 158.33          | 0.04          | GREEDY:100.0%[0m
[92m297    | OBS                  | 2   | TASK_ARRIVED    | Generic_Service       | 159.01            | 159.23          | 0.22          | GREEDY:100.0%[0m
[92m298    | OBS                  | 1   | TASK_ARRIVED    | Generic_Service       | 159.04            | 159.13          | 0.09          | GREEDY:100.0%[0m
[92m299    | OBS                  | 2   | TASK_ARRIVED    | Generic_Service       | 159.82            | 160.04          | 0.22          | GREEDY:100.0%[0m
[92m300    | OBS                  | 1   | TASK_ARRIVED    | Generic_Service       | 159.89            | 160.03          | 0.15          | GREEDY:100.0%[0m
[92m301    | OBS                  | 2   | TASK_ARRIVED    | CPU_Intensive         | 160.86            | 161.54          | 0.68          | GREEDY:100.0%[0m
[92m302    | OBS                  | 2   | TASK_ARRIVED    | Generic_Service       | 161.46            | 161.64          | 0.18          | GREEDY:100.0%[0m
[92m303    | OBS                  | 2   | TASK_ARRIVED    | Generic_Service       | 161.76            | 161.84          | 0.08          | GREEDY:100.0%[0m
[92m304    | OBS                  | 2   | TASK_ARRIVED    | Generic_Service       | 161.83            | 161.94          | 0.11          | GREEDY:100.0%[0m
[92m305    | OBS                  | 2   | TASK_ARRIVED    | CPU_and_Data_Intensive| 162.86            | 163.24          | 0.39          | GREEDY:100.0%[0m
[92m306    | OBS                  | 2   | TASK_ARRIVED    | CPU_Intensive         | 162.86            | 163.14          | 0.28          | GREEDY:100.0%[0m
[92m307    | OBS                  | 2   | TASK_ARRIVED    | CPU_Intensive         | 163.87            | 164.34          | 0.48          | GREEDY:100.0%[0m
[92m308    | OBS                  | 2   | TASK_ARRIVED    | Generic_Service       | 164.61            | 164.85          | 0.23          | GREEDY:100.0%[0m
[92m309    | OBS                  | 2   | TASK_ARRIVED    | Generic_Service       | 165.83            | 166.05          | 0.22          | GREEDY:100.0%[0m
[92m310    | OBS                  | 2   | TASK_ARRIVED    | CPU_Intensive         | 166.03            | 166.55          | 0.52          | GREEDY:100.0%[0m
[92m311    | OBS                  | 2   | TASK_ARRIVED    | CPU_and_Data_Intensive| 166.1             | 166.45          | 0.35          | GREEDY:100.0%[0m
[92m312    | OBS                  | 2   | TASK_ARRIVED    | CPU_and_Data_Intensive| 166.72            | 166.85          | 0.13          | GREEDY:100.0%[0m
[92m313    | OBS                  | 2   | TASK_ARRIVED    | CPU_and_Data_Intensive| 166.76            | 167.86          | 1.09          | GREEDY:100.0%[0m
[92m314    | OBS                  | 2   | TASK_ARRIVED    | CPU_and_Data_Intensive| 167.16            | 167.35          | 0.2           | GREEDY:100.0%[0m
[92m315    | OBS                  | 2   | TASK_ARRIVED    | CPU_Intensive         | 168.14            | 168.96          | 0.82          | GREEDY:100.0%[0m
[92m316    | OBS                  | 2   | TASK_ARRIVED    | CPU_Intensive         | 168.25            | 168.46          | 0.21          | GREEDY:100.0%[0m
[92m317    | OBS                  | 2   | TASK_ARRIVED    | CPU_Intensive         | 168.59            | 169.56          | 0.97          | GREEDY:100.0%[0m
[92m318    | OBS                  | 2   | TASK_ARRIVED    | Generic_Service       | 169.0             | 169.16          | 0.16          | GREEDY:100.0%[0m
[92m319    | OBS                  | 2   | TASK_ARRIVED    | CPU_Intensive         | 169.26            | 169.46          | 0.2           | GREEDY:100.0%[0m
[92m320    | OBS                  | 2   | TASK_ARRIVED    | CPU_Intensive         | 170.52            | 170.86          | 0.34          | GREEDY:100.0%[0m
[92m321    | OBS                  | 2   | TASK_ARRIVED    | CPU_and_Data_Intensive| 171.68            | 173.97          | 2.29          | GREEDY:100.0%[0m
[92m322    | OBS                  | 1   | TASK_ARRIVED    | Generic_Service       | 171.91            | 172.06          | 0.15          | GREEDY:100.0%[0m
[92m323    | OBS                  | 2   | TASK_ARRIVED    | Generic_Service       | 172.48            | 172.66          | 0.18          | GREEDY:100.0%[0m
[92m324    | OBS                  | 2   | TASK_ARRIVED    | Generic_Service       | 172.58            | 172.77          | 0.18          | GREEDY:100.0%[0m
[92m325    | OBS                  | 2   | TASK_ARRIVED    | CPU_Intensive         | 173.7             | 174.77          | 1.07          | GREEDY:100.0%[0m
[92m326    | OBS                  | 2   | TASK_ARRIVED    | Generic_Service       | 175.35            | 175.57          | 0.22          | GREEDY:100.0%[0m
[92m327    | OBS                  | 2   | TASK_ARRIVED    | Generic_Service       | 175.51            | 175.67          | 0.16          | GREEDY:100.0%[0m
[92m328    | OBS                  | 2   | TASK_ARRIVED    | Generic_Service       | 175.75            | 175.97          | 0.23          | GREEDY:100.0%[0m
[92m329    | OBS                  | 2   | TASK_ARRIVED    | CPU_Intensive         | 176.65            | 177.58          | 0.93          | GREEDY:100.0%[0m
[92m330    | OBS                  | 1   | TASK_ARRIVED    | CPU_Intensive         | 176.9             | 176.97          | 0.07          | GREEDY:100.0%[0m
[92m331    | OBS                  | 1   | TASK_ARRIVED    | CPU_Intensive         | 177.44            | 177.68          | 0.23          | GREEDY:100.0%[0m
[92m332    | OBS                  | 2   | TASK_ARRIVED    | CPU_Intensive         | 177.63            | 178.08          | 0.45          | GREEDY:100.0%[0m
[92m333    | OBS                  | 1   | TASK_ARRIVED    | Generic_Service       | 177.93            | 178.18          | 0.25          | GREEDY:100.0%[0m
[92m334    | OBS                  | 2   | TASK_ARRIVED    | CPU_and_Data_Intensive| 178.15            | 178.48          | 0.33          | GREEDY:100.0%[0m
[92m335    | OBS                  | 2   | TASK_ARRIVED    | Generic_Service       | 178.48            | 178.68          | 0.2           | GREEDY:100.0%[0m
[92m336    | OBS                  | 2   | TASK_ARRIVED    | Generic_Service       | 178.96            | 179.08          | 0.13          | GREEDY:100.0%[0m
[92m337    | OBS                  | 2   | TASK_ARRIVED    | CPU_and_Data_Intensive| 179.64            | 181.59          | 1.95          | GREEDY:100.0%[0m
[92m338    | OBS                  | 2   | TASK_ARRIVED    | CPU_and_Data_Intensive| 180.2             | 180.48          | 0.28          | GREEDY:100.0%[0m
[92m339    | OBS                  | 2   | TASK_ARRIVED    | CPU_Intensive         | 180.71            | 181.19          | 0.47          | GREEDY:100.0%[0m
[92m340    | OBS                  | 2   | TASK_ARRIVED    | Generic_Service       | 181.32            | 181.49          | 0.17          | GREEDY:100.0%[0m
[92m341    | OBS                  | 1   | TASK_ARRIVED    | Generic_Service       | 181.37            | 181.49          | 0.11          | GREEDY:100.0%[0m
[92m342    | OBS                  | 2   | TASK_ARRIVED    | CPU_Intensive         | 181.43            | 181.69          | 0.26          | GREEDY:100.0%[0m
[92m343    | OBS                  | 2   | TASK_ARRIVED    | Generic_Service       | 181.52            | 181.69          | 0.18          | GREEDY:100.0%[0m
[92m344    | OBS                  | 2   | TASK_ARRIVED    | Generic_Service       | 182.34            | 182.5           | 0.16          | GREEDY:100.0%[0m
[92m345    | OBS                  | 2   | TASK_ARRIVED    | CPU_and_Data_Intensive| 182.5             | 183.0           | 0.49          | GREEDY:100.0%[0m
[92m346    | OBS                  | 2   | TASK_ARRIVED    | Generic_Service       | 184.26            | 184.6           | 0.34          | GREEDY:100.0%[0m
[92m347    | OBS                  | 2   | TASK_ARRIVED    | Generic_Service       | 184.67            | 184.8           | 0.13          | GREEDY:100.0%[0m
[92m348    | OBS                  | 2   | TASK_ARRIVED    | CPU_and_Data_Intensive| 185.49            | 185.9           | 0.42          | GREEDY:100.0%[0m
[92m349    | OBS                  | 2   | TASK_ARRIVED    | Generic_Service       | 185.89            | 186.11          | 0.21          | GREEDY:100.0%[0m
[92m350    | OBS                  | 2   | TASK_ARRIVED    | CPU_Intensive         | 186.36            | 187.01          | 0.65          | GREEDY:100.0%[0m
[92m351    | OBS                  | 1   | TASK_ARRIVED    | Generic_Service       | 186.5             | 186.61          | 0.1           | GREEDY:100.0%[0m
[92m352    | OBS                  | 2   | TASK_ARRIVED    | CPU_Intensive         | 187.85            | 188.01          | 0.16          | GREEDY:100.0%[0m
[92m353    | OBS                  | 2   | TASK_ARRIVED    | CPU_and_Data_Intensive| 187.95            | 188.11          | 0.16          | GREEDY:100.0%[0m
[92m354    | OBS                  | 2   | TASK_ARRIVED    | CPU_Intensive         | 188.73            | 189.71          | 0.98          | GREEDY:100.0%[0m
[92m355    | OBS                  | 1   | TASK_ARRIVED    | Generic_Service       | 188.92            | 189.01          | 0.09          | GREEDY:100.0%[0m
[92m356    | OBS                  | 1   | TASK_ARRIVED    | CPU_Intensive         | 189.35            | 189.61          | 0.26          | GREEDY:100.0%[0m
[92m357    | OBS                  | 2   | TASK_ARRIVED    | CPU_Intensive         | 189.46            | 189.61          | 0.16          | GREEDY:100.0%[0m
[92m358    | OBS                  | 2   | TASK_ARRIVED    | CPU_and_Data_Intensive| 190.72            | 192.02          | 1.29          | GREEDY:100.0%[0m
[92m359    | OBS                  | 2   | TASK_ARRIVED    | Generic_Service       | 191.93            | 192.12          | 0.19          | GREEDY:100.0%[0m
[92m360    | OBS                  | 2   | TASK_ARRIVED    | Generic_Service       | 192.58            | 192.72          | 0.14          | GREEDY:100.0%[0m
[92m361    | OBS                  | 2   | TASK_ARRIVED    | Generic_Service       | 193.42            | 193.72          | 0.3           | GREEDY:100.0%[0m
[92m362    | OBS                  | 2   | TASK_ARRIVED    | CPU_Intensive         | 193.63            | 193.82          | 0.19          | GREEDY:100.0%[0m
[92m363    | OBS                  | 2   | TASK_ARRIVED    | Generic_Service       | 194.15            | 194.22          | 0.07          | GREEDY:100.0%[0m
[92m364    | OBS                  | 2   | TASK_ARRIVED    | Generic_Service       | 195.23            | 195.42          | 0.19          | GREEDY:100.0%[0m
[92m365    | OBS                  | 1   | TASK_ARRIVED    | CPU_and_Data_Intensive| 195.36            | 195.92          | 0.56          | GREEDY:100.0%[0m
[92m366    | OBS                  | 2   | TASK_ARRIVED    | CPU_Intensive         | 195.88            | 197.03          | 1.15          | GREEDY:100.0%[0m
[92m367    | OBS                  | 2   | TASK_ARRIVED    | CPU_and_Data_Intensive| 196.01            | 196.13          | 0.12          | GREEDY:100.0%[0m
[92m368    | OBS                  | 2   | TASK_ARRIVED    | Generic_Service       | 196.2             | 196.23          | 0.03          | GREEDY:100.0%[0m
[92m369    | OBS                  | 2   | TASK_ARRIVED    | CPU_and_Data_Intensive| 197.44            | 197.63          | 0.19          | GREEDY:100.0%[0m
[92m370    | OBS                  | 2   | TASK_ARRIVED    | CPU_and_Data_Intensive| 198.98            | 199.43          | 0.45          | GREEDY:100.0%[0m
[92m371    | OBS                  | 2   | TASK_ARRIVED    | CPU_and_Data_Intensive| 199.57            | 200.13          | 0.57          | GREEDY:100.0%[0m
[92m372    | OBS                  | 2   | TASK_ARRIVED    | CPU_and_Data_Intensive| 199.8             | 200.13          | 0.33          | GREEDY:100.0%[0m
[92m373    | OBS                  | 2   | TASK_ARRIVED    | Generic_Service       | 199.83            | 199.93          | 0.1           | GREEDY:100.0%[0m
[92m374    | OBS                  | 2   | TASK_ARRIVED    | CPU_Intensive         | 200.12            | 200.23          | 0.12          | GREEDY:100.0%[0m
[92m375    | OBS                  | 2   | TASK_ARRIVED    | CPU_Intensive         | 200.24            | 202.14          | 1.9           | GREEDY:100.0%[0m
[92m376    | OBS                  | 1   | TASK_ARRIVED    | Generic_Service       | 200.46            | 200.73          | 0.27          | GREEDY:100.0%[0m
[92m377    | OBS                  | 2   | TASK_ARRIVED    | Generic_Service       | 201.06            | 201.34          | 0.28          | GREEDY:100.0%[0m
[92m378    | OBS                  | 2   | TASK_ARRIVED    | CPU_Intensive         | 201.38            | 201.64          | 0.25          | GREEDY:100.0%[0m
[92m379    | OBS                  | 2   | TASK_ARRIVED    | Generic_Service       | 202.15            | 202.34          | 0.19          | GREEDY:100.0%[0m
[92m380    | OBS                  | 2   | TASK_ARRIVED    | Generic_Service       | 202.36            | 202.54          | 0.18          | GREEDY:100.0%[0m
[92m381    | OBS                  | 2   | TASK_ARRIVED    | CPU_and_Data_Intensive| 202.5             | 202.74          | 0.25          | GREEDY:100.0%[0m
[92m382    | OBS                  | 2   | TASK_ARRIVED    | Generic_Service       | 203.23            | 203.44          | 0.22          | GREEDY:100.0%[0m
[92m383    | OBS                  | 2   | TASK_ARRIVED    | CPU_Intensive         | 203.62            | 203.75          | 0.13          | GREEDY:100.0%[0m
[92m384    | OBS                  | 2   | TASK_ARRIVED    | CPU_Intensive         | 203.96            | 204.15          | 0.19          | GREEDY:100.0%[0m
[92m385    | OBS                  | 2   | TASK_ARRIVED    | CPU_and_Data_Intensive| 204.35            | 204.85          | 0.5           | GREEDY:100.0%[0m
[92m386    | OBS                  | 2   | TASK_ARRIVED    | CPU_Intensive         | 204.36            | 204.65          | 0.29          | GREEDY:100.0%[0m
[92m387    | OBS                  | 2   | TASK_ARRIVED    | CPU_and_Data_Intensive| 204.51            | 205.35          | 0.84          | GREEDY:100.0%[0m
[92m388    | OBS                  | 2   | TASK_ARRIVED    | CPU_Intensive         | 204.72            | 204.95          | 0.24          | GREEDY:100.0%[0m
[92m389    | OBS                  | 2   | TASK_ARRIVED    | Generic_Service       | 204.83            | 205.05          | 0.23          | GREEDY:100.0%[0m
[92m390    | OBS                  | 2   | TASK_ARRIVED    | CPU_Intensive         | 205.11            | 205.46          | 0.34          | GREEDY:100.0%[0m
[92m391    | OBS                  | 2   | TASK_ARRIVED    | CPU_Intensive         | 205.59            | 205.86          | 0.26          | GREEDY:100.0%[0m
[92m392    | OBS                  | 2   | TASK_ARRIVED    | Generic_Service       | 206.49            | 206.56          | 0.06          | GREEDY:100.0%[0m
[92m393    | OBS                  | 2   | TASK_ARRIVED    | CPU_and_Data_Intensive| 206.81            | 207.76          | 0.95          | GREEDY:100.0%[0m
[92m394    | OBS                  | 2   | TASK_ARRIVED    | CPU_Intensive         | 206.94            | 207.06          | 0.12          | GREEDY:100.0%[0m
[92m395    | OBS                  | 2   | TASK_ARRIVED    | CPU_Intensive         | 207.07            | 207.86          | 0.8           | GREEDY:100.0%[0m
[92m396    | OBS                  | 2   | TASK_ARRIVED    | Generic_Service       | 207.54            | 207.66          | 0.12          | GREEDY:100.0%[0m
[92m397    | OBS                  | 2   | TASK_ARRIVED    | Generic_Service       | 207.61            | 207.76          | 0.15          | GREEDY:100.0%[0m
[92m398    | OBS                  | 2   | TASK_ARRIVED    | Generic_Service       | 208.01            | 208.06          | 0.06          | GREEDY:100.0%[0m
[92m399    | OBS                  | 2   | TASK_ARRIVED    | Generic_Service       | 208.36            | 208.47          | 0.1           | GREEDY:100.0%[0m
[92m400    | OBS                  | 2   | TASK_ARRIVED    | Generic_Service       | 208.44            | 208.57          | 0.12          | GREEDY:100.0%[0m
[92m401    | OBS                  | 2   | TASK_ARRIVED    | CPU_Intensive         | 210.74            | 213.17          | 2.43          | GREEDY:100.0%[0m
[92m402    | OBS                  | 1   | TASK_ARRIVED    | CPU_Intensive         | 212.09            | 212.67          | 0.58          | GREEDY:100.0%[0m
[92m403    | OBS                  | 2   | TASK_ARRIVED    | Generic_Service       | 212.55            | 212.77          | 0.22          | GREEDY:100.0%[0m
[92m404    | OBS                  | 1   | TASK_ARRIVED    | Generic_Service       | 212.99            | 213.17          | 0.18          | GREEDY:100.0%[0m
[92m405    | OBS                  | 2   | TASK_ARRIVED    | CPU_and_Data_Intensive| 213.63            | 214.47          | 0.84          | GREEDY:100.0%[0m
[92m406    | OBS                  | 2   | TASK_ARRIVED    | Generic_Service       | 214.05            | 214.27          | 0.22          | GREEDY:100.0%[0m
[92m407    | OBS                  | 2   | TASK_ARRIVED    | CPU_and_Data_Intensive| 214.66            | 215.07          | 0.41          | GREEDY:100.0%[0m
[92m408    | OBS                  | 2   | TASK_ARRIVED    | Generic_Service       | 215.11            | 215.17          | 0.06          | GREEDY:100.0%[0m
[92m409    | OBS                  | 2   | TASK_ARRIVED    | Generic_Service       | 215.16            | 215.27          | 0.11          | GREEDY:100.0%[0m
[92m410    | OBS                  | 2   | TASK_ARRIVED    | Generic_Service       | 215.33            | 215.48          | 0.15          | GREEDY:100.0%[0m
[92m411    | OBS                  | 2   | TASK_ARRIVED    | CPU_and_Data_Intensive| 216.14            | 216.68          | 0.53          | GREEDY:100.0%[0m
[92m412    | OBS                  | 1   | TASK_ARRIVED    | Generic_Service       | 216.31            | 216.38          | 0.06          | GREEDY:100.0%[0m
[92m413    | OBS                  | 2   | TASK_ARRIVED    | CPU_Intensive         | 216.33            | 217.18          | 0.85          | GREEDY:100.0%[0m
[92m414    | OBS                  | 1   | TASK_ARRIVED    | Generic_Service       | 216.37            | 216.58          | 0.21          | GREEDY:100.0%[0m
[92m415    | OBS                  | 2   | TASK_ARRIVED    | Generic_Service       | 216.43            | 216.58          | 0.15          | GREEDY:100.0%[0m
[92m416    | OBS                  | 2   | TASK_ARRIVED    | Generic_Service       | 217.25            | 217.38          | 0.13          | GREEDY:100.0%[0m
[92m417    | OBS                  | 2   | TASK_ARRIVED    | CPU_and_Data_Intensive| 217.79            | 218.18          | 0.39          | GREEDY:100.0%[0m
[92m418    | OBS                  | 1   | TASK_ARRIVED    | CPU_Intensive         | 217.95            | 218.38          | 0.43          | GREEDY:100.0%[0m
[92m419    | OBS                  | 1   | TASK_ARRIVED    | CPU_and_Data_Intensive| 218.72            | 218.88          | 0.17          | GREEDY:100.0%[0m
[92m420    | OBS                  | 1   | TASK_ARRIVED    | Generic_Service       | 219.89            | 219.98          | 0.09          | GREEDY:100.0%[0m
[92m421    | OBS                  | 1   | TASK_ARRIVED    | CPU_and_Data_Intensive| 220.02            | 220.48          | 0.47          | GREEDY:100.0%[0m
[92m422    | OBS                  | 2   | TASK_ARRIVED    | CPU_and_Data_Intensive| 220.04            | 220.28          | 0.24          | GREEDY:100.0%[0m
[92m423    | OBS                  | 1   | TASK_ARRIVED    | CPU_and_Data_Intensive| 221.32            | 223.19          | 1.87          | GREEDY:100.0%[0m
[92m424    | OBS                  | 2   | TASK_ARRIVED    | CPU_and_Data_Intensive| 222.32            | 223.09          | 0.77          | GREEDY:100.0%[0m
[92m425    | OBS                  | 2   | TASK_ARRIVED    | CPU_and_Data_Intensive| 222.45            | 222.89          | 0.44          | GREEDY:100.0%[0m
[92m426    | OBS                  | 2   | TASK_ARRIVED    | CPU_Intensive         | 222.93            | 223.79          | 0.86          | GREEDY:100.0%[0m
[92m427    | OBS                  | 2   | TASK_ARRIVED    | CPU_and_Data_Intensive| 224.33            | 224.49          | 0.16          | GREEDY:100.0%[0m
[92m428    | OBS                  | 2   | TASK_ARRIVED    | CPU_and_Data_Intensive| 225.09            | 226.29          | 1.2           | GREEDY:100.0%[0m
[92m429    | OBS                  | 1   | TASK_ARRIVED    | Generic_Service       | 225.47            | 225.59          | 0.12          | GREEDY:100.0%[0m
[92m430    | OBS                  | 1   | TASK_ARRIVED    | CPU_and_Data_Intensive| 226.27            | 227.4           | 1.13          | GREEDY:100.0%[0m
[92m431    | OBS                  | 2   | TASK_ARRIVED    | CPU_Intensive         | 226.44            | 226.49          | 0.05          | GREEDY:100.0%[0m
[92m432    | OBS                  | 2   | TASK_ARRIVED    | Generic_Service       | 226.77            | 227.0           | 0.22          | GREEDY:100.0%[0m
[92m433    | OBS                  | 2   | TASK_ARRIVED    | Generic_Service       | 226.89            | 227.0           | 0.11          | GREEDY:100.0%[0m
[92m434    | OBS                  | 2   | TASK_ARRIVED    | Generic_Service       | 227.13            | 227.4           | 0.27          | GREEDY:100.0%[0m
[92m435    | OBS                  | 2   | TASK_ARRIVED    | Generic_Service       | 228.34            | 228.4           | 0.06          | GREEDY:100.0%[0m
[92m436    | OBS                  | 1   | TASK_ARRIVED    | CPU_and_Data_Intensive| 228.36            | 228.6           | 0.24          | GREEDY:100.0%[0m
[92m437    | OBS                  | 2   | TASK_ARRIVED    | Generic_Service       | 229.66            | 229.7           | 0.04          | GREEDY:100.0%[0m
[92m438    | OBS                  | 2   | TASK_ARRIVED    | CPU_Intensive         | 230.22            | 230.7           | 0.49          | GREEDY:100.0%[0m
[92m439    | OBS                  | 2   | TASK_ARRIVED    | Generic_Service       | 230.95            | 231.11          | 0.15          | GREEDY:100.0%[0m
[92m440    | OBS                  | 2   | TASK_ARRIVED    | CPU_Intensive         | 231.41            | 231.61          | 0.2           | GREEDY:100.0%[0m
[92m441    | OBS                  | 2   | TASK_ARRIVED    | CPU_Intensive         | 232.9             | 233.21          | 0.31          | GREEDY:100.0%[0m
[92m442    | OBS                  | 2   | TASK_ARRIVED    | CPU_Intensive         | 232.92            | 233.21          | 0.3           | GREEDY:100.0%[0m
[92m443    | OBS                  | 2   | TASK_ARRIVED    | Generic_Service       | 232.92            | 233.11          | 0.19          | GREEDY:100.0%[0m
[92m444    | OBS                  | 2   | TASK_ARRIVED    | CPU_and_Data_Intensive| 233.06            | 233.62          | 0.55          | GREEDY:100.0%[0m
[92m445    | OBS                  | 2   | TASK_ARRIVED    | CPU_and_Data_Intensive| 233.17            | 234.83          | 1.66          | GREEDY:100.0%[0m
[92m446    | OBS                  | 2   | TASK_ARRIVED    | CPU_and_Data_Intensive| 233.22            | 234.62          | 1.4           | GREEDY:100.0%[0m
[92m447    | OBS                  | 2   | TASK_ARRIVED    | CPU_and_Data_Intensive| 233.27            | 233.52          | 0.24          | GREEDY:100.0%[0m
[92m448    | OBS                  | 2   | TASK_ARRIVED    | Generic_Service       | 233.29            | 233.52          | 0.23          | GREEDY:100.0%[0m
[92m449    | OBS                  | 2   | TASK_ARRIVED    | CPU_Intensive         | 233.52            | 233.72          | 0.2           | GREEDY:100.0%[0m
[92m450    | OBS                  | 2   | TASK_ARRIVED    | Generic_Service       | 233.59            | 233.72          | 0.13          | GREEDY:100.0%[0m
[92m451    | OBS                  | 2   | TASK_ARRIVED    | CPU_Intensive         | 233.69            | 234.93          | 1.24          | GREEDY:100.0%[0m
[92m452    | OBS                  | 2   | TASK_ARRIVED    | CPU_Intensive         | 233.7             | 234.73          | 1.03          | GREEDY:100.0%[0m
[92m453    | OBS                  | 2   | TASK_ARRIVED    | CPU_Intensive         | 234.41            | 234.73          | 0.31          | GREEDY:100.0%[0m
[92m454    | OBS                  | 2   | TASK_ARRIVED    | CPU_and_Data_Intensive| 234.77            | 235.33          | 0.56          | GREEDY:100.0%[0m
[92m455    | OBS                  | 2   | TASK_ARRIVED    | CPU_and_Data_Intensive| 234.89            | 235.23          | 0.34          | GREEDY:100.0%[0m
[92m456    | OBS                  | 2   | TASK_ARRIVED    | CPU_and_Data_Intensive| 234.91            | 235.63          | 0.72          | GREEDY:100.0%[0m
[92m457    | OBS                  | 2   | TASK_ARRIVED    | Generic_Service       | 235.79            | 235.83          | 0.04          | GREEDY:100.0%[0m
[92m458    | OBS                  | 2   | TASK_ARRIVED    | CPU_Intensive         | 235.82            | 236.44          | 0.62          | GREEDY:100.0%[0m
[92m459    | OBS                  | 2   | TASK_ARRIVED    | Generic_Service       | 235.83            | 235.94          | 0.11          | GREEDY:100.0%[0m
[92m460    | OBS                  | 2   | TASK_ARRIVED    | CPU_and_Data_Intensive| 235.84            | 236.14          | 0.29          | GREEDY:100.0%[0m
[92m461    | OBS                  | 2   | TASK_ARRIVED    | Generic_Service       | 236.35            | 236.44          | 0.09          | GREEDY:100.0%[0m
[92m462    | OBS                  | 2   | TASK_ARRIVED    | Generic_Service       | 236.59            | 236.74          | 0.15          | GREEDY:100.0%[0m
[92m463    | OBS                  | 2   | TASK_ARRIVED    | CPU_and_Data_Intensive| 237.05            | 237.65          | 0.6           | GREEDY:100.0%[0m
[92m464    | OBS                  | 2   | TASK_ARRIVED    | CPU_and_Data_Intensive| 237.41            | 237.54          | 0.14          | GREEDY:100.0%[0m
[92m465    | OBS                  | 2   | TASK_ARRIVED    | Generic_Service       | 237.82            | 237.95          | 0.13          | GREEDY:100.0%[0m
[92m466    | OBS                  | 2   | TASK_ARRIVED    | CPU_and_Data_Intensive| 238.25            | 238.65          | 0.4           | GREEDY:100.0%[0m
[92m467    | OBS                  | 2   | TASK_ARRIVED    | CPU_Intensive         | 239.79            | 240.05          | 0.26          | GREEDY:100.0%[0m
[92m468    | OBS                  | 2   | TASK_ARRIVED    | Generic_Service       | 240.16            | 240.25          | 0.09          | GREEDY:100.0%[0m
[92m469    | OBS                  | 2   | TASK_ARRIVED    | CPU_Intensive         | 240.22            | 240.55          | 0.33          | GREEDY:100.0%[0m
[92m470    | OBS                  | 2   | TASK_ARRIVED    | CPU_Intensive         | 241.27            | 241.76          | 0.49          | GREEDY:100.0%[0m
[92m471    | OBS                  | 2   | TASK_ARRIVED    | CPU_Intensive         | 241.3             | 241.56          | 0.25          | GREEDY:100.0%[0m
[92m472    | OBS                  | 2   | TASK_ARRIVED    | CPU_Intensive         | 241.76            | 242.06          | 0.3           | GREEDY:100.0%[0m
[92m473    | OBS                  | 2   | TASK_ARRIVED    | CPU_and_Data_Intensive| 243.88            | 246.06          | 2.18          | GREEDY:100.0%[0m
[92m474    | OBS                  | 2   | TASK_ARRIVED    | Generic_Service       | 244.6             | 244.76          | 0.16          | GREEDY:100.0%[0m
[92m475    | OBS                  | 2   | TASK_ARRIVED    | Generic_Service       | 244.71            | 244.96          | 0.26          | GREEDY:100.0%[0m
[92m476    | OBS                  | 2   | TASK_ARRIVED    | CPU_and_Data_Intensive| 247.18            | 247.57          | 0.38          | GREEDY:100.0%[0m
[92m477    | OBS                  | 2   | TASK_ARRIVED    | CPU_and_Data_Intensive| 248.52            | 248.77          | 0.25          | GREEDY:100.0%[0m
[92m478    | OBS                  | 2   | TASK_ARRIVED    | CPU_and_Data_Intensive| 249.68            | 250.07          | 0.39          | GREEDY:100.0%[0m
[92m479    | OBS                  | 2   | TASK_ARRIVED    | CPU_Intensive         | 250.68            | 250.97          | 0.29          | GREEDY:100.0%[0m
[92m480    | OBS                  | 2   | TASK_ARRIVED    | CPU_and_Data_Intensive| 251.39            | 252.67          | 1.29          | GREEDY:100.0%[0m
[92m481    | OBS                  | 1   | TASK_ARRIVED    | Generic_Service       | 251.88            | 251.97          | 0.09          | GREEDY:100.0%[0m
[92m482    | OBS                  | 1   | TASK_ARRIVED    | CPU_and_Data_Intensive| 252.12            | 252.77          | 0.65          | GREEDY:100.0%[0m
[92m483    | OBS                  | 1   | TASK_ARRIVED    | CPU_and_Data_Intensive| 252.49            | 252.67          | 0.18          | GREEDY:100.0%[0m
[92m484    | OBS                  | 2   | TASK_ARRIVED    | CPU_Intensive         | 252.68            | 253.17          | 0.49          | GREEDY:100.0%[0m
[92m485    | OBS                  | 2   | TASK_ARRIVED    | CPU_Intensive         | 253.06            | 256.48          | 3.42          | GREEDY:100.0%[0m
[92m486    | OBS                  | 2   | TASK_ARRIVED    | CPU_Intensive         | 254.36            | 254.97          | 0.62          | GREEDY:100.0%[0m
[92m487    | OBS                  | 2   | TASK_ARRIVED    | Generic_Service       | 255.31            | 255.48          | 0.17          | GREEDY:100.0%[0m
[92m488    | OBS                  | 2   | TASK_ARRIVED    | CPU_Intensive         | 256.34            | 256.88          | 0.54          | GREEDY:100.0%[0m
[92m489    | OBS                  | 1   | TASK_ARRIVED    | Generic_Service       | 256.39            | 256.48          | 0.09          | GREEDY:100.0%[0m
[92m490    | OBS                  | 2   | TASK_ARRIVED    | Generic_Service       | 256.99            | 257.18          | 0.19          | GREEDY:100.0%[0m
[92m492    | OBS                  | 2   | TASK_ARRIVED    | CPU_and_Data_Intensive| 257.49            | 257.78          | 0.29          | GREEDY:100.0%[0m
[92m494    | OBS                  | 2   | TASK_ARRIVED    | Generic_Service       | 258.25            | 258.38          | 0.13          | GREEDY:100.0%[0m
[92m495    | OBS                  | 2   | TASK_ARRIVED    | Generic_Service       | 259.12            | 259.28          | 0.17          | GREEDY:100.0%[0m
[92m496    | OBS                  | 2   | TASK_ARRIVED    | CPU_Intensive         | 259.3             | 259.59          | 0.28          | GREEDY:100.0%[0m
[92m497    | OBS                  | 2   | TASK_ARRIVED    | CPU_and_Data_Intensive| 259.5             | 259.69          | 0.18          | GREEDY:100.0%[0m
[92m498    | OBS                  | 2   | TASK_ARRIVED    | CPU_and_Data_Intensive| 259.57            | 261.7           | 2.12          | GREEDY:100.0%[0m
[92m499    | OBS                  | 2   | TASK_ARRIVED    | CPU_Intensive         | 259.79            | 260.29          | 0.5           | GREEDY:100.0%[0m
[92m500    | OBS                  | 2   | TASK_ARRIVED    | CPU_and_Data_Intensive| 259.96            | 260.59          | 0.63          | GREEDY:100.0%[0m
[92m501    | OBS                  | 2   | TASK_ARRIVED    | Generic_Service       | 260.0             | 260.19          | 0.19          | GREEDY:100.0%[0m
[92m502    | OBS                  | 2   | TASK_ARRIVED    | CPU_Intensive         | 260.13            | 261.49          | 1.37          | GREEDY:100.0%[0m
[92m503    | OBS                  | 1   | TASK_ARRIVED    | Generic_Service       | 260.39            | 260.49          | 0.1           | GREEDY:100.0%[0m
[92m504    | OBS                  | 1   | TASK_ARRIVED    | Generic_Service       | 260.58            | 260.69          | 0.11          | GREEDY:100.0%[0m
[92m505    | OBS                  | 2   | TASK_ARRIVED    | CPU_and_Data_Intensive| 261.38            | 261.8           | 0.41          | GREEDY:100.0%[0m
[92m506    | OBS                  | 1   | TASK_ARRIVED    | Generic_Service       | 261.4             | 261.49          | 0.09          | GREEDY:100.0%[0m
[92m507    | OBS                  | 2   | TASK_ARRIVED    | Generic_Service       | 262.28            | 262.5           | 0.22          | GREEDY:100.0%[0m
[92m508    | OBS                  | 2   | TASK_ARRIVED    | Generic_Service       | 262.45            | 262.7           | 0.24          | GREEDY:100.0%[0m
[92m509    | OBS                  | 2   | TASK_ARRIVED    | Generic_Service       | 262.62            | 262.8           | 0.18          | GREEDY:100.0%[0m
[92m510    | OBS                  | 2   | TASK_ARRIVED    | Generic_Service       | 262.69            | 262.9           | 0.21          | GREEDY:100.0%[0m
[92m511    | OBS                  | 2   | TASK_ARRIVED    | Generic_Service       | 262.96            | 263.1           | 0.14          | GREEDY:100.0%[0m
[92m512    | OBS                  | 2   | TASK_ARRIVED    | CPU_Intensive         | 263.06            | 263.3           | 0.25          | GREEDY:100.0%[0m
[92m513    | OBS                  | 2   | TASK_ARRIVED    | Generic_Service       | 263.14            | 263.4           | 0.26          | GREEDY:100.0%[0m
[92m514    | OBS                  | 2   | TASK_ARRIVED    | Generic_Service       | 263.73            | 263.9           | 0.18          | GREEDY:100.0%[0m
[92m515    | OBS                  | 2   | TASK_ARRIVED    | CPU_and_Data_Intensive| 264.79            | 265.81          | 1.02          | GREEDY:100.0%[0m
[92m516    | OBS                  | 2   | TASK_ARRIVED    | CPU_Intensive         | 265.0             | 265.71          | 0.71          | GREEDY:100.0%[0m
[92m517    | OBS                  | 2   | TASK_ARRIVED    | Generic_Service       | 265.36            | 265.61          | 0.24          | GREEDY:100.0%[0m
[92m518    | OBS                  | 2   | TASK_ARRIVED    | CPU_Intensive         | 265.76            | 266.01          | 0.25          | GREEDY:100.0%[0m
[92m519    | OBS                  | 2   | TASK_ARRIVED    | CPU_and_Data_Intensive| 266.61            | 267.11          | 0.5           | GREEDY:100.0%[0m
[92m520    | OBS                  | 2   | TASK_ARRIVED    | CPU_Intensive         | 266.96            | 267.72          | 0.76          | GREEDY:100.0%[0m
[92m521    | OBS                  | 2   | TASK_ARRIVED    | CPU_and_Data_Intensive| 267.27            | 267.62          | 0.35          | GREEDY:100.0%[0m
[92m522    | OBS                  | 2   | TASK_ARRIVED    | Generic_Service       | 267.31            | 267.42          | 0.11          | GREEDY:100.0%[0m
[92m523    | OBS                  | 2   | TASK_ARRIVED    | CPU_and_Data_Intensive| 267.84            | 268.82          | 0.98          | GREEDY:100.0%[0m
[92m524    | OBS                  | 2   | TASK_ARRIVED    | Generic_Service       | 268.52            | 268.92          | 0.4           | GREEDY:100.0%[0m
[92m525    | OBS                  | 2   | TASK_ARRIVED    | Generic_Service       | 269.08            | 269.22          | 0.15          | GREEDY:100.0%[0m
[92m526    | OBS                  | 2   | TASK_ARRIVED    | CPU_Intensive         | 269.15            | 270.93          | 1.78          | GREEDY:100.0%[0m
[92m527    | OBS                  | 1   | TASK_ARRIVED    | Generic_Service       | 269.29            | 269.42          | 0.13          | GREEDY:100.0%[0m
[92m528    | OBS                  | 1   | TASK_ARRIVED    | Generic_Service       | 270.64            | 270.72          | 0.08          | GREEDY:100.0%[0m
[92m529    | OBS                  | 2   | TASK_ARRIVED    | CPU_Intensive         | 270.86            | 271.33          | 0.47          | GREEDY:100.0%[0m
[92m530    | OBS                  | 2   | TASK_ARRIVED    | CPU_and_Data_Intensive| 271.7             | 272.73          | 1.03          | GREEDY:100.0%[0m
[92m531    | OBS                  | 2   | TASK_ARRIVED    | CPU_Intensive         | 272.12            | 274.14          | 2.01          | GREEDY:100.0%[0m
[92m532    | OBS                  | 2   | TASK_ARRIVED    | CPU_Intensive         | 272.33            | 272.53          | 0.2           | GREEDY:100.0%[0m
[92m533    | OBS                  | 2   | TASK_ARRIVED    | Generic_Service       | 272.81            | 272.93          | 0.13          | GREEDY:100.0%[0m
[92m534    | OBS                  | 2   | TASK_ARRIVED    | CPU_and_Data_Intensive| 274.62            | 275.34          | 0.72          | GREEDY:100.0%[0m
[92m535    | OBS                  | 2   | TASK_ARRIVED    | CPU_Intensive         | 275.31            | 275.84          | 0.53          | GREEDY:100.0%[0m
[92m536    | OBS                  | 2   | TASK_ARRIVED    | CPU_and_Data_Intensive| 275.33            | 276.34          | 1.02          | GREEDY:100.0%[0m
[92m537    | OBS                  | 1   | TASK_ARRIVED    | CPU_and_Data_Intensive| 275.34            | 276.44          | 1.11          | GREEDY:100.0%[0m
[92m538    | OBS                  | 1   | TASK_ARRIVED    | CPU_and_Data_Intensive| 275.42            | 276.74          | 1.33          | GREEDY:100.0%[0m
[92m539    | OBS                  | 2   | TASK_ARRIVED    | Generic_Service       | 275.58            | 275.64          | 0.05          | GREEDY:100.0%[0m
[92m540    | OBS                  | 2   | TASK_ARRIVED    | CPU_and_Data_Intensive| 275.6             | 276.14          | 0.54          | GREEDY:100.0%[0m
[92m541    | OBS                  | 2   | TASK_ARRIVED    | Generic_Service       | 275.66            | 275.94          | 0.28          | GREEDY:100.0%[0m
[92m542    | OBS                  | 2   | TASK_ARRIVED    | CPU_Intensive         | 276.34            | 278.55          | 2.21          | GREEDY:100.0%[0m
[92m543    | OBS                  | 2   | TASK_ARRIVED    | Generic_Service       | 276.64            | 276.85          | 0.2           | GREEDY:100.0%[0m
[92m544    | OBS                  | 2   | TASK_ARRIVED    | Generic_Service       | 277.08            | 277.25          | 0.16          | GREEDY:100.0%[0m
[92m545    | OBS                  | 2   | TASK_ARRIVED    | Generic_Service       | 277.2             | 277.65          | 0.45          | GREEDY:100.0%[0m
[92m546    | OBS                  | 2   | TASK_ARRIVED    | CPU_and_Data_Intensive| 277.56            | 278.05          | 0.49          | GREEDY:100.0%[0m
[92m547    | OBS                  | 1   | TASK_ARRIVED    | CPU_and_Data_Intensive| 277.68            | 277.75          | 0.07          | GREEDY:100.0%[0m
[92m548    | OBS                  | 1   | TASK_ARRIVED    | CPU_and_Data_Intensive| 277.91            | 277.95          | 0.04          | GREEDY:100.0%[0m
[92m549    | OBS                  | 2   | TASK_ARRIVED    | Generic_Service       | 278.74            | 278.95          | 0.22          | GREEDY:100.0%[0m
[92m550    | OBS                  | 2   | TASK_ARRIVED    | CPU_Intensive         | 278.88            | 280.76          | 1.88          | GREEDY:100.0%[0m
[92m551    | OBS                  | 2   | TASK_ARRIVED    | CPU_Intensive         | 279.19            | 279.46          | 0.27          | GREEDY:100.0%[0m
[92m552    | OBS                  | 2   | TASK_ARRIVED    | CPU_Intensive         | 280.39            | 280.86          | 0.47          | GREEDY:100.0%[0m
[92m553    | OBS                  | 2   | TASK_ARRIVED    | Generic_Service       | 280.47            | 280.66          | 0.18          | GREEDY:100.0%[0m
[92m554    | OBS                  | 2   | TASK_ARRIVED    | CPU_Intensive         | 280.91            | 281.36          | 0.45          | GREEDY:100.0%[0m
[92m555    | OBS                  | 2   | TASK_ARRIVED    | CPU_Intensive         | 281.05            | 281.26          | 0.22          | GREEDY:100.0%[0m
[92m556    | OBS                  | 2   | TASK_ARRIVED    | Generic_Service       | 281.72            | 281.86          | 0.14          | GREEDY:100.0%[0m
[92m557    | OBS                  | 2   | TASK_ARRIVED    | Generic_Service       | 281.91            | 282.16          | 0.25          | GREEDY:100.0%[0m
[92m558    | OBS                  | 2   | TASK_ARRIVED    | Generic_Service       | 282.25            | 282.37          | 0.12          | GREEDY:100.0%[0m
[92m559    | OBS                  | 2   | TASK_ARRIVED    | Generic_Service       | 283.2             | 283.37          | 0.17          | GREEDY:100.0%[0m
[92m560    | OBS                  | 2   | TASK_ARRIVED    | CPU_Intensive         | 283.24            | 283.77          | 0.53          | GREEDY:100.0%[0m
[92m561    | OBS                  | 2   | TASK_ARRIVED    | CPU_Intensive         | 285.04            | 286.07          | 1.03          | GREEDY:100.0%[0m
[92m562    | OBS                  | 2   | TASK_ARRIVED    | Generic_Service       | 286.26            | 286.47          | 0.21          | GREEDY:100.0%[0m
[92m563    | OBS                  | 2   | TASK_ARRIVED    | CPU_and_Data_Intensive| 286.28            | 287.77          | 1.49          | GREEDY:100.0%[0m
[92m564    | OBS                  | 2   | TASK_ARRIVED    | CPU_and_Data_Intensive| 287.62            | 287.87          | 0.25          | GREEDY:100.0%[0m
[92m565    | OBS                  | 2   | TASK_ARRIVED    | CPU_Intensive         | 287.77            | 288.18          | 0.41          | GREEDY:100.0%[0m
[92m566    | OBS                  | 2   | TASK_ARRIVED    | Generic_Service       | 288.44            | 288.68          | 0.24          | GREEDY:100.0%[0m
[92m567    | OBS                  | 2   | TASK_ARRIVED    | Generic_Service       | 289.04            | 289.28          | 0.24          | GREEDY:100.0%[0m
[92m568    | OBS                  | 2   | TASK_ARRIVED    | Generic_Service       | 289.73            | 289.98          | 0.24          | GREEDY:100.0%[0m
[92m569    | OBS                  | 2   | TASK_ARRIVED    | Generic_Service       | 289.99            | 290.18          | 0.19          | GREEDY:100.0%[0m
[92m570    | OBS                  | 2   | TASK_ARRIVED    | Generic_Service       | 290.38            | 290.58          | 0.2           | GREEDY:100.0%[0m
[92m571    | OBS                  | 2   | TASK_ARRIVED    | Generic_Service       | 290.75            | 290.88          | 0.13          | GREEDY:100.0%[0m
[92m572    | OBS                  | 2   | TASK_ARRIVED    | CPU_and_Data_Intensive| 291.28            | 292.39          | 1.11          | GREEDY:100.0%[0m
[92m573    | OBS                  | 2   | TASK_ARRIVED    | Generic_Service       | 291.82            | 291.88          | 0.07          | GREEDY:100.0%[0m
[92m574    | OBS                  | 2   | TASK_ARRIVED    | CPU_Intensive         | 291.86            | 292.09          | 0.23          | GREEDY:100.0%[0m
[92m575    | OBS                  | 2   | TASK_ARRIVED    | CPU_Intensive         | 292.16            | 292.99          | 0.83          | GREEDY:100.0%[0m
[92m576    | OBS                  | 2   | TASK_ARRIVED    | CPU_and_Data_Intensive| 292.22            | 292.49          | 0.26          | GREEDY:100.0%[0m
[92m577    | OBS                  | 2   | TASK_ARRIVED    | Generic_Service       | 292.4             | 292.59          | 0.19          | GREEDY:100.0%[0m
[92m578    | OBS                  | 2   | TASK_ARRIVED    | Generic_Service       | 293.18            | 293.39          | 0.21          | GREEDY:100.0%[0m
[92m579    | OBS                  | 2   | TASK_ARRIVED    | Generic_Service       | 293.64            | 293.79          | 0.15          | GREEDY:100.0%[0m
[92m581    | OBS                  | 2   | TASK_ARRIVED    | CPU_Intensive         | 293.96            | 294.49          | 0.53          | GREEDY:100.0%[0m
[92m582    | OBS                  | 2   | TASK_ARRIVED    | CPU_Intensive         | 294.15            | 294.79          | 0.64          | GREEDY:100.0%[0m
[92m583    | OBS                  | 2   | TASK_ARRIVED    | Generic_Service       | 294.7             | 294.9           | 0.2           | GREEDY:100.0%[0m
[92m584    | OBS                  | 2   | TASK_ARRIVED    | CPU_and_Data_Intensive| 295.28            | 295.7           | 0.41          | GREEDY:100.0%[0m
[92m585    | OBS                  | 2   | TASK_ARRIVED    | CPU_and_Data_Intensive| 295.41            | 295.6           | 0.19          | GREEDY:100.0%[0m
[92m586    | OBS                  | 2   | TASK_ARRIVED    | CPU_Intensive         | 295.58            | 296.1           | 0.52          | GREEDY:100.0%[0m
[92m587    | OBS                  | 2   | TASK_ARRIVED    | CPU_and_Data_Intensive| 295.82            | 295.9           | 0.08          | GREEDY:100.0%[0m
[92m588    | OBS                  | 2   | TASK_ARRIVED    | CPU_and_Data_Intensive| 296.43            | 298.11          | 1.68          | GREEDY:100.0%[0m
[92m589    | OBS                  | 2   | TASK_ARRIVED    | CPU_and_Data_Intensive| 296.55            | 298.21          | 1.66          | GREEDY:100.0%[0m
[92m590    | OBS                  | 2   | TASK_ARRIVED    | CPU_Intensive         | 296.64            | 297.21          | 0.56          | GREEDY:100.0%[0m
[92m591    | OBS                  | 2   | TASK_ARRIVED    | CPU_Intensive         | 296.79            | 296.9           | 0.12          | GREEDY:100.0%[0m
[92m592    | OBS                  | 2   | TASK_ARRIVED    | CPU_Intensive         | 297.05            | 297.51          | 0.46          | GREEDY:100.0%[0m
[92m593    | OBS                  | 2   | TASK_ARRIVED    | Generic_Service       | 297.65            | 297.81          | 0.16          | GREEDY:100.0%[0m
[92m594    | OBS                  | 2   | TASK_ARRIVED    | Generic_Service       | 298.86            | 299.01          | 0.16          | GREEDY:100.0%[0m
Summary info saved to: /home/vsalvatore/SECMotionModel/result/ILP_sim_SystemAP5/deadline_10/Energy_budget_120000/IMG_RES_bg_0.4_bcpui_0.35_bcpudi_0.25_am_0.3ah_0.5_avh_0.2_gh_0.7_gvh_0.3/Routing_bidirectional_True/seed_101/SUMMARY[GREEDY]_Rout_interval_0.1.csv

Task info saved to: /home/vsalvatore/SECMotionModel/result/ILP_sim_SystemAP5/deadline_10/Energy_budget_120000/IMG_RES_bg_0.4_bcpui_0.35_bcpudi_0.25_am_0.3ah_0.5_avh_0.2_gh_0.7_gvh_0.3/Routing_bidirectional_True/seed_101/[GREEDY]_AT_0.5_CPU_0.05.csv
Simulation results saved to: /home/vsalvatore/SECMotionModel/result/ILP_sim_SystemAP5/deadline_10/Energy_budget_120000/IMG_RES_bg_0.4_bcpui_0.35_bcpudi_0.25_am_0.3ah_0.5_avh_0.2_gh_0.7_gvh_0.3/Routing_bidirectional_True/seed_101/results_exponential_REQ-ILP_AT_0.5_CPU_0.05.csv

Salvataggio statistiche energetiche e conteggi task su: result/ILP_sim_SystemAP5/deadline_10/Energy_budget_120000/IMG_RES_bg_0.4_bcpui_0.35_bcpudi_0.25_am_0.3ah_0.5_avh_0.2_gh_0.7_gvh_0.3/Routing_bidirectional_True/seed_101/energy_stats_exponential_REQ-ILP_AT_0.5_CPU_0.05.csv
Tempo di esecuzione REALE della simulazione 50.4309 secondi
