[92m[INFO] Configurazione passata caricata Correttamente.[0m
[92m[INFO] Configurazione risoluzione immagini caricata Correttamente.[0m
[93m[LOAD] Caricamento configurazione <optimal>...[0m
[92m[LOAD] Configurazione <optimal> caricata con successo.[0m
Batch tasks for all servers scheduled (0..3 per server).
--- Avvio simulazione ---
Cartella: result/DTS-APopt_sim_SystemAP5/deadline_10/Energy_budget_120000/IMG_RES_bg_0.4_bcpui_0.35_bcpudi_0.25_am_0.3ah_0.5_avh_0.2_gh_0.7_gvh_0.3/Routing_bidirectional_True/seed_9973
CSV tasks: /home/vsalvatore/SECMotionModel/result/DTS-APopt_sim_SystemAP5/deadline_10/Energy_budget_120000/IMG_RES_bg_0.4_bcpui_0.35_bcpudi_0.25_am_0.3ah_0.5_avh_0.2_gh_0.7_gvh_0.3/Routing_bidirectional_True/seed_9973/results_exponential_REQ-DTS-APopt_AT_0.5_CPU_0.05.csv
CSV migrazioni: /home/vsalvatore/SECMotionModel/result/DTS-APopt_sim_SystemAP5/deadline_10/Energy_budget_120000/IMG_RES_bg_0.4_bcpui_0.35_bcpudi_0.25_am_0.3ah_0.5_avh_0.2_gh_0.7_gvh_0.3/Routing_bidirectional_True/seed_9973/migration_exponential_REQ-DTS-APopt_AT_0.5_CPU_0.05.csv
----------------------------------------------------------------------
	||TIME IN SIMULATION : (seconds:0) (minutes: 0) ||

MODIFICA CONFIGURAZIONE IN CORSO...

[0.000] ENQUEUE BATCH id=2000 on STARLINK-11573 [DTC] image_MB=21.23 queue_len=1
[0.000] ENQUEUE BATCH id=3000 on STARLINK-11573 [DTC] image_MB=19.31 queue_len=1
[0.000] ENQUEUE BATCH id=4000 on STARLINK-11573 [DTC] image_MB=19.56 queue_len=1
[0.000] ENQUEUE BATCH id=5000 on STARLINK-32475 image_MB=18.72 queue_len=1
[0.000] ENQUEUE BATCH id=6000 on STARLINK-31777 image_MB=17.67 queue_len=1
[0.000] ENQUEUE BATCH id=7000 on STARLINK-31283 image_MB=10.55 queue_len=1
[0.000] ENQUEUE BATCH id=8000 on STARLINK-31283 image_MB=493.81 queue_len=1
[0.000] ENQUEUE BATCH id=9000 on STARLINK-31283 image_MB=16.81 queue_len=1
[0.000] ENQUEUE BATCH id=10000 on STARLINK-2116 image_MB=23.48 queue_len=1
[0.000] ENQUEUE BATCH id=11000 on STARLINK-30872 image_MB=446.39 queue_len=1
[0.000] ENQUEUE BATCH id=12000 on STARLINK-30872 image_MB=188.05 queue_len=1
[0.000] ENQUEUE BATCH id=13000 on STARLINK-30872 image_MB=14.43 queue_len=1
[0.000] ENQUEUE BATCH id=14000 on STARLINK-5968 image_MB=141.90 queue_len=1
[0.000] ENQUEUE BATCH id=15000 on STARLINK-6192 image_MB=23.90 queue_len=1
[0.000] ENQUEUE BATCH id=16000 on STARLINK-31235 image_MB=153.93 queue_len=1
[0.000] ENQUEUE BATCH id=17000 on STARLINK-31235 image_MB=4.06 queue_len=1
[0.000] ENQUEUE BATCH id=18000 on STARLINK-5936 image_MB=9.03 queue_len=1
[0.000] ENQUEUE BATCH id=19000 on STARLINK-5097 image_MB=7.57 queue_len=1
[0.000] ENQUEUE BATCH id=20000 on STARLINK-5097 image_MB=4.20 queue_len=1
[0.000] ENQUEUE BATCH id=21000 on STARLINK-2717 image_MB=3.79 queue_len=1
[0.000] ENQUEUE BATCH id=22000 on STARLINK-2717 image_MB=179.11 queue_len=1
[0.000] ENQUEUE BATCH id=23000 on STARLINK-30297 image_MB=6.93 queue_len=1
[0.000] ENQUEUE BATCH id=24000 on STARLINK-4473 image_MB=498.82 queue_len=1
[0.000] ENQUEUE BATCH id=25000 on STARLINK-4473 image_MB=21.62 queue_len=1
[0.000] ENQUEUE BATCH id=26000 on STARLINK-34972 image_MB=8.53 queue_len=1
[0.000] ENQUEUE BATCH id=27000 on STARLINK-6246 image_MB=23.45 queue_len=1
[0.000] ENQUEUE BATCH id=28000 on STARLINK-6246 image_MB=19.38 queue_len=1
[0.000] ENQUEUE BATCH id=29000 on STARLINK-6246 image_MB=19.59 queue_len=1
[0.000] ENQUEUE BATCH id=30000 on STARLINK-4438 image_MB=19.77 queue_len=1
[0.000] ENQUEUE BATCH id=31000 on STARLINK-30299 image_MB=23.81 queue_len=1
[0.000] ENQUEUE BATCH id=32000 on STARLINK-30971 image_MB=17.70 queue_len=1
[0.000] ENQUEUE BATCH id=33000 on STARLINK-5520 image_MB=13.90 queue_len=1
[0.000] ENQUEUE BATCH id=34000 on STARLINK-5520 image_MB=19.59 queue_len=1
[0.000] ENQUEUE BATCH id=35000 on STARLINK-5520 image_MB=2.35 queue_len=1
[0.000] ENQUEUE BATCH id=36000 on STARLINK-30571 image_MB=5.96 queue_len=1
[0.000] ENQUEUE BATCH id=37000 on STARLINK-30571 image_MB=16.51 queue_len=1
[0.000] ENQUEUE BATCH id=38000 on STARLINK-11209 [DTC] image_MB=3.18 queue_len=1
[0.000] ENQUEUE BATCH id=39000 on STARLINK-11209 [DTC] image_MB=319.31 queue_len=1
[0.000] ENQUEUE BATCH id=40000 on STARLINK-2619 image_MB=16.98 queue_len=1
[0.000] ENQUEUE BATCH id=41000 on STARLINK-2619 image_MB=234.20 queue_len=1
[0.000] ENQUEUE BATCH id=42000 on STARLINK-33663 image_MB=11.60 queue_len=1
[0.000] ENQUEUE BATCH id=43000 on STARLINK-33663 image_MB=2.86 queue_len=1
[0.000] ENQUEUE BATCH id=44000 on STARLINK-33663 image_MB=185.26 queue_len=1
[0.000] ENQUEUE BATCH id=45000 on STARLINK-31751 image_MB=400.21 queue_len=1
[0.000] ENQUEUE BATCH id=46000 on STARLINK-34505 image_MB=11.53 queue_len=1
[0.000] ENQUEUE BATCH id=47000 on STARLINK-34505 image_MB=388.28 queue_len=1
[0.000] ENQUEUE BATCH id=48000 on STARLINK-34505 image_MB=9.64 queue_len=1
[0.000] ENQUEUE BATCH id=49000 on STARLINK-2161 image_MB=23.82 queue_len=1
[0.000] ENQUEUE BATCH id=50000 on STARLINK-1068 image_MB=357.34 queue_len=1
[0.000] ENQUEUE BATCH id=51000 on STARLINK-32654 image_MB=137.41 queue_len=1
[0.000] ENQUEUE BATCH id=52000 on STARLINK-32654 image_MB=414.39 queue_len=1
[0.000] ENQUEUE BATCH id=53000 on STARLINK-32654 image_MB=8.19 queue_len=1
[0.000] ENQUEUE BATCH id=54000 on STARLINK-31220 image_MB=17.94 queue_len=1
[0.000] ENQUEUE BATCH id=55000 on STARLINK-31220 image_MB=3.48 queue_len=1
[0.000] ENQUEUE BATCH id=56000 on STARLINK-31220 image_MB=453.77 queue_len=1
[0.000] ENQUEUE BATCH id=57000 on STARLINK-34011 image_MB=24.09 queue_len=1
[0.000] ENQUEUE BATCH id=58000 on STARLINK-34011 image_MB=452.45 queue_len=1
[0.000] ENQUEUE BATCH id=59000 on STARLINK-34011 image_MB=6.40 queue_len=1
[0.000] ENQUEUE BATCH id=60000 on STARLINK-34375 image_MB=406.73 queue_len=1
[0.000] ENQUEUE BATCH id=61000 on STARLINK-34375 image_MB=232.25 queue_len=1
[0.000] ENQUEUE BATCH id=62000 on STARLINK-30704 image_MB=3.89 queue_len=1
[0.000] ENQUEUE BATCH id=63000 on STARLINK-30704 image_MB=20.13 queue_len=1
[0.000] ENQUEUE BATCH id=64000 on STARLINK-30704 image_MB=20.25 queue_len=1
[0.000] ENQUEUE BATCH id=65000 on STARLINK-4525 image_MB=3.98 queue_len=1
[0.000] ENQUEUE BATCH id=66000 on STARLINK-34308 image_MB=361.30 queue_len=1
[0.000] ENQUEUE BATCH id=67000 on STARLINK-31124 image_MB=414.87 queue_len=1
[0.000] ENQUEUE BATCH id=68000 on STARLINK-34597 image_MB=15.01 queue_len=1
[0.000] ENQUEUE BATCH id=69000 on STARLINK-34597 image_MB=20.80 queue_len=1
[0.000] ENQUEUE BATCH id=70000 on STARLINK-6195 image_MB=23.69 queue_len=1
[0.000] ENQUEUE BATCH id=71000 on STARLINK-32949 image_MB=8.83 queue_len=1
[0.000] ENQUEUE BATCH id=72000 on STARLINK-32949 image_MB=12.03 queue_len=1
[0.000] ENQUEUE BATCH id=73000 on STARLINK-34909 image_MB=4.26 queue_len=1
[0.000] ENQUEUE BATCH id=74000 on STARLINK-34909 image_MB=7.90 queue_len=1
[0.000] ENQUEUE BATCH id=75000 on STARLINK-34909 image_MB=4.28 queue_len=1
[0.000] ENQUEUE BATCH id=76000 on STARLINK-31545 image_MB=158.21 queue_len=1
[0.000] ENQUEUE BATCH id=77000 on STARLINK-31545 image_MB=305.73 queue_len=1
[0.000] ENQUEUE BATCH id=78000 on STARLINK-31545 image_MB=13.83 queue_len=1
[0.000] ENQUEUE BATCH id=79000 on STARLINK-33854 image_MB=11.86 queue_len=1
[0.000] ENQUEUE BATCH id=80000 on STARLINK-35136 image_MB=21.76 queue_len=1
[0.000] ENQUEUE BATCH id=81000 on STARLINK-35136 image_MB=4.49 queue_len=1
[0.000] ENQUEUE BATCH id=82000 on STARLINK-35136 image_MB=10.62 queue_len=1
[0.000] ENQUEUE BATCH id=83000 on STARLINK-3204 image_MB=4.91 queue_len=1
[0.000] ENQUEUE BATCH id=84000 on STARLINK-3138 image_MB=9.79 queue_len=1
[0.000] ENQUEUE BATCH id=85000 on STARLINK-3138 image_MB=22.52 queue_len=1
[0.000] ENQUEUE BATCH id=86000 on STARLINK-3138 image_MB=5.34 queue_len=1
[0.000] ENQUEUE BATCH id=87000 on STARLINK-30223 image_MB=19.45 queue_len=1
[0.000] ENQUEUE BATCH id=88000 on STARLINK-30137 image_MB=10.01 queue_len=1
[0.000] ENQUEUE BATCH id=89000 on STARLINK-3843 image_MB=9.70 queue_len=1
[0.000] ENQUEUE BATCH id=90000 on STARLINK-3843 image_MB=273.33 queue_len=1
[0.000] ENQUEUE BATCH id=91000 on STARLINK-3807 image_MB=11.89 queue_len=1
[0.000] ENQUEUE BATCH id=92000 on STARLINK-3807 image_MB=21.01 queue_len=1
[0.000] ENQUEUE BATCH id=93000 on STARLINK-3807 image_MB=4.34 queue_len=1
[0.000] ENQUEUE BATCH id=94000 on STARLINK-5942 image_MB=5.68 queue_len=1
[0.000] ENQUEUE BATCH id=95000 on STARLINK-35077 image_MB=12.02 queue_len=1
[0.000] ENQUEUE BATCH id=96000 on STARLINK-4142 image_MB=12.19 queue_len=1
[0.000] ENQUEUE BATCH id=97000 on STARLINK-2068 image_MB=19.12 queue_len=1
[0.000] ENQUEUE BATCH id=98000 on STARLINK-6351 image_MB=9.98 queue_len=1
[0.000] ENQUEUE BATCH id=99000 on STARLINK-6351 image_MB=16.80 queue_len=1
[0.000] ENQUEUE BATCH id=100000 on STARLINK-6351 image_MB=2.61 queue_len=1
[0.000] ENQUEUE BATCH id=101000 on STARLINK-6198 image_MB=7.65 queue_len=1
[0.000] ENQUEUE BATCH id=102000 on STARLINK-6198 image_MB=11.93 queue_len=1
Genero i task
[Task 35000] Task eseguito su STARLINK-5520 42.67183917717197 degrees | CPU=0.0000J, NET=0.0011J, TOTAL=0.0011J, Remaining=120000.00J
[0.001] BATCH id=35000 served on STARLINK-5520 net_time=0.001 eps_net=0.001095
[Task 100000] Task eseguito su STARLINK-6351 26.09899736916676 degrees | CPU=0.0000J, NET=0.0012J, TOTAL=0.0012J, Remaining=120000.00J
[0.001] BATCH id=100000 served on STARLINK-6351 net_time=0.001 eps_net=0.001214
[Task 43000] Task eseguito su STARLINK-33663 39.21130060628811 degrees | CPU=0.0000J, NET=0.0013J, TOTAL=0.0013J, Remaining=120000.00J
[0.001] BATCH id=43000 served on STARLINK-33663 net_time=0.001 eps_net=0.001332
[Task 38000] Task eseguito su STARLINK-11209 [DTC] 34.92552981114727 degrees | CPU=0.0000J, NET=0.0015J, TOTAL=0.0015J, Remaining=120000.00J
[0.001] BATCH id=38000 served on STARLINK-11209 [DTC] net_time=0.001 eps_net=0.001479
[Task 55000] Task eseguito su STARLINK-31220 31.662816129356592 degrees | CPU=0.0000J, NET=0.0016J, TOTAL=0.0016J, Remaining=120000.00J
[0.002] BATCH id=55000 served on STARLINK-31220 net_time=0.002 eps_net=0.001616
[Task 21000] Task eseguito su STARLINK-2717 55.68889171912144 degrees | CPU=0.0000J, NET=0.0018J, TOTAL=0.0018J, Remaining=120000.00J
[0.002] BATCH id=21000 served on STARLINK-2717 net_time=0.002 eps_net=0.001765
[Task 62000] Task eseguito su STARLINK-30704 29.331443580282098 degrees | CPU=0.0000J, NET=0.0018J, TOTAL=0.0018J, Remaining=120000.00J
[0.002] BATCH id=62000 served on STARLINK-30704 net_time=0.002 eps_net=0.001808
[Task 65000] Task eseguito su STARLINK-4525 34.207467204213934 degrees | CPU=0.0000J, NET=0.0019J, TOTAL=0.0019J, Remaining=120000.00J
[0.002] BATCH id=65000 served on STARLINK-4525 net_time=0.002 eps_net=0.001853
[Task 17000] Task eseguito su STARLINK-31235 53.91518101349145 degrees | CPU=0.0000J, NET=0.0019J, TOTAL=0.0019J, Remaining=120000.00J
[0.002] BATCH id=17000 served on STARLINK-31235 net_time=0.002 eps_net=0.001888
[Task 20000] Task eseguito su STARLINK-5097 56.72432553961611 degrees | CPU=0.0000J, NET=0.0020J, TOTAL=0.0020J, Remaining=120000.00J
[0.002] BATCH id=20000 served on STARLINK-5097 net_time=0.002 eps_net=0.001952
[Task 73000] Task eseguito su STARLINK-34909 31.307470509843043 degrees | CPU=0.0000J, NET=0.0020J, TOTAL=0.0020J, Remaining=120000.00J
[0.002] BATCH id=73000 served on STARLINK-34909 net_time=0.002 eps_net=0.001980
[Task 75000] Task eseguito su STARLINK-34909 31.307470509843043 degrees | CPU=0.0000J, NET=0.0020J, TOTAL=0.0020J, Remaining=120000.00J
[0.002] BATCH id=75000 served on STARLINK-34909 net_time=0.002 eps_net=0.001990
[Task 93000] Task eseguito su STARLINK-3807 26.91375524666539 degrees | CPU=0.0000J, NET=0.0020J, TOTAL=0.0020J, Remaining=120000.00J
[0.002] BATCH id=93000 served on STARLINK-3807 net_time=0.002 eps_net=0.002019
[Task 81000] Task eseguito su STARLINK-35136 29.650549144475516 degrees | CPU=0.0000J, NET=0.0021J, TOTAL=0.0021J, Remaining=120000.00J
[0.002] BATCH id=81000 served on STARLINK-35136 net_time=0.002 eps_net=0.002087
[Task 83000] Task eseguito su STARLINK-3204 28.90541666793628 degrees | CPU=0.0000J, NET=0.0023J, TOTAL=0.0023J, Remaining=120000.00J
[0.002] BATCH id=83000 served on STARLINK-3204 net_time=0.002 eps_net=0.002282
[Task 86000] Task eseguito su STARLINK-3138 28.645841804719513 degrees | CPU=0.0000J, NET=0.0025J, TOTAL=0.0025J, Remaining=120000.00J
[0.002] BATCH id=86000 served on STARLINK-3138 net_time=0.002 eps_net=0.002485
[Task 94000] Task eseguito su STARLINK-5942 28.110357725133046 degrees | CPU=0.0000J, NET=0.0026J, TOTAL=0.0026J, Remaining=120000.00J
[0.003] BATCH id=94000 served on STARLINK-5942 net_time=0.003 eps_net=0.002644
[Task 36000] Task eseguito su STARLINK-30571 40.55225430596419 degrees | CPU=0.0000J, NET=0.0028J, TOTAL=0.0028J, Remaining=120000.00J
[0.003] BATCH id=36000 served on STARLINK-30571 net_time=0.003 eps_net=0.002772
[Task 59000] Task eseguito su STARLINK-34011 30.90738065825921 degrees | CPU=0.0000J, NET=0.0030J, TOTAL=0.0030J, Remaining=120000.00J
[0.003] BATCH id=59000 served on STARLINK-34011 net_time=0.003 eps_net=0.002978
[Task 23000] Task eseguito su STARLINK-30297 44.05543347317844 degrees | CPU=0.0000J, NET=0.0032J, TOTAL=0.0032J, Remaining=120000.00J
[0.003] BATCH id=23000 served on STARLINK-30297 net_time=0.003 eps_net=0.003223
[Task 19000] Task eseguito su STARLINK-5097 56.72432553961611 degrees | CPU=0.0000J, NET=0.0035J, TOTAL=0.0035J, Remaining=120000.00J
[0.004] BATCH id=19000 served on STARLINK-5097 net_time=0.004 eps_net=0.003523
[Task 101000] Task eseguito su STARLINK-6198 26.28680368123605 degrees | CPU=0.0000J, NET=0.0036J, TOTAL=0.0036J, Remaining=120000.00J
[0.004] BATCH id=101000 served on STARLINK-6198 net_time=0.004 eps_net=0.003557
[Task 74000] Task eseguito su STARLINK-34909 31.307470509843043 degrees | CPU=0.0000J, NET=0.0037J, TOTAL=0.0037J, Remaining=120000.00J
[0.004] BATCH id=74000 served on STARLINK-34909 net_time=0.004 eps_net=0.003674
[Task 53000] Task eseguito su STARLINK-32654 31.300968911213833 degrees | CPU=0.0000J, NET=0.0038J, TOTAL=0.0038J, Remaining=120000.00J
[0.004] BATCH id=53000 served on STARLINK-32654 net_time=0.004 eps_net=0.003810
[Task 26000] Task eseguito su STARLINK-34972 52.036905010977726 degrees | CPU=0.0000J, NET=0.0040J, TOTAL=0.0040J, Remaining=120000.00J
[0.004] BATCH id=26000 served on STARLINK-34972 net_time=0.004 eps_net=0.003969
[Task 71000] Task eseguito su STARLINK-32949 26.705410719006682 degrees | CPU=0.0000J, NET=0.0041J, TOTAL=0.0041J, Remaining=120000.00J
[0.004] BATCH id=71000 served on STARLINK-32949 net_time=0.004 eps_net=0.004108
[Task 18000] Task eseguito su STARLINK-5936 67.88650469531936 degrees | CPU=0.0000J, NET=0.0042J, TOTAL=0.0042J, Remaining=120000.00J
[0.004] BATCH id=18000 served on STARLINK-5936 net_time=0.004 eps_net=0.004199
[Task 48000] Task eseguito su STARLINK-34505 32.81680229836923 degrees | CPU=0.0000J, NET=0.0045J, TOTAL=0.0045J, Remaining=120000.00J
[0.004] BATCH id=48000 served on STARLINK-34505 net_time=0.004 eps_net=0.004483
[Task 89000] Task eseguito su STARLINK-3843 27.730453572045782 degrees | CPU=0.0000J, NET=0.0045J, TOTAL=0.0045J, Remaining=120000.00J
[0.005] BATCH id=89000 served on STARLINK-3843 net_time=0.005 eps_net=0.004513
[Task 84000] Task eseguito su STARLINK-3138 28.645841804719513 degrees | CPU=0.0000J, NET=0.0046J, TOTAL=0.0046J, Remaining=120000.00J
[0.005] BATCH id=84000 served on STARLINK-3138 net_time=0.005 eps_net=0.004553
[Task 98000] Task eseguito su STARLINK-6351 26.09899736916676 degrees | CPU=0.0000J, NET=0.0046J, TOTAL=0.0046J, Remaining=120000.00J
[0.005] BATCH id=98000 served on STARLINK-6351 net_time=0.005 eps_net=0.004640
[Task 88000] Task eseguito su STARLINK-30137 28.914578780256353 degrees | CPU=0.0000J, NET=0.0047J, TOTAL=0.0047J, Remaining=120000.00J
[0.005] BATCH id=88000 served on STARLINK-30137 net_time=0.005 eps_net=0.004654
[Task 7000] Task eseguito su STARLINK-31283 65.99683670988222 degrees | CPU=0.0000J, NET=0.0049J, TOTAL=0.0049J, Remaining=120000.00J
[0.005] BATCH id=7000 served on STARLINK-31283 net_time=0.005 eps_net=0.004909
[Task 82000] Task eseguito su STARLINK-35136 29.650549144475516 degrees | CPU=0.0000J, NET=0.0049J, TOTAL=0.0049J, Remaining=120000.00J
[0.005] BATCH id=82000 served on STARLINK-35136 net_time=0.005 eps_net=0.004937
[Task 46000] Task eseguito su STARLINK-34505 32.81680229836923 degrees | CPU=0.0000J, NET=0.0054J, TOTAL=0.0054J, Remaining=120000.00J
[0.005] BATCH id=46000 served on STARLINK-34505 net_time=0.005 eps_net=0.005363
[Task 42000] Task eseguito su STARLINK-33663 39.21130060628811 degrees | CPU=0.0000J, NET=0.0054J, TOTAL=0.0054J, Remaining=120000.00J
[0.005] BATCH id=42000 served on STARLINK-33663 net_time=0.005 eps_net=0.005395
[Task 79000] Task eseguito su STARLINK-33854 25.418237386937445 degrees | CPU=0.0000J, NET=0.0055J, TOTAL=0.0055J, Remaining=120000.00J
[0.006] BATCH id=79000 served on STARLINK-33854 net_time=0.006 eps_net=0.005516
[Task 91000] Task eseguito su STARLINK-3807 26.91375524666539 degrees | CPU=0.0000J, NET=0.0055J, TOTAL=0.0055J, Remaining=120000.00J
[0.006] BATCH id=91000 served on STARLINK-3807 net_time=0.006 eps_net=0.005529
[Task 102000] Task eseguito su STARLINK-6198 26.28680368123605 degrees | CPU=0.0000J, NET=0.0055J, TOTAL=0.0055J, Remaining=120000.00J
[0.006] BATCH id=102000 served on STARLINK-6198 net_time=0.006 eps_net=0.005548
[Task 95000] Task eseguito su STARLINK-35077 27.613688271776077 degrees | CPU=0.0000J, NET=0.0056J, TOTAL=0.0056J, Remaining=120000.00J
[0.006] BATCH id=95000 served on STARLINK-35077 net_time=0.006 eps_net=0.005592
[Task 72000] Task eseguito su STARLINK-32949 26.705410719006682 degrees | CPU=0.0000J, NET=0.0056J, TOTAL=0.0056J, Remaining=120000.00J
[0.006] BATCH id=72000 served on STARLINK-32949 net_time=0.006 eps_net=0.005595
[Task 96000] Task eseguito su STARLINK-4142 26.682563480686508 degrees | CPU=0.0000J, NET=0.0057J, TOTAL=0.0057J, Remaining=120000.00J
[0.006] BATCH id=96000 served on STARLINK-4142 net_time=0.006 eps_net=0.005672
[Task 78000] Task eseguito su STARLINK-31545 26.294660391114427 degrees | CPU=0.0000J, NET=0.0064J, TOTAL=0.0064J, Remaining=120000.00J
[0.006] BATCH id=78000 served on STARLINK-31545 net_time=0.006 eps_net=0.006432
[Task 33000] Task eseguito su STARLINK-5520 42.67183917717197 degrees | CPU=0.0000J, NET=0.0065J, TOTAL=0.0065J, Remaining=120000.00J
[0.006] BATCH id=33000 served on STARLINK-5520 net_time=0.006 eps_net=0.006465
[Task 13000] Task eseguito su STARLINK-30872 58.993572103245064 degrees | CPU=0.0000J, NET=0.0067J, TOTAL=0.0067J, Remaining=120000.00J
[0.007] BATCH id=13000 served on STARLINK-30872 net_time=0.007 eps_net=0.006710
[Task 68000] Task eseguito su STARLINK-34597 27.720426454013833 degrees | CPU=0.0000J, NET=0.0070J, TOTAL=0.0070J, Remaining=120000.00J
[0.007] BATCH id=68000 served on STARLINK-34597 net_time=0.007 eps_net=0.006983
[Task 37000] Task eseguito su STARLINK-30571 40.55225430596419 degrees | CPU=0.0000J, NET=0.0077J, TOTAL=0.0077J, Remaining=120000.00J
[0.008] BATCH id=37000 served on STARLINK-30571 net_time=0.008 eps_net=0.007680
[Task 99000] Task eseguito su STARLINK-6351 26.09899736916676 degrees | CPU=0.0000J, NET=0.0078J, TOTAL=0.0078J, Remaining=119999.99J
[0.008] BATCH id=99000 served on STARLINK-6351 net_time=0.008 eps_net=0.007813
[Task 9000] Task eseguito su STARLINK-31283 65.99683670988222 degrees | CPU=0.0000J, NET=0.0078J, TOTAL=0.0078J, Remaining=120000.00J
[0.008] BATCH id=9000 served on STARLINK-31283 net_time=0.008 eps_net=0.007819
[Task 40000] Task eseguito su STARLINK-2619 36.12594734800452 degrees | CPU=0.0000J, NET=0.0079J, TOTAL=0.0079J, Remaining=120000.00J
[0.008] BATCH id=40000 served on STARLINK-2619 net_time=0.008 eps_net=0.007895
[Task 6000] Task eseguito su STARLINK-31777 71.09483002733748 degrees | CPU=0.0000J, NET=0.0082J, TOTAL=0.0082J, Remaining=120000.00J
[0.008] BATCH id=6000 served on STARLINK-31777 net_time=0.008 eps_net=0.008221
[Task 32000] Task eseguito su STARLINK-30971 45.688328091737986 degrees | CPU=0.0000J, NET=0.0082J, TOTAL=0.0082J, Remaining=120000.00J
[0.008] BATCH id=32000 served on STARLINK-30971 net_time=0.008 eps_net=0.008232
[Task 54000] Task eseguito su STARLINK-31220 31.662816129356592 degrees | CPU=0.0000J, NET=0.0083J, TOTAL=0.0083J, Remaining=120000.00J
[0.008] BATCH id=54000 served on STARLINK-31220 net_time=0.008 eps_net=0.008342
[Task 5000] Task eseguito su STARLINK-32475 75.79384632038777 degrees | CPU=0.0000J, NET=0.0087J, TOTAL=0.0087J, Remaining=120000.00J
[0.009] BATCH id=5000 served on STARLINK-32475 net_time=0.009 eps_net=0.008709
[Task 97000] Task eseguito su STARLINK-2068 26.038481958384484 degrees | CPU=0.0000J, NET=0.0089J, TOTAL=0.0089J, Remaining=120000.00J
[0.009] BATCH id=97000 served on STARLINK-2068 net_time=0.009 eps_net=0.008891
[Task 3000] Task eseguito su STARLINK-11573 [DTC] 65.49068065331039 degrees | CPU=0.0000J, NET=0.0090J, TOTAL=0.0090J, Remaining=120000.00J
[0.009] BATCH id=3000 served on STARLINK-11573 [DTC] net_time=0.009 eps_net=0.008982
[Task 28000] Task eseguito su STARLINK-6246 51.22594105754382 degrees | CPU=0.0000J, NET=0.0090J, TOTAL=0.0090J, Remaining=120000.00J
[0.009] BATCH id=28000 served on STARLINK-6246 net_time=0.009 eps_net=0.009016
[Task 87000] Task eseguito su STARLINK-30223 29.36566499200775 degrees | CPU=0.0000J, NET=0.0090J, TOTAL=0.0090J, Remaining=120000.00J
[0.009] BATCH id=87000 served on STARLINK-30223 net_time=0.009 eps_net=0.009048
[Task 4000] Task eseguito su STARLINK-11573 [DTC] 65.49068065331039 degrees | CPU=0.0000J, NET=0.0091J, TOTAL=0.0091J, Remaining=119999.99J
[0.009] BATCH id=4000 served on STARLINK-11573 [DTC] net_time=0.009 eps_net=0.009097
[Task 29000] Task eseguito su STARLINK-6246 51.22594105754382 degrees | CPU=0.0000J, NET=0.0091J, TOTAL=0.0091J, Remaining=119999.99J
[0.009] BATCH id=29000 served on STARLINK-6246 net_time=0.009 eps_net=0.009113
[Task 34000] Task eseguito su STARLINK-5520 42.67183917717197 degrees | CPU=0.0000J, NET=0.0091J, TOTAL=0.0091J, Remaining=119999.99J
[0.009] BATCH id=34000 served on STARLINK-5520 net_time=0.009 eps_net=0.009114
[Task 30000] Task eseguito su STARLINK-4438 47.592482406941734 degrees | CPU=0.0000J, NET=0.0092J, TOTAL=0.0092J, Remaining=120000.00J
[0.009] BATCH id=30000 served on STARLINK-4438 net_time=0.009 eps_net=0.009196
[Task 63000] Task eseguito su STARLINK-30704 29.331443580282098 degrees | CPU=0.0000J, NET=0.0094J, TOTAL=0.0094J, Remaining=120000.00J
[0.009] BATCH id=63000 served on STARLINK-30704 net_time=0.009 eps_net=0.009363
[Task 64000] Task eseguito su STARLINK-30704 29.331443580282098 degrees | CPU=0.0000J, NET=0.0094J, TOTAL=0.0094J, Remaining=119999.99J
[0.009] BATCH id=64000 served on STARLINK-30704 net_time=0.009 eps_net=0.009418
[Task 69000] Task eseguito su STARLINK-34597 27.720426454013833 degrees | CPU=0.0000J, NET=0.0097J, TOTAL=0.0097J, Remaining=119999.99J
[0.010] BATCH id=69000 served on STARLINK-34597 net_time=0.010 eps_net=0.009674
[Task 92000] Task eseguito su STARLINK-3807 26.91375524666539 degrees | CPU=0.0000J, NET=0.0098J, TOTAL=0.0098J, Remaining=119999.99J
[0.010] BATCH id=92000 served on STARLINK-3807 net_time=0.010 eps_net=0.009773
[Task 2000] Task eseguito su STARLINK-11573 [DTC] 65.49068065331039 degrees | CPU=0.0000J, NET=0.0099J, TOTAL=0.0099J, Remaining=119999.98J
[0.010] BATCH id=2000 served on STARLINK-11573 [DTC] net_time=0.010 eps_net=0.009874
[Task 25000] Task eseguito su STARLINK-4473 56.734306737392444 degrees | CPU=0.0000J, NET=0.0101J, TOTAL=0.0101J, Remaining=120000.00J
[0.010] BATCH id=25000 served on STARLINK-4473 net_time=0.010 eps_net=0.010058
[Task 80000] Task eseguito su STARLINK-35136 29.650549144475516 degrees | CPU=0.0000J, NET=0.0101J, TOTAL=0.0101J, Remaining=119999.99J
[0.010] BATCH id=80000 served on STARLINK-35136 net_time=0.010 eps_net=0.010120
[Task 85000] Task eseguito su STARLINK-3138 28.645841804719513 degrees | CPU=0.0000J, NET=0.0105J, TOTAL=0.0105J, Remaining=119999.99J
[0.010] BATCH id=85000 served on STARLINK-3138 net_time=0.010 eps_net=0.010474
[Task 27000] Task eseguito su STARLINK-6246 51.22594105754382 degrees | CPU=0.0000J, NET=0.0109J, TOTAL=0.0109J, Remaining=119999.98J
[0.011] BATCH id=27000 served on STARLINK-6246 net_time=0.011 eps_net=0.010906
[Task 10000] Task eseguito su STARLINK-2116 50.20976027193822 degrees | CPU=0.0000J, NET=0.0109J, TOTAL=0.0109J, Remaining=120000.00J
[0.011] BATCH id=10000 served on STARLINK-2116 net_time=0.011 eps_net=0.010922
[Task 70000] Task eseguito su STARLINK-6195 33.492118209942355 degrees | CPU=0.0000J, NET=0.0110J, TOTAL=0.0110J, Remaining=120000.00J
[0.011] BATCH id=70000 served on STARLINK-6195 net_time=0.011 eps_net=0.011020
[Task 31000] Task eseguito su STARLINK-30299 46.62992025210687 degrees | CPU=0.0000J, NET=0.0111J, TOTAL=0.0111J, Remaining=120000.00J
[0.011] BATCH id=31000 served on STARLINK-30299 net_time=0.011 eps_net=0.011075
[Task 49000] Task eseguito su STARLINK-2161 38.04342016915171 degrees | CPU=0.0000J, NET=0.0111J, TOTAL=0.0111J, Remaining=120000.00J
[0.011] BATCH id=49000 served on STARLINK-2161 net_time=0.011 eps_net=0.011079
[Task 15000] Task eseguito su STARLINK-6192 74.82151018522693 degrees | CPU=0.0000J, NET=0.0111J, TOTAL=0.0111J, Remaining=120000.00J
[0.011] BATCH id=15000 served on STARLINK-6192 net_time=0.011 eps_net=0.011116
[Task 57000] Task eseguito su STARLINK-34011 30.90738065825921 degrees | CPU=0.0000J, NET=0.0112J, TOTAL=0.0112J, Remaining=120000.00J
[0.011] BATCH id=57000 served on STARLINK-34011 net_time=0.011 eps_net=0.011202
[Task 51000] Task eseguito su STARLINK-32654 31.300968911213833 degrees | CPU=0.0000J, NET=0.0639J, TOTAL=0.0639J, Remaining=120000.00J
[0.064] BATCH id=51000 served on STARLINK-32654 net_time=0.064 eps_net=0.063912
[Task 14000] Task eseguito su STARLINK-5968 75.96631112407839 degrees | CPU=0.0000J, NET=0.0660J, TOTAL=0.0660J, Remaining=120000.00J
[0.066] BATCH id=14000 served on STARLINK-5968 net_time=0.066 eps_net=0.065998
[Task 16000] Task eseguito su STARLINK-31235 53.91518101349145 degrees | CPU=0.0000J, NET=0.0716J, TOTAL=0.0716J, Remaining=120000.00J
[0.072] BATCH id=16000 served on STARLINK-31235 net_time=0.072 eps_net=0.071597
[Task 76000] Task eseguito su STARLINK-31545 26.294660391114427 degrees | CPU=0.0000J, NET=0.0736J, TOTAL=0.0736J, Remaining=119999.99J
[0.074] BATCH id=76000 served on STARLINK-31545 net_time=0.074 eps_net=0.073587
[Task 22000] Task eseguito su STARLINK-2717 55.68889171912144 degrees | CPU=0.0000J, NET=0.0833J, TOTAL=0.0833J, Remaining=120000.00J
[0.083] BATCH id=22000 served on STARLINK-2717 net_time=0.083 eps_net=0.083306
[Task 44000] Task eseguito su STARLINK-33663 39.21130060628811 degrees | CPU=0.0000J, NET=0.0862J, TOTAL=0.0862J, Remaining=119999.99J
[0.086] BATCH id=44000 served on STARLINK-33663 net_time=0.086 eps_net=0.086170
[Task 12000] Task eseguito su STARLINK-30872 58.993572103245064 degrees | CPU=0.0000J, NET=0.0875J, TOTAL=0.0875J, Remaining=119999.99J
[0.087] BATCH id=12000 served on STARLINK-30872 net_time=0.087 eps_net=0.087466
[Task 61000] Task eseguito su STARLINK-34375 27.431041303020557 degrees | CPU=0.0000J, NET=0.1080J, TOTAL=0.1080J, Remaining=120000.00J
[0.108] BATCH id=61000 served on STARLINK-34375 net_time=0.108 eps_net=0.108023
[Task 41000] Task eseguito su STARLINK-2619 36.12594734800452 degrees | CPU=0.0000J, NET=0.1089J, TOTAL=0.1089J, Remaining=119999.99J
[0.109] BATCH id=41000 served on STARLINK-2619 net_time=0.109 eps_net=0.108932
[Task 90000] Task eseguito su STARLINK-3843 27.730453572045782 degrees | CPU=0.0000J, NET=0.1271J, TOTAL=0.1271J, Remaining=120000.00J
[0.127] BATCH id=90000 served on STARLINK-3843 net_time=0.127 eps_net=0.127128
[Task 77000] Task eseguito su STARLINK-31545 26.294660391114427 degrees | CPU=0.0000J, NET=0.1422J, TOTAL=0.1422J, Remaining=119999.92J
[0.142] BATCH id=77000 served on STARLINK-31545 net_time=0.142 eps_net=0.142200
[Task 39000] Task eseguito su STARLINK-11209 [DTC] 34.92552981114727 degrees | CPU=0.0000J, NET=0.1485J, TOTAL=0.1485J, Remaining=120000.00J
[0.149] BATCH id=39000 served on STARLINK-11209 [DTC] net_time=0.149 eps_net=0.148517
[Task 50000] Task eseguito su STARLINK-1068 37.86329113501799 degrees | CPU=0.0000J, NET=0.1662J, TOTAL=0.1662J, Remaining=120000.00J
[0.166] BATCH id=50000 served on STARLINK-1068 net_time=0.166 eps_net=0.166205
[Task 66000] Task eseguito su STARLINK-34308 28.252563557600816 degrees | CPU=0.0000J, NET=0.1680J, TOTAL=0.1680J, Remaining=120000.00J
[0.168] BATCH id=66000 served on STARLINK-34308 net_time=0.168 eps_net=0.168045
[Task 47000] Task eseguito su STARLINK-34505 32.81680229836923 degrees | CPU=0.0000J, NET=0.1806J, TOTAL=0.1806J, Remaining=119999.99J
[0.181] BATCH id=47000 served on STARLINK-34505 net_time=0.181 eps_net=0.180593
---> Task 1 (Type: CPU_Intensive) arriva in 0.18
--- [0.18] Task 1 using SearchNode Policy: v1_heuristic ---
[1] Filtro euristico: DTS-TMAX
[0.18] [Task 1] Routed STARLINK-31283 -> STARLINK-6192 | E_NET=0.000038 J | Remaining=120000.00 J
[0.183] Task 1 enqueued on CPU STARLINK-6192 qlen_enqueue=1
[Task 45000] Task eseguito su STARLINK-31751 39.10106263721367 degrees | CPU=0.0000J, NET=0.1861J, TOTAL=0.1861J, Remaining=120000.00J
[0.186] BATCH id=45000 served on STARLINK-31751 net_time=0.186 eps_net=0.186146
[Task 60000] Task eseguito su STARLINK-34375 27.431041303020557 degrees | CPU=0.0000J, NET=0.1892J, TOTAL=0.1892J, Remaining=119999.89J
[0.189] BATCH id=60000 served on STARLINK-34375 net_time=0.189 eps_net=0.189177
[Task 52000] Task eseguito su STARLINK-32654 31.300968911213833 degrees | CPU=0.0000J, NET=0.1927J, TOTAL=0.1927J, Remaining=119999.93J
[0.193] BATCH id=52000 served on STARLINK-32654 net_time=0.193 eps_net=0.192742
[Task 67000] Task eseguito su STARLINK-31124 28.150251230950822 degrees | CPU=0.0000J, NET=0.1930J, TOTAL=0.1930J, Remaining=120000.00J
[0.193] BATCH id=67000 served on STARLINK-31124 net_time=0.193 eps_net=0.192965
[Task 11000] Task eseguito su STARLINK-30872 58.993572103245064 degrees | CPU=0.0000J, NET=0.2076J, TOTAL=0.2076J, Remaining=119999.91J
[0.208] BATCH id=11000 served on STARLINK-30872 net_time=0.208 eps_net=0.207622
[Task 58000] Task eseguito su STARLINK-34011 30.90738065825921 degrees | CPU=0.0000J, NET=0.2104J, TOTAL=0.2104J, Remaining=119999.99J
[0.210] BATCH id=58000 served on STARLINK-34011 net_time=0.210 eps_net=0.210441
[Task 56000] Task eseguito su STARLINK-31220 31.662816129356592 degrees | CPU=0.0000J, NET=0.2111J, TOTAL=0.2111J, Remaining=119999.99J
[0.211] BATCH id=56000 served on STARLINK-31220 net_time=0.211 eps_net=0.211054
[Task 8000] Task eseguito su STARLINK-31283 65.99683670988222 degrees | CPU=0.0000J, NET=0.2297J, TOTAL=0.2297J, Remaining=119999.99J
[0.230] BATCH id=8000 served on STARLINK-31283 net_time=0.230 eps_net=0.229678
[Task 24000] Task eseguito su STARLINK-4473 56.734306737392444 degrees | CPU=0.0000J, NET=0.2320J, TOTAL=0.2320J, Remaining=119999.99J
[0.232] BATCH id=24000 served on STARLINK-4473 net_time=0.232 eps_net=0.232011
[Task 1] Task eseguito su STARLINK-6192 74.82151018522693 degrees | CPU=210.4149J, NET=0.0000J, TOTAL=210.4149J, Remaining=119789.59J
[0.389] Task 1 served on STARLINK-6192 qlen_enqueue_cpu=1 qlen_enqueue_net=None time_in_queue=0.000
[MODE: BIDIRECTIONAL]
[1][GREEDY] CONSEGNATO! STARLINK-6192 -> OBS | Tramission-time: 2.8149362515198182e-11
---> Task 2 (Type: Generic_Service) arriva in 0.45
--- [0.45] Task 2 using SearchNode Policy: v1_heuristic ---
[2] Filtro euristico: DTS-TMAX
[0.45] [Task 2] Routed STARLINK-2116 -> STARLINK-31777 | E_NET=0.000012 J | Remaining=120000.00 J
[0.446] Task 2 enqueued on CPU STARLINK-31777 qlen_enqueue=1
[Task 2] Task eseguito su STARLINK-31777 71.09483002733748 degrees | CPU=275.1355J, NET=0.0000J, TOTAL=275.1355J, Remaining=119724.86J
[0.714] Task 2 served on STARLINK-31777 qlen_enqueue_cpu=1 qlen_enqueue_net=None time_in_queue=0.000
---> Task 3 (Type: CPU_and_Data_Intensive) arriva in 0.76
--- [0.76] Task 3 using SearchNode Policy: v1_heuristic ---
[3] Filtro euristico: DTS-TMAX
[0.76] [Task 3] Routed STARLINK-30578 -> STARLINK-30522 | E_NET=0.000677 J | Remaining=120000.00 J
[0.765] Task 3 enqueued on CPU STARLINK-30522 qlen_enqueue=1
[2][GREEDY] STARLINK-31777 -> STARLINK-31283 | Tramission-time: 0.001168789039525839
[2] Energy routing consumed by STARLINK-31777: 0.000000 J (remaining 119724.86)
[MODE: BIDIRECTIONAL]
[2][GREEDY] CONSEGNATO! STARLINK-31283 -> OBS | Tramission-time: 1.1409063706521897e-11
[0.815] Task 3 enqueued on NET STARLINK-30522 qlen_enqueue_net=1
[Task 3] Task eseguito su STARLINK-30522 75.14345717344679 degrees | CPU=51.2391J, NET=0.0009J, TOTAL=51.2400J, Remaining=119948.76J
[0.816] Task 3 served on STARLINK-30522 qlen_enqueue_cpu=1 qlen_enqueue_net=1 time_in_queue=0.000
---> Task 4 (Type: CPU_Intensive) arriva in 0.86
--- [0.86] Task 4 using SearchNode Policy: v1_heuristic ---
[4] Filtro euristico: DTS-TMAX
[0.86] [Task 4] Routed STARLINK-2116 -> STARLINK-11573 [DTC] | E_NET=0.000017 J | Remaining=120000.00 J
[0.859] Task 4 enqueued on CPU STARLINK-11573 [DTC] qlen_enqueue=1
[MODE: BIDIRECTIONAL]
[3][GREEDY] CONSEGNATO! STARLINK-30522 -> OBS | Tramission-time: 6.084422042768322e-10
[Task 4] Task eseguito su STARLINK-11573 [DTC] 65.49068065331039 degrees | CPU=142.9930J, NET=0.0000J, TOTAL=142.9930J, Remaining=119857.01J
[0.999] Task 4 served on STARLINK-11573 [DTC] qlen_enqueue_cpu=1 qlen_enqueue_net=None time_in_queue=0.000
[4][GREEDY] STARLINK-11573 [DTC] -> STARLINK-31283 | Tramission-time: 0.0012332347567571402
[4] Energy routing consumed by STARLINK-11573 [DTC]: 0.000000 J (remaining 119857.01)
[MODE: BIDIRECTIONAL]
[4][GREEDY] CONSEGNATO! STARLINK-31283 -> OBS | Tramission-time: 1.547851193873491e-11
---> Task 5 (Type: Generic_Service) arriva in 1.04
--- [1.04] Task 5 using SearchNode Policy: v1_heuristic ---
[5] Filtro euristico: DTS-TMAX
[Task 5] Nessun server rimasto dopo i filtri (deadline/sunset).
[Task 5] REJECTED on STARLINK-2116 due to: No suitable server found after deadline/sunset filters
---> Task 6 (Type: Generic_Service) arriva in 1.78
--- [1.78] Task 6 using SearchNode Policy: v1_heuristic ---
[6] Filtro euristico: DTS-TMAX
[1.78] [Task 6] Routed STARLINK-2116 -> STARLINK-5097 | E_NET=0.000022 J | Remaining=120000.00 J
[1.786] Task 6 enqueued on CPU STARLINK-5097 qlen_enqueue=1
[Task 6] Task eseguito su STARLINK-5097 56.72432553961611 degrees | CPU=43.0311J, NET=0.0000J, TOTAL=43.0311J, Remaining=119956.97J
[1.829] Task 6 served on STARLINK-5097 qlen_enqueue_cpu=1 qlen_enqueue_net=None time_in_queue=0.000
[6][GREEDY] STARLINK-5097 -> STARLINK-31283 | Tramission-time: 0.001818852242913924
[6] Energy routing consumed by STARLINK-5097: 0.000000 J (remaining 119956.97)
----------------------------------------------------------------------
	||TIME IN SIMULATION : (seconds:2) (minutes: 0) ||

MODIFICA CONFIGURAZIONE IN CORSO...

Aggiornato il Tempo Globale:  2025-11-20 20:55:16
[MODE: BIDIRECTIONAL]
[6][GREEDY] CONSEGNATO! STARLINK-31283 -> OBS | Tramission-time: 2.0672932788139637e-11
---> Task 7 (Type: CPU_Intensive) arriva in 2.03
--- [2.03] Task 7 using SearchNode Policy: v1_heuristic ---
[7] Filtro euristico: DTS-TMAX
[2.03] [Task 7] Routed STARLINK-31283 -> STARLINK-32475 | E_NET=0.000026 J | Remaining=120000.00 J
[2.030] Task 7 enqueued on CPU STARLINK-32475 qlen_enqueue=1
---> Task 8 (Type: Generic_Service) arriva in 2.21
--- [2.21] Task 8 using SearchNode Policy: v1_heuristic ---
[8] Filtro euristico: DTS-TMAX
[Task 8] Nessun server rimasto dopo i filtri (deadline/sunset).
[Task 8] REJECTED on STARLINK-2116 due to: No suitable server found after deadline/sunset filters
[Task 7] Task eseguito su STARLINK-32475 74.58187674339476 degrees | CPU=634.6640J, NET=0.0000J, TOTAL=634.6641J, Remaining=119365.34J
[2.648] Task 7 served on STARLINK-32475 qlen_enqueue_cpu=1 qlen_enqueue_net=None time_in_queue=0.000
[7][GREEDY] STARLINK-32475 -> STARLINK-31283 | Tramission-time: 0.0007382516850558175
[7] Energy routing consumed by STARLINK-32475: 0.000000 J (remaining 119365.34)
[MODE: BIDIRECTIONAL]
[7][GREEDY] CONSEGNATO! STARLINK-31283 -> OBS | Tramission-time: 1.972591060087421e-11
---> Task 9 (Type: Generic_Service) arriva in 2.73
--- [2.73] Task 9 using SearchNode Policy: v1_heuristic ---
[9] Filtro euristico: DTS-TMAX
[2.73] [Task 9] Routed STARLINK-2116 -> STARLINK-5968 | E_NET=0.000009 J | Remaining=120000.00 J
[2.730] Task 9 enqueued on CPU STARLINK-5968 qlen_enqueue=1
[Task 9] Task eseguito su STARLINK-5968 75.01599167968887 degrees | CPU=76.9049J, NET=0.0000J, TOTAL=76.9049J, Remaining=119923.10J
[2.806] Task 9 served on STARLINK-5968 qlen_enqueue_cpu=1 qlen_enqueue_net=None time_in_queue=0.000
---> Task 10 (Type: CPU_and_Data_Intensive) arriva in 2.88
--- [2.88] Task 10 using SearchNode Policy: v1_heuristic ---
[10] Filtro euristico: DTS-TMAX
[2.88] [Task 10] Routed STARLINK-2116 -> STARLINK-30872 | E_NET=0.000560 J | Remaining=120000.00 J
[2.881] Task 10 enqueued on CPU STARLINK-30872 qlen_enqueue=1
[9][GREEDY] STARLINK-5968 -> STARLINK-31283 | Tramission-time: 0.0011842621361006654
[9] Energy routing consumed by STARLINK-5968: 0.000000 J (remaining 119923.10)
---> Task 11 (Type: CPU_Intensive) arriva in 2.95
--- [2.95] Task 11 using SearchNode Policy: v1_heuristic ---
[11] Filtro euristico: DTS-TMAX
[2.95] [Task 11] Routed STARLINK-31283 -> STARLINK-34972 | E_NET=0.000023 J | Remaining=120000.00 J
[2.951] Task 11 enqueued on CPU STARLINK-34972 qlen_enqueue=1
[MODE: BIDIRECTIONAL]
[9][GREEDY] CONSEGNATO! STARLINK-31283 -> OBS | Tramission-time: 8.822065518464151e-12
[Task 11] Task eseguito su STARLINK-34972 51.45985223698561 degrees | CPU=130.5401J, NET=0.0000J, TOTAL=130.5401J, Remaining=119869.46J
[3.080] Task 11 served on STARLINK-34972 qlen_enqueue_cpu=1 qlen_enqueue_net=None time_in_queue=0.000
[11][GREEDY] STARLINK-34972 -> STARLINK-31283 | Tramission-time: 0.0007920815193248554
[11] Energy routing consumed by STARLINK-34972: 0.000000 J (remaining 119869.46)
[MODE: BIDIRECTIONAL]
[11][GREEDY] CONSEGNATO! STARLINK-31283 -> OBS | Tramission-time: 2.2551194197547755e-11
[3.317] Task 10 enqueued on NET STARLINK-30872 qlen_enqueue_net=1
[Task 10] Task eseguito su STARLINK-30872 57.77107081491966 degrees | CPU=449.1688J, NET=0.0007J, TOTAL=449.1694J, Remaining=119550.83J
[3.318] Task 10 served on STARLINK-30872 qlen_enqueue_cpu=1 qlen_enqueue_net=1 time_in_queue=0.000
[10][GREEDY] STARLINK-30872 -> STARLINK-31283 | Tramission-time: 0.0016777741816059659
[10] Energy routing consumed by STARLINK-30872: 0.000000 J (remaining 119550.83)
[MODE: BIDIRECTIONAL]
[10][GREEDY] CONSEGNATO! STARLINK-31283 -> OBS | Tramission-time: 6.245216539807874e-10
---> Task 12 (Type: CPU_Intensive) arriva in 3.65
--- [3.65] Task 12 using SearchNode Policy: v1_heuristic ---
[12] Filtro euristico: DTS-TMAX
[3.65] [Task 12] Routed STARLINK-31283 -> STARLINK-31866 | E_NET=0.000018 J | Remaining=120000.00 J
[3.649] Task 12 enqueued on CPU STARLINK-31866 qlen_enqueue=1
---> Task 13 (Type: CPU_and_Data_Intensive) arriva in 3.67
--- [3.67] Task 13 using SearchNode Policy: v1_heuristic ---
[13] Filtro euristico: DTS-TMAX
[3.67] [Task 13] Routed STARLINK-31283 -> STARLINK-3127 | E_NET=0.000207 J | Remaining=120000.00 J
[3.669] Task 13 enqueued on CPU STARLINK-3127 qlen_enqueue=1
[3.709] Task 13 enqueued on NET STARLINK-3127 qlen_enqueue_net=1
[Task 13] Task eseguito su STARLINK-3127 63.94505440002035 degrees | CPU=40.8740J, NET=0.0003J, TOTAL=40.8743J, Remaining=119959.13J
[3.709] Task 13 served on STARLINK-3127 qlen_enqueue_cpu=1 qlen_enqueue_net=1 time_in_queue=0.000
---> Task 14 (Type: CPU_Intensive) arriva in 3.79
--- [3.79] Task 14 using SearchNode Policy: v1_heuristic ---
[14] Filtro euristico: DTS-TMAX
[3.79] [Task 14] Routed STARLINK-31283 -> STARLINK-6246 | E_NET=0.000020 J | Remaining=120000.00 J
[3.796] Task 14 enqueued on CPU STARLINK-6246 qlen_enqueue=1
[13][GREEDY] STARLINK-3127 -> STARLINK-31283 | Tramission-time: 0.0008077670079094207
[13] Energy routing consumed by STARLINK-3127: 0.000000 J (remaining 119959.13)
---> Task 15 (Type: CPU_Intensive) arriva in 3.87
--- [3.87] Task 15 using SearchNode Policy: v1_heuristic ---
[15] Filtro euristico: DTS-TMAX
[3.87] [Task 15] Routed STARLINK-31283 -> STARLINK-30971 | E_NET=0.000016 J | Remaining=120000.00 J
[3.866] Task 15 enqueued on CPU STARLINK-30971 qlen_enqueue=1
[Task 15] Task eseguito su STARLINK-30971 46.51572152640636 degrees | CPU=37.2918J, NET=0.0000J, TOTAL=37.2918J, Remaining=119962.71J
[3.904] Task 15 served on STARLINK-30971 qlen_enqueue_cpu=1 qlen_enqueue_net=None time_in_queue=0.000
[MODE: BIDIRECTIONAL]
[13][GREEDY] CONSEGNATO! STARLINK-31283 -> OBS | Tramission-time: 2.1341490406057253e-10
[15][GREEDY] STARLINK-30971 -> STARLINK-31283 | Tramission-time: 0.001148391590583461
[15] Energy routing consumed by STARLINK-30971: 0.000000 J (remaining 119962.71)
----------------------------------------------------------------------
	||TIME IN SIMULATION : (seconds:4) (minutes: 0) ||

MODIFICA CONFIGURAZIONE IN CORSO...

Aggiornato il Tempo Globale:  2025-11-20 20:55:18
[MODE: BIDIRECTIONAL]
[15][GREEDY] CONSEGNATO! STARLINK-31283 -> OBS | Tramission-time: 1.8603234036751546e-11
[Task 14] Task eseguito su STARLINK-6246 52.5956409719713 degrees | CPU=289.8053J, NET=0.0000J, TOTAL=289.8053J, Remaining=119710.19J
[4.078] Task 14 served on STARLINK-6246 qlen_enqueue_cpu=1 qlen_enqueue_net=None time_in_queue=0.000
[14][GREEDY] STARLINK-6246 -> STARLINK-31283 | Tramission-time: 0.0011098570540150588
[14] Energy routing consumed by STARLINK-6246: 0.000000 J (remaining 119710.19)
[MODE: BIDIRECTIONAL]
[14][GREEDY] CONSEGNATO! STARLINK-31283 -> OBS | Tramission-time: 1.5995490601370093e-11
[Task 12] Task eseguito su STARLINK-31866 56.110548482786896 degrees | CPU=1506.8575J, NET=0.0000J, TOTAL=1506.8575J, Remaining=118493.14J
[5.112] Task 12 served on STARLINK-31866 qlen_enqueue_cpu=1 qlen_enqueue_net=None time_in_queue=0.000
---> Task 16 (Type: Generic_Service) arriva in 5.20
--- [5.20] Task 16 using SearchNode Policy: v1_heuristic ---
[16] Filtro euristico: DTS-TMAX
[5.20] [Task 16] Routed STARLINK-31283 -> STARLINK-31751 | E_NET=0.000023 J | Remaining=120000.00 J
[5.196] Task 16 enqueued on CPU STARLINK-31751 qlen_enqueue=1
[MODE: BIDIRECTIONAL]
[12][GREEDY] CONSEGNATO! STARLINK-31866 -> OBS | Tramission-time: 1.4073501189749434e-11
[Task 16] Task eseguito su STARLINK-31751 40.208652988173945 degrees | CPU=25.0333J, NET=0.0000J, TOTAL=25.0334J, Remaining=119974.97J
[5.222] Task 16 served on STARLINK-31751 qlen_enqueue_cpu=1 qlen_enqueue_net=None time_in_queue=0.000
[16][GREEDY] STARLINK-31751 -> STARLINK-31283 | Tramission-time: 0.0012165142294663285
[16] Energy routing consumed by STARLINK-31751: 0.000000 J (remaining 119974.97)
---> Task 17 (Type: Generic_Service) arriva in 5.35
--- [5.35] Task 17 using SearchNode Policy: v1_heuristic ---
[17] Filtro euristico: DTS-TMAX
[5.35] [Task 17] Routed STARLINK-31283 -> STARLINK-5520 | E_NET=0.000011 J | Remaining=120000.00 J
[5.349] Task 17 enqueued on CPU STARLINK-5520 qlen_enqueue=1
[Task 17] Task eseguito su STARLINK-5520 43.56219807260382 degrees | CPU=59.4461J, NET=0.0000J, TOTAL=59.4461J, Remaining=119940.55J
[5.408] Task 17 served on STARLINK-5520 qlen_enqueue_cpu=1 qlen_enqueue_net=None time_in_queue=0.000
[MODE: BIDIRECTIONAL]
[16][GREEDY] CONSEGNATO! STARLINK-31283 -> OBS | Tramission-time: 1.893350789178213e-11
[17][GREEDY] STARLINK-5520 -> STARLINK-31283 | Tramission-time: 0.0013058774816254513
[17] Energy routing consumed by STARLINK-5520: 0.000000 J (remaining 119940.55)
[MODE: BIDIRECTIONAL]
[17][GREEDY] CONSEGNATO! STARLINK-31283 -> OBS | Tramission-time: 1.2034341490906933e-11
---> Task 18 (Type: Generic_Service) arriva in 5.82
--- [5.82] Task 18 using SearchNode Policy: v1_heuristic ---
[18] Filtro euristico: DTS-TMAX
[5.82] [Task 18] Routed STARLINK-31283 -> STARLINK-5936 | E_NET=0.000037 J | Remaining=120000.00 J
[5.819] Task 18 enqueued on CPU STARLINK-5936 qlen_enqueue=1
[Task 18] Task eseguito su STARLINK-5936 65.54732339444593 degrees | CPU=124.0539J, NET=0.0000J, TOTAL=124.0540J, Remaining=119875.95J
[5.942] Task 18 served on STARLINK-5936 qlen_enqueue_cpu=1 qlen_enqueue_net=None time_in_queue=0.000
----------------------------------------------------------------------
	||TIME IN SIMULATION : (seconds:6) (minutes: 0) ||

MODIFICA CONFIGURAZIONE IN CORSO...

Aggiornato il Tempo Globale:  2025-11-20 20:55:20
[18][GREEDY] STARLINK-5936 -> STARLINK-31283 | Tramission-time: 0.001326497774402233
[18] Energy routing consumed by STARLINK-5936: 0.000000 J (remaining 119875.95)
[MODE: BIDIRECTIONAL]
[18][GREEDY] CONSEGNATO! STARLINK-31283 -> OBS | Tramission-time: 3.3208568244488696e-11
---> Task 19 (Type: CPU_and_Data_Intensive) arriva in 6.34
--- [6.34] Task 19 using SearchNode Policy: v1_heuristic ---
[19] Filtro euristico: DTS-TMAX
[6.34] [Task 19] Routed STARLINK-31283 -> STARLINK-31018 | E_NET=0.000285 J | Remaining=120000.00 J
[6.341] Task 19 enqueued on CPU STARLINK-31018 qlen_enqueue=1
[6.367] Task 19 enqueued on NET STARLINK-31018 qlen_enqueue_net=1
[Task 19] Task eseguito su STARLINK-31018 59.07446675339315 degrees | CPU=26.5641J, NET=0.0004J, TOTAL=26.5645J, Remaining=119973.44J
[6.368] Task 19 served on STARLINK-31018 qlen_enqueue_cpu=1 qlen_enqueue_net=1 time_in_queue=0.000
---> Task 20 (Type: CPU_and_Data_Intensive) arriva in 6.39
--- [6.39] Task 20 using SearchNode Policy: v1_heuristic ---
[20] Filtro euristico: DTS-TMAX
[6.39] [Task 20] Routed STARLINK-2116 -> STARLINK-4438 | E_NET=0.002308 J | Remaining=120000.00 J
[6.394] Task 20 enqueued on CPU STARLINK-4438 qlen_enqueue=1
[19][GREEDY] STARLINK-31018 -> STARLINK-31283 | Tramission-time: 0.0014280770269003414
[19] Energy routing consumed by STARLINK-31018: 0.000000 J (remaining 119973.44)
[MODE: BIDIRECTIONAL]
[19][GREEDY] CONSEGNATO! STARLINK-31283 -> OBS | Tramission-time: 3.0854018222851833e-10
---> Task 21 (Type: CPU_Intensive) arriva in 6.81
--- [6.81] Task 21 using SearchNode Policy: v1_heuristic ---
[21] Filtro euristico: DTS-TMAX
[6.81] [Task 21] Routed STARLINK-30578 -> STARLINK-4473 | E_NET=0.000009 J | Remaining=120000.00 J
[6.807] Task 21 enqueued on CPU STARLINK-4473 qlen_enqueue=1
---> Task 22 (Type: CPU_Intensive) arriva in 6.95
--- [6.95] Task 22 using SearchNode Policy: v1_heuristic ---
[22] Filtro euristico: DTS-TMAX
[6.95] [Task 22] Routed STARLINK-30578 -> STARLINK-31235 | E_NET=0.000004 J | Remaining=120000.00 J
[6.956] Task 22 enqueued on CPU STARLINK-31235 qlen_enqueue=1
[Task 22] Task eseguito su STARLINK-31235 50.52148841473135 degrees | CPU=547.6906J, NET=0.0000J, TOTAL=547.6906J, Remaining=119452.31J
[7.488] Task 22 served on STARLINK-31235 qlen_enqueue_cpu=1 qlen_enqueue_net=None time_in_queue=0.000
---> Task 23 (Type: Generic_Service) arriva in 7.50
--- [7.50] Task 23 using SearchNode Policy: v1_heuristic ---
[23] Filtro euristico: DTS-TMAX
[7.50] [Task 23] Routed STARLINK-30578 -> STARLINK-2717 | E_NET=0.000004 J | Remaining=120000.00 J
[7.500] Task 23 enqueued on CPU STARLINK-2717 qlen_enqueue=1
[22][GREEDY] STARLINK-31235 -> STARLINK-31283 | Tramission-time: 0.0018006952410520069
[22] Energy routing consumed by STARLINK-31235: 0.000000 J (remaining 119452.31)
[Task 23] Task eseguito su STARLINK-2717 52.608680500684144 degrees | CPU=43.7682J, NET=0.0000J, TOTAL=43.7682J, Remaining=119956.23J
[7.543] Task 23 served on STARLINK-2717 qlen_enqueue_cpu=1 qlen_enqueue_net=None time_in_queue=0.000
[MODE: BIDIRECTIONAL]
[22][GREEDY] CONSEGNATO! STARLINK-31283 -> OBS | Tramission-time: 3.929736414632883e-12
[23][GREEDY] STARLINK-2717 -> STARLINK-31283 | Tramission-time: 0.0018352376263501672
[23] Energy routing consumed by STARLINK-2717: 0.000000 J (remaining 119956.23)
[MODE: BIDIRECTIONAL]
[23][GREEDY] CONSEGNATO! STARLINK-31283 -> OBS | Tramission-time: 3.773383345655521e-12
----------------------------------------------------------------------
	||TIME IN SIMULATION : (seconds:8) (minutes: 0) ||

MODIFICA CONFIGURAZIONE IN CORSO...

Aggiornato il Tempo Globale:  2025-11-20 20:55:22
---> Task 24 (Type: CPU_Intensive) arriva in 8.02
--- [8.02] Task 24 using SearchNode Policy: v1_heuristic ---
[24] Filtro euristico: DTS-TMAX
[8.02] [Task 24] Routed STARLINK-30578 -> STARLINK-30297 | E_NET=0.000022 J | Remaining=120000.00 J
[8.025] Task 24 enqueued on CPU STARLINK-30297 qlen_enqueue=1
[Task 21] Task eseguito su STARLINK-4473 56.303730535816655 degrees | CPU=1464.3126J, NET=0.0000J, TOTAL=1464.3126J, Remaining=118535.69J
[8.228] Task 21 served on STARLINK-4473 qlen_enqueue_cpu=1 qlen_enqueue_net=None time_in_queue=0.000
---> Task 25 (Type: CPU_Intensive) arriva in 8.26
--- [8.26] Task 25 using SearchNode Policy: v1_heuristic ---
[25] Filtro euristico: DTS-TMAX
[8.26] [Task 25] Routed STARLINK-31283 -> STARLINK-4545 | E_NET=0.000013 J | Remaining=120000.00 J
[8.263] Task 25 enqueued on CPU STARLINK-4545 qlen_enqueue=1
[21][GREEDY] STARLINK-4473 -> STARLINK-31283 | Tramission-time: 0.0016897474105166711
[21] Energy routing consumed by STARLINK-4473: 0.000000 J (remaining 118535.69)
[MODE: BIDIRECTIONAL]
[21][GREEDY] CONSEGNATO! STARLINK-31283 -> OBS | Tramission-time: 1.0739815770523028e-11
[8.641] Task 20 enqueued on NET STARLINK-4438 qlen_enqueue_net=1
[Task 20] Task eseguito su STARLINK-4438 49.98721404487687 degrees | CPU=2316.4201J, NET=0.0033J, TOTAL=2316.4234J, Remaining=117683.58J
[8.644] Task 20 served on STARLINK-4438 qlen_enqueue_cpu=1 qlen_enqueue_net=1 time_in_queue=0.000
[Task 24] Task eseguito su STARLINK-30297 45.235767183387104 degrees | CPU=698.8475J, NET=0.0000J, TOTAL=698.8475J, Remaining=119301.15J
[8.705] Task 24 served on STARLINK-30297 qlen_enqueue_cpu=1 qlen_enqueue_net=None time_in_queue=0.000
[24][GREEDY] STARLINK-30297 -> STARLINK-31283 | Tramission-time: 0.0016892063855143697
[24] Energy routing consumed by STARLINK-30297: 0.000000 J (remaining 119301.15)
[20][GREEDY] STARLINK-4438 -> STARLINK-31283 | Tramission-time: 0.002044743547688062
[20] Energy routing consumed by STARLINK-4438: 0.000000 J (remaining 117683.58)
---> Task 26 (Type: CPU_Intensive) arriva in 8.74
--- [8.74] Task 26 using SearchNode Policy: v1_heuristic ---
[26] Filtro euristico: DTS-TMAX
[8.74] [Task 26] Routed STARLINK-30578 -> STARLINK-2319 | E_NET=0.000024 J | Remaining=120000.00 J
[8.746] Task 26 enqueued on CPU STARLINK-2319 qlen_enqueue=1
[MODE: BIDIRECTIONAL]
[24][GREEDY] CONSEGNATO! STARLINK-31283 -> OBS | Tramission-time: 1.7597185272431288e-11
[Task 26] Task eseguito su STARLINK-2319 47.48947753963203 degrees | CPU=168.4801J, NET=0.0000J, TOTAL=168.4801J, Remaining=119831.52J
[8.911] Task 26 served on STARLINK-2319 qlen_enqueue_cpu=1 qlen_enqueue_net=None time_in_queue=0.000
[MODE: BIDIRECTIONAL]
[20][GREEDY] CONSEGNATO! STARLINK-31283 -> OBS | Tramission-time: 2.534836796055036e-09
[26][GREEDY] STARLINK-2319 -> STARLINK-31283 | Tramission-time: 0.0021319842389783752
[26] Energy routing consumed by STARLINK-2319: 0.000000 J (remaining 119831.52)
[MODE: BIDIRECTIONAL]
[26][GREEDY] CONSEGNATO! STARLINK-31283 -> OBS | Tramission-time: 2.4501703326543616e-11
[Task 25] Task eseguito su STARLINK-4545 43.45393587814844 degrees | CPU=1016.3161J, NET=0.0000J, TOTAL=1016.3161J, Remaining=118983.68J
[9.250] Task 25 served on STARLINK-4545 qlen_enqueue_cpu=1 qlen_enqueue_net=None time_in_queue=0.000
[25][GREEDY] STARLINK-4545 -> STARLINK-31283 | Tramission-time: 0.001850507809966294
[25] Energy routing consumed by STARLINK-4545: 0.000000 J (remaining 118983.68)
[MODE: BIDIRECTIONAL]
[25][GREEDY] CONSEGNATO! STARLINK-31283 -> OBS | Tramission-time: 1.379220350958668e-11
----------------------------------------------------------------------
	||TIME IN SIMULATION : (seconds:10) (minutes: 0) ||

MODIFICA CONFIGURAZIONE IN CORSO...

Aggiornato il Tempo Globale:  2025-11-20 20:55:24
---> Task 27 (Type: Generic_Service) arriva in 10.22
--- [10.22] Task 27 using SearchNode Policy: v1_heuristic ---
[27] Filtro euristico: DTS-TMAX
[10.22] [Task 27] Routed STARLINK-31283 -> STARLINK-1068 | E_NET=0.000035 J | Remaining=120000.00 J
[10.224] Task 27 enqueued on CPU STARLINK-1068 qlen_enqueue=1
---> Task 28 (Type: Generic_Service) arriva in 10.23
--- [10.23] Task 28 using SearchNode Policy: v1_heuristic ---
[28] Filtro euristico: DTS-TMAX
[10.23] [Task 28] Routed STARLINK-31283 -> STARLINK-30578 | E_NET=0.000018 J | Remaining=120000.00 J
[10.228] Task 28 enqueued on CPU STARLINK-30578 qlen_enqueue=1
[Task 28] Task eseguito su STARLINK-30578 87.20749822334535 degrees | CPU=17.3645J, NET=0.0000J, TOTAL=17.3646J, Remaining=119982.63J
[10.247] Task 28 served on STARLINK-30578 qlen_enqueue_cpu=1 qlen_enqueue_net=None time_in_queue=0.000
[Task 27] Task eseguito su STARLINK-1068 40.298043455031824 degrees | CPU=31.7754J, NET=0.0000J, TOTAL=31.7754J, Remaining=119968.22J
[10.258] Task 27 served on STARLINK-1068 qlen_enqueue_cpu=1 qlen_enqueue_net=None time_in_queue=0.000
---> Task 29 (Type: CPU_Intensive) arriva in 10.30
--- [10.30] Task 29 using SearchNode Policy: v1_heuristic ---
[29] Filtro euristico: DTS-TMAX
[10.30] [Task 29] Routed STARLINK-31283 -> STARLINK-2116 | E_NET=0.000027 J | Remaining=120000.00 J
[10.304] Task 29 enqueued on CPU STARLINK-2116 qlen_enqueue=1
[28][GREEDY] STARLINK-30578 -> STARLINK-31283 | Tramission-time: 0.0005728530190991357
[28] Energy routing consumed by STARLINK-30578: 0.000000 J (remaining 119982.63)
[27][GREEDY] STARLINK-1068 -> STARLINK-31283 | Tramission-time: 0.001717449957761105
[27] Energy routing consumed by STARLINK-1068: 0.000000 J (remaining 119968.22)
[MODE: BIDIRECTIONAL]
[28][GREEDY] CONSEGNATO! STARLINK-31283 -> OBS | Tramission-time: 1.9267992933623822e-11
[MODE: BIDIRECTIONAL]
[27][GREEDY] CONSEGNATO! STARLINK-31283 -> OBS | Tramission-time: 2.6937119131832964e-11
---> Task 30 (Type: CPU_and_Data_Intensive) arriva in 10.97
--- [10.97] Task 30 using SearchNode Policy: v1_heuristic ---
[30] Filtro euristico: DTS-TMAX
[10.97] [Task 30] Routed STARLINK-31283 -> STARLINK-30578 | E_NET=0.000749 J | Remaining=120000.00 J
[10.973] Task 30 enqueued on CPU STARLINK-30578 qlen_enqueue=1
---> Task 31 (Type: CPU_and_Data_Intensive) arriva in 11.25
--- [11.25] Task 31 using SearchNode Policy: v1_heuristic ---
[31] Filtro euristico: DTS-TMAX
[Task 31] Nessun server rimasto dopo i filtri (deadline/sunset).
[Task 31] REJECTED on STARLINK-31283 due to: No suitable server found after deadline/sunset filters
[Task 29] Task eseguito su STARLINK-2116 53.09012370391655 degrees | CPU=1659.0612J, NET=0.0000J, TOTAL=1659.0612J, Remaining=118340.94J
[11.916] Task 29 served on STARLINK-2116 qlen_enqueue_cpu=1 qlen_enqueue_net=None time_in_queue=0.000
[MODE: BIDIRECTIONAL]
[29][GREEDY] CONSEGNATO! STARLINK-2116 -> OBS | Tramission-time: 3.261356689369617e-11
[11.948] Task 30 enqueued on NET STARLINK-30578 qlen_enqueue_net=1
[Task 30] Task eseguito su STARLINK-30578 87.20749822334535 degrees | CPU=1004.6990J, NET=0.0009J, TOTAL=1004.6999J, Remaining=118977.93J
[11.949] Task 30 served on STARLINK-30578 qlen_enqueue_cpu=1 qlen_enqueue_net=1 time_in_queue=0.000
----------------------------------------------------------------------
	||TIME IN SIMULATION : (seconds:12) (minutes: 0) ||

MODIFICA CONFIGURAZIONE IN CORSO...

Aggiornato il Tempo Globale:  2025-11-20 20:55:26
[30][GREEDY] STARLINK-30578 -> STARLINK-31283 | Tramission-time: 0.0005716269713102063
[30] Energy routing consumed by STARLINK-30578: 0.000000 J (remaining 118977.93)
---> Task 32 (Type: Generic_Service) arriva in 12.08
--- [12.08] Task 32 using SearchNode Policy: v1_heuristic ---
[32] Filtro euristico: DTS-TMAX
[12.08] [Task 32] Routed STARLINK-31283 -> STARLINK-30971 | E_NET=0.000026 J | Remaining=120000.00 J
[12.083] Task 32 enqueued on CPU STARLINK-30971 qlen_enqueue=1
[Task 32] Task eseguito su STARLINK-30971 50.918274537409864 degrees | CPU=12.4326J, NET=0.0000J, TOTAL=12.4327J, Remaining=119950.28J
[12.098] Task 32 served on STARLINK-30971 qlen_enqueue_cpu=1 qlen_enqueue_net=None time_in_queue=0.000
[MODE: BIDIRECTIONAL]
[30][GREEDY] CONSEGNATO! STARLINK-31283 -> OBS | Tramission-time: 7.512161415998733e-10
[32][GREEDY] STARLINK-30971 -> STARLINK-31283 | Tramission-time: 0.0011272783788258607
[32] Energy routing consumed by STARLINK-30971: 0.000000 J (remaining 119950.28)
[MODE: BIDIRECTIONAL]
[32][GREEDY] CONSEGNATO! STARLINK-31283 -> OBS | Tramission-time: 2.2805064530104716e-11
---> Task 33 (Type: CPU_and_Data_Intensive) arriva in 13.29
--- [13.29] Task 33 using SearchNode Policy: v1_heuristic ---
[33] Filtro euristico: DTS-TMAX
[13.29] [Task 33] Routed STARLINK-31283 -> STARLINK-33663 | E_NET=0.001449 J | Remaining=120000.00 J
[13.295] Task 33 enqueued on CPU STARLINK-33663 qlen_enqueue=1
[13.721] Task 33 enqueued on NET STARLINK-33663 qlen_enqueue_net=1
[Task 33] Task eseguito su STARLINK-33663 40.02025633912592 degrees | CPU=439.1974J, NET=0.0015J, TOTAL=439.1990J, Remaining=119560.80J
[13.723] Task 33 served on STARLINK-33663 qlen_enqueue_cpu=1 qlen_enqueue_net=1 time_in_queue=0.000
[33][GREEDY] STARLINK-33663 -> STARLINK-31283 | Tramission-time: 0.0015186432471997347
[33] Energy routing consumed by STARLINK-33663: 0.000000 J (remaining 119560.80)
[MODE: BIDIRECTIONAL]
[33][GREEDY] CONSEGNATO! STARLINK-31283 -> OBS | Tramission-time: 1.1914333427738959e-09
----------------------------------------------------------------------
	||TIME IN SIMULATION : (seconds:14) (minutes: 0) ||

MODIFICA CONFIGURAZIONE IN CORSO...

Aggiornato il Tempo Globale:  2025-11-20 20:55:28
---> Task 34 (Type: Generic_Service) arriva in 14.80
--- [14.80] Task 34 using SearchNode Policy: v1_heuristic ---
[34] Filtro euristico: DTS-TMAX
[14.80] [Task 34] Routed STARLINK-31283 -> STARLINK-31751 | E_NET=0.000019 J | Remaining=120000.00 J
[14.797] Task 34 enqueued on CPU STARLINK-31751 qlen_enqueue=1
[Task 34] Task eseguito su STARLINK-31751 42.926421641758665 degrees | CPU=103.3118J, NET=0.0000J, TOTAL=103.3118J, Remaining=119871.65J
[14.899] Task 34 served on STARLINK-31751 qlen_enqueue_cpu=1 qlen_enqueue_net=None time_in_queue=0.000
[34][GREEDY] STARLINK-31751 -> STARLINK-31283 | Tramission-time: 0.0013009983056444098
[34] Energy routing consumed by STARLINK-31751: 0.000000 J (remaining 119871.65)
[MODE: BIDIRECTIONAL]
[34][GREEDY] CONSEGNATO! STARLINK-31283 -> OBS | Tramission-time: 2.1039489060784894e-11
---> Task 35 (Type: CPU_Intensive) arriva in 15.93
--- [15.93] Task 35 using SearchNode Policy: v1_heuristic ---
[35] Filtro euristico: DTS-TMAX
[15.93] [Task 35] Routed STARLINK-31283 -> STARLINK-31018 | E_NET=0.000030 J | Remaining=120000.00 J
[15.928] Task 35 enqueued on CPU STARLINK-31018 qlen_enqueue=1
---> Task 36 (Type: CPU_Intensive) arriva in 15.98
--- [15.98] Task 36 using SearchNode Policy: v1_heuristic ---
[36] Filtro euristico: DTS-TMAX
[15.98] [Task 36] Routed STARLINK-31283 -> STARLINK-1068 | E_NET=0.000014 J | Remaining=120000.00 J
[15.986] Task 36 enqueued on CPU STARLINK-1068 qlen_enqueue=1
----------------------------------------------------------------------
	||TIME IN SIMULATION : (seconds:16) (minutes: 0) ||

MODIFICA CONFIGURAZIONE IN CORSO...

Aggiornato il Tempo Globale:  2025-11-20 20:55:30
[Task 36] Task eseguito su STARLINK-1068 41.735754216477865 degrees | CPU=117.0194J, NET=0.0000J, TOTAL=117.0194J, Remaining=119851.21J
[16.101] Task 36 served on STARLINK-1068 qlen_enqueue_cpu=1 qlen_enqueue_net=None time_in_queue=0.000
[Task 35] Task eseguito su STARLINK-31018 54.142069746305786 degrees | CPU=202.9439J, NET=0.0000J, TOTAL=202.9440J, Remaining=119770.49J
[16.128] Task 35 served on STARLINK-31018 qlen_enqueue_cpu=1 qlen_enqueue_net=None time_in_queue=0.000
[35][GREEDY] STARLINK-31018 -> STARLINK-31283 | Tramission-time: 0.0014201394894741046
[35] Energy routing consumed by STARLINK-31018: 0.000000 J (remaining 119770.49)
[36][GREEDY] STARLINK-1068 -> STARLINK-31283 | Tramission-time: 0.0017542344139538832
[36] Energy routing consumed by STARLINK-1068: 0.000000 J (remaining 119851.21)
[MODE: BIDIRECTIONAL]
[35][GREEDY] CONSEGNATO! STARLINK-31283 -> OBS | Tramission-time: 2.5744289720176736e-11
[MODE: BIDIRECTIONAL]
[36][GREEDY] CONSEGNATO! STARLINK-31283 -> OBS | Tramission-time: 1.6090849396864774e-11
---> Task 37 (Type: Generic_Service) arriva in 16.74
--- [16.74] Task 37 using SearchNode Policy: v1_heuristic ---
[37] Filtro euristico: DTS-TMAX
[16.74] [Task 37] Routed STARLINK-31283 -> STARLINK-3127 | E_NET=0.000022 J | Remaining=120000.00 J
[16.737] Task 37 enqueued on CPU STARLINK-3127 qlen_enqueue=1
[Task 37] Task eseguito su STARLINK-3127 70.31600756995934 degrees | CPU=125.6046J, NET=0.0000J, TOTAL=125.6047J, Remaining=119833.52J
[16.861] Task 37 served on STARLINK-3127 qlen_enqueue_cpu=1 qlen_enqueue_net=None time_in_queue=0.000
[MODE: BIDIRECTIONAL]
[37][GREEDY] CONSEGNATO! STARLINK-3127 -> OBS | Tramission-time: 2.1978106647133647e-11
---> Task 38 (Type: CPU_Intensive) arriva in 17.28
--- [17.28] Task 38 using SearchNode Policy: v1_heuristic ---
[38] Filtro euristico: DTS-TMAX
[17.28] [Task 38] Routed STARLINK-31283 -> STARLINK-5097 | E_NET=0.000019 J | Remaining=120000.00 J
[17.284] Task 38 enqueued on CPU STARLINK-5097 qlen_enqueue=1
---> Task 39 (Type: CPU_Intensive) arriva in 17.33
--- [17.33] Task 39 using SearchNode Policy: v1_heuristic ---
[39] Filtro euristico: DTS-TMAX
[17.33] [Task 39] Routed STARLINK-31283 -> STARLINK-2717 | E_NET=0.000008 J | Remaining=120000.00 J
[17.332] Task 39 enqueued on CPU STARLINK-2717 qlen_enqueue=1
---> Task 40 (Type: CPU_Intensive) arriva in 17.40
--- [17.40] Task 40 using SearchNode Policy: v1_heuristic ---
[40] Filtro euristico: DTS-TMAX
[17.40] [Task 40] Routed STARLINK-31283 -> STARLINK-30971 | E_NET=0.000009 J | Remaining=120000.00 J
[17.400] Task 40 enqueued on CPU STARLINK-30971 qlen_enqueue=1
[Task 39] Task eseguito su STARLINK-2717 47.875135708903855 degrees | CPU=412.8587J, NET=0.0000J, TOTAL=412.8588J, Remaining=119543.37J
[17.733] Task 39 served on STARLINK-2717 qlen_enqueue_cpu=1 qlen_enqueue_net=None time_in_queue=0.000
[39][GREEDY] STARLINK-2717 -> STARLINK-31283 | Tramission-time: 0.0018423651069703992
[39] Energy routing consumed by STARLINK-2717: 0.000000 J (remaining 119543.37)
[MODE: BIDIRECTIONAL]
[39][GREEDY] CONSEGNATO! STARLINK-31283 -> OBS | Tramission-time: 6.9020953035498775e-12
----------------------------------------------------------------------
	||TIME IN SIMULATION : (seconds:18) (minutes: 0) ||

MODIFICA CONFIGURAZIONE IN CORSO...

Aggiornato il Tempo Globale:  2025-11-20 20:55:32
---> Task 41 (Type: CPU_Intensive) arriva in 18.06
--- [18.06] Task 41 using SearchNode Policy: v1_heuristic ---
[41] Filtro euristico: DTS-TMAX
[18.06] [Task 41] Routed STARLINK-31283 -> STARLINK-30522 | E_NET=0.000022 J | Remaining=120000.00 J
[18.062] Task 41 enqueued on CPU STARLINK-30522 qlen_enqueue=1
[Task 40] Task eseguito su STARLINK-30971 53.77572571569963 degrees | CPU=852.5173J, NET=0.0000J, TOTAL=852.5174J, Remaining=119097.76J
[18.228] Task 40 served on STARLINK-30971 qlen_enqueue_cpu=1 qlen_enqueue_net=None time_in_queue=0.000
[40][GREEDY] STARLINK-30971 -> STARLINK-31283 | Tramission-time: 0.0011204936585724238
[40] Energy routing consumed by STARLINK-30971: 0.000000 J (remaining 119097.76)
[MODE: BIDIRECTIONAL]
[40][GREEDY] CONSEGNATO! STARLINK-31283 -> OBS | Tramission-time: 1.0434351706151076e-11
[Task 41] Task eseguito su STARLINK-30522 72.69734818707515 degrees | CPU=289.2031J, NET=0.0000J, TOTAL=289.2032J, Remaining=119659.56J
[18.344] Task 41 served on STARLINK-30522 qlen_enqueue_cpu=1 qlen_enqueue_net=None time_in_queue=0.000
[Task 38] Task eseguito su STARLINK-5097 47.77847163896927 degrees | CPU=1113.3552J, NET=0.0000J, TOTAL=1113.3552J, Remaining=118843.61J
[18.366] Task 38 served on STARLINK-5097 qlen_enqueue_cpu=1 qlen_enqueue_net=None time_in_queue=0.000
[41][GREEDY] STARLINK-30522 -> STARLINK-31283 | Tramission-time: 0.0008787665539428839
[41] Energy routing consumed by STARLINK-30522: 0.000000 J (remaining 119659.56)
[38][GREEDY] STARLINK-5097 -> STARLINK-31283 | Tramission-time: 0.001872092846593825
[38] Energy routing consumed by STARLINK-5097: 0.000000 J (remaining 118843.61)
[MODE: BIDIRECTIONAL]
[41][GREEDY] CONSEGNATO! STARLINK-31283 -> OBS | Tramission-time: 2.258976653165454e-11
[MODE: BIDIRECTIONAL]
[38][GREEDY] CONSEGNATO! STARLINK-31283 -> OBS | Tramission-time: 2.1799243441879277e-11
---> Task 42 (Type: Generic_Service) arriva in 18.88
--- [18.88] Task 42 using SearchNode Policy: v1_heuristic ---
[42] Filtro euristico: DTS-TMAX
[18.88] [Task 42] Routed STARLINK-31283 -> STARLINK-5520 | E_NET=0.000015 J | Remaining=120000.00 J
[18.881] Task 42 enqueued on CPU STARLINK-5520 qlen_enqueue=1
[Task 42] Task eseguito su STARLINK-5520 46.355043409446914 degrees | CPU=91.5048J, NET=0.0000J, TOTAL=91.5048J, Remaining=119849.05J
[18.971] Task 42 served on STARLINK-5520 qlen_enqueue_cpu=1 qlen_enqueue_net=None time_in_queue=0.000
[42][GREEDY] STARLINK-5520 -> STARLINK-31283 | Tramission-time: 0.0014633458079448991
[42] Energy routing consumed by STARLINK-5520: 0.000000 J (remaining 119849.05)
[MODE: BIDIRECTIONAL]
[42][GREEDY] CONSEGNATO! STARLINK-31283 -> OBS | Tramission-time: 1.4194743102196154e-11
---> Task 43 (Type: CPU_Intensive) arriva in 19.96
--- [19.96] Task 43 using SearchNode Policy: v1_heuristic ---
[43] Filtro euristico: DTS-TMAX
[19.96] [Task 43] Routed STARLINK-31283 -> STARLINK-5968 | E_NET=0.000025 J | Remaining=120000.00 J
[19.964] Task 43 enqueued on CPU STARLINK-5968 qlen_enqueue=1
----------------------------------------------------------------------
	||TIME IN SIMULATION : (seconds:20) (minutes: 0) ||

MODIFICA CONFIGURAZIONE IN CORSO...

Aggiornato il Tempo Globale:  2025-11-20 20:55:34
---> Task 44 (Type: Generic_Service) arriva in 20.40
--- [20.40] Task 44 using SearchNode Policy: v1_heuristic ---
[44] Filtro euristico: DTS-TMAX
[20.40] [Task 44] Routed STARLINK-31283 -> STARLINK-4525 | E_NET=0.000015 J | Remaining=120000.00 J
[20.403] Task 44 enqueued on CPU STARLINK-4525 qlen_enqueue=1
[Task 44] Task eseguito su STARLINK-4525 40.606681795682114 degrees | CPU=65.6650J, NET=0.0000J, TOTAL=65.6650J, Remaining=119934.33J
[20.468] Task 44 served on STARLINK-4525 qlen_enqueue_cpu=1 qlen_enqueue_net=None time_in_queue=0.000
[44][GREEDY] STARLINK-4525 -> STARLINK-31283 | Tramission-time: 0.002013367785838835
[44] Energy routing consumed by STARLINK-4525: 0.000000 J (remaining 119934.33)
[MODE: BIDIRECTIONAL]
[44][GREEDY] CONSEGNATO! STARLINK-31283 -> OBS | Tramission-time: 1.4836753124856354e-11
[Task 43] Task eseguito su STARLINK-5968 65.10029313334151 degrees | CPU=989.5721J, NET=0.0000J, TOTAL=989.5721J, Remaining=118933.52J
[20.926] Task 43 served on STARLINK-5968 qlen_enqueue_cpu=1 qlen_enqueue_net=None time_in_queue=0.000
[43][GREEDY] STARLINK-5968 -> STARLINK-31283 | Tramission-time: 0.0011257720450531415
[43] Energy routing consumed by STARLINK-5968: 0.000000 J (remaining 118933.52)
[MODE: BIDIRECTIONAL]
[43][GREEDY] CONSEGNATO! STARLINK-31283 -> OBS | Tramission-time: 2.377260799372955e-11
---> Task 45 (Type: Generic_Service) arriva in 21.89
--- [21.89] Task 45 using SearchNode Policy: v1_heuristic ---
[45] Filtro euristico: DTS-TMAX
[21.89] [Task 45] Routed STARLINK-31283 -> STARLINK-4525 | E_NET=0.000024 J | Remaining=120000.00 J
[21.895] Task 45 enqueued on CPU STARLINK-4525 qlen_enqueue=1
----------------------------------------------------------------------
	||TIME IN SIMULATION : (seconds:22) (minutes: 0) ||

MODIFICA CONFIGURAZIONE IN CORSO...

Aggiornato il Tempo Globale:  2025-11-20 20:55:36
[Task 45] Task eseguito su STARLINK-4525 41.318237225838566 degrees | CPU=124.5817J, NET=0.0000J, TOTAL=124.5817J, Remaining=119809.75J
[22.018] Task 45 served on STARLINK-4525 qlen_enqueue_cpu=1 qlen_enqueue_net=None time_in_queue=0.000
[45][GREEDY] STARLINK-4525 -> STARLINK-31283 | Tramission-time: 0.0019830447076708436
[45] Energy routing consumed by STARLINK-4525: 0.000000 J (remaining 119809.75)
[MODE: BIDIRECTIONAL]
[45][GREEDY] CONSEGNATO! STARLINK-31283 -> OBS | Tramission-time: 1.981124846552875e-11
---> Task 46 (Type: Generic_Service) arriva in 22.21
--- [22.21] Task 46 using SearchNode Policy: v1_heuristic ---
[46] Filtro euristico: DTS-TMAX
[Task 46] Nessun server rimasto dopo i filtri (deadline/sunset).
[Task 46] REJECTED on STARLINK-31283 due to: No suitable server found after deadline/sunset filters
---> Task 47 (Type: Generic_Service) arriva in 22.31
--- [22.31] Task 47 using SearchNode Policy: v1_heuristic ---
[47] Filtro euristico: DTS-TMAX
[22.31] [Task 47] Routed STARLINK-31283 -> STARLINK-6195 | E_NET=0.000017 J | Remaining=120000.00 J
[22.317] Task 47 enqueued on CPU STARLINK-6195 qlen_enqueue=1
[Task 47] Task eseguito su STARLINK-6195 40.32198323246457 degrees | CPU=227.0334J, NET=0.0000J, TOTAL=227.0334J, Remaining=119772.97J
[22.538] Task 47 served on STARLINK-6195 qlen_enqueue_cpu=1 qlen_enqueue_net=None time_in_queue=0.000
[47][GREEDY] STARLINK-6195 -> STARLINK-31283 | Tramission-time: 0.0019783158400260245
[47] Energy routing consumed by STARLINK-6195: 0.000000 J (remaining 119772.97)
[MODE: BIDIRECTIONAL]
[47][GREEDY] CONSEGNATO! STARLINK-31283 -> OBS | Tramission-time: 1.8493396148747936e-11
---> Task 48 (Type: CPU_Intensive) arriva in 23.10
--- [23.10] Task 48 using SearchNode Policy: v1_heuristic ---
[48] Filtro euristico: DTS-TMAX
[23.10] [Task 48] Routed STARLINK-31283 -> STARLINK-5936 | E_NET=0.000033 J | Remaining=120000.00 J
[23.106] Task 48 enqueued on CPU STARLINK-5936 qlen_enqueue=1
[Task 48] Task eseguito su STARLINK-5936 55.64423695772074 degrees | CPU=755.6266J, NET=0.0000J, TOTAL=755.6266J, Remaining=119120.32J
[23.841] Task 48 served on STARLINK-5936 qlen_enqueue_cpu=1 qlen_enqueue_net=None time_in_queue=0.000
[48][GREEDY] STARLINK-5936 -> STARLINK-31283 | Tramission-time: 0.0013740005510169172
[48] Energy routing consumed by STARLINK-5936: 0.000000 J (remaining 119120.32)
[MODE: BIDIRECTIONAL]
[48][GREEDY] CONSEGNATO! STARLINK-31283 -> OBS | Tramission-time: 2.6415906264519086e-11
----------------------------------------------------------------------
	||TIME IN SIMULATION : (seconds:24) (minutes: 0) ||

MODIFICA CONFIGURAZIONE IN CORSO...

Aggiornato il Tempo Globale:  2025-11-20 20:55:38
---> Task 49 (Type: Generic_Service) arriva in 24.33
--- [24.33] Task 49 using SearchNode Policy: v1_heuristic ---
[49] Filtro euristico: DTS-TMAX
[24.33] [Task 49] Routed STARLINK-31283 -> STARLINK-3127 | E_NET=0.000026 J | Remaining=120000.00 J
[24.331] Task 49 enqueued on CPU STARLINK-3127 qlen_enqueue=1
[Task 49] Task eseguito su STARLINK-3127 72.64440252296659 degrees | CPU=12.3240J, NET=0.0000J, TOTAL=12.3241J, Remaining=119821.20J
[24.345] Task 49 served on STARLINK-3127 qlen_enqueue_cpu=1 qlen_enqueue_net=None time_in_queue=0.000
[MODE: BIDIRECTIONAL]
[49][GREEDY] CONSEGNATO! STARLINK-3127 -> OBS | Tramission-time: 2.818329380373721e-11
---> Task 50 (Type: CPU_and_Data_Intensive) arriva in 24.93
--- [24.93] Task 50 using SearchNode Policy: v1_heuristic ---
[50] Filtro euristico: DTS-TMAX
[24.93] [Task 50] Routed STARLINK-31283 -> STARLINK-31751 | E_NET=0.004756 J | Remaining=119999.99 J
[24.933] Task 50 enqueued on CPU STARLINK-31751 qlen_enqueue=1
---> Task 51 (Type: Generic_Service) arriva in 25.28
--- [25.28] Task 51 using SearchNode Policy: v1_heuristic ---
[51] Filtro euristico: DTS-TMAX
[25.28] [Task 51] Routed STARLINK-31283 -> STARLINK-34972 | E_NET=0.000025 J | Remaining=119999.99 J
[25.279] Task 51 enqueued on CPU STARLINK-34972 qlen_enqueue=1
[Task 51] Task eseguito su STARLINK-34972 44.41770454263334 degrees | CPU=93.2026J, NET=0.0000J, TOTAL=93.2026J, Remaining=119776.26J
[25.372] Task 51 served on STARLINK-34972 qlen_enqueue_cpu=1 qlen_enqueue_net=None time_in_queue=0.000
[51][GREEDY] STARLINK-34972 -> STARLINK-31283 | Tramission-time: 0.001671584818412329
[51] Energy routing consumed by STARLINK-34972: 0.000000 J (remaining 119776.26)
[MODE: BIDIRECTIONAL]
[51][GREEDY] CONSEGNATO! STARLINK-31283 -> OBS | Tramission-time: 2.4065441526334868e-11
[25.631] Task 50 enqueued on NET STARLINK-31751 qlen_enqueue_net=1
[Task 50] Task eseguito su STARLINK-31751 45.436524971119454 degrees | CPU=719.8078J, NET=0.0052J, TOTAL=719.8131J, Remaining=119151.84J
[25.637] Task 50 served on STARLINK-31751 qlen_enqueue_cpu=1 qlen_enqueue_net=1 time_in_queue=0.000
[50][GREEDY] STARLINK-31751 -> STARLINK-31283 | Tramission-time: 0.001396179217048442
[50] Energy routing consumed by STARLINK-31751: 0.000000 J (remaining 119151.84)
[MODE: BIDIRECTIONAL]
[50][GREEDY] CONSEGNATO! STARLINK-31283 -> OBS | Tramission-time: 4.400089402754261e-09
----------------------------------------------------------------------
	||TIME IN SIMULATION : (seconds:26) (minutes: 0) ||

MODIFICA CONFIGURAZIONE IN CORSO...

Aggiornato il Tempo Globale:  2025-11-20 20:55:40
---> Task 52 (Type: CPU_and_Data_Intensive) arriva in 26.15
--- [26.15] Task 52 using SearchNode Policy: v1_heuristic ---
[52] Filtro euristico: DTS-TMAX
[26.15] [Task 52] Routed STARLINK-31283 -> STARLINK-31220 | E_NET=0.002031 J | Remaining=119999.99 J
---> Task 53 (Type: CPU_and_Data_Intensive) arriva in 26.15
--- [26.15] Task 53 using SearchNode Policy: v1_heuristic ---
[53] Filtro euristico: DTS-TMAX
[26.15] [Task 53] Routed STARLINK-31283 -> STARLINK-31220 | E_NET=0.001926 J | Remaining=119999.99 J
[26.152] Task 52 enqueued on CPU STARLINK-31220 qlen_enqueue=1
[Task 53] REJECTED on STARLINK-31220 due to: Deadline Exceeded
---> Task 54 (Type: CPU_and_Data_Intensive) arriva in 26.21
--- [26.21] Task 54 using SearchNode Policy: v1_heuristic ---
[54] Filtro euristico: DTS-TMAX
[26.21] [Task 54] Routed STARLINK-31283 -> STARLINK-11573 [DTC] | E_NET=0.004577 J | Remaining=119999.98 J
[26.218] Task 54 enqueued on CPU STARLINK-11573 [DTC] qlen_enqueue=1
---> Task 55 (Type: Generic_Service) arriva in 26.85
--- [26.85] Task 55 using SearchNode Policy: v1_heuristic ---
[55] Filtro euristico: DTS-TMAX
[26.85] [Task 55] Routed STARLINK-31283 -> STARLINK-3127 | E_NET=0.000027 J | Remaining=119999.98 J
[26.855] Task 55 enqueued on CPU STARLINK-3127 qlen_enqueue=1
[Task 55] Task eseguito su STARLINK-3127 72.9718137500645 degrees | CPU=16.2711J, NET=0.0000J, TOTAL=16.2711J, Remaining=119804.93J
[26.873] Task 55 served on STARLINK-3127 qlen_enqueue_cpu=1 qlen_enqueue_net=None time_in_queue=0.000
---> Task 56 (Type: CPU_Intensive) arriva in 26.94
--- [26.94] Task 56 using SearchNode Policy: v1_heuristic ---
[56] Filtro euristico: DTS-TMAX
[26.94] [Task 56] Routed STARLINK-31283 -> STARLINK-1068 | E_NET=0.000024 J | Remaining=119999.98 J
[26.940] Task 56 enqueued on CPU STARLINK-1068 qlen_enqueue=1
[MODE: BIDIRECTIONAL]
[55][GREEDY] CONSEGNATO! STARLINK-3127 -> OBS | Tramission-time: 2.4463684637747017e-11
---> Task 57 (Type: CPU_Intensive) arriva in 27.07
--- [27.07] Task 57 using SearchNode Policy: v1_heuristic ---
[57] Filtro euristico: DTS-TMAX
[27.07] [Task 57] Routed STARLINK-31283 -> STARLINK-5520 | E_NET=0.000013 J | Remaining=119999.98 J
[27.070] Task 57 enqueued on CPU STARLINK-5520 qlen_enqueue=1
---> Task 58 (Type: CPU_and_Data_Intensive) arriva in 27.10
--- [27.10] Task 58 using SearchNode Policy: v1_heuristic ---
[58] Filtro euristico: DTS-TMAX
[27.10] [Task 58] Routed STARLINK-31283 -> STARLINK-2319 | E_NET=0.006304 J | Remaining=119999.98 J
---> Task 59 (Type: Generic_Service) arriva in 27.10
--- [27.10] Task 59 using SearchNode Policy: v1_heuristic ---
[59] Filtro euristico: DTS-TMAX
[27.10] [Task 59] Routed STARLINK-31283 -> STARLINK-3127 | E_NET=0.000033 J | Remaining=119999.98 J
[27.101] Task 59 enqueued on CPU STARLINK-3127 qlen_enqueue=1
[27.106] Task 58 enqueued on CPU STARLINK-2319 qlen_enqueue=1
[Task 59] Task eseguito su STARLINK-3127 72.9718137500645 degrees | CPU=9.1535J, NET=0.0000J, TOTAL=9.1536J, Remaining=119795.77J
[27.112] Task 59 served on STARLINK-3127 qlen_enqueue_cpu=1 qlen_enqueue_net=None time_in_queue=0.000
[27.123] Task 54 enqueued on NET STARLINK-11573 [DTC] qlen_enqueue_net=1
[Task 54] Task eseguito su STARLINK-11573 [DTC] 49.74225053066806 degrees | CPU=933.1930J, NET=0.0065J, TOTAL=933.1995J, Remaining=118923.81J
[27.130] Task 54 served on STARLINK-11573 [DTC] qlen_enqueue_cpu=1 qlen_enqueue_net=1 time_in_queue=0.000
[54][GREEDY] STARLINK-11573 [DTC] -> STARLINK-31283 | Tramission-time: 0.0011870264647115471
[54] Energy routing consumed by STARLINK-11573 [DTC]: 0.000000 J (remaining 118923.81)
[Task 56] Task eseguito su STARLINK-1068 44.01985714317816 degrees | CPU=225.1771J, NET=0.0000J, TOTAL=225.1771J, Remaining=119626.03J
[27.160] Task 56 served on STARLINK-1068 qlen_enqueue_cpu=1 qlen_enqueue_net=None time_in_queue=0.000
[MODE: BIDIRECTIONAL]
[54][GREEDY] CONSEGNATO! STARLINK-31283 -> OBS | Tramission-time: 5.39180928984462e-09
[MODE: BIDIRECTIONAL]
[59][GREEDY] CONSEGNATO! STARLINK-3127 -> OBS | Tramission-time: 3.38303521859124e-11
[56][GREEDY] STARLINK-1068 -> STARLINK-31283 | Tramission-time: 0.0018165251402154326
[56] Energy routing consumed by STARLINK-1068: 0.000000 J (remaining 119626.03)
[Task 57] Task eseguito su STARLINK-5520 47.6146692181209 degrees | CPU=193.0550J, NET=0.0000J, TOTAL=193.0550J, Remaining=119655.99J
[27.258] Task 57 served on STARLINK-5520 qlen_enqueue_cpu=1 qlen_enqueue_net=None time_in_queue=0.000
[MODE: BIDIRECTIONAL]
[56][GREEDY] CONSEGNATO! STARLINK-31283 -> OBS | Tramission-time: 1.724776008219475e-11
[57][GREEDY] STARLINK-5520 -> STARLINK-31283 | Tramission-time: 0.001559371608627374
[57] Energy routing consumed by STARLINK-5520: 0.000000 J (remaining 119655.99)
---> Task 60 (Type: Generic_Service) arriva in 27.33
--- [27.33] Task 60 using SearchNode Policy: v1_heuristic ---
[60] Filtro euristico: DTS-TMAX
[27.33] [Task 60] Routed STARLINK-31283 -> STARLINK-3127 | E_NET=0.000026 J | Remaining=119999.98 J
[27.333] Task 60 enqueued on CPU STARLINK-3127 qlen_enqueue=1
[Task 60] Task eseguito su STARLINK-3127 72.9718137500645 degrees | CPU=13.2604J, NET=0.0000J, TOTAL=13.2605J, Remaining=119782.51J
[27.348] Task 60 served on STARLINK-3127 qlen_enqueue_cpu=1 qlen_enqueue_net=None time_in_queue=0.000
[27.360] Task 58 enqueued on NET STARLINK-2319 qlen_enqueue_net=1
[MODE: BIDIRECTIONAL]
[57][GREEDY] CONSEGNATO! STARLINK-31283 -> OBS | Tramission-time: 1.094864432042808e-11
[MODE: BIDIRECTIONAL]
[60][GREEDY] CONSEGNATO! STARLINK-3127 -> OBS | Tramission-time: 2.6904705796414063e-11
[Task 58] Task eseguito su STARLINK-2319 41.645364724604974 degrees | CPU=262.1071J, NET=0.0087J, TOTAL=262.1157J, Remaining=119569.40J
[27.369] Task 58 served on STARLINK-2319 qlen_enqueue_cpu=1 qlen_enqueue_net=1 time_in_queue=0.000
[58][GREEDY] STARLINK-2319 -> STARLINK-31283 | Tramission-time: 0.00205340530221519
[58] Energy routing consumed by STARLINK-2319: 0.000000 J (remaining 119569.40)
---> Task 61 (Type: Generic_Service) arriva in 27.52
--- [27.52] Task 61 using SearchNode Policy: v1_heuristic ---
[61] Filtro euristico: DTS-TMAX
[27.52] [Task 61] Routed STARLINK-31283 -> STARLINK-4525 | E_NET=0.000009 J | Remaining=119999.98 J
[27.523] Task 61 enqueued on CPU STARLINK-4525 qlen_enqueue=1
[MODE: BIDIRECTIONAL]
[58][GREEDY] CONSEGNATO! STARLINK-31283 -> OBS | Tramission-time: 5.876929587813358e-09
[27.581] Task 52 enqueued on NET STARLINK-31220 qlen_enqueue_net=1
[Task 52] Task eseguito su STARLINK-31220 40.804832519119515 degrees | CPU=1473.1243J, NET=0.0028J, TOTAL=1473.1271J, Remaining=118526.87J
[27.584] Task 52 served on STARLINK-31220 qlen_enqueue_cpu=1 qlen_enqueue_net=1 time_in_queue=0.000
[Task 61] Task eseguito su STARLINK-4525 42.78234909291608 degrees | CPU=95.4002J, NET=0.0000J, TOTAL=95.4002J, Remaining=119714.35J
[27.616] Task 61 served on STARLINK-4525 qlen_enqueue_cpu=1 qlen_enqueue_net=None time_in_queue=0.000
[52][GREEDY] STARLINK-31220 -> STARLINK-31283 | Tramission-time: 0.0017630986581972424
[52] Energy routing consumed by STARLINK-31220: 0.000000 J (remaining 118526.87)
[61][GREEDY] STARLINK-4525 -> STARLINK-31283 | Tramission-time: 0.0019233928758228835
[61] Energy routing consumed by STARLINK-4525: 0.000000 J (remaining 119714.35)
---> Task 62 (Type: Generic_Service) arriva in 27.72
--- [27.72] Task 62 using SearchNode Policy: v1_heuristic ---
[62] Filtro euristico: DTS-TMAX
[27.72] [Task 62] Routed STARLINK-31283 -> STARLINK-6192 | E_NET=0.000009 J | Remaining=119999.98 J
[27.725] Task 62 enqueued on CPU STARLINK-6192 qlen_enqueue=1
[Task 62] Task eseguito su STARLINK-6192 86.10914623157659 degrees | CPU=8.1254J, NET=0.0000J, TOTAL=8.1254J, Remaining=119781.46J
[27.733] Task 62 served on STARLINK-6192 qlen_enqueue_cpu=1 qlen_enqueue_net=None time_in_queue=0.000
[MODE: BIDIRECTIONAL]
[52][GREEDY] CONSEGNATO! STARLINK-31283 -> OBS | Tramission-time: 2.3106054376731745e-09
[62][GREEDY] STARLINK-6192 -> STARLINK-31283 | Tramission-time: 0.0003463996332097712
[62] Energy routing consumed by STARLINK-6192: 0.000000 J (remaining 119781.46)
---> Task 63 (Type: CPU_and_Data_Intensive) arriva in 27.77
--- [27.77] Task 63 using SearchNode Policy: v1_heuristic ---
[63] Filtro euristico: DTS-TMAX
[27.77] [Task 63] Routed STARLINK-31283 -> STARLINK-3127 | E_NET=0.007645 J | Remaining=119999.97 J
[27.778] Task 63 enqueued on CPU STARLINK-3127 qlen_enqueue=1
[MODE: BIDIRECTIONAL]
[61][GREEDY] CONSEGNATO! STARLINK-31283 -> OBS | Tramission-time: 8.881525490242094e-12
---> Task 64 (Type: CPU_Intensive) arriva in 27.93
--- [27.93] Task 64 using SearchNode Policy: v1_heuristic ---
[64] Filtro euristico: DTS-TMAX
[27.93] [Task 64] Routed STARLINK-31283 -> STARLINK-6192 | E_NET=0.000040 J | Remaining=119999.97 J
[27.929] Task 64 enqueued on CPU STARLINK-6192 qlen_enqueue=1
[MODE: BIDIRECTIONAL]
[62][GREEDY] CONSEGNATO! STARLINK-31283 -> OBS | Tramission-time: 6.647483799026267e-12
----------------------------------------------------------------------
	||TIME IN SIMULATION : (seconds:28) (minutes: 0) ||

MODIFICA CONFIGURAZIONE IN CORSO...

Aggiornato il Tempo Globale:  2025-11-20 20:55:42
---> Task 65 (Type: Generic_Service) arriva in 28.01
--- [28.01] Task 65 using SearchNode Policy: v1_heuristic ---
[65] Filtro euristico: DTS-TMAX
[Task 65] Nessun server rimasto dopo i filtri (deadline/sunset).
[Task 65] REJECTED on STARLINK-11403 [DTC] due to: No suitable server found after deadline/sunset filters
[28.062] Task 63 enqueued on NET STARLINK-3127 qlen_enqueue_net=1
[Task 63] Task eseguito su STARLINK-3127 73.1787439000468 degrees | CPU=292.9813J, NET=0.0095J, TOTAL=292.9908J, Remaining=119489.52J
[28.072] Task 63 served on STARLINK-3127 qlen_enqueue_cpu=1 qlen_enqueue_net=1 time_in_queue=0.000
[MODE: BIDIRECTIONAL]
[63][GREEDY] CONSEGNATO! STARLINK-3127 -> OBS | Tramission-time: 6.714030660953223e-09
[Task 64] Task eseguito su STARLINK-6192 84.71486012582048 degrees | CPU=330.6584J, NET=0.0000J, TOTAL=330.6585J, Remaining=119450.80J
[28.253] Task 64 served on STARLINK-6192 qlen_enqueue_cpu=1 qlen_enqueue_net=None time_in_queue=0.000
[64][GREEDY] STARLINK-6192 -> STARLINK-31283 | Tramission-time: 0.0003455067841148707
[64] Energy routing consumed by STARLINK-6192: 0.000000 J (remaining 119450.80)
---> Task 66 (Type: Generic_Service) arriva in 28.32
--- [28.32] Task 66 using SearchNode Policy: v1_heuristic ---
[66] Filtro euristico: DTS-TMAX
[28.32] [Task 66] Routed STARLINK-11403 [DTC] -> STARLINK-32654 | E_NET=0.000028 J | Remaining=120000.00 J
[28.316] Task 66 enqueued on CPU STARLINK-32654 qlen_enqueue=1
[Task 66] Task eseguito su STARLINK-32654 40.14622323189856 degrees | CPU=34.5990J, NET=0.0000J, TOTAL=34.5990J, Remaining=119965.40J
[28.352] Task 66 served on STARLINK-32654 qlen_enqueue_cpu=1 qlen_enqueue_net=None time_in_queue=0.000
[MODE: BIDIRECTIONAL]
[64][GREEDY] CONSEGNATO! STARLINK-31283 -> OBS | Tramission-time: 3.154230891529391e-11
[66][GREEDY] STARLINK-32654 -> STARLINK-31283 | Tramission-time: 0.0017890414055407667
[66] Energy routing consumed by STARLINK-32654: 0.000000 J (remaining 119965.40)
[MODE: BIDIRECTIONAL]
[66][GREEDY] CONSEGNATO! STARLINK-31283 -> OBS | Tramission-time: 3.443614008581252e-11
---> Task 67 (Type: CPU_Intensive) arriva in 28.96
--- [28.96] Task 67 using SearchNode Policy: v1_heuristic ---
[67] Filtro euristico: DTS-TMAX
[28.96] [Task 67] Routed STARLINK-11403 [DTC] -> STARLINK-31283 | E_NET=0.000020 J | Remaining=120000.00 J
[28.965] Task 67 enqueued on CPU STARLINK-31283 qlen_enqueue=1
[Task 67] Task eseguito su STARLINK-31283 87.11675126478218 degrees | CPU=647.1361J, NET=0.0000J, TOTAL=647.1361J, Remaining=119352.83J
[29.594] Task 67 served on STARLINK-31283 qlen_enqueue_cpu=1 qlen_enqueue_net=None time_in_queue=0.000
[MODE: BIDIRECTIONAL]
[67][GREEDY] CONSEGNATO! STARLINK-31283 -> OBS | Tramission-time: 2.0525279550610223e-11
----------------------------------------------------------------------
	||TIME IN SIMULATION : (seconds:30) (minutes: 0) ||

MODIFICA CONFIGURAZIONE IN CORSO...

Aggiornato il Tempo Globale:  2025-11-20 20:55:44
---> Task 68 (Type: CPU_Intensive) arriva in 30.14
--- [30.14] Task 68 using SearchNode Policy: v1_heuristic ---
[68] Filtro euristico: DTS-TMAX
[30.14] [Task 68] Routed STARLINK-11403 [DTC] -> STARLINK-32654 | E_NET=0.000026 J | Remaining=120000.00 J
[30.136] Task 68 enqueued on CPU STARLINK-32654 qlen_enqueue=1
[Task 68] Task eseguito su STARLINK-32654 40.860613018542765 degrees | CPU=311.4500J, NET=0.0000J, TOTAL=311.4500J, Remaining=119653.95J
[30.441] Task 68 served on STARLINK-32654 qlen_enqueue_cpu=1 qlen_enqueue_net=None time_in_queue=0.000
[68][GREEDY] STARLINK-32654 -> STARLINK-31866 | Tramission-time: 0.0015218363746215744
[68] Energy routing consumed by STARLINK-32654: 0.000000 J (remaining 119653.95)
[MODE: BIDIRECTIONAL]
[68][GREEDY] CONSEGNATO! STARLINK-31866 -> OBS | Tramission-time: 2.7233462498868867e-11
---> Task 69 (Type: Generic_Service) arriva in 30.94
--- [30.94] Task 69 using SearchNode Policy: v1_heuristic ---
[69] Filtro euristico: DTS-TMAX
[30.94] [Task 69] Routed STARLINK-11403 [DTC] -> STARLINK-34972 | E_NET=0.000030 J | Remaining=120000.00 J
[30.937] Task 69 enqueued on CPU STARLINK-34972 qlen_enqueue=1
[Task 69] Task eseguito su STARLINK-34972 42.452485176789814 degrees | CPU=62.9740J, NET=0.0000J, TOTAL=62.9740J, Remaining=119713.28J
[31.000] Task 69 served on STARLINK-34972 qlen_enqueue_cpu=1 qlen_enqueue_net=None time_in_queue=0.000
[69][GREEDY] STARLINK-34972 -> STARLINK-31866 | Tramission-time: 0.0020032357479931075
[69] Energy routing consumed by STARLINK-34972: 0.000000 J (remaining 119713.28)
---> Task 70 (Type: CPU_and_Data_Intensive) arriva in 31.13
--- [31.13] Task 70 using SearchNode Policy: v1_heuristic ---
[70] Filtro euristico: DTS-TMAX
[31.13] [Task 70] Routed STARLINK-11403 [DTC] -> STARLINK-6195 | E_NET=0.001317 J | Remaining=120000.00 J
[31.133] Task 70 enqueued on CPU STARLINK-6195 qlen_enqueue=1
[MODE: BIDIRECTIONAL]
[69][GREEDY] CONSEGNATO! STARLINK-31866 -> OBS | Tramission-time: 3.0197788962847486e-11
---> Task 71 (Type: CPU_Intensive) arriva in 31.87
--- [31.87] Task 71 using SearchNode Policy: v1_heuristic ---
[71] Filtro euristico: DTS-TMAX
[31.87] [Task 71] Routed STARLINK-11403 [DTC] -> STARLINK-4525 | E_NET=0.000021 J | Remaining=120000.00 J
[31.868] Task 71 enqueued on CPU STARLINK-4525 qlen_enqueue=1
----------------------------------------------------------------------
	||TIME IN SIMULATION : (seconds:32) (minutes: 0) ||

MODIFICA CONFIGURAZIONE IN CORSO...

Aggiornato il Tempo Globale:  2025-11-20 20:55:46
---> Task 72 (Type: Generic_Service) arriva in 32.17
--- [32.17] Task 72 using SearchNode Policy: v1_heuristic ---
[72] Filtro euristico: DTS-TMAX
[32.17] [Task 72] Routed STARLINK-11403 [DTC] -> STARLINK-34972 | E_NET=0.000017 J | Remaining=120000.00 J
[32.173] Task 72 enqueued on CPU STARLINK-34972 qlen_enqueue=1
[Task 72] Task eseguito su STARLINK-34972 41.8048739691508 degrees | CPU=108.3669J, NET=0.0000J, TOTAL=108.3670J, Remaining=119604.92J
[32.279] Task 72 served on STARLINK-34972 qlen_enqueue_cpu=1 qlen_enqueue_net=None time_in_queue=0.000
---> Task 73 (Type: CPU_and_Data_Intensive) arriva in 32.34
--- [32.34] Task 73 using SearchNode Policy: v1_heuristic ---
[73] Filtro euristico: DTS-TMAX
[32.34] [Task 73] Routed STARLINK-11403 [DTC] -> STARLINK-6246 | E_NET=0.002306 J | Remaining=120000.00 J
[32.341] Task 73 enqueued on CPU STARLINK-6246 qlen_enqueue=1
[72][GREEDY] STARLINK-34972 -> STARLINK-31866 | Tramission-time: 0.0020761839878460477
[72] Energy routing consumed by STARLINK-34972: 0.000000 J (remaining 119604.92)
[MODE: BIDIRECTIONAL]
[72][GREEDY] CONSEGNATO! STARLINK-31866 -> OBS | Tramission-time: 1.6493726965032024e-11
[32.758] Task 70 enqueued on NET STARLINK-6195 qlen_enqueue_net=1
[Task 70] Task eseguito su STARLINK-6195 43.972796961596025 degrees | CPU=1675.8424J, NET=0.0017J, TOTAL=1675.8441J, Remaining=118097.12J
[32.760] Task 70 served on STARLINK-6195 qlen_enqueue_cpu=1 qlen_enqueue_net=1 time_in_queue=0.000
[70][GREEDY] STARLINK-6195 -> STARLINK-31866 | Tramission-time: 0.0015625927361633094
[70] Energy routing consumed by STARLINK-6195: 0.000000 J (remaining 118097.12)
---> Task 74 (Type: CPU_and_Data_Intensive) arriva in 32.86
--- [32.86] Task 74 using SearchNode Policy: v1_heuristic ---
[74] Filtro euristico: DTS-TMAX
[32.86] [Task 74] Routed STARLINK-11403 [DTC] -> STARLINK-30522 | E_NET=0.000443 J | Remaining=120000.00 J
[32.866] Task 74 enqueued on CPU STARLINK-30522 qlen_enqueue=1
[MODE: BIDIRECTIONAL]
[70][GREEDY] CONSEGNATO! STARLINK-31866 -> OBS | Tramission-time: 1.3406488513701938e-09
[32.991] Task 74 enqueued on NET STARLINK-30522 qlen_enqueue_net=1
[Task 74] Task eseguito su STARLINK-30522 66.28325448876403 degrees | CPU=128.3139J, NET=0.0006J, TOTAL=128.3145J, Remaining=119531.24J
[32.991] Task 74 served on STARLINK-30522 qlen_enqueue_cpu=1 qlen_enqueue_net=1 time_in_queue=0.000
[74][GREEDY] STARLINK-30522 -> STARLINK-31866 | Tramission-time: 0.0009545260899314254
[74] Energy routing consumed by STARLINK-30522: 0.000000 J (remaining 119531.24)
[MODE: BIDIRECTIONAL]
[74][GREEDY] CONSEGNATO! STARLINK-31866 -> OBS | Tramission-time: 5.088112300896672e-10
---> Task 75 (Type: Generic_Service) arriva in 33.15
--- [33.15] Task 75 using SearchNode Policy: v1_heuristic ---
[75] Filtro euristico: DTS-TMAX
[33.15] [Task 75] Routed STARLINK-11403 [DTC] -> STARLINK-32654 | E_NET=0.000011 J | Remaining=120000.00 J
[33.148] Task 75 enqueued on CPU STARLINK-32654 qlen_enqueue=1
[Task 75] Task eseguito su STARLINK-32654 41.58476613504662 degrees | CPU=13.9992J, NET=0.0000J, TOTAL=13.9993J, Remaining=119639.95J
[33.163] Task 75 served on STARLINK-32654 qlen_enqueue_cpu=1 qlen_enqueue_net=None time_in_queue=0.000
[75][GREEDY] STARLINK-32654 -> STARLINK-31866 | Tramission-time: 0.001519205462109784
[75] Energy routing consumed by STARLINK-32654: 0.000000 J (remaining 119639.95)
[Task 71] Task eseguito su STARLINK-4525 45.08146176045216 degrees | CPU=1379.8420J, NET=0.0000J, TOTAL=1379.8420J, Remaining=118334.51J
[33.208] Task 71 served on STARLINK-4525 qlen_enqueue_cpu=1 qlen_enqueue_net=None time_in_queue=0.000
[MODE: BIDIRECTIONAL]
[75][GREEDY] CONSEGNATO! STARLINK-31866 -> OBS | Tramission-time: 1.3284257483089805e-11
[71][GREEDY] STARLINK-4525 -> STARLINK-31866 | Tramission-time: 0.0012405051575490105
[71] Energy routing consumed by STARLINK-4525: 0.000000 J (remaining 118334.51)
[MODE: BIDIRECTIONAL]
[71][GREEDY] CONSEGNATO! STARLINK-31866 -> OBS | Tramission-time: 1.3676115420568515e-11
---> Task 76 (Type: Generic_Service) arriva in 33.46
--- [33.46] Task 76 using SearchNode Policy: v1_heuristic ---
[76] Filtro euristico: DTS-TMAX
[33.46] [Task 76] Routed STARLINK-11403 [DTC] -> STARLINK-5520 | E_NET=0.000027 J | Remaining=120000.00 J
[33.466] Task 76 enqueued on CPU STARLINK-5520 qlen_enqueue=1
[33.537] Task 73 enqueued on NET STARLINK-6246 qlen_enqueue_net=1
[Task 73] Task eseguito su STARLINK-6246 60.118727441139185 degrees | CPU=1232.2291J, NET=0.0026J, TOTAL=1232.2317J, Remaining=118477.96J
[33.539] Task 73 served on STARLINK-6246 qlen_enqueue_cpu=1 qlen_enqueue_net=1 time_in_queue=0.000
[MODE: BIDIRECTIONAL]
[73][GREEDY] CONSEGNATO! STARLINK-6246 -> OBS | Tramission-time: 2.135634483721717e-09
[Task 76] Task eseguito su STARLINK-5520 48.341425454015734 degrees | CPU=129.3344J, NET=0.0000J, TOTAL=129.3345J, Remaining=119526.66J
[33.593] Task 76 served on STARLINK-5520 qlen_enqueue_cpu=1 qlen_enqueue_net=None time_in_queue=0.000
[76][GREEDY] STARLINK-5520 -> STARLINK-31866 | Tramission-time: 0.0018623244150589495
[76] Energy routing consumed by STARLINK-5520: 0.000000 J (remaining 119526.66)
[MODE: BIDIRECTIONAL]
[76][GREEDY] CONSEGNATO! STARLINK-31866 -> OBS | Tramission-time: 2.5936956533676533e-11
---> Task 77 (Type: Generic_Service) arriva in 33.91
--- [33.91] Task 77 using SearchNode Policy: v1_heuristic ---
[77] Filtro euristico: DTS-TMAX
[33.91] [Task 77] Routed STARLINK-11403 [DTC] -> STARLINK-32654 | E_NET=0.000020 J | Remaining=120000.00 J
[33.908] Task 77 enqueued on CPU STARLINK-32654 qlen_enqueue=1
[Task 77] Task eseguito su STARLINK-32654 41.58476613504662 degrees | CPU=23.2018J, NET=0.0000J, TOTAL=23.2018J, Remaining=119616.75J
[33.932] Task 77 served on STARLINK-32654 qlen_enqueue_cpu=1 qlen_enqueue_net=None time_in_queue=0.000
[77][GREEDY] STARLINK-32654 -> STARLINK-31866 | Tramission-time: 0.0015192054749873687
[77] Energy routing consumed by STARLINK-32654: 0.000000 J (remaining 119616.75)
----------------------------------------------------------------------
	||TIME IN SIMULATION : (seconds:34) (minutes: 0) ||

MODIFICA CONFIGURAZIONE IN CORSO...

Aggiornato il Tempo Globale:  2025-11-20 20:55:48
[MODE: BIDIRECTIONAL]
[77][GREEDY] CONSEGNATO! STARLINK-31866 -> OBS | Tramission-time: 2.702461877750144e-11
---> Task 78 (Type: Generic_Service) arriva in 34.18
--- [34.18] Task 78 using SearchNode Policy: v1_heuristic ---
[78] Filtro euristico: DTS-TMAX
[34.18] [Task 78] Routed STARLINK-11403 [DTC] -> STARLINK-1068 | E_NET=0.000013 J | Remaining=120000.00 J
[34.184] Task 78 enqueued on CPU STARLINK-1068 qlen_enqueue=1
[Task 78] Task eseguito su STARLINK-1068 45.669676775326245 degrees | CPU=14.5777J, NET=0.0000J, TOTAL=14.5777J, Remaining=119611.45J
[34.199] Task 78 served on STARLINK-1068 qlen_enqueue_cpu=1 qlen_enqueue_net=None time_in_queue=0.000
[78][GREEDY] STARLINK-1068 -> STARLINK-11403 [DTC] | Tramission-time: 0.0012094835103488883
[78] Energy routing consumed by STARLINK-1068: 0.000000 J (remaining 119611.45)
[MODE: BIDIRECTIONAL]
[78][GREEDY] CONSEGNATO! STARLINK-11403 [DTC] -> OBS | Tramission-time: 1.1863672603470561e-11
---> Task 79 (Type: CPU_and_Data_Intensive) arriva in 34.96
--- [34.96] Task 79 using SearchNode Policy: v1_heuristic ---
[79] Filtro euristico: DTS-TMAX
[34.96] [Task 79] Routed STARLINK-11403 [DTC] -> STARLINK-32654 | E_NET=0.000083 J | Remaining=120000.00 J
[34.959] Task 79 enqueued on CPU STARLINK-32654 qlen_enqueue=1
---> Task 80 (Type: CPU_Intensive) arriva in 35.49
--- [35.49] Task 80 using SearchNode Policy: v1_heuristic ---
[80] Filtro euristico: DTS-TMAX
[35.49] [Task 80] Routed STARLINK-11403 [DTC] -> STARLINK-1068 | E_NET=0.000028 J | Remaining=120000.00 J
[35.489] Task 80 enqueued on CPU STARLINK-1068 qlen_enqueue=1
[Task 80] Task eseguito su STARLINK-1068 45.669676775326245 degrees | CPU=256.3176J, NET=0.0000J, TOTAL=256.3176J, Remaining=119355.13J
[35.739] Task 80 served on STARLINK-1068 qlen_enqueue_cpu=1 qlen_enqueue_net=None time_in_queue=0.000
[80][GREEDY] STARLINK-1068 -> STARLINK-11403 [DTC] | Tramission-time: 0.0012094835265806202
[80] Energy routing consumed by STARLINK-1068: 0.000000 J (remaining 119355.13)
[MODE: BIDIRECTIONAL]
[80][GREEDY] CONSEGNATO! STARLINK-11403 [DTC] -> OBS | Tramission-time: 2.104209888398952e-11
----------------------------------------------------------------------
	||TIME IN SIMULATION : (seconds:36) (minutes: 0) ||

MODIFICA CONFIGURAZIONE IN CORSO...

Aggiornato il Tempo Globale:  2025-11-20 20:55:50
[36.039] Task 79 enqueued on NET STARLINK-32654 qlen_enqueue_net=1
[Task 79] Task eseguito su STARLINK-32654 43.06000753522103 degrees | CPU=1113.0269J, NET=0.0001J, TOTAL=1113.0270J, Remaining=118503.72J
[36.039] Task 79 served on STARLINK-32654 qlen_enqueue_cpu=1 qlen_enqueue_net=1 time_in_queue=0.000
[79][GREEDY] STARLINK-32654 -> STARLINK-11403 [DTC] | Tramission-time: 0.0006262730760372086
[79] Energy routing consumed by STARLINK-32654: 0.000000 J (remaining 118503.72)
[MODE: BIDIRECTIONAL]
[79][GREEDY] CONSEGNATO! STARLINK-11403 [DTC] -> OBS | Tramission-time: 9.547722595805922e-11
---> Task 81 (Type: Generic_Service) arriva in 36.34
--- [36.34] Task 81 using SearchNode Policy: v1_heuristic ---
[81] Filtro euristico: DTS-TMAX
[36.34] [Task 81] Routed STARLINK-11403 [DTC] -> STARLINK-34972 | E_NET=0.000010 J | Remaining=120000.00 J
[36.344] Task 81 enqueued on CPU STARLINK-34972 qlen_enqueue=1
[Task 81] Task eseguito su STARLINK-34972 40.525127303168695 degrees | CPU=34.5065J, NET=0.0000J, TOTAL=34.5065J, Remaining=119570.41J
[36.378] Task 81 served on STARLINK-34972 qlen_enqueue_cpu=1 qlen_enqueue_net=None time_in_queue=0.000
[81][GREEDY] STARLINK-34972 -> STARLINK-11403 [DTC] | Tramission-time: 0.0014162687031202832
[81] Energy routing consumed by STARLINK-34972: 0.000000 J (remaining 119570.41)
[MODE: BIDIRECTIONAL]
[81][GREEDY] CONSEGNATO! STARLINK-11403 [DTC] -> OBS | Tramission-time: 9.462762503779945e-12
---> Task 82 (Type: CPU_Intensive) arriva in 37.21
--- [37.21] Task 82 using SearchNode Policy: v1_heuristic ---
[82] Filtro euristico: DTS-TMAX
[37.21] [Task 82] Routed STARLINK-11403 [DTC] -> STARLINK-34972 | E_NET=0.000013 J | Remaining=120000.00 J
[37.209] Task 82 enqueued on CPU STARLINK-34972 qlen_enqueue=1
[Task 82] Task eseguito su STARLINK-34972 40.525127303168695 degrees | CPU=143.5731J, NET=0.0000J, TOTAL=143.5731J, Remaining=119426.84J
[37.349] Task 82 served on STARLINK-34972 qlen_enqueue_cpu=1 qlen_enqueue_net=None time_in_queue=0.000
[82][GREEDY] STARLINK-34972 -> STARLINK-11403 [DTC] | Tramission-time: 0.0014162687051786514
[82] Energy routing consumed by STARLINK-34972: 0.000000 J (remaining 119426.84)
[MODE: BIDIRECTIONAL]
[82][GREEDY] CONSEGNATO! STARLINK-11403 [DTC] -> OBS | Tramission-time: 1.093911051226537e-11
---> Task 83 (Type: Generic_Service) arriva in 37.56
--- [37.56] Task 83 using SearchNode Policy: v1_heuristic ---
[83] Filtro euristico: DTS-TMAX
[37.56] [Task 83] Routed STARLINK-11403 [DTC] -> STARLINK-30522 | E_NET=0.000014 J | Remaining=120000.00 J
[37.560] Task 83 enqueued on CPU STARLINK-30522 qlen_enqueue=1
[Task 83] Task eseguito su STARLINK-30522 64.23879322751596 degrees | CPU=162.1798J, NET=0.0000J, TOTAL=162.1798J, Remaining=119369.06J
[37.719] Task 83 served on STARLINK-30522 qlen_enqueue_cpu=1 qlen_enqueue_net=None time_in_queue=0.000
[83][GREEDY] STARLINK-30522 -> STARLINK-11403 [DTC] | Tramission-time: 0.0021009796185061827
[83] Energy routing consumed by STARLINK-30522: 0.000000 J (remaining 119369.06)
[MODE: BIDIRECTIONAL]
[83][GREEDY] CONSEGNATO! STARLINK-11403 [DTC] -> OBS | Tramission-time: 1.268151246302971e-11
----------------------------------------------------------------------
	||TIME IN SIMULATION : (seconds:38) (minutes: 0) ||

MODIFICA CONFIGURAZIONE IN CORSO...

Aggiornato il Tempo Globale:  2025-11-20 20:55:52
---> Task 84 (Type: CPU_and_Data_Intensive) arriva in 38.06
--- [38.06] Task 84 using SearchNode Policy: v1_heuristic ---
[84] Filtro euristico: DTS-TMAX
[Task 84] Nessun server rimasto dopo i filtri (deadline/sunset).
[Task 84] REJECTED on STARLINK-11403 [DTC] due to: No suitable server found after deadline/sunset filters
---> Task 85 (Type: Generic_Service) arriva in 38.30
--- [38.30] Task 85 using SearchNode Policy: v1_heuristic ---
[85] Filtro euristico: DTS-TMAX
[38.30] [Task 85] Routed STARLINK-11403 [DTC] -> STARLINK-30223 | E_NET=0.000030 J | Remaining=120000.00 J
[38.298] Task 85 enqueued on CPU STARLINK-30223 qlen_enqueue=1
[Task 85] Task eseguito su STARLINK-30223 40.59659745660814 degrees | CPU=40.3148J, NET=0.0000J, TOTAL=40.3148J, Remaining=119959.69J
[38.340] Task 85 served on STARLINK-30223 qlen_enqueue_cpu=1 qlen_enqueue_net=None time_in_queue=0.000
[85][GREEDY] STARLINK-30223 -> STARLINK-11403 [DTC] | Tramission-time: 0.001162782601055912
[85] Energy routing consumed by STARLINK-30223: 0.000000 J (remaining 119959.69)
[MODE: BIDIRECTIONAL]
[85][GREEDY] CONSEGNATO! STARLINK-11403 [DTC] -> OBS | Tramission-time: 2.7897169841406677e-11
---> Task 86 (Type: Generic_Service) arriva in 39.62
--- [39.62] Task 86 using SearchNode Policy: v1_heuristic ---
[86] Filtro euristico: DTS-TMAX
[39.62] [Task 86] Routed STARLINK-11403 [DTC] -> STARLINK-30223 | E_NET=0.000019 J | Remaining=120000.00 J
---> Task 87 (Type: Generic_Service) arriva in 39.62
--- [39.62] Task 87 using SearchNode Policy: v1_heuristic ---
[87] Filtro euristico: DTS-TMAX
[39.62] [Task 87] Routed STARLINK-11403 [DTC] -> STARLINK-30223 | E_NET=0.000024 J | Remaining=120000.00 J
[39.619] Task 86 enqueued on CPU STARLINK-30223 qlen_enqueue=1
[Task 87] REJECTED on STARLINK-30223 due to: Deadline Exceeded
---> Task 88 (Type: Generic_Service) arriva in 39.63
--- [39.63] Task 88 using SearchNode Policy: v1_heuristic ---
[88] Filtro euristico: DTS-TMAX
[39.63] [Task 88] Routed STARLINK-11403 [DTC] -> STARLINK-34909 | E_NET=0.000032 J | Remaining=120000.00 J
[Task 86] Task eseguito su STARLINK-30223 40.59659745660814 degrees | CPU=15.9732J, NET=0.0000J, TOTAL=15.9732J, Remaining=119943.71J
[39.636] Task 86 served on STARLINK-30223 qlen_enqueue_cpu=1 qlen_enqueue_net=None time_in_queue=0.000
[39.636] Task 88 enqueued on CPU STARLINK-34909 qlen_enqueue=1
[86][GREEDY] STARLINK-30223 -> STARLINK-11403 [DTC] | Tramission-time: 0.0011627825957947458
[86] Energy routing consumed by STARLINK-30223: 0.000000 J (remaining 119943.71)
[Task 88] Task eseguito su STARLINK-34909 40.22172970096779 degrees | CPU=58.1235J, NET=0.0000J, TOTAL=58.1236J, Remaining=119941.88J
[39.695] Task 88 served on STARLINK-34909 qlen_enqueue_cpu=1 qlen_enqueue_net=None time_in_queue=0.000
---> Task 89 (Type: CPU_and_Data_Intensive) arriva in 39.75
--- [39.75] Task 89 using SearchNode Policy: v1_heuristic ---
[89] Filtro euristico: DTS-TMAX
[39.75] [Task 89] Routed STARLINK-11403 [DTC] -> STARLINK-30223 | E_NET=0.000378 J | Remaining=120000.00 J
[39.749] Task 89 enqueued on CPU STARLINK-30223 qlen_enqueue=1
[MODE: BIDIRECTIONAL]
[86][GREEDY] CONSEGNATO! STARLINK-11403 [DTC] -> OBS | Tramission-time: 1.9526211280692797e-11
[88][GREEDY] STARLINK-34909 -> STARLINK-11403 [DTC] | Tramission-time: 0.0018569512160223028
[88] Energy routing consumed by STARLINK-34909: 0.000000 J (remaining 119941.88)
[MODE: BIDIRECTIONAL]
[88][GREEDY] CONSEGNATO! STARLINK-11403 [DTC] -> OBS | Tramission-time: 3.036270937387054e-11
----------------------------------------------------------------------
	||TIME IN SIMULATION : (seconds:40) (minutes: 0) ||

MODIFICA CONFIGURAZIONE IN CORSO...

Aggiornato il Tempo Globale:  2025-11-20 20:55:54
---> Task 90 (Type: Generic_Service) arriva in 40.08
--- [40.08] Task 90 using SearchNode Policy: v1_heuristic ---
[90] Filtro euristico: DTS-TMAX
[40.08] [Task 90] Routed STARLINK-11403 [DTC] -> STARLINK-34909 | E_NET=0.000033 J | Remaining=120000.00 J
[40.085] Task 90 enqueued on CPU STARLINK-34909 qlen_enqueue=1
[Task 90] Task eseguito su STARLINK-34909 40.68072211343787 degrees | CPU=69.9089J, NET=0.0000J, TOTAL=69.9089J, Remaining=119871.97J
[40.156] Task 90 served on STARLINK-34909 qlen_enqueue_cpu=1 qlen_enqueue_net=None time_in_queue=0.000
[90][GREEDY] STARLINK-34909 -> STARLINK-11403 [DTC] | Tramission-time: 0.0018077947932283762
[90] Energy routing consumed by STARLINK-34909: 0.000000 J (remaining 119871.97)
[MODE: BIDIRECTIONAL]
[90][GREEDY] CONSEGNATO! STARLINK-11403 [DTC] -> OBS | Tramission-time: 2.8492728671536552e-11
---> Task 91 (Type: CPU_Intensive) arriva in 40.43
--- [40.43] Task 91 using SearchNode Policy: v1_heuristic ---
[91] Filtro euristico: DTS-TMAX
[40.43] [Task 91] Routed STARLINK-11403 [DTC] -> STARLINK-34909 | E_NET=0.000011 J | Remaining=120000.00 J
[40.432] Task 91 enqueued on CPU STARLINK-34909 qlen_enqueue=1
[Task 91] Task eseguito su STARLINK-34909 40.68072211343787 degrees | CPU=337.7843J, NET=0.0000J, TOTAL=337.7843J, Remaining=119534.18J
[40.760] Task 91 served on STARLINK-34909 qlen_enqueue_cpu=1 qlen_enqueue_net=None time_in_queue=0.000
[91][GREEDY] STARLINK-34909 -> STARLINK-11403 [DTC] | Tramission-time: 0.0018077947772630438
[91] Energy routing consumed by STARLINK-34909: 0.000000 J (remaining 119534.18)
[MODE: BIDIRECTIONAL]
[91][GREEDY] CONSEGNATO! STARLINK-11403 [DTC] -> OBS | Tramission-time: 1.0404052854488734e-11
---> Task 92 (Type: Generic_Service) arriva in 41.96
--- [41.96] Task 92 using SearchNode Policy: v1_heuristic ---
[92] Filtro euristico: DTS-TMAX
[41.96] [Task 92] Routed STARLINK-11403 [DTC] -> STARLINK-34909 | E_NET=0.000017 J | Remaining=120000.00 J
[41.965] Task 92 enqueued on CPU STARLINK-34909 qlen_enqueue=1
----------------------------------------------------------------------
	||TIME IN SIMULATION : (seconds:42) (minutes: 0) ||

MODIFICA CONFIGURAZIONE IN CORSO...

Aggiornato il Tempo Globale:  2025-11-20 20:55:56
---> Task 93 (Type: Generic_Service) arriva in 42.02
--- [42.02] Task 93 using SearchNode Policy: v1_heuristic ---
[93] Filtro euristico: DTS-TMAX
[42.02] [Task 93] Routed STARLINK-11403 [DTC] -> STARLINK-35136 | E_NET=0.000023 J | Remaining=120000.00 J
[42.019] Task 93 enqueued on CPU STARLINK-35136 qlen_enqueue=1
[Task 92] Task eseguito su STARLINK-34909 41.13351165277711 degrees | CPU=63.9373J, NET=0.0000J, TOTAL=63.9373J, Remaining=119470.25J
[42.028] Task 92 served on STARLINK-34909 qlen_enqueue_cpu=1 qlen_enqueue_net=None time_in_queue=0.000
[Task 93] Task eseguito su STARLINK-35136 43.56218113736996 degrees | CPU=24.1399J, NET=0.0000J, TOTAL=24.1400J, Remaining=119975.86J
[42.044] Task 93 served on STARLINK-35136 qlen_enqueue_cpu=1 qlen_enqueue_net=None time_in_queue=0.000
[92][GREEDY] STARLINK-34909 -> STARLINK-11403 [DTC] | Tramission-time: 0.0017614120111851435
[92] Energy routing consumed by STARLINK-34909: 0.000000 J (remaining 119470.25)
[93][GREEDY] STARLINK-35136 -> STARLINK-11403 [DTC] | Tramission-time: 0.002171555235364626
[93] Energy routing consumed by STARLINK-35136: 0.000000 J (remaining 119975.86)
---> Task 94 (Type: CPU_and_Data_Intensive) arriva in 42.18
--- [42.18] Task 94 using SearchNode Policy: v1_heuristic ---
[94] Filtro euristico: DTS-TMAX
[42.18] [Task 94] Routed STARLINK-11403 [DTC] -> STARLINK-5520 | E_NET=0.002742 J | Remaining=119999.99 J
[42.184] Task 94 enqueued on CPU STARLINK-5520 qlen_enqueue=1
[MODE: BIDIRECTIONAL]
[92][GREEDY] CONSEGNATO! STARLINK-11403 [DTC] -> OBS | Tramission-time: 1.2941638696204721e-11
[42.211] Task 94 enqueued on NET STARLINK-5520 qlen_enqueue_net=1
[Task 94] Task eseguito su STARLINK-5520 49.0584474980348 degrees | CPU=28.2594J, NET=0.0040J, TOTAL=28.2633J, Remaining=119498.40J
[42.215] Task 94 served on STARLINK-5520 qlen_enqueue_cpu=1 qlen_enqueue_net=1 time_in_queue=0.000
[94][GREEDY] STARLINK-5520 -> STARLINK-11403 [DTC] | Tramission-time: 0.0014986193610815575
[94] Energy routing consumed by STARLINK-5520: 0.000000 J (remaining 119498.40)
[MODE: BIDIRECTIONAL]
[93][GREEDY] CONSEGNATO! STARLINK-11403 [DTC] -> OBS | Tramission-time: 1.8129621844761077e-11
[42.326] Task 89 enqueued on NET STARLINK-30223 qlen_enqueue_net=1
[Task 89] Task eseguito su STARLINK-30223 42.07291418377178 degrees | CPU=2656.6632J, NET=0.0005J, TOTAL=2656.6637J, Remaining=117287.05J
[42.327] Task 89 served on STARLINK-30223 qlen_enqueue_cpu=1 qlen_enqueue_net=1 time_in_queue=0.000
[MODE: BIDIRECTIONAL]
[94][GREEDY] CONSEGNATO! STARLINK-11403 [DTC] -> OBS | Tramission-time: 2.9873123706471837e-09
[89][GREEDY] STARLINK-30223 -> STARLINK-11403 [DTC] | Tramission-time: 0.0011662856868852427
[89] Energy routing consumed by STARLINK-30223: 0.000000 J (remaining 117287.05)
---> Task 95 (Type: CPU_Intensive) arriva in 42.47
--- [42.47] Task 95 using SearchNode Policy: v1_heuristic ---
[95] Filtro euristico: DTS-TMAX
[42.47] [Task 95] Routed STARLINK-11403 [DTC] -> STARLINK-35136 | E_NET=0.000019 J | Remaining=119999.99 J
[42.472] Task 95 enqueued on CPU STARLINK-35136 qlen_enqueue=1
[MODE: BIDIRECTIONAL]
[89][GREEDY] CONSEGNATO! STARLINK-11403 [DTC] -> OBS | Tramission-time: 3.936702540175855e-10
---> Task 96 (Type: CPU_Intensive) arriva in 42.67
--- [42.67] Task 96 using SearchNode Policy: v1_heuristic ---
[96] Filtro euristico: DTS-TMAX
[42.67] [Task 96] Routed STARLINK-11403 [DTC] -> STARLINK-5520 | E_NET=0.000011 J | Remaining=119999.99 J
[42.671] Task 96 enqueued on CPU STARLINK-5520 qlen_enqueue=1
[Task 96] Task eseguito su STARLINK-5520 49.0584474980348 degrees | CPU=200.2944J, NET=0.0000J, TOTAL=200.2944J, Remaining=119298.10J
[42.866] Task 96 served on STARLINK-5520 qlen_enqueue_cpu=1 qlen_enqueue_net=None time_in_queue=0.000
[96][GREEDY] STARLINK-5520 -> STARLINK-11403 [DTC] | Tramission-time: 0.001498616411107011
[96] Energy routing consumed by STARLINK-5520: 0.000000 J (remaining 119298.10)
[MODE: BIDIRECTIONAL]
[96][GREEDY] CONSEGNATO! STARLINK-11403 [DTC] -> OBS | Tramission-time: 1.1942474182522147e-11
[Task 95] Task eseguito su STARLINK-35136 43.56218113736996 degrees | CPU=757.1389J, NET=0.0000J, TOTAL=757.1389J, Remaining=119218.72J
[43.208] Task 95 served on STARLINK-35136 qlen_enqueue_cpu=1 qlen_enqueue_net=None time_in_queue=0.000
[95][GREEDY] STARLINK-35136 -> STARLINK-11403 [DTC] | Tramission-time: 0.00217155523473962
[95] Energy routing consumed by STARLINK-35136: 0.000000 J (remaining 119218.72)
[MODE: BIDIRECTIONAL]
[95][GREEDY] CONSEGNATO! STARLINK-11403 [DTC] -> OBS | Tramission-time: 1.7659755805127765e-11
---> Task 97 (Type: CPU_Intensive) arriva in 43.44
--- [43.44] Task 97 using SearchNode Policy: v1_heuristic ---
[97] Filtro euristico: DTS-TMAX
[43.44] [Task 97] Routed STARLINK-11403 [DTC] -> STARLINK-3127 | E_NET=0.000017 J | Remaining=119999.99 J
[43.437] Task 97 enqueued on CPU STARLINK-3127 qlen_enqueue=1
[Task 97] Task eseguito su STARLINK-3127 71.20677442929605 degrees | CPU=70.5850J, NET=0.0000J, TOTAL=70.5850J, Remaining=119418.94J
[43.507] Task 97 served on STARLINK-3127 qlen_enqueue_cpu=1 qlen_enqueue_net=None time_in_queue=0.000
[97][GREEDY] STARLINK-3127 -> STARLINK-11403 [DTC] | Tramission-time: 0.0017090657932218283
[97] Energy routing consumed by STARLINK-3127: 0.000000 J (remaining 119418.94)
[MODE: BIDIRECTIONAL]
[97][GREEDY] CONSEGNATO! STARLINK-11403 [DTC] -> OBS | Tramission-time: 1.4942439694992628e-11
----------------------------------------------------------------------
	||TIME IN SIMULATION : (seconds:44) (minutes: 0) ||

MODIFICA CONFIGURAZIONE IN CORSO...

Aggiornato il Tempo Globale:  2025-11-20 20:55:58
---> Task 98 (Type: CPU_Intensive) arriva in 45.00
--- [45.00] Task 98 using SearchNode Policy: v1_heuristic ---
[98] Filtro euristico: DTS-TMAX
[45.00] [Task 98] Routed STARLINK-11403 [DTC] -> STARLINK-5854 | E_NET=0.000023 J | Remaining=119999.99 J
[44.998] Task 98 enqueued on CPU STARLINK-5854 qlen_enqueue=1
[Task 98] Task eseguito su STARLINK-5854 40.12570767074374 degrees | CPU=463.9102J, NET=0.0000J, TOTAL=463.9102J, Remaining=119536.09J
[45.450] Task 98 served on STARLINK-5854 qlen_enqueue_cpu=1 qlen_enqueue_net=None time_in_queue=0.000
[98][GREEDY] STARLINK-5854 -> STARLINK-11403 [DTC] | Tramission-time: 0.0014139159631847379
[98] Energy routing consumed by STARLINK-5854: 0.000000 J (remaining 119536.09)
[MODE: BIDIRECTIONAL]
[98][GREEDY] CONSEGNATO! STARLINK-11403 [DTC] -> OBS | Tramission-time: 2.582974667154745e-11
----------------------------------------------------------------------
	||TIME IN SIMULATION : (seconds:46) (minutes: 0) ||

MODIFICA CONFIGURAZIONE IN CORSO...

Aggiornato il Tempo Globale:  2025-11-20 20:56:00
---> Task 99 (Type: CPU_and_Data_Intensive) arriva in 46.05
--- [46.05] Task 99 using SearchNode Policy: v1_heuristic ---
[99] Filtro euristico: DTS-TMAX
[46.05] [Task 99] Routed STARLINK-11403 [DTC] -> STARLINK-5854 | E_NET=0.004153 J | Remaining=119999.99 J
[46.054] Task 99 enqueued on CPU STARLINK-5854 qlen_enqueue=1
---> Task 100 (Type: Generic_Service) arriva in 46.06
--- [46.06] Task 100 using SearchNode Policy: v1_heuristic ---
[100] Filtro euristico: DTS-TMAX
[46.06] [Task 100] Routed STARLINK-11403 [DTC] -> STARLINK-30971 | E_NET=0.000024 J | Remaining=119999.99 J
[46.065] Task 100 enqueued on CPU STARLINK-30971 qlen_enqueue=1
[Task 100] Task eseguito su STARLINK-30971 68.86985647453099 degrees | CPU=8.3658J, NET=0.0000J, TOTAL=8.3658J, Remaining=119089.39J
[46.075] Task 100 served on STARLINK-30971 qlen_enqueue_cpu=1 qlen_enqueue_net=None time_in_queue=0.000
---> Task 101 (Type: CPU_and_Data_Intensive) arriva in 46.11
--- [46.11] Task 101 using SearchNode Policy: v1_heuristic ---
[101] Filtro euristico: DTS-TMAX
[Task 101] Nessun server rimasto dopo i filtri (deadline/sunset).
[Task 101] REJECTED on STARLINK-11403 [DTC] due to: No suitable server found after deadline/sunset filters
[MODE: BIDIRECTIONAL]
[100][GREEDY] CONSEGNATO! STARLINK-30971 -> OBS | Tramission-time: 2.3995087091930387e-11
---> Task 102 (Type: Generic_Service) arriva in 47.17
--- [47.17] Task 102 using SearchNode Policy: v1_heuristic ---
[102] Filtro euristico: DTS-TMAX
[47.17] [Task 102] Routed STARLINK-11403 [DTC] -> STARLINK-34909 | E_NET=0.000011 J | Remaining=119999.99 J
[47.172] Task 102 enqueued on CPU STARLINK-34909 qlen_enqueue=1
[Task 102] Task eseguito su STARLINK-34909 42.01634624262687 degrees | CPU=67.5033J, NET=0.0000J, TOTAL=67.5033J, Remaining=119402.74J
[47.239] Task 102 served on STARLINK-34909 qlen_enqueue_cpu=1 qlen_enqueue_net=None time_in_queue=0.000
[102][GREEDY] STARLINK-34909 -> STARLINK-11403 [DTC] | Tramission-time: 0.0016778779682851469
[102] Energy routing consumed by STARLINK-34909: 0.000000 J (remaining 119402.74)
[MODE: BIDIRECTIONAL]
[102][GREEDY] CONSEGNATO! STARLINK-11403 [DTC] -> OBS | Tramission-time: 1.1558793135105231e-11
[47.775] Task 99 enqueued on NET STARLINK-5854 qlen_enqueue_net=1
[Task 99] Task eseguito su STARLINK-5854 40.47195529927015 degrees | CPU=1774.6402J, NET=0.0056J, TOTAL=1774.6458J, Remaining=117761.44J
[47.781] Task 99 served on STARLINK-5854 qlen_enqueue_cpu=1 qlen_enqueue_net=1 time_in_queue=0.000
[99][GREEDY] STARLINK-5854 -> STARLINK-11403 [DTC] | Tramission-time: 0.0014254606859163683
[99] Energy routing consumed by STARLINK-5854: 0.000000 J (remaining 117761.44)
[MODE: BIDIRECTIONAL]
[99][GREEDY] CONSEGNATO! STARLINK-11403 [DTC] -> OBS | Tramission-time: 5.22519623672799e-09
----------------------------------------------------------------------
	||TIME IN SIMULATION : (seconds:48) (minutes: 0) ||

MODIFICA CONFIGURAZIONE IN CORSO...

Aggiornato il Tempo Globale:  2025-11-20 20:56:02
---> Task 103 (Type: Generic_Service) arriva in 48.04
--- [48.04] Task 103 using SearchNode Policy: v1_heuristic ---
[103] Filtro euristico: DTS-TMAX
[48.04] [Task 103] Routed STARLINK-11403 [DTC] -> STARLINK-34011 | E_NET=0.000005 J | Remaining=119999.99 J
[48.046] Task 103 enqueued on CPU STARLINK-34011 qlen_enqueue=1
[Task 103] Task eseguito su STARLINK-34011 40.06939378896692 degrees | CPU=28.4223J, NET=0.0000J, TOTAL=28.4223J, Remaining=119971.58J
[48.074] Task 103 served on STARLINK-34011 qlen_enqueue_cpu=1 qlen_enqueue_net=None time_in_queue=0.000
[103][GREEDY] STARLINK-34011 -> STARLINK-11403 [DTC] | Tramission-time: 0.002113077443890648
[103] Energy routing consumed by STARLINK-34011: 0.000000 J (remaining 119971.58)
[MODE: BIDIRECTIONAL]
[103][GREEDY] CONSEGNATO! STARLINK-11403 [DTC] -> OBS | Tramission-time: 4.626439456082185e-12
---> Task 104 (Type: CPU_Intensive) arriva in 48.32
--- [48.32] Task 104 using SearchNode Policy: v1_heuristic ---
[104] Filtro euristico: DTS-TMAX
[48.32] [Task 104] Routed STARLINK-11403 [DTC] -> STARLINK-34011 | E_NET=0.000019 J | Remaining=119999.99 J
[48.317] Task 104 enqueued on CPU STARLINK-34011 qlen_enqueue=1
---> Task 105 (Type: CPU_Intensive) arriva in 48.38
--- [48.38] Task 105 using SearchNode Policy: v1_heuristic ---
[105] Filtro euristico: DTS-TMAX
[48.38] [Task 105] Routed STARLINK-11403 [DTC] -> STARLINK-6192 | E_NET=0.000007 J | Remaining=119999.99 J
[48.378] Task 105 enqueued on CPU STARLINK-6192 qlen_enqueue=1
---> Task 106 (Type: Generic_Service) arriva in 48.44
--- [48.44] Task 106 using SearchNode Policy: v1_heuristic ---
[106] Filtro euristico: DTS-TMAX
[Task 106] Nessun server rimasto dopo i filtri (deadline/sunset).
[Task 106] REJECTED on STARLINK-11403 [DTC] due to: No suitable server found after deadline/sunset filters
[Task 105] Task eseguito su STARLINK-6192 70.80302246514002 degrees | CPU=186.5097J, NET=0.0000J, TOTAL=186.5097J, Remaining=119264.29J
[48.560] Task 105 served on STARLINK-6192 qlen_enqueue_cpu=1 qlen_enqueue_net=None time_in_queue=0.000
[Task 104] Task eseguito su STARLINK-34011 40.06939378896692 degrees | CPU=284.9330J, NET=0.0000J, TOTAL=284.9331J, Remaining=119686.64J
[48.595] Task 104 served on STARLINK-34011 qlen_enqueue_cpu=1 qlen_enqueue_net=None time_in_queue=0.000
[105][GREEDY] STARLINK-6192 -> STARLINK-11403 [DTC] | Tramission-time: 0.0016578546212694474
[105] Energy routing consumed by STARLINK-6192: 0.000000 J (remaining 119264.29)
[MODE: BIDIRECTIONAL]
[105][GREEDY] CONSEGNATO! STARLINK-11403 [DTC] -> OBS | Tramission-time: 5.677505615046946e-12
[104][GREEDY] STARLINK-34011 -> STARLINK-11403 [DTC] | Tramission-time: 0.002113077458746571
[104] Energy routing consumed by STARLINK-34011: 0.000000 J (remaining 119686.64)
[MODE: BIDIRECTIONAL]
[104][GREEDY] CONSEGNATO! STARLINK-11403 [DTC] -> OBS | Tramission-time: 1.59091303364559e-11
---> Task 107 (Type: Generic_Service) arriva in 49.42
--- [49.42] Task 107 using SearchNode Policy: v1_heuristic ---
[107] Filtro euristico: DTS-TMAX
[Task 107] Nessun server rimasto dopo i filtri (deadline/sunset).
[Task 107] REJECTED on STARLINK-11403 [DTC] due to: No suitable server found after deadline/sunset filters
----------------------------------------------------------------------
	||TIME IN SIMULATION : (seconds:50) (minutes: 0) ||

MODIFICA CONFIGURAZIONE IN CORSO...

Aggiornato il Tempo Globale:  2025-11-20 20:56:04
---> Task 108 (Type: Generic_Service) arriva in 50.13
--- [50.13] Task 108 using SearchNode Policy: v1_heuristic ---
[108] Filtro euristico: DTS-TMAX
[50.13] [Task 108] Routed STARLINK-11403 [DTC] -> STARLINK-34011 | E_NET=0.000025 J | Remaining=119999.99 J
[50.135] Task 108 enqueued on CPU STARLINK-34011 qlen_enqueue=1
[Task 108] Task eseguito su STARLINK-34011 40.33312611462838 degrees | CPU=35.0803J, NET=0.0000J, TOTAL=35.0804J, Remaining=119651.56J
[50.171] Task 108 served on STARLINK-34011 qlen_enqueue_cpu=1 qlen_enqueue_net=None time_in_queue=0.000
---> Task 109 (Type: CPU_Intensive) arriva in 50.22
--- [50.22] Task 109 using SearchNode Policy: v1_heuristic ---
[109] Filtro euristico: DTS-TMAX
[50.22] [Task 109] Routed STARLINK-11403 [DTC] -> STARLINK-34011 | E_NET=0.000029 J | Remaining=119999.99 J
[50.221] Task 109 enqueued on CPU STARLINK-34011 qlen_enqueue=1
[108][GREEDY] STARLINK-34011 -> STARLINK-11403 [DTC] | Tramission-time: 0.002101133050100063
[108] Energy routing consumed by STARLINK-34011: 0.000000 J (remaining 119651.56)
[MODE: BIDIRECTIONAL]
[108][GREEDY] CONSEGNATO! STARLINK-11403 [DTC] -> OBS | Tramission-time: 2.34419183350738e-11
[Task 109] Task eseguito su STARLINK-34011 40.33312611462838 degrees | CPU=132.5160J, NET=0.0000J, TOTAL=132.5161J, Remaining=119519.05J
[50.351] Task 109 served on STARLINK-34011 qlen_enqueue_cpu=1 qlen_enqueue_net=None time_in_queue=0.000
[109][GREEDY] STARLINK-34011 -> STARLINK-11403 [DTC] | Tramission-time: 0.0021011330568343253
[109] Energy routing consumed by STARLINK-34011: 0.000000 J (remaining 119519.05)
[MODE: BIDIRECTIONAL]
[109][GREEDY] CONSEGNATO! STARLINK-11403 [DTC] -> OBS | Tramission-time: 2.3860388540622947e-11
---> Task 110 (Type: Generic_Service) arriva in 50.69
--- [50.69] Task 110 using SearchNode Policy: v1_heuristic ---
[110] Filtro euristico: DTS-TMAX
[50.69] [Task 110] Routed STARLINK-11403 [DTC] -> STARLINK-34011 | E_NET=0.000007 J | Remaining=119999.99 J
[50.692] Task 110 enqueued on CPU STARLINK-34011 qlen_enqueue=1
[Task 110] Task eseguito su STARLINK-34011 40.33312611462838 degrees | CPU=176.9234J, NET=0.0000J, TOTAL=176.9234J, Remaining=119342.12J
[50.864] Task 110 served on STARLINK-34011 qlen_enqueue_cpu=1 qlen_enqueue_net=None time_in_queue=0.000
[110][GREEDY] STARLINK-34011 -> STARLINK-11403 [DTC] | Tramission-time: 0.0021011330350519867
[110] Energy routing consumed by STARLINK-34011: 0.000000 J (remaining 119342.12)
[MODE: BIDIRECTIONAL]
[110][GREEDY] CONSEGNATO! STARLINK-11403 [DTC] -> OBS | Tramission-time: 5.65747168985789e-12
---> Task 111 (Type: CPU_Intensive) arriva in 51.20
--- [51.20] Task 111 using SearchNode Policy: v1_heuristic ---
[111] Filtro euristico: DTS-TMAX
[51.20] [Task 111] Routed STARLINK-11403 [DTC] -> STARLINK-3127 | E_NET=0.000029 J | Remaining=119999.99 J
[51.203] Task 111 enqueued on CPU STARLINK-3127 qlen_enqueue=1
---> Task 112 (Type: CPU_Intensive) arriva in 51.25
--- [51.25] Task 112 using SearchNode Policy: v1_heuristic ---
[112] Filtro euristico: DTS-TMAX
[51.25] [Task 112] Routed STARLINK-11403 [DTC] -> STARLINK-34909 | E_NET=0.000005 J | Remaining=119999.99 J
[51.252] Task 112 enqueued on CPU STARLINK-34909 qlen_enqueue=1
[Task 111] Task eseguito su STARLINK-3127 68.05270073385068 degrees | CPU=207.2429J, NET=0.0000J, TOTAL=207.2430J, Remaining=119211.69J
[51.407] Task 111 served on STARLINK-3127 qlen_enqueue_cpu=1 qlen_enqueue_net=None time_in_queue=0.000
[111][GREEDY] STARLINK-3127 -> STARLINK-11403 [DTC] | Tramission-time: 0.0016575589132830878
[111] Energy routing consumed by STARLINK-3127: 0.000000 J (remaining 119211.69)
[MODE: BIDIRECTIONAL]
[111][GREEDY] CONSEGNATO! STARLINK-11403 [DTC] -> OBS | Tramission-time: 2.7594402499084702e-11
[Task 112] Task eseguito su STARLINK-34909 42.86148715008754 degrees | CPU=193.2637J, NET=0.0000J, TOTAL=193.2637J, Remaining=119209.48J
[51.440] Task 112 served on STARLINK-34909 qlen_enqueue_cpu=1 qlen_enqueue_net=None time_in_queue=0.000
[112][GREEDY] STARLINK-34909 -> STARLINK-11403 [DTC] | Tramission-time: 0.0016082281896125127
[112] Energy routing consumed by STARLINK-34909: 0.000000 J (remaining 119209.48)
[MODE: BIDIRECTIONAL]
[112][GREEDY] CONSEGNATO! STARLINK-11403 [DTC] -> OBS | Tramission-time: 4.479099574177245e-12
----------------------------------------------------------------------
	||TIME IN SIMULATION : (seconds:52) (minutes: 0) ||

MODIFICA CONFIGURAZIONE IN CORSO...

Aggiornato il Tempo Globale:  2025-11-20 20:56:06
---> Task 113 (Type: Generic_Service) arriva in 52.17
--- [52.17] Task 113 using SearchNode Policy: v1_heuristic ---
[113] Filtro euristico: DTS-TMAX
[52.17] [Task 113] Routed STARLINK-11403 [DTC] -> STARLINK-30522 | E_NET=0.000008 J | Remaining=119999.99 J
[52.175] Task 113 enqueued on CPU STARLINK-30522 qlen_enqueue=1
[Task 113] Task eseguito su STARLINK-30522 56.122370367431344 degrees | CPU=32.1586J, NET=0.0000J, TOTAL=32.1586J, Remaining=119336.90J
[52.207] Task 113 served on STARLINK-30522 qlen_enqueue_cpu=1 qlen_enqueue_net=None time_in_queue=0.000
[113][GREEDY] STARLINK-30522 -> STARLINK-11403 [DTC] | Tramission-time: 0.0020745983122587215
[113] Energy routing consumed by STARLINK-30522: 0.000000 J (remaining 119336.90)
[MODE: BIDIRECTIONAL]
[113][GREEDY] CONSEGNATO! STARLINK-11403 [DTC] -> OBS | Tramission-time: 7.269781366294295e-12
---> Task 114 (Type: CPU_and_Data_Intensive) arriva in 52.34
--- [52.34] Task 114 using SearchNode Policy: v1_heuristic ---
[114] Filtro euristico: DTS-TMAX
[52.34] [Task 114] Routed STARLINK-11403 [DTC] -> STARLINK-32475 | E_NET=0.001364 J | Remaining=119999.99 J
[52.348] Task 114 enqueued on CPU STARLINK-32475 qlen_enqueue=1
---> Task 115 (Type: Generic_Service) arriva in 52.78
--- [52.78] Task 115 using SearchNode Policy: v1_heuristic ---
[115] Filtro euristico: DTS-TMAX
[52.78] [Task 115] Routed STARLINK-11403 [DTC] -> STARLINK-1068 | E_NET=0.000010 J | Remaining=119999.99 J
[52.781] Task 115 enqueued on CPU STARLINK-1068 qlen_enqueue=1
[Task 115] Task eseguito su STARLINK-1068 48.37315484379076 degrees | CPU=39.7064J, NET=0.0000J, TOTAL=39.7064J, Remaining=119315.43J
[52.820] Task 115 served on STARLINK-1068 qlen_enqueue_cpu=1 qlen_enqueue_net=None time_in_queue=0.000
[115][GREEDY] STARLINK-1068 -> STARLINK-11403 [DTC] | Tramission-time: 0.0013449722302623975
[115] Energy routing consumed by STARLINK-1068: 0.000000 J (remaining 119315.43)
[MODE: BIDIRECTIONAL]
[115][GREEDY] CONSEGNATO! STARLINK-11403 [DTC] -> OBS | Tramission-time: 8.902502334034574e-12
[52.956] Task 114 enqueued on NET STARLINK-32475 qlen_enqueue_net=1
[Task 114] Task eseguito su STARLINK-32475 44.216876790001336 degrees | CPU=626.6396J, NET=0.0014J, TOTAL=626.6411J, Remaining=118738.69J
[52.957] Task 114 served on STARLINK-32475 qlen_enqueue_cpu=1 qlen_enqueue_net=1 time_in_queue=0.000
[114][GREEDY] STARLINK-32475 -> STARLINK-11403 [DTC] | Tramission-time: 0.002180384890224581
[114] Energy routing consumed by STARLINK-32475: 0.000000 J (remaining 118738.69)
[MODE: BIDIRECTIONAL]
[114][GREEDY] CONSEGNATO! STARLINK-11403 [DTC] -> OBS | Tramission-time: 9.57422586303106e-10
---> Task 116 (Type: Generic_Service) arriva in 53.99
--- [53.99] Task 116 using SearchNode Policy: v1_heuristic ---
[116] Filtro euristico: DTS-TMAX
[53.99] [Task 116] Routed STARLINK-11403 [DTC] -> STARLINK-30971 | E_NET=0.000027 J | Remaining=119999.99 J
[53.989] Task 116 enqueued on CPU STARLINK-30971 qlen_enqueue=1
[Task 116] Task eseguito su STARLINK-30971 72.18037978011357 degrees | CPU=9.0230J, NET=0.0000J, TOTAL=9.0230J, Remaining=119080.37J
[53.999] Task 116 served on STARLINK-30971 qlen_enqueue_cpu=1 qlen_enqueue_net=None time_in_queue=0.000
----------------------------------------------------------------------
	||TIME IN SIMULATION : (seconds:54) (minutes: 0) ||

MODIFICA CONFIGURAZIONE IN CORSO...

Aggiornato il Tempo Globale:  2025-11-20 20:56:08
[MODE: BIDIRECTIONAL]
[116][GREEDY] CONSEGNATO! STARLINK-30971 -> OBS | Tramission-time: 2.055484479451191e-11
---> Task 117 (Type: CPU_and_Data_Intensive) arriva in 54.66
--- [54.66] Task 117 using SearchNode Policy: v1_heuristic ---
[117] Filtro euristico: DTS-TMAX
[54.66] [Task 117] Routed STARLINK-11403 [DTC] -> STARLINK-31283 | E_NET=0.000644 J | Remaining=119999.99 J
[54.661] Task 117 enqueued on CPU STARLINK-31283 qlen_enqueue=1
[55.542] Task 117 enqueued on NET STARLINK-31283 qlen_enqueue_net=1
[Task 117] Task eseguito su STARLINK-31283 69.66347379820031 degrees | CPU=907.8592J, NET=0.0009J, TOTAL=907.8601J, Remaining=118444.97J
[55.543] Task 117 served on STARLINK-31283 qlen_enqueue_cpu=1 qlen_enqueue_net=1 time_in_queue=0.000
---> Task 118 (Type: CPU_Intensive) arriva in 55.63
--- [55.63] Task 118 using SearchNode Policy: v1_heuristic ---
[118] Filtro euristico: DTS-TMAX
[55.63] [Task 118] Routed STARLINK-11403 [DTC] -> STARLINK-34011 | E_NET=0.000013 J | Remaining=119999.99 J
[55.635] Task 118 enqueued on CPU STARLINK-34011 qlen_enqueue=1
[117][GREEDY] STARLINK-31283 -> STARLINK-11403 [DTC] | Tramission-time: 0.0013875446728091585
[117] Energy routing consumed by STARLINK-31283: 0.000000 J (remaining 118444.97)
[MODE: BIDIRECTIONAL]
[117][GREEDY] CONSEGNATO! STARLINK-11403 [DTC] -> OBS | Tramission-time: 8.261413748193964e-10
---> Task 119 (Type: CPU_and_Data_Intensive) arriva in 55.65
--- [55.65] Task 119 using SearchNode Policy: v1_heuristic ---
[119] Filtro euristico: DTS-TMAX
[55.65] [Task 119] Routed STARLINK-11403 [DTC] -> STARLINK-30522 | E_NET=0.002940 J | Remaining=119999.98 J
[55.651] Task 119 enqueued on CPU STARLINK-30522 qlen_enqueue=1
----------------------------------------------------------------------
	||TIME IN SIMULATION : (seconds:56) (minutes: 0) ||

MODIFICA CONFIGURAZIONE IN CORSO...

Aggiornato il Tempo Globale:  2025-11-20 20:56:10
---> Task 120 (Type: CPU_Intensive) arriva in 56.00
--- [56.00] Task 120 using SearchNode Policy: v1_heuristic ---
[120] Filtro euristico: DTS-TMAX
[56.00] [Task 120] Routed STARLINK-11403 [DTC] -> STARLINK-1068 | E_NET=0.000018 J | Remaining=119999.98 J
[56.002] Task 120 enqueued on CPU STARLINK-1068 qlen_enqueue=1
[Task 118] Task eseguito su STARLINK-34011 41.01481542181968 degrees | CPU=380.6069J, NET=0.0000J, TOTAL=380.6069J, Remaining=118961.52J
[56.006] Task 118 served on STARLINK-34011 qlen_enqueue_cpu=1 qlen_enqueue_net=None time_in_queue=0.000
[118][GREEDY] STARLINK-34011 -> STARLINK-11403 [DTC] | Tramission-time: 0.0020652665203384902
[118] Energy routing consumed by STARLINK-34011: 0.000000 J (remaining 118961.52)
[MODE: BIDIRECTIONAL]
[118][GREEDY] CONSEGNATO! STARLINK-11403 [DTC] -> OBS | Tramission-time: 1.441344437138952e-11
---> Task 121 (Type: CPU_Intensive) arriva in 56.77
--- [56.77] Task 121 using SearchNode Policy: v1_heuristic ---
[121] Filtro euristico: DTS-TMAX
[56.77] [Task 121] Routed STARLINK-11403 [DTC] -> STARLINK-5520 | E_NET=0.000016 J | Remaining=119999.98 J
[56.776] Task 121 enqueued on CPU STARLINK-5520 qlen_enqueue=1
---> Task 122 (Type: CPU_Intensive) arriva in 56.78
--- [56.78] Task 122 using SearchNode Policy: v1_heuristic ---
[122] Filtro euristico: DTS-TMAX
[56.78] [Task 122] Routed STARLINK-11403 [DTC] -> STARLINK-6192 | E_NET=0.000020 J | Remaining=119999.98 J
[56.778] Task 122 enqueued on CPU STARLINK-6192 qlen_enqueue=1
[Task 122] Task eseguito su STARLINK-6192 65.65569009090369 degrees | CPU=110.1377J, NET=0.0000J, TOTAL=110.1377J, Remaining=119154.15J
[56.887] Task 122 served on STARLINK-6192 qlen_enqueue_cpu=1 qlen_enqueue_net=None time_in_queue=0.000
---> Task 123 (Type: CPU_Intensive) arriva in 56.92
--- [56.92] Task 123 using SearchNode Policy: v1_heuristic ---
[123] Filtro euristico: DTS-TMAX
[56.92] [Task 123] Routed STARLINK-11403 [DTC] -> STARLINK-35136 | E_NET=0.000008 J | Remaining=119999.98 J
[56.921] Task 123 enqueued on CPU STARLINK-35136 qlen_enqueue=1
[122][GREEDY] STARLINK-6192 -> STARLINK-11403 [DTC] | Tramission-time: 0.0016493710635259963
[122] Energy routing consumed by STARLINK-6192: 0.000000 J (remaining 119154.15)
[MODE: BIDIRECTIONAL]
[122][GREEDY] CONSEGNATO! STARLINK-11403 [DTC] -> OBS | Tramission-time: 2.4319807326984333e-11
[Task 123] Task eseguito su STARLINK-35136 49.88227504373197 degrees | CPU=204.1298J, NET=0.0000J, TOTAL=204.1298J, Remaining=119014.59J
[57.120] Task 123 served on STARLINK-35136 qlen_enqueue_cpu=1 qlen_enqueue_net=None time_in_queue=0.000
---> Task 124 (Type: Generic_Service) arriva in 57.14
--- [57.14] Task 124 using SearchNode Policy: v1_heuristic ---
[124] Filtro euristico: DTS-TMAX
[57.14] [Task 124] Routed STARLINK-11403 [DTC] -> STARLINK-3127 | E_NET=0.000014 J | Remaining=119999.98 J
[123][GREEDY] STARLINK-35136 -> STARLINK-11403 [DTC] | Tramission-time: 0.001757252977979956
[123] Energy routing consumed by STARLINK-35136: 0.000000 J (remaining 119014.59)
[57.145] Task 124 enqueued on CPU STARLINK-3127 qlen_enqueue=1
[Task 124] Task eseguito su STARLINK-3127 65.21568312033035 degrees | CPU=48.0088J, NET=0.0000J, TOTAL=48.0088J, Remaining=119163.68J
[57.193] Task 124 served on STARLINK-3127 qlen_enqueue_cpu=1 qlen_enqueue_net=None time_in_queue=0.000
[Task 121] Task eseguito su STARLINK-5520 48.9119997016024 degrees | CPU=432.2197J, NET=0.0000J, TOTAL=432.2197J, Remaining=118865.88J
[57.197] Task 121 served on STARLINK-5520 qlen_enqueue_cpu=1 qlen_enqueue_net=None time_in_queue=0.000
[124][GREEDY] STARLINK-3127 -> STARLINK-11403 [DTC] | Tramission-time: 0.001621968081107878
[124] Energy routing consumed by STARLINK-3127: 0.000000 J (remaining 119163.68)
[121][GREEDY] STARLINK-5520 -> STARLINK-11403 [DTC] | Tramission-time: 0.0016691779163304523
[121] Energy routing consumed by STARLINK-5520: 0.000000 J (remaining 118865.88)
[MODE: BIDIRECTIONAL]
[123][GREEDY] CONSEGNATO! STARLINK-11403 [DTC] -> OBS | Tramission-time: 6.125413584663152e-12
[MODE: BIDIRECTIONAL]
[121][GREEDY] CONSEGNATO! STARLINK-11403 [DTC] -> OBS | Tramission-time: 1.627203207329326e-11
[MODE: BIDIRECTIONAL]
[124][GREEDY] CONSEGNATO! STARLINK-11403 [DTC] -> OBS | Tramission-time: 1.2267504132011918e-11
---> Task 125 (Type: CPU_Intensive) arriva in 57.36
--- [57.36] Task 125 using SearchNode Policy: v1_heuristic ---
[125] Filtro euristico: DTS-TMAX
[57.36] [Task 125] Routed STARLINK-11403 [DTC] -> STARLINK-34909 | E_NET=0.000008 J | Remaining=119999.98 J
[57.366] Task 125 enqueued on CPU STARLINK-34909 qlen_enqueue=1
---> Task 126 (Type: CPU_and_Data_Intensive) arriva in 57.39
--- [57.39] Task 126 using SearchNode Policy: v1_heuristic ---
[126] Filtro euristico: DTS-TMAX
[57.39] [Task 126] Routed STARLINK-11403 [DTC] -> STARLINK-30522 | E_NET=0.007749 J | Remaining=119999.98 J
[57.392] Task 119 enqueued on NET STARLINK-30522 qlen_enqueue_net=1
[Task 119] Task eseguito su STARLINK-30522 54.18988487643432 degrees | CPU=1793.6643J, NET=0.0038J, TOTAL=1793.6681J, Remaining=117543.24J
[57.395] Task 119 served on STARLINK-30522 qlen_enqueue_cpu=1 qlen_enqueue_net=1 time_in_queue=0.000
[57.397] Task 126 enqueued on CPU STARLINK-30522 qlen_enqueue=1
[119][GREEDY] STARLINK-30522 -> STARLINK-11403 [DTC] | Tramission-time: 0.0020681953516606625
[119] Energy routing consumed by STARLINK-30522: 0.000000 J (remaining 117543.24)
[MODE: BIDIRECTIONAL]
[119][GREEDY] CONSEGNATO! STARLINK-11403 [DTC] -> OBS | Tramission-time: 2.6792236566791113e-09
[Task 120] Task eseguito su STARLINK-1068 48.71808368066819 degrees | CPU=1498.8952J, NET=0.0000J, TOTAL=1498.8952J, Remaining=117816.53J
[57.457] Task 120 served on STARLINK-1068 qlen_enqueue_cpu=1 qlen_enqueue_net=None time_in_queue=0.000
---> Task 127 (Type: Generic_Service) arriva in 57.48
--- [57.48] Task 127 using SearchNode Policy: v1_heuristic ---
[127] Filtro euristico: DTS-TMAX
[57.48] [Task 127] Routed STARLINK-11403 [DTC] -> STARLINK-3127 | E_NET=0.000026 J | Remaining=119999.98 J
[57.478] Task 127 enqueued on CPU STARLINK-3127 qlen_enqueue=1
[Task 127] Task eseguito su STARLINK-3127 65.21568312033035 degrees | CPU=60.6460J, NET=0.0000J, TOTAL=60.6460J, Remaining=119103.04J
[57.539] Task 127 served on STARLINK-3127 qlen_enqueue_cpu=1 qlen_enqueue_net=None time_in_queue=0.000
[127][GREEDY] STARLINK-3127 -> STARLINK-11403 [DTC] | Tramission-time: 0.0016219680945693529
[127] Energy routing consumed by STARLINK-3127: 0.000000 J (remaining 119103.04)
[MODE: BIDIRECTIONAL]
[127][GREEDY] CONSEGNATO! STARLINK-11403 [DTC] -> OBS | Tramission-time: 2.0369507211361403e-11
[120][GREEDY] STARLINK-1068 -> STARLINK-11403 [DTC] | Tramission-time: 0.0013757691570595748
[120] Energy routing consumed by STARLINK-1068: 0.000000 J (remaining 117816.53)
---> Task 128 (Type: CPU_Intensive) arriva in 57.63
--- [57.63] Task 128 using SearchNode Policy: v1_heuristic ---
[128] Filtro euristico: DTS-TMAX
[57.63] [Task 128] Routed STARLINK-11403 [DTC] -> STARLINK-6192 | E_NET=0.000017 J | Remaining=119999.97 J
[57.633] Task 128 enqueued on CPU STARLINK-6192 qlen_enqueue=1
[MODE: BIDIRECTIONAL]
[120][GREEDY] CONSEGNATO! STARLINK-11403 [DTC] -> OBS | Tramission-time: 2.0195512251923726e-11
[Task 125] Task eseguito su STARLINK-34909 44.03777367302558 degrees | CPU=454.6533J, NET=0.0000J, TOTAL=454.6533J, Remaining=118754.83J
[57.807] Task 125 served on STARLINK-34909 qlen_enqueue_cpu=1 qlen_enqueue_net=None time_in_queue=0.000
[125][GREEDY] STARLINK-34909 -> STARLINK-11403 [DTC] | Tramission-time: 0.0015338393089668312
[125] Energy routing consumed by STARLINK-34909: 0.000000 J (remaining 118754.83)
---> Task 129 (Type: CPU_and_Data_Intensive) arriva in 57.94
--- [57.94] Task 129 using SearchNode Policy: v1_heuristic ---
[129] Filtro euristico: DTS-TMAX
[57.94] [Task 129] Routed STARLINK-11403 [DTC] -> STARLINK-31751 | E_NET=0.005359 J | Remaining=119999.97 J
[57.949] Task 129 enqueued on CPU STARLINK-31751 qlen_enqueue=1
[MODE: BIDIRECTIONAL]
[125][GREEDY] CONSEGNATO! STARLINK-11403 [DTC] -> OBS | Tramission-time: 7.782735269836536e-12
[57.989] Task 126 enqueued on NET STARLINK-30522 qlen_enqueue_net=1
[Task 126] Task eseguito su STARLINK-30522 54.18988487643432 degrees | CPU=609.8296J, NET=0.0080J, TOTAL=609.8376J, Remaining=116933.40J
[57.997] Task 126 served on STARLINK-30522 qlen_enqueue_cpu=1 qlen_enqueue_net=1 time_in_queue=0.000
----------------------------------------------------------------------
	||TIME IN SIMULATION : (seconds:58) (minutes: 0) ||

MODIFICA CONFIGURAZIONE IN CORSO...

Aggiornato il Tempo Globale:  2025-11-20 20:56:12
[126][GREEDY] STARLINK-30522 -> STARLINK-11403 [DTC] | Tramission-time: 0.002065025437795593
[126] Energy routing consumed by STARLINK-30522: 0.000000 J (remaining 116933.40)
[MODE: BIDIRECTIONAL]
[126][GREEDY] CONSEGNATO! STARLINK-11403 [DTC] -> OBS | Tramission-time: 6.4452688054342065e-09
[Task 128] Task eseguito su STARLINK-6192 64.41975645222156 degrees | CPU=474.3556J, NET=0.0000J, TOTAL=474.3556J, Remaining=118679.80J
[58.095] Task 128 served on STARLINK-6192 qlen_enqueue_cpu=1 qlen_enqueue_net=None time_in_queue=0.000
---> Task 130 (Type: CPU_Intensive) arriva in 58.11
--- [58.11] Task 130 using SearchNode Policy: v1_heuristic ---
[130] Filtro euristico: DTS-TMAX
[58.11] [Task 130] Routed STARLINK-11403 [DTC] -> STARLINK-3127 | E_NET=0.000033 J | Remaining=119999.97 J
[58.110] Task 130 enqueued on CPU STARLINK-3127 qlen_enqueue=1
[128][GREEDY] STARLINK-6192 -> STARLINK-11403 [DTC] | Tramission-time: 0.001647252177864024
[128] Energy routing consumed by STARLINK-6192: 0.000000 J (remaining 118679.80)
[MODE: BIDIRECTIONAL]
[128][GREEDY] CONSEGNATO! STARLINK-11403 [DTC] -> OBS | Tramission-time: 1.68680168458622e-11
---> Task 131 (Type: CPU_Intensive) arriva in 58.36
--- [58.36] Task 131 using SearchNode Policy: v1_heuristic ---
[131] Filtro euristico: DTS-TMAX
[58.36] [Task 131] Routed STARLINK-11403 [DTC] -> STARLINK-30971 | E_NET=0.000004 J | Remaining=119999.97 J
[58.362] Task 131 enqueued on CPU STARLINK-30971 qlen_enqueue=1
[Task 130] Task eseguito su STARLINK-3127 64.2227380434245 degrees | CPU=335.5253J, NET=0.0000J, TOTAL=335.5253J, Remaining=118767.51J
[58.438] Task 130 served on STARLINK-3127 qlen_enqueue_cpu=1 qlen_enqueue_net=None time_in_queue=0.000
[Task 131] Task eseguito su STARLINK-30971 75.22119221075593 degrees | CPU=93.2317J, NET=0.0000J, TOTAL=93.2317J, Remaining=118987.14J
[58.453] Task 131 served on STARLINK-30971 qlen_enqueue_cpu=1 qlen_enqueue_net=None time_in_queue=0.000
[130][GREEDY] STARLINK-3127 -> STARLINK-11403 [DTC] | Tramission-time: 0.0016107193009005259
[130] Energy routing consumed by STARLINK-3127: 0.000000 J (remaining 118767.51)
[MODE: BIDIRECTIONAL]
[131][GREEDY] CONSEGNATO! STARLINK-30971 -> OBS | Tramission-time: 3.4018597167486424e-12
[MODE: BIDIRECTIONAL]
[130][GREEDY] CONSEGNATO! STARLINK-11403 [DTC] -> OBS | Tramission-time: 2.4633276815684367e-11
[58.725] Task 129 enqueued on NET STARLINK-31751 qlen_enqueue_net=1
[Task 129] Task eseguito su STARLINK-31751 49.51524623230741 degrees | CPU=799.4202J, NET=0.0054J, TOTAL=799.4256J, Remaining=118352.42J
[58.730] Task 129 served on STARLINK-31751 qlen_enqueue_cpu=1 qlen_enqueue_net=1 time_in_queue=0.000
[129][GREEDY] STARLINK-31751 -> STARLINK-11403 [DTC] | Tramission-time: 0.0013540978276248591
[129] Energy routing consumed by STARLINK-31751: 0.000000 J (remaining 118352.42)
---> Task 132 (Type: CPU_Intensive) arriva in 58.81
--- [58.81] Task 132 using SearchNode Policy: v1_heuristic ---
[132] Filtro euristico: DTS-TMAX
[58.81] [Task 132] Routed STARLINK-11403 [DTC] -> STARLINK-35136 | E_NET=0.000025 J | Remaining=119999.97 J
[58.809] Task 132 enqueued on CPU STARLINK-35136 qlen_enqueue=1
[MODE: BIDIRECTIONAL]
[129][GREEDY] CONSEGNATO! STARLINK-11403 [DTC] -> OBS | Tramission-time: 4.857030538792737e-09
---> Task 133 (Type: CPU_Intensive) arriva in 58.89
--- [58.89] Task 133 using SearchNode Policy: v1_heuristic ---
[133] Filtro euristico: DTS-TMAX
[58.89] [Task 133] Routed STARLINK-11403 [DTC] -> STARLINK-30971 | E_NET=0.000021 J | Remaining=119999.97 J
[58.894] Task 133 enqueued on CPU STARLINK-30971 qlen_enqueue=1
---> Task 134 (Type: Generic_Service) arriva in 59.08
--- [59.08] Task 134 using SearchNode Policy: v1_heuristic ---
[134] Filtro euristico: DTS-TMAX
[59.08] [Task 134] Routed STARLINK-11403 [DTC] -> STARLINK-30578 | E_NET=0.000027 J | Remaining=119999.97 J
[59.078] Task 134 enqueued on CPU STARLINK-30578 qlen_enqueue=1
[Task 132] Task eseguito su STARLINK-35136 50.86703240233847 degrees | CPU=302.7637J, NET=0.0000J, TOTAL=302.7637J, Remaining=118711.83J
[59.105] Task 132 served on STARLINK-35136 qlen_enqueue_cpu=1 qlen_enqueue_net=None time_in_queue=0.000
[132][GREEDY] STARLINK-35136 -> STARLINK-11403 [DTC] | Tramission-time: 0.0017019319169401105
[132] Energy routing consumed by STARLINK-35136: 0.000000 J (remaining 118711.83)
[Task 134] Task eseguito su STARLINK-30578 57.71515364434859 degrees | CPU=109.9876J, NET=0.0000J, TOTAL=109.9877J, Remaining=118867.95J
[59.187] Task 134 served on STARLINK-30578 qlen_enqueue_cpu=1 qlen_enqueue_net=None time_in_queue=0.000
[134][GREEDY] STARLINK-30578 -> STARLINK-11403 [DTC] | Tramission-time: 0.001894896098122594
[134] Energy routing consumed by STARLINK-30578: 0.000000 J (remaining 118867.95)
[MODE: BIDIRECTIONAL]
[132][GREEDY] CONSEGNATO! STARLINK-11403 [DTC] -> OBS | Tramission-time: 2.464263272342703e-11
[MODE: BIDIRECTIONAL]
[134][GREEDY] CONSEGNATO! STARLINK-11403 [DTC] -> OBS | Tramission-time: 3.42876371146007e-11
[Task 133] Task eseguito su STARLINK-30971 75.22119221075593 degrees | CPU=527.6521J, NET=0.0000J, TOTAL=527.6521J, Remaining=118459.49J
[59.407] Task 133 served on STARLINK-30971 qlen_enqueue_cpu=1 qlen_enqueue_net=None time_in_queue=0.000
[MODE: BIDIRECTIONAL]
[133][GREEDY] CONSEGNATO! STARLINK-30971 -> OBS | Tramission-time: 1.8382178863226968e-11
----------------------------------------------------------------------
	||TIME IN SIMULATION : (seconds:60) (minutes: 1) ||

MODIFICA CONFIGURAZIONE IN CORSO...

Aggiornato il Tempo Globale:  2025-11-20 20:56:14
---> Task 135 (Type: Generic_Service) arriva in 60.35
--- [60.35] Task 135 using SearchNode Policy: v1_heuristic ---
[135] Filtro euristico: DTS-TMAX
[60.35] [Task 135] Routed STARLINK-11403 [DTC] -> STARLINK-2160 | E_NET=0.000028 J | Remaining=119999.97 J
[60.349] Task 135 enqueued on CPU STARLINK-2160 qlen_enqueue=1
[Task 135] Task eseguito su STARLINK-2160 40.06342396734975 degrees | CPU=55.1097J, NET=0.0000J, TOTAL=55.1097J, Remaining=119944.89J
[60.405] Task 135 served on STARLINK-2160 qlen_enqueue_cpu=1 qlen_enqueue_net=None time_in_queue=0.000
[135][GREEDY] STARLINK-2160 -> STARLINK-11403 [DTC] | Tramission-time: 0.0016184884767261457
[135] Energy routing consumed by STARLINK-2160: 0.000000 J (remaining 119944.89)
---> Task 136 (Type: CPU_Intensive) arriva in 60.54
--- [60.54] Task 136 using SearchNode Policy: v1_heuristic ---
[136] Filtro euristico: DTS-TMAX
[60.54] [Task 136] Routed STARLINK-11403 [DTC] -> STARLINK-2160 | E_NET=0.000005 J | Remaining=119999.97 J
[60.537] Task 136 enqueued on CPU STARLINK-2160 qlen_enqueue=1
[MODE: BIDIRECTIONAL]
[135][GREEDY] CONSEGNATO! STARLINK-11403 [DTC] -> OBS | Tramission-time: 1.9590344158422234e-11
[Task 136] Task eseguito su STARLINK-2160 40.06342396734975 degrees | CPU=94.8366J, NET=0.0000J, TOTAL=94.8366J, Remaining=119850.05J
[60.629] Task 136 served on STARLINK-2160 qlen_enqueue_cpu=1 qlen_enqueue_net=None time_in_queue=0.000
[136][GREEDY] STARLINK-2160 -> STARLINK-11403 [DTC] | Tramission-time: 0.0016184884581918637
[136] Energy routing consumed by STARLINK-2160: 0.000000 J (remaining 119850.05)
[MODE: BIDIRECTIONAL]
[136][GREEDY] CONSEGNATO! STARLINK-11403 [DTC] -> OBS | Tramission-time: 3.4723982259408923e-12
---> Task 137 (Type: CPU_and_Data_Intensive) arriva in 61.35
--- [61.35] Task 137 using SearchNode Policy: v1_heuristic ---
[137] Filtro euristico: DTS-TMAX
[61.35] [Task 137] Routed STARLINK-11403 [DTC] -> STARLINK-2160 | E_NET=0.001874 J | Remaining=119999.97 J
[61.353] Task 137 enqueued on CPU STARLINK-2160 qlen_enqueue=1
---> Task 138 (Type: Generic_Service) arriva in 61.58
--- [61.58] Task 138 using SearchNode Policy: v1_heuristic ---
[138] Filtro euristico: DTS-TMAX
[Task 138] Nessun server rimasto dopo i filtri (deadline/sunset).
[Task 138] REJECTED on STARLINK-11403 [DTC] due to: No suitable server found after deadline/sunset filters
[61.985] Task 137 enqueued on NET STARLINK-2160 qlen_enqueue_net=1
[Task 137] Task eseguito su STARLINK-2160 40.06342396734975 degrees | CPU=651.5865J, NET=0.0019J, TOTAL=651.5884J, Remaining=119198.47J
[61.987] Task 137 served on STARLINK-2160 qlen_enqueue_cpu=1 qlen_enqueue_net=1 time_in_queue=0.000
----------------------------------------------------------------------
	||TIME IN SIMULATION : (seconds:62) (minutes: 1) ||

MODIFICA CONFIGURAZIONE IN CORSO...

Aggiornato il Tempo Globale:  2025-11-20 20:56:16
[137][GREEDY] STARLINK-2160 -> STARLINK-11403 [DTC] | Tramission-time: 0.0016219376220701325
[137] Energy routing consumed by STARLINK-2160: 0.000000 J (remaining 119198.47)
[MODE: BIDIRECTIONAL]
[137][GREEDY] CONSEGNATO! STARLINK-11403 [DTC] -> OBS | Tramission-time: 1.325752434919467e-09
---> Task 139 (Type: CPU_Intensive) arriva in 62.48
--- [62.48] Task 139 using SearchNode Policy: v1_heuristic ---
[139] Filtro euristico: DTS-TMAX
[62.48] [Task 139] Routed STARLINK-11403 [DTC] -> STARLINK-2160 | E_NET=0.000018 J | Remaining=119999.97 J
[62.483] Task 139 enqueued on CPU STARLINK-2160 qlen_enqueue=1
[Task 139] Task eseguito su STARLINK-2160 40.741425966724336 degrees | CPU=226.8928J, NET=0.0000J, TOTAL=226.8928J, Remaining=118971.57J
[62.705] Task 139 served on STARLINK-2160 qlen_enqueue_cpu=1 qlen_enqueue_net=None time_in_queue=0.000
[139][GREEDY] STARLINK-2160 -> STARLINK-11403 [DTC] | Tramission-time: 0.001621936091241554
[139] Energy routing consumed by STARLINK-2160: 0.000000 J (remaining 118971.57)
[MODE: BIDIRECTIONAL]
[139][GREEDY] CONSEGNATO! STARLINK-11403 [DTC] -> OBS | Tramission-time: 1.5527356612693496e-11
---> Task 140 (Type: CPU_Intensive) arriva in 63.07
--- [63.07] Task 140 using SearchNode Policy: v1_heuristic ---
[140] Filtro euristico: DTS-TMAX
[63.07] [Task 140] Routed STARLINK-11403 [DTC] -> STARLINK-2160 | E_NET=0.000020 J | Remaining=119999.97 J
[63.067] Task 140 enqueued on CPU STARLINK-2160 qlen_enqueue=1
---> Task 141 (Type: Generic_Service) arriva in 63.13
--- [63.13] Task 141 using SearchNode Policy: v1_heuristic ---
[141] Filtro euristico: DTS-TMAX
[63.13] [Task 141] Routed STARLINK-11403 [DTC] -> STARLINK-34011 | E_NET=0.000016 J | Remaining=119999.97 J
[63.128] Task 141 enqueued on CPU STARLINK-34011 qlen_enqueue=1
[Task 141] Task eseguito su STARLINK-34011 41.51415588157703 degrees | CPU=37.5414J, NET=0.0000J, TOTAL=37.5415J, Remaining=118923.98J
[63.166] Task 141 served on STARLINK-34011 qlen_enqueue_cpu=1 qlen_enqueue_net=None time_in_queue=0.000
[141][GREEDY] STARLINK-34011 -> STARLINK-11403 [DTC] | Tramission-time: 0.002029353120161963
[141] Energy routing consumed by STARLINK-34011: 0.000000 J (remaining 118923.98)
---> Task 142 (Type: CPU_Intensive) arriva in 63.25
--- [63.25] Task 142 using SearchNode Policy: v1_heuristic ---
[142] Filtro euristico: DTS-TMAX
[63.25] [Task 142] Routed STARLINK-11403 [DTC] -> STARLINK-34011 | E_NET=0.000013 J | Remaining=119999.97 J
[63.247] Task 142 enqueued on CPU STARLINK-34011 qlen_enqueue=1
[MODE: BIDIRECTIONAL]
[141][GREEDY] CONSEGNATO! STARLINK-11403 [DTC] -> OBS | Tramission-time: 1.614815748578775e-11
---> Task 143 (Type: CPU_and_Data_Intensive) arriva in 63.39
--- [63.39] Task 143 using SearchNode Policy: v1_heuristic ---
[143] Filtro euristico: DTS-TMAX
[63.39] [Task 143] Routed STARLINK-11403 [DTC] -> STARLINK-30578 | E_NET=0.002127 J | Remaining=119999.97 J
---> Task 144 (Type: CPU_and_Data_Intensive) arriva in 63.39
--- [63.39] Task 144 using SearchNode Policy: v1_heuristic ---
[144] Filtro euristico: DTS-TMAX
[63.39] [Task 144] Routed STARLINK-11403 [DTC] -> STARLINK-30578 | E_NET=0.007804 J | Remaining=119999.96 J
[63.393] Task 143 enqueued on CPU STARLINK-30578 qlen_enqueue=1
[Task 144] REJECTED on STARLINK-30578 due to: Deadline Exceeded
---> Task 145 (Type: CPU_and_Data_Intensive) arriva in 63.45
--- [63.45] Task 145 using SearchNode Policy: v1_heuristic ---
[145] Filtro euristico: DTS-TMAX
[63.45] [Task 145] Routed STARLINK-11403 [DTC] -> STARLINK-5520 | E_NET=0.002725 J | Remaining=119999.95 J
[63.451] Task 145 enqueued on CPU STARLINK-5520 qlen_enqueue=1
[Task 142] Task eseguito su STARLINK-34011 41.51415588157703 degrees | CPU=218.5906J, NET=0.0000J, TOTAL=218.5906J, Remaining=118705.39J
[63.461] Task 142 served on STARLINK-34011 qlen_enqueue_cpu=1 qlen_enqueue_net=None time_in_queue=0.000
[142][GREEDY] STARLINK-34011 -> STARLINK-11403 [DTC] | Tramission-time: 0.0020293531192891417
[142] Energy routing consumed by STARLINK-34011: 0.000000 J (remaining 118705.39)
---> Task 146 (Type: CPU_Intensive) arriva in 63.49
--- [63.49] Task 146 using SearchNode Policy: v1_heuristic ---
[146] Filtro euristico: DTS-TMAX
[63.49] [Task 146] Routed STARLINK-11403 [DTC] -> STARLINK-3127 | E_NET=0.000019 J | Remaining=119999.95 J
[63.493] Task 146 enqueued on CPU STARLINK-3127 qlen_enqueue=1
---> Task 147 (Type: CPU_Intensive) arriva in 63.56
--- [63.56] Task 147 using SearchNode Policy: v1_heuristic ---
[147] Filtro euristico: DTS-TMAX
[63.56] [Task 147] Routed STARLINK-11403 [DTC] -> STARLINK-34909 | E_NET=0.000022 J | Remaining=119999.95 J
[63.564] Task 147 enqueued on CPU STARLINK-34909 qlen_enqueue=1
[63.573] Task 145 enqueued on NET STARLINK-5520 qlen_enqueue_net=1
[MODE: BIDIRECTIONAL]
[142][GREEDY] CONSEGNATO! STARLINK-11403 [DTC] -> OBS | Tramission-time: 1.3990402534296795e-11
[Task 145] Task eseguito su STARLINK-5520 48.44070818766292 degrees | CPU=126.2637J, NET=0.0037J, TOTAL=126.2674J, Remaining=118739.61J
[63.577] Task 145 served on STARLINK-5520 qlen_enqueue_cpu=1 qlen_enqueue_net=1 time_in_queue=0.000
[145][GREEDY] STARLINK-5520 -> STARLINK-11403 [DTC] | Tramission-time: 0.0017443014834468478
[145] Energy routing consumed by STARLINK-5520: 0.000000 J (remaining 118739.61)
[MODE: BIDIRECTIONAL]
[145][GREEDY] CONSEGNATO! STARLINK-11403 [DTC] -> OBS | Tramission-time: 2.5281896244249147e-09
[Task 140] Task eseguito su STARLINK-2160 40.741425966724336 degrees | CPU=848.8517J, NET=0.0000J, TOTAL=848.8517J, Remaining=118122.72J
[63.892] Task 140 served on STARLINK-2160 qlen_enqueue_cpu=1 qlen_enqueue_net=None time_in_queue=0.000
[Task 146] Task eseguito su STARLINK-3127 62.20050949639088 degrees | CPU=461.7823J, NET=0.0000J, TOTAL=461.7823J, Remaining=118305.73J
[63.943] Task 146 served on STARLINK-3127 qlen_enqueue_cpu=1 qlen_enqueue_net=None time_in_queue=0.000
[Task 147] Task eseguito su STARLINK-34909 45.07427560489693 degrees | CPU=408.1460J, NET=0.0000J, TOTAL=408.1461J, Remaining=118346.68J
[63.962] Task 147 served on STARLINK-34909 qlen_enqueue_cpu=1 qlen_enqueue_net=None time_in_queue=0.000
[146][GREEDY] STARLINK-3127 -> STARLINK-11403 [DTC] | Tramission-time: 0.0015891845225133514
[146] Energy routing consumed by STARLINK-3127: 0.000000 J (remaining 118305.73)
[MODE: BIDIRECTIONAL]
[146][GREEDY] CONSEGNATO! STARLINK-11403 [DTC] -> OBS | Tramission-time: 1.668811145756275e-11
[147][GREEDY] STARLINK-34909 -> STARLINK-11403 [DTC] | Tramission-time: 0.0015001538003153808
[147] Energy routing consumed by STARLINK-34909: 0.000000 J (remaining 118346.68)
[140][GREEDY] STARLINK-2160 -> STARLINK-11403 [DTC] | Tramission-time: 0.0016219360994335795
[140] Energy routing consumed by STARLINK-2160: 0.000000 J (remaining 118122.72)
----------------------------------------------------------------------
	||TIME IN SIMULATION : (seconds:64) (minutes: 1) ||

MODIFICA CONFIGURAZIONE IN CORSO...

Aggiornato il Tempo Globale:  2025-11-20 20:56:18
[MODE: BIDIRECTIONAL]
[147][GREEDY] CONSEGNATO! STARLINK-11403 [DTC] -> OBS | Tramission-time: 2.617445095630123e-11
[64.156] Task 143 enqueued on NET STARLINK-30578 qlen_enqueue_net=1
[Task 143] Task eseguito su STARLINK-30578 54.5271198423935 degrees | CPU=785.7184J, NET=0.0023J, TOTAL=785.7207J, Remaining=118082.23J
[64.158] Task 143 served on STARLINK-30578 qlen_enqueue_cpu=1 qlen_enqueue_net=1 time_in_queue=0.000
[143][GREEDY] STARLINK-30578 -> STARLINK-11403 [DTC] | Tramission-time: 0.0018884797869938648
[143] Energy routing consumed by STARLINK-30578: 0.000000 J (remaining 118082.23)
[MODE: BIDIRECTIONAL]
[140][GREEDY] CONSEGNATO! STARLINK-11403 [DTC] -> OBS | Tramission-time: 2.2544553546356687e-11
[MODE: BIDIRECTIONAL]
[143][GREEDY] CONSEGNATO! STARLINK-11403 [DTC] -> OBS | Tramission-time: 1.557458942466525e-09
---> Task 148 (Type: Generic_Service) arriva in 65.08
--- [65.08] Task 148 using SearchNode Policy: v1_heuristic ---
[148] Filtro euristico: DTS-TMAX
[65.08] [Task 148] Routed STARLINK-11403 [DTC] -> STARLINK-5520 | E_NET=0.000023 J | Remaining=119999.95 J
[65.081] Task 148 enqueued on CPU STARLINK-5520 qlen_enqueue=1
---> Task 149 (Type: CPU_Intensive) arriva in 65.28
--- [65.28] Task 149 using SearchNode Policy: v1_heuristic ---
[149] Filtro euristico: DTS-TMAX
[65.28] [Task 149] Routed STARLINK-11403 [DTC] -> STARLINK-35136 | E_NET=0.000025 J | Remaining=119999.95 J
[65.284] Task 149 enqueued on CPU STARLINK-35136 qlen_enqueue=1
[Task 148] Task eseguito su STARLINK-5520 48.23310436167756 degrees | CPU=318.0996J, NET=0.0000J, TOTAL=318.0997J, Remaining=118421.52J
[65.392] Task 148 served on STARLINK-5520 qlen_enqueue_cpu=1 qlen_enqueue_net=None time_in_queue=0.000
---> Task 150 (Type: Generic_Service) arriva in 65.41
--- [65.41] Task 150 using SearchNode Policy: v1_heuristic ---
[150] Filtro euristico: DTS-TMAX
[65.41] [Task 150] Routed STARLINK-11403 [DTC] -> STARLINK-34011 | E_NET=0.000006 J | Remaining=119999.95 J
[65.412] Task 150 enqueued on CPU STARLINK-34011 qlen_enqueue=1
[Task 150] Task eseguito su STARLINK-34011 41.63664470396641 degrees | CPU=29.2291J, NET=0.0000J, TOTAL=29.2291J, Remaining=118676.16J
[65.441] Task 150 served on STARLINK-34011 qlen_enqueue_cpu=1 qlen_enqueue_net=None time_in_queue=0.000
[148][GREEDY] STARLINK-5520 -> STARLINK-11403 [DTC] | Tramission-time: 0.001769563006280735
[148] Energy routing consumed by STARLINK-5520: 0.000000 J (remaining 118421.52)
[MODE: BIDIRECTIONAL]
[148][GREEDY] CONSEGNATO! STARLINK-11403 [DTC] -> OBS | Tramission-time: 2.0430031488558253e-11
[150][GREEDY] STARLINK-34011 -> STARLINK-11403 [DTC] | Tramission-time: 0.0020173722485951335
[150] Energy routing consumed by STARLINK-34011: 0.000000 J (remaining 118676.16)
[Task 149] Task eseguito su STARLINK-35136 53.94587038557922 degrees | CPU=207.0493J, NET=0.0000J, TOTAL=207.0493J, Remaining=118504.78J
[65.487] Task 149 served on STARLINK-35136 qlen_enqueue_cpu=1 qlen_enqueue_net=None time_in_queue=0.000
[149][GREEDY] STARLINK-35136 -> STARLINK-11403 [DTC] | Tramission-time: 0.0015441217796213775
[149] Energy routing consumed by STARLINK-35136: 0.000000 J (remaining 118504.78)
[MODE: BIDIRECTIONAL]
[150][GREEDY] CONSEGNATO! STARLINK-11403 [DTC] -> OBS | Tramission-time: 5.609881015743224e-12
[MODE: BIDIRECTIONAL]
[149][GREEDY] CONSEGNATO! STARLINK-11403 [DTC] -> OBS | Tramission-time: 2.7562653986648662e-11
----------------------------------------------------------------------
	||TIME IN SIMULATION : (seconds:66) (minutes: 1) ||

MODIFICA CONFIGURAZIONE IN CORSO...

Aggiornato il Tempo Globale:  2025-11-20 20:56:20
---> Task 151 (Type: Generic_Service) arriva in 66.27
--- [66.27] Task 151 using SearchNode Policy: v1_heuristic ---
[151] Filtro euristico: DTS-TMAX
[66.27] [Task 151] Routed STARLINK-11403 [DTC] -> STARLINK-6192 | E_NET=0.000030 J | Remaining=119999.95 J
[66.277] Task 151 enqueued on CPU STARLINK-6192 qlen_enqueue=1
[Task 151] Task eseguito su STARLINK-6192 59.69317694225463 degrees | CPU=131.0449J, NET=0.0000J, TOTAL=131.0450J, Remaining=118548.75J
[66.406] Task 151 served on STARLINK-6192 qlen_enqueue_cpu=1 qlen_enqueue_net=None time_in_queue=0.000
[151][GREEDY] STARLINK-6192 -> STARLINK-11403 [DTC] | Tramission-time: 0.001638784819101755
[151] Energy routing consumed by STARLINK-6192: 0.000000 J (remaining 118548.75)
[MODE: BIDIRECTIONAL]
[151][GREEDY] CONSEGNATO! STARLINK-11403 [DTC] -> OBS | Tramission-time: 3.08712809073262e-11
---> Task 152 (Type: CPU_and_Data_Intensive) arriva in 66.60
--- [66.60] Task 152 using SearchNode Policy: v1_heuristic ---
[152] Filtro euristico: DTS-TMAX
[Task 152] Nessun server rimasto dopo i filtri (deadline/sunset).
[Task 152] REJECTED on STARLINK-11403 [DTC] due to: No suitable server found after deadline/sunset filters
---> Task 153 (Type: CPU_Intensive) arriva in 67.73
--- [67.73] Task 153 using SearchNode Policy: v1_heuristic ---
[153] Filtro euristico: DTS-TMAX
[67.73] [Task 153] Routed STARLINK-11403 [DTC] -> STARLINK-34011 | E_NET=0.000023 J | Remaining=119999.95 J
[67.733] Task 153 enqueued on CPU STARLINK-34011 qlen_enqueue=1
----------------------------------------------------------------------
	||TIME IN SIMULATION : (seconds:68) (minutes: 1) ||

MODIFICA CONFIGURAZIONE IN CORSO...

Aggiornato il Tempo Globale:  2025-11-20 20:56:22
[Task 153] Task eseguito su STARLINK-34011 41.812345536011975 degrees | CPU=339.2795J, NET=0.0000J, TOTAL=339.2796J, Remaining=118336.88J
[68.064] Task 153 served on STARLINK-34011 qlen_enqueue_cpu=1 qlen_enqueue_net=None time_in_queue=0.000
---> Task 154 (Type: CPU_and_Data_Intensive) arriva in 68.09
--- [68.09] Task 154 using SearchNode Policy: v1_heuristic ---
[154] Filtro euristico: DTS-TMAX
[68.09] [Task 154] Routed STARLINK-11403 [DTC] -> STARLINK-34777 | E_NET=0.004746 J | Remaining=119999.95 J
[153][GREEDY] STARLINK-34011 -> STARLINK-11403 [DTC] | Tramission-time: 0.001993396885116984
[153] Energy routing consumed by STARLINK-34011: 0.000000 J (remaining 118336.88)
[68.096] Task 154 enqueued on CPU STARLINK-34777 qlen_enqueue=1
[MODE: BIDIRECTIONAL]
[153][GREEDY] CONSEGNATO! STARLINK-11403 [DTC] -> OBS | Tramission-time: 2.5730583965627384e-11
---> Task 155 (Type: Generic_Service) arriva in 68.35
--- [68.35] Task 155 using SearchNode Policy: v1_heuristic ---
[155] Filtro euristico: DTS-TMAX
[68.35] [Task 155] Routed STARLINK-11403 [DTC] -> STARLINK-6155 | E_NET=0.000004 J | Remaining=119999.95 J
[68.355] Task 155 enqueued on CPU STARLINK-6155 qlen_enqueue=1
[Task 155] Task eseguito su STARLINK-6155 40.36064050753885 degrees | CPU=24.3345J, NET=0.0000J, TOTAL=24.3345J, Remaining=119975.67J
[68.379] Task 155 served on STARLINK-6155 qlen_enqueue_cpu=1 qlen_enqueue_net=None time_in_queue=0.000
[155][GREEDY] STARLINK-6155 -> STARLINK-11403 [DTC] | Tramission-time: 0.002001943509443975
[155] Energy routing consumed by STARLINK-6155: 0.000000 J (remaining 119975.67)
[MODE: BIDIRECTIONAL]
[155][GREEDY] CONSEGNATO! STARLINK-11403 [DTC] -> OBS | Tramission-time: 4.62838084849956e-12
[68.562] Task 154 enqueued on NET STARLINK-34777 qlen_enqueue_net=1
[Task 154] Task eseguito su STARLINK-34777 40.34404965522336 degrees | CPU=480.9470J, NET=0.0064J, TOTAL=480.9534J, Remaining=119519.05J
[68.568] Task 154 served on STARLINK-34777 qlen_enqueue_cpu=1 qlen_enqueue_net=1 time_in_queue=0.000
[154][GREEDY] STARLINK-34777 -> STARLINK-11403 [DTC] | Tramission-time: 0.0019378261500940677
[154] Energy routing consumed by STARLINK-34777: 0.000000 J (remaining 119519.05)
---> Task 156 (Type: Generic_Service) arriva in 68.68
--- [68.68] Task 156 using SearchNode Policy: v1_heuristic ---
[156] Filtro euristico: DTS-TMAX
[Task 156] Nessun server rimasto dopo i filtri (deadline/sunset).
[Task 156] REJECTED on STARLINK-11403 [DTC] due to: No suitable server found after deadline/sunset filters
[MODE: BIDIRECTIONAL]
[154][GREEDY] CONSEGNATO! STARLINK-11403 [DTC] -> OBS | Tramission-time: 5.132067933148318e-09
----------------------------------------------------------------------
	||TIME IN SIMULATION : (seconds:70) (minutes: 1) ||

MODIFICA CONFIGURAZIONE IN CORSO...

Aggiornato il Tempo Globale:  2025-11-20 20:56:24
---> Task 157 (Type: CPU_Intensive) arriva in 71.17
--- [71.17] Task 157 using SearchNode Policy: v1_heuristic ---
[157] Filtro euristico: DTS-TMAX
[71.17] [Task 157] Routed STARLINK-11403 [DTC] -> STARLINK-6155 | E_NET=0.000005 J | Remaining=119999.95 J
[71.176] Task 157 enqueued on CPU STARLINK-6155 qlen_enqueue=1
[Task 157] Task eseguito su STARLINK-6155 40.999327546388386 degrees | CPU=81.9549J, NET=0.0000J, TOTAL=81.9549J, Remaining=119893.71J
[71.256] Task 157 served on STARLINK-6155 qlen_enqueue_cpu=1 qlen_enqueue_net=None time_in_queue=0.000
[157][GREEDY] STARLINK-6155 -> STARLINK-11403 [DTC] | Tramission-time: 0.0019979561431232363
[157] Energy routing consumed by STARLINK-6155: 0.000000 J (remaining 119893.71)
---> Task 158 (Type: CPU_Intensive) arriva in 71.30
--- [71.30] Task 158 using SearchNode Policy: v1_heuristic ---
[158] Filtro euristico: DTS-TMAX
[71.30] [Task 158] Routed STARLINK-11403 [DTC] -> STARLINK-6155 | E_NET=0.000021 J | Remaining=119999.95 J
[71.303] Task 158 enqueued on CPU STARLINK-6155 qlen_enqueue=1
[MODE: BIDIRECTIONAL]
[157][GREEDY] CONSEGNATO! STARLINK-11403 [DTC] -> OBS | Tramission-time: 4.604591159881372e-12
---> Task 159 (Type: Generic_Service) arriva in 71.76
--- [71.76] Task 159 using SearchNode Policy: v1_heuristic ---
[159] Filtro euristico: DTS-TMAX
[71.76] [Task 159] Routed STARLINK-11403 [DTC] -> STARLINK-31220 | E_NET=0.000006 J | Remaining=119999.95 J
[71.763] Task 159 enqueued on CPU STARLINK-31220 qlen_enqueue=1
[Task 159] Task eseguito su STARLINK-31220 65.34402035204 degrees | CPU=11.3363J, NET=0.0000J, TOTAL=11.3363J, Remaining=118515.54J
[71.774] Task 159 served on STARLINK-31220 qlen_enqueue_cpu=1 qlen_enqueue_net=None time_in_queue=0.000
[MODE: BIDIRECTIONAL]
[159][GREEDY] CONSEGNATO! STARLINK-31220 -> OBS | Tramission-time: 6.913827905205375e-12
---> Task 160 (Type: CPU_Intensive) arriva in 71.86
--- [71.86] Task 160 using SearchNode Policy: v1_heuristic ---
[160] Filtro euristico: DTS-TMAX
[71.86] [Task 160] Routed STARLINK-11403 [DTC] -> STARLINK-34777 | E_NET=0.000019 J | Remaining=119999.95 J
[71.867] Task 160 enqueued on CPU STARLINK-34777 qlen_enqueue=1
[Task 160] Task eseguito su STARLINK-34777 40.88608395399817 degrees | CPU=72.1906J, NET=0.0000J, TOTAL=72.1906J, Remaining=119446.86J
[71.938] Task 160 served on STARLINK-34777 qlen_enqueue_cpu=1 qlen_enqueue_net=None time_in_queue=0.000
[160][GREEDY] STARLINK-34777 -> STARLINK-11403 [DTC] | Tramission-time: 0.0019115206352063184
[160] Energy routing consumed by STARLINK-34777: 0.000000 J (remaining 119446.86)
----------------------------------------------------------------------
	||TIME IN SIMULATION : (seconds:72) (minutes: 1) ||

MODIFICA CONFIGURAZIONE IN CORSO...

Aggiornato il Tempo Globale:  2025-11-20 20:56:26
[Task 158] Task eseguito su STARLINK-6155 41.646814802293925 degrees | CPU=751.6217J, NET=0.0000J, TOTAL=751.6217J, Remaining=119142.09J
[72.034] Task 158 served on STARLINK-6155 qlen_enqueue_cpu=1 qlen_enqueue_net=None time_in_queue=0.000
[MODE: BIDIRECTIONAL]
[160][GREEDY] CONSEGNATO! STARLINK-11403 [DTC] -> OBS | Tramission-time: 1.823584686398615e-11
[158][GREEDY] STARLINK-6155 -> STARLINK-11403 [DTC] | Tramission-time: 0.0019939957024829157
[158] Energy routing consumed by STARLINK-6155: 0.000000 J (remaining 119142.09)
[MODE: BIDIRECTIONAL]
[158][GREEDY] CONSEGNATO! STARLINK-11403 [DTC] -> OBS | Tramission-time: 2.277662539030093e-11
---> Task 161 (Type: Generic_Service) arriva in 72.72
--- [72.72] Task 161 using SearchNode Policy: v1_heuristic ---
[161] Filtro euristico: DTS-TMAX
[72.72] [Task 161] Routed STARLINK-11403 [DTC] -> STARLINK-31220 | E_NET=0.000019 J | Remaining=119999.95 J
[72.724] Task 161 enqueued on CPU STARLINK-31220 qlen_enqueue=1
[Task 161] Task eseguito su STARLINK-31220 66.7871752110455 degrees | CPU=6.4053J, NET=0.0000J, TOTAL=6.4053J, Remaining=118509.13J
[72.731] Task 161 served on STARLINK-31220 qlen_enqueue_cpu=1 qlen_enqueue_net=None time_in_queue=0.000
[MODE: BIDIRECTIONAL]
[161][GREEDY] CONSEGNATO! STARLINK-31220 -> OBS | Tramission-time: 1.417121894453466e-11
---> Task 162 (Type: CPU_and_Data_Intensive) arriva in 72.80
--- [72.80] Task 162 using SearchNode Policy: v1_heuristic ---
[162] Filtro euristico: DTS-TMAX
[72.80] [Task 162] Routed STARLINK-11403 [DTC] -> STARLINK-6192 | E_NET=0.006543 J | Remaining=119999.94 J
[72.812] Task 162 enqueued on CPU STARLINK-6192 qlen_enqueue=1
[72.880] Task 162 enqueued on NET STARLINK-6192 qlen_enqueue_net=1
[Task 162] Task eseguito su STARLINK-6192 56.38165816075787 degrees | CPU=69.8870J, NET=0.0093J, TOTAL=69.8963J, Remaining=118478.86J
[72.890] Task 162 served on STARLINK-6192 qlen_enqueue_cpu=1 qlen_enqueue_net=1 time_in_queue=0.000
[162][GREEDY] STARLINK-6192 -> STARLINK-11403 [DTC] | Tramission-time: 0.001632449083623661
[162] Energy routing consumed by STARLINK-6192: 0.000000 J (remaining 118478.86)
[MODE: BIDIRECTIONAL]
[162][GREEDY] CONSEGNATO! STARLINK-11403 [DTC] -> OBS | Tramission-time: 6.5503465281155526e-09
----------------------------------------------------------------------
	||TIME IN SIMULATION : (seconds:74) (minutes: 1) ||

MODIFICA CONFIGURAZIONE IN CORSO...

Aggiornato il Tempo Globale:  2025-11-20 20:56:28
---> Task 163 (Type: CPU_and_Data_Intensive) arriva in 74.28
--- [74.28] Task 163 using SearchNode Policy: v1_heuristic ---
[163] Filtro euristico: DTS-TMAX
[74.28] [Task 163] Routed STARLINK-11403 [DTC] -> STARLINK-34777 | E_NET=0.000445 J | Remaining=119999.94 J
[74.285] Task 163 enqueued on CPU STARLINK-34777 qlen_enqueue=1
[74.435] Task 163 enqueued on NET STARLINK-34777 qlen_enqueue_net=1
[Task 163] Task eseguito su STARLINK-34777 41.953253475763994 degrees | CPU=154.5942J, NET=0.0005J, TOTAL=154.5947J, Remaining=119292.26J
[74.436] Task 163 served on STARLINK-34777 qlen_enqueue_cpu=1 qlen_enqueue_net=1 time_in_queue=0.000
[163][GREEDY] STARLINK-34777 -> STARLINK-11403 [DTC] | Tramission-time: 0.0018590148339657211
[163] Energy routing consumed by STARLINK-34777: 0.000000 J (remaining 119292.26)
[MODE: BIDIRECTIONAL]
[163][GREEDY] CONSEGNATO! STARLINK-11403 [DTC] -> OBS | Tramission-time: 3.7041946811195225e-10
---> Task 164 (Type: CPU_Intensive) arriva in 75.06
--- [75.06] Task 164 using SearchNode Policy: v1_heuristic ---
[164] Filtro euristico: DTS-TMAX
[75.06] [Task 164] Routed STARLINK-11403 [DTC] -> STARLINK-34777 | E_NET=0.000009 J | Remaining=119999.94 J
[75.061] Task 164 enqueued on CPU STARLINK-34777 qlen_enqueue=1
---> Task 165 (Type: CPU_Intensive) arriva in 75.09
--- [75.09] Task 165 using SearchNode Policy: v1_heuristic ---
[165] Filtro euristico: DTS-TMAX
[75.09] [Task 165] Routed STARLINK-11403 [DTC] -> STARLINK-6155 | E_NET=0.000021 J | Remaining=119999.94 J
[75.096] Task 165 enqueued on CPU STARLINK-6155 qlen_enqueue=1
---> Task 166 (Type: CPU_Intensive) arriva in 75.20
--- [75.20] Task 166 using SearchNode Policy: v1_heuristic ---
[166] Filtro euristico: DTS-TMAX
[75.20] [Task 166] Routed STARLINK-11403 [DTC] -> STARLINK-31220 | E_NET=0.000027 J | Remaining=119999.94 J
[75.201] Task 166 enqueued on CPU STARLINK-31220 qlen_enqueue=1
[Task 166] Task eseguito su STARLINK-31220 68.25649837888925 degrees | CPU=531.1897J, NET=0.0000J, TOTAL=531.1897J, Remaining=117977.94J
[75.719] Task 166 served on STARLINK-31220 qlen_enqueue_cpu=1 qlen_enqueue_net=None time_in_queue=0.000
[Task 165] Task eseguito su STARLINK-6155 42.302887952095524 degrees | CPU=678.7891J, NET=0.0000J, TOTAL=678.7891J, Remaining=118463.30J
[75.756] Task 165 served on STARLINK-6155 qlen_enqueue_cpu=1 qlen_enqueue_net=None time_in_queue=0.000
[MODE: BIDIRECTIONAL]
[166][GREEDY] CONSEGNATO! STARLINK-31220 -> OBS | Tramission-time: 2.1796095971941853e-11
[165][GREEDY] STARLINK-6155 -> STARLINK-11403 [DTC] | Tramission-time: 0.0019900624365140644
[165] Energy routing consumed by STARLINK-6155: 0.000000 J (remaining 118463.30)
[Task 164] Task eseguito su STARLINK-34777 41.953253475763994 degrees | CPU=834.6999J, NET=0.0000J, TOTAL=834.6999J, Remaining=118457.56J
[75.871] Task 164 served on STARLINK-34777 qlen_enqueue_cpu=1 qlen_enqueue_net=None time_in_queue=0.000
[MODE: BIDIRECTIONAL]
[165][GREEDY] CONSEGNATO! STARLINK-11403 [DTC] -> OBS | Tramission-time: 2.0837176616941655e-11
[164][GREEDY] STARLINK-34777 -> STARLINK-11403 [DTC] | Tramission-time: 0.00185901452335448
[164] Energy routing consumed by STARLINK-34777: 0.000000 J (remaining 118457.56)
----------------------------------------------------------------------
	||TIME IN SIMULATION : (seconds:76) (minutes: 1) ||

MODIFICA CONFIGURAZIONE IN CORSO...

Aggiornato il Tempo Globale:  2025-11-20 20:56:30
[MODE: BIDIRECTIONAL]
[164][GREEDY] CONSEGNATO! STARLINK-11403 [DTC] -> OBS | Tramission-time: 6.647084481466242e-12
---> Task 167 (Type: Generic_Service) arriva in 76.34
--- [76.34] Task 167 using SearchNode Policy: v1_heuristic ---
[167] Filtro euristico: DTS-TMAX
[76.34] [Task 167] Routed STARLINK-11403 [DTC] -> STARLINK-35136 | E_NET=0.000017 J | Remaining=119999.94 J
[76.345] Task 167 enqueued on CPU STARLINK-35136 qlen_enqueue=1
[Task 167] Task eseguito su STARLINK-35136 60.63306158105217 degrees | CPU=16.5583J, NET=0.0000J, TOTAL=16.5583J, Remaining=118488.22J
[76.362] Task 167 served on STARLINK-35136 qlen_enqueue_cpu=1 qlen_enqueue_net=None time_in_queue=0.000
[167][GREEDY] STARLINK-35136 -> STARLINK-11403 [DTC] | Tramission-time: 0.0012799804679393088
[167] Energy routing consumed by STARLINK-35136: 0.000000 J (remaining 118488.22)
---> Task 168 (Type: Generic_Service) arriva in 76.43
--- [76.43] Task 168 using SearchNode Policy: v1_heuristic ---
[168] Filtro euristico: DTS-TMAX
[76.43] [Task 168] Routed STARLINK-11403 [DTC] -> STARLINK-32654 | E_NET=0.000014 J | Remaining=119999.94 J
[76.429] Task 168 enqueued on CPU STARLINK-32654 qlen_enqueue=1
[Task 168] Task eseguito su STARLINK-32654 57.119112900753564 degrees | CPU=46.5899J, NET=0.0000J, TOTAL=46.5899J, Remaining=118457.13J
[76.475] Task 168 served on STARLINK-32654 qlen_enqueue_cpu=1 qlen_enqueue_net=None time_in_queue=0.000
[MODE: BIDIRECTIONAL]
[167][GREEDY] CONSEGNATO! STARLINK-11403 [DTC] -> OBS | Tramission-time: 2.1028192502669035e-11
[MODE: BIDIRECTIONAL]
[168][GREEDY] CONSEGNATO! STARLINK-32654 -> OBS | Tramission-time: 1.3746206564779204e-11
---> Task 169 (Type: Generic_Service) arriva in 76.53
--- [76.53] Task 169 using SearchNode Policy: v1_heuristic ---
[169] Filtro euristico: DTS-TMAX
[76.53] [Task 169] Routed STARLINK-11403 [DTC] -> STARLINK-31866 | E_NET=0.000011 J | Remaining=119999.94 J
[76.529] Task 169 enqueued on CPU STARLINK-31866 qlen_enqueue=1
[Task 169] Task eseguito su STARLINK-31866 62.23693221103477 degrees | CPU=68.3560J, NET=0.0000J, TOTAL=68.3560J, Remaining=118424.79J
[76.596] Task 169 served on STARLINK-31866 qlen_enqueue_cpu=1 qlen_enqueue_net=None time_in_queue=0.000
[169][GREEDY] STARLINK-31866 -> STARLINK-11403 [DTC] | Tramission-time: 0.0010811480045464924
[169] Energy routing consumed by STARLINK-31866: 0.000000 J (remaining 118424.79)
[MODE: BIDIRECTIONAL]
[169][GREEDY] CONSEGNATO! STARLINK-11403 [DTC] -> OBS | Tramission-time: 1.2136633638706215e-11
---> Task 170 (Type: CPU_and_Data_Intensive) arriva in 76.83
--- [76.83] Task 170 using SearchNode Policy: v1_heuristic ---
[170] Filtro euristico: DTS-TMAX
[76.83] [Task 170] Routed STARLINK-11403 [DTC] -> STARLINK-35136 | E_NET=0.002433 J | Remaining=119999.94 J
[76.835] Task 170 enqueued on CPU STARLINK-35136 qlen_enqueue=1
---> Task 171 (Type: CPU_Intensive) arriva in 76.99
--- [76.99] Task 171 using SearchNode Policy: v1_heuristic ---
[171] Filtro euristico: DTS-TMAX
[76.99] [Task 171] Routed STARLINK-11403 [DTC] -> STARLINK-6192 | E_NET=0.000017 J | Remaining=119999.94 J
[76.990] Task 171 enqueued on CPU STARLINK-6192 qlen_enqueue=1
[Task 171] Task eseguito su STARLINK-6192 54.2853987985501 degrees | CPU=334.8593J, NET=0.0000J, TOTAL=334.8593J, Remaining=118144.00J
[77.317] Task 171 served on STARLINK-6192 qlen_enqueue_cpu=1 qlen_enqueue_net=None time_in_queue=0.000
[171][GREEDY] STARLINK-6192 -> STARLINK-11403 [DTC] | Tramission-time: 0.001628219257700109
[171] Energy routing consumed by STARLINK-6192: 0.000000 J (remaining 118144.00)
[MODE: BIDIRECTIONAL]
[171][GREEDY] CONSEGNATO! STARLINK-11403 [DTC] -> OBS | Tramission-time: 1.919377748241431e-11
----------------------------------------------------------------------
	||TIME IN SIMULATION : (seconds:78) (minutes: 1) ||

MODIFICA CONFIGURAZIONE IN CORSO...

Aggiornato il Tempo Globale:  2025-11-20 20:56:32
---> Task 172 (Type: CPU_and_Data_Intensive) arriva in 78.10
--- [78.10] Task 172 using SearchNode Policy: v1_heuristic ---
[172] Filtro euristico: DTS-TMAX
[78.10] [Task 172] Routed STARLINK-11403 [DTC] -> STARLINK-35269 | E_NET=0.000813 J | Remaining=119999.94 J
[78.104] Task 172 enqueued on CPU STARLINK-35269 qlen_enqueue=1
---> Task 173 (Type: CPU_Intensive) arriva in 78.33
--- [78.33] Task 173 using SearchNode Policy: v1_heuristic ---
[173] Filtro euristico: DTS-TMAX
[78.33] [Task 173] Routed STARLINK-11403 [DTC] -> STARLINK-6246 | E_NET=0.000012 J | Remaining=119999.94 J
[78.328] Task 173 enqueued on CPU STARLINK-6246 qlen_enqueue=1
[Task 173] Task eseguito su STARLINK-6246 54.32340340956575 degrees | CPU=84.5420J, NET=0.0000J, TOTAL=84.5420J, Remaining=118393.42J
[78.411] Task 173 served on STARLINK-6246 qlen_enqueue_cpu=1 qlen_enqueue_net=None time_in_queue=0.000
[173][GREEDY] STARLINK-6246 -> STARLINK-11403 [DTC] | Tramission-time: 0.0016275932096130043
[173] Energy routing consumed by STARLINK-6246: 0.000000 J (remaining 118393.42)
[MODE: BIDIRECTIONAL]
[173][GREEDY] CONSEGNATO! STARLINK-11403 [DTC] -> OBS | Tramission-time: 1.1266717856632283e-11
[78.507] Task 172 enqueued on NET STARLINK-35269 qlen_enqueue_net=1
[Task 172] Task eseguito su STARLINK-35269 40.07062914639512 degrees | CPU=415.2644J, NET=0.0010J, TOTAL=415.2654J, Remaining=119584.73J
[78.508] Task 172 served on STARLINK-35269 qlen_enqueue_cpu=1 qlen_enqueue_net=1 time_in_queue=0.000
[78.516] Task 170 enqueued on NET STARLINK-35136 qlen_enqueue_net=1
[172][GREEDY] STARLINK-35269 -> STARLINK-11403 [DTC] | Tramission-time: 0.0017566430504371248
[172] Energy routing consumed by STARLINK-35269: 0.000000 J (remaining 119584.73)
[Task 170] Task eseguito su STARLINK-35136 61.80679525588916 degrees | CPU=1733.0957J, NET=0.0035J, TOTAL=1733.0992J, Remaining=116755.12J
[78.520] Task 170 served on STARLINK-35136 qlen_enqueue_cpu=1 qlen_enqueue_net=1 time_in_queue=0.000
---> Task 174 (Type: Generic_Service) arriva in 78.53
--- [78.53] Task 174 using SearchNode Policy: v1_heuristic ---
[174] Filtro euristico: DTS-TMAX
[Task 174] Nessun server rimasto dopo i filtri (deadline/sunset).
[Task 174] REJECTED on STARLINK-11403 [DTC] due to: No suitable server found after deadline/sunset filters
[MODE: BIDIRECTIONAL]
[172][GREEDY] CONSEGNATO! STARLINK-11403 [DTC] -> OBS | Tramission-time: 7.432668346344371e-10
[170][GREEDY] STARLINK-35136 -> STARLINK-11403 [DTC] | Tramission-time: 0.001245057915521497
[170] Energy routing consumed by STARLINK-35136: 0.000000 J (remaining 116755.12)
[MODE: BIDIRECTIONAL]
[170][GREEDY] CONSEGNATO! STARLINK-11403 [DTC] -> OBS | Tramission-time: 2.607456222747769e-09
---> Task 175 (Type: CPU_and_Data_Intensive) arriva in 78.86
--- [78.86] Task 175 using SearchNode Policy: v1_heuristic ---
[175] Filtro euristico: DTS-TMAX
[Task 175] Nessun server rimasto dopo i filtri (deadline/sunset).
[Task 175] REJECTED on STARLINK-11403 [DTC] due to: No suitable server found after deadline/sunset filters
---> Task 176 (Type: CPU_and_Data_Intensive) arriva in 79.22
--- [79.22] Task 176 using SearchNode Policy: v1_heuristic ---
[176] Filtro euristico: DTS-TMAX
[79.22] [Task 176] Routed STARLINK-11403 [DTC] -> STARLINK-35269 | E_NET=0.000095 J | Remaining=119999.94 J
[79.227] Task 176 enqueued on CPU STARLINK-35269 qlen_enqueue=1
[79.507] Task 176 enqueued on NET STARLINK-35269 qlen_enqueue_net=1
[Task 176] Task eseguito su STARLINK-35269 40.07062914639512 degrees | CPU=289.1271J, NET=0.0001J, TOTAL=289.1273J, Remaining=119295.61J
[79.507] Task 176 served on STARLINK-35269 qlen_enqueue_cpu=1 qlen_enqueue_net=1 time_in_queue=0.000
[176][GREEDY] STARLINK-35269 -> STARLINK-11403 [DTC] | Tramission-time: 0.0017566424567950207
[176] Energy routing consumed by STARLINK-35269: 0.000000 J (remaining 119295.61)
[MODE: BIDIRECTIONAL]
[176][GREEDY] CONSEGNATO! STARLINK-11403 [DTC] -> OBS | Tramission-time: 1.0433926620982125e-10
---> Task 177 (Type: CPU_and_Data_Intensive) arriva in 79.94
--- [79.94] Task 177 using SearchNode Policy: v1_heuristic ---
[177] Filtro euristico: DTS-TMAX
[79.94] [Task 177] Routed STARLINK-11403 [DTC] -> STARLINK-35269 | E_NET=0.000481 J | Remaining=119999.94 J
[79.946] Task 177 enqueued on CPU STARLINK-35269 qlen_enqueue=1
----------------------------------------------------------------------
	||TIME IN SIMULATION : (seconds:80) (minutes: 1) ||

MODIFICA CONFIGURAZIONE IN CORSO...

Aggiornato il Tempo Globale:  2025-11-20 20:56:34
[80.153] Task 177 enqueued on NET STARLINK-35269 qlen_enqueue_net=1
[Task 177] Task eseguito su STARLINK-35269 40.746540677706896 degrees | CPU=213.5841J, NET=0.0006J, TOTAL=213.5847J, Remaining=119082.02J
[80.153] Task 177 served on STARLINK-35269 qlen_enqueue_cpu=1 qlen_enqueue_net=1 time_in_queue=0.000
[177][GREEDY] STARLINK-35269 -> STARLINK-11403 [DTC] | Tramission-time: 0.00174700512516276
[177] Energy routing consumed by STARLINK-35269: 0.000000 J (remaining 119082.02)
[MODE: BIDIRECTIONAL]
[177][GREEDY] CONSEGNATO! STARLINK-11403 [DTC] -> OBS | Tramission-time: 4.0802527184446667e-10
---> Task 178 (Type: CPU_and_Data_Intensive) arriva in 81.60
--- [81.60] Task 178 using SearchNode Policy: v1_heuristic ---
[178] Filtro euristico: DTS-TMAX
[81.60] [Task 178] Routed STARLINK-11403 [DTC] -> STARLINK-1826 | E_NET=0.005636 J | Remaining=119999.93 J
[81.607] Task 178 enqueued on CPU STARLINK-1826 qlen_enqueue=1
----------------------------------------------------------------------
	||TIME IN SIMULATION : (seconds:82) (minutes: 1) ||

MODIFICA CONFIGURAZIONE IN CORSO...

Aggiornato il Tempo Globale:  2025-11-20 20:56:36
[82.344] Task 178 enqueued on NET STARLINK-1826 qlen_enqueue_net=1
[Task 178] Task eseguito su STARLINK-1826 41.59014164580556 degrees | CPU=759.8642J, NET=0.0058J, TOTAL=759.8700J, Remaining=119240.13J
[82.350] Task 178 served on STARLINK-1826 qlen_enqueue_cpu=1 qlen_enqueue_net=1 time_in_queue=0.000
[178][GREEDY] STARLINK-1826 -> STARLINK-11403 [DTC] | Tramission-time: 0.0016837255403943886
[178] Energy routing consumed by STARLINK-1826: 0.000000 J (remaining 119240.13)
[MODE: BIDIRECTIONAL]
[178][GREEDY] CONSEGNATO! STARLINK-11403 [DTC] -> OBS | Tramission-time: 5.245605109983642e-09
---> Task 179 (Type: CPU_Intensive) arriva in 83.23
--- [83.23] Task 179 using SearchNode Policy: v1_heuristic ---
[179] Filtro euristico: DTS-TMAX
[83.23] [Task 179] Routed STARLINK-11403 [DTC] -> STARLINK-1826 | E_NET=0.000009 J | Remaining=119999.93 J
[83.229] Task 179 enqueued on CPU STARLINK-1826 qlen_enqueue=1
[Task 179] Task eseguito su STARLINK-1826 41.59014164580556 degrees | CPU=48.2828J, NET=0.0000J, TOTAL=48.2828J, Remaining=119191.85J
[83.277] Task 179 served on STARLINK-1826 qlen_enqueue_cpu=1 qlen_enqueue_net=None time_in_queue=0.000
[179][GREEDY] STARLINK-1826 -> STARLINK-11403 [DTC] | Tramission-time: 0.0016837207943124282
[179] Energy routing consumed by STARLINK-1826: 0.000000 J (remaining 119191.85)
[MODE: BIDIRECTIONAL]
[179][GREEDY] CONSEGNATO! STARLINK-11403 [DTC] -> OBS | Tramission-time: 8.620834797017058e-12
---> Task 180 (Type: Generic_Service) arriva in 83.43
--- [83.43] Task 180 using SearchNode Policy: v1_heuristic ---
[180] Filtro euristico: DTS-TMAX
[83.43] [Task 180] Routed STARLINK-11403 [DTC] -> STARLINK-1826 | E_NET=0.000028 J | Remaining=119999.93 J
[83.431] Task 180 enqueued on CPU STARLINK-1826 qlen_enqueue=1
[Task 180] Task eseguito su STARLINK-1826 41.59014164580556 degrees | CPU=35.4270J, NET=0.0000J, TOTAL=35.4270J, Remaining=119156.42J
[83.468] Task 180 served on STARLINK-1826 qlen_enqueue_cpu=1 qlen_enqueue_net=None time_in_queue=0.000
[180][GREEDY] STARLINK-1826 -> STARLINK-11403 [DTC] | Tramission-time: 0.0016837208141492108
[180] Energy routing consumed by STARLINK-1826: 0.000000 J (remaining 119156.42)
[MODE: BIDIRECTIONAL]
[180][GREEDY] CONSEGNATO! STARLINK-11403 [DTC] -> OBS | Tramission-time: 2.5783844273257396e-11
----------------------------------------------------------------------
	||TIME IN SIMULATION : (seconds:84) (minutes: 1) ||

MODIFICA CONFIGURAZIONE IN CORSO...

Aggiornato il Tempo Globale:  2025-11-20 20:56:38
---> Task 181 (Type: CPU_Intensive) arriva in 84.24
--- [84.24] Task 181 using SearchNode Policy: v1_heuristic ---
[181] Filtro euristico: DTS-TMAX
[84.24] [Task 181] Routed STARLINK-32654 -> STARLINK-11403 [DTC] | E_NET=0.000032 J | Remaining=118457.13 J
[84.237] Task 181 enqueued on CPU STARLINK-11403 [DTC] qlen_enqueue=1
[Task 181] Task eseguito su STARLINK-11403 [DTC] 83.78922799747808 degrees | CPU=71.5692J, NET=0.0000J, TOTAL=71.5692J, Remaining=119928.36J
[84.308] Task 181 served on STARLINK-11403 [DTC] qlen_enqueue_cpu=1 qlen_enqueue_net=None time_in_queue=0.000
[181][GREEDY] STARLINK-11403 [DTC] -> STARLINK-31220 | Tramission-time: 0.0005712114180362634
[181] Energy routing consumed by STARLINK-11403 [DTC]: 0.000000 J (remaining 119928.36)
[MODE: BIDIRECTIONAL]
[181][GREEDY] CONSEGNATO! STARLINK-31220 -> OBS | Tramission-time: 2.890799903910334e-11
---> Task 182 (Type: CPU_Intensive) arriva in 84.86
--- [84.86] Task 182 using SearchNode Policy: v1_heuristic ---
[182] Filtro euristico: DTS-TMAX
[84.86] [Task 182] Routed STARLINK-32654 -> STARLINK-11403 [DTC] | E_NET=0.000008 J | Remaining=118457.13 J
[84.858] Task 182 enqueued on CPU STARLINK-11403 [DTC] qlen_enqueue=1
---> Task 183 (Type: Generic_Service) arriva in 84.86
--- [84.86] Task 183 using SearchNode Policy: v1_heuristic ---
[183] Filtro euristico: DTS-TMAX
[84.86] [Task 183] Routed STARLINK-32654 -> STARLINK-1826 | E_NET=0.000016 J | Remaining=118457.13 J
[84.861] Task 183 enqueued on CPU STARLINK-1826 qlen_enqueue=1
[Task 183] Task eseguito su STARLINK-1826 42.404060884525954 degrees | CPU=19.9066J, NET=0.0000J, TOTAL=19.9066J, Remaining=119136.51J
[84.881] Task 183 served on STARLINK-1826 qlen_enqueue_cpu=1 qlen_enqueue_net=None time_in_queue=0.000
[183][GREEDY] STARLINK-1826 -> STARLINK-31220 | Tramission-time: 0.0013155029062829257
[183] Energy routing consumed by STARLINK-1826: 0.000000 J (remaining 119136.51)
[Task 182] Task eseguito su STARLINK-11403 [DTC] 83.78922799747808 degrees | CPU=108.3922J, NET=0.0000J, TOTAL=108.3922J, Remaining=119819.97J
[84.964] Task 182 served on STARLINK-11403 [DTC] qlen_enqueue_cpu=1 qlen_enqueue_net=None time_in_queue=0.000
[182][GREEDY] STARLINK-11403 [DTC] -> STARLINK-31220 | Tramission-time: 0.0005712113977425151
[182] Energy routing consumed by STARLINK-11403 [DTC]: 0.000000 J (remaining 119819.97)
[MODE: BIDIRECTIONAL]
[183][GREEDY] CONSEGNATO! STARLINK-31220 -> OBS | Tramission-time: 1.4403392590004019e-11
---> Task 184 (Type: Generic_Service) arriva in 85.07
--- [85.07] Task 184 using SearchNode Policy: v1_heuristic ---
[184] Filtro euristico: DTS-TMAX
[85.07] [Task 184] Routed STARLINK-32654 -> STARLINK-4525 | E_NET=0.000010 J | Remaining=118457.13 J
[85.066] Task 184 enqueued on CPU STARLINK-4525 qlen_enqueue=1
[Task 184] Task eseguito su STARLINK-4525 66.94215951521683 degrees | CPU=9.3626J, NET=0.0000J, TOTAL=9.3626J, Remaining=118325.15J
[85.076] Task 184 served on STARLINK-4525 qlen_enqueue_cpu=1 qlen_enqueue_net=None time_in_queue=0.000
[MODE: BIDIRECTIONAL]
[182][GREEDY] CONSEGNATO! STARLINK-31220 -> OBS | Tramission-time: 6.304316027044387e-12
[MODE: BIDIRECTIONAL]
[184][GREEDY] CONSEGNATO! STARLINK-4525 -> OBS | Tramission-time: 8.821550284663743e-12
---> Task 185 (Type: CPU_Intensive) arriva in 85.31
--- [85.31] Task 185 using SearchNode Policy: v1_heuristic ---
[185] Filtro euristico: DTS-TMAX
[85.31] [Task 185] Routed STARLINK-32654 -> STARLINK-11403 [DTC] | E_NET=0.000026 J | Remaining=118457.13 J
[85.310] Task 185 enqueued on CPU STARLINK-11403 [DTC] qlen_enqueue=1
---> Task 186 (Type: CPU_Intensive) arriva in 85.34
--- [85.34] Task 186 using SearchNode Policy: v1_heuristic ---
[186] Filtro euristico: DTS-TMAX
[85.34] [Task 186] Routed STARLINK-32654 -> STARLINK-1826 | E_NET=0.000011 J | Remaining=118457.13 J
[85.339] Task 186 enqueued on CPU STARLINK-1826 qlen_enqueue=1
---> Task 187 (Type: CPU_Intensive) arriva in 85.43
--- [85.43] Task 187 using SearchNode Policy: v1_heuristic ---
[187] Filtro euristico: DTS-TMAX
[85.43] [Task 187] Routed STARLINK-32654 -> STARLINK-35269 | E_NET=0.000023 J | Remaining=118457.13 J
[85.430] Task 187 enqueued on CPU STARLINK-35269 qlen_enqueue=1
[Task 185] Task eseguito su STARLINK-11403 [DTC] 83.78922799747808 degrees | CPU=372.6304J, NET=0.0000J, TOTAL=372.6304J, Remaining=119447.34J
[85.673] Task 185 served on STARLINK-11403 [DTC] qlen_enqueue_cpu=1 qlen_enqueue_net=None time_in_queue=0.000
---> Task 188 (Type: CPU_Intensive) arriva in 85.70
--- [85.70] Task 188 using SearchNode Policy: v1_heuristic ---
[188] Filtro euristico: DTS-TMAX
[85.70] [Task 188] Routed STARLINK-32654 -> STARLINK-11403 [DTC] | E_NET=0.000029 J | Remaining=118457.13 J
[85.706] Task 188 enqueued on CPU STARLINK-11403 [DTC] qlen_enqueue=1
[185][GREEDY] STARLINK-11403 [DTC] -> STARLINK-31220 | Tramission-time: 0.0005712114115216168
[185] Energy routing consumed by STARLINK-11403 [DTC]: 0.000000 J (remaining 119447.34)
[MODE: BIDIRECTIONAL]
[185][GREEDY] CONSEGNATO! STARLINK-31220 -> OBS | Tramission-time: 2.042581279786922e-11
[Task 186] Task eseguito su STARLINK-1826 42.404060884525954 degrees | CPU=535.4166J, NET=0.0000J, TOTAL=535.4166J, Remaining=118601.10J
[85.859] Task 186 served on STARLINK-1826 qlen_enqueue_cpu=1 qlen_enqueue_net=None time_in_queue=0.000
[186][GREEDY] STARLINK-1826 -> STARLINK-31220 | Tramission-time: 0.001315502900102016
[186] Energy routing consumed by STARLINK-1826: 0.000000 J (remaining 118601.10)
[Task 187] Task eseguito su STARLINK-35269 42.09985902655577 degrees | CPU=531.0762J, NET=0.0000J, TOTAL=531.0762J, Remaining=118550.95J
[85.947] Task 187 served on STARLINK-35269 qlen_enqueue_cpu=1 qlen_enqueue_net=None time_in_queue=0.000
----------------------------------------------------------------------
	||TIME IN SIMULATION : (seconds:86) (minutes: 1) ||

MODIFICA CONFIGURAZIONE IN CORSO...

Aggiornato il Tempo Globale:  2025-11-20 20:56:40
[MODE: BIDIRECTIONAL]
[186][GREEDY] CONSEGNATO! STARLINK-31220 -> OBS | Tramission-time: 8.43888348070762e-12
[187][GREEDY] STARLINK-35269 -> STARLINK-31220 | Tramission-time: 0.0015495818614371117
[187] Energy routing consumed by STARLINK-35269: 0.000000 J (remaining 118550.95)
---> Task 189 (Type: CPU_Intensive) arriva in 86.06
--- [86.06] Task 189 using SearchNode Policy: v1_heuristic ---
[189] Filtro euristico: DTS-TMAX
[86.06] [Task 189] Routed STARLINK-32654 -> STARLINK-31585 | E_NET=0.000020 J | Remaining=118457.13 J
[86.064] Task 189 enqueued on CPU STARLINK-31585 qlen_enqueue=1
[MODE: BIDIRECTIONAL]
[187][GREEDY] CONSEGNATO! STARLINK-31220 -> OBS | Tramission-time: 1.8394116160947206e-11
[Task 189] Task eseguito su STARLINK-31585 40.09218490661066 degrees | CPU=373.2940J, NET=0.0000J, TOTAL=373.2940J, Remaining=119626.71J
[86.427] Task 189 served on STARLINK-31585 qlen_enqueue_cpu=1 qlen_enqueue_net=None time_in_queue=0.000
[189][GREEDY] STARLINK-31585 -> STARLINK-31220 | Tramission-time: 0.0014876071151053447
[189] Energy routing consumed by STARLINK-31585: 0.000000 J (remaining 119626.71)
[MODE: BIDIRECTIONAL]
[189][GREEDY] CONSEGNATO! STARLINK-31220 -> OBS | Tramission-time: 1.7069977599183963e-11
---> Task 190 (Type: CPU_Intensive) arriva in 86.74
--- [86.74] Task 190 using SearchNode Policy: v1_heuristic ---
[190] Filtro euristico: DTS-TMAX
[86.74] [Task 190] Routed STARLINK-32654 -> STARLINK-5939 | E_NET=0.000031 J | Remaining=118457.13 J
[86.741] Task 190 enqueued on CPU STARLINK-5939 qlen_enqueue=1
---> Task 191 (Type: Generic_Service) arriva in 86.75
--- [86.75] Task 191 using SearchNode Policy: v1_heuristic ---
[191] Filtro euristico: DTS-TMAX
[86.75] [Task 191] Routed STARLINK-32654 -> STARLINK-31585 | E_NET=0.000019 J | Remaining=118457.13 J
[86.754] Task 191 enqueued on CPU STARLINK-31585 qlen_enqueue=1
[Task 191] Task eseguito su STARLINK-31585 40.09218490661066 degrees | CPU=45.9468J, NET=0.0000J, TOTAL=45.9469J, Remaining=119580.76J
[86.800] Task 191 served on STARLINK-31585 qlen_enqueue_cpu=1 qlen_enqueue_net=None time_in_queue=0.000
[191][GREEDY] STARLINK-31585 -> STARLINK-31220 | Tramission-time: 0.0014876071211965144
[191] Energy routing consumed by STARLINK-31585: 0.000000 J (remaining 119580.76)
[MODE: BIDIRECTIONAL]
[191][GREEDY] CONSEGNATO! STARLINK-31220 -> OBS | Tramission-time: 1.7685147768220237e-11
---> Task 192 (Type: Generic_Service) arriva in 87.00
--- [87.00] Task 192 using SearchNode Policy: v1_heuristic ---
[192] Filtro euristico: DTS-TMAX
[87.00] [Task 192] Routed STARLINK-32654 -> STARLINK-31585 | E_NET=0.000018 J | Remaining=118457.13 J
[86.999] Task 192 enqueued on CPU STARLINK-31585 qlen_enqueue=1
[Task 192] Task eseguito su STARLINK-31585 40.09218490661066 degrees | CPU=66.1866J, NET=0.0000J, TOTAL=66.1866J, Remaining=119514.57J
[87.065] Task 192 served on STARLINK-31585 qlen_enqueue_cpu=1 qlen_enqueue_net=None time_in_queue=0.000
[192][GREEDY] STARLINK-31585 -> STARLINK-31220 | Tramission-time: 0.001487607117801428
[192] Energy routing consumed by STARLINK-31585: 0.000000 J (remaining 119514.57)
---> Task 193 (Type: CPU_Intensive) arriva in 87.16
--- [87.16] Task 193 using SearchNode Policy: v1_heuristic ---
[193] Filtro euristico: DTS-TMAX
[87.16] [Task 193] Routed STARLINK-32654 -> STARLINK-31585 | E_NET=0.000025 J | Remaining=118457.13 J
[87.161] Task 193 enqueued on CPU STARLINK-31585 qlen_enqueue=1
[Task 193] Task eseguito su STARLINK-31585 40.09218490661066 degrees | CPU=29.4836J, NET=0.0000J, TOTAL=29.4836J, Remaining=119485.09J
[87.192] Task 193 served on STARLINK-31585 qlen_enqueue_cpu=1 qlen_enqueue_net=None time_in_queue=0.000
[MODE: BIDIRECTIONAL]
[192][GREEDY] CONSEGNATO! STARLINK-31220 -> OBS | Tramission-time: 2.042151569772671e-11
[193][GREEDY] STARLINK-31585 -> STARLINK-31220 | Tramission-time: 0.0014876071281038645
[193] Energy routing consumed by STARLINK-31585: 0.000000 J (remaining 119485.09)
---> Task 194 (Type: CPU_and_Data_Intensive) arriva in 87.31
--- [87.31] Task 194 using SearchNode Policy: v1_heuristic ---
[194] Filtro euristico: DTS-TMAX
[87.31] [Task 194] Routed STARLINK-32654 -> STARLINK-31585 | E_NET=0.008834 J | Remaining=118457.12 J
[87.319] Task 194 enqueued on CPU STARLINK-31585 qlen_enqueue=1
[MODE: BIDIRECTIONAL]
[193][GREEDY] CONSEGNATO! STARLINK-31220 -> OBS | Tramission-time: 2.3664531298664152e-11
[Task 188] Task eseguito su STARLINK-11403 [DTC] 82.95150463563904 degrees | CPU=1923.7692J, NET=0.0000J, TOTAL=1923.7692J, Remaining=117523.57J
[87.574] Task 188 served on STARLINK-11403 [DTC] qlen_enqueue_cpu=1 qlen_enqueue_net=None time_in_queue=0.000
[188][GREEDY] STARLINK-11403 [DTC] -> STARLINK-31220 | Tramission-time: 0.000571477205940417
[188] Energy routing consumed by STARLINK-11403 [DTC]: 0.000000 J (remaining 117523.57)
[MODE: BIDIRECTIONAL]
[188][GREEDY] CONSEGNATO! STARLINK-31220 -> OBS | Tramission-time: 2.3188386222102433e-11
----------------------------------------------------------------------
	||TIME IN SIMULATION : (seconds:88) (minutes: 1) ||

MODIFICA CONFIGURAZIONE IN CORSO...

Aggiornato il Tempo Globale:  2025-11-20 20:56:42
[88.168] Task 194 enqueued on NET STARLINK-31585 qlen_enqueue_net=1
[Task 194] Task eseguito su STARLINK-31585 40.89586291885725 degrees | CPU=874.9096J, NET=0.0111J, TOTAL=874.9206J, Remaining=118610.17J
[88.179] Task 194 served on STARLINK-31585 qlen_enqueue_cpu=1 qlen_enqueue_net=1 time_in_queue=0.000
[Task 190] Task eseguito su STARLINK-5939 41.08388020579309 degrees | CPU=1503.0252J, NET=0.0000J, TOTAL=1503.0252J, Remaining=118496.97J
[88.202] Task 190 served on STARLINK-5939 qlen_enqueue_cpu=1 qlen_enqueue_net=None time_in_queue=0.000
[190][GREEDY] STARLINK-5939 -> STARLINK-31220 | Tramission-time: 0.0017716844990886202
[190] Energy routing consumed by STARLINK-5939: 0.000000 J (remaining 118496.97)
[194][GREEDY] STARLINK-31585 -> STARLINK-31220 | Tramission-time: 0.0014881756475518004
[194] Energy routing consumed by STARLINK-31585: 0.000000 J (remaining 118610.17)
[MODE: BIDIRECTIONAL]
[190][GREEDY] CONSEGNATO! STARLINK-31220 -> OBS | Tramission-time: 3.4710350878980114e-11
[MODE: BIDIRECTIONAL]
[194][GREEDY] CONSEGNATO! STARLINK-31220 -> OBS | Tramission-time: 1.0455132595117056e-08
---> Task 195 (Type: Generic_Service) arriva in 88.65
--- [88.65] Task 195 using SearchNode Policy: v1_heuristic ---
[195] Filtro euristico: DTS-TMAX
[88.65] [Task 195] Routed STARLINK-32654 -> STARLINK-31585 | E_NET=0.000015 J | Remaining=118457.12 J
[88.655] Task 195 enqueued on CPU STARLINK-31585 qlen_enqueue=1
[Task 195] Task eseguito su STARLINK-31585 40.89586291885725 degrees | CPU=44.6451J, NET=0.0000J, TOTAL=44.6451J, Remaining=118565.52J
[88.700] Task 195 served on STARLINK-31585 qlen_enqueue_cpu=1 qlen_enqueue_net=None time_in_queue=0.000
[195][GREEDY] STARLINK-31585 -> STARLINK-31220 | Tramission-time: 0.0014881669153840012
[195] Energy routing consumed by STARLINK-31585: 0.000000 J (remaining 118565.52)
---> Task 196 (Type: Generic_Service) arriva in 88.77
--- [88.77] Task 196 using SearchNode Policy: v1_heuristic ---
[196] Filtro euristico: DTS-TMAX
[88.77] [Task 196] Routed STARLINK-32654 -> STARLINK-31585 | E_NET=0.000024 J | Remaining=118457.12 J
[88.772] Task 196 enqueued on CPU STARLINK-31585 qlen_enqueue=1
[Task 196] Task eseguito su STARLINK-31585 40.89586291885725 degrees | CPU=13.0344J, NET=0.0000J, TOTAL=13.0344J, Remaining=118552.49J
[88.787] Task 196 served on STARLINK-31585 qlen_enqueue_cpu=1 qlen_enqueue_net=None time_in_queue=0.000
[MODE: BIDIRECTIONAL]
[195][GREEDY] CONSEGNATO! STARLINK-31220 -> OBS | Tramission-time: 1.2356808423584726e-11
[196][GREEDY] STARLINK-31585 -> STARLINK-31220 | Tramission-time: 0.001488166923230703
[196] Energy routing consumed by STARLINK-31585: 0.000000 J (remaining 118552.49)
---> Task 197 (Type: CPU_Intensive) arriva in 88.85
--- [88.85] Task 197 using SearchNode Policy: v1_heuristic ---
[197] Filtro euristico: DTS-TMAX
[88.85] [Task 197] Routed STARLINK-32654 -> STARLINK-1826 | E_NET=0.000019 J | Remaining=118457.12 J
[88.847] Task 197 enqueued on CPU STARLINK-1826 qlen_enqueue=1
[MODE: BIDIRECTIONAL]
[196][GREEDY] CONSEGNATO! STARLINK-31220 -> OBS | Tramission-time: 1.8242778047048263e-11
[Task 197] Task eseguito su STARLINK-1826 44.07727755525763 degrees | CPU=146.7657J, NET=0.0000J, TOTAL=146.7658J, Remaining=118454.33J
[88.991] Task 197 served on STARLINK-1826 qlen_enqueue_cpu=1 qlen_enqueue_net=None time_in_queue=0.000
[197][GREEDY] STARLINK-1826 -> STARLINK-31220 | Tramission-time: 0.0013087684885055698
[197] Energy routing consumed by STARLINK-1826: 0.000000 J (remaining 118454.33)
---> Task 198 (Type: CPU_Intensive) arriva in 89.11
--- [89.11] Task 198 using SearchNode Policy: v1_heuristic ---
[198] Filtro euristico: DTS-TMAX
[89.11] [Task 198] Routed STARLINK-32654 -> STARLINK-31585 | E_NET=0.000029 J | Remaining=118457.12 J
[89.113] Task 198 enqueued on CPU STARLINK-31585 qlen_enqueue=1
[MODE: BIDIRECTIONAL]
[197][GREEDY] CONSEGNATO! STARLINK-31220 -> OBS | Tramission-time: 1.5403862028173988e-11
---> Task 199 (Type: CPU_and_Data_Intensive) arriva in 89.34
--- [89.34] Task 199 using SearchNode Policy: v1_heuristic ---
[199] Filtro euristico: DTS-TMAX
[89.34] [Task 199] Routed STARLINK-32654 -> STARLINK-35269 | E_NET=0.001196 J | Remaining=118457.12 J
[89.343] Task 199 enqueued on CPU STARLINK-35269 qlen_enqueue=1
---> Task 200 (Type: Generic_Service) arriva in 89.73
--- [89.73] Task 200 using SearchNode Policy: v1_heuristic ---
[200] Filtro euristico: DTS-TMAX
[89.73] [Task 200] Routed STARLINK-32654 -> STARLINK-5939 | E_NET=0.000016 J | Remaining=118457.12 J
[89.727] Task 200 enqueued on CPU STARLINK-5939 qlen_enqueue=1
[Task 200] Task eseguito su STARLINK-5939 41.08388020579309 degrees | CPU=147.2336J, NET=0.0000J, TOTAL=147.2336J, Remaining=118349.74J
[89.871] Task 200 served on STARLINK-5939 qlen_enqueue_cpu=1 qlen_enqueue_net=None time_in_queue=0.000
---> Task 201 (Type: CPU_Intensive) arriva in 89.87
--- [89.87] Task 201 using SearchNode Policy: v1_heuristic ---
[201] Filtro euristico: DTS-TMAX
[89.87] [Task 201] Routed STARLINK-32654 -> STARLINK-6155 | E_NET=0.000031 J | Remaining=118457.12 J
[89.875] Task 201 enqueued on CPU STARLINK-6155 qlen_enqueue=1
[200][GREEDY] STARLINK-5939 -> STARLINK-31220 | Tramission-time: 0.0017716844786148653
[200] Energy routing consumed by STARLINK-5939: 0.000000 J (remaining 118349.74)
----------------------------------------------------------------------
	||TIME IN SIMULATION : (seconds:90) (minutes: 1) ||

MODIFICA CONFIGURAZIONE IN CORSO...

Aggiornato il Tempo Globale:  2025-11-20 20:56:44
[MODE: BIDIRECTIONAL]
[200][GREEDY] CONSEGNATO! STARLINK-31220 -> OBS | Tramission-time: 1.4736805237523013e-11
[90.101] Task 199 enqueued on NET STARLINK-35269 qlen_enqueue_net=1
[Task 199] Task eseguito su STARLINK-35269 44.10794318004977 degrees | CPU=781.3754J, NET=0.0014J, TOTAL=781.3768J, Remaining=117769.57J
[90.103] Task 199 served on STARLINK-35269 qlen_enqueue_cpu=1 qlen_enqueue_net=1 time_in_queue=0.000
[199][GREEDY] STARLINK-35269 -> STARLINK-31220 | Tramission-time: 0.0014953349663751597
[199] Energy routing consumed by STARLINK-35269: 0.000000 J (remaining 117769.57)
[MODE: BIDIRECTIONAL]
[199][GREEDY] CONSEGNATO! STARLINK-31220 -> OBS | Tramission-time: 1.0769002150920308e-09
[Task 198] Task eseguito su STARLINK-31585 41.71971875448892 degrees | CPU=1396.9500J, NET=0.0000J, TOTAL=1396.9500J, Remaining=117155.54J
[90.470] Task 198 served on STARLINK-31585 qlen_enqueue_cpu=1 qlen_enqueue_net=None time_in_queue=0.000
[198][GREEDY] STARLINK-31585 -> STARLINK-31220 | Tramission-time: 0.0014887382326895667
[198] Energy routing consumed by STARLINK-31585: 0.000000 J (remaining 117155.54)
[MODE: BIDIRECTIONAL]
[198][GREEDY] CONSEGNATO! STARLINK-31220 -> OBS | Tramission-time: 2.470466218070605e-11
[Task 201] Task eseguito su STARLINK-6155 47.8154503174642 degrees | CPU=982.9738J, NET=0.0000J, TOTAL=982.9739J, Remaining=117480.33J
[90.831] Task 201 served on STARLINK-6155 qlen_enqueue_cpu=1 qlen_enqueue_net=None time_in_queue=0.000
[201][GREEDY] STARLINK-6155 -> STARLINK-31220 | Tramission-time: 0.0016696191976468238
[201] Energy routing consumed by STARLINK-6155: 0.000000 J (remaining 117480.33)
[MODE: BIDIRECTIONAL]
[201][GREEDY] CONSEGNATO! STARLINK-31220 -> OBS | Tramission-time: 3.552129324684199e-11
---> Task 202 (Type: CPU_Intensive) arriva in 91.00
--- [91.00] Task 202 using SearchNode Policy: v1_heuristic ---
[202] Filtro euristico: DTS-TMAX
[91.00] [Task 202] Routed STARLINK-32654 -> STARLINK-30971 | E_NET=0.000028 J | Remaining=118457.12 J
[90.998] Task 202 enqueued on CPU STARLINK-30971 qlen_enqueue=1
---> Task 203 (Type: CPU_Intensive) arriva in 91.33
--- [91.33] Task 203 using SearchNode Policy: v1_heuristic ---
[203] Filtro euristico: DTS-TMAX
[91.33] [Task 203] Routed STARLINK-32654 -> STARLINK-1826 | E_NET=0.000013 J | Remaining=118457.12 J
[91.331] Task 203 enqueued on CPU STARLINK-1826 qlen_enqueue=1
[Task 202] Task eseguito su STARLINK-30971 73.04959039624951 degrees | CPU=902.7022J, NET=0.0000J, TOTAL=902.7023J, Remaining=117556.78J
[91.876] Task 202 served on STARLINK-30971 qlen_enqueue_cpu=1 qlen_enqueue_net=None time_in_queue=0.000
[202][GREEDY] STARLINK-30971 -> STARLINK-31220 | Tramission-time: 0.0008553107880402797
[202] Energy routing consumed by STARLINK-30971: 0.000000 J (remaining 117556.78)
[MODE: BIDIRECTIONAL]
[202][GREEDY] CONSEGNATO! STARLINK-31220 -> OBS | Tramission-time: 2.2107788845000795e-11
----------------------------------------------------------------------
	||TIME IN SIMULATION : (seconds:92) (minutes: 1) ||

MODIFICA CONFIGURAZIONE IN CORSO...

Aggiornato il Tempo Globale:  2025-11-20 20:56:46
[Task 203] Task eseguito su STARLINK-1826 45.8080111601185 degrees | CPU=795.4524J, NET=0.0000J, TOTAL=795.4524J, Remaining=117658.88J
[92.104] Task 203 served on STARLINK-1826 qlen_enqueue_cpu=1 qlen_enqueue_net=None time_in_queue=0.000
---> Task 204 (Type: CPU_Intensive) arriva in 92.13
--- [92.13] Task 204 using SearchNode Policy: v1_heuristic ---
[204] Filtro euristico: DTS-TMAX
[92.13] [Task 204] Routed STARLINK-4525 -> STARLINK-34777 | E_NET=0.000028 J | Remaining=118325.15 J
[92.135] Task 204 enqueued on CPU STARLINK-34777 qlen_enqueue=1
[203][GREEDY] STARLINK-1826 -> STARLINK-31220 | Tramission-time: 0.0013064551665847631
[203] Energy routing consumed by STARLINK-1826: 0.000000 J (remaining 117658.88)
[MODE: BIDIRECTIONAL]
[203][GREEDY] CONSEGNATO! STARLINK-31220 -> OBS | Tramission-time: 1.4643029134246022e-11
---> Task 205 (Type: CPU_Intensive) arriva in 92.29
--- [92.29] Task 205 using SearchNode Policy: v1_heuristic ---
[205] Filtro euristico: DTS-TMAX
[92.29] [Task 205] Routed STARLINK-4525 -> STARLINK-32654 | E_NET=0.000033 J | Remaining=118325.15 J
[92.288] Task 205 enqueued on CPU STARLINK-32654 qlen_enqueue=1
[Task 204] Task eseguito su STARLINK-34777 46.16290291609604 degrees | CPU=160.2027J, NET=0.0000J, TOTAL=160.2027J, Remaining=118297.36J
[92.292] Task 204 served on STARLINK-34777 qlen_enqueue_cpu=1 qlen_enqueue_net=None time_in_queue=0.000
[204][GREEDY] STARLINK-34777 -> STARLINK-31220 | Tramission-time: 0.0016728728398971201
[204] Energy routing consumed by STARLINK-34777: 0.000000 J (remaining 118297.36)
[MODE: BIDIRECTIONAL]
[204][GREEDY] CONSEGNATO! STARLINK-31220 -> OBS | Tramission-time: 2.40989886800059e-11
[Task 205] Task eseguito su STARLINK-32654 58.965171282311466 degrees | CPU=457.6959J, NET=0.0000J, TOTAL=457.6959J, Remaining=117999.43J
[92.734] Task 205 served on STARLINK-32654 qlen_enqueue_cpu=1 qlen_enqueue_net=None time_in_queue=0.000
[205][GREEDY] STARLINK-32654 -> STARLINK-31220 | Tramission-time: 0.0007494270533098714
[205] Energy routing consumed by STARLINK-32654: 0.000000 J (remaining 117999.43)
[MODE: BIDIRECTIONAL]
[205][GREEDY] CONSEGNATO! STARLINK-31220 -> OBS | Tramission-time: 2.6917590540113204e-11
---> Task 206 (Type: CPU_Intensive) arriva in 92.89
--- [92.89] Task 206 using SearchNode Policy: v1_heuristic ---
[206] Filtro euristico: DTS-TMAX
[92.89] [Task 206] Routed STARLINK-4525 -> STARLINK-31283 | E_NET=0.000009 J | Remaining=118325.15 J
[92.892] Task 206 enqueued on CPU STARLINK-31283 qlen_enqueue=1
---> Task 207 (Type: CPU_and_Data_Intensive) arriva in 92.99
--- [92.99] Task 207 using SearchNode Policy: v1_heuristic ---
[207] Filtro euristico: DTS-TMAX
[92.99] [Task 207] Routed STARLINK-4525 -> STARLINK-31866 | E_NET=0.001139 J | Remaining=118325.15 J
[92.995] Task 207 enqueued on CPU STARLINK-31866 qlen_enqueue=1
---> Task 208 (Type: CPU_Intensive) arriva in 93.06
--- [93.06] Task 208 using SearchNode Policy: v1_heuristic ---
[208] Filtro euristico: DTS-TMAX
[93.06] [Task 208] Routed STARLINK-4525 -> STARLINK-6246 | E_NET=0.000008 J | Remaining=118325.15 J
[93.060] Task 208 enqueued on CPU STARLINK-6246 qlen_enqueue=1
[Task 206] Task eseguito su STARLINK-31283 46.07340735356364 degrees | CPU=192.5679J, NET=0.0000J, TOTAL=192.5679J, Remaining=118252.41J
[93.079] Task 206 served on STARLINK-31283 qlen_enqueue_cpu=1 qlen_enqueue_net=None time_in_queue=0.000
---> Task 209 (Type: CPU_and_Data_Intensive) arriva in 93.11
--- [93.11] Task 209 using SearchNode Policy: v1_heuristic ---
[209] Filtro euristico: DTS-TMAX
[Task 209] Nessun server rimasto dopo i filtri (deadline/sunset).
[Task 209] REJECTED on STARLINK-4525 due to: No suitable server found after deadline/sunset filters
[206][GREEDY] STARLINK-31283 -> STARLINK-31220 | Tramission-time: 0.0016807266076426359
[206] Energy routing consumed by STARLINK-31283: 0.000000 J (remaining 118252.41)
[MODE: BIDIRECTIONAL]
[206][GREEDY] CONSEGNATO! STARLINK-31220 -> OBS | Tramission-time: 1.0504060574137992e-11
[93.681] Task 207 enqueued on NET STARLINK-31866 qlen_enqueue_net=1
[Task 207] Task eseguito su STARLINK-31866 52.941443828573796 degrees | CPU=707.8743J, NET=0.0013J, TOTAL=707.8757J, Remaining=117716.91J
[93.683] Task 207 served on STARLINK-31866 qlen_enqueue_cpu=1 qlen_enqueue_net=1 time_in_queue=0.000
[207][GREEDY] STARLINK-31866 -> STARLINK-31220 | Tramission-time: 0.0013577479238048606
[207] Energy routing consumed by STARLINK-31866: 0.000000 J (remaining 117716.91)
[MODE: BIDIRECTIONAL]
[207][GREEDY] CONSEGNATO! STARLINK-31220 -> OBS | Tramission-time: 1.1493678518413165e-09
---> Task 210 (Type: CPU_and_Data_Intensive) arriva in 93.83
--- [93.83] Task 210 using SearchNode Policy: v1_heuristic ---
[210] Filtro euristico: DTS-TMAX
[93.83] [Task 210] Routed STARLINK-4525 -> STARLINK-34909 | E_NET=0.000237 J | Remaining=118325.15 J
[93.835] Task 210 enqueued on CPU STARLINK-34909 qlen_enqueue=1
---> Task 211 (Type: Generic_Service) arriva in 93.90
--- [93.90] Task 211 using SearchNode Policy: v1_heuristic ---
[211] Filtro euristico: DTS-TMAX
[93.90] [Task 211] Routed STARLINK-4525 -> STARLINK-3127 | E_NET=0.000015 J | Remaining=118325.15 J
[93.906] Task 211 enqueued on CPU STARLINK-3127 qlen_enqueue=1
[Task 211] Task eseguito su STARLINK-3127 47.69870537460305 degrees | CPU=47.8975J, NET=0.0000J, TOTAL=47.8975J, Remaining=118257.83J
[93.954] Task 211 served on STARLINK-3127 qlen_enqueue_cpu=1 qlen_enqueue_net=None time_in_queue=0.000
[211][GREEDY] STARLINK-3127 -> STARLINK-31220 | Tramission-time: 0.0017384562947616075
[211] Energy routing consumed by STARLINK-3127: 0.000000 J (remaining 118257.83)
[MODE: BIDIRECTIONAL]
[211][GREEDY] CONSEGNATO! STARLINK-31220 -> OBS | Tramission-time: 1.7120056266785323e-11
[Task 208] Task eseguito su STARLINK-6246 49.56524728209919 degrees | CPU=945.7508J, NET=0.0000J, TOTAL=945.7508J, Remaining=117447.67J
[93.978] Task 208 served on STARLINK-6246 qlen_enqueue_cpu=1 qlen_enqueue_net=None time_in_queue=0.000
----------------------------------------------------------------------
	||TIME IN SIMULATION : (seconds:94) (minutes: 1) ||

MODIFICA CONFIGURAZIONE IN CORSO...

Aggiornato il Tempo Globale:  2025-11-20 20:56:48
---> Task 212 (Type: Generic_Service) arriva in 94.06
--- [94.06] Task 212 using SearchNode Policy: v1_heuristic ---
[212] Filtro euristico: DTS-TMAX
[Task 212] Nessun server rimasto dopo i filtri (deadline/sunset).
[Task 212] REJECTED on STARLINK-4525 due to: No suitable server found after deadline/sunset filters
[208][GREEDY] STARLINK-6246 -> STARLINK-31220 | Tramission-time: 0.001767666580796191
[208] Energy routing consumed by STARLINK-6246: 0.000000 J (remaining 117447.67)
[MODE: BIDIRECTIONAL]
[208][GREEDY] CONSEGNATO! STARLINK-31220 -> OBS | Tramission-time: 6.983070275636026e-12
[94.092] Task 210 enqueued on NET STARLINK-34909 qlen_enqueue_net=1
[Task 210] Task eseguito su STARLINK-34909 47.01531960711172 degrees | CPU=264.9769J, NET=0.0003J, TOTAL=264.9771J, Remaining=118081.70J
[94.092] Task 210 served on STARLINK-34909 qlen_enqueue_cpu=1 qlen_enqueue_net=1 time_in_queue=0.000
[210][GREEDY] STARLINK-34909 -> STARLINK-31220 | Tramission-time: 0.001527322799565007
[210] Energy routing consumed by STARLINK-34909: 0.000000 J (remaining 118081.70)
[MODE: BIDIRECTIONAL]
[210][GREEDY] CONSEGNATO! STARLINK-31220 -> OBS | Tramission-time: 1.841654702261091e-10
---> Task 213 (Type: CPU_and_Data_Intensive) arriva in 94.49
--- [94.49] Task 213 using SearchNode Policy: v1_heuristic ---
[213] Filtro euristico: DTS-TMAX
[94.49] [Task 213] Routed STARLINK-4525 -> STARLINK-34011 | E_NET=0.001508 J | Remaining=118325.15 J
[94.498] Task 213 enqueued on CPU STARLINK-34011 qlen_enqueue=1
[94.656] Task 213 enqueued on NET STARLINK-34011 qlen_enqueue_net=1
[Task 213] Task eseguito su STARLINK-34011 40.66528085331756 degrees | CPU=161.8759J, NET=0.0018J, TOTAL=161.8777J, Remaining=118175.00J
[94.657] Task 213 served on STARLINK-34011 qlen_enqueue_cpu=1 qlen_enqueue_net=1 time_in_queue=0.000
[213][GREEDY] STARLINK-34011 -> STARLINK-31220 | Tramission-time: 0.0019844627336176156
[213] Energy routing consumed by STARLINK-34011: 0.000000 J (remaining 118175.00)
[MODE: BIDIRECTIONAL]
[213][GREEDY] CONSEGNATO! STARLINK-31220 -> OBS | Tramission-time: 1.5320476372713096e-09
----------------------------------------------------------------------
	||TIME IN SIMULATION : (seconds:96) (minutes: 1) ||

MODIFICA CONFIGURAZIONE IN CORSO...

Aggiornato il Tempo Globale:  2025-11-20 20:56:50
---> Task 214 (Type: CPU_Intensive) arriva in 96.16
--- [96.16] Task 214 using SearchNode Policy: v1_heuristic ---
[214] Filtro euristico: DTS-TMAX
[96.16] [Task 214] Routed STARLINK-4525 -> STARLINK-34777 | E_NET=0.000033 J | Remaining=118325.15 J
[96.165] Task 214 enqueued on CPU STARLINK-34777 qlen_enqueue=1
[Task 214] Task eseguito su STARLINK-34777 46.88024915457493 degrees | CPU=388.2075J, NET=0.0000J, TOTAL=388.2076J, Remaining=117909.15J
[96.544] Task 214 served on STARLINK-34777 qlen_enqueue_cpu=1 qlen_enqueue_net=None time_in_queue=0.000
[214][GREEDY] STARLINK-34777 -> STARLINK-31220 | Tramission-time: 0.001585541151573277
[214] Energy routing consumed by STARLINK-34777: 0.000000 J (remaining 117909.15)
[MODE: BIDIRECTIONAL]
[214][GREEDY] CONSEGNATO! STARLINK-31220 -> OBS | Tramission-time: 3.0613046071317547e-11
---> Task 215 (Type: CPU_Intensive) arriva in 96.90
--- [96.90] Task 215 using SearchNode Policy: v1_heuristic ---
[215] Filtro euristico: DTS-TMAX
[96.90] [Task 215] Routed STARLINK-4525 -> STARLINK-3127 | E_NET=0.000006 J | Remaining=118325.15 J
[96.901] Task 215 enqueued on CPU STARLINK-3127 qlen_enqueue=1
[Task 215] Task eseguito su STARLINK-3127 45.99726461820746 degrees | CPU=155.2155J, NET=0.0000J, TOTAL=155.2155J, Remaining=118102.62J
[97.052] Task 215 served on STARLINK-3127 qlen_enqueue_cpu=1 qlen_enqueue_net=None time_in_queue=0.000
[215][GREEDY] STARLINK-3127 -> STARLINK-31220 | Tramission-time: 0.0017398463770029056
[215] Energy routing consumed by STARLINK-3127: 0.000000 J (remaining 118102.62)
[MODE: BIDIRECTIONAL]
[215][GREEDY] CONSEGNATO! STARLINK-31220 -> OBS | Tramission-time: 7.092985365513709e-12
---> Task 216 (Type: CPU_and_Data_Intensive) arriva in 97.64
--- [97.64] Task 216 using SearchNode Policy: v1_heuristic ---
[216] Filtro euristico: DTS-TMAX
[97.64] [Task 216] Routed STARLINK-4525 -> STARLINK-31283 | E_NET=0.002551 J | Remaining=118325.14 J
[97.648] Task 216 enqueued on CPU STARLINK-31283 qlen_enqueue=1
---> Task 217 (Type: CPU_Intensive) arriva in 97.69
--- [97.69] Task 217 using SearchNode Policy: v1_heuristic ---
[217] Filtro euristico: DTS-TMAX
[97.69] [Task 217] Routed STARLINK-4525 -> STARLINK-34011 | E_NET=0.000010 J | Remaining=118325.14 J
[97.692] Task 217 enqueued on CPU STARLINK-34011 qlen_enqueue=1
---> Task 218 (Type: CPU_and_Data_Intensive) arriva in 97.69
--- [97.69] Task 218 using SearchNode Policy: v1_heuristic ---
[218] Filtro euristico: DTS-TMAX
[97.69] [Task 218] Routed STARLINK-4525 -> STARLINK-6192 | E_NET=0.004039 J | Remaining=118325.14 J
[97.699] Task 218 enqueued on CPU STARLINK-6192 qlen_enqueue=1
[97.853] Task 218 enqueued on NET STARLINK-6192 qlen_enqueue_net=1
[Task 218] Task eseguito su STARLINK-6192 45.0773032728 degrees | CPU=158.8698J, NET=0.0046J, TOTAL=158.8744J, Remaining=117985.12J
[97.857] Task 218 served on STARLINK-6192 qlen_enqueue_cpu=1 qlen_enqueue_net=1 time_in_queue=0.000
[218][GREEDY] STARLINK-6192 -> STARLINK-31220 | Tramission-time: 0.0018767411529987635
[218] Energy routing consumed by STARLINK-6192: 0.000000 J (remaining 117985.12)
[MODE: BIDIRECTIONAL]
[218][GREEDY] CONSEGNATO! STARLINK-31220 -> OBS | Tramission-time: 4.023608776102586e-09
[Task 217] Task eseguito su STARLINK-34011 40.42619131653049 degrees | CPU=243.9193J, NET=0.0000J, TOTAL=243.9193J, Remaining=117931.08J
[97.929] Task 217 served on STARLINK-34011 qlen_enqueue_cpu=1 qlen_enqueue_net=None time_in_queue=0.000
[217][GREEDY] STARLINK-34011 -> STARLINK-31220 | Tramission-time: 0.001960100034841906
[217] Energy routing consumed by STARLINK-34011: 0.000000 J (remaining 117931.08)
[97.994] Task 216 enqueued on NET STARLINK-31283 qlen_enqueue_net=1
[Task 216] Task eseguito su STARLINK-31283 44.184147611109665 degrees | CPU=356.4994J, NET=0.0033J, TOTAL=356.5026J, Remaining=117895.90J
[97.997] Task 216 served on STARLINK-31283 qlen_enqueue_cpu=1 qlen_enqueue_net=1 time_in_queue=0.000
----------------------------------------------------------------------
	||TIME IN SIMULATION : (seconds:98) (minutes: 1) ||

MODIFICA CONFIGURAZIONE IN CORSO...

Aggiornato il Tempo Globale:  2025-11-20 20:56:52
[216][GREEDY] STARLINK-31283 -> STARLINK-31220 | Tramission-time: 0.001685636920123187
[216] Energy routing consumed by STARLINK-31283: 0.000000 J (remaining 117895.90)
[MODE: BIDIRECTIONAL]
[217][GREEDY] CONSEGNATO! STARLINK-31220 -> OBS | Tramission-time: 9.200853700806518e-12
[MODE: BIDIRECTIONAL]
[216][GREEDY] CONSEGNATO! STARLINK-31220 -> OBS | Tramission-time: 2.716622083850401e-09
---> Task 219 (Type: Generic_Service) arriva in 99.78
--- [99.78] Task 219 using SearchNode Policy: v1_heuristic ---
[219] Filtro euristico: DTS-TMAX
[99.78] [Task 219] Routed STARLINK-4525 -> STARLINK-2160 | E_NET=0.000031 J | Remaining=118325.14 J
[99.786] Task 219 enqueued on CPU STARLINK-2160 qlen_enqueue=1
----------------------------------------------------------------------
	||TIME IN SIMULATION : (seconds:100) (minutes: 1) ||

MODIFICA CONFIGURAZIONE IN CORSO...

Aggiornato il Tempo Globale:  2025-11-20 20:56:54
[Task 219] Task eseguito su STARLINK-2160 55.48912586520676 degrees | CPU=310.5146J, NET=0.0000J, TOTAL=310.5147J, Remaining=117812.21J
[100.090] Task 219 served on STARLINK-2160 qlen_enqueue_cpu=1 qlen_enqueue_net=None time_in_queue=0.000
[219][GREEDY] STARLINK-2160 -> STARLINK-31220 | Tramission-time: 0.0012544141048701878
[219] Energy routing consumed by STARLINK-2160: 0.000000 J (remaining 117812.21)
[MODE: BIDIRECTIONAL]
[219][GREEDY] CONSEGNATO! STARLINK-31220 -> OBS | Tramission-time: 2.8902000821569478e-11
---> Task 220 (Type: Generic_Service) arriva in 100.38
--- [100.38] Task 220 using SearchNode Policy: v1_heuristic ---
[220] Filtro euristico: DTS-TMAX
[100.38] [Task 220] Routed STARLINK-6195 -> STARLINK-5939 | E_NET=0.000019 J | Remaining=118097.12 J
[100.385] Task 220 enqueued on CPU STARLINK-5939 qlen_enqueue=1
[Task 220] Task eseguito su STARLINK-5939 45.691980598762775 degrees | CPU=49.1347J, NET=0.0000J, TOTAL=49.1347J, Remaining=118300.61J
[100.434] Task 220 served on STARLINK-5939 qlen_enqueue_cpu=1 qlen_enqueue_net=None time_in_queue=0.000
[220][GREEDY] STARLINK-5939 -> STARLINK-31220 | Tramission-time: 0.0017813132133245523
[220] Energy routing consumed by STARLINK-5939: 0.000000 J (remaining 118300.61)
[MODE: BIDIRECTIONAL]
[220][GREEDY] CONSEGNATO! STARLINK-31220 -> OBS | Tramission-time: 1.7522048151493558e-11
---> Task 221 (Type: CPU_and_Data_Intensive) arriva in 101.84
--- [101.84] Task 221 using SearchNode Policy: v1_heuristic ---
[221] Filtro euristico: DTS-TMAX
[101.84] [Task 221] Routed STARLINK-6195 -> STARLINK-4525 | E_NET=0.000714 J | Remaining=118097.12 J
[101.846] Task 221 enqueued on CPU STARLINK-4525 qlen_enqueue=1
---> Task 222 (Type: Generic_Service) arriva in 101.96
--- [101.96] Task 222 using SearchNode Policy: v1_heuristic ---
[222] Filtro euristico: DTS-TMAX
[101.96] [Task 222] Routed STARLINK-6195 -> STARLINK-32654 | E_NET=0.000026 J | Remaining=118097.12 J
[101.962] Task 222 enqueued on CPU STARLINK-32654 qlen_enqueue=1
[Task 222] Task eseguito su STARLINK-32654 58.304323917912214 degrees | CPU=9.8504J, NET=0.0000J, TOTAL=9.8505J, Remaining=117989.58J
[101.974] Task 222 served on STARLINK-32654 qlen_enqueue_cpu=1 qlen_enqueue_net=None time_in_queue=0.000
[222][GREEDY] STARLINK-32654 -> STARLINK-31220 | Tramission-time: 0.0008942580647351424
[222] Energy routing consumed by STARLINK-32654: 0.000000 J (remaining 117989.58)
[MODE: BIDIRECTIONAL]
[222][GREEDY] CONSEGNATO! STARLINK-31220 -> OBS | Tramission-time: 2.5878816142838935e-11
----------------------------------------------------------------------
	||TIME IN SIMULATION : (seconds:102) (minutes: 1) ||

MODIFICA CONFIGURAZIONE IN CORSO...

Aggiornato il Tempo Globale:  2025-11-20 20:56:56
[102.311] Task 221 enqueued on NET STARLINK-4525 qlen_enqueue_net=1
[Task 221] Task eseguito su STARLINK-4525 68.9457646987946 degrees | CPU=478.9648J, NET=0.0009J, TOTAL=478.9657J, Remaining=117846.17J
[102.312] Task 221 served on STARLINK-4525 qlen_enqueue_cpu=1 qlen_enqueue_net=1 time_in_queue=0.000
[221][GREEDY] STARLINK-4525 -> STARLINK-35136 | Tramission-time: 0.0011638081765633498
[221] Energy routing consumed by STARLINK-4525: 0.000000 J (remaining 117846.17)
[MODE: BIDIRECTIONAL]
[221][GREEDY] CONSEGNATO! STARLINK-35136 -> OBS | Tramission-time: 6.83403922483528e-10
---> Task 223 (Type: CPU_Intensive) arriva in 102.98
--- [102.98] Task 223 using SearchNode Policy: v1_heuristic ---
[223] Filtro euristico: DTS-TMAX
[102.98] [Task 223] Routed STARLINK-6195 -> STARLINK-5939 | E_NET=0.000011 J | Remaining=118097.12 J
[102.978] Task 223 enqueued on CPU STARLINK-5939 qlen_enqueue=1
---> Task 224 (Type: CPU_and_Data_Intensive) arriva in 103.00
--- [103.00] Task 224 using SearchNode Policy: v1_heuristic ---
[224] Filtro euristico: DTS-TMAX
[103.00] [Task 224] Routed STARLINK-6195 -> STARLINK-3127 | E_NET=0.000744 J | Remaining=118097.12 J
[103.007] Task 224 enqueued on CPU STARLINK-3127 qlen_enqueue=1
[103.069] Task 224 enqueued on NET STARLINK-3127 qlen_enqueue_net=1
[Task 224] Task eseguito su STARLINK-3127 43.567033350425476 degrees | CPU=64.2322J, NET=0.0008J, TOTAL=64.2330J, Remaining=118038.39J
[103.070] Task 224 served on STARLINK-3127 qlen_enqueue_cpu=1 qlen_enqueue_net=1 time_in_queue=0.000
[224][GREEDY] STARLINK-3127 -> STARLINK-6195 | Tramission-time: 0.0018530707633465358
[224] Energy routing consumed by STARLINK-3127: 0.000000 J (remaining 118038.39)
[MODE: BIDIRECTIONAL]
[224][GREEDY] CONSEGNATO! STARLINK-6195 -> OBS | Tramission-time: 6.580177994050948e-10
[Task 223] Task eseguito su STARLINK-5939 46.518476029355405 degrees | CPU=164.7334J, NET=0.0000J, TOTAL=164.7334J, Remaining=118135.87J
[103.139] Task 223 served on STARLINK-5939 qlen_enqueue_cpu=1 qlen_enqueue_net=None time_in_queue=0.000
[223][GREEDY] STARLINK-5939 -> STARLINK-35136 | Tramission-time: 0.0014956906441807763
[223] Energy routing consumed by STARLINK-5939: 0.000000 J (remaining 118135.87)
[MODE: BIDIRECTIONAL]
[223][GREEDY] CONSEGNATO! STARLINK-35136 -> OBS | Tramission-time: 1.269653053497691e-11
---> Task 225 (Type: Generic_Service) arriva in 103.54
--- [103.54] Task 225 using SearchNode Policy: v1_heuristic ---
[225] Filtro euristico: DTS-TMAX
[103.54] [Task 225] Routed STARLINK-6195 -> STARLINK-5939 | E_NET=0.000025 J | Remaining=118097.12 J
[103.543] Task 225 enqueued on CPU STARLINK-5939 qlen_enqueue=1
[Task 225] Task eseguito su STARLINK-5939 46.518476029355405 degrees | CPU=31.0124J, NET=0.0000J, TOTAL=31.0125J, Remaining=118104.86J
[103.575] Task 225 served on STARLINK-5939 qlen_enqueue_cpu=1 qlen_enqueue_net=None time_in_queue=0.000
[225][GREEDY] STARLINK-5939 -> STARLINK-35136 | Tramission-time: 0.0014956906603152624
[225] Energy routing consumed by STARLINK-5939: 0.000000 J (remaining 118104.86)
[MODE: BIDIRECTIONAL]
[225][GREEDY] CONSEGNATO! STARLINK-35136 -> OBS | Tramission-time: 2.7976487164242395e-11
---> Task 226 (Type: CPU_Intensive) arriva in 103.69
--- [103.69] Task 226 using SearchNode Policy: v1_heuristic ---
[226] Filtro euristico: DTS-TMAX
[103.69] [Task 226] Routed STARLINK-6195 -> STARLINK-5939 | E_NET=0.000015 J | Remaining=118097.12 J
[103.695] Task 226 enqueued on CPU STARLINK-5939 qlen_enqueue=1
---> Task 227 (Type: Generic_Service) arriva in 103.90
--- [103.90] Task 227 using SearchNode Policy: v1_heuristic ---
[227] Filtro euristico: DTS-TMAX
[Task 227] Nessun server rimasto dopo i filtri (deadline/sunset).
[Task 227] REJECTED on STARLINK-6195 due to: No suitable server found after deadline/sunset filters
----------------------------------------------------------------------
	||TIME IN SIMULATION : (seconds:104) (minutes: 1) ||

MODIFICA CONFIGURAZIONE IN CORSO...

Aggiornato il Tempo Globale:  2025-11-20 20:56:58
---> Task 228 (Type: CPU_Intensive) arriva in 104.31
--- [104.31] Task 228 using SearchNode Policy: v1_heuristic ---
[228] Filtro euristico: DTS-TMAX
[104.31] [Task 228] Routed STARLINK-6195 -> STARLINK-4472 | E_NET=0.000014 J | Remaining=118097.12 J
[104.309] Task 228 enqueued on CPU STARLINK-4472 qlen_enqueue=1
[Task 228] Task eseguito su STARLINK-4472 40.10921150109378 degrees | CPU=675.1648J, NET=0.0000J, TOTAL=675.1648J, Remaining=119324.84J
[104.965] Task 228 served on STARLINK-4472 qlen_enqueue_cpu=1 qlen_enqueue_net=None time_in_queue=0.000
[228][GREEDY] STARLINK-4472 -> STARLINK-6195 | Tramission-time: 0.0018649630530627765
[228] Energy routing consumed by STARLINK-4472: 0.000000 J (remaining 119324.84)
---> Task 229 (Type: Generic_Service) arriva in 105.04
--- [105.04] Task 229 using SearchNode Policy: v1_heuristic ---
[229] Filtro euristico: DTS-TMAX
[105.04] [Task 229] Routed STARLINK-6195 -> STARLINK-30900 | E_NET=0.000004 J | Remaining=118097.12 J
[105.038] Task 229 enqueued on CPU STARLINK-30900 qlen_enqueue=1
[Task 226] Task eseguito su STARLINK-5939 47.36235253609923 degrees | CPU=1413.0186J, NET=0.0000J, TOTAL=1413.0186J, Remaining=116691.84J
[105.067] Task 226 served on STARLINK-5939 qlen_enqueue_cpu=1 qlen_enqueue_net=None time_in_queue=0.000
[MODE: BIDIRECTIONAL]
[228][GREEDY] CONSEGNATO! STARLINK-6195 -> OBS | Tramission-time: 1.4546524649796849e-11
[226][GREEDY] STARLINK-5939 -> STARLINK-35136 | Tramission-time: 0.0014225812625517252
[226] Energy routing consumed by STARLINK-5939: 0.000000 J (remaining 116691.84)
[Task 229] Task eseguito su STARLINK-30900 40.29157858346366 degrees | CPU=61.2948J, NET=0.0000J, TOTAL=61.2948J, Remaining=119938.71J
[105.098] Task 229 served on STARLINK-30900 qlen_enqueue_cpu=1 qlen_enqueue_net=None time_in_queue=0.000
[MODE: BIDIRECTIONAL]
[226][GREEDY] CONSEGNATO! STARLINK-35136 -> OBS | Tramission-time: 1.4702064231811555e-11
[229][GREEDY] STARLINK-30900 -> STARLINK-35136 | Tramission-time: 0.0019372711857197718
[229] Energy routing consumed by STARLINK-30900: 0.000000 J (remaining 119938.71)
[MODE: BIDIRECTIONAL]
[229][GREEDY] CONSEGNATO! STARLINK-35136 -> OBS | Tramission-time: 4.5842330482384885e-12
---> Task 230 (Type: Generic_Service) arriva in 105.60
--- [105.60] Task 230 using SearchNode Policy: v1_heuristic ---
[230] Filtro euristico: DTS-TMAX
[105.60] [Task 230] Routed STARLINK-6195 -> STARLINK-30900 | E_NET=0.000007 J | Remaining=118097.12 J
[105.602] Task 230 enqueued on CPU STARLINK-30900 qlen_enqueue=1
[Task 230] Task eseguito su STARLINK-30900 40.29157858346366 degrees | CPU=66.8669J, NET=0.0000J, TOTAL=66.8669J, Remaining=119871.84J
[105.668] Task 230 served on STARLINK-30900 qlen_enqueue_cpu=1 qlen_enqueue_net=None time_in_queue=0.000
[230][GREEDY] STARLINK-30900 -> STARLINK-35136 | Tramission-time: 0.0019372711879274437
[230] Energy routing consumed by STARLINK-30900: 0.000000 J (remaining 119871.84)
[MODE: BIDIRECTIONAL]
[230][GREEDY] CONSEGNATO! STARLINK-35136 -> OBS | Tramission-time: 6.907514686599907e-12
---> Task 231 (Type: Generic_Service) arriva in 105.92
--- [105.92] Task 231 using SearchNode Policy: v1_heuristic ---
[231] Filtro euristico: DTS-TMAX
[105.92] [Task 231] Routed STARLINK-6195 -> STARLINK-32654 | E_NET=0.000022 J | Remaining=118097.12 J
[105.924] Task 231 enqueued on CPU STARLINK-32654 qlen_enqueue=1
[Task 231] Task eseguito su STARLINK-32654 57.598199648921 degrees | CPU=13.0318J, NET=0.0000J, TOTAL=13.0318J, Remaining=117976.54J
[105.939] Task 231 served on STARLINK-32654 qlen_enqueue_cpu=1 qlen_enqueue_net=None time_in_queue=0.000
[231][GREEDY] STARLINK-32654 -> STARLINK-35136 | Tramission-time: 0.00130770590273604
[231] Energy routing consumed by STARLINK-32654: 0.000000 J (remaining 117976.54)
[MODE: BIDIRECTIONAL]
[231][GREEDY] CONSEGNATO! STARLINK-35136 -> OBS | Tramission-time: 2.3631519074131534e-11
----------------------------------------------------------------------
	||TIME IN SIMULATION : (seconds:106) (minutes: 1) ||

MODIFICA CONFIGURAZIONE IN CORSO...

Aggiornato il Tempo Globale:  2025-11-20 20:57:00
---> Task 232 (Type: CPU_Intensive) arriva in 106.77
--- [106.77] Task 232 using SearchNode Policy: v1_heuristic ---
[232] Filtro euristico: DTS-TMAX
[106.77] [Task 232] Routed STARLINK-6195 -> STARLINK-30900 | E_NET=0.000027 J | Remaining=118097.12 J
[106.771] Task 232 enqueued on CPU STARLINK-30900 qlen_enqueue=1
[Task 232] Task eseguito su STARLINK-30900 41.00313184038243 degrees | CPU=24.5060J, NET=0.0000J, TOTAL=24.5060J, Remaining=119847.33J
[106.797] Task 232 served on STARLINK-30900 qlen_enqueue_cpu=1 qlen_enqueue_net=None time_in_queue=0.000
[232][GREEDY] STARLINK-30900 -> STARLINK-35136 | Tramission-time: 0.0018598457555230354
[232] Energy routing consumed by STARLINK-30900: 0.000000 J (remaining 119847.33)
[MODE: BIDIRECTIONAL]
[232][GREEDY] CONSEGNATO! STARLINK-35136 -> OBS | Tramission-time: 2.6427693049970623e-11
---> Task 233 (Type: CPU_and_Data_Intensive) arriva in 107.03
--- [107.03] Task 233 using SearchNode Policy: v1_heuristic ---
[233] Filtro euristico: DTS-TMAX
[Task 233] Nessun server rimasto dopo i filtri (deadline/sunset).
[Task 233] REJECTED on STARLINK-6195 due to: No suitable server found after deadline/sunset filters
----------------------------------------------------------------------
	||TIME IN SIMULATION : (seconds:108) (minutes: 1) ||

MODIFICA CONFIGURAZIONE IN CORSO...

Aggiornato il Tempo Globale:  2025-11-20 20:57:02
---> Task 234 (Type: CPU_Intensive) arriva in 108.66
--- [108.66] Task 234 using SearchNode Policy: v1_heuristic ---
[234] Filtro euristico: DTS-TMAX
[108.66] [Task 234] Routed STARLINK-35269 -> STARLINK-30900 | E_NET=0.000018 J | Remaining=117769.57 J
[108.661] Task 234 enqueued on CPU STARLINK-30900 qlen_enqueue=1
[Task 234] Task eseguito su STARLINK-30900 41.73020549538186 degrees | CPU=48.8865J, NET=0.0000J, TOTAL=48.8865J, Remaining=119798.45J
[108.710] Task 234 served on STARLINK-30900 qlen_enqueue_cpu=1 qlen_enqueue_net=None time_in_queue=0.000
[234][GREEDY] STARLINK-30900 -> STARLINK-35136 | Tramission-time: 0.0017827038013396206
[234] Energy routing consumed by STARLINK-30900: 0.000000 J (remaining 119798.45)
[MODE: BIDIRECTIONAL]
[234][GREEDY] CONSEGNATO! STARLINK-35136 -> OBS | Tramission-time: 1.4180690793981165e-11
---> Task 235 (Type: Generic_Service) arriva in 109.82
--- [109.82] Task 235 using SearchNode Policy: v1_heuristic ---
[235] Filtro euristico: DTS-TMAX
[109.82] [Task 235] Routed STARLINK-35269 -> STARLINK-30900 | E_NET=0.000028 J | Remaining=117769.57 J
[109.818] Task 235 enqueued on CPU STARLINK-30900 qlen_enqueue=1
[Task 235] Task eseguito su STARLINK-30900 41.73020549538186 degrees | CPU=86.9787J, NET=0.0000J, TOTAL=86.9788J, Remaining=119711.47J
[109.905] Task 235 served on STARLINK-30900 qlen_enqueue_cpu=1 qlen_enqueue_net=None time_in_queue=0.000
----------------------------------------------------------------------
	||TIME IN SIMULATION : (seconds:110) (minutes: 1) ||

MODIFICA CONFIGURAZIONE IN CORSO...

Aggiornato il Tempo Globale:  2025-11-20 20:57:04
[235][GREEDY] STARLINK-30900 -> STARLINK-1826 | Tramission-time: 0.0009342724523009608
[235] Energy routing consumed by STARLINK-30900: 0.000000 J (remaining 119711.47)
---> Task 236 (Type: CPU_Intensive) arriva in 110.05
--- [110.05] Task 236 using SearchNode Policy: v1_heuristic ---
[236] Filtro euristico: DTS-TMAX
[110.05] [Task 236] Routed STARLINK-35269 -> STARLINK-30986 | E_NET=0.000012 J | Remaining=117769.57 J
[110.056] Task 236 enqueued on CPU STARLINK-30986 qlen_enqueue=1
[MODE: BIDIRECTIONAL]
[235][GREEDY] CONSEGNATO! STARLINK-1826 -> OBS | Tramission-time: 3.014867428309262e-11
---> Task 237 (Type: Generic_Service) arriva in 110.12
--- [110.12] Task 237 using SearchNode Policy: v1_heuristic ---
[237] Filtro euristico: DTS-TMAX
[110.12] [Task 237] Routed STARLINK-35269 -> STARLINK-30900 | E_NET=0.000038 J | Remaining=117769.57 J
[110.119] Task 237 enqueued on CPU STARLINK-30900 qlen_enqueue=1
[Task 237] Task eseguito su STARLINK-30900 42.473141193532186 degrees | CPU=85.6508J, NET=0.0000J, TOTAL=85.6509J, Remaining=119625.82J
[110.204] Task 237 served on STARLINK-30900 qlen_enqueue_cpu=1 qlen_enqueue_net=None time_in_queue=0.000
[Task 236] Task eseguito su STARLINK-30986 40.277681863423744 degrees | CPU=152.8918J, NET=0.0000J, TOTAL=152.8918J, Remaining=119847.11J
[110.205] Task 236 served on STARLINK-30986 qlen_enqueue_cpu=1 qlen_enqueue_net=None time_in_queue=0.000
[237][GREEDY] STARLINK-30900 -> STARLINK-1826 | Tramission-time: 0.0009342724553389761
[237] Energy routing consumed by STARLINK-30900: 0.000000 J (remaining 119625.82)
[236][GREEDY] STARLINK-30986 -> STARLINK-1826 | Tramission-time: 0.001043092555534324
[236] Energy routing consumed by STARLINK-30986: 0.000000 J (remaining 119847.11)
[MODE: BIDIRECTIONAL]
[237][GREEDY] CONSEGNATO! STARLINK-1826 -> OBS | Tramission-time: 2.956967621035396e-11
[MODE: BIDIRECTIONAL]
[236][GREEDY] CONSEGNATO! STARLINK-1826 -> OBS | Tramission-time: 1.245008022416563e-11
---> Task 238 (Type: CPU_and_Data_Intensive) arriva in 111.99
--- [111.99] Task 238 using SearchNode Policy: v1_heuristic ---
[238] Filtro euristico: DTS-TMAX
[111.99] [Task 238] Routed STARLINK-35269 -> STARLINK-30986 | E_NET=0.006869 J | Remaining=117769.56 J
[111.999] Task 238 enqueued on CPU STARLINK-30986 qlen_enqueue=1
----------------------------------------------------------------------
	||TIME IN SIMULATION : (seconds:112) (minutes: 1) ||

MODIFICA CONFIGURAZIONE IN CORSO...

Aggiornato il Tempo Globale:  2025-11-20 20:57:06
---> Task 239 (Type: CPU_Intensive) arriva in 112.26
--- [112.26] Task 239 using SearchNode Policy: v1_heuristic ---
[239] Filtro euristico: DTS-TMAX
[112.26] [Task 239] Routed STARLINK-35269 -> STARLINK-31207 | E_NET=0.000015 J | Remaining=117769.56 J
[112.264] Task 239 enqueued on CPU STARLINK-31207 qlen_enqueue=1
[112.649] Task 238 enqueued on NET STARLINK-30986 qlen_enqueue_net=1
[Task 238] Task eseguito su STARLINK-30986 40.976744129514785 degrees | CPU=669.2096J, NET=0.0083J, TOTAL=669.2179J, Remaining=119177.89J
[112.657] Task 238 served on STARLINK-30986 qlen_enqueue_cpu=1 qlen_enqueue_net=1 time_in_queue=0.000
[238][GREEDY] STARLINK-30986 -> STARLINK-1826 | Tramission-time: 0.0010278831330796485
[238] Energy routing consumed by STARLINK-30986: 0.000000 J (remaining 119177.89)
[MODE: BIDIRECTIONAL]
[238][GREEDY] CONSEGNATO! STARLINK-1826 -> OBS | Tramission-time: 7.471223442379085e-09
[Task 239] Task eseguito su STARLINK-31207 40.349653334235114 degrees | CPU=710.9382J, NET=0.0000J, TOTAL=710.9382J, Remaining=119289.06J
[112.955] Task 239 served on STARLINK-31207 qlen_enqueue_cpu=1 qlen_enqueue_net=None time_in_queue=0.000
[239][GREEDY] STARLINK-31207 -> STARLINK-1826 | Tramission-time: 0.0007584586218617731
[239] Energy routing consumed by STARLINK-31207: 0.000000 J (remaining 119289.06)
[MODE: BIDIRECTIONAL]
[239][GREEDY] CONSEGNATO! STARLINK-1826 -> OBS | Tramission-time: 1.6140980947412545e-11
----------------------------------------------------------------------
	||TIME IN SIMULATION : (seconds:114) (minutes: 1) ||

MODIFICA CONFIGURAZIONE IN CORSO...

Aggiornato il Tempo Globale:  2025-11-20 20:57:08
---> Task 240 (Type: Generic_Service) arriva in 114.31
--- [114.31] Task 240 using SearchNode Policy: v1_heuristic ---
[240] Filtro euristico: DTS-TMAX
[114.31] [Task 240] Routed STARLINK-34777 -> STARLINK-6195 | E_NET=0.000011 J | Remaining=117909.15 J
[114.316] Task 240 enqueued on CPU STARLINK-6195 qlen_enqueue=1
[Task 240] Task eseguito su STARLINK-6195 74.81009608450859 degrees | CPU=30.0556J, NET=0.0000J, TOTAL=30.0556J, Remaining=118067.07J
[114.346] Task 240 served on STARLINK-6195 qlen_enqueue_cpu=1 qlen_enqueue_net=None time_in_queue=0.000
[240][GREEDY] STARLINK-6195 -> STARLINK-1826 | Tramission-time: 0.0012461822432475358
[240] Energy routing consumed by STARLINK-6195: 0.000000 J (remaining 118067.07)
[MODE: BIDIRECTIONAL]
[240][GREEDY] CONSEGNATO! STARLINK-1826 -> OBS | Tramission-time: 1.10334844242597e-11
---> Task 241 (Type: Generic_Service) arriva in 115.79
--- [115.79] Task 241 using SearchNode Policy: v1_heuristic ---
[241] Filtro euristico: DTS-TMAX
[115.79] [Task 241] Routed STARLINK-34777 -> STARLINK-6195 | E_NET=0.000025 J | Remaining=117909.15 J
[115.791] Task 241 enqueued on CPU STARLINK-6195 qlen_enqueue=1
[Task 241] Task eseguito su STARLINK-6195 74.81009608450859 degrees | CPU=54.6358J, NET=0.0000J, TOTAL=54.6359J, Remaining=118012.43J
[115.847] Task 241 served on STARLINK-6195 qlen_enqueue_cpu=1 qlen_enqueue_net=None time_in_queue=0.000
[241][GREEDY] STARLINK-6195 -> STARLINK-1826 | Tramission-time: 0.0012461822559507077
[241] Energy routing consumed by STARLINK-6195: 0.000000 J (remaining 118012.43)
[MODE: BIDIRECTIONAL]
[241][GREEDY] CONSEGNATO! STARLINK-1826 -> OBS | Tramission-time: 2.6367842150343023e-11
----------------------------------------------------------------------
	||TIME IN SIMULATION : (seconds:116) (minutes: 1) ||

MODIFICA CONFIGURAZIONE IN CORSO...

Aggiornato il Tempo Globale:  2025-11-20 20:57:10
---> Task 242 (Type: CPU_Intensive) arriva in 116.35
--- [116.35] Task 242 using SearchNode Policy: v1_heuristic ---
[242] Filtro euristico: DTS-TMAX
[116.35] [Task 242] Routed STARLINK-2160 -> STARLINK-3897 | E_NET=0.000025 J | Remaining=117812.21 J
[116.355] Task 242 enqueued on CPU STARLINK-3897 qlen_enqueue=1
---> Task 243 (Type: CPU_and_Data_Intensive) arriva in 116.94
--- [116.94] Task 243 using SearchNode Policy: v1_heuristic ---
[243] Filtro euristico: DTS-TMAX
[116.94] [Task 243] Routed STARLINK-2160 -> STARLINK-31249 | E_NET=0.000743 J | Remaining=117812.21 J
[116.946] Task 243 enqueued on CPU STARLINK-31249 qlen_enqueue=1
---> Task 244 (Type: CPU_Intensive) arriva in 116.98
--- [116.98] Task 244 using SearchNode Policy: v1_heuristic ---
[244] Filtro euristico: DTS-TMAX
[116.98] [Task 244] Routed STARLINK-2160 -> STARLINK-30900 | E_NET=0.000009 J | Remaining=117812.21 J
[116.980] Task 244 enqueued on CPU STARLINK-30900 qlen_enqueue=1
[Task 242] Task eseguito su STARLINK-3897 41.74537104778532 degrees | CPU=780.8184J, NET=0.0000J, TOTAL=780.8184J, Remaining=119219.18J
[117.115] Task 242 served on STARLINK-3897 qlen_enqueue_cpu=1 qlen_enqueue_net=None time_in_queue=0.000
[242][GREEDY] STARLINK-3897 -> STARLINK-1826 | Tramission-time: 0.0018066720059874215
[242] Energy routing consumed by STARLINK-3897: 0.000000 J (remaining 119219.18)
[117.291] Task 243 enqueued on NET STARLINK-31249 qlen_enqueue_net=1
[Task 243] Task eseguito su STARLINK-31249 40.04498387011788 degrees | CPU=355.9141J, NET=0.0009J, TOTAL=355.9150J, Remaining=119644.09J
[117.292] Task 243 served on STARLINK-31249 qlen_enqueue_cpu=1 qlen_enqueue_net=1 time_in_queue=0.000
[MODE: BIDIRECTIONAL]
[242][GREEDY] CONSEGNATO! STARLINK-1826 -> OBS | Tramission-time: 2.303070544260163e-11
[243][GREEDY] STARLINK-31249 -> STARLINK-1826 | Tramission-time: 0.0019321267653711976
[243] Energy routing consumed by STARLINK-31249: 0.000000 J (remaining 119644.09)
[Task 244] Task eseguito su STARLINK-30900 44.80042577516873 degrees | CPU=349.2735J, NET=0.0000J, TOTAL=349.2735J, Remaining=119276.54J
[117.319] Task 244 served on STARLINK-30900 qlen_enqueue_cpu=1 qlen_enqueue_net=None time_in_queue=0.000
[MODE: BIDIRECTIONAL]
[243][GREEDY] CONSEGNATO! STARLINK-1826 -> OBS | Tramission-time: 6.882529134314008e-10
[244][GREEDY] STARLINK-30900 -> STARLINK-1826 | Tramission-time: 0.0008734893036115664
[244] Energy routing consumed by STARLINK-30900: 0.000000 J (remaining 119276.54)
[MODE: BIDIRECTIONAL]
[244][GREEDY] CONSEGNATO! STARLINK-1826 -> OBS | Tramission-time: 6.792337638172829e-12
----------------------------------------------------------------------
	||TIME IN SIMULATION : (seconds:118) (minutes: 1) ||

MODIFICA CONFIGURAZIONE IN CORSO...

Aggiornato il Tempo Globale:  2025-11-20 20:57:12
---> Task 245 (Type: CPU_Intensive) arriva in 118.33
--- [118.33] Task 245 using SearchNode Policy: v1_heuristic ---
[245] Filtro euristico: DTS-TMAX
[118.33] [Task 245] Routed STARLINK-11474 [DTC] -> STARLINK-31207 | E_NET=0.000007 J | Remaining=120000.00 J
[118.329] Task 245 enqueued on CPU STARLINK-31207 qlen_enqueue=1
[Task 245] Task eseguito su STARLINK-31207 42.89482323186477 degrees | CPU=214.9573J, NET=0.0000J, TOTAL=214.9573J, Remaining=119074.10J
[118.538] Task 245 served on STARLINK-31207 qlen_enqueue_cpu=1 qlen_enqueue_net=None time_in_queue=0.000
---> Task 246 (Type: CPU_Intensive) arriva in 118.55
--- [118.55] Task 246 using SearchNode Policy: v1_heuristic ---
[246] Filtro euristico: DTS-TMAX
[118.55] [Task 246] Routed STARLINK-11474 [DTC] -> STARLINK-30900 | E_NET=0.000027 J | Remaining=120000.00 J
[118.552] Task 246 enqueued on CPU STARLINK-30900 qlen_enqueue=1
[245][GREEDY] STARLINK-31207 -> STARLINK-11474 [DTC] | Tramission-time: 0.0006899338293437223
[245] Energy routing consumed by STARLINK-31207: 0.000000 J (remaining 119074.10)
[MODE: BIDIRECTIONAL]
[245][GREEDY] CONSEGNATO! STARLINK-11474 [DTC] -> OBS | Tramission-time: 7.69221513986289e-12
[Task 246] Task eseguito su STARLINK-30900 45.610060066342676 degrees | CPU=220.6866J, NET=0.0000J, TOTAL=220.6866J, Remaining=119055.86J
[118.768] Task 246 served on STARLINK-30900 qlen_enqueue_cpu=1 qlen_enqueue_net=None time_in_queue=0.000
[246][GREEDY] STARLINK-30900 -> STARLINK-11474 [DTC] | Tramission-time: 0.0007976135726441293
[246] Energy routing consumed by STARLINK-30900: 0.000000 J (remaining 119055.86)
[MODE: BIDIRECTIONAL]
[246][GREEDY] CONSEGNATO! STARLINK-11474 [DTC] -> OBS | Tramission-time: 2.0795108110097997e-11
---> Task 247 (Type: Generic_Service) arriva in 119.17
--- [119.17] Task 247 using SearchNode Policy: v1_heuristic ---
[247] Filtro euristico: DTS-TMAX
[119.17] [Task 247] Routed STARLINK-11474 [DTC] -> STARLINK-31207 | E_NET=0.000015 J | Remaining=120000.00 J
[119.170] Task 247 enqueued on CPU STARLINK-31207 qlen_enqueue=1
[Task 247] Task eseguito su STARLINK-31207 42.89482323186477 degrees | CPU=8.3255J, NET=0.0000J, TOTAL=8.3256J, Remaining=119065.78J
[119.179] Task 247 served on STARLINK-31207 qlen_enqueue_cpu=1 qlen_enqueue_net=None time_in_queue=0.000
[247][GREEDY] STARLINK-31207 -> STARLINK-11474 [DTC] | Tramission-time: 0.0006899338368416696
[247] Energy routing consumed by STARLINK-31207: 0.000000 J (remaining 119065.78)
[MODE: BIDIRECTIONAL]
[247][GREEDY] CONSEGNATO! STARLINK-11474 [DTC] -> OBS | Tramission-time: 1.844621690184686e-11
---> Task 248 (Type: CPU_and_Data_Intensive) arriva in 119.47
--- [119.47] Task 248 using SearchNode Policy: v1_heuristic ---
[248] Filtro euristico: DTS-TMAX
[119.47] [Task 248] Routed STARLINK-11474 [DTC] -> STARLINK-3897 | E_NET=0.003641 J | Remaining=120000.00 J
[119.474] Task 248 enqueued on CPU STARLINK-3897 qlen_enqueue=1
---> Task 249 (Type: CPU_Intensive) arriva in 119.75
--- [119.75] Task 249 using SearchNode Policy: v1_heuristic ---
[249] Filtro euristico: DTS-TMAX
[119.75] [Task 249] Routed STARLINK-11474 [DTC] -> STARLINK-30986 | E_NET=0.000040 J | Remaining=120000.00 J
[119.750] Task 249 enqueued on CPU STARLINK-30986 qlen_enqueue=1
[119.809] Task 248 enqueued on NET STARLINK-3897 qlen_enqueue_net=1
[Task 248] Task eseguito su STARLINK-3897 42.276999262573064 degrees | CPU=344.7736J, NET=0.0042J, TOTAL=344.7778J, Remaining=118874.40J
[119.813] Task 248 served on STARLINK-3897 qlen_enqueue_cpu=1 qlen_enqueue_net=1 time_in_queue=0.000
[248][GREEDY] STARLINK-3897 -> STARLINK-11474 [DTC] | Tramission-time: 0.0016478600809490139
[248] Energy routing consumed by STARLINK-3897: 0.000000 J (remaining 118874.40)
[MODE: BIDIRECTIONAL]
[248][GREEDY] CONSEGNATO! STARLINK-11474 [DTC] -> OBS | Tramission-time: 3.207128193426949e-09
----------------------------------------------------------------------
	||TIME IN SIMULATION : (seconds:120) (minutes: 2) ||

MODIFICA CONFIGURAZIONE IN CORSO...

Aggiornato il Tempo Globale:  2025-11-20 20:57:14
[Task 249] Task eseguito su STARLINK-30986 43.918908570542364 degrees | CPU=399.7342J, NET=0.0000J, TOTAL=399.7343J, Remaining=118778.16J
[120.140] Task 249 served on STARLINK-30986 qlen_enqueue_cpu=1 qlen_enqueue_net=None time_in_queue=0.000
[249][GREEDY] STARLINK-30986 -> STARLINK-11474 [DTC] | Tramission-time: 0.0008958724915170293
[249] Energy routing consumed by STARLINK-30986: 0.000000 J (remaining 118778.16)
[MODE: BIDIRECTIONAL]
[249][GREEDY] CONSEGNATO! STARLINK-11474 [DTC] -> OBS | Tramission-time: 2.7196201573041145e-11
---> Task 250 (Type: CPU_Intensive) arriva in 121.17
--- [121.17] Task 250 using SearchNode Policy: v1_heuristic ---
[250] Filtro euristico: DTS-TMAX
[121.17] [Task 250] Routed STARLINK-11474 [DTC] -> STARLINK-35307 | E_NET=0.000010 J | Remaining=120000.00 J
[121.170] Task 250 enqueued on CPU STARLINK-35307 qlen_enqueue=1
[Task 250] Task eseguito su STARLINK-35307 40.11571622146131 degrees | CPU=221.0038J, NET=0.0000J, TOTAL=221.0038J, Remaining=119779.00J
[121.385] Task 250 served on STARLINK-35307 qlen_enqueue_cpu=1 qlen_enqueue_net=None time_in_queue=0.000
[250][GREEDY] STARLINK-35307 -> STARLINK-11474 [DTC] | Tramission-time: 0.0007035223963879555
[250] Energy routing consumed by STARLINK-35307: 0.000000 J (remaining 119779.00)
[MODE: BIDIRECTIONAL]
[250][GREEDY] CONSEGNATO! STARLINK-11474 [DTC] -> OBS | Tramission-time: 9.315146242509545e-12
---> Task 251 (Type: Generic_Service) arriva in 121.46
--- [121.46] Task 251 using SearchNode Policy: v1_heuristic ---
[251] Filtro euristico: DTS-TMAX
[121.46] [Task 251] Routed STARLINK-11474 [DTC] -> STARLINK-35307 | E_NET=0.000006 J | Remaining=120000.00 J
[121.460] Task 251 enqueued on CPU STARLINK-35307 qlen_enqueue=1
[Task 251] Task eseguito su STARLINK-35307 40.11571622146131 degrees | CPU=88.7047J, NET=0.0000J, TOTAL=88.7047J, Remaining=119690.29J
[121.546] Task 251 served on STARLINK-35307 qlen_enqueue_cpu=1 qlen_enqueue_net=None time_in_queue=0.000
[251][GREEDY] STARLINK-35307 -> STARLINK-11474 [DTC] | Tramission-time: 0.0007035223912105397
[251] Energy routing consumed by STARLINK-35307: 0.000000 J (remaining 119690.29)
[MODE: BIDIRECTIONAL]
[251][GREEDY] CONSEGNATO! STARLINK-11474 [DTC] -> OBS | Tramission-time: 7.85615152878009e-12
---> Task 252 (Type: Generic_Service) arriva in 121.79
--- [121.79] Task 252 using SearchNode Policy: v1_heuristic ---
[252] Filtro euristico: DTS-TMAX
[121.79] [Task 252] Routed STARLINK-11474 [DTC] -> STARLINK-35307 | E_NET=0.000006 J | Remaining=120000.00 J
[121.792] Task 252 enqueued on CPU STARLINK-35307 qlen_enqueue=1
[Task 252] Task eseguito su STARLINK-35307 40.11571622146131 degrees | CPU=11.8069J, NET=0.0000J, TOTAL=11.8069J, Remaining=119678.48J
[121.804] Task 252 served on STARLINK-35307 qlen_enqueue_cpu=1 qlen_enqueue_net=None time_in_queue=0.000
[252][GREEDY] STARLINK-35307 -> STARLINK-11474 [DTC] | Tramission-time: 0.0007035223918660108
[252] Energy routing consumed by STARLINK-35307: 0.000000 J (remaining 119678.48)
[MODE: BIDIRECTIONAL]
[252][GREEDY] CONSEGNATO! STARLINK-11474 [DTC] -> OBS | Tramission-time: 5.706794563891493e-12
----------------------------------------------------------------------
	||TIME IN SIMULATION : (seconds:122) (minutes: 2) ||

MODIFICA CONFIGURAZIONE IN CORSO...

Aggiornato il Tempo Globale:  2025-11-20 20:57:16
---> Task 253 (Type: Generic_Service) arriva in 122.21
--- [122.21] Task 253 using SearchNode Policy: v1_heuristic ---
[253] Filtro euristico: DTS-TMAX
[122.21] [Task 253] Routed STARLINK-11474 [DTC] -> STARLINK-31763 | E_NET=0.000013 J | Remaining=120000.00 J
[122.207] Task 253 enqueued on CPU STARLINK-31763 qlen_enqueue=1
---> Task 254 (Type: CPU_and_Data_Intensive) arriva in 122.22
--- [122.22] Task 254 using SearchNode Policy: v1_heuristic ---
[254] Filtro euristico: DTS-TMAX
[122.22] [Task 254] Routed STARLINK-11474 [DTC] -> STARLINK-31702 | E_NET=0.001758 J | Remaining=119999.99 J
[122.222] Task 254 enqueued on CPU STARLINK-31702 qlen_enqueue=1
[Task 253] Task eseguito su STARLINK-31763 40.65684632458929 degrees | CPU=34.1065J, NET=0.0000J, TOTAL=34.1066J, Remaining=119965.89J
[122.241] Task 253 served on STARLINK-31763 qlen_enqueue_cpu=1 qlen_enqueue_net=None time_in_queue=0.000
[253][GREEDY] STARLINK-31763 -> STARLINK-11474 [DTC] | Tramission-time: 0.0006957012252928056
[253] Energy routing consumed by STARLINK-31763: 0.000000 J (remaining 119965.89)
[MODE: BIDIRECTIONAL]
[253][GREEDY] CONSEGNATO! STARLINK-11474 [DTC] -> OBS | Tramission-time: 1.3669515479617295e-11
---> Task 255 (Type: Generic_Service) arriva in 122.84
--- [122.84] Task 255 using SearchNode Policy: v1_heuristic ---
[255] Filtro euristico: DTS-TMAX
[122.84] [Task 255] Routed STARLINK-11474 [DTC] -> STARLINK-31763 | E_NET=0.000031 J | Remaining=119999.99 J
[122.845] Task 255 enqueued on CPU STARLINK-31763 qlen_enqueue=1
[Task 255] Task eseguito su STARLINK-31763 40.65684632458929 degrees | CPU=211.7860J, NET=0.0000J, TOTAL=211.7860J, Remaining=119754.11J
[123.053] Task 255 served on STARLINK-31763 qlen_enqueue_cpu=1 qlen_enqueue_net=None time_in_queue=0.000
[255][GREEDY] STARLINK-31763 -> STARLINK-11474 [DTC] | Tramission-time: 0.0006957012466669487
[255] Energy routing consumed by STARLINK-31763: 0.000000 J (remaining 119754.11)
[MODE: BIDIRECTIONAL]
[255][GREEDY] CONSEGNATO! STARLINK-11474 [DTC] -> OBS | Tramission-time: 3.566287807239864e-11
---> Task 256 (Type: CPU_Intensive) arriva in 123.55
--- [123.55] Task 256 using SearchNode Policy: v1_heuristic ---
[256] Filtro euristico: DTS-TMAX
[123.55] [Task 256] Routed STARLINK-11474 [DTC] -> STARLINK-31763 | E_NET=0.000024 J | Remaining=119999.99 J
[123.546] Task 256 enqueued on CPU STARLINK-31763 qlen_enqueue=1
[Task 256] Task eseguito su STARLINK-31763 40.65684632458929 degrees | CPU=180.0496J, NET=0.0000J, TOTAL=180.0496J, Remaining=119574.06J
[123.722] Task 256 served on STARLINK-31763 qlen_enqueue_cpu=1 qlen_enqueue_net=None time_in_queue=0.000
---> Task 257 (Type: CPU_Intensive) arriva in 123.81
--- [123.81] Task 257 using SearchNode Policy: v1_heuristic ---
[257] Filtro euristico: DTS-TMAX
[123.81] [Task 257] Routed STARLINK-11474 [DTC] -> STARLINK-35307 | E_NET=0.000019 J | Remaining=119999.99 J
[123.811] Task 257 enqueued on CPU STARLINK-35307 qlen_enqueue=1
[256][GREEDY] STARLINK-31763 -> STARLINK-11474 [DTC] | Tramission-time: 0.0006957012303601371
[256] Energy routing consumed by STARLINK-31763: 0.000000 J (remaining 119574.06)
[MODE: BIDIRECTIONAL]
[256][GREEDY] CONSEGNATO! STARLINK-11474 [DTC] -> OBS | Tramission-time: 1.9515264200554564e-11
[123.910] Task 254 enqueued on NET STARLINK-31702 qlen_enqueue_net=1
[Task 254] Task eseguito su STARLINK-31702 40.1031512911417 degrees | CPU=1740.0550J, NET=0.0018J, TOTAL=1740.0568J, Remaining=118259.94J
[123.912] Task 254 served on STARLINK-31702 qlen_enqueue_cpu=1 qlen_enqueue_net=1 time_in_queue=0.000
[254][GREEDY] STARLINK-31702 -> STARLINK-11474 [DTC] | Tramission-time: 0.0015055453107661486
[254] Energy routing consumed by STARLINK-31702: 0.000000 J (remaining 118259.94)
[MODE: BIDIRECTIONAL]
[254][GREEDY] CONSEGNATO! STARLINK-11474 [DTC] -> OBS | Tramission-time: 1.626825207355537e-09
----------------------------------------------------------------------
	||TIME IN SIMULATION : (seconds:124) (minutes: 2) ||

MODIFICA CONFIGURAZIONE IN CORSO...

Aggiornato il Tempo Globale:  2025-11-20 20:57:18
---> Task 258 (Type: CPU_and_Data_Intensive) arriva in 124.29
--- [124.29] Task 258 using SearchNode Policy: v1_heuristic ---
[258] Filtro euristico: DTS-TMAX
[124.29] [Task 258] Routed STARLINK-11474 [DTC] -> STARLINK-33947 | E_NET=0.004644 J | Remaining=119999.99 J
[124.298] Task 258 enqueued on CPU STARLINK-33947 qlen_enqueue=1
---> Task 259 (Type: Generic_Service) arriva in 124.34
--- [124.34] Task 259 using SearchNode Policy: v1_heuristic ---
[259] Filtro euristico: DTS-TMAX
[124.34] [Task 259] Routed STARLINK-11474 [DTC] -> STARLINK-31249 | E_NET=0.000032 J | Remaining=119999.99 J
[124.341] Task 259 enqueued on CPU STARLINK-31249 qlen_enqueue=1
---> Task 260 (Type: CPU_and_Data_Intensive) arriva in 124.39
--- [124.39] Task 260 using SearchNode Policy: v1_heuristic ---
[260] Filtro euristico: DTS-TMAX
[124.39] [Task 260] Routed STARLINK-11474 [DTC] -> STARLINK-31763 | E_NET=0.000129 J | Remaining=119999.99 J
[124.387] Task 260 enqueued on CPU STARLINK-31763 qlen_enqueue=1
[Task 257] Task eseguito su STARLINK-35307 41.901886255854805 degrees | CPU=600.8315J, NET=0.0000J, TOTAL=600.8315J, Remaining=119077.65J
[124.396] Task 257 served on STARLINK-35307 qlen_enqueue_cpu=1 qlen_enqueue_net=None time_in_queue=0.000
[257][GREEDY] STARLINK-35307 -> STARLINK-11474 [DTC] | Tramission-time: 0.0007075897907166024
[257] Energy routing consumed by STARLINK-35307: 0.000000 J (remaining 119077.65)
[MODE: BIDIRECTIONAL]
[257][GREEDY] CONSEGNATO! STARLINK-11474 [DTC] -> OBS | Tramission-time: 2.3043647874234992e-11
[Task 259] Task eseguito su STARLINK-31249 43.104204987012665 degrees | CPU=107.3266J, NET=0.0000J, TOTAL=107.3267J, Remaining=119536.76J
[124.447] Task 259 served on STARLINK-31249 qlen_enqueue_cpu=1 qlen_enqueue_net=None time_in_queue=0.000
[259][GREEDY] STARLINK-31249 -> STARLINK-11474 [DTC] | Tramission-time: 0.002193897964131141
[259] Energy routing consumed by STARLINK-31249: 0.000000 J (remaining 119536.76)
[MODE: BIDIRECTIONAL]
[259][GREEDY] CONSEGNATO! STARLINK-11474 [DTC] -> OBS | Tramission-time: 2.71301837637128e-11
[124.607] Task 260 enqueued on NET STARLINK-31763 qlen_enqueue_net=1
[Task 260] Task eseguito su STARLINK-31763 41.46061071028133 degrees | CPU=226.7688J, NET=0.0002J, TOTAL=226.7690J, Remaining=119347.29J
[124.607] Task 260 served on STARLINK-31763 qlen_enqueue_cpu=1 qlen_enqueue_net=1 time_in_queue=0.000
[260][GREEDY] STARLINK-31763 -> STARLINK-11474 [DTC] | Tramission-time: 0.0006892454600303789
[260] Energy routing consumed by STARLINK-31763: 0.000000 J (remaining 119347.29)
[MODE: BIDIRECTIONAL]
[260][GREEDY] CONSEGNATO! STARLINK-11474 [DTC] -> OBS | Tramission-time: 1.3034056886655485e-10
---> Task 261 (Type: CPU_and_Data_Intensive) arriva in 124.84
--- [124.84] Task 261 using SearchNode Policy: v1_heuristic ---
[261] Filtro euristico: DTS-TMAX
[124.84] [Task 261] Routed STARLINK-11474 [DTC] -> STARLINK-31249 | E_NET=0.002297 J | Remaining=119999.99 J
---> Task 262 (Type: Generic_Service) arriva in 124.85
--- [124.85] Task 262 using SearchNode Policy: v1_heuristic ---
[262] Filtro euristico: DTS-TMAX
[124.85] [Task 262] Routed STARLINK-11474 [DTC] -> STARLINK-31249 | E_NET=0.000025 J | Remaining=119999.99 J
[124.847] Task 261 enqueued on CPU STARLINK-31249 qlen_enqueue=1
[Task 262] REJECTED on STARLINK-31249 due to: Deadline Exceeded
[124.998] Task 258 enqueued on NET STARLINK-33947 qlen_enqueue_net=1
[Task 258] Task eseguito su STARLINK-33947 40.29632412437216 degrees | CPU=721.3316J, NET=0.0067J, TOTAL=721.3383J, Remaining=119278.66J
[125.004] Task 258 served on STARLINK-33947 qlen_enqueue_cpu=1 qlen_enqueue_net=1 time_in_queue=0.000
[258][GREEDY] STARLINK-33947 -> STARLINK-11474 [DTC] | Tramission-time: 0.0009169427501904321
[258] Energy routing consumed by STARLINK-33947: 0.000000 J (remaining 119278.66)
[MODE: BIDIRECTIONAL]
[258][GREEDY] CONSEGNATO! STARLINK-11474 [DTC] -> OBS | Tramission-time: 5.9091213229029445e-09
[125.129] Task 261 enqueued on NET STARLINK-31249 qlen_enqueue_net=1
[Task 261] Task eseguito su STARLINK-31249 43.104204987012665 degrees | CPU=290.5430J, NET=0.0027J, TOTAL=290.5457J, Remaining=119246.21J
[125.132] Task 261 served on STARLINK-31249 qlen_enqueue_cpu=1 qlen_enqueue_net=1 time_in_queue=0.000
---> Task 263 (Type: CPU_Intensive) arriva in 125.20
--- [125.20] Task 263 using SearchNode Policy: v1_heuristic ---
[263] Filtro euristico: DTS-TMAX
[125.20] [Task 263] Routed STARLINK-11474 [DTC] -> STARLINK-31763 | E_NET=0.000027 J | Remaining=119999.99 J
[125.204] Task 263 enqueued on CPU STARLINK-31763 qlen_enqueue=1
[261][GREEDY] STARLINK-31249 -> STARLINK-11474 [DTC] | Tramission-time: 0.0021939003757269152
[261] Energy routing consumed by STARLINK-31249: 0.000000 J (remaining 119246.21)
[Task 263] Task eseguito su STARLINK-31763 41.46061071028133 degrees | CPU=23.1973J, NET=0.0000J, TOTAL=23.1974J, Remaining=119324.09J
[125.229] Task 263 served on STARLINK-31763 qlen_enqueue_cpu=1 qlen_enqueue_net=None time_in_queue=0.000
[263][GREEDY] STARLINK-31763 -> STARLINK-11474 [DTC] | Tramission-time: 0.0006892453544878345
[263] Energy routing consumed by STARLINK-31763: 0.000000 J (remaining 119324.09)
[MODE: BIDIRECTIONAL]
[261][GREEDY] CONSEGNATO! STARLINK-11474 [DTC] -> OBS | Tramission-time: 2.4044074879752783e-09
---> Task 264 (Type: CPU_Intensive) arriva in 125.32
--- [125.32] Task 264 using SearchNode Policy: v1_heuristic ---
[264] Filtro euristico: DTS-TMAX
[125.32] [Task 264] Routed STARLINK-11474 [DTC] -> STARLINK-31763 | E_NET=0.000005 J | Remaining=119999.99 J
[125.321] Task 264 enqueued on CPU STARLINK-31763 qlen_enqueue=1
[MODE: BIDIRECTIONAL]
[263][GREEDY] CONSEGNATO! STARLINK-11474 [DTC] -> OBS | Tramission-time: 2.5979553557376354e-11
---> Task 265 (Type: CPU_and_Data_Intensive) arriva in 125.40
--- [125.40] Task 265 using SearchNode Policy: v1_heuristic ---
[265] Filtro euristico: DTS-TMAX
[125.40] [Task 265] Routed STARLINK-11474 [DTC] -> STARLINK-33947 | E_NET=0.004989 J | Remaining=119999.98 J
[125.410] Task 265 enqueued on CPU STARLINK-33947 qlen_enqueue=1
---> Task 266 (Type: CPU_and_Data_Intensive) arriva in 125.49
--- [125.49] Task 266 using SearchNode Policy: v1_heuristic ---
[266] Filtro euristico: DTS-TMAX
[Task 266] Nessun server rimasto dopo i filtri (deadline/sunset).
[Task 266] REJECTED on STARLINK-11474 [DTC] due to: No suitable server found after deadline/sunset filters
[Task 264] Task eseguito su STARLINK-31763 41.46061071028133 degrees | CPU=186.2985J, NET=0.0000J, TOTAL=186.2985J, Remaining=119137.79J
[125.502] Task 264 served on STARLINK-31763 qlen_enqueue_cpu=1 qlen_enqueue_net=None time_in_queue=0.000
[264][GREEDY] STARLINK-31763 -> STARLINK-11474 [DTC] | Tramission-time: 0.0006892453282959855
[264] Energy routing consumed by STARLINK-31763: 0.000000 J (remaining 119137.79)
[MODE: BIDIRECTIONAL]
[264][GREEDY] CONSEGNATO! STARLINK-11474 [DTC] -> OBS | Tramission-time: 5.729418834838746e-12
[125.841] Task 265 enqueued on NET STARLINK-33947 qlen_enqueue_net=1
[Task 265] Task eseguito su STARLINK-33947 40.29632412437216 degrees | CPU=445.0596J, NET=0.0072J, TOTAL=445.0668J, Remaining=118833.59J
[125.849] Task 265 served on STARLINK-33947 qlen_enqueue_cpu=1 qlen_enqueue_net=1 time_in_queue=0.000
[265][GREEDY] STARLINK-33947 -> STARLINK-11474 [DTC] | Tramission-time: 0.0009169429936310536
[265] Energy routing consumed by STARLINK-33947: 0.000000 J (remaining 118833.59)
[MODE: BIDIRECTIONAL]
[265][GREEDY] CONSEGNATO! STARLINK-11474 [DTC] -> OBS | Tramission-time: 4.719279473533095e-09
----------------------------------------------------------------------
	||TIME IN SIMULATION : (seconds:126) (minutes: 2) ||

MODIFICA CONFIGURAZIONE IN CORSO...

Aggiornato il Tempo Globale:  2025-11-20 20:57:20
---> Task 267 (Type: CPU_Intensive) arriva in 127.62
--- [127.62] Task 267 using SearchNode Policy: v1_heuristic ---
[267] Filtro euristico: DTS-TMAX
[127.62] [Task 267] Routed STARLINK-11474 [DTC] -> STARLINK-5118 | E_NET=0.000014 J | Remaining=119999.98 J
[127.617] Task 267 enqueued on CPU STARLINK-5118 qlen_enqueue=1
[Task 267] Task eseguito su STARLINK-5118 40.02499255630823 degrees | CPU=83.5089J, NET=0.0000J, TOTAL=83.5090J, Remaining=119916.49J
[127.699] Task 267 served on STARLINK-5118 qlen_enqueue_cpu=1 qlen_enqueue_net=None time_in_queue=0.000
[267][GREEDY] STARLINK-5118 -> STARLINK-11474 [DTC] | Tramission-time: 0.0012540071466117131
[267] Energy routing consumed by STARLINK-5118: 0.000000 J (remaining 119916.49)
[MODE: BIDIRECTIONAL]
[267][GREEDY] CONSEGNATO! STARLINK-11474 [DTC] -> OBS | Tramission-time: 1.520973713693767e-11
----------------------------------------------------------------------
	||TIME IN SIMULATION : (seconds:128) (minutes: 2) ||

MODIFICA CONFIGURAZIONE IN CORSO...

Aggiornato il Tempo Globale:  2025-11-20 20:57:22
---> Task 268 (Type: CPU_and_Data_Intensive) arriva in 128.88
--- [128.88] Task 268 using SearchNode Policy: v1_heuristic ---
[268] Filtro euristico: DTS-TMAX
[128.88] [Task 268] Routed STARLINK-11474 [DTC] -> STARLINK-2713 | E_NET=0.000243 J | Remaining=119999.98 J
[128.879] Task 268 enqueued on CPU STARLINK-2713 qlen_enqueue=1
---> Task 269 (Type: Generic_Service) arriva in 129.03
--- [129.03] Task 269 using SearchNode Policy: v1_heuristic ---
[269] Filtro euristico: DTS-TMAX
[129.03] [Task 269] Routed STARLINK-11474 [DTC] -> STARLINK-1826 | E_NET=0.000034 J | Remaining=119999.98 J
[129.028] Task 269 enqueued on CPU STARLINK-1826 qlen_enqueue=1
[Task 269] Task eseguito su STARLINK-1826 61.63828870724454 degrees | CPU=5.4028J, NET=0.0000J, TOTAL=5.4029J, Remaining=117653.48J
[129.036] Task 269 served on STARLINK-1826 qlen_enqueue_cpu=1 qlen_enqueue_net=None time_in_queue=0.000
---> Task 270 (Type: Generic_Service) arriva in 129.04
--- [129.04] Task 270 using SearchNode Policy: v1_heuristic ---
[270] Filtro euristico: DTS-TMAX
[129.04] [Task 270] Routed STARLINK-11474 [DTC] -> STARLINK-31763 | E_NET=0.000026 J | Remaining=119999.98 J
[129.043] Task 270 enqueued on CPU STARLINK-31763 qlen_enqueue=1
[Task 270] Task eseguito su STARLINK-31763 43.125837647431375 degrees | CPU=9.2655J, NET=0.0000J, TOTAL=9.2655J, Remaining=119128.53J
[129.055] Task 270 served on STARLINK-31763 qlen_enqueue_cpu=1 qlen_enqueue_net=None time_in_queue=0.000
[MODE: BIDIRECTIONAL]
[269][GREEDY] CONSEGNATO! STARLINK-1826 -> OBS | Tramission-time: 3.267313856296865e-11
[270][GREEDY] STARLINK-31763 -> STARLINK-11474 [DTC] | Tramission-time: 0.0006802895821767886
[270] Energy routing consumed by STARLINK-31763: 0.000000 J (remaining 119128.53)
[MODE: BIDIRECTIONAL]
[270][GREEDY] CONSEGNATO! STARLINK-11474 [DTC] -> OBS | Tramission-time: 2.569812704907184e-11
---> Task 271 (Type: CPU_and_Data_Intensive) arriva in 129.45
--- [129.45] Task 271 using SearchNode Policy: v1_heuristic ---
[271] Filtro euristico: DTS-TMAX
[129.45] [Task 271] Routed STARLINK-11474 [DTC] -> STARLINK-5118 | E_NET=0.002812 J | Remaining=119999.98 J
[129.459] Task 271 enqueued on CPU STARLINK-5118 qlen_enqueue=1
[129.469] Task 268 enqueued on NET STARLINK-2713 qlen_enqueue_net=1
[Task 268] Task eseguito su STARLINK-2713 40.13006318885507 degrees | CPU=607.8762J, NET=0.0003J, TOTAL=607.8764J, Remaining=119392.12J
[129.469] Task 268 served on STARLINK-2713 qlen_enqueue_cpu=1 qlen_enqueue_net=1 time_in_queue=0.000
[268][GREEDY] STARLINK-2713 -> STARLINK-11474 [DTC] | Tramission-time: 0.0011075096125737313
[268] Energy routing consumed by STARLINK-2713: 0.000000 J (remaining 119392.12)
[MODE: BIDIRECTIONAL]
[268][GREEDY] CONSEGNATO! STARLINK-11474 [DTC] -> OBS | Tramission-time: 2.1432971640116734e-10
---> Task 272 (Type: CPU_Intensive) arriva in 129.64
--- [129.64] Task 272 using SearchNode Policy: v1_heuristic ---
[272] Filtro euristico: DTS-TMAX
[129.64] [Task 272] Routed STARLINK-11474 [DTC] -> STARLINK-2713 | E_NET=0.000014 J | Remaining=119999.98 J
[129.645] Task 272 enqueued on CPU STARLINK-2713 qlen_enqueue=1
---> Task 273 (Type: Generic_Service) arriva in 129.68
--- [129.68] Task 273 using SearchNode Policy: v1_heuristic ---
[273] Filtro euristico: DTS-TMAX
[129.68] [Task 273] Routed STARLINK-11474 [DTC] -> STARLINK-31249 | E_NET=0.000019 J | Remaining=119999.98 J
[129.684] Task 273 enqueued on CPU STARLINK-31249 qlen_enqueue=1
[Task 272] Task eseguito su STARLINK-2713 40.13006318885507 degrees | CPU=59.5143J, NET=0.0000J, TOTAL=59.5144J, Remaining=119332.61J
[129.704] Task 272 served on STARLINK-2713 qlen_enqueue_cpu=1 qlen_enqueue_net=None time_in_queue=0.000
[Task 273] Task eseguito su STARLINK-31249 44.70446172869954 degrees | CPU=45.6656J, NET=0.0000J, TOTAL=45.6656J, Remaining=119200.55J
[129.730] Task 273 served on STARLINK-31249 qlen_enqueue_cpu=1 qlen_enqueue_net=None time_in_queue=0.000
[273][GREEDY] STARLINK-31249 -> STARLINK-11474 [DTC] | Tramission-time: 0.002073094629897477
[273] Energy routing consumed by STARLINK-31249: 0.000000 J (remaining 119200.55)
[272][GREEDY] STARLINK-2713 -> STARLINK-11474 [DTC] | Tramission-time: 0.0011075094184203737
[272] Energy routing consumed by STARLINK-2713: 0.000000 J (remaining 119332.61)
[MODE: BIDIRECTIONAL]
[273][GREEDY] CONSEGNATO! STARLINK-11474 [DTC] -> OBS | Tramission-time: 1.3862323876845137e-11
---> Task 274 (Type: CPU_and_Data_Intensive) arriva in 129.78
--- [129.78] Task 274 using SearchNode Policy: v1_heuristic ---
[274] Filtro euristico: DTS-TMAX
[129.78] [Task 274] Routed STARLINK-11474 [DTC] -> STARLINK-5118 | E_NET=0.000148 J | Remaining=119999.98 J
[129.779] Task 274 enqueued on CPU STARLINK-5118 qlen_enqueue=2
[129.819] Task 271 enqueued on NET STARLINK-5118 qlen_enqueue_net=1
[Task 271] Task eseguito su STARLINK-5118 40.14307296862339 degrees | CPU=371.0609J, NET=0.0031J, TOTAL=371.0640J, Remaining=119545.43J
[129.822] Task 271 served on STARLINK-5118 qlen_enqueue_cpu=1 qlen_enqueue_net=1 time_in_queue=0.000
[271][GREEDY] STARLINK-5118 -> STARLINK-11474 [DTC] | Tramission-time: 0.0013014732049228836
[271] Energy routing consumed by STARLINK-5118: 0.000000 J (remaining 119545.43)
[MODE: BIDIRECTIONAL]
[272][GREEDY] CONSEGNATO! STARLINK-11474 [DTC] -> OBS | Tramission-time: 1.5035312075888796e-11
[MODE: BIDIRECTIONAL]
[271][GREEDY] CONSEGNATO! STARLINK-11474 [DTC] -> OBS | Tramission-time: 2.43702062161045e-09
----------------------------------------------------------------------
	||TIME IN SIMULATION : (seconds:130) (minutes: 2) ||

MODIFICA CONFIGURAZIONE IN CORSO...

Aggiornato il Tempo Globale:  2025-11-20 20:57:24
---> Task 275 (Type: CPU_Intensive) arriva in 130.65
--- [130.65] Task 275 using SearchNode Policy: v1_heuristic ---
[275] Filtro euristico: DTS-TMAX
[130.65] [Task 275] Routed STARLINK-11474 [DTC] -> STARLINK-5118 | E_NET=0.000024 J | Remaining=119999.98 J
[130.656] Task 275 enqueued on CPU STARLINK-5118 qlen_enqueue=2
[130.669] Task 274 enqueued on NET STARLINK-5118 qlen_enqueue_net=1
[Task 274] Task eseguito su STARLINK-5118 40.24449705672658 degrees | CPU=917.4177J, NET=0.0002J, TOTAL=917.4179J, Remaining=118628.01J
[130.669] Task 274 served on STARLINK-5118 qlen_enqueue_cpu=2 qlen_enqueue_net=1 time_in_queue=0.000
[274][GREEDY] STARLINK-5118 -> STARLINK-11474 [DTC] | Tramission-time: 0.0013495248077296353
[274] Energy routing consumed by STARLINK-5118: 0.000000 J (remaining 118628.01)
[MODE: BIDIRECTIONAL]
[274][GREEDY] CONSEGNATO! STARLINK-11474 [DTC] -> OBS | Tramission-time: 1.4348362642807956e-10
[Task 275] Task eseguito su STARLINK-5118 40.24449705672658 degrees | CPU=248.7048J, NET=0.0000J, TOTAL=248.7049J, Remaining=118379.30J
[130.899] Task 275 served on STARLINK-5118 qlen_enqueue_cpu=2 qlen_enqueue_net=None time_in_queue=0.000
[275][GREEDY] STARLINK-5118 -> STARLINK-11474 [DTC] | Tramission-time: 0.0013495247079355903
[275] Energy routing consumed by STARLINK-5118: 0.000000 J (remaining 118379.30)
[MODE: BIDIRECTIONAL]
[275][GREEDY] CONSEGNATO! STARLINK-11474 [DTC] -> OBS | Tramission-time: 2.2813627165365127e-11
---> Task 276 (Type: Generic_Service) arriva in 130.96
--- [130.96] Task 276 using SearchNode Policy: v1_heuristic ---
[276] Filtro euristico: DTS-TMAX
[130.96] [Task 276] Routed STARLINK-11474 [DTC] -> STARLINK-2713 | E_NET=0.000011 J | Remaining=119999.98 J
[130.966] Task 276 enqueued on CPU STARLINK-2713 qlen_enqueue=1
[Task 276] Task eseguito su STARLINK-2713 40.81217533941642 degrees | CPU=46.4896J, NET=0.0000J, TOTAL=46.4897J, Remaining=119286.12J
[131.012] Task 276 served on STARLINK-2713 qlen_enqueue_cpu=1 qlen_enqueue_net=None time_in_queue=0.000
[276][GREEDY] STARLINK-2713 -> STARLINK-11474 [DTC] | Tramission-time: 0.001109546143568332
[276] Energy routing consumed by STARLINK-2713: 0.000000 J (remaining 119286.12)
[MODE: BIDIRECTIONAL]
[276][GREEDY] CONSEGNATO! STARLINK-11474 [DTC] -> OBS | Tramission-time: 1.1758445854275672e-11
----------------------------------------------------------------------
	||TIME IN SIMULATION : (seconds:132) (minutes: 2) ||

MODIFICA CONFIGURAZIONE IN CORSO...

Aggiornato il Tempo Globale:  2025-11-20 20:57:26
---> Task 277 (Type: CPU_Intensive) arriva in 132.39
--- [132.39] Task 277 using SearchNode Policy: v1_heuristic ---
[277] Filtro euristico: DTS-TMAX
[132.39] [Task 277] Routed STARLINK-11474 [DTC] -> STARLINK-2713 | E_NET=0.000022 J | Remaining=119999.98 J
[132.387] Task 277 enqueued on CPU STARLINK-2713 qlen_enqueue=1
[Task 277] Task eseguito su STARLINK-2713 41.506308292949846 degrees | CPU=620.8886J, NET=0.0000J, TOTAL=620.8886J, Remaining=118665.23J
[132.991] Task 277 served on STARLINK-2713 qlen_enqueue_cpu=1 qlen_enqueue_net=None time_in_queue=0.000
[277][GREEDY] STARLINK-2713 -> STARLINK-11474 [DTC] | Tramission-time: 0.001111583932969813
[277] Energy routing consumed by STARLINK-2713: 0.000000 J (remaining 118665.23)
[MODE: BIDIRECTIONAL]
[277][GREEDY] CONSEGNATO! STARLINK-11474 [DTC] -> OBS | Tramission-time: 1.9472339954943574e-11
---> Task 278 (Type: CPU_Intensive) arriva in 133.96
--- [133.96] Task 278 using SearchNode Policy: v1_heuristic ---
[278] Filtro euristico: DTS-TMAX
[133.96] [Task 278] Routed STARLINK-11474 [DTC] -> STARLINK-31249 | E_NET=0.000021 J | Remaining=119999.98 J
[133.964] Task 278 enqueued on CPU STARLINK-31249 qlen_enqueue=1
----------------------------------------------------------------------
	||TIME IN SIMULATION : (seconds:134) (minutes: 2) ||

MODIFICA CONFIGURAZIONE IN CORSO...

Aggiornato il Tempo Globale:  2025-11-20 20:57:28
---> Task 279 (Type: CPU_Intensive) arriva in 134.88
--- [134.88] Task 279 using SearchNode Policy: v1_heuristic ---
[279] Filtro euristico: DTS-TMAX
[134.88] [Task 279] Routed STARLINK-11474 [DTC] -> STARLINK-31008 | E_NET=0.000021 J | Remaining=119999.98 J
[134.883] Task 279 enqueued on CPU STARLINK-31008 qlen_enqueue=1
[Task 279] Task eseguito su STARLINK-31008 40.547879417863044 degrees | CPU=813.6361J, NET=0.0000J, TOTAL=813.6361J, Remaining=119186.36J
[135.674] Task 279 served on STARLINK-31008 qlen_enqueue_cpu=1 qlen_enqueue_net=None time_in_queue=0.000
[279][GREEDY] STARLINK-31008 -> STARLINK-11474 [DTC] | Tramission-time: 0.0015630457229861732
[279] Energy routing consumed by STARLINK-31008: 0.000000 J (remaining 119186.36)
[Task 278] Task eseguito su STARLINK-31249 47.177053404477185 degrees | CPU=1864.9106J, NET=0.0000J, TOTAL=1864.9106J, Remaining=117335.64J
[135.775] Task 278 served on STARLINK-31249 qlen_enqueue_cpu=1 qlen_enqueue_net=None time_in_queue=0.000
[278][GREEDY] STARLINK-31249 -> STARLINK-11474 [DTC] | Tramission-time: 0.0018934348030598051
[278] Energy routing consumed by STARLINK-31249: 0.000000 J (remaining 117335.64)
[MODE: BIDIRECTIONAL]
[279][GREEDY] CONSEGNATO! STARLINK-11474 [DTC] -> OBS | Tramission-time: 1.7663904259014133e-11
[MODE: BIDIRECTIONAL]
[278][GREEDY] CONSEGNATO! STARLINK-11474 [DTC] -> OBS | Tramission-time: 1.8139670883236166e-11
----------------------------------------------------------------------
	||TIME IN SIMULATION : (seconds:136) (minutes: 2) ||

MODIFICA CONFIGURAZIONE IN CORSO...

Aggiornato il Tempo Globale:  2025-11-20 20:57:30
---> Task 280 (Type: CPU_and_Data_Intensive) arriva in 137.18
--- [137.18] Task 280 using SearchNode Policy: v1_heuristic ---
[280] Filtro euristico: DTS-TMAX
[137.18] [Task 280] Routed STARLINK-11474 [DTC] -> STARLINK-6203 | E_NET=0.000251 J | Remaining=119999.98 J
[137.178] Task 280 enqueued on CPU STARLINK-6203 qlen_enqueue=1
---> Task 281 (Type: CPU_Intensive) arriva in 137.70
--- [137.70] Task 281 using SearchNode Policy: v1_heuristic ---
[281] Filtro euristico: DTS-TMAX
[137.70] [Task 281] Routed STARLINK-11474 [DTC] -> STARLINK-31008 | E_NET=0.000029 J | Remaining=119999.98 J
[137.703] Task 281 enqueued on CPU STARLINK-31008 qlen_enqueue=1
[Task 281] Task eseguito su STARLINK-31008 41.341171116857595 degrees | CPU=41.1391J, NET=0.0000J, TOTAL=41.1391J, Remaining=119145.22J
[137.745] Task 281 served on STARLINK-31008 qlen_enqueue_cpu=1 qlen_enqueue_net=None time_in_queue=0.000
[281][GREEDY] STARLINK-31008 -> STARLINK-11474 [DTC] | Tramission-time: 0.0015192757733046105
[281] Energy routing consumed by STARLINK-31008: 0.000000 J (remaining 119145.22)
---> Task 282 (Type: CPU_Intensive) arriva in 137.78
--- [137.78] Task 282 using SearchNode Policy: v1_heuristic ---
[282] Filtro euristico: DTS-TMAX
[137.78] [Task 282] Routed STARLINK-11474 [DTC] -> STARLINK-31008 | E_NET=0.000027 J | Remaining=119999.98 J
[137.781] Task 282 enqueued on CPU STARLINK-31008 qlen_enqueue=1
[MODE: BIDIRECTIONAL]
[281][GREEDY] CONSEGNATO! STARLINK-11474 [DTC] -> OBS | Tramission-time: 3.3845624006804186e-11
[Task 282] Task eseguito su STARLINK-31008 41.341171116857595 degrees | CPU=189.6854J, NET=0.0000J, TOTAL=189.6854J, Remaining=118955.54J
[137.967] Task 282 served on STARLINK-31008 qlen_enqueue_cpu=1 qlen_enqueue_net=None time_in_queue=0.000
---> Task 283 (Type: CPU_and_Data_Intensive) arriva in 137.99
--- [137.99] Task 283 using SearchNode Policy: v1_heuristic ---
[283] Filtro euristico: DTS-TMAX
[137.99] [Task 283] Routed STARLINK-11474 [DTC] -> STARLINK-31763 | E_NET=0.001134 J | Remaining=119999.98 J
[137.995] Task 283 enqueued on CPU STARLINK-31763 qlen_enqueue=1
----------------------------------------------------------------------
	||TIME IN SIMULATION : (seconds:138) (minutes: 2) ||

MODIFICA CONFIGURAZIONE IN CORSO...

Aggiornato il Tempo Globale:  2025-11-20 20:57:32
[282][GREEDY] STARLINK-31008 -> STARLINK-11474 [DTC] | Tramission-time: 0.001475670670597856
[282] Energy routing consumed by STARLINK-31008: 0.000000 J (remaining 118955.54)
---> Task 284 (Type: CPU_and_Data_Intensive) arriva in 138.14
--- [138.14] Task 284 using SearchNode Policy: v1_heuristic ---
[284] Filtro euristico: DTS-TMAX
[138.14] [Task 284] Routed STARLINK-11474 [DTC] -> STARLINK-4472 | E_NET=0.000867 J | Remaining=119999.98 J
[138.142] Task 284 enqueued on CPU STARLINK-4472 qlen_enqueue=1
[MODE: BIDIRECTIONAL]
[282][GREEDY] CONSEGNATO! STARLINK-11474 [DTC] -> OBS | Tramission-time: 2.4120318217831283e-11
[138.204] Task 280 enqueued on NET STARLINK-6203 qlen_enqueue_net=1
[Task 280] Task eseguito su STARLINK-6203 41.057952694577864 degrees | CPU=1057.9345J, NET=0.0003J, TOTAL=1057.9349J, Remaining=118942.07J
[138.205] Task 280 served on STARLINK-6203 qlen_enqueue_cpu=1 qlen_enqueue_net=1 time_in_queue=0.000
[280][GREEDY] STARLINK-6203 -> STARLINK-11474 [DTC] | Tramission-time: 0.001457171900637719
[280] Energy routing consumed by STARLINK-6203: 0.000000 J (remaining 118942.07)
[138.299] Task 284 enqueued on NET STARLINK-4472 qlen_enqueue_net=1
[Task 284] Task eseguito su STARLINK-4472 52.308405005545254 degrees | CPU=161.2445J, NET=0.0009J, TOTAL=161.2454J, Remaining=119163.59J
[138.300] Task 284 served on STARLINK-4472 qlen_enqueue_cpu=1 qlen_enqueue_net=1 time_in_queue=0.000
[284][GREEDY] STARLINK-4472 -> STARLINK-11474 [DTC] | Tramission-time: 0.0021824561947196655
[284] Energy routing consumed by STARLINK-4472: 0.000000 J (remaining 119163.59)
[MODE: BIDIRECTIONAL]
[280][GREEDY] CONSEGNATO! STARLINK-11474 [DTC] -> OBS | Tramission-time: 2.776031474578065e-10
[MODE: BIDIRECTIONAL]
[284][GREEDY] CONSEGNATO! STARLINK-11474 [DTC] -> OBS | Tramission-time: 7.59170501076225e-10
---> Task 285 (Type: Generic_Service) arriva in 138.86
--- [138.86] Task 285 using SearchNode Policy: v1_heuristic ---
[285] Filtro euristico: DTS-TMAX
[138.86] [Task 285] Routed STARLINK-11474 [DTC] -> STARLINK-4472 | E_NET=0.000030 J | Remaining=119999.98 J
[138.865] Task 285 enqueued on CPU STARLINK-4472 qlen_enqueue=1
---> Task 286 (Type: Generic_Service) arriva in 138.87
--- [138.87] Task 286 using SearchNode Policy: v1_heuristic ---
[286] Filtro euristico: DTS-TMAX
[138.87] [Task 286] Routed STARLINK-11474 [DTC] -> STARLINK-35307 | E_NET=0.000022 J | Remaining=119999.98 J
[138.867] Task 286 enqueued on CPU STARLINK-35307 qlen_enqueue=1
[Task 285] Task eseguito su STARLINK-4472 52.308405005545254 degrees | CPU=34.6786J, NET=0.0000J, TOTAL=34.6787J, Remaining=119128.91J
[138.901] Task 285 served on STARLINK-4472 qlen_enqueue_cpu=1 qlen_enqueue_net=None time_in_queue=0.000
[Task 286] Task eseguito su STARLINK-35307 49.00469232282955 degrees | CPU=83.0741J, NET=0.0000J, TOTAL=83.0741J, Remaining=118994.58J
[138.950] Task 286 served on STARLINK-35307 qlen_enqueue_cpu=1 qlen_enqueue_net=None time_in_queue=0.000
[285][GREEDY] STARLINK-4472 -> STARLINK-11474 [DTC] | Tramission-time: 0.0021824555283299226
[285] Energy routing consumed by STARLINK-4472: 0.000000 J (remaining 119128.91)
[MODE: BIDIRECTIONAL]
[286][GREEDY] CONSEGNATO! STARLINK-35307 -> OBS | Tramission-time: 1.9081344069981726e-11
[MODE: BIDIRECTIONAL]
[285][GREEDY] CONSEGNATO! STARLINK-11474 [DTC] -> OBS | Tramission-time: 2.1500018332604953e-11
---> Task 287 (Type: Generic_Service) arriva in 139.15
--- [139.15] Task 287 using SearchNode Policy: v1_heuristic ---
[287] Filtro euristico: DTS-TMAX
[139.15] [Task 287] Routed STARLINK-11474 [DTC] -> STARLINK-4472 | E_NET=0.000024 J | Remaining=119999.98 J
[139.149] Task 287 enqueued on CPU STARLINK-4472 qlen_enqueue=1
[Task 287] Task eseguito su STARLINK-4472 52.308405005545254 degrees | CPU=122.5435J, NET=0.0000J, TOTAL=122.5435J, Remaining=119006.37J
[139.269] Task 287 served on STARLINK-4472 qlen_enqueue_cpu=1 qlen_enqueue_net=None time_in_queue=0.000
[287][GREEDY] STARLINK-4472 -> STARLINK-11474 [DTC] | Tramission-time: 0.002182455522419085
[287] Energy routing consumed by STARLINK-4472: 0.000000 J (remaining 119006.37)
[MODE: BIDIRECTIONAL]
[287][GREEDY] CONSEGNATO! STARLINK-11474 [DTC] -> OBS | Tramission-time: 1.7460901063786734e-11
[139.486] Task 283 enqueued on NET STARLINK-31763 qlen_enqueue_net=1
[Task 283] Task eseguito su STARLINK-31763 47.637517009972015 degrees | CPU=1536.7418J, NET=0.0016J, TOTAL=1536.7433J, Remaining=117591.78J
[139.487] Task 283 served on STARLINK-31763 qlen_enqueue_cpu=1 qlen_enqueue_net=1 time_in_queue=0.000
[283][GREEDY] STARLINK-31763 -> STARLINK-11474 [DTC] | Tramission-time: 0.0006818381153569119
[283] Energy routing consumed by STARLINK-31763: 0.000000 J (remaining 117591.78)
[MODE: BIDIRECTIONAL]
[283][GREEDY] CONSEGNATO! STARLINK-11474 [DTC] -> OBS | Tramission-time: 1.4717010081905734e-09
---> Task 288 (Type: CPU_and_Data_Intensive) arriva in 139.64
--- [139.64] Task 288 using SearchNode Policy: v1_heuristic ---
[288] Filtro euristico: DTS-TMAX
[139.64] [Task 288] Routed STARLINK-11474 [DTC] -> STARLINK-31207 | E_NET=0.007892 J | Remaining=119999.97 J
[139.646] Task 288 enqueued on CPU STARLINK-31207 qlen_enqueue=1
----------------------------------------------------------------------
	||TIME IN SIMULATION : (seconds:140) (minutes: 2) ||

MODIFICA CONFIGURAZIONE IN CORSO...

Aggiornato il Tempo Globale:  2025-11-20 20:57:34
---> Task 289 (Type: CPU_Intensive) arriva in 140.13
--- [140.13] Task 289 using SearchNode Policy: v1_heuristic ---
[289] Filtro euristico: DTS-TMAX
[140.13] [Task 289] Routed STARLINK-11474 [DTC] -> STARLINK-32945 | E_NET=0.000010 J | Remaining=119999.97 J
[140.126] Task 289 enqueued on CPU STARLINK-32945 qlen_enqueue=1
[Task 289] Task eseguito su STARLINK-32945 40.246873362399114 degrees | CPU=116.4601J, NET=0.0000J, TOTAL=116.4601J, Remaining=119883.54J
[140.240] Task 289 served on STARLINK-32945 qlen_enqueue_cpu=1 qlen_enqueue_net=None time_in_queue=0.000
[289][GREEDY] STARLINK-32945 -> STARLINK-11474 [DTC] | Tramission-time: 0.0012646620051607524
[289] Energy routing consumed by STARLINK-32945: 0.000000 J (remaining 119883.54)
[140.269] Task 288 enqueued on NET STARLINK-31207 qlen_enqueue_net=1
[Task 288] Task eseguito su STARLINK-31207 54.150084300340836 degrees | CPU=642.0029J, NET=0.0111J, TOTAL=642.0140J, Remaining=118423.76J
[140.280] Task 288 served on STARLINK-31207 qlen_enqueue_cpu=1 qlen_enqueue_net=1 time_in_queue=0.000
[MODE: BIDIRECTIONAL]
[288][GREEDY] CONSEGNATO! STARLINK-31207 -> OBS | Tramission-time: 1.0515226750308402e-08
[MODE: BIDIRECTIONAL]
[289][GREEDY] CONSEGNATO! STARLINK-11474 [DTC] -> OBS | Tramission-time: 8.229478425234963e-12
---> Task 290 (Type: Generic_Service) arriva in 140.59
--- [140.59] Task 290 using SearchNode Policy: v1_heuristic ---
[290] Filtro euristico: DTS-TMAX
[140.59] [Task 290] Routed STARLINK-11474 [DTC] -> STARLINK-32945 | E_NET=0.000026 J | Remaining=119999.97 J
[140.592] Task 290 enqueued on CPU STARLINK-32945 qlen_enqueue=1
[Task 290] Task eseguito su STARLINK-32945 40.246873362399114 degrees | CPU=70.8972J, NET=0.0000J, TOTAL=70.8972J, Remaining=119812.64J
[140.662] Task 290 served on STARLINK-32945 qlen_enqueue_cpu=1 qlen_enqueue_net=None time_in_queue=0.000
[290][GREEDY] STARLINK-32945 -> STARLINK-11474 [DTC] | Tramission-time: 0.0012646620209328593
[290] Energy routing consumed by STARLINK-32945: 0.000000 J (remaining 119812.64)
[MODE: BIDIRECTIONAL]
[290][GREEDY] CONSEGNATO! STARLINK-11474 [DTC] -> OBS | Tramission-time: 2.1851200198778434e-11
---> Task 291 (Type: CPU_and_Data_Intensive) arriva in 141.48
--- [141.48] Task 291 using SearchNode Policy: v1_heuristic ---
[291] Filtro euristico: DTS-TMAX
[141.48] [Task 291] Routed STARLINK-11474 [DTC] -> STARLINK-32945 | E_NET=0.000066 J | Remaining=119999.97 J
[141.482] Task 291 enqueued on CPU STARLINK-32945 qlen_enqueue=1
---> Task 292 (Type: CPU_Intensive) arriva in 141.49
--- [141.49] Task 292 using SearchNode Policy: v1_heuristic ---
[292] Filtro euristico: DTS-TMAX
[141.49] [Task 292] Routed STARLINK-11474 [DTC] -> STARLINK-30900 | E_NET=0.000031 J | Remaining=119999.97 J
[141.492] Task 292 enqueued on CPU STARLINK-30900 qlen_enqueue=1
[Task 292] Task eseguito su STARLINK-30900 55.706241068358075 degrees | CPU=14.4662J, NET=0.0000J, TOTAL=14.4662J, Remaining=119041.39J
[141.509] Task 292 served on STARLINK-30900 qlen_enqueue_cpu=1 qlen_enqueue_net=None time_in_queue=0.000
[292][GREEDY] STARLINK-30900 -> STARLINK-11474 [DTC] | Tramission-time: 0.0007756414620044454
[292] Energy routing consumed by STARLINK-30900: 0.000000 J (remaining 119041.39)
[MODE: BIDIRECTIONAL]
[292][GREEDY] CONSEGNATO! STARLINK-11474 [DTC] -> OBS | Tramission-time: 3.005596277767703e-11
---> Task 293 (Type: Generic_Service) arriva in 141.82
--- [141.82] Task 293 using SearchNode Policy: v1_heuristic ---
[293] Filtro euristico: DTS-TMAX
[141.82] [Task 293] Routed STARLINK-11474 [DTC] -> STARLINK-30900 | E_NET=0.000007 J | Remaining=119999.97 J
[141.820] Task 293 enqueued on CPU STARLINK-30900 qlen_enqueue=1
[Task 293] Task eseguito su STARLINK-30900 55.706241068358075 degrees | CPU=14.0240J, NET=0.0000J, TOTAL=14.0240J, Remaining=119027.37J
[141.834] Task 293 served on STARLINK-30900 qlen_enqueue_cpu=1 qlen_enqueue_net=None time_in_queue=0.000
[293][GREEDY] STARLINK-30900 -> STARLINK-11474 [DTC] | Tramission-time: 0.0007756414413911428
[293] Energy routing consumed by STARLINK-30900: 0.000000 J (remaining 119027.37)
[MODE: BIDIRECTIONAL]
[293][GREEDY] CONSEGNATO! STARLINK-11474 [DTC] -> OBS | Tramission-time: 6.044860285312057e-12
----------------------------------------------------------------------
	||TIME IN SIMULATION : (seconds:142) (minutes: 2) ||

MODIFICA CONFIGURAZIONE IN CORSO...

Aggiornato il Tempo Globale:  2025-11-20 20:57:36
[142.066] Task 291 enqueued on NET STARLINK-32945 qlen_enqueue_net=1
[Task 291] Task eseguito su STARLINK-32945 40.91428079044339 degrees | CPU=602.6025J, NET=0.0001J, TOTAL=602.6026J, Remaining=119210.04J
[142.066] Task 291 served on STARLINK-32945 qlen_enqueue_cpu=1 qlen_enqueue_net=1 time_in_queue=0.000
---> Task 294 (Type: CPU_Intensive) arriva in 142.13
--- [142.13] Task 294 using SearchNode Policy: v1_heuristic ---
[294] Filtro euristico: DTS-TMAX
[142.13] [Task 294] Routed STARLINK-11474 [DTC] -> STARLINK-32945 | E_NET=0.000037 J | Remaining=119999.97 J
[142.129] Task 294 enqueued on CPU STARLINK-32945 qlen_enqueue=1
[291][GREEDY] STARLINK-32945 -> STARLINK-11474 [DTC] | Tramission-time: 0.0012517150447128433
[291] Energy routing consumed by STARLINK-32945: 0.000000 J (remaining 119210.04)
[MODE: BIDIRECTIONAL]
[291][GREEDY] CONSEGNATO! STARLINK-11474 [DTC] -> OBS | Tramission-time: 5.011974814473862e-11
---> Task 295 (Type: Generic_Service) arriva in 142.29
--- [142.29] Task 295 using SearchNode Policy: v1_heuristic ---
[295] Filtro euristico: DTS-TMAX
[142.29] [Task 295] Routed STARLINK-11474 [DTC] -> STARLINK-30900 | E_NET=0.000004 J | Remaining=119999.97 J
[142.291] Task 295 enqueued on CPU STARLINK-30900 qlen_enqueue=1
[Task 295] Task eseguito su STARLINK-30900 56.73360887327449 degrees | CPU=82.3849J, NET=0.0000J, TOTAL=82.3849J, Remaining=118944.98J
[142.371] Task 295 served on STARLINK-30900 qlen_enqueue_cpu=1 qlen_enqueue_net=None time_in_queue=0.000
[295][GREEDY] STARLINK-30900 -> STARLINK-11474 [DTC] | Tramission-time: 0.0007793858321626756
[295] Energy routing consumed by STARLINK-30900: 0.000000 J (remaining 118944.98)
[MODE: BIDIRECTIONAL]
[295][GREEDY] CONSEGNATO! STARLINK-11474 [DTC] -> OBS | Tramission-time: 3.698938006987605e-12
---> Task 296 (Type: CPU_and_Data_Intensive) arriva in 142.51
--- [142.51] Task 296 using SearchNode Policy: v1_heuristic ---
[296] Filtro euristico: DTS-TMAX
[142.51] [Task 296] Routed STARLINK-11474 [DTC] -> STARLINK-4472 | E_NET=0.007438 J | Remaining=119999.96 J
[142.522] Task 296 enqueued on CPU STARLINK-4472 qlen_enqueue=1
[142.930] Task 296 enqueued on NET STARLINK-4472 qlen_enqueue_net=1
[Task 296] Task eseguito su STARLINK-4472 53.768069994610734 degrees | CPU=420.7208J, NET=0.0081J, TOTAL=420.7289J, Remaining=118585.64J
[142.938] Task 296 served on STARLINK-4472 qlen_enqueue_cpu=1 qlen_enqueue_net=1 time_in_queue=0.000
[296][GREEDY] STARLINK-4472 -> STARLINK-11474 [DTC] | Tramission-time: 0.002086254342136687
[296] Energy routing consumed by STARLINK-4472: 0.000000 J (remaining 118585.64)
[MODE: BIDIRECTIONAL]
[296][GREEDY] CONSEGNATO! STARLINK-11474 [DTC] -> OBS | Tramission-time: 6.644864043202461e-09
[Task 294] Task eseguito su STARLINK-32945 40.91428079044339 degrees | CPU=908.8044J, NET=0.0000J, TOTAL=908.8045J, Remaining=118301.24J
[143.013] Task 294 served on STARLINK-32945 qlen_enqueue_cpu=1 qlen_enqueue_net=None time_in_queue=0.000
[294][GREEDY] STARLINK-32945 -> STARLINK-11474 [DTC] | Tramission-time: 0.0012517150210694904
[294] Energy routing consumed by STARLINK-32945: 0.000000 J (remaining 118301.24)
---> Task 297 (Type: CPU_Intensive) arriva in 143.14
--- [143.14] Task 297 using SearchNode Policy: v1_heuristic ---
[297] Filtro euristico: DTS-TMAX
[143.14] [Task 297] Routed STARLINK-11474 [DTC] -> STARLINK-35307 | E_NET=0.000014 J | Remaining=119999.96 J
[143.145] Task 297 enqueued on CPU STARLINK-35307 qlen_enqueue=1
[MODE: BIDIRECTIONAL]
[294][GREEDY] CONSEGNATO! STARLINK-11474 [DTC] -> OBS | Tramission-time: 3.4298449277367176e-11
---> Task 298 (Type: CPU_and_Data_Intensive) arriva in 143.54
--- [143.54] Task 298 using SearchNode Policy: v1_heuristic ---
[298] Filtro euristico: DTS-TMAX
[143.54] [Task 298] Routed STARLINK-11474 [DTC] -> STARLINK-31008 | E_NET=0.000039 J | Remaining=119999.96 J
[143.538] Task 298 enqueued on CPU STARLINK-31008 qlen_enqueue=1
[143.615] Task 298 enqueued on NET STARLINK-31008 qlen_enqueue_net=1
[Task 298] Task eseguito su STARLINK-31008 43.829556469818975 degrees | CPU=79.4609J, NET=0.0000J, TOTAL=79.4609J, Remaining=118876.08J
[143.615] Task 298 served on STARLINK-31008 qlen_enqueue_cpu=1 qlen_enqueue_net=1 time_in_queue=0.000
[298][GREEDY] STARLINK-31008 -> STARLINK-11474 [DTC] | Tramission-time: 0.0013890208569744473
[298] Energy routing consumed by STARLINK-31008: 0.000000 J (remaining 118876.08)
[MODE: BIDIRECTIONAL]
[298][GREEDY] CONSEGNATO! STARLINK-11474 [DTC] -> OBS | Tramission-time: 3.495959043980403e-11
[Task 297] Task eseguito su STARLINK-35307 51.29698172440873 degrees | CPU=656.5838J, NET=0.0000J, TOTAL=656.5838J, Remaining=118338.00J
[143.783] Task 297 served on STARLINK-35307 qlen_enqueue_cpu=1 qlen_enqueue_net=None time_in_queue=0.000
[MODE: BIDIRECTIONAL]
[297][GREEDY] CONSEGNATO! STARLINK-35307 -> OBS | Tramission-time: 1.401473082242401e-11
----------------------------------------------------------------------
	||TIME IN SIMULATION : (seconds:144) (minutes: 2) ||

MODIFICA CONFIGURAZIONE IN CORSO...

Aggiornato il Tempo Globale:  2025-11-20 20:57:38
---> Task 299 (Type: CPU_Intensive) arriva in 144.00
--- [144.00] Task 299 using SearchNode Policy: v1_heuristic ---
[299] Filtro euristico: DTS-TMAX
[144.00] [Task 299] Routed STARLINK-11474 [DTC] -> STARLINK-30900 | E_NET=0.000026 J | Remaining=119999.96 J
[144.003] Task 299 enqueued on CPU STARLINK-30900 qlen_enqueue=1
[Task 299] Task eseguito su STARLINK-30900 57.778416264571305 degrees | CPU=32.1207J, NET=0.0000J, TOTAL=32.1207J, Remaining=118912.86J
[144.036] Task 299 served on STARLINK-30900 qlen_enqueue_cpu=1 qlen_enqueue_net=None time_in_queue=0.000
[299][GREEDY] STARLINK-30900 -> STARLINK-11474 [DTC] | Tramission-time: 0.000784065741830651
[299] Energy routing consumed by STARLINK-30900: 0.000000 J (remaining 118912.86)
[MODE: BIDIRECTIONAL]
[299][GREEDY] CONSEGNATO! STARLINK-11474 [DTC] -> OBS | Tramission-time: 1.7966687925921822e-11
---> Task 300 (Type: Generic_Service) arriva in 145.68
--- [145.68] Task 300 using SearchNode Policy: v1_heuristic ---
[300] Filtro euristico: DTS-TMAX
[145.68] [Task 300] Routed STARLINK-11474 [DTC] -> STARLINK-6203 | E_NET=0.000015 J | Remaining=119999.96 J
[145.681] Task 300 enqueued on CPU STARLINK-6203 qlen_enqueue=1
[Task 300] Task eseguito su STARLINK-6203 43.328292719903025 degrees | CPU=86.7715J, NET=0.0000J, TOTAL=86.7715J, Remaining=118855.29J
[145.766] Task 300 served on STARLINK-6203 qlen_enqueue_cpu=1 qlen_enqueue_net=None time_in_queue=0.000
[300][GREEDY] STARLINK-6203 -> STARLINK-11474 [DTC] | Tramission-time: 0.0013920654861604817
[300] Energy routing consumed by STARLINK-6203: 0.000000 J (remaining 118855.29)
[MODE: BIDIRECTIONAL]
[300][GREEDY] CONSEGNATO! STARLINK-11474 [DTC] -> OBS | Tramission-time: 1.7426754686513e-11
---> Task 301 (Type: CPU_Intensive) arriva in 145.90
--- [145.90] Task 301 using SearchNode Policy: v1_heuristic ---
[301] Filtro euristico: DTS-TMAX
[145.90] [Task 301] Routed STARLINK-11474 [DTC] -> STARLINK-30900 | E_NET=0.000010 J | Remaining=119999.96 J
[145.897] Task 301 enqueued on CPU STARLINK-30900 qlen_enqueue=1
----------------------------------------------------------------------
	||TIME IN SIMULATION : (seconds:146) (minutes: 2) ||

MODIFICA CONFIGURAZIONE IN CORSO...

Aggiornato il Tempo Globale:  2025-11-20 20:57:40
[Task 301] Task eseguito su STARLINK-30900 58.8401169254708 degrees | CPU=580.3298J, NET=0.0000J, TOTAL=580.3298J, Remaining=118332.53J
[146.460] Task 301 served on STARLINK-30900 qlen_enqueue_cpu=1 qlen_enqueue_net=None time_in_queue=0.000
[301][GREEDY] STARLINK-30900 -> STARLINK-11474 [DTC] | Tramission-time: 0.000789664425853948
[301] Energy routing consumed by STARLINK-30900: 0.000000 J (remaining 118332.53)
[MODE: BIDIRECTIONAL]
[301][GREEDY] CONSEGNATO! STARLINK-11474 [DTC] -> OBS | Tramission-time: 7.407200564962151e-12
---> Task 302 (Type: Generic_Service) arriva in 146.86
--- [146.86] Task 302 using SearchNode Policy: v1_heuristic ---
[302] Filtro euristico: DTS-TMAX
[146.86] [Task 302] Routed STARLINK-11474 [DTC] -> STARLINK-31008 | E_NET=0.000008 J | Remaining=119999.96 J
[146.863] Task 302 enqueued on CPU STARLINK-31008 qlen_enqueue=1
[Task 302] Task eseguito su STARLINK-31008 45.580227739562524 degrees | CPU=33.2471J, NET=0.0000J, TOTAL=33.2471J, Remaining=118842.83J
[146.895] Task 302 served on STARLINK-31008 qlen_enqueue_cpu=1 qlen_enqueue_net=None time_in_queue=0.000
[302][GREEDY] STARLINK-31008 -> STARLINK-11474 [DTC] | Tramission-time: 0.001303248712869973
[302] Energy routing consumed by STARLINK-31008: 0.000000 J (remaining 118842.83)
[MODE: BIDIRECTIONAL]
[302][GREEDY] CONSEGNATO! STARLINK-11474 [DTC] -> OBS | Tramission-time: 7.76908601115476e-12
---> Task 303 (Type: Generic_Service) arriva in 147.44
--- [147.44] Task 303 using SearchNode Policy: v1_heuristic ---
[303] Filtro euristico: DTS-TMAX
[147.44] [Task 303] Routed STARLINK-11474 [DTC] -> STARLINK-3897 | E_NET=0.000010 J | Remaining=119999.96 J
[147.438] Task 303 enqueued on CPU STARLINK-3897 qlen_enqueue=1
[Task 303] Task eseguito su STARLINK-3897 48.928867524557766 degrees | CPU=19.6397J, NET=0.0000J, TOTAL=19.6397J, Remaining=118854.76J
[147.457] Task 303 served on STARLINK-3897 qlen_enqueue_cpu=1 qlen_enqueue_net=None time_in_queue=0.000
[303][GREEDY] STARLINK-3897 -> STARLINK-11474 [DTC] | Tramission-time: 0.001728721250776096
[303] Energy routing consumed by STARLINK-3897: 0.000000 J (remaining 118854.76)
[MODE: BIDIRECTIONAL]
[303][GREEDY] CONSEGNATO! STARLINK-11474 [DTC] -> OBS | Tramission-time: 9.535162832717941e-12
---> Task 304 (Type: CPU_Intensive) arriva in 147.98
--- [147.98] Task 304 using SearchNode Policy: v1_heuristic ---
[304] Filtro euristico: DTS-TMAX
[147.98] [Task 304] Routed STARLINK-11474 [DTC] -> STARLINK-6203 | E_NET=0.000021 J | Remaining=119999.96 J
[147.984] Task 304 enqueued on CPU STARLINK-6203 qlen_enqueue=1
----------------------------------------------------------------------
	||TIME IN SIMULATION : (seconds:148) (minutes: 2) ||

MODIFICA CONFIGURAZIONE IN CORSO...

Aggiornato il Tempo Globale:  2025-11-20 20:57:42
[Task 304] Task eseguito su STARLINK-6203 44.92964507477333 degrees | CPU=701.4053J, NET=0.0000J, TOTAL=701.4054J, Remaining=118153.89J
[148.666] Task 304 served on STARLINK-6203 qlen_enqueue_cpu=1 qlen_enqueue_net=None time_in_queue=0.000
[304][GREEDY] STARLINK-6203 -> STARLINK-11474 [DTC] | Tramission-time: 0.001353339089382898
[304] Energy routing consumed by STARLINK-6203: 0.000000 J (remaining 118153.89)
[MODE: BIDIRECTIONAL]
[304][GREEDY] CONSEGNATO! STARLINK-11474 [DTC] -> OBS | Tramission-time: 1.6040404597503706e-11
---> Task 305 (Type: CPU_Intensive) arriva in 148.78
--- [148.78] Task 305 using SearchNode Policy: v1_heuristic ---
[305] Filtro euristico: DTS-TMAX
[148.78] [Task 305] Routed STARLINK-11474 [DTC] -> STARLINK-3130 | E_NET=0.000018 J | Remaining=119999.96 J
[148.779] Task 305 enqueued on CPU STARLINK-3130 qlen_enqueue=1
[Task 305] Task eseguito su STARLINK-3130 40.33102287327701 degrees | CPU=77.6013J, NET=0.0000J, TOTAL=77.6013J, Remaining=119922.40J
[148.856] Task 305 served on STARLINK-3130 qlen_enqueue_cpu=1 qlen_enqueue_net=None time_in_queue=0.000
[305][GREEDY] STARLINK-3130 -> STARLINK-11474 [DTC] | Tramission-time: 0.0014657188143789178
[305] Energy routing consumed by STARLINK-3130: 0.000000 J (remaining 119922.40)
[MODE: BIDIRECTIONAL]
[305][GREEDY] CONSEGNATO! STARLINK-11474 [DTC] -> OBS | Tramission-time: 1.780199976187767e-11
---> Task 306 (Type: CPU_Intensive) arriva in 149.06
--- [149.06] Task 306 using SearchNode Policy: v1_heuristic ---
[306] Filtro euristico: DTS-TMAX
[149.06] [Task 306] Routed STARLINK-11474 [DTC] -> STARLINK-34965 | E_NET=0.000022 J | Remaining=119999.96 J
[149.064] Task 306 enqueued on CPU STARLINK-34965 qlen_enqueue=1
---> Task 307 (Type: Generic_Service) arriva in 149.12
--- [149.12] Task 307 using SearchNode Policy: v1_heuristic ---
[307] Filtro euristico: DTS-TMAX
[Task 307] Nessun server rimasto dopo i filtri (deadline/sunset).
[Task 307] REJECTED on STARLINK-11474 [DTC] due to: No suitable server found after deadline/sunset filters
---> Task 308 (Type: CPU_and_Data_Intensive) arriva in 149.66
--- [149.66] Task 308 using SearchNode Policy: v1_heuristic ---
[308] Filtro euristico: DTS-TMAX
[149.66] [Task 308] Routed STARLINK-11474 [DTC] -> STARLINK-4396 | E_NET=0.000420 J | Remaining=119999.96 J
[149.658] Task 308 enqueued on CPU STARLINK-4396 qlen_enqueue=1
[Task 306] Task eseguito su STARLINK-34965 40.13689447104053 degrees | CPU=645.3921J, NET=0.0000J, TOTAL=645.3922J, Remaining=119354.61J
[149.692] Task 306 served on STARLINK-34965 qlen_enqueue_cpu=1 qlen_enqueue_net=None time_in_queue=0.000
[306][GREEDY] STARLINK-34965 -> STARLINK-11474 [DTC] | Tramission-time: 0.001813125642940666
[306] Energy routing consumed by STARLINK-34965: 0.000000 J (remaining 119354.61)
[MODE: BIDIRECTIONAL]
[306][GREEDY] CONSEGNATO! STARLINK-11474 [DTC] -> OBS | Tramission-time: 2.125543079096549e-11
----------------------------------------------------------------------
	||TIME IN SIMULATION : (seconds:150) (minutes: 2) ||

MODIFICA CONFIGURAZIONE IN CORSO...

Aggiornato il Tempo Globale:  2025-11-20 20:57:44
---> Task 309 (Type: CPU_and_Data_Intensive) arriva in 150.31
--- [150.31] Task 309 using SearchNode Policy: v1_heuristic ---
[309] Filtro euristico: DTS-TMAX
[150.31] [Task 309] Routed STARLINK-11474 [DTC] -> STARLINK-35398 | E_NET=0.003911 J | Remaining=119999.96 J
[150.313] Task 309 enqueued on CPU STARLINK-35398 qlen_enqueue=1
---> Task 310 (Type: Generic_Service) arriva in 150.38
--- [150.38] Task 310 using SearchNode Policy: v1_heuristic ---
[310] Filtro euristico: DTS-TMAX
[150.38] [Task 310] Routed STARLINK-11474 [DTC] -> STARLINK-3130 | E_NET=0.000031 J | Remaining=119999.96 J
[150.379] Task 310 enqueued on CPU STARLINK-3130 qlen_enqueue=1
[Task 310] Task eseguito su STARLINK-3130 40.8989768827638 degrees | CPU=42.0697J, NET=0.0000J, TOTAL=42.0698J, Remaining=119880.33J
[150.422] Task 310 served on STARLINK-3130 qlen_enqueue_cpu=1 qlen_enqueue_net=None time_in_queue=0.000
[310][GREEDY] STARLINK-3130 -> STARLINK-11474 [DTC] | Tramission-time: 0.0014701901331552053
[310] Energy routing consumed by STARLINK-3130: 0.000000 J (remaining 119880.33)
[MODE: BIDIRECTIONAL]
[310][GREEDY] CONSEGNATO! STARLINK-11474 [DTC] -> OBS | Tramission-time: 2.523157688917172e-11
[150.721] Task 309 enqueued on NET STARLINK-35398 qlen_enqueue_net=1
[Task 309] Task eseguito su STARLINK-35398 40.09176086845417 degrees | CPU=420.6470J, NET=0.0054J, TOTAL=420.6524J, Remaining=119579.35J
[150.726] Task 309 served on STARLINK-35398 qlen_enqueue_cpu=1 qlen_enqueue_net=1 time_in_queue=0.000
[309][GREEDY] STARLINK-35398 -> STARLINK-11474 [DTC] | Tramission-time: 0.0012773256967031827
[309] Energy routing consumed by STARLINK-35398: 0.000000 J (remaining 119579.35)
---> Task 311 (Type: CPU_Intensive) arriva in 150.88
--- [150.88] Task 311 using SearchNode Policy: v1_heuristic ---
[311] Filtro euristico: DTS-TMAX
[150.88] [Task 311] Routed STARLINK-11474 [DTC] -> STARLINK-3130 | E_NET=0.000016 J | Remaining=119999.96 J
[150.880] Task 311 enqueued on CPU STARLINK-3130 qlen_enqueue=1
[MODE: BIDIRECTIONAL]
[309][GREEDY] CONSEGNATO! STARLINK-11474 [DTC] -> OBS | Tramission-time: 4.87088280392243e-09
[150.888] Task 308 enqueued on NET STARLINK-4396 qlen_enqueue_net=1
[Task 308] Task eseguito su STARLINK-4396 44.567753349199734 degrees | CPU=1267.6307J, NET=0.0006J, TOTAL=1267.6313J, Remaining=118732.37J
[150.888] Task 308 served on STARLINK-4396 qlen_enqueue_cpu=1 qlen_enqueue_net=1 time_in_queue=0.000
[308][GREEDY] STARLINK-4396 -> STARLINK-11474 [DTC] | Tramission-time: 0.00209801060175036
[308] Energy routing consumed by STARLINK-4396: 0.000000 J (remaining 118732.37)
[MODE: BIDIRECTIONAL]
[308][GREEDY] CONSEGNATO! STARLINK-11474 [DTC] -> OBS | Tramission-time: 5.208378164487019e-10
[Task 311] Task eseguito su STARLINK-3130 40.8989768827638 degrees | CPU=362.8381J, NET=0.0000J, TOTAL=362.8381J, Remaining=119517.49J
[151.234] Task 311 served on STARLINK-3130 qlen_enqueue_cpu=1 qlen_enqueue_net=None time_in_queue=0.000
---> Task 312 (Type: Generic_Service) arriva in 151.24
--- [151.24] Task 312 using SearchNode Policy: v1_heuristic ---
[312] Filtro euristico: DTS-TMAX
[151.24] [Task 312] Routed STARLINK-11474 [DTC] -> STARLINK-35398 | E_NET=0.000009 J | Remaining=119999.96 J
[151.245] Task 312 enqueued on CPU STARLINK-35398 qlen_enqueue=1
[311][GREEDY] STARLINK-3130 -> STARLINK-11474 [DTC] | Tramission-time: 0.0014701901206513994
[311] Energy routing consumed by STARLINK-3130: 0.000000 J (remaining 119517.49)
[Task 312] Task eseguito su STARLINK-35398 40.09176086845417 degrees | CPU=103.7507J, NET=0.0000J, TOTAL=103.7507J, Remaining=119475.60J
[151.347] Task 312 served on STARLINK-35398 qlen_enqueue_cpu=1 qlen_enqueue_net=None time_in_queue=0.000
[MODE: BIDIRECTIONAL]
[311][GREEDY] CONSEGNATO! STARLINK-11474 [DTC] -> OBS | Tramission-time: 1.5704961734777884e-11
[312][GREEDY] STARLINK-35398 -> STARLINK-11474 [DTC] | Tramission-time: 0.0012773220608995575
[312] Energy routing consumed by STARLINK-35398: 0.000000 J (remaining 119475.60)
[MODE: BIDIRECTIONAL]
[312][GREEDY] CONSEGNATO! STARLINK-11474 [DTC] -> OBS | Tramission-time: 1.0859850853832284e-11
----------------------------------------------------------------------
	||TIME IN SIMULATION : (seconds:152) (minutes: 2) ||

MODIFICA CONFIGURAZIONE IN CORSO...

Aggiornato il Tempo Globale:  2025-11-20 20:57:46
---> Task 313 (Type: Generic_Service) arriva in 152.07
--- [152.07] Task 313 using SearchNode Policy: v1_heuristic ---
[313] Filtro euristico: DTS-TMAX
[152.07] [Task 313] Routed STARLINK-11474 [DTC] -> STARLINK-31782 | E_NET=0.000009 J | Remaining=119999.96 J
[152.073] Task 313 enqueued on CPU STARLINK-31782 qlen_enqueue=1
[Task 313] Task eseguito su STARLINK-31782 40.76589485700381 degrees | CPU=106.9464J, NET=0.0000J, TOTAL=106.9464J, Remaining=119893.05J
[152.177] Task 313 served on STARLINK-31782 qlen_enqueue_cpu=1 qlen_enqueue_net=None time_in_queue=0.000
[313][GREEDY] STARLINK-31782 -> STARLINK-11474 [DTC] | Tramission-time: 0.0012875434709912412
[313] Energy routing consumed by STARLINK-31782: 0.000000 J (remaining 119893.05)
[MODE: BIDIRECTIONAL]
[313][GREEDY] CONSEGNATO! STARLINK-11474 [DTC] -> OBS | Tramission-time: 7.625893951104435e-12
---> Task 314 (Type: CPU_Intensive) arriva in 152.29
--- [152.29] Task 314 using SearchNode Policy: v1_heuristic ---
[314] Filtro euristico: DTS-TMAX
[152.29] [Task 314] Routed STARLINK-11474 [DTC] -> STARLINK-31782 | E_NET=0.000029 J | Remaining=119999.96 J
[152.292] Task 314 enqueued on CPU STARLINK-31782 qlen_enqueue=1
---> Task 315 (Type: CPU_and_Data_Intensive) arriva in 152.44
--- [152.44] Task 315 using SearchNode Policy: v1_heuristic ---
[315] Filtro euristico: DTS-TMAX
[152.44] [Task 315] Routed STARLINK-11474 [DTC] -> STARLINK-31782 | E_NET=0.009630 J | Remaining=119999.95 J
[Task 314] Task eseguito su STARLINK-31782 40.76589485700381 degrees | CPU=151.4251J, NET=0.0000J, TOTAL=151.4251J, Remaining=119741.63J
[152.441] Task 314 served on STARLINK-31782 qlen_enqueue_cpu=1 qlen_enqueue_net=None time_in_queue=0.000
[152.447] Task 315 enqueued on CPU STARLINK-31782 qlen_enqueue=1
[314][GREEDY] STARLINK-31782 -> STARLINK-11474 [DTC] | Tramission-time: 0.00128754349193203
[314] Energy routing consumed by STARLINK-31782: 0.000000 J (remaining 119741.63)
---> Task 316 (Type: CPU_Intensive) arriva in 152.54
--- [152.54] Task 316 using SearchNode Policy: v1_heuristic ---
[316] Filtro euristico: DTS-TMAX
[152.54] [Task 316] Routed STARLINK-11474 [DTC] -> STARLINK-3130 | E_NET=0.000006 J | Remaining=119999.95 J
[152.544] Task 316 enqueued on CPU STARLINK-3130 qlen_enqueue=1
[MODE: BIDIRECTIONAL]
[314][GREEDY] CONSEGNATO! STARLINK-11474 [DTC] -> OBS | Tramission-time: 2.3177323846237633e-11
[152.894] Task 315 enqueued on NET STARLINK-31782 qlen_enqueue_net=1
[Task 315] Task eseguito su STARLINK-31782 40.76589485700381 degrees | CPU=460.7949J, NET=0.0108J, TOTAL=460.8056J, Remaining=119280.82J
[152.905] Task 315 served on STARLINK-31782 qlen_enqueue_cpu=1 qlen_enqueue_net=1 time_in_queue=0.000
[315][GREEDY] STARLINK-31782 -> STARLINK-11474 [DTC] | Tramission-time: 0.001287552123448384
[315] Energy routing consumed by STARLINK-31782: 0.000000 J (remaining 119280.82)
---> Task 317 (Type: Generic_Service) arriva in 153.02
--- [153.02] Task 317 using SearchNode Policy: v1_heuristic ---
[317] Filtro euristico: DTS-TMAX
[153.02] [Task 317] Routed STARLINK-11474 [DTC] -> STARLINK-35398 | E_NET=0.000016 J | Remaining=119999.95 J
[153.026] Task 317 enqueued on CPU STARLINK-35398 qlen_enqueue=1
[Task 317] Task eseguito su STARLINK-35398 40.97390341983133 degrees | CPU=50.1213J, NET=0.0000J, TOTAL=50.1214J, Remaining=119425.48J
[153.076] Task 317 served on STARLINK-35398 qlen_enqueue_cpu=1 qlen_enqueue_net=None time_in_queue=0.000
[MODE: BIDIRECTIONAL]
[315][GREEDY] CONSEGNATO! STARLINK-11474 [DTC] -> OBS | Tramission-time: 8.154960050800978e-09
[317][GREEDY] STARLINK-35398 -> STARLINK-11474 [DTC] | Tramission-time: 0.0012790412759471172
[317] Energy routing consumed by STARLINK-35398: 0.000000 J (remaining 119425.48)
[MODE: BIDIRECTIONAL]
[317][GREEDY] CONSEGNATO! STARLINK-11474 [DTC] -> OBS | Tramission-time: 1.6141442325462985e-11
----------------------------------------------------------------------
	||TIME IN SIMULATION : (seconds:154) (minutes: 2) ||

MODIFICA CONFIGURAZIONE IN CORSO...

Aggiornato il Tempo Globale:  2025-11-20 20:57:48
---> Task 318 (Type: Generic_Service) arriva in 154.57
--- [154.57] Task 318 using SearchNode Policy: v1_heuristic ---
[318] Filtro euristico: DTS-TMAX
[154.57] [Task 318] Routed STARLINK-11474 [DTC] -> STARLINK-31207 | E_NET=0.000008 J | Remaining=119999.95 J
[154.568] Task 318 enqueued on CPU STARLINK-31207 qlen_enqueue=1
[Task 318] Task eseguito su STARLINK-31207 63.08009007214972 degrees | CPU=6.9341J, NET=0.0000J, TOTAL=6.9341J, Remaining=118416.83J
[154.576] Task 318 served on STARLINK-31207 qlen_enqueue_cpu=1 qlen_enqueue_net=None time_in_queue=0.000
[MODE: BIDIRECTIONAL]
[318][GREEDY] CONSEGNATO! STARLINK-31207 -> OBS | Tramission-time: 8.052144441747165e-12
[Task 316] Task eseguito su STARLINK-3130 42.04029260759645 degrees | CPU=2677.9767J, NET=0.0000J, TOTAL=2677.9767J, Remaining=116839.51J
[155.142] Task 316 served on STARLINK-3130 qlen_enqueue_cpu=1 qlen_enqueue_net=None time_in_queue=0.000
[316][GREEDY] STARLINK-3130 -> STARLINK-11474 [DTC] | Tramission-time: 0.0014858842220516852
[316] Energy routing consumed by STARLINK-3130: 0.000000 J (remaining 116839.51)
[MODE: BIDIRECTIONAL]
[316][GREEDY] CONSEGNATO! STARLINK-11474 [DTC] -> OBS | Tramission-time: 6.602866998169156e-12
----------------------------------------------------------------------
	||TIME IN SIMULATION : (seconds:156) (minutes: 2) ||

MODIFICA CONFIGURAZIONE IN CORSO...

Aggiornato il Tempo Globale:  2025-11-20 20:57:50
---> Task 319 (Type: Generic_Service) arriva in 156.03
--- [156.03] Task 319 using SearchNode Policy: v1_heuristic ---
[319] Filtro euristico: DTS-TMAX
[156.03] [Task 319] Routed STARLINK-11734 [DTC] -> STARLINK-31399 | E_NET=0.000018 J | Remaining=120000.00 J
[156.029] Task 319 enqueued on CPU STARLINK-31399 qlen_enqueue=1
[Task 319] Task eseguito su STARLINK-31399 41.41527683050962 degrees | CPU=46.4360J, NET=0.0000J, TOTAL=46.4360J, Remaining=119953.56J
[156.075] Task 319 served on STARLINK-31399 qlen_enqueue_cpu=1 qlen_enqueue_net=None time_in_queue=0.000
[319][GREEDY] STARLINK-31399 -> STARLINK-11474 [DTC] | Tramission-time: 0.0013165259599467792
[319] Energy routing consumed by STARLINK-31399: 0.000000 J (remaining 119953.56)
[MODE: BIDIRECTIONAL]
[319][GREEDY] CONSEGNATO! STARLINK-11474 [DTC] -> OBS | Tramission-time: 1.6197392771650647e-11
---> Task 320 (Type: CPU_and_Data_Intensive) arriva in 156.24
--- [156.24] Task 320 using SearchNode Policy: v1_heuristic ---
[320] Filtro euristico: DTS-TMAX
[156.24] [Task 320] Routed STARLINK-11734 [DTC] -> STARLINK-11474 [DTC] | E_NET=0.000422 J | Remaining=120000.00 J
[156.242] Task 320 enqueued on CPU STARLINK-11474 [DTC] qlen_enqueue=1
---> Task 321 (Type: CPU_and_Data_Intensive) arriva in 156.26
--- [156.26] Task 321 using SearchNode Policy: v1_heuristic ---
[321] Filtro euristico: DTS-TMAX
[156.26] [Task 321] Routed STARLINK-11734 [DTC] -> STARLINK-31008 | E_NET=0.008431 J | Remaining=119999.99 J
[156.268] Task 321 enqueued on CPU STARLINK-31008 qlen_enqueue=1
[156.333] Task 321 enqueued on NET STARLINK-31008 qlen_enqueue_net=1
[Task 321] Task eseguito su STARLINK-31008 50.27342237005597 degrees | CPU=66.2945J, NET=0.0104J, TOTAL=66.3049J, Remaining=118776.53J
[156.343] Task 321 served on STARLINK-31008 qlen_enqueue_cpu=1 qlen_enqueue_net=1 time_in_queue=0.000
[321][GREEDY] STARLINK-31008 -> STARLINK-11474 [DTC] | Tramission-time: 0.0010940729702479687
[321] Energy routing consumed by STARLINK-31008: 0.000000 J (remaining 118776.53)
[MODE: BIDIRECTIONAL]
[321][GREEDY] CONSEGNATO! STARLINK-11474 [DTC] -> OBS | Tramission-time: 6.989291882058414e-09
---> Task 322 (Type: CPU_and_Data_Intensive) arriva in 156.85
--- [156.85] Task 322 using SearchNode Policy: v1_heuristic ---
[322] Filtro euristico: DTS-TMAX
[156.85] [Task 322] Routed STARLINK-11734 [DTC] -> STARLINK-31399 | E_NET=0.000446 J | Remaining=119999.99 J
[156.847] Task 322 enqueued on CPU STARLINK-31399 qlen_enqueue=1
[156.851] Task 320 enqueued on NET STARLINK-11474 [DTC] qlen_enqueue_net=1
[Task 320] Task eseguito su STARLINK-11474 [DTC] 67.60443410987061 degrees | CPU=627.8204J, NET=0.0006J, TOTAL=627.8210J, Remaining=119372.13J
[156.852] Task 320 served on STARLINK-11474 [DTC] qlen_enqueue_cpu=1 qlen_enqueue_net=1 time_in_queue=0.000
[MODE: BIDIRECTIONAL]
[320][GREEDY] CONSEGNATO! STARLINK-11474 [DTC] -> OBS | Tramission-time: 4.6005057812422023e-10
---> Task 323 (Type: CPU_Intensive) arriva in 157.10
--- [157.10] Task 323 using SearchNode Policy: v1_heuristic ---
[323] Filtro euristico: DTS-TMAX
[157.10] [Task 323] Routed STARLINK-11734 [DTC] -> STARLINK-11474 [DTC] | E_NET=0.000015 J | Remaining=119999.99 J
[157.101] Task 323 enqueued on CPU STARLINK-11474 [DTC] qlen_enqueue=1
[157.451] Task 322 enqueued on NET STARLINK-31399 qlen_enqueue_net=1
[Task 322] Task eseguito su STARLINK-31399 41.41527683050962 degrees | CPU=621.9285J, NET=0.0005J, TOTAL=621.9289J, Remaining=119331.64J
[157.451] Task 322 served on STARLINK-31399 qlen_enqueue_cpu=1 qlen_enqueue_net=1 time_in_queue=0.000
[322][GREEDY] STARLINK-31399 -> STARLINK-11474 [DTC] | Tramission-time: 0.0013165263370357525
[322] Energy routing consumed by STARLINK-31399: 0.000000 J (remaining 119331.64)
[MODE: BIDIRECTIONAL]
[322][GREEDY] CONSEGNATO! STARLINK-11474 [DTC] -> OBS | Tramission-time: 3.7610338467138876e-10
[Task 323] Task eseguito su STARLINK-11474 [DTC] 67.60443410987061 degrees | CPU=724.1570J, NET=0.0000J, TOTAL=724.1570J, Remaining=118647.97J
[157.805] Task 323 served on STARLINK-11474 [DTC] qlen_enqueue_cpu=1 qlen_enqueue_net=None time_in_queue=0.000
[MODE: BIDIRECTIONAL]
[323][GREEDY] CONSEGNATO! STARLINK-11474 [DTC] -> OBS | Tramission-time: 1.5096472703984158e-11
----------------------------------------------------------------------
	||TIME IN SIMULATION : (seconds:158) (minutes: 2) ||

MODIFICA CONFIGURAZIONE IN CORSO...

Aggiornato il Tempo Globale:  2025-11-20 20:57:52
---> Task 324 (Type: CPU_and_Data_Intensive) arriva in 158.22
--- [158.22] Task 324 using SearchNode Policy: v1_heuristic ---
[324] Filtro euristico: DTS-TMAX
[Task 324] Nessun server rimasto dopo i filtri (deadline/sunset).
[Task 324] REJECTED on STARLINK-11734 [DTC] due to: No suitable server found after deadline/sunset filters
---> Task 325 (Type: Generic_Service) arriva in 158.26
--- [158.26] Task 325 using SearchNode Policy: v1_heuristic ---
[325] Filtro euristico: DTS-TMAX
[158.26] [Task 325] Routed STARLINK-11734 [DTC] -> STARLINK-31008 | E_NET=0.000008 J | Remaining=119999.99 J
[158.260] Task 325 enqueued on CPU STARLINK-31008 qlen_enqueue=1
[Task 325] Task eseguito su STARLINK-31008 51.263233611921116 degrees | CPU=8.8986J, NET=0.0000J, TOTAL=8.8986J, Remaining=118767.63J
[158.270] Task 325 served on STARLINK-31008 qlen_enqueue_cpu=1 qlen_enqueue_net=None time_in_queue=0.000
[325][GREEDY] STARLINK-31008 -> STARLINK-11474 [DTC] | Tramission-time: 0.0010534203633873057
[325] Energy routing consumed by STARLINK-31008: 0.000000 J (remaining 118767.63)
[MODE: BIDIRECTIONAL]
[325][GREEDY] CONSEGNATO! STARLINK-11474 [DTC] -> OBS | Tramission-time: 6.096157883529633e-12
---> Task 326 (Type: CPU_and_Data_Intensive) arriva in 158.54
--- [158.54] Task 326 using SearchNode Policy: v1_heuristic ---
[326] Filtro euristico: DTS-TMAX
[158.54] [Task 326] Routed STARLINK-11734 [DTC] -> STARLINK-34902 | E_NET=0.004084 J | Remaining=119999.99 J
[158.545] Task 326 enqueued on CPU STARLINK-34902 qlen_enqueue=1
---> Task 327 (Type: CPU_Intensive) arriva in 158.66
--- [158.66] Task 327 using SearchNode Policy: v1_heuristic ---
[327] Filtro euristico: DTS-TMAX
[158.66] [Task 327] Routed STARLINK-11734 [DTC] -> STARLINK-31399 | E_NET=0.000005 J | Remaining=119999.99 J
[158.664] Task 327 enqueued on CPU STARLINK-31399 qlen_enqueue=1
---> Task 328 (Type: Generic_Service) arriva in 158.69
--- [158.69] Task 328 using SearchNode Policy: v1_heuristic ---
[328] Filtro euristico: DTS-TMAX
[158.69] [Task 328] Routed STARLINK-11734 [DTC] -> STARLINK-31782 | E_NET=0.000028 J | Remaining=119999.99 J
[158.688] Task 328 enqueued on CPU STARLINK-31782 qlen_enqueue=1
[Task 327] Task eseguito su STARLINK-31399 42.26836752057359 degrees | CPU=70.4106J, NET=0.0000J, TOTAL=70.4107J, Remaining=119261.22J
[158.733] Task 327 served on STARLINK-31399 qlen_enqueue_cpu=1 qlen_enqueue_net=None time_in_queue=0.000
[Task 328] Task eseguito su STARLINK-31782 43.23342414893447 degrees | CPU=64.3652J, NET=0.0000J, TOTAL=64.3652J, Remaining=119216.46J
[158.753] Task 328 served on STARLINK-31782 qlen_enqueue_cpu=1 qlen_enqueue_net=None time_in_queue=0.000
[328][GREEDY] STARLINK-31782 -> STARLINK-11474 [DTC] | Tramission-time: 0.0012982128938920502
[328] Energy routing consumed by STARLINK-31782: 0.000000 J (remaining 119216.46)
[327][GREEDY] STARLINK-31399 -> STARLINK-11474 [DTC] | Tramission-time: 0.001305574903310421
[327] Energy routing consumed by STARLINK-31399: 0.000000 J (remaining 119261.22)
[MODE: BIDIRECTIONAL]
[328][GREEDY] CONSEGNATO! STARLINK-11474 [DTC] -> OBS | Tramission-time: 3.291793245955571e-11
[MODE: BIDIRECTIONAL]
[327][GREEDY] CONSEGNATO! STARLINK-11474 [DTC] -> OBS | Tramission-time: 6.416592475263924e-12
[159.175] Task 326 enqueued on NET STARLINK-34902 qlen_enqueue_net=1
[Task 326] Task eseguito su STARLINK-34902 40.06969615436958 degrees | CPU=649.7071J, NET=0.0041J, TOTAL=649.7113J, Remaining=119350.29J
[159.179] Task 326 served on STARLINK-34902 qlen_enqueue_cpu=1 qlen_enqueue_net=1 time_in_queue=0.000
[326][GREEDY] STARLINK-34902 -> STARLINK-11474 [DTC] | Tramission-time: 0.0018657769810667354
[326] Energy routing consumed by STARLINK-34902: 0.000000 J (remaining 119350.29)
[MODE: BIDIRECTIONAL]
[326][GREEDY] CONSEGNATO! STARLINK-11474 [DTC] -> OBS | Tramission-time: 3.016171377620149e-09
---> Task 329 (Type: CPU_Intensive) arriva in 159.92
--- [159.92] Task 329 using SearchNode Policy: v1_heuristic ---
[329] Filtro euristico: DTS-TMAX
[159.92] [Task 329] Routed STARLINK-11734 [DTC] -> STARLINK-34902 | E_NET=0.000005 J | Remaining=119999.99 J
[159.920] Task 329 enqueued on CPU STARLINK-34902 qlen_enqueue=1
----------------------------------------------------------------------
	||TIME IN SIMULATION : (seconds:160) (minutes: 2) ||

MODIFICA CONFIGURAZIONE IN CORSO...

Aggiornato il Tempo Globale:  2025-11-20 20:57:54
---> Task 330 (Type: CPU_Intensive) arriva in 160.04
--- [160.04] Task 330 using SearchNode Policy: v1_heuristic ---
[330] Filtro euristico: DTS-TMAX
[160.04] [Task 330] Routed STARLINK-11734 [DTC] -> STARLINK-35398 | E_NET=0.000007 J | Remaining=119999.99 J
[160.040] Task 330 enqueued on CPU STARLINK-35398 qlen_enqueue=1
[Task 329] Task eseguito su STARLINK-34902 40.65326891798777 degrees | CPU=144.9149J, NET=0.0000J, TOTAL=144.9149J, Remaining=119205.37J
[160.061] Task 329 served on STARLINK-34902 qlen_enqueue_cpu=1 qlen_enqueue_net=None time_in_queue=0.000
[329][GREEDY] STARLINK-34902 -> STARLINK-11474 [DTC] | Tramission-time: 0.0018035739379694612
[329] Energy routing consumed by STARLINK-34902: 0.000000 J (remaining 119205.37)
[MODE: BIDIRECTIONAL]
[329][GREEDY] CONSEGNATO! STARLINK-11474 [DTC] -> OBS | Tramission-time: 4.337139179490433e-12
---> Task 331 (Type: CPU_and_Data_Intensive) arriva in 160.22
--- [160.22] Task 331 using SearchNode Policy: v1_heuristic ---
[331] Filtro euristico: DTS-TMAX
[160.22] [Task 331] Routed STARLINK-11734 [DTC] -> STARLINK-31399 | E_NET=0.000160 J | Remaining=119999.99 J
[160.221] Task 331 enqueued on CPU STARLINK-31399 qlen_enqueue=1
---> Task 332 (Type: Generic_Service) arriva in 160.26
--- [160.26] Task 332 using SearchNode Policy: v1_heuristic ---
[332] Filtro euristico: DTS-TMAX
[160.26] [Task 332] Routed STARLINK-11734 [DTC] -> STARLINK-31782 | E_NET=0.000017 J | Remaining=119999.99 J
[160.267] Task 332 enqueued on CPU STARLINK-31782 qlen_enqueue=1
---> Task 333 (Type: Generic_Service) arriva in 160.37
--- [160.37] Task 333 using SearchNode Policy: v1_heuristic ---
[333] Filtro euristico: DTS-TMAX
[160.37] [Task 333] Routed STARLINK-11734 [DTC] -> STARLINK-31008 | E_NET=0.000022 J | Remaining=119999.99 J
[160.369] Task 333 enqueued on CPU STARLINK-31008 qlen_enqueue=1
[Task 332] Task eseguito su STARLINK-31782 44.09421451076684 degrees | CPU=109.9581J, NET=0.0000J, TOTAL=109.9581J, Remaining=119106.50J
[160.374] Task 332 served on STARLINK-31782 qlen_enqueue_cpu=1 qlen_enqueue_net=None time_in_queue=0.000
[Task 333] Task eseguito su STARLINK-31008 52.26837400009553 degrees | CPU=6.8922J, NET=0.0000J, TOTAL=6.8923J, Remaining=118760.74J
[160.377] Task 333 served on STARLINK-31008 qlen_enqueue_cpu=1 qlen_enqueue_net=None time_in_queue=0.000
[333][GREEDY] STARLINK-31008 -> STARLINK-11474 [DTC] | Tramission-time: 0.0010132895561916794
[333] Energy routing consumed by STARLINK-31008: 0.000000 J (remaining 118760.74)
[332][GREEDY] STARLINK-31782 -> STARLINK-11474 [DTC] | Tramission-time: 0.001303382093251697
[332] Energy routing consumed by STARLINK-31782: 0.000000 J (remaining 119106.50)
[Task 330] Task eseguito su STARLINK-35398 44.76389650610418 degrees | CPU=414.2545J, NET=0.0000J, TOTAL=414.2546J, Remaining=119011.22J
[160.443] Task 330 served on STARLINK-35398 qlen_enqueue_cpu=1 qlen_enqueue_net=None time_in_queue=0.000
[MODE: BIDIRECTIONAL]
[333][GREEDY] CONSEGNATO! STARLINK-11474 [DTC] -> OBS | Tramission-time: 1.9527162603111485e-11
[330][GREEDY] STARLINK-35398 -> STARLINK-11474 [DTC] | Tramission-time: 0.0012859227540846264
[330] Energy routing consumed by STARLINK-35398: 0.000000 J (remaining 119011.22)
[MODE: BIDIRECTIONAL]
[332][GREEDY] CONSEGNATO! STARLINK-11474 [DTC] -> OBS | Tramission-time: 1.2625549783571035e-11
---> Task 334 (Type: Generic_Service) arriva in 160.63
--- [160.63] Task 334 using SearchNode Policy: v1_heuristic ---
[334] Filtro euristico: DTS-TMAX
[160.63] [Task 334] Routed STARLINK-11734 [DTC] -> STARLINK-31008 | E_NET=0.000020 J | Remaining=119999.99 J
[160.629] Task 334 enqueued on CPU STARLINK-31008 qlen_enqueue=1
[Task 334] Task eseguito su STARLINK-31008 52.26837400009553 degrees | CPU=9.4936J, NET=0.0000J, TOTAL=9.4937J, Remaining=118751.24J
[160.640] Task 334 served on STARLINK-31008 qlen_enqueue_cpu=1 qlen_enqueue_net=None time_in_queue=0.000
[MODE: BIDIRECTIONAL]
[330][GREEDY] CONSEGNATO! STARLINK-11474 [DTC] -> OBS | Tramission-time: 6.938180985695064e-12
[334][GREEDY] STARLINK-31008 -> STARLINK-11474 [DTC] | Tramission-time: 0.0010132895551529005
[334] Energy routing consumed by STARLINK-31008: 0.000000 J (remaining 118751.24)
[MODE: BIDIRECTIONAL]
[334][GREEDY] CONSEGNATO! STARLINK-11474 [DTC] -> OBS | Tramission-time: 2.1243536623633815e-11
[160.886] Task 331 enqueued on NET STARLINK-31399 qlen_enqueue_net=1
[Task 331] Task eseguito su STARLINK-31399 43.144080457497026 degrees | CPU=685.4234J, NET=0.0002J, TOTAL=685.4236J, Remaining=118575.80J
[160.886] Task 331 served on STARLINK-31399 qlen_enqueue_cpu=1 qlen_enqueue_net=1 time_in_queue=0.000
[331][GREEDY] STARLINK-31399 -> STARLINK-11474 [DTC] | Tramission-time: 0.001295804245335516
[331] Energy routing consumed by STARLINK-31399: 0.000000 J (remaining 118575.80)
[MODE: BIDIRECTIONAL]
[331][GREEDY] CONSEGNATO! STARLINK-11474 [DTC] -> OBS | Tramission-time: 1.5091323439845835e-10
---> Task 335 (Type: Generic_Service) arriva in 162.00
--- [162.00] Task 335 using SearchNode Policy: v1_heuristic ---
[335] Filtro euristico: DTS-TMAX
[162.00] [Task 335] Routed STARLINK-11734 [DTC] -> STARLINK-34902 | E_NET=0.000008 J | Remaining=119999.99 J
[161.999] Task 335 enqueued on CPU STARLINK-34902 qlen_enqueue=1
----------------------------------------------------------------------
	||TIME IN SIMULATION : (seconds:162) (minutes: 2) ||

MODIFICA CONFIGURAZIONE IN CORSO...

Aggiornato il Tempo Globale:  2025-11-20 20:57:56
[Task 335] Task eseguito su STARLINK-34902 41.23524364161189 degrees | CPU=33.9897J, NET=0.0000J, TOTAL=33.9897J, Remaining=119171.38J
[162.033] Task 335 served on STARLINK-34902 qlen_enqueue_cpu=1 qlen_enqueue_net=None time_in_queue=0.000
[335][GREEDY] STARLINK-34902 -> STARLINK-11474 [DTC] | Tramission-time: 0.001741556852794759
[335] Energy routing consumed by STARLINK-34902: 0.000000 J (remaining 119171.38)
[MODE: BIDIRECTIONAL]
[335][GREEDY] CONSEGNATO! STARLINK-11474 [DTC] -> OBS | Tramission-time: 6.789239286100573e-12
---> Task 336 (Type: Generic_Service) arriva in 162.92
--- [162.92] Task 336 using SearchNode Policy: v1_heuristic ---
[336] Filtro euristico: DTS-TMAX
[162.92] [Task 336] Routed STARLINK-11734 [DTC] -> STARLINK-5843 | E_NET=0.000017 J | Remaining=119999.99 J
[162.923] Task 336 enqueued on CPU STARLINK-5843 qlen_enqueue=1
[Task 336] Task eseguito su STARLINK-5843 40.02797592621095 degrees | CPU=53.2309J, NET=0.0000J, TOTAL=53.2309J, Remaining=119946.77J
[162.977] Task 336 served on STARLINK-5843 qlen_enqueue_cpu=1 qlen_enqueue_net=None time_in_queue=0.000
[336][GREEDY] STARLINK-5843 -> STARLINK-11474 [DTC] | Tramission-time: 0.0018960898443721327
[336] Energy routing consumed by STARLINK-5843: 0.000000 J (remaining 119946.77)
[MODE: BIDIRECTIONAL]
[336][GREEDY] CONSEGNATO! STARLINK-11474 [DTC] -> OBS | Tramission-time: 2.0481541883558342e-11
---> Task 337 (Type: CPU_Intensive) arriva in 163.99
--- [163.99] Task 337 using SearchNode Policy: v1_heuristic ---
[337] Filtro euristico: DTS-TMAX
[163.99] [Task 337] Routed STARLINK-11734 [DTC] -> STARLINK-5843 | E_NET=0.000027 J | Remaining=119999.99 J
[163.989] Task 337 enqueued on CPU STARLINK-5843 qlen_enqueue=1
----------------------------------------------------------------------
	||TIME IN SIMULATION : (seconds:164) (minutes: 2) ||

MODIFICA CONFIGURAZIONE IN CORSO...

Aggiornato il Tempo Globale:  2025-11-20 20:57:58
[Task 337] Task eseguito su STARLINK-5843 40.66969887406763 degrees | CPU=179.7272J, NET=0.0000J, TOTAL=179.7273J, Remaining=119767.04J
[164.165] Task 337 served on STARLINK-5843 qlen_enqueue_cpu=1 qlen_enqueue_net=None time_in_queue=0.000
[337][GREEDY] STARLINK-5843 -> STARLINK-11474 [DTC] | Tramission-time: 0.0018564695010553677
[337] Energy routing consumed by STARLINK-5843: 0.000000 J (remaining 119767.04)
---> Task 338 (Type: CPU_and_Data_Intensive) arriva in 164.28
--- [164.28] Task 338 using SearchNode Policy: v1_heuristic ---
[338] Filtro euristico: DTS-TMAX
[164.28] [Task 338] Routed STARLINK-11734 [DTC] -> STARLINK-5843 | E_NET=0.000114 J | Remaining=119999.99 J
---> Task 339 (Type: Generic_Service) arriva in 164.28
--- [164.28] Task 339 using SearchNode Policy: v1_heuristic ---
[339] Filtro euristico: DTS-TMAX
[164.28] [Task 339] Routed STARLINK-11734 [DTC] -> STARLINK-5843 | E_NET=0.000014 J | Remaining=119999.99 J
[164.279] Task 338 enqueued on CPU STARLINK-5843 qlen_enqueue=1
[Task 339] REJECTED on STARLINK-5843 due to: Deadline Exceeded
[MODE: BIDIRECTIONAL]
[337][GREEDY] CONSEGNATO! STARLINK-11474 [DTC] -> OBS | Tramission-time: 3.516558766466028e-11
---> Task 340 (Type: CPU_Intensive) arriva in 164.34
--- [164.34] Task 340 using SearchNode Policy: v1_heuristic ---
[340] Filtro euristico: DTS-TMAX
[164.34] [Task 340] Routed STARLINK-11734 [DTC] -> STARLINK-34902 | E_NET=0.000016 J | Remaining=119999.99 J
[164.337] Task 340 enqueued on CPU STARLINK-34902 qlen_enqueue=1
[164.432] Task 338 enqueued on NET STARLINK-5843 qlen_enqueue_net=1
[Task 338] Task eseguito su STARLINK-5843 40.66969887406763 degrees | CPU=157.1643J, NET=0.0001J, TOTAL=157.1644J, Remaining=119609.88J
[164.432] Task 338 served on STARLINK-5843 qlen_enqueue_cpu=1 qlen_enqueue_net=1 time_in_queue=0.000
[Task 340] Task eseguito su STARLINK-34902 41.81438782016925 degrees | CPU=118.0468J, NET=0.0000J, TOTAL=118.0468J, Remaining=119053.34J
[164.453] Task 340 served on STARLINK-34902 qlen_enqueue_cpu=1 qlen_enqueue_net=None time_in_queue=0.000
[340][GREEDY] STARLINK-34902 -> STARLINK-11474 [DTC] | Tramission-time: 0.0016797438158839178
[340] Energy routing consumed by STARLINK-34902: 0.000000 J (remaining 119053.34)
[338][GREEDY] STARLINK-5843 -> STARLINK-11474 [DTC] | Tramission-time: 0.0018564695620698361
[338] Energy routing consumed by STARLINK-5843: 0.000000 J (remaining 119609.88)
[MODE: BIDIRECTIONAL]
[340][GREEDY] CONSEGNATO! STARLINK-11474 [DTC] -> OBS | Tramission-time: 1.619740984454984e-11
[MODE: BIDIRECTIONAL]
[338][GREEDY] CONSEGNATO! STARLINK-11474 [DTC] -> OBS | Tramission-time: 8.47067717366395e-11
---> Task 341 (Type: CPU_Intensive) arriva in 164.73
--- [164.73] Task 341 using SearchNode Policy: v1_heuristic ---
[341] Filtro euristico: DTS-TMAX
[164.73] [Task 341] Routed STARLINK-11734 [DTC] -> STARLINK-5843 | E_NET=0.000016 J | Remaining=119999.99 J
[164.727] Task 341 enqueued on CPU STARLINK-5843 qlen_enqueue=1
---> Task 342 (Type: Generic_Service) arriva in 164.75
--- [164.75] Task 342 using SearchNode Policy: v1_heuristic ---
[342] Filtro euristico: DTS-TMAX
[164.75] [Task 342] Routed STARLINK-11734 [DTC] -> STARLINK-31782 | E_NET=0.000018 J | Remaining=119999.99 J
[164.748] Task 342 enqueued on CPU STARLINK-31782 qlen_enqueue=1
[Task 342] Task eseguito su STARLINK-31782 45.87436254949541 degrees | CPU=83.3250J, NET=0.0000J, TOTAL=83.3250J, Remaining=119023.17J
[164.831] Task 342 served on STARLINK-31782 qlen_enqueue_cpu=1 qlen_enqueue_net=None time_in_queue=0.000
[342][GREEDY] STARLINK-31782 -> STARLINK-11474 [DTC] | Tramission-time: 0.0013160843930183654
[342] Energy routing consumed by STARLINK-31782: 0.000000 J (remaining 119023.17)
[MODE: BIDIRECTIONAL]
[342][GREEDY] CONSEGNATO! STARLINK-11474 [DTC] -> OBS | Tramission-time: 1.806767062817294e-11
[Task 341] Task eseguito su STARLINK-5843 40.66969887406763 degrees | CPU=430.6382J, NET=0.0000J, TOTAL=430.6382J, Remaining=119179.24J
[165.145] Task 341 served on STARLINK-5843 qlen_enqueue_cpu=1 qlen_enqueue_net=None time_in_queue=0.000
---> Task 343 (Type: CPU_Intensive) arriva in 165.22
--- [165.22] Task 343 using SearchNode Policy: v1_heuristic ---
[343] Filtro euristico: DTS-TMAX
[165.22] [Task 343] Routed STARLINK-11734 [DTC] -> STARLINK-5843 | E_NET=0.000005 J | Remaining=119999.99 J
[165.220] Task 343 enqueued on CPU STARLINK-5843 qlen_enqueue=1
[341][GREEDY] STARLINK-5843 -> STARLINK-11474 [DTC] | Tramission-time: 0.0018564694824018291
[341] Energy routing consumed by STARLINK-5843: 0.000000 J (remaining 119179.24)
[MODE: BIDIRECTIONAL]
[341][GREEDY] CONSEGNATO! STARLINK-11474 [DTC] -> OBS | Tramission-time: 1.1651809851088506e-11
[Task 343] Task eseguito su STARLINK-5843 40.66969887406763 degrees | CPU=168.4514J, NET=0.0000J, TOTAL=168.4514J, Remaining=119010.79J
[165.384] Task 343 served on STARLINK-5843 qlen_enqueue_cpu=1 qlen_enqueue_net=None time_in_queue=0.000
[343][GREEDY] STARLINK-5843 -> STARLINK-11474 [DTC] | Tramission-time: 0.0018564694746671308
[343] Energy routing consumed by STARLINK-5843: 0.000000 J (remaining 119010.79)
---> Task 344 (Type: Generic_Service) arriva in 165.51
--- [165.51] Task 344 using SearchNode Policy: v1_heuristic ---
[344] Filtro euristico: DTS-TMAX
[165.51] [Task 344] Routed STARLINK-11734 [DTC] -> STARLINK-34902 | E_NET=0.000019 J | Remaining=119999.99 J
[165.511] Task 344 enqueued on CPU STARLINK-34902 qlen_enqueue=1
[MODE: BIDIRECTIONAL]
[343][GREEDY] CONSEGNATO! STARLINK-11474 [DTC] -> OBS | Tramission-time: 4.0861613251606794e-12
[Task 344] Task eseguito su STARLINK-34902 41.81438782016925 degrees | CPU=36.4672J, NET=0.0000J, TOTAL=36.4672J, Remaining=119016.87J
[165.548] Task 344 served on STARLINK-34902 qlen_enqueue_cpu=1 qlen_enqueue_net=None time_in_queue=0.000
[344][GREEDY] STARLINK-34902 -> STARLINK-11474 [DTC] | Tramission-time: 0.0016797438213435557
[344] Energy routing consumed by STARLINK-34902: 0.000000 J (remaining 119016.87)
[MODE: BIDIRECTIONAL]
[344][GREEDY] CONSEGNATO! STARLINK-11474 [DTC] -> OBS | Tramission-time: 1.9398210654128515e-11
----------------------------------------------------------------------
	||TIME IN SIMULATION : (seconds:166) (minutes: 2) ||

MODIFICA CONFIGURAZIONE IN CORSO...

Aggiornato il Tempo Globale:  2025-11-20 20:58:00
---> Task 345 (Type: CPU_Intensive) arriva in 166.29
--- [166.29] Task 345 using SearchNode Policy: v1_heuristic ---
[345] Filtro euristico: DTS-TMAX
[166.29] [Task 345] Routed STARLINK-11734 [DTC] -> STARLINK-30286 | E_NET=0.000027 J | Remaining=119999.99 J
[166.293] Task 345 enqueued on CPU STARLINK-30286 qlen_enqueue=1
---> Task 346 (Type: CPU_and_Data_Intensive) arriva in 166.92
--- [166.92] Task 346 using SearchNode Policy: v1_heuristic ---
[346] Filtro euristico: DTS-TMAX
[166.92] [Task 346] Routed STARLINK-11734 [DTC] -> STARLINK-32743 | E_NET=0.000560 J | Remaining=119999.99 J
[166.918] Task 346 enqueued on CPU STARLINK-32743 qlen_enqueue=1
[167.164] Task 346 enqueued on NET STARLINK-32743 qlen_enqueue_net=1
[Task 346] Task eseguito su STARLINK-32743 40.56924764530115 degrees | CPU=253.6019J, NET=0.0007J, TOTAL=253.6026J, Remaining=119746.40J
[167.164] Task 346 served on STARLINK-32743 qlen_enqueue_cpu=1 qlen_enqueue_net=1 time_in_queue=0.000
---> Task 347 (Type: Generic_Service) arriva in 167.18
--- [167.18] Task 347 using SearchNode Policy: v1_heuristic ---
[347] Filtro euristico: DTS-TMAX
[167.18] [Task 347] Routed STARLINK-11734 [DTC] -> STARLINK-32743 | E_NET=0.000005 J | Remaining=119999.99 J
[167.186] Task 347 enqueued on CPU STARLINK-32743 qlen_enqueue=1
---> Task 348 (Type: CPU_Intensive) arriva in 167.21
--- [167.21] Task 348 using SearchNode Policy: v1_heuristic ---
[348] Filtro euristico: DTS-TMAX
[167.21] [Task 348] Routed STARLINK-11734 [DTC] -> STARLINK-32743 | E_NET=0.000020 J | Remaining=119999.99 J
[167.216] Task 348 enqueued on CPU STARLINK-32743 qlen_enqueue=2
[346][GREEDY] STARLINK-32743 -> STARLINK-11474 [DTC] | Tramission-time: 0.001536843863423257
[346] Energy routing consumed by STARLINK-32743: 0.000000 J (remaining 119746.40)
[Task 347] Task eseguito su STARLINK-32743 40.56924764530115 degrees | CPU=49.6596J, NET=0.0000J, TOTAL=49.6596J, Remaining=119696.74J
[167.234] Task 347 served on STARLINK-32743 qlen_enqueue_cpu=1 qlen_enqueue_net=None time_in_queue=0.000
[MODE: BIDIRECTIONAL]
[346][GREEDY] CONSEGNATO! STARLINK-11474 [DTC] -> OBS | Tramission-time: 6.331616863777346e-10
[347][GREEDY] STARLINK-32743 -> STARLINK-11474 [DTC] | Tramission-time: 0.0015368433194428717
[347] Energy routing consumed by STARLINK-32743: 0.000000 J (remaining 119696.74)
[Task 345] Task eseguito su STARLINK-30286 40.55637877024669 degrees | CPU=1168.3071J, NET=0.0000J, TOTAL=1168.3071J, Remaining=118831.69J
[167.429] Task 345 served on STARLINK-30286 qlen_enqueue_cpu=1 qlen_enqueue_net=None time_in_queue=0.000
[MODE: BIDIRECTIONAL]
[347][GREEDY] CONSEGNATO! STARLINK-11474 [DTC] -> OBS | Tramission-time: 5.081089925086827e-12
[345][GREEDY] STARLINK-30286 -> STARLINK-11474 [DTC] | Tramission-time: 0.0018610018442462746
[345] Energy routing consumed by STARLINK-30286: 0.000000 J (remaining 118831.69)
[Task 348] Task eseguito su STARLINK-32743 40.56924764530115 degrees | CPU=311.8931J, NET=0.0000J, TOTAL=311.8932J, Remaining=119384.84J
[167.521] Task 348 served on STARLINK-32743 qlen_enqueue_cpu=2 qlen_enqueue_net=None time_in_queue=0.000
[MODE: BIDIRECTIONAL]
[345][GREEDY] CONSEGNATO! STARLINK-11474 [DTC] -> OBS | Tramission-time: 2.88531443179036e-11
[348][GREEDY] STARLINK-32743 -> STARLINK-11474 [DTC] | Tramission-time: 0.0015368433346422072
[348] Energy routing consumed by STARLINK-32743: 0.000000 J (remaining 119384.84)
[MODE: BIDIRECTIONAL]
[348][GREEDY] CONSEGNATO! STARLINK-11474 [DTC] -> OBS | Tramission-time: 2.0874806346624708e-11
---> Task 349 (Type: CPU_Intensive) arriva in 167.75
--- [167.75] Task 349 using SearchNode Policy: v1_heuristic ---
[349] Filtro euristico: DTS-TMAX
[167.75] [Task 349] Routed STARLINK-11734 [DTC] -> STARLINK-32743 | E_NET=0.000022 J | Remaining=119999.99 J
[167.756] Task 349 enqueued on CPU STARLINK-32743 qlen_enqueue=1
[Task 349] Task eseguito su STARLINK-32743 40.56924764530115 degrees | CPU=80.4105J, NET=0.0000J, TOTAL=80.4106J, Remaining=119304.43J
[167.836] Task 349 served on STARLINK-32743 qlen_enqueue_cpu=1 qlen_enqueue_net=None time_in_queue=0.000
[349][GREEDY] STARLINK-32743 -> STARLINK-11474 [DTC] | Tramission-time: 0.0015368433347455184
[349] Energy routing consumed by STARLINK-32743: 0.000000 J (remaining 119304.43)
----------------------------------------------------------------------
	||TIME IN SIMULATION : (seconds:168) (minutes: 2) ||

MODIFICA CONFIGURAZIONE IN CORSO...

Aggiornato il Tempo Globale:  2025-11-20 20:58:02
[MODE: BIDIRECTIONAL]
[349][GREEDY] CONSEGNATO! STARLINK-11474 [DTC] -> OBS | Tramission-time: 2.2856506975500347e-11
---> Task 350 (Type: Generic_Service) arriva in 168.25
--- [168.25] Task 350 using SearchNode Policy: v1_heuristic ---
[350] Filtro euristico: DTS-TMAX
[168.25] [Task 350] Routed STARLINK-11734 [DTC] -> STARLINK-32743 | E_NET=0.000033 J | Remaining=119999.99 J
[168.248] Task 350 enqueued on CPU STARLINK-32743 qlen_enqueue=1
[Task 350] Task eseguito su STARLINK-32743 41.324977827073766 degrees | CPU=135.9190J, NET=0.0000J, TOTAL=135.9190J, Remaining=119168.52J
[168.382] Task 350 served on STARLINK-32743 qlen_enqueue_cpu=1 qlen_enqueue_net=None time_in_queue=0.000
[350][GREEDY] STARLINK-32743 -> STARLINK-11474 [DTC] | Tramission-time: 0.0015297523218165238
[350] Energy routing consumed by STARLINK-32743: 0.000000 J (remaining 119168.52)
[MODE: BIDIRECTIONAL]
[350][GREEDY] CONSEGNATO! STARLINK-11474 [DTC] -> OBS | Tramission-time: 3.2280984677448304e-11
---> Task 351 (Type: Generic_Service) arriva in 168.59
--- [168.59] Task 351 using SearchNode Policy: v1_heuristic ---
[351] Filtro euristico: DTS-TMAX
[168.59] [Task 351] Routed STARLINK-11734 [DTC] -> STARLINK-32743 | E_NET=0.000031 J | Remaining=119999.99 J
[168.591] Task 351 enqueued on CPU STARLINK-32743 qlen_enqueue=1
---> Task 352 (Type: CPU_Intensive) arriva in 168.63
--- [168.63] Task 352 using SearchNode Policy: v1_heuristic ---
[352] Filtro euristico: DTS-TMAX
[168.63] [Task 352] Routed STARLINK-11734 [DTC] -> STARLINK-32743 | E_NET=0.000026 J | Remaining=119999.99 J
[168.631] Task 352 enqueued on CPU STARLINK-32743 qlen_enqueue=2
[Task 351] Task eseguito su STARLINK-32743 41.324977827073766 degrees | CPU=56.3169J, NET=0.0000J, TOTAL=56.3169J, Remaining=119112.20J
[168.648] Task 351 served on STARLINK-32743 qlen_enqueue_cpu=1 qlen_enqueue_net=None time_in_queue=0.000
[351][GREEDY] STARLINK-32743 -> STARLINK-11474 [DTC] | Tramission-time: 0.0015297523173933303
[351] Energy routing consumed by STARLINK-32743: 0.000000 J (remaining 119112.20)
[MODE: BIDIRECTIONAL]
[351][GREEDY] CONSEGNATO! STARLINK-11474 [DTC] -> OBS | Tramission-time: 2.57597330194016e-11
----------------------------------------------------------------------
	||TIME IN SIMULATION : (seconds:170) (minutes: 2) ||

MODIFICA CONFIGURAZIONE IN CORSO...

Aggiornato il Tempo Globale:  2025-11-20 20:58:04
[Task 352] Task eseguito su STARLINK-32743 42.094775310823124 degrees | CPU=2186.3088J, NET=0.0000J, TOTAL=2186.3089J, Remaining=116925.89J
[170.754] Task 352 served on STARLINK-32743 qlen_enqueue_cpu=2 qlen_enqueue_net=None time_in_queue=0.000
[352][GREEDY] STARLINK-32743 -> STARLINK-11474 [DTC] | Tramission-time: 0.0015228296870904027
[352] Energy routing consumed by STARLINK-32743: 0.000000 J (remaining 116925.89)
[MODE: BIDIRECTIONAL]
[352][GREEDY] CONSEGNATO! STARLINK-11474 [DTC] -> OBS | Tramission-time: 2.3655766747460112e-11
---> Task 353 (Type: Generic_Service) arriva in 171.10
--- [171.10] Task 353 using SearchNode Policy: v1_heuristic ---
[353] Filtro euristico: DTS-TMAX
[171.10] [Task 353] Routed STARLINK-11734 [DTC] -> STARLINK-31782 | E_NET=0.000011 J | Remaining=119999.99 J
[171.106] Task 353 enqueued on CPU STARLINK-31782 qlen_enqueue=1
[Task 353] Task eseguito su STARLINK-31782 48.6916045554334 degrees | CPU=56.0851J, NET=0.0000J, TOTAL=56.0851J, Remaining=118967.09J
[171.161] Task 353 served on STARLINK-31782 qlen_enqueue_cpu=1 qlen_enqueue_net=None time_in_queue=0.000
[353][GREEDY] STARLINK-31782 -> STARLINK-11474 [DTC] | Tramission-time: 0.001340867530784435
[353] Energy routing consumed by STARLINK-31782: 0.000000 J (remaining 118967.09)
[MODE: BIDIRECTIONAL]
[353][GREEDY] CONSEGNATO! STARLINK-11474 [DTC] -> OBS | Tramission-time: 1.0012646146260687e-11
---> Task 354 (Type: CPU_and_Data_Intensive) arriva in 171.74
--- [171.74] Task 354 using SearchNode Policy: v1_heuristic ---
[354] Filtro euristico: DTS-TMAX
[171.74] [Task 354] Routed STARLINK-11734 [DTC] -> STARLINK-34902 | E_NET=0.000587 J | Remaining=119999.98 J
[171.740] Task 354 enqueued on CPU STARLINK-34902 qlen_enqueue=1
----------------------------------------------------------------------
	||TIME IN SIMULATION : (seconds:172) (minutes: 2) ||

MODIFICA CONFIGURAZIONE IN CORSO...

Aggiornato il Tempo Globale:  2025-11-20 20:58:06
[172.065] Task 354 enqueued on NET STARLINK-34902 qlen_enqueue_net=1
[Task 354] Task eseguito su STARLINK-34902 44.07419825863587 degrees | CPU=335.1021J, NET=0.0006J, TOTAL=335.1027J, Remaining=118681.77J
[172.065] Task 354 served on STARLINK-34902 qlen_enqueue_cpu=1 qlen_enqueue_net=1 time_in_queue=0.000
[354][GREEDY] STARLINK-34902 -> STARLINK-35307 | Tramission-time: 0.002070767412084331
[354] Energy routing consumed by STARLINK-34902: 0.000000 J (remaining 118681.77)
[MODE: BIDIRECTIONAL]
[354][GREEDY] CONSEGNATO! STARLINK-35307 -> OBS | Tramission-time: 4.197633923795768e-10
---> Task 355 (Type: CPU_and_Data_Intensive) arriva in 172.47
--- [172.47] Task 355 using SearchNode Policy: v1_heuristic ---
[355] Filtro euristico: DTS-TMAX
[172.47] [Task 355] Routed STARLINK-11734 [DTC] -> STARLINK-33816 | E_NET=0.003582 J | Remaining=119999.98 J
[172.474] Task 355 enqueued on CPU STARLINK-33816 qlen_enqueue=1
---> Task 356 (Type: CPU_Intensive) arriva in 172.63
--- [172.63] Task 356 using SearchNode Policy: v1_heuristic ---
[356] Filtro euristico: DTS-TMAX
[172.63] [Task 356] Routed STARLINK-11734 [DTC] -> STARLINK-35398 | E_NET=0.000016 J | Remaining=119999.98 J
[172.630] Task 356 enqueued on CPU STARLINK-35398 qlen_enqueue=1
---> Task 357 (Type: Generic_Service) arriva in 173.17
--- [173.17] Task 357 using SearchNode Policy: v1_heuristic ---
[357] Filtro euristico: DTS-TMAX
[173.17] [Task 357] Routed STARLINK-11734 [DTC] -> STARLINK-31008 | E_NET=0.000022 J | Remaining=119999.98 J
[173.172] Task 357 enqueued on CPU STARLINK-31008 qlen_enqueue=1
[Task 357] Task eseguito su STARLINK-31008 58.53552231340496 degrees | CPU=8.3107J, NET=0.0000J, TOTAL=8.3108J, Remaining=118742.93J
[173.181] Task 357 served on STARLINK-31008 qlen_enqueue_cpu=1 qlen_enqueue_net=None time_in_queue=0.000
[Task 356] Task eseguito su STARLINK-35398 51.309241927310445 degrees | CPU=612.2683J, NET=0.0000J, TOTAL=612.2683J, Remaining=118398.95J
[173.226] Task 356 served on STARLINK-35398 qlen_enqueue_cpu=1 qlen_enqueue_net=None time_in_queue=0.000
[357][GREEDY] STARLINK-31008 -> STARLINK-35307 | Tramission-time: 0.001313104469829222
[357] Energy routing consumed by STARLINK-31008: 0.000000 J (remaining 118742.93)
[356][GREEDY] STARLINK-35398 -> STARLINK-35307 | Tramission-time: 0.0007390921780588331
[356] Energy routing consumed by STARLINK-35398: 0.000000 J (remaining 118398.95)
[MODE: BIDIRECTIONAL]
[357][GREEDY] CONSEGNATO! STARLINK-35307 -> OBS | Tramission-time: 1.7937087076213242e-11
[173.404] Task 355 enqueued on NET STARLINK-33816 qlen_enqueue_net=1
[Task 355] Task eseguito su STARLINK-33816 40.08883840870284 degrees | CPU=959.1475J, NET=0.0049J, TOTAL=959.1524J, Remaining=119040.85J
[173.409] Task 355 served on STARLINK-33816 qlen_enqueue_cpu=1 qlen_enqueue_net=1 time_in_queue=0.000
[MODE: BIDIRECTIONAL]
[356][GREEDY] CONSEGNATO! STARLINK-35307 -> OBS | Tramission-time: 1.5091428984747436e-11
[355][GREEDY] STARLINK-33816 -> STARLINK-35307 | Tramission-time: 0.0015978263914517062
[355] Energy routing consumed by STARLINK-33816: 0.000000 J (remaining 119040.85)
---> Task 358 (Type: Generic_Service) arriva in 173.50
--- [173.50] Task 358 using SearchNode Policy: v1_heuristic ---
[358] Filtro euristico: DTS-TMAX
[173.50] [Task 358] Routed STARLINK-11734 [DTC] -> STARLINK-33816 | E_NET=0.000025 J | Remaining=119999.98 J
[173.500] Task 358 enqueued on CPU STARLINK-33816 qlen_enqueue=1
[MODE: BIDIRECTIONAL]
[355][GREEDY] CONSEGNATO! STARLINK-35307 -> OBS | Tramission-time: 3.4310955764769224e-09
[Task 358] Task eseguito su STARLINK-33816 40.08883840870284 degrees | CPU=58.2562J, NET=0.0000J, TOTAL=58.2563J, Remaining=118982.59J
[173.559] Task 358 served on STARLINK-33816 qlen_enqueue_cpu=1 qlen_enqueue_net=None time_in_queue=0.000
[358][GREEDY] STARLINK-33816 -> STARLINK-35307 | Tramission-time: 0.0015978218136028358
[358] Energy routing consumed by STARLINK-33816: 0.000000 J (remaining 118982.59)
[MODE: BIDIRECTIONAL]
[358][GREEDY] CONSEGNATO! STARLINK-35307 -> OBS | Tramission-time: 2.2396783518658502e-11
---> Task 359 (Type: CPU_Intensive) arriva in 173.96
--- [173.96] Task 359 using SearchNode Policy: v1_heuristic ---
[359] Filtro euristico: DTS-TMAX
[173.96] [Task 359] Routed STARLINK-11734 [DTC] -> STARLINK-5843 | E_NET=0.000010 J | Remaining=119999.98 J
[173.959] Task 359 enqueued on CPU STARLINK-5843 qlen_enqueue=1
[Task 359] Task eseguito su STARLINK-5843 43.32967536956851 degrees | CPU=31.6193J, NET=0.0000J, TOTAL=31.6194J, Remaining=118979.17J
[173.990] Task 359 served on STARLINK-5843 qlen_enqueue_cpu=1 qlen_enqueue_net=None time_in_queue=0.000
----------------------------------------------------------------------
	||TIME IN SIMULATION : (seconds:174) (minutes: 2) ||

MODIFICA CONFIGURAZIONE IN CORSO...

Aggiornato il Tempo Globale:  2025-11-20 20:58:08
[359][GREEDY] STARLINK-5843 -> STARLINK-35307 | Tramission-time: 0.0021632636943524717
[359] Energy routing consumed by STARLINK-5843: 0.000000 J (remaining 118979.17)
[MODE: BIDIRECTIONAL]
[359][GREEDY] CONSEGNATO! STARLINK-35307 -> OBS | Tramission-time: 1.157761401229563e-11
---> Task 360 (Type: Generic_Service) arriva in 174.50
--- [174.50] Task 360 using SearchNode Policy: v1_heuristic ---
[360] Filtro euristico: DTS-TMAX
[Task 360] Nessun server rimasto dopo i filtri (deadline/sunset).
[Task 360] REJECTED on STARLINK-11734 [DTC] due to: No suitable server found after deadline/sunset filters
---> Task 361 (Type: Generic_Service) arriva in 174.91
--- [174.91] Task 361 using SearchNode Policy: v1_heuristic ---
[361] Filtro euristico: DTS-TMAX
[174.91] [Task 361] Routed STARLINK-11734 [DTC] -> STARLINK-33816 | E_NET=0.000026 J | Remaining=119999.98 J
[174.910] Task 361 enqueued on CPU STARLINK-33816 qlen_enqueue=1
[Task 361] Task eseguito su STARLINK-33816 40.90174386016426 degrees | CPU=22.2121J, NET=0.0000J, TOTAL=22.2122J, Remaining=118960.38J
[174.934] Task 361 served on STARLINK-33816 qlen_enqueue_cpu=1 qlen_enqueue_net=None time_in_queue=0.000
[361][GREEDY] STARLINK-33816 -> STARLINK-35307 | Tramission-time: 0.001590152406247555
[361] Energy routing consumed by STARLINK-33816: 0.000000 J (remaining 118960.38)
[MODE: BIDIRECTIONAL]
[361][GREEDY] CONSEGNATO! STARLINK-35307 -> OBS | Tramission-time: 2.6892841092735024e-11
---> Task 362 (Type: Generic_Service) arriva in 175.16
--- [175.16] Task 362 using SearchNode Policy: v1_heuristic ---
[362] Filtro euristico: DTS-TMAX
[175.16] [Task 362] Routed STARLINK-11734 [DTC] -> STARLINK-5843 | E_NET=0.000034 J | Remaining=119999.98 J
[175.158] Task 362 enqueued on CPU STARLINK-5843 qlen_enqueue=1
[Task 362] Task eseguito su STARLINK-5843 44.01681774804594 degrees | CPU=54.2763J, NET=0.0000J, TOTAL=54.2763J, Remaining=118924.89J
[175.213] Task 362 served on STARLINK-5843 qlen_enqueue_cpu=1 qlen_enqueue_net=None time_in_queue=0.000
[362][GREEDY] STARLINK-5843 -> STARLINK-35307 | Tramission-time: 0.0021632637146895505
[362] Energy routing consumed by STARLINK-5843: 0.000000 J (remaining 118924.89)
[MODE: BIDIRECTIONAL]
[362][GREEDY] CONSEGNATO! STARLINK-35307 -> OBS | Tramission-time: 2.714458529764039e-11
----------------------------------------------------------------------
	||TIME IN SIMULATION : (seconds:176) (minutes: 2) ||

MODIFICA CONFIGURAZIONE IN CORSO...

Aggiornato il Tempo Globale:  2025-11-20 20:58:10
---> Task 363 (Type: CPU_Intensive) arriva in 176.96
--- [176.96] Task 363 using SearchNode Policy: v1_heuristic ---
[363] Filtro euristico: DTS-TMAX
[176.96] [Task 363] Routed STARLINK-11734 [DTC] -> STARLINK-31782 | E_NET=0.000027 J | Remaining=119999.98 J
[176.966] Task 363 enqueued on CPU STARLINK-31782 qlen_enqueue=1
---> Task 364 (Type: CPU_and_Data_Intensive) arriva in 177.31
--- [177.31] Task 364 using SearchNode Policy: v1_heuristic ---
[364] Filtro euristico: DTS-TMAX
[177.31] [Task 364] Routed STARLINK-11734 [DTC] -> STARLINK-33816 | E_NET=0.000574 J | Remaining=119999.98 J
[177.317] Task 364 enqueued on CPU STARLINK-33816 qlen_enqueue=1
---> Task 365 (Type: CPU_and_Data_Intensive) arriva in 177.40
--- [177.40] Task 365 using SearchNode Policy: v1_heuristic ---
[365] Filtro euristico: DTS-TMAX
[177.40] [Task 365] Routed STARLINK-11734 [DTC] -> STARLINK-5843 | E_NET=0.003620 J | Remaining=119999.98 J
[177.408] Task 365 enqueued on CPU STARLINK-5843 qlen_enqueue=1
[177.692] Task 364 enqueued on NET STARLINK-33816 qlen_enqueue_net=1
[Task 364] Task eseguito su STARLINK-33816 41.735846209236016 degrees | CPU=386.7880J, NET=0.0007J, TOTAL=386.7887J, Remaining=118573.59J
[177.693] Task 364 served on STARLINK-33816 qlen_enqueue_cpu=1 qlen_enqueue_net=1 time_in_queue=0.000
[364][GREEDY] STARLINK-33816 -> STARLINK-11734 [DTC] | Tramission-time: 0.0020099285142964455
[364] Energy routing consumed by STARLINK-33816: 0.000000 J (remaining 118573.59)
[Task 363] Task eseguito su STARLINK-31782 51.68084267715283 degrees | CPU=893.0063J, NET=0.0000J, TOTAL=893.0063J, Remaining=118074.08J
[177.834] Task 363 served on STARLINK-31782 qlen_enqueue_cpu=1 qlen_enqueue_net=None time_in_queue=0.000
[363][GREEDY] STARLINK-31782 -> STARLINK-11734 [DTC] | Tramission-time: 0.0017273326733522028
[363] Energy routing consumed by STARLINK-31782: 0.000000 J (remaining 118074.08)
[MODE: BIDIRECTIONAL]
[364][GREEDY] CONSEGNATO! STARLINK-11734 [DTC] -> OBS | Tramission-time: 6.19125325701972e-10
[MODE: BIDIRECTIONAL]
[363][GREEDY] CONSEGNATO! STARLINK-11734 [DTC] -> OBS | Tramission-time: 2.1774638382917242e-11
----------------------------------------------------------------------
	||TIME IN SIMULATION : (seconds:178) (minutes: 2) ||

MODIFICA CONFIGURAZIONE IN CORSO...

Aggiornato il Tempo Globale:  2025-11-20 20:58:12
---> Task 366 (Type: CPU_Intensive) arriva in 178.17
--- [178.17] Task 366 using SearchNode Policy: v1_heuristic ---
[366] Filtro euristico: DTS-TMAX
[178.17] [Task 366] Routed STARLINK-11734 [DTC] -> STARLINK-33947 | E_NET=0.000005 J | Remaining=119999.98 J
[178.174] Task 366 enqueued on CPU STARLINK-33947 qlen_enqueue=1
[Task 366] Task eseguito su STARLINK-33947 70.02656692155848 degrees | CPU=49.5094J, NET=0.0000J, TOTAL=49.5094J, Remaining=118784.09J
[178.223] Task 366 served on STARLINK-33947 qlen_enqueue_cpu=1 qlen_enqueue_net=None time_in_queue=0.000
[MODE: BIDIRECTIONAL]
[366][GREEDY] CONSEGNATO! STARLINK-33947 -> OBS | Tramission-time: 6.3718901155109955e-12
[178.308] Task 365 enqueued on NET STARLINK-5843 qlen_enqueue_net=1
[Task 365] Task eseguito su STARLINK-5843 45.41530853094966 degrees | CPU=927.8733J, NET=0.0053J, TOTAL=927.8786J, Remaining=117997.01J
[178.313] Task 365 served on STARLINK-5843 qlen_enqueue_cpu=1 qlen_enqueue_net=1 time_in_queue=0.000
[365][GREEDY] STARLINK-5843 -> STARLINK-11734 [DTC] | Tramission-time: 0.0011169126616182431
[365] Energy routing consumed by STARLINK-5843: 0.000000 J (remaining 117997.01)
[MODE: BIDIRECTIONAL]
[365][GREEDY] CONSEGNATO! STARLINK-11734 [DTC] -> OBS | Tramission-time: 3.4629843038092086e-09
---> Task 367 (Type: CPU_and_Data_Intensive) arriva in 178.65
--- [178.65] Task 367 using SearchNode Policy: v1_heuristic ---
[367] Filtro euristico: DTS-TMAX
[178.65] [Task 367] Routed STARLINK-11734 [DTC] -> STARLINK-33947 | E_NET=0.158472 J | Remaining=119999.82 J
---> Task 368 (Type: Generic_Service) arriva in 178.73
--- [178.73] Task 368 using SearchNode Policy: v1_heuristic ---
[368] Filtro euristico: DTS-TMAX
[178.73] [Task 368] Routed STARLINK-11734 [DTC] -> STARLINK-30286 | E_NET=0.000022 J | Remaining=119999.82 J
[178.730] Task 368 enqueued on CPU STARLINK-30286 qlen_enqueue=1
[Task 368] Task eseguito su STARLINK-30286 44.651757127398696 degrees | CPU=14.4747J, NET=0.0000J, TOTAL=14.4747J, Remaining=118817.22J
[178.746] Task 368 served on STARLINK-30286 qlen_enqueue_cpu=1 qlen_enqueue_net=None time_in_queue=0.000
[368][GREEDY] STARLINK-30286 -> STARLINK-11734 [DTC] | Tramission-time: 0.0011845243942671933
[368] Energy routing consumed by STARLINK-30286: 0.000000 J (remaining 118817.22)
[MODE: BIDIRECTIONAL]
[368][GREEDY] CONSEGNATO! STARLINK-11734 [DTC] -> OBS | Tramission-time: 1.7440014684750824e-11
[178.809] Task 367 enqueued on CPU STARLINK-33947 qlen_enqueue=1
---> Task 369 (Type: CPU_Intensive) arriva in 179.40
--- [179.40] Task 369 using SearchNode Policy: v1_heuristic ---
[369] Filtro euristico: DTS-TMAX
[179.40] [Task 369] Routed STARLINK-11734 [DTC] -> STARLINK-30286 | E_NET=0.000012 J | Remaining=119999.82 J
[179.403] Task 369 enqueued on CPU STARLINK-30286 qlen_enqueue=1
---> Task 370 (Type: Generic_Service) arriva in 179.42
--- [179.42] Task 370 using SearchNode Policy: v1_heuristic ---
[370] Filtro euristico: DTS-TMAX
[179.42] [Task 370] Routed STARLINK-11734 [DTC] -> STARLINK-31008 | E_NET=0.000031 J | Remaining=119999.82 J
[179.425] Task 370 enqueued on CPU STARLINK-31008 qlen_enqueue=1
[Task 370] Task eseguito su STARLINK-31008 61.70580717356436 degrees | CPU=7.6566J, NET=0.0000J, TOTAL=7.6566J, Remaining=118735.27J
[179.435] Task 370 served on STARLINK-31008 qlen_enqueue_cpu=1 qlen_enqueue_net=None time_in_queue=0.000
[370][GREEDY] STARLINK-31008 -> STARLINK-11734 [DTC] | Tramission-time: 0.0005120471244934352
[370] Energy routing consumed by STARLINK-31008: 0.000000 J (remaining 118735.27)
[MODE: BIDIRECTIONAL]
[370][GREEDY] CONSEGNATO! STARLINK-11734 [DTC] -> OBS | Tramission-time: 3.749389833538537e-11
[179.638] Task 367 enqueued on NET STARLINK-33947 qlen_enqueue_net=1
---> Task 371 (Type: Generic_Service) arriva in 179.74
--- [179.74] Task 371 using SearchNode Policy: v1_heuristic ---
[371] Filtro euristico: DTS-TMAX
[179.74] [Task 371] Routed STARLINK-11734 [DTC] -> STARLINK-30986 | E_NET=0.000014 J | Remaining=119999.82 J
[179.737] Task 371 enqueued on CPU STARLINK-30986 qlen_enqueue=1
[Task 371] Task eseguito su STARLINK-30986 70.78277556431988 degrees | CPU=23.7197J, NET=0.0000J, TOTAL=23.7198J, Remaining=118754.44J
[179.761] Task 371 served on STARLINK-30986 qlen_enqueue_cpu=1 qlen_enqueue_net=None time_in_queue=0.000
[371][GREEDY] STARLINK-30986 -> STARLINK-11734 [DTC] | Tramission-time: 0.0016008953736519546
[371] Energy routing consumed by STARLINK-30986: 0.000000 J (remaining 118754.44)
[MODE: BIDIRECTIONAL]
[371][GREEDY] CONSEGNATO! STARLINK-11734 [DTC] -> OBS | Tramission-time: 1.1047202371765386e-11
---> Task 372 (Type: CPU_and_Data_Intensive) arriva in 179.78
--- [179.78] Task 372 using SearchNode Policy: v1_heuristic ---
[372] Filtro euristico: DTS-TMAX
[179.78] [Task 372] Routed STARLINK-11734 [DTC] -> STARLINK-30986 | E_NET=0.000321 J | Remaining=119999.82 J
[179.783] Task 372 enqueued on CPU STARLINK-30986 qlen_enqueue=1
[Task 367] Task eseguito su STARLINK-33947 70.02656692155848 degrees | CPU=854.8126J, NET=0.2277J, TOTAL=855.0403J, Remaining=117929.05J
[179.866] Task 367 served on STARLINK-33947 qlen_enqueue_cpu=1 qlen_enqueue_net=1 time_in_queue=0.000
[179.891] Task 372 enqueued on NET STARLINK-30986 qlen_enqueue_net=1
[Task 372] Task eseguito su STARLINK-30986 70.78277556431988 degrees | CPU=110.9015J, NET=0.0003J, TOTAL=110.9018J, Remaining=118643.53J
[179.891] Task 372 served on STARLINK-30986 qlen_enqueue_cpu=1 qlen_enqueue_net=1 time_in_queue=0.000
[372][GREEDY] STARLINK-30986 -> STARLINK-11734 [DTC] | Tramission-time: 0.001600895627557299
[372] Energy routing consumed by STARLINK-30986: 0.000000 J (remaining 118643.53)
[MODE: BIDIRECTIONAL]
[367][GREEDY] CONSEGNATO! STARLINK-33947 -> OBS | Tramission-time: 1.5285265141164817e-07
[MODE: BIDIRECTIONAL]
[372][GREEDY] CONSEGNATO! STARLINK-11734 [DTC] -> OBS | Tramission-time: 2.5137996224186935e-10
----------------------------------------------------------------------
	||TIME IN SIMULATION : (seconds:180) (minutes: 3) ||

MODIFICA CONFIGURAZIONE IN CORSO...

Aggiornato il Tempo Globale:  2025-11-20 20:58:14
---> Task 373 (Type: CPU_Intensive) arriva in 180.03
--- [180.03] Task 373 using SearchNode Policy: v1_heuristic ---
[373] Filtro euristico: DTS-TMAX
[180.03] [Task 373] Routed STARLINK-11734 [DTC] -> STARLINK-31008 | E_NET=0.000017 J | Remaining=119999.82 J
[180.028] Task 373 enqueued on CPU STARLINK-31008 qlen_enqueue=1
[Task 369] Task eseguito su STARLINK-30286 45.36733738643969 degrees | CPU=798.9987J, NET=0.0000J, TOTAL=798.9988J, Remaining=118018.22J
[180.179] Task 369 served on STARLINK-30286 qlen_enqueue_cpu=1 qlen_enqueue_net=None time_in_queue=0.000
[369][GREEDY] STARLINK-30286 -> STARLINK-11734 [DTC] | Tramission-time: 0.0011863281956304061
[369] Energy routing consumed by STARLINK-30286: 0.000000 J (remaining 118018.22)
[MODE: BIDIRECTIONAL]
[369][GREEDY] CONSEGNATO! STARLINK-11734 [DTC] -> OBS | Tramission-time: 1.1129754387583488e-11
---> Task 374 (Type: Generic_Service) arriva in 180.32
--- [180.32] Task 374 using SearchNode Policy: v1_heuristic ---
[374] Filtro euristico: DTS-TMAX
[180.32] [Task 374] Routed STARLINK-11734 [DTC] -> STARLINK-4396 | E_NET=0.000025 J | Remaining=119999.82 J
[180.321] Task 374 enqueued on CPU STARLINK-4396 qlen_enqueue=1
[Task 374] Task eseguito su STARLINK-4396 50.70445075959308 degrees | CPU=60.6842J, NET=0.0000J, TOTAL=60.6842J, Remaining=118671.68J
[180.382] Task 374 served on STARLINK-4396 qlen_enqueue_cpu=1 qlen_enqueue_net=None time_in_queue=0.000
[374][GREEDY] STARLINK-4396 -> STARLINK-11734 [DTC] | Tramission-time: 0.0011751131671310382
[374] Energy routing consumed by STARLINK-4396: 0.000000 J (remaining 118671.68)
[MODE: BIDIRECTIONAL]
[374][GREEDY] CONSEGNATO! STARLINK-11734 [DTC] -> OBS | Tramission-time: 2.640887300595866e-11
[Task 373] Task eseguito su STARLINK-31008 62.74153088353621 degrees | CPU=582.1713J, NET=0.0000J, TOTAL=582.1713J, Remaining=118153.10J
[180.594] Task 373 served on STARLINK-31008 qlen_enqueue_cpu=1 qlen_enqueue_net=None time_in_queue=0.000
---> Task 375 (Type: Generic_Service) arriva in 180.62
--- [180.62] Task 375 using SearchNode Policy: v1_heuristic ---
[375] Filtro euristico: DTS-TMAX
[180.62] [Task 375] Routed STARLINK-11734 [DTC] -> STARLINK-34902 | E_NET=0.000010 J | Remaining=119999.82 J
[180.624] Task 375 enqueued on CPU STARLINK-34902 qlen_enqueue=1
[Task 375] Task eseguito su STARLINK-34902 46.161896328687234 degrees | CPU=30.7167J, NET=0.0000J, TOTAL=30.7167J, Remaining=118651.05J
[180.654] Task 375 served on STARLINK-34902 qlen_enqueue_cpu=1 qlen_enqueue_net=None time_in_queue=0.000
[373][GREEDY] STARLINK-31008 -> STARLINK-11734 [DTC] | Tramission-time: 0.0005115300748121532
[373] Energy routing consumed by STARLINK-31008: 0.000000 J (remaining 118153.10)
[375][GREEDY] STARLINK-34902 -> STARLINK-11734 [DTC] | Tramission-time: 0.0008775268291897501
[375] Energy routing consumed by STARLINK-34902: 0.000000 J (remaining 118651.05)
[MODE: BIDIRECTIONAL]
[373][GREEDY] CONSEGNATO! STARLINK-11734 [DTC] -> OBS | Tramission-time: 1.6946676247676142e-11
[MODE: BIDIRECTIONAL]
[375][GREEDY] CONSEGNATO! STARLINK-11734 [DTC] -> OBS | Tramission-time: 7.324531503421682e-12
---> Task 376 (Type: Generic_Service) arriva in 180.82
--- [180.82] Task 376 using SearchNode Policy: v1_heuristic ---
[376] Filtro euristico: DTS-TMAX
[180.82] [Task 376] Routed STARLINK-11734 [DTC] -> STARLINK-4396 | E_NET=0.000011 J | Remaining=119999.82 J
[180.824] Task 376 enqueued on CPU STARLINK-4396 qlen_enqueue=1
[Task 376] Task eseguito su STARLINK-4396 50.70445075959308 degrees | CPU=73.2936J, NET=0.0000J, TOTAL=73.2936J, Remaining=118598.39J
[180.896] Task 376 served on STARLINK-4396 qlen_enqueue_cpu=1 qlen_enqueue_net=None time_in_queue=0.000
[376][GREEDY] STARLINK-4396 -> STARLINK-11734 [DTC] | Tramission-time: 0.001175113149426981
[376] Energy routing consumed by STARLINK-4396: 0.000000 J (remaining 118598.39)
[MODE: BIDIRECTIONAL]
[376][GREEDY] CONSEGNATO! STARLINK-11734 [DTC] -> OBS | Tramission-time: 1.0982625936301137e-11
---> Task 377 (Type: Generic_Service) arriva in 181.80
--- [181.80] Task 377 using SearchNode Policy: v1_heuristic ---
[377] Filtro euristico: DTS-TMAX
[181.80] [Task 377] Routed STARLINK-11734 [DTC] -> STARLINK-2713 | E_NET=0.000030 J | Remaining=119999.82 J
[181.798] Task 377 enqueued on CPU STARLINK-2713 qlen_enqueue=1
[Task 377] Task eseguito su STARLINK-2713 60.54097692292332 degrees | CPU=68.9294J, NET=0.0000J, TOTAL=68.9294J, Remaining=118596.30J
[181.867] Task 377 served on STARLINK-2713 qlen_enqueue_cpu=1 qlen_enqueue_net=None time_in_queue=0.000
[377][GREEDY] STARLINK-2713 -> STARLINK-11734 [DTC] | Tramission-time: 0.001241363753227688
[377] Energy routing consumed by STARLINK-2713: 0.000000 J (remaining 118596.30)
[MODE: BIDIRECTIONAL]
[377][GREEDY] CONSEGNATO! STARLINK-11734 [DTC] -> OBS | Tramission-time: 3.0614356737479853e-11
----------------------------------------------------------------------
	||TIME IN SIMULATION : (seconds:182) (minutes: 3) ||

MODIFICA CONFIGURAZIONE IN CORSO...

Aggiornato il Tempo Globale:  2025-11-20 20:58:16
---> Task 378 (Type: CPU_and_Data_Intensive) arriva in 182.72
--- [182.72] Task 378 using SearchNode Policy: v1_heuristic ---
[378] Filtro euristico: DTS-TMAX
[182.72] [Task 378] Routed STARLINK-11734 [DTC] -> STARLINK-34902 | E_NET=0.003624 J | Remaining=119999.81 J
[182.728] Task 378 enqueued on CPU STARLINK-34902 qlen_enqueue=1
---> Task 379 (Type: CPU_Intensive) arriva in 182.87
--- [182.87] Task 379 using SearchNode Policy: v1_heuristic ---
[379] Filtro euristico: DTS-TMAX
[182.87] [Task 379] Routed STARLINK-11734 [DTC] -> STARLINK-11474 [DTC] | E_NET=0.000017 J | Remaining=119999.81 J
[182.867] Task 379 enqueued on CPU STARLINK-11474 [DTC] qlen_enqueue=1
[Task 379] Task eseguito su STARLINK-11474 [DTC] 71.90125478351764 degrees | CPU=36.9138J, NET=0.0000J, TOTAL=36.9138J, Remaining=118611.05J
[182.905] Task 379 served on STARLINK-11474 [DTC] qlen_enqueue_cpu=1 qlen_enqueue_net=None time_in_queue=0.000
[379][GREEDY] STARLINK-11474 [DTC] -> STARLINK-11734 [DTC] | Tramission-time: 0.0005492420525072003
[379] Energy routing consumed by STARLINK-11474 [DTC]: 0.000000 J (remaining 118611.05)
[MODE: BIDIRECTIONAL]
[379][GREEDY] CONSEGNATO! STARLINK-11734 [DTC] -> OBS | Tramission-time: 2.0556226516755352e-11
[182.976] Task 378 enqueued on NET STARLINK-34902 qlen_enqueue_net=1
[Task 378] Task eseguito su STARLINK-34902 46.64237018711424 degrees | CPU=255.5965J, NET=0.0047J, TOTAL=255.6012J, Remaining=118395.45J
[182.980] Task 378 served on STARLINK-34902 qlen_enqueue_cpu=1 qlen_enqueue_net=1 time_in_queue=0.000
[378][GREEDY] STARLINK-34902 -> STARLINK-11734 [DTC] | Tramission-time: 0.0008603902145835189
[378] Energy routing consumed by STARLINK-34902: 0.000000 J (remaining 118395.45)
[MODE: BIDIRECTIONAL]
[378][GREEDY] CONSEGNATO! STARLINK-11734 [DTC] -> OBS | Tramission-time: 4.468233598307714e-09
---> Task 380 (Type: CPU_Intensive) arriva in 183.31
--- [183.31] Task 380 using SearchNode Policy: v1_heuristic ---
[380] Filtro euristico: DTS-TMAX
[183.31] [Task 380] Routed STARLINK-11734 [DTC] -> STARLINK-30986 | E_NET=0.000014 J | Remaining=119999.81 J
[183.315] Task 380 enqueued on CPU STARLINK-30986 qlen_enqueue=1
---> Task 381 (Type: Generic_Service) arriva in 183.38
--- [183.38] Task 381 using SearchNode Policy: v1_heuristic ---
[381] Filtro euristico: DTS-TMAX
[183.38] [Task 381] Routed STARLINK-11734 [DTC] -> STARLINK-11474 [DTC] | E_NET=0.000029 J | Remaining=119999.81 J
[183.378] Task 381 enqueued on CPU STARLINK-11474 [DTC] qlen_enqueue=1
[Task 381] Task eseguito su STARLINK-11474 [DTC] 71.90125478351764 degrees | CPU=10.0319J, NET=0.0000J, TOTAL=10.0319J, Remaining=118601.02J
[183.391] Task 381 served on STARLINK-11474 [DTC] qlen_enqueue_cpu=1 qlen_enqueue_net=None time_in_queue=0.000
---> Task 382 (Type: CPU_and_Data_Intensive) arriva in 183.43
--- [183.43] Task 382 using SearchNode Policy: v1_heuristic ---
[382] Filtro euristico: DTS-TMAX
[183.43] [Task 382] Routed STARLINK-11734 [DTC] -> STARLINK-11474 [DTC] | E_NET=0.001517 J | Remaining=119999.81 J
[183.435] Task 382 enqueued on CPU STARLINK-11474 [DTC] qlen_enqueue=1
[381][GREEDY] STARLINK-11474 [DTC] -> STARLINK-11734 [DTC] | Tramission-time: 0.0005492420697935458
[381] Energy routing consumed by STARLINK-11474 [DTC]: 0.000000 J (remaining 118601.02)
[MODE: BIDIRECTIONAL]
[381][GREEDY] CONSEGNATO! STARLINK-11734 [DTC] -> OBS | Tramission-time: 3.369322901244581e-11
---> Task 383 (Type: Generic_Service) arriva in 183.75
--- [183.75] Task 383 using SearchNode Policy: v1_heuristic ---
[383] Filtro euristico: DTS-TMAX
[183.75] [Task 383] Routed STARLINK-11734 [DTC] -> STARLINK-4396 | E_NET=0.000013 J | Remaining=119999.81 J
[183.755] Task 383 enqueued on CPU STARLINK-4396 qlen_enqueue=1
[Task 383] Task eseguito su STARLINK-4396 50.92840521463328 degrees | CPU=79.3821J, NET=0.0000J, TOTAL=79.3822J, Remaining=118519.01J
[183.833] Task 383 served on STARLINK-4396 qlen_enqueue_cpu=1 qlen_enqueue_net=None time_in_queue=0.000
[383][GREEDY] STARLINK-4396 -> STARLINK-11734 [DTC] | Tramission-time: 0.0011611892836383502
[383] Energy routing consumed by STARLINK-4396: 0.000000 J (remaining 118519.01)
[MODE: BIDIRECTIONAL]
[383][GREEDY] CONSEGNATO! STARLINK-11734 [DTC] -> OBS | Tramission-time: 1.2251308734483815e-11
----------------------------------------------------------------------
	||TIME IN SIMULATION : (seconds:184) (minutes: 3) ||

MODIFICA CONFIGURAZIONE IN CORSO...

Aggiornato il Tempo Globale:  2025-11-20 20:58:18
[Task 380] Task eseguito su STARLINK-30986 72.99733361632941 degrees | CPU=961.1361J, NET=0.0000J, TOTAL=961.1361J, Remaining=117682.40J
[184.248] Task 380 served on STARLINK-30986 qlen_enqueue_cpu=1 qlen_enqueue_net=None time_in_queue=0.000
[380][GREEDY] STARLINK-30986 -> STARLINK-11734 [DTC] | Tramission-time: 0.0015586518112956887
[380] Energy routing consumed by STARLINK-30986: 0.000000 J (remaining 117682.40)
[MODE: BIDIRECTIONAL]
[380][GREEDY] CONSEGNATO! STARLINK-11734 [DTC] -> OBS | Tramission-time: 1.0405768891804491e-11
[184.530] Task 382 enqueued on NET STARLINK-11474 [DTC] qlen_enqueue_net=1
[Task 382] Task eseguito su STARLINK-11474 [DTC] 70.47523910815113 degrees | CPU=1129.0506J, NET=0.0021J, TOTAL=1129.0527J, Remaining=117471.97J
[184.532] Task 382 served on STARLINK-11474 [DTC] qlen_enqueue_cpu=1 qlen_enqueue_net=1 time_in_queue=0.000
[382][GREEDY] STARLINK-11474 [DTC] -> STARLINK-11734 [DTC] | Tramission-time: 0.000502112634307029
[382] Energy routing consumed by STARLINK-11474 [DTC]: 0.000000 J (remaining 117471.97)
[MODE: BIDIRECTIONAL]
[382][GREEDY] CONSEGNATO! STARLINK-11734 [DTC] -> OBS | Tramission-time: 1.972469641955054e-09
---> Task 384 (Type: Generic_Service) arriva in 184.76
--- [184.76] Task 384 using SearchNode Policy: v1_heuristic ---
[384] Filtro euristico: DTS-TMAX
[184.76] [Task 384] Routed STARLINK-11734 [DTC] -> STARLINK-32945 | E_NET=0.000014 J | Remaining=119999.81 J
[184.761] Task 384 enqueued on CPU STARLINK-32945 qlen_enqueue=1
[Task 384] Task eseguito su STARLINK-32945 54.26086567146504 degrees | CPU=8.4337J, NET=0.0000J, TOTAL=8.4338J, Remaining=118292.80J
[184.770] Task 384 served on STARLINK-32945 qlen_enqueue_cpu=1 qlen_enqueue_net=None time_in_queue=0.000
[384][GREEDY] STARLINK-32945 -> STARLINK-11734 [DTC] | Tramission-time: 0.0007516737732228093
[384] Energy routing consumed by STARLINK-32945: 0.000000 J (remaining 118292.80)
[MODE: BIDIRECTIONAL]
[384][GREEDY] CONSEGNATO! STARLINK-11734 [DTC] -> OBS | Tramission-time: 1.3662725148673143e-11
----------------------------------------------------------------------
	||TIME IN SIMULATION : (seconds:186) (minutes: 3) ||

MODIFICA CONFIGURAZIONE IN CORSO...

Aggiornato il Tempo Globale:  2025-11-20 20:58:20
---> Task 385 (Type: Generic_Service) arriva in 187.43
--- [187.43] Task 385 using SearchNode Policy: v1_heuristic ---
[385] Filtro euristico: DTS-TMAX
[187.43] [Task 385] Routed STARLINK-11734 [DTC] -> STARLINK-2713 | E_NET=0.000023 J | Remaining=119999.81 J
[187.436] Task 385 enqueued on CPU STARLINK-2713 qlen_enqueue=1
[Task 385] Task eseguito su STARLINK-2713 62.66981010710372 degrees | CPU=110.5754J, NET=0.0000J, TOTAL=110.5754J, Remaining=118485.73J
[187.545] Task 385 served on STARLINK-2713 qlen_enqueue_cpu=1 qlen_enqueue_net=None time_in_queue=0.000
---> Task 386 (Type: Generic_Service) arriva in 187.57
--- [187.57] Task 386 using SearchNode Policy: v1_heuristic ---
[386] Filtro euristico: DTS-TMAX
[187.57] [Task 386] Routed STARLINK-11734 [DTC] -> STARLINK-4472 | E_NET=0.000013 J | Remaining=119999.81 J
[187.572] Task 386 enqueued on CPU STARLINK-4472 qlen_enqueue=1
[385][GREEDY] STARLINK-2713 -> STARLINK-11734 [DTC] | Tramission-time: 0.0011798160970676803
[385] Energy routing consumed by STARLINK-2713: 0.000000 J (remaining 118485.73)
[MODE: BIDIRECTIONAL]
[385][GREEDY] CONSEGNATO! STARLINK-11734 [DTC] -> OBS | Tramission-time: 2.1798400794514483e-11
[Task 386] Task eseguito su STARLINK-4472 61.42912547822175 degrees | CPU=65.5269J, NET=0.0000J, TOTAL=65.5270J, Remaining=118520.11J
[187.636] Task 386 served on STARLINK-4472 qlen_enqueue_cpu=1 qlen_enqueue_net=None time_in_queue=0.000
[386][GREEDY] STARLINK-4472 -> STARLINK-11734 [DTC] | Tramission-time: 0.0013543970962374037
[386] Energy routing consumed by STARLINK-4472: 0.000000 J (remaining 118520.11)
[MODE: BIDIRECTIONAL]
[386][GREEDY] CONSEGNATO! STARLINK-11734 [DTC] -> OBS | Tramission-time: 1.4579345053522356e-11
----------------------------------------------------------------------
	||TIME IN SIMULATION : (seconds:188) (minutes: 3) ||

MODIFICA CONFIGURAZIONE IN CORSO...

Aggiornato il Tempo Globale:  2025-11-20 20:58:22
---> Task 387 (Type: Generic_Service) arriva in 188.07
--- [188.07] Task 387 using SearchNode Policy: v1_heuristic ---
[387] Filtro euristico: DTS-TMAX
[Task 387] Nessun server rimasto dopo i filtri (deadline/sunset).
[Task 387] REJECTED on STARLINK-11734 [DTC] due to: No suitable server found after deadline/sunset filters
---> Task 388 (Type: CPU_and_Data_Intensive) arriva in 188.38
--- [188.38] Task 388 using SearchNode Policy: v1_heuristic ---
[388] Filtro euristico: DTS-TMAX
[188.38] [Task 388] Routed STARLINK-11734 [DTC] -> STARLINK-34965 | E_NET=0.000022 J | Remaining=119999.81 J
[188.387] Task 388 enqueued on CPU STARLINK-34965 qlen_enqueue=1
[188.830] Task 388 enqueued on NET STARLINK-34965 qlen_enqueue_net=1
[Task 388] Task eseguito su STARLINK-34965 49.34817566238194 degrees | CPU=456.8207J, NET=0.0000J, TOTAL=456.8207J, Remaining=118897.79J
[188.830] Task 388 served on STARLINK-34965 qlen_enqueue_cpu=1 qlen_enqueue_net=1 time_in_queue=0.000
[388][GREEDY] STARLINK-34965 -> STARLINK-11734 [DTC] | Tramission-time: 0.0021898131727091925
[388] Energy routing consumed by STARLINK-34965: 0.000000 J (remaining 118897.79)
[MODE: BIDIRECTIONAL]
[388][GREEDY] CONSEGNATO! STARLINK-11734 [DTC] -> OBS | Tramission-time: 2.8314760674204297e-11
----------------------------------------------------------------------
	||TIME IN SIMULATION : (seconds:190) (minutes: 3) ||

MODIFICA CONFIGURAZIONE IN CORSO...

Aggiornato il Tempo Globale:  2025-11-20 20:58:24
---> Task 389 (Type: Generic_Service) arriva in 190.43
--- [190.43] Task 389 using SearchNode Policy: v1_heuristic ---
[389] Filtro euristico: DTS-TMAX
[Task 389] Nessun server rimasto dopo i filtri (deadline/sunset).
[Task 389] REJECTED on STARLINK-11734 [DTC] due to: No suitable server found after deadline/sunset filters
----------------------------------------------------------------------
	||TIME IN SIMULATION : (seconds:192) (minutes: 3) ||

MODIFICA CONFIGURAZIONE IN CORSO...

Aggiornato il Tempo Globale:  2025-11-20 20:58:26
---> Task 390 (Type: Generic_Service) arriva in 192.47
--- [192.47] Task 390 using SearchNode Policy: v1_heuristic ---
[390] Filtro euristico: DTS-TMAX
[192.47] [Task 390] Routed STARLINK-11734 [DTC] -> STARLINK-34965 | E_NET=0.000007 J | Remaining=119999.81 J
[192.476] Task 390 enqueued on CPU STARLINK-34965 qlen_enqueue=1
[Task 390] Task eseguito su STARLINK-34965 49.862755533542156 degrees | CPU=100.4706J, NET=0.0000J, TOTAL=100.4706J, Remaining=118797.32J
[192.574] Task 390 served on STARLINK-34965 qlen_enqueue_cpu=1 qlen_enqueue_net=None time_in_queue=0.000
[390][GREEDY] STARLINK-34965 -> STARLINK-11734 [DTC] | Tramission-time: 0.002163856326570426
[390] Energy routing consumed by STARLINK-34965: 0.000000 J (remaining 118797.32)
[MODE: BIDIRECTIONAL]
[390][GREEDY] CONSEGNATO! STARLINK-11734 [DTC] -> OBS | Tramission-time: 6.1222347801540935e-12
---> Task 391 (Type: CPU_Intensive) arriva in 193.01
--- [193.01] Task 391 using SearchNode Policy: v1_heuristic ---
[391] Filtro euristico: DTS-TMAX
[193.01] [Task 391] Routed STARLINK-11734 [DTC] -> STARLINK-3897 | E_NET=0.000004 J | Remaining=119999.81 J
[193.009] Task 391 enqueued on CPU STARLINK-3897 qlen_enqueue=1
[Task 391] Task eseguito su STARLINK-3897 49.656257709338846 degrees | CPU=500.8277J, NET=0.0000J, TOTAL=500.8277J, Remaining=118353.94J
[193.495] Task 391 served on STARLINK-3897 qlen_enqueue_cpu=1 qlen_enqueue_net=None time_in_queue=0.000
[391][GREEDY] STARLINK-3897 -> STARLINK-11734 [DTC] | Tramission-time: 0.0021689255676122445
[391] Energy routing consumed by STARLINK-3897: 0.000000 J (remaining 118353.94)
[MODE: BIDIRECTIONAL]
[391][GREEDY] CONSEGNATO! STARLINK-11734 [DTC] -> OBS | Tramission-time: 4.578592124786263e-12
---> Task 392 (Type: CPU_and_Data_Intensive) arriva in 193.99
--- [193.99] Task 392 using SearchNode Policy: v1_heuristic ---
[392] Filtro euristico: DTS-TMAX
[Task 392] Nessun server rimasto dopo i filtri (deadline/sunset).
[Task 392] REJECTED on STARLINK-11734 [DTC] due to: No suitable server found after deadline/sunset filters
----------------------------------------------------------------------
	||TIME IN SIMULATION : (seconds:194) (minutes: 3) ||

MODIFICA CONFIGURAZIONE IN CORSO...

Aggiornato il Tempo Globale:  2025-11-20 20:58:28
---> Task 393 (Type: Generic_Service) arriva in 194.21
--- [194.21] Task 393 using SearchNode Policy: v1_heuristic ---
[393] Filtro euristico: DTS-TMAX
[194.21] [Task 393] Routed STARLINK-11734 [DTC] -> STARLINK-34965 | E_NET=0.000022 J | Remaining=119999.81 J
[194.214] Task 393 enqueued on CPU STARLINK-34965 qlen_enqueue=1
---> Task 394 (Type: CPU_and_Data_Intensive) arriva in 194.24
--- [194.24] Task 394 using SearchNode Policy: v1_heuristic ---
[394] Filtro euristico: DTS-TMAX
[194.24] [Task 394] Routed STARLINK-11734 [DTC] -> STARLINK-4472 | E_NET=0.000455 J | Remaining=119999.81 J
[194.243] Task 394 enqueued on CPU STARLINK-4472 qlen_enqueue=1
[194.258] Task 394 enqueued on NET STARLINK-4472 qlen_enqueue_net=1
[Task 394] Task eseguito su STARLINK-4472 60.034609810307266 degrees | CPU=14.8149J, NET=0.0006J, TOTAL=14.8155J, Remaining=118505.30J
[194.258] Task 394 served on STARLINK-4472 qlen_enqueue_cpu=1 qlen_enqueue_net=1 time_in_queue=0.000
[Task 393] Task eseguito su STARLINK-34965 50.07449754582505 degrees | CPU=67.4689J, NET=0.0000J, TOTAL=67.4689J, Remaining=118729.85J
[194.282] Task 393 served on STARLINK-34965 qlen_enqueue_cpu=1 qlen_enqueue_net=None time_in_queue=0.000
[394][GREEDY] STARLINK-4472 -> STARLINK-11734 [DTC] | Tramission-time: 0.001102885081790891
[394] Energy routing consumed by STARLINK-4472: 0.000000 J (remaining 118505.30)
[393][GREEDY] STARLINK-34965 -> STARLINK-11734 [DTC] | Tramission-time: 0.0021562864900463736
[393] Energy routing consumed by STARLINK-34965: 0.000000 J (remaining 118729.85)
[MODE: BIDIRECTIONAL]
[394][GREEDY] CONSEGNATO! STARLINK-11734 [DTC] -> OBS | Tramission-time: 5.057858157124838e-10
---> Task 395 (Type: CPU_and_Data_Intensive) arriva in 194.37
--- [194.37] Task 395 using SearchNode Policy: v1_heuristic ---
[395] Filtro euristico: DTS-TMAX
[194.37] [Task 395] Routed STARLINK-11734 [DTC] -> STARLINK-34965 | E_NET=0.000728 J | Remaining=119999.81 J
[194.370] Task 395 enqueued on CPU STARLINK-34965 qlen_enqueue=1
[MODE: BIDIRECTIONAL]
[393][GREEDY] CONSEGNATO! STARLINK-11734 [DTC] -> OBS | Tramission-time: 2.148029151587846e-11
[194.475] Task 395 enqueued on NET STARLINK-34965 qlen_enqueue_net=1
[Task 395] Task eseguito su STARLINK-34965 50.07449754582505 degrees | CPU=108.0085J, NET=0.0010J, TOTAL=108.0095J, Remaining=118621.84J
[194.476] Task 395 served on STARLINK-34965 qlen_enqueue_cpu=1 qlen_enqueue_net=1 time_in_queue=0.000
[395][GREEDY] STARLINK-34965 -> STARLINK-11734 [DTC] | Tramission-time: 0.002156287159701638
[395] Energy routing consumed by STARLINK-34965: 0.000000 J (remaining 118621.84)
[MODE: BIDIRECTIONAL]
[395][GREEDY] CONSEGNATO! STARLINK-11734 [DTC] -> OBS | Tramission-time: 6.648605893180008e-10
---> Task 396 (Type: CPU_and_Data_Intensive) arriva in 195.10
--- [195.10] Task 396 using SearchNode Policy: v1_heuristic ---
[396] Filtro euristico: DTS-TMAX
[195.10] [Task 396] Routed STARLINK-11734 [DTC] -> STARLINK-34965 | E_NET=0.005403 J | Remaining=119999.81 J
[195.109] Task 396 enqueued on CPU STARLINK-34965 qlen_enqueue=1
[195.438] Task 396 enqueued on NET STARLINK-34965 qlen_enqueue_net=1
[Task 396] Task eseguito su STARLINK-34965 50.07449754582505 degrees | CPU=339.3726J, NET=0.0074J, TOTAL=339.3800J, Remaining=118282.46J
[195.445] Task 396 served on STARLINK-34965 qlen_enqueue_cpu=1 qlen_enqueue_net=1 time_in_queue=0.000
[396][GREEDY] STARLINK-34965 -> STARLINK-11734 [DTC] | Tramission-time: 0.002156293324914285
[396] Energy routing consumed by STARLINK-34965: 0.000000 J (remaining 118282.46)
[MODE: BIDIRECTIONAL]
[396][GREEDY] CONSEGNATO! STARLINK-11734 [DTC] -> OBS | Tramission-time: 4.9571166340742264e-09
---> Task 397 (Type: CPU_and_Data_Intensive) arriva in 195.54
--- [195.54] Task 397 using SearchNode Policy: v1_heuristic ---
[397] Filtro euristico: DTS-TMAX
[195.54] [Task 397] Routed STARLINK-11734 [DTC] -> STARLINK-31399 | E_NET=0.000088 J | Remaining=119999.81 J
[195.543] Task 397 enqueued on CPU STARLINK-31399 qlen_enqueue=1
----------------------------------------------------------------------
	||TIME IN SIMULATION : (seconds:196) (minutes: 3) ||

MODIFICA CONFIGURAZIONE IN CORSO...

Aggiornato il Tempo Globale:  2025-11-20 20:58:30
[196.562] Task 397 enqueued on NET STARLINK-31399 qlen_enqueue_net=1
[Task 397] Task eseguito su STARLINK-31399 63.30553558242972 degrees | CPU=1049.9693J, NET=0.0001J, TOTAL=1049.9694J, Remaining=117525.83J
[196.562] Task 397 served on STARLINK-31399 qlen_enqueue_cpu=1 qlen_enqueue_net=1 time_in_queue=0.000
[MODE: BIDIRECTIONAL]
[397][GREEDY] CONSEGNATO! STARLINK-31399 -> OBS | Tramission-time: 9.392699036399773e-11
---> Task 398 (Type: CPU_and_Data_Intensive) arriva in 197.19
--- [197.19] Task 398 using SearchNode Policy: v1_heuristic ---
[398] Filtro euristico: DTS-TMAX
[197.19] [Task 398] Routed STARLINK-11734 [DTC] -> STARLINK-33816 | E_NET=0.000010 J | Remaining=119999.81 J
[197.192] Task 398 enqueued on CPU STARLINK-33816 qlen_enqueue=1
---> Task 399 (Type: Generic_Service) arriva in 197.31
--- [197.31] Task 399 using SearchNode Policy: v1_heuristic ---
[399] Filtro euristico: DTS-TMAX
[197.31] [Task 399] Routed STARLINK-11734 [DTC] -> STARLINK-4396 | E_NET=0.000033 J | Remaining=119999.81 J
[197.311] Task 399 enqueued on CPU STARLINK-4396 qlen_enqueue=1
[Task 399] Task eseguito su STARLINK-4396 51.56323852588419 degrees | CPU=32.6836J, NET=0.0000J, TOTAL=32.6837J, Remaining=118486.33J
[197.345] Task 399 served on STARLINK-4396 qlen_enqueue_cpu=1 qlen_enqueue_net=None time_in_queue=0.000
[399][GREEDY] STARLINK-4396 -> STARLINK-11734 [DTC] | Tramission-time: 0.0010696201566462928
[399] Energy routing consumed by STARLINK-4396: 0.000000 J (remaining 118486.33)
[MODE: BIDIRECTIONAL]
[399][GREEDY] CONSEGNATO! STARLINK-11734 [DTC] -> OBS | Tramission-time: 3.001855949107853e-11
[197.446] Task 398 enqueued on NET STARLINK-33816 qlen_enqueue_net=1
[Task 398] Task eseguito su STARLINK-33816 51.361571789018704 degrees | CPU=262.2201J, NET=0.0000J, TOTAL=262.2201J, Remaining=118311.37J
[197.446] Task 398 served on STARLINK-33816 qlen_enqueue_cpu=1 qlen_enqueue_net=1 time_in_queue=0.000
[398][GREEDY] STARLINK-33816 -> STARLINK-11734 [DTC] | Tramission-time: 0.0018439875307092782
[398] Energy routing consumed by STARLINK-33816: 0.000000 J (remaining 118311.37)
[MODE: BIDIRECTIONAL]
[398][GREEDY] CONSEGNATO! STARLINK-11734 [DTC] -> OBS | Tramission-time: 1.0264386972987303e-11
---> Task 400 (Type: CPU_Intensive) arriva in 197.67
--- [197.67] Task 400 using SearchNode Policy: v1_heuristic ---
[400] Filtro euristico: DTS-TMAX
[197.67] [Task 400] Routed STARLINK-11734 [DTC] -> STARLINK-4472 | E_NET=0.000014 J | Remaining=119999.81 J
[197.671] Task 400 enqueued on CPU STARLINK-4472 qlen_enqueue=1
---> Task 401 (Type: CPU_and_Data_Intensive) arriva in 197.75
--- [197.75] Task 401 using SearchNode Policy: v1_heuristic ---
[401] Filtro euristico: DTS-TMAX
[197.75] [Task 401] Routed STARLINK-11734 [DTC] -> STARLINK-4396 | E_NET=0.000224 J | Remaining=119999.81 J
[197.756] Task 401 enqueued on CPU STARLINK-4396 qlen_enqueue=1
---> Task 402 (Type: CPU_Intensive) arriva in 197.78
--- [197.78] Task 402 using SearchNode Policy: v1_heuristic ---
[402] Filtro euristico: DTS-TMAX
[197.78] [Task 402] Routed STARLINK-11734 [DTC] -> STARLINK-2713 | E_NET=0.000016 J | Remaining=119999.81 J
[197.786] Task 402 enqueued on CPU STARLINK-2713 qlen_enqueue=1
----------------------------------------------------------------------
	||TIME IN SIMULATION : (seconds:198) (minutes: 3) ||

MODIFICA CONFIGURAZIONE IN CORSO...

Aggiornato il Tempo Globale:  2025-11-20 20:58:32
[198.233] Task 401 enqueued on NET STARLINK-4396 qlen_enqueue_net=1
[Task 401] Task eseguito su STARLINK-4396 51.51434975791116 degrees | CPU=492.1411J, NET=0.0003J, TOTAL=492.1413J, Remaining=117994.18J
[198.234] Task 401 served on STARLINK-4396 qlen_enqueue_cpu=1 qlen_enqueue_net=1 time_in_queue=0.000
[401][GREEDY] STARLINK-4396 -> STARLINK-11734 [DTC] | Tramission-time: 0.001057478381886699
[401] Energy routing consumed by STARLINK-4396: 0.000000 J (remaining 117994.18)
[MODE: BIDIRECTIONAL]
[401][GREEDY] CONSEGNATO! STARLINK-11734 [DTC] -> OBS | Tramission-time: 1.92434749590772e-10
---> Task 403 (Type: Generic_Service) arriva in 198.40
--- [198.40] Task 403 using SearchNode Policy: v1_heuristic ---
[403] Filtro euristico: DTS-TMAX
[198.40] [Task 403] Routed STARLINK-11724 [DTC] -> STARLINK-2647 | E_NET=0.000022 J | Remaining=120000.00 J
[198.407] Task 403 enqueued on CPU STARLINK-2647 qlen_enqueue=1
[Task 403] Task eseguito su STARLINK-2647 40.21479324746489 degrees | CPU=92.3446J, NET=0.0000J, TOTAL=92.3446J, Remaining=119907.66J
[198.498] Task 403 served on STARLINK-2647 qlen_enqueue_cpu=1 qlen_enqueue_net=None time_in_queue=0.000
[Task 402] Task eseguito su STARLINK-2713 65.71823364312277 degrees | CPU=793.4019J, NET=0.0000J, TOTAL=793.4019J, Remaining=117692.32J
[198.557] Task 402 served on STARLINK-2713 qlen_enqueue_cpu=1 qlen_enqueue_net=None time_in_queue=0.000
[402][GREEDY] STARLINK-2713 -> STARLINK-11734 [DTC] | Tramission-time: 0.0011062816992758505
[402] Energy routing consumed by STARLINK-2713: 0.000000 J (remaining 117692.32)
[MODE: BIDIRECTIONAL]
[402][GREEDY] CONSEGNATO! STARLINK-11734 [DTC] -> OBS | Tramission-time: 1.797839687403223e-11
[403][GREEDY] STARLINK-2647 -> STARLINK-35398 | Tramission-time: 0.0015746751447968832
[403] Energy routing consumed by STARLINK-2647: 0.000000 J (remaining 119907.66)
[MODE: BIDIRECTIONAL]
[403][GREEDY] CONSEGNATO! STARLINK-35398 -> OBS | Tramission-time: 1.9227861751300767e-11
[Task 400] Task eseguito su STARLINK-4472 59.050613548344145 degrees | CPU=1067.1065J, NET=0.0000J, TOTAL=1067.1065J, Remaining=117438.19J
[198.707] Task 400 served on STARLINK-4472 qlen_enqueue_cpu=1 qlen_enqueue_net=None time_in_queue=0.000
---> Task 404 (Type: Generic_Service) arriva in 198.75
--- [198.75] Task 404 using SearchNode Policy: v1_heuristic ---
[404] Filtro euristico: DTS-TMAX
[198.75] [Task 404] Routed STARLINK-11724 [DTC] -> STARLINK-11734 [DTC] | E_NET=0.000009 J | Remaining=120000.00 J
[198.747] Task 404 enqueued on CPU STARLINK-11734 [DTC] qlen_enqueue=1
[Task 404] Task eseguito su STARLINK-11734 [DTC] 56.11227192576033 degrees | CPU=50.0436J, NET=0.0000J, TOTAL=50.0436J, Remaining=119949.76J
[198.796] Task 404 served on STARLINK-11734 [DTC] qlen_enqueue_cpu=1 qlen_enqueue_net=None time_in_queue=0.000
[400][GREEDY] STARLINK-4472 -> STARLINK-11734 [DTC] | Tramission-time: 0.0009987036285589825
[400] Energy routing consumed by STARLINK-4472: 0.000000 J (remaining 117438.19)
[MODE: BIDIRECTIONAL]
[404][GREEDY] CONSEGNATO! STARLINK-11734 [DTC] -> OBS | Tramission-time: 7.412114198550745e-12
[MODE: BIDIRECTIONAL]
[400][GREEDY] CONSEGNATO! STARLINK-11734 [DTC] -> OBS | Tramission-time: 1.1418487054545747e-11
----------------------------------------------------------------------
	||TIME IN SIMULATION : (seconds:200) (minutes: 3) ||

MODIFICA CONFIGURAZIONE IN CORSO...

Aggiornato il Tempo Globale:  2025-11-20 20:58:34
----------------------------------------------------------------------
	||TIME IN SIMULATION : (seconds:202) (minutes: 3) ||

MODIFICA CONFIGURAZIONE IN CORSO...

Aggiornato il Tempo Globale:  2025-11-20 20:58:36
---> Task 405 (Type: CPU_Intensive) arriva in 202.65
--- [202.65] Task 405 using SearchNode Policy: v1_heuristic ---
[405] Filtro euristico: DTS-TMAX
[202.65] [Task 405] Routed STARLINK-11724 [DTC] -> STARLINK-30506 | E_NET=0.000010 J | Remaining=120000.00 J
[202.647] Task 405 enqueued on CPU STARLINK-30506 qlen_enqueue=1
[Task 405] Task eseguito su STARLINK-30506 40.68404573265809 degrees | CPU=125.1018J, NET=0.0000J, TOTAL=125.1018J, Remaining=119874.90J
[202.769] Task 405 served on STARLINK-30506 qlen_enqueue_cpu=1 qlen_enqueue_net=None time_in_queue=0.000
[405][GREEDY] STARLINK-30506 -> STARLINK-31008 | Tramission-time: 0.0019206368907040109
[405] Energy routing consumed by STARLINK-30506: 0.000000 J (remaining 119874.90)
[MODE: BIDIRECTIONAL]
[405][GREEDY] CONSEGNATO! STARLINK-31008 -> OBS | Tramission-time: 1.3024619543125581e-11
---> Task 406 (Type: CPU_Intensive) arriva in 203.23
--- [203.23] Task 406 using SearchNode Policy: v1_heuristic ---
[406] Filtro euristico: DTS-TMAX
[203.23] [Task 406] Routed STARLINK-11724 [DTC] -> STARLINK-32442 | E_NET=0.000020 J | Remaining=120000.00 J
[203.236] Task 406 enqueued on CPU STARLINK-32442 qlen_enqueue=1
---> Task 407 (Type: CPU_and_Data_Intensive) arriva in 203.68
--- [203.68] Task 407 using SearchNode Policy: v1_heuristic ---
[407] Filtro euristico: DTS-TMAX
[203.68] [Task 407] Routed STARLINK-11724 [DTC] -> STARLINK-11734 [DTC] | E_NET=0.002283 J | Remaining=120000.00 J
[203.682] Task 407 enqueued on CPU STARLINK-11734 [DTC] qlen_enqueue=1
[Task 406] Task eseguito su STARLINK-32442 40.078146101688354 degrees | CPU=495.8521J, NET=0.0000J, TOTAL=495.8521J, Remaining=119504.15J
[203.718] Task 406 served on STARLINK-32442 qlen_enqueue_cpu=1 qlen_enqueue_net=None time_in_queue=0.000
[406][GREEDY] STARLINK-32442 -> STARLINK-35398 | Tramission-time: 0.001497180387324803
[406] Energy routing consumed by STARLINK-32442: 0.000000 J (remaining 119504.15)
[203.846] Task 407 enqueued on NET STARLINK-11734 [DTC] qlen_enqueue_net=1
[Task 407] Task eseguito su STARLINK-11734 [DTC] 56.30889221376355 degrees | CPU=169.6773J, NET=0.0029J, TOTAL=169.6803J, Remaining=119780.08J
[203.849] Task 407 served on STARLINK-11734 [DTC] qlen_enqueue_cpu=1 qlen_enqueue_net=1 time_in_queue=0.000
[MODE: BIDIRECTIONAL]
[406][GREEDY] CONSEGNATO! STARLINK-35398 -> OBS | Tramission-time: 1.9724127665305992e-11
[407][GREEDY] STARLINK-11734 [DTC] -> STARLINK-35398 | Tramission-time: 0.0013090438750616089
[407] Energy routing consumed by STARLINK-11734 [DTC]: 0.000000 J (remaining 119780.08)
----------------------------------------------------------------------
	||TIME IN SIMULATION : (seconds:204) (minutes: 3) ||

MODIFICA CONFIGURAZIONE IN CORSO...

Aggiornato il Tempo Globale:  2025-11-20 20:58:38
[MODE: BIDIRECTIONAL]
[407][GREEDY] CONSEGNATO! STARLINK-35398 -> OBS | Tramission-time: 2.5230422262635365e-09
---> Task 408 (Type: CPU_Intensive) arriva in 204.78
--- [204.78] Task 408 using SearchNode Policy: v1_heuristic ---
[408] Filtro euristico: DTS-TMAX
[204.78] [Task 408] Routed STARLINK-11724 [DTC] -> STARLINK-5108 | E_NET=0.000017 J | Remaining=120000.00 J
[204.784] Task 408 enqueued on CPU STARLINK-5108 qlen_enqueue=1
---> Task 409 (Type: Generic_Service) arriva in 205.05
--- [205.05] Task 409 using SearchNode Policy: v1_heuristic ---
[409] Filtro euristico: DTS-TMAX
[205.05] [Task 409] Routed STARLINK-11724 [DTC] -> STARLINK-5794 | E_NET=0.000035 J | Remaining=120000.00 J
[205.052] Task 409 enqueued on CPU STARLINK-5794 qlen_enqueue=1
[Task 409] Task eseguito su STARLINK-5794 40.07109122482813 degrees | CPU=33.2528J, NET=0.0000J, TOTAL=33.2529J, Remaining=119966.75J
[205.087] Task 409 served on STARLINK-5794 qlen_enqueue_cpu=1 qlen_enqueue_net=None time_in_queue=0.000
[409][GREEDY] STARLINK-5794 -> STARLINK-35398 | Tramission-time: 0.001919008433626051
[409] Energy routing consumed by STARLINK-5794: 0.000000 J (remaining 119966.75)
[MODE: BIDIRECTIONAL]
[409][GREEDY] CONSEGNATO! STARLINK-35398 -> OBS | Tramission-time: 2.390930334672534e-11
[Task 408] Task eseguito su STARLINK-5108 40.09759518402113 degrees | CPU=614.6837J, NET=0.0000J, TOTAL=614.6838J, Remaining=119385.32J
[205.382] Task 408 served on STARLINK-5108 qlen_enqueue_cpu=1 qlen_enqueue_net=None time_in_queue=0.000
[408][GREEDY] STARLINK-5108 -> STARLINK-35398 | Tramission-time: 0.0021094245430650534
[408] Energy routing consumed by STARLINK-5108: 0.000000 J (remaining 119385.32)
[MODE: BIDIRECTIONAL]
[408][GREEDY] CONSEGNATO! STARLINK-35398 -> OBS | Tramission-time: 1.5375669145182008e-11
---> Task 410 (Type: CPU_and_Data_Intensive) arriva in 205.70
--- [205.70] Task 410 using SearchNode Policy: v1_heuristic ---
[410] Filtro euristico: DTS-TMAX
[205.70] [Task 410] Routed STARLINK-11724 [DTC] -> STARLINK-5794 | E_NET=0.003812 J | Remaining=119999.99 J
[205.703] Task 410 enqueued on CPU STARLINK-5794 qlen_enqueue=1
----------------------------------------------------------------------
	||TIME IN SIMULATION : (seconds:206) (minutes: 3) ||

MODIFICA CONFIGURAZIONE IN CORSO...

Aggiornato il Tempo Globale:  2025-11-20 20:58:40
[206.278] Task 410 enqueued on NET STARLINK-5794 qlen_enqueue_net=1
[Task 410] Task eseguito su STARLINK-5794 40.77884807336939 degrees | CPU=592.7012J, NET=0.0038J, TOTAL=592.7050J, Remaining=119374.04J
[206.282] Task 410 served on STARLINK-5794 qlen_enqueue_cpu=1 qlen_enqueue_net=1 time_in_queue=0.000
[410][GREEDY] STARLINK-5794 -> STARLINK-35398 | Tramission-time: 0.0019132603606010837
[410] Energy routing consumed by STARLINK-5794: 0.000000 J (remaining 119374.04)
[MODE: BIDIRECTIONAL]
[410][GREEDY] CONSEGNATO! STARLINK-35398 -> OBS | Tramission-time: 3.51613343019235e-09
----------------------------------------------------------------------
	||TIME IN SIMULATION : (seconds:208) (minutes: 3) ||

MODIFICA CONFIGURAZIONE IN CORSO...

Aggiornato il Tempo Globale:  2025-11-20 20:58:42
---> Task 411 (Type: Generic_Service) arriva in 208.29
--- [208.29] Task 411 using SearchNode Policy: v1_heuristic ---
[411] Filtro euristico: DTS-TMAX
[208.29] [Task 411] Routed STARLINK-11724 [DTC] -> STARLINK-2647 | E_NET=0.000009 J | Remaining=119999.99 J
[208.292] Task 411 enqueued on CPU STARLINK-2647 qlen_enqueue=1
[Task 411] Task eseguito su STARLINK-2647 44.09692146563291 degrees | CPU=24.7000J, NET=0.0000J, TOTAL=24.7001J, Remaining=119882.96J
[208.317] Task 411 served on STARLINK-2647 qlen_enqueue_cpu=1 qlen_enqueue_net=None time_in_queue=0.000
---> Task 412 (Type: CPU_Intensive) arriva in 208.37
--- [208.37] Task 412 using SearchNode Policy: v1_heuristic ---
[412] Filtro euristico: DTS-TMAX
[208.37] [Task 412] Routed STARLINK-11724 [DTC] -> STARLINK-2647 | E_NET=0.000006 J | Remaining=119999.99 J
[208.372] Task 412 enqueued on CPU STARLINK-2647 qlen_enqueue=1
[411][GREEDY] STARLINK-2647 -> STARLINK-35398 | Tramission-time: 0.001580211076039576
[411] Energy routing consumed by STARLINK-2647: 0.000000 J (remaining 119882.96)
[MODE: BIDIRECTIONAL]
[411][GREEDY] CONSEGNATO! STARLINK-35398 -> OBS | Tramission-time: 9.615480150320384e-12
---> Task 413 (Type: Generic_Service) arriva in 208.51
--- [208.51] Task 413 using SearchNode Policy: v1_heuristic ---
[413] Filtro euristico: DTS-TMAX
[208.51] [Task 413] Routed STARLINK-11724 [DTC] -> STARLINK-30506 | E_NET=0.000026 J | Remaining=119999.99 J
[208.515] Task 413 enqueued on CPU STARLINK-30506 qlen_enqueue=1
[Task 413] Task eseguito su STARLINK-30506 41.791116580025395 degrees | CPU=39.0667J, NET=0.0000J, TOTAL=39.0667J, Remaining=119835.83J
[208.555] Task 413 served on STARLINK-30506 qlen_enqueue_cpu=1 qlen_enqueue_net=None time_in_queue=0.000
[413][GREEDY] STARLINK-30506 -> STARLINK-11724 [DTC] | Tramission-time: 0.001084377343966931
[413] Energy routing consumed by STARLINK-30506: 0.000000 J (remaining 119835.83)
[MODE: BIDIRECTIONAL]
[413][GREEDY] CONSEGNATO! STARLINK-11724 [DTC] -> OBS | Tramission-time: 3.2835736855434964e-11
---> Task 414 (Type: CPU_and_Data_Intensive) arriva in 208.63
--- [208.63] Task 414 using SearchNode Policy: v1_heuristic ---
[414] Filtro euristico: DTS-TMAX
[208.63] [Task 414] Routed STARLINK-11724 [DTC] -> STARLINK-30506 | E_NET=0.003358 J | Remaining=119999.99 J
[208.636] Task 414 enqueued on CPU STARLINK-30506 qlen_enqueue=1
---> Task 415 (Type: CPU_Intensive) arriva in 208.87
--- [208.87] Task 415 using SearchNode Policy: v1_heuristic ---
[415] Filtro euristico: DTS-TMAX
[208.87] [Task 415] Routed STARLINK-11724 [DTC] -> STARLINK-5108 | E_NET=0.000019 J | Remaining=119999.99 J
[208.871] Task 415 enqueued on CPU STARLINK-5108 qlen_enqueue=1
[Task 415] Task eseguito su STARLINK-5108 41.554963713961484 degrees | CPU=13.4906J, NET=0.0000J, TOTAL=13.4907J, Remaining=119371.83J
[208.885] Task 415 served on STARLINK-5108 qlen_enqueue_cpu=1 qlen_enqueue_net=None time_in_queue=0.000
[415][GREEDY] STARLINK-5108 -> STARLINK-35398 | Tramission-time: 0.0020493723475944825
[415] Energy routing consumed by STARLINK-5108: 0.000000 J (remaining 119371.83)
[Task 412] Task eseguito su STARLINK-2647 44.09692146563291 degrees | CPU=584.4864J, NET=0.0000J, TOTAL=584.4864J, Remaining=119298.47J
[208.939] Task 412 served on STARLINK-2647 qlen_enqueue_cpu=1 qlen_enqueue_net=None time_in_queue=0.000
[MODE: BIDIRECTIONAL]
[415][GREEDY] CONSEGNATO! STARLINK-35398 -> OBS | Tramission-time: 1.668094592507769e-11
[412][GREEDY] STARLINK-2647 -> STARLINK-35398 | Tramission-time: 0.0015802110729009685
[412] Energy routing consumed by STARLINK-2647: 0.000000 J (remaining 119298.47)
[MODE: BIDIRECTIONAL]
[412][GREEDY] CONSEGNATO! STARLINK-35398 -> OBS | Tramission-time: 6.274965343681575e-12
[209.265] Task 414 enqueued on NET STARLINK-30506 qlen_enqueue_net=1
[Task 414] Task eseguito su STARLINK-30506 41.791116580025395 degrees | CPU=648.6424J, NET=0.0048J, TOTAL=648.6472J, Remaining=119187.18J
[209.270] Task 414 served on STARLINK-30506 qlen_enqueue_cpu=1 qlen_enqueue_net=1 time_in_queue=0.000
[414][GREEDY] STARLINK-30506 -> STARLINK-11724 [DTC] | Tramission-time: 0.0010843805953352817
[414] Energy routing consumed by STARLINK-30506: 0.000000 J (remaining 119187.18)
[MODE: BIDIRECTIONAL]
[414][GREEDY] CONSEGNATO! STARLINK-11724 [DTC] -> OBS | Tramission-time: 3.639850442615611e-09
---> Task 416 (Type: CPU_Intensive) arriva in 209.53
--- [209.53] Task 416 using SearchNode Policy: v1_heuristic ---
[416] Filtro euristico: DTS-TMAX
[209.53] [Task 416] Routed STARLINK-11724 [DTC] -> STARLINK-11734 [DTC] | E_NET=0.000024 J | Remaining=119999.99 J
[209.533] Task 416 enqueued on CPU STARLINK-11734 [DTC] qlen_enqueue=1
---> Task 417 (Type: Generic_Service) arriva in 209.87
--- [209.87] Task 417 using SearchNode Policy: v1_heuristic ---
[417] Filtro euristico: DTS-TMAX
[209.87] [Task 417] Routed STARLINK-11724 [DTC] -> STARLINK-32442 | E_NET=0.000009 J | Remaining=119999.99 J
[209.873] Task 417 enqueued on CPU STARLINK-32442 qlen_enqueue=1
[Task 416] Task eseguito su STARLINK-11734 [DTC] 55.82505237265554 degrees | CPU=380.4980J, NET=0.0000J, TOTAL=380.4980J, Remaining=119399.58J
[209.904] Task 416 served on STARLINK-11734 [DTC] qlen_enqueue_cpu=1 qlen_enqueue_net=None time_in_queue=0.000
[Task 417] Task eseguito su STARLINK-32442 42.56359850008146 degrees | CPU=36.1511J, NET=0.0000J, TOTAL=36.1511J, Remaining=119468.00J
[209.909] Task 417 served on STARLINK-32442 qlen_enqueue_cpu=1 qlen_enqueue_net=None time_in_queue=0.000
[416][GREEDY] STARLINK-11734 [DTC] -> STARLINK-35398 | Tramission-time: 0.0011948308600184035
[416] Energy routing consumed by STARLINK-11734 [DTC]: 0.000000 J (remaining 119399.58)
[417][GREEDY] STARLINK-32442 -> STARLINK-35398 | Tramission-time: 0.0015011410286999251
[417] Energy routing consumed by STARLINK-32442: 0.000000 J (remaining 119468.00)
---> Task 418 (Type: Generic_Service) arriva in 209.99
--- [209.99] Task 418 using SearchNode Policy: v1_heuristic ---
[418] Filtro euristico: DTS-TMAX
[209.99] [Task 418] Routed STARLINK-11724 [DTC] -> STARLINK-32442 | E_NET=0.000004 J | Remaining=119999.99 J
[209.996] Task 418 enqueued on CPU STARLINK-32442 qlen_enqueue=1
----------------------------------------------------------------------
	||TIME IN SIMULATION : (seconds:210) (minutes: 3) ||

MODIFICA CONFIGURAZIONE IN CORSO...

Aggiornato il Tempo Globale:  2025-11-20 20:58:44
[MODE: BIDIRECTIONAL]
[416][GREEDY] CONSEGNATO! STARLINK-35398 -> OBS | Tramission-time: 2.3986286763399453e-11
[Task 418] Task eseguito su STARLINK-32442 43.43215239497114 degrees | CPU=28.8927J, NET=0.0000J, TOTAL=28.8927J, Remaining=119439.10J
[210.024] Task 418 served on STARLINK-32442 qlen_enqueue_cpu=1 qlen_enqueue_net=None time_in_queue=0.000
[MODE: BIDIRECTIONAL]
[417][GREEDY] CONSEGNATO! STARLINK-35398 -> OBS | Tramission-time: 8.276940658116123e-12
[418][GREEDY] STARLINK-32442 -> STARLINK-35398 | Tramission-time: 0.0015024637757445657
[418] Energy routing consumed by STARLINK-32442: 0.000000 J (remaining 119439.10)
[MODE: BIDIRECTIONAL]
[418][GREEDY] CONSEGNATO! STARLINK-35398 -> OBS | Tramission-time: 4.23457917680779e-12
---> Task 419 (Type: Generic_Service) arriva in 211.78
--- [211.78] Task 419 using SearchNode Policy: v1_heuristic ---
[419] Filtro euristico: DTS-TMAX
[211.78] [Task 419] Routed STARLINK-11724 [DTC] -> STARLINK-4476 | E_NET=0.000009 J | Remaining=119999.99 J
[211.779] Task 419 enqueued on CPU STARLINK-4476 qlen_enqueue=1
[Task 419] Task eseguito su STARLINK-4476 40.03214665994619 degrees | CPU=45.3590J, NET=0.0000J, TOTAL=45.3590J, Remaining=119954.64J
[211.823] Task 419 served on STARLINK-4476 qlen_enqueue_cpu=1 qlen_enqueue_net=None time_in_queue=0.000
[419][GREEDY] STARLINK-4476 -> STARLINK-35398 | Tramission-time: 0.0020302602463043084
[419] Energy routing consumed by STARLINK-4476: 0.000000 J (remaining 119954.64)
----------------------------------------------------------------------
	||TIME IN SIMULATION : (seconds:212) (minutes: 3) ||

MODIFICA CONFIGURAZIONE IN CORSO...

Aggiornato il Tempo Globale:  2025-11-20 20:58:46
[MODE: BIDIRECTIONAL]
[419][GREEDY] CONSEGNATO! STARLINK-35398 -> OBS | Tramission-time: 7.719913163800623e-12
---> Task 420 (Type: Generic_Service) arriva in 212.15
--- [212.15] Task 420 using SearchNode Policy: v1_heuristic ---
[420] Filtro euristico: DTS-TMAX
[212.15] [Task 420] Routed STARLINK-11724 [DTC] -> STARLINK-4476 | E_NET=0.000028 J | Remaining=119999.99 J
[212.154] Task 420 enqueued on CPU STARLINK-4476 qlen_enqueue=1
[Task 420] Task eseguito su STARLINK-4476 40.611442277249886 degrees | CPU=79.9782J, NET=0.0000J, TOTAL=79.9782J, Remaining=119874.66J
[212.234] Task 420 served on STARLINK-4476 qlen_enqueue_cpu=1 qlen_enqueue_net=None time_in_queue=0.000
[420][GREEDY] STARLINK-4476 -> STARLINK-35398 | Tramission-time: 0.0020342745885798294
[420] Energy routing consumed by STARLINK-4476: 0.000000 J (remaining 119874.66)
[MODE: BIDIRECTIONAL]
[420][GREEDY] CONSEGNATO! STARLINK-35398 -> OBS | Tramission-time: 2.8138902268293025e-11
---> Task 421 (Type: Generic_Service) arriva in 212.73
--- [212.73] Task 421 using SearchNode Policy: v1_heuristic ---
[421] Filtro euristico: DTS-TMAX
[Task 421] Nessun server rimasto dopo i filtri (deadline/sunset).
[Task 421] REJECTED on STARLINK-11724 [DTC] due to: No suitable server found after deadline/sunset filters
---> Task 422 (Type: CPU_Intensive) arriva in 213.07
--- [213.07] Task 422 using SearchNode Policy: v1_heuristic ---
[422] Filtro euristico: DTS-TMAX
[213.07] [Task 422] Routed STARLINK-11724 [DTC] -> STARLINK-4476 | E_NET=0.000034 J | Remaining=119999.99 J
[213.070] Task 422 enqueued on CPU STARLINK-4476 qlen_enqueue=1
[Task 422] Task eseguito su STARLINK-4476 40.611442277249886 degrees | CPU=116.0758J, NET=0.0000J, TOTAL=116.0758J, Remaining=119758.59J
[213.185] Task 422 served on STARLINK-4476 qlen_enqueue_cpu=1 qlen_enqueue_net=None time_in_queue=0.000
[422][GREEDY] STARLINK-4476 -> STARLINK-35398 | Tramission-time: 0.002034274595061834
[422] Energy routing consumed by STARLINK-4476: 0.000000 J (remaining 119758.59)
[MODE: BIDIRECTIONAL]
[422][GREEDY] CONSEGNATO! STARLINK-35398 -> OBS | Tramission-time: 3.609824599790728e-11
---> Task 423 (Type: Generic_Service) arriva in 213.71
--- [213.71] Task 423 using SearchNode Policy: v1_heuristic ---
[423] Filtro euristico: DTS-TMAX
[213.71] [Task 423] Routed STARLINK-11724 [DTC] -> STARLINK-4476 | E_NET=0.000030 J | Remaining=119999.99 J
[213.715] Task 423 enqueued on CPU STARLINK-4476 qlen_enqueue=1
[Task 423] Task eseguito su STARLINK-4476 40.611442277249886 degrees | CPU=53.8727J, NET=0.0000J, TOTAL=53.8728J, Remaining=119704.71J
[213.770] Task 423 served on STARLINK-4476 qlen_enqueue_cpu=1 qlen_enqueue_net=None time_in_queue=0.000
[423][GREEDY] STARLINK-4476 -> STARLINK-35398 | Tramission-time: 0.0020342745886457463
[423] Energy routing consumed by STARLINK-4476: 0.000000 J (remaining 119704.71)
[MODE: BIDIRECTIONAL]
[423][GREEDY] CONSEGNATO! STARLINK-35398 -> OBS | Tramission-time: 2.8249631399407554e-11
----------------------------------------------------------------------
	||TIME IN SIMULATION : (seconds:214) (minutes: 3) ||

MODIFICA CONFIGURAZIONE IN CORSO...

Aggiornato il Tempo Globale:  2025-11-20 20:58:48
---> Task 424 (Type: Generic_Service) arriva in 214.15
--- [214.15] Task 424 using SearchNode Policy: v1_heuristic ---
[424] Filtro euristico: DTS-TMAX
[214.15] [Task 424] Routed STARLINK-11724 [DTC] -> STARLINK-2388 | E_NET=0.000033 J | Remaining=119999.99 J
[214.152] Task 424 enqueued on CPU STARLINK-2388 qlen_enqueue=1
[Task 424] Task eseguito su STARLINK-2388 40.352306462169274 degrees | CPU=26.7322J, NET=0.0000J, TOTAL=26.7323J, Remaining=119973.27J
[214.180] Task 424 served on STARLINK-2388 qlen_enqueue_cpu=1 qlen_enqueue_net=None time_in_queue=0.000
[424][GREEDY] STARLINK-2388 -> STARLINK-11724 [DTC] | Tramission-time: 0.001436644362449508
[424] Energy routing consumed by STARLINK-2388: 0.000000 J (remaining 119973.27)
[MODE: BIDIRECTIONAL]
[424][GREEDY] CONSEGNATO! STARLINK-11724 [DTC] -> OBS | Tramission-time: 2.92944381765179e-11
---> Task 425 (Type: CPU_and_Data_Intensive) arriva in 214.45
--- [214.45] Task 425 using SearchNode Policy: v1_heuristic ---
[425] Filtro euristico: DTS-TMAX
[214.45] [Task 425] Routed STARLINK-11724 [DTC] -> STARLINK-2388 | E_NET=0.001189 J | Remaining=119999.99 J
[214.456] Task 425 enqueued on CPU STARLINK-2388 qlen_enqueue=1
[214.599] Task 425 enqueued on NET STARLINK-2388 qlen_enqueue_net=1
[Task 425] Task eseguito su STARLINK-2388 40.352306462169274 degrees | CPU=147.4195J, NET=0.0015J, TOTAL=147.4209J, Remaining=119825.85J
[214.601] Task 425 served on STARLINK-2388 qlen_enqueue_cpu=1 qlen_enqueue_net=1 time_in_queue=0.000
[425][GREEDY] STARLINK-2388 -> STARLINK-11724 [DTC] | Tramission-time: 0.0014366454737654586
[425] Energy routing consumed by STARLINK-2388: 0.000000 J (remaining 119825.85)
[MODE: BIDIRECTIONAL]
[425][GREEDY] CONSEGNATO! STARLINK-11724 [DTC] -> OBS | Tramission-time: 1.309236730096514e-09
---> Task 426 (Type: CPU_Intensive) arriva in 214.74
--- [214.74] Task 426 using SearchNode Policy: v1_heuristic ---
[426] Filtro euristico: DTS-TMAX
[214.74] [Task 426] Routed STARLINK-11724 [DTC] -> STARLINK-2388 | E_NET=0.000006 J | Remaining=119999.99 J
[214.742] Task 426 enqueued on CPU STARLINK-2388 qlen_enqueue=1
---> Task 427 (Type: CPU_and_Data_Intensive) arriva in 214.75
--- [214.75] Task 427 using SearchNode Policy: v1_heuristic ---
[427] Filtro euristico: DTS-TMAX
[214.75] [Task 427] Routed STARLINK-11724 [DTC] -> STARLINK-4476 | E_NET=0.010913 J | Remaining=119999.98 J
[214.763] Task 427 enqueued on CPU STARLINK-4476 qlen_enqueue=1
[215.039] Task 427 enqueued on NET STARLINK-4476 qlen_enqueue_net=1
[Task 427] Task eseguito su STARLINK-4476 41.19396140555325 degrees | CPU=284.4956J, NET=0.0109J, TOTAL=284.5066J, Remaining=119420.21J
[215.050] Task 427 served on STARLINK-4476 qlen_enqueue_cpu=1 qlen_enqueue_net=1 time_in_queue=0.000
[427][GREEDY] STARLINK-4476 -> STARLINK-35398 | Tramission-time: 0.002038296995477593
[427] Energy routing consumed by STARLINK-4476: 0.000000 J (remaining 119420.21)
---> Task 428 (Type: CPU_and_Data_Intensive) arriva in 215.15
--- [215.15] Task 428 using SearchNode Policy: v1_heuristic ---
[428] Filtro euristico: DTS-TMAX
[215.15] [Task 428] Routed STARLINK-11724 [DTC] -> STARLINK-32442 | E_NET=0.006482 J | Remaining=119999.97 J
[215.156] Task 428 enqueued on CPU STARLINK-32442 qlen_enqueue=1
[MODE: BIDIRECTIONAL]
[427][GREEDY] CONSEGNATO! STARLINK-35398 -> OBS | Tramission-time: 7.316120208389758e-09
[Task 426] Task eseguito su STARLINK-2388 40.352306462169274 degrees | CPU=711.9724J, NET=0.0000J, TOTAL=711.9724J, Remaining=119113.87J
[215.433] Task 426 served on STARLINK-2388 qlen_enqueue_cpu=1 qlen_enqueue_net=None time_in_queue=0.000
[426][GREEDY] STARLINK-2388 -> STARLINK-11724 [DTC] | Tramission-time: 0.0014366443294574597
[426] Energy routing consumed by STARLINK-2388: 0.000000 J (remaining 119113.87)
[MODE: BIDIRECTIONAL]
[426][GREEDY] CONSEGNATO! STARLINK-11724 [DTC] -> OBS | Tramission-time: 6.836097997683882e-12
---> Task 429 (Type: CPU_and_Data_Intensive) arriva in 215.56
--- [215.56] Task 429 using SearchNode Policy: v1_heuristic ---
[429] Filtro euristico: DTS-TMAX
[215.56] [Task 429] Routed STARLINK-11724 [DTC] -> STARLINK-4476 | E_NET=0.000018 J | Remaining=119999.97 J
[215.564] Task 429 enqueued on CPU STARLINK-4476 qlen_enqueue=1
[215.580] Task 429 enqueued on NET STARLINK-4476 qlen_enqueue_net=1
[Task 429] Task eseguito su STARLINK-4476 41.19396140555325 degrees | CPU=16.0896J, NET=0.0000J, TOTAL=16.0896J, Remaining=119404.12J
[215.580] Task 429 served on STARLINK-4476 qlen_enqueue_cpu=1 qlen_enqueue_net=1 time_in_queue=0.000
[429][GREEDY] STARLINK-4476 -> STARLINK-35398 | Tramission-time: 0.002038288294526589
[429] Energy routing consumed by STARLINK-4476: 0.000000 J (remaining 119404.12)
[MODE: BIDIRECTIONAL]
[429][GREEDY] CONSEGNATO! STARLINK-35398 -> OBS | Tramission-time: 1.4195864144823431e-11
[215.932] Task 428 enqueued on NET STARLINK-32442 qlen_enqueue_net=1
[Task 428] Task eseguito su STARLINK-32442 45.23084425343951 degrees | CPU=800.5469J, NET=0.0069J, TOTAL=800.5539J, Remaining=118638.55J
[215.939] Task 428 served on STARLINK-32442 qlen_enqueue_cpu=1 qlen_enqueue_net=1 time_in_queue=0.000
[428][GREEDY] STARLINK-32442 -> STARLINK-35398 | Tramission-time: 0.0015051194689145923
[428] Energy routing consumed by STARLINK-32442: 0.000000 J (remaining 118638.55)
----------------------------------------------------------------------
	||TIME IN SIMULATION : (seconds:216) (minutes: 3) ||

MODIFICA CONFIGURAZIONE IN CORSO...

Aggiornato il Tempo Globale:  2025-11-20 20:58:50
---> Task 430 (Type: Generic_Service) arriva in 216.03
--- [216.03] Task 430 using SearchNode Policy: v1_heuristic ---
[430] Filtro euristico: DTS-TMAX
[216.03] [Task 430] Routed STARLINK-11724 [DTC] -> STARLINK-4476 | E_NET=0.000012 J | Remaining=119999.97 J
[216.033] Task 430 enqueued on CPU STARLINK-4476 qlen_enqueue=1
[MODE: BIDIRECTIONAL]
[428][GREEDY] CONSEGNATO! STARLINK-35398 -> OBS | Tramission-time: 5.6925007643161825e-09
---> Task 431 (Type: CPU_Intensive) arriva in 216.07
--- [216.07] Task 431 using SearchNode Policy: v1_heuristic ---
[431] Filtro euristico: DTS-TMAX
[216.07] [Task 431] Routed STARLINK-11724 [DTC] -> STARLINK-11734 [DTC] | E_NET=0.000005 J | Remaining=119999.97 J
[216.071] Task 431 enqueued on CPU STARLINK-11734 [DTC] qlen_enqueue=1
[Task 430] Task eseguito su STARLINK-4476 41.77907292735752 degrees | CPU=48.1730J, NET=0.0000J, TOTAL=48.1730J, Remaining=119355.94J
[216.081] Task 430 served on STARLINK-4476 qlen_enqueue_cpu=1 qlen_enqueue_net=None time_in_queue=0.000
[430][GREEDY] STARLINK-4476 -> STARLINK-35398 | Tramission-time: 0.00204230133097655
[430] Energy routing consumed by STARLINK-4476: 0.000000 J (remaining 119355.94)
[MODE: BIDIRECTIONAL]
[430][GREEDY] CONSEGNATO! STARLINK-35398 -> OBS | Tramission-time: 9.14267666088053e-12
---> Task 432 (Type: Generic_Service) arriva in 216.89
--- [216.89] Task 432 using SearchNode Policy: v1_heuristic ---
[432] Filtro euristico: DTS-TMAX
[216.89] [Task 432] Routed STARLINK-11724 [DTC] -> STARLINK-5794 | E_NET=0.000017 J | Remaining=119999.97 J
[216.889] Task 432 enqueued on CPU STARLINK-5794 qlen_enqueue=1
[Task 432] Task eseguito su STARLINK-5794 44.55739711900084 degrees | CPU=61.2973J, NET=0.0000J, TOTAL=61.2974J, Remaining=119312.74J
[216.949] Task 432 served on STARLINK-5794 qlen_enqueue_cpu=1 qlen_enqueue_net=None time_in_queue=0.000
---> Task 433 (Type: Generic_Service) arriva in 217.00
--- [217.00] Task 433 using SearchNode Policy: v1_heuristic ---
[433] Filtro euristico: DTS-TMAX
[217.00] [Task 433] Routed STARLINK-11724 [DTC] -> STARLINK-5108 | E_NET=0.000007 J | Remaining=119999.97 J
[217.001] Task 433 enqueued on CPU STARLINK-5108 qlen_enqueue=1
[Task 433] Task eseguito su STARLINK-5108 44.65565119393095 degrees | CPU=22.9141J, NET=0.0000J, TOTAL=22.9141J, Remaining=119348.91J
[217.024] Task 433 served on STARLINK-5108 qlen_enqueue_cpu=1 qlen_enqueue_net=None time_in_queue=0.000
[432][GREEDY] STARLINK-5794 -> STARLINK-35398 | Tramission-time: 0.0018892375675418017
[432] Energy routing consumed by STARLINK-5794: 0.000000 J (remaining 119312.74)
[433][GREEDY] STARLINK-5108 -> STARLINK-35398 | Tramission-time: 0.0019448748236897977
[433] Energy routing consumed by STARLINK-5108: 0.000000 J (remaining 119348.91)
---> Task 434 (Type: CPU_Intensive) arriva in 217.08
--- [217.08] Task 434 using SearchNode Policy: v1_heuristic ---
[434] Filtro euristico: DTS-TMAX
[217.08] [Task 434] Routed STARLINK-11724 [DTC] -> STARLINK-4476 | E_NET=0.000030 J | Remaining=119999.97 J
[217.079] Task 434 enqueued on CPU STARLINK-4476 qlen_enqueue=1
[MODE: BIDIRECTIONAL]
[432][GREEDY] CONSEGNATO! STARLINK-35398 -> OBS | Tramission-time: 1.3218519148772637e-11
[MODE: BIDIRECTIONAL]
[433][GREEDY] CONSEGNATO! STARLINK-35398 -> OBS | Tramission-time: 7.694415238247183e-12
[Task 434] Task eseguito su STARLINK-4476 41.77907292735752 degrees | CPU=247.8281J, NET=0.0000J, TOTAL=247.8281J, Remaining=119108.12J
[217.321] Task 434 served on STARLINK-4476 qlen_enqueue_cpu=1 qlen_enqueue_net=None time_in_queue=0.000
[434][GREEDY] STARLINK-4476 -> STARLINK-35398 | Tramission-time: 0.0020423013427159986
[434] Energy routing consumed by STARLINK-4476: 0.000000 J (remaining 119108.12)
[MODE: BIDIRECTIONAL]
[434][GREEDY] CONSEGNATO! STARLINK-35398 -> OBS | Tramission-time: 2.1216142768505798e-11
---> Task 435 (Type: CPU_and_Data_Intensive) arriva in 217.58
--- [217.58] Task 435 using SearchNode Policy: v1_heuristic ---
[435] Filtro euristico: DTS-TMAX
[217.58] [Task 435] Routed STARLINK-11724 [DTC] -> STARLINK-5108 | E_NET=0.065569 J | Remaining=119999.91 J
[217.644] Task 435 enqueued on CPU STARLINK-5108 qlen_enqueue=1
---> Task 436 (Type: Generic_Service) arriva in 217.90
--- [217.90] Task 436 using SearchNode Policy: v1_heuristic ---
[436] Filtro euristico: DTS-TMAX
[217.90] [Task 436] Routed STARLINK-11724 [DTC] -> STARLINK-5794 | E_NET=0.000012 J | Remaining=119999.91 J
[217.899] Task 436 enqueued on CPU STARLINK-5794 qlen_enqueue=1
[Task 436] Task eseguito su STARLINK-5794 44.55739711900084 degrees | CPU=41.5857J, NET=0.0000J, TOTAL=41.5857J, Remaining=119271.16J
[217.941] Task 436 served on STARLINK-5794 qlen_enqueue_cpu=1 qlen_enqueue_net=None time_in_queue=0.000
[436][GREEDY] STARLINK-5794 -> STARLINK-35398 | Tramission-time: 0.0018892375623489207
[436] Energy routing consumed by STARLINK-5794: 0.000000 J (remaining 119271.16)
----------------------------------------------------------------------
	||TIME IN SIMULATION : (seconds:218) (minutes: 3) ||

MODIFICA CONFIGURAZIONE IN CORSO...

Aggiornato il Tempo Globale:  2025-11-20 20:58:52
[MODE: BIDIRECTIONAL]
[436][GREEDY] CONSEGNATO! STARLINK-35398 -> OBS | Tramission-time: 9.185610137753308e-12
---> Task 437 (Type: CPU_Intensive) arriva in 218.08
--- [218.08] Task 437 using SearchNode Policy: v1_heuristic ---
[437] Filtro euristico: DTS-TMAX
[218.08] [Task 437] Routed STARLINK-11724 [DTC] -> STARLINK-2647 | E_NET=0.000036 J | Remaining=119999.91 J
[218.081] Task 437 enqueued on CPU STARLINK-2647 qlen_enqueue=1
[Task 431] Task eseguito su STARLINK-11734 [DTC] 53.19973180097864 degrees | CPU=2263.8727J, NET=0.0000J, TOTAL=2263.8727J, Remaining=117135.71J
[218.268] Task 431 served on STARLINK-11734 [DTC] qlen_enqueue_cpu=1 qlen_enqueue_net=None time_in_queue=0.000
[431][GREEDY] STARLINK-11734 [DTC] -> STARLINK-35398 | Tramission-time: 0.001018300853558487
[431] Energy routing consumed by STARLINK-11734 [DTC]: 0.000000 J (remaining 117135.71)
[MODE: BIDIRECTIONAL]
[431][GREEDY] CONSEGNATO! STARLINK-35398 -> OBS | Tramission-time: 4.027503276935373e-12
---> Task 438 (Type: CPU_Intensive) arriva in 218.50
--- [218.50] Task 438 using SearchNode Policy: v1_heuristic ---
[438] Filtro euristico: DTS-TMAX
[218.50] [Task 438] Routed STARLINK-11724 [DTC] -> STARLINK-5794 | E_NET=0.000006 J | Remaining=119999.91 J
[218.499] Task 438 enqueued on CPU STARLINK-5794 qlen_enqueue=1
[Task 437] Task eseguito su STARLINK-2647 48.461459726480015 degrees | CPU=445.4269J, NET=0.0000J, TOTAL=445.4269J, Remaining=118853.04J
[218.515] Task 437 served on STARLINK-2647 qlen_enqueue_cpu=1 qlen_enqueue_net=None time_in_queue=0.000
[437][GREEDY] STARLINK-2647 -> STARLINK-35398 | Tramission-time: 0.001585747517439795
[437] Energy routing consumed by STARLINK-2647: 0.000000 J (remaining 118853.04)
[MODE: BIDIRECTIONAL]
[437][GREEDY] CONSEGNATO! STARLINK-35398 -> OBS | Tramission-time: 2.693780366783997e-11
---> Task 439 (Type: Generic_Service) arriva in 218.74
--- [218.74] Task 439 using SearchNode Policy: v1_heuristic ---
[439] Filtro euristico: DTS-TMAX
[218.74] [Task 439] Routed STARLINK-11724 [DTC] -> STARLINK-30506 | E_NET=0.000018 J | Remaining=119999.91 J
[218.743] Task 439 enqueued on CPU STARLINK-30506 qlen_enqueue=1
[218.969] Task 435 enqueued on NET STARLINK-5108 qlen_enqueue_net=1
[Task 438] Task eseguito su STARLINK-5794 45.36344104834499 degrees | CPU=497.5959J, NET=0.0000J, TOTAL=497.5959J, Remaining=118773.56J
[218.983] Task 438 served on STARLINK-5794 qlen_enqueue_cpu=1 qlen_enqueue_net=None time_in_queue=0.000
[Task 439] Task eseguito su STARLINK-30506 43.419850895906166 degrees | CPU=245.8537J, NET=0.0000J, TOTAL=245.8537J, Remaining=118941.33J
[218.983] Task 439 served on STARLINK-30506 qlen_enqueue_cpu=1 qlen_enqueue_net=None time_in_queue=0.000
[439][GREEDY] STARLINK-30506 -> STARLINK-35398 | Tramission-time: 0.0021532996567530166
[439] Energy routing consumed by STARLINK-30506: 0.000000 J (remaining 118941.33)
[438][GREEDY] STARLINK-5794 -> STARLINK-35398 | Tramission-time: 0.0018853982248059785
[438] Energy routing consumed by STARLINK-5794: 0.000000 J (remaining 118773.56)
[Task 435] Task eseguito su STARLINK-5108 45.470505663255075 degrees | CPU=1365.8169J, NET=0.0885J, TOTAL=1365.9054J, Remaining=117983.01J
[219.057] Task 435 served on STARLINK-5108 qlen_enqueue_cpu=1 qlen_enqueue_net=1 time_in_queue=0.000
[435][GREEDY] STARLINK-5108 -> STARLINK-35398 | Tramission-time: 0.0019224008979009518
[435] Energy routing consumed by STARLINK-5108: 0.000000 J (remaining 117983.01)
[MODE: BIDIRECTIONAL]
[439][GREEDY] CONSEGNATO! STARLINK-35398 -> OBS | Tramission-time: 1.5912637879435043e-11
[MODE: BIDIRECTIONAL]
[435][GREEDY] CONSEGNATO! STARLINK-35398 -> OBS | Tramission-time: 8.356957299118352e-08
[MODE: BIDIRECTIONAL]
[438][GREEDY] CONSEGNATO! STARLINK-35398 -> OBS | Tramission-time: 5.731732595441915e-12
---> Task 440 (Type: Generic_Service) arriva in 219.29
--- [219.29] Task 440 using SearchNode Policy: v1_heuristic ---
[440] Filtro euristico: DTS-TMAX
[219.29] [Task 440] Routed STARLINK-11724 [DTC] -> STARLINK-2388 | E_NET=0.000019 J | Remaining=119999.91 J
[219.293] Task 440 enqueued on CPU STARLINK-2388 qlen_enqueue=1
[Task 440] Task eseguito su STARLINK-2388 41.721610601142444 degrees | CPU=116.4695J, NET=0.0000J, TOTAL=116.4695J, Remaining=118997.40J
[219.408] Task 440 served on STARLINK-2388 qlen_enqueue_cpu=1 qlen_enqueue_net=None time_in_queue=0.000
[440][GREEDY] STARLINK-2388 -> STARLINK-11724 [DTC] | Tramission-time: 0.0013497749636253254
[440] Energy routing consumed by STARLINK-2388: 0.000000 J (remaining 118997.40)
[MODE: BIDIRECTIONAL]
[440][GREEDY] CONSEGNATO! STARLINK-11724 [DTC] -> OBS | Tramission-time: 2.0115960497712485e-11
---> Task 441 (Type: CPU_Intensive) arriva in 219.67
--- [219.67] Task 441 using SearchNode Policy: v1_heuristic ---
[441] Filtro euristico: DTS-TMAX
[219.67] [Task 441] Routed STARLINK-11724 [DTC] -> STARLINK-4476 | E_NET=0.000005 J | Remaining=119999.91 J
[219.668] Task 441 enqueued on CPU STARLINK-4476 qlen_enqueue=1
---> Task 442 (Type: Generic_Service) arriva in 219.81
--- [219.81] Task 442 using SearchNode Policy: v1_heuristic ---
[442] Filtro euristico: DTS-TMAX
[219.81] [Task 442] Routed STARLINK-11724 [DTC] -> STARLINK-2388 | E_NET=0.000014 J | Remaining=119999.91 J
[219.809] Task 442 enqueued on CPU STARLINK-2388 qlen_enqueue=1
[Task 441] Task eseguito su STARLINK-4476 42.36607462978723 degrees | CPU=149.8070J, NET=0.0000J, TOTAL=149.8070J, Remaining=118958.31J
[219.814] Task 441 served on STARLINK-4476 qlen_enqueue_cpu=1 qlen_enqueue_net=None time_in_queue=0.000
[Task 442] Task eseguito su STARLINK-2388 41.721610601142444 degrees | CPU=31.9369J, NET=0.0000J, TOTAL=31.9370J, Remaining=118965.47J
[219.841] Task 442 served on STARLINK-2388 qlen_enqueue_cpu=1 qlen_enqueue_net=None time_in_queue=0.000
[441][GREEDY] STARLINK-4476 -> STARLINK-35398 | Tramission-time: 0.002046313630871115
[441] Energy routing consumed by STARLINK-4476: 0.000000 J (remaining 118958.31)
[442][GREEDY] STARLINK-2388 -> STARLINK-11724 [DTC] | Tramission-time: 0.0013497749573628394
[442] Energy routing consumed by STARLINK-2388: 0.000000 J (remaining 118965.47)
[MODE: BIDIRECTIONAL]
[441][GREEDY] CONSEGNATO! STARLINK-35398 -> OBS | Tramission-time: 5.161729301842777e-12
[MODE: BIDIRECTIONAL]
[442][GREEDY] CONSEGNATO! STARLINK-11724 [DTC] -> OBS | Tramission-time: 1.3855524074629966e-11
----------------------------------------------------------------------
	||TIME IN SIMULATION : (seconds:220) (minutes: 3) ||

MODIFICA CONFIGURAZIONE IN CORSO...

Aggiornato il Tempo Globale:  2025-11-20 20:58:54
---> Task 443 (Type: CPU_Intensive) arriva in 220.33
--- [220.33] Task 443 using SearchNode Policy: v1_heuristic ---
[443] Filtro euristico: DTS-TMAX
[220.33] [Task 443] Routed STARLINK-11724 [DTC] -> STARLINK-2388 | E_NET=0.000020 J | Remaining=119999.91 J
[220.332] Task 443 enqueued on CPU STARLINK-2388 qlen_enqueue=1
[Task 443] Task eseguito su STARLINK-2388 42.4229523204085 degrees | CPU=41.9147J, NET=0.0000J, TOTAL=41.9148J, Remaining=118923.55J
[220.374] Task 443 served on STARLINK-2388 qlen_enqueue_cpu=1 qlen_enqueue_net=None time_in_queue=0.000
[443][GREEDY] STARLINK-2388 -> STARLINK-11724 [DTC] | Tramission-time: 0.001306973545958929
[443] Energy routing consumed by STARLINK-2388: 0.000000 J (remaining 118923.55)
[MODE: BIDIRECTIONAL]
[443][GREEDY] CONSEGNATO! STARLINK-11724 [DTC] -> OBS | Tramission-time: 2.0514515207651086e-11
---> Task 444 (Type: CPU_Intensive) arriva in 221.87
--- [221.87] Task 444 using SearchNode Policy: v1_heuristic ---
[444] Filtro euristico: DTS-TMAX
[221.87] [Task 444] Routed STARLINK-11724 [DTC] -> STARLINK-4476 | E_NET=0.000023 J | Remaining=119999.91 J
[221.873] Task 444 enqueued on CPU STARLINK-4476 qlen_enqueue=1
----------------------------------------------------------------------
	||TIME IN SIMULATION : (seconds:222) (minutes: 3) ||

MODIFICA CONFIGURAZIONE IN CORSO...

Aggiornato il Tempo Globale:  2025-11-20 20:58:56
[Task 444] Task eseguito su STARLINK-4476 43.54255776560462 degrees | CPU=279.8514J, NET=0.0000J, TOTAL=279.8514J, Remaining=118678.46J
[222.146] Task 444 served on STARLINK-4476 qlen_enqueue_cpu=1 qlen_enqueue_net=None time_in_queue=0.000
[444][GREEDY] STARLINK-4476 -> STARLINK-11724 [DTC] | Tramission-time: 0.0013687191693541154
[444] Energy routing consumed by STARLINK-4476: 0.000000 J (remaining 118678.46)
[MODE: BIDIRECTIONAL]
[444][GREEDY] CONSEGNATO! STARLINK-11724 [DTC] -> OBS | Tramission-time: 1.8544845372791012e-11
---> Task 445 (Type: Generic_Service) arriva in 222.31
--- [222.31] Task 445 using SearchNode Policy: v1_heuristic ---
[445] Filtro euristico: DTS-TMAX
[222.31] [Task 445] Routed STARLINK-11724 [DTC] -> STARLINK-30517 | E_NET=0.000009 J | Remaining=119999.91 J
[222.311] Task 445 enqueued on CPU STARLINK-30517 qlen_enqueue=1
[Task 445] Task eseguito su STARLINK-30517 40.14021481803507 degrees | CPU=28.1288J, NET=0.0000J, TOTAL=28.1288J, Remaining=119971.87J
[222.339] Task 445 served on STARLINK-30517 qlen_enqueue_cpu=1 qlen_enqueue_net=None time_in_queue=0.000
[445][GREEDY] STARLINK-30517 -> STARLINK-11724 [DTC] | Tramission-time: 0.0018102854111566112
[445] Energy routing consumed by STARLINK-30517: 0.000000 J (remaining 119971.87)
[MODE: BIDIRECTIONAL]
[445][GREEDY] CONSEGNATO! STARLINK-11724 [DTC] -> OBS | Tramission-time: 1.0943270930413849e-11
---> Task 446 (Type: CPU_Intensive) arriva in 222.55
--- [222.55] Task 446 using SearchNode Policy: v1_heuristic ---
[446] Filtro euristico: DTS-TMAX
[222.55] [Task 446] Routed STARLINK-11724 [DTC] -> STARLINK-30517 | E_NET=0.000023 J | Remaining=119999.91 J
[222.555] Task 446 enqueued on CPU STARLINK-30517 qlen_enqueue=1
[Task 446] Task eseguito su STARLINK-30517 40.14021481803507 degrees | CPU=100.5276J, NET=0.0000J, TOTAL=100.5277J, Remaining=119871.34J
[222.655] Task 446 served on STARLINK-30517 qlen_enqueue_cpu=1 qlen_enqueue_net=None time_in_queue=0.000
[446][GREEDY] STARLINK-30517 -> STARLINK-11724 [DTC] | Tramission-time: 0.0018102854265063019
[446] Energy routing consumed by STARLINK-30517: 0.000000 J (remaining 119871.34)
[MODE: BIDIRECTIONAL]
[446][GREEDY] CONSEGNATO! STARLINK-11724 [DTC] -> OBS | Tramission-time: 2.0748819746656344e-11
---> Task 447 (Type: Generic_Service) arriva in 223.33
--- [223.33] Task 447 using SearchNode Policy: v1_heuristic ---
[447] Filtro euristico: DTS-TMAX
[223.33] [Task 447] Routed STARLINK-11724 [DTC] -> STARLINK-30517 | E_NET=0.000020 J | Remaining=119999.91 J
[223.335] Task 447 enqueued on CPU STARLINK-30517 qlen_enqueue=1
[Task 447] Task eseguito su STARLINK-30517 40.14021481803507 degrees | CPU=64.6720J, NET=0.0000J, TOTAL=64.6720J, Remaining=119806.67J
[223.399] Task 447 served on STARLINK-30517 qlen_enqueue_cpu=1 qlen_enqueue_net=None time_in_queue=0.000
[447][GREEDY] STARLINK-30517 -> STARLINK-11724 [DTC] | Tramission-time: 0.0018102854260091115
[447] Energy routing consumed by STARLINK-30517: 0.000000 J (remaining 119806.67)
[MODE: BIDIRECTIONAL]
[447][GREEDY] CONSEGNATO! STARLINK-11724 [DTC] -> OBS | Tramission-time: 2.0880058813431234e-11
----------------------------------------------------------------------
	||TIME IN SIMULATION : (seconds:224) (minutes: 3) ||

MODIFICA CONFIGURAZIONE IN CORSO...

Aggiornato il Tempo Globale:  2025-11-20 20:58:58
---> Task 448 (Type: Generic_Service) arriva in 224.25
--- [224.25] Task 448 using SearchNode Policy: v1_heuristic ---
[448] Filtro euristico: DTS-TMAX
[224.25] [Task 448] Routed STARLINK-11724 [DTC] -> STARLINK-30286 | E_NET=0.000009 J | Remaining=119999.91 J
[224.254] Task 448 enqueued on CPU STARLINK-30286 qlen_enqueue=1
[Task 448] Task eseguito su STARLINK-30286 61.25802296592397 degrees | CPU=10.6967J, NET=0.0000J, TOTAL=10.6968J, Remaining=118007.52J
[224.265] Task 448 served on STARLINK-30286 qlen_enqueue_cpu=1 qlen_enqueue_net=None time_in_queue=0.000
[448][GREEDY] STARLINK-30286 -> STARLINK-11724 [DTC] | Tramission-time: 0.0009275945793456237
[448] Energy routing consumed by STARLINK-30286: 0.000000 J (remaining 118007.52)
[MODE: BIDIRECTIONAL]
[448][GREEDY] CONSEGNATO! STARLINK-11724 [DTC] -> OBS | Tramission-time: 1.05864999092632e-11
---> Task 449 (Type: CPU_and_Data_Intensive) arriva in 225.06
--- [225.06] Task 449 using SearchNode Policy: v1_heuristic ---
[449] Filtro euristico: DTS-TMAX
[Task 449] Nessun server rimasto dopo i filtri (deadline/sunset).
[Task 449] REJECTED on STARLINK-11724 [DTC] due to: No suitable server found after deadline/sunset filters
---> Task 450 (Type: CPU_Intensive) arriva in 225.23
--- [225.23] Task 450 using SearchNode Policy: v1_heuristic ---
[450] Filtro euristico: DTS-TMAX
[225.23] [Task 450] Routed STARLINK-11724 [DTC] -> STARLINK-30604 | E_NET=0.000025 J | Remaining=119999.91 J
[225.232] Task 450 enqueued on CPU STARLINK-30604 qlen_enqueue=1
[Task 450] Task eseguito su STARLINK-30604 40.09512586064858 degrees | CPU=23.3142J, NET=0.0000J, TOTAL=23.3142J, Remaining=119976.69J
[225.257] Task 450 served on STARLINK-30604 qlen_enqueue_cpu=1 qlen_enqueue_net=None time_in_queue=0.000
[450][GREEDY] STARLINK-30604 -> STARLINK-11724 [DTC] | Tramission-time: 0.001604533649651069
[450] Energy routing consumed by STARLINK-30604: 0.000000 J (remaining 119976.69)
[MODE: BIDIRECTIONAL]
[450][GREEDY] CONSEGNATO! STARLINK-11724 [DTC] -> OBS | Tramission-time: 2.6385647651945754e-11
---> Task 451 (Type: Generic_Service) arriva in 225.50
--- [225.50] Task 451 using SearchNode Policy: v1_heuristic ---
[451] Filtro euristico: DTS-TMAX
[225.50] [Task 451] Routed STARLINK-11724 [DTC] -> STARLINK-30604 | E_NET=0.000021 J | Remaining=119999.91 J
[225.506] Task 451 enqueued on CPU STARLINK-30604 qlen_enqueue=1
[Task 451] Task eseguito su STARLINK-30604 40.09512586064858 degrees | CPU=88.7412J, NET=0.0000J, TOTAL=88.7413J, Remaining=119887.94J
[225.594] Task 451 served on STARLINK-30604 qlen_enqueue_cpu=1 qlen_enqueue_net=None time_in_queue=0.000
[451][GREEDY] STARLINK-30604 -> STARLINK-11724 [DTC] | Tramission-time: 0.0016045336436627535
[451] Energy routing consumed by STARLINK-30604: 0.000000 J (remaining 119887.94)
[MODE: BIDIRECTIONAL]
[451][GREEDY] CONSEGNATO! STARLINK-11724 [DTC] -> OBS | Tramission-time: 2.7357730444298674e-11
----------------------------------------------------------------------
	||TIME IN SIMULATION : (seconds:226) (minutes: 3) ||

MODIFICA CONFIGURAZIONE IN CORSO...

Aggiornato il Tempo Globale:  2025-11-20 20:59:00
---> Task 452 (Type: CPU_Intensive) arriva in 226.18
--- [226.18] Task 452 using SearchNode Policy: v1_heuristic ---
[452] Filtro euristico: DTS-TMAX
[226.18] [Task 452] Routed STARLINK-11724 [DTC] -> STARLINK-30604 | E_NET=0.000031 J | Remaining=119999.91 J
[226.184] Task 452 enqueued on CPU STARLINK-30604 qlen_enqueue=1
---> Task 453 (Type: CPU_and_Data_Intensive) arriva in 226.20
--- [226.20] Task 453 using SearchNode Policy: v1_heuristic ---
[453] Filtro euristico: DTS-TMAX
[Task 453] Nessun server rimasto dopo i filtri (deadline/sunset).
[Task 453] REJECTED on STARLINK-11724 [DTC] due to: No suitable server found after deadline/sunset filters
[Task 452] Task eseguito su STARLINK-30604 40.81095487673252 degrees | CPU=186.9111J, NET=0.0000J, TOTAL=186.9111J, Remaining=119701.03J
[226.367] Task 452 served on STARLINK-30604 qlen_enqueue_cpu=1 qlen_enqueue_net=None time_in_queue=0.000
[452][GREEDY] STARLINK-30604 -> STARLINK-11724 [DTC] | Tramission-time: 0.0016115808417521277
[452] Energy routing consumed by STARLINK-30604: 0.000000 J (remaining 119701.03)
[MODE: BIDIRECTIONAL]
[452][GREEDY] CONSEGNATO! STARLINK-11724 [DTC] -> OBS | Tramission-time: 3.2710435990479354e-11
---> Task 454 (Type: Generic_Service) arriva in 227.30
--- [227.30] Task 454 using SearchNode Policy: v1_heuristic ---
[454] Filtro euristico: DTS-TMAX
[227.30] [Task 454] Routed STARLINK-11724 [DTC] -> STARLINK-30517 | E_NET=0.000025 J | Remaining=119999.91 J
[227.304] Task 454 enqueued on CPU STARLINK-30517 qlen_enqueue=1
[Task 454] Task eseguito su STARLINK-30517 41.548348545666755 degrees | CPU=50.8253J, NET=0.0000J, TOTAL=50.8253J, Remaining=119755.85J
[227.356] Task 454 served on STARLINK-30517 qlen_enqueue_cpu=1 qlen_enqueue_net=None time_in_queue=0.000
[454][GREEDY] STARLINK-30517 -> STARLINK-11724 [DTC] | Tramission-time: 0.001831146215907504
[454] Energy routing consumed by STARLINK-30517: 0.000000 J (remaining 119755.85)
---> Task 455 (Type: CPU_Intensive) arriva in 227.40
--- [227.40] Task 455 using SearchNode Policy: v1_heuristic ---
[455] Filtro euristico: DTS-TMAX
[227.40] [Task 455] Routed STARLINK-11724 [DTC] -> STARLINK-30517 | E_NET=0.000012 J | Remaining=119999.91 J
[227.404] Task 455 enqueued on CPU STARLINK-30517 qlen_enqueue=1
[MODE: BIDIRECTIONAL]
[454][GREEDY] CONSEGNATO! STARLINK-11724 [DTC] -> OBS | Tramission-time: 2.5325388792480213e-11
----------------------------------------------------------------------
	||TIME IN SIMULATION : (seconds:228) (minutes: 3) ||

MODIFICA CONFIGURAZIONE IN CORSO...

Aggiornato il Tempo Globale:  2025-11-20 20:59:02
---> Task 456 (Type: Generic_Service) arriva in 228.04
--- [228.04] Task 456 using SearchNode Policy: v1_heuristic ---
[456] Filtro euristico: DTS-TMAX
[228.04] [Task 456] Routed STARLINK-11724 [DTC] -> STARLINK-30604 | E_NET=0.000004 J | Remaining=119999.91 J
[228.042] Task 456 enqueued on CPU STARLINK-30604 qlen_enqueue=1
[Task 456] Task eseguito su STARLINK-30604 41.54292629656085 degrees | CPU=50.8659J, NET=0.0000J, TOTAL=50.8659J, Remaining=119650.17J
[228.092] Task 456 served on STARLINK-30604 qlen_enqueue_cpu=1 qlen_enqueue_net=None time_in_queue=0.000
[456][GREEDY] STARLINK-30604 -> STARLINK-11724 [DTC] | Tramission-time: 0.0016189873170280842
[456] Energy routing consumed by STARLINK-30604: 0.000000 J (remaining 119650.17)
---> Task 457 (Type: Generic_Service) arriva in 228.24
--- [228.24] Task 457 using SearchNode Policy: v1_heuristic ---
[457] Filtro euristico: DTS-TMAX
[228.24] [Task 457] Routed STARLINK-11724 [DTC] -> STARLINK-33816 | E_NET=0.000004 J | Remaining=119999.91 J
[228.238] Task 457 enqueued on CPU STARLINK-33816 qlen_enqueue=1
[Task 457] Task eseguito su STARLINK-33816 71.69301112080748 degrees | CPU=11.3214J, NET=0.0000J, TOTAL=11.3214J, Remaining=118300.05J
[228.250] Task 457 served on STARLINK-33816 qlen_enqueue_cpu=1 qlen_enqueue_net=None time_in_queue=0.000
---> Task 458 (Type: Generic_Service) arriva in 228.27
--- [228.27] Task 458 using SearchNode Policy: v1_heuristic ---
[458] Filtro euristico: DTS-TMAX
[228.27] [Task 458] Routed STARLINK-11724 [DTC] -> STARLINK-30604 | E_NET=0.000019 J | Remaining=119999.91 J
[228.268] Task 458 enqueued on CPU STARLINK-30604 qlen_enqueue=1
[MODE: BIDIRECTIONAL]
[457][GREEDY] CONSEGNATO! STARLINK-33816 -> OBS | Tramission-time: 4.292051775402686e-12
[MODE: BIDIRECTIONAL]
[456][GREEDY] CONSEGNATO! STARLINK-11724 [DTC] -> OBS | Tramission-time: 3.7652292767041085e-12
[Task 458] Task eseguito su STARLINK-30604 41.54292629656085 degrees | CPU=88.8721J, NET=0.0000J, TOTAL=88.8722J, Remaining=119561.30J
[228.356] Task 458 served on STARLINK-30604 qlen_enqueue_cpu=1 qlen_enqueue_net=None time_in_queue=0.000
[458][GREEDY] STARLINK-30604 -> STARLINK-11724 [DTC] | Tramission-time: 0.0016189873344562913
[458] Energy routing consumed by STARLINK-30604: 0.000000 J (remaining 119561.30)
[MODE: BIDIRECTIONAL]
[458][GREEDY] CONSEGNATO! STARLINK-11724 [DTC] -> OBS | Tramission-time: 1.6913799003519626e-11
---> Task 459 (Type: Generic_Service) arriva in 228.74
--- [228.74] Task 459 using SearchNode Policy: v1_heuristic ---
[459] Filtro euristico: DTS-TMAX
[228.74] [Task 459] Routed STARLINK-11724 [DTC] -> STARLINK-30286 | E_NET=0.000027 J | Remaining=119999.91 J
[228.738] Task 459 enqueued on CPU STARLINK-30286 qlen_enqueue=1
[Task 459] Task eseguito su STARLINK-30286 62.29370077504158 degrees | CPU=9.7999J, NET=0.0000J, TOTAL=9.7999J, Remaining=117997.72J
[228.750] Task 459 served on STARLINK-30286 qlen_enqueue_cpu=1 qlen_enqueue_net=None time_in_queue=0.000
[459][GREEDY] STARLINK-30286 -> STARLINK-11724 [DTC] | Tramission-time: 0.000902746455948517
[459] Energy routing consumed by STARLINK-30286: 0.000000 J (remaining 117997.72)
[MODE: BIDIRECTIONAL]
[459][GREEDY] CONSEGNATO! STARLINK-11724 [DTC] -> OBS | Tramission-time: 2.731602827392466e-11
---> Task 460 (Type: CPU_Intensive) arriva in 228.83
--- [228.83] Task 460 using SearchNode Policy: v1_heuristic ---
[460] Filtro euristico: DTS-TMAX
[228.83] [Task 460] Routed STARLINK-11724 [DTC] -> STARLINK-30604 | E_NET=0.000019 J | Remaining=119999.91 J
[228.834] Task 460 enqueued on CPU STARLINK-30604 qlen_enqueue=1
---> Task 461 (Type: CPU_and_Data_Intensive) arriva in 228.96
--- [228.96] Task 461 using SearchNode Policy: v1_heuristic ---
[461] Filtro euristico: DTS-TMAX
[228.96] [Task 461] Routed STARLINK-11724 [DTC] -> STARLINK-30506 | E_NET=0.000294 J | Remaining=119999.91 J
[228.961] Task 461 enqueued on CPU STARLINK-30506 qlen_enqueue=1
[Task 460] Task eseguito su STARLINK-30604 41.54292629656085 degrees | CPU=224.2570J, NET=0.0000J, TOTAL=224.2570J, Remaining=119337.04J
[229.053] Task 460 served on STARLINK-30604 qlen_enqueue_cpu=1 qlen_enqueue_net=None time_in_queue=0.000
[460][GREEDY] STARLINK-30604 -> STARLINK-11724 [DTC] | Tramission-time: 0.0016189873299632276
[460] Energy routing consumed by STARLINK-30604: 0.000000 J (remaining 119337.04)
[MODE: BIDIRECTIONAL]
[460][GREEDY] CONSEGNATO! STARLINK-11724 [DTC] -> OBS | Tramission-time: 2.3073259987801133e-11
[Task 455] Task eseguito su STARLINK-30517 42.27423225273938 degrees | CPU=1859.4528J, NET=0.0000J, TOTAL=1859.4528J, Remaining=117896.39J
[229.209] Task 455 served on STARLINK-30517 qlen_enqueue_cpu=1 qlen_enqueue_net=None time_in_queue=0.000
[455][GREEDY] STARLINK-30517 -> STARLINK-11724 [DTC] | Tramission-time: 0.0018417592966499454
[455] Energy routing consumed by STARLINK-30517: 0.000000 J (remaining 117896.39)
[MODE: BIDIRECTIONAL]
[455][GREEDY] CONSEGNATO! STARLINK-11724 [DTC] -> OBS | Tramission-time: 1.6109815412378654e-11
[229.718] Task 461 enqueued on NET STARLINK-30506 qlen_enqueue_net=1
[Task 461] Task eseguito su STARLINK-30506 44.680579446074034 degrees | CPU=780.4713J, NET=0.0004J, TOTAL=780.4717J, Remaining=118160.86J
[229.719] Task 461 served on STARLINK-30506 qlen_enqueue_cpu=1 qlen_enqueue_net=1 time_in_queue=0.000
[461][GREEDY] STARLINK-30506 -> STARLINK-11724 [DTC] | Tramission-time: 0.00112542358359548
[461] Energy routing consumed by STARLINK-30506: 0.000000 J (remaining 118160.86)
[MODE: BIDIRECTIONAL]
[461][GREEDY] CONSEGNATO! STARLINK-11724 [DTC] -> OBS | Tramission-time: 3.184924494751061e-10
----------------------------------------------------------------------
	||TIME IN SIMULATION : (seconds:230) (minutes: 3) ||

MODIFICA CONFIGURAZIONE IN CORSO...

Aggiornato il Tempo Globale:  2025-11-20 20:59:04
---> Task 462 (Type: CPU_Intensive) arriva in 230.09
--- [230.09] Task 462 using SearchNode Policy: v1_heuristic ---
[462] Filtro euristico: DTS-TMAX
[230.09] [Task 462] Routed STARLINK-11724 [DTC] -> STARLINK-30604 | E_NET=0.000023 J | Remaining=119999.91 J
[230.095] Task 462 enqueued on CPU STARLINK-30604 qlen_enqueue=1
[Task 462] Task eseguito su STARLINK-30604 42.29144558259964 degrees | CPU=59.9313J, NET=0.0000J, TOTAL=59.9313J, Remaining=119277.11J
[230.154] Task 462 served on STARLINK-30604 qlen_enqueue_cpu=1 qlen_enqueue_net=None time_in_queue=0.000
[462][GREEDY] STARLINK-30604 -> STARLINK-11724 [DTC] | Tramission-time: 0.0016267481079316661
[462] Energy routing consumed by STARLINK-30604: 0.000000 J (remaining 119277.11)
[MODE: BIDIRECTIONAL]
[462][GREEDY] CONSEGNATO! STARLINK-11724 [DTC] -> OBS | Tramission-time: 2.5303663709215594e-11
---> Task 463 (Type: Generic_Service) arriva in 230.44
--- [230.44] Task 463 using SearchNode Policy: v1_heuristic ---
[463] Filtro euristico: DTS-TMAX
[230.44] [Task 463] Routed STARLINK-11724 [DTC] -> STARLINK-30604 | E_NET=0.000032 J | Remaining=119999.91 J
[230.441] Task 463 enqueued on CPU STARLINK-30604 qlen_enqueue=1
[Task 463] Task eseguito su STARLINK-30604 42.29144558259964 degrees | CPU=55.1012J, NET=0.0000J, TOTAL=55.1012J, Remaining=119222.01J
[230.497] Task 463 served on STARLINK-30604 qlen_enqueue_cpu=1 qlen_enqueue_net=None time_in_queue=0.000
[463][GREEDY] STARLINK-30604 -> STARLINK-11724 [DTC] | Tramission-time: 0.0016267481180259238
[463] Energy routing consumed by STARLINK-30604: 0.000000 J (remaining 119222.01)
[MODE: BIDIRECTIONAL]
[463][GREEDY] CONSEGNATO! STARLINK-11724 [DTC] -> OBS | Tramission-time: 2.7825429573125074e-11
---> Task 464 (Type: Generic_Service) arriva in 231.10
--- [231.10] Task 464 using SearchNode Policy: v1_heuristic ---
[464] Filtro euristico: DTS-TMAX
[231.10] [Task 464] Routed STARLINK-11724 [DTC] -> STARLINK-30604 | E_NET=0.000007 J | Remaining=119999.91 J
[231.102] Task 464 enqueued on CPU STARLINK-30604 qlen_enqueue=1
[Task 464] Task eseguito su STARLINK-30604 42.29144558259964 degrees | CPU=38.1307J, NET=0.0000J, TOTAL=38.1307J, Remaining=119183.88J
[231.140] Task 464 served on STARLINK-30604 qlen_enqueue_cpu=1 qlen_enqueue_net=None time_in_queue=0.000
[464][GREEDY] STARLINK-30604 -> STARLINK-11724 [DTC] | Tramission-time: 0.001626748091817969
[464] Energy routing consumed by STARLINK-30604: 0.000000 J (remaining 119183.88)
[MODE: BIDIRECTIONAL]
[464][GREEDY] CONSEGNATO! STARLINK-11724 [DTC] -> OBS | Tramission-time: 6.104422854942063e-12
---> Task 465 (Type: Generic_Service) arriva in 231.69
--- [231.69] Task 465 using SearchNode Policy: v1_heuristic ---
[465] Filtro euristico: DTS-TMAX
[231.69] [Task 465] Routed STARLINK-11724 [DTC] -> STARLINK-30604 | E_NET=0.000012 J | Remaining=119999.91 J
[231.688] Task 465 enqueued on CPU STARLINK-30604 qlen_enqueue=1
[Task 465] Task eseguito su STARLINK-30604 42.29144558259964 degrees | CPU=33.3841J, NET=0.0000J, TOTAL=33.3841J, Remaining=119150.49J
[231.721] Task 465 served on STARLINK-30604 qlen_enqueue_cpu=1 qlen_enqueue_net=None time_in_queue=0.000
[465][GREEDY] STARLINK-30604 -> STARLINK-11724 [DTC] | Tramission-time: 0.0016267480958433492
[465] Energy routing consumed by STARLINK-30604: 0.000000 J (remaining 119150.49)
[MODE: BIDIRECTIONAL]
[465][GREEDY] CONSEGNATO! STARLINK-11724 [DTC] -> OBS | Tramission-time: 1.0120564639986215e-11
----------------------------------------------------------------------
	||TIME IN SIMULATION : (seconds:232) (minutes: 3) ||

MODIFICA CONFIGURAZIONE IN CORSO...

Aggiornato il Tempo Globale:  2025-11-20 20:59:06
---> Task 466 (Type: CPU_and_Data_Intensive) arriva in 232.01
--- [232.01] Task 466 using SearchNode Policy: v1_heuristic ---
[466] Filtro euristico: DTS-TMAX
[232.01] [Task 466] Routed STARLINK-11724 [DTC] -> STARLINK-30604 | E_NET=0.000883 J | Remaining=119999.90 J
[232.008] Task 466 enqueued on CPU STARLINK-30604 qlen_enqueue=1
[232.350] Task 466 enqueued on NET STARLINK-30604 qlen_enqueue_net=1
[Task 466] Task eseguito su STARLINK-30604 43.0569182813958 degrees | CPU=351.8303J, NET=0.0009J, TOTAL=351.8313J, Remaining=118798.66J
[232.351] Task 466 served on STARLINK-30604 qlen_enqueue_cpu=1 qlen_enqueue_net=1 time_in_queue=0.000
[466][GREEDY] STARLINK-30604 -> STARLINK-11724 [DTC] | Tramission-time: 0.0016348586954924315
[466] Energy routing consumed by STARLINK-30604: 0.000000 J (remaining 118798.66)
[MODE: BIDIRECTIONAL]
[466][GREEDY] CONSEGNATO! STARLINK-11724 [DTC] -> OBS | Tramission-time: 6.774365317005683e-10
---> Task 467 (Type: Generic_Service) arriva in 233.32
--- [233.32] Task 467 using SearchNode Policy: v1_heuristic ---
[467] Filtro euristico: DTS-TMAX
[233.32] [Task 467] Routed STARLINK-11724 [DTC] -> STARLINK-2388 | E_NET=0.000018 J | Remaining=119999.90 J
[233.320] Task 467 enqueued on CPU STARLINK-2388 qlen_enqueue=1
[Task 467] Task eseguito su STARLINK-2388 46.85125927892623 degrees | CPU=87.1741J, NET=0.0000J, TOTAL=87.1742J, Remaining=118836.38J
[233.406] Task 467 served on STARLINK-2388 qlen_enqueue_cpu=1 qlen_enqueue_net=None time_in_queue=0.000
---> Task 468 (Type: CPU_and_Data_Intensive) arriva in 233.43
--- [233.43] Task 468 using SearchNode Policy: v1_heuristic ---
[468] Filtro euristico: DTS-TMAX
[233.43] [Task 468] Routed STARLINK-11724 [DTC] -> STARLINK-2647 | E_NET=0.001032 J | Remaining=119999.90 J
[233.433] Task 468 enqueued on CPU STARLINK-2647 qlen_enqueue=1
[467][GREEDY] STARLINK-2388 -> STARLINK-11724 [DTC] | Tramission-time: 0.0010622844469188
[467] Energy routing consumed by STARLINK-2388: 0.000000 J (remaining 118836.38)
[233.547] Task 468 enqueued on NET STARLINK-2647 qlen_enqueue_net=1
[Task 468] Task eseguito su STARLINK-2647 55.48352304164314 degrees | CPU=117.4483J, NET=0.0013J, TOTAL=117.4496J, Remaining=118735.59J
[233.548] Task 468 served on STARLINK-2647 qlen_enqueue_cpu=1 qlen_enqueue_net=1 time_in_queue=0.000
[468][GREEDY] STARLINK-2647 -> STARLINK-11724 [DTC] | Tramission-time: 0.0016942251767811211
[468] Energy routing consumed by STARLINK-2647: 0.000000 J (remaining 118735.59)
[MODE: BIDIRECTIONAL]
[467][GREEDY] CONSEGNATO! STARLINK-11724 [DTC] -> OBS | Tramission-time: 1.8056679789258397e-11
[MODE: BIDIRECTIONAL]
[468][GREEDY] CONSEGNATO! STARLINK-11724 [DTC] -> OBS | Tramission-time: 9.926279164453147e-10
---> Task 469 (Type: CPU_Intensive) arriva in 233.99
--- [233.99] Task 469 using SearchNode Policy: v1_heuristic ---
[469] Filtro euristico: DTS-TMAX
[233.99] [Task 469] Routed STARLINK-11724 [DTC] -> STARLINK-2388 | E_NET=0.000024 J | Remaining=119999.90 J
[233.990] Task 469 enqueued on CPU STARLINK-2388 qlen_enqueue=1
----------------------------------------------------------------------
	||TIME IN SIMULATION : (seconds:234) (minutes: 3) ||

MODIFICA CONFIGURAZIONE IN CORSO...

Aggiornato il Tempo Globale:  2025-11-20 20:59:08
[Task 469] Task eseguito su STARLINK-2388 47.62242142332733 degrees | CPU=288.7292J, NET=0.0000J, TOTAL=288.7292J, Remaining=118547.65J
[234.272] Task 469 served on STARLINK-2388 qlen_enqueue_cpu=1 qlen_enqueue_net=None time_in_queue=0.000
[469][GREEDY] STARLINK-2388 -> STARLINK-11724 [DTC] | Tramission-time: 0.0010241753821963102
[469] Energy routing consumed by STARLINK-2388: 0.000000 J (remaining 118547.65)
---> Task 470 (Type: CPU_Intensive) arriva in 234.38
--- [234.38] Task 470 using SearchNode Policy: v1_heuristic ---
[470] Filtro euristico: DTS-TMAX
[234.38] [Task 470] Routed STARLINK-11724 [DTC] -> STARLINK-30604 | E_NET=0.000006 J | Remaining=119999.90 J
[234.378] Task 470 enqueued on CPU STARLINK-30604 qlen_enqueue=1
[MODE: BIDIRECTIONAL]
[469][GREEDY] CONSEGNATO! STARLINK-11724 [DTC] -> OBS | Tramission-time: 2.5515645606972557e-11
---> Task 471 (Type: CPU_and_Data_Intensive) arriva in 234.98
--- [234.98] Task 471 using SearchNode Policy: v1_heuristic ---
[471] Filtro euristico: DTS-TMAX
[234.98] [Task 471] Routed STARLINK-11724 [DTC] -> STARLINK-5794 | E_NET=0.000647 J | Remaining=119999.90 J
[234.978] Task 471 enqueued on CPU STARLINK-5794 qlen_enqueue=1
[Task 470] Task eseguito su STARLINK-30604 43.83974842884596 degrees | CPU=642.1817J, NET=0.0000J, TOTAL=642.1817J, Remaining=118156.48J
[235.001] Task 470 served on STARLINK-30604 qlen_enqueue_cpu=1 qlen_enqueue_net=None time_in_queue=0.000
[470][GREEDY] STARLINK-30604 -> STARLINK-11724 [DTC] | Tramission-time: 0.001643311702982589
[470] Energy routing consumed by STARLINK-30604: 0.000000 J (remaining 118156.48)
[MODE: BIDIRECTIONAL]
[470][GREEDY] CONSEGNATO! STARLINK-11724 [DTC] -> OBS | Tramission-time: 4.524466354987602e-12
[235.653] Task 471 enqueued on NET STARLINK-5794 qlen_enqueue_net=1
[Task 471] Task eseguito su STARLINK-5794 52.46334896532994 degrees | CPU=696.2948J, NET=0.0007J, TOTAL=696.2956J, Remaining=118077.27J
[235.654] Task 471 served on STARLINK-5794 qlen_enqueue_cpu=1 qlen_enqueue_net=1 time_in_queue=0.000
[471][GREEDY] STARLINK-5794 -> STARLINK-11724 [DTC] | Tramission-time: 0.0016284484240277842
[471] Energy routing consumed by STARLINK-5794: 0.000000 J (remaining 118077.27)
[MODE: BIDIRECTIONAL]
[471][GREEDY] CONSEGNATO! STARLINK-11724 [DTC] -> OBS | Tramission-time: 6.444690690946675e-10
----------------------------------------------------------------------
	||TIME IN SIMULATION : (seconds:236) (minutes: 3) ||

MODIFICA CONFIGURAZIONE IN CORSO...

Aggiornato il Tempo Globale:  2025-11-20 20:59:10
---> Task 472 (Type: Generic_Service) arriva in 236.32
--- [236.32] Task 472 using SearchNode Policy: v1_heuristic ---
[472] Filtro euristico: DTS-TMAX
[236.32] [Task 472] Routed STARLINK-11724 [DTC] -> STARLINK-2647 | E_NET=0.000032 J | Remaining=119999.90 J
[236.323] Task 472 enqueued on CPU STARLINK-2647 qlen_enqueue=1
[Task 472] Task eseguito su STARLINK-2647 57.698701743817715 degrees | CPU=21.3785J, NET=0.0000J, TOTAL=21.3785J, Remaining=118714.21J
[236.346] Task 472 served on STARLINK-2647 qlen_enqueue_cpu=1 qlen_enqueue_net=None time_in_queue=0.000
[472][GREEDY] STARLINK-2647 -> STARLINK-11724 [DTC] | Tramission-time: 0.0016763443198437734
[472] Energy routing consumed by STARLINK-2647: 0.000000 J (remaining 118714.21)
[MODE: BIDIRECTIONAL]
[472][GREEDY] CONSEGNATO! STARLINK-11724 [DTC] -> OBS | Tramission-time: 2.7016306962146136e-11
---> Task 473 (Type: Generic_Service) arriva in 236.86
--- [236.86] Task 473 using SearchNode Policy: v1_heuristic ---
[473] Filtro euristico: DTS-TMAX
[236.86] [Task 473] Routed STARLINK-11724 [DTC] -> STARLINK-2647 | E_NET=0.000013 J | Remaining=119999.90 J
[236.858] Task 473 enqueued on CPU STARLINK-2647 qlen_enqueue=1
[Task 473] Task eseguito su STARLINK-2647 57.698701743817715 degrees | CPU=40.8524J, NET=0.0000J, TOTAL=40.8524J, Remaining=118673.36J
[236.899] Task 473 served on STARLINK-2647 qlen_enqueue_cpu=1 qlen_enqueue_net=None time_in_queue=0.000
[473][GREEDY] STARLINK-2647 -> STARLINK-11724 [DTC] | Tramission-time: 0.0016763443044579501
[473] Energy routing consumed by STARLINK-2647: 0.000000 J (remaining 118673.36)
[MODE: BIDIRECTIONAL]
[473][GREEDY] CONSEGNATO! STARLINK-11724 [DTC] -> OBS | Tramission-time: 1.3341961653276022e-11
---> Task 474 (Type: CPU_and_Data_Intensive) arriva in 237.34
--- [237.34] Task 474 using SearchNode Policy: v1_heuristic ---
[474] Filtro euristico: DTS-TMAX
[237.34] [Task 474] Routed STARLINK-11724 [DTC] -> STARLINK-4476 | E_NET=0.068943 J | Remaining=119999.83 J
[237.415] Task 474 enqueued on CPU STARLINK-4476 qlen_enqueue=1
----------------------------------------------------------------------
	||TIME IN SIMULATION : (seconds:238) (minutes: 3) ||

MODIFICA CONFIGURAZIONE IN CORSO...

Aggiornato il Tempo Globale:  2025-11-20 20:59:12
[238.040] Task 474 enqueued on NET STARLINK-4476 qlen_enqueue_net=1
[Task 474] Task eseguito su STARLINK-4476 48.126525592836316 degrees | CPU=644.2399J, NET=0.0835J, TOTAL=644.3234J, Remaining=118034.14J
[238.124] Task 474 served on STARLINK-4476 qlen_enqueue_cpu=1 qlen_enqueue_net=1 time_in_queue=0.000
---> Task 475 (Type: CPU_Intensive) arriva in 238.13
--- [238.13] Task 475 using SearchNode Policy: v1_heuristic ---
[475] Filtro euristico: DTS-TMAX
[238.13] [Task 475] Routed STARLINK-11724 [DTC] -> STARLINK-2647 | E_NET=0.000015 J | Remaining=119999.83 J
[238.129] Task 475 enqueued on CPU STARLINK-2647 qlen_enqueue=1
---> Task 476 (Type: CPU_and_Data_Intensive) arriva in 238.20
--- [238.20] Task 476 using SearchNode Policy: v1_heuristic ---
[476] Filtro euristico: DTS-TMAX
[Task 476] Nessun server rimasto dopo i filtri (deadline/sunset).
[Task 476] REJECTED on STARLINK-11724 [DTC] due to: No suitable server found after deadline/sunset filters
[474][GREEDY] STARLINK-4476 -> STARLINK-11724 [DTC] | Tramission-time: 0.0013957498423056275
[474] Energy routing consumed by STARLINK-4476: 0.000000 J (remaining 118034.14)
[MODE: BIDIRECTIONAL]
[474][GREEDY] CONSEGNATO! STARLINK-11724 [DTC] -> OBS | Tramission-time: 6.647845337173438e-08
[Task 475] Task eseguito su STARLINK-2647 58.841957769533764 degrees | CPU=117.6478J, NET=0.0000J, TOTAL=117.6478J, Remaining=118555.71J
[238.245] Task 475 served on STARLINK-2647 qlen_enqueue_cpu=1 qlen_enqueue_net=None time_in_queue=0.000
[475][GREEDY] STARLINK-2647 -> STARLINK-11724 [DTC] | Tramission-time: 0.0016675438438534284
[475] Energy routing consumed by STARLINK-2647: 0.000000 J (remaining 118555.71)
[MODE: BIDIRECTIONAL]
[475][GREEDY] CONSEGNATO! STARLINK-11724 [DTC] -> OBS | Tramission-time: 1.7226844011397203e-11
---> Task 477 (Type: CPU_Intensive) arriva in 239.20
--- [239.20] Task 477 using SearchNode Policy: v1_heuristic ---
[477] Filtro euristico: DTS-TMAX
[239.20] [Task 477] Routed STARLINK-11724 [DTC] -> STARLINK-32442 | E_NET=0.000027 J | Remaining=119999.83 J
[239.201] Task 477 enqueued on CPU STARLINK-32442 qlen_enqueue=1
---> Task 478 (Type: CPU_and_Data_Intensive) arriva in 239.53
--- [239.53] Task 478 using SearchNode Policy: v1_heuristic ---
[478] Filtro euristico: DTS-TMAX
[239.53] [Task 478] Routed STARLINK-11724 [DTC] -> STARLINK-2647 | E_NET=0.000726 J | Remaining=119999.83 J
[239.533] Task 478 enqueued on CPU STARLINK-2647 qlen_enqueue=1
----------------------------------------------------------------------
	||TIME IN SIMULATION : (seconds:240) (minutes: 4) ||

MODIFICA CONFIGURAZIONE IN CORSO...

Aggiornato il Tempo Globale:  2025-11-20 20:59:14
[240.076] Task 478 enqueued on NET STARLINK-2647 qlen_enqueue_net=1
---> Task 479 (Type: Generic_Service) arriva in 240.08
--- [240.08] Task 479 using SearchNode Policy: v1_heuristic ---
[479] Filtro euristico: DTS-TMAX
[240.08] [Task 479] Routed STARLINK-11724 [DTC] -> STARLINK-2388 | E_NET=0.000014 J | Remaining=119999.83 J
[Task 478] Task eseguito su STARLINK-2647 60.00900353388612 degrees | CPU=559.5235J, NET=0.0010J, TOTAL=559.5245J, Remaining=117996.19J
[240.077] Task 478 served on STARLINK-2647 qlen_enqueue_cpu=1 qlen_enqueue_net=1 time_in_queue=0.000
[240.077] Task 479 enqueued on CPU STARLINK-2388 qlen_enqueue=1
[478][GREEDY] STARLINK-2647 -> STARLINK-11724 [DTC] | Tramission-time: 0.0016588393663265074
[478] Energy routing consumed by STARLINK-2647: 0.000000 J (remaining 117996.19)
[MODE: BIDIRECTIONAL]
[478][GREEDY] CONSEGNATO! STARLINK-11724 [DTC] -> OBS | Tramission-time: 8.046416015746273e-10
[Task 477] Task eseguito su STARLINK-32442 58.79799317241545 degrees | CPU=1087.9683J, NET=0.0000J, TOTAL=1087.9683J, Remaining=117550.58J
[240.258] Task 477 served on STARLINK-32442 qlen_enqueue_cpu=1 qlen_enqueue_net=None time_in_queue=0.000
[MODE: BIDIRECTIONAL]
[477][GREEDY] CONSEGNATO! STARLINK-32442 -> OBS | Tramission-time: 2.5717199113186262e-11
[Task 479] Task eseguito su STARLINK-2388 49.97989298401015 degrees | CPU=309.7672J, NET=0.0000J, TOTAL=309.7673J, Remaining=118237.88J
[240.379] Task 479 served on STARLINK-2388 qlen_enqueue_cpu=1 qlen_enqueue_net=None time_in_queue=0.000
[479][GREEDY] STARLINK-2388 -> STARLINK-11724 [DTC] | Tramission-time: 0.0009163838341141769
[479] Energy routing consumed by STARLINK-2388: 0.000000 J (remaining 118237.88)
[MODE: BIDIRECTIONAL]
[479][GREEDY] CONSEGNATO! STARLINK-11724 [DTC] -> OBS | Tramission-time: 1.6312262914762616e-11
---> Task 480 (Type: Generic_Service) arriva in 240.59
--- [240.59] Task 480 using SearchNode Policy: v1_heuristic ---
[480] Filtro euristico: DTS-TMAX
[Task 480] Nessun server rimasto dopo i filtri (deadline/sunset).
[Task 480] REJECTED on STARLINK-11724 [DTC] due to: No suitable server found after deadline/sunset filters
---> Task 481 (Type: Generic_Service) arriva in 240.91
--- [240.91] Task 481 using SearchNode Policy: v1_heuristic ---
[481] Filtro euristico: DTS-TMAX
[240.91] [Task 481] Routed STARLINK-11724 [DTC] -> STARLINK-31207 | E_NET=0.000011 J | Remaining=119999.83 J
[240.908] Task 481 enqueued on CPU STARLINK-31207 qlen_enqueue=1
[Task 481] Task eseguito su STARLINK-31207 51.03177777216396 degrees | CPU=91.1887J, NET=0.0000J, TOTAL=91.1887J, Remaining=118325.64J
[240.997] Task 481 served on STARLINK-31207 qlen_enqueue_cpu=1 qlen_enqueue_net=None time_in_queue=0.000
[481][GREEDY] STARLINK-31207 -> STARLINK-11724 [DTC] | Tramission-time: 0.001597528392853087
[481] Energy routing consumed by STARLINK-31207: 0.000000 J (remaining 118325.64)
[MODE: BIDIRECTIONAL]
[481][GREEDY] CONSEGNATO! STARLINK-11724 [DTC] -> OBS | Tramission-time: 8.501061401869209e-12
---> Task 482 (Type: CPU_Intensive) arriva in 241.34
--- [241.34] Task 482 using SearchNode Policy: v1_heuristic ---
[482] Filtro euristico: DTS-TMAX
[241.34] [Task 482] Routed STARLINK-11724 [DTC] -> STARLINK-35398 | E_NET=0.000027 J | Remaining=119999.83 J
[241.345] Task 482 enqueued on CPU STARLINK-35398 qlen_enqueue=1
[Task 482] Task eseguito su STARLINK-35398 69.24372158973028 degrees | CPU=285.9601J, NET=0.0000J, TOTAL=285.9601J, Remaining=118112.99J
[241.625] Task 482 served on STARLINK-35398 qlen_enqueue_cpu=1 qlen_enqueue_net=None time_in_queue=0.000
[482][GREEDY] STARLINK-35398 -> STARLINK-11724 [DTC] | Tramission-time: 0.001116442085469641
[482] Energy routing consumed by STARLINK-35398: 0.000000 J (remaining 118112.99)
[MODE: BIDIRECTIONAL]
[482][GREEDY] CONSEGNATO! STARLINK-11724 [DTC] -> OBS | Tramission-time: 2.8649414187151553e-11
----------------------------------------------------------------------
	||TIME IN SIMULATION : (seconds:242) (minutes: 4) ||

MODIFICA CONFIGURAZIONE IN CORSO...

Aggiornato il Tempo Globale:  2025-11-20 20:59:16
---> Task 483 (Type: CPU_Intensive) arriva in 242.05
--- [242.05] Task 483 using SearchNode Policy: v1_heuristic ---
[483] Filtro euristico: DTS-TMAX
[242.05] [Task 483] Routed STARLINK-33816 -> STARLINK-6203 | E_NET=0.000025 J | Remaining=118300.05 J
[242.053] Task 483 enqueued on CPU STARLINK-6203 qlen_enqueue=1
[Task 483] Task eseguito su STARLINK-6203 76.11414017536129 degrees | CPU=8.2638J, NET=0.0000J, TOTAL=8.2639J, Remaining=118145.62J
[242.063] Task 483 served on STARLINK-6203 qlen_enqueue_cpu=1 qlen_enqueue_net=None time_in_queue=0.000
[483][GREEDY] STARLINK-6203 -> STARLINK-33816 | Tramission-time: 0.000585456138950967
[483] Energy routing consumed by STARLINK-6203: 0.000000 J (remaining 118145.62)
[MODE: BIDIRECTIONAL]
[483][GREEDY] CONSEGNATO! STARLINK-33816 -> OBS | Tramission-time: 2.1252787846139157e-11
---> Task 484 (Type: CPU_and_Data_Intensive) arriva in 242.30
--- [242.30] Task 484 using SearchNode Policy: v1_heuristic ---
[484] Filtro euristico: DTS-TMAX
[Task 484] Nessun server rimasto dopo i filtri (deadline/sunset).
[Task 484] REJECTED on STARLINK-33816 due to: No suitable server found after deadline/sunset filters
---> Task 485 (Type: Generic_Service) arriva in 242.34
--- [242.34] Task 485 using SearchNode Policy: v1_heuristic ---
[485] Filtro euristico: DTS-TMAX
[242.34] [Task 485] Routed STARLINK-33816 -> STARLINK-33881 | E_NET=0.000006 J | Remaining=118300.05 J
[242.346] Task 485 enqueued on CPU STARLINK-33881 qlen_enqueue=1
[Task 485] Task eseguito su STARLINK-33881 40.58719300207035 degrees | CPU=51.2645J, NET=0.0000J, TOTAL=51.2645J, Remaining=119948.74J
[242.396] Task 485 served on STARLINK-33881 qlen_enqueue_cpu=1 qlen_enqueue_net=None time_in_queue=0.000
[485][GREEDY] STARLINK-33881 -> STARLINK-33816 | Tramission-time: 0.0017245601097000435
[485] Energy routing consumed by STARLINK-33881: 0.000000 J (remaining 119948.74)
[MODE: BIDIRECTIONAL]
[485][GREEDY] CONSEGNATO! STARLINK-33816 -> OBS | Tramission-time: 5.328318003680467e-12
---> Task 486 (Type: CPU_and_Data_Intensive) arriva in 243.05
--- [243.05] Task 486 using SearchNode Policy: v1_heuristic ---
[486] Filtro euristico: DTS-TMAX
[243.05] [Task 486] Routed STARLINK-33816 -> STARLINK-4466 | E_NET=0.007859 J | Remaining=118300.04 J
[243.063] Task 486 enqueued on CPU STARLINK-4466 qlen_enqueue=1
---> Task 487 (Type: Generic_Service) arriva in 243.77
--- [243.77] Task 487 using SearchNode Policy: v1_heuristic ---
[487] Filtro euristico: DTS-TMAX
[243.77] [Task 487] Routed STARLINK-33816 -> STARLINK-11724 [DTC] | E_NET=0.000030 J | Remaining=118300.04 J
[243.767] Task 487 enqueued on CPU STARLINK-11724 [DTC] qlen_enqueue=1
[Task 487] Task eseguito su STARLINK-11724 [DTC] 55.19090886711927 degrees | CPU=55.7494J, NET=0.0000J, TOTAL=55.7495J, Remaining=119944.08J
[243.823] Task 487 served on STARLINK-11724 [DTC] qlen_enqueue_cpu=1 qlen_enqueue_net=None time_in_queue=0.000
[487][GREEDY] STARLINK-11724 [DTC] -> STARLINK-33816 | Tramission-time: 0.0011536969427704137
[487] Energy routing consumed by STARLINK-11724 [DTC]: 0.000000 J (remaining 119944.08)
----------------------------------------------------------------------
	||TIME IN SIMULATION : (seconds:244) (minutes: 4) ||

MODIFICA CONFIGURAZIONE IN CORSO...

Aggiornato il Tempo Globale:  2025-11-20 20:59:18
[MODE: BIDIRECTIONAL]
[487][GREEDY] CONSEGNATO! STARLINK-33816 -> OBS | Tramission-time: 2.655247760325261e-11
[244.024] Task 486 enqueued on NET STARLINK-4466 qlen_enqueue_net=1
[Task 486] Task eseguito su STARLINK-4466 42.13237091436749 degrees | CPU=991.4445J, NET=0.0089J, TOTAL=991.4534J, Remaining=119008.55J
[244.033] Task 486 served on STARLINK-4466 qlen_enqueue_cpu=1 qlen_enqueue_net=1 time_in_queue=0.000
[486][GREEDY] STARLINK-4466 -> STARLINK-33816 | Tramission-time: 0.0018325967613452014
[486] Energy routing consumed by STARLINK-4466: 0.000000 J (remaining 119008.55)
[MODE: BIDIRECTIONAL]
[486][GREEDY] CONSEGNATO! STARLINK-33816 -> OBS | Tramission-time: 6.000263760558427e-09
----------------------------------------------------------------------
	||TIME IN SIMULATION : (seconds:246) (minutes: 4) ||

MODIFICA CONFIGURAZIONE IN CORSO...

Aggiornato il Tempo Globale:  2025-11-20 20:59:20
---> Task 488 (Type: Generic_Service) arriva in 247.04
--- [247.04] Task 488 using SearchNode Policy: v1_heuristic ---
[488] Filtro euristico: DTS-TMAX
[247.04] [Task 488] Routed STARLINK-33816 -> STARLINK-11724 [DTC] | E_NET=0.000015 J | Remaining=118300.04 J
[247.043] Task 488 enqueued on CPU STARLINK-11724 [DTC] qlen_enqueue=1
[Task 488] Task eseguito su STARLINK-11724 [DTC] 54.918146914355816 degrees | CPU=17.5837J, NET=0.0000J, TOTAL=17.5837J, Remaining=119926.50J
[247.061] Task 488 served on STARLINK-11724 [DTC] qlen_enqueue_cpu=1 qlen_enqueue_net=None time_in_queue=0.000
[488][GREEDY] STARLINK-11724 [DTC] -> STARLINK-33816 | Tramission-time: 0.0011713179020712825
[488] Energy routing consumed by STARLINK-11724 [DTC]: 0.000000 J (remaining 119926.50)
[MODE: BIDIRECTIONAL]
[488][GREEDY] CONSEGNATO! STARLINK-33816 -> OBS | Tramission-time: 1.5949228239452645e-11
---> Task 489 (Type: CPU_and_Data_Intensive) arriva in 247.67
--- [247.67] Task 489 using SearchNode Policy: v1_heuristic ---
[489] Filtro euristico: DTS-TMAX
[247.67] [Task 489] Routed STARLINK-33816 -> STARLINK-33881 | E_NET=0.005059 J | Remaining=118300.04 J
[247.678] Task 489 enqueued on CPU STARLINK-33881 qlen_enqueue=1
---> Task 490 (Type: CPU_and_Data_Intensive) arriva in 247.70
--- [247.70] Task 490 using SearchNode Policy: v1_heuristic ---
[490] Filtro euristico: DTS-TMAX
[247.70] [Task 490] Routed STARLINK-33816 -> STARLINK-11724 [DTC] | E_NET=0.000195 J | Remaining=118300.04 J
[247.703] Task 490 enqueued on CPU STARLINK-11724 [DTC] qlen_enqueue=1
[247.772] Task 489 enqueued on NET STARLINK-33881 qlen_enqueue_net=1
[Task 489] Task eseguito su STARLINK-33881 42.24826907183369 degrees | CPU=96.7527J, NET=0.0064J, TOTAL=96.7591J, Remaining=119851.98J
[247.778] Task 489 served on STARLINK-33881 qlen_enqueue_cpu=1 qlen_enqueue_net=1 time_in_queue=0.000
---> Task 491 (Type: Generic_Service) arriva in 247.82
--- [247.82] Task 491 using SearchNode Policy: v1_heuristic ---
[491] Filtro euristico: DTS-TMAX
[247.82] [Task 491] Routed STARLINK-33816 -> STARLINK-34902 | E_NET=0.000023 J | Remaining=118300.04 J
[247.820] Task 491 enqueued on CPU STARLINK-34902 qlen_enqueue=1
[489][GREEDY] STARLINK-33881 -> STARLINK-33816 | Tramission-time: 0.0017220494603608133
[489] Energy routing consumed by STARLINK-33881: 0.000000 J (remaining 119851.98)
---> Task 492 (Type: CPU_and_Data_Intensive) arriva in 247.83
--- [247.83] Task 492 using SearchNode Policy: v1_heuristic ---
[492] Filtro euristico: DTS-TMAX
[247.83] [Task 492] Routed STARLINK-33816 -> STARLINK-33881 | E_NET=0.005152 J | Remaining=118300.03 J
[Task 491] Task eseguito su STARLINK-34902 44.38997661697015 degrees | CPU=17.4243J, NET=0.0000J, TOTAL=17.4243J, Remaining=118378.03J
[247.838] Task 491 served on STARLINK-34902 qlen_enqueue_cpu=1 qlen_enqueue_net=None time_in_queue=0.000
[247.841] Task 492 enqueued on CPU STARLINK-33881 qlen_enqueue=1
[491][GREEDY] STARLINK-34902 -> STARLINK-33816 | Tramission-time: 0.0016475068457809305
[491] Energy routing consumed by STARLINK-34902: 0.000000 J (remaining 118378.03)
[MODE: BIDIRECTIONAL]
[489][GREEDY] CONSEGNATO! STARLINK-33816 -> OBS | Tramission-time: 4.802502662104662e-09
----------------------------------------------------------------------
	||TIME IN SIMULATION : (seconds:248) (minutes: 4) ||

MODIFICA CONFIGURAZIONE IN CORSO...

Aggiornato il Tempo Globale:  2025-11-20 20:59:22
[491][GREEDY] STARLINK-33816 -> STARLINK-32442 | Tramission-time: 0.0008787912616399856
[491] Energy routing consumed by STARLINK-33816: 0.000000 J (remaining 118300.03)
[MODE: BIDIRECTIONAL]
[491][GREEDY] CONSEGNATO! STARLINK-32442 -> OBS | Tramission-time: 2.0649765541252575e-11
[248.150] Task 490 enqueued on NET STARLINK-11724 [DTC] qlen_enqueue_net=1
[Task 490] Task eseguito su STARLINK-11724 [DTC] 54.64082266656546 degrees | CPU=460.9042J, NET=0.0003J, TOTAL=460.9044J, Remaining=119465.60J
[248.150] Task 490 served on STARLINK-11724 [DTC] qlen_enqueue_cpu=1 qlen_enqueue_net=1 time_in_queue=0.000
[490][GREEDY] STARLINK-11724 [DTC] -> STARLINK-32442 | Tramission-time: 0.0011553143759076392
[490] Energy routing consumed by STARLINK-11724 [DTC]: 0.000000 J (remaining 119465.60)
[MODE: BIDIRECTIONAL]
[490][GREEDY] CONSEGNATO! STARLINK-32442 -> OBS | Tramission-time: 1.964926719174566e-10
[248.363] Task 492 enqueued on NET STARLINK-33881 qlen_enqueue_net=1
[Task 492] Task eseguito su STARLINK-33881 43.11057880376345 degrees | CPU=538.2464J, NET=0.0065J, TOTAL=538.2529J, Remaining=119313.72J
[248.370] Task 492 served on STARLINK-33881 qlen_enqueue_cpu=1 qlen_enqueue_net=1 time_in_queue=0.000
[492][GREEDY] STARLINK-33881 -> STARLINK-32442 | Tramission-time: 0.0008777883567714437
[492] Energy routing consumed by STARLINK-33881: 0.000000 J (remaining 119313.72)
[MODE: BIDIRECTIONAL]
[492][GREEDY] CONSEGNATO! STARLINK-32442 -> OBS | Tramission-time: 5.565550891046542e-09
---> Task 493 (Type: CPU_Intensive) arriva in 249.09
--- [249.09] Task 493 using SearchNode Policy: v1_heuristic ---
[493] Filtro euristico: DTS-TMAX
[249.09] [Task 493] Routed STARLINK-2388 -> STARLINK-11724 [DTC] | E_NET=0.000016 J | Remaining=118237.88 J
[249.094] Task 493 enqueued on CPU STARLINK-11724 [DTC] qlen_enqueue=1
---> Task 494 (Type: CPU_Intensive) arriva in 249.27
--- [249.27] Task 494 using SearchNode Policy: v1_heuristic ---
[494] Filtro euristico: DTS-TMAX
[249.27] [Task 494] Routed STARLINK-2388 -> STARLINK-33881 | E_NET=0.000008 J | Remaining=118237.88 J
[249.274] Task 494 enqueued on CPU STARLINK-33881 qlen_enqueue=1
[Task 494] Task eseguito su STARLINK-33881 43.11057880376345 degrees | CPU=30.5054J, NET=0.0000J, TOTAL=30.5054J, Remaining=119283.22J
[249.304] Task 494 served on STARLINK-33881 qlen_enqueue_cpu=1 qlen_enqueue_net=None time_in_queue=0.000
[494][GREEDY] STARLINK-33881 -> STARLINK-32442 | Tramission-time: 0.0008777831682843516
[494] Energy routing consumed by STARLINK-33881: 0.000000 J (remaining 119283.22)
---> Task 495 (Type: Generic_Service) arriva in 249.40
--- [249.40] Task 495 using SearchNode Policy: v1_heuristic ---
[495] Filtro euristico: DTS-TMAX
[249.40] [Task 495] Routed STARLINK-2388 -> STARLINK-33881 | E_NET=0.000037 J | Remaining=118237.88 J
[249.405] Task 495 enqueued on CPU STARLINK-33881 qlen_enqueue=1
[MODE: BIDIRECTIONAL]
[494][GREEDY] CONSEGNATO! STARLINK-32442 -> OBS | Tramission-time: 7.284069265889953e-12
---> Task 496 (Type: Generic_Service) arriva in 249.45
--- [249.45] Task 496 using SearchNode Policy: v1_heuristic ---
[496] Filtro euristico: DTS-TMAX
[249.45] [Task 496] Routed STARLINK-2388 -> STARLINK-33881 | E_NET=0.000018 J | Remaining=118237.88 J
[249.454] Task 496 enqueued on CPU STARLINK-33881 qlen_enqueue=2
[Task 495] Task eseguito su STARLINK-33881 43.11057880376345 degrees | CPU=54.6242J, NET=0.0000J, TOTAL=54.6242J, Remaining=119228.59J
[249.461] Task 495 served on STARLINK-33881 qlen_enqueue_cpu=1 qlen_enqueue_net=None time_in_queue=0.000
[495][GREEDY] STARLINK-33881 -> STARLINK-32442 | Tramission-time: 0.0008777831967476895
[495] Energy routing consumed by STARLINK-33881: 0.000000 J (remaining 119228.59)
[Task 496] Task eseguito su STARLINK-33881 43.11057880376345 degrees | CPU=93.3924J, NET=0.0000J, TOTAL=93.3925J, Remaining=119135.20J
[249.545] Task 496 served on STARLINK-33881 qlen_enqueue_cpu=2 qlen_enqueue_net=None time_in_queue=0.000
[Task 493] Task eseguito su STARLINK-11724 [DTC] 54.64082266656546 degrees | CPU=542.5875J, NET=0.0000J, TOTAL=542.5876J, Remaining=118923.01J
[249.622] Task 493 served on STARLINK-11724 [DTC] qlen_enqueue_cpu=1 qlen_enqueue_net=None time_in_queue=0.000
[MODE: BIDIRECTIONAL]
[495][GREEDY] CONSEGNATO! STARLINK-32442 -> OBS | Tramission-time: 2.8337935527334616e-11
[493][GREEDY] STARLINK-11724 [DTC] -> STARLINK-32442 | Tramission-time: 0.0011553141455353472
[493] Energy routing consumed by STARLINK-11724 [DTC]: 0.000000 J (remaining 118923.01)
[496][GREEDY] STARLINK-33881 -> STARLINK-32442 | Tramission-time: 0.0008777831767295039
[496] Energy routing consumed by STARLINK-33881: 0.000000 J (remaining 119135.20)
[MODE: BIDIRECTIONAL]
[493][GREEDY] CONSEGNATO! STARLINK-32442 -> OBS | Tramission-time: 1.4622514959972893e-11
---> Task 497 (Type: CPU_Intensive) arriva in 249.81
--- [249.81] Task 497 using SearchNode Policy: v1_heuristic ---
[497] Filtro euristico: DTS-TMAX
[249.81] [Task 497] Routed STARLINK-2388 -> STARLINK-33881 | E_NET=0.000024 J | Remaining=118237.88 J
[249.816] Task 497 enqueued on CPU STARLINK-33881 qlen_enqueue=1
[MODE: BIDIRECTIONAL]
[496][GREEDY] CONSEGNATO! STARLINK-32442 -> OBS | Tramission-time: 1.3002584416905379e-11
---> Task 498 (Type: Generic_Service) arriva in 249.98
--- [249.98] Task 498 using SearchNode Policy: v1_heuristic ---
[498] Filtro euristico: DTS-TMAX
[249.98] [Task 498] Routed STARLINK-2388 -> STARLINK-11724 [DTC] | E_NET=0.000011 J | Remaining=118237.88 J
[249.982] Task 498 enqueued on CPU STARLINK-11724 [DTC] qlen_enqueue=1
----------------------------------------------------------------------
	||TIME IN SIMULATION : (seconds:250) (minutes: 4) ||

MODIFICA CONFIGURAZIONE IN CORSO...

Aggiornato il Tempo Globale:  2025-11-20 20:59:24
[Task 498] Task eseguito su STARLINK-11724 [DTC] 54.27497180072396 degrees | CPU=18.5591J, NET=0.0000J, TOTAL=18.5591J, Remaining=118904.45J
[250.001] Task 498 served on STARLINK-11724 [DTC] qlen_enqueue_cpu=1 qlen_enqueue_net=None time_in_queue=0.000
[498][GREEDY] STARLINK-11724 [DTC] -> STARLINK-32442 | Tramission-time: 0.0011500167152482467
[498] Energy routing consumed by STARLINK-11724 [DTC]: 0.000000 J (remaining 118904.45)
[MODE: BIDIRECTIONAL]
[498][GREEDY] CONSEGNATO! STARLINK-32442 -> OBS | Tramission-time: 9.329813489504793e-12
---> Task 499 (Type: Generic_Service) arriva in 250.17
--- [250.17] Task 499 using SearchNode Policy: v1_heuristic ---
[499] Filtro euristico: DTS-TMAX
[250.17] [Task 499] Routed STARLINK-2388 -> STARLINK-11724 [DTC] | E_NET=0.000013 J | Remaining=118237.88 J
[250.167] Task 499 enqueued on CPU STARLINK-11724 [DTC] qlen_enqueue=1
[Task 499] Task eseguito su STARLINK-11724 [DTC] 54.27497180072396 degrees | CPU=15.4428J, NET=0.0000J, TOTAL=15.4428J, Remaining=118889.01J
[250.183] Task 499 served on STARLINK-11724 [DTC] qlen_enqueue_cpu=1 qlen_enqueue_net=None time_in_queue=0.000
[499][GREEDY] STARLINK-11724 [DTC] -> STARLINK-32442 | Tramission-time: 0.0011500167155500001
[499] Energy routing consumed by STARLINK-11724 [DTC]: 0.000000 J (remaining 118889.01)
[MODE: BIDIRECTIONAL]
[499][GREEDY] CONSEGNATO! STARLINK-32442 -> OBS | Tramission-time: 1.2286281821846027e-11
[Task 497] Task eseguito su STARLINK-33881 43.99471149800731 degrees | CPU=555.6330J, NET=0.0000J, TOTAL=555.6330J, Remaining=118579.57J
[250.357] Task 497 served on STARLINK-33881 qlen_enqueue_cpu=1 qlen_enqueue_net=None time_in_queue=0.000
[497][GREEDY] STARLINK-33881 -> STARLINK-32442 | Tramission-time: 0.000873157010975582
[497] Energy routing consumed by STARLINK-33881: 0.000000 J (remaining 118579.57)
[MODE: BIDIRECTIONAL]
[497][GREEDY] CONSEGNATO! STARLINK-32442 -> OBS | Tramission-time: 2.0161874644642354e-11
----------------------------------------------------------------------
	||TIME IN SIMULATION : (seconds:252) (minutes: 4) ||

MODIFICA CONFIGURAZIONE IN CORSO...

Aggiornato il Tempo Globale:  2025-11-20 20:59:26
---> Task 500 (Type: CPU_and_Data_Intensive) arriva in 252.13
--- [252.13] Task 500 using SearchNode Policy: v1_heuristic ---
[500] Filtro euristico: DTS-TMAX
[252.13] [Task 500] Routed STARLINK-2388 -> STARLINK-11724 [DTC] | E_NET=0.000069 J | Remaining=118237.88 J
[252.131] Task 500 enqueued on CPU STARLINK-11724 [DTC] qlen_enqueue=1
[252.818] Task 500 enqueued on NET STARLINK-11724 [DTC] qlen_enqueue_net=1
[Task 500] Task eseguito su STARLINK-11724 [DTC] 53.82620475471558 degrees | CPU=708.2207J, NET=0.0001J, TOTAL=708.2208J, Remaining=118180.79J
[252.818] Task 500 served on STARLINK-11724 [DTC] qlen_enqueue_cpu=1 qlen_enqueue_net=1 time_in_queue=0.000
[500][GREEDY] STARLINK-11724 [DTC] -> STARLINK-32442 | Tramission-time: 0.0011449630969137812
[500] Energy routing consumed by STARLINK-11724 [DTC]: 0.000000 J (remaining 118180.79)
[MODE: BIDIRECTIONAL]
[500][GREEDY] CONSEGNATO! STARLINK-32442 -> OBS | Tramission-time: 6.613628953003163e-11
---> Task 501 (Type: CPU_and_Data_Intensive) arriva in 253.29
--- [253.29] Task 501 using SearchNode Policy: v1_heuristic ---
[501] Filtro euristico: DTS-TMAX
[253.29] [Task 501] Routed STARLINK-2388 -> STARLINK-33881 | E_NET=0.000793 J | Remaining=118237.88 J
[253.290] Task 501 enqueued on CPU STARLINK-33881 qlen_enqueue=1
[253.393] Task 501 enqueued on NET STARLINK-33881 qlen_enqueue_net=1
[Task 501] Task eseguito su STARLINK-33881 44.90111868112331 degrees | CPU=105.4692J, NET=0.0010J, TOTAL=105.4702J, Remaining=118474.10J
[253.394] Task 501 served on STARLINK-33881 qlen_enqueue_cpu=1 qlen_enqueue_net=1 time_in_queue=0.000
[501][GREEDY] STARLINK-33881 -> STARLINK-32442 | Tramission-time: 0.0008702631736405485
[501] Energy routing consumed by STARLINK-33881: 0.000000 J (remaining 118474.10)
[MODE: BIDIRECTIONAL]
[501][GREEDY] CONSEGNATO! STARLINK-32442 -> OBS | Tramission-time: 9.041706736302975e-10
----------------------------------------------------------------------
	||TIME IN SIMULATION : (seconds:254) (minutes: 4) ||

MODIFICA CONFIGURAZIONE IN CORSO...

Aggiornato il Tempo Globale:  2025-11-20 20:59:28
---> Task 502 (Type: CPU_and_Data_Intensive) arriva in 254.12
--- [254.12] Task 502 using SearchNode Policy: v1_heuristic ---
[502] Filtro euristico: DTS-TMAX
[254.12] [Task 502] Routed STARLINK-11187 [DTC] -> STARLINK-33816 | E_NET=0.175065 J | Remaining=119999.82 J
[254.296] Task 502 enqueued on CPU STARLINK-33816 qlen_enqueue=1
---> Task 503 (Type: Generic_Service) arriva in 255.55
--- [255.55] Task 503 using SearchNode Policy: v1_heuristic ---
[503] Filtro euristico: DTS-TMAX
[Task 503] Nessun server rimasto dopo i filtri (deadline/sunset).
[Task 503] REJECTED on STARLINK-11187 [DTC] due to: No suitable server found after deadline/sunset filters
[255.858] Task 502 enqueued on NET STARLINK-33816 qlen_enqueue_net=1
---> Task 504 (Type: CPU_and_Data_Intensive) arriva in 255.89
--- [255.89] Task 504 using SearchNode Policy: v1_heuristic ---
[504] Filtro euristico: DTS-TMAX
[255.89] [Task 504] Routed STARLINK-11187 [DTC] -> STARLINK-33881 | E_NET=0.003120 J | Remaining=119999.82 J
[255.895] Task 504 enqueued on CPU STARLINK-33881 qlen_enqueue=1
----------------------------------------------------------------------
	||TIME IN SIMULATION : (seconds:256) (minutes: 4) ||

MODIFICA CONFIGURAZIONE IN CORSO...

Aggiornato il Tempo Globale:  2025-11-20 20:59:30
[Task 502] Task eseguito su STARLINK-33816 78.52302345225996 degrees | CPU=1610.1006J, NET=0.2324J, TOTAL=1610.3329J, Remaining=116689.70J
[256.090] Task 502 served on STARLINK-33816 qlen_enqueue_cpu=1 qlen_enqueue_net=1 time_in_queue=0.000
[502][GREEDY] STARLINK-33816 -> STARLINK-32442 | Tramission-time: 0.0009488144264232046
[502] Energy routing consumed by STARLINK-33816: 0.000000 J (remaining 116689.70)
[MODE: BIDIRECTIONAL]
[502][GREEDY] CONSEGNATO! STARLINK-32442 -> OBS | Tramission-time: 2.0466688161199767e-07
---> Task 505 (Type: CPU_Intensive) arriva in 256.22
--- [256.22] Task 505 using SearchNode Policy: v1_heuristic ---
[505] Filtro euristico: DTS-TMAX
[256.22] [Task 505] Routed STARLINK-11187 [DTC] -> STARLINK-34965 | E_NET=0.000030 J | Remaining=119999.82 J
[256.223] Task 505 enqueued on CPU STARLINK-34965 qlen_enqueue=1
[Task 505] Task eseguito su STARLINK-34965 41.9592319609994 degrees | CPU=105.9186J, NET=0.0000J, TOTAL=105.9186J, Remaining=118176.54J
[256.328] Task 505 served on STARLINK-34965 qlen_enqueue_cpu=1 qlen_enqueue_net=None time_in_queue=0.000
[505][GREEDY] STARLINK-34965 -> STARLINK-32442 | Tramission-time: 0.001354128057497627
[505] Energy routing consumed by STARLINK-34965: 0.000000 J (remaining 118176.54)
[MODE: BIDIRECTIONAL]
[505][GREEDY] CONSEGNATO! STARLINK-32442 -> OBS | Tramission-time: 2.7911990210870968e-11
---> Task 506 (Type: CPU_and_Data_Intensive) arriva in 256.69
--- [256.69] Task 506 using SearchNode Policy: v1_heuristic ---
[506] Filtro euristico: DTS-TMAX
[256.69] [Task 506] Routed STARLINK-11187 [DTC] -> STARLINK-11724 [DTC] | E_NET=0.000987 J | Remaining=119999.82 J
[256.689] Task 506 enqueued on CPU STARLINK-11724 [DTC] qlen_enqueue=1
[256.729] Task 504 enqueued on NET STARLINK-33881 qlen_enqueue_net=1
[Task 504] Task eseguito su STARLINK-33881 46.782394185275315 degrees | CPU=859.2824J, NET=0.0035J, TOTAL=859.2859J, Remaining=117614.81J
[256.732] Task 504 served on STARLINK-33881 qlen_enqueue_cpu=1 qlen_enqueue_net=1 time_in_queue=0.000
[504][GREEDY] STARLINK-33881 -> STARLINK-32442 | Tramission-time: 0.0008697300635096027
[504] Energy routing consumed by STARLINK-33881: 0.000000 J (remaining 117614.81)
[MODE: BIDIRECTIONAL]
[504][GREEDY] CONSEGNATO! STARLINK-32442 -> OBS | Tramission-time: 2.446410906658404e-09
[257.557] Task 506 enqueued on NET STARLINK-11724 [DTC] qlen_enqueue_net=1
[Task 506] Task eseguito su STARLINK-11724 [DTC] 52.70672500476036 degrees | CPU=894.9358J, NET=0.0012J, TOTAL=894.9370J, Remaining=117285.85J
[257.558] Task 506 served on STARLINK-11724 [DTC] qlen_enqueue_cpu=1 qlen_enqueue_net=1 time_in_queue=0.000
---> Task 507 (Type: CPU_and_Data_Intensive) arriva in 257.57
--- [257.57] Task 507 using SearchNode Policy: v1_heuristic ---
[507] Filtro euristico: DTS-TMAX
[Task 507] Nessun server rimasto dopo i filtri (deadline/sunset).
[Task 507] REJECTED on STARLINK-11187 [DTC] due to: No suitable server found after deadline/sunset filters
---> Task 508 (Type: CPU_Intensive) arriva in 257.61
--- [257.61] Task 508 using SearchNode Policy: v1_heuristic ---
[508] Filtro euristico: DTS-TMAX
[257.61] [Task 508] Routed STARLINK-11187 [DTC] -> STARLINK-34965 | E_NET=0.000007 J | Remaining=119999.82 J
[257.608] Task 508 enqueued on CPU STARLINK-34965 qlen_enqueue=1
[506][GREEDY] STARLINK-11724 [DTC] -> STARLINK-32442 | Tramission-time: 0.0011356010611050904
[506] Energy routing consumed by STARLINK-11724 [DTC]: 0.000000 J (remaining 117285.85)
[MODE: BIDIRECTIONAL]
[506][GREEDY] CONSEGNATO! STARLINK-32442 -> OBS | Tramission-time: 8.36165672029315e-10
---> Task 509 (Type: Generic_Service) arriva in 257.83
--- [257.83] Task 509 using SearchNode Policy: v1_heuristic ---
[509] Filtro euristico: DTS-TMAX
[257.83] [Task 509] Routed STARLINK-11187 [DTC] -> STARLINK-30604 | E_NET=0.000006 J | Remaining=119999.82 J
[257.828] Task 509 enqueued on CPU STARLINK-30604 qlen_enqueue=1
[Task 508] Task eseguito su STARLINK-34965 41.9592319609994 degrees | CPU=227.8305J, NET=0.0000J, TOTAL=227.8305J, Remaining=117948.71J
[257.830] Task 508 served on STARLINK-34965 qlen_enqueue_cpu=1 qlen_enqueue_net=None time_in_queue=0.000
[508][GREEDY] STARLINK-34965 -> STARLINK-32442 | Tramission-time: 0.0013541280390926534
[508] Energy routing consumed by STARLINK-34965: 0.000000 J (remaining 117948.71)
[MODE: BIDIRECTIONAL]
[508][GREEDY] CONSEGNATO! STARLINK-32442 -> OBS | Tramission-time: 4.919665445417052e-12
[Task 509] Task eseguito su STARLINK-30604 53.703798124923516 degrees | CPU=87.0339J, NET=0.0000J, TOTAL=87.0339J, Remaining=118069.44J
[257.913] Task 509 served on STARLINK-30604 qlen_enqueue_cpu=1 qlen_enqueue_net=None time_in_queue=0.000
[509][GREEDY] STARLINK-30604 -> STARLINK-32442 | Tramission-time: 0.0007464838003283366
[509] Energy routing consumed by STARLINK-30604: 0.000000 J (remaining 118069.44)
----------------------------------------------------------------------
	||TIME IN SIMULATION : (seconds:258) (minutes: 4) ||

MODIFICA CONFIGURAZIONE IN CORSO...

Aggiornato il Tempo Globale:  2025-11-20 20:59:32
[MODE: BIDIRECTIONAL]
[509][GREEDY] CONSEGNATO! STARLINK-32442 -> OBS | Tramission-time: 4.619451237133676e-12
---> Task 510 (Type: CPU_and_Data_Intensive) arriva in 258.07
--- [258.07] Task 510 using SearchNode Policy: v1_heuristic ---
[510] Filtro euristico: DTS-TMAX
[258.07] [Task 510] Routed STARLINK-11187 [DTC] -> STARLINK-6203 | E_NET=0.000377 J | Remaining=119999.82 J
[258.070] Task 510 enqueued on CPU STARLINK-6203 qlen_enqueue=1
[258.398] Task 510 enqueued on NET STARLINK-6203 qlen_enqueue_net=1
[Task 510] Task eseguito su STARLINK-6203 65.61839271209199 degrees | CPU=338.0073J, NET=0.0005J, TOTAL=338.0078J, Remaining=117807.62J
[258.399] Task 510 served on STARLINK-6203 qlen_enqueue_cpu=1 qlen_enqueue_net=1 time_in_queue=0.000
[510][GREEDY] STARLINK-6203 -> STARLINK-32442 | Tramission-time: 0.0014916425418337908
[510] Energy routing consumed by STARLINK-6203: 0.000000 J (remaining 117807.62)
[MODE: BIDIRECTIONAL]
[510][GREEDY] CONSEGNATO! STARLINK-32442 -> OBS | Tramission-time: 4.4609467714508974e-10
---> Task 511 (Type: Generic_Service) arriva in 258.81
--- [258.81] Task 511 using SearchNode Policy: v1_heuristic ---
[511] Filtro euristico: DTS-TMAX
[258.81] [Task 511] Routed STARLINK-11187 [DTC] -> STARLINK-5794 | E_NET=0.000014 J | Remaining=119999.82 J
[258.807] Task 511 enqueued on CPU STARLINK-5794 qlen_enqueue=1
[Task 511] Task eseguito su STARLINK-5794 65.28418349573222 degrees | CPU=120.6284J, NET=0.0000J, TOTAL=120.6284J, Remaining=117956.64J
[258.925] Task 511 served on STARLINK-5794 qlen_enqueue_cpu=1 qlen_enqueue_net=None time_in_queue=0.000
[MODE: BIDIRECTIONAL]
[511][GREEDY] CONSEGNATO! STARLINK-5794 -> OBS | Tramission-time: 1.3317611619102504e-11
---> Task 512 (Type: Generic_Service) arriva in 259.27
--- [259.27] Task 512 using SearchNode Policy: v1_heuristic ---
[512] Filtro euristico: DTS-TMAX
[259.27] [Task 512] Routed STARLINK-11187 [DTC] -> STARLINK-31782 | E_NET=0.000024 J | Remaining=119999.82 J
[259.273] Task 512 enqueued on CPU STARLINK-31782 qlen_enqueue=1
[Task 512] Task eseguito su STARLINK-31782 58.86373280091863 degrees | CPU=71.7408J, NET=0.0000J, TOTAL=71.7408J, Remaining=118002.34J
[259.344] Task 512 served on STARLINK-31782 qlen_enqueue_cpu=1 qlen_enqueue_net=None time_in_queue=0.000
[512][GREEDY] STARLINK-31782 -> STARLINK-32442 | Tramission-time: 0.0015769252957090773
[512] Energy routing consumed by STARLINK-31782: 0.000000 J (remaining 118002.34)
[MODE: BIDIRECTIONAL]
[512][GREEDY] CONSEGNATO! STARLINK-32442 -> OBS | Tramission-time: 1.9898057160053435e-11
---> Task 513 (Type: Generic_Service) arriva in 259.61
--- [259.61] Task 513 using SearchNode Policy: v1_heuristic ---
[513] Filtro euristico: DTS-TMAX
[Task 513] Nessun server rimasto dopo i filtri (deadline/sunset).
[Task 513] REJECTED on STARLINK-11187 [DTC] due to: No suitable server found after deadline/sunset filters
---> Task 514 (Type: Generic_Service) arriva in 259.69
--- [259.69] Task 514 using SearchNode Policy: v1_heuristic ---
[514] Filtro euristico: DTS-TMAX
[259.69] [Task 514] Routed STARLINK-11187 [DTC] -> STARLINK-30604 | E_NET=0.000013 J | Remaining=119999.82 J
[259.689] Task 514 enqueued on CPU STARLINK-30604 qlen_enqueue=1
[Task 514] Task eseguito su STARLINK-30604 54.72261790513377 degrees | CPU=77.8737J, NET=0.0000J, TOTAL=77.8737J, Remaining=117991.57J
[259.766] Task 514 served on STARLINK-30604 qlen_enqueue_cpu=1 qlen_enqueue_net=None time_in_queue=0.000
[514][GREEDY] STARLINK-30604 -> STARLINK-32442 | Tramission-time: 0.0007402833377260409
[514] Energy routing consumed by STARLINK-30604: 0.000000 J (remaining 117991.57)
[MODE: BIDIRECTIONAL]
[514][GREEDY] CONSEGNATO! STARLINK-32442 -> OBS | Tramission-time: 1.2748224475943751e-11
----------------------------------------------------------------------
	||TIME IN SIMULATION : (seconds:260) (minutes: 4) ||

MODIFICA CONFIGURAZIONE IN CORSO...

Aggiornato il Tempo Globale:  2025-11-20 20:59:34
---> Task 515 (Type: Generic_Service) arriva in 260.05
--- [260.05] Task 515 using SearchNode Policy: v1_heuristic ---
[515] Filtro euristico: DTS-TMAX
[260.05] [Task 515] Routed STARLINK-11187 [DTC] -> STARLINK-4466 | E_NET=0.000016 J | Remaining=119999.82 J
[260.056] Task 515 enqueued on CPU STARLINK-4466 qlen_enqueue=1
[Task 515] Task eseguito su STARLINK-4466 48.25806109570679 degrees | CPU=29.7319J, NET=0.0000J, TOTAL=29.7319J, Remaining=118978.81J
[260.086] Task 515 served on STARLINK-4466 qlen_enqueue_cpu=1 qlen_enqueue_net=None time_in_queue=0.000
[515][GREEDY] STARLINK-4466 -> STARLINK-32442 | Tramission-time: 0.0021857127664688656
[515] Energy routing consumed by STARLINK-4466: 0.000000 J (remaining 118978.81)
---> Task 516 (Type: CPU_Intensive) arriva in 260.24
--- [260.24] Task 516 using SearchNode Policy: v1_heuristic ---
[516] Filtro euristico: DTS-TMAX
[260.24] [Task 516] Routed STARLINK-11187 [DTC] -> STARLINK-4466 | E_NET=0.000025 J | Remaining=119999.82 J
[260.246] Task 516 enqueued on CPU STARLINK-4466 qlen_enqueue=1
[MODE: BIDIRECTIONAL]
[515][GREEDY] CONSEGNATO! STARLINK-32442 -> OBS | Tramission-time: 1.5926307950369885e-11
---> Task 517 (Type: CPU_and_Data_Intensive) arriva in 260.38
--- [260.38] Task 517 using SearchNode Policy: v1_heuristic ---
[517] Filtro euristico: DTS-TMAX
[260.38] [Task 517] Routed STARLINK-11187 [DTC] -> STARLINK-4476 | E_NET=0.004479 J | Remaining=119999.82 J
[260.387] Task 517 enqueued on CPU STARLINK-4476 qlen_enqueue=1
---> Task 518 (Type: CPU_and_Data_Intensive) arriva in 260.50
--- [260.50] Task 518 using SearchNode Policy: v1_heuristic ---
[518] Filtro euristico: DTS-TMAX
[260.50] [Task 518] Routed STARLINK-11187 [DTC] -> STARLINK-2647 | E_NET=0.110241 J | Remaining=119999.71 J
[260.616] Task 518 enqueued on CPU STARLINK-2647 qlen_enqueue=1
[Task 516] Task eseguito su STARLINK-4466 48.25806109570679 degrees | CPU=382.8090J, NET=0.0000J, TOTAL=382.8090J, Remaining=118596.01J
[260.619] Task 516 served on STARLINK-4466 qlen_enqueue_cpu=1 qlen_enqueue_net=None time_in_queue=0.000
[516][GREEDY] STARLINK-4466 -> STARLINK-32442 | Tramission-time: 0.002185712777638522
[516] Energy routing consumed by STARLINK-4466: 0.000000 J (remaining 118596.01)
[MODE: BIDIRECTIONAL]
[516][GREEDY] CONSEGNATO! STARLINK-32442 -> OBS | Tramission-time: 2.2722505529976023e-11
---> Task 519 (Type: Generic_Service) arriva in 261.06
--- [261.06] Task 519 using SearchNode Policy: v1_heuristic ---
[519] Filtro euristico: DTS-TMAX
[Task 519] Nessun server rimasto dopo i filtri (deadline/sunset).
[Task 519] REJECTED on STARLINK-11187 [DTC] due to: No suitable server found after deadline/sunset filters
[261.114] Task 517 enqueued on NET STARLINK-4476 qlen_enqueue_net=1
[Task 517] Task eseguito su STARLINK-4476 52.97704258287726 degrees | CPU=749.1705J, NET=0.0063J, TOTAL=749.1768J, Remaining=117284.96J
[261.120] Task 517 served on STARLINK-4476 qlen_enqueue_cpu=1 qlen_enqueue_net=1 time_in_queue=0.000
[517][GREEDY] STARLINK-4476 -> STARLINK-32442 | Tramission-time: 0.0007906814634137632
[517] Energy routing consumed by STARLINK-4476: 0.000000 J (remaining 117284.96)
[MODE: BIDIRECTIONAL]
[517][GREEDY] CONSEGNATO! STARLINK-32442 -> OBS | Tramission-time: 5.204276016011797e-09
[261.326] Task 518 enqueued on NET STARLINK-2647 qlen_enqueue_net=1
[Task 518] Task eseguito su STARLINK-2647 72.92075223568077 degrees | CPU=732.1700J, NET=0.1574J, TOTAL=732.3274J, Remaining=117263.86J
[261.483] Task 518 served on STARLINK-2647 qlen_enqueue_cpu=1 qlen_enqueue_net=1 time_in_queue=0.000
[MODE: BIDIRECTIONAL]
[518][GREEDY] CONSEGNATO! STARLINK-2647 -> OBS | Tramission-time: 1.0832811817092864e-07
---> Task 520 (Type: CPU_Intensive) arriva in 261.56
--- [261.56] Task 520 using SearchNode Policy: v1_heuristic ---
[520] Filtro euristico: DTS-TMAX
[261.56] [Task 520] Routed STARLINK-11187 [DTC] -> STARLINK-4466 | E_NET=0.000007 J | Remaining=119999.71 J
[261.563] Task 520 enqueued on CPU STARLINK-4466 qlen_enqueue=1
---> Task 521 (Type: Generic_Service) arriva in 261.88
--- [261.88] Task 521 using SearchNode Policy: v1_heuristic ---
[521] Filtro euristico: DTS-TMAX
[261.88] [Task 521] Routed STARLINK-11187 [DTC] -> STARLINK-31782 | E_NET=0.000036 J | Remaining=119999.71 J
[261.880] Task 521 enqueued on CPU STARLINK-31782 qlen_enqueue=1
[Task 521] Task eseguito su STARLINK-31782 57.75872902468373 degrees | CPU=61.9802J, NET=0.0000J, TOTAL=61.9802J, Remaining=117940.36J
[261.942] Task 521 served on STARLINK-31782 qlen_enqueue_cpu=1 qlen_enqueue_net=None time_in_queue=0.000
[521][GREEDY] STARLINK-31782 -> STARLINK-32442 | Tramission-time: 0.0015994305220825135
[521] Energy routing consumed by STARLINK-31782: 0.000000 J (remaining 117940.36)
[MODE: BIDIRECTIONAL]
[521][GREEDY] CONSEGNATO! STARLINK-32442 -> OBS | Tramission-time: 2.591595442202402e-11
----------------------------------------------------------------------
	||TIME IN SIMULATION : (seconds:262) (minutes: 4) ||

MODIFICA CONFIGURAZIONE IN CORSO...

Aggiornato il Tempo Globale:  2025-11-20 20:59:36
[Task 520] Task eseguito su STARLINK-4466 49.07022475856321 degrees | CPU=894.0264J, NET=0.0000J, TOTAL=894.0264J, Remaining=117701.98J
[262.431] Task 520 served on STARLINK-4466 qlen_enqueue_cpu=1 qlen_enqueue_net=None time_in_queue=0.000
[520][GREEDY] STARLINK-4466 -> STARLINK-32442 | Tramission-time: 0.002138628221185038
[520] Energy routing consumed by STARLINK-4466: 0.000000 J (remaining 117701.98)
[MODE: BIDIRECTIONAL]
[520][GREEDY] CONSEGNATO! STARLINK-32442 -> OBS | Tramission-time: 8.179077603070637e-12
---> Task 522 (Type: CPU_Intensive) arriva in 262.95
--- [262.95] Task 522 using SearchNode Policy: v1_heuristic ---
[522] Filtro euristico: DTS-TMAX
[262.95] [Task 522] Routed STARLINK-11187 [DTC] -> STARLINK-30604 | E_NET=0.000011 J | Remaining=119999.71 J
[262.956] Task 522 enqueued on CPU STARLINK-30604 qlen_enqueue=1
[Task 522] Task eseguito su STARLINK-30604 56.8241293872349 degrees | CPU=483.2991J, NET=0.0000J, TOTAL=483.2991J, Remaining=117508.27J
[263.426] Task 522 served on STARLINK-30604 qlen_enqueue_cpu=1 qlen_enqueue_net=None time_in_queue=0.000
[522][GREEDY] STARLINK-30604 -> STARLINK-32442 | Tramission-time: 0.0007347437127133306
[522] Energy routing consumed by STARLINK-30604: 0.000000 J (remaining 117508.27)
[MODE: BIDIRECTIONAL]
[522][GREEDY] CONSEGNATO! STARLINK-32442 -> OBS | Tramission-time: 1.106115489918927e-11
----------------------------------------------------------------------
	||TIME IN SIMULATION : (seconds:264) (minutes: 4) ||

MODIFICA CONFIGURAZIONE IN CORSO...

Aggiornato il Tempo Globale:  2025-11-20 20:59:38
---> Task 523 (Type: CPU_and_Data_Intensive) arriva in 264.14
--- [264.14] Task 523 using SearchNode Policy: v1_heuristic ---
[523] Filtro euristico: DTS-TMAX
[264.14] [Task 523] Routed STARLINK-11187 [DTC] -> STARLINK-5108 | E_NET=0.000130 J | Remaining=119999.71 J
[264.137] Task 523 enqueued on CPU STARLINK-5108 qlen_enqueue=1
---> Task 524 (Type: CPU_Intensive) arriva in 265.22
--- [265.22] Task 524 using SearchNode Policy: v1_heuristic ---
[524] Filtro euristico: DTS-TMAX
[265.22] [Task 524] Routed STARLINK-11187 [DTC] -> STARLINK-5794 | E_NET=0.000011 J | Remaining=119999.71 J
[265.224] Task 524 enqueued on CPU STARLINK-5794 qlen_enqueue=1
[Task 524] Task eseguito su STARLINK-5794 68.78779204199836 degrees | CPU=25.3748J, NET=0.0000J, TOTAL=25.3748J, Remaining=117931.26J
[265.249] Task 524 served on STARLINK-5794 qlen_enqueue_cpu=1 qlen_enqueue_net=None time_in_queue=0.000
[MODE: BIDIRECTIONAL]
[524][GREEDY] CONSEGNATO! STARLINK-5794 -> OBS | Tramission-time: 1.1292518125622359e-11
---> Task 525 (Type: CPU_Intensive) arriva in 265.38
--- [265.38] Task 525 using SearchNode Policy: v1_heuristic ---
[525] Filtro euristico: DTS-TMAX
[265.38] [Task 525] Routed STARLINK-11187 [DTC] -> STARLINK-5794 | E_NET=0.000014 J | Remaining=119999.71 J
[265.383] Task 525 enqueued on CPU STARLINK-5794 qlen_enqueue=1
[Task 525] Task eseguito su STARLINK-5794 68.78779204199836 degrees | CPU=18.3385J, NET=0.0000J, TOTAL=18.3386J, Remaining=117912.93J
[265.402] Task 525 served on STARLINK-5794 qlen_enqueue_cpu=1 qlen_enqueue_net=None time_in_queue=0.000
[MODE: BIDIRECTIONAL]
[525][GREEDY] CONSEGNATO! STARLINK-5794 -> OBS | Tramission-time: 1.1216158485043802e-11
---> Task 526 (Type: CPU_and_Data_Intensive) arriva in 265.48
--- [265.48] Task 526 using SearchNode Policy: v1_heuristic ---
[526] Filtro euristico: DTS-TMAX
[265.48] [Task 526] Routed STARLINK-11187 [DTC] -> STARLINK-31782 | E_NET=0.000028 J | Remaining=119999.71 J
[265.487] Task 526 enqueued on CPU STARLINK-31782 qlen_enqueue=1
[265.585] Task 526 enqueued on NET STARLINK-31782 qlen_enqueue_net=1
[Task 526] Task eseguito su STARLINK-31782 55.57516982989303 degrees | CPU=101.1132J, NET=0.0000J, TOTAL=101.1132J, Remaining=117839.25J
[265.585] Task 526 served on STARLINK-31782 qlen_enqueue_cpu=1 qlen_enqueue_net=1 time_in_queue=0.000
[526][GREEDY] STARLINK-31782 -> STARLINK-32442 | Tramission-time: 0.0016454562283313517
[526] Energy routing consumed by STARLINK-31782: 0.000000 J (remaining 117839.25)
[MODE: BIDIRECTIONAL]
[526][GREEDY] CONSEGNATO! STARLINK-32442 -> OBS | Tramission-time: 3.006324264551475e-11
----------------------------------------------------------------------
	||TIME IN SIMULATION : (seconds:266) (minutes: 4) ||

MODIFICA CONFIGURAZIONE IN CORSO...

Aggiornato il Tempo Globale:  2025-11-20 20:59:40
---> Task 527 (Type: CPU_and_Data_Intensive) arriva in 266.15
--- [266.15] Task 527 using SearchNode Policy: v1_heuristic ---
[527] Filtro euristico: DTS-TMAX
[Task 527] Nessun server rimasto dopo i filtri (deadline/sunset).
[Task 527] REJECTED on STARLINK-11187 [DTC] due to: No suitable server found after deadline/sunset filters
---> Task 528 (Type: CPU_Intensive) arriva in 266.90
--- [266.90] Task 528 using SearchNode Policy: v1_heuristic ---
[528] Filtro euristico: DTS-TMAX
[266.90] [Task 528] Routed STARLINK-11187 [DTC] -> STARLINK-31909 | E_NET=0.000011 J | Remaining=119999.71 J
[266.904] Task 528 enqueued on CPU STARLINK-31909 qlen_enqueue=1
[267.130] Task 523 enqueued on NET STARLINK-5108 qlen_enqueue_net=1
[Task 523] Task eseguito su STARLINK-5108 68.21984777737686 degrees | CPU=3085.7577J, NET=0.0002J, TOTAL=3085.7579J, Remaining=114897.25J
[267.131] Task 523 served on STARLINK-5108 qlen_enqueue_cpu=1 qlen_enqueue_net=1 time_in_queue=0.000
[MODE: BIDIRECTIONAL]
[523][GREEDY] CONSEGNATO! STARLINK-5108 -> OBS | Tramission-time: 1.3940034224477198e-10
[Task 528] Task eseguito su STARLINK-31909 40.09963644577974 degrees | CPU=518.0274J, NET=0.0000J, TOTAL=518.0274J, Remaining=119481.97J
[267.407] Task 528 served on STARLINK-31909 qlen_enqueue_cpu=1 qlen_enqueue_net=None time_in_queue=0.000
[528][GREEDY] STARLINK-31909 -> STARLINK-32442 | Tramission-time: 0.0015331684992822996
[528] Energy routing consumed by STARLINK-31909: 0.000000 J (remaining 119481.97)
[MODE: BIDIRECTIONAL]
[528][GREEDY] CONSEGNATO! STARLINK-32442 -> OBS | Tramission-time: 1.3051116222588423e-11
----------------------------------------------------------------------
	||TIME IN SIMULATION : (seconds:268) (minutes: 4) ||

MODIFICA CONFIGURAZIONE IN CORSO...

Aggiornato il Tempo Globale:  2025-11-20 20:59:42
---> Task 529 (Type: CPU_and_Data_Intensive) arriva in 268.01
--- [268.01] Task 529 using SearchNode Policy: v1_heuristic ---
[529] Filtro euristico: DTS-TMAX
[Task 529] Nessun server rimasto dopo i filtri (deadline/sunset).
[Task 529] REJECTED on STARLINK-11187 [DTC] due to: No suitable server found after deadline/sunset filters
---> Task 530 (Type: Generic_Service) arriva in 268.24
--- [268.24] Task 530 using SearchNode Policy: v1_heuristic ---
[530] Filtro euristico: DTS-TMAX
[268.24] [Task 530] Routed STARLINK-11187 [DTC] -> STARLINK-31909 | E_NET=0.000007 J | Remaining=119999.71 J
[268.244] Task 530 enqueued on CPU STARLINK-31909 qlen_enqueue=1
[Task 530] Task eseguito su STARLINK-31909 40.88819988591809 degrees | CPU=24.4462J, NET=0.0000J, TOTAL=24.4462J, Remaining=119457.53J
[268.268] Task 530 served on STARLINK-31909 qlen_enqueue_cpu=1 qlen_enqueue_net=None time_in_queue=0.000
[530][GREEDY] STARLINK-31909 -> STARLINK-32442 | Tramission-time: 0.0015402650646674718
[530] Energy routing consumed by STARLINK-31909: 0.000000 J (remaining 119457.53)
[MODE: BIDIRECTIONAL]
[530][GREEDY] CONSEGNATO! STARLINK-32442 -> OBS | Tramission-time: 7.541689784079819e-12
---> Task 531 (Type: CPU_Intensive) arriva in 268.49
--- [268.49] Task 531 using SearchNode Policy: v1_heuristic ---
[531] Filtro euristico: DTS-TMAX
[268.49] [Task 531] Routed STARLINK-11187 [DTC] -> STARLINK-31909 | E_NET=0.000015 J | Remaining=119999.71 J
[268.493] Task 531 enqueued on CPU STARLINK-31909 qlen_enqueue=1
[Task 531] Task eseguito su STARLINK-31909 40.88819988591809 degrees | CPU=21.8557J, NET=0.0000J, TOTAL=21.8557J, Remaining=119435.67J
[268.516] Task 531 served on STARLINK-31909 qlen_enqueue_cpu=1 qlen_enqueue_net=None time_in_queue=0.000
[531][GREEDY] STARLINK-31909 -> STARLINK-32442 | Tramission-time: 0.0015402650702522596
[531] Energy routing consumed by STARLINK-31909: 0.000000 J (remaining 119435.67)
[MODE: BIDIRECTIONAL]
[531][GREEDY] CONSEGNATO! STARLINK-32442 -> OBS | Tramission-time: 1.7050423582623896e-11
---> Task 532 (Type: CPU_Intensive) arriva in 269.05
--- [269.05] Task 532 using SearchNode Policy: v1_heuristic ---
[532] Filtro euristico: DTS-TMAX
[269.05] [Task 532] Routed STARLINK-11187 [DTC] -> STARLINK-31909 | E_NET=0.000026 J | Remaining=119999.71 J
[269.055] Task 532 enqueued on CPU STARLINK-31909 qlen_enqueue=1
---> Task 533 (Type: Generic_Service) arriva in 269.28
--- [269.28] Task 533 using SearchNode Policy: v1_heuristic ---
[533] Filtro euristico: DTS-TMAX
[269.28] [Task 533] Routed STARLINK-11187 [DTC] -> STARLINK-5794 | E_NET=0.000032 J | Remaining=119999.71 J
[269.279] Task 533 enqueued on CPU STARLINK-5794 qlen_enqueue=1
[Task 533] Task eseguito su STARLINK-5794 71.1310442907953 degrees | CPU=32.9559J, NET=0.0000J, TOTAL=32.9560J, Remaining=117879.97J
[269.314] Task 533 served on STARLINK-5794 qlen_enqueue_cpu=1 qlen_enqueue_net=None time_in_queue=0.000
[MODE: BIDIRECTIONAL]
[533][GREEDY] CONSEGNATO! STARLINK-5794 -> OBS | Tramission-time: 2.4062572199422276e-11
[Task 532] Task eseguito su STARLINK-31909 40.88819988591809 degrees | CPU=390.3850J, NET=0.0000J, TOTAL=390.3851J, Remaining=119045.29J
[269.436] Task 532 served on STARLINK-31909 qlen_enqueue_cpu=1 qlen_enqueue_net=None time_in_queue=0.000
[532][GREEDY] STARLINK-31909 -> STARLINK-32442 | Tramission-time: 0.0015402650839174928
[532] Energy routing consumed by STARLINK-31909: 0.000000 J (remaining 119045.29)
---> Task 534 (Type: Generic_Service) arriva in 269.55
--- [269.55] Task 534 using SearchNode Policy: v1_heuristic ---
[534] Filtro euristico: DTS-TMAX
[Task 534] Nessun server rimasto dopo i filtri (deadline/sunset).
[Task 534] REJECTED on STARLINK-11187 [DTC] due to: No suitable server found after deadline/sunset filters
[MODE: BIDIRECTIONAL]
[532][GREEDY] CONSEGNATO! STARLINK-32442 -> OBS | Tramission-time: 2.5837876593231643e-11
---> Task 535 (Type: Generic_Service) arriva in 269.98
--- [269.98] Task 535 using SearchNode Policy: v1_heuristic ---
[535] Filtro euristico: DTS-TMAX
[269.98] [Task 535] Routed STARLINK-11187 [DTC] -> STARLINK-31909 | E_NET=0.000028 J | Remaining=119999.71 J
[269.982] Task 535 enqueued on CPU STARLINK-31909 qlen_enqueue=1
----------------------------------------------------------------------
	||TIME IN SIMULATION : (seconds:270) (minutes: 4) ||

MODIFICA CONFIGURAZIONE IN CORSO...

Aggiornato il Tempo Globale:  2025-11-20 20:59:44
[Task 535] Task eseguito su STARLINK-31909 41.69535746363761 degrees | CPU=34.4532J, NET=0.0000J, TOTAL=34.4532J, Remaining=119010.83J
[270.018] Task 535 served on STARLINK-31909 qlen_enqueue_cpu=1 qlen_enqueue_net=None time_in_queue=0.000
[535][GREEDY] STARLINK-31909 -> STARLINK-32442 | Tramission-time: 0.0015480152437603537
[535] Energy routing consumed by STARLINK-31909: 0.000000 J (remaining 119010.83)
---> Task 536 (Type: CPU_and_Data_Intensive) arriva in 270.16
--- [270.16] Task 536 using SearchNode Policy: v1_heuristic ---
[536] Filtro euristico: DTS-TMAX
[270.16] [Task 536] Routed STARLINK-11187 [DTC] -> STARLINK-31909 | E_NET=0.000383 J | Remaining=119999.70 J
[270.159] Task 536 enqueued on CPU STARLINK-31909 qlen_enqueue=1
[MODE: BIDIRECTIONAL]
[535][GREEDY] CONSEGNATO! STARLINK-32442 -> OBS | Tramission-time: 2.9772258758956315e-11
[270.853] Task 536 enqueued on NET STARLINK-31909 qlen_enqueue_net=1
[Task 536] Task eseguito su STARLINK-31909 41.69535746363761 degrees | CPU=715.5387J, NET=0.0004J, TOTAL=715.5391J, Remaining=118295.29J
[270.854] Task 536 served on STARLINK-31909 qlen_enqueue_cpu=1 qlen_enqueue_net=1 time_in_queue=0.000
[536][GREEDY] STARLINK-31909 -> STARLINK-32442 | Tramission-time: 0.0015480154684845535
[536] Energy routing consumed by STARLINK-31909: 0.000000 J (remaining 118295.29)
[MODE: BIDIRECTIONAL]
[536][GREEDY] CONSEGNATO! STARLINK-32442 -> OBS | Tramission-time: 2.9888878500363846e-10
---> Task 537 (Type: Generic_Service) arriva in 271.19
--- [271.19] Task 537 using SearchNode Policy: v1_heuristic ---
[537] Filtro euristico: DTS-TMAX
[271.19] [Task 537] Routed STARLINK-11187 [DTC] -> STARLINK-31909 | E_NET=0.000021 J | Remaining=119999.70 J
[271.190] Task 537 enqueued on CPU STARLINK-31909 qlen_enqueue=1
[Task 537] Task eseguito su STARLINK-31909 41.69535746363761 degrees | CPU=26.8304J, NET=0.0000J, TOTAL=26.8304J, Remaining=118268.46J
[271.217] Task 537 served on STARLINK-31909 qlen_enqueue_cpu=1 qlen_enqueue_net=None time_in_queue=0.000
[537][GREEDY] STARLINK-31909 -> STARLINK-32442 | Tramission-time: 0.0015480152259057106
[537] Energy routing consumed by STARLINK-31909: 0.000000 J (remaining 118268.46)
[MODE: BIDIRECTIONAL]
[537][GREEDY] CONSEGNATO! STARLINK-32442 -> OBS | Tramission-time: 1.7716429931274773e-11
---> Task 538 (Type: CPU_and_Data_Intensive) arriva in 271.88
--- [271.88] Task 538 using SearchNode Policy: v1_heuristic ---
[538] Filtro euristico: DTS-TMAX
[Task 538] Nessun server rimasto dopo i filtri (deadline/sunset).
[Task 538] REJECTED on STARLINK-11187 [DTC] due to: No suitable server found after deadline/sunset filters
----------------------------------------------------------------------
	||TIME IN SIMULATION : (seconds:272) (minutes: 4) ||

MODIFICA CONFIGURAZIONE IN CORSO...

Aggiornato il Tempo Globale:  2025-11-20 20:59:46
---> Task 539 (Type: CPU_and_Data_Intensive) arriva in 272.55
--- [272.55] Task 539 using SearchNode Policy: v1_heuristic ---
[539] Filtro euristico: DTS-TMAX
[Task 539] Nessun server rimasto dopo i filtri (deadline/sunset).
[Task 539] REJECTED on STARLINK-5794 due to: No suitable server found after deadline/sunset filters
---> Task 540 (Type: CPU_and_Data_Intensive) arriva in 272.78
--- [272.78] Task 540 using SearchNode Policy: v1_heuristic ---
[540] Filtro euristico: DTS-TMAX
[272.78] [Task 540] Routed STARLINK-5794 -> STARLINK-30517 | E_NET=0.001404 J | Remaining=117879.97 J
[272.782] Task 540 enqueued on CPU STARLINK-30517 qlen_enqueue=1
[272.800] Task 540 enqueued on NET STARLINK-30517 qlen_enqueue_net=1
[Task 540] Task eseguito su STARLINK-30517 61.985334999876784 degrees | CPU=18.8514J, NET=0.0019J, TOTAL=18.8533J, Remaining=117877.54J
[272.802] Task 540 served on STARLINK-30517 qlen_enqueue_cpu=1 qlen_enqueue_net=1 time_in_queue=0.000
[540][GREEDY] STARLINK-30517 -> STARLINK-32442 | Tramission-time: 0.0010188562597331652
[540] Energy routing consumed by STARLINK-30517: 0.000000 J (remaining 117877.54)
[MODE: BIDIRECTIONAL]
[540][GREEDY] CONSEGNATO! STARLINK-32442 -> OBS | Tramission-time: 1.2977580376698236e-09
----------------------------------------------------------------------
	||TIME IN SIMULATION : (seconds:274) (minutes: 4) ||

MODIFICA CONFIGURAZIONE IN CORSO...

Aggiornato il Tempo Globale:  2025-11-20 20:59:48
---> Task 541 (Type: Generic_Service) arriva in 274.77
--- [274.77] Task 541 using SearchNode Policy: v1_heuristic ---
[541] Filtro euristico: DTS-TMAX
[274.77] [Task 541] Routed STARLINK-2388 -> STARLINK-30283 | E_NET=0.000032 J | Remaining=118237.88 J
[274.770] Task 541 enqueued on CPU STARLINK-30283 qlen_enqueue=1
[Task 541] Task eseguito su STARLINK-30283 46.281408027042445 degrees | CPU=45.1229J, NET=0.0000J, TOTAL=45.1229J, Remaining=119954.88J
[274.816] Task 541 served on STARLINK-30283 qlen_enqueue_cpu=1 qlen_enqueue_net=None time_in_queue=0.000
[541][GREEDY] STARLINK-30283 -> STARLINK-2647 | Tramission-time: 0.0017106824961711576
[541] Energy routing consumed by STARLINK-30283: 0.000000 J (remaining 119954.88)
[MODE: BIDIRECTIONAL]
[541][GREEDY] CONSEGNATO! STARLINK-2647 -> OBS | Tramission-time: 2.7746719112074404e-11
---> Task 542 (Type: Generic_Service) arriva in 275.07
--- [275.07] Task 542 using SearchNode Policy: v1_heuristic ---
[542] Filtro euristico: DTS-TMAX
[275.07] [Task 542] Routed STARLINK-2388 -> STARLINK-35067 | E_NET=0.000004 J | Remaining=118237.88 J
[275.075] Task 542 enqueued on CPU STARLINK-35067 qlen_enqueue=1
[Task 542] Task eseguito su STARLINK-35067 40.2567875801692 degrees | CPU=52.7147J, NET=0.0000J, TOTAL=52.7147J, Remaining=119947.29J
[275.126] Task 542 served on STARLINK-35067 qlen_enqueue_cpu=1 qlen_enqueue_net=None time_in_queue=0.000
[542][GREEDY] STARLINK-35067 -> STARLINK-2388 | Tramission-time: 0.0012555675259860951
[542] Energy routing consumed by STARLINK-35067: 0.000000 J (remaining 119947.29)
[MODE: BIDIRECTIONAL]
[542][GREEDY] CONSEGNATO! STARLINK-2388 -> OBS | Tramission-time: 4.857802002134908e-12
---> Task 543 (Type: Generic_Service) arriva in 275.38
--- [275.38] Task 543 using SearchNode Policy: v1_heuristic ---
[543] Filtro euristico: DTS-TMAX
[275.38] [Task 543] Routed STARLINK-2388 -> STARLINK-35185 | E_NET=0.000029 J | Remaining=118237.88 J
[275.380] Task 543 enqueued on CPU STARLINK-35185 qlen_enqueue=1
[Task 543] Task eseguito su STARLINK-35185 40.045381291624295 degrees | CPU=76.4222J, NET=0.0000J, TOTAL=76.4222J, Remaining=119923.58J
[275.456] Task 543 served on STARLINK-35185 qlen_enqueue_cpu=1 qlen_enqueue_net=None time_in_queue=0.000
---> Task 544 (Type: CPU_Intensive) arriva in 275.47
--- [275.47] Task 544 using SearchNode Policy: v1_heuristic ---
[544] Filtro euristico: DTS-TMAX
[275.47] [Task 544] Routed STARLINK-2388 -> STARLINK-30283 | E_NET=0.000038 J | Remaining=118237.88 J
[275.466] Task 544 enqueued on CPU STARLINK-30283 qlen_enqueue=1
[543][GREEDY] STARLINK-35185 -> STARLINK-2647 | Tramission-time: 0.0018156965724300763
[543] Energy routing consumed by STARLINK-35185: 0.000000 J (remaining 119923.58)
[MODE: BIDIRECTIONAL]
[543][GREEDY] CONSEGNATO! STARLINK-2647 -> OBS | Tramission-time: 2.1472626393057685e-11
[Task 544] Task eseguito su STARLINK-30283 46.281408027042445 degrees | CPU=474.6384J, NET=0.0000J, TOTAL=474.6385J, Remaining=119480.24J
[275.929] Task 544 served on STARLINK-30283 qlen_enqueue_cpu=1 qlen_enqueue_net=None time_in_queue=0.000
[544][GREEDY] STARLINK-30283 -> STARLINK-2647 | Tramission-time: 0.0017106825040350754
[544] Energy routing consumed by STARLINK-30283: 0.000000 J (remaining 119480.24)
----------------------------------------------------------------------
	||TIME IN SIMULATION : (seconds:276) (minutes: 4) ||

MODIFICA CONFIGURAZIONE IN CORSO...

Aggiornato il Tempo Globale:  2025-11-20 20:59:50
[MODE: BIDIRECTIONAL]
[544][GREEDY] CONSEGNATO! STARLINK-2647 -> OBS | Tramission-time: 3.416420709297102e-11
---> Task 545 (Type: Generic_Service) arriva in 276.63
--- [276.63] Task 545 using SearchNode Policy: v1_heuristic ---
[545] Filtro euristico: DTS-TMAX
[Task 545] Nessun server rimasto dopo i filtri (deadline/sunset).
[Task 545] REJECTED on STARLINK-2388 due to: No suitable server found after deadline/sunset filters
---> Task 546 (Type: Generic_Service) arriva in 276.70
--- [276.70] Task 546 using SearchNode Policy: v1_heuristic ---
[546] Filtro euristico: DTS-TMAX
[276.70] [Task 546] Routed STARLINK-2388 -> STARLINK-35067 | E_NET=0.000021 J | Remaining=118237.88 J
[276.706] Task 546 enqueued on CPU STARLINK-35067 qlen_enqueue=1
[Task 546] Task eseguito su STARLINK-35067 40.99294219497831 degrees | CPU=74.4926J, NET=0.0000J, TOTAL=74.4926J, Remaining=119872.79J
[276.780] Task 546 served on STARLINK-35067 qlen_enqueue_cpu=1 qlen_enqueue_net=None time_in_queue=0.000
[546][GREEDY] STARLINK-35067 -> STARLINK-2647 | Tramission-time: 0.0021696024306575674
[546] Energy routing consumed by STARLINK-35067: 0.000000 J (remaining 119872.79)
[MODE: BIDIRECTIONAL]
[546][GREEDY] CONSEGNATO! STARLINK-2647 -> OBS | Tramission-time: 1.867317814796224e-11
---> Task 547 (Type: CPU_Intensive) arriva in 277.34
--- [277.34] Task 547 using SearchNode Policy: v1_heuristic ---
[547] Filtro euristico: DTS-TMAX
[277.34] [Task 547] Routed STARLINK-2388 -> STARLINK-35185 | E_NET=0.000029 J | Remaining=118237.88 J
[277.346] Task 547 enqueued on CPU STARLINK-35185 qlen_enqueue=1
[Task 547] Task eseguito su STARLINK-35185 40.57708417902777 degrees | CPU=544.9462J, NET=0.0000J, TOTAL=544.9463J, Remaining=119378.63J
[277.877] Task 547 served on STARLINK-35185 qlen_enqueue_cpu=1 qlen_enqueue_net=None time_in_queue=0.000
[547][GREEDY] STARLINK-35185 -> STARLINK-2647 | Tramission-time: 0.001782659686910341
[547] Energy routing consumed by STARLINK-35185: 0.000000 J (remaining 119378.63)
[MODE: BIDIRECTIONAL]
[547][GREEDY] CONSEGNATO! STARLINK-2647 -> OBS | Tramission-time: 3.8410443505121257e-11
----------------------------------------------------------------------
	||TIME IN SIMULATION : (seconds:278) (minutes: 4) ||

MODIFICA CONFIGURAZIONE IN CORSO...

Aggiornato il Tempo Globale:  2025-11-20 20:59:52
---> Task 548 (Type: CPU_Intensive) arriva in 278.59
--- [278.59] Task 548 using SearchNode Policy: v1_heuristic ---
[548] Filtro euristico: DTS-TMAX
[278.59] [Task 548] Routed STARLINK-2388 -> STARLINK-5123 | E_NET=0.000007 J | Remaining=118237.88 J
[278.596] Task 548 enqueued on CPU STARLINK-5123 qlen_enqueue=1
[Task 548] Task eseguito su STARLINK-5123 40.11342010411146 degrees | CPU=207.0807J, NET=0.0000J, TOTAL=207.0807J, Remaining=119792.92J
[278.797] Task 548 served on STARLINK-5123 qlen_enqueue_cpu=1 qlen_enqueue_net=None time_in_queue=0.000
[548][GREEDY] STARLINK-5123 -> STARLINK-2647 | Tramission-time: 0.002100449709185389
[548] Energy routing consumed by STARLINK-5123: 0.000000 J (remaining 119792.92)
---> Task 549 (Type: Generic_Service) arriva in 278.93
--- [278.93] Task 549 using SearchNode Policy: v1_heuristic ---
[549] Filtro euristico: DTS-TMAX
[278.93] [Task 549] Routed STARLINK-2388 -> STARLINK-35067 | E_NET=0.000007 J | Remaining=118237.88 J
[278.935] Task 549 enqueued on CPU STARLINK-35067 qlen_enqueue=1
[Task 549] Task eseguito su STARLINK-35067 41.74405043512363 degrees | CPU=45.6823J, NET=0.0000J, TOTAL=45.6824J, Remaining=119827.11J
[278.979] Task 549 served on STARLINK-35067 qlen_enqueue_cpu=1 qlen_enqueue_net=None time_in_queue=0.000
[MODE: BIDIRECTIONAL]
[548][GREEDY] CONSEGNATO! STARLINK-2647 -> OBS | Tramission-time: 6.790410032292859e-12
[549][GREEDY] STARLINK-35067 -> STARLINK-2647 | Tramission-time: 0.0020944606088607984
[549] Energy routing consumed by STARLINK-35067: 0.000000 J (remaining 119827.11)
[MODE: BIDIRECTIONAL]
[549][GREEDY] CONSEGNATO! STARLINK-2647 -> OBS | Tramission-time: 6.267053172365941e-12
---> Task 550 (Type: Generic_Service) arriva in 279.71
--- [279.71] Task 550 using SearchNode Policy: v1_heuristic ---
[550] Filtro euristico: DTS-TMAX
[Task 550] Nessun server rimasto dopo i filtri (deadline/sunset).
[Task 550] REJECTED on STARLINK-2388 due to: No suitable server found after deadline/sunset filters
---> Task 551 (Type: CPU_and_Data_Intensive) arriva in 279.90
--- [279.90] Task 551 using SearchNode Policy: v1_heuristic ---
[551] Filtro euristico: DTS-TMAX
[279.90] [Task 551] Routed STARLINK-2388 -> STARLINK-35067 | E_NET=0.000345 J | Remaining=118237.88 J
[279.899] Task 551 enqueued on CPU STARLINK-35067 qlen_enqueue=1
----------------------------------------------------------------------
	||TIME IN SIMULATION : (seconds:280) (minutes: 4) ||

MODIFICA CONFIGURAZIONE IN CORSO...

Aggiornato il Tempo Globale:  2025-11-20 20:59:54
---> Task 552 (Type: CPU_Intensive) arriva in 280.00
--- [280.00] Task 552 using SearchNode Policy: v1_heuristic ---
[552] Filtro euristico: DTS-TMAX
[280.00] [Task 552] Routed STARLINK-5794 -> STARLINK-11187 [DTC] | E_NET=0.000006 J | Remaining=117879.97 J
[280.002] Task 552 enqueued on CPU STARLINK-11187 [DTC] qlen_enqueue=1
[Task 552] Task eseguito su STARLINK-11187 [DTC] 41.51177984944133 degrees | CPU=138.3130J, NET=0.0000J, TOTAL=138.3130J, Remaining=119861.39J
[280.137] Task 552 served on STARLINK-11187 [DTC] qlen_enqueue_cpu=1 qlen_enqueue_net=None time_in_queue=0.000
---> Task 553 (Type: CPU_and_Data_Intensive) arriva in 280.14
--- [280.14] Task 553 using SearchNode Policy: v1_heuristic ---
[553] Filtro euristico: DTS-TMAX
[280.14] [Task 553] Routed STARLINK-5794 -> STARLINK-11187 [DTC] | E_NET=0.004670 J | Remaining=117879.96 J
[280.147] Task 553 enqueued on CPU STARLINK-11187 [DTC] qlen_enqueue=1
[552][GREEDY] STARLINK-11187 [DTC] -> STARLINK-2647 | Tramission-time: 0.001398754542525108
[552] Energy routing consumed by STARLINK-11187 [DTC]: 0.000000 J (remaining 119861.39)
[280.190] Task 553 enqueued on NET STARLINK-11187 [DTC] qlen_enqueue_net=1
[Task 553] Task eseguito su STARLINK-11187 [DTC] 41.51177984944133 degrees | CPU=43.6629J, NET=0.0060J, TOTAL=43.6689J, Remaining=119817.72J
[280.196] Task 553 served on STARLINK-11187 [DTC] qlen_enqueue_cpu=1 qlen_enqueue_net=1 time_in_queue=0.000
[MODE: BIDIRECTIONAL]
[552][GREEDY] CONSEGNATO! STARLINK-2647 -> OBS | Tramission-time: 5.483771225151037e-12
[553][GREEDY] STARLINK-11187 [DTC] -> STARLINK-2647 | Tramission-time: 0.0013987586873460737
[553] Energy routing consumed by STARLINK-11187 [DTC]: 0.000000 J (remaining 119817.72)
[MODE: BIDIRECTIONAL]
[553][GREEDY] CONSEGNATO! STARLINK-2647 -> OBS | Tramission-time: 4.155813760868828e-09
---> Task 554 (Type: CPU_Intensive) arriva in 280.64
--- [280.64] Task 554 using SearchNode Policy: v1_heuristic ---
[554] Filtro euristico: DTS-TMAX
[280.64] [Task 554] Routed STARLINK-5794 -> STARLINK-11187 [DTC] | E_NET=0.000025 J | Remaining=117879.96 J
[280.637] Task 554 enqueued on CPU STARLINK-11187 [DTC] qlen_enqueue=1
[Task 554] Task eseguito su STARLINK-11187 [DTC] 41.51177984944133 degrees | CPU=103.3280J, NET=0.0000J, TOTAL=103.3281J, Remaining=119714.39J
[280.739] Task 554 served on STARLINK-11187 [DTC] qlen_enqueue_cpu=1 qlen_enqueue_net=None time_in_queue=0.000
[554][GREEDY] STARLINK-11187 [DTC] -> STARLINK-2647 | Tramission-time: 0.0013987545595207111
[554] Energy routing consumed by STARLINK-11187 [DTC]: 0.000000 J (remaining 119714.39)
[MODE: BIDIRECTIONAL]
[554][GREEDY] CONSEGNATO! STARLINK-2647 -> OBS | Tramission-time: 2.5134428906852434e-11
[281.036] Task 551 enqueued on NET STARLINK-35067 qlen_enqueue_net=1
[Task 551] Task eseguito su STARLINK-35067 42.510244271705304 degrees | CPU=1171.7663J, NET=0.0005J, TOTAL=1171.7667J, Remaining=118655.34J
[281.036] Task 551 served on STARLINK-35067 qlen_enqueue_cpu=1 qlen_enqueue_net=1 time_in_queue=0.000
[551][GREEDY] STARLINK-35067 -> STARLINK-2647 | Tramission-time: 0.0020208448849946274
[551] Energy routing consumed by STARLINK-35067: 0.000000 J (remaining 118655.34)
[MODE: BIDIRECTIONAL]
[551][GREEDY] CONSEGNATO! STARLINK-2647 -> OBS | Tramission-time: 3.3139762750441186e-10
---> Task 555 (Type: CPU_Intensive) arriva in 281.78
--- [281.78] Task 555 using SearchNode Policy: v1_heuristic ---
[555] Filtro euristico: DTS-TMAX
[281.78] [Task 555] Routed STARLINK-5794 -> STARLINK-5123 | E_NET=0.000036 J | Remaining=117879.96 J
[281.782] Task 555 enqueued on CPU STARLINK-5123 qlen_enqueue=1
[Task 555] Task eseguito su STARLINK-5123 40.85867263360174 degrees | CPU=92.6852J, NET=0.0000J, TOTAL=92.6852J, Remaining=119700.23J
[281.875] Task 555 served on STARLINK-5123 qlen_enqueue_cpu=1 qlen_enqueue_net=None time_in_queue=0.000
[555][GREEDY] STARLINK-5123 -> STARLINK-2647 | Tramission-time: 0.002054184601666004
[555] Energy routing consumed by STARLINK-5123: 0.000000 J (remaining 119700.23)
[MODE: BIDIRECTIONAL]
[555][GREEDY] CONSEGNATO! STARLINK-2647 -> OBS | Tramission-time: 3.203325374391577e-11
----------------------------------------------------------------------
	||TIME IN SIMULATION : (seconds:282) (minutes: 4) ||

MODIFICA CONFIGURAZIONE IN CORSO...

Aggiornato il Tempo Globale:  2025-11-20 20:59:56
---> Task 556 (Type: CPU_and_Data_Intensive) arriva in 282.06
--- [282.06] Task 556 using SearchNode Policy: v1_heuristic ---
[556] Filtro euristico: DTS-TMAX
[282.06] [Task 556] Routed STARLINK-5794 -> STARLINK-11187 [DTC] | E_NET=0.001112 J | Remaining=117879.96 J
[282.062] Task 556 enqueued on CPU STARLINK-11187 [DTC] qlen_enqueue=1
[282.174] Task 556 enqueued on NET STARLINK-11187 [DTC] qlen_enqueue_net=1
[Task 556] Task eseguito su STARLINK-11187 [DTC] 41.32666788851414 degrees | CPU=116.1221J, NET=0.0015J, TOTAL=116.1236J, Remaining=119598.27J
[282.176] Task 556 served on STARLINK-11187 [DTC] qlen_enqueue_cpu=1 qlen_enqueue_net=1 time_in_queue=0.000
[556][GREEDY] STARLINK-11187 [DTC] -> STARLINK-33881 | Tramission-time: 0.0011485621979331
[556] Energy routing consumed by STARLINK-11187 [DTC]: 0.000000 J (remaining 119598.27)
[MODE: BIDIRECTIONAL]
[556][GREEDY] CONSEGNATO! STARLINK-33881 -> OBS | Tramission-time: 1.0111544413536406e-09
---> Task 557 (Type: CPU_and_Data_Intensive) arriva in 282.34
--- [282.34] Task 557 using SearchNode Policy: v1_heuristic ---
[557] Filtro euristico: DTS-TMAX
[282.34] [Task 557] Routed STARLINK-5794 -> STARLINK-5123 | E_NET=0.000714 J | Remaining=117879.96 J
[282.344] Task 557 enqueued on CPU STARLINK-5123 qlen_enqueue=1
[282.530] Task 557 enqueued on NET STARLINK-5123 qlen_enqueue_net=1
[Task 557] Task eseguito su STARLINK-5123 41.621283795519 degrees | CPU=192.0311J, NET=0.0010J, TOTAL=192.0321J, Remaining=119508.20J
[282.531] Task 557 served on STARLINK-5123 qlen_enqueue_cpu=1 qlen_enqueue_net=1 time_in_queue=0.000
[557][GREEDY] STARLINK-5123 -> STARLINK-33881 | Tramission-time: 0.0017391591387430144
[557] Energy routing consumed by STARLINK-5123: 0.000000 J (remaining 119508.20)
[MODE: BIDIRECTIONAL]
[557][GREEDY] CONSEGNATO! STARLINK-33881 -> OBS | Tramission-time: 7.02074978873399e-10
----------------------------------------------------------------------
	||TIME IN SIMULATION : (seconds:284) (minutes: 4) ||

MODIFICA CONFIGURAZIONE IN CORSO...

Aggiornato il Tempo Globale:  2025-11-20 20:59:58
---> Task 558 (Type: Generic_Service) arriva in 284.41
--- [284.41] Task 558 using SearchNode Policy: v1_heuristic ---
[558] Filtro euristico: DTS-TMAX
[284.41] [Task 558] Routed STARLINK-5794 -> STARLINK-11187 [DTC] | E_NET=0.000018 J | Remaining=117879.96 J
[284.410] Task 558 enqueued on CPU STARLINK-11187 [DTC] qlen_enqueue=1
[Task 558] Task eseguito su STARLINK-11187 [DTC] 41.10314701800789 degrees | CPU=23.4686J, NET=0.0000J, TOTAL=23.4686J, Remaining=119574.80J
[284.435] Task 558 served on STARLINK-11187 [DTC] qlen_enqueue_cpu=1 qlen_enqueue_net=None time_in_queue=0.000
[558][GREEDY] STARLINK-11187 [DTC] -> STARLINK-33881 | Tramission-time: 0.0011653757818736003
[558] Energy routing consumed by STARLINK-11187 [DTC]: 0.000000 J (remaining 119574.80)
[MODE: BIDIRECTIONAL]
[558][GREEDY] CONSEGNATO! STARLINK-33881 -> OBS | Tramission-time: 2.059481607987081e-11
---> Task 559 (Type: CPU_and_Data_Intensive) arriva in 285.70
--- [285.70] Task 559 using SearchNode Policy: v1_heuristic ---
[559] Filtro euristico: DTS-TMAX
[285.70] [Task 559] Routed STARLINK-5794 -> STARLINK-11187 [DTC] | E_NET=0.002807 J | Remaining=117879.96 J
[285.708] Task 559 enqueued on CPU STARLINK-11187 [DTC] qlen_enqueue=1
----------------------------------------------------------------------
	||TIME IN SIMULATION : (seconds:286) (minutes: 4) ||

MODIFICA CONFIGURAZIONE IN CORSO...

Aggiornato il Tempo Globale:  2025-11-20 21:00:00
[286.056] Task 559 enqueued on NET STARLINK-11187 [DTC] qlen_enqueue_net=1
[Task 559] Task eseguito su STARLINK-11187 [DTC] 40.842955294648654 degrees | CPU=358.8600J, NET=0.0039J, TOTAL=358.8639J, Remaining=119215.94J
[286.060] Task 559 served on STARLINK-11187 [DTC] qlen_enqueue_cpu=1 qlen_enqueue_net=1 time_in_queue=0.000
[559][GREEDY] STARLINK-11187 [DTC] -> STARLINK-33881 | Tramission-time: 0.0011823439274483054
[559] Energy routing consumed by STARLINK-11187 [DTC]: 0.000000 J (remaining 119215.94)
[MODE: BIDIRECTIONAL]
[559][GREEDY] CONSEGNATO! STARLINK-33881 -> OBS | Tramission-time: 3.014765009504514e-09
---> Task 560 (Type: Generic_Service) arriva in 286.65
--- [286.65] Task 560 using SearchNode Policy: v1_heuristic ---
[560] Filtro euristico: DTS-TMAX
[286.65] [Task 560] Routed STARLINK-2388 -> STARLINK-5123 | E_NET=0.000017 J | Remaining=118237.88 J
[286.652] Task 560 enqueued on CPU STARLINK-5123 qlen_enqueue=1
[Task 560] Task eseguito su STARLINK-5123 43.20027112081916 degrees | CPU=27.8442J, NET=0.0000J, TOTAL=27.8442J, Remaining=119480.36J
[286.680] Task 560 served on STARLINK-5123 qlen_enqueue_cpu=1 qlen_enqueue_net=None time_in_queue=0.000
[560][GREEDY] STARLINK-5123 -> STARLINK-33881 | Tramission-time: 0.0016972945340279425
[560] Energy routing consumed by STARLINK-5123: 0.000000 J (remaining 119480.36)
[MODE: BIDIRECTIONAL]
[560][GREEDY] CONSEGNATO! STARLINK-33881 -> OBS | Tramission-time: 1.509539773866987e-11
---> Task 561 (Type: Generic_Service) arriva in 286.91
--- [286.91] Task 561 using SearchNode Policy: v1_heuristic ---
[561] Filtro euristico: DTS-TMAX
[286.91] [Task 561] Routed STARLINK-2388 -> STARLINK-5123 | E_NET=0.000025 J | Remaining=118237.88 J
[286.915] Task 561 enqueued on CPU STARLINK-5123 qlen_enqueue=1
[Task 561] Task eseguito su STARLINK-5123 43.20027112081916 degrees | CPU=22.3179J, NET=0.0000J, TOTAL=22.3179J, Remaining=119458.04J
[286.938] Task 561 served on STARLINK-5123 qlen_enqueue_cpu=1 qlen_enqueue_net=None time_in_queue=0.000
[561][GREEDY] STARLINK-5123 -> STARLINK-33881 | Tramission-time: 0.0016972945372593854
[561] Energy routing consumed by STARLINK-5123: 0.000000 J (remaining 119458.04)
[MODE: BIDIRECTIONAL]
[561][GREEDY] CONSEGNATO! STARLINK-33881 -> OBS | Tramission-time: 2.0857542987472592e-11
---> Task 562 (Type: CPU_Intensive) arriva in 287.88
--- [287.88] Task 562 using SearchNode Policy: v1_heuristic ---
[562] Filtro euristico: DTS-TMAX
[287.88] [Task 562] Routed STARLINK-2388 -> STARLINK-30283 | E_NET=0.000011 J | Remaining=118237.88 J
[287.880] Task 562 enqueued on CPU STARLINK-30283 qlen_enqueue=1
----------------------------------------------------------------------
	||TIME IN SIMULATION : (seconds:288) (minutes: 4) ||

MODIFICA CONFIGURAZIONE IN CORSO...

Aggiornato il Tempo Globale:  2025-11-20 21:00:02
[Task 562] Task eseguito su STARLINK-30283 49.61523130050999 degrees | CPU=246.9303J, NET=0.0000J, TOTAL=246.9303J, Remaining=119233.31J
[288.121] Task 562 served on STARLINK-30283 qlen_enqueue_cpu=1 qlen_enqueue_net=None time_in_queue=0.000
---> Task 563 (Type: Generic_Service) arriva in 288.16
--- [288.16] Task 563 using SearchNode Policy: v1_heuristic ---
[563] Filtro euristico: DTS-TMAX
[288.16] [Task 563] Routed STARLINK-2388 -> STARLINK-5123 | E_NET=0.000023 J | Remaining=118237.88 J
[288.160] Task 563 enqueued on CPU STARLINK-5123 qlen_enqueue=1
[Task 563] Task eseguito su STARLINK-5123 44.01747664935133 degrees | CPU=27.6688J, NET=0.0000J, TOTAL=27.6688J, Remaining=119430.37J
[288.189] Task 563 served on STARLINK-5123 qlen_enqueue_cpu=1 qlen_enqueue_net=None time_in_queue=0.000
[562][GREEDY] STARLINK-30283 -> STARLINK-33881 | Tramission-time: 0.0019092714930308416
[562] Energy routing consumed by STARLINK-30283: 0.000000 J (remaining 119233.31)
[563][GREEDY] STARLINK-5123 -> STARLINK-33881 | Tramission-time: 0.001676623113377094
[563] Energy routing consumed by STARLINK-5123: 0.000000 J (remaining 119430.37)
[MODE: BIDIRECTIONAL]
[562][GREEDY] CONSEGNATO! STARLINK-33881 -> OBS | Tramission-time: 1.0863256354568201e-11
[MODE: BIDIRECTIONAL]
[563][GREEDY] CONSEGNATO! STARLINK-33881 -> OBS | Tramission-time: 2.2131288384733554e-11
----------------------------------------------------------------------
	||TIME IN SIMULATION : (seconds:290) (minutes: 4) ||

MODIFICA CONFIGURAZIONE IN CORSO...

Aggiornato il Tempo Globale:  2025-11-20 21:00:04
---> Task 564 (Type: CPU_and_Data_Intensive) arriva in 290.36
--- [290.36] Task 564 using SearchNode Policy: v1_heuristic ---
[564] Filtro euristico: DTS-TMAX
[290.36] [Task 564] Routed STARLINK-2388 -> STARLINK-31064 | E_NET=0.000234 J | Remaining=118237.88 J
[290.359] Task 564 enqueued on CPU STARLINK-31064 qlen_enqueue=1
[290.716] Task 564 enqueued on NET STARLINK-31064 qlen_enqueue_net=1
[Task 564] Task eseguito su STARLINK-31064 40.244348198858326 degrees | CPU=367.8388J, NET=0.0003J, TOTAL=367.8390J, Remaining=119632.16J
[290.716] Task 564 served on STARLINK-31064 qlen_enqueue_cpu=1 qlen_enqueue_net=1 time_in_queue=0.000
[564][GREEDY] STARLINK-31064 -> STARLINK-33881 | Tramission-time: 0.0016872633544845143
[564] Energy routing consumed by STARLINK-31064: 0.000000 J (remaining 119632.16)
[MODE: BIDIRECTIONAL]
[564][GREEDY] CONSEGNATO! STARLINK-33881 -> OBS | Tramission-time: 2.6033377664440087e-10
---> Task 565 (Type: Generic_Service) arriva in 291.71
--- [291.71] Task 565 using SearchNode Policy: v1_heuristic ---
[565] Filtro euristico: DTS-TMAX
[291.71] [Task 565] Routed STARLINK-2388 -> STARLINK-31064 | E_NET=0.000004 J | Remaining=118237.88 J
[291.707] Task 565 enqueued on CPU STARLINK-31064 qlen_enqueue=1
[Task 565] Task eseguito su STARLINK-31064 40.244348198858326 degrees | CPU=25.1096J, NET=0.0000J, TOTAL=25.1096J, Remaining=119607.05J
[291.732] Task 565 served on STARLINK-31064 qlen_enqueue_cpu=1 qlen_enqueue_net=None time_in_queue=0.000
[565][GREEDY] STARLINK-31064 -> STARLINK-33881 | Tramission-time: 0.0016872631434521575
[565] Energy routing consumed by STARLINK-31064: 0.000000 J (remaining 119607.05)
---> Task 566 (Type: Generic_Service) arriva in 291.87
--- [291.87] Task 566 using SearchNode Policy: v1_heuristic ---
[566] Filtro euristico: DTS-TMAX
[291.87] [Task 566] Routed STARLINK-2388 -> STARLINK-31064 | E_NET=0.000010 J | Remaining=118237.88 J
[291.871] Task 566 enqueued on CPU STARLINK-31064 qlen_enqueue=1
[Task 566] Task eseguito su STARLINK-31064 40.244348198858326 degrees | CPU=25.5267J, NET=0.0000J, TOTAL=25.5267J, Remaining=119581.52J
[291.897] Task 566 served on STARLINK-31064 qlen_enqueue_cpu=1 qlen_enqueue_net=None time_in_queue=0.000
[MODE: BIDIRECTIONAL]
[565][GREEDY] CONSEGNATO! STARLINK-33881 -> OBS | Tramission-time: 3.793250254822653e-12
[566][GREEDY] STARLINK-31064 -> STARLINK-33881 | Tramission-time: 0.0016872631482268733
[566] Energy routing consumed by STARLINK-31064: 0.000000 J (remaining 119581.52)
----------------------------------------------------------------------
	||TIME IN SIMULATION : (seconds:292) (minutes: 4) ||

MODIFICA CONFIGURAZIONE IN CORSO...

Aggiornato il Tempo Globale:  2025-11-20 21:00:06
[MODE: BIDIRECTIONAL]
[566][GREEDY] CONSEGNATO! STARLINK-33881 -> OBS | Tramission-time: 8.741965783272294e-12
---> Task 567 (Type: Generic_Service) arriva in 292.59
--- [292.59] Task 567 using SearchNode Policy: v1_heuristic ---
[567] Filtro euristico: DTS-TMAX
[292.59] [Task 567] Routed STARLINK-30283 -> STARLINK-31064 | E_NET=0.000029 J | Remaining=119233.31 J
[292.593] Task 567 enqueued on CPU STARLINK-31064 qlen_enqueue=1
[Task 567] Task eseguito su STARLINK-31064 40.98508624510679 degrees | CPU=21.2449J, NET=0.0000J, TOTAL=21.2450J, Remaining=119560.28J
[292.616] Task 567 served on STARLINK-31064 qlen_enqueue_cpu=1 qlen_enqueue_net=None time_in_queue=0.000
[567][GREEDY] STARLINK-31064 -> STARLINK-33881 | Tramission-time: 0.0016786619477308503
[567] Energy routing consumed by STARLINK-31064: 0.000000 J (remaining 119560.28)
[MODE: BIDIRECTIONAL]
[567][GREEDY] CONSEGNATO! STARLINK-33881 -> OBS | Tramission-time: 2.901249085809468e-11
---> Task 568 (Type: Generic_Service) arriva in 293.32
--- [293.32] Task 568 using SearchNode Policy: v1_heuristic ---
[568] Filtro euristico: DTS-TMAX
[293.32] [Task 568] Routed STARLINK-30283 -> STARLINK-2388 | E_NET=0.000036 J | Remaining=119233.31 J
[293.319] Task 568 enqueued on CPU STARLINK-2388 qlen_enqueue=1
[Task 568] Task eseguito su STARLINK-2388 64.88925260209254 degrees | CPU=10.5370J, NET=0.0000J, TOTAL=10.5371J, Remaining=118227.34J
[293.331] Task 568 served on STARLINK-2388 qlen_enqueue_cpu=1 qlen_enqueue_net=None time_in_queue=0.000
[568][GREEDY] STARLINK-2388 -> STARLINK-33881 | Tramission-time: 0.0015005425390909332
[568] Energy routing consumed by STARLINK-2388: 0.000000 J (remaining 118227.34)
[MODE: BIDIRECTIONAL]
[568][GREEDY] CONSEGNATO! STARLINK-33881 -> OBS | Tramission-time: 2.9790111536465964e-11
---> Task 569 (Type: CPU_Intensive) arriva in 293.90
--- [293.90] Task 569 using SearchNode Policy: v1_heuristic ---
[569] Filtro euristico: DTS-TMAX
[293.90] [Task 569] Routed STARLINK-30283 -> STARLINK-31064 | E_NET=0.000030 J | Remaining=119233.31 J
[293.905] Task 569 enqueued on CPU STARLINK-31064 qlen_enqueue=1
----------------------------------------------------------------------
	||TIME IN SIMULATION : (seconds:294) (minutes: 4) ||

MODIFICA CONFIGURAZIONE IN CORSO...

Aggiornato il Tempo Globale:  2025-11-20 21:00:08
[Task 569] Task eseguito su STARLINK-31064 41.73887614836466 degrees | CPU=200.1684J, NET=0.0000J, TOTAL=200.1684J, Remaining=119360.11J
[294.102] Task 569 served on STARLINK-31064 qlen_enqueue_cpu=1 qlen_enqueue_net=None time_in_queue=0.000
[569][GREEDY] STARLINK-31064 -> STARLINK-33881 | Tramission-time: 0.001670075460576597
[569] Energy routing consumed by STARLINK-31064: 0.000000 J (remaining 119360.11)
[MODE: BIDIRECTIONAL]
[569][GREEDY] CONSEGNATO! STARLINK-33881 -> OBS | Tramission-time: 3.025727395375275e-11
---> Task 570 (Type: CPU_Intensive) arriva in 294.22
--- [294.22] Task 570 using SearchNode Policy: v1_heuristic ---
[570] Filtro euristico: DTS-TMAX
[294.22] [Task 570] Routed STARLINK-30283 -> STARLINK-5123 | E_NET=0.000011 J | Remaining=119233.31 J
[294.222] Task 570 enqueued on CPU STARLINK-5123 qlen_enqueue=1
---> Task 571 (Type: Generic_Service) arriva in 294.30
--- [294.30] Task 571 using SearchNode Policy: v1_heuristic ---
[571] Filtro euristico: DTS-TMAX
[294.30] [Task 571] Routed STARLINK-30283 -> STARLINK-35067 | E_NET=0.000024 J | Remaining=119233.31 J
[294.305] Task 571 enqueued on CPU STARLINK-35067 qlen_enqueue=1
[Task 571] Task eseguito su STARLINK-35067 48.29734357232262 degrees | CPU=14.8736J, NET=0.0000J, TOTAL=14.8736J, Remaining=118640.47J
[294.322] Task 571 served on STARLINK-35067 qlen_enqueue_cpu=1 qlen_enqueue_net=None time_in_queue=0.000
[571][GREEDY] STARLINK-35067 -> STARLINK-33881 | Tramission-time: 0.0018496576208875068
[571] Energy routing consumed by STARLINK-35067: 0.000000 J (remaining 118640.47)
[MODE: BIDIRECTIONAL]
[571][GREEDY] CONSEGNATO! STARLINK-33881 -> OBS | Tramission-time: 2.0840850372828292e-11
[Task 570] Task eseguito su STARLINK-5123 46.584689093045384 degrees | CPU=310.7996J, NET=0.0000J, TOTAL=310.7996J, Remaining=119119.57J
[294.525] Task 570 served on STARLINK-5123 qlen_enqueue_cpu=1 qlen_enqueue_net=None time_in_queue=0.000
[570][GREEDY] STARLINK-5123 -> STARLINK-33881 | Tramission-time: 0.0016157358773030088
[570] Energy routing consumed by STARLINK-5123: 0.000000 J (remaining 119119.57)
---> Task 572 (Type: Generic_Service) arriva in 294.66
--- [294.66] Task 572 using SearchNode Policy: v1_heuristic ---
[572] Filtro euristico: DTS-TMAX
[Task 572] Nessun server rimasto dopo i filtri (deadline/sunset).
[Task 572] REJECTED on STARLINK-30283 due to: No suitable server found after deadline/sunset filters
[MODE: BIDIRECTIONAL]
[570][GREEDY] CONSEGNATO! STARLINK-33881 -> OBS | Tramission-time: 1.1969240685555599e-11
---> Task 573 (Type: CPU_and_Data_Intensive) arriva in 295.76
--- [295.76] Task 573 using SearchNode Policy: v1_heuristic ---
[573] Filtro euristico: DTS-TMAX
[Task 573] Nessun server rimasto dopo i filtri (deadline/sunset).
[Task 573] REJECTED on STARLINK-30283 due to: No suitable server found after deadline/sunset filters
---> Task 574 (Type: Generic_Service) arriva in 295.91
--- [295.91] Task 574 using SearchNode Policy: v1_heuristic ---
[574] Filtro euristico: DTS-TMAX
[295.91] [Task 574] Routed STARLINK-30283 -> STARLINK-35185 | E_NET=0.000024 J | Remaining=119233.31 J
[295.911] Task 574 enqueued on CPU STARLINK-35185 qlen_enqueue=1
[Task 574] Task eseguito su STARLINK-35185 44.66059000758669 degrees | CPU=41.7968J, NET=0.0000J, TOTAL=41.7968J, Remaining=119336.83J
[295.953] Task 574 served on STARLINK-35185 qlen_enqueue_cpu=1 qlen_enqueue_net=None time_in_queue=0.000
----------------------------------------------------------------------
	||TIME IN SIMULATION : (seconds:296) (minutes: 4) ||

MODIFICA CONFIGURAZIONE IN CORSO...

Aggiornato il Tempo Globale:  2025-11-20 21:00:10
[574][GREEDY] STARLINK-35185 -> STARLINK-33881 | Tramission-time: 0.0012436215391783492
[574] Energy routing consumed by STARLINK-35185: 0.000000 J (remaining 119336.83)
[MODE: BIDIRECTIONAL]
[574][GREEDY] CONSEGNATO! STARLINK-33881 -> OBS | Tramission-time: 2.368465459104891e-11
---> Task 575 (Type: CPU_Intensive) arriva in 296.27
--- [296.27] Task 575 using SearchNode Policy: v1_heuristic ---
[575] Filtro euristico: DTS-TMAX
[296.27] [Task 575] Routed STARLINK-30283 -> STARLINK-31064 | E_NET=0.000014 J | Remaining=119233.31 J
[296.274] Task 575 enqueued on CPU STARLINK-31064 qlen_enqueue=1
---> Task 576 (Type: Generic_Service) arriva in 296.63
--- [296.63] Task 576 using SearchNode Policy: v1_heuristic ---
[576] Filtro euristico: DTS-TMAX
[296.63] [Task 576] Routed STARLINK-30283 -> STARLINK-35185 | E_NET=0.000020 J | Remaining=119233.31 J
[296.634] Task 576 enqueued on CPU STARLINK-35185 qlen_enqueue=1
[Task 576] Task eseguito su STARLINK-35185 44.99786856575832 degrees | CPU=58.2659J, NET=0.0000J, TOTAL=58.2659J, Remaining=119278.57J
[296.692] Task 576 served on STARLINK-35185 qlen_enqueue_cpu=1 qlen_enqueue_net=None time_in_queue=0.000
[576][GREEDY] STARLINK-35185 -> STARLINK-33881 | Tramission-time: 0.0012436215395813304
[576] Energy routing consumed by STARLINK-35185: 0.000000 J (remaining 119278.57)
[MODE: BIDIRECTIONAL]
[576][GREEDY] CONSEGNATO! STARLINK-33881 -> OBS | Tramission-time: 1.6070534548411722e-11
[Task 575] Task eseguito su STARLINK-31064 42.50548055321352 degrees | CPU=824.9371J, NET=0.0000J, TOTAL=824.9371J, Remaining=118535.17J
[297.075] Task 575 served on STARLINK-31064 qlen_enqueue_cpu=1 qlen_enqueue_net=None time_in_queue=0.000
[575][GREEDY] STARLINK-31064 -> STARLINK-33881 | Tramission-time: 0.001661504077800651
[575] Energy routing consumed by STARLINK-31064: 0.000000 J (remaining 118535.17)
[MODE: BIDIRECTIONAL]
[575][GREEDY] CONSEGNATO! STARLINK-33881 -> OBS | Tramission-time: 1.3198745035106634e-11
---> Task 577 (Type: Generic_Service) arriva in 297.47
--- [297.47] Task 577 using SearchNode Policy: v1_heuristic ---
[577] Filtro euristico: DTS-TMAX
[Task 577] Nessun server rimasto dopo i filtri (deadline/sunset).
[Task 577] REJECTED on STARLINK-30283 due to: No suitable server found after deadline/sunset filters
---> Task 578 (Type: CPU_and_Data_Intensive) arriva in 297.67
--- [297.67] Task 578 using SearchNode Policy: v1_heuristic ---
[578] Filtro euristico: DTS-TMAX
[297.67] [Task 578] Routed STARLINK-30283 -> STARLINK-35185 | E_NET=0.000664 J | Remaining=119233.31 J
[297.674] Task 578 enqueued on CPU STARLINK-35185 qlen_enqueue=1
----------------------------------------------------------------------
	||TIME IN SIMULATION : (seconds:298) (minutes: 4) ||

MODIFICA CONFIGURAZIONE IN CORSO...

Aggiornato il Tempo Globale:  2025-11-20 21:00:12
---> Task 579 (Type: CPU_Intensive) arriva in 298.41
--- [298.41] Task 579 using SearchNode Policy: v1_heuristic ---
[579] Filtro euristico: DTS-TMAX
[298.41] [Task 579] Routed STARLINK-30283 -> STARLINK-5123 | E_NET=0.000019 J | Remaining=119233.31 J
[298.409] Task 579 enqueued on CPU STARLINK-5123 qlen_enqueue=1
[298.757] Task 578 enqueued on NET STARLINK-35185 qlen_enqueue_net=1
[Task 578] Task eseguito su STARLINK-35185 45.304103696894714 degrees | CPU=1116.7946J, NET=0.0008J, TOTAL=1116.7954J, Remaining=118161.77J
[298.758] Task 578 served on STARLINK-35185 qlen_enqueue_cpu=1 qlen_enqueue_net=1 time_in_queue=0.000
[578][GREEDY] STARLINK-35185 -> STARLINK-33881 | Tramission-time: 0.0012476555165485206
[578] Energy routing consumed by STARLINK-35185: 0.000000 J (remaining 118161.77)
[MODE: BIDIRECTIONAL]
[578][GREEDY] CONSEGNATO! STARLINK-33881 -> OBS | Tramission-time: 6.700111613940959e-10
---> Task 580 (Type: Generic_Service) arriva in 299.10
--- [299.10] Task 580 using SearchNode Policy: v1_heuristic ---
[580] Filtro euristico: DTS-TMAX
[Task 580] Nessun server rimasto dopo i filtri (deadline/sunset).
[Task 580] REJECTED on STARLINK-30283 due to: No suitable server found after deadline/sunset filters
[Task 579] Task eseguito su STARLINK-5123 48.39610082346053 degrees | CPU=860.9712J, NET=0.0000J, TOTAL=860.9712J, Remaining=118258.60J
[299.246] Task 579 served on STARLINK-5123 qlen_enqueue_cpu=1 qlen_enqueue_net=None time_in_queue=0.000
[579][GREEDY] STARLINK-5123 -> STARLINK-33881 | Tramission-time: 0.0015761602397604453
[579] Energy routing consumed by STARLINK-5123: 0.000000 J (remaining 118258.60)
[MODE: BIDIRECTIONAL]
[579][GREEDY] CONSEGNATO! STARLINK-33881 -> OBS | Tramission-time: 1.7882824646632138e-11
---> Task 581 (Type: CPU_Intensive) arriva in 299.46
--- [299.46] Task 581 using SearchNode Policy: v1_heuristic ---
[581] Filtro euristico: DTS-TMAX
[299.46] [Task 581] Routed STARLINK-30283 -> STARLINK-35067 | E_NET=0.000012 J | Remaining=119233.31 J
[299.464] Task 581 enqueued on CPU STARLINK-35067 qlen_enqueue=1
---> Task 582 (Type: CPU_and_Data_Intensive) arriva in 299.69
--- [299.69] Task 582 using SearchNode Policy: v1_heuristic ---
[582] Filtro euristico: DTS-TMAX
[299.69] [Task 582] Routed STARLINK-30283 -> STARLINK-31064 | E_NET=0.001215 J | Remaining=119233.31 J
[299.688] Task 582 enqueued on CPU STARLINK-31064 qlen_enqueue=1
[299.808] Task 582 enqueued on NET STARLINK-31064 qlen_enqueue_net=1
[Task 582] Task eseguito su STARLINK-31064 43.28457572920015 degrees | CPU=123.3997J, NET=0.0012J, TOTAL=123.4010J, Remaining=118411.77J
[299.809] Task 582 served on STARLINK-31064 qlen_enqueue_cpu=1 qlen_enqueue_net=1 time_in_queue=0.000
[582][GREEDY] STARLINK-31064 -> STARLINK-33881 | Tramission-time: 0.0016529490871192629
[582] Energy routing consumed by STARLINK-31064: 0.000000 J (remaining 118411.77)
[MODE: BIDIRECTIONAL]
[582][GREEDY] CONSEGNATO! STARLINK-33881 -> OBS | Tramission-time: 1.0988962662529071e-09
---> Task 583 (Type: CPU_Intensive) arriva in 299.94
--- [299.94] Task 583 using SearchNode Policy: v1_heuristic ---
[583] Filtro euristico: DTS-TMAX
[299.94] [Task 583] Routed STARLINK-30283 -> STARLINK-31064 | E_NET=0.000010 J | Remaining=119233.31 J
[299.947] Task 583 enqueued on CPU STARLINK-31064 qlen_enqueue=1
[Task 581] Task eseguito su STARLINK-35067 50.08199997308604 degrees | CPU=546.8302J, NET=0.0000J, TOTAL=546.8302J, Remaining=118093.64J
[299.995] Task 581 served on STARLINK-35067 qlen_enqueue_cpu=1 qlen_enqueue_net=None time_in_queue=0.000

Salvataggio del dataset generato in: Generated_datasets/generated_tasks_counter.json5
Salvataggio completato con successo.

Dataset dello stato della simulazione salvato in 'simulation_dataset.json'
TASK ARRIVATI CON SUCCESSO ALL'OBS: 530:

 id     | weight        | resolution    | Start Routing (s) | End Routing (s) | duration      | hop |
 1      | 0.08 MB       | CPU_Intensive           | 0.18              | 0.4             | 0.22          | 1   |
 2      | 0.04 MB       | Generic_Service         | 0.45              | 0.8             | 0.36          | 2   |
 3      | 1.98 MB       | CPU_and_Data_Intensive  | 0.76              | 0.9             | 0.14          | 1   |
 4      | 0.04 MB       | CPU_Intensive           | 0.86              | 1.0             | 0.14          | 2   |
 6      | 0.06 MB       | Generic_Service         | 1.78              | 2.0             | 0.22          | 2   |
 7      | 0.06 MB       | CPU_Intensive           | 2.03              | 2.7             | 0.68          | 2   |
 9      | 0.03 MB       | Generic_Service         | 2.73              | 3.01            | 0.28          | 2   |
 11     | 0.07 MB       | CPU_Intensive           | 2.95              | 3.21            | 0.26          | 2   |
 10     | 1.49 MB       | CPU_and_Data_Intensive  | 2.88              | 3.51            | 0.63          | 2   |
 13     | 0.63 MB       | CPU_and_Data_Intensive  | 3.67              | 3.91            | 0.24          | 2   |
 15     | 0.05 MB       | CPU_Intensive           | 3.87              | 4.01            | 0.15          | 2   |
 14     | 0.05 MB       | CPU_Intensive           | 3.79              | 4.21            | 0.42          | 2   |
 12     | 0.04 MB       | CPU_Intensive           | 3.65              | 5.21            | 1.56          | 1   |
 16     | 0.06 MB       | Generic_Service         | 5.2               | 5.41            | 0.22          | 2   |
 17     | 0.03 MB       | Generic_Service         | 5.35              | 5.51            | 0.17          | 2   |
 18     | 0.08 MB       | Generic_Service         | 5.82              | 6.12            | 0.3           | 2   |
 19     | 0.81 MB       | CPU_and_Data_Intensive  | 6.34              | 6.52            | 0.18          | 2   |
 22     | 0.01 MB       | CPU_Intensive           | 6.95              | 7.62            | 0.66          | 2   |
 23     | 0.01 MB       | Generic_Service         | 7.5               | 7.72            | 0.22          | 2   |
 21     | 0.02 MB       | CPU_Intensive           | 6.81              | 8.42            | 1.62          | 2   |
 24     | 0.06 MB       | CPU_Intensive           | 8.02              | 8.83            | 0.8           | 2   |
 20     | 7.12 MB       | CPU_and_Data_Intensive  | 6.39              | 8.93            | 2.54          | 2   |
 26     | 0.06 MB       | CPU_Intensive           | 8.74              | 9.03            | 0.28          | 2   |
 25     | 0.04 MB       | CPU_Intensive           | 8.26              | 9.43            | 1.17          | 2   |
 28     | 0.05 MB       | Generic_Service         | 10.23             | 10.43           | 0.2           | 2   |
 27     | 0.08 MB       | Generic_Service         | 10.22             | 10.53           | 0.31          | 2   |
 29     | 0.08 MB       | CPU_Intensive           | 10.3              | 11.93           | 1.63          | 1   |
 30     | 2.01 MB       | CPU_and_Data_Intensive  | 10.97             | 12.13           | 1.16          | 2   |
 32     | 0.07 MB       | Generic_Service         | 12.08             | 12.23           | 0.15          | 2   |
 33     | 3.32 MB       | CPU_and_Data_Intensive  | 13.29             | 13.84           | 0.54          | 2   |
 34     | 0.05 MB       | Generic_Service         | 14.8              | 15.04           | 0.24          | 2   |
 35     | 0.08 MB       | CPU_Intensive           | 15.93             | 16.24           | 0.31          | 2   |
 36     | 0.04 MB       | CPU_Intensive           | 15.98             | 16.34           | 0.36          | 2   |
 37     | 0.05 MB       | Generic_Service         | 16.74             | 16.94           | 0.2           | 1   |
 39     | 0.02 MB       | CPU_Intensive           | 17.33             | 17.84           | 0.51          | 2   |
 40     | 0.03 MB       | CPU_Intensive           | 17.4              | 18.34           | 0.94          | 2   |
 41     | 0.07 MB       | CPU_Intensive           | 18.06             | 18.55           | 0.48          | 2   |
 38     | 0.06 MB       | CPU_Intensive           | 17.28             | 18.65           | 1.36          | 2   |
 42     | 0.03 MB       | Generic_Service         | 18.88             | 19.15           | 0.27          | 2   |
 44     | 0.04 MB       | Generic_Service         | 20.4              | 20.65           | 0.25          | 2   |
 43     | 0.06 MB       | CPU_Intensive           | 19.96             | 21.05           | 1.09          | 2   |
 45     | 0.06 MB       | Generic_Service         | 21.89             | 22.15           | 0.26          | 2   |
 47     | 0.04 MB       | Generic_Service         | 22.31             | 22.65           | 0.34          | 2   |
 48     | 0.08 MB       | CPU_Intensive           | 23.1              | 23.96           | 0.85          | 2   |
 49     | 0.07 MB       | Generic_Service         | 24.33             | 24.36           | 0.03          | 1   |
 51     | 0.07 MB       | Generic_Service         | 25.28             | 25.56           | 0.28          | 2   |
 50     | 11.29 MB      | CPU_and_Data_Intensive  | 24.93             | 25.76           | 0.83          | 2   |
 55     | 0.07 MB       | Generic_Service         | 26.85             | 26.96           | 0.1           | 1   |
 54     | 13.99 MB      | CPU_and_Data_Intensive  | 26.21             | 27.16           | 0.95          | 2   |
 59     | 0.09 MB       | Generic_Service         | 27.1              | 27.16           | 0.06          | 1   |
 56     | 0.05 MB       | CPU_Intensive           | 26.94             | 27.26           | 0.32          | 2   |
 57     | 0.03 MB       | CPU_Intensive           | 27.07             | 27.36           | 0.3           | 2   |
 60     | 0.07 MB       | Generic_Service         | 27.33             | 27.36           | 0.03          | 1   |
 58     | 18.63 MB      | CPU_and_Data_Intensive  | 27.1              | 27.57           | 0.47          | 2   |
 52     | 5.91 MB       | CPU_and_Data_Intensive  | 26.15             | 27.77           | 1.62          | 2   |
 61     | 0.02 MB       | Generic_Service         | 27.52             | 27.87           | 0.35          | 2   |
 62     | 0.02 MB       | Generic_Service         | 27.72             | 27.97           | 0.24          | 2   |
 63     | 20.37 MB      | CPU_and_Data_Intensive  | 27.77             | 28.17           | 0.4           | 1   |
 64     | 0.09 MB       | CPU_Intensive           | 27.93             | 28.37           | 0.44          | 2   |
 66     | 0.08 MB       | Generic_Service         | 28.32             | 28.47           | 0.16          | 2   |
 67     | 0.05 MB       | CPU_Intensive           | 28.96             | 29.67           | 0.71          | 1   |
 68     | 0.08 MB       | CPU_Intensive           | 30.14             | 30.57           | 0.44          | 2   |
 69     | 0.08 MB       | Generic_Service         | 30.94             | 31.18           | 0.24          | 2   |
 72     | 0.05 MB       | Generic_Service         | 32.17             | 32.48           | 0.31          | 2   |
 70     | 3.74 MB       | CPU_and_Data_Intensive  | 31.13             | 32.88           | 1.75          | 2   |
 74     | 1.36 MB       | CPU_and_Data_Intensive  | 32.86             | 33.08           | 0.22          | 2   |
 75     | 0.03 MB       | Generic_Service         | 33.15             | 33.28           | 0.13          | 2   |
 71     | 0.04 MB       | CPU_Intensive           | 31.87             | 33.38           | 1.52          | 2   |
 73     | 5.51 MB       | CPU_and_Data_Intensive  | 32.34             | 33.58           | 1.25          | 1   |
 76     | 0.07 MB       | Generic_Service         | 33.46             | 33.78           | 0.32          | 2   |
 77     | 0.06 MB       | Generic_Service         | 33.91             | 34.09           | 0.18          | 2   |
 78     | 0.03 MB       | Generic_Service         | 34.18             | 34.39           | 0.2           | 2   |
 80     | 0.07 MB       | CPU_Intensive           | 35.49             | 35.89           | 0.4           | 2   |
 79     | 0.23 MB       | CPU_and_Data_Intensive  | 34.96             | 36.19           | 1.23          | 2   |
 81     | 0.02 MB       | Generic_Service         | 36.34             | 36.39           | 0.05          | 2   |
 82     | 0.03 MB       | CPU_Intensive           | 37.21             | 37.39           | 0.18          | 2   |
 83     | 0.03 MB       | Generic_Service         | 37.56             | 37.79           | 0.24          | 2   |
 85     | 0.09 MB       | Generic_Service         | 38.3              | 38.49           | 0.2           | 2   |
 86     | 0.05 MB       | Generic_Service         | 39.62             | 39.8            | 0.18          | 2   |
 88     | 0.08 MB       | Generic_Service         | 39.63             | 39.9            | 0.26          | 2   |
 90     | 0.08 MB       | Generic_Service         | 40.08             | 40.3            | 0.22          | 2   |
 91     | 0.03 MB       | CPU_Intensive           | 40.43             | 40.9            | 0.47          | 2   |
 92     | 0.04 MB       | Generic_Service         | 41.96             | 42.21           | 0.24          | 2   |
 93     | 0.05 MB       | Generic_Service         | 42.02             | 42.31           | 0.29          | 2   |
 94     | 8.50 MB       | CPU_and_Data_Intensive  | 42.18             | 42.41           | 0.23          | 2   |
 89     | 1.08 MB       | CPU_and_Data_Intensive  | 39.75             | 42.51           | 2.76          | 2   |
 96     | 0.04 MB       | CPU_Intensive           | 42.67             | 42.91           | 0.24          | 2   |
 95     | 0.04 MB       | CPU_Intensive           | 42.47             | 43.31           | 0.84          | 2   |
 97     | 0.05 MB       | CPU_Intensive           | 43.44             | 43.51           | 0.08          | 2   |
 98     | 0.06 MB       | CPU_Intensive           | 45.0              | 45.61           | 0.62          | 2   |
 100    | 0.07 MB       | Generic_Service         | 46.06             | 46.11           | 0.05          | 1   |
 102    | 0.03 MB       | Generic_Service         | 47.17             | 47.42           | 0.25          | 2   |
 99     | 12.00 MB      | CPU_and_Data_Intensive  | 46.05             | 47.92           | 1.87          | 2   |
 103    | 0.01 MB       | Generic_Service         | 48.04             | 48.22           | 0.18          | 2   |
 105    | 0.02 MB       | CPU_Intensive           | 48.38             | 48.62           | 0.25          | 2   |
 104    | 0.05 MB       | CPU_Intensive           | 48.32             | 48.72           | 0.41          | 2   |
 108    | 0.07 MB       | Generic_Service         | 50.13             | 50.33           | 0.19          | 2   |
 109    | 0.07 MB       | CPU_Intensive           | 50.22             | 50.53           | 0.31          | 2   |
 110    | 0.02 MB       | Generic_Service         | 50.69             | 51.03           | 0.34          | 2   |
 111    | 0.09 MB       | CPU_Intensive           | 51.2              | 51.43           | 0.23          | 2   |
 112    | 0.01 MB       | CPU_Intensive           | 51.25             | 51.63           | 0.38          | 2   |
 113    | 0.02 MB       | Generic_Service         | 52.17             | 52.24           | 0.06          | 2   |
 115    | 0.03 MB       | Generic_Service         | 52.78             | 52.94           | 0.16          | 2   |
 114    | 3.11 MB       | CPU_and_Data_Intensive  | 52.34             | 53.04           | 0.69          | 2   |
 116    | 0.06 MB       | Generic_Service         | 53.99             | 54.04           | 0.05          | 1   |
 117    | 1.98 MB       | CPU_and_Data_Intensive  | 54.66             | 55.64           | 0.98          | 2   |
 118    | 0.04 MB       | CPU_Intensive           | 55.63             | 56.14           | 0.51          | 2   |
 122    | 0.06 MB       | CPU_Intensive           | 56.78             | 56.94           | 0.17          | 2   |
 123    | 0.02 MB       | CPU_Intensive           | 56.92             | 57.25           | 0.33          | 2   |
 121    | 0.05 MB       | CPU_Intensive           | 56.77             | 57.25           | 0.47          | 2   |
 124    | 0.03 MB       | Generic_Service         | 57.14             | 57.35           | 0.21          | 2   |
 119    | 8.25 MB       | CPU_and_Data_Intensive  | 55.65             | 57.45           | 1.8           | 2   |
 127    | 0.06 MB       | Generic_Service         | 57.48             | 57.55           | 0.08          | 2   |
 120    | 0.06 MB       | CPU_Intensive           | 56.0              | 57.65           | 1.65          | 2   |
 125    | 0.02 MB       | CPU_Intensive           | 57.36             | 57.96           | 0.59          | 2   |
 126    | 17.16 MB      | CPU_and_Data_Intensive  | 57.39             | 58.06           | 0.67          | 2   |
 128    | 0.05 MB       | CPU_Intensive           | 57.63             | 58.16           | 0.53          | 2   |
 131    | 0.01 MB       | CPU_Intensive           | 58.36             | 58.46           | 0.1           | 1   |
 130    | 0.08 MB       | CPU_Intensive           | 58.11             | 58.46           | 0.35          | 2   |
 129    | 11.67 MB      | CPU_and_Data_Intensive  | 57.94             | 58.86           | 0.92          | 2   |
 132    | 0.07 MB       | CPU_Intensive           | 58.81             | 59.27           | 0.46          | 2   |
 134    | 0.08 MB       | Generic_Service         | 59.08             | 59.37           | 0.29          | 2   |
 133    | 0.05 MB       | CPU_Intensive           | 58.89             | 59.47           | 0.57          | 1   |
 135    | 0.06 MB       | Generic_Service         | 60.35             | 60.57           | 0.22          | 2   |
 136    | 0.01 MB       | CPU_Intensive           | 60.54             | 60.77           | 0.23          | 2   |
 137    | 4.03 MB       | CPU_and_Data_Intensive  | 61.35             | 62.17           | 0.82          | 2   |
 139    | 0.05 MB       | CPU_Intensive           | 62.48             | 62.87           | 0.39          | 2   |
 141    | 0.05 MB       | Generic_Service         | 63.13             | 63.27           | 0.15          | 2   |
 142    | 0.04 MB       | CPU_Intensive           | 63.25             | 63.58           | 0.33          | 2   |
 145    | 7.87 MB       | CPU_and_Data_Intensive  | 63.45             | 63.68           | 0.23          | 2   |
 146    | 0.05 MB       | CPU_Intensive           | 63.49             | 63.98           | 0.49          | 2   |
 147    | 0.06 MB       | CPU_Intensive           | 63.56             | 64.08           | 0.52          | 2   |
 140    | 0.06 MB       | CPU_Intensive           | 63.07             | 64.18           | 1.12          | 2   |
 143    | 4.99 MB       | CPU_and_Data_Intensive  | 63.39             | 64.28           | 0.9           | 2   |
 148    | 0.07 MB       | Generic_Service         | 65.08             | 65.49           | 0.41          | 2   |
 150    | 0.01 MB       | Generic_Service         | 65.41             | 65.59           | 0.18          | 2   |
 149    | 0.07 MB       | CPU_Intensive           | 65.28             | 65.69           | 0.41          | 2   |
 151    | 0.08 MB       | Generic_Service         | 66.27             | 66.49           | 0.22          | 2   |
 153    | 0.07 MB       | CPU_Intensive           | 67.73             | 68.19           | 0.46          | 2   |
 155    | 0.01 MB       | Generic_Service         | 68.35             | 68.5            | 0.14          | 2   |
 154    | 13.74 MB      | CPU_and_Data_Intensive  | 68.09             | 68.7            | 0.61          | 2   |
 157    | 0.01 MB       | CPU_Intensive           | 71.17             | 71.4            | 0.23          | 2   |
 159    | 0.02 MB       | Generic_Service         | 71.76             | 71.8            | 0.04          | 1   |
 160    | 0.05 MB       | CPU_Intensive           | 71.86             | 72.1            | 0.24          | 2   |
 158    | 0.07 MB       | CPU_Intensive           | 71.3              | 72.2            | 0.9           | 2   |
 161    | 0.04 MB       | Generic_Service         | 72.72             | 72.8            | 0.08          | 1   |
 162    | 20.06 MB      | CPU_and_Data_Intensive  | 72.8              | 72.91           | 0.1           | 2   |
 163    | 0.99 MB       | CPU_and_Data_Intensive  | 74.28             | 74.61           | 0.32          | 2   |
 166    | 0.06 MB       | CPU_Intensive           | 75.2              | 75.81           | 0.61          | 1   |
 165    | 0.06 MB       | CPU_Intensive           | 75.09             | 75.91           | 0.82          | 2   |
 164    | 0.02 MB       | CPU_Intensive           | 75.06             | 76.01           | 0.95          | 2   |
 167    | 0.05 MB       | Generic_Service         | 76.34             | 76.51           | 0.17          | 2   |
 168    | 0.04 MB       | Generic_Service         | 76.43             | 76.51           | 0.08          | 1   |
 169    | 0.03 MB       | Generic_Service         | 76.53             | 76.61           | 0.09          | 2   |
 171    | 0.05 MB       | CPU_Intensive           | 76.99             | 77.42           | 0.43          | 2   |
 173    | 0.04 MB       | CPU_Intensive           | 78.33             | 78.42           | 0.09          | 2   |
 172    | 2.07 MB       | CPU_and_Data_Intensive  | 78.1              | 78.62           | 0.52          | 2   |
 170    | 7.53 MB       | CPU_and_Data_Intensive  | 76.83             | 78.72           | 1.89          | 2   |
 176    | 0.24 MB       | CPU_and_Data_Intensive  | 79.22             | 79.62           | 0.4           | 2   |
 177    | 1.22 MB       | CPU_and_Data_Intensive  | 79.94             | 80.32           | 0.38          | 2   |
 178    | 12.47 MB      | CPU_and_Data_Intensive  | 81.6              | 82.52           | 0.93          | 2   |
 179    | 0.02 MB       | CPU_Intensive           | 83.23             | 83.43           | 0.2           | 2   |
 180    | 0.07 MB       | Generic_Service         | 83.43             | 83.63           | 0.2           | 2   |
 181    | 0.07 MB       | CPU_Intensive           | 84.24             | 84.33           | 0.09          | 2   |
 183    | 0.04 MB       | Generic_Service         | 84.86             | 85.03           | 0.17          | 2   |
 182    | 0.02 MB       | CPU_Intensive           | 84.86             | 85.13           | 0.27          | 2   |
 184    | 0.03 MB       | Generic_Service         | 85.07             | 85.13           | 0.07          | 1   |
 185    | 0.06 MB       | CPU_Intensive           | 85.31             | 85.73           | 0.42          | 2   |
 186    | 0.03 MB       | CPU_Intensive           | 85.34             | 86.03           | 0.69          | 2   |
 187    | 0.05 MB       | CPU_Intensive           | 85.43             | 86.13           | 0.71          | 2   |
 189    | 0.05 MB       | CPU_Intensive           | 86.06             | 86.54           | 0.47          | 2   |
 191    | 0.05 MB       | Generic_Service         | 86.75             | 86.94           | 0.18          | 2   |
 192    | 0.05 MB       | Generic_Service         | 87.0              | 87.24           | 0.24          | 2   |
 193    | 0.07 MB       | CPU_Intensive           | 87.16             | 87.34           | 0.18          | 2   |
 188    | 0.07 MB       | CPU_Intensive           | 85.7              | 87.64           | 1.94          | 2   |
 190    | 0.08 MB       | CPU_Intensive           | 86.74             | 88.34           | 1.6           | 2   |
 194    | 23.80 MB      | CPU_and_Data_Intensive  | 87.31             | 88.44           | 1.13          | 2   |
 195    | 0.04 MB       | Generic_Service         | 88.65             | 88.85           | 0.19          | 2   |
 196    | 0.06 MB       | Generic_Service         | 88.77             | 88.95           | 0.18          | 2   |
 197    | 0.04 MB       | CPU_Intensive           | 88.85             | 89.15           | 0.3           | 2   |
 200    | 0.04 MB       | Generic_Service         | 89.73             | 90.05           | 0.32          | 2   |
 199    | 2.94 MB       | CPU_and_Data_Intensive  | 89.34             | 90.25           | 0.91          | 2   |
 198    | 0.07 MB       | CPU_Intensive           | 89.11             | 90.65           | 1.54          | 2   |
 201    | 0.08 MB       | CPU_Intensive           | 89.87             | 90.95           | 1.08          | 2   |
 202    | 0.07 MB       | CPU_Intensive           | 91.0              | 91.96           | 0.96          | 2   |
 203    | 0.04 MB       | CPU_Intensive           | 91.33             | 92.26           | 0.93          | 2   |
 204    | 0.06 MB       | CPU_Intensive           | 92.13             | 92.46           | 0.33          | 2   |
 205    | 0.08 MB       | CPU_Intensive           | 92.29             | 92.76           | 0.47          | 2   |
 206    | 0.02 MB       | CPU_Intensive           | 92.89             | 93.16           | 0.27          | 2   |
 207    | 2.87 MB       | CPU_and_Data_Intensive  | 92.99             | 93.76           | 0.77          | 2   |
 211    | 0.05 MB       | Generic_Service         | 93.9              | 93.96           | 0.06          | 2   |
 208    | 0.02 MB       | CPU_Intensive           | 93.06             | 94.07           | 1.01          | 2   |
 210    | 0.58 MB       | CPU_and_Data_Intensive  | 93.83             | 94.27           | 0.43          | 2   |
 213    | 3.87 MB       | CPU_and_Data_Intensive  | 94.49             | 94.77           | 0.27          | 2   |
 214    | 0.08 MB       | CPU_Intensive           | 96.16             | 96.67           | 0.51          | 2   |
 215    | 0.02 MB       | CPU_Intensive           | 96.9              | 97.07           | 0.17          | 2   |
 218    | 9.81 MB       | CPU_and_Data_Intensive  | 97.69             | 97.87           | 0.18          | 2   |
 217    | 0.03 MB       | CPU_Intensive           | 97.69             | 98.08           | 0.39          | 2   |
 216    | 7.06 MB       | CPU_and_Data_Intensive  | 97.64             | 98.18           | 0.53          | 2   |
 219    | 0.08 MB       | Generic_Service         | 99.78             | 100.28          | 0.49          | 2   |
 220    | 0.06 MB       | Generic_Service         | 100.38            | 100.58          | 0.2           | 2   |
 222    | 0.08 MB       | Generic_Service         | 101.96            | 101.98          | 0.02          | 2   |
 221    | 1.93 MB       | CPU_and_Data_Intensive  | 101.84            | 102.38          | 0.54          | 2   |
 224    | 1.70 MB       | CPU_and_Data_Intensive  | 103.0             | 103.09          | 0.08          | 2   |
 223    | 0.03 MB       | CPU_Intensive           | 102.98            | 103.29          | 0.31          | 2   |
 225    | 0.08 MB       | Generic_Service         | 103.54            | 103.69          | 0.15          | 2   |
 228    | 0.03 MB       | CPU_Intensive           | 104.31            | 105.09          | 0.78          | 2   |
 226    | 0.05 MB       | CPU_Intensive           | 103.69            | 105.19          | 1.5           | 2   |
 229    | 0.01 MB       | Generic_Service         | 105.04            | 105.29          | 0.26          | 2   |
 230    | 0.02 MB       | Generic_Service         | 105.6             | 105.8           | 0.2           | 2   |
 231    | 0.06 MB       | Generic_Service         | 105.92            | 106.0           | 0.07          | 2   |
 232    | 0.08 MB       | CPU_Intensive           | 106.77            | 107.0           | 0.23          | 2   |
 234    | 0.05 MB       | CPU_Intensive           | 108.66            | 108.9           | 0.24          | 2   |
 235    | 0.07 MB       | Generic_Service         | 109.82            | 110.1           | 0.28          | 2   |
 237    | 0.08 MB       | Generic_Service         | 110.12            | 110.4           | 0.29          | 2   |
 236    | 0.03 MB       | CPU_Intensive           | 110.05            | 110.5           | 0.45          | 2   |
 238    | 17.81 MB      | CPU_and_Data_Intensive  | 111.99            | 112.8           | 0.81          | 2   |
 239    | 0.05 MB       | CPU_Intensive           | 112.26            | 113.1           | 0.84          | 2   |
 240    | 0.03 MB       | Generic_Service         | 114.31            | 114.41          | 0.09          | 2   |
 241    | 0.08 MB       | Generic_Service         | 115.79            | 115.91          | 0.12          | 2   |
 242    | 0.07 MB       | CPU_Intensive           | 116.35            | 117.31          | 0.96          | 2   |
 243    | 1.85 MB       | CPU_and_Data_Intensive  | 116.94            | 117.41          | 0.47          | 2   |
 244    | 0.02 MB       | CPU_Intensive           | 116.98            | 117.51          | 0.53          | 2   |
 245    | 0.02 MB       | CPU_Intensive           | 118.33            | 118.61          | 0.28          | 2   |
 246    | 0.06 MB       | CPU_Intensive           | 118.55            | 118.81          | 0.26          | 2   |
 247    | 0.05 MB       | Generic_Service         | 119.17            | 119.21          | 0.05          | 2   |
 248    | 8.93 MB       | CPU_and_Data_Intensive  | 119.47            | 119.82          | 0.35          | 2   |
 249    | 0.09 MB       | CPU_Intensive           | 119.75            | 120.22          | 0.47          | 2   |
 250    | 0.03 MB       | CPU_Intensive           | 121.17            | 121.42          | 0.25          | 2   |
 251    | 0.02 MB       | Generic_Service         | 121.46            | 121.62          | 0.16          | 2   |
 252    | 0.02 MB       | Generic_Service         | 121.79            | 121.82          | 0.03          | 2   |
 253    | 0.03 MB       | Generic_Service         | 122.21            | 122.32          | 0.11          | 2   |
 255    | 0.08 MB       | Generic_Service         | 122.84            | 123.12          | 0.28          | 2   |
 256    | 0.06 MB       | CPU_Intensive           | 123.55            | 123.82          | 0.28          | 2   |
 254    | 3.88 MB       | CPU_and_Data_Intensive  | 122.22            | 123.92          | 1.7           | 2   |
 257    | 0.06 MB       | CPU_Intensive           | 123.81            | 124.42          | 0.61          | 2   |
 259    | 0.08 MB       | Generic_Service         | 124.34            | 124.53          | 0.19          | 2   |
 260    | 0.36 MB       | CPU_and_Data_Intensive  | 124.39            | 124.63          | 0.24          | 2   |
 258    | 14.38 MB      | CPU_and_Data_Intensive  | 124.29            | 125.03          | 0.73          | 2   |
 261    | 5.76 MB       | CPU_and_Data_Intensive  | 124.84            | 125.23          | 0.39          | 2   |
 263    | 0.08 MB       | CPU_Intensive           | 125.2             | 125.33          | 0.13          | 2   |
 264    | 0.01 MB       | CPU_Intensive           | 125.32            | 125.53          | 0.21          | 2   |
 265    | 15.45 MB      | CPU_and_Data_Intensive  | 125.4             | 125.93          | 0.53          | 2   |
 267    | 0.04 MB       | CPU_Intensive           | 127.62            | 127.73          | 0.12          | 2   |
 269    | 0.08 MB       | Generic_Service         | 129.03            | 129.13          | 0.1           | 1   |
 270    | 0.08 MB       | Generic_Service         | 129.04            | 129.13          | 0.09          | 2   |
 268    | 0.62 MB       | CPU_and_Data_Intensive  | 128.88            | 129.53          | 0.66          | 2   |
 273    | 0.04 MB       | Generic_Service         | 129.68            | 129.74          | 0.06          | 2   |
 272    | 0.04 MB       | CPU_Intensive           | 129.64            | 129.84          | 0.19          | 2   |
 271    | 6.70 MB       | CPU_and_Data_Intensive  | 129.45            | 129.94          | 0.48          | 2   |
 274    | 0.35 MB       | CPU_and_Data_Intensive  | 129.78            | 130.74          | 0.96          | 2   |
 275    | 0.06 MB       | CPU_Intensive           | 130.65            | 130.94          | 0.29          | 2   |
 276    | 0.03 MB       | Generic_Service         | 130.96            | 131.04          | 0.08          | 2   |
 277    | 0.06 MB       | CPU_Intensive           | 132.39            | 133.04          | 0.66          | 2   |
 279    | 0.05 MB       | CPU_Intensive           | 134.88            | 135.85          | 0.97          | 2   |
 278    | 0.06 MB       | CPU_Intensive           | 133.96            | 135.95          | 1.98          | 2   |
 281    | 0.08 MB       | CPU_Intensive           | 137.7             | 137.85          | 0.15          | 2   |
 282    | 0.08 MB       | CPU_Intensive           | 137.78            | 138.15          | 0.37          | 2   |
 280    | 0.70 MB       | CPU_and_Data_Intensive  | 137.18            | 138.35          | 1.18          | 2   |
 284    | 1.92 MB       | CPU_and_Data_Intensive  | 138.14            | 138.45          | 0.31          | 2   |
 286    | 0.06 MB       | Generic_Service         | 138.87            | 138.96          | 0.09          | 1   |
 285    | 0.07 MB       | Generic_Service         | 138.86            | 138.96          | 0.09          | 2   |
 287    | 0.05 MB       | Generic_Service         | 139.15            | 139.36          | 0.21          | 2   |
 283    | 3.34 MB       | CPU_and_Data_Intensive  | 137.99            | 139.56          | 1.57          | 2   |
 288    | 23.84 MB      | CPU_and_Data_Intensive  | 139.64            | 140.36          | 0.72          | 1   |
 289    | 0.02 MB       | CPU_Intensive           | 140.13            | 140.36          | 0.24          | 2   |
 290    | 0.07 MB       | Generic_Service         | 140.59            | 140.86          | 0.27          | 2   |
 292    | 0.08 MB       | CPU_Intensive           | 141.49            | 141.56          | 0.07          | 2   |
 293    | 0.02 MB       | Generic_Service         | 141.82            | 141.86          | 0.04          | 2   |
 291    | 0.16 MB       | CPU_and_Data_Intensive  | 141.48            | 142.26          | 0.78          | 2   |
 295    | 0.01 MB       | Generic_Service         | 142.29            | 142.47          | 0.18          | 2   |
 296    | 17.51 MB      | CPU_and_Data_Intensive  | 142.51            | 142.97          | 0.45          | 2   |
 294    | 0.09 MB       | CPU_Intensive           | 142.13            | 143.17          | 1.04          | 2   |
 298    | 0.09 MB       | CPU_and_Data_Intensive  | 143.54            | 143.77          | 0.23          | 2   |
 297    | 0.04 MB       | CPU_Intensive           | 143.14            | 143.87          | 0.73          | 1   |
 299    | 0.06 MB       | CPU_Intensive           | 144.0             | 144.07          | 0.07          | 2   |
 300    | 0.04 MB       | Generic_Service         | 145.68            | 145.87          | 0.19          | 2   |
 301    | 0.02 MB       | CPU_Intensive           | 145.9             | 146.47          | 0.58          | 2   |
 302    | 0.02 MB       | Generic_Service         | 146.86            | 147.07          | 0.21          | 2   |
 303    | 0.03 MB       | Generic_Service         | 147.44            | 147.48          | 0.04          | 2   |
 304    | 0.05 MB       | CPU_Intensive           | 147.98            | 148.78          | 0.79          | 2   |
 305    | 0.05 MB       | CPU_Intensive           | 148.78            | 148.98          | 0.2           | 2   |
 306    | 0.05 MB       | CPU_Intensive           | 149.06            | 149.88          | 0.82          | 2   |
 310    | 0.07 MB       | Generic_Service         | 150.38            | 150.58          | 0.2           | 2   |
 309    | 11.57 MB      | CPU_and_Data_Intensive  | 150.31            | 150.88          | 0.58          | 2   |
 308    | 1.28 MB       | CPU_and_Data_Intensive  | 149.66            | 150.99          | 1.33          | 2   |
 311    | 0.04 MB       | CPU_Intensive           | 150.88            | 151.39          | 0.51          | 2   |
 312    | 0.03 MB       | Generic_Service         | 151.24            | 151.49          | 0.24          | 2   |
 313    | 0.02 MB       | Generic_Service         | 152.07            | 152.29          | 0.22          | 2   |
 314    | 0.07 MB       | CPU_Intensive           | 152.29            | 152.59          | 0.3           | 2   |
 315    | 23.17 MB      | CPU_and_Data_Intensive  | 152.44            | 153.09          | 0.66          | 2   |
 317    | 0.04 MB       | Generic_Service         | 153.02            | 153.19          | 0.17          | 2   |
 318    | 0.03 MB       | Generic_Service         | 154.57            | 154.59          | 0.03          | 1   |
 316    | 0.02 MB       | CPU_Intensive           | 152.54            | 155.29          | 2.75          | 2   |
 319    | 0.04 MB       | Generic_Service         | 156.03            | 156.2           | 0.17          | 2   |
 321    | 22.30 MB      | CPU_and_Data_Intensive  | 156.26            | 156.5           | 0.24          | 2   |
 320    | 1.28 MB       | CPU_and_Data_Intensive  | 156.24            | 156.9           | 0.66          | 1   |
 322    | 0.98 MB       | CPU_and_Data_Intensive  | 156.85            | 157.6           | 0.75          | 2   |
 323    | 0.05 MB       | CPU_Intensive           | 157.1             | 157.9           | 0.8           | 1   |
 325    | 0.02 MB       | Generic_Service         | 158.26            | 158.4           | 0.14          | 2   |
 328    | 0.08 MB       | Generic_Service         | 158.69            | 158.9           | 0.22          | 2   |
 327    | 0.02 MB       | CPU_Intensive           | 158.66            | 159.0           | 0.34          | 2   |
 326    | 8.86 MB       | CPU_and_Data_Intensive  | 158.54            | 159.3           | 0.76          | 2   |
 329    | 0.01 MB       | CPU_Intensive           | 159.92            | 160.21          | 0.29          | 2   |
 333    | 0.06 MB       | Generic_Service         | 160.37            | 160.51          | 0.14          | 2   |
 332    | 0.04 MB       | Generic_Service         | 160.26            | 160.61          | 0.34          | 2   |
 330    | 0.02 MB       | CPU_Intensive           | 160.04            | 160.71          | 0.67          | 2   |
 334    | 0.06 MB       | Generic_Service         | 160.63            | 160.81          | 0.18          | 2   |
 331    | 0.45 MB       | CPU_and_Data_Intensive  | 160.22            | 161.01          | 0.79          | 2   |
 335    | 0.02 MB       | Generic_Service         | 162.0             | 162.21          | 0.22          | 2   |
 336    | 0.05 MB       | Generic_Service         | 162.92            | 163.12          | 0.19          | 2   |
 337    | 0.08 MB       | CPU_Intensive           | 163.99            | 164.32          | 0.33          | 2   |
 340    | 0.05 MB       | CPU_Intensive           | 164.34            | 164.62          | 0.29          | 2   |
 338    | 0.26 MB       | CPU_and_Data_Intensive  | 164.28            | 164.72          | 0.44          | 2   |
 342    | 0.05 MB       | Generic_Service         | 164.75            | 165.02          | 0.28          | 2   |
 341    | 0.04 MB       | CPU_Intensive           | 164.73            | 165.32          | 0.6           | 2   |
 343    | 0.01 MB       | CPU_Intensive           | 165.22            | 165.53          | 0.31          | 2   |
 344    | 0.06 MB       | Generic_Service         | 165.51            | 165.73          | 0.22          | 2   |
 346    | 1.50 MB       | CPU_and_Data_Intensive  | 166.92            | 167.33          | 0.41          | 2   |
 347    | 0.01 MB       | Generic_Service         | 167.18            | 167.43          | 0.25          | 2   |
 345    | 0.07 MB       | CPU_Intensive           | 166.29            | 167.53          | 1.24          | 2   |
 348    | 0.05 MB       | CPU_Intensive           | 167.21            | 167.63          | 0.42          | 2   |
 349    | 0.06 MB       | CPU_Intensive           | 167.75            | 168.04          | 0.28          | 2   |
 350    | 0.08 MB       | Generic_Service         | 168.25            | 168.54          | 0.29          | 2   |
 351    | 0.08 MB       | Generic_Service         | 168.59            | 168.84          | 0.25          | 2   |
 352    | 0.07 MB       | CPU_Intensive           | 168.63            | 170.94          | 2.31          | 2   |
 353    | 0.03 MB       | Generic_Service         | 171.1             | 171.34          | 0.24          | 2   |
 354    | 1.33 MB       | CPU_and_Data_Intensive  | 171.74            | 172.24          | 0.51          | 2   |
 357    | 0.06 MB       | Generic_Service         | 173.17            | 173.35          | 0.17          | 2   |
 356    | 0.05 MB       | CPU_Intensive           | 172.63            | 173.45          | 0.82          | 2   |
 355    | 10.53 MB      | CPU_and_Data_Intensive  | 172.47            | 173.55          | 1.08          | 2   |
 358    | 0.07 MB       | Generic_Service         | 173.5             | 173.75          | 0.25          | 2   |
 359    | 0.03 MB       | CPU_Intensive           | 173.96            | 174.15          | 0.19          | 2   |
 361    | 0.06 MB       | Generic_Service         | 174.91            | 175.05          | 0.14          | 2   |
 362    | 0.08 MB       | Generic_Service         | 175.16            | 175.35          | 0.2           | 2   |
 364    | 1.44 MB       | CPU_and_Data_Intensive  | 177.31            | 177.86          | 0.54          | 2   |
 363    | 0.07 MB       | CPU_Intensive           | 176.96            | 177.96          | 0.99          | 2   |
 366    | 0.02 MB       | CPU_Intensive           | 178.17            | 178.26          | 0.09          | 1   |
 365    | 11.30 MB      | CPU_and_Data_Intensive  | 177.4             | 178.36          | 0.96          | 2   |
 368    | 0.06 MB       | Generic_Service         | 178.73            | 178.76          | 0.03          | 2   |
 370    | 0.09 MB       | Generic_Service         | 179.42            | 179.46          | 0.04          | 2   |
 371    | 0.03 MB       | Generic_Service         | 179.74            | 179.76          | 0.03          | 2   |
 367    | 489.65 MB     | CPU_and_Data_Intensive  | 178.65            | 179.96          | 1.32          | 1   |
 372    | 0.73 MB       | CPU_and_Data_Intensive  | 179.78            | 179.96          | 0.18          | 2   |
 369    | 0.03 MB       | CPU_Intensive           | 179.4             | 180.27          | 0.86          | 2   |
 374    | 0.08 MB       | Generic_Service         | 180.32            | 180.47          | 0.15          | 2   |
 373    | 0.05 MB       | CPU_Intensive           | 180.03            | 180.67          | 0.64          | 2   |
 375    | 0.02 MB       | Generic_Service         | 180.62            | 180.77          | 0.15          | 2   |
 376    | 0.03 MB       | Generic_Service         | 180.82            | 180.97          | 0.15          | 2   |
 377    | 0.07 MB       | Generic_Service         | 181.8             | 181.87          | 0.07          | 2   |
 379    | 0.05 MB       | CPU_Intensive           | 182.87            | 182.97          | 0.1           | 2   |
 378    | 10.13 MB      | CPU_and_Data_Intensive  | 182.72            | 183.07          | 0.35          | 2   |
 381    | 0.09 MB       | Generic_Service         | 183.38            | 183.47          | 0.09          | 2   |
 383    | 0.03 MB       | Generic_Service         | 183.75            | 183.87          | 0.12          | 2   |
 380    | 0.03 MB       | CPU_Intensive           | 183.31            | 184.28          | 0.96          | 2   |
 382    | 4.50 MB       | CPU_and_Data_Intensive  | 183.43            | 184.58          | 1.14          | 2   |
 384    | 0.04 MB       | Generic_Service         | 184.76            | 184.78          | 0.02          | 2   |
 385    | 0.07 MB       | Generic_Service         | 187.43            | 187.58          | 0.14          | 2   |
 386    | 0.04 MB       | Generic_Service         | 187.57            | 187.68          | 0.11          | 2   |
 388    | 0.07 MB       | CPU_and_Data_Intensive  | 188.38            | 188.88          | 0.5           | 2   |
 390    | 0.02 MB       | Generic_Service         | 192.47            | 192.58          | 0.11          | 2   |
 391    | 0.01 MB       | CPU_Intensive           | 193.01            | 193.59          | 0.58          | 2   |
 394    | 1.29 MB       | CPU_and_Data_Intensive  | 194.24            | 194.29          | 0.05          | 2   |
 393    | 0.07 MB       | Generic_Service         | 194.21            | 194.39          | 0.18          | 2   |
 395    | 2.16 MB       | CPU_and_Data_Intensive  | 194.37            | 194.49          | 0.12          | 2   |
 396    | 16.00 MB      | CPU_and_Data_Intensive  | 195.1             | 195.49          | 0.39          | 2   |
 397    | 0.22 MB       | CPU_and_Data_Intensive  | 195.54            | 196.59          | 1.05          | 1   |
 399    | 0.08 MB       | Generic_Service         | 197.31            | 197.39          | 0.08          | 2   |
 398    | 0.03 MB       | CPU_and_Data_Intensive  | 197.19            | 197.6           | 0.41          | 2   |
 401    | 0.55 MB       | CPU_and_Data_Intensive  | 197.75            | 198.3           | 0.54          | 2   |
 402    | 0.05 MB       | CPU_Intensive           | 197.78            | 198.6           | 0.81          | 2   |
 403    | 0.06 MB       | Generic_Service         | 198.4             | 198.7           | 0.29          | 2   |
 404    | 0.02 MB       | Generic_Service         | 198.75            | 198.8           | 0.06          | 1   |
 400    | 0.04 MB       | CPU_Intensive           | 197.67            | 198.9           | 1.23          | 2   |
 405    | 0.03 MB       | CPU_Intensive           | 202.65            | 202.9           | 0.26          | 2   |
 406    | 0.06 MB       | CPU_Intensive           | 203.23            | 203.9           | 0.67          | 2   |
 407    | 6.32 MB       | CPU_and_Data_Intensive  | 203.68            | 204.01          | 0.33          | 2   |
 409    | 0.07 MB       | Generic_Service         | 205.05            | 205.21          | 0.16          | 2   |
 408    | 0.04 MB       | CPU_Intensive           | 204.78            | 205.51          | 0.73          | 2   |
 410    | 8.20 MB       | CPU_and_Data_Intensive  | 205.7             | 206.41          | 0.71          | 2   |
 411    | 0.02 MB       | Generic_Service         | 208.29            | 208.51          | 0.22          | 2   |
 413    | 0.08 MB       | Generic_Service         | 208.51            | 208.61          | 0.1           | 2   |
 415    | 0.05 MB       | CPU_Intensive           | 208.87            | 209.02          | 0.15          | 2   |
 412    | 0.02 MB       | CPU_Intensive           | 208.37            | 209.12          | 0.75          | 2   |
 414    | 10.42 MB      | CPU_and_Data_Intensive  | 208.63            | 209.32          | 0.69          | 2   |
 416    | 0.05 MB       | CPU_Intensive           | 209.53            | 210.02          | 0.49          | 2   |
 417    | 0.03 MB       | Generic_Service         | 209.87            | 210.12          | 0.25          | 2   |
 418    | 0.01 MB       | Generic_Service         | 209.99            | 210.22          | 0.23          | 2   |
 419    | 0.02 MB       | Generic_Service         | 211.78            | 212.02          | 0.25          | 2   |
 420    | 0.07 MB       | Generic_Service         | 212.15            | 212.43          | 0.27          | 2   |
 422    | 0.08 MB       | CPU_Intensive           | 213.07            | 213.33          | 0.26          | 2   |
 423    | 0.07 MB       | Generic_Service         | 213.71            | 213.93          | 0.22          | 2   |
 424    | 0.09 MB       | Generic_Service         | 214.15            | 214.33          | 0.18          | 2   |
 425    | 3.12 MB       | CPU_and_Data_Intensive  | 214.45            | 214.73          | 0.28          | 2   |
 427    | 23.47 MB      | CPU_and_Data_Intensive  | 214.75            | 215.24          | 0.49          | 2   |
 426    | 0.02 MB       | CPU_Intensive           | 214.74            | 215.54          | 0.8           | 2   |
 429    | 0.04 MB       | CPU_and_Data_Intensive  | 215.56            | 215.74          | 0.18          | 2   |
 428    | 14.85 MB      | CPU_and_Data_Intensive  | 215.15            | 216.04          | 0.89          | 2   |
 430    | 0.03 MB       | Generic_Service         | 216.03            | 216.24          | 0.21          | 2   |
 432    | 0.04 MB       | Generic_Service         | 216.89            | 217.15          | 0.26          | 2   |
 433    | 0.02 MB       | Generic_Service         | 217.0             | 217.25          | 0.25          | 2   |
 434    | 0.07 MB       | CPU_Intensive           | 217.08            | 217.45          | 0.37          | 2   |
 436    | 0.03 MB       | Generic_Service         | 217.9             | 218.05          | 0.15          | 2   |
 431    | 0.01 MB       | CPU_Intensive           | 216.07            | 218.45          | 2.38          | 2   |
 437    | 0.08 MB       | CPU_Intensive           | 218.08            | 218.65          | 0.57          | 2   |
 439    | 0.05 MB       | Generic_Service         | 218.74            | 219.16          | 0.42          | 2   |
 435    | 190.33 MB     | CPU_and_Data_Intensive  | 217.58            | 219.16          | 1.58          | 2   |
 438    | 0.02 MB       | CPU_Intensive           | 218.5             | 219.26          | 0.76          | 2   |
 440    | 0.05 MB       | Generic_Service         | 219.29            | 219.56          | 0.27          | 2   |
 441    | 0.02 MB       | CPU_Intensive           | 219.67            | 219.96          | 0.3           | 2   |
 442    | 0.04 MB       | Generic_Service         | 219.81            | 219.96          | 0.16          | 2   |
 443    | 0.05 MB       | CPU_Intensive           | 220.33            | 220.57          | 0.23          | 2   |
 444    | 0.05 MB       | CPU_Intensive           | 221.87            | 222.17          | 0.3           | 2   |
 445    | 0.03 MB       | Generic_Service         | 222.31            | 222.47          | 0.16          | 2   |
 446    | 0.07 MB       | CPU_Intensive           | 222.55            | 222.77          | 0.22          | 2   |
 447    | 0.06 MB       | Generic_Service         | 223.33            | 223.57          | 0.24          | 2   |
 448    | 0.03 MB       | Generic_Service         | 224.25            | 224.27          | 0.02          | 2   |
 450    | 0.08 MB       | CPU_Intensive           | 225.23            | 225.37          | 0.14          | 2   |
 451    | 0.06 MB       | Generic_Service         | 225.5             | 225.78          | 0.27          | 2   |
 452    | 0.08 MB       | CPU_Intensive           | 226.18            | 226.48          | 0.3           | 2   |
 454    | 0.08 MB       | Generic_Service         | 227.3             | 227.48          | 0.18          | 2   |
 457    | 0.01 MB       | Generic_Service         | 228.24            | 228.28          | 0.04          | 1   |
 456    | 0.01 MB       | Generic_Service         | 228.04            | 228.28          | 0.24          | 2   |
 458    | 0.05 MB       | Generic_Service         | 228.27            | 228.48          | 0.22          | 2   |
 459    | 0.07 MB       | Generic_Service         | 228.74            | 228.78          | 0.05          | 2   |
 460    | 0.05 MB       | CPU_Intensive           | 228.83            | 229.19          | 0.35          | 2   |
 455    | 0.04 MB       | CPU_Intensive           | 227.4             | 229.39          | 1.99          | 2   |
 461    | 0.86 MB       | CPU_and_Data_Intensive  | 228.96            | 229.79          | 0.83          | 2   |
 462    | 0.06 MB       | CPU_Intensive           | 230.09            | 230.29          | 0.2           | 2   |
 463    | 0.08 MB       | Generic_Service         | 230.44            | 230.69          | 0.25          | 2   |
 464    | 0.02 MB       | Generic_Service         | 231.1             | 231.29          | 0.19          | 2   |
 465    | 0.03 MB       | Generic_Service         | 231.69            | 231.9           | 0.21          | 2   |
 466    | 1.96 MB       | CPU_and_Data_Intensive  | 232.01            | 232.5           | 0.49          | 2   |
 467    | 0.05 MB       | Generic_Service         | 233.32            | 233.6           | 0.28          | 2   |
 468    | 2.83 MB       | CPU_and_Data_Intensive  | 233.43            | 233.7           | 0.27          | 2   |
 469    | 0.07 MB       | CPU_Intensive           | 233.99            | 234.4           | 0.41          | 2   |
 470    | 0.01 MB       | CPU_Intensive           | 234.38            | 235.2           | 0.83          | 2   |
 471    | 1.56 MB       | CPU_and_Data_Intensive  | 234.98            | 235.7           | 0.73          | 2   |
 472    | 0.07 MB       | Generic_Service         | 236.32            | 236.41          | 0.08          | 2   |
 473    | 0.03 MB       | Generic_Service         | 236.86            | 236.91          | 0.05          | 2   |
 474    | 179.50 MB     | CPU_and_Data_Intensive  | 237.34            | 238.21          | 0.86          | 2   |
 475    | 0.04 MB       | CPU_Intensive           | 238.13            | 238.31          | 0.18          | 2   |
 478    | 2.07 MB       | CPU_and_Data_Intensive  | 239.53            | 240.11          | 0.58          | 2   |
 477    | 0.07 MB       | CPU_Intensive           | 239.2             | 240.31          | 1.11          | 1   |
 479    | 0.04 MB       | Generic_Service         | 240.08            | 240.51          | 0.44          | 2   |
 481    | 0.03 MB       | Generic_Service         | 240.91            | 241.01          | 0.11          | 2   |
 482    | 0.08 MB       | CPU_Intensive           | 241.34            | 241.72          | 0.37          | 2   |
 483    | 0.06 MB       | CPU_Intensive           | 242.05            | 242.12          | 0.06          | 2   |
 485    | 0.01 MB       | Generic_Service         | 242.34            | 242.52          | 0.17          | 2   |
 487    | 0.07 MB       | Generic_Service         | 243.77            | 244.02          | 0.25          | 2   |
 486    | 19.10 MB      | CPU_and_Data_Intensive  | 243.05            | 244.22          | 1.17          | 2   |
 488    | 0.04 MB       | Generic_Service         | 247.04            | 247.22          | 0.18          | 2   |
 489    | 13.80 MB      | CPU_and_Data_Intensive  | 247.67            | 247.93          | 0.25          | 2   |
 491    | 0.05 MB       | Generic_Service         | 247.82            | 248.03          | 0.21          | 3   |
 490    | 0.60 MB       | CPU_and_Data_Intensive  | 247.7             | 248.33          | 0.63          | 2   |
 492    | 14.05 MB      | CPU_and_Data_Intensive  | 247.83            | 248.53          | 0.69          | 2   |
 494    | 0.02 MB       | CPU_Intensive           | 249.27            | 249.43          | 0.16          | 2   |
 495    | 0.08 MB       | Generic_Service         | 249.4             | 249.63          | 0.23          | 2   |
 493    | 0.04 MB       | CPU_Intensive           | 249.09            | 249.73          | 0.64          | 2   |
 496    | 0.04 MB       | Generic_Service         | 249.45            | 249.83          | 0.38          | 2   |
 498    | 0.03 MB       | Generic_Service         | 249.98            | 250.13          | 0.15          | 2   |
 499    | 0.04 MB       | Generic_Service         | 250.17            | 250.33          | 0.17          | 2   |
 497    | 0.05 MB       | CPU_Intensive           | 249.81            | 250.54          | 0.72          | 2   |
 500    | 0.21 MB       | CPU_and_Data_Intensive  | 252.13            | 252.94          | 0.81          | 2   |
 501    | 2.14 MB       | CPU_and_Data_Intensive  | 253.29            | 253.54          | 0.25          | 2   |
 502    | 499.61 MB     | CPU_and_Data_Intensive  | 254.12            | 256.14          | 2.02          | 2   |
 505    | 0.07 MB       | CPU_Intensive           | 256.22            | 256.34          | 0.12          | 2   |
 504    | 7.59 MB       | CPU_and_Data_Intensive  | 255.89            | 256.84          | 0.95          | 2   |
 506    | 2.57 MB       | CPU_and_Data_Intensive  | 256.69            | 257.74          | 1.06          | 2   |
 508    | 0.02 MB       | CPU_Intensive           | 257.61            | 257.84          | 0.24          | 2   |
 509    | 0.01 MB       | Generic_Service         | 257.83            | 258.04          | 0.22          | 2   |
 510    | 1.03 MB       | CPU_and_Data_Intensive  | 258.07            | 258.45          | 0.38          | 2   |
 511    | 0.04 MB       | Generic_Service         | 258.81            | 258.95          | 0.14          | 1   |
 512    | 0.05 MB       | Generic_Service         | 259.27            | 259.35          | 0.08          | 2   |
 514    | 0.04 MB       | Generic_Service         | 259.69            | 259.95          | 0.26          | 2   |
 515    | 0.05 MB       | Generic_Service         | 260.05            | 260.25          | 0.2           | 2   |
 516    | 0.07 MB       | CPU_Intensive           | 260.24            | 260.75          | 0.51          | 2   |
 517    | 13.58 MB      | CPU_and_Data_Intensive  | 260.38            | 261.15          | 0.77          | 2   |
 518    | 338.39 MB     | CPU_and_Data_Intensive  | 260.5             | 261.55          | 1.05          | 1   |
 521    | 0.08 MB       | Generic_Service         | 261.88            | 261.95          | 0.08          | 2   |
 520    | 0.02 MB       | CPU_Intensive           | 261.56            | 262.56          | 1.0           | 2   |
 522    | 0.03 MB       | CPU_Intensive           | 262.95            | 263.56          | 0.6           | 2   |
 524    | 0.03 MB       | CPU_Intensive           | 265.22            | 265.26          | 0.03          | 1   |
 525    | 0.03 MB       | CPU_Intensive           | 265.38            | 265.46          | 0.08          | 1   |
 526    | 0.08 MB       | CPU_and_Data_Intensive  | 265.48            | 265.66          | 0.17          | 2   |
 523    | 0.34 MB       | CPU_and_Data_Intensive  | 264.14            | 267.16          | 3.02          | 1   |
 528    | 0.03 MB       | CPU_Intensive           | 266.9             | 267.56          | 0.66          | 2   |
 530    | 0.02 MB       | Generic_Service         | 268.24            | 268.46          | 0.22          | 2   |
 531    | 0.05 MB       | CPU_Intensive           | 268.49            | 268.66          | 0.17          | 2   |
 533    | 0.07 MB       | Generic_Service         | 269.28            | 269.36          | 0.08          | 1   |
 532    | 0.08 MB       | CPU_Intensive           | 269.05            | 269.56          | 0.51          | 2   |
 535    | 0.09 MB       | Generic_Service         | 269.98            | 270.17          | 0.19          | 2   |
 536    | 0.84 MB       | CPU_and_Data_Intensive  | 270.16            | 270.97          | 0.81          | 2   |
 537    | 0.05 MB       | Generic_Service         | 271.19            | 271.37          | 0.18          | 2   |
 540    | 4.11 MB       | CPU_and_Data_Intensive  | 272.78            | 272.97          | 0.19          | 2   |
 541    | 0.07 MB       | Generic_Service         | 274.77            | 274.97          | 0.2           | 2   |
 542    | 0.01 MB       | Generic_Service         | 275.07            | 275.27          | 0.2           | 2   |
 543    | 0.07 MB       | Generic_Service         | 275.38            | 275.58          | 0.2           | 2   |
 544    | 0.08 MB       | CPU_Intensive           | 275.47            | 276.08          | 0.61          | 2   |
 546    | 0.05 MB       | Generic_Service         | 276.7             | 276.98          | 0.27          | 2   |
 547    | 0.09 MB       | CPU_Intensive           | 277.34            | 277.98          | 0.64          | 2   |
 548    | 0.02 MB       | CPU_Intensive           | 278.59            | 278.98          | 0.39          | 2   |
 549    | 0.02 MB       | Generic_Service         | 278.93            | 279.09          | 0.15          | 2   |
 552    | 0.02 MB       | CPU_Intensive           | 280.0             | 280.29          | 0.29          | 2   |
 553    | 12.90 MB      | CPU_and_Data_Intensive  | 280.14            | 280.39          | 0.25          | 2   |
 554    | 0.07 MB       | CPU_Intensive           | 280.64            | 280.89          | 0.25          | 2   |
 551    | 0.98 MB       | CPU_and_Data_Intensive  | 279.9             | 281.19          | 1.29          | 2   |
 555    | 0.08 MB       | CPU_Intensive           | 281.78            | 281.99          | 0.21          | 2   |
 556    | 3.28 MB       | CPU_and_Data_Intensive  | 282.06            | 282.29          | 0.24          | 2   |
 557    | 2.06 MB       | CPU_and_Data_Intensive  | 282.34            | 282.7           | 0.36          | 2   |
 558    | 0.05 MB       | Generic_Service         | 284.41            | 284.6           | 0.19          | 2   |
 559    | 8.38 MB       | CPU_and_Data_Intensive  | 285.7             | 286.2           | 0.5           | 2   |
 560    | 0.04 MB       | Generic_Service         | 286.65            | 286.8           | 0.15          | 2   |
 561    | 0.06 MB       | Generic_Service         | 286.91            | 287.1           | 0.19          | 2   |
 562    | 0.03 MB       | CPU_Intensive           | 287.88            | 288.31          | 0.43          | 2   |
 563    | 0.07 MB       | Generic_Service         | 288.16            | 288.41          | 0.25          | 2   |
 564    | 0.60 MB       | CPU_and_Data_Intensive  | 290.36            | 290.91          | 0.55          | 2   |
 565    | 0.01 MB       | Generic_Service         | 291.71            | 291.91          | 0.2           | 2   |
 566    | 0.03 MB       | Generic_Service         | 291.87            | 292.01          | 0.14          | 2   |
 567    | 0.07 MB       | Generic_Service         | 292.59            | 292.81          | 0.22          | 2   |
 568    | 0.08 MB       | Generic_Service         | 293.32            | 293.41          | 0.1           | 2   |
 569    | 0.07 MB       | CPU_Intensive           | 293.9             | 294.22          | 0.31          | 2   |
 571    | 0.06 MB       | Generic_Service         | 294.3             | 294.52          | 0.21          | 2   |
 570    | 0.03 MB       | CPU_Intensive           | 294.22            | 294.72          | 0.5           | 2   |
 574    | 0.06 MB       | Generic_Service         | 295.91            | 296.12          | 0.21          | 2   |
 576    | 0.05 MB       | Generic_Service         | 296.63            | 296.82          | 0.19          | 2   |
 575    | 0.04 MB       | CPU_Intensive           | 296.27            | 297.22          | 0.95          | 2   |
 578    | 1.76 MB       | CPU_and_Data_Intensive  | 297.67            | 298.92          | 1.25          | 2   |
 579    | 0.06 MB       | CPU_Intensive           | 298.41            | 299.43          | 1.02          | 2   |
 582    | 2.64 MB       | CPU_and_Data_Intensive  | 299.69            | 299.93          | 0.24          | 2   |

----------
TASK GLOBALI 531 

TOT TASK IN ROUTING SYS: 531

id     | CurrentNode          | Hop | Label           | Resolution    | Start Routing (s) | End Routing (s) | duration      | Algo
[92m1      | OBS                  | 1   | TASK_ARRIVED    | CPU_Intensive         | 0.18              | 0.4             | 0.22          | GREEDY:100.0%[0m
[92m2      | OBS                  | 2   | TASK_ARRIVED    | Generic_Service       | 0.45              | 0.8             | 0.36          | GREEDY:100.0%[0m
[92m3      | OBS                  | 1   | TASK_ARRIVED    | CPU_and_Data_Intensive| 0.76              | 0.9             | 0.14          | GREEDY:100.0%[0m
[92m4      | OBS                  | 2   | TASK_ARRIVED    | CPU_Intensive         | 0.86              | 1.0             | 0.14          | GREEDY:100.0%[0m
[92m6      | OBS                  | 2   | TASK_ARRIVED    | Generic_Service       | 1.78              | 2.0             | 0.22          | GREEDY:100.0%[0m
[92m7      | OBS                  | 2   | TASK_ARRIVED    | CPU_Intensive         | 2.03              | 2.7             | 0.68          | GREEDY:100.0%[0m
[92m9      | OBS                  | 2   | TASK_ARRIVED    | Generic_Service       | 2.73              | 3.01            | 0.28          | GREEDY:100.0%[0m
[92m10     | OBS                  | 2   | TASK_ARRIVED    | CPU_and_Data_Intensive| 2.88              | 3.51            | 0.63          | GREEDY:100.0%[0m
[92m11     | OBS                  | 2   | TASK_ARRIVED    | CPU_Intensive         | 2.95              | 3.21            | 0.26          | GREEDY:100.0%[0m
[92m12     | OBS                  | 1   | TASK_ARRIVED    | CPU_Intensive         | 3.65              | 5.21            | 1.56          | GREEDY:100.0%[0m
[92m13     | OBS                  | 2   | TASK_ARRIVED    | CPU_and_Data_Intensive| 3.67              | 3.91            | 0.24          | GREEDY:100.0%[0m
[92m14     | OBS                  | 2   | TASK_ARRIVED    | CPU_Intensive         | 3.79              | 4.21            | 0.42          | GREEDY:100.0%[0m
[92m15     | OBS                  | 2   | TASK_ARRIVED    | CPU_Intensive         | 3.87              | 4.01            | 0.15          | GREEDY:100.0%[0m
[92m16     | OBS                  | 2   | TASK_ARRIVED    | Generic_Service       | 5.2               | 5.41            | 0.22          | GREEDY:100.0%[0m
[92m17     | OBS                  | 2   | TASK_ARRIVED    | Generic_Service       | 5.35              | 5.51            | 0.17          | GREEDY:100.0%[0m
[92m18     | OBS                  | 2   | TASK_ARRIVED    | Generic_Service       | 5.82              | 6.12            | 0.3           | GREEDY:100.0%[0m
[92m19     | OBS                  | 2   | TASK_ARRIVED    | CPU_and_Data_Intensive| 6.34              | 6.52            | 0.18          | GREEDY:100.0%[0m
[92m20     | OBS                  | 2   | TASK_ARRIVED    | CPU_and_Data_Intensive| 6.39              | 8.93            | 2.54          | GREEDY:100.0%[0m
[92m21     | OBS                  | 2   | TASK_ARRIVED    | CPU_Intensive         | 6.81              | 8.42            | 1.62          | GREEDY:100.0%[0m
[92m22     | OBS                  | 2   | TASK_ARRIVED    | CPU_Intensive         | 6.95              | 7.62            | 0.66          | GREEDY:100.0%[0m
[92m23     | OBS                  | 2   | TASK_ARRIVED    | Generic_Service       | 7.5               | 7.72            | 0.22          | GREEDY:100.0%[0m
[92m24     | OBS                  | 2   | TASK_ARRIVED    | CPU_Intensive         | 8.02              | 8.83            | 0.8           | GREEDY:100.0%[0m
[92m25     | OBS                  | 2   | TASK_ARRIVED    | CPU_Intensive         | 8.26              | 9.43            | 1.17          | GREEDY:100.0%[0m
[92m26     | OBS                  | 2   | TASK_ARRIVED    | CPU_Intensive         | 8.74              | 9.03            | 0.28          | GREEDY:100.0%[0m
[92m27     | OBS                  | 2   | TASK_ARRIVED    | Generic_Service       | 10.22             | 10.53           | 0.31          | GREEDY:100.0%[0m
[92m28     | OBS                  | 2   | TASK_ARRIVED    | Generic_Service       | 10.23             | 10.43           | 0.2           | GREEDY:100.0%[0m
[92m29     | OBS                  | 1   | TASK_ARRIVED    | CPU_Intensive         | 10.3              | 11.93           | 1.63          | GREEDY:100.0%[0m
[92m30     | OBS                  | 2   | TASK_ARRIVED    | CPU_and_Data_Intensive| 10.97             | 12.13           | 1.16          | GREEDY:100.0%[0m
[92m32     | OBS                  | 2   | TASK_ARRIVED    | Generic_Service       | 12.08             | 12.23           | 0.15          | GREEDY:100.0%[0m
[92m33     | OBS                  | 2   | TASK_ARRIVED    | CPU_and_Data_Intensive| 13.29             | 13.84           | 0.54          | GREEDY:100.0%[0m
[92m34     | OBS                  | 2   | TASK_ARRIVED    | Generic_Service       | 14.8              | 15.04           | 0.24          | GREEDY:100.0%[0m
[92m35     | OBS                  | 2   | TASK_ARRIVED    | CPU_Intensive         | 15.93             | 16.24           | 0.31          | GREEDY:100.0%[0m
[92m36     | OBS                  | 2   | TASK_ARRIVED    | CPU_Intensive         | 15.98             | 16.34           | 0.36          | GREEDY:100.0%[0m
[92m37     | OBS                  | 1   | TASK_ARRIVED    | Generic_Service       | 16.74             | 16.94           | 0.2           | GREEDY:100.0%[0m
[92m38     | OBS                  | 2   | TASK_ARRIVED    | CPU_Intensive         | 17.28             | 18.65           | 1.36          | GREEDY:100.0%[0m
[92m39     | OBS                  | 2   | TASK_ARRIVED    | CPU_Intensive         | 17.33             | 17.84           | 0.51          | GREEDY:100.0%[0m
[92m40     | OBS                  | 2   | TASK_ARRIVED    | CPU_Intensive         | 17.4              | 18.34           | 0.94          | GREEDY:100.0%[0m
[92m41     | OBS                  | 2   | TASK_ARRIVED    | CPU_Intensive         | 18.06             | 18.55           | 0.48          | GREEDY:100.0%[0m
[92m42     | OBS                  | 2   | TASK_ARRIVED    | Generic_Service       | 18.88             | 19.15           | 0.27          | GREEDY:100.0%[0m
[92m43     | OBS                  | 2   | TASK_ARRIVED    | CPU_Intensive         | 19.96             | 21.05           | 1.09          | GREEDY:100.0%[0m
[92m44     | OBS                  | 2   | TASK_ARRIVED    | Generic_Service       | 20.4              | 20.65           | 0.25          | GREEDY:100.0%[0m
[92m45     | OBS                  | 2   | TASK_ARRIVED    | Generic_Service       | 21.89             | 22.15           | 0.26          | GREEDY:100.0%[0m
[92m47     | OBS                  | 2   | TASK_ARRIVED    | Generic_Service       | 22.31             | 22.65           | 0.34          | GREEDY:100.0%[0m
[92m48     | OBS                  | 2   | TASK_ARRIVED    | CPU_Intensive         | 23.1              | 23.96           | 0.85          | GREEDY:100.0%[0m
[92m49     | OBS                  | 1   | TASK_ARRIVED    | Generic_Service       | 24.33             | 24.36           | 0.03          | GREEDY:100.0%[0m
[92m50     | OBS                  | 2   | TASK_ARRIVED    | CPU_and_Data_Intensive| 24.93             | 25.76           | 0.83          | GREEDY:100.0%[0m
[92m51     | OBS                  | 2   | TASK_ARRIVED    | Generic_Service       | 25.28             | 25.56           | 0.28          | GREEDY:100.0%[0m
[92m52     | OBS                  | 2   | TASK_ARRIVED    | CPU_and_Data_Intensive| 26.15             | 27.77           | 1.62          | GREEDY:100.0%[0m
[92m54     | OBS                  | 2   | TASK_ARRIVED    | CPU_and_Data_Intensive| 26.21             | 27.16           | 0.95          | GREEDY:100.0%[0m
[92m55     | OBS                  | 1   | TASK_ARRIVED    | Generic_Service       | 26.85             | 26.96           | 0.1           | GREEDY:100.0%[0m
[92m56     | OBS                  | 2   | TASK_ARRIVED    | CPU_Intensive         | 26.94             | 27.26           | 0.32          | GREEDY:100.0%[0m
[92m57     | OBS                  | 2   | TASK_ARRIVED    | CPU_Intensive         | 27.07             | 27.36           | 0.3           | GREEDY:100.0%[0m
[92m58     | OBS                  | 2   | TASK_ARRIVED    | CPU_and_Data_Intensive| 27.1              | 27.57           | 0.47          | GREEDY:100.0%[0m
[92m59     | OBS                  | 1   | TASK_ARRIVED    | Generic_Service       | 27.1              | 27.16           | 0.06          | GREEDY:100.0%[0m
[92m60     | OBS                  | 1   | TASK_ARRIVED    | Generic_Service       | 27.33             | 27.36           | 0.03          | GREEDY:100.0%[0m
[92m61     | OBS                  | 2   | TASK_ARRIVED    | Generic_Service       | 27.52             | 27.87           | 0.35          | GREEDY:100.0%[0m
[92m62     | OBS                  | 2   | TASK_ARRIVED    | Generic_Service       | 27.72             | 27.97           | 0.24          | GREEDY:100.0%[0m
[92m63     | OBS                  | 1   | TASK_ARRIVED    | CPU_and_Data_Intensive| 27.77             | 28.17           | 0.4           | GREEDY:100.0%[0m
[92m64     | OBS                  | 2   | TASK_ARRIVED    | CPU_Intensive         | 27.93             | 28.37           | 0.44          | GREEDY:100.0%[0m
[92m66     | OBS                  | 2   | TASK_ARRIVED    | Generic_Service       | 28.32             | 28.47           | 0.16          | GREEDY:100.0%[0m
[92m67     | OBS                  | 1   | TASK_ARRIVED    | CPU_Intensive         | 28.96             | 29.67           | 0.71          | GREEDY:100.0%[0m
[92m68     | OBS                  | 2   | TASK_ARRIVED    | CPU_Intensive         | 30.14             | 30.57           | 0.44          | GREEDY:100.0%[0m
[92m69     | OBS                  | 2   | TASK_ARRIVED    | Generic_Service       | 30.94             | 31.18           | 0.24          | GREEDY:100.0%[0m
[92m70     | OBS                  | 2   | TASK_ARRIVED    | CPU_and_Data_Intensive| 31.13             | 32.88           | 1.75          | GREEDY:100.0%[0m
[92m71     | OBS                  | 2   | TASK_ARRIVED    | CPU_Intensive         | 31.87             | 33.38           | 1.52          | GREEDY:100.0%[0m
[92m72     | OBS                  | 2   | TASK_ARRIVED    | Generic_Service       | 32.17             | 32.48           | 0.31          | GREEDY:100.0%[0m
[92m73     | OBS                  | 1   | TASK_ARRIVED    | CPU_and_Data_Intensive| 32.34             | 33.58           | 1.25          | GREEDY:100.0%[0m
[92m74     | OBS                  | 2   | TASK_ARRIVED    | CPU_and_Data_Intensive| 32.86             | 33.08           | 0.22          | GREEDY:100.0%[0m
[92m75     | OBS                  | 2   | TASK_ARRIVED    | Generic_Service       | 33.15             | 33.28           | 0.13          | GREEDY:100.0%[0m
[92m76     | OBS                  | 2   | TASK_ARRIVED    | Generic_Service       | 33.46             | 33.78           | 0.32          | GREEDY:100.0%[0m
[92m77     | OBS                  | 2   | TASK_ARRIVED    | Generic_Service       | 33.91             | 34.09           | 0.18          | GREEDY:100.0%[0m
[92m78     | OBS                  | 2   | TASK_ARRIVED    | Generic_Service       | 34.18             | 34.39           | 0.2           | GREEDY:100.0%[0m
[92m79     | OBS                  | 2   | TASK_ARRIVED    | CPU_and_Data_Intensive| 34.96             | 36.19           | 1.23          | GREEDY:100.0%[0m
[92m80     | OBS                  | 2   | TASK_ARRIVED    | CPU_Intensive         | 35.49             | 35.89           | 0.4           | GREEDY:100.0%[0m
[92m81     | OBS                  | 2   | TASK_ARRIVED    | Generic_Service       | 36.34             | 36.39           | 0.05          | GREEDY:100.0%[0m
[92m82     | OBS                  | 2   | TASK_ARRIVED    | CPU_Intensive         | 37.21             | 37.39           | 0.18          | GREEDY:100.0%[0m
[92m83     | OBS                  | 2   | TASK_ARRIVED    | Generic_Service       | 37.56             | 37.79           | 0.24          | GREEDY:100.0%[0m
[92m85     | OBS                  | 2   | TASK_ARRIVED    | Generic_Service       | 38.3              | 38.49           | 0.2           | GREEDY:100.0%[0m
[92m86     | OBS                  | 2   | TASK_ARRIVED    | Generic_Service       | 39.62             | 39.8            | 0.18          | GREEDY:100.0%[0m
[92m88     | OBS                  | 2   | TASK_ARRIVED    | Generic_Service       | 39.63             | 39.9            | 0.26          | GREEDY:100.0%[0m
[92m89     | OBS                  | 2   | TASK_ARRIVED    | CPU_and_Data_Intensive| 39.75             | 42.51           | 2.76          | GREEDY:100.0%[0m
[92m90     | OBS                  | 2   | TASK_ARRIVED    | Generic_Service       | 40.08             | 40.3            | 0.22          | GREEDY:100.0%[0m
[92m91     | OBS                  | 2   | TASK_ARRIVED    | CPU_Intensive         | 40.43             | 40.9            | 0.47          | GREEDY:100.0%[0m
[92m92     | OBS                  | 2   | TASK_ARRIVED    | Generic_Service       | 41.96             | 42.21           | 0.24          | GREEDY:100.0%[0m
[92m93     | OBS                  | 2   | TASK_ARRIVED    | Generic_Service       | 42.02             | 42.31           | 0.29          | GREEDY:100.0%[0m
[92m94     | OBS                  | 2   | TASK_ARRIVED    | CPU_and_Data_Intensive| 42.18             | 42.41           | 0.23          | GREEDY:100.0%[0m
[92m95     | OBS                  | 2   | TASK_ARRIVED    | CPU_Intensive         | 42.47             | 43.31           | 0.84          | GREEDY:100.0%[0m
[92m96     | OBS                  | 2   | TASK_ARRIVED    | CPU_Intensive         | 42.67             | 42.91           | 0.24          | GREEDY:100.0%[0m
[92m97     | OBS                  | 2   | TASK_ARRIVED    | CPU_Intensive         | 43.44             | 43.51           | 0.08          | GREEDY:100.0%[0m
[92m98     | OBS                  | 2   | TASK_ARRIVED    | CPU_Intensive         | 45.0              | 45.61           | 0.62          | GREEDY:100.0%[0m
[92m99     | OBS                  | 2   | TASK_ARRIVED    | CPU_and_Data_Intensive| 46.05             | 47.92           | 1.87          | GREEDY:100.0%[0m
[92m100    | OBS                  | 1   | TASK_ARRIVED    | Generic_Service       | 46.06             | 46.11           | 0.05          | GREEDY:100.0%[0m
[92m102    | OBS                  | 2   | TASK_ARRIVED    | Generic_Service       | 47.17             | 47.42           | 0.25          | GREEDY:100.0%[0m
[92m103    | OBS                  | 2   | TASK_ARRIVED    | Generic_Service       | 48.04             | 48.22           | 0.18          | GREEDY:100.0%[0m
[92m104    | OBS                  | 2   | TASK_ARRIVED    | CPU_Intensive         | 48.32             | 48.72           | 0.41          | GREEDY:100.0%[0m
[92m105    | OBS                  | 2   | TASK_ARRIVED    | CPU_Intensive         | 48.38             | 48.62           | 0.25          | GREEDY:100.0%[0m
[92m108    | OBS                  | 2   | TASK_ARRIVED    | Generic_Service       | 50.13             | 50.33           | 0.19          | GREEDY:100.0%[0m
[92m109    | OBS                  | 2   | TASK_ARRIVED    | CPU_Intensive         | 50.22             | 50.53           | 0.31          | GREEDY:100.0%[0m
[92m110    | OBS                  | 2   | TASK_ARRIVED    | Generic_Service       | 50.69             | 51.03           | 0.34          | GREEDY:100.0%[0m
[92m111    | OBS                  | 2   | TASK_ARRIVED    | CPU_Intensive         | 51.2              | 51.43           | 0.23          | GREEDY:100.0%[0m
[92m112    | OBS                  | 2   | TASK_ARRIVED    | CPU_Intensive         | 51.25             | 51.63           | 0.38          | GREEDY:100.0%[0m
[92m113    | OBS                  | 2   | TASK_ARRIVED    | Generic_Service       | 52.17             | 52.24           | 0.06          | GREEDY:100.0%[0m
[92m114    | OBS                  | 2   | TASK_ARRIVED    | CPU_and_Data_Intensive| 52.34             | 53.04           | 0.69          | GREEDY:100.0%[0m
[92m115    | OBS                  | 2   | TASK_ARRIVED    | Generic_Service       | 52.78             | 52.94           | 0.16          | GREEDY:100.0%[0m
[92m116    | OBS                  | 1   | TASK_ARRIVED    | Generic_Service       | 53.99             | 54.04           | 0.05          | GREEDY:100.0%[0m
[92m117    | OBS                  | 2   | TASK_ARRIVED    | CPU_and_Data_Intensive| 54.66             | 55.64           | 0.98          | GREEDY:100.0%[0m
[92m118    | OBS                  | 2   | TASK_ARRIVED    | CPU_Intensive         | 55.63             | 56.14           | 0.51          | GREEDY:100.0%[0m
[92m119    | OBS                  | 2   | TASK_ARRIVED    | CPU_and_Data_Intensive| 55.65             | 57.45           | 1.8           | GREEDY:100.0%[0m
[92m120    | OBS                  | 2   | TASK_ARRIVED    | CPU_Intensive         | 56.0              | 57.65           | 1.65          | GREEDY:100.0%[0m
[92m121    | OBS                  | 2   | TASK_ARRIVED    | CPU_Intensive         | 56.77             | 57.25           | 0.47          | GREEDY:100.0%[0m
[92m122    | OBS                  | 2   | TASK_ARRIVED    | CPU_Intensive         | 56.78             | 56.94           | 0.17          | GREEDY:100.0%[0m
[92m123    | OBS                  | 2   | TASK_ARRIVED    | CPU_Intensive         | 56.92             | 57.25           | 0.33          | GREEDY:100.0%[0m
[92m124    | OBS                  | 2   | TASK_ARRIVED    | Generic_Service       | 57.14             | 57.35           | 0.21          | GREEDY:100.0%[0m
[92m125    | OBS                  | 2   | TASK_ARRIVED    | CPU_Intensive         | 57.36             | 57.96           | 0.59          | GREEDY:100.0%[0m
[92m126    | OBS                  | 2   | TASK_ARRIVED    | CPU_and_Data_Intensive| 57.39             | 58.06           | 0.67          | GREEDY:100.0%[0m
[92m127    | OBS                  | 2   | TASK_ARRIVED    | Generic_Service       | 57.48             | 57.55           | 0.08          | GREEDY:100.0%[0m
[92m128    | OBS                  | 2   | TASK_ARRIVED    | CPU_Intensive         | 57.63             | 58.16           | 0.53          | GREEDY:100.0%[0m
[92m129    | OBS                  | 2   | TASK_ARRIVED    | CPU_and_Data_Intensive| 57.94             | 58.86           | 0.92          | GREEDY:100.0%[0m
[92m130    | OBS                  | 2   | TASK_ARRIVED    | CPU_Intensive         | 58.11             | 58.46           | 0.35          | GREEDY:100.0%[0m
[92m131    | OBS                  | 1   | TASK_ARRIVED    | CPU_Intensive         | 58.36             | 58.46           | 0.1           | GREEDY:100.0%[0m
[92m132    | OBS                  | 2   | TASK_ARRIVED    | CPU_Intensive         | 58.81             | 59.27           | 0.46          | GREEDY:100.0%[0m
[92m133    | OBS                  | 1   | TASK_ARRIVED    | CPU_Intensive         | 58.89             | 59.47           | 0.57          | GREEDY:100.0%[0m
[92m134    | OBS                  | 2   | TASK_ARRIVED    | Generic_Service       | 59.08             | 59.37           | 0.29          | GREEDY:100.0%[0m
[92m135    | OBS                  | 2   | TASK_ARRIVED    | Generic_Service       | 60.35             | 60.57           | 0.22          | GREEDY:100.0%[0m
[92m136    | OBS                  | 2   | TASK_ARRIVED    | CPU_Intensive         | 60.54             | 60.77           | 0.23          | GREEDY:100.0%[0m
[92m137    | OBS                  | 2   | TASK_ARRIVED    | CPU_and_Data_Intensive| 61.35             | 62.17           | 0.82          | GREEDY:100.0%[0m
[92m139    | OBS                  | 2   | TASK_ARRIVED    | CPU_Intensive         | 62.48             | 62.87           | 0.39          | GREEDY:100.0%[0m
[92m140    | OBS                  | 2   | TASK_ARRIVED    | CPU_Intensive         | 63.07             | 64.18           | 1.12          | GREEDY:100.0%[0m
[92m141    | OBS                  | 2   | TASK_ARRIVED    | Generic_Service       | 63.13             | 63.27           | 0.15          | GREEDY:100.0%[0m
[92m142    | OBS                  | 2   | TASK_ARRIVED    | CPU_Intensive         | 63.25             | 63.58           | 0.33          | GREEDY:100.0%[0m
[92m143    | OBS                  | 2   | TASK_ARRIVED    | CPU_and_Data_Intensive| 63.39             | 64.28           | 0.9           | GREEDY:100.0%[0m
[92m145    | OBS                  | 2   | TASK_ARRIVED    | CPU_and_Data_Intensive| 63.45             | 63.68           | 0.23          | GREEDY:100.0%[0m
[92m146    | OBS                  | 2   | TASK_ARRIVED    | CPU_Intensive         | 63.49             | 63.98           | 0.49          | GREEDY:100.0%[0m
[92m147    | OBS                  | 2   | TASK_ARRIVED    | CPU_Intensive         | 63.56             | 64.08           | 0.52          | GREEDY:100.0%[0m
[92m148    | OBS                  | 2   | TASK_ARRIVED    | Generic_Service       | 65.08             | 65.49           | 0.41          | GREEDY:100.0%[0m
[92m149    | OBS                  | 2   | TASK_ARRIVED    | CPU_Intensive         | 65.28             | 65.69           | 0.41          | GREEDY:100.0%[0m
[92m150    | OBS                  | 2   | TASK_ARRIVED    | Generic_Service       | 65.41             | 65.59           | 0.18          | GREEDY:100.0%[0m
[92m151    | OBS                  | 2   | TASK_ARRIVED    | Generic_Service       | 66.27             | 66.49           | 0.22          | GREEDY:100.0%[0m
[92m153    | OBS                  | 2   | TASK_ARRIVED    | CPU_Intensive         | 67.73             | 68.19           | 0.46          | GREEDY:100.0%[0m
[92m154    | OBS                  | 2   | TASK_ARRIVED    | CPU_and_Data_Intensive| 68.09             | 68.7            | 0.61          | GREEDY:100.0%[0m
[92m155    | OBS                  | 2   | TASK_ARRIVED    | Generic_Service       | 68.35             | 68.5            | 0.14          | GREEDY:100.0%[0m
[92m157    | OBS                  | 2   | TASK_ARRIVED    | CPU_Intensive         | 71.17             | 71.4            | 0.23          | GREEDY:100.0%[0m
[92m158    | OBS                  | 2   | TASK_ARRIVED    | CPU_Intensive         | 71.3              | 72.2            | 0.9           | GREEDY:100.0%[0m
[92m159    | OBS                  | 1   | TASK_ARRIVED    | Generic_Service       | 71.76             | 71.8            | 0.04          | GREEDY:100.0%[0m
[92m160    | OBS                  | 2   | TASK_ARRIVED    | CPU_Intensive         | 71.86             | 72.1            | 0.24          | GREEDY:100.0%[0m
[92m161    | OBS                  | 1   | TASK_ARRIVED    | Generic_Service       | 72.72             | 72.8            | 0.08          | GREEDY:100.0%[0m
[92m162    | OBS                  | 2   | TASK_ARRIVED    | CPU_and_Data_Intensive| 72.8              | 72.91           | 0.1           | GREEDY:100.0%[0m
[92m163    | OBS                  | 2   | TASK_ARRIVED    | CPU_and_Data_Intensive| 74.28             | 74.61           | 0.32          | GREEDY:100.0%[0m
[92m164    | OBS                  | 2   | TASK_ARRIVED    | CPU_Intensive         | 75.06             | 76.01           | 0.95          | GREEDY:100.0%[0m
[92m165    | OBS                  | 2   | TASK_ARRIVED    | CPU_Intensive         | 75.09             | 75.91           | 0.82          | GREEDY:100.0%[0m
[92m166    | OBS                  | 1   | TASK_ARRIVED    | CPU_Intensive         | 75.2              | 75.81           | 0.61          | GREEDY:100.0%[0m
[92m167    | OBS                  | 2   | TASK_ARRIVED    | Generic_Service       | 76.34             | 76.51           | 0.17          | GREEDY:100.0%[0m
[92m168    | OBS                  | 1   | TASK_ARRIVED    | Generic_Service       | 76.43             | 76.51           | 0.08          | GREEDY:100.0%[0m
[92m169    | OBS                  | 2   | TASK_ARRIVED    | Generic_Service       | 76.53             | 76.61           | 0.09          | GREEDY:100.0%[0m
[92m170    | OBS                  | 2   | TASK_ARRIVED    | CPU_and_Data_Intensive| 76.83             | 78.72           | 1.89          | GREEDY:100.0%[0m
[92m171    | OBS                  | 2   | TASK_ARRIVED    | CPU_Intensive         | 76.99             | 77.42           | 0.43          | GREEDY:100.0%[0m
[92m172    | OBS                  | 2   | TASK_ARRIVED    | CPU_and_Data_Intensive| 78.1              | 78.62           | 0.52          | GREEDY:100.0%[0m
[92m173    | OBS                  | 2   | TASK_ARRIVED    | CPU_Intensive         | 78.33             | 78.42           | 0.09          | GREEDY:100.0%[0m
[92m176    | OBS                  | 2   | TASK_ARRIVED    | CPU_and_Data_Intensive| 79.22             | 79.62           | 0.4           | GREEDY:100.0%[0m
[92m177    | OBS                  | 2   | TASK_ARRIVED    | CPU_and_Data_Intensive| 79.94             | 80.32           | 0.38          | GREEDY:100.0%[0m
[92m178    | OBS                  | 2   | TASK_ARRIVED    | CPU_and_Data_Intensive| 81.6              | 82.52           | 0.93          | GREEDY:100.0%[0m
[92m179    | OBS                  | 2   | TASK_ARRIVED    | CPU_Intensive         | 83.23             | 83.43           | 0.2           | GREEDY:100.0%[0m
[92m180    | OBS                  | 2   | TASK_ARRIVED    | Generic_Service       | 83.43             | 83.63           | 0.2           | GREEDY:100.0%[0m
[92m181    | OBS                  | 2   | TASK_ARRIVED    | CPU_Intensive         | 84.24             | 84.33           | 0.09          | GREEDY:100.0%[0m
[92m182    | OBS                  | 2   | TASK_ARRIVED    | CPU_Intensive         | 84.86             | 85.13           | 0.27          | GREEDY:100.0%[0m
[92m183    | OBS                  | 2   | TASK_ARRIVED    | Generic_Service       | 84.86             | 85.03           | 0.17          | GREEDY:100.0%[0m
[92m184    | OBS                  | 1   | TASK_ARRIVED    | Generic_Service       | 85.07             | 85.13           | 0.07          | GREEDY:100.0%[0m
[92m185    | OBS                  | 2   | TASK_ARRIVED    | CPU_Intensive         | 85.31             | 85.73           | 0.42          | GREEDY:100.0%[0m
[92m186    | OBS                  | 2   | TASK_ARRIVED    | CPU_Intensive         | 85.34             | 86.03           | 0.69          | GREEDY:100.0%[0m
[92m187    | OBS                  | 2   | TASK_ARRIVED    | CPU_Intensive         | 85.43             | 86.13           | 0.71          | GREEDY:100.0%[0m
[92m188    | OBS                  | 2   | TASK_ARRIVED    | CPU_Intensive         | 85.7              | 87.64           | 1.94          | GREEDY:100.0%[0m
[92m189    | OBS                  | 2   | TASK_ARRIVED    | CPU_Intensive         | 86.06             | 86.54           | 0.47          | GREEDY:100.0%[0m
[92m190    | OBS                  | 2   | TASK_ARRIVED    | CPU_Intensive         | 86.74             | 88.34           | 1.6           | GREEDY:100.0%[0m
[92m191    | OBS                  | 2   | TASK_ARRIVED    | Generic_Service       | 86.75             | 86.94           | 0.18          | GREEDY:100.0%[0m
[92m192    | OBS                  | 2   | TASK_ARRIVED    | Generic_Service       | 87.0              | 87.24           | 0.24          | GREEDY:100.0%[0m
[92m193    | OBS                  | 2   | TASK_ARRIVED    | CPU_Intensive         | 87.16             | 87.34           | 0.18          | GREEDY:100.0%[0m
[92m194    | OBS                  | 2   | TASK_ARRIVED    | CPU_and_Data_Intensive| 87.31             | 88.44           | 1.13          | GREEDY:100.0%[0m
[92m195    | OBS                  | 2   | TASK_ARRIVED    | Generic_Service       | 88.65             | 88.85           | 0.19          | GREEDY:100.0%[0m
[92m196    | OBS                  | 2   | TASK_ARRIVED    | Generic_Service       | 88.77             | 88.95           | 0.18          | GREEDY:100.0%[0m
[92m197    | OBS                  | 2   | TASK_ARRIVED    | CPU_Intensive         | 88.85             | 89.15           | 0.3           | GREEDY:100.0%[0m
[92m198    | OBS                  | 2   | TASK_ARRIVED    | CPU_Intensive         | 89.11             | 90.65           | 1.54          | GREEDY:100.0%[0m
[92m199    | OBS                  | 2   | TASK_ARRIVED    | CPU_and_Data_Intensive| 89.34             | 90.25           | 0.91          | GREEDY:100.0%[0m
[92m200    | OBS                  | 2   | TASK_ARRIVED    | Generic_Service       | 89.73             | 90.05           | 0.32          | GREEDY:100.0%[0m
[92m201    | OBS                  | 2   | TASK_ARRIVED    | CPU_Intensive         | 89.87             | 90.95           | 1.08          | GREEDY:100.0%[0m
[92m202    | OBS                  | 2   | TASK_ARRIVED    | CPU_Intensive         | 91.0              | 91.96           | 0.96          | GREEDY:100.0%[0m
[92m203    | OBS                  | 2   | TASK_ARRIVED    | CPU_Intensive         | 91.33             | 92.26           | 0.93          | GREEDY:100.0%[0m
[92m204    | OBS                  | 2   | TASK_ARRIVED    | CPU_Intensive         | 92.13             | 92.46           | 0.33          | GREEDY:100.0%[0m
[92m205    | OBS                  | 2   | TASK_ARRIVED    | CPU_Intensive         | 92.29             | 92.76           | 0.47          | GREEDY:100.0%[0m
[92m206    | OBS                  | 2   | TASK_ARRIVED    | CPU_Intensive         | 92.89             | 93.16           | 0.27          | GREEDY:100.0%[0m
[92m207    | OBS                  | 2   | TASK_ARRIVED    | CPU_and_Data_Intensive| 92.99             | 93.76           | 0.77          | GREEDY:100.0%[0m
[92m208    | OBS                  | 2   | TASK_ARRIVED    | CPU_Intensive         | 93.06             | 94.07           | 1.01          | GREEDY:100.0%[0m
[92m210    | OBS                  | 2   | TASK_ARRIVED    | CPU_and_Data_Intensive| 93.83             | 94.27           | 0.43          | GREEDY:100.0%[0m
[92m211    | OBS                  | 2   | TASK_ARRIVED    | Generic_Service       | 93.9              | 93.96           | 0.06          | GREEDY:100.0%[0m
[92m213    | OBS                  | 2   | TASK_ARRIVED    | CPU_and_Data_Intensive| 94.49             | 94.77           | 0.27          | GREEDY:100.0%[0m
[92m214    | OBS                  | 2   | TASK_ARRIVED    | CPU_Intensive         | 96.16             | 96.67           | 0.51          | GREEDY:100.0%[0m
[92m215    | OBS                  | 2   | TASK_ARRIVED    | CPU_Intensive         | 96.9              | 97.07           | 0.17          | GREEDY:100.0%[0m
[92m216    | OBS                  | 2   | TASK_ARRIVED    | CPU_and_Data_Intensive| 97.64             | 98.18           | 0.53          | GREEDY:100.0%[0m
[92m217    | OBS                  | 2   | TASK_ARRIVED    | CPU_Intensive         | 97.69             | 98.08           | 0.39          | GREEDY:100.0%[0m
[92m218    | OBS                  | 2   | TASK_ARRIVED    | CPU_and_Data_Intensive| 97.69             | 97.87           | 0.18          | GREEDY:100.0%[0m
[92m219    | OBS                  | 2   | TASK_ARRIVED    | Generic_Service       | 99.78             | 100.28          | 0.49          | GREEDY:100.0%[0m
[92m220    | OBS                  | 2   | TASK_ARRIVED    | Generic_Service       | 100.38            | 100.58          | 0.2           | GREEDY:100.0%[0m
[92m221    | OBS                  | 2   | TASK_ARRIVED    | CPU_and_Data_Intensive| 101.84            | 102.38          | 0.54          | GREEDY:100.0%[0m
[92m222    | OBS                  | 2   | TASK_ARRIVED    | Generic_Service       | 101.96            | 101.98          | 0.02          | GREEDY:100.0%[0m
[92m223    | OBS                  | 2   | TASK_ARRIVED    | CPU_Intensive         | 102.98            | 103.29          | 0.31          | GREEDY:100.0%[0m
[92m224    | OBS                  | 2   | TASK_ARRIVED    | CPU_and_Data_Intensive| 103.0             | 103.09          | 0.08          | GREEDY:100.0%[0m
[92m225    | OBS                  | 2   | TASK_ARRIVED    | Generic_Service       | 103.54            | 103.69          | 0.15          | GREEDY:100.0%[0m
[92m226    | OBS                  | 2   | TASK_ARRIVED    | CPU_Intensive         | 103.69            | 105.19          | 1.5           | GREEDY:100.0%[0m
[92m228    | OBS                  | 2   | TASK_ARRIVED    | CPU_Intensive         | 104.31            | 105.09          | 0.78          | GREEDY:100.0%[0m
[92m229    | OBS                  | 2   | TASK_ARRIVED    | Generic_Service       | 105.04            | 105.29          | 0.26          | GREEDY:100.0%[0m
[92m230    | OBS                  | 2   | TASK_ARRIVED    | Generic_Service       | 105.6             | 105.8           | 0.2           | GREEDY:100.0%[0m
[92m231    | OBS                  | 2   | TASK_ARRIVED    | Generic_Service       | 105.92            | 106.0           | 0.07          | GREEDY:100.0%[0m
[92m232    | OBS                  | 2   | TASK_ARRIVED    | CPU_Intensive         | 106.77            | 107.0           | 0.23          | GREEDY:100.0%[0m
[92m234    | OBS                  | 2   | TASK_ARRIVED    | CPU_Intensive         | 108.66            | 108.9           | 0.24          | GREEDY:100.0%[0m
[92m235    | OBS                  | 2   | TASK_ARRIVED    | Generic_Service       | 109.82            | 110.1           | 0.28          | GREEDY:100.0%[0m
[92m236    | OBS                  | 2   | TASK_ARRIVED    | CPU_Intensive         | 110.05            | 110.5           | 0.45          | GREEDY:100.0%[0m
[92m237    | OBS                  | 2   | TASK_ARRIVED    | Generic_Service       | 110.12            | 110.4           | 0.29          | GREEDY:100.0%[0m
[92m238    | OBS                  | 2   | TASK_ARRIVED    | CPU_and_Data_Intensive| 111.99            | 112.8           | 0.81          | GREEDY:100.0%[0m
[92m239    | OBS                  | 2   | TASK_ARRIVED    | CPU_Intensive         | 112.26            | 113.1           | 0.84          | GREEDY:100.0%[0m
[92m240    | OBS                  | 2   | TASK_ARRIVED    | Generic_Service       | 114.31            | 114.41          | 0.09          | GREEDY:100.0%[0m
[92m241    | OBS                  | 2   | TASK_ARRIVED    | Generic_Service       | 115.79            | 115.91          | 0.12          | GREEDY:100.0%[0m
[92m242    | OBS                  | 2   | TASK_ARRIVED    | CPU_Intensive         | 116.35            | 117.31          | 0.96          | GREEDY:100.0%[0m
[92m243    | OBS                  | 2   | TASK_ARRIVED    | CPU_and_Data_Intensive| 116.94            | 117.41          | 0.47          | GREEDY:100.0%[0m
[92m244    | OBS                  | 2   | TASK_ARRIVED    | CPU_Intensive         | 116.98            | 117.51          | 0.53          | GREEDY:100.0%[0m
[92m245    | OBS                  | 2   | TASK_ARRIVED    | CPU_Intensive         | 118.33            | 118.61          | 0.28          | GREEDY:100.0%[0m
[92m246    | OBS                  | 2   | TASK_ARRIVED    | CPU_Intensive         | 118.55            | 118.81          | 0.26          | GREEDY:100.0%[0m
[92m247    | OBS                  | 2   | TASK_ARRIVED    | Generic_Service       | 119.17            | 119.21          | 0.05          | GREEDY:100.0%[0m
[92m248    | OBS                  | 2   | TASK_ARRIVED    | CPU_and_Data_Intensive| 119.47            | 119.82          | 0.35          | GREEDY:100.0%[0m
[92m249    | OBS                  | 2   | TASK_ARRIVED    | CPU_Intensive         | 119.75            | 120.22          | 0.47          | GREEDY:100.0%[0m
[92m250    | OBS                  | 2   | TASK_ARRIVED    | CPU_Intensive         | 121.17            | 121.42          | 0.25          | GREEDY:100.0%[0m
[92m251    | OBS                  | 2   | TASK_ARRIVED    | Generic_Service       | 121.46            | 121.62          | 0.16          | GREEDY:100.0%[0m
[92m252    | OBS                  | 2   | TASK_ARRIVED    | Generic_Service       | 121.79            | 121.82          | 0.03          | GREEDY:100.0%[0m
[92m253    | OBS                  | 2   | TASK_ARRIVED    | Generic_Service       | 122.21            | 122.32          | 0.11          | GREEDY:100.0%[0m
[92m254    | OBS                  | 2   | TASK_ARRIVED    | CPU_and_Data_Intensive| 122.22            | 123.92          | 1.7           | GREEDY:100.0%[0m
[92m255    | OBS                  | 2   | TASK_ARRIVED    | Generic_Service       | 122.84            | 123.12          | 0.28          | GREEDY:100.0%[0m
[92m256    | OBS                  | 2   | TASK_ARRIVED    | CPU_Intensive         | 123.55            | 123.82          | 0.28          | GREEDY:100.0%[0m
[92m257    | OBS                  | 2   | TASK_ARRIVED    | CPU_Intensive         | 123.81            | 124.42          | 0.61          | GREEDY:100.0%[0m
[92m258    | OBS                  | 2   | TASK_ARRIVED    | CPU_and_Data_Intensive| 124.29            | 125.03          | 0.73          | GREEDY:100.0%[0m
[92m259    | OBS                  | 2   | TASK_ARRIVED    | Generic_Service       | 124.34            | 124.53          | 0.19          | GREEDY:100.0%[0m
[92m260    | OBS                  | 2   | TASK_ARRIVED    | CPU_and_Data_Intensive| 124.39            | 124.63          | 0.24          | GREEDY:100.0%[0m
[92m261    | OBS                  | 2   | TASK_ARRIVED    | CPU_and_Data_Intensive| 124.84            | 125.23          | 0.39          | GREEDY:100.0%[0m
[92m263    | OBS                  | 2   | TASK_ARRIVED    | CPU_Intensive         | 125.2             | 125.33          | 0.13          | GREEDY:100.0%[0m
[92m264    | OBS                  | 2   | TASK_ARRIVED    | CPU_Intensive         | 125.32            | 125.53          | 0.21          | GREEDY:100.0%[0m
[92m265    | OBS                  | 2   | TASK_ARRIVED    | CPU_and_Data_Intensive| 125.4             | 125.93          | 0.53          | GREEDY:100.0%[0m
[92m267    | OBS                  | 2   | TASK_ARRIVED    | CPU_Intensive         | 127.62            | 127.73          | 0.12          | GREEDY:100.0%[0m
[92m268    | OBS                  | 2   | TASK_ARRIVED    | CPU_and_Data_Intensive| 128.88            | 129.53          | 0.66          | GREEDY:100.0%[0m
[92m269    | OBS                  | 1   | TASK_ARRIVED    | Generic_Service       | 129.03            | 129.13          | 0.1           | GREEDY:100.0%[0m
[92m270    | OBS                  | 2   | TASK_ARRIVED    | Generic_Service       | 129.04            | 129.13          | 0.09          | GREEDY:100.0%[0m
[92m271    | OBS                  | 2   | TASK_ARRIVED    | CPU_and_Data_Intensive| 129.45            | 129.94          | 0.48          | GREEDY:100.0%[0m
[92m272    | OBS                  | 2   | TASK_ARRIVED    | CPU_Intensive         | 129.64            | 129.84          | 0.19          | GREEDY:100.0%[0m
[92m273    | OBS                  | 2   | TASK_ARRIVED    | Generic_Service       | 129.68            | 129.74          | 0.06          | GREEDY:100.0%[0m
[92m274    | OBS                  | 2   | TASK_ARRIVED    | CPU_and_Data_Intensive| 129.78            | 130.74          | 0.96          | GREEDY:100.0%[0m
[92m275    | OBS                  | 2   | TASK_ARRIVED    | CPU_Intensive         | 130.65            | 130.94          | 0.29          | GREEDY:100.0%[0m
[92m276    | OBS                  | 2   | TASK_ARRIVED    | Generic_Service       | 130.96            | 131.04          | 0.08          | GREEDY:100.0%[0m
[92m277    | OBS                  | 2   | TASK_ARRIVED    | CPU_Intensive         | 132.39            | 133.04          | 0.66          | GREEDY:100.0%[0m
[92m278    | OBS                  | 2   | TASK_ARRIVED    | CPU_Intensive         | 133.96            | 135.95          | 1.98          | GREEDY:100.0%[0m
[92m279    | OBS                  | 2   | TASK_ARRIVED    | CPU_Intensive         | 134.88            | 135.85          | 0.97          | GREEDY:100.0%[0m
[92m280    | OBS                  | 2   | TASK_ARRIVED    | CPU_and_Data_Intensive| 137.18            | 138.35          | 1.18          | GREEDY:100.0%[0m
[92m281    | OBS                  | 2   | TASK_ARRIVED    | CPU_Intensive         | 137.7             | 137.85          | 0.15          | GREEDY:100.0%[0m
[92m282    | OBS                  | 2   | TASK_ARRIVED    | CPU_Intensive         | 137.78            | 138.15          | 0.37          | GREEDY:100.0%[0m
[92m283    | OBS                  | 2   | TASK_ARRIVED    | CPU_and_Data_Intensive| 137.99            | 139.56          | 1.57          | GREEDY:100.0%[0m
[92m284    | OBS                  | 2   | TASK_ARRIVED    | CPU_and_Data_Intensive| 138.14            | 138.45          | 0.31          | GREEDY:100.0%[0m
[92m285    | OBS                  | 2   | TASK_ARRIVED    | Generic_Service       | 138.86            | 138.96          | 0.09          | GREEDY:100.0%[0m
[92m286    | OBS                  | 1   | TASK_ARRIVED    | Generic_Service       | 138.87            | 138.96          | 0.09          | GREEDY:100.0%[0m
[92m287    | OBS                  | 2   | TASK_ARRIVED    | Generic_Service       | 139.15            | 139.36          | 0.21          | GREEDY:100.0%[0m
[92m288    | OBS                  | 1   | TASK_ARRIVED    | CPU_and_Data_Intensive| 139.64            | 140.36          | 0.72          | GREEDY:100.0%[0m
[92m289    | OBS                  | 2   | TASK_ARRIVED    | CPU_Intensive         | 140.13            | 140.36          | 0.24          | GREEDY:100.0%[0m
[92m290    | OBS                  | 2   | TASK_ARRIVED    | Generic_Service       | 140.59            | 140.86          | 0.27          | GREEDY:100.0%[0m
[92m291    | OBS                  | 2   | TASK_ARRIVED    | CPU_and_Data_Intensive| 141.48            | 142.26          | 0.78          | GREEDY:100.0%[0m
[92m292    | OBS                  | 2   | TASK_ARRIVED    | CPU_Intensive         | 141.49            | 141.56          | 0.07          | GREEDY:100.0%[0m
[92m293    | OBS                  | 2   | TASK_ARRIVED    | Generic_Service       | 141.82            | 141.86          | 0.04          | GREEDY:100.0%[0m
[92m294    | OBS                  | 2   | TASK_ARRIVED    | CPU_Intensive         | 142.13            | 143.17          | 1.04          | GREEDY:100.0%[0m
[92m295    | OBS                  | 2   | TASK_ARRIVED    | Generic_Service       | 142.29            | 142.47          | 0.18          | GREEDY:100.0%[0m
[92m296    | OBS                  | 2   | TASK_ARRIVED    | CPU_and_Data_Intensive| 142.51            | 142.97          | 0.45          | GREEDY:100.0%[0m
[92m297    | OBS                  | 1   | TASK_ARRIVED    | CPU_Intensive         | 143.14            | 143.87          | 0.73          | GREEDY:100.0%[0m
[92m298    | OBS                  | 2   | TASK_ARRIVED    | CPU_and_Data_Intensive| 143.54            | 143.77          | 0.23          | GREEDY:100.0%[0m
[92m299    | OBS                  | 2   | TASK_ARRIVED    | CPU_Intensive         | 144.0             | 144.07          | 0.07          | GREEDY:100.0%[0m
[92m300    | OBS                  | 2   | TASK_ARRIVED    | Generic_Service       | 145.68            | 145.87          | 0.19          | GREEDY:100.0%[0m
[92m301    | OBS                  | 2   | TASK_ARRIVED    | CPU_Intensive         | 145.9             | 146.47          | 0.58          | GREEDY:100.0%[0m
[92m302    | OBS                  | 2   | TASK_ARRIVED    | Generic_Service       | 146.86            | 147.07          | 0.21          | GREEDY:100.0%[0m
[92m303    | OBS                  | 2   | TASK_ARRIVED    | Generic_Service       | 147.44            | 147.48          | 0.04          | GREEDY:100.0%[0m
[92m304    | OBS                  | 2   | TASK_ARRIVED    | CPU_Intensive         | 147.98            | 148.78          | 0.79          | GREEDY:100.0%[0m
[92m305    | OBS                  | 2   | TASK_ARRIVED    | CPU_Intensive         | 148.78            | 148.98          | 0.2           | GREEDY:100.0%[0m
[92m306    | OBS                  | 2   | TASK_ARRIVED    | CPU_Intensive         | 149.06            | 149.88          | 0.82          | GREEDY:100.0%[0m
[92m308    | OBS                  | 2   | TASK_ARRIVED    | CPU_and_Data_Intensive| 149.66            | 150.99          | 1.33          | GREEDY:100.0%[0m
[92m309    | OBS                  | 2   | TASK_ARRIVED    | CPU_and_Data_Intensive| 150.31            | 150.88          | 0.58          | GREEDY:100.0%[0m
[92m310    | OBS                  | 2   | TASK_ARRIVED    | Generic_Service       | 150.38            | 150.58          | 0.2           | GREEDY:100.0%[0m
[92m311    | OBS                  | 2   | TASK_ARRIVED    | CPU_Intensive         | 150.88            | 151.39          | 0.51          | GREEDY:100.0%[0m
[92m312    | OBS                  | 2   | TASK_ARRIVED    | Generic_Service       | 151.24            | 151.49          | 0.24          | GREEDY:100.0%[0m
[92m313    | OBS                  | 2   | TASK_ARRIVED    | Generic_Service       | 152.07            | 152.29          | 0.22          | GREEDY:100.0%[0m
[92m314    | OBS                  | 2   | TASK_ARRIVED    | CPU_Intensive         | 152.29            | 152.59          | 0.3           | GREEDY:100.0%[0m
[92m315    | OBS                  | 2   | TASK_ARRIVED    | CPU_and_Data_Intensive| 152.44            | 153.09          | 0.66          | GREEDY:100.0%[0m
[92m316    | OBS                  | 2   | TASK_ARRIVED    | CPU_Intensive         | 152.54            | 155.29          | 2.75          | GREEDY:100.0%[0m
[92m317    | OBS                  | 2   | TASK_ARRIVED    | Generic_Service       | 153.02            | 153.19          | 0.17          | GREEDY:100.0%[0m
[92m318    | OBS                  | 1   | TASK_ARRIVED    | Generic_Service       | 154.57            | 154.59          | 0.03          | GREEDY:100.0%[0m
[92m319    | OBS                  | 2   | TASK_ARRIVED    | Generic_Service       | 156.03            | 156.2           | 0.17          | GREEDY:100.0%[0m
[92m320    | OBS                  | 1   | TASK_ARRIVED    | CPU_and_Data_Intensive| 156.24            | 156.9           | 0.66          | GREEDY:100.0%[0m
[92m321    | OBS                  | 2   | TASK_ARRIVED    | CPU_and_Data_Intensive| 156.26            | 156.5           | 0.24          | GREEDY:100.0%[0m
[92m322    | OBS                  | 2   | TASK_ARRIVED    | CPU_and_Data_Intensive| 156.85            | 157.6           | 0.75          | GREEDY:100.0%[0m
[92m323    | OBS                  | 1   | TASK_ARRIVED    | CPU_Intensive         | 157.1             | 157.9           | 0.8           | GREEDY:100.0%[0m
[92m325    | OBS                  | 2   | TASK_ARRIVED    | Generic_Service       | 158.26            | 158.4           | 0.14          | GREEDY:100.0%[0m
[92m326    | OBS                  | 2   | TASK_ARRIVED    | CPU_and_Data_Intensive| 158.54            | 159.3           | 0.76          | GREEDY:100.0%[0m
[92m327    | OBS                  | 2   | TASK_ARRIVED    | CPU_Intensive         | 158.66            | 159.0           | 0.34          | GREEDY:100.0%[0m
[92m328    | OBS                  | 2   | TASK_ARRIVED    | Generic_Service       | 158.69            | 158.9           | 0.22          | GREEDY:100.0%[0m
[92m329    | OBS                  | 2   | TASK_ARRIVED    | CPU_Intensive         | 159.92            | 160.21          | 0.29          | GREEDY:100.0%[0m
[92m330    | OBS                  | 2   | TASK_ARRIVED    | CPU_Intensive         | 160.04            | 160.71          | 0.67          | GREEDY:100.0%[0m
[92m331    | OBS                  | 2   | TASK_ARRIVED    | CPU_and_Data_Intensive| 160.22            | 161.01          | 0.79          | GREEDY:100.0%[0m
[92m332    | OBS                  | 2   | TASK_ARRIVED    | Generic_Service       | 160.26            | 160.61          | 0.34          | GREEDY:100.0%[0m
[92m333    | OBS                  | 2   | TASK_ARRIVED    | Generic_Service       | 160.37            | 160.51          | 0.14          | GREEDY:100.0%[0m
[92m334    | OBS                  | 2   | TASK_ARRIVED    | Generic_Service       | 160.63            | 160.81          | 0.18          | GREEDY:100.0%[0m
[92m335    | OBS                  | 2   | TASK_ARRIVED    | Generic_Service       | 162.0             | 162.21          | 0.22          | GREEDY:100.0%[0m
[92m336    | OBS                  | 2   | TASK_ARRIVED    | Generic_Service       | 162.92            | 163.12          | 0.19          | GREEDY:100.0%[0m
[92m337    | OBS                  | 2   | TASK_ARRIVED    | CPU_Intensive         | 163.99            | 164.32          | 0.33          | GREEDY:100.0%[0m
[92m338    | OBS                  | 2   | TASK_ARRIVED    | CPU_and_Data_Intensive| 164.28            | 164.72          | 0.44          | GREEDY:100.0%[0m
[92m340    | OBS                  | 2   | TASK_ARRIVED    | CPU_Intensive         | 164.34            | 164.62          | 0.29          | GREEDY:100.0%[0m
[92m341    | OBS                  | 2   | TASK_ARRIVED    | CPU_Intensive         | 164.73            | 165.32          | 0.6           | GREEDY:100.0%[0m
[92m342    | OBS                  | 2   | TASK_ARRIVED    | Generic_Service       | 164.75            | 165.02          | 0.28          | GREEDY:100.0%[0m
[92m343    | OBS                  | 2   | TASK_ARRIVED    | CPU_Intensive         | 165.22            | 165.53          | 0.31          | GREEDY:100.0%[0m
[92m344    | OBS                  | 2   | TASK_ARRIVED    | Generic_Service       | 165.51            | 165.73          | 0.22          | GREEDY:100.0%[0m
[92m345    | OBS                  | 2   | TASK_ARRIVED    | CPU_Intensive         | 166.29            | 167.53          | 1.24          | GREEDY:100.0%[0m
[92m346    | OBS                  | 2   | TASK_ARRIVED    | CPU_and_Data_Intensive| 166.92            | 167.33          | 0.41          | GREEDY:100.0%[0m
[92m347    | OBS                  | 2   | TASK_ARRIVED    | Generic_Service       | 167.18            | 167.43          | 0.25          | GREEDY:100.0%[0m
[92m348    | OBS                  | 2   | TASK_ARRIVED    | CPU_Intensive         | 167.21            | 167.63          | 0.42          | GREEDY:100.0%[0m
[92m349    | OBS                  | 2   | TASK_ARRIVED    | CPU_Intensive         | 167.75            | 168.04          | 0.28          | GREEDY:100.0%[0m
[92m350    | OBS                  | 2   | TASK_ARRIVED    | Generic_Service       | 168.25            | 168.54          | 0.29          | GREEDY:100.0%[0m
[92m351    | OBS                  | 2   | TASK_ARRIVED    | Generic_Service       | 168.59            | 168.84          | 0.25          | GREEDY:100.0%[0m
[92m352    | OBS                  | 2   | TASK_ARRIVED    | CPU_Intensive         | 168.63            | 170.94          | 2.31          | GREEDY:100.0%[0m
[92m353    | OBS                  | 2   | TASK_ARRIVED    | Generic_Service       | 171.1             | 171.34          | 0.24          | GREEDY:100.0%[0m
[92m354    | OBS                  | 2   | TASK_ARRIVED    | CPU_and_Data_Intensive| 171.74            | 172.24          | 0.51          | GREEDY:100.0%[0m
[92m355    | OBS                  | 2   | TASK_ARRIVED    | CPU_and_Data_Intensive| 172.47            | 173.55          | 1.08          | GREEDY:100.0%[0m
[92m356    | OBS                  | 2   | TASK_ARRIVED    | CPU_Intensive         | 172.63            | 173.45          | 0.82          | GREEDY:100.0%[0m
[92m357    | OBS                  | 2   | TASK_ARRIVED    | Generic_Service       | 173.17            | 173.35          | 0.17          | GREEDY:100.0%[0m
[92m358    | OBS                  | 2   | TASK_ARRIVED    | Generic_Service       | 173.5             | 173.75          | 0.25          | GREEDY:100.0%[0m
[92m359    | OBS                  | 2   | TASK_ARRIVED    | CPU_Intensive         | 173.96            | 174.15          | 0.19          | GREEDY:100.0%[0m
[92m361    | OBS                  | 2   | TASK_ARRIVED    | Generic_Service       | 174.91            | 175.05          | 0.14          | GREEDY:100.0%[0m
[92m362    | OBS                  | 2   | TASK_ARRIVED    | Generic_Service       | 175.16            | 175.35          | 0.2           | GREEDY:100.0%[0m
[92m363    | OBS                  | 2   | TASK_ARRIVED    | CPU_Intensive         | 176.96            | 177.96          | 0.99          | GREEDY:100.0%[0m
[92m364    | OBS                  | 2   | TASK_ARRIVED    | CPU_and_Data_Intensive| 177.31            | 177.86          | 0.54          | GREEDY:100.0%[0m
[92m365    | OBS                  | 2   | TASK_ARRIVED    | CPU_and_Data_Intensive| 177.4             | 178.36          | 0.96          | GREEDY:100.0%[0m
[92m366    | OBS                  | 1   | TASK_ARRIVED    | CPU_Intensive         | 178.17            | 178.26          | 0.09          | GREEDY:100.0%[0m
[92m367    | OBS                  | 1   | TASK_ARRIVED    | CPU_and_Data_Intensive| 178.65            | 179.96          | 1.32          | GREEDY:100.0%[0m
[92m368    | OBS                  | 2   | TASK_ARRIVED    | Generic_Service       | 178.73            | 178.76          | 0.03          | GREEDY:100.0%[0m
[92m369    | OBS                  | 2   | TASK_ARRIVED    | CPU_Intensive         | 179.4             | 180.27          | 0.86          | GREEDY:100.0%[0m
[92m370    | OBS                  | 2   | TASK_ARRIVED    | Generic_Service       | 179.42            | 179.46          | 0.04          | GREEDY:100.0%[0m
[92m371    | OBS                  | 2   | TASK_ARRIVED    | Generic_Service       | 179.74            | 179.76          | 0.03          | GREEDY:100.0%[0m
[92m372    | OBS                  | 2   | TASK_ARRIVED    | CPU_and_Data_Intensive| 179.78            | 179.96          | 0.18          | GREEDY:100.0%[0m
[92m373    | OBS                  | 2   | TASK_ARRIVED    | CPU_Intensive         | 180.03            | 180.67          | 0.64          | GREEDY:100.0%[0m
[92m374    | OBS                  | 2   | TASK_ARRIVED    | Generic_Service       | 180.32            | 180.47          | 0.15          | GREEDY:100.0%[0m
[92m375    | OBS                  | 2   | TASK_ARRIVED    | Generic_Service       | 180.62            | 180.77          | 0.15          | GREEDY:100.0%[0m
[92m376    | OBS                  | 2   | TASK_ARRIVED    | Generic_Service       | 180.82            | 180.97          | 0.15          | GREEDY:100.0%[0m
[92m377    | OBS                  | 2   | TASK_ARRIVED    | Generic_Service       | 181.8             | 181.87          | 0.07          | GREEDY:100.0%[0m
[92m378    | OBS                  | 2   | TASK_ARRIVED    | CPU_and_Data_Intensive| 182.72            | 183.07          | 0.35          | GREEDY:100.0%[0m
[92m379    | OBS                  | 2   | TASK_ARRIVED    | CPU_Intensive         | 182.87            | 182.97          | 0.1           | GREEDY:100.0%[0m
[92m380    | OBS                  | 2   | TASK_ARRIVED    | CPU_Intensive         | 183.31            | 184.28          | 0.96          | GREEDY:100.0%[0m
[92m381    | OBS                  | 2   | TASK_ARRIVED    | Generic_Service       | 183.38            | 183.47          | 0.09          | GREEDY:100.0%[0m
[92m382    | OBS                  | 2   | TASK_ARRIVED    | CPU_and_Data_Intensive| 183.43            | 184.58          | 1.14          | GREEDY:100.0%[0m
[92m383    | OBS                  | 2   | TASK_ARRIVED    | Generic_Service       | 183.75            | 183.87          | 0.12          | GREEDY:100.0%[0m
[92m384    | OBS                  | 2   | TASK_ARRIVED    | Generic_Service       | 184.76            | 184.78          | 0.02          | GREEDY:100.0%[0m
[92m385    | OBS                  | 2   | TASK_ARRIVED    | Generic_Service       | 187.43            | 187.58          | 0.14          | GREEDY:100.0%[0m
[92m386    | OBS                  | 2   | TASK_ARRIVED    | Generic_Service       | 187.57            | 187.68          | 0.11          | GREEDY:100.0%[0m
[92m388    | OBS                  | 2   | TASK_ARRIVED    | CPU_and_Data_Intensive| 188.38            | 188.88          | 0.5           | GREEDY:100.0%[0m
[92m390    | OBS                  | 2   | TASK_ARRIVED    | Generic_Service       | 192.47            | 192.58          | 0.11          | GREEDY:100.0%[0m
[92m391    | OBS                  | 2   | TASK_ARRIVED    | CPU_Intensive         | 193.01            | 193.59          | 0.58          | GREEDY:100.0%[0m
[92m393    | OBS                  | 2   | TASK_ARRIVED    | Generic_Service       | 194.21            | 194.39          | 0.18          | GREEDY:100.0%[0m
[92m394    | OBS                  | 2   | TASK_ARRIVED    | CPU_and_Data_Intensive| 194.24            | 194.29          | 0.05          | GREEDY:100.0%[0m
[92m395    | OBS                  | 2   | TASK_ARRIVED    | CPU_and_Data_Intensive| 194.37            | 194.49          | 0.12          | GREEDY:100.0%[0m
[92m396    | OBS                  | 2   | TASK_ARRIVED    | CPU_and_Data_Intensive| 195.1             | 195.49          | 0.39          | GREEDY:100.0%[0m
[92m397    | OBS                  | 1   | TASK_ARRIVED    | CPU_and_Data_Intensive| 195.54            | 196.59          | 1.05          | GREEDY:100.0%[0m
[92m398    | OBS                  | 2   | TASK_ARRIVED    | CPU_and_Data_Intensive| 197.19            | 197.6           | 0.41          | GREEDY:100.0%[0m
[92m399    | OBS                  | 2   | TASK_ARRIVED    | Generic_Service       | 197.31            | 197.39          | 0.08          | GREEDY:100.0%[0m
[92m400    | OBS                  | 2   | TASK_ARRIVED    | CPU_Intensive         | 197.67            | 198.9           | 1.23          | GREEDY:100.0%[0m
[92m401    | OBS                  | 2   | TASK_ARRIVED    | CPU_and_Data_Intensive| 197.75            | 198.3           | 0.54          | GREEDY:100.0%[0m
[92m402    | OBS                  | 2   | TASK_ARRIVED    | CPU_Intensive         | 197.78            | 198.6           | 0.81          | GREEDY:100.0%[0m
[92m403    | OBS                  | 2   | TASK_ARRIVED    | Generic_Service       | 198.4             | 198.7           | 0.29          | GREEDY:100.0%[0m
[92m404    | OBS                  | 1   | TASK_ARRIVED    | Generic_Service       | 198.75            | 198.8           | 0.06          | GREEDY:100.0%[0m
[92m405    | OBS                  | 2   | TASK_ARRIVED    | CPU_Intensive         | 202.65            | 202.9           | 0.26          | GREEDY:100.0%[0m
[92m406    | OBS                  | 2   | TASK_ARRIVED    | CPU_Intensive         | 203.23            | 203.9           | 0.67          | GREEDY:100.0%[0m
[92m407    | OBS                  | 2   | TASK_ARRIVED    | CPU_and_Data_Intensive| 203.68            | 204.01          | 0.33          | GREEDY:100.0%[0m
[92m408    | OBS                  | 2   | TASK_ARRIVED    | CPU_Intensive         | 204.78            | 205.51          | 0.73          | GREEDY:100.0%[0m
[92m409    | OBS                  | 2   | TASK_ARRIVED    | Generic_Service       | 205.05            | 205.21          | 0.16          | GREEDY:100.0%[0m
[92m410    | OBS                  | 2   | TASK_ARRIVED    | CPU_and_Data_Intensive| 205.7             | 206.41          | 0.71          | GREEDY:100.0%[0m
[92m411    | OBS                  | 2   | TASK_ARRIVED    | Generic_Service       | 208.29            | 208.51          | 0.22          | GREEDY:100.0%[0m
[92m412    | OBS                  | 2   | TASK_ARRIVED    | CPU_Intensive         | 208.37            | 209.12          | 0.75          | GREEDY:100.0%[0m
[92m413    | OBS                  | 2   | TASK_ARRIVED    | Generic_Service       | 208.51            | 208.61          | 0.1           | GREEDY:100.0%[0m
[92m414    | OBS                  | 2   | TASK_ARRIVED    | CPU_and_Data_Intensive| 208.63            | 209.32          | 0.69          | GREEDY:100.0%[0m
[92m415    | OBS                  | 2   | TASK_ARRIVED    | CPU_Intensive         | 208.87            | 209.02          | 0.15          | GREEDY:100.0%[0m
[92m416    | OBS                  | 2   | TASK_ARRIVED    | CPU_Intensive         | 209.53            | 210.02          | 0.49          | GREEDY:100.0%[0m
[92m417    | OBS                  | 2   | TASK_ARRIVED    | Generic_Service       | 209.87            | 210.12          | 0.25          | GREEDY:100.0%[0m
[92m418    | OBS                  | 2   | TASK_ARRIVED    | Generic_Service       | 209.99            | 210.22          | 0.23          | GREEDY:100.0%[0m
[92m419    | OBS                  | 2   | TASK_ARRIVED    | Generic_Service       | 211.78            | 212.02          | 0.25          | GREEDY:100.0%[0m
[92m420    | OBS                  | 2   | TASK_ARRIVED    | Generic_Service       | 212.15            | 212.43          | 0.27          | GREEDY:100.0%[0m
[92m422    | OBS                  | 2   | TASK_ARRIVED    | CPU_Intensive         | 213.07            | 213.33          | 0.26          | GREEDY:100.0%[0m
[92m423    | OBS                  | 2   | TASK_ARRIVED    | Generic_Service       | 213.71            | 213.93          | 0.22          | GREEDY:100.0%[0m
[92m424    | OBS                  | 2   | TASK_ARRIVED    | Generic_Service       | 214.15            | 214.33          | 0.18          | GREEDY:100.0%[0m
[92m425    | OBS                  | 2   | TASK_ARRIVED    | CPU_and_Data_Intensive| 214.45            | 214.73          | 0.28          | GREEDY:100.0%[0m
[92m426    | OBS                  | 2   | TASK_ARRIVED    | CPU_Intensive         | 214.74            | 215.54          | 0.8           | GREEDY:100.0%[0m
[92m427    | OBS                  | 2   | TASK_ARRIVED    | CPU_and_Data_Intensive| 214.75            | 215.24          | 0.49          | GREEDY:100.0%[0m
[92m428    | OBS                  | 2   | TASK_ARRIVED    | CPU_and_Data_Intensive| 215.15            | 216.04          | 0.89          | GREEDY:100.0%[0m
[92m429    | OBS                  | 2   | TASK_ARRIVED    | CPU_and_Data_Intensive| 215.56            | 215.74          | 0.18          | GREEDY:100.0%[0m
[92m430    | OBS                  | 2   | TASK_ARRIVED    | Generic_Service       | 216.03            | 216.24          | 0.21          | GREEDY:100.0%[0m
[92m431    | OBS                  | 2   | TASK_ARRIVED    | CPU_Intensive         | 216.07            | 218.45          | 2.38          | GREEDY:100.0%[0m
[92m432    | OBS                  | 2   | TASK_ARRIVED    | Generic_Service       | 216.89            | 217.15          | 0.26          | GREEDY:100.0%[0m
[92m433    | OBS                  | 2   | TASK_ARRIVED    | Generic_Service       | 217.0             | 217.25          | 0.25          | GREEDY:100.0%[0m
[92m434    | OBS                  | 2   | TASK_ARRIVED    | CPU_Intensive         | 217.08            | 217.45          | 0.37          | GREEDY:100.0%[0m
[92m435    | OBS                  | 2   | TASK_ARRIVED    | CPU_and_Data_Intensive| 217.58            | 219.16          | 1.58          | GREEDY:100.0%[0m
[92m436    | OBS                  | 2   | TASK_ARRIVED    | Generic_Service       | 217.9             | 218.05          | 0.15          | GREEDY:100.0%[0m
[92m437    | OBS                  | 2   | TASK_ARRIVED    | CPU_Intensive         | 218.08            | 218.65          | 0.57          | GREEDY:100.0%[0m
[92m438    | OBS                  | 2   | TASK_ARRIVED    | CPU_Intensive         | 218.5             | 219.26          | 0.76          | GREEDY:100.0%[0m
[92m439    | OBS                  | 2   | TASK_ARRIVED    | Generic_Service       | 218.74            | 219.16          | 0.42          | GREEDY:100.0%[0m
[92m440    | OBS                  | 2   | TASK_ARRIVED    | Generic_Service       | 219.29            | 219.56          | 0.27          | GREEDY:100.0%[0m
[92m441    | OBS                  | 2   | TASK_ARRIVED    | CPU_Intensive         | 219.67            | 219.96          | 0.3           | GREEDY:100.0%[0m
[92m442    | OBS                  | 2   | TASK_ARRIVED    | Generic_Service       | 219.81            | 219.96          | 0.16          | GREEDY:100.0%[0m
[92m443    | OBS                  | 2   | TASK_ARRIVED    | CPU_Intensive         | 220.33            | 220.57          | 0.23          | GREEDY:100.0%[0m
[92m444    | OBS                  | 2   | TASK_ARRIVED    | CPU_Intensive         | 221.87            | 222.17          | 0.3           | GREEDY:100.0%[0m
[92m445    | OBS                  | 2   | TASK_ARRIVED    | Generic_Service       | 222.31            | 222.47          | 0.16          | GREEDY:100.0%[0m
[92m446    | OBS                  | 2   | TASK_ARRIVED    | CPU_Intensive         | 222.55            | 222.77          | 0.22          | GREEDY:100.0%[0m
[92m447    | OBS                  | 2   | TASK_ARRIVED    | Generic_Service       | 223.33            | 223.57          | 0.24          | GREEDY:100.0%[0m
[92m448    | OBS                  | 2   | TASK_ARRIVED    | Generic_Service       | 224.25            | 224.27          | 0.02          | GREEDY:100.0%[0m
[92m450    | OBS                  | 2   | TASK_ARRIVED    | CPU_Intensive         | 225.23            | 225.37          | 0.14          | GREEDY:100.0%[0m
[92m451    | OBS                  | 2   | TASK_ARRIVED    | Generic_Service       | 225.5             | 225.78          | 0.27          | GREEDY:100.0%[0m
[92m452    | OBS                  | 2   | TASK_ARRIVED    | CPU_Intensive         | 226.18            | 226.48          | 0.3           | GREEDY:100.0%[0m
[92m454    | OBS                  | 2   | TASK_ARRIVED    | Generic_Service       | 227.3             | 227.48          | 0.18          | GREEDY:100.0%[0m
[92m455    | OBS                  | 2   | TASK_ARRIVED    | CPU_Intensive         | 227.4             | 229.39          | 1.99          | GREEDY:100.0%[0m
[92m456    | OBS                  | 2   | TASK_ARRIVED    | Generic_Service       | 228.04            | 228.28          | 0.24          | GREEDY:100.0%[0m
[92m457    | OBS                  | 1   | TASK_ARRIVED    | Generic_Service       | 228.24            | 228.28          | 0.04          | GREEDY:100.0%[0m
[92m458    | OBS                  | 2   | TASK_ARRIVED    | Generic_Service       | 228.27            | 228.48          | 0.22          | GREEDY:100.0%[0m
[92m459    | OBS                  | 2   | TASK_ARRIVED    | Generic_Service       | 228.74            | 228.78          | 0.05          | GREEDY:100.0%[0m
[92m460    | OBS                  | 2   | TASK_ARRIVED    | CPU_Intensive         | 228.83            | 229.19          | 0.35          | GREEDY:100.0%[0m
[92m461    | OBS                  | 2   | TASK_ARRIVED    | CPU_and_Data_Intensive| 228.96            | 229.79          | 0.83          | GREEDY:100.0%[0m
[92m462    | OBS                  | 2   | TASK_ARRIVED    | CPU_Intensive         | 230.09            | 230.29          | 0.2           | GREEDY:100.0%[0m
[92m463    | OBS                  | 2   | TASK_ARRIVED    | Generic_Service       | 230.44            | 230.69          | 0.25          | GREEDY:100.0%[0m
[92m464    | OBS                  | 2   | TASK_ARRIVED    | Generic_Service       | 231.1             | 231.29          | 0.19          | GREEDY:100.0%[0m
[92m465    | OBS                  | 2   | TASK_ARRIVED    | Generic_Service       | 231.69            | 231.9           | 0.21          | GREEDY:100.0%[0m
[92m466    | OBS                  | 2   | TASK_ARRIVED    | CPU_and_Data_Intensive| 232.01            | 232.5           | 0.49          | GREEDY:100.0%[0m
[92m467    | OBS                  | 2   | TASK_ARRIVED    | Generic_Service       | 233.32            | 233.6           | 0.28          | GREEDY:100.0%[0m
[92m468    | OBS                  | 2   | TASK_ARRIVED    | CPU_and_Data_Intensive| 233.43            | 233.7           | 0.27          | GREEDY:100.0%[0m
[92m469    | OBS                  | 2   | TASK_ARRIVED    | CPU_Intensive         | 233.99            | 234.4           | 0.41          | GREEDY:100.0%[0m
[92m470    | OBS                  | 2   | TASK_ARRIVED    | CPU_Intensive         | 234.38            | 235.2           | 0.83          | GREEDY:100.0%[0m
[92m471    | OBS                  | 2   | TASK_ARRIVED    | CPU_and_Data_Intensive| 234.98            | 235.7           | 0.73          | GREEDY:100.0%[0m
[92m472    | OBS                  | 2   | TASK_ARRIVED    | Generic_Service       | 236.32            | 236.41          | 0.08          | GREEDY:100.0%[0m
[92m473    | OBS                  | 2   | TASK_ARRIVED    | Generic_Service       | 236.86            | 236.91          | 0.05          | GREEDY:100.0%[0m
[92m474    | OBS                  | 2   | TASK_ARRIVED    | CPU_and_Data_Intensive| 237.34            | 238.21          | 0.86          | GREEDY:100.0%[0m
[92m475    | OBS                  | 2   | TASK_ARRIVED    | CPU_Intensive         | 238.13            | 238.31          | 0.18          | GREEDY:100.0%[0m
[92m477    | OBS                  | 1   | TASK_ARRIVED    | CPU_Intensive         | 239.2             | 240.31          | 1.11          | GREEDY:100.0%[0m
[92m478    | OBS                  | 2   | TASK_ARRIVED    | CPU_and_Data_Intensive| 239.53            | 240.11          | 0.58          | GREEDY:100.0%[0m
[92m479    | OBS                  | 2   | TASK_ARRIVED    | Generic_Service       | 240.08            | 240.51          | 0.44          | GREEDY:100.0%[0m
[92m481    | OBS                  | 2   | TASK_ARRIVED    | Generic_Service       | 240.91            | 241.01          | 0.11          | GREEDY:100.0%[0m
[92m482    | OBS                  | 2   | TASK_ARRIVED    | CPU_Intensive         | 241.34            | 241.72          | 0.37          | GREEDY:100.0%[0m
[92m483    | OBS                  | 2   | TASK_ARRIVED    | CPU_Intensive         | 242.05            | 242.12          | 0.06          | GREEDY:100.0%[0m
[92m485    | OBS                  | 2   | TASK_ARRIVED    | Generic_Service       | 242.34            | 242.52          | 0.17          | GREEDY:100.0%[0m
[92m486    | OBS                  | 2   | TASK_ARRIVED    | CPU_and_Data_Intensive| 243.05            | 244.22          | 1.17          | GREEDY:100.0%[0m
[92m487    | OBS                  | 2   | TASK_ARRIVED    | Generic_Service       | 243.77            | 244.02          | 0.25          | GREEDY:100.0%[0m
[92m488    | OBS                  | 2   | TASK_ARRIVED    | Generic_Service       | 247.04            | 247.22          | 0.18          | GREEDY:100.0%[0m
[92m489    | OBS                  | 2   | TASK_ARRIVED    | CPU_and_Data_Intensive| 247.67            | 247.93          | 0.25          | GREEDY:100.0%[0m
[92m490    | OBS                  | 2   | TASK_ARRIVED    | CPU_and_Data_Intensive| 247.7             | 248.33          | 0.63          | GREEDY:100.0%[0m
[92m491    | OBS                  | 3   | TASK_ARRIVED    | Generic_Service       | 247.82            | 248.03          | 0.21          | GREEDY:100.0%[0m
[92m492    | OBS                  | 2   | TASK_ARRIVED    | CPU_and_Data_Intensive| 247.83            | 248.53          | 0.69          | GREEDY:100.0%[0m
[92m493    | OBS                  | 2   | TASK_ARRIVED    | CPU_Intensive         | 249.09            | 249.73          | 0.64          | GREEDY:100.0%[0m
[92m494    | OBS                  | 2   | TASK_ARRIVED    | CPU_Intensive         | 249.27            | 249.43          | 0.16          | GREEDY:100.0%[0m
[92m495    | OBS                  | 2   | TASK_ARRIVED    | Generic_Service       | 249.4             | 249.63          | 0.23          | GREEDY:100.0%[0m
[92m496    | OBS                  | 2   | TASK_ARRIVED    | Generic_Service       | 249.45            | 249.83          | 0.38          | GREEDY:100.0%[0m
[92m497    | OBS                  | 2   | TASK_ARRIVED    | CPU_Intensive         | 249.81            | 250.54          | 0.72          | GREEDY:100.0%[0m
[92m498    | OBS                  | 2   | TASK_ARRIVED    | Generic_Service       | 249.98            | 250.13          | 0.15          | GREEDY:100.0%[0m
[92m499    | OBS                  | 2   | TASK_ARRIVED    | Generic_Service       | 250.17            | 250.33          | 0.17          | GREEDY:100.0%[0m
[92m500    | OBS                  | 2   | TASK_ARRIVED    | CPU_and_Data_Intensive| 252.13            | 252.94          | 0.81          | GREEDY:100.0%[0m
[92m501    | OBS                  | 2   | TASK_ARRIVED    | CPU_and_Data_Intensive| 253.29            | 253.54          | 0.25          | GREEDY:100.0%[0m
[92m502    | OBS                  | 2   | TASK_ARRIVED    | CPU_and_Data_Intensive| 254.12            | 256.14          | 2.02          | GREEDY:100.0%[0m
[92m504    | OBS                  | 2   | TASK_ARRIVED    | CPU_and_Data_Intensive| 255.89            | 256.84          | 0.95          | GREEDY:100.0%[0m
[92m505    | OBS                  | 2   | TASK_ARRIVED    | CPU_Intensive         | 256.22            | 256.34          | 0.12          | GREEDY:100.0%[0m
[92m506    | OBS                  | 2   | TASK_ARRIVED    | CPU_and_Data_Intensive| 256.69            | 257.74          | 1.06          | GREEDY:100.0%[0m
[92m508    | OBS                  | 2   | TASK_ARRIVED    | CPU_Intensive         | 257.61            | 257.84          | 0.24          | GREEDY:100.0%[0m
[92m509    | OBS                  | 2   | TASK_ARRIVED    | Generic_Service       | 257.83            | 258.04          | 0.22          | GREEDY:100.0%[0m
[92m510    | OBS                  | 2   | TASK_ARRIVED    | CPU_and_Data_Intensive| 258.07            | 258.45          | 0.38          | GREEDY:100.0%[0m
[92m511    | OBS                  | 1   | TASK_ARRIVED    | Generic_Service       | 258.81            | 258.95          | 0.14          | GREEDY:100.0%[0m
[92m512    | OBS                  | 2   | TASK_ARRIVED    | Generic_Service       | 259.27            | 259.35          | 0.08          | GREEDY:100.0%[0m
[92m514    | OBS                  | 2   | TASK_ARRIVED    | Generic_Service       | 259.69            | 259.95          | 0.26          | GREEDY:100.0%[0m
[92m515    | OBS                  | 2   | TASK_ARRIVED    | Generic_Service       | 260.05            | 260.25          | 0.2           | GREEDY:100.0%[0m
[92m516    | OBS                  | 2   | TASK_ARRIVED    | CPU_Intensive         | 260.24            | 260.75          | 0.51          | GREEDY:100.0%[0m
[92m517    | OBS                  | 2   | TASK_ARRIVED    | CPU_and_Data_Intensive| 260.38            | 261.15          | 0.77          | GREEDY:100.0%[0m
[92m518    | OBS                  | 1   | TASK_ARRIVED    | CPU_and_Data_Intensive| 260.5             | 261.55          | 1.05          | GREEDY:100.0%[0m
[92m520    | OBS                  | 2   | TASK_ARRIVED    | CPU_Intensive         | 261.56            | 262.56          | 1.0           | GREEDY:100.0%[0m
[92m521    | OBS                  | 2   | TASK_ARRIVED    | Generic_Service       | 261.88            | 261.95          | 0.08          | GREEDY:100.0%[0m
[92m522    | OBS                  | 2   | TASK_ARRIVED    | CPU_Intensive         | 262.95            | 263.56          | 0.6           | GREEDY:100.0%[0m
[92m523    | OBS                  | 1   | TASK_ARRIVED    | CPU_and_Data_Intensive| 264.14            | 267.16          | 3.02          | GREEDY:100.0%[0m
[92m524    | OBS                  | 1   | TASK_ARRIVED    | CPU_Intensive         | 265.22            | 265.26          | 0.03          | GREEDY:100.0%[0m
[92m525    | OBS                  | 1   | TASK_ARRIVED    | CPU_Intensive         | 265.38            | 265.46          | 0.08          | GREEDY:100.0%[0m
[92m526    | OBS                  | 2   | TASK_ARRIVED    | CPU_and_Data_Intensive| 265.48            | 265.66          | 0.17          | GREEDY:100.0%[0m
[92m528    | OBS                  | 2   | TASK_ARRIVED    | CPU_Intensive         | 266.9             | 267.56          | 0.66          | GREEDY:100.0%[0m
[92m530    | OBS                  | 2   | TASK_ARRIVED    | Generic_Service       | 268.24            | 268.46          | 0.22          | GREEDY:100.0%[0m
[92m531    | OBS                  | 2   | TASK_ARRIVED    | CPU_Intensive         | 268.49            | 268.66          | 0.17          | GREEDY:100.0%[0m
[92m532    | OBS                  | 2   | TASK_ARRIVED    | CPU_Intensive         | 269.05            | 269.56          | 0.51          | GREEDY:100.0%[0m
[92m533    | OBS                  | 1   | TASK_ARRIVED    | Generic_Service       | 269.28            | 269.36          | 0.08          | GREEDY:100.0%[0m
[92m535    | OBS                  | 2   | TASK_ARRIVED    | Generic_Service       | 269.98            | 270.17          | 0.19          | GREEDY:100.0%[0m
[92m536    | OBS                  | 2   | TASK_ARRIVED    | CPU_and_Data_Intensive| 270.16            | 270.97          | 0.81          | GREEDY:100.0%[0m
[92m537    | OBS                  | 2   | TASK_ARRIVED    | Generic_Service       | 271.19            | 271.37          | 0.18          | GREEDY:100.0%[0m
[92m540    | OBS                  | 2   | TASK_ARRIVED    | CPU_and_Data_Intensive| 272.78            | 272.97          | 0.19          | GREEDY:100.0%[0m
[92m541    | OBS                  | 2   | TASK_ARRIVED    | Generic_Service       | 274.77            | 274.97          | 0.2           | GREEDY:100.0%[0m
[92m542    | OBS                  | 2   | TASK_ARRIVED    | Generic_Service       | 275.07            | 275.27          | 0.2           | GREEDY:100.0%[0m
[92m543    | OBS                  | 2   | TASK_ARRIVED    | Generic_Service       | 275.38            | 275.58          | 0.2           | GREEDY:100.0%[0m
[92m544    | OBS                  | 2   | TASK_ARRIVED    | CPU_Intensive         | 275.47            | 276.08          | 0.61          | GREEDY:100.0%[0m
[92m546    | OBS                  | 2   | TASK_ARRIVED    | Generic_Service       | 276.7             | 276.98          | 0.27          | GREEDY:100.0%[0m
[92m547    | OBS                  | 2   | TASK_ARRIVED    | CPU_Intensive         | 277.34            | 277.98          | 0.64          | GREEDY:100.0%[0m
[92m548    | OBS                  | 2   | TASK_ARRIVED    | CPU_Intensive         | 278.59            | 278.98          | 0.39          | GREEDY:100.0%[0m
[92m549    | OBS                  | 2   | TASK_ARRIVED    | Generic_Service       | 278.93            | 279.09          | 0.15          | GREEDY:100.0%[0m
[92m551    | OBS                  | 2   | TASK_ARRIVED    | CPU_and_Data_Intensive| 279.9             | 281.19          | 1.29          | GREEDY:100.0%[0m
[92m552    | OBS                  | 2   | TASK_ARRIVED    | CPU_Intensive         | 280.0             | 280.29          | 0.29          | GREEDY:100.0%[0m
[92m553    | OBS                  | 2   | TASK_ARRIVED    | CPU_and_Data_Intensive| 280.14            | 280.39          | 0.25          | GREEDY:100.0%[0m
[92m554    | OBS                  | 2   | TASK_ARRIVED    | CPU_Intensive         | 280.64            | 280.89          | 0.25          | GREEDY:100.0%[0m
[92m555    | OBS                  | 2   | TASK_ARRIVED    | CPU_Intensive         | 281.78            | 281.99          | 0.21          | GREEDY:100.0%[0m
[92m556    | OBS                  | 2   | TASK_ARRIVED    | CPU_and_Data_Intensive| 282.06            | 282.29          | 0.24          | GREEDY:100.0%[0m
[92m557    | OBS                  | 2   | TASK_ARRIVED    | CPU_and_Data_Intensive| 282.34            | 282.7           | 0.36          | GREEDY:100.0%[0m
[92m558    | OBS                  | 2   | TASK_ARRIVED    | Generic_Service       | 284.41            | 284.6           | 0.19          | GREEDY:100.0%[0m
[92m559    | OBS                  | 2   | TASK_ARRIVED    | CPU_and_Data_Intensive| 285.7             | 286.2           | 0.5           | GREEDY:100.0%[0m
[92m560    | OBS                  | 2   | TASK_ARRIVED    | Generic_Service       | 286.65            | 286.8           | 0.15          | GREEDY:100.0%[0m
[92m561    | OBS                  | 2   | TASK_ARRIVED    | Generic_Service       | 286.91            | 287.1           | 0.19          | GREEDY:100.0%[0m
[92m562    | OBS                  | 2   | TASK_ARRIVED    | CPU_Intensive         | 287.88            | 288.31          | 0.43          | GREEDY:100.0%[0m
[92m563    | OBS                  | 2   | TASK_ARRIVED    | Generic_Service       | 288.16            | 288.41          | 0.25          | GREEDY:100.0%[0m
[92m564    | OBS                  | 2   | TASK_ARRIVED    | CPU_and_Data_Intensive| 290.36            | 290.91          | 0.55          | GREEDY:100.0%[0m
[92m565    | OBS                  | 2   | TASK_ARRIVED    | Generic_Service       | 291.71            | 291.91          | 0.2           | GREEDY:100.0%[0m
[92m566    | OBS                  | 2   | TASK_ARRIVED    | Generic_Service       | 291.87            | 292.01          | 0.14          | GREEDY:100.0%[0m
[92m567    | OBS                  | 2   | TASK_ARRIVED    | Generic_Service       | 292.59            | 292.81          | 0.22          | GREEDY:100.0%[0m
[92m568    | OBS                  | 2   | TASK_ARRIVED    | Generic_Service       | 293.32            | 293.41          | 0.1           | GREEDY:100.0%[0m
[92m569    | OBS                  | 2   | TASK_ARRIVED    | CPU_Intensive         | 293.9             | 294.22          | 0.31          | GREEDY:100.0%[0m
[92m570    | OBS                  | 2   | TASK_ARRIVED    | CPU_Intensive         | 294.22            | 294.72          | 0.5           | GREEDY:100.0%[0m
[92m571    | OBS                  | 2   | TASK_ARRIVED    | Generic_Service       | 294.3             | 294.52          | 0.21          | GREEDY:100.0%[0m
[92m574    | OBS                  | 2   | TASK_ARRIVED    | Generic_Service       | 295.91            | 296.12          | 0.21          | GREEDY:100.0%[0m
[92m575    | OBS                  | 2   | TASK_ARRIVED    | CPU_Intensive         | 296.27            | 297.22          | 0.95          | GREEDY:100.0%[0m
[92m576    | OBS                  | 2   | TASK_ARRIVED    | Generic_Service       | 296.63            | 296.82          | 0.19          | GREEDY:100.0%[0m
[92m578    | OBS                  | 2   | TASK_ARRIVED    | CPU_and_Data_Intensive| 297.67            | 298.92          | 1.25          | GREEDY:100.0%[0m
[92m579    | OBS                  | 2   | TASK_ARRIVED    | CPU_Intensive         | 298.41            | 299.43          | 1.02          | GREEDY:100.0%[0m
581    | STARLINK-35067       | 0   | ON_SIMULATION   | CPU_Intensive         | 299.46            | None            | None          | -
[92m582    | OBS                  | 2   | TASK_ARRIVED    | CPU_and_Data_Intensive| 299.69            | 299.93          | 0.24          | GREEDY:100.0%[0m
Summary info saved to: /home/vsalvatore/SECMotionModel/result/DTS-APopt_sim_SystemAP5/deadline_10/Energy_budget_120000/IMG_RES_bg_0.4_bcpui_0.35_bcpudi_0.25_am_0.3ah_0.5_avh_0.2_gh_0.7_gvh_0.3/Routing_bidirectional_True/seed_9973/SUMMARY[GREEDY]_Rout_interval_0.1.csv

Task info saved to: /home/vsalvatore/SECMotionModel/result/DTS-APopt_sim_SystemAP5/deadline_10/Energy_budget_120000/IMG_RES_bg_0.4_bcpui_0.35_bcpudi_0.25_am_0.3ah_0.5_avh_0.2_gh_0.7_gvh_0.3/Routing_bidirectional_True/seed_9973/[GREEDY]_AT_0.5_CPU_0.05.csv
Simulation results saved to: /home/vsalvatore/SECMotionModel/result/DTS-APopt_sim_SystemAP5/deadline_10/Energy_budget_120000/IMG_RES_bg_0.4_bcpui_0.35_bcpudi_0.25_am_0.3ah_0.5_avh_0.2_gh_0.7_gvh_0.3/Routing_bidirectional_True/seed_9973/results_exponential_REQ-DTS-APopt_AT_0.5_CPU_0.05.csv

Salvataggio statistiche energetiche e conteggi task su: result/DTS-APopt_sim_SystemAP5/deadline_10/Energy_budget_120000/IMG_RES_bg_0.4_bcpui_0.35_bcpudi_0.25_am_0.3ah_0.5_avh_0.2_gh_0.7_gvh_0.3/Routing_bidirectional_True/seed_9973/energy_stats_exponential_REQ-DTS-APopt_AT_0.5_CPU_0.05.csv
Tempo di esecuzione REALE della simulazione 34.2467 secondi
