[92m[INFO] Configurazione passata caricata Correttamente.[0m
[92m[INFO] Configurazione risoluzione immagini caricata Correttamente.[0m
[93m[LOAD] Caricamento configurazione <optimal>...[0m
[92m[LOAD] Configurazione <optimal> caricata con successo.[0m
Batch tasks for all servers scheduled (0..3 per server).
--- Avvio simulazione ---
Cartella: result/ILP_sim_SystemAP5/deadline_10/Energy_budget_120000/IMG_RES_bg_0.4_bcpui_0.35_bcpudi_0.25_am_0.3ah_0.5_avh_0.2_gh_0.7_gvh_0.3/Routing_bidirectional_True/seed_2333
CSV tasks: /home/vsalvatore/SECMotionModel/result/ILP_sim_SystemAP5/deadline_10/Energy_budget_120000/IMG_RES_bg_0.4_bcpui_0.35_bcpudi_0.25_am_0.3ah_0.5_avh_0.2_gh_0.7_gvh_0.3/Routing_bidirectional_True/seed_2333/results_exponential_REQ-ILP_AT_0.5_CPU_0.05.csv
CSV migrazioni: /home/vsalvatore/SECMotionModel/result/ILP_sim_SystemAP5/deadline_10/Energy_budget_120000/IMG_RES_bg_0.4_bcpui_0.35_bcpudi_0.25_am_0.3ah_0.5_avh_0.2_gh_0.7_gvh_0.3/Routing_bidirectional_True/seed_2333/migration_exponential_REQ-ILP_AT_0.5_CPU_0.05.csv
----------------------------------------------------------------------
	||TIME IN SIMULATION : (seconds:0) (minutes: 0) ||

MODIFICA CONFIGURAZIONE IN CORSO...

[0.000] ENQUEUE BATCH id=2000 on STARLINK-31777 image_MB=14.62 queue_len=1
[0.000] ENQUEUE BATCH id=3000 on STARLINK-31283 image_MB=22.48 queue_len=1
[0.000] ENQUEUE BATCH id=4000 on STARLINK-2116 image_MB=15.47 queue_len=1
[0.000] ENQUEUE BATCH id=5000 on STARLINK-30872 image_MB=11.67 queue_len=1
[0.000] ENQUEUE BATCH id=6000 on STARLINK-30578 image_MB=407.93 queue_len=1
[0.000] ENQUEUE BATCH id=7000 on STARLINK-5968 image_MB=16.22 queue_len=1
[0.000] ENQUEUE BATCH id=8000 on STARLINK-5968 image_MB=306.10 queue_len=1
[0.000] ENQUEUE BATCH id=9000 on STARLINK-30522 image_MB=13.62 queue_len=1
[0.000] ENQUEUE BATCH id=10000 on STARLINK-30522 image_MB=138.51 queue_len=1
[0.000] ENQUEUE BATCH id=11000 on STARLINK-30522 image_MB=12.33 queue_len=1
[0.000] ENQUEUE BATCH id=12000 on STARLINK-31866 image_MB=19.32 queue_len=1
[0.000] ENQUEUE BATCH id=13000 on STARLINK-31866 image_MB=10.94 queue_len=1
[0.000] ENQUEUE BATCH id=14000 on STARLINK-31866 image_MB=8.70 queue_len=1
[0.000] ENQUEUE BATCH id=15000 on STARLINK-31235 image_MB=9.62 queue_len=1
[0.000] ENQUEUE BATCH id=16000 on STARLINK-31235 image_MB=8.22 queue_len=1
[0.000] ENQUEUE BATCH id=17000 on STARLINK-5936 image_MB=238.55 queue_len=1
[0.000] ENQUEUE BATCH id=18000 on STARLINK-5936 image_MB=471.81 queue_len=1
[0.000] ENQUEUE BATCH id=19000 on STARLINK-5936 image_MB=2.56 queue_len=1
[0.000] ENQUEUE BATCH id=20000 on STARLINK-5097 image_MB=7.96 queue_len=1
[0.000] ENQUEUE BATCH id=21000 on STARLINK-5097 image_MB=13.47 queue_len=1
[0.000] ENQUEUE BATCH id=22000 on STARLINK-2717 image_MB=22.11 queue_len=1
[0.000] ENQUEUE BATCH id=23000 on STARLINK-4473 image_MB=14.00 queue_len=1
[0.000] ENQUEUE BATCH id=24000 on STARLINK-4473 image_MB=332.16 queue_len=1
[0.000] ENQUEUE BATCH id=25000 on STARLINK-4473 image_MB=13.97 queue_len=1
[0.000] ENQUEUE BATCH id=26000 on STARLINK-34972 image_MB=11.52 queue_len=1
[0.000] ENQUEUE BATCH id=27000 on STARLINK-2319 image_MB=228.15 queue_len=1
[0.000] ENQUEUE BATCH id=28000 on STARLINK-6246 image_MB=183.76 queue_len=1
[0.000] ENQUEUE BATCH id=29000 on STARLINK-6246 image_MB=211.51 queue_len=1
[0.000] ENQUEUE BATCH id=30000 on STARLINK-6246 image_MB=305.27 queue_len=1
[0.000] ENQUEUE BATCH id=31000 on STARLINK-4545 image_MB=249.25 queue_len=1
[0.000] ENQUEUE BATCH id=32000 on STARLINK-4438 image_MB=244.39 queue_len=1
[0.000] ENQUEUE BATCH id=33000 on STARLINK-4438 image_MB=14.07 queue_len=1
[0.000] ENQUEUE BATCH id=34000 on STARLINK-4438 image_MB=5.18 queue_len=1
[0.000] ENQUEUE BATCH id=35000 on STARLINK-30971 image_MB=21.82 queue_len=1
[0.000] ENQUEUE BATCH id=36000 on STARLINK-30971 image_MB=22.95 queue_len=1
[0.000] ENQUEUE BATCH id=37000 on STARLINK-6205 image_MB=17.82 queue_len=1
[0.000] ENQUEUE BATCH id=38000 on STARLINK-6205 image_MB=3.61 queue_len=1
[0.000] ENQUEUE BATCH id=39000 on STARLINK-6205 image_MB=21.09 queue_len=1
[0.000] ENQUEUE BATCH id=40000 on STARLINK-5520 image_MB=22.09 queue_len=1
[0.000] ENQUEUE BATCH id=41000 on STARLINK-5520 image_MB=198.56 queue_len=1
[0.000] ENQUEUE BATCH id=42000 on STARLINK-30571 image_MB=5.66 queue_len=1
[0.000] ENQUEUE BATCH id=43000 on STARLINK-11209 [DTC] image_MB=20.54 queue_len=1
[0.000] ENQUEUE BATCH id=44000 on STARLINK-11209 [DTC] image_MB=14.30 queue_len=1
[0.000] ENQUEUE BATCH id=45000 on STARLINK-2619 image_MB=437.48 queue_len=1
[0.000] ENQUEUE BATCH id=46000 on STARLINK-2619 image_MB=15.43 queue_len=1
[0.000] ENQUEUE BATCH id=47000 on STARLINK-11403 [DTC] image_MB=6.36 queue_len=1
[0.000] ENQUEUE BATCH id=48000 on STARLINK-11403 [DTC] image_MB=15.50 queue_len=1
[0.000] ENQUEUE BATCH id=49000 on STARLINK-11403 [DTC] image_MB=10.99 queue_len=1
[0.000] ENQUEUE BATCH id=50000 on STARLINK-11139 [DTC] image_MB=9.55 queue_len=1
[0.000] ENQUEUE BATCH id=51000 on STARLINK-11139 [DTC] image_MB=2.21 queue_len=1
[0.000] ENQUEUE BATCH id=52000 on STARLINK-33663 image_MB=4.92 queue_len=1
[0.000] ENQUEUE BATCH id=53000 on STARLINK-33663 image_MB=350.30 queue_len=1
[0.000] ENQUEUE BATCH id=54000 on STARLINK-33663 image_MB=406.11 queue_len=1
[0.000] ENQUEUE BATCH id=55000 on STARLINK-31751 image_MB=351.27 queue_len=1
[0.000] ENQUEUE BATCH id=56000 on STARLINK-31751 image_MB=13.88 queue_len=1
[0.000] ENQUEUE BATCH id=57000 on STARLINK-31751 image_MB=19.76 queue_len=1
[0.000] ENQUEUE BATCH id=58000 on STARLINK-35016 image_MB=15.33 queue_len=1
[0.000] ENQUEUE BATCH id=59000 on STARLINK-35016 image_MB=327.26 queue_len=1
[0.000] ENQUEUE BATCH id=60000 on STARLINK-2161 image_MB=21.42 queue_len=1
[0.000] ENQUEUE BATCH id=61000 on STARLINK-2161 image_MB=263.97 queue_len=1
[0.000] ENQUEUE BATCH id=62000 on STARLINK-2161 image_MB=13.95 queue_len=1
[0.000] ENQUEUE BATCH id=63000 on STARLINK-32654 image_MB=23.05 queue_len=1
[0.000] ENQUEUE BATCH id=64000 on STARLINK-32654 image_MB=15.70 queue_len=1
[0.000] ENQUEUE BATCH id=65000 on STARLINK-32654 image_MB=290.37 queue_len=1
[0.000] ENQUEUE BATCH id=66000 on STARLINK-31220 image_MB=5.29 queue_len=1
[0.000] ENQUEUE BATCH id=67000 on STARLINK-31220 image_MB=19.64 queue_len=1
[0.000] ENQUEUE BATCH id=68000 on STARLINK-31220 image_MB=4.35 queue_len=1
[0.000] ENQUEUE BATCH id=69000 on STARLINK-34011 image_MB=437.18 queue_len=1
[0.000] ENQUEUE BATCH id=70000 on STARLINK-5999 image_MB=304.45 queue_len=1
[0.000] ENQUEUE BATCH id=71000 on STARLINK-5999 image_MB=17.74 queue_len=1
[0.000] ENQUEUE BATCH id=72000 on STARLINK-34375 image_MB=17.42 queue_len=1
[0.000] ENQUEUE BATCH id=73000 on STARLINK-34375 image_MB=176.44 queue_len=1
[0.000] ENQUEUE BATCH id=74000 on STARLINK-34375 image_MB=23.67 queue_len=1
[0.000] ENQUEUE BATCH id=75000 on STARLINK-30704 image_MB=11.99 queue_len=1
[0.000] ENQUEUE BATCH id=76000 on STARLINK-30704 image_MB=12.56 queue_len=1
[0.000] ENQUEUE BATCH id=77000 on STARLINK-4525 image_MB=16.52 queue_len=1
[0.000] ENQUEUE BATCH id=78000 on STARLINK-4525 image_MB=5.04 queue_len=1
[0.000] ENQUEUE BATCH id=79000 on STARLINK-31009 image_MB=7.79 queue_len=1
[0.000] ENQUEUE BATCH id=80000 on STARLINK-31009 image_MB=5.48 queue_len=1
[0.000] ENQUEUE BATCH id=81000 on STARLINK-31009 image_MB=15.49 queue_len=1
[0.000] ENQUEUE BATCH id=82000 on STARLINK-31124 image_MB=321.35 queue_len=1
[0.000] ENQUEUE BATCH id=83000 on STARLINK-31124 image_MB=339.07 queue_len=1
[0.000] ENQUEUE BATCH id=84000 on STARLINK-30985 image_MB=3.31 queue_len=1
[0.000] ENQUEUE BATCH id=85000 on STARLINK-30985 image_MB=247.33 queue_len=1
[0.000] ENQUEUE BATCH id=86000 on STARLINK-6195 image_MB=165.63 queue_len=1
[0.000] ENQUEUE BATCH id=87000 on STARLINK-6195 image_MB=151.86 queue_len=1
[0.000] ENQUEUE BATCH id=88000 on STARLINK-6195 image_MB=10.33 queue_len=1
[0.000] ENQUEUE BATCH id=89000 on STARLINK-30895 image_MB=14.27 queue_len=1
[0.000] ENQUEUE BATCH id=90000 on STARLINK-30895 image_MB=428.84 queue_len=1
[0.000] ENQUEUE BATCH id=91000 on STARLINK-32949 image_MB=283.33 queue_len=1
[0.000] ENQUEUE BATCH id=92000 on STARLINK-32949 image_MB=225.33 queue_len=1
[0.000] ENQUEUE BATCH id=93000 on STARLINK-32400 image_MB=9.65 queue_len=1
[0.000] ENQUEUE BATCH id=94000 on STARLINK-32400 image_MB=12.28 queue_len=1
[0.000] ENQUEUE BATCH id=95000 on STARLINK-34909 image_MB=15.27 queue_len=1
[0.000] ENQUEUE BATCH id=96000 on STARLINK-34909 image_MB=9.45 queue_len=1
[0.000] ENQUEUE BATCH id=97000 on STARLINK-33854 image_MB=17.84 queue_len=1
[0.000] ENQUEUE BATCH id=98000 on STARLINK-33854 image_MB=17.95 queue_len=1
[0.000] ENQUEUE BATCH id=99000 on STARLINK-33854 image_MB=5.60 queue_len=1
[0.000] ENQUEUE BATCH id=100000 on STARLINK-35136 image_MB=19.99 queue_len=1
[0.000] ENQUEUE BATCH id=101000 on STARLINK-35136 image_MB=20.34 queue_len=1
[0.000] ENQUEUE BATCH id=102000 on STARLINK-5854 image_MB=499.87 queue_len=1
[0.000] ENQUEUE BATCH id=103000 on STARLINK-5854 image_MB=2.24 queue_len=1
[0.000] ENQUEUE BATCH id=104000 on STARLINK-5854 image_MB=216.43 queue_len=1
[0.000] ENQUEUE BATCH id=105000 on STARLINK-3204 image_MB=20.04 queue_len=1
[0.000] ENQUEUE BATCH id=106000 on STARLINK-3204 image_MB=24.17 queue_len=1
[0.000] ENQUEUE BATCH id=107000 on STARLINK-3138 image_MB=408.96 queue_len=1
[0.000] ENQUEUE BATCH id=108000 on STARLINK-3138 image_MB=9.67 queue_len=1
[0.000] ENQUEUE BATCH id=109000 on STARLINK-30223 image_MB=4.62 queue_len=1
[0.000] ENQUEUE BATCH id=110000 on STARLINK-30137 image_MB=11.92 queue_len=1
[0.000] ENQUEUE BATCH id=111000 on STARLINK-30137 image_MB=10.89 queue_len=1
[0.000] ENQUEUE BATCH id=112000 on STARLINK-3843 image_MB=19.69 queue_len=1
[0.000] ENQUEUE BATCH id=113000 on STARLINK-3843 image_MB=7.07 queue_len=1
[0.000] ENQUEUE BATCH id=114000 on STARLINK-3807 image_MB=16.42 queue_len=1
[0.000] ENQUEUE BATCH id=115000 on STARLINK-5942 image_MB=7.52 queue_len=1
[0.000] ENQUEUE BATCH id=116000 on STARLINK-5942 image_MB=19.18 queue_len=1
[0.000] ENQUEUE BATCH id=117000 on STARLINK-35077 image_MB=20.04 queue_len=1
[0.000] ENQUEUE BATCH id=118000 on STARLINK-35077 image_MB=15.73 queue_len=1
[0.000] ENQUEUE BATCH id=119000 on STARLINK-4142 image_MB=13.69 queue_len=1
[0.000] ENQUEUE BATCH id=120000 on STARLINK-3970 image_MB=12.31 queue_len=1
[0.000] ENQUEUE BATCH id=121000 on STARLINK-3970 image_MB=3.38 queue_len=1
[0.000] ENQUEUE BATCH id=122000 on STARLINK-3970 image_MB=22.67 queue_len=1
[0.000] ENQUEUE BATCH id=123000 on STARLINK-2068 image_MB=20.37 queue_len=1
[0.000] ENQUEUE BATCH id=124000 on STARLINK-6351 image_MB=18.38 queue_len=1
[0.000] ENQUEUE BATCH id=125000 on STARLINK-6351 image_MB=316.52 queue_len=1
[0.000] ENQUEUE BATCH id=126000 on STARLINK-6351 image_MB=263.97 queue_len=1
Genero i task
[Task 51000] Task eseguito su STARLINK-11139 [DTC] 27.05039415804127 degrees | CPU=0.0000J, NET=0.0010J, TOTAL=0.0010J, Remaining=120000.00J
[0.001] BATCH id=51000 served on STARLINK-11139 [DTC] net_time=0.001 eps_net=0.001030
[Task 103000] Task eseguito su STARLINK-5854 31.499028495594143 degrees | CPU=0.0000J, NET=0.0010J, TOTAL=0.0010J, Remaining=120000.00J
[0.001] BATCH id=103000 served on STARLINK-5854 net_time=0.001 eps_net=0.001040
[Task 19000] Task eseguito su STARLINK-5936 67.88650469531936 degrees | CPU=0.0000J, NET=0.0012J, TOTAL=0.0012J, Remaining=120000.00J
[0.001] BATCH id=19000 served on STARLINK-5936 net_time=0.001 eps_net=0.001192
[Task 84000] Task eseguito su STARLINK-30985 33.52956432301518 degrees | CPU=0.0000J, NET=0.0015J, TOTAL=0.0015J, Remaining=120000.00J
[0.002] BATCH id=84000 served on STARLINK-30985 net_time=0.002 eps_net=0.001539
[Task 121000] Task eseguito su STARLINK-3970 26.59508428709472 degrees | CPU=0.0000J, NET=0.0016J, TOTAL=0.0016J, Remaining=120000.00J
[0.002] BATCH id=121000 served on STARLINK-3970 net_time=0.002 eps_net=0.001570
[Task 38000] Task eseguito su STARLINK-6205 43.24003048003629 degrees | CPU=0.0000J, NET=0.0017J, TOTAL=0.0017J, Remaining=120000.00J
[0.002] BATCH id=38000 served on STARLINK-6205 net_time=0.002 eps_net=0.001681
[Task 68000] Task eseguito su STARLINK-31220 31.662816129356592 degrees | CPU=0.0000J, NET=0.0020J, TOTAL=0.0020J, Remaining=120000.00J
[0.002] BATCH id=68000 served on STARLINK-31220 net_time=0.002 eps_net=0.002023
[Task 109000] Task eseguito su STARLINK-30223 29.36566499200775 degrees | CPU=0.0000J, NET=0.0021J, TOTAL=0.0021J, Remaining=120000.00J
[0.002] BATCH id=109000 served on STARLINK-30223 net_time=0.002 eps_net=0.002148
[Task 52000] Task eseguito su STARLINK-33663 39.21130060628811 degrees | CPU=0.0000J, NET=0.0023J, TOTAL=0.0023J, Remaining=120000.00J
[0.002] BATCH id=52000 served on STARLINK-33663 net_time=0.002 eps_net=0.002288
[Task 78000] Task eseguito su STARLINK-4525 34.207467204213934 degrees | CPU=0.0000J, NET=0.0023J, TOTAL=0.0023J, Remaining=120000.00J
[0.002] BATCH id=78000 served on STARLINK-4525 net_time=0.002 eps_net=0.002343
[Task 34000] Task eseguito su STARLINK-4438 47.592482406941734 degrees | CPU=0.0000J, NET=0.0024J, TOTAL=0.0024J, Remaining=120000.00J
[0.002] BATCH id=34000 served on STARLINK-4438 net_time=0.002 eps_net=0.002408
[Task 66000] Task eseguito su STARLINK-31220 31.662816129356592 degrees | CPU=0.0000J, NET=0.0025J, TOTAL=0.0025J, Remaining=120000.00J
[0.002] BATCH id=66000 served on STARLINK-31220 net_time=0.002 eps_net=0.002458
[Task 80000] Task eseguito su STARLINK-31009 34.330909407589985 degrees | CPU=0.0000J, NET=0.0025J, TOTAL=0.0025J, Remaining=120000.00J
[0.003] BATCH id=80000 served on STARLINK-31009 net_time=0.003 eps_net=0.002549
[Task 99000] Task eseguito su STARLINK-33854 25.418237386937445 degrees | CPU=0.0000J, NET=0.0026J, TOTAL=0.0026J, Remaining=120000.00J
[0.003] BATCH id=99000 served on STARLINK-33854 net_time=0.003 eps_net=0.002606
[Task 42000] Task eseguito su STARLINK-30571 40.55225430596419 degrees | CPU=0.0000J, NET=0.0026J, TOTAL=0.0026J, Remaining=120000.00J
[0.003] BATCH id=42000 served on STARLINK-30571 net_time=0.003 eps_net=0.002635
[Task 47000] Task eseguito su STARLINK-11403 [DTC] 28.416664570740615 degrees | CPU=0.0000J, NET=0.0030J, TOTAL=0.0030J, Remaining=120000.00J
[0.003] BATCH id=47000 served on STARLINK-11403 [DTC] net_time=0.003 eps_net=0.002957
[Task 113000] Task eseguito su STARLINK-3843 27.730453572045782 degrees | CPU=0.0000J, NET=0.0033J, TOTAL=0.0033J, Remaining=120000.00J
[0.003] BATCH id=113000 served on STARLINK-3843 net_time=0.003 eps_net=0.003287
[Task 115000] Task eseguito su STARLINK-5942 28.110357725133046 degrees | CPU=0.0000J, NET=0.0035J, TOTAL=0.0035J, Remaining=120000.00J
[0.003] BATCH id=115000 served on STARLINK-5942 net_time=0.003 eps_net=0.003499
[Task 79000] Task eseguito su STARLINK-31009 34.330909407589985 degrees | CPU=0.0000J, NET=0.0036J, TOTAL=0.0036J, Remaining=120000.00J
[0.004] BATCH id=79000 served on STARLINK-31009 net_time=0.004 eps_net=0.003625
[Task 20000] Task eseguito su STARLINK-5097 56.72432553961611 degrees | CPU=0.0000J, NET=0.0037J, TOTAL=0.0037J, Remaining=120000.00J
[0.004] BATCH id=20000 served on STARLINK-5097 net_time=0.004 eps_net=0.003702
[Task 16000] Task eseguito su STARLINK-31235 53.91518101349145 degrees | CPU=0.0000J, NET=0.0038J, TOTAL=0.0038J, Remaining=120000.00J
[0.004] BATCH id=16000 served on STARLINK-31235 net_time=0.004 eps_net=0.003824
[Task 14000] Task eseguito su STARLINK-31866 53.85900800453041 degrees | CPU=0.0000J, NET=0.0040J, TOTAL=0.0040J, Remaining=120000.00J
[0.004] BATCH id=14000 served on STARLINK-31866 net_time=0.004 eps_net=0.004044
[Task 96000] Task eseguito su STARLINK-34909 31.307470509843043 degrees | CPU=0.0000J, NET=0.0044J, TOTAL=0.0044J, Remaining=120000.00J
[0.004] BATCH id=96000 served on STARLINK-34909 net_time=0.004 eps_net=0.004393
[Task 50000] Task eseguito su STARLINK-11139 [DTC] 27.05039415804127 degrees | CPU=0.0000J, NET=0.0044J, TOTAL=0.0044J, Remaining=120000.00J
[0.004] BATCH id=50000 served on STARLINK-11139 [DTC] net_time=0.004 eps_net=0.004443
[Task 15000] Task eseguito su STARLINK-31235 53.91518101349145 degrees | CPU=0.0000J, NET=0.0045J, TOTAL=0.0045J, Remaining=120000.00J
[0.004] BATCH id=15000 served on STARLINK-31235 net_time=0.004 eps_net=0.004472
[Task 93000] Task eseguito su STARLINK-32400 25.985758886512947 degrees | CPU=0.0000J, NET=0.0045J, TOTAL=0.0045J, Remaining=120000.00J
[0.004] BATCH id=93000 served on STARLINK-32400 net_time=0.004 eps_net=0.004490
[Task 108000] Task eseguito su STARLINK-3138 28.645841804719513 degrees | CPU=0.0000J, NET=0.0045J, TOTAL=0.0045J, Remaining=120000.00J
[0.004] BATCH id=108000 served on STARLINK-3138 net_time=0.004 eps_net=0.004498
[Task 88000] Task eseguito su STARLINK-6195 33.492118209942355 degrees | CPU=0.0000J, NET=0.0048J, TOTAL=0.0048J, Remaining=120000.00J
[0.005] BATCH id=88000 served on STARLINK-6195 net_time=0.005 eps_net=0.004804
[Task 111000] Task eseguito su STARLINK-30137 28.914578780256353 degrees | CPU=0.0000J, NET=0.0051J, TOTAL=0.0051J, Remaining=120000.00J
[0.005] BATCH id=111000 served on STARLINK-30137 net_time=0.005 eps_net=0.005066
[Task 13000] Task eseguito su STARLINK-31866 53.85900800453041 degrees | CPU=0.0000J, NET=0.0051J, TOTAL=0.0051J, Remaining=120000.00J
[0.005] BATCH id=13000 served on STARLINK-31866 net_time=0.005 eps_net=0.005089
[Task 49000] Task eseguito su STARLINK-11403 [DTC] 28.416664570740615 degrees | CPU=0.0000J, NET=0.0051J, TOTAL=0.0051J, Remaining=120000.00J
[0.005] BATCH id=49000 served on STARLINK-11403 [DTC] net_time=0.005 eps_net=0.005111
[Task 26000] Task eseguito su STARLINK-34972 52.036905010977726 degrees | CPU=0.0000J, NET=0.0054J, TOTAL=0.0054J, Remaining=120000.00J
[0.005] BATCH id=26000 served on STARLINK-34972 net_time=0.005 eps_net=0.005359
[Task 5000] Task eseguito su STARLINK-30872 58.993572103245064 degrees | CPU=0.0000J, NET=0.0054J, TOTAL=0.0054J, Remaining=120000.00J
[0.005] BATCH id=5000 served on STARLINK-30872 net_time=0.005 eps_net=0.005427
[Task 110000] Task eseguito su STARLINK-30137 28.914578780256353 degrees | CPU=0.0000J, NET=0.0055J, TOTAL=0.0055J, Remaining=119999.99J
[0.006] BATCH id=110000 served on STARLINK-30137 net_time=0.006 eps_net=0.005545
[Task 75000] Task eseguito su STARLINK-30704 29.331443580282098 degrees | CPU=0.0000J, NET=0.0056J, TOTAL=0.0056J, Remaining=120000.00J
[0.006] BATCH id=75000 served on STARLINK-30704 net_time=0.006 eps_net=0.005578
[Task 94000] Task eseguito su STARLINK-32400 25.985758886512947 degrees | CPU=0.0000J, NET=0.0057J, TOTAL=0.0057J, Remaining=120000.00J
[0.006] BATCH id=94000 served on STARLINK-32400 net_time=0.006 eps_net=0.005711
[Task 120000] Task eseguito su STARLINK-3970 26.59508428709472 degrees | CPU=0.0000J, NET=0.0057J, TOTAL=0.0057J, Remaining=120000.00J
[0.006] BATCH id=120000 served on STARLINK-3970 net_time=0.006 eps_net=0.005728
[Task 11000] Task eseguito su STARLINK-30522 75.14345717344679 degrees | CPU=0.0000J, NET=0.0057J, TOTAL=0.0057J, Remaining=120000.00J
[0.006] BATCH id=11000 served on STARLINK-30522 net_time=0.006 eps_net=0.005736
[Task 76000] Task eseguito su STARLINK-30704 29.331443580282098 degrees | CPU=0.0000J, NET=0.0058J, TOTAL=0.0058J, Remaining=119999.99J
[0.006] BATCH id=76000 served on STARLINK-30704 net_time=0.006 eps_net=0.005843
[Task 21000] Task eseguito su STARLINK-5097 56.72432553961611 degrees | CPU=0.0000J, NET=0.0063J, TOTAL=0.0063J, Remaining=120000.00J
[0.006] BATCH id=21000 served on STARLINK-5097 net_time=0.006 eps_net=0.006267
[Task 9000] Task eseguito su STARLINK-30522 75.14345717344679 degrees | CPU=0.0000J, NET=0.0063J, TOTAL=0.0063J, Remaining=119999.99J
[0.006] BATCH id=9000 served on STARLINK-30522 net_time=0.006 eps_net=0.006333
[Task 119000] Task eseguito su STARLINK-4142 26.682563480686508 degrees | CPU=0.0000J, NET=0.0064J, TOTAL=0.0064J, Remaining=120000.00J
[0.006] BATCH id=119000 served on STARLINK-4142 net_time=0.006 eps_net=0.006365
[Task 56000] Task eseguito su STARLINK-31751 39.10106263721367 degrees | CPU=0.0000J, NET=0.0065J, TOTAL=0.0065J, Remaining=120000.00J
[0.006] BATCH id=56000 served on STARLINK-31751 net_time=0.006 eps_net=0.006458
[Task 62000] Task eseguito su STARLINK-2161 38.04342016915171 degrees | CPU=0.0000J, NET=0.0065J, TOTAL=0.0065J, Remaining=120000.00J
[0.006] BATCH id=62000 served on STARLINK-2161 net_time=0.006 eps_net=0.006490
[Task 25000] Task eseguito su STARLINK-4473 56.734306737392444 degrees | CPU=0.0000J, NET=0.0065J, TOTAL=0.0065J, Remaining=120000.00J
[0.006] BATCH id=25000 served on STARLINK-4473 net_time=0.006 eps_net=0.006495
[Task 23000] Task eseguito su STARLINK-4473 56.734306737392444 degrees | CPU=0.0000J, NET=0.0065J, TOTAL=0.0065J, Remaining=119999.99J
[0.007] BATCH id=23000 served on STARLINK-4473 net_time=0.007 eps_net=0.006510
[Task 33000] Task eseguito su STARLINK-4438 47.592482406941734 degrees | CPU=0.0000J, NET=0.0065J, TOTAL=0.0065J, Remaining=120000.00J
[0.007] BATCH id=33000 served on STARLINK-4438 net_time=0.007 eps_net=0.006544
[Task 89000] Task eseguito su STARLINK-30895 32.593706793428616 degrees | CPU=0.0000J, NET=0.0066J, TOTAL=0.0066J, Remaining=120000.00J
[0.007] BATCH id=89000 served on STARLINK-30895 net_time=0.007 eps_net=0.006637
[Task 44000] Task eseguito su STARLINK-11209 [DTC] 34.92552981114727 degrees | CPU=0.0000J, NET=0.0066J, TOTAL=0.0066J, Remaining=120000.00J
[0.007] BATCH id=44000 served on STARLINK-11209 [DTC] net_time=0.007 eps_net=0.006650
[Task 2000] Task eseguito su STARLINK-31777 71.09483002733748 degrees | CPU=0.0000J, NET=0.0068J, TOTAL=0.0068J, Remaining=120000.00J
[0.007] BATCH id=2000 served on STARLINK-31777 net_time=0.007 eps_net=0.006801
[Task 95000] Task eseguito su STARLINK-34909 31.307470509843043 degrees | CPU=0.0000J, NET=0.0071J, TOTAL=0.0071J, Remaining=120000.00J
[0.007] BATCH id=95000 served on STARLINK-34909 net_time=0.007 eps_net=0.007103
[Task 58000] Task eseguito su STARLINK-35016 32.12311850143489 degrees | CPU=0.0000J, NET=0.0071J, TOTAL=0.0071J, Remaining=120000.00J
[0.007] BATCH id=58000 served on STARLINK-35016 net_time=0.007 eps_net=0.007131
[Task 46000] Task eseguito su STARLINK-2619 36.12594734800452 degrees | CPU=0.0000J, NET=0.0072J, TOTAL=0.0072J, Remaining=120000.00J
[0.007] BATCH id=46000 served on STARLINK-2619 net_time=0.007 eps_net=0.007176
[Task 4000] Task eseguito su STARLINK-2116 50.20976027193822 degrees | CPU=0.0000J, NET=0.0072J, TOTAL=0.0072J, Remaining=120000.00J
[0.007] BATCH id=4000 served on STARLINK-2116 net_time=0.007 eps_net=0.007196
[Task 81000] Task eseguito su STARLINK-31009 34.330909407589985 degrees | CPU=0.0000J, NET=0.0072J, TOTAL=0.0072J, Remaining=119999.99J
[0.007] BATCH id=81000 served on STARLINK-31009 net_time=0.007 eps_net=0.007204
[Task 48000] Task eseguito su STARLINK-11403 [DTC] 28.416664570740615 degrees | CPU=0.0000J, NET=0.0072J, TOTAL=0.0072J, Remaining=119999.99J
[0.007] BATCH id=48000 served on STARLINK-11403 [DTC] net_time=0.007 eps_net=0.007207
[Task 64000] Task eseguito su STARLINK-32654 31.300968911213833 degrees | CPU=0.0000J, NET=0.0073J, TOTAL=0.0073J, Remaining=120000.00J
[0.007] BATCH id=64000 served on STARLINK-32654 net_time=0.007 eps_net=0.007301
[Task 118000] Task eseguito su STARLINK-35077 27.613688271776077 degrees | CPU=0.0000J, NET=0.0073J, TOTAL=0.0073J, Remaining=120000.00J
[0.007] BATCH id=118000 served on STARLINK-35077 net_time=0.007 eps_net=0.007317
[Task 7000] Task eseguito su STARLINK-5968 75.96631112407839 degrees | CPU=0.0000J, NET=0.0075J, TOTAL=0.0075J, Remaining=120000.00J
[0.008] BATCH id=7000 served on STARLINK-5968 net_time=0.008 eps_net=0.007542
[Task 114000] Task eseguito su STARLINK-3807 26.91375524666539 degrees | CPU=0.0000J, NET=0.0076J, TOTAL=0.0076J, Remaining=120000.00J
[0.008] BATCH id=114000 served on STARLINK-3807 net_time=0.008 eps_net=0.007637
[Task 77000] Task eseguito su STARLINK-4525 34.207467204213934 degrees | CPU=0.0000J, NET=0.0077J, TOTAL=0.0077J, Remaining=120000.00J
[0.008] BATCH id=77000 served on STARLINK-4525 net_time=0.008 eps_net=0.007685
[Task 72000] Task eseguito su STARLINK-34375 27.431041303020557 degrees | CPU=0.0000J, NET=0.0081J, TOTAL=0.0081J, Remaining=120000.00J
[0.008] BATCH id=72000 served on STARLINK-34375 net_time=0.008 eps_net=0.008103
[Task 71000] Task eseguito su STARLINK-5999 36.75210942108773 degrees | CPU=0.0000J, NET=0.0083J, TOTAL=0.0083J, Remaining=120000.00J
[0.008] BATCH id=71000 served on STARLINK-5999 net_time=0.008 eps_net=0.008251
[Task 37000] Task eseguito su STARLINK-6205 43.24003048003629 degrees | CPU=0.0000J, NET=0.0083J, TOTAL=0.0083J, Remaining=120000.00J
[0.008] BATCH id=37000 served on STARLINK-6205 net_time=0.008 eps_net=0.008289
[Task 97000] Task eseguito su STARLINK-33854 25.418237386937445 degrees | CPU=0.0000J, NET=0.0083J, TOTAL=0.0083J, Remaining=120000.00J
[0.008] BATCH id=97000 served on STARLINK-33854 net_time=0.008 eps_net=0.008298
[Task 98000] Task eseguito su STARLINK-33854 25.418237386937445 degrees | CPU=0.0000J, NET=0.0083J, TOTAL=0.0083J, Remaining=119999.99J
[0.008] BATCH id=98000 served on STARLINK-33854 net_time=0.008 eps_net=0.008348
[Task 124000] Task eseguito su STARLINK-6351 26.09899736916676 degrees | CPU=0.0000J, NET=0.0085J, TOTAL=0.0085J, Remaining=120000.00J
[0.009] BATCH id=124000 served on STARLINK-6351 net_time=0.009 eps_net=0.008548
[Task 116000] Task eseguito su STARLINK-5942 28.110357725133046 degrees | CPU=0.0000J, NET=0.0089J, TOTAL=0.0089J, Remaining=120000.00J
[0.009] BATCH id=116000 served on STARLINK-5942 net_time=0.009 eps_net=0.008921
[Task 12000] Task eseguito su STARLINK-31866 53.85900800453041 degrees | CPU=0.0000J, NET=0.0090J, TOTAL=0.0090J, Remaining=119999.99J
[0.009] BATCH id=12000 served on STARLINK-31866 net_time=0.009 eps_net=0.008985
[Task 67000] Task eseguito su STARLINK-31220 31.662816129356592 degrees | CPU=0.0000J, NET=0.0091J, TOTAL=0.0091J, Remaining=120000.00J
[0.009] BATCH id=67000 served on STARLINK-31220 net_time=0.009 eps_net=0.009136
[Task 112000] Task eseguito su STARLINK-3843 27.730453572045782 degrees | CPU=0.0000J, NET=0.0092J, TOTAL=0.0092J, Remaining=120000.00J
[0.009] BATCH id=112000 served on STARLINK-3843 net_time=0.009 eps_net=0.009157
[Task 57000] Task eseguito su STARLINK-31751 39.10106263721367 degrees | CPU=0.0000J, NET=0.0092J, TOTAL=0.0092J, Remaining=119999.99J
[0.009] BATCH id=57000 served on STARLINK-31751 net_time=0.009 eps_net=0.009188
[Task 100000] Task eseguito su STARLINK-35136 29.650549144475516 degrees | CPU=0.0000J, NET=0.0093J, TOTAL=0.0093J, Remaining=120000.00J
[0.009] BATCH id=100000 served on STARLINK-35136 net_time=0.009 eps_net=0.009300
[Task 105000] Task eseguito su STARLINK-3204 28.90541666793628 degrees | CPU=0.0000J, NET=0.0093J, TOTAL=0.0093J, Remaining=120000.00J
[0.009] BATCH id=105000 served on STARLINK-3204 net_time=0.009 eps_net=0.009319
[Task 117000] Task eseguito su STARLINK-35077 27.613688271776077 degrees | CPU=0.0000J, NET=0.0093J, TOTAL=0.0093J, Remaining=119999.99J
[0.009] BATCH id=117000 served on STARLINK-35077 net_time=0.009 eps_net=0.009321
[Task 101000] Task eseguito su STARLINK-35136 29.650549144475516 degrees | CPU=0.0000J, NET=0.0095J, TOTAL=0.0095J, Remaining=119999.99J
[0.009] BATCH id=101000 served on STARLINK-35136 net_time=0.009 eps_net=0.009459
[Task 123000] Task eseguito su STARLINK-2068 26.038481958384484 degrees | CPU=0.0000J, NET=0.0095J, TOTAL=0.0095J, Remaining=120000.00J
[0.009] BATCH id=123000 served on STARLINK-2068 net_time=0.009 eps_net=0.009477
[Task 43000] Task eseguito su STARLINK-11209 [DTC] 34.92552981114727 degrees | CPU=0.0000J, NET=0.0096J, TOTAL=0.0096J, Remaining=119999.99J
[0.010] BATCH id=43000 served on STARLINK-11209 [DTC] net_time=0.010 eps_net=0.009556
[Task 39000] Task eseguito su STARLINK-6205 43.24003048003629 degrees | CPU=0.0000J, NET=0.0098J, TOTAL=0.0098J, Remaining=119999.99J
[0.010] BATCH id=39000 served on STARLINK-6205 net_time=0.010 eps_net=0.009810
[Task 60000] Task eseguito su STARLINK-2161 38.04342016915171 degrees | CPU=0.0000J, NET=0.0100J, TOTAL=0.0100J, Remaining=119999.99J
[0.010] BATCH id=60000 served on STARLINK-2161 net_time=0.010 eps_net=0.009965
[Task 35000] Task eseguito su STARLINK-30971 45.688328091737986 degrees | CPU=0.0000J, NET=0.0101J, TOTAL=0.0101J, Remaining=120000.00J
[0.010] BATCH id=35000 served on STARLINK-30971 net_time=0.010 eps_net=0.010150
[Task 40000] Task eseguito su STARLINK-5520 42.67183917717197 degrees | CPU=0.0000J, NET=0.0103J, TOTAL=0.0103J, Remaining=120000.00J
[0.010] BATCH id=40000 served on STARLINK-5520 net_time=0.010 eps_net=0.010273
[Task 22000] Task eseguito su STARLINK-2717 55.68889171912144 degrees | CPU=0.0000J, NET=0.0103J, TOTAL=0.0103J, Remaining=120000.00J
[0.010] BATCH id=22000 served on STARLINK-2717 net_time=0.010 eps_net=0.010282
[Task 3000] Task eseguito su STARLINK-31283 65.99683670988222 degrees | CPU=0.0000J, NET=0.0105J, TOTAL=0.0105J, Remaining=120000.00J
[0.010] BATCH id=3000 served on STARLINK-31283 net_time=0.010 eps_net=0.010457
[Task 122000] Task eseguito su STARLINK-3970 26.59508428709472 degrees | CPU=0.0000J, NET=0.0105J, TOTAL=0.0105J, Remaining=119999.99J
[0.011] BATCH id=122000 served on STARLINK-3970 net_time=0.011 eps_net=0.010545
[Task 36000] Task eseguito su STARLINK-30971 45.688328091737986 degrees | CPU=0.0000J, NET=0.0107J, TOTAL=0.0107J, Remaining=119999.99J
[0.011] BATCH id=36000 served on STARLINK-30971 net_time=0.011 eps_net=0.010673
[Task 63000] Task eseguito su STARLINK-32654 31.300968911213833 degrees | CPU=0.0000J, NET=0.0107J, TOTAL=0.0107J, Remaining=119999.99J
[0.011] BATCH id=63000 served on STARLINK-32654 net_time=0.011 eps_net=0.010719
[Task 74000] Task eseguito su STARLINK-34375 27.431041303020557 degrees | CPU=0.0000J, NET=0.0110J, TOTAL=0.0110J, Remaining=119999.99J
[0.011] BATCH id=74000 served on STARLINK-34375 net_time=0.011 eps_net=0.011011
[Task 106000] Task eseguito su STARLINK-3204 28.90541666793628 degrees | CPU=0.0000J, NET=0.0112J, TOTAL=0.0112J, Remaining=119999.99J
[0.011] BATCH id=106000 served on STARLINK-3204 net_time=0.011 eps_net=0.011244
[Task 10000] Task eseguito su STARLINK-30522 75.14345717344679 degrees | CPU=0.0000J, NET=0.0644J, TOTAL=0.0644J, Remaining=119999.99J
[0.064] BATCH id=10000 served on STARLINK-30522 net_time=0.064 eps_net=0.064425
[Task 87000] Task eseguito su STARLINK-6195 33.492118209942355 degrees | CPU=0.0000J, NET=0.0706J, TOTAL=0.0706J, Remaining=120000.00J
[0.071] BATCH id=87000 served on STARLINK-6195 net_time=0.071 eps_net=0.070632
[Task 86000] Task eseguito su STARLINK-6195 33.492118209942355 degrees | CPU=0.0000J, NET=0.0770J, TOTAL=0.0770J, Remaining=119999.92J
[0.077] BATCH id=86000 served on STARLINK-6195 net_time=0.077 eps_net=0.077037
[Task 73000] Task eseguito su STARLINK-34375 27.431041303020557 degrees | CPU=0.0000J, NET=0.0821J, TOTAL=0.0821J, Remaining=119999.98J
[0.082] BATCH id=73000 served on STARLINK-34375 net_time=0.082 eps_net=0.082064
[Task 28000] Task eseguito su STARLINK-6246 51.22594105754382 degrees | CPU=0.0000J, NET=0.0855J, TOTAL=0.0855J, Remaining=120000.00J
[0.085] BATCH id=28000 served on STARLINK-6246 net_time=0.085 eps_net=0.085468
[Task 41000] Task eseguito su STARLINK-5520 42.67183917717197 degrees | CPU=0.0000J, NET=0.0924J, TOTAL=0.0924J, Remaining=119999.99J
[0.092] BATCH id=41000 served on STARLINK-5520 net_time=0.092 eps_net=0.092352
[Task 29000] Task eseguito su STARLINK-6246 51.22594105754382 degrees | CPU=0.0000J, NET=0.0984J, TOTAL=0.0984J, Remaining=119999.91J
[0.098] BATCH id=29000 served on STARLINK-6246 net_time=0.098 eps_net=0.098378
[Task 104000] Task eseguito su STARLINK-5854 31.499028495594143 degrees | CPU=0.0000J, NET=0.1007J, TOTAL=0.1007J, Remaining=120000.00J
[0.101] BATCH id=104000 served on STARLINK-5854 net_time=0.101 eps_net=0.100665
[Task 92000] Task eseguito su STARLINK-32949 26.705410719006682 degrees | CPU=0.0000J, NET=0.1048J, TOTAL=0.1048J, Remaining=120000.00J
[0.105] BATCH id=92000 served on STARLINK-32949 net_time=0.105 eps_net=0.104803
[Task 27000] Task eseguito su STARLINK-2319 50.08650158424539 degrees | CPU=0.0000J, NET=0.1061J, TOTAL=0.1061J, Remaining=120000.00J
[0.106] BATCH id=27000 served on STARLINK-2319 net_time=0.106 eps_net=0.106115
[Task 17000] Task eseguito su STARLINK-5936 67.88650469531936 degrees | CPU=0.0000J, NET=0.1110J, TOTAL=0.1110J, Remaining=120000.00J
[0.111] BATCH id=17000 served on STARLINK-5936 net_time=0.111 eps_net=0.110954
[Task 32000] Task eseguito su STARLINK-4438 47.592482406941734 degrees | CPU=0.0000J, NET=0.1137J, TOTAL=0.1137J, Remaining=119999.99J
[0.114] BATCH id=32000 served on STARLINK-4438 net_time=0.114 eps_net=0.113671
[Task 85000] Task eseguito su STARLINK-30985 33.52956432301518 degrees | CPU=0.0000J, NET=0.1150J, TOTAL=0.1150J, Remaining=120000.00J
[0.115] BATCH id=85000 served on STARLINK-30985 net_time=0.115 eps_net=0.115037
[Task 31000] Task eseguito su STARLINK-4545 46.25972076355547 degrees | CPU=0.0000J, NET=0.1159J, TOTAL=0.1159J, Remaining=120000.00J
[0.116] BATCH id=31000 served on STARLINK-4545 net_time=0.116 eps_net=0.115929
[Task 61000] Task eseguito su STARLINK-2161 38.04342016915171 degrees | CPU=0.0000J, NET=0.1228J, TOTAL=0.1228J, Remaining=119999.98J
[0.123] BATCH id=61000 served on STARLINK-2161 net_time=0.123 eps_net=0.122777
[Task 126000] Task eseguito su STARLINK-6351 26.09899736916676 degrees | CPU=0.0000J, NET=0.1228J, TOTAL=0.1228J, Remaining=119999.99J
[0.123] BATCH id=126000 served on STARLINK-6351 net_time=0.123 eps_net=0.122779
[Task 91000] Task eseguito su STARLINK-32949 26.705410719006682 degrees | CPU=0.0000J, NET=0.1318J, TOTAL=0.1318J, Remaining=119999.90J
[0.132] BATCH id=91000 served on STARLINK-32949 net_time=0.132 eps_net=0.131779
[Task 65000] Task eseguito su STARLINK-32654 31.300968911213833 degrees | CPU=0.0000J, NET=0.1351J, TOTAL=0.1351J, Remaining=119999.98J
[0.135] BATCH id=65000 served on STARLINK-32654 net_time=0.135 eps_net=0.135054
[Task 70000] Task eseguito su STARLINK-5999 36.75210942108773 degrees | CPU=0.0000J, NET=0.1416J, TOTAL=0.1416J, Remaining=119999.99J
[0.142] BATCH id=70000 served on STARLINK-5999 net_time=0.142 eps_net=0.141605
[Task 30000] Task eseguito su STARLINK-6246 51.22594105754382 degrees | CPU=0.0000J, NET=0.1420J, TOTAL=0.1420J, Remaining=119999.82J
[0.142] BATCH id=30000 served on STARLINK-6246 net_time=0.142 eps_net=0.141987
[Task 8000] Task eseguito su STARLINK-5968 75.96631112407839 degrees | CPU=0.0000J, NET=0.1424J, TOTAL=0.1424J, Remaining=119999.99J
[0.142] BATCH id=8000 served on STARLINK-5968 net_time=0.142 eps_net=0.142371
[Task 125000] Task eseguito su STARLINK-6351 26.09899736916676 degrees | CPU=0.0000J, NET=0.1472J, TOTAL=0.1472J, Remaining=119999.87J
[0.147] BATCH id=125000 served on STARLINK-6351 net_time=0.147 eps_net=0.147217
[Task 82000] Task eseguito su STARLINK-31124 28.150251230950822 degrees | CPU=0.0000J, NET=0.1495J, TOTAL=0.1495J, Remaining=120000.00J
[0.149] BATCH id=82000 served on STARLINK-31124 net_time=0.149 eps_net=0.149467
[Task 59000] Task eseguito su STARLINK-35016 32.12311850143489 degrees | CPU=0.0000J, NET=0.1522J, TOTAL=0.1522J, Remaining=119999.99J
[0.152] BATCH id=59000 served on STARLINK-35016 net_time=0.152 eps_net=0.152212
[Task 24000] Task eseguito su STARLINK-4473 56.734306737392444 degrees | CPU=0.0000J, NET=0.1545J, TOTAL=0.1545J, Remaining=119999.99J
[0.154] BATCH id=24000 served on STARLINK-4473 net_time=0.154 eps_net=0.154495
[Task 83000] Task eseguito su STARLINK-31124 28.150251230950822 degrees | CPU=0.0000J, NET=0.1577J, TOTAL=0.1577J, Remaining=119999.85J
[0.158] BATCH id=83000 served on STARLINK-31124 net_time=0.158 eps_net=0.157708
[Task 53000] Task eseguito su STARLINK-33663 39.21130060628811 degrees | CPU=0.0000J, NET=0.1629J, TOTAL=0.1629J, Remaining=120000.00J
[0.163] BATCH id=53000 served on STARLINK-33663 net_time=0.163 eps_net=0.162929
[Task 55000] Task eseguito su STARLINK-31751 39.10106263721367 degrees | CPU=0.0000J, NET=0.1634J, TOTAL=0.1634J, Remaining=119999.98J
[0.163] BATCH id=55000 served on STARLINK-31751 net_time=0.163 eps_net=0.163383
[Task 54000] Task eseguito su STARLINK-33663 39.21130060628811 degrees | CPU=0.0000J, NET=0.1889J, TOTAL=0.1889J, Remaining=119999.83J
[0.189] BATCH id=54000 served on STARLINK-33663 net_time=0.189 eps_net=0.188890
[Task 6000] Task eseguito su STARLINK-30578 82.44509189395555 degrees | CPU=0.0000J, NET=0.1897J, TOTAL=0.1897J, Remaining=120000.00J
[0.190] BATCH id=6000 served on STARLINK-30578 net_time=0.190 eps_net=0.189737
[Task 107000] Task eseguito su STARLINK-3138 28.645841804719513 degrees | CPU=0.0000J, NET=0.1902J, TOTAL=0.1902J, Remaining=120000.00J
[0.190] BATCH id=107000 served on STARLINK-3138 net_time=0.190 eps_net=0.190215
[Task 90000] Task eseguito su STARLINK-30895 32.593706793428616 degrees | CPU=0.0000J, NET=0.1995J, TOTAL=0.1995J, Remaining=119999.99J
[0.199] BATCH id=90000 served on STARLINK-30895 net_time=0.199 eps_net=0.199462
[Task 69000] Task eseguito su STARLINK-34011 30.90738065825921 degrees | CPU=0.0000J, NET=0.2033J, TOTAL=0.2033J, Remaining=120000.00J
[0.203] BATCH id=69000 served on STARLINK-34011 net_time=0.203 eps_net=0.203340
[Task 45000] Task eseguito su STARLINK-2619 36.12594734800452 degrees | CPU=0.0000J, NET=0.2035J, TOTAL=0.2035J, Remaining=119999.99J
[0.203] BATCH id=45000 served on STARLINK-2619 net_time=0.203 eps_net=0.203480
[Task 18000] Task eseguito su STARLINK-5936 67.88650469531936 degrees | CPU=0.0000J, NET=0.2194J, TOTAL=0.2194J, Remaining=119999.89J
[0.219] BATCH id=18000 served on STARLINK-5936 net_time=0.219 eps_net=0.219445
[Task 102000] Task eseguito su STARLINK-5854 31.499028495594143 degrees | CPU=0.0000J, NET=0.2325J, TOTAL=0.2325J, Remaining=119999.90J
[0.232] BATCH id=102000 served on STARLINK-5854 net_time=0.232 eps_net=0.232498
---> Task 1 (Type: CPU_and_Data_Intensive) arriva in 0.64
--- [0.64] Task 1 using SearchNode Policy: v2_ilp_hybrid ---
[0.64] [Task 1] Entering ILP branch (v2)
[ε-constraint energy] sumE_B=1.675574  bound=1.843131  active=False
[ILP] res_type=dict value_preview={'stage': 'B', 'status': 'Optimal', 'primary': 'energy', 'tol': 0.1, 'opt_primary': 1.6755740575238065, 'objective_secondary': 0.900262067323421, 'sumE': 1.6755
[0.64] [Task 1] ILP chose server: STARLINK-31283
[0.637] Task 1 enqueued on CPU STARLINK-31283 qlen_enqueue=1
---> Task 2 (Type: Generic_Service) arriva in 0.67
--- [0.67] Task 2 using SearchNode Policy: v2_ilp_hybrid ---
[0.67] [Task 2] Entering ILP branch (v2)
[ε-constraint energy] sumE_B=0.031591  bound=0.034750  active=False
[ILP] res_type=dict value_preview={'stage': 'B', 'status': 'Optimal', 'primary': 'energy', 'tol': 0.1, 'opt_primary': 0.03159114877901835, 'objective_secondary': 0.016973603753402847, 'sumE': 0.
[0.67] [Task 2] ILP chose server: STARLINK-31777
[0.67] [Task 2] Routed STARLINK-2116 -> STARLINK-31777 | E_NET=0.000025 J | Remaining=120000.00 J
[0.669] Task 2 enqueued on CPU STARLINK-31777 qlen_enqueue=1
[Task 2] Task eseguito su STARLINK-31777 71.09483002733748 degrees | CPU=0.0316J, NET=0.0000J, TOTAL=0.0316J, Remaining=119999.97J
[0.688] Task 2 served on STARLINK-31777 qlen_enqueue_cpu=1 qlen_enqueue_net=None time_in_queue=0.000
[2][GREEDY] STARLINK-31777 -> STARLINK-31283 | Tramission-time: 0.0011687890480802344
[2] Energy routing consumed by STARLINK-31777: 0.000000 J (remaining 119999.97)
[MODE: BIDIRECTIONAL]
[2][GREEDY] CONSEGNATO! STARLINK-31283 -> OBS | Tramission-time: 2.8440751280640117e-11
[1.535] Task 1 enqueued on NET STARLINK-31283 qlen_enqueue_net=1
[Task 1] Task eseguito su STARLINK-31283 65.99683670988222 degrees | CPU=1.6738J, NET=0.0017J, TOTAL=1.6756J, Remaining=119998.32J
[1.537] Task 1 served on STARLINK-31283 qlen_enqueue_cpu=1 qlen_enqueue_net=1 time_in_queue=0.000
---> Task 3 (Type: Generic_Service) arriva in 1.57
--- [1.57] Task 3 using SearchNode Policy: v2_ilp_hybrid ---
[1.57] [Task 3] Entering ILP branch (v2)
[ε-constraint energy] sumE_B=0.079089  bound=0.086998  active=False
[ILP] res_type=dict value_preview={'stage': 'B', 'status': 'Optimal', 'primary': 'energy', 'tol': 0.1, 'opt_primary': 0.0790893924811185, 'objective_secondary': 0.04246921682287513, 'sumE': 0.07
[1.57] [Task 3] ILP chose server: STARLINK-31235
[1.57] [Task 3] Routed STARLINK-30578 -> STARLINK-31235 | E_NET=0.000027 J | Remaining=120000.00 J
[1.573] Task 3 enqueued on CPU STARLINK-31235 qlen_enqueue=1
[MODE: BIDIRECTIONAL]
[1][GREEDY] CONSEGNATO! STARLINK-31283 -> OBS | Tramission-time: 1.2152867961890162e-09
[Task 3] Task eseguito su STARLINK-31235 53.91518101349145 degrees | CPU=0.0791J, NET=0.0000J, TOTAL=0.0791J, Remaining=119999.92J
[1.617] Task 3 served on STARLINK-31235 qlen_enqueue_cpu=1 qlen_enqueue_net=None time_in_queue=0.000
[3][GREEDY] STARLINK-31235 -> STARLINK-31283 | Tramission-time: 0.0017958742608638668
[3] Energy routing consumed by STARLINK-31235: 0.000000 J (remaining 119999.92)
[MODE: BIDIRECTIONAL]
[3][GREEDY] CONSEGNATO! STARLINK-31283 -> OBS | Tramission-time: 2.339036565667748e-11
----------------------------------------------------------------------
	||TIME IN SIMULATION : (seconds:2) (minutes: 0) ||

MODIFICA CONFIGURAZIONE IN CORSO...

Aggiornato il Tempo Globale:  2025-11-20 20:55:16
---> Task 4 (Type: CPU_Intensive) arriva in 2.53
--- [2.53] Task 4 using SearchNode Policy: v2_ilp_hybrid ---
[2.53] [Task 4] Entering ILP branch (v2)
[ε-constraint energy] sumE_B=0.083409  bound=0.091750  active=False
[ILP] res_type=dict value_preview={'stage': 'B', 'status': 'Optimal', 'primary': 'energy', 'tol': 0.1, 'opt_primary': 0.08340923245827796, 'objective_secondary': 0.044786524419147246, 'sumE': 0.
[2.53] [Task 4] ILP chose server: STARLINK-31235
[2.53] [Task 4] Routed STARLINK-30522 -> STARLINK-31235 | E_NET=0.000023 J | Remaining=120000.00 J
[2.531] Task 4 enqueued on CPU STARLINK-31235 qlen_enqueue=1
[Task 4] Task eseguito su STARLINK-31235 52.75478801749363 degrees | CPU=0.0834J, NET=0.0000J, TOTAL=0.0834J, Remaining=119999.84J
[2.577] Task 4 served on STARLINK-31235 qlen_enqueue_cpu=1 qlen_enqueue_net=None time_in_queue=0.000
[4][GREEDY] STARLINK-31235 -> STARLINK-31283 | Tramission-time: 0.0017972183320812748
[4] Energy routing consumed by STARLINK-31235: 0.000000 J (remaining 119999.84)
---> Task 5 (Type: Generic_Service) arriva in 2.69
--- [2.69] Task 5 using SearchNode Policy: v2_ilp_hybrid ---
[2.69] [Task 5] Entering ILP branch (v2)
[ε-constraint energy] sumE_B=0.029788  bound=0.032767  active=False
[ILP] res_type=dict value_preview={'stage': 'B', 'status': 'Optimal', 'primary': 'energy', 'tol': 0.1, 'opt_primary': 0.0297879363802637, 'objective_secondary': 0.015993854672789642, 'sumE': 0.0
[2.69] [Task 5] ILP chose server: STARLINK-3127
[2.69] [Task 5] Routed STARLINK-6192 -> STARLINK-3127 | E_NET=0.000006 J | Remaining=120000.00 J
[2.689] Task 5 enqueued on CPU STARLINK-3127 qlen_enqueue=1
[MODE: BIDIRECTIONAL]
[4][GREEDY] CONSEGNATO! STARLINK-31283 -> OBS | Tramission-time: 1.9608416059872296e-11
[Task 5] Task eseguito su STARLINK-3127 63.94505440002035 degrees | CPU=0.0298J, NET=0.0000J, TOTAL=0.0298J, Remaining=119999.97J
[2.706] Task 5 served on STARLINK-3127 qlen_enqueue_cpu=1 qlen_enqueue_net=None time_in_queue=0.000
---> Task 6 (Type: CPU_and_Data_Intensive) arriva in 2.79
--- [2.79] Task 6 using SearchNode Policy: v2_ilp_hybrid ---
[2.79] [Task 6] Entering ILP branch (v2)
[ε-constraint energy] sumE_B=0.367596  bound=0.404355  active=False
[ILP] res_type=dict value_preview={'stage': 'B', 'status': 'Optimal', 'primary': 'energy', 'tol': 0.1, 'opt_primary': 0.3675956324170846, 'objective_secondary': 0.2579523747099415, 'sumE': 0.367
[2.79] [Task 6] ILP chose server: STARLINK-3127
[2.79] [Task 6] Routed STARLINK-6192 -> STARLINK-3127 | E_NET=0.092580 J | Remaining=119999.91 J
[5][GREEDY] STARLINK-3127 -> STARLINK-31283 | Tramission-time: 0.0008077668011243638
[5] Energy routing consumed by STARLINK-3127: 0.000000 J (remaining 119999.97)
---> Task 7 (Type: CPU_Intensive) arriva in 2.82
--- [2.82] Task 7 using SearchNode Policy: v2_ilp_hybrid ---
[2.82] [Task 7] Entering ILP branch (v2)
[ε-constraint energy] sumE_B=0.118200  bound=0.130020  active=False
[ILP] res_type=dict value_preview={'stage': 'B', 'status': 'Optimal', 'primary': 'energy', 'tol': 0.1, 'opt_primary': 0.1182001860395116, 'objective_secondary': 0.0634599146226364, 'sumE': 0.118
[2.82] [Task 7] ILP chose server: STARLINK-31235
[2.82] [Task 7] Routed STARLINK-30522 -> STARLINK-31235 | E_NET=0.000018 J | Remaining=120000.00 J
[2.819] Task 7 enqueued on CPU STARLINK-31235 qlen_enqueue=1
[2.881] Task 6 enqueued on CPU STARLINK-3127 qlen_enqueue=1
[Task 7] Task eseguito su STARLINK-31235 52.75478801749363 degrees | CPU=0.1182J, NET=0.0000J, TOTAL=0.1182J, Remaining=119999.72J
[2.884] Task 7 served on STARLINK-31235 qlen_enqueue_cpu=1 qlen_enqueue_net=None time_in_queue=0.000
[MODE: BIDIRECTIONAL]
[5][GREEDY] CONSEGNATO! STARLINK-31283 -> OBS | Tramission-time: 5.940676041571031e-12
[7][GREEDY] STARLINK-31235 -> STARLINK-31283 | Tramission-time: 0.0017972183275699334
[7] Energy routing consumed by STARLINK-31235: 0.000000 J (remaining 119999.72)
[MODE: BIDIRECTIONAL]
[7][GREEDY] CONSEGNATO! STARLINK-31283 -> OBS | Tramission-time: 1.400646278538221e-11
[3.008] Task 6 enqueued on NET STARLINK-3127 qlen_enqueue_net=1
[Task 6] Task eseguito su STARLINK-3127 63.94505440002035 degrees | CPU=0.2367J, NET=0.0926J, TOTAL=0.3293J, Remaining=119999.64J
[3.100] Task 6 served on STARLINK-3127 qlen_enqueue_cpu=1 qlen_enqueue_net=1 time_in_queue=0.000
[6][GREEDY] STARLINK-3127 -> STARLINK-31283 | Tramission-time: 0.0008078555112229075
[6] Energy routing consumed by STARLINK-3127: 0.000000 J (remaining 119999.64)
[MODE: BIDIRECTIONAL]
[6][GREEDY] CONSEGNATO! STARLINK-31283 -> OBS | Tramission-time: 1.0127124212615571e-07
---> Task 8 (Type: CPU_Intensive) arriva in 3.26
--- [3.26] Task 8 using SearchNode Policy: v2_ilp_hybrid ---
[3.26] [Task 8] Entering ILP branch (v2)
[ε-constraint energy] sumE_B=1.298700  bound=1.428570  active=False
[ILP] res_type=dict value_preview={'stage': 'B', 'status': 'Optimal', 'primary': 'energy', 'tol': 0.1, 'opt_primary': 1.2986999365771268, 'objective_secondary': 0.6971607223034371, 'sumE': 1.298
[3.26] [Task 8] ILP chose server: STARLINK-11573 [DTC]
[3.26] [Task 8] Routed STARLINK-2116 -> STARLINK-11573 [DTC] | E_NET=0.000030 J | Remaining=120000.00 J
[3.257] Task 8 enqueued on CPU STARLINK-11573 [DTC] qlen_enqueue=1
---> Task 9 (Type: Generic_Service) arriva in 3.36
--- [3.36] Task 9 using SearchNode Policy: v2_ilp_hybrid ---
[3.36] [Task 9] Entering ILP branch (v2)
[ε-constraint energy] sumE_B=0.014428  bound=0.015871  active=False
[ILP] res_type=dict value_preview={'stage': 'B', 'status': 'Optimal', 'primary': 'energy', 'tol': 0.1, 'opt_primary': 0.014427802139780961, 'objective_secondary': 0.007761083273618303, 'sumE': 0
[3.36] [Task 9] ILP chose server: STARLINK-31235
[3.36] [Task 9] Routed STARLINK-30578 -> STARLINK-31235 | E_NET=0.000024 J | Remaining=120000.00 J
[3.366] Task 9 enqueued on CPU STARLINK-31235 qlen_enqueue=1
[Task 9] Task eseguito su STARLINK-31235 52.75478801749363 degrees | CPU=0.0144J, NET=0.0000J, TOTAL=0.0144J, Remaining=119999.70J
[3.376] Task 9 served on STARLINK-31235 qlen_enqueue_cpu=1 qlen_enqueue_net=None time_in_queue=0.000
[9][GREEDY] STARLINK-31235 -> STARLINK-31283 | Tramission-time: 0.001797218335317923
[9] Energy routing consumed by STARLINK-31235: 0.000000 J (remaining 119999.70)
[MODE: BIDIRECTIONAL]
[9][GREEDY] CONSEGNATO! STARLINK-31283 -> OBS | Tramission-time: 2.443633289941357e-11
---> Task 10 (Type: CPU_and_Data_Intensive) arriva in 3.68
--- [3.68] Task 10 using SearchNode Policy: v2_ilp_hybrid ---
[3.68] [Task 10] Entering ILP branch (v2)
[ε-constraint energy] sumE_B=3.558976  bound=3.914874  active=False
[ILP] res_type=dict value_preview={'stage': 'B', 'status': 'Optimal', 'primary': 'energy', 'tol': 0.1, 'opt_primary': 3.5589759862836305, 'objective_secondary': 1.9908137260663712, 'sumE': 3.558
[3.68] [Task 10] ILP chose server: STARLINK-31235
[3.68] [Task 10] Routed STARLINK-30522 -> STARLINK-31235 | E_NET=0.150135 J | Remaining=119999.85 J
[3.831] Task 10 enqueued on CPU STARLINK-31235 qlen_enqueue=1
[Task 8] Task eseguito su STARLINK-11573 [DTC] 64.58980116123413 degrees | CPU=1.2987J, NET=0.0000J, TOTAL=1.2987J, Remaining=119998.70J
[3.956] Task 8 served on STARLINK-11573 [DTC] qlen_enqueue_cpu=1 qlen_enqueue_net=None time_in_queue=0.000
----------------------------------------------------------------------
	||TIME IN SIMULATION : (seconds:4) (minutes: 0) ||

MODIFICA CONFIGURAZIONE IN CORSO...

Aggiornato il Tempo Globale:  2025-11-20 20:55:18
[8][GREEDY] STARLINK-11573 [DTC] -> STARLINK-31283 | Tramission-time: 0.0012252843876233278
[8] Energy routing consumed by STARLINK-11573 [DTC]: 0.000000 J (remaining 119998.70)
[MODE: BIDIRECTIONAL]
[8][GREEDY] CONSEGNATO! STARLINK-31283 -> OBS | Tramission-time: 2.6620128946663373e-11
---> Task 11 (Type: Generic_Service) arriva in 4.06
--- [4.06] Task 11 using SearchNode Policy: v2_ilp_hybrid ---
[4.06] [Task 11] Entering ILP branch (v2)
[ε-constraint energy] sumE_B=0.013917  bound=0.015309  active=False
[ILP] res_type=dict value_preview={'stage': 'B', 'status': 'Optimal', 'primary': 'energy', 'tol': 0.1, 'opt_primary': 0.013917208274039142, 'objective_secondary': 0.0074799605157766045, 'sumE': 
[4.06] [Task 11] ILP chose server: STARLINK-11403 [DTC]
[4.06] [Task 11] Routed STARLINK-31866 -> STARLINK-11403 [DTC] | E_NET=0.000015 J | Remaining=120000.00 J
[4.057] Task 11 enqueued on CPU STARLINK-11403 [DTC] qlen_enqueue=1
[Task 11] Task eseguito su STARLINK-11403 [DTC] 29.802478269897552 degrees | CPU=0.0139J, NET=0.0000J, TOTAL=0.0139J, Remaining=119999.99J
[4.065] Task 11 served on STARLINK-11403 [DTC] qlen_enqueue_cpu=1 qlen_enqueue_net=None time_in_queue=0.000
[11][GREEDY] STARLINK-11403 [DTC] -> STARLINK-31283 | Tramission-time: 0.0014292127108892754
[11] Energy routing consumed by STARLINK-11403 [DTC]: 0.000000 J (remaining 119999.99)
[MODE: BIDIRECTIONAL]
[11][GREEDY] CONSEGNATO! STARLINK-31283 -> OBS | Tramission-time: 1.4134743494702023e-11
---> Task 12 (Type: CPU_Intensive) arriva in 4.25
--- [4.25] Task 12 using SearchNode Policy: v2_ilp_hybrid ---
[4.25] [Task 12] Entering ILP branch (v2)
[ε-constraint energy] sumE_B=0.531029  bound=0.584131  active=False
[ILP] res_type=dict value_preview={'stage': 'B', 'status': 'Optimal', 'primary': 'energy', 'tol': 0.1, 'opt_primary': 0.5310285664754073, 'objective_secondary': 0.28507596284811076, 'sumE': 0.53
[4.25] [Task 12] ILP chose server: STARLINK-11403 [DTC]
[4.25] [Task 12] Routed STARLINK-31866 -> STARLINK-11403 [DTC] | E_NET=0.000031 J | Remaining=120000.00 J
[4.254] Task 12 enqueued on CPU STARLINK-11403 [DTC] qlen_enqueue=1
[Task 12] Task eseguito su STARLINK-11403 [DTC] 29.802478269897552 degrees | CPU=0.5310J, NET=0.0000J, TOTAL=0.5310J, Remaining=119999.46J
[4.541] Task 12 served on STARLINK-11403 [DTC] qlen_enqueue_cpu=1 qlen_enqueue_net=None time_in_queue=0.000
---> Task 13 (Type: CPU_Intensive) arriva in 4.61
--- [4.61] Task 13 using SearchNode Policy: v2_ilp_hybrid ---
[4.61] [Task 13] Entering ILP branch (v2)
[ε-constraint energy] sumE_B=0.031903  bound=0.035094  active=False
[ILP] res_type=dict value_preview={'stage': 'B', 'status': 'Optimal', 'primary': 'energy', 'tol': 0.1, 'opt_primary': 0.031903416598191035, 'objective_secondary': 0.017132341809637287, 'sumE': 0
[4.61] [Task 13] ILP chose server: STARLINK-11403 [DTC]
[4.61] [Task 13] Routed STARLINK-31866 -> STARLINK-11403 [DTC] | E_NET=0.000011 J | Remaining=120000.00 J
[4.610] Task 13 enqueued on CPU STARLINK-11403 [DTC] qlen_enqueue=1
[12][GREEDY] STARLINK-11403 [DTC] -> STARLINK-31283 | Tramission-time: 0.0014292127243555352
[12] Energy routing consumed by STARLINK-11403 [DTC]: 0.000000 J (remaining 119999.46)
[Task 13] Task eseguito su STARLINK-11403 [DTC] 29.802478269897552 degrees | CPU=0.0319J, NET=0.0000J, TOTAL=0.0319J, Remaining=119999.42J
[4.628] Task 13 served on STARLINK-11403 [DTC] qlen_enqueue_cpu=1 qlen_enqueue_net=None time_in_queue=0.000
---> Task 14 (Type: CPU_Intensive) arriva in 4.68
--- [4.68] Task 14 using SearchNode Policy: v2_ilp_hybrid ---
[4.68] [Task 14] Entering ILP branch (v2)
[ε-constraint energy] sumE_B=0.579381  bound=0.637320  active=False
[ILP] res_type=dict value_preview={'stage': 'B', 'status': 'Optimal', 'primary': 'energy', 'tol': 0.1, 'opt_primary': 0.579381428003869, 'objective_secondary': 0.31101921976462643, 'sumE': 0.579
[4.68] [Task 14] ILP chose server: STARLINK-31018
[4.68] [Task 14] Routed STARLINK-30578 -> STARLINK-31018 | E_NET=0.000009 J | Remaining=120000.00 J
[4.677] Task 14 enqueued on CPU STARLINK-31018 qlen_enqueue=1
[MODE: BIDIRECTIONAL]
[12][GREEDY] CONSEGNATO! STARLINK-31283 -> OBS | Tramission-time: 3.386473827524595e-11
[13][GREEDY] STARLINK-11403 [DTC] -> STARLINK-31283 | Tramission-time: 0.0014292127044239742
[13] Energy routing consumed by STARLINK-11403 [DTC]: 0.000000 J (remaining 119999.42)
[MODE: BIDIRECTIONAL]
[13][GREEDY] CONSEGNATO! STARLINK-31283 -> OBS | Tramission-time: 1.3314722053681436e-11
[Task 14] Task eseguito su STARLINK-31018 60.04076125924548 degrees | CPU=0.5794J, NET=0.0000J, TOTAL=0.5794J, Remaining=119999.42J
[4.989] Task 14 served on STARLINK-31018 qlen_enqueue_cpu=1 qlen_enqueue_net=None time_in_queue=0.000
[14][GREEDY] STARLINK-31018 -> STARLINK-31283 | Tramission-time: 0.0014296937448248098
[14] Energy routing consumed by STARLINK-31018: 0.000000 J (remaining 119999.42)
---> Task 15 (Type: Generic_Service) arriva in 5.07
--- [5.07] Task 15 using SearchNode Policy: v2_ilp_hybrid ---
[5.07] [Task 15] Entering ILP branch (v2)
[ε-constraint energy] sumE_B=0.050630  bound=0.055693  active=False
[ILP] res_type=dict value_preview={'stage': 'B', 'status': 'Optimal', 'primary': 'energy', 'tol': 0.1, 'opt_primary': 0.05063001028506656, 'objective_secondary': 0.027196843132784154, 'sumE': 0.
[5.07] [Task 15] ILP chose server: STARLINK-11573 [DTC]
[5.07] [Task 15] Routed STARLINK-2116 -> STARLINK-11573 [DTC] | E_NET=0.000036 J | Remaining=120000.00 J
[5.072] Task 15 enqueued on CPU STARLINK-11573 [DTC] qlen_enqueue=1
[Task 15] Task eseguito su STARLINK-11573 [DTC] 63.5763782750206 degrees | CPU=0.0506J, NET=0.0000J, TOTAL=0.0506J, Remaining=119998.65J
[5.102] Task 15 served on STARLINK-11573 [DTC] qlen_enqueue_cpu=1 qlen_enqueue_net=None time_in_queue=0.000
[15][GREEDY] STARLINK-11573 [DTC] -> STARLINK-31283 | Tramission-time: 0.0012252843882665822
[15] Energy routing consumed by STARLINK-11573 [DTC]: 0.000000 J (remaining 119998.65)
[MODE: BIDIRECTIONAL]
[14][GREEDY] CONSEGNATO! STARLINK-31283 -> OBS | Tramission-time: 9.254218656725438e-12
---> Task 16 (Type: Generic_Service) arriva in 5.20
--- [5.20] Task 16 using SearchNode Policy: v2_ilp_hybrid ---
[5.20] [Task 16] Entering ILP branch (v2)
[ε-constraint energy] sumE_B=0.209032  bound=0.229935  active=False
[ILP] res_type=dict value_preview={'stage': 'B', 'status': 'Optimal', 'primary': 'energy', 'tol': 0.1, 'opt_primary': 0.2090322475659085, 'objective_secondary': 0.11221726100965414, 'sumE': 0.20
[5.20] [Task 16] ILP chose server: STARLINK-11403 [DTC]
[5.20] [Task 16] Routed STARLINK-31866 -> STARLINK-11403 [DTC] | E_NET=0.000014 J | Remaining=120000.00 J
[5.203] Task 16 enqueued on CPU STARLINK-11403 [DTC] qlen_enqueue=1
[MODE: BIDIRECTIONAL]
[15][GREEDY] CONSEGNATO! STARLINK-31283 -> OBS | Tramission-time: 2.7664713300034313e-11
[Task 16] Task eseguito su STARLINK-11403 [DTC] 29.802478269897552 degrees | CPU=0.2090J, NET=0.0000J, TOTAL=0.2090J, Remaining=119999.21J
[5.317] Task 16 served on STARLINK-11403 [DTC] qlen_enqueue_cpu=1 qlen_enqueue_net=None time_in_queue=0.000
[16][GREEDY] STARLINK-11403 [DTC] -> STARLINK-31283 | Tramission-time: 0.001429212706896014
[16] Energy routing consumed by STARLINK-11403 [DTC]: 0.000000 J (remaining 119999.21)
[MODE: BIDIRECTIONAL]
[16][GREEDY] CONSEGNATO! STARLINK-31283 -> OBS | Tramission-time: 1.3024454865433375e-11
---> Task 17 (Type: CPU_Intensive) arriva in 5.42
--- [5.42] Task 17 using SearchNode Policy: v2_ilp_hybrid ---
[5.42] [Task 17] Entering ILP branch (v2)
[ε-constraint energy] sumE_B=1.503554  bound=1.653909  active=False
[ILP] res_type=dict value_preview={'stage': 'B', 'status': 'Optimal', 'primary': 'energy', 'tol': 0.1, 'opt_primary': 1.5035538012314382, 'objective_secondary': 0.8071249344591277, 'sumE': 1.503
[5.42] [Task 17] ILP chose server: STARLINK-31018
[5.42] [Task 17] Routed STARLINK-30578 -> STARLINK-31018 | E_NET=0.000020 J | Remaining=120000.00 J
[5.425] Task 17 enqueued on CPU STARLINK-31018 qlen_enqueue=1
[5.648] Task 10 enqueued on NET STARLINK-31235 qlen_enqueue_net=1
[Task 10] Task eseguito su STARLINK-31235 51.62369805685609 degrees | CPU=3.3855J, NET=0.1501J, TOTAL=3.5357J, Remaining=119996.17J
[5.798] Task 10 served on STARLINK-31235 qlen_enqueue_cpu=1 qlen_enqueue_net=1 time_in_queue=0.000
[10][GREEDY] STARLINK-31235 -> STARLINK-31283 | Tramission-time: 0.001798953631053372
[10] Energy routing consumed by STARLINK-31235: 0.000000 J (remaining 119996.17)
[MODE: BIDIRECTIONAL]
[10][GREEDY] CONSEGNATO! STARLINK-31283 -> OBS | Tramission-time: 1.2812055290621022e-07
----------------------------------------------------------------------
	||TIME IN SIMULATION : (seconds:6) (minutes: 0) ||

MODIFICA CONFIGURAZIONE IN CORSO...

Aggiornato il Tempo Globale:  2025-11-20 20:55:20
[Task 17] Task eseguito su STARLINK-31018 59.07446675339315 degrees | CPU=1.5035J, NET=0.0000J, TOTAL=1.5035J, Remaining=119997.92J
[6.234] Task 17 served on STARLINK-31018 qlen_enqueue_cpu=1 qlen_enqueue_net=None time_in_queue=0.000
---> Task 18 (Type: Generic_Service) arriva in 6.26
--- [6.26] Task 18 using SearchNode Policy: v2_ilp_hybrid ---
[6.26] [Task 18] Entering ILP branch (v2)
[ε-constraint energy] sumE_B=0.026216  bound=0.028837  active=False
[ILP] res_type=dict value_preview={'stage': 'B', 'status': 'Optimal', 'primary': 'energy', 'tol': 0.1, 'opt_primary': 0.026215875624687343, 'objective_secondary': 0.01407543584968262, 'sumE': 0.
[6.26] [Task 18] ILP chose server: STARLINK-31866
[6.261] Task 18 enqueued on CPU STARLINK-31866 qlen_enqueue=1
[Task 18] Task eseguito su STARLINK-31866 57.26496923850204 degrees | CPU=0.0262J, NET=0.0000J, TOTAL=0.0262J, Remaining=119999.97J
[6.275] Task 18 served on STARLINK-31866 qlen_enqueue_cpu=1 qlen_enqueue_net=None time_in_queue=0.000
[17][GREEDY] STARLINK-31018 -> STARLINK-31283 | Tramission-time: 0.0014280767853593096
[17] Energy routing consumed by STARLINK-31018: 0.000000 J (remaining 119997.92)
[MODE: BIDIRECTIONAL]
[18][GREEDY] CONSEGNATO! STARLINK-31866 -> OBS | Tramission-time: 4.023254650467083e-12
[MODE: BIDIRECTIONAL]
[17][GREEDY] CONSEGNATO! STARLINK-31283 -> OBS | Tramission-time: 2.1066299178574327e-11
---> Task 19 (Type: CPU_and_Data_Intensive) arriva in 7.30
--- [7.30] Task 19 using SearchNode Policy: v2_ilp_hybrid ---
[7.30] [Task 19] Entering ILP branch (v2)
[ε-constraint energy] sumE_B=1.193780  bound=1.313158  active=False
[ILP] res_type=dict value_preview={'stage': 'B', 'status': 'Optimal', 'primary': 'energy', 'tol': 0.1, 'opt_primary': 1.1937801765290694, 'objective_secondary': 0.6410171562595646, 'sumE': 1.193
[7.30] [Task 19] ILP chose server: STARLINK-31235
[7.30] [Task 19] Routed STARLINK-30578 -> STARLINK-31235 | E_NET=0.000295 J | Remaining=120000.00 J
[7.305] Task 19 enqueued on CPU STARLINK-31235 qlen_enqueue=1
---> Task 20 (Type: Generic_Service) arriva in 7.60
--- [7.60] Task 20 using SearchNode Policy: v2_ilp_hybrid ---
[7.60] [Task 20] Entering ILP branch (v2)
[ε-constraint energy] sumE_B=0.052747  bound=0.058022  active=False
[ILP] res_type=dict value_preview={'stage': 'B', 'status': 'Optimal', 'primary': 'energy', 'tol': 0.1, 'opt_primary': 0.052747440764809896, 'objective_secondary': 0.02833219285022478, 'sumE': 0.
[7.60] [Task 20] ILP chose server: STARLINK-11573 [DTC]
[7.60] [Task 20] Routed STARLINK-2116 -> STARLINK-11573 [DTC] | E_NET=0.000034 J | Remaining=120000.00 J
[7.605] Task 20 enqueued on CPU STARLINK-11573 [DTC] qlen_enqueue=1
[Task 20] Task eseguito su STARLINK-11573 [DTC] 62.4716637184263 degrees | CPU=0.0527J, NET=0.0000J, TOTAL=0.0527J, Remaining=119998.60J
[7.636] Task 20 served on STARLINK-11573 [DTC] qlen_enqueue_cpu=1 qlen_enqueue_net=None time_in_queue=0.000
[20][GREEDY] STARLINK-11573 [DTC] -> STARLINK-31283 | Tramission-time: 0.0012214198729073112
[20] Energy routing consumed by STARLINK-11573 [DTC]: 0.000000 J (remaining 119998.60)
[MODE: BIDIRECTIONAL]
[20][GREEDY] CONSEGNATO! STARLINK-31283 -> OBS | Tramission-time: 2.6642434604477685e-11
[7.946] Task 19 enqueued on NET STARLINK-31235 qlen_enqueue_net=1
[Task 19] Task eseguito su STARLINK-31235 50.52148841473135 degrees | CPU=1.1934J, NET=0.0003J, TOTAL=1.1937J, Remaining=119994.98J
[7.946] Task 19 served on STARLINK-31235 qlen_enqueue_cpu=1 qlen_enqueue_net=1 time_in_queue=0.000
----------------------------------------------------------------------
	||TIME IN SIMULATION : (seconds:8) (minutes: 0) ||

MODIFICA CONFIGURAZIONE IN CORSO...

Aggiornato il Tempo Globale:  2025-11-20 20:55:22
[19][GREEDY] STARLINK-31235 -> STARLINK-31283 | Tramission-time: 0.0018028268766234787
[19] Energy routing consumed by STARLINK-31235: 0.000000 J (remaining 119994.98)
---> Task 21 (Type: Generic_Service) arriva in 8.04
--- [8.04] Task 21 using SearchNode Policy: v2_ilp_hybrid ---
[8.04] [Task 21] Entering ILP branch (v2)
[ε-constraint energy] sumE_B=0.010105  bound=0.011116  active=False
[ILP] res_type=dict value_preview={'stage': 'B', 'status': 'Optimal', 'primary': 'energy', 'tol': 0.1, 'opt_primary': 0.010105216213678771, 'objective_secondary': 0.005442428823304177, 'sumE': 0
[8.04] [Task 21] ILP chose server: STARLINK-11573 [DTC]
[8.04] [Task 21] Routed STARLINK-2116 -> STARLINK-11573 [DTC] | E_NET=0.000029 J | Remaining=120000.00 J
[8.043] Task 21 enqueued on CPU STARLINK-11573 [DTC] qlen_enqueue=1
[Task 21] Task eseguito su STARLINK-11573 [DTC] 61.29538452585933 degrees | CPU=0.0101J, NET=0.0000J, TOTAL=0.0101J, Remaining=119998.59J
[8.051] Task 21 served on STARLINK-11573 [DTC] qlen_enqueue_cpu=1 qlen_enqueue_net=None time_in_queue=0.000
[21][GREEDY] STARLINK-11573 [DTC] -> STARLINK-31283 | Tramission-time: 0.001217630207621759
[21] Energy routing consumed by STARLINK-11573 [DTC]: 0.000000 J (remaining 119998.59)
[MODE: BIDIRECTIONAL]
[19][GREEDY] CONSEGNATO! STARLINK-31283 -> OBS | Tramission-time: 3.8795513637131585e-10
[MODE: BIDIRECTIONAL]
[21][GREEDY] CONSEGNATO! STARLINK-31283 -> OBS | Tramission-time: 3.07868643453565e-11
---> Task 22 (Type: Generic_Service) arriva in 8.46
--- [8.46] Task 22 using SearchNode Policy: v2_ilp_hybrid ---
[8.46] [Task 22] Entering ILP branch (v2)
[ε-constraint energy] sumE_B=0.057057  bound=0.062763  active=False
[ILP] res_type=dict value_preview={'stage': 'B', 'status': 'Optimal', 'primary': 'energy', 'tol': 0.1, 'opt_primary': 0.05705734012558584, 'objective_secondary': 0.030636672052294964, 'sumE': 0.
[8.46] [Task 22] ILP chose server: STARLINK-11573 [DTC]
[8.46] [Task 22] Routed STARLINK-2116 -> STARLINK-11573 [DTC] | E_NET=0.000013 J | Remaining=120000.00 J
[8.466] Task 22 enqueued on CPU STARLINK-11573 [DTC] qlen_enqueue=1
[Task 22] Task eseguito su STARLINK-11573 [DTC] 61.29538452585933 degrees | CPU=0.0570J, NET=0.0000J, TOTAL=0.0571J, Remaining=119998.53J
[8.497] Task 22 served on STARLINK-11573 [DTC] qlen_enqueue_cpu=1 qlen_enqueue_net=None time_in_queue=0.000
[22][GREEDY] STARLINK-11573 [DTC] -> STARLINK-31283 | Tramission-time: 0.0012176301902473957
[22] Energy routing consumed by STARLINK-11573 [DTC]: 0.000000 J (remaining 119998.53)
[MODE: BIDIRECTIONAL]
[22][GREEDY] CONSEGNATO! STARLINK-31283 -> OBS | Tramission-time: 1.4850828338391684e-11
---> Task 23 (Type: CPU_Intensive) arriva in 8.91
--- [8.91] Task 23 using SearchNode Policy: v2_ilp_hybrid ---
[8.91] [Task 23] Entering ILP branch (v2)
[ε-constraint energy] sumE_B=0.088770  bound=0.097647  active=False
[ILP] res_type=dict value_preview={'stage': 'B', 'status': 'Optimal', 'primary': 'energy', 'tol': 0.1, 'opt_primary': 0.0887697397849967, 'objective_secondary': 0.04766478445189345, 'sumE': 0.08
[8.91] [Task 23] ILP chose server: STARLINK-11573 [DTC]
[8.91] [Task 23] Routed STARLINK-2116 -> STARLINK-11573 [DTC] | E_NET=0.000021 J | Remaining=120000.00 J
[8.911] Task 23 enqueued on CPU STARLINK-11573 [DTC] qlen_enqueue=1
[Task 23] Task eseguito su STARLINK-11573 [DTC] 61.29538452585933 degrees | CPU=0.0887J, NET=0.0000J, TOTAL=0.0888J, Remaining=119998.44J
[8.961] Task 23 served on STARLINK-11573 [DTC] qlen_enqueue_cpu=1 qlen_enqueue_net=None time_in_queue=0.000
[23][GREEDY] STARLINK-11573 [DTC] -> STARLINK-31283 | Tramission-time: 0.0012176301982078491
[23] Energy routing consumed by STARLINK-11573 [DTC]: 0.000000 J (remaining 119998.44)
[MODE: BIDIRECTIONAL]
[23][GREEDY] CONSEGNATO! STARLINK-31283 -> OBS | Tramission-time: 1.9783453310366103e-11
---> Task 24 (Type: CPU_and_Data_Intensive) arriva in 9.99
--- [9.99] Task 24 using SearchNode Policy: v2_ilp_hybrid ---
[9.99] [Task 24] Entering ILP branch (v2)
[ε-constraint energy] sumE_B=0.886517  bound=0.975169  active=False
[ILP] res_type=dict value_preview={'stage': 'B', 'status': 'Optimal', 'primary': 'energy', 'tol': 0.1, 'opt_primary': 0.8865172996673891, 'objective_secondary': 0.4763100737867971, 'sumE': 0.886
[9.99] [Task 24] ILP chose server: STARLINK-11573 [DTC]
[9.99] [Task 24] Routed STARLINK-2116 -> STARLINK-11573 [DTC] | E_NET=0.000682 J | Remaining=120000.00 J
[9.995] Task 24 enqueued on CPU STARLINK-11573 [DTC] qlen_enqueue=1
----------------------------------------------------------------------
	||TIME IN SIMULATION : (seconds:10) (minutes: 0) ||

MODIFICA CONFIGURAZIONE IN CORSO...

Aggiornato il Tempo Globale:  2025-11-20 20:55:24
[10.470] Task 24 enqueued on NET STARLINK-11573 [DTC] qlen_enqueue_net=1
[Task 24] Task eseguito su STARLINK-11573 [DTC] 60.06527673707273 degrees | CPU=0.8856J, NET=0.0007J, TOTAL=0.8863J, Remaining=119997.56J
[10.471] Task 24 served on STARLINK-11573 [DTC] qlen_enqueue_cpu=1 qlen_enqueue_net=1 time_in_queue=0.000
---> Task 25 (Type: Generic_Service) arriva in 10.47
--- [10.47] Task 25 using SearchNode Policy: v2_ilp_hybrid ---
[10.47] [Task 25] Entering ILP branch (v2)
[ε-constraint energy] sumE_B=0.181850  bound=0.200035  active=False
[ILP] res_type=dict value_preview={'stage': 'B', 'status': 'Optimal', 'primary': 'energy', 'tol': 0.1, 'opt_primary': 0.18185031359443385, 'objective_secondary': 0.0976279766650158, 'sumE': 0.18
[10.47] [Task 25] ILP chose server: STARLINK-11573 [DTC]
[10.47] [Task 25] Routed STARLINK-2116 -> STARLINK-11573 [DTC] | E_NET=0.000017 J | Remaining=120000.00 J
[10.474] Task 25 enqueued on CPU STARLINK-11573 [DTC] qlen_enqueue=1
[24][GREEDY] STARLINK-11573 [DTC] -> STARLINK-31283 | Tramission-time: 0.001213916850653768
[24] Energy routing consumed by STARLINK-11573 [DTC]: 0.000000 J (remaining 119997.56)
[MODE: BIDIRECTIONAL]
[24][GREEDY] CONSEGNATO! STARLINK-31283 -> OBS | Tramission-time: 6.090947828699441e-10
[Task 25] Task eseguito su STARLINK-11573 [DTC] 60.06527673707273 degrees | CPU=0.1818J, NET=0.0000J, TOTAL=0.1818J, Remaining=119997.37J
[10.573] Task 25 served on STARLINK-11573 [DTC] qlen_enqueue_cpu=1 qlen_enqueue_net=None time_in_queue=0.000
[25][GREEDY] STARLINK-11573 [DTC] -> STARLINK-31283 | Tramission-time: 0.0012139161938912906
[25] Energy routing consumed by STARLINK-11573 [DTC]: 0.000000 J (remaining 119997.37)
[MODE: BIDIRECTIONAL]
[25][GREEDY] CONSEGNATO! STARLINK-31283 -> OBS | Tramission-time: 1.722047414860264e-11
---> Task 26 (Type: CPU_and_Data_Intensive) arriva in 10.73
--- [10.73] Task 26 using SearchNode Policy: v2_ilp_hybrid ---
[10.73] [Task 26] Entering ILP branch (v2)
[ε-constraint energy] sumE_B=0.764692  bound=0.841162  active=False
[ILP] res_type=dict value_preview={'stage': 'B', 'status': 'Optimal', 'primary': 'energy', 'tol': 0.1, 'opt_primary': 0.7646924697046315, 'objective_secondary': 0.4149899274555608, 'sumE': 0.764
[10.73] [Task 26] ILP chose server: STARLINK-11573 [DTC]
[10.73] [Task 26] Routed STARLINK-2116 -> STARLINK-11573 [DTC] | E_NET=0.007586 J | Remaining=119999.99 J
[10.736] Task 26 enqueued on CPU STARLINK-11573 [DTC] qlen_enqueue=1
[11.142] Task 26 enqueued on NET STARLINK-11573 [DTC] qlen_enqueue_net=1
[Task 26] Task eseguito su STARLINK-11573 [DTC] 60.06527673707273 degrees | CPU=0.7550J, NET=0.0076J, TOTAL=0.7626J, Remaining=119996.61J
[11.149] Task 26 served on STARLINK-11573 [DTC] qlen_enqueue_cpu=1 qlen_enqueue_net=1 time_in_queue=0.000
[26][GREEDY] STARLINK-11573 [DTC] -> STARLINK-31283 | Tramission-time: 0.0012139232199829195
[26] Energy routing consumed by STARLINK-11573 [DTC]: 0.000000 J (remaining 119996.61)
[MODE: BIDIRECTIONAL]
[26][GREEDY] CONSEGNATO! STARLINK-31283 -> OBS | Tramission-time: 8.11255966738264e-09
---> Task 27 (Type: CPU_and_Data_Intensive) arriva in 11.25
--- [11.25] Task 27 using SearchNode Policy: v2_ilp_hybrid ---
[11.25] [Task 27] Entering ILP branch (v2)
[ε-constraint energy] sumE_B=1.004231  bound=1.104654  active=False
[ILP] res_type=dict value_preview={'stage': 'B', 'status': 'Optimal', 'primary': 'energy', 'tol': 0.1, 'opt_primary': 1.0042311216853417, 'objective_secondary': 0.5394866073778689, 'sumE': 1.004
[11.25] [Task 27] ILP chose server: STARLINK-11573 [DTC]
[11.25] [Task 27] Routed STARLINK-2116 -> STARLINK-11573 [DTC] | E_NET=0.000696 J | Remaining=119999.99 J
[11.248] Task 27 enqueued on CPU STARLINK-11573 [DTC] qlen_enqueue=1
---> Task 28 (Type: Generic_Service) arriva in 11.37
--- [11.37] Task 28 using SearchNode Policy: v2_ilp_hybrid ---
[11.37] [Task 28] Entering ILP branch (v2)
[ε-constraint energy] sumE_B=0.070734  bound=0.077807  active=False
[ILP] res_type=dict value_preview={'stage': 'B', 'status': 'Optimal', 'primary': 'energy', 'tol': 0.1, 'opt_primary': 0.07073393090353262, 'objective_secondary': 0.03798825139264753, 'sumE': 0.0
[11.37] [Task 28] ILP chose server: STARLINK-2116
[11.370] Task 28 enqueued on CPU STARLINK-2116 qlen_enqueue=1
[Task 28] Task eseguito su STARLINK-2116 53.09012370391655 degrees | CPU=0.0707J, NET=0.0000J, TOTAL=0.0707J, Remaining=119999.92J
[11.411] Task 28 served on STARLINK-2116 qlen_enqueue_cpu=1 qlen_enqueue_net=None time_in_queue=0.000
[MODE: BIDIRECTIONAL]
[28][GREEDY] CONSEGNATO! STARLINK-2116 -> OBS | Tramission-time: 3.3488427870091766e-11
---> Task 29 (Type: CPU_and_Data_Intensive) arriva in 11.58
--- [11.58] Task 29 using SearchNode Policy: v2_ilp_hybrid ---
[11.58] [Task 29] Entering ILP branch (v2)
[ε-constraint energy] sumE_B=0.353007  bound=0.388307  active=False
[ILP] res_type=dict value_preview={'stage': 'B', 'status': 'Optimal', 'primary': 'energy', 'tol': 0.1, 'opt_primary': 0.3530068011105003, 'objective_secondary': 0.27113392467751884, 'sumE': 0.35
[11.58] [Task 29] ILP chose server: STARLINK-31866
[11.583] Task 29 enqueued on CPU STARLINK-31866 qlen_enqueue=1
[11.678] Task 29 enqueued on NET STARLINK-31866 qlen_enqueue_net=1
[11.786] Task 27 enqueued on NET STARLINK-11573 [DTC] qlen_enqueue_net=1
[Task 27] Task eseguito su STARLINK-11573 [DTC] 60.06527673707273 degrees | CPU=1.0033J, NET=0.0007J, TOTAL=1.0040J, Remaining=119995.61J
[11.787] Task 27 served on STARLINK-11573 [DTC] qlen_enqueue_cpu=1 qlen_enqueue_net=1 time_in_queue=0.000
[27][GREEDY] STARLINK-11573 [DTC] -> STARLINK-31283 | Tramission-time: 0.001213916806243893
[27] Energy routing consumed by STARLINK-11573 [DTC]: 0.000000 J (remaining 119995.61)
[MODE: BIDIRECTIONAL]
[27][GREEDY] CONSEGNATO! STARLINK-31283 -> OBS | Tramission-time: 6.331143784227578e-10
[Task 29] Task eseguito su STARLINK-31866 59.62362534519771 degrees | CPU=0.1768J, NET=0.1763J, TOTAL=0.3530J, Remaining=119999.62J
[11.854] Task 29 served on STARLINK-31866 qlen_enqueue_cpu=1 qlen_enqueue_net=1 time_in_queue=0.000
[MODE: BIDIRECTIONAL]
[29][GREEDY] CONSEGNATO! STARLINK-31866 -> OBS | Tramission-time: 1.4072617779440948e-07
----------------------------------------------------------------------
	||TIME IN SIMULATION : (seconds:12) (minutes: 0) ||

MODIFICA CONFIGURAZIONE IN CORSO...

Aggiornato il Tempo Globale:  2025-11-20 20:55:26
---> Task 30 (Type: CPU_and_Data_Intensive) arriva in 12.15
--- [12.15] Task 30 using SearchNode Policy: v2_ilp_hybrid ---
[12.15] [Task 30] Entering ILP branch (v2)
[ε-constraint energy] sumE_B=0.099622  bound=0.109585  active=False
[ILP] res_type=dict value_preview={'stage': 'B', 'status': 'Optimal', 'primary': 'energy', 'tol': 0.1, 'opt_primary': 0.09962234770768878, 'objective_secondary': 0.05369211619773452, 'sumE': 0.0
[12.15] [Task 30] ILP chose server: STARLINK-11573 [DTC]
[12.15] [Task 30] Routed STARLINK-2116 -> STARLINK-11573 [DTC] | E_NET=0.000458 J | Remaining=119999.92 J
[12.147] Task 30 enqueued on CPU STARLINK-11573 [DTC] qlen_enqueue=1
[12.200] Task 30 enqueued on NET STARLINK-11573 [DTC] qlen_enqueue_net=1
[Task 30] Task eseguito su STARLINK-11573 [DTC] 58.79690726147828 degrees | CPU=0.0992J, NET=0.0005J, TOTAL=0.0996J, Remaining=119995.51J
[12.200] Task 30 served on STARLINK-11573 [DTC] qlen_enqueue_cpu=1 qlen_enqueue_net=1 time_in_queue=0.000
[30][GREEDY] STARLINK-11573 [DTC] -> STARLINK-31283 | Tramission-time: 0.0012102789739120154
[30] Energy routing consumed by STARLINK-11573 [DTC]: 0.000000 J (remaining 119995.51)
[MODE: BIDIRECTIONAL]
[30][GREEDY] CONSEGNATO! STARLINK-31283 -> OBS | Tramission-time: 3.235303776598529e-10
----------------------------------------------------------------------
	||TIME IN SIMULATION : (seconds:14) (minutes: 0) ||

MODIFICA CONFIGURAZIONE IN CORSO...

Aggiornato il Tempo Globale:  2025-11-20 20:55:28
---> Task 31 (Type: CPU_and_Data_Intensive) arriva in 14.12
--- [14.12] Task 31 using SearchNode Policy: v2_ilp_hybrid ---
[14.12] [Task 31] Entering ILP branch (v2)
[ε-constraint energy] sumE_B=1.230448  bound=1.353492  active=False
[ILP] res_type=dict value_preview={'stage': 'B', 'status': 'Optimal', 'primary': 'energy', 'tol': 0.1, 'opt_primary': 1.2304476693031836, 'objective_secondary': 0.7364687261477385, 'sumE': 1.230
[14.12] [Task 31] ILP chose server: STARLINK-11573 [DTC]
[14.12] [Task 31] Routed STARLINK-2116 -> STARLINK-11573 [DTC] | E_NET=0.142409 J | Remaining=119999.78 J
[14.259] Task 31 enqueued on CPU STARLINK-11573 [DTC] qlen_enqueue=1
---> Task 32 (Type: Generic_Service) arriva in 14.49
--- [14.49] Task 32 using SearchNode Policy: v2_ilp_hybrid ---
[14.49] [Task 32] Entering ILP branch (v2)
[ε-constraint energy] sumE_B=0.000904  bound=0.000995  active=False
[ILP] res_type=dict value_preview={'stage': 'B', 'status': 'Optimal', 'primary': 'energy', 'tol': 0.1, 'opt_primary': 0.000904248212749814, 'objective_secondary': 0.0004922348116163369, 'sumE': 
[14.49] [Task 32] ILP chose server: STARLINK-31283
[14.49] [Task 32] Routed STARLINK-6192 -> STARLINK-31283 | E_NET=0.000011 J | Remaining=119999.91 J
[14.491] Task 32 enqueued on CPU STARLINK-31283 qlen_enqueue=1
[Task 32] Task eseguito su STARLINK-31283 76.73284107399728 degrees | CPU=0.0009J, NET=0.0000J, TOTAL=0.0009J, Remaining=119998.32J
[14.493] Task 32 served on STARLINK-31283 qlen_enqueue_cpu=1 qlen_enqueue_net=None time_in_queue=0.000
[MODE: BIDIRECTIONAL]
[32][GREEDY] CONSEGNATO! STARLINK-31283 -> OBS | Tramission-time: 1.2349088560017067e-11
[14.831] Task 31 enqueued on NET STARLINK-11573 [DTC] qlen_enqueue_net=1
[Task 31] Task eseguito su STARLINK-11573 [DTC] 57.50368726784176 degrees | CPU=1.0665J, NET=0.1424J, TOTAL=1.2089J, Remaining=119994.30J
[14.973] Task 31 served on STARLINK-11573 [DTC] qlen_enqueue_cpu=1 qlen_enqueue_net=1 time_in_queue=0.000
[31][GREEDY] STARLINK-11573 [DTC] -> STARLINK-31283 | Tramission-time: 0.0012068495862648401
[31] Energy routing consumed by STARLINK-11573 [DTC]: 0.000000 J (remaining 119994.30)
[MODE: BIDIRECTIONAL]
[31][GREEDY] CONSEGNATO! STARLINK-31283 -> OBS | Tramission-time: 1.169571386339329e-07
---> Task 33 (Type: Generic_Service) arriva in 15.34
--- [15.34] Task 33 using SearchNode Policy: v2_ilp_hybrid ---
[15.34] [Task 33] Entering ILP branch (v2)
[ε-constraint energy] sumE_B=0.016786  bound=0.018465  active=False
[ILP] res_type=dict value_preview={'stage': 'B', 'status': 'Optimal', 'primary': 'energy', 'tol': 0.1, 'opt_primary': 0.016785979500392643, 'objective_secondary': 0.009024804768742546, 'sumE': 0
[15.34] [Task 33] ILP chose server: STARLINK-31283
[15.34] [Task 33] Routed STARLINK-6192 -> STARLINK-31283 | E_NET=0.000024 J | Remaining=119999.91 J
[15.344] Task 33 enqueued on CPU STARLINK-31283 qlen_enqueue=1
[Task 33] Task eseguito su STARLINK-31283 76.73284107399728 degrees | CPU=0.0168J, NET=0.0000J, TOTAL=0.0168J, Remaining=119998.31J
[15.355] Task 33 served on STARLINK-31283 qlen_enqueue_cpu=1 qlen_enqueue_net=None time_in_queue=0.000
[MODE: BIDIRECTIONAL]
[33][GREEDY] CONSEGNATO! STARLINK-31283 -> OBS | Tramission-time: 2.6073379562624726e-11
----------------------------------------------------------------------
	||TIME IN SIMULATION : (seconds:16) (minutes: 0) ||

MODIFICA CONFIGURAZIONE IN CORSO...

Aggiornato il Tempo Globale:  2025-11-20 20:55:30
---> Task 34 (Type: Generic_Service) arriva in 16.22
--- [16.22] Task 34 using SearchNode Policy: v2_ilp_hybrid ---
[16.22] [Task 34] Entering ILP branch (v2)
[ε-constraint energy] sumE_B=0.209532  bound=0.230485  active=False
[ILP] res_type=dict value_preview={'stage': 'B', 'status': 'Optimal', 'primary': 'energy', 'tol': 0.1, 'opt_primary': 0.20953221773318742, 'objective_secondary': 0.11247958724904618, 'sumE': 0.2
[16.22] [Task 34] ILP chose server: STARLINK-31283
[16.22] [Task 34] Routed STARLINK-6192 -> STARLINK-31283 | E_NET=0.000003 J | Remaining=119999.91 J
[16.224] Task 34 enqueued on CPU STARLINK-31283 qlen_enqueue=1
[Task 34] Task eseguito su STARLINK-31283 78.33692476447507 degrees | CPU=0.2095J, NET=0.0000J, TOTAL=0.2095J, Remaining=119998.10J
[16.336] Task 34 served on STARLINK-31283 qlen_enqueue_cpu=1 qlen_enqueue_net=None time_in_queue=0.000
[MODE: BIDIRECTIONAL]
[34][GREEDY] CONSEGNATO! STARLINK-31283 -> OBS | Tramission-time: 3.512424008815436e-12
---> Task 35 (Type: Generic_Service) arriva in 17.04
--- [17.04] Task 35 using SearchNode Policy: v2_ilp_hybrid ---
[17.04] [Task 35] Entering ILP branch (v2)
[ε-constraint energy] sumE_B=0.104632  bound=0.115095  active=False
[ILP] res_type=dict value_preview={'stage': 'B', 'status': 'Optimal', 'primary': 'energy', 'tol': 0.1, 'opt_primary': 0.10463152632548643, 'objective_secondary': 0.05617859990078905, 'sumE': 0.1
[17.04] [Task 35] ILP chose server: STARLINK-31283
[17.04] [Task 35] Routed STARLINK-6192 -> STARLINK-31283 | E_NET=0.000019 J | Remaining=119999.91 J
[17.037] Task 35 enqueued on CPU STARLINK-31283 qlen_enqueue=1
[Task 35] Task eseguito su STARLINK-31283 78.33692476447507 degrees | CPU=0.1046J, NET=0.0000J, TOTAL=0.1046J, Remaining=119997.99J
[17.095] Task 35 served on STARLINK-31283 qlen_enqueue_cpu=1 qlen_enqueue_net=None time_in_queue=0.000
[MODE: BIDIRECTIONAL]
[35][GREEDY] CONSEGNATO! STARLINK-31283 -> OBS | Tramission-time: 1.763736501660183e-11
----------------------------------------------------------------------
	||TIME IN SIMULATION : (seconds:18) (minutes: 0) ||

MODIFICA CONFIGURAZIONE IN CORSO...

Aggiornato il Tempo Globale:  2025-11-20 20:55:32
---> Task 36 (Type: CPU_and_Data_Intensive) arriva in 18.52
--- [18.52] Task 36 using SearchNode Policy: v2_ilp_hybrid ---
[18.52] [Task 36] Entering ILP branch (v2)
[ε-constraint energy] sumE_B=1.242997  bound=1.367296  active=False
[ILP] res_type=dict value_preview={'stage': 'B', 'status': 'Optimal', 'primary': 'energy', 'tol': 0.1, 'opt_primary': 1.2429967019137698, 'objective_secondary': 0.6675198442255904, 'sumE': 1.242
[18.52] [Task 36] ILP chose server: STARLINK-31283
[18.52] [Task 36] Routed STARLINK-6192 -> STARLINK-31283 | E_NET=0.000427 J | Remaining=119999.91 J
[18.522] Task 36 enqueued on CPU STARLINK-31283 qlen_enqueue=1
---> Task 37 (Type: Generic_Service) arriva in 18.83
--- [18.83] Task 37 using SearchNode Policy: v2_ilp_hybrid ---
[18.83] [Task 37] Entering ILP branch (v2)
[ε-constraint energy] sumE_B=0.004854  bound=0.005339  active=False
[ILP] res_type=dict value_preview={'stage': 'B', 'status': 'Optimal', 'primary': 'energy', 'tol': 0.1, 'opt_primary': 0.00485369526352178, 'objective_secondary': 0.0026103119682470287, 'sumE': 0
[18.83] [Task 37] ILP chose server: STARLINK-3127
[18.83] [Task 37] Routed STARLINK-6192 -> STARLINK-3127 | E_NET=0.000007 J | Remaining=119999.91 J
[18.830] Task 37 enqueued on CPU STARLINK-3127 qlen_enqueue=1
[Task 37] Task eseguito su STARLINK-3127 71.02911599800022 degrees | CPU=0.0048J, NET=0.0000J, TOTAL=0.0049J, Remaining=119999.64J
[18.833] Task 37 served on STARLINK-3127 qlen_enqueue_cpu=1 qlen_enqueue_net=None time_in_queue=0.000
[MODE: BIDIRECTIONAL]
[37][GREEDY] CONSEGNATO! STARLINK-3127 -> OBS | Tramission-time: 9.681936366756266e-12
[19.189] Task 36 enqueued on NET STARLINK-31283 qlen_enqueue_net=1
[Task 36] Task eseguito su STARLINK-31283 79.94578643619792 degrees | CPU=1.2424J, NET=0.0004J, TOTAL=1.2428J, Remaining=119996.75J
[19.189] Task 36 served on STARLINK-31283 qlen_enqueue_cpu=1 qlen_enqueue_net=1 time_in_queue=0.000
[MODE: BIDIRECTIONAL]
[36][GREEDY] CONSEGNATO! STARLINK-31283 -> OBS | Tramission-time: 4.5171122694853355e-10
---> Task 38 (Type: CPU_Intensive) arriva in 19.86
--- [19.86] Task 38 using SearchNode Policy: v2_ilp_hybrid ---
[19.86] [Task 38] Entering ILP branch (v2)
[ε-constraint energy] sumE_B=0.858066  bound=0.943872  active=False
[ILP] res_type=dict value_preview={'stage': 'B', 'status': 'Optimal', 'primary': 'energy', 'tol': 0.1, 'opt_primary': 0.8580655577164451, 'objective_secondary': 0.4606155523479308, 'sumE': 0.858
[19.86] [Task 38] ILP chose server: STARLINK-31283
[19.86] [Task 38] Routed STARLINK-6192 -> STARLINK-31283 | E_NET=0.000006 J | Remaining=119999.91 J
[19.858] Task 38 enqueued on CPU STARLINK-31283 qlen_enqueue=1
----------------------------------------------------------------------
	||TIME IN SIMULATION : (seconds:20) (minutes: 0) ||

MODIFICA CONFIGURAZIONE IN CORSO...

Aggiornato il Tempo Globale:  2025-11-20 20:55:34
---> Task 39 (Type: CPU_and_Data_Intensive) arriva in 20.27
--- [20.27] Task 39 using SearchNode Policy: v2_ilp_hybrid ---
[20.27] [Task 39] Entering ILP branch (v2)
[ε-constraint energy] sumE_B=0.438091  bound=0.481900  active=False
[ILP] res_type=dict value_preview={'stage': 'B', 'status': 'Optimal', 'primary': 'energy', 'tol': 0.1, 'opt_primary': 0.4380909975378667, 'objective_secondary': 0.23518937673443793, 'sumE': 0.43
[20.27] [Task 39] ILP chose server: STARLINK-3127
[20.27] [Task 39] Routed STARLINK-6192 -> STARLINK-3127 | E_NET=0.000042 J | Remaining=119999.91 J
[20.267] Task 39 enqueued on CPU STARLINK-3127 qlen_enqueue=1
[Task 38] Task eseguito su STARLINK-31283 81.55002167822568 degrees | CPU=0.8581J, NET=0.0000J, TOTAL=0.8581J, Remaining=119995.89J
[20.319] Task 38 served on STARLINK-31283 qlen_enqueue_cpu=1 qlen_enqueue_net=None time_in_queue=0.000
[MODE: BIDIRECTIONAL]
[38][GREEDY] CONSEGNATO! STARLINK-31283 -> OBS | Tramission-time: 6.51833232131272e-12
[20.502] Task 39 enqueued on NET STARLINK-3127 qlen_enqueue_net=1
[Task 39] Task eseguito su STARLINK-3127 71.66248477686376 degrees | CPU=0.4380J, NET=0.0000J, TOTAL=0.4381J, Remaining=119999.20J
[20.502] Task 39 served on STARLINK-3127 qlen_enqueue_cpu=1 qlen_enqueue_net=1 time_in_queue=0.000
[MODE: BIDIRECTIONAL]
[39][GREEDY] CONSEGNATO! STARLINK-3127 -> OBS | Tramission-time: 3.24341820431617e-11
---> Task 40 (Type: Generic_Service) arriva in 20.72
--- [20.72] Task 40 using SearchNode Policy: v2_ilp_hybrid ---
[20.72] [Task 40] Entering ILP branch (v2)
[ε-constraint energy] sumE_B=0.203081  bound=0.223389  active=False
[ILP] res_type=dict value_preview={'stage': 'B', 'status': 'Optimal', 'primary': 'energy', 'tol': 0.1, 'opt_primary': 0.20308088091698234, 'objective_secondary': 0.10901725997598323, 'sumE': 0.2
[20.72] [Task 40] ILP chose server: STARLINK-31283
[20.72] [Task 40] Routed STARLINK-6192 -> STARLINK-31283 | E_NET=0.000006 J | Remaining=119999.91 J
[20.720] Task 40 enqueued on CPU STARLINK-31283 qlen_enqueue=1
[Task 40] Task eseguito su STARLINK-31283 81.55002167822568 degrees | CPU=0.2031J, NET=0.0000J, TOTAL=0.2031J, Remaining=119995.69J
[20.829] Task 40 served on STARLINK-31283 qlen_enqueue_cpu=1 qlen_enqueue_net=None time_in_queue=0.000
[MODE: BIDIRECTIONAL]
[40][GREEDY] CONSEGNATO! STARLINK-31283 -> OBS | Tramission-time: 5.780990478958149e-12
---> Task 41 (Type: Generic_Service) arriva in 21.03
--- [21.03] Task 41 using SearchNode Policy: v2_ilp_hybrid ---
[21.03] [Task 41] Entering ILP branch (v2)
[ε-constraint energy] sumE_B=0.063145  bound=0.069460  active=False
[ILP] res_type=dict value_preview={'stage': 'B', 'status': 'Optimal', 'primary': 'energy', 'tol': 0.1, 'opt_primary': 0.06314523103100195, 'objective_secondary': 0.03391537952063296, 'sumE': 0.0
[21.03] [Task 41] ILP chose server: STARLINK-31283
[21.03] [Task 41] Routed STARLINK-6192 -> STARLINK-31283 | E_NET=0.000037 J | Remaining=119999.91 J
[21.027] Task 41 enqueued on CPU STARLINK-31283 qlen_enqueue=1
---> Task 42 (Type: CPU_and_Data_Intensive) arriva in 21.06
--- [21.06] Task 42 using SearchNode Policy: v2_ilp_hybrid ---
[21.06] [Task 42] Entering ILP branch (v2)
[ε-constraint energy] sumE_B=0.982481  bound=1.080729  active=False
[ILP] res_type=dict value_preview={'stage': 'B', 'status': 'Optimal', 'primary': 'energy', 'tol': 0.1, 'opt_primary': 0.9824805886321532, 'objective_secondary': 0.5277212152725066, 'sumE': 0.982
[21.06] [Task 42] ILP chose server: STARLINK-3127
[21.06] [Task 42] Routed STARLINK-6192 -> STARLINK-3127 | E_NET=0.000649 J | Remaining=119999.91 J
[21.057] Task 42 enqueued on CPU STARLINK-3127 qlen_enqueue=1
[Task 41] Task eseguito su STARLINK-31283 81.55002167822568 degrees | CPU=0.0631J, NET=0.0000J, TOTAL=0.0631J, Remaining=119995.63J
[21.064] Task 41 served on STARLINK-31283 qlen_enqueue_cpu=1 qlen_enqueue_net=None time_in_queue=0.000
[MODE: BIDIRECTIONAL]
[41][GREEDY] CONSEGNATO! STARLINK-31283 -> OBS | Tramission-time: 2.8451233590648966e-11
---> Task 43 (Type: CPU_and_Data_Intensive) arriva in 21.22
--- [21.22] Task 43 using SearchNode Policy: v2_ilp_hybrid ---
[21.22] [Task 43] Entering ILP branch (v2)
[ε-constraint energy] sumE_B=2.174771  bound=2.392248  active=False
[ILP] res_type=dict value_preview={'stage': 'B', 'status': 'Optimal', 'primary': 'energy', 'tol': 0.1, 'opt_primary': 2.174771041710991, 'objective_secondary': 1.2648030637799719, 'sumE': 2.1747
[21.22] [Task 43] ILP chose server: STARLINK-31283
[21.22] [Task 43] Routed STARLINK-6192 -> STARLINK-31283 | E_NET=0.191744 J | Remaining=119999.71 J
---> Task 44 (Type: CPU_Intensive) arriva in 21.26
--- [21.26] Task 44 using SearchNode Policy: v2_ilp_hybrid ---
[21.26] [Task 44] Entering ILP branch (v2)
[ε-constraint energy] sumE_B=0.139227  bound=0.153150  active=False
[ILP] res_type=dict value_preview={'stage': 'B', 'status': 'Optimal', 'primary': 'energy', 'tol': 0.1, 'opt_primary': 0.1392269933183581, 'objective_secondary': 0.07475577796656552, 'sumE': 0.13
[21.26] [Task 44] ILP chose server: STARLINK-31235
[21.26] [Task 44] Routed STARLINK-2116 -> STARLINK-31235 | E_NET=0.000033 J | Remaining=119999.78 J
[21.259] Task 44 enqueued on CPU STARLINK-31235 qlen_enqueue=1
[Task 44] Task eseguito su STARLINK-31235 43.56932156232474 degrees | CPU=0.1392J, NET=0.0000J, TOTAL=0.1392J, Remaining=119994.84J
[21.336] Task 44 served on STARLINK-31235 qlen_enqueue_cpu=1 qlen_enqueue_net=None time_in_queue=0.000
[44][GREEDY] STARLINK-31235 -> STARLINK-31283 | Tramission-time: 0.001821045331009534
[44] Energy routing consumed by STARLINK-31235: 0.000000 J (remaining 119994.84)
---> Task 45 (Type: Generic_Service) arriva in 21.39
--- [21.39] Task 45 using SearchNode Policy: v2_ilp_hybrid ---
[21.39] [Task 45] Entering ILP branch (v2)
[ε-constraint energy] sumE_B=0.013292  bound=0.014622  active=False
[ILP] res_type=dict value_preview={'stage': 'B', 'status': 'Optimal', 'primary': 'energy', 'tol': 0.1, 'opt_primary': 0.013292348700139393, 'objective_secondary': 0.00714200358206182, 'sumE': 0.
[21.39] [Task 45] ILP chose server: STARLINK-31235
[21.39] [Task 45] Routed STARLINK-2116 -> STARLINK-31235 | E_NET=0.000012 J | Remaining=119999.78 J
[21.394] Task 45 enqueued on CPU STARLINK-31235 qlen_enqueue=1
[Task 45] Task eseguito su STARLINK-31235 43.56932156232474 degrees | CPU=0.0133J, NET=0.0000J, TOTAL=0.0133J, Remaining=119994.82J
[21.402] Task 45 served on STARLINK-31235 qlen_enqueue_cpu=1 qlen_enqueue_net=None time_in_queue=0.000
[21.413] Task 43 enqueued on CPU STARLINK-31283 qlen_enqueue=1
---> Task 46 (Type: Generic_Service) arriva in 21.44
--- [21.44] Task 46 using SearchNode Policy: v2_ilp_hybrid ---
[21.44] [Task 46] Entering ILP branch (v2)
[ε-constraint energy] sumE_B=0.036367  bound=0.040004  active=False
[ILP] res_type=dict value_preview={'stage': 'B', 'status': 'Optimal', 'primary': 'energy', 'tol': 0.1, 'opt_primary': 0.0363673474556269, 'objective_secondary': 0.019525549536177966, 'sumE': 0.0
[21.44] [Task 46] ILP chose server: STARLINK-31235
[21.44] [Task 46] Routed STARLINK-2116 -> STARLINK-31235 | E_NET=0.000006 J | Remaining=119999.78 J
[21.437] Task 46 enqueued on CPU STARLINK-31235 qlen_enqueue=1
[MODE: BIDIRECTIONAL]
[44][GREEDY] CONSEGNATO! STARLINK-31283 -> OBS | Tramission-time: 3.3757734122560565e-11
[45][GREEDY] STARLINK-31235 -> STARLINK-31283 | Tramission-time: 0.0018210453080487166
[45] Energy routing consumed by STARLINK-31235: 0.000000 J (remaining 119994.82)
[Task 46] Task eseguito su STARLINK-31235 43.56932156232474 degrees | CPU=0.0364J, NET=0.0000J, TOTAL=0.0364J, Remaining=119994.79J
[21.457] Task 46 served on STARLINK-31235 qlen_enqueue_cpu=1 qlen_enqueue_net=None time_in_queue=0.000
[MODE: BIDIRECTIONAL]
[45][GREEDY] CONSEGNATO! STARLINK-31283 -> OBS | Tramission-time: 9.786255239199628e-12
[46][GREEDY] STARLINK-31235 -> STARLINK-31283 | Tramission-time: 0.0018210453020646921
[46] Energy routing consumed by STARLINK-31235: 0.000000 J (remaining 119994.79)
---> Task 47 (Type: CPU_Intensive) arriva in 21.55
--- [21.55] Task 47 using SearchNode Policy: v2_ilp_hybrid ---
[21.55] [Task 47] Entering ILP branch (v2)
[ε-constraint energy] sumE_B=0.221653  bound=0.243818  active=False
[ILP] res_type=dict value_preview={'stage': 'B', 'status': 'Optimal', 'primary': 'energy', 'tol': 0.1, 'opt_primary': 0.2216527082806144, 'objective_secondary': 0.11898816765302678, 'sumE': 0.22
[21.55] [Task 47] ILP chose server: STARLINK-31235
[21.55] [Task 47] Routed STARLINK-2116 -> STARLINK-31235 | E_NET=0.000008 J | Remaining=119999.78 J
[21.547] Task 47 enqueued on CPU STARLINK-31235 qlen_enqueue=1
---> Task 48 (Type: CPU_and_Data_Intensive) arriva in 21.56
--- [21.56] Task 48 using SearchNode Policy: v2_ilp_hybrid ---
[21.56] [Task 48] Entering ILP branch (v2)
[ε-constraint energy] sumE_B=0.107200  bound=0.117920  active=False
[ILP] res_type=dict value_preview={'stage': 'B', 'status': 'Optimal', 'primary': 'energy', 'tol': 0.1, 'opt_primary': 0.1071998303181355, 'objective_secondary': 0.05782919342487577, 'sumE': 0.10
[21.56] [Task 48] ILP chose server: STARLINK-31018
[21.56] [Task 48] Routed STARLINK-2116 -> STARLINK-31018 | E_NET=0.000535 J | Remaining=119999.78 J
[21.562] Task 48 enqueued on CPU STARLINK-31018 qlen_enqueue=1
[21.584] Task 42 enqueued on NET STARLINK-3127 qlen_enqueue_net=1
[Task 42] Task eseguito su STARLINK-3127 71.66248477686376 degrees | CPU=0.9818J, NET=0.0006J, TOTAL=0.9824J, Remaining=119998.22J
[21.584] Task 42 served on STARLINK-3127 qlen_enqueue_cpu=1 qlen_enqueue_net=1 time_in_queue=0.000
[21.619] Task 48 enqueued on NET STARLINK-31018 qlen_enqueue_net=1
[Task 48] Task eseguito su STARLINK-31018 52.185811279119484 degrees | CPU=0.1066J, NET=0.0005J, TOTAL=0.1071J, Remaining=119997.81J
[21.620] Task 48 served on STARLINK-31018 qlen_enqueue_cpu=1 qlen_enqueue_net=1 time_in_queue=0.000
[MODE: BIDIRECTIONAL]
[46][GREEDY] CONSEGNATO! STARLINK-31283 -> OBS | Tramission-time: 5.994865025807853e-12
[48][GREEDY] STARLINK-31018 -> STARLINK-31283 | Tramission-time: 0.0014170350323564845
[48] Energy routing consumed by STARLINK-31018: 0.000000 J (remaining 119997.81)
[MODE: BIDIRECTIONAL]
[42][GREEDY] CONSEGNATO! STARLINK-3127 -> OBS | Tramission-time: 5.814310776205302e-10
[Task 47] Task eseguito su STARLINK-31235 43.56932156232474 degrees | CPU=0.2216J, NET=0.0000J, TOTAL=0.2217J, Remaining=119994.57J
[21.667] Task 47 served on STARLINK-31235 qlen_enqueue_cpu=1 qlen_enqueue_net=None time_in_queue=0.000
---> Task 49 (Type: Generic_Service) arriva in 21.72
--- [21.72] Task 49 using SearchNode Policy: v2_ilp_hybrid ---
[21.72] [Task 49] Entering ILP branch (v2)
[ε-constraint energy] sumE_B=0.043822  bound=0.048204  active=False
[ILP] res_type=dict value_preview={'stage': 'B', 'status': 'Optimal', 'primary': 'energy', 'tol': 0.1, 'opt_primary': 0.04382174620892183, 'objective_secondary': 0.023530355920298316, 'sumE': 0.
[21.72] [Task 49] ILP chose server: STARLINK-3127
[21.72] [Task 49] Routed STARLINK-2116 -> STARLINK-3127 | E_NET=0.000012 J | Remaining=119999.78 J
[21.720] Task 49 enqueued on CPU STARLINK-3127 qlen_enqueue=1
[MODE: BIDIRECTIONAL]
[48][GREEDY] CONSEGNATO! STARLINK-31283 -> OBS | Tramission-time: 4.5772883265269465e-10
[47][GREEDY] STARLINK-31235 -> STARLINK-31283 | Tramission-time: 0.0018210453029769678
[47] Energy routing consumed by STARLINK-31235: 0.000000 J (remaining 119994.57)
[Task 49] Task eseguito su STARLINK-3127 71.66248477686376 degrees | CPU=0.0438J, NET=0.0000J, TOTAL=0.0438J, Remaining=119998.17J
[21.744] Task 49 served on STARLINK-3127 qlen_enqueue_cpu=1 qlen_enqueue_net=None time_in_queue=0.000
[MODE: BIDIRECTIONAL]
[49][GREEDY] CONSEGNATO! STARLINK-3127 -> OBS | Tramission-time: 1.3413937651515554e-11
---> Task 50 (Type: Generic_Service) arriva in 21.81
--- [21.81] Task 50 using SearchNode Policy: v2_ilp_hybrid ---
[21.81] [Task 50] Entering ILP branch (v2)
[ε-constraint energy] sumE_B=0.037380  bound=0.041118  active=False
[ILP] res_type=dict value_preview={'stage': 'B', 'status': 'Optimal', 'primary': 'energy', 'tol': 0.1, 'opt_primary': 0.0373800070565077, 'objective_secondary': 0.020072682072120925, 'sumE': 0.0
[21.81] [Task 50] ILP chose server: STARLINK-3127
[21.81] [Task 50] Routed STARLINK-2116 -> STARLINK-3127 | E_NET=0.000012 J | Remaining=119999.78 J
[21.808] Task 50 enqueued on CPU STARLINK-3127 qlen_enqueue=1
[Task 50] Task eseguito su STARLINK-3127 71.66248477686376 degrees | CPU=0.0374J, NET=0.0000J, TOTAL=0.0374J, Remaining=119998.13J
[21.829] Task 50 served on STARLINK-3127 qlen_enqueue_cpu=1 qlen_enqueue_net=None time_in_queue=0.000
[MODE: BIDIRECTIONAL]
[47][GREEDY] CONSEGNATO! STARLINK-31283 -> OBS | Tramission-time: 7.32951050738412e-12
[MODE: BIDIRECTIONAL]
[50][GREEDY] CONSEGNATO! STARLINK-3127 -> OBS | Tramission-time: 1.200764697791825e-11
----------------------------------------------------------------------
	||TIME IN SIMULATION : (seconds:22) (minutes: 0) ||

MODIFICA CONFIGURAZIONE IN CORSO...

Aggiornato il Tempo Globale:  2025-11-20 20:55:36
[22.467] Task 43 enqueued on NET STARLINK-31283 qlen_enqueue_net=1
[Task 43] Task eseguito su STARLINK-31283 83.13339345684072 degrees | CPU=1.9645J, NET=0.1917J, TOTAL=2.1563J, Remaining=119993.47J
[22.659] Task 43 served on STARLINK-31283 qlen_enqueue_cpu=1 qlen_enqueue_net=1 time_in_queue=0.000
[MODE: BIDIRECTIONAL]
[43][GREEDY] CONSEGNATO! STARLINK-31283 -> OBS | Tramission-time: 1.4941634810386113e-07
---> Task 51 (Type: CPU_Intensive) arriva in 22.81
--- [22.81] Task 51 using SearchNode Policy: v2_ilp_hybrid ---
[22.81] [Task 51] Entering ILP branch (v2)
[ε-constraint energy] sumE_B=0.290975  bound=0.320073  active=False
[ILP] res_type=dict value_preview={'stage': 'B', 'status': 'Optimal', 'primary': 'energy', 'tol': 0.1, 'opt_primary': 0.2909752665213515, 'objective_secondary': 0.15619911251637641, 'sumE': 0.29
[22.81] [Task 51] ILP chose server: STARLINK-31131
[22.81] [Task 51] Routed STARLINK-30297 -> STARLINK-31131 | E_NET=0.000005 J | Remaining=120000.00 J
[22.807] Task 51 enqueued on CPU STARLINK-31131 qlen_enqueue=1
---> Task 52 (Type: CPU_Intensive) arriva in 22.91
--- [22.91] Task 52 using SearchNode Policy: v2_ilp_hybrid ---
[22.91] [Task 52] Entering ILP branch (v2)
[ε-constraint energy] sumE_B=0.187704  bound=0.206474  active=False
[ILP] res_type=dict value_preview={'stage': 'B', 'status': 'Optimal', 'primary': 'energy', 'tol': 0.1, 'opt_primary': 0.18770352903112267, 'objective_secondary': 0.10076371202547144, 'sumE': 0.1
[22.91] [Task 52] ILP chose server: STARLINK-31124
[22.91] [Task 52] Routed STARLINK-30297 -> STARLINK-31124 | E_NET=0.000007 J | Remaining=120000.00 J
[22.912] Task 52 enqueued on CPU STARLINK-31124 qlen_enqueue=1
[Task 51] Task eseguito su STARLINK-31131 28.854061605955437 degrees | CPU=0.2910J, NET=0.0000J, TOTAL=0.2910J, Remaining=119999.71J
[22.964] Task 51 served on STARLINK-31131 qlen_enqueue_cpu=1 qlen_enqueue_net=None time_in_queue=0.000
[Task 52] Task eseguito su STARLINK-31124 29.111970023132052 degrees | CPU=0.1877J, NET=0.0000J, TOTAL=0.1877J, Remaining=119999.81J
[23.013] Task 52 served on STARLINK-31124 qlen_enqueue_cpu=1 qlen_enqueue_net=None time_in_queue=0.000
[51][GREEDY] STARLINK-31131 -> STARLINK-30297 | Tramission-time: 0.0017972258875709106
[51] Energy routing consumed by STARLINK-31131: 0.000000 J (remaining 119999.71)
[52][GREEDY] STARLINK-31124 -> STARLINK-3127 | Tramission-time: 0.0020866266971268734
[52] Energy routing consumed by STARLINK-31124: 0.000000 J (remaining 119999.81)
[MODE: BIDIRECTIONAL]
[52][GREEDY] CONSEGNATO! STARLINK-3127 -> OBS | Tramission-time: 5.6858097162947406e-12
[MODE: BIDIRECTIONAL]
[51][GREEDY] CONSEGNATO! STARLINK-30297 -> OBS | Tramission-time: 4.6011485803202395e-12
----------------------------------------------------------------------
	||TIME IN SIMULATION : (seconds:24) (minutes: 0) ||

MODIFICA CONFIGURAZIONE IN CORSO...

Aggiornato il Tempo Globale:  2025-11-20 20:55:38
---> Task 53 (Type: Generic_Service) arriva in 24.54
--- [24.54] Task 53 using SearchNode Policy: v2_ilp_hybrid ---
[24.54] [Task 53] Entering ILP branch (v2)
[ε-constraint energy] sumE_B=0.043976  bound=0.048373  active=False
[ILP] res_type=dict value_preview={'stage': 'B', 'status': 'Optimal', 'primary': 'energy', 'tol': 0.1, 'opt_primary': 0.043975848071273735, 'objective_secondary': 0.023612407159810306, 'sumE': 0
[24.54] [Task 53] ILP chose server: STARLINK-31751
[24.54] [Task 53] Routed STARLINK-6246 -> STARLINK-31751 | E_NET=0.000010 J | Remaining=120000.00 J
[24.541] Task 53 enqueued on CPU STARLINK-31751 qlen_enqueue=1
[Task 53] Task eseguito su STARLINK-31751 45.436524971119454 degrees | CPU=0.0440J, NET=0.0000J, TOTAL=0.0440J, Remaining=119999.96J
[24.565] Task 53 served on STARLINK-31751 qlen_enqueue_cpu=1 qlen_enqueue_net=None time_in_queue=0.000
[53][GREEDY] STARLINK-31751 -> STARLINK-31283 | Tramission-time: 0.0013961743119109446
[53] Energy routing consumed by STARLINK-31751: 0.000000 J (remaining 119999.96)
[MODE: BIDIRECTIONAL]
[53][GREEDY] CONSEGNATO! STARLINK-31283 -> OBS | Tramission-time: 1.0647851226651206e-11
---> Task 54 (Type: CPU_Intensive) arriva in 25.02
--- [25.02] Task 54 using SearchNode Policy: v2_ilp_hybrid ---
[25.02] [Task 54] Entering ILP branch (v2)
[ε-constraint energy] sumE_B=1.230708  bound=1.353779  active=False
[ILP] res_type=dict value_preview={'stage': 'B', 'status': 'Optimal', 'primary': 'energy', 'tol': 0.1, 'opt_primary': 1.2307082041240727, 'objective_secondary': 0.6606500665583828, 'sumE': 1.230
[25.02] [Task 54] ILP chose server: STARLINK-31751
[25.02] [Task 54] Routed STARLINK-6246 -> STARLINK-31751 | E_NET=0.000005 J | Remaining=120000.00 J
[25.018] Task 54 enqueued on CPU STARLINK-31751 qlen_enqueue=1
[Task 54] Task eseguito su STARLINK-31751 45.436524971119454 degrees | CPU=1.2307J, NET=0.0000J, TOTAL=1.2307J, Remaining=119998.73J
[25.679] Task 54 served on STARLINK-31751 qlen_enqueue_cpu=1 qlen_enqueue_net=None time_in_queue=0.000
[54][GREEDY] STARLINK-31751 -> STARLINK-31283 | Tramission-time: 0.0013961743067191332
[54] Energy routing consumed by STARLINK-31751: 0.000000 J (remaining 119998.73)
---> Task 55 (Type: CPU_and_Data_Intensive) arriva in 25.79
--- [25.79] Task 55 using SearchNode Policy: v2_ilp_hybrid ---
[25.79] [Task 55] Entering ILP branch (v2)
[ε-constraint energy] sumE_B=0.383005  bound=0.421306  active=False
[ILP] res_type=dict value_preview={'stage': 'B', 'status': 'Optimal', 'primary': 'energy', 'tol': 0.1, 'opt_primary': 0.38300512888262805, 'objective_secondary': 0.20799568976592794, 'sumE': 0.3
[25.79] [Task 55] ILP chose server: STARLINK-31751
[25.79] [Task 55] Routed STARLINK-6246 -> STARLINK-31751 | E_NET=0.004087 J | Remaining=120000.00 J
[25.795] Task 55 enqueued on CPU STARLINK-31751 qlen_enqueue=1
[MODE: BIDIRECTIONAL]
[54][GREEDY] CONSEGNATO! STARLINK-31283 -> OBS | Tramission-time: 4.846360819046577e-12
[25.998] Task 55 enqueued on NET STARLINK-31751 qlen_enqueue_net=1
----------------------------------------------------------------------
	||TIME IN SIMULATION : (seconds:26) (minutes: 0) ||

MODIFICA CONFIGURAZIONE IN CORSO...

Aggiornato il Tempo Globale:  2025-11-20 20:55:40
[Task 55] Task eseguito su STARLINK-31751 45.89574427713046 degrees | CPU=0.3778J, NET=0.0041J, TOTAL=0.3819J, Remaining=119998.34J
[26.002] Task 55 served on STARLINK-31751 qlen_enqueue_cpu=1 qlen_enqueue_net=1 time_in_queue=0.000
[55][GREEDY] STARLINK-31751 -> STARLINK-31283 | Tramission-time: 0.0014163075955382996
[55] Energy routing consumed by STARLINK-31751: 0.000000 J (remaining 119998.34)
[MODE: BIDIRECTIONAL]
[55][GREEDY] CONSEGNATO! STARLINK-31283 -> OBS | Tramission-time: 4.199869250803615e-09
---> Task 56 (Type: CPU_Intensive) arriva in 26.29
--- [26.29] Task 56 using SearchNode Policy: v2_ilp_hybrid ---
[26.29] [Task 56] Entering ILP branch (v2)
[ε-constraint energy] sumE_B=2.689686  bound=2.958654  active=False
[ILP] res_type=dict value_preview={'stage': 'B', 'status': 'Optimal', 'primary': 'energy', 'tol': 0.1, 'opt_primary': 2.689685716003982, 'objective_secondary': 1.4438484350001404, 'sumE': 2.6896
[26.29] [Task 56] ILP chose server: STARLINK-31777
[26.29] [Task 56] Routed STARLINK-6246 -> STARLINK-31777 | E_NET=0.000029 J | Remaining=120000.00 J
---> Task 57 (Type: CPU_Intensive) arriva in 26.30
--- [26.30] Task 57 using SearchNode Policy: v2_ilp_hybrid ---
[26.30] [Task 57] Entering ILP branch (v2)
[ε-constraint energy] sumE_B=0.730174  bound=0.803192  active=False
[ILP] res_type=dict value_preview={'stage': 'B', 'status': 'Optimal', 'primary': 'energy', 'tol': 0.1, 'opt_primary': 0.7301744629909105, 'objective_secondary': 0.3919716767355461, 'sumE': 0.730
[26.30] [Task 57] ILP chose server: STARLINK-31777
[26.30] [Task 57] Routed STARLINK-6246 -> STARLINK-31777 | E_NET=0.000019 J | Remaining=120000.00 J
[26.297] Task 56 enqueued on CPU STARLINK-31777 qlen_enqueue=1
[Task 57] REJECTED on STARLINK-31777 due to: Deadline Exceeded
[26.30] [Task 57] assignment failed on STARLINK-31777 reason=None
[FALLBACK-ILP-C1][26.30] Task 57 tenta su STARLINK-31018 (tentativo 1)
[26.30] [Task 57] Routed STARLINK-6246 -> STARLINK-31018 | E_NET=0.000025 J | Remaining=120000.00 J
[26.299] Task 57 enqueued on CPU STARLINK-31018 qlen_enqueue=1
---> Task 58 (Type: Generic_Service) arriva in 26.48
--- [26.48] Task 58 using SearchNode Policy: v2_ilp_hybrid ---
[26.48] [Task 58] Entering ILP branch (v2)
[ε-constraint energy] sumE_B=0.078480  bound=0.086328  active=False
[ILP] res_type=dict value_preview={'stage': 'B', 'status': 'Optimal', 'primary': 'energy', 'tol': 0.1, 'opt_primary': 0.07847996026478013, 'objective_secondary': 0.04213232746371999, 'sumE': 0.0
[26.48] [Task 58] ILP chose server: STARLINK-31751
[26.48] [Task 58] Routed STARLINK-6246 -> STARLINK-31751 | E_NET=0.000007 J | Remaining=120000.00 J
[26.485] Task 58 enqueued on CPU STARLINK-31751 qlen_enqueue=1
[Task 58] Task eseguito su STARLINK-31751 45.89574427713046 degrees | CPU=0.0785J, NET=0.0000J, TOTAL=0.0785J, Remaining=119998.26J
[26.528] Task 58 served on STARLINK-31751 qlen_enqueue_cpu=1 qlen_enqueue_net=None time_in_queue=0.000
[58][GREEDY] STARLINK-31751 -> STARLINK-31283 | Tramission-time: 0.001416303325830301
[58] Energy routing consumed by STARLINK-31751: 0.000000 J (remaining 119998.26)
[MODE: BIDIRECTIONAL]
[58][GREEDY] CONSEGNATO! STARLINK-31283 -> OBS | Tramission-time: 5.969947687780525e-12
[Task 57] Task eseguito su STARLINK-31018 49.326044270804 degrees | CPU=0.7301J, NET=0.0000J, TOTAL=0.7302J, Remaining=119997.08J
[26.693] Task 57 served on STARLINK-31018 qlen_enqueue_cpu=1 qlen_enqueue_net=None time_in_queue=0.000
[57][GREEDY] STARLINK-31018 -> STARLINK-31283 | Tramission-time: 0.0014124539808537567
[57] Energy routing consumed by STARLINK-31018: 0.000000 J (remaining 119997.08)
[MODE: BIDIRECTIONAL]
[57][GREEDY] CONSEGNATO! STARLINK-31283 -> OBS | Tramission-time: 2.0893739721183177e-11
---> Task 59 (Type: CPU_and_Data_Intensive) arriva in 27.10
--- [27.10] Task 59 using SearchNode Policy: v2_ilp_hybrid ---
[27.10] [Task 59] Entering ILP branch (v2)
[ε-constraint energy] sumE_B=0.506953  bound=0.557648  active=False
[ILP] res_type=dict value_preview={'stage': 'B', 'status': 'Optimal', 'primary': 'energy', 'tol': 0.1, 'opt_primary': 0.5069527322347438, 'objective_secondary': 0.2736132170526207, 'sumE': 0.506
[27.10] [Task 59] ILP chose server: STARLINK-31751
[27.10] [Task 59] Routed STARLINK-6246 -> STARLINK-31751 | E_NET=0.002537 J | Remaining=119999.99 J
[27.102] Task 59 enqueued on CPU STARLINK-31751 qlen_enqueue=1
[27.372] Task 59 enqueued on NET STARLINK-31751 qlen_enqueue_net=1
[Task 59] Task eseguito su STARLINK-31751 45.89574427713046 degrees | CPU=0.5038J, NET=0.0025J, TOTAL=0.5063J, Remaining=119997.76J
[27.375] Task 59 served on STARLINK-31751 qlen_enqueue_cpu=1 qlen_enqueue_net=1 time_in_queue=0.000
[59][GREEDY] STARLINK-31751 -> STARLINK-31283 | Tramission-time: 0.0014163060897141335
[59] Energy routing consumed by STARLINK-31751: 0.000000 J (remaining 119997.76)
[MODE: BIDIRECTIONAL]
[59][GREEDY] CONSEGNATO! STARLINK-31283 -> OBS | Tramission-time: 2.207628557871436e-09
[Task 56] Task eseguito su STARLINK-31777 58.17783892324903 degrees | CPU=2.6896J, NET=0.0000J, TOTAL=2.6897J, Remaining=119997.28J
[27.743] Task 56 served on STARLINK-31777 qlen_enqueue_cpu=1 qlen_enqueue_net=None time_in_queue=0.000
[56][GREEDY] STARLINK-31777 -> STARLINK-31283 | Tramission-time: 0.0010975633561251033
[56] Energy routing consumed by STARLINK-31777: 0.000000 J (remaining 119997.28)
[MODE: BIDIRECTIONAL]
[56][GREEDY] CONSEGNATO! STARLINK-31283 -> OBS | Tramission-time: 3.0636806487895425e-11
---> Task 60 (Type: CPU_Intensive) arriva in 27.90
--- [27.90] Task 60 using SearchNode Policy: v2_ilp_hybrid ---
[27.90] [Task 60] Entering ILP branch (v2)
[ε-constraint energy] sumE_B=0.659895  bound=0.725884  active=False
[ILP] res_type=dict value_preview={'stage': 'B', 'status': 'Optimal', 'primary': 'energy', 'tol': 0.1, 'opt_primary': 0.6598947248099611, 'objective_secondary': 0.35423955303806903, 'sumE': 0.65
[27.90] [Task 60] ILP chose server: STARLINK-31777
[27.90] [Task 60] Routed STARLINK-6246 -> STARLINK-31777 | E_NET=0.000010 J | Remaining=119999.99 J
[27.900] Task 60 enqueued on CPU STARLINK-31777 qlen_enqueue=1
----------------------------------------------------------------------
	||TIME IN SIMULATION : (seconds:28) (minutes: 0) ||

MODIFICA CONFIGURAZIONE IN CORSO...

Aggiornato il Tempo Globale:  2025-11-20 20:55:42
[Task 60] Task eseguito su STARLINK-31777 57.07716530248274 degrees | CPU=0.6599J, NET=0.0000J, TOTAL=0.6599J, Remaining=119996.62J
[28.255] Task 60 served on STARLINK-31777 qlen_enqueue_cpu=1 qlen_enqueue_net=None time_in_queue=0.000
[60][GREEDY] STARLINK-31777 -> STARLINK-31283 | Tramission-time: 0.0010926619814402294
[60] Energy routing consumed by STARLINK-31777: 0.000000 J (remaining 119996.62)
[MODE: BIDIRECTIONAL]
[60][GREEDY] CONSEGNATO! STARLINK-31283 -> OBS | Tramission-time: 1.1218604914893833e-11
---> Task 61 (Type: CPU_and_Data_Intensive) arriva in 28.27
--- [28.27] Task 61 using SearchNode Policy: v2_ilp_hybrid ---
[28.27] [Task 61] Entering ILP branch (v2)
[ε-constraint energy] sumE_B=0.747217  bound=0.821938  active=False
[ILP] res_type=dict value_preview={'stage': 'B', 'status': 'Optimal', 'primary': 'energy', 'tol': 0.1, 'opt_primary': 0.7472165828283641, 'objective_secondary': 0.40301923987255, 'sumE': 0.74721
[28.27] [Task 61] ILP chose server: STARLINK-31777
[28.27] [Task 61] Routed STARLINK-6246 -> STARLINK-31777 | E_NET=0.002958 J | Remaining=119999.99 J
[28.273] Task 61 enqueued on CPU STARLINK-31777 qlen_enqueue=1
[28.672] Task 61 enqueued on NET STARLINK-31777 qlen_enqueue_net=1
[Task 61] Task eseguito su STARLINK-31777 57.07716530248274 degrees | CPU=0.7431J, NET=0.0030J, TOTAL=0.7460J, Remaining=119995.87J
[28.675] Task 61 served on STARLINK-31777 qlen_enqueue_cpu=1 qlen_enqueue_net=1 time_in_queue=0.000
---> Task 62 (Type: Generic_Service) arriva in 28.76
--- [28.76] Task 62 using SearchNode Policy: v2_ilp_hybrid ---
[28.76] [Task 62] Entering ILP branch (v2)
[ε-constraint energy] sumE_B=0.007487  bound=0.008235  active=False
[ILP] res_type=dict value_preview={'stage': 'B', 'status': 'Optimal', 'primary': 'energy', 'tol': 0.1, 'opt_primary': 0.007486570249678171, 'objective_secondary': 0.004024419293662683, 'sumE': 0
[28.76] [Task 62] ILP chose server: STARLINK-31777
[28.76] [Task 62] Routed STARLINK-6246 -> STARLINK-31777 | E_NET=0.000009 J | Remaining=119999.99 J
[28.758] Task 62 enqueued on CPU STARLINK-31777 qlen_enqueue=1
[61][GREEDY] STARLINK-31777 -> STARLINK-31283 | Tramission-time: 0.0010926649559546298
[61] Energy routing consumed by STARLINK-31777: 0.000000 J (remaining 119995.87)
[MODE: BIDIRECTIONAL]
[61][GREEDY] CONSEGNATO! STARLINK-31283 -> OBS | Tramission-time: 3.3994881509617592e-09
[Task 62] Task eseguito su STARLINK-31777 57.07716530248274 degrees | CPU=0.0075J, NET=0.0000J, TOTAL=0.0075J, Remaining=119995.87J
[28.763] Task 62 served on STARLINK-31777 qlen_enqueue_cpu=1 qlen_enqueue_net=None time_in_queue=0.000
[62][GREEDY] STARLINK-31777 -> STARLINK-31283 | Tramission-time: 0.0010926619793437792
[62] Energy routing consumed by STARLINK-31777: 0.000000 J (remaining 119995.87)
[MODE: BIDIRECTIONAL]
[62][GREEDY] CONSEGNATO! STARLINK-31283 -> OBS | Tramission-time: 8.101079344767046e-12
---> Task 63 (Type: CPU_Intensive) arriva in 29.58
--- [29.58] Task 63 using SearchNode Policy: v2_ilp_hybrid ---
[29.58] [Task 63] Entering ILP branch (v2)
[ε-constraint energy] sumE_B=0.024163  bound=0.026579  active=False
[ILP] res_type=dict value_preview={'stage': 'B', 'status': 'Optimal', 'primary': 'energy', 'tol': 0.1, 'opt_primary': 0.02416285238599212, 'objective_secondary': 0.012988246765931388, 'sumE': 0.
[29.58] [Task 63] ILP chose server: STARLINK-31777
[29.58] [Task 63] Routed STARLINK-6246 -> STARLINK-31777 | E_NET=0.000027 J | Remaining=119999.99 J
[29.581] Task 63 enqueued on CPU STARLINK-31777 qlen_enqueue=1
[Task 63] Task eseguito su STARLINK-31777 57.07716530248274 degrees | CPU=0.0241J, NET=0.0000J, TOTAL=0.0242J, Remaining=119995.84J
[29.596] Task 63 served on STARLINK-31777 qlen_enqueue_cpu=1 qlen_enqueue_net=None time_in_queue=0.000
[63][GREEDY] STARLINK-31777 -> STARLINK-31283 | Tramission-time: 0.0010926620009589552
[63] Energy routing consumed by STARLINK-31777: 0.000000 J (remaining 119995.84)
[MODE: BIDIRECTIONAL]
[63][GREEDY] CONSEGNATO! STARLINK-31283 -> OBS | Tramission-time: 3.373391349689683e-11
---> Task 64 (Type: CPU_Intensive) arriva in 29.85
--- [29.85] Task 64 using SearchNode Policy: v2_ilp_hybrid ---
[29.85] [Task 64] Entering ILP branch (v2)
[ε-constraint energy] sumE_B=0.902826  bound=0.993108  active=False
[ILP] res_type=dict value_preview={'stage': 'B', 'status': 'Optimal', 'primary': 'energy', 'tol': 0.1, 'opt_primary': 0.9028256106783602, 'objective_secondary': 0.4846525548768531, 'sumE': 0.902
[29.85] [Task 64] ILP chose server: STARLINK-31777
[29.85] [Task 64] Routed STARLINK-6246 -> STARLINK-31777 | E_NET=0.000021 J | Remaining=119999.99 J
[29.854] Task 64 enqueued on CPU STARLINK-31777 qlen_enqueue=1
---> Task 65 (Type: CPU_Intensive) arriva in 29.96
--- [29.96] Task 65 using SearchNode Policy: v2_ilp_hybrid ---
[29.96] [Task 65] Entering ILP branch (v2)
[ε-constraint energy] sumE_B=0.700561  bound=0.770617  active=False
[ILP] res_type=dict value_preview={'stage': 'B', 'status': 'Optimal', 'primary': 'energy', 'tol': 0.1, 'opt_primary': 0.7005606476268531, 'objective_secondary': 0.37607414405498807, 'sumE': 0.70
[29.96] [Task 65] ILP chose server: STARLINK-31751
[29.96] [Task 65] Routed STARLINK-6246 -> STARLINK-31751 | E_NET=0.000021 J | Remaining=119999.99 J
[29.961] Task 65 enqueued on CPU STARLINK-31751 qlen_enqueue=1
----------------------------------------------------------------------
	||TIME IN SIMULATION : (seconds:30) (minutes: 0) ||

MODIFICA CONFIGURAZIONE IN CORSO...

Aggiornato il Tempo Globale:  2025-11-20 20:55:44
[Task 65] Task eseguito su STARLINK-31751 46.75657543912983 degrees | CPU=0.7005J, NET=0.0000J, TOTAL=0.7006J, Remaining=119997.06J
[30.339] Task 65 served on STARLINK-31751 qlen_enqueue_cpu=1 qlen_enqueue_net=None time_in_queue=0.000
[Task 64] Task eseguito su STARLINK-31777 55.985911371082004 degrees | CPU=0.9028J, NET=0.0000J, TOTAL=0.9028J, Remaining=119994.94J
[30.340] Task 64 served on STARLINK-31777 qlen_enqueue_cpu=1 qlen_enqueue_net=None time_in_queue=0.000
[64][GREEDY] STARLINK-31777 -> STARLINK-31866 | Tramission-time: 0.0012848945960031162
[64] Energy routing consumed by STARLINK-31777: 0.000000 J (remaining 119994.94)
[MODE: BIDIRECTIONAL]
[64][GREEDY] CONSEGNATO! STARLINK-31866 -> OBS | Tramission-time: 2.38313477562782e-11
[65][GREEDY] STARLINK-31751 -> STARLINK-31866 | Tramission-time: 0.0016256129281796371
[65] Energy routing consumed by STARLINK-31751: 0.000000 J (remaining 119997.06)
[MODE: BIDIRECTIONAL]
[65][GREEDY] CONSEGNATO! STARLINK-31866 -> OBS | Tramission-time: 1.9176423187463934e-11
---> Task 66 (Type: Generic_Service) arriva in 31.36
--- [31.36] Task 66 using SearchNode Policy: v2_ilp_hybrid ---
[31.36] [Task 66] Entering ILP branch (v2)
[ε-constraint energy] sumE_B=0.066737  bound=0.073411  active=False
[ILP] res_type=dict value_preview={'stage': 'B', 'status': 'Optimal', 'primary': 'energy', 'tol': 0.1, 'opt_primary': 0.06673726077191101, 'objective_secondary': 0.03583246647166788, 'sumE': 0.0
[31.36] [Task 66] ILP chose server: STARLINK-11403 [DTC]
[31.36] [Task 66] Routed STARLINK-30971 -> STARLINK-11403 [DTC] | E_NET=0.000013 J | Remaining=120000.00 J
[31.358] Task 66 enqueued on CPU STARLINK-11403 [DTC] qlen_enqueue=1
[Task 66] Task eseguito su STARLINK-11403 [DTC] 41.55083140850741 degrees | CPU=0.0667J, NET=0.0000J, TOTAL=0.0667J, Remaining=119999.15J
[31.395] Task 66 served on STARLINK-11403 [DTC] qlen_enqueue_cpu=1 qlen_enqueue_net=None time_in_queue=0.000
[MODE: BIDIRECTIONAL]
[66][GREEDY] CONSEGNATO! STARLINK-11403 [DTC] -> OBS | Tramission-time: 1.2703149145908433e-11
---> Task 67 (Type: CPU_Intensive) arriva in 31.48
--- [31.48] Task 67 using SearchNode Policy: v2_ilp_hybrid ---
[31.48] [Task 67] Entering ILP branch (v2)
[ε-constraint energy] sumE_B=0.615522  bound=0.677075  active=False
[ILP] res_type=dict value_preview={'stage': 'B', 'status': 'Optimal', 'primary': 'energy', 'tol': 0.1, 'opt_primary': 0.6155224567367331, 'objective_secondary': 0.3304231195887035, 'sumE': 0.615
[31.48] [Task 67] ILP chose server: STARLINK-11403 [DTC]
[31.48] [Task 67] Routed STARLINK-30971 -> STARLINK-11403 [DTC] | E_NET=0.000015 J | Remaining=120000.00 J
[31.482] Task 67 enqueued on CPU STARLINK-11403 [DTC] qlen_enqueue=1
[Task 67] Task eseguito su STARLINK-11403 [DTC] 41.55083140850741 degrees | CPU=0.6155J, NET=0.0000J, TOTAL=0.6155J, Remaining=119998.53J
[31.814] Task 67 served on STARLINK-11403 [DTC] qlen_enqueue_cpu=1 qlen_enqueue_net=None time_in_queue=0.000
[MODE: BIDIRECTIONAL]
[67][GREEDY] CONSEGNATO! STARLINK-11403 [DTC] -> OBS | Tramission-time: 1.5695486246206933e-11
----------------------------------------------------------------------
	||TIME IN SIMULATION : (seconds:32) (minutes: 0) ||

MODIFICA CONFIGURAZIONE IN CORSO...

Aggiornato il Tempo Globale:  2025-11-20 20:55:46
---> Task 68 (Type: Generic_Service) arriva in 32.04
--- [32.04] Task 68 using SearchNode Policy: v2_ilp_hybrid ---
[32.04] [Task 68] Entering ILP branch (v2)
[ε-constraint energy] sumE_B=0.116757  bound=0.128433  active=False
[ILP] res_type=dict value_preview={'stage': 'B', 'status': 'Optimal', 'primary': 'energy', 'tol': 0.1, 'opt_primary': 0.11675729483912414, 'objective_secondary': 0.06267857964088897, 'sumE': 0.1
[32.04] [Task 68] ILP chose server: STARLINK-11403 [DTC]
[32.04] [Task 68] Routed STARLINK-30971 -> STARLINK-11403 [DTC] | E_NET=0.000006 J | Remaining=120000.00 J
[32.045] Task 68 enqueued on CPU STARLINK-11403 [DTC] qlen_enqueue=1
[Task 68] Task eseguito su STARLINK-11403 [DTC] 42.70450867440123 degrees | CPU=0.1168J, NET=0.0000J, TOTAL=0.1168J, Remaining=119998.42J
[32.108] Task 68 served on STARLINK-11403 [DTC] qlen_enqueue_cpu=1 qlen_enqueue_net=None time_in_queue=0.000
[MODE: BIDIRECTIONAL]
[68][GREEDY] CONSEGNATO! STARLINK-11403 [DTC] -> OBS | Tramission-time: 5.992311302794396e-12
---> Task 69 (Type: CPU_and_Data_Intensive) arriva in 33.62
--- [33.62] Task 69 using SearchNode Policy: v2_ilp_hybrid ---
[33.62] [Task 69] Entering ILP branch (v2)
[ε-constraint energy] sumE_B=0.842942  bound=0.927237  active=False
[ILP] res_type=dict value_preview={'stage': 'B', 'status': 'Optimal', 'primary': 'energy', 'tol': 0.1, 'opt_primary': 0.8429423952984171, 'objective_secondary': 0.4528676730359083, 'sumE': 0.842
[33.62] [Task 69] ILP chose server: STARLINK-11403 [DTC]
[33.62] [Task 69] Routed STARLINK-30971 -> STARLINK-11403 [DTC] | E_NET=0.000732 J | Remaining=120000.00 J
[33.621] Task 69 enqueued on CPU STARLINK-11403 [DTC] qlen_enqueue=1
----------------------------------------------------------------------
	||TIME IN SIMULATION : (seconds:34) (minutes: 0) ||

MODIFICA CONFIGURAZIONE IN CORSO...

Aggiornato il Tempo Globale:  2025-11-20 20:55:48
[34.073] Task 69 enqueued on NET STARLINK-11403 [DTC] qlen_enqueue_net=1
[Task 69] Task eseguito su STARLINK-11403 [DTC] 43.90194680107706 degrees | CPU=0.8421J, NET=0.0007J, TOTAL=0.8429J, Remaining=119997.57J
[34.074] Task 69 served on STARLINK-11403 [DTC] qlen_enqueue_cpu=1 qlen_enqueue_net=1 time_in_queue=0.000
[MODE: BIDIRECTIONAL]
[69][GREEDY] CONSEGNATO! STARLINK-11403 [DTC] -> OBS | Tramission-time: 6.111897031246777e-10
---> Task 70 (Type: CPU_and_Data_Intensive) arriva in 34.57
--- [34.57] Task 70 using SearchNode Policy: v2_ilp_hybrid ---
[34.57] [Task 70] Entering ILP branch (v2)
[ε-constraint energy] sumE_B=2.029435  bound=2.232378  active=False
[ILP] res_type=dict value_preview={'stage': 'B', 'status': 'Optimal', 'primary': 'energy', 'tol': 0.1, 'opt_primary': 2.0294348302690577, 'objective_secondary': 1.089604700207379, 'sumE': 2.0294
[34.57] [Task 70] ILP chose server: STARLINK-11403 [DTC]
[34.57] [Task 70] Routed STARLINK-30971 -> STARLINK-11403 [DTC] | E_NET=0.000423 J | Remaining=120000.00 J
[34.571] Task 70 enqueued on CPU STARLINK-11403 [DTC] qlen_enqueue=1
---> Task 71 (Type: CPU_and_Data_Intensive) arriva in 35.02
--- [35.02] Task 71 using SearchNode Policy: v2_ilp_hybrid ---
[35.02] [Task 71] Entering ILP branch (v2)
[ε-constraint energy] sumE_B=0.723090  bound=0.795399  active=False
[ILP] res_type=dict value_preview={'stage': 'B', 'status': 'Optimal', 'primary': 'energy', 'tol': 0.1, 'opt_primary': 0.7230902421604393, 'objective_secondary': 0.38820844983492764, 'sumE': 0.72
[35.02] [Task 71] ILP chose server: STARLINK-1826
[35.02] [Task 71] Routed STARLINK-30971 -> STARLINK-1826 | E_NET=0.000081 J | Remaining=120000.00 J
[35.020] Task 71 enqueued on CPU STARLINK-1826 qlen_enqueue=1
[35.408] Task 71 enqueued on NET STARLINK-1826 qlen_enqueue_net=1
[Task 71] Task eseguito su STARLINK-1826 26.438409738148884 degrees | CPU=0.7230J, NET=0.0001J, TOTAL=0.7231J, Remaining=119999.28J
[35.408] Task 71 served on STARLINK-1826 qlen_enqueue_cpu=1 qlen_enqueue_net=1 time_in_queue=0.000
[71][GREEDY] STARLINK-1826 -> STARLINK-11403 [DTC] | Tramission-time: 0.0016629147835044605
[71] Energy routing consumed by STARLINK-1826: 0.000000 J (remaining 119999.28)
[MODE: BIDIRECTIONAL]
[71][GREEDY] CONSEGNATO! STARLINK-11403 [DTC] -> OBS | Tramission-time: 9.748935831490636e-11
[35.660] Task 70 enqueued on NET STARLINK-11403 [DTC] qlen_enqueue_net=1
[Task 70] Task eseguito su STARLINK-11403 [DTC] 43.90194680107706 degrees | CPU=2.0290J, NET=0.0004J, TOTAL=2.0294J, Remaining=119995.54J
[35.661] Task 70 served on STARLINK-11403 [DTC] qlen_enqueue_cpu=1 qlen_enqueue_net=1 time_in_queue=0.000
[MODE: BIDIRECTIONAL]
[70][GREEDY] CONSEGNATO! STARLINK-11403 [DTC] -> OBS | Tramission-time: 3.6379371121580943e-10
---> Task 72 (Type: Generic_Service) arriva in 35.73
--- [35.73] Task 72 using SearchNode Policy: v2_ilp_hybrid ---
[35.73] [Task 72] Entering ILP branch (v2)
[ε-constraint energy] sumE_B=0.154826  bound=0.170309  active=False
[ILP] res_type=dict value_preview={'stage': 'B', 'status': 'Optimal', 'primary': 'energy', 'tol': 0.1, 'opt_primary': 0.1548264355646302, 'objective_secondary': 0.08311478108475517, 'sumE': 0.15
[35.73] [Task 72] ILP chose server: STARLINK-11403 [DTC]
[35.73] [Task 72] Routed STARLINK-30971 -> STARLINK-11403 [DTC] | E_NET=0.000008 J | Remaining=120000.00 J
[35.734] Task 72 enqueued on CPU STARLINK-11403 [DTC] qlen_enqueue=1
[Task 72] Task eseguito su STARLINK-11403 [DTC] 43.90194680107706 degrees | CPU=0.1548J, NET=0.0000J, TOTAL=0.1548J, Remaining=119995.39J
[35.818] Task 72 served on STARLINK-11403 [DTC] qlen_enqueue_cpu=1 qlen_enqueue_net=None time_in_queue=0.000
[MODE: BIDIRECTIONAL]
[72][GREEDY] CONSEGNATO! STARLINK-11403 [DTC] -> OBS | Tramission-time: 6.001959029478331e-12
----------------------------------------------------------------------
	||TIME IN SIMULATION : (seconds:36) (minutes: 0) ||

MODIFICA CONFIGURAZIONE IN CORSO...

Aggiornato il Tempo Globale:  2025-11-20 20:55:50
---> Task 73 (Type: Generic_Service) arriva in 36.30
--- [36.30] Task 73 using SearchNode Policy: v2_ilp_hybrid ---
[36.30] [Task 73] Entering ILP branch (v2)
[ε-constraint energy] sumE_B=0.126920  bound=0.139612  active=False
[ILP] res_type=dict value_preview={'stage': 'B', 'status': 'Optimal', 'primary': 'energy', 'tol': 0.1, 'opt_primary': 0.12691984841837778, 'objective_secondary': 0.0681337441227071, 'sumE': 0.12
[36.30] [Task 73] ILP chose server: STARLINK-32654
[36.30] [Task 73] Routed STARLINK-30971 -> STARLINK-32654 | E_NET=0.000006 J | Remaining=120000.00 J
[36.302] Task 73 enqueued on CPU STARLINK-32654 qlen_enqueue=1
[Task 73] Task eseguito su STARLINK-32654 43.06000753522103 degrees | CPU=0.1269J, NET=0.0000J, TOTAL=0.1269J, Remaining=119999.87J
[36.371] Task 73 served on STARLINK-32654 qlen_enqueue_cpu=1 qlen_enqueue_net=None time_in_queue=0.000
[73][GREEDY] STARLINK-32654 -> STARLINK-11403 [DTC] | Tramission-time: 0.0006262729812517145
[73] Energy routing consumed by STARLINK-32654: 0.000000 J (remaining 119999.87)
[MODE: BIDIRECTIONAL]
[73][GREEDY] CONSEGNATO! STARLINK-11403 [DTC] -> OBS | Tramission-time: 4.209479539107209e-12
---> Task 74 (Type: CPU_Intensive) arriva in 36.67
--- [36.67] Task 74 using SearchNode Policy: v2_ilp_hybrid ---
[36.67] [Task 74] Entering ILP branch (v2)
[ε-constraint energy] sumE_B=0.529921  bound=0.582913  active=False
[ILP] res_type=dict value_preview={'stage': 'B', 'status': 'Optimal', 'primary': 'energy', 'tol': 0.1, 'opt_primary': 0.5299207990573935, 'objective_secondary': 0.28448163737046267, 'sumE': 0.52
[36.67] [Task 74] ILP chose server: STARLINK-32654
[36.67] [Task 74] Routed STARLINK-30971 -> STARLINK-32654 | E_NET=0.000039 J | Remaining=120000.00 J
[36.671] Task 74 enqueued on CPU STARLINK-32654 qlen_enqueue=1
[Task 74] Task eseguito su STARLINK-32654 43.06000753522103 degrees | CPU=0.5299J, NET=0.0000J, TOTAL=0.5299J, Remaining=119999.34J
[36.958] Task 74 served on STARLINK-32654 qlen_enqueue_cpu=1 qlen_enqueue_net=None time_in_queue=0.000
[74][GREEDY] STARLINK-32654 -> STARLINK-11403 [DTC] | Tramission-time: 0.0006262730089329927
[74] Energy routing consumed by STARLINK-32654: 0.000000 J (remaining 119999.34)
[MODE: BIDIRECTIONAL]
[74][GREEDY] CONSEGNATO! STARLINK-11403 [DTC] -> OBS | Tramission-time: 2.9099891103338466e-11
---> Task 75 (Type: CPU_and_Data_Intensive) arriva in 37.09
--- [37.09] Task 75 using SearchNode Policy: v2_ilp_hybrid ---
[37.09] [Task 75] Entering ILP branch (v2)
[ε-constraint energy] sumE_B=0.638574  bound=0.702431  active=False
[ILP] res_type=dict value_preview={'stage': 'B', 'status': 'Optimal', 'primary': 'energy', 'tol': 0.1, 'opt_primary': 0.6385737479836033, 'objective_secondary': 0.34348152429014744, 'sumE': 0.63
[37.09] [Task 75] ILP chose server: STARLINK-32654
[37.09] [Task 75] Routed STARLINK-30971 -> STARLINK-32654 | E_NET=0.001449 J | Remaining=120000.00 J
[37.090] Task 75 enqueued on CPU STARLINK-32654 qlen_enqueue=1
---> Task 76 (Type: CPU_Intensive) arriva in 37.11
--- [37.11] Task 76 using SearchNode Policy: v2_ilp_hybrid ---
[37.11] [Task 76] Entering ILP branch (v2)
[ε-constraint energy] sumE_B=0.328659  bound=0.361525  active=False
[ILP] res_type=dict value_preview={'stage': 'B', 'status': 'Optimal', 'primary': 'energy', 'tol': 0.1, 'opt_primary': 0.32865939121827564, 'objective_secondary': 0.17644317019075334, 'sumE': 0.3
[37.11] [Task 76] ILP chose server: STARLINK-32475
[37.11] [Task 76] Routed STARLINK-30971 -> STARLINK-32475 | E_NET=0.000036 J | Remaining=120000.00 J
[37.117] Task 76 enqueued on CPU STARLINK-32475 qlen_enqueue=1
[Task 76] Task eseguito su STARLINK-32475 52.49999755473584 degrees | CPU=0.3286J, NET=0.0000J, TOTAL=0.3287J, Remaining=119999.67J
[37.296] Task 76 served on STARLINK-32475 qlen_enqueue_cpu=1 qlen_enqueue_net=None time_in_queue=0.000
[76][GREEDY] STARLINK-32475 -> STARLINK-11403 [DTC] | Tramission-time: 0.0021033951113698236
[76] Energy routing consumed by STARLINK-32475: 0.000000 J (remaining 119999.67)
[MODE: BIDIRECTIONAL]
[76][GREEDY] CONSEGNATO! STARLINK-11403 [DTC] -> OBS | Tramission-time: 3.4061003054427186e-11
[37.432] Task 75 enqueued on NET STARLINK-32654 qlen_enqueue_net=1
[Task 75] Task eseguito su STARLINK-32654 43.06000753522103 degrees | CPU=0.6371J, NET=0.0014J, TOTAL=0.6385J, Remaining=119998.70J
[37.433] Task 75 served on STARLINK-32654 qlen_enqueue_cpu=1 qlen_enqueue_net=1 time_in_queue=0.000
[75][GREEDY] STARLINK-32654 -> STARLINK-11403 [DTC] | Tramission-time: 0.0006262740194580284
[75] Energy routing consumed by STARLINK-32654: 0.000000 J (remaining 119998.70)
[MODE: BIDIRECTIONAL]
[75][GREEDY] CONSEGNATO! STARLINK-11403 [DTC] -> OBS | Tramission-time: 9.867768117460369e-10
---> Task 77 (Type: CPU_Intensive) arriva in 37.86
--- [37.86] Task 77 using SearchNode Policy: v2_ilp_hybrid ---
[37.86] [Task 77] Entering ILP branch (v2)
[ε-constraint energy] sumE_B=0.198920  bound=0.218812  active=False
[ILP] res_type=dict value_preview={'stage': 'B', 'status': 'Optimal', 'primary': 'energy', 'tol': 0.1, 'opt_primary': 0.19891983991446077, 'objective_secondary': 0.10678425325969285, 'sumE': 0.1
[37.86] [Task 77] ILP chose server: STARLINK-32654
[37.86] [Task 77] Routed STARLINK-30971 -> STARLINK-32654 | E_NET=0.000007 J | Remaining=120000.00 J
[37.865] Task 77 enqueued on CPU STARLINK-32654 qlen_enqueue=1
[Task 77] Task eseguito su STARLINK-32654 43.06000753522103 degrees | CPU=0.1989J, NET=0.0000J, TOTAL=0.1989J, Remaining=119998.51J
[37.972] Task 77 served on STARLINK-32654 qlen_enqueue_cpu=1 qlen_enqueue_net=None time_in_queue=0.000
----------------------------------------------------------------------
	||TIME IN SIMULATION : (seconds:38) (minutes: 0) ||

MODIFICA CONFIGURAZIONE IN CORSO...

Aggiornato il Tempo Globale:  2025-11-20 20:55:52
[77][GREEDY] STARLINK-32654 -> STARLINK-11403 [DTC] | Tramission-time: 0.0006361437271464337
[77] Energy routing consumed by STARLINK-32654: 0.000000 J (remaining 119998.51)
[MODE: BIDIRECTIONAL]
[77][GREEDY] CONSEGNATO! STARLINK-11403 [DTC] -> OBS | Tramission-time: 6.155060925458396e-12
---> Task 78 (Type: Generic_Service) arriva in 38.43
--- [38.43] Task 78 using SearchNode Policy: v2_ilp_hybrid ---
[38.43] [Task 78] Entering ILP branch (v2)
[ε-constraint energy] sumE_B=0.251695  bound=0.276864  active=False
[ILP] res_type=dict value_preview={'stage': 'B', 'status': 'Optimal', 'primary': 'energy', 'tol': 0.1, 'opt_primary': 0.2516945983187846, 'objective_secondary': 0.13511535042161502, 'sumE': 0.25
[38.43] [Task 78] ILP chose server: STARLINK-32654
[38.43] [Task 78] Routed STARLINK-30971 -> STARLINK-32654 | E_NET=0.000008 J | Remaining=120000.00 J
[38.432] Task 78 enqueued on CPU STARLINK-32654 qlen_enqueue=1
[Task 78] Task eseguito su STARLINK-32654 43.80962731936019 degrees | CPU=0.2517J, NET=0.0000J, TOTAL=0.2517J, Remaining=119998.25J
[38.568] Task 78 served on STARLINK-32654 qlen_enqueue_cpu=1 qlen_enqueue_net=None time_in_queue=0.000
[78][GREEDY] STARLINK-32654 -> STARLINK-11403 [DTC] | Tramission-time: 0.0006361437294578591
[78] Energy routing consumed by STARLINK-32654: 0.000000 J (remaining 119998.25)
[MODE: BIDIRECTIONAL]
[78][GREEDY] CONSEGNATO! STARLINK-11403 [DTC] -> OBS | Tramission-time: 7.773347863512585e-12
---> Task 79 (Type: CPU_Intensive) arriva in 38.78
--- [38.78] Task 79 using SearchNode Policy: v2_ilp_hybrid ---
[38.78] [Task 79] Entering ILP branch (v2)
[ε-constraint energy] sumE_B=0.322702  bound=0.354972  active=False
[ILP] res_type=dict value_preview={'stage': 'B', 'status': 'Optimal', 'primary': 'energy', 'tol': 0.1, 'opt_primary': 0.3227016333342811, 'objective_secondary': 0.17324254225276856, 'sumE': 0.32
[38.78] [Task 79] ILP chose server: STARLINK-32654
[38.78] [Task 79] Routed STARLINK-30971 -> STARLINK-32654 | E_NET=0.000024 J | Remaining=120000.00 J
[38.778] Task 79 enqueued on CPU STARLINK-32654 qlen_enqueue=1
---> Task 80 (Type: CPU_and_Data_Intensive) arriva in 38.88
--- [38.88] Task 80 using SearchNode Policy: v2_ilp_hybrid ---
[38.88] [Task 80] Entering ILP branch (v2)
[ε-constraint energy] sumE_B=0.551561  bound=0.606718  active=False
[ILP] res_type=dict value_preview={'stage': 'B', 'status': 'Optimal', 'primary': 'energy', 'tol': 0.1, 'opt_primary': 0.5515614730381544, 'objective_secondary': 0.29928795988389084, 'sumE': 0.55
[38.88] [Task 80] ILP chose server: STARLINK-32475
[38.88] [Task 80] Routed STARLINK-30971 -> STARLINK-32475 | E_NET=0.006094 J | Remaining=119999.99 J
[38.884] Task 80 enqueued on CPU STARLINK-32475 qlen_enqueue=1
[Task 79] Task eseguito su STARLINK-32654 43.80962731936019 degrees | CPU=0.3227J, NET=0.0000J, TOTAL=0.3227J, Remaining=119997.93J
[38.953] Task 79 served on STARLINK-32654 qlen_enqueue_cpu=1 qlen_enqueue_net=None time_in_queue=0.000
[79][GREEDY] STARLINK-32654 -> STARLINK-11403 [DTC] | Tramission-time: 0.0006361437474491012
[79] Energy routing consumed by STARLINK-32654: 0.000000 J (remaining 119997.93)
[MODE: BIDIRECTIONAL]
[79][GREEDY] CONSEGNATO! STARLINK-11403 [DTC] -> OBS | Tramission-time: 2.340093745149579e-11
[39.177] Task 80 enqueued on NET STARLINK-32475 qlen_enqueue_net=1
[Task 80] Task eseguito su STARLINK-32475 51.37229473522564 degrees | CPU=0.5446J, NET=0.0061J, TOTAL=0.5507J, Remaining=119999.12J
[39.183] Task 80 served on STARLINK-32475 qlen_enqueue_cpu=1 qlen_enqueue_net=1 time_in_queue=0.000
[80][GREEDY] STARLINK-32475 -> STARLINK-11403 [DTC] | Tramission-time: 0.00211033686053313
[80] Energy routing consumed by STARLINK-32475: 0.000000 J (remaining 119999.12)
[MODE: BIDIRECTIONAL]
[80][GREEDY] CONSEGNATO! STARLINK-11403 [DTC] -> OBS | Tramission-time: 6.142794970267616e-09
----------------------------------------------------------------------
	||TIME IN SIMULATION : (seconds:40) (minutes: 0) ||

MODIFICA CONFIGURAZIONE IN CORSO...

Aggiornato il Tempo Globale:  2025-11-20 20:55:54
---> Task 81 (Type: Generic_Service) arriva in 40.14
--- [40.14] Task 81 using SearchNode Policy: v2_ilp_hybrid ---
[40.14] [Task 81] Entering ILP branch (v2)
[ε-constraint energy] sumE_B=0.004069  bound=0.004476  active=False
[ILP] res_type=dict value_preview={'stage': 'B', 'status': 'Optimal', 'primary': 'energy', 'tol': 0.1, 'opt_primary': 0.004069118669613547, 'objective_secondary': 0.002191813580352579, 'sumE': 0
[40.14] [Task 81] ILP chose server: STARLINK-33663
[40.14] [Task 81] Routed STARLINK-30971 -> STARLINK-33663 | E_NET=0.000016 J | Remaining=119999.99 J
[40.143] Task 81 enqueued on CPU STARLINK-33663 qlen_enqueue=1
[Task 81] Task eseguito su STARLINK-33663 38.99289651121866 degrees | CPU=0.0041J, NET=0.0000J, TOTAL=0.0041J, Remaining=120000.00J
[40.146] Task 81 served on STARLINK-33663 qlen_enqueue_cpu=1 qlen_enqueue_net=None time_in_queue=0.000
[81][GREEDY] STARLINK-33663 -> STARLINK-11403 [DTC] | Tramission-time: 0.001983085204427042
[81] Energy routing consumed by STARLINK-33663: 0.000000 J (remaining 120000.00)
[MODE: BIDIRECTIONAL]
[81][GREEDY] CONSEGNATO! STARLINK-11403 [DTC] -> OBS | Tramission-time: 1.377625631441358e-11
---> Task 82 (Type: CPU_Intensive) arriva in 40.41
--- [40.41] Task 82 using SearchNode Policy: v2_ilp_hybrid ---
[40.41] [Task 82] Entering ILP branch (v2)
[ε-constraint energy] sumE_B=0.627863  bound=0.690649  active=False
[ILP] res_type=dict value_preview={'stage': 'B', 'status': 'Optimal', 'primary': 'energy', 'tol': 0.1, 'opt_primary': 0.6278625643956129, 'objective_secondary': 0.33705100542808186, 'sumE': 0.62
[40.41] [Task 82] ILP chose server: STARLINK-33663
[40.41] [Task 82] Routed STARLINK-30971 -> STARLINK-33663 | E_NET=0.000027 J | Remaining=119999.99 J
[40.417] Task 82 enqueued on CPU STARLINK-33663 qlen_enqueue=1
[Task 82] Task eseguito su STARLINK-33663 38.99289651121866 degrees | CPU=0.6278J, NET=0.0000J, TOTAL=0.6279J, Remaining=119999.37J
[40.755] Task 82 served on STARLINK-33663 qlen_enqueue_cpu=1 qlen_enqueue_net=None time_in_queue=0.000
[82][GREEDY] STARLINK-33663 -> STARLINK-11403 [DTC] | Tramission-time: 0.0019830852080276046
[82] Energy routing consumed by STARLINK-33663: 0.000000 J (remaining 119999.37)
[MODE: BIDIRECTIONAL]
[82][GREEDY] CONSEGNATO! STARLINK-11403 [DTC] -> OBS | Tramission-time: 2.1407460213217775e-11
---> Task 83 (Type: CPU_and_Data_Intensive) arriva in 41.05
--- [41.05] Task 83 using SearchNode Policy: v2_ilp_hybrid ---
[41.05] [Task 83] Entering ILP branch (v2)
[ε-constraint energy] sumE_B=0.349723  bound=0.384695  active=False
[ILP] res_type=dict value_preview={'stage': 'B', 'status': 'Optimal', 'primary': 'energy', 'tol': 0.1, 'opt_primary': 0.34972271145945766, 'objective_secondary': 0.2721534840086925, 'sumE': 0.34
[41.05] [Task 83] ILP chose server: STARLINK-33663
[41.05] [Task 83] Routed STARLINK-30971 -> STARLINK-33663 | E_NET=0.176493 J | Remaining=119999.81 J
---> Task 84 (Type: CPU_and_Data_Intensive) arriva in 41.11
--- [41.11] Task 84 using SearchNode Policy: v2_ilp_hybrid ---
[41.11] [Task 84] Entering ILP branch (v2)
[ε-constraint energy] sumE_B=1.181502  bound=1.299652  active=False
[ILP] res_type=dict value_preview={'stage': 'B', 'status': 'Optimal', 'primary': 'energy', 'tol': 0.1, 'opt_primary': 1.1815020240453022, 'objective_secondary': 0.6632682865005533, 'sumE': 1.181
[41.11] [Task 84] ILP chose server: STARLINK-31751
[41.11] [Task 84] Routed STARLINK-6246 -> STARLINK-31751 | E_NET=0.046975 J | Remaining=119999.94 J
[41.162] Task 84 enqueued on CPU STARLINK-31751 qlen_enqueue=1
[41.226] Task 83 enqueued on CPU STARLINK-33663 qlen_enqueue=1
[41.316] Task 83 enqueued on NET STARLINK-33663 qlen_enqueue_net=1
---> Task 85 (Type: CPU_Intensive) arriva in 41.35
--- [41.35] Task 85 using SearchNode Policy: v2_ilp_hybrid ---
[41.35] [Task 85] Entering ILP branch (v2)
[ε-constraint energy] sumE_B=2.054415  bound=2.259857  active=False
[ILP] res_type=dict value_preview={'stage': 'B', 'status': 'Optimal', 'primary': 'energy', 'tol': 0.1, 'opt_primary': 2.05441525522607, 'objective_secondary': 1.1028341177652181, 'sumE': 2.05441
[41.35] [Task 85] ILP chose server: STARLINK-31283
[41.35] [Task 85] Routed STARLINK-6246 -> STARLINK-31283 | E_NET=0.000037 J | Remaining=119999.94 J
[41.346] Task 85 enqueued on CPU STARLINK-31283 qlen_enqueue=1
[Task 83] Task eseguito su STARLINK-33663 38.99289651121866 degrees | CPU=0.1675J, NET=0.1765J, TOTAL=0.3440J, Remaining=119999.02J
[41.492] Task 83 served on STARLINK-33663 qlen_enqueue_cpu=1 qlen_enqueue_net=1 time_in_queue=0.000
[83][GREEDY] STARLINK-33663 -> STARLINK-11403 [DTC] | Tramission-time: 0.0019832150368946267
[83] Energy routing consumed by STARLINK-33663: 0.000000 J (remaining 119999.02)
[MODE: BIDIRECTIONAL]
[83][GREEDY] CONSEGNATO! STARLINK-11403 [DTC] -> OBS | Tramission-time: 1.668311399101586e-07
[41.762] Task 84 enqueued on NET STARLINK-31751 qlen_enqueue_net=1
[Task 84] Task eseguito su STARLINK-31751 48.482756365755364 degrees | CPU=1.1188J, NET=0.0470J, TOTAL=1.1658J, Remaining=119995.89J
[41.809] Task 84 served on STARLINK-31751 qlen_enqueue_cpu=1 qlen_enqueue_net=1 time_in_queue=0.000
[MODE: BIDIRECTIONAL]
[84][GREEDY] CONSEGNATO! STARLINK-31751 -> OBS | Tramission-time: 5.341930036016863e-08
----------------------------------------------------------------------
	||TIME IN SIMULATION : (seconds:42) (minutes: 0) ||

MODIFICA CONFIGURAZIONE IN CORSO...

Aggiornato il Tempo Globale:  2025-11-20 20:55:56
---> Task 86 (Type: CPU_and_Data_Intensive) arriva in 42.15
--- [42.15] Task 86 using SearchNode Policy: v2_ilp_hybrid ---
[42.15] [Task 86] Entering ILP branch (v2)
[ε-constraint energy] sumE_B=1.455074  bound=1.600582  active=False
[ILP] res_type=dict value_preview={'stage': 'B', 'status': 'Optimal', 'primary': 'energy', 'tol': 0.1, 'opt_primary': 1.4550744536311389, 'objective_secondary': 0.7856164592659894, 'sumE': 1.455
[42.15] [Task 86] ILP chose server: STARLINK-31751
[42.15] [Task 86] Routed STARLINK-6246 -> STARLINK-31751 | E_NET=0.009476 J | Remaining=119999.93 J
[42.158] Task 86 enqueued on CPU STARLINK-31751 qlen_enqueue=1
[Task 85] Task eseguito su STARLINK-31283 79.09386279638488 degrees | CPU=2.0544J, NET=0.0000J, TOTAL=2.0544J, Remaining=119991.41J
[42.452] Task 85 served on STARLINK-31283 qlen_enqueue_cpu=1 qlen_enqueue_net=None time_in_queue=0.000
---> Task 87 (Type: CPU_Intensive) arriva in 42.48
--- [42.48] Task 87 using SearchNode Policy: v2_ilp_hybrid ---
[42.48] [Task 87] Entering ILP branch (v2)
[ε-constraint energy] sumE_B=0.598302  bound=0.658132  active=False
[ILP] res_type=dict value_preview={'stage': 'B', 'status': 'Optimal', 'primary': 'energy', 'tol': 0.1, 'opt_primary': 0.5983020511535346, 'objective_secondary': 0.32117665207010004, 'sumE': 0.59
[42.48] [Task 87] ILP chose server: STARLINK-31283
[42.48] [Task 87] Routed STARLINK-6246 -> STARLINK-31283 | E_NET=0.000011 J | Remaining=119999.93 J
[42.481] Task 87 enqueued on CPU STARLINK-31283 qlen_enqueue=1
[85][GREEDY] STARLINK-31283 -> STARLINK-11403 [DTC] | Tramission-time: 0.0013974252803208068
[85] Energy routing consumed by STARLINK-31283: 0.000000 J (remaining 119991.41)
[MODE: BIDIRECTIONAL]
[85][GREEDY] CONSEGNATO! STARLINK-11403 [DTC] -> OBS | Tramission-time: 3.0150984362221505e-11
---> Task 88 (Type: CPU_and_Data_Intensive) arriva in 42.53
--- [42.53] Task 88 using SearchNode Policy: v2_ilp_hybrid ---
[42.53] [Task 88] Entering ILP branch (v2)
[ε-constraint energy] sumE_B=0.112026  bound=0.123229  active=False
[ILP] res_type=dict value_preview={'stage': 'B', 'status': 'Optimal', 'primary': 'energy', 'tol': 0.1, 'opt_primary': 0.11202600393213448, 'objective_secondary': 0.06492525664997947, 'sumE': 0.1
[42.53] [Task 88] ILP chose server: STARLINK-3127
[42.53] [Task 88] Routed STARLINK-6246 -> STARLINK-3127 | E_NET=0.008762 J | Remaining=119999.92 J
[42.536] Task 88 enqueued on CPU STARLINK-3127 qlen_enqueue=1
[42.591] Task 88 enqueued on NET STARLINK-3127 qlen_enqueue_net=1
[Task 88] Task eseguito su STARLINK-3127 71.20677442929605 degrees | CPU=0.1017J, NET=0.0088J, TOTAL=0.1104J, Remaining=119998.02J
[42.600] Task 88 served on STARLINK-3127 qlen_enqueue_cpu=1 qlen_enqueue_net=1 time_in_queue=0.000
[88][GREEDY] STARLINK-3127 -> STARLINK-11403 [DTC] | Tramission-time: 0.0017090745888036591
[88] Energy routing consumed by STARLINK-3127: 0.000000 J (remaining 119998.02)
[MODE: BIDIRECTIONAL]
[88][GREEDY] CONSEGNATO! STARLINK-11403 [DTC] -> OBS | Tramission-time: 8.403055406892134e-09
[Task 87] Task eseguito su STARLINK-31283 79.09386279638488 degrees | CPU=0.5983J, NET=0.0000J, TOTAL=0.5983J, Remaining=119990.82J
[42.803] Task 87 served on STARLINK-31283 qlen_enqueue_cpu=1 qlen_enqueue_net=None time_in_queue=0.000
[87][GREEDY] STARLINK-31283 -> STARLINK-11403 [DTC] | Tramission-time: 0.001397425254129376
[87] Energy routing consumed by STARLINK-31283: 0.000000 J (remaining 119990.82)
[MODE: BIDIRECTIONAL]
[87][GREEDY] CONSEGNATO! STARLINK-11403 [DTC] -> OBS | Tramission-time: 1.020972667661623e-11
[42.934] Task 86 enqueued on NET STARLINK-31751 qlen_enqueue_net=1
[Task 86] Task eseguito su STARLINK-31751 48.74018498683771 degrees | CPU=1.4453J, NET=0.0095J, TOTAL=1.4548J, Remaining=119994.44J
[42.943] Task 86 served on STARLINK-31751 qlen_enqueue_cpu=1 qlen_enqueue_net=1 time_in_queue=0.000
[MODE: BIDIRECTIONAL]
[86][GREEDY] CONSEGNATO! STARLINK-31751 -> OBS | Tramission-time: 7.144378211775087e-09
---> Task 89 (Type: Generic_Service) arriva in 43.59
--- [43.59] Task 89 using SearchNode Policy: v2_ilp_hybrid ---
[43.59] [Task 89] Entering ILP branch (v2)
[ε-constraint energy] sumE_B=0.074660  bound=0.082126  active=False
[ILP] res_type=dict value_preview={'stage': 'B', 'status': 'Optimal', 'primary': 'energy', 'tol': 0.1, 'opt_primary': 0.07466021508091895, 'objective_secondary': 0.0400924011482817, 'sumE': 0.07
[43.59] [Task 89] ILP chose server: STARLINK-31751
[43.59] [Task 89] Routed STARLINK-6246 -> STARLINK-31751 | E_NET=0.000031 J | Remaining=119999.92 J
[43.588] Task 89 enqueued on CPU STARLINK-31751 qlen_enqueue=1
[Task 89] Task eseguito su STARLINK-31751 48.74018498683771 degrees | CPU=0.0746J, NET=0.0000J, TOTAL=0.0747J, Remaining=119994.36J
[43.630] Task 89 served on STARLINK-31751 qlen_enqueue_cpu=1 qlen_enqueue_net=None time_in_queue=0.000
[MODE: BIDIRECTIONAL]
[89][GREEDY] CONSEGNATO! STARLINK-31751 -> OBS | Tramission-time: 2.3554445867075168e-11
----------------------------------------------------------------------
	||TIME IN SIMULATION : (seconds:44) (minutes: 0) ||

MODIFICA CONFIGURAZIONE IN CORSO...

Aggiornato il Tempo Globale:  2025-11-20 20:55:58
---> Task 90 (Type: CPU_Intensive) arriva in 44.39
--- [44.39] Task 90 using SearchNode Policy: v2_ilp_hybrid ---
[44.39] [Task 90] Entering ILP branch (v2)
[ε-constraint energy] sumE_B=1.840488  bound=2.024536  active=False
[ILP] res_type=dict value_preview={'stage': 'B', 'status': 'Optimal', 'primary': 'energy', 'tol': 0.1, 'opt_primary': 1.8404875351691203, 'objective_secondary': 0.9879814265059526, 'sumE': 1.840
[44.39] [Task 90] ILP chose server: STARLINK-11403 [DTC]
[44.39] [Task 90] Routed STARLINK-31220 -> STARLINK-11403 [DTC] | E_NET=0.000006 J | Remaining=120000.00 J
[44.394] Task 90 enqueued on CPU STARLINK-11403 [DTC] qlen_enqueue=1
---> Task 91 (Type: Generic_Service) arriva in 44.43
--- [44.43] Task 91 using SearchNode Policy: v2_ilp_hybrid ---
[44.43] [Task 91] Entering ILP branch (v2)
[ε-constraint energy] sumE_B=0.070971  bound=0.078068  active=False
[ILP] res_type=dict value_preview={'stage': 'B', 'status': 'Optimal', 'primary': 'energy', 'tol': 0.1, 'opt_primary': 0.07097056459120701, 'objective_secondary': 0.03810662780402773, 'sumE': 0.0
[44.43] [Task 91] ILP chose server: STARLINK-1826
[44.43] [Task 91] Routed STARLINK-31220 -> STARLINK-1826 | E_NET=0.000019 J | Remaining=120000.00 J
[44.428] Task 91 enqueued on CPU STARLINK-1826 qlen_enqueue=1
[Task 91] Task eseguito su STARLINK-1826 28.97675589080248 degrees | CPU=0.0710J, NET=0.0000J, TOTAL=0.0710J, Remaining=119999.21J
[44.467] Task 91 served on STARLINK-1826 qlen_enqueue_cpu=1 qlen_enqueue_net=None time_in_queue=0.000
[91][GREEDY] STARLINK-1826 -> STARLINK-11403 [DTC] | Tramission-time: 0.0016545424102733062
[91] Energy routing consumed by STARLINK-1826: 0.000000 J (remaining 119999.21)
[MODE: BIDIRECTIONAL]
[91][GREEDY] CONSEGNATO! STARLINK-11403 [DTC] -> OBS | Tramission-time: 1.7280069288648195e-11
[Task 90] Task eseguito su STARLINK-11403 [DTC] 50.60256462390145 degrees | CPU=1.8405J, NET=0.0000J, TOTAL=1.8405J, Remaining=119993.55J
[45.382] Task 90 served on STARLINK-11403 [DTC] qlen_enqueue_cpu=1 qlen_enqueue_net=None time_in_queue=0.000
[MODE: BIDIRECTIONAL]
[90][GREEDY] CONSEGNATO! STARLINK-11403 [DTC] -> OBS | Tramission-time: 4.467821904814895e-12
---> Task 92 (Type: Generic_Service) arriva in 45.56
--- [45.56] Task 92 using SearchNode Policy: v2_ilp_hybrid ---
[45.56] [Task 92] Entering ILP branch (v2)
[ε-constraint energy] sumE_B=0.001323  bound=0.001455  active=False
[ILP] res_type=dict value_preview={'stage': 'B', 'status': 'Optimal', 'primary': 'energy', 'tol': 0.1, 'opt_primary': 0.0013226457204922174, 'objective_secondary': 0.0007287796602376795, 'sumE':
[45.56] [Task 92] ILP chose server: STARLINK-11403 [DTC]
[45.56] [Task 92] Routed STARLINK-31220 -> STARLINK-11403 [DTC] | E_NET=0.000038 J | Remaining=120000.00 J
[45.556] Task 92 enqueued on CPU STARLINK-11403 [DTC] qlen_enqueue=1
[Task 92] Task eseguito su STARLINK-11403 [DTC] 50.60256462390145 degrees | CPU=0.0013J, NET=0.0000J, TOTAL=0.0013J, Remaining=119993.55J
[45.560] Task 92 served on STARLINK-11403 [DTC] qlen_enqueue_cpu=1 qlen_enqueue_net=None time_in_queue=0.000
[MODE: BIDIRECTIONAL]
[92][GREEDY] CONSEGNATO! STARLINK-11403 [DTC] -> OBS | Tramission-time: 3.121748699498709e-11
----------------------------------------------------------------------
	||TIME IN SIMULATION : (seconds:46) (minutes: 0) ||

MODIFICA CONFIGURAZIONE IN CORSO...

Aggiornato il Tempo Globale:  2025-11-20 20:56:00
---> Task 93 (Type: Generic_Service) arriva in 46.16
--- [46.16] Task 93 using SearchNode Policy: v2_ilp_hybrid ---
[46.16] [Task 93] Entering ILP branch (v2)
[ε-constraint energy] sumE_B=0.094230  bound=0.103653  active=False
[ILP] res_type=dict value_preview={'stage': 'B', 'status': 'Optimal', 'primary': 'energy', 'tol': 0.1, 'opt_primary': 0.09423025941702681, 'objective_secondary': 0.05059948302280487, 'sumE': 0.0
[46.16] [Task 93] ILP chose server: STARLINK-11403 [DTC]
[46.16] [Task 93] Routed STARLINK-31220 -> STARLINK-11403 [DTC] | E_NET=0.000026 J | Remaining=120000.00 J
[46.162] Task 93 enqueued on CPU STARLINK-11403 [DTC] qlen_enqueue=1
---> Task 94 (Type: Generic_Service) arriva in 46.16
--- [46.16] Task 94 using SearchNode Policy: v2_ilp_hybrid ---
[46.16] [Task 94] Entering ILP branch (v2)
[ε-constraint energy] sumE_B=0.040283  bound=0.044311  active=False
[ILP] res_type=dict value_preview={'stage': 'B', 'status': 'Optimal', 'primary': 'energy', 'tol': 0.1, 'opt_primary': 0.04028264796235145, 'objective_secondary': 0.02163752426229132, 'sumE': 0.0
[46.16] [Task 94] ILP chose server: STARLINK-1826
[46.16] [Task 94] Routed STARLINK-31220 -> STARLINK-1826 | E_NET=0.000028 J | Remaining=120000.00 J
[46.166] Task 94 enqueued on CPU STARLINK-1826 qlen_enqueue=1
[Task 94] Task eseguito su STARLINK-1826 29.51804442204656 degrees | CPU=0.0403J, NET=0.0000J, TOTAL=0.0403J, Remaining=119999.17J
[46.190] Task 94 served on STARLINK-1826 qlen_enqueue_cpu=1 qlen_enqueue_net=None time_in_queue=0.000
[Task 93] Task eseguito su STARLINK-11403 [DTC] 52.09562121494185 degrees | CPU=0.0942J, NET=0.0000J, TOTAL=0.0942J, Remaining=119993.45J
[46.215] Task 93 served on STARLINK-11403 [DTC] qlen_enqueue_cpu=1 qlen_enqueue_net=None time_in_queue=0.000
[MODE: BIDIRECTIONAL]
[93][GREEDY] CONSEGNATO! STARLINK-11403 [DTC] -> OBS | Tramission-time: 2.3503299178630698e-11
[94][GREEDY] STARLINK-1826 -> STARLINK-11403 [DTC] | Tramission-time: 0.0016536700354329989
[94] Energy routing consumed by STARLINK-1826: 0.000000 J (remaining 119999.17)
[MODE: BIDIRECTIONAL]
[94][GREEDY] CONSEGNATO! STARLINK-11403 [DTC] -> OBS | Tramission-time: 2.8067277921275643e-11
---> Task 95 (Type: CPU_Intensive) arriva in 46.45
--- [46.45] Task 95 using SearchNode Policy: v2_ilp_hybrid ---
[46.45] [Task 95] Entering ILP branch (v2)
[ε-constraint energy] sumE_B=2.038356  bound=2.242192  active=False
[ILP] res_type=dict value_preview={'stage': 'B', 'status': 'Optimal', 'primary': 'energy', 'tol': 0.1, 'opt_primary': 2.038356108052632, 'objective_secondary': 1.094206077053588, 'sumE': 2.03835
[46.45] [Task 95] ILP chose server: STARLINK-11403 [DTC]
[46.45] [Task 95] Routed STARLINK-31220 -> STARLINK-11403 [DTC] | E_NET=0.000018 J | Remaining=120000.00 J
[46.446] Task 95 enqueued on CPU STARLINK-11403 [DTC] qlen_enqueue=1
---> Task 96 (Type: CPU_Intensive) arriva in 46.69
--- [46.69] Task 96 using SearchNode Policy: v2_ilp_hybrid ---
[46.69] [Task 96] Entering ILP branch (v2)
[ε-constraint energy] sumE_B=0.241086  bound=0.265195  active=False
[ILP] res_type=dict value_preview={'stage': 'B', 'status': 'Optimal', 'primary': 'energy', 'tol': 0.1, 'opt_primary': 0.24108631366674477, 'objective_secondary': 0.1294182758766865, 'sumE': 0.24
[46.69] [Task 96] ILP chose server: STARLINK-1826
[46.69] [Task 96] Routed STARLINK-31220 -> STARLINK-1826 | E_NET=0.000005 J | Remaining=120000.00 J
[46.690] Task 96 enqueued on CPU STARLINK-1826 qlen_enqueue=1
---> Task 97 (Type: CPU_and_Data_Intensive) arriva in 46.79
--- [46.79] Task 97 using SearchNode Policy: v2_ilp_hybrid ---
[46.79] [Task 97] Entering ILP branch (v2)
[ε-constraint energy] sumE_B=1.990460  bound=2.189506  active=False
[ILP] res_type=dict value_preview={'stage': 'B', 'status': 'Optimal', 'primary': 'energy', 'tol': 0.1, 'opt_primary': 1.990459615740813, 'objective_secondary': 1.0717687565863199, 'sumE': 1.9904
[46.79] [Task 97] ILP chose server: STARLINK-2160
[46.79] [Task 97] Routed STARLINK-31220 -> STARLINK-2160 | E_NET=0.006687 J | Remaining=119999.99 J
[46.797] Task 97 enqueued on CPU STARLINK-2160 qlen_enqueue=1
[Task 96] Task eseguito su STARLINK-1826 29.51804442204656 degrees | CPU=0.2411J, NET=0.0000J, TOTAL=0.2411J, Remaining=119998.92J
[46.819] Task 96 served on STARLINK-1826 qlen_enqueue_cpu=1 qlen_enqueue_net=None time_in_queue=0.000
[96][GREEDY] STARLINK-1826 -> STARLINK-11403 [DTC] | Tramission-time: 0.0016536700200899322
[96] Energy routing consumed by STARLINK-1826: 0.000000 J (remaining 119998.92)
[MODE: BIDIRECTIONAL]
[96][GREEDY] CONSEGNATO! STARLINK-11403 [DTC] -> OBS | Tramission-time: 3.821205500785122e-12
[Task 95] Task eseguito su STARLINK-11403 [DTC] 52.09562121494185 degrees | CPU=2.0383J, NET=0.0000J, TOTAL=2.0383J, Remaining=119991.41J
[47.542] Task 95 served on STARLINK-11403 [DTC] qlen_enqueue_cpu=1 qlen_enqueue_net=None time_in_queue=0.000
[MODE: BIDIRECTIONAL]
[95][GREEDY] CONSEGNATO! STARLINK-11403 [DTC] -> OBS | Tramission-time: 2.1195426499131646e-11
[47.862] Task 97 enqueued on NET STARLINK-2160 qlen_enqueue_net=1
[Task 97] Task eseguito su STARLINK-2160 35.6415641122107 degrees | CPU=1.9834J, NET=0.0067J, TOTAL=1.9901J, Remaining=119998.01J
[47.869] Task 97 served on STARLINK-2160 qlen_enqueue_cpu=1 qlen_enqueue_net=1 time_in_queue=0.000
[97][GREEDY] STARLINK-2160 -> STARLINK-11403 [DTC] | Tramission-time: 0.0016017767510460102
[97] Energy routing consumed by STARLINK-2160: 0.000000 J (remaining 119998.01)
[MODE: BIDIRECTIONAL]
[97][GREEDY] CONSEGNATO! STARLINK-11403 [DTC] -> OBS | Tramission-time: 5.625207959304979e-09
----------------------------------------------------------------------
	||TIME IN SIMULATION : (seconds:48) (minutes: 0) ||

MODIFICA CONFIGURAZIONE IN CORSO...

Aggiornato il Tempo Globale:  2025-11-20 20:56:02
---> Task 98 (Type: Generic_Service) arriva in 48.18
--- [48.18] Task 98 using SearchNode Policy: v2_ilp_hybrid ---
[48.18] [Task 98] Entering ILP branch (v2)
[ε-constraint energy] sumE_B=0.069688  bound=0.076656  active=False
[ILP] res_type=dict value_preview={'stage': 'B', 'status': 'Optimal', 'primary': 'energy', 'tol': 0.1, 'opt_primary': 0.06968766805425299, 'objective_secondary': 0.037426998100385876, 'sumE': 0.
[48.18] [Task 98] ILP chose server: STARLINK-11403 [DTC]
[48.18] [Task 98] Routed STARLINK-31220 -> STARLINK-11403 [DTC] | E_NET=0.000028 J | Remaining=119999.99 J
[48.176] Task 98 enqueued on CPU STARLINK-11403 [DTC] qlen_enqueue=1
[Task 98] Task eseguito su STARLINK-11403 [DTC] 53.64236285049893 degrees | CPU=0.0696J, NET=0.0000J, TOTAL=0.0697J, Remaining=119991.34J
[48.216] Task 98 served on STARLINK-11403 [DTC] qlen_enqueue_cpu=1 qlen_enqueue_net=None time_in_queue=0.000
[MODE: BIDIRECTIONAL]
[98][GREEDY] CONSEGNATO! STARLINK-11403 [DTC] -> OBS | Tramission-time: 3.029666001090891e-11
---> Task 99 (Type: CPU_Intensive) arriva in 48.48
--- [48.48] Task 99 using SearchNode Policy: v2_ilp_hybrid ---
[48.48] [Task 99] Entering ILP branch (v2)
[ε-constraint energy] sumE_B=0.823799  bound=0.906179  active=False
[ILP] res_type=dict value_preview={'stage': 'B', 'status': 'Optimal', 'primary': 'energy', 'tol': 0.1, 'opt_primary': 0.8237991731608171, 'objective_secondary': 0.4422348787665953, 'sumE': 0.823
[48.48] [Task 99] ILP chose server: STARLINK-11403 [DTC]
[48.48] [Task 99] Routed STARLINK-31220 -> STARLINK-11403 [DTC] | E_NET=0.000026 J | Remaining=119999.99 J
[48.479] Task 99 enqueued on CPU STARLINK-11403 [DTC] qlen_enqueue=1
[Task 99] Task eseguito su STARLINK-11403 [DTC] 53.64236285049893 degrees | CPU=0.8238J, NET=0.0000J, TOTAL=0.8238J, Remaining=119990.52J
[48.923] Task 99 served on STARLINK-11403 [DTC] qlen_enqueue_cpu=1 qlen_enqueue_net=None time_in_queue=0.000
[MODE: BIDIRECTIONAL]
[99][GREEDY] CONSEGNATO! STARLINK-11403 [DTC] -> OBS | Tramission-time: 2.4886156899900437e-11
---> Task 100 (Type: CPU_Intensive) arriva in 49.92
--- [49.92] Task 100 using SearchNode Policy: v2_ilp_hybrid ---
[49.92] [Task 100] Entering ILP branch (v2)
[ε-constraint energy] sumE_B=1.168057  bound=1.284863  active=False
[ILP] res_type=dict value_preview={'stage': 'B', 'status': 'Optimal', 'primary': 'energy', 'tol': 0.1, 'opt_primary': 1.1680573005252106, 'objective_secondary': 0.6270220783115447, 'sumE': 1.168
[49.92] [Task 100] ILP chose server: STARLINK-11403 [DTC]
[49.92] [Task 100] Routed STARLINK-31220 -> STARLINK-11403 [DTC] | E_NET=0.000009 J | Remaining=119999.99 J
[49.918] Task 100 enqueued on CPU STARLINK-11403 [DTC] qlen_enqueue=1
----------------------------------------------------------------------
	||TIME IN SIMULATION : (seconds:50) (minutes: 0) ||

MODIFICA CONFIGURAZIONE IN CORSO...

Aggiornato il Tempo Globale:  2025-11-20 20:56:04
[Task 100] Task eseguito su STARLINK-11403 [DTC] 55.24346204381094 degrees | CPU=1.1680J, NET=0.0000J, TOTAL=1.1681J, Remaining=119989.35J
[50.546] Task 100 served on STARLINK-11403 [DTC] qlen_enqueue_cpu=1 qlen_enqueue_net=None time_in_queue=0.000
[MODE: BIDIRECTIONAL]
[100][GREEDY] CONSEGNATO! STARLINK-11403 [DTC] -> OBS | Tramission-time: 1.0455991871752108e-11
---> Task 101 (Type: Generic_Service) arriva in 50.81
--- [50.81] Task 101 using SearchNode Policy: v2_ilp_hybrid ---
[50.81] [Task 101] Entering ILP branch (v2)
[ε-constraint energy] sumE_B=0.030330  bound=0.033363  active=False
[ILP] res_type=dict value_preview={'stage': 'B', 'status': 'Optimal', 'primary': 'energy', 'tol': 0.1, 'opt_primary': 0.030329554373663723, 'objective_secondary': 0.016289085059282265, 'sumE': 0
[50.81] [Task 101] ILP chose server: STARLINK-11403 [DTC]
[50.81] [Task 101] Routed STARLINK-31220 -> STARLINK-11403 [DTC] | E_NET=0.000015 J | Remaining=119999.99 J
[50.814] Task 101 enqueued on CPU STARLINK-11403 [DTC] qlen_enqueue=1
[Task 101] Task eseguito su STARLINK-11403 [DTC] 55.24346204381094 degrees | CPU=0.0303J, NET=0.0000J, TOTAL=0.0303J, Remaining=119989.32J
[50.831] Task 101 served on STARLINK-11403 [DTC] qlen_enqueue_cpu=1 qlen_enqueue_net=None time_in_queue=0.000
[MODE: BIDIRECTIONAL]
[101][GREEDY] CONSEGNATO! STARLINK-11403 [DTC] -> OBS | Tramission-time: 1.2338133396641856e-11
---> Task 102 (Type: Generic_Service) arriva in 50.99
--- [50.99] Task 102 using SearchNode Policy: v2_ilp_hybrid ---
[50.99] [Task 102] Entering ILP branch (v2)
[ε-constraint energy] sumE_B=0.057980  bound=0.063778  active=False
[ILP] res_type=dict value_preview={'stage': 'B', 'status': 'Optimal', 'primary': 'energy', 'tol': 0.1, 'opt_primary': 0.057979732055634205, 'objective_secondary': 0.031140277909412033, 'sumE': 0
[50.99] [Task 102] ILP chose server: STARLINK-11403 [DTC]
[50.99] [Task 102] Routed STARLINK-31220 -> STARLINK-11403 [DTC] | E_NET=0.000030 J | Remaining=119999.99 J
[50.989] Task 102 enqueued on CPU STARLINK-11403 [DTC] qlen_enqueue=1
[Task 102] Task eseguito su STARLINK-11403 [DTC] 55.24346204381094 degrees | CPU=0.0579J, NET=0.0000J, TOTAL=0.0580J, Remaining=119989.26J
[51.022] Task 102 served on STARLINK-11403 [DTC] qlen_enqueue_cpu=1 qlen_enqueue_net=None time_in_queue=0.000
[MODE: BIDIRECTIONAL]
[102][GREEDY] CONSEGNATO! STARLINK-11403 [DTC] -> OBS | Tramission-time: 2.933860647082134e-11
---> Task 103 (Type: CPU_and_Data_Intensive) arriva in 51.44
--- [51.44] Task 103 using SearchNode Policy: v2_ilp_hybrid ---
[51.44] [Task 103] Entering ILP branch (v2)
[ε-constraint energy] sumE_B=0.270406  bound=0.297446  active=False
[ILP] res_type=dict value_preview={'stage': 'B', 'status': 'Optimal', 'primary': 'energy', 'tol': 0.1, 'opt_primary': 0.2704056544739092, 'objective_secondary': 0.14544662744820933, 'sumE': 0.27
[51.44] [Task 103] ILP chose server: STARLINK-11403 [DTC]
[51.44] [Task 103] Routed STARLINK-31220 -> STARLINK-11403 [DTC] | E_NET=0.000529 J | Remaining=119999.99 J
[51.446] Task 103 enqueued on CPU STARLINK-11403 [DTC] qlen_enqueue=1
[51.590] Task 103 enqueued on NET STARLINK-11403 [DTC] qlen_enqueue_net=1
[Task 103] Task eseguito su STARLINK-11403 [DTC] 55.24346204381094 degrees | CPU=0.2698J, NET=0.0005J, TOTAL=0.2703J, Remaining=119988.99J
[51.591] Task 103 served on STARLINK-11403 [DTC] qlen_enqueue_cpu=1 qlen_enqueue_net=1 time_in_queue=0.000
[MODE: BIDIRECTIONAL]
[103][GREEDY] CONSEGNATO! STARLINK-11403 [DTC] -> OBS | Tramission-time: 5.807665049852474e-10
----------------------------------------------------------------------
	||TIME IN SIMULATION : (seconds:52) (minutes: 0) ||

MODIFICA CONFIGURAZIONE IN CORSO...

Aggiornato il Tempo Globale:  2025-11-20 20:56:06
---> Task 104 (Type: CPU_Intensive) arriva in 52.55
--- [52.55] Task 104 using SearchNode Policy: v2_ilp_hybrid ---
[52.55] [Task 104] Entering ILP branch (v2)
[ε-constraint energy] sumE_B=0.317539  bound=0.349293  active=False
[ILP] res_type=dict value_preview={'stage': 'B', 'status': 'Optimal', 'primary': 'energy', 'tol': 0.1, 'opt_primary': 0.3175393305337127, 'objective_secondary': 0.17046893500383797, 'sumE': 0.31
[52.55] [Task 104] ILP chose server: STARLINK-11403 [DTC]
[52.55] [Task 104] Routed STARLINK-31220 -> STARLINK-11403 [DTC] | E_NET=0.000027 J | Remaining=119999.99 J
[52.547] Task 104 enqueued on CPU STARLINK-11403 [DTC] qlen_enqueue=1
[Task 104] Task eseguito su STARLINK-11403 [DTC] 56.89922637938019 degrees | CPU=0.3175J, NET=0.0000J, TOTAL=0.3175J, Remaining=119988.68J
[52.719] Task 104 served on STARLINK-11403 [DTC] qlen_enqueue_cpu=1 qlen_enqueue_net=None time_in_queue=0.000
[MODE: BIDIRECTIONAL]
[104][GREEDY] CONSEGNATO! STARLINK-11403 [DTC] -> OBS | Tramission-time: 1.8732833253886843e-11
---> Task 105 (Type: Generic_Service) arriva in 52.81
--- [52.81] Task 105 using SearchNode Policy: v2_ilp_hybrid ---
[52.81] [Task 105] Entering ILP branch (v2)
[ε-constraint energy] sumE_B=0.164290  bound=0.180719  active=False
[ILP] res_type=dict value_preview={'stage': 'B', 'status': 'Optimal', 'primary': 'energy', 'tol': 0.1, 'opt_primary': 0.1642900783082589, 'objective_secondary': 0.08820813544095372, 'sumE': 0.16
[52.81] [Task 105] ILP chose server: STARLINK-11403 [DTC]
[52.81] [Task 105] Routed STARLINK-31220 -> STARLINK-11403 [DTC] | E_NET=0.000035 J | Remaining=119999.99 J
[52.815] Task 105 enqueued on CPU STARLINK-11403 [DTC] qlen_enqueue=1
[Task 105] Task eseguito su STARLINK-11403 [DTC] 56.89922637938019 degrees | CPU=0.1643J, NET=0.0000J, TOTAL=0.1643J, Remaining=119988.51J
[52.906] Task 105 served on STARLINK-11403 [DTC] qlen_enqueue_cpu=1 qlen_enqueue_net=None time_in_queue=0.000
---> Task 106 (Type: CPU_and_Data_Intensive) arriva in 52.96
--- [52.96] Task 106 using SearchNode Policy: v2_ilp_hybrid ---
[52.96] [Task 106] Entering ILP branch (v2)
[ε-constraint energy] sumE_B=0.263643  bound=0.290007  active=False
[ILP] res_type=dict value_preview={'stage': 'B', 'status': 'Optimal', 'primary': 'energy', 'tol': 0.1, 'opt_primary': 0.2636430603043948, 'objective_secondary': 0.14468205354726296, 'sumE': 0.26
[52.96] [Task 106] ILP chose server: STARLINK-11403 [DTC]
[52.96] [Task 106] Routed STARLINK-31220 -> STARLINK-11403 [DTC] | E_NET=0.006485 J | Remaining=119999.99 J
[52.965] Task 106 enqueued on CPU STARLINK-11403 [DTC] qlen_enqueue=1
[MODE: BIDIRECTIONAL]
[105][GREEDY] CONSEGNATO! STARLINK-11403 [DTC] -> OBS | Tramission-time: 3.0680356823027484e-11
---> Task 107 (Type: Generic_Service) arriva in 53.01
--- [53.01] Task 107 using SearchNode Policy: v2_ilp_hybrid ---
[53.01] [Task 107] Entering ILP branch (v2)
[ε-constraint energy] sumE_B=0.049300  bound=0.054230  active=False
[ILP] res_type=dict value_preview={'stage': 'B', 'status': 'Optimal', 'primary': 'energy', 'tol': 0.1, 'opt_primary': 0.049300070726205014, 'objective_secondary': 0.02647480503510303, 'sumE': 0.
[53.01] [Task 107] ILP chose server: STARLINK-1826
[53.01] [Task 107] Routed STARLINK-31220 -> STARLINK-1826 | E_NET=0.000017 J | Remaining=119999.99 J
[53.008] Task 107 enqueued on CPU STARLINK-1826 qlen_enqueue=1
[Task 107] Task eseguito su STARLINK-1826 31.214818215735367 degrees | CPU=0.0493J, NET=0.0000J, TOTAL=0.0493J, Remaining=119998.88J
[53.036] Task 107 served on STARLINK-1826 qlen_enqueue_cpu=1 qlen_enqueue_net=None time_in_queue=0.000
[107][GREEDY] STARLINK-1826 -> STARLINK-11403 [DTC] | Tramission-time: 0.001652666655806462
[107] Energy routing consumed by STARLINK-1826: 0.000000 J (remaining 119998.88)
[53.103] Task 106 enqueued on NET STARLINK-11403 [DTC] qlen_enqueue_net=1
[Task 106] Task eseguito su STARLINK-11403 [DTC] 56.89922637938019 degrees | CPU=0.2568J, NET=0.0065J, TOTAL=0.2633J, Remaining=119988.25J
[53.110] Task 106 served on STARLINK-11403 [DTC] qlen_enqueue_cpu=1 qlen_enqueue_net=1 time_in_queue=0.000
[MODE: BIDIRECTIONAL]
[107][GREEDY] CONSEGNATO! STARLINK-11403 [DTC] -> OBS | Tramission-time: 1.7796740083348274e-11
[MODE: BIDIRECTIONAL]
[106][GREEDY] CONSEGNATO! STARLINK-11403 [DTC] -> OBS | Tramission-time: 4.892653641906192e-09
----------------------------------------------------------------------
	||TIME IN SIMULATION : (seconds:54) (minutes: 0) ||

MODIFICA CONFIGURAZIONE IN CORSO...

Aggiornato il Tempo Globale:  2025-11-20 20:56:08
---> Task 108 (Type: CPU_Intensive) arriva in 54.92
--- [54.92] Task 108 using SearchNode Policy: v2_ilp_hybrid ---
[54.92] [Task 108] Entering ILP branch (v2)
[ε-constraint energy] sumE_B=1.204209  bound=1.324630  active=False
[ILP] res_type=dict value_preview={'stage': 'B', 'status': 'Optimal', 'primary': 'energy', 'tol': 0.1, 'opt_primary': 1.2042094553555158, 'objective_secondary': 0.6464371512227899, 'sumE': 1.204
[54.92] [Task 108] ILP chose server: STARLINK-11403 [DTC]
[54.92] [Task 108] Routed STARLINK-31220 -> STARLINK-11403 [DTC] | E_NET=0.000026 J | Remaining=119999.99 J
[54.920] Task 108 enqueued on CPU STARLINK-11403 [DTC] qlen_enqueue=1
---> Task 109 (Type: CPU_and_Data_Intensive) arriva in 54.95
--- [54.95] Task 109 using SearchNode Policy: v2_ilp_hybrid ---
[54.95] [Task 109] Entering ILP branch (v2)
[ε-constraint energy] sumE_B=3.172543  bound=3.489797  active=False
[ILP] res_type=dict value_preview={'stage': 'B', 'status': 'Optimal', 'primary': 'energy', 'tol': 0.1, 'opt_primary': 3.1725425314671742, 'objective_secondary': 1.705675627145782, 'sumE': 3.1725
[54.95] [Task 109] ILP chose server: STARLINK-1826
[54.95] [Task 109] Routed STARLINK-31220 -> STARLINK-1826 | E_NET=0.004930 J | Remaining=119999.98 J
[54.952] Task 109 enqueued on CPU STARLINK-1826 qlen_enqueue=1
---> Task 110 (Type: Generic_Service) arriva in 55.48
--- [55.48] Task 110 using SearchNode Policy: v2_ilp_hybrid ---
[55.48] [Task 110] Entering ILP branch (v2)
[ε-constraint energy] sumE_B=0.086200  bound=0.094819  active=False
[ILP] res_type=dict value_preview={'stage': 'B', 'status': 'Optimal', 'primary': 'energy', 'tol': 0.1, 'opt_primary': 0.08619951297283669, 'objective_secondary': 0.046288097941750546, 'sumE': 0.
[55.48] [Task 110] ILP chose server: STARLINK-2160
[55.48] [Task 110] Routed STARLINK-31220 -> STARLINK-2160 | E_NET=0.000027 J | Remaining=119999.98 J
[55.483] Task 110 enqueued on CPU STARLINK-2160 qlen_enqueue=1
[Task 110] Task eseguito su STARLINK-2160 38.09952890542902 degrees | CPU=0.0862J, NET=0.0000J, TOTAL=0.0862J, Remaining=119997.92J
[55.532] Task 110 served on STARLINK-2160 qlen_enqueue_cpu=1 qlen_enqueue_net=None time_in_queue=0.000
[Task 108] Task eseguito su STARLINK-11403 [DTC] 58.60950996153087 degrees | CPU=1.2042J, NET=0.0000J, TOTAL=1.2042J, Remaining=119987.04J
[55.569] Task 108 served on STARLINK-11403 [DTC] qlen_enqueue_cpu=1 qlen_enqueue_net=None time_in_queue=0.000
[MODE: BIDIRECTIONAL]
[108][GREEDY] CONSEGNATO! STARLINK-11403 [DTC] -> OBS | Tramission-time: 2.312677238262677e-11
[110][GREEDY] STARLINK-2160 -> STARLINK-11403 [DTC] | Tramission-time: 0.0016097239135503855
[110] Energy routing consumed by STARLINK-2160: 0.000000 J (remaining 119997.92)
[MODE: BIDIRECTIONAL]
[110][GREEDY] CONSEGNATO! STARLINK-11403 [DTC] -> OBS | Tramission-time: 3.22529863216185e-11
---> Task 111 (Type: Generic_Service) arriva in 55.91
--- [55.91] Task 111 using SearchNode Policy: v2_ilp_hybrid ---
[55.91] [Task 111] Entering ILP branch (v2)
[ε-constraint energy] sumE_B=0.155938  bound=0.171532  active=False
[ILP] res_type=dict value_preview={'stage': 'B', 'status': 'Optimal', 'primary': 'energy', 'tol': 0.1, 'opt_primary': 0.15593812346362948, 'objective_secondary': 0.08371529805982224, 'sumE': 0.1
[55.91] [Task 111] ILP chose server: STARLINK-11403 [DTC]
[55.91] [Task 111] Routed STARLINK-31220 -> STARLINK-11403 [DTC] | E_NET=0.000013 J | Remaining=119999.98 J
[55.909] Task 111 enqueued on CPU STARLINK-11403 [DTC] qlen_enqueue=1
[Task 111] Task eseguito su STARLINK-11403 [DTC] 58.60950996153087 degrees | CPU=0.1559J, NET=0.0000J, TOTAL=0.1559J, Remaining=119986.89J
[55.993] Task 111 served on STARLINK-11403 [DTC] qlen_enqueue_cpu=1 qlen_enqueue_net=None time_in_queue=0.000
[MODE: BIDIRECTIONAL]
[111][GREEDY] CONSEGNATO! STARLINK-11403 [DTC] -> OBS | Tramission-time: 1.057677487310461e-11
----------------------------------------------------------------------
	||TIME IN SIMULATION : (seconds:56) (minutes: 0) ||

MODIFICA CONFIGURAZIONE IN CORSO...

Aggiornato il Tempo Globale:  2025-11-20 20:56:10
---> Task 112 (Type: Generic_Service) arriva in 56.10
--- [56.10] Task 112 using SearchNode Policy: v2_ilp_hybrid ---
[56.10] [Task 112] Entering ILP branch (v2)
[ε-constraint energy] sumE_B=0.093338  bound=0.102672  active=False
[ILP] res_type=dict value_preview={'stage': 'B', 'status': 'Optimal', 'primary': 'energy', 'tol': 0.1, 'opt_primary': 0.0933378537272533, 'objective_secondary': 0.05011491200449743, 'sumE': 0.09
[56.10] [Task 112] ILP chose server: STARLINK-11403 [DTC]
[56.10] [Task 112] Routed STARLINK-4525 -> STARLINK-11403 [DTC] | E_NET=0.000018 J | Remaining=120000.00 J
[56.096] Task 112 enqueued on CPU STARLINK-11403 [DTC] qlen_enqueue=1
[Task 112] Task eseguito su STARLINK-11403 [DTC] 60.37360666387156 degrees | CPU=0.0933J, NET=0.0000J, TOTAL=0.0933J, Remaining=119986.80J
[56.148] Task 112 served on STARLINK-11403 [DTC] qlen_enqueue_cpu=1 qlen_enqueue_net=None time_in_queue=0.000
---> Task 113 (Type: CPU_Intensive) arriva in 56.16
--- [56.16] Task 113 using SearchNode Policy: v2_ilp_hybrid ---
[56.16] [Task 113] Entering ILP branch (v2)
[ε-constraint energy] sumE_B=1.452649  bound=1.597914  active=False
[ILP] res_type=dict value_preview={'stage': 'B', 'status': 'Optimal', 'primary': 'energy', 'tol': 0.1, 'opt_primary': 1.4526490699188102, 'objective_secondary': 0.7797971754013856, 'sumE': 1.452
[56.16] [Task 113] ILP chose server: STARLINK-11403 [DTC]
[56.16] [Task 113] Routed STARLINK-4525 -> STARLINK-11403 [DTC] | E_NET=0.000018 J | Remaining=120000.00 J
[56.156] Task 113 enqueued on CPU STARLINK-11403 [DTC] qlen_enqueue=1
[MODE: BIDIRECTIONAL]
[112][GREEDY] CONSEGNATO! STARLINK-11403 [DTC] -> OBS | Tramission-time: 2.0434664931041467e-11
[56.652] Task 109 enqueued on NET STARLINK-1826 qlen_enqueue_net=1
[Task 109] Task eseguito su STARLINK-1826 32.40995598782918 degrees | CPU=3.1668J, NET=0.0049J, TOTAL=3.1718J, Remaining=119995.70J
[56.657] Task 109 served on STARLINK-1826 qlen_enqueue_cpu=1 qlen_enqueue_net=1 time_in_queue=0.000
[109][GREEDY] STARLINK-1826 -> STARLINK-11403 [DTC] | Tramission-time: 0.0016533488851776987
[109] Energy routing consumed by STARLINK-1826: 0.000000 J (remaining 119995.70)
[MODE: BIDIRECTIONAL]
[109][GREEDY] CONSEGNATO! STARLINK-11403 [DTC] -> OBS | Tramission-time: 5.413952816455127e-09
[Task 113] Task eseguito su STARLINK-11403 [DTC] 60.37360666387156 degrees | CPU=1.4526J, NET=0.0000J, TOTAL=1.4526J, Remaining=119985.34J
[56.938] Task 113 served on STARLINK-11403 [DTC] qlen_enqueue_cpu=1 qlen_enqueue_net=None time_in_queue=0.000
[MODE: BIDIRECTIONAL]
[113][GREEDY] CONSEGNATO! STARLINK-11403 [DTC] -> OBS | Tramission-time: 2.1860616138785733e-11
---> Task 114 (Type: Generic_Service) arriva in 57.13
--- [57.13] Task 114 using SearchNode Policy: v2_ilp_hybrid ---
[57.13] [Task 114] Entering ILP branch (v2)
[ε-constraint energy] sumE_B=0.019725  bound=0.021697  active=False
[ILP] res_type=dict value_preview={'stage': 'B', 'status': 'Optimal', 'primary': 'energy', 'tol': 0.1, 'opt_primary': 0.019724692831312472, 'objective_secondary': 0.010605627309021665, 'sumE': 0
[57.13] [Task 114] ILP chose server: STARLINK-11403 [DTC]
[57.13] [Task 114] Routed STARLINK-4525 -> STARLINK-11403 [DTC] | E_NET=0.000028 J | Remaining=120000.00 J
[57.130] Task 114 enqueued on CPU STARLINK-11403 [DTC] qlen_enqueue=1
[Task 114] Task eseguito su STARLINK-11403 [DTC] 60.37360666387156 degrees | CPU=0.0197J, NET=0.0000J, TOTAL=0.0197J, Remaining=119985.32J
[57.143] Task 114 served on STARLINK-11403 [DTC] qlen_enqueue_cpu=1 qlen_enqueue_net=None time_in_queue=0.000
[MODE: BIDIRECTIONAL]
[114][GREEDY] CONSEGNATO! STARLINK-11403 [DTC] -> OBS | Tramission-time: 3.052163656734802e-11
---> Task 115 (Type: CPU_Intensive) arriva in 57.43
--- [57.43] Task 115 using SearchNode Policy: v2_ilp_hybrid ---
[57.43] [Task 115] Entering ILP branch (v2)
[ε-constraint energy] sumE_B=1.189909  bound=1.308900  active=False
[ILP] res_type=dict value_preview={'stage': 'B', 'status': 'Optimal', 'primary': 'energy', 'tol': 0.1, 'opt_primary': 1.1899089490131027, 'objective_secondary': 0.6387621459953674, 'sumE': 1.189
[57.43] [Task 115] ILP chose server: STARLINK-11403 [DTC]
[57.43] [Task 115] Routed STARLINK-4525 -> STARLINK-11403 [DTC] | E_NET=0.000026 J | Remaining=120000.00 J
[57.433] Task 115 enqueued on CPU STARLINK-11403 [DTC] qlen_enqueue=1
----------------------------------------------------------------------
	||TIME IN SIMULATION : (seconds:58) (minutes: 0) ||

MODIFICA CONFIGURAZIONE IN CORSO...

Aggiornato il Tempo Globale:  2025-11-20 20:56:12
[Task 115] Task eseguito su STARLINK-11403 [DTC] 62.190118584627605 degrees | CPU=1.1899J, NET=0.0000J, TOTAL=1.1899J, Remaining=119984.13J
[58.074] Task 115 served on STARLINK-11403 [DTC] qlen_enqueue_cpu=1 qlen_enqueue_net=None time_in_queue=0.000
[MODE: BIDIRECTIONAL]
[115][GREEDY] CONSEGNATO! STARLINK-11403 [DTC] -> OBS | Tramission-time: 2.9796626962211224e-11
---> Task 116 (Type: CPU_Intensive) arriva in 59.23
--- [59.23] Task 116 using SearchNode Policy: v2_ilp_hybrid ---
[59.23] [Task 116] Entering ILP branch (v2)
[ε-constraint energy] sumE_B=0.430110  bound=0.473121  active=False
[ILP] res_type=dict value_preview={'stage': 'B', 'status': 'Optimal', 'primary': 'energy', 'tol': 0.1, 'opt_primary': 0.43011032600703186, 'objective_secondary': 0.23089475650322563, 'sumE': 0.4
[59.23] [Task 116] ILP chose server: STARLINK-11403 [DTC]
[59.23] [Task 116] Routed STARLINK-4525 -> STARLINK-11403 [DTC] | E_NET=0.000020 J | Remaining=120000.00 J
[59.236] Task 116 enqueued on CPU STARLINK-11403 [DTC] qlen_enqueue=1
[Task 116] Task eseguito su STARLINK-11403 [DTC] 62.190118584627605 degrees | CPU=0.4301J, NET=0.0000J, TOTAL=0.4301J, Remaining=119983.70J
[59.468] Task 116 served on STARLINK-11403 [DTC] qlen_enqueue_cpu=1 qlen_enqueue_net=None time_in_queue=0.000
[MODE: BIDIRECTIONAL]
[116][GREEDY] CONSEGNATO! STARLINK-11403 [DTC] -> OBS | Tramission-time: 1.5939223171951145e-11
----------------------------------------------------------------------
	||TIME IN SIMULATION : (seconds:60) (minutes: 1) ||

MODIFICA CONFIGURAZIONE IN CORSO...

Aggiornato il Tempo Globale:  2025-11-20 20:56:14
---> Task 117 (Type: Generic_Service) arriva in 60.02
--- [60.02] Task 117 using SearchNode Policy: v2_ilp_hybrid ---
[60.02] [Task 117] Entering ILP branch (v2)
[ε-constraint energy] sumE_B=0.248395  bound=0.273234  active=False
[ILP] res_type=dict value_preview={'stage': 'B', 'status': 'Optimal', 'primary': 'energy', 'tol': 0.1, 'opt_primary': 0.24839451342083982, 'objective_secondary': 0.13334584168488892, 'sumE': 0.2
[60.02] [Task 117] ILP chose server: STARLINK-11403 [DTC]
[60.02] [Task 117] Routed STARLINK-4525 -> STARLINK-11403 [DTC] | E_NET=0.000012 J | Remaining=120000.00 J
[60.024] Task 117 enqueued on CPU STARLINK-11403 [DTC] qlen_enqueue=1
[Task 117] Task eseguito su STARLINK-11403 [DTC] 64.05678850863228 degrees | CPU=0.2484J, NET=0.0000J, TOTAL=0.2484J, Remaining=119983.45J
[60.159] Task 117 served on STARLINK-11403 [DTC] qlen_enqueue_cpu=1 qlen_enqueue_net=None time_in_queue=0.000
---> Task 118 (Type: CPU_Intensive) arriva in 60.16
--- [60.16] Task 118 using SearchNode Policy: v2_ilp_hybrid ---
[60.16] [Task 118] Entering ILP branch (v2)
[ε-constraint energy] sumE_B=0.664755  bound=0.731231  active=False
[ILP] res_type=dict value_preview={'stage': 'B', 'status': 'Optimal', 'primary': 'energy', 'tol': 0.1, 'opt_primary': 0.6647553115628886, 'objective_secondary': 0.35685561673177935, 'sumE': 0.66
[60.16] [Task 118] ILP chose server: STARLINK-11403 [DTC]
[60.16] [Task 118] Routed STARLINK-4525 -> STARLINK-11403 [DTC] | E_NET=0.000022 J | Remaining=120000.00 J
[60.164] Task 118 enqueued on CPU STARLINK-11403 [DTC] qlen_enqueue=1
[MODE: BIDIRECTIONAL]
[117][GREEDY] CONSEGNATO! STARLINK-11403 [DTC] -> OBS | Tramission-time: 1.2828098389637434e-11
[Task 118] Task eseguito su STARLINK-11403 [DTC] 64.05678850863228 degrees | CPU=0.6647J, NET=0.0000J, TOTAL=0.6647J, Remaining=119982.79J
[60.523] Task 118 served on STARLINK-11403 [DTC] qlen_enqueue_cpu=1 qlen_enqueue_net=None time_in_queue=0.000
[MODE: BIDIRECTIONAL]
[118][GREEDY] CONSEGNATO! STARLINK-11403 [DTC] -> OBS | Tramission-time: 2.175928737970936e-11
---> Task 119 (Type: Generic_Service) arriva in 60.68
--- [60.68] Task 119 using SearchNode Policy: v2_ilp_hybrid ---
[60.68] [Task 119] Entering ILP branch (v2)
[ε-constraint energy] sumE_B=0.046671  bound=0.051339  active=False
[ILP] res_type=dict value_preview={'stage': 'B', 'status': 'Optimal', 'primary': 'energy', 'tol': 0.1, 'opt_primary': 0.04667147144806376, 'objective_secondary': 0.025057895201479774, 'sumE': 0.
[60.68] [Task 119] ILP chose server: STARLINK-11403 [DTC]
[60.68] [Task 119] Routed STARLINK-4525 -> STARLINK-11403 [DTC] | E_NET=0.000008 J | Remaining=120000.00 J
[60.679] Task 119 enqueued on CPU STARLINK-11403 [DTC] qlen_enqueue=1
[Task 119] Task eseguito su STARLINK-11403 [DTC] 64.05678850863228 degrees | CPU=0.0467J, NET=0.0000J, TOTAL=0.0467J, Remaining=119982.74J
[60.704] Task 119 served on STARLINK-11403 [DTC] qlen_enqueue_cpu=1 qlen_enqueue_net=None time_in_queue=0.000
[MODE: BIDIRECTIONAL]
[119][GREEDY] CONSEGNATO! STARLINK-11403 [DTC] -> OBS | Tramission-time: 8.771411067600652e-12
---> Task 120 (Type: CPU_Intensive) arriva in 61.43
--- [61.43] Task 120 using SearchNode Policy: v2_ilp_hybrid ---
[61.43] [Task 120] Entering ILP branch (v2)
[ε-constraint energy] sumE_B=0.115934  bound=0.127527  active=False
[ILP] res_type=dict value_preview={'stage': 'B', 'status': 'Optimal', 'primary': 'energy', 'tol': 0.1, 'opt_primary': 0.11593379316801077, 'objective_secondary': 0.06223880262423779, 'sumE': 0.1
[61.43] [Task 120] ILP chose server: STARLINK-11403 [DTC]
[61.43] [Task 120] Routed STARLINK-4525 -> STARLINK-11403 [DTC] | E_NET=0.000009 J | Remaining=120000.00 J
[61.432] Task 120 enqueued on CPU STARLINK-11403 [DTC] qlen_enqueue=1
[Task 120] Task eseguito su STARLINK-11403 [DTC] 64.05678850863228 degrees | CPU=0.1159J, NET=0.0000J, TOTAL=0.1159J, Remaining=119982.63J
[61.495] Task 120 served on STARLINK-11403 [DTC] qlen_enqueue_cpu=1 qlen_enqueue_net=None time_in_queue=0.000
[MODE: BIDIRECTIONAL]
[120][GREEDY] CONSEGNATO! STARLINK-11403 [DTC] -> OBS | Tramission-time: 8.686628578640105e-12
---> Task 121 (Type: CPU_Intensive) arriva in 61.53
--- [61.53] Task 121 using SearchNode Policy: v2_ilp_hybrid ---
[61.53] [Task 121] Entering ILP branch (v2)
[ε-constraint energy] sumE_B=0.693607  bound=0.762968  active=False
[ILP] res_type=dict value_preview={'stage': 'B', 'status': 'Optimal', 'primary': 'energy', 'tol': 0.1, 'opt_primary': 0.6936069937340426, 'objective_secondary': 0.372347527776114, 'sumE': 0.6936
[61.53] [Task 121] ILP chose server: STARLINK-11403 [DTC]
[61.53] [Task 121] Routed STARLINK-4525 -> STARLINK-11403 [DTC] | E_NET=0.000029 J | Remaining=120000.00 J
[61.529] Task 121 enqueued on CPU STARLINK-11403 [DTC] qlen_enqueue=1
[Task 121] Task eseguito su STARLINK-11403 [DTC] 64.05678850863228 degrees | CPU=0.6936J, NET=0.0000J, TOTAL=0.6936J, Remaining=119981.93J
[61.904] Task 121 served on STARLINK-11403 [DTC] qlen_enqueue_cpu=1 qlen_enqueue_net=None time_in_queue=0.000
---> Task 122 (Type: CPU_Intensive) arriva in 61.91
--- [61.91] Task 122 using SearchNode Policy: v2_ilp_hybrid ---
[61.91] [Task 122] Entering ILP branch (v2)
[ε-constraint energy] sumE_B=0.555073  bound=0.610580  active=False
[ILP] res_type=dict value_preview={'stage': 'B', 'status': 'Optimal', 'primary': 'energy', 'tol': 0.1, 'opt_primary': 0.555072637804209, 'objective_secondary': 0.29797349218300634, 'sumE': 0.555
[61.91] [Task 122] ILP chose server: STARLINK-11403 [DTC]
[61.91] [Task 122] Routed STARLINK-4525 -> STARLINK-11403 [DTC] | E_NET=0.000015 J | Remaining=120000.00 J
[61.909] Task 122 enqueued on CPU STARLINK-11403 [DTC] qlen_enqueue=1
[MODE: BIDIRECTIONAL]
[121][GREEDY] CONSEGNATO! STARLINK-11403 [DTC] -> OBS | Tramission-time: 2.763291821718566e-11
----------------------------------------------------------------------
	||TIME IN SIMULATION : (seconds:62) (minutes: 1) ||

MODIFICA CONFIGURAZIONE IN CORSO...

Aggiornato il Tempo Globale:  2025-11-20 20:56:16
[Task 122] Task eseguito su STARLINK-11403 [DTC] 65.97027670909277 degrees | CPU=0.5551J, NET=0.0000J, TOTAL=0.5551J, Remaining=119981.38J
[62.208] Task 122 served on STARLINK-11403 [DTC] qlen_enqueue_cpu=1 qlen_enqueue_net=None time_in_queue=0.000
[MODE: BIDIRECTIONAL]
[122][GREEDY] CONSEGNATO! STARLINK-11403 [DTC] -> OBS | Tramission-time: 1.5261887129008747e-11
---> Task 123 (Type: CPU_and_Data_Intensive) arriva in 63.51
--- [63.51] Task 123 using SearchNode Policy: v2_ilp_hybrid ---
[63.51] [Task 123] Entering ILP branch (v2)
[ε-constraint energy] sumE_B=0.246326  bound=0.270959  active=False
[ILP] res_type=dict value_preview={'stage': 'B', 'status': 'Optimal', 'primary': 'energy', 'tol': 0.1, 'opt_primary': 0.24632617482914942, 'objective_secondary': 0.1353074646287119, 'sumE': 0.24
[63.51] [Task 123] ILP chose server: STARLINK-11403 [DTC]
[63.51] [Task 123] Routed STARLINK-4525 -> STARLINK-11403 [DTC] | E_NET=0.005353 J | Remaining=119999.99 J
[63.513] Task 123 enqueued on CPU STARLINK-11403 [DTC] qlen_enqueue=1
[63.642] Task 123 enqueued on NET STARLINK-11403 [DTC] qlen_enqueue_net=1
[Task 123] Task eseguito su STARLINK-11403 [DTC] 65.97027670909277 degrees | CPU=0.2397J, NET=0.0054J, TOTAL=0.2450J, Remaining=119981.13J
[63.647] Task 123 served on STARLINK-11403 [DTC] qlen_enqueue_cpu=1 qlen_enqueue_net=1 time_in_queue=0.000
[MODE: BIDIRECTIONAL]
[123][GREEDY] CONSEGNATO! STARLINK-11403 [DTC] -> OBS | Tramission-time: 5.021855096734063e-09
----------------------------------------------------------------------
	||TIME IN SIMULATION : (seconds:64) (minutes: 1) ||

MODIFICA CONFIGURAZIONE IN CORSO...

Aggiornato il Tempo Globale:  2025-11-20 20:56:18
---> Task 124 (Type: CPU_Intensive) arriva in 65.03
--- [65.03] Task 124 using SearchNode Policy: v2_ilp_hybrid ---
[65.03] [Task 124] Entering ILP branch (v2)
[ε-constraint energy] sumE_B=0.992519  bound=1.091771  active=False
[ILP] res_type=dict value_preview={'stage': 'B', 'status': 'Optimal', 'primary': 'energy', 'tol': 0.1, 'opt_primary': 0.9925192058102519, 'objective_secondary': 0.5327901286674748, 'sumE': 0.992
[65.03] [Task 124] ILP chose server: STARLINK-11403 [DTC]
[65.03] [Task 124] Routed STARLINK-4525 -> STARLINK-11403 [DTC] | E_NET=0.000006 J | Remaining=119999.99 J
[65.026] Task 124 enqueued on CPU STARLINK-11403 [DTC] qlen_enqueue=1
[Task 124] Task eseguito su STARLINK-11403 [DTC] 67.92584653300213 degrees | CPU=0.9925J, NET=0.0000J, TOTAL=0.9925J, Remaining=119980.14J
[65.560] Task 124 served on STARLINK-11403 [DTC] qlen_enqueue_cpu=1 qlen_enqueue_net=None time_in_queue=0.000
[MODE: BIDIRECTIONAL]
[124][GREEDY] CONSEGNATO! STARLINK-11403 [DTC] -> OBS | Tramission-time: 5.720244748803629e-12
----------------------------------------------------------------------
	||TIME IN SIMULATION : (seconds:66) (minutes: 1) ||

MODIFICA CONFIGURAZIONE IN CORSO...

Aggiornato il Tempo Globale:  2025-11-20 20:56:20
---> Task 125 (Type: CPU_and_Data_Intensive) arriva in 66.21
--- [66.21] Task 125 using SearchNode Policy: v2_ilp_hybrid ---
[66.21] [Task 125] Entering ILP branch (v2)
[ε-constraint energy] sumE_B=3.692475  bound=4.061722  active=False
[ILP] res_type=dict value_preview={'stage': 'B', 'status': 'Optimal', 'primary': 'energy', 'tol': 0.1, 'opt_primary': 3.692474850340224, 'objective_secondary': 1.9860334479665525, 'sumE': 3.6924
[66.21] [Task 125] ILP chose server: STARLINK-11403 [DTC]
[66.21] [Task 125] Routed STARLINK-4525 -> STARLINK-11403 [DTC] | E_NET=0.006610 J | Remaining=119999.99 J
[66.223] Task 125 enqueued on CPU STARLINK-11403 [DTC] qlen_enqueue=1
---> Task 126 (Type: Generic_Service) arriva in 66.84
--- [66.84] Task 126 using SearchNode Policy: v2_ilp_hybrid ---
[66.84] [Task 126] Entering ILP branch (v2)
[ε-constraint energy] sumE_B=0.160443  bound=0.176488  active=False
[ILP] res_type=dict value_preview={'stage': 'B', 'status': 'Optimal', 'primary': 'energy', 'tol': 0.1, 'opt_primary': 0.1604433060321314, 'objective_secondary': 0.08613249475550637, 'sumE': 0.16
[66.84] [Task 126] ILP chose server: STARLINK-2116
[66.84] [Task 126] Routed STARLINK-4525 -> STARLINK-2116 | E_NET=0.000013 J | Remaining=119999.99 J
[66.840] Task 126 enqueued on CPU STARLINK-2116 qlen_enqueue=1
[Task 126] Task eseguito su STARLINK-2116 45.18752114143322 degrees | CPU=0.1604J, NET=0.0000J, TOTAL=0.1604J, Remaining=119999.62J
[66.927] Task 126 served on STARLINK-2116 qlen_enqueue_cpu=1 qlen_enqueue_net=None time_in_queue=0.000
[126][GREEDY] STARLINK-2116 -> STARLINK-11403 [DTC] | Tramission-time: 0.0018258947007043843
[126] Energy routing consumed by STARLINK-2116: 0.000000 J (remaining 119999.62)
[MODE: BIDIRECTIONAL]
[126][GREEDY] CONSEGNATO! STARLINK-11403 [DTC] -> OBS | Tramission-time: 1.016422745656233e-11
---> Task 127 (Type: CPU_Intensive) arriva in 67.99
--- [67.99] Task 127 using SearchNode Policy: v2_ilp_hybrid ---
[67.99] [Task 127] Entering ILP branch (v2)
[ε-constraint energy] sumE_B=0.062780  bound=0.069058  active=False
[ILP] res_type=dict value_preview={'stage': 'B', 'status': 'Optimal', 'primary': 'energy', 'tol': 0.1, 'opt_primary': 0.06278024172728279, 'objective_secondary': 0.03370308364792302, 'sumE': 0.0
[67.99] [Task 127] ILP chose server: STARLINK-2116
[67.99] [Task 127] Routed STARLINK-4525 -> STARLINK-2116 | E_NET=0.000005 J | Remaining=119999.99 J
[67.989] Task 127 enqueued on CPU STARLINK-2116 qlen_enqueue=1
----------------------------------------------------------------------
	||TIME IN SIMULATION : (seconds:68) (minutes: 1) ||

MODIFICA CONFIGURAZIONE IN CORSO...

Aggiornato il Tempo Globale:  2025-11-20 20:56:22
[Task 127] Task eseguito su STARLINK-2116 44.43782688266311 degrees | CPU=0.0628J, NET=0.0000J, TOTAL=0.0628J, Remaining=119999.55J
[68.023] Task 127 served on STARLINK-2116 qlen_enqueue_cpu=1 qlen_enqueue_net=None time_in_queue=0.000
[127][GREEDY] STARLINK-2116 -> STARLINK-11403 [DTC] | Tramission-time: 0.001813883525229294
[127] Energy routing consumed by STARLINK-2116: 0.000000 J (remaining 119999.55)
[MODE: BIDIRECTIONAL]
[127][GREEDY] CONSEGNATO! STARLINK-11403 [DTC] -> OBS | Tramission-time: 5.0448582023527555e-12
[68.200] Task 125 enqueued on NET STARLINK-11403 [DTC] qlen_enqueue_net=1
[Task 125] Task eseguito su STARLINK-11403 [DTC] 71.93418450696649 degrees | CPU=3.6840J, NET=0.0066J, TOTAL=3.6907J, Remaining=119976.45J
[68.207] Task 125 served on STARLINK-11403 [DTC] qlen_enqueue_cpu=1 qlen_enqueue_net=1 time_in_queue=0.000
[MODE: BIDIRECTIONAL]
[125][GREEDY] CONSEGNATO! STARLINK-11403 [DTC] -> OBS | Tramission-time: 5.5956151555330896e-09
---> Task 128 (Type: Generic_Service) arriva in 68.83
--- [68.83] Task 128 using SearchNode Policy: v2_ilp_hybrid ---
[68.83] [Task 128] Entering ILP branch (v2)
[ε-constraint energy] sumE_B=0.096811  bound=0.106492  active=False
[ILP] res_type=dict value_preview={'stage': 'B', 'status': 'Optimal', 'primary': 'energy', 'tol': 0.1, 'opt_primary': 0.09681082734653883, 'objective_secondary': 0.05197677512301005, 'sumE': 0.0
[68.83] [Task 128] ILP chose server: STARLINK-11403 [DTC]
[68.83] [Task 128] Routed STARLINK-4525 -> STARLINK-11403 [DTC] | E_NET=0.000017 J | Remaining=119999.99 J
[68.830] Task 128 enqueued on CPU STARLINK-11403 [DTC] qlen_enqueue=1
[Task 128] Task eseguito su STARLINK-11403 [DTC] 71.93418450696649 degrees | CPU=0.0968J, NET=0.0000J, TOTAL=0.0968J, Remaining=119976.35J
[68.883] Task 128 served on STARLINK-11403 [DTC] qlen_enqueue_cpu=1 qlen_enqueue_net=None time_in_queue=0.000
[MODE: BIDIRECTIONAL]
[128][GREEDY] CONSEGNATO! STARLINK-11403 [DTC] -> OBS | Tramission-time: 1.4620171185318958e-11
---> Task 129 (Type: CPU_Intensive) arriva in 69.14
--- [69.14] Task 129 using SearchNode Policy: v2_ilp_hybrid ---
[69.14] [Task 129] Entering ILP branch (v2)
[ε-constraint energy] sumE_B=0.567087  bound=0.623796  active=False
[ILP] res_type=dict value_preview={'stage': 'B', 'status': 'Optimal', 'primary': 'energy', 'tol': 0.1, 'opt_primary': 0.5670872488539542, 'objective_secondary': 0.3044218316715221, 'sumE': 0.567
[69.14] [Task 129] ILP chose server: STARLINK-11403 [DTC]
[69.14] [Task 129] Routed STARLINK-4525 -> STARLINK-11403 [DTC] | E_NET=0.000016 J | Remaining=119999.99 J
[69.142] Task 129 enqueued on CPU STARLINK-11403 [DTC] qlen_enqueue=1
---> Task 130 (Type: Generic_Service) arriva in 69.17
--- [69.17] Task 130 using SearchNode Policy: v2_ilp_hybrid ---
[69.17] [Task 130] Entering ILP branch (v2)
[ε-constraint energy] sumE_B=0.084091  bound=0.092500  active=False
[ILP] res_type=dict value_preview={'stage': 'B', 'status': 'Optimal', 'primary': 'energy', 'tol': 0.1, 'opt_primary': 0.0840910320116771, 'objective_secondary': 0.0451443937210695, 'sumE': 0.084
[69.17] [Task 130] ILP chose server: STARLINK-2116
[69.17] [Task 130] Routed STARLINK-4525 -> STARLINK-2116 | E_NET=0.000008 J | Remaining=119999.99 J
[69.173] Task 130 enqueued on CPU STARLINK-2116 qlen_enqueue=1
[Task 130] Task eseguito su STARLINK-2116 44.43782688266311 degrees | CPU=0.0841J, NET=0.0000J, TOTAL=0.0841J, Remaining=119999.47J
[69.218] Task 130 served on STARLINK-2116 qlen_enqueue_cpu=1 qlen_enqueue_net=None time_in_queue=0.000
[130][GREEDY] STARLINK-2116 -> STARLINK-11403 [DTC] | Tramission-time: 0.0018138835272877843
[130] Energy routing consumed by STARLINK-2116: 0.000000 J (remaining 119999.47)
[MODE: BIDIRECTIONAL]
[130][GREEDY] CONSEGNATO! STARLINK-11403 [DTC] -> OBS | Tramission-time: 7.0747972032642e-12
[Task 129] Task eseguito su STARLINK-11403 [DTC] 71.93418450696649 degrees | CPU=0.5671J, NET=0.0000J, TOTAL=0.5671J, Remaining=119975.79J
[69.447] Task 129 served on STARLINK-11403 [DTC] qlen_enqueue_cpu=1 qlen_enqueue_net=None time_in_queue=0.000
[MODE: BIDIRECTIONAL]
[129][GREEDY] CONSEGNATO! STARLINK-11403 [DTC] -> OBS | Tramission-time: 1.4805267025390564e-11
----------------------------------------------------------------------
	||TIME IN SIMULATION : (seconds:70) (minutes: 1) ||

MODIFICA CONFIGURAZIONE IN CORSO...

Aggiornato il Tempo Globale:  2025-11-20 20:56:24
---> Task 131 (Type: Generic_Service) arriva in 70.86
--- [70.86] Task 131 using SearchNode Policy: v2_ilp_hybrid ---
[70.86] [Task 131] Entering ILP branch (v2)
[ε-constraint energy] sumE_B=0.014314  bound=0.015746  active=False
[ILP] res_type=dict value_preview={'stage': 'B', 'status': 'Optimal', 'primary': 'energy', 'tol': 0.1, 'opt_primary': 0.014314132595065351, 'objective_secondary': 0.007693730419990618, 'sumE': 0
[70.86] [Task 131] ILP chose server: STARLINK-11403 [DTC]
[70.86] [Task 131] Routed STARLINK-4525 -> STARLINK-11403 [DTC] | E_NET=0.000015 J | Remaining=119999.99 J
[70.857] Task 131 enqueued on CPU STARLINK-11403 [DTC] qlen_enqueue=1
[Task 131] Task eseguito su STARLINK-11403 [DTC] 73.96457322412445 degrees | CPU=0.0143J, NET=0.0000J, TOTAL=0.0143J, Remaining=119975.77J
[70.866] Task 131 served on STARLINK-11403 [DTC] qlen_enqueue_cpu=1 qlen_enqueue_net=None time_in_queue=0.000
[MODE: BIDIRECTIONAL]
[131][GREEDY] CONSEGNATO! STARLINK-11403 [DTC] -> OBS | Tramission-time: 1.7879284701547223e-11
---> Task 132 (Type: CPU_Intensive) arriva in 71.51
--- [71.51] Task 132 using SearchNode Policy: v2_ilp_hybrid ---
[71.51] [Task 132] Entering ILP branch (v2)
[ε-constraint energy] sumE_B=0.280389  bound=0.308428  active=False
[ILP] res_type=dict value_preview={'stage': 'B', 'status': 'Optimal', 'primary': 'energy', 'tol': 0.1, 'opt_primary': 0.28038928919182765, 'objective_secondary': 0.1505211266068554, 'sumE': 0.28
[71.51] [Task 132] ILP chose server: STARLINK-11403 [DTC]
[71.51] [Task 132] Routed STARLINK-4525 -> STARLINK-11403 [DTC] | E_NET=0.000011 J | Remaining=119999.99 J
[71.507] Task 132 enqueued on CPU STARLINK-11403 [DTC] qlen_enqueue=1
[Task 132] Task eseguito su STARLINK-11403 [DTC] 73.96457322412445 degrees | CPU=0.2804J, NET=0.0000J, TOTAL=0.2804J, Remaining=119975.49J
[71.659] Task 132 served on STARLINK-11403 [DTC] qlen_enqueue_cpu=1 qlen_enqueue_net=None time_in_queue=0.000
[MODE: BIDIRECTIONAL]
[132][GREEDY] CONSEGNATO! STARLINK-11403 [DTC] -> OBS | Tramission-time: 1.0762981208680335e-11
---> Task 133 (Type: CPU_and_Data_Intensive) arriva in 71.99
--- [71.99] Task 133 using SearchNode Policy: v2_ilp_hybrid ---
[71.99] [Task 133] Entering ILP branch (v2)
[ε-constraint energy] sumE_B=0.625225  bound=0.687748  active=False
[ILP] res_type=dict value_preview={'stage': 'B', 'status': 'Optimal', 'primary': 'energy', 'tol': 0.1, 'opt_primary': 0.6252250619193432, 'objective_secondary': 0.3358426403197225, 'sumE': 0.625
[71.99] [Task 133] ILP chose server: STARLINK-11403 [DTC]
[71.99] [Task 133] Routed STARLINK-4525 -> STARLINK-11403 [DTC] | E_NET=0.000333 J | Remaining=119999.99 J
[71.989] Task 133 enqueued on CPU STARLINK-11403 [DTC] qlen_enqueue=1
----------------------------------------------------------------------
	||TIME IN SIMULATION : (seconds:72) (minutes: 1) ||

MODIFICA CONFIGURAZIONE IN CORSO...

Aggiornato il Tempo Globale:  2025-11-20 20:56:26
[72.324] Task 133 enqueued on NET STARLINK-11403 [DTC] qlen_enqueue_net=1
[Task 133] Task eseguito su STARLINK-11403 [DTC] 75.988638055214 degrees | CPU=0.6247J, NET=0.0003J, TOTAL=0.6251J, Remaining=119974.87J
[72.325] Task 133 served on STARLINK-11403 [DTC] qlen_enqueue_cpu=1 qlen_enqueue_net=1 time_in_queue=0.000
---> Task 134 (Type: CPU_Intensive) arriva in 72.39
--- [72.39] Task 134 using SearchNode Policy: v2_ilp_hybrid ---
[72.39] [Task 134] Entering ILP branch (v2)
[ε-constraint energy] sumE_B=1.547767  bound=1.702543  active=False
[ILP] res_type=dict value_preview={'stage': 'B', 'status': 'Optimal', 'primary': 'energy', 'tol': 0.1, 'opt_primary': 1.5477667970895355, 'objective_secondary': 0.8308554680588172, 'sumE': 1.547
[72.39] [Task 134] ILP chose server: STARLINK-11403 [DTC]
[72.39] [Task 134] Routed STARLINK-6195 -> STARLINK-11403 [DTC] | E_NET=0.000019 J | Remaining=120000.00 J
[72.388] Task 134 enqueued on CPU STARLINK-11403 [DTC] qlen_enqueue=1
[MODE: BIDIRECTIONAL]
[133][GREEDY] CONSEGNATO! STARLINK-11403 [DTC] -> OBS | Tramission-time: 3.9135003592921975e-10
[Task 134] Task eseguito su STARLINK-11403 [DTC] 75.988638055214 degrees | CPU=1.5477J, NET=0.0000J, TOTAL=1.5478J, Remaining=119973.32J
[73.220] Task 134 served on STARLINK-11403 [DTC] qlen_enqueue_cpu=1 qlen_enqueue_net=None time_in_queue=0.000
[MODE: BIDIRECTIONAL]
[134][GREEDY] CONSEGNATO! STARLINK-11403 [DTC] -> OBS | Tramission-time: 2.015490973091879e-11
---> Task 135 (Type: CPU_and_Data_Intensive) arriva in 73.58
--- [73.58] Task 135 using SearchNode Policy: v2_ilp_hybrid ---
[73.58] [Task 135] Entering ILP branch (v2)
[ε-constraint energy] sumE_B=2.930226  bound=3.223248  active=False
[ILP] res_type=dict value_preview={'stage': 'B', 'status': 'Optimal', 'primary': 'energy', 'tol': 0.1, 'opt_primary': 2.9302255825965102, 'objective_secondary': 1.575890944975724, 'sumE': 2.9302
[73.58] [Task 135] ILP chose server: STARLINK-11403 [DTC]
[73.58] [Task 135] Routed STARLINK-6195 -> STARLINK-11403 [DTC] | E_NET=0.005445 J | Remaining=119999.99 J
[73.587] Task 135 enqueued on CPU STARLINK-11403 [DTC] qlen_enqueue=1
----------------------------------------------------------------------
	||TIME IN SIMULATION : (seconds:74) (minutes: 1) ||

MODIFICA CONFIGURAZIONE IN CORSO...

Aggiornato il Tempo Globale:  2025-11-20 20:56:28
---> Task 136 (Type: CPU_and_Data_Intensive) arriva in 74.03
--- [74.03] Task 136 using SearchNode Policy: v2_ilp_hybrid ---
[74.03] [Task 136] Entering ILP branch (v2)
[ε-constraint energy] sumE_B=1.976025  bound=2.173628  active=False
[ILP] res_type=dict value_preview={'stage': 'B', 'status': 'Optimal', 'primary': 'energy', 'tol': 0.1, 'opt_primary': 1.9760252268358507, 'objective_secondary': 1.0621011279117956, 'sumE': 1.976
[74.03] [Task 136] ILP chose server: STARLINK-31763
[74.03] [Task 136] Routed STARLINK-6195 -> STARLINK-31763 | E_NET=0.002681 J | Remaining=119999.99 J
[74.036] Task 136 enqueued on CPU STARLINK-31763 qlen_enqueue=1
---> Task 137 (Type: CPU_Intensive) arriva in 74.97
--- [74.97] Task 137 using SearchNode Policy: v2_ilp_hybrid ---
[74.97] [Task 137] Entering ILP branch (v2)
[ε-constraint energy] sumE_B=0.745412  bound=0.819953  active=False
[ILP] res_type=dict value_preview={'stage': 'B', 'status': 'Optimal', 'primary': 'energy', 'tol': 0.1, 'opt_primary': 0.7454121354051937, 'objective_secondary': 0.40015788014209985, 'sumE': 0.74
[74.97] [Task 137] ILP chose server: STARLINK-31751
[74.97] [Task 137] Routed STARLINK-6195 -> STARLINK-31751 | E_NET=0.000031 J | Remaining=119999.99 J
[74.970] Task 137 enqueued on CPU STARLINK-31751 qlen_enqueue=1
[75.096] Task 136 enqueued on NET STARLINK-31763 qlen_enqueue_net=1
[Task 136] Task eseguito su STARLINK-31763 26.057210297884204 degrees | CPU=1.9731J, NET=0.0027J, TOTAL=1.9758J, Remaining=119998.02J
[75.098] Task 136 served on STARLINK-31763 qlen_enqueue_cpu=1 qlen_enqueue_net=1 time_in_queue=0.000
[136][GREEDY] STARLINK-31763 -> STARLINK-32654 | Tramission-time: 0.002005957399424033
[136] Energy routing consumed by STARLINK-31763: 0.000000 J (remaining 119998.02)
[75.157] Task 135 enqueued on NET STARLINK-11403 [DTC] qlen_enqueue_net=1
[Task 135] Task eseguito su STARLINK-11403 [DTC] 77.97616191275458 degrees | CPU=2.9239J, NET=0.0054J, TOTAL=2.9293J, Remaining=119970.39J
[75.162] Task 135 served on STARLINK-11403 [DTC] qlen_enqueue_cpu=1 qlen_enqueue_net=1 time_in_queue=0.000
[MODE: BIDIRECTIONAL]
[135][GREEDY] CONSEGNATO! STARLINK-11403 [DTC] -> OBS | Tramission-time: 5.722365629294158e-09
[MODE: BIDIRECTIONAL]
[136][GREEDY] CONSEGNATO! STARLINK-32654 -> OBS | Tramission-time: 2.4182154038083116e-09
---> Task 138 (Type: Generic_Service) arriva in 75.27
--- [75.27] Task 138 using SearchNode Policy: v2_ilp_hybrid ---
[75.27] [Task 138] Entering ILP branch (v2)
[ε-constraint energy] sumE_B=0.009419  bound=0.010360  active=False
[ILP] res_type=dict value_preview={'stage': 'B', 'status': 'Optimal', 'primary': 'energy', 'tol': 0.1, 'opt_primary': 0.009418585492363409, 'objective_secondary': 0.005063760348585748, 'sumE': 0
[75.27] [Task 138] ILP chose server: STARLINK-31763
[75.27] [Task 138] Routed STARLINK-6195 -> STARLINK-31763 | E_NET=0.000015 J | Remaining=119999.99 J
[75.270] Task 138 enqueued on CPU STARLINK-31763 qlen_enqueue=1
[Task 138] Task eseguito su STARLINK-31763 26.057210297884204 degrees | CPU=0.0094J, NET=0.0000J, TOTAL=0.0094J, Remaining=119998.01J
[75.276] Task 138 served on STARLINK-31763 qlen_enqueue_cpu=1 qlen_enqueue_net=None time_in_queue=0.000
[138][GREEDY] STARLINK-31763 -> STARLINK-32654 | Tramission-time: 0.002005955276293117
[138] Energy routing consumed by STARLINK-31763: 0.000000 J (remaining 119998.01)
[Task 137] Task eseguito su STARLINK-31751 47.93134002446232 degrees | CPU=0.7454J, NET=0.0000J, TOTAL=0.7454J, Remaining=119993.62J
[75.373] Task 137 served on STARLINK-31751 qlen_enqueue_cpu=1 qlen_enqueue_net=None time_in_queue=0.000
[137][GREEDY] STARLINK-31751 -> STARLINK-11403 [DTC] | Tramission-time: 0.0015600306593560008
[137] Energy routing consumed by STARLINK-31751: 0.000000 J (remaining 119993.62)
[MODE: BIDIRECTIONAL]
[138][GREEDY] CONSEGNATO! STARLINK-32654 -> OBS | Tramission-time: 1.300697170471123e-11
[MODE: BIDIRECTIONAL]
[137][GREEDY] CONSEGNATO! STARLINK-11403 [DTC] -> OBS | Tramission-time: 3.302929686401692e-11
----------------------------------------------------------------------
	||TIME IN SIMULATION : (seconds:76) (minutes: 1) ||

MODIFICA CONFIGURAZIONE IN CORSO...

Aggiornato il Tempo Globale:  2025-11-20 20:56:30
---> Task 139 (Type: Generic_Service) arriva in 76.01
--- [76.01] Task 139 using SearchNode Policy: v2_ilp_hybrid ---
[76.01] [Task 139] Entering ILP branch (v2)
[ε-constraint energy] sumE_B=0.082788  bound=0.091066  active=False
[ILP] res_type=dict value_preview={'stage': 'B', 'status': 'Optimal', 'primary': 'energy', 'tol': 0.1, 'opt_primary': 0.08278765920775566, 'objective_secondary': 0.04445501671737545, 'sumE': 0.0
[76.01] [Task 139] ILP chose server: STARLINK-31763
[76.01] [Task 139] Routed STARLINK-6195 -> STARLINK-31763 | E_NET=0.000023 J | Remaining=119999.99 J
[76.009] Task 139 enqueued on CPU STARLINK-31763 qlen_enqueue=1
[Task 139] Task eseguito su STARLINK-31763 26.522209067942786 degrees | CPU=0.0828J, NET=0.0000J, TOTAL=0.0828J, Remaining=119997.93J
[76.056] Task 139 served on STARLINK-31763 qlen_enqueue_cpu=1 qlen_enqueue_net=None time_in_queue=0.000
[139][GREEDY] STARLINK-31763 -> STARLINK-32654 | Tramission-time: 0.001997263609876255
[139] Energy routing consumed by STARLINK-31763: 0.000000 J (remaining 119997.93)
[MODE: BIDIRECTIONAL]
[139][GREEDY] CONSEGNATO! STARLINK-32654 -> OBS | Tramission-time: 2.104930961735589e-11
----------------------------------------------------------------------
	||TIME IN SIMULATION : (seconds:78) (minutes: 1) ||

MODIFICA CONFIGURAZIONE IN CORSO...

Aggiornato il Tempo Globale:  2025-11-20 20:56:32
---> Task 140 (Type: CPU_Intensive) arriva in 78.06
--- [78.06] Task 140 using SearchNode Policy: v2_ilp_hybrid ---
[78.06] [Task 140] Entering ILP branch (v2)
[ε-constraint energy] sumE_B=1.404705  bound=1.545175  active=False
[ILP] res_type=dict value_preview={'stage': 'B', 'status': 'Optimal', 'primary': 'energy', 'tol': 0.1, 'opt_primary': 1.4047045294995322, 'objective_secondary': 0.7540674761117073, 'sumE': 1.404
[78.06] [Task 140] ILP chose server: STARLINK-31763
[78.06] [Task 140] Routed STARLINK-6195 -> STARLINK-31763 | E_NET=0.000029 J | Remaining=119999.99 J
[78.061] Task 140 enqueued on CPU STARLINK-31763 qlen_enqueue=1
---> Task 141 (Type: Generic_Service) arriva in 78.15
--- [78.15] Task 141 using SearchNode Policy: v2_ilp_hybrid ---
[78.15] [Task 141] Entering ILP branch (v2)
[ε-constraint energy] sumE_B=0.008737  bound=0.009610  active=False
[ILP] res_type=dict value_preview={'stage': 'B', 'status': 'Optimal', 'primary': 'energy', 'tol': 0.1, 'opt_primary': 0.00873678372129572, 'objective_secondary': 0.004705194046781321, 'sumE': 0.
[78.15] [Task 141] ILP chose server: STARLINK-31751
[78.15] [Task 141] Routed STARLINK-6195 -> STARLINK-31751 | E_NET=0.000025 J | Remaining=119999.99 J
[78.155] Task 141 enqueued on CPU STARLINK-31751 qlen_enqueue=1
[Task 141] Task eseguito su STARLINK-31751 47.219283080739956 degrees | CPU=0.0087J, NET=0.0000J, TOTAL=0.0087J, Remaining=119993.61J
[78.161] Task 141 served on STARLINK-31751 qlen_enqueue_cpu=1 qlen_enqueue_net=None time_in_queue=0.000
[141][GREEDY] STARLINK-31751 -> STARLINK-11403 [DTC] | Tramission-time: 0.0016121809415354687
[141] Energy routing consumed by STARLINK-31751: 0.000000 J (remaining 119993.61)
[MODE: BIDIRECTIONAL]
[141][GREEDY] CONSEGNATO! STARLINK-11403 [DTC] -> OBS | Tramission-time: 2.733717937048225e-11
[Task 140] Task eseguito su STARLINK-31763 26.997049546673413 degrees | CPU=1.4047J, NET=0.0000J, TOTAL=1.4047J, Remaining=119996.53J
[78.818] Task 140 served on STARLINK-31763 qlen_enqueue_cpu=1 qlen_enqueue_net=None time_in_queue=0.000
[140][GREEDY] STARLINK-31763 -> STARLINK-32654 | Tramission-time: 0.001989014975819156
[140] Energy routing consumed by STARLINK-31763: 0.000000 J (remaining 119996.53)
[MODE: BIDIRECTIONAL]
[140][GREEDY] CONSEGNATO! STARLINK-32654 -> OBS | Tramission-time: 3.530097378342652e-11
---> Task 142 (Type: CPU_and_Data_Intensive) arriva in 79.51
--- [79.51] Task 142 using SearchNode Policy: v2_ilp_hybrid ---
[79.51] [Task 142] Entering ILP branch (v2)
[ε-constraint energy] sumE_B=1.459181  bound=1.605100  active=False
[ILP] res_type=dict value_preview={'stage': 'B', 'status': 'Optimal', 'primary': 'energy', 'tol': 0.1, 'opt_primary': 1.4591813975354078, 'objective_secondary': 0.7833581820760105, 'sumE': 1.459
[79.51] [Task 142] ILP chose server: STARLINK-31763
[79.51] [Task 142] Routed STARLINK-6195 -> STARLINK-31763 | E_NET=0.000104 J | Remaining=119999.99 J
[79.513] Task 142 enqueued on CPU STARLINK-31763 qlen_enqueue=1
---> Task 143 (Type: Generic_Service) arriva in 79.57
--- [79.57] Task 143 using SearchNode Policy: v2_ilp_hybrid ---
[79.57] [Task 143] Entering ILP branch (v2)
[ε-constraint energy] sumE_B=0.026080  bound=0.028688  active=False
[ILP] res_type=dict value_preview={'stage': 'B', 'status': 'Optimal', 'primary': 'energy', 'tol': 0.1, 'opt_primary': 0.02608044214497334, 'objective_secondary': 0.014012913717400599, 'sumE': 0.
[79.57] [Task 143] ILP chose server: STARLINK-31751
[79.57] [Task 143] Routed STARLINK-6195 -> STARLINK-31751 | E_NET=0.000021 J | Remaining=119999.99 J
[79.573] Task 143 enqueued on CPU STARLINK-31751 qlen_enqueue=1
[Task 143] Task eseguito su STARLINK-31751 47.219283080739956 degrees | CPU=0.0261J, NET=0.0000J, TOTAL=0.0261J, Remaining=119993.58J
[79.589] Task 143 served on STARLINK-31751 qlen_enqueue_cpu=1 qlen_enqueue_net=None time_in_queue=0.000
[143][GREEDY] STARLINK-31751 -> STARLINK-11403 [DTC] | Tramission-time: 0.0016121809405308107
[143] Energy routing consumed by STARLINK-31751: 0.000000 J (remaining 119993.58)
---> Task 144 (Type: CPU_and_Data_Intensive) arriva in 79.68
--- [79.68] Task 144 using SearchNode Policy: v2_ilp_hybrid ---
[79.68] [Task 144] Entering ILP branch (v2)
[ε-constraint energy] sumE_B=2.813687  bound=3.095056  active=False
[ILP] res_type=dict value_preview={'stage': 'B', 'status': 'Optimal', 'primary': 'energy', 'tol': 0.1, 'opt_primary': 2.8136871948787605, 'objective_secondary': 1.5645362487245862, 'sumE': 2.813
[79.68] [Task 144] ILP chose server: STARLINK-31751
[79.68] [Task 144] Routed STARLINK-6195 -> STARLINK-31751 | E_NET=0.090187 J | Remaining=119999.90 J
[MODE: BIDIRECTIONAL]
[143][GREEDY] CONSEGNATO! STARLINK-11403 [DTC] -> OBS | Tramission-time: 1.893314785778e-11
[79.775] Task 144 enqueued on CPU STARLINK-31751 qlen_enqueue=1
---> Task 145 (Type: Generic_Service) arriva in 79.94
--- [79.94] Task 145 using SearchNode Policy: v2_ilp_hybrid ---
[79.94] [Task 145] Entering ILP branch (v2)
[ε-constraint energy] sumE_B=0.047842  bound=0.052626  active=False
[ILP] res_type=dict value_preview={'stage': 'B', 'status': 'Optimal', 'primary': 'energy', 'tol': 0.1, 'opt_primary': 0.04784170182669649, 'objective_secondary': 0.02569375456820316, 'sumE': 0.0
[79.94] [Task 145] ILP chose server: STARLINK-11403 [DTC]
[79.94] [Task 145] Routed STARLINK-4525 -> STARLINK-11403 [DTC] | E_NET=0.000020 J | Remaining=119999.99 J
[79.939] Task 145 enqueued on CPU STARLINK-11403 [DTC] qlen_enqueue=1
[Task 145] Task eseguito su STARLINK-11403 [DTC] 81.60315075128435 degrees | CPU=0.0478J, NET=0.0000J, TOTAL=0.0478J, Remaining=119970.34J
[79.967] Task 145 served on STARLINK-11403 [DTC] qlen_enqueue_cpu=1 qlen_enqueue_net=None time_in_queue=0.000
----------------------------------------------------------------------
	||TIME IN SIMULATION : (seconds:80) (minutes: 1) ||

MODIFICA CONFIGURAZIONE IN CORSO...

Aggiornato il Tempo Globale:  2025-11-20 20:56:34
[MODE: BIDIRECTIONAL]
[145][GREEDY] CONSEGNATO! STARLINK-11403 [DTC] -> OBS | Tramission-time: 1.8011098634826942e-11
---> Task 146 (Type: CPU_and_Data_Intensive) arriva in 80.10
--- [80.10] Task 146 using SearchNode Policy: v2_ilp_hybrid ---
[80.10] [Task 146] Entering ILP branch (v2)
[ε-constraint energy] sumE_B=1.031223  bound=1.134346  active=False
[ILP] res_type=dict value_preview={'stage': 'B', 'status': 'Optimal', 'primary': 'energy', 'tol': 0.1, 'opt_primary': 1.031223308908494, 'objective_secondary': 0.5553009782273892, 'sumE': 1.0312
[80.10] [Task 146] ILP chose server: STARLINK-11403 [DTC]
[80.10] [Task 146] Routed STARLINK-4525 -> STARLINK-11403 [DTC] | E_NET=0.003551 J | Remaining=119999.98 J
[80.109] Task 146 enqueued on CPU STARLINK-11403 [DTC] qlen_enqueue=1
[80.296] Task 142 enqueued on NET STARLINK-31763 qlen_enqueue_net=1
[Task 142] Task eseguito su STARLINK-31763 27.482041063330428 degrees | CPU=1.4590J, NET=0.0001J, TOTAL=1.4591J, Remaining=119995.07J
[80.297] Task 142 served on STARLINK-31763 qlen_enqueue_cpu=1 qlen_enqueue_net=1 time_in_queue=0.000
[142][GREEDY] STARLINK-31763 -> STARLINK-32654 | Tramission-time: 0.0019812151574353587
[142] Energy routing consumed by STARLINK-31763: 0.000000 J (remaining 119995.07)
[MODE: BIDIRECTIONAL]
[142][GREEDY] CONSEGNATO! STARLINK-32654 -> OBS | Tramission-time: 1.3151871400556708e-10
[80.661] Task 146 enqueued on NET STARLINK-11403 [DTC] qlen_enqueue_net=1
[Task 146] Task eseguito su STARLINK-11403 [DTC] 82.99640943812616 degrees | CPU=1.0275J, NET=0.0036J, TOTAL=1.0310J, Remaining=119969.31J
[80.664] Task 146 served on STARLINK-11403 [DTC] qlen_enqueue_cpu=1 qlen_enqueue_net=1 time_in_queue=0.000
[MODE: BIDIRECTIONAL]
[146][GREEDY] CONSEGNATO! STARLINK-11403 [DTC] -> OBS | Tramission-time: 3.170642829380427e-09
---> Task 147 (Type: CPU_and_Data_Intensive) arriva in 81.20
--- [81.20] Task 147 using SearchNode Policy: v2_ilp_hybrid ---
[81.20] [Task 147] Entering ILP branch (v2)
[ε-constraint energy] sumE_B=1.381561  bound=1.519717  active=False
[ILP] res_type=dict value_preview={'stage': 'B', 'status': 'Optimal', 'primary': 'energy', 'tol': 0.1, 'opt_primary': 1.3815611933553607, 'objective_secondary': 0.7422922108242677, 'sumE': 1.381
[81.20] [Task 147] ILP chose server: STARLINK-11403 [DTC]
[81.20] [Task 147] Routed STARLINK-4525 -> STARLINK-11403 [DTC] | E_NET=0.001362 J | Remaining=119999.98 J
[81.206] Task 147 enqueued on CPU STARLINK-11403 [DTC] qlen_enqueue=1
[81.223] Task 144 enqueued on NET STARLINK-31751 qlen_enqueue_net=1
[Task 144] Task eseguito su STARLINK-31751 46.82514761985293 degrees | CPU=2.6968J, NET=0.0902J, TOTAL=2.7870J, Remaining=119990.80J
[81.313] Task 144 served on STARLINK-31751 qlen_enqueue_cpu=1 qlen_enqueue_net=1 time_in_queue=0.000
[144][GREEDY] STARLINK-31751 -> STARLINK-11403 [DTC] | Tramission-time: 0.0016384454238456809
[144] Energy routing consumed by STARLINK-31751: 0.000000 J (remaining 119990.80)
[MODE: BIDIRECTIONAL]
[144][GREEDY] CONSEGNATO! STARLINK-11403 [DTC] -> OBS | Tramission-time: 1.0642320274616324e-07
---> Task 148 (Type: CPU_Intensive) arriva in 81.80
--- [81.80] Task 148 using SearchNode Policy: v2_ilp_hybrid ---
[81.80] [Task 148] Entering ILP branch (v2)
[ε-constraint energy] sumE_B=1.639359  bound=1.803295  active=False
[ILP] res_type=dict value_preview={'stage': 'B', 'status': 'Optimal', 'primary': 'energy', 'tol': 0.1, 'opt_primary': 1.6393590004523242, 'objective_secondary': 0.8800236258990386, 'sumE': 1.639
[81.80] [Task 148] ILP chose server: STARLINK-11474 [DTC]
[81.80] [Task 148] Routed STARLINK-4525 -> STARLINK-11474 [DTC] | E_NET=0.000020 J | Remaining=119999.98 J
[81.800] Task 148 enqueued on CPU STARLINK-11474 [DTC] qlen_enqueue=1
[81.947] Task 147 enqueued on NET STARLINK-11403 [DTC] qlen_enqueue_net=1
[Task 147] Task eseguito su STARLINK-11403 [DTC] 82.99640943812616 degrees | CPU=1.3801J, NET=0.0014J, TOTAL=1.3815J, Remaining=119967.93J
[81.948] Task 147 served on STARLINK-11403 [DTC] qlen_enqueue_cpu=1 qlen_enqueue_net=1 time_in_queue=0.000
----------------------------------------------------------------------
	||TIME IN SIMULATION : (seconds:82) (minutes: 1) ||

MODIFICA CONFIGURAZIONE IN CORSO...

Aggiornato il Tempo Globale:  2025-11-20 20:56:36
[MODE: BIDIRECTIONAL]
[147][GREEDY] CONSEGNATO! STARLINK-11403 [DTC] -> OBS | Tramission-time: 9.869178124907985e-10
---> Task 149 (Type: CPU_Intensive) arriva in 82.63
--- [82.63] Task 149 using SearchNode Policy: v2_ilp_hybrid ---
[82.63] [Task 149] Entering ILP branch (v2)
[ε-constraint energy] sumE_B=0.399054  bound=0.438960  active=False
[ILP] res_type=dict value_preview={'stage': 'B', 'status': 'Optimal', 'primary': 'energy', 'tol': 0.1, 'opt_primary': 0.3990543315277549, 'objective_secondary': 0.21421760891568314, 'sumE': 0.39
[82.63] [Task 149] ILP chose server: STARLINK-11403 [DTC]
[82.63] [Task 149] Routed STARLINK-4525 -> STARLINK-11403 [DTC] | E_NET=0.000007 J | Remaining=119999.98 J
[82.626] Task 149 enqueued on CPU STARLINK-11403 [DTC] qlen_enqueue=1
[Task 148] Task eseguito su STARLINK-11474 [DTC] 26.13591873308127 degrees | CPU=1.6393J, NET=0.0000J, TOTAL=1.6394J, Remaining=119998.36J
[82.681] Task 148 served on STARLINK-11474 [DTC] qlen_enqueue_cpu=1 qlen_enqueue_net=None time_in_queue=0.000
[148][GREEDY] STARLINK-11474 [DTC] -> STARLINK-11403 [DTC] | Tramission-time: 0.002139358196603769
[148] Energy routing consumed by STARLINK-11474 [DTC]: 0.000000 J (remaining 119998.36)
[MODE: BIDIRECTIONAL]
[148][GREEDY] CONSEGNATO! STARLINK-11403 [DTC] -> OBS | Tramission-time: 1.6859919648335138e-11
[Task 149] Task eseguito su STARLINK-11403 [DTC] 83.80626187735047 degrees | CPU=0.3990J, NET=0.0000J, TOTAL=0.3991J, Remaining=119967.53J
[82.841] Task 149 served on STARLINK-11403 [DTC] qlen_enqueue_cpu=1 qlen_enqueue_net=None time_in_queue=0.000
[MODE: BIDIRECTIONAL]
[149][GREEDY] CONSEGNATO! STARLINK-11403 [DTC] -> OBS | Tramission-time: 7.0672594400716855e-12
---> Task 150 (Type: Generic_Service) arriva in 83.90
--- [83.90] Task 150 using SearchNode Policy: v2_ilp_hybrid ---
[83.90] [Task 150] Entering ILP branch (v2)
[ε-constraint energy] sumE_B=0.368709  bound=0.405579  active=False
[ILP] res_type=dict value_preview={'stage': 'B', 'status': 'Optimal', 'primary': 'energy', 'tol': 0.1, 'opt_primary': 0.3687085175852822, 'objective_secondary': 0.19793976960779996, 'sumE': 0.36
[83.90] [Task 150] ILP chose server: STARLINK-11403 [DTC]
[83.90] [Task 150] Routed STARLINK-4525 -> STARLINK-11403 [DTC] | E_NET=0.000027 J | Remaining=119999.98 J
[83.906] Task 150 enqueued on CPU STARLINK-11403 [DTC] qlen_enqueue=1
----------------------------------------------------------------------
	||TIME IN SIMULATION : (seconds:84) (minutes: 1) ||

MODIFICA CONFIGURAZIONE IN CORSO...

Aggiornato il Tempo Globale:  2025-11-20 20:56:38
[Task 150] Task eseguito su STARLINK-11403 [DTC] 83.78922799747808 degrees | CPU=0.3687J, NET=0.0000J, TOTAL=0.3687J, Remaining=119967.16J
[84.106] Task 150 served on STARLINK-11403 [DTC] qlen_enqueue_cpu=1 qlen_enqueue_net=None time_in_queue=0.000
[150][GREEDY] STARLINK-11403 [DTC] -> STARLINK-31220 | Tramission-time: 0.0005712114144506021
[150] Energy routing consumed by STARLINK-11403 [DTC]: 0.000000 J (remaining 119967.16)
[MODE: BIDIRECTIONAL]
[150][GREEDY] CONSEGNATO! STARLINK-31220 -> OBS | Tramission-time: 2.3800838045494465e-11
---> Task 151 (Type: CPU_Intensive) arriva in 85.20
--- [85.20] Task 151 using SearchNode Policy: v2_ilp_hybrid ---
[85.20] [Task 151] Entering ILP branch (v2)
[ε-constraint energy] sumE_B=0.033556  bound=0.036912  active=False
[ILP] res_type=dict value_preview={'stage': 'B', 'status': 'Optimal', 'primary': 'energy', 'tol': 0.1, 'opt_primary': 0.03355644560888785, 'objective_secondary': 0.018019996503530693, 'sumE': 0.
[85.20] [Task 151] ILP chose server: STARLINK-33663
[85.20] [Task 151] Routed STARLINK-35136 -> STARLINK-33663 | E_NET=0.000012 J | Remaining=120000.00 J
[85.206] Task 151 enqueued on CPU STARLINK-33663 qlen_enqueue=1
[Task 151] Task eseguito su STARLINK-33663 31.671443903767322 degrees | CPU=0.0335J, NET=0.0000J, TOTAL=0.0336J, Remaining=119998.99J
[85.225] Task 151 served on STARLINK-33663 qlen_enqueue_cpu=1 qlen_enqueue_net=None time_in_queue=0.000
[151][GREEDY] STARLINK-33663 -> STARLINK-35136 | Tramission-time: 0.001760442451724686
[151] Energy routing consumed by STARLINK-33663: 0.000000 J (remaining 119998.99)
[MODE: BIDIRECTIONAL]
[151][GREEDY] CONSEGNATO! STARLINK-35136 -> OBS | Tramission-time: 1.1790217116162715e-11
---> Task 152 (Type: CPU_Intensive) arriva in 85.46
--- [85.46] Task 152 using SearchNode Policy: v2_ilp_hybrid ---
[85.46] [Task 152] Entering ILP branch (v2)
[ε-constraint energy] sumE_B=0.074027  bound=0.081430  active=False
[ILP] res_type=dict value_preview={'stage': 'B', 'status': 'Optimal', 'primary': 'energy', 'tol': 0.1, 'opt_primary': 0.07402708950070958, 'objective_secondary': 0.03974038889173797, 'sumE': 0.0
[85.46] [Task 152] ILP chose server: STARLINK-33663
[85.46] [Task 152] Routed STARLINK-35136 -> STARLINK-33663 | E_NET=0.000004 J | Remaining=120000.00 J
[85.464] Task 152 enqueued on CPU STARLINK-33663 qlen_enqueue=1
[Task 152] Task eseguito su STARLINK-33663 31.671443903767322 degrees | CPU=0.0740J, NET=0.0000J, TOTAL=0.0740J, Remaining=119998.92J
[85.504] Task 152 served on STARLINK-33663 qlen_enqueue_cpu=1 qlen_enqueue_net=None time_in_queue=0.000
[152][GREEDY] STARLINK-33663 -> STARLINK-35136 | Tramission-time: 0.0017604424429439101
[152] Energy routing consumed by STARLINK-33663: 0.000000 J (remaining 119998.92)
[MODE: BIDIRECTIONAL]
[152][GREEDY] CONSEGNATO! STARLINK-35136 -> OBS | Tramission-time: 3.7281399981937335e-12
----------------------------------------------------------------------
	||TIME IN SIMULATION : (seconds:86) (minutes: 1) ||

MODIFICA CONFIGURAZIONE IN CORSO...

Aggiornato il Tempo Globale:  2025-11-20 20:56:40
---> Task 153 (Type: CPU_Intensive) arriva in 86.01
--- [86.01] Task 153 using SearchNode Policy: v2_ilp_hybrid ---
[86.01] [Task 153] Entering ILP branch (v2)
[ε-constraint energy] sumE_B=3.145449  bound=3.459993  active=False
[ILP] res_type=dict value_preview={'stage': 'B', 'status': 'Optimal', 'primary': 'energy', 'tol': 0.1, 'opt_primary': 3.1454485801318057, 'objective_secondary': 1.6884939184397918, 'sumE': 3.145
[86.01] [Task 153] ILP chose server: STARLINK-33663
[86.01] [Task 153] Routed STARLINK-35136 -> STARLINK-33663 | E_NET=0.000018 J | Remaining=120000.00 J
[86.015] Task 153 enqueued on CPU STARLINK-33663 qlen_enqueue=1
---> Task 154 (Type: Generic_Service) arriva in 86.11
--- [86.11] Task 154 using SearchNode Policy: v2_ilp_hybrid ---
[86.11] [Task 154] Entering ILP branch (v2)
[ε-constraint energy] sumE_B=0.046280  bound=0.050908  active=False
[ILP] res_type=dict value_preview={'stage': 'B', 'status': 'Optimal', 'primary': 'energy', 'tol': 0.1, 'opt_primary': 0.046279876134680493, 'objective_secondary': 0.02484770928296029, 'sumE': 0.
[86.11] [Task 154] ILP chose server: STARLINK-32654
[86.11] [Task 154] Routed STARLINK-35136 -> STARLINK-32654 | E_NET=0.000008 J | Remaining=120000.00 J
[86.108] Task 154 enqueued on CPU STARLINK-32654 qlen_enqueue=1
[Task 154] Task eseguito su STARLINK-32654 58.751399178964185 degrees | CPU=0.0463J, NET=0.0000J, TOTAL=0.0463J, Remaining=119997.89J
[86.133] Task 154 served on STARLINK-32654 qlen_enqueue_cpu=1 qlen_enqueue_net=None time_in_queue=0.000
[MODE: BIDIRECTIONAL]
[154][GREEDY] CONSEGNATO! STARLINK-32654 -> OBS | Tramission-time: 7.900919642353635e-12
---> Task 155 (Type: Generic_Service) arriva in 87.57
--- [87.57] Task 155 using SearchNode Policy: v2_ilp_hybrid ---
[87.57] [Task 155] Entering ILP branch (v2)
[ε-constraint energy] sumE_B=0.443075  bound=0.487382  active=False
[ILP] res_type=dict value_preview={'stage': 'B', 'status': 'Optimal', 'primary': 'energy', 'tol': 0.1, 'opt_primary': 0.44307495537619435, 'objective_secondary': 0.2378476050997854, 'sumE': 0.44
[87.57] [Task 155] ILP chose server: STARLINK-32654
[87.57] [Task 155] Routed STARLINK-35136 -> STARLINK-32654 | E_NET=0.000007 J | Remaining=120000.00 J
[87.573] Task 155 enqueued on CPU STARLINK-32654 qlen_enqueue=1
[Task 153] Task eseguito su STARLINK-33663 31.27924775765537 degrees | CPU=3.1454J, NET=0.0000J, TOTAL=3.1454J, Remaining=119995.77J
[87.705] Task 153 served on STARLINK-33663 qlen_enqueue_cpu=1 qlen_enqueue_net=None time_in_queue=0.000
[153][GREEDY] STARLINK-33663 -> STARLINK-35136 | Tramission-time: 0.0018480802720640503
[153] Energy routing consumed by STARLINK-33663: 0.000000 J (remaining 119995.77)
[MODE: BIDIRECTIONAL]
[153][GREEDY] CONSEGNATO! STARLINK-35136 -> OBS | Tramission-time: 1.630459644823501e-11
[Task 155] Task eseguito su STARLINK-32654 58.751399178964185 degrees | CPU=0.4431J, NET=0.0000J, TOTAL=0.4431J, Remaining=119997.44J
[87.811] Task 155 served on STARLINK-32654 qlen_enqueue_cpu=1 qlen_enqueue_net=None time_in_queue=0.000
[MODE: BIDIRECTIONAL]
[155][GREEDY] CONSEGNATO! STARLINK-32654 -> OBS | Tramission-time: 6.621360708154326e-12
----------------------------------------------------------------------
	||TIME IN SIMULATION : (seconds:88) (minutes: 1) ||

MODIFICA CONFIGURAZIONE IN CORSO...

Aggiornato il Tempo Globale:  2025-11-20 20:56:42
---> Task 156 (Type: Generic_Service) arriva in 88.15
--- [88.15] Task 156 using SearchNode Policy: v2_ilp_hybrid ---
[88.15] [Task 156] Entering ILP branch (v2)
[ε-constraint energy] sumE_B=0.032935  bound=0.036229  active=False
[ILP] res_type=dict value_preview={'stage': 'B', 'status': 'Optimal', 'primary': 'energy', 'tol': 0.1, 'opt_primary': 0.03293527682316342, 'objective_secondary': 0.01768215300057271, 'sumE': 0.0
[88.15] [Task 156] ILP chose server: STARLINK-1826
[88.15] [Task 156] Routed STARLINK-35136 -> STARLINK-1826 | E_NET=0.000004 J | Remaining=120000.00 J
[88.152] Task 156 enqueued on CPU STARLINK-1826 qlen_enqueue=1
[Task 156] Task eseguito su STARLINK-1826 44.07727755525763 degrees | CPU=0.0329J, NET=0.0000J, TOTAL=0.0329J, Remaining=119995.67J
[88.171] Task 156 served on STARLINK-1826 qlen_enqueue_cpu=1 qlen_enqueue_net=None time_in_queue=0.000
[156][GREEDY] STARLINK-1826 -> STARLINK-31220 | Tramission-time: 0.001308768476045422
[156] Energy routing consumed by STARLINK-1826: 0.000000 J (remaining 119995.67)
[MODE: BIDIRECTIONAL]
[156][GREEDY] CONSEGNATO! STARLINK-31220 -> OBS | Tramission-time: 3.986952383493942e-12
---> Task 157 (Type: Generic_Service) arriva in 88.53
--- [88.53] Task 157 using SearchNode Policy: v2_ilp_hybrid ---
[88.53] [Task 157] Entering ILP branch (v2)
[ε-constraint energy] sumE_B=0.035602  bound=0.039162  active=False
[ILP] res_type=dict value_preview={'stage': 'B', 'status': 'Optimal', 'primary': 'energy', 'tol': 0.1, 'opt_primary': 0.03560196316432716, 'objective_secondary': 0.0191144647192876, 'sumE': 0.03
[88.53] [Task 157] ILP chose server: STARLINK-1826
[88.53] [Task 157] Routed STARLINK-35136 -> STARLINK-1826 | E_NET=0.000006 J | Remaining=120000.00 J
[88.532] Task 157 enqueued on CPU STARLINK-1826 qlen_enqueue=1
[Task 157] Task eseguito su STARLINK-1826 44.07727755525763 degrees | CPU=0.0356J, NET=0.0000J, TOTAL=0.0356J, Remaining=119995.64J
[88.552] Task 157 served on STARLINK-1826 qlen_enqueue_cpu=1 qlen_enqueue_net=None time_in_queue=0.000
---> Task 158 (Type: Generic_Service) arriva in 88.55
--- [88.55] Task 158 using SearchNode Policy: v2_ilp_hybrid ---
[88.55] [Task 158] Entering ILP branch (v2)
[ε-constraint energy] sumE_B=0.404200  bound=0.444620  active=False
[ILP] res_type=dict value_preview={'stage': 'B', 'status': 'Optimal', 'primary': 'energy', 'tol': 0.1, 'opt_primary': 0.4041997263878002, 'objective_secondary': 0.21699066580592724, 'sumE': 0.40
[88.55] [Task 158] ILP chose server: STARLINK-1826
[88.55] [Task 158] Routed STARLINK-35136 -> STARLINK-1826 | E_NET=0.000026 J | Remaining=120000.00 J
[88.555] Task 158 enqueued on CPU STARLINK-1826 qlen_enqueue=1
[157][GREEDY] STARLINK-1826 -> STARLINK-31220 | Tramission-time: 0.0013087684774304648
[157] Energy routing consumed by STARLINK-1826: 0.000000 J (remaining 119995.64)
---> Task 159 (Type: Generic_Service) arriva in 88.68
--- [88.68] Task 159 using SearchNode Policy: v2_ilp_hybrid ---
[88.68] [Task 159] Entering ILP branch (v2)
[ε-constraint energy] sumE_B=0.203086  bound=0.223394  active=False
[ILP] res_type=dict value_preview={'stage': 'B', 'status': 'Optimal', 'primary': 'energy', 'tol': 0.1, 'opt_primary': 0.2030857763356548, 'objective_secondary': 0.10902400442409042, 'sumE': 0.20
[88.68] [Task 159] ILP chose server: STARLINK-2116
[88.68] [Task 159] Routed STARLINK-35136 -> STARLINK-2116 | E_NET=0.000013 J | Remaining=120000.00 J
[88.678] Task 159 enqueued on CPU STARLINK-2116 qlen_enqueue=1
---> Task 160 (Type: CPU_Intensive) arriva in 88.68
--- [88.68] Task 160 using SearchNode Policy: v2_ilp_hybrid ---
[88.68] [Task 160] Entering ILP branch (v2)
[ε-constraint energy] sumE_B=0.418955  bound=0.460850  active=False
[ILP] res_type=dict value_preview={'stage': 'B', 'status': 'Optimal', 'primary': 'energy', 'tol': 0.1, 'opt_primary': 0.41895476432539075, 'objective_secondary': 0.22490420175128017, 'sumE': 0.4
[88.68] [Task 160] ILP chose server: STARLINK-2160
[88.68] [Task 160] Routed STARLINK-35136 -> STARLINK-2160 | E_NET=0.000014 J | Remaining=120000.00 J
[88.684] Task 160 enqueued on CPU STARLINK-2160 qlen_enqueue=1
[MODE: BIDIRECTIONAL]
[157][GREEDY] CONSEGNATO! STARLINK-31220 -> OBS | Tramission-time: 5.046019182782495e-12
[Task 158] Task eseguito su STARLINK-1826 44.07727755525763 degrees | CPU=0.4042J, NET=0.0000J, TOTAL=0.4042J, Remaining=119995.23J
[88.774] Task 158 served on STARLINK-1826 qlen_enqueue_cpu=1 qlen_enqueue_net=None time_in_queue=0.000
[Task 159] Task eseguito su STARLINK-2116 37.15485490249827 degrees | CPU=0.2031J, NET=0.0000J, TOTAL=0.2031J, Remaining=119999.27J
[88.788] Task 159 served on STARLINK-2116 qlen_enqueue_cpu=1 qlen_enqueue_net=None time_in_queue=0.000
[159][GREEDY] STARLINK-2116 -> STARLINK-31220 | Tramission-time: 0.0021118395902545444
[159] Energy routing consumed by STARLINK-2116: 0.000000 J (remaining 119999.27)
[MODE: BIDIRECTIONAL]
[159][GREEDY] CONSEGNATO! STARLINK-31220 -> OBS | Tramission-time: 1.3367814537817497e-11
[158][GREEDY] STARLINK-1826 -> STARLINK-31220 | Tramission-time: 0.0013087684986840579
[158] Energy routing consumed by STARLINK-1826: 0.000000 J (remaining 119995.23)
[Task 160] Task eseguito su STARLINK-2160 50.553522321233075 degrees | CPU=0.4189J, NET=0.0000J, TOTAL=0.4190J, Remaining=119997.50J
[88.910] Task 160 served on STARLINK-2160 qlen_enqueue_cpu=1 qlen_enqueue_net=None time_in_queue=0.000
[MODE: BIDIRECTIONAL]
[158][GREEDY] CONSEGNATO! STARLINK-31220 -> OBS | Tramission-time: 2.384419003896198e-11
[160][GREEDY] STARLINK-2160 -> STARLINK-31220 | Tramission-time: 0.0012196946358982695
[160] Energy routing consumed by STARLINK-2160: 0.000000 J (remaining 119997.50)
[MODE: BIDIRECTIONAL]
[160][GREEDY] CONSEGNATO! STARLINK-31220 -> OBS | Tramission-time: 1.2099174945533938e-11
---> Task 161 (Type: CPU_Intensive) arriva in 89.27
--- [89.27] Task 161 using SearchNode Policy: v2_ilp_hybrid ---
[89.27] [Task 161] Entering ILP branch (v2)
[ε-constraint energy] sumE_B=0.783587  bound=0.861946  active=False
[ILP] res_type=dict value_preview={'stage': 'B', 'status': 'Optimal', 'primary': 'energy', 'tol': 0.1, 'opt_primary': 0.7835874866920085, 'objective_secondary': 0.42064780421322673, 'sumE': 0.78
[89.27] [Task 161] ILP chose server: STARLINK-1826
[89.27] [Task 161] Routed STARLINK-35136 -> STARLINK-1826 | E_NET=0.000028 J | Remaining=120000.00 J
[89.271] Task 161 enqueued on CPU STARLINK-1826 qlen_enqueue=1
[Task 161] Task eseguito su STARLINK-1826 44.07727755525763 degrees | CPU=0.7836J, NET=0.0000J, TOTAL=0.7836J, Remaining=119994.45J
[89.694] Task 161 served on STARLINK-1826 qlen_enqueue_cpu=1 qlen_enqueue_net=None time_in_queue=0.000
[161][GREEDY] STARLINK-1826 -> STARLINK-31220 | Tramission-time: 0.0013087684952572637
[161] Energy routing consumed by STARLINK-1826: 0.000000 J (remaining 119994.45)
[MODE: BIDIRECTIONAL]
[161][GREEDY] CONSEGNATO! STARLINK-31220 -> OBS | Tramission-time: 2.8792870802888694e-11
----------------------------------------------------------------------
	||TIME IN SIMULATION : (seconds:90) (minutes: 1) ||

MODIFICA CONFIGURAZIONE IN CORSO...

Aggiornato il Tempo Globale:  2025-11-20 20:56:44
---> Task 162 (Type: Generic_Service) arriva in 90.93
--- [90.93] Task 162 using SearchNode Policy: v2_ilp_hybrid ---
[90.93] [Task 162] Entering ILP branch (v2)
[ε-constraint energy] sumE_B=0.025880  bound=0.028469  active=False
[ILP] res_type=dict value_preview={'stage': 'B', 'status': 'Optimal', 'primary': 'energy', 'tol': 0.1, 'opt_primary': 0.025880470318702574, 'objective_secondary': 0.013898897211398475, 'sumE': 0
[90.93] [Task 162] ILP chose server: STARLINK-1826
[90.93] [Task 162] Routed STARLINK-35136 -> STARLINK-1826 | E_NET=0.000013 J | Remaining=120000.00 J
[90.931] Task 162 enqueued on CPU STARLINK-1826 qlen_enqueue=1
[Task 162] Task eseguito su STARLINK-1826 44.9357466635241 degrees | CPU=0.0259J, NET=0.0000J, TOTAL=0.0259J, Remaining=119994.42J
[90.946] Task 162 served on STARLINK-1826 qlen_enqueue_cpu=1 qlen_enqueue_net=None time_in_queue=0.000
[162][GREEDY] STARLINK-1826 -> STARLINK-31220 | Tramission-time: 0.001307056648590671
[162] Energy routing consumed by STARLINK-1826: 0.000000 J (remaining 119994.42)
[MODE: BIDIRECTIONAL]
[162][GREEDY] CONSEGNATO! STARLINK-31220 -> OBS | Tramission-time: 1.1927097437435014e-11
---> Task 163 (Type: Generic_Service) arriva in 91.49
--- [91.49] Task 163 using SearchNode Policy: v2_ilp_hybrid ---
[91.49] [Task 163] Entering ILP branch (v2)
[ε-constraint energy] sumE_B=0.210185  bound=0.231203  active=False
[ILP] res_type=dict value_preview={'stage': 'B', 'status': 'Optimal', 'primary': 'energy', 'tol': 0.1, 'opt_primary': 0.21018459171103354, 'objective_secondary': 0.11284084993709835, 'sumE': 0.2
[91.49] [Task 163] ILP chose server: STARLINK-1826
[91.49] [Task 163] Routed STARLINK-35136 -> STARLINK-1826 | E_NET=0.000028 J | Remaining=120000.00 J
[91.488] Task 163 enqueued on CPU STARLINK-1826 qlen_enqueue=1
[Task 163] Task eseguito su STARLINK-1826 44.9357466635241 degrees | CPU=0.2102J, NET=0.0000J, TOTAL=0.2102J, Remaining=119994.21J
[91.603] Task 163 served on STARLINK-1826 qlen_enqueue_cpu=1 qlen_enqueue_net=None time_in_queue=0.000
[163][GREEDY] STARLINK-1826 -> STARLINK-31220 | Tramission-time: 0.0013070566602565714
[163] Energy routing consumed by STARLINK-1826: 0.000000 J (remaining 119994.21)
[MODE: BIDIRECTIONAL]
[163][GREEDY] CONSEGNATO! STARLINK-31220 -> OBS | Tramission-time: 2.692327274085546e-11
----------------------------------------------------------------------
	||TIME IN SIMULATION : (seconds:92) (minutes: 1) ||

MODIFICA CONFIGURAZIONE IN CORSO...

Aggiornato il Tempo Globale:  2025-11-20 20:56:46
---> Task 164 (Type: Generic_Service) arriva in 93.22
--- [93.22] Task 164 using SearchNode Policy: v2_ilp_hybrid ---
[93.22] [Task 164] Entering ILP branch (v2)
[ε-constraint energy] sumE_B=0.027403  bound=0.030143  active=False
[ILP] res_type=dict value_preview={'stage': 'B', 'status': 'Optimal', 'primary': 'energy', 'tol': 0.1, 'opt_primary': 0.027403114290861674, 'objective_secondary': 0.014722120404351962, 'sumE': 0
[93.22] [Task 164] ILP chose server: STARLINK-31763
[93.22] [Task 164] Routed STARLINK-30223 -> STARLINK-31763 | E_NET=0.000023 J | Remaining=120000.00 J
[93.224] Task 164 enqueued on CPU STARLINK-31763 qlen_enqueue=1
[Task 164] Task eseguito su STARLINK-31763 30.623712458169216 degrees | CPU=0.0274J, NET=0.0000J, TOTAL=0.0274J, Remaining=119995.04J
[93.240] Task 164 served on STARLINK-31763 qlen_enqueue_cpu=1 qlen_enqueue_net=None time_in_queue=0.000
[164][GREEDY] STARLINK-31763 -> STARLINK-6195 | Tramission-time: 0.0020965774084576692
[164] Energy routing consumed by STARLINK-31763: 0.000000 J (remaining 119995.04)
[MODE: BIDIRECTIONAL]
[164][GREEDY] CONSEGNATO! STARLINK-6195 -> OBS | Tramission-time: 1.942435873189516e-11
----------------------------------------------------------------------
	||TIME IN SIMULATION : (seconds:94) (minutes: 1) ||

MODIFICA CONFIGURAZIONE IN CORSO...

Aggiornato il Tempo Globale:  2025-11-20 20:56:48
---> Task 165 (Type: CPU_Intensive) arriva in 94.48
--- [94.48] Task 165 using SearchNode Policy: v2_ilp_hybrid ---
[94.48] [Task 165] Entering ILP branch (v2)
[ε-constraint energy] sumE_B=0.289323  bound=0.318255  active=False
[ILP] res_type=dict value_preview={'stage': 'B', 'status': 'Optimal', 'primary': 'energy', 'tol': 0.1, 'opt_primary': 0.289323072787086, 'objective_secondary': 0.15532809668912828, 'sumE': 0.289
[94.48] [Task 165] ILP chose server: STARLINK-31763
[94.48] [Task 165] Routed STARLINK-30223 -> STARLINK-31763 | E_NET=0.000031 J | Remaining=120000.00 J
[94.482] Task 165 enqueued on CPU STARLINK-31763 qlen_enqueue=1
---> Task 166 (Type: CPU_and_Data_Intensive) arriva in 94.50
--- [94.50] Task 166 using SearchNode Policy: v2_ilp_hybrid ---
[94.50] [Task 166] Entering ILP branch (v2)
[ε-constraint energy] sumE_B=1.148727  bound=1.263600  active=False
[ILP] res_type=dict value_preview={'stage': 'B', 'status': 'Optimal', 'primary': 'energy', 'tol': 0.1, 'opt_primary': 1.148727201614305, 'objective_secondary': 0.6173052482450718, 'sumE': 1.1487
[94.50] [Task 166] ILP chose server: STARLINK-31751
[94.50] [Task 166] Routed STARLINK-30223 -> STARLINK-31751 | E_NET=0.001410 J | Remaining=120000.00 J
[94.508] Task 166 enqueued on CPU STARLINK-31751 qlen_enqueue=1
[Task 165] Task eseguito su STARLINK-31763 31.189241306117882 degrees | CPU=0.2893J, NET=0.0000J, TOTAL=0.2893J, Remaining=119994.75J
[94.640] Task 165 served on STARLINK-31763 qlen_enqueue_cpu=1 qlen_enqueue_net=None time_in_queue=0.000
[165][GREEDY] STARLINK-31763 -> STARLINK-6195 | Tramission-time: 0.0020954659718967687
[165] Energy routing consumed by STARLINK-31763: 0.000000 J (remaining 119994.75)
---> Task 167 (Type: Generic_Service) arriva in 94.69
--- [94.69] Task 167 using SearchNode Policy: v2_ilp_hybrid ---
[94.69] [Task 167] Entering ILP branch (v2)
[ε-constraint energy] sumE_B=0.016662  bound=0.018328  active=False
[ILP] res_type=dict value_preview={'stage': 'B', 'status': 'Optimal', 'primary': 'energy', 'tol': 0.1, 'opt_primary': 0.01666224293261974, 'objective_secondary': 0.008963178977263687, 'sumE': 0.
[94.69] [Task 167] ILP chose server: STARLINK-1826
[94.69] [Task 167] Routed STARLINK-35136 -> STARLINK-1826 | E_NET=0.000035 J | Remaining=120000.00 J
[94.688] Task 167 enqueued on CPU STARLINK-1826 qlen_enqueue=1
[Task 167] Task eseguito su STARLINK-1826 46.69328868325842 degrees | CPU=0.0166J, NET=0.0000J, TOTAL=0.0167J, Remaining=119994.19J
[94.699] Task 167 served on STARLINK-1826 qlen_enqueue_cpu=1 qlen_enqueue_net=None time_in_queue=0.000
[MODE: BIDIRECTIONAL]
[165][GREEDY] CONSEGNATO! STARLINK-6195 -> OBS | Tramission-time: 3.3283848045533164e-11
[167][GREEDY] STARLINK-1826 -> STARLINK-31220 | Tramission-time: 0.0013069655930623484
[167] Energy routing consumed by STARLINK-1826: 0.000000 J (remaining 119994.19)
[MODE: BIDIRECTIONAL]
[167][GREEDY] CONSEGNATO! STARLINK-31220 -> OBS | Tramission-time: 3.0234317688871697e-11
[95.124] Task 166 enqueued on NET STARLINK-31751 qlen_enqueue_net=1
[Task 166] Task eseguito su STARLINK-31751 43.53400795232277 degrees | CPU=1.1473J, NET=0.0014J, TOTAL=1.1487J, Remaining=119989.65J
[95.125] Task 166 served on STARLINK-31751 qlen_enqueue_cpu=1 qlen_enqueue_net=1 time_in_queue=0.000
[166][GREEDY] STARLINK-31751 -> STARLINK-31220 | Tramission-time: 0.0017920717903497304
[166] Energy routing consumed by STARLINK-31751: 0.000000 J (remaining 119989.65)
[MODE: BIDIRECTIONAL]
[166][GREEDY] CONSEGNATO! STARLINK-31220 -> OBS | Tramission-time: 9.716711703499188e-10
---> Task 168 (Type: Generic_Service) arriva in 95.50
--- [95.50] Task 168 using SearchNode Policy: v2_ilp_hybrid ---
[95.50] [Task 168] Entering ILP branch (v2)
[ε-constraint energy] sumE_B=0.005692  bound=0.006262  active=False
[ILP] res_type=dict value_preview={'stage': 'B', 'status': 'Optimal', 'primary': 'energy', 'tol': 0.1, 'opt_primary': 0.005692417680351617, 'objective_secondary': 0.0030684910486335503, 'sumE': 
[95.50] [Task 168] ILP chose server: STARLINK-1826
[95.50] [Task 168] Routed STARLINK-35136 -> STARLINK-1826 | E_NET=0.000023 J | Remaining=120000.00 J
[95.499] Task 168 enqueued on CPU STARLINK-1826 qlen_enqueue=1
[Task 168] Task eseguito su STARLINK-1826 46.69328868325842 degrees | CPU=0.0057J, NET=0.0000J, TOTAL=0.0057J, Remaining=119994.19J
[95.504] Task 168 served on STARLINK-1826 qlen_enqueue_cpu=1 qlen_enqueue_net=None time_in_queue=0.000
[168][GREEDY] STARLINK-1826 -> STARLINK-31220 | Tramission-time: 0.0013069655817630477
[168] Energy routing consumed by STARLINK-1826: 0.000000 J (remaining 119994.19)
---> Task 169 (Type: CPU_Intensive) arriva in 95.58
--- [95.58] Task 169 using SearchNode Policy: v2_ilp_hybrid ---
[95.58] [Task 169] Entering ILP branch (v2)
[ε-constraint energy] sumE_B=0.378939  bound=0.416833  active=False
[ILP] res_type=dict value_preview={'stage': 'B', 'status': 'Optimal', 'primary': 'energy', 'tol': 0.1, 'opt_primary': 0.37893910297229083, 'objective_secondary': 0.2034315842996083, 'sumE': 0.37
[95.58] [Task 169] ILP chose server: STARLINK-1826
[95.58] [Task 169] Routed STARLINK-35136 -> STARLINK-1826 | E_NET=0.000030 J | Remaining=120000.00 J
[95.583] Task 169 enqueued on CPU STARLINK-1826 qlen_enqueue=1
---> Task 170 (Type: Generic_Service) arriva in 95.60
--- [95.60] Task 170 using SearchNode Policy: v2_ilp_hybrid ---
[95.60] [Task 170] Entering ILP branch (v2)
[ε-constraint energy] sumE_B=0.156524  bound=0.172176  active=False
[ILP] res_type=dict value_preview={'stage': 'B', 'status': 'Optimal', 'primary': 'energy', 'tol': 0.1, 'opt_primary': 0.1565235960853531, 'objective_secondary': 0.08403931097838022, 'sumE': 0.15
[95.60] [Task 170] ILP chose server: STARLINK-2160
[95.60] [Task 170] Routed STARLINK-35136 -> STARLINK-2160 | E_NET=0.000030 J | Remaining=120000.00 J
[95.597] Task 170 enqueued on CPU STARLINK-2160 qlen_enqueue=1
[MODE: BIDIRECTIONAL]
[168][GREEDY] CONSEGNATO! STARLINK-31220 -> OBS | Tramission-time: 2.6047708046306228e-11
---> Task 171 (Type: CPU_Intensive) arriva in 95.65
--- [95.65] Task 171 using SearchNode Policy: v2_ilp_hybrid ---
[95.65] [Task 171] Entering ILP branch (v2)
[ε-constraint energy] sumE_B=3.176965  bound=3.494661  active=False
[ILP] res_type=dict value_preview={'stage': 'B', 'status': 'Optimal', 'primary': 'energy', 'tol': 0.1, 'opt_primary': 3.1769646118812744, 'objective_secondary': 1.70541969356061, 'sumE': 3.17696
[95.65] [Task 171] ILP chose server: STARLINK-30223
[95.65] [Task 171] Routed STARLINK-35136 -> STARLINK-30223 | E_NET=0.000033 J | Remaining=120000.00 J
[95.652] Task 171 enqueued on CPU STARLINK-30223 qlen_enqueue=1
[Task 170] Task eseguito su STARLINK-2160 53.01505775319489 degrees | CPU=0.1565J, NET=0.0000J, TOTAL=0.1565J, Remaining=119997.35J
[95.683] Task 170 served on STARLINK-2160 qlen_enqueue_cpu=1 qlen_enqueue_net=None time_in_queue=0.000
[170][GREEDY] STARLINK-2160 -> STARLINK-31220 | Tramission-time: 0.0012319794163728648
[170] Energy routing consumed by STARLINK-2160: 0.000000 J (remaining 119997.35)
[Task 169] Task eseguito su STARLINK-1826 46.69328868325842 degrees | CPU=0.3789J, NET=0.0000J, TOTAL=0.3789J, Remaining=119993.81J
[95.789] Task 169 served on STARLINK-1826 qlen_enqueue_cpu=1 qlen_enqueue_net=None time_in_queue=0.000
[MODE: BIDIRECTIONAL]
[170][GREEDY] CONSEGNATO! STARLINK-31220 -> OBS | Tramission-time: 2.8119744536710857e-11
[169][GREEDY] STARLINK-1826 -> STARLINK-31220 | Tramission-time: 0.0013069655891803655
[169] Energy routing consumed by STARLINK-1826: 0.000000 J (remaining 119993.81)
---> Task 172 (Type: CPU_and_Data_Intensive) arriva in 95.93
--- [95.93] Task 172 using SearchNode Policy: v2_ilp_hybrid ---
[95.93] [Task 172] Entering ILP branch (v2)
[ε-constraint energy] sumE_B=1.949360  bound=2.144296  active=False
[ILP] res_type=dict value_preview={'stage': 'B', 'status': 'Optimal', 'primary': 'energy', 'tol': 0.1, 'opt_primary': 1.9493601589348326, 'objective_secondary': 1.0499459480776698, 'sumE': 1.949
[95.93] [Task 172] ILP chose server: STARLINK-1826
[95.93] [Task 172] Routed STARLINK-35136 -> STARLINK-1826 | E_NET=0.006468 J | Remaining=119999.99 J
[95.939] Task 172 enqueued on CPU STARLINK-1826 qlen_enqueue=1
[MODE: BIDIRECTIONAL]
[169][GREEDY] CONSEGNATO! STARLINK-31220 -> OBS | Tramission-time: 2.5054919206507074e-11
----------------------------------------------------------------------
	||TIME IN SIMULATION : (seconds:96) (minutes: 1) ||

MODIFICA CONFIGURAZIONE IN CORSO...

Aggiornato il Tempo Globale:  2025-11-20 20:56:50
---> Task 173 (Type: CPU_and_Data_Intensive) arriva in 96.84
--- [96.84] Task 173 using SearchNode Policy: v2_ilp_hybrid ---
[96.84] [Task 173] Entering ILP branch (v2)
[ε-constraint energy] sumE_B=1.120279  bound=1.232307  active=False
[ILP] res_type=dict value_preview={'stage': 'B', 'status': 'Optimal', 'primary': 'energy', 'tol': 0.1, 'opt_primary': 1.120279430888615, 'objective_secondary': 0.6064717966926304, 'sumE': 1.1202
[96.84] [Task 173] ILP chose server: STARLINK-11474 [DTC]
[96.84] [Task 173] Routed STARLINK-35136 -> STARLINK-11474 [DTC] | E_NET=0.010844 J | Remaining=119999.98 J
[96.854] Task 173 enqueued on CPU STARLINK-11474 [DTC] qlen_enqueue=1
[96.982] Task 172 enqueued on NET STARLINK-1826 qlen_enqueue_net=1
[Task 172] Task eseguito su STARLINK-1826 47.59061210189459 degrees | CPU=1.9418J, NET=0.0065J, TOTAL=1.9482J, Remaining=119991.86J
[96.988] Task 172 served on STARLINK-1826 qlen_enqueue_cpu=1 qlen_enqueue_net=1 time_in_queue=0.000
[172][GREEDY] STARLINK-1826 -> STARLINK-31220 | Tramission-time: 0.001308592338955935
[172] Energy routing consumed by STARLINK-1826: 0.000000 J (remaining 119991.86)
[MODE: BIDIRECTIONAL]
[172][GREEDY] CONSEGNATO! STARLINK-31220 -> OBS | Tramission-time: 6.295913236879343e-09
[Task 171] Task eseguito su STARLINK-30223 69.78413501685253 degrees | CPU=3.1769J, NET=0.0000J, TOTAL=3.1770J, Remaining=119996.82J
[97.360] Task 171 served on STARLINK-30223 qlen_enqueue_cpu=1 qlen_enqueue_net=None time_in_queue=0.000
[97.449] Task 173 enqueued on NET STARLINK-11474 [DTC] qlen_enqueue_net=1
[MODE: BIDIRECTIONAL]
[171][GREEDY] CONSEGNATO! STARLINK-30223 -> OBS | Tramission-time: 2.909221161085917e-11
[Task 173] Task eseguito su STARLINK-11474 [DTC] 30.762431125396645 degrees | CPU=1.1093J, NET=0.0108J, TOTAL=1.1201J, Remaining=119997.24J
[97.460] Task 173 served on STARLINK-11474 [DTC] qlen_enqueue_cpu=1 qlen_enqueue_net=1 time_in_queue=0.000
---> Task 174 (Type: CPU_Intensive) arriva in 97.52
--- [97.52] Task 174 using SearchNode Policy: v2_ilp_hybrid ---
[97.52] [Task 174] Entering ILP branch (v2)
[ε-constraint energy] sumE_B=1.721140  bound=1.893254  active=False
[ILP] res_type=dict value_preview={'stage': 'B', 'status': 'Optimal', 'primary': 'energy', 'tol': 0.1, 'opt_primary': 1.7211395768190707, 'objective_secondary': 0.9239211392455958, 'sumE': 1.721
[97.52] [Task 174] ILP chose server: STARLINK-11403 [DTC]
[97.52] [Task 174] Routed STARLINK-4525 -> STARLINK-11403 [DTC] | E_NET=0.000018 J | Remaining=119999.98 J
[97.522] Task 174 enqueued on CPU STARLINK-11403 [DTC] qlen_enqueue=1
[173][GREEDY] STARLINK-11474 [DTC] -> STARLINK-31220 | Tramission-time: 0.001836629333758936
[173] Energy routing consumed by STARLINK-11474 [DTC]: 0.000000 J (remaining 119997.24)
[MODE: BIDIRECTIONAL]
[173][GREEDY] CONSEGNATO! STARLINK-31220 -> OBS | Tramission-time: 9.877013456618206e-09
---> Task 175 (Type: Generic_Service) arriva in 97.81
--- [97.81] Task 175 using SearchNode Policy: v2_ilp_hybrid ---
[97.81] [Task 175] Entering ILP branch (v2)
[ε-constraint energy] sumE_B=0.113560  bound=0.124916  active=False
[ILP] res_type=dict value_preview={'stage': 'B', 'status': 'Optimal', 'primary': 'energy', 'tol': 0.1, 'opt_primary': 0.11355967840878699, 'objective_secondary': 0.060964054292209066, 'sumE': 0.
[97.81] [Task 175] ILP chose server: STARLINK-11474 [DTC]
[97.81] [Task 175] Routed STARLINK-4525 -> STARLINK-11474 [DTC] | E_NET=0.000007 J | Remaining=119999.98 J
[97.816] Task 175 enqueued on CPU STARLINK-11474 [DTC] qlen_enqueue=1
[Task 175] Task eseguito su STARLINK-11474 [DTC] 30.762431125396645 degrees | CPU=0.1135J, NET=0.0000J, TOTAL=0.1136J, Remaining=119997.13J
[97.877] Task 175 served on STARLINK-11474 [DTC] qlen_enqueue_cpu=1 qlen_enqueue_net=None time_in_queue=0.000
---> Task 176 (Type: Generic_Service) arriva in 97.90
--- [97.90] Task 176 using SearchNode Policy: v2_ilp_hybrid ---
[97.90] [Task 176] Entering ILP branch (v2)
[ε-constraint energy] sumE_B=0.011224  bound=0.012347  active=False
[ILP] res_type=dict value_preview={'stage': 'B', 'status': 'Optimal', 'primary': 'energy', 'tol': 0.1, 'opt_primary': 0.011224251247150912, 'objective_secondary': 0.006029960513358219, 'sumE': 0
[97.90] [Task 176] ILP chose server: STARLINK-11474 [DTC]
[97.90] [Task 176] Routed STARLINK-4525 -> STARLINK-11474 [DTC] | E_NET=0.000007 J | Remaining=119999.98 J
[97.901] Task 176 enqueued on CPU STARLINK-11474 [DTC] qlen_enqueue=1
[Task 176] Task eseguito su STARLINK-11474 [DTC] 30.762431125396645 degrees | CPU=0.0112J, NET=0.0000J, TOTAL=0.0112J, Remaining=119997.12J
[97.908] Task 176 served on STARLINK-11474 [DTC] qlen_enqueue_cpu=1 qlen_enqueue_net=None time_in_queue=0.000
[175][GREEDY] STARLINK-11474 [DTC] -> STARLINK-31220 | Tramission-time: 0.00183662125454261
[175] Energy routing consumed by STARLINK-11474 [DTC]: 0.000000 J (remaining 119997.12)
----------------------------------------------------------------------
	||TIME IN SIMULATION : (seconds:98) (minutes: 1) ||

MODIFICA CONFIGURAZIONE IN CORSO...

Aggiornato il Tempo Globale:  2025-11-20 20:56:52
[MODE: BIDIRECTIONAL]
[175][GREEDY] CONSEGNATO! STARLINK-31220 -> OBS | Tramission-time: 9.721098431092316e-12
[176][GREEDY] STARLINK-11474 [DTC] -> STARLINK-31220 | Tramission-time: 0.0018336306455934443
[176] Energy routing consumed by STARLINK-11474 [DTC]: 0.000000 J (remaining 119997.12)
[MODE: BIDIRECTIONAL]
[176][GREEDY] CONSEGNATO! STARLINK-31220 -> OBS | Tramission-time: 9.415104440281238e-12
[Task 174] Task eseguito su STARLINK-11403 [DTC] 71.85679772863243 degrees | CPU=1.7211J, NET=0.0000J, TOTAL=1.7211J, Remaining=119965.44J
[98.448] Task 174 served on STARLINK-11403 [DTC] qlen_enqueue_cpu=1 qlen_enqueue_net=None time_in_queue=0.000
[174][GREEDY] STARLINK-11403 [DTC] -> STARLINK-31220 | Tramission-time: 0.0005848332621568161
[174] Energy routing consumed by STARLINK-11403 [DTC]: 0.000000 J (remaining 119965.44)
[MODE: BIDIRECTIONAL]
[174][GREEDY] CONSEGNATO! STARLINK-31220 -> OBS | Tramission-time: 1.7113998906497414e-11
---> Task 177 (Type: Generic_Service) arriva in 99.08
--- [99.08] Task 177 using SearchNode Policy: v2_ilp_hybrid ---
[99.08] [Task 177] Entering ILP branch (v2)
[ε-constraint energy] sumE_B=0.238883  bound=0.262771  active=False
[ILP] res_type=dict value_preview={'stage': 'B', 'status': 'Optimal', 'primary': 'energy', 'tol': 0.1, 'opt_primary': 0.23888265907343892, 'objective_secondary': 0.12824088407831236, 'sumE': 0.2
[99.08] [Task 177] ILP chose server: STARLINK-11403 [DTC]
[99.08] [Task 177] Routed STARLINK-4525 -> STARLINK-11403 [DTC] | E_NET=0.000017 J | Remaining=119999.98 J
[99.076] Task 177 enqueued on CPU STARLINK-11403 [DTC] qlen_enqueue=1
[Task 177] Task eseguito su STARLINK-11403 [DTC] 71.85679772863243 degrees | CPU=0.2389J, NET=0.0000J, TOTAL=0.2389J, Remaining=119965.20J
[99.205] Task 177 served on STARLINK-11403 [DTC] qlen_enqueue_cpu=1 qlen_enqueue_net=None time_in_queue=0.000
[177][GREEDY] STARLINK-11403 [DTC] -> STARLINK-31220 | Tramission-time: 0.0005848332609310294
[177] Energy routing consumed by STARLINK-11403 [DTC]: 0.000000 J (remaining 119965.20)
[MODE: BIDIRECTIONAL]
[177][GREEDY] CONSEGNATO! STARLINK-31220 -> OBS | Tramission-time: 1.4170445702295963e-11
---> Task 178 (Type: CPU_and_Data_Intensive) arriva in 99.77
--- [99.77] Task 178 using SearchNode Policy: v2_ilp_hybrid ---
[99.77] [Task 178] Entering ILP branch (v2)
[ε-constraint energy] sumE_B=0.491837  bound=0.541020  active=False
[ILP] res_type=dict value_preview={'stage': 'B', 'status': 'Optimal', 'primary': 'energy', 'tol': 0.1, 'opt_primary': 0.49183670048960204, 'objective_secondary': 0.2641403545932995, 'sumE': 0.49
[99.77] [Task 178] ILP chose server: STARLINK-11403 [DTC]
[99.77] [Task 178] Routed STARLINK-4525 -> STARLINK-11403 [DTC] | E_NET=0.000252 J | Remaining=119999.98 J
[99.773] Task 178 enqueued on CPU STARLINK-11403 [DTC] qlen_enqueue=1
---> Task 179 (Type: CPU_Intensive) arriva in 99.85
--- [99.85] Task 179 using SearchNode Policy: v2_ilp_hybrid ---
[99.85] [Task 179] Entering ILP branch (v2)
[ε-constraint energy] sumE_B=1.094646  bound=1.204110  active=False
[ILP] res_type=dict value_preview={'stage': 'B', 'status': 'Optimal', 'primary': 'energy', 'tol': 0.1, 'opt_primary': 1.094645543024352, 'objective_secondary': 0.5876169070967693, 'sumE': 1.0946
[99.85] [Task 179] ILP chose server: STARLINK-11474 [DTC]
[99.85] [Task 179] Routed STARLINK-35136 -> STARLINK-11474 [DTC] | E_NET=0.000013 J | Remaining=119999.98 J
[99.857] Task 179 enqueued on CPU STARLINK-11474 [DTC] qlen_enqueue=1
----------------------------------------------------------------------
	||TIME IN SIMULATION : (seconds:100) (minutes: 1) ||

MODIFICA CONFIGURAZIONE IN CORSO...

Aggiornato il Tempo Globale:  2025-11-20 20:56:54
[100.037] Task 178 enqueued on NET STARLINK-11403 [DTC] qlen_enqueue_net=1
[Task 178] Task eseguito su STARLINK-11403 [DTC] 69.84058504317645 degrees | CPU=0.4916J, NET=0.0003J, TOTAL=0.4918J, Remaining=119964.71J
[100.037] Task 178 served on STARLINK-11403 [DTC] qlen_enqueue_cpu=1 qlen_enqueue_net=1 time_in_queue=0.000
[178][GREEDY] STARLINK-11403 [DTC] -> STARLINK-31220 | Tramission-time: 0.0005889601778622561
[178] Energy routing consumed by STARLINK-11403 [DTC]: 0.000000 J (remaining 119964.71)
[MODE: BIDIRECTIONAL]
[178][GREEDY] CONSEGNATO! STARLINK-31220 -> OBS | Tramission-time: 1.9818949989944993e-10
[Task 179] Task eseguito su STARLINK-11474 [DTC] 32.28367402627384 degrees | CPU=1.0946J, NET=0.0000J, TOTAL=1.0946J, Remaining=119996.02J
[100.445] Task 179 served on STARLINK-11474 [DTC] qlen_enqueue_cpu=1 qlen_enqueue_net=None time_in_queue=0.000
[179][GREEDY] STARLINK-11474 [DTC] -> STARLINK-31220 | Tramission-time: 0.0018309498135399753
[179] Energy routing consumed by STARLINK-11474 [DTC]: 0.000000 J (remaining 119996.02)
---> Task 180 (Type: Generic_Service) arriva in 100.50
--- [100.50] Task 180 using SearchNode Policy: v2_ilp_hybrid ---
[100.50] [Task 180] Entering ILP branch (v2)
[ε-constraint energy] sumE_B=0.006762  bound=0.007438  active=False
[ILP] res_type=dict value_preview={'stage': 'B', 'status': 'Optimal', 'primary': 'energy', 'tol': 0.1, 'opt_primary': 0.006762133645256601, 'objective_secondary': 0.0036486989869925672, 'sumE': 
[100.50] [Task 180] ILP chose server: STARLINK-31751
[100.50] [Task 180] Routed STARLINK-35136 -> STARLINK-31751 | E_NET=0.000040 J | Remaining=119999.98 J
[100.502] Task 180 enqueued on CPU STARLINK-31751 qlen_enqueue=1
[Task 180] Task eseguito su STARLINK-31751 41.937826372929855 degrees | CPU=0.0067J, NET=0.0000J, TOTAL=0.0068J, Remaining=119989.64J
[100.508] Task 180 served on STARLINK-31751 qlen_enqueue_cpu=1 qlen_enqueue_net=None time_in_queue=0.000
[180][GREEDY] STARLINK-31751 -> STARLINK-31220 | Tramission-time: 0.0018179324978482587
[180] Energy routing consumed by STARLINK-31751: 0.000000 J (remaining 119989.64)
[MODE: BIDIRECTIONAL]
[179][GREEDY] CONSEGNATO! STARLINK-31220 -> OBS | Tramission-time: 1.2953129852621053e-11
[MODE: BIDIRECTIONAL]
[180][GREEDY] CONSEGNATO! STARLINK-31220 -> OBS | Tramission-time: 3.81452010049183e-11
---> Task 181 (Type: Generic_Service) arriva in 100.67
--- [100.67] Task 181 using SearchNode Policy: v2_ilp_hybrid ---
[100.67] [Task 181] Entering ILP branch (v2)
[ε-constraint energy] sumE_B=0.054589  bound=0.060048  active=False
[ILP] res_type=dict value_preview={'stage': 'B', 'status': 'Optimal', 'primary': 'energy', 'tol': 0.1, 'opt_primary': 0.05458882294481637, 'objective_secondary': 0.029306179520996015, 'sumE': 0.
[100.67] [Task 181] ILP chose server: STARLINK-31751
[100.67] [Task 181] Routed STARLINK-35136 -> STARLINK-31751 | E_NET=0.000006 J | Remaining=119999.98 J
[100.667] Task 181 enqueued on CPU STARLINK-31751 qlen_enqueue=1
[Task 181] Task eseguito su STARLINK-31751 41.937826372929855 degrees | CPU=0.0546J, NET=0.0000J, TOTAL=0.0546J, Remaining=119989.59J
[100.697] Task 181 served on STARLINK-31751 qlen_enqueue_cpu=1 qlen_enqueue_net=None time_in_queue=0.000
[181][GREEDY] STARLINK-31751 -> STARLINK-31220 | Tramission-time: 0.001817932474295793
[181] Energy routing consumed by STARLINK-31751: 0.000000 J (remaining 119989.59)
[MODE: BIDIRECTIONAL]
[181][GREEDY] CONSEGNATO! STARLINK-31220 -> OBS | Tramission-time: 5.024769660728256e-12
---> Task 182 (Type: CPU_Intensive) arriva in 100.78
--- [100.78] Task 182 using SearchNode Policy: v2_ilp_hybrid ---
[100.78] [Task 182] Entering ILP branch (v2)
[ε-constraint energy] sumE_B=1.075646  bound=1.183211  active=False
[ILP] res_type=dict value_preview={'stage': 'B', 'status': 'Optimal', 'primary': 'energy', 'tol': 0.1, 'opt_primary': 1.075646332317873, 'objective_secondary': 0.5774227382883387, 'sumE': 1.0756
[100.78] [Task 182] ILP chose server: STARLINK-31751
[100.78] [Task 182] Routed STARLINK-35136 -> STARLINK-31751 | E_NET=0.000028 J | Remaining=119999.98 J
[100.784] Task 182 enqueued on CPU STARLINK-31751 qlen_enqueue=1
[Task 182] Task eseguito su STARLINK-31751 41.937826372929855 degrees | CPU=1.0756J, NET=0.0000J, TOTAL=1.0756J, Remaining=119988.51J
[101.363] Task 182 served on STARLINK-31751 qlen_enqueue_cpu=1 qlen_enqueue_net=None time_in_queue=0.000
[182][GREEDY] STARLINK-31751 -> STARLINK-31220 | Tramission-time: 0.0018179324916429355
[182] Energy routing consumed by STARLINK-31751: 0.000000 J (remaining 119988.51)
[MODE: BIDIRECTIONAL]
[182][GREEDY] CONSEGNATO! STARLINK-31220 -> OBS | Tramission-time: 2.6829306850543782e-11
----------------------------------------------------------------------
	||TIME IN SIMULATION : (seconds:102) (minutes: 1) ||

MODIFICA CONFIGURAZIONE IN CORSO...

Aggiornato il Tempo Globale:  2025-11-20 20:56:56
---> Task 183 (Type: CPU_and_Data_Intensive) arriva in 103.03
--- [103.03] Task 183 using SearchNode Policy: v2_ilp_hybrid ---
[103.03] [Task 183] Entering ILP branch (v2)
[ε-constraint energy] sumE_B=1.156430  bound=1.272072  active=False
[ILP] res_type=dict value_preview={'stage': 'B', 'status': 'Optimal', 'primary': 'energy', 'tol': 0.1, 'opt_primary': 1.1564295200030947, 'objective_secondary': 0.6221750815193198, 'sumE': 1.156
[103.03] [Task 183] ILP chose server: STARLINK-32945
[103.03] [Task 183] Routed STARLINK-35269 -> STARLINK-32945 | E_NET=0.002083 J | Remaining=120000.00 J
[103.033] Task 183 enqueued on CPU STARLINK-32945 qlen_enqueue=1
---> Task 184 (Type: Generic_Service) arriva in 103.06
--- [103.06] Task 184 using SearchNode Policy: v2_ilp_hybrid ---
[103.06] [Task 184] Entering ILP branch (v2)
[ε-constraint energy] sumE_B=0.029642  bound=0.032606  active=False
[ILP] res_type=dict value_preview={'stage': 'B', 'status': 'Optimal', 'primary': 'energy', 'tol': 0.1, 'opt_primary': 0.029641643838780766, 'objective_secondary': 0.015923107298756126, 'sumE': 0
[103.06] [Task 184] ILP chose server: STARLINK-32654
[103.06] [Task 184] Routed STARLINK-35269 -> STARLINK-32654 | E_NET=0.000018 J | Remaining=120000.00 J
[103.063] Task 184 enqueued on CPU STARLINK-32654 qlen_enqueue=1
[Task 184] Task eseguito su STARLINK-32654 57.98009986803253 degrees | CPU=0.0296J, NET=0.0000J, TOTAL=0.0296J, Remaining=119997.41J
[103.081] Task 184 served on STARLINK-32654 qlen_enqueue_cpu=1 qlen_enqueue_net=None time_in_queue=0.000
[184][GREEDY] STARLINK-32654 -> STARLINK-35136 | Tramission-time: 0.0013291806263839414
[184] Energy routing consumed by STARLINK-32654: 0.000000 J (remaining 119997.41)
[MODE: BIDIRECTIONAL]
[184][GREEDY] CONSEGNATO! STARLINK-35136 -> OBS | Tramission-time: 1.9956453833338315e-11
---> Task 185 (Type: CPU_and_Data_Intensive) arriva in 103.31
--- [103.31] Task 185 using SearchNode Policy: v2_ilp_hybrid ---
[103.31] [Task 185] Entering ILP branch (v2)
[ε-constraint energy] sumE_B=2.538139  bound=2.791953  active=False
[ILP] res_type=dict value_preview={'stage': 'B', 'status': 'Optimal', 'primary': 'energy', 'tol': 0.1, 'opt_primary': 2.538139479840888, 'objective_secondary': 1.3627567502135074, 'sumE': 2.5381
[103.31] [Task 185] ILP chose server: STARLINK-32654
[103.31] [Task 185] Routed STARLINK-35269 -> STARLINK-32654 | E_NET=0.000433 J | Remaining=120000.00 J
[103.315] Task 185 enqueued on CPU STARLINK-32654 qlen_enqueue=1
[103.652] Task 183 enqueued on NET STARLINK-32945 qlen_enqueue_net=1
[Task 183] Task eseguito su STARLINK-32945 29.21667304061736 degrees | CPU=1.1534J, NET=0.0021J, TOTAL=1.1555J, Remaining=119998.84J
[103.654] Task 183 served on STARLINK-32945 qlen_enqueue_cpu=1 qlen_enqueue_net=1 time_in_queue=0.000
[183][GREEDY] STARLINK-32945 -> STARLINK-30223 | Tramission-time: 0.0021277234700442143
[183] Energy routing consumed by STARLINK-32945: 0.000000 J (remaining 119998.84)
[MODE: BIDIRECTIONAL]
[183][GREEDY] CONSEGNATO! STARLINK-30223 -> OBS | Tramission-time: 2.158231515895772e-09
---> Task 186 (Type: CPU_Intensive) arriva in 103.96
--- [103.96] Task 186 using SearchNode Policy: v2_ilp_hybrid ---
[103.96] [Task 186] Entering ILP branch (v2)
[ε-constraint energy] sumE_B=1.070546  bound=1.177600  active=False
[ILP] res_type=dict value_preview={'stage': 'B', 'status': 'Optimal', 'primary': 'energy', 'tol': 0.1, 'opt_primary': 1.070545657014618, 'objective_secondary': 0.5746739249108246, 'sumE': 1.0705
[103.96] [Task 186] ILP chose server: STARLINK-32945
[103.96] [Task 186] Routed STARLINK-35269 -> STARLINK-32945 | E_NET=0.000003 J | Remaining=120000.00 J
[103.963] Task 186 enqueued on CPU STARLINK-32945 qlen_enqueue=1
----------------------------------------------------------------------
	||TIME IN SIMULATION : (seconds:104) (minutes: 1) ||

MODIFICA CONFIGURAZIONE IN CORSO...

Aggiornato il Tempo Globale:  2025-11-20 20:56:58
---> Task 187 (Type: CPU_and_Data_Intensive) arriva in 104.53
--- [104.53] Task 187 using SearchNode Policy: v2_ilp_hybrid ---
[104.53] [Task 187] Entering ILP branch (v2)
[ε-constraint energy] sumE_B=1.929344  bound=2.122279  active=False
[ILP] res_type=dict value_preview={'stage': 'B', 'status': 'Optimal', 'primary': 'energy', 'tol': 0.1, 'opt_primary': 1.929344366756015, 'objective_secondary': 1.036082119568413, 'sumE': 1.92934
[104.53] [Task 187] ILP chose server: STARLINK-31763
[104.53] [Task 187] Routed STARLINK-35269 -> STARLINK-31763 | E_NET=0.000608 J | Remaining=120000.00 J
[104.532] Task 187 enqueued on CPU STARLINK-31763 qlen_enqueue=1
[Task 186] Task eseguito su STARLINK-32945 29.714039322576493 degrees | CPU=1.0705J, NET=0.0000J, TOTAL=1.0705J, Remaining=119997.77J
[104.538] Task 186 served on STARLINK-32945 qlen_enqueue_cpu=1 qlen_enqueue_net=None time_in_queue=0.000
[186][GREEDY] STARLINK-32945 -> STARLINK-30223 | Tramission-time: 0.0021302355191411145
[186] Energy routing consumed by STARLINK-32945: 0.000000 J (remaining 119997.77)
[MODE: BIDIRECTIONAL]
[186][GREEDY] CONSEGNATO! STARLINK-30223 -> OBS | Tramission-time: 3.46855478430095e-12
[104.677] Task 185 enqueued on NET STARLINK-32654 qlen_enqueue_net=1
[Task 185] Task eseguito su STARLINK-32654 57.598199648921 degrees | CPU=2.5375J, NET=0.0004J, TOTAL=2.5380J, Remaining=119994.87J
[104.677] Task 185 served on STARLINK-32654 qlen_enqueue_cpu=1 qlen_enqueue_net=1 time_in_queue=0.000
[185][GREEDY] STARLINK-32654 -> STARLINK-35136 | Tramission-time: 0.0013077064083813984
[185] Energy routing consumed by STARLINK-32654: 0.000000 J (remaining 119994.87)
[MODE: BIDIRECTIONAL]
[185][GREEDY] CONSEGNATO! STARLINK-35136 -> OBS | Tramission-time: 4.4795707404079533e-10
---> Task 188 (Type: CPU_Intensive) arriva in 105.02
--- [105.02] Task 188 using SearchNode Policy: v2_ilp_hybrid ---
[105.02] [Task 188] Entering ILP branch (v2)
[ε-constraint energy] sumE_B=1.288086  bound=1.416894  active=False
[ILP] res_type=dict value_preview={'stage': 'B', 'status': 'Optimal', 'primary': 'energy', 'tol': 0.1, 'opt_primary': 1.2880858065888137, 'objective_secondary': 0.6914550102348216, 'sumE': 1.288
[105.02] [Task 188] ILP chose server: STARLINK-32654
[105.02] [Task 188] Routed STARLINK-35269 -> STARLINK-32654 | E_NET=0.000012 J | Remaining=120000.00 J
[105.020] Task 188 enqueued on CPU STARLINK-32654 qlen_enqueue=1
---> Task 189 (Type: CPU_and_Data_Intensive) arriva in 105.06
--- [105.06] Task 189 using SearchNode Policy: v2_ilp_hybrid ---
[105.06] [Task 189] Entering ILP branch (v2)
[ε-constraint energy] sumE_B=0.817386  bound=0.899124  active=False
[ILP] res_type=dict value_preview={'stage': 'B', 'status': 'Optimal', 'primary': 'energy', 'tol': 0.1, 'opt_primary': 0.817385660834531, 'objective_secondary': 0.4401450437694443, 'sumE': 0.8173
[105.06] [Task 189] ILP chose server: STARLINK-31751
[105.06] [Task 189] Routed STARLINK-35269 -> STARLINK-31751 | E_NET=0.002752 J | Remaining=119999.99 J
[105.063] Task 189 enqueued on CPU STARLINK-31751 qlen_enqueue=1
[105.500] Task 189 enqueued on NET STARLINK-31751 qlen_enqueue_net=1
[Task 189] Task eseguito su STARLINK-31751 40.8434145145949 degrees | CPU=0.8144J, NET=0.0028J, TOTAL=0.8172J, Remaining=119987.69J
[105.503] Task 189 served on STARLINK-31751 qlen_enqueue_cpu=1 qlen_enqueue_net=1 time_in_queue=0.000
[105.567] Task 187 enqueued on NET STARLINK-31763 qlen_enqueue_net=1
[Task 187] Task eseguito su STARLINK-31763 34.2195340960202 degrees | CPU=1.9285J, NET=0.0006J, TOTAL=1.9291J, Remaining=119992.82J
[105.568] Task 187 served on STARLINK-31763 qlen_enqueue_cpu=1 qlen_enqueue_net=1 time_in_queue=0.000
[189][GREEDY] STARLINK-31751 -> STARLINK-35136 | Tramission-time: 0.0016625252576832484
[189] Energy routing consumed by STARLINK-31751: 0.000000 J (remaining 119987.69)
[MODE: BIDIRECTIONAL]
[189][GREEDY] CONSEGNATO! STARLINK-35136 -> OBS | Tramission-time: 2.0931391976575513e-09
[187][GREEDY] STARLINK-31763 -> STARLINK-35136 | Tramission-time: 0.0020850608434782075
[187] Energy routing consumed by STARLINK-31763: 0.000000 J (remaining 119992.82)
[MODE: BIDIRECTIONAL]
[187][GREEDY] CONSEGNATO! STARLINK-35136 -> OBS | Tramission-time: 7.029840636391576e-10
[Task 188] Task eseguito su STARLINK-32654 57.598199648921 degrees | CPU=1.2881J, NET=0.0000J, TOTAL=1.2881J, Remaining=119993.59J
[105.712] Task 188 served on STARLINK-32654 qlen_enqueue_cpu=1 qlen_enqueue_net=None time_in_queue=0.000
[188][GREEDY] STARLINK-32654 -> STARLINK-35136 | Tramission-time: 0.0013077058899974277
[188] Energy routing consumed by STARLINK-32654: 0.000000 J (remaining 119993.59)
[MODE: BIDIRECTIONAL]
[188][GREEDY] CONSEGNATO! STARLINK-35136 -> OBS | Tramission-time: 1.083304245815627e-11
---> Task 190 (Type: CPU_Intensive) arriva in 105.96
--- [105.96] Task 190 using SearchNode Policy: v2_ilp_hybrid ---
[105.96] [Task 190] Entering ILP branch (v2)
[ε-constraint energy] sumE_B=0.268062  bound=0.294868  active=False
[ILP] res_type=dict value_preview={'stage': 'B', 'status': 'Optimal', 'primary': 'energy', 'tol': 0.1, 'opt_primary': 0.2680622402865689, 'objective_secondary': 0.14391469252104247, 'sumE': 0.26
[105.96] [Task 190] ILP chose server: STARLINK-32654
[105.96] [Task 190] Routed STARLINK-35269 -> STARLINK-32654 | E_NET=0.000030 J | Remaining=119999.99 J
[105.959] Task 190 enqueued on CPU STARLINK-32654 qlen_enqueue=1
----------------------------------------------------------------------
	||TIME IN SIMULATION : (seconds:106) (minutes: 1) ||

MODIFICA CONFIGURAZIONE IN CORSO...

Aggiornato il Tempo Globale:  2025-11-20 20:57:00
---> Task 191 (Type: Generic_Service) arriva in 106.04
--- [106.04] Task 191 using SearchNode Policy: v2_ilp_hybrid ---
[106.04] [Task 191] Entering ILP branch (v2)
[ε-constraint energy] sumE_B=0.017302  bound=0.019033  active=False
[ILP] res_type=dict value_preview={'stage': 'B', 'status': 'Optimal', 'primary': 'energy', 'tol': 0.1, 'opt_primary': 0.0173023976544106, 'objective_secondary': 0.009291957125673385, 'sumE': 0.0
[106.04] [Task 191] ILP chose server: STARLINK-31782
[106.04] [Task 191] Routed STARLINK-35269 -> STARLINK-31782 | E_NET=0.000008 J | Remaining=119999.99 J
[106.039] Task 191 enqueued on CPU STARLINK-31782 qlen_enqueue=1
[Task 191] Task eseguito su STARLINK-31782 26.60156652098218 degrees | CPU=0.0173J, NET=0.0000J, TOTAL=0.0173J, Remaining=119999.98J
[106.049] Task 191 served on STARLINK-31782 qlen_enqueue_cpu=1 qlen_enqueue_net=None time_in_queue=0.000
[191][GREEDY] STARLINK-31782 -> STARLINK-1826 | Tramission-time: 0.0017205143090156002
[191] Energy routing consumed by STARLINK-31782: 0.000000 J (remaining 119999.98)
[Task 190] Task eseguito su STARLINK-32654 57.162427017057645 degrees | CPU=0.2680J, NET=0.0000J, TOTAL=0.2681J, Remaining=119993.32J
[106.105] Task 190 served on STARLINK-32654 qlen_enqueue_cpu=1 qlen_enqueue_net=None time_in_queue=0.000
[190][GREEDY] STARLINK-32654 -> STARLINK-35136 | Tramission-time: 0.0012882933008057592
[190] Energy routing consumed by STARLINK-32654: 0.000000 J (remaining 119993.32)
[MODE: BIDIRECTIONAL]
[190][GREEDY] CONSEGNATO! STARLINK-35136 -> OBS | Tramission-time: 3.216561050259768e-11
[MODE: BIDIRECTIONAL]
[191][GREEDY] CONSEGNATO! STARLINK-1826 -> OBS | Tramission-time: 7.230868657876329e-12
---> Task 192 (Type: CPU_and_Data_Intensive) arriva in 106.28
--- [106.28] Task 192 using SearchNode Policy: v2_ilp_hybrid ---
[106.28] [Task 192] Entering ILP branch (v2)
[ε-constraint energy] sumE_B=0.446144  bound=0.490759  active=False
[ILP] res_type=dict value_preview={'stage': 'B', 'status': 'Optimal', 'primary': 'energy', 'tol': 0.1, 'opt_primary': 0.44614420580506675, 'objective_secondary': 0.3141996992561501, 'sumE': 0.44
[106.28] [Task 192] ILP chose server: STARLINK-32654
[106.28] [Task 192] Routed STARLINK-35269 -> STARLINK-32654 | E_NET=0.160343 J | Remaining=119999.83 J
---> Task 193 (Type: CPU_Intensive) arriva in 106.36
--- [106.36] Task 193 using SearchNode Policy: v2_ilp_hybrid ---
[106.36] [Task 193] Entering ILP branch (v2)
[ε-constraint energy] sumE_B=0.312260  bound=0.343486  active=False
[ILP] res_type=dict value_preview={'stage': 'B', 'status': 'Optimal', 'primary': 'energy', 'tol': 0.1, 'opt_primary': 0.3122603656991002, 'objective_secondary': 0.1676299331917677, 'sumE': 0.312
[106.36] [Task 193] ILP chose server: STARLINK-31866
[106.36] [Task 193] Routed STARLINK-35136 -> STARLINK-31866 | E_NET=0.000016 J | Remaining=119999.98 J
[106.361] Task 193 enqueued on CPU STARLINK-31866 qlen_enqueue=1
---> Task 194 (Type: CPU_and_Data_Intensive) arriva in 106.44
--- [106.44] Task 194 using SearchNode Policy: v2_ilp_hybrid ---
[106.44] [Task 194] Entering ILP branch (v2)
[ε-constraint energy] sumE_B=0.177672  bound=0.195440  active=False
[ILP] res_type=dict value_preview={'stage': 'B', 'status': 'Optimal', 'primary': 'energy', 'tol': 0.1, 'opt_primary': 0.1776723395000961, 'objective_secondary': 0.09598495552624517, 'sumE': 0.17
[106.44] [Task 194] ILP chose server: STARLINK-31763
[106.44] [Task 194] Routed STARLINK-35136 -> STARLINK-31763 | E_NET=0.000950 J | Remaining=119999.98 J
[106.444] Task 192 enqueued on CPU STARLINK-32654 qlen_enqueue=1
[106.444] Task 194 enqueued on CPU STARLINK-31763 qlen_enqueue=1
[Task 193] Task eseguito su STARLINK-31866 45.863580604821045 degrees | CPU=0.3122J, NET=0.0000J, TOTAL=0.3123J, Remaining=119999.31J
[106.529] Task 193 served on STARLINK-31866 qlen_enqueue_cpu=1 qlen_enqueue_net=None time_in_queue=0.000
[106.539] Task 194 enqueued on NET STARLINK-31763 qlen_enqueue_net=1
[Task 194] Task eseguito su STARLINK-31763 34.868991895477656 degrees | CPU=0.1764J, NET=0.0009J, TOTAL=0.1773J, Remaining=119992.65J
[106.540] Task 194 served on STARLINK-31763 qlen_enqueue_cpu=1 qlen_enqueue_net=1 time_in_queue=0.000
[193][GREEDY] STARLINK-31866 -> STARLINK-35136 | Tramission-time: 0.0019113991279501835
[193] Energy routing consumed by STARLINK-31866: 0.000000 J (remaining 119999.31)
[MODE: BIDIRECTIONAL]
[193][GREEDY] CONSEGNATO! STARLINK-35136 -> OBS | Tramission-time: 1.1165389233313605e-11
[194][GREEDY] STARLINK-31763 -> STARLINK-35136 | Tramission-time: 0.002009683948821411
[194] Energy routing consumed by STARLINK-31763: 0.000000 J (remaining 119992.65)
[106.597] Task 192 enqueued on NET STARLINK-32654 qlen_enqueue_net=1
[MODE: BIDIRECTIONAL]
[194][GREEDY] CONSEGNATO! STARLINK-35136 -> OBS | Tramission-time: 9.057993763804335e-10
[Task 192] Task eseguito su STARLINK-32654 57.162427017057645 degrees | CPU=0.2849J, NET=0.1603J, TOTAL=0.4452J, Remaining=119992.87J
[106.757] Task 192 served on STARLINK-32654 qlen_enqueue_cpu=1 qlen_enqueue_net=1 time_in_queue=0.000
[192][GREEDY] STARLINK-32654 -> STARLINK-35136 | Tramission-time: 0.0012884310684157416
[192] Energy routing consumed by STARLINK-32654: 0.000000 J (remaining 119992.87)
[MODE: BIDIRECTIONAL]
[192][GREEDY] CONSEGNATO! STARLINK-35136 -> OBS | Tramission-time: 1.305588549282587e-07
---> Task 195 (Type: CPU_Intensive) arriva in 107.43
--- [107.43] Task 195 using SearchNode Policy: v2_ilp_hybrid ---
[107.43] [Task 195] Entering ILP branch (v2)
[ε-constraint energy] sumE_B=0.705569  bound=0.776126  active=False
[ILP] res_type=dict value_preview={'stage': 'B', 'status': 'Optimal', 'primary': 'energy', 'tol': 0.1, 'opt_primary': 0.7055690578239847, 'objective_secondary': 0.37875401861245755, 'sumE': 0.70
[107.43] [Task 195] ILP chose server: STARLINK-31866
[107.43] [Task 195] Routed STARLINK-35136 -> STARLINK-31866 | E_NET=0.000006 J | Remaining=119999.98 J
[107.434] Task 195 enqueued on CPU STARLINK-31866 qlen_enqueue=1
[Task 195] Task eseguito su STARLINK-31866 45.863580604821045 degrees | CPU=0.7056J, NET=0.0000J, TOTAL=0.7056J, Remaining=119998.60J
[107.813] Task 195 served on STARLINK-31866 qlen_enqueue_cpu=1 qlen_enqueue_net=None time_in_queue=0.000
[195][GREEDY] STARLINK-31866 -> STARLINK-35136 | Tramission-time: 0.0019113991188192295
[195] Energy routing consumed by STARLINK-31866: 0.000000 J (remaining 119998.60)
[MODE: BIDIRECTIONAL]
[195][GREEDY] CONSEGNATO! STARLINK-35136 -> OBS | Tramission-time: 5.585181236584453e-12
---> Task 196 (Type: CPU_and_Data_Intensive) arriva in 107.90
--- [107.90] Task 196 using SearchNode Policy: v2_ilp_hybrid ---
[107.90] [Task 196] Entering ILP branch (v2)
[ε-constraint energy] sumE_B=0.203756  bound=0.224132  active=False
[ILP] res_type=dict value_preview={'stage': 'B', 'status': 'Optimal', 'primary': 'energy', 'tol': 0.1, 'opt_primary': 0.20375625193350408, 'objective_secondary': 0.11291310533425389, 'sumE': 0.2
[107.90] [Task 196] ILP chose server: STARLINK-31866
[107.90] [Task 196] Routed STARLINK-35136 -> STARLINK-31866 | E_NET=0.007204 J | Remaining=119999.97 J
[107.913] Task 196 enqueued on CPU STARLINK-31866 qlen_enqueue=1
----------------------------------------------------------------------
	||TIME IN SIMULATION : (seconds:108) (minutes: 1) ||

MODIFICA CONFIGURAZIONE IN CORSO...

Aggiornato il Tempo Globale:  2025-11-20 20:57:02
[108.018] Task 196 enqueued on NET STARLINK-31866 qlen_enqueue_net=1
[Task 196] Task eseguito su STARLINK-31866 44.94151976417244 degrees | CPU=0.1961J, NET=0.0072J, TOTAL=0.2033J, Remaining=119998.40J
[108.025] Task 196 served on STARLINK-31866 qlen_enqueue_cpu=1 qlen_enqueue_net=1 time_in_queue=0.000
[196][GREEDY] STARLINK-31866 -> STARLINK-35136 | Tramission-time: 0.001954362748229484
[196] Energy routing consumed by STARLINK-31866: 0.000000 J (remaining 119998.40)
[MODE: BIDIRECTIONAL]
[196][GREEDY] CONSEGNATO! STARLINK-35136 -> OBS | Tramission-time: 5.306284646651889e-09
---> Task 197 (Type: CPU_Intensive) arriva in 108.72
--- [108.72] Task 197 using SearchNode Policy: v2_ilp_hybrid ---
[108.72] [Task 197] Entering ILP branch (v2)
[ε-constraint energy] sumE_B=0.289087  bound=0.317996  active=False
[ILP] res_type=dict value_preview={'stage': 'B', 'status': 'Optimal', 'primary': 'energy', 'tol': 0.1, 'opt_primary': 0.2890874928318243, 'objective_secondary': 0.1551957951182053, 'sumE': 0.289
[108.72] [Task 197] ILP chose server: STARLINK-32654
[108.72] [Task 197] Routed STARLINK-31585 -> STARLINK-32654 | E_NET=0.000025 J | Remaining=120000.00 J
[108.718] Task 197 enqueued on CPU STARLINK-32654 qlen_enqueue=1
[Task 197] Task eseguito su STARLINK-32654 56.676891094459535 degrees | CPU=0.2891J, NET=0.0000J, TOTAL=0.2891J, Remaining=119992.58J
[108.875] Task 197 served on STARLINK-32654 qlen_enqueue_cpu=1 qlen_enqueue_net=None time_in_queue=0.000
[197][GREEDY] STARLINK-32654 -> STARLINK-35136 | Tramission-time: 0.0012710377007383849
[197] Energy routing consumed by STARLINK-32654: 0.000000 J (remaining 119992.58)
[MODE: BIDIRECTIONAL]
[197][GREEDY] CONSEGNATO! STARLINK-35136 -> OBS | Tramission-time: 2.3506923517744158e-11
---> Task 198 (Type: CPU_Intensive) arriva in 109.53
--- [109.53] Task 198 using SearchNode Policy: v2_ilp_hybrid ---
[109.53] [Task 198] Entering ILP branch (v2)
[ε-constraint energy] sumE_B=0.687529  bound=0.756282  active=False
[ILP] res_type=dict value_preview={'stage': 'B', 'status': 'Optimal', 'primary': 'energy', 'tol': 0.1, 'opt_primary': 0.6875293030618299, 'objective_secondary': 0.3690823272921478, 'sumE': 0.687
[109.53] [Task 198] ILP chose server: STARLINK-32654
[109.53] [Task 198] Routed STARLINK-31585 -> STARLINK-32654 | E_NET=0.000029 J | Remaining=120000.00 J
[109.533] Task 198 enqueued on CPU STARLINK-32654 qlen_enqueue=1
---> Task 199 (Type: Generic_Service) arriva in 109.53
--- [109.53] Task 199 using SearchNode Policy: v2_ilp_hybrid ---
[109.53] [Task 199] Entering ILP branch (v2)
[ε-constraint energy] sumE_B=0.014885  bound=0.016373  active=False
[ILP] res_type=dict value_preview={'stage': 'B', 'status': 'Optimal', 'primary': 'energy', 'tol': 0.1, 'opt_primary': 0.014884706435631515, 'objective_secondary': 0.008002606620009527, 'sumE': 0
[109.53] [Task 199] ILP chose server: STARLINK-31782
[109.53] [Task 199] Routed STARLINK-31585 -> STARLINK-31782 | E_NET=0.000019 J | Remaining=120000.00 J
[109.536] Task 199 enqueued on CPU STARLINK-31782 qlen_enqueue=1
[Task 199] Task eseguito su STARLINK-31782 27.077941480704695 degrees | CPU=0.0149J, NET=0.0000J, TOTAL=0.0149J, Remaining=119999.97J
[109.546] Task 199 served on STARLINK-31782 qlen_enqueue_cpu=1 qlen_enqueue_net=None time_in_queue=0.000
[199][GREEDY] STARLINK-31782 -> STARLINK-1826 | Tramission-time: 0.0017053010616021869
[199] Energy routing consumed by STARLINK-31782: 0.000000 J (remaining 119999.97)
[MODE: BIDIRECTIONAL]
[199][GREEDY] CONSEGNATO! STARLINK-1826 -> OBS | Tramission-time: 1.985138332182021e-11
[Task 198] Task eseguito su STARLINK-32654 56.676891094459535 degrees | CPU=0.6875J, NET=0.0000J, TOTAL=0.6875J, Remaining=119991.90J
[109.904] Task 198 served on STARLINK-32654 qlen_enqueue_cpu=1 qlen_enqueue_net=None time_in_queue=0.000
[198][GREEDY] STARLINK-32654 -> STARLINK-35136 | Tramission-time: 0.0012710377052511871
[198] Energy routing consumed by STARLINK-32654: 0.000000 J (remaining 119991.90)
[MODE: BIDIRECTIONAL]
[198][GREEDY] CONSEGNATO! STARLINK-35136 -> OBS | Tramission-time: 2.6029390573960975e-11
----------------------------------------------------------------------
	||TIME IN SIMULATION : (seconds:110) (minutes: 1) ||

MODIFICA CONFIGURAZIONE IN CORSO...

Aggiornato il Tempo Globale:  2025-11-20 20:57:04
---> Task 200 (Type: CPU_Intensive) arriva in 110.00
--- [110.00] Task 200 using SearchNode Policy: v2_ilp_hybrid ---
[110.00] [Task 200] Entering ILP branch (v2)
[ε-constraint energy] sumE_B=0.521150  bound=0.573265  active=False
[ILP] res_type=dict value_preview={'stage': 'B', 'status': 'Optimal', 'primary': 'energy', 'tol': 0.1, 'opt_primary': 0.5211498647002526, 'objective_secondary': 0.2797673911297982, 'sumE': 0.521
[110.00] [Task 200] ILP chose server: STARLINK-32654
[110.00] [Task 200] Routed STARLINK-31585 -> STARLINK-32654 | E_NET=0.000025 J | Remaining=120000.00 J
[110.004] Task 200 enqueued on CPU STARLINK-32654 qlen_enqueue=1
[Task 200] Task eseguito su STARLINK-32654 56.14589805504864 degrees | CPU=0.5211J, NET=0.0000J, TOTAL=0.5211J, Remaining=119991.38J
[110.285] Task 200 served on STARLINK-32654 qlen_enqueue_cpu=1 qlen_enqueue_net=None time_in_queue=0.000
---> Task 201 (Type: CPU_and_Data_Intensive) arriva in 110.29
--- [110.29] Task 201 using SearchNode Policy: v2_ilp_hybrid ---
[110.29] [Task 201] Entering ILP branch (v2)
[ε-constraint energy] sumE_B=0.683297  bound=0.751626  active=False
[ILP] res_type=dict value_preview={'stage': 'B', 'status': 'Optimal', 'primary': 'energy', 'tol': 0.1, 'opt_primary': 0.6832965761989415, 'objective_secondary': 0.36925374381310855, 'sumE': 0.68
[110.29] [Task 201] ILP chose server: STARLINK-32654
[110.29] [Task 201] Routed STARLINK-31585 -> STARLINK-32654 | E_NET=0.004885 J | Remaining=120000.00 J
[200][GREEDY] STARLINK-32654 -> STARLINK-1826 | Tramission-time: 0.0013192657904924404
[200] Energy routing consumed by STARLINK-32654: 0.000000 J (remaining 119991.38)
[110.294] Task 201 enqueued on CPU STARLINK-32654 qlen_enqueue=1
[MODE: BIDIRECTIONAL]
[200][GREEDY] CONSEGNATO! STARLINK-1826 -> OBS | Tramission-time: 1.9437068980267287e-11
[110.658] Task 201 enqueued on NET STARLINK-32654 qlen_enqueue_net=1
[Task 201] Task eseguito su STARLINK-32654 56.14589805504864 degrees | CPU=0.6780J, NET=0.0049J, TOTAL=0.6829J, Remaining=119990.69J
[110.663] Task 201 served on STARLINK-32654 qlen_enqueue_cpu=1 qlen_enqueue_net=1 time_in_queue=0.000
[201][GREEDY] STARLINK-32654 -> STARLINK-1826 | Tramission-time: 0.0013192699918860397
[201] Energy routing consumed by STARLINK-32654: 0.000000 J (remaining 119990.69)
[MODE: BIDIRECTIONAL]
[201][GREEDY] CONSEGNATO! STARLINK-1826 -> OBS | Tramission-time: 3.5868049218320273e-09
---> Task 202 (Type: CPU_Intensive) arriva in 111.27
--- [111.27] Task 202 using SearchNode Policy: v2_ilp_hybrid ---
[111.27] [Task 202] Entering ILP branch (v2)
[ε-constraint energy] sumE_B=0.167065  bound=0.183772  active=False
[ILP] res_type=dict value_preview={'stage': 'B', 'status': 'Optimal', 'primary': 'energy', 'tol': 0.1, 'opt_primary': 0.1670654712391587, 'objective_secondary': 0.08969452036255099, 'sumE': 0.16
[111.27] [Task 202] ILP chose server: STARLINK-32654
[111.27] [Task 202] Routed STARLINK-31585 -> STARLINK-32654 | E_NET=0.000027 J | Remaining=119999.99 J
[111.266] Task 202 enqueued on CPU STARLINK-32654 qlen_enqueue=1
[Task 202] Task eseguito su STARLINK-32654 56.14589805504864 degrees | CPU=0.1670J, NET=0.0000J, TOTAL=0.1671J, Remaining=119990.53J
[111.358] Task 202 served on STARLINK-32654 qlen_enqueue_cpu=1 qlen_enqueue_net=None time_in_queue=0.000
[202][GREEDY] STARLINK-32654 -> STARLINK-1826 | Tramission-time: 0.0013192657930175108
[202] Energy routing consumed by STARLINK-32654: 0.000000 J (remaining 119990.53)
[MODE: BIDIRECTIONAL]
[202][GREEDY] CONSEGNATO! STARLINK-1826 -> OBS | Tramission-time: 2.3179109702897285e-11
---> Task 203 (Type: Generic_Service) arriva in 111.86
--- [111.86] Task 203 using SearchNode Policy: v2_ilp_hybrid ---
[111.86] [Task 203] Entering ILP branch (v2)
[ε-constraint energy] sumE_B=0.048530  bound=0.053383  active=False
[ILP] res_type=dict value_preview={'stage': 'B', 'status': 'Optimal', 'primary': 'energy', 'tol': 0.1, 'opt_primary': 0.04853043873437625, 'objective_secondary': 0.026062309420951883, 'sumE': 0.
[111.86] [Task 203] ILP chose server: STARLINK-32654
[111.86] [Task 203] Routed STARLINK-31585 -> STARLINK-32654 | E_NET=0.000022 J | Remaining=119999.99 J
[111.861] Task 203 enqueued on CPU STARLINK-32654 qlen_enqueue=1
[Task 203] Task eseguito su STARLINK-32654 56.14589805504864 degrees | CPU=0.0485J, NET=0.0000J, TOTAL=0.0485J, Remaining=119990.48J
[111.889] Task 203 served on STARLINK-32654 qlen_enqueue_cpu=1 qlen_enqueue_net=None time_in_queue=0.000
[203][GREEDY] STARLINK-32654 -> STARLINK-1826 | Tramission-time: 0.0013192657920504947
[203] Energy routing consumed by STARLINK-32654: 0.000000 J (remaining 119990.48)
[MODE: BIDIRECTIONAL]
[203][GREEDY] CONSEGNATO! STARLINK-1826 -> OBS | Tramission-time: 1.9827453939820993e-11
----------------------------------------------------------------------
	||TIME IN SIMULATION : (seconds:112) (minutes: 1) ||

MODIFICA CONFIGURAZIONE IN CORSO...

Aggiornato il Tempo Globale:  2025-11-20 20:57:06
---> Task 204 (Type: CPU_and_Data_Intensive) arriva in 112.03
--- [112.03] Task 204 using SearchNode Policy: v2_ilp_hybrid ---
[112.03] [Task 204] Entering ILP branch (v2)
[ε-constraint energy] sumE_B=0.483310  bound=0.531641  active=False
[ILP] res_type=dict value_preview={'stage': 'B', 'status': 'Optimal', 'primary': 'energy', 'tol': 0.1, 'opt_primary': 0.48330969783637834, 'objective_secondary': 0.2596137945750974, 'sumE': 0.48
[112.03] [Task 204] ILP chose server: STARLINK-32654
[112.03] [Task 204] Routed STARLINK-31585 -> STARLINK-32654 | E_NET=0.000274 J | Remaining=119999.99 J
[112.032] Task 204 enqueued on CPU STARLINK-32654 qlen_enqueue=1
[112.291] Task 204 enqueued on NET STARLINK-32654 qlen_enqueue_net=1
[Task 204] Task eseguito su STARLINK-32654 55.57385073860584 degrees | CPU=0.4829J, NET=0.0003J, TOTAL=0.4832J, Remaining=119989.99J
[112.292] Task 204 served on STARLINK-32654 qlen_enqueue_cpu=1 qlen_enqueue_net=1 time_in_queue=0.000
[204][GREEDY] STARLINK-32654 -> STARLINK-1826 | Tramission-time: 0.0013189712243753637
[204] Energy routing consumed by STARLINK-32654: 0.000000 J (remaining 119989.99)
[MODE: BIDIRECTIONAL]
[204][GREEDY] CONSEGNATO! STARLINK-1826 -> OBS | Tramission-time: 2.8554678332765055e-10
---> Task 205 (Type: CPU_Intensive) arriva in 112.41
--- [112.41] Task 205 using SearchNode Policy: v2_ilp_hybrid ---
[112.41] [Task 205] Entering ILP branch (v2)
[ε-constraint energy] sumE_B=3.387292  bound=3.726022  active=False
[ILP] res_type=dict value_preview={'stage': 'B', 'status': 'Optimal', 'primary': 'energy', 'tol': 0.1, 'opt_primary': 3.387292300637336, 'objective_secondary': 1.8183242718858652, 'sumE': 3.3872
[112.41] [Task 205] ILP chose server: STARLINK-32654
[112.41] [Task 205] Routed STARLINK-31585 -> STARLINK-32654 | E_NET=0.000027 J | Remaining=119999.99 J
[112.414] Task 205 enqueued on CPU STARLINK-32654 qlen_enqueue=1
----------------------------------------------------------------------
	||TIME IN SIMULATION : (seconds:114) (minutes: 1) ||

MODIFICA CONFIGURAZIONE IN CORSO...

Aggiornato il Tempo Globale:  2025-11-20 20:57:08
---> Task 206 (Type: CPU_and_Data_Intensive) arriva in 114.06
--- [114.06] Task 206 using SearchNode Policy: v2_ilp_hybrid ---
[114.06] [Task 206] Entering ILP branch (v2)
[ε-constraint energy] sumE_B=0.361067  bound=0.397174  active=False
[ILP] res_type=dict value_preview={'stage': 'B', 'status': 'Optimal', 'primary': 'energy', 'tol': 0.1, 'opt_primary': 0.361067282905353, 'objective_secondary': 0.19428815229569288, 'sumE': 0.361
[114.06] [Task 206] ILP chose server: STARLINK-2116
[114.06] [Task 206] Routed STARLINK-34777 -> STARLINK-2116 | E_NET=0.000948 J | Remaining=120000.00 J
[114.067] Task 206 enqueued on CPU STARLINK-2116 qlen_enqueue=1
[Task 205] Task eseguito su STARLINK-32654 54.965159551228915 degrees | CPU=3.3873J, NET=0.0000J, TOTAL=3.3873J, Remaining=119986.61J
[114.235] Task 205 served on STARLINK-32654 qlen_enqueue_cpu=1 qlen_enqueue_net=None time_in_queue=0.000
[114.261] Task 206 enqueued on NET STARLINK-2116 qlen_enqueue_net=1
[Task 206] Task eseguito su STARLINK-2116 29.158430025088823 degrees | CPU=0.3601J, NET=0.0009J, TOTAL=0.3610J, Remaining=119998.91J
[114.262] Task 206 served on STARLINK-2116 qlen_enqueue_cpu=1 qlen_enqueue_net=1 time_in_queue=0.000
[206][GREEDY] STARLINK-2116 -> STARLINK-34777 | Tramission-time: 0.0015692247907624893
[206] Energy routing consumed by STARLINK-2116: 0.000000 J (remaining 119998.91)
[205][GREEDY] STARLINK-32654 -> STARLINK-1826 | Tramission-time: 0.00131867633349845
[205] Energy routing consumed by STARLINK-32654: 0.000000 J (remaining 119986.61)
[MODE: BIDIRECTIONAL]
[206][GREEDY] CONSEGNATO! STARLINK-34777 -> OBS | Tramission-time: 6.95477222159896e-10
[MODE: BIDIRECTIONAL]
[205][GREEDY] CONSEGNATO! STARLINK-1826 -> OBS | Tramission-time: 2.9010797046832982e-11
---> Task 207 (Type: CPU_and_Data_Intensive) arriva in 114.65
--- [114.65] Task 207 using SearchNode Policy: v2_ilp_hybrid ---
[114.65] [Task 207] Entering ILP branch (v2)
[ε-constraint energy] sumE_B=0.688082  bound=0.756891  active=False
[ILP] res_type=dict value_preview={'stage': 'B', 'status': 'Optimal', 'primary': 'energy', 'tol': 0.1, 'opt_primary': 0.6880823948419589, 'objective_secondary': 0.37116456764710803, 'sumE': 0.68
[114.65] [Task 207] ILP chose server: STARLINK-2116
[114.65] [Task 207] Routed STARLINK-34777 -> STARLINK-2116 | E_NET=0.003661 J | Remaining=120000.00 J
[114.651] Task 207 enqueued on CPU STARLINK-2116 qlen_enqueue=1
---> Task 208 (Type: Generic_Service) arriva in 114.70
--- [114.70] Task 208 using SearchNode Policy: v2_ilp_hybrid ---
[114.70] [Task 208] Entering ILP branch (v2)
[ε-constraint energy] sumE_B=0.091918  bound=0.101110  active=False
[ILP] res_type=dict value_preview={'stage': 'B', 'status': 'Optimal', 'primary': 'energy', 'tol': 0.1, 'opt_primary': 0.09191795644013037, 'objective_secondary': 0.04934402339702334, 'sumE': 0.0
[114.70] [Task 208] ILP chose server: STARLINK-2433
[114.70] [Task 208] Routed STARLINK-34777 -> STARLINK-2433 | E_NET=0.000004 J | Remaining=120000.00 J
[114.707] Task 208 enqueued on CPU STARLINK-2433 qlen_enqueue=1
---> Task 209 (Type: Generic_Service) arriva in 114.73
--- [114.73] Task 209 using SearchNode Policy: v2_ilp_hybrid ---
[114.73] [Task 209] Entering ILP branch (v2)
[ε-constraint energy] sumE_B=0.019373  bound=0.021310  active=False
[ILP] res_type=dict value_preview={'stage': 'B', 'status': 'Optimal', 'primary': 'energy', 'tol': 0.1, 'opt_primary': 0.01937253976123337, 'objective_secondary': 0.010410343388205333, 'sumE': 0.
[114.73] [Task 209] ILP chose server: STARLINK-30137
[114.73] [Task 209] Routed STARLINK-34777 -> STARLINK-30137 | E_NET=0.000017 J | Remaining=120000.00 J
[114.736] Task 209 enqueued on CPU STARLINK-30137 qlen_enqueue=1
[Task 209] Task eseguito su STARLINK-30137 32.4753862730798 degrees | CPU=0.0193J, NET=0.0000J, TOTAL=0.0194J, Remaining=119999.98J
[114.748] Task 209 served on STARLINK-30137 qlen_enqueue_cpu=1 qlen_enqueue_net=None time_in_queue=0.000
[Task 208] Task eseguito su STARLINK-2433 28.299555128586327 degrees | CPU=0.0919J, NET=0.0000J, TOTAL=0.0919J, Remaining=119999.91J
[114.756] Task 208 served on STARLINK-2433 qlen_enqueue_cpu=1 qlen_enqueue_net=None time_in_queue=0.000
[209][GREEDY] STARLINK-30137 -> STARLINK-34777 | Tramission-time: 0.0013667859806596315
[209] Energy routing consumed by STARLINK-30137: 0.000000 J (remaining 119999.98)
[MODE: BIDIRECTIONAL]
[209][GREEDY] CONSEGNATO! STARLINK-34777 -> OBS | Tramission-time: 1.6010174769326064e-11
[208][GREEDY] STARLINK-2433 -> STARLINK-34777 | Tramission-time: 0.0016713766396008198
[208] Energy routing consumed by STARLINK-2433: 0.000000 J (remaining 119999.91)
[MODE: BIDIRECTIONAL]
[208][GREEDY] CONSEGNATO! STARLINK-34777 -> OBS | Tramission-time: 4.2841072468018205e-12
[115.018] Task 207 enqueued on NET STARLINK-2116 qlen_enqueue_net=1
[Task 207] Task eseguito su STARLINK-2116 29.158430025088823 degrees | CPU=0.6842J, NET=0.0037J, TOTAL=0.6879J, Remaining=119998.22J
[115.022] Task 207 served on STARLINK-2116 qlen_enqueue_cpu=1 qlen_enqueue_net=1 time_in_queue=0.000
[207][GREEDY] STARLINK-2116 -> STARLINK-34777 | Tramission-time: 0.0015692275159639403
[207] Energy routing consumed by STARLINK-2116: 0.000000 J (remaining 119998.22)
[MODE: BIDIRECTIONAL]
[207][GREEDY] CONSEGNATO! STARLINK-34777 -> OBS | Tramission-time: 2.713208552960588e-09
---> Task 210 (Type: CPU_Intensive) arriva in 115.19
--- [115.19] Task 210 using SearchNode Policy: v2_ilp_hybrid ---
[115.19] [Task 210] Entering ILP branch (v2)
[ε-constraint energy] sumE_B=1.124790  bound=1.237269  active=False
[ILP] res_type=dict value_preview={'stage': 'B', 'status': 'Optimal', 'primary': 'energy', 'tol': 0.1, 'opt_primary': 1.1247903891863391, 'objective_secondary': 0.603806002176923, 'sumE': 1.1247
[115.19] [Task 210] ILP chose server: STARLINK-2116
[115.19] [Task 210] Routed STARLINK-34777 -> STARLINK-2116 | E_NET=0.000032 J | Remaining=120000.00 J
[115.191] Task 210 enqueued on CPU STARLINK-2116 qlen_enqueue=1
[Task 210] Task eseguito su STARLINK-2116 29.158430025088823 degrees | CPU=1.1248J, NET=0.0000J, TOTAL=1.1248J, Remaining=119997.09J
[115.797] Task 210 served on STARLINK-2116 qlen_enqueue_cpu=1 qlen_enqueue_net=None time_in_queue=0.000
[210][GREEDY] STARLINK-2116 -> STARLINK-34777 | Tramission-time: 0.001569224125756208
[210] Energy routing consumed by STARLINK-2116: 0.000000 J (remaining 119997.09)
[MODE: BIDIRECTIONAL]
[210][GREEDY] CONSEGNATO! STARLINK-34777 -> OBS | Tramission-time: 3.162571606497267e-11
----------------------------------------------------------------------
	||TIME IN SIMULATION : (seconds:116) (minutes: 1) ||

MODIFICA CONFIGURAZIONE IN CORSO...

Aggiornato il Tempo Globale:  2025-11-20 20:57:10
---> Task 211 (Type: CPU_Intensive) arriva in 116.06
--- [116.06] Task 211 using SearchNode Policy: v2_ilp_hybrid ---
[116.06] [Task 211] Entering ILP branch (v2)
[ε-constraint energy] sumE_B=0.971849  bound=1.069034  active=False
[ILP] res_type=dict value_preview={'stage': 'B', 'status': 'Optimal', 'primary': 'energy', 'tol': 0.1, 'opt_primary': 0.9718490684197859, 'objective_secondary': 0.5217018471977343, 'sumE': 0.971
[116.06] [Task 211] ILP chose server: STARLINK-32654
[116.06] [Task 211] Routed STARLINK-31585 -> STARLINK-32654 | E_NET=0.000020 J | Remaining=119999.99 J
[116.057] Task 211 enqueued on CPU STARLINK-32654 qlen_enqueue=1
---> Task 212 (Type: CPU_Intensive) arriva in 116.25
--- [116.25] Task 212 using SearchNode Policy: v2_ilp_hybrid ---
[116.25] [Task 212] Entering ILP branch (v2)
[ε-constraint energy] sumE_B=1.184112  bound=1.302523  active=False
[ILP] res_type=dict value_preview={'stage': 'B', 'status': 'Optimal', 'primary': 'energy', 'tol': 0.1, 'opt_primary': 1.1841121203061677, 'objective_secondary': 0.6356494591935766, 'sumE': 1.184
[116.25] [Task 212] ILP chose server: STARLINK-31782
[116.25] [Task 212] Routed STARLINK-31585 -> STARLINK-31782 | E_NET=0.000032 J | Remaining=119999.99 J
[116.256] Task 212 enqueued on CPU STARLINK-31782 qlen_enqueue=1
[Task 211] Task eseguito su STARLINK-32654 54.32416658250972 degrees | CPU=0.9718J, NET=0.0000J, TOTAL=0.9718J, Remaining=119985.63J
[116.580] Task 211 served on STARLINK-32654 qlen_enqueue_cpu=1 qlen_enqueue_net=None time_in_queue=0.000
[211][GREEDY] STARLINK-32654 -> STARLINK-1826 | Tramission-time: 0.0013183818499258966
[211] Energy routing consumed by STARLINK-32654: 0.000000 J (remaining 119985.63)
[MODE: BIDIRECTIONAL]
[211][GREEDY] CONSEGNATO! STARLINK-1826 -> OBS | Tramission-time: 1.8885983706368415e-11
---> Task 213 (Type: CPU_and_Data_Intensive) arriva in 116.66
--- [116.66] Task 213 using SearchNode Policy: v2_ilp_hybrid ---
[116.66] [Task 213] Entering ILP branch (v2)
[ε-constraint energy] sumE_B=2.172801  bound=2.390081  active=False
[ILP] res_type=dict value_preview={'stage': 'B', 'status': 'Optimal', 'primary': 'energy', 'tol': 0.1, 'opt_primary': 2.17280093340755, 'objective_secondary': 1.167654257941699, 'sumE': 2.172800
[116.66] [Task 213] ILP chose server: STARLINK-32654
[116.66] [Task 213] Routed STARLINK-31585 -> STARLINK-32654 | E_NET=0.002392 J | Remaining=119999.99 J
[116.664] Task 213 enqueued on CPU STARLINK-32654 qlen_enqueue=1
[Task 212] Task eseguito su STARLINK-31782 29.08835723195427 degrees | CPU=1.1841J, NET=0.0000J, TOTAL=1.1841J, Remaining=119998.78J
[116.894] Task 212 served on STARLINK-31782 qlen_enqueue_cpu=1 qlen_enqueue_net=None time_in_queue=0.000
---> Task 214 (Type: CPU_and_Data_Intensive) arriva in 116.90
--- [116.90] Task 214 using SearchNode Policy: v2_ilp_hybrid ---
[116.90] [Task 214] Entering ILP branch (v2)
[ε-constraint energy] sumE_B=1.705913  bound=1.876504  active=False
[ILP] res_type=dict value_preview={'stage': 'B', 'status': 'Optimal', 'primary': 'energy', 'tol': 0.1, 'opt_primary': 1.7059127506708864, 'objective_secondary': 0.9169521494935478, 'sumE': 1.705
[116.90] [Task 214] ILP chose server: STARLINK-31782
[116.90] [Task 214] Routed STARLINK-31585 -> STARLINK-31782 | E_NET=0.002602 J | Remaining=119999.99 J
[116.905] Task 214 enqueued on CPU STARLINK-31782 qlen_enqueue=1
[212][GREEDY] STARLINK-31782 -> STARLINK-1826 | Tramission-time: 0.0016483573382773619
[212] Energy routing consumed by STARLINK-31782: 0.000000 J (remaining 119998.78)
[MODE: BIDIRECTIONAL]
[212][GREEDY] CONSEGNATO! STARLINK-1826 -> OBS | Tramission-time: 2.4628786505572144e-11
[117.820] Task 214 enqueued on NET STARLINK-31782 qlen_enqueue_net=1
[Task 214] Task eseguito su STARLINK-31782 29.08835723195427 degrees | CPU=1.7033J, NET=0.0026J, TOTAL=1.7059J, Remaining=119997.08J
[117.822] Task 214 served on STARLINK-31782 qlen_enqueue_cpu=1 qlen_enqueue_net=1 time_in_queue=0.000
[117.829] Task 213 enqueued on NET STARLINK-32654 qlen_enqueue_net=1
[Task 213] Task eseguito su STARLINK-32654 54.32416658250972 degrees | CPU=2.1700J, NET=0.0024J, TOTAL=2.1724J, Remaining=119983.46J
[117.831] Task 213 served on STARLINK-32654 qlen_enqueue_cpu=1 qlen_enqueue_net=1 time_in_queue=0.000
[213][GREEDY] STARLINK-32654 -> STARLINK-1826 | Tramission-time: 0.0013183839644400127
[213] Energy routing consumed by STARLINK-32654: 0.000000 J (remaining 119983.46)
[MODE: BIDIRECTIONAL]
[213][GREEDY] CONSEGNATO! STARLINK-1826 -> OBS | Tramission-time: 2.1421083947749657e-09
[214][GREEDY] STARLINK-31782 -> STARLINK-1826 | Tramission-time: 0.0016483597615057585
[214] Energy routing consumed by STARLINK-31782: 0.000000 J (remaining 119997.08)
----------------------------------------------------------------------
	||TIME IN SIMULATION : (seconds:118) (minutes: 1) ||

MODIFICA CONFIGURAZIONE IN CORSO...

Aggiornato il Tempo Globale:  2025-11-20 20:57:12
[MODE: BIDIRECTIONAL]
[214][GREEDY] CONSEGNATO! STARLINK-1826 -> OBS | Tramission-time: 1.893935295508454e-09
---> Task 215 (Type: CPU_and_Data_Intensive) arriva in 118.20
--- [118.20] Task 215 using SearchNode Policy: v2_ilp_hybrid ---
[118.20] [Task 215] Entering ILP branch (v2)
[ε-constraint energy] sumE_B=0.591170  bound=0.650287  active=False
[ILP] res_type=dict value_preview={'stage': 'B', 'status': 'Optimal', 'primary': 'energy', 'tol': 0.1, 'opt_primary': 0.5911703860799663, 'objective_secondary': 0.317417404674542, 'sumE': 0.5911
[118.20] [Task 215] ILP chose server: STARLINK-32654
[118.20] [Task 215] Routed STARLINK-31585 -> STARLINK-32654 | E_NET=0.000121 J | Remaining=119999.99 J
[118.203] Task 215 enqueued on CPU STARLINK-32654 qlen_enqueue=1
[118.520] Task 215 enqueued on NET STARLINK-32654 qlen_enqueue_net=1
[Task 215] Task eseguito su STARLINK-32654 53.655083627316095 degrees | CPU=0.5910J, NET=0.0001J, TOTAL=0.5911J, Remaining=119982.87J
[118.520] Task 215 served on STARLINK-32654 qlen_enqueue_cpu=1 qlen_enqueue_net=1 time_in_queue=0.000
[215][GREEDY] STARLINK-32654 -> STARLINK-11474 [DTC] | Tramission-time: 0.0014060911597582745
[215] Energy routing consumed by STARLINK-32654: 0.000000 J (remaining 119982.87)
[MODE: BIDIRECTIONAL]
[215][GREEDY] CONSEGNATO! STARLINK-11474 [DTC] -> OBS | Tramission-time: 1.275802443611265e-10
---> Task 216 (Type: CPU_Intensive) arriva in 118.92
--- [118.92] Task 216 using SearchNode Policy: v2_ilp_hybrid ---
[118.92] [Task 216] Entering ILP branch (v2)
[ε-constraint energy] sumE_B=0.167492  bound=0.184242  active=False
[ILP] res_type=dict value_preview={'stage': 'B', 'status': 'Optimal', 'primary': 'energy', 'tol': 0.1, 'opt_primary': 0.16749242011939713, 'objective_secondary': 0.08991939121698103, 'sumE': 0.1
[118.92] [Task 216] ILP chose server: STARLINK-32654
[118.92] [Task 216] Routed STARLINK-31585 -> STARLINK-32654 | E_NET=0.000014 J | Remaining=119999.99 J
[118.920] Task 216 enqueued on CPU STARLINK-32654 qlen_enqueue=1
[Task 216] Task eseguito su STARLINK-32654 53.655083627316095 degrees | CPU=0.1675J, NET=0.0000J, TOTAL=0.1675J, Remaining=119982.70J
[119.011] Task 216 served on STARLINK-32654 qlen_enqueue_cpu=1 qlen_enqueue_net=None time_in_queue=0.000
[216][GREEDY] STARLINK-32654 -> STARLINK-11474 [DTC] | Tramission-time: 0.0014060910176172396
[216] Energy routing consumed by STARLINK-32654: 0.000000 J (remaining 119982.70)
[MODE: BIDIRECTIONAL]
[216][GREEDY] CONSEGNATO! STARLINK-11474 [DTC] -> OBS | Tramission-time: 1.6054814442003297e-11
---> Task 217 (Type: CPU_Intensive) arriva in 119.37
--- [119.37] Task 217 using SearchNode Policy: v2_ilp_hybrid ---
[119.37] [Task 217] Entering ILP branch (v2)
[ε-constraint energy] sumE_B=0.268029  bound=0.294832  active=False
[ILP] res_type=dict value_preview={'stage': 'B', 'status': 'Optimal', 'primary': 'energy', 'tol': 0.1, 'opt_primary': 0.26802867503620703, 'objective_secondary': 0.14388289296652265, 'sumE': 0.2
[119.37] [Task 217] ILP chose server: STARLINK-32654
[119.37] [Task 217] Routed STARLINK-31585 -> STARLINK-32654 | E_NET=0.000007 J | Remaining=119999.99 J
[119.367] Task 217 enqueued on CPU STARLINK-32654 qlen_enqueue=1
[Task 217] Task eseguito su STARLINK-32654 53.655083627316095 degrees | CPU=0.2680J, NET=0.0000J, TOTAL=0.2680J, Remaining=119982.44J
[119.512] Task 217 served on STARLINK-32654 qlen_enqueue_cpu=1 qlen_enqueue_net=None time_in_queue=0.000
[217][GREEDY] STARLINK-32654 -> STARLINK-11474 [DTC] | Tramission-time: 0.0014060910133485034
[217] Energy routing consumed by STARLINK-32654: 0.000000 J (remaining 119982.44)
[MODE: BIDIRECTIONAL]
[217][GREEDY] CONSEGNATO! STARLINK-11474 [DTC] -> OBS | Tramission-time: 8.81216692649381e-12
---> Task 218 (Type: CPU_Intensive) arriva in 119.53
--- [119.53] Task 218 using SearchNode Policy: v2_ilp_hybrid ---
[119.53] [Task 218] Entering ILP branch (v2)
[ε-constraint energy] sumE_B=0.537730  bound=0.591503  active=False
[ILP] res_type=dict value_preview={'stage': 'B', 'status': 'Optimal', 'primary': 'energy', 'tol': 0.1, 'opt_primary': 0.5377300629765934, 'objective_secondary': 0.28867117446260593, 'sumE': 0.53
[119.53] [Task 218] ILP chose server: STARLINK-32654
[119.53] [Task 218] Routed STARLINK-31585 -> STARLINK-32654 | E_NET=0.000026 J | Remaining=119999.99 J
[119.530] Task 218 enqueued on CPU STARLINK-32654 qlen_enqueue=1
---> Task 219 (Type: CPU_Intensive) arriva in 119.73
--- [119.73] Task 219 using SearchNode Policy: v2_ilp_hybrid ---
[119.73] [Task 219] Entering ILP branch (v2)
[ε-constraint energy] sumE_B=0.625398  bound=0.687938  active=False
[ILP] res_type=dict value_preview={'stage': 'B', 'status': 'Optimal', 'primary': 'energy', 'tol': 0.1, 'opt_primary': 0.6253981486411212, 'objective_secondary': 0.33573383967333975, 'sumE': 0.62
[119.73] [Task 219] ILP chose server: STARLINK-31782
[119.73] [Task 219] Routed STARLINK-31585 -> STARLINK-31782 | E_NET=0.000037 J | Remaining=119999.99 J
[119.728] Task 219 enqueued on CPU STARLINK-31782 qlen_enqueue=1
---> Task 220 (Type: CPU_Intensive) arriva in 119.73
--- [119.73] Task 220 using SearchNode Policy: v2_ilp_hybrid ---
[119.73] [Task 220] Entering ILP branch (v2)
[ε-constraint energy] sumE_B=1.348644  bound=1.483509  active=False
[ILP] res_type=dict value_preview={'stage': 'B', 'status': 'Optimal', 'primary': 'energy', 'tol': 0.1, 'opt_primary': 1.3486444495521805, 'objective_secondary': 0.7239630380788741, 'sumE': 1.348
[119.73] [Task 220] ILP chose server: STARLINK-31763
[119.73] [Task 220] Routed STARLINK-31585 -> STARLINK-31763 | E_NET=0.000011 J | Remaining=119999.99 J
[119.731] Task 220 enqueued on CPU STARLINK-31763 qlen_enqueue=1
[Task 218] Task eseguito su STARLINK-32654 53.655083627316095 degrees | CPU=0.5377J, NET=0.0000J, TOTAL=0.5377J, Remaining=119981.90J
[119.821] Task 218 served on STARLINK-32654 qlen_enqueue_cpu=1 qlen_enqueue_net=None time_in_queue=0.000
[218][GREEDY] STARLINK-32654 -> STARLINK-11474 [DTC] | Tramission-time: 0.0014060910287034504
[218] Energy routing consumed by STARLINK-32654: 0.000000 J (remaining 119981.90)
[MODE: BIDIRECTIONAL]
[218][GREEDY] CONSEGNATO! STARLINK-11474 [DTC] -> OBS | Tramission-time: 2.5906166014724814e-11
----------------------------------------------------------------------
	||TIME IN SIMULATION : (seconds:120) (minutes: 2) ||

MODIFICA CONFIGURAZIONE IN CORSO...

Aggiornato il Tempo Globale:  2025-11-20 20:57:14
[Task 219] Task eseguito su STARLINK-31782 30.161177411524324 degrees | CPU=0.6254J, NET=0.0000J, TOTAL=0.6254J, Remaining=119996.45J
[120.066] Task 219 served on STARLINK-31782 qlen_enqueue_cpu=1 qlen_enqueue_net=None time_in_queue=0.000
[219][GREEDY] STARLINK-31782 -> STARLINK-11474 [DTC] | Tramission-time: 0.00135415721848332
[219] Energy routing consumed by STARLINK-31782: 0.000000 J (remaining 119996.45)
---> Task 221 (Type: CPU_Intensive) arriva in 120.17
--- [120.17] Task 221 using SearchNode Policy: v2_ilp_hybrid ---
[120.17] [Task 221] Entering ILP branch (v2)
[ε-constraint energy] sumE_B=0.501539  bound=0.551693  active=False
[ILP] res_type=dict value_preview={'stage': 'B', 'status': 'Optimal', 'primary': 'energy', 'tol': 0.1, 'opt_primary': 0.5015394761416242, 'objective_secondary': 0.26923792943464514, 'sumE': 0.50
[120.17] [Task 221] ILP chose server: STARLINK-31782
[120.17] [Task 221] Routed STARLINK-31585 -> STARLINK-31782 | E_NET=0.000021 J | Remaining=119999.99 J
[120.173] Task 221 enqueued on CPU STARLINK-31782 qlen_enqueue=1
[MODE: BIDIRECTIONAL]
[219][GREEDY] CONSEGNATO! STARLINK-11474 [DTC] -> OBS | Tramission-time: 2.9016007283141803e-11
[Task 221] Task eseguito su STARLINK-31782 30.161177411524324 degrees | CPU=0.5015J, NET=0.0000J, TOTAL=0.5015J, Remaining=119995.95J
[120.444] Task 221 served on STARLINK-31782 qlen_enqueue_cpu=1 qlen_enqueue_net=None time_in_queue=0.000
[Task 220] Task eseguito su STARLINK-31763 39.87185314460157 degrees | CPU=1.3486J, NET=0.0000J, TOTAL=1.3486J, Remaining=119991.30J
[120.456] Task 220 served on STARLINK-31763 qlen_enqueue_cpu=1 qlen_enqueue_net=None time_in_queue=0.000
[220][GREEDY] STARLINK-31763 -> STARLINK-11474 [DTC] | Tramission-time: 0.0007034296540913708
[220] Energy routing consumed by STARLINK-31763: 0.000000 J (remaining 119991.30)
[MODE: BIDIRECTIONAL]
[220][GREEDY] CONSEGNATO! STARLINK-11474 [DTC] -> OBS | Tramission-time: 1.2230850717080051e-11
[221][GREEDY] STARLINK-31782 -> STARLINK-11474 [DTC] | Tramission-time: 0.0013541572000259777
[221] Energy routing consumed by STARLINK-31782: 0.000000 J (remaining 119995.95)
[MODE: BIDIRECTIONAL]
[221][GREEDY] CONSEGNATO! STARLINK-11474 [DTC] -> OBS | Tramission-time: 1.590346679074085e-11
---> Task 222 (Type: Generic_Service) arriva in 120.98
--- [120.98] Task 222 using SearchNode Policy: v2_ilp_hybrid ---
[120.98] [Task 222] Entering ILP branch (v2)
[ε-constraint energy] sumE_B=0.211498  bound=0.232648  active=False
[ILP] res_type=dict value_preview={'stage': 'B', 'status': 'Optimal', 'primary': 'energy', 'tol': 0.1, 'opt_primary': 0.21149807808093513, 'objective_secondary': 0.11354326205636739, 'sumE': 0.2
[120.98] [Task 222] ILP chose server: STARLINK-31782
[120.98] [Task 222] Routed STARLINK-31585 -> STARLINK-31782 | E_NET=0.000022 J | Remaining=119999.99 J
[120.978] Task 222 enqueued on CPU STARLINK-31782 qlen_enqueue=1
[Task 222] Task eseguito su STARLINK-31782 30.161177411524324 degrees | CPU=0.2115J, NET=0.0000J, TOTAL=0.2115J, Remaining=119995.74J
[121.093] Task 222 served on STARLINK-31782 qlen_enqueue_cpu=1 qlen_enqueue_net=None time_in_queue=0.000
[222][GREEDY] STARLINK-31782 -> STARLINK-11474 [DTC] | Tramission-time: 0.0013541572004017522
[222] Energy routing consumed by STARLINK-31782: 0.000000 J (remaining 119995.74)
[MODE: BIDIRECTIONAL]
[222][GREEDY] CONSEGNATO! STARLINK-11474 [DTC] -> OBS | Tramission-time: 1.547164134848954e-11
----------------------------------------------------------------------
	||TIME IN SIMULATION : (seconds:122) (minutes: 2) ||

MODIFICA CONFIGURAZIONE IN CORSO...

Aggiornato il Tempo Globale:  2025-11-20 20:57:16
---> Task 223 (Type: CPU_Intensive) arriva in 122.48
--- [122.48] Task 223 using SearchNode Policy: v2_ilp_hybrid ---
[122.48] [Task 223] Entering ILP branch (v2)
[ε-constraint energy] sumE_B=0.333646  bound=0.367011  active=False
[ILP] res_type=dict value_preview={'stage': 'B', 'status': 'Optimal', 'primary': 'energy', 'tol': 0.1, 'opt_primary': 0.33364590926084525, 'objective_secondary': 0.17911753327354787, 'sumE': 0.3
[122.48] [Task 223] ILP chose server: STARLINK-32654
[122.48] [Task 223] Routed STARLINK-31585 -> STARLINK-32654 | E_NET=0.000031 J | Remaining=119999.99 J
[122.477] Task 223 enqueued on CPU STARLINK-32654 qlen_enqueue=1
---> Task 224 (Type: CPU_Intensive) arriva in 122.55
--- [122.55] Task 224 using SearchNode Policy: v2_ilp_hybrid ---
[122.55] [Task 224] Entering ILP branch (v2)
[ε-constraint energy] sumE_B=1.740633  bound=1.914696  active=False
[ILP] res_type=dict value_preview={'stage': 'B', 'status': 'Optimal', 'primary': 'energy', 'tol': 0.1, 'opt_primary': 1.7406325937339642, 'objective_secondary': 0.934393389276011, 'sumE': 1.7406
[122.55] [Task 224] ILP chose server: STARLINK-31782
[122.55] [Task 224] Routed STARLINK-31585 -> STARLINK-31782 | E_NET=0.000032 J | Remaining=119999.99 J
[122.552] Task 224 enqueued on CPU STARLINK-31782 qlen_enqueue=1
[Task 223] Task eseguito su STARLINK-32654 52.24856594111323 degrees | CPU=0.3336J, NET=0.0000J, TOTAL=0.3336J, Remaining=119981.56J
[122.659] Task 223 served on STARLINK-32654 qlen_enqueue_cpu=1 qlen_enqueue_net=None time_in_queue=0.000
[223][GREEDY] STARLINK-32654 -> STARLINK-11474 [DTC] | Tramission-time: 0.001457140132558222
[223] Energy routing consumed by STARLINK-32654: 0.000000 J (remaining 119981.56)
[MODE: BIDIRECTIONAL]
[223][GREEDY] CONSEGNATO! STARLINK-11474 [DTC] -> OBS | Tramission-time: 2.951258689178936e-11
---> Task 225 (Type: CPU_and_Data_Intensive) arriva in 122.75
--- [122.75] Task 225 using SearchNode Policy: v2_ilp_hybrid ---
[122.75] [Task 225] Entering ILP branch (v2)
[ε-constraint energy] sumE_B=0.505830  bound=0.556414  active=False
[ILP] res_type=dict value_preview={'stage': 'B', 'status': 'Optimal', 'primary': 'energy', 'tol': 0.1, 'opt_primary': 0.5058304931505957, 'objective_secondary': 0.2744224889564067, 'sumE': 0.505
[122.75] [Task 225] ILP chose server: STARLINK-32654
[122.75] [Task 225] Routed STARLINK-31585 -> STARLINK-32654 | E_NET=0.005815 J | Remaining=119999.98 J
[122.759] Task 225 enqueued on CPU STARLINK-32654 qlen_enqueue=1
---> Task 226 (Type: Generic_Service) arriva in 122.98
--- [122.98] Task 226 using SearchNode Policy: v2_ilp_hybrid ---
[122.98] [Task 226] Entering ILP branch (v2)
[ε-constraint energy] sumE_B=0.022743  bound=0.025017  active=False
[ILP] res_type=dict value_preview={'stage': 'B', 'status': 'Optimal', 'primary': 'energy', 'tol': 0.1, 'opt_primary': 0.022742609932887795, 'objective_secondary': 0.012212565677623133, 'sumE': 0
[122.98] [Task 226] ILP chose server: STARLINK-31763
[122.98] [Task 226] Routed STARLINK-31585 -> STARLINK-31763 | E_NET=0.000007 J | Remaining=119999.98 J
[122.981] Task 226 enqueued on CPU STARLINK-31763 qlen_enqueue=1
[Task 226] Task eseguito su STARLINK-31763 40.65684632458929 degrees | CPU=0.0227J, NET=0.0000J, TOTAL=0.0227J, Remaining=119991.27J
[122.993] Task 226 served on STARLINK-31763 qlen_enqueue_cpu=1 qlen_enqueue_net=None time_in_queue=0.000
[123.027] Task 225 enqueued on NET STARLINK-32654 qlen_enqueue_net=1
[226][GREEDY] STARLINK-31763 -> STARLINK-11474 [DTC] | Tramission-time: 0.0006957012172946309
[226] Energy routing consumed by STARLINK-31763: 0.000000 J (remaining 119991.27)
[MODE: BIDIRECTIONAL]
[226][GREEDY] CONSEGNATO! STARLINK-11474 [DTC] -> OBS | Tramission-time: 6.490948021855438e-12
[Task 225] Task eseguito su STARLINK-32654 52.24856594111323 degrees | CPU=0.4996J, NET=0.0058J, TOTAL=0.5054J, Remaining=119981.06J
[123.033] Task 225 served on STARLINK-32654 qlen_enqueue_cpu=1 qlen_enqueue_net=1 time_in_queue=0.000
[225][GREEDY] STARLINK-32654 -> STARLINK-11474 [DTC] | Tramission-time: 0.0014571451083032752
[225] Energy routing consumed by STARLINK-32654: 0.000000 J (remaining 119981.06)
[MODE: BIDIRECTIONAL]
[225][GREEDY] CONSEGNATO! STARLINK-11474 [DTC] -> OBS | Tramission-time: 5.0172729947689194e-09
[Task 224] Task eseguito su STARLINK-31782 30.715720811460525 degrees | CPU=1.7406J, NET=0.0000J, TOTAL=1.7406J, Remaining=119994.00J
[123.489] Task 224 served on STARLINK-31782 qlen_enqueue_cpu=1 qlen_enqueue_net=None time_in_queue=0.000
[224][GREEDY] STARLINK-31782 -> STARLINK-11474 [DTC] | Tramission-time: 0.001344176879230031
[224] Energy routing consumed by STARLINK-31782: 0.000000 J (remaining 119994.00)
---> Task 227 (Type: CPU_and_Data_Intensive) arriva in 123.54
--- [123.54] Task 227 using SearchNode Policy: v2_ilp_hybrid ---
[123.54] [Task 227] Entering ILP branch (v2)
[ε-constraint energy] sumE_B=2.422872  bound=2.665159  active=False
[ILP] res_type=dict value_preview={'stage': 'B', 'status': 'Optimal', 'primary': 'energy', 'tol': 0.1, 'opt_primary': 2.4228720094862015, 'objective_secondary': 1.300698160499518, 'sumE': 2.4228
[123.54] [Task 227] ILP chose server: STARLINK-32654
[123.54] [Task 227] Routed STARLINK-31585 -> STARLINK-32654 | E_NET=0.000190 J | Remaining=119999.98 J
[123.542] Task 227 enqueued on CPU STARLINK-32654 qlen_enqueue=1
[MODE: BIDIRECTIONAL]
[224][GREEDY] CONSEGNATO! STARLINK-11474 [DTC] -> OBS | Tramission-time: 3.131455731827352e-11
---> Task 228 (Type: Generic_Service) arriva in 123.93
--- [123.93] Task 228 using SearchNode Policy: v2_ilp_hybrid ---
[123.93] [Task 228] Entering ILP branch (v2)
[ε-constraint energy] sumE_B=0.075265  bound=0.082791  active=False
[ILP] res_type=dict value_preview={'stage': 'B', 'status': 'Optimal', 'primary': 'energy', 'tol': 0.1, 'opt_primary': 0.07526472898381936, 'objective_secondary': 0.04040805627730292, 'sumE': 0.0
[123.93] [Task 228] ILP chose server: STARLINK-31782
[123.93] [Task 228] Routed STARLINK-31585 -> STARLINK-31782 | E_NET=0.000011 J | Remaining=119999.98 J
[123.936] Task 228 enqueued on CPU STARLINK-31782 qlen_enqueue=1
---> Task 229 (Type: Generic_Service) arriva in 123.96
--- [123.96] Task 229 using SearchNode Policy: v2_ilp_hybrid ---
[123.96] [Task 229] Entering ILP branch (v2)
[ε-constraint energy] sumE_B=0.060330  bound=0.066363  active=False
[ILP] res_type=dict value_preview={'stage': 'B', 'status': 'Optimal', 'primary': 'energy', 'tol': 0.1, 'opt_primary': 0.06033011922591727, 'objective_secondary': 0.03239425455590762, 'sumE': 0.0
[123.96] [Task 229] ILP chose server: STARLINK-31763
[123.96] [Task 229] Routed STARLINK-31585 -> STARLINK-31763 | E_NET=0.000015 J | Remaining=119999.98 J
[123.959] Task 229 enqueued on CPU STARLINK-31763 qlen_enqueue=1
[Task 228] Task eseguito su STARLINK-31782 30.715720811460525 degrees | CPU=0.0753J, NET=0.0000J, TOTAL=0.0753J, Remaining=119993.92J
[123.977] Task 228 served on STARLINK-31782 qlen_enqueue_cpu=1 qlen_enqueue_net=None time_in_queue=0.000
[Task 229] Task eseguito su STARLINK-31763 40.65684632458929 degrees | CPU=0.0603J, NET=0.0000J, TOTAL=0.0603J, Remaining=119991.21J
[123.992] Task 229 served on STARLINK-31763 qlen_enqueue_cpu=1 qlen_enqueue_net=None time_in_queue=0.000
----------------------------------------------------------------------
	||TIME IN SIMULATION : (seconds:124) (minutes: 2) ||

MODIFICA CONFIGURAZIONE IN CORSO...

Aggiornato il Tempo Globale:  2025-11-20 20:57:18
[229][GREEDY] STARLINK-31763 -> STARLINK-11474 [DTC] | Tramission-time: 0.0006892453356935742
[229] Energy routing consumed by STARLINK-31763: 0.000000 J (remaining 119991.21)
[MODE: BIDIRECTIONAL]
[229][GREEDY] CONSEGNATO! STARLINK-11474 [DTC] -> OBS | Tramission-time: 1.5852349509967276e-11
[228][GREEDY] STARLINK-31782 -> STARLINK-11474 [DTC] | Tramission-time: 0.0013349170004970528
[228] Energy routing consumed by STARLINK-31782: 0.000000 J (remaining 119993.92)
---> Task 230 (Type: CPU_and_Data_Intensive) arriva in 124.09
--- [124.09] Task 230 using SearchNode Policy: v2_ilp_hybrid ---
[124.09] [Task 230] Entering ILP branch (v2)
[ε-constraint energy] sumE_B=0.284009  bound=0.312410  active=False
[ILP] res_type=dict value_preview={'stage': 'B', 'status': 'Optimal', 'primary': 'energy', 'tol': 0.1, 'opt_primary': 0.2840087613813965, 'objective_secondary': 0.23170170178041835, 'sumE': 0.28
[124.09] [Task 230] ILP chose server: STARLINK-31782
[124.09] [Task 230] Routed STARLINK-31585 -> STARLINK-31782 | E_NET=0.143949 J | Remaining=119999.84 J
[MODE: BIDIRECTIONAL]
[228][GREEDY] CONSEGNATO! STARLINK-11474 [DTC] -> OBS | Tramission-time: 1.1386792337070377e-11
[124.234] Task 230 enqueued on CPU STARLINK-31782 qlen_enqueue=1
---> Task 231 (Type: Generic_Service) arriva in 124.27
--- [124.27] Task 231 using SearchNode Policy: v2_ilp_hybrid ---
[124.27] [Task 231] Entering ILP branch (v2)
[ε-constraint energy] sumE_B=0.153013  bound=0.168314  active=False
[ILP] res_type=dict value_preview={'stage': 'B', 'status': 'Optimal', 'primary': 'energy', 'tol': 0.1, 'opt_primary': 0.15301310330853474, 'objective_secondary': 0.08214241963268046, 'sumE': 0.1
[124.27] [Task 231] ILP chose server: STARLINK-31763
[124.27] [Task 231] Routed STARLINK-31585 -> STARLINK-31763 | E_NET=0.000007 J | Remaining=119999.84 J
[124.270] Task 231 enqueued on CPU STARLINK-31763 qlen_enqueue=1
[124.294] Task 230 enqueued on NET STARLINK-31782 qlen_enqueue_net=1
---> Task 232 (Type: Generic_Service) arriva in 124.30
--- [124.30] Task 232 using SearchNode Policy: v2_ilp_hybrid ---
[124.30] [Task 232] Entering ILP branch (v2)
[ε-constraint energy] sumE_B=0.048544  bound=0.053398  active=False
[ILP] res_type=dict value_preview={'stage': 'B', 'status': 'Optimal', 'primary': 'energy', 'tol': 0.1, 'opt_primary': 0.0485439862691124, 'objective_secondary': 0.02606689223813827, 'sumE': 0.04
[124.30] [Task 232] ILP chose server: STARLINK-31702
[124.30] [Task 232] Routed STARLINK-31585 -> STARLINK-31702 | E_NET=0.000017 J | Remaining=119999.84 J
[124.302] Task 232 enqueued on CPU STARLINK-31702 qlen_enqueue=1
[Task 232] Task eseguito su STARLINK-31702 40.62700643784521 degrees | CPU=0.0485J, NET=0.0000J, TOTAL=0.0485J, Remaining=119999.95J
[124.330] Task 232 served on STARLINK-31702 qlen_enqueue_cpu=1 qlen_enqueue_net=None time_in_queue=0.000
[232][GREEDY] STARLINK-31702 -> STARLINK-11474 [DTC] | Tramission-time: 0.0014923016699983451
[232] Energy routing consumed by STARLINK-31702: 0.000000 J (remaining 119999.95)
[MODE: BIDIRECTIONAL]
[232][GREEDY] CONSEGNATO! STARLINK-11474 [DTC] -> OBS | Tramission-time: 1.2530132575800967e-11
[Task 231] Task eseguito su STARLINK-31763 41.46061071028133 degrees | CPU=0.1530J, NET=0.0000J, TOTAL=0.1530J, Remaining=119991.06J
[124.353] Task 231 served on STARLINK-31763 qlen_enqueue_cpu=1 qlen_enqueue_net=None time_in_queue=0.000
[231][GREEDY] STARLINK-31763 -> STARLINK-11474 [DTC] | Tramission-time: 0.0006892453292260612
[231] Energy routing consumed by STARLINK-31763: 0.000000 J (remaining 119991.06)
[MODE: BIDIRECTIONAL]
[231][GREEDY] CONSEGNATO! STARLINK-11474 [DTC] -> OBS | Tramission-time: 7.711261632839467e-12
[Task 230] Task eseguito su STARLINK-31782 31.282845494426777 degrees | CPU=0.1129J, NET=0.1439J, TOTAL=0.2569J, Remaining=119993.67J
[124.438] Task 230 served on STARLINK-31782 qlen_enqueue_cpu=1 qlen_enqueue_net=1 time_in_queue=0.000
[230][GREEDY] STARLINK-31782 -> STARLINK-11474 [DTC] | Tramission-time: 0.0013350320795376838
[230] Energy routing consumed by STARLINK-31782: 0.000000 J (remaining 119993.67)
[MODE: BIDIRECTIONAL]
[230][GREEDY] CONSEGNATO! STARLINK-11474 [DTC] -> OBS | Tramission-time: 1.4489382170012666e-07
---> Task 233 (Type: CPU_Intensive) arriva in 124.70
--- [124.70] Task 233 using SearchNode Policy: v2_ilp_hybrid ---
[124.70] [Task 233] Entering ILP branch (v2)
[ε-constraint energy] sumE_B=1.601252  bound=1.761377  active=False
[ILP] res_type=dict value_preview={'stage': 'B', 'status': 'Optimal', 'primary': 'energy', 'tol': 0.1, 'opt_primary': 1.601251921028791, 'objective_secondary': 0.859560614415486, 'sumE': 1.60125
[124.70] [Task 233] ILP chose server: STARLINK-31782
[124.70] [Task 233] Routed STARLINK-31585 -> STARLINK-31782 | E_NET=0.000008 J | Remaining=119999.84 J
[124.703] Task 233 enqueued on CPU STARLINK-31782 qlen_enqueue=1
[124.843] Task 227 enqueued on NET STARLINK-32654 qlen_enqueue_net=1
[Task 227] Task eseguito su STARLINK-32654 51.518529895062436 degrees | CPU=2.4227J, NET=0.0002J, TOTAL=2.4229J, Remaining=119978.64J
[124.843] Task 227 served on STARLINK-32654 qlen_enqueue_cpu=1 qlen_enqueue_net=1 time_in_queue=0.000
[227][GREEDY] STARLINK-32654 -> STARLINK-11474 [DTC] | Tramission-time: 0.0014855012376500366
[227] Energy routing consumed by STARLINK-32654: 0.000000 J (remaining 119978.64)
[MODE: BIDIRECTIONAL]
[227][GREEDY] CONSEGNATO! STARLINK-11474 [DTC] -> OBS | Tramission-time: 1.7114139008738975e-10
---> Task 234 (Type: CPU_Intensive) arriva in 125.51
--- [125.51] Task 234 using SearchNode Policy: v2_ilp_hybrid ---
[125.51] [Task 234] Entering ILP branch (v2)
[ε-constraint energy] sumE_B=0.806777  bound=0.887455  active=False
[ILP] res_type=dict value_preview={'stage': 'B', 'status': 'Optimal', 'primary': 'energy', 'tol': 0.1, 'opt_primary': 0.8067772331877519, 'objective_secondary': 0.433083256022789, 'sumE': 0.8067
[125.51] [Task 234] ILP chose server: STARLINK-32654
[125.51] [Task 234] Routed STARLINK-31585 -> STARLINK-32654 | E_NET=0.000006 J | Remaining=119999.84 J
[125.507] Task 234 enqueued on CPU STARLINK-32654 qlen_enqueue=1
[Task 233] Task eseguito su STARLINK-31782 31.282845494426777 degrees | CPU=1.6012J, NET=0.0000J, TOTAL=1.6013J, Remaining=119992.07J
[125.564] Task 233 served on STARLINK-31782 qlen_enqueue_cpu=1 qlen_enqueue_net=None time_in_queue=0.000
---> Task 235 (Type: CPU_and_Data_Intensive) arriva in 125.58
--- [125.58] Task 235 using SearchNode Policy: v2_ilp_hybrid ---
[125.58] [Task 235] Entering ILP branch (v2)
[ε-constraint energy] sumE_B=0.426525  bound=0.469178  active=False
[ILP] res_type=dict value_preview={'stage': 'B', 'status': 'Optimal', 'primary': 'energy', 'tol': 0.1, 'opt_primary': 0.4265254098475097, 'objective_secondary': 0.2324975349404837, 'sumE': 0.426
[125.58] [Task 235] ILP chose server: STARLINK-31782
[125.58] [Task 235] Routed STARLINK-31585 -> STARLINK-31782 | E_NET=0.006426 J | Remaining=119999.83 J
[125.592] Task 235 enqueued on CPU STARLINK-31782 qlen_enqueue=1
[233][GREEDY] STARLINK-31782 -> STARLINK-11474 [DTC] | Tramission-time: 0.0013349169990164716
[233] Energy routing consumed by STARLINK-31782: 0.000000 J (remaining 119992.07)
[MODE: BIDIRECTIONAL]
[233][GREEDY] CONSEGNATO! STARLINK-11474 [DTC] -> OBS | Tramission-time: 6.5605112366105185e-12
[125.817] Task 235 enqueued on NET STARLINK-31782 qlen_enqueue_net=1
[Task 235] Task eseguito su STARLINK-31782 31.282845494426777 degrees | CPU=0.4189J, NET=0.0064J, TOTAL=0.4253J, Remaining=119991.64J
[125.823] Task 235 served on STARLINK-31782 qlen_enqueue_cpu=1 qlen_enqueue_net=1 time_in_queue=0.000
[235][GREEDY] STARLINK-31782 -> STARLINK-11474 [DTC] | Tramission-time: 0.0013349231592652072
[235] Energy routing consumed by STARLINK-31782: 0.000000 J (remaining 119991.64)
[MODE: BIDIRECTIONAL]
[235][GREEDY] CONSEGNATO! STARLINK-11474 [DTC] -> OBS | Tramission-time: 5.3573813047115814e-09
[Task 234] Task eseguito su STARLINK-32654 51.518529895062436 degrees | CPU=0.8068J, NET=0.0000J, TOTAL=0.8068J, Remaining=119977.83J
[125.941] Task 234 served on STARLINK-32654 qlen_enqueue_cpu=1 qlen_enqueue_net=None time_in_queue=0.000
----------------------------------------------------------------------
	||TIME IN SIMULATION : (seconds:126) (minutes: 2) ||

MODIFICA CONFIGURAZIONE IN CORSO...

Aggiornato il Tempo Globale:  2025-11-20 20:57:20
[234][GREEDY] STARLINK-32654 -> STARLINK-11474 [DTC] | Tramission-time: 0.0015156130416036093
[234] Energy routing consumed by STARLINK-32654: 0.000000 J (remaining 119977.83)
[MODE: BIDIRECTIONAL]
[234][GREEDY] CONSEGNATO! STARLINK-11474 [DTC] -> OBS | Tramission-time: 5.07135890168343e-12
---> Task 236 (Type: CPU_and_Data_Intensive) arriva in 126.22
--- [126.22] Task 236 using SearchNode Policy: v2_ilp_hybrid ---
[126.22] [Task 236] Entering ILP branch (v2)
[ε-constraint energy] sumE_B=1.056575  bound=1.162233  active=False
[ILP] res_type=dict value_preview={'stage': 'B', 'status': 'Optimal', 'primary': 'energy', 'tol': 0.1, 'opt_primary': 1.0565752210777315, 'objective_secondary': 0.6691625901187885, 'sumE': 1.056
[126.22] [Task 236] ILP chose server: STARLINK-32743
[126.22] [Task 236] Routed STARLINK-35269 -> STARLINK-32743 | E_NET=0.211965 J | Remaining=119999.62 J
[126.432] Task 236 enqueued on CPU STARLINK-32743 qlen_enqueue=1
[126.881] Task 236 enqueued on NET STARLINK-32743 qlen_enqueue_net=1
[Task 236] Task eseguito su STARLINK-32743 28.265199991801726 degrees | CPU=0.8364J, NET=0.2120J, TOTAL=1.0484J, Remaining=119998.95J
[127.093] Task 236 served on STARLINK-32743 qlen_enqueue_cpu=1 qlen_enqueue_net=1 time_in_queue=0.000
[236][GREEDY] STARLINK-32743 -> STARLINK-11474 [DTC] | Tramission-time: 0.0017103526914919
[236] Energy routing consumed by STARLINK-32743: 0.000000 J (remaining 119998.95)
[MODE: BIDIRECTIONAL]
[236][GREEDY] CONSEGNATO! STARLINK-11474 [DTC] -> OBS | Tramission-time: 1.4639185564035713e-07
---> Task 237 (Type: CPU_Intensive) arriva in 127.56
--- [127.56] Task 237 using SearchNode Policy: v2_ilp_hybrid ---
[127.56] [Task 237] Entering ILP branch (v2)
[ε-constraint energy] sumE_B=1.338591  bound=1.472451  active=False
[ILP] res_type=dict value_preview={'stage': 'B', 'status': 'Optimal', 'primary': 'energy', 'tol': 0.1, 'opt_primary': 1.3385914336179467, 'objective_secondary': 0.7185689550874347, 'sumE': 1.338
[127.56] [Task 237] ILP chose server: STARLINK-32654
[127.56] [Task 237] Routed STARLINK-31585 -> STARLINK-32654 | E_NET=0.000014 J | Remaining=119999.83 J
[127.557] Task 237 enqueued on CPU STARLINK-32654 qlen_enqueue=1
---> Task 238 (Type: Generic_Service) arriva in 127.70
--- [127.70] Task 238 using SearchNode Policy: v2_ilp_hybrid ---
[127.70] [Task 238] Entering ILP branch (v2)
[ε-constraint energy] sumE_B=0.070022  bound=0.077024  active=False
[ILP] res_type=dict value_preview={'stage': 'B', 'status': 'Optimal', 'primary': 'energy', 'tol': 0.1, 'opt_primary': 0.07002165113281056, 'objective_secondary': 0.03759260357133495, 'sumE': 0.0
[127.70] [Task 238] ILP chose server: STARLINK-31782
[127.70] [Task 238] Routed STARLINK-31585 -> STARLINK-31782 | E_NET=0.000010 J | Remaining=119999.83 J
[127.698] Task 238 enqueued on CPU STARLINK-31782 qlen_enqueue=1
[Task 238] Task eseguito su STARLINK-31782 31.862931184365525 degrees | CPU=0.0700J, NET=0.0000J, TOTAL=0.0700J, Remaining=119991.57J
[127.736] Task 238 served on STARLINK-31782 qlen_enqueue_cpu=1 qlen_enqueue_net=None time_in_queue=0.000
[238][GREEDY] STARLINK-31782 -> STARLINK-11474 [DTC] | Tramission-time: 0.001326392923550239
[238] Energy routing consumed by STARLINK-31782: 0.000000 J (remaining 119991.57)
[MODE: BIDIRECTIONAL]
[238][GREEDY] CONSEGNATO! STARLINK-11474 [DTC] -> OBS | Tramission-time: 7.618587447743898e-12
----------------------------------------------------------------------
	||TIME IN SIMULATION : (seconds:128) (minutes: 2) ||

MODIFICA CONFIGURAZIONE IN CORSO...

Aggiornato il Tempo Globale:  2025-11-20 20:57:22
[Task 237] Task eseguito su STARLINK-32654 50.02152780790923 degrees | CPU=1.3386J, NET=0.0000J, TOTAL=1.3386J, Remaining=119976.49J
[128.277] Task 237 served on STARLINK-32654 qlen_enqueue_cpu=1 qlen_enqueue_net=None time_in_queue=0.000
[237][GREEDY] STARLINK-32654 -> STARLINK-11474 [DTC] | Tramission-time: 0.0015473732095315144
[237] Energy routing consumed by STARLINK-32654: 0.000000 J (remaining 119976.49)
[MODE: BIDIRECTIONAL]
[237][GREEDY] CONSEGNATO! STARLINK-11474 [DTC] -> OBS | Tramission-time: 1.5665530613185835e-11
---> Task 239 (Type: CPU_and_Data_Intensive) arriva in 128.59
--- [128.59] Task 239 using SearchNode Policy: v2_ilp_hybrid ---
[128.59] [Task 239] Entering ILP branch (v2)
[ε-constraint energy] sumE_B=0.365098  bound=0.401608  active=False
[ILP] res_type=dict value_preview={'stage': 'B', 'status': 'Optimal', 'primary': 'energy', 'tol': 0.1, 'opt_primary': 0.36509798824358597, 'objective_secondary': 0.2573020344611924, 'sumE': 0.36
[128.59] [Task 239] ILP chose server: STARLINK-31763
[128.59] [Task 239] Routed STARLINK-35307 -> STARLINK-31763 | E_NET=0.112777 J | Remaining=119999.89 J
[128.708] Task 239 enqueued on CPU STARLINK-31763 qlen_enqueue=1
[128.833] Task 239 enqueued on NET STARLINK-31763 qlen_enqueue_net=1
[Task 239] Task eseguito su STARLINK-31763 43.125837647431375 degrees | CPU=0.2327J, NET=0.1128J, TOTAL=0.3455J, Remaining=119990.72J
[128.945] Task 239 served on STARLINK-31763 qlen_enqueue_cpu=1 qlen_enqueue_net=1 time_in_queue=0.000
[239][GREEDY] STARLINK-31763 -> STARLINK-11474 [DTC] | Tramission-time: 0.0006804041787197172
[239] Energy routing consumed by STARLINK-31763: 0.000000 J (remaining 119990.72)
[MODE: BIDIRECTIONAL]
[239][GREEDY] CONSEGNATO! STARLINK-11474 [DTC] -> OBS | Tramission-time: 8.752819671571602e-08
---> Task 240 (Type: CPU_and_Data_Intensive) arriva in 129.25
--- [129.25] Task 240 using SearchNode Policy: v2_ilp_hybrid ---
[129.25] [Task 240] Entering ILP branch (v2)
[ε-constraint energy] sumE_B=1.957855  bound=2.153640  active=False
[ILP] res_type=dict value_preview={'stage': 'B', 'status': 'Optimal', 'primary': 'energy', 'tol': 0.1, 'opt_primary': 1.9578548962466, 'objective_secondary': 1.1212095911359645, 'sumE': 1.957854
[129.25] [Task 240] ILP chose server: STARLINK-31763
[129.25] [Task 240] Routed STARLINK-35307 -> STARLINK-31763 | E_NET=0.129168 J | Remaining=119999.76 J
[129.382] Task 240 enqueued on CPU STARLINK-31763 qlen_enqueue=1
----------------------------------------------------------------------
	||TIME IN SIMULATION : (seconds:130) (minutes: 2) ||

MODIFICA CONFIGURAZIONE IN CORSO...

Aggiornato il Tempo Globale:  2025-11-20 20:57:24
[130.352] Task 240 enqueued on NET STARLINK-31763 qlen_enqueue_net=1
[Task 240] Task eseguito su STARLINK-31763 43.98791075353496 degrees | CPU=1.8062J, NET=0.1292J, TOTAL=1.9354J, Remaining=119988.78J
[130.481] Task 240 served on STARLINK-31763 qlen_enqueue_cpu=1 qlen_enqueue_net=1 time_in_queue=0.000
[240][GREEDY] STARLINK-31763 -> STARLINK-11474 [DTC] | Tramission-time: 0.0006779657834151516
[240] Energy routing consumed by STARLINK-31763: 0.000000 J (remaining 119988.78)
[MODE: BIDIRECTIONAL]
[240][GREEDY] CONSEGNATO! STARLINK-11474 [DTC] -> OBS | Tramission-time: 1.330222824926015e-07
---> Task 241 (Type: CPU_and_Data_Intensive) arriva in 131.38
--- [131.38] Task 241 using SearchNode Policy: v2_ilp_hybrid ---
[131.38] [Task 241] Entering ILP branch (v2)
[ε-constraint energy] sumE_B=2.765890  bound=3.042479  active=False
[ILP] res_type=dict value_preview={'stage': 'B', 'status': 'Optimal', 'primary': 'energy', 'tol': 0.1, 'opt_primary': 2.765890320601627, 'objective_secondary': 1.4891361964405014, 'sumE': 2.7658
[131.38] [Task 241] ILP chose server: STARLINK-31782
[131.38] [Task 241] Routed STARLINK-31585 -> STARLINK-31782 | E_NET=0.008193 J | Remaining=119999.82 J
[131.389] Task 241 enqueued on CPU STARLINK-31782 qlen_enqueue=1
----------------------------------------------------------------------
	||TIME IN SIMULATION : (seconds:132) (minutes: 2) ||

MODIFICA CONFIGURAZIONE IN CORSO...

Aggiornato il Tempo Globale:  2025-11-20 20:57:26
---> Task 242 (Type: CPU_and_Data_Intensive) arriva in 132.59
--- [132.59] Task 242 using SearchNode Policy: v2_ilp_hybrid ---
[132.59] [Task 242] Entering ILP branch (v2)
[ε-constraint energy] sumE_B=0.221739  bound=0.243913  active=False
[ILP] res_type=dict value_preview={'stage': 'B', 'status': 'Optimal', 'primary': 'energy', 'tol': 0.1, 'opt_primary': 0.22173919732808542, 'objective_secondary': 0.11941575017026568, 'sumE': 0.2
[132.59] [Task 242] ILP chose server: STARLINK-31763
[132.59] [Task 242] Routed STARLINK-31585 -> STARLINK-31763 | E_NET=0.000694 J | Remaining=119999.82 J
[132.592] Task 242 enqueued on CPU STARLINK-31763 qlen_enqueue=1
[132.710] Task 242 enqueued on NET STARLINK-31763 qlen_enqueue_net=1
[Task 242] Task eseguito su STARLINK-31763 44.86996111277333 degrees | CPU=0.2209J, NET=0.0007J, TOTAL=0.2216J, Remaining=119988.56J
[132.711] Task 242 served on STARLINK-31763 qlen_enqueue_cpu=1 qlen_enqueue_net=1 time_in_queue=0.000
---> Task 243 (Type: Generic_Service) arriva in 132.71
--- [132.71] Task 243 using SearchNode Policy: v2_ilp_hybrid ---
[132.71] [Task 243] Entering ILP branch (v2)
[ε-constraint energy] sumE_B=0.204848  bound=0.225332  active=False
[ILP] res_type=dict value_preview={'stage': 'B', 'status': 'Optimal', 'primary': 'energy', 'tol': 0.1, 'opt_primary': 0.2048476969959348, 'objective_secondary': 0.10998158982312964, 'sumE': 0.20
[132.71] [Task 243] ILP chose server: STARLINK-31763
[132.71] [Task 243] Routed STARLINK-31585 -> STARLINK-31763 | E_NET=0.000034 J | Remaining=119999.82 J
[132.715] Task 243 enqueued on CPU STARLINK-31763 qlen_enqueue=1
[242][GREEDY] STARLINK-31763 -> STARLINK-11474 [DTC] | Tramission-time: 0.0006767714331250764
[242] Energy routing consumed by STARLINK-31763: 0.000000 J (remaining 119988.56)
[MODE: BIDIRECTIONAL]
[242][GREEDY] CONSEGNATO! STARLINK-11474 [DTC] -> OBS | Tramission-time: 7.818692737863375e-10
[Task 243] Task eseguito su STARLINK-31763 44.86996111277333 degrees | CPU=0.2048J, NET=0.0000J, TOTAL=0.2048J, Remaining=119988.35J
[132.827] Task 243 served on STARLINK-31763 qlen_enqueue_cpu=1 qlen_enqueue_net=None time_in_queue=0.000
[243][GREEDY] STARLINK-31763 -> STARLINK-11474 [DTC] | Tramission-time: 0.0006767708886148633
[243] Energy routing consumed by STARLINK-31763: 0.000000 J (remaining 119988.35)
[MODE: BIDIRECTIONAL]
[243][GREEDY] CONSEGNATO! STARLINK-11474 [DTC] -> OBS | Tramission-time: 3.197017399301188e-11
[132.869] Task 241 enqueued on NET STARLINK-31782 qlen_enqueue_net=1
[Task 241] Task eseguito su STARLINK-31782 33.68486346918076 degrees | CPU=2.7564J, NET=0.0082J, TOTAL=2.7646J, Remaining=119988.81J
[132.877] Task 241 served on STARLINK-31782 qlen_enqueue_cpu=1 qlen_enqueue_net=1 time_in_queue=0.000
[241][GREEDY] STARLINK-31782 -> STARLINK-11474 [DTC] | Tramission-time: 0.0013053815196315795
[241] Energy routing consumed by STARLINK-31782: 0.000000 J (remaining 119988.81)
[MODE: BIDIRECTIONAL]
[241][GREEDY] CONSEGNATO! STARLINK-11474 [DTC] -> OBS | Tramission-time: 7.009909364630834e-09
---> Task 244 (Type: Generic_Service) arriva in 133.52
--- [133.52] Task 244 using SearchNode Policy: v2_ilp_hybrid ---
[133.52] [Task 244] Entering ILP branch (v2)
[ε-constraint energy] sumE_B=0.017456  bound=0.019201  active=False
[ILP] res_type=dict value_preview={'stage': 'B', 'status': 'Optimal', 'primary': 'energy', 'tol': 0.1, 'opt_primary': 0.017455597876671548, 'objective_secondary': 0.009379728042319117, 'sumE': 0
[133.52] [Task 244] ILP chose server: STARLINK-31782
[133.52] [Task 244] Routed STARLINK-31585 -> STARLINK-31782 | E_NET=0.000019 J | Remaining=119999.82 J
[133.517] Task 244 enqueued on CPU STARLINK-31782 qlen_enqueue=1
[Task 244] Task eseguito su STARLINK-31782 33.68486346918076 degrees | CPU=0.0174J, NET=0.0000J, TOTAL=0.0175J, Remaining=119988.79J
[133.528] Task 244 served on STARLINK-31782 qlen_enqueue_cpu=1 qlen_enqueue_net=None time_in_queue=0.000
[244][GREEDY] STARLINK-31782 -> STARLINK-11474 [DTC] | Tramission-time: 0.0013053752615602096
[244] Energy routing consumed by STARLINK-31782: 0.000000 J (remaining 119988.79)
---> Task 245 (Type: CPU_Intensive) arriva in 133.64
--- [133.64] Task 245 using SearchNode Policy: v2_ilp_hybrid ---
[133.64] [Task 245] Entering ILP branch (v2)
[ε-constraint energy] sumE_B=0.488336  bound=0.537170  active=False
[ILP] res_type=dict value_preview={'stage': 'B', 'status': 'Optimal', 'primary': 'energy', 'tol': 0.1, 'opt_primary': 0.48833619032756737, 'objective_secondary': 0.2621548244667085, 'sumE': 0.48
[133.64] [Task 245] ILP chose server: STARLINK-31782
[133.64] [Task 245] Routed STARLINK-31585 -> STARLINK-31782 | E_NET=0.000030 J | Remaining=119999.82 J
[133.642] Task 245 enqueued on CPU STARLINK-31782 qlen_enqueue=1
[MODE: BIDIRECTIONAL]
[244][GREEDY] CONSEGNATO! STARLINK-11474 [DTC] -> OBS | Tramission-time: 1.3618049259979355e-11
---> Task 246 (Type: Generic_Service) arriva in 133.82
--- [133.82] Task 246 using SearchNode Policy: v2_ilp_hybrid ---
[133.82] [Task 246] Entering ILP branch (v2)
[ε-constraint energy] sumE_B=0.052834  bound=0.058118  active=False
[ILP] res_type=dict value_preview={'stage': 'B', 'status': 'Optimal', 'primary': 'energy', 'tol': 0.1, 'opt_primary': 0.05283437797467133, 'objective_secondary': 0.02837320016176378, 'sumE': 0.0
[133.82] [Task 246] ILP chose server: STARLINK-31763
[133.82] [Task 246] Routed STARLINK-31585 -> STARLINK-31763 | E_NET=0.000021 J | Remaining=119999.82 J
[133.824] Task 246 enqueued on CPU STARLINK-31763 qlen_enqueue=1
[Task 246] Task eseguito su STARLINK-31763 44.86996111277333 degrees | CPU=0.0528J, NET=0.0000J, TOTAL=0.0528J, Remaining=119988.30J
[133.854] Task 246 served on STARLINK-31763 qlen_enqueue_cpu=1 qlen_enqueue_net=None time_in_queue=0.000
[Task 245] Task eseguito su STARLINK-31782 33.68486346918076 degrees | CPU=0.4883J, NET=0.0000J, TOTAL=0.4883J, Remaining=119988.30J
[133.907] Task 245 served on STARLINK-31782 qlen_enqueue_cpu=1 qlen_enqueue_net=None time_in_queue=0.000
[246][GREEDY] STARLINK-31763 -> STARLINK-11474 [DTC] | Tramission-time: 0.000676770879834224
[246] Energy routing consumed by STARLINK-31763: 0.000000 J (remaining 119988.30)
[MODE: BIDIRECTIONAL]
[246][GREEDY] CONSEGNATO! STARLINK-11474 [DTC] -> OBS | Tramission-time: 2.1935351821755806e-11
[245][GREEDY] STARLINK-31782 -> STARLINK-11474 [DTC] | Tramission-time: 0.0013053752696415312
[245] Energy routing consumed by STARLINK-31782: 0.000000 J (remaining 119988.30)
---> Task 247 (Type: Generic_Service) arriva in 134.00
--- [134.00] Task 247 using SearchNode Policy: v2_ilp_hybrid ---
[134.00] [Task 247] Entering ILP branch (v2)
[ε-constraint energy] sumE_B=0.047331  bound=0.052064  active=False
[ILP] res_type=dict value_preview={'stage': 'B', 'status': 'Optimal', 'primary': 'energy', 'tol': 0.1, 'opt_primary': 0.047330964479125055, 'objective_secondary': 0.02541634896309271, 'sumE': 0.
[134.00] [Task 247] ILP chose server: STARLINK-31782
[134.00] [Task 247] Routed STARLINK-31585 -> STARLINK-31782 | E_NET=0.000018 J | Remaining=119999.82 J
[133.999] Task 247 enqueued on CPU STARLINK-31782 qlen_enqueue=1
----------------------------------------------------------------------
	||TIME IN SIMULATION : (seconds:134) (minutes: 2) ||

MODIFICA CONFIGURAZIONE IN CORSO...

Aggiornato il Tempo Globale:  2025-11-20 20:57:28
[Task 247] Task eseguito su STARLINK-31782 34.320734313336814 degrees | CPU=0.0473J, NET=0.0000J, TOTAL=0.0473J, Remaining=119988.25J
[134.025] Task 247 served on STARLINK-31782 qlen_enqueue_cpu=1 qlen_enqueue_net=None time_in_queue=0.000
[MODE: BIDIRECTIONAL]
[245][GREEDY] CONSEGNATO! STARLINK-11474 [DTC] -> OBS | Tramission-time: 2.3915819399562632e-11
[247][GREEDY] STARLINK-31782 -> STARLINK-11474 [DTC] | Tramission-time: 0.001299929030730932
[247] Energy routing consumed by STARLINK-31782: 0.000000 J (remaining 119988.25)
[MODE: BIDIRECTIONAL]
[247][GREEDY] CONSEGNATO! STARLINK-11474 [DTC] -> OBS | Tramission-time: 1.2831839839392111e-11
---> Task 248 (Type: CPU_Intensive) arriva in 134.24
--- [134.24] Task 248 using SearchNode Policy: v2_ilp_hybrid ---
[134.24] [Task 248] Entering ILP branch (v2)
[ε-constraint energy] sumE_B=1.149443  bound=1.264387  active=False
[ILP] res_type=dict value_preview={'stage': 'B', 'status': 'Optimal', 'primary': 'energy', 'tol': 0.1, 'opt_primary': 1.1494429904566994, 'objective_secondary': 0.6170314441828683, 'sumE': 1.149
[134.24] [Task 248] ILP chose server: STARLINK-31782
[134.24] [Task 248] Routed STARLINK-31585 -> STARLINK-31782 | E_NET=0.000012 J | Remaining=119999.82 J
[134.237] Task 248 enqueued on CPU STARLINK-31782 qlen_enqueue=1
---> Task 249 (Type: CPU_Intensive) arriva in 134.44
--- [134.44] Task 249 using SearchNode Policy: v2_ilp_hybrid ---
[134.44] [Task 249] Entering ILP branch (v2)
[ε-constraint energy] sumE_B=1.035576  bound=1.139134  active=False
[ILP] res_type=dict value_preview={'stage': 'B', 'status': 'Optimal', 'primary': 'energy', 'tol': 0.1, 'opt_primary': 1.0355762766875187, 'objective_secondary': 0.5559107997923054, 'sumE': 1.035
[134.44] [Task 249] ILP chose server: STARLINK-31763
[134.44] [Task 249] Routed STARLINK-31585 -> STARLINK-31763 | E_NET=0.000017 J | Remaining=119999.82 J
[134.442] Task 249 enqueued on CPU STARLINK-31763 qlen_enqueue=1
[Task 248] Task eseguito su STARLINK-31782 34.320734313336814 degrees | CPU=1.1494J, NET=0.0000J, TOTAL=1.1494J, Remaining=119987.10J
[134.855] Task 248 served on STARLINK-31782 qlen_enqueue_cpu=1 qlen_enqueue_net=None time_in_queue=0.000
[248][GREEDY] STARLINK-31782 -> STARLINK-11474 [DTC] | Tramission-time: 0.0012999290325087357
[248] Energy routing consumed by STARLINK-31782: 0.000000 J (remaining 119987.10)
[MODE: BIDIRECTIONAL]
[248][GREEDY] CONSEGNATO! STARLINK-11474 [DTC] -> OBS | Tramission-time: 1.0788483431315151e-11
[Task 249] Task eseguito su STARLINK-31763 45.77217643692799 degrees | CPU=1.0356J, NET=0.0000J, TOTAL=1.0356J, Remaining=119987.26J
[134.999] Task 249 served on STARLINK-31763 qlen_enqueue_cpu=1 qlen_enqueue_net=None time_in_queue=0.000
---> Task 250 (Type: Generic_Service) arriva in 135.03
--- [135.03] Task 250 using SearchNode Policy: v2_ilp_hybrid ---
[135.03] [Task 250] Entering ILP branch (v2)
[ε-constraint energy] sumE_B=0.077183  bound=0.084902  active=False
[ILP] res_type=dict value_preview={'stage': 'B', 'status': 'Optimal', 'primary': 'energy', 'tol': 0.1, 'opt_primary': 0.0771832319893933, 'objective_secondary': 0.04145102569930157, 'sumE': 0.07
[135.03] [Task 250] ILP chose server: STARLINK-31782
[135.03] [Task 250] Routed STARLINK-31585 -> STARLINK-31782 | E_NET=0.000030 J | Remaining=119999.82 J
[135.030] Task 250 enqueued on CPU STARLINK-31782 qlen_enqueue=1
[249][GREEDY] STARLINK-31763 -> STARLINK-11474 [DTC] | Tramission-time: 0.0006770821916208216
[249] Energy routing consumed by STARLINK-31763: 0.000000 J (remaining 119987.26)
[MODE: BIDIRECTIONAL]
[249][GREEDY] CONSEGNATO! STARLINK-11474 [DTC] -> OBS | Tramission-time: 1.940414668551705e-11
[Task 250] Task eseguito su STARLINK-31782 34.320734313336814 degrees | CPU=0.0771J, NET=0.0000J, TOTAL=0.0772J, Remaining=119987.03J
[135.074] Task 250 served on STARLINK-31782 qlen_enqueue_cpu=1 qlen_enqueue_net=None time_in_queue=0.000
[250][GREEDY] STARLINK-31782 -> STARLINK-11474 [DTC] | Tramission-time: 0.0012999290481788622
[250] Energy routing consumed by STARLINK-31782: 0.000000 J (remaining 119987.03)
[MODE: BIDIRECTIONAL]
[250][GREEDY] CONSEGNATO! STARLINK-11474 [DTC] -> OBS | Tramission-time: 3.7472370662365644e-11
---> Task 251 (Type: Generic_Service) arriva in 135.46
--- [135.46] Task 251 using SearchNode Policy: v2_ilp_hybrid ---
[135.46] [Task 251] Entering ILP branch (v2)
[ε-constraint energy] sumE_B=0.010499  bound=0.011549  active=False
[ILP] res_type=dict value_preview={'stage': 'B', 'status': 'Optimal', 'primary': 'energy', 'tol': 0.1, 'opt_primary': 0.01049890447688318, 'objective_secondary': 0.005653630677787183, 'sumE': 0.
[135.46] [Task 251] ILP chose server: STARLINK-31782
[135.46] [Task 251] Routed STARLINK-31585 -> STARLINK-31782 | E_NET=0.000028 J | Remaining=119999.82 J
[135.464] Task 251 enqueued on CPU STARLINK-31782 qlen_enqueue=1
[Task 251] Task eseguito su STARLINK-31782 34.320734313336814 degrees | CPU=0.0105J, NET=0.0000J, TOTAL=0.0105J, Remaining=119987.02J
[135.472] Task 251 served on STARLINK-31782 qlen_enqueue_cpu=1 qlen_enqueue_net=None time_in_queue=0.000
[251][GREEDY] STARLINK-31782 -> STARLINK-11474 [DTC] | Tramission-time: 0.0012999290543919495
[251] Energy routing consumed by STARLINK-31782: 0.000000 J (remaining 119987.02)
[MODE: BIDIRECTIONAL]
[251][GREEDY] CONSEGNATO! STARLINK-11474 [DTC] -> OBS | Tramission-time: 2.5779967320485126e-11
---> Task 252 (Type: Generic_Service) arriva in 135.76
--- [135.76] Task 252 using SearchNode Policy: v2_ilp_hybrid ---
[135.76] [Task 252] Entering ILP branch (v2)
[ε-constraint energy] sumE_B=0.138011  bound=0.151812  active=False
[ILP] res_type=dict value_preview={'stage': 'B', 'status': 'Optimal', 'primary': 'energy', 'tol': 0.1, 'opt_primary': 0.13801105290056834, 'objective_secondary': 0.07410069661315595, 'sumE': 0.1
[135.76] [Task 252] ILP chose server: STARLINK-31782
[135.76] [Task 252] Routed STARLINK-31585 -> STARLINK-31782 | E_NET=0.000025 J | Remaining=119999.82 J
[135.758] Task 252 enqueued on CPU STARLINK-31782 qlen_enqueue=1
[Task 252] Task eseguito su STARLINK-31782 34.320734313336814 degrees | CPU=0.1380J, NET=0.0000J, TOTAL=0.1380J, Remaining=119986.88J
[135.835] Task 252 served on STARLINK-31782 qlen_enqueue_cpu=1 qlen_enqueue_net=None time_in_queue=0.000
[252][GREEDY] STARLINK-31782 -> STARLINK-11474 [DTC] | Tramission-time: 0.0012999290410087819
[252] Energy routing consumed by STARLINK-31782: 0.000000 J (remaining 119986.88)
[MODE: BIDIRECTIONAL]
[252][GREEDY] CONSEGNATO! STARLINK-11474 [DTC] -> OBS | Tramission-time: 3.0195680497701906e-11
----------------------------------------------------------------------
	||TIME IN SIMULATION : (seconds:136) (minutes: 2) ||

MODIFICA CONFIGURAZIONE IN CORSO...

Aggiornato il Tempo Globale:  2025-11-20 20:57:30
---> Task 253 (Type: CPU_and_Data_Intensive) arriva in 136.23
--- [136.23] Task 253 using SearchNode Policy: v2_ilp_hybrid ---
[136.23] [Task 253] Entering ILP branch (v2)
[ε-constraint energy] sumE_B=1.850198  bound=2.035218  active=False
[ILP] res_type=dict value_preview={'stage': 'B', 'status': 'Optimal', 'primary': 'energy', 'tol': 0.1, 'opt_primary': 1.850198174038495, 'objective_secondary': 0.99414052582241, 'sumE': 1.850198
[136.23] [Task 253] ILP chose server: STARLINK-31782
[136.23] [Task 253] Routed STARLINK-31585 -> STARLINK-31782 | E_NET=0.001716 J | Remaining=119999.82 J
[136.232] Task 253 enqueued on CPU STARLINK-31782 qlen_enqueue=1
---> Task 254 (Type: CPU_Intensive) arriva in 136.80
--- [136.80] Task 254 using SearchNode Policy: v2_ilp_hybrid ---
[136.80] [Task 254] Entering ILP branch (v2)
[ε-constraint energy] sumE_B=1.323149  bound=1.455464  active=False
[ILP] res_type=dict value_preview={'stage': 'B', 'status': 'Optimal', 'primary': 'energy', 'tol': 0.1, 'opt_primary': 1.3231486659216138, 'objective_secondary': 0.7102811974303213, 'sumE': 1.323
[136.80] [Task 254] ILP chose server: STARLINK-31763
[136.80] [Task 254] Routed STARLINK-31585 -> STARLINK-31763 | E_NET=0.000019 J | Remaining=119999.82 J
[136.803] Task 254 enqueued on CPU STARLINK-31763 qlen_enqueue=1
---> Task 255 (Type: CPU_and_Data_Intensive) arriva in 137.17
--- [137.17] Task 255 using SearchNode Policy: v2_ilp_hybrid ---
[137.17] [Task 255] Entering ILP branch (v2)
[ε-constraint energy] sumE_B=1.664887  bound=1.831375  active=False
[ILP] res_type=dict value_preview={'stage': 'B', 'status': 'Optimal', 'primary': 'energy', 'tol': 0.1, 'opt_primary': 1.6648865752909423, 'objective_secondary': 0.8946081877186662, 'sumE': 1.664
[137.17] [Task 255] ILP chose server: STARLINK-31702
[137.17] [Task 255] Routed STARLINK-31585 -> STARLINK-31702 | E_NET=0.001688 J | Remaining=119999.82 J
[137.173] Task 255 enqueued on CPU STARLINK-31702 qlen_enqueue=1
[137.224] Task 253 enqueued on NET STARLINK-31782 qlen_enqueue_net=1
[Task 253] Task eseguito su STARLINK-31782 34.971565162562946 degrees | CPU=1.8481J, NET=0.0017J, TOTAL=1.8499J, Remaining=119985.03J
[137.226] Task 253 served on STARLINK-31782 qlen_enqueue_cpu=1 qlen_enqueue_net=1 time_in_queue=0.000
[253][GREEDY] STARLINK-31782 -> STARLINK-11474 [DTC] | Tramission-time: 0.0012952819104162215
[253] Energy routing consumed by STARLINK-31782: 0.000000 J (remaining 119985.03)
[MODE: BIDIRECTIONAL]
[253][GREEDY] CONSEGNATO! STARLINK-11474 [DTC] -> OBS | Tramission-time: 1.8571177314588421e-09
[Task 254] Task eseguito su STARLINK-31763 46.694679694476946 degrees | CPU=1.3231J, NET=0.0000J, TOTAL=1.3231J, Remaining=119985.94J
[137.514] Task 254 served on STARLINK-31763 qlen_enqueue_cpu=1 qlen_enqueue_net=None time_in_queue=0.000
---> Task 256 (Type: CPU_and_Data_Intensive) arriva in 137.52
--- [137.52] Task 256 using SearchNode Policy: v2_ilp_hybrid ---
[137.52] [Task 256] Entering ILP branch (v2)
[ε-constraint energy] sumE_B=2.361359  bound=2.597495  active=False
[ILP] res_type=dict value_preview={'stage': 'B', 'status': 'Optimal', 'primary': 'energy', 'tol': 0.1, 'opt_primary': 2.3613594055717306, 'objective_secondary': 1.2725183458556724, 'sumE': 2.361
[137.52] [Task 256] ILP chose server: STARLINK-31782
[137.52] [Task 256] Routed STARLINK-31585 -> STARLINK-31782 | E_NET=0.008920 J | Remaining=119999.81 J
[137.529] Task 256 enqueued on CPU STARLINK-31782 qlen_enqueue=1
[254][GREEDY] STARLINK-31763 -> STARLINK-11474 [DTC] | Tramission-time: 0.0006787742678116595
[254] Energy routing consumed by STARLINK-31763: 0.000000 J (remaining 119985.94)
[MODE: BIDIRECTIONAL]
[254][GREEDY] CONSEGNATO! STARLINK-11474 [DTC] -> OBS | Tramission-time: 1.871830575093745e-11
----------------------------------------------------------------------
	||TIME IN SIMULATION : (seconds:138) (minutes: 2) ||

MODIFICA CONFIGURAZIONE IN CORSO...

Aggiornato il Tempo Globale:  2025-11-20 20:57:32
[138.065] Task 255 enqueued on NET STARLINK-31702 qlen_enqueue_net=1
[Task 255] Task eseguito su STARLINK-31702 44.0911491797606 degrees | CPU=1.6630J, NET=0.0017J, TOTAL=1.6646J, Remaining=119998.29J
[138.067] Task 255 served on STARLINK-31702 qlen_enqueue_cpu=1 qlen_enqueue_net=1 time_in_queue=0.000
[255][GREEDY] STARLINK-31702 -> STARLINK-11474 [DTC] | Tramission-time: 0.001399744391531868
[255] Energy routing consumed by STARLINK-31702: 0.000000 J (remaining 119998.29)
[MODE: BIDIRECTIONAL]
[255][GREEDY] CONSEGNATO! STARLINK-11474 [DTC] -> OBS | Tramission-time: 1.468099418211647e-09
---> Task 257 (Type: CPU_Intensive) arriva in 138.53
--- [138.53] Task 257 using SearchNode Policy: v2_ilp_hybrid ---
[138.53] [Task 257] Entering ILP branch (v2)
[ε-constraint energy] sumE_B=0.145545  bound=0.160100  active=False
[ILP] res_type=dict value_preview={'stage': 'B', 'status': 'Optimal', 'primary': 'energy', 'tol': 0.1, 'opt_primary': 0.14554524806367086, 'objective_secondary': 0.07813771750861549, 'sumE': 0.1
[138.53] [Task 257] ILP chose server: STARLINK-31763
[138.53] [Task 257] Routed STARLINK-31585 -> STARLINK-31763 | E_NET=0.000018 J | Remaining=119999.81 J
[138.527] Task 257 enqueued on CPU STARLINK-31763 qlen_enqueue=1
[Task 257] Task eseguito su STARLINK-31763 47.637517009972015 degrees | CPU=0.1455J, NET=0.0000J, TOTAL=0.1455J, Remaining=119985.80J
[138.607] Task 257 served on STARLINK-31763 qlen_enqueue_cpu=1 qlen_enqueue_net=None time_in_queue=0.000
[257][GREEDY] STARLINK-31763 -> STARLINK-11474 [DTC] | Tramission-time: 0.0006818367891198002
[257] Energy routing consumed by STARLINK-31763: 0.000000 J (remaining 119985.80)
[MODE: BIDIRECTIONAL]
[257][GREEDY] CONSEGNATO! STARLINK-11474 [DTC] -> OBS | Tramission-time: 1.7282018387493833e-11
[138.791] Task 256 enqueued on NET STARLINK-31782 qlen_enqueue_net=1
[Task 256] Task eseguito su STARLINK-31782 35.637768758481045 degrees | CPU=2.3507J, NET=0.0089J, TOTAL=2.3596J, Remaining=119982.67J
[138.800] Task 256 served on STARLINK-31782 qlen_enqueue_cpu=1 qlen_enqueue_net=1 time_in_queue=0.000
---> Task 258 (Type: Generic_Service) arriva in 138.86
--- [138.86] Task 258 using SearchNode Policy: v2_ilp_hybrid ---
[138.86] [Task 258] Entering ILP branch (v2)
[ε-constraint energy] sumE_B=0.183637  bound=0.202000  active=False
[ILP] res_type=dict value_preview={'stage': 'B', 'status': 'Optimal', 'primary': 'energy', 'tol': 0.1, 'opt_primary': 0.1836366569310762, 'objective_secondary': 0.09858829502206265, 'sumE': 0.18
[138.86] [Task 258] ILP chose server: STARLINK-31782
[138.86] [Task 258] Routed STARLINK-31585 -> STARLINK-31782 | E_NET=0.000022 J | Remaining=119999.81 J
[138.865] Task 258 enqueued on CPU STARLINK-31782 qlen_enqueue=1
[256][GREEDY] STARLINK-31782 -> STARLINK-11474 [DTC] | Tramission-time: 0.0012914468957775777
[256] Energy routing consumed by STARLINK-31782: 0.000000 J (remaining 119982.67)
[Task 258] Task eseguito su STARLINK-31782 35.637768758481045 degrees | CPU=0.1836J, NET=0.0000J, TOTAL=0.1836J, Remaining=119982.48J
[138.965] Task 258 served on STARLINK-31782 qlen_enqueue_cpu=1 qlen_enqueue_net=None time_in_queue=0.000
[MODE: BIDIRECTIONAL]
[256][GREEDY] CONSEGNATO! STARLINK-11474 [DTC] -> OBS | Tramission-time: 8.71994329853101e-09
[258][GREEDY] STARLINK-31782 -> STARLINK-11474 [DTC] | Tramission-time: 0.001291438239918289
[258] Energy routing consumed by STARLINK-31782: 0.000000 J (remaining 119982.48)
[MODE: BIDIRECTIONAL]
[258][GREEDY] CONSEGNATO! STARLINK-11474 [DTC] -> OBS | Tramission-time: 2.1002677158428096e-11
---> Task 259 (Type: CPU_and_Data_Intensive) arriva in 139.28
--- [139.28] Task 259 using SearchNode Policy: v2_ilp_hybrid ---
[139.28] [Task 259] Entering ILP branch (v2)
[ε-constraint energy] sumE_B=2.243525  bound=2.467878  active=False
[ILP] res_type=dict value_preview={'stage': 'B', 'status': 'Optimal', 'primary': 'energy', 'tol': 0.1, 'opt_primary': 2.243525261525527, 'objective_secondary': 1.208198925562543, 'sumE': 2.24352
[139.28] [Task 259] ILP chose server: STARLINK-31782
[139.28] [Task 259] Routed STARLINK-31585 -> STARLINK-31782 | E_NET=0.007368 J | Remaining=119999.80 J
[139.292] Task 259 enqueued on CPU STARLINK-31782 qlen_enqueue=1
---> Task 260 (Type: CPU_Intensive) arriva in 139.67
--- [139.67] Task 260 using SearchNode Policy: v2_ilp_hybrid ---
[139.67] [Task 260] Entering ILP branch (v2)
[ε-constraint energy] sumE_B=1.414120  bound=1.555532  active=False
[ILP] res_type=dict value_preview={'stage': 'B', 'status': 'Optimal', 'primary': 'energy', 'tol': 0.1, 'opt_primary': 1.4141201052353485, 'objective_secondary': 0.7591170635206751, 'sumE': 1.414
[139.67] [Task 260] ILP chose server: STARLINK-31763
[139.67] [Task 260] Routed STARLINK-31585 -> STARLINK-31763 | E_NET=0.000028 J | Remaining=119999.80 J
[139.674] Task 260 enqueued on CPU STARLINK-31763 qlen_enqueue=1
---> Task 261 (Type: CPU_Intensive) arriva in 139.70
--- [139.70] Task 261 using SearchNode Policy: v2_ilp_hybrid ---
[139.70] [Task 261] Entering ILP branch (v2)
[ε-constraint energy] sumE_B=0.792843  bound=0.872127  active=False
[ILP] res_type=dict value_preview={'stage': 'B', 'status': 'Optimal', 'primary': 'energy', 'tol': 0.1, 'opt_primary': 0.7928431253510959, 'objective_secondary': 0.42560995079739056, 'sumE': 0.79
[139.70] [Task 261] ILP chose server: STARLINK-31702
[139.70] [Task 261] Routed STARLINK-31585 -> STARLINK-31702 | E_NET=0.000019 J | Remaining=119999.80 J
[139.698] Task 261 enqueued on CPU STARLINK-31702 qlen_enqueue=1
----------------------------------------------------------------------
	||TIME IN SIMULATION : (seconds:140) (minutes: 2) ||

MODIFICA CONFIGURAZIONE IN CORSO...

Aggiornato il Tempo Globale:  2025-11-20 20:57:34
[Task 261] Task eseguito su STARLINK-31702 44.539605037764304 degrees | CPU=0.7928J, NET=0.0000J, TOTAL=0.7928J, Remaining=119997.49J
[140.125] Task 261 served on STARLINK-31702 qlen_enqueue_cpu=1 qlen_enqueue_net=None time_in_queue=0.000
---> Task 262 (Type: CPU_Intensive) arriva in 140.13
--- [140.13] Task 262 using SearchNode Policy: v2_ilp_hybrid ---
[140.13] [Task 262] Entering ILP branch (v2)
[ε-constraint energy] sumE_B=0.619328  bound=0.681261  active=False
[ILP] res_type=dict value_preview={'stage': 'B', 'status': 'Optimal', 'primary': 'energy', 'tol': 0.1, 'opt_primary': 0.6193281830331567, 'objective_secondary': 0.3324640462583319, 'sumE': 0.619
[140.13] [Task 262] ILP chose server: STARLINK-32654
[140.13] [Task 262] Routed STARLINK-31207 -> STARLINK-32654 | E_NET=0.000011 J | Remaining=120000.00 J
[140.128] Task 262 enqueued on CPU STARLINK-32654 qlen_enqueue=1
[261][GREEDY] STARLINK-31702 -> STARLINK-11474 [DTC] | Tramission-time: 0.0013865442990555438
[261] Energy routing consumed by STARLINK-31702: 0.000000 J (remaining 119997.49)
[MODE: BIDIRECTIONAL]
[261][GREEDY] CONSEGNATO! STARLINK-11474 [DTC] -> OBS | Tramission-time: 1.9639381196383978e-11
---> Task 263 (Type: CPU_and_Data_Intensive) arriva in 140.28
--- [140.28] Task 263 using SearchNode Policy: v2_ilp_hybrid ---
[140.28] [Task 263] Entering ILP branch (v2)
[ε-constraint energy] sumE_B=0.769169  bound=0.846086  active=False
[ILP] res_type=dict value_preview={'stage': 'B', 'status': 'Optimal', 'primary': 'energy', 'tol': 0.1, 'opt_primary': 0.769168815076992, 'objective_secondary': 0.415528690119072, 'sumE': 0.76916
[140.28] [Task 263] ILP chose server: STARLINK-31702
[140.28] [Task 263] Routed STARLINK-31207 -> STARLINK-31702 | E_NET=0.005451 J | Remaining=119999.99 J
[140.288] Task 263 enqueued on CPU STARLINK-31702 qlen_enqueue=1
[Task 260] Task eseguito su STARLINK-31763 48.600643813274544 degrees | CPU=1.4141J, NET=0.0000J, TOTAL=1.4141J, Remaining=119984.38J
[140.435] Task 260 served on STARLINK-31763 qlen_enqueue_cpu=1 qlen_enqueue_net=None time_in_queue=0.000
[Task 262] Task eseguito su STARLINK-32654 45.42381261486642 degrees | CPU=0.6193J, NET=0.0000J, TOTAL=0.6193J, Remaining=119975.87J
[140.461] Task 262 served on STARLINK-32654 qlen_enqueue_cpu=1 qlen_enqueue_net=None time_in_queue=0.000
[262][GREEDY] STARLINK-32654 -> STARLINK-11474 [DTC] | Tramission-time: 0.0017672198381790357
[262] Energy routing consumed by STARLINK-32654: 0.000000 J (remaining 119975.87)
[260][GREEDY] STARLINK-31763 -> STARLINK-11474 [DTC] | Tramission-time: 0.0006862513993071465
[260] Energy routing consumed by STARLINK-31763: 0.000000 J (remaining 119984.38)
[MODE: BIDIRECTIONAL]
[262][GREEDY] CONSEGNATO! STARLINK-11474 [DTC] -> OBS | Tramission-time: 1.0582520077256685e-11
[140.492] Task 259 enqueued on NET STARLINK-31782 qlen_enqueue_net=1
[Task 259] Task eseguito su STARLINK-31782 36.31975873464893 degrees | CPU=2.2352J, NET=0.0074J, TOTAL=2.2425J, Remaining=119980.24J
[140.499] Task 259 served on STARLINK-31782 qlen_enqueue_cpu=1 qlen_enqueue_net=1 time_in_queue=0.000
[MODE: BIDIRECTIONAL]
[260][GREEDY] CONSEGNATO! STARLINK-11474 [DTC] -> OBS | Tramission-time: 1.957721372525227e-11
[259][GREEDY] STARLINK-31782 -> STARLINK-11474 [DTC] | Tramission-time: 0.0012884167082958405
[259] Energy routing consumed by STARLINK-31782: 0.000000 J (remaining 119980.24)
[MODE: BIDIRECTIONAL]
[259][GREEDY] CONSEGNATO! STARLINK-11474 [DTC] -> OBS | Tramission-time: 6.648209127712552e-09
[140.698] Task 263 enqueued on NET STARLINK-31702 qlen_enqueue_net=1
[Task 263] Task eseguito su STARLINK-31702 44.539605037764304 degrees | CPU=0.7635J, NET=0.0055J, TOTAL=0.7689J, Remaining=119996.73J
[140.704] Task 263 served on STARLINK-31702 qlen_enqueue_cpu=1 qlen_enqueue_net=1 time_in_queue=0.000
[263][GREEDY] STARLINK-31702 -> STARLINK-11474 [DTC] | Tramission-time: 0.0013865488864410907
[263] Energy routing consumed by STARLINK-31702: 0.000000 J (remaining 119996.73)
[MODE: BIDIRECTIONAL]
[263][GREEDY] CONSEGNATO! STARLINK-11474 [DTC] -> OBS | Tramission-time: 4.610014004840293e-09
---> Task 264 (Type: Generic_Service) arriva in 141.32
--- [141.32] Task 264 using SearchNode Policy: v2_ilp_hybrid ---
[141.32] [Task 264] Entering ILP branch (v2)
[ε-constraint energy] sumE_B=0.389709  bound=0.428680  active=False
[ILP] res_type=dict value_preview={'stage': 'B', 'status': 'Optimal', 'primary': 'energy', 'tol': 0.1, 'opt_primary': 0.38970920101175865, 'objective_secondary': 0.20921474580435057, 'sumE': 0.3
[141.32] [Task 264] ILP chose server: STARLINK-32654
[141.32] [Task 264] Routed STARLINK-31207 -> STARLINK-32654 | E_NET=0.000028 J | Remaining=119999.99 J
[141.322] Task 264 enqueued on CPU STARLINK-32654 qlen_enqueue=1
---> Task 265 (Type: Generic_Service) arriva in 141.44
--- [141.44] Task 265 using SearchNode Policy: v2_ilp_hybrid ---
[141.44] [Task 265] Entering ILP branch (v2)
[ε-constraint energy] sumE_B=0.242098  bound=0.266308  active=False
[ILP] res_type=dict value_preview={'stage': 'B', 'status': 'Optimal', 'primary': 'energy', 'tol': 0.1, 'opt_primary': 0.2420979694851509, 'objective_secondary': 0.12996297944468624, 'sumE': 0.24
[141.44] [Task 265] ILP chose server: STARLINK-31782
[141.44] [Task 265] Routed STARLINK-31207 -> STARLINK-31782 | E_NET=0.000007 J | Remaining=119999.99 J
[141.439] Task 265 enqueued on CPU STARLINK-31782 qlen_enqueue=1
[Task 264] Task eseguito su STARLINK-32654 45.42381261486642 degrees | CPU=0.3897J, NET=0.0000J, TOTAL=0.3897J, Remaining=119975.48J
[141.534] Task 264 served on STARLINK-32654 qlen_enqueue_cpu=1 qlen_enqueue_net=None time_in_queue=0.000
[Task 265] Task eseguito su STARLINK-31782 36.31975873464893 degrees | CPU=0.2421J, NET=0.0000J, TOTAL=0.2421J, Remaining=119980.00J
[141.569] Task 265 served on STARLINK-31782 qlen_enqueue_cpu=1 qlen_enqueue_net=None time_in_queue=0.000
[264][GREEDY] STARLINK-32654 -> STARLINK-11474 [DTC] | Tramission-time: 0.001767219860341054
[264] Energy routing consumed by STARLINK-32654: 0.000000 J (remaining 119975.48)
[MODE: BIDIRECTIONAL]
[264][GREEDY] CONSEGNATO! STARLINK-11474 [DTC] -> OBS | Tramission-time: 2.5853056842013066e-11
[265][GREEDY] STARLINK-31782 -> STARLINK-11474 [DTC] | Tramission-time: 0.001288409712167301
[265] Energy routing consumed by STARLINK-31782: 0.000000 J (remaining 119980.00)
[MODE: BIDIRECTIONAL]
[265][GREEDY] CONSEGNATO! STARLINK-11474 [DTC] -> OBS | Tramission-time: 7.886742914348651e-12
----------------------------------------------------------------------
	||TIME IN SIMULATION : (seconds:142) (minutes: 2) ||

MODIFICA CONFIGURAZIONE IN CORSO...

Aggiornato il Tempo Globale:  2025-11-20 20:57:36
---> Task 266 (Type: Generic_Service) arriva in 142.11
--- [142.11] Task 266 using SearchNode Policy: v2_ilp_hybrid ---
[142.11] [Task 266] Entering ILP branch (v2)
[ε-constraint energy] sumE_B=0.024393  bound=0.026832  active=False
[ILP] res_type=dict value_preview={'stage': 'B', 'status': 'Optimal', 'primary': 'energy', 'tol': 0.1, 'opt_primary': 0.024392805954385144, 'objective_secondary': 0.013108722696413935, 'sumE': 0
[142.11] [Task 266] ILP chose server: STARLINK-32654
[142.11] [Task 266] Routed STARLINK-31207 -> STARLINK-32654 | E_NET=0.000022 J | Remaining=119999.99 J
[142.108] Task 266 enqueued on CPU STARLINK-32654 qlen_enqueue=1
[Task 266] Task eseguito su STARLINK-32654 44.66322260014366 degrees | CPU=0.0244J, NET=0.0000J, TOTAL=0.0244J, Remaining=119975.46J
[142.123] Task 266 served on STARLINK-32654 qlen_enqueue_cpu=1 qlen_enqueue_net=None time_in_queue=0.000
[266][GREEDY] STARLINK-32654 -> STARLINK-11474 [DTC] | Tramission-time: 0.0018079441940333314
[266] Energy routing consumed by STARLINK-32654: 0.000000 J (remaining 119975.46)
[MODE: BIDIRECTIONAL]
[266][GREEDY] CONSEGNATO! STARLINK-11474 [DTC] -> OBS | Tramission-time: 2.759920605543031e-11
---> Task 267 (Type: CPU_Intensive) arriva in 142.85
--- [142.85] Task 267 using SearchNode Policy: v2_ilp_hybrid ---
[142.85] [Task 267] Entering ILP branch (v2)
[ε-constraint energy] sumE_B=0.889259  bound=0.978185  active=False
[ILP] res_type=dict value_preview={'stage': 'B', 'status': 'Optimal', 'primary': 'energy', 'tol': 0.1, 'opt_primary': 0.8892587641903773, 'objective_secondary': 0.4773643349123308, 'sumE': 0.889
[142.85] [Task 267] ILP chose server: STARLINK-32654
[142.85] [Task 267] Routed STARLINK-31207 -> STARLINK-32654 | E_NET=0.000012 J | Remaining=119999.99 J
[142.849] Task 267 enqueued on CPU STARLINK-32654 qlen_enqueue=1
---> Task 268 (Type: CPU_Intensive) arriva in 143.17
--- [143.17] Task 268 using SearchNode Policy: v2_ilp_hybrid ---
[143.17] [Task 268] Entering ILP branch (v2)
[ε-constraint energy] sumE_B=0.207876  bound=0.228664  active=False
[ILP] res_type=dict value_preview={'stage': 'B', 'status': 'Optimal', 'primary': 'energy', 'tol': 0.1, 'opt_primary': 0.20787592084659556, 'objective_secondary': 0.11160207336762995, 'sumE': 0.2
[143.17] [Task 268] ILP chose server: STARLINK-31782
[143.17] [Task 268] Routed STARLINK-31207 -> STARLINK-31782 | E_NET=0.000021 J | Remaining=119999.99 J
[143.172] Task 268 enqueued on CPU STARLINK-31782 qlen_enqueue=1
[Task 268] Task eseguito su STARLINK-31782 37.01794758280418 degrees | CPU=0.2078J, NET=0.0000J, TOTAL=0.2079J, Remaining=119979.79J
[143.285] Task 268 served on STARLINK-31782 qlen_enqueue_cpu=1 qlen_enqueue_net=None time_in_queue=0.000
[Task 267] Task eseguito su STARLINK-32654 44.66322260014366 degrees | CPU=0.8892J, NET=0.0000J, TOTAL=0.8893J, Remaining=119974.57J
[143.327] Task 267 served on STARLINK-32654 qlen_enqueue_cpu=1 qlen_enqueue_net=None time_in_queue=0.000
---> Task 269 (Type: CPU_Intensive) arriva in 143.34
--- [143.34] Task 269 using SearchNode Policy: v2_ilp_hybrid ---
[143.34] [Task 269] Entering ILP branch (v2)
[ε-constraint energy] sumE_B=0.235622  bound=0.259184  active=False
[ILP] res_type=dict value_preview={'stage': 'B', 'status': 'Optimal', 'primary': 'energy', 'tol': 0.1, 'opt_primary': 0.23562200732818567, 'objective_secondary': 0.1264982825349469, 'sumE': 0.23
[143.34] [Task 269] ILP chose server: STARLINK-32654
[143.34] [Task 269] Routed STARLINK-31207 -> STARLINK-32654 | E_NET=0.000024 J | Remaining=119999.99 J
[143.340] Task 269 enqueued on CPU STARLINK-32654 qlen_enqueue=1
[267][GREEDY] STARLINK-32654 -> STARLINK-11474 [DTC] | Tramission-time: 0.0018079441809579482
[267] Energy routing consumed by STARLINK-32654: 0.000000 J (remaining 119974.57)
[MODE: BIDIRECTIONAL]
[267][GREEDY] CONSEGNATO! STARLINK-11474 [DTC] -> OBS | Tramission-time: 1.346565999593347e-11
[268][GREEDY] STARLINK-31782 -> STARLINK-11474 [DTC] | Tramission-time: 0.0012862007363773247
[268] Energy routing consumed by STARLINK-31782: 0.000000 J (remaining 119979.79)
[Task 269] Task eseguito su STARLINK-32654 44.66322260014366 degrees | CPU=0.2356J, NET=0.0000J, TOTAL=0.2356J, Remaining=119974.33J
[143.469] Task 269 served on STARLINK-32654 qlen_enqueue_cpu=1 qlen_enqueue_net=None time_in_queue=0.000
[269][GREEDY] STARLINK-32654 -> STARLINK-11474 [DTC] | Tramission-time: 0.0018079441948934793
[269] Energy routing consumed by STARLINK-32654: 0.000000 J (remaining 119974.33)
[MODE: BIDIRECTIONAL]
[268][GREEDY] CONSEGNATO! STARLINK-11474 [DTC] -> OBS | Tramission-time: 2.7397637171937717e-11
[MODE: BIDIRECTIONAL]
[269][GREEDY] CONSEGNATO! STARLINK-11474 [DTC] -> OBS | Tramission-time: 3.202354083544633e-11
----------------------------------------------------------------------
	||TIME IN SIMULATION : (seconds:144) (minutes: 2) ||

MODIFICA CONFIGURAZIONE IN CORSO...

Aggiornato il Tempo Globale:  2025-11-20 20:57:38
---> Task 270 (Type: Generic_Service) arriva in 144.20
--- [144.20] Task 270 using SearchNode Policy: v2_ilp_hybrid ---
[144.20] [Task 270] Entering ILP branch (v2)
[ε-constraint energy] sumE_B=0.031300  bound=0.034429  active=False
[ILP] res_type=dict value_preview={'stage': 'B', 'status': 'Optimal', 'primary': 'energy', 'tol': 0.1, 'opt_primary': 0.03129952667051926, 'objective_secondary': 0.01681890107804095, 'sumE': 0.0
[144.20] [Task 270] ILP chose server: STARLINK-32945
[144.20] [Task 270] Routed STARLINK-31249 -> STARLINK-32945 | E_NET=0.000029 J | Remaining=120000.00 J
[144.200] Task 270 enqueued on CPU STARLINK-32945 qlen_enqueue=1
[Task 270] Task eseguito su STARLINK-32945 41.58807690626435 degrees | CPU=0.0313J, NET=0.0000J, TOTAL=0.0313J, Remaining=119997.74J
[144.220] Task 270 served on STARLINK-32945 qlen_enqueue_cpu=1 qlen_enqueue_net=None time_in_queue=0.000
[270][GREEDY] STARLINK-32945 -> STARLINK-11474 [DTC] | Tramission-time: 0.0012388269850011659
[270] Energy routing consumed by STARLINK-32945: 0.000000 J (remaining 119997.74)
[MODE: BIDIRECTIONAL]
[270][GREEDY] CONSEGNATO! STARLINK-11474 [DTC] -> OBS | Tramission-time: 2.764226535053927e-11
---> Task 271 (Type: Generic_Service) arriva in 144.41
--- [144.41] Task 271 using SearchNode Policy: v2_ilp_hybrid ---
[144.41] [Task 271] Entering ILP branch (v2)
[ε-constraint energy] sumE_B=0.371694  bound=0.408863  active=False
[ILP] res_type=dict value_preview={'stage': 'B', 'status': 'Optimal', 'primary': 'energy', 'tol': 0.1, 'opt_primary': 0.3716937538624939, 'objective_secondary': 0.1995345135668727, 'sumE': 0.371
[144.41] [Task 271] ILP chose server: STARLINK-32945
[144.41] [Task 271] Routed STARLINK-31249 -> STARLINK-32945 | E_NET=0.000014 J | Remaining=120000.00 J
[144.413] Task 271 enqueued on CPU STARLINK-32945 qlen_enqueue=1
[Task 271] Task eseguito su STARLINK-32945 41.58807690626435 degrees | CPU=0.3717J, NET=0.0000J, TOTAL=0.3717J, Remaining=119997.37J
[144.614] Task 271 served on STARLINK-32945 qlen_enqueue_cpu=1 qlen_enqueue_net=None time_in_queue=0.000
[271][GREEDY] STARLINK-32945 -> STARLINK-11474 [DTC] | Tramission-time: 0.0012388269717302559
[271] Energy routing consumed by STARLINK-32945: 0.000000 J (remaining 119997.37)
[MODE: BIDIRECTIONAL]
[271][GREEDY] CONSEGNATO! STARLINK-11474 [DTC] -> OBS | Tramission-time: 1.5485926337289745e-11
---> Task 272 (Type: CPU_Intensive) arriva in 145.39
--- [145.39] Task 272 using SearchNode Policy: v2_ilp_hybrid ---
[145.39] [Task 272] Entering ILP branch (v2)
[ε-constraint energy] sumE_B=0.254093  bound=0.279502  active=False
[ILP] res_type=dict value_preview={'stage': 'B', 'status': 'Optimal', 'primary': 'energy', 'tol': 0.1, 'opt_primary': 0.2540930895782698, 'objective_secondary': 0.1364079979684213, 'sumE': 0.254
[145.39] [Task 272] ILP chose server: STARLINK-32945
[145.39] [Task 272] Routed STARLINK-31249 -> STARLINK-32945 | E_NET=0.000017 J | Remaining=120000.00 J
[145.387] Task 272 enqueued on CPU STARLINK-32945 qlen_enqueue=1
[Task 272] Task eseguito su STARLINK-32945 41.58807690626435 degrees | CPU=0.2541J, NET=0.0000J, TOTAL=0.2541J, Remaining=119997.12J
[145.525] Task 272 served on STARLINK-32945 qlen_enqueue_cpu=1 qlen_enqueue_net=None time_in_queue=0.000
---> Task 273 (Type: Generic_Service) arriva in 145.57
--- [145.57] Task 273 using SearchNode Policy: v2_ilp_hybrid ---
[145.57] [Task 273] Entering ILP branch (v2)
[ε-constraint energy] sumE_B=0.028949  bound=0.031844  active=False
[ILP] res_type=dict value_preview={'stage': 'B', 'status': 'Optimal', 'primary': 'energy', 'tol': 0.1, 'opt_primary': 0.028948860497031943, 'objective_secondary': 0.015551603159949683, 'sumE': 0
[145.57] [Task 273] ILP chose server: STARLINK-32945
[145.57] [Task 273] Routed STARLINK-31249 -> STARLINK-32945 | E_NET=0.000020 J | Remaining=120000.00 J
[145.567] Task 273 enqueued on CPU STARLINK-32945 qlen_enqueue=1
[Task 273] Task eseguito su STARLINK-32945 41.58807690626435 degrees | CPU=0.0289J, NET=0.0000J, TOTAL=0.0289J, Remaining=119997.09J
[145.584] Task 273 served on STARLINK-32945 qlen_enqueue_cpu=1 qlen_enqueue_net=None time_in_queue=0.000
[272][GREEDY] STARLINK-32945 -> STARLINK-11474 [DTC] | Tramission-time: 0.001238826971409778
[272] Energy routing consumed by STARLINK-32945: 0.000000 J (remaining 119997.09)
---> Task 274 (Type: CPU_and_Data_Intensive) arriva in 145.61
--- [145.61] Task 274 using SearchNode Policy: v2_ilp_hybrid ---
[145.61] [Task 274] Entering ILP branch (v2)
[ε-constraint energy] sumE_B=1.473656  bound=1.621022  active=False
[ILP] res_type=dict value_preview={'stage': 'B', 'status': 'Optimal', 'primary': 'energy', 'tol': 0.1, 'opt_primary': 1.473655987387443, 'objective_secondary': 0.7946607851282999, 'sumE': 1.4736
[145.61] [Task 274] ILP chose server: STARLINK-32945
[145.61] [Task 274] Routed STARLINK-31249 -> STARLINK-32945 | E_NET=0.006140 J | Remaining=119999.99 J
[145.615] Task 274 enqueued on CPU STARLINK-32945 qlen_enqueue=1
[MODE: BIDIRECTIONAL]
[272][GREEDY] CONSEGNATO! STARLINK-11474 [DTC] -> OBS | Tramission-time: 1.6192351079748442e-11
[273][GREEDY] STARLINK-32945 -> STARLINK-11474 [DTC] | Tramission-time: 0.0012388269789393468
[273] Energy routing consumed by STARLINK-32945: 0.000000 J (remaining 119997.09)
[MODE: BIDIRECTIONAL]
[273][GREEDY] CONSEGNATO! STARLINK-11474 [DTC] -> OBS | Tramission-time: 1.7564352082607866e-11
----------------------------------------------------------------------
	||TIME IN SIMULATION : (seconds:146) (minutes: 2) ||

MODIFICA CONFIGURAZIONE IN CORSO...

Aggiornato il Tempo Globale:  2025-11-20 20:57:40
---> Task 275 (Type: CPU_and_Data_Intensive) arriva in 146.20
--- [146.20] Task 275 using SearchNode Policy: v2_ilp_hybrid ---
[146.20] [Task 275] Entering ILP branch (v2)
[ε-constraint energy] sumE_B=2.311180  bound=2.542298  active=False
[ILP] res_type=dict value_preview={'stage': 'B', 'status': 'Optimal', 'primary': 'energy', 'tol': 0.1, 'opt_primary': 2.3111802785503026, 'objective_secondary': 1.344512869782013, 'sumE': 2.3111
[146.20] [Task 275] ILP chose server: STARLINK-32654
[146.20] [Task 275] Routed STARLINK-31207 -> STARLINK-32654 | E_NET=0.184392 J | Remaining=119999.81 J
---> Task 276 (Type: CPU_and_Data_Intensive) arriva in 146.32
--- [146.32] Task 276 using SearchNode Policy: v2_ilp_hybrid ---
[146.32] [Task 276] Entering ILP branch (v2)
[ε-constraint energy] sumE_B=0.272448  bound=0.299693  active=False
[ILP] res_type=dict value_preview={'stage': 'B', 'status': 'Optimal', 'primary': 'energy', 'tol': 0.1, 'opt_primary': 0.27244772758953556, 'objective_secondary': 0.15054973515205558, 'sumE': 0.2
[146.32] [Task 276] ILP chose server: STARLINK-31763
[146.32] [Task 276] Routed STARLINK-31249 -> STARLINK-31763 | E_NET=0.008164 J | Remaining=119999.99 J
[146.327] Task 276 enqueued on CPU STARLINK-31763 qlen_enqueue=1
[146.384] Task 275 enqueued on CPU STARLINK-32654 qlen_enqueue=1
[146.402] Task 274 enqueued on NET STARLINK-32945 qlen_enqueue_net=1
[Task 274] Task eseguito su STARLINK-32945 42.26752861899051 degrees | CPU=1.4659J, NET=0.0061J, TOTAL=1.4720J, Remaining=119995.62J
[146.408] Task 274 served on STARLINK-32945 qlen_enqueue_cpu=1 qlen_enqueue_net=1 time_in_queue=0.000
[146.468] Task 276 enqueued on NET STARLINK-31763 qlen_enqueue_net=1
[Task 276] Task eseguito su STARLINK-31763 51.60960546445412 degrees | CPU=0.2632J, NET=0.0082J, TOTAL=0.2713J, Remaining=119984.11J
[146.476] Task 276 served on STARLINK-31763 qlen_enqueue_cpu=1 qlen_enqueue_net=1 time_in_queue=0.000
[276][GREEDY] STARLINK-31763 -> STARLINK-11474 [DTC] | Tramission-time: 0.0007073228663050006
[276] Energy routing consumed by STARLINK-31763: 0.000000 J (remaining 119984.11)
[MODE: BIDIRECTIONAL]
[276][GREEDY] CONSEGNATO! STARLINK-11474 [DTC] -> OBS | Tramission-time: 8.685748555535068e-09
[274][GREEDY] STARLINK-32945 -> STARLINK-11474 [DTC] | Tramission-time: 0.001226005426484915
[274] Energy routing consumed by STARLINK-32945: 0.000000 J (remaining 119995.62)
[MODE: BIDIRECTIONAL]
[274][GREEDY] CONSEGNATO! STARLINK-11474 [DTC] -> OBS | Tramission-time: 5.25192468663848e-09
---> Task 277 (Type: CPU_Intensive) arriva in 147.14
--- [147.14] Task 277 using SearchNode Policy: v2_ilp_hybrid ---
[147.14] [Task 277] Entering ILP branch (v2)
[ε-constraint energy] sumE_B=0.627836  bound=0.690619  active=False
[ILP] res_type=dict value_preview={'stage': 'B', 'status': 'Optimal', 'primary': 'energy', 'tol': 0.1, 'opt_primary': 0.6278357877476457, 'objective_secondary': 0.3370313376463072, 'sumE': 0.627
[147.14] [Task 277] ILP chose server: STARLINK-32945
[147.14] [Task 277] Routed STARLINK-31249 -> STARLINK-32945 | E_NET=0.000015 J | Remaining=119999.99 J
[147.143] Task 277 enqueued on CPU STARLINK-32945 qlen_enqueue=1
[Task 277] Task eseguito su STARLINK-32945 42.26752861899051 degrees | CPU=0.6278J, NET=0.0000J, TOTAL=0.6278J, Remaining=119994.99J
[147.481] Task 277 served on STARLINK-32945 qlen_enqueue_cpu=1 qlen_enqueue_net=None time_in_queue=0.000
[277][GREEDY] STARLINK-32945 -> STARLINK-11474 [DTC] | Tramission-time: 0.0012260000402779306
[277] Energy routing consumed by STARLINK-32945: 0.000000 J (remaining 119994.99)
[147.505] Task 275 enqueued on NET STARLINK-32654 qlen_enqueue_net=1
[MODE: BIDIRECTIONAL]
[277][GREEDY] CONSEGNATO! STARLINK-11474 [DTC] -> OBS | Tramission-time: 1.0946603808909964e-11
[Task 275] Task eseguito su STARLINK-32654 43.15998350790665 degrees | CPU=2.0869J, NET=0.1844J, TOTAL=2.2713J, Remaining=119972.06J
[147.689] Task 275 served on STARLINK-32654 qlen_enqueue_cpu=1 qlen_enqueue_net=1 time_in_queue=0.000
[275][GREEDY] STARLINK-32654 -> STARLINK-11474 [DTC] | Tramission-time: 0.0018923871291486817
[275] Energy routing consumed by STARLINK-32654: 0.000000 J (remaining 119972.06)
[MODE: BIDIRECTIONAL]
[275][GREEDY] CONSEGNATO! STARLINK-11474 [DTC] -> OBS | Tramission-time: 1.7356463139246564e-07
----------------------------------------------------------------------
	||TIME IN SIMULATION : (seconds:148) (minutes: 2) ||

MODIFICA CONFIGURAZIONE IN CORSO...

Aggiornato il Tempo Globale:  2025-11-20 20:57:42
---> Task 278 (Type: Generic_Service) arriva in 149.25
--- [149.25] Task 278 using SearchNode Policy: v2_ilp_hybrid ---
[149.25] [Task 278] Entering ILP branch (v2)
[ε-constraint energy] sumE_B=0.158953  bound=0.174849  active=False
[ILP] res_type=dict value_preview={'stage': 'B', 'status': 'Optimal', 'primary': 'energy', 'tol': 0.1, 'opt_primary': 0.15895325925928197, 'objective_secondary': 0.0853339664645988, 'sumE': 0.15
[149.25] [Task 278] ILP chose server: STARLINK-32945
[149.25] [Task 278] Routed STARLINK-31249 -> STARLINK-32945 | E_NET=0.000015 J | Remaining=119999.99 J
[149.250] Task 278 enqueued on CPU STARLINK-32945 qlen_enqueue=1
[Task 278] Task eseguito su STARLINK-32945 42.95179367584329 degrees | CPU=0.1589J, NET=0.0000J, TOTAL=0.1590J, Remaining=119994.83J
[149.336] Task 278 served on STARLINK-32945 qlen_enqueue_cpu=1 qlen_enqueue_net=None time_in_queue=0.000
[278][GREEDY] STARLINK-32945 -> STARLINK-11474 [DTC] | Tramission-time: 0.0012132364287985918
[278] Energy routing consumed by STARLINK-32945: 0.000000 J (remaining 119994.83)
---> Task 279 (Type: CPU_and_Data_Intensive) arriva in 149.45
--- [149.45] Task 279 using SearchNode Policy: v2_ilp_hybrid ---
[149.45] [Task 279] Entering ILP branch (v2)
[ε-constraint energy] sumE_B=3.128239  bound=3.441062  active=False
[ILP] res_type=dict value_preview={'stage': 'B', 'status': 'Optimal', 'primary': 'energy', 'tol': 0.1, 'opt_primary': 3.1282386332703345, 'objective_secondary': 1.682935607167981, 'sumE': 3.1282
[149.45] [Task 279] ILP chose server: STARLINK-32945
[149.45] [Task 279] Routed STARLINK-31249 -> STARLINK-32945 | E_NET=0.007352 J | Remaining=119999.98 J
[149.464] Task 279 enqueued on CPU STARLINK-32945 qlen_enqueue=1
[MODE: BIDIRECTIONAL]
[278][GREEDY] CONSEGNATO! STARLINK-11474 [DTC] -> OBS | Tramission-time: 1.2304690948682323e-11
---> Task 280 (Type: CPU_Intensive) arriva in 149.74
--- [149.74] Task 280 using SearchNode Policy: v2_ilp_hybrid ---
[149.74] [Task 280] Entering ILP branch (v2)
[ε-constraint energy] sumE_B=1.437701  bound=1.581471  active=False
[ILP] res_type=dict value_preview={'stage': 'B', 'status': 'Optimal', 'primary': 'energy', 'tol': 0.1, 'opt_primary': 1.4377011020298514, 'objective_secondary': 0.7717673277058019, 'sumE': 1.437
[149.74] [Task 280] ILP chose server: STARLINK-31763
[149.74] [Task 280] Routed STARLINK-31249 -> STARLINK-31763 | E_NET=0.000010 J | Remaining=119999.98 J
[149.741] Task 280 enqueued on CPU STARLINK-31763 qlen_enqueue=1
----------------------------------------------------------------------
	||TIME IN SIMULATION : (seconds:150) (minutes: 2) ||

MODIFICA CONFIGURAZIONE IN CORSO...

Aggiornato il Tempo Globale:  2025-11-20 20:57:44
---> Task 281 (Type: CPU_Intensive) arriva in 150.10
--- [150.10] Task 281 using SearchNode Policy: v2_ilp_hybrid ---
[150.10] [Task 281] Entering ILP branch (v2)
[ε-constraint energy] sumE_B=3.644890  bound=4.009379  active=False
[ILP] res_type=dict value_preview={'stage': 'B', 'status': 'Optimal', 'primary': 'energy', 'tol': 0.1, 'opt_primary': 3.6448897206234494, 'objective_secondary': 1.9566004321847887, 'sumE': 3.644
[150.10] [Task 281] ILP chose server: STARLINK-31751
[150.10] [Task 281] Routed STARLINK-31249 -> STARLINK-31751 | E_NET=0.000023 J | Remaining=119999.98 J
[150.106] Task 281 enqueued on CPU STARLINK-31751 qlen_enqueue=1
[Task 280] Task eseguito su STARLINK-31763 53.71050558558471 degrees | CPU=1.4377J, NET=0.0000J, TOTAL=1.4377J, Remaining=119982.67J
[150.514] Task 280 served on STARLINK-31763 qlen_enqueue_cpu=1 qlen_enqueue_net=None time_in_queue=0.000
[280][GREEDY] STARLINK-31763 -> STARLINK-11474 [DTC] | Tramission-time: 0.0007274778275067694
[280] Energy routing consumed by STARLINK-31763: 0.000000 J (remaining 119982.67)
[MODE: BIDIRECTIONAL]
[280][GREEDY] CONSEGNATO! STARLINK-11474 [DTC] -> OBS | Tramission-time: 9.691344426558285e-12
---> Task 282 (Type: CPU_and_Data_Intensive) arriva in 150.95
--- [150.95] Task 282 using SearchNode Policy: v2_ilp_hybrid ---
[150.95] [Task 282] Entering ILP branch (v2)
[ε-constraint energy] sumE_B=0.314279  bound=0.345707  active=False
[ILP] res_type=dict value_preview={'stage': 'B', 'status': 'Optimal', 'primary': 'energy', 'tol': 0.1, 'opt_primary': 0.3142786953124044, 'objective_secondary': 0.16880271528838975, 'sumE': 0.31
[150.95] [Task 282] ILP chose server: STARLINK-31763
[150.95] [Task 282] Routed STARLINK-31249 -> STARLINK-31763 | E_NET=0.000152 J | Remaining=119999.98 J
[150.953] Task 282 enqueued on CPU STARLINK-31763 qlen_enqueue=1
[151.122] Task 282 enqueued on NET STARLINK-31763 qlen_enqueue_net=1
[Task 282] Task eseguito su STARLINK-31763 53.71050558558471 degrees | CPU=0.3141J, NET=0.0002J, TOTAL=0.3142J, Remaining=119982.36J
[151.122] Task 282 served on STARLINK-31763 qlen_enqueue_cpu=1 qlen_enqueue_net=1 time_in_queue=0.000
[151.139] Task 279 enqueued on NET STARLINK-32945 qlen_enqueue_net=1
[Task 279] Task eseguito su STARLINK-32945 43.639911290531074 degrees | CPU=3.1203J, NET=0.0074J, TOTAL=3.1276J, Remaining=119991.70J
[151.146] Task 279 served on STARLINK-32945 qlen_enqueue_cpu=1 qlen_enqueue_net=1 time_in_queue=0.000
[282][GREEDY] STARLINK-31763 -> STARLINK-11474 [DTC] | Tramission-time: 0.0007274779937952453
[282] Energy routing consumed by STARLINK-31763: 0.000000 J (remaining 119982.36)
[MODE: BIDIRECTIONAL]
[282][GREEDY] CONSEGNATO! STARLINK-11474 [DTC] -> OBS | Tramission-time: 1.813726150236319e-10
[279][GREEDY] STARLINK-32945 -> STARLINK-11474 [DTC] | Tramission-time: 0.0012005439776465083
[279] Energy routing consumed by STARLINK-32945: 0.000000 J (remaining 119991.70)
---> Task 283 (Type: CPU_Intensive) arriva in 151.29
--- [151.29] Task 283 using SearchNode Policy: v2_ilp_hybrid ---
[151.29] [Task 283] Entering ILP branch (v2)
[ε-constraint energy] sumE_B=2.155040  bound=2.370544  active=False
[ILP] res_type=dict value_preview={'stage': 'B', 'status': 'Optimal', 'primary': 'energy', 'tol': 0.1, 'opt_primary': 2.15504004389705, 'objective_secondary': 1.1568479748049425, 'sumE': 2.15504
[151.29] [Task 283] ILP chose server: STARLINK-32945
[151.29] [Task 283] Routed STARLINK-31249 -> STARLINK-32945 | E_NET=0.000036 J | Remaining=119999.98 J
[151.292] Task 283 enqueued on CPU STARLINK-32945 qlen_enqueue=1
[MODE: BIDIRECTIONAL]
[279][GREEDY] CONSEGNATO! STARLINK-11474 [DTC] -> OBS | Tramission-time: 6.2808537543245935e-09
---> Task 284 (Type: Generic_Service) arriva in 151.39
--- [151.39] Task 284 using SearchNode Policy: v2_ilp_hybrid ---
[151.39] [Task 284] Entering ILP branch (v2)
[ε-constraint energy] sumE_B=0.267757  bound=0.294533  active=False
[ILP] res_type=dict value_preview={'stage': 'B', 'status': 'Optimal', 'primary': 'energy', 'tol': 0.1, 'opt_primary': 0.26775725992970184, 'objective_secondary': 0.14374133520537746, 'sumE': 0.2
[151.39] [Task 284] ILP chose server: STARLINK-31763
[151.39] [Task 284] Routed STARLINK-31249 -> STARLINK-31763 | E_NET=0.000013 J | Remaining=119999.98 J
[151.389] Task 284 enqueued on CPU STARLINK-31763 qlen_enqueue=1
[Task 284] Task eseguito su STARLINK-31763 53.71050558558471 degrees | CPU=0.2677J, NET=0.0000J, TOTAL=0.2678J, Remaining=119982.09J
[151.534] Task 284 served on STARLINK-31763 qlen_enqueue_cpu=1 qlen_enqueue_net=None time_in_queue=0.000
---> Task 285 (Type: Generic_Service) arriva in 151.57
--- [151.57] Task 285 using SearchNode Policy: v2_ilp_hybrid ---
[151.57] [Task 285] Entering ILP branch (v2)
[ε-constraint energy] sumE_B=0.141347  bound=0.155481  active=False
[ILP] res_type=dict value_preview={'stage': 'B', 'status': 'Optimal', 'primary': 'energy', 'tol': 0.1, 'opt_primary': 0.14134667912546717, 'objective_secondary': 0.07587763350235363, 'sumE': 0.1
[151.57] [Task 285] ILP chose server: STARLINK-31763
[151.57] [Task 285] Routed STARLINK-31249 -> STARLINK-31763 | E_NET=0.000004 J | Remaining=119999.98 J
[151.570] Task 285 enqueued on CPU STARLINK-31763 qlen_enqueue=1
[284][GREEDY] STARLINK-31763 -> STARLINK-11474 [DTC] | Tramission-time: 0.0007274778322075242
[284] Energy routing consumed by STARLINK-31763: 0.000000 J (remaining 119982.09)
[MODE: BIDIRECTIONAL]
[284][GREEDY] CONSEGNATO! STARLINK-11474 [DTC] -> OBS | Tramission-time: 1.6960765485524877e-11
[Task 285] Task eseguito su STARLINK-31763 53.71050558558471 degrees | CPU=0.1413J, NET=0.0000J, TOTAL=0.1413J, Remaining=119981.95J
[151.646] Task 285 served on STARLINK-31763 qlen_enqueue_cpu=1 qlen_enqueue_net=None time_in_queue=0.000
---> Task 286 (Type: Generic_Service) arriva in 151.69
--- [151.69] Task 286 using SearchNode Policy: v2_ilp_hybrid ---
[151.69] [Task 286] Entering ILP branch (v2)
[ε-constraint energy] sumE_B=0.130679  bound=0.143747  active=False
[ILP] res_type=dict value_preview={'stage': 'B', 'status': 'Optimal', 'primary': 'energy', 'tol': 0.1, 'opt_primary': 0.1306791497930157, 'objective_secondary': 0.07015732178037591, 'sumE': 0.13
[151.69] [Task 286] ILP chose server: STARLINK-31763
[151.69] [Task 286] Routed STARLINK-31249 -> STARLINK-31763 | E_NET=0.000013 J | Remaining=119999.98 J
[151.688] Task 286 enqueued on CPU STARLINK-31763 qlen_enqueue=1
[285][GREEDY] STARLINK-31763 -> STARLINK-11474 [DTC] | Tramission-time: 0.00072747782311494
[285] Energy routing consumed by STARLINK-31763: 0.000000 J (remaining 119981.95)
[MODE: BIDIRECTIONAL]
[285][GREEDY] CONSEGNATO! STARLINK-11474 [DTC] -> OBS | Tramission-time: 3.6161966821244904e-12
[Task 286] Task eseguito su STARLINK-31763 53.71050558558471 degrees | CPU=0.1307J, NET=0.0000J, TOTAL=0.1307J, Remaining=119981.82J
[151.760] Task 286 served on STARLINK-31763 qlen_enqueue_cpu=1 qlen_enqueue_net=None time_in_queue=0.000
[286][GREEDY] STARLINK-31763 -> STARLINK-11474 [DTC] | Tramission-time: 0.0007274778357930986
[286] Energy routing consumed by STARLINK-31763: 0.000000 J (remaining 119981.82)
[MODE: BIDIRECTIONAL]
[286][GREEDY] CONSEGNATO! STARLINK-11474 [DTC] -> OBS | Tramission-time: 1.5561243215423535e-11
----------------------------------------------------------------------
	||TIME IN SIMULATION : (seconds:152) (minutes: 2) ||

MODIFICA CONFIGURAZIONE IN CORSO...

Aggiornato il Tempo Globale:  2025-11-20 20:57:46
[Task 281] Task eseguito su STARLINK-31751 28.3735990603089 degrees | CPU=3.6449J, NET=0.0000J, TOTAL=3.6449J, Remaining=119984.05J
[152.065] Task 281 served on STARLINK-31751 qlen_enqueue_cpu=1 qlen_enqueue_net=None time_in_queue=0.000
---> Task 287 (Type: Generic_Service) arriva in 152.10
--- [152.10] Task 287 using SearchNode Policy: v2_ilp_hybrid ---
[152.10] [Task 287] Entering ILP branch (v2)
[ε-constraint energy] sumE_B=0.029084  bound=0.031992  active=False
[ILP] res_type=dict value_preview={'stage': 'B', 'status': 'Optimal', 'primary': 'energy', 'tol': 0.1, 'opt_primary': 0.029084037360297296, 'objective_secondary': 0.01563040435583919, 'sumE': 0.
[152.10] [Task 287] ILP chose server: STARLINK-31763
[152.10] [Task 287] Routed STARLINK-31249 -> STARLINK-31763 | E_NET=0.000035 J | Remaining=119999.98 J
[152.100] Task 287 enqueued on CPU STARLINK-31763 qlen_enqueue=1
[281][GREEDY] STARLINK-31751 -> STARLINK-31249 | Tramission-time: 0.0019284815926008325
[281] Energy routing consumed by STARLINK-31751: 0.000000 J (remaining 119984.05)
[MODE: BIDIRECTIONAL]
[281][GREEDY] CONSEGNATO! STARLINK-31249 -> OBS | Tramission-time: 2.5132945087195947e-11
[Task 287] Task eseguito su STARLINK-31763 54.78703194512086 degrees | CPU=0.0290J, NET=0.0000J, TOTAL=0.0291J, Remaining=119981.79J
[152.118] Task 287 served on STARLINK-31763 qlen_enqueue_cpu=1 qlen_enqueue_net=None time_in_queue=0.000
[287][GREEDY] STARLINK-31763 -> STARLINK-11474 [DTC] | Tramission-time: 0.0007392538296804273
[287] Energy routing consumed by STARLINK-31763: 0.000000 J (remaining 119981.79)
[MODE: BIDIRECTIONAL]
[287][GREEDY] CONSEGNATO! STARLINK-11474 [DTC] -> OBS | Tramission-time: 2.8384848909966018e-11
[Task 283] Task eseguito su STARLINK-32945 44.33079258327908 degrees | CPU=2.1550J, NET=0.0000J, TOTAL=2.1550J, Remaining=119989.55J
[152.452] Task 283 served on STARLINK-32945 qlen_enqueue_cpu=1 qlen_enqueue_net=None time_in_queue=0.000
[283][GREEDY] STARLINK-32945 -> STARLINK-11474 [DTC] | Tramission-time: 0.0011879084554295791
[283] Energy routing consumed by STARLINK-32945: 0.000000 J (remaining 119989.55)
[MODE: BIDIRECTIONAL]
[283][GREEDY] CONSEGNATO! STARLINK-11474 [DTC] -> OBS | Tramission-time: 2.8837330783708327e-11
---> Task 288 (Type: Generic_Service) arriva in 152.85
--- [152.85] Task 288 using SearchNode Policy: v2_ilp_hybrid ---
[152.85] [Task 288] Entering ILP branch (v2)
[ε-constraint energy] sumE_B=0.228865  bound=0.251751  active=False
[ILP] res_type=dict value_preview={'stage': 'B', 'status': 'Optimal', 'primary': 'energy', 'tol': 0.1, 'opt_primary': 0.2288647618130169, 'objective_secondary': 0.12286806330078466, 'sumE': 0.22
[152.85] [Task 288] ILP chose server: STARLINK-32945
[152.85] [Task 288] Routed STARLINK-31249 -> STARLINK-32945 | E_NET=0.000024 J | Remaining=119999.98 J
[152.848] Task 288 enqueued on CPU STARLINK-32945 qlen_enqueue=1
---> Task 289 (Type: CPU_Intensive) arriva in 152.95
--- [152.95] Task 289 using SearchNode Policy: v2_ilp_hybrid ---
[152.95] [Task 289] Entering ILP branch (v2)
[ε-constraint energy] sumE_B=0.410309  bound=0.451340  active=False
[ILP] res_type=dict value_preview={'stage': 'B', 'status': 'Optimal', 'primary': 'energy', 'tol': 0.1, 'opt_primary': 0.41030906786742166, 'objective_secondary': 0.22026639262750572, 'sumE': 0.4
[152.95] [Task 289] ILP chose server: STARLINK-31763
[152.95] [Task 289] Routed STARLINK-31249 -> STARLINK-31763 | E_NET=0.000022 J | Remaining=119999.98 J
[152.950] Task 289 enqueued on CPU STARLINK-31763 qlen_enqueue=1
[Task 288] Task eseguito su STARLINK-32945 44.33079258327908 degrees | CPU=0.2288J, NET=0.0000J, TOTAL=0.2289J, Remaining=119989.32J
[152.972] Task 288 served on STARLINK-32945 qlen_enqueue_cpu=1 qlen_enqueue_net=None time_in_queue=0.000
[288][GREEDY] STARLINK-32945 -> STARLINK-11474 [DTC] | Tramission-time: 0.0011879084468888526
[288] Energy routing consumed by STARLINK-32945: 0.000000 J (remaining 119989.32)
---> Task 290 (Type: CPU_and_Data_Intensive) arriva in 153.01
--- [153.01] Task 290 using SearchNode Policy: v2_ilp_hybrid ---
[153.01] [Task 290] Entering ILP branch (v2)
[ε-constraint energy] sumE_B=0.306939  bound=0.337633  active=False
[ILP] res_type=dict value_preview={'stage': 'B', 'status': 'Optimal', 'primary': 'energy', 'tol': 0.1, 'opt_primary': 0.3069392138536994, 'objective_secondary': 0.1658388575441525, 'sumE': 0.306
[153.01] [Task 290] ILP chose server: STARLINK-32945
[153.01] [Task 290] Routed STARLINK-31249 -> STARLINK-32945 | E_NET=0.002021 J | Remaining=119999.98 J
[153.011] Task 290 enqueued on CPU STARLINK-32945 qlen_enqueue=1
[MODE: BIDIRECTIONAL]
[288][GREEDY] CONSEGNATO! STARLINK-11474 [DTC] -> OBS | Tramission-time: 2.2460666107207062e-11
[Task 289] Task eseguito su STARLINK-31763 54.78703194512086 degrees | CPU=0.4103J, NET=0.0000J, TOTAL=0.4103J, Remaining=119981.38J
[153.172] Task 289 served on STARLINK-31763 qlen_enqueue_cpu=1 qlen_enqueue_net=None time_in_queue=0.000
[153.175] Task 290 enqueued on NET STARLINK-32945 qlen_enqueue_net=1
[Task 290] Task eseguito su STARLINK-32945 44.33079258327908 degrees | CPU=0.3046J, NET=0.0020J, TOTAL=0.3066J, Remaining=119989.01J
[153.177] Task 290 served on STARLINK-32945 qlen_enqueue_cpu=1 qlen_enqueue_net=1 time_in_queue=0.000
[289][GREEDY] STARLINK-31763 -> STARLINK-11474 [DTC] | Tramission-time: 0.0007392538182465926
[289] Energy routing consumed by STARLINK-31763: 0.000000 J (remaining 119981.38)
[MODE: BIDIRECTIONAL]
[289][GREEDY] CONSEGNATO! STARLINK-11474 [DTC] -> OBS | Tramission-time: 2.240479297641901e-11
[290][GREEDY] STARLINK-32945 -> STARLINK-11474 [DTC] | Tramission-time: 0.0011879103013139878
[290] Energy routing consumed by STARLINK-32945: 0.000000 J (remaining 119989.01)
[MODE: BIDIRECTIONAL]
[290][GREEDY] CONSEGNATO! STARLINK-11474 [DTC] -> OBS | Tramission-time: 2.114024189157436e-09
---> Task 291 (Type: CPU_and_Data_Intensive) arriva in 153.53
--- [153.53] Task 291 using SearchNode Policy: v2_ilp_hybrid ---
[153.53] [Task 291] Entering ILP branch (v2)
[ε-constraint energy] sumE_B=0.225131  bound=0.247645  active=False
[ILP] res_type=dict value_preview={'stage': 'B', 'status': 'Optimal', 'primary': 'energy', 'tol': 0.1, 'opt_primary': 0.2251314248188217, 'objective_secondary': 0.12231317236614331, 'sumE': 0.22
[153.53] [Task 291] ILP chose server: STARLINK-32945
[153.53] [Task 291] Routed STARLINK-31249 -> STARLINK-32945 | E_NET=0.002753 J | Remaining=119999.97 J
[153.534] Task 291 enqueued on CPU STARLINK-32945 qlen_enqueue=1
[153.653] Task 291 enqueued on NET STARLINK-32945 qlen_enqueue_net=1
[Task 291] Task eseguito su STARLINK-32945 44.33079258327908 degrees | CPU=0.2220J, NET=0.0028J, TOTAL=0.2247J, Remaining=119988.79J
[153.656] Task 291 served on STARLINK-32945 qlen_enqueue_cpu=1 qlen_enqueue_net=1 time_in_queue=0.000
[291][GREEDY] STARLINK-32945 -> STARLINK-11474 [DTC] | Tramission-time: 0.0011879105147176545
[291] Energy routing consumed by STARLINK-32945: 0.000000 J (remaining 119988.79)
[MODE: BIDIRECTIONAL]
[291][GREEDY] CONSEGNATO! STARLINK-11474 [DTC] -> OBS | Tramission-time: 2.4505593800907194e-09
----------------------------------------------------------------------
	||TIME IN SIMULATION : (seconds:154) (minutes: 2) ||

MODIFICA CONFIGURAZIONE IN CORSO...

Aggiornato il Tempo Globale:  2025-11-20 20:57:48
---> Task 292 (Type: Generic_Service) arriva in 154.29
--- [154.29] Task 292 using SearchNode Policy: v2_ilp_hybrid ---
[154.29] [Task 292] Entering ILP branch (v2)
[ε-constraint energy] sumE_B=0.031339  bound=0.034473  active=False
[ILP] res_type=dict value_preview={'stage': 'B', 'status': 'Optimal', 'primary': 'energy', 'tol': 0.1, 'opt_primary': 0.03133874220221183, 'objective_secondary': 0.016841643112709744, 'sumE': 0.
[154.29] [Task 292] ILP chose server: STARLINK-32945
[154.29] [Task 292] Routed STARLINK-31249 -> STARLINK-32945 | E_NET=0.000033 J | Remaining=119999.97 J
[154.289] Task 292 enqueued on CPU STARLINK-32945 qlen_enqueue=1
[Task 292] Task eseguito su STARLINK-32945 45.02321098259114 degrees | CPU=0.0313J, NET=0.0000J, TOTAL=0.0313J, Remaining=119988.76J
[154.308] Task 292 served on STARLINK-32945 qlen_enqueue_cpu=1 qlen_enqueue_net=None time_in_queue=0.000
[292][GREEDY] STARLINK-32945 -> STARLINK-11474 [DTC] | Tramission-time: 0.0011753489089438738
[292] Energy routing consumed by STARLINK-32945: 0.000000 J (remaining 119988.76)
[MODE: BIDIRECTIONAL]
[292][GREEDY] CONSEGNATO! STARLINK-11474 [DTC] -> OBS | Tramission-time: 3.013605477123842e-11
---> Task 293 (Type: Generic_Service) arriva in 154.62
--- [154.62] Task 293 using SearchNode Policy: v2_ilp_hybrid ---
[154.62] [Task 293] Entering ILP branch (v2)
[ε-constraint energy] sumE_B=0.127106  bound=0.139817  active=False
[ILP] res_type=dict value_preview={'stage': 'B', 'status': 'Optimal', 'primary': 'energy', 'tol': 0.1, 'opt_primary': 0.12710611803096616, 'objective_secondary': 0.06824945929339142, 'sumE': 0.1
[154.62] [Task 293] ILP chose server: STARLINK-32945
[154.62] [Task 293] Routed STARLINK-31249 -> STARLINK-32945 | E_NET=0.000032 J | Remaining=119999.97 J
[154.623] Task 293 enqueued on CPU STARLINK-32945 qlen_enqueue=1
[Task 293] Task eseguito su STARLINK-32945 45.02321098259114 degrees | CPU=0.1271J, NET=0.0000J, TOTAL=0.1271J, Remaining=119988.63J
[154.694] Task 293 served on STARLINK-32945 qlen_enqueue_cpu=1 qlen_enqueue_net=None time_in_queue=0.000
[293][GREEDY] STARLINK-32945 -> STARLINK-11474 [DTC] | Tramission-time: 0.0011753489170785113
[293] Energy routing consumed by STARLINK-32945: 0.000000 J (remaining 119988.63)
[MODE: BIDIRECTIONAL]
[293][GREEDY] CONSEGNATO! STARLINK-11474 [DTC] -> OBS | Tramission-time: 3.530923963687943e-11
---> Task 294 (Type: CPU_and_Data_Intensive) arriva in 154.89
--- [154.89] Task 294 using SearchNode Policy: v2_ilp_hybrid ---
[154.89] [Task 294] Entering ILP branch (v2)
[ε-constraint energy] sumE_B=1.657126  bound=1.822838  active=False
[ILP] res_type=dict value_preview={'stage': 'B', 'status': 'Optimal', 'primary': 'energy', 'tol': 0.1, 'opt_primary': 1.6571256998398862, 'objective_secondary': 0.9958271417854871, 'sumE': 1.657
[154.89] [Task 294] ILP chose server: STARLINK-32945
[154.89] [Task 294] Routed STARLINK-31249 -> STARLINK-32945 | E_NET=0.185970 J | Remaining=119999.79 J
[155.076] Task 294 enqueued on CPU STARLINK-32945 qlen_enqueue=1
---> Task 295 (Type: CPU_and_Data_Intensive) arriva in 155.16
--- [155.16] Task 295 using SearchNode Policy: v2_ilp_hybrid ---
[155.16] [Task 295] Entering ILP branch (v2)
[ε-constraint energy] sumE_B=0.037472  bound=0.041219  active=False
[ILP] res_type=dict value_preview={'stage': 'B', 'status': 'Optimal', 'primary': 'energy', 'tol': 0.1, 'opt_primary': 0.03747156205869067, 'objective_secondary': 0.020495291212260375, 'sumE': 0.
[155.16] [Task 295] ILP chose server: STARLINK-32743
[155.16] [Task 295] Routed STARLINK-31207 -> STARLINK-32743 | E_NET=0.000699 J | Remaining=119999.81 J
[155.160] Task 295 enqueued on CPU STARLINK-32743 qlen_enqueue=1
[155.179] Task 295 enqueued on NET STARLINK-32743 qlen_enqueue_net=1
[Task 295] Task eseguito su STARLINK-32743 36.331748732661254 degrees | CPU=0.0367J, NET=0.0007J, TOTAL=0.0373J, Remaining=119998.91J
[155.180] Task 295 served on STARLINK-32743 qlen_enqueue_cpu=1 qlen_enqueue_net=1 time_in_queue=0.000
[295][GREEDY] STARLINK-32743 -> STARLINK-11474 [DTC] | Tramission-time: 0.0015827864231406277
[295] Energy routing consumed by STARLINK-32743: 0.000000 J (remaining 119998.91)
[MODE: BIDIRECTIONAL]
[295][GREEDY] CONSEGNATO! STARLINK-11474 [DTC] -> OBS | Tramission-time: 7.043728489024268e-10
---> Task 296 (Type: Generic_Service) arriva in 155.73
--- [155.73] Task 296 using SearchNode Policy: v2_ilp_hybrid ---
[155.73] [Task 296] Entering ILP branch (v2)
[ε-constraint energy] sumE_B=0.009279  bound=0.010207  active=False
[ILP] res_type=dict value_preview={'stage': 'B', 'status': 'Optimal', 'primary': 'energy', 'tol': 0.1, 'opt_primary': 0.009279280952867605, 'objective_secondary': 0.004983391654772677, 'sumE': 0
[155.73] [Task 296] ILP chose server: STARLINK-32743
[155.73] [Task 296] Routed STARLINK-31207 -> STARLINK-32743 | E_NET=0.000004 J | Remaining=119999.81 J
[155.726] Task 296 enqueued on CPU STARLINK-32743 qlen_enqueue=1
[Task 296] Task eseguito su STARLINK-32743 36.331748732661254 degrees | CPU=0.0093J, NET=0.0000J, TOTAL=0.0093J, Remaining=119998.91J
[155.732] Task 296 served on STARLINK-32743 qlen_enqueue_cpu=1 qlen_enqueue_net=None time_in_queue=0.000
[296][GREEDY] STARLINK-32743 -> STARLINK-11474 [DTC] | Tramission-time: 0.0015827858831223307
[296] Energy routing consumed by STARLINK-32743: 0.000000 J (remaining 119998.91)
[155.842] Task 294 enqueued on NET STARLINK-32945 qlen_enqueue_net=1
[MODE: BIDIRECTIONAL]
[296][GREEDY] CONSEGNATO! STARLINK-11474 [DTC] -> OBS | Tramission-time: 3.6668963728205935e-12
----------------------------------------------------------------------
	||TIME IN SIMULATION : (seconds:156) (minutes: 2) ||

MODIFICA CONFIGURAZIONE IN CORSO...

Aggiornato il Tempo Globale:  2025-11-20 20:57:50
[Task 294] Task eseguito su STARLINK-32945 45.71579278470043 degrees | CPU=1.4277J, NET=0.1860J, TOTAL=1.6137J, Remaining=119987.01J
[156.028] Task 294 served on STARLINK-32945 qlen_enqueue_cpu=1 qlen_enqueue_net=1 time_in_queue=0.000
[294][GREEDY] STARLINK-32945 -> STARLINK-11474 [DTC] | Tramission-time: 0.0011630592733413258
[294] Energy routing consumed by STARLINK-32945: 0.000000 J (remaining 119987.01)
[MODE: BIDIRECTIONAL]
[294][GREEDY] CONSEGNATO! STARLINK-11474 [DTC] -> OBS | Tramission-time: 1.7051529288442311e-07
---> Task 297 (Type: Generic_Service) arriva in 156.81
--- [156.81] Task 297 using SearchNode Policy: v2_ilp_hybrid ---
[156.81] [Task 297] Entering ILP branch (v2)
[ε-constraint energy] sumE_B=0.016792  bound=0.018471  active=False
[ILP] res_type=dict value_preview={'stage': 'B', 'status': 'Optimal', 'primary': 'energy', 'tol': 0.1, 'opt_primary': 0.016792036220304524, 'objective_secondary': 0.009017766713072825, 'sumE': 0
[156.81] [Task 297] ILP chose server: STARLINK-31702
[156.81] [Task 297] Routed STARLINK-11734 [DTC] -> STARLINK-31702 | E_NET=0.000006 J | Remaining=120000.00 J
[156.815] Task 297 enqueued on CPU STARLINK-31702 qlen_enqueue=1
[Task 297] Task eseguito su STARLINK-31702 47.38809323935904 degrees | CPU=0.0168J, NET=0.0000J, TOTAL=0.0168J, Remaining=119996.71J
[156.824] Task 297 served on STARLINK-31702 qlen_enqueue_cpu=1 qlen_enqueue_net=None time_in_queue=0.000
[297][GREEDY] STARLINK-31702 -> STARLINK-11474 [DTC] | Tramission-time: 0.0012812659040127214
[297] Energy routing consumed by STARLINK-31702: 0.000000 J (remaining 119996.71)
[MODE: BIDIRECTIONAL]
[297][GREEDY] CONSEGNATO! STARLINK-11474 [DTC] -> OBS | Tramission-time: 5.641943392092768e-12
---> Task 298 (Type: CPU_Intensive) arriva in 157.35
--- [157.35] Task 298 using SearchNode Policy: v2_ilp_hybrid ---
[157.35] [Task 298] Entering ILP branch (v2)
[ε-constraint energy] sumE_B=1.212332  bound=1.333566  active=False
[ILP] res_type=dict value_preview={'stage': 'B', 'status': 'Optimal', 'primary': 'energy', 'tol': 0.1, 'opt_primary': 1.212332467477629, 'objective_secondary': 0.6507895154006256, 'sumE': 1.2123
[157.35] [Task 298] ILP chose server: STARLINK-31702
[157.35] [Task 298] Routed STARLINK-11734 [DTC] -> STARLINK-31702 | E_NET=0.000011 J | Remaining=120000.00 J
[157.348] Task 298 enqueued on CPU STARLINK-31702 qlen_enqueue=1
---> Task 299 (Type: CPU_Intensive) arriva in 157.39
--- [157.39] Task 299 using SearchNode Policy: v2_ilp_hybrid ---
[157.39] [Task 299] Entering ILP branch (v2)
[ε-constraint energy] sumE_B=0.392155  bound=0.431371  active=False
[ILP] res_type=dict value_preview={'stage': 'B', 'status': 'Optimal', 'primary': 'energy', 'tol': 0.1, 'opt_primary': 0.39215528409929407, 'objective_secondary': 0.21052163189274742, 'sumE': 0.3
[157.39] [Task 299] ILP chose server: STARLINK-31585
[157.39] [Task 299] Routed STARLINK-11734 [DTC] -> STARLINK-31585 | E_NET=0.000021 J | Remaining=120000.00 J
[157.394] Task 299 enqueued on CPU STARLINK-31585 qlen_enqueue=1
[Task 299] Task eseguito su STARLINK-31585 76.49540006561953 degrees | CPU=0.3921J, NET=0.0000J, TOTAL=0.3922J, Remaining=119999.41J
[157.606] Task 299 served on STARLINK-31585 qlen_enqueue_cpu=1 qlen_enqueue_net=None time_in_queue=0.000
[MODE: BIDIRECTIONAL]
[299][GREEDY] CONSEGNATO! STARLINK-31585 -> OBS | Tramission-time: 1.9465384202903578e-11
---> Task 300 (Type: Generic_Service) arriva in 157.83
--- [157.83] Task 300 using SearchNode Policy: v2_ilp_hybrid ---
[157.83] [Task 300] Entering ILP branch (v2)
[ε-constraint energy] sumE_B=0.025171  bound=0.027688  active=False
[ILP] res_type=dict value_preview={'stage': 'B', 'status': 'Optimal', 'primary': 'energy', 'tol': 0.1, 'opt_primary': 0.02517136119532131, 'objective_secondary': 0.013521697120678218, 'sumE': 0.
[157.83] [Task 300] ILP chose server: STARLINK-31585
[157.83] [Task 300] Routed STARLINK-11734 [DTC] -> STARLINK-31585 | E_NET=0.000017 J | Remaining=120000.00 J
[157.828] Task 300 enqueued on CPU STARLINK-31585 qlen_enqueue=1
[Task 300] Task eseguito su STARLINK-31585 76.49540006561953 degrees | CPU=0.0252J, NET=0.0000J, TOTAL=0.0252J, Remaining=119999.39J
[157.843] Task 300 served on STARLINK-31585 qlen_enqueue_cpu=1 qlen_enqueue_net=None time_in_queue=0.000
[MODE: BIDIRECTIONAL]
[300][GREEDY] CONSEGNATO! STARLINK-31585 -> OBS | Tramission-time: 1.878526078400095e-11
[Task 298] Task eseguito su STARLINK-31702 47.38809323935904 degrees | CPU=1.2123J, NET=0.0000J, TOTAL=1.2123J, Remaining=119995.50J
[157.999] Task 298 served on STARLINK-31702 qlen_enqueue_cpu=1 qlen_enqueue_net=None time_in_queue=0.000
----------------------------------------------------------------------
	||TIME IN SIMULATION : (seconds:158) (minutes: 2) ||

MODIFICA CONFIGURAZIONE IN CORSO...

Aggiornato il Tempo Globale:  2025-11-20 20:57:52
[298][GREEDY] STARLINK-31702 -> STARLINK-11474 [DTC] | Tramission-time: 0.001268152905929851
[298] Energy routing consumed by STARLINK-31702: 0.000000 J (remaining 119995.50)
[MODE: BIDIRECTIONAL]
[298][GREEDY] CONSEGNATO! STARLINK-11474 [DTC] -> OBS | Tramission-time: 1.1684762157960143e-11
---> Task 301 (Type: Generic_Service) arriva in 158.58
--- [158.58] Task 301 using SearchNode Policy: v2_ilp_hybrid ---
[158.58] [Task 301] Entering ILP branch (v2)
[ε-constraint energy] sumE_B=0.192796  bound=0.212075  active=False
[ILP] res_type=dict value_preview={'stage': 'B', 'status': 'Optimal', 'primary': 'energy', 'tol': 0.1, 'opt_primary': 0.19279586661340326, 'objective_secondary': 0.10351053424293366, 'sumE': 0.1
[158.58] [Task 301] ILP chose server: STARLINK-31702
[158.58] [Task 301] Routed STARLINK-11734 [DTC] -> STARLINK-31702 | E_NET=0.000033 J | Remaining=120000.00 J
[158.581] Task 301 enqueued on CPU STARLINK-31702 qlen_enqueue=1
[Task 301] Task eseguito su STARLINK-31702 47.62629102664611 degrees | CPU=0.1928J, NET=0.0000J, TOTAL=0.1928J, Remaining=119995.30J
[158.686] Task 301 served on STARLINK-31702 qlen_enqueue_cpu=1 qlen_enqueue_net=None time_in_queue=0.000
[301][GREEDY] STARLINK-31702 -> STARLINK-11474 [DTC] | Tramission-time: 0.0012681529296575578
[301] Energy routing consumed by STARLINK-31702: 0.000000 J (remaining 119995.30)
[MODE: BIDIRECTIONAL]
[301][GREEDY] CONSEGNATO! STARLINK-11474 [DTC] -> OBS | Tramission-time: 2.5289370126270454e-11
---> Task 302 (Type: CPU_and_Data_Intensive) arriva in 159.19
--- [159.19] Task 302 using SearchNode Policy: v2_ilp_hybrid ---
[159.19] [Task 302] Entering ILP branch (v2)
[ε-constraint energy] sumE_B=0.113580  bound=0.124938  active=False
[ILP] res_type=dict value_preview={'stage': 'B', 'status': 'Optimal', 'primary': 'energy', 'tol': 0.1, 'opt_primary': 0.11358020587579425, 'objective_secondary': 0.06143250634848172, 'sumE': 0.1
[159.19] [Task 302] ILP chose server: STARLINK-31702
[159.19] [Task 302] Routed STARLINK-11734 [DTC] -> STARLINK-31702 | E_NET=0.000879 J | Remaining=120000.00 J
[159.195] Task 302 enqueued on CPU STARLINK-31702 qlen_enqueue=1
[159.255] Task 302 enqueued on NET STARLINK-31702 qlen_enqueue_net=1
[Task 302] Task eseguito su STARLINK-31702 47.62629102664611 degrees | CPU=0.1126J, NET=0.0009J, TOTAL=0.1135J, Remaining=119995.19J
[159.256] Task 302 served on STARLINK-31702 qlen_enqueue_cpu=1 qlen_enqueue_net=1 time_in_queue=0.000
[302][GREEDY] STARLINK-31702 -> STARLINK-11474 [DTC] | Tramission-time: 0.001268153659350143
[302] Energy routing consumed by STARLINK-31702: 0.000000 J (remaining 119995.19)
[MODE: BIDIRECTIONAL]
[302][GREEDY] CONSEGNATO! STARLINK-11474 [DTC] -> OBS | Tramission-time: 8.340245796478353e-10
---> Task 303 (Type: CPU_Intensive) arriva in 159.51
--- [159.51] Task 303 using SearchNode Policy: v2_ilp_hybrid ---
[159.51] [Task 303] Entering ILP branch (v2)
[ε-constraint energy] sumE_B=0.638157  bound=0.701973  active=False
[ILP] res_type=dict value_preview={'stage': 'B', 'status': 'Optimal', 'primary': 'energy', 'tol': 0.1, 'opt_primary': 0.6381572491014781, 'objective_secondary': 0.34257787379808463, 'sumE': 0.63
[159.51] [Task 303] ILP chose server: STARLINK-31702
[159.51] [Task 303] Routed STARLINK-11734 [DTC] -> STARLINK-31702 | E_NET=0.000026 J | Remaining=120000.00 J
[159.508] Task 303 enqueued on CPU STARLINK-31702 qlen_enqueue=1
[Task 303] Task eseguito su STARLINK-31702 47.62629102664611 degrees | CPU=0.6381J, NET=0.0000J, TOTAL=0.6382J, Remaining=119994.55J
[159.852] Task 303 served on STARLINK-31702 qlen_enqueue_cpu=1 qlen_enqueue_net=None time_in_queue=0.000
[303][GREEDY] STARLINK-31702 -> STARLINK-11474 [DTC] | Tramission-time: 0.0012681529194897283
[303] Energy routing consumed by STARLINK-31702: 0.000000 J (remaining 119994.55)
[MODE: BIDIRECTIONAL]
[303][GREEDY] CONSEGNATO! STARLINK-11474 [DTC] -> OBS | Tramission-time: 2.7415871033827908e-11
----------------------------------------------------------------------
	||TIME IN SIMULATION : (seconds:160) (minutes: 2) ||

MODIFICA CONFIGURAZIONE IN CORSO...

Aggiornato il Tempo Globale:  2025-11-20 20:57:54
---> Task 304 (Type: CPU_and_Data_Intensive) arriva in 160.04
--- [160.04] Task 304 using SearchNode Policy: v2_ilp_hybrid ---
[160.04] [Task 304] Entering ILP branch (v2)
[ε-constraint energy] sumE_B=0.457385  bound=0.503124  active=False
[ILP] res_type=dict value_preview={'stage': 'B', 'status': 'Optimal', 'primary': 'energy', 'tol': 0.1, 'opt_primary': 0.4573850587942138, 'objective_secondary': 0.24771002753651575, 'sumE': 0.45
[160.04] [Task 304] ILP chose server: STARLINK-31763
[160.04] [Task 304] Routed STARLINK-11734 [DTC] -> STARLINK-31763 | E_NET=0.004282 J | Remaining=119999.99 J
[160.051] Task 304 enqueued on CPU STARLINK-31763 qlen_enqueue=1
---> Task 305 (Type: CPU_and_Data_Intensive) arriva in 160.19
--- [160.19] Task 305 using SearchNode Policy: v2_ilp_hybrid ---
[160.19] [Task 305] Entering ILP branch (v2)
[ε-constraint energy] sumE_B=0.748274  bound=0.823101  active=False
[ILP] res_type=dict value_preview={'stage': 'B', 'status': 'Optimal', 'primary': 'energy', 'tol': 0.1, 'opt_primary': 0.7482735687709844, 'objective_secondary': 0.40504736110375367, 'sumE': 0.74
[160.19] [Task 305] ILP chose server: STARLINK-31702
[160.19] [Task 305] Routed STARLINK-11734 [DTC] -> STARLINK-31702 | E_NET=0.006305 J | Remaining=119999.99 J
[160.196] Task 305 enqueued on CPU STARLINK-31702 qlen_enqueue=1
[160.294] Task 304 enqueued on NET STARLINK-31763 qlen_enqueue_net=1
[Task 304] Task eseguito su STARLINK-31763 59.232998036479415 degrees | CPU=0.4527J, NET=0.0043J, TOTAL=0.4570J, Remaining=119980.92J
[160.298] Task 304 served on STARLINK-31763 qlen_enqueue_cpu=1 qlen_enqueue_net=1 time_in_queue=0.000
[304][GREEDY] STARLINK-31763 -> STARLINK-11474 [DTC] | Tramission-time: 0.0007964288845877272
[304] Energy routing consumed by STARLINK-31763: 0.000000 J (remaining 119980.92)
[MODE: BIDIRECTIONAL]
[304][GREEDY] CONSEGNATO! STARLINK-11474 [DTC] -> OBS | Tramission-time: 3.4685088853765623e-09
---> Task 306 (Type: Generic_Service) arriva in 160.36
--- [160.36] Task 306 using SearchNode Policy: v2_ilp_hybrid ---
[160.36] [Task 306] Entering ILP branch (v2)
[ε-constraint energy] sumE_B=0.115238  bound=0.126761  active=False
[ILP] res_type=dict value_preview={'stage': 'B', 'status': 'Optimal', 'primary': 'energy', 'tol': 0.1, 'opt_primary': 0.11523772339157409, 'objective_secondary': 0.061867922822368325, 'sumE': 0.
[160.36] [Task 306] ILP chose server: STARLINK-31763
[160.36] [Task 306] Routed STARLINK-11734 [DTC] -> STARLINK-31763 | E_NET=0.000016 J | Remaining=119999.99 J
[160.362] Task 306 enqueued on CPU STARLINK-31763 qlen_enqueue=1
[Task 306] Task eseguito su STARLINK-31763 59.232998036479415 degrees | CPU=0.1152J, NET=0.0000J, TOTAL=0.1152J, Remaining=119980.81J
[160.425] Task 306 served on STARLINK-31763 qlen_enqueue_cpu=1 qlen_enqueue_net=None time_in_queue=0.000
---> Task 307 (Type: CPU_Intensive) arriva in 160.51
--- [160.51] Task 307 using SearchNode Policy: v2_ilp_hybrid ---
[160.51] [Task 307] Entering ILP branch (v2)
[ε-constraint energy] sumE_B=0.028986  bound=0.031884  active=False
[ILP] res_type=dict value_preview={'stage': 'B', 'status': 'Optimal', 'primary': 'energy', 'tol': 0.1, 'opt_primary': 0.028985861555706597, 'objective_secondary': 0.0155779672981981, 'sumE': 0.0
[160.51] [Task 307] ILP chose server: STARLINK-31763
[160.51] [Task 307] Routed STARLINK-11734 [DTC] -> STARLINK-31763 | E_NET=0.000036 J | Remaining=119999.99 J
[160.509] Task 307 enqueued on CPU STARLINK-31763 qlen_enqueue=1
[306][GREEDY] STARLINK-31763 -> STARLINK-11474 [DTC] | Tramission-time: 0.0007964253030456327
[306] Energy routing consumed by STARLINK-31763: 0.000000 J (remaining 119980.81)
[MODE: BIDIRECTIONAL]
[306][GREEDY] CONSEGNATO! STARLINK-11474 [DTC] -> OBS | Tramission-time: 1.4207768374186522e-11
[Task 307] Task eseguito su STARLINK-31763 59.232998036479415 degrees | CPU=0.0289J, NET=0.0000J, TOTAL=0.0290J, Remaining=119980.78J
[160.527] Task 307 served on STARLINK-31763 qlen_enqueue_cpu=1 qlen_enqueue_net=None time_in_queue=0.000
[160.593] Task 305 enqueued on NET STARLINK-31702 qlen_enqueue_net=1
[Task 305] Task eseguito su STARLINK-31702 47.833194360642494 degrees | CPU=0.7410J, NET=0.0063J, TOTAL=0.7473J, Remaining=119993.80J
[160.600] Task 305 served on STARLINK-31702 qlen_enqueue_cpu=1 qlen_enqueue_net=1 time_in_queue=0.000
[305][GREEDY] STARLINK-31702 -> STARLINK-11474 [DTC] | Tramission-time: 0.0012550582362421809
[305] Energy routing consumed by STARLINK-31702: 0.000000 J (remaining 119993.80)
[307][GREEDY] STARLINK-31763 -> STARLINK-11474 [DTC] | Tramission-time: 0.0007964253172422326
[307] Energy routing consumed by STARLINK-31763: 0.000000 J (remaining 119980.78)
[MODE: BIDIRECTIONAL]
[305][GREEDY] CONSEGNATO! STARLINK-11474 [DTC] -> OBS | Tramission-time: 5.930638932169474e-09
[MODE: BIDIRECTIONAL]
[307][GREEDY] CONSEGNATO! STARLINK-11474 [DTC] -> OBS | Tramission-time: 3.2333161105675e-11
---> Task 308 (Type: CPU_Intensive) arriva in 160.74
--- [160.74] Task 308 using SearchNode Policy: v2_ilp_hybrid ---
[160.74] [Task 308] Entering ILP branch (v2)
[ε-constraint energy] sumE_B=1.083566  bound=1.191923  active=False
[ILP] res_type=dict value_preview={'stage': 'B', 'status': 'Optimal', 'primary': 'energy', 'tol': 0.1, 'opt_primary': 1.0835664664602713, 'objective_secondary': 0.5816737135859475, 'sumE': 1.083
[160.74] [Task 308] ILP chose server: STARLINK-31763
[160.74] [Task 308] Routed STARLINK-11734 [DTC] -> STARLINK-31763 | E_NET=0.000024 J | Remaining=119999.99 J
[160.742] Task 308 enqueued on CPU STARLINK-31763 qlen_enqueue=1
---> Task 309 (Type: Generic_Service) arriva in 160.82
--- [160.82] Task 309 using SearchNode Policy: v2_ilp_hybrid ---
[160.82] [Task 309] Entering ILP branch (v2)
[ε-constraint energy] sumE_B=0.036682  bound=0.040350  active=False
[ILP] res_type=dict value_preview={'stage': 'B', 'status': 'Optimal', 'primary': 'energy', 'tol': 0.1, 'opt_primary': 0.0366819342031036, 'objective_secondary': 0.019702765326783996, 'sumE': 0.0
[160.82] [Task 309] ILP chose server: STARLINK-31702
[160.82] [Task 309] Routed STARLINK-11734 [DTC] -> STARLINK-31702 | E_NET=0.000022 J | Remaining=119999.99 J
[160.822] Task 309 enqueued on CPU STARLINK-31702 qlen_enqueue=1
[Task 309] Task eseguito su STARLINK-31702 47.833194360642494 degrees | CPU=0.0367J, NET=0.0000J, TOTAL=0.0367J, Remaining=119993.77J
[160.843] Task 309 served on STARLINK-31702 qlen_enqueue_cpu=1 qlen_enqueue_net=None time_in_queue=0.000
[309][GREEDY] STARLINK-31702 -> STARLINK-11474 [DTC] | Tramission-time: 0.0012550523027319081
[309] Energy routing consumed by STARLINK-31702: 0.000000 J (remaining 119993.77)
[MODE: BIDIRECTIONAL]
[309][GREEDY] CONSEGNATO! STARLINK-11474 [DTC] -> OBS | Tramission-time: 1.8239434208467256e-11
---> Task 310 (Type: Generic_Service) arriva in 161.04
--- [161.04] Task 310 using SearchNode Policy: v2_ilp_hybrid ---
[161.04] [Task 310] Entering ILP branch (v2)
[ε-constraint energy] sumE_B=0.084043  bound=0.092447  active=False
[ILP] res_type=dict value_preview={'stage': 'B', 'status': 'Optimal', 'primary': 'energy', 'tol': 0.1, 'opt_primary': 0.0840429559224701, 'objective_secondary': 0.04512840515713156, 'sumE': 0.08
[161.04] [Task 310] ILP chose server: STARLINK-31702
[161.04] [Task 310] Routed STARLINK-11734 [DTC] -> STARLINK-31702 | E_NET=0.000026 J | Remaining=119999.99 J
[161.040] Task 310 enqueued on CPU STARLINK-31702 qlen_enqueue=1
[Task 310] Task eseguito su STARLINK-31702 47.833194360642494 degrees | CPU=0.0840J, NET=0.0000J, TOTAL=0.0840J, Remaining=119993.68J
[161.087] Task 310 served on STARLINK-31702 qlen_enqueue_cpu=1 qlen_enqueue_net=None time_in_queue=0.000
[310][GREEDY] STARLINK-31702 -> STARLINK-11474 [DTC] | Tramission-time: 0.0012550523018911683
[310] Energy routing consumed by STARLINK-31702: 0.000000 J (remaining 119993.68)
[MODE: BIDIRECTIONAL]
[310][GREEDY] CONSEGNATO! STARLINK-11474 [DTC] -> OBS | Tramission-time: 1.982243096782745e-11
---> Task 311 (Type: CPU_Intensive) arriva in 161.26
--- [161.26] Task 311 using SearchNode Policy: v2_ilp_hybrid ---
[161.26] [Task 311] Entering ILP branch (v2)
[ε-constraint energy] sumE_B=3.259337  bound=3.585271  active=False
[ILP] res_type=dict value_preview={'stage': 'B', 'status': 'Optimal', 'primary': 'energy', 'tol': 0.1, 'opt_primary': 3.259337395704579, 'objective_secondary': 1.749623080077291, 'sumE': 3.25933
[161.26] [Task 311] ILP chose server: STARLINK-31702
[161.26] [Task 311] Routed STARLINK-11734 [DTC] -> STARLINK-31702 | E_NET=0.000005 J | Remaining=119999.99 J
[161.261] Task 311 enqueued on CPU STARLINK-31702 qlen_enqueue=1
[Task 308] Task eseguito su STARLINK-31763 59.232998036479415 degrees | CPU=1.0835J, NET=0.0000J, TOTAL=1.0836J, Remaining=119979.70J
[161.325] Task 308 served on STARLINK-31763 qlen_enqueue_cpu=1 qlen_enqueue_net=None time_in_queue=0.000
[308][GREEDY] STARLINK-31763 -> STARLINK-11474 [DTC] | Tramission-time: 0.0007964253075147432
[308] Energy routing consumed by STARLINK-31763: 0.000000 J (remaining 119979.70)
[MODE: BIDIRECTIONAL]
[308][GREEDY] CONSEGNATO! STARLINK-11474 [DTC] -> OBS | Tramission-time: 2.2816109856857996e-11
---> Task 312 (Type: Generic_Service) arriva in 161.64
--- [161.64] Task 312 using SearchNode Policy: v2_ilp_hybrid ---
[161.64] [Task 312] Entering ILP branch (v2)
[ε-constraint energy] sumE_B=0.051164  bound=0.056281  active=False
[ILP] res_type=dict value_preview={'stage': 'B', 'status': 'Optimal', 'primary': 'energy', 'tol': 0.1, 'opt_primary': 0.051164141358196906, 'objective_secondary': 0.027481127606754738, 'sumE': 0
[161.64] [Task 312] ILP chose server: STARLINK-31763
[161.64] [Task 312] Routed STARLINK-11734 [DTC] -> STARLINK-31763 | E_NET=0.000032 J | Remaining=119999.99 J
[161.644] Task 312 enqueued on CPU STARLINK-31763 qlen_enqueue=1
[Task 312] Task eseguito su STARLINK-31763 59.232998036479415 degrees | CPU=0.0511J, NET=0.0000J, TOTAL=0.0512J, Remaining=119979.64J
[161.674] Task 312 served on STARLINK-31763 qlen_enqueue_cpu=1 qlen_enqueue_net=None time_in_queue=0.000
[312][GREEDY] STARLINK-31763 -> STARLINK-11474 [DTC] | Tramission-time: 0.0007964253131207528
[312] Energy routing consumed by STARLINK-31763: 0.000000 J (remaining 119979.64)
[MODE: BIDIRECTIONAL]
[312][GREEDY] CONSEGNATO! STARLINK-11474 [DTC] -> OBS | Tramission-time: 2.3201073297030412e-11
---> Task 313 (Type: CPU_Intensive) arriva in 161.88
--- [161.88] Task 313 using SearchNode Policy: v2_ilp_hybrid ---
[161.88] [Task 313] Entering ILP branch (v2)
[ε-constraint energy] sumE_B=1.406426  bound=1.547068  active=False
[ILP] res_type=dict value_preview={'stage': 'B', 'status': 'Optimal', 'primary': 'energy', 'tol': 0.1, 'opt_primary': 1.4064255802483105, 'objective_secondary': 0.7549861796989451, 'sumE': 1.406
[161.88] [Task 313] ILP chose server: STARLINK-31763
[161.88] [Task 313] Routed STARLINK-11734 [DTC] -> STARLINK-31763 | E_NET=0.000026 J | Remaining=119999.99 J
[161.882] Task 313 enqueued on CPU STARLINK-31763 qlen_enqueue=1
----------------------------------------------------------------------
	||TIME IN SIMULATION : (seconds:162) (minutes: 2) ||

MODIFICA CONFIGURAZIONE IN CORSO...

Aggiornato il Tempo Globale:  2025-11-20 20:57:56
---> Task 314 (Type: CPU_and_Data_Intensive) arriva in 162.02
--- [162.02] Task 314 using SearchNode Policy: v2_ilp_hybrid ---
[162.02] [Task 314] Entering ILP branch (v2)
[ε-constraint energy] sumE_B=0.923474  bound=1.015821  active=False
[ILP] res_type=dict value_preview={'stage': 'B', 'status': 'Optimal', 'primary': 'energy', 'tol': 0.1, 'opt_primary': 0.9234736123242434, 'objective_secondary': 0.4961278297052686, 'sumE': 0.923
[162.02] [Task 314] ILP chose server: STARLINK-31585
[162.02] [Task 314] Routed STARLINK-11734 [DTC] -> STARLINK-31585 | E_NET=0.000842 J | Remaining=119999.99 J
[162.020] Task 314 enqueued on CPU STARLINK-31585 qlen_enqueue=1
---> Task 315 (Type: CPU_Intensive) arriva in 162.13
--- [162.13] Task 315 using SearchNode Policy: v2_ilp_hybrid ---
[162.13] [Task 315] Entering ILP branch (v2)
[ε-constraint energy] sumE_B=0.259441  bound=0.285385  active=False
[ILP] res_type=dict value_preview={'stage': 'B', 'status': 'Optimal', 'primary': 'energy', 'tol': 0.1, 'opt_primary': 0.2594412217377347, 'objective_secondary': 0.13927439047742807, 'sumE': 0.25
[162.13] [Task 315] ILP chose server: STARLINK-31399
[162.13] [Task 315] Routed STARLINK-11734 [DTC] -> STARLINK-31399 | E_NET=0.000009 J | Remaining=119999.99 J
[162.131] Task 315 enqueued on CPU STARLINK-31399 qlen_enqueue=1
[Task 315] Task eseguito su STARLINK-31399 44.04302531494661 degrees | CPU=0.2594J, NET=0.0000J, TOTAL=0.2594J, Remaining=119999.74J
[162.272] Task 315 served on STARLINK-31399 qlen_enqueue_cpu=1 qlen_enqueue_net=None time_in_queue=0.000
[315][GREEDY] STARLINK-31399 -> STARLINK-11474 [DTC] | Tramission-time: 0.0012872406800636216
[315] Energy routing consumed by STARLINK-31399: 0.000000 J (remaining 119999.74)
[MODE: BIDIRECTIONAL]
[315][GREEDY] CONSEGNATO! STARLINK-11474 [DTC] -> OBS | Tramission-time: 8.319694032403899e-12
---> Task 316 (Type: CPU_and_Data_Intensive) arriva in 162.48
--- [162.48] Task 316 using SearchNode Policy: v2_ilp_hybrid ---
[162.48] [Task 316] Entering ILP branch (v2)
[ε-constraint energy] sumE_B=0.034532  bound=0.037986  active=False
[ILP] res_type=dict value_preview={'stage': 'B', 'status': 'Optimal', 'primary': 'energy', 'tol': 0.1, 'opt_primary': 0.03453248505398511, 'objective_secondary': 0.020942752971228922, 'sumE': 0.
[162.48] [Task 316] ILP chose server: STARLINK-31399
[162.48] [Task 316] Routed STARLINK-11734 [DTC] -> STARLINK-31399 | E_NET=0.003694 J | Remaining=119999.98 J
[162.489] Task 316 enqueued on CPU STARLINK-31399 qlen_enqueue=1
[162.504] Task 316 enqueued on NET STARLINK-31399 qlen_enqueue_net=1
[Task 316] Task eseguito su STARLINK-31399 44.04302531494661 degrees | CPU=0.0293J, NET=0.0037J, TOTAL=0.0330J, Remaining=119999.71J
[162.508] Task 316 served on STARLINK-31399 qlen_enqueue_cpu=1 qlen_enqueue_net=1 time_in_queue=0.000
[162.515] Task 314 enqueued on NET STARLINK-31585 qlen_enqueue_net=1
[Task 314] Task eseguito su STARLINK-31585 76.9810734414503 degrees | CPU=0.9226J, NET=0.0008J, TOTAL=0.9234J, Remaining=119998.46J
[162.516] Task 314 served on STARLINK-31585 qlen_enqueue_cpu=1 qlen_enqueue_net=1 time_in_queue=0.000
[314][GREEDY] STARLINK-31585 -> STARLINK-11474 [DTC] | Tramission-time: 0.0007616045603433337
[314] Energy routing consumed by STARLINK-31585: 0.000000 J (remaining 119998.46)
[MODE: BIDIRECTIONAL]
[314][GREEDY] CONSEGNATO! STARLINK-11474 [DTC] -> OBS | Tramission-time: 5.814477486691562e-10
[316][GREEDY] STARLINK-31399 -> STARLINK-11474 [DTC] | Tramission-time: 0.0012872445399283396
[316] Energy routing consumed by STARLINK-31399: 0.000000 J (remaining 119999.71)
[MODE: BIDIRECTIONAL]
[316][GREEDY] CONSEGNATO! STARLINK-11474 [DTC] -> OBS | Tramission-time: 3.8429441574751514e-09
[Task 313] Task eseguito su STARLINK-31763 60.36853727791921 degrees | CPU=1.4064J, NET=0.0000J, TOTAL=1.4064J, Remaining=119978.24J
[162.639] Task 313 served on STARLINK-31763 qlen_enqueue_cpu=1 qlen_enqueue_net=None time_in_queue=0.000
[313][GREEDY] STARLINK-31763 -> STARLINK-11474 [DTC] | Tramission-time: 0.0008129683471801227
[313] Energy routing consumed by STARLINK-31763: 0.000000 J (remaining 119978.24)
[MODE: BIDIRECTIONAL]
[313][GREEDY] CONSEGNATO! STARLINK-11474 [DTC] -> OBS | Tramission-time: 2.16290658127168e-11
---> Task 317 (Type: Generic_Service) arriva in 162.95
--- [162.95] Task 317 using SearchNode Policy: v2_ilp_hybrid ---
[162.95] [Task 317] Entering ILP branch (v2)
[ε-constraint energy] sumE_B=0.136133  bound=0.149746  active=False
[ILP] res_type=dict value_preview={'stage': 'B', 'status': 'Optimal', 'primary': 'energy', 'tol': 0.1, 'opt_primary': 0.1361325582126761, 'objective_secondary': 0.07308345859572546, 'sumE': 0.13
[162.95] [Task 317] ILP chose server: STARLINK-31763
[162.95] [Task 317] Routed STARLINK-11734 [DTC] -> STARLINK-31763 | E_NET=0.000012 J | Remaining=119999.98 J
[162.951] Task 317 enqueued on CPU STARLINK-31763 qlen_enqueue=1
[Task 311] Task eseguito su STARLINK-31702 48.00758531765946 degrees | CPU=3.2593J, NET=0.0000J, TOTAL=3.2593J, Remaining=119990.42J
[163.011] Task 311 served on STARLINK-31702 qlen_enqueue_cpu=1 qlen_enqueue_net=None time_in_queue=0.000
[Task 317] Task eseguito su STARLINK-31763 60.36853727791921 degrees | CPU=0.1361J, NET=0.0000J, TOTAL=0.1361J, Remaining=119978.10J
[163.025] Task 317 served on STARLINK-31763 qlen_enqueue_cpu=1 qlen_enqueue_net=None time_in_queue=0.000
[311][GREEDY] STARLINK-31702 -> STARLINK-11474 [DTC] | Tramission-time: 0.001241964719697205
[311] Energy routing consumed by STARLINK-31702: 0.000000 J (remaining 119990.42)
[317][GREEDY] STARLINK-31763 -> STARLINK-11474 [DTC] | Tramission-time: 0.0008129683358439215
[317] Energy routing consumed by STARLINK-31763: 0.000000 J (remaining 119978.10)
[MODE: BIDIRECTIONAL]
[311][GREEDY] CONSEGNATO! STARLINK-11474 [DTC] -> OBS | Tramission-time: 3.49290300975518e-12
[MODE: BIDIRECTIONAL]
[317][GREEDY] CONSEGNATO! STARLINK-11474 [DTC] -> OBS | Tramission-time: 1.1183872503966352e-11
---> Task 318 (Type: CPU_Intensive) arriva in 163.48
--- [163.48] Task 318 using SearchNode Policy: v2_ilp_hybrid ---
[163.48] [Task 318] Entering ILP branch (v2)
[ε-constraint energy] sumE_B=0.530317  bound=0.583349  active=False
[ILP] res_type=dict value_preview={'stage': 'B', 'status': 'Optimal', 'primary': 'energy', 'tol': 0.1, 'opt_primary': 0.530317365552546, 'objective_secondary': 0.28469288636157025, 'sumE': 0.530
[163.48] [Task 318] ILP chose server: STARLINK-31763
[163.48] [Task 318] Routed STARLINK-11734 [DTC] -> STARLINK-31763 | E_NET=0.000028 J | Remaining=119999.98 J
[163.484] Task 318 enqueued on CPU STARLINK-31763 qlen_enqueue=1
[Task 318] Task eseguito su STARLINK-31763 60.36853727791921 degrees | CPU=0.5303J, NET=0.0000J, TOTAL=0.5303J, Remaining=119977.57J
[163.771] Task 318 served on STARLINK-31763 qlen_enqueue_cpu=1 qlen_enqueue_net=None time_in_queue=0.000
[318][GREEDY] STARLINK-31763 -> STARLINK-11474 [DTC] | Tramission-time: 0.0008129683582879046
[318] Energy routing consumed by STARLINK-31763: 0.000000 J (remaining 119977.57)
[MODE: BIDIRECTIONAL]
[318][GREEDY] CONSEGNATO! STARLINK-11474 [DTC] -> OBS | Tramission-time: 2.7874533333845532e-11
---> Task 319 (Type: CPU_Intensive) arriva in 163.95
--- [163.95] Task 319 using SearchNode Policy: v2_ilp_hybrid ---
[163.95] [Task 319] Entering ILP branch (v2)
[ε-constraint energy] sumE_B=1.538375  bound=1.692213  active=False
[ILP] res_type=dict value_preview={'stage': 'B', 'status': 'Optimal', 'primary': 'energy', 'tol': 0.1, 'opt_primary': 1.538375423319584, 'objective_secondary': 0.8258157321557472, 'sumE': 1.5383
[163.95] [Task 319] ILP chose server: STARLINK-31763
[163.95] [Task 319] Routed STARLINK-11734 [DTC] -> STARLINK-31763 | E_NET=0.000019 J | Remaining=119999.98 J
[163.950] Task 319 enqueued on CPU STARLINK-31763 qlen_enqueue=1
----------------------------------------------------------------------
	||TIME IN SIMULATION : (seconds:164) (minutes: 2) ||

MODIFICA CONFIGURAZIONE IN CORSO...

Aggiornato il Tempo Globale:  2025-11-20 20:57:58
---> Task 320 (Type: Generic_Service) arriva in 164.76
--- [164.76] Task 320 using SearchNode Policy: v2_ilp_hybrid ---
[164.76] [Task 320] Entering ILP branch (v2)
[ε-constraint energy] sumE_B=0.172835  bound=0.190119  active=False
[ILP] res_type=dict value_preview={'stage': 'B', 'status': 'Optimal', 'primary': 'energy', 'tol': 0.1, 'opt_primary': 0.17283518116156624, 'objective_secondary': 0.09279556584047581, 'sumE': 0.1
[164.76] [Task 320] ILP chose server: STARLINK-32442
[164.76] [Task 320] Routed STARLINK-33947 -> STARLINK-32442 | E_NET=0.000034 J | Remaining=120000.00 J
[164.757] Task 320 enqueued on CPU STARLINK-32442 qlen_enqueue=1
[Task 319] Task eseguito su STARLINK-31763 61.50766350236593 degrees | CPU=1.5383J, NET=0.0000J, TOTAL=1.5384J, Remaining=119976.03J
[164.778] Task 319 served on STARLINK-31763 qlen_enqueue_cpu=1 qlen_enqueue_net=None time_in_queue=0.000
---> Task 321 (Type: CPU_and_Data_Intensive) arriva in 164.82
--- [164.82] Task 321 using SearchNode Policy: v2_ilp_hybrid ---
[164.82] [Task 321] Entering ILP branch (v2)
[ε-constraint energy] sumE_B=0.968826  bound=1.065709  active=False
[ILP] res_type=dict value_preview={'stage': 'B', 'status': 'Optimal', 'primary': 'energy', 'tol': 0.1, 'opt_primary': 0.968826080538944, 'objective_secondary': 0.520221302167377, 'sumE': 0.96882
[164.82] [Task 321] ILP chose server: STARLINK-31782
[164.82] [Task 321] Routed STARLINK-33947 -> STARLINK-31782 | E_NET=0.000309 J | Remaining=120000.00 J
[164.821] Task 321 enqueued on CPU STARLINK-31782 qlen_enqueue=1
[319][GREEDY] STARLINK-31763 -> STARLINK-11474 [DTC] | Tramission-time: 0.0008303076661166004
[319] Energy routing consumed by STARLINK-31763: 0.000000 J (remaining 119976.03)
[MODE: BIDIRECTIONAL]
[319][GREEDY] CONSEGNATO! STARLINK-11474 [DTC] -> OBS | Tramission-time: 1.766343137922411e-11
[Task 320] Task eseguito su STARLINK-32442 27.882282779242633 degrees | CPU=0.1728J, NET=0.0000J, TOTAL=0.1728J, Remaining=119999.83J
[164.852] Task 320 served on STARLINK-32442 qlen_enqueue_cpu=1 qlen_enqueue_net=None time_in_queue=0.000
---> Task 322 (Type: Generic_Service) arriva in 164.89
--- [164.89] Task 322 using SearchNode Policy: v2_ilp_hybrid ---
[164.89] [Task 322] Entering ILP branch (v2)
[ε-constraint energy] sumE_B=0.036472  bound=0.040119  active=False
[ILP] res_type=dict value_preview={'stage': 'B', 'status': 'Optimal', 'primary': 'energy', 'tol': 0.1, 'opt_primary': 0.036471624808575694, 'objective_secondary': 0.019582008986082648, 'sumE': 0
[164.89] [Task 322] ILP chose server: STARLINK-32442
[164.89] [Task 322] Routed STARLINK-33947 -> STARLINK-32442 | E_NET=0.000008 J | Remaining=120000.00 J
[164.888] Task 322 enqueued on CPU STARLINK-32442 qlen_enqueue=1
[Task 322] Task eseguito su STARLINK-32442 27.882282779242633 degrees | CPU=0.0365J, NET=0.0000J, TOTAL=0.0365J, Remaining=119999.79J
[164.908] Task 322 served on STARLINK-32442 qlen_enqueue_cpu=1 qlen_enqueue_net=None time_in_queue=0.000
[320][GREEDY] STARLINK-32442 -> STARLINK-35307 | Tramission-time: 0.0021726257670054176
[320] Energy routing consumed by STARLINK-32442: 0.000000 J (remaining 119999.79)
[MODE: BIDIRECTIONAL]
[320][GREEDY] CONSEGNATO! STARLINK-35307 -> OBS | Tramission-time: 2.500093538668536e-11
[322][GREEDY] STARLINK-32442 -> STARLINK-35307 | Tramission-time: 0.0021726257450662514
[322] Energy routing consumed by STARLINK-32442: 0.000000 J (remaining 119999.79)
[MODE: BIDIRECTIONAL]
[322][GREEDY] CONSEGNATO! STARLINK-35307 -> OBS | Tramission-time: 7.301865470601947e-12
[165.340] Task 321 enqueued on NET STARLINK-31782 qlen_enqueue_net=1
[Task 321] Task eseguito su STARLINK-31782 45.87436254949541 degrees | CPU=0.9685J, NET=0.0003J, TOTAL=0.9688J, Remaining=119978.82J
[165.341] Task 321 served on STARLINK-31782 qlen_enqueue_cpu=1 qlen_enqueue_net=1 time_in_queue=0.000
[321][GREEDY] STARLINK-31782 -> STARLINK-11474 [DTC] | Tramission-time: 0.0013160846140563875
[321] Energy routing consumed by STARLINK-31782: 0.000000 J (remaining 119978.82)
[MODE: BIDIRECTIONAL]
[321][GREEDY] CONSEGNATO! STARLINK-11474 [DTC] -> OBS | Tramission-time: 2.881630379024208e-10
---> Task 323 (Type: Generic_Service) arriva in 165.55
--- [165.55] Task 323 using SearchNode Policy: v2_ilp_hybrid ---
[165.55] [Task 323] Entering ILP branch (v2)
[ε-constraint energy] sumE_B=0.036054  bound=0.039660  active=False
[ILP] res_type=dict value_preview={'stage': 'B', 'status': 'Optimal', 'primary': 'energy', 'tol': 0.1, 'opt_primary': 0.03605443579154919, 'objective_secondary': 0.019365960635969633, 'sumE': 0.
[165.55] [Task 323] ILP chose server: STARLINK-32442
[165.55] [Task 323] Routed STARLINK-33947 -> STARLINK-32442 | E_NET=0.000023 J | Remaining=120000.00 J
[165.549] Task 323 enqueued on CPU STARLINK-32442 qlen_enqueue=1
[Task 323] Task eseguito su STARLINK-32442 27.882282779242633 degrees | CPU=0.0360J, NET=0.0000J, TOTAL=0.0361J, Remaining=119999.75J
[165.570] Task 323 served on STARLINK-32442 qlen_enqueue_cpu=1 qlen_enqueue_net=None time_in_queue=0.000
[323][GREEDY] STARLINK-32442 -> STARLINK-35307 | Tramission-time: 0.0021726257583884615
[323] Energy routing consumed by STARLINK-32442: 0.000000 J (remaining 119999.75)
[MODE: BIDIRECTIONAL]
[323][GREEDY] CONSEGNATO! STARLINK-35307 -> OBS | Tramission-time: 1.896662387058459e-11
----------------------------------------------------------------------
	||TIME IN SIMULATION : (seconds:166) (minutes: 2) ||

MODIFICA CONFIGURAZIONE IN CORSO...

Aggiornato il Tempo Globale:  2025-11-20 20:58:00
---> Task 324 (Type: CPU_and_Data_Intensive) arriva in 166.97
--- [166.97] Task 324 using SearchNode Policy: v2_ilp_hybrid ---
[166.97] [Task 324] Entering ILP branch (v2)
[ε-constraint energy] sumE_B=0.420840  bound=0.462924  active=False
[ILP] res_type=dict value_preview={'stage': 'B', 'status': 'Optimal', 'primary': 'energy', 'tol': 0.1, 'opt_primary': 0.4208396985094199, 'objective_secondary': 0.23024715854672742, 'sumE': 0.42
[166.97] [Task 324] ILP chose server: STARLINK-32442
[166.97] [Task 324] Routed STARLINK-33947 -> STARLINK-32442 | E_NET=0.006870 J | Remaining=119999.99 J
[166.979] Task 324 enqueued on CPU STARLINK-32442 qlen_enqueue=1
[167.200] Task 324 enqueued on NET STARLINK-32442 qlen_enqueue_net=1
[Task 324] Task eseguito su STARLINK-32442 28.39848792416835 degrees | CPU=0.4115J, NET=0.0069J, TOTAL=0.4183J, Remaining=119999.34J
[167.207] Task 324 served on STARLINK-32442 qlen_enqueue_cpu=1 qlen_enqueue_net=1 time_in_queue=0.000
[324][GREEDY] STARLINK-32442 -> STARLINK-35307 | Tramission-time: 0.0021736252100151027
[324] Energy routing consumed by STARLINK-32442: 0.000000 J (remaining 119999.34)
[MODE: BIDIRECTIONAL]
[324][GREEDY] CONSEGNATO! STARLINK-35307 -> OBS | Tramission-time: 7.950567932824418e-09
---> Task 325 (Type: CPU_Intensive) arriva in 167.61
--- [167.61] Task 325 using SearchNode Policy: v2_ilp_hybrid ---
[167.61] [Task 325] Entering ILP branch (v2)
[ε-constraint energy] sumE_B=3.316054  bound=3.647659  active=False
[ILP] res_type=dict value_preview={'stage': 'B', 'status': 'Optimal', 'primary': 'energy', 'tol': 0.1, 'opt_primary': 3.316053777588282, 'objective_secondary': 1.7800831635360472, 'sumE': 3.3160
[167.61] [Task 325] ILP chose server: STARLINK-32442
[167.61] [Task 325] Routed STARLINK-33947 -> STARLINK-32442 | E_NET=0.000027 J | Remaining=119999.99 J
[167.607] Task 325 enqueued on CPU STARLINK-32442 qlen_enqueue=1
----------------------------------------------------------------------
	||TIME IN SIMULATION : (seconds:168) (minutes: 2) ||

MODIFICA CONFIGURAZIONE IN CORSO...

Aggiornato il Tempo Globale:  2025-11-20 20:58:02
---> Task 326 (Type: CPU_Intensive) arriva in 169.12
--- [169.12] Task 326 using SearchNode Policy: v2_ilp_hybrid ---
[169.12] [Task 326] Entering ILP branch (v2)
[ε-constraint energy] sumE_B=0.485240  bound=0.533764  active=False
[ILP] res_type=dict value_preview={'stage': 'B', 'status': 'Optimal', 'primary': 'energy', 'tol': 0.1, 'opt_primary': 0.4852402373559022, 'objective_secondary': 0.260492711947065, 'sumE': 0.4852
[169.12] [Task 326] ILP chose server: STARLINK-31782
[169.12] [Task 326] Routed STARLINK-33947 -> STARLINK-31782 | E_NET=0.000024 J | Remaining=119999.99 J
[169.118] Task 326 enqueued on CPU STARLINK-31782 qlen_enqueue=1
[Task 326] Task eseguito su STARLINK-31782 47.73301256850289 degrees | CPU=0.4852J, NET=0.0000J, TOTAL=0.4852J, Remaining=119978.34J
[169.380] Task 326 served on STARLINK-31782 qlen_enqueue_cpu=1 qlen_enqueue_net=None time_in_queue=0.000
[Task 325] Task eseguito su STARLINK-32442 28.92635155588844 degrees | CPU=3.3160J, NET=0.0000J, TOTAL=3.3160J, Remaining=119996.02J
[169.389] Task 325 served on STARLINK-32442 qlen_enqueue_cpu=1 qlen_enqueue_net=None time_in_queue=0.000
[326][GREEDY] STARLINK-31782 -> STARLINK-11474 [DTC] | Tramission-time: 0.0013318603469631375
[326] Energy routing consumed by STARLINK-31782: 0.000000 J (remaining 119978.34)
[325][GREEDY] STARLINK-32442 -> STARLINK-35307 | Tramission-time: 0.002174610644341544
[325] Energy routing consumed by STARLINK-32442: 0.000000 J (remaining 119996.02)
[MODE: BIDIRECTIONAL]
[325][GREEDY] CONSEGNATO! STARLINK-35307 -> OBS | Tramission-time: 2.628278906224209e-11
[MODE: BIDIRECTIONAL]
[326][GREEDY] CONSEGNATO! STARLINK-11474 [DTC] -> OBS | Tramission-time: 2.6828185524967977e-11
----------------------------------------------------------------------
	||TIME IN SIMULATION : (seconds:170) (minutes: 2) ||

MODIFICA CONFIGURAZIONE IN CORSO...

Aggiornato il Tempo Globale:  2025-11-20 20:58:04
---> Task 327 (Type: CPU_Intensive) arriva in 170.21
--- [170.21] Task 327 using SearchNode Policy: v2_ilp_hybrid ---
[170.21] [Task 327] Entering ILP branch (v2)
[ε-constraint energy] sumE_B=0.112986  bound=0.124285  active=False
[ILP] res_type=dict value_preview={'stage': 'B', 'status': 'Optimal', 'primary': 'energy', 'tol': 0.1, 'opt_primary': 0.11298649813393315, 'objective_secondary': 0.06065889165511744, 'sumE': 0.1
[170.21] [Task 327] ILP chose server: STARLINK-31782
[170.21] [Task 327] Routed STARLINK-33947 -> STARLINK-31782 | E_NET=0.000014 J | Remaining=119999.99 J
[170.209] Task 327 enqueued on CPU STARLINK-31782 qlen_enqueue=1
[Task 327] Task eseguito su STARLINK-31782 48.6916045554334 degrees | CPU=0.1130J, NET=0.0000J, TOTAL=0.1130J, Remaining=119978.23J
[170.271] Task 327 served on STARLINK-31782 qlen_enqueue_cpu=1 qlen_enqueue_net=None time_in_queue=0.000
[327][GREEDY] STARLINK-31782 -> STARLINK-11474 [DTC] | Tramission-time: 0.0013408675331044583
[327] Energy routing consumed by STARLINK-31782: 0.000000 J (remaining 119978.23)
[MODE: BIDIRECTIONAL]
[327][GREEDY] CONSEGNATO! STARLINK-11474 [DTC] -> OBS | Tramission-time: 1.4949273979159002e-11
---> Task 328 (Type: CPU_and_Data_Intensive) arriva in 170.69
--- [170.69] Task 328 using SearchNode Policy: v2_ilp_hybrid ---
[170.69] [Task 328] Entering ILP branch (v2)
[ε-constraint energy] sumE_B=1.488103  bound=1.636914  active=False
[ILP] res_type=dict value_preview={'stage': 'B', 'status': 'Optimal', 'primary': 'energy', 'tol': 0.1, 'opt_primary': 1.4881033190118802, 'objective_secondary': 0.8771862285706753, 'sumE': 1.488
[170.69] [Task 328] ILP chose server: STARLINK-31782
[170.69] [Task 328] Routed STARLINK-33947 -> STARLINK-31782 | E_NET=0.143325 J | Remaining=119999.85 J
---> Task 329 (Type: CPU_Intensive) arriva in 170.83
--- [170.83] Task 329 using SearchNode Policy: v2_ilp_hybrid ---
[170.83] [Task 329] Entering ILP branch (v2)
[ε-constraint energy] sumE_B=1.759548  bound=1.935503  active=False
[ILP] res_type=dict value_preview={'stage': 'B', 'status': 'Optimal', 'primary': 'energy', 'tol': 0.1, 'opt_primary': 1.7595477522094085, 'objective_secondary': 0.9445462128452651, 'sumE': 1.759
[170.83] [Task 329] ILP chose server: STARLINK-31763
[170.83] [Task 329] Routed STARLINK-11734 [DTC] -> STARLINK-31763 | E_NET=0.000029 J | Remaining=119999.98 J
[170.829] Task 329 enqueued on CPU STARLINK-31763 qlen_enqueue=1
[170.832] Task 328 enqueued on CPU STARLINK-31782 qlen_enqueue=1
---> Task 330 (Type: CPU_Intensive) arriva in 170.96
--- [170.96] Task 330 using SearchNode Policy: v2_ilp_hybrid ---
[170.96] [Task 330] Entering ILP branch (v2)
[ε-constraint energy] sumE_B=0.306413  bound=0.337055  active=False
[ILP] res_type=dict value_preview={'stage': 'B', 'status': 'Optimal', 'primary': 'energy', 'tol': 0.1, 'opt_primary': 0.30641343342578425, 'objective_secondary': 0.16450213880219317, 'sumE': 0.3
[170.96] [Task 330] ILP chose server: STARLINK-31702
[170.96] [Task 330] Routed STARLINK-11734 [DTC] -> STARLINK-31702 | E_NET=0.000040 J | Remaining=119999.98 J
[170.956] Task 330 enqueued on CPU STARLINK-31702 qlen_enqueue=1
[Task 330] Task eseguito su STARLINK-31702 48.36185161552603 degrees | CPU=0.3064J, NET=0.0000J, TOTAL=0.3064J, Remaining=119990.12J
[171.123] Task 330 served on STARLINK-31702 qlen_enqueue_cpu=1 qlen_enqueue_net=None time_in_queue=0.000
[330][GREEDY] STARLINK-31702 -> STARLINK-11474 [DTC] | Tramission-time: 0.0011897589858709434
[330] Energy routing consumed by STARLINK-31702: 0.000000 J (remaining 119990.12)
[MODE: BIDIRECTIONAL]
[330][GREEDY] CONSEGNATO! STARLINK-11474 [DTC] -> OBS | Tramission-time: 3.158437780698671e-11
[171.540] Task 328 enqueued on NET STARLINK-31782 qlen_enqueue_net=1
[Task 328] Task eseguito su STARLINK-31782 48.6916045554334 degrees | CPU=1.3189J, NET=0.1433J, TOTAL=1.4622J, Remaining=119976.76J
[171.683] Task 328 served on STARLINK-31782 qlen_enqueue_cpu=1 qlen_enqueue_net=1 time_in_queue=0.000
[328][GREEDY] STARLINK-31782 -> STARLINK-11474 [DTC] | Tramission-time: 0.0013410129736764738
[328] Energy routing consumed by STARLINK-31782: 0.000000 J (remaining 119976.76)
[Task 329] Task eseguito su STARLINK-31763 64.90186683997953 degrees | CPU=1.7595J, NET=0.0000J, TOTAL=1.7595J, Remaining=119974.27J
[171.776] Task 329 served on STARLINK-31763 qlen_enqueue_cpu=1 qlen_enqueue_net=None time_in_queue=0.000
[329][GREEDY] STARLINK-31763 -> STARLINK-11474 [DTC] | Tramission-time: 0.0008866223484014859
[329] Energy routing consumed by STARLINK-31763: 0.000000 J (remaining 119974.27)
[MODE: BIDIRECTIONAL]
[328][GREEDY] CONSEGNATO! STARLINK-11474 [DTC] -> OBS | Tramission-time: 1.251471620047289e-07
[MODE: BIDIRECTIONAL]
[329][GREEDY] CONSEGNATO! STARLINK-11474 [DTC] -> OBS | Tramission-time: 3.186646563783544e-11
----------------------------------------------------------------------
	||TIME IN SIMULATION : (seconds:172) (minutes: 2) ||

MODIFICA CONFIGURAZIONE IN CORSO...

Aggiornato il Tempo Globale:  2025-11-20 20:58:06
---> Task 331 (Type: CPU_Intensive) arriva in 172.20
--- [172.20] Task 331 using SearchNode Policy: v2_ilp_hybrid ---
[172.20] [Task 331] Entering ILP branch (v2)
[ε-constraint energy] sumE_B=0.751609  bound=0.826770  active=False
[ILP] res_type=dict value_preview={'stage': 'B', 'status': 'Optimal', 'primary': 'energy', 'tol': 0.1, 'opt_primary': 0.7516094323670743, 'objective_secondary': 0.40348037875595405, 'sumE': 0.75
[172.20] [Task 331] ILP chose server: STARLINK-31763
[172.20] [Task 331] Routed STARLINK-11734 [DTC] -> STARLINK-31763 | E_NET=0.000028 J | Remaining=119999.98 J
[172.200] Task 331 enqueued on CPU STARLINK-31763 qlen_enqueue=1
[Task 331] Task eseguito su STARLINK-31763 66.00630114226875 degrees | CPU=0.7516J, NET=0.0000J, TOTAL=0.7516J, Remaining=119973.52J
[172.606] Task 331 served on STARLINK-31763 qlen_enqueue_cpu=1 qlen_enqueue_net=None time_in_queue=0.000
[MODE: BIDIRECTIONAL]
[331][GREEDY] CONSEGNATO! STARLINK-31763 -> OBS | Tramission-time: 2.220132905566524e-11
---> Task 332 (Type: CPU_Intensive) arriva in 173.74
--- [173.74] Task 332 using SearchNode Policy: v2_ilp_hybrid ---
[173.74] [Task 332] Entering ILP branch (v2)
[ε-constraint energy] sumE_B=0.835737  bound=0.919311  active=False
[ILP] res_type=dict value_preview={'stage': 'B', 'status': 'Optimal', 'primary': 'energy', 'tol': 0.1, 'opt_primary': 0.8357369078806675, 'objective_secondary': 0.4486325056658801, 'sumE': 0.835
[173.74] [Task 332] ILP chose server: STARLINK-31763
[173.74] [Task 332] Routed STARLINK-11734 [DTC] -> STARLINK-31763 | E_NET=0.000013 J | Remaining=119999.98 J
[173.746] Task 332 enqueued on CPU STARLINK-31763 qlen_enqueue=1
----------------------------------------------------------------------
	||TIME IN SIMULATION : (seconds:174) (minutes: 2) ||

MODIFICA CONFIGURAZIONE IN CORSO...

Aggiornato il Tempo Globale:  2025-11-20 20:58:08
---> Task 333 (Type: CPU_Intensive) arriva in 174.10
--- [174.10] Task 333 using SearchNode Policy: v2_ilp_hybrid ---
[174.10] [Task 333] Entering ILP branch (v2)
[ε-constraint energy] sumE_B=0.449066  bound=0.493972  active=False
[ILP] res_type=dict value_preview={'stage': 'B', 'status': 'Optimal', 'primary': 'energy', 'tol': 0.1, 'opt_primary': 0.4490658044190828, 'objective_secondary': 0.24106684137000803, 'sumE': 0.44
[174.10] [Task 333] ILP chose server: STARLINK-31702
[174.10] [Task 333] Routed STARLINK-11734 [DTC] -> STARLINK-31702 | E_NET=0.000013 J | Remaining=119999.98 J
[174.105] Task 333 enqueued on CPU STARLINK-31702 qlen_enqueue=1
[Task 332] Task eseguito su STARLINK-31763 67.08497600224902 degrees | CPU=0.8357J, NET=0.0000J, TOTAL=0.8357J, Remaining=119972.69J
[174.195] Task 332 served on STARLINK-31763 qlen_enqueue_cpu=1 qlen_enqueue_net=None time_in_queue=0.000
[MODE: BIDIRECTIONAL]
[332][GREEDY] CONSEGNATO! STARLINK-31763 -> OBS | Tramission-time: 1.1846317847652268e-11
---> Task 334 (Type: CPU_Intensive) arriva in 174.34
--- [174.34] Task 334 using SearchNode Policy: v2_ilp_hybrid ---
[174.34] [Task 334] Entering ILP branch (v2)
[ε-constraint energy] sumE_B=0.066112  bound=0.072724  active=False
[ILP] res_type=dict value_preview={'stage': 'B', 'status': 'Optimal', 'primary': 'energy', 'tol': 0.1, 'opt_primary': 0.06611241677885599, 'objective_secondary': 0.035505585407620076, 'sumE': 0.
[174.34] [Task 334] ILP chose server: STARLINK-31763
[174.34] [Task 334] Routed STARLINK-11734 [DTC] -> STARLINK-31763 | E_NET=0.000024 J | Remaining=119999.98 J
[174.344] Task 334 enqueued on CPU STARLINK-31763 qlen_enqueue=1
[Task 333] Task eseguito su STARLINK-31702 48.32599433743945 degrees | CPU=0.4491J, NET=0.0000J, TOTAL=0.4491J, Remaining=119989.67J
[174.347] Task 333 served on STARLINK-31702 qlen_enqueue_cpu=1 qlen_enqueue_net=None time_in_queue=0.000
[333][GREEDY] STARLINK-31702 -> STARLINK-35307 | Tramission-time: 0.0017864504370460055
[333] Energy routing consumed by STARLINK-31702: 0.000000 J (remaining 119989.67)
[MODE: BIDIRECTIONAL]
[333][GREEDY] CONSEGNATO! STARLINK-35307 -> OBS | Tramission-time: 1.0660334833002055e-11
[Task 334] Task eseguito su STARLINK-31763 67.08497600224902 degrees | CPU=0.0661J, NET=0.0000J, TOTAL=0.0661J, Remaining=119972.62J
[174.381] Task 334 served on STARLINK-31763 qlen_enqueue_cpu=1 qlen_enqueue_net=None time_in_queue=0.000
[MODE: BIDIRECTIONAL]
[334][GREEDY] CONSEGNATO! STARLINK-31763 -> OBS | Tramission-time: 2.704623992123657e-11
---> Task 335 (Type: CPU_Intensive) arriva in 174.68
--- [174.68] Task 335 using SearchNode Policy: v2_ilp_hybrid ---
[174.68] [Task 335] Entering ILP branch (v2)
[ε-constraint energy] sumE_B=5.517262  bound=6.068988  active=False
[ILP] res_type=dict value_preview={'stage': 'B', 'status': 'Optimal', 'primary': 'energy', 'tol': 0.1, 'opt_primary': 5.517261506536198, 'objective_secondary': 2.9616971576493953, 'sumE': 5.5172
[174.68] [Task 335] ILP chose server: STARLINK-31763
[174.68] [Task 335] Routed STARLINK-11734 [DTC] -> STARLINK-31763 | E_NET=0.000025 J | Remaining=119999.98 J
[174.679] Task 335 enqueued on CPU STARLINK-31763 qlen_enqueue=1
---> Task 336 (Type: Generic_Service) arriva in 174.81
--- [174.81] Task 336 using SearchNode Policy: v2_ilp_hybrid ---
[174.81] [Task 336] Entering ILP branch (v2)
[ε-constraint energy] sumE_B=0.082107  bound=0.090317  active=False
[ILP] res_type=dict value_preview={'stage': 'B', 'status': 'Optimal', 'primary': 'energy', 'tol': 0.1, 'opt_primary': 0.08210662620774901, 'objective_secondary': 0.044077546302728865, 'sumE': 0.
[174.81] [Task 336] ILP chose server: STARLINK-31702
[174.81] [Task 336] Routed STARLINK-11734 [DTC] -> STARLINK-31702 | E_NET=0.000005 J | Remaining=119999.98 J
[174.813] Task 336 enqueued on CPU STARLINK-31702 qlen_enqueue=1
[Task 336] Task eseguito su STARLINK-31702 48.32599433743945 degrees | CPU=0.0821J, NET=0.0000J, TOTAL=0.0821J, Remaining=119989.59J
[174.857] Task 336 served on STARLINK-31702 qlen_enqueue_cpu=1 qlen_enqueue_net=None time_in_queue=0.000
[336][GREEDY] STARLINK-31702 -> STARLINK-35307 | Tramission-time: 0.0017864504271126948
[336] Energy routing consumed by STARLINK-31702: 0.000000 J (remaining 119989.59)
[MODE: BIDIRECTIONAL]
[336][GREEDY] CONSEGNATO! STARLINK-35307 -> OBS | Tramission-time: 4.094001884636912e-12
----------------------------------------------------------------------
	||TIME IN SIMULATION : (seconds:176) (minutes: 2) ||

MODIFICA CONFIGURAZIONE IN CORSO...

Aggiornato il Tempo Globale:  2025-11-20 20:58:10
---> Task 337 (Type: CPU_and_Data_Intensive) arriva in 176.18
--- [176.18] Task 337 using SearchNode Policy: v2_ilp_hybrid ---
[176.18] [Task 337] Entering ILP branch (v2)
[ε-constraint energy] sumE_B=1.354927  bound=1.490420  active=False
[ILP] res_type=dict value_preview={'stage': 'B', 'status': 'Optimal', 'primary': 'energy', 'tol': 0.1, 'opt_primary': 1.3549268829060308, 'objective_secondary': 0.7277671928866353, 'sumE': 1.354
[176.18] [Task 337] ILP chose server: STARLINK-31702
[176.18] [Task 337] Routed STARLINK-11734 [DTC] -> STARLINK-31702 | E_NET=0.000735 J | Remaining=119999.98 J
[176.181] Task 337 enqueued on CPU STARLINK-31702 qlen_enqueue=1
---> Task 338 (Type: CPU_Intensive) arriva in 176.35
--- [176.35] Task 338 using SearchNode Policy: v2_ilp_hybrid ---
[176.35] [Task 338] Entering ILP branch (v2)
[ε-constraint energy] sumE_B=1.161381  bound=1.277519  active=False
[ILP] res_type=dict value_preview={'stage': 'B', 'status': 'Optimal', 'primary': 'energy', 'tol': 0.1, 'opt_primary': 1.1613810137631102, 'objective_secondary': 0.6234347931166875, 'sumE': 1.161
[176.35] [Task 338] ILP chose server: STARLINK-31585
[176.35] [Task 338] Routed STARLINK-11734 [DTC] -> STARLINK-31585 | E_NET=0.000005 J | Remaining=119999.98 J
[176.350] Task 338 enqueued on CPU STARLINK-31585 qlen_enqueue=1
---> Task 339 (Type: Generic_Service) arriva in 176.89
--- [176.89] Task 339 using SearchNode Policy: v2_ilp_hybrid ---
[176.89] [Task 339] Entering ILP branch (v2)
[ε-constraint energy] sumE_B=0.017225  bound=0.018947  active=False
[ILP] res_type=dict value_preview={'stage': 'B', 'status': 'Optimal', 'primary': 'energy', 'tol': 0.1, 'opt_primary': 0.01722490313817525, 'objective_secondary': 0.009259817473873867, 'sumE': 0.
[176.89] [Task 339] ILP chose server: STARLINK-3149
[176.89] [Task 339] Routed STARLINK-11734 [DTC] -> STARLINK-3149 | E_NET=0.000027 J | Remaining=119999.98 J
[176.894] Task 339 enqueued on CPU STARLINK-3149 qlen_enqueue=1
[Task 339] Task eseguito su STARLINK-3149 34.40957523711765 degrees | CPU=0.0172J, NET=0.0000J, TOTAL=0.0172J, Remaining=119999.98J
[176.905] Task 339 served on STARLINK-3149 qlen_enqueue_cpu=1 qlen_enqueue_net=None time_in_queue=0.000
[176.908] Task 337 enqueued on NET STARLINK-31702 qlen_enqueue_net=1
[Task 337] Task eseguito su STARLINK-31702 48.25460771440451 degrees | CPU=1.3540J, NET=0.0007J, TOTAL=1.3547J, Remaining=119988.23J
[176.908] Task 337 served on STARLINK-31702 qlen_enqueue_cpu=1 qlen_enqueue_net=1 time_in_queue=0.000
[337][GREEDY] STARLINK-31702 -> STARLINK-11734 [DTC] | Tramission-time: 0.000569662906263394
[337] Energy routing consumed by STARLINK-31702: 0.000000 J (remaining 119988.23)
[339][GREEDY] STARLINK-3149 -> STARLINK-11734 [DTC] | Tramission-time: 0.0021728318494636583
[339] Energy routing consumed by STARLINK-3149: 0.000000 J (remaining 119999.98)
[MODE: BIDIRECTIONAL]
[337][GREEDY] CONSEGNATO! STARLINK-11734 [DTC] -> OBS | Tramission-time: 6.329497386700826e-10
[Task 338] Task eseguito su STARLINK-31585 71.92596022482356 degrees | CPU=1.1614J, NET=0.0000J, TOTAL=1.1614J, Remaining=119997.30J
[176.974] Task 338 served on STARLINK-31585 qlen_enqueue_cpu=1 qlen_enqueue_net=None time_in_queue=0.000
[338][GREEDY] STARLINK-31585 -> STARLINK-11734 [DTC] | Tramission-time: 0.001551674145157102
[338] Energy routing consumed by STARLINK-31585: 0.000000 J (remaining 119997.30)
[MODE: BIDIRECTIONAL]
[339][GREEDY] CONSEGNATO! STARLINK-11734 [DTC] -> OBS | Tramission-time: 2.009365388585905e-11
---> Task 340 (Type: Generic_Service) arriva in 177.08
--- [177.08] Task 340 using SearchNode Policy: v2_ilp_hybrid ---
[177.08] [Task 340] Entering ILP branch (v2)
[ε-constraint energy] sumE_B=0.090668  bound=0.099735  active=False
[ILP] res_type=dict value_preview={'stage': 'B', 'status': 'Optimal', 'primary': 'energy', 'tol': 0.1, 'opt_primary': 0.09066786395182738, 'objective_secondary': 0.04868217712568079, 'sumE': 0.0
[177.08] [Task 340] ILP chose server: STARLINK-31702
[177.08] [Task 340] Routed STARLINK-11734 [DTC] -> STARLINK-31702 | E_NET=0.000019 J | Remaining=119999.98 J
[177.083] Task 340 enqueued on CPU STARLINK-31702 qlen_enqueue=1
[Task 340] Task eseguito su STARLINK-31702 48.25460771440451 degrees | CPU=0.0906J, NET=0.0000J, TOTAL=0.0907J, Remaining=119988.14J
[177.134] Task 340 served on STARLINK-31702 qlen_enqueue_cpu=1 qlen_enqueue_net=None time_in_queue=0.000
[340][GREEDY] STARLINK-31702 -> STARLINK-11734 [DTC] | Tramission-time: 0.0005696622614922986
[340] Energy routing consumed by STARLINK-31702: 0.000000 J (remaining 119988.14)
[MODE: BIDIRECTIONAL]
[338][GREEDY] CONSEGNATO! STARLINK-11734 [DTC] -> OBS | Tramission-time: 5.031149696448885e-12
---> Task 341 (Type: Generic_Service) arriva in 177.23
--- [177.23] Task 341 using SearchNode Policy: v2_ilp_hybrid ---
[177.23] [Task 341] Entering ILP branch (v2)
[ε-constraint energy] sumE_B=0.037898  bound=0.041688  active=False
[ILP] res_type=dict value_preview={'stage': 'B', 'status': 'Optimal', 'primary': 'energy', 'tol': 0.1, 'opt_primary': 0.03789831725681667, 'objective_secondary': 0.02035678491542505, 'sumE': 0.0
[177.23] [Task 341] ILP chose server: STARLINK-31702
[177.23] [Task 341] Routed STARLINK-11734 [DTC] -> STARLINK-31702 | E_NET=0.000022 J | Remaining=119999.98 J
[177.228] Task 341 enqueued on CPU STARLINK-31702 qlen_enqueue=1
[Task 341] Task eseguito su STARLINK-31702 48.25460771440451 degrees | CPU=0.0379J, NET=0.0000J, TOTAL=0.0379J, Remaining=119988.10J
[177.250] Task 341 served on STARLINK-31702 qlen_enqueue_cpu=1 qlen_enqueue_net=None time_in_queue=0.000
[341][GREEDY] STARLINK-31702 -> STARLINK-11734 [DTC] | Tramission-time: 0.000569662269467836
[341] Energy routing consumed by STARLINK-31702: 0.000000 J (remaining 119988.10)
[MODE: BIDIRECTIONAL]
[340][GREEDY] CONSEGNATO! STARLINK-11734 [DTC] -> OBS | Tramission-time: 1.7509630845731164e-11
[MODE: BIDIRECTIONAL]
[341][GREEDY] CONSEGNATO! STARLINK-11734 [DTC] -> OBS | Tramission-time: 1.9307185979218855e-11
---> Task 342 (Type: Generic_Service) arriva in 177.55
--- [177.55] Task 342 using SearchNode Policy: v2_ilp_hybrid ---
[177.55] [Task 342] Entering ILP branch (v2)
[ε-constraint energy] sumE_B=0.145746  bound=0.160320  active=False
[ILP] res_type=dict value_preview={'stage': 'B', 'status': 'Optimal', 'primary': 'energy', 'tol': 0.1, 'opt_primary': 0.14574575933357495, 'objective_secondary': 0.0782441640457788, 'sumE': 0.14
[177.55] [Task 342] ILP chose server: STARLINK-31702
[177.55] [Task 342] Routed STARLINK-11734 [DTC] -> STARLINK-31702 | E_NET=0.000013 J | Remaining=119999.98 J
[177.548] Task 342 enqueued on CPU STARLINK-31702 qlen_enqueue=1
[Task 342] Task eseguito su STARLINK-31702 48.25460771440451 degrees | CPU=0.1457J, NET=0.0000J, TOTAL=0.1457J, Remaining=119987.96J
[177.627] Task 342 served on STARLINK-31702 qlen_enqueue_cpu=1 qlen_enqueue_net=None time_in_queue=0.000
[Task 335] Task eseguito su STARLINK-31763 68.12861741526213 degrees | CPU=5.5172J, NET=0.0000J, TOTAL=5.5173J, Remaining=119967.10J
[177.644] Task 335 served on STARLINK-31763 qlen_enqueue_cpu=1 qlen_enqueue_net=None time_in_queue=0.000
[342][GREEDY] STARLINK-31702 -> STARLINK-11734 [DTC] | Tramission-time: 0.0005696622553656014
[342] Energy routing consumed by STARLINK-31702: 0.000000 J (remaining 119987.96)
[MODE: BIDIRECTIONAL]
[335][GREEDY] CONSEGNATO! STARLINK-31763 -> OBS | Tramission-time: 2.7870978366330097e-11
[MODE: BIDIRECTIONAL]
[342][GREEDY] CONSEGNATO! STARLINK-11734 [DTC] -> OBS | Tramission-time: 1.1235051410126697e-11
----------------------------------------------------------------------
	||TIME IN SIMULATION : (seconds:178) (minutes: 2) ||

MODIFICA CONFIGURAZIONE IN CORSO...

Aggiornato il Tempo Globale:  2025-11-20 20:58:12
---> Task 343 (Type: CPU_Intensive) arriva in 178.41
--- [178.41] Task 343 using SearchNode Policy: v2_ilp_hybrid ---
[178.41] [Task 343] Entering ILP branch (v2)
[ε-constraint energy] sumE_B=1.391193  bound=1.530313  active=False
[ILP] res_type=dict value_preview={'stage': 'B', 'status': 'Optimal', 'primary': 'energy', 'tol': 0.1, 'opt_primary': 1.3911932486940293, 'objective_secondary': 0.746806450208365, 'sumE': 1.3911
[178.41] [Task 343] ILP chose server: STARLINK-31702
[178.41] [Task 343] Routed STARLINK-11734 [DTC] -> STARLINK-31702 | E_NET=0.000021 J | Remaining=119999.98 J
[178.407] Task 343 enqueued on CPU STARLINK-31702 qlen_enqueue=1
---> Task 344 (Type: CPU_and_Data_Intensive) arriva in 178.57
--- [178.57] Task 344 using SearchNode Policy: v2_ilp_hybrid ---
[178.57] [Task 344] Entering ILP branch (v2)
[ε-constraint energy] sumE_B=1.582947  bound=1.741241  active=False
[ILP] res_type=dict value_preview={'stage': 'B', 'status': 'Optimal', 'primary': 'energy', 'tol': 0.1, 'opt_primary': 1.5829466556531886, 'objective_secondary': 0.8518206004555152, 'sumE': 1.582
[178.57] [Task 344] ILP chose server: STARLINK-31585
[178.57] [Task 344] Routed STARLINK-11734 [DTC] -> STARLINK-31585 | E_NET=0.003609 J | Remaining=119999.98 J
[178.578] Task 344 enqueued on CPU STARLINK-31585 qlen_enqueue=1
[Task 343] Task eseguito su STARLINK-31702 48.14810068585266 degrees | CPU=1.3912J, NET=0.0000J, TOTAL=1.3912J, Remaining=119986.57J
[179.155] Task 343 served on STARLINK-31702 qlen_enqueue_cpu=1 qlen_enqueue_net=None time_in_queue=0.000
[343][GREEDY] STARLINK-31702 -> STARLINK-11734 [DTC] | Tramission-time: 0.0005931681453741151
[343] Energy routing consumed by STARLINK-31702: 0.000000 J (remaining 119986.57)
[MODE: BIDIRECTIONAL]
[343][GREEDY] CONSEGNATO! STARLINK-11734 [DTC] -> OBS | Tramission-time: 1.5614787332916375e-11
[179.426] Task 344 enqueued on NET STARLINK-31585 qlen_enqueue_net=1
[Task 344] Task eseguito su STARLINK-31585 70.79466530070859 degrees | CPU=1.5784J, NET=0.0036J, TOTAL=1.5820J, Remaining=119995.72J
[179.429] Task 344 served on STARLINK-31585 qlen_enqueue_cpu=1 qlen_enqueue_net=1 time_in_queue=0.000
[344][GREEDY] STARLINK-31585 -> STARLINK-11734 [DTC] | Tramission-time: 0.0015342972154377221
[344] Energy routing consumed by STARLINK-31585: 0.000000 J (remaining 119995.72)
[MODE: BIDIRECTIONAL]
[344][GREEDY] CONSEGNATO! STARLINK-11734 [DTC] -> OBS | Tramission-time: 3.019605348651263e-09
---> Task 345 (Type: Generic_Service) arriva in 179.68
--- [179.68] Task 345 using SearchNode Policy: v2_ilp_hybrid ---
[179.68] [Task 345] Entering ILP branch (v2)
[ε-constraint energy] sumE_B=0.023908  bound=0.026299  active=False
[ILP] res_type=dict value_preview={'stage': 'B', 'status': 'Optimal', 'primary': 'energy', 'tol': 0.1, 'opt_primary': 0.023907974034968908, 'objective_secondary': 0.012850077667171573, 'sumE': 0
[179.68] [Task 345] ILP chose server: STARLINK-31702
[179.68] [Task 345] Routed STARLINK-11734 [DTC] -> STARLINK-31702 | E_NET=0.000034 J | Remaining=119999.98 J
[179.677] Task 345 enqueued on CPU STARLINK-31702 qlen_enqueue=1
[Task 345] Task eseguito su STARLINK-31702 48.14810068585266 degrees | CPU=0.0239J, NET=0.0000J, TOTAL=0.0239J, Remaining=119986.54J
[179.692] Task 345 served on STARLINK-31702 qlen_enqueue_cpu=1 qlen_enqueue_net=None time_in_queue=0.000
[345][GREEDY] STARLINK-31702 -> STARLINK-11734 [DTC] | Tramission-time: 0.0005931681547220728
[345] Energy routing consumed by STARLINK-31702: 0.000000 J (remaining 119986.54)
[MODE: BIDIRECTIONAL]
[345][GREEDY] CONSEGNATO! STARLINK-11734 [DTC] -> OBS | Tramission-time: 2.4566000024403935e-11
----------------------------------------------------------------------
	||TIME IN SIMULATION : (seconds:180) (minutes: 3) ||

MODIFICA CONFIGURAZIONE IN CORSO...

Aggiornato il Tempo Globale:  2025-11-20 20:58:14
---> Task 346 (Type: Generic_Service) arriva in 180.38
--- [180.38] Task 346 using SearchNode Policy: v2_ilp_hybrid ---
[180.38] [Task 346] Entering ILP branch (v2)
[ε-constraint energy] sumE_B=0.066453  bound=0.073099  active=False
[ILP] res_type=dict value_preview={'stage': 'B', 'status': 'Optimal', 'primary': 'energy', 'tol': 0.1, 'opt_primary': 0.06645322236329589, 'objective_secondary': 0.0356820367615546, 'sumE': 0.06
[180.38] [Task 346] ILP chose server: STARLINK-31702
[180.38] [Task 346] Routed STARLINK-11734 [DTC] -> STARLINK-31702 | E_NET=0.000018 J | Remaining=119999.98 J
[180.383] Task 346 enqueued on CPU STARLINK-31702 qlen_enqueue=1
[Task 346] Task eseguito su STARLINK-31702 48.00713128074954 degrees | CPU=0.0664J, NET=0.0000J, TOTAL=0.0664J, Remaining=119986.48J
[180.420] Task 346 served on STARLINK-31702 qlen_enqueue_cpu=1 qlen_enqueue_net=None time_in_queue=0.000
[346][GREEDY] STARLINK-31702 -> STARLINK-11734 [DTC] | Tramission-time: 0.0006177982847230098
[346] Energy routing consumed by STARLINK-31702: 0.000000 J (remaining 119986.48)
[MODE: BIDIRECTIONAL]
[346][GREEDY] CONSEGNATO! STARLINK-11734 [DTC] -> OBS | Tramission-time: 1.3996716167919221e-11
---> Task 347 (Type: Generic_Service) arriva in 180.58
--- [180.58] Task 347 using SearchNode Policy: v2_ilp_hybrid ---
[180.58] [Task 347] Entering ILP branch (v2)
[ε-constraint energy] sumE_B=0.130414  bound=0.143455  active=False
[ILP] res_type=dict value_preview={'stage': 'B', 'status': 'Optimal', 'primary': 'energy', 'tol': 0.1, 'opt_primary': 0.1304136946591125, 'objective_secondary': 0.07002288366646561, 'sumE': 0.13
[180.58] [Task 347] ILP chose server: STARLINK-31702
[180.58] [Task 347] Routed STARLINK-11734 [DTC] -> STARLINK-31702 | E_NET=0.000030 J | Remaining=119999.98 J
[180.576] Task 347 enqueued on CPU STARLINK-31702 qlen_enqueue=1
[Task 347] Task eseguito su STARLINK-31702 48.00713128074954 degrees | CPU=0.1304J, NET=0.0000J, TOTAL=0.1304J, Remaining=119986.35J
[180.648] Task 347 served on STARLINK-31702 qlen_enqueue_cpu=1 qlen_enqueue_net=None time_in_queue=0.000
[347][GREEDY] STARLINK-31702 -> STARLINK-11734 [DTC] | Tramission-time: 0.0006177982915848012
[347] Energy routing consumed by STARLINK-31702: 0.000000 J (remaining 119986.35)
[MODE: BIDIRECTIONAL]
[347][GREEDY] CONSEGNATO! STARLINK-11734 [DTC] -> OBS | Tramission-time: 2.6797501570609355e-11
----------------------------------------------------------------------
	||TIME IN SIMULATION : (seconds:182) (minutes: 3) ||

MODIFICA CONFIGURAZIONE IN CORSO...

Aggiornato il Tempo Globale:  2025-11-20 20:58:16
---> Task 348 (Type: Generic_Service) arriva in 182.56
--- [182.56] Task 348 using SearchNode Policy: v2_ilp_hybrid ---
[182.56] [Task 348] Entering ILP branch (v2)
[ε-constraint energy] sumE_B=0.160126  bound=0.176138  active=False
[ILP] res_type=dict value_preview={'stage': 'B', 'status': 'Optimal', 'primary': 'energy', 'tol': 0.1, 'opt_primary': 0.16012574458069725, 'objective_secondary': 0.08596265842575582, 'sumE': 0.1
[182.56] [Task 348] ILP chose server: STARLINK-31702
[182.56] [Task 348] Routed STARLINK-11734 [DTC] -> STARLINK-31702 | E_NET=0.000010 J | Remaining=119999.98 J
[182.563] Task 348 enqueued on CPU STARLINK-31702 qlen_enqueue=1
[Task 348] Task eseguito su STARLINK-31702 47.83255888675836 degrees | CPU=0.1601J, NET=0.0000J, TOTAL=0.1601J, Remaining=119986.19J
[182.650] Task 348 served on STARLINK-31702 qlen_enqueue_cpu=1 qlen_enqueue_net=None time_in_queue=0.000
[348][GREEDY] STARLINK-31702 -> STARLINK-11734 [DTC] | Tramission-time: 0.0006434231022418779
[348] Energy routing consumed by STARLINK-31702: 0.000000 J (remaining 119986.19)
[MODE: BIDIRECTIONAL]
[348][GREEDY] CONSEGNATO! STARLINK-11734 [DTC] -> OBS | Tramission-time: 1.0847053542542196e-11
---> Task 349 (Type: CPU_Intensive) arriva in 183.37
--- [183.37] Task 349 using SearchNode Policy: v2_ilp_hybrid ---
[183.37] [Task 349] Entering ILP branch (v2)
[ε-constraint energy] sumE_B=0.673062  bound=0.740368  active=False
[ILP] res_type=dict value_preview={'stage': 'B', 'status': 'Optimal', 'primary': 'energy', 'tol': 0.1, 'opt_primary': 0.6730618142056325, 'objective_secondary': 0.36131472549171234, 'sumE': 0.67
[183.37] [Task 349] ILP chose server: STARLINK-31702
[183.37] [Task 349] Routed STARLINK-11734 [DTC] -> STARLINK-31702 | E_NET=0.000021 J | Remaining=119999.98 J
[183.368] Task 349 enqueued on CPU STARLINK-31702 qlen_enqueue=1
---> Task 350 (Type: Generic_Service) arriva in 183.71
--- [183.71] Task 350 using SearchNode Policy: v2_ilp_hybrid ---
[183.71] [Task 350] Entering ILP branch (v2)
[ε-constraint energy] sumE_B=0.035962  bound=0.039558  active=False
[ILP] res_type=dict value_preview={'stage': 'B', 'status': 'Optimal', 'primary': 'energy', 'tol': 0.1, 'opt_primary': 0.03596198725631727, 'objective_secondary': 0.01931458302710789, 'sumE': 0.0
[183.71] [Task 350] ILP chose server: STARLINK-31585
[183.71] [Task 350] Routed STARLINK-11734 [DTC] -> STARLINK-31585 | E_NET=0.000016 J | Remaining=119999.98 J
[183.711] Task 350 enqueued on CPU STARLINK-31585 qlen_enqueue=1
[Task 349] Task eseguito su STARLINK-31702 47.83255888675836 degrees | CPU=0.6730J, NET=0.0000J, TOTAL=0.6731J, Remaining=119985.51J
[183.731] Task 349 served on STARLINK-31702 qlen_enqueue_cpu=1 qlen_enqueue_net=None time_in_queue=0.000
[Task 350] Task eseguito su STARLINK-31585 68.41262954549833 degrees | CPU=0.0359J, NET=0.0000J, TOTAL=0.0360J, Remaining=119995.68J
[183.732] Task 350 served on STARLINK-31585 qlen_enqueue_cpu=1 qlen_enqueue_net=None time_in_queue=0.000
[350][GREEDY] STARLINK-31585 -> STARLINK-11734 [DTC] | Tramission-time: 0.0014998414035653888
[350] Energy routing consumed by STARLINK-31585: 0.000000 J (remaining 119995.68)
[349][GREEDY] STARLINK-31702 -> STARLINK-11734 [DTC] | Tramission-time: 0.0006434231155909532
[349] Energy routing consumed by STARLINK-31702: 0.000000 J (remaining 119985.51)
[MODE: BIDIRECTIONAL]
[350][GREEDY] CONSEGNATO! STARLINK-11734 [DTC] -> OBS | Tramission-time: 1.65463562641191e-11
[MODE: BIDIRECTIONAL]
[349][GREEDY] CONSEGNATO! STARLINK-11734 [DTC] -> OBS | Tramission-time: 1.9211159470443158e-11
---> Task 351 (Type: CPU_Intensive) arriva in 183.96
--- [183.96] Task 351 using SearchNode Policy: v2_ilp_hybrid ---
[183.96] [Task 351] Entering ILP branch (v2)
[ε-constraint energy] sumE_B=1.522379  bound=1.674616  active=False
[ILP] res_type=dict value_preview={'stage': 'B', 'status': 'Optimal', 'primary': 'energy', 'tol': 0.1, 'opt_primary': 1.5223785596930521, 'objective_secondary': 0.8172349934227328, 'sumE': 1.522
[183.96] [Task 351] ILP chose server: STARLINK-31702
[183.96] [Task 351] Routed STARLINK-11734 [DTC] -> STARLINK-31702 | E_NET=0.000028 J | Remaining=119999.98 J
[183.957] Task 351 enqueued on CPU STARLINK-31702 qlen_enqueue=1
----------------------------------------------------------------------
	||TIME IN SIMULATION : (seconds:184) (minutes: 3) ||

MODIFICA CONFIGURAZIONE IN CORSO...

Aggiornato il Tempo Globale:  2025-11-20 20:58:18
---> Task 352 (Type: Generic_Service) arriva in 184.09
--- [184.09] Task 352 using SearchNode Policy: v2_ilp_hybrid ---
[184.09] [Task 352] Entering ILP branch (v2)
[ε-constraint energy] sumE_B=0.028941  bound=0.031835  active=False
[ILP] res_type=dict value_preview={'stage': 'B', 'status': 'Optimal', 'primary': 'energy', 'tol': 0.1, 'opt_primary': 0.028941183402579413, 'objective_secondary': 0.01554729634328609, 'sumE': 0.
[184.09] [Task 352] ILP chose server: STARLINK-31585
[184.09] [Task 352] Routed STARLINK-11734 [DTC] -> STARLINK-31585 | E_NET=0.000020 J | Remaining=119999.98 J
[184.089] Task 352 enqueued on CPU STARLINK-31585 qlen_enqueue=1
[Task 352] Task eseguito su STARLINK-31585 67.18508893453576 degrees | CPU=0.0289J, NET=0.0000J, TOTAL=0.0289J, Remaining=119995.65J
[184.107] Task 352 served on STARLINK-31585 qlen_enqueue_cpu=1 qlen_enqueue_net=None time_in_queue=0.000
[352][GREEDY] STARLINK-31585 -> STARLINK-11734 [DTC] | Tramission-time: 0.0014827782745430382
[352] Energy routing consumed by STARLINK-31585: 0.000000 J (remaining 119995.65)
[MODE: BIDIRECTIONAL]
[352][GREEDY] CONSEGNATO! STARLINK-11734 [DTC] -> OBS | Tramission-time: 1.876650566582406e-11
---> Task 353 (Type: Generic_Service) arriva in 184.77
--- [184.77] Task 353 using SearchNode Policy: v2_ilp_hybrid ---
[184.77] [Task 353] Entering ILP branch (v2)
[ε-constraint energy] sumE_B=0.001663  bound=0.001829  active=False
[ILP] res_type=dict value_preview={'stage': 'B', 'status': 'Optimal', 'primary': 'energy', 'tol': 0.1, 'opt_primary': 0.0016629564188244976, 'objective_secondary': 0.0009090806104586509, 'sumE':
[184.77] [Task 353] ILP chose server: STARLINK-31585
[184.77] [Task 353] Routed STARLINK-11734 [DTC] -> STARLINK-31585 | E_NET=0.000028 J | Remaining=119999.98 J
[Task 353] REJECTED on STARLINK-31585 due to: Deadline Exceeded
[184.77] [Task 353] assignment failed on STARLINK-31585 reason=Deadline Exceeded
[Task 351] Task eseguito su STARLINK-31702 47.625428445183054 degrees | CPU=1.5223J, NET=0.0000J, TOTAL=1.5224J, Remaining=119983.99J
[184.777] Task 351 served on STARLINK-31702 qlen_enqueue_cpu=1 qlen_enqueue_net=None time_in_queue=0.000
[351][GREEDY] STARLINK-31702 -> STARLINK-11734 [DTC] | Tramission-time: 0.0006699280126780207
[351] Energy routing consumed by STARLINK-31702: 0.000000 J (remaining 119983.99)
[MODE: BIDIRECTIONAL]
[351][GREEDY] CONSEGNATO! STARLINK-11734 [DTC] -> OBS | Tramission-time: 3.011772266791838e-11
---> Task 354 (Type: Generic_Service) arriva in 185.40
--- [185.40] Task 354 using SearchNode Policy: v2_ilp_hybrid ---
[185.40] [Task 354] Entering ILP branch (v2)
[ε-constraint energy] sumE_B=0.176006  bound=0.193607  active=False
[ILP] res_type=dict value_preview={'stage': 'B', 'status': 'Optimal', 'primary': 'energy', 'tol': 0.1, 'opt_primary': 0.1760062015203769, 'objective_secondary': 0.09449186525916467, 'sumE': 0.17
[185.40] [Task 354] ILP chose server: STARLINK-31585
[185.40] [Task 354] Routed STARLINK-11734 [DTC] -> STARLINK-31585 | E_NET=0.000019 J | Remaining=119999.98 J
[185.405] Task 354 enqueued on CPU STARLINK-31585 qlen_enqueue=1
[Task 354] Task eseguito su STARLINK-31585 67.18508893453576 degrees | CPU=0.1760J, NET=0.0000J, TOTAL=0.1760J, Remaining=119995.48J
[185.501] Task 354 served on STARLINK-31585 qlen_enqueue_cpu=1 qlen_enqueue_net=None time_in_queue=0.000
[354][GREEDY] STARLINK-31585 -> STARLINK-11734 [DTC] | Tramission-time: 0.0014827782809812707
[354] Energy routing consumed by STARLINK-31585: 0.000000 J (remaining 119995.48)
[MODE: BIDIRECTIONAL]
[354][GREEDY] CONSEGNATO! STARLINK-11734 [DTC] -> OBS | Tramission-time: 1.9317763026096335e-11
----------------------------------------------------------------------
	||TIME IN SIMULATION : (seconds:186) (minutes: 3) ||

MODIFICA CONFIGURAZIONE IN CORSO...

Aggiornato il Tempo Globale:  2025-11-20 20:58:20
---> Task 355 (Type: Generic_Service) arriva in 186.37
--- [186.37] Task 355 using SearchNode Policy: v2_ilp_hybrid ---
[186.37] [Task 355] Entering ILP branch (v2)
[ε-constraint energy] sumE_B=0.034217  bound=0.037638  active=False
[ILP] res_type=dict value_preview={'stage': 'B', 'status': 'Optimal', 'primary': 'energy', 'tol': 0.1, 'opt_primary': 0.034216507151077595, 'objective_secondary': 0.018384126218525115, 'sumE': 0
[186.37] [Task 355] ILP chose server: STARLINK-31585
[186.37] [Task 355] Routed STARLINK-11734 [DTC] -> STARLINK-31585 | E_NET=0.000025 J | Remaining=119999.98 J
[186.373] Task 355 enqueued on CPU STARLINK-31585 qlen_enqueue=1
[Task 355] Task eseguito su STARLINK-31585 65.94527441714288 degrees | CPU=0.0342J, NET=0.0000J, TOTAL=0.0342J, Remaining=119995.44J
[186.393] Task 355 served on STARLINK-31585 qlen_enqueue_cpu=1 qlen_enqueue_net=None time_in_queue=0.000
---> Task 356 (Type: Generic_Service) arriva in 186.46
--- [186.46] Task 356 using SearchNode Policy: v2_ilp_hybrid ---
[186.46] [Task 356] Entering ILP branch (v2)
[ε-constraint energy] sumE_B=0.078220  bound=0.086042  active=False
[ILP] res_type=dict value_preview={'stage': 'B', 'status': 'Optimal', 'primary': 'energy', 'tol': 0.1, 'opt_primary': 0.07821975957504756, 'objective_secondary': 0.04199981319916899, 'sumE': 0.0
[186.46] [Task 356] ILP chose server: STARLINK-31585
[186.46] [Task 356] Routed STARLINK-11734 [DTC] -> STARLINK-31585 | E_NET=0.000017 J | Remaining=119999.98 J
[186.463] Task 356 enqueued on CPU STARLINK-31585 qlen_enqueue=1
---> Task 357 (Type: Generic_Service) arriva in 186.47
--- [186.47] Task 357 using SearchNode Policy: v2_ilp_hybrid ---
[186.47] [Task 357] Entering ILP branch (v2)
[ε-constraint energy] sumE_B=0.155287  bound=0.170816  active=False
[ILP] res_type=dict value_preview={'stage': 'B', 'status': 'Optimal', 'primary': 'energy', 'tol': 0.1, 'opt_primary': 0.15528726869094028, 'objective_secondary': 0.08336410000287293, 'sumE': 0.1
[186.47] [Task 357] ILP chose server: STARLINK-3149
[186.47] [Task 357] Routed STARLINK-11734 [DTC] -> STARLINK-3149 | E_NET=0.000008 J | Remaining=119999.98 J
[186.474] Task 357 enqueued on CPU STARLINK-3149 qlen_enqueue=1
[355][GREEDY] STARLINK-31585 -> STARLINK-11734 [DTC] | Tramission-time: 0.0014658292084982908
[355] Energy routing consumed by STARLINK-31585: 0.000000 J (remaining 119995.44)
[MODE: BIDIRECTIONAL]
[355][GREEDY] CONSEGNATO! STARLINK-11734 [DTC] -> OBS | Tramission-time: 2.549719561652066e-11
[Task 356] Task eseguito su STARLINK-31585 65.94527441714288 degrees | CPU=0.0782J, NET=0.0000J, TOTAL=0.0782J, Remaining=119995.37J
[186.506] Task 356 served on STARLINK-31585 qlen_enqueue_cpu=1 qlen_enqueue_net=None time_in_queue=0.000
---> Task 358 (Type: Generic_Service) arriva in 186.51
--- [186.51] Task 358 using SearchNode Policy: v2_ilp_hybrid ---
[186.51] [Task 358] Entering ILP branch (v2)
[ε-constraint energy] sumE_B=0.290594  bound=0.319653  active=False
[ILP] res_type=dict value_preview={'stage': 'B', 'status': 'Optimal', 'primary': 'energy', 'tol': 0.1, 'opt_primary': 0.29059364194354753, 'objective_secondary': 0.15600132364603486, 'sumE': 0.2
[186.51] [Task 358] ILP chose server: STARLINK-31585
[186.51] [Task 358] Routed STARLINK-11734 [DTC] -> STARLINK-31585 | E_NET=0.000015 J | Remaining=119999.98 J
[186.514] Task 358 enqueued on CPU STARLINK-31585 qlen_enqueue=1
---> Task 359 (Type: Generic_Service) arriva in 186.52
--- [186.52] Task 359 using SearchNode Policy: v2_ilp_hybrid ---
[186.52] [Task 359] Entering ILP branch (v2)
[ε-constraint energy] sumE_B=0.025408  bound=0.027949  active=False
[ILP] res_type=dict value_preview={'stage': 'B', 'status': 'Optimal', 'primary': 'energy', 'tol': 0.1, 'opt_primary': 0.02540805210041421, 'objective_secondary': 0.013650686526685201, 'sumE': 0.
[186.52] [Task 359] ILP chose server: STARLINK-31399
[186.52] [Task 359] Routed STARLINK-11734 [DTC] -> STARLINK-31399 | E_NET=0.000020 J | Remaining=119999.98 J
[186.525] Task 359 enqueued on CPU STARLINK-31399 qlen_enqueue=1
[Task 359] Task eseguito su STARLINK-31399 56.83110327180609 degrees | CPU=0.0254J, NET=0.0000J, TOTAL=0.0254J, Remaining=119999.68J
[186.540] Task 359 served on STARLINK-31399 qlen_enqueue_cpu=1 qlen_enqueue_net=None time_in_queue=0.000
[Task 357] Task eseguito su STARLINK-3149 34.65739718427894 degrees | CPU=0.1553J, NET=0.0000J, TOTAL=0.1553J, Remaining=119999.83J
[186.558] Task 357 served on STARLINK-3149 qlen_enqueue_cpu=1 qlen_enqueue_net=None time_in_queue=0.000
[356][GREEDY] STARLINK-31585 -> STARLINK-11734 [DTC] | Tramission-time: 0.0014658291998290844
[356] Energy routing consumed by STARLINK-31585: 0.000000 J (remaining 119995.37)
[357][GREEDY] STARLINK-3149 -> STARLINK-11734 [DTC] | Tramission-time: 0.0020754710648153572
[357] Energy routing consumed by STARLINK-3149: 0.000000 J (remaining 119999.83)
[359][GREEDY] STARLINK-31399 -> STARLINK-11734 [DTC] | Tramission-time: 0.0013645735418721268
[359] Energy routing consumed by STARLINK-31399: 0.000000 J (remaining 119999.68)
[MODE: BIDIRECTIONAL]
[356][GREEDY] CONSEGNATO! STARLINK-11734 [DTC] -> OBS | Tramission-time: 2.1643935491307824e-11
[MODE: BIDIRECTIONAL]
[359][GREEDY] CONSEGNATO! STARLINK-11734 [DTC] -> OBS | Tramission-time: 2.1250454352787818e-11
[Task 358] Task eseguito su STARLINK-31585 65.94527441714288 degrees | CPU=0.2906J, NET=0.0000J, TOTAL=0.2906J, Remaining=119995.08J
[186.672] Task 358 served on STARLINK-31585 qlen_enqueue_cpu=1 qlen_enqueue_net=None time_in_queue=0.000
[358][GREEDY] STARLINK-31585 -> STARLINK-11734 [DTC] | Tramission-time: 0.001465829198672447
[358] Energy routing consumed by STARLINK-31585: 0.000000 J (remaining 119995.08)
[MODE: BIDIRECTIONAL]
[357][GREEDY] CONSEGNATO! STARLINK-11734 [DTC] -> OBS | Tramission-time: 8.080343384226611e-12
[MODE: BIDIRECTIONAL]
[358][GREEDY] CONSEGNATO! STARLINK-11734 [DTC] -> OBS | Tramission-time: 1.7335797949012577e-11
---> Task 360 (Type: Generic_Service) arriva in 186.84
--- [186.84] Task 360 using SearchNode Policy: v2_ilp_hybrid ---
[186.84] [Task 360] Entering ILP branch (v2)
[ε-constraint energy] sumE_B=0.004480  bound=0.004928  active=False
[ILP] res_type=dict value_preview={'stage': 'B', 'status': 'Optimal', 'primary': 'energy', 'tol': 0.1, 'opt_primary': 0.004480222109010715, 'objective_secondary': 0.0024199910893015156, 'sumE': 
[186.84] [Task 360] ILP chose server: STARLINK-31585
[186.84] [Task 360] Routed STARLINK-11734 [DTC] -> STARLINK-31585 | E_NET=0.000023 J | Remaining=119999.98 J
[186.845] Task 360 enqueued on CPU STARLINK-31585 qlen_enqueue=1
[Task 360] Task eseguito su STARLINK-31585 65.94527441714288 degrees | CPU=0.0044J, NET=0.0000J, TOTAL=0.0045J, Remaining=119995.07J
[186.849] Task 360 served on STARLINK-31585 qlen_enqueue_cpu=1 qlen_enqueue_net=None time_in_queue=0.000
[360][GREEDY] STARLINK-31585 -> STARLINK-11734 [DTC] | Tramission-time: 0.0014658292100287965
[360] Energy routing consumed by STARLINK-31585: 0.000000 J (remaining 119995.07)
[MODE: BIDIRECTIONAL]
[360][GREEDY] CONSEGNATO! STARLINK-11734 [DTC] -> OBS | Tramission-time: 2.595125314131272e-11
---> Task 361 (Type: Generic_Service) arriva in 186.97
--- [186.97] Task 361 using SearchNode Policy: v2_ilp_hybrid ---
[186.97] [Task 361] Entering ILP branch (v2)
[ε-constraint energy] sumE_B=0.098129  bound=0.107942  active=False
[ILP] res_type=dict value_preview={'stage': 'B', 'status': 'Optimal', 'primary': 'energy', 'tol': 0.1, 'opt_primary': 0.09812874251419691, 'objective_secondary': 0.05269253817925195, 'sumE': 0.0
[186.97] [Task 361] ILP chose server: STARLINK-31585
[186.97] [Task 361] Routed STARLINK-11734 [DTC] -> STARLINK-31585 | E_NET=0.000025 J | Remaining=119999.98 J
[186.970] Task 361 enqueued on CPU STARLINK-31585 qlen_enqueue=1
[Task 361] Task eseguito su STARLINK-31585 65.94527441714288 degrees | CPU=0.0981J, NET=0.0000J, TOTAL=0.0981J, Remaining=119994.97J
[187.025] Task 361 served on STARLINK-31585 qlen_enqueue_cpu=1 qlen_enqueue_net=None time_in_queue=0.000
[361][GREEDY] STARLINK-31585 -> STARLINK-11734 [DTC] | Tramission-time: 0.0014658292092167118
[361] Energy routing consumed by STARLINK-31585: 0.000000 J (remaining 119994.97)
[MODE: BIDIRECTIONAL]
[361][GREEDY] CONSEGNATO! STARLINK-11734 [DTC] -> OBS | Tramission-time: 3.413087758676701e-11
---> Task 362 (Type: CPU_Intensive) arriva in 187.10
--- [187.10] Task 362 using SearchNode Policy: v2_ilp_hybrid ---
[187.10] [Task 362] Entering ILP branch (v2)
[ε-constraint energy] sumE_B=0.205280  bound=0.225808  active=False
[ILP] res_type=dict value_preview={'stage': 'B', 'status': 'Optimal', 'primary': 'energy', 'tol': 0.1, 'opt_primary': 0.20528040100593126, 'objective_secondary': 0.11020976894698384, 'sumE': 0.2
[187.10] [Task 362] ILP chose server: STARLINK-31585
[187.10] [Task 362] Routed STARLINK-11734 [DTC] -> STARLINK-31585 | E_NET=0.000022 J | Remaining=119999.98 J
[187.098] Task 362 enqueued on CPU STARLINK-31585 qlen_enqueue=1
[Task 362] Task eseguito su STARLINK-31585 65.94527441714288 degrees | CPU=0.2052J, NET=0.0000J, TOTAL=0.2053J, Remaining=119994.77J
[187.210] Task 362 served on STARLINK-31585 qlen_enqueue_cpu=1 qlen_enqueue_net=None time_in_queue=0.000
[362][GREEDY] STARLINK-31585 -> STARLINK-11734 [DTC] | Tramission-time: 0.0014658292054202508
[362] Energy routing consumed by STARLINK-31585: 0.000000 J (remaining 119994.77)
[MODE: BIDIRECTIONAL]
[362][GREEDY] CONSEGNATO! STARLINK-11734 [DTC] -> OBS | Tramission-time: 2.396183924682437e-11
---> Task 363 (Type: Generic_Service) arriva in 187.30
--- [187.30] Task 363 using SearchNode Policy: v2_ilp_hybrid ---
[187.30] [Task 363] Entering ILP branch (v2)
[ε-constraint energy] sumE_B=0.163236  bound=0.179560  active=False
[ILP] res_type=dict value_preview={'stage': 'B', 'status': 'Optimal', 'primary': 'energy', 'tol': 0.1, 'opt_primary': 0.16323640121033484, 'objective_secondary': 0.08762949573492851, 'sumE': 0.1
[187.30] [Task 363] ILP chose server: STARLINK-31585
[187.30] [Task 363] Routed STARLINK-11734 [DTC] -> STARLINK-31585 | E_NET=0.000006 J | Remaining=119999.98 J
[187.305] Task 363 enqueued on CPU STARLINK-31585 qlen_enqueue=1
[Task 363] Task eseguito su STARLINK-31585 65.94527441714288 degrees | CPU=0.1632J, NET=0.0000J, TOTAL=0.1632J, Remaining=119994.60J
[187.394] Task 363 served on STARLINK-31585 qlen_enqueue_cpu=1 qlen_enqueue_net=None time_in_queue=0.000
[363][GREEDY] STARLINK-31585 -> STARLINK-11734 [DTC] | Tramission-time: 0.0014658291867236993
[363] Energy routing consumed by STARLINK-31585: 0.000000 J (remaining 119994.60)
[MODE: BIDIRECTIONAL]
[363][GREEDY] CONSEGNATO! STARLINK-11734 [DTC] -> OBS | Tramission-time: 5.720380515668521e-12
----------------------------------------------------------------------
	||TIME IN SIMULATION : (seconds:188) (minutes: 3) ||

MODIFICA CONFIGURAZIONE IN CORSO...

Aggiornato il Tempo Globale:  2025-11-20 20:58:22
---> Task 364 (Type: Generic_Service) arriva in 188.09
--- [188.09] Task 364 using SearchNode Policy: v2_ilp_hybrid ---
[188.09] [Task 364] Entering ILP branch (v2)
[ε-constraint energy] sumE_B=0.036653  bound=0.040318  active=False
[ILP] res_type=dict value_preview={'stage': 'B', 'status': 'Optimal', 'primary': 'energy', 'tol': 0.1, 'opt_primary': 0.036653109150054326, 'objective_secondary': 0.019693950911517582, 'sumE': 0
[188.09] [Task 364] ILP chose server: STARLINK-31782
[188.09] [Task 364] Routed STARLINK-35398 -> STARLINK-31782 | E_NET=0.000031 J | Remaining=120000.00 J
[188.093] Task 364 enqueued on CPU STARLINK-31782 qlen_enqueue=1
[Task 364] Task eseguito su STARLINK-31782 58.09414315564474 degrees | CPU=0.0366J, NET=0.0000J, TOTAL=0.0366J, Remaining=119976.73J
[188.115] Task 364 served on STARLINK-31782 qlen_enqueue_cpu=1 qlen_enqueue_net=None time_in_queue=0.000
[364][GREEDY] STARLINK-31782 -> STARLINK-11734 [DTC] | Tramission-time: 0.0016390718958898647
[364] Energy routing consumed by STARLINK-31782: 0.000000 J (remaining 119976.73)
[MODE: BIDIRECTIONAL]
[364][GREEDY] CONSEGNATO! STARLINK-11734 [DTC] -> OBS | Tramission-time: 3.3809287568438226e-11
---> Task 365 (Type: CPU_Intensive) arriva in 188.59
--- [188.59] Task 365 using SearchNode Policy: v2_ilp_hybrid ---
[188.59] [Task 365] Entering ILP branch (v2)
[ε-constraint energy] sumE_B=1.328502  bound=1.461352  active=False
[ILP] res_type=dict value_preview={'stage': 'B', 'status': 'Optimal', 'primary': 'energy', 'tol': 0.1, 'opt_primary': 1.3285015956522557, 'objective_secondary': 0.7131527413434031, 'sumE': 1.328
[188.59] [Task 365] ILP chose server: STARLINK-31782
[188.59] [Task 365] Routed STARLINK-35398 -> STARLINK-31782 | E_NET=0.000016 J | Remaining=120000.00 J
[188.589] Task 365 enqueued on CPU STARLINK-31782 qlen_enqueue=1
---> Task 366 (Type: CPU_Intensive) arriva in 188.84
--- [188.84] Task 366 using SearchNode Policy: v2_ilp_hybrid ---
[188.84] [Task 366] Entering ILP branch (v2)
[ε-constraint energy] sumE_B=0.372143  bound=0.409357  active=False
[ILP] res_type=dict value_preview={'stage': 'B', 'status': 'Optimal', 'primary': 'energy', 'tol': 0.1, 'opt_primary': 0.37214278620715235, 'objective_secondary': 0.19977437494365563, 'sumE': 0.3
[188.84] [Task 366] ILP chose server: STARLINK-31763
[188.84] [Task 366] Routed STARLINK-35398 -> STARLINK-31763 | E_NET=0.000015 J | Remaining=120000.00 J
[188.836] Task 366 enqueued on CPU STARLINK-31763 qlen_enqueue=1
---> Task 367 (Type: Generic_Service) arriva in 188.93
--- [188.93] Task 367 using SearchNode Policy: v2_ilp_hybrid ---
[188.93] [Task 367] Entering ILP branch (v2)
[ε-constraint energy] sumE_B=0.022552  bound=0.024808  active=False
[ILP] res_type=dict value_preview={'stage': 'B', 'status': 'Optimal', 'primary': 'energy', 'tol': 0.1, 'opt_primary': 0.02255235722180496, 'objective_secondary': 0.012113640584786063, 'sumE': 0.
[188.93] [Task 367] ILP chose server: STARLINK-31702
[188.93] [Task 367] Routed STARLINK-35398 -> STARLINK-31702 | E_NET=0.000014 J | Remaining=120000.00 J
[188.934] Task 367 enqueued on CPU STARLINK-31702 qlen_enqueue=1
[Task 367] Task eseguito su STARLINK-31702 47.118487196202096 degrees | CPU=0.0225J, NET=0.0000J, TOTAL=0.0225J, Remaining=119983.97J
[188.947] Task 367 served on STARLINK-31702 qlen_enqueue_cpu=1 qlen_enqueue_net=None time_in_queue=0.000
[367][GREEDY] STARLINK-31702 -> STARLINK-11734 [DTC] | Tramission-time: 0.0007251869125278684
[367] Energy routing consumed by STARLINK-31702: 0.000000 J (remaining 119983.97)
[MODE: BIDIRECTIONAL]
[367][GREEDY] CONSEGNATO! STARLINK-11734 [DTC] -> OBS | Tramission-time: 1.308809949458595e-11
---> Task 368 (Type: CPU_Intensive) arriva in 189.03
--- [189.03] Task 368 using SearchNode Policy: v2_ilp_hybrid ---
[189.03] [Task 368] Entering ILP branch (v2)
[ε-constraint energy] sumE_B=0.212650  bound=0.233915  active=False
[ILP] res_type=dict value_preview={'stage': 'B', 'status': 'Optimal', 'primary': 'energy', 'tol': 0.1, 'opt_primary': 0.21265019378757422, 'objective_secondary': 0.11416139650307357, 'sumE': 0.2
[189.03] [Task 368] ILP chose server: STARLINK-31702
[189.03] [Task 368] Routed STARLINK-35398 -> STARLINK-31702 | E_NET=0.000019 J | Remaining=120000.00 J
[189.031] Task 368 enqueued on CPU STARLINK-31702 qlen_enqueue=1
[Task 366] Task eseguito su STARLINK-31763 72.95005324965817 degrees | CPU=0.3721J, NET=0.0000J, TOTAL=0.3721J, Remaining=119966.73J
[189.037] Task 366 served on STARLINK-31763 qlen_enqueue_cpu=1 qlen_enqueue_net=None time_in_queue=0.000
[MODE: BIDIRECTIONAL]
[366][GREEDY] CONSEGNATO! STARLINK-31763 -> OBS | Tramission-time: 1.44212032197907e-11
[Task 368] Task eseguito su STARLINK-31702 47.118487196202096 degrees | CPU=0.2126J, NET=0.0000J, TOTAL=0.2126J, Remaining=119983.76J
[189.147] Task 368 served on STARLINK-31702 qlen_enqueue_cpu=1 qlen_enqueue_net=None time_in_queue=0.000
[368][GREEDY] STARLINK-31702 -> STARLINK-11734 [DTC] | Tramission-time: 0.0007251869142395141
[368] Energy routing consumed by STARLINK-31702: 0.000000 J (remaining 119983.76)
[MODE: BIDIRECTIONAL]
[368][GREEDY] CONSEGNATO! STARLINK-11734 [DTC] -> OBS | Tramission-time: 1.7887673044282872e-11
[Task 365] Task eseguito su STARLINK-31782 58.09414315564474 degrees | CPU=1.3285J, NET=0.0000J, TOTAL=1.3285J, Remaining=119975.40J
[189.304] Task 365 served on STARLINK-31782 qlen_enqueue_cpu=1 qlen_enqueue_net=None time_in_queue=0.000
[365][GREEDY] STARLINK-31782 -> STARLINK-11734 [DTC] | Tramission-time: 0.0016390718796856021
[365] Energy routing consumed by STARLINK-31782: 0.000000 J (remaining 119975.40)
[MODE: BIDIRECTIONAL]
[365][GREEDY] CONSEGNATO! STARLINK-11734 [DTC] -> OBS | Tramission-time: 1.446756555826776e-11
---> Task 369 (Type: CPU_Intensive) arriva in 189.40
--- [189.40] Task 369 using SearchNode Policy: v2_ilp_hybrid ---
[189.40] [Task 369] Entering ILP branch (v2)
[ε-constraint energy] sumE_B=0.407364  bound=0.448101  active=False
[ILP] res_type=dict value_preview={'stage': 'B', 'status': 'Optimal', 'primary': 'energy', 'tol': 0.1, 'opt_primary': 0.4073643725792343, 'objective_secondary': 0.21868401900348433, 'sumE': 0.40
[189.40] [Task 369] ILP chose server: STARLINK-31782
[189.40] [Task 369] Routed STARLINK-35398 -> STARLINK-31782 | E_NET=0.000017 J | Remaining=120000.00 J
[189.403] Task 369 enqueued on CPU STARLINK-31782 qlen_enqueue=1
[Task 369] Task eseguito su STARLINK-31782 58.09414315564474 degrees | CPU=0.4073J, NET=0.0000J, TOTAL=0.4074J, Remaining=119974.99J
[189.623] Task 369 served on STARLINK-31782 qlen_enqueue_cpu=1 qlen_enqueue_net=None time_in_queue=0.000
[369][GREEDY] STARLINK-31782 -> STARLINK-11734 [DTC] | Tramission-time: 0.0016390718816701845
[369] Energy routing consumed by STARLINK-31782: 0.000000 J (remaining 119974.99)
[MODE: BIDIRECTIONAL]
[369][GREEDY] CONSEGNATO! STARLINK-11734 [DTC] -> OBS | Tramission-time: 1.4138586962177822e-11
----------------------------------------------------------------------
	||TIME IN SIMULATION : (seconds:190) (minutes: 3) ||

MODIFICA CONFIGURAZIONE IN CORSO...

Aggiornato il Tempo Globale:  2025-11-20 20:58:24
---> Task 370 (Type: CPU_Intensive) arriva in 190.01
--- [190.01] Task 370 using SearchNode Policy: v2_ilp_hybrid ---
[190.01] [Task 370] Entering ILP branch (v2)
[ε-constraint energy] sumE_B=2.245223  bound=2.469745  active=False
[ILP] res_type=dict value_preview={'stage': 'B', 'status': 'Optimal', 'primary': 'energy', 'tol': 0.1, 'opt_primary': 2.2452225892391313, 'objective_secondary': 1.2052583790875635, 'sumE': 2.245
[190.01] [Task 370] ILP chose server: STARLINK-31702
[190.01] [Task 370] Routed STARLINK-31008 -> STARLINK-31702 | E_NET=0.000032 J | Remaining=120000.00 J
[190.009] Task 370 enqueued on CPU STARLINK-31702 qlen_enqueue=1
---> Task 371 (Type: Generic_Service) arriva in 190.43
--- [190.43] Task 371 using SearchNode Policy: v2_ilp_hybrid ---
[190.43] [Task 371] Entering ILP branch (v2)
[ε-constraint energy] sumE_B=0.039692  bound=0.043661  active=False
[ILP] res_type=dict value_preview={'stage': 'B', 'status': 'Optimal', 'primary': 'energy', 'tol': 0.1, 'opt_primary': 0.03969154948889248, 'objective_secondary': 0.021317026796303425, 'sumE': 0.
[190.43] [Task 371] ILP chose server: STARLINK-31585
[190.43] [Task 371] Routed STARLINK-31008 -> STARLINK-31585 | E_NET=0.000018 J | Remaining=120000.00 J
[190.435] Task 371 enqueued on CPU STARLINK-31585 qlen_enqueue=1
[Task 371] Task eseguito su STARLINK-31585 63.455709302359395 degrees | CPU=0.0397J, NET=0.0000J, TOTAL=0.0397J, Remaining=119994.57J
[190.458] Task 371 served on STARLINK-31585 qlen_enqueue_cpu=1 qlen_enqueue_net=None time_in_queue=0.000
[371][GREEDY] STARLINK-31585 -> STARLINK-11734 [DTC] | Tramission-time: 0.00143229071401355
[371] Energy routing consumed by STARLINK-31585: 0.000000 J (remaining 119994.57)
[MODE: BIDIRECTIONAL]
[371][GREEDY] CONSEGNATO! STARLINK-11734 [DTC] -> OBS | Tramission-time: 2.0397281038459765e-11
---> Task 372 (Type: CPU_and_Data_Intensive) arriva in 190.69
--- [190.69] Task 372 using SearchNode Policy: v2_ilp_hybrid ---
[190.69] [Task 372] Entering ILP branch (v2)
[ε-constraint energy] sumE_B=1.084262  bound=1.192688  active=False
[ILP] res_type=dict value_preview={'stage': 'B', 'status': 'Optimal', 'primary': 'energy', 'tol': 0.1, 'opt_primary': 1.08426226653773, 'objective_secondary': 0.585953137385865, 'sumE': 1.084262
[190.69] [Task 372] ILP chose server: STARLINK-31585
[190.69] [Task 372] Routed STARLINK-31008 -> STARLINK-31585 | E_NET=0.006673 J | Remaining=119999.99 J
[190.697] Task 372 enqueued on CPU STARLINK-31585 qlen_enqueue=1
---> Task 373 (Type: CPU_Intensive) arriva in 191.15
--- [191.15] Task 373 using SearchNode Policy: v2_ilp_hybrid ---
[191.15] [Task 373] Entering ILP branch (v2)
[ε-constraint energy] sumE_B=2.114522  bound=2.325974  active=False
[ILP] res_type=dict value_preview={'stage': 'B', 'status': 'Optimal', 'primary': 'energy', 'tol': 0.1, 'opt_primary': 2.1145220381150884, 'objective_secondary': 1.1350908058964537, 'sumE': 2.114
[191.15] [Task 373] ILP chose server: STARLINK-32442
[191.15] [Task 373] Routed STARLINK-35398 -> STARLINK-32442 | E_NET=0.000015 J | Remaining=120000.00 J
[191.150] Task 373 enqueued on CPU STARLINK-32442 qlen_enqueue=1
[Task 370] Task eseguito su STARLINK-31702 46.82151664999977 degrees | CPU=2.2452J, NET=0.0000J, TOTAL=2.2452J, Remaining=119981.51J
[191.217] Task 370 served on STARLINK-31702 qlen_enqueue_cpu=1 qlen_enqueue_net=None time_in_queue=0.000
[191.274] Task 372 enqueued on NET STARLINK-31585 qlen_enqueue_net=1
[Task 372] Task eseguito su STARLINK-31585 63.455709302359395 degrees | CPU=1.0758J, NET=0.0067J, TOTAL=1.0825J, Remaining=119993.48J
[191.281] Task 372 served on STARLINK-31585 qlen_enqueue_cpu=1 qlen_enqueue_net=1 time_in_queue=0.000
[372][GREEDY] STARLINK-31585 -> STARLINK-11734 [DTC] | Tramission-time: 0.0014322968886826821
[372] Energy routing consumed by STARLINK-31585: 0.000000 J (remaining 119993.48)
[370][GREEDY] STARLINK-31702 -> STARLINK-11734 [DTC] | Tramission-time: 0.0007537750523852366
[370] Energy routing consumed by STARLINK-31702: 0.000000 J (remaining 119981.51)
[MODE: BIDIRECTIONAL]
[372][GREEDY] CONSEGNATO! STARLINK-11734 [DTC] -> OBS | Tramission-time: 6.638025649192732e-09
[MODE: BIDIRECTIONAL]
[370][GREEDY] CONSEGNATO! STARLINK-11734 [DTC] -> OBS | Tramission-time: 3.4661053602106855e-11
----------------------------------------------------------------------
	||TIME IN SIMULATION : (seconds:192) (minutes: 3) ||

MODIFICA CONFIGURAZIONE IN CORSO...

Aggiornato il Tempo Globale:  2025-11-20 20:58:26
[Task 373] Task eseguito su STARLINK-32442 36.315077019546344 degrees | CPU=2.1145J, NET=0.0000J, TOTAL=2.1145J, Remaining=119993.91J
[192.286] Task 373 served on STARLINK-32442 qlen_enqueue_cpu=1 qlen_enqueue_net=None time_in_queue=0.000
[373][GREEDY] STARLINK-32442 -> STARLINK-35398 | Tramission-time: 0.0014906060603555988
[373] Energy routing consumed by STARLINK-32442: 0.000000 J (remaining 119993.91)
---> Task 374 (Type: CPU_Intensive) arriva in 192.31
--- [192.31] Task 374 using SearchNode Policy: v2_ilp_hybrid ---
[192.31] [Task 374] Entering ILP branch (v2)
[ε-constraint energy] sumE_B=0.099579  bound=0.109537  active=False
[ILP] res_type=dict value_preview={'stage': 'B', 'status': 'Optimal', 'primary': 'energy', 'tol': 0.1, 'opt_primary': 0.09957879708851657, 'objective_secondary': 0.05347280780152709, 'sumE': 0.0
[192.31] [Task 374] ILP chose server: STARLINK-32442
[192.31] [Task 374] Routed STARLINK-35398 -> STARLINK-32442 | E_NET=0.000040 J | Remaining=120000.00 J
[192.311] Task 374 enqueued on CPU STARLINK-32442 qlen_enqueue=1
[Task 374] Task eseguito su STARLINK-32442 36.315077019546344 degrees | CPU=0.0995J, NET=0.0000J, TOTAL=0.0996J, Remaining=119993.81J
[192.367] Task 374 served on STARLINK-32442 qlen_enqueue_cpu=1 qlen_enqueue_net=None time_in_queue=0.000
[MODE: BIDIRECTIONAL]
[373][GREEDY] CONSEGNATO! STARLINK-35398 -> OBS | Tramission-time: 1.9478153932658235e-11
[374][GREEDY] STARLINK-32442 -> STARLINK-35398 | Tramission-time: 0.001490606069716174
[374] Energy routing consumed by STARLINK-32442: 0.000000 J (remaining 119993.81)
[MODE: BIDIRECTIONAL]
[374][GREEDY] CONSEGNATO! STARLINK-35398 -> OBS | Tramission-time: 3.075450187325953e-11
---> Task 375 (Type: Generic_Service) arriva in 192.86
--- [192.86] Task 375 using SearchNode Policy: v2_ilp_hybrid ---
[192.86] [Task 375] Entering ILP branch (v2)
[ε-constraint energy] sumE_B=0.019191  bound=0.021111  active=False
[ILP] res_type=dict value_preview={'stage': 'B', 'status': 'Optimal', 'primary': 'energy', 'tol': 0.1, 'opt_primary': 0.019191365703913568, 'objective_secondary': 0.010311489980538156, 'sumE': 0
[192.86] [Task 375] ILP chose server: STARLINK-32442
[192.86] [Task 375] Routed STARLINK-35398 -> STARLINK-32442 | E_NET=0.000020 J | Remaining=120000.00 J
[192.863] Task 375 enqueued on CPU STARLINK-32442 qlen_enqueue=1
[Task 375] Task eseguito su STARLINK-32442 36.315077019546344 degrees | CPU=0.0192J, NET=0.0000J, TOTAL=0.0192J, Remaining=119993.79J
[192.875] Task 375 served on STARLINK-32442 qlen_enqueue_cpu=1 qlen_enqueue_net=None time_in_queue=0.000
[375][GREEDY] STARLINK-32442 -> STARLINK-35398 | Tramission-time: 0.0014906060609873738
[375] Energy routing consumed by STARLINK-32442: 0.000000 J (remaining 119993.79)
[MODE: BIDIRECTIONAL]
[375][GREEDY] CONSEGNATO! STARLINK-35398 -> OBS | Tramission-time: 1.5526127978628155e-11
---> Task 376 (Type: CPU_Intensive) arriva in 193.19
--- [193.19] Task 376 using SearchNode Policy: v2_ilp_hybrid ---
[193.19] [Task 376] Entering ILP branch (v2)
[ε-constraint energy] sumE_B=2.574897  bound=2.832386  active=False
[ILP] res_type=dict value_preview={'stage': 'B', 'status': 'Optimal', 'primary': 'energy', 'tol': 0.1, 'opt_primary': 2.5748966083932547, 'objective_secondary': 1.382227876869444, 'sumE': 2.5748
[193.19] [Task 376] ILP chose server: STARLINK-32442
[193.19] [Task 376] Routed STARLINK-35398 -> STARLINK-32442 | E_NET=0.000036 J | Remaining=120000.00 J
[193.192] Task 376 enqueued on CPU STARLINK-32442 qlen_enqueue=1
---> Task 377 (Type: CPU_Intensive) arriva in 193.30
--- [193.30] Task 377 using SearchNode Policy: v2_ilp_hybrid ---
[193.30] [Task 377] Entering ILP branch (v2)
[ε-constraint energy] sumE_B=0.488317  bound=0.537148  active=False
[ILP] res_type=dict value_preview={'stage': 'B', 'status': 'Optimal', 'primary': 'energy', 'tol': 0.1, 'opt_primary': 0.4883167716670528, 'objective_secondary': 0.26214084616781297, 'sumE': 0.48
[193.30] [Task 377] ILP chose server: STARLINK-31782
[193.30] [Task 377] Routed STARLINK-35398 -> STARLINK-31782 | E_NET=0.000023 J | Remaining=120000.00 J
[193.298] Task 377 enqueued on CPU STARLINK-31782 qlen_enqueue=1
---> Task 378 (Type: CPU_Intensive) arriva in 193.39
--- [193.39] Task 378 using SearchNode Policy: v2_ilp_hybrid ---
[193.39] [Task 378] Entering ILP branch (v2)
[ε-constraint energy] sumE_B=0.410508  bound=0.451559  active=False
[ILP] res_type=dict value_preview={'stage': 'B', 'status': 'Optimal', 'primary': 'energy', 'tol': 0.1, 'opt_primary': 0.410507822343349, 'objective_secondary': 0.22036597583490003, 'sumE': 0.410
[193.39] [Task 378] ILP chose server: STARLINK-31763
[193.39] [Task 378] Routed STARLINK-35398 -> STARLINK-31763 | E_NET=0.000009 J | Remaining=120000.00 J
[193.387] Task 378 enqueued on CPU STARLINK-31763 qlen_enqueue=1
[Task 377] Task eseguito su STARLINK-31782 60.311910487057816 degrees | CPU=0.4883J, NET=0.0000J, TOTAL=0.4883J, Remaining=119974.50J
[193.561] Task 377 served on STARLINK-31782 qlen_enqueue_cpu=1 qlen_enqueue_net=None time_in_queue=0.000
[377][GREEDY] STARLINK-31782 -> STARLINK-11734 [DTC] | Tramission-time: 0.001609924782398329
[377] Energy routing consumed by STARLINK-31782: 0.000000 J (remaining 119974.50)
[MODE: BIDIRECTIONAL]
[377][GREEDY] CONSEGNATO! STARLINK-11734 [DTC] -> OBS | Tramission-time: 1.7004914013219622e-11
[Task 378] Task eseguito su STARLINK-31763 73.64776380519382 degrees | CPU=0.4105J, NET=0.0000J, TOTAL=0.4105J, Remaining=119966.32J
[193.608] Task 378 served on STARLINK-31763 qlen_enqueue_cpu=1 qlen_enqueue_net=None time_in_queue=0.000
---> Task 379 (Type: CPU_and_Data_Intensive) arriva in 193.66
--- [193.66] Task 379 using SearchNode Policy: v2_ilp_hybrid ---
[193.66] [Task 379] Entering ILP branch (v2)
[ε-constraint energy] sumE_B=0.973257  bound=1.070583  active=False
[ILP] res_type=dict value_preview={'stage': 'B', 'status': 'Optimal', 'primary': 'energy', 'tol': 0.1, 'opt_primary': 0.9732572217139814, 'objective_secondary': 0.5244415863336704, 'sumE': 0.973
[193.66] [Task 379] ILP chose server: STARLINK-31782
[193.66] [Task 379] Routed STARLINK-35398 -> STARLINK-31782 | E_NET=0.004078 J | Remaining=120000.00 J
[193.667] Task 379 enqueued on CPU STARLINK-31782 qlen_enqueue=1
[MODE: BIDIRECTIONAL]
[378][GREEDY] CONSEGNATO! STARLINK-31763 -> OBS | Tramission-time: 8.023839991661931e-12
---> Task 380 (Type: CPU_Intensive) arriva in 193.99
--- [193.99] Task 380 using SearchNode Policy: v2_ilp_hybrid ---
[193.99] [Task 380] Entering ILP branch (v2)
[ε-constraint energy] sumE_B=1.457905  bound=1.603696  active=False
[ILP] res_type=dict value_preview={'stage': 'B', 'status': 'Optimal', 'primary': 'energy', 'tol': 0.1, 'opt_primary': 1.4579052417220637, 'objective_secondary': 0.7826098892520843, 'sumE': 1.457
[193.99] [Task 380] ILP chose server: STARLINK-31763
[193.99] [Task 380] Routed STARLINK-35398 -> STARLINK-31763 | E_NET=0.000005 J | Remaining=120000.00 J
[193.990] Task 380 enqueued on CPU STARLINK-31763 qlen_enqueue=1
----------------------------------------------------------------------
	||TIME IN SIMULATION : (seconds:194) (minutes: 3) ||

MODIFICA CONFIGURAZIONE IN CORSO...

Aggiornato il Tempo Globale:  2025-11-20 20:58:28
[194.187] Task 379 enqueued on NET STARLINK-31782 qlen_enqueue_net=1
[Task 379] Task eseguito su STARLINK-31782 61.422920123723046 degrees | CPU=0.9690J, NET=0.0041J, TOTAL=0.9730J, Remaining=119973.53J
[194.191] Task 379 served on STARLINK-31782 qlen_enqueue_cpu=1 qlen_enqueue_net=1 time_in_queue=0.000
[379][GREEDY] STARLINK-31782 -> STARLINK-11734 [DTC] | Tramission-time: 0.0015954114545312535
[379] Energy routing consumed by STARLINK-31782: 0.000000 J (remaining 119973.53)
[MODE: BIDIRECTIONAL]
[379][GREEDY] CONSEGNATO! STARLINK-11734 [DTC] -> OBS | Tramission-time: 3.2737893371830655e-09
---> Task 381 (Type: Generic_Service) arriva in 194.53
--- [194.53] Task 381 using SearchNode Policy: v2_ilp_hybrid ---
[194.53] [Task 381] Entering ILP branch (v2)
[ε-constraint energy] sumE_B=0.289233  bound=0.318157  active=False
[ILP] res_type=dict value_preview={'stage': 'B', 'status': 'Optimal', 'primary': 'energy', 'tol': 0.1, 'opt_primary': 0.2892334594353602, 'objective_secondary': 0.15527615973172654, 'sumE': 0.28
[194.53] [Task 381] ILP chose server: STARLINK-31782
[194.53] [Task 381] Routed STARLINK-35398 -> STARLINK-31782 | E_NET=0.000023 J | Remaining=120000.00 J
[194.535] Task 381 enqueued on CPU STARLINK-31782 qlen_enqueue=1
[Task 376] Task eseguito su STARLINK-32442 37.03165109959107 degrees | CPU=2.5749J, NET=0.0000J, TOTAL=2.5749J, Remaining=119991.21J
[194.576] Task 376 served on STARLINK-32442 qlen_enqueue_cpu=1 qlen_enqueue_net=None time_in_queue=0.000
[376][GREEDY] STARLINK-32442 -> STARLINK-35398 | Tramission-time: 0.0014919181495773326
[376] Energy routing consumed by STARLINK-32442: 0.000000 J (remaining 119991.21)
[Task 381] Task eseguito su STARLINK-31782 61.422920123723046 degrees | CPU=0.2892J, NET=0.0000J, TOTAL=0.2892J, Remaining=119973.24J
[194.693] Task 381 served on STARLINK-31782 qlen_enqueue_cpu=1 qlen_enqueue_net=None time_in_queue=0.000
[381][GREEDY] STARLINK-31782 -> STARLINK-11734 [DTC] | Tramission-time: 0.0015954081046796295
[381] Energy routing consumed by STARLINK-31782: 0.000000 J (remaining 119973.24)
[MODE: BIDIRECTIONAL]
[376][GREEDY] CONSEGNATO! STARLINK-35398 -> OBS | Tramission-time: 2.9962700461900414e-11
[MODE: BIDIRECTIONAL]
[381][GREEDY] CONSEGNATO! STARLINK-11734 [DTC] -> OBS | Tramission-time: 2.929631698208669e-11
[Task 380] Task eseguito su STARLINK-31763 73.7655420385315 degrees | CPU=1.4579J, NET=0.0000J, TOTAL=1.4579J, Remaining=119964.86J
[194.773] Task 380 served on STARLINK-31763 qlen_enqueue_cpu=1 qlen_enqueue_net=None time_in_queue=0.000
[MODE: BIDIRECTIONAL]
[380][GREEDY] CONSEGNATO! STARLINK-31763 -> OBS | Tramission-time: 4.1300205798581094e-12
---> Task 382 (Type: CPU_Intensive) arriva in 195.60
--- [195.60] Task 382 using SearchNode Policy: v2_ilp_hybrid ---
[195.60] [Task 382] Entering ILP branch (v2)
[ε-constraint energy] sumE_B=1.458171  bound=1.603988  active=False
[ILP] res_type=dict value_preview={'stage': 'B', 'status': 'Optimal', 'primary': 'energy', 'tol': 0.1, 'opt_primary': 1.4581705903123567, 'objective_secondary': 0.7827562254449182, 'sumE': 1.458
[195.60] [Task 382] ILP chose server: STARLINK-31782
[195.60] [Task 382] Routed STARLINK-35398 -> STARLINK-31782 | E_NET=0.000010 J | Remaining=120000.00 J
[195.605] Task 382 enqueued on CPU STARLINK-31782 qlen_enqueue=1
----------------------------------------------------------------------
	||TIME IN SIMULATION : (seconds:196) (minutes: 3) ||

MODIFICA CONFIGURAZIONE IN CORSO...

Aggiornato il Tempo Globale:  2025-11-20 20:58:30
---> Task 383 (Type: CPU_and_Data_Intensive) arriva in 196.04
--- [196.04] Task 383 using SearchNode Policy: v2_ilp_hybrid ---
[196.04] [Task 383] Entering ILP branch (v2)
[ε-constraint energy] sumE_B=1.593981  bound=1.753379  active=False
[ILP] res_type=dict value_preview={'stage': 'B', 'status': 'Optimal', 'primary': 'energy', 'tol': 0.1, 'opt_primary': 1.5939807377835864, 'objective_secondary': 0.8582906445797397, 'sumE': 1.593
[196.04] [Task 383] ILP chose server: STARLINK-31763
[196.04] [Task 383] Routed STARLINK-35398 -> STARLINK-31763 | E_NET=0.004494 J | Remaining=119999.99 J
[196.040] Task 383 enqueued on CPU STARLINK-31763 qlen_enqueue=1
---> Task 384 (Type: CPU_Intensive) arriva in 196.15
--- [196.15] Task 384 using SearchNode Policy: v2_ilp_hybrid ---
[196.15] [Task 384] Entering ILP branch (v2)
[ε-constraint energy] sumE_B=1.676620  bound=1.844282  active=False
[ILP] res_type=dict value_preview={'stage': 'B', 'status': 'Optimal', 'primary': 'energy', 'tol': 0.1, 'opt_primary': 1.676619569498964, 'objective_secondary': 0.9000195048198705, 'sumE': 1.6766
[196.15] [Task 384] ILP chose server: STARLINK-31702
[196.15] [Task 384] Routed STARLINK-31008 -> STARLINK-31702 | E_NET=0.000010 J | Remaining=119999.99 J
[196.147] Task 384 enqueued on CPU STARLINK-31702 qlen_enqueue=1
---> Task 385 (Type: Generic_Service) arriva in 196.19
--- [196.19] Task 385 using SearchNode Policy: v2_ilp_hybrid ---
[196.19] [Task 385] Entering ILP branch (v2)
[ε-constraint energy] sumE_B=0.007738  bound=0.008511  active=False
[ILP] res_type=dict value_preview={'stage': 'B', 'status': 'Optimal', 'primary': 'energy', 'tol': 0.1, 'opt_primary': 0.007737642961660402, 'objective_secondary': 0.004168933314303625, 'sumE': 0
[196.19] [Task 385] ILP chose server: STARLINK-31585
[196.19] [Task 385] Routed STARLINK-31008 -> STARLINK-31585 | E_NET=0.000024 J | Remaining=119999.99 J
[196.191] Task 385 enqueued on CPU STARLINK-31585 qlen_enqueue=1
[Task 385] Task eseguito su STARLINK-31585 59.76858372845951 degrees | CPU=0.0077J, NET=0.0000J, TOTAL=0.0077J, Remaining=119993.48J
[196.197] Task 385 served on STARLINK-31585 qlen_enqueue_cpu=1 qlen_enqueue_net=None time_in_queue=0.000
[385][GREEDY] STARLINK-31585 -> STARLINK-11734 [DTC] | Tramission-time: 0.0013829524002661375
[385] Energy routing consumed by STARLINK-31585: 0.000000 J (remaining 119993.48)
[MODE: BIDIRECTIONAL]
[385][GREEDY] CONSEGNATO! STARLINK-11734 [DTC] -> OBS | Tramission-time: 2.983497472798323e-11
[Task 382] Task eseguito su STARLINK-31782 62.52963025650304 degrees | CPU=1.4582J, NET=0.0000J, TOTAL=1.4582J, Remaining=119971.78J
[196.389] Task 382 served on STARLINK-31782 qlen_enqueue_cpu=1 qlen_enqueue_net=None time_in_queue=0.000
[382][GREEDY] STARLINK-31782 -> STARLINK-11734 [DTC] | Tramission-time: 0.0015809311295686677
[382] Energy routing consumed by STARLINK-31782: 0.000000 J (remaining 119971.78)
[MODE: BIDIRECTIONAL]
[382][GREEDY] CONSEGNATO! STARLINK-11734 [DTC] -> OBS | Tramission-time: 9.712101133132106e-12
[196.893] Task 383 enqueued on NET STARLINK-31763 qlen_enqueue_net=1
[Task 383] Task eseguito su STARLINK-31763 73.72212085560521 degrees | CPU=1.5883J, NET=0.0045J, TOTAL=1.5928J, Remaining=119963.27J
[196.897] Task 383 served on STARLINK-31763 qlen_enqueue_cpu=1 qlen_enqueue_net=1 time_in_queue=0.000
[383][GREEDY] STARLINK-31763 -> STARLINK-11734 [DTC] | Tramission-time: 0.0013382019598795938
[383] Energy routing consumed by STARLINK-31763: 0.000000 J (remaining 119963.27)
[MODE: BIDIRECTIONAL]
[383][GREEDY] CONSEGNATO! STARLINK-11734 [DTC] -> OBS | Tramission-time: 4.52036421648021e-09
[Task 384] Task eseguito su STARLINK-31702 45.77577114151845 degrees | CPU=1.6766J, NET=0.0000J, TOTAL=1.6766J, Remaining=119979.83J
[197.048] Task 384 served on STARLINK-31702 qlen_enqueue_cpu=1 qlen_enqueue_net=None time_in_queue=0.000
[384][GREEDY] STARLINK-31702 -> STARLINK-11734 [DTC] | Tramission-time: 0.0008425832301651685
[384] Energy routing consumed by STARLINK-31702: 0.000000 J (remaining 119979.83)
[MODE: BIDIRECTIONAL]
[384][GREEDY] CONSEGNATO! STARLINK-11734 [DTC] -> OBS | Tramission-time: 9.82094582508289e-12
---> Task 386 (Type: CPU_Intensive) arriva in 197.71
--- [197.71] Task 386 using SearchNode Policy: v2_ilp_hybrid ---
[197.71] [Task 386] Entering ILP branch (v2)
[ε-constraint energy] sumE_B=0.165732  bound=0.182305  active=False
[ILP] res_type=dict value_preview={'stage': 'B', 'status': 'Optimal', 'primary': 'energy', 'tol': 0.1, 'opt_primary': 0.16573196013665747, 'objective_secondary': 0.08897283575032455, 'sumE': 0.1
[197.71] [Task 386] ILP chose server: STARLINK-31702
[197.71] [Task 386] Routed STARLINK-31008 -> STARLINK-31702 | E_NET=0.000013 J | Remaining=119999.99 J
[197.714] Task 386 enqueued on CPU STARLINK-31702 qlen_enqueue=1
[Task 386] Task eseguito su STARLINK-31702 45.77577114151845 degrees | CPU=0.1657J, NET=0.0000J, TOTAL=0.1657J, Remaining=119979.67J
[197.804] Task 386 served on STARLINK-31702 qlen_enqueue_cpu=1 qlen_enqueue_net=None time_in_queue=0.000
[386][GREEDY] STARLINK-31702 -> STARLINK-11734 [DTC] | Tramission-time: 0.000842583232601049
[386] Energy routing consumed by STARLINK-31702: 0.000000 J (remaining 119979.67)
[MODE: BIDIRECTIONAL]
[386][GREEDY] CONSEGNATO! STARLINK-11734 [DTC] -> OBS | Tramission-time: 1.2210906611278233e-11
---> Task 387 (Type: Generic_Service) arriva in 197.96
--- [197.96] Task 387 using SearchNode Policy: v2_ilp_hybrid ---
[197.96] [Task 387] Entering ILP branch (v2)
[ε-constraint energy] sumE_B=0.296407  bound=0.326048  active=False
[ILP] res_type=dict value_preview={'stage': 'B', 'status': 'Optimal', 'primary': 'energy', 'tol': 0.1, 'opt_primary': 0.29640700197111897, 'objective_secondary': 0.15911780781412144, 'sumE': 0.2
[197.96] [Task 387] ILP chose server: STARLINK-31702
[197.96] [Task 387] Routed STARLINK-31008 -> STARLINK-31702 | E_NET=0.000010 J | Remaining=119999.99 J
[197.965] Task 387 enqueued on CPU STARLINK-31702 qlen_enqueue=1
----------------------------------------------------------------------
	||TIME IN SIMULATION : (seconds:198) (minutes: 3) ||

MODIFICA CONFIGURAZIONE IN CORSO...

Aggiornato il Tempo Globale:  2025-11-20 20:58:32
---> Task 388 (Type: Generic_Service) arriva in 198.09
--- [198.09] Task 388 using SearchNode Policy: v2_ilp_hybrid ---
[198.09] [Task 388] Entering ILP branch (v2)
[ε-constraint energy] sumE_B=0.023558  bound=0.025914  active=False
[ILP] res_type=dict value_preview={'stage': 'B', 'status': 'Optimal', 'primary': 'energy', 'tol': 0.1, 'opt_primary': 0.023558319100960918, 'objective_secondary': 0.012649457889966676, 'sumE': 0
[198.09] [Task 388] ILP chose server: STARLINK-31782
[198.09] [Task 388] Routed STARLINK-11724 [DTC] -> STARLINK-31782 | E_NET=0.000006 J | Remaining=120000.00 J
[198.096] Task 388 enqueued on CPU STARLINK-31782 qlen_enqueue=1
[Task 388] Task eseguito su STARLINK-31782 63.626793907233086 degrees | CPU=0.0236J, NET=0.0000J, TOTAL=0.0236J, Remaining=119971.76J
[198.109] Task 388 served on STARLINK-31782 qlen_enqueue_cpu=1 qlen_enqueue_net=None time_in_queue=0.000
[388][GREEDY] STARLINK-31782 -> STARLINK-11734 [DTC] | Tramission-time: 0.0015664952883521787
[388] Energy routing consumed by STARLINK-31782: 0.000000 J (remaining 119971.76)
[MODE: BIDIRECTIONAL]
[388][GREEDY] CONSEGNATO! STARLINK-11734 [DTC] -> OBS | Tramission-time: 5.323966282704121e-12
[Task 387] Task eseguito su STARLINK-31702 45.38128054340612 degrees | CPU=0.2964J, NET=0.0000J, TOTAL=0.2964J, Remaining=119979.37J
[198.125] Task 387 served on STARLINK-31702 qlen_enqueue_cpu=1 qlen_enqueue_net=None time_in_queue=0.000
[387][GREEDY] STARLINK-31702 -> STARLINK-11734 [DTC] | Tramission-time: 0.0008730267414762886
[387] Energy routing consumed by STARLINK-31702: 0.000000 J (remaining 119979.37)
[MODE: BIDIRECTIONAL]
[387][GREEDY] CONSEGNATO! STARLINK-11734 [DTC] -> OBS | Tramission-time: 1.0352699389578125e-11
---> Task 389 (Type: CPU_and_Data_Intensive) arriva in 198.53
--- [198.53] Task 389 using SearchNode Policy: v2_ilp_hybrid ---
[198.53] [Task 389] Entering ILP branch (v2)
[ε-constraint energy] sumE_B=1.067242  bound=1.173967  active=False
[ILP] res_type=dict value_preview={'stage': 'B', 'status': 'Optimal', 'primary': 'energy', 'tol': 0.1, 'opt_primary': 1.0672423265038335, 'objective_secondary': 0.6354198904800603, 'sumE': 1.067
[198.53] [Task 389] ILP chose server: STARLINK-31782
[198.53] [Task 389] Routed STARLINK-11724 [DTC] -> STARLINK-31782 | E_NET=0.104813 J | Remaining=119999.90 J
[198.632] Task 389 enqueued on CPU STARLINK-31782 qlen_enqueue=1
---> Task 390 (Type: CPU_Intensive) arriva in 198.96
--- [198.96] Task 390 using SearchNode Policy: v2_ilp_hybrid ---
[198.96] [Task 390] Entering ILP branch (v2)
[ε-constraint energy] sumE_B=1.660429  bound=1.826472  active=False
[ILP] res_type=dict value_preview={'stage': 'B', 'status': 'Optimal', 'primary': 'energy', 'tol': 0.1, 'opt_primary': 1.6604290550223675, 'objective_secondary': 0.8913262619845798, 'sumE': 1.660
[198.96] [Task 390] ILP chose server: STARLINK-31702
[198.96] [Task 390] Routed STARLINK-31008 -> STARLINK-31702 | E_NET=0.000006 J | Remaining=119999.99 J
[198.965] Task 390 enqueued on CPU STARLINK-31702 qlen_enqueue=1
[199.133] Task 389 enqueued on NET STARLINK-31782 qlen_enqueue_net=1
---> Task 391 (Type: CPU_Intensive) arriva in 199.23
--- [199.23] Task 391 using SearchNode Policy: v2_ilp_hybrid ---
[199.23] [Task 391] Entering ILP branch (v2)
[ε-constraint energy] sumE_B=0.166439  bound=0.183083  active=False
[ILP] res_type=dict value_preview={'stage': 'B', 'status': 'Optimal', 'primary': 'energy', 'tol': 0.1, 'opt_primary': 0.1664391560512882, 'objective_secondary': 0.08934966589931594, 'sumE': 0.16
[199.23] [Task 391] ILP chose server: STARLINK-31585
[199.23] [Task 391] Routed STARLINK-31008 -> STARLINK-31585 | E_NET=0.000008 J | Remaining=119999.99 J
[199.229] Task 391 enqueued on CPU STARLINK-31585 qlen_enqueue=1
[Task 389] Task eseguito su STARLINK-31782 63.626793907233086 degrees | CPU=0.9323J, NET=0.1048J, TOTAL=1.0371J, Remaining=119970.72J
[199.237] Task 389 served on STARLINK-31782 qlen_enqueue_cpu=1 qlen_enqueue_net=1 time_in_queue=0.000
[389][GREEDY] STARLINK-31782 -> STARLINK-11734 [DTC] | Tramission-time: 0.0015665851978470637
[389] Energy routing consumed by STARLINK-31782: 0.000000 J (remaining 119970.72)
[Task 391] Task eseguito su STARLINK-31585 58.565706499542024 degrees | CPU=0.1664J, NET=0.0000J, TOTAL=0.1664J, Remaining=119993.31J
[199.319] Task 391 served on STARLINK-31585 qlen_enqueue_cpu=1 qlen_enqueue_net=None time_in_queue=0.000
[MODE: BIDIRECTIONAL]
[389][GREEDY] CONSEGNATO! STARLINK-11734 [DTC] -> OBS | Tramission-time: 1.0689799586357622e-07
---> Task 392 (Type: Generic_Service) arriva in 199.38
--- [199.38] Task 392 using SearchNode Policy: v2_ilp_hybrid ---
[199.38] [Task 392] Entering ILP branch (v2)
[ε-constraint energy] sumE_B=0.106687  bound=0.117356  active=False
[ILP] res_type=dict value_preview={'stage': 'B', 'status': 'Optimal', 'primary': 'energy', 'tol': 0.1, 'opt_primary': 0.10668711877387171, 'objective_secondary': 0.0572749283486836, 'sumE': 0.10
[199.38] [Task 392] ILP chose server: STARLINK-31585
[199.38] [Task 392] Routed STARLINK-31008 -> STARLINK-31585 | E_NET=0.000009 J | Remaining=119999.99 J
[199.379] Task 392 enqueued on CPU STARLINK-31585 qlen_enqueue=1
[391][GREEDY] STARLINK-31585 -> STARLINK-11734 [DTC] | Tramission-time: 0.0013667847966048628
[391] Energy routing consumed by STARLINK-31585: 0.000000 J (remaining 119993.31)
[MODE: BIDIRECTIONAL]
[391][GREEDY] CONSEGNATO! STARLINK-11734 [DTC] -> OBS | Tramission-time: 6.757761881315151e-12
[Task 392] Task eseguito su STARLINK-31585 58.565706499542024 degrees | CPU=0.1067J, NET=0.0000J, TOTAL=0.1067J, Remaining=119993.20J
[199.437] Task 392 served on STARLINK-31585 qlen_enqueue_cpu=1 qlen_enqueue_net=None time_in_queue=0.000
---> Task 393 (Type: CPU_and_Data_Intensive) arriva in 199.50
--- [199.50] Task 393 using SearchNode Policy: v2_ilp_hybrid ---
[199.50] [Task 393] Entering ILP branch (v2)
[ε-constraint energy] sumE_B=0.278259  bound=0.306085  active=False
[ILP] res_type=dict value_preview={'stage': 'B', 'status': 'Optimal', 'primary': 'energy', 'tol': 0.1, 'opt_primary': 0.278259444095404, 'objective_secondary': 0.15205012144258254, 'sumE': 0.278
[199.50] [Task 393] ILP chose server: STARLINK-31585
[199.50] [Task 393] Routed STARLINK-31008 -> STARLINK-31585 | E_NET=0.004664 J | Remaining=119999.99 J
[199.506] Task 393 enqueued on CPU STARLINK-31585 qlen_enqueue=1
[392][GREEDY] STARLINK-31585 -> STARLINK-11734 [DTC] | Tramission-time: 0.0013667847965105908
[392] Energy routing consumed by STARLINK-31585: 0.000000 J (remaining 119993.20)
[MODE: BIDIRECTIONAL]
[392][GREEDY] CONSEGNATO! STARLINK-11734 [DTC] -> OBS | Tramission-time: 9.182486052025366e-12
[199.652] Task 393 enqueued on NET STARLINK-31585 qlen_enqueue_net=1
[Task 393] Task eseguito su STARLINK-31585 58.565706499542024 degrees | CPU=0.2725J, NET=0.0047J, TOTAL=0.2771J, Remaining=119992.92J
[199.657] Task 393 served on STARLINK-31585 qlen_enqueue_cpu=1 qlen_enqueue_net=1 time_in_queue=0.000
[393][GREEDY] STARLINK-31585 -> STARLINK-11734 [DTC] | Tramission-time: 0.001366789089994762
[393] Energy routing consumed by STARLINK-31585: 0.000000 J (remaining 119992.92)
[MODE: BIDIRECTIONAL]
[393][GREEDY] CONSEGNATO! STARLINK-11734 [DTC] -> OBS | Tramission-time: 4.19306818585573e-09
[Task 390] Task eseguito su STARLINK-31702 45.38128054340612 degrees | CPU=1.6604J, NET=0.0000J, TOTAL=1.6604J, Remaining=119977.71J
[199.857] Task 390 served on STARLINK-31702 qlen_enqueue_cpu=1 qlen_enqueue_net=None time_in_queue=0.000
[390][GREEDY] STARLINK-31702 -> STARLINK-11734 [DTC] | Tramission-time: 0.00087302673850163
[390] Energy routing consumed by STARLINK-31702: 0.000000 J (remaining 119977.71)
[MODE: BIDIRECTIONAL]
[390][GREEDY] CONSEGNATO! STARLINK-11734 [DTC] -> OBS | Tramission-time: 6.026266250148127e-12
----------------------------------------------------------------------
	||TIME IN SIMULATION : (seconds:200) (minutes: 3) ||

MODIFICA CONFIGURAZIONE IN CORSO...

Aggiornato il Tempo Globale:  2025-11-20 20:58:34
---> Task 394 (Type: Generic_Service) arriva in 201.28
--- [201.28] Task 394 using SearchNode Policy: v2_ilp_hybrid ---
[201.28] [Task 394] Entering ILP branch (v2)
[ε-constraint energy] sumE_B=0.038155  bound=0.041970  active=False
[ILP] res_type=dict value_preview={'stage': 'B', 'status': 'Optimal', 'primary': 'energy', 'tol': 0.1, 'opt_primary': 0.0381546624923083, 'objective_secondary': 0.020487645953137096, 'sumE': 0.0
[201.28] [Task 394] ILP chose server: STARLINK-32442
[201.28] [Task 394] Routed STARLINK-35398 -> STARLINK-32442 | E_NET=0.000011 J | Remaining=119999.99 J
[201.278] Task 394 enqueued on CPU STARLINK-32442 qlen_enqueue=1
[Task 394] Task eseguito su STARLINK-32442 39.28864199777291 degrees | CPU=0.0381J, NET=0.0000J, TOTAL=0.0382J, Remaining=119991.17J
[201.299] Task 394 served on STARLINK-32442 qlen_enqueue_cpu=1 qlen_enqueue_net=None time_in_queue=0.000
[394][GREEDY] STARLINK-32442 -> STARLINK-35398 | Tramission-time: 0.001495862768919421
[394] Energy routing consumed by STARLINK-32442: 0.000000 J (remaining 119991.17)
[MODE: BIDIRECTIONAL]
[394][GREEDY] CONSEGNATO! STARLINK-35398 -> OBS | Tramission-time: 1.1368830456731509e-11
----------------------------------------------------------------------
	||TIME IN SIMULATION : (seconds:202) (minutes: 3) ||

MODIFICA CONFIGURAZIONE IN CORSO...

Aggiornato il Tempo Globale:  2025-11-20 20:58:36
---> Task 395 (Type: Generic_Service) arriva in 202.33
--- [202.33] Task 395 using SearchNode Policy: v2_ilp_hybrid ---
[202.33] [Task 395] Entering ILP branch (v2)
[ε-constraint energy] sumE_B=0.140028  bound=0.154030  active=False
[ILP] res_type=dict value_preview={'stage': 'B', 'status': 'Optimal', 'primary': 'energy', 'tol': 0.1, 'opt_primary': 0.14002764970487672, 'objective_secondary': 0.07517550890735168, 'sumE': 0.1
[202.33] [Task 395] ILP chose server: STARLINK-32442
[202.33] [Task 395] Routed STARLINK-35398 -> STARLINK-32442 | E_NET=0.000014 J | Remaining=119999.99 J
[202.330] Task 395 enqueued on CPU STARLINK-32442 qlen_enqueue=1
[Task 395] Task eseguito su STARLINK-32442 40.078146101688354 degrees | CPU=0.1400J, NET=0.0000J, TOTAL=0.1400J, Remaining=119991.03J
[202.406] Task 395 served on STARLINK-32442 qlen_enqueue_cpu=1 qlen_enqueue_net=None time_in_queue=0.000
[395][GREEDY] STARLINK-32442 -> STARLINK-35398 | Tramission-time: 0.0014971803778773157
[395] Energy routing consumed by STARLINK-32442: 0.000000 J (remaining 119991.03)
[MODE: BIDIRECTIONAL]
[395][GREEDY] CONSEGNATO! STARLINK-35398 -> OBS | Tramission-time: 1.3773504255453385e-11
----------------------------------------------------------------------
	||TIME IN SIMULATION : (seconds:204) (minutes: 3) ||

MODIFICA CONFIGURAZIONE IN CORSO...

Aggiornato il Tempo Globale:  2025-11-20 20:58:38
---> Task 396 (Type: CPU_and_Data_Intensive) arriva in 204.47
--- [204.47] Task 396 using SearchNode Policy: v2_ilp_hybrid ---
[204.47] [Task 396] Entering ILP branch (v2)
[ε-constraint energy] sumE_B=0.672089  bound=0.739298  active=False
[ILP] res_type=dict value_preview={'stage': 'B', 'status': 'Optimal', 'primary': 'energy', 'tol': 0.1, 'opt_primary': 0.6720891832067228, 'objective_secondary': 0.4680123878180842, 'sumE': 0.672
[204.47] [Task 396] ILP chose server: STARLINK-32442
[204.47] [Task 396] Routed STARLINK-35398 -> STARLINK-32442 | E_NET=0.172889 J | Remaining=119999.82 J
---> Task 397 (Type: Generic_Service) arriva in 204.51
--- [204.51] Task 397 using SearchNode Policy: v2_ilp_hybrid ---
[204.51] [Task 397] Entering ILP branch (v2)
[ε-constraint energy] sumE_B=0.016829  bound=0.018512  active=False
[ILP] res_type=dict value_preview={'stage': 'B', 'status': 'Optimal', 'primary': 'energy', 'tol': 0.1, 'opt_primary': 0.016828649090421813, 'objective_secondary': 0.009042064317950545, 'sumE': 0
[204.51] [Task 397] ILP chose server: STARLINK-31763
[204.51] [Task 397] Routed STARLINK-31008 -> STARLINK-31763 | E_NET=0.000015 J | Remaining=119999.99 J
[204.506] Task 397 enqueued on CPU STARLINK-31763 qlen_enqueue=1
[Task 397] Task eseguito su STARLINK-31763 72.04183318400077 degrees | CPU=0.0168J, NET=0.0000J, TOTAL=0.0168J, Remaining=119963.25J
[204.516] Task 397 served on STARLINK-31763 qlen_enqueue_cpu=1 qlen_enqueue_net=None time_in_queue=0.000
[397][GREEDY] STARLINK-31763 -> STARLINK-35398 | Tramission-time: 0.00042649844297056586
[397] Energy routing consumed by STARLINK-31763: 0.000000 J (remaining 119963.25)
[MODE: BIDIRECTIONAL]
[397][GREEDY] CONSEGNATO! STARLINK-35398 -> OBS | Tramission-time: 1.2068167699670574e-11
[204.649] Task 396 enqueued on CPU STARLINK-32442 qlen_enqueue=1
[204.885] Task 396 enqueued on NET STARLINK-32442 qlen_enqueue_net=1
---> Task 398 (Type: CPU_and_Data_Intensive) arriva in 205.02
--- [205.02] Task 398 using SearchNode Policy: v2_ilp_hybrid ---
[205.02] [Task 398] Entering ILP branch (v2)
[ε-constraint energy] sumE_B=0.907436  bound=0.998179  active=False
[ILP] res_type=dict value_preview={'stage': 'B', 'status': 'Optimal', 'primary': 'energy', 'tol': 0.1, 'opt_primary': 0.9074357531210866, 'objective_secondary': 0.4881891811143905, 'sumE': 0.907
[205.02] [Task 398] ILP chose server: STARLINK-31763
[205.02] [Task 398] Routed STARLINK-31008 -> STARLINK-31763 | E_NET=0.001893 J | Remaining=119999.99 J
[205.023] Task 398 enqueued on CPU STARLINK-31763 qlen_enqueue=1
[Task 396] Task eseguito su STARLINK-32442 40.88690374417827 degrees | CPU=0.4406J, NET=0.1729J, TOTAL=0.6135J, Remaining=119990.42J
[205.058] Task 396 served on STARLINK-32442 qlen_enqueue_cpu=1 qlen_enqueue_net=1 time_in_queue=0.000
[396][GREEDY] STARLINK-32442 -> STARLINK-35398 | Tramission-time: 0.0014986540132089338
[396] Energy routing consumed by STARLINK-32442: 0.000000 J (remaining 119990.42)
---> Task 399 (Type: Generic_Service) arriva in 205.20
--- [205.20] Task 399 using SearchNode Policy: v2_ilp_hybrid ---
[205.20] [Task 399] Entering ILP branch (v2)
[ε-constraint energy] sumE_B=0.280918  bound=0.309010  active=False
[ILP] res_type=dict value_preview={'stage': 'B', 'status': 'Optimal', 'primary': 'energy', 'tol': 0.1, 'opt_primary': 0.2809183922065741, 'objective_secondary': 0.15080093544363027, 'sumE': 0.28
[205.20] [Task 399] ILP chose server: STARLINK-31702
[205.20] [Task 399] Routed STARLINK-31008 -> STARLINK-31702 | E_NET=0.000006 J | Remaining=119999.99 J
[205.200] Task 399 enqueued on CPU STARLINK-31702 qlen_enqueue=1
---> Task 400 (Type: CPU_and_Data_Intensive) arriva in 205.21
--- [205.21] Task 400 using SearchNode Policy: v2_ilp_hybrid ---
[205.21] [Task 400] Entering ILP branch (v2)
[ε-constraint energy] sumE_B=0.842090  bound=0.926299  active=False
[ILP] res_type=dict value_preview={'stage': 'B', 'status': 'Optimal', 'primary': 'energy', 'tol': 0.1, 'opt_primary': 0.8420898740148787, 'objective_secondary': 0.4551458416281567, 'sumE': 0.842
[205.21] [Task 400] ILP chose server: STARLINK-31585
[205.21] [Task 400] Routed STARLINK-31008 -> STARLINK-31585 | E_NET=0.004967 J | Remaining=119999.98 J
[205.219] Task 400 enqueued on CPU STARLINK-31585 qlen_enqueue=1
[MODE: BIDIRECTIONAL]
[396][GREEDY] CONSEGNATO! STARLINK-35398 -> OBS | Tramission-time: 1.791248166351092e-07
[Task 399] Task eseguito su STARLINK-31702 44.08467386517917 degrees | CPU=0.2809J, NET=0.0000J, TOTAL=0.2809J, Remaining=119977.43J
[205.351] Task 399 served on STARLINK-31702 qlen_enqueue_cpu=1 qlen_enqueue_net=None time_in_queue=0.000
[399][GREEDY] STARLINK-31702 -> STARLINK-35398 | Tramission-time: 0.0020485139217063988
[399] Energy routing consumed by STARLINK-31702: 0.000000 J (remaining 119977.43)
[MODE: BIDIRECTIONAL]
[399][GREEDY] CONSEGNATO! STARLINK-35398 -> OBS | Tramission-time: 5.491021170208266e-12
---> Task 401 (Type: Generic_Service) arriva in 205.50
--- [205.50] Task 401 using SearchNode Policy: v2_ilp_hybrid ---
[205.50] [Task 401] Entering ILP branch (v2)
[ε-constraint energy] sumE_B=0.135572  bound=0.149130  active=False
[ILP] res_type=dict value_preview={'stage': 'B', 'status': 'Optimal', 'primary': 'energy', 'tol': 0.1, 'opt_primary': 0.13557244324861814, 'objective_secondary': 0.07277802028363659, 'sumE': 0.1
[205.50] [Task 401] ILP chose server: STARLINK-31702
[205.50] [Task 401] Routed STARLINK-31008 -> STARLINK-31702 | E_NET=0.000005 J | Remaining=119999.98 J
[205.498] Task 401 enqueued on CPU STARLINK-31702 qlen_enqueue=1
[205.509] Task 398 enqueued on NET STARLINK-31763 qlen_enqueue_net=1
[Task 398] Task eseguito su STARLINK-31763 72.04183318400077 degrees | CPU=0.9051J, NET=0.0019J, TOTAL=0.9070J, Remaining=119962.35J
[205.511] Task 398 served on STARLINK-31763 qlen_enqueue_cpu=1 qlen_enqueue_net=1 time_in_queue=0.000
[398][GREEDY] STARLINK-31763 -> STARLINK-35398 | Tramission-time: 0.0004265005646923744
[398] Energy routing consumed by STARLINK-31763: 0.000000 J (remaining 119962.35)
[MODE: BIDIRECTIONAL]
[398][GREEDY] CONSEGNATO! STARLINK-35398 -> OBS | Tramission-time: 1.913239378319315e-09
[Task 401] Task eseguito su STARLINK-31702 44.08467386517917 degrees | CPU=0.1356J, NET=0.0000J, TOTAL=0.1356J, Remaining=119977.29J
[205.571] Task 401 served on STARLINK-31702 qlen_enqueue_cpu=1 qlen_enqueue_net=None time_in_queue=0.000
[401][GREEDY] STARLINK-31702 -> STARLINK-35398 | Tramission-time: 0.0020485139187699924
[401] Energy routing consumed by STARLINK-31702: 0.000000 J (remaining 119977.29)
[MODE: BIDIRECTIONAL]
[401][GREEDY] CONSEGNATO! STARLINK-35398 -> OBS | Tramission-time: 3.751016395433705e-12
---> Task 402 (Type: Generic_Service) arriva in 205.66
--- [205.66] Task 402 using SearchNode Policy: v2_ilp_hybrid ---
[205.66] [Task 402] Entering ILP branch (v2)
[ε-constraint energy] sumE_B=0.092613  bound=0.101875  active=False
[ILP] res_type=dict value_preview={'stage': 'B', 'status': 'Optimal', 'primary': 'energy', 'tol': 0.1, 'opt_primary': 0.09261343782226446, 'objective_secondary': 0.049724070970880725, 'sumE': 0.
[205.66] [Task 402] ILP chose server: STARLINK-31763
[205.66] [Task 402] Routed STARLINK-31008 -> STARLINK-31763 | E_NET=0.000016 J | Remaining=119999.98 J
[205.664] Task 402 enqueued on CPU STARLINK-31763 qlen_enqueue=1
[205.667] Task 400 enqueued on NET STARLINK-31585 qlen_enqueue_net=1
[Task 400] Task eseguito su STARLINK-31585 55.06540072924342 degrees | CPU=0.8354J, NET=0.0050J, TOTAL=0.8403J, Remaining=119992.08J
[205.672] Task 400 served on STARLINK-31585 qlen_enqueue_cpu=1 qlen_enqueue_net=1 time_in_queue=0.000
[Task 402] Task eseguito su STARLINK-31763 72.04183318400077 degrees | CPU=0.0926J, NET=0.0000J, TOTAL=0.0926J, Remaining=119962.25J
[205.715] Task 402 served on STARLINK-31763 qlen_enqueue_cpu=1 qlen_enqueue_net=None time_in_queue=0.000
[400][GREEDY] STARLINK-31585 -> STARLINK-35398 | Tramission-time: 0.001248141185921801
[400] Energy routing consumed by STARLINK-31585: 0.000000 J (remaining 119992.08)
[402][GREEDY] STARLINK-31763 -> STARLINK-35398 | Tramission-time: 0.00042649844282164836
[402] Energy routing consumed by STARLINK-31763: 0.000000 J (remaining 119962.25)
[MODE: BIDIRECTIONAL]
[400][GREEDY] CONSEGNATO! STARLINK-35398 -> OBS | Tramission-time: 5.256236297997522e-09
[MODE: BIDIRECTIONAL]
[402][GREEDY] CONSEGNATO! STARLINK-35398 -> OBS | Tramission-time: 1.6139912160606964e-11
---> Task 403 (Type: Generic_Service) arriva in 205.98
--- [205.98] Task 403 using SearchNode Policy: v2_ilp_hybrid ---
[205.98] [Task 403] Entering ILP branch (v2)
[ε-constraint energy] sumE_B=0.002404  bound=0.002644  active=False
[ILP] res_type=dict value_preview={'stage': 'B', 'status': 'Optimal', 'primary': 'energy', 'tol': 0.1, 'opt_primary': 0.0024040890058696896, 'objective_secondary': 0.001304651111586124, 'sumE': 
[205.98] [Task 403] ILP chose server: STARLINK-31763
[205.98] [Task 403] Routed STARLINK-31008 -> STARLINK-31763 | E_NET=0.000025 J | Remaining=119999.98 J
[205.977] Task 403 enqueued on CPU STARLINK-31763 qlen_enqueue=1
[Task 403] Task eseguito su STARLINK-31763 72.04183318400077 degrees | CPU=0.0024J, NET=0.0000J, TOTAL=0.0024J, Remaining=119962.25J
[205.980] Task 403 served on STARLINK-31763 qlen_enqueue_cpu=1 qlen_enqueue_net=None time_in_queue=0.000
---> Task 404 (Type: CPU_and_Data_Intensive) arriva in 205.98
--- [205.98] Task 404 using SearchNode Policy: v2_ilp_hybrid ---
[205.98] [Task 404] Entering ILP branch (v2)
[ε-constraint energy] sumE_B=0.437804  bound=0.481585  active=False
[ILP] res_type=dict value_preview={'stage': 'B', 'status': 'Optimal', 'primary': 'energy', 'tol': 0.1, 'opt_primary': 0.4378042256698564, 'objective_secondary': 0.2352220152817527, 'sumE': 0.437
[205.98] [Task 404] ILP chose server: STARLINK-31763
[205.98] [Task 404] Routed STARLINK-31008 -> STARLINK-31763 | E_NET=0.000365 J | Remaining=119999.98 J
[205.983] Task 404 enqueued on CPU STARLINK-31763 qlen_enqueue=1
----------------------------------------------------------------------
	||TIME IN SIMULATION : (seconds:206) (minutes: 3) ||

MODIFICA CONFIGURAZIONE IN CORSO...

Aggiornato il Tempo Globale:  2025-11-20 20:58:40
[403][GREEDY] STARLINK-31763 -> STARLINK-35398 | Tramission-time: 0.00043848038545697037
[403] Energy routing consumed by STARLINK-31763: 0.000000 J (remaining 119962.25)
[MODE: BIDIRECTIONAL]
[403][GREEDY] CONSEGNATO! STARLINK-35398 -> OBS | Tramission-time: 2.7171174757023752e-11
---> Task 405 (Type: CPU_and_Data_Intensive) arriva in 206.05
--- [206.05] Task 405 using SearchNode Policy: v2_ilp_hybrid ---
[206.05] [Task 405] Entering ILP branch (v2)
[ε-constraint energy] sumE_B=0.333642  bound=0.367006  active=False
[ILP] res_type=dict value_preview={'stage': 'B', 'status': 'Optimal', 'primary': 'energy', 'tol': 0.1, 'opt_primary': 0.33364204683071785, 'objective_secondary': 0.2349699883963869, 'sumE': 0.33
[206.05] [Task 405] ILP chose server: STARLINK-31702
[206.05] [Task 405] Routed STARLINK-11724 [DTC] -> STARLINK-31702 | E_NET=0.114022 J | Remaining=119999.78 J
[206.164] Task 405 enqueued on CPU STARLINK-31702 qlen_enqueue=1
[206.218] Task 404 enqueued on NET STARLINK-31763 qlen_enqueue_net=1
[Task 404] Task eseguito su STARLINK-31763 71.30681374785898 degrees | CPU=0.4374J, NET=0.0004J, TOTAL=0.4377J, Remaining=119961.81J
[206.218] Task 404 served on STARLINK-31763 qlen_enqueue_cpu=1 qlen_enqueue_net=1 time_in_queue=0.000
[404][GREEDY] STARLINK-31763 -> STARLINK-35398 | Tramission-time: 0.00043848066650020403
[404] Energy routing consumed by STARLINK-31763: 0.000000 J (remaining 119961.81)
[MODE: BIDIRECTIONAL]
[404][GREEDY] CONSEGNATO! STARLINK-35398 -> OBS | Tramission-time: 2.9480297301227524e-10
[206.278] Task 405 enqueued on NET STARLINK-31702 qlen_enqueue_net=1
---> Task 406 (Type: CPU_Intensive) arriva in 206.29
--- [206.29] Task 406 using SearchNode Policy: v2_ilp_hybrid ---
[206.29] [Task 406] Entering ILP branch (v2)
[ε-constraint energy] sumE_B=0.431028  bound=0.474130  active=False
[ILP] res_type=dict value_preview={'stage': 'B', 'status': 'Optimal', 'primary': 'energy', 'tol': 0.1, 'opt_primary': 0.4310276328351321, 'objective_secondary': 0.23138981499883624, 'sumE': 0.43
[206.29] [Task 406] ILP chose server: STARLINK-31782
[206.29] [Task 406] Routed STARLINK-35398 -> STARLINK-31782 | E_NET=0.000021 J | Remaining=119999.82 J
[206.286] Task 406 enqueued on CPU STARLINK-31782 qlen_enqueue=1
[Task 405] Task eseguito su STARLINK-31702 43.62054937631099 degrees | CPU=0.2130J, NET=0.1140J, TOTAL=0.3270J, Remaining=119976.97J
[206.392] Task 405 served on STARLINK-31702 qlen_enqueue_cpu=1 qlen_enqueue_net=1 time_in_queue=0.000
[405][GREEDY] STARLINK-31702 -> STARLINK-35398 | Tramission-time: 0.002038947978454295
[405] Energy routing consumed by STARLINK-31702: 0.000000 J (remaining 119976.97)
[MODE: BIDIRECTIONAL]
[405][GREEDY] CONSEGNATO! STARLINK-35398 -> OBS | Tramission-time: 8.880277013704315e-08
[Task 406] Task eseguito su STARLINK-31782 67.78100886176418 degrees | CPU=0.4310J, NET=0.0000J, TOTAL=0.4310J, Remaining=119970.29J
[206.519] Task 406 served on STARLINK-31782 qlen_enqueue_cpu=1 qlen_enqueue_net=None time_in_queue=0.000
[MODE: BIDIRECTIONAL]
[406][GREEDY] CONSEGNATO! STARLINK-31782 -> OBS | Tramission-time: 2.4675217942922616e-11
---> Task 407 (Type: Generic_Service) arriva in 206.57
--- [206.57] Task 407 using SearchNode Policy: v2_ilp_hybrid ---
[206.57] [Task 407] Entering ILP branch (v2)
[ε-constraint energy] sumE_B=0.030649  bound=0.033714  active=False
[ILP] res_type=dict value_preview={'stage': 'B', 'status': 'Optimal', 'primary': 'energy', 'tol': 0.1, 'opt_primary': 0.030649205116167734, 'objective_secondary': 0.016471507193587986, 'sumE': 0
[206.57] [Task 407] ILP chose server: STARLINK-31782
[206.57] [Task 407] Routed STARLINK-35398 -> STARLINK-31782 | E_NET=0.000031 J | Remaining=119999.82 J
[206.565] Task 407 enqueued on CPU STARLINK-31782 qlen_enqueue=1
[Task 407] Task eseguito su STARLINK-31782 67.78100886176418 degrees | CPU=0.0306J, NET=0.0000J, TOTAL=0.0306J, Remaining=119970.26J
[206.585] Task 407 served on STARLINK-31782 qlen_enqueue_cpu=1 qlen_enqueue_net=None time_in_queue=0.000
[MODE: BIDIRECTIONAL]
[407][GREEDY] CONSEGNATO! STARLINK-31782 -> OBS | Tramission-time: 3.3730239632986146e-11
---> Task 408 (Type: Generic_Service) arriva in 207.45
--- [207.45] Task 408 using SearchNode Policy: v2_ilp_hybrid ---
[207.45] [Task 408] Entering ILP branch (v2)
[ε-constraint energy] sumE_B=0.237044  bound=0.260748  active=False
[ILP] res_type=dict value_preview={'stage': 'B', 'status': 'Optimal', 'primary': 'energy', 'tol': 0.1, 'opt_primary': 0.23704350758876078, 'objective_secondary': 0.12725770399822908, 'sumE': 0.2
[207.45] [Task 408] ILP chose server: STARLINK-31782
[207.45] [Task 408] Routed STARLINK-35398 -> STARLINK-31782 | E_NET=0.000020 J | Remaining=119999.82 J
[207.453] Task 408 enqueued on CPU STARLINK-31782 qlen_enqueue=1
[Task 408] Task eseguito su STARLINK-31782 67.78100886176418 degrees | CPU=0.2370J, NET=0.0000J, TOTAL=0.2370J, Remaining=119970.02J
[207.582] Task 408 served on STARLINK-31782 qlen_enqueue_cpu=1 qlen_enqueue_net=None time_in_queue=0.000
[MODE: BIDIRECTIONAL]
[408][GREEDY] CONSEGNATO! STARLINK-31782 -> OBS | Tramission-time: 2.1866105131492186e-11
---> Task 409 (Type: Generic_Service) arriva in 207.90
--- [207.90] Task 409 using SearchNode Policy: v2_ilp_hybrid ---
[207.90] [Task 409] Entering ILP branch (v2)
[ε-constraint energy] sumE_B=0.009258  bound=0.010184  active=False
[ILP] res_type=dict value_preview={'stage': 'B', 'status': 'Optimal', 'primary': 'energy', 'tol': 0.1, 'opt_primary': 0.009257760356762852, 'objective_secondary': 0.0049780242011567295, 'sumE': 
[207.90] [Task 409] ILP chose server: STARLINK-31782
[207.90] [Task 409] Routed STARLINK-35398 -> STARLINK-31782 | E_NET=0.000014 J | Remaining=119999.82 J
[207.897] Task 409 enqueued on CPU STARLINK-31782 qlen_enqueue=1
[Task 409] Task eseguito su STARLINK-31782 67.78100886176418 degrees | CPU=0.0092J, NET=0.0000J, TOTAL=0.0093J, Remaining=119970.01J
[207.903] Task 409 served on STARLINK-31782 qlen_enqueue_cpu=1 qlen_enqueue_net=None time_in_queue=0.000
[MODE: BIDIRECTIONAL]
[409][GREEDY] CONSEGNATO! STARLINK-31782 -> OBS | Tramission-time: 1.637601508364419e-11
---> Task 410 (Type: Generic_Service) arriva in 207.98
--- [207.98] Task 410 using SearchNode Policy: v2_ilp_hybrid ---
[207.98] [Task 410] Entering ILP branch (v2)
[ε-constraint energy] sumE_B=0.059027  bound=0.064930  active=False
[ILP] res_type=dict value_preview={'stage': 'B', 'status': 'Optimal', 'primary': 'energy', 'tol': 0.1, 'opt_primary': 0.05902746009540089, 'objective_secondary': 0.031693888347259704, 'sumE': 0.
[207.98] [Task 410] ILP chose server: STARLINK-31782
[207.98] [Task 410] Routed STARLINK-35398 -> STARLINK-31782 | E_NET=0.000013 J | Remaining=119999.82 J
[207.978] Task 410 enqueued on CPU STARLINK-31782 qlen_enqueue=1
----------------------------------------------------------------------
	||TIME IN SIMULATION : (seconds:208) (minutes: 3) ||

MODIFICA CONFIGURAZIONE IN CORSO...

Aggiornato il Tempo Globale:  2025-11-20 20:58:42
[Task 410] Task eseguito su STARLINK-31782 68.71611791787397 degrees | CPU=0.0590J, NET=0.0000J, TOTAL=0.0590J, Remaining=119969.95J
[208.011] Task 410 served on STARLINK-31782 qlen_enqueue_cpu=1 qlen_enqueue_net=None time_in_queue=0.000
[MODE: BIDIRECTIONAL]
[410][GREEDY] CONSEGNATO! STARLINK-31782 -> OBS | Tramission-time: 1.3142514568932723e-11
---> Task 411 (Type: CPU_and_Data_Intensive) arriva in 208.74
--- [208.74] Task 411 using SearchNode Policy: v2_ilp_hybrid ---
[208.74] [Task 411] Entering ILP branch (v2)
[ε-constraint energy] sumE_B=0.949967  bound=1.044964  active=False
[ILP] res_type=dict value_preview={'stage': 'B', 'status': 'Optimal', 'primary': 'energy', 'tol': 0.1, 'opt_primary': 0.9499668369716058, 'objective_secondary': 0.5106216612469742, 'sumE': 0.949
[208.74] [Task 411] ILP chose server: STARLINK-31782
[208.74] [Task 411] Routed STARLINK-35398 -> STARLINK-31782 | E_NET=0.001301 J | Remaining=119999.82 J
[208.745] Task 411 enqueued on CPU STARLINK-31782 qlen_enqueue=1
[209.255] Task 411 enqueued on NET STARLINK-31782 qlen_enqueue_net=1
[Task 411] Task eseguito su STARLINK-31782 68.71611791787397 degrees | CPU=0.9485J, NET=0.0013J, TOTAL=0.9498J, Remaining=119969.00J
[209.256] Task 411 served on STARLINK-31782 qlen_enqueue_cpu=1 qlen_enqueue_net=1 time_in_queue=0.000
[MODE: BIDIRECTIONAL]
[411][GREEDY] CONSEGNATO! STARLINK-31782 -> OBS | Tramission-time: 1.2399467561950013e-09
----------------------------------------------------------------------
	||TIME IN SIMULATION : (seconds:210) (minutes: 3) ||

MODIFICA CONFIGURAZIONE IN CORSO...

Aggiornato il Tempo Globale:  2025-11-20 20:58:44
---> Task 412 (Type: CPU_Intensive) arriva in 210.62
--- [210.62] Task 412 using SearchNode Policy: v2_ilp_hybrid ---
[210.62] [Task 412] Entering ILP branch (v2)
[ε-constraint energy] sumE_B=2.116336  bound=2.327970  active=False
[ILP] res_type=dict value_preview={'stage': 'B', 'status': 'Optimal', 'primary': 'energy', 'tol': 0.1, 'opt_primary': 2.1163361735223325, 'objective_secondary': 1.136060599237679, 'sumE': 2.1163
[210.62] [Task 412] ILP chose server: STARLINK-31763
[210.62] [Task 412] Routed STARLINK-33816 -> STARLINK-31763 | E_NET=0.000011 J | Remaining=120000.00 J
[210.619] Task 412 enqueued on CPU STARLINK-31763 qlen_enqueue=1
---> Task 413 (Type: Generic_Service) arriva in 210.77
--- [210.77] Task 413 using SearchNode Policy: v2_ilp_hybrid ---
[210.77] [Task 413] Entering ILP branch (v2)
[ε-constraint energy] sumE_B=0.046917  bound=0.051609  active=False
[ILP] res_type=dict value_preview={'stage': 'B', 'status': 'Optimal', 'primary': 'energy', 'tol': 0.1, 'opt_primary': 0.04691706451466089, 'objective_secondary': 0.025196150950390173, 'sumE': 0.
[210.77] [Task 413] ILP chose server: STARLINK-31585
[210.77] [Task 413] Routed STARLINK-33816 -> STARLINK-31585 | E_NET=0.000017 J | Remaining=120000.00 J
[210.777] Task 413 enqueued on CPU STARLINK-31585 qlen_enqueue=1
[Task 413] Task eseguito su STARLINK-31585 51.75283360005546 degrees | CPU=0.0469J, NET=0.0000J, TOTAL=0.0469J, Remaining=119992.04J
[210.803] Task 413 served on STARLINK-31585 qlen_enqueue_cpu=1 qlen_enqueue_net=None time_in_queue=0.000
[413][GREEDY] STARLINK-31585 -> STARLINK-35398 | Tramission-time: 0.0012671505532966297
[413] Energy routing consumed by STARLINK-31585: 0.000000 J (remaining 119992.04)
[MODE: BIDIRECTIONAL]
[413][GREEDY] CONSEGNATO! STARLINK-35398 -> OBS | Tramission-time: 1.6790345367415398e-11
---> Task 414 (Type: CPU_and_Data_Intensive) arriva in 210.86
--- [210.86] Task 414 using SearchNode Policy: v2_ilp_hybrid ---
[210.86] [Task 414] Entering ILP branch (v2)
[ε-constraint energy] sumE_B=1.200982  bound=1.321081  active=False
[ILP] res_type=dict value_preview={'stage': 'B', 'status': 'Optimal', 'primary': 'energy', 'tol': 0.1, 'opt_primary': 1.2009823092256604, 'objective_secondary': 0.6458489885427156, 'sumE': 1.200
[210.86] [Task 414] ILP chose server: STARLINK-31585
[210.86] [Task 414] Routed STARLINK-33816 -> STARLINK-31585 | E_NET=0.001847 J | Remaining=120000.00 J
[210.865] Task 414 enqueued on CPU STARLINK-31585 qlen_enqueue=1
[211.509] Task 414 enqueued on NET STARLINK-31585 qlen_enqueue_net=1
[Task 414] Task eseguito su STARLINK-31585 51.75283360005546 degrees | CPU=1.1985J, NET=0.0018J, TOTAL=1.2003J, Remaining=119990.84J
[211.510] Task 414 served on STARLINK-31585 qlen_enqueue_cpu=1 qlen_enqueue_net=1 time_in_queue=0.000
[414][GREEDY] STARLINK-31585 -> STARLINK-35398 | Tramission-time: 0.0012671523828641314
[414] Energy routing consumed by STARLINK-31585: 0.000000 J (remaining 119990.84)
[MODE: BIDIRECTIONAL]
[414][GREEDY] CONSEGNATO! STARLINK-35398 -> OBS | Tramission-time: 2.221185602934677e-09
[Task 412] Task eseguito su STARLINK-31763 69.56886777987768 degrees | CPU=2.1163J, NET=0.0000J, TOTAL=2.1163J, Remaining=119959.70J
[211.756] Task 412 served on STARLINK-31763 qlen_enqueue_cpu=1 qlen_enqueue_net=None time_in_queue=0.000
[412][GREEDY] STARLINK-31763 -> STARLINK-35398 | Tramission-time: 0.0004667812446439811
[412] Energy routing consumed by STARLINK-31763: 0.000000 J (remaining 119959.70)
[MODE: BIDIRECTIONAL]
[412][GREEDY] CONSEGNATO! STARLINK-35398 -> OBS | Tramission-time: 1.1215359510507085e-11
----------------------------------------------------------------------
	||TIME IN SIMULATION : (seconds:212) (minutes: 3) ||

MODIFICA CONFIGURAZIONE IN CORSO...

Aggiornato il Tempo Globale:  2025-11-20 20:58:46
---> Task 415 (Type: CPU_Intensive) arriva in 212.60
--- [212.60] Task 415 using SearchNode Policy: v2_ilp_hybrid ---
[212.60] [Task 415] Entering ILP branch (v2)
[ε-constraint energy] sumE_B=6.898182  bound=7.588000  active=False
[ILP] res_type=dict value_preview={'stage': 'B', 'status': 'Optimal', 'primary': 'energy', 'tol': 0.1, 'opt_primary': 6.898182046561894, 'objective_secondary': 3.7029720556013235, 'sumE': 6.8981
[212.60] [Task 415] ILP chose server: STARLINK-31782
[212.60] [Task 415] Routed STARLINK-33816 -> STARLINK-31782 | E_NET=0.000019 J | Remaining=120000.00 J
[212.601] Task 415 enqueued on CPU STARLINK-31782 qlen_enqueue=1
---> Task 416 (Type: CPU_Intensive) arriva in 212.77
--- [212.77] Task 416 using SearchNode Policy: v2_ilp_hybrid ---
[212.77] [Task 416] Entering ILP branch (v2)
[ε-constraint energy] sumE_B=1.390815  bound=1.529897  active=False
[ILP] res_type=dict value_preview={'stage': 'B', 'status': 'Optimal', 'primary': 'energy', 'tol': 0.1, 'opt_primary': 1.3908153119621873, 'objective_secondary': 0.7465954601033576, 'sumE': 1.390
[212.77] [Task 416] ILP chose server: STARLINK-31763
[212.77] [Task 416] Routed STARLINK-33816 -> STARLINK-31763 | E_NET=0.000004 J | Remaining=120000.00 J
[212.768] Task 416 enqueued on CPU STARLINK-31763 qlen_enqueue=1
---> Task 417 (Type: CPU_and_Data_Intensive) arriva in 212.87
--- [212.87] Task 417 using SearchNode Policy: v2_ilp_hybrid ---
[212.87] [Task 417] Entering ILP branch (v2)
[ε-constraint energy] sumE_B=0.972791  bound=1.070070  active=False
[ILP] res_type=dict value_preview={'stage': 'B', 'status': 'Optimal', 'primary': 'energy', 'tol': 0.1, 'opt_primary': 0.972790916724359, 'objective_secondary': 0.5852435787106824, 'sumE': 0.9727
[212.87] [Task 417] ILP chose server: STARLINK-31585
[212.87] [Task 417] Routed STARLINK-33816 -> STARLINK-31585 | E_NET=0.121601 J | Remaining=119999.88 J
---> Task 418 (Type: CPU_Intensive) arriva in 212.97
--- [212.97] Task 418 using SearchNode Policy: v2_ilp_hybrid ---
[212.97] [Task 418] Entering ILP branch (v2)
[ε-constraint energy] sumE_B=0.367130  bound=0.403843  active=False
[ILP] res_type=dict value_preview={'stage': 'B', 'status': 'Optimal', 'primary': 'energy', 'tol': 0.1, 'opt_primary': 0.3671303743763442, 'objective_secondary': 0.19709113766238268, 'sumE': 0.36
[212.97] [Task 418] ILP chose server: STARLINK-31585
[212.97] [Task 418] Routed STARLINK-33816 -> STARLINK-31585 | E_NET=0.000028 J | Remaining=119999.88 J
[212.969] Task 418 enqueued on CPU STARLINK-31585 qlen_enqueue=1
[212.994] Task 417 enqueued on CPU STARLINK-31585 qlen_enqueue=2
---> Task 419 (Type: Generic_Service) arriva in 213.08
--- [213.08] Task 419 using SearchNode Policy: v2_ilp_hybrid ---
[213.08] [Task 419] Entering ILP branch (v2)
[ε-constraint energy] sumE_B=0.002888  bound=0.003177  active=False
[ILP] res_type=dict value_preview={'stage': 'B', 'status': 'Optimal', 'primary': 'energy', 'tol': 0.1, 'opt_primary': 0.0028881137352240213, 'objective_secondary': 0.0015623404904619859, 'sumE':
[213.08] [Task 419] ILP chose server: STARLINK-31399
[213.08] [Task 419] Routed STARLINK-33816 -> STARLINK-31399 | E_NET=0.000022 J | Remaining=119999.88 J
[213.078] Task 419 enqueued on CPU STARLINK-31399 qlen_enqueue=1
[Task 419] Task eseguito su STARLINK-31399 74.66525087260446 degrees | CPU=0.0029J, NET=0.0000J, TOTAL=0.0029J, Remaining=119999.68J
[213.082] Task 419 served on STARLINK-31399 qlen_enqueue_cpu=1 qlen_enqueue_net=None time_in_queue=0.000
[MODE: BIDIRECTIONAL]
[419][GREEDY] CONSEGNATO! STARLINK-31399 -> OBS | Tramission-time: 2.2467749845659227e-11
[Task 418] Task eseguito su STARLINK-31585 50.69357286159055 degrees | CPU=0.3671J, NET=0.0000J, TOTAL=0.3671J, Remaining=119990.47J
[213.168] Task 418 served on STARLINK-31585 qlen_enqueue_cpu=1 qlen_enqueue_net=None time_in_queue=0.000
[418][GREEDY] STARLINK-31585 -> STARLINK-35398 | Tramission-time: 0.0012744882279939079
[418] Energy routing consumed by STARLINK-31585: 0.000000 J (remaining 119990.47)
[MODE: BIDIRECTIONAL]
[418][GREEDY] CONSEGNATO! STARLINK-35398 -> OBS | Tramission-time: 2.1117117942325382e-11
---> Task 420 (Type: Generic_Service) arriva in 213.34
--- [213.34] Task 420 using SearchNode Policy: v2_ilp_hybrid ---
[213.34] [Task 420] Entering ILP branch (v2)
[ε-constraint energy] sumE_B=0.172289  bound=0.189518  active=False
[ILP] res_type=dict value_preview={'stage': 'B', 'status': 'Optimal', 'primary': 'energy', 'tol': 0.1, 'opt_primary': 0.17228936251038585, 'objective_secondary': 0.09249046170887634, 'sumE': 0.1
[213.34] [Task 420] ILP chose server: STARLINK-31399
[213.34] [Task 420] Routed STARLINK-33816 -> STARLINK-31399 | E_NET=0.000009 J | Remaining=119999.88 J
[213.338] Task 420 enqueued on CPU STARLINK-31399 qlen_enqueue=1
[Task 420] Task eseguito su STARLINK-31399 74.66525087260446 degrees | CPU=0.1723J, NET=0.0000J, TOTAL=0.1723J, Remaining=119999.51J
[213.431] Task 420 served on STARLINK-31399 qlen_enqueue_cpu=1 qlen_enqueue_net=None time_in_queue=0.000
[MODE: BIDIRECTIONAL]
[420][GREEDY] CONSEGNATO! STARLINK-31399 -> OBS | Tramission-time: 8.146600285375937e-12
[213.443] Task 417 enqueued on NET STARLINK-31585 qlen_enqueue_net=1
[Task 416] Task eseguito su STARLINK-31763 68.59618006753509 degrees | CPU=1.3908J, NET=0.0000J, TOTAL=1.3908J, Remaining=119958.31J
[213.515] Task 416 served on STARLINK-31763 qlen_enqueue_cpu=1 qlen_enqueue_net=None time_in_queue=0.000
[416][GREEDY] STARLINK-31763 -> STARLINK-35398 | Tramission-time: 0.00048284550310584575
[416] Energy routing consumed by STARLINK-31763: 0.000000 J (remaining 119958.31)
[MODE: BIDIRECTIONAL]
[416][GREEDY] CONSEGNATO! STARLINK-35398 -> OBS | Tramission-time: 4.367859573435971e-12
[Task 417] Task eseguito su STARLINK-31585 50.69357286159055 degrees | CPU=0.8367J, NET=0.1216J, TOTAL=0.9583J, Remaining=119989.51J
[213.565] Task 417 served on STARLINK-31585 qlen_enqueue_cpu=2 qlen_enqueue_net=1 time_in_queue=0.000
[417][GREEDY] STARLINK-31585 -> STARLINK-35398 | Tramission-time: 0.0012745899494650673
[417] Energy routing consumed by STARLINK-31585: 0.000000 J (remaining 119989.51)
[MODE: BIDIRECTIONAL]
[417][GREEDY] CONSEGNATO! STARLINK-35398 -> OBS | Tramission-time: 8.968022699256838e-08
---> Task 421 (Type: Generic_Service) arriva in 213.77
--- [213.77] Task 421 using SearchNode Policy: v2_ilp_hybrid ---
[213.77] [Task 421] Entering ILP branch (v2)
[ε-constraint energy] sumE_B=0.063322  bound=0.069655  active=False
[ILP] res_type=dict value_preview={'stage': 'B', 'status': 'Optimal', 'primary': 'energy', 'tol': 0.1, 'opt_primary': 0.06332249108798375, 'objective_secondary': 0.034006705538622325, 'sumE': 0.
[213.77] [Task 421] ILP chose server: STARLINK-31763
[213.77] [Task 421] Routed STARLINK-33816 -> STARLINK-31763 | E_NET=0.000029 J | Remaining=119999.88 J
[213.770] Task 421 enqueued on CPU STARLINK-31763 qlen_enqueue=1
[Task 421] Task eseguito su STARLINK-31763 68.59618006753509 degrees | CPU=0.0633J, NET=0.0000J, TOTAL=0.0633J, Remaining=119958.24J
[213.806] Task 421 served on STARLINK-31763 qlen_enqueue_cpu=1 qlen_enqueue_net=None time_in_queue=0.000
[421][GREEDY] STARLINK-31763 -> STARLINK-35398 | Tramission-time: 0.00048284552208600006
[421] Energy routing consumed by STARLINK-31763: 0.000000 J (remaining 119958.24)
[MODE: BIDIRECTIONAL]
[421][GREEDY] CONSEGNATO! STARLINK-35398 -> OBS | Tramission-time: 2.2492369337245134e-11
----------------------------------------------------------------------
	||TIME IN SIMULATION : (seconds:214) (minutes: 3) ||

MODIFICA CONFIGURAZIONE IN CORSO...

Aggiornato il Tempo Globale:  2025-11-20 20:58:48
---> Task 422 (Type: Generic_Service) arriva in 215.57
--- [215.57] Task 422 using SearchNode Policy: v2_ilp_hybrid ---
[215.57] [Task 422] Entering ILP branch (v2)
[ε-constraint energy] sumE_B=0.186915  bound=0.205606  active=False
[ILP] res_type=dict value_preview={'stage': 'B', 'status': 'Optimal', 'primary': 'energy', 'tol': 0.1, 'opt_primary': 0.18691453133495106, 'objective_secondary': 0.10034670146694376, 'sumE': 0.1
[215.57] [Task 422] ILP chose server: STARLINK-31763
[215.57] [Task 422] Routed STARLINK-33816 -> STARLINK-31763 | E_NET=0.000016 J | Remaining=119999.88 J
[215.576] Task 422 enqueued on CPU STARLINK-31763 qlen_enqueue=1
[Task 422] Task eseguito su STARLINK-31763 67.5722159787567 degrees | CPU=0.1869J, NET=0.0000J, TOTAL=0.1869J, Remaining=119958.06J
[215.678] Task 422 served on STARLINK-31763 qlen_enqueue_cpu=1 qlen_enqueue_net=None time_in_queue=0.000
[422][GREEDY] STARLINK-31763 -> STARLINK-35398 | Tramission-time: 0.0005000245848489324
[422] Energy routing consumed by STARLINK-31763: 0.000000 J (remaining 119958.06)
[MODE: BIDIRECTIONAL]
[422][GREEDY] CONSEGNATO! STARLINK-35398 -> OBS | Tramission-time: 2.151266105507553e-11
----------------------------------------------------------------------
	||TIME IN SIMULATION : (seconds:216) (minutes: 3) ||

MODIFICA CONFIGURAZIONE IN CORSO...

Aggiornato il Tempo Globale:  2025-11-20 20:58:50
[Task 415] Task eseguito su STARLINK-31782 71.68123824678149 degrees | CPU=6.8982J, NET=0.0000J, TOTAL=6.8982J, Remaining=119962.11J
[216.306] Task 415 served on STARLINK-31782 qlen_enqueue_cpu=1 qlen_enqueue_net=None time_in_queue=0.000
[MODE: BIDIRECTIONAL]
[415][GREEDY] CONSEGNATO! STARLINK-31782 -> OBS | Tramission-time: 1.741706401032027e-11
---> Task 423 (Type: CPU_Intensive) arriva in 216.68
--- [216.68] Task 423 using SearchNode Policy: v2_ilp_hybrid ---
[216.68] [Task 423] Entering ILP branch (v2)
[ε-constraint energy] sumE_B=1.876101  bound=2.063711  active=False
[ILP] res_type=dict value_preview={'stage': 'B', 'status': 'Optimal', 'primary': 'energy', 'tol': 0.1, 'opt_primary': 1.8761008776307118, 'objective_secondary': 1.007106629112099, 'sumE': 1.8761
[216.68] [Task 423] ILP chose server: STARLINK-31782
[216.68] [Task 423] Routed STARLINK-33816 -> STARLINK-31782 | E_NET=0.000020 J | Remaining=119999.88 J
[216.681] Task 423 enqueued on CPU STARLINK-31782 qlen_enqueue=1
---> Task 424 (Type: Generic_Service) arriva in 216.82
--- [216.82] Task 424 using SearchNode Policy: v2_ilp_hybrid ---
[216.82] [Task 424] Entering ILP branch (v2)
[ε-constraint energy] sumE_B=0.217152  bound=0.238867  active=False
[ILP] res_type=dict value_preview={'stage': 'B', 'status': 'Optimal', 'primary': 'energy', 'tol': 0.1, 'opt_primary': 0.21715182903682578, 'objective_secondary': 0.11658347613552171, 'sumE': 0.2
[216.82] [Task 424] ILP chose server: STARLINK-31763
[216.82] [Task 424] Routed STARLINK-33816 -> STARLINK-31763 | E_NET=0.000024 J | Remaining=119999.88 J
[216.824] Task 424 enqueued on CPU STARLINK-31763 qlen_enqueue=1
[Task 424] Task eseguito su STARLINK-31763 66.5084339100064 degrees | CPU=0.2171J, NET=0.0000J, TOTAL=0.2171J, Remaining=119957.84J
[216.943] Task 424 served on STARLINK-31763 qlen_enqueue_cpu=1 qlen_enqueue_net=None time_in_queue=0.000
[424][GREEDY] STARLINK-31763 -> STARLINK-35398 | Tramission-time: 0.0005182072809814756
[424] Energy routing consumed by STARLINK-31763: 0.000000 J (remaining 119957.84)
[MODE: BIDIRECTIONAL]
[424][GREEDY] CONSEGNATO! STARLINK-35398 -> OBS | Tramission-time: 2.944483820231485e-11
---> Task 425 (Type: CPU_and_Data_Intensive) arriva in 217.04
--- [217.04] Task 425 using SearchNode Policy: v2_ilp_hybrid ---
[217.04] [Task 425] Entering ILP branch (v2)
[ε-constraint energy] sumE_B=0.976640  bound=1.074304  active=False
[ILP] res_type=dict value_preview={'stage': 'B', 'status': 'Optimal', 'primary': 'energy', 'tol': 0.1, 'opt_primary': 0.9766403691552664, 'objective_secondary': 0.6215189327722521, 'sumE': 0.976
[217.04] [Task 425] ILP chose server: STARLINK-31763
[217.04] [Task 425] Routed STARLINK-33816 -> STARLINK-31763 | E_NET=0.148049 J | Remaining=119999.73 J
[217.190] Task 425 enqueued on CPU STARLINK-31763 qlen_enqueue=1
---> Task 426 (Type: CPU_Intensive) arriva in 217.55
--- [217.55] Task 426 using SearchNode Policy: v2_ilp_hybrid ---
[217.55] [Task 426] Entering ILP branch (v2)
[ε-constraint energy] sumE_B=1.212903  bound=1.334193  active=False
[ILP] res_type=dict value_preview={'stage': 'B', 'status': 'Optimal', 'primary': 'energy', 'tol': 0.1, 'opt_primary': 1.2129028799491264, 'objective_secondary': 0.6511045502439088, 'sumE': 1.212
[217.55] [Task 426] ILP chose server: STARLINK-31702
[217.55] [Task 426] Routed STARLINK-35398 -> STARLINK-31702 | E_NET=0.000025 J | Remaining=119999.82 J
[217.553] Task 426 enqueued on CPU STARLINK-31702 qlen_enqueue=1
[217.601] Task 425 enqueued on NET STARLINK-31763 qlen_enqueue_net=1
[Task 423] Task eseguito su STARLINK-31782 71.68123824678149 degrees | CPU=1.8761J, NET=0.0000J, TOTAL=1.8761J, Remaining=119960.23J
[217.690] Task 423 served on STARLINK-31782 qlen_enqueue_cpu=1 qlen_enqueue_net=None time_in_queue=0.000
[MODE: BIDIRECTIONAL]
[423][GREEDY] CONSEGNATO! STARLINK-31782 -> OBS | Tramission-time: 1.8579504371042006e-11
[Task 425] Task eseguito su STARLINK-31763 66.5084339100064 degrees | CPU=0.7667J, NET=0.1480J, TOTAL=0.9147J, Remaining=119956.92J
[217.749] Task 425 served on STARLINK-31763 qlen_enqueue_cpu=1 qlen_enqueue_net=1 time_in_queue=0.000
[425][GREEDY] STARLINK-31763 -> STARLINK-35398 | Tramission-time: 0.0005183713227174931
[425] Energy routing consumed by STARLINK-31763: 0.000000 J (remaining 119956.92)
[MODE: BIDIRECTIONAL]
[425][GREEDY] CONSEGNATO! STARLINK-35398 -> OBS | Tramission-time: 1.8998895816956004e-07
----------------------------------------------------------------------
	||TIME IN SIMULATION : (seconds:218) (minutes: 3) ||

MODIFICA CONFIGURAZIONE IN CORSO...

Aggiornato il Tempo Globale:  2025-11-20 20:58:52
[Task 426] Task eseguito su STARLINK-31702 40.613133862571 degrees | CPU=1.2129J, NET=0.0000J, TOTAL=1.2129J, Remaining=119975.75J
[218.206] Task 426 served on STARLINK-31702 qlen_enqueue_cpu=1 qlen_enqueue_net=None time_in_queue=0.000
[426][GREEDY] STARLINK-31702 -> STARLINK-35398 | Tramission-time: 0.0019813692133452557
[426] Energy routing consumed by STARLINK-31702: 0.000000 J (remaining 119975.75)
[MODE: BIDIRECTIONAL]
[426][GREEDY] CONSEGNATO! STARLINK-35398 -> OBS | Tramission-time: 2.407895376924087e-11
---> Task 427 (Type: CPU_Intensive) arriva in 218.45
--- [218.45] Task 427 using SearchNode Policy: v2_ilp_hybrid ---
[218.45] [Task 427] Entering ILP branch (v2)
[ε-constraint energy] sumE_B=0.284235  bound=0.312659  active=False
[ILP] res_type=dict value_preview={'stage': 'B', 'status': 'Optimal', 'primary': 'energy', 'tol': 0.1, 'opt_primary': 0.2842353321451678, 'objective_secondary': 0.15258356877381837, 'sumE': 0.28
[218.45] [Task 427] ILP chose server: STARLINK-31763
[218.45] [Task 427] Routed STARLINK-35398 -> STARLINK-31763 | E_NET=0.000009 J | Remaining=119999.82 J
[218.455] Task 427 enqueued on CPU STARLINK-31763 qlen_enqueue=1
[Task 427] Task eseguito su STARLINK-31763 65.41477312245345 degrees | CPU=0.2842J, NET=0.0000J, TOTAL=0.2842J, Remaining=119956.64J
[218.608] Task 427 served on STARLINK-31763 qlen_enqueue_cpu=1 qlen_enqueue_net=None time_in_queue=0.000
[427][GREEDY] STARLINK-31763 -> STARLINK-35398 | Tramission-time: 0.0005372913350409374
[427] Energy routing consumed by STARLINK-31763: 0.000000 J (remaining 119956.64)
[MODE: BIDIRECTIONAL]
[427][GREEDY] CONSEGNATO! STARLINK-35398 -> OBS | Tramission-time: 1.0815553234723816e-11
---> Task 428 (Type: CPU_Intensive) arriva in 219.95
--- [219.95] Task 428 using SearchNode Policy: v2_ilp_hybrid ---
[219.95] [Task 428] Entering ILP branch (v2)
[ε-constraint energy] sumE_B=0.665639  bound=0.732203  active=False
[ILP] res_type=dict value_preview={'stage': 'B', 'status': 'Optimal', 'primary': 'energy', 'tol': 0.1, 'opt_primary': 0.6656391563907885, 'objective_secondary': 0.3573356397940422, 'sumE': 0.665
[219.95] [Task 428] ILP chose server: STARLINK-31763
[219.95] [Task 428] Routed STARLINK-35398 -> STARLINK-31763 | E_NET=0.000032 J | Remaining=119999.82 J
[219.952] Task 428 enqueued on CPU STARLINK-31763 qlen_enqueue=1
----------------------------------------------------------------------
	||TIME IN SIMULATION : (seconds:220) (minutes: 3) ||

MODIFICA CONFIGURAZIONE IN CORSO...

Aggiornato il Tempo Globale:  2025-11-20 20:58:54
[Task 428] Task eseguito su STARLINK-31763 64.29977290481007 degrees | CPU=0.6656J, NET=0.0000J, TOTAL=0.6656J, Remaining=119955.97J
[220.311] Task 428 served on STARLINK-31763 qlen_enqueue_cpu=1 qlen_enqueue_net=None time_in_queue=0.000
[428][GREEDY] STARLINK-31763 -> STARLINK-11724 [DTC] | Tramission-time: 0.0018039123426698243
[428] Energy routing consumed by STARLINK-31763: 0.000000 J (remaining 119955.97)
[MODE: BIDIRECTIONAL]
[428][GREEDY] CONSEGNATO! STARLINK-11724 [DTC] -> OBS | Tramission-time: 2.8959934007234192e-11
---> Task 429 (Type: Generic_Service) arriva in 220.60
--- [220.60] Task 429 using SearchNode Policy: v2_ilp_hybrid ---
[220.60] [Task 429] Entering ILP branch (v2)
[ε-constraint energy] sumE_B=0.022892  bound=0.025182  active=False
[ILP] res_type=dict value_preview={'stage': 'B', 'status': 'Optimal', 'primary': 'energy', 'tol': 0.1, 'opt_primary': 0.022892373920176606, 'objective_secondary': 0.012292198258825502, 'sumE': 0
[220.60] [Task 429] ILP chose server: STARLINK-31763
[220.60] [Task 429] Routed STARLINK-11724 [DTC] -> STARLINK-31763 | E_NET=0.000005 J | Remaining=119999.78 J
[220.605] Task 429 enqueued on CPU STARLINK-31763 qlen_enqueue=1
[Task 429] Task eseguito su STARLINK-31763 64.29977290481007 degrees | CPU=0.0229J, NET=0.0000J, TOTAL=0.0229J, Remaining=119955.95J
[220.617] Task 429 served on STARLINK-31763 qlen_enqueue_cpu=1 qlen_enqueue_net=None time_in_queue=0.000
[429][GREEDY] STARLINK-31763 -> STARLINK-11724 [DTC] | Tramission-time: 0.0018039123173495778
[429] Energy routing consumed by STARLINK-31763: 0.000000 J (remaining 119955.95)
[MODE: BIDIRECTIONAL]
[429][GREEDY] CONSEGNATO! STARLINK-11724 [DTC] -> OBS | Tramission-time: 7.024373735155652e-12
---> Task 430 (Type: Generic_Service) arriva in 221.30
--- [221.30] Task 430 using SearchNode Policy: v2_ilp_hybrid ---
[221.30] [Task 430] Entering ILP branch (v2)
[ε-constraint energy] sumE_B=0.095511  bound=0.105062  active=False
[ILP] res_type=dict value_preview={'stage': 'B', 'status': 'Optimal', 'primary': 'energy', 'tol': 0.1, 'opt_primary': 0.09551095306166489, 'objective_secondary': 0.05127922897514998, 'sumE': 0.0
[221.30] [Task 430] ILP chose server: STARLINK-31763
[221.30] [Task 430] Routed STARLINK-11724 [DTC] -> STARLINK-31763 | E_NET=0.000013 J | Remaining=119999.78 J
[221.304] Task 430 enqueued on CPU STARLINK-31763 qlen_enqueue=1
[Task 430] Task eseguito su STARLINK-31763 64.29977290481007 degrees | CPU=0.0955J, NET=0.0000J, TOTAL=0.0955J, Remaining=119955.86J
[221.356] Task 430 served on STARLINK-31763 qlen_enqueue_cpu=1 qlen_enqueue_net=None time_in_queue=0.000
[430][GREEDY] STARLINK-31763 -> STARLINK-11724 [DTC] | Tramission-time: 0.0018039123278880823
[430] Energy routing consumed by STARLINK-31763: 0.000000 J (remaining 119955.86)
[MODE: BIDIRECTIONAL]
[430][GREEDY] CONSEGNATO! STARLINK-11724 [DTC] -> OBS | Tramission-time: 1.2809890193751182e-11
---> Task 431 (Type: Generic_Service) arriva in 221.47
--- [221.47] Task 431 using SearchNode Policy: v2_ilp_hybrid ---
[221.47] [Task 431] Entering ILP branch (v2)
[ε-constraint energy] sumE_B=0.135258  bound=0.148783  active=False
[ILP] res_type=dict value_preview={'stage': 'B', 'status': 'Optimal', 'primary': 'energy', 'tol': 0.1, 'opt_primary': 0.1352575716568046, 'objective_secondary': 0.07262155041876285, 'sumE': 0.13
[221.47] [Task 431] ILP chose server: STARLINK-31763
[221.47] [Task 431] Routed STARLINK-11724 [DTC] -> STARLINK-31763 | E_NET=0.000023 J | Remaining=119999.78 J
[221.474] Task 431 enqueued on CPU STARLINK-31763 qlen_enqueue=1
[Task 431] Task eseguito su STARLINK-31763 64.29977290481007 degrees | CPU=0.1352J, NET=0.0000J, TOTAL=0.1352J, Remaining=119955.72J
[221.548] Task 431 served on STARLINK-31763 qlen_enqueue_cpu=1 qlen_enqueue_net=None time_in_queue=0.000
[431][GREEDY] STARLINK-31763 -> STARLINK-11724 [DTC] | Tramission-time: 0.0018039123393889282
[431] Energy routing consumed by STARLINK-31763: 0.000000 J (remaining 119955.72)
[MODE: BIDIRECTIONAL]
[431][GREEDY] CONSEGNATO! STARLINK-11724 [DTC] -> OBS | Tramission-time: 2.1839819560004362e-11
----------------------------------------------------------------------
	||TIME IN SIMULATION : (seconds:222) (minutes: 3) ||

MODIFICA CONFIGURAZIONE IN CORSO...

Aggiornato il Tempo Globale:  2025-11-20 20:58:56
---> Task 432 (Type: CPU_and_Data_Intensive) arriva in 222.18
--- [222.18] Task 432 using SearchNode Policy: v2_ilp_hybrid ---
[222.18] [Task 432] Entering ILP branch (v2)
[ε-constraint energy] sumE_B=1.052111  bound=1.157322  active=False
[ILP] res_type=dict value_preview={'stage': 'B', 'status': 'Optimal', 'primary': 'energy', 'tol': 0.1, 'opt_primary': 1.0521111318842484, 'objective_secondary': 0.5648226476631252, 'sumE': 1.052
[222.18] [Task 432] ILP chose server: STARLINK-31763
[222.18] [Task 432] Routed STARLINK-11724 [DTC] -> STARLINK-31763 | E_NET=0.000082 J | Remaining=119999.78 J
[222.180] Task 432 enqueued on CPU STARLINK-31763 qlen_enqueue=1
[222.745] Task 432 enqueued on NET STARLINK-31763 qlen_enqueue_net=1
[Task 432] Task eseguito su STARLINK-31763 63.17072087465311 degrees | CPU=1.0520J, NET=0.0001J, TOTAL=1.0521J, Remaining=119954.67J
[222.745] Task 432 served on STARLINK-31763 qlen_enqueue_cpu=1 qlen_enqueue_net=1 time_in_queue=0.000
[432][GREEDY] STARLINK-31763 -> STARLINK-11724 [DTC] | Tramission-time: 0.001812796915210302
[432] Energy routing consumed by STARLINK-31763: 0.000000 J (remaining 119954.67)
[MODE: BIDIRECTIONAL]
[432][GREEDY] CONSEGNATO! STARLINK-11724 [DTC] -> OBS | Tramission-time: 9.508115574987261e-11
----------------------------------------------------------------------
	||TIME IN SIMULATION : (seconds:224) (minutes: 3) ||

MODIFICA CONFIGURAZIONE IN CORSO...

Aggiornato il Tempo Globale:  2025-11-20 20:58:58
---> Task 433 (Type: CPU_Intensive) arriva in 224.26
--- [224.26] Task 433 using SearchNode Policy: v2_ilp_hybrid ---
[224.26] [Task 433] Entering ILP branch (v2)
[ε-constraint energy] sumE_B=1.114579  bound=1.226037  active=False
[ILP] res_type=dict value_preview={'stage': 'B', 'status': 'Optimal', 'primary': 'energy', 'tol': 0.1, 'opt_primary': 1.1145786929383654, 'objective_secondary': 0.5983118138650229, 'sumE': 1.114
[224.26] [Task 433] ILP chose server: STARLINK-31763
[224.26] [Task 433] Routed STARLINK-11724 [DTC] -> STARLINK-31763 | E_NET=0.000006 J | Remaining=119999.78 J
[224.259] Task 433 enqueued on CPU STARLINK-31763 qlen_enqueue=1
---> Task 434 (Type: CPU_and_Data_Intensive) arriva in 224.44
--- [224.44] Task 434 using SearchNode Policy: v2_ilp_hybrid ---
[224.44] [Task 434] Entering ILP branch (v2)
[ε-constraint energy] sumE_B=3.545277  bound=3.899805  active=False
[ILP] res_type=dict value_preview={'stage': 'B', 'status': 'Optimal', 'primary': 'energy', 'tol': 0.1, 'opt_primary': 3.5452773682055967, 'objective_secondary': 1.9052785513569308, 'sumE': 3.545
[224.44] [Task 434] ILP chose server: STARLINK-31702
[224.44] [Task 434] Routed STARLINK-11724 [DTC] -> STARLINK-31702 | E_NET=0.003442 J | Remaining=119999.78 J
[224.442] Task 434 enqueued on CPU STARLINK-31702 qlen_enqueue=1
---> Task 435 (Type: CPU_Intensive) arriva in 224.60
--- [224.60] Task 435 using SearchNode Policy: v2_ilp_hybrid ---
[224.60] [Task 435] Entering ILP branch (v2)
[ε-constraint energy] sumE_B=0.366524  bound=0.403176  active=False
[ILP] res_type=dict value_preview={'stage': 'B', 'status': 'Optimal', 'primary': 'energy', 'tol': 0.1, 'opt_primary': 0.3665240471523222, 'objective_secondary': 0.19675939185399513, 'sumE': 0.36
[224.60] [Task 435] ILP chose server: STARLINK-31399
[224.60] [Task 435] Routed STARLINK-11724 [DTC] -> STARLINK-31399 | E_NET=0.000016 J | Remaining=119999.78 J
[224.605] Task 435 enqueued on CPU STARLINK-31399 qlen_enqueue=1
[Task 435] Task eseguito su STARLINK-31399 82.06453227264234 degrees | CPU=0.3665J, NET=0.0000J, TOTAL=0.3665J, Remaining=119999.14J
[224.803] Task 435 served on STARLINK-31399 qlen_enqueue_cpu=1 qlen_enqueue_net=None time_in_queue=0.000
[Task 433] Task eseguito su STARLINK-31763 62.03380630907734 degrees | CPU=1.1146J, NET=0.0000J, TOTAL=1.1146J, Remaining=119953.55J
[224.858] Task 433 served on STARLINK-31763 qlen_enqueue_cpu=1 qlen_enqueue_net=None time_in_queue=0.000
[433][GREEDY] STARLINK-31763 -> STARLINK-11724 [DTC] | Tramission-time: 0.0018217377272422342
[433] Energy routing consumed by STARLINK-31763: 0.000000 J (remaining 119953.55)
[MODE: BIDIRECTIONAL]
[435][GREEDY] CONSEGNATO! STARLINK-31399 -> OBS | Tramission-time: 1.3534829372875087e-11
[MODE: BIDIRECTIONAL]
[433][GREEDY] CONSEGNATO! STARLINK-11724 [DTC] -> OBS | Tramission-time: 5.022379243601284e-12
---> Task 436 (Type: CPU_Intensive) arriva in 225.03
--- [225.03] Task 436 using SearchNode Policy: v2_ilp_hybrid ---
[225.03] [Task 436] Entering ILP branch (v2)
[ε-constraint energy] sumE_B=0.977374  bound=1.075111  active=False
[ILP] res_type=dict value_preview={'stage': 'B', 'status': 'Optimal', 'primary': 'energy', 'tol': 0.1, 'opt_primary': 0.977373599095082, 'objective_secondary': 0.5246704930585167, 'sumE': 0.9773
[225.03] [Task 436] ILP chose server: STARLINK-31763
[225.03] [Task 436] Routed STARLINK-11724 [DTC] -> STARLINK-31763 | E_NET=0.000025 J | Remaining=119999.78 J
[225.029] Task 436 enqueued on CPU STARLINK-31763 qlen_enqueue=1
---> Task 437 (Type: Generic_Service) arriva in 225.44
--- [225.44] Task 437 using SearchNode Policy: v2_ilp_hybrid ---
[225.44] [Task 437] Entering ILP branch (v2)
[ε-constraint energy] sumE_B=0.013524  bound=0.014877  active=False
[ILP] res_type=dict value_preview={'stage': 'B', 'status': 'Optimal', 'primary': 'energy', 'tol': 0.1, 'opt_primary': 0.013524220840133166, 'objective_secondary': 0.0072773929822144085, 'sumE': 
[225.44] [Task 437] ILP chose server: STARLINK-31399
[225.44] [Task 437] Routed STARLINK-11724 [DTC] -> STARLINK-31399 | E_NET=0.000035 J | Remaining=119999.78 J
[225.440] Task 437 enqueued on CPU STARLINK-31399 qlen_enqueue=1
[Task 437] Task eseguito su STARLINK-31399 82.06453227264234 degrees | CPU=0.0135J, NET=0.0000J, TOTAL=0.0135J, Remaining=119999.13J
[225.449] Task 437 served on STARLINK-31399 qlen_enqueue_cpu=1 qlen_enqueue_net=None time_in_queue=0.000
[MODE: BIDIRECTIONAL]
[437][GREEDY] CONSEGNATO! STARLINK-31399 -> OBS | Tramission-time: 2.5522608671722113e-11
[Task 436] Task eseguito su STARLINK-31763 62.03380630907734 degrees | CPU=0.9773J, NET=0.0000J, TOTAL=0.9774J, Remaining=119952.58J
[225.555] Task 436 served on STARLINK-31763 qlen_enqueue_cpu=1 qlen_enqueue_net=None time_in_queue=0.000
[436][GREEDY] STARLINK-31763 -> STARLINK-11724 [DTC] | Tramission-time: 0.0018217377460240276
[436] Energy routing consumed by STARLINK-31763: 0.000000 J (remaining 119952.58)
[MODE: BIDIRECTIONAL]
[436][GREEDY] CONSEGNATO! STARLINK-11724 [DTC] -> OBS | Tramission-time: 2.5560101603807358e-11
---> Task 438 (Type: CPU_Intensive) arriva in 225.63
--- [225.63] Task 438 using SearchNode Policy: v2_ilp_hybrid ---
[225.63] [Task 438] Entering ILP branch (v2)
[ε-constraint energy] sumE_B=0.118543  bound=0.130397  active=False
[ILP] res_type=dict value_preview={'stage': 'B', 'status': 'Optimal', 'primary': 'energy', 'tol': 0.1, 'opt_primary': 0.1185431219555365, 'objective_secondary': 0.06364456464141643, 'sumE': 0.11
[225.63] [Task 438] ILP chose server: STARLINK-31763
[225.63] [Task 438] Routed STARLINK-11724 [DTC] -> STARLINK-31763 | E_NET=0.000018 J | Remaining=119999.78 J
[225.636] Task 438 enqueued on CPU STARLINK-31763 qlen_enqueue=1
[Task 438] Task eseguito su STARLINK-31763 62.03380630907734 degrees | CPU=0.1185J, NET=0.0000J, TOTAL=0.1185J, Remaining=119952.46J
[225.701] Task 438 served on STARLINK-31763 qlen_enqueue_cpu=1 qlen_enqueue_net=None time_in_queue=0.000
[438][GREEDY] STARLINK-31763 -> STARLINK-11724 [DTC] | Tramission-time: 0.0018217377386404356
[438] Energy routing consumed by STARLINK-31763: 0.000000 J (remaining 119952.46)
[MODE: BIDIRECTIONAL]
[438][GREEDY] CONSEGNATO! STARLINK-11724 [DTC] -> OBS | Tramission-time: 1.8709784530906994e-11
---> Task 439 (Type: Generic_Service) arriva in 225.92
--- [225.92] Task 439 using SearchNode Policy: v2_ilp_hybrid ---
[225.92] [Task 439] Entering ILP branch (v2)
[ε-constraint energy] sumE_B=0.095888  bound=0.105476  active=False
[ILP] res_type=dict value_preview={'stage': 'B', 'status': 'Optimal', 'primary': 'energy', 'tol': 0.1, 'opt_primary': 0.09588754974309792, 'objective_secondary': 0.05148618892986219, 'sumE': 0.0
[225.92] [Task 439] ILP chose server: STARLINK-31763
[225.92] [Task 439] Routed STARLINK-11724 [DTC] -> STARLINK-31763 | E_NET=0.000024 J | Remaining=119999.78 J
[225.921] Task 439 enqueued on CPU STARLINK-31763 qlen_enqueue=1
[Task 439] Task eseguito su STARLINK-31763 62.03380630907734 degrees | CPU=0.0959J, NET=0.0000J, TOTAL=0.0959J, Remaining=119952.36J
[225.975] Task 439 served on STARLINK-31763 qlen_enqueue_cpu=1 qlen_enqueue_net=None time_in_queue=0.000
----------------------------------------------------------------------
	||TIME IN SIMULATION : (seconds:226) (minutes: 3) ||

MODIFICA CONFIGURAZIONE IN CORSO...

Aggiornato il Tempo Globale:  2025-11-20 20:59:00
[439][GREEDY] STARLINK-31763 -> STARLINK-11724 [DTC] | Tramission-time: 0.0018307339567658562
[439] Energy routing consumed by STARLINK-31763: 0.000000 J (remaining 119952.36)
[MODE: BIDIRECTIONAL]
[439][GREEDY] CONSEGNATO! STARLINK-11724 [DTC] -> OBS | Tramission-time: 2.72384076409461e-11
---> Task 440 (Type: CPU_Intensive) arriva in 226.21
--- [226.21] Task 440 using SearchNode Policy: v2_ilp_hybrid ---
[226.21] [Task 440] Entering ILP branch (v2)
[ε-constraint energy] sumE_B=2.101493  bound=2.311642  active=False
[ILP] res_type=dict value_preview={'stage': 'B', 'status': 'Optimal', 'primary': 'energy', 'tol': 0.1, 'opt_primary': 2.1014927959307395, 'objective_secondary': 1.128103874401382, 'sumE': 2.1014
[226.21] [Task 440] ILP chose server: STARLINK-31763
[226.21] [Task 440] Routed STARLINK-11724 [DTC] -> STARLINK-31763 | E_NET=0.000036 J | Remaining=119999.78 J
[226.211] Task 440 enqueued on CPU STARLINK-31763 qlen_enqueue=1
[226.343] Task 434 enqueued on NET STARLINK-31702 qlen_enqueue_net=1
[Task 434] Task eseguito su STARLINK-31702 38.49613135994788 degrees | CPU=3.5406J, NET=0.0034J, TOTAL=3.5440J, Remaining=119972.21J
[226.346] Task 434 served on STARLINK-31702 qlen_enqueue_cpu=1 qlen_enqueue_net=1 time_in_queue=0.000
[434][GREEDY] STARLINK-31702 -> STARLINK-11724 [DTC] | Tramission-time: 0.0017783230615585621
[434] Energy routing consumed by STARLINK-31702: 0.000000 J (remaining 119972.21)
[MODE: BIDIRECTIONAL]
[434][GREEDY] CONSEGNATO! STARLINK-11724 [DTC] -> OBS | Tramission-time: 4.3912733645957695e-09
---> Task 441 (Type: CPU_and_Data_Intensive) arriva in 226.39
--- [226.39] Task 441 using SearchNode Policy: v2_ilp_hybrid ---
[226.39] [Task 441] Entering ILP branch (v2)
[ε-constraint energy] sumE_B=1.420956  bound=1.563051  active=False
[ILP] res_type=dict value_preview={'stage': 'B', 'status': 'Optimal', 'primary': 'energy', 'tol': 0.1, 'opt_primary': 1.4209555418919673, 'objective_secondary': 0.8258995920910918, 'sumE': 1.420
[226.39] [Task 441] ILP chose server: STARLINK-31702
[226.39] [Task 441] Routed STARLINK-11724 [DTC] -> STARLINK-31702 | E_NET=0.101506 J | Remaining=119999.68 J
[226.490] Task 441 enqueued on CPU STARLINK-31702 qlen_enqueue=1
[227.179] Task 441 enqueued on NET STARLINK-31702 qlen_enqueue_net=1
---> Task 442 (Type: Generic_Service) arriva in 227.26
--- [227.26] Task 442 using SearchNode Policy: v2_ilp_hybrid ---
[227.26] [Task 442] Entering ILP branch (v2)
[ε-constraint energy] sumE_B=0.122394  bound=0.134633  active=False
[ILP] res_type=dict value_preview={'stage': 'B', 'status': 'Optimal', 'primary': 'energy', 'tol': 0.1, 'opt_primary': 0.12239392171956323, 'objective_secondary': 0.06571911479091222, 'sumE': 0.1
[227.26] [Task 442] ILP chose server: STARLINK-31585
[227.26] [Task 442] Routed STARLINK-33816 -> STARLINK-31585 | E_NET=0.000029 J | Remaining=119999.73 J
[227.261] Task 442 enqueued on CPU STARLINK-31585 qlen_enqueue=1
[Task 441] Task eseguito su STARLINK-31702 38.49613135994788 degrees | CPU=1.2847J, NET=0.1015J, TOTAL=1.3862J, Remaining=119970.82J
[227.281] Task 441 served on STARLINK-31702 qlen_enqueue_cpu=1 qlen_enqueue_net=1 time_in_queue=0.000
[Task 442] Task eseguito su STARLINK-31585 43.91987866600024 degrees | CPU=0.1224J, NET=0.0000J, TOTAL=0.1224J, Remaining=119989.39J
[227.329] Task 442 served on STARLINK-31585 qlen_enqueue_cpu=1 qlen_enqueue_net=None time_in_queue=0.000
[Task 440] Task eseguito su STARLINK-31763 60.894265490580565 degrees | CPU=2.1015J, NET=0.0000J, TOTAL=2.1015J, Remaining=119950.26J
[227.342] Task 440 served on STARLINK-31763 qlen_enqueue_cpu=1 qlen_enqueue_net=None time_in_queue=0.000
[442][GREEDY] STARLINK-31585 -> STARLINK-31399 | Tramission-time: 0.0017038766470057452
[442] Energy routing consumed by STARLINK-31585: 0.000000 J (remaining 119989.39)
[441][GREEDY] STARLINK-31702 -> STARLINK-11724 [DTC] | Tramission-time: 0.0017784270055016074
[441] Energy routing consumed by STARLINK-31702: 0.000000 J (remaining 119970.82)
[440][GREEDY] STARLINK-31763 -> STARLINK-11724 [DTC] | Tramission-time: 0.001830733968982385
[440] Energy routing consumed by STARLINK-31763: 0.000000 J (remaining 119950.26)
---> Task 443 (Type: Generic_Service) arriva in 227.37
--- [227.37] Task 443 using SearchNode Policy: v2_ilp_hybrid ---
[227.37] [Task 443] Entering ILP branch (v2)
[ε-constraint energy] sumE_B=0.019247  bound=0.021172  active=False
[ILP] res_type=dict value_preview={'stage': 'B', 'status': 'Optimal', 'primary': 'energy', 'tol': 0.1, 'opt_primary': 0.019247251055534348, 'objective_secondary': 0.010341851141421159, 'sumE': 0
[227.37] [Task 443] ILP chose server: STARLINK-31763
[227.37] [Task 443] Routed STARLINK-33816 -> STARLINK-31763 | E_NET=0.000020 J | Remaining=119999.73 J
[227.372] Task 443 enqueued on CPU STARLINK-31763 qlen_enqueue=1
[MODE: BIDIRECTIONAL]
[442][GREEDY] CONSEGNATO! STARLINK-31399 -> OBS | Tramission-time: 2.7028892860490203e-11
[MODE: BIDIRECTIONAL]
[441][GREEDY] CONSEGNATO! STARLINK-11724 [DTC] -> OBS | Tramission-time: 1.1199976485091716e-07
[Task 443] Task eseguito su STARLINK-31763 60.894265490580565 degrees | CPU=0.0192J, NET=0.0000J, TOTAL=0.0192J, Remaining=119950.24J
[227.384] Task 443 served on STARLINK-31763 qlen_enqueue_cpu=1 qlen_enqueue_net=None time_in_queue=0.000
[443][GREEDY] STARLINK-31763 -> STARLINK-11724 [DTC] | Tramission-time: 0.0018307339539938463
[443] Energy routing consumed by STARLINK-31763: 0.000000 J (remaining 119950.24)
[MODE: BIDIRECTIONAL]
[440][GREEDY] CONSEGNATO! STARLINK-11724 [DTC] -> OBS | Tramission-time: 2.8800428807559955e-11
[MODE: BIDIRECTIONAL]
[443][GREEDY] CONSEGNATO! STARLINK-11724 [DTC] -> OBS | Tramission-time: 1.9441424623041886e-11
----------------------------------------------------------------------
	||TIME IN SIMULATION : (seconds:228) (minutes: 3) ||

MODIFICA CONFIGURAZIONE IN CORSO...

Aggiornato il Tempo Globale:  2025-11-20 20:59:02
---> Task 444 (Type: Generic_Service) arriva in 228.19
--- [228.19] Task 444 using SearchNode Policy: v2_ilp_hybrid ---
[228.19] [Task 444] Entering ILP branch (v2)
[ε-constraint energy] sumE_B=0.016702  bound=0.018372  active=False
[ILP] res_type=dict value_preview={'stage': 'B', 'status': 'Optimal', 'primary': 'energy', 'tol': 0.1, 'opt_primary': 0.01670193087346095, 'objective_secondary': 0.008972268466622208, 'sumE': 0.
[228.19] [Task 444] ILP chose server: STARLINK-31763
[228.19] [Task 444] Routed STARLINK-33816 -> STARLINK-31763 | E_NET=0.000013 J | Remaining=119999.73 J
[228.189] Task 444 enqueued on CPU STARLINK-31763 qlen_enqueue=1
[Task 444] Task eseguito su STARLINK-31763 59.75651308207771 degrees | CPU=0.0167J, NET=0.0000J, TOTAL=0.0167J, Remaining=119950.22J
[228.199] Task 444 served on STARLINK-31763 qlen_enqueue_cpu=1 qlen_enqueue_net=None time_in_queue=0.000
[444][GREEDY] STARLINK-31763 -> STARLINK-11724 [DTC] | Tramission-time: 0.0018397844775473792
[444] Energy routing consumed by STARLINK-31763: 0.000000 J (remaining 119950.22)
[MODE: BIDIRECTIONAL]
[444][GREEDY] CONSEGNATO! STARLINK-11724 [DTC] -> OBS | Tramission-time: 1.3417860804625432e-11
---> Task 445 (Type: CPU_and_Data_Intensive) arriva in 228.79
--- [228.79] Task 445 using SearchNode Policy: v2_ilp_hybrid ---
[228.79] [Task 445] Entering ILP branch (v2)
[ε-constraint energy] sumE_B=2.734733  bound=3.008206  active=False
[ILP] res_type=dict value_preview={'stage': 'B', 'status': 'Optimal', 'primary': 'energy', 'tol': 0.1, 'opt_primary': 2.7347330974272226, 'objective_secondary': 1.4680841560648046, 'sumE': 2.734
[228.79] [Task 445] ILP chose server: STARLINK-31763
[228.79] [Task 445] Routed STARLINK-33816 -> STARLINK-31763 | E_NET=0.000137 J | Remaining=119999.73 J
[228.793] Task 445 enqueued on CPU STARLINK-31763 qlen_enqueue=1
---> Task 446 (Type: Generic_Service) arriva in 229.86
--- [229.86] Task 446 using SearchNode Policy: v2_ilp_hybrid ---
[229.86] [Task 446] Entering ILP branch (v2)
[ε-constraint energy] sumE_B=0.124280  bound=0.136708  active=False
[ILP] res_type=dict value_preview={'stage': 'B', 'status': 'Optimal', 'primary': 'energy', 'tol': 0.1, 'opt_primary': 0.12428002681910719, 'objective_secondary': 0.0667321241260817, 'sumE': 0.12
[229.86] [Task 446] ILP chose server: STARLINK-31585
[229.86] [Task 446] Routed STARLINK-33816 -> STARLINK-31585 | E_NET=0.000032 J | Remaining=119999.73 J
[229.860] Task 446 enqueued on CPU STARLINK-31585 qlen_enqueue=1
---> Task 447 (Type: CPU_and_Data_Intensive) arriva in 229.88
--- [229.88] Task 447 using SearchNode Policy: v2_ilp_hybrid ---
[229.88] [Task 447] Entering ILP branch (v2)
[ε-constraint energy] sumE_B=0.034915  bound=0.038407  active=False
[ILP] res_type=dict value_preview={'stage': 'B', 'status': 'Optimal', 'primary': 'energy', 'tol': 0.1, 'opt_primary': 0.034915477555157795, 'objective_secondary': 0.02331139379984216, 'sumE': 0.
[229.88] [Task 447] ILP chose server: STARLINK-31399
[229.88] [Task 447] Routed STARLINK-33816 -> STARLINK-31399 | E_NET=0.007230 J | Remaining=119999.72 J
[229.893] Task 447 enqueued on CPU STARLINK-31399 qlen_enqueue=1
[229.906] Task 447 enqueued on NET STARLINK-31399 qlen_enqueue_net=1
[Task 447] Task eseguito su STARLINK-31399 82.9696041826889 degrees | CPU=0.0251J, NET=0.0072J, TOTAL=0.0323J, Remaining=119999.09J
[229.913] Task 447 served on STARLINK-31399 qlen_enqueue_cpu=1 qlen_enqueue_net=1 time_in_queue=0.000
[Task 446] Task eseguito su STARLINK-31585 43.04163976252112 degrees | CPU=0.1242J, NET=0.0000J, TOTAL=0.1243J, Remaining=119989.27J
[229.929] Task 446 served on STARLINK-31585 qlen_enqueue_cpu=1 qlen_enqueue_net=None time_in_queue=0.000
[446][GREEDY] STARLINK-31585 -> STARLINK-31399 | Tramission-time: 0.001704198651472274
[446] Energy routing consumed by STARLINK-31585: 0.000000 J (remaining 119989.27)
[MODE: BIDIRECTIONAL]
[447][GREEDY] CONSEGNATO! STARLINK-31399 -> OBS | Tramission-time: 7.27998551719495e-09
----------------------------------------------------------------------
	||TIME IN SIMULATION : (seconds:230) (minutes: 3) ||

MODIFICA CONFIGURAZIONE IN CORSO...

Aggiornato il Tempo Globale:  2025-11-20 20:59:04
[446][GREEDY] STARLINK-31399 -> STARLINK-11724 [DTC] | Tramission-time: 0.001128022937123135
[446] Energy routing consumed by STARLINK-31399: 0.000000 J (remaining 119999.09)
[MODE: BIDIRECTIONAL]
[446][GREEDY] CONSEGNATO! STARLINK-11724 [DTC] -> OBS | Tramission-time: 3.0160536260143e-11
---> Task 448 (Type: CPU_Intensive) arriva in 230.10
--- [230.10] Task 448 using SearchNode Policy: v2_ilp_hybrid ---
[230.10] [Task 448] Entering ILP branch (v2)
[ε-constraint energy] sumE_B=0.016582  bound=0.018240  active=False
[ILP] res_type=dict value_preview={'stage': 'B', 'status': 'Optimal', 'primary': 'energy', 'tol': 0.1, 'opt_primary': 0.016581669679357723, 'objective_secondary': 0.008916770945488676, 'sumE': 0
[230.10] [Task 448] ILP chose server: STARLINK-31702
[230.10] [Task 448] Routed STARLINK-30286 -> STARLINK-31702 | E_NET=0.000028 J | Remaining=120000.00 J
[230.106] Task 448 enqueued on CPU STARLINK-31702 qlen_enqueue=1
[Task 448] Task eseguito su STARLINK-31702 37.430556094862304 degrees | CPU=0.0165J, NET=0.0000J, TOTAL=0.0166J, Remaining=119970.81J
[230.117] Task 448 served on STARLINK-31702 qlen_enqueue_cpu=1 qlen_enqueue_net=None time_in_queue=0.000
---> Task 449 (Type: Generic_Service) arriva in 230.18
--- [230.18] Task 449 using SearchNode Policy: v2_ilp_hybrid ---
[230.18] [Task 449] Entering ILP branch (v2)
[ε-constraint energy] sumE_B=0.108339  bound=0.119172  active=False
[ILP] res_type=dict value_preview={'stage': 'B', 'status': 'Optimal', 'primary': 'energy', 'tol': 0.1, 'opt_primary': 0.10833851195641778, 'objective_secondary': 0.05816107389093197, 'sumE': 0.1
[230.18] [Task 449] ILP chose server: STARLINK-31702
[230.18] [Task 449] Routed STARLINK-30286 -> STARLINK-31702 | E_NET=0.000008 J | Remaining=120000.00 J
[230.177] Task 449 enqueued on CPU STARLINK-31702 qlen_enqueue=1
[448][GREEDY] STARLINK-31702 -> STARLINK-11724 [DTC] | Tramission-time: 0.001777979072947421
[448] Energy routing consumed by STARLINK-31702: 0.000000 J (remaining 119970.81)
[MODE: BIDIRECTIONAL]
[448][GREEDY] CONSEGNATO! STARLINK-11724 [DTC] -> OBS | Tramission-time: 2.2496148023531934e-11
[Task 449] Task eseguito su STARLINK-31702 37.430556094862304 degrees | CPU=0.1083J, NET=0.0000J, TOTAL=0.1083J, Remaining=119970.70J
[230.236] Task 449 served on STARLINK-31702 qlen_enqueue_cpu=1 qlen_enqueue_net=None time_in_queue=0.000
[230.260] Task 445 enqueued on NET STARLINK-31763 qlen_enqueue_net=1
[Task 445] Task eseguito su STARLINK-31763 58.62425764841942 degrees | CPU=2.7346J, NET=0.0001J, TOTAL=2.7347J, Remaining=119947.49J
[230.261] Task 445 served on STARLINK-31763 qlen_enqueue_cpu=1 qlen_enqueue_net=1 time_in_queue=0.000
[449][GREEDY] STARLINK-31702 -> STARLINK-11724 [DTC] | Tramission-time: 0.0017779790522806469
[449] Energy routing consumed by STARLINK-31702: 0.000000 J (remaining 119970.70)
[445][GREEDY] STARLINK-31763 -> STARLINK-11724 [DTC] | Tramission-time: 0.0018488884489929872
[445] Energy routing consumed by STARLINK-31763: 0.000000 J (remaining 119947.49)
[MODE: BIDIRECTIONAL]
[449][GREEDY] CONSEGNATO! STARLINK-11724 [DTC] -> OBS | Tramission-time: 8.216485316865701e-12
[MODE: BIDIRECTIONAL]
[445][GREEDY] CONSEGNATO! STARLINK-11724 [DTC] -> OBS | Tramission-time: 1.1453557039223492e-10
---> Task 450 (Type: Generic_Service) arriva in 230.82
--- [230.82] Task 450 using SearchNode Policy: v2_ilp_hybrid ---
[230.82] [Task 450] Entering ILP branch (v2)
[ε-constraint energy] sumE_B=0.144567  bound=0.159024  active=False
[ILP] res_type=dict value_preview={'stage': 'B', 'status': 'Optimal', 'primary': 'energy', 'tol': 0.1, 'opt_primary': 0.14456728439798494, 'objective_secondary': 0.07761272213373009, 'sumE': 0.1
[230.82] [Task 450] ILP chose server: STARLINK-31702
[230.82] [Task 450] Routed STARLINK-30286 -> STARLINK-31702 | E_NET=0.000015 J | Remaining=120000.00 J
[230.826] Task 450 enqueued on CPU STARLINK-31702 qlen_enqueue=1
[Task 450] Task eseguito su STARLINK-31702 37.430556094862304 degrees | CPU=0.1445J, NET=0.0000J, TOTAL=0.1446J, Remaining=119970.55J
[230.905] Task 450 served on STARLINK-31702 qlen_enqueue_cpu=1 qlen_enqueue_net=None time_in_queue=0.000
[450][GREEDY] STARLINK-31702 -> STARLINK-11724 [DTC] | Tramission-time: 0.0017779790568923
[450] Energy routing consumed by STARLINK-31702: 0.000000 J (remaining 119970.55)
[MODE: BIDIRECTIONAL]
[450][GREEDY] CONSEGNATO! STARLINK-11724 [DTC] -> OBS | Tramission-time: 1.3274389508877952e-11
---> Task 451 (Type: CPU_Intensive) arriva in 231.52
--- [231.52] Task 451 using SearchNode Policy: v2_ilp_hybrid ---
[231.52] [Task 451] Entering ILP branch (v2)
[ε-constraint energy] sumE_B=0.680840  bound=0.748924  active=False
[ILP] res_type=dict value_preview={'stage': 'B', 'status': 'Optimal', 'primary': 'energy', 'tol': 0.1, 'opt_primary': 0.6808398077014244, 'objective_secondary': 0.36549487583154405, 'sumE': 0.68
[231.52] [Task 451] ILP chose server: STARLINK-31702
[231.52] [Task 451] Routed STARLINK-30286 -> STARLINK-31702 | E_NET=0.000033 J | Remaining=120000.00 J
[231.517] Task 451 enqueued on CPU STARLINK-31702 qlen_enqueue=1
---> Task 452 (Type: Generic_Service) arriva in 231.72
--- [231.72] Task 452 using SearchNode Policy: v2_ilp_hybrid ---
[231.72] [Task 452] Entering ILP branch (v2)
[ε-constraint energy] sumE_B=0.008986  bound=0.009884  active=False
[ILP] res_type=dict value_preview={'stage': 'B', 'status': 'Optimal', 'primary': 'energy', 'tol': 0.1, 'opt_primary': 0.008985723448432176, 'objective_secondary': 0.004831993008221203, 'sumE': 0
[231.72] [Task 452] ILP chose server: STARLINK-31585
[231.72] [Task 452] Routed STARLINK-30286 -> STARLINK-31585 | E_NET=0.000016 J | Remaining=120000.00 J
[231.726] Task 452 enqueued on CPU STARLINK-31585 qlen_enqueue=1
[Task 452] Task eseguito su STARLINK-31585 42.18475213580833 degrees | CPU=0.0090J, NET=0.0000J, TOTAL=0.0090J, Remaining=119989.26J
[231.732] Task 452 served on STARLINK-31585 qlen_enqueue_cpu=1 qlen_enqueue_net=None time_in_queue=0.000
[452][GREEDY] STARLINK-31585 -> STARLINK-33816 | Tramission-time: 0.0020947372947441537
[452] Energy routing consumed by STARLINK-31585: 0.000000 J (remaining 119989.26)
[MODE: BIDIRECTIONAL]
[452][GREEDY] CONSEGNATO! STARLINK-33816 -> OBS | Tramission-time: 1.3565595266704657e-11
[Task 451] Task eseguito su STARLINK-31702 37.430556094862304 degrees | CPU=0.6808J, NET=0.0000J, TOTAL=0.6808J, Remaining=119969.87J
[231.885] Task 451 served on STARLINK-31702 qlen_enqueue_cpu=1 qlen_enqueue_net=None time_in_queue=0.000
[451][GREEDY] STARLINK-31702 -> STARLINK-11724 [DTC] | Tramission-time: 0.0017779790693985247
[451] Energy routing consumed by STARLINK-31702: 0.000000 J (remaining 119969.87)
[MODE: BIDIRECTIONAL]
[451][GREEDY] CONSEGNATO! STARLINK-11724 [DTC] -> OBS | Tramission-time: 3.007298870441924e-11
----------------------------------------------------------------------
	||TIME IN SIMULATION : (seconds:232) (minutes: 3) ||

MODIFICA CONFIGURAZIONE IN CORSO...

Aggiornato il Tempo Globale:  2025-11-20 20:59:06
---> Task 453 (Type: CPU_and_Data_Intensive) arriva in 232.28
--- [232.28] Task 453 using SearchNode Policy: v2_ilp_hybrid ---
[232.28] [Task 453] Entering ILP branch (v2)
[ε-constraint energy] sumE_B=0.510137  bound=0.561151  active=False
[ILP] res_type=dict value_preview={'stage': 'B', 'status': 'Optimal', 'primary': 'energy', 'tol': 0.1, 'opt_primary': 0.5101374575182905, 'objective_secondary': 0.27711490483470985, 'sumE': 0.51
[232.28] [Task 453] ILP chose server: STARLINK-31763
[232.28] [Task 453] Routed STARLINK-30286 -> STARLINK-31763 | E_NET=0.005991 J | Remaining=119999.99 J
[232.288] Task 453 enqueued on CPU STARLINK-31763 qlen_enqueue=1
[232.558] Task 453 enqueued on NET STARLINK-31763 qlen_enqueue_net=1
[Task 453] Task eseguito su STARLINK-31763 57.50060163921511 degrees | CPU=0.5031J, NET=0.0060J, TOTAL=0.5091J, Remaining=119946.98J
[232.564] Task 453 served on STARLINK-31763 qlen_enqueue_cpu=1 qlen_enqueue_net=1 time_in_queue=0.000
[453][GREEDY] STARLINK-31763 -> STARLINK-11724 [DTC] | Tramission-time: 0.0018580501021865144
[453] Energy routing consumed by STARLINK-31763: 0.000000 J (remaining 119946.98)
[MODE: BIDIRECTIONAL]
[453][GREEDY] CONSEGNATO! STARLINK-11724 [DTC] -> OBS | Tramission-time: 5.486010224865835e-09
---> Task 454 (Type: Generic_Service) arriva in 233.33
--- [233.33] Task 454 using SearchNode Policy: v2_ilp_hybrid ---
[233.33] [Task 454] Entering ILP branch (v2)
[ε-constraint energy] sumE_B=0.182644  bound=0.200909  active=False
[ILP] res_type=dict value_preview={'stage': 'B', 'status': 'Optimal', 'primary': 'energy', 'tol': 0.1, 'opt_primary': 0.18264428927487394, 'objective_secondary': 0.09805736380337458, 'sumE': 0.1
[233.33] [Task 454] ILP chose server: STARLINK-31763
[233.33] [Task 454] Routed STARLINK-30286 -> STARLINK-31763 | E_NET=0.000025 J | Remaining=119999.99 J
[233.328] Task 454 enqueued on CPU STARLINK-31763 qlen_enqueue=1
[Task 454] Task eseguito su STARLINK-31763 57.50060163921511 degrees | CPU=0.1826J, NET=0.0000J, TOTAL=0.1826J, Remaining=119946.80J
[233.428] Task 454 served on STARLINK-31763 qlen_enqueue_cpu=1 qlen_enqueue_net=None time_in_queue=0.000
[454][GREEDY] STARLINK-31763 -> STARLINK-11724 [DTC] | Tramission-time: 0.0018580445258335853
[454] Energy routing consumed by STARLINK-31763: 0.000000 J (remaining 119946.80)
[MODE: BIDIRECTIONAL]
[454][GREEDY] CONSEGNATO! STARLINK-11724 [DTC] -> OBS | Tramission-time: 2.6729406058151706e-11
----------------------------------------------------------------------
	||TIME IN SIMULATION : (seconds:234) (minutes: 3) ||

MODIFICA CONFIGURAZIONE IN CORSO...

Aggiornato il Tempo Globale:  2025-11-20 20:59:08
---> Task 455 (Type: CPU_and_Data_Intensive) arriva in 234.59
--- [234.59] Task 455 using SearchNode Policy: v2_ilp_hybrid ---
[234.59] [Task 455] Entering ILP branch (v2)
[ε-constraint energy] sumE_B=0.873120  bound=0.960432  active=False
[ILP] res_type=dict value_preview={'stage': 'B', 'status': 'Optimal', 'primary': 'energy', 'tol': 0.1, 'opt_primary': 0.8731203124806943, 'objective_secondary': 0.4727427288148495, 'sumE': 0.873
[234.59] [Task 455] ILP chose server: STARLINK-31763
[234.59] [Task 455] Routed STARLINK-5843 -> STARLINK-31763 | E_NET=0.006487 J | Remaining=119999.99 J
[234.599] Task 455 enqueued on CPU STARLINK-31763 qlen_enqueue=1
---> Task 456 (Type: Generic_Service) arriva in 234.65
--- [234.65] Task 456 using SearchNode Policy: v2_ilp_hybrid ---
[234.65] [Task 456] Entering ILP branch (v2)
[ε-constraint energy] sumE_B=0.076118  bound=0.083730  active=False
[ILP] res_type=dict value_preview={'stage': 'B', 'status': 'Optimal', 'primary': 'energy', 'tol': 0.1, 'opt_primary': 0.0761178897545592, 'objective_secondary': 0.04086641595173965, 'sumE': 0.07
[234.65] [Task 456] ILP chose server: STARLINK-31702
[234.65] [Task 456] Routed STARLINK-30286 -> STARLINK-31702 | E_NET=0.000012 J | Remaining=119999.99 J
[234.655] Task 456 enqueued on CPU STARLINK-31702 qlen_enqueue=1
[Task 456] Task eseguito su STARLINK-31702 36.369145602993946 degrees | CPU=0.0761J, NET=0.0000J, TOTAL=0.0761J, Remaining=119969.80J
[234.697] Task 456 served on STARLINK-31702 qlen_enqueue_cpu=1 qlen_enqueue_net=None time_in_queue=0.000
[456][GREEDY] STARLINK-31702 -> STARLINK-11724 [DTC] | Tramission-time: 0.0017776613339305731
[456] Energy routing consumed by STARLINK-31702: 0.000000 J (remaining 119969.80)
[MODE: BIDIRECTIONAL]
[456][GREEDY] CONSEGNATO! STARLINK-11724 [DTC] -> OBS | Tramission-time: 1.1039918538093606e-11
---> Task 457 (Type: CPU_and_Data_Intensive) arriva in 234.82
--- [234.82] Task 457 using SearchNode Policy: v2_ilp_hybrid ---
[234.82] [Task 457] Entering ILP branch (v2)
[ε-constraint energy] sumE_B=0.350605  bound=0.385666  active=False
[ILP] res_type=dict value_preview={'stage': 'B', 'status': 'Optimal', 'primary': 'energy', 'tol': 0.1, 'opt_primary': 0.3506051640944814, 'objective_secondary': 0.2605518464900694, 'sumE': 0.350
[234.82] [Task 457] ILP chose server: STARLINK-31702
[234.82] [Task 457] Routed STARLINK-30286 -> STARLINK-31702 | E_NET=0.146000 J | Remaining=119999.85 J
[234.971] Task 457 enqueued on CPU STARLINK-31702 qlen_enqueue=1
[235.063] Task 455 enqueued on NET STARLINK-31763 qlen_enqueue_net=1
[Task 455] Task eseguito su STARLINK-31763 56.38812718484353 degrees | CPU=0.8644J, NET=0.0065J, TOTAL=0.8709J, Remaining=119945.93J
[235.069] Task 455 served on STARLINK-31763 qlen_enqueue_cpu=1 qlen_enqueue_net=1 time_in_queue=0.000
[235.076] Task 457 enqueued on NET STARLINK-31702 qlen_enqueue_net=1
[455][GREEDY] STARLINK-31763 -> STARLINK-11724 [DTC] | Tramission-time: 0.0018672580842614061
[455] Energy routing consumed by STARLINK-31763: 0.000000 J (remaining 119945.93)
[MODE: BIDIRECTIONAL]
[455][GREEDY] CONSEGNATO! STARLINK-11724 [DTC] -> OBS | Tramission-time: 7.749951961955776e-09
[Task 457] Task eseguito su STARLINK-31702 36.369145602993946 degrees | CPU=0.1944J, NET=0.1460J, TOTAL=0.3404J, Remaining=119969.46J
[235.222] Task 457 served on STARLINK-31702 qlen_enqueue_cpu=1 qlen_enqueue_net=1 time_in_queue=0.000
[457][GREEDY] STARLINK-31702 -> STARLINK-11724 [DTC] | Tramission-time: 0.001777788863488462
[457] Energy routing consumed by STARLINK-31702: 0.000000 J (remaining 119969.46)
[MODE: BIDIRECTIONAL]
[457][GREEDY] CONSEGNATO! STARLINK-11724 [DTC] -> OBS | Tramission-time: 1.0974941433198227e-07
---> Task 458 (Type: CPU_Intensive) arriva in 235.55
--- [235.55] Task 458 using SearchNode Policy: v2_ilp_hybrid ---
[235.55] [Task 458] Entering ILP branch (v2)
[ε-constraint energy] sumE_B=0.240484  bound=0.264532  active=False
[ILP] res_type=dict value_preview={'stage': 'B', 'status': 'Optimal', 'primary': 'energy', 'tol': 0.1, 'opt_primary': 0.24048397535247, 'objective_secondary': 0.12909995456365359, 'sumE': 0.2404
[235.55] [Task 458] ILP chose server: STARLINK-31763
[235.55] [Task 458] Routed STARLINK-5843 -> STARLINK-31763 | E_NET=0.000012 J | Remaining=119999.99 J
[235.556] Task 458 enqueued on CPU STARLINK-31763 qlen_enqueue=1
[Task 458] Task eseguito su STARLINK-31763 56.38812718484353 degrees | CPU=0.2405J, NET=0.0000J, TOTAL=0.2405J, Remaining=119945.69J
[235.686] Task 458 served on STARLINK-31763 qlen_enqueue_cpu=1 qlen_enqueue_net=None time_in_queue=0.000
[458][GREEDY] STARLINK-31763 -> STARLINK-11724 [DTC] | Tramission-time: 0.0018672520653929504
[458] Energy routing consumed by STARLINK-31763: 0.000000 J (remaining 119945.69)
[MODE: BIDIRECTIONAL]
[458][GREEDY] CONSEGNATO! STARLINK-11724 [DTC] -> OBS | Tramission-time: 1.1111341501471637e-11
----------------------------------------------------------------------
	||TIME IN SIMULATION : (seconds:236) (minutes: 3) ||

MODIFICA CONFIGURAZIONE IN CORSO...

Aggiornato il Tempo Globale:  2025-11-20 20:59:10
---> Task 459 (Type: Generic_Service) arriva in 237.01
--- [237.01] Task 459 using SearchNode Policy: v2_ilp_hybrid ---
[237.01] [Task 459] Entering ILP branch (v2)
[ε-constraint energy] sumE_B=0.349774  bound=0.384752  active=False
[ILP] res_type=dict value_preview={'stage': 'B', 'status': 'Optimal', 'primary': 'energy', 'tol': 0.1, 'opt_primary': 0.3497743949721133, 'objective_secondary': 0.187768277766963, 'sumE': 0.3497
[237.01] [Task 459] ILP chose server: STARLINK-31763
[237.01] [Task 459] Routed STARLINK-5843 -> STARLINK-31763 | E_NET=0.000014 J | Remaining=119999.99 J
[237.013] Task 459 enqueued on CPU STARLINK-31763 qlen_enqueue=1
[Task 459] Task eseguito su STARLINK-31763 55.2889694380885 degrees | CPU=0.3498J, NET=0.0000J, TOTAL=0.3498J, Remaining=119945.34J
[237.201] Task 459 served on STARLINK-31763 qlen_enqueue_cpu=1 qlen_enqueue_net=None time_in_queue=0.000
[459][GREEDY] STARLINK-31763 -> STARLINK-11724 [DTC] | Tramission-time: 0.0018765100152133489
[459] Energy routing consumed by STARLINK-31763: 0.000000 J (remaining 119945.34)
[MODE: BIDIRECTIONAL]
[459][GREEDY] CONSEGNATO! STARLINK-11724 [DTC] -> OBS | Tramission-time: 1.4812960418099695e-11
---> Task 460 (Type: CPU_Intensive) arriva in 237.76
--- [237.76] Task 460 using SearchNode Policy: v2_ilp_hybrid ---
[237.76] [Task 460] Entering ILP branch (v2)
[ε-constraint energy] sumE_B=0.266040  bound=0.292644  active=False
[ILP] res_type=dict value_preview={'stage': 'B', 'status': 'Optimal', 'primary': 'energy', 'tol': 0.1, 'opt_primary': 0.2660402512549253, 'objective_secondary': 0.14282444132681676, 'sumE': 0.26
[237.76] [Task 460] ILP chose server: STARLINK-31763
[237.76] [Task 460] Routed STARLINK-5843 -> STARLINK-31763 | E_NET=0.000021 J | Remaining=119999.99 J
[237.760] Task 460 enqueued on CPU STARLINK-31763 qlen_enqueue=1
[Task 460] Task eseguito su STARLINK-31763 55.2889694380885 degrees | CPU=0.2660J, NET=0.0000J, TOTAL=0.2660J, Remaining=119945.07J
[237.905] Task 460 served on STARLINK-31763 qlen_enqueue_cpu=1 qlen_enqueue_net=None time_in_queue=0.000
----------------------------------------------------------------------
	||TIME IN SIMULATION : (seconds:238) (minutes: 3) ||

MODIFICA CONFIGURAZIONE IN CORSO...

Aggiornato il Tempo Globale:  2025-11-20 20:59:12
[460][GREEDY] STARLINK-31763 -> STARLINK-11724 [DTC] | Tramission-time: 0.001885817421801617
[460] Energy routing consumed by STARLINK-31763: 0.000000 J (remaining 119945.07)
[MODE: BIDIRECTIONAL]
[460][GREEDY] CONSEGNATO! STARLINK-11724 [DTC] -> OBS | Tramission-time: 2.6004247432233875e-11
---> Task 461 (Type: CPU_Intensive) arriva in 238.31
--- [238.31] Task 461 using SearchNode Policy: v2_ilp_hybrid ---
[238.31] [Task 461] Entering ILP branch (v2)
[ε-constraint energy] sumE_B=1.207073  bound=1.327780  active=False
[ILP] res_type=dict value_preview={'stage': 'B', 'status': 'Optimal', 'primary': 'energy', 'tol': 0.1, 'opt_primary': 1.207073102257585, 'objective_secondary': 0.6479762175136266, 'sumE': 1.2070
[238.31] [Task 461] ILP chose server: STARLINK-31763
[238.31] [Task 461] Routed STARLINK-5843 -> STARLINK-31763 | E_NET=0.000028 J | Remaining=119999.99 J
[238.307] Task 461 enqueued on CPU STARLINK-31763 qlen_enqueue=1
---> Task 462 (Type: CPU_and_Data_Intensive) arriva in 238.35
--- [238.35] Task 462 using SearchNode Policy: v2_ilp_hybrid ---
[238.35] [Task 462] Entering ILP branch (v2)
[ε-constraint energy] sumE_B=0.708864  bound=0.779751  active=False
[ILP] res_type=dict value_preview={'stage': 'B', 'status': 'Optimal', 'primary': 'energy', 'tol': 0.1, 'opt_primary': 0.7088642866546756, 'objective_secondary': 0.3809199222660044, 'sumE': 0.708
[238.35] [Task 462] ILP chose server: STARLINK-31702
[238.35] [Task 462] Routed STARLINK-5843 -> STARLINK-31702 | E_NET=0.000655 J | Remaining=119999.99 J
[238.349] Task 462 enqueued on CPU STARLINK-31702 qlen_enqueue=1
---> Task 463 (Type: CPU_Intensive) arriva in 238.66
--- [238.66] Task 463 using SearchNode Policy: v2_ilp_hybrid ---
[238.66] [Task 463] Entering ILP branch (v2)
[ε-constraint energy] sumE_B=0.141846  bound=0.156030  active=False
[ILP] res_type=dict value_preview={'stage': 'B', 'status': 'Optimal', 'primary': 'energy', 'tol': 0.1, 'opt_primary': 0.14184553561713595, 'objective_secondary': 0.0761563811097868, 'sumE': 0.14
[238.66] [Task 463] ILP chose server: STARLINK-31585
[238.66] [Task 463] Routed STARLINK-5843 -> STARLINK-31585 | E_NET=0.000028 J | Remaining=119999.99 J
[238.667] Task 463 enqueued on CPU STARLINK-31585 qlen_enqueue=1
---> Task 464 (Type: Generic_Service) arriva in 238.68
--- [238.68] Task 464 using SearchNode Policy: v2_ilp_hybrid ---
[238.68] [Task 464] Entering ILP branch (v2)
[ε-constraint energy] sumE_B=0.057454  bound=0.063200  active=False
[ILP] res_type=dict value_preview={'stage': 'B', 'status': 'Optimal', 'primary': 'energy', 'tol': 0.1, 'opt_primary': 0.05745421849658331, 'objective_secondary': 0.030851661641277804, 'sumE': 0.
[238.68] [Task 464] ILP chose server: STARLINK-31399
[238.68] [Task 464] Routed STARLINK-5843 -> STARLINK-31399 | E_NET=0.000018 J | Remaining=119999.99 J
[238.678] Task 464 enqueued on CPU STARLINK-31399 qlen_enqueue=1
[Task 464] Task eseguito su STARLINK-31399 79.26657484406472 degrees | CPU=0.0574J, NET=0.0000J, TOTAL=0.0575J, Remaining=119999.04J
[238.710] Task 464 served on STARLINK-31399 qlen_enqueue_cpu=1 qlen_enqueue_net=None time_in_queue=0.000
[238.729] Task 462 enqueued on NET STARLINK-31702 qlen_enqueue_net=1
[Task 462] Task eseguito su STARLINK-31702 35.31714996995012 degrees | CPU=0.7080J, NET=0.0007J, TOTAL=0.7087J, Remaining=119968.75J
[238.730] Task 462 served on STARLINK-31702 qlen_enqueue_cpu=1 qlen_enqueue_net=1 time_in_queue=0.000
[Task 463] Task eseguito su STARLINK-31585 38.96169960988307 degrees | CPU=0.1418J, NET=0.0000J, TOTAL=0.1418J, Remaining=119989.11J
[238.745] Task 463 served on STARLINK-31585 qlen_enqueue_cpu=1 qlen_enqueue_net=None time_in_queue=0.000
---> Task 465 (Type: Generic_Service) arriva in 238.77
--- [238.77] Task 465 using SearchNode Policy: v2_ilp_hybrid ---
[238.77] [Task 465] Entering ILP branch (v2)
[ε-constraint energy] sumE_B=0.062398  bound=0.068638  active=False
[ILP] res_type=dict value_preview={'stage': 'B', 'status': 'Optimal', 'primary': 'energy', 'tol': 0.1, 'opt_primary': 0.06239808762259154, 'objective_secondary': 0.03350432781105812, 'sumE': 0.0
[238.77] [Task 465] ILP chose server: STARLINK-31702
[238.77] [Task 465] Routed STARLINK-5843 -> STARLINK-31702 | E_NET=0.000015 J | Remaining=119999.99 J
[238.771] Task 465 enqueued on CPU STARLINK-31702 qlen_enqueue=1
[463][GREEDY] STARLINK-31585 -> STARLINK-33816 | Tramission-time: 0.0020951859946176875
[463] Energy routing consumed by STARLINK-31585: 0.000000 J (remaining 119989.11)
[Task 465] Task eseguito su STARLINK-31702 35.31714996995012 degrees | CPU=0.0624J, NET=0.0000J, TOTAL=0.0624J, Remaining=119968.69J
[238.806] Task 465 served on STARLINK-31702 qlen_enqueue_cpu=1 qlen_enqueue_net=None time_in_queue=0.000
[462][GREEDY] STARLINK-31702 -> STARLINK-11724 [DTC] | Tramission-time: 0.0017773672480675732
[462] Energy routing consumed by STARLINK-31702: 0.000000 J (remaining 119968.69)
[464][GREEDY] STARLINK-31399 -> STARLINK-11724 [DTC] | Tramission-time: 0.0012076766694161408
[464] Energy routing consumed by STARLINK-31399: 0.000000 J (remaining 119999.04)
[MODE: BIDIRECTIONAL]
[463][GREEDY] CONSEGNATO! STARLINK-33816 -> OBS | Tramission-time: 2.002210592746047e-11
[MODE: BIDIRECTIONAL]
[462][GREEDY] CONSEGNATO! STARLINK-11724 [DTC] -> OBS | Tramission-time: 6.715644277873202e-10
[465][GREEDY] STARLINK-31702 -> STARLINK-11724 [DTC] | Tramission-time: 0.0017773666696479723
[465] Energy routing consumed by STARLINK-31702: 0.000000 J (remaining 119968.69)
[MODE: BIDIRECTIONAL]
[464][GREEDY] CONSEGNATO! STARLINK-11724 [DTC] -> OBS | Tramission-time: 1.9798016646954553e-11
[Task 461] Task eseguito su STARLINK-31763 54.20487922210255 degrees | CPU=1.2070J, NET=0.0000J, TOTAL=1.2071J, Remaining=119943.86J
[238.957] Task 461 served on STARLINK-31763 qlen_enqueue_cpu=1 qlen_enqueue_net=None time_in_queue=0.000
[461][GREEDY] STARLINK-31763 -> STARLINK-11724 [DTC] | Tramission-time: 0.0018858174331974284
[461] Energy routing consumed by STARLINK-31763: 0.000000 J (remaining 119943.86)
[MODE: BIDIRECTIONAL]
[465][GREEDY] CONSEGNATO! STARLINK-11724 [DTC] -> OBS | Tramission-time: 1.7872616403235236e-11
[MODE: BIDIRECTIONAL]
[461][GREEDY] CONSEGNATO! STARLINK-11724 [DTC] -> OBS | Tramission-time: 3.110918697377862e-11
----------------------------------------------------------------------
	||TIME IN SIMULATION : (seconds:240) (minutes: 4) ||

MODIFICA CONFIGURAZIONE IN CORSO...

Aggiornato il Tempo Globale:  2025-11-20 20:59:14
---> Task 466 (Type: Generic_Service) arriva in 240.74
--- [240.74] Task 466 using SearchNode Policy: v2_ilp_hybrid ---
[240.74] [Task 466] Entering ILP branch (v2)
[ε-constraint energy] sumE_B=0.010970  bound=0.012067  active=False
[ILP] res_type=dict value_preview={'stage': 'B', 'status': 'Optimal', 'primary': 'energy', 'tol': 0.1, 'opt_primary': 0.010969804674199866, 'objective_secondary': 0.005892772053021801, 'sumE': 0
[240.74] [Task 466] ILP chose server: STARLINK-31763
[240.74] [Task 466] Routed STARLINK-5843 -> STARLINK-31763 | E_NET=0.000007 J | Remaining=119999.99 J
[240.741] Task 466 enqueued on CPU STARLINK-31763 qlen_enqueue=1
[Task 466] Task eseguito su STARLINK-31763 53.137276608414794 degrees | CPU=0.0110J, NET=0.0000J, TOTAL=0.0110J, Remaining=119943.85J
[240.747] Task 466 served on STARLINK-31763 qlen_enqueue_cpu=1 qlen_enqueue_net=None time_in_queue=0.000
[466][GREEDY] STARLINK-31763 -> STARLINK-11724 [DTC] | Tramission-time: 0.0018951733284319745
[466] Energy routing consumed by STARLINK-31763: 0.000000 J (remaining 119943.85)
[MODE: BIDIRECTIONAL]
[466][GREEDY] CONSEGNATO! STARLINK-11724 [DTC] -> OBS | Tramission-time: 5.916593058459081e-12
---> Task 467 (Type: CPU_Intensive) arriva in 241.33
--- [241.33] Task 467 using SearchNode Policy: v2_ilp_hybrid ---
[241.33] [Task 467] Entering ILP branch (v2)
[ε-constraint energy] sumE_B=0.307987  bound=0.338786  active=False
[ILP] res_type=dict value_preview={'stage': 'B', 'status': 'Optimal', 'primary': 'energy', 'tol': 0.1, 'opt_primary': 0.30798699757013975, 'objective_secondary': 0.1653420690677549, 'sumE': 0.30
[241.33] [Task 467] ILP chose server: STARLINK-31763
[241.33] [Task 467] Routed STARLINK-5843 -> STARLINK-31763 | E_NET=0.000023 J | Remaining=119999.99 J
[241.328] Task 467 enqueued on CPU STARLINK-31763 qlen_enqueue=1
[Task 467] Task eseguito su STARLINK-31763 53.137276608414794 degrees | CPU=0.3080J, NET=0.0000J, TOTAL=0.3080J, Remaining=119943.55J
[241.495] Task 467 served on STARLINK-31763 qlen_enqueue_cpu=1 qlen_enqueue_net=None time_in_queue=0.000
[467][GREEDY] STARLINK-31763 -> STARLINK-11724 [DTC] | Tramission-time: 0.0018951733463114335
[467] Energy routing consumed by STARLINK-31763: 0.000000 J (remaining 119943.55)
[MODE: BIDIRECTIONAL]
[467][GREEDY] CONSEGNATO! STARLINK-11724 [DTC] -> OBS | Tramission-time: 2.154943142952647e-11
---> Task 468 (Type: CPU_and_Data_Intensive) arriva in 241.53
--- [241.53] Task 468 using SearchNode Policy: v2_ilp_hybrid ---
[241.53] [Task 468] Entering ILP branch (v2)
[ε-constraint energy] sumE_B=0.657531  bound=0.723284  active=False
[ILP] res_type=dict value_preview={'stage': 'B', 'status': 'Optimal', 'primary': 'energy', 'tol': 0.1, 'opt_primary': 0.6575310340813024, 'objective_secondary': 0.355138733273754, 'sumE': 0.6575
[241.53] [Task 468] ILP chose server: STARLINK-31763
[241.53] [Task 468] Routed STARLINK-5843 -> STARLINK-31763 | E_NET=0.003671 J | Remaining=119999.99 J
[241.533] Task 468 enqueued on CPU STARLINK-31763 qlen_enqueue=1
[241.883] Task 468 enqueued on NET STARLINK-31763 qlen_enqueue_net=1
[Task 468] Task eseguito su STARLINK-31763 53.137276608414794 degrees | CPU=0.6528J, NET=0.0037J, TOTAL=0.6565J, Remaining=119942.89J
[241.887] Task 468 served on STARLINK-31763 qlen_enqueue_cpu=1 qlen_enqueue_net=1 time_in_queue=0.000
[468][GREEDY] STARLINK-31763 -> STARLINK-11724 [DTC] | Tramission-time: 0.0018951767960476745
[468] Energy routing consumed by STARLINK-31763: 0.000000 J (remaining 119942.89)
[MODE: BIDIRECTIONAL]
[468][GREEDY] CONSEGNATO! STARLINK-11724 [DTC] -> OBS | Tramission-time: 3.7105624182212557e-09
----------------------------------------------------------------------
	||TIME IN SIMULATION : (seconds:242) (minutes: 4) ||

MODIFICA CONFIGURAZIONE IN CORSO...

Aggiornato il Tempo Globale:  2025-11-20 20:59:16
---> Task 469 (Type: CPU_and_Data_Intensive) arriva in 242.33
--- [242.33] Task 469 using SearchNode Policy: v2_ilp_hybrid ---
[242.33] [Task 469] Entering ILP branch (v2)
[ε-constraint energy] sumE_B=0.638172  bound=0.701989  active=False
[ILP] res_type=dict value_preview={'stage': 'B', 'status': 'Optimal', 'primary': 'energy', 'tol': 0.1, 'opt_primary': 0.6381717246332685, 'objective_secondary': 0.38145869072953004, 'sumE': 0.63
[242.33] [Task 469] ILP chose server: STARLINK-32442
[242.33] [Task 469] Routed STARLINK-2647 -> STARLINK-32442 | E_NET=0.070024 J | Remaining=119999.93 J
[242.404] Task 469 enqueued on CPU STARLINK-32442 qlen_enqueue=1
[242.702] Task 469 enqueued on NET STARLINK-32442 qlen_enqueue_net=1
[Task 469] Task eseguito su STARLINK-32442 59.93590650952257 degrees | CPU=0.5542J, NET=0.0700J, TOTAL=0.6242J, Remaining=119989.80J
[242.772] Task 469 served on STARLINK-32442 qlen_enqueue_cpu=1 qlen_enqueue_net=1 time_in_queue=0.000
[MODE: BIDIRECTIONAL]
[469][GREEDY] CONSEGNATO! STARLINK-32442 -> OBS | Tramission-time: 7.563080157759832e-08
---> Task 470 (Type: CPU_Intensive) arriva in 243.48
--- [243.48] Task 470 using SearchNode Policy: v2_ilp_hybrid ---
[243.48] [Task 470] Entering ILP branch (v2)
[ε-constraint energy] sumE_B=0.371472  bound=0.408619  active=False
[ILP] res_type=dict value_preview={'stage': 'B', 'status': 'Optimal', 'primary': 'energy', 'tol': 0.1, 'opt_primary': 0.37147204985577004, 'objective_secondary': 0.19941327624967897, 'sumE': 0.3
[243.48] [Task 470] ILP chose server: STARLINK-32378
[243.48] [Task 470] Routed STARLINK-5108 -> STARLINK-32378 | E_NET=0.000010 J | Remaining=120000.00 J
[243.480] Task 470 enqueued on CPU STARLINK-32378 qlen_enqueue=1
[Task 470] Task eseguito su STARLINK-32378 28.86670021964934 degrees | CPU=0.3715J, NET=0.0000J, TOTAL=0.3715J, Remaining=119999.63J
[243.680] Task 470 served on STARLINK-32378 qlen_enqueue_cpu=1 qlen_enqueue_net=None time_in_queue=0.000
---> Task 471 (Type: CPU_Intensive) arriva in 243.71
--- [243.71] Task 471 using SearchNode Policy: v2_ilp_hybrid ---
[243.71] [Task 471] Entering ILP branch (v2)
[ε-constraint energy] sumE_B=0.130274  bound=0.143302  active=False
[ILP] res_type=dict value_preview={'stage': 'B', 'status': 'Optimal', 'primary': 'energy', 'tol': 0.1, 'opt_primary': 0.13027433712653988, 'objective_secondary': 0.06993905645170036, 'sumE': 0.1
[243.71] [Task 471] ILP chose server: STARLINK-32378
[243.71] [Task 471] Routed STARLINK-5108 -> STARLINK-32378 | E_NET=0.000012 J | Remaining=120000.00 J
[243.710] Task 471 enqueued on CPU STARLINK-32378 qlen_enqueue=1
[470][GREEDY] STARLINK-32378 -> STARLINK-32442 | Tramission-time: 0.0019223311352074381
[470] Energy routing consumed by STARLINK-32378: 0.000000 J (remaining 119999.63)
[Task 471] Task eseguito su STARLINK-32378 28.86670021964934 degrees | CPU=0.1303J, NET=0.0000J, TOTAL=0.1303J, Remaining=119999.50J
[243.781] Task 471 served on STARLINK-32378 qlen_enqueue_cpu=1 qlen_enqueue_net=None time_in_queue=0.000
[MODE: BIDIRECTIONAL]
[470][GREEDY] CONSEGNATO! STARLINK-32442 -> OBS | Tramission-time: 1.017882283857087e-11
[471][GREEDY] STARLINK-32378 -> STARLINK-32442 | Tramission-time: 0.0019223311369947107
[471] Energy routing consumed by STARLINK-32378: 0.000000 J (remaining 119999.50)
---> Task 472 (Type: CPU_and_Data_Intensive) arriva in 243.87
--- [243.87] Task 472 using SearchNode Policy: v2_ilp_hybrid ---
[243.87] [Task 472] Entering ILP branch (v2)
[ε-constraint energy] sumE_B=0.392629  bound=0.431892  active=False
[ILP] res_type=dict value_preview={'stage': 'B', 'status': 'Optimal', 'primary': 'energy', 'tol': 0.1, 'opt_primary': 0.39262921625978964, 'objective_secondary': 0.2935192974998776, 'sumE': 0.39
[243.87] [Task 472] ILP chose server: STARLINK-32378
[243.87] [Task 472] Routed STARLINK-5108 -> STARLINK-32378 | E_NET=0.130926 J | Remaining=119999.87 J
[MODE: BIDIRECTIONAL]
[471][GREEDY] CONSEGNATO! STARLINK-32442 -> OBS | Tramission-time: 1.1161544654275899e-11
----------------------------------------------------------------------
	||TIME IN SIMULATION : (seconds:244) (minutes: 4) ||

MODIFICA CONFIGURAZIONE IN CORSO...

Aggiornato il Tempo Globale:  2025-11-20 20:59:18
[244.000] Task 472 enqueued on CPU STARLINK-32378 qlen_enqueue=1
[244.115] Task 472 enqueued on NET STARLINK-32378 qlen_enqueue_net=1
[Task 472] Task eseguito su STARLINK-32378 29.02227054114299 degrees | CPU=0.2140J, NET=0.1309J, TOTAL=0.3449J, Remaining=119999.15J
[244.246] Task 472 served on STARLINK-32378 qlen_enqueue_cpu=1 qlen_enqueue_net=1 time_in_queue=0.000
[472][GREEDY] STARLINK-32378 -> STARLINK-32442 | Tramission-time: 0.001928235288878326
[472] Energy routing consumed by STARLINK-32378: 0.000000 J (remaining 119999.15)
[MODE: BIDIRECTIONAL]
[472][GREEDY] CONSEGNATO! STARLINK-32442 -> OBS | Tramission-time: 1.6689054765157756e-07
---> Task 473 (Type: CPU_and_Data_Intensive) arriva in 244.44
--- [244.44] Task 473 using SearchNode Policy: v2_ilp_hybrid ---
[244.44] [Task 473] Entering ILP branch (v2)
[ε-constraint energy] sumE_B=1.833356  bound=2.016691  active=False
[ILP] res_type=dict value_preview={'stage': 'B', 'status': 'Optimal', 'primary': 'energy', 'tol': 0.1, 'opt_primary': 1.8333557861718972, 'objective_secondary': 1.0283606086736543, 'sumE': 1.833
[244.44] [Task 473] ILP chose server: STARLINK-31909
[244.44] [Task 473] Routed STARLINK-2647 -> STARLINK-31909 | E_NET=0.095269 J | Remaining=119999.83 J
[244.538] Task 473 enqueued on CPU STARLINK-31909 qlen_enqueue=1
---> Task 474 (Type: CPU_and_Data_Intensive) arriva in 245.01
--- [245.01] Task 474 using SearchNode Policy: v2_ilp_hybrid ---
[245.01] [Task 474] Entering ILP branch (v2)
[ε-constraint energy] sumE_B=1.210950  bound=1.332045  active=False
[ILP] res_type=dict value_preview={'stage': 'B', 'status': 'Optimal', 'primary': 'energy', 'tol': 0.1, 'opt_primary': 1.2109503951253058, 'objective_secondary': 0.651198431373666, 'sumE': 1.2109
[245.01] [Task 474] ILP chose server: STARLINK-32378
[245.01] [Task 474] Routed STARLINK-5108 -> STARLINK-32378 | E_NET=0.001924 J | Remaining=119999.87 J
[245.018] Task 474 enqueued on CPU STARLINK-32378 qlen_enqueue=1
[245.471] Task 473 enqueued on NET STARLINK-31909 qlen_enqueue_net=1
[Task 473] Task eseguito su STARLINK-31909 32.54431907661689 degrees | CPU=1.7379J, NET=0.0953J, TOTAL=1.8332J, Remaining=119998.17J
[245.567] Task 473 served on STARLINK-31909 qlen_enqueue_cpu=1 qlen_enqueue_net=1 time_in_queue=0.000
[473][GREEDY] STARLINK-31909 -> STARLINK-32442 | Tramission-time: 0.001500394124673876
[473] Energy routing consumed by STARLINK-31909: 0.000000 J (remaining 119998.17)
[245.666] Task 474 enqueued on NET STARLINK-32378 qlen_enqueue_net=1
[Task 474] Task eseguito su STARLINK-32378 29.02227054114299 degrees | CPU=1.2085J, NET=0.0019J, TOTAL=1.2104J, Remaining=119997.94J
[245.668] Task 474 served on STARLINK-32378 qlen_enqueue_cpu=1 qlen_enqueue_net=1 time_in_queue=0.000
[MODE: BIDIRECTIONAL]
[473][GREEDY] CONSEGNATO! STARLINK-32442 -> OBS | Tramission-time: 8.205587614867914e-08
[474][GREEDY] STARLINK-32378 -> STARLINK-32442 | Tramission-time: 0.0019281173188019853
[474] Energy routing consumed by STARLINK-32378: 0.000000 J (remaining 119997.94)
[MODE: BIDIRECTIONAL]
[474][GREEDY] CONSEGNATO! STARLINK-32442 -> OBS | Tramission-time: 1.7476265944971552e-09
----------------------------------------------------------------------
	||TIME IN SIMULATION : (seconds:246) (minutes: 4) ||

MODIFICA CONFIGURAZIONE IN CORSO...

Aggiornato il Tempo Globale:  2025-11-20 20:59:20
---> Task 475 (Type: CPU_Intensive) arriva in 246.30
--- [246.30] Task 475 using SearchNode Policy: v2_ilp_hybrid ---
[246.30] [Task 475] Entering ILP branch (v2)
[ε-constraint energy] sumE_B=1.217641  bound=1.339405  active=False
[ILP] res_type=dict value_preview={'stage': 'B', 'status': 'Optimal', 'primary': 'energy', 'tol': 0.1, 'opt_primary': 1.2176405206109515, 'objective_secondary': 0.6536488340836878, 'sumE': 1.217
[246.30] [Task 475] ILP chose server: STARLINK-32442
[246.30] [Task 475] Routed STARLINK-5794 -> STARLINK-32442 | E_NET=0.000026 J | Remaining=120000.00 J
[246.301] Task 475 enqueued on CPU STARLINK-32442 qlen_enqueue=1
---> Task 476 (Type: Generic_Service) arriva in 246.44
--- [246.44] Task 476 using SearchNode Policy: v2_ilp_hybrid ---
[246.44] [Task 476] Entering ILP branch (v2)
[ε-constraint energy] sumE_B=0.038902  bound=0.042792  active=False
[ILP] res_type=dict value_preview={'stage': 'B', 'status': 'Optimal', 'primary': 'energy', 'tol': 0.1, 'opt_primary': 0.03890177591813474, 'objective_secondary': 0.02089741074986856, 'sumE': 0.0
[246.44] [Task 476] ILP chose server: STARLINK-32378
[246.44] [Task 476] Routed STARLINK-5794 -> STARLINK-32378 | E_NET=0.000025 J | Remaining=120000.00 J
[246.441] Task 476 enqueued on CPU STARLINK-32378 qlen_enqueue=1
[Task 476] Task eseguito su STARLINK-32378 29.1693159341588 degrees | CPU=0.0389J, NET=0.0000J, TOTAL=0.0389J, Remaining=119997.90J
[246.464] Task 476 served on STARLINK-32378 qlen_enqueue_cpu=1 qlen_enqueue_net=None time_in_queue=0.000
[476][GREEDY] STARLINK-32378 -> STARLINK-32442 | Tramission-time: 0.0019338897527543591
[476] Energy routing consumed by STARLINK-32378: 0.000000 J (remaining 119997.90)
[MODE: BIDIRECTIONAL]
[476][GREEDY] CONSEGNATO! STARLINK-32442 -> OBS | Tramission-time: 2.7029274990428856e-11
[Task 475] Task eseguito su STARLINK-32442 62.209729997988276 degrees | CPU=1.2176J, NET=0.0000J, TOTAL=1.2176J, Remaining=119988.58J
[246.957] Task 475 served on STARLINK-32442 qlen_enqueue_cpu=1 qlen_enqueue_net=None time_in_queue=0.000
[MODE: BIDIRECTIONAL]
[475][GREEDY] CONSEGNATO! STARLINK-32442 -> OBS | Tramission-time: 2.668529404509462e-11
---> Task 477 (Type: CPU_and_Data_Intensive) arriva in 247.13
--- [247.13] Task 477 using SearchNode Policy: v2_ilp_hybrid ---
[247.13] [Task 477] Entering ILP branch (v2)
[ε-constraint energy] sumE_B=0.239587  bound=0.263546  active=False
[ILP] res_type=dict value_preview={'stage': 'B', 'status': 'Optimal', 'primary': 'energy', 'tol': 0.1, 'opt_primary': 0.23958699488226715, 'objective_secondary': 0.17010409442283925, 'sumE': 0.2
[247.13] [Task 477] ILP chose server: STARLINK-32442
[247.13] [Task 477] Routed STARLINK-5794 -> STARLINK-32442 | E_NET=0.065885 J | Remaining=119999.93 J
[247.195] Task 477 enqueued on CPU STARLINK-32442 qlen_enqueue=1
[247.276] Task 477 enqueued on NET STARLINK-32442 qlen_enqueue_net=1
[Task 477] Task eseguito su STARLINK-32442 62.209729997988276 degrees | CPU=0.1500J, NET=0.0659J, TOTAL=0.2159J, Remaining=119988.36J
[247.342] Task 477 served on STARLINK-32442 qlen_enqueue_cpu=1 qlen_enqueue_net=1 time_in_queue=0.000
---> Task 478 (Type: CPU_Intensive) arriva in 247.39
--- [247.39] Task 478 using SearchNode Policy: v2_ilp_hybrid ---
[247.39] [Task 478] Entering ILP branch (v2)
[ε-constraint energy] sumE_B=1.526686  bound=1.679355  active=False
[ILP] res_type=dict value_preview={'stage': 'B', 'status': 'Optimal', 'primary': 'energy', 'tol': 0.1, 'opt_primary': 1.5266860762288108, 'objective_secondary': 0.8195362421046549, 'sumE': 1.526
[247.39] [Task 478] ILP chose server: STARLINK-32442
[247.39] [Task 478] Routed STARLINK-5794 -> STARLINK-32442 | E_NET=0.000012 J | Remaining=119999.93 J
[247.394] Task 478 enqueued on CPU STARLINK-32442 qlen_enqueue=1
[MODE: BIDIRECTIONAL]
[477][GREEDY] CONSEGNATO! STARLINK-32442 -> OBS | Tramission-time: 8.087829767151708e-08
---> Task 479 (Type: Generic_Service) arriva in 247.77
--- [247.77] Task 479 using SearchNode Policy: v2_ilp_hybrid ---
[247.77] [Task 479] Entering ILP branch (v2)
[ε-constraint energy] sumE_B=0.096273  bound=0.105901  active=False
[ILP] res_type=dict value_preview={'stage': 'B', 'status': 'Optimal', 'primary': 'energy', 'tol': 0.1, 'opt_primary': 0.096273213192529, 'objective_secondary': 0.05168501855693763, 'sumE': 0.096
[247.77] [Task 479] ILP chose server: STARLINK-32378
[247.77] [Task 479] Routed STARLINK-5794 -> STARLINK-32378 | E_NET=0.000009 J | Remaining=119999.93 J
[247.768] Task 479 enqueued on CPU STARLINK-32378 qlen_enqueue=1
[Task 479] Task eseguito su STARLINK-32378 29.1693159341588 degrees | CPU=0.0963J, NET=0.0000J, TOTAL=0.0963J, Remaining=119997.81J
[247.821] Task 479 served on STARLINK-32378 qlen_enqueue_cpu=1 qlen_enqueue_net=None time_in_queue=0.000
[479][GREEDY] STARLINK-32378 -> STARLINK-32442 | Tramission-time: 0.0019338897376504356
[479] Energy routing consumed by STARLINK-32378: 0.000000 J (remaining 119997.81)
[MODE: BIDIRECTIONAL]
[479][GREEDY] CONSEGNATO! STARLINK-32442 -> OBS | Tramission-time: 1.0059873361169701e-11
----------------------------------------------------------------------
	||TIME IN SIMULATION : (seconds:248) (minutes: 4) ||

MODIFICA CONFIGURAZIONE IN CORSO...

Aggiornato il Tempo Globale:  2025-11-20 20:59:22
[Task 478] Task eseguito su STARLINK-32442 63.33533414727137 degrees | CPU=1.5267J, NET=0.0000J, TOTAL=1.5267J, Remaining=119986.84J
[248.215] Task 478 served on STARLINK-32442 qlen_enqueue_cpu=1 qlen_enqueue_net=None time_in_queue=0.000
[MODE: BIDIRECTIONAL]
[478][GREEDY] CONSEGNATO! STARLINK-32442 -> OBS | Tramission-time: 1.0629324586839321e-11
---> Task 480 (Type: CPU_Intensive) arriva in 249.04
--- [249.04] Task 480 using SearchNode Policy: v2_ilp_hybrid ---
[249.04] [Task 480] Entering ILP branch (v2)
[ε-constraint energy] sumE_B=0.496384  bound=0.546023  active=False
[ILP] res_type=dict value_preview={'stage': 'B', 'status': 'Optimal', 'primary': 'energy', 'tol': 0.1, 'opt_primary': 0.49638431059657273, 'objective_secondary': 0.26647422287550987, 'sumE': 0.4
[249.04] [Task 480] ILP chose server: STARLINK-32378
[249.04] [Task 480] Routed STARLINK-2388 -> STARLINK-32378 | E_NET=0.000021 J | Remaining=120000.00 J
[249.038] Task 480 enqueued on CPU STARLINK-32378 qlen_enqueue=1
[Task 480] Task eseguito su STARLINK-32378 29.307514396289513 degrees | CPU=0.4964J, NET=0.0000J, TOTAL=0.4964J, Remaining=119997.31J
[249.307] Task 480 served on STARLINK-32378 qlen_enqueue_cpu=1 qlen_enqueue_net=None time_in_queue=0.000
[480][GREEDY] STARLINK-32378 -> STARLINK-32442 | Tramission-time: 0.0019396553416663673
[480] Energy routing consumed by STARLINK-32378: 0.000000 J (remaining 119997.31)
[MODE: BIDIRECTIONAL]
[480][GREEDY] CONSEGNATO! STARLINK-32442 -> OBS | Tramission-time: 2.2364034931353645e-11
---> Task 481 (Type: Generic_Service) arriva in 249.58
--- [249.58] Task 481 using SearchNode Policy: v2_ilp_hybrid ---
[249.58] [Task 481] Entering ILP branch (v2)
[ε-constraint energy] sumE_B=0.397310  bound=0.437041  active=False
[ILP] res_type=dict value_preview={'stage': 'B', 'status': 'Optimal', 'primary': 'energy', 'tol': 0.1, 'opt_primary': 0.3973095507050444, 'objective_secondary': 0.21328179519236617, 'sumE': 0.39
[249.58] [Task 481] ILP chose server: STARLINK-32378
[249.58] [Task 481] Routed STARLINK-2388 -> STARLINK-32378 | E_NET=0.000007 J | Remaining=120000.00 J
[249.584] Task 481 enqueued on CPU STARLINK-32378 qlen_enqueue=1
[Task 481] Task eseguito su STARLINK-32378 29.307514396289513 degrees | CPU=0.3973J, NET=0.0000J, TOTAL=0.3973J, Remaining=119996.91J
[249.798] Task 481 served on STARLINK-32378 qlen_enqueue_cpu=1 qlen_enqueue_net=None time_in_queue=0.000
[481][GREEDY] STARLINK-32378 -> STARLINK-32442 | Tramission-time: 0.0019396553294986586
[481] Energy routing consumed by STARLINK-32378: 0.000000 J (remaining 119996.91)
[MODE: BIDIRECTIONAL]
[481][GREEDY] CONSEGNATO! STARLINK-32442 -> OBS | Tramission-time: 8.66023045641937e-12
----------------------------------------------------------------------
	||TIME IN SIMULATION : (seconds:250) (minutes: 4) ||

MODIFICA CONFIGURAZIONE IN CORSO...

Aggiornato il Tempo Globale:  2025-11-20 20:59:24
---> Task 482 (Type: Generic_Service) arriva in 250.13
--- [250.13] Task 482 using SearchNode Policy: v2_ilp_hybrid ---
[250.13] [Task 482] Entering ILP branch (v2)
[ε-constraint energy] sumE_B=0.000062  bound=0.000068  active=False
[ILP] res_type=dict value_preview={'stage': 'B', 'status': 'Optimal', 'primary': 'energy', 'tol': 0.1, 'opt_primary': 6.172979966092188e-05, 'objective_secondary': 3.548774735774883e-05, 'sumE':
[250.13] [Task 482] ILP chose server: STARLINK-32378
[250.13] [Task 482] Routed STARLINK-2388 -> STARLINK-32378 | E_NET=0.000004 J | Remaining=120000.00 J
[Task 482] REJECTED on STARLINK-32378 due to: Deadline Exceeded
[250.13] [Task 482] assignment failed on STARLINK-32378 reason=Deadline Exceeded
---> Task 483 (Type: Generic_Service) arriva in 250.34
--- [250.34] Task 483 using SearchNode Policy: v2_ilp_hybrid ---
[250.34] [Task 483] Entering ILP branch (v2)
[ε-constraint energy] sumE_B=0.092677  bound=0.101945  active=False
[ILP] res_type=dict value_preview={'stage': 'B', 'status': 'Optimal', 'primary': 'energy', 'tol': 0.1, 'opt_primary': 0.09267727865158797, 'objective_secondary': 0.04975185986651914, 'sumE': 0.0
[250.34] [Task 483] ILP chose server: STARLINK-32378
[250.34] [Task 483] Routed STARLINK-2388 -> STARLINK-32378 | E_NET=0.000004 J | Remaining=120000.00 J
[250.337] Task 483 enqueued on CPU STARLINK-32378 qlen_enqueue=1
[Task 483] Task eseguito su STARLINK-32378 29.436556342245424 degrees | CPU=0.0927J, NET=0.0000J, TOTAL=0.0927J, Remaining=119996.82J
[250.387] Task 483 served on STARLINK-32378 qlen_enqueue_cpu=1 qlen_enqueue_net=None time_in_queue=0.000
[483][GREEDY] STARLINK-32378 -> STARLINK-32442 | Tramission-time: 0.0019454117373452699
[483] Energy routing consumed by STARLINK-32378: 0.000000 J (remaining 119996.82)
---> Task 484 (Type: CPU_Intensive) arriva in 250.47
--- [250.47] Task 484 using SearchNode Policy: v2_ilp_hybrid ---
[250.47] [Task 484] Entering ILP branch (v2)
[ε-constraint energy] sumE_B=0.388735  bound=0.427609  active=False
[ILP] res_type=dict value_preview={'stage': 'B', 'status': 'Optimal', 'primary': 'energy', 'tol': 0.1, 'opt_primary': 0.3887354640209758, 'objective_secondary': 0.20868602576117237, 'sumE': 0.38
[250.47] [Task 484] ILP chose server: STARLINK-32378
[250.47] [Task 484] Routed STARLINK-2388 -> STARLINK-32378 | E_NET=0.000021 J | Remaining=120000.00 J
[250.476] Task 484 enqueued on CPU STARLINK-32378 qlen_enqueue=1
[MODE: BIDIRECTIONAL]
[483][GREEDY] CONSEGNATO! STARLINK-32442 -> OBS | Tramission-time: 3.714097184019332e-12
---> Task 485 (Type: CPU_Intensive) arriva in 250.56
--- [250.56] Task 485 using SearchNode Policy: v2_ilp_hybrid ---
[250.56] [Task 485] Entering ILP branch (v2)
[ε-constraint energy] sumE_B=0.295924  bound=0.325516  active=False
[ILP] res_type=dict value_preview={'stage': 'B', 'status': 'Optimal', 'primary': 'energy', 'tol': 0.1, 'opt_primary': 0.2959236067821292, 'objective_secondary': 0.1588573304095473, 'sumE': 0.295
[250.56] [Task 485] ILP chose server: STARLINK-31782
[250.56] [Task 485] Routed STARLINK-2388 -> STARLINK-31782 | E_NET=0.000008 J | Remaining=120000.00 J
[250.561] Task 485 enqueued on CPU STARLINK-31782 qlen_enqueue=1
---> Task 486 (Type: Generic_Service) arriva in 250.58
--- [250.58] Task 486 using SearchNode Policy: v2_ilp_hybrid ---
[250.58] [Task 486] Entering ILP branch (v2)
[ε-constraint energy] sumE_B=0.073041  bound=0.080345  active=False
[ILP] res_type=dict value_preview={'stage': 'B', 'status': 'Optimal', 'primary': 'energy', 'tol': 0.1, 'opt_primary': 0.07304103440956514, 'objective_secondary': 0.03921395247382625, 'sumE': 0.0
[250.58] [Task 486] ILP chose server: STARLINK-31702
[250.58] [Task 486] Routed STARLINK-2388 -> STARLINK-31702 | E_NET=0.000010 J | Remaining=120000.00 J
[250.585] Task 486 enqueued on CPU STARLINK-31702 qlen_enqueue=1
[Task 486] Task eseguito su STARLINK-31702 32.25591667763927 degrees | CPU=0.0730J, NET=0.0000J, TOTAL=0.0730J, Remaining=119968.61J
[250.625] Task 486 served on STARLINK-31702 qlen_enqueue_cpu=1 qlen_enqueue_net=None time_in_queue=0.000
[486][GREEDY] STARLINK-31702 -> STARLINK-2388 | Tramission-time: 0.0016041117749319705
[486] Energy routing consumed by STARLINK-31702: 0.000000 J (remaining 119968.61)
[MODE: BIDIRECTIONAL]
[486][GREEDY] CONSEGNATO! STARLINK-2388 -> OBS | Tramission-time: 8.457235022297136e-12
[Task 484] Task eseguito su STARLINK-32378 29.436556342245424 degrees | CPU=0.3887J, NET=0.0000J, TOTAL=0.3887J, Remaining=119996.43J
[250.686] Task 484 served on STARLINK-32378 qlen_enqueue_cpu=1 qlen_enqueue_net=None time_in_queue=0.000
[Task 485] Task eseguito su STARLINK-31782 63.29415696885216 degrees | CPU=0.2959J, NET=0.0000J, TOTAL=0.2959J, Remaining=119959.93J
[250.720] Task 485 served on STARLINK-31782 qlen_enqueue_cpu=1 qlen_enqueue_net=None time_in_queue=0.000
[485][GREEDY] STARLINK-31782 -> STARLINK-32442 | Tramission-time: 0.0014906546545995166
[485] Energy routing consumed by STARLINK-31782: 0.000000 J (remaining 119959.93)
[MODE: BIDIRECTIONAL]
[485][GREEDY] CONSEGNATO! STARLINK-32442 -> OBS | Tramission-time: 7.482106962123254e-12
[484][GREEDY] STARLINK-32378 -> STARLINK-32442 | Tramission-time: 0.0019454117514770555
[484] Energy routing consumed by STARLINK-32378: 0.000000 J (remaining 119996.43)
[MODE: BIDIRECTIONAL]
[484][GREEDY] CONSEGNATO! STARLINK-32442 -> OBS | Tramission-time: 1.825033454121446e-11
---> Task 487 (Type: Generic_Service) arriva in 250.91
--- [250.91] Task 487 using SearchNode Policy: v2_ilp_hybrid ---
[250.91] [Task 487] Entering ILP branch (v2)
[ε-constraint energy] sumE_B=0.148434  bound=0.163277  active=False
[ILP] res_type=dict value_preview={'stage': 'B', 'status': 'Optimal', 'primary': 'energy', 'tol': 0.1, 'opt_primary': 0.14843396843881548, 'objective_secondary': 0.0796983506037978, 'sumE': 0.14
[250.91] [Task 487] ILP chose server: STARLINK-32378
[250.91] [Task 487] Routed STARLINK-2388 -> STARLINK-32378 | E_NET=0.000033 J | Remaining=120000.00 J
[250.910] Task 487 enqueued on CPU STARLINK-32378 qlen_enqueue=1
[Task 487] Task eseguito su STARLINK-32378 29.436556342245424 degrees | CPU=0.1484J, NET=0.0000J, TOTAL=0.1484J, Remaining=119996.28J
[250.992] Task 487 served on STARLINK-32378 qlen_enqueue_cpu=1 qlen_enqueue_net=None time_in_queue=0.000
[487][GREEDY] STARLINK-32378 -> STARLINK-32442 | Tramission-time: 0.0019454117618442008
[487] Energy routing consumed by STARLINK-32378: 0.000000 J (remaining 119996.28)
[MODE: BIDIRECTIONAL]
[487][GREEDY] CONSEGNATO! STARLINK-32442 -> OBS | Tramission-time: 3.500680706088637e-11
---> Task 488 (Type: CPU_Intensive) arriva in 251.30
--- [251.30] Task 488 using SearchNode Policy: v2_ilp_hybrid ---
[251.30] [Task 488] Entering ILP branch (v2)
[ε-constraint energy] sumE_B=0.621646  bound=0.683811  active=False
[ILP] res_type=dict value_preview={'stage': 'B', 'status': 'Optimal', 'primary': 'energy', 'tol': 0.1, 'opt_primary': 0.6216461485375393, 'objective_secondary': 0.33371777926951823, 'sumE': 0.62
[251.30] [Task 488] ILP chose server: STARLINK-32378
[251.30] [Task 488] Routed STARLINK-2388 -> STARLINK-32378 | E_NET=0.000030 J | Remaining=120000.00 J
[251.302] Task 488 enqueued on CPU STARLINK-32378 qlen_enqueue=1
[Task 488] Task eseguito su STARLINK-32378 29.436556342245424 degrees | CPU=0.6216J, NET=0.0000J, TOTAL=0.6216J, Remaining=119995.66J
[251.637] Task 488 served on STARLINK-32378 qlen_enqueue_cpu=1 qlen_enqueue_net=None time_in_queue=0.000
[488][GREEDY] STARLINK-32378 -> STARLINK-32442 | Tramission-time: 0.0019454117559322233
[488] Energy routing consumed by STARLINK-32378: 0.000000 J (remaining 119995.66)
[MODE: BIDIRECTIONAL]
[488][GREEDY] CONSEGNATO! STARLINK-32442 -> OBS | Tramission-time: 2.9193928609766603e-11
---> Task 489 (Type: CPU_Intensive) arriva in 251.79
--- [251.79] Task 489 using SearchNode Policy: v2_ilp_hybrid ---
[251.79] [Task 489] Entering ILP branch (v2)
[ε-constraint energy] sumE_B=1.744374  bound=1.918812  active=False
[ILP] res_type=dict value_preview={'stage': 'B', 'status': 'Optimal', 'primary': 'energy', 'tol': 0.1, 'opt_primary': 1.744374105098053, 'objective_secondary': 0.9363980474459559, 'sumE': 1.7443
[251.79] [Task 489] ILP chose server: STARLINK-32378
[251.79] [Task 489] Routed STARLINK-2388 -> STARLINK-32378 | E_NET=0.000024 J | Remaining=120000.00 J
[251.793] Task 489 enqueued on CPU STARLINK-32378 qlen_enqueue=1
----------------------------------------------------------------------
	||TIME IN SIMULATION : (seconds:252) (minutes: 4) ||

MODIFICA CONFIGURAZIONE IN CORSO...

Aggiornato il Tempo Globale:  2025-11-20 20:59:26
---> Task 490 (Type: Generic_Service) arriva in 252.38
--- [252.38] Task 490 using SearchNode Policy: v2_ilp_hybrid ---
[252.38] [Task 490] Entering ILP branch (v2)
[ε-constraint energy] sumE_B=0.187475  bound=0.206222  active=False
[ILP] res_type=dict value_preview={'stage': 'B', 'status': 'Optimal', 'primary': 'energy', 'tol': 0.1, 'opt_primary': 0.1874745770509406, 'objective_secondary': 0.10064726014613305, 'sumE': 0.18
[252.38] [Task 490] ILP chose server: STARLINK-31782
[252.38] [Task 490] Routed STARLINK-2388 -> STARLINK-31782 | E_NET=0.000018 J | Remaining=120000.00 J
[252.383] Task 490 enqueued on CPU STARLINK-31782 qlen_enqueue=1
---> Task 491 (Type: CPU_and_Data_Intensive) arriva in 252.44
--- [252.44] Task 491 using SearchNode Policy: v2_ilp_hybrid ---
[252.44] [Task 491] Entering ILP branch (v2)
[ε-constraint energy] sumE_B=0.626738  bound=0.689412  active=False
[ILP] res_type=dict value_preview={'stage': 'B', 'status': 'Optimal', 'primary': 'energy', 'tol': 0.1, 'opt_primary': 0.6267380317433158, 'objective_secondary': 0.3365737372883599, 'sumE': 0.626
[252.44] [Task 491] ILP chose server: STARLINK-31702
[252.44] [Task 491] Routed STARLINK-2388 -> STARLINK-31702 | E_NET=0.000219 J | Remaining=120000.00 J
[252.437] Task 491 enqueued on CPU STARLINK-31702 qlen_enqueue=1
[Task 490] Task eseguito su STARLINK-31782 62.193527819504226 degrees | CPU=0.1875J, NET=0.0000J, TOTAL=0.1875J, Remaining=119959.75J
[252.485] Task 490 served on STARLINK-31782 qlen_enqueue_cpu=1 qlen_enqueue_net=None time_in_queue=0.000
[490][GREEDY] STARLINK-31782 -> STARLINK-32442 | Tramission-time: 0.0015116265190896318
[490] Energy routing consumed by STARLINK-31782: 0.000000 J (remaining 119959.75)
[MODE: BIDIRECTIONAL]
[490][GREEDY] CONSEGNATO! STARLINK-32442 -> OBS | Tramission-time: 1.5268128629791532e-11
---> Task 492 (Type: CPU_and_Data_Intensive) arriva in 252.72
--- [252.72] Task 492 using SearchNode Policy: v2_ilp_hybrid ---
[252.72] [Task 492] Entering ILP branch (v2)
[ε-constraint energy] sumE_B=0.146070  bound=0.160677  active=False
[ILP] res_type=dict value_preview={'stage': 'B', 'status': 'Optimal', 'primary': 'energy', 'tol': 0.1, 'opt_primary': 0.14606999355962225, 'objective_secondary': 0.14425588138171078, 'sumE': 0.1
[252.72] [Task 492] ILP chose server: STARLINK-31782
[252.72] [Task 492] Routed STARLINK-2388 -> STARLINK-31782 | E_NET=0.113846 J | Remaining=119999.89 J
[Task 489] Task eseguito su STARLINK-32378 29.55614648394316 degrees | CPU=1.7443J, NET=0.0000J, TOTAL=1.7444J, Remaining=119993.92J
[252.731] Task 489 served on STARLINK-32378 qlen_enqueue_cpu=1 qlen_enqueue_net=None time_in_queue=0.000
[489][GREEDY] STARLINK-32378 -> STARLINK-32442 | Tramission-time: 0.0019511589521164002
[489] Energy routing consumed by STARLINK-32378: 0.000000 J (remaining 119993.92)
[252.773] Task 491 enqueued on NET STARLINK-31702 qlen_enqueue_net=1
[Task 491] Task eseguito su STARLINK-31702 31.763111596506004 degrees | CPU=0.6264J, NET=0.0002J, TOTAL=0.6267J, Remaining=119967.99J
[252.774] Task 491 served on STARLINK-31702 qlen_enqueue_cpu=1 qlen_enqueue_net=1 time_in_queue=0.000
[252.832] Task 492 enqueued on CPU STARLINK-31782 qlen_enqueue=1
[252.834] Task 492 enqueued on NET STARLINK-31782 qlen_enqueue_net=1
[491][GREEDY] STARLINK-31702 -> STARLINK-2388 | Tramission-time: 0.0016365053244716012
[491] Energy routing consumed by STARLINK-31702: 0.000000 J (remaining 119967.99)
[MODE: BIDIRECTIONAL]
[489][GREEDY] CONSEGNATO! STARLINK-32442 -> OBS | Tramission-time: 2.6817172264079944e-11
[MODE: BIDIRECTIONAL]
[491][GREEDY] CONSEGNATO! STARLINK-2388 -> OBS | Tramission-time: 2.4395670028878104e-10
[Task 492] Task eseguito su STARLINK-31782 62.193527819504226 degrees | CPU=0.0039J, NET=0.1138J, TOTAL=0.1178J, Remaining=119959.63J
[252.948] Task 492 served on STARLINK-31782 qlen_enqueue_cpu=1 qlen_enqueue_net=1 time_in_queue=0.000
[492][GREEDY] STARLINK-31782 -> STARLINK-32442 | Tramission-time: 0.0015117237911626404
[492] Energy routing consumed by STARLINK-31782: 0.000000 J (remaining 119959.63)
[MODE: BIDIRECTIONAL]
[492][GREEDY] CONSEGNATO! STARLINK-32442 -> OBS | Tramission-time: 1.3321366296017033e-07
---> Task 493 (Type: CPU_and_Data_Intensive) arriva in 253.70
--- [253.70] Task 493 using SearchNode Policy: v2_ilp_hybrid ---
[253.70] [Task 493] Entering ILP branch (v2)
[ε-constraint energy] sumE_B=2.095977  bound=2.305575  active=False
[ILP] res_type=dict value_preview={'stage': 'B', 'status': 'Optimal', 'primary': 'energy', 'tol': 0.1, 'opt_primary': 2.0959773227049596, 'objective_secondary': 1.1538562388278581, 'sumE': 2.095
[253.70] [Task 493] ILP chose server: STARLINK-11724 [DTC]
[253.70] [Task 493] Routed STARLINK-5794 -> STARLINK-11724 [DTC] | E_NET=0.047914 J | Remaining=119999.89 J
[253.749] Task 493 enqueued on CPU STARLINK-11724 [DTC] qlen_enqueue=1
----------------------------------------------------------------------
	||TIME IN SIMULATION : (seconds:254) (minutes: 4) ||

MODIFICA CONFIGURAZIONE IN CORSO...

Aggiornato il Tempo Globale:  2025-11-20 20:59:28
---> Task 494 (Type: CPU_Intensive) arriva in 254.42
--- [254.42] Task 494 using SearchNode Policy: v2_ilp_hybrid ---
[254.42] [Task 494] Entering ILP branch (v2)
[ε-constraint energy] sumE_B=0.353963  bound=0.389359  active=False
[ILP] res_type=dict value_preview={'stage': 'B', 'status': 'Optimal', 'primary': 'energy', 'tol': 0.1, 'opt_primary': 0.3539629361943812, 'objective_secondary': 0.19001401881329733, 'sumE': 0.35
[254.42] [Task 494] ILP chose server: STARLINK-2647
[254.42] [Task 494] Routed STARLINK-11187 [DTC] -> STARLINK-2647 | E_NET=0.000011 J | Remaining=120000.00 J
[254.425] Task 494 enqueued on CPU STARLINK-2647 qlen_enqueue=1
[Task 494] Task eseguito su STARLINK-2647 68.82566683149432 degrees | CPU=0.3540J, NET=0.0000J, TOTAL=0.3540J, Remaining=119999.48J
[254.616] Task 494 served on STARLINK-2647 qlen_enqueue_cpu=1 qlen_enqueue_net=None time_in_queue=0.000
[MODE: BIDIRECTIONAL]
[494][GREEDY] CONSEGNATO! STARLINK-2647 -> OBS | Tramission-time: 9.451638247950065e-12
[254.841] Task 493 enqueued on NET STARLINK-11724 [DTC] qlen_enqueue_net=1
[Task 493] Task eseguito su STARLINK-11724 [DTC] 53.301058658870424 degrees | CPU=2.0340J, NET=0.0479J, TOTAL=2.0819J, Remaining=119997.59J
[254.889] Task 493 served on STARLINK-11724 [DTC] qlen_enqueue_cpu=1 qlen_enqueue_net=1 time_in_queue=0.000
[493][GREEDY] STARLINK-11724 [DTC] -> STARLINK-32442 | Tramission-time: 0.0011401987186684323
[493] Energy routing consumed by STARLINK-11724 [DTC]: 0.000000 J (remaining 119997.59)
---> Task 495 (Type: CPU_Intensive) arriva in 254.98
--- [254.98] Task 495 using SearchNode Policy: v2_ilp_hybrid ---
[254.98] [Task 495] Entering ILP branch (v2)
[ε-constraint energy] sumE_B=0.349871  bound=0.384858  active=False
[ILP] res_type=dict value_preview={'stage': 'B', 'status': 'Optimal', 'primary': 'energy', 'tol': 0.1, 'opt_primary': 0.3498713483172619, 'objective_secondary': 0.1878296389282314, 'sumE': 0.349
[254.98] [Task 495] ILP chose server: STARLINK-11724 [DTC]
[254.98] [Task 495] Routed STARLINK-11187 [DTC] -> STARLINK-11724 [DTC] | E_NET=0.000028 J | Remaining=120000.00 J
[254.987] Task 495 enqueued on CPU STARLINK-11724 [DTC] qlen_enqueue=1
[MODE: BIDIRECTIONAL]
[493][GREEDY] CONSEGNATO! STARLINK-32442 -> OBS | Tramission-time: 5.858033487713582e-08
[Task 495] Task eseguito su STARLINK-11724 [DTC] 53.301058658870424 degrees | CPU=0.3498J, NET=0.0000J, TOTAL=0.3499J, Remaining=119997.24J
[255.177] Task 495 served on STARLINK-11724 [DTC] qlen_enqueue_cpu=1 qlen_enqueue_net=None time_in_queue=0.000
[495][GREEDY] STARLINK-11724 [DTC] -> STARLINK-32442 | Tramission-time: 0.0011401564827148607
[495] Energy routing consumed by STARLINK-11724 [DTC]: 0.000000 J (remaining 119997.24)
[MODE: BIDIRECTIONAL]
[495][GREEDY] CONSEGNATO! STARLINK-32442 -> OBS | Tramission-time: 2.961505277544363e-11
---> Task 496 (Type: CPU_Intensive) arriva in 255.79
--- [255.79] Task 496 using SearchNode Policy: v2_ilp_hybrid ---
[255.79] [Task 496] Entering ILP branch (v2)
[ε-constraint energy] sumE_B=0.560418  bound=0.616460  active=False
[ILP] res_type=dict value_preview={'stage': 'B', 'status': 'Optimal', 'primary': 'energy', 'tol': 0.1, 'opt_primary': 0.5604183000239104, 'objective_secondary': 0.3008527289310916, 'sumE': 0.560
[255.79] [Task 496] ILP chose server: STARLINK-11724 [DTC]
[255.79] [Task 496] Routed STARLINK-11187 [DTC] -> STARLINK-11724 [DTC] | E_NET=0.000030 J | Remaining=120000.00 J
[255.794] Task 496 enqueued on CPU STARLINK-11724 [DTC] qlen_enqueue=1
----------------------------------------------------------------------
	||TIME IN SIMULATION : (seconds:256) (minutes: 4) ||

MODIFICA CONFIGURAZIONE IN CORSO...

Aggiornato il Tempo Globale:  2025-11-20 20:59:30
[Task 496] Task eseguito su STARLINK-11724 [DTC] 52.70672500476036 degrees | CPU=0.5604J, NET=0.0000J, TOTAL=0.5604J, Remaining=119996.68J
[256.098] Task 496 served on STARLINK-11724 [DTC] qlen_enqueue_cpu=1 qlen_enqueue_net=None time_in_queue=0.000
[496][GREEDY] STARLINK-11724 [DTC] -> STARLINK-32442 | Tramission-time: 0.0011356002841159793
[496] Energy routing consumed by STARLINK-11724 [DTC]: 0.000000 J (remaining 119996.68)
[MODE: BIDIRECTIONAL]
[496][GREEDY] CONSEGNATO! STARLINK-32442 -> OBS | Tramission-time: 3.7521218173982464e-11
---> Task 497 (Type: CPU_and_Data_Intensive) arriva in 256.87
--- [256.87] Task 497 using SearchNode Policy: v2_ilp_hybrid ---
[256.87] [Task 497] Entering ILP branch (v2)
[ε-constraint energy] sumE_B=0.393809  bound=0.433190  active=False
[ILP] res_type=dict value_preview={'stage': 'B', 'status': 'Optimal', 'primary': 'energy', 'tol': 0.1, 'opt_primary': 0.393809248425092, 'objective_secondary': 0.21565874904225923, 'sumE': 0.393
[256.87] [Task 497] ILP chose server: STARLINK-11724 [DTC]
[256.87] [Task 497] Routed STARLINK-11187 [DTC] -> STARLINK-11724 [DTC] | E_NET=0.007430 J | Remaining=119999.99 J
[256.883] Task 497 enqueued on CPU STARLINK-11724 [DTC] qlen_enqueue=1
---> Task 498 (Type: CPU_Intensive) arriva in 257.08
--- [257.08] Task 498 using SearchNode Policy: v2_ilp_hybrid ---
[257.08] [Task 498] Entering ILP branch (v2)
[ε-constraint energy] sumE_B=0.923338  bound=1.015671  active=False
[ILP] res_type=dict value_preview={'stage': 'B', 'status': 'Optimal', 'primary': 'energy', 'tol': 0.1, 'opt_primary': 0.9233377187260312, 'objective_secondary': 0.49565871967186714, 'sumE': 0.92
[257.08] [Task 498] ILP chose server: STARLINK-2647
[257.08] [Task 498] Routed STARLINK-11187 [DTC] -> STARLINK-2647 | E_NET=0.000015 J | Remaining=119999.99 J
[257.076] Task 498 enqueued on CPU STARLINK-2647 qlen_enqueue=1
[257.090] Task 497 enqueued on NET STARLINK-11724 [DTC] qlen_enqueue_net=1
[Task 497] Task eseguito su STARLINK-11724 [DTC] 52.70672500476036 degrees | CPU=0.3846J, NET=0.0074J, TOTAL=0.3920J, Remaining=119996.29J
[257.097] Task 497 served on STARLINK-11724 [DTC] qlen_enqueue_cpu=1 qlen_enqueue_net=1 time_in_queue=0.000
[497][GREEDY] STARLINK-11724 [DTC] -> STARLINK-32442 | Tramission-time: 0.001135606903097811
[497] Energy routing consumed by STARLINK-11724 [DTC]: 0.000000 J (remaining 119996.29)
[MODE: BIDIRECTIONAL]
[497][GREEDY] CONSEGNATO! STARLINK-32442 -> OBS | Tramission-time: 8.287147947147549e-09
[Task 498] Task eseguito su STARLINK-2647 70.17184476608303 degrees | CPU=0.9233J, NET=0.0000J, TOTAL=0.9233J, Remaining=119998.56J
[257.573] Task 498 served on STARLINK-2647 qlen_enqueue_cpu=1 qlen_enqueue_net=None time_in_queue=0.000
[MODE: BIDIRECTIONAL]
[498][GREEDY] CONSEGNATO! STARLINK-2647 -> OBS | Tramission-time: 1.569668154460913e-11
---> Task 499 (Type: CPU_Intensive) arriva in 257.67
--- [257.67] Task 499 using SearchNode Policy: v2_ilp_hybrid ---
[257.67] [Task 499] Entering ILP branch (v2)
[ε-constraint energy] sumE_B=1.019321  bound=1.121253  active=False
[ILP] res_type=dict value_preview={'stage': 'B', 'status': 'Optimal', 'primary': 'energy', 'tol': 0.1, 'opt_primary': 1.0193211223226402, 'objective_secondary': 0.5471807654172032, 'sumE': 1.019
[257.67] [Task 499] ILP chose server: STARLINK-11724 [DTC]
[257.67] [Task 499] Routed STARLINK-11187 [DTC] -> STARLINK-11724 [DTC] | E_NET=0.000011 J | Remaining=119999.99 J
[257.673] Task 499 enqueued on CPU STARLINK-11724 [DTC] qlen_enqueue=1
----------------------------------------------------------------------
	||TIME IN SIMULATION : (seconds:258) (minutes: 4) ||

MODIFICA CONFIGURAZIONE IN CORSO...

Aggiornato il Tempo Globale:  2025-11-20 20:59:32
---> Task 500 (Type: Generic_Service) arriva in 258.02
--- [258.02] Task 500 using SearchNode Policy: v2_ilp_hybrid ---
[258.02] [Task 500] Entering ILP branch (v2)
[ε-constraint energy] sumE_B=0.270067  bound=0.297074  active=False
[ILP] res_type=dict value_preview={'stage': 'B', 'status': 'Optimal', 'primary': 'energy', 'tol': 0.1, 'opt_primary': 0.27006697427780957, 'objective_secondary': 0.1449852835728916, 'sumE': 0.27
[258.02] [Task 500] ILP chose server: STARLINK-2647
[258.02] [Task 500] Routed STARLINK-11187 [DTC] -> STARLINK-2647 | E_NET=0.000020 J | Remaining=119999.99 J
[258.016] Task 500 enqueued on CPU STARLINK-2647 qlen_enqueue=1
[Task 500] Task eseguito su STARLINK-2647 71.53727446207378 degrees | CPU=0.2700J, NET=0.0000J, TOTAL=0.2701J, Remaining=119998.29J
[258.163] Task 500 served on STARLINK-2647 qlen_enqueue_cpu=1 qlen_enqueue_net=None time_in_queue=0.000
[Task 499] Task eseguito su STARLINK-11724 [DTC] 52.050782909870584 degrees | CPU=1.0193J, NET=0.0000J, TOTAL=1.0193J, Remaining=119995.27J
[258.221] Task 499 served on STARLINK-11724 [DTC] qlen_enqueue_cpu=1 qlen_enqueue_net=None time_in_queue=0.000
---> Task 501 (Type: Generic_Service) arriva in 258.24
--- [258.24] Task 501 using SearchNode Policy: v2_ilp_hybrid ---
[258.24] [Task 501] Entering ILP branch (v2)
[ε-constraint energy] sumE_B=0.108198  bound=0.119017  active=False
[ILP] res_type=dict value_preview={'stage': 'B', 'status': 'Optimal', 'primary': 'energy', 'tol': 0.1, 'opt_primary': 0.10819756577209742, 'objective_secondary': 0.05809574780525251, 'sumE': 0.1
[258.24] [Task 501] ILP chose server: STARLINK-11724 [DTC]
[258.24] [Task 501] Routed STARLINK-11187 [DTC] -> STARLINK-11724 [DTC] | E_NET=0.000022 J | Remaining=119999.99 J
[258.246] Task 501 enqueued on CPU STARLINK-11724 [DTC] qlen_enqueue=1
[MODE: BIDIRECTIONAL]
[500][GREEDY] CONSEGNATO! STARLINK-2647 -> OBS | Tramission-time: 2.042026116718496e-11
[499][GREEDY] STARLINK-11724 [DTC] -> STARLINK-32442 | Tramission-time: 0.001131297583038116
[499] Energy routing consumed by STARLINK-11724 [DTC]: 0.000000 J (remaining 119995.27)
---> Task 502 (Type: Generic_Service) arriva in 258.26
--- [258.26] Task 502 using SearchNode Policy: v2_ilp_hybrid ---
[258.26] [Task 502] Entering ILP branch (v2)
[ε-constraint energy] sumE_B=0.086990  bound=0.095689  active=False
[ILP] res_type=dict value_preview={'stage': 'B', 'status': 'Optimal', 'primary': 'energy', 'tol': 0.1, 'opt_primary': 0.08698974744875865, 'objective_secondary': 0.04670959339860209, 'sumE': 0.0
[258.26] [Task 502] ILP chose server: STARLINK-2647
[258.26] [Task 502] Routed STARLINK-11187 [DTC] -> STARLINK-2647 | E_NET=0.000021 J | Remaining=119999.99 J
[258.263] Task 502 enqueued on CPU STARLINK-2647 qlen_enqueue=1
[Task 501] Task eseguito su STARLINK-11724 [DTC] 52.050782909870584 degrees | CPU=0.1082J, NET=0.0000J, TOTAL=0.1082J, Remaining=119995.16J
[258.306] Task 501 served on STARLINK-11724 [DTC] qlen_enqueue_cpu=1 qlen_enqueue_net=None time_in_queue=0.000
[Task 502] Task eseguito su STARLINK-2647 71.53727446207378 degrees | CPU=0.0870J, NET=0.0000J, TOTAL=0.0870J, Remaining=119998.20J
[258.311] Task 502 served on STARLINK-2647 qlen_enqueue_cpu=1 qlen_enqueue_net=None time_in_queue=0.000
[MODE: BIDIRECTIONAL]
[502][GREEDY] CONSEGNATO! STARLINK-2647 -> OBS | Tramission-time: 2.4052104008915214e-11
[MODE: BIDIRECTIONAL]
[499][GREEDY] CONSEGNATO! STARLINK-32442 -> OBS | Tramission-time: 1.2102091658191926e-11
[501][GREEDY] STARLINK-11724 [DTC] -> STARLINK-32442 | Tramission-time: 0.0011312975960102464
[501] Energy routing consumed by STARLINK-11724 [DTC]: 0.000000 J (remaining 119995.16)
---> Task 503 (Type: CPU_Intensive) arriva in 258.39
--- [258.39] Task 503 using SearchNode Policy: v2_ilp_hybrid ---
[258.39] [Task 503] Entering ILP branch (v2)
[ε-constraint energy] sumE_B=3.443935  bound=3.788328  active=False
[ILP] res_type=dict value_preview={'stage': 'B', 'status': 'Optimal', 'primary': 'energy', 'tol': 0.1, 'opt_primary': 3.4439347863328105, 'objective_secondary': 1.848717146568374, 'sumE': 3.4439
[258.39] [Task 503] ILP chose server: STARLINK-11724 [DTC]
[258.39] [Task 503] Routed STARLINK-11187 [DTC] -> STARLINK-11724 [DTC] | E_NET=0.000006 J | Remaining=119999.99 J
[258.395] Task 503 enqueued on CPU STARLINK-11724 [DTC] qlen_enqueue=1
[MODE: BIDIRECTIONAL]
[501][GREEDY] CONSEGNATO! STARLINK-32442 -> OBS | Tramission-time: 2.6431701291029875e-11
---> Task 504 (Type: Generic_Service) arriva in 259.07
--- [259.07] Task 504 using SearchNode Policy: v2_ilp_hybrid ---
[259.07] [Task 504] Entering ILP branch (v2)
[ε-constraint energy] sumE_B=0.013536  bound=0.014889  active=False
[ILP] res_type=dict value_preview={'stage': 'B', 'status': 'Optimal', 'primary': 'energy', 'tol': 0.1, 'opt_primary': 0.013535795896093557, 'objective_secondary': 0.007275591746448766, 'sumE': 0
[259.07] [Task 504] ILP chose server: STARLINK-2647
[259.07] [Task 504] Routed STARLINK-11187 [DTC] -> STARLINK-2647 | E_NET=0.000015 J | Remaining=119999.99 J
[259.068] Task 504 enqueued on CPU STARLINK-2647 qlen_enqueue=1
[Task 504] Task eseguito su STARLINK-2647 71.53727446207378 degrees | CPU=0.0135J, NET=0.0000J, TOTAL=0.0135J, Remaining=119998.19J
[259.077] Task 504 served on STARLINK-2647 qlen_enqueue_cpu=1 qlen_enqueue_net=None time_in_queue=0.000
[MODE: BIDIRECTIONAL]
[504][GREEDY] CONSEGNATO! STARLINK-2647 -> OBS | Tramission-time: 1.567856488080929e-11
----------------------------------------------------------------------
	||TIME IN SIMULATION : (seconds:260) (minutes: 4) ||

MODIFICA CONFIGURAZIONE IN CORSO...

Aggiornato il Tempo Globale:  2025-11-20 20:59:34
---> Task 505 (Type: CPU_Intensive) arriva in 260.06
--- [260.06] Task 505 using SearchNode Policy: v2_ilp_hybrid ---
[260.06] [Task 505] Entering ILP branch (v2)
[ε-constraint energy] sumE_B=0.886164  bound=0.974781  active=False
[ILP] res_type=dict value_preview={'stage': 'B', 'status': 'Optimal', 'primary': 'energy', 'tol': 0.1, 'opt_primary': 0.8861643481768431, 'objective_secondary': 0.47569938892640723, 'sumE': 0.88
[260.06] [Task 505] ILP chose server: STARLINK-2647
[260.06] [Task 505] Routed STARLINK-11187 [DTC] -> STARLINK-2647 | E_NET=0.000006 J | Remaining=119999.99 J
[260.059] Task 505 enqueued on CPU STARLINK-2647 qlen_enqueue=1
[Task 503] Task eseguito su STARLINK-11724 [DTC] 51.340954640290704 degrees | CPU=3.4439J, NET=0.0000J, TOTAL=3.4439J, Remaining=119991.72J
[260.244] Task 503 served on STARLINK-11724 [DTC] qlen_enqueue_cpu=1 qlen_enqueue_net=None time_in_queue=0.000
[503][GREEDY] STARLINK-11724 [DTC] -> STARLINK-32442 | Tramission-time: 0.0011272514220745176
[503] Energy routing consumed by STARLINK-11724 [DTC]: 0.000000 J (remaining 119991.72)
---> Task 506 (Type: Generic_Service) arriva in 260.31
--- [260.31] Task 506 using SearchNode Policy: v2_ilp_hybrid ---
[260.31] [Task 506] Entering ILP branch (v2)
[ε-constraint energy] sumE_B=0.015059  bound=0.016565  active=False
[ILP] res_type=dict value_preview={'stage': 'B', 'status': 'Optimal', 'primary': 'energy', 'tol': 0.1, 'opt_primary': 0.015059432116753344, 'objective_secondary': 0.008091815233227734, 'sumE': 0
[260.31] [Task 506] ILP chose server: STARLINK-11724 [DTC]
[260.31] [Task 506] Routed STARLINK-11187 [DTC] -> STARLINK-11724 [DTC] | E_NET=0.000016 J | Remaining=119999.99 J
[260.313] Task 506 enqueued on CPU STARLINK-11724 [DTC] qlen_enqueue=1
[Task 506] Task eseguito su STARLINK-11724 [DTC] 51.340954640290704 degrees | CPU=0.0150J, NET=0.0000J, TOTAL=0.0151J, Remaining=119991.71J
[260.322] Task 506 served on STARLINK-11724 [DTC] qlen_enqueue_cpu=1 qlen_enqueue_net=None time_in_queue=0.000
[MODE: BIDIRECTIONAL]
[503][GREEDY] CONSEGNATO! STARLINK-32442 -> OBS | Tramission-time: 8.079754181701186e-12
[506][GREEDY] STARLINK-11724 [DTC] -> STARLINK-32442 | Tramission-time: 0.0011272514277573377
[506] Energy routing consumed by STARLINK-11724 [DTC]: 0.000000 J (remaining 119991.71)
[MODE: BIDIRECTIONAL]
[506][GREEDY] CONSEGNATO! STARLINK-32442 -> OBS | Tramission-time: 1.2014112903291069e-11
---> Task 507 (Type: CPU_Intensive) arriva in 260.48
--- [260.48] Task 507 using SearchNode Policy: v2_ilp_hybrid ---
[260.48] [Task 507] Entering ILP branch (v2)
[ε-constraint energy] sumE_B=0.780496  bound=0.858546  active=False
[ILP] res_type=dict value_preview={'stage': 'B', 'status': 'Optimal', 'primary': 'energy', 'tol': 0.1, 'opt_primary': 0.7804960078833095, 'objective_secondary': 0.41899018585694425, 'sumE': 0.78
[260.48] [Task 507] ILP chose server: STARLINK-11724 [DTC]
[260.48] [Task 507] Routed STARLINK-11187 [DTC] -> STARLINK-11724 [DTC] | E_NET=0.000037 J | Remaining=119999.99 J
[260.480] Task 507 enqueued on CPU STARLINK-11724 [DTC] qlen_enqueue=1
[Task 505] Task eseguito su STARLINK-2647 72.92075223568077 degrees | CPU=0.8862J, NET=0.0000J, TOTAL=0.8862J, Remaining=119997.30J
[260.535] Task 505 served on STARLINK-2647 qlen_enqueue_cpu=1 qlen_enqueue_net=None time_in_queue=0.000
[MODE: BIDIRECTIONAL]
[505][GREEDY] CONSEGNATO! STARLINK-2647 -> OBS | Tramission-time: 6.583955885069717e-12
[Task 507] Task eseguito su STARLINK-11724 [DTC] 51.340954640290704 degrees | CPU=0.7805J, NET=0.0000J, TOTAL=0.7805J, Remaining=119990.92J
[260.902] Task 507 served on STARLINK-11724 [DTC] qlen_enqueue_cpu=1 qlen_enqueue_net=None time_in_queue=0.000
---> Task 508 (Type: Generic_Service) arriva in 260.96
--- [260.96] Task 508 using SearchNode Policy: v2_ilp_hybrid ---
[260.96] [Task 508] Entering ILP branch (v2)
[ε-constraint energy] sumE_B=0.059347  bound=0.065282  active=False
[ILP] res_type=dict value_preview={'stage': 'B', 'status': 'Optimal', 'primary': 'energy', 'tol': 0.1, 'opt_primary': 0.05934711425084304, 'objective_secondary': 0.031873937386018215, 'sumE': 0.
[260.96] [Task 508] ILP chose server: STARLINK-11724 [DTC]
[260.96] [Task 508] Routed STARLINK-11187 [DTC] -> STARLINK-11724 [DTC] | E_NET=0.000034 J | Remaining=119999.99 J
[507][GREEDY] STARLINK-11724 [DTC] -> STARLINK-32442 | Tramission-time: 0.0011272514446500654
[507] Energy routing consumed by STARLINK-11724 [DTC]: 0.000000 J (remaining 119990.92)
[260.965] Task 508 enqueued on CPU STARLINK-11724 [DTC] qlen_enqueue=1
[Task 508] Task eseguito su STARLINK-11724 [DTC] 51.340954640290704 degrees | CPU=0.0593J, NET=0.0000J, TOTAL=0.0593J, Remaining=119990.87J
[260.999] Task 508 served on STARLINK-11724 [DTC] qlen_enqueue_cpu=1 qlen_enqueue_net=None time_in_queue=0.000
[MODE: BIDIRECTIONAL]
[507][GREEDY] CONSEGNATO! STARLINK-32442 -> OBS | Tramission-time: 2.9103263371100912e-11
[508][GREEDY] STARLINK-11724 [DTC] -> STARLINK-32442 | Tramission-time: 0.001127251445657295
[508] Energy routing consumed by STARLINK-11724 [DTC]: 0.000000 J (remaining 119990.87)
[MODE: BIDIRECTIONAL]
[508][GREEDY] CONSEGNATO! STARLINK-32442 -> OBS | Tramission-time: 2.8150246114173967e-11
---> Task 509 (Type: Generic_Service) arriva in 261.20
--- [261.20] Task 509 using SearchNode Policy: v2_ilp_hybrid ---
[261.20] [Task 509] Entering ILP branch (v2)
[ε-constraint energy] sumE_B=0.165881  bound=0.182469  active=False
[ILP] res_type=dict value_preview={'stage': 'B', 'status': 'Optimal', 'primary': 'energy', 'tol': 0.1, 'opt_primary': 0.16588123328538712, 'objective_secondary': 0.08904803357023852, 'sumE': 0.1
[261.20] [Task 509] ILP chose server: STARLINK-11724 [DTC]
[261.20] [Task 509] Routed STARLINK-11187 [DTC] -> STARLINK-11724 [DTC] | E_NET=0.000005 J | Remaining=119999.99 J
[261.202] Task 509 enqueued on CPU STARLINK-11724 [DTC] qlen_enqueue=1
[Task 509] Task eseguito su STARLINK-11724 [DTC] 51.340954640290704 degrees | CPU=0.1659J, NET=0.0000J, TOTAL=0.1659J, Remaining=119990.70J
[261.292] Task 509 served on STARLINK-11724 [DTC] qlen_enqueue_cpu=1 qlen_enqueue_net=None time_in_queue=0.000
[509][GREEDY] STARLINK-11724 [DTC] -> STARLINK-32442 | Tramission-time: 0.0011272514205486115
[509] Energy routing consumed by STARLINK-11724 [DTC]: 0.000000 J (remaining 119990.70)
[MODE: BIDIRECTIONAL]
[509][GREEDY] CONSEGNATO! STARLINK-32442 -> OBS | Tramission-time: 3.710570635608701e-12
---> Task 510 (Type: Generic_Service) arriva in 261.48
--- [261.48] Task 510 using SearchNode Policy: v2_ilp_hybrid ---
[261.48] [Task 510] Entering ILP branch (v2)
[ε-constraint energy] sumE_B=0.048256  bound=0.053081  active=False
[ILP] res_type=dict value_preview={'stage': 'B', 'status': 'Optimal', 'primary': 'energy', 'tol': 0.1, 'opt_primary': 0.04825590392472419, 'objective_secondary': 0.025920533639780873, 'sumE': 0.
[261.48] [Task 510] ILP chose server: STARLINK-11724 [DTC]
[261.48] [Task 510] Routed STARLINK-11187 [DTC] -> STARLINK-11724 [DTC] | E_NET=0.000034 J | Remaining=119999.99 J
[261.484] Task 510 enqueued on CPU STARLINK-11724 [DTC] qlen_enqueue=1
[Task 510] Task eseguito su STARLINK-11724 [DTC] 51.340954640290704 degrees | CPU=0.0482J, NET=0.0000J, TOTAL=0.0483J, Remaining=119990.65J
[261.512] Task 510 served on STARLINK-11724 [DTC] qlen_enqueue_cpu=1 qlen_enqueue_net=None time_in_queue=0.000
[510][GREEDY] STARLINK-11724 [DTC] -> STARLINK-32442 | Tramission-time: 0.0011272514478870576
[510] Energy routing consumed by STARLINK-11724 [DTC]: 0.000000 J (remaining 119990.65)
[MODE: BIDIRECTIONAL]
[510][GREEDY] CONSEGNATO! STARLINK-32442 -> OBS | Tramission-time: 2.973854276206119e-11
----------------------------------------------------------------------
	||TIME IN SIMULATION : (seconds:262) (minutes: 4) ||

MODIFICA CONFIGURAZIONE IN CORSO...

Aggiornato il Tempo Globale:  2025-11-20 20:59:36
---> Task 511 (Type: CPU_Intensive) arriva in 262.05
--- [262.05] Task 511 using SearchNode Policy: v2_ilp_hybrid ---
[262.05] [Task 511] Entering ILP branch (v2)
[ε-constraint energy] sumE_B=0.430394  bound=0.473434  active=False
[ILP] res_type=dict value_preview={'stage': 'B', 'status': 'Optimal', 'primary': 'energy', 'tol': 0.1, 'opt_primary': 0.4303944173647276, 'objective_secondary': 0.23104924359858964, 'sumE': 0.43
[262.05] [Task 511] ILP chose server: STARLINK-2647
[262.05] [Task 511] Routed STARLINK-11187 [DTC] -> STARLINK-2647 | E_NET=0.000021 J | Remaining=119999.99 J
[262.050] Task 511 enqueued on CPU STARLINK-2647 qlen_enqueue=1
[Task 511] Task eseguito su STARLINK-2647 74.32085824079907 degrees | CPU=0.4304J, NET=0.0000J, TOTAL=0.4304J, Remaining=119996.87J
[262.283] Task 511 served on STARLINK-2647 qlen_enqueue_cpu=1 qlen_enqueue_net=None time_in_queue=0.000
[MODE: BIDIRECTIONAL]
[511][GREEDY] CONSEGNATO! STARLINK-2647 -> OBS | Tramission-time: 2.2874640239486072e-11
---> Task 512 (Type: Generic_Service) arriva in 262.55
--- [262.55] Task 512 using SearchNode Policy: v2_ilp_hybrid ---
[262.55] [Task 512] Entering ILP branch (v2)
[ε-constraint energy] sumE_B=0.093536  bound=0.102890  active=False
[ILP] res_type=dict value_preview={'stage': 'B', 'status': 'Optimal', 'primary': 'energy', 'tol': 0.1, 'opt_primary': 0.09353632919549619, 'objective_secondary': 0.050216333525571304, 'sumE': 0.
[262.55] [Task 512] ILP chose server: STARLINK-2647
[262.55] [Task 512] Routed STARLINK-11187 [DTC] -> STARLINK-2647 | E_NET=0.000010 J | Remaining=119999.99 J
[262.547] Task 512 enqueued on CPU STARLINK-2647 qlen_enqueue=1
[Task 512] Task eseguito su STARLINK-2647 74.32085824079907 degrees | CPU=0.0935J, NET=0.0000J, TOTAL=0.0935J, Remaining=119996.78J
[262.598] Task 512 served on STARLINK-2647 qlen_enqueue_cpu=1 qlen_enqueue_net=None time_in_queue=0.000
[MODE: BIDIRECTIONAL]
[512][GREEDY] CONSEGNATO! STARLINK-2647 -> OBS | Tramission-time: 8.332956113704618e-12
---> Task 513 (Type: Generic_Service) arriva in 262.99
--- [262.99] Task 513 using SearchNode Policy: v2_ilp_hybrid ---
[262.99] [Task 513] Entering ILP branch (v2)
[ε-constraint energy] sumE_B=0.068918  bound=0.075810  active=False
[ILP] res_type=dict value_preview={'stage': 'B', 'status': 'Optimal', 'primary': 'energy', 'tol': 0.1, 'opt_primary': 0.06891812468267633, 'objective_secondary': 0.0370134975652975, 'sumE': 0.06
[262.99] [Task 513] ILP chose server: STARLINK-2647
[262.99] [Task 513] Routed STARLINK-11187 [DTC] -> STARLINK-2647 | E_NET=0.000031 J | Remaining=119999.99 J
[262.990] Task 513 enqueued on CPU STARLINK-2647 qlen_enqueue=1
[Task 513] Task eseguito su STARLINK-2647 74.32085824079907 degrees | CPU=0.0689J, NET=0.0000J, TOTAL=0.0689J, Remaining=119996.71J
[263.029] Task 513 served on STARLINK-2647 qlen_enqueue_cpu=1 qlen_enqueue_net=None time_in_queue=0.000
[MODE: BIDIRECTIONAL]
[513][GREEDY] CONSEGNATO! STARLINK-2647 -> OBS | Tramission-time: 2.8029548266017395e-11
----------------------------------------------------------------------
	||TIME IN SIMULATION : (seconds:264) (minutes: 4) ||

MODIFICA CONFIGURAZIONE IN CORSO...

Aggiornato il Tempo Globale:  2025-11-20 20:59:38
---> Task 514 (Type: Generic_Service) arriva in 264.53
--- [264.53] Task 514 using SearchNode Policy: v2_ilp_hybrid ---
[264.53] [Task 514] Entering ILP branch (v2)
[ε-constraint energy] sumE_B=0.064047  bound=0.070451  active=False
[ILP] res_type=dict value_preview={'stage': 'B', 'status': 'Optimal', 'primary': 'energy', 'tol': 0.1, 'opt_primary': 0.06404675659173549, 'objective_secondary': 0.03439161069292475, 'sumE': 0.0
[264.53] [Task 514] ILP chose server: STARLINK-11564 [DTC]
[264.53] [Task 514] Routed STARLINK-11187 [DTC] -> STARLINK-11564 [DTC] | E_NET=0.000019 J | Remaining=119999.99 J
[264.532] Task 514 enqueued on CPU STARLINK-11564 [DTC] qlen_enqueue=1
[Task 514] Task eseguito su STARLINK-11564 [DTC] 25.36297157282833 degrees | CPU=0.0640J, NET=0.0000J, TOTAL=0.0640J, Remaining=119999.94J
[264.568] Task 514 served on STARLINK-11564 [DTC] qlen_enqueue_cpu=1 qlen_enqueue_net=None time_in_queue=0.000
[514][GREEDY] STARLINK-11564 [DTC] -> STARLINK-32442 | Tramission-time: 0.0019525372545721145
[514] Energy routing consumed by STARLINK-11564 [DTC]: 0.000000 J (remaining 119999.94)
[MODE: BIDIRECTIONAL]
[514][GREEDY] CONSEGNATO! STARLINK-32442 -> OBS | Tramission-time: 1.7853258654813135e-11
---> Task 515 (Type: Generic_Service) arriva in 265.79
--- [265.79] Task 515 using SearchNode Policy: v2_ilp_hybrid ---
[265.79] [Task 515] Entering ILP branch (v2)
[ε-constraint energy] sumE_B=0.089956  bound=0.098951  active=False
[ILP] res_type=dict value_preview={'stage': 'B', 'status': 'Optimal', 'primary': 'energy', 'tol': 0.1, 'opt_primary': 0.08995560852128891, 'objective_secondary': 0.04829583625675368, 'sumE': 0.0
[265.79] [Task 515] ILP chose server: STARLINK-11564 [DTC]
[265.79] [Task 515] Routed STARLINK-11187 [DTC] -> STARLINK-11564 [DTC] | E_NET=0.000013 J | Remaining=119999.99 J
[265.796] Task 515 enqueued on CPU STARLINK-11564 [DTC] qlen_enqueue=1
[Task 515] Task eseguito su STARLINK-11564 [DTC] 25.36297157282833 degrees | CPU=0.0899J, NET=0.0000J, TOTAL=0.0900J, Remaining=119999.85J
[265.845] Task 515 served on STARLINK-11564 [DTC] qlen_enqueue_cpu=1 qlen_enqueue_net=None time_in_queue=0.000
[515][GREEDY] STARLINK-11564 [DTC] -> STARLINK-32442 | Tramission-time: 0.0019525372484792867
[515] Energy routing consumed by STARLINK-11564 [DTC]: 0.000000 J (remaining 119999.85)
[MODE: BIDIRECTIONAL]
[515][GREEDY] CONSEGNATO! STARLINK-32442 -> OBS | Tramission-time: 1.2831345429285576e-11
----------------------------------------------------------------------
	||TIME IN SIMULATION : (seconds:266) (minutes: 4) ||

MODIFICA CONFIGURAZIONE IN CORSO...

Aggiornato il Tempo Globale:  2025-11-20 20:59:40
---> Task 516 (Type: Generic_Service) arriva in 266.61
--- [266.61] Task 516 using SearchNode Policy: v2_ilp_hybrid ---
[266.61] [Task 516] Entering ILP branch (v2)
[ε-constraint energy] sumE_B=0.056370  bound=0.062007  active=False
[ILP] res_type=dict value_preview={'stage': 'B', 'status': 'Optimal', 'primary': 'energy', 'tol': 0.1, 'opt_primary': 0.056369610063236195, 'objective_secondary': 0.030268892500644698, 'sumE': 0
[266.61] [Task 516] ILP chose server: STARLINK-11564 [DTC]
[266.61] [Task 516] Routed STARLINK-11187 [DTC] -> STARLINK-11564 [DTC] | E_NET=0.000016 J | Remaining=119999.99 J
[266.607] Task 516 enqueued on CPU STARLINK-11564 [DTC] qlen_enqueue=1
[Task 516] Task eseguito su STARLINK-11564 [DTC] 25.945949995493955 degrees | CPU=0.0563J, NET=0.0000J, TOTAL=0.0564J, Remaining=119999.79J
[266.639] Task 516 served on STARLINK-11564 [DTC] qlen_enqueue_cpu=1 qlen_enqueue_net=None time_in_queue=0.000
[516][GREEDY] STARLINK-11564 [DTC] -> STARLINK-32442 | Tramission-time: 0.0019514104856693797
[516] Energy routing consumed by STARLINK-11564 [DTC]: 0.000000 J (remaining 119999.79)
[MODE: BIDIRECTIONAL]
[516][GREEDY] CONSEGNATO! STARLINK-32442 -> OBS | Tramission-time: 1.4644966172697855e-11
---> Task 517 (Type: Generic_Service) arriva in 267.21
--- [267.21] Task 517 using SearchNode Policy: v2_ilp_hybrid ---
[267.21] [Task 517] Entering ILP branch (v2)
[ε-constraint energy] sumE_B=0.087352  bound=0.096088  active=False
[ILP] res_type=dict value_preview={'stage': 'B', 'status': 'Optimal', 'primary': 'energy', 'tol': 0.1, 'opt_primary': 0.08735234527968985, 'objective_secondary': 0.04689509948653553, 'sumE': 0.0
[267.21] [Task 517] ILP chose server: STARLINK-11564 [DTC]
[267.21] [Task 517] Routed STARLINK-11187 [DTC] -> STARLINK-11564 [DTC] | E_NET=0.000007 J | Remaining=119999.99 J
[267.212] Task 517 enqueued on CPU STARLINK-11564 [DTC] qlen_enqueue=1
[Task 517] Task eseguito su STARLINK-11564 [DTC] 25.945949995493955 degrees | CPU=0.0873J, NET=0.0000J, TOTAL=0.0874J, Remaining=119999.70J
[267.259] Task 517 served on STARLINK-11564 [DTC] qlen_enqueue_cpu=1 qlen_enqueue_net=None time_in_queue=0.000
[517][GREEDY] STARLINK-11564 [DTC] -> STARLINK-32442 | Tramission-time: 0.001951410478246582
[517] Energy routing consumed by STARLINK-11564 [DTC]: 0.000000 J (remaining 119999.70)
[MODE: BIDIRECTIONAL]
[517][GREEDY] CONSEGNATO! STARLINK-32442 -> OBS | Tramission-time: 7.661786245968174e-12
---> Task 518 (Type: Generic_Service) arriva in 267.67
--- [267.67] Task 518 using SearchNode Policy: v2_ilp_hybrid ---
[267.67] [Task 518] Entering ILP branch (v2)
[ε-constraint energy] sumE_B=0.077430  bound=0.085173  active=False
[ILP] res_type=dict value_preview={'stage': 'B', 'status': 'Optimal', 'primary': 'energy', 'tol': 0.1, 'opt_primary': 0.0774298019380801, 'objective_secondary': 0.04157792845207092, 'sumE': 0.07
[267.67] [Task 518] ILP chose server: STARLINK-11564 [DTC]
[267.67] [Task 518] Routed STARLINK-11187 [DTC] -> STARLINK-11564 [DTC] | E_NET=0.000023 J | Remaining=119999.99 J
[267.669] Task 518 enqueued on CPU STARLINK-11564 [DTC] qlen_enqueue=1
[Task 518] Task eseguito su STARLINK-11564 [DTC] 25.945949995493955 degrees | CPU=0.0774J, NET=0.0000J, TOTAL=0.0774J, Remaining=119999.62J
[267.713] Task 518 served on STARLINK-11564 [DTC] qlen_enqueue_cpu=1 qlen_enqueue_net=None time_in_queue=0.000
[518][GREEDY] STARLINK-11564 [DTC] -> STARLINK-32442 | Tramission-time: 0.0019514104931378496
[518] Energy routing consumed by STARLINK-11564 [DTC]: 0.000000 J (remaining 119999.62)
---> Task 519 (Type: Generic_Service) arriva in 267.82
--- [267.82] Task 519 using SearchNode Policy: v2_ilp_hybrid ---
[267.82] [Task 519] Entering ILP branch (v2)
[ε-constraint energy] sumE_B=0.018746  bound=0.020621  active=False
[ILP] res_type=dict value_preview={'stage': 'B', 'status': 'Optimal', 'primary': 'energy', 'tol': 0.1, 'opt_primary': 0.018746130027669977, 'objective_secondary': 0.010072850562682641, 'sumE': 0
[267.82] [Task 519] ILP chose server: STARLINK-11564 [DTC]
[267.82] [Task 519] Routed STARLINK-11187 [DTC] -> STARLINK-11564 [DTC] | E_NET=0.000017 J | Remaining=119999.99 J
[267.819] Task 519 enqueued on CPU STARLINK-11564 [DTC] qlen_enqueue=1
[Task 519] Task eseguito su STARLINK-11564 [DTC] 25.945949995493955 degrees | CPU=0.0187J, NET=0.0000J, TOTAL=0.0187J, Remaining=119999.61J
[267.831] Task 519 served on STARLINK-11564 [DTC] qlen_enqueue_cpu=1 qlen_enqueue_net=None time_in_queue=0.000
[MODE: BIDIRECTIONAL]
[518][GREEDY] CONSEGNATO! STARLINK-32442 -> OBS | Tramission-time: 2.5802472474942625e-11
[519][GREEDY] STARLINK-11564 [DTC] -> STARLINK-32442 | Tramission-time: 0.0019514104855854893
[519] Energy routing consumed by STARLINK-11564 [DTC]: 0.000000 J (remaining 119999.61)
[MODE: BIDIRECTIONAL]
[519][GREEDY] CONSEGNATO! STARLINK-32442 -> OBS | Tramission-time: 1.788740747457284e-11
----------------------------------------------------------------------
	||TIME IN SIMULATION : (seconds:268) (minutes: 4) ||

MODIFICA CONFIGURAZIONE IN CORSO...

Aggiornato il Tempo Globale:  2025-11-20 20:59:42
---> Task 520 (Type: CPU_and_Data_Intensive) arriva in 268.64
--- [268.64] Task 520 using SearchNode Policy: v2_ilp_hybrid ---
[268.64] [Task 520] Entering ILP branch (v2)
[ε-constraint energy] sumE_B=0.545249  bound=0.599774  active=False
[ILP] res_type=dict value_preview={'stage': 'B', 'status': 'Optimal', 'primary': 'energy', 'tol': 0.1, 'opt_primary': 0.5452492133723172, 'objective_secondary': 0.2939887438476892, 'sumE': 0.545
[268.64] [Task 520] ILP chose server: STARLINK-11564 [DTC]
[268.64] [Task 520] Routed STARLINK-11187 [DTC] -> STARLINK-11564 [DTC] | E_NET=0.002722 J | Remaining=119999.99 J
[268.643] Task 520 enqueued on CPU STARLINK-11564 [DTC] qlen_enqueue=1
---> Task 521 (Type: Generic_Service) arriva in 268.84
--- [268.84] Task 521 using SearchNode Policy: v2_ilp_hybrid ---
[268.84] [Task 521] Entering ILP branch (v2)
[ε-constraint energy] sumE_B=0.320557  bound=0.352613  active=False
[ILP] res_type=dict value_preview={'stage': 'B', 'status': 'Optimal', 'primary': 'energy', 'tol': 0.1, 'opt_primary': 0.3205573726264367, 'objective_secondary': 0.1720846931421892, 'sumE': 0.320
[268.84] [Task 521] ILP chose server: STARLINK-2647
[268.84] [Task 521] Routed STARLINK-11187 [DTC] -> STARLINK-2647 | E_NET=0.000016 J | Remaining=119999.99 J
[268.846] Task 521 enqueued on CPU STARLINK-2647 qlen_enqueue=1
[268.935] Task 520 enqueued on NET STARLINK-11564 [DTC] qlen_enqueue_net=1
[Task 520] Task eseguito su STARLINK-11564 [DTC] 26.546630850815877 degrees | CPU=0.5424J, NET=0.0027J, TOTAL=0.5452J, Remaining=119999.06J
[268.937] Task 520 served on STARLINK-11564 [DTC] qlen_enqueue_cpu=1 qlen_enqueue_net=1 time_in_queue=0.000
[520][GREEDY] STARLINK-11564 [DTC] -> STARLINK-32442 | Tramission-time: 0.0019506235944786905
[520] Energy routing consumed by STARLINK-11564 [DTC]: 0.000000 J (remaining 119999.06)
[Task 521] Task eseguito su STARLINK-2647 78.60211046468135 degrees | CPU=0.3205J, NET=0.0000J, TOTAL=0.3206J, Remaining=119996.39J
[269.019] Task 521 served on STARLINK-2647 qlen_enqueue_cpu=1 qlen_enqueue_net=None time_in_queue=0.000
[MODE: BIDIRECTIONAL]
[521][GREEDY] CONSEGNATO! STARLINK-2647 -> OBS | Tramission-time: 1.3891873578807538e-11
[MODE: BIDIRECTIONAL]
[520][GREEDY] CONSEGNATO! STARLINK-32442 -> OBS | Tramission-time: 1.8433398417625476e-09
----------------------------------------------------------------------
	||TIME IN SIMULATION : (seconds:270) (minutes: 4) ||

MODIFICA CONFIGURAZIONE IN CORSO...

Aggiornato il Tempo Globale:  2025-11-20 20:59:44
---> Task 522 (Type: CPU_Intensive) arriva in 270.43
--- [270.43] Task 522 using SearchNode Policy: v2_ilp_hybrid ---
[270.43] [Task 522] Entering ILP branch (v2)
[ε-constraint energy] sumE_B=0.026249  bound=0.028874  active=False
[ILP] res_type=dict value_preview={'stage': 'B', 'status': 'Optimal', 'primary': 'energy', 'tol': 0.1, 'opt_primary': 0.026249264604093395, 'objective_secondary': 0.014095248081351928, 'sumE': 0
[270.43] [Task 522] ILP chose server: STARLINK-11564 [DTC]
[270.43] [Task 522] Routed STARLINK-11187 [DTC] -> STARLINK-11564 [DTC] | E_NET=0.000007 J | Remaining=119999.99 J
[270.429] Task 522 enqueued on CPU STARLINK-11564 [DTC] qlen_enqueue=1
[Task 522] Task eseguito su STARLINK-11564 [DTC] 27.165830283765235 degrees | CPU=0.0262J, NET=0.0000J, TOTAL=0.0262J, Remaining=119999.03J
[270.444] Task 522 served on STARLINK-11564 [DTC] qlen_enqueue_cpu=1 qlen_enqueue_net=None time_in_queue=0.000
[522][GREEDY] STARLINK-11564 [DTC] -> STARLINK-32442 | Tramission-time: 0.0019501698467522944
[522] Energy routing consumed by STARLINK-11564 [DTC]: 0.000000 J (remaining 119999.03)
---> Task 523 (Type: Generic_Service) arriva in 270.50
--- [270.50] Task 523 using SearchNode Policy: v2_ilp_hybrid ---
[270.50] [Task 523] Entering ILP branch (v2)
[ε-constraint energy] sumE_B=0.327508  bound=0.360258  active=False
[ILP] res_type=dict value_preview={'stage': 'B', 'status': 'Optimal', 'primary': 'energy', 'tol': 0.1, 'opt_primary': 0.3275076589129477, 'objective_secondary': 0.17581138600446702, 'sumE': 0.32
[270.50] [Task 523] ILP chose server: STARLINK-11564 [DTC]
[270.50] [Task 523] Routed STARLINK-11187 [DTC] -> STARLINK-11564 [DTC] | E_NET=0.000007 J | Remaining=119999.99 J
[270.502] Task 523 enqueued on CPU STARLINK-11564 [DTC] qlen_enqueue=1
[MODE: BIDIRECTIONAL]
[522][GREEDY] CONSEGNATO! STARLINK-32442 -> OBS | Tramission-time: 8.355764052942133e-12
[Task 523] Task eseguito su STARLINK-11564 [DTC] 27.165830283765235 degrees | CPU=0.3275J, NET=0.0000J, TOTAL=0.3275J, Remaining=119998.71J
[270.679] Task 523 served on STARLINK-11564 [DTC] qlen_enqueue_cpu=1 qlen_enqueue_net=None time_in_queue=0.000
[523][GREEDY] STARLINK-11564 [DTC] -> STARLINK-32442 | Tramission-time: 0.0019501698489604988
[523] Energy routing consumed by STARLINK-11564 [DTC]: 0.000000 J (remaining 119998.71)
---> Task 524 (Type: Generic_Service) arriva in 270.77
--- [270.77] Task 524 using SearchNode Policy: v2_ilp_hybrid ---
[270.77] [Task 524] Entering ILP branch (v2)
[ε-constraint energy] sumE_B=0.143944  bound=0.158338  active=False
[ILP] res_type=dict value_preview={'stage': 'B', 'status': 'Optimal', 'primary': 'energy', 'tol': 0.1, 'opt_primary': 0.14394399165609859, 'objective_secondary': 0.07728758920477728, 'sumE': 0.1
[270.77] [Task 524] ILP chose server: STARLINK-11564 [DTC]
[270.77] [Task 524] Routed STARLINK-11187 [DTC] -> STARLINK-11564 [DTC] | E_NET=0.000029 J | Remaining=119999.99 J
[270.768] Task 524 enqueued on CPU STARLINK-11564 [DTC] qlen_enqueue=1
[MODE: BIDIRECTIONAL]
[523][GREEDY] CONSEGNATO! STARLINK-32442 -> OBS | Tramission-time: 7.577903642764067e-12
[Task 524] Task eseguito su STARLINK-11564 [DTC] 27.165830283765235 degrees | CPU=0.1439J, NET=0.0000J, TOTAL=0.1439J, Remaining=119998.56J
[270.848] Task 524 served on STARLINK-11564 [DTC] qlen_enqueue_cpu=1 qlen_enqueue_net=None time_in_queue=0.000
---> Task 525 (Type: Generic_Service) arriva in 270.88
--- [270.88] Task 525 using SearchNode Policy: v2_ilp_hybrid ---
[270.88] [Task 525] Entering ILP branch (v2)
[ε-constraint energy] sumE_B=0.021505  bound=0.023655  active=False
[ILP] res_type=dict value_preview={'stage': 'B', 'status': 'Optimal', 'primary': 'energy', 'tol': 0.1, 'opt_primary': 0.021504872197603678, 'objective_secondary': 0.011548206095472583, 'sumE': 0
[270.88] [Task 525] ILP chose server: STARLINK-11564 [DTC]
[270.88] [Task 525] Routed STARLINK-11187 [DTC] -> STARLINK-11564 [DTC] | E_NET=0.000007 J | Remaining=119999.99 J
[270.877] Task 525 enqueued on CPU STARLINK-11564 [DTC] qlen_enqueue=1
[524][GREEDY] STARLINK-11564 [DTC] -> STARLINK-32442 | Tramission-time: 0.0019501698768912357
[524] Energy routing consumed by STARLINK-11564 [DTC]: 0.000000 J (remaining 119998.56)
[Task 525] Task eseguito su STARLINK-11564 [DTC] 27.165830283765235 degrees | CPU=0.0215J, NET=0.0000J, TOTAL=0.0215J, Remaining=119998.54J
[270.889] Task 525 served on STARLINK-11564 [DTC] qlen_enqueue_cpu=1 qlen_enqueue_net=None time_in_queue=0.000
[MODE: BIDIRECTIONAL]
[524][GREEDY] CONSEGNATO! STARLINK-32442 -> OBS | Tramission-time: 3.0898623332056636e-11
[525][GREEDY] STARLINK-11564 [DTC] -> STARLINK-32442 | Tramission-time: 0.0019501698486272987
[525] Energy routing consumed by STARLINK-11564 [DTC]: 0.000000 J (remaining 119998.54)
[MODE: BIDIRECTIONAL]
[525][GREEDY] CONSEGNATO! STARLINK-32442 -> OBS | Tramission-time: 8.279571930085812e-12
---> Task 526 (Type: CPU_and_Data_Intensive) arriva in 271.21
--- [271.21] Task 526 using SearchNode Policy: v2_ilp_hybrid ---
[271.21] [Task 526] Entering ILP branch (v2)
[ε-constraint energy] sumE_B=0.454537  bound=0.499990  active=False
[ILP] res_type=dict value_preview={'stage': 'B', 'status': 'Optimal', 'primary': 'energy', 'tol': 0.1, 'opt_primary': 0.45453657235814177, 'objective_secondary': 0.24486970509045794, 'sumE': 0.4
[271.21] [Task 526] ILP chose server: STARLINK-11564 [DTC]
[271.21] [Task 526] Routed STARLINK-11187 [DTC] -> STARLINK-11564 [DTC] | E_NET=0.001381 J | Remaining=119999.99 J
[271.211] Task 526 enqueued on CPU STARLINK-11564 [DTC] qlen_enqueue=1
---> Task 527 (Type: Generic_Service) arriva in 271.24
--- [271.24] Task 527 using SearchNode Policy: v2_ilp_hybrid ---
[271.24] [Task 527] Entering ILP branch (v2)
[ε-constraint energy] sumE_B=0.005750  bound=0.006325  active=False
[ILP] res_type=dict value_preview={'stage': 'B', 'status': 'Optimal', 'primary': 'energy', 'tol': 0.1, 'opt_primary': 0.005750302845559104, 'objective_secondary': 0.0031032080371973174, 'sumE': 
[271.24] [Task 527] ILP chose server: STARLINK-2647
[271.24] [Task 527] Routed STARLINK-11187 [DTC] -> STARLINK-2647 | E_NET=0.000029 J | Remaining=119999.99 J
[271.238] Task 527 enqueued on CPU STARLINK-2647 qlen_enqueue=1
[Task 527] Task eseguito su STARLINK-2647 80.04733761431682 degrees | CPU=0.0057J, NET=0.0000J, TOTAL=0.0057J, Remaining=119996.38J
[271.243] Task 527 served on STARLINK-2647 qlen_enqueue_cpu=1 qlen_enqueue_net=None time_in_queue=0.000
[MODE: BIDIRECTIONAL]
[527][GREEDY] CONSEGNATO! STARLINK-2647 -> OBS | Tramission-time: 2.4764265768223618e-11
[271.454] Task 526 enqueued on NET STARLINK-11564 [DTC] qlen_enqueue_net=1
[Task 526] Task eseguito su STARLINK-11564 [DTC] 27.165830283765235 degrees | CPU=0.4527J, NET=0.0014J, TOTAL=0.4540J, Remaining=119998.09J
[271.455] Task 526 served on STARLINK-11564 [DTC] qlen_enqueue_cpu=1 qlen_enqueue_net=1 time_in_queue=0.000
[526][GREEDY] STARLINK-11564 [DTC] -> STARLINK-32442 | Tramission-time: 0.0019501715112340964
[526] Energy routing consumed by STARLINK-11564 [DTC]: 0.000000 J (remaining 119998.09)
[MODE: BIDIRECTIONAL]
[526][GREEDY] CONSEGNATO! STARLINK-32442 -> OBS | Tramission-time: 1.390577591472534e-09
---> Task 528 (Type: CPU_and_Data_Intensive) arriva in 271.97
--- [271.97] Task 528 using SearchNode Policy: v2_ilp_hybrid ---
[271.97] [Task 528] Entering ILP branch (v2)
[ε-constraint energy] sumE_B=0.061582  bound=0.067741  active=False
[ILP] res_type=dict value_preview={'stage': 'B', 'status': 'Optimal', 'primary': 'energy', 'tol': 0.1, 'opt_primary': 0.061582446735475437, 'objective_secondary': 0.034277209502247406, 'sumE': 0
[271.97] [Task 528] ILP chose server: STARLINK-11564 [DTC]
[271.97] [Task 528] Routed STARLINK-11187 [DTC] -> STARLINK-11564 [DTC] | E_NET=0.001929 J | Remaining=119999.99 J
[271.976] Task 528 enqueued on CPU STARLINK-11564 [DTC] qlen_enqueue=1
----------------------------------------------------------------------
	||TIME IN SIMULATION : (seconds:272) (minutes: 4) ||

MODIFICA CONFIGURAZIONE IN CORSO...

Aggiornato il Tempo Globale:  2025-11-20 20:59:46
[272.007] Task 528 enqueued on NET STARLINK-11564 [DTC] qlen_enqueue_net=1
[Task 528] Task eseguito su STARLINK-11564 [DTC] 27.804407021597903 degrees | CPU=0.0589J, NET=0.0019J, TOTAL=0.0609J, Remaining=119998.03J
[272.009] Task 528 served on STARLINK-11564 [DTC] qlen_enqueue_cpu=1 qlen_enqueue_net=1 time_in_queue=0.000
[528][GREEDY] STARLINK-11564 [DTC] -> STARLINK-32442 | Tramission-time: 0.001950058418343704
[528] Energy routing consumed by STARLINK-11564 [DTC]: 0.000000 J (remaining 119998.03)
[MODE: BIDIRECTIONAL]
[528][GREEDY] CONSEGNATO! STARLINK-32442 -> OBS | Tramission-time: 1.992869126712602e-09
---> Task 529 (Type: Generic_Service) arriva in 272.54
--- [272.54] Task 529 using SearchNode Policy: v2_ilp_hybrid ---
[272.54] [Task 529] Entering ILP branch (v2)
[ε-constraint energy] sumE_B=0.014619  bound=0.016080  active=False
[ILP] res_type=dict value_preview={'stage': 'B', 'status': 'Optimal', 'primary': 'energy', 'tol': 0.1, 'opt_primary': 0.014618600271524167, 'objective_secondary': 0.00785182575836881, 'sumE': 0.
[272.54] [Task 529] ILP chose server: STARLINK-11564 [DTC]
[272.54] [Task 529] Routed STARLINK-33881 -> STARLINK-11564 [DTC] | E_NET=0.000010 J | Remaining=120000.00 J
[272.537] Task 529 enqueued on CPU STARLINK-11564 [DTC] qlen_enqueue=1
[Task 529] Task eseguito su STARLINK-11564 [DTC] 27.804407021597903 degrees | CPU=0.0146J, NET=0.0000J, TOTAL=0.0146J, Remaining=119998.01J
[272.546] Task 529 served on STARLINK-11564 [DTC] qlen_enqueue_cpu=1 qlen_enqueue_net=None time_in_queue=0.000
---> Task 530 (Type: Generic_Service) arriva in 272.59
--- [272.59] Task 530 using SearchNode Policy: v2_ilp_hybrid ---
[272.59] [Task 530] Entering ILP branch (v2)
[ε-constraint energy] sumE_B=0.144633  bound=0.159096  active=False
[ILP] res_type=dict value_preview={'stage': 'B', 'status': 'Optimal', 'primary': 'energy', 'tol': 0.1, 'opt_primary': 0.1446328520462914, 'objective_secondary': 0.07765735241075153, 'sumE': 0.14
[272.59] [Task 530] ILP chose server: STARLINK-11564 [DTC]
[272.59] [Task 530] Routed STARLINK-33881 -> STARLINK-11564 [DTC] | E_NET=0.000038 J | Remaining=120000.00 J
[272.587] Task 530 enqueued on CPU STARLINK-11564 [DTC] qlen_enqueue=1
[529][GREEDY] STARLINK-11564 [DTC] -> STARLINK-32442 | Tramission-time: 0.0019500565967794984
[529] Energy routing consumed by STARLINK-11564 [DTC]: 0.000000 J (remaining 119998.01)
[Task 530] Task eseguito su STARLINK-11564 [DTC] 27.804407021597903 degrees | CPU=0.1446J, NET=0.0000J, TOTAL=0.1446J, Remaining=119997.87J
[272.667] Task 530 served on STARLINK-11564 [DTC] qlen_enqueue_cpu=1 qlen_enqueue_net=None time_in_queue=0.000
[MODE: BIDIRECTIONAL]
[529][GREEDY] CONSEGNATO! STARLINK-32442 -> OBS | Tramission-time: 8.427860602555728e-12
[530][GREEDY] STARLINK-11564 [DTC] -> STARLINK-32442 | Tramission-time: 0.0019500566235532318
[530] Energy routing consumed by STARLINK-11564 [DTC]: 0.000000 J (remaining 119997.87)
[MODE: BIDIRECTIONAL]
[530][GREEDY] CONSEGNATO! STARLINK-32442 -> OBS | Tramission-time: 3.0665275769055466e-11
---> Task 531 (Type: Generic_Service) arriva in 273.22
--- [273.22] Task 531 using SearchNode Policy: v2_ilp_hybrid ---
[273.22] [Task 531] Entering ILP branch (v2)
[ε-constraint energy] sumE_B=0.093643  bound=0.103007  active=False
[ILP] res_type=dict value_preview={'stage': 'B', 'status': 'Optimal', 'primary': 'energy', 'tol': 0.1, 'opt_primary': 0.0936430027979361, 'objective_secondary': 0.050278315871587306, 'sumE': 0.0
[273.22] [Task 531] ILP chose server: STARLINK-11564 [DTC]
[273.22] [Task 531] Routed STARLINK-33881 -> STARLINK-11564 [DTC] | E_NET=0.000022 J | Remaining=120000.00 J
[273.226] Task 531 enqueued on CPU STARLINK-11564 [DTC] qlen_enqueue=1
[Task 531] Task eseguito su STARLINK-11564 [DTC] 27.804407021597903 degrees | CPU=0.0936J, NET=0.0000J, TOTAL=0.0936J, Remaining=119997.77J
[273.277] Task 531 served on STARLINK-11564 [DTC] qlen_enqueue_cpu=1 qlen_enqueue_net=None time_in_queue=0.000
[531][GREEDY] STARLINK-11564 [DTC] -> STARLINK-32442 | Tramission-time: 0.0019500566043153026
[531] Energy routing consumed by STARLINK-11564 [DTC]: 0.000000 J (remaining 119997.77)
[MODE: BIDIRECTIONAL]
[531][GREEDY] CONSEGNATO! STARLINK-32442 -> OBS | Tramission-time: 1.6095730257954712e-11
---> Task 532 (Type: Generic_Service) arriva in 273.74
--- [273.74] Task 532 using SearchNode Policy: v2_ilp_hybrid ---
[273.74] [Task 532] Entering ILP branch (v2)
[ε-constraint energy] sumE_B=0.111380  bound=0.122518  active=False
[ILP] res_type=dict value_preview={'stage': 'B', 'status': 'Optimal', 'primary': 'energy', 'tol': 0.1, 'opt_primary': 0.11138008809172606, 'objective_secondary': 0.05980549604150924, 'sumE': 0.1
[273.74] [Task 532] ILP chose server: STARLINK-11564 [DTC]
[273.74] [Task 532] Routed STARLINK-33881 -> STARLINK-11564 [DTC] | E_NET=0.000035 J | Remaining=120000.00 J
[273.746] Task 532 enqueued on CPU STARLINK-11564 [DTC] qlen_enqueue=1
[Task 532] Task eseguito su STARLINK-11564 [DTC] 27.804407021597903 degrees | CPU=0.1113J, NET=0.0000J, TOTAL=0.1114J, Remaining=119997.66J
[273.808] Task 532 served on STARLINK-11564 [DTC] qlen_enqueue_cpu=1 qlen_enqueue_net=None time_in_queue=0.000
[532][GREEDY] STARLINK-11564 [DTC] -> STARLINK-32442 | Tramission-time: 0.0019500566203849506
[532] Energy routing consumed by STARLINK-11564 [DTC]: 0.000000 J (remaining 119997.66)
----------------------------------------------------------------------
	||TIME IN SIMULATION : (seconds:274) (minutes: 4) ||

MODIFICA CONFIGURAZIONE IN CORSO...

Aggiornato il Tempo Globale:  2025-11-20 20:59:48
[532][GREEDY] STARLINK-32442 -> STARLINK-2647 | Tramission-time: 0.0006529704758689362
[532] Energy routing consumed by STARLINK-32442: 0.000000 J (remaining 119986.84)
[MODE: BIDIRECTIONAL]
[532][GREEDY] CONSEGNATO! STARLINK-2647 -> OBS | Tramission-time: 3.294194990694128e-11
---> Task 533 (Type: CPU_and_Data_Intensive) arriva in 274.73
--- [274.73] Task 533 using SearchNode Policy: v2_ilp_hybrid ---
[274.73] [Task 533] Entering ILP branch (v2)
[ε-constraint energy] sumE_B=0.650244  bound=0.715268  active=False
[ILP] res_type=dict value_preview={'stage': 'B', 'status': 'Optimal', 'primary': 'energy', 'tol': 0.1, 'opt_primary': 0.6502435269949992, 'objective_secondary': 0.349900806912819, 'sumE': 0.6502
[274.73] [Task 533] ILP chose server: STARLINK-33816
[274.73] [Task 533] Routed STARLINK-33881 -> STARLINK-33816 | E_NET=0.001508 J | Remaining=120000.00 J
[274.729] Task 533 enqueued on CPU STARLINK-33816 qlen_enqueue=1
---> Task 534 (Type: CPU_Intensive) arriva in 274.78
--- [274.78] Task 534 using SearchNode Policy: v2_ilp_hybrid ---
[274.78] [Task 534] Entering ILP branch (v2)
[ε-constraint energy] sumE_B=0.491643  bound=0.540807  active=False
[ILP] res_type=dict value_preview={'stage': 'B', 'status': 'Optimal', 'primary': 'energy', 'tol': 0.1, 'opt_primary': 0.4916430492412286, 'objective_secondary': 0.2639177771657674, 'sumE': 0.491
[274.78] [Task 534] ILP chose server: STARLINK-32743
[274.78] [Task 534] Routed STARLINK-33881 -> STARLINK-32743 | E_NET=0.000005 J | Remaining=120000.00 J
[274.785] Task 534 enqueued on CPU STARLINK-32743 qlen_enqueue=1
---> Task 535 (Type: CPU_Intensive) arriva in 274.95
--- [274.95] Task 535 using SearchNode Policy: v2_ilp_hybrid ---
[274.95] [Task 535] Entering ILP branch (v2)
[ε-constraint energy] sumE_B=0.650229  bound=0.715251  active=False
[ILP] res_type=dict value_preview={'stage': 'B', 'status': 'Optimal', 'primary': 'energy', 'tol': 0.1, 'opt_primary': 0.650228561749179, 'objective_secondary': 0.34904674248034545, 'sumE': 0.650
[274.95] [Task 535] ILP chose server: STARLINK-32442
[274.95] [Task 535] Routed STARLINK-33881 -> STARLINK-32442 | E_NET=0.000004 J | Remaining=120000.00 J
[274.950] Task 535 enqueued on CPU STARLINK-32442 qlen_enqueue=1
[Task 534] Task eseguito su STARLINK-32743 52.05827139370172 degrees | CPU=0.4916J, NET=0.0000J, TOTAL=0.4916J, Remaining=119998.41J
[275.049] Task 534 served on STARLINK-32743 qlen_enqueue_cpu=1 qlen_enqueue_net=None time_in_queue=0.000
[275.077] Task 533 enqueued on NET STARLINK-33816 qlen_enqueue_net=1
[Task 533] Task eseguito su STARLINK-33816 66.78394794646447 degrees | CPU=0.6484J, NET=0.0015J, TOTAL=0.6499J, Remaining=119999.07J
[275.079] Task 533 served on STARLINK-33816 qlen_enqueue_cpu=1 qlen_enqueue_net=1 time_in_queue=0.000
[534][GREEDY] STARLINK-32743 -> STARLINK-2647 | Tramission-time: 0.0014855031619194897
[534] Energy routing consumed by STARLINK-32743: 0.000000 J (remaining 119998.41)
[533][GREEDY] STARLINK-33816 -> STARLINK-2647 | Tramission-time: 0.0008369428218947147
[533] Energy routing consumed by STARLINK-33816: 0.000000 J (remaining 119999.07)
[MODE: BIDIRECTIONAL]
[534][GREEDY] CONSEGNATO! STARLINK-2647 -> OBS | Tramission-time: 3.707539016694609e-12
[MODE: BIDIRECTIONAL]
[533][GREEDY] CONSEGNATO! STARLINK-2647 -> OBS | Tramission-time: 1.671390424478415e-09
[Task 535] Task eseguito su STARLINK-32442 72.52820510744083 degrees | CPU=0.6502J, NET=0.0000J, TOTAL=0.6502J, Remaining=119986.19J
[275.300] Task 535 served on STARLINK-32442 qlen_enqueue_cpu=1 qlen_enqueue_net=None time_in_queue=0.000
[535][GREEDY] STARLINK-32442 -> STARLINK-2647 | Tramission-time: 0.0006529704514252328
[535] Energy routing consumed by STARLINK-32442: 0.000000 J (remaining 119986.19)
[MODE: BIDIRECTIONAL]
[535][GREEDY] CONSEGNATO! STARLINK-2647 -> OBS | Tramission-time: 4.743805459388804e-12
---> Task 536 (Type: CPU_Intensive) arriva in 275.72
--- [275.72] Task 536 using SearchNode Policy: v2_ilp_hybrid ---
[275.72] [Task 536] Entering ILP branch (v2)
[ε-constraint energy] sumE_B=2.623463  bound=2.885809  active=False
[ILP] res_type=dict value_preview={'stage': 'B', 'status': 'Optimal', 'primary': 'energy', 'tol': 0.1, 'opt_primary': 2.623462521469122, 'objective_secondary': 1.4082910677351301, 'sumE': 2.6234
[275.72] [Task 536] ILP chose server: STARLINK-33816
[275.72] [Task 536] Routed STARLINK-33881 -> STARLINK-33816 | E_NET=0.000017 J | Remaining=120000.00 J
---> Task 537 (Type: CPU_Intensive) arriva in 275.72
--- [275.72] Task 537 using SearchNode Policy: v2_ilp_hybrid ---
[275.72] [Task 537] Entering ILP branch (v2)
[ε-constraint energy] sumE_B=0.186128  bound=0.204741  active=False
[ILP] res_type=dict value_preview={'stage': 'B', 'status': 'Optimal', 'primary': 'energy', 'tol': 0.1, 'opt_primary': 0.1861284642788417, 'objective_secondary': 0.09992763940679047, 'sumE': 0.18
[275.72] [Task 537] ILP chose server: STARLINK-33816
[275.72] [Task 537] Routed STARLINK-33881 -> STARLINK-33816 | E_NET=0.000024 J | Remaining=120000.00 J
[275.723] Task 536 enqueued on CPU STARLINK-33816 qlen_enqueue=1
[Task 537] REJECTED on STARLINK-33816 due to: Deadline Exceeded
[275.72] [Task 537] assignment failed on STARLINK-33816 reason=None
[FALLBACK-ILP-C1][275.72] Task 537 tenta su STARLINK-34703 (tentativo 1)
[275.72] [Task 537] Routed STARLINK-33881 -> STARLINK-34703 | E_NET=0.000022 J | Remaining=120000.00 J
[275.724] Task 537 enqueued on CPU STARLINK-34703 qlen_enqueue=1
[Task 537] Task eseguito su STARLINK-34703 37.011668336518 degrees | CPU=0.1861J, NET=0.0000J, TOTAL=0.1861J, Remaining=119999.81J
[275.826] Task 537 served on STARLINK-34703 qlen_enqueue_cpu=1 qlen_enqueue_net=None time_in_queue=0.000
[537][GREEDY] STARLINK-34703 -> STARLINK-2647 | Tramission-time: 0.0020813436226937696
[537] Energy routing consumed by STARLINK-34703: 0.000000 J (remaining 119999.81)
----------------------------------------------------------------------
	||TIME IN SIMULATION : (seconds:276) (minutes: 4) ||

MODIFICA CONFIGURAZIONE IN CORSO...

Aggiornato il Tempo Globale:  2025-11-20 20:59:50
[MODE: BIDIRECTIONAL]
[537][GREEDY] CONSEGNATO! STARLINK-2647 -> OBS | Tramission-time: 2.6736990515382413e-11
---> Task 538 (Type: Generic_Service) arriva in 276.16
--- [276.16] Task 538 using SearchNode Policy: v2_ilp_hybrid ---
[276.16] [Task 538] Entering ILP branch (v2)
[ε-constraint energy] sumE_B=0.058751  bound=0.064626  active=False
[ILP] res_type=dict value_preview={'stage': 'B', 'status': 'Optimal', 'primary': 'energy', 'tol': 0.1, 'opt_primary': 0.05875121446005882, 'objective_secondary': 0.031542697178324496, 'sumE': 0.
[276.16] [Task 538] ILP chose server: STARLINK-11564 [DTC]
[276.16] [Task 538] Routed STARLINK-33881 -> STARLINK-11564 [DTC] | E_NET=0.000009 J | Remaining=120000.00 J
[276.166] Task 538 enqueued on CPU STARLINK-11564 [DTC] qlen_enqueue=1
---> Task 539 (Type: CPU_and_Data_Intensive) arriva in 276.18
--- [276.18] Task 539 using SearchNode Policy: v2_ilp_hybrid ---
[276.18] [Task 539] Entering ILP branch (v2)
[ε-constraint energy] sumE_B=0.209775  bound=0.230753  active=False
[ILP] res_type=dict value_preview={'stage': 'B', 'status': 'Optimal', 'primary': 'energy', 'tol': 0.1, 'opt_primary': 0.2097751262281889, 'objective_secondary': 0.11267301194951655, 'sumE': 0.20
[276.18] [Task 539] ILP chose server: STARLINK-11724 [DTC]
[276.18] [Task 539] Routed STARLINK-33881 -> STARLINK-11724 [DTC] | E_NET=0.000118 J | Remaining=120000.00 J
[276.183] Task 539 enqueued on CPU STARLINK-11724 [DTC] qlen_enqueue=1
[Task 538] Task eseguito su STARLINK-11564 [DTC] 29.143351640958073 degrees | CPU=0.0587J, NET=0.0000J, TOTAL=0.0587J, Remaining=119997.60J
[276.198] Task 538 served on STARLINK-11564 [DTC] qlen_enqueue_cpu=1 qlen_enqueue_net=None time_in_queue=0.000
[538][GREEDY] STARLINK-11564 [DTC] -> STARLINK-2647 | Tramission-time: 0.001999649326844702
[538] Energy routing consumed by STARLINK-11564 [DTC]: 0.000000 J (remaining 119997.60)
[276.295] Task 539 enqueued on NET STARLINK-11724 [DTC] qlen_enqueue_net=1
[Task 539] Task eseguito su STARLINK-11724 [DTC] 44.56481932766904 degrees | CPU=0.2096J, NET=0.0001J, TOTAL=0.2098J, Remaining=119990.44J
[276.295] Task 539 served on STARLINK-11724 [DTC] qlen_enqueue_cpu=1 qlen_enqueue_net=1 time_in_queue=0.000
[MODE: BIDIRECTIONAL]
[538][GREEDY] CONSEGNATO! STARLINK-2647 -> OBS | Tramission-time: 6.9334575322233285e-12
[539][GREEDY] STARLINK-11724 [DTC] -> STARLINK-2647 | Tramission-time: 0.0015204517819733408
[539] Energy routing consumed by STARLINK-11724 [DTC]: 0.000000 J (remaining 119990.44)
---> Task 540 (Type: CPU_Intensive) arriva in 276.33
--- [276.33] Task 540 using SearchNode Policy: v2_ilp_hybrid ---
[276.33] [Task 540] Entering ILP branch (v2)
[ε-constraint energy] sumE_B=2.234614  bound=2.458075  active=False
[ILP] res_type=dict value_preview={'stage': 'B', 'status': 'Optimal', 'primary': 'energy', 'tol': 0.1, 'opt_primary': 2.2346140799566134, 'objective_secondary': 1.1995545212666296, 'sumE': 2.234
[276.33] [Task 540] ILP chose server: STARLINK-11564 [DTC]
[276.33] [Task 540] Routed STARLINK-33881 -> STARLINK-11564 [DTC] | E_NET=0.000015 J | Remaining=120000.00 J
[276.326] Task 540 enqueued on CPU STARLINK-11564 [DTC] qlen_enqueue=1
---> Task 541 (Type: Generic_Service) arriva in 276.41
--- [276.41] Task 541 using SearchNode Policy: v2_ilp_hybrid ---
[276.41] [Task 541] Entering ILP branch (v2)
[ε-constraint energy] sumE_B=0.121993  bound=0.134192  active=False
[ILP] res_type=dict value_preview={'stage': 'B', 'status': 'Optimal', 'primary': 'energy', 'tol': 0.1, 'opt_primary': 0.12199283277035268, 'objective_secondary': 0.06550220183003627, 'sumE': 0.1
[276.41] [Task 541] ILP chose server: STARLINK-11724 [DTC]
[276.41] [Task 541] Routed STARLINK-33881 -> STARLINK-11724 [DTC] | E_NET=0.000029 J | Remaining=120000.00 J
[MODE: BIDIRECTIONAL]
[539][GREEDY] CONSEGNATO! STARLINK-2647 -> OBS | Tramission-time: 1.194357397930208e-10
[276.410] Task 541 enqueued on CPU STARLINK-11724 [DTC] qlen_enqueue=1
---> Task 542 (Type: Generic_Service) arriva in 276.47
--- [276.47] Task 542 using SearchNode Policy: v2_ilp_hybrid ---
[276.47] [Task 542] Entering ILP branch (v2)
[ε-constraint energy] sumE_B=0.081131  bound=0.089244  active=False
[ILP] res_type=dict value_preview={'stage': 'B', 'status': 'Optimal', 'primary': 'energy', 'tol': 0.1, 'opt_primary': 0.08113110739716366, 'objective_secondary': 0.0435622977049771, 'sumE': 0.08
[276.47] [Task 542] ILP chose server: STARLINK-2388
[276.47] [Task 542] Routed STARLINK-33881 -> STARLINK-2388 | E_NET=0.000021 J | Remaining=120000.00 J
[276.467] Task 542 enqueued on CPU STARLINK-2388 qlen_enqueue=1
[Task 541] Task eseguito su STARLINK-11724 [DTC] 44.56481932766904 degrees | CPU=0.1220J, NET=0.0000J, TOTAL=0.1220J, Remaining=119990.32J
[276.478] Task 541 served on STARLINK-11724 [DTC] qlen_enqueue_cpu=1 qlen_enqueue_net=None time_in_queue=0.000
[541][GREEDY] STARLINK-11724 [DTC] -> STARLINK-2647 | Tramission-time: 0.00152045167432796
[541] Energy routing consumed by STARLINK-11724 [DTC]: 0.000000 J (remaining 119990.32)
[Task 542] Task eseguito su STARLINK-2388 63.03635368377943 degrees | CPU=0.0811J, NET=0.0000J, TOTAL=0.0811J, Remaining=119999.80J
[276.512] Task 542 served on STARLINK-2388 qlen_enqueue_cpu=1 qlen_enqueue_net=None time_in_queue=0.000
[MODE: BIDIRECTIONAL]
[541][GREEDY] CONSEGNATO! STARLINK-2647 -> OBS | Tramission-time: 2.7315746289763213e-11
[MODE: BIDIRECTIONAL]
[542][GREEDY] CONSEGNATO! STARLINK-2388 -> OBS | Tramission-time: 1.986857336086231e-11
[Task 536] Task eseguito su STARLINK-33816 65.42337794610144 degrees | CPU=2.6234J, NET=0.0000J, TOTAL=2.6235J, Remaining=119996.45J
[277.132] Task 536 served on STARLINK-33816 qlen_enqueue_cpu=1 qlen_enqueue_net=None time_in_queue=0.000
[536][GREEDY] STARLINK-33816 -> STARLINK-2647 | Tramission-time: 0.0008460746728861668
[536] Energy routing consumed by STARLINK-33816: 0.000000 J (remaining 119996.45)
[MODE: BIDIRECTIONAL]
[536][GREEDY] CONSEGNATO! STARLINK-2647 -> OBS | Tramission-time: 1.8680765958740848e-11
---> Task 543 (Type: CPU_and_Data_Intensive) arriva in 277.39
--- [277.39] Task 543 using SearchNode Policy: v2_ilp_hybrid ---
[277.39] [Task 543] Entering ILP branch (v2)
[ε-constraint energy] sumE_B=0.988176  bound=1.086993  active=False
[ILP] res_type=dict value_preview={'stage': 'B', 'status': 'Optimal', 'primary': 'energy', 'tol': 0.1, 'opt_primary': 0.9881756317429314, 'objective_secondary': 0.6113369498901278, 'sumE': 0.988
[277.39] [Task 543] ILP chose server: STARLINK-11724 [DTC]
[277.39] [Task 543] Routed STARLINK-33881 -> STARLINK-11724 [DTC] | E_NET=0.146263 J | Remaining=119999.85 J
[Task 540] Task eseguito su STARLINK-11564 [DTC] 29.143351640958073 degrees | CPU=2.2346J, NET=0.0000J, TOTAL=2.2346J, Remaining=119995.37J
[277.527] Task 540 served on STARLINK-11564 [DTC] qlen_enqueue_cpu=1 qlen_enqueue_net=None time_in_queue=0.000
[277.542] Task 543 enqueued on CPU STARLINK-11724 [DTC] qlen_enqueue=1
[540][GREEDY] STARLINK-11564 [DTC] -> STARLINK-2647 | Tramission-time: 0.0019996493344902806
[540] Energy routing consumed by STARLINK-11564 [DTC]: 0.000000 J (remaining 119995.37)
[MODE: BIDIRECTIONAL]
[540][GREEDY] CONSEGNATO! STARLINK-2647 -> OBS | Tramission-time: 1.1928215308292726e-11
---> Task 544 (Type: Generic_Service) arriva in 277.78
--- [277.78] Task 544 using SearchNode Policy: v2_ilp_hybrid ---
[277.78] [Task 544] Entering ILP branch (v2)
[ε-constraint energy] sumE_B=0.082231  bound=0.090455  active=False
[ILP] res_type=dict value_preview={'stage': 'B', 'status': 'Optimal', 'primary': 'energy', 'tol': 0.1, 'opt_primary': 0.08223138748145747, 'objective_secondary': 0.044158654716750026, 'sumE': 0.
[277.78] [Task 544] ILP chose server: STARLINK-32743
[277.78] [Task 544] Routed STARLINK-5794 -> STARLINK-32743 | E_NET=0.000035 J | Remaining=119999.89 J
[277.785] Task 544 enqueued on CPU STARLINK-32743 qlen_enqueue=1
[Task 544] Task eseguito su STARLINK-32743 51.16613147619692 degrees | CPU=0.0822J, NET=0.0000J, TOTAL=0.0822J, Remaining=119998.33J
[277.831] Task 544 served on STARLINK-32743 qlen_enqueue_cpu=1 qlen_enqueue_net=None time_in_queue=0.000
[544][GREEDY] STARLINK-32743 -> STARLINK-2647 | Tramission-time: 0.001478428843412756
[544] Energy routing consumed by STARLINK-32743: 0.000000 J (remaining 119998.33)
[MODE: BIDIRECTIONAL]
[544][GREEDY] CONSEGNATO! STARLINK-2647 -> OBS | Tramission-time: 2.4496936100867753e-11
[277.979] Task 543 enqueued on NET STARLINK-11724 [DTC] qlen_enqueue_net=1
----------------------------------------------------------------------
	||TIME IN SIMULATION : (seconds:278) (minutes: 4) ||

MODIFICA CONFIGURAZIONE IN CORSO...

Aggiornato il Tempo Globale:  2025-11-20 20:59:52
[Task 543] Task eseguito su STARLINK-11724 [DTC] 43.66661603205837 degrees | CPU=0.8136J, NET=0.1463J, TOTAL=0.9598J, Remaining=119989.36J
[278.125] Task 543 served on STARLINK-11724 [DTC] qlen_enqueue_cpu=1 qlen_enqueue_net=1 time_in_queue=0.000
[543][GREEDY] STARLINK-11724 [DTC] -> STARLINK-2647 | Tramission-time: 0.0015140244352737904
[543] Energy routing consumed by STARLINK-11724 [DTC]: 0.000000 J (remaining 119989.36)
[MODE: BIDIRECTIONAL]
[543][GREEDY] CONSEGNATO! STARLINK-2647 -> OBS | Tramission-time: 1.4831518281224174e-07
---> Task 545 (Type: Generic_Service) arriva in 278.40
--- [278.40] Task 545 using SearchNode Policy: v2_ilp_hybrid ---
[278.40] [Task 545] Entering ILP branch (v2)
[ε-constraint energy] sumE_B=0.109140  bound=0.120054  active=False
[ILP] res_type=dict value_preview={'stage': 'B', 'status': 'Optimal', 'primary': 'energy', 'tol': 0.1, 'opt_primary': 0.10914029216819096, 'objective_secondary': 0.058589863917019445, 'sumE': 0.
[278.40] [Task 545] ILP chose server: STARLINK-32442
[278.40] [Task 545] Routed STARLINK-5794 -> STARLINK-32442 | E_NET=0.000006 J | Remaining=119999.89 J
[278.404] Task 545 enqueued on CPU STARLINK-32442 qlen_enqueue=1
[Task 545] Task eseguito su STARLINK-32442 72.0931418341505 degrees | CPU=0.1091J, NET=0.0000J, TOTAL=0.1091J, Remaining=119986.08J
[278.463] Task 545 served on STARLINK-32442 qlen_enqueue_cpu=1 qlen_enqueue_net=None time_in_queue=0.000
[545][GREEDY] STARLINK-32442 -> STARLINK-2647 | Tramission-time: 0.0006570316689459255
[545] Energy routing consumed by STARLINK-32442: 0.000000 J (remaining 119986.08)
[MODE: BIDIRECTIONAL]
[545][GREEDY] CONSEGNATO! STARLINK-2647 -> OBS | Tramission-time: 4.81732195841583e-12
---> Task 546 (Type: CPU_Intensive) arriva in 279.65
--- [279.65] Task 546 using SearchNode Policy: v2_ilp_hybrid ---
[279.65] [Task 546] Entering ILP branch (v2)
[ε-constraint energy] sumE_B=0.191662  bound=0.210828  active=False
[ILP] res_type=dict value_preview={'stage': 'B', 'status': 'Optimal', 'primary': 'energy', 'tol': 0.1, 'opt_primary': 0.19166222780428263, 'objective_secondary': 0.10290236635708809, 'sumE': 0.1
[279.65] [Task 546] ILP chose server: STARLINK-32442
[279.65] [Task 546] Routed STARLINK-5794 -> STARLINK-32442 | E_NET=0.000036 J | Remaining=119999.89 J
[279.647] Task 546 enqueued on CPU STARLINK-32442 qlen_enqueue=1
[Task 546] Task eseguito su STARLINK-32442 72.0931418341505 degrees | CPU=0.1916J, NET=0.0000J, TOTAL=0.1917J, Remaining=119985.89J
[279.753] Task 546 served on STARLINK-32442 qlen_enqueue_cpu=1 qlen_enqueue_net=None time_in_queue=0.000
---> Task 547 (Type: CPU_Intensive) arriva in 279.80
--- [279.80] Task 547 using SearchNode Policy: v2_ilp_hybrid ---
[279.80] [Task 547] Entering ILP branch (v2)
[ε-constraint energy] sumE_B=3.561159  bound=3.917275  active=False
[ILP] res_type=dict value_preview={'stage': 'B', 'status': 'Optimal', 'primary': 'energy', 'tol': 0.1, 'opt_primary': 3.561158785666615, 'objective_secondary': 1.9116481879200855, 'sumE': 3.5611
[279.80] [Task 547] ILP chose server: STARLINK-32442
[279.80] [Task 547] Routed STARLINK-5794 -> STARLINK-32442 | E_NET=0.000018 J | Remaining=119999.89 J
[279.799] Task 547 enqueued on CPU STARLINK-32442 qlen_enqueue=1
[546][GREEDY] STARLINK-32442 -> STARLINK-2647 | Tramission-time: 0.0006570316889283065
[546] Energy routing consumed by STARLINK-32442: 0.000000 J (remaining 119985.89)
[MODE: BIDIRECTIONAL]
[546][GREEDY] CONSEGNATO! STARLINK-2647 -> OBS | Tramission-time: 3.011227103592795e-11
----------------------------------------------------------------------
	||TIME IN SIMULATION : (seconds:280) (minutes: 4) ||

MODIFICA CONFIGURAZIONE IN CORSO...

Aggiornato il Tempo Globale:  2025-11-20 20:59:54
---> Task 548 (Type: Generic_Service) arriva in 280.13
--- [280.13] Task 548 using SearchNode Policy: v2_ilp_hybrid ---
[280.13] [Task 548] Entering ILP branch (v2)
[ε-constraint energy] sumE_B=0.192194  bound=0.211414  active=False
[ILP] res_type=dict value_preview={'stage': 'B', 'status': 'Optimal', 'primary': 'energy', 'tol': 0.1, 'opt_primary': 0.19219426044079177, 'objective_secondary': 0.1031834438153437, 'sumE': 0.19
[280.13] [Task 548] ILP chose server: STARLINK-32743
[280.13] [Task 548] Routed STARLINK-30604 -> STARLINK-32743 | E_NET=0.000024 J | Remaining=120000.00 J
[280.130] Task 548 enqueued on CPU STARLINK-32743 qlen_enqueue=1
[Task 548] Task eseguito su STARLINK-32743 49.39470321394447 degrees | CPU=0.1922J, NET=0.0000J, TOTAL=0.1922J, Remaining=119998.14J
[280.235] Task 548 served on STARLINK-32743 qlen_enqueue_cpu=1 qlen_enqueue_net=None time_in_queue=0.000
[548][GREEDY] STARLINK-32743 -> STARLINK-2647 | Tramission-time: 0.001464688990257741
[548] Energy routing consumed by STARLINK-32743: 0.000000 J (remaining 119998.14)
[MODE: BIDIRECTIONAL]
[548][GREEDY] CONSEGNATO! STARLINK-2647 -> OBS | Tramission-time: 1.9333886562976518e-11
---> Task 549 (Type: CPU_and_Data_Intensive) arriva in 280.59
--- [280.59] Task 549 using SearchNode Policy: v2_ilp_hybrid ---
[280.59] [Task 549] Entering ILP branch (v2)
[ε-constraint energy] sumE_B=0.923466  bound=1.015812  active=False
[ILP] res_type=dict value_preview={'stage': 'B', 'status': 'Optimal', 'primary': 'energy', 'tol': 0.1, 'opt_primary': 0.9234659011234757, 'objective_secondary': 0.4961733529322476, 'sumE': 0.923
[280.59] [Task 549] ILP chose server: STARLINK-32743
[280.59] [Task 549] Routed STARLINK-30604 -> STARLINK-32743 | E_NET=0.000833 J | Remaining=120000.00 J
[280.589] Task 549 enqueued on CPU STARLINK-32743 qlen_enqueue=1
---> Task 550 (Type: Generic_Service) arriva in 280.70
--- [280.70] Task 550 using SearchNode Policy: v2_ilp_hybrid ---
[280.70] [Task 550] Entering ILP branch (v2)
[ε-constraint energy] sumE_B=0.062491  bound=0.068740  active=False
[ILP] res_type=dict value_preview={'stage': 'B', 'status': 'Optimal', 'primary': 'energy', 'tol': 0.1, 'opt_primary': 0.06249108665066624, 'objective_secondary': 0.03356235873557206, 'sumE': 0.0
[280.70] [Task 550] ILP chose server: STARLINK-32378
[280.70] [Task 550] Routed STARLINK-30604 -> STARLINK-32378 | E_NET=0.000027 J | Remaining=120000.00 J
---> Task 551 (Type: Generic_Service) arriva in 280.70
--- [280.70] Task 551 using SearchNode Policy: v2_ilp_hybrid ---
[280.70] [Task 551] Entering ILP branch (v2)
[ε-constraint energy] sumE_B=0.038982  bound=0.042881  active=False
[ILP] res_type=dict value_preview={'stage': 'B', 'status': 'Optimal', 'primary': 'energy', 'tol': 0.1, 'opt_primary': 0.0389824009503288, 'objective_secondary': 0.0209390026893892, 'sumE': 0.038
[280.70] [Task 551] ILP chose server: STARLINK-32378
[280.70] [Task 551] Routed STARLINK-30604 -> STARLINK-32378 | E_NET=0.000021 J | Remaining=120000.00 J
[280.703] Task 550 enqueued on CPU STARLINK-32378 qlen_enqueue=1
[Task 551] REJECTED on STARLINK-32378 due to: Deadline Exceeded
[280.70] [Task 551] assignment failed on STARLINK-32378 reason=None
[FALLBACK-ILP-C1][280.70] Task 551 tenta su STARLINK-5964 (tentativo 1)
[280.70] [Task 551] Routed STARLINK-30604 -> STARLINK-5964 | E_NET=0.000022 J | Remaining=120000.00 J
[280.707] Task 551 enqueued on CPU STARLINK-5964 qlen_enqueue=1
[Task 551] Task eseguito su STARLINK-5964 32.13919811044668 degrees | CPU=0.0390J, NET=0.0000J, TOTAL=0.0390J, Remaining=119999.96J
[280.730] Task 551 served on STARLINK-5964 qlen_enqueue_cpu=1 qlen_enqueue_net=None time_in_queue=0.000
[Task 550] Task eseguito su STARLINK-32378 30.121003037263254 degrees | CPU=0.0625J, NET=0.0000J, TOTAL=0.0625J, Remaining=119993.86J
[280.739] Task 550 served on STARLINK-32378 qlen_enqueue_cpu=1 qlen_enqueue_net=None time_in_queue=0.000
[550][GREEDY] STARLINK-32378 -> STARLINK-30604 | Tramission-time: 0.0021092288884445713
[550] Energy routing consumed by STARLINK-32378: 0.000000 J (remaining 119993.86)
[551][GREEDY] STARLINK-5964 -> STARLINK-33881 | Tramission-time: 0.001814349649062227
[551] Energy routing consumed by STARLINK-5964: 0.000000 J (remaining 119999.96)
[MODE: BIDIRECTIONAL]
[550][GREEDY] CONSEGNATO! STARLINK-30604 -> OBS | Tramission-time: 2.5329728850773913e-11
[MODE: BIDIRECTIONAL]
[551][GREEDY] CONSEGNATO! STARLINK-33881 -> OBS | Tramission-time: 2.3595442066281194e-11
[281.084] Task 549 enqueued on NET STARLINK-32743 qlen_enqueue_net=1
[Task 549] Task eseguito su STARLINK-32743 49.39470321394447 degrees | CPU=0.9225J, NET=0.0008J, TOTAL=0.9233J, Remaining=119997.22J
[281.085] Task 549 served on STARLINK-32743 qlen_enqueue_cpu=1 qlen_enqueue_net=1 time_in_queue=0.000
[549][GREEDY] STARLINK-32743 -> STARLINK-2647 | Tramission-time: 0.001464689678192805
[549] Energy routing consumed by STARLINK-32743: 0.000000 J (remaining 119997.22)
[MODE: BIDIRECTIONAL]
[549][GREEDY] CONSEGNATO! STARLINK-2647 -> OBS | Tramission-time: 7.632244250741217e-10
---> Task 552 (Type: CPU_Intensive) arriva in 281.38
--- [281.38] Task 552 using SearchNode Policy: v2_ilp_hybrid ---
[281.38] [Task 552] Entering ILP branch (v2)
[ε-constraint energy] sumE_B=0.710338  bound=0.781372  active=False
[ILP] res_type=dict value_preview={'stage': 'B', 'status': 'Optimal', 'primary': 'energy', 'tol': 0.1, 'opt_primary': 0.7103378174326846, 'objective_secondary': 0.3813298647735169, 'sumE': 0.710
[281.38] [Task 552] ILP chose server: STARLINK-32743
[281.38] [Task 552] Routed STARLINK-30604 -> STARLINK-32743 | E_NET=0.000034 J | Remaining=120000.00 J
[281.382] Task 552 enqueued on CPU STARLINK-32743 qlen_enqueue=1
---> Task 553 (Type: Generic_Service) arriva in 281.48
--- [281.48] Task 553 using SearchNode Policy: v2_ilp_hybrid ---
[281.48] [Task 553] Entering ILP branch (v2)
[ε-constraint energy] sumE_B=0.030125  bound=0.033137  active=False
[ILP] res_type=dict value_preview={'stage': 'B', 'status': 'Optimal', 'primary': 'energy', 'tol': 0.1, 'opt_primary': 0.030124827085362564, 'objective_secondary': 0.016180463392724616, 'sumE': 0
[281.48] [Task 553] ILP chose server: STARLINK-32378
[281.48] [Task 553] Routed STARLINK-30604 -> STARLINK-32378 | E_NET=0.000015 J | Remaining=120000.00 J
[281.484] Task 553 enqueued on CPU STARLINK-32378 qlen_enqueue=1
[Task 553] Task eseguito su STARLINK-32378 30.121003037263254 degrees | CPU=0.0301J, NET=0.0000J, TOTAL=0.0301J, Remaining=119993.83J
[281.501] Task 553 served on STARLINK-32378 qlen_enqueue_cpu=1 qlen_enqueue_net=None time_in_queue=0.000
[553][GREEDY] STARLINK-32378 -> STARLINK-30604 | Tramission-time: 0.0021092288787312274
[553] Energy routing consumed by STARLINK-32378: 0.000000 J (remaining 119993.83)
[MODE: BIDIRECTIONAL]
[553][GREEDY] CONSEGNATO! STARLINK-30604 -> OBS | Tramission-time: 1.431140552837386e-11
[Task 547] Task eseguito su STARLINK-32442 71.65515241649561 degrees | CPU=3.5611J, NET=0.0000J, TOTAL=3.5612J, Remaining=119982.32J
[281.712] Task 547 served on STARLINK-32442 qlen_enqueue_cpu=1 qlen_enqueue_net=None time_in_queue=0.000
[547][GREEDY] STARLINK-32442 -> STARLINK-2647 | Tramission-time: 0.0006590600750604136
[547] Energy routing consumed by STARLINK-32442: 0.000000 J (remaining 119982.32)
[Task 552] Task eseguito su STARLINK-32743 49.39470321394447 degrees | CPU=0.7103J, NET=0.0000J, TOTAL=0.7103J, Remaining=119996.51J
[281.766] Task 552 served on STARLINK-32743 qlen_enqueue_cpu=1 qlen_enqueue_net=None time_in_queue=0.000
[552][GREEDY] STARLINK-32743 -> STARLINK-2647 | Tramission-time: 0.0014646890022085874
[552] Energy routing consumed by STARLINK-32743: 0.000000 J (remaining 119996.51)
[MODE: BIDIRECTIONAL]
[547][GREEDY] CONSEGNATO! STARLINK-2647 -> OBS | Tramission-time: 1.645064861112794e-11
[MODE: BIDIRECTIONAL]
[552][GREEDY] CONSEGNATO! STARLINK-2647 -> OBS | Tramission-time: 2.688202740196449e-11
----------------------------------------------------------------------
	||TIME IN SIMULATION : (seconds:282) (minutes: 4) ||

MODIFICA CONFIGURAZIONE IN CORSO...

Aggiornato il Tempo Globale:  2025-11-20 20:59:56
---> Task 554 (Type: CPU_Intensive) arriva in 282.66
--- [282.66] Task 554 using SearchNode Policy: v2_ilp_hybrid ---
[282.66] [Task 554] Entering ILP branch (v2)
[ε-constraint energy] sumE_B=0.468792  bound=0.515671  active=False
[ILP] res_type=dict value_preview={'stage': 'B', 'status': 'Optimal', 'primary': 'energy', 'tol': 0.1, 'opt_primary': 0.4687919086674088, 'objective_secondary': 0.25166173952865556, 'sumE': 0.46
[282.66] [Task 554] ILP chose server: STARLINK-32743
[282.66] [Task 554] Routed STARLINK-30604 -> STARLINK-32743 | E_NET=0.000022 J | Remaining=120000.00 J
[282.663] Task 554 enqueued on CPU STARLINK-32743 qlen_enqueue=1
[Task 554] Task eseguito su STARLINK-32743 48.51900383744525 degrees | CPU=0.4688J, NET=0.0000J, TOTAL=0.4688J, Remaining=119996.04J
[282.916] Task 554 served on STARLINK-32743 qlen_enqueue_cpu=1 qlen_enqueue_net=None time_in_queue=0.000
[554][GREEDY] STARLINK-32743 -> STARLINK-33881 | Tramission-time: 0.0021663705109432633
[554] Energy routing consumed by STARLINK-32743: 0.000000 J (remaining 119996.04)
[MODE: BIDIRECTIONAL]
[554][GREEDY] CONSEGNATO! STARLINK-33881 -> OBS | Tramission-time: 2.6469926043718792e-11
---> Task 555 (Type: CPU_and_Data_Intensive) arriva in 283.13
--- [283.13] Task 555 using SearchNode Policy: v2_ilp_hybrid ---
[283.13] [Task 555] Entering ILP branch (v2)
[ε-constraint energy] sumE_B=2.969098  bound=3.266008  active=False
[ILP] res_type=dict value_preview={'stage': 'B', 'status': 'Optimal', 'primary': 'energy', 'tol': 0.1, 'opt_primary': 2.969098047892239, 'objective_secondary': 1.5953806670883857, 'sumE': 2.9690
[283.13] [Task 555] ILP chose server: STARLINK-32743
[283.13] [Task 555] Routed STARLINK-30604 -> STARLINK-32743 | E_NET=0.002625 J | Remaining=120000.00 J
[283.138] Task 555 enqueued on CPU STARLINK-32743 qlen_enqueue=1
----------------------------------------------------------------------
	||TIME IN SIMULATION : (seconds:284) (minutes: 4) ||

MODIFICA CONFIGURAZIONE IN CORSO...

Aggiornato il Tempo Globale:  2025-11-20 20:59:58
---> Task 556 (Type: CPU_and_Data_Intensive) arriva in 284.23
--- [284.23] Task 556 using SearchNode Policy: v2_ilp_hybrid ---
[284.23] [Task 556] Entering ILP branch (v2)
[ε-constraint energy] sumE_B=0.219325  bound=0.241257  active=False
[ILP] res_type=dict value_preview={'stage': 'B', 'status': 'Optimal', 'primary': 'energy', 'tol': 0.1, 'opt_primary': 0.21932478733893307, 'objective_secondary': 0.11813304325323966, 'sumE': 0.2
[284.23] [Task 556] ILP chose server: STARLINK-32442
[284.23] [Task 556] Routed STARLINK-30517 -> STARLINK-32442 | E_NET=0.000716 J | Remaining=120000.00 J
[284.230] Task 556 enqueued on CPU STARLINK-32442 qlen_enqueue=1
[284.347] Task 556 enqueued on NET STARLINK-32442 qlen_enqueue_net=1
[Task 556] Task eseguito su STARLINK-32442 70.39958475466997 degrees | CPU=0.2185J, NET=0.0007J, TOTAL=0.2192J, Remaining=119982.10J
[284.348] Task 556 served on STARLINK-32442 qlen_enqueue_cpu=1 qlen_enqueue_net=1 time_in_queue=0.000
[556][GREEDY] STARLINK-32442 -> STARLINK-33881 | Tramission-time: 0.001044897080252401
[556] Energy routing consumed by STARLINK-32442: 0.000000 J (remaining 119982.10)
[MODE: BIDIRECTIONAL]
[556][GREEDY] CONSEGNATO! STARLINK-33881 -> OBS | Tramission-time: 7.559658268546187e-10
[284.730] Task 555 enqueued on NET STARLINK-32743 qlen_enqueue_net=1
[Task 555] Task eseguito su STARLINK-32743 47.651957705204715 degrees | CPU=2.9657J, NET=0.0026J, TOTAL=2.9684J, Remaining=119993.07J
[284.733] Task 555 served on STARLINK-32743 qlen_enqueue_cpu=1 qlen_enqueue_net=1 time_in_queue=0.000
[555][GREEDY] STARLINK-32743 -> STARLINK-33881 | Tramission-time: 0.0021781927916941246
[555] Energy routing consumed by STARLINK-32743: 0.000000 J (remaining 119993.07)
[MODE: BIDIRECTIONAL]
[555][GREEDY] CONSEGNATO! STARLINK-33881 -> OBS | Tramission-time: 2.731605467825856e-09
---> Task 557 (Type: Generic_Service) arriva in 285.04
--- [285.04] Task 557 using SearchNode Policy: v2_ilp_hybrid ---
[285.04] [Task 557] Entering ILP branch (v2)
[ε-constraint energy] sumE_B=0.125077  bound=0.137584  active=False
[ILP] res_type=dict value_preview={'stage': 'B', 'status': 'Optimal', 'primary': 'energy', 'tol': 0.1, 'opt_primary': 0.12507678620048637, 'objective_secondary': 0.06715187188529655, 'sumE': 0.1
[285.04] [Task 557] ILP chose server: STARLINK-32743
[285.04] [Task 557] Routed STARLINK-30517 -> STARLINK-32743 | E_NET=0.000022 J | Remaining=120000.00 J
[285.037] Task 557 enqueued on CPU STARLINK-32743 qlen_enqueue=1
[Task 557] Task eseguito su STARLINK-32743 47.651957705204715 degrees | CPU=0.1251J, NET=0.0000J, TOTAL=0.1251J, Remaining=119992.94J
[285.106] Task 557 served on STARLINK-32743 qlen_enqueue_cpu=1 qlen_enqueue_net=None time_in_queue=0.000
[557][GREEDY] STARLINK-32743 -> STARLINK-33881 | Tramission-time: 0.0021781902276850804
[557] Energy routing consumed by STARLINK-32743: 0.000000 J (remaining 119992.94)
[MODE: BIDIRECTIONAL]
[557][GREEDY] CONSEGNATO! STARLINK-33881 -> OBS | Tramission-time: 1.950462755935197e-11
----------------------------------------------------------------------
	||TIME IN SIMULATION : (seconds:286) (minutes: 4) ||

MODIFICA CONFIGURAZIONE IN CORSO...

Aggiornato il Tempo Globale:  2025-11-20 21:00:00
---> Task 558 (Type: CPU_and_Data_Intensive) arriva in 286.50
--- [286.50] Task 558 using SearchNode Policy: v2_ilp_hybrid ---
[286.50] [Task 558] Entering ILP branch (v2)
[ε-constraint energy] sumE_B=0.011749  bound=0.012923  active=False
[ILP] res_type=dict value_preview={'stage': 'B', 'status': 'Optimal', 'primary': 'energy', 'tol': 0.1, 'opt_primary': 0.011748572198119806, 'objective_secondary': 0.010951574374642356, 'sumE': 0
[286.50] [Task 558] ILP chose server: STARLINK-11564 [DTC]
[286.50] [Task 558] Routed STARLINK-30517 -> STARLINK-11564 [DTC] | E_NET=0.007061 J | Remaining=119999.99 J
[286.509] Task 558 enqueued on CPU STARLINK-11564 [DTC] qlen_enqueue=1
[286.510] Task 558 enqueued on NET STARLINK-11564 [DTC] qlen_enqueue_net=1
[Task 558] Task eseguito su STARLINK-11564 [DTC] 32.898937395871265 degrees | CPU=0.0017J, NET=0.0071J, TOTAL=0.0088J, Remaining=119995.36J
[286.517] Task 558 served on STARLINK-11564 [DTC] qlen_enqueue_cpu=1 qlen_enqueue_net=1 time_in_queue=0.000
[558][GREEDY] STARLINK-11564 [DTC] -> STARLINK-33881 | Tramission-time: 0.0010695133158589102
[558] Energy routing consumed by STARLINK-11564 [DTC]: 0.000000 J (remaining 119995.36)
[MODE: BIDIRECTIONAL]
[558][GREEDY] CONSEGNATO! STARLINK-33881 -> OBS | Tramission-time: 6.927648947792045e-09
---> Task 559 (Type: CPU_and_Data_Intensive) arriva in 286.80
--- [286.80] Task 559 using SearchNode Policy: v2_ilp_hybrid ---
[286.80] [Task 559] Entering ILP branch (v2)
[ε-constraint energy] sumE_B=0.274202  bound=0.301622  active=False
[ILP] res_type=dict value_preview={'stage': 'B', 'status': 'Optimal', 'primary': 'energy', 'tol': 0.1, 'opt_primary': 0.27420219843737076, 'objective_secondary': 0.15103931226585976, 'sumE': 0.2
[286.80] [Task 559] ILP chose server: STARLINK-11564 [DTC]
[286.80] [Task 559] Routed STARLINK-30604 -> STARLINK-11564 [DTC] | E_NET=0.005864 J | Remaining=119999.99 J
[286.807] Task 559 enqueued on CPU STARLINK-11564 [DTC] qlen_enqueue=1
[286.950] Task 559 enqueued on NET STARLINK-11564 [DTC] qlen_enqueue_net=1
[Task 559] Task eseguito su STARLINK-11564 [DTC] 32.898937395871265 degrees | CPU=0.2659J, NET=0.0059J, TOTAL=0.2718J, Remaining=119995.09J
[286.956] Task 559 served on STARLINK-11564 [DTC] qlen_enqueue_cpu=1 qlen_enqueue_net=1 time_in_queue=0.000
[559][GREEDY] STARLINK-11564 [DTC] -> STARLINK-33881 | Tramission-time: 0.0010695106482200795
[559] Energy routing consumed by STARLINK-11564 [DTC]: 0.000000 J (remaining 119995.09)
---> Task 560 (Type: Generic_Service) arriva in 287.12
--- [287.12] Task 560 using SearchNode Policy: v2_ilp_hybrid ---
[287.12] [Task 560] Entering ILP branch (v2)
[ε-constraint energy] sumE_B=0.013254  bound=0.014580  active=False
[ILP] res_type=dict value_preview={'stage': 'B', 'status': 'Optimal', 'primary': 'energy', 'tol': 0.1, 'opt_primary': 0.013254472773545791, 'objective_secondary': 0.007131904367032448, 'sumE': 0
[287.12] [Task 560] ILP chose server: STARLINK-11564 [DTC]
[287.12] [Task 560] Routed STARLINK-30517 -> STARLINK-11564 [DTC] | E_NET=0.000026 J | Remaining=119999.99 J
[287.117] Task 560 enqueued on CPU STARLINK-11564 [DTC] qlen_enqueue=1
[Task 560] Task eseguito su STARLINK-11564 [DTC] 32.898937395871265 degrees | CPU=0.0132J, NET=0.0000J, TOTAL=0.0132J, Remaining=119995.08J
[287.127] Task 560 served on STARLINK-11564 [DTC] qlen_enqueue_cpu=1 qlen_enqueue_net=None time_in_queue=0.000
[MODE: BIDIRECTIONAL]
[559][GREEDY] CONSEGNATO! STARLINK-33881 -> OBS | Tramission-time: 5.762651711587754e-09
[560][GREEDY] STARLINK-11564 [DTC] -> STARLINK-33881 | Tramission-time: 0.0010695038301158917
[560] Energy routing consumed by STARLINK-11564 [DTC]: 0.000000 J (remaining 119995.08)
[MODE: BIDIRECTIONAL]
[560][GREEDY] CONSEGNATO! STARLINK-33881 -> OBS | Tramission-time: 3.455554738955128e-11
---> Task 561 (Type: CPU_Intensive) arriva in 287.36
--- [287.36] Task 561 using SearchNode Policy: v2_ilp_hybrid ---
[287.36] [Task 561] Entering ILP branch (v2)
[ε-constraint energy] sumE_B=0.598149  bound=0.657964  active=False
[ILP] res_type=dict value_preview={'stage': 'B', 'status': 'Optimal', 'primary': 'energy', 'tol': 0.1, 'opt_primary': 0.5981493916483218, 'objective_secondary': 0.3211060830085999, 'sumE': 0.598
[287.36] [Task 561] ILP chose server: STARLINK-11564 [DTC]
[287.36] [Task 561] Routed STARLINK-30517 -> STARLINK-11564 [DTC] | E_NET=0.000027 J | Remaining=119999.99 J
[287.364] Task 561 enqueued on CPU STARLINK-11564 [DTC] qlen_enqueue=1
[Task 561] Task eseguito su STARLINK-11564 [DTC] 32.898937395871265 degrees | CPU=0.5981J, NET=0.0000J, TOTAL=0.5981J, Remaining=119994.48J
[287.688] Task 561 served on STARLINK-11564 [DTC] qlen_enqueue_cpu=1 qlen_enqueue_net=None time_in_queue=0.000
[561][GREEDY] STARLINK-11564 [DTC] -> STARLINK-33881 | Tramission-time: 0.0010695038306230418
[561] Energy routing consumed by STARLINK-11564 [DTC]: 0.000000 J (remaining 119994.48)
---> Task 562 (Type: CPU_Intensive) arriva in 287.81
--- [287.81] Task 562 using SearchNode Policy: v2_ilp_hybrid ---
[287.81] [Task 562] Entering ILP branch (v2)
[ε-constraint energy] sumE_B=1.652531  bound=1.817784  active=False
[ILP] res_type=dict value_preview={'stage': 'B', 'status': 'Optimal', 'primary': 'energy', 'tol': 0.1, 'opt_primary': 1.6525308230548188, 'objective_secondary': 0.8870884377091077, 'sumE': 1.652
[287.81] [Task 562] ILP chose server: STARLINK-11564 [DTC]
[287.81] [Task 562] Routed STARLINK-30517 -> STARLINK-11564 [DTC] | E_NET=0.000009 J | Remaining=119999.99 J
[287.812] Task 562 enqueued on CPU STARLINK-11564 [DTC] qlen_enqueue=1
[MODE: BIDIRECTIONAL]
[561][GREEDY] CONSEGNATO! STARLINK-33881 -> OBS | Tramission-time: 3.259059262456658e-11
----------------------------------------------------------------------
	||TIME IN SIMULATION : (seconds:288) (minutes: 4) ||

MODIFICA CONFIGURAZIONE IN CORSO...

Aggiornato il Tempo Globale:  2025-11-20 21:00:02
[Task 562] Task eseguito su STARLINK-11564 [DTC] 33.72915220534106 degrees | CPU=1.6525J, NET=0.0000J, TOTAL=1.6525J, Remaining=119992.83J
[288.700] Task 562 served on STARLINK-11564 [DTC] qlen_enqueue_cpu=1 qlen_enqueue_net=None time_in_queue=0.000
[562][GREEDY] STARLINK-11564 [DTC] -> STARLINK-33881 | Tramission-time: 0.0010658944338411299
[562] Energy routing consumed by STARLINK-11564 [DTC]: 0.000000 J (remaining 119992.83)
[MODE: BIDIRECTIONAL]
[562][GREEDY] CONSEGNATO! STARLINK-33881 -> OBS | Tramission-time: 1.1321814163220092e-11
---> Task 563 (Type: CPU_and_Data_Intensive) arriva in 288.96
--- [288.96] Task 563 using SearchNode Policy: v2_ilp_hybrid ---
[288.96] [Task 563] Entering ILP branch (v2)
[ε-constraint energy] sumE_B=0.346122  bound=0.380734  active=False
[ILP] res_type=dict value_preview={'stage': 'B', 'status': 'Optimal', 'primary': 'energy', 'tol': 0.1, 'opt_primary': 0.34612170313551266, 'objective_secondary': 0.18617814947725847, 'sumE': 0.3
[288.96] [Task 563] ILP chose server: STARLINK-11564 [DTC]
[288.96] [Task 563] Routed STARLINK-30517 -> STARLINK-11564 [DTC] | E_NET=0.000623 J | Remaining=119999.99 J
[288.962] Task 563 enqueued on CPU STARLINK-11564 [DTC] qlen_enqueue=1
---> Task 564 (Type: Generic_Service) arriva in 288.97
--- [288.97] Task 564 using SearchNode Policy: v2_ilp_hybrid ---
[288.97] [Task 564] Entering ILP branch (v2)
[ε-constraint energy] sumE_B=0.422781  bound=0.465059  active=False
[ILP] res_type=dict value_preview={'stage': 'B', 'status': 'Optimal', 'primary': 'energy', 'tol': 0.1, 'opt_primary': 0.42278080863335626, 'objective_secondary': 0.22695439038308096, 'sumE': 0.4
[288.97] [Task 564] ILP chose server: STARLINK-2388
[288.97] [Task 564] Routed STARLINK-30517 -> STARLINK-2388 | E_NET=0.000007 J | Remaining=119999.99 J
[288.971] Task 564 enqueued on CPU STARLINK-2388 qlen_enqueue=1
[289.147] Task 563 enqueued on NET STARLINK-11564 [DTC] qlen_enqueue_net=1
[Task 563] Task eseguito su STARLINK-11564 [DTC] 33.72915220534106 degrees | CPU=0.3453J, NET=0.0006J, TOTAL=0.3459J, Remaining=119992.48J
[289.148] Task 563 served on STARLINK-11564 [DTC] qlen_enqueue_cpu=1 qlen_enqueue_net=1 time_in_queue=0.000
[Task 564] Task eseguito su STARLINK-2388 64.83854198742945 degrees | CPU=0.4228J, NET=0.0000J, TOTAL=0.4228J, Remaining=119999.38J
[289.199] Task 564 served on STARLINK-2388 qlen_enqueue_cpu=1 qlen_enqueue_net=None time_in_queue=0.000
[MODE: BIDIRECTIONAL]
[564][GREEDY] CONSEGNATO! STARLINK-2388 -> OBS | Tramission-time: 7.089114736788289e-12
[563][GREEDY] STARLINK-11564 [DTC] -> STARLINK-33881 | Tramission-time: 0.0010658951326050004
[563] Energy routing consumed by STARLINK-11564 [DTC]: 0.000000 J (remaining 119992.48)
[MODE: BIDIRECTIONAL]
[563][GREEDY] CONSEGNATO! STARLINK-33881 -> OBS | Tramission-time: 6.689021387087999e-10
---> Task 565 (Type: CPU_and_Data_Intensive) arriva in 289.86
--- [289.86] Task 565 using SearchNode Policy: v2_ilp_hybrid ---
[289.86] [Task 565] Entering ILP branch (v2)
[ε-constraint energy] sumE_B=1.463519  bound=1.609871  active=False
[ILP] res_type=dict value_preview={'stage': 'B', 'status': 'Optimal', 'primary': 'energy', 'tol': 0.1, 'opt_primary': 1.4635189147987884, 'objective_secondary': 0.7896679935895226, 'sumE': 1.463
[289.86] [Task 565] ILP chose server: STARLINK-11564 [DTC]
[289.86] [Task 565] Routed STARLINK-30517 -> STARLINK-11564 [DTC] | E_NET=0.006651 J | Remaining=119999.98 J
[289.870] Task 565 enqueued on CPU STARLINK-11564 [DTC] qlen_enqueue=1
---> Task 566 (Type: Generic_Service) arriva in 289.90
--- [289.90] Task 566 using SearchNode Policy: v2_ilp_hybrid ---
[289.90] [Task 566] Entering ILP branch (v2)
[ε-constraint energy] sumE_B=0.064454  bound=0.070900  active=False
[ILP] res_type=dict value_preview={'stage': 'B', 'status': 'Optimal', 'primary': 'energy', 'tol': 0.1, 'opt_primary': 0.06445410731613832, 'objective_secondary': 0.0346166252485262, 'sumE': 0.06
[289.90] [Task 566] ILP chose server: STARLINK-11724 [DTC]
[289.90] [Task 566] Routed STARLINK-30604 -> STARLINK-11724 [DTC] | E_NET=0.000029 J | Remaining=119999.99 J
[289.904] Task 566 enqueued on CPU STARLINK-11724 [DTC] qlen_enqueue=1
[Task 566] Task eseguito su STARLINK-11724 [DTC] 39.269317811458876 degrees | CPU=0.0644J, NET=0.0000J, TOTAL=0.0644J, Remaining=119989.30J
[289.941] Task 566 served on STARLINK-11724 [DTC] qlen_enqueue_cpu=1 qlen_enqueue_net=None time_in_queue=0.000
[566][GREEDY] STARLINK-11724 [DTC] -> STARLINK-33881 | Tramission-time: 0.002117212113917028
[566] Energy routing consumed by STARLINK-11724 [DTC]: 0.000000 J (remaining 119989.30)
[MODE: BIDIRECTIONAL]
[566][GREEDY] CONSEGNATO! STARLINK-33881 -> OBS | Tramission-time: 3.049016550458308e-11
----------------------------------------------------------------------
	||TIME IN SIMULATION : (seconds:290) (minutes: 4) ||

MODIFICA CONFIGURAZIONE IN CORSO...

Aggiornato il Tempo Globale:  2025-11-20 21:00:04
---> Task 567 (Type: CPU_and_Data_Intensive) arriva in 290.18
--- [290.18] Task 567 using SearchNode Policy: v2_ilp_hybrid ---
[290.18] [Task 567] Entering ILP branch (v2)
[ε-constraint energy] sumE_B=0.264153  bound=0.290568  active=False
[ILP] res_type=dict value_preview={'stage': 'B', 'status': 'Optimal', 'primary': 'energy', 'tol': 0.1, 'opt_primary': 0.2641530751885291, 'objective_secondary': 0.14214192467932185, 'sumE': 0.26
[290.18] [Task 567] ILP chose server: STARLINK-11724 [DTC]
[290.18] [Task 567] Routed STARLINK-30604 -> STARLINK-11724 [DTC] | E_NET=0.000620 J | Remaining=119999.99 J
[290.182] Task 567 enqueued on CPU STARLINK-11724 [DTC] qlen_enqueue=1
[290.323] Task 567 enqueued on NET STARLINK-11724 [DTC] qlen_enqueue_net=1
[Task 567] Task eseguito su STARLINK-11724 [DTC] 38.42318388345447 degrees | CPU=0.2634J, NET=0.0006J, TOTAL=0.2640J, Remaining=119989.03J
[290.324] Task 567 served on STARLINK-11724 [DTC] qlen_enqueue_cpu=1 qlen_enqueue_net=1 time_in_queue=0.000
[567][GREEDY] STARLINK-11724 [DTC] -> STARLINK-33881 | Tramission-time: 0.0021316839858478293
[567] Energy routing consumed by STARLINK-11724 [DTC]: 0.000000 J (remaining 119989.03)
[MODE: BIDIRECTIONAL]
[567][GREEDY] CONSEGNATO! STARLINK-33881 -> OBS | Tramission-time: 6.284944924700018e-10
---> Task 568 (Type: CPU_Intensive) arriva in 290.42
--- [290.42] Task 568 using SearchNode Policy: v2_ilp_hybrid ---
[290.42] [Task 568] Entering ILP branch (v2)
[ε-constraint energy] sumE_B=0.125823  bound=0.138405  active=False
[ILP] res_type=dict value_preview={'stage': 'B', 'status': 'Optimal', 'primary': 'energy', 'tol': 0.1, 'opt_primary': 0.12582311743062863, 'objective_secondary': 0.06755859764415931, 'sumE': 0.1
[290.42] [Task 568] ILP chose server: STARLINK-11724 [DTC]
[290.42] [Task 568] Routed STARLINK-30604 -> STARLINK-11724 [DTC] | E_NET=0.000030 J | Remaining=119999.99 J
[290.424] Task 568 enqueued on CPU STARLINK-11724 [DTC] qlen_enqueue=1
[Task 568] Task eseguito su STARLINK-11724 [DTC] 38.42318388345447 degrees | CPU=0.1258J, NET=0.0000J, TOTAL=0.1258J, Remaining=119988.91J
[290.494] Task 568 served on STARLINK-11724 [DTC] qlen_enqueue_cpu=1 qlen_enqueue_net=None time_in_queue=0.000
[568][GREEDY] STARLINK-11724 [DTC] -> STARLINK-33881 | Tramission-time: 0.0021316834847446104
[568] Energy routing consumed by STARLINK-11724 [DTC]: 0.000000 J (remaining 119988.91)
[MODE: BIDIRECTIONAL]
[568][GREEDY] CONSEGNATO! STARLINK-33881 -> OBS | Tramission-time: 2.653679890688927e-11
[290.651] Task 565 enqueued on NET STARLINK-11564 [DTC] qlen_enqueue_net=1
[Task 565] Task eseguito su STARLINK-11564 [DTC] 34.58867292179048 degrees | CPU=1.4548J, NET=0.0067J, TOTAL=1.4614J, Remaining=119991.02J
[290.658] Task 565 served on STARLINK-11564 [DTC] qlen_enqueue_cpu=1 qlen_enqueue_net=1 time_in_queue=0.000
[565][GREEDY] STARLINK-11564 [DTC] -> STARLINK-33881 | Tramission-time: 0.0010624754965040271
[565] Energy routing consumed by STARLINK-11564 [DTC]: 0.000000 J (remaining 119991.02)
[MODE: BIDIRECTIONAL]
[565][GREEDY] CONSEGNATO! STARLINK-33881 -> OBS | Tramission-time: 6.555368368779407e-09
---> Task 569 (Type: CPU_Intensive) arriva in 291.11
--- [291.11] Task 569 using SearchNode Policy: v2_ilp_hybrid ---
[291.11] [Task 569] Entering ILP branch (v2)
[ε-constraint energy] sumE_B=0.576065  bound=0.633672  active=False
[ILP] res_type=dict value_preview={'stage': 'B', 'status': 'Optimal', 'primary': 'energy', 'tol': 0.1, 'opt_primary': 0.5760654842542612, 'objective_secondary': 0.30923584291839623, 'sumE': 0.57
[291.11] [Task 569] ILP chose server: STARLINK-11564 [DTC]
[291.11] [Task 569] Routed STARLINK-30604 -> STARLINK-11564 [DTC] | E_NET=0.000005 J | Remaining=119999.99 J
[291.108] Task 569 enqueued on CPU STARLINK-11564 [DTC] qlen_enqueue=1
[Task 569] Task eseguito su STARLINK-11564 [DTC] 34.58867292179048 degrees | CPU=0.5761J, NET=0.0000J, TOTAL=0.5761J, Remaining=119990.44J
[291.418] Task 569 served on STARLINK-11564 [DTC] qlen_enqueue_cpu=1 qlen_enqueue_net=None time_in_queue=0.000
[569][GREEDY] STARLINK-11564 [DTC] -> STARLINK-33881 | Tramission-time: 0.0010624676330898807
[569] Energy routing consumed by STARLINK-11564 [DTC]: 0.000000 J (remaining 119990.44)
[MODE: BIDIRECTIONAL]
[569][GREEDY] CONSEGNATO! STARLINK-33881 -> OBS | Tramission-time: 4.7701193977578715e-12
---> Task 570 (Type: Generic_Service) arriva in 291.94
--- [291.94] Task 570 using SearchNode Policy: v2_ilp_hybrid ---
[291.94] [Task 570] Entering ILP branch (v2)
[ε-constraint energy] sumE_B=0.149182  bound=0.164100  active=False
[ILP] res_type=dict value_preview={'stage': 'B', 'status': 'Optimal', 'primary': 'energy', 'tol': 0.1, 'opt_primary': 0.14918206212922094, 'objective_secondary': 0.08009069054892808, 'sumE': 0.1
[291.94] [Task 570] ILP chose server: STARLINK-11564 [DTC]
[291.94] [Task 570] Routed STARLINK-30604 -> STARLINK-11564 [DTC] | E_NET=0.000019 J | Remaining=119999.99 J
[291.937] Task 570 enqueued on CPU STARLINK-11564 [DTC] qlen_enqueue=1
----------------------------------------------------------------------
	||TIME IN SIMULATION : (seconds:292) (minutes: 4) ||

MODIFICA CONFIGURAZIONE IN CORSO...

Aggiornato il Tempo Globale:  2025-11-20 21:00:06
[Task 570] Task eseguito su STARLINK-11564 [DTC] 35.47886777353763 degrees | CPU=0.1492J, NET=0.0000J, TOTAL=0.1492J, Remaining=119990.29J
[292.018] Task 570 served on STARLINK-11564 [DTC] qlen_enqueue_cpu=1 qlen_enqueue_net=None time_in_queue=0.000
[570][GREEDY] STARLINK-11564 [DTC] -> STARLINK-33881 | Tramission-time: 0.0010592252510563608
[570] Energy routing consumed by STARLINK-11564 [DTC]: 0.000000 J (remaining 119990.29)
[MODE: BIDIRECTIONAL]
[570][GREEDY] CONSEGNATO! STARLINK-33881 -> OBS | Tramission-time: 1.578325131027744e-11
---> Task 571 (Type: Generic_Service) arriva in 292.62
--- [292.62] Task 571 using SearchNode Policy: v2_ilp_hybrid ---
[292.62] [Task 571] Entering ILP branch (v2)
[ε-constraint energy] sumE_B=0.165473  bound=0.182020  active=False
[ILP] res_type=dict value_preview={'stage': 'B', 'status': 'Optimal', 'primary': 'energy', 'tol': 0.1, 'opt_primary': 0.1654729018339806, 'objective_secondary': 0.08882978059514138, 'sumE': 0.16
[292.62] [Task 571] ILP chose server: STARLINK-32442
[292.62] [Task 571] Routed STARLINK-30283 -> STARLINK-32442 | E_NET=0.000007 J | Remaining=120000.00 J
[292.626] Task 571 enqueued on CPU STARLINK-32442 qlen_enqueue=1
---> Task 572 (Type: Generic_Service) arriva in 292.70
--- [292.70] Task 572 using SearchNode Policy: v2_ilp_hybrid ---
[292.70] [Task 572] Entering ILP branch (v2)
[ε-constraint energy] sumE_B=0.007871  bound=0.008658  active=False
[ILP] res_type=dict value_preview={'stage': 'B', 'status': 'Optimal', 'primary': 'energy', 'tol': 0.1, 'opt_primary': 0.007870656424153823, 'objective_secondary': 0.004240608260192969, 'sumE': 0
[292.70] [Task 572] ILP chose server: STARLINK-31782
[292.70] [Task 572] Routed STARLINK-30283 -> STARLINK-31782 | E_NET=0.000025 J | Remaining=120000.00 J
[292.703] Task 572 enqueued on CPU STARLINK-31782 qlen_enqueue=1
[Task 572] Task eseguito su STARLINK-31782 42.14083228132679 degrees | CPU=0.0078J, NET=0.0000J, TOTAL=0.0079J, Remaining=119959.62J
[292.709] Task 572 served on STARLINK-31782 qlen_enqueue_cpu=1 qlen_enqueue_net=None time_in_queue=0.000
[Task 571] Task eseguito su STARLINK-32442 66.79384255665002 degrees | CPU=0.1655J, NET=0.0000J, TOTAL=0.1655J, Remaining=119981.94J
[292.715] Task 571 served on STARLINK-32442 qlen_enqueue_cpu=1 qlen_enqueue_net=None time_in_queue=0.000
[572][GREEDY] STARLINK-31782 -> STARLINK-30517 | Tramission-time: 0.0020713770914533585
[572] Energy routing consumed by STARLINK-31782: 0.000000 J (remaining 119959.62)
[571][GREEDY] STARLINK-32442 -> STARLINK-33881 | Tramission-time: 0.001139038976166908
[571] Energy routing consumed by STARLINK-32442: 0.000000 J (remaining 119981.94)
[MODE: BIDIRECTIONAL]
[572][GREEDY] CONSEGNATO! STARLINK-30517 -> OBS | Tramission-time: 2.446659926607845e-11
[MODE: BIDIRECTIONAL]
[571][GREEDY] CONSEGNATO! STARLINK-33881 -> OBS | Tramission-time: 7.032192358173271e-12
---> Task 573 (Type: Generic_Service) arriva in 292.79
--- [292.79] Task 573 using SearchNode Policy: v2_ilp_hybrid ---
[292.79] [Task 573] Entering ILP branch (v2)
[ε-constraint energy] sumE_B=0.019626  bound=0.021588  active=False
[ILP] res_type=dict value_preview={'stage': 'B', 'status': 'Optimal', 'primary': 'energy', 'tol': 0.1, 'opt_primary': 0.019625699821182802, 'objective_secondary': 0.010542669593808356, 'sumE': 0
[292.79] [Task 573] ILP chose server: STARLINK-32442
[292.79] [Task 573] Routed STARLINK-30283 -> STARLINK-32442 | E_NET=0.000014 J | Remaining=120000.00 J
[292.791] Task 573 enqueued on CPU STARLINK-32442 qlen_enqueue=1
---> Task 574 (Type: CPU_and_Data_Intensive) arriva in 292.80
--- [292.80] Task 574 using SearchNode Policy: v2_ilp_hybrid ---
[292.80] [Task 574] Entering ILP branch (v2)
[ε-constraint energy] sumE_B=1.410794  bound=1.551873  active=False
[ILP] res_type=dict value_preview={'stage': 'B', 'status': 'Optimal', 'primary': 'energy', 'tol': 0.1, 'opt_primary': 1.4107938707829313, 'objective_secondary': 0.7574219262211934, 'sumE': 1.410
[292.80] [Task 574] ILP chose server: STARLINK-31782
[292.80] [Task 574] Routed STARLINK-30283 -> STARLINK-31782 | E_NET=0.000164 J | Remaining=120000.00 J
[292.799] Task 574 enqueued on CPU STARLINK-31782 qlen_enqueue=1
[Task 573] Task eseguito su STARLINK-32442 66.79384255665002 degrees | CPU=0.0196J, NET=0.0000J, TOTAL=0.0196J, Remaining=119981.92J
[292.803] Task 573 served on STARLINK-32442 qlen_enqueue_cpu=1 qlen_enqueue_net=None time_in_queue=0.000
[573][GREEDY] STARLINK-32442 -> STARLINK-33881 | Tramission-time: 0.0011390389820005518
[573] Energy routing consumed by STARLINK-32442: 0.000000 J (remaining 119981.92)
[MODE: BIDIRECTIONAL]
[573][GREEDY] CONSEGNATO! STARLINK-33881 -> OBS | Tramission-time: 1.5021524657647052e-11
---> Task 575 (Type: CPU_and_Data_Intensive) arriva in 293.16
--- [293.16] Task 575 using SearchNode Policy: v2_ilp_hybrid ---
[293.16] [Task 575] Entering ILP branch (v2)
[ε-constraint energy] sumE_B=0.074663  bound=0.082129  active=False
[ILP] res_type=dict value_preview={'stage': 'B', 'status': 'Optimal', 'primary': 'energy', 'tol': 0.1, 'opt_primary': 0.07466262770158952, 'objective_secondary': 0.044540866219192, 'sumE': 0.074
[293.16] [Task 575] ILP chose server: STARLINK-32442
[293.16] [Task 575] Routed STARLINK-30283 -> STARLINK-32442 | E_NET=0.008428 J | Remaining=119999.99 J
[293.170] Task 575 enqueued on CPU STARLINK-32442 qlen_enqueue=1
[293.204] Task 575 enqueued on NET STARLINK-32442 qlen_enqueue_net=1
[Task 575] Task eseguito su STARLINK-32442 66.79384255665002 degrees | CPU=0.0650J, NET=0.0084J, TOTAL=0.0735J, Remaining=119981.85J
[293.213] Task 575 served on STARLINK-32442 qlen_enqueue_cpu=1 qlen_enqueue_net=1 time_in_queue=0.000
[575][GREEDY] STARLINK-32442 -> STARLINK-33881 | Tramission-time: 0.0011390467985474319
[575] Energy routing consumed by STARLINK-32442: 0.000000 J (remaining 119981.85)
[MODE: BIDIRECTIONAL]
[575][GREEDY] CONSEGNATO! STARLINK-33881 -> OBS | Tramission-time: 8.561159765560976e-09
---> Task 576 (Type: CPU_Intensive) arriva in 293.41
--- [293.41] Task 576 using SearchNode Policy: v2_ilp_hybrid ---
[293.41] [Task 576] Entering ILP branch (v2)
[ε-constraint energy] sumE_B=0.871800  bound=0.958980  active=False
[ILP] res_type=dict value_preview={'stage': 'B', 'status': 'Optimal', 'primary': 'energy', 'tol': 0.1, 'opt_primary': 0.8718000819566714, 'objective_secondary': 0.4679920911669126, 'sumE': 0.871
[293.41] [Task 576] ILP chose server: STARLINK-32442
[293.41] [Task 576] Routed STARLINK-30283 -> STARLINK-32442 | E_NET=0.000014 J | Remaining=119999.99 J
[293.409] Task 576 enqueued on CPU STARLINK-32442 qlen_enqueue=1
---> Task 577 (Type: CPU_Intensive) arriva in 293.42
--- [293.42] Task 577 using SearchNode Policy: v2_ilp_hybrid ---
[293.42] [Task 577] Entering ILP branch (v2)
[ε-constraint energy] sumE_B=0.118097  bound=0.129906  active=False
[ILP] res_type=dict value_preview={'stage': 'B', 'status': 'Optimal', 'primary': 'energy', 'tol': 0.1, 'opt_primary': 0.1180965069152283, 'objective_secondary': 0.0634078534121987, 'sumE': 0.118
[293.42] [Task 577] ILP chose server: STARLINK-31399
[293.42] [Task 577] Routed STARLINK-30283 -> STARLINK-31399 | E_NET=0.000026 J | Remaining=119999.99 J
[293.422] Task 577 enqueued on CPU STARLINK-31399 qlen_enqueue=1
---> Task 578 (Type: CPU_Intensive) arriva in 293.49
--- [293.49] Task 578 using SearchNode Policy: v2_ilp_hybrid ---
[293.49] [Task 578] Entering ILP branch (v2)
[ε-constraint energy] sumE_B=0.305983  bound=0.336581  active=False
[ILP] res_type=dict value_preview={'stage': 'B', 'status': 'Optimal', 'primary': 'energy', 'tol': 0.1, 'opt_primary': 0.30598290565813574, 'objective_secondary': 0.16426964527978635, 'sumE': 0.3
[293.49] [Task 578] ILP chose server: STARLINK-31399
[293.49] [Task 578] Routed STARLINK-30283 -> STARLINK-31399 | E_NET=0.000034 J | Remaining=119999.99 J
[Task 577] Task eseguito su STARLINK-31399 45.32393998931088 degrees | CPU=0.1181J, NET=0.0000J, TOTAL=0.1181J, Remaining=119998.92J
[293.488] Task 577 served on STARLINK-31399 qlen_enqueue_cpu=1 qlen_enqueue_net=None time_in_queue=0.000
[293.488] Task 578 enqueued on CPU STARLINK-31399 qlen_enqueue=1
[293.556] Task 574 enqueued on NET STARLINK-31782 qlen_enqueue_net=1
[Task 574] Task eseguito su STARLINK-31782 42.14083228132679 degrees | CPU=1.4106J, NET=0.0002J, TOTAL=1.4107J, Remaining=119958.21J
[293.556] Task 574 served on STARLINK-31782 qlen_enqueue_cpu=1 qlen_enqueue_net=1 time_in_queue=0.000
[574][GREEDY] STARLINK-31782 -> STARLINK-30517 | Tramission-time: 0.002071377217070355
[574] Energy routing consumed by STARLINK-31782: 0.000000 J (remaining 119958.21)
[577][GREEDY] STARLINK-31399 -> STARLINK-33881 | Tramission-time: 0.002104431514901764
[577] Energy routing consumed by STARLINK-31399: 0.000000 J (remaining 119998.92)
[MODE: BIDIRECTIONAL]
[574][GREEDY] CONSEGNATO! STARLINK-30517 -> OBS | Tramission-time: 2.0574893196755014e-10
[MODE: BIDIRECTIONAL]
[577][GREEDY] CONSEGNATO! STARLINK-33881 -> OBS | Tramission-time: 2.204374506286435e-11
[Task 578] Task eseguito su STARLINK-31399 45.32393998931088 degrees | CPU=0.3059J, NET=0.0000J, TOTAL=0.3060J, Remaining=119998.61J
[293.654] Task 578 served on STARLINK-31399 qlen_enqueue_cpu=1 qlen_enqueue_net=None time_in_queue=0.000
---> Task 579 (Type: CPU_and_Data_Intensive) arriva in 293.66
--- [293.66] Task 579 using SearchNode Policy: v2_ilp_hybrid ---
[293.66] [Task 579] Entering ILP branch (v2)
[ε-constraint energy] sumE_B=2.230840  bound=2.453924  active=False
[ILP] res_type=dict value_preview={'stage': 'B', 'status': 'Optimal', 'primary': 'energy', 'tol': 0.1, 'opt_primary': 2.2308402128077534, 'objective_secondary': 1.2009891608853025, 'sumE': 2.230
[293.66] [Task 579] ILP chose server: STARLINK-31782
[293.66] [Task 579] Routed STARLINK-30283 -> STARLINK-31782 | E_NET=0.005467 J | Remaining=119999.99 J
[578][GREEDY] STARLINK-31399 -> STARLINK-33881 | Tramission-time: 0.002104431521839791
[578] Energy routing consumed by STARLINK-31399: 0.000000 J (remaining 119998.61)
[293.665] Task 579 enqueued on CPU STARLINK-31782 qlen_enqueue=1
[MODE: BIDIRECTIONAL]
[578][GREEDY] CONSEGNATO! STARLINK-33881 -> OBS | Tramission-time: 3.3525418456745505e-11
[Task 576] Task eseguito su STARLINK-32442 66.79384255665002 degrees | CPU=0.8718J, NET=0.0000J, TOTAL=0.8718J, Remaining=119980.97J
[293.878] Task 576 served on STARLINK-32442 qlen_enqueue_cpu=1 qlen_enqueue_net=None time_in_queue=0.000
[576][GREEDY] STARLINK-32442 -> STARLINK-33881 | Tramission-time: 0.001139038981973222
[576] Energy routing consumed by STARLINK-32442: 0.000000 J (remaining 119980.97)
[MODE: BIDIRECTIONAL]
[576][GREEDY] CONSEGNATO! STARLINK-33881 -> OBS | Tramission-time: 1.4450111022628003e-11
----------------------------------------------------------------------
	||TIME IN SIMULATION : (seconds:294) (minutes: 4) ||

MODIFICA CONFIGURAZIONE IN CORSO...

Aggiornato il Tempo Globale:  2025-11-20 21:00:08
---> Task 580 (Type: Generic_Service) arriva in 294.07
--- [294.07] Task 580 using SearchNode Policy: v2_ilp_hybrid ---
[294.07] [Task 580] Entering ILP branch (v2)
[ε-constraint energy] sumE_B=0.025550  bound=0.028105  active=False
[ILP] res_type=dict value_preview={'stage': 'B', 'status': 'Optimal', 'primary': 'energy', 'tol': 0.1, 'opt_primary': 0.02554986449596897, 'objective_secondary': 0.01371782862884204, 'sumE': 0.0
[294.07] [Task 580] ILP chose server: STARLINK-11564 [DTC]
[294.07] [Task 580] Routed STARLINK-30604 -> STARLINK-11564 [DTC] | E_NET=0.000005 J | Remaining=119999.99 J
[294.073] Task 580 enqueued on CPU STARLINK-11564 [DTC] qlen_enqueue=1
[Task 580] Task eseguito su STARLINK-11564 [DTC] 36.40115756564288 degrees | CPU=0.0255J, NET=0.0000J, TOTAL=0.0255J, Remaining=119990.27J
[294.087] Task 580 served on STARLINK-11564 [DTC] qlen_enqueue_cpu=1 qlen_enqueue_net=None time_in_queue=0.000
---> Task 581 (Type: Generic_Service) arriva in 294.15
--- [294.15] Task 581 using SearchNode Policy: v2_ilp_hybrid ---
[294.15] [Task 581] Entering ILP branch (v2)
[ε-constraint energy] sumE_B=0.109240  bound=0.120164  active=False
[ILP] res_type=dict value_preview={'stage': 'B', 'status': 'Optimal', 'primary': 'energy', 'tol': 0.1, 'opt_primary': 0.10923956138127357, 'objective_secondary': 0.05864599603080924, 'sumE': 0.1
[294.15] [Task 581] ILP chose server: STARLINK-11564 [DTC]
[294.15] [Task 581] Routed STARLINK-30604 -> STARLINK-11564 [DTC] | E_NET=0.000010 J | Remaining=119999.99 J
[294.152] Task 581 enqueued on CPU STARLINK-11564 [DTC] qlen_enqueue=1
[580][GREEDY] STARLINK-11564 [DTC] -> STARLINK-33881 | Tramission-time: 0.0010561689851068376
[580] Energy routing consumed by STARLINK-11564 [DTC]: 0.000000 J (remaining 119990.27)
[Task 581] Task eseguito su STARLINK-11564 [DTC] 36.40115756564288 degrees | CPU=0.1092J, NET=0.0000J, TOTAL=0.1092J, Remaining=119990.16J
[294.211] Task 581 served on STARLINK-11564 [DTC] qlen_enqueue_cpu=1 qlen_enqueue_net=None time_in_queue=0.000
[MODE: BIDIRECTIONAL]
[580][GREEDY] CONSEGNATO! STARLINK-33881 -> OBS | Tramission-time: 4.423043622269484e-12
[581][GREEDY] STARLINK-11564 [DTC] -> STARLINK-33881 | Tramission-time: 0.0010561689895690358
[581] Energy routing consumed by STARLINK-11564 [DTC]: 0.000000 J (remaining 119990.16)
[MODE: BIDIRECTIONAL]
[581][GREEDY] CONSEGNATO! STARLINK-33881 -> OBS | Tramission-time: 9.726692381396661e-12
---> Task 582 (Type: CPU_Intensive) arriva in 294.61
--- [294.61] Task 582 using SearchNode Policy: v2_ilp_hybrid ---
[294.61] [Task 582] Entering ILP branch (v2)
[ε-constraint energy] sumE_B=0.150413  bound=0.165454  active=False
[ILP] res_type=dict value_preview={'stage': 'B', 'status': 'Optimal', 'primary': 'energy', 'tol': 0.1, 'opt_primary': 0.1504126132666696, 'objective_secondary': 0.08075252015663299, 'sumE': 0.15
[294.61] [Task 582] ILP chose server: STARLINK-11564 [DTC]
[294.61] [Task 582] Routed STARLINK-30604 -> STARLINK-11564 [DTC] | E_NET=0.000019 J | Remaining=119999.99 J
[294.608] Task 582 enqueued on CPU STARLINK-11564 [DTC] qlen_enqueue=1
[Task 582] Task eseguito su STARLINK-11564 [DTC] 36.40115756564288 degrees | CPU=0.1504J, NET=0.0000J, TOTAL=0.1504J, Remaining=119990.01J
[294.691] Task 582 served on STARLINK-11564 [DTC] qlen_enqueue_cpu=1 qlen_enqueue_net=None time_in_queue=0.000
[582][GREEDY] STARLINK-11564 [DTC] -> STARLINK-33881 | Tramission-time: 0.001056169001622387
[582] Energy routing consumed by STARLINK-11564 [DTC]: 0.000000 J (remaining 119990.01)
[294.858] Task 579 enqueued on NET STARLINK-31782 qlen_enqueue_net=1
[Task 579] Task eseguito su STARLINK-31782 41.324221286122615 degrees | CPU=2.2234J, NET=0.0055J, TOTAL=2.2288J, Remaining=119955.98J
[294.864] Task 579 served on STARLINK-31782 qlen_enqueue_cpu=1 qlen_enqueue_net=1 time_in_queue=0.000
[579][GREEDY] STARLINK-31782 -> STARLINK-30517 | Tramission-time: 0.002072228814259803
[579] Energy routing consumed by STARLINK-31782: 0.000000 J (remaining 119955.98)
[MODE: BIDIRECTIONAL]
[579][GREEDY] CONSEGNATO! STARLINK-30517 -> OBS | Tramission-time: 6.775541121543954e-09
[MODE: BIDIRECTIONAL]
[582][GREEDY] CONSEGNATO! STARLINK-33881 -> OBS | Tramission-time: 1.7296889768637608e-11
---> Task 583 (Type: Generic_Service) arriva in 295.64
--- [295.64] Task 583 using SearchNode Policy: v2_ilp_hybrid ---
[295.64] [Task 583] Entering ILP branch (v2)
[ε-constraint energy] sumE_B=0.011693  bound=0.012862  active=False
[ILP] res_type=dict value_preview={'stage': 'B', 'status': 'Optimal', 'primary': 'energy', 'tol': 0.1, 'opt_primary': 0.011692601171513956, 'objective_secondary': 0.006286420119498339, 'sumE': 0
[295.64] [Task 583] ILP chose server: STARLINK-11564 [DTC]
[295.64] [Task 583] Routed STARLINK-30604 -> STARLINK-11564 [DTC] | E_NET=0.000017 J | Remaining=119999.99 J
[295.642] Task 583 enqueued on CPU STARLINK-11564 [DTC] qlen_enqueue=1
[Task 583] Task eseguito su STARLINK-11564 [DTC] 36.40115756564288 degrees | CPU=0.0117J, NET=0.0000J, TOTAL=0.0117J, Remaining=119990.00J
[295.650] Task 583 served on STARLINK-11564 [DTC] qlen_enqueue_cpu=1 qlen_enqueue_net=None time_in_queue=0.000
[583][GREEDY] STARLINK-11564 [DTC] -> STARLINK-33881 | Tramission-time: 0.001056168998070094
[583] Energy routing consumed by STARLINK-11564 [DTC]: 0.000000 J (remaining 119990.00)
[MODE: BIDIRECTIONAL]
[583][GREEDY] CONSEGNATO! STARLINK-33881 -> OBS | Tramission-time: 1.8930664062091558e-11
---> Task 584 (Type: CPU_Intensive) arriva in 295.81
--- [295.81] Task 584 using SearchNode Policy: v2_ilp_hybrid ---
[295.81] [Task 584] Entering ILP branch (v2)
[ε-constraint energy] sumE_B=0.020786  bound=0.022865  active=False
[ILP] res_type=dict value_preview={'stage': 'B', 'status': 'Optimal', 'primary': 'energy', 'tol': 0.1, 'opt_primary': 0.020786121419773484, 'objective_secondary': 0.011161015520103446, 'sumE': 0
[295.81] [Task 584] ILP chose server: STARLINK-11564 [DTC]
[295.81] [Task 584] Routed STARLINK-30604 -> STARLINK-11564 [DTC] | E_NET=0.000005 J | Remaining=119999.99 J
[295.812] Task 584 enqueued on CPU STARLINK-11564 [DTC] qlen_enqueue=1
---> Task 585 (Type: Generic_Service) arriva in 295.81
--- [295.81] Task 585 using SearchNode Policy: v2_ilp_hybrid ---
[295.81] [Task 585] Entering ILP branch (v2)
[ε-constraint energy] sumE_B=0.054757  bound=0.060232  active=False
[ILP] res_type=dict value_preview={'stage': 'B', 'status': 'Optimal', 'primary': 'energy', 'tol': 0.1, 'opt_primary': 0.05475666347593295, 'objective_secondary': 0.029409434392552364, 'sumE': 0.
[295.81] [Task 585] ILP chose server: STARLINK-11724 [DTC]
[295.81] [Task 585] Routed STARLINK-30604 -> STARLINK-11724 [DTC] | E_NET=0.000027 J | Remaining=119999.99 J
[295.814] Task 585 enqueued on CPU STARLINK-11724 [DTC] qlen_enqueue=1
[Task 584] Task eseguito su STARLINK-11564 [DTC] 36.40115756564288 degrees | CPU=0.0208J, NET=0.0000J, TOTAL=0.0208J, Remaining=119989.97J
[295.823] Task 584 served on STARLINK-11564 [DTC] qlen_enqueue_cpu=1 qlen_enqueue_net=None time_in_queue=0.000
[Task 585] Task eseguito su STARLINK-11724 [DTC] 36.77501180253451 degrees | CPU=0.0547J, NET=0.0000J, TOTAL=0.0547J, Remaining=119988.85J
[295.845] Task 585 served on STARLINK-11724 [DTC] qlen_enqueue_cpu=1 qlen_enqueue_net=None time_in_queue=0.000
[585][GREEDY] STARLINK-11724 [DTC] -> STARLINK-33881 | Tramission-time: 0.002161024492042315
[585] Energy routing consumed by STARLINK-11724 [DTC]: 0.000000 J (remaining 119988.85)
[MODE: BIDIRECTIONAL]
[585][GREEDY] CONSEGNATO! STARLINK-33881 -> OBS | Tramission-time: 3.1838738290362915e-11
[584][GREEDY] STARLINK-11564 [DTC] -> STARLINK-33881 | Tramission-time: 0.001056168985727839
[584] Energy routing consumed by STARLINK-11564 [DTC]: 0.000000 J (remaining 119989.97)
[MODE: BIDIRECTIONAL]
[584][GREEDY] CONSEGNATO! STARLINK-33881 -> OBS | Tramission-time: 5.383454593981072e-12
----------------------------------------------------------------------
	||TIME IN SIMULATION : (seconds:296) (minutes: 4) ||

MODIFICA CONFIGURAZIONE IN CORSO...

Aggiornato il Tempo Globale:  2025-11-20 21:00:10
---> Task 586 (Type: Generic_Service) arriva in 296.46
--- [296.46] Task 586 using SearchNode Policy: v2_ilp_hybrid ---
[296.46] [Task 586] Entering ILP branch (v2)
[ε-constraint energy] sumE_B=0.192110  bound=0.211321  active=False
[ILP] res_type=dict value_preview={'stage': 'B', 'status': 'Optimal', 'primary': 'energy', 'tol': 0.1, 'opt_primary': 0.19211021902033837, 'objective_secondary': 0.10314331073928001, 'sumE': 0.1
[296.46] [Task 586] ILP chose server: STARLINK-11564 [DTC]
[296.46] [Task 586] Routed STARLINK-30604 -> STARLINK-11564 [DTC] | E_NET=0.000028 J | Remaining=119999.99 J
[296.457] Task 586 enqueued on CPU STARLINK-11564 [DTC] qlen_enqueue=1
[Task 586] Task eseguito su STARLINK-11564 [DTC] 37.357013335950086 degrees | CPU=0.1921J, NET=0.0000J, TOTAL=0.1921J, Remaining=119989.78J
[296.563] Task 586 served on STARLINK-11564 [DTC] qlen_enqueue_cpu=1 qlen_enqueue_net=None time_in_queue=0.000
[586][GREEDY] STARLINK-11564 [DTC] -> STARLINK-33881 | Tramission-time: 0.0010533005576179707
[586] Energy routing consumed by STARLINK-11564 [DTC]: 0.000000 J (remaining 119989.78)
[MODE: BIDIRECTIONAL]
[586][GREEDY] CONSEGNATO! STARLINK-33881 -> OBS | Tramission-time: 3.070051399307216e-11
----------------------------------------------------------------------
	||TIME IN SIMULATION : (seconds:298) (minutes: 4) ||

MODIFICA CONFIGURAZIONE IN CORSO...

Aggiornato il Tempo Globale:  2025-11-20 21:00:12
---> Task 587 (Type: CPU_Intensive) arriva in 298.59
--- [298.59] Task 587 using SearchNode Policy: v2_ilp_hybrid ---
[298.59] [Task 587] Entering ILP branch (v2)
[ε-constraint energy] sumE_B=0.370739  bound=0.407813  active=False
[ILP] res_type=dict value_preview={'stage': 'B', 'status': 'Optimal', 'primary': 'energy', 'tol': 0.1, 'opt_primary': 0.37073948216215563, 'objective_secondary': 0.19902033614625392, 'sumE': 0.3
[298.59] [Task 587] ILP chose server: STARLINK-11564 [DTC]
[298.59] [Task 587] Routed STARLINK-30604 -> STARLINK-11564 [DTC] | E_NET=0.000013 J | Remaining=119999.99 J
[298.591] Task 587 enqueued on CPU STARLINK-11564 [DTC] qlen_enqueue=1
[Task 587] Task eseguito su STARLINK-11564 [DTC] 38.34795278651519 degrees | CPU=0.3707J, NET=0.0000J, TOTAL=0.3707J, Remaining=119989.41J
[298.791] Task 587 served on STARLINK-11564 [DTC] qlen_enqueue_cpu=1 qlen_enqueue_net=None time_in_queue=0.000
[587][GREEDY] STARLINK-11564 [DTC] -> STARLINK-33881 | Tramission-time: 0.0010506214394227357
[587] Energy routing consumed by STARLINK-11564 [DTC]: 0.000000 J (remaining 119989.41)
---> Task 588 (Type: Generic_Service) arriva in 298.92
--- [298.92] Task 588 using SearchNode Policy: v2_ilp_hybrid ---
[298.92] [Task 588] Entering ILP branch (v2)
[ε-constraint energy] sumE_B=0.043167  bound=0.047484  active=False
[ILP] res_type=dict value_preview={'stage': 'B', 'status': 'Optimal', 'primary': 'energy', 'tol': 0.1, 'opt_primary': 0.043166894878150446, 'objective_secondary': 0.023186750590532417, 'sumE': 0
[298.92] [Task 588] ILP chose server: STARLINK-11564 [DTC]
[298.92] [Task 588] Routed STARLINK-30604 -> STARLINK-11564 [DTC] | E_NET=0.000029 J | Remaining=119999.99 J
[298.918] Task 588 enqueued on CPU STARLINK-11564 [DTC] qlen_enqueue=1
[Task 588] Task eseguito su STARLINK-11564 [DTC] 38.34795278651519 degrees | CPU=0.0431J, NET=0.0000J, TOTAL=0.0432J, Remaining=119989.37J
[298.943] Task 588 served on STARLINK-11564 [DTC] qlen_enqueue_cpu=1 qlen_enqueue_net=None time_in_queue=0.000
[MODE: BIDIRECTIONAL]
[587][GREEDY] CONSEGNATO! STARLINK-33881 -> OBS | Tramission-time: 9.90356514890951e-12
[588][GREEDY] STARLINK-11564 [DTC] -> STARLINK-33881 | Tramission-time: 0.0010506214535813622
[588] Energy routing consumed by STARLINK-11564 [DTC]: 0.000000 J (remaining 119989.37)
[MODE: BIDIRECTIONAL]
[588][GREEDY] CONSEGNATO! STARLINK-33881 -> OBS | Tramission-time: 2.8532160220014068e-11

Salvataggio del dataset generato in: Generated_datasets/generated_tasks_counter.json5
Salvataggio completato con successo.

Dataset dello stato della simulazione salvato in 'simulation_dataset.json'
TASK ARRIVATI CON SUCCESSO ALL'OBS: 586:

 id     | weight        | resolution    | Start Routing (s) | End Routing (s) | duration      | hop |
 2      | 0.07 MB       | Generic_Service         | 0.67              | 0.7             | 0.03          | 2   |
 1      | 3.76 MB       | CPU_and_Data_Intensive  | 0.64              | 1.6             | 0.96          | 1   |
 3      | 0.06 MB       | Generic_Service         | 1.57              | 1.8             | 0.23          | 2   |
 4      | 0.06 MB       | CPU_Intensive           | 2.53              | 2.7             | 0.18          | 2   |
 5      | 0.02 MB       | Generic_Service         | 2.69              | 2.91            | 0.22          | 2   |
 7      | 0.05 MB       | CPU_Intensive           | 2.82              | 3.01            | 0.19          | 2   |
 6      | 281.41 MB     | CPU_and_Data_Intensive  | 2.79              | 3.21            | 0.42          | 2   |
 9      | 0.08 MB       | Generic_Service         | 3.36              | 3.51            | 0.15          | 2   |
 8      | 0.07 MB       | CPU_Intensive           | 3.26              | 4.01            | 0.75          | 2   |
 11     | 0.04 MB       | Generic_Service         | 4.06              | 4.21            | 0.16          | 2   |
 12     | 0.09 MB       | CPU_Intensive           | 4.25              | 4.71            | 0.46          | 2   |
 13     | 0.03 MB       | CPU_Intensive           | 4.61              | 4.82            | 0.21          | 2   |
 14     | 0.03 MB       | CPU_Intensive           | 4.68              | 5.12            | 0.44          | 2   |
 15     | 0.09 MB       | Generic_Service         | 5.07              | 5.22            | 0.15          | 2   |
 16     | 0.04 MB       | Generic_Service         | 5.2               | 5.42            | 0.22          | 2   |
 10     | 372.94 MB     | CPU_and_Data_Intensive  | 3.68              | 5.92            | 2.24          | 2   |
 18     | 0.01 MB       | Generic_Service         | 6.26              | 6.32            | 0.06          | 1   |
 17     | 0.06 MB       | CPU_Intensive           | 5.42              | 6.42            | 1.0           | 2   |
 20     | 0.08 MB       | Generic_Service         | 7.6               | 7.72            | 0.12          | 2   |
 19     | 0.90 MB       | CPU_and_Data_Intensive  | 7.3               | 8.13            | 0.82          | 2   |
 21     | 0.08 MB       | Generic_Service         | 8.04              | 8.23            | 0.18          | 2   |
 22     | 0.04 MB       | Generic_Service         | 8.46              | 8.53            | 0.06          | 2   |
 23     | 0.06 MB       | CPU_Intensive           | 8.91              | 9.03            | 0.12          | 2   |
 24     | 1.97 MB       | CPU_and_Data_Intensive  | 9.99              | 10.53           | 0.54          | 2   |
 25     | 0.05 MB       | Generic_Service         | 10.47             | 10.63           | 0.16          | 2   |
 26     | 20.89 MB      | CPU_and_Data_Intensive  | 10.73             | 11.23           | 0.51          | 2   |
 28     | 0.08 MB       | Generic_Service         | 11.37             | 11.43           | 0.06          | 1   |
 27     | 1.92 MB       | CPU_and_Data_Intensive  | 11.25             | 11.83           | 0.59          | 2   |
 29     | 378.94 MB     | CPU_and_Data_Intensive  | 11.58             | 11.93           | 0.35          | 1   |
 30     | 1.00 MB       | CPU_and_Data_Intensive  | 12.15             | 12.24           | 0.09          | 2   |
 32     | 0.03 MB       | Generic_Service         | 14.49             | 14.54           | 0.04          | 1   |
 31     | 352.59 MB     | CPU_and_Data_Intensive  | 14.12             | 15.04           | 0.92          | 2   |
 33     | 0.07 MB       | Generic_Service         | 15.34             | 15.44           | 0.09          | 1   |
 34     | 0.01 MB       | Generic_Service         | 16.22             | 16.34           | 0.11          | 1   |
 35     | 0.06 MB       | Generic_Service         | 17.04             | 17.14           | 0.1           | 1   |
 37     | 0.02 MB       | Generic_Service         | 18.83             | 18.84           | 0.01          | 1   |
 36     | 1.28 MB       | CPU_and_Data_Intensive  | 18.52             | 19.24           | 0.72          | 1   |
 38     | 0.02 MB       | CPU_Intensive           | 19.86             | 20.34           | 0.48          | 1   |
 39     | 0.10 MB       | CPU_and_Data_Intensive  | 20.27             | 20.54           | 0.27          | 1   |
 40     | 0.01 MB       | Generic_Service         | 20.72             | 20.84           | 0.12          | 1   |
 41     | 0.09 MB       | Generic_Service         | 21.03             | 21.14           | 0.11          | 1   |
 44     | 0.09 MB       | CPU_Intensive           | 21.26             | 21.44           | 0.18          | 2   |
 45     | 0.03 MB       | Generic_Service         | 21.39             | 21.54           | 0.15          | 2   |
 46     | 0.02 MB       | Generic_Service         | 21.44             | 21.64           | 0.21          | 2   |
 42     | 1.50 MB       | CPU_and_Data_Intensive  | 21.06             | 21.64           | 0.59          | 1   |
 48     | 1.32 MB       | CPU_and_Data_Intensive  | 21.56             | 21.74           | 0.18          | 2   |
 49     | 0.03 MB       | Generic_Service         | 21.72             | 21.75           | 0.03          | 1   |
 47     | 0.02 MB       | CPU_Intensive           | 21.55             | 21.85           | 0.3           | 2   |
 50     | 0.03 MB       | Generic_Service         | 21.81             | 21.85           | 0.04          | 1   |
 43     | 452.01 MB     | CPU_and_Data_Intensive  | 21.22             | 22.75           | 1.52          | 1   |
 52     | 0.02 MB       | CPU_Intensive           | 22.91             | 23.15           | 0.24          | 2   |
 51     | 0.01 MB       | CPU_Intensive           | 22.81             | 23.15           | 0.34          | 2   |
 53     | 0.03 MB       | Generic_Service         | 24.54             | 24.75           | 0.21          | 2   |
 54     | 0.01 MB       | CPU_Intensive           | 25.02             | 25.85           | 0.84          | 2   |
 55     | 11.13 MB      | CPU_and_Data_Intensive  | 25.79             | 26.15           | 0.36          | 2   |
 58     | 0.02 MB       | Generic_Service         | 26.48             | 26.65           | 0.17          | 2   |
 57     | 0.06 MB       | CPU_Intensive           | 26.3              | 26.86           | 0.56          | 2   |
 59     | 6.87 MB       | CPU_and_Data_Intensive  | 27.1              | 27.56           | 0.46          | 2   |
 56     | 0.08 MB       | CPU_Intensive           | 26.29             | 27.76           | 1.46          | 2   |
 60     | 0.03 MB       | CPU_Intensive           | 27.9              | 28.26           | 0.36          | 2   |
 61     | 8.87 MB       | CPU_and_Data_Intensive  | 28.27             | 28.76           | 0.49          | 2   |
 62     | 0.03 MB       | Generic_Service         | 28.76             | 28.86           | 0.11          | 2   |
 63     | 0.08 MB       | CPU_Intensive           | 29.58             | 29.66           | 0.08          | 2   |
 64     | 0.06 MB       | CPU_Intensive           | 29.85             | 30.36           | 0.51          | 2   |
 65     | 0.05 MB       | CPU_Intensive           | 29.96             | 30.47           | 0.51          | 2   |
 66     | 0.04 MB       | Generic_Service         | 31.36             | 31.47           | 0.11          | 1   |
 67     | 0.04 MB       | CPU_Intensive           | 31.48             | 31.87           | 0.38          | 1   |
 68     | 0.01 MB       | Generic_Service         | 32.04             | 32.17           | 0.12          | 1   |
 69     | 1.74 MB       | CPU_and_Data_Intensive  | 33.62             | 34.17           | 0.55          | 1   |
 71     | 0.24 MB       | CPU_and_Data_Intensive  | 35.02             | 35.57           | 0.55          | 2   |
 70     | 0.92 MB       | CPU_and_Data_Intensive  | 34.57             | 35.67           | 1.1           | 1   |
 72     | 0.02 MB       | Generic_Service         | 35.73             | 35.87           | 0.13          | 1   |
 73     | 0.01 MB       | Generic_Service         | 36.3              | 36.57           | 0.27          | 2   |
 74     | 0.09 MB       | CPU_Intensive           | 36.67             | 37.07           | 0.4           | 2   |
 76     | 0.08 MB       | CPU_Intensive           | 37.11             | 37.37           | 0.26          | 2   |
 75     | 3.22 MB       | CPU_and_Data_Intensive  | 37.09             | 37.57           | 0.48          | 2   |
 77     | 0.02 MB       | CPU_Intensive           | 37.86             | 38.17           | 0.31          | 2   |
 78     | 0.02 MB       | Generic_Service         | 38.43             | 38.67           | 0.24          | 2   |
 79     | 0.07 MB       | CPU_Intensive           | 38.78             | 39.07           | 0.3           | 2   |
 80     | 14.89 MB      | CPU_and_Data_Intensive  | 38.88             | 39.28           | 0.4           | 2   |
 81     | 0.03 MB       | Generic_Service         | 40.14             | 40.28           | 0.14          | 2   |
 82     | 0.06 MB       | CPU_Intensive           | 40.41             | 40.88           | 0.47          | 2   |
 83     | 391.85 MB     | CPU_and_Data_Intensive  | 41.05             | 41.68           | 0.63          | 2   |
 84     | 134.77 MB     | CPU_and_Data_Intensive  | 41.11             | 41.88           | 0.77          | 1   |
 85     | 0.09 MB       | CPU_Intensive           | 41.35             | 42.48           | 1.14          | 2   |
 88     | 22.23 MB      | CPU_and_Data_Intensive  | 42.53             | 42.68           | 0.16          | 2   |
 87     | 0.03 MB       | CPU_Intensive           | 42.48             | 42.89           | 0.41          | 2   |
 86     | 21.02 MB      | CPU_and_Data_Intensive  | 42.15             | 42.99           | 0.84          | 1   |
 89     | 0.07 MB       | Generic_Service         | 43.59             | 43.69           | 0.1           | 1   |
 91     | 0.04 MB       | Generic_Service         | 44.43             | 44.59           | 0.16          | 2   |
 90     | 0.01 MB       | CPU_Intensive           | 44.39             | 45.39           | 1.0           | 1   |
 92     | 0.09 MB       | Generic_Service         | 45.56             | 45.59           | 0.03          | 1   |
 93     | 0.08 MB       | Generic_Service         | 46.16             | 46.29           | 0.13          | 1   |
 94     | 0.06 MB       | Generic_Service         | 46.16             | 46.39           | 0.23          | 2   |
 96     | 0.01 MB       | CPU_Intensive           | 46.69             | 46.99           | 0.3           | 2   |
 95     | 0.05 MB       | CPU_Intensive           | 46.45             | 47.59           | 1.15          | 1   |
 97     | 15.25 MB      | CPU_and_Data_Intensive  | 46.79             | 47.99           | 1.2           | 2   |
 98     | 0.09 MB       | Generic_Service         | 48.18             | 48.29           | 0.12          | 1   |
 99     | 0.08 MB       | CPU_Intensive           | 48.48             | 48.99           | 0.51          | 1   |
 100    | 0.03 MB       | CPU_Intensive           | 49.92             | 50.59           | 0.68          | 1   |
 101    | 0.04 MB       | Generic_Service         | 50.81             | 50.89           | 0.08          | 1   |
 102    | 0.08 MB       | Generic_Service         | 50.99             | 51.09           | 0.1           | 1   |
 103    | 1.36 MB       | CPU_and_Data_Intensive  | 51.44             | 51.59           | 0.15          | 1   |
 104    | 0.06 MB       | CPU_Intensive           | 52.55             | 52.79           | 0.25          | 1   |
 105    | 0.08 MB       | Generic_Service         | 52.81             | 52.99           | 0.18          | 1   |
 107    | 0.05 MB       | Generic_Service         | 53.01             | 53.19           | 0.19          | 2   |
 106    | 14.66 MB      | CPU_and_Data_Intensive  | 52.96             | 53.29           | 0.34          | 1   |
 108    | 0.07 MB       | CPU_Intensive           | 54.92             | 55.59           | 0.67          | 1   |
 110    | 0.07 MB       | Generic_Service         | 55.48             | 55.7            | 0.21          | 2   |
 111    | 0.03 MB       | Generic_Service         | 55.91             | 56.0            | 0.09          | 1   |
 112    | 0.05 MB       | Generic_Service         | 56.1              | 56.2            | 0.1           | 1   |
 109    | 12.28 MB      | CPU_and_Data_Intensive  | 54.95             | 56.8            | 1.85          | 2   |
 113    | 0.05 MB       | CPU_Intensive           | 56.16             | 57.0            | 0.84          | 1   |
 114    | 0.08 MB       | Generic_Service         | 57.13             | 57.2            | 0.07          | 1   |
 115    | 0.07 MB       | CPU_Intensive           | 57.43             | 58.1            | 0.67          | 1   |
 116    | 0.05 MB       | CPU_Intensive           | 59.23             | 59.5            | 0.26          | 1   |
 117    | 0.03 MB       | Generic_Service         | 60.02             | 60.2            | 0.17          | 1   |
 118    | 0.06 MB       | CPU_Intensive           | 60.16             | 60.6            | 0.43          | 1   |
 119    | 0.02 MB       | Generic_Service         | 60.68             | 60.8            | 0.12          | 1   |
 120    | 0.02 MB       | CPU_Intensive           | 61.43             | 61.5            | 0.07          | 1   |
 121    | 0.08 MB       | CPU_Intensive           | 61.53             | 62.0            | 0.47          | 1   |
 122    | 0.04 MB       | CPU_Intensive           | 61.91             | 62.3            | 0.39          | 1   |
 123    | 14.29 MB      | CPU_and_Data_Intensive  | 63.51             | 63.7            | 0.19          | 1   |
 124    | 0.02 MB       | CPU_Intensive           | 65.03             | 65.6            | 0.57          | 1   |
 126    | 0.03 MB       | Generic_Service         | 66.84             | 67.0            | 0.16          | 2   |
 127    | 0.01 MB       | CPU_Intensive           | 67.99             | 68.1            | 0.11          | 2   |
 125    | 18.12 MB      | CPU_and_Data_Intensive  | 66.21             | 68.3            | 2.09          | 1   |
 128    | 0.04 MB       | Generic_Service         | 68.83             | 68.9            | 0.07          | 1   |
 130    | 0.02 MB       | Generic_Service         | 69.17             | 69.3            | 0.13          | 2   |
 129    | 0.04 MB       | CPU_Intensive           | 69.14             | 69.5            | 0.36          | 1   |
 131    | 0.05 MB       | Generic_Service         | 70.86             | 70.9            | 0.05          | 1   |
 132    | 0.03 MB       | CPU_Intensive           | 71.51             | 71.7            | 0.2           | 1   |
 133    | 1.02 MB       | CPU_and_Data_Intensive  | 71.99             | 72.4            | 0.42          | 1   |
 134    | 0.05 MB       | CPU_Intensive           | 72.39             | 73.3            | 0.92          | 1   |
 135    | 13.64 MB      | CPU_and_Data_Intensive  | 73.58             | 75.21           | 1.62          | 1   |
 136    | 6.34 MB       | CPU_and_Data_Intensive  | 74.03             | 75.21           | 1.17          | 2   |
 138    | 0.04 MB       | Generic_Service         | 75.27             | 75.41           | 0.14          | 2   |
 137    | 0.09 MB       | CPU_Intensive           | 74.97             | 75.51           | 0.54          | 2   |
 139    | 0.07 MB       | Generic_Service         | 76.01             | 76.21           | 0.2           | 2   |
 141    | 0.07 MB       | Generic_Service         | 78.15             | 78.31           | 0.16          | 2   |
 140    | 0.09 MB       | CPU_Intensive           | 78.06             | 79.01           | 0.96          | 2   |
 143    | 0.06 MB       | Generic_Service         | 79.57             | 79.72           | 0.15          | 2   |
 145    | 0.06 MB       | Generic_Service         | 79.94             | 80.02           | 0.08          | 1   |
 142    | 0.31 MB       | CPU_and_Data_Intensive  | 79.51             | 80.42           | 0.91          | 2   |
 146    | 8.07 MB       | CPU_and_Data_Intensive  | 80.1              | 80.72           | 0.61          | 1   |
 144    | 251.31 MB     | CPU_and_Data_Intensive  | 79.68             | 81.42           | 1.74          | 2   |
 147    | 3.09 MB       | CPU_and_Data_Intensive  | 81.2              | 82.02           | 0.82          | 1   |
 148    | 0.05 MB       | CPU_Intensive           | 81.8              | 82.82           | 1.02          | 2   |
 149    | 0.02 MB       | CPU_Intensive           | 82.63             | 82.92           | 0.3           | 1   |
 150    | 0.07 MB       | Generic_Service         | 83.9              | 84.12           | 0.22          | 2   |
 151    | 0.03 MB       | CPU_Intensive           | 85.2              | 85.32           | 0.12          | 2   |
 152    | 0.01 MB       | CPU_Intensive           | 85.46             | 85.53           | 0.06          | 2   |
 154    | 0.02 MB       | Generic_Service         | 86.11             | 86.23           | 0.12          | 1   |
 153    | 0.04 MB       | CPU_Intensive           | 86.01             | 87.73           | 1.71          | 2   |
 155    | 0.02 MB       | Generic_Service         | 87.57             | 87.83           | 0.26          | 1   |
 156    | 0.01 MB       | Generic_Service         | 88.15             | 88.33           | 0.18          | 2   |
 157    | 0.02 MB       | Generic_Service         | 88.53             | 88.73           | 0.2           | 2   |
 159    | 0.03 MB       | Generic_Service         | 88.68             | 88.83           | 0.16          | 2   |
 158    | 0.07 MB       | Generic_Service         | 88.55             | 88.93           | 0.38          | 2   |
 160    | 0.04 MB       | CPU_Intensive           | 88.68             | 89.03           | 0.35          | 2   |
 161    | 0.07 MB       | CPU_Intensive           | 89.27             | 89.84           | 0.57          | 2   |
 162    | 0.03 MB       | Generic_Service         | 90.93             | 91.14           | 0.21          | 2   |
 163    | 0.06 MB       | Generic_Service         | 91.49             | 91.74           | 0.25          | 2   |
 164    | 0.06 MB       | Generic_Service         | 93.22             | 93.44           | 0.22          | 2   |
 165    | 0.09 MB       | CPU_Intensive           | 94.48             | 94.74           | 0.26          | 2   |
 167    | 0.09 MB       | Generic_Service         | 94.69             | 94.84           | 0.16          | 2   |
 166    | 3.09 MB       | CPU_and_Data_Intensive  | 94.5              | 95.15           | 0.64          | 2   |
 168    | 0.06 MB       | Generic_Service         | 95.5              | 95.65           | 0.15          | 2   |
 170    | 0.08 MB       | Generic_Service         | 95.6              | 95.85           | 0.25          | 2   |
 169    | 0.07 MB       | CPU_Intensive           | 95.58             | 95.95           | 0.37          | 2   |
 172    | 16.36 MB      | CPU_and_Data_Intensive  | 95.93             | 97.15           | 1.22          | 2   |
 171    | 0.08 MB       | CPU_Intensive           | 95.65             | 97.45           | 1.8           | 1   |
 173    | 23.69 MB      | CPU_and_Data_Intensive  | 96.84             | 97.65           | 0.81          | 2   |
 175    | 0.02 MB       | Generic_Service         | 97.81             | 98.05           | 0.24          | 2   |
 176    | 0.02 MB       | Generic_Service         | 97.9              | 98.16           | 0.26          | 2   |
 174    | 0.04 MB       | CPU_Intensive           | 97.52             | 98.46           | 0.94          | 2   |
 177    | 0.04 MB       | Generic_Service         | 99.08             | 99.26           | 0.18          | 2   |
 178    | 0.56 MB       | CPU_and_Data_Intensive  | 99.77             | 100.06          | 0.29          | 2   |
 179    | 0.04 MB       | CPU_Intensive           | 99.85             | 100.56          | 0.71          | 2   |
 180    | 0.09 MB       | Generic_Service         | 100.5             | 100.66          | 0.16          | 2   |
 181    | 0.01 MB       | Generic_Service         | 100.67            | 100.76          | 0.1           | 2   |
 182    | 0.06 MB       | CPU_Intensive           | 100.78            | 101.37          | 0.58          | 2   |
 184    | 0.05 MB       | Generic_Service         | 103.06            | 103.17          | 0.11          | 2   |
 183    | 6.50 MB       | CPU_and_Data_Intensive  | 103.03            | 103.77          | 0.74          | 2   |
 186    | 0.01 MB       | CPU_Intensive           | 103.96            | 104.67          | 0.71          | 2   |
 185    | 1.29 MB       | CPU_and_Data_Intensive  | 103.31            | 104.77          | 1.46          | 2   |
 189    | 6.36 MB       | CPU_and_Data_Intensive  | 105.06            | 105.57          | 0.52          | 2   |
 187    | 1.88 MB       | CPU_and_Data_Intensive  | 104.53            | 105.68          | 1.15          | 2   |
 188    | 0.03 MB       | CPU_Intensive           | 105.02            | 105.78          | 0.76          | 2   |
 190    | 0.08 MB       | CPU_Intensive           | 105.96            | 106.18          | 0.22          | 2   |
 191    | 0.02 MB       | Generic_Service         | 106.04            | 106.18          | 0.14          | 2   |
 193    | 0.04 MB       | CPU_Intensive           | 106.36            | 106.58          | 0.22          | 2   |
 194    | 2.83 MB       | CPU_and_Data_Intensive  | 106.44            | 106.68          | 0.24          | 2   |
 192    | 346.77 MB     | CPU_and_Data_Intensive  | 106.28            | 106.79          | 0.5           | 2   |
 195    | 0.01 MB       | CPU_Intensive           | 107.43            | 107.89          | 0.46          | 2   |
 196    | 16.41 MB      | CPU_and_Data_Intensive  | 107.9             | 108.09          | 0.19          | 2   |
 197    | 0.06 MB       | CPU_Intensive           | 108.72            | 108.89          | 0.17          | 2   |
 199    | 0.06 MB       | Generic_Service         | 109.53            | 109.69          | 0.16          | 2   |
 198    | 0.07 MB       | CPU_Intensive           | 109.53            | 109.99          | 0.46          | 2   |
 200    | 0.06 MB       | CPU_Intensive           | 110.0             | 110.3           | 0.29          | 2   |
 201    | 11.41 MB      | CPU_and_Data_Intensive  | 110.29            | 110.7           | 0.41          | 2   |
 202    | 0.06 MB       | CPU_Intensive           | 111.27            | 111.4           | 0.13          | 2   |
 203    | 0.05 MB       | Generic_Service         | 111.86            | 111.9           | 0.04          | 2   |
 204    | 0.80 MB       | CPU_and_Data_Intensive  | 112.03            | 112.3           | 0.27          | 2   |
 206    | 2.16 MB       | CPU_and_Data_Intensive  | 114.06            | 114.3           | 0.24          | 2   |
 205    | 0.08 MB       | CPU_Intensive           | 112.41            | 114.3           | 1.89          | 2   |
 209    | 0.05 MB       | Generic_Service         | 114.73            | 114.81          | 0.07          | 2   |
 208    | 0.01 MB       | Generic_Service         | 114.7             | 114.91          | 0.2           | 2   |
 207    | 8.36 MB       | CPU_and_Data_Intensive  | 114.65            | 115.11          | 0.46          | 2   |
 210    | 0.07 MB       | CPU_Intensive           | 115.19            | 115.81          | 0.62          | 2   |
 211    | 0.05 MB       | CPU_Intensive           | 116.06            | 116.61          | 0.56          | 2   |
 212    | 0.07 MB       | CPU_Intensive           | 116.25            | 117.01          | 0.76          | 2   |
 213    | 5.98 MB       | CPU_and_Data_Intensive  | 116.66            | 117.91          | 1.25          | 2   |
 214    | 5.63 MB       | CPU_and_Data_Intensive  | 116.9             | 118.02          | 1.11          | 2   |
 215    | 0.35 MB       | CPU_and_Data_Intensive  | 118.2             | 118.62          | 0.42          | 2   |
 216    | 0.04 MB       | CPU_Intensive           | 118.92            | 119.02          | 0.1           | 2   |
 217    | 0.02 MB       | CPU_Intensive           | 119.37            | 119.52          | 0.15          | 2   |
 218    | 0.08 MB       | CPU_Intensive           | 119.53            | 119.92          | 0.39          | 2   |
 219    | 0.09 MB       | CPU_Intensive           | 119.73            | 120.22          | 0.5           | 2   |
 220    | 0.03 MB       | CPU_Intensive           | 119.73            | 120.52          | 0.79          | 2   |
 221    | 0.05 MB       | CPU_Intensive           | 120.17            | 120.62          | 0.45          | 2   |
 222    | 0.05 MB       | Generic_Service         | 120.98            | 121.23          | 0.25          | 2   |
 223    | 0.07 MB       | CPU_Intensive           | 122.48            | 122.73          | 0.25          | 2   |
 226    | 0.02 MB       | Generic_Service         | 122.98            | 123.03          | 0.05          | 2   |
 225    | 13.42 MB      | CPU_and_Data_Intensive  | 122.75            | 123.13          | 0.38          | 2   |
 224    | 0.08 MB       | CPU_Intensive           | 122.55            | 123.63          | 1.08          | 2   |
 229    | 0.04 MB       | Generic_Service         | 123.96            | 124.03          | 0.07          | 2   |
 228    | 0.03 MB       | Generic_Service         | 123.93            | 124.13          | 0.2           | 2   |
 232    | 0.04 MB       | Generic_Service         | 124.3             | 124.33          | 0.03          | 2   |
 231    | 0.02 MB       | Generic_Service         | 124.27            | 124.44          | 0.17          | 2   |
 230    | 367.83 MB     | CPU_and_Data_Intensive  | 124.09            | 124.64          | 0.55          | 2   |
 227    | 0.44 MB       | CPU_and_Data_Intensive  | 123.54            | 124.94          | 1.4           | 2   |
 233    | 0.02 MB       | CPU_Intensive           | 124.7             | 125.74          | 1.04          | 2   |
 235    | 16.42 MB      | CPU_and_Data_Intensive  | 125.58            | 125.94          | 0.36          | 2   |
 234    | 0.01 MB       | CPU_Intensive           | 125.51            | 126.04          | 0.54          | 2   |
 236    | 473.40 MB     | CPU_and_Data_Intensive  | 126.22            | 127.24          | 1.03          | 2   |
 238    | 0.02 MB       | Generic_Service         | 127.7             | 127.85          | 0.15          | 2   |
 237    | 0.04 MB       | CPU_Intensive           | 127.56            | 128.35          | 0.79          | 2   |
 239    | 284.61 MB     | CPU_and_Data_Intensive  | 128.59            | 128.95          | 0.35          | 2   |
 240    | 325.97 MB     | CPU_and_Data_Intensive  | 129.25            | 130.55          | 1.3           | 2   |
 242    | 1.79 MB       | CPU_and_Data_Intensive  | 132.59            | 132.75          | 0.16          | 2   |
 243    | 0.09 MB       | Generic_Service         | 132.71            | 132.85          | 0.14          | 2   |
 241    | 20.42 MB      | CPU_and_Data_Intensive  | 131.38            | 133.05          | 1.67          | 2   |
 244    | 0.04 MB       | Generic_Service         | 133.52            | 133.65          | 0.14          | 2   |
 246    | 0.05 MB       | Generic_Service         | 133.82            | 133.95          | 0.13          | 2   |
 245    | 0.07 MB       | CPU_Intensive           | 133.64            | 134.05          | 0.41          | 2   |
 247    | 0.04 MB       | Generic_Service         | 134.0             | 134.16          | 0.16          | 2   |
 248    | 0.03 MB       | CPU_Intensive           | 134.24            | 134.96          | 0.72          | 2   |
 249    | 0.05 MB       | CPU_Intensive           | 134.44            | 135.06          | 0.62          | 2   |
 250    | 0.09 MB       | Generic_Service         | 135.03            | 135.26          | 0.23          | 2   |
 251    | 0.08 MB       | Generic_Service         | 135.46            | 135.66          | 0.2           | 2   |
 252    | 0.07 MB       | Generic_Service         | 135.76            | 135.96          | 0.2           | 2   |
 253    | 4.41 MB       | CPU_and_Data_Intensive  | 136.23            | 137.36          | 1.13          | 2   |
 254    | 0.05 MB       | CPU_Intensive           | 136.8             | 137.56          | 0.76          | 2   |
 255    | 4.14 MB       | CPU_and_Data_Intensive  | 137.17            | 138.16          | 1.0           | 2   |
 257    | 0.04 MB       | CPU_Intensive           | 138.53            | 138.67          | 0.14          | 2   |
 256    | 22.90 MB      | CPU_and_Data_Intensive  | 137.52            | 138.97          | 1.45          | 2   |
 258    | 0.05 MB       | Generic_Service         | 138.86            | 139.07          | 0.2           | 2   |
 261    | 0.05 MB       | CPU_Intensive           | 139.7             | 140.17          | 0.47          | 2   |
 262    | 0.03 MB       | CPU_Intensive           | 140.13            | 140.47          | 0.35          | 2   |
 260    | 0.06 MB       | CPU_Intensive           | 139.67            | 140.57          | 0.9           | 2   |
 259    | 17.96 MB      | CPU_and_Data_Intensive  | 139.28            | 140.67          | 1.39          | 2   |
 263    | 12.24 MB      | CPU_and_Data_Intensive  | 140.28            | 140.77          | 0.49          | 2   |
 264    | 0.08 MB       | Generic_Service         | 141.32            | 141.58          | 0.26          | 2   |
 265    | 0.02 MB       | Generic_Service         | 141.44            | 141.68          | 0.24          | 2   |
 266    | 0.07 MB       | Generic_Service         | 142.11            | 142.18          | 0.07          | 2   |
 267    | 0.04 MB       | CPU_Intensive           | 142.85            | 143.38          | 0.53          | 2   |
 268    | 0.06 MB       | CPU_Intensive           | 143.17            | 143.48          | 0.31          | 2   |
 269    | 0.07 MB       | CPU_Intensive           | 143.34            | 143.58          | 0.25          | 2   |
 270    | 0.08 MB       | Generic_Service         | 144.2             | 144.39          | 0.19          | 2   |
 271    | 0.04 MB       | Generic_Service         | 144.41            | 144.79          | 0.38          | 2   |
 272    | 0.05 MB       | CPU_Intensive           | 145.39            | 145.69          | 0.3           | 2   |
 273    | 0.05 MB       | Generic_Service         | 145.57            | 145.79          | 0.22          | 2   |
 276    | 19.95 MB      | CPU_and_Data_Intensive  | 146.32            | 146.49          | 0.17          | 2   |
 274    | 16.70 MB      | CPU_and_Data_Intensive  | 145.61            | 146.59          | 0.98          | 2   |
 277    | 0.03 MB       | CPU_Intensive           | 147.14            | 147.59          | 0.45          | 2   |
 275    | 482.11 MB     | CPU_and_Data_Intensive  | 146.2             | 147.69          | 1.5           | 2   |
 278    | 0.03 MB       | Generic_Service         | 149.25            | 149.5           | 0.25          | 2   |
 280    | 0.03 MB       | CPU_Intensive           | 149.74            | 150.6           | 0.86          | 2   |
 282    | 0.45 MB       | CPU_and_Data_Intensive  | 150.95            | 151.2           | 0.25          | 2   |
 279    | 17.12 MB      | CPU_and_Data_Intensive  | 149.45            | 151.3           | 1.84          | 2   |
 284    | 0.04 MB       | Generic_Service         | 151.39            | 151.6           | 0.21          | 2   |
 285    | 0.01 MB       | Generic_Service         | 151.57            | 151.7           | 0.13          | 2   |
 286    | 0.04 MB       | Generic_Service         | 151.69            | 151.8           | 0.11          | 2   |
 281    | 0.07 MB       | CPU_Intensive           | 150.1             | 152.1           | 2.0           | 2   |
 287    | 0.08 MB       | Generic_Service         | 152.1             | 152.2           | 0.11          | 2   |
 283    | 0.08 MB       | CPU_Intensive           | 151.29            | 152.6           | 1.31          | 2   |
 288    | 0.06 MB       | Generic_Service         | 152.85            | 153.11          | 0.26          | 2   |
 289    | 0.05 MB       | CPU_Intensive           | 152.95            | 153.21          | 0.26          | 2   |
 290    | 4.98 MB       | CPU_and_Data_Intensive  | 153.01            | 153.31          | 0.3           | 2   |
 291    | 6.79 MB       | CPU_and_Data_Intensive  | 153.53            | 153.81          | 0.28          | 2   |
 292    | 0.09 MB       | Generic_Service         | 154.29            | 154.41          | 0.12          | 2   |
 293    | 0.09 MB       | Generic_Service         | 154.62            | 154.81          | 0.19          | 2   |
 295    | 1.77 MB       | CPU_and_Data_Intensive  | 155.16            | 155.31          | 0.15          | 2   |
 296    | 0.01 MB       | Generic_Service         | 155.73            | 155.91          | 0.19          | 2   |
 294    | 493.30 MB     | CPU_and_Data_Intensive  | 154.89            | 156.22          | 1.33          | 2   |
 297    | 0.02 MB       | Generic_Service         | 156.81            | 156.92          | 0.1           | 2   |
 299    | 0.05 MB       | CPU_Intensive           | 157.39            | 157.62          | 0.22          | 1   |
 300    | 0.04 MB       | Generic_Service         | 157.83            | 157.92          | 0.09          | 1   |
 298    | 0.03 MB       | CPU_Intensive           | 157.35            | 158.02          | 0.67          | 2   |
 301    | 0.08 MB       | Generic_Service         | 158.58            | 158.72          | 0.14          | 2   |
 302    | 2.15 MB       | CPU_and_Data_Intensive  | 159.19            | 159.32          | 0.13          | 2   |
 303    | 0.06 MB       | CPU_Intensive           | 159.51            | 159.92          | 0.41          | 2   |
 304    | 10.14 MB      | CPU_and_Data_Intensive  | 160.04            | 160.32          | 0.28          | 2   |
 306    | 0.04 MB       | Generic_Service         | 160.36            | 160.52          | 0.16          | 2   |
 305    | 15.65 MB      | CPU_and_Data_Intensive  | 160.19            | 160.63          | 0.44          | 2   |
 307    | 0.08 MB       | CPU_Intensive           | 160.51            | 160.73          | 0.22          | 2   |
 309    | 0.05 MB       | Generic_Service         | 160.82            | 160.93          | 0.11          | 2   |
 310    | 0.06 MB       | Generic_Service         | 161.04            | 161.13          | 0.09          | 2   |
 308    | 0.06 MB       | CPU_Intensive           | 160.74            | 161.33          | 0.59          | 2   |
 312    | 0.07 MB       | Generic_Service         | 161.64            | 161.73          | 0.09          | 2   |
 315    | 0.03 MB       | CPU_Intensive           | 162.13            | 162.43          | 0.3           | 2   |
 314    | 1.88 MB       | CPU_and_Data_Intensive  | 162.02            | 162.53          | 0.51          | 2   |
 316    | 11.17 MB      | CPU_and_Data_Intensive  | 162.48            | 162.63          | 0.15          | 2   |
 313    | 0.06 MB       | CPU_Intensive           | 161.88            | 162.73          | 0.85          | 2   |
 311    | 0.01 MB       | CPU_Intensive           | 161.26            | 163.04          | 1.77          | 2   |
 317    | 0.03 MB       | Generic_Service         | 162.95            | 163.14          | 0.19          | 2   |
 318    | 0.08 MB       | CPU_Intensive           | 163.48            | 163.84          | 0.35          | 2   |
 319    | 0.06 MB       | CPU_Intensive           | 163.95            | 164.84          | 0.89          | 2   |
 320    | 0.08 MB       | Generic_Service         | 164.76            | 165.04          | 0.28          | 2   |
 322    | 0.02 MB       | Generic_Service         | 164.89            | 165.14          | 0.26          | 2   |
 321    | 0.71 MB       | CPU_and_Data_Intensive  | 164.82            | 165.44          | 0.62          | 2   |
 323    | 0.05 MB       | Generic_Service         | 165.55            | 165.74          | 0.2           | 2   |
 324    | 20.14 MB      | CPU_and_Data_Intensive  | 166.97            | 167.35          | 0.38          | 2   |
 325    | 0.08 MB       | CPU_Intensive           | 167.61            | 169.55          | 1.95          | 2   |
 326    | 0.07 MB       | CPU_Intensive           | 169.12            | 169.55          | 0.43          | 2   |
 327    | 0.03 MB       | CPU_Intensive           | 170.21            | 170.45          | 0.24          | 2   |
 330    | 0.09 MB       | CPU_Intensive           | 170.96            | 171.15          | 0.2           | 2   |
 328    | 363.76 MB     | CPU_and_Data_Intensive  | 170.69            | 171.86          | 1.17          | 2   |
 329    | 0.08 MB       | CPU_Intensive           | 170.83            | 171.96          | 1.13          | 2   |
 331    | 0.07 MB       | CPU_Intensive           | 172.2             | 172.66          | 0.46          | 1   |
 332    | 0.03 MB       | CPU_Intensive           | 173.74            | 174.26          | 0.51          | 1   |
 333    | 0.03 MB       | CPU_Intensive           | 174.1             | 174.36          | 0.25          | 2   |
 334    | 0.08 MB       | CPU_Intensive           | 174.34            | 174.46          | 0.12          | 1   |
 336    | 0.01 MB       | Generic_Service         | 174.81            | 174.96          | 0.15          | 2   |
 337    | 2.04 MB       | CPU_and_Data_Intensive  | 176.18            | 176.96          | 0.78          | 2   |
 339    | 0.06 MB       | Generic_Service         | 176.89            | 177.06          | 0.17          | 2   |
 338    | 0.01 MB       | CPU_Intensive           | 176.35            | 177.16          | 0.81          | 2   |
 340    | 0.05 MB       | Generic_Service         | 177.08            | 177.26          | 0.18          | 2   |
 341    | 0.06 MB       | Generic_Service         | 177.23            | 177.36          | 0.14          | 2   |
 335    | 0.08 MB       | CPU_Intensive           | 174.68            | 177.66          | 2.99          | 1   |
 342    | 0.03 MB       | Generic_Service         | 177.55            | 177.66          | 0.12          | 2   |
 343    | 0.05 MB       | CPU_Intensive           | 178.41            | 179.17          | 0.76          | 2   |
 344    | 9.70 MB       | CPU_and_Data_Intensive  | 178.57            | 179.47          | 0.89          | 2   |
 345    | 0.08 MB       | Generic_Service         | 179.68            | 179.77          | 0.09          | 2   |
 346    | 0.05 MB       | Generic_Service         | 180.38            | 180.47          | 0.09          | 2   |
 347    | 0.08 MB       | Generic_Service         | 180.58            | 180.67          | 0.09          | 2   |
 348    | 0.03 MB       | Generic_Service         | 182.56            | 182.67          | 0.11          | 2   |
 350    | 0.05 MB       | Generic_Service         | 183.71            | 183.77          | 0.06          | 2   |
 349    | 0.06 MB       | CPU_Intensive           | 183.37            | 183.87          | 0.5           | 2   |
 352    | 0.05 MB       | Generic_Service         | 184.09            | 184.17          | 0.09          | 2   |
 351    | 0.08 MB       | CPU_Intensive           | 183.96            | 184.87          | 0.92          | 2   |
 354    | 0.05 MB       | Generic_Service         | 185.4             | 185.58          | 0.17          | 2   |
 355    | 0.08 MB       | Generic_Service         | 186.37            | 186.48          | 0.11          | 2   |
 356    | 0.05 MB       | Generic_Service         | 186.46            | 186.58          | 0.12          | 2   |
 359    | 0.05 MB       | Generic_Service         | 186.52            | 186.58          | 0.06          | 2   |
 357    | 0.03 MB       | Generic_Service         | 186.47            | 186.68          | 0.21          | 2   |
 358    | 0.05 MB       | Generic_Service         | 186.51            | 186.78          | 0.27          | 2   |
 360    | 0.07 MB       | Generic_Service         | 186.84            | 186.88          | 0.04          | 2   |
 361    | 0.08 MB       | Generic_Service         | 186.97            | 187.09          | 0.12          | 2   |
 362    | 0.07 MB       | CPU_Intensive           | 187.1             | 187.29          | 0.19          | 2   |
 363    | 0.02 MB       | Generic_Service         | 187.3             | 187.49          | 0.19          | 2   |
 364    | 0.09 MB       | Generic_Service         | 188.09            | 188.19          | 0.1           | 2   |
 367    | 0.03 MB       | Generic_Service         | 188.93            | 188.99          | 0.06          | 2   |
 366    | 0.03 MB       | CPU_Intensive           | 188.84            | 189.09          | 0.26          | 1   |
 368    | 0.05 MB       | CPU_Intensive           | 189.03            | 189.19          | 0.16          | 2   |
 365    | 0.04 MB       | CPU_Intensive           | 188.59            | 189.39          | 0.8           | 2   |
 369    | 0.05 MB       | CPU_Intensive           | 189.4             | 189.7           | 0.29          | 2   |
 371    | 0.05 MB       | Generic_Service         | 190.43            | 190.5           | 0.06          | 2   |
 372    | 18.19 MB      | CPU_and_Data_Intensive  | 190.69            | 191.3           | 0.61          | 2   |
 370    | 0.08 MB       | CPU_Intensive           | 190.01            | 191.4           | 1.39          | 2   |
 373    | 0.05 MB       | CPU_Intensive           | 191.15            | 192.4           | 1.25          | 2   |
 374    | 0.09 MB       | CPU_Intensive           | 192.31            | 192.5           | 0.19          | 2   |
 375    | 0.04 MB       | Generic_Service         | 192.86            | 193.0           | 0.14          | 2   |
 377    | 0.05 MB       | CPU_Intensive           | 193.3             | 193.61          | 0.31          | 2   |
 378    | 0.02 MB       | CPU_Intensive           | 193.39            | 193.71          | 0.32          | 1   |
 379    | 9.26 MB       | CPU_and_Data_Intensive  | 193.66            | 194.21          | 0.54          | 2   |
 376    | 0.08 MB       | CPU_Intensive           | 193.19            | 194.71          | 1.52          | 2   |
 381    | 0.07 MB       | Generic_Service         | 194.53            | 194.71          | 0.17          | 2   |
 380    | 0.01 MB       | CPU_Intensive           | 193.99            | 194.81          | 0.82          | 1   |
 385    | 0.07 MB       | Generic_Service         | 196.19            | 196.21          | 0.02          | 2   |
 382    | 0.03 MB       | CPU_Intensive           | 195.6             | 196.41          | 0.81          | 2   |
 383    | 12.24 MB      | CPU_and_Data_Intensive  | 196.04            | 196.91          | 0.88          | 2   |
 384    | 0.03 MB       | CPU_Intensive           | 196.15            | 197.11          | 0.97          | 2   |
 386    | 0.03 MB       | CPU_Intensive           | 197.71            | 197.82          | 0.1           | 2   |
 388    | 0.02 MB       | Generic_Service         | 198.09            | 198.12          | 0.02          | 2   |
 387    | 0.03 MB       | Generic_Service         | 197.96            | 198.22          | 0.25          | 2   |
 389    | 290.20 MB     | CPU_and_Data_Intensive  | 198.53            | 199.32          | 0.79          | 2   |
 391    | 0.02 MB       | CPU_Intensive           | 199.23            | 199.42          | 0.19          | 2   |
 392    | 0.02 MB       | Generic_Service         | 199.38            | 199.52          | 0.14          | 2   |
 393    | 12.44 MB      | CPU_and_Data_Intensive  | 199.5             | 199.72          | 0.22          | 2   |
 390    | 0.02 MB       | CPU_Intensive           | 198.96            | 199.92          | 0.96          | 2   |
 394    | 0.03 MB       | Generic_Service         | 201.28            | 201.43          | 0.15          | 2   |
 395    | 0.04 MB       | Generic_Service         | 202.33            | 202.53          | 0.2           | 2   |
 397    | 0.04 MB       | Generic_Service         | 204.51            | 204.53          | 0.02          | 2   |
 396    | 497.74 MB     | CPU_and_Data_Intensive  | 204.47            | 205.23          | 0.76          | 2   |
 399    | 0.01 MB       | Generic_Service         | 205.2             | 205.43          | 0.23          | 2   |
 398    | 4.99 MB       | CPU_and_Data_Intensive  | 205.02            | 205.53          | 0.51          | 2   |
 401    | 0.01 MB       | Generic_Service         | 205.5             | 205.63          | 0.14          | 2   |
 400    | 14.43 MB      | CPU_and_Data_Intensive  | 205.21            | 205.74          | 0.52          | 2   |
 402    | 0.04 MB       | Generic_Service         | 205.66            | 205.84          | 0.17          | 2   |
 403    | 0.07 MB       | Generic_Service         | 205.98            | 206.04          | 0.06          | 2   |
 404    | 0.96 MB       | CPU_and_Data_Intensive  | 205.98            | 206.24          | 0.26          | 2   |
 405    | 259.33 MB     | CPU_and_Data_Intensive  | 206.05            | 206.44          | 0.39          | 2   |
 406    | 0.06 MB       | CPU_Intensive           | 206.29            | 206.54          | 0.25          | 1   |
 407    | 0.09 MB       | Generic_Service         | 206.57            | 206.64          | 0.07          | 1   |
 408    | 0.06 MB       | Generic_Service         | 207.45            | 207.64          | 0.19          | 1   |
 409    | 0.04 MB       | Generic_Service         | 207.9             | 207.94          | 0.04          | 1   |
 410    | 0.04 MB       | Generic_Service         | 207.98            | 208.04          | 0.06          | 1   |
 411    | 3.14 MB       | CPU_and_Data_Intensive  | 208.74            | 209.34          | 0.6           | 1   |
 413    | 0.05 MB       | Generic_Service         | 210.77            | 210.84          | 0.07          | 2   |
 414    | 5.38 MB       | CPU_and_Data_Intensive  | 210.86            | 211.54          | 0.68          | 2   |
 412    | 0.03 MB       | CPU_Intensive           | 210.62            | 211.84          | 1.22          | 2   |
 419    | 0.06 MB       | Generic_Service         | 213.08            | 213.14          | 0.06          | 1   |
 418    | 0.07 MB       | CPU_Intensive           | 212.97            | 213.24          | 0.28          | 2   |
 420    | 0.02 MB       | Generic_Service         | 213.34            | 213.44          | 0.11          | 1   |
 416    | 0.01 MB       | CPU_Intensive           | 212.77            | 213.54          | 0.78          | 2   |
 417    | 292.64 MB     | CPU_and_Data_Intensive  | 212.87            | 213.64          | 0.77          | 2   |
 421    | 0.07 MB       | Generic_Service         | 213.77            | 213.85          | 0.08          | 2   |
 422    | 0.05 MB       | Generic_Service         | 215.57            | 215.75          | 0.17          | 2   |
 415    | 0.05 MB       | CPU_Intensive           | 212.6             | 216.35          | 3.75          | 1   |
 424    | 0.07 MB       | Generic_Service         | 216.82            | 216.95          | 0.12          | 2   |
 423    | 0.05 MB       | CPU_Intensive           | 216.68            | 217.75          | 1.07          | 1   |
 425    | 451.43 MB     | CPU_and_Data_Intensive  | 217.04            | 217.85          | 0.81          | 2   |
 426    | 0.07 MB       | CPU_Intensive           | 217.55            | 218.25          | 0.7           | 2   |
 427    | 0.02 MB       | CPU_Intensive           | 218.45            | 218.65          | 0.19          | 2   |
 428    | 0.09 MB       | CPU_Intensive           | 219.95            | 220.35          | 0.4           | 2   |
 429    | 0.02 MB       | Generic_Service         | 220.6             | 220.65          | 0.05          | 2   |
 430    | 0.04 MB       | Generic_Service         | 221.3             | 221.45          | 0.15          | 2   |
 431    | 0.07 MB       | Generic_Service         | 221.47            | 221.56          | 0.08          | 2   |
 432    | 0.22 MB       | CPU_and_Data_Intensive  | 222.18            | 222.76          | 0.58          | 2   |
 435    | 0.04 MB       | CPU_Intensive           | 224.6             | 224.86          | 0.26          | 1   |
 433    | 0.01 MB       | CPU_Intensive           | 224.26            | 224.86          | 0.6           | 2   |
 437    | 0.08 MB       | Generic_Service         | 225.44            | 225.46          | 0.02          | 1   |
 436    | 0.06 MB       | CPU_Intensive           | 225.03            | 225.56          | 0.54          | 2   |
 438    | 0.05 MB       | CPU_Intensive           | 225.63            | 225.76          | 0.13          | 2   |
 439    | 0.06 MB       | Generic_Service         | 225.92            | 226.07          | 0.15          | 2   |
 434    | 10.05 MB      | CPU_and_Data_Intensive  | 224.44            | 226.37          | 1.93          | 2   |
 442    | 0.08 MB       | Generic_Service         | 227.26            | 227.37          | 0.11          | 2   |
 441    | 293.01 MB     | CPU_and_Data_Intensive  | 226.39            | 227.37          | 0.99          | 2   |
 440    | 0.08 MB       | CPU_Intensive           | 226.21            | 227.47          | 1.27          | 2   |
 443    | 0.05 MB       | Generic_Service         | 227.37            | 227.57          | 0.2           | 2   |
 444    | 0.03 MB       | Generic_Service         | 228.19            | 228.28          | 0.09          | 2   |
 447    | 21.21 MB      | CPU_and_Data_Intensive  | 229.88            | 229.98          | 0.09          | 1   |
 446    | 0.08 MB       | Generic_Service         | 229.86            | 230.08          | 0.22          | 3   |
 448    | 0.07 MB       | CPU_Intensive           | 230.1             | 230.18          | 0.08          | 2   |
 449    | 0.02 MB       | Generic_Service         | 230.18            | 230.28          | 0.11          | 2   |
 445    | 0.34 MB       | CPU_and_Data_Intensive  | 228.79            | 230.38          | 1.59          | 2   |
 450    | 0.04 MB       | Generic_Service         | 230.82            | 230.99          | 0.16          | 2   |
 452    | 0.04 MB       | Generic_Service         | 231.72            | 231.79          | 0.06          | 2   |
 451    | 0.09 MB       | CPU_Intensive           | 231.52            | 231.89          | 0.37          | 2   |
 453    | 15.19 MB      | CPU_and_Data_Intensive  | 232.28            | 232.59          | 0.31          | 2   |
 454    | 0.06 MB       | Generic_Service         | 233.33            | 233.49          | 0.17          | 2   |
 456    | 0.03 MB       | Generic_Service         | 234.65            | 234.8           | 0.14          | 2   |
 455    | 18.80 MB      | CPU_and_Data_Intensive  | 234.59            | 235.1           | 0.51          | 2   |
 457    | 335.81 MB     | CPU_and_Data_Intensive  | 234.82            | 235.3           | 0.48          | 2   |
 458    | 0.03 MB       | CPU_Intensive           | 235.55            | 235.7           | 0.15          | 2   |
 459    | 0.04 MB       | Generic_Service         | 237.01            | 237.3           | 0.29          | 2   |
 460    | 0.06 MB       | CPU_Intensive           | 237.76            | 238.01          | 0.25          | 2   |
 463    | 0.06 MB       | CPU_Intensive           | 238.66            | 238.81          | 0.15          | 2   |
 462    | 1.86 MB       | CPU_and_Data_Intensive  | 238.35            | 238.81          | 0.46          | 2   |
 464    | 0.05 MB       | Generic_Service         | 238.68            | 238.91          | 0.24          | 2   |
 465    | 0.04 MB       | Generic_Service         | 238.77            | 239.01          | 0.24          | 2   |
 461    | 0.08 MB       | CPU_Intensive           | 238.31            | 239.11          | 0.81          | 2   |
 466    | 0.02 MB       | Generic_Service         | 240.74            | 240.82          | 0.08          | 2   |
 467    | 0.06 MB       | CPU_Intensive           | 241.33            | 241.52          | 0.19          | 2   |
 468    | 10.09 MB      | CPU_and_Data_Intensive  | 241.53            | 241.92          | 0.39          | 2   |
 469    | 180.50 MB     | CPU_and_Data_Intensive  | 242.33            | 242.82          | 0.49          | 1   |
 470    | 0.03 MB       | CPU_Intensive           | 243.48            | 243.82          | 0.34          | 2   |
 471    | 0.03 MB       | CPU_Intensive           | 243.71            | 243.92          | 0.21          | 2   |
 472    | 384.12 MB     | CPU_and_Data_Intensive  | 243.87            | 244.43          | 0.56          | 2   |
 473    | 205.21 MB     | CPU_and_Data_Intensive  | 244.44            | 245.73          | 1.29          | 2   |
 474    | 5.37 MB       | CPU_and_Data_Intensive  | 245.01            | 245.83          | 0.81          | 2   |
 476    | 0.07 MB       | Generic_Service         | 246.44            | 246.63          | 0.19          | 2   |
 475    | 0.08 MB       | CPU_Intensive           | 246.3             | 247.03          | 0.73          | 1   |
 477    | 192.60 MB     | CPU_and_Data_Intensive  | 247.13            | 247.43          | 0.3           | 1   |
 479    | 0.02 MB       | Generic_Service         | 247.77            | 247.93          | 0.17          | 2   |
 478    | 0.03 MB       | CPU_Intensive           | 247.39            | 248.23          | 0.84          | 1   |
 480    | 0.06 MB       | CPU_Intensive           | 249.04            | 249.43          | 0.4           | 2   |
 481    | 0.02 MB       | Generic_Service         | 249.58            | 249.94          | 0.35          | 2   |
 483    | 0.01 MB       | Generic_Service         | 250.34            | 250.54          | 0.2           | 2   |
 486    | 0.02 MB       | Generic_Service         | 250.58            | 250.64          | 0.06          | 2   |
 485    | 0.02 MB       | CPU_Intensive           | 250.56            | 250.74          | 0.18          | 2   |
 484    | 0.05 MB       | CPU_Intensive           | 250.47            | 250.84          | 0.37          | 2   |
 487    | 0.09 MB       | Generic_Service         | 250.91            | 251.15          | 0.24          | 2   |
 488    | 0.08 MB       | CPU_Intensive           | 251.3             | 251.75          | 0.45          | 2   |
 490    | 0.05 MB       | Generic_Service         | 252.38            | 252.55          | 0.17          | 2   |
 489    | 0.06 MB       | CPU_Intensive           | 251.79            | 252.85          | 1.06          | 2   |
 491    | 0.65 MB       | CPU_and_Data_Intensive  | 252.44            | 252.85          | 0.42          | 2   |
 492    | 305.63 MB     | CPU_and_Data_Intensive  | 252.72            | 252.95          | 0.24          | 2   |
 494    | 0.03 MB       | CPU_Intensive           | 254.42            | 254.65          | 0.23          | 1   |
 493    | 133.36 MB     | CPU_and_Data_Intensive  | 253.7             | 255.06          | 1.36          | 2   |
 495    | 0.08 MB       | CPU_Intensive           | 254.98            | 255.36          | 0.37          | 2   |
 496    | 0.09 MB       | CPU_Intensive           | 255.79            | 256.26          | 0.47          | 2   |
 497    | 19.78 MB      | CPU_and_Data_Intensive  | 256.87            | 257.26          | 0.38          | 2   |
 498    | 0.04 MB       | CPU_Intensive           | 257.08            | 257.66          | 0.58          | 1   |
 500    | 0.06 MB       | Generic_Service         | 258.02            | 258.26          | 0.24          | 1   |
 502    | 0.06 MB       | Generic_Service         | 258.26            | 258.36          | 0.1           | 1   |
 499    | 0.03 MB       | CPU_Intensive           | 257.67            | 258.36          | 0.69          | 2   |
 501    | 0.07 MB       | Generic_Service         | 258.24            | 258.46          | 0.22          | 2   |
 504    | 0.04 MB       | Generic_Service         | 259.07            | 259.16          | 0.09          | 1   |
 503    | 0.02 MB       | CPU_Intensive           | 258.39            | 260.36          | 1.97          | 2   |
 506    | 0.04 MB       | Generic_Service         | 260.31            | 260.46          | 0.15          | 2   |
 505    | 0.02 MB       | CPU_Intensive           | 260.06            | 260.56          | 0.5           | 1   |
 507    | 0.08 MB       | CPU_Intensive           | 260.48            | 261.06          | 0.59          | 2   |
 508    | 0.08 MB       | Generic_Service         | 260.96            | 261.17          | 0.2           | 2   |
 509    | 0.01 MB       | Generic_Service         | 261.2             | 261.47          | 0.27          | 2   |
 510    | 0.08 MB       | Generic_Service         | 261.48            | 261.67          | 0.19          | 2   |
 511    | 0.06 MB       | CPU_Intensive           | 262.05            | 262.37          | 0.32          | 1   |
 512    | 0.03 MB       | Generic_Service         | 262.55            | 262.67          | 0.12          | 1   |
 513    | 0.08 MB       | Generic_Service         | 262.99            | 263.07          | 0.08          | 1   |
 514    | 0.05 MB       | Generic_Service         | 264.53            | 264.77          | 0.24          | 2   |
 515    | 0.03 MB       | Generic_Service         | 265.79            | 265.97          | 0.18          | 2   |
 516    | 0.04 MB       | Generic_Service         | 266.61            | 266.77          | 0.17          | 2   |
 517    | 0.02 MB       | Generic_Service         | 267.21            | 267.38          | 0.17          | 2   |
 518    | 0.06 MB       | Generic_Service         | 267.67            | 267.88          | 0.21          | 2   |
 519    | 0.05 MB       | Generic_Service         | 267.82            | 267.98          | 0.16          | 2   |
 521    | 0.04 MB       | Generic_Service         | 268.84            | 269.08          | 0.24          | 1   |
 520    | 6.02 MB       | CPU_and_Data_Intensive  | 268.64            | 269.08          | 0.44          | 2   |
 522    | 0.02 MB       | CPU_Intensive           | 270.43            | 270.58          | 0.16          | 2   |
 523    | 0.02 MB       | Generic_Service         | 270.5             | 270.79          | 0.28          | 2   |
 524    | 0.08 MB       | Generic_Service         | 270.77            | 270.99          | 0.22          | 2   |
 525    | 0.02 MB       | Generic_Service         | 270.88            | 271.09          | 0.21          | 2   |
 527    | 0.08 MB       | Generic_Service         | 271.24            | 271.29          | 0.05          | 1   |
 526    | 4.05 MB       | CPU_and_Data_Intensive  | 271.21            | 271.59          | 0.38          | 2   |
 528    | 5.66 MB       | CPU_and_Data_Intensive  | 271.97            | 272.19          | 0.22          | 2   |
 529    | 0.02 MB       | Generic_Service         | 272.54            | 272.69          | 0.16          | 2   |
 530    | 0.08 MB       | Generic_Service         | 272.59            | 272.8           | 0.21          | 2   |
 531    | 0.05 MB       | Generic_Service         | 273.22            | 273.4           | 0.17          | 2   |
 532    | 0.08 MB       | Generic_Service         | 273.74            | 274.1           | 0.36          | 3   |
 534    | 0.01 MB       | CPU_Intensive           | 274.78            | 275.1           | 0.32          | 2   |
 533    | 3.94 MB       | CPU_and_Data_Intensive  | 274.73            | 275.2           | 0.48          | 2   |
 535    | 0.01 MB       | CPU_Intensive           | 274.95            | 275.4           | 0.45          | 2   |
 537    | 0.06 MB       | CPU_Intensive           | 275.72            | 276.01          | 0.28          | 2   |
 538    | 0.02 MB       | Generic_Service         | 276.16            | 276.31          | 0.14          | 2   |
 539    | 0.30 MB       | CPU_and_Data_Intensive  | 276.18            | 276.41          | 0.23          | 2   |
 541    | 0.07 MB       | Generic_Service         | 276.41            | 276.61          | 0.2           | 2   |
 542    | 0.05 MB       | Generic_Service         | 276.47            | 276.61          | 0.15          | 1   |
 536    | 0.04 MB       | CPU_Intensive           | 275.72            | 277.21          | 1.49          | 2   |
 540    | 0.04 MB       | CPU_Intensive           | 276.33            | 277.71          | 1.39          | 2   |
 544    | 0.08 MB       | Generic_Service         | 277.78            | 277.92          | 0.13          | 2   |
 543    | 375.42 MB     | CPU_and_Data_Intensive  | 277.39            | 278.32          | 0.92          | 2   |
 545    | 0.01 MB       | Generic_Service         | 278.4             | 278.62          | 0.21          | 2   |
 546    | 0.08 MB       | CPU_Intensive           | 279.65            | 279.92          | 0.27          | 2   |
 548    | 0.06 MB       | Generic_Service         | 280.13            | 280.32          | 0.19          | 2   |
 550    | 0.08 MB       | Generic_Service         | 280.7             | 280.92          | 0.22          | 2   |
 551    | 0.06 MB       | Generic_Service         | 280.7             | 280.92          | 0.22          | 2   |
 549    | 2.11 MB       | CPU_and_Data_Intensive  | 280.59            | 281.13          | 0.54          | 2   |
 553    | 0.04 MB       | Generic_Service         | 281.48            | 281.63          | 0.15          | 2   |
 547    | 0.04 MB       | CPU_Intensive           | 279.8             | 281.83          | 2.03          | 2   |
 552    | 0.09 MB       | CPU_Intensive           | 281.38            | 281.93          | 0.55          | 2   |
 554    | 0.06 MB       | CPU_Intensive           | 282.66            | 282.93          | 0.27          | 2   |
 556    | 1.85 MB       | CPU_and_Data_Intensive  | 284.23            | 284.43          | 0.21          | 2   |
 555    | 7.25 MB       | CPU_and_Data_Intensive  | 283.13            | 284.84          | 1.7           | 2   |
 557    | 0.05 MB       | Generic_Service         | 285.04            | 285.14          | 0.1           | 2   |
 558    | 21.56 MB      | CPU_and_Data_Intensive  | 286.5             | 286.64          | 0.14          | 2   |
 559    | 17.86 MB      | CPU_and_Data_Intensive  | 286.8             | 287.14          | 0.34          | 2   |
 560    | 0.08 MB       | Generic_Service         | 287.12            | 287.24          | 0.12          | 2   |
 561    | 0.08 MB       | CPU_Intensive           | 287.36            | 287.84          | 0.48          | 2   |
 562    | 0.03 MB       | CPU_Intensive           | 287.81            | 288.84          | 1.03          | 2   |
 564    | 0.02 MB       | Generic_Service         | 288.97            | 289.24          | 0.27          | 1   |
 563    | 1.76 MB       | CPU_and_Data_Intensive  | 288.96            | 289.34          | 0.38          | 2   |
 566    | 0.08 MB       | Generic_Service         | 289.9             | 289.95          | 0.04          | 2   |
 567    | 1.60 MB       | CPU_and_Data_Intensive  | 290.18            | 290.35          | 0.17          | 2   |
 568    | 0.08 MB       | CPU_Intensive           | 290.42            | 290.55          | 0.13          | 2   |
 565    | 18.79 MB      | CPU_and_Data_Intensive  | 289.86            | 290.85          | 0.99          | 2   |
 569    | 0.01 MB       | CPU_Intensive           | 291.11            | 291.55          | 0.45          | 2   |
 570    | 0.04 MB       | Generic_Service         | 291.94            | 292.15          | 0.22          | 2   |
 572    | 0.07 MB       | Generic_Service         | 292.7             | 292.76          | 0.06          | 2   |
 571    | 0.02 MB       | Generic_Service         | 292.62            | 292.76          | 0.13          | 2   |
 573    | 0.04 MB       | Generic_Service         | 292.79            | 292.86          | 0.07          | 2   |
 575    | 20.71 MB      | CPU_and_Data_Intensive  | 293.16            | 293.26          | 0.1           | 2   |
 574    | 0.48 MB       | CPU_and_Data_Intensive  | 292.8             | 293.56          | 0.77          | 2   |
 577    | 0.06 MB       | CPU_Intensive           | 293.42            | 293.56          | 0.14          | 2   |
 578    | 0.08 MB       | CPU_Intensive           | 293.49            | 293.67          | 0.18          | 2   |
 576    | 0.04 MB       | CPU_Intensive           | 293.41            | 293.97          | 0.56          | 2   |
 580    | 0.01 MB       | Generic_Service         | 294.07            | 294.27          | 0.2           | 2   |
 581    | 0.03 MB       | Generic_Service         | 294.15            | 294.37          | 0.22          | 2   |
 579    | 16.10 MB      | CPU_and_Data_Intensive  | 293.66            | 294.87          | 1.21          | 2   |
 582    | 0.05 MB       | CPU_Intensive           | 294.61            | 294.87          | 0.26          | 2   |
 583    | 0.05 MB       | Generic_Service         | 295.64            | 295.77          | 0.13          | 2   |
 585    | 0.07 MB       | Generic_Service         | 295.81            | 295.87          | 0.06          | 2   |
 584    | 0.01 MB       | CPU_Intensive           | 295.81            | 295.98          | 0.17          | 2   |
 586    | 0.08 MB       | Generic_Service         | 296.46            | 296.68          | 0.22          | 2   |
 587    | 0.03 MB       | CPU_Intensive           | 298.59            | 298.98          | 0.39          | 2   |
 588    | 0.07 MB       | Generic_Service         | 298.92            | 299.08          | 0.16          | 2   |

----------
TASK GLOBALI 586 

TOT TASK IN ROUTING SYS: 586

id     | CurrentNode          | Hop | Label           | Resolution    | Start Routing (s) | End Routing (s) | duration      | Algo
[92m1      | OBS                  | 1   | TASK_ARRIVED    | CPU_and_Data_Intensive| 0.64              | 1.6             | 0.96          | GREEDY:100.0%[0m
[92m2      | OBS                  | 2   | TASK_ARRIVED    | Generic_Service       | 0.67              | 0.7             | 0.03          | GREEDY:100.0%[0m
[92m3      | OBS                  | 2   | TASK_ARRIVED    | Generic_Service       | 1.57              | 1.8             | 0.23          | GREEDY:100.0%[0m
[92m4      | OBS                  | 2   | TASK_ARRIVED    | CPU_Intensive         | 2.53              | 2.7             | 0.18          | GREEDY:100.0%[0m
[92m5      | OBS                  | 2   | TASK_ARRIVED    | Generic_Service       | 2.69              | 2.91            | 0.22          | GREEDY:100.0%[0m
[92m6      | OBS                  | 2   | TASK_ARRIVED    | CPU_and_Data_Intensive| 2.79              | 3.21            | 0.42          | GREEDY:100.0%[0m
[92m7      | OBS                  | 2   | TASK_ARRIVED    | CPU_Intensive         | 2.82              | 3.01            | 0.19          | GREEDY:100.0%[0m
[92m8      | OBS                  | 2   | TASK_ARRIVED    | CPU_Intensive         | 3.26              | 4.01            | 0.75          | GREEDY:100.0%[0m
[92m9      | OBS                  | 2   | TASK_ARRIVED    | Generic_Service       | 3.36              | 3.51            | 0.15          | GREEDY:100.0%[0m
[92m10     | OBS                  | 2   | TASK_ARRIVED    | CPU_and_Data_Intensive| 3.68              | 5.92            | 2.24          | GREEDY:100.0%[0m
[92m11     | OBS                  | 2   | TASK_ARRIVED    | Generic_Service       | 4.06              | 4.21            | 0.16          | GREEDY:100.0%[0m
[92m12     | OBS                  | 2   | TASK_ARRIVED    | CPU_Intensive         | 4.25              | 4.71            | 0.46          | GREEDY:100.0%[0m
[92m13     | OBS                  | 2   | TASK_ARRIVED    | CPU_Intensive         | 4.61              | 4.82            | 0.21          | GREEDY:100.0%[0m
[92m14     | OBS                  | 2   | TASK_ARRIVED    | CPU_Intensive         | 4.68              | 5.12            | 0.44          | GREEDY:100.0%[0m
[92m15     | OBS                  | 2   | TASK_ARRIVED    | Generic_Service       | 5.07              | 5.22            | 0.15          | GREEDY:100.0%[0m
[92m16     | OBS                  | 2   | TASK_ARRIVED    | Generic_Service       | 5.2               | 5.42            | 0.22          | GREEDY:100.0%[0m
[92m17     | OBS                  | 2   | TASK_ARRIVED    | CPU_Intensive         | 5.42              | 6.42            | 1.0           | GREEDY:100.0%[0m
[92m18     | OBS                  | 1   | TASK_ARRIVED    | Generic_Service       | 6.26              | 6.32            | 0.06          | GREEDY:100.0%[0m
[92m19     | OBS                  | 2   | TASK_ARRIVED    | CPU_and_Data_Intensive| 7.3               | 8.13            | 0.82          | GREEDY:100.0%[0m
[92m20     | OBS                  | 2   | TASK_ARRIVED    | Generic_Service       | 7.6               | 7.72            | 0.12          | GREEDY:100.0%[0m
[92m21     | OBS                  | 2   | TASK_ARRIVED    | Generic_Service       | 8.04              | 8.23            | 0.18          | GREEDY:100.0%[0m
[92m22     | OBS                  | 2   | TASK_ARRIVED    | Generic_Service       | 8.46              | 8.53            | 0.06          | GREEDY:100.0%[0m
[92m23     | OBS                  | 2   | TASK_ARRIVED    | CPU_Intensive         | 8.91              | 9.03            | 0.12          | GREEDY:100.0%[0m
[92m24     | OBS                  | 2   | TASK_ARRIVED    | CPU_and_Data_Intensive| 9.99              | 10.53           | 0.54          | GREEDY:100.0%[0m
[92m25     | OBS                  | 2   | TASK_ARRIVED    | Generic_Service       | 10.47             | 10.63           | 0.16          | GREEDY:100.0%[0m
[92m26     | OBS                  | 2   | TASK_ARRIVED    | CPU_and_Data_Intensive| 10.73             | 11.23           | 0.51          | GREEDY:100.0%[0m
[92m27     | OBS                  | 2   | TASK_ARRIVED    | CPU_and_Data_Intensive| 11.25             | 11.83           | 0.59          | GREEDY:100.0%[0m
[92m28     | OBS                  | 1   | TASK_ARRIVED    | Generic_Service       | 11.37             | 11.43           | 0.06          | GREEDY:100.0%[0m
[92m29     | OBS                  | 1   | TASK_ARRIVED    | CPU_and_Data_Intensive| 11.58             | 11.93           | 0.35          | GREEDY:100.0%[0m
[92m30     | OBS                  | 2   | TASK_ARRIVED    | CPU_and_Data_Intensive| 12.15             | 12.24           | 0.09          | GREEDY:100.0%[0m
[92m31     | OBS                  | 2   | TASK_ARRIVED    | CPU_and_Data_Intensive| 14.12             | 15.04           | 0.92          | GREEDY:100.0%[0m
[92m32     | OBS                  | 1   | TASK_ARRIVED    | Generic_Service       | 14.49             | 14.54           | 0.04          | GREEDY:100.0%[0m
[92m33     | OBS                  | 1   | TASK_ARRIVED    | Generic_Service       | 15.34             | 15.44           | 0.09          | GREEDY:100.0%[0m
[92m34     | OBS                  | 1   | TASK_ARRIVED    | Generic_Service       | 16.22             | 16.34           | 0.11          | GREEDY:100.0%[0m
[92m35     | OBS                  | 1   | TASK_ARRIVED    | Generic_Service       | 17.04             | 17.14           | 0.1           | GREEDY:100.0%[0m
[92m36     | OBS                  | 1   | TASK_ARRIVED    | CPU_and_Data_Intensive| 18.52             | 19.24           | 0.72          | GREEDY:100.0%[0m
[92m37     | OBS                  | 1   | TASK_ARRIVED    | Generic_Service       | 18.83             | 18.84           | 0.01          | GREEDY:100.0%[0m
[92m38     | OBS                  | 1   | TASK_ARRIVED    | CPU_Intensive         | 19.86             | 20.34           | 0.48          | GREEDY:100.0%[0m
[92m39     | OBS                  | 1   | TASK_ARRIVED    | CPU_and_Data_Intensive| 20.27             | 20.54           | 0.27          | GREEDY:100.0%[0m
[92m40     | OBS                  | 1   | TASK_ARRIVED    | Generic_Service       | 20.72             | 20.84           | 0.12          | GREEDY:100.0%[0m
[92m41     | OBS                  | 1   | TASK_ARRIVED    | Generic_Service       | 21.03             | 21.14           | 0.11          | GREEDY:100.0%[0m
[92m42     | OBS                  | 1   | TASK_ARRIVED    | CPU_and_Data_Intensive| 21.06             | 21.64           | 0.59          | GREEDY:100.0%[0m
[92m43     | OBS                  | 1   | TASK_ARRIVED    | CPU_and_Data_Intensive| 21.22             | 22.75           | 1.52          | GREEDY:100.0%[0m
[92m44     | OBS                  | 2   | TASK_ARRIVED    | CPU_Intensive         | 21.26             | 21.44           | 0.18          | GREEDY:100.0%[0m
[92m45     | OBS                  | 2   | TASK_ARRIVED    | Generic_Service       | 21.39             | 21.54           | 0.15          | GREEDY:100.0%[0m
[92m46     | OBS                  | 2   | TASK_ARRIVED    | Generic_Service       | 21.44             | 21.64           | 0.21          | GREEDY:100.0%[0m
[92m47     | OBS                  | 2   | TASK_ARRIVED    | CPU_Intensive         | 21.55             | 21.85           | 0.3           | GREEDY:100.0%[0m
[92m48     | OBS                  | 2   | TASK_ARRIVED    | CPU_and_Data_Intensive| 21.56             | 21.74           | 0.18          | GREEDY:100.0%[0m
[92m49     | OBS                  | 1   | TASK_ARRIVED    | Generic_Service       | 21.72             | 21.75           | 0.03          | GREEDY:100.0%[0m
[92m50     | OBS                  | 1   | TASK_ARRIVED    | Generic_Service       | 21.81             | 21.85           | 0.04          | GREEDY:100.0%[0m
[92m51     | OBS                  | 2   | TASK_ARRIVED    | CPU_Intensive         | 22.81             | 23.15           | 0.34          | GREEDY:100.0%[0m
[92m52     | OBS                  | 2   | TASK_ARRIVED    | CPU_Intensive         | 22.91             | 23.15           | 0.24          | GREEDY:100.0%[0m
[92m53     | OBS                  | 2   | TASK_ARRIVED    | Generic_Service       | 24.54             | 24.75           | 0.21          | GREEDY:100.0%[0m
[92m54     | OBS                  | 2   | TASK_ARRIVED    | CPU_Intensive         | 25.02             | 25.85           | 0.84          | GREEDY:100.0%[0m
[92m55     | OBS                  | 2   | TASK_ARRIVED    | CPU_and_Data_Intensive| 25.79             | 26.15           | 0.36          | GREEDY:100.0%[0m
[92m56     | OBS                  | 2   | TASK_ARRIVED    | CPU_Intensive         | 26.29             | 27.76           | 1.46          | GREEDY:100.0%[0m
[92m57     | OBS                  | 2   | TASK_ARRIVED    | CPU_Intensive         | 26.3              | 26.86           | 0.56          | GREEDY:100.0%[0m
[92m58     | OBS                  | 2   | TASK_ARRIVED    | Generic_Service       | 26.48             | 26.65           | 0.17          | GREEDY:100.0%[0m
[92m59     | OBS                  | 2   | TASK_ARRIVED    | CPU_and_Data_Intensive| 27.1              | 27.56           | 0.46          | GREEDY:100.0%[0m
[92m60     | OBS                  | 2   | TASK_ARRIVED    | CPU_Intensive         | 27.9              | 28.26           | 0.36          | GREEDY:100.0%[0m
[92m61     | OBS                  | 2   | TASK_ARRIVED    | CPU_and_Data_Intensive| 28.27             | 28.76           | 0.49          | GREEDY:100.0%[0m
[92m62     | OBS                  | 2   | TASK_ARRIVED    | Generic_Service       | 28.76             | 28.86           | 0.11          | GREEDY:100.0%[0m
[92m63     | OBS                  | 2   | TASK_ARRIVED    | CPU_Intensive         | 29.58             | 29.66           | 0.08          | GREEDY:100.0%[0m
[92m64     | OBS                  | 2   | TASK_ARRIVED    | CPU_Intensive         | 29.85             | 30.36           | 0.51          | GREEDY:100.0%[0m
[92m65     | OBS                  | 2   | TASK_ARRIVED    | CPU_Intensive         | 29.96             | 30.47           | 0.51          | GREEDY:100.0%[0m
[92m66     | OBS                  | 1   | TASK_ARRIVED    | Generic_Service       | 31.36             | 31.47           | 0.11          | GREEDY:100.0%[0m
[92m67     | OBS                  | 1   | TASK_ARRIVED    | CPU_Intensive         | 31.48             | 31.87           | 0.38          | GREEDY:100.0%[0m
[92m68     | OBS                  | 1   | TASK_ARRIVED    | Generic_Service       | 32.04             | 32.17           | 0.12          | GREEDY:100.0%[0m
[92m69     | OBS                  | 1   | TASK_ARRIVED    | CPU_and_Data_Intensive| 33.62             | 34.17           | 0.55          | GREEDY:100.0%[0m
[92m70     | OBS                  | 1   | TASK_ARRIVED    | CPU_and_Data_Intensive| 34.57             | 35.67           | 1.1           | GREEDY:100.0%[0m
[92m71     | OBS                  | 2   | TASK_ARRIVED    | CPU_and_Data_Intensive| 35.02             | 35.57           | 0.55          | GREEDY:100.0%[0m
[92m72     | OBS                  | 1   | TASK_ARRIVED    | Generic_Service       | 35.73             | 35.87           | 0.13          | GREEDY:100.0%[0m
[92m73     | OBS                  | 2   | TASK_ARRIVED    | Generic_Service       | 36.3              | 36.57           | 0.27          | GREEDY:100.0%[0m
[92m74     | OBS                  | 2   | TASK_ARRIVED    | CPU_Intensive         | 36.67             | 37.07           | 0.4           | GREEDY:100.0%[0m
[92m75     | OBS                  | 2   | TASK_ARRIVED    | CPU_and_Data_Intensive| 37.09             | 37.57           | 0.48          | GREEDY:100.0%[0m
[92m76     | OBS                  | 2   | TASK_ARRIVED    | CPU_Intensive         | 37.11             | 37.37           | 0.26          | GREEDY:100.0%[0m
[92m77     | OBS                  | 2   | TASK_ARRIVED    | CPU_Intensive         | 37.86             | 38.17           | 0.31          | GREEDY:100.0%[0m
[92m78     | OBS                  | 2   | TASK_ARRIVED    | Generic_Service       | 38.43             | 38.67           | 0.24          | GREEDY:100.0%[0m
[92m79     | OBS                  | 2   | TASK_ARRIVED    | CPU_Intensive         | 38.78             | 39.07           | 0.3           | GREEDY:100.0%[0m
[92m80     | OBS                  | 2   | TASK_ARRIVED    | CPU_and_Data_Intensive| 38.88             | 39.28           | 0.4           | GREEDY:100.0%[0m
[92m81     | OBS                  | 2   | TASK_ARRIVED    | Generic_Service       | 40.14             | 40.28           | 0.14          | GREEDY:100.0%[0m
[92m82     | OBS                  | 2   | TASK_ARRIVED    | CPU_Intensive         | 40.41             | 40.88           | 0.47          | GREEDY:100.0%[0m
[92m83     | OBS                  | 2   | TASK_ARRIVED    | CPU_and_Data_Intensive| 41.05             | 41.68           | 0.63          | GREEDY:100.0%[0m
[92m84     | OBS                  | 1   | TASK_ARRIVED    | CPU_and_Data_Intensive| 41.11             | 41.88           | 0.77          | GREEDY:100.0%[0m
[92m85     | OBS                  | 2   | TASK_ARRIVED    | CPU_Intensive         | 41.35             | 42.48           | 1.14          | GREEDY:100.0%[0m
[92m86     | OBS                  | 1   | TASK_ARRIVED    | CPU_and_Data_Intensive| 42.15             | 42.99           | 0.84          | GREEDY:100.0%[0m
[92m87     | OBS                  | 2   | TASK_ARRIVED    | CPU_Intensive         | 42.48             | 42.89           | 0.41          | GREEDY:100.0%[0m
[92m88     | OBS                  | 2   | TASK_ARRIVED    | CPU_and_Data_Intensive| 42.53             | 42.68           | 0.16          | GREEDY:100.0%[0m
[92m89     | OBS                  | 1   | TASK_ARRIVED    | Generic_Service       | 43.59             | 43.69           | 0.1           | GREEDY:100.0%[0m
[92m90     | OBS                  | 1   | TASK_ARRIVED    | CPU_Intensive         | 44.39             | 45.39           | 1.0           | GREEDY:100.0%[0m
[92m91     | OBS                  | 2   | TASK_ARRIVED    | Generic_Service       | 44.43             | 44.59           | 0.16          | GREEDY:100.0%[0m
[92m92     | OBS                  | 1   | TASK_ARRIVED    | Generic_Service       | 45.56             | 45.59           | 0.03          | GREEDY:100.0%[0m
[92m93     | OBS                  | 1   | TASK_ARRIVED    | Generic_Service       | 46.16             | 46.29           | 0.13          | GREEDY:100.0%[0m
[92m94     | OBS                  | 2   | TASK_ARRIVED    | Generic_Service       | 46.16             | 46.39           | 0.23          | GREEDY:100.0%[0m
[92m95     | OBS                  | 1   | TASK_ARRIVED    | CPU_Intensive         | 46.45             | 47.59           | 1.15          | GREEDY:100.0%[0m
[92m96     | OBS                  | 2   | TASK_ARRIVED    | CPU_Intensive         | 46.69             | 46.99           | 0.3           | GREEDY:100.0%[0m
[92m97     | OBS                  | 2   | TASK_ARRIVED    | CPU_and_Data_Intensive| 46.79             | 47.99           | 1.2           | GREEDY:100.0%[0m
[92m98     | OBS                  | 1   | TASK_ARRIVED    | Generic_Service       | 48.18             | 48.29           | 0.12          | GREEDY:100.0%[0m
[92m99     | OBS                  | 1   | TASK_ARRIVED    | CPU_Intensive         | 48.48             | 48.99           | 0.51          | GREEDY:100.0%[0m
[92m100    | OBS                  | 1   | TASK_ARRIVED    | CPU_Intensive         | 49.92             | 50.59           | 0.68          | GREEDY:100.0%[0m
[92m101    | OBS                  | 1   | TASK_ARRIVED    | Generic_Service       | 50.81             | 50.89           | 0.08          | GREEDY:100.0%[0m
[92m102    | OBS                  | 1   | TASK_ARRIVED    | Generic_Service       | 50.99             | 51.09           | 0.1           | GREEDY:100.0%[0m
[92m103    | OBS                  | 1   | TASK_ARRIVED    | CPU_and_Data_Intensive| 51.44             | 51.59           | 0.15          | GREEDY:100.0%[0m
[92m104    | OBS                  | 1   | TASK_ARRIVED    | CPU_Intensive         | 52.55             | 52.79           | 0.25          | GREEDY:100.0%[0m
[92m105    | OBS                  | 1   | TASK_ARRIVED    | Generic_Service       | 52.81             | 52.99           | 0.18          | GREEDY:100.0%[0m
[92m106    | OBS                  | 1   | TASK_ARRIVED    | CPU_and_Data_Intensive| 52.96             | 53.29           | 0.34          | GREEDY:100.0%[0m
[92m107    | OBS                  | 2   | TASK_ARRIVED    | Generic_Service       | 53.01             | 53.19           | 0.19          | GREEDY:100.0%[0m
[92m108    | OBS                  | 1   | TASK_ARRIVED    | CPU_Intensive         | 54.92             | 55.59           | 0.67          | GREEDY:100.0%[0m
[92m109    | OBS                  | 2   | TASK_ARRIVED    | CPU_and_Data_Intensive| 54.95             | 56.8            | 1.85          | GREEDY:100.0%[0m
[92m110    | OBS                  | 2   | TASK_ARRIVED    | Generic_Service       | 55.48             | 55.7            | 0.21          | GREEDY:100.0%[0m
[92m111    | OBS                  | 1   | TASK_ARRIVED    | Generic_Service       | 55.91             | 56.0            | 0.09          | GREEDY:100.0%[0m
[92m112    | OBS                  | 1   | TASK_ARRIVED    | Generic_Service       | 56.1              | 56.2            | 0.1           | GREEDY:100.0%[0m
[92m113    | OBS                  | 1   | TASK_ARRIVED    | CPU_Intensive         | 56.16             | 57.0            | 0.84          | GREEDY:100.0%[0m
[92m114    | OBS                  | 1   | TASK_ARRIVED    | Generic_Service       | 57.13             | 57.2            | 0.07          | GREEDY:100.0%[0m
[92m115    | OBS                  | 1   | TASK_ARRIVED    | CPU_Intensive         | 57.43             | 58.1            | 0.67          | GREEDY:100.0%[0m
[92m116    | OBS                  | 1   | TASK_ARRIVED    | CPU_Intensive         | 59.23             | 59.5            | 0.26          | GREEDY:100.0%[0m
[92m117    | OBS                  | 1   | TASK_ARRIVED    | Generic_Service       | 60.02             | 60.2            | 0.17          | GREEDY:100.0%[0m
[92m118    | OBS                  | 1   | TASK_ARRIVED    | CPU_Intensive         | 60.16             | 60.6            | 0.43          | GREEDY:100.0%[0m
[92m119    | OBS                  | 1   | TASK_ARRIVED    | Generic_Service       | 60.68             | 60.8            | 0.12          | GREEDY:100.0%[0m
[92m120    | OBS                  | 1   | TASK_ARRIVED    | CPU_Intensive         | 61.43             | 61.5            | 0.07          | GREEDY:100.0%[0m
[92m121    | OBS                  | 1   | TASK_ARRIVED    | CPU_Intensive         | 61.53             | 62.0            | 0.47          | GREEDY:100.0%[0m
[92m122    | OBS                  | 1   | TASK_ARRIVED    | CPU_Intensive         | 61.91             | 62.3            | 0.39          | GREEDY:100.0%[0m
[92m123    | OBS                  | 1   | TASK_ARRIVED    | CPU_and_Data_Intensive| 63.51             | 63.7            | 0.19          | GREEDY:100.0%[0m
[92m124    | OBS                  | 1   | TASK_ARRIVED    | CPU_Intensive         | 65.03             | 65.6            | 0.57          | GREEDY:100.0%[0m
[92m125    | OBS                  | 1   | TASK_ARRIVED    | CPU_and_Data_Intensive| 66.21             | 68.3            | 2.09          | GREEDY:100.0%[0m
[92m126    | OBS                  | 2   | TASK_ARRIVED    | Generic_Service       | 66.84             | 67.0            | 0.16          | GREEDY:100.0%[0m
[92m127    | OBS                  | 2   | TASK_ARRIVED    | CPU_Intensive         | 67.99             | 68.1            | 0.11          | GREEDY:100.0%[0m
[92m128    | OBS                  | 1   | TASK_ARRIVED    | Generic_Service       | 68.83             | 68.9            | 0.07          | GREEDY:100.0%[0m
[92m129    | OBS                  | 1   | TASK_ARRIVED    | CPU_Intensive         | 69.14             | 69.5            | 0.36          | GREEDY:100.0%[0m
[92m130    | OBS                  | 2   | TASK_ARRIVED    | Generic_Service       | 69.17             | 69.3            | 0.13          | GREEDY:100.0%[0m
[92m131    | OBS                  | 1   | TASK_ARRIVED    | Generic_Service       | 70.86             | 70.9            | 0.05          | GREEDY:100.0%[0m
[92m132    | OBS                  | 1   | TASK_ARRIVED    | CPU_Intensive         | 71.51             | 71.7            | 0.2           | GREEDY:100.0%[0m
[92m133    | OBS                  | 1   | TASK_ARRIVED    | CPU_and_Data_Intensive| 71.99             | 72.4            | 0.42          | GREEDY:100.0%[0m
[92m134    | OBS                  | 1   | TASK_ARRIVED    | CPU_Intensive         | 72.39             | 73.3            | 0.92          | GREEDY:100.0%[0m
[92m135    | OBS                  | 1   | TASK_ARRIVED    | CPU_and_Data_Intensive| 73.58             | 75.21           | 1.62          | GREEDY:100.0%[0m
[92m136    | OBS                  | 2   | TASK_ARRIVED    | CPU_and_Data_Intensive| 74.03             | 75.21           | 1.17          | GREEDY:100.0%[0m
[92m137    | OBS                  | 2   | TASK_ARRIVED    | CPU_Intensive         | 74.97             | 75.51           | 0.54          | GREEDY:100.0%[0m
[92m138    | OBS                  | 2   | TASK_ARRIVED    | Generic_Service       | 75.27             | 75.41           | 0.14          | GREEDY:100.0%[0m
[92m139    | OBS                  | 2   | TASK_ARRIVED    | Generic_Service       | 76.01             | 76.21           | 0.2           | GREEDY:100.0%[0m
[92m140    | OBS                  | 2   | TASK_ARRIVED    | CPU_Intensive         | 78.06             | 79.01           | 0.96          | GREEDY:100.0%[0m
[92m141    | OBS                  | 2   | TASK_ARRIVED    | Generic_Service       | 78.15             | 78.31           | 0.16          | GREEDY:100.0%[0m
[92m142    | OBS                  | 2   | TASK_ARRIVED    | CPU_and_Data_Intensive| 79.51             | 80.42           | 0.91          | GREEDY:100.0%[0m
[92m143    | OBS                  | 2   | TASK_ARRIVED    | Generic_Service       | 79.57             | 79.72           | 0.15          | GREEDY:100.0%[0m
[92m144    | OBS                  | 2   | TASK_ARRIVED    | CPU_and_Data_Intensive| 79.68             | 81.42           | 1.74          | GREEDY:100.0%[0m
[92m145    | OBS                  | 1   | TASK_ARRIVED    | Generic_Service       | 79.94             | 80.02           | 0.08          | GREEDY:100.0%[0m
[92m146    | OBS                  | 1   | TASK_ARRIVED    | CPU_and_Data_Intensive| 80.1              | 80.72           | 0.61          | GREEDY:100.0%[0m
[92m147    | OBS                  | 1   | TASK_ARRIVED    | CPU_and_Data_Intensive| 81.2              | 82.02           | 0.82          | GREEDY:100.0%[0m
[92m148    | OBS                  | 2   | TASK_ARRIVED    | CPU_Intensive         | 81.8              | 82.82           | 1.02          | GREEDY:100.0%[0m
[92m149    | OBS                  | 1   | TASK_ARRIVED    | CPU_Intensive         | 82.63             | 82.92           | 0.3           | GREEDY:100.0%[0m
[92m150    | OBS                  | 2   | TASK_ARRIVED    | Generic_Service       | 83.9              | 84.12           | 0.22          | GREEDY:100.0%[0m
[92m151    | OBS                  | 2   | TASK_ARRIVED    | CPU_Intensive         | 85.2              | 85.32           | 0.12          | GREEDY:100.0%[0m
[92m152    | OBS                  | 2   | TASK_ARRIVED    | CPU_Intensive         | 85.46             | 85.53           | 0.06          | GREEDY:100.0%[0m
[92m153    | OBS                  | 2   | TASK_ARRIVED    | CPU_Intensive         | 86.01             | 87.73           | 1.71          | GREEDY:100.0%[0m
[92m154    | OBS                  | 1   | TASK_ARRIVED    | Generic_Service       | 86.11             | 86.23           | 0.12          | GREEDY:100.0%[0m
[92m155    | OBS                  | 1   | TASK_ARRIVED    | Generic_Service       | 87.57             | 87.83           | 0.26          | GREEDY:100.0%[0m
[92m156    | OBS                  | 2   | TASK_ARRIVED    | Generic_Service       | 88.15             | 88.33           | 0.18          | GREEDY:100.0%[0m
[92m157    | OBS                  | 2   | TASK_ARRIVED    | Generic_Service       | 88.53             | 88.73           | 0.2           | GREEDY:100.0%[0m
[92m158    | OBS                  | 2   | TASK_ARRIVED    | Generic_Service       | 88.55             | 88.93           | 0.38          | GREEDY:100.0%[0m
[92m159    | OBS                  | 2   | TASK_ARRIVED    | Generic_Service       | 88.68             | 88.83           | 0.16          | GREEDY:100.0%[0m
[92m160    | OBS                  | 2   | TASK_ARRIVED    | CPU_Intensive         | 88.68             | 89.03           | 0.35          | GREEDY:100.0%[0m
[92m161    | OBS                  | 2   | TASK_ARRIVED    | CPU_Intensive         | 89.27             | 89.84           | 0.57          | GREEDY:100.0%[0m
[92m162    | OBS                  | 2   | TASK_ARRIVED    | Generic_Service       | 90.93             | 91.14           | 0.21          | GREEDY:100.0%[0m
[92m163    | OBS                  | 2   | TASK_ARRIVED    | Generic_Service       | 91.49             | 91.74           | 0.25          | GREEDY:100.0%[0m
[92m164    | OBS                  | 2   | TASK_ARRIVED    | Generic_Service       | 93.22             | 93.44           | 0.22          | GREEDY:100.0%[0m
[92m165    | OBS                  | 2   | TASK_ARRIVED    | CPU_Intensive         | 94.48             | 94.74           | 0.26          | GREEDY:100.0%[0m
[92m166    | OBS                  | 2   | TASK_ARRIVED    | CPU_and_Data_Intensive| 94.5              | 95.15           | 0.64          | GREEDY:100.0%[0m
[92m167    | OBS                  | 2   | TASK_ARRIVED    | Generic_Service       | 94.69             | 94.84           | 0.16          | GREEDY:100.0%[0m
[92m168    | OBS                  | 2   | TASK_ARRIVED    | Generic_Service       | 95.5              | 95.65           | 0.15          | GREEDY:100.0%[0m
[92m169    | OBS                  | 2   | TASK_ARRIVED    | CPU_Intensive         | 95.58             | 95.95           | 0.37          | GREEDY:100.0%[0m
[92m170    | OBS                  | 2   | TASK_ARRIVED    | Generic_Service       | 95.6              | 95.85           | 0.25          | GREEDY:100.0%[0m
[92m171    | OBS                  | 1   | TASK_ARRIVED    | CPU_Intensive         | 95.65             | 97.45           | 1.8           | GREEDY:100.0%[0m
[92m172    | OBS                  | 2   | TASK_ARRIVED    | CPU_and_Data_Intensive| 95.93             | 97.15           | 1.22          | GREEDY:100.0%[0m
[92m173    | OBS                  | 2   | TASK_ARRIVED    | CPU_and_Data_Intensive| 96.84             | 97.65           | 0.81          | GREEDY:100.0%[0m
[92m174    | OBS                  | 2   | TASK_ARRIVED    | CPU_Intensive         | 97.52             | 98.46           | 0.94          | GREEDY:100.0%[0m
[92m175    | OBS                  | 2   | TASK_ARRIVED    | Generic_Service       | 97.81             | 98.05           | 0.24          | GREEDY:100.0%[0m
[92m176    | OBS                  | 2   | TASK_ARRIVED    | Generic_Service       | 97.9              | 98.16           | 0.26          | GREEDY:100.0%[0m
[92m177    | OBS                  | 2   | TASK_ARRIVED    | Generic_Service       | 99.08             | 99.26           | 0.18          | GREEDY:100.0%[0m
[92m178    | OBS                  | 2   | TASK_ARRIVED    | CPU_and_Data_Intensive| 99.77             | 100.06          | 0.29          | GREEDY:100.0%[0m
[92m179    | OBS                  | 2   | TASK_ARRIVED    | CPU_Intensive         | 99.85             | 100.56          | 0.71          | GREEDY:100.0%[0m
[92m180    | OBS                  | 2   | TASK_ARRIVED    | Generic_Service       | 100.5             | 100.66          | 0.16          | GREEDY:100.0%[0m
[92m181    | OBS                  | 2   | TASK_ARRIVED    | Generic_Service       | 100.67            | 100.76          | 0.1           | GREEDY:100.0%[0m
[92m182    | OBS                  | 2   | TASK_ARRIVED    | CPU_Intensive         | 100.78            | 101.37          | 0.58          | GREEDY:100.0%[0m
[92m183    | OBS                  | 2   | TASK_ARRIVED    | CPU_and_Data_Intensive| 103.03            | 103.77          | 0.74          | GREEDY:100.0%[0m
[92m184    | OBS                  | 2   | TASK_ARRIVED    | Generic_Service       | 103.06            | 103.17          | 0.11          | GREEDY:100.0%[0m
[92m185    | OBS                  | 2   | TASK_ARRIVED    | CPU_and_Data_Intensive| 103.31            | 104.77          | 1.46          | GREEDY:100.0%[0m
[92m186    | OBS                  | 2   | TASK_ARRIVED    | CPU_Intensive         | 103.96            | 104.67          | 0.71          | GREEDY:100.0%[0m
[92m187    | OBS                  | 2   | TASK_ARRIVED    | CPU_and_Data_Intensive| 104.53            | 105.68          | 1.15          | GREEDY:100.0%[0m
[92m188    | OBS                  | 2   | TASK_ARRIVED    | CPU_Intensive         | 105.02            | 105.78          | 0.76          | GREEDY:100.0%[0m
[92m189    | OBS                  | 2   | TASK_ARRIVED    | CPU_and_Data_Intensive| 105.06            | 105.57          | 0.52          | GREEDY:100.0%[0m
[92m190    | OBS                  | 2   | TASK_ARRIVED    | CPU_Intensive         | 105.96            | 106.18          | 0.22          | GREEDY:100.0%[0m
[92m191    | OBS                  | 2   | TASK_ARRIVED    | Generic_Service       | 106.04            | 106.18          | 0.14          | GREEDY:100.0%[0m
[92m192    | OBS                  | 2   | TASK_ARRIVED    | CPU_and_Data_Intensive| 106.28            | 106.79          | 0.5           | GREEDY:100.0%[0m
[92m193    | OBS                  | 2   | TASK_ARRIVED    | CPU_Intensive         | 106.36            | 106.58          | 0.22          | GREEDY:100.0%[0m
[92m194    | OBS                  | 2   | TASK_ARRIVED    | CPU_and_Data_Intensive| 106.44            | 106.68          | 0.24          | GREEDY:100.0%[0m
[92m195    | OBS                  | 2   | TASK_ARRIVED    | CPU_Intensive         | 107.43            | 107.89          | 0.46          | GREEDY:100.0%[0m
[92m196    | OBS                  | 2   | TASK_ARRIVED    | CPU_and_Data_Intensive| 107.9             | 108.09          | 0.19          | GREEDY:100.0%[0m
[92m197    | OBS                  | 2   | TASK_ARRIVED    | CPU_Intensive         | 108.72            | 108.89          | 0.17          | GREEDY:100.0%[0m
[92m198    | OBS                  | 2   | TASK_ARRIVED    | CPU_Intensive         | 109.53            | 109.99          | 0.46          | GREEDY:100.0%[0m
[92m199    | OBS                  | 2   | TASK_ARRIVED    | Generic_Service       | 109.53            | 109.69          | 0.16          | GREEDY:100.0%[0m
[92m200    | OBS                  | 2   | TASK_ARRIVED    | CPU_Intensive         | 110.0             | 110.3           | 0.29          | GREEDY:100.0%[0m
[92m201    | OBS                  | 2   | TASK_ARRIVED    | CPU_and_Data_Intensive| 110.29            | 110.7           | 0.41          | GREEDY:100.0%[0m
[92m202    | OBS                  | 2   | TASK_ARRIVED    | CPU_Intensive         | 111.27            | 111.4           | 0.13          | GREEDY:100.0%[0m
[92m203    | OBS                  | 2   | TASK_ARRIVED    | Generic_Service       | 111.86            | 111.9           | 0.04          | GREEDY:100.0%[0m
[92m204    | OBS                  | 2   | TASK_ARRIVED    | CPU_and_Data_Intensive| 112.03            | 112.3           | 0.27          | GREEDY:100.0%[0m
[92m205    | OBS                  | 2   | TASK_ARRIVED    | CPU_Intensive         | 112.41            | 114.3           | 1.89          | GREEDY:100.0%[0m
[92m206    | OBS                  | 2   | TASK_ARRIVED    | CPU_and_Data_Intensive| 114.06            | 114.3           | 0.24          | GREEDY:100.0%[0m
[92m207    | OBS                  | 2   | TASK_ARRIVED    | CPU_and_Data_Intensive| 114.65            | 115.11          | 0.46          | GREEDY:100.0%[0m
[92m208    | OBS                  | 2   | TASK_ARRIVED    | Generic_Service       | 114.7             | 114.91          | 0.2           | GREEDY:100.0%[0m
[92m209    | OBS                  | 2   | TASK_ARRIVED    | Generic_Service       | 114.73            | 114.81          | 0.07          | GREEDY:100.0%[0m
[92m210    | OBS                  | 2   | TASK_ARRIVED    | CPU_Intensive         | 115.19            | 115.81          | 0.62          | GREEDY:100.0%[0m
[92m211    | OBS                  | 2   | TASK_ARRIVED    | CPU_Intensive         | 116.06            | 116.61          | 0.56          | GREEDY:100.0%[0m
[92m212    | OBS                  | 2   | TASK_ARRIVED    | CPU_Intensive         | 116.25            | 117.01          | 0.76          | GREEDY:100.0%[0m
[92m213    | OBS                  | 2   | TASK_ARRIVED    | CPU_and_Data_Intensive| 116.66            | 117.91          | 1.25          | GREEDY:100.0%[0m
[92m214    | OBS                  | 2   | TASK_ARRIVED    | CPU_and_Data_Intensive| 116.9             | 118.02          | 1.11          | GREEDY:100.0%[0m
[92m215    | OBS                  | 2   | TASK_ARRIVED    | CPU_and_Data_Intensive| 118.2             | 118.62          | 0.42          | GREEDY:100.0%[0m
[92m216    | OBS                  | 2   | TASK_ARRIVED    | CPU_Intensive         | 118.92            | 119.02          | 0.1           | GREEDY:100.0%[0m
[92m217    | OBS                  | 2   | TASK_ARRIVED    | CPU_Intensive         | 119.37            | 119.52          | 0.15          | GREEDY:100.0%[0m
[92m218    | OBS                  | 2   | TASK_ARRIVED    | CPU_Intensive         | 119.53            | 119.92          | 0.39          | GREEDY:100.0%[0m
[92m219    | OBS                  | 2   | TASK_ARRIVED    | CPU_Intensive         | 119.73            | 120.22          | 0.5           | GREEDY:100.0%[0m
[92m220    | OBS                  | 2   | TASK_ARRIVED    | CPU_Intensive         | 119.73            | 120.52          | 0.79          | GREEDY:100.0%[0m
[92m221    | OBS                  | 2   | TASK_ARRIVED    | CPU_Intensive         | 120.17            | 120.62          | 0.45          | GREEDY:100.0%[0m
[92m222    | OBS                  | 2   | TASK_ARRIVED    | Generic_Service       | 120.98            | 121.23          | 0.25          | GREEDY:100.0%[0m
[92m223    | OBS                  | 2   | TASK_ARRIVED    | CPU_Intensive         | 122.48            | 122.73          | 0.25          | GREEDY:100.0%[0m
[92m224    | OBS                  | 2   | TASK_ARRIVED    | CPU_Intensive         | 122.55            | 123.63          | 1.08          | GREEDY:100.0%[0m
[92m225    | OBS                  | 2   | TASK_ARRIVED    | CPU_and_Data_Intensive| 122.75            | 123.13          | 0.38          | GREEDY:100.0%[0m
[92m226    | OBS                  | 2   | TASK_ARRIVED    | Generic_Service       | 122.98            | 123.03          | 0.05          | GREEDY:100.0%[0m
[92m227    | OBS                  | 2   | TASK_ARRIVED    | CPU_and_Data_Intensive| 123.54            | 124.94          | 1.4           | GREEDY:100.0%[0m
[92m228    | OBS                  | 2   | TASK_ARRIVED    | Generic_Service       | 123.93            | 124.13          | 0.2           | GREEDY:100.0%[0m
[92m229    | OBS                  | 2   | TASK_ARRIVED    | Generic_Service       | 123.96            | 124.03          | 0.07          | GREEDY:100.0%[0m
[92m230    | OBS                  | 2   | TASK_ARRIVED    | CPU_and_Data_Intensive| 124.09            | 124.64          | 0.55          | GREEDY:100.0%[0m
[92m231    | OBS                  | 2   | TASK_ARRIVED    | Generic_Service       | 124.27            | 124.44          | 0.17          | GREEDY:100.0%[0m
[92m232    | OBS                  | 2   | TASK_ARRIVED    | Generic_Service       | 124.3             | 124.33          | 0.03          | GREEDY:100.0%[0m
[92m233    | OBS                  | 2   | TASK_ARRIVED    | CPU_Intensive         | 124.7             | 125.74          | 1.04          | GREEDY:100.0%[0m
[92m234    | OBS                  | 2   | TASK_ARRIVED    | CPU_Intensive         | 125.51            | 126.04          | 0.54          | GREEDY:100.0%[0m
[92m235    | OBS                  | 2   | TASK_ARRIVED    | CPU_and_Data_Intensive| 125.58            | 125.94          | 0.36          | GREEDY:100.0%[0m
[92m236    | OBS                  | 2   | TASK_ARRIVED    | CPU_and_Data_Intensive| 126.22            | 127.24          | 1.03          | GREEDY:100.0%[0m
[92m237    | OBS                  | 2   | TASK_ARRIVED    | CPU_Intensive         | 127.56            | 128.35          | 0.79          | GREEDY:100.0%[0m
[92m238    | OBS                  | 2   | TASK_ARRIVED    | Generic_Service       | 127.7             | 127.85          | 0.15          | GREEDY:100.0%[0m
[92m239    | OBS                  | 2   | TASK_ARRIVED    | CPU_and_Data_Intensive| 128.59            | 128.95          | 0.35          | GREEDY:100.0%[0m
[92m240    | OBS                  | 2   | TASK_ARRIVED    | CPU_and_Data_Intensive| 129.25            | 130.55          | 1.3           | GREEDY:100.0%[0m
[92m241    | OBS                  | 2   | TASK_ARRIVED    | CPU_and_Data_Intensive| 131.38            | 133.05          | 1.67          | GREEDY:100.0%[0m
[92m242    | OBS                  | 2   | TASK_ARRIVED    | CPU_and_Data_Intensive| 132.59            | 132.75          | 0.16          | GREEDY:100.0%[0m
[92m243    | OBS                  | 2   | TASK_ARRIVED    | Generic_Service       | 132.71            | 132.85          | 0.14          | GREEDY:100.0%[0m
[92m244    | OBS                  | 2   | TASK_ARRIVED    | Generic_Service       | 133.52            | 133.65          | 0.14          | GREEDY:100.0%[0m
[92m245    | OBS                  | 2   | TASK_ARRIVED    | CPU_Intensive         | 133.64            | 134.05          | 0.41          | GREEDY:100.0%[0m
[92m246    | OBS                  | 2   | TASK_ARRIVED    | Generic_Service       | 133.82            | 133.95          | 0.13          | GREEDY:100.0%[0m
[92m247    | OBS                  | 2   | TASK_ARRIVED    | Generic_Service       | 134.0             | 134.16          | 0.16          | GREEDY:100.0%[0m
[92m248    | OBS                  | 2   | TASK_ARRIVED    | CPU_Intensive         | 134.24            | 134.96          | 0.72          | GREEDY:100.0%[0m
[92m249    | OBS                  | 2   | TASK_ARRIVED    | CPU_Intensive         | 134.44            | 135.06          | 0.62          | GREEDY:100.0%[0m
[92m250    | OBS                  | 2   | TASK_ARRIVED    | Generic_Service       | 135.03            | 135.26          | 0.23          | GREEDY:100.0%[0m
[92m251    | OBS                  | 2   | TASK_ARRIVED    | Generic_Service       | 135.46            | 135.66          | 0.2           | GREEDY:100.0%[0m
[92m252    | OBS                  | 2   | TASK_ARRIVED    | Generic_Service       | 135.76            | 135.96          | 0.2           | GREEDY:100.0%[0m
[92m253    | OBS                  | 2   | TASK_ARRIVED    | CPU_and_Data_Intensive| 136.23            | 137.36          | 1.13          | GREEDY:100.0%[0m
[92m254    | OBS                  | 2   | TASK_ARRIVED    | CPU_Intensive         | 136.8             | 137.56          | 0.76          | GREEDY:100.0%[0m
[92m255    | OBS                  | 2   | TASK_ARRIVED    | CPU_and_Data_Intensive| 137.17            | 138.16          | 1.0           | GREEDY:100.0%[0m
[92m256    | OBS                  | 2   | TASK_ARRIVED    | CPU_and_Data_Intensive| 137.52            | 138.97          | 1.45          | GREEDY:100.0%[0m
[92m257    | OBS                  | 2   | TASK_ARRIVED    | CPU_Intensive         | 138.53            | 138.67          | 0.14          | GREEDY:100.0%[0m
[92m258    | OBS                  | 2   | TASK_ARRIVED    | Generic_Service       | 138.86            | 139.07          | 0.2           | GREEDY:100.0%[0m
[92m259    | OBS                  | 2   | TASK_ARRIVED    | CPU_and_Data_Intensive| 139.28            | 140.67          | 1.39          | GREEDY:100.0%[0m
[92m260    | OBS                  | 2   | TASK_ARRIVED    | CPU_Intensive         | 139.67            | 140.57          | 0.9           | GREEDY:100.0%[0m
[92m261    | OBS                  | 2   | TASK_ARRIVED    | CPU_Intensive         | 139.7             | 140.17          | 0.47          | GREEDY:100.0%[0m
[92m262    | OBS                  | 2   | TASK_ARRIVED    | CPU_Intensive         | 140.13            | 140.47          | 0.35          | GREEDY:100.0%[0m
[92m263    | OBS                  | 2   | TASK_ARRIVED    | CPU_and_Data_Intensive| 140.28            | 140.77          | 0.49          | GREEDY:100.0%[0m
[92m264    | OBS                  | 2   | TASK_ARRIVED    | Generic_Service       | 141.32            | 141.58          | 0.26          | GREEDY:100.0%[0m
[92m265    | OBS                  | 2   | TASK_ARRIVED    | Generic_Service       | 141.44            | 141.68          | 0.24          | GREEDY:100.0%[0m
[92m266    | OBS                  | 2   | TASK_ARRIVED    | Generic_Service       | 142.11            | 142.18          | 0.07          | GREEDY:100.0%[0m
[92m267    | OBS                  | 2   | TASK_ARRIVED    | CPU_Intensive         | 142.85            | 143.38          | 0.53          | GREEDY:100.0%[0m
[92m268    | OBS                  | 2   | TASK_ARRIVED    | CPU_Intensive         | 143.17            | 143.48          | 0.31          | GREEDY:100.0%[0m
[92m269    | OBS                  | 2   | TASK_ARRIVED    | CPU_Intensive         | 143.34            | 143.58          | 0.25          | GREEDY:100.0%[0m
[92m270    | OBS                  | 2   | TASK_ARRIVED    | Generic_Service       | 144.2             | 144.39          | 0.19          | GREEDY:100.0%[0m
[92m271    | OBS                  | 2   | TASK_ARRIVED    | Generic_Service       | 144.41            | 144.79          | 0.38          | GREEDY:100.0%[0m
[92m272    | OBS                  | 2   | TASK_ARRIVED    | CPU_Intensive         | 145.39            | 145.69          | 0.3           | GREEDY:100.0%[0m
[92m273    | OBS                  | 2   | TASK_ARRIVED    | Generic_Service       | 145.57            | 145.79          | 0.22          | GREEDY:100.0%[0m
[92m274    | OBS                  | 2   | TASK_ARRIVED    | CPU_and_Data_Intensive| 145.61            | 146.59          | 0.98          | GREEDY:100.0%[0m
[92m275    | OBS                  | 2   | TASK_ARRIVED    | CPU_and_Data_Intensive| 146.2             | 147.69          | 1.5           | GREEDY:100.0%[0m
[92m276    | OBS                  | 2   | TASK_ARRIVED    | CPU_and_Data_Intensive| 146.32            | 146.49          | 0.17          | GREEDY:100.0%[0m
[92m277    | OBS                  | 2   | TASK_ARRIVED    | CPU_Intensive         | 147.14            | 147.59          | 0.45          | GREEDY:100.0%[0m
[92m278    | OBS                  | 2   | TASK_ARRIVED    | Generic_Service       | 149.25            | 149.5           | 0.25          | GREEDY:100.0%[0m
[92m279    | OBS                  | 2   | TASK_ARRIVED    | CPU_and_Data_Intensive| 149.45            | 151.3           | 1.84          | GREEDY:100.0%[0m
[92m280    | OBS                  | 2   | TASK_ARRIVED    | CPU_Intensive         | 149.74            | 150.6           | 0.86          | GREEDY:100.0%[0m
[92m281    | OBS                  | 2   | TASK_ARRIVED    | CPU_Intensive         | 150.1             | 152.1           | 2.0           | GREEDY:100.0%[0m
[92m282    | OBS                  | 2   | TASK_ARRIVED    | CPU_and_Data_Intensive| 150.95            | 151.2           | 0.25          | GREEDY:100.0%[0m
[92m283    | OBS                  | 2   | TASK_ARRIVED    | CPU_Intensive         | 151.29            | 152.6           | 1.31          | GREEDY:100.0%[0m
[92m284    | OBS                  | 2   | TASK_ARRIVED    | Generic_Service       | 151.39            | 151.6           | 0.21          | GREEDY:100.0%[0m
[92m285    | OBS                  | 2   | TASK_ARRIVED    | Generic_Service       | 151.57            | 151.7           | 0.13          | GREEDY:100.0%[0m
[92m286    | OBS                  | 2   | TASK_ARRIVED    | Generic_Service       | 151.69            | 151.8           | 0.11          | GREEDY:100.0%[0m
[92m287    | OBS                  | 2   | TASK_ARRIVED    | Generic_Service       | 152.1             | 152.2           | 0.11          | GREEDY:100.0%[0m
[92m288    | OBS                  | 2   | TASK_ARRIVED    | Generic_Service       | 152.85            | 153.11          | 0.26          | GREEDY:100.0%[0m
[92m289    | OBS                  | 2   | TASK_ARRIVED    | CPU_Intensive         | 152.95            | 153.21          | 0.26          | GREEDY:100.0%[0m
[92m290    | OBS                  | 2   | TASK_ARRIVED    | CPU_and_Data_Intensive| 153.01            | 153.31          | 0.3           | GREEDY:100.0%[0m
[92m291    | OBS                  | 2   | TASK_ARRIVED    | CPU_and_Data_Intensive| 153.53            | 153.81          | 0.28          | GREEDY:100.0%[0m
[92m292    | OBS                  | 2   | TASK_ARRIVED    | Generic_Service       | 154.29            | 154.41          | 0.12          | GREEDY:100.0%[0m
[92m293    | OBS                  | 2   | TASK_ARRIVED    | Generic_Service       | 154.62            | 154.81          | 0.19          | GREEDY:100.0%[0m
[92m294    | OBS                  | 2   | TASK_ARRIVED    | CPU_and_Data_Intensive| 154.89            | 156.22          | 1.33          | GREEDY:100.0%[0m
[92m295    | OBS                  | 2   | TASK_ARRIVED    | CPU_and_Data_Intensive| 155.16            | 155.31          | 0.15          | GREEDY:100.0%[0m
[92m296    | OBS                  | 2   | TASK_ARRIVED    | Generic_Service       | 155.73            | 155.91          | 0.19          | GREEDY:100.0%[0m
[92m297    | OBS                  | 2   | TASK_ARRIVED    | Generic_Service       | 156.81            | 156.92          | 0.1           | GREEDY:100.0%[0m
[92m298    | OBS                  | 2   | TASK_ARRIVED    | CPU_Intensive         | 157.35            | 158.02          | 0.67          | GREEDY:100.0%[0m
[92m299    | OBS                  | 1   | TASK_ARRIVED    | CPU_Intensive         | 157.39            | 157.62          | 0.22          | GREEDY:100.0%[0m
[92m300    | OBS                  | 1   | TASK_ARRIVED    | Generic_Service       | 157.83            | 157.92          | 0.09          | GREEDY:100.0%[0m
[92m301    | OBS                  | 2   | TASK_ARRIVED    | Generic_Service       | 158.58            | 158.72          | 0.14          | GREEDY:100.0%[0m
[92m302    | OBS                  | 2   | TASK_ARRIVED    | CPU_and_Data_Intensive| 159.19            | 159.32          | 0.13          | GREEDY:100.0%[0m
[92m303    | OBS                  | 2   | TASK_ARRIVED    | CPU_Intensive         | 159.51            | 159.92          | 0.41          | GREEDY:100.0%[0m
[92m304    | OBS                  | 2   | TASK_ARRIVED    | CPU_and_Data_Intensive| 160.04            | 160.32          | 0.28          | GREEDY:100.0%[0m
[92m305    | OBS                  | 2   | TASK_ARRIVED    | CPU_and_Data_Intensive| 160.19            | 160.63          | 0.44          | GREEDY:100.0%[0m
[92m306    | OBS                  | 2   | TASK_ARRIVED    | Generic_Service       | 160.36            | 160.52          | 0.16          | GREEDY:100.0%[0m
[92m307    | OBS                  | 2   | TASK_ARRIVED    | CPU_Intensive         | 160.51            | 160.73          | 0.22          | GREEDY:100.0%[0m
[92m308    | OBS                  | 2   | TASK_ARRIVED    | CPU_Intensive         | 160.74            | 161.33          | 0.59          | GREEDY:100.0%[0m
[92m309    | OBS                  | 2   | TASK_ARRIVED    | Generic_Service       | 160.82            | 160.93          | 0.11          | GREEDY:100.0%[0m
[92m310    | OBS                  | 2   | TASK_ARRIVED    | Generic_Service       | 161.04            | 161.13          | 0.09          | GREEDY:100.0%[0m
[92m311    | OBS                  | 2   | TASK_ARRIVED    | CPU_Intensive         | 161.26            | 163.04          | 1.77          | GREEDY:100.0%[0m
[92m312    | OBS                  | 2   | TASK_ARRIVED    | Generic_Service       | 161.64            | 161.73          | 0.09          | GREEDY:100.0%[0m
[92m313    | OBS                  | 2   | TASK_ARRIVED    | CPU_Intensive         | 161.88            | 162.73          | 0.85          | GREEDY:100.0%[0m
[92m314    | OBS                  | 2   | TASK_ARRIVED    | CPU_and_Data_Intensive| 162.02            | 162.53          | 0.51          | GREEDY:100.0%[0m
[92m315    | OBS                  | 2   | TASK_ARRIVED    | CPU_Intensive         | 162.13            | 162.43          | 0.3           | GREEDY:100.0%[0m
[92m316    | OBS                  | 2   | TASK_ARRIVED    | CPU_and_Data_Intensive| 162.48            | 162.63          | 0.15          | GREEDY:100.0%[0m
[92m317    | OBS                  | 2   | TASK_ARRIVED    | Generic_Service       | 162.95            | 163.14          | 0.19          | GREEDY:100.0%[0m
[92m318    | OBS                  | 2   | TASK_ARRIVED    | CPU_Intensive         | 163.48            | 163.84          | 0.35          | GREEDY:100.0%[0m
[92m319    | OBS                  | 2   | TASK_ARRIVED    | CPU_Intensive         | 163.95            | 164.84          | 0.89          | GREEDY:100.0%[0m
[92m320    | OBS                  | 2   | TASK_ARRIVED    | Generic_Service       | 164.76            | 165.04          | 0.28          | GREEDY:100.0%[0m
[92m321    | OBS                  | 2   | TASK_ARRIVED    | CPU_and_Data_Intensive| 164.82            | 165.44          | 0.62          | GREEDY:100.0%[0m
[92m322    | OBS                  | 2   | TASK_ARRIVED    | Generic_Service       | 164.89            | 165.14          | 0.26          | GREEDY:100.0%[0m
[92m323    | OBS                  | 2   | TASK_ARRIVED    | Generic_Service       | 165.55            | 165.74          | 0.2           | GREEDY:100.0%[0m
[92m324    | OBS                  | 2   | TASK_ARRIVED    | CPU_and_Data_Intensive| 166.97            | 167.35          | 0.38          | GREEDY:100.0%[0m
[92m325    | OBS                  | 2   | TASK_ARRIVED    | CPU_Intensive         | 167.61            | 169.55          | 1.95          | GREEDY:100.0%[0m
[92m326    | OBS                  | 2   | TASK_ARRIVED    | CPU_Intensive         | 169.12            | 169.55          | 0.43          | GREEDY:100.0%[0m
[92m327    | OBS                  | 2   | TASK_ARRIVED    | CPU_Intensive         | 170.21            | 170.45          | 0.24          | GREEDY:100.0%[0m
[92m328    | OBS                  | 2   | TASK_ARRIVED    | CPU_and_Data_Intensive| 170.69            | 171.86          | 1.17          | GREEDY:100.0%[0m
[92m329    | OBS                  | 2   | TASK_ARRIVED    | CPU_Intensive         | 170.83            | 171.96          | 1.13          | GREEDY:100.0%[0m
[92m330    | OBS                  | 2   | TASK_ARRIVED    | CPU_Intensive         | 170.96            | 171.15          | 0.2           | GREEDY:100.0%[0m
[92m331    | OBS                  | 1   | TASK_ARRIVED    | CPU_Intensive         | 172.2             | 172.66          | 0.46          | GREEDY:100.0%[0m
[92m332    | OBS                  | 1   | TASK_ARRIVED    | CPU_Intensive         | 173.74            | 174.26          | 0.51          | GREEDY:100.0%[0m
[92m333    | OBS                  | 2   | TASK_ARRIVED    | CPU_Intensive         | 174.1             | 174.36          | 0.25          | GREEDY:100.0%[0m
[92m334    | OBS                  | 1   | TASK_ARRIVED    | CPU_Intensive         | 174.34            | 174.46          | 0.12          | GREEDY:100.0%[0m
[92m335    | OBS                  | 1   | TASK_ARRIVED    | CPU_Intensive         | 174.68            | 177.66          | 2.99          | GREEDY:100.0%[0m
[92m336    | OBS                  | 2   | TASK_ARRIVED    | Generic_Service       | 174.81            | 174.96          | 0.15          | GREEDY:100.0%[0m
[92m337    | OBS                  | 2   | TASK_ARRIVED    | CPU_and_Data_Intensive| 176.18            | 176.96          | 0.78          | GREEDY:100.0%[0m
[92m338    | OBS                  | 2   | TASK_ARRIVED    | CPU_Intensive         | 176.35            | 177.16          | 0.81          | GREEDY:100.0%[0m
[92m339    | OBS                  | 2   | TASK_ARRIVED    | Generic_Service       | 176.89            | 177.06          | 0.17          | GREEDY:100.0%[0m
[92m340    | OBS                  | 2   | TASK_ARRIVED    | Generic_Service       | 177.08            | 177.26          | 0.18          | GREEDY:100.0%[0m
[92m341    | OBS                  | 2   | TASK_ARRIVED    | Generic_Service       | 177.23            | 177.36          | 0.14          | GREEDY:100.0%[0m
[92m342    | OBS                  | 2   | TASK_ARRIVED    | Generic_Service       | 177.55            | 177.66          | 0.12          | GREEDY:100.0%[0m
[92m343    | OBS                  | 2   | TASK_ARRIVED    | CPU_Intensive         | 178.41            | 179.17          | 0.76          | GREEDY:100.0%[0m
[92m344    | OBS                  | 2   | TASK_ARRIVED    | CPU_and_Data_Intensive| 178.57            | 179.47          | 0.89          | GREEDY:100.0%[0m
[92m345    | OBS                  | 2   | TASK_ARRIVED    | Generic_Service       | 179.68            | 179.77          | 0.09          | GREEDY:100.0%[0m
[92m346    | OBS                  | 2   | TASK_ARRIVED    | Generic_Service       | 180.38            | 180.47          | 0.09          | GREEDY:100.0%[0m
[92m347    | OBS                  | 2   | TASK_ARRIVED    | Generic_Service       | 180.58            | 180.67          | 0.09          | GREEDY:100.0%[0m
[92m348    | OBS                  | 2   | TASK_ARRIVED    | Generic_Service       | 182.56            | 182.67          | 0.11          | GREEDY:100.0%[0m
[92m349    | OBS                  | 2   | TASK_ARRIVED    | CPU_Intensive         | 183.37            | 183.87          | 0.5           | GREEDY:100.0%[0m
[92m350    | OBS                  | 2   | TASK_ARRIVED    | Generic_Service       | 183.71            | 183.77          | 0.06          | GREEDY:100.0%[0m
[92m351    | OBS                  | 2   | TASK_ARRIVED    | CPU_Intensive         | 183.96            | 184.87          | 0.92          | GREEDY:100.0%[0m
[92m352    | OBS                  | 2   | TASK_ARRIVED    | Generic_Service       | 184.09            | 184.17          | 0.09          | GREEDY:100.0%[0m
[92m354    | OBS                  | 2   | TASK_ARRIVED    | Generic_Service       | 185.4             | 185.58          | 0.17          | GREEDY:100.0%[0m
[92m355    | OBS                  | 2   | TASK_ARRIVED    | Generic_Service       | 186.37            | 186.48          | 0.11          | GREEDY:100.0%[0m
[92m356    | OBS                  | 2   | TASK_ARRIVED    | Generic_Service       | 186.46            | 186.58          | 0.12          | GREEDY:100.0%[0m
[92m357    | OBS                  | 2   | TASK_ARRIVED    | Generic_Service       | 186.47            | 186.68          | 0.21          | GREEDY:100.0%[0m
[92m358    | OBS                  | 2   | TASK_ARRIVED    | Generic_Service       | 186.51            | 186.78          | 0.27          | GREEDY:100.0%[0m
[92m359    | OBS                  | 2   | TASK_ARRIVED    | Generic_Service       | 186.52            | 186.58          | 0.06          | GREEDY:100.0%[0m
[92m360    | OBS                  | 2   | TASK_ARRIVED    | Generic_Service       | 186.84            | 186.88          | 0.04          | GREEDY:100.0%[0m
[92m361    | OBS                  | 2   | TASK_ARRIVED    | Generic_Service       | 186.97            | 187.09          | 0.12          | GREEDY:100.0%[0m
[92m362    | OBS                  | 2   | TASK_ARRIVED    | CPU_Intensive         | 187.1             | 187.29          | 0.19          | GREEDY:100.0%[0m
[92m363    | OBS                  | 2   | TASK_ARRIVED    | Generic_Service       | 187.3             | 187.49          | 0.19          | GREEDY:100.0%[0m
[92m364    | OBS                  | 2   | TASK_ARRIVED    | Generic_Service       | 188.09            | 188.19          | 0.1           | GREEDY:100.0%[0m
[92m365    | OBS                  | 2   | TASK_ARRIVED    | CPU_Intensive         | 188.59            | 189.39          | 0.8           | GREEDY:100.0%[0m
[92m366    | OBS                  | 1   | TASK_ARRIVED    | CPU_Intensive         | 188.84            | 189.09          | 0.26          | GREEDY:100.0%[0m
[92m367    | OBS                  | 2   | TASK_ARRIVED    | Generic_Service       | 188.93            | 188.99          | 0.06          | GREEDY:100.0%[0m
[92m368    | OBS                  | 2   | TASK_ARRIVED    | CPU_Intensive         | 189.03            | 189.19          | 0.16          | GREEDY:100.0%[0m
[92m369    | OBS                  | 2   | TASK_ARRIVED    | CPU_Intensive         | 189.4             | 189.7           | 0.29          | GREEDY:100.0%[0m
[92m370    | OBS                  | 2   | TASK_ARRIVED    | CPU_Intensive         | 190.01            | 191.4           | 1.39          | GREEDY:100.0%[0m
[92m371    | OBS                  | 2   | TASK_ARRIVED    | Generic_Service       | 190.43            | 190.5           | 0.06          | GREEDY:100.0%[0m
[92m372    | OBS                  | 2   | TASK_ARRIVED    | CPU_and_Data_Intensive| 190.69            | 191.3           | 0.61          | GREEDY:100.0%[0m
[92m373    | OBS                  | 2   | TASK_ARRIVED    | CPU_Intensive         | 191.15            | 192.4           | 1.25          | GREEDY:100.0%[0m
[92m374    | OBS                  | 2   | TASK_ARRIVED    | CPU_Intensive         | 192.31            | 192.5           | 0.19          | GREEDY:100.0%[0m
[92m375    | OBS                  | 2   | TASK_ARRIVED    | Generic_Service       | 192.86            | 193.0           | 0.14          | GREEDY:100.0%[0m
[92m376    | OBS                  | 2   | TASK_ARRIVED    | CPU_Intensive         | 193.19            | 194.71          | 1.52          | GREEDY:100.0%[0m
[92m377    | OBS                  | 2   | TASK_ARRIVED    | CPU_Intensive         | 193.3             | 193.61          | 0.31          | GREEDY:100.0%[0m
[92m378    | OBS                  | 1   | TASK_ARRIVED    | CPU_Intensive         | 193.39            | 193.71          | 0.32          | GREEDY:100.0%[0m
[92m379    | OBS                  | 2   | TASK_ARRIVED    | CPU_and_Data_Intensive| 193.66            | 194.21          | 0.54          | GREEDY:100.0%[0m
[92m380    | OBS                  | 1   | TASK_ARRIVED    | CPU_Intensive         | 193.99            | 194.81          | 0.82          | GREEDY:100.0%[0m
[92m381    | OBS                  | 2   | TASK_ARRIVED    | Generic_Service       | 194.53            | 194.71          | 0.17          | GREEDY:100.0%[0m
[92m382    | OBS                  | 2   | TASK_ARRIVED    | CPU_Intensive         | 195.6             | 196.41          | 0.81          | GREEDY:100.0%[0m
[92m383    | OBS                  | 2   | TASK_ARRIVED    | CPU_and_Data_Intensive| 196.04            | 196.91          | 0.88          | GREEDY:100.0%[0m
[92m384    | OBS                  | 2   | TASK_ARRIVED    | CPU_Intensive         | 196.15            | 197.11          | 0.97          | GREEDY:100.0%[0m
[92m385    | OBS                  | 2   | TASK_ARRIVED    | Generic_Service       | 196.19            | 196.21          | 0.02          | GREEDY:100.0%[0m
[92m386    | OBS                  | 2   | TASK_ARRIVED    | CPU_Intensive         | 197.71            | 197.82          | 0.1           | GREEDY:100.0%[0m
[92m387    | OBS                  | 2   | TASK_ARRIVED    | Generic_Service       | 197.96            | 198.22          | 0.25          | GREEDY:100.0%[0m
[92m388    | OBS                  | 2   | TASK_ARRIVED    | Generic_Service       | 198.09            | 198.12          | 0.02          | GREEDY:100.0%[0m
[92m389    | OBS                  | 2   | TASK_ARRIVED    | CPU_and_Data_Intensive| 198.53            | 199.32          | 0.79          | GREEDY:100.0%[0m
[92m390    | OBS                  | 2   | TASK_ARRIVED    | CPU_Intensive         | 198.96            | 199.92          | 0.96          | GREEDY:100.0%[0m
[92m391    | OBS                  | 2   | TASK_ARRIVED    | CPU_Intensive         | 199.23            | 199.42          | 0.19          | GREEDY:100.0%[0m
[92m392    | OBS                  | 2   | TASK_ARRIVED    | Generic_Service       | 199.38            | 199.52          | 0.14          | GREEDY:100.0%[0m
[92m393    | OBS                  | 2   | TASK_ARRIVED    | CPU_and_Data_Intensive| 199.5             | 199.72          | 0.22          | GREEDY:100.0%[0m
[92m394    | OBS                  | 2   | TASK_ARRIVED    | Generic_Service       | 201.28            | 201.43          | 0.15          | GREEDY:100.0%[0m
[92m395    | OBS                  | 2   | TASK_ARRIVED    | Generic_Service       | 202.33            | 202.53          | 0.2           | GREEDY:100.0%[0m
[92m396    | OBS                  | 2   | TASK_ARRIVED    | CPU_and_Data_Intensive| 204.47            | 205.23          | 0.76          | GREEDY:100.0%[0m
[92m397    | OBS                  | 2   | TASK_ARRIVED    | Generic_Service       | 204.51            | 204.53          | 0.02          | GREEDY:100.0%[0m
[92m398    | OBS                  | 2   | TASK_ARRIVED    | CPU_and_Data_Intensive| 205.02            | 205.53          | 0.51          | GREEDY:100.0%[0m
[92m399    | OBS                  | 2   | TASK_ARRIVED    | Generic_Service       | 205.2             | 205.43          | 0.23          | GREEDY:100.0%[0m
[92m400    | OBS                  | 2   | TASK_ARRIVED    | CPU_and_Data_Intensive| 205.21            | 205.74          | 0.52          | GREEDY:100.0%[0m
[92m401    | OBS                  | 2   | TASK_ARRIVED    | Generic_Service       | 205.5             | 205.63          | 0.14          | GREEDY:100.0%[0m
[92m402    | OBS                  | 2   | TASK_ARRIVED    | Generic_Service       | 205.66            | 205.84          | 0.17          | GREEDY:100.0%[0m
[92m403    | OBS                  | 2   | TASK_ARRIVED    | Generic_Service       | 205.98            | 206.04          | 0.06          | GREEDY:100.0%[0m
[92m404    | OBS                  | 2   | TASK_ARRIVED    | CPU_and_Data_Intensive| 205.98            | 206.24          | 0.26          | GREEDY:100.0%[0m
[92m405    | OBS                  | 2   | TASK_ARRIVED    | CPU_and_Data_Intensive| 206.05            | 206.44          | 0.39          | GREEDY:100.0%[0m
[92m406    | OBS                  | 1   | TASK_ARRIVED    | CPU_Intensive         | 206.29            | 206.54          | 0.25          | GREEDY:100.0%[0m
[92m407    | OBS                  | 1   | TASK_ARRIVED    | Generic_Service       | 206.57            | 206.64          | 0.07          | GREEDY:100.0%[0m
[92m408    | OBS                  | 1   | TASK_ARRIVED    | Generic_Service       | 207.45            | 207.64          | 0.19          | GREEDY:100.0%[0m
[92m409    | OBS                  | 1   | TASK_ARRIVED    | Generic_Service       | 207.9             | 207.94          | 0.04          | GREEDY:100.0%[0m
[92m410    | OBS                  | 1   | TASK_ARRIVED    | Generic_Service       | 207.98            | 208.04          | 0.06          | GREEDY:100.0%[0m
[92m411    | OBS                  | 1   | TASK_ARRIVED    | CPU_and_Data_Intensive| 208.74            | 209.34          | 0.6           | GREEDY:100.0%[0m
[92m412    | OBS                  | 2   | TASK_ARRIVED    | CPU_Intensive         | 210.62            | 211.84          | 1.22          | GREEDY:100.0%[0m
[92m413    | OBS                  | 2   | TASK_ARRIVED    | Generic_Service       | 210.77            | 210.84          | 0.07          | GREEDY:100.0%[0m
[92m414    | OBS                  | 2   | TASK_ARRIVED    | CPU_and_Data_Intensive| 210.86            | 211.54          | 0.68          | GREEDY:100.0%[0m
[92m415    | OBS                  | 1   | TASK_ARRIVED    | CPU_Intensive         | 212.6             | 216.35          | 3.75          | GREEDY:100.0%[0m
[92m416    | OBS                  | 2   | TASK_ARRIVED    | CPU_Intensive         | 212.77            | 213.54          | 0.78          | GREEDY:100.0%[0m
[92m417    | OBS                  | 2   | TASK_ARRIVED    | CPU_and_Data_Intensive| 212.87            | 213.64          | 0.77          | GREEDY:100.0%[0m
[92m418    | OBS                  | 2   | TASK_ARRIVED    | CPU_Intensive         | 212.97            | 213.24          | 0.28          | GREEDY:100.0%[0m
[92m419    | OBS                  | 1   | TASK_ARRIVED    | Generic_Service       | 213.08            | 213.14          | 0.06          | GREEDY:100.0%[0m
[92m420    | OBS                  | 1   | TASK_ARRIVED    | Generic_Service       | 213.34            | 213.44          | 0.11          | GREEDY:100.0%[0m
[92m421    | OBS                  | 2   | TASK_ARRIVED    | Generic_Service       | 213.77            | 213.85          | 0.08          | GREEDY:100.0%[0m
[92m422    | OBS                  | 2   | TASK_ARRIVED    | Generic_Service       | 215.57            | 215.75          | 0.17          | GREEDY:100.0%[0m
[92m423    | OBS                  | 1   | TASK_ARRIVED    | CPU_Intensive         | 216.68            | 217.75          | 1.07          | GREEDY:100.0%[0m
[92m424    | OBS                  | 2   | TASK_ARRIVED    | Generic_Service       | 216.82            | 216.95          | 0.12          | GREEDY:100.0%[0m
[92m425    | OBS                  | 2   | TASK_ARRIVED    | CPU_and_Data_Intensive| 217.04            | 217.85          | 0.81          | GREEDY:100.0%[0m
[92m426    | OBS                  | 2   | TASK_ARRIVED    | CPU_Intensive         | 217.55            | 218.25          | 0.7           | GREEDY:100.0%[0m
[92m427    | OBS                  | 2   | TASK_ARRIVED    | CPU_Intensive         | 218.45            | 218.65          | 0.19          | GREEDY:100.0%[0m
[92m428    | OBS                  | 2   | TASK_ARRIVED    | CPU_Intensive         | 219.95            | 220.35          | 0.4           | GREEDY:100.0%[0m
[92m429    | OBS                  | 2   | TASK_ARRIVED    | Generic_Service       | 220.6             | 220.65          | 0.05          | GREEDY:100.0%[0m
[92m430    | OBS                  | 2   | TASK_ARRIVED    | Generic_Service       | 221.3             | 221.45          | 0.15          | GREEDY:100.0%[0m
[92m431    | OBS                  | 2   | TASK_ARRIVED    | Generic_Service       | 221.47            | 221.56          | 0.08          | GREEDY:100.0%[0m
[92m432    | OBS                  | 2   | TASK_ARRIVED    | CPU_and_Data_Intensive| 222.18            | 222.76          | 0.58          | GREEDY:100.0%[0m
[92m433    | OBS                  | 2   | TASK_ARRIVED    | CPU_Intensive         | 224.26            | 224.86          | 0.6           | GREEDY:100.0%[0m
[92m434    | OBS                  | 2   | TASK_ARRIVED    | CPU_and_Data_Intensive| 224.44            | 226.37          | 1.93          | GREEDY:100.0%[0m
[92m435    | OBS                  | 1   | TASK_ARRIVED    | CPU_Intensive         | 224.6             | 224.86          | 0.26          | GREEDY:100.0%[0m
[92m436    | OBS                  | 2   | TASK_ARRIVED    | CPU_Intensive         | 225.03            | 225.56          | 0.54          | GREEDY:100.0%[0m
[92m437    | OBS                  | 1   | TASK_ARRIVED    | Generic_Service       | 225.44            | 225.46          | 0.02          | GREEDY:100.0%[0m
[92m438    | OBS                  | 2   | TASK_ARRIVED    | CPU_Intensive         | 225.63            | 225.76          | 0.13          | GREEDY:100.0%[0m
[92m439    | OBS                  | 2   | TASK_ARRIVED    | Generic_Service       | 225.92            | 226.07          | 0.15          | GREEDY:100.0%[0m
[92m440    | OBS                  | 2   | TASK_ARRIVED    | CPU_Intensive         | 226.21            | 227.47          | 1.27          | GREEDY:100.0%[0m
[92m441    | OBS                  | 2   | TASK_ARRIVED    | CPU_and_Data_Intensive| 226.39            | 227.37          | 0.99          | GREEDY:100.0%[0m
[92m442    | OBS                  | 2   | TASK_ARRIVED    | Generic_Service       | 227.26            | 227.37          | 0.11          | GREEDY:100.0%[0m
[92m443    | OBS                  | 2   | TASK_ARRIVED    | Generic_Service       | 227.37            | 227.57          | 0.2           | GREEDY:100.0%[0m
[92m444    | OBS                  | 2   | TASK_ARRIVED    | Generic_Service       | 228.19            | 228.28          | 0.09          | GREEDY:100.0%[0m
[92m445    | OBS                  | 2   | TASK_ARRIVED    | CPU_and_Data_Intensive| 228.79            | 230.38          | 1.59          | GREEDY:100.0%[0m
[92m446    | OBS                  | 3   | TASK_ARRIVED    | Generic_Service       | 229.86            | 230.08          | 0.22          | GREEDY:100.0%[0m
[92m447    | OBS                  | 1   | TASK_ARRIVED    | CPU_and_Data_Intensive| 229.88            | 229.98          | 0.09          | GREEDY:100.0%[0m
[92m448    | OBS                  | 2   | TASK_ARRIVED    | CPU_Intensive         | 230.1             | 230.18          | 0.08          | GREEDY:100.0%[0m
[92m449    | OBS                  | 2   | TASK_ARRIVED    | Generic_Service       | 230.18            | 230.28          | 0.11          | GREEDY:100.0%[0m
[92m450    | OBS                  | 2   | TASK_ARRIVED    | Generic_Service       | 230.82            | 230.99          | 0.16          | GREEDY:100.0%[0m
[92m451    | OBS                  | 2   | TASK_ARRIVED    | CPU_Intensive         | 231.52            | 231.89          | 0.37          | GREEDY:100.0%[0m
[92m452    | OBS                  | 2   | TASK_ARRIVED    | Generic_Service       | 231.72            | 231.79          | 0.06          | GREEDY:100.0%[0m
[92m453    | OBS                  | 2   | TASK_ARRIVED    | CPU_and_Data_Intensive| 232.28            | 232.59          | 0.31          | GREEDY:100.0%[0m
[92m454    | OBS                  | 2   | TASK_ARRIVED    | Generic_Service       | 233.33            | 233.49          | 0.17          | GREEDY:100.0%[0m
[92m455    | OBS                  | 2   | TASK_ARRIVED    | CPU_and_Data_Intensive| 234.59            | 235.1           | 0.51          | GREEDY:100.0%[0m
[92m456    | OBS                  | 2   | TASK_ARRIVED    | Generic_Service       | 234.65            | 234.8           | 0.14          | GREEDY:100.0%[0m
[92m457    | OBS                  | 2   | TASK_ARRIVED    | CPU_and_Data_Intensive| 234.82            | 235.3           | 0.48          | GREEDY:100.0%[0m
[92m458    | OBS                  | 2   | TASK_ARRIVED    | CPU_Intensive         | 235.55            | 235.7           | 0.15          | GREEDY:100.0%[0m
[92m459    | OBS                  | 2   | TASK_ARRIVED    | Generic_Service       | 237.01            | 237.3           | 0.29          | GREEDY:100.0%[0m
[92m460    | OBS                  | 2   | TASK_ARRIVED    | CPU_Intensive         | 237.76            | 238.01          | 0.25          | GREEDY:100.0%[0m
[92m461    | OBS                  | 2   | TASK_ARRIVED    | CPU_Intensive         | 238.31            | 239.11          | 0.81          | GREEDY:100.0%[0m
[92m462    | OBS                  | 2   | TASK_ARRIVED    | CPU_and_Data_Intensive| 238.35            | 238.81          | 0.46          | GREEDY:100.0%[0m
[92m463    | OBS                  | 2   | TASK_ARRIVED    | CPU_Intensive         | 238.66            | 238.81          | 0.15          | GREEDY:100.0%[0m
[92m464    | OBS                  | 2   | TASK_ARRIVED    | Generic_Service       | 238.68            | 238.91          | 0.24          | GREEDY:100.0%[0m
[92m465    | OBS                  | 2   | TASK_ARRIVED    | Generic_Service       | 238.77            | 239.01          | 0.24          | GREEDY:100.0%[0m
[92m466    | OBS                  | 2   | TASK_ARRIVED    | Generic_Service       | 240.74            | 240.82          | 0.08          | GREEDY:100.0%[0m
[92m467    | OBS                  | 2   | TASK_ARRIVED    | CPU_Intensive         | 241.33            | 241.52          | 0.19          | GREEDY:100.0%[0m
[92m468    | OBS                  | 2   | TASK_ARRIVED    | CPU_and_Data_Intensive| 241.53            | 241.92          | 0.39          | GREEDY:100.0%[0m
[92m469    | OBS                  | 1   | TASK_ARRIVED    | CPU_and_Data_Intensive| 242.33            | 242.82          | 0.49          | GREEDY:100.0%[0m
[92m470    | OBS                  | 2   | TASK_ARRIVED    | CPU_Intensive         | 243.48            | 243.82          | 0.34          | GREEDY:100.0%[0m
[92m471    | OBS                  | 2   | TASK_ARRIVED    | CPU_Intensive         | 243.71            | 243.92          | 0.21          | GREEDY:100.0%[0m
[92m472    | OBS                  | 2   | TASK_ARRIVED    | CPU_and_Data_Intensive| 243.87            | 244.43          | 0.56          | GREEDY:100.0%[0m
[92m473    | OBS                  | 2   | TASK_ARRIVED    | CPU_and_Data_Intensive| 244.44            | 245.73          | 1.29          | GREEDY:100.0%[0m
[92m474    | OBS                  | 2   | TASK_ARRIVED    | CPU_and_Data_Intensive| 245.01            | 245.83          | 0.81          | GREEDY:100.0%[0m
[92m475    | OBS                  | 1   | TASK_ARRIVED    | CPU_Intensive         | 246.3             | 247.03          | 0.73          | GREEDY:100.0%[0m
[92m476    | OBS                  | 2   | TASK_ARRIVED    | Generic_Service       | 246.44            | 246.63          | 0.19          | GREEDY:100.0%[0m
[92m477    | OBS                  | 1   | TASK_ARRIVED    | CPU_and_Data_Intensive| 247.13            | 247.43          | 0.3           | GREEDY:100.0%[0m
[92m478    | OBS                  | 1   | TASK_ARRIVED    | CPU_Intensive         | 247.39            | 248.23          | 0.84          | GREEDY:100.0%[0m
[92m479    | OBS                  | 2   | TASK_ARRIVED    | Generic_Service       | 247.77            | 247.93          | 0.17          | GREEDY:100.0%[0m
[92m480    | OBS                  | 2   | TASK_ARRIVED    | CPU_Intensive         | 249.04            | 249.43          | 0.4           | GREEDY:100.0%[0m
[92m481    | OBS                  | 2   | TASK_ARRIVED    | Generic_Service       | 249.58            | 249.94          | 0.35          | GREEDY:100.0%[0m
[92m483    | OBS                  | 2   | TASK_ARRIVED    | Generic_Service       | 250.34            | 250.54          | 0.2           | GREEDY:100.0%[0m
[92m484    | OBS                  | 2   | TASK_ARRIVED    | CPU_Intensive         | 250.47            | 250.84          | 0.37          | GREEDY:100.0%[0m
[92m485    | OBS                  | 2   | TASK_ARRIVED    | CPU_Intensive         | 250.56            | 250.74          | 0.18          | GREEDY:100.0%[0m
[92m486    | OBS                  | 2   | TASK_ARRIVED    | Generic_Service       | 250.58            | 250.64          | 0.06          | GREEDY:100.0%[0m
[92m487    | OBS                  | 2   | TASK_ARRIVED    | Generic_Service       | 250.91            | 251.15          | 0.24          | GREEDY:100.0%[0m
[92m488    | OBS                  | 2   | TASK_ARRIVED    | CPU_Intensive         | 251.3             | 251.75          | 0.45          | GREEDY:100.0%[0m
[92m489    | OBS                  | 2   | TASK_ARRIVED    | CPU_Intensive         | 251.79            | 252.85          | 1.06          | GREEDY:100.0%[0m
[92m490    | OBS                  | 2   | TASK_ARRIVED    | Generic_Service       | 252.38            | 252.55          | 0.17          | GREEDY:100.0%[0m
[92m491    | OBS                  | 2   | TASK_ARRIVED    | CPU_and_Data_Intensive| 252.44            | 252.85          | 0.42          | GREEDY:100.0%[0m
[92m492    | OBS                  | 2   | TASK_ARRIVED    | CPU_and_Data_Intensive| 252.72            | 252.95          | 0.24          | GREEDY:100.0%[0m
[92m493    | OBS                  | 2   | TASK_ARRIVED    | CPU_and_Data_Intensive| 253.7             | 255.06          | 1.36          | GREEDY:100.0%[0m
[92m494    | OBS                  | 1   | TASK_ARRIVED    | CPU_Intensive         | 254.42            | 254.65          | 0.23          | GREEDY:100.0%[0m
[92m495    | OBS                  | 2   | TASK_ARRIVED    | CPU_Intensive         | 254.98            | 255.36          | 0.37          | GREEDY:100.0%[0m
[92m496    | OBS                  | 2   | TASK_ARRIVED    | CPU_Intensive         | 255.79            | 256.26          | 0.47          | GREEDY:100.0%[0m
[92m497    | OBS                  | 2   | TASK_ARRIVED    | CPU_and_Data_Intensive| 256.87            | 257.26          | 0.38          | GREEDY:100.0%[0m
[92m498    | OBS                  | 1   | TASK_ARRIVED    | CPU_Intensive         | 257.08            | 257.66          | 0.58          | GREEDY:100.0%[0m
[92m499    | OBS                  | 2   | TASK_ARRIVED    | CPU_Intensive         | 257.67            | 258.36          | 0.69          | GREEDY:100.0%[0m
[92m500    | OBS                  | 1   | TASK_ARRIVED    | Generic_Service       | 258.02            | 258.26          | 0.24          | GREEDY:100.0%[0m
[92m501    | OBS                  | 2   | TASK_ARRIVED    | Generic_Service       | 258.24            | 258.46          | 0.22          | GREEDY:100.0%[0m
[92m502    | OBS                  | 1   | TASK_ARRIVED    | Generic_Service       | 258.26            | 258.36          | 0.1           | GREEDY:100.0%[0m
[92m503    | OBS                  | 2   | TASK_ARRIVED    | CPU_Intensive         | 258.39            | 260.36          | 1.97          | GREEDY:100.0%[0m
[92m504    | OBS                  | 1   | TASK_ARRIVED    | Generic_Service       | 259.07            | 259.16          | 0.09          | GREEDY:100.0%[0m
[92m505    | OBS                  | 1   | TASK_ARRIVED    | CPU_Intensive         | 260.06            | 260.56          | 0.5           | GREEDY:100.0%[0m
[92m506    | OBS                  | 2   | TASK_ARRIVED    | Generic_Service       | 260.31            | 260.46          | 0.15          | GREEDY:100.0%[0m
[92m507    | OBS                  | 2   | TASK_ARRIVED    | CPU_Intensive         | 260.48            | 261.06          | 0.59          | GREEDY:100.0%[0m
[92m508    | OBS                  | 2   | TASK_ARRIVED    | Generic_Service       | 260.96            | 261.17          | 0.2           | GREEDY:100.0%[0m
[92m509    | OBS                  | 2   | TASK_ARRIVED    | Generic_Service       | 261.2             | 261.47          | 0.27          | GREEDY:100.0%[0m
[92m510    | OBS                  | 2   | TASK_ARRIVED    | Generic_Service       | 261.48            | 261.67          | 0.19          | GREEDY:100.0%[0m
[92m511    | OBS                  | 1   | TASK_ARRIVED    | CPU_Intensive         | 262.05            | 262.37          | 0.32          | GREEDY:100.0%[0m
[92m512    | OBS                  | 1   | TASK_ARRIVED    | Generic_Service       | 262.55            | 262.67          | 0.12          | GREEDY:100.0%[0m
[92m513    | OBS                  | 1   | TASK_ARRIVED    | Generic_Service       | 262.99            | 263.07          | 0.08          | GREEDY:100.0%[0m
[92m514    | OBS                  | 2   | TASK_ARRIVED    | Generic_Service       | 264.53            | 264.77          | 0.24          | GREEDY:100.0%[0m
[92m515    | OBS                  | 2   | TASK_ARRIVED    | Generic_Service       | 265.79            | 265.97          | 0.18          | GREEDY:100.0%[0m
[92m516    | OBS                  | 2   | TASK_ARRIVED    | Generic_Service       | 266.61            | 266.77          | 0.17          | GREEDY:100.0%[0m
[92m517    | OBS                  | 2   | TASK_ARRIVED    | Generic_Service       | 267.21            | 267.38          | 0.17          | GREEDY:100.0%[0m
[92m518    | OBS                  | 2   | TASK_ARRIVED    | Generic_Service       | 267.67            | 267.88          | 0.21          | GREEDY:100.0%[0m
[92m519    | OBS                  | 2   | TASK_ARRIVED    | Generic_Service       | 267.82            | 267.98          | 0.16          | GREEDY:100.0%[0m
[92m520    | OBS                  | 2   | TASK_ARRIVED    | CPU_and_Data_Intensive| 268.64            | 269.08          | 0.44          | GREEDY:100.0%[0m
[92m521    | OBS                  | 1   | TASK_ARRIVED    | Generic_Service       | 268.84            | 269.08          | 0.24          | GREEDY:100.0%[0m
[92m522    | OBS                  | 2   | TASK_ARRIVED    | CPU_Intensive         | 270.43            | 270.58          | 0.16          | GREEDY:100.0%[0m
[92m523    | OBS                  | 2   | TASK_ARRIVED    | Generic_Service       | 270.5             | 270.79          | 0.28          | GREEDY:100.0%[0m
[92m524    | OBS                  | 2   | TASK_ARRIVED    | Generic_Service       | 270.77            | 270.99          | 0.22          | GREEDY:100.0%[0m
[92m525    | OBS                  | 2   | TASK_ARRIVED    | Generic_Service       | 270.88            | 271.09          | 0.21          | GREEDY:100.0%[0m
[92m526    | OBS                  | 2   | TASK_ARRIVED    | CPU_and_Data_Intensive| 271.21            | 271.59          | 0.38          | GREEDY:100.0%[0m
[92m527    | OBS                  | 1   | TASK_ARRIVED    | Generic_Service       | 271.24            | 271.29          | 0.05          | GREEDY:100.0%[0m
[92m528    | OBS                  | 2   | TASK_ARRIVED    | CPU_and_Data_Intensive| 271.97            | 272.19          | 0.22          | GREEDY:100.0%[0m
[92m529    | OBS                  | 2   | TASK_ARRIVED    | Generic_Service       | 272.54            | 272.69          | 0.16          | GREEDY:100.0%[0m
[92m530    | OBS                  | 2   | TASK_ARRIVED    | Generic_Service       | 272.59            | 272.8           | 0.21          | GREEDY:100.0%[0m
[92m531    | OBS                  | 2   | TASK_ARRIVED    | Generic_Service       | 273.22            | 273.4           | 0.17          | GREEDY:100.0%[0m
[92m532    | OBS                  | 3   | TASK_ARRIVED    | Generic_Service       | 273.74            | 274.1           | 0.36          | GREEDY:100.0%[0m
[92m533    | OBS                  | 2   | TASK_ARRIVED    | CPU_and_Data_Intensive| 274.73            | 275.2           | 0.48          | GREEDY:100.0%[0m
[92m534    | OBS                  | 2   | TASK_ARRIVED    | CPU_Intensive         | 274.78            | 275.1           | 0.32          | GREEDY:100.0%[0m
[92m535    | OBS                  | 2   | TASK_ARRIVED    | CPU_Intensive         | 274.95            | 275.4           | 0.45          | GREEDY:100.0%[0m
[92m536    | OBS                  | 2   | TASK_ARRIVED    | CPU_Intensive         | 275.72            | 277.21          | 1.49          | GREEDY:100.0%[0m
[92m537    | OBS                  | 2   | TASK_ARRIVED    | CPU_Intensive         | 275.72            | 276.01          | 0.28          | GREEDY:100.0%[0m
[92m538    | OBS                  | 2   | TASK_ARRIVED    | Generic_Service       | 276.16            | 276.31          | 0.14          | GREEDY:100.0%[0m
[92m539    | OBS                  | 2   | TASK_ARRIVED    | CPU_and_Data_Intensive| 276.18            | 276.41          | 0.23          | GREEDY:100.0%[0m
[92m540    | OBS                  | 2   | TASK_ARRIVED    | CPU_Intensive         | 276.33            | 277.71          | 1.39          | GREEDY:100.0%[0m
[92m541    | OBS                  | 2   | TASK_ARRIVED    | Generic_Service       | 276.41            | 276.61          | 0.2           | GREEDY:100.0%[0m
[92m542    | OBS                  | 1   | TASK_ARRIVED    | Generic_Service       | 276.47            | 276.61          | 0.15          | GREEDY:100.0%[0m
[92m543    | OBS                  | 2   | TASK_ARRIVED    | CPU_and_Data_Intensive| 277.39            | 278.32          | 0.92          | GREEDY:100.0%[0m
[92m544    | OBS                  | 2   | TASK_ARRIVED    | Generic_Service       | 277.78            | 277.92          | 0.13          | GREEDY:100.0%[0m
[92m545    | OBS                  | 2   | TASK_ARRIVED    | Generic_Service       | 278.4             | 278.62          | 0.21          | GREEDY:100.0%[0m
[92m546    | OBS                  | 2   | TASK_ARRIVED    | CPU_Intensive         | 279.65            | 279.92          | 0.27          | GREEDY:100.0%[0m
[92m547    | OBS                  | 2   | TASK_ARRIVED    | CPU_Intensive         | 279.8             | 281.83          | 2.03          | GREEDY:100.0%[0m
[92m548    | OBS                  | 2   | TASK_ARRIVED    | Generic_Service       | 280.13            | 280.32          | 0.19          | GREEDY:100.0%[0m
[92m549    | OBS                  | 2   | TASK_ARRIVED    | CPU_and_Data_Intensive| 280.59            | 281.13          | 0.54          | GREEDY:100.0%[0m
[92m550    | OBS                  | 2   | TASK_ARRIVED    | Generic_Service       | 280.7             | 280.92          | 0.22          | GREEDY:100.0%[0m
[92m551    | OBS                  | 2   | TASK_ARRIVED    | Generic_Service       | 280.7             | 280.92          | 0.22          | GREEDY:100.0%[0m
[92m552    | OBS                  | 2   | TASK_ARRIVED    | CPU_Intensive         | 281.38            | 281.93          | 0.55          | GREEDY:100.0%[0m
[92m553    | OBS                  | 2   | TASK_ARRIVED    | Generic_Service       | 281.48            | 281.63          | 0.15          | GREEDY:100.0%[0m
[92m554    | OBS                  | 2   | TASK_ARRIVED    | CPU_Intensive         | 282.66            | 282.93          | 0.27          | GREEDY:100.0%[0m
[92m555    | OBS                  | 2   | TASK_ARRIVED    | CPU_and_Data_Intensive| 283.13            | 284.84          | 1.7           | GREEDY:100.0%[0m
[92m556    | OBS                  | 2   | TASK_ARRIVED    | CPU_and_Data_Intensive| 284.23            | 284.43          | 0.21          | GREEDY:100.0%[0m
[92m557    | OBS                  | 2   | TASK_ARRIVED    | Generic_Service       | 285.04            | 285.14          | 0.1           | GREEDY:100.0%[0m
[92m558    | OBS                  | 2   | TASK_ARRIVED    | CPU_and_Data_Intensive| 286.5             | 286.64          | 0.14          | GREEDY:100.0%[0m
[92m559    | OBS                  | 2   | TASK_ARRIVED    | CPU_and_Data_Intensive| 286.8             | 287.14          | 0.34          | GREEDY:100.0%[0m
[92m560    | OBS                  | 2   | TASK_ARRIVED    | Generic_Service       | 287.12            | 287.24          | 0.12          | GREEDY:100.0%[0m
[92m561    | OBS                  | 2   | TASK_ARRIVED    | CPU_Intensive         | 287.36            | 287.84          | 0.48          | GREEDY:100.0%[0m
[92m562    | OBS                  | 2   | TASK_ARRIVED    | CPU_Intensive         | 287.81            | 288.84          | 1.03          | GREEDY:100.0%[0m
[92m563    | OBS                  | 2   | TASK_ARRIVED    | CPU_and_Data_Intensive| 288.96            | 289.34          | 0.38          | GREEDY:100.0%[0m
[92m564    | OBS                  | 1   | TASK_ARRIVED    | Generic_Service       | 288.97            | 289.24          | 0.27          | GREEDY:100.0%[0m
[92m565    | OBS                  | 2   | TASK_ARRIVED    | CPU_and_Data_Intensive| 289.86            | 290.85          | 0.99          | GREEDY:100.0%[0m
[92m566    | OBS                  | 2   | TASK_ARRIVED    | Generic_Service       | 289.9             | 289.95          | 0.04          | GREEDY:100.0%[0m
[92m567    | OBS                  | 2   | TASK_ARRIVED    | CPU_and_Data_Intensive| 290.18            | 290.35          | 0.17          | GREEDY:100.0%[0m
[92m568    | OBS                  | 2   | TASK_ARRIVED    | CPU_Intensive         | 290.42            | 290.55          | 0.13          | GREEDY:100.0%[0m
[92m569    | OBS                  | 2   | TASK_ARRIVED    | CPU_Intensive         | 291.11            | 291.55          | 0.45          | GREEDY:100.0%[0m
[92m570    | OBS                  | 2   | TASK_ARRIVED    | Generic_Service       | 291.94            | 292.15          | 0.22          | GREEDY:100.0%[0m
[92m571    | OBS                  | 2   | TASK_ARRIVED    | Generic_Service       | 292.62            | 292.76          | 0.13          | GREEDY:100.0%[0m
[92m572    | OBS                  | 2   | TASK_ARRIVED    | Generic_Service       | 292.7             | 292.76          | 0.06          | GREEDY:100.0%[0m
[92m573    | OBS                  | 2   | TASK_ARRIVED    | Generic_Service       | 292.79            | 292.86          | 0.07          | GREEDY:100.0%[0m
[92m574    | OBS                  | 2   | TASK_ARRIVED    | CPU_and_Data_Intensive| 292.8             | 293.56          | 0.77          | GREEDY:100.0%[0m
[92m575    | OBS                  | 2   | TASK_ARRIVED    | CPU_and_Data_Intensive| 293.16            | 293.26          | 0.1           | GREEDY:100.0%[0m
[92m576    | OBS                  | 2   | TASK_ARRIVED    | CPU_Intensive         | 293.41            | 293.97          | 0.56          | GREEDY:100.0%[0m
[92m577    | OBS                  | 2   | TASK_ARRIVED    | CPU_Intensive         | 293.42            | 293.56          | 0.14          | GREEDY:100.0%[0m
[92m578    | OBS                  | 2   | TASK_ARRIVED    | CPU_Intensive         | 293.49            | 293.67          | 0.18          | GREEDY:100.0%[0m
[92m579    | OBS                  | 2   | TASK_ARRIVED    | CPU_and_Data_Intensive| 293.66            | 294.87          | 1.21          | GREEDY:100.0%[0m
[92m580    | OBS                  | 2   | TASK_ARRIVED    | Generic_Service       | 294.07            | 294.27          | 0.2           | GREEDY:100.0%[0m
[92m581    | OBS                  | 2   | TASK_ARRIVED    | Generic_Service       | 294.15            | 294.37          | 0.22          | GREEDY:100.0%[0m
[92m582    | OBS                  | 2   | TASK_ARRIVED    | CPU_Intensive         | 294.61            | 294.87          | 0.26          | GREEDY:100.0%[0m
[92m583    | OBS                  | 2   | TASK_ARRIVED    | Generic_Service       | 295.64            | 295.77          | 0.13          | GREEDY:100.0%[0m
[92m584    | OBS                  | 2   | TASK_ARRIVED    | CPU_Intensive         | 295.81            | 295.98          | 0.17          | GREEDY:100.0%[0m
[92m585    | OBS                  | 2   | TASK_ARRIVED    | Generic_Service       | 295.81            | 295.87          | 0.06          | GREEDY:100.0%[0m
[92m586    | OBS                  | 2   | TASK_ARRIVED    | Generic_Service       | 296.46            | 296.68          | 0.22          | GREEDY:100.0%[0m
[92m587    | OBS                  | 2   | TASK_ARRIVED    | CPU_Intensive         | 298.59            | 298.98          | 0.39          | GREEDY:100.0%[0m
[92m588    | OBS                  | 2   | TASK_ARRIVED    | Generic_Service       | 298.92            | 299.08          | 0.16          | GREEDY:100.0%[0m
Summary info saved to: /home/vsalvatore/SECMotionModel/result/ILP_sim_SystemAP5/deadline_10/Energy_budget_120000/IMG_RES_bg_0.4_bcpui_0.35_bcpudi_0.25_am_0.3ah_0.5_avh_0.2_gh_0.7_gvh_0.3/Routing_bidirectional_True/seed_2333/SUMMARY[GREEDY]_Rout_interval_0.1.csv

Task info saved to: /home/vsalvatore/SECMotionModel/result/ILP_sim_SystemAP5/deadline_10/Energy_budget_120000/IMG_RES_bg_0.4_bcpui_0.35_bcpudi_0.25_am_0.3ah_0.5_avh_0.2_gh_0.7_gvh_0.3/Routing_bidirectional_True/seed_2333/[GREEDY]_AT_0.5_CPU_0.05.csv
Simulation results saved to: /home/vsalvatore/SECMotionModel/result/ILP_sim_SystemAP5/deadline_10/Energy_budget_120000/IMG_RES_bg_0.4_bcpui_0.35_bcpudi_0.25_am_0.3ah_0.5_avh_0.2_gh_0.7_gvh_0.3/Routing_bidirectional_True/seed_2333/results_exponential_REQ-ILP_AT_0.5_CPU_0.05.csv

Salvataggio statistiche energetiche e conteggi task su: result/ILP_sim_SystemAP5/deadline_10/Energy_budget_120000/IMG_RES_bg_0.4_bcpui_0.35_bcpudi_0.25_am_0.3ah_0.5_avh_0.2_gh_0.7_gvh_0.3/Routing_bidirectional_True/seed_2333/energy_stats_exponential_REQ-ILP_AT_0.5_CPU_0.05.csv
Tempo di esecuzione REALE della simulazione 55.7810 secondi
