[92m[INFO] Configurazione passata caricata Correttamente.[0m
[92m[INFO] Configurazione risoluzione immagini caricata Correttamente.[0m
[93m[LOAD] Caricamento configurazione <base>...[0m
[92m[LOAD] Configurazione <base> caricata con successo.[0m
Batch tasks for all servers scheduled (0..3 per server).
--- Avvio simulazione ---
Cartella: result/DTS-base_sim_SystemAP5/deadline_10/Energy_budget_80000/IMG_RES_bg_0.4_bcpui_0.35_bcpudi_0.25_am_0.3ah_0.5_avh_0.2_gh_0.7_gvh_0.3/Routing_bidirectional_True/seed_2333
CSV tasks: /home/vsalvatore/SECMotionModel/result/DTS-base_sim_SystemAP5/deadline_10/Energy_budget_80000/IMG_RES_bg_0.4_bcpui_0.35_bcpudi_0.25_am_0.3ah_0.5_avh_0.2_gh_0.7_gvh_0.3/Routing_bidirectional_True/seed_2333/results_exponential_REQ-DTS-base_AT_0.5_CPU_0.05.csv
CSV migrazioni: /home/vsalvatore/SECMotionModel/result/DTS-base_sim_SystemAP5/deadline_10/Energy_budget_80000/IMG_RES_bg_0.4_bcpui_0.35_bcpudi_0.25_am_0.3ah_0.5_avh_0.2_gh_0.7_gvh_0.3/Routing_bidirectional_True/seed_2333/migration_exponential_REQ-DTS-base_AT_0.5_CPU_0.05.csv
----------------------------------------------------------------------
	||TIME IN SIMULATION : (seconds:0) (minutes: 0) ||

MODIFICA CONFIGURAZIONE IN CORSO...

[0.000] ENQUEUE BATCH id=2000 on STARLINK-31777 image_MB=14.62 queue_len=1
[0.000] ENQUEUE BATCH id=3000 on STARLINK-31283 image_MB=22.48 queue_len=1
[0.000] ENQUEUE BATCH id=4000 on STARLINK-2116 image_MB=15.47 queue_len=1
[0.000] ENQUEUE BATCH id=5000 on STARLINK-30872 image_MB=11.67 queue_len=1
[0.000] ENQUEUE BATCH id=6000 on STARLINK-30578 image_MB=407.93 queue_len=1
[0.000] ENQUEUE BATCH id=7000 on STARLINK-5968 image_MB=16.22 queue_len=1
[0.000] ENQUEUE BATCH id=8000 on STARLINK-5968 image_MB=306.10 queue_len=1
[0.000] ENQUEUE BATCH id=9000 on STARLINK-30522 image_MB=13.62 queue_len=1
[0.000] ENQUEUE BATCH id=10000 on STARLINK-30522 image_MB=138.51 queue_len=1
[0.000] ENQUEUE BATCH id=11000 on STARLINK-30522 image_MB=12.33 queue_len=1
[0.000] ENQUEUE BATCH id=12000 on STARLINK-31866 image_MB=19.32 queue_len=1
[0.000] ENQUEUE BATCH id=13000 on STARLINK-31866 image_MB=10.94 queue_len=1
[0.000] ENQUEUE BATCH id=14000 on STARLINK-31866 image_MB=8.70 queue_len=1
[0.000] ENQUEUE BATCH id=15000 on STARLINK-31235 image_MB=9.62 queue_len=1
[0.000] ENQUEUE BATCH id=16000 on STARLINK-31235 image_MB=8.22 queue_len=1
[0.000] ENQUEUE BATCH id=17000 on STARLINK-5936 image_MB=238.55 queue_len=1
[0.000] ENQUEUE BATCH id=18000 on STARLINK-5936 image_MB=471.81 queue_len=1
[0.000] ENQUEUE BATCH id=19000 on STARLINK-5936 image_MB=2.56 queue_len=1
[0.000] ENQUEUE BATCH id=20000 on STARLINK-5097 image_MB=7.96 queue_len=1
[0.000] ENQUEUE BATCH id=21000 on STARLINK-5097 image_MB=13.47 queue_len=1
[0.000] ENQUEUE BATCH id=22000 on STARLINK-2717 image_MB=22.11 queue_len=1
[0.000] ENQUEUE BATCH id=23000 on STARLINK-4473 image_MB=14.00 queue_len=1
[0.000] ENQUEUE BATCH id=24000 on STARLINK-4473 image_MB=332.16 queue_len=1
[0.000] ENQUEUE BATCH id=25000 on STARLINK-4473 image_MB=13.97 queue_len=1
[0.000] ENQUEUE BATCH id=26000 on STARLINK-34972 image_MB=11.52 queue_len=1
[0.000] ENQUEUE BATCH id=27000 on STARLINK-2319 image_MB=228.15 queue_len=1
[0.000] ENQUEUE BATCH id=28000 on STARLINK-6246 image_MB=183.76 queue_len=1
[0.000] ENQUEUE BATCH id=29000 on STARLINK-6246 image_MB=211.51 queue_len=1
[0.000] ENQUEUE BATCH id=30000 on STARLINK-6246 image_MB=305.27 queue_len=1
[0.000] ENQUEUE BATCH id=31000 on STARLINK-4545 image_MB=249.25 queue_len=1
[0.000] ENQUEUE BATCH id=32000 on STARLINK-4438 image_MB=244.39 queue_len=1
[0.000] ENQUEUE BATCH id=33000 on STARLINK-4438 image_MB=14.07 queue_len=1
[0.000] ENQUEUE BATCH id=34000 on STARLINK-4438 image_MB=5.18 queue_len=1
[0.000] ENQUEUE BATCH id=35000 on STARLINK-30971 image_MB=21.82 queue_len=1
[0.000] ENQUEUE BATCH id=36000 on STARLINK-30971 image_MB=22.95 queue_len=1
[0.000] ENQUEUE BATCH id=37000 on STARLINK-6205 image_MB=17.82 queue_len=1
[0.000] ENQUEUE BATCH id=38000 on STARLINK-6205 image_MB=3.61 queue_len=1
[0.000] ENQUEUE BATCH id=39000 on STARLINK-6205 image_MB=21.09 queue_len=1
[0.000] ENQUEUE BATCH id=40000 on STARLINK-5520 image_MB=22.09 queue_len=1
[0.000] ENQUEUE BATCH id=41000 on STARLINK-5520 image_MB=198.56 queue_len=1
[0.000] ENQUEUE BATCH id=42000 on STARLINK-30571 image_MB=5.66 queue_len=1
[0.000] ENQUEUE BATCH id=43000 on STARLINK-11209 [DTC] image_MB=20.54 queue_len=1
[0.000] ENQUEUE BATCH id=44000 on STARLINK-11209 [DTC] image_MB=14.30 queue_len=1
[0.000] ENQUEUE BATCH id=45000 on STARLINK-2619 image_MB=437.48 queue_len=1
[0.000] ENQUEUE BATCH id=46000 on STARLINK-2619 image_MB=15.43 queue_len=1
[0.000] ENQUEUE BATCH id=47000 on STARLINK-11403 [DTC] image_MB=6.36 queue_len=1
[0.000] ENQUEUE BATCH id=48000 on STARLINK-11403 [DTC] image_MB=15.50 queue_len=1
[0.000] ENQUEUE BATCH id=49000 on STARLINK-11403 [DTC] image_MB=10.99 queue_len=1
[0.000] ENQUEUE BATCH id=50000 on STARLINK-11139 [DTC] image_MB=9.55 queue_len=1
[0.000] ENQUEUE BATCH id=51000 on STARLINK-11139 [DTC] image_MB=2.21 queue_len=1
[0.000] ENQUEUE BATCH id=52000 on STARLINK-33663 image_MB=4.92 queue_len=1
[0.000] ENQUEUE BATCH id=53000 on STARLINK-33663 image_MB=350.30 queue_len=1
[0.000] ENQUEUE BATCH id=54000 on STARLINK-33663 image_MB=406.11 queue_len=1
[0.000] ENQUEUE BATCH id=55000 on STARLINK-31751 image_MB=351.27 queue_len=1
[0.000] ENQUEUE BATCH id=56000 on STARLINK-31751 image_MB=13.88 queue_len=1
[0.000] ENQUEUE BATCH id=57000 on STARLINK-31751 image_MB=19.76 queue_len=1
[0.000] ENQUEUE BATCH id=58000 on STARLINK-35016 image_MB=15.33 queue_len=1
[0.000] ENQUEUE BATCH id=59000 on STARLINK-35016 image_MB=327.26 queue_len=1
[0.000] ENQUEUE BATCH id=60000 on STARLINK-2161 image_MB=21.42 queue_len=1
[0.000] ENQUEUE BATCH id=61000 on STARLINK-2161 image_MB=263.97 queue_len=1
[0.000] ENQUEUE BATCH id=62000 on STARLINK-2161 image_MB=13.95 queue_len=1
[0.000] ENQUEUE BATCH id=63000 on STARLINK-32654 image_MB=23.05 queue_len=1
[0.000] ENQUEUE BATCH id=64000 on STARLINK-32654 image_MB=15.70 queue_len=1
[0.000] ENQUEUE BATCH id=65000 on STARLINK-32654 image_MB=290.37 queue_len=1
[0.000] ENQUEUE BATCH id=66000 on STARLINK-31220 image_MB=5.29 queue_len=1
[0.000] ENQUEUE BATCH id=67000 on STARLINK-31220 image_MB=19.64 queue_len=1
[0.000] ENQUEUE BATCH id=68000 on STARLINK-31220 image_MB=4.35 queue_len=1
[0.000] ENQUEUE BATCH id=69000 on STARLINK-34011 image_MB=437.18 queue_len=1
[0.000] ENQUEUE BATCH id=70000 on STARLINK-5999 image_MB=304.45 queue_len=1
[0.000] ENQUEUE BATCH id=71000 on STARLINK-5999 image_MB=17.74 queue_len=1
[0.000] ENQUEUE BATCH id=72000 on STARLINK-34375 image_MB=17.42 queue_len=1
[0.000] ENQUEUE BATCH id=73000 on STARLINK-34375 image_MB=176.44 queue_len=1
[0.000] ENQUEUE BATCH id=74000 on STARLINK-34375 image_MB=23.67 queue_len=1
[0.000] ENQUEUE BATCH id=75000 on STARLINK-30704 image_MB=11.99 queue_len=1
[0.000] ENQUEUE BATCH id=76000 on STARLINK-30704 image_MB=12.56 queue_len=1
[0.000] ENQUEUE BATCH id=77000 on STARLINK-4525 image_MB=16.52 queue_len=1
[0.000] ENQUEUE BATCH id=78000 on STARLINK-4525 image_MB=5.04 queue_len=1
[0.000] ENQUEUE BATCH id=79000 on STARLINK-31009 image_MB=7.79 queue_len=1
[0.000] ENQUEUE BATCH id=80000 on STARLINK-31009 image_MB=5.48 queue_len=1
[0.000] ENQUEUE BATCH id=81000 on STARLINK-31009 image_MB=15.49 queue_len=1
[0.000] ENQUEUE BATCH id=82000 on STARLINK-31124 image_MB=321.35 queue_len=1
[0.000] ENQUEUE BATCH id=83000 on STARLINK-31124 image_MB=339.07 queue_len=1
[0.000] ENQUEUE BATCH id=84000 on STARLINK-30985 image_MB=3.31 queue_len=1
[0.000] ENQUEUE BATCH id=85000 on STARLINK-30985 image_MB=247.33 queue_len=1
[0.000] ENQUEUE BATCH id=86000 on STARLINK-6195 image_MB=165.63 queue_len=1
[0.000] ENQUEUE BATCH id=87000 on STARLINK-6195 image_MB=151.86 queue_len=1
[0.000] ENQUEUE BATCH id=88000 on STARLINK-6195 image_MB=10.33 queue_len=1
[0.000] ENQUEUE BATCH id=89000 on STARLINK-30895 image_MB=14.27 queue_len=1
[0.000] ENQUEUE BATCH id=90000 on STARLINK-30895 image_MB=428.84 queue_len=1
[0.000] ENQUEUE BATCH id=91000 on STARLINK-32949 image_MB=283.33 queue_len=1
[0.000] ENQUEUE BATCH id=92000 on STARLINK-32949 image_MB=225.33 queue_len=1
[0.000] ENQUEUE BATCH id=93000 on STARLINK-32400 image_MB=9.65 queue_len=1
[0.000] ENQUEUE BATCH id=94000 on STARLINK-32400 image_MB=12.28 queue_len=1
[0.000] ENQUEUE BATCH id=95000 on STARLINK-34909 image_MB=15.27 queue_len=1
[0.000] ENQUEUE BATCH id=96000 on STARLINK-34909 image_MB=9.45 queue_len=1
[0.000] ENQUEUE BATCH id=97000 on STARLINK-33854 image_MB=17.84 queue_len=1
[0.000] ENQUEUE BATCH id=98000 on STARLINK-33854 image_MB=17.95 queue_len=1
[0.000] ENQUEUE BATCH id=99000 on STARLINK-33854 image_MB=5.60 queue_len=1
[0.000] ENQUEUE BATCH id=100000 on STARLINK-35136 image_MB=19.99 queue_len=1
[0.000] ENQUEUE BATCH id=101000 on STARLINK-35136 image_MB=20.34 queue_len=1
[0.000] ENQUEUE BATCH id=102000 on STARLINK-5854 image_MB=499.87 queue_len=1
[0.000] ENQUEUE BATCH id=103000 on STARLINK-5854 image_MB=2.24 queue_len=1
[0.000] ENQUEUE BATCH id=104000 on STARLINK-5854 image_MB=216.43 queue_len=1
[0.000] ENQUEUE BATCH id=105000 on STARLINK-3204 image_MB=20.04 queue_len=1
[0.000] ENQUEUE BATCH id=106000 on STARLINK-3204 image_MB=24.17 queue_len=1
[0.000] ENQUEUE BATCH id=107000 on STARLINK-3138 image_MB=408.96 queue_len=1
[0.000] ENQUEUE BATCH id=108000 on STARLINK-3138 image_MB=9.67 queue_len=1
[0.000] ENQUEUE BATCH id=109000 on STARLINK-30223 image_MB=4.62 queue_len=1
[0.000] ENQUEUE BATCH id=110000 on STARLINK-30137 image_MB=11.92 queue_len=1
[0.000] ENQUEUE BATCH id=111000 on STARLINK-30137 image_MB=10.89 queue_len=1
[0.000] ENQUEUE BATCH id=112000 on STARLINK-3843 image_MB=19.69 queue_len=1
[0.000] ENQUEUE BATCH id=113000 on STARLINK-3843 image_MB=7.07 queue_len=1
[0.000] ENQUEUE BATCH id=114000 on STARLINK-3807 image_MB=16.42 queue_len=1
[0.000] ENQUEUE BATCH id=115000 on STARLINK-5942 image_MB=7.52 queue_len=1
[0.000] ENQUEUE BATCH id=116000 on STARLINK-5942 image_MB=19.18 queue_len=1
[0.000] ENQUEUE BATCH id=117000 on STARLINK-35077 image_MB=20.04 queue_len=1
[0.000] ENQUEUE BATCH id=118000 on STARLINK-35077 image_MB=15.73 queue_len=1
[0.000] ENQUEUE BATCH id=119000 on STARLINK-4142 image_MB=13.69 queue_len=1
[0.000] ENQUEUE BATCH id=120000 on STARLINK-3970 image_MB=12.31 queue_len=1
[0.000] ENQUEUE BATCH id=121000 on STARLINK-3970 image_MB=3.38 queue_len=1
[0.000] ENQUEUE BATCH id=122000 on STARLINK-3970 image_MB=22.67 queue_len=1
[0.000] ENQUEUE BATCH id=123000 on STARLINK-2068 image_MB=20.37 queue_len=1
[0.000] ENQUEUE BATCH id=124000 on STARLINK-6351 image_MB=18.38 queue_len=1
[0.000] ENQUEUE BATCH id=125000 on STARLINK-6351 image_MB=316.52 queue_len=1
[0.000] ENQUEUE BATCH id=126000 on STARLINK-6351 image_MB=263.97 queue_len=1
Genero i task
[Task 51000] Task eseguito su STARLINK-11139 [DTC] 27.05039415804127 degrees | CPU=0.0000J, NET=0.0010J, TOTAL=0.0010J, Remaining=80000.00J
[0.001] BATCH id=51000 served on STARLINK-11139 [DTC] net_time=0.001 eps_net=0.001030
[Task 103000] Task eseguito su STARLINK-5854 31.499028495594143 degrees | CPU=0.0000J, NET=0.0010J, TOTAL=0.0010J, Remaining=80000.00J
[0.001] BATCH id=103000 served on STARLINK-5854 net_time=0.001 eps_net=0.001040
[Task 19000] Task eseguito su STARLINK-5936 67.88650469531936 degrees | CPU=0.0000J, NET=0.0012J, TOTAL=0.0012J, Remaining=80000.00J
[0.001] BATCH id=19000 served on STARLINK-5936 net_time=0.001 eps_net=0.001192
[Task 84000] Task eseguito su STARLINK-30985 33.52956432301518 degrees | CPU=0.0000J, NET=0.0015J, TOTAL=0.0015J, Remaining=80000.00J
[0.002] BATCH id=84000 served on STARLINK-30985 net_time=0.002 eps_net=0.001539
[Task 121000] Task eseguito su STARLINK-3970 26.59508428709472 degrees | CPU=0.0000J, NET=0.0016J, TOTAL=0.0016J, Remaining=80000.00J
[0.002] BATCH id=121000 served on STARLINK-3970 net_time=0.002 eps_net=0.001570
[Task 38000] Task eseguito su STARLINK-6205 43.24003048003629 degrees | CPU=0.0000J, NET=0.0017J, TOTAL=0.0017J, Remaining=80000.00J
[0.002] BATCH id=38000 served on STARLINK-6205 net_time=0.002 eps_net=0.001681
[Task 68000] Task eseguito su STARLINK-31220 31.662816129356592 degrees | CPU=0.0000J, NET=0.0020J, TOTAL=0.0020J, Remaining=80000.00J
[0.002] BATCH id=68000 served on STARLINK-31220 net_time=0.002 eps_net=0.002023
[Task 109000] Task eseguito su STARLINK-30223 29.36566499200775 degrees | CPU=0.0000J, NET=0.0021J, TOTAL=0.0021J, Remaining=80000.00J
[0.002] BATCH id=109000 served on STARLINK-30223 net_time=0.002 eps_net=0.002148
[Task 52000] Task eseguito su STARLINK-33663 39.21130060628811 degrees | CPU=0.0000J, NET=0.0023J, TOTAL=0.0023J, Remaining=80000.00J
[0.002] BATCH id=52000 served on STARLINK-33663 net_time=0.002 eps_net=0.002288
[Task 78000] Task eseguito su STARLINK-4525 34.207467204213934 degrees | CPU=0.0000J, NET=0.0023J, TOTAL=0.0023J, Remaining=80000.00J
[0.002] BATCH id=78000 served on STARLINK-4525 net_time=0.002 eps_net=0.002343
[Task 34000] Task eseguito su STARLINK-4438 47.592482406941734 degrees | CPU=0.0000J, NET=0.0024J, TOTAL=0.0024J, Remaining=80000.00J
[0.002] BATCH id=34000 served on STARLINK-4438 net_time=0.002 eps_net=0.002408
[Task 66000] Task eseguito su STARLINK-31220 31.662816129356592 degrees | CPU=0.0000J, NET=0.0025J, TOTAL=0.0025J, Remaining=80000.00J
[0.002] BATCH id=66000 served on STARLINK-31220 net_time=0.002 eps_net=0.002458
[Task 80000] Task eseguito su STARLINK-31009 34.330909407589985 degrees | CPU=0.0000J, NET=0.0025J, TOTAL=0.0025J, Remaining=80000.00J
[0.003] BATCH id=80000 served on STARLINK-31009 net_time=0.003 eps_net=0.002549
[Task 99000] Task eseguito su STARLINK-33854 25.418237386937445 degrees | CPU=0.0000J, NET=0.0026J, TOTAL=0.0026J, Remaining=80000.00J
[0.003] BATCH id=99000 served on STARLINK-33854 net_time=0.003 eps_net=0.002606
[Task 42000] Task eseguito su STARLINK-30571 40.55225430596419 degrees | CPU=0.0000J, NET=0.0026J, TOTAL=0.0026J, Remaining=80000.00J
[0.003] BATCH id=42000 served on STARLINK-30571 net_time=0.003 eps_net=0.002635
[Task 47000] Task eseguito su STARLINK-11403 [DTC] 28.416664570740615 degrees | CPU=0.0000J, NET=0.0030J, TOTAL=0.0030J, Remaining=80000.00J
[0.003] BATCH id=47000 served on STARLINK-11403 [DTC] net_time=0.003 eps_net=0.002957
[Task 113000] Task eseguito su STARLINK-3843 27.730453572045782 degrees | CPU=0.0000J, NET=0.0033J, TOTAL=0.0033J, Remaining=80000.00J
[0.003] BATCH id=113000 served on STARLINK-3843 net_time=0.003 eps_net=0.003287
[Task 115000] Task eseguito su STARLINK-5942 28.110357725133046 degrees | CPU=0.0000J, NET=0.0035J, TOTAL=0.0035J, Remaining=80000.00J
[0.003] BATCH id=115000 served on STARLINK-5942 net_time=0.003 eps_net=0.003499
[Task 79000] Task eseguito su STARLINK-31009 34.330909407589985 degrees | CPU=0.0000J, NET=0.0036J, TOTAL=0.0036J, Remaining=80000.00J
[0.004] BATCH id=79000 served on STARLINK-31009 net_time=0.004 eps_net=0.003625
[Task 20000] Task eseguito su STARLINK-5097 56.72432553961611 degrees | CPU=0.0000J, NET=0.0037J, TOTAL=0.0037J, Remaining=80000.00J
[0.004] BATCH id=20000 served on STARLINK-5097 net_time=0.004 eps_net=0.003702
[Task 16000] Task eseguito su STARLINK-31235 53.91518101349145 degrees | CPU=0.0000J, NET=0.0038J, TOTAL=0.0038J, Remaining=80000.00J
[0.004] BATCH id=16000 served on STARLINK-31235 net_time=0.004 eps_net=0.003824
[Task 14000] Task eseguito su STARLINK-31866 53.85900800453041 degrees | CPU=0.0000J, NET=0.0040J, TOTAL=0.0040J, Remaining=80000.00J
[0.004] BATCH id=14000 served on STARLINK-31866 net_time=0.004 eps_net=0.004044
[Task 96000] Task eseguito su STARLINK-34909 31.307470509843043 degrees | CPU=0.0000J, NET=0.0044J, TOTAL=0.0044J, Remaining=80000.00J
[0.004] BATCH id=96000 served on STARLINK-34909 net_time=0.004 eps_net=0.004393
[Task 50000] Task eseguito su STARLINK-11139 [DTC] 27.05039415804127 degrees | CPU=0.0000J, NET=0.0044J, TOTAL=0.0044J, Remaining=80000.00J
[0.004] BATCH id=50000 served on STARLINK-11139 [DTC] net_time=0.004 eps_net=0.004443
[Task 15000] Task eseguito su STARLINK-31235 53.91518101349145 degrees | CPU=0.0000J, NET=0.0045J, TOTAL=0.0045J, Remaining=80000.00J
[0.004] BATCH id=15000 served on STARLINK-31235 net_time=0.004 eps_net=0.004472
[Task 93000] Task eseguito su STARLINK-32400 25.985758886512947 degrees | CPU=0.0000J, NET=0.0045J, TOTAL=0.0045J, Remaining=80000.00J
[0.004] BATCH id=93000 served on STARLINK-32400 net_time=0.004 eps_net=0.004490
[Task 108000] Task eseguito su STARLINK-3138 28.645841804719513 degrees | CPU=0.0000J, NET=0.0045J, TOTAL=0.0045J, Remaining=80000.00J
[0.004] BATCH id=108000 served on STARLINK-3138 net_time=0.004 eps_net=0.004498
[Task 88000] Task eseguito su STARLINK-6195 33.492118209942355 degrees | CPU=0.0000J, NET=0.0048J, TOTAL=0.0048J, Remaining=80000.00J
[0.005] BATCH id=88000 served on STARLINK-6195 net_time=0.005 eps_net=0.004804
[Task 111000] Task eseguito su STARLINK-30137 28.914578780256353 degrees | CPU=0.0000J, NET=0.0051J, TOTAL=0.0051J, Remaining=80000.00J
[0.005] BATCH id=111000 served on STARLINK-30137 net_time=0.005 eps_net=0.005066
[Task 13000] Task eseguito su STARLINK-31866 53.85900800453041 degrees | CPU=0.0000J, NET=0.0051J, TOTAL=0.0051J, Remaining=80000.00J
[0.005] BATCH id=13000 served on STARLINK-31866 net_time=0.005 eps_net=0.005089
[Task 49000] Task eseguito su STARLINK-11403 [DTC] 28.416664570740615 degrees | CPU=0.0000J, NET=0.0051J, TOTAL=0.0051J, Remaining=80000.00J
[0.005] BATCH id=49000 served on STARLINK-11403 [DTC] net_time=0.005 eps_net=0.005111
[Task 26000] Task eseguito su STARLINK-34972 52.036905010977726 degrees | CPU=0.0000J, NET=0.0054J, TOTAL=0.0054J, Remaining=80000.00J
[0.005] BATCH id=26000 served on STARLINK-34972 net_time=0.005 eps_net=0.005359
[Task 5000] Task eseguito su STARLINK-30872 58.993572103245064 degrees | CPU=0.0000J, NET=0.0054J, TOTAL=0.0054J, Remaining=80000.00J
[0.005] BATCH id=5000 served on STARLINK-30872 net_time=0.005 eps_net=0.005427
[Task 110000] Task eseguito su STARLINK-30137 28.914578780256353 degrees | CPU=0.0000J, NET=0.0055J, TOTAL=0.0055J, Remaining=79999.99J
[0.006] BATCH id=110000 served on STARLINK-30137 net_time=0.006 eps_net=0.005545
[Task 75000] Task eseguito su STARLINK-30704 29.331443580282098 degrees | CPU=0.0000J, NET=0.0056J, TOTAL=0.0056J, Remaining=80000.00J
[0.006] BATCH id=75000 served on STARLINK-30704 net_time=0.006 eps_net=0.005578
[Task 94000] Task eseguito su STARLINK-32400 25.985758886512947 degrees | CPU=0.0000J, NET=0.0057J, TOTAL=0.0057J, Remaining=80000.00J
[0.006] BATCH id=94000 served on STARLINK-32400 net_time=0.006 eps_net=0.005711
[Task 120000] Task eseguito su STARLINK-3970 26.59508428709472 degrees | CPU=0.0000J, NET=0.0057J, TOTAL=0.0057J, Remaining=80000.00J
[0.006] BATCH id=120000 served on STARLINK-3970 net_time=0.006 eps_net=0.005728
[Task 11000] Task eseguito su STARLINK-30522 75.14345717344679 degrees | CPU=0.0000J, NET=0.0057J, TOTAL=0.0057J, Remaining=80000.00J
[0.006] BATCH id=11000 served on STARLINK-30522 net_time=0.006 eps_net=0.005736
[Task 76000] Task eseguito su STARLINK-30704 29.331443580282098 degrees | CPU=0.0000J, NET=0.0058J, TOTAL=0.0058J, Remaining=79999.99J
[0.006] BATCH id=76000 served on STARLINK-30704 net_time=0.006 eps_net=0.005843
[Task 21000] Task eseguito su STARLINK-5097 56.72432553961611 degrees | CPU=0.0000J, NET=0.0063J, TOTAL=0.0063J, Remaining=80000.00J
[0.006] BATCH id=21000 served on STARLINK-5097 net_time=0.006 eps_net=0.006267
[Task 9000] Task eseguito su STARLINK-30522 75.14345717344679 degrees | CPU=0.0000J, NET=0.0063J, TOTAL=0.0063J, Remaining=79999.99J
[0.006] BATCH id=9000 served on STARLINK-30522 net_time=0.006 eps_net=0.006333
[Task 119000] Task eseguito su STARLINK-4142 26.682563480686508 degrees | CPU=0.0000J, NET=0.0064J, TOTAL=0.0064J, Remaining=80000.00J
[0.006] BATCH id=119000 served on STARLINK-4142 net_time=0.006 eps_net=0.006365
[Task 56000] Task eseguito su STARLINK-31751 39.10106263721367 degrees | CPU=0.0000J, NET=0.0065J, TOTAL=0.0065J, Remaining=80000.00J
[0.006] BATCH id=56000 served on STARLINK-31751 net_time=0.006 eps_net=0.006458
[Task 62000] Task eseguito su STARLINK-2161 38.04342016915171 degrees | CPU=0.0000J, NET=0.0065J, TOTAL=0.0065J, Remaining=80000.00J
[0.006] BATCH id=62000 served on STARLINK-2161 net_time=0.006 eps_net=0.006490
[Task 25000] Task eseguito su STARLINK-4473 56.734306737392444 degrees | CPU=0.0000J, NET=0.0065J, TOTAL=0.0065J, Remaining=80000.00J
[0.006] BATCH id=25000 served on STARLINK-4473 net_time=0.006 eps_net=0.006495
[Task 23000] Task eseguito su STARLINK-4473 56.734306737392444 degrees | CPU=0.0000J, NET=0.0065J, TOTAL=0.0065J, Remaining=79999.99J
[0.007] BATCH id=23000 served on STARLINK-4473 net_time=0.007 eps_net=0.006510
[Task 33000] Task eseguito su STARLINK-4438 47.592482406941734 degrees | CPU=0.0000J, NET=0.0065J, TOTAL=0.0065J, Remaining=80000.00J
[0.007] BATCH id=33000 served on STARLINK-4438 net_time=0.007 eps_net=0.006544
[Task 89000] Task eseguito su STARLINK-30895 32.593706793428616 degrees | CPU=0.0000J, NET=0.0066J, TOTAL=0.0066J, Remaining=80000.00J
[0.007] BATCH id=89000 served on STARLINK-30895 net_time=0.007 eps_net=0.006637
[Task 44000] Task eseguito su STARLINK-11209 [DTC] 34.92552981114727 degrees | CPU=0.0000J, NET=0.0066J, TOTAL=0.0066J, Remaining=80000.00J
[0.007] BATCH id=44000 served on STARLINK-11209 [DTC] net_time=0.007 eps_net=0.006650
[Task 2000] Task eseguito su STARLINK-31777 71.09483002733748 degrees | CPU=0.0000J, NET=0.0068J, TOTAL=0.0068J, Remaining=80000.00J
[0.007] BATCH id=2000 served on STARLINK-31777 net_time=0.007 eps_net=0.006801
[Task 95000] Task eseguito su STARLINK-34909 31.307470509843043 degrees | CPU=0.0000J, NET=0.0071J, TOTAL=0.0071J, Remaining=80000.00J
[0.007] BATCH id=95000 served on STARLINK-34909 net_time=0.007 eps_net=0.007103
[Task 58000] Task eseguito su STARLINK-35016 32.12311850143489 degrees | CPU=0.0000J, NET=0.0071J, TOTAL=0.0071J, Remaining=80000.00J
[0.007] BATCH id=58000 served on STARLINK-35016 net_time=0.007 eps_net=0.007131
[Task 46000] Task eseguito su STARLINK-2619 36.12594734800452 degrees | CPU=0.0000J, NET=0.0072J, TOTAL=0.0072J, Remaining=80000.00J
[0.007] BATCH id=46000 served on STARLINK-2619 net_time=0.007 eps_net=0.007176
[Task 4000] Task eseguito su STARLINK-2116 50.20976027193822 degrees | CPU=0.0000J, NET=0.0072J, TOTAL=0.0072J, Remaining=80000.00J
[0.007] BATCH id=4000 served on STARLINK-2116 net_time=0.007 eps_net=0.007196
[Task 81000] Task eseguito su STARLINK-31009 34.330909407589985 degrees | CPU=0.0000J, NET=0.0072J, TOTAL=0.0072J, Remaining=79999.99J
[0.007] BATCH id=81000 served on STARLINK-31009 net_time=0.007 eps_net=0.007204
[Task 48000] Task eseguito su STARLINK-11403 [DTC] 28.416664570740615 degrees | CPU=0.0000J, NET=0.0072J, TOTAL=0.0072J, Remaining=79999.99J
[0.007] BATCH id=48000 served on STARLINK-11403 [DTC] net_time=0.007 eps_net=0.007207
[Task 64000] Task eseguito su STARLINK-32654 31.300968911213833 degrees | CPU=0.0000J, NET=0.0073J, TOTAL=0.0073J, Remaining=80000.00J
[0.007] BATCH id=64000 served on STARLINK-32654 net_time=0.007 eps_net=0.007301
[Task 118000] Task eseguito su STARLINK-35077 27.613688271776077 degrees | CPU=0.0000J, NET=0.0073J, TOTAL=0.0073J, Remaining=80000.00J
[0.007] BATCH id=118000 served on STARLINK-35077 net_time=0.007 eps_net=0.007317
[Task 7000] Task eseguito su STARLINK-5968 75.96631112407839 degrees | CPU=0.0000J, NET=0.0075J, TOTAL=0.0075J, Remaining=80000.00J
[0.008] BATCH id=7000 served on STARLINK-5968 net_time=0.008 eps_net=0.007542
[Task 114000] Task eseguito su STARLINK-3807 26.91375524666539 degrees | CPU=0.0000J, NET=0.0076J, TOTAL=0.0076J, Remaining=80000.00J
[0.008] BATCH id=114000 served on STARLINK-3807 net_time=0.008 eps_net=0.007637
[Task 77000] Task eseguito su STARLINK-4525 34.207467204213934 degrees | CPU=0.0000J, NET=0.0077J, TOTAL=0.0077J, Remaining=80000.00J
[0.008] BATCH id=77000 served on STARLINK-4525 net_time=0.008 eps_net=0.007685
[Task 72000] Task eseguito su STARLINK-34375 27.431041303020557 degrees | CPU=0.0000J, NET=0.0081J, TOTAL=0.0081J, Remaining=80000.00J
[0.008] BATCH id=72000 served on STARLINK-34375 net_time=0.008 eps_net=0.008103
[Task 71000] Task eseguito su STARLINK-5999 36.75210942108773 degrees | CPU=0.0000J, NET=0.0083J, TOTAL=0.0083J, Remaining=80000.00J
[0.008] BATCH id=71000 served on STARLINK-5999 net_time=0.008 eps_net=0.008251
[Task 37000] Task eseguito su STARLINK-6205 43.24003048003629 degrees | CPU=0.0000J, NET=0.0083J, TOTAL=0.0083J, Remaining=80000.00J
[0.008] BATCH id=37000 served on STARLINK-6205 net_time=0.008 eps_net=0.008289
[Task 97000] Task eseguito su STARLINK-33854 25.418237386937445 degrees | CPU=0.0000J, NET=0.0083J, TOTAL=0.0083J, Remaining=80000.00J
[0.008] BATCH id=97000 served on STARLINK-33854 net_time=0.008 eps_net=0.008298
[Task 98000] Task eseguito su STARLINK-33854 25.418237386937445 degrees | CPU=0.0000J, NET=0.0083J, TOTAL=0.0083J, Remaining=79999.99J
[0.008] BATCH id=98000 served on STARLINK-33854 net_time=0.008 eps_net=0.008348
[Task 124000] Task eseguito su STARLINK-6351 26.09899736916676 degrees | CPU=0.0000J, NET=0.0085J, TOTAL=0.0085J, Remaining=80000.00J
[0.009] BATCH id=124000 served on STARLINK-6351 net_time=0.009 eps_net=0.008548
[Task 116000] Task eseguito su STARLINK-5942 28.110357725133046 degrees | CPU=0.0000J, NET=0.0089J, TOTAL=0.0089J, Remaining=80000.00J
[0.009] BATCH id=116000 served on STARLINK-5942 net_time=0.009 eps_net=0.008921
[Task 12000] Task eseguito su STARLINK-31866 53.85900800453041 degrees | CPU=0.0000J, NET=0.0090J, TOTAL=0.0090J, Remaining=79999.99J
[0.009] BATCH id=12000 served on STARLINK-31866 net_time=0.009 eps_net=0.008985
[Task 67000] Task eseguito su STARLINK-31220 31.662816129356592 degrees | CPU=0.0000J, NET=0.0091J, TOTAL=0.0091J, Remaining=80000.00J
[0.009] BATCH id=67000 served on STARLINK-31220 net_time=0.009 eps_net=0.009136
[Task 112000] Task eseguito su STARLINK-3843 27.730453572045782 degrees | CPU=0.0000J, NET=0.0092J, TOTAL=0.0092J, Remaining=80000.00J
[0.009] BATCH id=112000 served on STARLINK-3843 net_time=0.009 eps_net=0.009157
[Task 57000] Task eseguito su STARLINK-31751 39.10106263721367 degrees | CPU=0.0000J, NET=0.0092J, TOTAL=0.0092J, Remaining=79999.99J
[0.009] BATCH id=57000 served on STARLINK-31751 net_time=0.009 eps_net=0.009188
[Task 100000] Task eseguito su STARLINK-35136 29.650549144475516 degrees | CPU=0.0000J, NET=0.0093J, TOTAL=0.0093J, Remaining=80000.00J
[0.009] BATCH id=100000 served on STARLINK-35136 net_time=0.009 eps_net=0.009300
[Task 105000] Task eseguito su STARLINK-3204 28.90541666793628 degrees | CPU=0.0000J, NET=0.0093J, TOTAL=0.0093J, Remaining=80000.00J
[0.009] BATCH id=105000 served on STARLINK-3204 net_time=0.009 eps_net=0.009319
[Task 117000] Task eseguito su STARLINK-35077 27.613688271776077 degrees | CPU=0.0000J, NET=0.0093J, TOTAL=0.0093J, Remaining=79999.99J
[0.009] BATCH id=117000 served on STARLINK-35077 net_time=0.009 eps_net=0.009321
[Task 101000] Task eseguito su STARLINK-35136 29.650549144475516 degrees | CPU=0.0000J, NET=0.0095J, TOTAL=0.0095J, Remaining=79999.99J
[0.009] BATCH id=101000 served on STARLINK-35136 net_time=0.009 eps_net=0.009459
[Task 123000] Task eseguito su STARLINK-2068 26.038481958384484 degrees | CPU=0.0000J, NET=0.0095J, TOTAL=0.0095J, Remaining=80000.00J
[0.009] BATCH id=123000 served on STARLINK-2068 net_time=0.009 eps_net=0.009477
[Task 43000] Task eseguito su STARLINK-11209 [DTC] 34.92552981114727 degrees | CPU=0.0000J, NET=0.0096J, TOTAL=0.0096J, Remaining=79999.99J
[0.010] BATCH id=43000 served on STARLINK-11209 [DTC] net_time=0.010 eps_net=0.009556
[Task 39000] Task eseguito su STARLINK-6205 43.24003048003629 degrees | CPU=0.0000J, NET=0.0098J, TOTAL=0.0098J, Remaining=79999.99J
[0.010] BATCH id=39000 served on STARLINK-6205 net_time=0.010 eps_net=0.009810
[Task 60000] Task eseguito su STARLINK-2161 38.04342016915171 degrees | CPU=0.0000J, NET=0.0100J, TOTAL=0.0100J, Remaining=79999.99J
[0.010] BATCH id=60000 served on STARLINK-2161 net_time=0.010 eps_net=0.009965
[Task 35000] Task eseguito su STARLINK-30971 45.688328091737986 degrees | CPU=0.0000J, NET=0.0101J, TOTAL=0.0101J, Remaining=80000.00J
[0.010] BATCH id=35000 served on STARLINK-30971 net_time=0.010 eps_net=0.010150
[Task 40000] Task eseguito su STARLINK-5520 42.67183917717197 degrees | CPU=0.0000J, NET=0.0103J, TOTAL=0.0103J, Remaining=80000.00J
[0.010] BATCH id=40000 served on STARLINK-5520 net_time=0.010 eps_net=0.010273
[Task 22000] Task eseguito su STARLINK-2717 55.68889171912144 degrees | CPU=0.0000J, NET=0.0103J, TOTAL=0.0103J, Remaining=80000.00J
[0.010] BATCH id=22000 served on STARLINK-2717 net_time=0.010 eps_net=0.010282
[Task 3000] Task eseguito su STARLINK-31283 65.99683670988222 degrees | CPU=0.0000J, NET=0.0105J, TOTAL=0.0105J, Remaining=80000.00J
[0.010] BATCH id=3000 served on STARLINK-31283 net_time=0.010 eps_net=0.010457
[Task 122000] Task eseguito su STARLINK-3970 26.59508428709472 degrees | CPU=0.0000J, NET=0.0105J, TOTAL=0.0105J, Remaining=79999.99J
[0.011] BATCH id=122000 served on STARLINK-3970 net_time=0.011 eps_net=0.010545
[Task 36000] Task eseguito su STARLINK-30971 45.688328091737986 degrees | CPU=0.0000J, NET=0.0107J, TOTAL=0.0107J, Remaining=79999.99J
[0.011] BATCH id=36000 served on STARLINK-30971 net_time=0.011 eps_net=0.010673
[Task 63000] Task eseguito su STARLINK-32654 31.300968911213833 degrees | CPU=0.0000J, NET=0.0107J, TOTAL=0.0107J, Remaining=79999.99J
[0.011] BATCH id=63000 served on STARLINK-32654 net_time=0.011 eps_net=0.010719
[Task 74000] Task eseguito su STARLINK-34375 27.431041303020557 degrees | CPU=0.0000J, NET=0.0110J, TOTAL=0.0110J, Remaining=79999.99J
[0.011] BATCH id=74000 served on STARLINK-34375 net_time=0.011 eps_net=0.011011
[Task 106000] Task eseguito su STARLINK-3204 28.90541666793628 degrees | CPU=0.0000J, NET=0.0112J, TOTAL=0.0112J, Remaining=79999.99J
[0.011] BATCH id=106000 served on STARLINK-3204 net_time=0.011 eps_net=0.011244
[Task 10000] Task eseguito su STARLINK-30522 75.14345717344679 degrees | CPU=0.0000J, NET=0.0644J, TOTAL=0.0644J, Remaining=79999.99J
[0.064] BATCH id=10000 served on STARLINK-30522 net_time=0.064 eps_net=0.064425
[Task 87000] Task eseguito su STARLINK-6195 33.492118209942355 degrees | CPU=0.0000J, NET=0.0706J, TOTAL=0.0706J, Remaining=80000.00J
[0.071] BATCH id=87000 served on STARLINK-6195 net_time=0.071 eps_net=0.070632
[Task 86000] Task eseguito su STARLINK-6195 33.492118209942355 degrees | CPU=0.0000J, NET=0.0770J, TOTAL=0.0770J, Remaining=79999.92J
[0.077] BATCH id=86000 served on STARLINK-6195 net_time=0.077 eps_net=0.077037
[Task 73000] Task eseguito su STARLINK-34375 27.431041303020557 degrees | CPU=0.0000J, NET=0.0821J, TOTAL=0.0821J, Remaining=79999.98J
[0.082] BATCH id=73000 served on STARLINK-34375 net_time=0.082 eps_net=0.082064
[Task 28000] Task eseguito su STARLINK-6246 51.22594105754382 degrees | CPU=0.0000J, NET=0.0855J, TOTAL=0.0855J, Remaining=80000.00J
[0.085] BATCH id=28000 served on STARLINK-6246 net_time=0.085 eps_net=0.085468
[Task 41000] Task eseguito su STARLINK-5520 42.67183917717197 degrees | CPU=0.0000J, NET=0.0924J, TOTAL=0.0924J, Remaining=79999.99J
[0.092] BATCH id=41000 served on STARLINK-5520 net_time=0.092 eps_net=0.092352
[Task 29000] Task eseguito su STARLINK-6246 51.22594105754382 degrees | CPU=0.0000J, NET=0.0984J, TOTAL=0.0984J, Remaining=79999.91J
[0.098] BATCH id=29000 served on STARLINK-6246 net_time=0.098 eps_net=0.098378
[Task 104000] Task eseguito su STARLINK-5854 31.499028495594143 degrees | CPU=0.0000J, NET=0.1007J, TOTAL=0.1007J, Remaining=80000.00J
[0.101] BATCH id=104000 served on STARLINK-5854 net_time=0.101 eps_net=0.100665
[Task 92000] Task eseguito su STARLINK-32949 26.705410719006682 degrees | CPU=0.0000J, NET=0.1048J, TOTAL=0.1048J, Remaining=80000.00J
[0.105] BATCH id=92000 served on STARLINK-32949 net_time=0.105 eps_net=0.104803
[Task 27000] Task eseguito su STARLINK-2319 50.08650158424539 degrees | CPU=0.0000J, NET=0.1061J, TOTAL=0.1061J, Remaining=80000.00J
[0.106] BATCH id=27000 served on STARLINK-2319 net_time=0.106 eps_net=0.106115
[Task 17000] Task eseguito su STARLINK-5936 67.88650469531936 degrees | CPU=0.0000J, NET=0.1110J, TOTAL=0.1110J, Remaining=80000.00J
[0.111] BATCH id=17000 served on STARLINK-5936 net_time=0.111 eps_net=0.110954
[Task 32000] Task eseguito su STARLINK-4438 47.592482406941734 degrees | CPU=0.0000J, NET=0.1137J, TOTAL=0.1137J, Remaining=79999.99J
[0.114] BATCH id=32000 served on STARLINK-4438 net_time=0.114 eps_net=0.113671
[Task 85000] Task eseguito su STARLINK-30985 33.52956432301518 degrees | CPU=0.0000J, NET=0.1150J, TOTAL=0.1150J, Remaining=80000.00J
[0.115] BATCH id=85000 served on STARLINK-30985 net_time=0.115 eps_net=0.115037
[Task 31000] Task eseguito su STARLINK-4545 46.25972076355547 degrees | CPU=0.0000J, NET=0.1159J, TOTAL=0.1159J, Remaining=80000.00J
[0.116] BATCH id=31000 served on STARLINK-4545 net_time=0.116 eps_net=0.115929
[Task 61000] Task eseguito su STARLINK-2161 38.04342016915171 degrees | CPU=0.0000J, NET=0.1228J, TOTAL=0.1228J, Remaining=79999.98J
[0.123] BATCH id=61000 served on STARLINK-2161 net_time=0.123 eps_net=0.122777
[Task 126000] Task eseguito su STARLINK-6351 26.09899736916676 degrees | CPU=0.0000J, NET=0.1228J, TOTAL=0.1228J, Remaining=79999.99J
[0.123] BATCH id=126000 served on STARLINK-6351 net_time=0.123 eps_net=0.122779
[Task 91000] Task eseguito su STARLINK-32949 26.705410719006682 degrees | CPU=0.0000J, NET=0.1318J, TOTAL=0.1318J, Remaining=79999.90J
[0.132] BATCH id=91000 served on STARLINK-32949 net_time=0.132 eps_net=0.131779
[Task 65000] Task eseguito su STARLINK-32654 31.300968911213833 degrees | CPU=0.0000J, NET=0.1351J, TOTAL=0.1351J, Remaining=79999.98J
[0.135] BATCH id=65000 served on STARLINK-32654 net_time=0.135 eps_net=0.135054
[Task 70000] Task eseguito su STARLINK-5999 36.75210942108773 degrees | CPU=0.0000J, NET=0.1416J, TOTAL=0.1416J, Remaining=79999.99J
[0.142] BATCH id=70000 served on STARLINK-5999 net_time=0.142 eps_net=0.141605
[Task 30000] Task eseguito su STARLINK-6246 51.22594105754382 degrees | CPU=0.0000J, NET=0.1420J, TOTAL=0.1420J, Remaining=79999.82J
[0.142] BATCH id=30000 served on STARLINK-6246 net_time=0.142 eps_net=0.141987
[Task 8000] Task eseguito su STARLINK-5968 75.96631112407839 degrees | CPU=0.0000J, NET=0.1424J, TOTAL=0.1424J, Remaining=79999.99J
[0.142] BATCH id=8000 served on STARLINK-5968 net_time=0.142 eps_net=0.142371
[Task 125000] Task eseguito su STARLINK-6351 26.09899736916676 degrees | CPU=0.0000J, NET=0.1472J, TOTAL=0.1472J, Remaining=79999.87J
[0.147] BATCH id=125000 served on STARLINK-6351 net_time=0.147 eps_net=0.147217
[Task 82000] Task eseguito su STARLINK-31124 28.150251230950822 degrees | CPU=0.0000J, NET=0.1495J, TOTAL=0.1495J, Remaining=80000.00J
[0.149] BATCH id=82000 served on STARLINK-31124 net_time=0.149 eps_net=0.149467
[Task 59000] Task eseguito su STARLINK-35016 32.12311850143489 degrees | CPU=0.0000J, NET=0.1522J, TOTAL=0.1522J, Remaining=79999.99J
[0.152] BATCH id=59000 served on STARLINK-35016 net_time=0.152 eps_net=0.152212
[Task 24000] Task eseguito su STARLINK-4473 56.734306737392444 degrees | CPU=0.0000J, NET=0.1545J, TOTAL=0.1545J, Remaining=79999.99J
[0.154] BATCH id=24000 served on STARLINK-4473 net_time=0.154 eps_net=0.154495
[Task 83000] Task eseguito su STARLINK-31124 28.150251230950822 degrees | CPU=0.0000J, NET=0.1577J, TOTAL=0.1577J, Remaining=79999.85J
[0.158] BATCH id=83000 served on STARLINK-31124 net_time=0.158 eps_net=0.157708
[Task 53000] Task eseguito su STARLINK-33663 39.21130060628811 degrees | CPU=0.0000J, NET=0.1629J, TOTAL=0.1629J, Remaining=80000.00J
[0.163] BATCH id=53000 served on STARLINK-33663 net_time=0.163 eps_net=0.162929
[Task 55000] Task eseguito su STARLINK-31751 39.10106263721367 degrees | CPU=0.0000J, NET=0.1634J, TOTAL=0.1634J, Remaining=79999.98J
[0.163] BATCH id=55000 served on STARLINK-31751 net_time=0.163 eps_net=0.163383
[Task 54000] Task eseguito su STARLINK-33663 39.21130060628811 degrees | CPU=0.0000J, NET=0.1889J, TOTAL=0.1889J, Remaining=79999.83J
[0.189] BATCH id=54000 served on STARLINK-33663 net_time=0.189 eps_net=0.188890
[Task 6000] Task eseguito su STARLINK-30578 82.44509189395555 degrees | CPU=0.0000J, NET=0.1897J, TOTAL=0.1897J, Remaining=80000.00J
[0.190] BATCH id=6000 served on STARLINK-30578 net_time=0.190 eps_net=0.189737
[Task 107000] Task eseguito su STARLINK-3138 28.645841804719513 degrees | CPU=0.0000J, NET=0.1902J, TOTAL=0.1902J, Remaining=80000.00J
[0.190] BATCH id=107000 served on STARLINK-3138 net_time=0.190 eps_net=0.190215
[Task 90000] Task eseguito su STARLINK-30895 32.593706793428616 degrees | CPU=0.0000J, NET=0.1995J, TOTAL=0.1995J, Remaining=79999.99J
[0.199] BATCH id=90000 served on STARLINK-30895 net_time=0.199 eps_net=0.199462
[Task 69000] Task eseguito su STARLINK-34011 30.90738065825921 degrees | CPU=0.0000J, NET=0.2033J, TOTAL=0.2033J, Remaining=80000.00J
[0.203] BATCH id=69000 served on STARLINK-34011 net_time=0.203 eps_net=0.203340
[Task 45000] Task eseguito su STARLINK-2619 36.12594734800452 degrees | CPU=0.0000J, NET=0.2035J, TOTAL=0.2035J, Remaining=79999.99J
[0.203] BATCH id=45000 served on STARLINK-2619 net_time=0.203 eps_net=0.203480
[Task 18000] Task eseguito su STARLINK-5936 67.88650469531936 degrees | CPU=0.0000J, NET=0.2194J, TOTAL=0.2194J, Remaining=79999.89J
[0.219] BATCH id=18000 served on STARLINK-5936 net_time=0.219 eps_net=0.219445
[Task 102000] Task eseguito su STARLINK-5854 31.499028495594143 degrees | CPU=0.0000J, NET=0.2325J, TOTAL=0.2325J, Remaining=79999.90J
[0.232] BATCH id=102000 served on STARLINK-5854 net_time=0.232 eps_net=0.232498
---> Task 1 (Type: CPU_and_Data_Intensive) arriva in 0.64
--- [0.64] Task 1 using SearchNode Policy: v1_heuristic ---
[1] Filtro euristico: DTS-TMAX
[0.64] [Task 1] Routed STARLINK-11573 [DTC] -> STARLINK-31777 | E_NET=0.001725 J | Remaining=80000.00 J
[0.639] Task 1 enqueued on CPU STARLINK-31777 qlen_enqueue=1
---> Task 2 (Type: Generic_Service) arriva in 0.67
--- [0.67] Task 2 using SearchNode Policy: v1_heuristic ---
[2] Filtro euristico: DTS-TMAX
[0.67] [Task 2] Routed STARLINK-32475 -> STARLINK-3127 | E_NET=0.000025 J | Remaining=80000.00 J
[0.668] Task 2 enqueued on CPU STARLINK-3127 qlen_enqueue=1
[Task 2] Task eseguito su STARLINK-3127 62.93376393896493 degrees | CPU=13.5342J, NET=0.0000J, TOTAL=13.5343J, Remaining=79986.47J
[0.687] Task 2 served on STARLINK-3127 qlen_enqueue_cpu=1 qlen_enqueue_net=None time_in_queue=0.000
[2][GREEDY] STARLINK-3127 -> STARLINK-11573 [DTC] | Tramission-time: 0.0015708398854704655
[2] Energy routing consumed by STARLINK-3127: 0.000000 J (remaining 79986.47)
[MODE: BIDIRECTIONAL]
[2][GREEDY] CONSEGNATO! STARLINK-11573 [DTC] -> OBS | Tramission-time: 2.344633256490059e-11
[1.538] Task 1 enqueued on NET STARLINK-31777 qlen_enqueue_net=1
[Task 1] Task eseguito su STARLINK-31777 71.09483002733748 degrees | CPU=717.8530J, NET=0.0017J, TOTAL=717.8547J, Remaining=79282.15J
[1.539] Task 1 served on STARLINK-31777 qlen_enqueue_cpu=1 qlen_enqueue_net=1 time_in_queue=0.000
---> Task 3 (Type: CPU_Intensive) arriva in 1.57
--- [1.57] Task 3 using SearchNode Policy: v1_heuristic ---
[3] Filtro euristico: DTS-TMAX
[1.57] [Task 3] Routed STARLINK-31283 -> STARLINK-6192 | E_NET=0.000017 J | Remaining=80000.00 J
[1.572] Task 3 enqueued on CPU STARLINK-6192 qlen_enqueue=1
[MODE: BIDIRECTIONAL]
[1][GREEDY] CONSEGNATO! STARLINK-31777 -> OBS | Tramission-time: 1.2156990373003423e-09
[Task 3] Task eseguito su STARLINK-6192 74.82151018522693 degrees | CPU=339.0622J, NET=0.0000J, TOTAL=339.0623J, Remaining=79660.94J
[1.998] Task 3 served on STARLINK-6192 qlen_enqueue_cpu=1 qlen_enqueue_net=None time_in_queue=0.000
----------------------------------------------------------------------
	||TIME IN SIMULATION : (seconds:2) (minutes: 0) ||

MODIFICA CONFIGURAZIONE IN CORSO...

Aggiornato il Tempo Globale:  2025-11-20 20:55:16
[3][GREEDY] STARLINK-6192 -> STARLINK-11573 [DTC] | Tramission-time: 0.0011374950658365926
[3] Energy routing consumed by STARLINK-6192: 0.000000 J (remaining 79660.94)
[MODE: BIDIRECTIONAL]
[3][GREEDY] CONSEGNATO! STARLINK-11573 [DTC] -> OBS | Tramission-time: 1.6377017046987752e-11
---> Task 4 (Type: CPU_and_Data_Intensive) arriva in 2.53
--- [2.53] Task 4 using SearchNode Policy: v1_heuristic ---
[4] Filtro euristico: DTS-TMAX
[2.53] [Task 4] Routed STARLINK-2116 -> STARLINK-5097 | E_NET=0.000494 J | Remaining=80000.00 J
[2.531] Task 4 enqueued on CPU STARLINK-5097 qlen_enqueue=1
[2.575] Task 4 enqueued on NET STARLINK-5097 qlen_enqueue_net=1
[Task 4] Task eseguito su STARLINK-5097 55.649450851853736 degrees | CPU=35.7603J, NET=0.0006J, TOTAL=35.7610J, Remaining=79964.24J
[2.576] Task 4 served on STARLINK-5097 qlen_enqueue_cpu=1 qlen_enqueue_net=1 time_in_queue=0.000
[4][GREEDY] STARLINK-5097 -> STARLINK-11573 [DTC] | Tramission-time: 0.0008866351045760836
[4] Energy routing consumed by STARLINK-5097: 0.000000 J (remaining 79964.24)
---> Task 5 (Type: CPU_Intensive) arriva in 2.69
--- [2.69] Task 5 using SearchNode Policy: v1_heuristic ---
[5] Filtro euristico: DTS-TMAX
[2.69] [Task 5] Routed STARLINK-31283 -> STARLINK-30578 | E_NET=0.000014 J | Remaining=80000.00 J
[2.689] Task 5 enqueued on CPU STARLINK-30578 qlen_enqueue=1
[MODE: BIDIRECTIONAL]
[4][GREEDY] CONSEGNATO! STARLINK-11573 [DTC] -> OBS | Tramission-time: 4.217475688021202e-10
---> Task 6 (Type: CPU_and_Data_Intensive) arriva in 2.79
--- [2.79] Task 6 using SearchNode Policy: v1_heuristic ---
[6] Filtro euristico: DTS-TMAX
[2.79] [Task 6] Routed STARLINK-32475 -> STARLINK-5936 | E_NET=0.000194 J | Remaining=80000.00 J
[2.788] Task 6 enqueued on CPU STARLINK-5936 qlen_enqueue=1
---> Task 7 (Type: Generic_Service) arriva in 2.82
--- [2.82] Task 7 using SearchNode Policy: v1_heuristic ---
[7] Filtro euristico: DTS-TMAX
[2.82] [Task 7] Routed STARLINK-31283 -> STARLINK-6192 | E_NET=0.000031 J | Remaining=80000.00 J
[2.818] Task 7 enqueued on CPU STARLINK-6192 qlen_enqueue=1
[Task 7] Task eseguito su STARLINK-6192 76.20360358368704 degrees | CPU=5.0683J, NET=0.0000J, TOTAL=5.0684J, Remaining=79655.87J
[2.826] Task 7 served on STARLINK-6192 qlen_enqueue_cpu=1 qlen_enqueue_net=None time_in_queue=0.000
[Task 5] Task eseguito su STARLINK-30578 83.77224798297394 degrees | CPU=127.7179J, NET=0.0000J, TOTAL=127.7179J, Remaining=79872.28J
[2.850] Task 5 served on STARLINK-30578 qlen_enqueue_cpu=1 qlen_enqueue_net=None time_in_queue=0.000
[5][GREEDY] STARLINK-30578 -> STARLINK-11573 [DTC] | Tramission-time: 0.000939918740811665
[5] Energy routing consumed by STARLINK-30578: 0.000000 J (remaining 79872.28)
[7][GREEDY] STARLINK-6192 -> STARLINK-11573 [DTC] | Tramission-time: 0.0011374950752581123
[7] Energy routing consumed by STARLINK-6192: 0.000000 J (remaining 79655.87)
[2.915] Task 6 enqueued on NET STARLINK-5936 qlen_enqueue_net=1
[Task 6] Task eseguito su STARLINK-5936 66.71366533692026 degrees | CPU=101.5175J, NET=0.0002J, TOTAL=101.5177J, Remaining=79898.48J
[2.915] Task 6 served on STARLINK-5936 qlen_enqueue_cpu=1 qlen_enqueue_net=1 time_in_queue=0.000
[MODE: BIDIRECTIONAL]
[5][GREEDY] CONSEGNATO! STARLINK-11573 [DTC] -> OBS | Tramission-time: 1.3149411651373172e-11
[6][GREEDY] STARLINK-5936 -> STARLINK-11573 [DTC] | Tramission-time: 0.0012483043094080088
[6] Energy routing consumed by STARLINK-5936: 0.000000 J (remaining 79898.48)
[MODE: BIDIRECTIONAL]
[7][GREEDY] CONSEGNATO! STARLINK-11573 [DTC] -> OBS | Tramission-time: 2.3540806013033572e-11
[MODE: BIDIRECTIONAL]
[6][GREEDY] CONSEGNATO! STARLINK-11573 [DTC] -> OBS | Tramission-time: 1.5486900392954636e-10
---> Task 8 (Type: Generic_Service) arriva in 3.26
--- [3.26] Task 8 using SearchNode Policy: v1_heuristic ---
[8] Filtro euristico: DTS-TMAX
[3.26] [Task 8] Routed STARLINK-31283 -> STARLINK-34972 | E_NET=0.000008 J | Remaining=80000.00 J
[3.257] Task 8 enqueued on CPU STARLINK-34972 qlen_enqueue=1
[Task 8] Task eseguito su STARLINK-34972 51.45985223698561 degrees | CPU=55.6959J, NET=0.0000J, TOTAL=55.6959J, Remaining=79944.30J
[3.328] Task 8 served on STARLINK-34972 qlen_enqueue_cpu=1 qlen_enqueue_net=None time_in_queue=0.000
---> Task 9 (Type: Generic_Service) arriva in 3.36
--- [3.36] Task 9 using SearchNode Policy: v1_heuristic ---
[9] Filtro euristico: DTS-TMAX
[3.36] [Task 9] Routed STARLINK-31283 -> STARLINK-32475 | E_NET=0.000020 J | Remaining=80000.00 J
[3.365] Task 9 enqueued on CPU STARLINK-32475 qlen_enqueue=1
[Task 9] Task eseguito su STARLINK-32475 74.58187674339476 degrees | CPU=6.1726J, NET=0.0000J, TOTAL=6.1727J, Remaining=79993.83J
[3.375] Task 9 served on STARLINK-32475 qlen_enqueue_cpu=1 qlen_enqueue_net=None time_in_queue=0.000
[MODE: BIDIRECTIONAL]
[9][GREEDY] CONSEGNATO! STARLINK-32475 -> OBS | Tramission-time: 1.775455489197493e-11
[8][GREEDY] STARLINK-34972 -> STARLINK-11573 [DTC] | Tramission-time: 0.0019902407501506017
[8] Energy routing consumed by STARLINK-34972: 0.000000 J (remaining 79944.30)
[MODE: BIDIRECTIONAL]
[8][GREEDY] CONSEGNATO! STARLINK-11573 [DTC] -> OBS | Tramission-time: 6.772737018322921e-12
---> Task 10 (Type: CPU_Intensive) arriva in 3.68
--- [3.68] Task 10 using SearchNode Policy: v1_heuristic ---
[10] Filtro euristico: DTS-TMAX
[3.68] [Task 10] Routed STARLINK-31283 -> STARLINK-31866 | E_NET=0.000035 J | Remaining=80000.00 J
[3.680] Task 10 enqueued on CPU STARLINK-31866 qlen_enqueue=1
----------------------------------------------------------------------
	||TIME IN SIMULATION : (seconds:4) (minutes: 0) ||

MODIFICA CONFIGURAZIONE IN CORSO...

Aggiornato il Tempo Globale:  2025-11-20 20:55:18
---> Task 11 (Type: Generic_Service) arriva in 4.06
--- [4.06] Task 11 using SearchNode Policy: v1_heuristic ---
[11] Filtro euristico: DTS-TMAX
[4.06] [Task 11] Routed STARLINK-31283 -> STARLINK-30578 | E_NET=0.000017 J | Remaining=80000.00 J
[4.056] Task 11 enqueued on CPU STARLINK-30578 qlen_enqueue=1
[Task 11] Task eseguito su STARLINK-30578 85.03445273524422 degrees | CPU=5.9602J, NET=0.0000J, TOTAL=5.9602J, Remaining=79866.32J
[4.065] Task 11 served on STARLINK-30578 qlen_enqueue_cpu=1 qlen_enqueue_net=None time_in_queue=0.000
[11][GREEDY] STARLINK-30578 -> STARLINK-11573 [DTC] | Tramission-time: 0.0009375444805051246
[11] Energy routing consumed by STARLINK-30578: 0.000000 J (remaining 79866.32)
[MODE: BIDIRECTIONAL]
[11][GREEDY] CONSEGNATO! STARLINK-11573 [DTC] -> OBS | Tramission-time: 1.6039513979834504e-11
---> Task 12 (Type: Generic_Service) arriva in 4.25
--- [4.25] Task 12 using SearchNode Policy: v1_heuristic ---
[12] Filtro euristico: DTS-TMAX
[4.25] [Task 12] Routed STARLINK-31283 -> STARLINK-30522 | E_NET=0.000022 J | Remaining=80000.00 J
[4.253] Task 12 enqueued on CPU STARLINK-30522 qlen_enqueue=1
[Task 12] Task eseguito su STARLINK-30522 75.48639813863444 degrees | CPU=22.7725J, NET=0.0000J, TOTAL=22.7725J, Remaining=79977.23J
[4.284] Task 12 served on STARLINK-30522 qlen_enqueue_cpu=1 qlen_enqueue_net=None time_in_queue=0.000
[12][GREEDY] STARLINK-30522 -> STARLINK-11573 [DTC] | Tramission-time: 0.0007702457473383128
[12] Energy routing consumed by STARLINK-30522: 0.000000 J (remaining 79977.23)
[MODE: BIDIRECTIONAL]
[12][GREEDY] CONSEGNATO! STARLINK-11573 [DTC] -> OBS | Tramission-time: 2.3531665882449457e-11
---> Task 13 (Type: Generic_Service) arriva in 4.61
--- [4.61] Task 13 using SearchNode Policy: v1_heuristic ---
[13] Filtro euristico: DTS-TMAX
[Task 13] Nessun server rimasto dopo i filtri (deadline/sunset).
[Task 13] REJECTED on STARLINK-31283 due to: No suitable server found after deadline/sunset filters
---> Task 14 (Type: Generic_Service) arriva in 4.68
--- [4.68] Task 14 using SearchNode Policy: v1_heuristic ---
[14] Filtro euristico: DTS-TMAX
[4.68] [Task 14] Routed STARLINK-31283 -> STARLINK-6246 | E_NET=0.000008 J | Remaining=80000.00 J
[4.677] Task 14 enqueued on CPU STARLINK-6246 qlen_enqueue=1
[Task 14] Task eseguito su STARLINK-6246 52.5956409719713 degrees | CPU=24.8474J, NET=0.0000J, TOTAL=24.8474J, Remaining=79975.15J
[4.709] Task 14 served on STARLINK-6246 qlen_enqueue_cpu=1 qlen_enqueue_net=None time_in_queue=0.000
[14][GREEDY] STARLINK-6246 -> STARLINK-11573 [DTC] | Tramission-time: 0.002085350298429633
[14] Energy routing consumed by STARLINK-6246: 0.000000 J (remaining 79975.15)
[MODE: BIDIRECTIONAL]
[14][GREEDY] CONSEGNATO! STARLINK-11573 [DTC] -> OBS | Tramission-time: 8.773149652561998e-12
---> Task 15 (Type: Generic_Service) arriva in 5.07
--- [5.07] Task 15 using SearchNode Policy: v1_heuristic ---
[15] Filtro euristico: DTS-TMAX
[5.07] [Task 15] Routed STARLINK-31283 -> STARLINK-30971 | E_NET=0.000031 J | Remaining=80000.00 J
[5.073] Task 15 enqueued on CPU STARLINK-30971 qlen_enqueue=1
[Task 15] Task eseguito su STARLINK-30971 47.360587355924565 degrees | CPU=21.6965J, NET=0.0000J, TOTAL=21.6965J, Remaining=79978.30J
[5.102] Task 15 served on STARLINK-30971 qlen_enqueue_cpu=1 qlen_enqueue_net=None time_in_queue=0.000
[15][GREEDY] STARLINK-30971 -> STARLINK-11573 [DTC] | Tramission-time: 0.002128026572142844
[15] Energy routing consumed by STARLINK-30971: 0.000000 J (remaining 79978.30)
---> Task 16 (Type: CPU_Intensive) arriva in 5.20
--- [5.20] Task 16 using SearchNode Policy: v1_heuristic ---
[16] Filtro euristico: DTS-TMAX
[5.20] [Task 16] Routed STARLINK-31283 -> STARLINK-5968 | E_NET=0.000027 J | Remaining=80000.00 J
[5.203] Task 16 enqueued on CPU STARLINK-5968 qlen_enqueue=1
[MODE: BIDIRECTIONAL]
[15][GREEDY] CONSEGNATO! STARLINK-11573 [DTC] -> OBS | Tramission-time: 2.5845155568006727e-11
---> Task 17 (Type: CPU_and_Data_Intensive) arriva in 5.42
--- [5.42] Task 17 using SearchNode Policy: v1_heuristic ---
[17] Filtro euristico: DTS-TMAX
[5.42] [Task 17] Routed STARLINK-31283 -> STARLINK-31751 | E_NET=0.000646 J | Remaining=80000.00 J
[5.426] Task 17 enqueued on CPU STARLINK-31751 qlen_enqueue=1
[Task 10] Task eseguito su STARLINK-31866 56.110548482786896 degrees | CPU=1451.9445J, NET=0.0000J, TOTAL=1451.9445J, Remaining=78548.06J
[5.500] Task 10 served on STARLINK-31866 qlen_enqueue_cpu=1 qlen_enqueue_net=None time_in_queue=0.000
[10][GREEDY] STARLINK-31866 -> STARLINK-11573 [DTC] | Tramission-time: 0.0013399126783046004
[10] Energy routing consumed by STARLINK-31866: 0.000000 J (remaining 78548.06)
[MODE: BIDIRECTIONAL]
[10][GREEDY] CONSEGNATO! STARLINK-11573 [DTC] -> OBS | Tramission-time: 2.6934679444676578e-11
----------------------------------------------------------------------
	||TIME IN SIMULATION : (seconds:6) (minutes: 0) ||

MODIFICA CONFIGURAZIONE IN CORSO...

Aggiornato il Tempo Globale:  2025-11-20 20:55:20
[6.233] Task 17 enqueued on NET STARLINK-31751 qlen_enqueue_net=1
[Task 17] Task eseguito su STARLINK-31751 40.760341372075914 degrees | CPU=644.8160J, NET=0.0009J, TOTAL=644.8168J, Remaining=79355.18J
[6.234] Task 17 served on STARLINK-31751 qlen_enqueue_cpu=1 qlen_enqueue_net=1 time_in_queue=0.000
---> Task 18 (Type: Generic_Service) arriva in 6.26
--- [6.26] Task 18 using SearchNode Policy: v1_heuristic ---
[18] Filtro euristico: DTS-TMAX
[6.26] [Task 18] Routed STARLINK-2116 -> STARLINK-30872 | E_NET=0.000009 J | Remaining=80000.00 J
[6.262] Task 18 enqueued on CPU STARLINK-30872 qlen_enqueue=1
[Task 18] Task eseguito su STARLINK-30872 55.393660850228635 degrees | CPU=11.2407J, NET=0.0000J, TOTAL=11.2407J, Remaining=79988.76J
[6.277] Task 18 served on STARLINK-30872 qlen_enqueue_cpu=1 qlen_enqueue_net=None time_in_queue=0.000
[18][GREEDY] STARLINK-30872 -> STARLINK-11573 [DTC] | Tramission-time: 0.0007599424526756637
[18] Energy routing consumed by STARLINK-30872: 0.000000 J (remaining 79988.76)
[17][GREEDY] STARLINK-31751 -> STARLINK-32475 | Tramission-time: 0.0017955978919274897
[17] Energy routing consumed by STARLINK-31751: 0.000000 J (remaining 79355.18)
[Task 16] Task eseguito su STARLINK-5968 72.95555443367057 degrees | CPU=896.3995J, NET=0.0000J, TOTAL=896.3995J, Remaining=79103.60J
[6.327] Task 16 served on STARLINK-5968 qlen_enqueue_cpu=1 qlen_enqueue_net=None time_in_queue=0.000
[MODE: BIDIRECTIONAL]
[18][GREEDY] CONSEGNATO! STARLINK-11573 [DTC] -> OBS | Tramission-time: 7.788256163398451e-12
[MODE: BIDIRECTIONAL]
[17][GREEDY] CONSEGNATO! STARLINK-32475 -> OBS | Tramission-time: 7.665876388787182e-10
[16][GREEDY] STARLINK-5968 -> STARLINK-11573 [DTC] | Tramission-time: 0.0007186154421591393
[16] Energy routing consumed by STARLINK-5968: 0.000000 J (remaining 79103.60)
[MODE: BIDIRECTIONAL]
[16][GREEDY] CONSEGNATO! STARLINK-11573 [DTC] -> OBS | Tramission-time: 2.7672158125748945e-11
---> Task 19 (Type: CPU_and_Data_Intensive) arriva in 7.30
--- [7.30] Task 19 using SearchNode Policy: v1_heuristic ---
[19] Filtro euristico: DTS-TMAX
[7.30] [Task 19] Routed STARLINK-2116 -> STARLINK-4438 | E_NET=0.000541 J | Remaining=80000.00 J
[7.305] Task 19 enqueued on CPU STARLINK-4438 qlen_enqueue=1
---> Task 20 (Type: CPU_Intensive) arriva in 7.60
--- [7.60] Task 20 using SearchNode Policy: v1_heuristic ---
[20] Filtro euristico: DTS-TMAX
[7.60] [Task 20] Routed STARLINK-31283 -> STARLINK-5520 | E_NET=0.000035 J | Remaining=80000.00 J
[7.606] Task 20 enqueued on CPU STARLINK-5520 qlen_enqueue=1
[Task 20] Task eseguito su STARLINK-5520 43.99527080322353 degrees | CPU=226.0581J, NET=0.0000J, TOTAL=226.0582J, Remaining=79773.94J
[7.892] Task 20 served on STARLINK-5520 qlen_enqueue_cpu=1 qlen_enqueue_net=None time_in_queue=0.000
[20][GREEDY] STARLINK-5520 -> STARLINK-32475 | Tramission-time: 0.0018004227472279645
[20] Energy routing consumed by STARLINK-5520: 0.000000 J (remaining 79773.94)
[7.946] Task 19 enqueued on NET STARLINK-4438 qlen_enqueue_net=1
[Task 19] Task eseguito su STARLINK-4438 49.40531803874697 degrees | CPU=511.7973J, NET=0.0008J, TOTAL=511.7981J, Remaining=79488.20J
[7.947] Task 19 served on STARLINK-4438 qlen_enqueue_cpu=1 qlen_enqueue_net=1 time_in_queue=0.000
----------------------------------------------------------------------
	||TIME IN SIMULATION : (seconds:8) (minutes: 0) ||

MODIFICA CONFIGURAZIONE IN CORSO...

Aggiornato il Tempo Globale:  2025-11-20 20:55:22
[MODE: BIDIRECTIONAL]
[20][GREEDY] CONSEGNATO! STARLINK-32475 -> OBS | Tramission-time: 2.620311329819407e-11
[19][GREEDY] STARLINK-4438 -> STARLINK-11573 [DTC] | Tramission-time: 0.0011380925303745013
[19] Energy routing consumed by STARLINK-4438: 0.000000 J (remaining 79488.20)
---> Task 21 (Type: Generic_Service) arriva in 8.04
--- [8.04] Task 21 using SearchNode Policy: v1_heuristic ---
[21] Filtro euristico: DTS-TMAX
[8.04] [Task 21] Routed STARLINK-31283 -> STARLINK-6192 | E_NET=0.000031 J | Remaining=80000.00 J
[8.043] Task 21 enqueued on CPU STARLINK-6192 qlen_enqueue=1
[Task 21] Task eseguito su STARLINK-6192 80.42062351939225 degrees | CPU=4.3172J, NET=0.0000J, TOTAL=4.3173J, Remaining=79651.55J
[8.051] Task 21 served on STARLINK-6192 qlen_enqueue_cpu=1 qlen_enqueue_net=None time_in_queue=0.000
[MODE: BIDIRECTIONAL]
[19][GREEDY] CONSEGNATO! STARLINK-11573 [DTC] -> OBS | Tramission-time: 6.918440782344908e-10
[21][GREEDY] STARLINK-6192 -> STARLINK-11573 [DTC] | Tramission-time: 0.001131164020449638
[21] Energy routing consumed by STARLINK-6192: 0.000000 J (remaining 79651.55)
[MODE: BIDIRECTIONAL]
[21][GREEDY] CONSEGNATO! STARLINK-11573 [DTC] -> OBS | Tramission-time: 2.4548521701243687e-11
---> Task 22 (Type: CPU_Intensive) arriva in 8.46
--- [8.46] Task 22 using SearchNode Policy: v1_heuristic ---
[22] Filtro euristico: DTS-TMAX
[8.46] [Task 22] Routed STARLINK-31283 -> STARLINK-31018 | E_NET=0.000014 J | Remaining=80000.00 J
[8.466] Task 22 enqueued on CPU STARLINK-31018 qlen_enqueue=1
[Task 22] Task eseguito su STARLINK-31018 58.09588296300829 degrees | CPU=244.6261J, NET=0.0000J, TOTAL=244.6261J, Remaining=79755.37J
[8.774] Task 22 served on STARLINK-31018 qlen_enqueue_cpu=1 qlen_enqueue_net=None time_in_queue=0.000
[22][GREEDY] STARLINK-31018 -> STARLINK-11573 [DTC] | Tramission-time: 0.0010870463197588456
[22] Energy routing consumed by STARLINK-31018: 0.000000 J (remaining 79755.37)
---> Task 23 (Type: Generic_Service) arriva in 8.91
--- [8.91] Task 23 using SearchNode Policy: v1_heuristic ---
[23] Filtro euristico: DTS-TMAX
[8.91] [Task 23] Routed STARLINK-31283 -> STARLINK-6192 | E_NET=0.000024 J | Remaining=80000.00 J
[8.911] Task 23 enqueued on CPU STARLINK-6192 qlen_enqueue=1
[Task 23] Task eseguito su STARLINK-6192 80.42062351939225 degrees | CPU=3.8059J, NET=0.0000J, TOTAL=3.8059J, Remaining=79647.75J
[8.918] Task 23 served on STARLINK-6192 qlen_enqueue_cpu=1 qlen_enqueue_net=None time_in_queue=0.000
[MODE: BIDIRECTIONAL]
[22][GREEDY] CONSEGNATO! STARLINK-11573 [DTC] -> OBS | Tramission-time: 1.1080999413568383e-11
[23][GREEDY] STARLINK-6192 -> STARLINK-11573 [DTC] | Tramission-time: 0.00113116400881184
[23] Energy routing consumed by STARLINK-6192: 0.000000 J (remaining 79647.75)
[MODE: BIDIRECTIONAL]
[23][GREEDY] CONSEGNATO! STARLINK-11573 [DTC] -> OBS | Tramission-time: 2.525127930968801e-11
---> Task 24 (Type: Generic_Service) arriva in 9.99
--- [9.99] Task 24 using SearchNode Policy: v1_heuristic ---
[24] Filtro euristico: DTS-TMAX
[9.99] [Task 24] Routed STARLINK-31283 -> STARLINK-30297 | E_NET=0.000032 J | Remaining=80000.00 J
[9.995] Task 24 enqueued on CPU STARLINK-30297 qlen_enqueue=1
----------------------------------------------------------------------
	||TIME IN SIMULATION : (seconds:10) (minutes: 0) ||

MODIFICA CONFIGURAZIONE IN CORSO...

Aggiornato il Tempo Globale:  2025-11-20 20:55:24
[Task 24] Task eseguito su STARLINK-30297 45.46503439584691 degrees | CPU=37.9806J, NET=0.0000J, TOTAL=37.9807J, Remaining=79962.02J
[10.045] Task 24 served on STARLINK-30297 qlen_enqueue_cpu=1 qlen_enqueue_net=None time_in_queue=0.000
[24][GREEDY] STARLINK-30297 -> STARLINK-11573 [DTC] | Tramission-time: 0.0018605856845946606
[24] Energy routing consumed by STARLINK-30297: 0.000000 J (remaining 79962.02)
[MODE: BIDIRECTIONAL]
[24][GREEDY] CONSEGNATO! STARLINK-11573 [DTC] -> OBS | Tramission-time: 2.9770360496219425e-11
---> Task 25 (Type: CPU_Intensive) arriva in 10.47
--- [10.47] Task 25 using SearchNode Policy: v1_heuristic ---
[25] Filtro euristico: DTS-TMAX
[10.47] [Task 25] Routed STARLINK-31283 -> STARLINK-4473 | E_NET=0.000009 J | Remaining=80000.00 J
[10.475] Task 25 enqueued on CPU STARLINK-4473 qlen_enqueue=1
---> Task 26 (Type: Generic_Service) arriva in 10.73
--- [10.73] Task 26 using SearchNode Policy: v1_heuristic ---
[26] Filtro euristico: DTS-TMAX
[10.73] [Task 26] Routed STARLINK-31283 -> STARLINK-1068 | E_NET=0.000018 J | Remaining=80000.00 J
[10.730] Task 26 enqueued on CPU STARLINK-1068 qlen_enqueue=1
[Task 26] Task eseguito su STARLINK-1068 40.298043455031824 degrees | CPU=32.3786J, NET=0.0000J, TOTAL=32.3786J, Remaining=79967.62J
[10.772] Task 26 served on STARLINK-1068 qlen_enqueue_cpu=1 qlen_enqueue_net=None time_in_queue=0.000
[26][GREEDY] STARLINK-1068 -> STARLINK-31283 | Tramission-time: 0.0017174499483164974
[26] Energy routing consumed by STARLINK-1068: 0.000000 J (remaining 79967.62)
[MODE: BIDIRECTIONAL]
[26][GREEDY] CONSEGNATO! STARLINK-31283 -> OBS | Tramission-time: 1.5249992646670065e-11
---> Task 27 (Type: Generic_Service) arriva in 11.25
--- [11.25] Task 27 using SearchNode Policy: v1_heuristic ---
[27] Filtro euristico: DTS-TMAX
[11.25] [Task 27] Routed STARLINK-31283 -> STARLINK-31235 | E_NET=0.000009 J | Remaining=80000.00 J
[11.248] Task 27 enqueued on CPU STARLINK-31235 qlen_enqueue=1
[Task 27] Task eseguito su STARLINK-31235 48.40174274848211 degrees | CPU=43.0302J, NET=0.0000J, TOTAL=43.0302J, Remaining=79956.97J
[11.303] Task 27 served on STARLINK-31235 qlen_enqueue_cpu=1 qlen_enqueue_net=None time_in_queue=0.000
[27][GREEDY] STARLINK-31235 -> STARLINK-11573 [DTC] | Tramission-time: 0.0013094276453241016
[27] Energy routing consumed by STARLINK-31235: 0.000000 J (remaining 79956.97)
---> Task 28 (Type: Generic_Service) arriva in 11.37
--- [11.37] Task 28 using SearchNode Policy: v1_heuristic ---
[28] Filtro euristico: DTS-TMAX
[11.37] [Task 28] Routed STARLINK-2116 -> STARLINK-2319 | E_NET=0.000033 J | Remaining=80000.00 J
[11.372] Task 28 enqueued on CPU STARLINK-2319 qlen_enqueue=1
[Task 28] Task eseguito su STARLINK-2319 46.83248004583269 degrees | CPU=30.3189J, NET=0.0000J, TOTAL=30.3189J, Remaining=79969.68J
[11.412] Task 28 served on STARLINK-2319 qlen_enqueue_cpu=1 qlen_enqueue_net=None time_in_queue=0.000
[MODE: BIDIRECTIONAL]
[27][GREEDY] CONSEGNATO! STARLINK-11573 [DTC] -> OBS | Tramission-time: 7.752939979525582e-12
[28][GREEDY] STARLINK-2319 -> STARLINK-11573 [DTC] | Tramission-time: 0.0014256678805971386
[28] Energy routing consumed by STARLINK-2319: 0.000000 J (remaining 79969.68)
[Task 25] Task eseguito su STARLINK-4473 56.08359894655361 degrees | CPU=779.8055J, NET=0.0000J, TOTAL=779.8055J, Remaining=79220.19J
[11.451] Task 25 served on STARLINK-4473 qlen_enqueue_cpu=1 qlen_enqueue_net=None time_in_queue=0.000
[MODE: BIDIRECTIONAL]
[28][GREEDY] CONSEGNATO! STARLINK-11573 [DTC] -> OBS | Tramission-time: 2.6746134810599647e-11
[25][GREEDY] STARLINK-4473 -> STARLINK-11573 [DTC] | Tramission-time: 0.0013732961710476806
[25] Energy routing consumed by STARLINK-4473: 0.000000 J (remaining 79220.19)
---> Task 29 (Type: CPU_Intensive) arriva in 11.58
--- [11.58] Task 29 using SearchNode Policy: v1_heuristic ---
[29] Filtro euristico: DTS-TMAX
[11.58] [Task 29] Routed STARLINK-31283 -> STARLINK-2717 | E_NET=0.000017 J | Remaining=80000.00 J
[11.585] Task 29 enqueued on CPU STARLINK-2717 qlen_enqueue=1
[MODE: BIDIRECTIONAL]
[25][GREEDY] CONSEGNATO! STARLINK-11573 [DTC] -> OBS | Tramission-time: 7.534161414198303e-12
[Task 29] Task eseguito su STARLINK-2717 50.65534211845597 degrees | CPU=75.8052J, NET=0.0000J, TOTAL=75.8052J, Remaining=79924.19J
[11.681] Task 29 served on STARLINK-2717 qlen_enqueue_cpu=1 qlen_enqueue_net=None time_in_queue=0.000
[29][GREEDY] STARLINK-2717 -> STARLINK-11573 [DTC] | Tramission-time: 0.0015302552551837928
[29] Energy routing consumed by STARLINK-2717: 0.000000 J (remaining 79924.19)
[MODE: BIDIRECTIONAL]
[29][GREEDY] CONSEGNATO! STARLINK-11573 [DTC] -> OBS | Tramission-time: 1.689629931254641e-11
----------------------------------------------------------------------
	||TIME IN SIMULATION : (seconds:12) (minutes: 0) ||

MODIFICA CONFIGURAZIONE IN CORSO...

Aggiornato il Tempo Globale:  2025-11-20 20:55:26
---> Task 30 (Type: CPU_and_Data_Intensive) arriva in 12.15
--- [12.15] Task 30 using SearchNode Policy: v1_heuristic ---
[30] Filtro euristico: DTS-TMAX
[12.15] [Task 30] Routed STARLINK-31283 -> STARLINK-33663 | E_NET=0.004916 J | Remaining=79999.99 J
[12.152] Task 30 enqueued on CPU STARLINK-33663 qlen_enqueue=1
[12.205] Task 30 enqueued on NET STARLINK-33663 qlen_enqueue_net=1
[Task 30] Task eseguito su STARLINK-33663 40.02025633912592 degrees | CPU=42.5263J, NET=0.0055J, TOTAL=42.5318J, Remaining=79957.47J
[12.211] Task 30 served on STARLINK-33663 qlen_enqueue_cpu=1 qlen_enqueue_net=1 time_in_queue=0.000
[30][GREEDY] STARLINK-33663 -> STARLINK-31283 | Tramission-time: 0.001518646927197359
[30] Energy routing consumed by STARLINK-33663: 0.000000 J (remaining 79957.47)
[MODE: BIDIRECTIONAL]
[30][GREEDY] CONSEGNATO! STARLINK-31283 -> OBS | Tramission-time: 4.684019813637415e-09
----------------------------------------------------------------------
	||TIME IN SIMULATION : (seconds:14) (minutes: 0) ||

MODIFICA CONFIGURAZIONE IN CORSO...

Aggiornato il Tempo Globale:  2025-11-20 20:55:28
---> Task 31 (Type: Generic_Service) arriva in 14.12
--- [14.12] Task 31 using SearchNode Policy: v1_heuristic ---
[31] Filtro euristico: DTS-TMAX
[14.12] [Task 31] Routed STARLINK-2116 -> STARLINK-30299 | E_NET=0.000013 J | Remaining=80000.00 J
[14.118] Task 31 enqueued on CPU STARLINK-30299 qlen_enqueue=1
[Task 31] Task eseguito su STARLINK-30299 41.93076710523081 degrees | CPU=45.7370J, NET=0.0000J, TOTAL=45.7370J, Remaining=79954.26J
[14.176] Task 31 served on STARLINK-30299 qlen_enqueue_cpu=1 qlen_enqueue_net=None time_in_queue=0.000
[31][GREEDY] STARLINK-30299 -> STARLINK-11573 [DTC] | Tramission-time: 0.0017415280472206265
[31] Energy routing consumed by STARLINK-30299: 0.000000 J (remaining 79954.26)
[MODE: BIDIRECTIONAL]
[31][GREEDY] CONSEGNATO! STARLINK-11573 [DTC] -> OBS | Tramission-time: 8.45780879551421e-12
---> Task 32 (Type: CPU_Intensive) arriva in 14.49
--- [14.49] Task 32 using SearchNode Policy: v1_heuristic ---
[32] Filtro euristico: DTS-TMAX
[Task 32] Nessun server rimasto dopo i filtri (deadline/sunset).
[Task 32] REJECTED on STARLINK-2116 due to: No suitable server found after deadline/sunset filters
---> Task 33 (Type: CPU_Intensive) arriva in 15.34
--- [15.34] Task 33 using SearchNode Policy: v1_heuristic ---
[33] Filtro euristico: DTS-TMAX
[15.34] [Task 33] Routed STARLINK-2116 -> STARLINK-11573 [DTC] | E_NET=0.000015 J | Remaining=80000.00 J
[15.344] Task 33 enqueued on CPU STARLINK-11573 [DTC] qlen_enqueue=1
[Task 33] Task eseguito su STARLINK-11573 [DTC] 57.50368726784176 degrees | CPU=71.8599J, NET=0.0000J, TOTAL=71.8599J, Remaining=79928.14J
[15.435] Task 33 served on STARLINK-11573 [DTC] qlen_enqueue_cpu=1 qlen_enqueue_net=None time_in_queue=0.000
[MODE: BIDIRECTIONAL]
[33][GREEDY] CONSEGNATO! STARLINK-11573 [DTC] -> OBS | Tramission-time: 1.2055825247119465e-11
----------------------------------------------------------------------
	||TIME IN SIMULATION : (seconds:16) (minutes: 0) ||

MODIFICA CONFIGURAZIONE IN CORSO...

Aggiornato il Tempo Globale:  2025-11-20 20:55:30
---> Task 34 (Type: Generic_Service) arriva in 16.22
--- [16.22] Task 34 using SearchNode Policy: v1_heuristic ---
[34] Filtro euristico: DTS-TMAX
[16.22] [Task 34] Routed STARLINK-2116 -> STARLINK-31283 | E_NET=0.000034 J | Remaining=80000.00 J
[16.225] Task 34 enqueued on CPU STARLINK-31283 qlen_enqueue=1
[Task 34] Task eseguito su STARLINK-31283 78.33692476447507 degrees | CPU=89.8600J, NET=0.0000J, TOTAL=89.8600J, Remaining=79910.13J
[16.340] Task 34 served on STARLINK-31283 qlen_enqueue_cpu=1 qlen_enqueue_net=None time_in_queue=0.000
[MODE: BIDIRECTIONAL]
[34][GREEDY] CONSEGNATO! STARLINK-31283 -> OBS | Tramission-time: 2.791857247465276e-11
---> Task 35 (Type: CPU_Intensive) arriva in 17.04
--- [17.04] Task 35 using SearchNode Policy: v1_heuristic ---
[35] Filtro euristico: DTS-TMAX
[17.04] [Task 35] Routed STARLINK-2116 -> STARLINK-32475 | E_NET=0.000022 J | Remaining=80000.00 J
[17.039] Task 35 enqueued on CPU STARLINK-32475 qlen_enqueue=1
[Task 35] Task eseguito su STARLINK-32475 65.14325293017599 degrees | CPU=448.6204J, NET=0.0000J, TOTAL=448.6204J, Remaining=79545.21J
[17.602] Task 35 served on STARLINK-32475 qlen_enqueue_cpu=1 qlen_enqueue_net=None time_in_queue=0.000
[MODE: BIDIRECTIONAL]
[35][GREEDY] CONSEGNATO! STARLINK-32475 -> OBS | Tramission-time: 2.6916614271882034e-11
----------------------------------------------------------------------
	||TIME IN SIMULATION : (seconds:18) (minutes: 0) ||

MODIFICA CONFIGURAZIONE IN CORSO...

Aggiornato il Tempo Globale:  2025-11-20 20:55:32
---> Task 36 (Type: CPU_Intensive) arriva in 18.52
--- [18.52] Task 36 using SearchNode Policy: v1_heuristic ---
[36] Filtro euristico: DTS-TMAX
[18.52] [Task 36] Routed STARLINK-2116 -> STARLINK-30872 | E_NET=0.000015 J | Remaining=80000.00 J
[18.522] Task 36 enqueued on CPU STARLINK-30872 qlen_enqueue=1
---> Task 37 (Type: CPU_Intensive) arriva in 18.83
--- [18.83] Task 37 using SearchNode Policy: v1_heuristic ---
[37] Filtro euristico: DTS-TMAX
[18.83] [Task 37] Routed STARLINK-2116 -> STARLINK-3127 | E_NET=0.000021 J | Remaining=80000.00 J
[18.831] Task 37 enqueued on CPU STARLINK-3127 qlen_enqueue=1
[Task 37] Task eseguito su STARLINK-3127 71.02911599800022 degrees | CPU=20.7712J, NET=0.0000J, TOTAL=20.7713J, Remaining=79965.69J
[18.858] Task 37 served on STARLINK-3127 qlen_enqueue_cpu=1 qlen_enqueue_net=None time_in_queue=0.000
[37][GREEDY] STARLINK-3127 -> STARLINK-11573 [DTC] | Tramission-time: 0.0013781602997847743
[37] Energy routing consumed by STARLINK-3127: 0.000000 J (remaining 79965.69)
[MODE: BIDIRECTIONAL]
[37][GREEDY] CONSEGNATO! STARLINK-11573 [DTC] -> OBS | Tramission-time: 2.5911189619061633e-11
[Task 36] Task eseguito su STARLINK-30872 48.84297339518674 degrees | CPU=532.8278J, NET=0.0000J, TOTAL=532.8278J, Remaining=79455.93J
[19.190] Task 36 served on STARLINK-30872 qlen_enqueue_cpu=1 qlen_enqueue_net=None time_in_queue=0.000
[36][GREEDY] STARLINK-30872 -> STARLINK-11573 [DTC] | Tramission-time: 0.0007488830419954012
[36] Energy routing consumed by STARLINK-30872: 0.000000 J (remaining 79455.93)
[MODE: BIDIRECTIONAL]
[36][GREEDY] CONSEGNATO! STARLINK-11573 [DTC] -> OBS | Tramission-time: 1.2293093052545869e-11
---> Task 38 (Type: CPU_Intensive) arriva in 19.86
--- [19.86] Task 38 using SearchNode Policy: v1_heuristic ---
[38] Filtro euristico: DTS-TMAX
[19.86] [Task 38] Routed STARLINK-2116 -> STARLINK-30971 | E_NET=0.000024 J | Remaining=80000.00 J
[19.860] Task 38 enqueued on CPU STARLINK-30971 qlen_enqueue=1
----------------------------------------------------------------------
	||TIME IN SIMULATION : (seconds:20) (minutes: 0) ||

MODIFICA CONFIGURAZIONE IN CORSO...

Aggiornato il Tempo Globale:  2025-11-20 20:55:34
---> Task 39 (Type: Generic_Service) arriva in 20.27
--- [20.27] Task 39 using SearchNode Policy: v1_heuristic ---
[39] Filtro euristico: DTS-TMAX
[20.27] [Task 39] Routed STARLINK-2116 -> STARLINK-4525 | E_NET=0.000036 J | Remaining=80000.00 J
[20.268] Task 39 enqueued on CPU STARLINK-4525 qlen_enqueue=1
[Task 39] Task eseguito su STARLINK-4525 40.606681795682114 degrees | CPU=18.7864J, NET=0.0000J, TOTAL=18.7865J, Remaining=79981.21J
[20.294] Task 39 served on STARLINK-4525 qlen_enqueue_cpu=1 qlen_enqueue_net=None time_in_queue=0.000
[Task 38] Task eseguito su STARLINK-30971 54.763905719640455 degrees | CPU=367.9947J, NET=0.0000J, TOTAL=367.9947J, Remaining=79610.31J
[20.322] Task 38 served on STARLINK-30971 qlen_enqueue_cpu=1 qlen_enqueue_net=None time_in_queue=0.000
[38][GREEDY] STARLINK-30971 -> STARLINK-11573 [DTC] | Tramission-time: 0.00218049484108725
[38] Energy routing consumed by STARLINK-30971: 0.000000 J (remaining 79610.31)
[39][GREEDY] STARLINK-4525 -> STARLINK-31283 | Tramission-time: 0.002013367810002736
[39] Energy routing consumed by STARLINK-4525: 0.000000 J (remaining 79981.21)
[MODE: BIDIRECTIONAL]
[38][GREEDY] CONSEGNATO! STARLINK-11573 [DTC] -> OBS | Tramission-time: 2.388626971388461e-11
[MODE: BIDIRECTIONAL]
[39][GREEDY] CONSEGNATO! STARLINK-31283 -> OBS | Tramission-time: 3.370081117534454e-11
---> Task 40 (Type: CPU_Intensive) arriva in 20.72
--- [20.72] Task 40 using SearchNode Policy: v1_heuristic ---
[40] Filtro euristico: DTS-TMAX
[20.72] [Task 40] Routed STARLINK-2116 -> STARLINK-4525 | E_NET=0.000008 J | Remaining=80000.00 J
[20.721] Task 40 enqueued on CPU STARLINK-4525 qlen_enqueue=1
---> Task 41 (Type: CPU_and_Data_Intensive) arriva in 21.03
--- [21.03] Task 41 using SearchNode Policy: v1_heuristic ---
[41] Filtro euristico: DTS-TMAX
[21.03] [Task 41] Routed STARLINK-2116 -> STARLINK-30522 | E_NET=0.000579 J | Remaining=80000.00 J
[21.028] Task 41 enqueued on CPU STARLINK-30522 qlen_enqueue=1
---> Task 42 (Type: CPU_Intensive) arriva in 21.06
--- [21.06] Task 42 using SearchNode Policy: v1_heuristic ---
[42] Filtro euristico: DTS-TMAX
[21.06] [Task 42] Routed STARLINK-2116 -> STARLINK-6246 | E_NET=0.000025 J | Remaining=80000.00 J
[21.057] Task 42 enqueued on CPU STARLINK-6246 qlen_enqueue=1
---> Task 43 (Type: CPU_and_Data_Intensive) arriva in 21.22
--- [21.22] Task 43 using SearchNode Policy: v1_heuristic ---
[43] Filtro euristico: DTS-TMAX
[21.22] [Task 43] Routed STARLINK-2116 -> STARLINK-2319 | E_NET=0.061923 J | Remaining=79999.94 J
---> Task 44 (Type: CPU_and_Data_Intensive) arriva in 21.26
--- [21.26] Task 44 using SearchNode Policy: v1_heuristic ---
[44] Filtro euristico: DTS-TMAX
[Task 44] Nessun server rimasto dopo i filtri (deadline/sunset).
[Task 44] REJECTED on STARLINK-2116 due to: No suitable server found after deadline/sunset filters
[21.284] Task 43 enqueued on CPU STARLINK-2319 qlen_enqueue=1
[21.367] Task 41 enqueued on NET STARLINK-30522 qlen_enqueue_net=1
[Task 41] Task eseguito su STARLINK-30522 71.91295080786269 degrees | CPU=270.6360J, NET=0.0006J, TOTAL=270.6367J, Remaining=79706.59J
[21.367] Task 41 served on STARLINK-30522 qlen_enqueue_cpu=1 qlen_enqueue_net=1 time_in_queue=0.000
---> Task 45 (Type: CPU_Intensive) arriva in 21.39
--- [21.39] Task 45 using SearchNode Policy: v1_heuristic ---
[45] Filtro euristico: DTS-TMAX
[21.39] [Task 45] Routed STARLINK-2116 -> STARLINK-3127 | E_NET=0.000005 J | Remaining=79999.94 J
[21.394] Task 45 enqueued on CPU STARLINK-3127 qlen_enqueue=1
---> Task 46 (Type: CPU_Intensive) arriva in 21.44
--- [21.44] Task 46 using SearchNode Policy: v1_heuristic ---
[46] Filtro euristico: DTS-TMAX
[21.44] [Task 46] Routed STARLINK-2116 -> STARLINK-5097 | E_NET=0.000024 J | Remaining=79999.94 J
[21.436] Task 46 enqueued on CPU STARLINK-5097 qlen_enqueue=1
[41][GREEDY] STARLINK-30522 -> STARLINK-11573 [DTC] | Tramission-time: 0.0007788759471024876
[41] Energy routing consumed by STARLINK-30522: 0.000000 J (remaining 79706.59)
[Task 45] Task eseguito su STARLINK-3127 71.66248477686376 degrees | CPU=56.9454J, NET=0.0000J, TOTAL=56.9454J, Remaining=79908.75J
[21.466] Task 45 served on STARLINK-3127 qlen_enqueue_cpu=1 qlen_enqueue_net=None time_in_queue=0.000
---> Task 47 (Type: CPU_and_Data_Intensive) arriva in 21.55
--- [21.55] Task 47 using SearchNode Policy: v1_heuristic ---
[47] Filtro euristico: DTS-TMAX
[21.55] [Task 47] Routed STARLINK-2116 -> STARLINK-30297 | E_NET=0.003509 J | Remaining=79999.93 J
[MODE: BIDIRECTIONAL]
[41][GREEDY] CONSEGNATO! STARLINK-11573 [DTC] -> OBS | Tramission-time: 5.544349753791156e-10
[45][GREEDY] STARLINK-3127 -> STARLINK-11573 [DTC] | Tramission-time: 0.0013591073857198827
[45] Energy routing consumed by STARLINK-3127: 0.000000 J (remaining 79908.75)
[21.551] Task 47 enqueued on CPU STARLINK-30297 qlen_enqueue=1
---> Task 48 (Type: CPU_and_Data_Intensive) arriva in 21.56
--- [21.56] Task 48 using SearchNode Policy: v1_heuristic ---
[48] Filtro euristico: DTS-TMAX
[Task 48] Nessun server rimasto dopo i filtri (deadline/sunset).
[Task 48] REJECTED on STARLINK-2116 due to: No suitable server found after deadline/sunset filters
[Task 42] Task eseguito su STARLINK-6246 57.55521795783288 degrees | CPU=421.0568J, NET=0.0000J, TOTAL=421.0568J, Remaining=79554.10J
[21.587] Task 42 served on STARLINK-6246 qlen_enqueue_cpu=1 qlen_enqueue_net=None time_in_queue=0.000
[Task 46] Task eseguito su STARLINK-5097 46.885605070411 degrees | CPU=155.9364J, NET=0.0000J, TOTAL=155.9364J, Remaining=79808.30J
[21.633] Task 46 served on STARLINK-5097 qlen_enqueue_cpu=1 qlen_enqueue_net=None time_in_queue=0.000
[MODE: BIDIRECTIONAL]
[45][GREEDY] CONSEGNATO! STARLINK-11573 [DTC] -> OBS | Tramission-time: 5.320872815016931e-12
[46][GREEDY] STARLINK-5097 -> STARLINK-11573 [DTC] | Tramission-time: 0.0009969522548576534
[46] Energy routing consumed by STARLINK-5097: 0.000000 J (remaining 79808.30)
[42][GREEDY] STARLINK-6246 -> STARLINK-11573 [DTC] | Tramission-time: 0.0019940718992356443
[42] Energy routing consumed by STARLINK-6246: 0.000000 J (remaining 79554.10)
[21.670] Task 47 enqueued on NET STARLINK-30297 qlen_enqueue_net=1
[Task 47] Task eseguito su STARLINK-30297 46.15725172277152 degrees | CPU=95.0560J, NET=0.0043J, TOTAL=95.0602J, Remaining=79866.96J
[21.674] Task 47 served on STARLINK-30297 qlen_enqueue_cpu=1 qlen_enqueue_net=1 time_in_queue=0.000
---> Task 49 (Type: Generic_Service) arriva in 21.72
--- [21.72] Task 49 using SearchNode Policy: v1_heuristic ---
[49] Filtro euristico: DTS-TMAX
[21.72] [Task 49] Routed STARLINK-2116 -> STARLINK-31235 | E_NET=0.000011 J | Remaining=79999.93 J
[21.720] Task 49 enqueued on CPU STARLINK-31235 qlen_enqueue=1
[Task 49] Task eseguito su STARLINK-31235 43.56932156232474 degrees | CPU=18.7876J, NET=0.0000J, TOTAL=18.7876J, Remaining=79938.18J
[21.744] Task 49 served on STARLINK-31235 qlen_enqueue_cpu=1 qlen_enqueue_net=None time_in_queue=0.000
[MODE: BIDIRECTIONAL]
[46][GREEDY] CONSEGNATO! STARLINK-11573 [DTC] -> OBS | Tramission-time: 2.359620752674601e-11
[49][GREEDY] STARLINK-31235 -> STARLINK-11573 [DTC] | Tramission-time: 0.0013405949195485942
[49] Energy routing consumed by STARLINK-31235: 0.000000 J (remaining 79938.18)
[47][GREEDY] STARLINK-30297 -> STARLINK-11573 [DTC] | Tramission-time: 0.001691408001011953
[47] Energy routing consumed by STARLINK-30297: 0.000000 J (remaining 79866.96)
---> Task 50 (Type: CPU_Intensive) arriva in 21.81
--- [21.81] Task 50 using SearchNode Policy: v1_heuristic ---
[50] Filtro euristico: DTS-TMAX
[21.81] [Task 50] Routed STARLINK-2116 -> STARLINK-31235 | E_NET=0.000019 J | Remaining=79999.93 J
[21.808] Task 50 enqueued on CPU STARLINK-31235 qlen_enqueue=1
[Task 40] Task eseguito su STARLINK-4525 40.606681795682114 degrees | CPU=870.9249J, NET=0.0000J, TOTAL=870.9249J, Remaining=79110.29J
[21.812] Task 40 served on STARLINK-4525 qlen_enqueue_cpu=1 qlen_enqueue_net=None time_in_queue=0.000
[MODE: BIDIRECTIONAL]
[42][GREEDY] CONSEGNATO! STARLINK-11573 [DTC] -> OBS | Tramission-time: 3.010003425359562e-11
[MODE: BIDIRECTIONAL]
[47][GREEDY] CONSEGNATO! STARLINK-11573 [DTC] -> OBS | Tramission-time: 2.8724918611560737e-09
[40][GREEDY] STARLINK-4525 -> STARLINK-31283 | Tramission-time: 0.002013367781010043
[40] Energy routing consumed by STARLINK-4525: 0.000000 J (remaining 79110.29)
[MODE: BIDIRECTIONAL]
[49][GREEDY] CONSEGNATO! STARLINK-11573 [DTC] -> OBS | Tramission-time: 1.1810317348313009e-11
[MODE: BIDIRECTIONAL]
[40][GREEDY] CONSEGNATO! STARLINK-31283 -> OBS | Tramission-time: 6.017098095794945e-12
----------------------------------------------------------------------
	||TIME IN SIMULATION : (seconds:22) (minutes: 0) ||

MODIFICA CONFIGURAZIONE IN CORSO...

Aggiornato il Tempo Globale:  2025-11-20 20:55:36
[Task 50] Task eseguito su STARLINK-31235 42.67781983140794 degrees | CPU=160.2467J, NET=0.0000J, TOTAL=160.2467J, Remaining=79777.94J
[22.010] Task 50 served on STARLINK-31235 qlen_enqueue_cpu=1 qlen_enqueue_net=None time_in_queue=0.000
[50][GREEDY] STARLINK-31235 -> STARLINK-11573 [DTC] | Tramission-time: 0.0013470413299190116
[50] Energy routing consumed by STARLINK-31235: 0.000000 J (remaining 79777.94)
[MODE: BIDIRECTIONAL]
[50][GREEDY] CONSEGNATO! STARLINK-11573 [DTC] -> OBS | Tramission-time: 2.128426983895667e-11
[22.339] Task 43 enqueued on NET STARLINK-2319 qlen_enqueue_net=1
[Task 43] Task eseguito su STARLINK-2319 42.91860303981078 degrees | CPU=842.5295J, NET=0.0846J, TOTAL=842.6141J, Remaining=79127.07J
[22.423] Task 43 served on STARLINK-2319 qlen_enqueue_cpu=1 qlen_enqueue_net=1 time_in_queue=0.000
[43][GREEDY] STARLINK-2319 -> STARLINK-11573 [DTC] | Tramission-time: 0.0012984804635725589
[43] Energy routing consumed by STARLINK-2319: 0.000000 J (remaining 79127.07)
[MODE: BIDIRECTIONAL]
[43][GREEDY] CONSEGNATO! STARLINK-11573 [DTC] -> OBS | Tramission-time: 6.660570478096471e-08
---> Task 51 (Type: CPU_Intensive) arriva in 22.81
--- [22.81] Task 51 using SearchNode Policy: v1_heuristic ---
[51] Filtro euristico: DTS-TMAX
[22.81] [Task 51] Routed STARLINK-2116 -> STARLINK-11573 [DTC] | E_NET=0.000036 J | Remaining=79999.93 J
[22.806] Task 51 enqueued on CPU STARLINK-11573 [DTC] qlen_enqueue=1
---> Task 52 (Type: CPU_and_Data_Intensive) arriva in 22.91
--- [22.91] Task 52 using SearchNode Policy: v1_heuristic ---
[52] Filtro euristico: DTS-TMAX
[22.91] [Task 52] Routed STARLINK-2116 -> STARLINK-2717 | E_NET=0.004673 J | Remaining=79999.93 J
[22.917] Task 52 enqueued on CPU STARLINK-2717 qlen_enqueue=1
[Task 51] Task eseguito su STARLINK-11573 [DTC] 52.28351477792939 degrees | CPU=124.7878J, NET=0.0000J, TOTAL=124.7878J, Remaining=79803.35J
[22.965] Task 51 served on STARLINK-11573 [DTC] qlen_enqueue_cpu=1 qlen_enqueue_net=None time_in_queue=0.000
[23.018] Task 52 enqueued on NET STARLINK-2717 qlen_enqueue_net=1
[Task 52] Task eseguito su STARLINK-2717 45.270399764637425 degrees | CPU=80.4966J, NET=0.0052J, TOTAL=80.5018J, Remaining=79843.69J
[23.023] Task 52 served on STARLINK-2717 qlen_enqueue_cpu=1 qlen_enqueue_net=1 time_in_queue=0.000
[MODE: BIDIRECTIONAL]
[51][GREEDY] CONSEGNATO! STARLINK-11573 [DTC] -> OBS | Tramission-time: 2.845249678738983e-11
[52][GREEDY] STARLINK-2717 -> STARLINK-11573 [DTC] | Tramission-time: 0.0016301506849795808
[52] Energy routing consumed by STARLINK-2717: 0.000000 J (remaining 79843.69)
[MODE: BIDIRECTIONAL]
[52][GREEDY] CONSEGNATO! STARLINK-11573 [DTC] -> OBS | Tramission-time: 4.875089387588762e-09
----------------------------------------------------------------------
	||TIME IN SIMULATION : (seconds:24) (minutes: 0) ||

MODIFICA CONFIGURAZIONE IN CORSO...

Aggiornato il Tempo Globale:  2025-11-20 20:55:38
---> Task 53 (Type: Generic_Service) arriva in 24.54
--- [24.54] Task 53 using SearchNode Policy: v1_heuristic ---
[53] Filtro euristico: DTS-TMAX
[24.54] [Task 53] Routed STARLINK-2116 -> STARLINK-31283 | E_NET=0.000024 J | Remaining=79999.93 J
[24.541] Task 53 enqueued on CPU STARLINK-31283 qlen_enqueue=1
[Task 53] Task eseguito su STARLINK-31283 84.66333304844731 degrees | CPU=18.8543J, NET=0.0000J, TOTAL=18.8543J, Remaining=79891.28J
[24.566] Task 53 served on STARLINK-31283 qlen_enqueue_cpu=1 qlen_enqueue_net=None time_in_queue=0.000
[MODE: BIDIRECTIONAL]
[53][GREEDY] CONSEGNATO! STARLINK-31283 -> OBS | Tramission-time: 1.6733975641130836e-11
---> Task 54 (Type: Generic_Service) arriva in 25.02
--- [25.02] Task 54 using SearchNode Policy: v1_heuristic ---
[54] Filtro euristico: DTS-TMAX
[25.02] [Task 54] Routed STARLINK-2116 -> STARLINK-3127 | E_NET=0.000024 J | Remaining=79999.93 J
[25.018] Task 54 enqueued on CPU STARLINK-3127 qlen_enqueue=1
[Task 54] Task eseguito su STARLINK-3127 72.64440252296659 degrees | CPU=52.7811J, NET=0.0000J, TOTAL=52.7811J, Remaining=79855.97J
[25.086] Task 54 served on STARLINK-3127 qlen_enqueue_cpu=1 qlen_enqueue_net=None time_in_queue=0.000
[54][GREEDY] STARLINK-3127 -> STARLINK-11573 [DTC] | Tramission-time: 0.0013226755391107033
[54] Energy routing consumed by STARLINK-3127: 0.000000 J (remaining 79855.97)
[MODE: BIDIRECTIONAL]
[54][GREEDY] CONSEGNATO! STARLINK-11573 [DTC] -> OBS | Tramission-time: 1.814698506929003e-11
---> Task 55 (Type: CPU_Intensive) arriva in 25.79
--- [25.79] Task 55 using SearchNode Policy: v1_heuristic ---
[55] Filtro euristico: DTS-TMAX
[25.79] [Task 55] Routed STARLINK-2116 -> STARLINK-5936 | E_NET=0.000028 J | Remaining=79999.93 J
[25.791] Task 55 enqueued on CPU STARLINK-5936 qlen_enqueue=1
[Task 55] Task eseguito su STARLINK-5936 54.628667221054755 degrees | CPU=162.0393J, NET=0.0000J, TOTAL=162.0394J, Remaining=79736.44J
[25.996] Task 55 served on STARLINK-5936 qlen_enqueue_cpu=1 qlen_enqueue_net=None time_in_queue=0.000
----------------------------------------------------------------------
	||TIME IN SIMULATION : (seconds:26) (minutes: 0) ||

MODIFICA CONFIGURAZIONE IN CORSO...

Aggiornato il Tempo Globale:  2025-11-20 20:55:40
[55][GREEDY] STARLINK-5936 -> STARLINK-11573 [DTC] | Tramission-time: 0.0013657920930525715
[55] Energy routing consumed by STARLINK-5936: 0.000000 J (remaining 79736.44)
[MODE: BIDIRECTIONAL]
[55][GREEDY] CONSEGNATO! STARLINK-11573 [DTC] -> OBS | Tramission-time: 2.3504147072759132e-11
---> Task 56 (Type: Generic_Service) arriva in 26.29
--- [26.29] Task 56 using SearchNode Policy: v1_heuristic ---
[56] Filtro euristico: DTS-TMAX
[26.29] [Task 56] Routed STARLINK-2116 -> STARLINK-31283 | E_NET=0.000011 J | Remaining=79999.93 J
---> Task 57 (Type: CPU_Intensive) arriva in 26.30
--- [26.30] Task 57 using SearchNode Policy: v1_heuristic ---
[57] Filtro euristico: DTS-TMAX
[26.30] [Task 57] Routed STARLINK-2116 -> STARLINK-31283 | E_NET=0.000007 J | Remaining=79999.93 J
[26.296] Task 56 enqueued on CPU STARLINK-31283 qlen_enqueue=1
[26.297] Task 57 enqueued on CPU STARLINK-31283 qlen_enqueue=2
[Task 56] Task eseguito su STARLINK-31283 86.06208248427812 degrees | CPU=115.3507J, NET=0.0000J, TOTAL=115.3507J, Remaining=79775.93J
[26.441] Task 56 served on STARLINK-31283 qlen_enqueue_cpu=1 qlen_enqueue_net=None time_in_queue=0.000
[MODE: BIDIRECTIONAL]
[56][GREEDY] CONSEGNATO! STARLINK-31283 -> OBS | Tramission-time: 1.0227911576219985e-11
---> Task 58 (Type: CPU_and_Data_Intensive) arriva in 26.48
--- [26.48] Task 58 using SearchNode Policy: v1_heuristic ---
[58] Filtro euristico: DTS-TMAX
[26.48] [Task 58] Routed STARLINK-2116 -> STARLINK-30297 | E_NET=0.000192 J | Remaining=79999.93 J
[26.486] Task 58 enqueued on CPU STARLINK-30297 qlen_enqueue=1
[Task 57] Task eseguito su STARLINK-31283 86.06208248427812 degrees | CPU=313.1383J, NET=0.0000J, TOTAL=313.1383J, Remaining=79462.79J
[26.689] Task 57 served on STARLINK-31283 qlen_enqueue_cpu=2 qlen_enqueue_net=None time_in_queue=0.000
[MODE: BIDIRECTIONAL]
[57][GREEDY] CONSEGNATO! STARLINK-31283 -> OBS | Tramission-time: 5.723607146910191e-12
[26.907] Task 58 enqueued on NET STARLINK-30297 qlen_enqueue_net=1
[Task 58] Task eseguito su STARLINK-30297 46.18407240734576 degrees | CPU=336.5388J, NET=0.0002J, TOTAL=336.5390J, Remaining=79530.42J
[26.907] Task 58 served on STARLINK-30297 qlen_enqueue_cpu=1 qlen_enqueue_net=1 time_in_queue=0.000
[58][GREEDY] STARLINK-30297 -> STARLINK-11573 [DTC] | Tramission-time: 0.0015908523534337855
[58] Energy routing consumed by STARLINK-30297: 0.000000 J (remaining 79530.42)
[MODE: BIDIRECTIONAL]
[58][GREEDY] CONSEGNATO! STARLINK-11573 [DTC] -> OBS | Tramission-time: 1.714970773352718e-10
---> Task 59 (Type: Generic_Service) arriva in 27.10
--- [27.10] Task 59 using SearchNode Policy: v1_heuristic ---
[59] Filtro euristico: DTS-TMAX
[27.10] [Task 59] Routed STARLINK-2116 -> STARLINK-30578 | E_NET=0.000009 J | Remaining=79999.93 J
[27.099] Task 59 enqueued on CPU STARLINK-30578 qlen_enqueue=1
[Task 59] Task eseguito su STARLINK-30578 77.81249276865891 degrees | CPU=21.6047J, NET=0.0000J, TOTAL=21.6047J, Remaining=79844.72J
[27.126] Task 59 served on STARLINK-30578 qlen_enqueue_cpu=1 qlen_enqueue_net=None time_in_queue=0.000
[59][GREEDY] STARLINK-30578 -> STARLINK-11573 [DTC] | Tramission-time: 0.00091666198766758
[59] Energy routing consumed by STARLINK-30578: 0.000000 J (remaining 79844.72)
[MODE: BIDIRECTIONAL]
[59][GREEDY] CONSEGNATO! STARLINK-11573 [DTC] -> OBS | Tramission-time: 7.156801127009664e-12
---> Task 60 (Type: CPU_Intensive) arriva in 27.90
--- [27.90] Task 60 using SearchNode Policy: v1_heuristic ---
[60] Filtro euristico: DTS-TMAX
[27.90] [Task 60] Routed STARLINK-2116 -> STARLINK-3127 | E_NET=0.000019 J | Remaining=79999.93 J
[27.900] Task 60 enqueued on CPU STARLINK-3127 qlen_enqueue=1
----------------------------------------------------------------------
	||TIME IN SIMULATION : (seconds:28) (minutes: 0) ||

MODIFICA CONFIGURAZIONE IN CORSO...

Aggiornato il Tempo Globale:  2025-11-20 20:55:42
[Task 60] Task eseguito su STARLINK-3127 73.1787439000468 degrees | CPU=283.0028J, NET=0.0000J, TOTAL=283.0028J, Remaining=79572.97J
[28.255] Task 60 served on STARLINK-3127 qlen_enqueue_cpu=1 qlen_enqueue_net=None time_in_queue=0.000
[60][GREEDY] STARLINK-3127 -> STARLINK-11573 [DTC] | Tramission-time: 0.0012886348580784374
[60] Energy routing consumed by STARLINK-3127: 0.000000 J (remaining 79572.97)
---> Task 61 (Type: Generic_Service) arriva in 28.27
--- [28.27] Task 61 using SearchNode Policy: v1_heuristic ---
[61] Filtro euristico: DTS-TMAX
[28.27] [Task 61] Routed STARLINK-11403 [DTC] -> STARLINK-32654 | E_NET=0.000007 J | Remaining=80000.00 J
[28.269] Task 61 enqueued on CPU STARLINK-32654 qlen_enqueue=1
[Task 61] Task eseguito su STARLINK-32654 40.14622323189856 degrees | CPU=31.8689J, NET=0.0000J, TOTAL=31.8689J, Remaining=79968.13J
[28.309] Task 61 served on STARLINK-32654 qlen_enqueue_cpu=1 qlen_enqueue_net=None time_in_queue=0.000
[MODE: BIDIRECTIONAL]
[60][GREEDY] CONSEGNATO! STARLINK-11573 [DTC] -> OBS | Tramission-time: 1.6161217814106354e-11
[61][GREEDY] STARLINK-32654 -> STARLINK-31283 | Tramission-time: 0.001789041385228755
[61] Energy routing consumed by STARLINK-32654: 0.000000 J (remaining 79968.13)
[MODE: BIDIRECTIONAL]
[61][GREEDY] CONSEGNATO! STARLINK-31283 -> OBS | Tramission-time: 6.0776272406956805e-12
---> Task 62 (Type: CPU_Intensive) arriva in 28.76
--- [28.76] Task 62 using SearchNode Policy: v1_heuristic ---
[62] Filtro euristico: DTS-TMAX
[28.76] [Task 62] Routed STARLINK-11403 [DTC] -> STARLINK-31220 | E_NET=0.000035 J | Remaining=80000.00 J
[28.757] Task 62 enqueued on CPU STARLINK-31220 qlen_enqueue=1
[Task 62] Task eseguito su STARLINK-31220 41.64374590519351 degrees | CPU=32.0557J, NET=0.0000J, TOTAL=32.0557J, Remaining=79967.94J
[28.800] Task 62 served on STARLINK-31220 qlen_enqueue_cpu=1 qlen_enqueue_net=None time_in_queue=0.000
[62][GREEDY] STARLINK-31220 -> STARLINK-31283 | Tramission-time: 0.0017571018408106755
[62] Energy routing consumed by STARLINK-31220: 0.000000 J (remaining 79967.94)
[MODE: BIDIRECTIONAL]
[62][GREEDY] CONSEGNATO! STARLINK-31283 -> OBS | Tramission-time: 2.5089921768053846e-11
---> Task 63 (Type: CPU_Intensive) arriva in 29.58
--- [29.58] Task 63 using SearchNode Policy: v1_heuristic ---
[63] Filtro euristico: DTS-TMAX
[29.58] [Task 63] Routed STARLINK-11403 [DTC] -> STARLINK-6195 | E_NET=0.000021 J | Remaining=80000.00 J
[29.580] Task 63 enqueued on CPU STARLINK-6195 qlen_enqueue=1
[Task 63] Task eseguito su STARLINK-6195 42.467733863130846 degrees | CPU=10.3464J, NET=0.0000J, TOTAL=10.3465J, Remaining=79989.65J
[29.594] Task 63 served on STARLINK-6195 qlen_enqueue_cpu=1 qlen_enqueue_net=None time_in_queue=0.000
[63][GREEDY] STARLINK-6195 -> STARLINK-31283 | Tramission-time: 0.0019715033684961727
[63] Energy routing consumed by STARLINK-6195: 0.000000 J (remaining 79989.65)
[MODE: BIDIRECTIONAL]
[63][GREEDY] CONSEGNATO! STARLINK-31283 -> OBS | Tramission-time: 1.6237624890509168e-11
---> Task 64 (Type: Generic_Service) arriva in 29.85
--- [29.85] Task 64 using SearchNode Policy: v1_heuristic ---
[64] Filtro euristico: DTS-TMAX
[29.85] [Task 64] Routed STARLINK-11403 [DTC] -> STARLINK-2116 | E_NET=0.000026 J | Remaining=80000.00 J
[29.854] Task 64 enqueued on CPU STARLINK-2116 qlen_enqueue=1
[Task 64] Task eseguito su STARLINK-2116 55.08183625530824 degrees | CPU=38.7182J, NET=0.0000J, TOTAL=38.7182J, Remaining=79961.21J
[29.905] Task 64 served on STARLINK-2116 qlen_enqueue_cpu=1 qlen_enqueue_net=None time_in_queue=0.000
---> Task 65 (Type: Generic_Service) arriva in 29.96
--- [29.96] Task 65 using SearchNode Policy: v1_heuristic ---
[65] Filtro euristico: DTS-TMAX
[29.96] [Task 65] Routed STARLINK-11403 [DTC] -> STARLINK-6195 | E_NET=0.000023 J | Remaining=80000.00 J
[29.961] Task 65 enqueued on CPU STARLINK-6195 qlen_enqueue=1
[MODE: BIDIRECTIONAL]
[64][GREEDY] CONSEGNATO! STARLINK-2116 -> OBS | Tramission-time: 2.6892822402973686e-11
[Task 65] Task eseguito su STARLINK-6195 42.467733863130846 degrees | CPU=30.0439J, NET=0.0000J, TOTAL=30.0439J, Remaining=79959.61J
[30.000] Task 65 served on STARLINK-6195 qlen_enqueue_cpu=1 qlen_enqueue_net=None time_in_queue=0.000
----------------------------------------------------------------------
	||TIME IN SIMULATION : (seconds:30) (minutes: 0) ||

MODIFICA CONFIGURAZIONE IN CORSO...

Aggiornato il Tempo Globale:  2025-11-20 20:55:44
[65][GREEDY] STARLINK-6195 -> STARLINK-31283 | Tramission-time: 0.0019692966162634796
[65] Energy routing consumed by STARLINK-6195: 0.000000 J (remaining 79959.61)
[MODE: BIDIRECTIONAL]
[65][GREEDY] CONSEGNATO! STARLINK-31283 -> OBS | Tramission-time: 2.1751815872492756e-11
---> Task 66 (Type: Generic_Service) arriva in 31.36
--- [31.36] Task 66 using SearchNode Policy: v1_heuristic ---
[66] Filtro euristico: DTS-TMAX
[31.36] [Task 66] Routed STARLINK-11403 [DTC] -> STARLINK-32654 | E_NET=0.000015 J | Remaining=80000.00 J
[31.358] Task 66 enqueued on CPU STARLINK-32654 qlen_enqueue=1
[Task 66] Task eseguito su STARLINK-32654 40.860613018542765 degrees | CPU=28.6144J, NET=0.0000J, TOTAL=28.6144J, Remaining=79939.52J
[31.395] Task 66 served on STARLINK-32654 qlen_enqueue_cpu=1 qlen_enqueue_net=None time_in_queue=0.000
[66][GREEDY] STARLINK-32654 -> STARLINK-31283 | Tramission-time: 0.0017959662019177971
[66] Energy routing consumed by STARLINK-32654: 0.000000 J (remaining 79939.52)
---> Task 67 (Type: CPU_and_Data_Intensive) arriva in 31.48
--- [31.48] Task 67 using SearchNode Policy: v1_heuristic ---
[67] Filtro euristico: DTS-TMAX
[31.48] [Task 67] Routed STARLINK-11403 [DTC] -> STARLINK-31220 | E_NET=0.008011 J | Remaining=79999.99 J
[31.490] Task 67 enqueued on CPU STARLINK-31220 qlen_enqueue=1
[MODE: BIDIRECTIONAL]
[66][GREEDY] CONSEGNATO! STARLINK-31283 -> OBS | Tramission-time: 1.1746129343454243e-11
[31.821] Task 67 enqueued on NET STARLINK-31220 qlen_enqueue_net=1
[Task 67] Task eseguito su STARLINK-31220 42.50520597971066 degrees | CPU=263.9704J, NET=0.0093J, TOTAL=263.9797J, Remaining=79703.96J
[31.830] Task 67 served on STARLINK-31220 qlen_enqueue_cpu=1 qlen_enqueue_net=1 time_in_queue=0.000
[67][GREEDY] STARLINK-31220 -> STARLINK-31283 | Tramission-time: 0.001751315144269392
[67] Energy routing consumed by STARLINK-31220: 0.000000 J (remaining 79703.96)
[MODE: BIDIRECTIONAL]
[67][GREEDY] CONSEGNATO! STARLINK-31283 -> OBS | Tramission-time: 6.272531239035958e-09
----------------------------------------------------------------------
	||TIME IN SIMULATION : (seconds:32) (minutes: 0) ||

MODIFICA CONFIGURAZIONE IN CORSO...

Aggiornato il Tempo Globale:  2025-11-20 20:55:46
---> Task 68 (Type: Generic_Service) arriva in 32.04
--- [32.04] Task 68 using SearchNode Policy: v1_heuristic ---
[68] Filtro euristico: DTS-TMAX
[32.04] [Task 68] Routed STARLINK-11403 [DTC] -> STARLINK-1068 | E_NET=0.000011 J | Remaining=79999.99 J
[32.046] Task 68 enqueued on CPU STARLINK-1068 qlen_enqueue=1
[Task 68] Task eseguito su STARLINK-1068 45.276748259625236 degrees | CPU=50.0709J, NET=0.0000J, TOTAL=50.0709J, Remaining=79917.55J
[32.110] Task 68 served on STARLINK-1068 qlen_enqueue_cpu=1 qlen_enqueue_net=None time_in_queue=0.000
[68][GREEDY] STARLINK-1068 -> STARLINK-31283 | Tramission-time: 0.0018544360105864715
[68] Energy routing consumed by STARLINK-1068: 0.000000 J (remaining 79917.55)
[MODE: BIDIRECTIONAL]
[68][GREEDY] CONSEGNATO! STARLINK-31283 -> OBS | Tramission-time: 1.3868567180380734e-11
---> Task 69 (Type: Generic_Service) arriva in 33.62
--- [33.62] Task 69 using SearchNode Policy: v1_heuristic ---
[69] Filtro euristico: DTS-TMAX
[33.62] [Task 69] Routed STARLINK-11403 [DTC] -> STARLINK-2116 | E_NET=0.000007 J | Remaining=79999.99 J
[33.621] Task 69 enqueued on CPU STARLINK-2116 qlen_enqueue=1
[Task 69] Task eseguito su STARLINK-2116 54.815526979743495 degrees | CPU=36.1166J, NET=0.0000J, TOTAL=36.1166J, Remaining=79925.09J
[33.667] Task 69 served on STARLINK-2116 qlen_enqueue_cpu=1 qlen_enqueue_net=None time_in_queue=0.000
[MODE: BIDIRECTIONAL]
[69][GREEDY] CONSEGNATO! STARLINK-2116 -> OBS | Tramission-time: 6.66717102873511e-12
----------------------------------------------------------------------
	||TIME IN SIMULATION : (seconds:34) (minutes: 0) ||

MODIFICA CONFIGURAZIONE IN CORSO...

Aggiornato il Tempo Globale:  2025-11-20 20:55:48
---> Task 70 (Type: Generic_Service) arriva in 34.57
--- [34.57] Task 70 using SearchNode Policy: v1_heuristic ---
[70] Filtro euristico: DTS-TMAX
[34.57] [Task 70] Routed STARLINK-11403 [DTC] -> STARLINK-6195 | E_NET=0.000016 J | Remaining=79999.99 J
[34.571] Task 70 enqueued on CPU STARLINK-6195 qlen_enqueue=1
[Task 70] Task eseguito su STARLINK-6195 44.74835462277987 degrees | CPU=87.0179J, NET=0.0000J, TOTAL=87.0179J, Remaining=79872.59J
[34.681] Task 70 served on STARLINK-6195 qlen_enqueue_cpu=1 qlen_enqueue_net=None time_in_queue=0.000
[70][GREEDY] STARLINK-6195 -> STARLINK-31283 | Tramission-time: 0.001964980215873922
[70] Energy routing consumed by STARLINK-6195: 0.000000 J (remaining 79872.59)
[MODE: BIDIRECTIONAL]
[70][GREEDY] CONSEGNATO! STARLINK-31283 -> OBS | Tramission-time: 1.2922461491484082e-11
---> Task 71 (Type: Generic_Service) arriva in 35.02
--- [35.02] Task 71 using SearchNode Policy: v1_heuristic ---
[71] Filtro euristico: DTS-TMAX
[35.02] [Task 71] Routed STARLINK-11403 [DTC] -> STARLINK-34972 | E_NET=0.000015 J | Remaining=79999.99 J
[35.020] Task 71 enqueued on CPU STARLINK-34972 qlen_enqueue=1
[Task 71] Task eseguito su STARLINK-34972 41.162219418091134 degrees | CPU=31.0063J, NET=0.0000J, TOTAL=31.0064J, Remaining=79913.30J
[35.060] Task 71 served on STARLINK-34972 qlen_enqueue_cpu=1 qlen_enqueue_net=None time_in_queue=0.000
[71][GREEDY] STARLINK-34972 -> STARLINK-31283 | Tramission-time: 0.002089418947988404
[71] Energy routing consumed by STARLINK-34972: 0.000000 J (remaining 79913.30)
[MODE: BIDIRECTIONAL]
[71][GREEDY] CONSEGNATO! STARLINK-31283 -> OBS | Tramission-time: 1.935794715588474e-11
---> Task 72 (Type: CPU_Intensive) arriva in 35.73
--- [35.73] Task 72 using SearchNode Policy: v1_heuristic ---
[72] Filtro euristico: DTS-TMAX
[35.73] [Task 72] Routed STARLINK-11403 [DTC] -> STARLINK-32654 | E_NET=0.000026 J | Remaining=79999.99 J
[35.734] Task 72 enqueued on CPU STARLINK-32654 qlen_enqueue=1
----------------------------------------------------------------------
	||TIME IN SIMULATION : (seconds:36) (minutes: 0) ||

MODIFICA CONFIGURAZIONE IN CORSO...

Aggiornato il Tempo Globale:  2025-11-20 20:55:50
---> Task 73 (Type: Generic_Service) arriva in 36.30
--- [36.30] Task 73 using SearchNode Policy: v1_heuristic ---
[73] Filtro euristico: DTS-TMAX
[36.30] [Task 73] Routed STARLINK-11403 [DTC] -> STARLINK-2116 | E_NET=0.000030 J | Remaining=79999.99 J
[36.303] Task 73 enqueued on CPU STARLINK-2116 qlen_enqueue=1
[Task 73] Task eseguito su STARLINK-2116 54.294834368969084 degrees | CPU=54.4294J, NET=0.0000J, TOTAL=54.4295J, Remaining=79870.66J
[36.374] Task 73 served on STARLINK-2116 qlen_enqueue_cpu=1 qlen_enqueue_net=None time_in_queue=0.000
[MODE: BIDIRECTIONAL]
[73][GREEDY] CONSEGNATO! STARLINK-2116 -> OBS | Tramission-time: 2.6771458412232796e-11
[Task 72] Task eseguito su STARLINK-32654 43.06000753522103 degrees | CPU=663.9705J, NET=0.0000J, TOTAL=663.9705J, Remaining=79275.55J
[36.567] Task 72 served on STARLINK-32654 qlen_enqueue_cpu=1 qlen_enqueue_net=None time_in_queue=0.000
[72][GREEDY] STARLINK-32654 -> STARLINK-31283 | Tramission-time: 0.0018176807483409618
[72] Energy routing consumed by STARLINK-32654: 0.000000 J (remaining 79275.55)
---> Task 74 (Type: CPU_and_Data_Intensive) arriva in 36.67
--- [36.67] Task 74 using SearchNode Policy: v1_heuristic ---
[74] Filtro euristico: DTS-TMAX
[Task 74] Nessun server rimasto dopo i filtri (deadline/sunset).
[Task 74] REJECTED on STARLINK-11403 [DTC] due to: No suitable server found after deadline/sunset filters
[MODE: BIDIRECTIONAL]
[72][GREEDY] CONSEGNATO! STARLINK-31283 -> OBS | Tramission-time: 2.4768927647805905e-11
---> Task 75 (Type: Generic_Service) arriva in 37.09
--- [37.09] Task 75 using SearchNode Policy: v1_heuristic ---
[75] Filtro euristico: DTS-TMAX
[37.09] [Task 75] Routed STARLINK-11403 [DTC] -> STARLINK-1068 | E_NET=0.000020 J | Remaining=79999.99 J
[37.089] Task 75 enqueued on CPU STARLINK-1068 qlen_enqueue=1
---> Task 76 (Type: CPU_Intensive) arriva in 37.11
--- [37.11] Task 76 using SearchNode Policy: v1_heuristic ---
[76] Filtro euristico: DTS-TMAX
[37.11] [Task 76] Routed STARLINK-11403 [DTC] -> STARLINK-34972 | E_NET=0.000013 J | Remaining=79999.99 J
[37.116] Task 76 enqueued on CPU STARLINK-34972 qlen_enqueue=1
[Task 75] Task eseguito su STARLINK-1068 46.04748156853941 degrees | CPU=27.3223J, NET=0.0000J, TOTAL=27.3223J, Remaining=79890.23J
[37.125] Task 75 served on STARLINK-1068 qlen_enqueue_cpu=1 qlen_enqueue_net=None time_in_queue=0.000
[75][GREEDY] STARLINK-1068 -> STARLINK-31283 | Tramission-time: 0.0018799146308758287
[75] Energy routing consumed by STARLINK-1068: 0.000000 J (remaining 79890.23)
[MODE: BIDIRECTIONAL]
[75][GREEDY] CONSEGNATO! STARLINK-31283 -> OBS | Tramission-time: 2.608651286861399e-11
[Task 76] Task eseguito su STARLINK-34972 40.525127303168695 degrees | CPU=140.9354J, NET=0.0000J, TOTAL=140.9354J, Remaining=79772.36J
[37.294] Task 76 served on STARLINK-34972 qlen_enqueue_cpu=1 qlen_enqueue_net=None time_in_queue=0.000
[76][GREEDY] STARLINK-34972 -> STARLINK-31283 | Tramission-time: 0.0021734459233960055
[76] Energy routing consumed by STARLINK-34972: 0.000000 J (remaining 79772.36)
[MODE: BIDIRECTIONAL]
[76][GREEDY] CONSEGNATO! STARLINK-31283 -> OBS | Tramission-time: 1.3698606167567636e-11
---> Task 77 (Type: CPU_Intensive) arriva in 37.86
--- [37.86] Task 77 using SearchNode Policy: v1_heuristic ---
[77] Filtro euristico: DTS-TMAX
[37.86] [Task 77] Routed STARLINK-11403 [DTC] -> STARLINK-1068 | E_NET=0.000030 J | Remaining=79999.99 J
[37.865] Task 77 enqueued on CPU STARLINK-1068 qlen_enqueue=1
[Task 77] Task eseguito su STARLINK-1068 46.04748156853941 degrees | CPU=85.3073J, NET=0.0000J, TOTAL=85.3074J, Remaining=79804.92J
[37.975] Task 77 served on STARLINK-1068 qlen_enqueue_cpu=1 qlen_enqueue_net=None time_in_queue=0.000
[77][GREEDY] STARLINK-1068 -> STARLINK-31283 | Tramission-time: 0.0018799146427513804
[77] Energy routing consumed by STARLINK-1068: 0.000000 J (remaining 79804.92)
----------------------------------------------------------------------
	||TIME IN SIMULATION : (seconds:38) (minutes: 0) ||

MODIFICA CONFIGURAZIONE IN CORSO...

Aggiornato il Tempo Globale:  2025-11-20 20:55:52
[MODE: BIDIRECTIONAL]
[77][GREEDY] CONSEGNATO! STARLINK-31283 -> OBS | Tramission-time: 3.659535194152136e-11
---> Task 78 (Type: CPU_Intensive) arriva in 38.43
--- [38.43] Task 78 using SearchNode Policy: v1_heuristic ---
[78] Filtro euristico: DTS-TMAX
[38.43] [Task 78] Routed STARLINK-11403 [DTC] -> STARLINK-30223 | E_NET=0.000013 J | Remaining=79999.99 J
[38.433] Task 78 enqueued on CPU STARLINK-30223 qlen_enqueue=1
---> Task 79 (Type: Generic_Service) arriva in 38.78
--- [38.78] Task 79 using SearchNode Policy: v1_heuristic ---
[79] Filtro euristico: DTS-TMAX
[38.78] [Task 79] Routed STARLINK-11403 [DTC] -> STARLINK-6195 | E_NET=0.000013 J | Remaining=79999.99 J
[38.778] Task 79 enqueued on CPU STARLINK-6195 qlen_enqueue=1
[Task 79] Task eseguito su STARLINK-6195 46.346387054858134 degrees | CPU=13.8383J, NET=0.0000J, TOTAL=13.8383J, Remaining=79858.75J
[38.796] Task 79 served on STARLINK-6195 qlen_enqueue_cpu=1 qlen_enqueue_net=None time_in_queue=0.000
---> Task 80 (Type: Generic_Service) arriva in 38.88
--- [38.88] Task 80 using SearchNode Policy: v1_heuristic ---
[80] Filtro euristico: DTS-TMAX
[38.88] [Task 80] Routed STARLINK-11403 [DTC] -> STARLINK-34909 | E_NET=0.000031 J | Remaining=79999.99 J
[38.878] Task 80 enqueued on CPU STARLINK-34909 qlen_enqueue=1
[79][GREEDY] STARLINK-6195 -> STARLINK-11403 [DTC] | Tramission-time: 0.0009941842573155711
[79] Energy routing consumed by STARLINK-6195: 0.000000 J (remaining 79858.75)
[Task 80] Task eseguito su STARLINK-34909 40.22172970096779 degrees | CPU=23.3577J, NET=0.0000J, TOTAL=23.3578J, Remaining=79976.64J
[38.910] Task 80 served on STARLINK-34909 qlen_enqueue_cpu=1 qlen_enqueue_net=None time_in_queue=0.000
[MODE: BIDIRECTIONAL]
[79][GREEDY] CONSEGNATO! STARLINK-11403 [DTC] -> OBS | Tramission-time: 1.1788829332146234e-11
[80][GREEDY] STARLINK-34909 -> STARLINK-11403 [DTC] | Tramission-time: 0.0018569512125312785
[80] Energy routing consumed by STARLINK-34909: 0.000000 J (remaining 79976.64)
[MODE: BIDIRECTIONAL]
[80][GREEDY] CONSEGNATO! STARLINK-11403 [DTC] -> OBS | Tramission-time: 2.706130160087911e-11
[Task 78] Task eseguito su STARLINK-30223 40.59659745660814 degrees | CPU=1079.3947J, NET=0.0000J, TOTAL=1079.3947J, Remaining=78920.61J
[39.785] Task 78 served on STARLINK-30223 qlen_enqueue_cpu=1 qlen_enqueue_net=None time_in_queue=0.000
[78][GREEDY] STARLINK-30223 -> STARLINK-11403 [DTC] | Tramission-time: 0.001162782588117982
[78] Energy routing consumed by STARLINK-30223: 0.000000 J (remaining 78920.61)
[MODE: BIDIRECTIONAL]
[78][GREEDY] CONSEGNATO! STARLINK-11403 [DTC] -> OBS | Tramission-time: 1.164348300891685e-11
----------------------------------------------------------------------
	||TIME IN SIMULATION : (seconds:40) (minutes: 0) ||

MODIFICA CONFIGURAZIONE IN CORSO...

Aggiornato il Tempo Globale:  2025-11-20 20:55:54
---> Task 81 (Type: CPU_Intensive) arriva in 40.14
--- [40.14] Task 81 using SearchNode Policy: v1_heuristic ---
[81] Filtro euristico: DTS-TMAX
[40.14] [Task 81] Routed STARLINK-11403 [DTC] -> STARLINK-34909 | E_NET=0.000009 J | Remaining=79999.99 J
[40.143] Task 81 enqueued on CPU STARLINK-34909 qlen_enqueue=1
[Task 81] Task eseguito su STARLINK-34909 40.68072211343787 degrees | CPU=17.3818J, NET=0.0000J, TOTAL=17.3818J, Remaining=79959.26J
[40.166] Task 81 served on STARLINK-34909 qlen_enqueue_cpu=1 qlen_enqueue_net=None time_in_queue=0.000
[81][GREEDY] STARLINK-34909 -> STARLINK-11403 [DTC] | Tramission-time: 0.0018077947752398289
[81] Energy routing consumed by STARLINK-34909: 0.000000 J (remaining 79959.26)
[MODE: BIDIRECTIONAL]
[81][GREEDY] CONSEGNATO! STARLINK-11403 [DTC] -> OBS | Tramission-time: 9.189644192275252e-12
---> Task 82 (Type: Generic_Service) arriva in 40.41
--- [40.41] Task 82 using SearchNode Policy: v1_heuristic ---
[82] Filtro euristico: DTS-TMAX
[40.41] [Task 82] Routed STARLINK-11403 [DTC] -> STARLINK-34909 | E_NET=0.000027 J | Remaining=79999.99 J
[40.417] Task 82 enqueued on CPU STARLINK-34909 qlen_enqueue=1
[Task 82] Task eseguito su STARLINK-34909 40.68072211343787 degrees | CPU=26.9259J, NET=0.0000J, TOTAL=26.9260J, Remaining=79932.33J
[40.453] Task 82 served on STARLINK-34909 qlen_enqueue_cpu=1 qlen_enqueue_net=None time_in_queue=0.000
[82][GREEDY] STARLINK-34909 -> STARLINK-11403 [DTC] | Tramission-time: 0.0018077947926145594
[82] Energy routing consumed by STARLINK-34909: 0.000000 J (remaining 79932.33)
[MODE: BIDIRECTIONAL]
[82][GREEDY] CONSEGNATO! STARLINK-11403 [DTC] -> OBS | Tramission-time: 3.5163855063925804e-11
---> Task 83 (Type: Generic_Service) arriva in 41.05
--- [41.05] Task 83 using SearchNode Policy: v1_heuristic ---
[83] Filtro euristico: DTS-TMAX
[41.05] [Task 83] Routed STARLINK-11403 [DTC] -> STARLINK-31220 | E_NET=0.000026 J | Remaining=79999.99 J
[41.048] Task 83 enqueued on CPU STARLINK-31220 qlen_enqueue=1
[Task 83] Task eseguito su STARLINK-31220 47.17383870151171 degrees | CPU=7.1821J, NET=0.0000J, TOTAL=7.1821J, Remaining=79696.78J
[41.059] Task 83 served on STARLINK-31220 qlen_enqueue_cpu=1 qlen_enqueue_net=None time_in_queue=0.000
[83][GREEDY] STARLINK-31220 -> STARLINK-11403 [DTC] | Tramission-time: 0.0006953701229593868
[83] Energy routing consumed by STARLINK-31220: 0.000000 J (remaining 79696.78)
---> Task 84 (Type: CPU_Intensive) arriva in 41.11
--- [41.11] Task 84 using SearchNode Policy: v1_heuristic ---
[84] Filtro euristico: DTS-TMAX
[41.11] [Task 84] Routed STARLINK-11403 [DTC] -> STARLINK-34909 | E_NET=0.000023 J | Remaining=79999.99 J
[41.115] Task 84 enqueued on CPU STARLINK-34909 qlen_enqueue=1
[MODE: BIDIRECTIONAL]
[83][GREEDY] CONSEGNATO! STARLINK-11403 [DTC] -> OBS | Tramission-time: 2.6044269829849246e-11
---> Task 85 (Type: CPU_Intensive) arriva in 41.35
--- [41.35] Task 85 using SearchNode Policy: v1_heuristic ---
[85] Filtro euristico: DTS-TMAX
[41.35] [Task 85] Routed STARLINK-11403 [DTC] -> STARLINK-2116 | E_NET=0.000026 J | Remaining=79999.99 J
[41.347] Task 85 enqueued on CPU STARLINK-2116 qlen_enqueue=1
[Task 84] Task eseguito su STARLINK-34909 40.68072211343787 degrees | CPU=479.8270J, NET=0.0000J, TOTAL=479.8270J, Remaining=79452.51J
[41.718] Task 84 served on STARLINK-34909 qlen_enqueue_cpu=1 qlen_enqueue_net=None time_in_queue=0.000
[84][GREEDY] STARLINK-34909 -> STARLINK-11403 [DTC] | Tramission-time: 0.0018077947928003533
[84] Energy routing consumed by STARLINK-34909: 0.000000 J (remaining 79452.51)
[MODE: BIDIRECTIONAL]
[84][GREEDY] CONSEGNATO! STARLINK-11403 [DTC] -> OBS | Tramission-time: 2.9828494001513086e-11
----------------------------------------------------------------------
	||TIME IN SIMULATION : (seconds:42) (minutes: 0) ||

MODIFICA CONFIGURAZIONE IN CORSO...

Aggiornato il Tempo Globale:  2025-11-20 20:55:56
---> Task 86 (Type: Generic_Service) arriva in 42.15
--- [42.15] Task 86 using SearchNode Policy: v1_heuristic ---
[86] Filtro euristico: DTS-TMAX
[42.15] [Task 86] Routed STARLINK-11403 [DTC] -> STARLINK-35136 | E_NET=0.000031 J | Remaining=79999.99 J
[42.149] Task 86 enqueued on CPU STARLINK-35136 qlen_enqueue=1
[Task 86] Task eseguito su STARLINK-35136 43.56218113736996 degrees | CPU=61.9844J, NET=0.0000J, TOTAL=61.9844J, Remaining=79938.02J
[42.229] Task 86 served on STARLINK-35136 qlen_enqueue_cpu=1 qlen_enqueue_net=None time_in_queue=0.000
[86][GREEDY] STARLINK-35136 -> STARLINK-11403 [DTC] | Tramission-time: 0.002171555246524568
[86] Energy routing consumed by STARLINK-35136: 0.000000 J (remaining 79938.02)
[MODE: BIDIRECTIONAL]
[86][GREEDY] CONSEGNATO! STARLINK-11403 [DTC] -> OBS | Tramission-time: 3.4609923050273916e-11
[Task 85] Task eseguito su STARLINK-2116 53.087161762348444 degrees | CPU=881.0587J, NET=0.0000J, TOTAL=881.0587J, Remaining=78989.60J
[42.452] Task 85 served on STARLINK-2116 qlen_enqueue_cpu=1 qlen_enqueue_net=None time_in_queue=0.000
---> Task 87 (Type: Generic_Service) arriva in 42.48
--- [42.48] Task 87 using SearchNode Policy: v1_heuristic ---
[87] Filtro euristico: DTS-TMAX
[42.48] [Task 87] Routed STARLINK-11403 [DTC] -> STARLINK-35136 | E_NET=0.000023 J | Remaining=79999.99 J
[42.482] Task 87 enqueued on CPU STARLINK-35136 qlen_enqueue=1
[MODE: BIDIRECTIONAL]
[85][GREEDY] CONSEGNATO! STARLINK-2116 -> OBS | Tramission-time: 2.7551900486586442e-11
[Task 87] Task eseguito su STARLINK-35136 43.56218113736996 degrees | CPU=25.6587J, NET=0.0000J, TOTAL=25.6588J, Remaining=79912.36J
[42.516] Task 87 served on STARLINK-35136 qlen_enqueue_cpu=1 qlen_enqueue_net=None time_in_queue=0.000
---> Task 88 (Type: CPU_Intensive) arriva in 42.53
--- [42.53] Task 88 using SearchNode Policy: v1_heuristic ---
[88] Filtro euristico: DTS-TMAX
[42.53] [Task 88] Routed STARLINK-11403 [DTC] -> STARLINK-35136 | E_NET=0.000009 J | Remaining=79999.99 J
[42.529] Task 88 enqueued on CPU STARLINK-35136 qlen_enqueue=1
[Task 88] Task eseguito su STARLINK-35136 43.56218113736996 degrees | CPU=43.6101J, NET=0.0000J, TOTAL=43.6101J, Remaining=79868.75J
[42.584] Task 88 served on STARLINK-35136 qlen_enqueue_cpu=1 qlen_enqueue_net=None time_in_queue=0.000
[87][GREEDY] STARLINK-35136 -> STARLINK-11403 [DTC] | Tramission-time: 0.002171555240756564
[87] Energy routing consumed by STARLINK-35136: 0.000000 J (remaining 79868.75)
[MODE: BIDIRECTIONAL]
[87][GREEDY] CONSEGNATO! STARLINK-11403 [DTC] -> OBS | Tramission-time: 2.0740349532843247e-11
[88][GREEDY] STARLINK-35136 -> STARLINK-11403 [DTC] | Tramission-time: 0.0021715552244140615
[88] Energy routing consumed by STARLINK-35136: 0.000000 J (remaining 79868.75)
[MODE: BIDIRECTIONAL]
[88][GREEDY] CONSEGNATO! STARLINK-11403 [DTC] -> OBS | Tramission-time: 9.149132056299643e-12
---> Task 89 (Type: CPU_Intensive) arriva in 43.59
--- [43.59] Task 89 using SearchNode Policy: v1_heuristic ---
[89] Filtro euristico: DTS-TMAX
[43.59] [Task 89] Routed STARLINK-11403 [DTC] -> STARLINK-35136 | E_NET=0.000032 J | Remaining=79999.99 J
[43.589] Task 89 enqueued on CPU STARLINK-35136 qlen_enqueue=1
[Task 89] Task eseguito su STARLINK-35136 43.56218113736996 degrees | CPU=320.0597J, NET=0.0000J, TOTAL=320.0597J, Remaining=79548.69J
[43.992] Task 89 served on STARLINK-35136 qlen_enqueue_cpu=1 qlen_enqueue_net=None time_in_queue=0.000
----------------------------------------------------------------------
	||TIME IN SIMULATION : (seconds:44) (minutes: 0) ||

MODIFICA CONFIGURAZIONE IN CORSO...

Aggiornato il Tempo Globale:  2025-11-20 20:55:58
[89][GREEDY] STARLINK-35136 -> STARLINK-11403 [DTC] | Tramission-time: 0.002110042745655312
[89] Energy routing consumed by STARLINK-35136: 0.000000 J (remaining 79548.69)
[MODE: BIDIRECTIONAL]
[89][GREEDY] CONSEGNATO! STARLINK-11403 [DTC] -> OBS | Tramission-time: 2.83864799887971e-11
---> Task 90 (Type: Generic_Service) arriva in 44.39
--- [44.39] Task 90 using SearchNode Policy: v1_heuristic ---
[90] Filtro euristico: DTS-TMAX
[44.39] [Task 90] Routed STARLINK-11403 [DTC] -> STARLINK-5854 | E_NET=0.000019 J | Remaining=79999.99 J
[44.394] Task 90 enqueued on CPU STARLINK-5854 qlen_enqueue=1
---> Task 91 (Type: CPU_and_Data_Intensive) arriva in 44.43
--- [44.43] Task 91 using SearchNode Policy: v1_heuristic ---
[91] Filtro euristico: DTS-TMAX
[Task 91] Nessun server rimasto dopo i filtri (deadline/sunset).
[Task 91] REJECTED on STARLINK-11403 [DTC] due to: No suitable server found after deadline/sunset filters
[Task 90] Task eseguito su STARLINK-5854 40.12570767074374 degrees | CPU=78.9326J, NET=0.0000J, TOTAL=78.9326J, Remaining=79921.07J
[44.494] Task 90 served on STARLINK-5854 qlen_enqueue_cpu=1 qlen_enqueue_net=None time_in_queue=0.000
[90][GREEDY] STARLINK-5854 -> STARLINK-11403 [DTC] | Tramission-time: 0.0014139159591761046
[90] Energy routing consumed by STARLINK-5854: 0.000000 J (remaining 79921.07)
[MODE: BIDIRECTIONAL]
[90][GREEDY] CONSEGNATO! STARLINK-11403 [DTC] -> OBS | Tramission-time: 1.7556969681999006e-11
---> Task 92 (Type: CPU_and_Data_Intensive) arriva in 45.56
--- [45.56] Task 92 using SearchNode Policy: v1_heuristic ---
[92] Filtro euristico: DTS-TMAX
[Task 92] Nessun server rimasto dopo i filtri (deadline/sunset).
[Task 92] REJECTED on STARLINK-11403 [DTC] due to: No suitable server found after deadline/sunset filters
----------------------------------------------------------------------
	||TIME IN SIMULATION : (seconds:46) (minutes: 0) ||

MODIFICA CONFIGURAZIONE IN CORSO...

Aggiornato il Tempo Globale:  2025-11-20 20:56:00
---> Task 93 (Type: Generic_Service) arriva in 46.16
--- [46.16] Task 93 using SearchNode Policy: v1_heuristic ---
[93] Filtro euristico: DTS-TMAX
[46.16] [Task 93] Routed STARLINK-11403 [DTC] -> STARLINK-5854 | E_NET=0.000028 J | Remaining=79999.99 J
[46.163] Task 93 enqueued on CPU STARLINK-5854 qlen_enqueue=1
---> Task 94 (Type: Generic_Service) arriva in 46.16
--- [46.16] Task 94 using SearchNode Policy: v1_heuristic ---
[94] Filtro euristico: DTS-TMAX
[46.16] [Task 94] Routed STARLINK-11403 [DTC] -> STARLINK-6195 | E_NET=0.000027 J | Remaining=79999.99 J
[46.166] Task 94 enqueued on CPU STARLINK-6195 qlen_enqueue=1
[Task 94] Task eseguito su STARLINK-6195 49.732809934908374 degrees | CPU=17.2633J, NET=0.0000J, TOTAL=17.2634J, Remaining=79841.49J
[46.189] Task 94 served on STARLINK-6195 qlen_enqueue_cpu=1 qlen_enqueue_net=None time_in_queue=0.000
[94][GREEDY] STARLINK-6195 -> STARLINK-11403 [DTC] | Tramission-time: 0.0009853372694454301
[94] Energy routing consumed by STARLINK-6195: 0.000000 J (remaining 79841.49)
[Task 93] Task eseguito su STARLINK-5854 40.47195529927015 degrees | CPU=40.3973J, NET=0.0000J, TOTAL=40.3973J, Remaining=79880.67J
[46.216] Task 93 served on STARLINK-5854 qlen_enqueue_cpu=1 qlen_enqueue_net=None time_in_queue=0.000
[MODE: BIDIRECTIONAL]
[94][GREEDY] CONSEGNATO! STARLINK-11403 [DTC] -> OBS | Tramission-time: 2.933506258948849e-11
[93][GREEDY] STARLINK-5854 -> STARLINK-11403 [DTC] | Tramission-time: 0.0014254560235994473
[93] Energy routing consumed by STARLINK-5854: 0.000000 J (remaining 79880.67)
[MODE: BIDIRECTIONAL]
[93][GREEDY] CONSEGNATO! STARLINK-11403 [DTC] -> OBS | Tramission-time: 3.3235440234949186e-11
---> Task 95 (Type: CPU_and_Data_Intensive) arriva in 46.45
--- [46.45] Task 95 using SearchNode Policy: v1_heuristic ---
[95] Filtro euristico: DTS-TMAX
[46.45] [Task 95] Routed STARLINK-11403 [DTC] -> STARLINK-5854 | E_NET=0.099530 J | Remaining=79999.89 J
[46.546] Task 95 enqueued on CPU STARLINK-5854 qlen_enqueue=1
---> Task 96 (Type: CPU_and_Data_Intensive) arriva in 46.69
--- [46.69] Task 96 using SearchNode Policy: v1_heuristic ---
[96] Filtro euristico: DTS-TMAX
[46.69] [Task 96] Routed STARLINK-11403 [DTC] -> STARLINK-30578 | E_NET=0.000803 J | Remaining=79999.89 J
[46.691] Task 96 enqueued on CPU STARLINK-30578 qlen_enqueue=1
---> Task 97 (Type: CPU_Intensive) arriva in 46.79
--- [46.79] Task 97 using SearchNode Policy: v1_heuristic ---
[97] Filtro euristico: DTS-TMAX
[46.79] [Task 97] Routed STARLINK-11403 [DTC] -> STARLINK-6195 | E_NET=0.000021 J | Remaining=79999.89 J
[46.790] Task 97 enqueued on CPU STARLINK-6195 qlen_enqueue=1
[46.820] Task 96 enqueued on NET STARLINK-30578 qlen_enqueue_net=1
[Task 96] Task eseguito su STARLINK-30578 64.68272084367197 degrees | CPU=103.3922J, NET=0.0008J, TOTAL=103.3931J, Remaining=79741.32J
[46.821] Task 96 served on STARLINK-30578 qlen_enqueue_cpu=1 qlen_enqueue_net=1 time_in_queue=0.000
[96][GREEDY] STARLINK-30578 -> STARLINK-11403 [DTC] | Tramission-time: 0.001907742468045939
[96] Energy routing consumed by STARLINK-30578: 0.000000 J (remaining 79741.32)
[MODE: BIDIRECTIONAL]
[96][GREEDY] CONSEGNATO! STARLINK-11403 [DTC] -> OBS | Tramission-time: 6.239153236675922e-10
[47.640] Task 95 enqueued on NET STARLINK-5854 qlen_enqueue_net=1
[Task 95] Task eseguito su STARLINK-5854 40.47195529927015 degrees | CPU=874.1783J, NET=0.1400J, TOTAL=874.3183J, Remaining=79006.35J
[47.780] Task 95 served on STARLINK-5854 qlen_enqueue_cpu=1 qlen_enqueue_net=1 time_in_queue=0.000
[95][GREEDY] STARLINK-5854 -> STARLINK-11403 [DTC] | Tramission-time: 0.0014255813173729356
[95] Energy routing consumed by STARLINK-5854: 0.000000 J (remaining 79006.35)
[Task 97] Task eseguito su STARLINK-6195 49.732809934908374 degrees | CPU=850.6059J, NET=0.0000J, TOTAL=850.6060J, Remaining=78990.88J
[47.857] Task 97 served on STARLINK-6195 qlen_enqueue_cpu=1 qlen_enqueue_net=None time_in_queue=0.000
[MODE: BIDIRECTIONAL]
[95][GREEDY] CONSEGNATO! STARLINK-11403 [DTC] -> OBS | Tramission-time: 1.15392780564089e-07
[97][GREEDY] STARLINK-6195 -> STARLINK-11403 [DTC] | Tramission-time: 0.0009853372623633617
[97] Energy routing consumed by STARLINK-6195: 0.000000 J (remaining 78990.88)
----------------------------------------------------------------------
	||TIME IN SIMULATION : (seconds:48) (minutes: 0) ||

MODIFICA CONFIGURAZIONE IN CORSO...

Aggiornato il Tempo Globale:  2025-11-20 20:56:02
[MODE: BIDIRECTIONAL]
[97][GREEDY] CONSEGNATO! STARLINK-11403 [DTC] -> OBS | Tramission-time: 1.954688578529494e-11
---> Task 98 (Type: Generic_Service) arriva in 48.18
--- [48.18] Task 98 using SearchNode Policy: v1_heuristic ---
[98] Filtro euristico: DTS-TMAX
[48.18] [Task 98] Routed STARLINK-11403 [DTC] -> STARLINK-34011 | E_NET=0.000032 J | Remaining=79999.89 J
[48.178] Task 98 enqueued on CPU STARLINK-34011 qlen_enqueue=1
[Task 98] Task eseguito su STARLINK-34011 40.06939378896692 degrees | CPU=29.8698J, NET=0.0000J, TOTAL=29.8698J, Remaining=79970.13J
[48.218] Task 98 served on STARLINK-34011 qlen_enqueue_cpu=1 qlen_enqueue_net=None time_in_queue=0.000
[98][GREEDY] STARLINK-34011 -> STARLINK-11403 [DTC] | Tramission-time: 0.002113077468409652
[98] Energy routing consumed by STARLINK-34011: 0.000000 J (remaining 79970.13)
[MODE: BIDIRECTIONAL]
[98][GREEDY] CONSEGNATO! STARLINK-11403 [DTC] -> OBS | Tramission-time: 2.8670606206167954e-11
---> Task 99 (Type: CPU_Intensive) arriva in 48.48
--- [48.48] Task 99 using SearchNode Policy: v1_heuristic ---
[99] Filtro euristico: DTS-TMAX
[48.48] [Task 99] Routed STARLINK-11403 [DTC] -> STARLINK-34011 | E_NET=0.000014 J | Remaining=79999.89 J
[48.480] Task 99 enqueued on CPU STARLINK-34011 qlen_enqueue=1
[Task 99] Task eseguito su STARLINK-34011 40.06939378896692 degrees | CPU=353.2863J, NET=0.0000J, TOTAL=353.2863J, Remaining=79616.84J
[48.924] Task 99 served on STARLINK-34011 qlen_enqueue_cpu=1 qlen_enqueue_net=None time_in_queue=0.000
[99][GREEDY] STARLINK-34011 -> STARLINK-11403 [DTC] | Tramission-time: 0.002113077454707673
[99] Energy routing consumed by STARLINK-34011: 0.000000 J (remaining 79616.84)
[MODE: BIDIRECTIONAL]
[99][GREEDY] CONSEGNATO! STARLINK-11403 [DTC] -> OBS | Tramission-time: 1.3184341155969467e-11
---> Task 100 (Type: CPU_Intensive) arriva in 49.92
--- [49.92] Task 100 using SearchNode Policy: v1_heuristic ---
[100] Filtro euristico: DTS-TMAX
[49.92] [Task 100] Routed STARLINK-11403 [DTC] -> STARLINK-1068 | E_NET=0.000019 J | Remaining=79999.89 J
[49.918] Task 100 enqueued on CPU STARLINK-1068 qlen_enqueue=1
----------------------------------------------------------------------
	||TIME IN SIMULATION : (seconds:50) (minutes: 0) ||

MODIFICA CONFIGURAZIONE IN CORSO...

Aggiornato il Tempo Globale:  2025-11-20 20:56:04
[Task 100] Task eseguito su STARLINK-1068 48.16150803280336 degrees | CPU=500.9387J, NET=0.0000J, TOTAL=500.9387J, Remaining=79303.98J
[50.547] Task 100 served on STARLINK-1068 qlen_enqueue_cpu=1 qlen_enqueue_net=None time_in_queue=0.000
[100][GREEDY] STARLINK-1068 -> STARLINK-11403 [DTC] | Tramission-time: 0.0013296578279137527
[100] Energy routing consumed by STARLINK-1068: 0.000000 J (remaining 79303.98)
[MODE: BIDIRECTIONAL]
[100][GREEDY] CONSEGNATO! STARLINK-11403 [DTC] -> OBS | Tramission-time: 1.3792558631328241e-11
---> Task 101 (Type: Generic_Service) arriva in 50.81
--- [50.81] Task 101 using SearchNode Policy: v1_heuristic ---
[101] Filtro euristico: DTS-TMAX
[50.81] [Task 101] Routed STARLINK-11403 [DTC] -> STARLINK-5520 | E_NET=0.000014 J | Remaining=79999.89 J
[50.815] Task 101 enqueued on CPU STARLINK-5520 qlen_enqueue=1
[Task 101] Task eseguito su STARLINK-5520 49.14210837831378 degrees | CPU=12.9999J, NET=0.0000J, TOTAL=12.9999J, Remaining=79760.94J
[50.832] Task 101 served on STARLINK-5520 qlen_enqueue_cpu=1 qlen_enqueue_net=None time_in_queue=0.000
[101][GREEDY] STARLINK-5520 -> STARLINK-11403 [DTC] | Tramission-time: 0.0015951900327724517
[101] Energy routing consumed by STARLINK-5520: 0.000000 J (remaining 79760.94)
[MODE: BIDIRECTIONAL]
[101][GREEDY] CONSEGNATO! STARLINK-11403 [DTC] -> OBS | Tramission-time: 1.2404608560070186e-11
---> Task 102 (Type: CPU_Intensive) arriva in 50.99
--- [50.99] Task 102 using SearchNode Policy: v1_heuristic ---
[102] Filtro euristico: DTS-TMAX
[50.99] [Task 102] Routed STARLINK-11403 [DTC] -> STARLINK-5520 | E_NET=0.000020 J | Remaining=79999.89 J
[50.990] Task 102 enqueued on CPU STARLINK-5520 qlen_enqueue=1
[Task 102] Task eseguito su STARLINK-5520 49.14210837831378 degrees | CPU=248.5036J, NET=0.0000J, TOTAL=248.5036J, Remaining=79512.44J
[51.303] Task 102 served on STARLINK-5520 qlen_enqueue_cpu=1 qlen_enqueue_net=None time_in_queue=0.000
[102][GREEDY] STARLINK-5520 -> STARLINK-11403 [DTC] | Tramission-time: 0.0015951900371981348
[102] Energy routing consumed by STARLINK-5520: 0.000000 J (remaining 79512.44)
[MODE: BIDIRECTIONAL]
[102][GREEDY] CONSEGNATO! STARLINK-11403 [DTC] -> OBS | Tramission-time: 2.49062344164688e-11
---> Task 103 (Type: CPU_Intensive) arriva in 51.44
--- [51.44] Task 103 using SearchNode Policy: v1_heuristic ---
[103] Filtro euristico: DTS-TMAX
[51.44] [Task 103] Routed STARLINK-11403 [DTC] -> STARLINK-30578 | E_NET=0.000004 J | Remaining=79999.89 J
[51.446] Task 103 enqueued on CPU STARLINK-30578 qlen_enqueue=1
[Task 103] Task eseguito su STARLINK-30578 62.27384667186014 degrees | CPU=115.6982J, NET=0.0000J, TOTAL=115.6982J, Remaining=79625.63J
[51.591] Task 103 served on STARLINK-30578 qlen_enqueue_cpu=1 qlen_enqueue_net=None time_in_queue=0.000
[103][GREEDY] STARLINK-30578 -> STARLINK-11403 [DTC] | Tramission-time: 0.00190345849330957
[103] Energy routing consumed by STARLINK-30578: 0.000000 J (remaining 79625.63)
[MODE: BIDIRECTIONAL]
[103][GREEDY] CONSEGNATO! STARLINK-11403 [DTC] -> OBS | Tramission-time: 3.5050902018904434e-12
----------------------------------------------------------------------
	||TIME IN SIMULATION : (seconds:52) (minutes: 0) ||

MODIFICA CONFIGURAZIONE IN CORSO...

Aggiornato il Tempo Globale:  2025-11-20 20:56:06
---> Task 104 (Type: Generic_Service) arriva in 52.55
--- [52.55] Task 104 using SearchNode Policy: v1_heuristic ---
[104] Filtro euristico: DTS-TMAX
[52.55] [Task 104] Routed STARLINK-11403 [DTC] -> STARLINK-31220 | E_NET=0.000032 J | Remaining=79999.89 J
[52.547] Task 104 enqueued on CPU STARLINK-31220 qlen_enqueue=1
[Task 104] Task eseguito su STARLINK-31220 53.653185529719494 degrees | CPU=13.6171J, NET=0.0000J, TOTAL=13.6171J, Remaining=79683.17J
[52.566] Task 104 served on STARLINK-31220 qlen_enqueue_cpu=1 qlen_enqueue_net=None time_in_queue=0.000
[104][GREEDY] STARLINK-31220 -> STARLINK-11403 [DTC] | Tramission-time: 0.0006399901092809895
[104] Energy routing consumed by STARLINK-31220: 0.000000 J (remaining 79683.17)
[MODE: BIDIRECTIONAL]
[104][GREEDY] CONSEGNATO! STARLINK-11403 [DTC] -> OBS | Tramission-time: 2.736171910315381e-11
---> Task 105 (Type: CPU_and_Data_Intensive) arriva in 52.81
--- [52.81] Task 105 using SearchNode Policy: v1_heuristic ---
[105] Filtro euristico: DTS-TMAX
[52.81] [Task 105] Routed STARLINK-11403 [DTC] -> STARLINK-30522 | E_NET=0.119040 J | Remaining=79999.77 J
[52.936] Task 105 enqueued on CPU STARLINK-30522 qlen_enqueue=1
---> Task 106 (Type: CPU_and_Data_Intensive) arriva in 52.96
--- [52.96] Task 106 using SearchNode Policy: v1_heuristic ---
[106] Filtro euristico: DTS-TMAX
[52.96] [Task 106] Routed STARLINK-11403 [DTC] -> STARLINK-31220 | E_NET=0.001356 J | Remaining=79999.77 J
[52.960] Task 106 enqueued on CPU STARLINK-31220 qlen_enqueue=1
---> Task 107 (Type: CPU_Intensive) arriva in 53.01
--- [53.01] Task 107 using SearchNode Policy: v1_heuristic ---
[107] Filtro euristico: DTS-TMAX
[53.01] [Task 107] Routed STARLINK-11403 [DTC] -> STARLINK-6192 | E_NET=0.000022 J | Remaining=79999.77 J
[53.008] Task 107 enqueued on CPU STARLINK-6192 qlen_enqueue=1
[53.098] Task 106 enqueued on NET STARLINK-31220 qlen_enqueue_net=1
[Task 106] Task eseguito su STARLINK-31220 53.653185529719494 degrees | CPU=110.1447J, NET=0.0014J, TOTAL=110.1461J, Remaining=79573.02J
[53.099] Task 106 served on STARLINK-31220 qlen_enqueue_cpu=1 qlen_enqueue_net=1 time_in_queue=0.000
[106][GREEDY] STARLINK-31220 -> STARLINK-11403 [DTC] | Tramission-time: 0.0006399914024080113
[106] Energy routing consumed by STARLINK-31220: 0.000000 J (remaining 79573.02)
[MODE: BIDIRECTIONAL]
[106][GREEDY] CONSEGNATO! STARLINK-11403 [DTC] -> OBS | Tramission-time: 9.227783431137501e-10
[Task 107] Task eseguito su STARLINK-6192 68.1898848094909 degrees | CPU=211.3367J, NET=0.0000J, TOTAL=211.3367J, Remaining=79436.41J
[53.275] Task 107 served on STARLINK-6192 qlen_enqueue_cpu=1 qlen_enqueue_net=None time_in_queue=0.000
[107][GREEDY] STARLINK-6192 -> STARLINK-11403 [DTC] | Tramission-time: 0.0016536112591589325
[107] Energy routing consumed by STARLINK-6192: 0.000000 J (remaining 79436.41)
[MODE: BIDIRECTIONAL]
[107][GREEDY] CONSEGNATO! STARLINK-11403 [DTC] -> OBS | Tramission-time: 2.4194089640931483e-11
[53.817] Task 105 enqueued on NET STARLINK-30522 qlen_enqueue_net=1
[Task 105] Task eseguito su STARLINK-30522 56.122370367431344 degrees | CPU=704.4345J, NET=0.1691J, TOTAL=704.6036J, Remaining=79001.99J
[53.987] Task 105 served on STARLINK-30522 qlen_enqueue_cpu=1 qlen_enqueue_net=1 time_in_queue=0.000
----------------------------------------------------------------------
	||TIME IN SIMULATION : (seconds:54) (minutes: 0) ||

MODIFICA CONFIGURAZIONE IN CORSO...

Aggiornato il Tempo Globale:  2025-11-20 20:56:08
[105][GREEDY] STARLINK-30522 -> STARLINK-11403 [DTC] | Tramission-time: 0.0020715068946075238
[105] Energy routing consumed by STARLINK-30522: 0.000000 J (remaining 79001.99)
[MODE: BIDIRECTIONAL]
[105][GREEDY] CONSEGNATO! STARLINK-11403 [DTC] -> OBS | Tramission-time: 1.352481187467233e-07
---> Task 108 (Type: Generic_Service) arriva in 54.92
--- [54.92] Task 108 using SearchNode Policy: v1_heuristic ---
[108] Filtro euristico: DTS-TMAX
[54.92] [Task 108] Routed STARLINK-11403 [DTC] -> STARLINK-30578 | E_NET=0.000026 J | Remaining=79999.77 J
[54.922] Task 108 enqueued on CPU STARLINK-30578 qlen_enqueue=1
---> Task 109 (Type: CPU_Intensive) arriva in 54.95
--- [54.95] Task 109 using SearchNode Policy: v1_heuristic ---
[109] Filtro euristico: DTS-TMAX
[54.95] [Task 109] Routed STARLINK-11403 [DTC] -> STARLINK-34011 | E_NET=0.000028 J | Remaining=79999.77 J
[54.948] Task 109 enqueued on CPU STARLINK-34011 qlen_enqueue=1
[Task 108] Task eseguito su STARLINK-30578 59.950699109061865 degrees | CPU=51.6435J, NET=0.0000J, TOTAL=51.6436J, Remaining=79573.98J
[54.989] Task 108 served on STARLINK-30578 qlen_enqueue_cpu=1 qlen_enqueue_net=None time_in_queue=0.000
[108][GREEDY] STARLINK-30578 -> STARLINK-11403 [DTC] | Tramission-time: 0.0018991766076633507
[108] Energy routing consumed by STARLINK-30578: 0.000000 J (remaining 79573.98)
[MODE: BIDIRECTIONAL]
[108][GREEDY] CONSEGNATO! STARLINK-11403 [DTC] -> OBS | Tramission-time: 2.524598443584166e-11
---> Task 110 (Type: Generic_Service) arriva in 55.48
--- [55.48] Task 110 using SearchNode Policy: v1_heuristic ---
[110] Filtro euristico: DTS-TMAX
[55.48] [Task 110] Routed STARLINK-11403 [DTC] -> STARLINK-30971 | E_NET=0.000027 J | Remaining=79999.77 J
[55.483] Task 110 enqueued on CPU STARLINK-30971 qlen_enqueue=1
[Task 110] Task eseguito su STARLINK-30971 73.23727931112455 degrees | CPU=36.9535J, NET=0.0000J, TOTAL=36.9536J, Remaining=79573.36J
[55.531] Task 110 served on STARLINK-30971 qlen_enqueue_cpu=1 qlen_enqueue_net=None time_in_queue=0.000
[MODE: BIDIRECTIONAL]
[110][GREEDY] CONSEGNATO! STARLINK-30971 -> OBS | Tramission-time: 2.4143997614974287e-11
---> Task 111 (Type: CPU_and_Data_Intensive) arriva in 55.91
--- [55.91] Task 111 using SearchNode Policy: v1_heuristic ---
[111] Filtro euristico: DTS-TMAX
[55.91] [Task 111] Routed STARLINK-11403 [DTC] -> STARLINK-30578 | E_NET=0.003044 J | Remaining=79999.77 J
[55.913] Task 111 enqueued on CPU STARLINK-30578 qlen_enqueue=1
----------------------------------------------------------------------
	||TIME IN SIMULATION : (seconds:56) (minutes: 0) ||

MODIFICA CONFIGURAZIONE IN CORSO...

Aggiornato il Tempo Globale:  2025-11-20 20:56:10
---> Task 112 (Type: CPU_Intensive) arriva in 56.10
--- [56.10] Task 112 using SearchNode Policy: v1_heuristic ---
[112] Filtro euristico: DTS-TMAX
[56.10] [Task 112] Routed STARLINK-11403 [DTC] -> STARLINK-30971 | E_NET=0.000016 J | Remaining=79999.77 J
[56.096] Task 112 enqueued on CPU STARLINK-30971 qlen_enqueue=1
---> Task 113 (Type: CPU_and_Data_Intensive) arriva in 56.16
--- [56.16] Task 113 using SearchNode Policy: v1_heuristic ---
[113] Filtro euristico: DTS-TMAX
[56.16] [Task 113] Routed STARLINK-11403 [DTC] -> STARLINK-31220 | E_NET=0.001027 J | Remaining=79999.77 J
[56.157] Task 113 enqueued on CPU STARLINK-31220 qlen_enqueue=1
[Task 112] Task eseguito su STARLINK-30971 74.25509064645776 degrees | CPU=400.1965J, NET=0.0000J, TOTAL=400.1966J, Remaining=79173.16J
[56.598] Task 112 served on STARLINK-30971 qlen_enqueue_cpu=1 qlen_enqueue_net=None time_in_queue=0.000
[112][GREEDY] STARLINK-30971 -> STARLINK-11403 [DTC] | Tramission-time: 0.0007617828465797796
[112] Energy routing consumed by STARLINK-30971: 0.000000 J (remaining 79173.16)
[MODE: BIDIRECTIONAL]
[112][GREEDY] CONSEGNATO! STARLINK-11403 [DTC] -> OBS | Tramission-time: 1.3615704872901328e-11
[Task 109] Task eseguito su STARLINK-34011 41.01481542181968 degrees | CPU=1358.1562J, NET=0.0000J, TOTAL=1358.1562J, Remaining=78258.69J
[56.650] Task 109 served on STARLINK-34011 qlen_enqueue_cpu=1 qlen_enqueue_net=None time_in_queue=0.000
[109][GREEDY] STARLINK-34011 -> STARLINK-11403 [DTC] | Tramission-time: 0.002065266537804526
[109] Energy routing consumed by STARLINK-34011: 0.000000 J (remaining 78258.69)
[56.750] Task 111 enqueued on NET STARLINK-30578 qlen_enqueue_net=1
[Task 111] Task eseguito su STARLINK-30578 58.821911435672845 degrees | CPU=668.7033J, NET=0.0043J, TOTAL=668.7076J, Remaining=78905.27J
[56.754] Task 111 served on STARLINK-30578 qlen_enqueue_cpu=1 qlen_enqueue_net=1 time_in_queue=0.000
[111][GREEDY] STARLINK-30578 -> STARLINK-11403 [DTC] | Tramission-time: 0.0018970399066566476
[111] Energy routing consumed by STARLINK-30578: 0.000000 J (remaining 78905.27)
[MODE: BIDIRECTIONAL]
[109][GREEDY] CONSEGNATO! STARLINK-11403 [DTC] -> OBS | Tramission-time: 3.188574728465798e-11
[56.937] Task 113 enqueued on NET STARLINK-31220 qlen_enqueue_net=1
[Task 113] Task eseguito su STARLINK-31220 56.04343480161388 degrees | CPU=622.9863J, NET=0.0013J, TOTAL=622.9876J, Remaining=78950.03J
[56.938] Task 113 served on STARLINK-31220 qlen_enqueue_cpu=1 qlen_enqueue_net=1 time_in_queue=0.000
[MODE: BIDIRECTIONAL]
[111][GREEDY] CONSEGNATO! STARLINK-11403 [DTC] -> OBS | Tramission-time: 2.9877677643254394e-09
[MODE: BIDIRECTIONAL]
[113][GREEDY] CONSEGNATO! STARLINK-31220 -> OBS | Tramission-time: 8.421377986539126e-10
---> Task 114 (Type: CPU_Intensive) arriva in 57.13
--- [57.13] Task 114 using SearchNode Policy: v1_heuristic ---
[114] Filtro euristico: DTS-TMAX
[57.13] [Task 114] Routed STARLINK-11403 [DTC] -> STARLINK-3127 | E_NET=0.000030 J | Remaining=79999.77 J
[57.130] Task 114 enqueued on CPU STARLINK-3127 qlen_enqueue=1
[Task 114] Task eseguito su STARLINK-3127 65.21568312033035 degrees | CPU=84.4324J, NET=0.0000J, TOTAL=84.4325J, Remaining=79488.53J
[57.238] Task 114 served on STARLINK-3127 qlen_enqueue_cpu=1 qlen_enqueue_net=None time_in_queue=0.000
[114][GREEDY] STARLINK-3127 -> STARLINK-11403 [DTC] | Tramission-time: 0.0016219680964311039
[114] Energy routing consumed by STARLINK-3127: 0.000000 J (remaining 79488.53)
[MODE: BIDIRECTIONAL]
[114][GREEDY] CONSEGNATO! STARLINK-11403 [DTC] -> OBS | Tramission-time: 3.4275248498566164e-11
---> Task 115 (Type: CPU_Intensive) arriva in 57.43
--- [57.43] Task 115 using SearchNode Policy: v1_heuristic ---
[115] Filtro euristico: DTS-TMAX
[57.43] [Task 115] Routed STARLINK-11403 [DTC] -> STARLINK-6246 | E_NET=0.000026 J | Remaining=79999.77 J
[57.433] Task 115 enqueued on CPU STARLINK-6246 qlen_enqueue=1
----------------------------------------------------------------------
	||TIME IN SIMULATION : (seconds:58) (minutes: 0) ||

MODIFICA CONFIGURAZIONE IN CORSO...

Aggiornato il Tempo Globale:  2025-11-20 20:56:12
[Task 115] Task eseguito su STARLINK-6246 59.646487339992944 degrees | CPU=510.3009J, NET=0.0000J, TOTAL=510.3009J, Remaining=79043.79J
[58.073] Task 115 served on STARLINK-6246 qlen_enqueue_cpu=1 qlen_enqueue_net=None time_in_queue=0.000
[115][GREEDY] STARLINK-6246 -> STARLINK-11403 [DTC] | Tramission-time: 0.0016991501607968027
[115] Energy routing consumed by STARLINK-6246: 0.000000 J (remaining 79043.79)
[MODE: BIDIRECTIONAL]
[115][GREEDY] CONSEGNATO! STARLINK-11403 [DTC] -> OBS | Tramission-time: 2.1815171410002694e-11
---> Task 116 (Type: Generic_Service) arriva in 59.23
--- [59.23] Task 116 using SearchNode Policy: v1_heuristic ---
[116] Filtro euristico: DTS-TMAX
[59.23] [Task 116] Routed STARLINK-11403 [DTC] -> STARLINK-35136 | E_NET=0.000029 J | Remaining=79999.77 J
[59.237] Task 116 enqueued on CPU STARLINK-35136 qlen_enqueue=1
[Task 116] Task eseguito su STARLINK-35136 50.86703240233847 degrees | CPU=18.4452J, NET=0.0000J, TOTAL=18.4452J, Remaining=79530.24J
[59.262] Task 116 served on STARLINK-35136 qlen_enqueue_cpu=1 qlen_enqueue_net=None time_in_queue=0.000
[116][GREEDY] STARLINK-35136 -> STARLINK-11403 [DTC] | Tramission-time: 0.0017019319138745514
[116] Energy routing consumed by STARLINK-35136: 0.000000 J (remaining 79530.24)
[MODE: BIDIRECTIONAL]
[116][GREEDY] CONSEGNATO! STARLINK-11403 [DTC] -> OBS | Tramission-time: 1.9752647173474615e-11
----------------------------------------------------------------------
	||TIME IN SIMULATION : (seconds:60) (minutes: 1) ||

MODIFICA CONFIGURAZIONE IN CORSO...

Aggiornato il Tempo Globale:  2025-11-20 20:56:14
---> Task 117 (Type: CPU_Intensive) arriva in 60.02
--- [60.02] Task 117 using SearchNode Policy: v1_heuristic ---
[117] Filtro euristico: DTS-TMAX
[60.02] [Task 117] Routed STARLINK-11403 [DTC] -> STARLINK-2160 | E_NET=0.000006 J | Remaining=79999.77 J
[60.025] Task 117 enqueued on CPU STARLINK-2160 qlen_enqueue=1
---> Task 118 (Type: CPU_Intensive) arriva in 60.16
--- [60.16] Task 118 using SearchNode Policy: v1_heuristic ---
[118] Filtro euristico: DTS-TMAX
[60.16] [Task 118] Routed STARLINK-11403 [DTC] -> STARLINK-35136 | E_NET=0.000032 J | Remaining=79999.77 J
[60.165] Task 118 enqueued on CPU STARLINK-35136 qlen_enqueue=1
[Task 118] Task eseguito su STARLINK-35136 51.872611541570095 degrees | CPU=285.0810J, NET=0.0000J, TOTAL=285.0810J, Remaining=79245.16J
[60.524] Task 118 served on STARLINK-35136 qlen_enqueue_cpu=1 qlen_enqueue_net=None time_in_queue=0.000
[118][GREEDY] STARLINK-35136 -> STARLINK-11403 [DTC] | Tramission-time: 0.0016478805211566402
[118] Energy routing consumed by STARLINK-35136: 0.000000 J (remaining 79245.16)
[MODE: BIDIRECTIONAL]
[118][GREEDY] CONSEGNATO! STARLINK-11403 [DTC] -> OBS | Tramission-time: 3.2285009736112396e-11
---> Task 119 (Type: Generic_Service) arriva in 60.68
--- [60.68] Task 119 using SearchNode Policy: v1_heuristic ---
[119] Filtro euristico: DTS-TMAX
[60.68] [Task 119] Routed STARLINK-11403 [DTC] -> STARLINK-5520 | E_NET=0.000040 J | Remaining=79999.77 J
[60.679] Task 119 enqueued on CPU STARLINK-5520 qlen_enqueue=1
[Task 119] Task eseguito su STARLINK-5520 48.62359006217492 degrees | CPU=20.0118J, NET=0.0000J, TOTAL=20.0118J, Remaining=79492.43J
[60.707] Task 119 served on STARLINK-5520 qlen_enqueue_cpu=1 qlen_enqueue_net=None time_in_queue=0.000
[119][GREEDY] STARLINK-5520 -> STARLINK-11403 [DTC] | Tramission-time: 0.0017191423177627925
[119] Energy routing consumed by STARLINK-5520: 0.000000 J (remaining 79492.43)
[MODE: BIDIRECTIONAL]
[119][GREEDY] CONSEGNATO! STARLINK-11403 [DTC] -> OBS | Tramission-time: 2.7541378693897395e-11
[Task 117] Task eseguito su STARLINK-2160 40.06342396734975 degrees | CPU=1065.2232J, NET=0.0000J, TOTAL=1065.2232J, Remaining=78934.78J
[61.359] Task 117 served on STARLINK-2160 qlen_enqueue_cpu=1 qlen_enqueue_net=None time_in_queue=0.000
---> Task 120 (Type: Generic_Service) arriva in 61.43
--- [61.43] Task 120 using SearchNode Policy: v1_heuristic ---
[120] Filtro euristico: DTS-TMAX
[61.43] [Task 120] Routed STARLINK-11403 [DTC] -> STARLINK-31220 | E_NET=0.000015 J | Remaining=79999.77 J
[61.431] Task 120 enqueued on CPU STARLINK-31220 qlen_enqueue=1
[Task 120] Task eseguito su STARLINK-31220 58.552941867125774 degrees | CPU=4.9716J, NET=0.0000J, TOTAL=4.9716J, Remaining=78945.06J
[61.439] Task 120 served on STARLINK-31220 qlen_enqueue_cpu=1 qlen_enqueue_net=None time_in_queue=0.000
[MODE: BIDIRECTIONAL]
[120][GREEDY] CONSEGNATO! STARLINK-31220 -> OBS | Tramission-time: 1.5282251262186358e-11
[117][GREEDY] STARLINK-2160 -> STARLINK-11403 [DTC] | Tramission-time: 0.0016184884616950793
[117] Energy routing consumed by STARLINK-2160: 0.000000 J (remaining 78934.78)
---> Task 121 (Type: Generic_Service) arriva in 61.53
--- [61.53] Task 121 using SearchNode Policy: v1_heuristic ---
[121] Filtro euristico: DTS-TMAX
[61.53] [Task 121] Routed STARLINK-11403 [DTC] -> STARLINK-5520 | E_NET=0.000035 J | Remaining=79999.77 J
[61.529] Task 121 enqueued on CPU STARLINK-5520 qlen_enqueue=1
[MODE: BIDIRECTIONAL]
[117][GREEDY] CONSEGNATO! STARLINK-11403 [DTC] -> OBS | Tramission-time: 6.954988690405004e-12
[Task 121] Task eseguito su STARLINK-5520 48.62359006217492 degrees | CPU=29.7451J, NET=0.0000J, TOTAL=29.7451J, Remaining=79462.68J
[61.569] Task 121 served on STARLINK-5520 qlen_enqueue_cpu=1 qlen_enqueue_net=None time_in_queue=0.000
[121][GREEDY] STARLINK-5520 -> STARLINK-11403 [DTC] | Tramission-time: 0.0017191423190354104
[121] Energy routing consumed by STARLINK-5520: 0.000000 J (remaining 79462.68)
[MODE: BIDIRECTIONAL]
[121][GREEDY] CONSEGNATO! STARLINK-11403 [DTC] -> OBS | Tramission-time: 2.5828714269445193e-11
---> Task 122 (Type: Generic_Service) arriva in 61.91
--- [61.91] Task 122 using SearchNode Policy: v1_heuristic ---
[122] Filtro euristico: DTS-TMAX
[61.91] [Task 122] Routed STARLINK-11403 [DTC] -> STARLINK-3127 | E_NET=0.000033 J | Remaining=79999.77 J
[61.909] Task 122 enqueued on CPU STARLINK-3127 qlen_enqueue=1
[Task 122] Task eseguito su STARLINK-3127 63.21607980312825 degrees | CPU=23.8045J, NET=0.0000J, TOTAL=23.8046J, Remaining=79464.73J
[61.941] Task 122 served on STARLINK-3127 qlen_enqueue_cpu=1 qlen_enqueue_net=None time_in_queue=0.000
[122][GREEDY] STARLINK-3127 -> STARLINK-11403 [DTC] | Tramission-time: 0.0015997891859077609
[122] Energy routing consumed by STARLINK-3127: 0.000000 J (remaining 79464.73)
[MODE: BIDIRECTIONAL]
[122][GREEDY] CONSEGNATO! STARLINK-11403 [DTC] -> OBS | Tramission-time: 2.8579970035588294e-11
----------------------------------------------------------------------
	||TIME IN SIMULATION : (seconds:62) (minutes: 1) ||

MODIFICA CONFIGURAZIONE IN CORSO...

Aggiornato il Tempo Globale:  2025-11-20 20:56:16
---> Task 123 (Type: CPU_and_Data_Intensive) arriva in 63.51
--- [63.51] Task 123 using SearchNode Policy: v1_heuristic ---
[123] Filtro euristico: DTS-TMAX
[63.51] [Task 123] Routed STARLINK-11403 [DTC] -> STARLINK-4438 | E_NET=0.001674 J | Remaining=79999.76 J
[63.510] Task 123 enqueued on CPU STARLINK-4438 qlen_enqueue=1
[63.639] Task 123 enqueued on NET STARLINK-4438 qlen_enqueue_net=1
[Task 123] Task eseguito su STARLINK-4438 53.555979678884846 degrees | CPU=102.7910J, NET=0.0023J, TOTAL=102.7933J, Remaining=79385.41J
[63.641] Task 123 served on STARLINK-4438 qlen_enqueue_cpu=1 qlen_enqueue_net=1 time_in_queue=0.000
[123][GREEDY] STARLINK-4438 -> STARLINK-11403 [DTC] | Tramission-time: 0.001921026629338134
[123] Energy routing consumed by STARLINK-4438: 0.000000 J (remaining 79385.41)
[MODE: BIDIRECTIONAL]
[123][GREEDY] CONSEGNATO! STARLINK-11403 [DTC] -> OBS | Tramission-time: 2.145335487795723e-09
----------------------------------------------------------------------
	||TIME IN SIMULATION : (seconds:64) (minutes: 1) ||

MODIFICA CONFIGURAZIONE IN CORSO...

Aggiornato il Tempo Globale:  2025-11-20 20:56:18
---> Task 124 (Type: CPU_and_Data_Intensive) arriva in 65.03
--- [65.03] Task 124 using SearchNode Policy: v1_heuristic ---
[124] Filtro euristico: DTS-TMAX
[65.03] [Task 124] Routed STARLINK-11403 [DTC] -> STARLINK-3127 | E_NET=0.001466 J | Remaining=79999.76 J
[65.028] Task 124 enqueued on CPU STARLINK-3127 qlen_enqueue=1
[65.561] Task 124 enqueued on NET STARLINK-3127 qlen_enqueue_net=1
[Task 124] Task eseguito su STARLINK-3127 61.18017490012923 degrees | CPU=425.6582J, NET=0.0019J, TOTAL=425.6601J, Remaining=79039.07J
[65.563] Task 124 served on STARLINK-3127 qlen_enqueue_cpu=1 qlen_enqueue_net=1 time_in_queue=0.000
[124][GREEDY] STARLINK-3127 -> STARLINK-11403 [DTC] | Tramission-time: 0.0015789134425660207
[124] Energy routing consumed by STARLINK-3127: 0.000000 J (remaining 79039.07)
[MODE: BIDIRECTIONAL]
[124][GREEDY] CONSEGNATO! STARLINK-11403 [DTC] -> OBS | Tramission-time: 1.3736980975436429e-09
----------------------------------------------------------------------
	||TIME IN SIMULATION : (seconds:66) (minutes: 1) ||

MODIFICA CONFIGURAZIONE IN CORSO...

Aggiornato il Tempo Globale:  2025-11-20 20:56:20
---> Task 125 (Type: CPU_Intensive) arriva in 66.21
--- [66.21] Task 125 using SearchNode Policy: v1_heuristic ---
[125] Filtro euristico: DTS-TMAX
[66.21] [Task 125] Routed STARLINK-11403 [DTC] -> STARLINK-31283 | E_NET=0.000022 J | Remaining=79999.76 J
[66.216] Task 125 enqueued on CPU STARLINK-31283 qlen_enqueue=1
---> Task 126 (Type: Generic_Service) arriva in 66.84
--- [66.84] Task 126 using SearchNode Policy: v1_heuristic ---
[126] Filtro euristico: DTS-TMAX
[66.84] [Task 126] Routed STARLINK-11403 [DTC] -> STARLINK-5520 | E_NET=0.000026 J | Remaining=79999.76 J
[66.840] Task 126 enqueued on CPU STARLINK-5520 qlen_enqueue=1
[Task 126] Task eseguito su STARLINK-5520 48.001690243669316 degrees | CPU=68.8036J, NET=0.0000J, TOTAL=68.8036J, Remaining=79393.88J
[66.928] Task 126 served on STARLINK-5520 qlen_enqueue_cpu=1 qlen_enqueue_net=None time_in_queue=0.000
[126][GREEDY] STARLINK-5520 -> STARLINK-11403 [DTC] | Tramission-time: 0.001794931218023731
[126] Energy routing consumed by STARLINK-5520: 0.000000 J (remaining 79393.88)
[MODE: BIDIRECTIONAL]
[126][GREEDY] CONSEGNATO! STARLINK-11403 [DTC] -> OBS | Tramission-time: 3.01053136153236e-11
---> Task 127 (Type: Generic_Service) arriva in 67.99
--- [67.99] Task 127 using SearchNode Policy: v1_heuristic ---
[127] Filtro euristico: DTS-TMAX
[Task 127] Nessun server rimasto dopo i filtri (deadline/sunset).
[Task 127] REJECTED on STARLINK-11403 [DTC] due to: No suitable server found after deadline/sunset filters
----------------------------------------------------------------------
	||TIME IN SIMULATION : (seconds:68) (minutes: 1) ||

MODIFICA CONFIGURAZIONE IN CORSO...

Aggiornato il Tempo Globale:  2025-11-20 20:56:22
[Task 125] Task eseguito su STARLINK-31283 59.73688679161066 degrees | CPU=1579.9756J, NET=0.0000J, TOTAL=1579.9757J, Remaining=77882.82J
[68.196] Task 125 served on STARLINK-31283 qlen_enqueue_cpu=1 qlen_enqueue_net=None time_in_queue=0.000
[MODE: BIDIRECTIONAL]
[125][GREEDY] CONSEGNATO! STARLINK-31283 -> OBS | Tramission-time: 1.8938584601293428e-11
---> Task 128 (Type: Generic_Service) arriva in 68.83
--- [68.83] Task 128 using SearchNode Policy: v1_heuristic ---
[128] Filtro euristico: DTS-TMAX
[68.83] [Task 128] Routed STARLINK-11403 [DTC] -> STARLINK-34777 | E_NET=0.000019 J | Remaining=79999.76 J
[68.831] Task 128 enqueued on CPU STARLINK-34777 qlen_enqueue=1
[Task 128] Task eseguito su STARLINK-34777 40.34404965522336 degrees | CPU=41.5114J, NET=0.0000J, TOTAL=41.5114J, Remaining=79958.49J
[68.884] Task 128 served on STARLINK-34777 qlen_enqueue_cpu=1 qlen_enqueue_net=None time_in_queue=0.000
[128][GREEDY] STARLINK-34777 -> STARLINK-11403 [DTC] | Tramission-time: 0.0019378202028033746
[128] Energy routing consumed by STARLINK-34777: 0.000000 J (remaining 79958.49)
[MODE: BIDIRECTIONAL]
[128][GREEDY] CONSEGNATO! STARLINK-11403 [DTC] -> OBS | Tramission-time: 1.9123732737575194e-11
---> Task 129 (Type: CPU_Intensive) arriva in 69.14
--- [69.14] Task 129 using SearchNode Policy: v1_heuristic ---
[129] Filtro euristico: DTS-TMAX
[69.14] [Task 129] Routed STARLINK-11403 [DTC] -> STARLINK-6155 | E_NET=0.000015 J | Remaining=79999.76 J
[69.142] Task 129 enqueued on CPU STARLINK-6155 qlen_enqueue=1
---> Task 130 (Type: CPU_Intensive) arriva in 69.17
--- [69.17] Task 130 using SearchNode Policy: v1_heuristic ---
[130] Filtro euristico: DTS-TMAX
[69.17] [Task 130] Routed STARLINK-11403 [DTC] -> STARLINK-34777 | E_NET=0.000009 J | Remaining=79999.76 J
[69.173] Task 130 enqueued on CPU STARLINK-34777 qlen_enqueue=1
[Task 129] Task eseguito su STARLINK-6155 40.36064050753885 degrees | CPU=243.1991J, NET=0.0000J, TOTAL=243.1991J, Remaining=79756.80J
[69.448] Task 129 served on STARLINK-6155 qlen_enqueue_cpu=1 qlen_enqueue_net=None time_in_queue=0.000
[129][GREEDY] STARLINK-6155 -> STARLINK-11403 [DTC] | Tramission-time: 0.0020019435155150048
[129] Energy routing consumed by STARLINK-6155: 0.000000 J (remaining 79756.80)
[MODE: BIDIRECTIONAL]
[129][GREEDY] CONSEGNATO! STARLINK-11403 [DTC] -> OBS | Tramission-time: 1.1639366696228988e-11
[Task 130] Task eseguito su STARLINK-34777 40.34404965522336 degrees | CPU=360.6027J, NET=0.0000J, TOTAL=360.6027J, Remaining=79597.89J
[69.625] Task 130 served on STARLINK-34777 qlen_enqueue_cpu=1 qlen_enqueue_net=None time_in_queue=0.000
[130][GREEDY] STARLINK-34777 -> STARLINK-11403 [DTC] | Tramission-time: 0.0019378201884983775
[130] Energy routing consumed by STARLINK-34777: 0.000000 J (remaining 79597.89)
[MODE: BIDIRECTIONAL]
[130][GREEDY] CONSEGNATO! STARLINK-11403 [DTC] -> OBS | Tramission-time: 7.441764687431582e-12
----------------------------------------------------------------------
	||TIME IN SIMULATION : (seconds:70) (minutes: 1) ||

MODIFICA CONFIGURAZIONE IN CORSO...

Aggiornato il Tempo Globale:  2025-11-20 20:56:24
---> Task 131 (Type: Generic_Service) arriva in 70.86
--- [70.86] Task 131 using SearchNode Policy: v1_heuristic ---
[131] Filtro euristico: DTS-TMAX
[70.86] [Task 131] Routed STARLINK-11403 [DTC] -> STARLINK-31220 | E_NET=0.000022 J | Remaining=79999.76 J
[70.857] Task 131 enqueued on CPU STARLINK-31220 qlen_enqueue=1
[Task 131] Task eseguito su STARLINK-31220 65.34402035204 degrees | CPU=6.1298J, NET=0.0000J, TOTAL=6.1298J, Remaining=78938.93J
[70.866] Task 131 served on STARLINK-31220 qlen_enqueue_cpu=1 qlen_enqueue_net=None time_in_queue=0.000
[MODE: BIDIRECTIONAL]
[131][GREEDY] CONSEGNATO! STARLINK-31220 -> OBS | Tramission-time: 1.793300220591335e-11
---> Task 132 (Type: CPU_and_Data_Intensive) arriva in 71.51
--- [71.51] Task 132 using SearchNode Policy: v1_heuristic ---
[132] Filtro euristico: DTS-TMAX
[71.51] [Task 132] Routed STARLINK-11403 [DTC] -> STARLINK-6155 | E_NET=0.000378 J | Remaining=79999.76 J
[71.509] Task 132 enqueued on CPU STARLINK-6155 qlen_enqueue=1
[71.659] Task 132 enqueued on NET STARLINK-6155 qlen_enqueue_net=1
[Task 132] Task eseguito su STARLINK-6155 40.999327546388386 degrees | CPU=120.2435J, NET=0.0004J, TOTAL=120.2440J, Remaining=79636.56J
[71.660] Task 132 served on STARLINK-6155 qlen_enqueue_cpu=1 qlen_enqueue_net=1 time_in_queue=0.000
[132][GREEDY] STARLINK-6155 -> STARLINK-11403 [DTC] | Tramission-time: 0.001997956528831865
[132] Energy routing consumed by STARLINK-6155: 0.000000 J (remaining 79636.56)
[MODE: BIDIRECTIONAL]
[132][GREEDY] CONSEGNATO! STARLINK-11403 [DTC] -> OBS | Tramission-time: 2.87578592807128e-10
---> Task 133 (Type: Generic_Service) arriva in 71.99
--- [71.99] Task 133 using SearchNode Policy: v1_heuristic ---
[133] Filtro euristico: DTS-TMAX
[71.99] [Task 133] Routed STARLINK-11403 [DTC] -> STARLINK-6155 | E_NET=0.000033 J | Remaining=79999.76 J
[71.990] Task 133 enqueued on CPU STARLINK-6155 qlen_enqueue=1
----------------------------------------------------------------------
	||TIME IN SIMULATION : (seconds:72) (minutes: 1) ||

MODIFICA CONFIGURAZIONE IN CORSO...

Aggiornato il Tempo Globale:  2025-11-20 20:56:26
[Task 133] Task eseguito su STARLINK-6155 41.646814802293925 degrees | CPU=26.7936J, NET=0.0000J, TOTAL=26.7936J, Remaining=79609.76J
[72.026] Task 133 served on STARLINK-6155 qlen_enqueue_cpu=1 qlen_enqueue_net=None time_in_queue=0.000
[133][GREEDY] STARLINK-6155 -> STARLINK-11403 [DTC] | Tramission-time: 0.0019939957106711093
[133] Energy routing consumed by STARLINK-6155: 0.000000 J (remaining 79609.76)
[MODE: BIDIRECTIONAL]
[133][GREEDY] CONSEGNATO! STARLINK-11403 [DTC] -> OBS | Tramission-time: 3.215335084015275e-11
---> Task 134 (Type: Generic_Service) arriva in 72.39
--- [72.39] Task 134 using SearchNode Policy: v1_heuristic ---
[134] Filtro euristico: DTS-TMAX
[72.39] [Task 134] Routed STARLINK-11403 [DTC] -> STARLINK-6155 | E_NET=0.000006 J | Remaining=79999.76 J
[72.389] Task 134 enqueued on CPU STARLINK-6155 qlen_enqueue=1
[Task 134] Task eseguito su STARLINK-6155 41.646814802293925 degrees | CPU=66.3780J, NET=0.0000J, TOTAL=66.3781J, Remaining=79543.39J
[72.472] Task 134 served on STARLINK-6155 qlen_enqueue_cpu=1 qlen_enqueue_net=None time_in_queue=0.000
[134][GREEDY] STARLINK-6155 -> STARLINK-11403 [DTC] | Tramission-time: 0.00199399568659899
[134] Energy routing consumed by STARLINK-6155: 0.000000 J (remaining 79543.39)
[MODE: BIDIRECTIONAL]
[134][GREEDY] CONSEGNATO! STARLINK-11403 [DTC] -> OBS | Tramission-time: 4.408885534679048e-12
---> Task 135 (Type: CPU_Intensive) arriva in 73.58
--- [73.58] Task 135 using SearchNode Policy: v1_heuristic ---
[135] Filtro euristico: DTS-TMAX
[73.58] [Task 135] Routed STARLINK-11403 [DTC] -> STARLINK-34777 | E_NET=0.000028 J | Remaining=79999.76 J
[73.583] Task 135 enqueued on CPU STARLINK-34777 qlen_enqueue=1
----------------------------------------------------------------------
	||TIME IN SIMULATION : (seconds:74) (minutes: 1) ||

MODIFICA CONFIGURAZIONE IN CORSO...

Aggiornato il Tempo Globale:  2025-11-20 20:56:28
---> Task 136 (Type: Generic_Service) arriva in 74.03
--- [74.03] Task 136 using SearchNode Policy: v1_heuristic ---
[136] Filtro euristico: DTS-TMAX
[74.03] [Task 136] Routed STARLINK-11403 [DTC] -> STARLINK-6155 | E_NET=0.000028 J | Remaining=79999.76 J
[74.034] Task 136 enqueued on CPU STARLINK-6155 qlen_enqueue=1
[Task 136] Task eseguito su STARLINK-6155 42.302887952095524 degrees | CPU=84.6192J, NET=0.0000J, TOTAL=84.6193J, Remaining=79458.77J
[74.142] Task 136 served on STARLINK-6155 qlen_enqueue_cpu=1 qlen_enqueue_net=None time_in_queue=0.000
[136][GREEDY] STARLINK-6155 -> STARLINK-11403 [DTC] | Tramission-time: 0.0019900624418216
[136] Energy routing consumed by STARLINK-6155: 0.000000 J (remaining 79458.77)
[MODE: BIDIRECTIONAL]
[136][GREEDY] CONSEGNATO! STARLINK-11403 [DTC] -> OBS | Tramission-time: 3.22931977224209e-11
---> Task 137 (Type: Generic_Service) arriva in 74.97
--- [74.97] Task 137 using SearchNode Policy: v1_heuristic ---
[137] Filtro euristico: DTS-TMAX
[74.97] [Task 137] Routed STARLINK-11403 [DTC] -> STARLINK-6155 | E_NET=0.000010 J | Remaining=79999.76 J
[74.970] Task 137 enqueued on CPU STARLINK-6155 qlen_enqueue=1
[Task 137] Task eseguito su STARLINK-6155 42.302887952095524 degrees | CPU=31.9667J, NET=0.0000J, TOTAL=31.9667J, Remaining=79426.80J
[75.011] Task 137 served on STARLINK-6155 qlen_enqueue_cpu=1 qlen_enqueue_net=None time_in_queue=0.000
[137][GREEDY] STARLINK-6155 -> STARLINK-11403 [DTC] | Tramission-time: 0.0019900624220141054
[137] Energy routing consumed by STARLINK-6155: 0.000000 J (remaining 79426.80)
[Task 135] Task eseguito su STARLINK-34777 41.953253475763994 degrees | CPU=1253.9638J, NET=0.0000J, TOTAL=1253.9638J, Remaining=78343.92J
[75.155] Task 135 served on STARLINK-34777 qlen_enqueue_cpu=1 qlen_enqueue_net=None time_in_queue=0.000
[MODE: BIDIRECTIONAL]
[137][GREEDY] CONSEGNATO! STARLINK-11403 [DTC] -> OBS | Tramission-time: 1.1603178177347413e-11
[135][GREEDY] STARLINK-34777 -> STARLINK-11403 [DTC] | Tramission-time: 0.001859014545050906
[135] Energy routing consumed by STARLINK-34777: 0.000000 J (remaining 78343.92)
---> Task 138 (Type: CPU_and_Data_Intensive) arriva in 75.27
--- [75.27] Task 138 using SearchNode Policy: v1_heuristic ---
[138] Filtro euristico: DTS-TMAX
[75.27] [Task 138] Routed STARLINK-11403 [DTC] -> STARLINK-35136 | E_NET=0.006875 J | Remaining=79999.76 J
[MODE: BIDIRECTIONAL]
[135][GREEDY] CONSEGNATO! STARLINK-11403 [DTC] -> OBS | Tramission-time: 2.76715117853561e-11
[75.276] Task 138 enqueued on CPU STARLINK-35136 qlen_enqueue=1
[75.327] Task 138 enqueued on NET STARLINK-35136 qlen_enqueue_net=1
[Task 138] Task eseguito su STARLINK-35136 59.474161738675505 degrees | CPU=40.3209J, NET=0.0093J, TOTAL=40.3302J, Remaining=79204.83J
[75.336] Task 138 served on STARLINK-35136 qlen_enqueue_cpu=1 qlen_enqueue_net=1 time_in_queue=0.000
[138][GREEDY] STARLINK-35136 -> STARLINK-11403 [DTC] | Tramission-time: 0.0013179087712324115
[138] Energy routing consumed by STARLINK-35136: 0.000000 J (remaining 79204.83)
[MODE: BIDIRECTIONAL]
[138][GREEDY] CONSEGNATO! STARLINK-11403 [DTC] -> OBS | Tramission-time: 7.045840118521649e-09
----------------------------------------------------------------------
	||TIME IN SIMULATION : (seconds:76) (minutes: 1) ||

MODIFICA CONFIGURAZIONE IN CORSO...

Aggiornato il Tempo Globale:  2025-11-20 20:56:30
---> Task 139 (Type: Generic_Service) arriva in 76.01
--- [76.01] Task 139 using SearchNode Policy: v1_heuristic ---
[139] Filtro euristico: DTS-TMAX
[76.01] [Task 139] Routed STARLINK-11403 [DTC] -> STARLINK-34909 | E_NET=0.000013 J | Remaining=79999.76 J
[76.009] Task 139 enqueued on CPU STARLINK-34909 qlen_enqueue=1
[Task 139] Task eseguito su STARLINK-34909 46.7614613281637 degrees | CPU=35.4918J, NET=0.0000J, TOTAL=35.4918J, Remaining=79417.02J
[76.054] Task 139 served on STARLINK-34909 qlen_enqueue_cpu=1 qlen_enqueue_net=None time_in_queue=0.000
[139][GREEDY] STARLINK-34909 -> STARLINK-11403 [DTC] | Tramission-time: 0.0015885774742080826
[139] Energy routing consumed by STARLINK-34909: 0.000000 J (remaining 79417.02)
[MODE: BIDIRECTIONAL]
[139][GREEDY] CONSEGNATO! STARLINK-11403 [DTC] -> OBS | Tramission-time: 1.4287897853208234e-11
----------------------------------------------------------------------
	||TIME IN SIMULATION : (seconds:78) (minutes: 1) ||

MODIFICA CONFIGURAZIONE IN CORSO...

Aggiornato il Tempo Globale:  2025-11-20 20:56:32
---> Task 140 (Type: CPU_and_Data_Intensive) arriva in 78.06
--- [78.06] Task 140 using SearchNode Policy: v1_heuristic ---
[140] Filtro euristico: DTS-TMAX
[78.06] [Task 140] Routed STARLINK-11403 [DTC] -> STARLINK-35269 | E_NET=0.006920 J | Remaining=79999.75 J
[78.068] Task 140 enqueued on CPU STARLINK-35269 qlen_enqueue=1
---> Task 141 (Type: CPU_and_Data_Intensive) arriva in 78.15
--- [78.15] Task 141 using SearchNode Policy: v1_heuristic ---
[141] Filtro euristico: DTS-TMAX
[78.15] [Task 141] Routed STARLINK-11403 [DTC] -> STARLINK-6155 | E_NET=0.005984 J | Remaining=79999.74 J
[78.161] Task 141 enqueued on CPU STARLINK-6155 qlen_enqueue=1
[78.207] Task 141 enqueued on NET STARLINK-6155 qlen_enqueue_net=1
[Task 141] Task eseguito su STARLINK-6155 43.63967644753419 degrees | CPU=37.3281J, NET=0.0086J, TOTAL=37.3366J, Remaining=79389.46J
[78.216] Task 141 served on STARLINK-6155 qlen_enqueue_cpu=1 qlen_enqueue_net=1 time_in_queue=0.000
[141][GREEDY] STARLINK-6155 -> STARLINK-11403 [DTC] | Tramission-time: 0.0019822852795601618
[141] Energy routing consumed by STARLINK-6155: 0.000000 J (remaining 79389.46)
[MODE: BIDIRECTIONAL]
[141][GREEDY] CONSEGNATO! STARLINK-11403 [DTC] -> OBS | Tramission-time: 7.429776580834406e-09
[78.822] Task 140 enqueued on NET STARLINK-35269 qlen_enqueue_net=1
[Task 140] Task eseguito su STARLINK-35269 40.07062914639512 degrees | CPU=602.4178J, NET=0.0086J, TOTAL=602.4264J, Remaining=79397.57J
[78.830] Task 140 served on STARLINK-35269 qlen_enqueue_cpu=1 qlen_enqueue_net=1 time_in_queue=0.000
[140][GREEDY] STARLINK-35269 -> STARLINK-11403 [DTC] | Tramission-time: 0.0017566498883824684
[140] Energy routing consumed by STARLINK-35269: 0.000000 J (remaining 79397.57)
[MODE: BIDIRECTIONAL]
[140][GREEDY] CONSEGNATO! STARLINK-11403 [DTC] -> OBS | Tramission-time: 7.930983020888181e-09
---> Task 142 (Type: Generic_Service) arriva in 79.51
--- [79.51] Task 142 using SearchNode Policy: v1_heuristic ---
[142] Filtro euristico: DTS-TMAX
[79.51] [Task 142] Routed STARLINK-11403 [DTC] -> STARLINK-6192 | E_NET=0.000022 J | Remaining=79999.74 J
[79.513] Task 142 enqueued on CPU STARLINK-6192 qlen_enqueue=1
---> Task 143 (Type: Generic_Service) arriva in 79.57
--- [79.57] Task 143 using SearchNode Policy: v1_heuristic ---
[143] Filtro euristico: DTS-TMAX
[79.57] [Task 143] Routed STARLINK-11403 [DTC] -> STARLINK-32654 | E_NET=0.000007 J | Remaining=79999.74 J
[79.572] Task 143 enqueued on CPU STARLINK-32654 qlen_enqueue=1
[Task 143] Task eseguito su STARLINK-32654 57.56005902855336 degrees | CPU=11.1732J, NET=0.0000J, TOTAL=11.1732J, Remaining=79264.37J
[79.586] Task 143 served on STARLINK-32654 qlen_enqueue_cpu=1 qlen_enqueue_net=None time_in_queue=0.000
[Task 142] Task eseguito su STARLINK-6192 53.27031653478347 degrees | CPU=62.5737J, NET=0.0000J, TOTAL=62.5738J, Remaining=79373.84J
[79.593] Task 142 served on STARLINK-6192 qlen_enqueue_cpu=1 qlen_enqueue_net=None time_in_queue=0.000
[142][GREEDY] STARLINK-6192 -> STARLINK-11403 [DTC] | Tramission-time: 0.0016261086770349435
[142] Energy routing consumed by STARLINK-6192: 0.000000 J (remaining 79373.84)
---> Task 144 (Type: CPU_Intensive) arriva in 79.68
--- [79.68] Task 144 using SearchNode Policy: v1_heuristic ---
[144] Filtro euristico: DTS-TMAX
[79.68] [Task 144] Routed STARLINK-11403 [DTC] -> STARLINK-34909 | E_NET=0.000025 J | Remaining=79999.74 J
[MODE: BIDIRECTIONAL]
[142][GREEDY] CONSEGNATO! STARLINK-11403 [DTC] -> OBS | Tramission-time: 2.2073709153119435e-11
[MODE: BIDIRECTIONAL]
[143][GREEDY] CONSEGNATO! STARLINK-32654 -> OBS | Tramission-time: 5.9571825189517985e-12
[79.685] Task 144 enqueued on CPU STARLINK-34909 qlen_enqueue=1
---> Task 145 (Type: CPU_Intensive) arriva in 79.94
--- [79.94] Task 145 using SearchNode Policy: v1_heuristic ---
[145] Filtro euristico: DTS-TMAX
[79.94] [Task 145] Routed STARLINK-11403 [DTC] -> STARLINK-35269 | E_NET=0.000014 J | Remaining=79999.74 J
[79.940] Task 145 enqueued on CPU STARLINK-35269 qlen_enqueue=1
----------------------------------------------------------------------
	||TIME IN SIMULATION : (seconds:80) (minutes: 1) ||

MODIFICA CONFIGURAZIONE IN CORSO...

Aggiornato il Tempo Globale:  2025-11-20 20:56:34
---> Task 146 (Type: CPU_Intensive) arriva in 80.10
--- [80.10] Task 146 using SearchNode Policy: v1_heuristic ---
[146] Filtro euristico: DTS-TMAX
[80.10] [Task 146] Routed STARLINK-11403 [DTC] -> STARLINK-1826 | E_NET=0.000015 J | Remaining=79999.74 J
[80.106] Task 146 enqueued on CPU STARLINK-1826 qlen_enqueue=1
[Task 145] Task eseguito su STARLINK-35269 40.746540677706896 degrees | CPU=205.0654J, NET=0.0000J, TOTAL=205.0655J, Remaining=79192.51J
[80.198] Task 145 served on STARLINK-35269 qlen_enqueue_cpu=1 qlen_enqueue_net=None time_in_queue=0.000
[145][GREEDY] STARLINK-35269 -> STARLINK-11403 [DTC] | Tramission-time: 0.001747004707354918
[145] Energy routing consumed by STARLINK-35269: 0.000000 J (remaining 79192.51)
[MODE: BIDIRECTIONAL]
[145][GREEDY] CONSEGNATO! STARLINK-11403 [DTC] -> OBS | Tramission-time: 1.1432172581559958e-11
[Task 146] Task eseguito su STARLINK-1826 40.79170842241193 degrees | CPU=440.6513J, NET=0.0000J, TOTAL=440.6514J, Remaining=79559.35J
[80.659] Task 146 served on STARLINK-1826 qlen_enqueue_cpu=1 qlen_enqueue_net=None time_in_queue=0.000
[146][GREEDY] STARLINK-1826 -> STARLINK-11403 [DTC] | Tramission-time: 0.0016798147946374769
[146] Energy routing consumed by STARLINK-1826: 0.000000 J (remaining 79559.35)
[MODE: BIDIRECTIONAL]
[146][GREEDY] CONSEGNATO! STARLINK-11403 [DTC] -> OBS | Tramission-time: 1.1201881741897683e-11
[Task 144] Task eseguito su STARLINK-34909 47.01685924958486 degrees | CPU=1156.5754J, NET=0.0000J, TOTAL=1156.5754J, Remaining=78260.44J
[81.134] Task 144 served on STARLINK-34909 qlen_enqueue_cpu=1 qlen_enqueue_net=None time_in_queue=0.000
[144][GREEDY] STARLINK-34909 -> STARLINK-11403 [DTC] | Tramission-time: 0.001653221041435526
[144] Energy routing consumed by STARLINK-34909: 0.000000 J (remaining 78260.44)
---> Task 147 (Type: CPU_and_Data_Intensive) arriva in 81.20
--- [81.20] Task 147 using SearchNode Policy: v1_heuristic ---
[147] Filtro euristico: DTS-TMAX
[81.20] [Task 147] Routed STARLINK-11403 [DTC] -> STARLINK-1826 | E_NET=0.000854 J | Remaining=79999.74 J
[81.206] Task 147 enqueued on CPU STARLINK-1826 qlen_enqueue=1
[MODE: BIDIRECTIONAL]
[144][GREEDY] CONSEGNATO! STARLINK-11403 [DTC] -> OBS | Tramission-time: 2.786096261582862e-11
---> Task 148 (Type: CPU_Intensive) arriva in 81.80
--- [81.80] Task 148 using SearchNode Policy: v1_heuristic ---
[148] Filtro euristico: DTS-TMAX
[81.80] [Task 148] Routed STARLINK-11403 [DTC] -> STARLINK-5520 | E_NET=0.000014 J | Remaining=79999.74 J
[81.799] Task 148 enqueued on CPU STARLINK-5520 qlen_enqueue=1
[81.947] Task 147 enqueued on NET STARLINK-1826 qlen_enqueue_net=1
[Task 147] Task eseguito su STARLINK-1826 40.79170842241193 degrees | CPU=591.8922J, NET=0.0009J, TOTAL=591.8931J, Remaining=78967.46J
[81.948] Task 147 served on STARLINK-1826 qlen_enqueue_cpu=1 qlen_enqueue_net=1 time_in_queue=0.000
[147][GREEDY] STARLINK-1826 -> STARLINK-11403 [DTC] | Tramission-time: 0.0016798154637526212
[147] Energy routing consumed by STARLINK-1826: 0.000000 J (remaining 78967.46)
----------------------------------------------------------------------
	||TIME IN SIMULATION : (seconds:82) (minutes: 1) ||

MODIFICA CONFIGURAZIONE IN CORSO...

Aggiornato il Tempo Globale:  2025-11-20 20:56:36
[MODE: BIDIRECTIONAL]
[147][GREEDY] CONSEGNATO! STARLINK-11403 [DTC] -> OBS | Tramission-time: 6.589371988081461e-10
---> Task 149 (Type: Generic_Service) arriva in 82.63
--- [82.63] Task 149 using SearchNode Policy: v1_heuristic ---
[149] Filtro euristico: DTS-TMAX
[82.63] [Task 149] Routed STARLINK-11403 [DTC] -> STARLINK-6155 | E_NET=0.000032 J | Remaining=79999.74 J
[82.627] Task 149 enqueued on CPU STARLINK-6155 qlen_enqueue=1
[Task 149] Task eseguito su STARLINK-6155 45.006866551608965 degrees | CPU=17.1138J, NET=0.0000J, TOTAL=17.1139J, Remaining=79372.35J
[82.651] Task 149 served on STARLINK-6155 qlen_enqueue_cpu=1 qlen_enqueue_net=None time_in_queue=0.000
[Task 148] Task eseguito su STARLINK-5520 45.42276015207283 degrees | CPU=703.0604J, NET=0.0000J, TOTAL=703.0604J, Remaining=78690.82J
[82.680] Task 148 served on STARLINK-5520 qlen_enqueue_cpu=1 qlen_enqueue_net=None time_in_queue=0.000
[148][GREEDY] STARLINK-5520 -> STARLINK-11403 [DTC] | Tramission-time: 0.002001071460867026
[148] Energy routing consumed by STARLINK-5520: 0.000000 J (remaining 78690.82)
[MODE: BIDIRECTIONAL]
[148][GREEDY] CONSEGNATO! STARLINK-11403 [DTC] -> OBS | Tramission-time: 1.2606263823299412e-11
[149][GREEDY] STARLINK-6155 -> STARLINK-11403 [DTC] | Tramission-time: 0.0019746066632725322
[149] Energy routing consumed by STARLINK-6155: 0.000000 J (remaining 79372.35)
[MODE: BIDIRECTIONAL]
[149][GREEDY] CONSEGNATO! STARLINK-11403 [DTC] -> OBS | Tramission-time: 2.7936155790574742e-11
---> Task 150 (Type: CPU_Intensive) arriva in 83.90
--- [83.90] Task 150 using SearchNode Policy: v1_heuristic ---
[150] Filtro euristico: DTS-TMAX
[83.90] [Task 150] Routed STARLINK-11403 [DTC] -> STARLINK-6192 | E_NET=0.000030 J | Remaining=79999.74 J
[83.906] Task 150 enqueued on CPU STARLINK-6192 qlen_enqueue=1
----------------------------------------------------------------------
	||TIME IN SIMULATION : (seconds:84) (minutes: 1) ||

MODIFICA CONFIGURAZIONE IN CORSO...

Aggiornato il Tempo Globale:  2025-11-20 20:56:38
---> Task 151 (Type: CPU_Intensive) arriva in 85.20
--- [85.20] Task 151 using SearchNode Policy: v1_heuristic ---
[151] Filtro euristico: DTS-TMAX
[85.20] [Task 151] Routed STARLINK-11403 [DTC] -> STARLINK-31751 | E_NET=0.000012 J | Remaining=79999.74 J
[85.206] Task 151 enqueued on CPU STARLINK-31751 qlen_enqueue=1
[Task 151] Task eseguito su STARLINK-31751 45.97031712698376 degrees | CPU=14.3850J, NET=0.0000J, TOTAL=14.3850J, Remaining=79340.80J
[85.225] Task 151 served on STARLINK-31751 qlen_enqueue_cpu=1 qlen_enqueue_net=None time_in_queue=0.000
[151][GREEDY] STARLINK-31751 -> STARLINK-11403 [DTC] | Tramission-time: 0.001690790063419108
[151] Energy routing consumed by STARLINK-31751: 0.000000 J (remaining 79340.80)
[MODE: BIDIRECTIONAL]
[151][GREEDY] CONSEGNATO! STARLINK-11403 [DTC] -> OBS | Tramission-time: 1.2021398433530015e-11
---> Task 152 (Type: Generic_Service) arriva in 85.46
--- [85.46] Task 152 using SearchNode Policy: v1_heuristic ---
[152] Filtro euristico: DTS-TMAX
[Task 152] Nessun server rimasto dopo i filtri (deadline/sunset).
[Task 152] REJECTED on STARLINK-11403 [DTC] due to: No suitable server found after deadline/sunset filters
[Task 150] Task eseguito su STARLINK-6192 50.35455838177552 degrees | CPU=1581.1294J, NET=0.0000J, TOTAL=1581.1294J, Remaining=77792.71J
[85.888] Task 150 served on STARLINK-6192 qlen_enqueue_cpu=1 qlen_enqueue_net=None time_in_queue=0.000
[150][GREEDY] STARLINK-6192 -> STARLINK-11403 [DTC] | Tramission-time: 0.0016197820824365417
[150] Energy routing consumed by STARLINK-6192: 0.000000 J (remaining 77792.71)
[MODE: BIDIRECTIONAL]
[150][GREEDY] CONSEGNATO! STARLINK-11403 [DTC] -> OBS | Tramission-time: 2.3358280780929002e-11
----------------------------------------------------------------------
	||TIME IN SIMULATION : (seconds:86) (minutes: 1) ||

MODIFICA CONFIGURAZIONE IN CORSO...

Aggiornato il Tempo Globale:  2025-11-20 20:56:40
---> Task 153 (Type: CPU_and_Data_Intensive) arriva in 86.01
--- [86.01] Task 153 using SearchNode Policy: v1_heuristic ---
[153] Filtro euristico: DTS-TMAX
[86.01] [Task 153] Routed STARLINK-11403 [DTC] -> STARLINK-31585 | E_NET=0.006009 J | Remaining=79999.74 J
[86.021] Task 153 enqueued on CPU STARLINK-31585 qlen_enqueue=1
---> Task 154 (Type: CPU_and_Data_Intensive) arriva in 86.11
--- [86.11] Task 154 using SearchNode Policy: v1_heuristic ---
[154] Filtro euristico: DTS-TMAX
[86.11] [Task 154] Routed STARLINK-11403 [DTC] -> STARLINK-4438 | E_NET=0.000232 J | Remaining=79999.74 J
[86.108] Task 154 enqueued on CPU STARLINK-4438 qlen_enqueue=1
[86.356] Task 154 enqueued on NET STARLINK-4438 qlen_enqueue_net=1
[Task 154] Task eseguito su STARLINK-4438 47.00397350021668 degrees | CPU=198.4381J, NET=0.0003J, TOTAL=198.4384J, Remaining=79186.97J
[86.357] Task 154 served on STARLINK-4438 qlen_enqueue_cpu=1 qlen_enqueue_net=1 time_in_queue=0.000
[154][GREEDY] STARLINK-4438 -> STARLINK-11403 [DTC] | Tramission-time: 0.0018489925730809777
[154] Energy routing consumed by STARLINK-4438: 0.000000 J (remaining 79186.97)
[MODE: BIDIRECTIONAL]
[154][GREEDY] CONSEGNATO! STARLINK-11403 [DTC] -> OBS | Tramission-time: 2.1592120522623507e-10
---> Task 155 (Type: CPU_Intensive) arriva in 87.57
--- [87.57] Task 155 using SearchNode Policy: v1_heuristic ---
[155] Filtro euristico: DTS-TMAX
[87.57] [Task 155] Routed STARLINK-11403 [DTC] -> STARLINK-31585 | E_NET=0.000015 J | Remaining=79999.74 J
[87.573] Task 155 enqueued on CPU STARLINK-31585 qlen_enqueue=2
[87.709] Task 153 enqueued on NET STARLINK-31585 qlen_enqueue_net=1
[Task 153] Task eseguito su STARLINK-31585 40.09218490661066 degrees | CPU=1348.9786J, NET=0.0082J, TOTAL=1348.9868J, Remaining=78651.01J
[87.718] Task 153 served on STARLINK-31585 qlen_enqueue_cpu=1 qlen_enqueue_net=1 time_in_queue=0.000
[153][GREEDY] STARLINK-31585 -> STARLINK-11403 [DTC] | Tramission-time: 0.0018872908289748436
[153] Energy routing consumed by STARLINK-31585: 0.000000 J (remaining 78651.01)
[MODE: BIDIRECTIONAL]
[153][GREEDY] CONSEGNATO! STARLINK-11403 [DTC] -> OBS | Tramission-time: 7.209868925686791e-09
----------------------------------------------------------------------
	||TIME IN SIMULATION : (seconds:88) (minutes: 1) ||

MODIFICA CONFIGURAZIONE IN CORSO...

Aggiornato il Tempo Globale:  2025-11-20 20:56:42
---> Task 156 (Type: Generic_Service) arriva in 88.15
--- [88.15] Task 156 using SearchNode Policy: v1_heuristic ---
[156] Filtro euristico: DTS-TMAX
[88.15] [Task 156] Routed STARLINK-11403 [DTC] -> STARLINK-31751 | E_NET=0.000012 J | Remaining=79999.74 J
[88.153] Task 156 enqueued on CPU STARLINK-31751 qlen_enqueue=1
[Task 156] Task eseguito su STARLINK-31751 45.03963283922815 degrees | CPU=14.1227J, NET=0.0000J, TOTAL=14.1227J, Remaining=79326.68J
[88.171] Task 156 served on STARLINK-31751 qlen_enqueue_cpu=1 qlen_enqueue_net=None time_in_queue=0.000
[156][GREEDY] STARLINK-31751 -> STARLINK-11403 [DTC] | Tramission-time: 0.001743419083580736
[156] Energy routing consumed by STARLINK-31751: 0.000000 J (remaining 79326.68)
[MODE: BIDIRECTIONAL]
[156][GREEDY] CONSEGNATO! STARLINK-11403 [DTC] -> OBS | Tramission-time: 1.1871444757260995e-11
---> Task 157 (Type: Generic_Service) arriva in 88.53
--- [88.53] Task 157 using SearchNode Policy: v1_heuristic ---
[157] Filtro euristico: DTS-TMAX
[88.53] [Task 157] Routed STARLINK-11403 [DTC] -> STARLINK-31751 | E_NET=0.000017 J | Remaining=79999.74 J
[88.532] Task 157 enqueued on CPU STARLINK-31751 qlen_enqueue=1
[Task 157] Task eseguito su STARLINK-31751 45.03963283922815 degrees | CPU=15.2656J, NET=0.0000J, TOTAL=15.2656J, Remaining=79311.41J
[88.553] Task 157 served on STARLINK-31751 qlen_enqueue_cpu=1 qlen_enqueue_net=None time_in_queue=0.000
---> Task 158 (Type: CPU_Intensive) arriva in 88.55
--- [88.55] Task 158 using SearchNode Policy: v1_heuristic ---
[158] Filtro euristico: DTS-TMAX
[88.55] [Task 158] Routed STARLINK-11403 [DTC] -> STARLINK-6155 | E_NET=0.000024 J | Remaining=79999.74 J
[88.556] Task 158 enqueued on CPU STARLINK-6155 qlen_enqueue=1
[157][GREEDY] STARLINK-31751 -> STARLINK-11403 [DTC] | Tramission-time: 0.0017434190847632044
[157] Energy routing consumed by STARLINK-31751: 0.000000 J (remaining 79311.41)
---> Task 159 (Type: CPU_and_Data_Intensive) arriva in 88.68
--- [88.68] Task 159 using SearchNode Policy: v1_heuristic ---
[159] Filtro euristico: DTS-TMAX
[88.68] [Task 159] Routed STARLINK-11403 [DTC] -> STARLINK-31751 | E_NET=0.000126 J | Remaining=79999.74 J
[88.678] Task 159 enqueued on CPU STARLINK-31751 qlen_enqueue=1
---> Task 160 (Type: Generic_Service) arriva in 88.68
--- [88.68] Task 160 using SearchNode Policy: v1_heuristic ---
[160] Filtro euristico: DTS-TMAX
[88.68] [Task 160] Routed STARLINK-11403 [DTC] -> STARLINK-1068 | E_NET=0.000035 J | Remaining=79999.74 J
[88.685] Task 160 enqueued on CPU STARLINK-1068 qlen_enqueue=1
[MODE: BIDIRECTIONAL]
[157][GREEDY] CONSEGNATO! STARLINK-11403 [DTC] -> OBS | Tramission-time: 1.4016998154859285e-11
[Task 160] Task eseguito su STARLINK-1068 47.423920028101314 degrees | CPU=17.9669J, NET=0.0000J, TOTAL=17.9670J, Remaining=79286.02J
[88.710] Task 160 served on STARLINK-1068 qlen_enqueue_cpu=1 qlen_enqueue_net=None time_in_queue=0.000
[160][GREEDY] STARLINK-1068 -> STARLINK-11403 [DTC] | Tramission-time: 0.001628494179552544
[160] Energy routing consumed by STARLINK-1068: 0.000000 J (remaining 79286.02)
[MODE: BIDIRECTIONAL]
[160][GREEDY] CONSEGNATO! STARLINK-11403 [DTC] -> OBS | Tramission-time: 3.3789613038661695e-11
---> Task 161 (Type: Generic_Service) arriva in 89.27
--- [89.27] Task 161 using SearchNode Policy: v1_heuristic ---
[161] Filtro euristico: DTS-TMAX
[89.27] [Task 161] Routed STARLINK-11403 [DTC] -> STARLINK-1068 | E_NET=0.000031 J | Remaining=79999.73 J
[89.272] Task 161 enqueued on CPU STARLINK-1068 qlen_enqueue=1
[Task 161] Task eseguito su STARLINK-1068 47.423920028101314 degrees | CPU=33.6042J, NET=0.0000J, TOTAL=33.6042J, Remaining=79252.41J
[89.316] Task 161 served on STARLINK-1068 qlen_enqueue_cpu=1 qlen_enqueue_net=None time_in_queue=0.000
[161][GREEDY] STARLINK-1068 -> STARLINK-11403 [DTC] | Tramission-time: 0.0016284941755511306
[161] Energy routing consumed by STARLINK-1068: 0.000000 J (remaining 79252.41)
[MODE: BIDIRECTIONAL]
[161][GREEDY] CONSEGNATO! STARLINK-11403 [DTC] -> OBS | Tramission-time: 3.0487310480075963e-11
[89.768] Task 159 enqueued on NET STARLINK-31751 qlen_enqueue_net=1
[Task 159] Task eseguito su STARLINK-31751 45.03963283922815 degrees | CPU=870.9078J, NET=0.0001J, TOTAL=870.9079J, Remaining=78440.50J
[89.768] Task 159 served on STARLINK-31751 qlen_enqueue_cpu=1 qlen_enqueue_net=1 time_in_queue=0.000
[159][GREEDY] STARLINK-31751 -> STARLINK-11403 [DTC] | Tramission-time: 0.0017434191933199624
[159] Energy routing consumed by STARLINK-31751: 0.000000 J (remaining 78440.50)
[MODE: BIDIRECTIONAL]
[159][GREEDY] CONSEGNATO! STARLINK-11403 [DTC] -> OBS | Tramission-time: 1.1426491723752877e-10
[Task 155] Task eseguito su STARLINK-31585 40.89586291885725 degrees | CPU=1900.1778J, NET=0.0000J, TOTAL=1900.1779J, Remaining=76750.84J
[89.953] Task 155 served on STARLINK-31585 qlen_enqueue_cpu=2 qlen_enqueue_net=None time_in_queue=0.000
----------------------------------------------------------------------
	||TIME IN SIMULATION : (seconds:90) (minutes: 1) ||

MODIFICA CONFIGURAZIONE IN CORSO...

Aggiornato il Tempo Globale:  2025-11-20 20:56:44
[155][GREEDY] STARLINK-31585 -> STARLINK-11403 [DTC] | Tramission-time: 0.0018832113100971449
[155] Energy routing consumed by STARLINK-31585: 0.000000 J (remaining 76750.84)
[MODE: BIDIRECTIONAL]
[155][GREEDY] CONSEGNATO! STARLINK-11403 [DTC] -> OBS | Tramission-time: 1.8953315450003473e-11
[Task 158] Task eseguito su STARLINK-6155 47.8154503174642 degrees | CPU=1733.3485J, NET=0.0000J, TOTAL=1733.3485J, Remaining=77639.00J
[90.728] Task 158 served on STARLINK-6155 qlen_enqueue_cpu=1 qlen_enqueue_net=None time_in_queue=0.000
[158][GREEDY] STARLINK-6155 -> STARLINK-11403 [DTC] | Tramission-time: 0.0019596076969543917
[158] Energy routing consumed by STARLINK-6155: 0.000000 J (remaining 77639.00)
[MODE: BIDIRECTIONAL]
[158][GREEDY] CONSEGNATO! STARLINK-11403 [DTC] -> OBS | Tramission-time: 2.9972198975938754e-11
---> Task 162 (Type: CPU_Intensive) arriva in 90.93
--- [90.93] Task 162 using SearchNode Policy: v1_heuristic ---
[162] Filtro euristico: DTS-TMAX
[90.93] [Task 162] Routed STARLINK-11403 [DTC] -> STARLINK-32654 | E_NET=0.000025 J | Remaining=79999.73 J
[90.931] Task 162 enqueued on CPU STARLINK-32654 qlen_enqueue=1
[Task 162] Task eseguito su STARLINK-32654 58.96208341545402 degrees | CPU=110.9361J, NET=0.0000J, TOTAL=110.9361J, Remaining=79153.44J
[91.072] Task 162 served on STARLINK-32654 qlen_enqueue_cpu=1 qlen_enqueue_net=None time_in_queue=0.000
[MODE: BIDIRECTIONAL]
[162][GREEDY] CONSEGNATO! STARLINK-32654 -> OBS | Tramission-time: 2.962681366314786e-11
---> Task 163 (Type: CPU_Intensive) arriva in 91.49
--- [91.49] Task 163 using SearchNode Policy: v1_heuristic ---
[163] Filtro euristico: DTS-TMAX
[91.49] [Task 163] Routed STARLINK-11403 [DTC] -> STARLINK-1068 | E_NET=0.000029 J | Remaining=79999.73 J
[91.489] Task 163 enqueued on CPU STARLINK-1068 qlen_enqueue=1
----------------------------------------------------------------------
	||TIME IN SIMULATION : (seconds:92) (minutes: 1) ||

MODIFICA CONFIGURAZIONE IN CORSO...

Aggiornato il Tempo Globale:  2025-11-20 20:56:46
[Task 163] Task eseguito su STARLINK-1068 46.80138056791951 degrees | CPU=901.2952J, NET=0.0000J, TOTAL=901.2952J, Remaining=78351.12J
[92.619] Task 163 served on STARLINK-1068 qlen_enqueue_cpu=1 qlen_enqueue_net=None time_in_queue=0.000
[163][GREEDY] STARLINK-1068 -> STARLINK-11403 [DTC] | Tramission-time: 0.0016606928949219237
[163] Energy routing consumed by STARLINK-1068: 0.000000 J (remaining 78351.12)
[MODE: BIDIRECTIONAL]
[163][GREEDY] CONSEGNATO! STARLINK-11403 [DTC] -> OBS | Tramission-time: 2.6083096835740897e-11
---> Task 164 (Type: CPU_and_Data_Intensive) arriva in 93.22
--- [93.22] Task 164 using SearchNode Policy: v1_heuristic ---
[164] Filtro euristico: DTS-TMAX
[93.22] [Task 164] Routed STARLINK-11403 [DTC] -> STARLINK-35136 | E_NET=0.000753 J | Remaining=79999.73 J
[93.224] Task 164 enqueued on CPU STARLINK-35136 qlen_enqueue=1
[93.371] Task 164 enqueued on NET STARLINK-35136 qlen_enqueue_net=1
[Task 164] Task eseguito su STARLINK-35136 70.21692898526467 degrees | CPU=117.4120J, NET=0.0009J, TOTAL=117.4128J, Remaining=79087.42J
[93.372] Task 164 served on STARLINK-35136 qlen_enqueue_cpu=1 qlen_enqueue_net=1 time_in_queue=0.000
[MODE: BIDIRECTIONAL]
[164][GREEDY] CONSEGNATO! STARLINK-35136 -> OBS | Tramission-time: 6.725223602945481e-10
----------------------------------------------------------------------
	||TIME IN SIMULATION : (seconds:94) (minutes: 1) ||

MODIFICA CONFIGURAZIONE IN CORSO...

Aggiornato il Tempo Globale:  2025-11-20 20:56:48
---> Task 165 (Type: CPU_and_Data_Intensive) arriva in 94.48
--- [94.48] Task 165 using SearchNode Policy: v1_heuristic ---
[165] Filtro euristico: DTS-TMAX
[94.48] [Task 165] Routed STARLINK-11403 [DTC] -> STARLINK-35269 | E_NET=0.002872 J | Remaining=79999.73 J
[94.485] Task 165 enqueued on CPU STARLINK-35269 qlen_enqueue=1
---> Task 166 (Type: Generic_Service) arriva in 94.50
--- [94.50] Task 166 using SearchNode Policy: v1_heuristic ---
[166] Filtro euristico: DTS-TMAX
[94.50] [Task 166] Routed STARLINK-11403 [DTC] -> STARLINK-4438 | E_NET=0.000018 J | Remaining=79999.73 J
[94.507] Task 166 enqueued on CPU STARLINK-4438 qlen_enqueue=1
[Task 166] Task eseguito su STARLINK-4438 44.474358819507835 degrees | CPU=49.2038J, NET=0.0000J, TOTAL=49.2038J, Remaining=79137.77J
[94.570] Task 166 served on STARLINK-4438 qlen_enqueue_cpu=1 qlen_enqueue_net=None time_in_queue=0.000
[166][GREEDY] STARLINK-4438 -> STARLINK-11403 [DTC] | Tramission-time: 0.001939323161567466
[166] Energy routing consumed by STARLINK-4438: 0.000000 J (remaining 79137.77)
[MODE: BIDIRECTIONAL]
[166][GREEDY] CONSEGNATO! STARLINK-11403 [DTC] -> OBS | Tramission-time: 1.7643116958472324e-11
[94.640] Task 165 enqueued on NET STARLINK-35269 qlen_enqueue_net=1
[Task 165] Task eseguito su STARLINK-35269 45.40784132600468 degrees | CPU=124.0645J, NET=0.0041J, TOTAL=124.0686J, Remaining=79068.44J
[94.644] Task 165 served on STARLINK-35269 qlen_enqueue_cpu=1 qlen_enqueue_net=1 time_in_queue=0.000
---> Task 167 (Type: CPU_and_Data_Intensive) arriva in 94.69
--- [94.69] Task 167 using SearchNode Policy: v1_heuristic ---
[167] Filtro euristico: DTS-TMAX
[94.69] [Task 167] Routed STARLINK-11403 [DTC] -> STARLINK-30971 | E_NET=0.000263 J | Remaining=79999.73 J
[94.687] Task 167 enqueued on CPU STARLINK-30971 qlen_enqueue=1
[165][GREEDY] STARLINK-35269 -> STARLINK-11403 [DTC] | Tramission-time: 0.001760075675745077
[165] Energy routing consumed by STARLINK-35269: 0.000000 J (remaining 79068.44)
[94.777] Task 167 enqueued on NET STARLINK-30971 qlen_enqueue_net=1
[Task 167] Task eseguito su STARLINK-30971 70.89588112975231 degrees | CPU=71.2848J, NET=0.0003J, TOTAL=71.2851J, Remaining=79101.87J
[94.777] Task 167 served on STARLINK-30971 qlen_enqueue_cpu=1 qlen_enqueue_net=1 time_in_queue=0.000
[167][GREEDY] STARLINK-30971 -> STARLINK-11403 [DTC] | Tramission-time: 0.0009672013074036025
[167] Energy routing consumed by STARLINK-30971: 0.000000 J (remaining 79101.87)
[MODE: BIDIRECTIONAL]
[165][GREEDY] CONSEGNATO! STARLINK-11403 [DTC] -> OBS | Tramission-time: 3.4714424080812784e-09
[MODE: BIDIRECTIONAL]
[167][GREEDY] CONSEGNATO! STARLINK-11403 [DTC] -> OBS | Tramission-time: 2.1745693834373875e-10
---> Task 168 (Type: CPU_and_Data_Intensive) arriva in 95.50
--- [95.50] Task 168 using SearchNode Policy: v1_heuristic ---
[168] Filtro euristico: DTS-TMAX
[95.50] [Task 168] Routed STARLINK-11403 [DTC] -> STARLINK-35136 | E_NET=0.002489 J | Remaining=79999.73 J
[95.501] Task 168 enqueued on CPU STARLINK-35136 qlen_enqueue=1
[95.532] Task 168 enqueued on NET STARLINK-35136 qlen_enqueue_net=1
[Task 168] Task eseguito su STARLINK-35136 71.39357915535027 degrees | CPU=24.2947J, NET=0.0036J, TOTAL=24.2982J, Remaining=79063.12J
[95.535] Task 168 served on STARLINK-35136 qlen_enqueue_cpu=1 qlen_enqueue_net=1 time_in_queue=0.000
---> Task 169 (Type: CPU_Intensive) arriva in 95.58
--- [95.58] Task 169 using SearchNode Policy: v1_heuristic ---
[169] Filtro euristico: DTS-TMAX
[95.58] [Task 169] Routed STARLINK-11403 [DTC] -> STARLINK-32654 | E_NET=0.000018 J | Remaining=79999.73 J
[95.583] Task 169 enqueued on CPU STARLINK-32654 qlen_enqueue=1
---> Task 170 (Type: CPU_Intensive) arriva in 95.60
--- [95.60] Task 170 using SearchNode Policy: v1_heuristic ---
[170] Filtro euristico: DTS-TMAX
[95.60] [Task 170] Routed STARLINK-11403 [DTC] -> STARLINK-4438 | E_NET=0.000021 J | Remaining=79999.73 J
[95.597] Task 170 enqueued on CPU STARLINK-4438 qlen_enqueue=1
[MODE: BIDIRECTIONAL]
[168][GREEDY] CONSEGNATO! STARLINK-35136 -> OBS | Tramission-time: 2.3980931296393877e-09
---> Task 171 (Type: CPU_Intensive) arriva in 95.65
--- [95.65] Task 171 using SearchNode Policy: v1_heuristic ---
[171] Filtro euristico: DTS-TMAX
[95.65] [Task 171] Routed STARLINK-11403 [DTC] -> STARLINK-4525 | E_NET=0.000016 J | Remaining=79999.73 J
[95.652] Task 171 enqueued on CPU STARLINK-4525 qlen_enqueue=1
[Task 169] Task eseguito su STARLINK-32654 58.89979393105313 degrees | CPU=162.5005J, NET=0.0000J, TOTAL=162.5005J, Remaining=78990.94J
[95.788] Task 169 served on STARLINK-32654 qlen_enqueue_cpu=1 qlen_enqueue_net=None time_in_queue=0.000
[MODE: BIDIRECTIONAL]
[169][GREEDY] CONSEGNATO! STARLINK-32654 -> OBS | Tramission-time: 1.4081662768751367e-11
---> Task 172 (Type: Generic_Service) arriva in 95.93
--- [95.93] Task 172 using SearchNode Policy: v1_heuristic ---
[172] Filtro euristico: DTS-TMAX
[95.93] [Task 172] Routed STARLINK-11403 [DTC] -> STARLINK-30971 | E_NET=0.000034 J | Remaining=79999.73 J
[95.933] Task 172 enqueued on CPU STARLINK-30971 qlen_enqueue=1
----------------------------------------------------------------------
	||TIME IN SIMULATION : (seconds:96) (minutes: 1) ||

MODIFICA CONFIGURAZIONE IN CORSO...

Aggiornato il Tempo Globale:  2025-11-20 20:56:50
[Task 172] Task eseguito su STARLINK-30971 69.78653502735786 degrees | CPU=83.2758J, NET=0.0000J, TOTAL=83.2758J, Remaining=79018.60J
[96.039] Task 172 served on STARLINK-30971 qlen_enqueue_cpu=1 qlen_enqueue_net=None time_in_queue=0.000
[172][GREEDY] STARLINK-30971 -> STARLINK-11403 [DTC] | Tramission-time: 0.0009817780310217175
[172] Energy routing consumed by STARLINK-30971: 0.000000 J (remaining 79018.60)
[MODE: BIDIRECTIONAL]
[172][GREEDY] CONSEGNATO! STARLINK-11403 [DTC] -> OBS | Tramission-time: 3.1472302569985545e-11
[Task 170] Task eseguito su STARLINK-4438 43.83863441036795 degrees | CPU=671.1242J, NET=0.0000J, TOTAL=671.1242J, Remaining=78466.64J
[96.439] Task 170 served on STARLINK-4438 qlen_enqueue_cpu=1 qlen_enqueue_net=None time_in_queue=0.000
[170][GREEDY] STARLINK-4438 -> STARLINK-11403 [DTC] | Tramission-time: 0.001969851827724748
[170] Energy routing consumed by STARLINK-4438: 0.000000 J (remaining 78466.64)
[MODE: BIDIRECTIONAL]
[170][GREEDY] CONSEGNATO! STARLINK-11403 [DTC] -> OBS | Tramission-time: 2.037622946559483e-11
---> Task 173 (Type: CPU_Intensive) arriva in 96.84
--- [96.84] Task 173 using SearchNode Policy: v1_heuristic ---
[173] Filtro euristico: DTS-TMAX
[96.84] [Task 173] Routed STARLINK-11403 [DTC] -> STARLINK-35269 | E_NET=0.000013 J | Remaining=79999.73 J
[96.843] Task 173 enqueued on CPU STARLINK-35269 qlen_enqueue=1
[Task 171] Task eseguito su STARLINK-4525 69.09338221258614 degrees | CPU=1362.4875J, NET=0.0000J, TOTAL=1362.4875J, Remaining=77747.80J
[97.359] Task 171 served on STARLINK-4525 qlen_enqueue_cpu=1 qlen_enqueue_net=None time_in_queue=0.000
[MODE: BIDIRECTIONAL]
[171][GREEDY] CONSEGNATO! STARLINK-4525 -> OBS | Tramission-time: 1.1203344348027112e-11
[Task 173] Task eseguito su STARLINK-35269 46.03877635888137 degrees | CPU=475.7289J, NET=0.0000J, TOTAL=475.7290J, Remaining=78592.71J
[97.439] Task 173 served on STARLINK-35269 qlen_enqueue_cpu=1 qlen_enqueue_net=None time_in_queue=0.000
---> Task 174 (Type: Generic_Service) arriva in 97.52
--- [97.52] Task 174 using SearchNode Policy: v1_heuristic ---
[174] Filtro euristico: DTS-TMAX
[97.52] [Task 174] Routed STARLINK-11403 [DTC] -> STARLINK-35136 | E_NET=0.000008 J | Remaining=79999.73 J
[97.523] Task 174 enqueued on CPU STARLINK-35136 qlen_enqueue=1
[173][GREEDY] STARLINK-35269 -> STARLINK-11403 [DTC] | Tramission-time: 0.0017733342332815845
[173] Energy routing consumed by STARLINK-35269: 0.000000 J (remaining 78592.71)
[Task 174] Task eseguito su STARLINK-35136 72.54263421567603 degrees | CPU=73.8136J, NET=0.0000J, TOTAL=73.8136J, Remaining=78989.31J
[97.616] Task 174 served on STARLINK-35136 qlen_enqueue_cpu=1 qlen_enqueue_net=None time_in_queue=0.000
[MODE: BIDIRECTIONAL]
[173][GREEDY] CONSEGNATO! STARLINK-11403 [DTC] -> OBS | Tramission-time: 1.4392633578611111e-11
[MODE: BIDIRECTIONAL]
[174][GREEDY] CONSEGNATO! STARLINK-35136 -> OBS | Tramission-time: 7.043271493388736e-12
---> Task 175 (Type: CPU_Intensive) arriva in 97.81
--- [97.81] Task 175 using SearchNode Policy: v1_heuristic ---
[175] Filtro euristico: DTS-TMAX
[97.81] [Task 175] Routed STARLINK-11403 [DTC] -> STARLINK-6246 | E_NET=0.000005 J | Remaining=79999.73 J
[97.815] Task 175 enqueued on CPU STARLINK-6246 qlen_enqueue=1
---> Task 176 (Type: CPU_and_Data_Intensive) arriva in 97.90
--- [97.90] Task 176 using SearchNode Policy: v1_heuristic ---
[176] Filtro euristico: DTS-TMAX
[97.90] [Task 176] Routed STARLINK-11403 [DTC] -> STARLINK-3127 | E_NET=0.000188 J | Remaining=79999.73 J
[97.901] Task 176 enqueued on CPU STARLINK-3127 qlen_enqueue=1
[97.961] Task 176 enqueued on NET STARLINK-3127 qlen_enqueue_net=1
[Task 176] Task eseguito su STARLINK-3127 45.99726461820746 degrees | CPU=48.0934J, NET=0.0003J, TOTAL=48.0936J, Remaining=78990.97J
[97.961] Task 176 served on STARLINK-3127 qlen_enqueue_cpu=1 qlen_enqueue_net=1 time_in_queue=0.000
----------------------------------------------------------------------
	||TIME IN SIMULATION : (seconds:98) (minutes: 1) ||

MODIFICA CONFIGURAZIONE IN CORSO...

Aggiornato il Tempo Globale:  2025-11-20 20:56:52
[176][GREEDY] STARLINK-3127 -> STARLINK-11403 [DTC] | Tramission-time: 0.00146117602573126
[176] Energy routing consumed by STARLINK-3127: 0.000000 J (remaining 78990.97)
[MODE: BIDIRECTIONAL]
[176][GREEDY] CONSEGNATO! STARLINK-11403 [DTC] -> OBS | Tramission-time: 2.0260874335169428e-10
[Task 175] Task eseguito su STARLINK-6246 47.48060033200529 degrees | CPU=486.9772J, NET=0.0000J, TOTAL=486.9772J, Remaining=78556.82J
[98.425] Task 175 served on STARLINK-6246 qlen_enqueue_cpu=1 qlen_enqueue_net=None time_in_queue=0.000
[175][GREEDY] STARLINK-6246 -> STARLINK-11403 [DTC] | Tramission-time: 0.0015575564609904208
[175] Energy routing consumed by STARLINK-6246: 0.000000 J (remaining 78556.82)
[MODE: BIDIRECTIONAL]
[175][GREEDY] CONSEGNATO! STARLINK-11403 [DTC] -> OBS | Tramission-time: 5.8163958910237795e-12
---> Task 177 (Type: Generic_Service) arriva in 99.08
--- [99.08] Task 177 using SearchNode Policy: v1_heuristic ---
[177] Filtro euristico: DTS-TMAX
[99.08] [Task 177] Routed STARLINK-11403 [DTC] -> STARLINK-30971 | E_NET=0.000015 J | Remaining=79999.73 J
[99.076] Task 177 enqueued on CPU STARLINK-30971 qlen_enqueue=1
[Task 177] Task eseguito su STARLINK-30971 68.66499358243891 degrees | CPU=102.4420J, NET=0.0000J, TOTAL=102.4420J, Remaining=78916.16J
[99.206] Task 177 served on STARLINK-30971 qlen_enqueue_cpu=1 qlen_enqueue_net=None time_in_queue=0.000
[177][GREEDY] STARLINK-30971 -> STARLINK-11403 [DTC] | Tramission-time: 0.000996627516242007
[177] Energy routing consumed by STARLINK-30971: 0.000000 J (remaining 78916.16)
[MODE: BIDIRECTIONAL]
[177][GREEDY] CONSEGNATO! STARLINK-11403 [DTC] -> OBS | Tramission-time: 1.2963410924283421e-11
---> Task 178 (Type: CPU_Intensive) arriva in 99.77
--- [99.77] Task 178 using SearchNode Policy: v1_heuristic ---
[178] Filtro euristico: DTS-TMAX
[99.77] [Task 178] Routed STARLINK-11403 [DTC] -> STARLINK-3127 | E_NET=0.000029 J | Remaining=79999.73 J
[99.773] Task 178 enqueued on CPU STARLINK-3127 qlen_enqueue=1
---> Task 179 (Type: CPU_and_Data_Intensive) arriva in 99.85
--- [99.85] Task 179 using SearchNode Policy: v1_heuristic ---
[179] Filtro euristico: DTS-TMAX
[99.85] [Task 179] Routed STARLINK-11403 [DTC] -> STARLINK-32654 | E_NET=0.000242 J | Remaining=79999.73 J
[99.856] Task 179 enqueued on CPU STARLINK-32654 qlen_enqueue=1
----------------------------------------------------------------------
	||TIME IN SIMULATION : (seconds:100) (minutes: 1) ||

MODIFICA CONFIGURAZIONE IN CORSO...

Aggiornato il Tempo Globale:  2025-11-20 20:56:54
[Task 178] Task eseguito su STARLINK-3127 44.36092216387505 degrees | CPU=210.8216J, NET=0.0000J, TOTAL=210.8216J, Remaining=78780.15J
[100.039] Task 178 served on STARLINK-3127 qlen_enqueue_cpu=1 qlen_enqueue_net=None time_in_queue=0.000
[178][GREEDY] STARLINK-3127 -> STARLINK-11403 [DTC] | Tramission-time: 0.0014579052912861699
[178] Energy routing consumed by STARLINK-3127: 0.000000 J (remaining 78780.15)
[MODE: BIDIRECTIONAL]
[178][GREEDY] CONSEGNATO! STARLINK-11403 [DTC] -> OBS | Tramission-time: 2.663511281344353e-11
[100.443] Task 179 enqueued on NET STARLINK-32654 qlen_enqueue_net=1
[Task 179] Task eseguito su STARLINK-32654 58.304323917912214 degrees | CPU=469.4523J, NET=0.0004J, TOTAL=469.4527J, Remaining=78521.48J
[100.444] Task 179 served on STARLINK-32654 qlen_enqueue_cpu=1 qlen_enqueue_net=1 time_in_queue=0.000
---> Task 180 (Type: Generic_Service) arriva in 100.50
--- [100.50] Task 180 using SearchNode Policy: v1_heuristic ---
[180] Filtro euristico: DTS-TMAX
[Task 180] Nessun server rimasto dopo i filtri (deadline/sunset).
[Task 180] REJECTED on STARLINK-11403 [DTC] due to: No suitable server found after deadline/sunset filters
[MODE: BIDIRECTIONAL]
[179][GREEDY] CONSEGNATO! STARLINK-32654 -> OBS | Tramission-time: 2.438121981956199e-10
---> Task 181 (Type: CPU_and_Data_Intensive) arriva in 100.67
--- [100.67] Task 181 using SearchNode Policy: v1_heuristic ---
[181] Filtro euristico: DTS-TMAX
[100.67] [Task 181] Routed STARLINK-11403 [DTC] -> STARLINK-6195 | E_NET=0.007091 J | Remaining=79999.72 J
[100.674] Task 181 enqueued on CPU STARLINK-6195 qlen_enqueue=1
---> Task 182 (Type: CPU_Intensive) arriva in 100.78
--- [100.78] Task 182 using SearchNode Policy: v1_heuristic ---
[182] Filtro euristico: DTS-TMAX
[100.78] [Task 182] Routed STARLINK-11403 [DTC] -> STARLINK-35136 | E_NET=0.000010 J | Remaining=79999.72 J
[100.783] Task 182 enqueued on CPU STARLINK-35136 qlen_enqueue=1
[100.967] Task 181 enqueued on NET STARLINK-6195 qlen_enqueue_net=1
[Task 181] Task eseguito su STARLINK-6195 74.67236352178143 degrees | CPU=234.0893J, NET=0.0075J, TOTAL=234.0968J, Remaining=78756.79J
[100.974] Task 181 served on STARLINK-6195 qlen_enqueue_cpu=1 qlen_enqueue_net=1 time_in_queue=0.000
[181][GREEDY] STARLINK-6195 -> STARLINK-11403 [DTC] | Tramission-time: 0.0009441181022889088
[181] Energy routing consumed by STARLINK-6195: 0.000000 J (remaining 78756.79)
[MODE: BIDIRECTIONAL]
[181][GREEDY] CONSEGNATO! STARLINK-11403 [DTC] -> OBS | Tramission-time: 4.974475096015583e-09
[Task 182] Task eseguito su STARLINK-35136 74.70932628969798 degrees | CPU=461.2998J, NET=0.0000J, TOTAL=461.2999J, Remaining=78528.01J
[101.362] Task 182 served on STARLINK-35136 qlen_enqueue_cpu=1 qlen_enqueue_net=None time_in_queue=0.000
[MODE: BIDIRECTIONAL]
[182][GREEDY] CONSEGNATO! STARLINK-35136 -> OBS | Tramission-time: 8.030830549636758e-12
----------------------------------------------------------------------
	||TIME IN SIMULATION : (seconds:102) (minutes: 1) ||

MODIFICA CONFIGURAZIONE IN CORSO...

Aggiornato il Tempo Globale:  2025-11-20 20:56:56
---> Task 183 (Type: CPU_and_Data_Intensive) arriva in 103.03
--- [103.03] Task 183 using SearchNode Policy: v1_heuristic ---
[183] Filtro euristico: DTS-TMAX
[103.03] [Task 183] Routed STARLINK-11403 [DTC] -> STARLINK-1826 | E_NET=0.000309 J | Remaining=79999.72 J
[103.031] Task 183 enqueued on CPU STARLINK-1826 qlen_enqueue=1
---> Task 184 (Type: Generic_Service) arriva in 103.06
--- [103.06] Task 184 using SearchNode Policy: v1_heuristic ---
[184] Filtro euristico: DTS-TMAX
[103.06] [Task 184] Routed STARLINK-11403 [DTC] -> STARLINK-31220 | E_NET=0.000030 J | Remaining=79999.72 J
[103.062] Task 184 enqueued on CPU STARLINK-31220 qlen_enqueue=1
[Task 184] Task eseguito su STARLINK-31220 86.50956372674025 degrees | CPU=12.7018J, NET=0.0000J, TOTAL=12.7019J, Remaining=78926.23J
[103.080] Task 184 served on STARLINK-31220 qlen_enqueue_cpu=1 qlen_enqueue_net=None time_in_queue=0.000
[MODE: BIDIRECTIONAL]
[184][GREEDY] CONSEGNATO! STARLINK-31220 -> OBS | Tramission-time: 2.7978520085086685e-11
---> Task 185 (Type: Generic_Service) arriva in 103.31
--- [103.31] Task 185 using SearchNode Policy: v1_heuristic ---
[185] Filtro euristico: DTS-TMAX
[103.31] [Task 185] Routed STARLINK-11403 [DTC] -> STARLINK-2160 | E_NET=0.000029 J | Remaining=79999.72 J
[103.314] Task 185 enqueued on CPU STARLINK-2160 qlen_enqueue=1
[Task 185] Task eseguito su STARLINK-2160 56.30745637442136 degrees | CPU=108.8274J, NET=0.0000J, TOTAL=108.8275J, Remaining=78825.95J
[103.453] Task 185 served on STARLINK-2160 qlen_enqueue_cpu=1 qlen_enqueue_net=None time_in_queue=0.000
[185][GREEDY] STARLINK-2160 -> STARLINK-11403 [DTC] | Tramission-time: 0.0017425771875516235
[185] Energy routing consumed by STARLINK-2160: 0.000000 J (remaining 78825.95)
[MODE: BIDIRECTIONAL]
[185][GREEDY] CONSEGNATO! STARLINK-11403 [DTC] -> OBS | Tramission-time: 2.8625049106644316e-11
[103.650] Task 183 enqueued on NET STARLINK-1826 qlen_enqueue_net=1
[Task 183] Task eseguito su STARLINK-1826 50.34189104633086 degrees | CPU=494.6604J, NET=0.0004J, TOTAL=494.6608J, Remaining=78472.79J
[103.651] Task 183 served on STARLINK-1826 qlen_enqueue_cpu=1 qlen_enqueue_net=1 time_in_queue=0.000
[183][GREEDY] STARLINK-1826 -> STARLINK-11403 [DTC] | Tramission-time: 0.0017364258295842088
[183] Energy routing consumed by STARLINK-1826: 0.000000 J (remaining 78472.79)
[MODE: BIDIRECTIONAL]
[183][GREEDY] CONSEGNATO! STARLINK-11403 [DTC] -> OBS | Tramission-time: 2.8035192001447984e-10
---> Task 186 (Type: CPU_Intensive) arriva in 103.96
--- [103.96] Task 186 using SearchNode Policy: v1_heuristic ---
[186] Filtro euristico: DTS-TMAX
[103.96] [Task 186] Routed STARLINK-11403 [DTC] -> STARLINK-31220 | E_NET=0.000016 J | Remaining=79999.72 J
[103.962] Task 186 enqueued on CPU STARLINK-31220 qlen_enqueue=1
----------------------------------------------------------------------
	||TIME IN SIMULATION : (seconds:104) (minutes: 1) ||

MODIFICA CONFIGURAZIONE IN CORSO...

Aggiornato il Tempo Globale:  2025-11-20 20:56:58
---> Task 187 (Type: CPU_Intensive) arriva in 104.53
--- [104.53] Task 187 using SearchNode Policy: v1_heuristic ---
[187] Filtro euristico: DTS-TMAX
[104.53] [Task 187] Routed STARLINK-11403 [DTC] -> STARLINK-4472 | E_NET=0.000020 J | Remaining=79999.72 J
[104.532] Task 187 enqueued on CPU STARLINK-4472 qlen_enqueue=1
[Task 186] Task eseguito su STARLINK-31220 85.54715451136646 degrees | CPU=459.1223J, NET=0.0000J, TOTAL=459.1223J, Remaining=78467.11J
[104.537] Task 186 served on STARLINK-31220 qlen_enqueue_cpu=1 qlen_enqueue_net=None time_in_queue=0.000
[MODE: BIDIRECTIONAL]
[186][GREEDY] CONSEGNATO! STARLINK-31220 -> OBS | Tramission-time: 1.488250255891711e-11
---> Task 188 (Type: CPU_Intensive) arriva in 105.02
--- [105.02] Task 188 using SearchNode Policy: v1_heuristic ---
[188] Filtro euristico: DTS-TMAX
[105.02] [Task 188] Routed STARLINK-11403 [DTC] -> STARLINK-30223 | E_NET=0.000029 J | Remaining=79999.72 J
[105.019] Task 188 enqueued on CPU STARLINK-30223 qlen_enqueue=1
---> Task 189 (Type: CPU_and_Data_Intensive) arriva in 105.06
--- [105.06] Task 189 using SearchNode Policy: v1_heuristic ---
[189] Filtro euristico: DTS-TMAX
[105.06] [Task 189] Routed STARLINK-11403 [DTC] -> STARLINK-30971 | E_NET=0.004571 J | Remaining=79999.72 J
[105.064] Task 189 enqueued on CPU STARLINK-30971 qlen_enqueue=1
[105.501] Task 189 enqueued on NET STARLINK-30971 qlen_enqueue_net=1
[Task 189] Task eseguito su STARLINK-30971 65.27786997256536 degrees | CPU=349.2830J, NET=0.0065J, TOTAL=349.2895J, Remaining=78566.87J
[105.508] Task 189 served on STARLINK-30971 qlen_enqueue_cpu=1 qlen_enqueue_net=1 time_in_queue=0.000
[189][GREEDY] STARLINK-30971 -> STARLINK-11403 [DTC] | Tramission-time: 0.0010426954092938039
[189] Energy routing consumed by STARLINK-30971: 0.000000 J (remaining 78566.87)
[MODE: BIDIRECTIONAL]
[189][GREEDY] CONSEGNATO! STARLINK-11403 [DTC] -> OBS | Tramission-time: 5.098269401953183e-09
[Task 187] Task eseguito su STARLINK-4472 40.10921150109378 degrees | CPU=827.0619J, NET=0.0000J, TOTAL=827.0619J, Remaining=79172.94J
[105.568] Task 187 served on STARLINK-4472 qlen_enqueue_cpu=1 qlen_enqueue_net=None time_in_queue=0.000
[187][GREEDY] STARLINK-4472 -> STARLINK-11403 [DTC] | Tramission-time: 0.0017927047576831534
[187] Energy routing consumed by STARLINK-4472: 0.000000 J (remaining 79172.94)
[Task 188] Task eseguito su STARLINK-30223 75.16990291536375 degrees | CPU=552.4140J, NET=0.0000J, TOTAL=552.4140J, Remaining=78368.19J
[105.713] Task 188 served on STARLINK-30223 qlen_enqueue_cpu=1 qlen_enqueue_net=None time_in_queue=0.000
[MODE: BIDIRECTIONAL]
[187][GREEDY] CONSEGNATO! STARLINK-11403 [DTC] -> OBS | Tramission-time: 1.685773514983437e-11
[188][GREEDY] STARLINK-30223 -> STARLINK-11403 [DTC] | Tramission-time: 0.00122189143546439
[188] Energy routing consumed by STARLINK-30223: 0.000000 J (remaining 78368.19)
[MODE: BIDIRECTIONAL]
[188][GREEDY] CONSEGNATO! STARLINK-11403 [DTC] -> OBS | Tramission-time: 2.6940606455746306e-11
---> Task 190 (Type: Generic_Service) arriva in 105.96
--- [105.96] Task 190 using SearchNode Policy: v1_heuristic ---
[190] Filtro euristico: DTS-TMAX
[105.96] [Task 190] Routed STARLINK-11403 [DTC] -> STARLINK-6195 | E_NET=0.000005 J | Remaining=79999.72 J
[105.958] Task 190 enqueued on CPU STARLINK-6195 qlen_enqueue=1
[Task 190] Task eseguito su STARLINK-6195 75.37242945304432 degrees | CPU=11.4947J, NET=0.0000J, TOTAL=11.4947J, Remaining=78745.29J
[105.973] Task 190 served on STARLINK-6195 qlen_enqueue_cpu=1 qlen_enqueue_net=None time_in_queue=0.000
----------------------------------------------------------------------
	||TIME IN SIMULATION : (seconds:106) (minutes: 1) ||

MODIFICA CONFIGURAZIONE IN CORSO...

Aggiornato il Tempo Globale:  2025-11-20 20:57:00
---> Task 191 (Type: CPU_Intensive) arriva in 106.04
--- [106.04] Task 191 using SearchNode Policy: v1_heuristic ---
[191] Filtro euristico: DTS-TMAX
[106.04] [Task 191] Routed STARLINK-11403 [DTC] -> STARLINK-4472 | E_NET=0.000017 J | Remaining=79999.72 J
[106.039] Task 191 enqueued on CPU STARLINK-4472 qlen_enqueue=1
[190][GREEDY] STARLINK-6195 -> STARLINK-11403 [DTC] | Tramission-time: 0.0009416601221401739
[190] Energy routing consumed by STARLINK-6195: 0.000000 J (remaining 78745.29)
[Task 191] Task eseguito su STARLINK-4472 40.77043894392385 degrees | CPU=74.1678J, NET=0.0000J, TOTAL=74.1678J, Remaining=79098.77J
[106.133] Task 191 served on STARLINK-4472 qlen_enqueue_cpu=1 qlen_enqueue_net=None time_in_queue=0.000
[MODE: BIDIRECTIONAL]
[190][GREEDY] CONSEGNATO! STARLINK-11403 [DTC] -> OBS | Tramission-time: 4.936683612166333e-12
[191][GREEDY] STARLINK-4472 -> STARLINK-11403 [DTC] | Tramission-time: 0.0017201712771629705
[191] Energy routing consumed by STARLINK-4472: 0.000000 J (remaining 79098.77)
[MODE: BIDIRECTIONAL]
[191][GREEDY] CONSEGNATO! STARLINK-11403 [DTC] -> OBS | Tramission-time: 1.3858386916608023e-11
---> Task 192 (Type: CPU_Intensive) arriva in 106.28
--- [106.28] Task 192 using SearchNode Policy: v1_heuristic ---
[192] Filtro euristico: DTS-TMAX
[106.28] [Task 192] Routed STARLINK-11403 [DTC] -> STARLINK-4472 | E_NET=0.000017 J | Remaining=79999.72 J
[106.283] Task 192 enqueued on CPU STARLINK-4472 qlen_enqueue=1
---> Task 193 (Type: Generic_Service) arriva in 106.36
--- [106.36] Task 193 using SearchNode Policy: v1_heuristic ---
[193] Filtro euristico: DTS-TMAX
[106.36] [Task 193] Routed STARLINK-11403 [DTC] -> STARLINK-3127 | E_NET=0.000010 J | Remaining=79999.72 J
[106.360] Task 193 enqueued on CPU STARLINK-3127 qlen_enqueue=1
[Task 193] Task eseguito su STARLINK-3127 42.02716564593795 degrees | CPU=13.3912J, NET=0.0000J, TOTAL=13.3912J, Remaining=78766.76J
[106.378] Task 193 served on STARLINK-3127 qlen_enqueue_cpu=1 qlen_enqueue_net=None time_in_queue=0.000
[Task 192] Task eseguito su STARLINK-4472 40.77043894392385 degrees | CPU=122.1660J, NET=0.0000J, TOTAL=122.1660J, Remaining=78976.60J
[106.438] Task 192 served on STARLINK-4472 qlen_enqueue_cpu=1 qlen_enqueue_net=None time_in_queue=0.000
---> Task 194 (Type: CPU_and_Data_Intensive) arriva in 106.44
--- [106.44] Task 194 using SearchNode Policy: v1_heuristic ---
[194] Filtro euristico: DTS-TMAX
[106.44] [Task 194] Routed STARLINK-11403 [DTC] -> STARLINK-4472 | E_NET=0.000117 J | Remaining=79999.72 J
[193][GREEDY] STARLINK-3127 -> STARLINK-11403 [DTC] | Tramission-time: 0.001450698358915306
[193] Energy routing consumed by STARLINK-3127: 0.000000 J (remaining 78766.76)
[106.443] Task 194 enqueued on CPU STARLINK-4472 qlen_enqueue=1
[MODE: BIDIRECTIONAL]
[193][GREEDY] CONSEGNATO! STARLINK-11403 [DTC] -> OBS | Tramission-time: 8.796468006075053e-12
[192][GREEDY] STARLINK-4472 -> STARLINK-11403 [DTC] | Tramission-time: 0.0017201712791808771
[192] Energy routing consumed by STARLINK-4472: 0.000000 J (remaining 78976.60)
[106.538] Task 194 enqueued on NET STARLINK-4472 qlen_enqueue_net=1
[Task 194] Task eseguito su STARLINK-4472 40.77043894392385 degrees | CPU=75.6335J, NET=0.0001J, TOTAL=75.6336J, Remaining=78900.97J
[106.538] Task 194 served on STARLINK-4472 qlen_enqueue_cpu=1 qlen_enqueue_net=1 time_in_queue=0.000
[MODE: BIDIRECTIONAL]
[192][GREEDY] CONSEGNATO! STARLINK-11403 [DTC] -> OBS | Tramission-time: 1.5548829781794007e-11
[194][GREEDY] STARLINK-4472 -> STARLINK-11403 [DTC] | Tramission-time: 0.0017201713656735665
[194] Energy routing consumed by STARLINK-4472: 0.000000 J (remaining 78900.97)
[MODE: BIDIRECTIONAL]
[194][GREEDY] CONSEGNATO! STARLINK-11403 [DTC] -> OBS | Tramission-time: 1.3361773850451994e-10
---> Task 195 (Type: Generic_Service) arriva in 107.43
--- [107.43] Task 195 using SearchNode Policy: v1_heuristic ---
[195] Filtro euristico: DTS-TMAX
[107.43] [Task 195] Routed STARLINK-11403 [DTC] -> STARLINK-4472 | E_NET=0.000030 J | Remaining=79999.72 J
[107.434] Task 195 enqueued on CPU STARLINK-4472 qlen_enqueue=1
[Task 195] Task eseguito su STARLINK-4472 40.77043894392385 degrees | CPU=30.2595J, NET=0.0000J, TOTAL=30.2595J, Remaining=78870.71J
[107.474] Task 195 served on STARLINK-4472 qlen_enqueue_cpu=1 qlen_enqueue_net=None time_in_queue=0.000
[195][GREEDY] STARLINK-4472 -> STARLINK-11403 [DTC] | Tramission-time: 0.001720171291166177
[195] Energy routing consumed by STARLINK-4472: 0.000000 J (remaining 78870.71)
[MODE: BIDIRECTIONAL]
[195][GREEDY] CONSEGNATO! STARLINK-11403 [DTC] -> OBS | Tramission-time: 2.614884536856878e-11
---> Task 196 (Type: Generic_Service) arriva in 107.90
--- [107.90] Task 196 using SearchNode Policy: v1_heuristic ---
[196] Filtro euristico: DTS-TMAX
[107.90] [Task 196] Routed STARLINK-11403 [DTC] -> STARLINK-6195 | E_NET=0.000019 J | Remaining=79999.72 J
[107.905] Task 196 enqueued on CPU STARLINK-6195 qlen_enqueue=1
[Task 196] Task eseguito su STARLINK-6195 75.52971681188482 degrees | CPU=8.4111J, NET=0.0000J, TOTAL=8.4111J, Remaining=78736.88J
[107.917] Task 196 served on STARLINK-6195 qlen_enqueue_cpu=1 qlen_enqueue_net=None time_in_queue=0.000
[196][GREEDY] STARLINK-6195 -> STARLINK-11403 [DTC] | Tramission-time: 0.0009416601365013179
[196] Energy routing consumed by STARLINK-6195: 0.000000 J (remaining 78736.88)
----------------------------------------------------------------------
	||TIME IN SIMULATION : (seconds:108) (minutes: 1) ||

MODIFICA CONFIGURAZIONE IN CORSO...

Aggiornato il Tempo Globale:  2025-11-20 20:57:02
[MODE: BIDIRECTIONAL]
[196][GREEDY] CONSEGNATO! STARLINK-11403 [DTC] -> OBS | Tramission-time: 1.9485784874369177e-11
---> Task 197 (Type: CPU_and_Data_Intensive) arriva in 108.72
--- [108.72] Task 197 using SearchNode Policy: v1_heuristic ---
[197] Filtro euristico: DTS-TMAX
[108.72] [Task 197] Routed STARLINK-11403 [DTC] -> STARLINK-4472 | E_NET=0.008107 J | Remaining=79999.71 J
[108.727] Task 197 enqueued on CPU STARLINK-4472 qlen_enqueue=1
[108.882] Task 197 enqueued on NET STARLINK-4472 qlen_enqueue_net=1
[Task 197] Task eseguito su STARLINK-4472 41.441233861887255 degrees | CPU=123.9689J, NET=0.0084J, TOTAL=123.9773J, Remaining=78746.73J
[108.891] Task 197 served on STARLINK-4472 qlen_enqueue_cpu=1 qlen_enqueue_net=1 time_in_queue=0.000
[197][GREEDY] STARLINK-4472 -> STARLINK-11403 [DTC] | Tramission-time: 0.0016485450547121913
[197] Energy routing consumed by STARLINK-4472: 0.000000 J (remaining 78746.73)
[MODE: BIDIRECTIONAL]
[197][GREEDY] CONSEGNATO! STARLINK-11403 [DTC] -> OBS | Tramission-time: 5.947867481522555e-09
---> Task 198 (Type: Generic_Service) arriva in 109.53
--- [109.53] Task 198 using SearchNode Policy: v1_heuristic ---
[198] Filtro euristico: DTS-TMAX
[109.53] [Task 198] Routed STARLINK-11403 [DTC] -> STARLINK-2160 | E_NET=0.000026 J | Remaining=79999.71 J
[109.533] Task 198 enqueued on CPU STARLINK-2160 qlen_enqueue=1
---> Task 199 (Type: Generic_Service) arriva in 109.53
--- [109.53] Task 199 using SearchNode Policy: v1_heuristic ---
[199] Filtro euristico: DTS-TMAX
[109.53] [Task 199] Routed STARLINK-11403 [DTC] -> STARLINK-31220 | E_NET=0.000010 J | Remaining=79999.71 J
[109.535] Task 199 enqueued on CPU STARLINK-31220 qlen_enqueue=1
[Task 199] Task eseguito su STARLINK-31220 82.77043771379275 degrees | CPU=6.3721J, NET=0.0000J, TOTAL=6.3721J, Remaining=78460.73J
[109.544] Task 199 served on STARLINK-31220 qlen_enqueue_cpu=1 qlen_enqueue_net=None time_in_queue=0.000
[MODE: BIDIRECTIONAL]
[199][GREEDY] CONSEGNATO! STARLINK-31220 -> OBS | Tramission-time: 9.724793278898423e-12
[Task 198] Task eseguito su STARLINK-2160 58.70704046729924 degrees | CPU=29.4847J, NET=0.0000J, TOTAL=29.4847J, Remaining=78796.46J
[109.572] Task 198 served on STARLINK-2160 qlen_enqueue_cpu=1 qlen_enqueue_net=None time_in_queue=0.000
[198][GREEDY] STARLINK-2160 -> STARLINK-11403 [DTC] | Tramission-time: 0.0017684335150422034
[198] Energy routing consumed by STARLINK-2160: 0.000000 J (remaining 78796.46)
[MODE: BIDIRECTIONAL]
[198][GREEDY] CONSEGNATO! STARLINK-11403 [DTC] -> OBS | Tramission-time: 2.234716954413103e-11
----------------------------------------------------------------------
	||TIME IN SIMULATION : (seconds:110) (minutes: 1) ||

MODIFICA CONFIGURAZIONE IN CORSO...

Aggiornato il Tempo Globale:  2025-11-20 20:57:04
---> Task 200 (Type: Generic_Service) arriva in 110.00
--- [110.00] Task 200 using SearchNode Policy: v1_heuristic ---
[200] Filtro euristico: DTS-TMAX
[110.00] [Task 200] Routed STARLINK-11403 [DTC] -> STARLINK-3897 | E_NET=0.000015 J | Remaining=79999.71 J
[110.005] Task 200 enqueued on CPU STARLINK-3897 qlen_enqueue=1
[Task 200] Task eseguito su STARLINK-3897 40.14452424104098 degrees | CPU=22.3493J, NET=0.0000J, TOTAL=22.3494J, Remaining=79977.65J
[110.034] Task 200 served on STARLINK-3897 qlen_enqueue_cpu=1 qlen_enqueue_net=None time_in_queue=0.000
[200][GREEDY] STARLINK-3897 -> STARLINK-11403 [DTC] | Tramission-time: 0.0021438538288231284
[200] Energy routing consumed by STARLINK-3897: 0.000000 J (remaining 79977.65)
[MODE: BIDIRECTIONAL]
[200][GREEDY] CONSEGNATO! STARLINK-11403 [DTC] -> OBS | Tramission-time: 1.3848107900758918e-11
---> Task 201 (Type: Generic_Service) arriva in 110.29
--- [110.29] Task 201 using SearchNode Policy: v1_heuristic ---
[201] Filtro euristico: DTS-TMAX
[110.29] [Task 201] Routed STARLINK-11403 [DTC] -> STARLINK-3897 | E_NET=0.000025 J | Remaining=79999.71 J
[110.290] Task 201 enqueued on CPU STARLINK-3897 qlen_enqueue=1
[Task 201] Task eseguito su STARLINK-3897 40.14452424104098 degrees | CPU=29.0769J, NET=0.0000J, TOTAL=29.0769J, Remaining=79948.57J
[110.329] Task 201 served on STARLINK-3897 qlen_enqueue_cpu=1 qlen_enqueue_net=None time_in_queue=0.000
[201][GREEDY] STARLINK-3897 -> STARLINK-11403 [DTC] | Tramission-time: 0.002143853832160583
[201] Energy routing consumed by STARLINK-3897: 0.000000 J (remaining 79948.57)
[MODE: BIDIRECTIONAL]
[201][GREEDY] CONSEGNATO! STARLINK-11403 [DTC] -> OBS | Tramission-time: 2.400150195603257e-11
---> Task 202 (Type: CPU_Intensive) arriva in 111.27
--- [111.27] Task 202 using SearchNode Policy: v1_heuristic ---
[202] Filtro euristico: DTS-TMAX
[111.27] [Task 202] Routed STARLINK-11403 [DTC] -> STARLINK-3897 | E_NET=0.000022 J | Remaining=79999.71 J
[111.267] Task 202 enqueued on CPU STARLINK-3897 qlen_enqueue=1
[Task 202] Task eseguito su STARLINK-3897 40.14452424104098 degrees | CPU=71.6369J, NET=0.0000J, TOTAL=71.6370J, Remaining=79876.94J
[111.359] Task 202 served on STARLINK-3897 qlen_enqueue_cpu=1 qlen_enqueue_net=None time_in_queue=0.000
[202][GREEDY] STARLINK-3897 -> STARLINK-11403 [DTC] | Tramission-time: 0.0021438538321221995
[202] Energy routing consumed by STARLINK-3897: 0.000000 J (remaining 79876.94)
[MODE: BIDIRECTIONAL]
[202][GREEDY] CONSEGNATO! STARLINK-11403 [DTC] -> OBS | Tramission-time: 2.052557766142649e-11
---> Task 203 (Type: CPU_Intensive) arriva in 111.86
--- [111.86] Task 203 using SearchNode Policy: v1_heuristic ---
[203] Filtro euristico: DTS-TMAX
[111.86] [Task 203] Routed STARLINK-11403 [DTC] -> STARLINK-3897 | E_NET=0.000013 J | Remaining=79999.71 J
[111.862] Task 203 enqueued on CPU STARLINK-3897 qlen_enqueue=1
----------------------------------------------------------------------
	||TIME IN SIMULATION : (seconds:112) (minutes: 1) ||

MODIFICA CONFIGURAZIONE IN CORSO...

Aggiornato il Tempo Globale:  2025-11-20 20:57:06
---> Task 204 (Type: Generic_Service) arriva in 112.03
--- [112.03] Task 204 using SearchNode Policy: v1_heuristic ---
[204] Filtro euristico: DTS-TMAX
[112.03] [Task 204] Routed STARLINK-11403 [DTC] -> STARLINK-2160 | E_NET=0.000006 J | Remaining=79999.71 J
[112.032] Task 204 enqueued on CPU STARLINK-2160 qlen_enqueue=1
[Task 204] Task eseguito su STARLINK-2160 60.22804359936391 degrees | CPU=20.7118J, NET=0.0000J, TOTAL=20.7118J, Remaining=78775.75J
[112.059] Task 204 served on STARLINK-2160 qlen_enqueue_cpu=1 qlen_enqueue_net=None time_in_queue=0.000
[204][GREEDY] STARLINK-2160 -> STARLINK-11403 [DTC] | Tramission-time: 0.0017866713835413281
[204] Energy routing consumed by STARLINK-2160: 0.000000 J (remaining 78775.75)
[Task 203] Task eseguito su STARLINK-3897 40.678335541017766 degrees | CPU=208.0300J, NET=0.0000J, TOTAL=208.0300J, Remaining=79668.91J
[112.123] Task 203 served on STARLINK-3897 qlen_enqueue_cpu=1 qlen_enqueue_net=None time_in_queue=0.000
[MODE: BIDIRECTIONAL]
[204][GREEDY] CONSEGNATO! STARLINK-11403 [DTC] -> OBS | Tramission-time: 6.50337789288943e-12
[203][GREEDY] STARLINK-3897 -> STARLINK-11403 [DTC] | Tramission-time: 0.0021210316558551443
[203] Energy routing consumed by STARLINK-3897: 0.000000 J (remaining 79668.91)
[MODE: BIDIRECTIONAL]
[203][GREEDY] CONSEGNATO! STARLINK-11403 [DTC] -> OBS | Tramission-time: 1.0612069046011782e-11
---> Task 205 (Type: CPU_Intensive) arriva in 112.41
--- [112.41] Task 205 using SearchNode Policy: v1_heuristic ---
[205] Filtro euristico: DTS-TMAX
[112.41] [Task 205] Routed STARLINK-11403 [DTC] -> STARLINK-3897 | E_NET=0.000015 J | Remaining=79999.71 J
[112.415] Task 205 enqueued on CPU STARLINK-3897 qlen_enqueue=1
----------------------------------------------------------------------
	||TIME IN SIMULATION : (seconds:114) (minutes: 1) ||

MODIFICA CONFIGURAZIONE IN CORSO...

Aggiornato il Tempo Globale:  2025-11-20 20:57:08
---> Task 206 (Type: CPU_Intensive) arriva in 114.06
--- [114.06] Task 206 using SearchNode Policy: v1_heuristic ---
[206] Filtro euristico: DTS-TMAX
[114.06] [Task 206] Routed STARLINK-11403 [DTC] -> STARLINK-2160 | E_NET=0.000027 J | Remaining=79999.71 J
[114.067] Task 206 enqueued on CPU STARLINK-2160 qlen_enqueue=1
[Task 205] Task eseguito su STARLINK-3897 41.21220615198111 degrees | CPU=1452.6905J, NET=0.0000J, TOTAL=1452.6906J, Remaining=78216.22J
[114.234] Task 205 served on STARLINK-3897 qlen_enqueue_cpu=1 qlen_enqueue_net=None time_in_queue=0.000
[Task 206] Task eseguito su STARLINK-2160 60.95352365586985 degrees | CPU=154.4190J, NET=0.0000J, TOTAL=154.4190J, Remaining=78621.33J
[114.262] Task 206 served on STARLINK-2160 qlen_enqueue_cpu=1 qlen_enqueue_net=None time_in_queue=0.000
[206][GREEDY] STARLINK-2160 -> STARLINK-11403 [DTC] | Tramission-time: 0.001796080962028427
[206] Energy routing consumed by STARLINK-2160: 0.000000 J (remaining 78621.33)
[205][GREEDY] STARLINK-3897 -> STARLINK-11403 [DTC] | Tramission-time: 0.0020985500767934247
[205] Energy routing consumed by STARLINK-3897: 0.000000 J (remaining 78216.22)
[MODE: BIDIRECTIONAL]
[206][GREEDY] CONSEGNATO! STARLINK-11403 [DTC] -> OBS | Tramission-time: 1.990024865823514e-11
[MODE: BIDIRECTIONAL]
[205][GREEDY] CONSEGNATO! STARLINK-11403 [DTC] -> OBS | Tramission-time: 1.3207809049744712e-11
---> Task 207 (Type: CPU_Intensive) arriva in 114.65
--- [114.65] Task 207 using SearchNode Policy: v1_heuristic ---
[207] Filtro euristico: DTS-TMAX
[114.65] [Task 207] Routed STARLINK-11403 [DTC] -> STARLINK-4472 | E_NET=0.000031 J | Remaining=79999.71 J
[114.647] Task 207 enqueued on CPU STARLINK-4472 qlen_enqueue=1
---> Task 208 (Type: Generic_Service) arriva in 114.70
--- [114.70] Task 208 using SearchNode Policy: v1_heuristic ---
[208] Filtro euristico: DTS-TMAX
[114.70] [Task 208] Routed STARLINK-11403 [DTC] -> STARLINK-6195 | E_NET=0.000016 J | Remaining=79999.71 J
[114.706] Task 208 enqueued on CPU STARLINK-6195 qlen_enqueue=1
---> Task 209 (Type: Generic_Service) arriva in 114.73
--- [114.73] Task 209 using SearchNode Policy: v1_heuristic ---
[209] Filtro euristico: DTS-TMAX
[114.73] [Task 209] Routed STARLINK-11403 [DTC] -> STARLINK-31220 | E_NET=0.000010 J | Remaining=79999.71 J
[114.735] Task 209 enqueued on CPU STARLINK-31220 qlen_enqueue=1
[Task 209] Task eseguito su STARLINK-31220 78.08166051702075 degrees | CPU=8.2980J, NET=0.0000J, TOTAL=8.2980J, Remaining=78452.44J
[114.746] Task 209 served on STARLINK-31220 qlen_enqueue_cpu=1 qlen_enqueue_net=None time_in_queue=0.000
[Task 208] Task eseguito su STARLINK-6195 74.81009608450859 degrees | CPU=39.4187J, NET=0.0000J, TOTAL=39.4188J, Remaining=78697.46J
[114.756] Task 208 served on STARLINK-6195 qlen_enqueue_cpu=1 qlen_enqueue_net=None time_in_queue=0.000
[MODE: BIDIRECTIONAL]
[209][GREEDY] CONSEGNATO! STARLINK-31220 -> OBS | Tramission-time: 1.0779190346648255e-11
[208][GREEDY] STARLINK-6195 -> STARLINK-11403 [DTC] | Tramission-time: 0.0009390863984995128
[208] Energy routing consumed by STARLINK-6195: 0.000000 J (remaining 78697.46)
[MODE: BIDIRECTIONAL]
[208][GREEDY] CONSEGNATO! STARLINK-11403 [DTC] -> OBS | Tramission-time: 1.6833832101837934e-11
[Task 207] Task eseguito su STARLINK-4472 43.5084259380453 degrees | CPU=293.4308J, NET=0.0000J, TOTAL=293.4308J, Remaining=78453.30J
[115.016] Task 207 served on STARLINK-4472 qlen_enqueue_cpu=1 qlen_enqueue_net=None time_in_queue=0.000
[207][GREEDY] STARLINK-4472 -> STARLINK-11403 [DTC] | Tramission-time: 0.0014404075319993808
[207] Energy routing consumed by STARLINK-4472: 0.000000 J (remaining 78453.30)
[MODE: BIDIRECTIONAL]
[207][GREEDY] CONSEGNATO! STARLINK-11403 [DTC] -> OBS | Tramission-time: 2.615456326453834e-11
---> Task 210 (Type: CPU_Intensive) arriva in 115.19
--- [115.19] Task 210 using SearchNode Policy: v1_heuristic ---
[210] Filtro euristico: DTS-TMAX
[115.19] [Task 210] Routed STARLINK-11403 [DTC] -> STARLINK-6195 | E_NET=0.000022 J | Remaining=79999.71 J
[115.190] Task 210 enqueued on CPU STARLINK-6195 qlen_enqueue=1
[Task 210] Task eseguito su STARLINK-6195 74.81009608450859 degrees | CPU=482.3738J, NET=0.0000J, TOTAL=482.3738J, Remaining=78215.09J
[115.795] Task 210 served on STARLINK-6195 qlen_enqueue_cpu=1 qlen_enqueue_net=None time_in_queue=0.000
[210][GREEDY] STARLINK-6195 -> STARLINK-11403 [DTC] | Tramission-time: 0.0009390864042912837
[210] Energy routing consumed by STARLINK-6195: 0.000000 J (remaining 78215.09)
[MODE: BIDIRECTIONAL]
[210][GREEDY] CONSEGNATO! STARLINK-11403 [DTC] -> OBS | Tramission-time: 2.2787026594355393e-11
----------------------------------------------------------------------
	||TIME IN SIMULATION : (seconds:116) (minutes: 1) ||

MODIFICA CONFIGURAZIONE IN CORSO...

Aggiornato il Tempo Globale:  2025-11-20 20:57:10
---> Task 211 (Type: CPU_Intensive) arriva in 116.06
--- [116.06] Task 211 using SearchNode Policy: v1_heuristic ---
[211] Filtro euristico: DTS-TMAX
[116.06] [Task 211] Routed STARLINK-11403 [DTC] -> STARLINK-2160 | E_NET=0.000036 J | Remaining=79999.71 J
[116.057] Task 211 enqueued on CPU STARLINK-2160 qlen_enqueue=1
---> Task 212 (Type: CPU_Intensive) arriva in 116.25
--- [116.25] Task 212 using SearchNode Policy: v1_heuristic ---
[212] Filtro euristico: DTS-TMAX
[116.25] [Task 212] Routed STARLINK-11403 [DTC] -> STARLINK-35269 | E_NET=0.000004 J | Remaining=79999.71 J
[116.256] Task 212 enqueued on CPU STARLINK-35269 qlen_enqueue=1
[Task 211] Task eseguito su STARLINK-2160 61.64986433794069 degrees | CPU=416.7864J, NET=0.0000J, TOTAL=416.7865J, Remaining=78204.55J
[116.582] Task 211 served on STARLINK-2160 qlen_enqueue_cpu=1 qlen_enqueue_net=None time_in_queue=0.000
---> Task 213 (Type: CPU_and_Data_Intensive) arriva in 116.66
--- [116.66] Task 213 using SearchNode Policy: v1_heuristic ---
[213] Filtro euristico: DTS-TMAX
[116.66] [Task 213] Routed STARLINK-11403 [DTC] -> STARLINK-30971 | E_NET=0.001258 J | Remaining=79999.71 J
[116.663] Task 213 enqueued on CPU STARLINK-30971 qlen_enqueue=1
[211][GREEDY] STARLINK-2160 -> STARLINK-11403 [DTC] | Tramission-time: 0.0018056800729007254
[211] Energy routing consumed by STARLINK-2160: 0.000000 J (remaining 78204.55)
[MODE: BIDIRECTIONAL]
[211][GREEDY] CONSEGNATO! STARLINK-11403 [DTC] -> OBS | Tramission-time: 2.6918475975528193e-11
[Task 212] Task eseguito su STARLINK-35269 50.921330371280796 degrees | CPU=507.8156J, NET=0.0000J, TOTAL=507.8157J, Remaining=78084.89J
[116.892] Task 212 served on STARLINK-35269 qlen_enqueue_cpu=1 qlen_enqueue_net=None time_in_queue=0.000
---> Task 214 (Type: Generic_Service) arriva in 116.90
--- [116.90] Task 214 using SearchNode Policy: v1_heuristic ---
[214] Filtro euristico: DTS-TMAX
[116.90] [Task 214] Routed STARLINK-11403 [DTC] -> STARLINK-6246 | E_NET=0.000023 J | Remaining=79999.71 J
[116.903] Task 214 enqueued on CPU STARLINK-6246 qlen_enqueue=1
[212][GREEDY] STARLINK-35269 -> STARLINK-11403 [DTC] | Tramission-time: 0.0020413894927796094
[212] Energy routing consumed by STARLINK-35269: 0.000000 J (remaining 78084.89)
[Task 214] Task eseguito su STARLINK-6246 41.45219882921203 degrees | CPU=73.0490J, NET=0.0000J, TOTAL=73.0490J, Remaining=78483.77J
[116.996] Task 214 served on STARLINK-6246 qlen_enqueue_cpu=1 qlen_enqueue_net=None time_in_queue=0.000
[214][GREEDY] STARLINK-6246 -> STARLINK-11403 [DTC] | Tramission-time: 0.001496098001802229
[214] Energy routing consumed by STARLINK-6246: 0.000000 J (remaining 78483.77)
[MODE: BIDIRECTIONAL]
[212][GREEDY] CONSEGNATO! STARLINK-11403 [DTC] -> OBS | Tramission-time: 3.723354931212752e-12
[MODE: BIDIRECTIONAL]
[214][GREEDY] CONSEGNATO! STARLINK-11403 [DTC] -> OBS | Tramission-time: 2.0973587565374726e-11
[117.828] Task 213 enqueued on NET STARLINK-30971 qlen_enqueue_net=1
[Task 213] Task eseguito su STARLINK-30971 58.68472885488334 degrees | CPU=930.6544J, NET=0.0014J, TOTAL=930.6558J, Remaining=77636.21J
[117.829] Task 213 served on STARLINK-30971 qlen_enqueue_cpu=1 qlen_enqueue_net=1 time_in_queue=0.000
[213][GREEDY] STARLINK-30971 -> STARLINK-11403 [DTC] | Tramission-time: 0.0011406740847588605
[213] Energy routing consumed by STARLINK-30971: 0.000000 J (remaining 77636.21)
[MODE: BIDIRECTIONAL]
[213][GREEDY] CONSEGNATO! STARLINK-11403 [DTC] -> OBS | Tramission-time: 1.2368500293936177e-09
----------------------------------------------------------------------
	||TIME IN SIMULATION : (seconds:118) (minutes: 1) ||

MODIFICA CONFIGURAZIONE IN CORSO...

Aggiornato il Tempo Globale:  2025-11-20 20:57:12
---> Task 215 (Type: Generic_Service) arriva in 118.20
--- [118.20] Task 215 using SearchNode Policy: v1_heuristic ---
[215] Filtro euristico: DTS-TMAX
[118.20] [Task 215] Routed STARLINK-11474 [DTC] -> STARLINK-31207 | E_NET=0.000007 J | Remaining=80000.00 J
[118.202] Task 215 enqueued on CPU STARLINK-31207 qlen_enqueue=1
[Task 215] Task eseguito su STARLINK-31207 42.89482323186477 degrees | CPU=25.3465J, NET=0.0000J, TOTAL=25.3465J, Remaining=79974.65J
[118.234] Task 215 served on STARLINK-31207 qlen_enqueue_cpu=1 qlen_enqueue_net=None time_in_queue=0.000
[215][GREEDY] STARLINK-31207 -> STARLINK-31220 | Tramission-time: 0.0021148874934497387
[215] Energy routing consumed by STARLINK-31207: 0.000000 J (remaining 79974.65)
[MODE: BIDIRECTIONAL]
[215][GREEDY] CONSEGNATO! STARLINK-31220 -> OBS | Tramission-time: 6.95974454514696e-12
---> Task 216 (Type: Generic_Service) arriva in 118.92
--- [118.92] Task 216 using SearchNode Policy: v1_heuristic ---
[216] Filtro euristico: DTS-TMAX
[118.92] [Task 216] Routed STARLINK-11474 [DTC] -> STARLINK-30900 | E_NET=0.000027 J | Remaining=80000.00 J
[118.920] Task 216 enqueued on CPU STARLINK-30900 qlen_enqueue=1
[Task 216] Task eseguito su STARLINK-30900 45.610060066342676 degrees | CPU=7.1824J, NET=0.0000J, TOTAL=7.1824J, Remaining=79992.82J
[118.931] Task 216 served on STARLINK-30900 qlen_enqueue_cpu=1 qlen_enqueue_net=None time_in_queue=0.000
[216][GREEDY] STARLINK-30900 -> STARLINK-11474 [DTC] | Tramission-time: 0.0007976135673630965
[216] Energy routing consumed by STARLINK-30900: 0.000000 J (remaining 79992.82)
[MODE: BIDIRECTIONAL]
[216][GREEDY] CONSEGNATO! STARLINK-11474 [DTC] -> OBS | Tramission-time: 2.7193490953749677e-11
---> Task 217 (Type: CPU_and_Data_Intensive) arriva in 119.37
--- [119.37] Task 217 using SearchNode Policy: v1_heuristic ---
[217] Filtro euristico: DTS-TMAX
[119.37] [Task 217] Routed STARLINK-11474 [DTC] -> STARLINK-30986 | E_NET=0.000656 J | Remaining=80000.00 J
[119.368] Task 217 enqueued on CPU STARLINK-30986 qlen_enqueue=1
[119.511] Task 217 enqueued on NET STARLINK-30986 qlen_enqueue_net=1
[Task 217] Task eseguito su STARLINK-30986 43.16103764314899 degrees | CPU=114.9452J, NET=0.0007J, TOTAL=114.9460J, Remaining=79885.05J
[119.512] Task 217 served on STARLINK-30986 qlen_enqueue_cpu=1 qlen_enqueue_net=1 time_in_queue=0.000
---> Task 218 (Type: CPU_and_Data_Intensive) arriva in 119.53
--- [119.53] Task 218 using SearchNode Policy: v1_heuristic ---
[218] Filtro euristico: DTS-TMAX
[119.53] [Task 218] Routed STARLINK-11474 [DTC] -> STARLINK-5939 | E_NET=0.007442 J | Remaining=79999.99 J
[119.537] Task 218 enqueued on CPU STARLINK-5939 qlen_enqueue=1
[217][GREEDY] STARLINK-30986 -> STARLINK-11474 [DTC] | Tramission-time: 0.000906353292928018
[217] Energy routing consumed by STARLINK-30986: 0.000000 J (remaining 79885.05)
[MODE: BIDIRECTIONAL]
[217][GREEDY] CONSEGNATO! STARLINK-11474 [DTC] -> OBS | Tramission-time: 5.710377744954065e-10
---> Task 219 (Type: CPU_Intensive) arriva in 119.73
--- [119.73] Task 219 using SearchNode Policy: v1_heuristic ---
[219] Filtro euristico: DTS-TMAX
[119.73] [Task 219] Routed STARLINK-11474 [DTC] -> STARLINK-11403 [DTC] | E_NET=0.000027 J | Remaining=79999.99 J
[119.728] Task 219 enqueued on CPU STARLINK-11403 [DTC] qlen_enqueue=1
---> Task 220 (Type: CPU_Intensive) arriva in 119.73
--- [119.73] Task 220 using SearchNode Policy: v1_heuristic ---
[220] Filtro euristico: DTS-TMAX
[119.73] [Task 220] Routed STARLINK-11474 [DTC] -> STARLINK-30900 | E_NET=0.000021 J | Remaining=79999.99 J
[119.731] Task 220 enqueued on CPU STARLINK-30900 qlen_enqueue=1
[119.826] Task 218 enqueued on NET STARLINK-5939 qlen_enqueue_net=1
[Task 218] Task eseguito su STARLINK-5939 53.767137947856476 degrees | CPU=230.6009J, NET=0.0098J, TOTAL=230.6107J, Remaining=79769.39J
[119.836] Task 218 served on STARLINK-5939 qlen_enqueue_cpu=1 qlen_enqueue_net=1 time_in_queue=0.000
[218][GREEDY] STARLINK-5939 -> STARLINK-31220 | Tramission-time: 0.0017962565169405793
[218] Energy routing consumed by STARLINK-5939: 0.000000 J (remaining 79769.39)
[MODE: BIDIRECTIONAL]
[218][GREEDY] CONSEGNATO! STARLINK-31220 -> OBS | Tramission-time: 8.295495675593194e-09
----------------------------------------------------------------------
	||TIME IN SIMULATION : (seconds:120) (minutes: 2) ||

MODIFICA CONFIGURAZIONE IN CORSO...

Aggiornato il Tempo Globale:  2025-11-20 20:57:14
[Task 219] Task eseguito su STARLINK-11403 [DTC] 52.04146746180231 degrees | CPU=268.1971J, NET=0.0000J, TOTAL=268.1971J, Remaining=79731.51J
[120.067] Task 219 served on STARLINK-11403 [DTC] qlen_enqueue_cpu=1 qlen_enqueue_net=None time_in_queue=0.000
[MODE: BIDIRECTIONAL]
[219][GREEDY] CONSEGNATO! STARLINK-11403 [DTC] -> OBS | Tramission-time: 3.040186153371804e-11
---> Task 221 (Type: CPU_and_Data_Intensive) arriva in 120.17
--- [120.17] Task 221 using SearchNode Policy: v1_heuristic ---
[221] Filtro euristico: DTS-TMAX
[120.17] [Task 221] Routed STARLINK-11474 [DTC] -> STARLINK-35307 | E_NET=0.000319 J | Remaining=79999.99 J
[120.172] Task 221 enqueued on CPU STARLINK-35307 qlen_enqueue=1
[120.442] Task 221 enqueued on NET STARLINK-35307 qlen_enqueue_net=1
[Task 221] Task eseguito su STARLINK-35307 40.11571622146131 degrees | CPU=215.0855J, NET=0.0004J, TOTAL=215.0859J, Remaining=79784.91J
[120.442] Task 221 served on STARLINK-35307 qlen_enqueue_cpu=1 qlen_enqueue_net=1 time_in_queue=0.000
[Task 220] Task eseguito su STARLINK-30900 46.437116363468284 degrees | CPU=578.3858J, NET=0.0000J, TOTAL=578.3858J, Remaining=79414.43J
[120.456] Task 220 served on STARLINK-30900 qlen_enqueue_cpu=1 qlen_enqueue_net=None time_in_queue=0.000
[220][GREEDY] STARLINK-30900 -> STARLINK-11474 [DTC] | Tramission-time: 0.0007909332519769766
[220] Energy routing consumed by STARLINK-30900: 0.000000 J (remaining 79414.43)
[221][GREEDY] STARLINK-35307 -> STARLINK-31220 | Tramission-time: 0.0020843369679475936
[221] Energy routing consumed by STARLINK-35307: 0.000000 J (remaining 79784.91)
[MODE: BIDIRECTIONAL]
[220][GREEDY] CONSEGNATO! STARLINK-11474 [DTC] -> OBS | Tramission-time: 1.7096118528304198e-11
[MODE: BIDIRECTIONAL]
[221][GREEDY] CONSEGNATO! STARLINK-31220 -> OBS | Tramission-time: 3.064021486232862e-10
---> Task 222 (Type: Generic_Service) arriva in 120.98
--- [120.98] Task 222 using SearchNode Policy: v1_heuristic ---
[222] Filtro euristico: DTS-TMAX
[120.98] [Task 222] Routed STARLINK-11474 [DTC] -> STARLINK-31207 | E_NET=0.000012 J | Remaining=79999.99 J
[120.977] Task 222 enqueued on CPU STARLINK-31207 qlen_enqueue=1
[Task 222] Task eseguito su STARLINK-31207 43.78909129617275 degrees | CPU=90.6953J, NET=0.0000J, TOTAL=90.6953J, Remaining=79883.96J
[121.092] Task 222 served on STARLINK-31207 qlen_enqueue_cpu=1 qlen_enqueue_net=None time_in_queue=0.000
[222][GREEDY] STARLINK-31207 -> STARLINK-31220 | Tramission-time: 0.002115059235718007
[222] Energy routing consumed by STARLINK-31207: 0.000000 J (remaining 79883.96)
[MODE: BIDIRECTIONAL]
[222][GREEDY] CONSEGNATO! STARLINK-31220 -> OBS | Tramission-time: 1.0224848040374812e-11
----------------------------------------------------------------------
	||TIME IN SIMULATION : (seconds:122) (minutes: 2) ||

MODIFICA CONFIGURAZIONE IN CORSO...

Aggiornato il Tempo Globale:  2025-11-20 20:57:16
---> Task 223 (Type: Generic_Service) arriva in 122.48
--- [122.48] Task 223 using SearchNode Policy: v1_heuristic ---
[223] Filtro euristico: DTS-TMAX
[122.48] [Task 223] Routed STARLINK-11474 [DTC] -> STARLINK-31763 | E_NET=0.000037 J | Remaining=79999.99 J
[122.477] Task 223 enqueued on CPU STARLINK-31763 qlen_enqueue=1
[Task 223] Task eseguito su STARLINK-31763 40.65684632458929 degrees | CPU=14.3076J, NET=0.0000J, TOTAL=14.3077J, Remaining=79985.69J
[122.497] Task 223 served on STARLINK-31763 qlen_enqueue_cpu=1 qlen_enqueue_net=None time_in_queue=0.000
---> Task 224 (Type: CPU_and_Data_Intensive) arriva in 122.55
--- [122.55] Task 224 using SearchNode Policy: v1_heuristic ---
[224] Filtro euristico: DTS-TMAX
[122.55] [Task 224] Routed STARLINK-11474 [DTC] -> STARLINK-31702 | E_NET=0.001051 J | Remaining=79999.99 J
[122.553] Task 224 enqueued on CPU STARLINK-31702 qlen_enqueue=1
[223][GREEDY] STARLINK-31763 -> STARLINK-11474 [DTC] | Tramission-time: 0.000695701240222264
[223] Energy routing consumed by STARLINK-31763: 0.000000 J (remaining 79985.69)
[MODE: BIDIRECTIONAL]
[223][GREEDY] CONSEGNATO! STARLINK-11474 [DTC] -> OBS | Tramission-time: 2.6730289751583636e-11
---> Task 225 (Type: Generic_Service) arriva in 122.75
--- [122.75] Task 225 using SearchNode Policy: v1_heuristic ---
[225] Filtro euristico: DTS-TMAX
[122.75] [Task 225] Routed STARLINK-11474 [DTC] -> STARLINK-31763 | E_NET=0.000026 J | Remaining=79999.99 J
[122.753] Task 225 enqueued on CPU STARLINK-31763 qlen_enqueue=1
[Task 225] Task eseguito su STARLINK-31763 40.65684632458929 degrees | CPU=21.4258J, NET=0.0000J, TOTAL=21.4258J, Remaining=79964.27J
[122.781] Task 225 served on STARLINK-31763 qlen_enqueue_cpu=1 qlen_enqueue_net=None time_in_queue=0.000
[225][GREEDY] STARLINK-31763 -> STARLINK-11474 [DTC] | Tramission-time: 0.0006957012301673184
[225] Energy routing consumed by STARLINK-31763: 0.000000 J (remaining 79964.27)
[MODE: BIDIRECTIONAL]
[225][GREEDY] CONSEGNATO! STARLINK-11474 [DTC] -> OBS | Tramission-time: 2.050066785007821e-11
---> Task 226 (Type: CPU_Intensive) arriva in 122.98
--- [122.98] Task 226 using SearchNode Policy: v1_heuristic ---
[226] Filtro euristico: DTS-TMAX
[122.98] [Task 226] Routed STARLINK-11474 [DTC] -> STARLINK-31763 | E_NET=0.000029 J | Remaining=79999.99 J
[122.980] Task 226 enqueued on CPU STARLINK-31763 qlen_enqueue=1
[Task 226] Task eseguito su STARLINK-31763 40.65684632458929 degrees | CPU=97.4965J, NET=0.0000J, TOTAL=97.4966J, Remaining=79866.77J
[123.104] Task 226 served on STARLINK-31763 qlen_enqueue_cpu=1 qlen_enqueue_net=None time_in_queue=0.000
[226][GREEDY] STARLINK-31763 -> STARLINK-11474 [DTC] | Tramission-time: 0.0006957012323146431
[226] Energy routing consumed by STARLINK-31763: 0.000000 J (remaining 79866.77)
[MODE: BIDIRECTIONAL]
[226][GREEDY] CONSEGNATO! STARLINK-11474 [DTC] -> OBS | Tramission-time: 2.61685954168943e-11
[123.488] Task 224 enqueued on NET STARLINK-31702 qlen_enqueue_net=1
[Task 224] Task eseguito su STARLINK-31702 40.1031512911417 degrees | CPU=746.4882J, NET=0.0011J, TOTAL=746.4892J, Remaining=79253.51J
[123.489] Task 224 served on STARLINK-31702 qlen_enqueue_cpu=1 qlen_enqueue_net=1 time_in_queue=0.000
[224][GREEDY] STARLINK-31702 -> STARLINK-11474 [DTC] | Tramission-time: 0.0015055443725007008
[224] Energy routing consumed by STARLINK-31702: 0.000000 J (remaining 79253.51)
[MODE: BIDIRECTIONAL]
[224][GREEDY] CONSEGNATO! STARLINK-11474 [DTC] -> OBS | Tramission-time: 9.32243577665873e-10
---> Task 227 (Type: CPU_and_Data_Intensive) arriva in 123.54
--- [123.54] Task 227 using SearchNode Policy: v1_heuristic ---
[227] Filtro euristico: DTS-TMAX
[123.54] [Task 227] Routed STARLINK-11474 [DTC] -> STARLINK-30986 | E_NET=0.002141 J | Remaining=79999.99 J
[123.544] Task 227 enqueued on CPU STARLINK-30986 qlen_enqueue=1
---> Task 228 (Type: CPU_and_Data_Intensive) arriva in 123.93
--- [123.93] Task 228 using SearchNode Policy: v1_heuristic ---
[228] Filtro euristico: DTS-TMAX
[123.93] [Task 228] Routed STARLINK-11474 [DTC] -> STARLINK-31207 | E_NET=0.000326 J | Remaining=79999.99 J
[123.935] Task 228 enqueued on CPU STARLINK-31207 qlen_enqueue=1
---> Task 229 (Type: CPU_Intensive) arriva in 123.96
--- [123.96] Task 229 using SearchNode Policy: v1_heuristic ---
[229] Filtro euristico: DTS-TMAX
[123.96] [Task 229] Routed STARLINK-11474 [DTC] -> STARLINK-31763 | E_NET=0.000029 J | Remaining=79999.99 J
[123.959] Task 229 enqueued on CPU STARLINK-31763 qlen_enqueue=1
----------------------------------------------------------------------
	||TIME IN SIMULATION : (seconds:124) (minutes: 2) ||

MODIFICA CONFIGURAZIONE IN CORSO...

Aggiornato il Tempo Globale:  2025-11-20 20:57:18
---> Task 230 (Type: Generic_Service) arriva in 124.09
--- [124.09] Task 230 using SearchNode Policy: v1_heuristic ---
[230] Filtro euristico: DTS-TMAX
[124.09] [Task 230] Routed STARLINK-11474 [DTC] -> STARLINK-1826 | E_NET=0.000029 J | Remaining=79999.99 J
[124.089] Task 230 enqueued on CPU STARLINK-1826 qlen_enqueue=1
[Task 230] Task eseguito su STARLINK-1826 60.19354323524977 degrees | CPU=4.8431J, NET=0.0000J, TOTAL=4.8431J, Remaining=78467.95J
[124.097] Task 230 served on STARLINK-1826 qlen_enqueue_cpu=1 qlen_enqueue_net=None time_in_queue=0.000
[MODE: BIDIRECTIONAL]
[230][GREEDY] CONSEGNATO! STARLINK-1826 -> OBS | Tramission-time: 3.238214240335243e-11
---> Task 231 (Type: Generic_Service) arriva in 124.27
--- [124.27] Task 231 using SearchNode Policy: v1_heuristic ---
[231] Filtro euristico: DTS-TMAX
[124.27] [Task 231] Routed STARLINK-11474 [DTC] -> STARLINK-33947 | E_NET=0.000034 J | Remaining=79999.99 J
[124.270] Task 231 enqueued on CPU STARLINK-33947 qlen_enqueue=1
[Task 229] Task eseguito su STARLINK-31763 41.46061071028133 degrees | CPU=258.6552J, NET=0.0000J, TOTAL=258.6552J, Remaining=79608.11J
[124.284] Task 229 served on STARLINK-31763 qlen_enqueue_cpu=1 qlen_enqueue_net=None time_in_queue=0.000
[229][GREEDY] STARLINK-31763 -> STARLINK-11474 [DTC] | Tramission-time: 0.0006892453496029354
[229] Energy routing consumed by STARLINK-31763: 0.000000 J (remaining 79608.11)
[MODE: BIDIRECTIONAL]
[229][GREEDY] CONSEGNATO! STARLINK-11474 [DTC] -> OBS | Tramission-time: 2.1358763379107914e-11
---> Task 232 (Type: Generic_Service) arriva in 124.30
--- [124.30] Task 232 using SearchNode Policy: v1_heuristic ---
[232] Filtro euristico: DTS-TMAX
[124.30] [Task 232] Routed STARLINK-11474 [DTC] -> STARLINK-31249 | E_NET=0.000017 J | Remaining=79999.99 J
[124.303] Task 232 enqueued on CPU STARLINK-31249 qlen_enqueue=1
[Task 232] Task eseguito su STARLINK-31249 43.104204987012665 degrees | CPU=20.8113J, NET=0.0000J, TOTAL=20.8113J, Remaining=79979.19J
[124.330] Task 232 served on STARLINK-31249 qlen_enqueue_cpu=1 qlen_enqueue_net=None time_in_queue=0.000
[124.339] Task 228 enqueued on NET STARLINK-31207 qlen_enqueue_net=1
[Task 228] Task eseguito su STARLINK-31207 45.650305220824116 degrees | CPU=322.7342J, NET=0.0004J, TOTAL=322.7345J, Remaining=79561.22J
[124.340] Task 228 served on STARLINK-31207 qlen_enqueue_cpu=1 qlen_enqueue_net=1 time_in_queue=0.000
[Task 231] Task eseguito su STARLINK-33947 40.29632412437216 degrees | CPU=65.6184J, NET=0.0000J, TOTAL=65.6184J, Remaining=79934.38J
[124.355] Task 231 served on STARLINK-33947 qlen_enqueue_cpu=1 qlen_enqueue_net=None time_in_queue=0.000
[228][GREEDY] STARLINK-31207 -> STARLINK-11474 [DTC] | Tramission-time: 0.0006450077712954241
[228] Energy routing consumed by STARLINK-31207: 0.000000 J (remaining 79561.22)
[232][GREEDY] STARLINK-31249 -> STARLINK-11474 [DTC] | Tramission-time: 0.0021938979451485083
[232] Energy routing consumed by STARLINK-31249: 0.000000 J (remaining 79979.19)
[231][GREEDY] STARLINK-33947 -> STARLINK-11474 [DTC] | Tramission-time: 0.0009169381510218971
[231] Energy routing consumed by STARLINK-33947: 0.000000 J (remaining 79934.38)
[MODE: BIDIRECTIONAL]
[228][GREEDY] CONSEGNATO! STARLINK-11474 [DTC] -> OBS | Tramission-time: 2.9973737435797806e-10
[MODE: BIDIRECTIONAL]
[231][GREEDY] CONSEGNATO! STARLINK-11474 [DTC] -> OBS | Tramission-time: 3.282399883581597e-11
[MODE: BIDIRECTIONAL]
[232][GREEDY] CONSEGNATO! STARLINK-11474 [DTC] -> OBS | Tramission-time: 1.3138117414196001e-11
---> Task 233 (Type: CPU_and_Data_Intensive) arriva in 124.70
--- [124.70] Task 233 using SearchNode Policy: v1_heuristic ---
[233] Filtro euristico: DTS-TMAX
[124.70] [Task 233] Routed STARLINK-11474 [DTC] -> STARLINK-31249 | E_NET=0.009821 J | Remaining=79999.98 J
[124.714] Task 233 enqueued on CPU STARLINK-31249 qlen_enqueue=1
[124.845] Task 227 enqueued on NET STARLINK-30986 qlen_enqueue_net=1
[Task 227] Task eseguito su STARLINK-30986 45.48041659272821 degrees | CPU=1039.0086J, NET=0.0025J, TOTAL=1039.0111J, Remaining=78846.04J
[124.847] Task 227 served on STARLINK-30986 qlen_enqueue_cpu=1 qlen_enqueue_net=1 time_in_queue=0.000
[227][GREEDY] STARLINK-30986 -> STARLINK-11474 [DTC] | Tramission-time: 0.0008784417433286872
[227] Energy routing consumed by STARLINK-30986: 0.000000 J (remaining 78846.04)
[MODE: BIDIRECTIONAL]
[227][GREEDY] CONSEGNATO! STARLINK-11474 [DTC] -> OBS | Tramission-time: 1.9113109789375547e-09
---> Task 234 (Type: CPU_and_Data_Intensive) arriva in 125.51
--- [125.51] Task 234 using SearchNode Policy: v1_heuristic ---
[234] Filtro euristico: DTS-TMAX
[125.51] [Task 234] Routed STARLINK-11474 [DTC] -> STARLINK-33947 | E_NET=0.000780 J | Remaining=79999.98 J
[125.508] Task 234 enqueued on CPU STARLINK-33947 qlen_enqueue=1
[125.573] Task 233 enqueued on NET STARLINK-31249 qlen_enqueue_net=1
---> Task 235 (Type: CPU_Intensive) arriva in 125.58
--- [125.58] Task 235 using SearchNode Policy: v1_heuristic ---
[235] Filtro euristico: DTS-TMAX
[125.58] [Task 235] Routed STARLINK-11474 [DTC] -> STARLINK-35307 | E_NET=0.000018 J | Remaining=79999.98 J
[Task 233] Task eseguito su STARLINK-31249 43.104204987012665 degrees | CPU=686.7240J, NET=0.0110J, TOTAL=686.7349J, Remaining=79292.45J
[125.584] Task 233 served on STARLINK-31249 qlen_enqueue_cpu=1 qlen_enqueue_net=1 time_in_queue=0.000
[125.585] Task 235 enqueued on CPU STARLINK-35307 qlen_enqueue=1
[233][GREEDY] STARLINK-31249 -> STARLINK-11474 [DTC] | Tramission-time: 0.0021939080291364737
[233] Energy routing consumed by STARLINK-31249: 0.000000 J (remaining 79292.45)
[MODE: BIDIRECTIONAL]
[233][GREEDY] CONSEGNATO! STARLINK-11474 [DTC] -> OBS | Tramission-time: 7.82702448777963e-09
[Task 235] Task eseguito su STARLINK-35307 41.901886255854805 degrees | CPU=179.6483J, NET=0.0000J, TOTAL=179.6483J, Remaining=79605.27J
[125.811] Task 235 served on STARLINK-35307 qlen_enqueue_cpu=1 qlen_enqueue_net=None time_in_queue=0.000
[235][GREEDY] STARLINK-35307 -> STARLINK-11474 [DTC] | Tramission-time: 0.000707589791366647
[235] Energy routing consumed by STARLINK-35307: 0.000000 J (remaining 79605.27)
[MODE: BIDIRECTIONAL]
[235][GREEDY] CONSEGNATO! STARLINK-11474 [DTC] -> OBS | Tramission-time: 1.4866612891055818e-11
[125.941] Task 234 enqueued on NET STARLINK-33947 qlen_enqueue_net=1
[Task 234] Task eseguito su STARLINK-33947 40.29632412437216 degrees | CPU=345.9992J, NET=0.0009J, TOTAL=346.0001J, Remaining=79588.38J
[125.942] Task 234 served on STARLINK-33947 qlen_enqueue_cpu=1 qlen_enqueue_net=1 time_in_queue=0.000
[234][GREEDY] STARLINK-33947 -> STARLINK-11474 [DTC] | Tramission-time: 0.0009169387188947827
[234] Energy routing consumed by STARLINK-33947: 0.000000 J (remaining 79588.38)
----------------------------------------------------------------------
	||TIME IN SIMULATION : (seconds:126) (minutes: 2) ||

MODIFICA CONFIGURAZIONE IN CORSO...

Aggiornato il Tempo Globale:  2025-11-20 20:57:20
[MODE: BIDIRECTIONAL]
[234][GREEDY] CONSEGNATO! STARLINK-11474 [DTC] -> OBS | Tramission-time: 7.250548092637312e-10
---> Task 236 (Type: CPU_Intensive) arriva in 126.22
--- [126.22] Task 236 using SearchNode Policy: v1_heuristic ---
[236] Filtro euristico: DTS-TMAX
[126.22] [Task 236] Routed STARLINK-11474 [DTC] -> STARLINK-5118 | E_NET=0.000035 J | Remaining=79999.98 J
[126.220] Task 236 enqueued on CPU STARLINK-5118 qlen_enqueue=1
[Task 236] Task eseguito su STARLINK-5118 40.02499255630823 degrees | CPU=358.7012J, NET=0.0000J, TOTAL=358.7012J, Remaining=79641.30J
[126.671] Task 236 served on STARLINK-5118 qlen_enqueue_cpu=1 qlen_enqueue_net=None time_in_queue=0.000
[236][GREEDY] STARLINK-5118 -> STARLINK-11474 [DTC] | Tramission-time: 0.001254007162602963
[236] Energy routing consumed by STARLINK-5118: 0.000000 J (remaining 79641.30)
[MODE: BIDIRECTIONAL]
[236][GREEDY] CONSEGNATO! STARLINK-11474 [DTC] -> OBS | Tramission-time: 2.7866733349438832e-11
---> Task 237 (Type: CPU_Intensive) arriva in 127.56
--- [127.56] Task 237 using SearchNode Policy: v1_heuristic ---
[237] Filtro euristico: DTS-TMAX
[127.56] [Task 237] Routed STARLINK-11474 [DTC] -> STARLINK-5939 | E_NET=0.000025 J | Remaining=79999.98 J
[127.556] Task 237 enqueued on CPU STARLINK-5939 qlen_enqueue=1
---> Task 238 (Type: CPU_Intensive) arriva in 127.70
--- [127.70] Task 238 using SearchNode Policy: v1_heuristic ---
[238] Filtro euristico: DTS-TMAX
[127.70] [Task 238] Routed STARLINK-11474 [DTC] -> STARLINK-11403 [DTC] | E_NET=0.000022 J | Remaining=79999.98 J
[127.698] Task 238 enqueued on CPU STARLINK-11403 [DTC] qlen_enqueue=1
----------------------------------------------------------------------
	||TIME IN SIMULATION : (seconds:128) (minutes: 2) ||

MODIFICA CONFIGURAZIONE IN CORSO...

Aggiornato il Tempo Globale:  2025-11-20 20:57:22
[Task 238] Task eseguito su STARLINK-11403 [DTC] 46.389844144434576 degrees | CPU=300.2570J, NET=0.0000J, TOTAL=300.2571J, Remaining=79431.25J
[128.076] Task 238 served on STARLINK-11403 [DTC] qlen_enqueue_cpu=1 qlen_enqueue_net=None time_in_queue=0.000
[MODE: BIDIRECTIONAL]
[238][GREEDY] CONSEGNATO! STARLINK-11403 [DTC] -> OBS | Tramission-time: 2.580053752735207e-11
[Task 237] Task eseguito su STARLINK-5939 58.864715053799046 degrees | CPU=574.0721J, NET=0.0000J, TOTAL=574.0721J, Remaining=79195.32J
[128.277] Task 237 served on STARLINK-5939 qlen_enqueue_cpu=1 qlen_enqueue_net=None time_in_queue=0.000
[237][GREEDY] STARLINK-5939 -> STARLINK-11474 [DTC] | Tramission-time: 0.0008550044101561767
[237] Energy routing consumed by STARLINK-5939: 0.000000 J (remaining 79195.32)
[MODE: BIDIRECTIONAL]
[237][GREEDY] CONSEGNATO! STARLINK-11474 [DTC] -> OBS | Tramission-time: 2.458907618505128e-11
---> Task 239 (Type: CPU_Intensive) arriva in 128.59
--- [128.59] Task 239 using SearchNode Policy: v1_heuristic ---
[239] Filtro euristico: DTS-TMAX
[128.59] [Task 239] Routed STARLINK-11474 [DTC] -> STARLINK-2713 | E_NET=0.000025 J | Remaining=79999.98 J
[128.595] Task 239 enqueued on CPU STARLINK-2713 qlen_enqueue=1
[Task 239] Task eseguito su STARLINK-2713 40.13006318885507 degrees | CPU=99.8071J, NET=0.0000J, TOTAL=99.8071J, Remaining=79900.19J
[128.722] Task 239 served on STARLINK-2713 qlen_enqueue_cpu=1 qlen_enqueue_net=None time_in_queue=0.000
[239][GREEDY] STARLINK-2713 -> STARLINK-11474 [DTC] | Tramission-time: 0.001107509431651626
[239] Energy routing consumed by STARLINK-2713: 0.000000 J (remaining 79900.19)
[MODE: BIDIRECTIONAL]
[239][GREEDY] CONSEGNATO! STARLINK-11474 [DTC] -> OBS | Tramission-time: 2.8536051047859007e-11
---> Task 240 (Type: CPU_and_Data_Intensive) arriva in 129.25
--- [129.25] Task 240 using SearchNode Policy: v1_heuristic ---
[240] Filtro euristico: DTS-TMAX
[129.25] [Task 240] Routed STARLINK-11474 [DTC] -> STARLINK-2713 | E_NET=0.000708 J | Remaining=79999.98 J
[129.254] Task 240 enqueued on CPU STARLINK-2713 qlen_enqueue=1
----------------------------------------------------------------------
	||TIME IN SIMULATION : (seconds:130) (minutes: 2) ||

MODIFICA CONFIGURAZIONE IN CORSO...

Aggiornato il Tempo Globale:  2025-11-20 20:57:24
[130.223] Task 240 enqueued on NET STARLINK-2713 qlen_enqueue_net=1
[Task 240] Task eseguito su STARLINK-2713 40.81217533941642 degrees | CPU=774.6408J, NET=0.0010J, TOTAL=774.6418J, Remaining=79125.55J
[130.224] Task 240 served on STARLINK-2713 qlen_enqueue_cpu=1 qlen_enqueue_net=1 time_in_queue=0.000
[240][GREEDY] STARLINK-2713 -> STARLINK-11474 [DTC] | Tramission-time: 0.0011095467923917786
[240] Energy routing consumed by STARLINK-2713: 0.000000 J (remaining 79125.55)
[MODE: BIDIRECTIONAL]
[240][GREEDY] CONSEGNATO! STARLINK-11474 [DTC] -> OBS | Tramission-time: 8.157493603458563e-10
---> Task 241 (Type: CPU_and_Data_Intensive) arriva in 131.38
--- [131.38] Task 241 using SearchNode Policy: v1_heuristic ---
[241] Filtro euristico: DTS-TMAX
[131.38] [Task 241] Routed STARLINK-11474 [DTC] -> STARLINK-5118 | E_NET=0.000887 J | Remaining=79999.98 J
[131.381] Task 241 enqueued on CPU STARLINK-5118 qlen_enqueue=1
----------------------------------------------------------------------
	||TIME IN SIMULATION : (seconds:132) (minutes: 2) ||

MODIFICA CONFIGURAZIONE IN CORSO...

Aggiornato il Tempo Globale:  2025-11-20 20:57:26
---> Task 242 (Type: Generic_Service) arriva in 132.59
--- [132.59] Task 242 using SearchNode Policy: v1_heuristic ---
[242] Filtro euristico: DTS-TMAX
[132.59] [Task 242] Routed STARLINK-11474 [DTC] -> STARLINK-31763 | E_NET=0.000008 J | Remaining=79999.98 J
[132.591] Task 242 enqueued on CPU STARLINK-31763 qlen_enqueue=1
[Task 242] Task eseguito su STARLINK-31763 44.86996111277333 degrees | CPU=9.4740J, NET=0.0000J, TOTAL=9.4740J, Remaining=79598.64J
[132.603] Task 242 served on STARLINK-31763 qlen_enqueue_cpu=1 qlen_enqueue_net=None time_in_queue=0.000
[242][GREEDY] STARLINK-31763 -> STARLINK-11474 [DTC] | Tramission-time: 0.0006767708640935432
[242] Energy routing consumed by STARLINK-31763: 0.000000 J (remaining 79598.64)
[MODE: BIDIRECTIONAL]
[242][GREEDY] CONSEGNATO! STARLINK-11474 [DTC] -> OBS | Tramission-time: 6.709843018752499e-12
---> Task 243 (Type: CPU_and_Data_Intensive) arriva in 132.71
--- [132.71] Task 243 using SearchNode Policy: v1_heuristic ---
[243] Filtro euristico: DTS-TMAX
[132.71] [Task 243] Routed STARLINK-11474 [DTC] -> STARLINK-35307 | E_NET=0.001866 J | Remaining=79999.97 J
[132.716] Task 243 enqueued on CPU STARLINK-35307 qlen_enqueue=1
[132.861] Task 241 enqueued on NET STARLINK-5118 qlen_enqueue_net=1
[Task 241] Task eseguito su STARLINK-5118 40.32893513438827 degrees | CPU=1182.1328J, NET=0.0010J, TOTAL=1182.1338J, Remaining=78459.17J
[132.862] Task 241 served on STARLINK-5118 qlen_enqueue_cpu=1 qlen_enqueue_net=1 time_in_queue=0.000
[241][GREEDY] STARLINK-5118 -> STARLINK-11474 [DTC] | Tramission-time: 0.0013981081838161948
[241] Energy routing consumed by STARLINK-5118: 0.000000 J (remaining 78459.17)
[MODE: BIDIRECTIONAL]
[241][GREEDY] CONSEGNATO! STARLINK-11474 [DTC] -> OBS | Tramission-time: 7.835339631068544e-10
---> Task 244 (Type: Generic_Service) arriva in 133.52
--- [133.52] Task 244 using SearchNode Policy: v1_heuristic ---
[244] Filtro euristico: DTS-TMAX
[133.52] [Task 244] Routed STARLINK-11474 [DTC] -> STARLINK-31763 | E_NET=0.000022 J | Remaining=79999.97 J
[133.516] Task 244 enqueued on CPU STARLINK-31763 qlen_enqueue=1
[Task 244] Task eseguito su STARLINK-31763 44.86996111277333 degrees | CPU=7.4774J, NET=0.0000J, TOTAL=7.4774J, Remaining=79591.16J
[133.527] Task 244 served on STARLINK-31763 qlen_enqueue_cpu=1 qlen_enqueue_net=None time_in_queue=0.000
[244][GREEDY] STARLINK-31763 -> STARLINK-11474 [DTC] | Tramission-time: 0.000676770877250983
[244] Energy routing consumed by STARLINK-31763: 0.000000 J (remaining 79591.16)
[MODE: BIDIRECTIONAL]
[244][GREEDY] CONSEGNATO! STARLINK-11474 [DTC] -> OBS | Tramission-time: 1.6668536510755882e-11
---> Task 245 (Type: CPU_and_Data_Intensive) arriva in 133.64
--- [133.64] Task 245 using SearchNode Policy: v1_heuristic ---
[245] Filtro euristico: DTS-TMAX
[133.64] [Task 245] Routed STARLINK-11474 [DTC] -> STARLINK-31763 | E_NET=0.001495 J | Remaining=79999.97 J
[133.643] Task 245 enqueued on CPU STARLINK-31763 qlen_enqueue=1
[133.816] Task 243 enqueued on NET STARLINK-35307 qlen_enqueue_net=1
[Task 243] Task eseguito su STARLINK-35307 45.790557156361665 degrees | CPU=878.3550J, NET=0.0024J, TOTAL=878.3574J, Remaining=78726.91J
[133.818] Task 243 served on STARLINK-35307 qlen_enqueue_cpu=1 qlen_enqueue_net=1 time_in_queue=0.000
---> Task 246 (Type: CPU_and_Data_Intensive) arriva in 133.82
--- [133.82] Task 246 using SearchNode Policy: v1_heuristic ---
[246] Filtro euristico: DTS-TMAX
[133.82] [Task 246] Routed STARLINK-11474 [DTC] -> STARLINK-33947 | E_NET=0.005379 J | Remaining=79999.97 J
[133.829] Task 246 enqueued on CPU STARLINK-33947 qlen_enqueue=1
[133.905] Task 245 enqueued on NET STARLINK-31763 qlen_enqueue_net=1
[Task 245] Task eseguito su STARLINK-31763 44.86996111277333 degrees | CPU=209.4189J, NET=0.0017J, TOTAL=209.4206J, Remaining=79381.74J
[133.907] Task 245 served on STARLINK-31763 qlen_enqueue_cpu=1 qlen_enqueue_net=1 time_in_queue=0.000
[245][GREEDY] STARLINK-31763 -> STARLINK-11474 [DTC] | Tramission-time: 0.0006767719839298664
[245] Energy routing consumed by STARLINK-31763: 0.000000 J (remaining 79381.74)
[243][GREEDY] STARLINK-35307 -> STARLINK-11474 [DTC] | Tramission-time: 0.0007157195530781443
[243] Energy routing consumed by STARLINK-35307: 0.000000 J (remaining 78726.91)
[MODE: BIDIRECTIONAL]
[245][GREEDY] CONSEGNATO! STARLINK-11474 [DTC] -> OBS | Tramission-time: 1.277595868396898e-09
---> Task 247 (Type: CPU_and_Data_Intensive) arriva in 134.00
--- [134.00] Task 247 using SearchNode Policy: v1_heuristic ---
[247] Filtro euristico: DTS-TMAX
[134.00] [Task 247] Routed STARLINK-11474 [DTC] -> STARLINK-31207 | E_NET=0.005810 J | Remaining=79999.96 J
----------------------------------------------------------------------
	||TIME IN SIMULATION : (seconds:134) (minutes: 2) ||

MODIFICA CONFIGURAZIONE IN CORSO...

Aggiornato il Tempo Globale:  2025-11-20 20:57:28
[134.004] Task 247 enqueued on CPU STARLINK-31207 qlen_enqueue=1
[MODE: BIDIRECTIONAL]
[243][GREEDY] CONSEGNATO! STARLINK-11474 [DTC] -> OBS | Tramission-time: 2.1311958782807383e-09
[134.112] Task 246 enqueued on NET STARLINK-33947 qlen_enqueue_net=1
[Task 246] Task eseguito su STARLINK-33947 44.58855785542236 degrees | CPU=226.4834J, NET=0.0075J, TOTAL=226.4909J, Remaining=79361.89J
[134.120] Task 246 served on STARLINK-33947 qlen_enqueue_cpu=1 qlen_enqueue_net=1 time_in_queue=0.000
[246][GREEDY] STARLINK-33947 -> STARLINK-11474 [DTC] | Tramission-time: 0.0008067599249821356
[246] Energy routing consumed by STARLINK-33947: 0.000000 J (remaining 79361.89)
[MODE: BIDIRECTIONAL]
[246][GREEDY] CONSEGNATO! STARLINK-11474 [DTC] -> OBS | Tramission-time: 5.6960654698204034e-09
---> Task 248 (Type: Generic_Service) arriva in 134.24
--- [134.24] Task 248 using SearchNode Policy: v1_heuristic ---
[248] Filtro euristico: DTS-TMAX
[134.24] [Task 248] Routed STARLINK-11474 [DTC] -> STARLINK-31008 | E_NET=0.000013 J | Remaining=79999.96 J
[134.237] Task 248 enqueued on CPU STARLINK-31008 qlen_enqueue=1
[134.258] Task 247 enqueued on NET STARLINK-31207 qlen_enqueue_net=1
[Task 247] Task eseguito su STARLINK-31207 50.75567986269441 degrees | CPU=202.9051J, NET=0.0073J, TOTAL=202.9123J, Remaining=79358.31J
[134.265] Task 247 served on STARLINK-31207 qlen_enqueue_cpu=1 qlen_enqueue_net=1 time_in_queue=0.000
[Task 248] Task eseguito su STARLINK-31008 40.547879417863044 degrees | CPU=49.2954J, NET=0.0000J, TOTAL=49.2954J, Remaining=79950.70J
[134.300] Task 248 served on STARLINK-31008 qlen_enqueue_cpu=1 qlen_enqueue_net=None time_in_queue=0.000
[247][GREEDY] STARLINK-31207 -> STARLINK-11474 [DTC] | Tramission-time: 0.0005791250703678423
[247] Energy routing consumed by STARLINK-31207: 0.000000 J (remaining 79358.31)
[MODE: BIDIRECTIONAL]
[247][GREEDY] CONSEGNATO! STARLINK-11474 [DTC] -> OBS | Tramission-time: 6.785217635780321e-09
[248][GREEDY] STARLINK-31008 -> STARLINK-11474 [DTC] | Tramission-time: 0.0015630457169432744
[248] Energy routing consumed by STARLINK-31008: 0.000000 J (remaining 79950.70)
[MODE: BIDIRECTIONAL]
[248][GREEDY] CONSEGNATO! STARLINK-11474 [DTC] -> OBS | Tramission-time: 1.2841520753487515e-11
---> Task 249 (Type: CPU_Intensive) arriva in 134.44
--- [134.44] Task 249 using SearchNode Policy: v1_heuristic ---
[249] Filtro euristico: DTS-TMAX
[134.44] [Task 249] Routed STARLINK-11474 [DTC] -> STARLINK-31008 | E_NET=0.000011 J | Remaining=79999.96 J
[134.443] Task 249 enqueued on CPU STARLINK-31008 qlen_enqueue=1
[Task 249] Task eseguito su STARLINK-31008 40.547879417863044 degrees | CPU=444.1171J, NET=0.0000J, TOTAL=444.1171J, Remaining=79506.59J
[134.999] Task 249 served on STARLINK-31008 qlen_enqueue_cpu=1 qlen_enqueue_net=None time_in_queue=0.000
[249][GREEDY] STARLINK-31008 -> STARLINK-11474 [DTC] | Tramission-time: 0.0015630457120006712
[249] Energy routing consumed by STARLINK-31008: 0.000000 J (remaining 79506.59)
---> Task 250 (Type: CPU_Intensive) arriva in 135.03
--- [135.03] Task 250 using SearchNode Policy: v1_heuristic ---
[250] Filtro euristico: DTS-TMAX
[135.03] [Task 250] Routed STARLINK-11474 [DTC] -> STARLINK-31008 | E_NET=0.000024 J | Remaining=79999.96 J
[135.030] Task 250 enqueued on CPU STARLINK-31008 qlen_enqueue=1
[MODE: BIDIRECTIONAL]
[249][GREEDY] CONSEGNATO! STARLINK-11474 [DTC] -> OBS | Tramission-time: 1.0950047381009421e-11
[Task 250] Task eseguito su STARLINK-31008 40.547879417863044 degrees | CPU=330.8406J, NET=0.0000J, TOTAL=330.8407J, Remaining=79175.75J
[135.446] Task 250 served on STARLINK-31008 qlen_enqueue_cpu=1 qlen_enqueue_net=None time_in_queue=0.000
---> Task 251 (Type: CPU_Intensive) arriva in 135.46
--- [135.46] Task 251 using SearchNode Policy: v1_heuristic ---
[251] Filtro euristico: DTS-TMAX
[135.46] [Task 251] Routed STARLINK-11474 [DTC] -> STARLINK-11403 [DTC] | E_NET=0.000033 J | Remaining=79999.96 J
[135.464] Task 251 enqueued on CPU STARLINK-11403 [DTC] qlen_enqueue=1
[250][GREEDY] STARLINK-31008 -> STARLINK-11474 [DTC] | Tramission-time: 0.0015630457292018164
[250] Energy routing consumed by STARLINK-31008: 0.000000 J (remaining 79175.75)
[Task 251] Task eseguito su STARLINK-11403 [DTC] 42.665765422881044 degrees | CPU=44.8619J, NET=0.0000J, TOTAL=44.8619J, Remaining=79386.39J
[135.523] Task 251 served on STARLINK-11403 [DTC] qlen_enqueue_cpu=1 qlen_enqueue_net=None time_in_queue=0.000
[MODE: BIDIRECTIONAL]
[251][GREEDY] CONSEGNATO! STARLINK-11403 [DTC] -> OBS | Tramission-time: 2.431744649104129e-11
[MODE: BIDIRECTIONAL]
[250][GREEDY] CONSEGNATO! STARLINK-11474 [DTC] -> OBS | Tramission-time: 3.132120874891647e-11
---> Task 252 (Type: CPU_and_Data_Intensive) arriva in 135.76
--- [135.76] Task 252 using SearchNode Policy: v1_heuristic ---
[252] Filtro euristico: DTS-TMAX
[135.76] [Task 252] Routed STARLINK-11474 [DTC] -> STARLINK-30900 | E_NET=0.005298 J | Remaining=79999.96 J
[135.763] Task 252 enqueued on CPU STARLINK-30900 qlen_enqueue=1
----------------------------------------------------------------------
	||TIME IN SIMULATION : (seconds:136) (minutes: 2) ||

MODIFICA CONFIGURAZIONE IN CORSO...

Aggiornato il Tempo Globale:  2025-11-20 20:57:30
---> Task 253 (Type: CPU_Intensive) arriva in 136.23
--- [136.23] Task 253 using SearchNode Policy: v1_heuristic ---
[253] Filtro euristico: DTS-TMAX
[136.23] [Task 253] Routed STARLINK-11474 [DTC] -> STARLINK-6203 | E_NET=0.000010 J | Remaining=79999.96 J
[136.230] Task 253 enqueued on CPU STARLINK-6203 qlen_enqueue=1
[136.503] Task 252 enqueued on NET STARLINK-30900 qlen_enqueue_net=1
[Task 252] Task eseguito su STARLINK-30900 53.70537336762517 degrees | CPU=591.7391J, NET=0.0066J, TOTAL=591.7457J, Remaining=78822.69J
[136.510] Task 252 served on STARLINK-30900 qlen_enqueue_cpu=1 qlen_enqueue_net=1 time_in_queue=0.000
[252][GREEDY] STARLINK-30900 -> STARLINK-11474 [DTC] | Tramission-time: 0.0007710162923134969
[252] Energy routing consumed by STARLINK-30900: 0.000000 J (remaining 78822.69)
[MODE: BIDIRECTIONAL]
[252][GREEDY] CONSEGNATO! STARLINK-11474 [DTC] -> OBS | Tramission-time: 5.1555457789913495e-09
---> Task 254 (Type: Generic_Service) arriva in 136.80
--- [136.80] Task 254 using SearchNode Policy: v1_heuristic ---
[254] Filtro euristico: DTS-TMAX
[136.80] [Task 254] Routed STARLINK-11474 [DTC] -> STARLINK-11403 [DTC] | E_NET=0.000015 J | Remaining=79999.96 J
[136.804] Task 254 enqueued on CPU STARLINK-11403 [DTC] qlen_enqueue=1
[Task 254] Task eseguito su STARLINK-11403 [DTC] 41.51400570402567 degrees | CPU=56.7447J, NET=0.0000J, TOTAL=56.7448J, Remaining=79329.65J
[136.876] Task 254 served on STARLINK-11403 [DTC] qlen_enqueue_cpu=1 qlen_enqueue_net=None time_in_queue=0.000
[MODE: BIDIRECTIONAL]
[254][GREEDY] CONSEGNATO! STARLINK-11403 [DTC] -> OBS | Tramission-time: 1.3542156189384295e-11
---> Task 255 (Type: Generic_Service) arriva in 137.17
--- [137.17] Task 255 using SearchNode Policy: v1_heuristic ---
[255] Filtro euristico: DTS-TMAX
[137.17] [Task 255] Routed STARLINK-11474 [DTC] -> STARLINK-31763 | E_NET=0.000020 J | Remaining=79999.96 J
[137.170] Task 255 enqueued on CPU STARLINK-31763 qlen_enqueue=1
[Task 253] Task eseguito su STARLINK-6203 40.33461522201225 degrees | CPU=792.6145J, NET=0.0000J, TOTAL=792.6145J, Remaining=79207.39J
[137.223] Task 253 served on STARLINK-6203 qlen_enqueue_cpu=1 qlen_enqueue_net=None time_in_queue=0.000
[Task 255] Task eseguito su STARLINK-31763 46.694679694476946 degrees | CPU=71.3192J, NET=0.0000J, TOTAL=71.3193J, Remaining=79310.42J
[137.261] Task 255 served on STARLINK-31763 qlen_enqueue_cpu=1 qlen_enqueue_net=None time_in_queue=0.000
[255][GREEDY] STARLINK-31763 -> STARLINK-11474 [DTC] | Tramission-time: 0.0006787742599515201
[255] Energy routing consumed by STARLINK-31763: 0.000000 J (remaining 79310.42)
[MODE: BIDIRECTIONAL]
[255][GREEDY] CONSEGNATO! STARLINK-11474 [DTC] -> OBS | Tramission-time: 1.8415091666985664e-11
[253][GREEDY] STARLINK-6203 -> STARLINK-11474 [DTC] | Tramission-time: 0.0014805802561956697
[253] Energy routing consumed by STARLINK-6203: 0.000000 J (remaining 79207.39)
[MODE: BIDIRECTIONAL]
[253][GREEDY] CONSEGNATO! STARLINK-11474 [DTC] -> OBS | Tramission-time: 1.2029259498727184e-11
---> Task 256 (Type: CPU_and_Data_Intensive) arriva in 137.52
--- [137.52] Task 256 using SearchNode Policy: v1_heuristic ---
[256] Filtro euristico: DTS-TMAX
[137.52] [Task 256] Routed STARLINK-11474 [DTC] -> STARLINK-33947 | E_NET=0.091241 J | Remaining=79999.86 J
[137.611] Task 256 enqueued on CPU STARLINK-33947 qlen_enqueue=1
----------------------------------------------------------------------
	||TIME IN SIMULATION : (seconds:138) (minutes: 2) ||

MODIFICA CONFIGURAZIONE IN CORSO...

Aggiornato il Tempo Globale:  2025-11-20 20:57:32
---> Task 257 (Type: CPU_and_Data_Intensive) arriva in 138.53
--- [138.53] Task 257 using SearchNode Policy: v1_heuristic ---
[257] Filtro euristico: DTS-TMAX
[Task 257] Nessun server rimasto dopo i filtri (deadline/sunset).
[Task 257] REJECTED on STARLINK-11474 [DTC] due to: No suitable server found after deadline/sunset filters
---> Task 258 (Type: CPU_and_Data_Intensive) arriva in 138.86
--- [138.86] Task 258 using SearchNode Policy: v1_heuristic ---
[258] Filtro euristico: DTS-TMAX
[138.86] [Task 258] Routed STARLINK-11474 [DTC] -> STARLINK-31207 | E_NET=0.000673 J | Remaining=79999.86 J
[138.864] Task 258 enqueued on CPU STARLINK-31207 qlen_enqueue=1
[138.872] Task 256 enqueued on NET STARLINK-33947 qlen_enqueue_net=1
[Task 256] Task eseguito su STARLINK-33947 46.46228867602194 degrees | CPU=1008.1462J, NET=0.1146J, TOTAL=1008.2607J, Remaining=78353.63J
[138.987] Task 256 served on STARLINK-33947 qlen_enqueue_cpu=1 qlen_enqueue_net=1 time_in_queue=0.000
[256][GREEDY] STARLINK-33947 -> STARLINK-11474 [DTC] | Tramission-time: 0.0007721245088373389
[256] Energy routing consumed by STARLINK-33947: 0.000000 J (remaining 78353.63)
[MODE: BIDIRECTIONAL]
[256][GREEDY] CONSEGNATO! STARLINK-11474 [DTC] -> OBS | Tramission-time: 7.971712051352731e-08
---> Task 259 (Type: CPU_Intensive) arriva in 139.28
--- [139.28] Task 259 using SearchNode Policy: v1_heuristic ---
[259] Filtro euristico: DTS-TMAX
[139.28] [Task 259] Routed STARLINK-11474 [DTC] -> STARLINK-31763 | E_NET=0.000020 J | Remaining=79999.86 J
[139.284] Task 259 enqueued on CPU STARLINK-31763 qlen_enqueue=1
---> Task 260 (Type: Generic_Service) arriva in 139.67
--- [139.67] Task 260 using SearchNode Policy: v1_heuristic ---
[260] Filtro euristico: DTS-TMAX
[139.67] [Task 260] Routed STARLINK-11474 [DTC] -> STARLINK-31249 | E_NET=0.000014 J | Remaining=79999.86 J
[139.674] Task 260 enqueued on CPU STARLINK-31249 qlen_enqueue=1
---> Task 261 (Type: Generic_Service) arriva in 139.70
--- [139.70] Task 261 using SearchNode Policy: v1_heuristic ---
[261] Filtro euristico: DTS-TMAX
[139.70] [Task 261] Routed STARLINK-11474 [DTC] -> STARLINK-31702 | E_NET=0.000020 J | Remaining=79999.86 J
[139.697] Task 261 enqueued on CPU STARLINK-31702 qlen_enqueue=1
[Task 261] Task eseguito su STARLINK-31702 44.0911491797606 degrees | CPU=34.0017J, NET=0.0000J, TOTAL=34.0018J, Remaining=79219.51J
[139.742] Task 261 served on STARLINK-31702 qlen_enqueue_cpu=1 qlen_enqueue_net=None time_in_queue=0.000
[Task 260] Task eseguito su STARLINK-31249 48.8600777832653 degrees | CPU=60.6460J, NET=0.0000J, TOTAL=60.6460J, Remaining=79231.81J
[139.752] Task 260 served on STARLINK-31249 qlen_enqueue_cpu=1 qlen_enqueue_net=None time_in_queue=0.000
[261][GREEDY] STARLINK-31702 -> STARLINK-11474 [DTC] | Tramission-time: 0.0013997427461149025
[261] Energy routing consumed by STARLINK-31702: 0.000000 J (remaining 79219.51)
[260][GREEDY] STARLINK-31249 -> STARLINK-11474 [DTC] | Tramission-time: 0.0017749508036914428
[260] Energy routing consumed by STARLINK-31249: 0.000000 J (remaining 79231.81)
[MODE: BIDIRECTIONAL]
[261][GREEDY] CONSEGNATO! STARLINK-11474 [DTC] -> OBS | Tramission-time: 2.7148934648276884e-11
[139.850] Task 258 enqueued on NET STARLINK-31207 qlen_enqueue_net=1
[Task 258] Task eseguito su STARLINK-31207 52.990036152194925 degrees | CPU=787.4536J, NET=0.0008J, TOTAL=787.4544J, Remaining=78570.86J
[139.851] Task 258 served on STARLINK-31207 qlen_enqueue_cpu=1 qlen_enqueue_net=1 time_in_queue=0.000
[258][GREEDY] STARLINK-31207 -> STARLINK-11474 [DTC] | Tramission-time: 0.0005566701540752482
[258] Energy routing consumed by STARLINK-31207: 0.000000 J (remaining 78570.86)
[MODE: BIDIRECTIONAL]
[260][GREEDY] CONSEGNATO! STARLINK-11474 [DTC] -> OBS | Tramission-time: 1.3092658396855282e-11
----------------------------------------------------------------------
	||TIME IN SIMULATION : (seconds:140) (minutes: 2) ||

MODIFICA CONFIGURAZIONE IN CORSO...

Aggiornato il Tempo Globale:  2025-11-20 20:57:34
[MODE: BIDIRECTIONAL]
[258][GREEDY] CONSEGNATO! STARLINK-11474 [DTC] -> OBS | Tramission-time: 6.148689570599659e-10
---> Task 262 (Type: Generic_Service) arriva in 140.13
--- [140.13] Task 262 using SearchNode Policy: v1_heuristic ---
[262] Filtro euristico: DTS-TMAX
[140.13] [Task 262] Routed STARLINK-11474 [DTC] -> STARLINK-32945 | E_NET=0.000022 J | Remaining=79999.86 J
[140.127] Task 262 enqueued on CPU STARLINK-32945 qlen_enqueue=1
[Task 262] Task eseguito su STARLINK-32945 40.246873362399114 degrees | CPU=26.5604J, NET=0.0000J, TOTAL=26.5605J, Remaining=79973.44J
[140.162] Task 262 served on STARLINK-32945 qlen_enqueue_cpu=1 qlen_enqueue_net=None time_in_queue=0.000
[262][GREEDY] STARLINK-32945 -> STARLINK-11474 [DTC] | Tramission-time: 0.001264662017061946
[262] Energy routing consumed by STARLINK-32945: 0.000000 J (remaining 79973.44)
---> Task 263 (Type: CPU_and_Data_Intensive) arriva in 140.28
--- [140.28] Task 263 using SearchNode Policy: v1_heuristic ---
[263] Filtro euristico: DTS-TMAX
[140.28] [Task 263] Routed STARLINK-11474 [DTC] -> STARLINK-31249 | E_NET=0.046579 J | Remaining=79999.82 J
[MODE: BIDIRECTIONAL]
[262][GREEDY] CONSEGNATO! STARLINK-11474 [DTC] -> OBS | Tramission-time: 1.838453277618688e-11
[140.330] Task 263 enqueued on CPU STARLINK-31249 qlen_enqueue=1
[Task 259] Task eseguito su STARLINK-31763 48.600643813274544 degrees | CPU=958.5975J, NET=0.0000J, TOTAL=958.5975J, Remaining=78351.83J
[140.485] Task 259 served on STARLINK-31763 qlen_enqueue_cpu=1 qlen_enqueue_net=None time_in_queue=0.000
[259][GREEDY] STARLINK-31763 -> STARLINK-11474 [DTC] | Tramission-time: 0.0006862514004246014
[259] Energy routing consumed by STARLINK-31763: 0.000000 J (remaining 78351.83)
[MODE: BIDIRECTIONAL]
[259][GREEDY] CONSEGNATO! STARLINK-11474 [DTC] -> OBS | Tramission-time: 2.2017347975395473e-11
[140.740] Task 263 enqueued on NET STARLINK-31249 qlen_enqueue_net=1
[Task 263] Task eseguito su STARLINK-31249 49.7072709064094 degrees | CPU=327.4316J, NET=0.0669J, TOTAL=327.4985J, Remaining=78904.31J
[140.807] Task 263 served on STARLINK-31249 qlen_enqueue_cpu=1 qlen_enqueue_net=1 time_in_queue=0.000
[263][GREEDY] STARLINK-31249 -> STARLINK-11474 [DTC] | Tramission-time: 0.0017162382324907265
[263] Energy routing consumed by STARLINK-31249: 0.000000 J (remaining 78904.31)
[MODE: BIDIRECTIONAL]
[263][GREEDY] CONSEGNATO! STARLINK-11474 [DTC] -> OBS | Tramission-time: 4.609002552021018e-08
---> Task 264 (Type: CPU_Intensive) arriva in 141.32
--- [141.32] Task 264 using SearchNode Policy: v1_heuristic ---
[264] Filtro euristico: DTS-TMAX
[141.32] [Task 264] Routed STARLINK-11474 [DTC] -> STARLINK-32945 | E_NET=0.000006 J | Remaining=79999.82 J
[141.321] Task 264 enqueued on CPU STARLINK-32945 qlen_enqueue=1
---> Task 265 (Type: Generic_Service) arriva in 141.44
--- [141.44] Task 265 using SearchNode Policy: v1_heuristic ---
[265] Filtro euristico: DTS-TMAX
[141.44] [Task 265] Routed STARLINK-11474 [DTC] -> STARLINK-31702 | E_NET=0.000020 J | Remaining=79999.82 J
[141.439] Task 265 enqueued on CPU STARLINK-31702 qlen_enqueue=1
[Task 265] Task eseguito su STARLINK-31702 44.539605037764304 degrees | CPU=103.8246J, NET=0.0000J, TOTAL=103.8246J, Remaining=79115.68J
[141.571] Task 265 served on STARLINK-31702 qlen_enqueue_cpu=1 qlen_enqueue_net=None time_in_queue=0.000
[265][GREEDY] STARLINK-31702 -> STARLINK-11474 [DTC] | Tramission-time: 0.0013865442977352568
[265] Energy routing consumed by STARLINK-31702: 0.000000 J (remaining 79115.68)
[MODE: BIDIRECTIONAL]
[265][GREEDY] CONSEGNATO! STARLINK-11474 [DTC] -> OBS | Tramission-time: 2.1062455553610708e-11
----------------------------------------------------------------------
	||TIME IN SIMULATION : (seconds:142) (minutes: 2) ||

MODIFICA CONFIGURAZIONE IN CORSO...

Aggiornato il Tempo Globale:  2025-11-20 20:57:36
---> Task 266 (Type: CPU_Intensive) arriva in 142.11
--- [142.11] Task 266 using SearchNode Policy: v1_heuristic ---
[266] Filtro euristico: DTS-TMAX
[142.11] [Task 266] Routed STARLINK-11474 [DTC] -> STARLINK-6203 | E_NET=0.000032 J | Remaining=79999.82 J
[142.108] Task 266 enqueued on CPU STARLINK-6203 qlen_enqueue=1
[Task 266] Task eseguito su STARLINK-6203 42.55437244485778 degrees | CPU=104.4781J, NET=0.0000J, TOTAL=104.4781J, Remaining=79102.91J
[142.241] Task 266 served on STARLINK-6203 qlen_enqueue_cpu=1 qlen_enqueue_net=None time_in_queue=0.000
[266][GREEDY] STARLINK-6203 -> STARLINK-11474 [DTC] | Tramission-time: 0.0014128737058568949
[266] Energy routing consumed by STARLINK-6203: 0.000000 J (remaining 79102.91)
[MODE: BIDIRECTIONAL]
[266][GREEDY] CONSEGNATO! STARLINK-11474 [DTC] -> OBS | Tramission-time: 2.6899186486776647e-11
---> Task 267 (Type: Generic_Service) arriva in 142.85
--- [142.85] Task 267 using SearchNode Policy: v1_heuristic ---
[267] Filtro euristico: DTS-TMAX
[142.85] [Task 267] Routed STARLINK-11474 [DTC] -> STARLINK-5939 | E_NET=0.000017 J | Remaining=79999.82 J
[142.848] Task 267 enqueued on CPU STARLINK-5939 qlen_enqueue=1
[Task 267] Task eseguito su STARLINK-5939 66.55863840288154 degrees | CPU=38.1369J, NET=0.0000J, TOTAL=38.1369J, Remaining=79157.18J
[142.897] Task 267 served on STARLINK-5939 qlen_enqueue_cpu=1 qlen_enqueue_net=None time_in_queue=0.000
[267][GREEDY] STARLINK-5939 -> STARLINK-11474 [DTC] | Tramission-time: 0.0007780842018368395
[267] Energy routing consumed by STARLINK-5939: 0.000000 J (remaining 79157.18)
[MODE: BIDIRECTIONAL]
[267][GREEDY] CONSEGNATO! STARLINK-11474 [DTC] -> OBS | Tramission-time: 1.467316533464914e-11
---> Task 268 (Type: CPU_and_Data_Intensive) arriva in 143.17
--- [143.17] Task 268 using SearchNode Policy: v1_heuristic ---
[268] Filtro euristico: DTS-TMAX
[143.17] [Task 268] Routed STARLINK-11474 [DTC] -> STARLINK-31008 | E_NET=0.008617 J | Remaining=79999.81 J
[143.181] Task 268 enqueued on CPU STARLINK-31008 qlen_enqueue=1
[143.292] Task 268 enqueued on NET STARLINK-31008 qlen_enqueue_net=1
[Task 268] Task eseguito su STARLINK-31008 43.829556469818975 degrees | CPU=89.1389J, NET=0.0090J, TOTAL=89.1479J, Remaining=79086.60J
[143.301] Task 268 served on STARLINK-31008 qlen_enqueue_cpu=1 qlen_enqueue_net=1 time_in_queue=0.000
[268][GREEDY] STARLINK-31008 -> STARLINK-11474 [DTC] | Tramission-time: 0.0013890286915207823
[268] Energy routing consumed by STARLINK-31008: 0.000000 J (remaining 79086.60)
---> Task 269 (Type: Generic_Service) arriva in 143.34
--- [143.34] Task 269 using SearchNode Policy: v1_heuristic ---
[269] Filtro euristico: DTS-TMAX
[143.34] [Task 269] Routed STARLINK-11474 [DTC] -> STARLINK-5939 | E_NET=0.000014 J | Remaining=79999.81 J
[143.339] Task 269 enqueued on CPU STARLINK-5939 qlen_enqueue=1
[Task 269] Task eseguito su STARLINK-5939 66.55863840288154 degrees | CPU=10.1036J, NET=0.0000J, TOTAL=10.1037J, Remaining=79147.08J
[143.352] Task 269 served on STARLINK-5939 qlen_enqueue_cpu=1 qlen_enqueue_net=None time_in_queue=0.000
[Task 264] Task eseguito su STARLINK-32945 40.91428079044339 degrees | CPU=1671.1786J, NET=0.0000J, TOTAL=1671.1787J, Remaining=78302.26J
[143.413] Task 264 served on STARLINK-32945 qlen_enqueue_cpu=1 qlen_enqueue_net=None time_in_queue=0.000
[269][GREEDY] STARLINK-5939 -> STARLINK-11474 [DTC] | Tramission-time: 0.0007780841993934331
[269] Energy routing consumed by STARLINK-5939: 0.000000 J (remaining 79147.08)
[MODE: BIDIRECTIONAL]
[268][GREEDY] CONSEGNATO! STARLINK-11474 [DTC] -> OBS | Tramission-time: 6.3778128418088225e-09
[264][GREEDY] STARLINK-32945 -> STARLINK-11474 [DTC] | Tramission-time: 0.0012517149970760972
[264] Energy routing consumed by STARLINK-32945: 0.000000 J (remaining 78302.26)
[MODE: BIDIRECTIONAL]
[269][GREEDY] CONSEGNATO! STARLINK-11474 [DTC] -> OBS | Tramission-time: 1.6058231027342947e-11
[MODE: BIDIRECTIONAL]
[264][GREEDY] CONSEGNATO! STARLINK-11474 [DTC] -> OBS | Tramission-time: 4.608706865704411e-12
----------------------------------------------------------------------
	||TIME IN SIMULATION : (seconds:144) (minutes: 2) ||

MODIFICA CONFIGURAZIONE IN CORSO...

Aggiornato il Tempo Globale:  2025-11-20 20:57:38
---> Task 270 (Type: CPU_Intensive) arriva in 144.20
--- [144.20] Task 270 using SearchNode Policy: v1_heuristic ---
[270] Filtro euristico: DTS-TMAX
[144.20] [Task 270] Routed STARLINK-11474 [DTC] -> STARLINK-5939 | E_NET=0.000019 J | Remaining=79999.81 J
[144.199] Task 270 enqueued on CPU STARLINK-5939 qlen_enqueue=1
[Task 270] Task eseguito su STARLINK-5939 67.68093983174799 degrees | CPU=134.0745J, NET=0.0000J, TOTAL=134.0746J, Remaining=79013.00J
[144.369] Task 270 served on STARLINK-5939 qlen_enqueue_cpu=1 qlen_enqueue_net=None time_in_queue=0.000
---> Task 271 (Type: CPU_and_Data_Intensive) arriva in 144.41
--- [144.41] Task 271 using SearchNode Policy: v1_heuristic ---
[271] Filtro euristico: DTS-TMAX
[144.41] [Task 271] Routed STARLINK-11474 [DTC] -> STARLINK-2713 | E_NET=0.008557 J | Remaining=79999.80 J
[144.421] Task 271 enqueued on CPU STARLINK-2713 qlen_enqueue=1
[270][GREEDY] STARLINK-5939 -> STARLINK-11474 [DTC] | Tramission-time: 0.0007685733262572934
[270] Energy routing consumed by STARLINK-5939: 0.000000 J (remaining 79013.00)
[MODE: BIDIRECTIONAL]
[270][GREEDY] CONSEGNATO! STARLINK-11474 [DTC] -> OBS | Tramission-time: 2.4641291936630744e-11
---> Task 272 (Type: Generic_Service) arriva in 145.39
--- [145.39] Task 272 using SearchNode Policy: v1_heuristic ---
[272] Filtro euristico: DTS-TMAX
[145.39] [Task 272] Routed STARLINK-11474 [DTC] -> STARLINK-31008 | E_NET=0.000014 J | Remaining=79999.80 J
[145.387] Task 272 enqueued on CPU STARLINK-31008 qlen_enqueue=1
[Task 272] Task eseguito su STARLINK-31008 44.695680743617395 degrees | CPU=10.8963J, NET=0.0000J, TOTAL=10.8964J, Remaining=79075.70J
[145.402] Task 272 served on STARLINK-31008 qlen_enqueue_cpu=1 qlen_enqueue_net=None time_in_queue=0.000
[272][GREEDY] STARLINK-31008 -> STARLINK-11474 [DTC] | Tramission-time: 0.0013460140838129696
[272] Energy routing consumed by STARLINK-31008: 0.000000 J (remaining 79075.70)
[MODE: BIDIRECTIONAL]
[272][GREEDY] CONSEGNATO! STARLINK-11474 [DTC] -> OBS | Tramission-time: 1.2748820651753622e-11
---> Task 273 (Type: CPU_and_Data_Intensive) arriva in 145.57
--- [145.57] Task 273 using SearchNode Policy: v1_heuristic ---
[273] Filtro euristico: DTS-TMAX
[145.57] [Task 273] Routed STARLINK-11474 [DTC] -> STARLINK-31702 | E_NET=0.000299 J | Remaining=79999.80 J
[145.567] Task 273 enqueued on CPU STARLINK-31702 qlen_enqueue=1
---> Task 274 (Type: Generic_Service) arriva in 145.61
--- [145.61] Task 274 using SearchNode Policy: v1_heuristic ---
[274] Filtro euristico: DTS-TMAX
[145.61] [Task 274] Routed STARLINK-11474 [DTC] -> STARLINK-6203 | E_NET=0.000033 J | Remaining=79999.80 J
[145.609] Task 274 enqueued on CPU STARLINK-6203 qlen_enqueue=1
[Task 274] Task eseguito su STARLINK-6203 43.328292719903025 degrees | CPU=62.8674J, NET=0.0000J, TOTAL=62.8675J, Remaining=79040.04J
[145.690] Task 274 served on STARLINK-6203 qlen_enqueue_cpu=1 qlen_enqueue_net=None time_in_queue=0.000
[145.722] Task 273 enqueued on NET STARLINK-31702 qlen_enqueue_net=1
[Task 273] Task eseguito su STARLINK-31702 45.38539118980205 degrees | CPU=124.0438J, NET=0.0004J, TOTAL=124.0442J, Remaining=78991.64J
[145.723] Task 273 served on STARLINK-31702 qlen_enqueue_cpu=1 qlen_enqueue_net=1 time_in_queue=0.000
[273][GREEDY] STARLINK-31702 -> STARLINK-11474 [DTC] | Tramission-time: 0.001360170381628149
[273] Energy routing consumed by STARLINK-31702: 0.000000 J (remaining 78991.64)
[MODE: BIDIRECTIONAL]
[273][GREEDY] CONSEGNATO! STARLINK-11474 [DTC] -> OBS | Tramission-time: 3.383874873006302e-10
[274][GREEDY] STARLINK-6203 -> STARLINK-11474 [DTC] | Tramission-time: 0.001392065502064376
[274] Energy routing consumed by STARLINK-6203: 0.000000 J (remaining 79040.04)
[MODE: BIDIRECTIONAL]
[274][GREEDY] CONSEGNATO! STARLINK-11474 [DTC] -> OBS | Tramission-time: 3.378582119660823e-11
----------------------------------------------------------------------
	||TIME IN SIMULATION : (seconds:146) (minutes: 2) ||

MODIFICA CONFIGURAZIONE IN CORSO...

Aggiornato il Tempo Globale:  2025-11-20 20:57:40
---> Task 275 (Type: Generic_Service) arriva in 146.20
--- [146.20] Task 275 using SearchNode Policy: v1_heuristic ---
[275] Filtro euristico: DTS-TMAX
[146.20] [Task 275] Routed STARLINK-11474 [DTC] -> STARLINK-31008 | E_NET=0.000032 J | Remaining=79999.80 J
[146.199] Task 275 enqueued on CPU STARLINK-31008 qlen_enqueue=1
[Task 275] Task eseguito su STARLINK-31008 45.580227739562524 degrees | CPU=89.5027J, NET=0.0000J, TOTAL=89.5027J, Remaining=78986.20J
[146.314] Task 275 served on STARLINK-31008 qlen_enqueue_cpu=1 qlen_enqueue_net=None time_in_queue=0.000
---> Task 276 (Type: Generic_Service) arriva in 146.32
--- [146.32] Task 276 using SearchNode Policy: v1_heuristic ---
[276] Filtro euristico: DTS-TMAX
[146.32] [Task 276] Routed STARLINK-11474 [DTC] -> STARLINK-6203 | E_NET=0.000014 J | Remaining=79999.80 J
[146.318] Task 276 enqueued on CPU STARLINK-6203 qlen_enqueue=1
[Task 276] Task eseguito su STARLINK-6203 44.11991159851903 degrees | CPU=11.2864J, NET=0.0000J, TOTAL=11.2864J, Remaining=79028.75J
[146.333] Task 276 served on STARLINK-6203 qlen_enqueue_cpu=1 qlen_enqueue_net=None time_in_queue=0.000
[276][GREEDY] STARLINK-6203 -> STARLINK-11474 [DTC] | Tramission-time: 0.0013722065401564844
[276] Energy routing consumed by STARLINK-6203: 0.000000 J (remaining 79028.75)
[275][GREEDY] STARLINK-31008 -> STARLINK-11474 [DTC] | Tramission-time: 0.0013032487325333757
[275] Energy routing consumed by STARLINK-31008: 0.000000 J (remaining 78986.20)
[146.416] Task 271 enqueued on NET STARLINK-2713 qlen_enqueue_net=1
[Task 271] Task eseguito su STARLINK-2713 46.69441937259983 degrees | CPU=1594.0038J, NET=0.0100J, TOTAL=1594.0138J, Remaining=77531.54J
[146.426] Task 271 served on STARLINK-2713 qlen_enqueue_cpu=1 qlen_enqueue_net=1 time_in_queue=0.000
[271][GREEDY] STARLINK-2713 -> STARLINK-11474 [DTC] | Tramission-time: 0.0011258835703672468
[271] Energy routing consumed by STARLINK-2713: 0.000000 J (remaining 77531.54)
[MODE: BIDIRECTIONAL]
[276][GREEDY] CONSEGNATO! STARLINK-11474 [DTC] -> OBS | Tramission-time: 1.4466181456198474e-11
[MODE: BIDIRECTIONAL]
[271][GREEDY] CONSEGNATO! STARLINK-11474 [DTC] -> OBS | Tramission-time: 8.74450860848062e-09
[MODE: BIDIRECTIONAL]
[275][GREEDY] CONSEGNATO! STARLINK-11474 [DTC] -> OBS | Tramission-time: 2.6406178175046565e-11
---> Task 277 (Type: Generic_Service) arriva in 147.14
--- [147.14] Task 277 using SearchNode Policy: v1_heuristic ---
[277] Filtro euristico: DTS-TMAX
[147.14] [Task 277] Routed STARLINK-11474 [DTC] -> STARLINK-6203 | E_NET=0.000027 J | Remaining=79999.80 J
[147.143] Task 277 enqueued on CPU STARLINK-6203 qlen_enqueue=1
[Task 277] Task eseguito su STARLINK-6203 44.11991159851903 degrees | CPU=26.9253J, NET=0.0000J, TOTAL=26.9253J, Remaining=79001.83J
[147.179] Task 277 served on STARLINK-6203 qlen_enqueue_cpu=1 qlen_enqueue_net=None time_in_queue=0.000
[277][GREEDY] STARLINK-6203 -> STARLINK-11474 [DTC] | Tramission-time: 0.0013722065552734676
[277] Energy routing consumed by STARLINK-6203: 0.000000 J (remaining 79001.83)
[MODE: BIDIRECTIONAL]
[277][GREEDY] CONSEGNATO! STARLINK-11474 [DTC] -> OBS | Tramission-time: 3.084093204715748e-11
----------------------------------------------------------------------
	||TIME IN SIMULATION : (seconds:148) (minutes: 2) ||

MODIFICA CONFIGURAZIONE IN CORSO...

Aggiornato il Tempo Globale:  2025-11-20 20:57:42
---> Task 278 (Type: CPU_and_Data_Intensive) arriva in 149.25
--- [149.25] Task 278 using SearchNode Policy: v1_heuristic ---
[278] Filtro euristico: DTS-TMAX
[149.25] [Task 278] Routed STARLINK-11474 [DTC] -> STARLINK-3130 | E_NET=0.000338 J | Remaining=79999.80 J
[149.250] Task 278 enqueued on CPU STARLINK-3130 qlen_enqueue=1
---> Task 279 (Type: Generic_Service) arriva in 149.45
--- [149.45] Task 279 using SearchNode Policy: v1_heuristic ---
[279] Filtro euristico: DTS-TMAX
[149.45] [Task 279] Routed STARLINK-11474 [DTC] -> STARLINK-34965 | E_NET=0.000040 J | Remaining=79999.80 J
[149.456] Task 279 enqueued on CPU STARLINK-34965 qlen_enqueue=1
[Task 279] Task eseguito su STARLINK-34965 40.13689447104053 degrees | CPU=133.8190J, NET=0.0000J, TOTAL=133.8191J, Remaining=79866.18J
[149.627] Task 279 served on STARLINK-34965 qlen_enqueue_cpu=1 qlen_enqueue_net=None time_in_queue=0.000
[279][GREEDY] STARLINK-34965 -> STARLINK-11474 [DTC] | Tramission-time: 0.001813125650314578
[279] Energy routing consumed by STARLINK-34965: 0.000000 J (remaining 79866.18)
---> Task 280 (Type: CPU_Intensive) arriva in 149.74
--- [149.74] Task 280 using SearchNode Policy: v1_heuristic ---
[280] Filtro euristico: DTS-TMAX
[149.74] [Task 280] Routed STARLINK-11474 [DTC] -> STARLINK-4396 | E_NET=0.000024 J | Remaining=79999.80 J
[149.742] Task 280 enqueued on CPU STARLINK-4396 qlen_enqueue=1
[MODE: BIDIRECTIONAL]
[279][GREEDY] CONSEGNATO! STARLINK-11474 [DTC] -> OBS | Tramission-time: 3.2924404304589994e-11
----------------------------------------------------------------------
	||TIME IN SIMULATION : (seconds:150) (minutes: 2) ||

MODIFICA CONFIGURAZIONE IN CORSO...

Aggiornato il Tempo Globale:  2025-11-20 20:57:44
[150.103] Task 278 enqueued on NET STARLINK-3130 qlen_enqueue_net=1
[Task 278] Task eseguito su STARLINK-3130 40.8989768827638 degrees | CPU=681.6331J, NET=0.0005J, TOTAL=681.6335J, Remaining=79318.37J
[150.103] Task 278 served on STARLINK-3130 qlen_enqueue_cpu=1 qlen_enqueue_net=1 time_in_queue=0.000
---> Task 281 (Type: Generic_Service) arriva in 150.10
--- [150.10] Task 281 using SearchNode Policy: v1_heuristic ---
[281] Filtro euristico: DTS-TMAX
[150.10] [Task 281] Routed STARLINK-11474 [DTC] -> STARLINK-35398 | E_NET=0.000004 J | Remaining=79999.80 J
[150.106] Task 281 enqueued on CPU STARLINK-35398 qlen_enqueue=1
[278][GREEDY] STARLINK-3130 -> STARLINK-11474 [DTC] | Tramission-time: 0.0014701904355156547
[278] Energy routing consumed by STARLINK-3130: 0.000000 J (remaining 79318.37)
[MODE: BIDIRECTIONAL]
[278][GREEDY] CONSEGNATO! STARLINK-11474 [DTC] -> OBS | Tramission-time: 3.3275927321677895e-10
[Task 281] Task eseguito su STARLINK-35398 40.09176086845417 degrees | CPU=156.3169J, NET=0.0000J, TOTAL=156.3169J, Remaining=79843.68J
[150.302] Task 281 served on STARLINK-35398 qlen_enqueue_cpu=1 qlen_enqueue_net=None time_in_queue=0.000
[281][GREEDY] STARLINK-35398 -> STARLINK-11474 [DTC] | Tramission-time: 0.001277322056998726
[281] Energy routing consumed by STARLINK-35398: 0.000000 J (remaining 79843.68)
[MODE: BIDIRECTIONAL]
[281][GREEDY] CONSEGNATO! STARLINK-11474 [DTC] -> OBS | Tramission-time: 4.830571039550179e-12
[Task 280] Task eseguito su STARLINK-4396 44.567753349199734 degrees | CPU=616.5809J, NET=0.0000J, TOTAL=616.5809J, Remaining=79383.42J
[150.515] Task 280 served on STARLINK-4396 qlen_enqueue_cpu=1 qlen_enqueue_net=None time_in_queue=0.000
[280][GREEDY] STARLINK-4396 -> STARLINK-11474 [DTC] | Tramission-time: 0.0020980101798080478
[280] Energy routing consumed by STARLINK-4396: 0.000000 J (remaining 79383.42)
[MODE: BIDIRECTIONAL]
[280][GREEDY] CONSEGNATO! STARLINK-11474 [DTC] -> OBS | Tramission-time: 2.687904794482428e-11
---> Task 282 (Type: Generic_Service) arriva in 150.95
--- [150.95] Task 282 using SearchNode Policy: v1_heuristic ---
[282] Filtro euristico: DTS-TMAX
[150.95] [Task 282] Routed STARLINK-11474 [DTC] -> STARLINK-35398 | E_NET=0.000010 J | Remaining=79999.80 J
[150.952] Task 282 enqueued on CPU STARLINK-35398 qlen_enqueue=1
[Task 282] Task eseguito su STARLINK-35398 40.09176086845417 degrees | CPU=13.4695J, NET=0.0000J, TOTAL=13.4695J, Remaining=79830.21J
[150.970] Task 282 served on STARLINK-35398 qlen_enqueue_cpu=1 qlen_enqueue_net=None time_in_queue=0.000
[282][GREEDY] STARLINK-35398 -> STARLINK-11474 [DTC] | Tramission-time: 0.001277322062809381
[282] Energy routing consumed by STARLINK-35398: 0.000000 J (remaining 79830.21)
[MODE: BIDIRECTIONAL]
[282][GREEDY] CONSEGNATO! STARLINK-11474 [DTC] -> OBS | Tramission-time: 8.6223511605251e-12
---> Task 283 (Type: CPU_Intensive) arriva in 151.29
--- [151.29] Task 283 using SearchNode Policy: v1_heuristic ---
[283] Filtro euristico: DTS-TMAX
[151.29] [Task 283] Routed STARLINK-11474 [DTC] -> STARLINK-34965 | E_NET=0.000016 J | Remaining=79999.80 J
[151.293] Task 283 enqueued on CPU STARLINK-34965 qlen_enqueue=1
---> Task 284 (Type: CPU_Intensive) arriva in 151.39
--- [151.39] Task 284 using SearchNode Policy: v1_heuristic ---
[284] Filtro euristico: DTS-TMAX
[151.39] [Task 284] Routed STARLINK-11474 [DTC] -> STARLINK-35398 | E_NET=0.000030 J | Remaining=79999.80 J
[151.388] Task 284 enqueued on CPU STARLINK-35398 qlen_enqueue=1
---> Task 285 (Type: Generic_Service) arriva in 151.57
--- [151.57] Task 285 using SearchNode Policy: v1_heuristic ---
[285] Filtro euristico: DTS-TMAX
[151.57] [Task 285] Routed STARLINK-11474 [DTC] -> STARLINK-4396 | E_NET=0.000026 J | Remaining=79999.80 J
[151.570] Task 285 enqueued on CPU STARLINK-4396 qlen_enqueue=1
[Task 285] Task eseguito su STARLINK-4396 44.567753349199734 degrees | CPU=60.6171J, NET=0.0000J, TOTAL=60.6171J, Remaining=79322.80J
[151.648] Task 285 served on STARLINK-4396 qlen_enqueue_cpu=1 qlen_enqueue_net=None time_in_queue=0.000
[285][GREEDY] STARLINK-4396 -> STARLINK-11474 [DTC] | Tramission-time: 0.0020980101847880906
[285] Energy routing consumed by STARLINK-4396: 0.000000 J (remaining 79322.80)
[MODE: BIDIRECTIONAL]
[285][GREEDY] CONSEGNATO! STARLINK-11474 [DTC] -> OBS | Tramission-time: 2.4313626508518972e-11
---> Task 286 (Type: Generic_Service) arriva in 151.69
--- [151.69] Task 286 using SearchNode Policy: v1_heuristic ---
[286] Filtro euristico: DTS-TMAX
[151.69] [Task 286] Routed STARLINK-11474 [DTC] -> STARLINK-4396 | E_NET=0.000024 J | Remaining=79999.80 J
[151.688] Task 286 enqueued on CPU STARLINK-4396 qlen_enqueue=1
[Task 286] Task eseguito su STARLINK-4396 44.567753349199734 degrees | CPU=56.0365J, NET=0.0000J, TOTAL=56.0365J, Remaining=79266.77J
[151.760] Task 286 served on STARLINK-4396 qlen_enqueue_cpu=1 qlen_enqueue_net=None time_in_queue=0.000
[286][GREEDY] STARLINK-4396 -> STARLINK-11474 [DTC] | Tramission-time: 0.0020980101785844484
[286] Energy routing consumed by STARLINK-4396: 0.000000 J (remaining 79266.77)
[MODE: BIDIRECTIONAL]
[286][GREEDY] CONSEGNATO! STARLINK-11474 [DTC] -> OBS | Tramission-time: 1.9040702542031795e-11
----------------------------------------------------------------------
	||TIME IN SIMULATION : (seconds:152) (minutes: 2) ||

MODIFICA CONFIGURAZIONE IN CORSO...

Aggiornato il Tempo Globale:  2025-11-20 20:57:46
---> Task 287 (Type: CPU_Intensive) arriva in 152.10
--- [152.10] Task 287 using SearchNode Policy: v1_heuristic ---
[287] Filtro euristico: DTS-TMAX
[152.10] [Task 287] Routed STARLINK-11474 [DTC] -> STARLINK-31782 | E_NET=0.000015 J | Remaining=79999.80 J
[152.099] Task 287 enqueued on CPU STARLINK-31782 qlen_enqueue=1
[Task 287] Task eseguito su STARLINK-31782 40.76589485700381 degrees | CPU=124.5657J, NET=0.0000J, TOTAL=124.5658J, Remaining=79875.43J
[152.256] Task 287 served on STARLINK-31782 qlen_enqueue_cpu=1 qlen_enqueue_net=None time_in_queue=0.000
[287][GREEDY] STARLINK-31782 -> STARLINK-11474 [DTC] | Tramission-time: 0.00128754347637477
[287] Energy routing consumed by STARLINK-31782: 0.000000 J (remaining 79875.43)
[Task 283] Task eseguito su STARLINK-34965 41.212860059407106 degrees | CPU=924.2152J, NET=0.0000J, TOTAL=924.2153J, Remaining=78941.97J
[152.451] Task 283 served on STARLINK-34965 qlen_enqueue_cpu=1 qlen_enqueue_net=None time_in_queue=0.000
[MODE: BIDIRECTIONAL]
[287][GREEDY] CONSEGNATO! STARLINK-11474 [DTC] -> OBS | Tramission-time: 1.7809566380361998e-11
[283][GREEDY] STARLINK-34965 -> STARLINK-11474 [DTC] | Tramission-time: 0.0018055533472192667
[283] Energy routing consumed by STARLINK-34965: 0.000000 J (remaining 78941.97)
[MODE: BIDIRECTIONAL]
[283][GREEDY] CONSEGNATO! STARLINK-11474 [DTC] -> OBS | Tramission-time: 1.7783752197761624e-11
[Task 284] Task eseguito su STARLINK-35398 40.97390341983133 degrees | CPU=1148.2500J, NET=0.0000J, TOTAL=1148.2501J, Remaining=78681.96J
[152.828] Task 284 served on STARLINK-35398 qlen_enqueue_cpu=1 qlen_enqueue_net=None time_in_queue=0.000
---> Task 288 (Type: Generic_Service) arriva in 152.85
--- [152.85] Task 288 using SearchNode Policy: v1_heuristic ---
[288] Filtro euristico: DTS-TMAX
[152.85] [Task 288] Routed STARLINK-11474 [DTC] -> STARLINK-31782 | E_NET=0.000030 J | Remaining=79999.80 J
[152.847] Task 288 enqueued on CPU STARLINK-31782 qlen_enqueue=1
[284][GREEDY] STARLINK-35398 -> STARLINK-11474 [DTC] | Tramission-time: 0.001279041289346556
[284] Energy routing consumed by STARLINK-35398: 0.000000 J (remaining 78681.96)
---> Task 289 (Type: Generic_Service) arriva in 152.95
--- [152.95] Task 289 using SearchNode Policy: v1_heuristic ---
[289] Filtro euristico: DTS-TMAX
[152.95] [Task 289] Routed STARLINK-11474 [DTC] -> STARLINK-3130 | E_NET=0.000005 J | Remaining=79999.80 J
[152.950] Task 289 enqueued on CPU STARLINK-3130 qlen_enqueue=1
[MODE: BIDIRECTIONAL]
[284][GREEDY] CONSEGNATO! STARLINK-11474 [DTC] -> OBS | Tramission-time: 3.323644377512121e-11
[Task 289] Task eseguito su STARLINK-3130 41.46896625563248 degrees | CPU=17.5958J, NET=0.0000J, TOTAL=17.5959J, Remaining=79300.77J
[152.972] Task 289 served on STARLINK-3130 qlen_enqueue_cpu=1 qlen_enqueue_net=None time_in_queue=0.000
[Task 288] Task eseguito su STARLINK-31782 40.76589485700381 degrees | CPU=98.1412J, NET=0.0000J, TOTAL=98.1412J, Remaining=79777.29J
[152.973] Task 288 served on STARLINK-31782 qlen_enqueue_cpu=1 qlen_enqueue_net=None time_in_queue=0.000
---> Task 290 (Type: Generic_Service) arriva in 153.01
--- [153.01] Task 290 using SearchNode Policy: v1_heuristic ---
[290] Filtro euristico: DTS-TMAX
[153.01] [Task 290] Routed STARLINK-11474 [DTC] -> STARLINK-31782 | E_NET=0.000020 J | Remaining=79999.80 J
[153.009] Task 290 enqueued on CPU STARLINK-31782 qlen_enqueue=1
[Task 290] Task eseguito su STARLINK-31782 40.76589485700381 degrees | CPU=13.0643J, NET=0.0000J, TOTAL=13.0644J, Remaining=79764.23J
[153.027] Task 290 served on STARLINK-31782 qlen_enqueue_cpu=1 qlen_enqueue_net=None time_in_queue=0.000
[289][GREEDY] STARLINK-3130 -> STARLINK-11474 [DTC] | Tramission-time: 0.0014769221956993644
[289] Energy routing consumed by STARLINK-3130: 0.000000 J (remaining 79300.77)
[288][GREEDY] STARLINK-31782 -> STARLINK-11474 [DTC] | Tramission-time: 0.0012875434975079339
[288] Energy routing consumed by STARLINK-31782: 0.000000 J (remaining 79764.23)
[MODE: BIDIRECTIONAL]
[289][GREEDY] CONSEGNATO! STARLINK-11474 [DTC] -> OBS | Tramission-time: 4.609726189119315e-12
[290][GREEDY] STARLINK-31782 -> STARLINK-11474 [DTC] | Tramission-time: 0.001287543484614179
[290] Energy routing consumed by STARLINK-31782: 0.000000 J (remaining 79764.23)
[MODE: BIDIRECTIONAL]
[288][GREEDY] CONSEGNATO! STARLINK-11474 [DTC] -> OBS | Tramission-time: 2.976469598422776e-11
[MODE: BIDIRECTIONAL]
[290][GREEDY] CONSEGNATO! STARLINK-11474 [DTC] -> OBS | Tramission-time: 1.9646055926646482e-11
---> Task 291 (Type: CPU_Intensive) arriva in 153.53
--- [153.53] Task 291 using SearchNode Policy: v1_heuristic ---
[291] Filtro euristico: DTS-TMAX
[153.53] [Task 291] Routed STARLINK-11474 [DTC] -> STARLINK-31782 | E_NET=0.000004 J | Remaining=79999.80 J
[153.531] Task 291 enqueued on CPU STARLINK-31782 qlen_enqueue=1
[Task 291] Task eseguito su STARLINK-31782 40.76589485700381 degrees | CPU=95.1983J, NET=0.0000J, TOTAL=95.1983J, Remaining=79669.03J
[153.651] Task 291 served on STARLINK-31782 qlen_enqueue_cpu=1 qlen_enqueue_net=None time_in_queue=0.000
[291][GREEDY] STARLINK-31782 -> STARLINK-11474 [DTC] | Tramission-time: 0.0012875434671873053
[291] Energy routing consumed by STARLINK-31782: 0.000000 J (remaining 79669.03)
[MODE: BIDIRECTIONAL]
[291][GREEDY] CONSEGNATO! STARLINK-11474 [DTC] -> OBS | Tramission-time: 3.958188211343938e-12
----------------------------------------------------------------------
	||TIME IN SIMULATION : (seconds:154) (minutes: 2) ||

MODIFICA CONFIGURAZIONE IN CORSO...

Aggiornato il Tempo Globale:  2025-11-20 20:57:48
---> Task 292 (Type: CPU_Intensive) arriva in 154.29
--- [154.29] Task 292 using SearchNode Policy: v1_heuristic ---
[292] Filtro euristico: DTS-TMAX
[154.29] [Task 292] Routed STARLINK-11474 [DTC] -> STARLINK-31399 | E_NET=0.000030 J | Remaining=79999.80 J
[154.289] Task 292 enqueued on CPU STARLINK-31399 qlen_enqueue=1
[Task 292] Task eseguito su STARLINK-31399 40.58419304576946 degrees | CPU=134.2271J, NET=0.0000J, TOTAL=134.2271J, Remaining=79865.77J
[154.459] Task 292 served on STARLINK-31399 qlen_enqueue_cpu=1 qlen_enqueue_net=None time_in_queue=0.000
[292][GREEDY] STARLINK-31399 -> STARLINK-11474 [DTC] | Tramission-time: 0.0013286278497841668
[292] Energy routing consumed by STARLINK-31399: 0.000000 J (remaining 79865.77)
[MODE: BIDIRECTIONAL]
[292][GREEDY] CONSEGNATO! STARLINK-11474 [DTC] -> OBS | Tramission-time: 2.445686398812153e-11
---> Task 293 (Type: CPU_Intensive) arriva in 154.62
--- [154.62] Task 293 using SearchNode Policy: v1_heuristic ---
[293] Filtro euristico: DTS-TMAX
[154.62] [Task 293] Routed STARLINK-11474 [DTC] -> STARLINK-31399 | E_NET=0.000013 J | Remaining=79999.80 J
[154.623] Task 293 enqueued on CPU STARLINK-31399 qlen_enqueue=1
---> Task 294 (Type: Generic_Service) arriva in 154.89
--- [154.89] Task 294 using SearchNode Policy: v1_heuristic ---
[294] Filtro euristico: DTS-TMAX
[154.89] [Task 294] Routed STARLINK-11474 [DTC] -> STARLINK-31782 | E_NET=0.000023 J | Remaining=79999.80 J
[154.889] Task 294 enqueued on CPU STARLINK-31782 qlen_enqueue=1
[Task 294] Task eseguito su STARLINK-31782 41.569518081140274 degrees | CPU=61.2289J, NET=0.0000J, TOTAL=61.2289J, Remaining=79607.80J
[154.968] Task 294 served on STARLINK-31782 qlen_enqueue_cpu=1 qlen_enqueue_net=None time_in_queue=0.000
[294][GREEDY] STARLINK-31782 -> STARLINK-11474 [DTC] | Tramission-time: 0.0012902861041405897
[294] Energy routing consumed by STARLINK-31782: 0.000000 J (remaining 79607.80)
---> Task 295 (Type: CPU_and_Data_Intensive) arriva in 155.16
--- [155.16] Task 295 using SearchNode Policy: v1_heuristic ---
[295] Filtro euristico: DTS-TMAX
[Task 295] Nessun server rimasto dopo i filtri (deadline/sunset).
[Task 295] REJECTED on STARLINK-11474 [DTC] due to: No suitable server found after deadline/sunset filters
[MODE: BIDIRECTIONAL]
[294][GREEDY] CONSEGNATO! STARLINK-11474 [DTC] -> OBS | Tramission-time: 2.6512952005866606e-11
[Task 293] Task eseguito su STARLINK-31399 40.58419304576946 degrees | CPU=544.9474J, NET=0.0000J, TOTAL=544.9475J, Remaining=79320.83J
[155.306] Task 293 served on STARLINK-31399 qlen_enqueue_cpu=1 qlen_enqueue_net=None time_in_queue=0.000
[293][GREEDY] STARLINK-31399 -> STARLINK-11474 [DTC] | Tramission-time: 0.0013286278318746661
[293] Energy routing consumed by STARLINK-31399: 0.000000 J (remaining 79320.83)
[MODE: BIDIRECTIONAL]
[293][GREEDY] CONSEGNATO! STARLINK-11474 [DTC] -> OBS | Tramission-time: 1.2027198860101213e-11
---> Task 296 (Type: CPU_Intensive) arriva in 155.73
--- [155.73] Task 296 using SearchNode Policy: v1_heuristic ---
[296] Filtro euristico: DTS-TMAX
[155.73] [Task 296] Routed STARLINK-11474 [DTC] -> STARLINK-31782 | E_NET=0.000015 J | Remaining=79999.80 J
[155.726] Task 296 enqueued on CPU STARLINK-31782 qlen_enqueue=1
[Task 296] Task eseguito su STARLINK-31782 41.569518081140274 degrees | CPU=39.7752J, NET=0.0000J, TOTAL=39.7752J, Remaining=79568.03J
[155.777] Task 296 served on STARLINK-31782 qlen_enqueue_cpu=1 qlen_enqueue_net=None time_in_queue=0.000
[296][GREEDY] STARLINK-31782 -> STARLINK-11474 [DTC] | Tramission-time: 0.001290286097724714
[296] Energy routing consumed by STARLINK-31782: 0.000000 J (remaining 79568.03)
[MODE: BIDIRECTIONAL]
[296][GREEDY] CONSEGNATO! STARLINK-11474 [DTC] -> OBS | Tramission-time: 1.4150729502674571e-11
----------------------------------------------------------------------
	||TIME IN SIMULATION : (seconds:156) (minutes: 2) ||

MODIFICA CONFIGURAZIONE IN CORSO...

Aggiornato il Tempo Globale:  2025-11-20 20:57:50
---> Task 297 (Type: CPU_and_Data_Intensive) arriva in 156.81
--- [156.81] Task 297 using SearchNode Policy: v1_heuristic ---
[297] Filtro euristico: DTS-TMAX
[156.81] [Task 297] Routed STARLINK-11474 [DTC] -> STARLINK-31782 | E_NET=0.001077 J | Remaining=79999.80 J
[156.816] Task 297 enqueued on CPU STARLINK-31782 qlen_enqueue=1
[156.907] Task 297 enqueued on NET STARLINK-31782 qlen_enqueue_net=1
[Task 297] Task eseguito su STARLINK-31782 42.391936099067046 degrees | CPU=71.9811J, NET=0.0013J, TOTAL=71.9824J, Remaining=79496.04J
[156.908] Task 297 served on STARLINK-31782 qlen_enqueue_cpu=1 qlen_enqueue_net=1 time_in_queue=0.000
[297][GREEDY] STARLINK-31782 -> STARLINK-11474 [DTC] | Tramission-time: 0.0012938458225665822
[297] Energy routing consumed by STARLINK-31782: 0.000000 J (remaining 79496.04)
[MODE: BIDIRECTIONAL]
[297][GREEDY] CONSEGNATO! STARLINK-11474 [DTC] -> OBS | Tramission-time: 9.72069239779594e-10
---> Task 298 (Type: CPU_Intensive) arriva in 157.35
--- [157.35] Task 298 using SearchNode Policy: v1_heuristic ---
[298] Filtro euristico: DTS-TMAX
[157.35] [Task 298] Routed STARLINK-11474 [DTC] -> STARLINK-31782 | E_NET=0.000008 J | Remaining=79999.80 J
[157.349] Task 298 enqueued on CPU STARLINK-31782 qlen_enqueue=1
---> Task 299 (Type: CPU_and_Data_Intensive) arriva in 157.39
--- [157.39] Task 299 using SearchNode Policy: v1_heuristic ---
[299] Filtro euristico: DTS-TMAX
[157.39] [Task 299] Routed STARLINK-11474 [DTC] -> STARLINK-31399 | E_NET=0.000137 J | Remaining=79999.80 J
[157.394] Task 299 enqueued on CPU STARLINK-31399 qlen_enqueue=1
[157.605] Task 299 enqueued on NET STARLINK-31399 qlen_enqueue_net=1
[Task 299] Task eseguito su STARLINK-31399 41.41527683050962 degrees | CPU=168.1726J, NET=0.0002J, TOTAL=168.1728J, Remaining=79152.65J
[157.605] Task 299 served on STARLINK-31399 qlen_enqueue_cpu=1 qlen_enqueue_net=1 time_in_queue=0.000
[299][GREEDY] STARLINK-31399 -> STARLINK-11474 [DTC] | Tramission-time: 0.0013165260755399952
[299] Energy routing consumed by STARLINK-31399: 0.000000 J (remaining 79152.65)
[MODE: BIDIRECTIONAL]
[299][GREEDY] CONSEGNATO! STARLINK-11474 [DTC] -> OBS | Tramission-time: 1.7008889030005558e-10
---> Task 300 (Type: Generic_Service) arriva in 157.83
--- [157.83] Task 300 using SearchNode Policy: v1_heuristic ---
[300] Filtro euristico: DTS-TMAX
[157.83] [Task 300] Routed STARLINK-11474 [DTC] -> STARLINK-31399 | E_NET=0.000022 J | Remaining=79999.80 J
[157.828] Task 300 enqueued on CPU STARLINK-31399 qlen_enqueue=1
[Task 300] Task eseguito su STARLINK-31399 41.41527683050962 degrees | CPU=10.7863J, NET=0.0000J, TOTAL=10.7863J, Remaining=79141.87J
[157.843] Task 300 served on STARLINK-31399 qlen_enqueue_cpu=1 qlen_enqueue_net=None time_in_queue=0.000
[300][GREEDY] STARLINK-31399 -> STARLINK-11474 [DTC] | Tramission-time: 0.0013165259663659493
[300] Energy routing consumed by STARLINK-31399: 0.000000 J (remaining 79141.87)
[MODE: BIDIRECTIONAL]
[300][GREEDY] CONSEGNATO! STARLINK-11474 [DTC] -> OBS | Tramission-time: 2.0734915443679123e-11
----------------------------------------------------------------------
	||TIME IN SIMULATION : (seconds:158) (minutes: 2) ||

MODIFICA CONFIGURAZIONE IN CORSO...

Aggiornato il Tempo Globale:  2025-11-20 20:57:52
[Task 298] Task eseguito su STARLINK-31782 43.23342414893447 degrees | CPU=519.9265J, NET=0.0000J, TOTAL=519.9266J, Remaining=78976.12J
[158.000] Task 298 served on STARLINK-31782 qlen_enqueue_cpu=1 qlen_enqueue_net=None time_in_queue=0.000
[298][GREEDY] STARLINK-31782 -> STARLINK-11474 [DTC] | Tramission-time: 0.0012982128771300491
[298] Energy routing consumed by STARLINK-31782: 0.000000 J (remaining 78976.12)
[MODE: BIDIRECTIONAL]
[298][GREEDY] CONSEGNATO! STARLINK-11474 [DTC] -> OBS | Tramission-time: 8.03045784982049e-12
---> Task 301 (Type: Generic_Service) arriva in 158.58
--- [158.58] Task 301 using SearchNode Policy: v1_heuristic ---
[301] Filtro euristico: DTS-TMAX
[158.58] [Task 301] Routed STARLINK-11734 [DTC] -> STARLINK-34902 | E_NET=0.000009 J | Remaining=80000.00 J
[158.581] Task 301 enqueued on CPU STARLINK-34902 qlen_enqueue=1
[Task 301] Task eseguito su STARLINK-34902 40.06969615436958 degrees | CPU=82.6683J, NET=0.0000J, TOTAL=82.6683J, Remaining=79917.33J
[158.685] Task 301 served on STARLINK-34902 qlen_enqueue_cpu=1 qlen_enqueue_net=None time_in_queue=0.000
[301][GREEDY] STARLINK-34902 -> STARLINK-11474 [DTC] | Tramission-time: 0.0018657735268824665
[301] Energy routing consumed by STARLINK-34902: 0.000000 J (remaining 79917.33)
[MODE: BIDIRECTIONAL]
[301][GREEDY] CONSEGNATO! STARLINK-11474 [DTC] -> OBS | Tramission-time: 7.303679075378623e-12
---> Task 302 (Type: CPU_Intensive) arriva in 159.19
--- [159.19] Task 302 using SearchNode Policy: v1_heuristic ---
[302] Filtro euristico: DTS-TMAX
[159.19] [Task 302] Routed STARLINK-11734 [DTC] -> STARLINK-11474 [DTC] | E_NET=0.000018 J | Remaining=80000.00 J
[159.195] Task 302 enqueued on CPU STARLINK-11474 [DTC] qlen_enqueue=1
[Task 302] Task eseguito su STARLINK-11474 [DTC] 69.18520124138938 degrees | CPU=48.2830J, NET=0.0000J, TOTAL=48.2830J, Remaining=79951.51J
[159.257] Task 302 served on STARLINK-11474 [DTC] qlen_enqueue_cpu=1 qlen_enqueue_net=None time_in_queue=0.000
[MODE: BIDIRECTIONAL]
[302][GREEDY] CONSEGNATO! STARLINK-11474 [DTC] -> OBS | Tramission-time: 2.2063789239299964e-11
---> Task 303 (Type: CPU_and_Data_Intensive) arriva in 159.51
--- [159.51] Task 303 using SearchNode Policy: v1_heuristic ---
[303] Filtro euristico: DTS-TMAX
[Task 303] Nessun server rimasto dopo i filtri (deadline/sunset).
[Task 303] REJECTED on STARLINK-11734 [DTC] due to: No suitable server found after deadline/sunset filters
----------------------------------------------------------------------
	||TIME IN SIMULATION : (seconds:160) (minutes: 2) ||

MODIFICA CONFIGURAZIONE IN CORSO...

Aggiornato il Tempo Globale:  2025-11-20 20:57:54
---> Task 304 (Type: CPU_and_Data_Intensive) arriva in 160.04
--- [160.04] Task 304 using SearchNode Policy: v1_heuristic ---
[304] Filtro euristico: DTS-TMAX
[160.04] [Task 304] Routed STARLINK-11734 [DTC] -> STARLINK-11474 [DTC] | E_NET=0.000790 J | Remaining=80000.00 J
[160.047] Task 304 enqueued on CPU STARLINK-11474 [DTC] qlen_enqueue=1
---> Task 305 (Type: CPU_Intensive) arriva in 160.19
--- [160.19] Task 305 using SearchNode Policy: v1_heuristic ---
[305] Filtro euristico: DTS-TMAX
[160.19] [Task 305] Routed STARLINK-11734 [DTC] -> STARLINK-34902 | E_NET=0.000025 J | Remaining=80000.00 J
[160.190] Task 305 enqueued on CPU STARLINK-34902 qlen_enqueue=1
[160.290] Task 304 enqueued on NET STARLINK-11474 [DTC] qlen_enqueue_net=1
[Task 304] Task eseguito su STARLINK-11474 [DTC] 70.69615464068113 degrees | CPU=194.1358J, NET=0.0009J, TOTAL=194.1368J, Remaining=79757.38J
[160.290] Task 304 served on STARLINK-11474 [DTC] qlen_enqueue_cpu=1 qlen_enqueue_net=1 time_in_queue=0.000
---> Task 306 (Type: CPU_Intensive) arriva in 160.36
--- [160.36] Task 306 using SearchNode Policy: v1_heuristic ---
[306] Filtro euristico: DTS-TMAX
[160.36] [Task 306] Routed STARLINK-11734 [DTC] -> STARLINK-11474 [DTC] | E_NET=0.000020 J | Remaining=80000.00 J
[160.361] Task 306 enqueued on CPU STARLINK-11474 [DTC] qlen_enqueue=1
[MODE: BIDIRECTIONAL]
[304][GREEDY] CONSEGNATO! STARLINK-11474 [DTC] -> OBS | Tramission-time: 6.866543215829646e-10
---> Task 307 (Type: CPU_Intensive) arriva in 160.51
--- [160.51] Task 307 using SearchNode Policy: v1_heuristic ---
[307] Filtro euristico: DTS-TMAX
[160.51] [Task 307] Routed STARLINK-11734 [DTC] -> STARLINK-4396 | E_NET=0.000009 J | Remaining=80000.00 J
[160.509] Task 307 enqueued on CPU STARLINK-4396 qlen_enqueue=1
[Task 307] Task eseguito su STARLINK-4396 47.04417717121195 degrees | CPU=12.4142J, NET=0.0000J, TOTAL=12.4142J, Remaining=79254.35J
[160.525] Task 307 served on STARLINK-4396 qlen_enqueue_cpu=1 qlen_enqueue_net=None time_in_queue=0.000
[307][GREEDY] STARLINK-4396 -> STARLINK-11474 [DTC] | Tramission-time: 0.001811546117900196
[307] Energy routing consumed by STARLINK-4396: 0.000000 J (remaining 79254.35)
[MODE: BIDIRECTIONAL]
[307][GREEDY] CONSEGNATO! STARLINK-11474 [DTC] -> OBS | Tramission-time: 7.2524190308350925e-12
[Task 305] Task eseguito su STARLINK-34902 40.65326891798777 degrees | CPU=317.7894J, NET=0.0000J, TOTAL=317.7895J, Remaining=79599.54J
[160.589] Task 305 served on STARLINK-34902 qlen_enqueue_cpu=1 qlen_enqueue_net=None time_in_queue=0.000
[305][GREEDY] STARLINK-34902 -> STARLINK-11474 [DTC] | Tramission-time: 0.0018035739591507449
[305] Energy routing consumed by STARLINK-34902: 0.000000 J (remaining 79599.54)
---> Task 308 (Type: CPU_Intensive) arriva in 160.74
--- [160.74] Task 308 using SearchNode Policy: v1_heuristic ---
[308] Filtro euristico: DTS-TMAX
[160.74] [Task 308] Routed STARLINK-11734 [DTC] -> STARLINK-34902 | E_NET=0.000026 J | Remaining=80000.00 J
[160.741] Task 308 enqueued on CPU STARLINK-34902 qlen_enqueue=1
[MODE: BIDIRECTIONAL]
[305][GREEDY] CONSEGNATO! STARLINK-11474 [DTC] -> OBS | Tramission-time: 2.2833878688885662e-11
---> Task 309 (Type: Generic_Service) arriva in 160.82
--- [160.82] Task 309 using SearchNode Policy: v1_heuristic ---
[309] Filtro euristico: DTS-TMAX
[160.82] [Task 309] Routed STARLINK-11734 [DTC] -> STARLINK-3130 | E_NET=0.000005 J | Remaining=80000.00 J
[160.823] Task 309 enqueued on CPU STARLINK-3130 qlen_enqueue=1
[Task 309] Task eseguito su STARLINK-3130 43.754220764817916 degrees | CPU=15.7208J, NET=0.0000J, TOTAL=15.7208J, Remaining=79285.05J
[160.843] Task 309 served on STARLINK-3130 qlen_enqueue_cpu=1 qlen_enqueue_net=None time_in_queue=0.000
[309][GREEDY] STARLINK-3130 -> STARLINK-11474 [DTC] | Tramission-time: 0.0015257064777010755
[309] Energy routing consumed by STARLINK-3130: 0.000000 J (remaining 79285.05)
[Task 306] Task eseguito su STARLINK-11474 [DTC] 70.69615464068113 degrees | CPU=494.1452J, NET=0.0000J, TOTAL=494.1452J, Remaining=79263.23J
[160.981] Task 306 served on STARLINK-11474 [DTC] qlen_enqueue_cpu=1 qlen_enqueue_net=None time_in_queue=0.000
[MODE: BIDIRECTIONAL]
[309][GREEDY] CONSEGNATO! STARLINK-11474 [DTC] -> OBS | Tramission-time: 5.624930067632512e-12
---> Task 310 (Type: CPU_Intensive) arriva in 161.04
--- [161.04] Task 310 using SearchNode Policy: v1_heuristic ---
[310] Filtro euristico: DTS-TMAX
[161.04] [Task 310] Routed STARLINK-11734 [DTC] -> STARLINK-3130 | E_NET=0.000020 J | Remaining=80000.00 J
[161.041] Task 310 enqueued on CPU STARLINK-3130 qlen_enqueue=1
[MODE: BIDIRECTIONAL]
[306][GREEDY] CONSEGNATO! STARLINK-11474 [DTC] -> OBS | Tramission-time: 1.9767086326059978e-11
---> Task 311 (Type: CPU_Intensive) arriva in 161.26
--- [161.26] Task 311 using SearchNode Policy: v1_heuristic ---
[311] Filtro euristico: DTS-TMAX
[161.26] [Task 311] Routed STARLINK-11734 [DTC] -> STARLINK-34902 | E_NET=0.000020 J | Remaining=80000.00 J
[161.262] Task 311 enqueued on CPU STARLINK-34902 qlen_enqueue=2
[Task 308] Task eseguito su STARLINK-34902 40.65326891798777 degrees | CPU=464.6971J, NET=0.0000J, TOTAL=464.6971J, Remaining=79134.85J
[161.325] Task 308 served on STARLINK-34902 qlen_enqueue_cpu=1 qlen_enqueue_net=None time_in_queue=0.000
[308][GREEDY] STARLINK-34902 -> STARLINK-11474 [DTC] | Tramission-time: 0.0018035739588102972
[308] Energy routing consumed by STARLINK-34902: 0.000000 J (remaining 79134.85)
[MODE: BIDIRECTIONAL]
[308][GREEDY] CONSEGNATO! STARLINK-11474 [DTC] -> OBS | Tramission-time: 2.0591152883594844e-11
[Task 310] Task eseguito su STARLINK-3130 43.754220764817916 degrees | CPU=360.3056J, NET=0.0000J, TOTAL=360.3056J, Remaining=78924.74J
[161.494] Task 310 served on STARLINK-3130 qlen_enqueue_cpu=1 qlen_enqueue_net=None time_in_queue=0.000
[310][GREEDY] STARLINK-3130 -> STARLINK-11474 [DTC] | Tramission-time: 0.0015257064943191444
[310] Energy routing consumed by STARLINK-3130: 0.000000 J (remaining 78924.74)
---> Task 312 (Type: CPU_and_Data_Intensive) arriva in 161.64
--- [161.64] Task 312 using SearchNode Policy: v1_heuristic ---
[312] Filtro euristico: DTS-TMAX
[Task 312] Nessun server rimasto dopo i filtri (deadline/sunset).
[Task 312] REJECTED on STARLINK-11734 [DTC] due to: No suitable server found after deadline/sunset filters
[MODE: BIDIRECTIONAL]
[310][GREEDY] CONSEGNATO! STARLINK-11474 [DTC] -> OBS | Tramission-time: 2.437198297661986e-11
---> Task 313 (Type: CPU_Intensive) arriva in 161.88
--- [161.88] Task 313 using SearchNode Policy: v1_heuristic ---
[313] Filtro euristico: DTS-TMAX
[161.88] [Task 313] Routed STARLINK-11734 [DTC] -> STARLINK-11474 [DTC] | E_NET=0.000014 J | Remaining=80000.00 J
[161.881] Task 313 enqueued on CPU STARLINK-11474 [DTC] qlen_enqueue=1
----------------------------------------------------------------------
	||TIME IN SIMULATION : (seconds:162) (minutes: 2) ||

MODIFICA CONFIGURAZIONE IN CORSO...

Aggiornato il Tempo Globale:  2025-11-20 20:57:56
---> Task 314 (Type: Generic_Service) arriva in 162.02
--- [162.02] Task 314 using SearchNode Policy: v1_heuristic ---
[314] Filtro euristico: DTS-TMAX
[162.02] [Task 314] Routed STARLINK-11734 [DTC] -> STARLINK-5843 | E_NET=0.000028 J | Remaining=80000.00 J
[162.018] Task 314 enqueued on CPU STARLINK-5843 qlen_enqueue=1
[Task 314] Task eseguito su STARLINK-5843 40.02797592621095 degrees | CPU=39.5675J, NET=0.0000J, TOTAL=39.5675J, Remaining=79960.43J
[162.070] Task 314 served on STARLINK-5843 qlen_enqueue_cpu=1 qlen_enqueue_net=None time_in_queue=0.000
[314][GREEDY] STARLINK-5843 -> STARLINK-11474 [DTC] | Tramission-time: 0.0018960898571153738
[314] Energy routing consumed by STARLINK-5843: 0.000000 J (remaining 79960.43)
---> Task 315 (Type: CPU_and_Data_Intensive) arriva in 162.13
--- [162.13] Task 315 using SearchNode Policy: v1_heuristic ---
[315] Filtro euristico: DTS-TMAX
[162.13] [Task 315] Routed STARLINK-11734 [DTC] -> STARLINK-5843 | E_NET=0.000391 J | Remaining=80000.00 J
[162.132] Task 315 enqueued on CPU STARLINK-5843 qlen_enqueue=1
[MODE: BIDIRECTIONAL]
[314][GREEDY] CONSEGNATO! STARLINK-11474 [DTC] -> OBS | Tramission-time: 3.3702725601247777e-11
[162.271] Task 315 enqueued on NET STARLINK-5843 qlen_enqueue_net=1
[Task 315] Task eseguito su STARLINK-5843 40.02797592621095 degrees | CPU=111.2612J, NET=0.0006J, TOTAL=111.2617J, Remaining=79849.17J
[162.271] Task 315 served on STARLINK-5843 qlen_enqueue_cpu=1 qlen_enqueue_net=1 time_in_queue=0.000
[315][GREEDY] STARLINK-5843 -> STARLINK-11474 [DTC] | Tramission-time: 0.001896090336962933
[315] Energy routing consumed by STARLINK-5843: 0.000000 J (remaining 79849.17)
[MODE: BIDIRECTIONAL]
[315][GREEDY] CONSEGNATO! STARLINK-11474 [DTC] -> OBS | Tramission-time: 4.561396433414963e-10
---> Task 316 (Type: Generic_Service) arriva in 162.48
--- [162.48] Task 316 using SearchNode Policy: v1_heuristic ---
[316] Filtro euristico: DTS-TMAX
[Task 316] Nessun server rimasto dopo i filtri (deadline/sunset).
[Task 316] REJECTED on STARLINK-11734 [DTC] due to: No suitable server found after deadline/sunset filters
[Task 313] Task eseguito su STARLINK-11474 [DTC] 72.10263690206008 degrees | CPU=603.1607J, NET=0.0000J, TOTAL=603.1607J, Remaining=78660.07J
[162.637] Task 313 served on STARLINK-11474 [DTC] qlen_enqueue_cpu=1 qlen_enqueue_net=None time_in_queue=0.000
[MODE: BIDIRECTIONAL]
[313][GREEDY] CONSEGNATO! STARLINK-11474 [DTC] -> OBS | Tramission-time: 1.280277940276832e-11
---> Task 317 (Type: CPU_Intensive) arriva in 162.95
--- [162.95] Task 317 using SearchNode Policy: v1_heuristic ---
[317] Filtro euristico: DTS-TMAX
[162.95] [Task 317] Routed STARLINK-11734 [DTC] -> STARLINK-5843 | E_NET=0.000025 J | Remaining=80000.00 J
[162.950] Task 317 enqueued on CPU STARLINK-5843 qlen_enqueue=1
[Task 311] Task eseguito su STARLINK-34902 41.23524364161189 degrees | CPU=1397.8282J, NET=0.0000J, TOTAL=1397.8282J, Remaining=77737.02J
[163.013] Task 311 served on STARLINK-34902 qlen_enqueue_cpu=2 qlen_enqueue_net=None time_in_queue=0.000
[311][GREEDY] STARLINK-34902 -> STARLINK-11474 [DTC] | Tramission-time: 0.001741556861290245
[311] Energy routing consumed by STARLINK-34902: 0.000000 J (remaining 77737.02)
[MODE: BIDIRECTIONAL]
[311][GREEDY] CONSEGNATO! STARLINK-11474 [DTC] -> OBS | Tramission-time: 2.0517935335259205e-11
---> Task 318 (Type: CPU_Intensive) arriva in 163.48
--- [163.48] Task 318 using SearchNode Policy: v1_heuristic ---
[318] Filtro euristico: DTS-TMAX
[163.48] [Task 318] Routed STARLINK-11734 [DTC] -> STARLINK-4396 | E_NET=0.000024 J | Remaining=80000.00 J
[163.484] Task 318 enqueued on CPU STARLINK-4396 qlen_enqueue=1
[Task 317] Task eseguito su STARLINK-5843 40.02797592621095 degrees | CPU=583.7648J, NET=0.0000J, TOTAL=583.7648J, Remaining=79265.41J
[163.683] Task 317 served on STARLINK-5843 qlen_enqueue_cpu=1 qlen_enqueue_net=None time_in_queue=0.000
[317][GREEDY] STARLINK-5843 -> STARLINK-11474 [DTC] | Tramission-time: 0.0018960898473581165
[317] Energy routing consumed by STARLINK-5843: 0.000000 J (remaining 79265.41)
[Task 318] Task eseguito su STARLINK-4396 47.502307758860624 degrees | CPU=227.4210J, NET=0.0000J, TOTAL=227.4211J, Remaining=79026.93J
[163.770] Task 318 served on STARLINK-4396 qlen_enqueue_cpu=1 qlen_enqueue_net=None time_in_queue=0.000
[318][GREEDY] STARLINK-4396 -> STARLINK-11474 [DTC] | Tramission-time: 0.0017558285441734937
[318] Energy routing consumed by STARLINK-4396: 0.000000 J (remaining 79026.93)
[MODE: BIDIRECTIONAL]
[317][GREEDY] CONSEGNATO! STARLINK-11474 [DTC] -> OBS | Tramission-time: 2.4502213092224105e-11
[MODE: BIDIRECTIONAL]
[318][GREEDY] CONSEGNATO! STARLINK-11474 [DTC] -> OBS | Tramission-time: 1.6625459751017522e-11
---> Task 319 (Type: CPU_Intensive) arriva in 163.95
--- [163.95] Task 319 using SearchNode Policy: v1_heuristic ---
[319] Filtro euristico: DTS-TMAX
[163.95] [Task 319] Routed STARLINK-11734 [DTC] -> STARLINK-5843 | E_NET=0.000015 J | Remaining=80000.00 J
[163.950] Task 319 enqueued on CPU STARLINK-5843 qlen_enqueue=1
----------------------------------------------------------------------
	||TIME IN SIMULATION : (seconds:164) (minutes: 2) ||

MODIFICA CONFIGURAZIONE IN CORSO...

Aggiornato il Tempo Globale:  2025-11-20 20:57:58
---> Task 320 (Type: Generic_Service) arriva in 164.76
--- [164.76] Task 320 using SearchNode Policy: v1_heuristic ---
[320] Filtro euristico: DTS-TMAX
[164.76] [Task 320] Routed STARLINK-11734 [DTC] -> STARLINK-31399 | E_NET=0.000005 J | Remaining=80000.00 J
[164.757] Task 320 enqueued on CPU STARLINK-31399 qlen_enqueue=1
[Task 319] Task eseguito su STARLINK-5843 40.66969887406763 degrees | CPU=659.7513J, NET=0.0000J, TOTAL=659.7513J, Remaining=78605.65J
[164.777] Task 319 served on STARLINK-5843 qlen_enqueue_cpu=1 qlen_enqueue_net=None time_in_queue=0.000
[319][GREEDY] STARLINK-5843 -> STARLINK-11474 [DTC] | Tramission-time: 0.0018564694852813259
[319] Energy routing consumed by STARLINK-5843: 0.000000 J (remaining 78605.65)
---> Task 321 (Type: CPU_and_Data_Intensive) arriva in 164.82
--- [164.82] Task 321 using SearchNode Policy: v1_heuristic ---
[321] Filtro euristico: DTS-TMAX
[Task 321] Nessun server rimasto dopo i filtri (deadline/sunset).
[Task 321] REJECTED on STARLINK-11734 [DTC] due to: No suitable server found after deadline/sunset filters
[Task 320] Task eseguito su STARLINK-31399 44.96580172613759 degrees | CPU=74.1078J, NET=0.0000J, TOTAL=74.1078J, Remaining=79067.76J
[164.850] Task 320 served on STARLINK-31399 qlen_enqueue_cpu=1 qlen_enqueue_net=None time_in_queue=0.000
---> Task 322 (Type: Generic_Service) arriva in 164.89
--- [164.89] Task 322 using SearchNode Policy: v1_heuristic ---
[322] Filtro euristico: DTS-TMAX
[164.89] [Task 322] Routed STARLINK-11734 [DTC] -> STARLINK-31399 | E_NET=0.000025 J | Remaining=80000.00 J
[164.887] Task 322 enqueued on CPU STARLINK-31399 qlen_enqueue=1
[MODE: BIDIRECTIONAL]
[319][GREEDY] CONSEGNATO! STARLINK-11474 [DTC] -> OBS | Tramission-time: 1.9555241235907103e-11
[320][GREEDY] STARLINK-31399 -> STARLINK-11474 [DTC] | Tramission-time: 0.0012799090330837442
[320] Energy routing consumed by STARLINK-31399: 0.000000 J (remaining 79067.76)
[Task 322] Task eseguito su STARLINK-31399 44.96580172613759 degrees | CPU=15.6379J, NET=0.0000J, TOTAL=15.6379J, Remaining=79052.12J
[164.909] Task 322 served on STARLINK-31399 qlen_enqueue_cpu=1 qlen_enqueue_net=None time_in_queue=0.000
[MODE: BIDIRECTIONAL]
[320][GREEDY] CONSEGNATO! STARLINK-11474 [DTC] -> OBS | Tramission-time: 6.804350413199456e-12
[322][GREEDY] STARLINK-31399 -> STARLINK-11474 [DTC] | Tramission-time: 0.0012799090504911266
[322] Energy routing consumed by STARLINK-31399: 0.000000 J (remaining 79052.12)
[MODE: BIDIRECTIONAL]
[322][GREEDY] CONSEGNATO! STARLINK-11474 [DTC] -> OBS | Tramission-time: 2.8755462316881933e-11
---> Task 323 (Type: Generic_Service) arriva in 165.55
--- [165.55] Task 323 using SearchNode Policy: v1_heuristic ---
[323] Filtro euristico: DTS-TMAX
[165.55] [Task 323] Routed STARLINK-11734 [DTC] -> STARLINK-31399 | E_NET=0.000026 J | Remaining=80000.00 J
[165.548] Task 323 enqueued on CPU STARLINK-31399 qlen_enqueue=1
[Task 323] Task eseguito su STARLINK-31399 44.96580172613759 degrees | CPU=15.4517J, NET=0.0000J, TOTAL=15.4517J, Remaining=79036.67J
[165.570] Task 323 served on STARLINK-31399 qlen_enqueue_cpu=1 qlen_enqueue_net=None time_in_queue=0.000
[323][GREEDY] STARLINK-31399 -> STARLINK-11474 [DTC] | Tramission-time: 0.0012799090525128344
[323] Energy routing consumed by STARLINK-31399: 0.000000 J (remaining 79036.67)
[MODE: BIDIRECTIONAL]
[323][GREEDY] CONSEGNATO! STARLINK-11474 [DTC] -> OBS | Tramission-time: 2.4580700310051144e-11
----------------------------------------------------------------------
	||TIME IN SIMULATION : (seconds:166) (minutes: 2) ||

MODIFICA CONFIGURAZIONE IN CORSO...

Aggiornato il Tempo Globale:  2025-11-20 20:58:00
---> Task 324 (Type: Generic_Service) arriva in 166.97
--- [166.97] Task 324 using SearchNode Policy: v1_heuristic ---
[324] Filtro euristico: DTS-TMAX
[166.97] [Task 324] Routed STARLINK-11734 [DTC] -> STARLINK-30286 | E_NET=0.000026 J | Remaining=80000.00 J
[166.971] Task 324 enqueued on CPU STARLINK-30286 qlen_enqueue=1
[Task 324] Task eseguito su STARLINK-30286 40.55637877024669 degrees | CPU=17.6468J, NET=0.0000J, TOTAL=17.6468J, Remaining=79982.35J
[166.996] Task 324 served on STARLINK-30286 qlen_enqueue_cpu=1 qlen_enqueue_net=None time_in_queue=0.000
[324][GREEDY] STARLINK-30286 -> STARLINK-11474 [DTC] | Tramission-time: 0.0018610018503930003
[324] Energy routing consumed by STARLINK-30286: 0.000000 J (remaining 79982.35)
[MODE: BIDIRECTIONAL]
[324][GREEDY] CONSEGNATO! STARLINK-11474 [DTC] -> OBS | Tramission-time: 2.7476420818515365e-11
---> Task 325 (Type: CPU_and_Data_Intensive) arriva in 167.61
--- [167.61] Task 325 using SearchNode Policy: v1_heuristic ---
[325] Filtro euristico: DTS-TMAX
[167.61] [Task 325] Routed STARLINK-11734 [DTC] -> STARLINK-32743 | E_NET=0.000169 J | Remaining=80000.00 J
[167.607] Task 325 enqueued on CPU STARLINK-32743 qlen_enqueue=1
----------------------------------------------------------------------
	||TIME IN SIMULATION : (seconds:168) (minutes: 2) ||

MODIFICA CONFIGURAZIONE IN CORSO...

Aggiornato il Tempo Globale:  2025-11-20 20:58:02
---> Task 326 (Type: CPU_Intensive) arriva in 169.12
--- [169.12] Task 326 using SearchNode Policy: v1_heuristic ---
[326] Filtro euristico: DTS-TMAX
[169.12] [Task 326] Routed STARLINK-11734 [DTC] -> STARLINK-30286 | E_NET=0.000008 J | Remaining=80000.00 J
[169.118] Task 326 enqueued on CPU STARLINK-30286 qlen_enqueue=1
[Task 326] Task eseguito su STARLINK-30286 41.21419839911326 degrees | CPU=208.0913J, NET=0.0000J, TOTAL=208.0913J, Remaining=79774.26J
[169.379] Task 326 served on STARLINK-30286 qlen_enqueue_cpu=1 qlen_enqueue_net=None time_in_queue=0.000
[169.387] Task 325 enqueued on NET STARLINK-32743 qlen_enqueue_net=1
[Task 325] Task eseguito su STARLINK-32743 41.324977827073766 degrees | CPU=1422.1386J, NET=0.0002J, TOTAL=1422.1388J, Remaining=78577.86J
[169.387] Task 325 served on STARLINK-32743 qlen_enqueue_cpu=1 qlen_enqueue_net=1 time_in_queue=0.000
[326][GREEDY] STARLINK-30286 -> STARLINK-11474 [DTC] | Tramission-time: 0.0018237086274778685
[326] Energy routing consumed by STARLINK-30286: 0.000000 J (remaining 79774.26)
[325][GREEDY] STARLINK-32743 -> STARLINK-11474 [DTC] | Tramission-time: 0.0015297524388222157
[325] Energy routing consumed by STARLINK-32743: 0.000000 J (remaining 78577.86)
[MODE: BIDIRECTIONAL]
[326][GREEDY] CONSEGNATO! STARLINK-11474 [DTC] -> OBS | Tramission-time: 7.717943151227683e-12
[MODE: BIDIRECTIONAL]
[325][GREEDY] CONSEGNATO! STARLINK-11474 [DTC] -> OBS | Tramission-time: 1.6051407940016577e-10
----------------------------------------------------------------------
	||TIME IN SIMULATION : (seconds:170) (minutes: 2) ||

MODIFICA CONFIGURAZIONE IN CORSO...

Aggiornato il Tempo Globale:  2025-11-20 20:58:04
---> Task 327 (Type: Generic_Service) arriva in 170.21
--- [170.21] Task 327 using SearchNode Policy: v1_heuristic ---
[327] Filtro euristico: DTS-TMAX
[170.21] [Task 327] Routed STARLINK-11734 [DTC] -> STARLINK-31702 | E_NET=0.000020 J | Remaining=80000.00 J
[170.209] Task 327 enqueued on CPU STARLINK-31702 qlen_enqueue=1
[Task 327] Task eseguito su STARLINK-31702 48.36185161552603 degrees | CPU=4.8450J, NET=0.0000J, TOTAL=4.8450J, Remaining=78986.80J
[170.217] Task 327 served on STARLINK-31702 qlen_enqueue_cpu=1 qlen_enqueue_net=None time_in_queue=0.000
[327][GREEDY] STARLINK-31702 -> STARLINK-11474 [DTC] | Tramission-time: 0.001189758970844957
[327] Energy routing consumed by STARLINK-31702: 0.000000 J (remaining 78986.80)
[MODE: BIDIRECTIONAL]
[327][GREEDY] CONSEGNATO! STARLINK-11474 [DTC] -> OBS | Tramission-time: 1.5997408781098432e-11
---> Task 328 (Type: Generic_Service) arriva in 170.69
--- [170.69] Task 328 using SearchNode Policy: v1_heuristic ---
[328] Filtro euristico: DTS-TMAX
[170.69] [Task 328] Routed STARLINK-11734 [DTC] -> STARLINK-30286 | E_NET=0.000018 J | Remaining=80000.00 J
[170.689] Task 328 enqueued on CPU STARLINK-30286 qlen_enqueue=1
[Task 328] Task eseguito su STARLINK-30286 41.88213606025209 degrees | CPU=56.5642J, NET=0.0000J, TOTAL=56.5642J, Remaining=79717.70J
[170.762] Task 328 served on STARLINK-30286 qlen_enqueue_cpu=1 qlen_enqueue_net=None time_in_queue=0.000
[328][GREEDY] STARLINK-30286 -> STARLINK-11474 [DTC] | Tramission-time: 0.001786941711744913
[328] Energy routing consumed by STARLINK-30286: 0.000000 J (remaining 79717.70)
---> Task 329 (Type: Generic_Service) arriva in 170.83
--- [170.83] Task 329 using SearchNode Policy: v1_heuristic ---
[329] Filtro euristico: DTS-TMAX
[170.83] [Task 329] Routed STARLINK-11734 [DTC] -> STARLINK-30286 | E_NET=0.000023 J | Remaining=80000.00 J
[170.829] Task 329 enqueued on CPU STARLINK-30286 qlen_enqueue=1
[MODE: BIDIRECTIONAL]
[328][GREEDY] CONSEGNATO! STARLINK-11474 [DTC] -> OBS | Tramission-time: 1.957099686227748e-11
[Task 329] Task eseguito su STARLINK-30286 41.88213606025209 degrees | CPU=75.4601J, NET=0.0000J, TOTAL=75.4601J, Remaining=79642.24J
[170.925] Task 329 served on STARLINK-30286 qlen_enqueue_cpu=1 qlen_enqueue_net=None time_in_queue=0.000
---> Task 330 (Type: Generic_Service) arriva in 170.96
--- [170.96] Task 330 using SearchNode Policy: v1_heuristic ---
[330] Filtro euristico: DTS-TMAX
[170.96] [Task 330] Routed STARLINK-11734 [DTC] -> STARLINK-30286 | E_NET=0.000023 J | Remaining=80000.00 J
[170.956] Task 330 enqueued on CPU STARLINK-30286 qlen_enqueue=1
[Task 330] Task eseguito su STARLINK-30286 41.88213606025209 degrees | CPU=13.1394J, NET=0.0000J, TOTAL=13.1394J, Remaining=79629.10J
[170.975] Task 330 served on STARLINK-30286 qlen_enqueue_cpu=1 qlen_enqueue_net=None time_in_queue=0.000
[329][GREEDY] STARLINK-30286 -> STARLINK-11474 [DTC] | Tramission-time: 0.0017869417155745345
[329] Energy routing consumed by STARLINK-30286: 0.000000 J (remaining 79629.10)
[MODE: BIDIRECTIONAL]
[329][GREEDY] CONSEGNATO! STARLINK-11474 [DTC] -> OBS | Tramission-time: 2.2598343905814936e-11
[330][GREEDY] STARLINK-30286 -> STARLINK-11474 [DTC] | Tramission-time: 0.00178694172127256
[330] Energy routing consumed by STARLINK-30286: 0.000000 J (remaining 79629.10)
[MODE: BIDIRECTIONAL]
[330][GREEDY] CONSEGNATO! STARLINK-11474 [DTC] -> OBS | Tramission-time: 2.8683823224736366e-11
----------------------------------------------------------------------
	||TIME IN SIMULATION : (seconds:172) (minutes: 2) ||

MODIFICA CONFIGURAZIONE IN CORSO...

Aggiornato il Tempo Globale:  2025-11-20 20:58:06
---> Task 331 (Type: Generic_Service) arriva in 172.20
--- [172.20] Task 331 using SearchNode Policy: v1_heuristic ---
[331] Filtro euristico: DTS-TMAX
[172.20] [Task 331] Routed STARLINK-11734 [DTC] -> STARLINK-33816 | E_NET=0.000014 J | Remaining=80000.00 J
[172.201] Task 331 enqueued on CPU STARLINK-33816 qlen_enqueue=1
[Task 331] Task eseguito su STARLINK-33816 40.08883840870284 degrees | CPU=32.2329J, NET=0.0000J, TOTAL=32.2329J, Remaining=79967.77J
[172.242] Task 331 served on STARLINK-33816 qlen_enqueue_cpu=1 qlen_enqueue_net=None time_in_queue=0.000
[331][GREEDY] STARLINK-33816 -> STARLINK-11474 [DTC] | Tramission-time: 0.0017819837238217237
[331] Energy routing consumed by STARLINK-33816: 0.000000 J (remaining 79967.77)
[MODE: BIDIRECTIONAL]
[331][GREEDY] CONSEGNATO! STARLINK-11474 [DTC] -> OBS | Tramission-time: 1.2082738066185591e-11
---> Task 332 (Type: CPU_and_Data_Intensive) arriva in 173.74
--- [173.74] Task 332 using SearchNode Policy: v1_heuristic ---
[332] Filtro euristico: DTS-TMAX
[173.74] [Task 332] Routed STARLINK-11734 [DTC] -> STARLINK-33816 | E_NET=0.005570 J | Remaining=79999.99 J
[173.752] Task 332 enqueued on CPU STARLINK-33816 qlen_enqueue=1
----------------------------------------------------------------------
	||TIME IN SIMULATION : (seconds:174) (minutes: 2) ||

MODIFICA CONFIGURAZIONE IN CORSO...

Aggiornato il Tempo Globale:  2025-11-20 20:58:08
---> Task 333 (Type: CPU_Intensive) arriva in 174.10
--- [174.10] Task 333 using SearchNode Policy: v1_heuristic ---
[333] Filtro euristico: DTS-TMAX
[174.10] [Task 333] Routed STARLINK-11734 [DTC] -> STARLINK-30286 | E_NET=0.000011 J | Remaining=79999.99 J
[174.105] Task 333 enqueued on CPU STARLINK-30286 qlen_enqueue=1
[174.200] Task 332 enqueued on NET STARLINK-33816 qlen_enqueue_net=1
[Task 332] Task eseguito su STARLINK-33816 40.90174386016426 degrees | CPU=358.4158J, NET=0.0060J, TOTAL=358.4218J, Remaining=79609.35J
[174.206] Task 332 served on STARLINK-33816 qlen_enqueue_cpu=1 qlen_enqueue_net=1 time_in_queue=0.000
[332][GREEDY] STARLINK-33816 -> STARLINK-11474 [DTC] | Tramission-time: 0.001784779584780248
[332] Energy routing consumed by STARLINK-33816: 0.000000 J (remaining 79609.35)
[MODE: BIDIRECTIONAL]
[332][GREEDY] CONSEGNATO! STARLINK-11474 [DTC] -> OBS | Tramission-time: 5.3361305145154514e-09
---> Task 334 (Type: Generic_Service) arriva in 174.34
--- [174.34] Task 334 using SearchNode Policy: v1_heuristic ---
[334] Filtro euristico: DTS-TMAX
[Task 334] Nessun server rimasto dopo i filtri (deadline/sunset).
[Task 334] REJECTED on STARLINK-11734 [DTC] due to: No suitable server found after deadline/sunset filters
[Task 333] Task eseguito su STARLINK-30286 43.24780270444136 degrees | CPU=192.5840J, NET=0.0000J, TOTAL=192.5840J, Remaining=79436.51J
[174.347] Task 333 served on STARLINK-30286 qlen_enqueue_cpu=1 qlen_enqueue_net=None time_in_queue=0.000
[333][GREEDY] STARLINK-30286 -> STARLINK-11474 [DTC] | Tramission-time: 0.0017151247227809785
[333] Energy routing consumed by STARLINK-30286: 0.000000 J (remaining 79436.51)
[MODE: BIDIRECTIONAL]
[333][GREEDY] CONSEGNATO! STARLINK-11474 [DTC] -> OBS | Tramission-time: 1.1873556169343555e-11
---> Task 335 (Type: Generic_Service) arriva in 174.68
--- [174.68] Task 335 using SearchNode Policy: v1_heuristic ---
[335] Filtro euristico: DTS-TMAX
[174.68] [Task 335] Routed STARLINK-11734 [DTC] -> STARLINK-33816 | E_NET=0.000023 J | Remaining=79999.99 J
[174.680] Task 335 enqueued on CPU STARLINK-33816 qlen_enqueue=1
---> Task 336 (Type: CPU_and_Data_Intensive) arriva in 174.81
--- [174.81] Task 336 using SearchNode Policy: v1_heuristic ---
[336] Filtro euristico: DTS-TMAX
[174.81] [Task 336] Routed STARLINK-11734 [DTC] -> STARLINK-30286 | E_NET=0.003717 J | Remaining=79999.99 J
[174.817] Task 336 enqueued on CPU STARLINK-30286 qlen_enqueue=1
[Task 335] Task eseguito su STARLINK-33816 40.90174386016426 degrees | CPU=236.6169J, NET=0.0000J, TOTAL=236.6170J, Remaining=79372.73J
[174.978] Task 335 served on STARLINK-33816 qlen_enqueue_cpu=1 qlen_enqueue_net=None time_in_queue=0.000
[335][GREEDY] STARLINK-33816 -> STARLINK-11474 [DTC] | Tramission-time: 0.0017847752173791973
[335] Energy routing consumed by STARLINK-33816: 0.000000 J (remaining 79372.73)
[MODE: BIDIRECTIONAL]
[335][GREEDY] CONSEGNATO! STARLINK-11474 [DTC] -> OBS | Tramission-time: 1.7565652364494304e-11
[175.258] Task 336 enqueued on NET STARLINK-30286 qlen_enqueue_net=1
[Task 336] Task eseguito su STARLINK-30286 43.24780270444136 degrees | CPU=352.1071J, NET=0.0053J, TOTAL=352.1125J, Remaining=79084.40J
[175.263] Task 336 served on STARLINK-30286 qlen_enqueue_cpu=1 qlen_enqueue_net=1 time_in_queue=0.000
[336][GREEDY] STARLINK-30286 -> STARLINK-11474 [DTC] | Tramission-time: 0.0017151282647791574
[336] Energy routing consumed by STARLINK-30286: 0.000000 J (remaining 79084.40)
[MODE: BIDIRECTIONAL]
[336][GREEDY] CONSEGNATO! STARLINK-11474 [DTC] -> OBS | Tramission-time: 4.976797474724532e-09
----------------------------------------------------------------------
	||TIME IN SIMULATION : (seconds:176) (minutes: 2) ||

MODIFICA CONFIGURAZIONE IN CORSO...

Aggiornato il Tempo Globale:  2025-11-20 20:58:10
---> Task 337 (Type: CPU_and_Data_Intensive) arriva in 176.18
--- [176.18] Task 337 using SearchNode Policy: v1_heuristic ---
[337] Filtro euristico: DTS-TMAX
[176.18] [Task 337] Routed STARLINK-11734 [DTC] -> STARLINK-33816 | E_NET=0.006945 J | Remaining=79999.98 J
[176.188] Task 337 enqueued on CPU STARLINK-33816 qlen_enqueue=1
---> Task 338 (Type: Generic_Service) arriva in 176.35
--- [176.35] Task 338 using SearchNode Policy: v1_heuristic ---
[338] Filtro euristico: DTS-TMAX
[176.35] [Task 338] Routed STARLINK-11734 [DTC] -> STARLINK-30286 | E_NET=0.000037 J | Remaining=79999.98 J
[176.350] Task 338 enqueued on CPU STARLINK-30286 qlen_enqueue=1
[Task 338] Task eseguito su STARLINK-30286 43.9451291690081 degrees | CPU=49.8079J, NET=0.0000J, TOTAL=49.8079J, Remaining=79034.59J
[176.415] Task 338 served on STARLINK-30286 qlen_enqueue_cpu=1 qlen_enqueue_net=None time_in_queue=0.000
[338][GREEDY] STARLINK-30286 -> STARLINK-11474 [DTC] | Tramission-time: 0.0016801496125573147
[338] Energy routing consumed by STARLINK-30286: 0.000000 J (remaining 79034.59)
[MODE: BIDIRECTIONAL]
[338][GREEDY] CONSEGNATO! STARLINK-11474 [DTC] -> OBS | Tramission-time: 2.9328803459382874e-11
---> Task 339 (Type: Generic_Service) arriva in 176.89
--- [176.89] Task 339 using SearchNode Policy: v1_heuristic ---
[339] Filtro euristico: DTS-TMAX
[176.89] [Task 339] Routed STARLINK-11734 [DTC] -> STARLINK-31702 | E_NET=0.000006 J | Remaining=79999.98 J
[176.893] Task 339 enqueued on CPU STARLINK-31702 qlen_enqueue=1
[Task 339] Task eseguito su STARLINK-31702 48.25460771440451 degrees | CPU=7.3748J, NET=0.0000J, TOTAL=7.3748J, Remaining=78979.42J
[176.902] Task 339 served on STARLINK-31702 qlen_enqueue_cpu=1 qlen_enqueue_net=None time_in_queue=0.000
[176.915] Task 337 enqueued on NET STARLINK-33816 qlen_enqueue_net=1
[339][GREEDY] STARLINK-31702 -> STARLINK-11474 [DTC] | Tramission-time: 0.0011507777564797343
[339] Energy routing consumed by STARLINK-31702: 0.000000 J (remaining 78979.42)
[Task 337] Task eseguito su STARLINK-33816 41.735846209236016 degrees | CPU=580.6804J, NET=0.0078J, TOTAL=580.6882J, Remaining=78792.04J
[176.923] Task 337 served on STARLINK-33816 qlen_enqueue_cpu=1 qlen_enqueue_net=1 time_in_queue=0.000
[MODE: BIDIRECTIONAL]
[339][GREEDY] CONSEGNATO! STARLINK-11474 [DTC] -> OBS | Tramission-time: 6.802045481809457e-12
[337][GREEDY] STARLINK-33816 -> STARLINK-11474 [DTC] | Tramission-time: 0.0017879581333088773
[337] Energy routing consumed by STARLINK-33816: 0.000000 J (remaining 78792.04)
[MODE: BIDIRECTIONAL]
[337][GREEDY] CONSEGNATO! STARLINK-11474 [DTC] -> OBS | Tramission-time: 6.557607040217139e-09
---> Task 340 (Type: Generic_Service) arriva in 177.08
--- [177.08] Task 340 using SearchNode Policy: v1_heuristic ---
[340] Filtro euristico: DTS-TMAX
[177.08] [Task 340] Routed STARLINK-11734 [DTC] -> STARLINK-31399 | E_NET=0.000018 J | Remaining=79999.98 J
[177.084] Task 340 enqueued on CPU STARLINK-31399 qlen_enqueue=1
[Task 340] Task eseguito su STARLINK-31399 51.03379592899488 degrees | CPU=38.8741J, NET=0.0000J, TOTAL=38.8741J, Remaining=78997.79J
[177.134] Task 340 served on STARLINK-31399 qlen_enqueue_cpu=1 qlen_enqueue_net=None time_in_queue=0.000
[340][GREEDY] STARLINK-31399 -> STARLINK-11474 [DTC] | Tramission-time: 0.0012627443561721823
[340] Energy routing consumed by STARLINK-31399: 0.000000 J (remaining 78997.79)
---> Task 341 (Type: Generic_Service) arriva in 177.23
--- [177.23] Task 341 using SearchNode Policy: v1_heuristic ---
[341] Filtro euristico: DTS-TMAX
[177.23] [Task 341] Routed STARLINK-11734 [DTC] -> STARLINK-30286 | E_NET=0.000020 J | Remaining=79999.98 J
[177.228] Task 341 enqueued on CPU STARLINK-30286 qlen_enqueue=1
[Task 341] Task eseguito su STARLINK-30286 43.9451291690081 degrees | CPU=16.2415J, NET=0.0000J, TOTAL=16.2415J, Remaining=79018.35J
[177.250] Task 341 served on STARLINK-30286 qlen_enqueue_cpu=1 qlen_enqueue_net=None time_in_queue=0.000
[MODE: BIDIRECTIONAL]
[340][GREEDY] CONSEGNATO! STARLINK-11474 [DTC] -> OBS | Tramission-time: 1.6372302439024238e-11
[341][GREEDY] STARLINK-30286 -> STARLINK-11474 [DTC] | Tramission-time: 0.0016801496031782187
[341] Energy routing consumed by STARLINK-30286: 0.000000 J (remaining 79018.35)
[MODE: BIDIRECTIONAL]
[341][GREEDY] CONSEGNATO! STARLINK-11474 [DTC] -> OBS | Tramission-time: 1.4442968678218457e-11
---> Task 342 (Type: CPU_and_Data_Intensive) arriva in 177.55
--- [177.55] Task 342 using SearchNode Policy: v1_heuristic ---
[342] Filtro euristico: DTS-TMAX
[177.55] [Task 342] Routed STARLINK-11734 [DTC] -> STARLINK-4396 | E_NET=0.007466 J | Remaining=79999.97 J
[177.556] Task 342 enqueued on CPU STARLINK-4396 qlen_enqueue=1
----------------------------------------------------------------------
	||TIME IN SIMULATION : (seconds:178) (minutes: 2) ||

MODIFICA CONFIGURAZIONE IN CORSO...

Aggiornato il Tempo Globale:  2025-11-20 20:58:12
[178.338] Task 342 enqueued on NET STARLINK-4396 qlen_enqueue_net=1
[Task 342] Task eseguito su STARLINK-4396 50.45013283462575 degrees | CPU=624.9900J, NET=0.0089J, TOTAL=624.9988J, Remaining=78401.93J
[178.347] Task 342 served on STARLINK-4396 qlen_enqueue_cpu=1 qlen_enqueue_net=1 time_in_queue=0.000
---> Task 343 (Type: CPU_and_Data_Intensive) arriva in 178.41
--- [178.41] Task 343 using SearchNode Policy: v1_heuristic ---
[343] Filtro euristico: DTS-TMAX
[178.41] [Task 343] Routed STARLINK-11734 [DTC] -> STARLINK-6203 | E_NET=0.095050 J | Remaining=79999.88 J
[342][GREEDY] STARLINK-4396 -> STARLINK-11474 [DTC] | Tramission-time: 0.0013402077459636725
[342] Energy routing consumed by STARLINK-4396: 0.000000 J (remaining 78401.93)
[MODE: BIDIRECTIONAL]
[342][GREEDY] CONSEGNATO! STARLINK-11474 [DTC] -> OBS | Tramission-time: 6.1781416193099495e-09
[178.502] Task 343 enqueued on CPU STARLINK-6203 qlen_enqueue=1
---> Task 344 (Type: CPU_and_Data_Intensive) arriva in 178.57
--- [178.57] Task 344 using SearchNode Policy: v1_heuristic ---
[344] Filtro euristico: DTS-TMAX
[178.57] [Task 344] Routed STARLINK-11734 [DTC] -> STARLINK-30286 | E_NET=0.005455 J | Remaining=79999.87 J
[178.580] Task 344 enqueued on CPU STARLINK-30286 qlen_enqueue=1
[179.249] Task 343 enqueued on NET STARLINK-6203 qlen_enqueue_net=1
[Task 343] Task eseguito su STARLINK-6203 59.49459452110697 degrees | CPU=596.6308J, NET=0.1211J, TOTAL=596.7519J, Remaining=78405.08J
[179.370] Task 343 served on STARLINK-6203 qlen_enqueue_cpu=1 qlen_enqueue_net=1 time_in_queue=0.000
[179.427] Task 344 enqueued on NET STARLINK-30286 qlen_enqueue_net=1
[343][GREEDY] STARLINK-6203 -> STARLINK-11474 [DTC] | Tramission-time: 0.0012155599061478303
[343] Energy routing consumed by STARLINK-6203: 0.000000 J (remaining 78405.08)
[Task 344] Task eseguito su STARLINK-30286 44.651757127398696 degrees | CPU=676.9417J, NET=0.0059J, TOTAL=676.9476J, Remaining=78341.40J
[179.433] Task 344 served on STARLINK-30286 qlen_enqueue_cpu=1 qlen_enqueue_net=1 time_in_queue=0.000
[MODE: BIDIRECTIONAL]
[343][GREEDY] CONSEGNATO! STARLINK-11474 [DTC] -> OBS | Tramission-time: 8.645524317660343e-08
[344][GREEDY] STARLINK-30286 -> STARLINK-11474 [DTC] | Tramission-time: 0.001645855101909122
[344] Energy routing consumed by STARLINK-30286: 0.000000 J (remaining 78341.40)
[MODE: BIDIRECTIONAL]
[344][GREEDY] CONSEGNATO! STARLINK-11474 [DTC] -> OBS | Tramission-time: 4.6662709600710445e-09
---> Task 345 (Type: CPU_and_Data_Intensive) arriva in 179.68
--- [179.68] Task 345 using SearchNode Policy: v1_heuristic ---
[345] Filtro euristico: DTS-TMAX
[179.68] [Task 345] Routed STARLINK-11734 [DTC] -> STARLINK-5939 | E_NET=0.000679 J | Remaining=79999.87 J
[179.678] Task 345 enqueued on CPU STARLINK-5939 qlen_enqueue=1
[179.806] Task 345 enqueued on NET STARLINK-5939 qlen_enqueue_net=1
[Task 345] Task eseguito su STARLINK-5939 77.88934131729701 degrees | CPU=102.3839J, NET=0.0007J, TOTAL=102.3846J, Remaining=78910.62J
[179.807] Task 345 served on STARLINK-5939 qlen_enqueue_cpu=1 qlen_enqueue_net=1 time_in_queue=0.000
[345][GREEDY] STARLINK-5939 -> STARLINK-11474 [DTC] | Tramission-time: 0.0006816815394655621
[345] Energy routing consumed by STARLINK-5939: 0.000000 J (remaining 78910.62)
[MODE: BIDIRECTIONAL]
[345][GREEDY] CONSEGNATO! STARLINK-11474 [DTC] -> OBS | Tramission-time: 6.855529349447355e-10
----------------------------------------------------------------------
	||TIME IN SIMULATION : (seconds:180) (minutes: 3) ||

MODIFICA CONFIGURAZIONE IN CORSO...

Aggiornato il Tempo Globale:  2025-11-20 20:58:14
---> Task 346 (Type: CPU_and_Data_Intensive) arriva in 180.38
--- [180.38] Task 346 using SearchNode Policy: v1_heuristic ---
[346] Filtro euristico: DTS-TMAX
[Task 346] Nessun server rimasto dopo i filtri (deadline/sunset).
[Task 346] REJECTED on STARLINK-11734 [DTC] due to: No suitable server found after deadline/sunset filters
---> Task 347 (Type: CPU_Intensive) arriva in 180.58
--- [180.58] Task 347 using SearchNode Policy: v1_heuristic ---
[347] Filtro euristico: DTS-TMAX
[180.58] [Task 347] Routed STARLINK-11734 [DTC] -> STARLINK-31399 | E_NET=0.000026 J | Remaining=79999.87 J
[180.577] Task 347 enqueued on CPU STARLINK-31399 qlen_enqueue=1
[Task 347] Task eseguito su STARLINK-31399 53.269823202586586 degrees | CPU=559.1520J, NET=0.0000J, TOTAL=559.1520J, Remaining=78438.64J
[181.279] Task 347 served on STARLINK-31399 qlen_enqueue_cpu=1 qlen_enqueue_net=None time_in_queue=0.000
[347][GREEDY] STARLINK-31399 -> STARLINK-11474 [DTC] | Tramission-time: 0.001267428183180715
[347] Energy routing consumed by STARLINK-31399: 0.000000 J (remaining 78438.64)
[MODE: BIDIRECTIONAL]
[347][GREEDY] CONSEGNATO! STARLINK-11474 [DTC] -> OBS | Tramission-time: 2.6987960367622552e-11
----------------------------------------------------------------------
	||TIME IN SIMULATION : (seconds:182) (minutes: 3) ||

MODIFICA CONFIGURAZIONE IN CORSO...

Aggiornato il Tempo Globale:  2025-11-20 20:58:16
---> Task 348 (Type: CPU_Intensive) arriva in 182.56
--- [182.56] Task 348 using SearchNode Policy: v1_heuristic ---
[348] Filtro euristico: DTS-TMAX
[182.56] [Task 348] Routed STARLINK-11734 [DTC] -> STARLINK-31008 | E_NET=0.000022 J | Remaining=79999.87 J
[182.563] Task 348 enqueued on CPU STARLINK-31008 qlen_enqueue=1
---> Task 349 (Type: CPU_Intensive) arriva in 183.37
--- [183.37] Task 349 using SearchNode Policy: v1_heuristic ---
[349] Filtro euristico: DTS-TMAX
[183.37] [Task 349] Routed STARLINK-11734 [DTC] -> STARLINK-31702 | E_NET=0.000027 J | Remaining=79999.87 J
[183.368] Task 349 enqueued on CPU STARLINK-31702 qlen_enqueue=1
[Task 348] Task eseguito su STARLINK-31008 63.7569864097578 degrees | CPU=686.6680J, NET=0.0000J, TOTAL=686.6680J, Remaining=78299.53J
[183.425] Task 348 served on STARLINK-31008 qlen_enqueue_cpu=1 qlen_enqueue_net=None time_in_queue=0.000
[348][GREEDY] STARLINK-31008 -> STARLINK-11474 [DTC] | Tramission-time: 0.000633616010703555
[348] Energy routing consumed by STARLINK-31008: 0.000000 J (remaining 78299.53)
[MODE: BIDIRECTIONAL]
[348][GREEDY] CONSEGNATO! STARLINK-11474 [DTC] -> OBS | Tramission-time: 2.5195415902436087e-11
---> Task 350 (Type: CPU_and_Data_Intensive) arriva in 183.71
--- [183.71] Task 350 using SearchNode Policy: v1_heuristic ---
[350] Filtro euristico: DTS-TMAX
[183.71] [Task 350] Routed STARLINK-11734 [DTC] -> STARLINK-31782 | E_NET=0.003078 J | Remaining=79999.87 J
[183.715] Task 350 enqueued on CPU STARLINK-31782 qlen_enqueue=1
[Task 349] Task eseguito su STARLINK-31702 47.83255888675836 degrees | CPU=288.6433J, NET=0.0000J, TOTAL=288.6433J, Remaining=78690.78J
[183.732] Task 349 served on STARLINK-31702 qlen_enqueue_cpu=1 qlen_enqueue_net=None time_in_queue=0.000
[349][GREEDY] STARLINK-31702 -> STARLINK-11474 [DTC] | Tramission-time: 0.001111970511571737
[349] Energy routing consumed by STARLINK-31702: 0.000000 J (remaining 78690.78)
[MODE: BIDIRECTIONAL]
[349][GREEDY] CONSEGNATO! STARLINK-11474 [DTC] -> OBS | Tramission-time: 3.26941901125586e-11
[183.908] Task 350 enqueued on NET STARLINK-31782 qlen_enqueue_net=1
[Task 350] Task eseguito su STARLINK-31782 54.826273665691495 degrees | CPU=154.1365J, NET=0.0044J, TOTAL=154.1409J, Remaining=78821.98J
[183.912] Task 350 served on STARLINK-31782 qlen_enqueue_cpu=1 qlen_enqueue_net=1 time_in_queue=0.000
[350][GREEDY] STARLINK-31782 -> STARLINK-11474 [DTC] | Tramission-time: 0.0014095972647654217
[350] Energy routing consumed by STARLINK-31782: 0.000000 J (remaining 78821.98)
---> Task 351 (Type: Generic_Service) arriva in 183.96
--- [183.96] Task 351 using SearchNode Policy: v1_heuristic ---
[351] Filtro euristico: DTS-TMAX
[183.96] [Task 351] Routed STARLINK-11734 [DTC] -> STARLINK-3130 | E_NET=0.000010 J | Remaining=79999.87 J
[183.958] Task 351 enqueued on CPU STARLINK-3130 qlen_enqueue=1
----------------------------------------------------------------------
	||TIME IN SIMULATION : (seconds:184) (minutes: 3) ||

MODIFICA CONFIGURAZIONE IN CORSO...

Aggiornato il Tempo Globale:  2025-11-20 20:58:18
[MODE: BIDIRECTIONAL]
[350][GREEDY] CONSEGNATO! STARLINK-11474 [DTC] -> OBS | Tramission-time: 3.26665597795666e-09
[Task 351] Task eseguito su STARLINK-3130 50.05471216480279 degrees | CPU=65.2885J, NET=0.0000J, TOTAL=65.2885J, Remaining=78859.46J
[184.041] Task 351 served on STARLINK-3130 qlen_enqueue_cpu=1 qlen_enqueue_net=None time_in_queue=0.000
---> Task 352 (Type: CPU_and_Data_Intensive) arriva in 184.09
--- [184.09] Task 352 using SearchNode Policy: v1_heuristic ---
[352] Filtro euristico: DTS-TMAX
[184.09] [Task 352] Routed STARLINK-11734 [DTC] -> STARLINK-5939 | E_NET=0.006950 J | Remaining=79999.86 J
[184.096] Task 352 enqueued on CPU STARLINK-5939 qlen_enqueue=1
[351][GREEDY] STARLINK-3130 -> STARLINK-11474 [DTC] | Tramission-time: 0.0018468962372878677
[351] Energy routing consumed by STARLINK-3130: 0.000000 J (remaining 78859.46)
[MODE: BIDIRECTIONAL]
[351][GREEDY] CONSEGNATO! STARLINK-11474 [DTC] -> OBS | Tramission-time: 1.0608457891439588e-11
[184.251] Task 352 enqueued on NET STARLINK-5939 qlen_enqueue_net=1
[Task 352] Task eseguito su STARLINK-5939 75.74927144482689 degrees | CPU=124.0126J, NET=0.0083J, TOTAL=124.0208J, Remaining=78786.60J
[184.259] Task 352 served on STARLINK-5939 qlen_enqueue_cpu=1 qlen_enqueue_net=1 time_in_queue=0.000
[352][GREEDY] STARLINK-5939 -> STARLINK-11474 [DTC] | Tramission-time: 0.0006832347643719399
[352] Energy routing consumed by STARLINK-5939: 0.000000 J (remaining 78786.60)
[MODE: BIDIRECTIONAL]
[352][GREEDY] CONSEGNATO! STARLINK-11474 [DTC] -> OBS | Tramission-time: 6.270358315259683e-09
---> Task 353 (Type: CPU_Intensive) arriva in 184.77
--- [184.77] Task 353 using SearchNode Policy: v1_heuristic ---
[353] Filtro euristico: DTS-TMAX
[184.77] [Task 353] Routed STARLINK-11734 [DTC] -> STARLINK-31702 | E_NET=0.000016 J | Remaining=79999.86 J
[184.774] Task 353 enqueued on CPU STARLINK-31702 qlen_enqueue=1
[Task 353] Task eseguito su STARLINK-31702 47.625428445183054 degrees | CPU=6.9801J, NET=0.0000J, TOTAL=6.9801J, Remaining=78683.80J
[184.784] Task 353 served on STARLINK-31702 qlen_enqueue_cpu=1 qlen_enqueue_net=None time_in_queue=0.000
[353][GREEDY] STARLINK-31702 -> STARLINK-11474 [DTC] | Tramission-time: 0.0010990778327851446
[353] Energy routing consumed by STARLINK-31702: 0.000000 J (remaining 78683.80)
[MODE: BIDIRECTIONAL]
[353][GREEDY] CONSEGNATO! STARLINK-11474 [DTC] -> OBS | Tramission-time: 1.4177900619631438e-11
---> Task 354 (Type: CPU_Intensive) arriva in 185.40
--- [185.40] Task 354 using SearchNode Policy: v1_heuristic ---
[354] Filtro euristico: DTS-TMAX
[185.40] [Task 354] Routed STARLINK-11734 [DTC] -> STARLINK-31249 | E_NET=0.000027 J | Remaining=79999.86 J
[185.404] Task 354 enqueued on CPU STARLINK-31249 qlen_enqueue=1
----------------------------------------------------------------------
	||TIME IN SIMULATION : (seconds:186) (minutes: 3) ||

MODIFICA CONFIGURAZIONE IN CORSO...

Aggiornato il Tempo Globale:  2025-11-20 20:58:20
[Task 354] Task eseguito su STARLINK-31249 61.72622667181982 degrees | CPU=754.7324J, NET=0.0000J, TOTAL=754.7325J, Remaining=78149.58J
[186.351] Task 354 served on STARLINK-31249 qlen_enqueue_cpu=1 qlen_enqueue_net=None time_in_queue=0.000
---> Task 355 (Type: CPU_and_Data_Intensive) arriva in 186.37
--- [186.37] Task 355 using SearchNode Policy: v1_heuristic ---
[355] Filtro euristico: DTS-TMAX
[186.37] [Task 355] Routed STARLINK-11734 [DTC] -> STARLINK-3130 | E_NET=0.000652 J | Remaining=79999.86 J
[186.374] Task 355 enqueued on CPU STARLINK-3130 qlen_enqueue=1
[354][GREEDY] STARLINK-31249 -> STARLINK-11474 [DTC] | Tramission-time: 0.0006846777982677956
[354] Energy routing consumed by STARLINK-31249: 0.000000 J (remaining 78149.58)
[MODE: BIDIRECTIONAL]
[354][GREEDY] CONSEGNATO! STARLINK-11474 [DTC] -> OBS | Tramission-time: 3.579703667505291e-11
---> Task 356 (Type: Generic_Service) arriva in 186.46
--- [186.46] Task 356 using SearchNode Policy: v1_heuristic ---
[356] Filtro euristico: DTS-TMAX
[186.46] [Task 356] Routed STARLINK-11734 [DTC] -> STARLINK-30986 | E_NET=0.000014 J | Remaining=79999.86 J
[186.463] Task 356 enqueued on CPU STARLINK-30986 qlen_enqueue=1
---> Task 357 (Type: CPU_Intensive) arriva in 186.47
--- [186.47] Task 357 using SearchNode Policy: v1_heuristic ---
[357] Filtro euristico: DTS-TMAX
[186.47] [Task 357] Routed STARLINK-11734 [DTC] -> STARLINK-30900 | E_NET=0.000012 J | Remaining=79999.86 J
[186.473] Task 357 enqueued on CPU STARLINK-30900 qlen_enqueue=1
[Task 356] Task eseguito su STARLINK-30986 73.57914063629981 degrees | CPU=33.5357J, NET=0.0000J, TOTAL=33.5357J, Remaining=78812.51J
[186.506] Task 356 served on STARLINK-30986 qlen_enqueue_cpu=1 qlen_enqueue_net=None time_in_queue=0.000
---> Task 358 (Type: CPU_Intensive) arriva in 186.51
--- [186.51] Task 358 using SearchNode Policy: v1_heuristic ---
[358] Filtro euristico: DTS-TMAX
[186.51] [Task 358] Routed STARLINK-11734 [DTC] -> STARLINK-31782 | E_NET=0.000007 J | Remaining=79999.86 J
[186.515] Task 358 enqueued on CPU STARLINK-31782 qlen_enqueue=1
---> Task 359 (Type: Generic_Service) arriva in 186.52
--- [186.52] Task 359 using SearchNode Policy: v1_heuristic ---
[359] Filtro euristico: DTS-TMAX
[186.52] [Task 359] Routed STARLINK-11734 [DTC] -> STARLINK-5939 | E_NET=0.000015 J | Remaining=79999.86 J
[186.524] Task 359 enqueued on CPU STARLINK-5939 qlen_enqueue=1
[Task 359] Task eseguito su STARLINK-5939 74.84683172239815 degrees | CPU=10.8860J, NET=0.0000J, TOTAL=10.8860J, Remaining=78775.71J
[186.539] Task 359 served on STARLINK-5939 qlen_enqueue_cpu=1 qlen_enqueue_net=None time_in_queue=0.000
[359][GREEDY] STARLINK-5939 -> STARLINK-11474 [DTC] | Tramission-time: 0.0006849310363453615
[359] Energy routing consumed by STARLINK-5939: 0.000000 J (remaining 78775.71)
[356][GREEDY] STARLINK-30986 -> STARLINK-11474 [DTC] | Tramission-time: 0.0012080553508455668
[356] Energy routing consumed by STARLINK-30986: 0.000000 J (remaining 78812.51)
[MODE: BIDIRECTIONAL]
[359][GREEDY] CONSEGNATO! STARLINK-11474 [DTC] -> OBS | Tramission-time: 1.4665976272341113e-11
[186.557] Task 355 enqueued on NET STARLINK-3130 qlen_enqueue_net=1
[Task 355] Task eseguito su STARLINK-3130 50.48752600772771 degrees | CPU=146.5903J, NET=0.0008J, TOTAL=146.5911J, Remaining=78712.86J
[186.558] Task 355 served on STARLINK-3130 qlen_enqueue_cpu=1 qlen_enqueue_net=1 time_in_queue=0.000
[MODE: BIDIRECTIONAL]
[356][GREEDY] CONSEGNATO! STARLINK-11474 [DTC] -> OBS | Tramission-time: 1.4380421001555982e-11
[355][GREEDY] STARLINK-3130 -> STARLINK-11474 [DTC] | Tramission-time: 0.0018827718936861159
[355] Energy routing consumed by STARLINK-3130: 0.000000 J (remaining 78712.86)
[MODE: BIDIRECTIONAL]
[355][GREEDY] CONSEGNATO! STARLINK-11474 [DTC] -> OBS | Tramission-time: 6.485348866327085e-10
---> Task 360 (Type: Generic_Service) arriva in 186.84
--- [186.84] Task 360 using SearchNode Policy: v1_heuristic ---
[360] Filtro euristico: DTS-TMAX
[Task 360] Nessun server rimasto dopo i filtri (deadline/sunset).
[Task 360] REJECTED on STARLINK-11734 [DTC] due to: No suitable server found after deadline/sunset filters
---> Task 361 (Type: Generic_Service) arriva in 186.97
--- [186.97] Task 361 using SearchNode Policy: v1_heuristic ---
[361] Filtro euristico: DTS-TMAX
[186.97] [Task 361] Routed STARLINK-11734 [DTC] -> STARLINK-30986 | E_NET=0.000009 J | Remaining=79999.86 J
[186.970] Task 361 enqueued on CPU STARLINK-30986 qlen_enqueue=1
[Task 361] Task eseguito su STARLINK-30986 73.57914063629981 degrees | CPU=42.0689J, NET=0.0000J, TOTAL=42.0689J, Remaining=78770.44J
[187.024] Task 361 served on STARLINK-30986 qlen_enqueue_cpu=1 qlen_enqueue_net=None time_in_queue=0.000
[361][GREEDY] STARLINK-30986 -> STARLINK-11474 [DTC] | Tramission-time: 0.001208055342757085
[361] Energy routing consumed by STARLINK-30986: 0.000000 J (remaining 78770.44)
[MODE: BIDIRECTIONAL]
[361][GREEDY] CONSEGNATO! STARLINK-11474 [DTC] -> OBS | Tramission-time: 8.566288733545213e-12
---> Task 362 (Type: CPU_and_Data_Intensive) arriva in 187.10
--- [187.10] Task 362 using SearchNode Policy: v1_heuristic ---
[362] Filtro euristico: DTS-TMAX
[Task 362] Nessun server rimasto dopo i filtri (deadline/sunset).
[Task 362] REJECTED on STARLINK-11734 [DTC] due to: No suitable server found after deadline/sunset filters
---> Task 363 (Type: Generic_Service) arriva in 187.30
--- [187.30] Task 363 using SearchNode Policy: v1_heuristic ---
[363] Filtro euristico: DTS-TMAX
[187.30] [Task 363] Routed STARLINK-11734 [DTC] -> STARLINK-33816 | E_NET=0.000021 J | Remaining=79999.86 J
[187.306] Task 363 enqueued on CPU STARLINK-33816 qlen_enqueue=1
[Task 357] Task eseguito su STARLINK-30900 79.44261884195633 degrees | CPU=665.9288J, NET=0.0000J, TOTAL=665.9289J, Remaining=78156.76J
[187.308] Task 357 served on STARLINK-30900 qlen_enqueue_cpu=1 qlen_enqueue_net=None time_in_queue=0.000
[357][GREEDY] STARLINK-30900 -> STARLINK-11474 [DTC] | Tramission-time: 0.0010550358287319483
[357] Energy routing consumed by STARLINK-30900: 0.000000 J (remaining 78156.76)
[MODE: BIDIRECTIONAL]
[357][GREEDY] CONSEGNATO! STARLINK-11474 [DTC] -> OBS | Tramission-time: 1.0981812867844431e-11
[Task 363] Task eseguito su STARLINK-33816 46.24413638425999 degrees | CPU=70.0036J, NET=0.0000J, TOTAL=70.0036J, Remaining=78722.04J
[187.395] Task 363 served on STARLINK-33816 qlen_enqueue_cpu=1 qlen_enqueue_net=None time_in_queue=0.000
[363][GREEDY] STARLINK-33816 -> STARLINK-11474 [DTC] | Tramission-time: 0.0018095267056137028
[363] Energy routing consumed by STARLINK-33816: 0.000000 J (remaining 78722.04)
[MODE: BIDIRECTIONAL]
[363][GREEDY] CONSEGNATO! STARLINK-11474 [DTC] -> OBS | Tramission-time: 1.7867177379578198e-11
----------------------------------------------------------------------
	||TIME IN SIMULATION : (seconds:188) (minutes: 3) ||

MODIFICA CONFIGURAZIONE IN CORSO...

Aggiornato il Tempo Globale:  2025-11-20 20:58:22
[Task 358] Task eseguito su STARLINK-31782 58.09414315564474 degrees | CPU=1246.1757J, NET=0.0000J, TOTAL=1246.1757J, Remaining=77575.80J
[188.075] Task 358 served on STARLINK-31782 qlen_enqueue_cpu=1 qlen_enqueue_net=None time_in_queue=0.000
---> Task 364 (Type: CPU_and_Data_Intensive) arriva in 188.09
--- [188.09] Task 364 using SearchNode Policy: v1_heuristic ---
[364] Filtro euristico: DTS-TMAX
[188.09] [Task 364] Routed STARLINK-11734 [DTC] -> STARLINK-34965 | E_NET=0.000847 J | Remaining=79999.86 J
[188.095] Task 364 enqueued on CPU STARLINK-34965 qlen_enqueue=1
[358][GREEDY] STARLINK-31782 -> STARLINK-11474 [DTC] | Tramission-time: 0.001452620336624747
[358] Energy routing consumed by STARLINK-31782: 0.000000 J (remaining 77575.80)
[MODE: BIDIRECTIONAL]
[358][GREEDY] CONSEGNATO! STARLINK-11474 [DTC] -> OBS | Tramission-time: 7.631424485071817e-12
[188.292] Task 364 enqueued on NET STARLINK-34965 qlen_enqueue_net=1
[Task 364] Task eseguito su STARLINK-34965 49.34817566238194 degrees | CPU=157.0230J, NET=0.0010J, TOTAL=157.0240J, Remaining=78784.94J
[188.293] Task 364 served on STARLINK-34965 qlen_enqueue_cpu=1 qlen_enqueue_net=1 time_in_queue=0.000
[364][GREEDY] STARLINK-34965 -> STARLINK-11474 [DTC] | Tramission-time: 0.0020296849218923775
[364] Energy routing consumed by STARLINK-34965: 0.000000 J (remaining 78784.94)
[MODE: BIDIRECTIONAL]
[364][GREEDY] CONSEGNATO! STARLINK-11474 [DTC] -> OBS | Tramission-time: 7.170191299898039e-10
---> Task 365 (Type: CPU_and_Data_Intensive) arriva in 188.59
--- [188.59] Task 365 using SearchNode Policy: v1_heuristic ---
[365] Filtro euristico: DTS-TMAX
[188.59] [Task 365] Routed STARLINK-11734 [DTC] -> STARLINK-34965 | E_NET=0.001157 J | Remaining=79999.86 J
[188.592] Task 365 enqueued on CPU STARLINK-34965 qlen_enqueue=1
---> Task 366 (Type: CPU_Intensive) arriva in 188.84
--- [188.84] Task 366 using SearchNode Policy: v1_heuristic ---
[366] Filtro euristico: DTS-TMAX
[188.84] [Task 366] Routed STARLINK-11734 [DTC] -> STARLINK-5939 | E_NET=0.000008 J | Remaining=79999.86 J
[188.837] Task 366 enqueued on CPU STARLINK-5939 qlen_enqueue=1
---> Task 367 (Type: Generic_Service) arriva in 188.93
--- [188.93] Task 367 using SearchNode Policy: v1_heuristic ---
[367] Filtro euristico: DTS-TMAX
[188.93] [Task 367] Routed STARLINK-11734 [DTC] -> STARLINK-35307 | E_NET=0.000022 J | Remaining=79999.86 J
[188.933] Task 367 enqueued on CPU STARLINK-35307 qlen_enqueue=1
[Task 367] Task eseguito su STARLINK-35307 80.02807769579294 degrees | CPU=9.6651J, NET=0.0000J, TOTAL=9.6651J, Remaining=78717.24J
[188.947] Task 367 served on STARLINK-35307 qlen_enqueue_cpu=1 qlen_enqueue_net=None time_in_queue=0.000
[MODE: BIDIRECTIONAL]
[367][GREEDY] CONSEGNATO! STARLINK-35307 -> OBS | Tramission-time: 1.6565490122397516e-11
---> Task 368 (Type: CPU_and_Data_Intensive) arriva in 189.03
--- [189.03] Task 368 using SearchNode Policy: v1_heuristic ---
[368] Filtro euristico: DTS-TMAX
[189.03] [Task 368] Routed STARLINK-11734 [DTC] -> STARLINK-30986 | E_NET=0.005236 J | Remaining=79999.86 J
[189.036] Task 368 enqueued on CPU STARLINK-30986 qlen_enqueue=1
[Task 366] Task eseguito su STARLINK-5939 73.88027622426443 degrees | CPU=159.5940J, NET=0.0000J, TOTAL=159.5941J, Remaining=78616.12J
[189.037] Task 366 served on STARLINK-5939 qlen_enqueue_cpu=1 qlen_enqueue_net=None time_in_queue=0.000
[366][GREEDY] STARLINK-5939 -> STARLINK-11474 [DTC] | Tramission-time: 0.0006872196196705784
[366] Energy routing consumed by STARLINK-5939: 0.000000 J (remaining 78616.12)
[MODE: BIDIRECTIONAL]
[366][GREEDY] CONSEGNATO! STARLINK-11474 [DTC] -> OBS | Tramission-time: 7.440900108210456e-12
[189.150] Task 368 enqueued on NET STARLINK-30986 qlen_enqueue_net=1
[Task 368] Task eseguito su STARLINK-30986 74.06290742635764 degrees | CPU=91.1897J, NET=0.0072J, TOTAL=91.1969J, Remaining=78679.24J
[189.157] Task 368 served on STARLINK-30986 qlen_enqueue_cpu=1 qlen_enqueue_net=1 time_in_queue=0.000
[368][GREEDY] STARLINK-30986 -> STARLINK-11474 [DTC] | Tramission-time: 0.0012320855551562577
[368] Energy routing consumed by STARLINK-30986: 0.000000 J (remaining 78679.24)
[MODE: BIDIRECTIONAL]
[368][GREEDY] CONSEGNATO! STARLINK-11474 [DTC] -> OBS | Tramission-time: 5.158852456120793e-09
[189.305] Task 365 enqueued on NET STARLINK-34965 qlen_enqueue_net=1
[Task 365] Task eseguito su STARLINK-34965 49.34817566238194 degrees | CPU=569.7449J, NET=0.0014J, TOTAL=569.7462J, Remaining=78215.20J
[189.307] Task 365 served on STARLINK-34965 qlen_enqueue_cpu=1 qlen_enqueue_net=1 time_in_queue=0.000
[365][GREEDY] STARLINK-34965 -> STARLINK-11474 [DTC] | Tramission-time: 0.002029685321444099
[365] Energy routing consumed by STARLINK-34965: 0.000000 J (remaining 78215.20)
---> Task 369 (Type: CPU_and_Data_Intensive) arriva in 189.40
--- [189.40] Task 369 using SearchNode Policy: v1_heuristic ---
[369] Filtro euristico: DTS-TMAX
[189.40] [Task 369] Routed STARLINK-11734 [DTC] -> STARLINK-33816 | E_NET=0.007594 J | Remaining=79999.85 J
[189.412] Task 369 enqueued on CPU STARLINK-33816 qlen_enqueue=1
[MODE: BIDIRECTIONAL]
[365][GREEDY] CONSEGNATO! STARLINK-11474 [DTC] -> OBS | Tramission-time: 1.157936234967939e-09
[189.630] Task 369 enqueued on NET STARLINK-33816 qlen_enqueue_net=1
[Task 369] Task eseguito su STARLINK-33816 47.21709659958688 degrees | CPU=174.6971J, NET=0.0093J, TOTAL=174.7064J, Remaining=78547.33J
[189.640] Task 369 served on STARLINK-33816 qlen_enqueue_cpu=1 qlen_enqueue_net=1 time_in_queue=0.000
[369][GREEDY] STARLINK-33816 -> STARLINK-11474 [DTC] | Tramission-time: 0.0018149685424694315
[369] Energy routing consumed by STARLINK-33816: 0.000000 J (remaining 78547.33)
[MODE: BIDIRECTIONAL]
[369][GREEDY] CONSEGNATO! STARLINK-11474 [DTC] -> OBS | Tramission-time: 8.134121263835489e-09
----------------------------------------------------------------------
	||TIME IN SIMULATION : (seconds:190) (minutes: 3) ||

MODIFICA CONFIGURAZIONE IN CORSO...

Aggiornato il Tempo Globale:  2025-11-20 20:58:24
---> Task 370 (Type: CPU_and_Data_Intensive) arriva in 190.01
--- [190.01] Task 370 using SearchNode Policy: v1_heuristic ---
[370] Filtro euristico: DTS-TMAX
[190.01] [Task 370] Routed STARLINK-11734 [DTC] -> STARLINK-35307 | E_NET=0.000659 J | Remaining=79999.85 J
[190.010] Task 370 enqueued on CPU STARLINK-35307 qlen_enqueue=1
---> Task 371 (Type: Generic_Service) arriva in 190.43
--- [190.43] Task 371 using SearchNode Policy: v1_heuristic ---
[371] Filtro euristico: DTS-TMAX
[190.43] [Task 371] Routed STARLINK-11734 [DTC] -> STARLINK-3130 | E_NET=0.000032 J | Remaining=79999.85 J
[190.436] Task 371 enqueued on CPU STARLINK-3130 qlen_enqueue=1
[Task 371] Task eseguito su STARLINK-3130 51.283619230840095 degrees | CPU=17.0128J, NET=0.0000J, TOTAL=17.0128J, Remaining=78695.85J
[190.460] Task 371 served on STARLINK-3130 qlen_enqueue_cpu=1 qlen_enqueue_net=None time_in_queue=0.000
[371][GREEDY] STARLINK-3130 -> STARLINK-11474 [DTC] | Tramission-time: 0.0019576740475686694
[371] Energy routing consumed by STARLINK-3130: 0.000000 J (remaining 78695.85)
[MODE: BIDIRECTIONAL]
[371][GREEDY] CONSEGNATO! STARLINK-11474 [DTC] -> OBS | Tramission-time: 2.9722292308934976e-11
---> Task 372 (Type: CPU_Intensive) arriva in 190.69
--- [190.69] Task 372 using SearchNode Policy: v1_heuristic ---
[372] Filtro euristico: DTS-TMAX
[190.69] [Task 372] Routed STARLINK-11734 [DTC] -> STARLINK-3130 | E_NET=0.000019 J | Remaining=79999.85 J
[190.691] Task 372 enqueued on CPU STARLINK-3130 qlen_enqueue=1
---> Task 373 (Type: Generic_Service) arriva in 191.15
--- [191.15] Task 373 using SearchNode Policy: v1_heuristic ---
[373] Filtro euristico: DTS-TMAX
[191.15] [Task 373] Routed STARLINK-11734 [DTC] -> STARLINK-31702 | E_NET=0.000031 J | Remaining=79999.85 J
[191.149] Task 373 enqueued on CPU STARLINK-31702 qlen_enqueue=1
[191.215] Task 370 enqueued on NET STARLINK-35307 qlen_enqueue_net=1
[Task 370] Task eseguito su STARLINK-35307 80.02213181932602 degrees | CPU=962.8916J, NET=0.0007J, TOTAL=962.8924J, Remaining=77754.35J
[191.216] Task 370 served on STARLINK-35307 qlen_enqueue_cpu=1 qlen_enqueue_net=1 time_in_queue=0.000
[MODE: BIDIRECTIONAL]
[370][GREEDY] CONSEGNATO! STARLINK-35307 -> OBS | Tramission-time: 5.911851188988914e-10
[Task 373] Task eseguito su STARLINK-31702 46.82151664999977 degrees | CPU=90.6845J, NET=0.0000J, TOTAL=90.6845J, Remaining=78593.11J
[191.265] Task 373 served on STARLINK-31702 qlen_enqueue_cpu=1 qlen_enqueue_net=None time_in_queue=0.000
[Task 372] Task eseguito su STARLINK-3130 51.283619230840095 degrees | CPU=461.3790J, NET=0.0000J, TOTAL=461.3791J, Remaining=78234.47J
[191.270] Task 372 served on STARLINK-3130 qlen_enqueue_cpu=1 qlen_enqueue_net=None time_in_queue=0.000
[373][GREEDY] STARLINK-31702 -> STARLINK-11474 [DTC] | Tramission-time: 0.0010605438192711023
[373] Energy routing consumed by STARLINK-31702: 0.000000 J (remaining 78593.11)
[MODE: BIDIRECTIONAL]
[373][GREEDY] CONSEGNATO! STARLINK-11474 [DTC] -> OBS | Tramission-time: 2.9739129298706526e-11
[372][GREEDY] STARLINK-3130 -> STARLINK-11474 [DTC] | Tramission-time: 0.0019576740298919895
[372] Energy routing consumed by STARLINK-3130: 0.000000 J (remaining 78234.47)
[MODE: BIDIRECTIONAL]
[372][GREEDY] CONSEGNATO! STARLINK-11474 [DTC] -> OBS | Tramission-time: 1.7106584077614585e-11
----------------------------------------------------------------------
	||TIME IN SIMULATION : (seconds:192) (minutes: 3) ||

MODIFICA CONFIGURAZIONE IN CORSO...

Aggiornato il Tempo Globale:  2025-11-20 20:58:26
---> Task 374 (Type: CPU_Intensive) arriva in 192.31
--- [192.31] Task 374 using SearchNode Policy: v1_heuristic ---
[374] Filtro euristico: DTS-TMAX
[192.31] [Task 374] Routed STARLINK-11734 [DTC] -> STARLINK-35398 | E_NET=0.000026 J | Remaining=79999.85 J
[192.311] Task 374 enqueued on CPU STARLINK-35398 qlen_enqueue=1
[Task 374] Task eseguito su STARLINK-35398 64.6434349201671 degrees | CPU=42.6890J, NET=0.0000J, TOTAL=42.6891J, Remaining=78639.27J
[192.366] Task 374 served on STARLINK-35398 qlen_enqueue_cpu=1 qlen_enqueue_net=None time_in_queue=0.000
[MODE: BIDIRECTIONAL]
[374][GREEDY] CONSEGNATO! STARLINK-35398 -> OBS | Tramission-time: 2.1750838794349454e-11
---> Task 375 (Type: CPU_Intensive) arriva in 192.86
--- [192.86] Task 375 using SearchNode Policy: v1_heuristic ---
[375] Filtro euristico: DTS-TMAX
[192.86] [Task 375] Routed STARLINK-11734 [DTC] -> STARLINK-30986 | E_NET=0.000009 J | Remaining=79999.85 J
[192.863] Task 375 enqueued on CPU STARLINK-30986 qlen_enqueue=1
[Task 375] Task eseguito su STARLINK-30986 74.6928279214652 degrees | CPU=82.2178J, NET=0.0000J, TOTAL=82.2178J, Remaining=78597.02J
[192.967] Task 375 served on STARLINK-30986 qlen_enqueue_cpu=1 qlen_enqueue_net=None time_in_queue=0.000
[375][GREEDY] STARLINK-30986 -> STARLINK-11474 [DTC] | Tramission-time: 0.001281435876216094
[375] Energy routing consumed by STARLINK-30986: 0.000000 J (remaining 78597.02)
[MODE: BIDIRECTIONAL]
[375][GREEDY] CONSEGNATO! STARLINK-11474 [DTC] -> OBS | Tramission-time: 7.374004027991906e-12
---> Task 376 (Type: CPU_and_Data_Intensive) arriva in 193.19
--- [193.19] Task 376 using SearchNode Policy: v1_heuristic ---
[376] Filtro euristico: DTS-TMAX
[193.19] [Task 376] Routed STARLINK-11734 [DTC] -> STARLINK-11474 [DTC] | E_NET=0.005029 J | Remaining=79999.84 J
[193.196] Task 376 enqueued on CPU STARLINK-11474 [DTC] qlen_enqueue=1
---> Task 377 (Type: CPU_Intensive) arriva in 193.30
--- [193.30] Task 377 using SearchNode Policy: v1_heuristic ---
[377] Filtro euristico: DTS-TMAX
[193.30] [Task 377] Routed STARLINK-11734 [DTC] -> STARLINK-35398 | E_NET=0.000006 J | Remaining=79999.84 J
[193.299] Task 377 enqueued on CPU STARLINK-35398 qlen_enqueue=1
---> Task 378 (Type: CPU_and_Data_Intensive) arriva in 193.39
--- [193.39] Task 378 using SearchNode Policy: v1_heuristic ---
[378] Filtro euristico: DTS-TMAX
[193.39] [Task 378] Routed STARLINK-11734 [DTC] -> STARLINK-5939 | E_NET=0.000664 J | Remaining=79999.84 J
[193.388] Task 378 enqueued on CPU STARLINK-5939 qlen_enqueue=1
[Task 377] Task eseguito su STARLINK-35398 64.6434349201671 degrees | CPU=209.4138J, NET=0.0000J, TOTAL=209.4139J, Remaining=78429.86J
[193.561] Task 377 served on STARLINK-35398 qlen_enqueue_cpu=1 qlen_enqueue_net=None time_in_queue=0.000
[MODE: BIDIRECTIONAL]
[377][GREEDY] CONSEGNATO! STARLINK-35398 -> OBS | Tramission-time: 6.509146341764736e-12
[193.609] Task 378 enqueued on NET STARLINK-5939 qlen_enqueue_net=1
[Task 378] Task eseguito su STARLINK-5939 71.81026905184832 degrees | CPU=176.0503J, NET=0.0007J, TOTAL=176.0510J, Remaining=78440.07J
[193.609] Task 378 served on STARLINK-5939 qlen_enqueue_cpu=1 qlen_enqueue_net=1 time_in_queue=0.000
---> Task 379 (Type: CPU_Intensive) arriva in 193.66
--- [193.66] Task 379 using SearchNode Policy: v1_heuristic ---
[379] Filtro euristico: DTS-TMAX
[193.66] [Task 379] Routed STARLINK-11734 [DTC] -> STARLINK-5843 | E_NET=0.000035 J | Remaining=79999.84 J
[193.663] Task 379 enqueued on CPU STARLINK-5843 qlen_enqueue=1
[378][GREEDY] STARLINK-5939 -> STARLINK-11474 [DTC] | Tramission-time: 0.0006935326494229325
[378] Energy routing consumed by STARLINK-5939: 0.000000 J (remaining 78440.07)
[MODE: BIDIRECTIONAL]
[378][GREEDY] CONSEGNATO! STARLINK-11474 [DTC] -> OBS | Tramission-time: 4.837433447733482e-10
---> Task 380 (Type: CPU_Intensive) arriva in 193.99
--- [193.99] Task 380 using SearchNode Policy: v1_heuristic ---
[380] Filtro euristico: DTS-TMAX
[193.99] [Task 380] Routed STARLINK-11734 [DTC] -> STARLINK-30986 | E_NET=0.000016 J | Remaining=79999.84 J
[193.991] Task 380 enqueued on CPU STARLINK-30986 qlen_enqueue=1
----------------------------------------------------------------------
	||TIME IN SIMULATION : (seconds:194) (minutes: 3) ||

MODIFICA CONFIGURAZIONE IN CORSO...

Aggiornato il Tempo Globale:  2025-11-20 20:58:28
[Task 379] Task eseguito su STARLINK-5843 51.23865857588161 degrees | CPU=415.5535J, NET=0.0000J, TOTAL=415.5536J, Remaining=78190.10J
[194.186] Task 379 served on STARLINK-5843 qlen_enqueue_cpu=1 qlen_enqueue_net=None time_in_queue=0.000
[379][GREEDY] STARLINK-5843 -> STARLINK-11474 [DTC] | Tramission-time: 0.0013351181107272925
[379] Energy routing consumed by STARLINK-5843: 0.000000 J (remaining 78190.10)
[MODE: BIDIRECTIONAL]
[379][GREEDY] CONSEGNATO! STARLINK-11474 [DTC] -> OBS | Tramission-time: 2.5193590987724253e-11
---> Task 381 (Type: CPU_and_Data_Intensive) arriva in 194.53
--- [194.53] Task 381 using SearchNode Policy: v1_heuristic ---
[381] Filtro euristico: DTS-TMAX
[194.53] [Task 381] Routed STARLINK-11734 [DTC] -> STARLINK-31702 | E_NET=0.000087 J | Remaining=79999.84 J
[194.536] Task 381 enqueued on CPU STARLINK-31702 qlen_enqueue=1
[194.578] Task 376 enqueued on NET STARLINK-11474 [DTC] qlen_enqueue_net=1
[Task 376] Task eseguito su STARLINK-11474 [DTC] 62.427931454965076 degrees | CPU=1104.2791J, NET=0.0067J, TOTAL=1104.2858J, Remaining=77555.79J
[194.585] Task 376 served on STARLINK-11474 [DTC] qlen_enqueue_cpu=1 qlen_enqueue_net=1 time_in_queue=0.000
[MODE: BIDIRECTIONAL]
[376][GREEDY] CONSEGNATO! STARLINK-11474 [DTC] -> OBS | Tramission-time: 4.810041693149518e-09
[Task 380] Task eseguito su STARLINK-30986 74.82218407444036 degrees | CPU=625.2487J, NET=0.0000J, TOTAL=625.2487J, Remaining=77971.77J
[194.774] Task 380 served on STARLINK-30986 qlen_enqueue_cpu=1 qlen_enqueue_net=None time_in_queue=0.000
[380][GREEDY] STARLINK-30986 -> STARLINK-11474 [DTC] | Tramission-time: 0.0013067156946015674
[380] Energy routing consumed by STARLINK-30986: 0.000000 J (remaining 77971.77)
[MODE: BIDIRECTIONAL]
[380][GREEDY] CONSEGNATO! STARLINK-11474 [DTC] -> OBS | Tramission-time: 1.1750323028204656e-11
---> Task 382 (Type: Generic_Service) arriva in 195.60
--- [195.60] Task 382 using SearchNode Policy: v1_heuristic ---
[382] Filtro euristico: DTS-TMAX
[195.60] [Task 382] Routed STARLINK-11734 [DTC] -> STARLINK-32743 | E_NET=0.000016 J | Remaining=79999.84 J
[195.606] Task 382 enqueued on CPU STARLINK-32743 qlen_enqueue=1
[Task 382] Task eseguito su STARLINK-32743 52.256760344630514 degrees | CPU=62.5359J, NET=0.0000J, TOTAL=62.5359J, Remaining=78515.33J
[195.686] Task 382 served on STARLINK-32743 qlen_enqueue_cpu=1 qlen_enqueue_net=None time_in_queue=0.000
[382][GREEDY] STARLINK-32743 -> STARLINK-11474 [DTC] | Tramission-time: 0.001453768836680781
[382] Energy routing consumed by STARLINK-32743: 0.000000 J (remaining 78515.33)
[MODE: BIDIRECTIONAL]
[382][GREEDY] CONSEGNATO! STARLINK-11474 [DTC] -> OBS | Tramission-time: 1.9653659230934077e-11
----------------------------------------------------------------------
	||TIME IN SIMULATION : (seconds:196) (minutes: 3) ||

MODIFICA CONFIGURAZIONE IN CORSO...

Aggiornato il Tempo Globale:  2025-11-20 20:58:30
---> Task 383 (Type: CPU_Intensive) arriva in 196.04
--- [196.04] Task 383 using SearchNode Policy: v1_heuristic ---
[383] Filtro euristico: DTS-TMAX
[196.04] [Task 383] Routed STARLINK-11734 [DTC] -> STARLINK-31207 | E_NET=0.000015 J | Remaining=79999.84 J
[196.036] Task 383 enqueued on CPU STARLINK-31207 qlen_enqueue=1
[196.088] Task 381 enqueued on NET STARLINK-31702 qlen_enqueue_net=1
[Task 381] Task eseguito su STARLINK-31702 45.77577114151845 degrees | CPU=1240.2962J, NET=0.0001J, TOTAL=1240.2963J, Remaining=77352.82J
[196.088] Task 381 served on STARLINK-31702 qlen_enqueue_cpu=1 qlen_enqueue_net=1 time_in_queue=0.000
---> Task 384 (Type: Generic_Service) arriva in 196.15
--- [196.15] Task 384 using SearchNode Policy: v1_heuristic ---
[384] Filtro euristico: DTS-TMAX
[196.15] [Task 384] Routed STARLINK-11734 [DTC] -> STARLINK-33816 | E_NET=0.000032 J | Remaining=79999.84 J
[196.148] Task 384 enqueued on CPU STARLINK-33816 qlen_enqueue=1
[381][GREEDY] STARLINK-31702 -> STARLINK-11474 [DTC] | Tramission-time: 0.0010222504618860046
[381] Energy routing consumed by STARLINK-31702: 0.000000 J (remaining 77352.82)
[MODE: BIDIRECTIONAL]
[381][GREEDY] CONSEGNATO! STARLINK-11474 [DTC] -> OBS | Tramission-time: 8.268107366422099e-11
---> Task 385 (Type: Generic_Service) arriva in 196.19
--- [196.19] Task 385 using SearchNode Policy: v1_heuristic ---
[385] Filtro euristico: DTS-TMAX
[196.19] [Task 385] Routed STARLINK-11734 [DTC] -> STARLINK-11474 [DTC] | E_NET=0.000005 J | Remaining=79999.84 J
[196.190] Task 385 enqueued on CPU STARLINK-11474 [DTC] qlen_enqueue=1
[Task 385] Task eseguito su STARLINK-11474 [DTC] 60.78540025340306 degrees | CPU=3.3042J, NET=0.0000J, TOTAL=3.3042J, Remaining=77552.48J
[196.194] Task 385 served on STARLINK-11474 [DTC] qlen_enqueue_cpu=1 qlen_enqueue_net=None time_in_queue=0.000
[Task 384] Task eseguito su STARLINK-33816 51.361571789018704 degrees | CPU=71.9046J, NET=0.0000J, TOTAL=71.9046J, Remaining=78475.43J
[196.240] Task 384 served on STARLINK-33816 qlen_enqueue_cpu=1 qlen_enqueue_net=None time_in_queue=0.000
[MODE: BIDIRECTIONAL]
[385][GREEDY] CONSEGNATO! STARLINK-11474 [DTC] -> OBS | Tramission-time: 6.833735581064458e-12
[384][GREEDY] STARLINK-33816 -> STARLINK-11474 [DTC] | Tramission-time: 0.0018403176491410802
[384] Energy routing consumed by STARLINK-33816: 0.000000 J (remaining 78475.43)
[MODE: BIDIRECTIONAL]
[384][GREEDY] CONSEGNATO! STARLINK-11474 [DTC] -> OBS | Tramission-time: 3.148703556295916e-11
[Task 383] Task eseguito su STARLINK-31207 81.16284694396202 degrees | CPU=681.1675J, NET=0.0000J, TOTAL=681.1675J, Remaining=77889.69J
[196.890] Task 383 served on STARLINK-31207 qlen_enqueue_cpu=1 qlen_enqueue_net=None time_in_queue=0.000
[MODE: BIDIRECTIONAL]
[383][GREEDY] CONSEGNATO! STARLINK-31207 -> OBS | Tramission-time: 1.525989237446319e-11
---> Task 386 (Type: Generic_Service) arriva in 197.71
--- [197.71] Task 386 using SearchNode Policy: v1_heuristic ---
[386] Filtro euristico: DTS-TMAX
[197.71] [Task 386] Routed STARLINK-11734 [DTC] -> STARLINK-5939 | E_NET=0.000009 J | Remaining=79999.84 J
[197.714] Task 386 enqueued on CPU STARLINK-5939 qlen_enqueue=1
[Task 386] Task eseguito su STARLINK-5939 69.62788263891807 degrees | CPU=7.1070J, NET=0.0000J, TOTAL=7.1071J, Remaining=78432.96J
[197.724] Task 386 served on STARLINK-5939 qlen_enqueue_cpu=1 qlen_enqueue_net=None time_in_queue=0.000
[386][GREEDY] STARLINK-5939 -> STARLINK-11474 [DTC] | Tramission-time: 0.0007021034973921482
[386] Energy routing consumed by STARLINK-5939: 0.000000 J (remaining 78432.96)
[MODE: BIDIRECTIONAL]
[386][GREEDY] CONSEGNATO! STARLINK-11474 [DTC] -> OBS | Tramission-time: 1.1191308878508928e-11
---> Task 387 (Type: CPU_Intensive) arriva in 197.96
--- [197.96] Task 387 using SearchNode Policy: v1_heuristic ---
[387] Filtro euristico: DTS-TMAX
[197.96] [Task 387] Routed STARLINK-11734 [DTC] -> STARLINK-32743 | E_NET=0.000029 J | Remaining=79999.84 J
[197.966] Task 387 enqueued on CPU STARLINK-32743 qlen_enqueue=1
----------------------------------------------------------------------
	||TIME IN SIMULATION : (seconds:198) (minutes: 3) ||

MODIFICA CONFIGURAZIONE IN CORSO...

Aggiornato il Tempo Globale:  2025-11-20 20:58:32
---> Task 388 (Type: Generic_Service) arriva in 198.09
--- [198.09] Task 388 using SearchNode Policy: v1_heuristic ---
[388] Filtro euristico: DTS-TMAX
[198.09] [Task 388] Routed STARLINK-11734 [DTC] -> STARLINK-4472 | E_NET=0.000025 J | Remaining=79999.84 J
[198.095] Task 388 enqueued on CPU STARLINK-4472 qlen_enqueue=1
[Task 388] Task eseguito su STARLINK-4472 59.050613548344145 degrees | CPU=10.1004J, NET=0.0000J, TOTAL=10.1004J, Remaining=78443.20J
[198.110] Task 388 served on STARLINK-4472 qlen_enqueue_cpu=1 qlen_enqueue_net=None time_in_queue=0.000
[388][GREEDY] STARLINK-4472 -> STARLINK-11474 [DTC] | Tramission-time: 0.000890161622632197
[388] Energy routing consumed by STARLINK-4472: 0.000000 J (remaining 78443.20)
[MODE: BIDIRECTIONAL]
[388][GREEDY] CONSEGNATO! STARLINK-11474 [DTC] -> OBS | Tramission-time: 2.174862749806915e-11
---> Task 389 (Type: CPU_Intensive) arriva in 198.53
--- [198.53] Task 389 using SearchNode Policy: v1_heuristic ---
[389] Filtro euristico: DTS-TMAX
[198.53] [Task 389] Routed STARLINK-11734 [DTC] -> STARLINK-11724 [DTC] | E_NET=0.000004 J | Remaining=79999.84 J
[198.528] Task 389 enqueued on CPU STARLINK-11724 [DTC] qlen_enqueue=1
---> Task 390 (Type: Generic_Service) arriva in 198.96
--- [198.96] Task 390 using SearchNode Policy: v1_heuristic ---
[390] Filtro euristico: DTS-TMAX
[198.96] [Task 390] Routed STARLINK-11734 [DTC] -> STARLINK-33816 | E_NET=0.000024 J | Remaining=79999.84 J
[198.966] Task 390 enqueued on CPU STARLINK-33816 qlen_enqueue=1
[Task 389] Task eseguito su STARLINK-11724 [DTC] 40.85911580128424 degrees | CPU=399.8197J, NET=0.0000J, TOTAL=399.8197J, Remaining=79600.18J
[199.028] Task 389 served on STARLINK-11724 [DTC] qlen_enqueue_cpu=1 qlen_enqueue_net=None time_in_queue=0.000
[Task 390] Task eseguito su STARLINK-33816 52.462368043887636 degrees | CPU=71.2104J, NET=0.0000J, TOTAL=71.2104J, Remaining=78404.22J
[199.057] Task 390 served on STARLINK-33816 qlen_enqueue_cpu=1 qlen_enqueue_net=None time_in_queue=0.000
[390][GREEDY] STARLINK-33816 -> STARLINK-11474 [DTC] | Tramission-time: 0.0018475426233418983
[390] Energy routing consumed by STARLINK-33816: 0.000000 J (remaining 78404.22)
[389][GREEDY] STARLINK-11724 [DTC] -> STARLINK-11474 [DTC] | Tramission-time: 0.0015933880474253842
[389] Energy routing consumed by STARLINK-11724 [DTC]: 0.000000 J (remaining 79600.18)
[MODE: BIDIRECTIONAL]
[390][GREEDY] CONSEGNATO! STARLINK-11474 [DTC] -> OBS | Tramission-time: 2.34838914914994e-11
---> Task 391 (Type: Generic_Service) arriva in 199.23
--- [199.23] Task 391 using SearchNode Policy: v1_heuristic ---
[391] Filtro euristico: DTS-TMAX
[199.23] [Task 391] Routed STARLINK-11734 [DTC] -> STARLINK-5939 | E_NET=0.000035 J | Remaining=79999.84 J
[199.228] Task 391 enqueued on CPU STARLINK-5939 qlen_enqueue=1
[Task 391] Task eseguito su STARLINK-5939 68.5142210944699 degrees | CPU=7.1376J, NET=0.0000J, TOTAL=7.1377J, Remaining=78425.82J
[199.240] Task 391 served on STARLINK-5939 qlen_enqueue_cpu=1 qlen_enqueue_net=None time_in_queue=0.000
[391][GREEDY] STARLINK-5939 -> STARLINK-11474 [DTC] | Tramission-time: 0.0007072112465581634
[391] Energy routing consumed by STARLINK-5939: 0.000000 J (remaining 78425.82)
[MODE: BIDIRECTIONAL]
[389][GREEDY] CONSEGNATO! STARLINK-11474 [DTC] -> OBS | Tramission-time: 3.812408274849287e-12
---> Task 392 (Type: CPU_Intensive) arriva in 199.38
--- [199.38] Task 392 using SearchNode Policy: v1_heuristic ---
[392] Filtro euristico: DTS-TMAX
[199.38] [Task 392] Routed STARLINK-11734 [DTC] -> STARLINK-11724 [DTC] | E_NET=0.000018 J | Remaining=79999.84 J
[MODE: BIDIRECTIONAL]
[391][GREEDY] CONSEGNATO! STARLINK-11474 [DTC] -> OBS | Tramission-time: 3.294879932622292e-11
[199.379] Task 392 enqueued on CPU STARLINK-11724 [DTC] qlen_enqueue=1
---> Task 393 (Type: CPU_and_Data_Intensive) arriva in 199.50
--- [199.50] Task 393 using SearchNode Policy: v1_heuristic ---
[393] Filtro euristico: DTS-TMAX
[199.50] [Task 393] Routed STARLINK-11734 [DTC] -> STARLINK-4472 | E_NET=0.007151 J | Remaining=79999.83 J
[199.508] Task 393 enqueued on CPU STARLINK-4472 qlen_enqueue=1
[Task 387] Task eseguito su STARLINK-32743 54.03962055531931 degrees | CPU=1271.1458J, NET=0.0000J, TOTAL=1271.1458J, Remaining=77244.18J
[199.559] Task 387 served on STARLINK-32743 qlen_enqueue_cpu=1 qlen_enqueue_net=None time_in_queue=0.000
[387][GREEDY] STARLINK-32743 -> STARLINK-11474 [DTC] | Tramission-time: 0.0014449326414033583
[387] Energy routing consumed by STARLINK-32743: 0.000000 J (remaining 77244.18)
[199.654] Task 393 enqueued on NET STARLINK-4472 qlen_enqueue_net=1
[Task 393] Task eseguito su STARLINK-4472 59.050613548344145 degrees | CPU=116.8558J, NET=0.0073J, TOTAL=116.8631J, Remaining=78326.34J
[199.662] Task 393 served on STARLINK-4472 qlen_enqueue_cpu=1 qlen_enqueue_net=1 time_in_queue=0.000
[393][GREEDY] STARLINK-4472 -> STARLINK-11474 [DTC] | Tramission-time: 0.0008901684265348771
[393] Energy routing consumed by STARLINK-4472: 0.000000 J (remaining 78326.34)
[MODE: BIDIRECTIONAL]
[387][GREEDY] CONSEGNATO! STARLINK-11474 [DTC] -> OBS | Tramission-time: 2.4411880851571593e-11
[MODE: BIDIRECTIONAL]
[393][GREEDY] CONSEGNATO! STARLINK-11474 [DTC] -> OBS | Tramission-time: 5.252332253644947e-09
[Task 392] Task eseguito su STARLINK-11724 [DTC] 40.85911580128424 degrees | CPU=457.5021J, NET=0.0000J, TOTAL=457.5022J, Remaining=79142.68J
[199.953] Task 392 served on STARLINK-11724 [DTC] qlen_enqueue_cpu=1 qlen_enqueue_net=None time_in_queue=0.000
[392][GREEDY] STARLINK-11724 [DTC] -> STARLINK-11474 [DTC] | Tramission-time: 0.0015933880651560655
[392] Energy routing consumed by STARLINK-11724 [DTC]: 0.000000 J (remaining 79142.68)
----------------------------------------------------------------------
	||TIME IN SIMULATION : (seconds:200) (minutes: 3) ||

MODIFICA CONFIGURAZIONE IN CORSO...

Aggiornato il Tempo Globale:  2025-11-20 20:58:34
[MODE: BIDIRECTIONAL]
[392][GREEDY] CONSEGNATO! STARLINK-11474 [DTC] -> OBS | Tramission-time: 1.8951213450195587e-11
---> Task 394 (Type: CPU_Intensive) arriva in 201.28
--- [201.28] Task 394 using SearchNode Policy: v1_heuristic ---
[394] Filtro euristico: DTS-TMAX
[201.28] [Task 394] Routed STARLINK-11734 [DTC] -> STARLINK-30506 | E_NET=0.000013 J | Remaining=79999.83 J
[201.279] Task 394 enqueued on CPU STARLINK-30506 qlen_enqueue=1
[Task 394] Task eseguito su STARLINK-30506 40.298621237627074 degrees | CPU=163.5770J, NET=0.0000J, TOTAL=163.5770J, Remaining=79836.42J
[201.484] Task 394 served on STARLINK-30506 qlen_enqueue_cpu=1 qlen_enqueue_net=None time_in_queue=0.000
[394][GREEDY] STARLINK-30506 -> STARLINK-11734 [DTC] | Tramission-time: 0.0021120197049406472
[394] Energy routing consumed by STARLINK-30506: 0.000000 J (remaining 79836.42)
[MODE: BIDIRECTIONAL]
[394][GREEDY] CONSEGNATO! STARLINK-11734 [DTC] -> OBS | Tramission-time: 1.151338238145888e-11
----------------------------------------------------------------------
	||TIME IN SIMULATION : (seconds:202) (minutes: 3) ||

MODIFICA CONFIGURAZIONE IN CORSO...

Aggiornato il Tempo Globale:  2025-11-20 20:58:36
---> Task 395 (Type: CPU_and_Data_Intensive) arriva in 202.33
--- [202.33] Task 395 using SearchNode Policy: v1_heuristic ---
[395] Filtro euristico: DTS-TMAX
[202.33] [Task 395] Routed STARLINK-11734 [DTC] -> STARLINK-30506 | E_NET=0.001755 J | Remaining=79999.83 J
[202.332] Task 395 enqueued on CPU STARLINK-30506 qlen_enqueue=1
[203.084] Task 395 enqueued on NET STARLINK-30506 qlen_enqueue_net=1
[Task 395] Task eseguito su STARLINK-30506 40.68404573265809 degrees | CPU=600.4590J, NET=0.0020J, TOTAL=600.4609J, Remaining=79235.96J
[203.086] Task 395 served on STARLINK-30506 qlen_enqueue_cpu=1 qlen_enqueue_net=1 time_in_queue=0.000
[395][GREEDY] STARLINK-30506 -> STARLINK-11734 [DTC] | Tramission-time: 0.002121611585330817
[395] Energy routing consumed by STARLINK-30506: 0.000000 J (remaining 79235.96)
[MODE: BIDIRECTIONAL]
[395][GREEDY] CONSEGNATO! STARLINK-11734 [DTC] -> OBS | Tramission-time: 1.8251142511520906e-09
----------------------------------------------------------------------
	||TIME IN SIMULATION : (seconds:204) (minutes: 3) ||

MODIFICA CONFIGURAZIONE IN CORSO...

Aggiornato il Tempo Globale:  2025-11-20 20:58:38
---> Task 396 (Type: CPU_Intensive) arriva in 204.47
--- [204.47] Task 396 using SearchNode Policy: v1_heuristic ---
[396] Filtro euristico: DTS-TMAX
[204.47] [Task 396] Routed STARLINK-11734 [DTC] -> STARLINK-30506 | E_NET=0.000020 J | Remaining=79999.83 J
[204.477] Task 396 enqueued on CPU STARLINK-30506 qlen_enqueue=1
---> Task 397 (Type: CPU_Intensive) arriva in 204.51
--- [204.51] Task 397 using SearchNode Policy: v1_heuristic ---
[397] Filtro euristico: DTS-TMAX
[204.51] [Task 397] Routed STARLINK-11734 [DTC] -> STARLINK-11724 [DTC] | E_NET=0.000017 J | Remaining=79999.83 J
[204.507] Task 397 enqueued on CPU STARLINK-11724 [DTC] qlen_enqueue=1
[Task 397] Task eseguito su STARLINK-11724 [DTC] 43.516644460513405 degrees | CPU=72.0951J, NET=0.0000J, TOTAL=72.0952J, Remaining=79070.58J
[204.598] Task 397 served on STARLINK-11724 [DTC] qlen_enqueue_cpu=1 qlen_enqueue_net=None time_in_queue=0.000
[397][GREEDY] STARLINK-11724 [DTC] -> STARLINK-11734 [DTC] | Tramission-time: 0.001463524110816762
[397] Energy routing consumed by STARLINK-11724 [DTC]: 0.000000 J (remaining 79070.58)
[Task 396] Task eseguito su STARLINK-30506 41.06182919631471 degrees | CPU=188.9525J, NET=0.0000J, TOTAL=188.9525J, Remaining=79047.01J
[204.715] Task 396 served on STARLINK-30506 qlen_enqueue_cpu=1 qlen_enqueue_net=None time_in_queue=0.000
[MODE: BIDIRECTIONAL]
[397][GREEDY] CONSEGNATO! STARLINK-11734 [DTC] -> OBS | Tramission-time: 1.624170449106067e-11
[396][GREEDY] STARLINK-30506 -> STARLINK-11734 [DTC] | Tramission-time: 0.002131786366985504
[396] Energy routing consumed by STARLINK-30506: 0.000000 J (remaining 79047.01)
[MODE: BIDIRECTIONAL]
[396][GREEDY] CONSEGNATO! STARLINK-11734 [DTC] -> OBS | Tramission-time: 1.9142871589332906e-11
---> Task 398 (Type: CPU_Intensive) arriva in 205.02
--- [205.02] Task 398 using SearchNode Policy: v1_heuristic ---
[398] Filtro euristico: DTS-TMAX
[205.02] [Task 398] Routed STARLINK-11734 [DTC] -> STARLINK-11724 [DTC] | E_NET=0.000028 J | Remaining=79999.83 J
[205.021] Task 398 enqueued on CPU STARLINK-11724 [DTC] qlen_enqueue=1
---> Task 399 (Type: Generic_Service) arriva in 205.20
--- [205.20] Task 399 using SearchNode Policy: v1_heuristic ---
[399] Filtro euristico: DTS-TMAX
[205.20] [Task 399] Routed STARLINK-11734 [DTC] -> STARLINK-30506 | E_NET=0.000005 J | Remaining=79999.83 J
[205.201] Task 399 enqueued on CPU STARLINK-30506 qlen_enqueue=1
---> Task 400 (Type: CPU_and_Data_Intensive) arriva in 205.21
--- [205.21] Task 400 using SearchNode Policy: v1_heuristic ---
[400] Filtro euristico: DTS-TMAX
[205.21] [Task 400] Routed STARLINK-11734 [DTC] -> STARLINK-31399 | E_NET=0.000377 J | Remaining=79999.83 J
[205.215] Task 400 enqueued on CPU STARLINK-31399 qlen_enqueue=1
[Task 399] Task eseguito su STARLINK-30506 41.06182919631471 degrees | CPU=120.4743J, NET=0.0000J, TOTAL=120.4744J, Remaining=78926.54J
[205.352] Task 399 served on STARLINK-30506 qlen_enqueue_cpu=1 qlen_enqueue_net=None time_in_queue=0.000
[399][GREEDY] STARLINK-30506 -> STARLINK-11734 [DTC] | Tramission-time: 0.002131786355299986
[399] Energy routing consumed by STARLINK-30506: 0.000000 J (remaining 78926.54)
[MODE: BIDIRECTIONAL]
[399][GREEDY] CONSEGNATO! STARLINK-11734 [DTC] -> OBS | Tramission-time: 5.75694671754009e-12
---> Task 401 (Type: CPU_Intensive) arriva in 205.50
--- [205.50] Task 401 using SearchNode Policy: v1_heuristic ---
[401] Filtro euristico: DTS-TMAX
[205.50] [Task 401] Routed STARLINK-11734 [DTC] -> STARLINK-11724 [DTC] | E_NET=0.000013 J | Remaining=79999.83 J
[205.498] Task 401 enqueued on CPU STARLINK-11724 [DTC] qlen_enqueue=2
[Task 398] Task eseguito su STARLINK-11724 [DTC] 43.516644460513405 degrees | CPU=388.1759J, NET=0.0000J, TOTAL=388.1759J, Remaining=78682.41J
[205.509] Task 398 served on STARLINK-11724 [DTC] qlen_enqueue_cpu=1 qlen_enqueue_net=None time_in_queue=0.000
[398][GREEDY] STARLINK-11724 [DTC] -> STARLINK-11734 [DTC] | Tramission-time: 0.0014635241138748775
[398] Energy routing consumed by STARLINK-11724 [DTC]: 0.000000 J (remaining 78682.41)
[205.663] Task 400 enqueued on NET STARLINK-31399 qlen_enqueue_net=1
---> Task 402 (Type: CPU_Intensive) arriva in 205.66
--- [205.66] Task 402 using SearchNode Policy: v1_heuristic ---
[402] Filtro euristico: DTS-TMAX
[205.66] [Task 402] Routed STARLINK-11734 [DTC] -> STARLINK-30506 | E_NET=0.000008 J | Remaining=79999.83 J
[Task 400] Task eseguito su STARLINK-31399 68.89906441613148 degrees | CPU=358.2673J, NET=0.0004J, TOTAL=358.2677J, Remaining=78080.38J
[205.663] Task 400 served on STARLINK-31399 qlen_enqueue_cpu=1 qlen_enqueue_net=1 time_in_queue=0.000
[205.665] Task 402 enqueued on CPU STARLINK-30506 qlen_enqueue=1
[400][GREEDY] STARLINK-31399 -> STARLINK-11734 [DTC] | Tramission-time: 0.0013122853774875313
[400] Energy routing consumed by STARLINK-31399: 0.000000 J (remaining 78080.38)
[MODE: BIDIRECTIONAL]
[398][GREEDY] CONSEGNATO! STARLINK-11734 [DTC] -> OBS | Tramission-time: 2.215092667630745e-11
[MODE: BIDIRECTIONAL]
[400][GREEDY] CONSEGNATO! STARLINK-11734 [DTC] -> OBS | Tramission-time: 3.1022637892758415e-10
---> Task 403 (Type: Generic_Service) arriva in 205.98
--- [205.98] Task 403 using SearchNode Policy: v1_heuristic ---
[403] Filtro euristico: DTS-TMAX
[205.98] [Task 403] Routed STARLINK-11734 [DTC] -> STARLINK-11474 [DTC] | E_NET=0.000009 J | Remaining=79999.83 J
[205.976] Task 403 enqueued on CPU STARLINK-11474 [DTC] qlen_enqueue=1
[Task 403] Task eseguito su STARLINK-11474 [DTC] 54.46685774459013 degrees | CPU=1.0180J, NET=0.0000J, TOTAL=1.0180J, Remaining=77551.46J
[205.978] Task 403 served on STARLINK-11474 [DTC] qlen_enqueue_cpu=1 qlen_enqueue_net=None time_in_queue=0.000
---> Task 404 (Type: CPU_Intensive) arriva in 205.98
--- [205.98] Task 404 using SearchNode Policy: v1_heuristic ---
[404] Filtro euristico: DTS-TMAX
[205.98] [Task 404] Routed STARLINK-11734 [DTC] -> STARLINK-11724 [DTC] | E_NET=0.000016 J | Remaining=79999.83 J
[205.983] Task 404 enqueued on CPU STARLINK-11724 [DTC] qlen_enqueue=2
[MODE: BIDIRECTIONAL]
[403][GREEDY] CONSEGNATO! STARLINK-11474 [DTC] -> OBS | Tramission-time: 8.12068421673633e-12
----------------------------------------------------------------------
	||TIME IN SIMULATION : (seconds:206) (minutes: 3) ||

MODIFICA CONFIGURAZIONE IN CORSO...

Aggiornato il Tempo Globale:  2025-11-20 20:58:40
---> Task 405 (Type: Generic_Service) arriva in 206.05
--- [206.05] Task 405 using SearchNode Policy: v1_heuristic ---
[405] Filtro euristico: DTS-TMAX
[206.05] [Task 405] Routed STARLINK-11734 [DTC] -> STARLINK-5939 | E_NET=0.000020 J | Remaining=79999.83 J
[206.049] Task 405 enqueued on CPU STARLINK-5939 qlen_enqueue=1
[Task 405] Task eseguito su STARLINK-5939 64.02999442380141 degrees | CPU=9.1359J, NET=0.0000J, TOTAL=9.1360J, Remaining=78416.69J
[206.062] Task 405 served on STARLINK-5939 qlen_enqueue_cpu=1 qlen_enqueue_net=None time_in_queue=0.000
[405][GREEDY] STARLINK-5939 -> STARLINK-11734 [DTC] | Tramission-time: 0.0007671019809647654
[405] Energy routing consumed by STARLINK-5939: 0.000000 J (remaining 78416.69)
[MODE: BIDIRECTIONAL]
[405][GREEDY] CONSEGNATO! STARLINK-11734 [DTC] -> OBS | Tramission-time: 2.033843573790804e-11
[Task 402] Task eseguito su STARLINK-30506 41.43113848192706 degrees | CPU=397.1080J, NET=0.0000J, TOTAL=397.1080J, Remaining=78529.43J
[206.163] Task 402 served on STARLINK-30506 qlen_enqueue_cpu=1 qlen_enqueue_net=None time_in_queue=0.000
[402][GREEDY] STARLINK-30506 -> STARLINK-11734 [DTC] | Tramission-time: 0.0021425395921075814
[402] Energy routing consumed by STARLINK-30506: 0.000000 J (remaining 78529.43)
[Task 404] Task eseguito su STARLINK-11724 [DTC] 44.41289228449025 degrees | CPU=187.5687J, NET=0.0000J, TOTAL=187.5687J, Remaining=78494.84J
[206.219] Task 404 served on STARLINK-11724 [DTC] qlen_enqueue_cpu=2 qlen_enqueue_net=None time_in_queue=0.000
[Task 401] Task eseguito su STARLINK-11724 [DTC] 44.41289228449025 degrees | CPU=581.4068J, NET=0.0000J, TOTAL=581.4068J, Remaining=77913.43J
[206.227] Task 401 served on STARLINK-11724 [DTC] qlen_enqueue_cpu=2 qlen_enqueue_net=None time_in_queue=0.000
---> Task 406 (Type: CPU_and_Data_Intensive) arriva in 206.29
--- [206.29] Task 406 using SearchNode Policy: v1_heuristic ---
[406] Filtro euristico: DTS-TMAX
[206.29] [Task 406] Routed STARLINK-11734 [DTC] -> STARLINK-30506 | E_NET=0.006988 J | Remaining=79999.82 J
[206.295] Task 406 enqueued on CPU STARLINK-30506 qlen_enqueue=1
[MODE: BIDIRECTIONAL]
[402][GREEDY] CONSEGNATO! STARLINK-11734 [DTC] -> OBS | Tramission-time: 1.0108882324919754e-11
[404][GREEDY] STARLINK-11724 [DTC] -> STARLINK-11734 [DTC] | Tramission-time: 0.0014583493963713735
[404] Energy routing consumed by STARLINK-11724 [DTC]: 0.000000 J (remaining 77913.43)
[MODE: BIDIRECTIONAL]
[404][GREEDY] CONSEGNATO! STARLINK-11734 [DTC] -> OBS | Tramission-time: 1.1122313863337466e-11
[401][GREEDY] STARLINK-11724 [DTC] -> STARLINK-11734 [DTC] | Tramission-time: 0.0014583493960241927
[401] Energy routing consumed by STARLINK-11724 [DTC]: 0.000000 J (remaining 77913.43)
[MODE: BIDIRECTIONAL]
[401][GREEDY] CONSEGNATO! STARLINK-11734 [DTC] -> OBS | Tramission-time: 1.0086460756539643e-11
[206.526] Task 406 enqueued on NET STARLINK-30506 qlen_enqueue_net=1
[Task 406] Task eseguito su STARLINK-30506 41.43113848192706 degrees | CPU=184.8425J, NET=0.0098J, TOTAL=184.8523J, Remaining=78344.57J
[206.536] Task 406 served on STARLINK-30506 qlen_enqueue_cpu=1 qlen_enqueue_net=1 time_in_queue=0.000
---> Task 407 (Type: CPU_Intensive) arriva in 206.57
--- [206.57] Task 407 using SearchNode Policy: v1_heuristic ---
[407] Filtro euristico: DTS-TMAX
[206.57] [Task 407] Routed STARLINK-11734 [DTC] -> STARLINK-35398 | E_NET=0.000026 J | Remaining=79999.82 J
[206.566] Task 407 enqueued on CPU STARLINK-35398 qlen_enqueue=1
[406][GREEDY] STARLINK-30506 -> STARLINK-11734 [DTC] | Tramission-time: 0.002142546183882079
[406] Energy routing consumed by STARLINK-30506: 0.000000 J (remaining 78344.57)
[MODE: BIDIRECTIONAL]
[406][GREEDY] CONSEGNATO! STARLINK-11734 [DTC] -> OBS | Tramission-time: 6.770312693912468e-09
[Task 407] Task eseguito su STARLINK-35398 74.99259013807347 degrees | CPU=131.2698J, NET=0.0000J, TOTAL=131.2698J, Remaining=78298.59J
[206.732] Task 407 served on STARLINK-35398 qlen_enqueue_cpu=1 qlen_enqueue_net=None time_in_queue=0.000
[MODE: BIDIRECTIONAL]
[407][GREEDY] CONSEGNATO! STARLINK-35398 -> OBS | Tramission-time: 2.575272682542869e-11
---> Task 408 (Type: CPU_Intensive) arriva in 207.45
--- [207.45] Task 408 using SearchNode Policy: v1_heuristic ---
[408] Filtro euristico: DTS-TMAX
[207.45] [Task 408] Routed STARLINK-11734 [DTC] -> STARLINK-5939 | E_NET=0.000007 J | Remaining=79999.82 J
[207.454] Task 408 enqueued on CPU STARLINK-5939 qlen_enqueue=1
---> Task 409 (Type: Generic_Service) arriva in 207.90
--- [207.90] Task 409 using SearchNode Policy: v1_heuristic ---
[409] Filtro euristico: DTS-TMAX
[207.90] [Task 409] Routed STARLINK-11734 [DTC] -> STARLINK-11474 [DTC] | E_NET=0.000034 J | Remaining=79999.82 J
[207.897] Task 409 enqueued on CPU STARLINK-11474 [DTC] qlen_enqueue=1
[Task 409] Task eseguito su STARLINK-11474 [DTC] 52.97438795059732 degrees | CPU=3.9626J, NET=0.0000J, TOTAL=3.9626J, Remaining=77547.50J
[207.905] Task 409 served on STARLINK-11474 [DTC] qlen_enqueue_cpu=1 qlen_enqueue_net=None time_in_queue=0.000
---> Task 410 (Type: Generic_Service) arriva in 207.98
--- [207.98] Task 410 using SearchNode Policy: v1_heuristic ---
[410] Filtro euristico: DTS-TMAX
[207.98] [Task 410] Routed STARLINK-11734 [DTC] -> STARLINK-6203 | E_NET=0.000007 J | Remaining=79999.82 J
[207.979] Task 410 enqueued on CPU STARLINK-6203 qlen_enqueue=1
----------------------------------------------------------------------
	||TIME IN SIMULATION : (seconds:208) (minutes: 3) ||

MODIFICA CONFIGURAZIONE IN CORSO...

Aggiornato il Tempo Globale:  2025-11-20 20:58:42
[MODE: BIDIRECTIONAL]
[409][GREEDY] CONSEGNATO! STARLINK-11474 [DTC] -> OBS | Tramission-time: 2.7578281193151633e-11
[Task 410] Task eseguito su STARLINK-6203 78.65632512946505 degrees | CPU=25.3079J, NET=0.0000J, TOTAL=25.3079J, Remaining=78379.77J
[208.011] Task 410 served on STARLINK-6203 qlen_enqueue_cpu=1 qlen_enqueue_net=None time_in_queue=0.000
[410][GREEDY] STARLINK-6203 -> STARLINK-11734 [DTC] | Tramission-time: 0.0012615077410531939
[410] Energy routing consumed by STARLINK-6203: 0.000000 J (remaining 78379.77)
[MODE: BIDIRECTIONAL]
[410][GREEDY] CONSEGNATO! STARLINK-11734 [DTC] -> OBS | Tramission-time: 7.797606638584867e-12
[Task 408] Task eseguito su STARLINK-5939 62.91925806805702 degrees | CPU=1016.4949J, NET=0.0000J, TOTAL=1016.4949J, Remaining=77400.19J
[208.727] Task 408 served on STARLINK-5939 qlen_enqueue_cpu=1 qlen_enqueue_net=None time_in_queue=0.000
---> Task 411 (Type: Generic_Service) arriva in 208.74
--- [208.74] Task 411 using SearchNode Policy: v1_heuristic ---
[411] Filtro euristico: DTS-TMAX
[208.74] [Task 411] Routed STARLINK-11734 [DTC] -> STARLINK-33816 | E_NET=0.000012 J | Remaining=79999.82 J
[208.746] Task 411 enqueued on CPU STARLINK-33816 qlen_enqueue=1
[Task 411] Task eseguito su STARLINK-33816 58.35656786965707 degrees | CPU=40.6785J, NET=0.0000J, TOTAL=40.6785J, Remaining=78363.54J
[208.797] Task 411 served on STARLINK-33816 qlen_enqueue_cpu=1 qlen_enqueue_net=None time_in_queue=0.000
[408][GREEDY] STARLINK-5939 -> STARLINK-11734 [DTC] | Tramission-time: 0.0007614547150154803
[408] Energy routing consumed by STARLINK-5939: 0.000000 J (remaining 77400.19)
[MODE: BIDIRECTIONAL]
[408][GREEDY] CONSEGNATO! STARLINK-11734 [DTC] -> OBS | Tramission-time: 6.21133069441426e-12
[411][GREEDY] STARLINK-33816 -> STARLINK-11734 [DTC] | Tramission-time: 0.0017513319405010191
[411] Energy routing consumed by STARLINK-33816: 0.000000 J (remaining 78363.54)
[MODE: BIDIRECTIONAL]
[411][GREEDY] CONSEGNATO! STARLINK-11734 [DTC] -> OBS | Tramission-time: 9.587934792527615e-12
----------------------------------------------------------------------
	||TIME IN SIMULATION : (seconds:210) (minutes: 3) ||

MODIFICA CONFIGURAZIONE IN CORSO...

Aggiornato il Tempo Globale:  2025-11-20 20:58:44
---> Task 412 (Type: CPU_Intensive) arriva in 210.62
--- [210.62] Task 412 using SearchNode Policy: v1_heuristic ---
[412] Filtro euristico: DTS-TMAX
[210.62] [Task 412] Routed STARLINK-11734 [DTC] -> STARLINK-4396 | E_NET=0.000024 J | Remaining=79999.82 J
[210.618] Task 412 enqueued on CPU STARLINK-4396 qlen_enqueue=1
---> Task 413 (Type: Generic_Service) arriva in 210.77
--- [210.77] Task 413 using SearchNode Policy: v1_heuristic ---
[413] Filtro euristico: DTS-TMAX
[210.77] [Task 413] Routed STARLINK-11734 [DTC] -> STARLINK-6203 | E_NET=0.000007 J | Remaining=79999.82 J
[210.776] Task 413 enqueued on CPU STARLINK-6203 qlen_enqueue=1
[Task 413] Task eseguito su STARLINK-6203 80.03359676896278 degrees | CPU=20.1112J, NET=0.0000J, TOTAL=20.1112J, Remaining=78359.66J
[210.802] Task 413 served on STARLINK-6203 qlen_enqueue_cpu=1 qlen_enqueue_net=None time_in_queue=0.000
[413][GREEDY] STARLINK-6203 -> STARLINK-11734 [DTC] | Tramission-time: 0.001257601688134758
[413] Energy routing consumed by STARLINK-6203: 0.000000 J (remaining 78359.66)
[MODE: BIDIRECTIONAL]
[413][GREEDY] CONSEGNATO! STARLINK-11734 [DTC] -> OBS | Tramission-time: 6.940851675240557e-12
---> Task 414 (Type: Generic_Service) arriva in 210.86
--- [210.86] Task 414 using SearchNode Policy: v1_heuristic ---
[414] Filtro euristico: DTS-TMAX
[210.86] [Task 414] Routed STARLINK-11734 [DTC] -> STARLINK-30223 | E_NET=0.000019 J | Remaining=79999.82 J
[210.863] Task 414 enqueued on CPU STARLINK-30223 qlen_enqueue=1
[Task 414] Task eseguito su STARLINK-30223 40.955871189992266 degrees | CPU=51.3992J, NET=0.0000J, TOTAL=51.3992J, Remaining=78316.79J
[210.929] Task 414 served on STARLINK-30223 qlen_enqueue_cpu=1 qlen_enqueue_net=None time_in_queue=0.000
[414][GREEDY] STARLINK-30223 -> STARLINK-11734 [DTC] | Tramission-time: 0.002018034855919175
[414] Energy routing consumed by STARLINK-30223: 0.000000 J (remaining 78316.79)
[MODE: BIDIRECTIONAL]
[414][GREEDY] CONSEGNATO! STARLINK-11734 [DTC] -> OBS | Tramission-time: 1.7366709059791462e-11
[Task 412] Task eseguito su STARLINK-4396 50.51157031782777 degrees | CPU=907.6266J, NET=0.0000J, TOTAL=907.6266J, Remaining=77494.30J
[211.757] Task 412 served on STARLINK-4396 qlen_enqueue_cpu=1 qlen_enqueue_net=None time_in_queue=0.000
[412][GREEDY] STARLINK-4396 -> STARLINK-11734 [DTC] | Tramission-time: 0.000990432707993378
[412] Energy routing consumed by STARLINK-4396: 0.000000 J (remaining 77494.30)
[MODE: BIDIRECTIONAL]
[412][GREEDY] CONSEGNATO! STARLINK-11734 [DTC] -> OBS | Tramission-time: 2.6884577268824233e-11
----------------------------------------------------------------------
	||TIME IN SIMULATION : (seconds:212) (minutes: 3) ||

MODIFICA CONFIGURAZIONE IN CORSO...

Aggiornato il Tempo Globale:  2025-11-20 20:58:46
---> Task 415 (Type: CPU_and_Data_Intensive) arriva in 212.60
--- [212.60] Task 415 using SearchNode Policy: v1_heuristic ---
[415] Filtro euristico: DTS-TMAX
[212.60] [Task 415] Routed STARLINK-35398 -> STARLINK-5794 | E_NET=0.000761 J | Remaining=78298.59 J
[212.603] Task 415 enqueued on CPU STARLINK-5794 qlen_enqueue=1
---> Task 416 (Type: Generic_Service) arriva in 212.77
--- [212.77] Task 416 using SearchNode Policy: v1_heuristic ---
[416] Filtro euristico: DTS-TMAX
[212.77] [Task 416] Routed STARLINK-11734 [DTC] -> STARLINK-33816 | E_NET=0.000025 J | Remaining=79999.82 J
[212.768] Task 416 enqueued on CPU STARLINK-33816 qlen_enqueue=1
[Task 416] Task eseguito su STARLINK-33816 60.888923710378116 degrees | CPU=59.6476J, NET=0.0000J, TOTAL=59.6477J, Remaining=78303.89J
[212.845] Task 416 served on STARLINK-33816 qlen_enqueue_cpu=1 qlen_enqueue_net=None time_in_queue=0.000
---> Task 417 (Type: Generic_Service) arriva in 212.87
--- [212.87] Task 417 using SearchNode Policy: v1_heuristic ---
[417] Filtro euristico: DTS-TMAX
[212.87] [Task 417] Routed STARLINK-11734 [DTC] -> STARLINK-6203 | E_NET=0.000033 J | Remaining=79999.82 J
[212.872] Task 417 enqueued on CPU STARLINK-6203 qlen_enqueue=1
[416][GREEDY] STARLINK-33816 -> STARLINK-11734 [DTC] | Tramission-time: 0.001721804878910466
[416] Energy routing consumed by STARLINK-33816: 0.000000 J (remaining 78303.89)
[Task 417] Task eseguito su STARLINK-6203 81.40473332372193 degrees | CPU=35.8826J, NET=0.0000J, TOTAL=35.8826J, Remaining=78323.77J
[212.919] Task 417 served on STARLINK-6203 qlen_enqueue_cpu=1 qlen_enqueue_net=None time_in_queue=0.000
---> Task 418 (Type: Generic_Service) arriva in 212.97
--- [212.97] Task 418 using SearchNode Policy: v1_heuristic ---
[418] Filtro euristico: DTS-TMAX
[212.97] [Task 418] Routed STARLINK-11734 [DTC] -> STARLINK-33947 | E_NET=0.000019 J | Remaining=79999.82 J
[212.968] Task 418 enqueued on CPU STARLINK-33947 qlen_enqueue=1
[Task 418] Task eseguito su STARLINK-33947 74.13833261250922 degrees | CPU=15.7437J, NET=0.0000J, TOTAL=15.7438J, Remaining=78337.89J
[212.989] Task 418 served on STARLINK-33947 qlen_enqueue_cpu=1 qlen_enqueue_net=None time_in_queue=0.000
[418][GREEDY] STARLINK-33947 -> STARLINK-11734 [DTC] | Tramission-time: 0.0011285103873230281
[418] Energy routing consumed by STARLINK-33947: 0.000000 J (remaining 78337.89)
[417][GREEDY] STARLINK-6203 -> STARLINK-11734 [DTC] | Tramission-time: 0.0012537233128355435
[417] Energy routing consumed by STARLINK-6203: 0.000000 J (remaining 78323.77)
[MODE: BIDIRECTIONAL]
[416][GREEDY] CONSEGNATO! STARLINK-11734 [DTC] -> OBS | Tramission-time: 2.585314256696498e-11
[MODE: BIDIRECTIONAL]
[417][GREEDY] CONSEGNATO! STARLINK-11734 [DTC] -> OBS | Tramission-time: 2.8688238372201097e-11
---> Task 419 (Type: Generic_Service) arriva in 213.08
--- [213.08] Task 419 using SearchNode Policy: v1_heuristic ---
[419] Filtro euristico: DTS-TMAX
[Task 419] Nessun server rimasto dopo i filtri (deadline/sunset).
[Task 419] REJECTED on STARLINK-11734 [DTC] due to: No suitable server found after deadline/sunset filters
[MODE: BIDIRECTIONAL]
[418][GREEDY] CONSEGNATO! STARLINK-11734 [DTC] -> OBS | Tramission-time: 2.0381077494848074e-11
---> Task 420 (Type: CPU_and_Data_Intensive) arriva in 213.34
--- [213.34] Task 420 using SearchNode Policy: v1_heuristic ---
[420] Filtro euristico: DTS-TMAX
[213.34] [Task 420] Routed STARLINK-11734 [DTC] -> STARLINK-31763 | E_NET=0.000238 J | Remaining=79999.82 J
[213.339] Task 420 enqueued on CPU STARLINK-31763 qlen_enqueue=1
---> Task 421 (Type: CPU_Intensive) arriva in 213.77
--- [213.77] Task 421 using SearchNode Policy: v1_heuristic ---
[421] Filtro euristico: DTS-TMAX
[213.77] [Task 421] Routed STARLINK-11734 [DTC] -> STARLINK-30506 | E_NET=0.000014 J | Remaining=79999.82 J
[213.771] Task 421 enqueued on CPU STARLINK-30506 qlen_enqueue=1
----------------------------------------------------------------------
	||TIME IN SIMULATION : (seconds:214) (minutes: 3) ||

MODIFICA CONFIGURAZIONE IN CORSO...

Aggiornato il Tempo Globale:  2025-11-20 20:58:48
[Task 421] Task eseguito su STARLINK-30506 42.806211354360926 degrees | CPU=271.4317J, NET=0.0000J, TOTAL=271.4317J, Remaining=78073.14J
[214.111] Task 421 served on STARLINK-30506 qlen_enqueue_cpu=1 qlen_enqueue_net=None time_in_queue=0.000
[421][GREEDY] STARLINK-30506 -> STARLINK-11734 [DTC] | Tramission-time: 0.0021911431417765232
[421] Energy routing consumed by STARLINK-30506: 0.000000 J (remaining 78073.14)
[MODE: BIDIRECTIONAL]
[421][GREEDY] CONSEGNATO! STARLINK-11734 [DTC] -> OBS | Tramission-time: 1.3156288519775994e-11
[214.264] Task 420 enqueued on NET STARLINK-31763 qlen_enqueue_net=1
[Task 420] Task eseguito su STARLINK-31763 67.5722159787567 degrees | CPU=738.8494J, NET=0.0003J, TOTAL=738.8497J, Remaining=77612.98J
[214.264] Task 420 served on STARLINK-31763 qlen_enqueue_cpu=1 qlen_enqueue_net=1 time_in_queue=0.000
[420][GREEDY] STARLINK-31763 -> STARLINK-11734 [DTC] | Tramission-time: 0.0011776876503018776
[420] Energy routing consumed by STARLINK-31763: 0.000000 J (remaining 77612.98)
[MODE: BIDIRECTIONAL]
[420][GREEDY] CONSEGNATO! STARLINK-11734 [DTC] -> OBS | Tramission-time: 2.404789670820576e-10
---> Task 422 (Type: Generic_Service) arriva in 215.57
--- [215.57] Task 422 using SearchNode Policy: v1_heuristic ---
[422] Filtro euristico: DTS-TMAX
[215.57] [Task 422] Routed STARLINK-11734 [DTC] -> STARLINK-2388 | E_NET=0.000012 J | Remaining=79999.82 J
[215.577] Task 422 enqueued on CPU STARLINK-2388 qlen_enqueue=1
[Task 422] Task eseguito su STARLINK-2388 40.352306462169274 degrees | CPU=80.1522J, NET=0.0000J, TOTAL=80.1522J, Remaining=79919.85J
[215.678] Task 422 served on STARLINK-2388 qlen_enqueue_cpu=1 qlen_enqueue_net=None time_in_queue=0.000
[422][GREEDY] STARLINK-2388 -> STARLINK-11734 [DTC] | Tramission-time: 0.0019273637845532664
[422] Energy routing consumed by STARLINK-2388: 0.000000 J (remaining 79919.85)
[MODE: BIDIRECTIONAL]
[422][GREEDY] CONSEGNATO! STARLINK-11734 [DTC] -> OBS | Tramission-time: 1.491169071494089e-11
----------------------------------------------------------------------
	||TIME IN SIMULATION : (seconds:216) (minutes: 3) ||

MODIFICA CONFIGURAZIONE IN CORSO...

Aggiornato il Tempo Globale:  2025-11-20 20:58:50
[216.306] Task 415 enqueued on NET STARLINK-5794 qlen_enqueue_net=1
[Task 415] Task eseguito su STARLINK-5794 44.55739711900084 degrees | CPU=2958.4104J, NET=0.0008J, TOTAL=2958.4112J, Remaining=77041.59J
[216.307] Task 415 served on STARLINK-5794 qlen_enqueue_cpu=1 qlen_enqueue_net=1 time_in_queue=0.000
[415][GREEDY] STARLINK-5794 -> STARLINK-35398 | Tramission-time: 0.0018892381104156175
[415] Energy routing consumed by STARLINK-5794: 0.000000 J (remaining 77041.59)
[MODE: BIDIRECTIONAL]
[415][GREEDY] CONSEGNATO! STARLINK-35398 -> OBS | Tramission-time: 6.166501807346877e-10
---> Task 423 (Type: Generic_Service) arriva in 216.68
--- [216.68] Task 423 using SearchNode Policy: v1_heuristic ---
[423] Filtro euristico: DTS-TMAX
[216.68] [Task 423] Routed STARLINK-11734 [DTC] -> STARLINK-2388 | E_NET=0.000004 J | Remaining=79999.82 J
[216.682] Task 423 enqueued on CPU STARLINK-2388 qlen_enqueue=1
[Task 423] Task eseguito su STARLINK-2388 41.0313616903228 degrees | CPU=80.4592J, NET=0.0000J, TOTAL=80.4592J, Remaining=79839.39J
[216.783] Task 423 served on STARLINK-2388 qlen_enqueue_cpu=1 qlen_enqueue_net=None time_in_queue=0.000
---> Task 424 (Type: CPU_Intensive) arriva in 216.82
--- [216.82] Task 424 using SearchNode Policy: v1_heuristic ---
[424] Filtro euristico: DTS-TMAX
[216.82] [Task 424] Routed STARLINK-11734 [DTC] -> STARLINK-2388 | E_NET=0.000020 J | Remaining=79999.82 J
[423][GREEDY] STARLINK-2388 -> STARLINK-11734 [DTC] | Tramission-time: 0.0019256800150974534
[423] Energy routing consumed by STARLINK-2388: 0.000000 J (remaining 79839.39)
[216.825] Task 424 enqueued on CPU STARLINK-2388 qlen_enqueue=1
[MODE: BIDIRECTIONAL]
[423][GREEDY] CONSEGNATO! STARLINK-11734 [DTC] -> OBS | Tramission-time: 4.319299253479209e-12
---> Task 425 (Type: CPU_Intensive) arriva in 217.04
--- [217.04] Task 425 using SearchNode Policy: v1_heuristic ---
[425] Filtro euristico: DTS-TMAX
[217.04] [Task 425] Routed STARLINK-11734 [DTC] -> STARLINK-30286 | E_NET=0.000015 J | Remaining=79999.82 J
[217.042] Task 425 enqueued on CPU STARLINK-30286 qlen_enqueue=1
[Task 425] Task eseguito su STARLINK-30286 58.763268573889135 degrees | CPU=328.8031J, NET=0.0000J, TOTAL=328.8031J, Remaining=78012.60J
[217.454] Task 425 served on STARLINK-30286 qlen_enqueue_cpu=1 qlen_enqueue_net=None time_in_queue=0.000
[425][GREEDY] STARLINK-30286 -> STARLINK-11734 [DTC] | Tramission-time: 0.0012191126211301276
[425] Energy routing consumed by STARLINK-30286: 0.000000 J (remaining 78012.60)
[MODE: BIDIRECTIONAL]
[425][GREEDY] CONSEGNATO! STARLINK-11734 [DTC] -> OBS | Tramission-time: 1.494688113907888e-11
---> Task 426 (Type: CPU_Intensive) arriva in 217.55
--- [217.55] Task 426 using SearchNode Policy: v1_heuristic ---
[426] Filtro euristico: DTS-TMAX
[217.55] [Task 426] Routed STARLINK-11734 [DTC] -> STARLINK-33947 | E_NET=0.000026 J | Remaining=79999.82 J
[217.552] Task 426 enqueued on CPU STARLINK-33947 qlen_enqueue=1
[Task 424] Task eseguito su STARLINK-2388 41.0313616903228 degrees | CPU=931.1515J, NET=0.0000J, TOTAL=931.1515J, Remaining=78908.24J
[217.992] Task 424 served on STARLINK-2388 qlen_enqueue_cpu=1 qlen_enqueue_net=None time_in_queue=0.000
----------------------------------------------------------------------
	||TIME IN SIMULATION : (seconds:218) (minutes: 3) ||

MODIFICA CONFIGURAZIONE IN CORSO...

Aggiornato il Tempo Globale:  2025-11-20 20:58:52
[424][GREEDY] STARLINK-2388 -> STARLINK-11734 [DTC] | Tramission-time: 0.0019241810523881455
[424] Energy routing consumed by STARLINK-2388: 0.000000 J (remaining 78908.24)
[MODE: BIDIRECTIONAL]
[424][GREEDY] CONSEGNATO! STARLINK-11734 [DTC] -> OBS | Tramission-time: 2.00774076183393e-11
[Task 426] Task eseguito su STARLINK-33947 70.46188079005199 degrees | CPU=520.1630J, NET=0.0000J, TOTAL=520.1630J, Remaining=77817.72J
[218.205] Task 426 served on STARLINK-33947 qlen_enqueue_cpu=1 qlen_enqueue_net=None time_in_queue=0.000
[426][GREEDY] STARLINK-33947 -> STARLINK-11734 [DTC] | Tramission-time: 0.001100205813411715
[426] Energy routing consumed by STARLINK-33947: 0.000000 J (remaining 77817.72)
[MODE: BIDIRECTIONAL]
[426][GREEDY] CONSEGNATO! STARLINK-11734 [DTC] -> OBS | Tramission-time: 2.922649012471526e-11
---> Task 427 (Type: CPU_Intensive) arriva in 218.45
--- [218.45] Task 427 using SearchNode Policy: v1_heuristic ---
[427] Filtro euristico: DTS-TMAX
[218.45] [Task 427] Routed STARLINK-11734 [DTC] -> STARLINK-2388 | E_NET=0.000032 J | Remaining=79999.82 J
[218.456] Task 427 enqueued on CPU STARLINK-2388 qlen_enqueue=1
[Task 427] Task eseguito su STARLINK-2388 41.721610601142444 degrees | CPU=121.8949J, NET=0.0000J, TOTAL=121.8950J, Remaining=78786.34J
[218.611] Task 427 served on STARLINK-2388 qlen_enqueue_cpu=1 qlen_enqueue_net=None time_in_queue=0.000
[427][GREEDY] STARLINK-2388 -> STARLINK-11734 [DTC] | Tramission-time: 0.0019241810607925087
[427] Energy routing consumed by STARLINK-2388: 0.000000 J (remaining 78786.34)
[MODE: BIDIRECTIONAL]
[427][GREEDY] CONSEGNATO! STARLINK-11734 [DTC] -> OBS | Tramission-time: 2.444983175844927e-11
---> Task 428 (Type: Generic_Service) arriva in 219.95
--- [219.95] Task 428 using SearchNode Policy: v1_heuristic ---
[428] Filtro euristico: DTS-TMAX
[219.95] [Task 428] Routed STARLINK-11734 [DTC] -> STARLINK-2388 | E_NET=0.000030 J | Remaining=79999.82 J
[219.953] Task 428 enqueued on CPU STARLINK-2388 qlen_enqueue=1
[Task 428] Task eseguito su STARLINK-2388 41.721610601142444 degrees | CPU=28.5455J, NET=0.0000J, TOTAL=28.5455J, Remaining=78757.80J
[219.991] Task 428 served on STARLINK-2388 qlen_enqueue_cpu=1 qlen_enqueue_net=None time_in_queue=0.000
----------------------------------------------------------------------
	||TIME IN SIMULATION : (seconds:220) (minutes: 3) ||

MODIFICA CONFIGURAZIONE IN CORSO...

Aggiornato il Tempo Globale:  2025-11-20 20:58:54
[428][GREEDY] STARLINK-2388 -> STARLINK-11734 [DTC] | Tramission-time: 0.0019228673556599925
[428] Energy routing consumed by STARLINK-2388: 0.000000 J (remaining 78757.80)
[MODE: BIDIRECTIONAL]
[428][GREEDY] CONSEGNATO! STARLINK-11734 [DTC] -> OBS | Tramission-time: 2.21018485109969e-11
---> Task 429 (Type: Generic_Service) arriva in 220.60
--- [220.60] Task 429 using SearchNode Policy: v1_heuristic ---
[429] Filtro euristico: DTS-TMAX
[220.60] [Task 429] Routed STARLINK-11734 [DTC] -> STARLINK-4472 | E_NET=0.000021 J | Remaining=79999.82 J
[220.604] Task 429 enqueued on CPU STARLINK-4472 qlen_enqueue=1
[Task 429] Task eseguito su STARLINK-4472 51.68729587892786 degrees | CPU=9.8146J, NET=0.0000J, TOTAL=9.8146J, Remaining=78316.53J
[220.618] Task 429 served on STARLINK-4472 qlen_enqueue_cpu=1 qlen_enqueue_net=None time_in_queue=0.000
[429][GREEDY] STARLINK-4472 -> STARLINK-11734 [DTC] | Tramission-time: 0.0009312599520699121
[429] Energy routing consumed by STARLINK-4472: 0.000000 J (remaining 78316.53)
[MODE: BIDIRECTIONAL]
[429][GREEDY] CONSEGNATO! STARLINK-11734 [DTC] -> OBS | Tramission-time: 2.218508994815712e-11
---> Task 430 (Type: Generic_Service) arriva in 221.30
--- [221.30] Task 430 using SearchNode Policy: v1_heuristic ---
[430] Filtro euristico: DTS-TMAX
[221.30] [Task 430] Routed STARLINK-11734 [DTC] -> STARLINK-2388 | E_NET=0.000011 J | Remaining=79999.82 J
[221.304] Task 430 enqueued on CPU STARLINK-2388 qlen_enqueue=1
[Task 430] Task eseguito su STARLINK-2388 42.4229523204085 degrees | CPU=40.9537J, NET=0.0000J, TOTAL=40.9537J, Remaining=78716.84J
[221.356] Task 430 served on STARLINK-2388 qlen_enqueue_cpu=1 qlen_enqueue_net=None time_in_queue=0.000
[430][GREEDY] STARLINK-2388 -> STARLINK-11734 [DTC] | Tramission-time: 0.0019228673475339328
[430] Energy routing consumed by STARLINK-2388: 0.000000 J (remaining 78716.84)
---> Task 431 (Type: CPU_Intensive) arriva in 221.47
--- [221.47] Task 431 using SearchNode Policy: v1_heuristic ---
[431] Filtro euristico: DTS-TMAX
[221.47] [Task 431] Routed STARLINK-11734 [DTC] -> STARLINK-2388 | E_NET=0.000024 J | Remaining=79999.82 J
[221.474] Task 431 enqueued on CPU STARLINK-2388 qlen_enqueue=1
[MODE: BIDIRECTIONAL]
[430][GREEDY] CONSEGNATO! STARLINK-11734 [DTC] -> OBS | Tramission-time: 1.1067433491767847e-11
----------------------------------------------------------------------
	||TIME IN SIMULATION : (seconds:222) (minutes: 3) ||

MODIFICA CONFIGURAZIONE IN CORSO...

Aggiornato il Tempo Globale:  2025-11-20 20:58:56
---> Task 432 (Type: CPU_Intensive) arriva in 222.18
--- [222.18] Task 432 using SearchNode Policy: v1_heuristic ---
[432] Filtro euristico: DTS-TMAX
[222.18] [Task 432] Routed STARLINK-11734 [DTC] -> STARLINK-2388 | E_NET=0.000011 J | Remaining=79999.82 J
[222.180] Task 432 enqueued on CPU STARLINK-2388 qlen_enqueue=2
[Task 431] Task eseguito su STARLINK-2388 43.135236758990736 degrees | CPU=579.9401J, NET=0.0000J, TOTAL=579.9402J, Remaining=78136.90J
[222.202] Task 431 served on STARLINK-2388 qlen_enqueue_cpu=1 qlen_enqueue_net=None time_in_queue=0.000
[431][GREEDY] STARLINK-2388 -> STARLINK-11734 [DTC] | Tramission-time: 0.0019217393901568025
[431] Energy routing consumed by STARLINK-2388: 0.000000 J (remaining 78136.90)
[MODE: BIDIRECTIONAL]
[431][GREEDY] CONSEGNATO! STARLINK-11734 [DTC] -> OBS | Tramission-time: 3.040465884449732e-11
[Task 432] Task eseguito su STARLINK-2388 43.135236758990736 degrees | CPU=451.1751J, NET=0.0000J, TOTAL=451.1752J, Remaining=77685.73J
[222.746] Task 432 served on STARLINK-2388 qlen_enqueue_cpu=2 qlen_enqueue_net=None time_in_queue=0.000
[432][GREEDY] STARLINK-2388 -> STARLINK-11734 [DTC] | Tramission-time: 0.0019217393782813097
[432] Energy routing consumed by STARLINK-2388: 0.000000 J (remaining 77685.73)
[MODE: BIDIRECTIONAL]
[432][GREEDY] CONSEGNATO! STARLINK-11734 [DTC] -> OBS | Tramission-time: 1.2209216977444812e-11
----------------------------------------------------------------------
	||TIME IN SIMULATION : (seconds:224) (minutes: 3) ||

MODIFICA CONFIGURAZIONE IN CORSO...

Aggiornato il Tempo Globale:  2025-11-20 20:58:58
---> Task 433 (Type: Generic_Service) arriva in 224.26
--- [224.26] Task 433 using SearchNode Policy: v1_heuristic ---
[433] Filtro euristico: DTS-TMAX
[224.26] [Task 433] Routed STARLINK-11734 [DTC] -> STARLINK-6203 | E_NET=0.000017 J | Remaining=79999.82 J
[224.259] Task 433 enqueued on CPU STARLINK-6203 qlen_enqueue=1
[Task 433] Task eseguito su STARLINK-6203 87.15391303282281 degrees | CPU=47.8006J, NET=0.0000J, TOTAL=47.8006J, Remaining=78275.97J
[224.320] Task 433 served on STARLINK-6203 qlen_enqueue_cpu=1 qlen_enqueue_net=None time_in_queue=0.000
[433][GREEDY] STARLINK-6203 -> STARLINK-11724 [DTC] | Tramission-time: 0.0012123676083491228
[433] Energy routing consumed by STARLINK-6203: 0.000000 J (remaining 78275.97)
[MODE: BIDIRECTIONAL]
[433][GREEDY] CONSEGNATO! STARLINK-11724 [DTC] -> OBS | Tramission-time: 1.8553007592275058e-11
---> Task 434 (Type: CPU_and_Data_Intensive) arriva in 224.44
--- [224.44] Task 434 using SearchNode Policy: v1_heuristic ---
[434] Filtro euristico: DTS-TMAX
[224.44] [Task 434] Routed STARLINK-11734 [DTC] -> STARLINK-4472 | E_NET=0.002265 J | Remaining=79999.82 J
[224.440] Task 434 enqueued on CPU STARLINK-4472 qlen_enqueue=1
---> Task 435 (Type: CPU_and_Data_Intensive) arriva in 224.60
--- [224.60] Task 435 using SearchNode Policy: v1_heuristic ---
[435] Filtro euristico: DTS-TMAX
[224.60] [Task 435] Routed STARLINK-11734 [DTC] -> STARLINK-33816 | E_NET=0.000279 J | Remaining=79999.82 J
[224.606] Task 435 enqueued on CPU STARLINK-33816 qlen_enqueue=1
[224.803] Task 435 enqueued on NET STARLINK-33816 qlen_enqueue_net=1
[Task 435] Task eseguito su STARLINK-33816 68.94338461373967 degrees | CPU=157.1833J, NET=0.0004J, TOTAL=157.1836J, Remaining=78146.71J
[224.803] Task 435 served on STARLINK-33816 qlen_enqueue_cpu=1 qlen_enqueue_net=1 time_in_queue=0.000
[435][GREEDY] STARLINK-33816 -> STARLINK-11724 [DTC] | Tramission-time: 0.0010747294718829795
[435] Energy routing consumed by STARLINK-33816: 0.000000 J (remaining 78146.71)
[MODE: BIDIRECTIONAL]
[435][GREEDY] CONSEGNATO! STARLINK-11724 [DTC] -> OBS | Tramission-time: 3.428361642319117e-10
---> Task 436 (Type: CPU_Intensive) arriva in 225.03
--- [225.03] Task 436 using SearchNode Policy: v1_heuristic ---
[436] Filtro euristico: DTS-TMAX
[225.03] [Task 436] Routed STARLINK-11734 [DTC] -> STARLINK-32945 | E_NET=0.000016 J | Remaining=79999.82 J
[225.028] Task 436 enqueued on CPU STARLINK-32945 qlen_enqueue=1
---> Task 437 (Type: CPU_Intensive) arriva in 225.44
--- [225.44] Task 437 using SearchNode Policy: v1_heuristic ---
[437] Filtro euristico: DTS-TMAX
[225.44] [Task 437] Routed STARLINK-11734 [DTC] -> STARLINK-31008 | E_NET=0.000008 J | Remaining=79999.82 J
[225.439] Task 437 enqueued on CPU STARLINK-31008 qlen_enqueue=1
[Task 437] Task eseguito su STARLINK-31008 66.01053276166954 degrees | CPU=57.8387J, NET=0.0000J, TOTAL=57.8387J, Remaining=78241.69J
[225.512] Task 437 served on STARLINK-31008 qlen_enqueue_cpu=1 qlen_enqueue_net=None time_in_queue=0.000
[437][GREEDY] STARLINK-31008 -> STARLINK-11724 [DTC] | Tramission-time: 0.0013634210512936313
[437] Energy routing consumed by STARLINK-31008: 0.000000 J (remaining 78241.69)
[MODE: BIDIRECTIONAL]
[437][GREEDY] CONSEGNATO! STARLINK-11724 [DTC] -> OBS | Tramission-time: 7.434863410535053e-12
[Task 436] Task eseguito su STARLINK-32945 53.009823704085726 degrees | CPU=419.1529J, NET=0.0000J, TOTAL=419.1529J, Remaining=77883.11J
[225.554] Task 436 served on STARLINK-32945 qlen_enqueue_cpu=1 qlen_enqueue_net=None time_in_queue=0.000
---> Task 438 (Type: Generic_Service) arriva in 225.63
--- [225.63] Task 438 using SearchNode Policy: v1_heuristic ---
[438] Filtro euristico: DTS-TMAX
[225.63] [Task 438] Routed STARLINK-11734 [DTC] -> STARLINK-31008 | E_NET=0.000023 J | Remaining=79999.82 J
[225.635] Task 438 enqueued on CPU STARLINK-31008 qlen_enqueue=1
[Task 438] Task eseguito su STARLINK-31008 66.01053276166954 degrees | CPU=5.0830J, NET=0.0000J, TOTAL=5.0830J, Remaining=78236.61J
[225.643] Task 438 served on STARLINK-31008 qlen_enqueue_cpu=1 qlen_enqueue_net=None time_in_queue=0.000
[438][GREEDY] STARLINK-31008 -> STARLINK-11724 [DTC] | Tramission-time: 0.0013634210606106396
[438] Energy routing consumed by STARLINK-31008: 0.000000 J (remaining 78236.61)
[436][GREEDY] STARLINK-32945 -> STARLINK-11724 [DTC] | Tramission-time: 0.0010559547429075666
[436] Energy routing consumed by STARLINK-32945: 0.000000 J (remaining 77883.11)
[MODE: BIDIRECTIONAL]
[438][GREEDY] CONSEGNATO! STARLINK-11724 [DTC] -> OBS | Tramission-time: 2.6749175654569858e-11
[MODE: BIDIRECTIONAL]
[436][GREEDY] CONSEGNATO! STARLINK-11724 [DTC] -> OBS | Tramission-time: 1.5267716278585993e-11
---> Task 439 (Type: Generic_Service) arriva in 225.92
--- [225.92] Task 439 using SearchNode Policy: v1_heuristic ---
[439] Filtro euristico: DTS-TMAX
[225.92] [Task 439] Routed STARLINK-11734 [DTC] -> STARLINK-35398 | E_NET=0.000032 J | Remaining=79999.82 J
[225.920] Task 439 enqueued on CPU STARLINK-35398 qlen_enqueue=1
[Task 439] Task eseguito su STARLINK-35398 79.8145038622977 degrees | CPU=41.1107J, NET=0.0000J, TOTAL=41.1108J, Remaining=78257.48J
[225.974] Task 439 served on STARLINK-35398 qlen_enqueue_cpu=1 qlen_enqueue_net=None time_in_queue=0.000
----------------------------------------------------------------------
	||TIME IN SIMULATION : (seconds:226) (minutes: 3) ||

MODIFICA CONFIGURAZIONE IN CORSO...

Aggiornato il Tempo Globale:  2025-11-20 20:59:00
[MODE: BIDIRECTIONAL]
[439][GREEDY] CONSEGNATO! STARLINK-35398 -> OBS | Tramission-time: 2.4736346935787363e-11
---> Task 440 (Type: Generic_Service) arriva in 226.21
--- [226.21] Task 440 using SearchNode Policy: v1_heuristic ---
[440] Filtro euristico: DTS-TMAX
[226.21] [Task 440] Routed STARLINK-11734 [DTC] -> STARLINK-6203 | E_NET=0.000004 J | Remaining=79999.82 J
[226.211] Task 440 enqueued on CPU STARLINK-6203 qlen_enqueue=1
[Task 440] Task eseguito su STARLINK-6203 86.52337869321019 degrees | CPU=90.1250J, NET=0.0000J, TOTAL=90.1250J, Remaining=78185.85J
[226.324] Task 440 served on STARLINK-6203 qlen_enqueue_cpu=1 qlen_enqueue_net=None time_in_queue=0.000
[226.341] Task 434 enqueued on NET STARLINK-4472 qlen_enqueue_net=1
[Task 434] Task eseguito su STARLINK-4472 49.44488548592138 degrees | CPU=1518.4572J, NET=0.0030J, TOTAL=1518.4601J, Remaining=76798.06J
[226.344] Task 434 served on STARLINK-4472 qlen_enqueue_cpu=1 qlen_enqueue_net=1 time_in_queue=0.000
[434][GREEDY] STARLINK-4472 -> STARLINK-11724 [DTC] | Tramission-time: 0.0016926818393890996
[434] Energy routing consumed by STARLINK-4472: 0.000000 J (remaining 76798.06)
[440][GREEDY] STARLINK-6203 -> STARLINK-11724 [DTC] | Tramission-time: 0.001227896611054452
[440] Energy routing consumed by STARLINK-6203: 0.000000 J (remaining 78185.85)
[MODE: BIDIRECTIONAL]
[434][GREEDY] CONSEGNATO! STARLINK-11724 [DTC] -> OBS | Tramission-time: 2.1120188578384656e-09
---> Task 441 (Type: Generic_Service) arriva in 226.39
--- [226.39] Task 441 using SearchNode Policy: v1_heuristic ---
[441] Filtro euristico: DTS-TMAX
[226.39] [Task 441] Routed STARLINK-11734 [DTC] -> STARLINK-35398 | E_NET=0.000020 J | Remaining=79999.82 J
[226.387] Task 441 enqueued on CPU STARLINK-35398 qlen_enqueue=1
[MODE: BIDIRECTIONAL]
[440][GREEDY] CONSEGNATO! STARLINK-11724 [DTC] -> OBS | Tramission-time: 3.914631170901063e-12
[Task 441] Task eseguito su STARLINK-35398 78.88465793307728 degrees | CPU=55.0956J, NET=0.0000J, TOTAL=55.0956J, Remaining=78202.38J
[226.458] Task 441 served on STARLINK-35398 qlen_enqueue_cpu=1 qlen_enqueue_net=None time_in_queue=0.000
[MODE: BIDIRECTIONAL]
[441][GREEDY] CONSEGNATO! STARLINK-35398 -> OBS | Tramission-time: 1.7849762493857367e-11
---> Task 442 (Type: Generic_Service) arriva in 227.26
--- [227.26] Task 442 using SearchNode Policy: v1_heuristic ---
[442] Filtro euristico: DTS-TMAX
[227.26] [Task 442] Routed STARLINK-11734 [DTC] -> STARLINK-31008 | E_NET=0.000034 J | Remaining=79999.82 J
[227.259] Task 442 enqueued on CPU STARLINK-31008 qlen_enqueue=1
[Task 442] Task eseguito su STARLINK-31008 65.07288303725362 degrees | CPU=52.4746J, NET=0.0000J, TOTAL=52.4746J, Remaining=78184.14J
[227.327] Task 442 served on STARLINK-31008 qlen_enqueue_cpu=1 qlen_enqueue_net=None time_in_queue=0.000
[442][GREEDY] STARLINK-31008 -> STARLINK-11724 [DTC] | Tramission-time: 0.00136857933244002
[442] Energy routing consumed by STARLINK-31008: 0.000000 J (remaining 78184.14)
[MODE: BIDIRECTIONAL]
[442][GREEDY] CONSEGNATO! STARLINK-11724 [DTC] -> OBS | Tramission-time: 2.9064591989323715e-11
---> Task 443 (Type: CPU_and_Data_Intensive) arriva in 227.37
--- [227.37] Task 443 using SearchNode Policy: v1_heuristic ---
[443] Filtro euristico: DTS-TMAX
[227.37] [Task 443] Routed STARLINK-11734 [DTC] -> STARLINK-3897 | E_NET=0.000406 J | Remaining=79999.82 J
[227.373] Task 443 enqueued on CPU STARLINK-3897 qlen_enqueue=1
[227.476] Task 443 enqueued on NET STARLINK-3897 qlen_enqueue_net=1
[Task 443] Task eseguito su STARLINK-3897 41.768310784383196 degrees | CPU=82.4541J, NET=0.0005J, TOTAL=82.4546J, Remaining=78133.76J
[227.477] Task 443 served on STARLINK-3897 qlen_enqueue_cpu=1 qlen_enqueue_net=1 time_in_queue=0.000
[443][GREEDY] STARLINK-3897 -> STARLINK-35398 | Tramission-time: 0.0016599500304035086
[443] Energy routing consumed by STARLINK-3897: 0.000000 J (remaining 78133.76)
[MODE: BIDIRECTIONAL]
[443][GREEDY] CONSEGNATO! STARLINK-35398 -> OBS | Tramission-time: 3.5102781992745805e-10
----------------------------------------------------------------------
	||TIME IN SIMULATION : (seconds:228) (minutes: 3) ||

MODIFICA CONFIGURAZIONE IN CORSO...

Aggiornato il Tempo Globale:  2025-11-20 20:59:02
---> Task 444 (Type: CPU_Intensive) arriva in 228.19
--- [228.19] Task 444 using SearchNode Policy: v1_heuristic ---
[444] Filtro euristico: DTS-TMAX
[228.19] [Task 444] Routed STARLINK-11734 [DTC] -> STARLINK-35398 | E_NET=0.000038 J | Remaining=79999.82 J
[228.189] Task 444 enqueued on CPU STARLINK-35398 qlen_enqueue=1
[Task 444] Task eseguito su STARLINK-35398 77.7587082840321 degrees | CPU=71.5681J, NET=0.0000J, TOTAL=71.5681J, Remaining=78130.82J
[228.281] Task 444 served on STARLINK-35398 qlen_enqueue_cpu=1 qlen_enqueue_net=None time_in_queue=0.000
[MODE: BIDIRECTIONAL]
[444][GREEDY] CONSEGNATO! STARLINK-35398 -> OBS | Tramission-time: 3.4453912520626894e-11
---> Task 445 (Type: CPU_Intensive) arriva in 228.79
--- [228.79] Task 445 using SearchNode Policy: v1_heuristic ---
[445] Filtro euristico: DTS-TMAX
[228.79] [Task 445] Routed STARLINK-11734 [DTC] -> STARLINK-5843 | E_NET=0.000023 J | Remaining=79999.82 J
[228.792] Task 445 enqueued on CPU STARLINK-5843 qlen_enqueue=1
---> Task 446 (Type: Generic_Service) arriva in 229.86
--- [229.86] Task 446 using SearchNode Policy: v1_heuristic ---
[446] Filtro euristico: DTS-TMAX
[229.86] [Task 446] Routed STARLINK-11734 [DTC] -> STARLINK-6203 | E_NET=0.000017 J | Remaining=79999.82 J
[229.859] Task 446 enqueued on CPU STARLINK-6203 qlen_enqueue=1
---> Task 447 (Type: CPU_and_Data_Intensive) arriva in 229.88
--- [229.88] Task 447 using SearchNode Policy: v1_heuristic ---
[447] Filtro euristico: DTS-TMAX
[229.88] [Task 447] Routed STARLINK-11734 [DTC] -> STARLINK-35307 | E_NET=0.000955 J | Remaining=79999.82 J
[229.886] Task 447 enqueued on CPU STARLINK-35307 qlen_enqueue=1
[229.900] Task 447 enqueued on NET STARLINK-35307 qlen_enqueue_net=1
[Task 447] Task eseguito su STARLINK-35307 56.16808505796246 degrees | CPU=10.7441J, NET=0.0013J, TOTAL=10.7454J, Remaining=77743.61J
[229.901] Task 447 served on STARLINK-35307 qlen_enqueue_cpu=1 qlen_enqueue_net=1 time_in_queue=0.000
[Task 446] Task eseguito su STARLINK-6203 85.48768003433868 degrees | CPU=53.2830J, NET=0.0000J, TOTAL=53.2830J, Remaining=78132.57J
[229.927] Task 446 served on STARLINK-6203 qlen_enqueue_cpu=1 qlen_enqueue_net=None time_in_queue=0.000
[447][GREEDY] STARLINK-35307 -> STARLINK-11724 [DTC] | Tramission-time: 0.0015569230084562342
[447] Energy routing consumed by STARLINK-35307: 0.000000 J (remaining 77743.61)
[446][GREEDY] STARLINK-6203 -> STARLINK-11724 [DTC] | Tramission-time: 0.0012437547772905218
[446] Energy routing consumed by STARLINK-6203: 0.000000 J (remaining 78132.57)
[MODE: BIDIRECTIONAL]
[447][GREEDY] CONSEGNATO! STARLINK-11724 [DTC] -> OBS | Tramission-time: 9.109257233741165e-10
----------------------------------------------------------------------
	||TIME IN SIMULATION : (seconds:230) (minutes: 3) ||

MODIFICA CONFIGURAZIONE IN CORSO...

Aggiornato il Tempo Globale:  2025-11-20 20:59:04
[MODE: BIDIRECTIONAL]
[446][GREEDY] CONSEGNATO! STARLINK-11724 [DTC] -> OBS | Tramission-time: 1.660539261006013e-11
---> Task 448 (Type: Generic_Service) arriva in 230.10
--- [230.10] Task 448 using SearchNode Policy: v1_heuristic ---
[448] Filtro euristico: DTS-TMAX
[Task 448] Nessun server rimasto dopo i filtri (deadline/sunset).
[Task 448] REJECTED on STARLINK-11734 [DTC] due to: No suitable server found after deadline/sunset filters
---> Task 449 (Type: CPU_Intensive) arriva in 230.18
--- [230.18] Task 449 using SearchNode Policy: v1_heuristic ---
[449] Filtro euristico: DTS-TMAX
[230.18] [Task 449] Routed STARLINK-11734 [DTC] -> STARLINK-31008 | E_NET=0.000008 J | Remaining=79999.82 J
[230.176] Task 449 enqueued on CPU STARLINK-31008 qlen_enqueue=1
[Task 445] Task eseguito su STARLINK-5843 62.15165184369432 degrees | CPU=1172.7766J, NET=0.0000J, TOTAL=1172.7766J, Remaining=77017.32J
[230.262] Task 445 served on STARLINK-5843 qlen_enqueue_cpu=1 qlen_enqueue_net=None time_in_queue=0.000
[445][GREEDY] STARLINK-5843 -> STARLINK-11724 [DTC] | Tramission-time: 0.000958544784932193
[445] Energy routing consumed by STARLINK-5843: 0.000000 J (remaining 77017.32)
[MODE: BIDIRECTIONAL]
[445][GREEDY] CONSEGNATO! STARLINK-11724 [DTC] -> OBS | Tramission-time: 1.8510983818046873e-11
[Task 449] Task eseguito su STARLINK-31008 63.090863770335176 degrees | CPU=464.5875J, NET=0.0000J, TOTAL=464.5875J, Remaining=77719.55J
[230.758] Task 449 served on STARLINK-31008 qlen_enqueue_cpu=1 qlen_enqueue_net=None time_in_queue=0.000
---> Task 450 (Type: CPU_and_Data_Intensive) arriva in 230.82
--- [230.82] Task 450 using SearchNode Policy: v1_heuristic ---
[450] Filtro euristico: DTS-TMAX
[230.82] [Task 450] Routed STARLINK-11734 [DTC] -> STARLINK-30900 | E_NET=0.002711 J | Remaining=79999.82 J
[230.828] Task 450 enqueued on CPU STARLINK-30900 qlen_enqueue=1
[449][GREEDY] STARLINK-31008 -> STARLINK-11724 [DTC] | Tramission-time: 0.0013808972580532793
[449] Energy routing consumed by STARLINK-31008: 0.000000 J (remaining 77719.55)
[MODE: BIDIRECTIONAL]
[449][GREEDY] CONSEGNATO! STARLINK-11724 [DTC] -> OBS | Tramission-time: 5.902160995210901e-12
---> Task 451 (Type: Generic_Service) arriva in 231.52
--- [231.52] Task 451 using SearchNode Policy: v1_heuristic ---
[451] Filtro euristico: DTS-TMAX
[231.52] [Task 451] Routed STARLINK-11734 [DTC] -> STARLINK-31249 | E_NET=0.000033 J | Remaining=79999.82 J
[231.517] Task 451 enqueued on CPU STARLINK-31249 qlen_enqueue=1
[Task 451] Task eseguito su STARLINK-31249 46.760323520781036 degrees | CPU=29.1974J, NET=0.0000J, TOTAL=29.1975J, Remaining=78120.38J
[231.556] Task 451 served on STARLINK-31249 qlen_enqueue_cpu=1 qlen_enqueue_net=None time_in_queue=0.000
[451][GREEDY] STARLINK-31249 -> STARLINK-11724 [DTC] | Tramission-time: 0.002182341746482911
[451] Energy routing consumed by STARLINK-31249: 0.000000 J (remaining 78120.38)
[MODE: BIDIRECTIONAL]
[451][GREEDY] CONSEGNATO! STARLINK-11724 [DTC] -> OBS | Tramission-time: 3.348052191986259e-11
[231.604] Task 450 enqueued on NET STARLINK-30900 qlen_enqueue_net=1
[Task 450] Task eseguito su STARLINK-30900 61.51563535280843 degrees | CPU=619.9251J, NET=0.0034J, TOTAL=619.9285J, Remaining=77536.83J
[231.608] Task 450 served on STARLINK-30900 qlen_enqueue_cpu=1 qlen_enqueue_net=1 time_in_queue=0.000
[450][GREEDY] STARLINK-30900 -> STARLINK-11724 [DTC] | Tramission-time: 0.0018862148921688872
[450] Energy routing consumed by STARLINK-30900: 0.000000 J (remaining 77536.83)
[MODE: BIDIRECTIONAL]
[450][GREEDY] CONSEGNATO! STARLINK-11724 [DTC] -> OBS | Tramission-time: 2.485529880532677e-09
---> Task 452 (Type: CPU_and_Data_Intensive) arriva in 231.72
--- [231.72] Task 452 using SearchNode Policy: v1_heuristic ---
[452] Filtro euristico: DTS-TMAX
[231.72] [Task 452] Routed STARLINK-11734 [DTC] -> STARLINK-31399 | E_NET=0.006120 J | Remaining=79999.81 J
[231.732] Task 452 enqueued on CPU STARLINK-31399 qlen_enqueue=1
[231.780] Task 452 enqueued on NET STARLINK-31399 qlen_enqueue_net=1
[Task 452] Task eseguito su STARLINK-31399 82.84084210137313 degrees | CPU=38.4589J, NET=0.0081J, TOTAL=38.4671J, Remaining=78041.91J
[231.788] Task 452 served on STARLINK-31399 qlen_enqueue_cpu=1 qlen_enqueue_net=1 time_in_queue=0.000
[MODE: BIDIRECTIONAL]
[452][GREEDY] CONSEGNATO! STARLINK-31399 -> OBS | Tramission-time: 7.518490262868687e-09
----------------------------------------------------------------------
	||TIME IN SIMULATION : (seconds:232) (minutes: 3) ||

MODIFICA CONFIGURAZIONE IN CORSO...

Aggiornato il Tempo Globale:  2025-11-20 20:59:06
---> Task 453 (Type: CPU_and_Data_Intensive) arriva in 232.28
--- [232.28] Task 453 using SearchNode Policy: v1_heuristic ---
[453] Filtro euristico: DTS-TMAX
[232.28] [Task 453] Routed STARLINK-11734 [DTC] -> STARLINK-33816 | E_NET=0.006611 J | Remaining=79999.80 J
[232.289] Task 453 enqueued on CPU STARLINK-33816 qlen_enqueue=1
[232.559] Task 453 enqueued on NET STARLINK-33816 qlen_enqueue_net=1
[Task 453] Task eseguito su STARLINK-33816 74.38730208156106 degrees | CPU=215.7531J, NET=0.0082J, TOTAL=215.7612J, Remaining=77930.94J
[232.567] Task 453 served on STARLINK-33816 qlen_enqueue_cpu=1 qlen_enqueue_net=1 time_in_queue=0.000
[MODE: BIDIRECTIONAL]
[453][GREEDY] CONSEGNATO! STARLINK-33816 -> OBS | Tramission-time: 6.4900748345996634e-09
---> Task 454 (Type: CPU_and_Data_Intensive) arriva in 233.33
--- [233.33] Task 454 using SearchNode Policy: v1_heuristic ---
[454] Filtro euristico: DTS-TMAX
[233.33] [Task 454] Routed STARLINK-11734 [DTC] -> STARLINK-35398 | E_NET=0.146291 J | Remaining=79999.66 J
[233.473] Task 454 enqueued on CPU STARLINK-35398 qlen_enqueue=1
----------------------------------------------------------------------
	||TIME IN SIMULATION : (seconds:234) (minutes: 3) ||

MODIFICA CONFIGURAZIONE IN CORSO...

Aggiornato il Tempo Globale:  2025-11-20 20:59:08
[234.453] Task 454 enqueued on NET STARLINK-35398 qlen_enqueue_net=1
---> Task 455 (Type: CPU_Intensive) arriva in 234.59
--- [234.59] Task 455 using SearchNode Policy: v1_heuristic ---
[455] Filtro euristico: DTS-TMAX
[234.59] [Task 455] Routed STARLINK-11734 [DTC] -> STARLINK-6203 | E_NET=0.000021 J | Remaining=79999.66 J
[234.592] Task 455 enqueued on CPU STARLINK-6203 qlen_enqueue=1
[Task 454] Task eseguito su STARLINK-35398 73.7024803757601 degrees | CPU=783.1812J, NET=0.1966J, TOTAL=783.3778J, Remaining=77347.44J
[234.650] Task 454 served on STARLINK-35398 qlen_enqueue_cpu=1 qlen_enqueue_net=1 time_in_queue=0.000
---> Task 456 (Type: CPU_and_Data_Intensive) arriva in 234.65
--- [234.65] Task 456 using SearchNode Policy: v1_heuristic ---
[456] Filtro euristico: DTS-TMAX
[234.65] [Task 456] Routed STARLINK-11734 [DTC] -> STARLINK-31249 | E_NET=0.003977 J | Remaining=79999.65 J
[234.659] Task 456 enqueued on CPU STARLINK-31249 qlen_enqueue=1
[MODE: BIDIRECTIONAL]
[454][GREEDY] CONSEGNATO! STARLINK-35398 -> OBS | Tramission-time: 1.4175747686947082e-07
---> Task 457 (Type: CPU_and_Data_Intensive) arriva in 234.82
--- [234.82] Task 457 using SearchNode Policy: v1_heuristic ---
[457] Filtro euristico: DTS-TMAX
[234.82] [Task 457] Routed STARLINK-11734 [DTC] -> STARLINK-31399 | E_NET=0.003236 J | Remaining=79999.65 J
[234.829] Task 457 enqueued on CPU STARLINK-31399 qlen_enqueue=1
[234.933] Task 457 enqueued on NET STARLINK-31399 qlen_enqueue_net=1
[Task 457] Task eseguito su STARLINK-31399 81.51187215183423 degrees | CPU=83.3794J, NET=0.0037J, TOTAL=83.3831J, Remaining=77958.52J
[234.937] Task 457 served on STARLINK-31399 qlen_enqueue_cpu=1 qlen_enqueue_net=1 time_in_queue=0.000
[MODE: BIDIRECTIONAL]
[457][GREEDY] CONSEGNATO! STARLINK-31399 -> OBS | Tramission-time: 2.8911951051096797e-09
[Task 455] Task eseguito su STARLINK-6203 81.60773179387014 degrees | CPU=370.7053J, NET=0.0000J, TOTAL=370.7053J, Remaining=77761.86J
[235.058] Task 455 served on STARLINK-6203 qlen_enqueue_cpu=1 qlen_enqueue_net=None time_in_queue=0.000
[455][GREEDY] STARLINK-6203 -> STARLINK-11724 [DTC] | Tramission-time: 0.0012931784249564499
[455] Energy routing consumed by STARLINK-6203: 0.000000 J (remaining 77761.86)
[MODE: BIDIRECTIONAL]
[455][GREEDY] CONSEGNATO! STARLINK-11724 [DTC] -> OBS | Tramission-time: 1.8750906962333387e-11
[235.068] Task 456 enqueued on NET STARLINK-31249 qlen_enqueue_net=1
[Task 456] Task eseguito su STARLINK-31249 45.11684515521255 degrees | CPU=326.3896J, NET=0.0040J, TOTAL=326.3936J, Remaining=77793.99J
[235.072] Task 456 served on STARLINK-31249 qlen_enqueue_cpu=1 qlen_enqueue_net=1 time_in_queue=0.000
[456][GREEDY] STARLINK-31249 -> STARLINK-35398 | Tramission-time: 0.0011143341733080947
[456] Energy routing consumed by STARLINK-31249: 0.000000 J (remaining 77793.99)
[MODE: BIDIRECTIONAL]
[456][GREEDY] CONSEGNATO! STARLINK-35398 -> OBS | Tramission-time: 3.2751190123877876e-09
---> Task 458 (Type: CPU_and_Data_Intensive) arriva in 235.55
--- [235.55] Task 458 using SearchNode Policy: v1_heuristic ---
[458] Filtro euristico: DTS-TMAX
[235.55] [Task 458] Routed STARLINK-11734 [DTC] -> STARLINK-30286 | E_NET=0.006394 J | Remaining=79999.64 J
[235.562] Task 458 enqueued on CPU STARLINK-30286 qlen_enqueue=1
[235.691] Task 458 enqueued on NET STARLINK-30286 qlen_enqueue_net=1
[Task 458] Task eseguito su STARLINK-30286 63.491712228232856 degrees | CPU=103.1293J, NET=0.0067J, TOTAL=103.1359J, Remaining=77909.47J
[235.698] Task 458 served on STARLINK-30286 qlen_enqueue_cpu=1 qlen_enqueue_net=1 time_in_queue=0.000
[458][GREEDY] STARLINK-30286 -> STARLINK-11724 [DTC] | Tramission-time: 0.0008734108032924445
[458] Energy routing consumed by STARLINK-30286: 0.000000 J (remaining 77909.47)
[MODE: BIDIRECTIONAL]
[458][GREEDY] CONSEGNATO! STARLINK-11724 [DTC] -> OBS | Tramission-time: 5.665904095981005e-09
----------------------------------------------------------------------
	||TIME IN SIMULATION : (seconds:236) (minutes: 3) ||

MODIFICA CONFIGURAZIONE IN CORSO...

Aggiornato il Tempo Globale:  2025-11-20 20:59:10
---> Task 459 (Type: Generic_Service) arriva in 237.01
--- [237.01] Task 459 using SearchNode Policy: v1_heuristic ---
[459] Filtro euristico: DTS-TMAX
[237.01] [Task 459] Routed STARLINK-11734 [DTC] -> STARLINK-30986 | E_NET=0.000006 J | Remaining=79999.64 J
[237.012] Task 459 enqueued on CPU STARLINK-30986 qlen_enqueue=1
[Task 459] Task eseguito su STARLINK-30986 59.086848610260105 degrees | CPU=149.9997J, NET=0.0000J, TOTAL=149.9997J, Remaining=77821.78J
[237.200] Task 459 served on STARLINK-30986 qlen_enqueue_cpu=1 qlen_enqueue_net=None time_in_queue=0.000
[459][GREEDY] STARLINK-30986 -> STARLINK-11724 [DTC] | Tramission-time: 0.0019751881822507506
[459] Energy routing consumed by STARLINK-30986: 0.000000 J (remaining 77821.78)
[MODE: BIDIRECTIONAL]
[459][GREEDY] CONSEGNATO! STARLINK-11724 [DTC] -> OBS | Tramission-time: 5.036282219837225e-12
---> Task 460 (Type: Generic_Service) arriva in 237.76
--- [237.76] Task 460 using SearchNode Policy: v1_heuristic ---
[460] Filtro euristico: DTS-TMAX
[237.76] [Task 460] Routed STARLINK-11734 [DTC] -> STARLINK-31399 | E_NET=0.000013 J | Remaining=79999.64 J
[237.760] Task 460 enqueued on CPU STARLINK-31399 qlen_enqueue=1
[Task 460] Task eseguito su STARLINK-31399 80.4665960648533 degrees | CPU=11.4084J, NET=0.0000J, TOTAL=11.4084J, Remaining=77947.12J
[237.775] Task 460 served on STARLINK-31399 qlen_enqueue_cpu=1 qlen_enqueue_net=None time_in_queue=0.000
[MODE: BIDIRECTIONAL]
[460][GREEDY] CONSEGNATO! STARLINK-31399 -> OBS | Tramission-time: 1.672692625434521e-11
----------------------------------------------------------------------
	||TIME IN SIMULATION : (seconds:238) (minutes: 3) ||

MODIFICA CONFIGURAZIONE IN CORSO...

Aggiornato il Tempo Globale:  2025-11-20 20:59:12
---> Task 461 (Type: CPU_Intensive) arriva in 238.31
--- [238.31] Task 461 using SearchNode Policy: v1_heuristic ---
[461] Filtro euristico: DTS-TMAX
[238.31] [Task 461] Routed STARLINK-11734 [DTC] -> STARLINK-31399 | E_NET=0.000008 J | Remaining=79999.64 J
[238.307] Task 461 enqueued on CPU STARLINK-31399 qlen_enqueue=1
---> Task 462 (Type: CPU_Intensive) arriva in 238.35
--- [238.35] Task 462 using SearchNode Policy: v1_heuristic ---
[462] Filtro euristico: DTS-TMAX
[238.35] [Task 462] Routed STARLINK-11734 [DTC] -> STARLINK-33816 | E_NET=0.000029 J | Remaining=79999.64 J
[238.349] Task 462 enqueued on CPU STARLINK-33816 qlen_enqueue=1
---> Task 463 (Type: CPU_and_Data_Intensive) arriva in 238.66
--- [238.66] Task 463 using SearchNode Policy: v1_heuristic ---
[463] Filtro euristico: DTS-TMAX
[238.66] [Task 463] Routed STARLINK-11734 [DTC] -> STARLINK-11724 [DTC] | E_NET=0.000232 J | Remaining=79999.64 J
[238.666] Task 463 enqueued on CPU STARLINK-11724 [DTC] qlen_enqueue=1
---> Task 464 (Type: Generic_Service) arriva in 238.68
--- [238.68] Task 464 using SearchNode Policy: v1_heuristic ---
[464] Filtro euristico: DTS-TMAX
[238.68] [Task 464] Routed STARLINK-11734 [DTC] -> STARLINK-30286 | E_NET=0.000018 J | Remaining=79999.64 J
[238.678] Task 464 enqueued on CPU STARLINK-30286 qlen_enqueue=1
[Task 464] Task eseguito su STARLINK-30286 64.01030249410233 degrees | CPU=24.6310J, NET=0.0000J, TOTAL=24.6310J, Remaining=77884.83J
[238.710] Task 464 served on STARLINK-30286 qlen_enqueue_cpu=1 qlen_enqueue_net=None time_in_queue=0.000
[Task 462] Task eseguito su STARLINK-33816 78.06546870180044 degrees | CPU=303.6401J, NET=0.0000J, TOTAL=303.6402J, Remaining=77627.30J
[238.731] Task 462 served on STARLINK-33816 qlen_enqueue_cpu=1 qlen_enqueue_net=None time_in_queue=0.000
[238.743] Task 463 enqueued on NET STARLINK-11724 [DTC] qlen_enqueue_net=1
[Task 463] Task eseguito su STARLINK-11724 [DTC] 55.07551847801438 degrees | CPU=60.8209J, NET=0.0003J, TOTAL=60.8212J, Remaining=77852.61J
[238.743] Task 463 served on STARLINK-11724 [DTC] qlen_enqueue_cpu=1 qlen_enqueue_net=1 time_in_queue=0.000
[464][GREEDY] STARLINK-30286 -> STARLINK-11724 [DTC] | Tramission-time: 0.0008595543979719737
[464] Energy routing consumed by STARLINK-30286: 0.000000 J (remaining 77884.83)
[MODE: BIDIRECTIONAL]
[462][GREEDY] CONSEGNATO! STARLINK-33816 -> OBS | Tramission-time: 2.5091633875718062e-11
[MODE: BIDIRECTIONAL]
[463][GREEDY] CONSEGNATO! STARLINK-11724 [DTC] -> OBS | Tramission-time: 2.6986083290060825e-10
---> Task 465 (Type: CPU_and_Data_Intensive) arriva in 238.77
--- [238.77] Task 465 using SearchNode Policy: v1_heuristic ---
[465] Filtro euristico: DTS-TMAX
[238.77] [Task 465] Routed STARLINK-11734 [DTC] -> STARLINK-31207 | E_NET=0.005826 J | Remaining=79999.64 J
[238.776] Task 465 enqueued on CPU STARLINK-31207 qlen_enqueue=1
[MODE: BIDIRECTIONAL]
[464][GREEDY] CONSEGNATO! STARLINK-11724 [DTC] -> OBS | Tramission-time: 1.8527535394921297e-11
[Task 461] Task eseguito su STARLINK-31399 79.26657484406472 degrees | CPU=517.6618J, NET=0.0000J, TOTAL=517.6618J, Remaining=77429.45J
[238.955] Task 461 served on STARLINK-31399 qlen_enqueue_cpu=1 qlen_enqueue_net=None time_in_queue=0.000
[MODE: BIDIRECTIONAL]
[461][GREEDY] CONSEGNATO! STARLINK-31399 -> OBS | Tramission-time: 7.387565848964066e-12
[239.111] Task 465 enqueued on NET STARLINK-31207 qlen_enqueue_net=1
[Task 465] Task eseguito su STARLINK-31207 52.143234243507486 degrees | CPU=267.5242J, NET=0.0067J, TOTAL=267.5309J, Remaining=77622.16J
[239.118] Task 465 served on STARLINK-31207 qlen_enqueue_cpu=1 qlen_enqueue_net=1 time_in_queue=0.000
[465][GREEDY] STARLINK-31207 -> STARLINK-11724 [DTC] | Tramission-time: 0.0015965052702595467
[465] Energy routing consumed by STARLINK-31207: 0.000000 J (remaining 77622.16)
[MODE: BIDIRECTIONAL]
[465][GREEDY] CONSEGNATO! STARLINK-11724 [DTC] -> OBS | Tramission-time: 4.445386270719287e-09
----------------------------------------------------------------------
	||TIME IN SIMULATION : (seconds:240) (minutes: 4) ||

MODIFICA CONFIGURAZIONE IN CORSO...

Aggiornato il Tempo Globale:  2025-11-20 20:59:14
---> Task 466 (Type: Generic_Service) arriva in 240.74
--- [240.74] Task 466 using SearchNode Policy: v1_heuristic ---
[466] Filtro euristico: DTS-TMAX
[240.74] [Task 466] Routed STARLINK-11734 [DTC] -> STARLINK-35307 | E_NET=0.000027 J | Remaining=79999.64 J
[240.740] Task 466 enqueued on CPU STARLINK-35307 qlen_enqueue=1
[Task 466] Task eseguito su STARLINK-35307 48.91645427797386 degrees | CPU=4.7008J, NET=0.0000J, TOTAL=4.7008J, Remaining=77738.90J
[240.748] Task 466 served on STARLINK-35307 qlen_enqueue_cpu=1 qlen_enqueue_net=None time_in_queue=0.000
[466][GREEDY] STARLINK-35307 -> STARLINK-11724 [DTC] | Tramission-time: 0.0014977653640515106
[466] Energy routing consumed by STARLINK-35307: 0.000000 J (remaining 77738.90)
[MODE: BIDIRECTIONAL]
[466][GREEDY] CONSEGNATO! STARLINK-11724 [DTC] -> OBS | Tramission-time: 2.4334126255483416e-11
---> Task 467 (Type: CPU_and_Data_Intensive) arriva in 241.33
--- [241.33] Task 467 using SearchNode Policy: v1_heuristic ---
[467] Filtro euristico: DTS-TMAX
[241.33] [Task 467] Routed STARLINK-11734 [DTC] -> STARLINK-30286 | E_NET=0.004854 J | Remaining=79999.63 J
[241.333] Task 467 enqueued on CPU STARLINK-30286 qlen_enqueue=1
[241.498] Task 467 enqueued on NET STARLINK-30286 qlen_enqueue_net=1
[Task 467] Task eseguito su STARLINK-30286 64.17667362461704 degrees | CPU=132.0734J, NET=0.0052J, TOTAL=132.0786J, Remaining=77752.76J
[241.503] Task 467 served on STARLINK-30286 qlen_enqueue_cpu=1 qlen_enqueue_net=1 time_in_queue=0.000
---> Task 468 (Type: CPU_Intensive) arriva in 241.53
--- [241.53] Task 468 using SearchNode Policy: v1_heuristic ---
[468] Filtro euristico: DTS-TMAX
[241.53] [Task 468] Routed STARLINK-11734 [DTC] -> STARLINK-32945 | E_NET=0.000012 J | Remaining=79999.63 J
[241.529] Task 468 enqueued on CPU STARLINK-32945 qlen_enqueue=1
[467][GREEDY] STARLINK-30286 -> STARLINK-11724 [DTC] | Tramission-time: 0.0008544366485097356
[467] Energy routing consumed by STARLINK-30286: 0.000000 J (remaining 77752.76)
[MODE: BIDIRECTIONAL]
[467][GREEDY] CONSEGNATO! STARLINK-11724 [DTC] -> OBS | Tramission-time: 4.072336014771152e-09
[Task 468] Task eseguito su STARLINK-32945 48.05790363306121 degrees | CPU=279.9818J, NET=0.0000J, TOTAL=279.9818J, Remaining=77603.13J
[241.880] Task 468 served on STARLINK-32945 qlen_enqueue_cpu=1 qlen_enqueue_net=None time_in_queue=0.000
[468][GREEDY] STARLINK-32945 -> STARLINK-11724 [DTC] | Tramission-time: 0.0010484589955429963
[468] Energy routing consumed by STARLINK-32945: 0.000000 J (remaining 77603.13)
[MODE: BIDIRECTIONAL]
[468][GREEDY] CONSEGNATO! STARLINK-11724 [DTC] -> OBS | Tramission-time: 1.5217198253261693e-11
----------------------------------------------------------------------
	||TIME IN SIMULATION : (seconds:242) (minutes: 4) ||

MODIFICA CONFIGURAZIONE IN CORSO...

Aggiornato il Tempo Globale:  2025-11-20 20:59:16
---> Task 469 (Type: Generic_Service) arriva in 242.33
--- [242.33] Task 469 using SearchNode Policy: v1_heuristic ---
[469] Filtro euristico: DTS-TMAX
[242.33] [Task 469] Routed STARLINK-11734 [DTC] -> STARLINK-11724 [DTC] | E_NET=0.000015 J | Remaining=79999.63 J
[242.335] Task 469 enqueued on CPU STARLINK-11724 [DTC] qlen_enqueue=1
[Task 469] Task eseguito su STARLINK-11724 [DTC] 55.19090886711927 degrees | CPU=23.7688J, NET=0.0000J, TOTAL=23.7688J, Remaining=77828.84J
[242.366] Task 469 served on STARLINK-11724 [DTC] qlen_enqueue_cpu=1 qlen_enqueue_net=None time_in_queue=0.000
[MODE: BIDIRECTIONAL]
[469][GREEDY] CONSEGNATO! STARLINK-11724 [DTC] -> OBS | Tramission-time: 1.5528866337599988e-11
---> Task 470 (Type: Generic_Service) arriva in 243.48
--- [243.48] Task 470 using SearchNode Policy: v1_heuristic ---
[470] Filtro euristico: DTS-TMAX
[243.48] [Task 470] Routed STARLINK-11734 [DTC] -> STARLINK-11724 [DTC] | E_NET=0.000028 J | Remaining=79999.63 J
[243.480] Task 470 enqueued on CPU STARLINK-11724 [DTC] qlen_enqueue=1
[Task 470] Task eseguito su STARLINK-11724 [DTC] 55.19090886711927 degrees | CPU=15.9307J, NET=0.0000J, TOTAL=15.9308J, Remaining=77812.91J
[243.502] Task 470 served on STARLINK-11724 [DTC] qlen_enqueue_cpu=1 qlen_enqueue_net=None time_in_queue=0.000
[MODE: BIDIRECTIONAL]
[470][GREEDY] CONSEGNATO! STARLINK-11724 [DTC] -> OBS | Tramission-time: 3.215935227396078e-11
---> Task 471 (Type: Generic_Service) arriva in 243.71
--- [243.71] Task 471 using SearchNode Policy: v1_heuristic ---
[471] Filtro euristico: DTS-TMAX
[243.71] [Task 471] Routed STARLINK-11734 [DTC] -> STARLINK-35307 | E_NET=0.000014 J | Remaining=79999.63 J
[243.709] Task 471 enqueued on CPU STARLINK-35307 qlen_enqueue=1
[Task 471] Task eseguito su STARLINK-35307 47.81421461065303 degrees | CPU=5.5864J, NET=0.0000J, TOTAL=5.5864J, Remaining=77733.32J
[243.717] Task 471 served on STARLINK-35307 qlen_enqueue_cpu=1 qlen_enqueue_net=None time_in_queue=0.000
[471][GREEDY] STARLINK-35307 -> STARLINK-11724 [DTC] | Tramission-time: 0.0014882197362100745
[471] Energy routing consumed by STARLINK-35307: 0.000000 J (remaining 77733.32)
[MODE: BIDIRECTIONAL]
[471][GREEDY] CONSEGNATO! STARLINK-11724 [DTC] -> OBS | Tramission-time: 1.6976908096326036e-11
---> Task 472 (Type: Generic_Service) arriva in 243.87
--- [243.87] Task 472 using SearchNode Policy: v1_heuristic ---
[472] Filtro euristico: DTS-TMAX
[243.87] [Task 472] Routed STARLINK-11734 [DTC] -> STARLINK-33947 | E_NET=0.000034 J | Remaining=79999.63 J
[243.869] Task 472 enqueued on CPU STARLINK-33947 qlen_enqueue=1
[Task 472] Task eseguito su STARLINK-33947 55.320534023068895 degrees | CPU=9.1765J, NET=0.0000J, TOTAL=9.1765J, Remaining=77808.55J
[243.883] Task 472 served on STARLINK-33947 qlen_enqueue_cpu=1 qlen_enqueue_net=None time_in_queue=0.000
[472][GREEDY] STARLINK-33947 -> STARLINK-11724 [DTC] | Tramission-time: 0.001811462706562891
[472] Energy routing consumed by STARLINK-33947: 0.000000 J (remaining 77808.55)
[MODE: BIDIRECTIONAL]
[472][GREEDY] CONSEGNATO! STARLINK-11724 [DTC] -> OBS | Tramission-time: 2.8005170782761e-11
----------------------------------------------------------------------
	||TIME IN SIMULATION : (seconds:244) (minutes: 4) ||

MODIFICA CONFIGURAZIONE IN CORSO...

Aggiornato il Tempo Globale:  2025-11-20 20:59:18
---> Task 473 (Type: Generic_Service) arriva in 244.44
--- [244.44] Task 473 using SearchNode Policy: v1_heuristic ---
[473] Filtro euristico: DTS-TMAX
[244.44] [Task 473] Routed STARLINK-11734 [DTC] -> STARLINK-4466 | E_NET=0.000031 J | Remaining=79999.63 J
[244.444] Task 473 enqueued on CPU STARLINK-4466 qlen_enqueue=1
[Task 473] Task eseguito su STARLINK-4466 42.13237091436749 degrees | CPU=74.5336J, NET=0.0000J, TOTAL=74.5337J, Remaining=79925.47J
[244.539] Task 473 served on STARLINK-4466 qlen_enqueue_cpu=1 qlen_enqueue_net=None time_in_queue=0.000
[473][GREEDY] STARLINK-4466 -> STARLINK-35398 | Tramission-time: 0.0019150444474262565
[473] Energy routing consumed by STARLINK-4466: 0.000000 J (remaining 79925.47)
[MODE: BIDIRECTIONAL]
[473][GREEDY] CONSEGNATO! STARLINK-35398 -> OBS | Tramission-time: 3.277473518802241e-11
---> Task 474 (Type: CPU_Intensive) arriva in 245.01
--- [245.01] Task 474 using SearchNode Policy: v1_heuristic ---
[474] Filtro euristico: DTS-TMAX
[245.01] [Task 474] Routed STARLINK-11734 [DTC] -> STARLINK-4466 | E_NET=0.000023 J | Remaining=79999.63 J
[245.016] Task 474 enqueued on CPU STARLINK-4466 qlen_enqueue=1
[Task 474] Task eseguito su STARLINK-4466 42.13237091436749 degrees | CPU=518.2683J, NET=0.0000J, TOTAL=518.2683J, Remaining=79407.20J
[245.667] Task 474 served on STARLINK-4466 qlen_enqueue_cpu=1 qlen_enqueue_net=None time_in_queue=0.000
[474][GREEDY] STARLINK-4466 -> STARLINK-35398 | Tramission-time: 0.0019150444405466088
[474] Energy routing consumed by STARLINK-4466: 0.000000 J (remaining 79407.20)
[MODE: BIDIRECTIONAL]
[474][GREEDY] CONSEGNATO! STARLINK-35398 -> OBS | Tramission-time: 2.381086834948071e-11
----------------------------------------------------------------------
	||TIME IN SIMULATION : (seconds:246) (minutes: 4) ||

MODIFICA CONFIGURAZIONE IN CORSO...

Aggiornato il Tempo Globale:  2025-11-20 20:59:20
---> Task 475 (Type: CPU_and_Data_Intensive) arriva in 246.30
--- [246.30] Task 475 using SearchNode Policy: v1_heuristic ---
[475] Filtro euristico: DTS-TMAX
[246.30] [Task 475] Routed STARLINK-11734 [DTC] -> STARLINK-32442 | E_NET=0.004725 J | Remaining=79999.63 J
[246.308] Task 475 enqueued on CPU STARLINK-32442 qlen_enqueue=1
---> Task 476 (Type: CPU_and_Data_Intensive) arriva in 246.44
--- [246.44] Task 476 using SearchNode Policy: v1_heuristic ---
[476] Filtro euristico: DTS-TMAX
[246.44] [Task 476] Routed STARLINK-11734 [DTC] -> STARLINK-4466 | E_NET=0.005418 J | Remaining=79999.62 J
[246.446] Task 476 enqueued on CPU STARLINK-4466 qlen_enqueue=1
[246.655] Task 476 enqueued on NET STARLINK-4466 qlen_enqueue_net=1
[Task 476] Task eseguito su STARLINK-4466 42.85810933036917 degrees | CPU=166.7005J, NET=0.0068J, TOTAL=166.7073J, Remaining=79240.49J
[246.662] Task 476 served on STARLINK-4466 qlen_enqueue_cpu=1 qlen_enqueue_net=1 time_in_queue=0.000
[476][GREEDY] STARLINK-4466 -> STARLINK-33816 | Tramission-time: 0.0017633876832429658
[476] Energy routing consumed by STARLINK-4466: 0.000000 J (remaining 79240.49)
[MODE: BIDIRECTIONAL]
[476][GREEDY] CONSEGNATO! STARLINK-33816 -> OBS | Tramission-time: 4.51695195954012e-09
[246.961] Task 475 enqueued on NET STARLINK-32442 qlen_enqueue_net=1
[Task 475] Task eseguito su STARLINK-32442 62.209729997988276 degrees | CPU=522.1938J, NET=0.0048J, TOTAL=522.1986J, Remaining=79477.80J
[246.966] Task 475 served on STARLINK-32442 qlen_enqueue_cpu=1 qlen_enqueue_net=1 time_in_queue=0.000
[475][GREEDY] STARLINK-32442 -> STARLINK-11724 [DTC] | Tramission-time: 0.0011608549839460809
[475] Energy routing consumed by STARLINK-32442: 0.000000 J (remaining 79477.80)
[MODE: BIDIRECTIONAL]
[475][GREEDY] CONSEGNATO! STARLINK-11724 [DTC] -> OBS | Tramission-time: 3.3406473382906314e-09
---> Task 477 (Type: CPU_Intensive) arriva in 247.13
--- [247.13] Task 477 using SearchNode Policy: v1_heuristic ---
[477] Filtro euristico: DTS-TMAX
[247.13] [Task 477] Routed STARLINK-11734 [DTC] -> STARLINK-32442 | E_NET=0.000020 J | Remaining=79999.62 J
[247.131] Task 477 enqueued on CPU STARLINK-32442 qlen_enqueue=1
[Task 477] Task eseguito su STARLINK-32442 62.209729997988276 degrees | CPU=64.3335J, NET=0.0000J, TOTAL=64.3335J, Remaining=79413.47J
[247.213] Task 477 served on STARLINK-32442 qlen_enqueue_cpu=1 qlen_enqueue_net=None time_in_queue=0.000
[477][GREEDY] STARLINK-32442 -> STARLINK-11724 [DTC] | Tramission-time: 0.0011608518457815722
[477] Energy routing consumed by STARLINK-32442: 0.000000 J (remaining 79413.47)
[MODE: BIDIRECTIONAL]
[477][GREEDY] CONSEGNATO! STARLINK-11724 [DTC] -> OBS | Tramission-time: 1.5171283601927643e-11
---> Task 478 (Type: CPU_and_Data_Intensive) arriva in 247.39
--- [247.39] Task 478 using SearchNode Policy: v1_heuristic ---
[478] Filtro euristico: DTS-TMAX
[247.39] [Task 478] Routed STARLINK-11734 [DTC] -> STARLINK-32442 | E_NET=0.003801 J | Remaining=79999.62 J
[247.400] Task 478 enqueued on CPU STARLINK-32442 qlen_enqueue=1
---> Task 479 (Type: CPU_Intensive) arriva in 247.77
--- [247.77] Task 479 using SearchNode Policy: v1_heuristic ---
[479] Filtro euristico: DTS-TMAX
[247.77] [Task 479] Routed STARLINK-11734 [DTC] -> STARLINK-4466 | E_NET=0.000011 J | Remaining=79999.62 J
[247.768] Task 479 enqueued on CPU STARLINK-4466 qlen_enqueue=1
----------------------------------------------------------------------
	||TIME IN SIMULATION : (seconds:248) (minutes: 4) ||

MODIFICA CONFIGURAZIONE IN CORSO...

Aggiornato il Tempo Globale:  2025-11-20 20:59:22
[248.219] Task 478 enqueued on NET STARLINK-32442 qlen_enqueue_net=1
[Task 478] Task eseguito su STARLINK-32442 63.33533414727137 degrees | CPU=654.7424J, NET=0.0038J, TOTAL=654.7462J, Remaining=78758.72J
[248.223] Task 478 served on STARLINK-32442 qlen_enqueue_cpu=1 qlen_enqueue_net=1 time_in_queue=0.000
[MODE: BIDIRECTIONAL]
[478][GREEDY] CONSEGNATO! STARLINK-32442 -> OBS | Tramission-time: 2.889778795751368e-09
[Task 479] Task eseguito su STARLINK-4466 43.59580075213359 degrees | CPU=412.8373J, NET=0.0000J, TOTAL=412.8373J, Remaining=78827.65J
[248.286] Task 479 served on STARLINK-4466 qlen_enqueue_cpu=1 qlen_enqueue_net=None time_in_queue=0.000
[479][GREEDY] STARLINK-4466 -> STARLINK-33816 | Tramission-time: 0.0016943741890869508
[479] Energy routing consumed by STARLINK-4466: 0.000000 J (remaining 78827.65)
[MODE: BIDIRECTIONAL]
[479][GREEDY] CONSEGNATO! STARLINK-33816 -> OBS | Tramission-time: 1.105576654260135e-11
---> Task 480 (Type: CPU_Intensive) arriva in 249.04
--- [249.04] Task 480 using SearchNode Policy: v1_heuristic ---
[480] Filtro euristico: DTS-TMAX
[249.04] [Task 480] Routed STARLINK-32442 -> STARLINK-5108 | E_NET=0.000032 J | Remaining=78758.72 J
[249.037] Task 480 enqueued on CPU STARLINK-5108 qlen_enqueue=1
[Task 480] Task eseguito su STARLINK-5108 59.452959187251665 degrees | CPU=212.8713J, NET=0.0000J, TOTAL=212.8713J, Remaining=79787.13J
[249.305] Task 480 served on STARLINK-5108 qlen_enqueue_cpu=1 qlen_enqueue_net=None time_in_queue=0.000
[480][GREEDY] STARLINK-5108 -> STARLINK-11724 [DTC] | Tramission-time: 0.0013376097924450345
[480] Energy routing consumed by STARLINK-5108: 0.000000 J (remaining 79787.13)
[MODE: BIDIRECTIONAL]
[480][GREEDY] CONSEGNATO! STARLINK-11724 [DTC] -> OBS | Tramission-time: 2.898562090188013e-11
---> Task 481 (Type: CPU_Intensive) arriva in 249.58
--- [249.58] Task 481 using SearchNode Policy: v1_heuristic ---
[481] Filtro euristico: DTS-TMAX
[249.58] [Task 481] Routed STARLINK-32442 -> STARLINK-2647 | E_NET=0.000013 J | Remaining=78758.72 J
[249.582] Task 481 enqueued on CPU STARLINK-2647 qlen_enqueue=1
----------------------------------------------------------------------
	||TIME IN SIMULATION : (seconds:250) (minutes: 4) ||

MODIFICA CONFIGURAZIONE IN CORSO...

Aggiornato il Tempo Globale:  2025-11-20 20:59:24
---> Task 482 (Type: Generic_Service) arriva in 250.13
--- [250.13] Task 482 using SearchNode Policy: v1_heuristic ---
[482] Filtro euristico: DTS-TMAX
[Task 482] Nessun server rimasto dopo i filtri (deadline/sunset).
[Task 482] REJECTED on STARLINK-32442 due to: No suitable server found after deadline/sunset filters
---> Task 483 (Type: Generic_Service) arriva in 250.34
--- [250.34] Task 483 using SearchNode Policy: v1_heuristic ---
[483] Filtro euristico: DTS-TMAX
[250.34] [Task 483] Routed STARLINK-32442 -> STARLINK-30604 | E_NET=0.000027 J | Remaining=78758.72 J
[250.336] Task 483 enqueued on CPU STARLINK-30604 qlen_enqueue=1
[Task 483] Task eseguito su STARLINK-30604 50.77358267274032 degrees | CPU=39.7442J, NET=0.0000J, TOTAL=39.7442J, Remaining=79960.26J
[250.388] Task 483 served on STARLINK-30604 qlen_enqueue_cpu=1 qlen_enqueue_net=None time_in_queue=0.000
---> Task 484 (Type: CPU_Intensive) arriva in 250.47
--- [250.47] Task 484 using SearchNode Policy: v1_heuristic ---
[484] Filtro euristico: DTS-TMAX
[250.47] [Task 484] Routed STARLINK-32442 -> STARLINK-4476 | E_NET=0.000024 J | Remaining=78758.72 J
[250.475] Task 484 enqueued on CPU STARLINK-4476 qlen_enqueue=1
[483][GREEDY] STARLINK-30604 -> STARLINK-11724 [DTC] | Tramission-time: 0.0017226523140288154
[483] Energy routing consumed by STARLINK-30604: 0.000000 J (remaining 79960.26)
---> Task 485 (Type: Generic_Service) arriva in 250.56
--- [250.56] Task 485 using SearchNode Policy: v1_heuristic ---
[485] Filtro euristico: DTS-TMAX
[250.56] [Task 485] Routed STARLINK-32442 -> STARLINK-30517 | E_NET=0.000036 J | Remaining=78758.72 J
[250.560] Task 485 enqueued on CPU STARLINK-30517 qlen_enqueue=1
[Task 485] Task eseguito su STARLINK-30517 51.27261440844505 degrees | CPU=12.6908J, NET=0.0000J, TOTAL=12.6909J, Remaining=79987.31J
[250.578] Task 485 served on STARLINK-30517 qlen_enqueue_cpu=1 qlen_enqueue_net=None time_in_queue=0.000
---> Task 486 (Type: CPU_and_Data_Intensive) arriva in 250.58
--- [250.58] Task 486 using SearchNode Policy: v1_heuristic ---
[486] Filtro euristico: DTS-TMAX
[250.58] [Task 486] Routed STARLINK-32442 -> STARLINK-33881 | E_NET=0.000338 J | Remaining=78758.72 J
[250.585] Task 486 enqueued on CPU STARLINK-33881 qlen_enqueue=1
[MODE: BIDIRECTIONAL]
[483][GREEDY] CONSEGNATO! STARLINK-11724 [DTC] -> OBS | Tramission-time: 2.1087433640782567e-11
[485][GREEDY] STARLINK-30517 -> STARLINK-11724 [DTC] | Tramission-time: 0.001965866114577249
[485] Energy routing consumed by STARLINK-30517: 0.000000 J (remaining 79987.31)
[Task 484] Task eseguito su STARLINK-4476 51.11119766644155 degrees | CPU=166.7058J, NET=0.0000J, TOTAL=166.7059J, Remaining=79833.29J
[250.685] Task 484 served on STARLINK-4476 qlen_enqueue_cpu=1 qlen_enqueue_net=None time_in_queue=0.000
[484][GREEDY] STARLINK-4476 -> STARLINK-11724 [DTC] | Tramission-time: 0.0014272853377706668
[484] Energy routing consumed by STARLINK-4476: 0.000000 J (remaining 79833.29)
[MODE: BIDIRECTIONAL]
[485][GREEDY] CONSEGNATO! STARLINK-11724 [DTC] -> OBS | Tramission-time: 2.947595456502529e-11
[MODE: BIDIRECTIONAL]
[484][GREEDY] CONSEGNATO! STARLINK-11724 [DTC] -> OBS | Tramission-time: 1.9280595742432128e-11
---> Task 487 (Type: CPU_Intensive) arriva in 250.91
--- [250.91] Task 487 using SearchNode Policy: v1_heuristic ---
[487] Filtro euristico: DTS-TMAX
[250.91] [Task 487] Routed STARLINK-32442 -> STARLINK-30517 | E_NET=0.000018 J | Remaining=78758.72 J
[250.908] Task 487 enqueued on CPU STARLINK-30517 qlen_enqueue=1
[250.977] Task 486 enqueued on NET STARLINK-33881 qlen_enqueue_net=1
[Task 486] Task eseguito su STARLINK-33881 43.99471149800731 degrees | CPU=313.2013J, NET=0.0004J, TOTAL=313.2016J, Remaining=79686.80J
[250.977] Task 486 served on STARLINK-33881 qlen_enqueue_cpu=1 qlen_enqueue_net=1 time_in_queue=0.000
[486][GREEDY] STARLINK-33881 -> STARLINK-11724 [DTC] | Tramission-time: 0.0018720051518826277
[486] Energy routing consumed by STARLINK-33881: 0.000000 J (remaining 79686.80)
[MODE: BIDIRECTIONAL]
[486][GREEDY] CONSEGNATO! STARLINK-11724 [DTC] -> OBS | Tramission-time: 3.276791238446546e-10
---> Task 488 (Type: Generic_Service) arriva in 251.30
--- [251.30] Task 488 using SearchNode Policy: v1_heuristic ---
[488] Filtro euristico: DTS-TMAX
[251.30] [Task 488] Routed STARLINK-32442 -> STARLINK-30604 | E_NET=0.000021 J | Remaining=78758.72 J
[251.300] Task 488 enqueued on CPU STARLINK-30604 qlen_enqueue=1
[Task 488] Task eseguito su STARLINK-30604 50.77358267274032 degrees | CPU=26.6590J, NET=0.0000J, TOTAL=26.6590J, Remaining=79933.60J
[251.335] Task 488 served on STARLINK-30604 qlen_enqueue_cpu=1 qlen_enqueue_net=None time_in_queue=0.000
[488][GREEDY] STARLINK-30604 -> STARLINK-11724 [DTC] | Tramission-time: 0.001722652306690243
[488] Energy routing consumed by STARLINK-30604: 0.000000 J (remaining 79933.60)
[MODE: BIDIRECTIONAL]
[488][GREEDY] CONSEGNATO! STARLINK-11724 [DTC] -> OBS | Tramission-time: 1.6150534001116505e-11
[Task 487] Task eseguito su STARLINK-30517 51.27261440844505 degrees | CPU=636.4157J, NET=0.0000J, TOTAL=636.4157J, Remaining=79350.89J
[251.706] Task 487 served on STARLINK-30517 qlen_enqueue_cpu=1 qlen_enqueue_net=None time_in_queue=0.000
[Task 481] Task eseguito su STARLINK-2647 66.19499162241516 degrees | CPU=1703.8931J, NET=0.0000J, TOTAL=1703.8931J, Remaining=78296.11J
[251.716] Task 481 served on STARLINK-2647 qlen_enqueue_cpu=1 qlen_enqueue_net=None time_in_queue=0.000
---> Task 489 (Type: Generic_Service) arriva in 251.79
--- [251.79] Task 489 using SearchNode Policy: v1_heuristic ---
[489] Filtro euristico: DTS-TMAX
[251.79] [Task 489] Routed STARLINK-32442 -> STARLINK-30604 | E_NET=0.000012 J | Remaining=78758.72 J
[251.792] Task 489 enqueued on CPU STARLINK-30604 qlen_enqueue=1
[481][GREEDY] STARLINK-2647 -> STARLINK-11724 [DTC] | Tramission-time: 0.0016168019364314172
[481] Energy routing consumed by STARLINK-2647: 0.000000 J (remaining 78296.11)
[MODE: BIDIRECTIONAL]
[481][GREEDY] CONSEGNATO! STARLINK-11724 [DTC] -> OBS | Tramission-time: 1.3349288505522284e-11
[487][GREEDY] STARLINK-30517 -> STARLINK-11724 [DTC] | Tramission-time: 0.0019658660957097038
[487] Energy routing consumed by STARLINK-30517: 0.000000 J (remaining 79350.89)
[Task 489] Task eseguito su STARLINK-30604 50.77358267274032 degrees | CPU=74.8096J, NET=0.0000J, TOTAL=74.8096J, Remaining=79858.79J
[251.886] Task 489 served on STARLINK-30604 qlen_enqueue_cpu=1 qlen_enqueue_net=None time_in_queue=0.000
[MODE: BIDIRECTIONAL]
[487][GREEDY] CONSEGNATO! STARLINK-11724 [DTC] -> OBS | Tramission-time: 1.2995224125644962e-11
[489][GREEDY] STARLINK-30604 -> STARLINK-11724 [DTC] | Tramission-time: 0.0017226522984594237
[489] Energy routing consumed by STARLINK-30604: 0.000000 J (remaining 79858.79)
----------------------------------------------------------------------
	||TIME IN SIMULATION : (seconds:252) (minutes: 4) ||

MODIFICA CONFIGURAZIONE IN CORSO...

Aggiornato il Tempo Globale:  2025-11-20 20:59:26
[MODE: BIDIRECTIONAL]
[489][GREEDY] CONSEGNATO! STARLINK-11724 [DTC] -> OBS | Tramission-time: 8.539858173881156e-12
---> Task 490 (Type: Generic_Service) arriva in 252.38
--- [252.38] Task 490 using SearchNode Policy: v1_heuristic ---
[490] Filtro euristico: DTS-TMAX
[252.38] [Task 490] Routed STARLINK-32442 -> STARLINK-30604 | E_NET=0.000013 J | Remaining=78758.72 J
[252.382] Task 490 enqueued on CPU STARLINK-30604 qlen_enqueue=1
---> Task 491 (Type: CPU_and_Data_Intensive) arriva in 252.44
--- [252.44] Task 491 using SearchNode Policy: v1_heuristic ---
[491] Filtro euristico: DTS-TMAX
[252.44] [Task 491] Routed STARLINK-32442 -> STARLINK-4476 | E_NET=0.001028 J | Remaining=78758.72 J
[252.437] Task 491 enqueued on CPU STARLINK-4476 qlen_enqueue=1
[Task 490] Task eseguito su STARLINK-30604 51.72946578343771 degrees | CPU=80.3925J, NET=0.0000J, TOTAL=80.3925J, Remaining=79778.39J
[252.483] Task 490 served on STARLINK-30604 qlen_enqueue_cpu=1 qlen_enqueue_net=None time_in_queue=0.000
[490][GREEDY] STARLINK-30604 -> STARLINK-11724 [DTC] | Tramission-time: 0.0017339476700276267
[490] Energy routing consumed by STARLINK-30604: 0.000000 J (remaining 79778.39)
[MODE: BIDIRECTIONAL]
[490][GREEDY] CONSEGNATO! STARLINK-11724 [DTC] -> OBS | Tramission-time: 1.3378196785392344e-11
---> Task 492 (Type: CPU_Intensive) arriva in 252.72
--- [252.72] Task 492 using SearchNode Policy: v1_heuristic ---
[492] Filtro euristico: DTS-TMAX
[Task 492] Nessun server rimasto dopo i filtri (deadline/sunset).
[Task 492] REJECTED on STARLINK-32442 due to: No suitable server found after deadline/sunset filters
[252.773] Task 491 enqueued on NET STARLINK-4476 qlen_enqueue_net=1
[Task 491] Task eseguito su STARLINK-4476 51.539085838816106 degrees | CPU=268.6600J, NET=0.0014J, TOTAL=268.6614J, Remaining=79564.63J
[252.775] Task 491 served on STARLINK-4476 qlen_enqueue_cpu=1 qlen_enqueue_net=1 time_in_queue=0.000
[491][GREEDY] STARLINK-4476 -> STARLINK-11724 [DTC] | Tramission-time: 0.0014334552161365097
[491] Energy routing consumed by STARLINK-4476: 0.000000 J (remaining 79564.63)
[MODE: BIDIRECTIONAL]
[491][GREEDY] CONSEGNATO! STARLINK-11724 [DTC] -> OBS | Tramission-time: 9.6693826481408e-10
---> Task 493 (Type: Generic_Service) arriva in 253.70
--- [253.70] Task 493 using SearchNode Policy: v1_heuristic ---
[493] Filtro euristico: DTS-TMAX
[253.70] [Task 493] Routed STARLINK-32442 -> STARLINK-5108 | E_NET=0.000014 J | Remaining=78758.72 J
[253.700] Task 493 enqueued on CPU STARLINK-5108 qlen_enqueue=1
[Task 493] Task eseguito su STARLINK-5108 61.47839243039285 degrees | CPU=87.2300J, NET=0.0000J, TOTAL=87.2300J, Remaining=79699.90J
[253.810] Task 493 served on STARLINK-5108 qlen_enqueue_cpu=1 qlen_enqueue_net=None time_in_queue=0.000
[493][GREEDY] STARLINK-5108 -> STARLINK-11724 [DTC] | Tramission-time: 0.001401467078337286
[493] Energy routing consumed by STARLINK-5108: 0.000000 J (remaining 79699.90)
[MODE: BIDIRECTIONAL]
[493][GREEDY] CONSEGNATO! STARLINK-11724 [DTC] -> OBS | Tramission-time: 1.1584056106940292e-11
----------------------------------------------------------------------
	||TIME IN SIMULATION : (seconds:254) (minutes: 4) ||

MODIFICA CONFIGURAZIONE IN CORSO...

Aggiornato il Tempo Globale:  2025-11-20 20:59:28
---> Task 494 (Type: Generic_Service) arriva in 254.42
--- [254.42] Task 494 using SearchNode Policy: v1_heuristic ---
[494] Filtro euristico: DTS-TMAX
[254.42] [Task 494] Routed STARLINK-32442 -> STARLINK-11187 [DTC] | E_NET=0.000017 J | Remaining=78758.72 J
[254.425] Task 494 enqueued on CPU STARLINK-11187 [DTC] qlen_enqueue=1
[Task 494] Task eseguito su STARLINK-11187 [DTC] 40.192592737747695 degrees | CPU=15.1799J, NET=0.0000J, TOTAL=15.1799J, Remaining=79984.82J
[254.445] Task 494 served on STARLINK-11187 [DTC] qlen_enqueue_cpu=1 qlen_enqueue_net=None time_in_queue=0.000
[494][GREEDY] STARLINK-11187 [DTC] -> STARLINK-11724 [DTC] | Tramission-time: 0.00206449477623714
[494] Energy routing consumed by STARLINK-11187 [DTC]: 0.000000 J (remaining 79984.82)
[MODE: BIDIRECTIONAL]
[494][GREEDY] CONSEGNATO! STARLINK-11724 [DTC] -> OBS | Tramission-time: 1.4134178380713e-11
---> Task 495 (Type: CPU_and_Data_Intensive) arriva in 254.98
--- [254.98] Task 495 using SearchNode Policy: v1_heuristic ---
[495] Filtro euristico: DTS-TMAX
[254.98] [Task 495] Routed STARLINK-32442 -> STARLINK-30283 | E_NET=0.001980 J | Remaining=78758.72 J
[254.988] Task 495 enqueued on CPU STARLINK-30283 qlen_enqueue=1
[255.176] Task 495 enqueued on NET STARLINK-30283 qlen_enqueue_net=1
[Task 495] Task eseguito su STARLINK-30283 40.35551793763983 degrees | CPU=150.0327J, NET=0.0028J, TOTAL=150.0354J, Remaining=79849.96J
[255.179] Task 495 served on STARLINK-30283 qlen_enqueue_cpu=1 qlen_enqueue_net=1 time_in_queue=0.000
[495][GREEDY] STARLINK-30283 -> STARLINK-11724 [DTC] | Tramission-time: 0.0009792676136654323
[495] Energy routing consumed by STARLINK-30283: 0.000000 J (remaining 79849.96)
[MODE: BIDIRECTIONAL]
[495][GREEDY] CONSEGNATO! STARLINK-11724 [DTC] -> OBS | Tramission-time: 1.809635423764319e-09
---> Task 496 (Type: CPU_Intensive) arriva in 255.79
--- [255.79] Task 496 using SearchNode Policy: v1_heuristic ---
[496] Filtro euristico: DTS-TMAX
[255.79] [Task 496] Routed STARLINK-32442 -> STARLINK-11187 [DTC] | E_NET=0.000020 J | Remaining=78758.72 J
[255.793] Task 496 enqueued on CPU STARLINK-11187 [DTC] qlen_enqueue=1
----------------------------------------------------------------------
	||TIME IN SIMULATION : (seconds:256) (minutes: 4) ||

MODIFICA CONFIGURAZIONE IN CORSO...

Aggiornato il Tempo Globale:  2025-11-20 20:59:30
[Task 496] Task eseguito su STARLINK-11187 [DTC] 40.523022602761486 degrees | CPU=240.3290J, NET=0.0000J, TOTAL=240.3290J, Remaining=79744.49J
[256.095] Task 496 served on STARLINK-11187 [DTC] qlen_enqueue_cpu=1 qlen_enqueue_net=None time_in_queue=0.000
[496][GREEDY] STARLINK-11187 [DTC] -> STARLINK-11724 [DTC] | Tramission-time: 0.002103386724756536
[496] Energy routing consumed by STARLINK-11187 [DTC]: 0.000000 J (remaining 79744.49)
[MODE: BIDIRECTIONAL]
[496][GREEDY] CONSEGNATO! STARLINK-11724 [DTC] -> OBS | Tramission-time: 1.9138657772954013e-11
---> Task 497 (Type: Generic_Service) arriva in 256.87
--- [256.87] Task 497 using SearchNode Policy: v1_heuristic ---
[497] Filtro euristico: DTS-TMAX
[256.87] [Task 497] Routed STARLINK-32442 -> STARLINK-30283 | E_NET=0.000022 J | Remaining=78758.72 J
[256.875] Task 497 enqueued on CPU STARLINK-30283 qlen_enqueue=1
[Task 497] Task eseguito su STARLINK-30283 40.9653065221033 degrees | CPU=16.4948J, NET=0.0000J, TOTAL=16.4948J, Remaining=79833.47J
[256.898] Task 497 served on STARLINK-30283 qlen_enqueue_cpu=1 qlen_enqueue_net=None time_in_queue=0.000
[497][GREEDY] STARLINK-30283 -> STARLINK-11724 [DTC] | Tramission-time: 0.0009361530279394429
[497] Energy routing consumed by STARLINK-30283: 0.000000 J (remaining 79833.47)
[MODE: BIDIRECTIONAL]
[497][GREEDY] CONSEGNATO! STARLINK-11724 [DTC] -> OBS | Tramission-time: 2.0389655838878945e-11
---> Task 498 (Type: Generic_Service) arriva in 257.08
--- [257.08] Task 498 using SearchNode Policy: v1_heuristic ---
[498] Filtro euristico: DTS-TMAX
[257.08] [Task 498] Routed STARLINK-32442 -> STARLINK-30283 | E_NET=0.000016 J | Remaining=78758.72 J
[257.077] Task 498 enqueued on CPU STARLINK-30283 qlen_enqueue=1
[Task 498] Task eseguito su STARLINK-30283 40.9653065221033 degrees | CPU=39.5983J, NET=0.0000J, TOTAL=39.5984J, Remaining=79793.87J
[257.128] Task 498 served on STARLINK-30283 qlen_enqueue_cpu=1 qlen_enqueue_net=None time_in_queue=0.000
[498][GREEDY] STARLINK-30283 -> STARLINK-11724 [DTC] | Tramission-time: 0.0009361530211275151
[498] Energy routing consumed by STARLINK-30283: 0.000000 J (remaining 79793.87)
[MODE: BIDIRECTIONAL]
[498][GREEDY] CONSEGNATO! STARLINK-11724 [DTC] -> OBS | Tramission-time: 1.7872741022006634e-11
---> Task 499 (Type: CPU_Intensive) arriva in 257.67
--- [257.67] Task 499 using SearchNode Policy: v1_heuristic ---
[499] Filtro euristico: DTS-TMAX
[257.67] [Task 499] Routed STARLINK-32442 -> STARLINK-30283 | E_NET=0.000022 J | Remaining=78758.72 J
[257.673] Task 499 enqueued on CPU STARLINK-30283 qlen_enqueue=1
----------------------------------------------------------------------
	||TIME IN SIMULATION : (seconds:258) (minutes: 4) ||

MODIFICA CONFIGURAZIONE IN CORSO...

Aggiornato il Tempo Globale:  2025-11-20 20:59:32
---> Task 500 (Type: Generic_Service) arriva in 258.02
--- [258.02] Task 500 using SearchNode Policy: v1_heuristic ---
[500] Filtro euristico: DTS-TMAX
[258.02] [Task 500] Routed STARLINK-32442 -> STARLINK-30604 | E_NET=0.000028 J | Remaining=78758.72 J
[258.016] Task 500 enqueued on CPU STARLINK-30604 qlen_enqueue=1
[Task 500] Task eseguito su STARLINK-30604 54.72261790513377 degrees | CPU=115.8118J, NET=0.0000J, TOTAL=115.8118J, Remaining=79662.58J
[258.163] Task 500 served on STARLINK-30604 qlen_enqueue_cpu=1 qlen_enqueue_net=None time_in_queue=0.000
[500][GREEDY] STARLINK-30604 -> STARLINK-11724 [DTC] | Tramission-time: 0.001769530671061344
[500] Energy routing consumed by STARLINK-30604: 0.000000 J (remaining 79662.58)
[Task 499] Task eseguito su STARLINK-30283 41.57503041602352 degrees | CPU=437.1497J, NET=0.0000J, TOTAL=437.1497J, Remaining=79356.72J
[258.222] Task 499 served on STARLINK-30283 qlen_enqueue_cpu=1 qlen_enqueue_net=None time_in_queue=0.000
---> Task 501 (Type: CPU_and_Data_Intensive) arriva in 258.24
--- [258.24] Task 501 using SearchNode Policy: v1_heuristic ---
[501] Filtro euristico: DTS-TMAX
[258.24] [Task 501] Routed STARLINK-32442 -> STARLINK-11187 [DTC] | E_NET=0.006333 J | Remaining=78758.71 J
[258.251] Task 501 enqueued on CPU STARLINK-11187 [DTC] qlen_enqueue=1
---> Task 502 (Type: Generic_Service) arriva in 258.26
--- [258.26] Task 502 using SearchNode Policy: v1_heuristic ---
[502] Filtro euristico: DTS-TMAX
[258.26] [Task 502] Routed STARLINK-32442 -> STARLINK-5108 | E_NET=0.000020 J | Remaining=78758.71 J
[258.262] Task 502 enqueued on CPU STARLINK-5108 qlen_enqueue=1
[Task 502] Task eseguito su STARLINK-5108 64.4817345017237 degrees | CPU=37.2950J, NET=0.0000J, TOTAL=37.2950J, Remaining=79662.60J
[258.310] Task 502 served on STARLINK-5108 qlen_enqueue_cpu=1 qlen_enqueue_net=None time_in_queue=0.000
[502][GREEDY] STARLINK-5108 -> STARLINK-11724 [DTC] | Tramission-time: 0.0015026030504152533
[502] Energy routing consumed by STARLINK-5108: 0.000000 J (remaining 79662.60)
[MODE: BIDIRECTIONAL]
[500][GREEDY] CONSEGNATO! STARLINK-11724 [DTC] -> OBS | Tramission-time: 2.0695673700835094e-11
[499][GREEDY] STARLINK-30283 -> STARLINK-11724 [DTC] | Tramission-time: 0.0008938433596639893
[499] Energy routing consumed by STARLINK-30283: 0.000000 J (remaining 79356.72)
---> Task 503 (Type: CPU_and_Data_Intensive) arriva in 258.39
--- [258.39] Task 503 using SearchNode Policy: v1_heuristic ---
[503] Filtro euristico: DTS-TMAX
[258.39] [Task 503] Routed STARLINK-32442 -> STARLINK-33881 | E_NET=0.005553 J | Remaining=78758.71 J
[258.399] Task 503 enqueued on CPU STARLINK-33881 qlen_enqueue=1
[MODE: BIDIRECTIONAL]
[502][GREEDY] CONSEGNATO! STARLINK-11724 [DTC] -> OBS | Tramission-time: 1.8002824269629257e-11
[MODE: BIDIRECTIONAL]
[499][GREEDY] CONSEGNATO! STARLINK-11724 [DTC] -> OBS | Tramission-time: 2.0333466330657753e-11
[258.832] Task 501 enqueued on NET STARLINK-11187 [DTC] qlen_enqueue_net=1
[Task 501] Task eseguito su STARLINK-11187 [DTC] 40.82093047560342 degrees | CPU=463.8873J, NET=0.0089J, TOTAL=463.8962J, Remaining=79280.59J
[258.840] Task 501 served on STARLINK-11187 [DTC] qlen_enqueue_cpu=1 qlen_enqueue_net=1 time_in_queue=0.000
[501][GREEDY] STARLINK-11187 [DTC] -> STARLINK-11724 [DTC] | Tramission-time: 0.0021424388918188067
[501] Energy routing consumed by STARLINK-11187 [DTC]: 0.000000 J (remaining 79280.59)
[MODE: BIDIRECTIONAL]
[501][GREEDY] CONSEGNATO! STARLINK-11724 [DTC] -> OBS | Tramission-time: 7.041744413509338e-09
---> Task 504 (Type: Generic_Service) arriva in 259.07
--- [259.07] Task 504 using SearchNode Policy: v1_heuristic ---
[504] Filtro euristico: DTS-TMAX
[259.07] [Task 504] Routed STARLINK-32442 -> STARLINK-5108 | E_NET=0.000006 J | Remaining=78758.71 J
[259.067] Task 504 enqueued on CPU STARLINK-5108 qlen_enqueue=1
[Task 504] Task eseguito su STARLINK-5108 64.4817345017237 degrees | CPU=5.7963J, NET=0.0000J, TOTAL=5.7963J, Remaining=79656.81J
[259.075] Task 504 served on STARLINK-5108 qlen_enqueue_cpu=1 qlen_enqueue_net=None time_in_queue=0.000
[504][GREEDY] STARLINK-5108 -> STARLINK-11724 [DTC] | Tramission-time: 0.001502603038106572
[504] Energy routing consumed by STARLINK-5108: 0.000000 J (remaining 79656.81)
[MODE: BIDIRECTIONAL]
[504][GREEDY] CONSEGNATO! STARLINK-11724 [DTC] -> OBS | Tramission-time: 4.379191548732235e-12
----------------------------------------------------------------------
	||TIME IN SIMULATION : (seconds:260) (minutes: 4) ||

MODIFICA CONFIGURAZIONE IN CORSO...

Aggiornato il Tempo Globale:  2025-11-20 20:59:34
---> Task 505 (Type: CPU_and_Data_Intensive) arriva in 260.06
--- [260.06] Task 505 using SearchNode Policy: v1_heuristic ---
[505] Filtro euristico: DTS-TMAX
[260.06] [Task 505] Routed STARLINK-11187 [DTC] -> STARLINK-30604 | E_NET=0.000139 J | Remaining=79280.59 J
[260.060] Task 505 enqueued on CPU STARLINK-30604 qlen_enqueue=1
[260.248] Task 503 enqueued on NET STARLINK-33881 qlen_enqueue_net=1
[Task 503] Task eseguito su STARLINK-33881 48.75722252240134 degrees | CPU=1476.9948J, NET=0.0065J, TOTAL=1477.0013J, Remaining=78209.80J
[260.254] Task 503 served on STARLINK-33881 qlen_enqueue_cpu=1 qlen_enqueue_net=1 time_in_queue=0.000
---> Task 506 (Type: CPU_Intensive) arriva in 260.31
--- [260.31] Task 506 using SearchNode Policy: v1_heuristic ---
[506] Filtro euristico: DTS-TMAX
[260.31] [Task 506] Routed STARLINK-11187 [DTC] -> STARLINK-5108 | E_NET=0.000023 J | Remaining=79280.59 J
[260.312] Task 506 enqueued on CPU STARLINK-5108 qlen_enqueue=1
[503][GREEDY] STARLINK-33881 -> STARLINK-11724 [DTC] | Tramission-time: 0.001930454321147273
[503] Energy routing consumed by STARLINK-33881: 0.000000 J (remaining 78209.80)
[Task 506] Task eseguito su STARLINK-5108 65.45648458810582 degrees | CPU=64.5124J, NET=0.0000J, TOTAL=64.5124J, Remaining=79592.30J
[260.394] Task 506 served on STARLINK-5108 qlen_enqueue_cpu=1 qlen_enqueue_net=None time_in_queue=0.000
[506][GREEDY] STARLINK-5108 -> STARLINK-11724 [DTC] | Tramission-time: 0.0015375525806411335
[506] Energy routing consumed by STARLINK-5108: 0.000000 J (remaining 79592.30)
[MODE: BIDIRECTIONAL]
[503][GREEDY] CONSEGNATO! STARLINK-11724 [DTC] -> OBS | Tramission-time: 4.495157276152746e-09
---> Task 507 (Type: CPU_Intensive) arriva in 260.48
--- [260.48] Task 507 using SearchNode Policy: v1_heuristic ---
[507] Filtro euristico: DTS-TMAX
[260.48] [Task 507] Routed STARLINK-11187 [DTC] -> STARLINK-5108 | E_NET=0.000014 J | Remaining=79280.59 J
[260.479] Task 507 enqueued on CPU STARLINK-5108 qlen_enqueue=1
[MODE: BIDIRECTIONAL]
[506][GREEDY] CONSEGNATO! STARLINK-11724 [DTC] -> OBS | Tramission-time: 1.8863565218980102e-11
[260.535] Task 505 enqueued on NET STARLINK-30604 qlen_enqueue_net=1
[Task 505] Task eseguito su STARLINK-30604 55.762708927879906 degrees | CPU=380.0451J, NET=0.0002J, TOTAL=380.0453J, Remaining=79282.54J
[260.535] Task 505 served on STARLINK-30604 qlen_enqueue_cpu=1 qlen_enqueue_net=1 time_in_queue=0.000
[505][GREEDY] STARLINK-30604 -> STARLINK-11724 [DTC] | Tramission-time: 0.0017819379687597887
[505] Energy routing consumed by STARLINK-30604: 0.000000 J (remaining 79282.54)
[MODE: BIDIRECTIONAL]
[505][GREEDY] CONSEGNATO! STARLINK-11724 [DTC] -> OBS | Tramission-time: 1.3437863335223838e-10
[Task 507] Task eseguito su STARLINK-5108 65.45648458810582 degrees | CPU=334.7143J, NET=0.0000J, TOTAL=334.7143J, Remaining=79257.58J
[260.899] Task 507 served on STARLINK-5108 qlen_enqueue_cpu=1 qlen_enqueue_net=None time_in_queue=0.000
[507][GREEDY] STARLINK-5108 -> STARLINK-11724 [DTC] | Tramission-time: 0.0015375525686673508
[507] Energy routing consumed by STARLINK-5108: 0.000000 J (remaining 79257.58)
[MODE: BIDIRECTIONAL]
[507][GREEDY] CONSEGNATO! STARLINK-11724 [DTC] -> OBS | Tramission-time: 1.204846101069999e-11
---> Task 508 (Type: CPU_and_Data_Intensive) arriva in 260.96
--- [260.96] Task 508 using SearchNode Policy: v1_heuristic ---
[508] Filtro euristico: DTS-TMAX
[Task 508] Nessun server rimasto dopo i filtri (deadline/sunset).
[Task 508] REJECTED on STARLINK-11187 [DTC] due to: No suitable server found after deadline/sunset filters
---> Task 509 (Type: Generic_Service) arriva in 261.20
--- [261.20] Task 509 using SearchNode Policy: v1_heuristic ---
[509] Filtro euristico: DTS-TMAX
[261.20] [Task 509] Routed STARLINK-11187 [DTC] -> STARLINK-4476 | E_NET=0.000004 J | Remaining=79280.59 J
[261.202] Task 509 enqueued on CPU STARLINK-4476 qlen_enqueue=1
[Task 509] Task eseguito su STARLINK-4476 52.97704258287726 degrees | CPU=71.1390J, NET=0.0000J, TOTAL=71.1390J, Remaining=79493.49J
[261.291] Task 509 served on STARLINK-4476 qlen_enqueue_cpu=1 qlen_enqueue_net=None time_in_queue=0.000
[509][GREEDY] STARLINK-4476 -> STARLINK-11724 [DTC] | Tramission-time: 0.0014605830988912486
[509] Energy routing consumed by STARLINK-4476: 0.000000 J (remaining 79493.49)
[MODE: BIDIRECTIONAL]
[509][GREEDY] CONSEGNATO! STARLINK-11724 [DTC] -> OBS | Tramission-time: 4.297839245396069e-12
---> Task 510 (Type: CPU_Intensive) arriva in 261.48
--- [261.48] Task 510 using SearchNode Policy: v1_heuristic ---
[510] Filtro euristico: DTS-TMAX
[261.48] [Task 510] Routed STARLINK-11187 [DTC] -> STARLINK-4476 | E_NET=0.000009 J | Remaining=79280.59 J
[261.484] Task 510 enqueued on CPU STARLINK-4476 qlen_enqueue=1
[Task 510] Task eseguito su STARLINK-4476 52.97704258287726 degrees | CPU=206.8008J, NET=0.0000J, TOTAL=206.8008J, Remaining=79286.69J
[261.743] Task 510 served on STARLINK-4476 qlen_enqueue_cpu=1 qlen_enqueue_net=None time_in_queue=0.000
[510][GREEDY] STARLINK-4476 -> STARLINK-11724 [DTC] | Tramission-time: 0.0014605831038807101
[510] Energy routing consumed by STARLINK-4476: 0.000000 J (remaining 79286.69)
[MODE: BIDIRECTIONAL]
[510][GREEDY] CONSEGNATO! STARLINK-11724 [DTC] -> OBS | Tramission-time: 1.1967633479107923e-11
----------------------------------------------------------------------
	||TIME IN SIMULATION : (seconds:262) (minutes: 4) ||

MODIFICA CONFIGURAZIONE IN CORSO...

Aggiornato il Tempo Globale:  2025-11-20 20:59:36
---> Task 511 (Type: Generic_Service) arriva in 262.05
--- [262.05] Task 511 using SearchNode Policy: v1_heuristic ---
[511] Filtro euristico: DTS-TMAX
[262.05] [Task 511] Routed STARLINK-11187 [DTC] -> STARLINK-30517 | E_NET=0.000010 J | Remaining=79280.59 J
[262.050] Task 511 enqueued on CPU STARLINK-30517 qlen_enqueue=1
[Task 511] Task eseguito su STARLINK-30517 56.95096415588502 degrees | CPU=18.4572J, NET=0.0000J, TOTAL=18.4572J, Remaining=79332.44J
[262.074] Task 511 served on STARLINK-30517 qlen_enqueue_cpu=1 qlen_enqueue_net=None time_in_queue=0.000
[511][GREEDY] STARLINK-30517 -> STARLINK-11724 [DTC] | Tramission-time: 0.002038620559340706
[511] Energy routing consumed by STARLINK-30517: 0.000000 J (remaining 79332.44)
[MODE: BIDIRECTIONAL]
[511][GREEDY] CONSEGNATO! STARLINK-11724 [DTC] -> OBS | Tramission-time: 1.004516421774373e-11
---> Task 512 (Type: Generic_Service) arriva in 262.55
--- [262.55] Task 512 using SearchNode Policy: v1_heuristic ---
[512] Filtro euristico: DTS-TMAX
[262.55] [Task 512] Routed STARLINK-11187 [DTC] -> STARLINK-30517 | E_NET=0.000029 J | Remaining=79280.59 J
[262.547] Task 512 enqueued on CPU STARLINK-30517 qlen_enqueue=1
[Task 512] Task eseguito su STARLINK-30517 56.95096415588502 degrees | CPU=40.1095J, NET=0.0000J, TOTAL=40.1096J, Remaining=79292.33J
[262.600] Task 512 served on STARLINK-30517 qlen_enqueue_cpu=1 qlen_enqueue_net=None time_in_queue=0.000
[512][GREEDY] STARLINK-30517 -> STARLINK-11724 [DTC] | Tramission-time: 0.0020386205791703706
[512] Energy routing consumed by STARLINK-30517: 0.000000 J (remaining 79292.33)
[MODE: BIDIRECTIONAL]
[512][GREEDY] CONSEGNATO! STARLINK-11724 [DTC] -> OBS | Tramission-time: 3.6350847052359725e-11
---> Task 513 (Type: CPU_and_Data_Intensive) arriva in 262.99
--- [262.99] Task 513 using SearchNode Policy: v1_heuristic ---
[513] Filtro euristico: DTS-TMAX
[262.99] [Task 513] Routed STARLINK-11187 [DTC] -> STARLINK-30517 | E_NET=0.007444 J | Remaining=79280.59 J
[262.997] Task 513 enqueued on CPU STARLINK-30517 qlen_enqueue=1
[263.367] Task 513 enqueued on NET STARLINK-30517 qlen_enqueue_net=1
[Task 513] Task eseguito su STARLINK-30517 56.95096415588502 degrees | CPU=295.4015J, NET=0.0104J, TOTAL=295.4119J, Remaining=78996.91J
[263.377] Task 513 served on STARLINK-30517 qlen_enqueue_cpu=1 qlen_enqueue_net=1 time_in_queue=0.000
[513][GREEDY] STARLINK-30517 -> STARLINK-11724 [DTC] | Tramission-time: 0.002038630167479596
[513] Energy routing consumed by STARLINK-30517: 0.000000 J (remaining 78996.91)
[MODE: BIDIRECTIONAL]
[513][GREEDY] CONSEGNATO! STARLINK-11724 [DTC] -> OBS | Tramission-time: 6.926410246353769e-09
----------------------------------------------------------------------
	||TIME IN SIMULATION : (seconds:264) (minutes: 4) ||

MODIFICA CONFIGURAZIONE IN CORSO...

Aggiornato il Tempo Globale:  2025-11-20 20:59:38
---> Task 514 (Type: Generic_Service) arriva in 264.53
--- [264.53] Task 514 using SearchNode Policy: v1_heuristic ---
[514] Filtro euristico: DTS-TMAX
[264.53] [Task 514] Routed STARLINK-11187 [DTC] -> STARLINK-4476 | E_NET=0.000027 J | Remaining=79280.59 J
[264.532] Task 514 enqueued on CPU STARLINK-4476 qlen_enqueue=1
[Task 514] Task eseguito su STARLINK-4476 53.504675301978104 degrees | CPU=27.4574J, NET=0.0000J, TOTAL=27.4574J, Remaining=79259.24J
[264.569] Task 514 served on STARLINK-4476 qlen_enqueue_cpu=1 qlen_enqueue_net=None time_in_queue=0.000
[514][GREEDY] STARLINK-4476 -> STARLINK-11724 [DTC] | Tramission-time: 0.0014755702892451895
[514] Energy routing consumed by STARLINK-4476: 0.000000 J (remaining 79259.24)
[MODE: BIDIRECTIONAL]
[514][GREEDY] CONSEGNATO! STARLINK-11724 [DTC] -> OBS | Tramission-time: 2.6534116511546397e-11
---> Task 515 (Type: CPU_Intensive) arriva in 265.79
--- [265.79] Task 515 using SearchNode Policy: v1_heuristic ---
[515] Filtro euristico: DTS-TMAX
[265.79] [Task 515] Routed STARLINK-11187 [DTC] -> STARLINK-30604 | E_NET=0.000028 J | Remaining=79280.59 J
[265.795] Task 515 enqueued on CPU STARLINK-30604 qlen_enqueue=1
----------------------------------------------------------------------
	||TIME IN SIMULATION : (seconds:266) (minutes: 4) ||

MODIFICA CONFIGURAZIONE IN CORSO...

Aggiornato il Tempo Globale:  2025-11-20 20:59:40
[Task 515] Task eseguito su STARLINK-30604 59.010865871854975 degrees | CPU=385.7233J, NET=0.0000J, TOTAL=385.7234J, Remaining=78896.81J
[266.280] Task 515 served on STARLINK-30604 qlen_enqueue_cpu=1 qlen_enqueue_net=None time_in_queue=0.000
[515][GREEDY] STARLINK-30604 -> STARLINK-11724 [DTC] | Tramission-time: 0.0018207166683280233
[515] Energy routing consumed by STARLINK-30604: 0.000000 J (remaining 78896.81)
[MODE: BIDIRECTIONAL]
[515][GREEDY] CONSEGNATO! STARLINK-11724 [DTC] -> OBS | Tramission-time: 2.0649765177939873e-11
---> Task 516 (Type: CPU_Intensive) arriva in 266.61
--- [266.61] Task 516 using SearchNode Policy: v1_heuristic ---
[516] Filtro euristico: DTS-TMAX
[266.61] [Task 516] Routed STARLINK-11187 [DTC] -> STARLINK-31909 | E_NET=0.000031 J | Remaining=79280.59 J
[266.607] Task 516 enqueued on CPU STARLINK-31909 qlen_enqueue=1
[Task 516] Task eseguito su STARLINK-31909 40.09963644577974 degrees | CPU=241.6637J, NET=0.0000J, TOTAL=241.6638J, Remaining=79758.34J
[266.912] Task 516 served on STARLINK-31909 qlen_enqueue_cpu=1 qlen_enqueue_net=None time_in_queue=0.000
[516][GREEDY] STARLINK-31909 -> STARLINK-32442 | Tramission-time: 0.0015331685200356566
[516] Energy routing consumed by STARLINK-31909: 0.000000 J (remaining 79758.34)
[MODE: BIDIRECTIONAL]
[516][GREEDY] CONSEGNATO! STARLINK-32442 -> OBS | Tramission-time: 3.237426289134635e-11
---> Task 517 (Type: Generic_Service) arriva in 267.21
--- [267.21] Task 517 using SearchNode Policy: v1_heuristic ---
[517] Filtro euristico: DTS-TMAX
[267.21] [Task 517] Routed STARLINK-11187 [DTC] -> STARLINK-31909 | E_NET=0.000013 J | Remaining=79280.59 J
[267.211] Task 517 enqueued on CPU STARLINK-31909 qlen_enqueue=1
[Task 517] Task eseguito su STARLINK-31909 40.09963644577974 degrees | CPU=37.4589J, NET=0.0000J, TOTAL=37.4589J, Remaining=79720.88J
[267.259] Task 517 served on STARLINK-31909 qlen_enqueue_cpu=1 qlen_enqueue_net=None time_in_queue=0.000
[517][GREEDY] STARLINK-31909 -> STARLINK-32442 | Tramission-time: 0.0015331685013667716
[517] Energy routing consumed by STARLINK-31909: 0.000000 J (remaining 79720.88)
[MODE: BIDIRECTIONAL]
[517][GREEDY] CONSEGNATO! STARLINK-32442 -> OBS | Tramission-time: 1.2498130079971586e-11
---> Task 518 (Type: CPU_Intensive) arriva in 267.67
--- [267.67] Task 518 using SearchNode Policy: v1_heuristic ---
[518] Filtro euristico: DTS-TMAX
[267.67] [Task 518] Routed STARLINK-11187 [DTC] -> STARLINK-31909 | E_NET=0.000023 J | Remaining=79280.59 J
[267.669] Task 518 enqueued on CPU STARLINK-31909 qlen_enqueue=1
---> Task 519 (Type: Generic_Service) arriva in 267.82
--- [267.82] Task 519 using SearchNode Policy: v1_heuristic ---
[519] Filtro euristico: DTS-TMAX
[267.82] [Task 519] Routed STARLINK-11187 [DTC] -> STARLINK-30517 | E_NET=0.000019 J | Remaining=79280.59 J
[267.819] Task 519 enqueued on CPU STARLINK-30517 qlen_enqueue=1
[Task 519] Task eseguito su STARLINK-30517 58.941823172206725 degrees | CPU=8.0305J, NET=0.0000J, TOTAL=8.0305J, Remaining=78988.88J
[267.830] Task 519 served on STARLINK-30517 qlen_enqueue_cpu=1 qlen_enqueue_net=None time_in_queue=0.000
[519][GREEDY] STARLINK-30517 -> STARLINK-11724 [DTC] | Tramission-time: 0.0020635688381653774
[519] Energy routing consumed by STARLINK-30517: 0.000000 J (remaining 78988.88)
[MODE: BIDIRECTIONAL]
[519][GREEDY] CONSEGNATO! STARLINK-11724 [DTC] -> OBS | Tramission-time: 1.2997083913441735e-11
----------------------------------------------------------------------
	||TIME IN SIMULATION : (seconds:268) (minutes: 4) ||

MODIFICA CONFIGURAZIONE IN CORSO...

Aggiornato il Tempo Globale:  2025-11-20 20:59:42
[Task 518] Task eseguito su STARLINK-31909 40.88819988591809 degrees | CPU=331.9486J, NET=0.0000J, TOTAL=331.9487J, Remaining=79388.93J
[268.086] Task 518 served on STARLINK-31909 qlen_enqueue_cpu=1 qlen_enqueue_net=None time_in_queue=0.000
[518][GREEDY] STARLINK-31909 -> STARLINK-32442 | Tramission-time: 0.0015402650825488465
[518] Energy routing consumed by STARLINK-31909: 0.000000 J (remaining 79388.93)
[MODE: BIDIRECTIONAL]
[518][GREEDY] CONSEGNATO! STARLINK-32442 -> OBS | Tramission-time: 2.0660251172149074e-11
---> Task 520 (Type: CPU_Intensive) arriva in 268.64
--- [268.64] Task 520 using SearchNode Policy: v1_heuristic ---
[520] Filtro euristico: DTS-TMAX
[268.64] [Task 520] Routed STARLINK-11187 [DTC] -> STARLINK-31909 | E_NET=0.000030 J | Remaining=79280.59 J
[268.640] Task 520 enqueued on CPU STARLINK-31909 qlen_enqueue=1
---> Task 521 (Type: Generic_Service) arriva in 268.84
--- [268.84] Task 521 using SearchNode Policy: v1_heuristic ---
[521] Filtro euristico: DTS-TMAX
[268.84] [Task 521] Routed STARLINK-11187 [DTC] -> STARLINK-4476 | E_NET=0.000029 J | Remaining=79280.59 J
[268.847] Task 521 enqueued on CPU STARLINK-4476 qlen_enqueue=1
[Task 520] Task eseguito su STARLINK-31909 40.88819988591809 degrees | CPU=232.6394J, NET=0.0000J, TOTAL=232.6394J, Remaining=79156.29J
[268.934] Task 520 served on STARLINK-31909 qlen_enqueue_cpu=1 qlen_enqueue_net=None time_in_queue=0.000
[520][GREEDY] STARLINK-31909 -> STARLINK-32442 | Tramission-time: 0.0015402650814398417
[520] Energy routing consumed by STARLINK-31909: 0.000000 J (remaining 79156.29)
[Task 521] Task eseguito su STARLINK-4476 53.886735130100504 degrees | CPU=137.4692J, NET=0.0000J, TOTAL=137.4693J, Remaining=79121.77J
[269.021] Task 521 served on STARLINK-4476 qlen_enqueue_cpu=1 qlen_enqueue_net=None time_in_queue=0.000
[521][GREEDY] STARLINK-4476 -> STARLINK-11724 [DTC] | Tramission-time: 0.0014914672363590788
[521] Energy routing consumed by STARLINK-4476: 0.000000 J (remaining 79121.77)
[MODE: BIDIRECTIONAL]
[520][GREEDY] CONSEGNATO! STARLINK-32442 -> OBS | Tramission-time: 2.7423333435767757e-11
[MODE: BIDIRECTIONAL]
[521][GREEDY] CONSEGNATO! STARLINK-11724 [DTC] -> OBS | Tramission-time: 2.5908939321895447e-11
----------------------------------------------------------------------
	||TIME IN SIMULATION : (seconds:270) (minutes: 4) ||

MODIFICA CONFIGURAZIONE IN CORSO...

Aggiornato il Tempo Globale:  2025-11-20 20:59:44
---> Task 522 (Type: Generic_Service) arriva in 270.43
--- [270.43] Task 522 using SearchNode Policy: v1_heuristic ---
[522] Filtro euristico: DTS-TMAX
[Task 522] Nessun server rimasto dopo i filtri (deadline/sunset).
[Task 522] REJECTED on STARLINK-11187 [DTC] due to: No suitable server found after deadline/sunset filters
---> Task 523 (Type: Generic_Service) arriva in 270.50
--- [270.50] Task 523 using SearchNode Policy: v1_heuristic ---
[523] Filtro euristico: DTS-TMAX
[270.50] [Task 523] Routed STARLINK-11187 [DTC] -> STARLINK-5108 | E_NET=0.000025 J | Remaining=79280.59 J
[270.502] Task 523 enqueued on CPU STARLINK-5108 qlen_enqueue=1
[Task 523] Task eseguito su STARLINK-5108 69.85061995300555 degrees | CPU=140.4539J, NET=0.0000J, TOTAL=140.4540J, Remaining=79117.13J
[270.679] Task 523 served on STARLINK-5108 qlen_enqueue_cpu=1 qlen_enqueue_net=None time_in_queue=0.000
[523][GREEDY] STARLINK-5108 -> STARLINK-11724 [DTC] | Tramission-time: 0.0017198423432797122
[523] Energy routing consumed by STARLINK-5108: 0.000000 J (remaining 79117.13)
[MODE: BIDIRECTIONAL]
[523][GREEDY] CONSEGNATO! STARLINK-11724 [DTC] -> OBS | Tramission-time: 1.9169219231572045e-11
---> Task 524 (Type: CPU_Intensive) arriva in 270.77
--- [270.77] Task 524 using SearchNode Policy: v1_heuristic ---
[524] Filtro euristico: DTS-TMAX
[270.77] [Task 524] Routed STARLINK-11187 [DTC] -> STARLINK-31909 | E_NET=0.000015 J | Remaining=79280.59 J
[270.768] Task 524 enqueued on CPU STARLINK-31909 qlen_enqueue=1
---> Task 525 (Type: CPU_and_Data_Intensive) arriva in 270.88
--- [270.88] Task 525 using SearchNode Policy: v1_heuristic ---
[525] Filtro euristico: DTS-TMAX
[270.88] [Task 525] Routed STARLINK-11187 [DTC] -> STARLINK-4476 | E_NET=0.000726 J | Remaining=79280.59 J
[270.879] Task 525 enqueued on CPU STARLINK-4476 qlen_enqueue=1
[270.994] Task 525 enqueued on NET STARLINK-4476 qlen_enqueue_net=1
[Task 525] Task eseguito su STARLINK-4476 54.019919485571194 degrees | CPU=92.1877J, NET=0.0010J, TOTAL=92.1887J, Remaining=79029.58J
[270.995] Task 525 served on STARLINK-4476 qlen_enqueue_cpu=1 qlen_enqueue_net=1 time_in_queue=0.000
[525][GREEDY] STARLINK-4476 -> STARLINK-11724 [DTC] | Tramission-time: 0.001499748539842376
[525] Energy routing consumed by STARLINK-4476: 0.000000 J (remaining 79029.58)
[MODE: BIDIRECTIONAL]
[525][GREEDY] CONSEGNATO! STARLINK-11724 [DTC] -> OBS | Tramission-time: 7.332985713644729e-10
---> Task 526 (Type: CPU_and_Data_Intensive) arriva in 271.21
--- [271.21] Task 526 using SearchNode Policy: v1_heuristic ---
[526] Filtro euristico: DTS-TMAX
[271.21] [Task 526] Routed STARLINK-11187 [DTC] -> STARLINK-5108 | E_NET=0.000071 J | Remaining=79280.59 J
[271.209] Task 526 enqueued on CPU STARLINK-5108 qlen_enqueue=1
---> Task 527 (Type: CPU_and_Data_Intensive) arriva in 271.24
--- [271.24] Task 527 using SearchNode Policy: v1_heuristic ---
[527] Filtro euristico: DTS-TMAX
[Task 527] Nessun server rimasto dopo i filtri (deadline/sunset).
[Task 527] REJECTED on STARLINK-11187 [DTC] due to: No suitable server found after deadline/sunset filters
[271.452] Task 526 enqueued on NET STARLINK-5108 qlen_enqueue_net=1
[Task 526] Task eseguito su STARLINK-5108 69.85061995300555 degrees | CPU=194.1283J, NET=0.0001J, TOTAL=194.1284J, Remaining=78923.00J
[271.452] Task 526 served on STARLINK-5108 qlen_enqueue_cpu=1 qlen_enqueue_net=1 time_in_queue=0.000
[Task 524] Task eseguito su STARLINK-31909 41.69535746363761 degrees | CPU=617.1644J, NET=0.0000J, TOTAL=617.1644J, Remaining=78539.12J
[271.541] Task 524 served on STARLINK-31909 qlen_enqueue_cpu=1 qlen_enqueue_net=None time_in_queue=0.000
[526][GREEDY] STARLINK-5108 -> STARLINK-11724 [DTC] | Tramission-time: 0.0017198423881612502
[526] Energy routing consumed by STARLINK-5108: 0.000000 J (remaining 78923.00)
[MODE: BIDIRECTIONAL]
[526][GREEDY] CONSEGNATO! STARLINK-11724 [DTC] -> OBS | Tramission-time: 5.37149701758666e-11
[524][GREEDY] STARLINK-31909 -> STARLINK-32442 | Tramission-time: 0.0015480152230838815
[524] Energy routing consumed by STARLINK-31909: 0.000000 J (remaining 78539.12)
[MODE: BIDIRECTIONAL]
[524][GREEDY] CONSEGNATO! STARLINK-32442 -> OBS | Tramission-time: 1.169160201270598e-11
---> Task 528 (Type: CPU_and_Data_Intensive) arriva in 271.97
--- [271.97] Task 528 using SearchNode Policy: v1_heuristic ---
[528] Filtro euristico: DTS-TMAX
[Task 528] Nessun server rimasto dopo i filtri (deadline/sunset).
[Task 528] REJECTED on STARLINK-11187 [DTC] due to: No suitable server found after deadline/sunset filters
----------------------------------------------------------------------
	||TIME IN SIMULATION : (seconds:272) (minutes: 4) ||

MODIFICA CONFIGURAZIONE IN CORSO...

Aggiornato il Tempo Globale:  2025-11-20 20:59:46
---> Task 529 (Type: CPU_and_Data_Intensive) arriva in 272.54
--- [272.54] Task 529 using SearchNode Policy: v1_heuristic ---
[529] Filtro euristico: DTS-TMAX
[272.54] [Task 529] Routed STARLINK-11187 [DTC] -> STARLINK-4476 | E_NET=0.008141 J | Remaining=79280.58 J
[272.547] Task 529 enqueued on CPU STARLINK-4476 qlen_enqueue=1
---> Task 530 (Type: CPU_Intensive) arriva in 272.59
--- [272.59] Task 530 using SearchNode Policy: v1_heuristic ---
[530] Filtro euristico: DTS-TMAX
[272.59] [Task 530] Routed STARLINK-11187 [DTC] -> STARLINK-30517 | E_NET=0.000025 J | Remaining=79280.58 J
[272.586] Task 530 enqueued on CPU STARLINK-30517 qlen_enqueue=1
[272.625] Task 529 enqueued on NET STARLINK-4476 qlen_enqueue_net=1
[Task 529] Task eseguito su STARLINK-4476 54.113254882010665 degrees | CPU=62.6528J, NET=0.0099J, TOTAL=62.6628J, Remaining=78966.91J
[272.635] Task 529 served on STARLINK-4476 qlen_enqueue_cpu=1 qlen_enqueue_net=1 time_in_queue=0.000
[529][GREEDY] STARLINK-4476 -> STARLINK-11724 [DTC] | Tramission-time: 0.0015082511912895798
[529] Energy routing consumed by STARLINK-4476: 0.000000 J (remaining 78966.91)
[MODE: BIDIRECTIONAL]
[529][GREEDY] CONSEGNATO! STARLINK-11724 [DTC] -> OBS | Tramission-time: 6.59829628912385e-09
---> Task 531 (Type: Generic_Service) arriva in 273.22
--- [273.22] Task 531 using SearchNode Policy: v1_heuristic ---
[531] Filtro euristico: DTS-TMAX
[273.22] [Task 531] Routed STARLINK-11187 [DTC] -> STARLINK-4476 | E_NET=0.000033 J | Remaining=79280.58 J
[273.227] Task 531 enqueued on CPU STARLINK-4476 qlen_enqueue=1
[Task 531] Task eseguito su STARLINK-4476 54.113254882010665 degrees | CPU=40.1509J, NET=0.0000J, TOTAL=40.1509J, Remaining=78926.76J
[273.279] Task 531 served on STARLINK-4476 qlen_enqueue_cpu=1 qlen_enqueue_net=None time_in_queue=0.000
[531][GREEDY] STARLINK-4476 -> STARLINK-11724 [DTC] | Tramission-time: 0.0015082442330766731
[531] Energy routing consumed by STARLINK-4476: 0.000000 J (remaining 78926.76)
[MODE: BIDIRECTIONAL]
[531][GREEDY] CONSEGNATO! STARLINK-11724 [DTC] -> OBS | Tramission-time: 2.927277539956934e-11
[Task 530] Task eseguito su STARLINK-30517 61.985334999876784 degrees | CPU=620.1189J, NET=0.0000J, TOTAL=620.1189J, Remaining=78368.77J
[273.365] Task 530 served on STARLINK-30517 qlen_enqueue_cpu=1 qlen_enqueue_net=None time_in_queue=0.000
[530][GREEDY] STARLINK-30517 -> STARLINK-11724 [DTC] | Tramission-time: 0.002101596321708146
[530] Energy routing consumed by STARLINK-30517: 0.000000 J (remaining 78368.77)
[MODE: BIDIRECTIONAL]
[530][GREEDY] CONSEGNATO! STARLINK-11724 [DTC] -> OBS | Tramission-time: 2.2183553379113532e-11
---> Task 532 (Type: CPU_and_Data_Intensive) arriva in 273.74
--- [273.74] Task 532 using SearchNode Policy: v1_heuristic ---
[532] Filtro euristico: DTS-TMAX
[273.74] [Task 532] Routed STARLINK-11187 [DTC] -> STARLINK-4476 | E_NET=0.007680 J | Remaining=79280.57 J
[273.754] Task 532 enqueued on CPU STARLINK-4476 qlen_enqueue=1
----------------------------------------------------------------------
	||TIME IN SIMULATION : (seconds:274) (minutes: 4) ||

MODIFICA CONFIGURAZIONE IN CORSO...

Aggiornato il Tempo Globale:  2025-11-20 20:59:48
[274.352] Task 532 enqueued on NET STARLINK-4476 qlen_enqueue_net=1
[Task 532] Task eseguito su STARLINK-4476 54.166096595750766 degrees | CPU=477.5236J, NET=0.0094J, TOTAL=477.5329J, Remaining=78449.23J
[274.362] Task 532 served on STARLINK-4476 qlen_enqueue_cpu=1 qlen_enqueue_net=1 time_in_queue=0.000
[532][GREEDY] STARLINK-4476 -> STARLINK-11724 [DTC] | Tramission-time: 0.0015169614933255857
[532] Energy routing consumed by STARLINK-4476: 0.000000 J (remaining 78449.23)
[MODE: BIDIRECTIONAL]
[532][GREEDY] CONSEGNATO! STARLINK-11724 [DTC] -> OBS | Tramission-time: 7.049935422500451e-09
---> Task 533 (Type: Generic_Service) arriva in 274.73
--- [274.73] Task 533 using SearchNode Policy: v1_heuristic ---
[533] Filtro euristico: DTS-TMAX
[274.73] [Task 533] Routed STARLINK-11187 [DTC] -> STARLINK-5108 | E_NET=0.000010 J | Remaining=79280.57 J
[274.727] Task 533 enqueued on CPU STARLINK-5108 qlen_enqueue=1
[Task 533] Task eseguito su STARLINK-5108 71.22380090087606 degrees | CPU=27.8084J, NET=0.0000J, TOTAL=27.8084J, Remaining=78895.19J
[274.762] Task 533 served on STARLINK-5108 qlen_enqueue_cpu=1 qlen_enqueue_net=None time_in_queue=0.000
---> Task 534 (Type: CPU_Intensive) arriva in 274.78
--- [274.78] Task 534 using SearchNode Policy: v1_heuristic ---
[534] Filtro euristico: DTS-TMAX
[274.78] [Task 534] Routed STARLINK-11187 [DTC] -> STARLINK-30604 | E_NET=0.000026 J | Remaining=79280.57 J
[274.784] Task 534 enqueued on CPU STARLINK-30604 qlen_enqueue=1
[533][GREEDY] STARLINK-5108 -> STARLINK-11724 [DTC] | Tramission-time: 0.001795692158851719
[533] Energy routing consumed by STARLINK-5108: 0.000000 J (remaining 78895.19)
[MODE: BIDIRECTIONAL]
[533][GREEDY] CONSEGNATO! STARLINK-11724 [DTC] -> OBS | Tramission-time: 6.80601658509572e-12
---> Task 535 (Type: CPU_and_Data_Intensive) arriva in 274.95
--- [274.95] Task 535 using SearchNode Policy: v1_heuristic ---
[535] Filtro euristico: DTS-TMAX
[274.95] [Task 535] Routed STARLINK-11187 [DTC] -> STARLINK-5108 | E_NET=0.000982 J | Remaining=79280.57 J
[274.952] Task 535 enqueued on CPU STARLINK-5108 qlen_enqueue=1
[Task 534] Task eseguito su STARLINK-30604 63.634719417490125 degrees | CPU=210.8484J, NET=0.0000J, TOTAL=210.8484J, Remaining=78685.97J
[275.049] Task 534 served on STARLINK-30604 qlen_enqueue_cpu=1 qlen_enqueue_net=None time_in_queue=0.000
[534][GREEDY] STARLINK-30604 -> STARLINK-11724 [DTC] | Tramission-time: 0.0018758442372719688
[534] Energy routing consumed by STARLINK-30604: 0.000000 J (remaining 78685.97)
[MODE: BIDIRECTIONAL]
[534][GREEDY] CONSEGNATO! STARLINK-11724 [DTC] -> OBS | Tramission-time: 2.1534252148646215e-11
[275.301] Task 535 enqueued on NET STARLINK-5108 qlen_enqueue_net=1
[Task 535] Task eseguito su STARLINK-5108 71.22380090087606 degrees | CPU=278.8610J, NET=0.0010J, TOTAL=278.8620J, Remaining=78616.33J
[275.302] Task 535 served on STARLINK-5108 qlen_enqueue_cpu=1 qlen_enqueue_net=1 time_in_queue=0.000
[535][GREEDY] STARLINK-5108 -> STARLINK-11724 [DTC] | Tramission-time: 0.001795692993497037
[535] Energy routing consumed by STARLINK-5108: 0.000000 J (remaining 78616.33)
[MODE: BIDIRECTIONAL]
[535][GREEDY] CONSEGNATO! STARLINK-11724 [DTC] -> OBS | Tramission-time: 8.274157405209703e-10
---> Task 536 (Type: Generic_Service) arriva in 275.72
--- [275.72] Task 536 using SearchNode Policy: v1_heuristic ---
[536] Filtro euristico: DTS-TMAX
[275.72] [Task 536] Routed STARLINK-11187 [DTC] -> STARLINK-4466 | E_NET=0.000032 J | Remaining=79280.57 J
---> Task 537 (Type: CPU_and_Data_Intensive) arriva in 275.72
--- [275.72] Task 537 using SearchNode Policy: v1_heuristic ---
[537] Filtro euristico: DTS-TMAX
[275.72] [Task 537] Routed STARLINK-11187 [DTC] -> STARLINK-4466 | E_NET=0.000926 J | Remaining=79280.57 J
[275.723] Task 536 enqueued on CPU STARLINK-4466 qlen_enqueue=1
[Task 537] REJECTED on STARLINK-4466 due to: Deadline Exceeded
[Task 536] Task eseguito su STARLINK-4466 54.07512251670592 degrees | CPU=112.5114J, NET=0.0000J, TOTAL=112.5114J, Remaining=78715.14J
[275.866] Task 536 served on STARLINK-4466 qlen_enqueue_cpu=1 qlen_enqueue_net=None time_in_queue=0.000
[536][GREEDY] STARLINK-4466 -> STARLINK-11724 [DTC] | Tramission-time: 0.0021149790262427848
[536] Energy routing consumed by STARLINK-4466: 0.000000 J (remaining 78715.14)
[MODE: BIDIRECTIONAL]
[536][GREEDY] CONSEGNATO! STARLINK-11724 [DTC] -> OBS | Tramission-time: 2.438759582974512e-11
----------------------------------------------------------------------
	||TIME IN SIMULATION : (seconds:276) (minutes: 4) ||

MODIFICA CONFIGURAZIONE IN CORSO...

Aggiornato il Tempo Globale:  2025-11-20 20:59:50
---> Task 538 (Type: CPU_Intensive) arriva in 276.16
--- [276.16] Task 538 using SearchNode Policy: v1_heuristic ---
[538] Filtro euristico: DTS-TMAX
[276.16] [Task 538] Routed STARLINK-11187 [DTC] -> STARLINK-32442 | E_NET=0.000029 J | Remaining=79280.57 J
[276.166] Task 538 enqueued on CPU STARLINK-32442 qlen_enqueue=1
---> Task 539 (Type: CPU_Intensive) arriva in 276.18
--- [276.18] Task 539 using SearchNode Policy: v1_heuristic ---
[539] Filtro euristico: DTS-TMAX
[276.18] [Task 539] Routed STARLINK-11187 [DTC] -> STARLINK-4466 | E_NET=0.000021 J | Remaining=79280.57 J
[276.182] Task 539 enqueued on CPU STARLINK-4466 qlen_enqueue=1
[Task 539] Task eseguito su STARLINK-4466 54.917903855999064 degrees | CPU=89.9058J, NET=0.0000J, TOTAL=89.9058J, Remaining=78625.24J
[276.297] Task 539 served on STARLINK-4466 qlen_enqueue_cpu=1 qlen_enqueue_net=None time_in_queue=0.000
---> Task 540 (Type: CPU_Intensive) arriva in 276.33
--- [276.33] Task 540 using SearchNode Policy: v1_heuristic ---
[540] Filtro euristico: DTS-TMAX
[276.33] [Task 540] Routed STARLINK-11187 [DTC] -> STARLINK-30604 | E_NET=0.000018 J | Remaining=79280.57 J
[276.327] Task 540 enqueued on CPU STARLINK-30604 qlen_enqueue=1
[539][GREEDY] STARLINK-4466 -> STARLINK-11724 [DTC] | Tramission-time: 0.0020720641062660287
[539] Energy routing consumed by STARLINK-4466: 0.000000 J (remaining 78625.24)
---> Task 541 (Type: Generic_Service) arriva in 276.41
--- [276.41] Task 541 using SearchNode Policy: v1_heuristic ---
[541] Filtro euristico: DTS-TMAX
[276.41] [Task 541] Routed STARLINK-11187 [DTC] -> STARLINK-4466 | E_NET=0.000024 J | Remaining=79280.57 J
[276.410] Task 541 enqueued on CPU STARLINK-4466 qlen_enqueue=1
---> Task 542 (Type: CPU_Intensive) arriva in 276.47
--- [276.47] Task 542 using SearchNode Policy: v1_heuristic ---
[542] Filtro euristico: DTS-TMAX
[276.47] [Task 542] Routed STARLINK-11187 [DTC] -> STARLINK-5108 | E_NET=0.000020 J | Remaining=79280.57 J
[276.467] Task 542 enqueued on CPU STARLINK-5108 qlen_enqueue=1
[MODE: BIDIRECTIONAL]
[539][GREEDY] CONSEGNATO! STARLINK-11724 [DTC] -> OBS | Tramission-time: 1.9762029426607114e-11
[Task 541] Task eseguito su STARLINK-4466 54.917903855999064 degrees | CPU=52.3041J, NET=0.0000J, TOTAL=52.3041J, Remaining=78572.93J
[276.478] Task 541 served on STARLINK-4466 qlen_enqueue_cpu=1 qlen_enqueue_net=None time_in_queue=0.000
[Task 538] Task eseguito su STARLINK-32442 72.38718528394674 degrees | CPU=251.9207J, NET=0.0000J, TOTAL=251.9208J, Remaining=78506.79J
[276.484] Task 538 served on STARLINK-32442 qlen_enqueue_cpu=1 qlen_enqueue_net=None time_in_queue=0.000
[MODE: BIDIRECTIONAL]
[538][GREEDY] CONSEGNATO! STARLINK-32442 -> OBS | Tramission-time: 2.969302308616988e-11
[541][GREEDY] STARLINK-4466 -> STARLINK-11724 [DTC] | Tramission-time: 0.002072064105517876
[541] Energy routing consumed by STARLINK-4466: 0.000000 J (remaining 78572.93)
[MODE: BIDIRECTIONAL]
[541][GREEDY] CONSEGNATO! STARLINK-11724 [DTC] -> OBS | Tramission-time: 3.037438392713933e-11
[Task 542] Task eseguito su STARLINK-5108 71.7868801138552 degrees | CPU=347.8455J, NET=0.0000J, TOTAL=347.8456J, Remaining=78268.48J
[276.903] Task 542 served on STARLINK-5108 qlen_enqueue_cpu=1 qlen_enqueue_net=None time_in_queue=0.000
[542][GREEDY] STARLINK-5108 -> STARLINK-11724 [DTC] | Tramission-time: 0.0018341401650305543
[542] Energy routing consumed by STARLINK-5108: 0.000000 J (remaining 78268.48)
[MODE: BIDIRECTIONAL]
[542][GREEDY] CONSEGNATO! STARLINK-11724 [DTC] -> OBS | Tramission-time: 1.3775552518052769e-11
---> Task 543 (Type: CPU_and_Data_Intensive) arriva in 277.39
--- [277.39] Task 543 using SearchNode Policy: v1_heuristic ---
[543] Filtro euristico: DTS-TMAX
[277.39] [Task 543] Routed STARLINK-11187 [DTC] -> STARLINK-4466 | E_NET=0.004718 J | Remaining=79280.56 J
[277.400] Task 543 enqueued on CPU STARLINK-4466 qlen_enqueue=1
[Task 540] Task eseguito su STARLINK-30604 64.8405803066214 degrees | CPU=958.3505J, NET=0.0000J, TOTAL=958.3505J, Remaining=77727.62J
[277.528] Task 540 served on STARLINK-30604 qlen_enqueue_cpu=1 qlen_enqueue_net=None time_in_queue=0.000
[540][GREEDY] STARLINK-30604 -> STARLINK-11724 [DTC] | Tramission-time: 0.0018902003886743712
[540] Energy routing consumed by STARLINK-30604: 0.000000 J (remaining 77727.62)
[MODE: BIDIRECTIONAL]
[540][GREEDY] CONSEGNATO! STARLINK-11724 [DTC] -> OBS | Tramission-time: 1.5738049843279858e-11
---> Task 544 (Type: CPU_Intensive) arriva in 277.78
--- [277.78] Task 544 using SearchNode Policy: v1_heuristic ---
[544] Filtro euristico: DTS-TMAX
[277.78] [Task 544] Routed STARLINK-11187 [DTC] -> STARLINK-31909 | E_NET=0.000022 J | Remaining=79280.56 J
[277.784] Task 544 enqueued on CPU STARLINK-31909 qlen_enqueue=1
[277.837] Task 543 enqueued on NET STARLINK-4466 qlen_enqueue_net=1
[Task 543] Task eseguito su STARLINK-4466 54.917903855999064 degrees | CPU=348.9109J, NET=0.0066J, TOTAL=348.9175J, Remaining=78224.01J
[277.844] Task 543 served on STARLINK-4466 qlen_enqueue_cpu=1 qlen_enqueue_net=1 time_in_queue=0.000
[543][GREEDY] STARLINK-4466 -> STARLINK-11724 [DTC] | Tramission-time: 0.002072068725059714
[543] Energy routing consumed by STARLINK-4466: 0.000000 J (remaining 78224.01)
[MODE: BIDIRECTIONAL]
[543][GREEDY] CONSEGNATO! STARLINK-11724 [DTC] -> OBS | Tramission-time: 4.8469600080353425e-09
----------------------------------------------------------------------
	||TIME IN SIMULATION : (seconds:278) (minutes: 4) ||

MODIFICA CONFIGURAZIONE IN CORSO...

Aggiornato il Tempo Globale:  2025-11-20 20:59:52
[Task 544] Task eseguito su STARLINK-31909 45.11556350703588 degrees | CPU=352.5113J, NET=0.0000J, TOTAL=352.5113J, Remaining=78186.61J
[278.227] Task 544 served on STARLINK-31909 qlen_enqueue_cpu=1 qlen_enqueue_net=None time_in_queue=0.000
[544][GREEDY] STARLINK-31909 -> STARLINK-32442 | Tramission-time: 0.0015853447460260272
[544] Energy routing consumed by STARLINK-31909: 0.000000 J (remaining 78186.61)
[MODE: BIDIRECTIONAL]
[544][GREEDY] CONSEGNATO! STARLINK-32442 -> OBS | Tramission-time: 1.942792278144394e-11
---> Task 545 (Type: CPU_Intensive) arriva in 278.40
--- [278.40] Task 545 using SearchNode Policy: v1_heuristic ---
[545] Filtro euristico: DTS-TMAX
[278.40] [Task 545] Routed STARLINK-11187 [DTC] -> STARLINK-32442 | E_NET=0.000018 J | Remaining=79280.56 J
[278.405] Task 545 enqueued on CPU STARLINK-32442 qlen_enqueue=1
[Task 545] Task eseguito su STARLINK-32442 72.0931418341505 degrees | CPU=468.0410J, NET=0.0000J, TOTAL=468.0410J, Remaining=78038.74J
[278.993] Task 545 served on STARLINK-32442 qlen_enqueue_cpu=1 qlen_enqueue_net=None time_in_queue=0.000
[MODE: BIDIRECTIONAL]
[545][GREEDY] CONSEGNATO! STARLINK-32442 -> OBS | Tramission-time: 2.0333622472329807e-11
---> Task 546 (Type: Generic_Service) arriva in 279.65
--- [279.65] Task 546 using SearchNode Policy: v1_heuristic ---
[546] Filtro euristico: DTS-TMAX
[279.65] [Task 546] Routed STARLINK-11187 [DTC] -> STARLINK-30517 | E_NET=0.000033 J | Remaining=79280.56 J
[279.648] Task 546 enqueued on CPU STARLINK-30517 qlen_enqueue=1
[Task 546] Task eseguito su STARLINK-30517 65.04384490859978 degrees | CPU=8.2182J, NET=0.0000J, TOTAL=8.2182J, Remaining=78360.55J
[279.660] Task 546 served on STARLINK-30517 qlen_enqueue_cpu=1 qlen_enqueue_net=None time_in_queue=0.000
[546][GREEDY] STARLINK-30517 -> STARLINK-32442 | Tramission-time: 0.0010882166743080744
[546] Energy routing consumed by STARLINK-30517: 0.000000 J (remaining 78360.55)
[MODE: BIDIRECTIONAL]
[546][GREEDY] CONSEGNATO! STARLINK-32442 -> OBS | Tramission-time: 2.9021976123490566e-11
---> Task 547 (Type: Generic_Service) arriva in 279.80
--- [279.80] Task 547 using SearchNode Policy: v1_heuristic ---
[547] Filtro euristico: DTS-TMAX
[279.80] [Task 547] Routed STARLINK-11187 [DTC] -> STARLINK-30517 | E_NET=0.000018 J | Remaining=79280.56 J
[279.799] Task 547 enqueued on CPU STARLINK-30517 qlen_enqueue=1
[Task 547] Task eseguito su STARLINK-30517 65.04384490859978 degrees | CPU=152.7264J, NET=0.0000J, TOTAL=152.7264J, Remaining=78207.82J
[279.992] Task 547 served on STARLINK-30517 qlen_enqueue_cpu=1 qlen_enqueue_net=None time_in_queue=0.000
----------------------------------------------------------------------
	||TIME IN SIMULATION : (seconds:280) (minutes: 4) ||

MODIFICA CONFIGURAZIONE IN CORSO...

Aggiornato il Tempo Globale:  2025-11-20 20:59:54
[547][GREEDY] STARLINK-30517 -> STARLINK-32442 | Tramission-time: 0.0011125602396756438
[547] Energy routing consumed by STARLINK-30517: 0.000000 J (remaining 78207.82)
---> Task 548 (Type: CPU_Intensive) arriva in 280.13
--- [280.13] Task 548 using SearchNode Policy: v1_heuristic ---
[548] Filtro euristico: DTS-TMAX
[280.13] [Task 548] Routed STARLINK-11187 [DTC] -> STARLINK-2647 | E_NET=0.000010 J | Remaining=79280.56 J
[280.130] Task 548 enqueued on CPU STARLINK-2647 qlen_enqueue=1
[MODE: BIDIRECTIONAL]
[547][GREEDY] CONSEGNATO! STARLINK-32442 -> OBS | Tramission-time: 1.7275818013072446e-11
---> Task 549 (Type: Generic_Service) arriva in 280.59
--- [280.59] Task 549 using SearchNode Policy: v1_heuristic ---
[549] Filtro euristico: DTS-TMAX
[280.59] [Task 549] Routed STARLINK-11187 [DTC] -> STARLINK-5108 | E_NET=0.000029 J | Remaining=79280.56 J
[280.587] Task 549 enqueued on CPU STARLINK-5108 qlen_enqueue=1
[Task 549] Task eseguito su STARLINK-5108 72.6125335495493 degrees | CPU=39.5626J, NET=0.0000J, TOTAL=39.5626J, Remaining=78228.92J
[280.639] Task 549 served on STARLINK-5108 qlen_enqueue_cpu=1 qlen_enqueue_net=None time_in_queue=0.000
[549][GREEDY] STARLINK-5108 -> STARLINK-32442 | Tramission-time: 0.0009185375172687047
[549] Energy routing consumed by STARLINK-5108: 0.000000 J (remaining 78228.92)
[MODE: BIDIRECTIONAL]
[549][GREEDY] CONSEGNATO! STARLINK-32442 -> OBS | Tramission-time: 3.1103181434586776e-11
---> Task 550 (Type: Generic_Service) arriva in 280.70
--- [280.70] Task 550 using SearchNode Policy: v1_heuristic ---
[550] Filtro euristico: DTS-TMAX
[280.70] [Task 550] Routed STARLINK-11187 [DTC] -> STARLINK-5108 | E_NET=0.000026 J | Remaining=79280.56 J
[280.702] Task 550 enqueued on CPU STARLINK-5108 qlen_enqueue=1
---> Task 551 (Type: CPU_Intensive) arriva in 280.70
--- [280.70] Task 551 using SearchNode Policy: v1_heuristic ---
[551] Filtro euristico: DTS-TMAX
[280.70] [Task 551] Routed STARLINK-11187 [DTC] -> STARLINK-4466 | E_NET=0.000015 J | Remaining=79280.56 J
[280.704] Task 551 enqueued on CPU STARLINK-4466 qlen_enqueue=1
[Task 550] Task eseguito su STARLINK-5108 72.6125335495493 degrees | CPU=26.7848J, NET=0.0000J, TOTAL=26.7848J, Remaining=78202.14J
[280.738] Task 550 served on STARLINK-5108 qlen_enqueue_cpu=1 qlen_enqueue_net=None time_in_queue=0.000
[550][GREEDY] STARLINK-5108 -> STARLINK-32442 | Tramission-time: 0.000918537520285066
[550] Energy routing consumed by STARLINK-5108: 0.000000 J (remaining 78202.14)
[MODE: BIDIRECTIONAL]
[550][GREEDY] CONSEGNATO! STARLINK-32442 -> OBS | Tramission-time: 2.432053426645418e-11
[Task 551] Task eseguito su STARLINK-4466 56.59308364537993 degrees | CPU=167.0619J, NET=0.0000J, TOTAL=167.0619J, Remaining=78056.95J
[280.915] Task 551 served on STARLINK-4466 qlen_enqueue_cpu=1 qlen_enqueue_net=None time_in_queue=0.000
[551][GREEDY] STARLINK-4466 -> STARLINK-32442 | Tramission-time: 0.0017232865945171437
[551] Energy routing consumed by STARLINK-4466: 0.000000 J (remaining 78056.95)
[MODE: BIDIRECTIONAL]
[551][GREEDY] CONSEGNATO! STARLINK-32442 -> OBS | Tramission-time: 1.5070055429363483e-11
[Task 548] Task eseguito su STARLINK-2647 86.98171267973883 degrees | CPU=824.1415J, NET=0.0000J, TOTAL=824.1415J, Remaining=77471.97J
[281.162] Task 548 served on STARLINK-2647 qlen_enqueue_cpu=1 qlen_enqueue_net=None time_in_queue=0.000
[MODE: BIDIRECTIONAL]
[548][GREEDY] CONSEGNATO! STARLINK-2647 -> OBS | Tramission-time: 1.110699599658533e-11
---> Task 552 (Type: Generic_Service) arriva in 281.38
--- [281.38] Task 552 using SearchNode Policy: v1_heuristic ---
[552] Filtro euristico: DTS-TMAX
[281.38] [Task 552] Routed STARLINK-11187 [DTC] -> STARLINK-33881 | E_NET=0.000032 J | Remaining=79280.56 J
[281.381] Task 552 enqueued on CPU STARLINK-33881 qlen_enqueue=1
[Task 552] Task eseguito su STARLINK-33881 60.037035239474605 degrees | CPU=30.4625J, NET=0.0000J, TOTAL=30.4625J, Remaining=78179.33J
[281.422] Task 552 served on STARLINK-33881 qlen_enqueue_cpu=1 qlen_enqueue_net=None time_in_queue=0.000
---> Task 553 (Type: Generic_Service) arriva in 281.48
--- [281.48] Task 553 using SearchNode Policy: v1_heuristic ---
[553] Filtro euristico: DTS-TMAX
[281.48] [Task 553] Routed STARLINK-11187 [DTC] -> STARLINK-30517 | E_NET=0.000021 J | Remaining=79280.56 J
[281.483] Task 553 enqueued on CPU STARLINK-30517 qlen_enqueue=1
[552][GREEDY] STARLINK-33881 -> STARLINK-32442 | Tramission-time: 0.0010036368964828142
[552] Energy routing consumed by STARLINK-33881: 0.000000 J (remaining 78179.33)
[Task 553] Task eseguito su STARLINK-30517 66.05184672373787 degrees | CPU=12.9109J, NET=0.0000J, TOTAL=12.9110J, Remaining=78194.91J
[281.500] Task 553 served on STARLINK-30517 qlen_enqueue_cpu=1 qlen_enqueue_net=None time_in_queue=0.000
[MODE: BIDIRECTIONAL]
[552][GREEDY] CONSEGNATO! STARLINK-32442 -> OBS | Tramission-time: 3.46042717148921e-11
[553][GREEDY] STARLINK-30517 -> STARLINK-32442 | Tramission-time: 0.0011125602405802168
[553] Energy routing consumed by STARLINK-30517: 0.000000 J (remaining 78194.91)
[MODE: BIDIRECTIONAL]
[553][GREEDY] CONSEGNATO! STARLINK-32442 -> OBS | Tramission-time: 1.9447385760824133e-11
----------------------------------------------------------------------
	||TIME IN SIMULATION : (seconds:282) (minutes: 4) ||

MODIFICA CONFIGURAZIONE IN CORSO...

Aggiornato il Tempo Globale:  2025-11-20 20:59:56
---> Task 554 (Type: CPU_and_Data_Intensive) arriva in 282.66
--- [282.66] Task 554 using SearchNode Policy: v1_heuristic ---
[554] Filtro euristico: DTS-TMAX
[282.66] [Task 554] Routed STARLINK-11187 [DTC] -> STARLINK-5108 | E_NET=0.007500 J | Remaining=79280.56 J
[282.669] Task 554 enqueued on CPU STARLINK-5108 qlen_enqueue=1
[282.921] Task 554 enqueued on NET STARLINK-5108 qlen_enqueue_net=1
[Task 554] Task eseguito su STARLINK-5108 72.85671972137195 degrees | CPU=201.0385J, NET=0.0093J, TOTAL=201.0478J, Remaining=78001.09J
[282.930] Task 554 served on STARLINK-5108 qlen_enqueue_cpu=1 qlen_enqueue_net=1 time_in_queue=0.000
[554][GREEDY] STARLINK-5108 -> STARLINK-32442 | Tramission-time: 0.0009752136136032662
[554] Energy routing consumed by STARLINK-5108: 0.000000 J (remaining 78001.09)
[MODE: BIDIRECTIONAL]
[554][GREEDY] CONSEGNATO! STARLINK-32442 -> OBS | Tramission-time: 6.3331501724583915e-09
---> Task 555 (Type: CPU_and_Data_Intensive) arriva in 283.13
--- [283.13] Task 555 using SearchNode Policy: v1_heuristic ---
[555] Filtro euristico: DTS-TMAX
[283.13] [Task 555] Routed STARLINK-11187 [DTC] -> STARLINK-30517 | E_NET=0.000255 J | Remaining=79280.56 J
[283.135] Task 555 enqueued on CPU STARLINK-30517 qlen_enqueue=1
----------------------------------------------------------------------
	||TIME IN SIMULATION : (seconds:284) (minutes: 4) ||

MODIFICA CONFIGURAZIONE IN CORSO...

Aggiornato il Tempo Globale:  2025-11-20 20:59:58
---> Task 556 (Type: CPU_and_Data_Intensive) arriva in 284.23
--- [284.23] Task 556 using SearchNode Policy: v1_heuristic ---
[556] Filtro euristico: DTS-TMAX
[284.23] [Task 556] Routed STARLINK-11187 [DTC] -> STARLINK-31909 | E_NET=0.005994 J | Remaining=79280.55 J
[284.235] Task 556 enqueued on CPU STARLINK-31909 qlen_enqueue=1
[284.352] Task 556 enqueued on NET STARLINK-31909 qlen_enqueue_net=1
[Task 556] Task eseguito su STARLINK-31909 47.88661805298776 degrees | CPU=93.6923J, NET=0.0064J, TOTAL=93.6987J, Remaining=78092.91J
[284.359] Task 556 served on STARLINK-31909 qlen_enqueue_cpu=1 qlen_enqueue_net=1 time_in_queue=0.000
[556][GREEDY] STARLINK-31909 -> STARLINK-32442 | Tramission-time: 0.0016196704806303167
[556] Energy routing consumed by STARLINK-31909: 0.000000 J (remaining 78092.91)
[MODE: BIDIRECTIONAL]
[556][GREEDY] CONSEGNATO! STARLINK-32442 -> OBS | Tramission-time: 5.2132785697420694e-09
[284.727] Task 555 enqueued on NET STARLINK-30517 qlen_enqueue_net=1
[Task 555] Task eseguito su STARLINK-30517 68.02377988985319 degrees | CPU=1271.9101J, NET=0.0003J, TOTAL=1271.9104J, Remaining=76923.00J
[284.727] Task 555 served on STARLINK-30517 qlen_enqueue_cpu=1 qlen_enqueue_net=1 time_in_queue=0.000
[555][GREEDY] STARLINK-30517 -> STARLINK-32442 | Tramission-time: 0.0011628505041948324
[555] Energy routing consumed by STARLINK-30517: 0.000000 J (remaining 76923.00)
[MODE: BIDIRECTIONAL]
[555][GREEDY] CONSEGNATO! STARLINK-32442 -> OBS | Tramission-time: 2.2595800630137102e-10
---> Task 557 (Type: Generic_Service) arriva in 285.04
--- [285.04] Task 557 using SearchNode Policy: v1_heuristic ---
[557] Filtro euristico: DTS-TMAX
[285.04] [Task 557] Routed STARLINK-11187 [DTC] -> STARLINK-33881 | E_NET=0.000020 J | Remaining=79280.55 J
[285.036] Task 557 enqueued on CPU STARLINK-33881 qlen_enqueue=1
[Task 557] Task eseguito su STARLINK-33881 62.53851792688225 degrees | CPU=53.6321J, NET=0.0000J, TOTAL=53.6321J, Remaining=78125.70J
[285.105] Task 557 served on STARLINK-33881 qlen_enqueue_cpu=1 qlen_enqueue_net=None time_in_queue=0.000
[MODE: BIDIRECTIONAL]
[557][GREEDY] CONSEGNATO! STARLINK-33881 -> OBS | Tramission-time: 2.236754248068099e-11
----------------------------------------------------------------------
	||TIME IN SIMULATION : (seconds:286) (minutes: 4) ||

MODIFICA CONFIGURAZIONE IN CORSO...

Aggiornato il Tempo Globale:  2025-11-20 21:00:00
---> Task 558 (Type: CPU_Intensive) arriva in 286.50
--- [286.50] Task 558 using SearchNode Policy: v1_heuristic ---
[558] Filtro euristico: DTS-TMAX
[Task 558] Nessun server rimasto dopo i filtri (deadline/sunset).
[Task 558] REJECTED on STARLINK-11187 [DTC] due to: No suitable server found after deadline/sunset filters
---> Task 559 (Type: CPU_Intensive) arriva in 286.80
--- [286.80] Task 559 using SearchNode Policy: v1_heuristic ---
[559] Filtro euristico: DTS-TMAX
[286.80] [Task 559] Routed STARLINK-11187 [DTC] -> STARLINK-33881 | E_NET=0.000035 J | Remaining=79280.55 J
[286.801] Task 559 enqueued on CPU STARLINK-33881 qlen_enqueue=1
[Task 559] Task eseguito su STARLINK-33881 63.80899323549759 degrees | CPU=114.0352J, NET=0.0000J, TOTAL=114.0352J, Remaining=78011.67J
[286.946] Task 559 served on STARLINK-33881 qlen_enqueue_cpu=1 qlen_enqueue_net=None time_in_queue=0.000
[MODE: BIDIRECTIONAL]
[559][GREEDY] CONSEGNATO! STARLINK-33881 -> OBS | Tramission-time: 2.8788023291753947e-11
---> Task 560 (Type: CPU_and_Data_Intensive) arriva in 287.12
--- [287.12] Task 560 using SearchNode Policy: v1_heuristic ---
[560] Filtro euristico: DTS-TMAX
[287.12] [Task 560] Routed STARLINK-11187 [DTC] -> STARLINK-31909 | E_NET=0.002097 J | Remaining=79280.55 J
[287.119] Task 560 enqueued on CPU STARLINK-31909 qlen_enqueue=1
[287.190] Task 560 enqueued on NET STARLINK-31909 qlen_enqueue_net=1
[Task 560] Task eseguito su STARLINK-31909 48.84957295995346 degrees | CPU=56.6882J, NET=0.0021J, TOTAL=56.6903J, Remaining=78036.22J
[287.192] Task 560 served on STARLINK-31909 qlen_enqueue_cpu=1 qlen_enqueue_net=1 time_in_queue=0.000
[560][GREEDY] STARLINK-31909 -> STARLINK-32442 | Tramission-time: 0.001632246056387399
[560] Energy routing consumed by STARLINK-31909: 0.000000 J (remaining 78036.22)
---> Task 561 (Type: Generic_Service) arriva in 287.36
--- [287.36] Task 561 using SearchNode Policy: v1_heuristic ---
[561] Filtro euristico: DTS-TMAX
[287.36] [Task 561] Routed STARLINK-11187 [DTC] -> STARLINK-4466 | E_NET=0.000013 J | Remaining=79280.55 J
[287.364] Task 561 enqueued on CPU STARLINK-4466 qlen_enqueue=1
[MODE: BIDIRECTIONAL]
[560][GREEDY] CONSEGNATO! STARLINK-32442 -> OBS | Tramission-time: 1.7029722770937522e-09
[Task 561] Task eseguito su STARLINK-4466 59.038102255812376 degrees | CPU=25.6511J, NET=0.0000J, TOTAL=25.6512J, Remaining=78031.30J
[287.398] Task 561 served on STARLINK-4466 qlen_enqueue_cpu=1 qlen_enqueue_net=None time_in_queue=0.000
[561][GREEDY] STARLINK-4466 -> STARLINK-32442 | Tramission-time: 0.0015895605178561144
[561] Energy routing consumed by STARLINK-4466: 0.000000 J (remaining 78031.30)
[MODE: BIDIRECTIONAL]
[561][GREEDY] CONSEGNATO! STARLINK-32442 -> OBS | Tramission-time: 1.5057043699333664e-11
---> Task 562 (Type: Generic_Service) arriva in 287.81
--- [287.81] Task 562 using SearchNode Policy: v1_heuristic ---
[562] Filtro euristico: DTS-TMAX
[287.81] [Task 562] Routed STARLINK-11187 [DTC] -> STARLINK-32442 | E_NET=0.000016 J | Remaining=79280.55 J
[287.812] Task 562 enqueued on CPU STARLINK-32442 qlen_enqueue=1
[Task 562] Task eseguito su STARLINK-32442 69.61226572951385 degrees | CPU=70.8715J, NET=0.0000J, TOTAL=70.8715J, Remaining=77967.87J
[287.902] Task 562 served on STARLINK-32442 qlen_enqueue_cpu=1 qlen_enqueue_net=None time_in_queue=0.000
[MODE: BIDIRECTIONAL]
[562][GREEDY] CONSEGNATO! STARLINK-32442 -> OBS | Tramission-time: 1.228529735204831e-11
----------------------------------------------------------------------
	||TIME IN SIMULATION : (seconds:288) (minutes: 4) ||

MODIFICA CONFIGURAZIONE IN CORSO...

Aggiornato il Tempo Globale:  2025-11-20 21:00:02
---> Task 563 (Type: CPU_Intensive) arriva in 288.96
--- [288.96] Task 563 using SearchNode Policy: v1_heuristic ---
[563] Filtro euristico: DTS-TMAX
[288.96] [Task 563] Routed STARLINK-11187 [DTC] -> STARLINK-30977 | E_NET=0.000013 J | Remaining=79280.55 J
[288.962] Task 563 enqueued on CPU STARLINK-30977 qlen_enqueue=1
---> Task 564 (Type: Generic_Service) arriva in 288.97
--- [288.97] Task 564 using SearchNode Policy: v1_heuristic ---
[564] Filtro euristico: DTS-TMAX
[288.97] [Task 564] Routed STARLINK-11187 [DTC] -> STARLINK-31909 | E_NET=0.000014 J | Remaining=79280.55 J
[288.971] Task 564 enqueued on CPU STARLINK-31909 qlen_enqueue=1
[Task 563] Task eseguito su STARLINK-30977 40.72595234426621 degrees | CPU=148.0900J, NET=0.0000J, TOTAL=148.0900J, Remaining=79851.91J
[289.148] Task 563 served on STARLINK-30977 qlen_enqueue_cpu=1 qlen_enqueue_net=None time_in_queue=0.000
[563][GREEDY] STARLINK-30977 -> STARLINK-32442 | Tramission-time: 0.002165068167520132
[563] Energy routing consumed by STARLINK-30977: 0.000000 J (remaining 79851.91)
[Task 564] Task eseguito su STARLINK-31909 49.831810788906274 degrees | CPU=181.3136J, NET=0.0000J, TOTAL=181.3136J, Remaining=77854.91J
[289.199] Task 564 served on STARLINK-31909 qlen_enqueue_cpu=1 qlen_enqueue_net=None time_in_queue=0.000
[MODE: BIDIRECTIONAL]
[563][GREEDY] CONSEGNATO! STARLINK-32442 -> OBS | Tramission-time: 1.044259469703531e-11
[564][GREEDY] STARLINK-31909 -> STARLINK-32442 | Tramission-time: 0.0016453703740055062
[564] Energy routing consumed by STARLINK-31909: 0.000000 J (remaining 77854.91)
[MODE: BIDIRECTIONAL]
[564][GREEDY] CONSEGNATO! STARLINK-32442 -> OBS | Tramission-time: 1.312217591895387e-11
---> Task 565 (Type: Generic_Service) arriva in 289.86
--- [289.86] Task 565 using SearchNode Policy: v1_heuristic ---
[565] Filtro euristico: DTS-TMAX
[289.86] [Task 565] Routed STARLINK-11187 [DTC] -> STARLINK-30977 | E_NET=0.000006 J | Remaining=79280.55 J
[289.864] Task 565 enqueued on CPU STARLINK-30977 qlen_enqueue=1
---> Task 566 (Type: Generic_Service) arriva in 289.90
--- [289.90] Task 566 using SearchNode Policy: v1_heuristic ---
[566] Filtro euristico: DTS-TMAX
[289.90] [Task 566] Routed STARLINK-11187 [DTC] -> STARLINK-4466 | E_NET=0.000026 J | Remaining=79280.55 J
[289.904] Task 566 enqueued on CPU STARLINK-4466 qlen_enqueue=1
[Task 566] Task eseguito su STARLINK-4466 59.82165967045588 degrees | CPU=27.6262J, NET=0.0000J, TOTAL=27.6262J, Remaining=78003.68J
[289.940] Task 566 served on STARLINK-4466 qlen_enqueue_cpu=1 qlen_enqueue_net=None time_in_queue=0.000
[Task 565] Task eseguito su STARLINK-30977 40.72595234426621 degrees | CPU=62.3911J, NET=0.0000J, TOTAL=62.3911J, Remaining=79789.52J
[289.943] Task 565 served on STARLINK-30977 qlen_enqueue_cpu=1 qlen_enqueue_net=None time_in_queue=0.000
[566][GREEDY] STARLINK-4466 -> STARLINK-32442 | Tramission-time: 0.001545717403128331
[566] Energy routing consumed by STARLINK-4466: 0.000000 J (remaining 78003.68)
----------------------------------------------------------------------
	||TIME IN SIMULATION : (seconds:290) (minutes: 4) ||

MODIFICA CONFIGURAZIONE IN CORSO...

Aggiornato il Tempo Globale:  2025-11-20 21:00:04
[565][GREEDY] STARLINK-30977 -> STARLINK-32442 | Tramission-time: 0.0021637413105444715
[565] Energy routing consumed by STARLINK-30977: 0.000000 J (remaining 79789.52)
[MODE: BIDIRECTIONAL]
[566][GREEDY] CONSEGNATO! STARLINK-32442 -> OBS | Tramission-time: 2.5856728131157916e-11
---> Task 567 (Type: CPU_Intensive) arriva in 290.18
--- [290.18] Task 567 using SearchNode Policy: v1_heuristic ---
[567] Filtro euristico: DTS-TMAX
[290.18] [Task 567] Routed STARLINK-11187 [DTC] -> STARLINK-33840 | E_NET=0.000028 J | Remaining=79280.55 J
[290.181] Task 567 enqueued on CPU STARLINK-33840 qlen_enqueue=1
[MODE: BIDIRECTIONAL]
[565][GREEDY] CONSEGNATO! STARLINK-32442 -> OBS | Tramission-time: 4.669346404938014e-12
[Task 567] Task eseguito su STARLINK-33840 40.84756912069317 degrees | CPU=112.9688J, NET=0.0000J, TOTAL=112.9688J, Remaining=79887.03J
[290.325] Task 567 served on STARLINK-33840 qlen_enqueue_cpu=1 qlen_enqueue_net=None time_in_queue=0.000
[567][GREEDY] STARLINK-33840 -> STARLINK-32442 | Tramission-time: 0.002064807230874882
[567] Energy routing consumed by STARLINK-33840: 0.000000 J (remaining 79887.03)
---> Task 568 (Type: CPU_and_Data_Intensive) arriva in 290.42
--- [290.42] Task 568 using SearchNode Policy: v1_heuristic ---
[568] Filtro euristico: DTS-TMAX
[290.42] [Task 568] Routed STARLINK-11187 [DTC] -> STARLINK-33840 | E_NET=0.002989 J | Remaining=79280.54 J
[290.427] Task 568 enqueued on CPU STARLINK-33840 qlen_enqueue=1
[290.495] Task 568 enqueued on NET STARLINK-33840 qlen_enqueue_net=1
[Task 568] Task eseguito su STARLINK-33840 40.84756912069317 degrees | CPU=53.9465J, NET=0.0042J, TOTAL=53.9507J, Remaining=79833.08J
[290.499] Task 568 served on STARLINK-33840 qlen_enqueue_cpu=1 qlen_enqueue_net=1 time_in_queue=0.000
[MODE: BIDIRECTIONAL]
[567][GREEDY] CONSEGNATO! STARLINK-32442 -> OBS | Tramission-time: 3.1384205665391507e-11
[568][GREEDY] STARLINK-33840 -> STARLINK-32442 | Tramission-time: 0.0020648100318566114
[568] Energy routing consumed by STARLINK-33840: 0.000000 J (remaining 79833.08)
[MODE: BIDIRECTIONAL]
[568][GREEDY] CONSEGNATO! STARLINK-32442 -> OBS | Tramission-time: 3.580928523208554e-09
---> Task 569 (Type: CPU_Intensive) arriva in 291.11
--- [291.11] Task 569 using SearchNode Policy: v1_heuristic ---
[569] Filtro euristico: DTS-TMAX
[291.11] [Task 569] Routed STARLINK-11187 [DTC] -> STARLINK-33840 | E_NET=0.000022 J | Remaining=79280.54 J
[291.109] Task 569 enqueued on CPU STARLINK-33840 qlen_enqueue=1
[Task 569] Task eseguito su STARLINK-33840 40.84756912069317 degrees | CPU=247.0547J, NET=0.0000J, TOTAL=247.0547J, Remaining=79586.03J
[291.420] Task 569 served on STARLINK-33840 qlen_enqueue_cpu=1 qlen_enqueue_net=None time_in_queue=0.000
[569][GREEDY] STARLINK-33840 -> STARLINK-32442 | Tramission-time: 0.0020648072235866454
[569] Energy routing consumed by STARLINK-33840: 0.000000 J (remaining 79586.03)
[MODE: BIDIRECTIONAL]
[569][GREEDY] CONSEGNATO! STARLINK-32442 -> OBS | Tramission-time: 2.0222720295341318e-11
---> Task 570 (Type: CPU_and_Data_Intensive) arriva in 291.94
--- [291.94] Task 570 using SearchNode Policy: v1_heuristic ---
[570] Filtro euristico: DTS-TMAX
[291.94] [Task 570] Routed STARLINK-11187 [DTC] -> STARLINK-30977 | E_NET=0.123047 J | Remaining=79280.42 J
----------------------------------------------------------------------
	||TIME IN SIMULATION : (seconds:292) (minutes: 4) ||

MODIFICA CONFIGURAZIONE IN CORSO...

Aggiornato il Tempo Globale:  2025-11-20 21:00:06
[292.061] Task 570 enqueued on CPU STARLINK-30977 qlen_enqueue=1
---> Task 571 (Type: CPU_and_Data_Intensive) arriva in 292.62
--- [292.62] Task 571 using SearchNode Policy: v1_heuristic ---
[571] Filtro euristico: DTS-TMAX
[292.62] [Task 571] Routed STARLINK-33881 -> STARLINK-35185 | E_NET=0.002496 J | Remaining=78011.66 J
[292.629] Task 571 enqueued on CPU STARLINK-35185 qlen_enqueue=1
---> Task 572 (Type: CPU_Intensive) arriva in 292.70
--- [292.70] Task 572 using SearchNode Policy: v1_heuristic ---
[572] Filtro euristico: DTS-TMAX
[292.70] [Task 572] Routed STARLINK-33881 -> STARLINK-5123 | E_NET=0.000032 J | Remaining=78011.66 J
[292.702] Task 572 enqueued on CPU STARLINK-5123 qlen_enqueue=1
[Task 572] Task eseguito su STARLINK-5123 45.70930868612506 degrees | CPU=33.6102J, NET=0.0000J, TOTAL=33.6103J, Remaining=79966.39J
[292.747] Task 572 served on STARLINK-5123 qlen_enqueue_cpu=1 qlen_enqueue_net=None time_in_queue=0.000
---> Task 573 (Type: Generic_Service) arriva in 292.79
--- [292.79] Task 573 using SearchNode Policy: v1_heuristic ---
[573] Filtro euristico: DTS-TMAX
[292.79] [Task 573] Routed STARLINK-33881 -> STARLINK-5108 | E_NET=0.000022 J | Remaining=78011.66 J
[292.791] Task 573 enqueued on CPU STARLINK-5108 qlen_enqueue=1
---> Task 574 (Type: CPU_Intensive) arriva in 292.80
--- [292.80] Task 574 using SearchNode Policy: v1_heuristic ---
[574] Filtro euristico: DTS-TMAX
[292.80] [Task 574] Routed STARLINK-33881 -> STARLINK-31064 | E_NET=0.000016 J | Remaining=78011.66 J
[292.798] Task 574 enqueued on CPU STARLINK-31064 qlen_enqueue=1
[Task 573] Task eseguito su STARLINK-5108 72.24243717844476 degrees | CPU=8.4099J, NET=0.0000J, TOTAL=8.4099J, Remaining=77992.68J
[292.803] Task 573 served on STARLINK-5108 qlen_enqueue_cpu=1 qlen_enqueue_net=None time_in_queue=0.000
[MODE: BIDIRECTIONAL]
[573][GREEDY] CONSEGNATO! STARLINK-5108 -> OBS | Tramission-time: 2.5241985054810733e-11
[572][GREEDY] STARLINK-5123 -> STARLINK-32442 | Tramission-time: 0.0013069363807540514
[572] Energy routing consumed by STARLINK-5123: 0.000000 J (remaining 79966.39)
[292.862] Task 570 enqueued on NET STARLINK-30977 qlen_enqueue_net=1
[MODE: BIDIRECTIONAL]
[572][GREEDY] CONSEGNATO! STARLINK-32442 -> OBS | Tramission-time: 2.5670166895950708e-11
[Task 570] Task eseguito su STARLINK-30977 42.165963753113026 degrees | CPU=639.7095J, NET=0.1549J, TOTAL=639.8644J, Remaining=79149.65J
[293.017] Task 570 served on STARLINK-30977 qlen_enqueue_cpu=1 qlen_enqueue_net=1 time_in_queue=0.000
[570][GREEDY] STARLINK-30977 -> STARLINK-32442 | Tramission-time: 0.0021627458863441766
[570] Energy routing consumed by STARLINK-30977: 0.000000 J (remaining 79149.65)
---> Task 575 (Type: Generic_Service) arriva in 293.16
--- [293.16] Task 575 using SearchNode Policy: v1_heuristic ---
[575] Filtro euristico: DTS-TMAX
[293.16] [Task 575] Routed STARLINK-33881 -> STARLINK-30604 | E_NET=0.000009 J | Remaining=78011.66 J
[293.161] Task 575 enqueued on CPU STARLINK-30604 qlen_enqueue=1
[Task 575] Task eseguito su STARLINK-30604 75.04883357961141 degrees | CPU=2.7889J, NET=0.0000J, TOTAL=2.7890J, Remaining=77724.83J
[293.165] Task 575 served on STARLINK-30604 qlen_enqueue_cpu=1 qlen_enqueue_net=None time_in_queue=0.000
[MODE: BIDIRECTIONAL]
[570][GREEDY] CONSEGNATO! STARLINK-32442 -> OBS | Tramission-time: 1.3800703949391617e-07
[575][GREEDY] STARLINK-30604 -> STARLINK-32442 | Tramission-time: 0.0009564408352803565
[575] Energy routing consumed by STARLINK-30604: 0.000000 J (remaining 77724.83)
[MODE: BIDIRECTIONAL]
[575][GREEDY] CONSEGNATO! STARLINK-32442 -> OBS | Tramission-time: 8.542834124809009e-12
---> Task 576 (Type: Generic_Service) arriva in 293.41
--- [293.41] Task 576 using SearchNode Policy: v1_heuristic ---
[576] Filtro euristico: DTS-TMAX
[293.41] [Task 576] Routed STARLINK-33881 -> STARLINK-35067 | E_NET=0.000031 J | Remaining=78011.66 J
[293.410] Task 576 enqueued on CPU STARLINK-35067 qlen_enqueue=1
---> Task 577 (Type: CPU_Intensive) arriva in 293.42
--- [293.42] Task 577 using SearchNode Policy: v1_heuristic ---
[577] Filtro euristico: DTS-TMAX
[293.42] [Task 577] Routed STARLINK-33881 -> STARLINK-5123 | E_NET=0.000024 J | Remaining=78011.66 J
[293.422] Task 577 enqueued on CPU STARLINK-5123 qlen_enqueue=1
[Task 576] Task eseguito su STARLINK-35067 47.42594908566498 degrees | CPU=37.3881J, NET=0.0000J, TOTAL=37.3882J, Remaining=79962.61J
[293.459] Task 576 served on STARLINK-35067 qlen_enqueue_cpu=1 qlen_enqueue_net=None time_in_queue=0.000
---> Task 578 (Type: Generic_Service) arriva in 293.49
--- [293.49] Task 578 using SearchNode Policy: v1_heuristic ---
[578] Filtro euristico: DTS-TMAX
[293.49] [Task 578] Routed STARLINK-33881 -> STARLINK-33840 | E_NET=0.000022 J | Remaining=78011.66 J
[293.487] Task 578 enqueued on CPU STARLINK-33840 qlen_enqueue=1
[Task 577] Task eseguito su STARLINK-5123 45.70930868612506 degrees | CPU=50.6356J, NET=0.0000J, TOTAL=50.6357J, Remaining=79915.75J
[293.487] Task 577 served on STARLINK-5123 qlen_enqueue_cpu=1 qlen_enqueue_net=None time_in_queue=0.000
[Task 578] Task eseguito su STARLINK-33840 41.68175388354399 degrees | CPU=13.1211J, NET=0.0000J, TOTAL=13.1211J, Remaining=79572.90J
[293.505] Task 578 served on STARLINK-33840 qlen_enqueue_cpu=1 qlen_enqueue_net=None time_in_queue=0.000
[576][GREEDY] STARLINK-35067 -> STARLINK-32442 | Tramission-time: 0.0010209788626137466
[576] Energy routing consumed by STARLINK-35067: 0.000000 J (remaining 79962.61)
[577][GREEDY] STARLINK-5123 -> STARLINK-32442 | Tramission-time: 0.001306936369435411
[577] Energy routing consumed by STARLINK-5123: 0.000000 J (remaining 79915.75)
[578][GREEDY] STARLINK-33840 -> STARLINK-32442 | Tramission-time: 0.002069869332135893
[578] Energy routing consumed by STARLINK-33840: 0.000000 J (remaining 79572.90)
[293.517] Task 571 enqueued on NET STARLINK-35185 qlen_enqueue_net=1
[Task 571] Task eseguito su STARLINK-35185 44.29430392503873 degrees | CPU=709.6304J, NET=0.0027J, TOTAL=709.6331J, Remaining=79290.37J
[293.520] Task 571 served on STARLINK-35185 qlen_enqueue_cpu=1 qlen_enqueue_net=1 time_in_queue=0.000
[Task 574] Task eseguito su STARLINK-31064 40.98508624510679 degrees | CPU=604.9500J, NET=0.0000J, TOTAL=604.9500J, Remaining=79395.05J
[293.557] Task 574 served on STARLINK-31064 qlen_enqueue_cpu=1 qlen_enqueue_net=None time_in_queue=0.000
[MODE: BIDIRECTIONAL]
[576][GREEDY] CONSEGNATO! STARLINK-32442 -> OBS | Tramission-time: 2.914914315206374e-11
[MODE: BIDIRECTIONAL]
[578][GREEDY] CONSEGNATO! STARLINK-32442 -> OBS | Tramission-time: 2.2745343443268625e-11
[571][GREEDY] STARLINK-35185 -> STARLINK-32442 | Tramission-time: 0.0013203848784545582
[571] Energy routing consumed by STARLINK-35185: 0.000000 J (remaining 79290.37)
[574][GREEDY] STARLINK-31064 -> STARLINK-32442 | Tramission-time: 0.0013993564305591964
[574] Energy routing consumed by STARLINK-31064: 0.000000 J (remaining 79395.05)
---> Task 579 (Type: CPU_Intensive) arriva in 293.66
--- [293.66] Task 579 using SearchNode Policy: v1_heuristic ---
[579] Filtro euristico: DTS-TMAX
[293.66] [Task 579] Routed STARLINK-33881 -> STARLINK-35067 | E_NET=0.000006 J | Remaining=78011.66 J
[293.659] Task 579 enqueued on CPU STARLINK-35067 qlen_enqueue=1
[MODE: BIDIRECTIONAL]
[577][GREEDY] CONSEGNATO! STARLINK-32442 -> OBS | Tramission-time: 2.1766863587495596e-11
[MODE: BIDIRECTIONAL]
[574][GREEDY] CONSEGNATO! STARLINK-32442 -> OBS | Tramission-time: 1.754722772390111e-11
[MODE: BIDIRECTIONAL]
[571][GREEDY] CONSEGNATO! STARLINK-32442 -> OBS | Tramission-time: 2.3820580871520324e-09
----------------------------------------------------------------------
	||TIME IN SIMULATION : (seconds:294) (minutes: 4) ||

MODIFICA CONFIGURAZIONE IN CORSO...

Aggiornato il Tempo Globale:  2025-11-20 21:00:08
---> Task 580 (Type: CPU_Intensive) arriva in 294.07
--- [294.07] Task 580 using SearchNode Policy: v1_heuristic ---
[580] Filtro euristico: DTS-TMAX
[294.07] [Task 580] Routed STARLINK-33881 -> STARLINK-34703 | E_NET=0.000008 J | Remaining=78011.66 J
[294.073] Task 580 enqueued on CPU STARLINK-34703 qlen_enqueue=1
---> Task 581 (Type: CPU_Intensive) arriva in 294.15
--- [294.15] Task 581 using SearchNode Policy: v1_heuristic ---
[581] Filtro euristico: DTS-TMAX
[294.15] [Task 581] Routed STARLINK-33881 -> STARLINK-5123 | E_NET=0.000007 J | Remaining=78011.66 J
[294.152] Task 581 enqueued on CPU STARLINK-5123 qlen_enqueue=1
[Task 580] Task eseguito su STARLINK-34703 40.25997745783497 degrees | CPU=109.5515J, NET=0.0000J, TOTAL=109.5516J, Remaining=79890.45J
[294.211] Task 580 served on STARLINK-34703 qlen_enqueue_cpu=1 qlen_enqueue_net=None time_in_queue=0.000
[580][GREEDY] STARLINK-34703 -> STARLINK-33881 | Tramission-time: 0.0014809877787764951
[580] Energy routing consumed by STARLINK-34703: 0.000000 J (remaining 79890.45)
[MODE: BIDIRECTIONAL]
[580][GREEDY] CONSEGNATO! STARLINK-33881 -> OBS | Tramission-time: 9.787201352543402e-12
---> Task 582 (Type: CPU_and_Data_Intensive) arriva in 294.61
--- [294.61] Task 582 using SearchNode Policy: v1_heuristic ---
[582] Filtro euristico: DTS-TMAX
[294.61] [Task 582] Routed STARLINK-33881 -> STARLINK-34703 | E_NET=0.000175 J | Remaining=78011.66 J
[294.609] Task 582 enqueued on CPU STARLINK-34703 qlen_enqueue=1
[294.689] Task 582 enqueued on NET STARLINK-34703 qlen_enqueue_net=1
[Task 582] Task eseguito su STARLINK-34703 40.25997745783497 degrees | CPU=64.4975J, NET=0.0002J, TOTAL=64.4978J, Remaining=79825.95J
[294.690] Task 582 served on STARLINK-34703 qlen_enqueue_cpu=1 qlen_enqueue_net=1 time_in_queue=0.000
[582][GREEDY] STARLINK-34703 -> STARLINK-33881 | Tramission-time: 0.0014809879374427938
[582] Energy routing consumed by STARLINK-34703: 0.000000 J (remaining 79825.95)
[Task 581] Task eseguito su STARLINK-5123 46.584689093045384 degrees | CPU=468.4404J, NET=0.0000J, TOTAL=468.4404J, Remaining=79447.31J
[294.739] Task 581 served on STARLINK-5123 qlen_enqueue_cpu=1 qlen_enqueue_net=None time_in_queue=0.000
[MODE: BIDIRECTIONAL]
[582][GREEDY] CONSEGNATO! STARLINK-33881 -> OBS | Tramission-time: 2.3151252415711328e-10
[581][GREEDY] STARLINK-5123 -> STARLINK-33881 | Tramission-time: 0.001615735875035289
[581] Energy routing consumed by STARLINK-5123: 0.000000 J (remaining 79447.31)
[Task 579] Task eseguito su STARLINK-35067 48.29734357232262 degrees | CPU=953.5280J, NET=0.0000J, TOTAL=953.5280J, Remaining=79009.08J
[294.853] Task 579 served on STARLINK-35067 qlen_enqueue_cpu=1 qlen_enqueue_net=None time_in_queue=0.000
[MODE: BIDIRECTIONAL]
[581][GREEDY] CONSEGNATO! STARLINK-33881 -> OBS | Tramission-time: 8.531159635177315e-12
[579][GREEDY] STARLINK-35067 -> STARLINK-33881 | Tramission-time: 0.001849657600166878
[579] Energy routing consumed by STARLINK-35067: 0.000000 J (remaining 79009.08)
[MODE: BIDIRECTIONAL]
[579][GREEDY] CONSEGNATO! STARLINK-33881 -> OBS | Tramission-time: 5.01331180652056e-12
---> Task 583 (Type: CPU_Intensive) arriva in 295.64
--- [295.64] Task 583 using SearchNode Policy: v1_heuristic ---
[583] Filtro euristico: DTS-TMAX
[295.64] [Task 583] Routed STARLINK-33881 -> STARLINK-34703 | E_NET=0.000003 J | Remaining=78011.66 J
[295.642] Task 583 enqueued on CPU STARLINK-34703 qlen_enqueue=1
[Task 583] Task eseguito su STARLINK-34703 40.25997745783497 degrees | CPU=50.0552J, NET=0.0000J, TOTAL=50.0553J, Remaining=79775.90J
[295.705] Task 583 served on STARLINK-34703 qlen_enqueue_cpu=1 qlen_enqueue_net=None time_in_queue=0.000
[583][GREEDY] STARLINK-34703 -> STARLINK-33881 | Tramission-time: 0.0014809877745795247
[583] Energy routing consumed by STARLINK-34703: 0.000000 J (remaining 79775.90)
---> Task 584 (Type: Generic_Service) arriva in 295.81
--- [295.81] Task 584 using SearchNode Policy: v1_heuristic ---
[584] Filtro euristico: DTS-TMAX
[Task 584] Nessun server rimasto dopo i filtri (deadline/sunset).
[Task 584] REJECTED on STARLINK-33881 due to: No suitable server found after deadline/sunset filters
---> Task 585 (Type: CPU_Intensive) arriva in 295.81
--- [295.81] Task 585 using SearchNode Policy: v1_heuristic ---
[585] Filtro euristico: DTS-TMAX
[295.81] [Task 585] Routed STARLINK-33881 -> STARLINK-34703 | E_NET=0.000007 J | Remaining=78011.66 J
[295.813] Task 585 enqueued on CPU STARLINK-34703 qlen_enqueue=1
[MODE: BIDIRECTIONAL]
[583][GREEDY] CONSEGNATO! STARLINK-33881 -> OBS | Tramission-time: 3.308226814465477e-12
----------------------------------------------------------------------
	||TIME IN SIMULATION : (seconds:296) (minutes: 4) ||

MODIFICA CONFIGURAZIONE IN CORSO...

Aggiornato il Tempo Globale:  2025-11-20 21:00:10
[Task 585] Task eseguito su STARLINK-34703 40.51961001213119 degrees | CPU=234.6873J, NET=0.0000J, TOTAL=234.6873J, Remaining=79541.21J
[296.107] Task 585 served on STARLINK-34703 qlen_enqueue_cpu=1 qlen_enqueue_net=None time_in_queue=0.000
[585][GREEDY] STARLINK-34703 -> STARLINK-33881 | Tramission-time: 0.0014925480053393126
[585] Energy routing consumed by STARLINK-34703: 0.000000 J (remaining 79541.21)
[MODE: BIDIRECTIONAL]
[585][GREEDY] CONSEGNATO! STARLINK-33881 -> OBS | Tramission-time: 6.457251242363615e-12
---> Task 586 (Type: CPU_and_Data_Intensive) arriva in 296.46
--- [296.46] Task 586 using SearchNode Policy: v1_heuristic ---
[586] Filtro euristico: DTS-TMAX
[296.46] [Task 586] Routed STARLINK-33881 -> STARLINK-5525 | E_NET=0.000525 J | Remaining=78011.66 J
[296.458] Task 586 enqueued on CPU STARLINK-5525 qlen_enqueue=1
[297.489] Task 586 enqueued on NET STARLINK-5525 qlen_enqueue_net=1
[Task 586] Task eseguito su STARLINK-5525 40.06663263113026 degrees | CPU=823.7350J, NET=0.0006J, TOTAL=823.7355J, Remaining=79176.26J
[297.490] Task 586 served on STARLINK-5525 qlen_enqueue_cpu=1 qlen_enqueue_net=1 time_in_queue=0.000
[586][GREEDY] STARLINK-5525 -> STARLINK-33881 | Tramission-time: 0.0018795652218702166
[586] Energy routing consumed by STARLINK-5525: 0.000000 J (remaining 79176.26)
[MODE: BIDIRECTIONAL]
[586][GREEDY] CONSEGNATO! STARLINK-33881 -> OBS | Tramission-time: 5.111567146706706e-10
----------------------------------------------------------------------
	||TIME IN SIMULATION : (seconds:298) (minutes: 4) ||

MODIFICA CONFIGURAZIONE IN CORSO...

Aggiornato il Tempo Globale:  2025-11-20 21:00:12
---> Task 587 (Type: Generic_Service) arriva in 298.59
--- [298.59] Task 587 using SearchNode Policy: v1_heuristic ---
[587] Filtro euristico: DTS-TMAX
[298.59] [Task 587] Routed STARLINK-33881 -> STARLINK-33840 | E_NET=0.000018 J | Remaining=78011.66 J
[298.591] Task 587 enqueued on CPU STARLINK-33840 qlen_enqueue=1
[Task 587] Task eseguito su STARLINK-33840 44.31802612087877 degrees | CPU=15.8993J, NET=0.0000J, TOTAL=15.8993J, Remaining=79557.01J
[298.612] Task 587 served on STARLINK-33840 qlen_enqueue_cpu=1 qlen_enqueue_net=None time_in_queue=0.000
[587][GREEDY] STARLINK-33840 -> STARLINK-33881 | Tramission-time: 0.0010885274189979589
[587] Energy routing consumed by STARLINK-33840: 0.000000 J (remaining 79557.01)
[MODE: BIDIRECTIONAL]
[587][GREEDY] CONSEGNATO! STARLINK-33881 -> OBS | Tramission-time: 1.9466907466802803e-11
---> Task 588 (Type: Generic_Service) arriva in 298.92
--- [298.92] Task 588 using SearchNode Policy: v1_heuristic ---
[588] Filtro euristico: DTS-TMAX
[298.92] [Task 588] Routed STARLINK-33881 -> STARLINK-33840 | E_NET=0.000005 J | Remaining=78011.66 J
[298.918] Task 588 enqueued on CPU STARLINK-33840 qlen_enqueue=1
[Task 588] Task eseguito su STARLINK-33840 44.31802612087877 degrees | CPU=18.4994J, NET=0.0000J, TOTAL=18.4994J, Remaining=79538.51J
[298.941] Task 588 served on STARLINK-33840 qlen_enqueue_cpu=1 qlen_enqueue_net=None time_in_queue=0.000
[588][GREEDY] STARLINK-33840 -> STARLINK-33881 | Tramission-time: 0.001088527407745575
[588] Energy routing consumed by STARLINK-33840: 0.000000 J (remaining 79538.51)
[MODE: BIDIRECTIONAL]
[588][GREEDY] CONSEGNATO! STARLINK-33881 -> OBS | Tramission-time: 3.729812992091428e-12

Salvataggio del dataset generato in: Generated_datasets/generated_tasks_counter.json5
Salvataggio completato con successo.

Dataset dello stato della simulazione salvato in 'simulation_dataset.json'
TASK ARRIVATI CON SUCCESSO ALL'OBS: 557:

 id     | weight        | resolution    | Start Routing (s) | End Routing (s) | duration      | hop |
 2      | 0.07 MB       | Generic_Service         | 0.67              | 0.8             | 0.13          | 2   |
 1      | 3.76 MB       | CPU_and_Data_Intensive  | 0.64              | 1.6             | 0.96          | 1   |
 3      | 0.05 MB       | CPU_Intensive           | 1.57              | 2.1             | 0.53          | 2   |
 4      | 1.32 MB       | CPU_and_Data_Intensive  | 2.53              | 2.7             | 0.17          | 2   |
 5      | 0.04 MB       | CPU_Intensive           | 2.69              | 3.01            | 0.32          | 2   |
 7      | 0.07 MB       | Generic_Service         | 2.82              | 3.11            | 0.29          | 2   |
 6      | 0.48 MB       | CPU_and_Data_Intensive  | 2.79              | 3.21            | 0.42          | 2   |
 9      | 0.06 MB       | Generic_Service         | 3.36              | 3.41            | 0.04          | 1   |
 8      | 0.02 MB       | Generic_Service         | 3.26              | 3.51            | 0.25          | 2   |
 11     | 0.04 MB       | Generic_Service         | 4.06              | 4.21            | 0.15          | 2   |
 12     | 0.06 MB       | Generic_Service         | 4.25              | 4.41            | 0.16          | 2   |
 14     | 0.03 MB       | Generic_Service         | 4.68              | 4.81            | 0.14          | 2   |
 15     | 0.07 MB       | Generic_Service         | 5.07              | 5.21            | 0.14          | 2   |
 10     | 0.08 MB       | CPU_Intensive           | 3.68              | 5.62            | 1.94          | 2   |
 18     | 0.02 MB       | Generic_Service         | 6.26              | 6.42            | 0.16          | 2   |
 17     | 1.83 MB       | CPU_and_Data_Intensive  | 5.42              | 6.42            | 1.0           | 2   |
 16     | 0.08 MB       | CPU_Intensive           | 5.2               | 6.52            | 1.32          | 2   |
 20     | 0.08 MB       | CPU_Intensive           | 7.6               | 8.02            | 0.42          | 2   |
 19     | 1.69 MB       | CPU_and_Data_Intensive  | 7.3               | 8.12            | 0.82          | 2   |
 21     | 0.08 MB       | Generic_Service         | 8.04              | 8.22            | 0.18          | 2   |
 22     | 0.03 MB       | CPU_Intensive           | 8.46              | 8.92            | 0.46          | 2   |
 23     | 0.06 MB       | Generic_Service         | 8.91              | 9.03            | 0.12          | 2   |
 24     | 0.08 MB       | Generic_Service         | 9.99              | 10.23           | 0.23          | 2   |
 26     | 0.04 MB       | Generic_Service         | 10.73             | 10.93           | 0.2           | 2   |
 27     | 0.02 MB       | Generic_Service         | 11.25             | 11.43           | 0.18          | 2   |
 28     | 0.08 MB       | Generic_Service         | 11.37             | 11.53           | 0.16          | 2   |
 25     | 0.02 MB       | CPU_Intensive           | 10.47             | 11.63           | 1.16          | 2   |
 29     | 0.05 MB       | CPU_Intensive           | 11.58             | 11.83           | 0.25          | 2   |
 30     | 11.81 MB      | CPU_and_Data_Intensive  | 12.15             | 12.34           | 0.19          | 2   |
 31     | 0.03 MB       | Generic_Service         | 14.12             | 14.34           | 0.22          | 2   |
 33     | 0.04 MB       | CPU_Intensive           | 15.34             | 15.44           | 0.09          | 1   |
 34     | 0.08 MB       | Generic_Service         | 16.22             | 16.44           | 0.22          | 1   |
 35     | 0.07 MB       | CPU_Intensive           | 17.04             | 17.64           | 0.6           | 1   |
 37     | 0.06 MB       | CPU_Intensive           | 18.83             | 19.04           | 0.21          | 2   |
 36     | 0.03 MB       | CPU_Intensive           | 18.52             | 19.34           | 0.82          | 2   |
 38     | 0.07 MB       | CPU_Intensive           | 19.86             | 20.44           | 0.59          | 2   |
 39     | 0.08 MB       | Generic_Service         | 20.27             | 20.44           | 0.18          | 2   |
 41     | 1.36 MB       | CPU_and_Data_Intensive  | 21.03             | 21.55           | 0.52          | 2   |
 45     | 0.01 MB       | CPU_Intensive           | 21.39             | 21.65           | 0.25          | 2   |
 46     | 0.05 MB       | CPU_Intensive           | 21.44             | 21.75           | 0.31          | 2   |
 42     | 0.08 MB       | CPU_Intensive           | 21.06             | 21.85           | 0.8           | 2   |
 47     | 9.15 MB       | CPU_and_Data_Intensive  | 21.55             | 21.85           | 0.31          | 2   |
 49     | 0.03 MB       | Generic_Service         | 21.72             | 21.95           | 0.24          | 2   |
 40     | 0.02 MB       | CPU_Intensive           | 20.72             | 21.95           | 1.24          | 2   |
 50     | 0.06 MB       | CPU_Intensive           | 21.81             | 22.16           | 0.35          | 2   |
 43     | 181.87 MB     | CPU_and_Data_Intensive  | 21.22             | 22.56           | 1.34          | 2   |
 51     | 0.08 MB       | CPU_Intensive           | 22.81             | 23.06           | 0.25          | 1   |
 52     | 11.13 MB      | CPU_and_Data_Intensive  | 22.91             | 23.16           | 0.25          | 2   |
 53     | 0.05 MB       | Generic_Service         | 24.54             | 24.66           | 0.12          | 1   |
 54     | 0.05 MB       | Generic_Service         | 25.02             | 25.26           | 0.24          | 2   |
 55     | 0.07 MB       | CPU_Intensive           | 25.79             | 26.16           | 0.37          | 2   |
 56     | 0.03 MB       | Generic_Service         | 26.29             | 26.46           | 0.17          | 1   |
 57     | 0.02 MB       | CPU_Intensive           | 26.3              | 26.76           | 0.47          | 1   |
 58     | 0.52 MB       | CPU_and_Data_Intensive  | 26.48             | 27.06           | 0.58          | 2   |
 59     | 0.02 MB       | Generic_Service         | 27.1              | 27.26           | 0.17          | 2   |
 60     | 0.04 MB       | CPU_Intensive           | 27.9              | 28.37           | 0.47          | 2   |
 61     | 0.02 MB       | Generic_Service         | 28.27             | 28.47           | 0.2           | 2   |
 62     | 0.08 MB       | CPU_Intensive           | 28.76             | 28.97           | 0.21          | 2   |
 63     | 0.05 MB       | CPU_Intensive           | 29.58             | 29.77           | 0.19          | 2   |
 64     | 0.08 MB       | Generic_Service         | 29.85             | 29.97           | 0.12          | 1   |
 65     | 0.05 MB       | Generic_Service         | 29.96             | 30.17           | 0.21          | 2   |
 66     | 0.04 MB       | Generic_Service         | 31.36             | 31.57           | 0.22          | 2   |
 67     | 19.94 MB      | CPU_and_Data_Intensive  | 31.48             | 31.98           | 0.49          | 2   |
 68     | 0.03 MB       | Generic_Service         | 32.04             | 32.28           | 0.23          | 2   |
 69     | 0.02 MB       | Generic_Service         | 33.62             | 33.68           | 0.06          | 1   |
 70     | 0.04 MB       | Generic_Service         | 34.57             | 34.88           | 0.31          | 2   |
 71     | 0.05 MB       | Generic_Service         | 35.02             | 35.18           | 0.16          | 2   |
 73     | 0.08 MB       | Generic_Service         | 36.3              | 36.38           | 0.08          | 1   |
 72     | 0.06 MB       | CPU_Intensive           | 35.73             | 36.68           | 0.95          | 2   |
 75     | 0.06 MB       | Generic_Service         | 37.09             | 37.29           | 0.2           | 2   |
 76     | 0.03 MB       | CPU_Intensive           | 37.11             | 37.49           | 0.37          | 2   |
 77     | 0.09 MB       | CPU_Intensive           | 37.86             | 38.09           | 0.23          | 2   |
 79     | 0.03 MB       | Generic_Service         | 38.78             | 38.99           | 0.21          | 2   |
 80     | 0.08 MB       | Generic_Service         | 38.88             | 39.09           | 0.22          | 2   |
 78     | 0.03 MB       | CPU_Intensive           | 38.43             | 39.89           | 1.46          | 2   |
 81     | 0.03 MB       | CPU_Intensive           | 40.14             | 40.3            | 0.15          | 2   |
 82     | 0.08 MB       | Generic_Service         | 40.41             | 40.6            | 0.18          | 2   |
 83     | 0.06 MB       | Generic_Service         | 41.05             | 41.2            | 0.15          | 2   |
 84     | 0.07 MB       | CPU_Intensive           | 41.11             | 41.9            | 0.79          | 2   |
 86     | 0.08 MB       | Generic_Service         | 42.15             | 42.4            | 0.26          | 2   |
 85     | 0.07 MB       | CPU_Intensive           | 41.35             | 42.5            | 1.16          | 1   |
 87     | 0.06 MB       | Generic_Service         | 42.48             | 42.7            | 0.22          | 2   |
 88     | 0.02 MB       | CPU_Intensive           | 42.53             | 42.81           | 0.28          | 2   |
 89     | 0.08 MB       | CPU_Intensive           | 43.59             | 44.11           | 0.52          | 2   |
 90     | 0.05 MB       | Generic_Service         | 44.39             | 44.61           | 0.22          | 2   |
 94     | 0.08 MB       | Generic_Service         | 46.16             | 46.31           | 0.15          | 2   |
 93     | 0.08 MB       | Generic_Service         | 46.16             | 46.41           | 0.25          | 2   |
 96     | 1.83 MB       | CPU_and_Data_Intensive  | 46.69             | 46.91           | 0.23          | 2   |
 95     | 300.92 MB     | CPU_and_Data_Intensive  | 46.45             | 47.92           | 1.47          | 2   |
 97     | 0.06 MB       | CPU_Intensive           | 46.79             | 48.02           | 1.23          | 2   |
 98     | 0.08 MB       | Generic_Service         | 48.18             | 48.42           | 0.24          | 2   |
 99     | 0.04 MB       | CPU_Intensive           | 48.48             | 49.12           | 0.64          | 2   |
 100    | 0.05 MB       | CPU_Intensive           | 49.92             | 50.72           | 0.81          | 2   |
 101    | 0.04 MB       | Generic_Service         | 50.81             | 50.92           | 0.11          | 2   |
 102    | 0.06 MB       | CPU_Intensive           | 50.99             | 51.33           | 0.34          | 2   |
 103    | 0.01 MB       | CPU_Intensive           | 51.44             | 51.63           | 0.18          | 2   |
 104    | 0.07 MB       | Generic_Service         | 52.55             | 52.73           | 0.18          | 2   |
 106    | 3.02 MB       | CPU_and_Data_Intensive  | 52.96             | 53.23           | 0.27          | 2   |
 107    | 0.07 MB       | CPU_Intensive           | 53.01             | 53.33           | 0.32          | 2   |
 105    | 363.62 MB     | CPU_and_Data_Intensive  | 52.81             | 54.03           | 1.22          | 2   |
 108    | 0.08 MB       | Generic_Service         | 54.92             | 55.03           | 0.11          | 2   |
 110    | 0.07 MB       | Generic_Service         | 55.48             | 55.53           | 0.05          | 1   |
 112    | 0.04 MB       | CPU_Intensive           | 56.1              | 56.64           | 0.54          | 2   |
 109    | 0.08 MB       | CPU_Intensive           | 54.95             | 56.84           | 1.89          | 2   |
 111    | 9.26 MB       | CPU_and_Data_Intensive  | 55.91             | 56.94           | 1.03          | 2   |
 113    | 2.75 MB       | CPU_and_Data_Intensive  | 56.16             | 56.94           | 0.78          | 1   |
 114    | 0.08 MB       | CPU_Intensive           | 57.13             | 57.24           | 0.11          | 2   |
 115    | 0.06 MB       | CPU_Intensive           | 57.43             | 58.14           | 0.71          | 2   |
 116    | 0.06 MB       | Generic_Service         | 59.23             | 59.44           | 0.21          | 2   |
 118    | 0.08 MB       | CPU_Intensive           | 60.16             | 60.65           | 0.48          | 2   |
 119    | 0.09 MB       | Generic_Service         | 60.68             | 60.75           | 0.07          | 2   |
 120    | 0.04 MB       | Generic_Service         | 61.43             | 61.45           | 0.02          | 1   |
 117    | 0.02 MB       | CPU_Intensive           | 60.02             | 61.55           | 1.53          | 2   |
 121    | 0.08 MB       | Generic_Service         | 61.53             | 61.65           | 0.12          | 2   |
 122    | 0.08 MB       | Generic_Service         | 61.91             | 61.95           | 0.05          | 2   |
 123    | 5.00 MB       | CPU_and_Data_Intensive  | 63.51             | 63.65           | 0.15          | 2   |
 124    | 4.19 MB       | CPU_and_Data_Intensive  | 65.03             | 65.66           | 0.63          | 2   |
 126    | 0.08 MB       | Generic_Service         | 66.84             | 66.96           | 0.12          | 2   |
 125    | 0.06 MB       | CPU_Intensive           | 66.21             | 68.26           | 2.04          | 1   |
 128    | 0.05 MB       | Generic_Service         | 68.83             | 69.06           | 0.23          | 2   |
 129    | 0.03 MB       | CPU_Intensive           | 69.14             | 69.56           | 0.42          | 2   |
 130    | 0.02 MB       | CPU_Intensive           | 69.17             | 69.76           | 0.59          | 2   |
 131    | 0.05 MB       | Generic_Service         | 70.86             | 70.96           | 0.11          | 1   |
 132    | 0.93 MB       | CPU_and_Data_Intensive  | 71.51             | 71.77           | 0.26          | 2   |
 133    | 0.08 MB       | Generic_Service         | 71.99             | 72.17           | 0.18          | 2   |
 134    | 0.01 MB       | Generic_Service         | 72.39             | 72.67           | 0.28          | 2   |
 136    | 0.08 MB       | Generic_Service         | 74.03             | 74.27           | 0.24          | 2   |
 137    | 0.03 MB       | Generic_Service         | 74.97             | 75.17           | 0.21          | 2   |
 135    | 0.08 MB       | CPU_Intensive           | 73.58             | 75.28           | 1.69          | 2   |
 138    | 20.08 MB      | CPU_and_Data_Intensive  | 75.27             | 75.48           | 0.21          | 2   |
 139    | 0.04 MB       | Generic_Service         | 76.01             | 76.18           | 0.17          | 2   |
 141    | 18.44 MB      | CPU_and_Data_Intensive  | 78.15             | 78.38           | 0.23          | 2   |
 140    | 18.45 MB      | CPU_and_Data_Intensive  | 78.06             | 78.98           | 0.92          | 2   |
 142    | 0.05 MB       | Generic_Service         | 79.51             | 79.68           | 0.17          | 2   |
 143    | 0.02 MB       | Generic_Service         | 79.57             | 79.68           | 0.11          | 1   |
 145    | 0.04 MB       | CPU_Intensive           | 79.94             | 80.39           | 0.45          | 2   |
 146    | 0.03 MB       | CPU_Intensive           | 80.1              | 80.79           | 0.68          | 2   |
 144    | 0.07 MB       | CPU_Intensive           | 79.68             | 81.29           | 1.61          | 2   |
 147    | 1.95 MB       | CPU_and_Data_Intensive  | 81.2              | 82.09           | 0.89          | 2   |
 148    | 0.03 MB       | CPU_Intensive           | 81.8              | 82.69           | 0.9           | 2   |
 149    | 0.08 MB       | Generic_Service         | 82.63             | 82.79           | 0.17          | 2   |
 151    | 0.03 MB       | CPU_Intensive           | 85.2              | 85.4            | 0.19          | 2   |
 150    | 0.07 MB       | CPU_Intensive           | 83.9              | 85.9            | 1.99          | 2   |
 154    | 0.68 MB       | CPU_and_Data_Intensive  | 86.11             | 86.4            | 0.29          | 2   |
 153    | 17.65 MB      | CPU_and_Data_Intensive  | 86.01             | 87.9            | 1.89          | 2   |
 156    | 0.03 MB       | Generic_Service         | 88.15             | 88.3            | 0.15          | 2   |
 157    | 0.04 MB       | Generic_Service         | 88.53             | 88.71           | 0.17          | 2   |
 160    | 0.09 MB       | Generic_Service         | 88.68             | 88.91           | 0.22          | 2   |
 161    | 0.08 MB       | Generic_Service         | 89.27             | 89.51           | 0.24          | 2   |
 159    | 0.30 MB       | CPU_and_Data_Intensive  | 88.68             | 89.91           | 1.23          | 2   |
 155    | 0.04 MB       | CPU_Intensive           | 87.57             | 90.11           | 2.54          | 2   |
 158    | 0.07 MB       | CPU_Intensive           | 88.55             | 90.91           | 2.36          | 2   |
 162    | 0.07 MB       | CPU_Intensive           | 90.93             | 91.11           | 0.18          | 1   |
 163    | 0.08 MB       | CPU_Intensive           | 91.49             | 92.82           | 1.33          | 2   |
 164    | 1.91 MB       | CPU_and_Data_Intensive  | 93.22             | 93.42           | 0.19          | 1   |
 166    | 0.05 MB       | Generic_Service         | 94.5              | 94.62           | 0.11          | 2   |
 165    | 8.87 MB       | CPU_and_Data_Intensive  | 94.48             | 94.82           | 0.34          | 2   |
 167    | 0.65 MB       | CPU_and_Data_Intensive  | 94.69             | 94.92           | 0.23          | 2   |
 168    | 7.71 MB       | CPU_and_Data_Intensive  | 95.5              | 95.62           | 0.12          | 1   |
 169    | 0.04 MB       | CPU_Intensive           | 95.58             | 95.82           | 0.24          | 1   |
 172    | 0.08 MB       | Generic_Service         | 95.93             | 96.12           | 0.19          | 2   |
 170    | 0.06 MB       | CPU_Intensive           | 95.6              | 96.52           | 0.93          | 2   |
 171    | 0.04 MB       | CPU_Intensive           | 95.65             | 97.42           | 1.77          | 1   |
 173    | 0.04 MB       | CPU_Intensive           | 96.84             | 97.63           | 0.78          | 2   |
 174    | 0.02 MB       | Generic_Service         | 97.52             | 97.63           | 0.1           | 1   |
 176    | 0.57 MB       | CPU_and_Data_Intensive  | 97.9              | 98.03           | 0.13          | 2   |
 175    | 0.01 MB       | CPU_Intensive           | 97.81             | 98.43           | 0.61          | 2   |
 177    | 0.04 MB       | Generic_Service         | 99.08             | 99.23           | 0.15          | 2   |
 178    | 0.07 MB       | CPU_Intensive           | 99.77             | 100.13          | 0.36          | 2   |
 179    | 0.76 MB       | CPU_and_Data_Intensive  | 99.85             | 100.53          | 0.68          | 1   |
 181    | 16.11 MB      | CPU_and_Data_Intensive  | 100.67            | 101.13          | 0.47          | 2   |
 182    | 0.03 MB       | CPU_Intensive           | 100.78            | 101.43          | 0.65          | 1   |
 184    | 0.07 MB       | Generic_Service         | 103.06            | 103.13          | 0.07          | 1   |
 185    | 0.08 MB       | Generic_Service         | 103.31            | 103.63          | 0.32          | 2   |
 183    | 0.82 MB       | CPU_and_Data_Intensive  | 103.03            | 103.83          | 0.81          | 2   |
 186    | 0.04 MB       | CPU_Intensive           | 103.96            | 104.63          | 0.67          | 1   |
 189    | 13.95 MB      | CPU_and_Data_Intensive  | 105.06            | 105.54          | 0.48          | 2   |
 187    | 0.05 MB       | CPU_Intensive           | 104.53            | 105.74          | 1.21          | 2   |
 188    | 0.08 MB       | CPU_Intensive           | 105.02            | 105.84          | 0.82          | 2   |
 190    | 0.01 MB       | Generic_Service         | 105.96            | 106.14          | 0.18          | 2   |
 191    | 0.04 MB       | CPU_Intensive           | 106.04            | 106.24          | 0.2           | 2   |
 193    | 0.02 MB       | Generic_Service         | 106.36            | 106.44          | 0.08          | 2   |
 192    | 0.05 MB       | CPU_Intensive           | 106.28            | 106.54          | 0.26          | 2   |
 194    | 0.31 MB       | CPU_and_Data_Intensive  | 106.44            | 106.65          | 0.21          | 2   |
 195    | 0.08 MB       | Generic_Service         | 107.43            | 107.65          | 0.22          | 2   |
 196    | 0.06 MB       | Generic_Service         | 107.9             | 108.05          | 0.15          | 2   |
 197    | 18.01 MB      | CPU_and_Data_Intensive  | 108.72            | 109.05          | 0.33          | 2   |
 199    | 0.03 MB       | Generic_Service         | 109.53            | 109.55          | 0.02          | 1   |
 198    | 0.06 MB       | Generic_Service         | 109.53            | 109.75          | 0.22          | 2   |
 200    | 0.04 MB       | Generic_Service         | 110.0             | 110.15          | 0.15          | 2   |
 201    | 0.06 MB       | Generic_Service         | 110.29            | 110.46          | 0.17          | 2   |
 202    | 0.06 MB       | CPU_Intensive           | 111.27            | 111.56          | 0.29          | 2   |
 204    | 0.02 MB       | Generic_Service         | 112.03            | 112.16          | 0.13          | 2   |
 203    | 0.03 MB       | CPU_Intensive           | 111.86            | 112.26          | 0.4           | 2   |
 206    | 0.06 MB       | CPU_Intensive           | 114.06            | 114.37          | 0.3           | 2   |
 205    | 0.04 MB       | CPU_Intensive           | 112.41            | 114.47          | 2.05          | 2   |
 209    | 0.03 MB       | Generic_Service         | 114.73            | 114.77          | 0.03          | 1   |
 208    | 0.04 MB       | Generic_Service         | 114.7             | 114.87          | 0.16          | 2   |
 207    | 0.07 MB       | CPU_Intensive           | 114.65            | 115.17          | 0.52          | 2   |
 210    | 0.06 MB       | CPU_Intensive           | 115.19            | 115.97          | 0.78          | 2   |
 211    | 0.08 MB       | CPU_Intensive           | 116.06            | 116.77          | 0.72          | 2   |
 212    | 0.01 MB       | CPU_Intensive           | 116.25            | 117.08          | 0.82          | 2   |
 214    | 0.06 MB       | Generic_Service         | 116.9             | 117.18          | 0.27          | 2   |
 213    | 2.99 MB       | CPU_and_Data_Intensive  | 116.66            | 117.88          | 1.22          | 2   |
 215    | 0.02 MB       | Generic_Service         | 118.2             | 118.38          | 0.18          | 2   |
 216    | 0.06 MB       | Generic_Service         | 118.92            | 118.98          | 0.06          | 2   |
 217    | 1.60 MB       | CPU_and_Data_Intensive  | 119.37            | 119.58          | 0.21          | 2   |
 218    | 21.06 MB      | CPU_and_Data_Intensive  | 119.53            | 119.98          | 0.45          | 2   |
 219    | 0.08 MB       | CPU_Intensive           | 119.73            | 120.08          | 0.36          | 1   |
 220    | 0.05 MB       | CPU_Intensive           | 119.73            | 120.49          | 0.76          | 2   |
 221    | 0.88 MB       | CPU_and_Data_Intensive  | 120.17            | 120.59          | 0.41          | 2   |
 222    | 0.03 MB       | Generic_Service         | 120.98            | 121.29          | 0.31          | 2   |
 223    | 0.08 MB       | Generic_Service         | 122.48            | 122.59          | 0.11          | 2   |
 225    | 0.06 MB       | Generic_Service         | 122.75            | 122.79          | 0.04          | 2   |
 226    | 0.06 MB       | CPU_Intensive           | 122.98            | 123.19          | 0.21          | 2   |
 224    | 2.29 MB       | CPU_and_Data_Intensive  | 122.55            | 123.49          | 0.94          | 2   |
 230    | 0.08 MB       | Generic_Service         | 124.09            | 124.19          | 0.1           | 1   |
 229    | 0.06 MB       | CPU_Intensive           | 123.96            | 124.29          | 0.33          | 2   |
 228    | 0.80 MB       | CPU_and_Data_Intensive  | 123.93            | 124.4           | 0.46          | 2   |
 231    | 0.08 MB       | Generic_Service         | 124.27            | 124.4           | 0.13          | 2   |
 232    | 0.04 MB       | Generic_Service         | 124.3             | 124.5           | 0.19          | 2   |
 227    | 5.40 MB       | CPU_and_Data_Intensive  | 123.54            | 124.9           | 1.36          | 2   |
 233    | 23.57 MB      | CPU_and_Data_Intensive  | 124.7             | 125.6           | 0.9           | 2   |
 235    | 0.05 MB       | CPU_Intensive           | 125.58            | 125.9           | 0.32          | 2   |
 234    | 1.83 MB       | CPU_and_Data_Intensive  | 125.51            | 126.0           | 0.49          | 2   |
 236    | 0.08 MB       | CPU_Intensive           | 126.22            | 126.7           | 0.48          | 2   |
 238    | 0.06 MB       | CPU_Intensive           | 127.7             | 128.1           | 0.41          | 1   |
 237    | 0.07 MB       | CPU_Intensive           | 127.56            | 128.3           | 0.75          | 2   |
 239    | 0.08 MB       | CPU_Intensive           | 128.59            | 128.8           | 0.21          | 2   |
 240    | 2.15 MB       | CPU_and_Data_Intensive  | 129.25            | 130.3           | 1.05          | 2   |
 242    | 0.02 MB       | Generic_Service         | 132.59            | 132.61          | 0.01          | 2   |
 241    | 2.11 MB       | CPU_and_Data_Intensive  | 131.38            | 132.91          | 1.53          | 2   |
 244    | 0.05 MB       | Generic_Service         | 133.52            | 133.61          | 0.09          | 2   |
 245    | 3.63 MB       | CPU_and_Data_Intensive  | 133.64            | 133.91          | 0.27          | 2   |
 243    | 5.20 MB       | CPU_and_Data_Intensive  | 132.71            | 134.01          | 1.29          | 2   |
 246    | 16.14 MB      | CPU_and_Data_Intensive  | 133.82            | 134.21          | 0.39          | 2   |
 247    | 15.59 MB      | CPU_and_Data_Intensive  | 134.0             | 134.31          | 0.31          | 2   |
 248    | 0.04 MB       | Generic_Service         | 134.24            | 134.41          | 0.18          | 2   |
 249    | 0.03 MB       | CPU_Intensive           | 134.44            | 135.11          | 0.67          | 2   |
 251    | 0.08 MB       | CPU_Intensive           | 135.46            | 135.61          | 0.15          | 1   |
 250    | 0.08 MB       | CPU_Intensive           | 135.03            | 135.61          | 0.59          | 2   |
 252    | 14.17 MB      | CPU_and_Data_Intensive  | 135.76            | 136.52          | 0.76          | 2   |
 254    | 0.04 MB       | Generic_Service         | 136.8             | 136.92          | 0.11          | 1   |
 255    | 0.04 MB       | Generic_Service         | 137.17            | 137.32          | 0.15          | 2   |
 253    | 0.03 MB       | CPU_Intensive           | 136.23            | 137.42          | 1.19          | 2   |
 256    | 246.34 MB     | CPU_and_Data_Intensive  | 137.52            | 139.02          | 1.5           | 2   |
 261    | 0.06 MB       | Generic_Service         | 139.7             | 139.82          | 0.13          | 2   |
 260    | 0.04 MB       | Generic_Service         | 139.67            | 139.92          | 0.25          | 2   |
 258    | 1.71 MB       | CPU_and_Data_Intensive  | 138.86            | 140.02          | 1.16          | 2   |
 262    | 0.06 MB       | Generic_Service         | 140.13            | 140.32          | 0.2           | 2   |
 259    | 0.06 MB       | CPU_Intensive           | 139.28            | 140.52          | 1.24          | 2   |
 263    | 143.92 MB     | CPU_and_Data_Intensive  | 140.28            | 140.83          | 0.54          | 2   |
 265    | 0.05 MB       | Generic_Service         | 141.44            | 141.63          | 0.19          | 2   |
 266    | 0.08 MB       | CPU_Intensive           | 142.11            | 142.43          | 0.32          | 2   |
 267    | 0.04 MB       | Generic_Service         | 142.85            | 142.93          | 0.08          | 2   |
 268    | 19.29 MB      | CPU_and_Data_Intensive  | 143.17            | 143.43          | 0.26          | 2   |
 269    | 0.04 MB       | Generic_Service         | 143.34            | 143.53          | 0.19          | 2   |
 264    | 0.01 MB       | CPU_Intensive           | 141.32            | 143.63          | 2.31          | 2   |
 270    | 0.06 MB       | CPU_Intensive           | 144.2             | 144.43          | 0.23          | 2   |
 272    | 0.04 MB       | Generic_Service         | 145.39            | 145.53          | 0.15          | 2   |
 273    | 0.85 MB       | CPU_and_Data_Intensive  | 145.57            | 145.74          | 0.17          | 2   |
 274    | 0.09 MB       | Generic_Service         | 145.61            | 145.84          | 0.23          | 2   |
 276    | 0.04 MB       | Generic_Service         | 146.32            | 146.44          | 0.12          | 2   |
 271    | 21.47 MB      | CPU_and_Data_Intensive  | 144.41            | 146.44          | 2.03          | 2   |
 275    | 0.08 MB       | Generic_Service         | 146.2             | 146.54          | 0.34          | 2   |
 277    | 0.08 MB       | Generic_Service         | 147.14            | 147.34          | 0.2           | 2   |
 279    | 0.09 MB       | Generic_Service         | 149.45            | 149.74          | 0.29          | 2   |
 278    | 0.97 MB       | CPU_and_Data_Intensive  | 149.25            | 150.25          | 1.0           | 2   |
 281    | 0.01 MB       | Generic_Service         | 150.1             | 150.45          | 0.34          | 2   |
 280    | 0.07 MB       | CPU_Intensive           | 149.74            | 150.55          | 0.81          | 2   |
 282    | 0.03 MB       | Generic_Service         | 150.95            | 151.15          | 0.2           | 2   |
 285    | 0.07 MB       | Generic_Service         | 151.57            | 151.65          | 0.08          | 2   |
 286    | 0.06 MB       | Generic_Service         | 151.69            | 151.85          | 0.17          | 2   |
 287    | 0.04 MB       | CPU_Intensive           | 152.1             | 152.46          | 0.36          | 2   |
 283    | 0.05 MB       | CPU_Intensive           | 151.29            | 152.56          | 1.27          | 2   |
 284    | 0.08 MB       | CPU_Intensive           | 151.39            | 152.96          | 1.57          | 2   |
 289    | 0.01 MB       | Generic_Service         | 152.95            | 153.16          | 0.21          | 2   |
 288    | 0.09 MB       | Generic_Service         | 152.85            | 153.26          | 0.42          | 2   |
 290    | 0.06 MB       | Generic_Service         | 153.01            | 153.36          | 0.36          | 2   |
 291    | 0.01 MB       | CPU_Intensive           | 153.53            | 153.76          | 0.23          | 2   |
 292    | 0.07 MB       | CPU_Intensive           | 154.29            | 154.57          | 0.28          | 2   |
 294    | 0.06 MB       | Generic_Service         | 154.89            | 155.17          | 0.28          | 2   |
 293    | 0.03 MB       | CPU_Intensive           | 154.62            | 155.47          | 0.85          | 2   |
 296    | 0.04 MB       | CPU_Intensive           | 155.73            | 155.97          | 0.24          | 2   |
 297    | 2.79 MB       | CPU_and_Data_Intensive  | 156.81            | 157.07          | 0.26          | 2   |
 299    | 0.42 MB       | CPU_and_Data_Intensive  | 157.39            | 157.77          | 0.38          | 2   |
 300    | 0.07 MB       | Generic_Service         | 157.83            | 157.97          | 0.15          | 2   |
 298    | 0.02 MB       | CPU_Intensive           | 157.35            | 158.18          | 0.83          | 2   |
 301    | 0.02 MB       | Generic_Service         | 158.58            | 158.88          | 0.3           | 2   |
 302    | 0.05 MB       | CPU_Intensive           | 159.19            | 159.28          | 0.08          | 1   |
 304    | 1.98 MB       | CPU_and_Data_Intensive  | 160.04            | 160.38          | 0.33          | 1   |
 307    | 0.02 MB       | CPU_Intensive           | 160.51            | 160.58          | 0.07          | 2   |
 305    | 0.06 MB       | CPU_Intensive           | 160.19            | 160.78          | 0.59          | 2   |
 309    | 0.01 MB       | Generic_Service         | 160.82            | 160.98          | 0.16          | 2   |
 306    | 0.05 MB       | CPU_Intensive           | 160.36            | 161.08          | 0.72          | 1   |
 308    | 0.06 MB       | CPU_Intensive           | 160.74            | 161.48          | 0.74          | 2   |
 310    | 0.06 MB       | CPU_Intensive           | 161.04            | 161.69          | 0.65          | 2   |
 314    | 0.08 MB       | Generic_Service         | 162.02            | 162.19          | 0.17          | 2   |
 315    | 1.19 MB       | CPU_and_Data_Intensive  | 162.13            | 162.39          | 0.26          | 2   |
 313    | 0.04 MB       | CPU_Intensive           | 161.88            | 162.69          | 0.81          | 1   |
 311    | 0.05 MB       | CPU_Intensive           | 161.26            | 163.19          | 1.93          | 2   |
 317    | 0.08 MB       | CPU_Intensive           | 162.95            | 163.79          | 0.85          | 2   |
 318    | 0.05 MB       | CPU_Intensive           | 163.48            | 163.89          | 0.41          | 2   |
 319    | 0.05 MB       | CPU_Intensive           | 163.95            | 164.9           | 0.95          | 2   |
 320    | 0.02 MB       | Generic_Service         | 164.76            | 165.0           | 0.24          | 2   |
 322    | 0.08 MB       | Generic_Service         | 164.89            | 165.1           | 0.21          | 2   |
 323    | 0.08 MB       | Generic_Service         | 165.55            | 165.7           | 0.15          | 2   |
 324    | 0.08 MB       | Generic_Service         | 166.97            | 167.1           | 0.13          | 2   |
 326    | 0.02 MB       | CPU_Intensive           | 169.12            | 169.51          | 0.39          | 2   |
 325    | 0.42 MB       | CPU_and_Data_Intensive  | 167.61            | 169.61          | 2.0           | 2   |
 327    | 0.05 MB       | Generic_Service         | 170.21            | 170.31          | 0.1           | 2   |
 328    | 0.05 MB       | Generic_Service         | 170.69            | 170.91          | 0.22          | 2   |
 329    | 0.07 MB       | Generic_Service         | 170.83            | 171.11          | 0.28          | 2   |
 330    | 0.07 MB       | Generic_Service         | 170.96            | 171.21          | 0.26          | 2   |
 331    | 0.03 MB       | Generic_Service         | 172.2             | 172.41          | 0.22          | 2   |
 332    | 12.90 MB      | CPU_and_Data_Intensive  | 173.74            | 174.32          | 0.57          | 2   |
 333    | 0.04 MB       | CPU_Intensive           | 174.1             | 174.52          | 0.41          | 2   |
 335    | 0.05 MB       | Generic_Service         | 174.68            | 175.12          | 0.44          | 2   |
 336    | 11.46 MB      | CPU_and_Data_Intensive  | 174.81            | 175.42          | 0.61          | 2   |
 338    | 0.08 MB       | Generic_Service         | 176.35            | 176.52          | 0.17          | 2   |
 339    | 0.02 MB       | Generic_Service         | 176.89            | 176.92          | 0.03          | 2   |
 337    | 16.78 MB      | CPU_and_Data_Intensive  | 176.18            | 177.03          | 0.85          | 2   |
 340    | 0.05 MB       | Generic_Service         | 177.08            | 177.33          | 0.24          | 2   |
 341    | 0.04 MB       | Generic_Service         | 177.23            | 177.43          | 0.2           | 2   |
 342    | 19.05 MB      | CPU_and_Data_Intensive  | 177.55            | 178.43          | 0.88          | 2   |
 343    | 260.45 MB     | CPU_and_Data_Intensive  | 178.41            | 179.53          | 1.12          | 2   |
 344    | 12.60 MB      | CPU_and_Data_Intensive  | 178.57            | 179.63          | 1.06          | 2   |
 345    | 1.58 MB       | CPU_and_Data_Intensive  | 179.68            | 179.83          | 0.16          | 2   |
 347    | 0.07 MB       | CPU_Intensive           | 180.58            | 181.43          | 0.86          | 2   |
 348    | 0.07 MB       | CPU_Intensive           | 182.56            | 183.54          | 0.97          | 2   |
 349    | 0.07 MB       | CPU_Intensive           | 183.37            | 183.74          | 0.37          | 2   |
 350    | 9.46 MB       | CPU_and_Data_Intensive  | 183.71            | 184.04          | 0.33          | 2   |
 351    | 0.03 MB       | Generic_Service         | 183.96            | 184.24          | 0.28          | 2   |
 352    | 17.83 MB      | CPU_and_Data_Intensive  | 184.09            | 184.34          | 0.25          | 2   |
 353    | 0.04 MB       | CPU_Intensive           | 184.77            | 184.84          | 0.07          | 2   |
 354    | 0.08 MB       | CPU_Intensive           | 185.4             | 186.44          | 1.04          | 2   |
 359    | 0.04 MB       | Generic_Service         | 186.52            | 186.54          | 0.02          | 2   |
 356    | 0.04 MB       | Generic_Service         | 186.46            | 186.64          | 0.18          | 2   |
 355    | 1.74 MB       | CPU_and_Data_Intensive  | 186.37            | 186.75          | 0.37          | 2   |
 361    | 0.02 MB       | Generic_Service         | 186.97            | 187.05          | 0.08          | 2   |
 357    | 0.04 MB       | CPU_Intensive           | 186.47            | 187.35          | 0.88          | 2   |
 363    | 0.05 MB       | Generic_Service         | 187.3             | 187.55          | 0.25          | 2   |
 358    | 0.02 MB       | CPU_Intensive           | 186.51            | 188.25          | 1.74          | 2   |
 364    | 2.13 MB       | CPU_and_Data_Intensive  | 188.09            | 188.45          | 0.36          | 2   |
 367    | 0.05 MB       | Generic_Service         | 188.93            | 188.95          | 0.02          | 1   |
 366    | 0.02 MB       | CPU_Intensive           | 188.84            | 189.05          | 0.22          | 2   |
 368    | 15.45 MB      | CPU_and_Data_Intensive  | 189.03            | 189.26          | 0.23          | 2   |
 365    | 2.91 MB       | CPU_and_Data_Intensive  | 188.59            | 189.46          | 0.87          | 2   |
 369    | 19.90 MB      | CPU_and_Data_Intensive  | 189.4             | 189.76          | 0.36          | 2   |
 371    | 0.08 MB       | Generic_Service         | 190.43            | 190.66          | 0.23          | 2   |
 370    | 1.59 MB       | CPU_and_Data_Intensive  | 190.01            | 191.26          | 1.25          | 1   |
 373    | 0.07 MB       | Generic_Service         | 191.15            | 191.36          | 0.21          | 2   |
 372    | 0.05 MB       | CPU_Intensive           | 190.69            | 191.46          | 0.78          | 2   |
 374    | 0.07 MB       | CPU_Intensive           | 192.31            | 192.46          | 0.15          | 1   |
 375    | 0.02 MB       | CPU_Intensive           | 192.86            | 193.07          | 0.2           | 2   |
 377    | 0.02 MB       | CPU_Intensive           | 193.3             | 193.57          | 0.27          | 1   |
 378    | 1.47 MB       | CPU_and_Data_Intensive  | 193.39            | 193.67          | 0.28          | 2   |
 379    | 0.08 MB       | CPU_Intensive           | 193.66            | 194.37          | 0.71          | 2   |
 376    | 14.51 MB      | CPU_and_Data_Intensive  | 193.19            | 194.67          | 1.48          | 1   |
 380    | 0.04 MB       | CPU_Intensive           | 193.99            | 194.87          | 0.88          | 2   |
 382    | 0.05 MB       | Generic_Service         | 195.6             | 195.87          | 0.27          | 2   |
 381    | 0.26 MB       | CPU_and_Data_Intensive  | 194.53            | 196.17          | 1.64          | 2   |
 385    | 0.02 MB       | Generic_Service         | 196.19            | 196.27          | 0.08          | 1   |
 384    | 0.08 MB       | Generic_Service         | 196.15            | 196.37          | 0.23          | 2   |
 383    | 0.04 MB       | CPU_Intensive           | 196.04            | 196.97          | 0.94          | 1   |
 386    | 0.03 MB       | Generic_Service         | 197.71            | 197.77          | 0.06          | 2   |
 388    | 0.05 MB       | Generic_Service         | 198.09            | 198.17          | 0.08          | 2   |
 390    | 0.07 MB       | Generic_Service         | 198.96            | 199.18          | 0.21          | 2   |
 389    | 0.01 MB       | CPU_Intensive           | 198.53            | 199.28          | 0.75          | 2   |
 391    | 0.08 MB       | Generic_Service         | 199.23            | 199.38          | 0.15          | 2   |
 387    | 0.07 MB       | CPU_Intensive           | 197.96            | 199.68          | 1.72          | 2   |
 393    | 15.70 MB      | CPU_and_Data_Intensive  | 199.5             | 199.78          | 0.28          | 2   |
 392    | 0.05 MB       | CPU_Intensive           | 199.38            | 200.08          | 0.7           | 2   |
 394    | 0.03 MB       | CPU_Intensive           | 201.28            | 201.68          | 0.41          | 2   |
 395    | 4.24 MB       | CPU_and_Data_Intensive  | 202.33            | 203.29          | 0.96          | 2   |
 397    | 0.04 MB       | CPU_Intensive           | 204.51            | 204.79          | 0.28          | 2   |
 396    | 0.05 MB       | CPU_Intensive           | 204.47            | 204.89          | 0.42          | 2   |
 399    | 0.01 MB       | Generic_Service         | 205.2             | 205.49          | 0.29          | 2   |
 398    | 0.06 MB       | CPU_Intensive           | 205.02            | 205.7           | 0.68          | 2   |
 400    | 0.84 MB       | CPU_and_Data_Intensive  | 205.21            | 205.8           | 0.58          | 2   |
 403    | 0.03 MB       | Generic_Service         | 205.98            | 206.0           | 0.02          | 1   |
 405    | 0.05 MB       | Generic_Service         | 206.05            | 206.1           | 0.05          | 2   |
 402    | 0.02 MB       | CPU_Intensive           | 205.66            | 206.3           | 0.64          | 2   |
 404    | 0.03 MB       | CPU_Intensive           | 205.98            | 206.4           | 0.42          | 2   |
 401    | 0.03 MB       | CPU_Intensive           | 205.5             | 206.5           | 1.0           | 2   |
 406    | 21.02 MB      | CPU_and_Data_Intensive  | 206.29            | 206.7           | 0.42          | 2   |
 407    | 0.06 MB       | CPU_Intensive           | 206.57            | 206.8           | 0.24          | 1   |
 409    | 0.09 MB       | Generic_Service         | 207.9             | 208.0           | 0.11          | 1   |
 410    | 0.02 MB       | Generic_Service         | 207.98            | 208.1           | 0.13          | 2   |
 408    | 0.02 MB       | CPU_Intensive           | 207.45            | 208.81          | 1.35          | 2   |
 411    | 0.03 MB       | Generic_Service         | 208.74            | 208.91          | 0.16          | 2   |
 413    | 0.02 MB       | Generic_Service         | 210.77            | 210.81          | 0.03          | 2   |
 414    | 0.05 MB       | Generic_Service         | 210.86            | 211.01          | 0.15          | 2   |
 412    | 0.07 MB       | CPU_Intensive           | 210.62            | 211.81          | 1.19          | 2   |
 416    | 0.07 MB       | Generic_Service         | 212.77            | 213.02          | 0.25          | 2   |
 417    | 0.07 MB       | Generic_Service         | 212.87            | 213.02          | 0.15          | 2   |
 418    | 0.05 MB       | Generic_Service         | 212.97            | 213.12          | 0.15          | 2   |
 421    | 0.03 MB       | CPU_Intensive           | 213.77            | 214.22          | 0.45          | 2   |
 420    | 0.62 MB       | CPU_and_Data_Intensive  | 213.34            | 214.32          | 0.98          | 2   |
 422    | 0.04 MB       | Generic_Service         | 215.57            | 215.82          | 0.25          | 2   |
 415    | 1.69 MB       | CPU_and_Data_Intensive  | 212.6             | 216.42          | 3.82          | 2   |
 423    | 0.01 MB       | Generic_Service         | 216.68            | 216.92          | 0.24          | 2   |
 425    | 0.04 MB       | CPU_Intensive           | 217.04            | 217.53          | 0.49          | 2   |
 424    | 0.06 MB       | CPU_Intensive           | 216.82            | 218.13          | 1.31          | 2   |
 426    | 0.08 MB       | CPU_Intensive           | 217.55            | 218.23          | 0.68          | 2   |
 427    | 0.08 MB       | CPU_Intensive           | 218.45            | 218.73          | 0.28          | 2   |
 428    | 0.07 MB       | Generic_Service         | 219.95            | 220.13          | 0.18          | 2   |
 429    | 0.05 MB       | Generic_Service         | 220.6             | 220.63          | 0.03          | 2   |
 430    | 0.03 MB       | Generic_Service         | 221.3             | 221.54          | 0.23          | 2   |
 431    | 0.07 MB       | CPU_Intensive           | 221.47            | 222.34          | 0.87          | 2   |
 432    | 0.03 MB       | CPU_Intensive           | 222.18            | 222.94          | 0.76          | 2   |
 433    | 0.05 MB       | Generic_Service         | 224.26            | 224.34          | 0.08          | 2   |
 435    | 0.79 MB       | CPU_and_Data_Intensive  | 224.6             | 224.84          | 0.24          | 2   |
 437    | 0.02 MB       | CPU_Intensive           | 225.44            | 225.54          | 0.1           | 2   |
 438    | 0.06 MB       | Generic_Service         | 225.63            | 225.65          | 0.01          | 2   |
 436    | 0.05 MB       | CPU_Intensive           | 225.03            | 225.75          | 0.72          | 2   |
 439    | 0.08 MB       | Generic_Service         | 225.92            | 226.05          | 0.13          | 1   |
 434    | 6.35 MB       | CPU_and_Data_Intensive  | 224.44            | 226.35          | 1.91          | 2   |
 440    | 0.01 MB       | Generic_Service         | 226.21            | 226.45          | 0.24          | 2   |
 441    | 0.06 MB       | Generic_Service         | 226.39            | 226.55          | 0.16          | 1   |
 442    | 0.08 MB       | Generic_Service         | 227.26            | 227.35          | 0.09          | 2   |
 443    | 1.01 MB       | CPU_and_Data_Intensive  | 227.37            | 227.55          | 0.18          | 2   |
 444    | 0.09 MB       | CPU_Intensive           | 228.19            | 228.35          | 0.16          | 1   |
 447    | 2.89 MB       | CPU_and_Data_Intensive  | 229.88            | 229.95          | 0.07          | 2   |
 446    | 0.04 MB       | Generic_Service         | 229.86            | 230.05          | 0.2           | 2   |
 445    | 0.06 MB       | CPU_Intensive           | 228.79            | 230.36          | 1.56          | 2   |
 449    | 0.02 MB       | CPU_Intensive           | 230.18            | 230.86          | 0.68          | 2   |
 451    | 0.08 MB       | Generic_Service         | 231.52            | 231.56          | 0.04          | 2   |
 450    | 7.31 MB       | CPU_and_Data_Intensive  | 230.82            | 231.66          | 0.84          | 2   |
 452    | 17.48 MB      | CPU_and_Data_Intensive  | 231.72            | 231.86          | 0.14          | 1   |
 453    | 17.56 MB      | CPU_and_Data_Intensive  | 232.28            | 232.66          | 0.38          | 1   |
 454    | 422.59 MB     | CPU_and_Data_Intensive  | 233.33            | 234.66          | 1.33          | 1   |
 457    | 8.02 MB       | CPU_and_Data_Intensive  | 234.82            | 234.96          | 0.14          | 1   |
 455    | 0.05 MB       | CPU_Intensive           | 234.59            | 235.06          | 0.47          | 2   |
 456    | 8.58 MB       | CPU_and_Data_Intensive  | 234.65            | 235.16          | 0.51          | 2   |
 458    | 14.34 MB      | CPU_and_Data_Intensive  | 235.55            | 235.76          | 0.21          | 2   |
 459    | 0.01 MB       | Generic_Service         | 237.01            | 237.27          | 0.25          | 2   |
 460    | 0.04 MB       | Generic_Service         | 237.76            | 237.87          | 0.11          | 1   |
 462    | 0.08 MB       | CPU_Intensive           | 238.35            | 238.77          | 0.42          | 1   |
 463    | 0.72 MB       | CPU_and_Data_Intensive  | 238.66            | 238.77          | 0.1           | 1   |
 464    | 0.05 MB       | Generic_Service         | 238.68            | 238.87          | 0.19          | 2   |
 461    | 0.02 MB       | CPU_Intensive           | 238.31            | 238.97          | 0.66          | 1   |
 465    | 14.37 MB      | CPU_and_Data_Intensive  | 238.77            | 239.17          | 0.4           | 2   |
 466    | 0.07 MB       | Generic_Service         | 240.74            | 240.77          | 0.03          | 2   |
 467    | 11.18 MB      | CPU_and_Data_Intensive  | 241.33            | 241.57          | 0.24          | 2   |
 468    | 0.04 MB       | CPU_Intensive           | 241.53            | 241.97          | 0.44          | 2   |
 469    | 0.04 MB       | Generic_Service         | 242.33            | 242.37          | 0.04          | 1   |
 470    | 0.08 MB       | Generic_Service         | 243.48            | 243.57          | 0.09          | 1   |
 471    | 0.04 MB       | Generic_Service         | 243.71            | 243.77          | 0.06          | 2   |
 472    | 0.08 MB       | Generic_Service         | 243.87            | 243.98          | 0.11          | 2   |
 473    | 0.07 MB       | Generic_Service         | 244.44            | 244.68          | 0.24          | 2   |
 474    | 0.06 MB       | CPU_Intensive           | 245.01            | 245.78          | 0.76          | 2   |
 476    | 14.61 MB      | CPU_and_Data_Intensive  | 246.44            | 246.78          | 0.34          | 2   |
 475    | 10.22 MB      | CPU_and_Data_Intensive  | 246.3             | 246.98          | 0.68          | 2   |
 477    | 0.04 MB       | CPU_Intensive           | 247.13            | 247.28          | 0.15          | 2   |
 478    | 8.22 MB       | CPU_and_Data_Intensive  | 247.39            | 248.28          | 0.89          | 1   |
 479    | 0.03 MB       | CPU_Intensive           | 247.77            | 248.48          | 0.72          | 2   |
 480    | 0.08 MB       | CPU_Intensive           | 249.04            | 249.39          | 0.35          | 2   |
 483    | 0.06 MB       | Generic_Service         | 250.34            | 250.59          | 0.25          | 2   |
 485    | 0.08 MB       | Generic_Service         | 250.56            | 250.69          | 0.13          | 2   |
 484    | 0.05 MB       | CPU_Intensive           | 250.47            | 250.79          | 0.32          | 2   |
 486    | 0.76 MB       | CPU_and_Data_Intensive  | 250.58            | 251.09          | 0.51          | 2   |
 488    | 0.05 MB       | Generic_Service         | 251.3             | 251.49          | 0.2           | 2   |
 481    | 0.04 MB       | CPU_Intensive           | 249.58            | 251.8           | 2.21          | 2   |
 487    | 0.04 MB       | CPU_Intensive           | 250.91            | 251.9           | 0.99          | 2   |
 489    | 0.03 MB       | Generic_Service         | 251.79            | 252.0           | 0.21          | 2   |
 490    | 0.03 MB       | Generic_Service         | 252.38            | 252.6           | 0.22          | 2   |
 491    | 3.08 MB       | CPU_and_Data_Intensive  | 252.44            | 252.8           | 0.37          | 2   |
 493    | 0.03 MB       | Generic_Service         | 253.7             | 253.9           | 0.2           | 2   |
 494    | 0.04 MB       | Generic_Service         | 254.42            | 254.61          | 0.18          | 2   |
 495    | 5.92 MB       | CPU_and_Data_Intensive  | 254.98            | 255.31          | 0.32          | 2   |
 496    | 0.04 MB       | CPU_Intensive           | 255.79            | 256.21          | 0.42          | 2   |
 497    | 0.06 MB       | Generic_Service         | 256.87            | 257.01          | 0.14          | 2   |
 498    | 0.04 MB       | Generic_Service         | 257.08            | 257.31          | 0.24          | 2   |
 500    | 0.07 MB       | Generic_Service         | 258.02            | 258.31          | 0.3           | 2   |
 502    | 0.04 MB       | Generic_Service         | 258.26            | 258.42          | 0.15          | 2   |
 499    | 0.06 MB       | CPU_Intensive           | 257.67            | 258.52          | 0.84          | 2   |
 501    | 19.10 MB      | CPU_and_Data_Intensive  | 258.24            | 259.02          | 0.77          | 2   |
 504    | 0.01 MB       | Generic_Service         | 259.07            | 259.12          | 0.05          | 2   |
 503    | 14.06 MB      | CPU_and_Data_Intensive  | 258.39            | 260.42          | 2.03          | 2   |
 506    | 0.06 MB       | CPU_Intensive           | 260.31            | 260.52          | 0.21          | 2   |
 505    | 0.40 MB       | CPU_and_Data_Intensive  | 260.06            | 260.72          | 0.67          | 2   |
 507    | 0.03 MB       | CPU_Intensive           | 260.48            | 260.93          | 0.45          | 2   |
 509    | 0.01 MB       | Generic_Service         | 261.2             | 261.33          | 0.13          | 2   |
 510    | 0.03 MB       | CPU_Intensive           | 261.48            | 261.83          | 0.35          | 2   |
 511    | 0.03 MB       | Generic_Service         | 262.05            | 262.23          | 0.18          | 2   |
 512    | 0.09 MB       | Generic_Service         | 262.55            | 262.73          | 0.19          | 2   |
 513    | 22.44 MB      | CPU_and_Data_Intensive  | 262.99            | 263.54          | 0.55          | 2   |
 514    | 0.07 MB       | Generic_Service         | 264.53            | 264.64          | 0.11          | 2   |
 515    | 0.06 MB       | CPU_Intensive           | 265.79            | 266.44          | 0.64          | 2   |
 516    | 0.09 MB       | CPU_Intensive           | 266.61            | 267.04          | 0.43          | 2   |
 517    | 0.04 MB       | Generic_Service         | 267.21            | 267.44          | 0.23          | 2   |
 519    | 0.04 MB       | Generic_Service         | 267.82            | 267.94          | 0.13          | 2   |
 518    | 0.06 MB       | CPU_Intensive           | 267.67            | 268.25          | 0.58          | 2   |
 520    | 0.07 MB       | CPU_Intensive           | 268.64            | 269.05          | 0.41          | 2   |
 521    | 0.06 MB       | Generic_Service         | 268.84            | 269.05          | 0.2           | 2   |
 523    | 0.05 MB       | Generic_Service         | 270.5             | 270.75          | 0.25          | 2   |
 525    | 2.19 MB       | CPU_and_Data_Intensive  | 270.88            | 271.05          | 0.18          | 2   |
 526    | 0.15 MB       | CPU_and_Data_Intensive  | 271.21            | 271.55          | 0.35          | 2   |
 524    | 0.03 MB       | CPU_Intensive           | 270.77            | 271.65          | 0.89          | 2   |
 529    | 21.34 MB      | CPU_and_Data_Intensive  | 272.54            | 272.66          | 0.12          | 2   |
 531    | 0.09 MB       | Generic_Service         | 273.22            | 273.36          | 0.13          | 2   |
 530    | 0.07 MB       | CPU_Intensive           | 272.59            | 273.56          | 0.97          | 2   |
 532    | 20.13 MB      | CPU_and_Data_Intensive  | 273.74            | 274.46          | 0.72          | 2   |
 533    | 0.02 MB       | Generic_Service         | 274.73            | 274.86          | 0.14          | 2   |
 534    | 0.06 MB       | CPU_Intensive           | 274.78            | 275.17          | 0.38          | 2   |
 535    | 2.14 MB       | CPU_and_Data_Intensive  | 274.95            | 275.37          | 0.42          | 2   |
 536    | 0.07 MB       | Generic_Service         | 275.72            | 275.97          | 0.25          | 2   |
 539    | 0.06 MB       | CPU_Intensive           | 276.18            | 276.47          | 0.29          | 2   |
 538    | 0.08 MB       | CPU_Intensive           | 276.16            | 276.57          | 0.41          | 1   |
 541    | 0.07 MB       | Generic_Service         | 276.41            | 276.67          | 0.26          | 2   |
 542    | 0.04 MB       | CPU_Intensive           | 276.47            | 276.97          | 0.51          | 2   |
 540    | 0.04 MB       | CPU_Intensive           | 276.33            | 277.68          | 1.35          | 2   |
 543    | 14.18 MB      | CPU_and_Data_Intensive  | 277.39            | 277.98          | 0.59          | 2   |
 544    | 0.05 MB       | CPU_Intensive           | 277.78            | 278.38          | 0.6           | 2   |
 545    | 0.05 MB       | CPU_Intensive           | 278.4             | 279.08          | 0.68          | 1   |
 546    | 0.08 MB       | Generic_Service         | 279.65            | 279.78          | 0.14          | 2   |
 547    | 0.04 MB       | Generic_Service         | 279.8             | 280.18          | 0.38          | 2   |
 549    | 0.08 MB       | Generic_Service         | 280.59            | 280.68          | 0.1           | 2   |
 550    | 0.07 MB       | Generic_Service         | 280.7             | 280.78          | 0.08          | 2   |
 551    | 0.04 MB       | CPU_Intensive           | 280.7             | 281.09          | 0.38          | 2   |
 548    | 0.03 MB       | CPU_Intensive           | 280.13            | 281.19          | 1.06          | 1   |
 552    | 0.08 MB       | Generic_Service         | 281.38            | 281.59          | 0.21          | 2   |
 553    | 0.05 MB       | Generic_Service         | 281.48            | 281.69          | 0.21          | 2   |
 554    | 20.04 MB      | CPU_and_Data_Intensive  | 282.66            | 282.99          | 0.33          | 2   |
 556    | 13.77 MB      | CPU_and_Data_Intensive  | 284.23            | 284.49          | 0.26          | 2   |
 555    | 0.66 MB       | CPU_and_Data_Intensive  | 283.13            | 284.89          | 1.76          | 2   |
 557    | 0.06 MB       | Generic_Service         | 285.04            | 285.19          | 0.16          | 1   |
 559    | 0.08 MB       | CPU_Intensive           | 286.8             | 286.99          | 0.19          | 1   |
 560    | 4.56 MB       | CPU_and_Data_Intensive  | 287.12            | 287.39          | 0.28          | 2   |
 561    | 0.04 MB       | Generic_Service         | 287.36            | 287.6           | 0.23          | 2   |
 562    | 0.04 MB       | Generic_Service         | 287.81            | 288.0           | 0.18          | 1   |
 563    | 0.03 MB       | CPU_Intensive           | 288.96            | 289.3           | 0.34          | 2   |
 564    | 0.04 MB       | Generic_Service         | 288.97            | 289.4           | 0.43          | 2   |
 566    | 0.07 MB       | Generic_Service         | 289.9             | 290.1           | 0.2           | 2   |
 565    | 0.01 MB       | Generic_Service         | 289.86            | 290.2           | 0.34          | 2   |
 567    | 0.09 MB       | CPU_Intensive           | 290.18            | 290.5           | 0.33          | 2   |
 568    | 9.11 MB       | CPU_and_Data_Intensive  | 290.42            | 290.61          | 0.18          | 2   |
 569    | 0.07 MB       | CPU_Intensive           | 291.11            | 291.61          | 0.5           | 2   |
 573    | 0.06 MB       | Generic_Service         | 292.79            | 292.81          | 0.02          | 1   |
 572    | 0.08 MB       | CPU_Intensive           | 292.7             | 292.91          | 0.21          | 2   |
 570    | 332.98 MB     | CPU_and_Data_Intensive  | 291.94            | 293.21          | 1.28          | 2   |
 575    | 0.03 MB       | Generic_Service         | 293.16            | 293.31          | 0.15          | 2   |
 576    | 0.08 MB       | Generic_Service         | 293.41            | 293.62          | 0.21          | 2   |
 578    | 0.06 MB       | Generic_Service         | 293.49            | 293.62          | 0.13          | 2   |
 577    | 0.06 MB       | CPU_Intensive           | 293.42            | 293.72          | 0.3           | 2   |
 574    | 0.04 MB       | CPU_Intensive           | 292.8             | 293.72          | 0.92          | 2   |
 571    | 5.80 MB       | CPU_and_Data_Intensive  | 292.62            | 293.82          | 1.2           | 2   |
 580    | 0.03 MB       | CPU_Intensive           | 294.07            | 294.32          | 0.25          | 2   |
 582    | 0.53 MB       | CPU_and_Data_Intensive  | 294.61            | 294.82          | 0.22          | 2   |
 581    | 0.02 MB       | CPU_Intensive           | 294.15            | 294.93          | 0.77          | 2   |
 579    | 0.02 MB       | CPU_Intensive           | 293.66            | 295.03          | 1.37          | 2   |
 583    | 0.01 MB       | CPU_Intensive           | 295.64            | 295.83          | 0.19          | 2   |
 585    | 0.02 MB       | CPU_Intensive           | 295.81            | 296.23          | 0.42          | 2   |
 586    | 1.19 MB       | CPU_and_Data_Intensive  | 296.46            | 297.63          | 1.18          | 2   |
 587    | 0.05 MB       | Generic_Service         | 298.59            | 298.73          | 0.14          | 2   |
 588    | 0.01 MB       | Generic_Service         | 298.92            | 299.13          | 0.22          | 2   |

----------
TASK GLOBALI 557 

TOT TASK IN ROUTING SYS: 557

id     | CurrentNode          | Hop | Label           | Resolution    | Start Routing (s) | End Routing (s) | duration      | Algo
[92m1      | OBS                  | 1   | TASK_ARRIVED    | CPU_and_Data_Intensive| 0.64              | 1.6             | 0.96          | GREEDY:100.0%[0m
[92m2      | OBS                  | 2   | TASK_ARRIVED    | Generic_Service       | 0.67              | 0.8             | 0.13          | GREEDY:100.0%[0m
[92m3      | OBS                  | 2   | TASK_ARRIVED    | CPU_Intensive         | 1.57              | 2.1             | 0.53          | GREEDY:100.0%[0m
[92m4      | OBS                  | 2   | TASK_ARRIVED    | CPU_and_Data_Intensive| 2.53              | 2.7             | 0.17          | GREEDY:100.0%[0m
[92m5      | OBS                  | 2   | TASK_ARRIVED    | CPU_Intensive         | 2.69              | 3.01            | 0.32          | GREEDY:100.0%[0m
[92m6      | OBS                  | 2   | TASK_ARRIVED    | CPU_and_Data_Intensive| 2.79              | 3.21            | 0.42          | GREEDY:100.0%[0m
[92m7      | OBS                  | 2   | TASK_ARRIVED    | Generic_Service       | 2.82              | 3.11            | 0.29          | GREEDY:100.0%[0m
[92m8      | OBS                  | 2   | TASK_ARRIVED    | Generic_Service       | 3.26              | 3.51            | 0.25          | GREEDY:100.0%[0m
[92m9      | OBS                  | 1   | TASK_ARRIVED    | Generic_Service       | 3.36              | 3.41            | 0.04          | GREEDY:100.0%[0m
[92m10     | OBS                  | 2   | TASK_ARRIVED    | CPU_Intensive         | 3.68              | 5.62            | 1.94          | GREEDY:100.0%[0m
[92m11     | OBS                  | 2   | TASK_ARRIVED    | Generic_Service       | 4.06              | 4.21            | 0.15          | GREEDY:100.0%[0m
[92m12     | OBS                  | 2   | TASK_ARRIVED    | Generic_Service       | 4.25              | 4.41            | 0.16          | GREEDY:100.0%[0m
[92m14     | OBS                  | 2   | TASK_ARRIVED    | Generic_Service       | 4.68              | 4.81            | 0.14          | GREEDY:100.0%[0m
[92m15     | OBS                  | 2   | TASK_ARRIVED    | Generic_Service       | 5.07              | 5.21            | 0.14          | GREEDY:100.0%[0m
[92m16     | OBS                  | 2   | TASK_ARRIVED    | CPU_Intensive         | 5.2               | 6.52            | 1.32          | GREEDY:100.0%[0m
[92m17     | OBS                  | 2   | TASK_ARRIVED    | CPU_and_Data_Intensive| 5.42              | 6.42            | 1.0           | GREEDY:100.0%[0m
[92m18     | OBS                  | 2   | TASK_ARRIVED    | Generic_Service       | 6.26              | 6.42            | 0.16          | GREEDY:100.0%[0m
[92m19     | OBS                  | 2   | TASK_ARRIVED    | CPU_and_Data_Intensive| 7.3               | 8.12            | 0.82          | GREEDY:100.0%[0m
[92m20     | OBS                  | 2   | TASK_ARRIVED    | CPU_Intensive         | 7.6               | 8.02            | 0.42          | GREEDY:100.0%[0m
[92m21     | OBS                  | 2   | TASK_ARRIVED    | Generic_Service       | 8.04              | 8.22            | 0.18          | GREEDY:100.0%[0m
[92m22     | OBS                  | 2   | TASK_ARRIVED    | CPU_Intensive         | 8.46              | 8.92            | 0.46          | GREEDY:100.0%[0m
[92m23     | OBS                  | 2   | TASK_ARRIVED    | Generic_Service       | 8.91              | 9.03            | 0.12          | GREEDY:100.0%[0m
[92m24     | OBS                  | 2   | TASK_ARRIVED    | Generic_Service       | 9.99              | 10.23           | 0.23          | GREEDY:100.0%[0m
[92m25     | OBS                  | 2   | TASK_ARRIVED    | CPU_Intensive         | 10.47             | 11.63           | 1.16          | GREEDY:100.0%[0m
[92m26     | OBS                  | 2   | TASK_ARRIVED    | Generic_Service       | 10.73             | 10.93           | 0.2           | GREEDY:100.0%[0m
[92m27     | OBS                  | 2   | TASK_ARRIVED    | Generic_Service       | 11.25             | 11.43           | 0.18          | GREEDY:100.0%[0m
[92m28     | OBS                  | 2   | TASK_ARRIVED    | Generic_Service       | 11.37             | 11.53           | 0.16          | GREEDY:100.0%[0m
[92m29     | OBS                  | 2   | TASK_ARRIVED    | CPU_Intensive         | 11.58             | 11.83           | 0.25          | GREEDY:100.0%[0m
[92m30     | OBS                  | 2   | TASK_ARRIVED    | CPU_and_Data_Intensive| 12.15             | 12.34           | 0.19          | GREEDY:100.0%[0m
[92m31     | OBS                  | 2   | TASK_ARRIVED    | Generic_Service       | 14.12             | 14.34           | 0.22          | GREEDY:100.0%[0m
[92m33     | OBS                  | 1   | TASK_ARRIVED    | CPU_Intensive         | 15.34             | 15.44           | 0.09          | GREEDY:100.0%[0m
[92m34     | OBS                  | 1   | TASK_ARRIVED    | Generic_Service       | 16.22             | 16.44           | 0.22          | GREEDY:100.0%[0m
[92m35     | OBS                  | 1   | TASK_ARRIVED    | CPU_Intensive         | 17.04             | 17.64           | 0.6           | GREEDY:100.0%[0m
[92m36     | OBS                  | 2   | TASK_ARRIVED    | CPU_Intensive         | 18.52             | 19.34           | 0.82          | GREEDY:100.0%[0m
[92m37     | OBS                  | 2   | TASK_ARRIVED    | CPU_Intensive         | 18.83             | 19.04           | 0.21          | GREEDY:100.0%[0m
[92m38     | OBS                  | 2   | TASK_ARRIVED    | CPU_Intensive         | 19.86             | 20.44           | 0.59          | GREEDY:100.0%[0m
[92m39     | OBS                  | 2   | TASK_ARRIVED    | Generic_Service       | 20.27             | 20.44           | 0.18          | GREEDY:100.0%[0m
[92m40     | OBS                  | 2   | TASK_ARRIVED    | CPU_Intensive         | 20.72             | 21.95           | 1.24          | GREEDY:100.0%[0m
[92m41     | OBS                  | 2   | TASK_ARRIVED    | CPU_and_Data_Intensive| 21.03             | 21.55           | 0.52          | GREEDY:100.0%[0m
[92m42     | OBS                  | 2   | TASK_ARRIVED    | CPU_Intensive         | 21.06             | 21.85           | 0.8           | GREEDY:100.0%[0m
[92m43     | OBS                  | 2   | TASK_ARRIVED    | CPU_and_Data_Intensive| 21.22             | 22.56           | 1.34          | GREEDY:100.0%[0m
[92m45     | OBS                  | 2   | TASK_ARRIVED    | CPU_Intensive         | 21.39             | 21.65           | 0.25          | GREEDY:100.0%[0m
[92m46     | OBS                  | 2   | TASK_ARRIVED    | CPU_Intensive         | 21.44             | 21.75           | 0.31          | GREEDY:100.0%[0m
[92m47     | OBS                  | 2   | TASK_ARRIVED    | CPU_and_Data_Intensive| 21.55             | 21.85           | 0.31          | GREEDY:100.0%[0m
[92m49     | OBS                  | 2   | TASK_ARRIVED    | Generic_Service       | 21.72             | 21.95           | 0.24          | GREEDY:100.0%[0m
[92m50     | OBS                  | 2   | TASK_ARRIVED    | CPU_Intensive         | 21.81             | 22.16           | 0.35          | GREEDY:100.0%[0m
[92m51     | OBS                  | 1   | TASK_ARRIVED    | CPU_Intensive         | 22.81             | 23.06           | 0.25          | GREEDY:100.0%[0m
[92m52     | OBS                  | 2   | TASK_ARRIVED    | CPU_and_Data_Intensive| 22.91             | 23.16           | 0.25          | GREEDY:100.0%[0m
[92m53     | OBS                  | 1   | TASK_ARRIVED    | Generic_Service       | 24.54             | 24.66           | 0.12          | GREEDY:100.0%[0m
[92m54     | OBS                  | 2   | TASK_ARRIVED    | Generic_Service       | 25.02             | 25.26           | 0.24          | GREEDY:100.0%[0m
[92m55     | OBS                  | 2   | TASK_ARRIVED    | CPU_Intensive         | 25.79             | 26.16           | 0.37          | GREEDY:100.0%[0m
[92m56     | OBS                  | 1   | TASK_ARRIVED    | Generic_Service       | 26.29             | 26.46           | 0.17          | GREEDY:100.0%[0m
[92m57     | OBS                  | 1   | TASK_ARRIVED    | CPU_Intensive         | 26.3              | 26.76           | 0.47          | GREEDY:100.0%[0m
[92m58     | OBS                  | 2   | TASK_ARRIVED    | CPU_and_Data_Intensive| 26.48             | 27.06           | 0.58          | GREEDY:100.0%[0m
[92m59     | OBS                  | 2   | TASK_ARRIVED    | Generic_Service       | 27.1              | 27.26           | 0.17          | GREEDY:100.0%[0m
[92m60     | OBS                  | 2   | TASK_ARRIVED    | CPU_Intensive         | 27.9              | 28.37           | 0.47          | GREEDY:100.0%[0m
[92m61     | OBS                  | 2   | TASK_ARRIVED    | Generic_Service       | 28.27             | 28.47           | 0.2           | GREEDY:100.0%[0m
[92m62     | OBS                  | 2   | TASK_ARRIVED    | CPU_Intensive         | 28.76             | 28.97           | 0.21          | GREEDY:100.0%[0m
[92m63     | OBS                  | 2   | TASK_ARRIVED    | CPU_Intensive         | 29.58             | 29.77           | 0.19          | GREEDY:100.0%[0m
[92m64     | OBS                  | 1   | TASK_ARRIVED    | Generic_Service       | 29.85             | 29.97           | 0.12          | GREEDY:100.0%[0m
[92m65     | OBS                  | 2   | TASK_ARRIVED    | Generic_Service       | 29.96             | 30.17           | 0.21          | GREEDY:100.0%[0m
[92m66     | OBS                  | 2   | TASK_ARRIVED    | Generic_Service       | 31.36             | 31.57           | 0.22          | GREEDY:100.0%[0m
[92m67     | OBS                  | 2   | TASK_ARRIVED    | CPU_and_Data_Intensive| 31.48             | 31.98           | 0.49          | GREEDY:100.0%[0m
[92m68     | OBS                  | 2   | TASK_ARRIVED    | Generic_Service       | 32.04             | 32.28           | 0.23          | GREEDY:100.0%[0m
[92m69     | OBS                  | 1   | TASK_ARRIVED    | Generic_Service       | 33.62             | 33.68           | 0.06          | GREEDY:100.0%[0m
[92m70     | OBS                  | 2   | TASK_ARRIVED    | Generic_Service       | 34.57             | 34.88           | 0.31          | GREEDY:100.0%[0m
[92m71     | OBS                  | 2   | TASK_ARRIVED    | Generic_Service       | 35.02             | 35.18           | 0.16          | GREEDY:100.0%[0m
[92m72     | OBS                  | 2   | TASK_ARRIVED    | CPU_Intensive         | 35.73             | 36.68           | 0.95          | GREEDY:100.0%[0m
[92m73     | OBS                  | 1   | TASK_ARRIVED    | Generic_Service       | 36.3              | 36.38           | 0.08          | GREEDY:100.0%[0m
[92m75     | OBS                  | 2   | TASK_ARRIVED    | Generic_Service       | 37.09             | 37.29           | 0.2           | GREEDY:100.0%[0m
[92m76     | OBS                  | 2   | TASK_ARRIVED    | CPU_Intensive         | 37.11             | 37.49           | 0.37          | GREEDY:100.0%[0m
[92m77     | OBS                  | 2   | TASK_ARRIVED    | CPU_Intensive         | 37.86             | 38.09           | 0.23          | GREEDY:100.0%[0m
[92m78     | OBS                  | 2   | TASK_ARRIVED    | CPU_Intensive         | 38.43             | 39.89           | 1.46          | GREEDY:100.0%[0m
[92m79     | OBS                  | 2   | TASK_ARRIVED    | Generic_Service       | 38.78             | 38.99           | 0.21          | GREEDY:100.0%[0m
[92m80     | OBS                  | 2   | TASK_ARRIVED    | Generic_Service       | 38.88             | 39.09           | 0.22          | GREEDY:100.0%[0m
[92m81     | OBS                  | 2   | TASK_ARRIVED    | CPU_Intensive         | 40.14             | 40.3            | 0.15          | GREEDY:100.0%[0m
[92m82     | OBS                  | 2   | TASK_ARRIVED    | Generic_Service       | 40.41             | 40.6            | 0.18          | GREEDY:100.0%[0m
[92m83     | OBS                  | 2   | TASK_ARRIVED    | Generic_Service       | 41.05             | 41.2            | 0.15          | GREEDY:100.0%[0m
[92m84     | OBS                  | 2   | TASK_ARRIVED    | CPU_Intensive         | 41.11             | 41.9            | 0.79          | GREEDY:100.0%[0m
[92m85     | OBS                  | 1   | TASK_ARRIVED    | CPU_Intensive         | 41.35             | 42.5            | 1.16          | GREEDY:100.0%[0m
[92m86     | OBS                  | 2   | TASK_ARRIVED    | Generic_Service       | 42.15             | 42.4            | 0.26          | GREEDY:100.0%[0m
[92m87     | OBS                  | 2   | TASK_ARRIVED    | Generic_Service       | 42.48             | 42.7            | 0.22          | GREEDY:100.0%[0m
[92m88     | OBS                  | 2   | TASK_ARRIVED    | CPU_Intensive         | 42.53             | 42.81           | 0.28          | GREEDY:100.0%[0m
[92m89     | OBS                  | 2   | TASK_ARRIVED    | CPU_Intensive         | 43.59             | 44.11           | 0.52          | GREEDY:100.0%[0m
[92m90     | OBS                  | 2   | TASK_ARRIVED    | Generic_Service       | 44.39             | 44.61           | 0.22          | GREEDY:100.0%[0m
[92m93     | OBS                  | 2   | TASK_ARRIVED    | Generic_Service       | 46.16             | 46.41           | 0.25          | GREEDY:100.0%[0m
[92m94     | OBS                  | 2   | TASK_ARRIVED    | Generic_Service       | 46.16             | 46.31           | 0.15          | GREEDY:100.0%[0m
[92m95     | OBS                  | 2   | TASK_ARRIVED    | CPU_and_Data_Intensive| 46.45             | 47.92           | 1.47          | GREEDY:100.0%[0m
[92m96     | OBS                  | 2   | TASK_ARRIVED    | CPU_and_Data_Intensive| 46.69             | 46.91           | 0.23          | GREEDY:100.0%[0m
[92m97     | OBS                  | 2   | TASK_ARRIVED    | CPU_Intensive         | 46.79             | 48.02           | 1.23          | GREEDY:100.0%[0m
[92m98     | OBS                  | 2   | TASK_ARRIVED    | Generic_Service       | 48.18             | 48.42           | 0.24          | GREEDY:100.0%[0m
[92m99     | OBS                  | 2   | TASK_ARRIVED    | CPU_Intensive         | 48.48             | 49.12           | 0.64          | GREEDY:100.0%[0m
[92m100    | OBS                  | 2   | TASK_ARRIVED    | CPU_Intensive         | 49.92             | 50.72           | 0.81          | GREEDY:100.0%[0m
[92m101    | OBS                  | 2   | TASK_ARRIVED    | Generic_Service       | 50.81             | 50.92           | 0.11          | GREEDY:100.0%[0m
[92m102    | OBS                  | 2   | TASK_ARRIVED    | CPU_Intensive         | 50.99             | 51.33           | 0.34          | GREEDY:100.0%[0m
[92m103    | OBS                  | 2   | TASK_ARRIVED    | CPU_Intensive         | 51.44             | 51.63           | 0.18          | GREEDY:100.0%[0m
[92m104    | OBS                  | 2   | TASK_ARRIVED    | Generic_Service       | 52.55             | 52.73           | 0.18          | GREEDY:100.0%[0m
[92m105    | OBS                  | 2   | TASK_ARRIVED    | CPU_and_Data_Intensive| 52.81             | 54.03           | 1.22          | GREEDY:100.0%[0m
[92m106    | OBS                  | 2   | TASK_ARRIVED    | CPU_and_Data_Intensive| 52.96             | 53.23           | 0.27          | GREEDY:100.0%[0m
[92m107    | OBS                  | 2   | TASK_ARRIVED    | CPU_Intensive         | 53.01             | 53.33           | 0.32          | GREEDY:100.0%[0m
[92m108    | OBS                  | 2   | TASK_ARRIVED    | Generic_Service       | 54.92             | 55.03           | 0.11          | GREEDY:100.0%[0m
[92m109    | OBS                  | 2   | TASK_ARRIVED    | CPU_Intensive         | 54.95             | 56.84           | 1.89          | GREEDY:100.0%[0m
[92m110    | OBS                  | 1   | TASK_ARRIVED    | Generic_Service       | 55.48             | 55.53           | 0.05          | GREEDY:100.0%[0m
[92m111    | OBS                  | 2   | TASK_ARRIVED    | CPU_and_Data_Intensive| 55.91             | 56.94           | 1.03          | GREEDY:100.0%[0m
[92m112    | OBS                  | 2   | TASK_ARRIVED    | CPU_Intensive         | 56.1              | 56.64           | 0.54          | GREEDY:100.0%[0m
[92m113    | OBS                  | 1   | TASK_ARRIVED    | CPU_and_Data_Intensive| 56.16             | 56.94           | 0.78          | GREEDY:100.0%[0m
[92m114    | OBS                  | 2   | TASK_ARRIVED    | CPU_Intensive         | 57.13             | 57.24           | 0.11          | GREEDY:100.0%[0m
[92m115    | OBS                  | 2   | TASK_ARRIVED    | CPU_Intensive         | 57.43             | 58.14           | 0.71          | GREEDY:100.0%[0m
[92m116    | OBS                  | 2   | TASK_ARRIVED    | Generic_Service       | 59.23             | 59.44           | 0.21          | GREEDY:100.0%[0m
[92m117    | OBS                  | 2   | TASK_ARRIVED    | CPU_Intensive         | 60.02             | 61.55           | 1.53          | GREEDY:100.0%[0m
[92m118    | OBS                  | 2   | TASK_ARRIVED    | CPU_Intensive         | 60.16             | 60.65           | 0.48          | GREEDY:100.0%[0m
[92m119    | OBS                  | 2   | TASK_ARRIVED    | Generic_Service       | 60.68             | 60.75           | 0.07          | GREEDY:100.0%[0m
[92m120    | OBS                  | 1   | TASK_ARRIVED    | Generic_Service       | 61.43             | 61.45           | 0.02          | GREEDY:100.0%[0m
[92m121    | OBS                  | 2   | TASK_ARRIVED    | Generic_Service       | 61.53             | 61.65           | 0.12          | GREEDY:100.0%[0m
[92m122    | OBS                  | 2   | TASK_ARRIVED    | Generic_Service       | 61.91             | 61.95           | 0.05          | GREEDY:100.0%[0m
[92m123    | OBS                  | 2   | TASK_ARRIVED    | CPU_and_Data_Intensive| 63.51             | 63.65           | 0.15          | GREEDY:100.0%[0m
[92m124    | OBS                  | 2   | TASK_ARRIVED    | CPU_and_Data_Intensive| 65.03             | 65.66           | 0.63          | GREEDY:100.0%[0m
[92m125    | OBS                  | 1   | TASK_ARRIVED    | CPU_Intensive         | 66.21             | 68.26           | 2.04          | GREEDY:100.0%[0m
[92m126    | OBS                  | 2   | TASK_ARRIVED    | Generic_Service       | 66.84             | 66.96           | 0.12          | GREEDY:100.0%[0m
[92m128    | OBS                  | 2   | TASK_ARRIVED    | Generic_Service       | 68.83             | 69.06           | 0.23          | GREEDY:100.0%[0m
[92m129    | OBS                  | 2   | TASK_ARRIVED    | CPU_Intensive         | 69.14             | 69.56           | 0.42          | GREEDY:100.0%[0m
[92m130    | OBS                  | 2   | TASK_ARRIVED    | CPU_Intensive         | 69.17             | 69.76           | 0.59          | GREEDY:100.0%[0m
[92m131    | OBS                  | 1   | TASK_ARRIVED    | Generic_Service       | 70.86             | 70.96           | 0.11          | GREEDY:100.0%[0m
[92m132    | OBS                  | 2   | TASK_ARRIVED    | CPU_and_Data_Intensive| 71.51             | 71.77           | 0.26          | GREEDY:100.0%[0m
[92m133    | OBS                  | 2   | TASK_ARRIVED    | Generic_Service       | 71.99             | 72.17           | 0.18          | GREEDY:100.0%[0m
[92m134    | OBS                  | 2   | TASK_ARRIVED    | Generic_Service       | 72.39             | 72.67           | 0.28          | GREEDY:100.0%[0m
[92m135    | OBS                  | 2   | TASK_ARRIVED    | CPU_Intensive         | 73.58             | 75.28           | 1.69          | GREEDY:100.0%[0m
[92m136    | OBS                  | 2   | TASK_ARRIVED    | Generic_Service       | 74.03             | 74.27           | 0.24          | GREEDY:100.0%[0m
[92m137    | OBS                  | 2   | TASK_ARRIVED    | Generic_Service       | 74.97             | 75.17           | 0.21          | GREEDY:100.0%[0m
[92m138    | OBS                  | 2   | TASK_ARRIVED    | CPU_and_Data_Intensive| 75.27             | 75.48           | 0.21          | GREEDY:100.0%[0m
[92m139    | OBS                  | 2   | TASK_ARRIVED    | Generic_Service       | 76.01             | 76.18           | 0.17          | GREEDY:100.0%[0m
[92m140    | OBS                  | 2   | TASK_ARRIVED    | CPU_and_Data_Intensive| 78.06             | 78.98           | 0.92          | GREEDY:100.0%[0m
[92m141    | OBS                  | 2   | TASK_ARRIVED    | CPU_and_Data_Intensive| 78.15             | 78.38           | 0.23          | GREEDY:100.0%[0m
[92m142    | OBS                  | 2   | TASK_ARRIVED    | Generic_Service       | 79.51             | 79.68           | 0.17          | GREEDY:100.0%[0m
[92m143    | OBS                  | 1   | TASK_ARRIVED    | Generic_Service       | 79.57             | 79.68           | 0.11          | GREEDY:100.0%[0m
[92m144    | OBS                  | 2   | TASK_ARRIVED    | CPU_Intensive         | 79.68             | 81.29           | 1.61          | GREEDY:100.0%[0m
[92m145    | OBS                  | 2   | TASK_ARRIVED    | CPU_Intensive         | 79.94             | 80.39           | 0.45          | GREEDY:100.0%[0m
[92m146    | OBS                  | 2   | TASK_ARRIVED    | CPU_Intensive         | 80.1              | 80.79           | 0.68          | GREEDY:100.0%[0m
[92m147    | OBS                  | 2   | TASK_ARRIVED    | CPU_and_Data_Intensive| 81.2              | 82.09           | 0.89          | GREEDY:100.0%[0m
[92m148    | OBS                  | 2   | TASK_ARRIVED    | CPU_Intensive         | 81.8              | 82.69           | 0.9           | GREEDY:100.0%[0m
[92m149    | OBS                  | 2   | TASK_ARRIVED    | Generic_Service       | 82.63             | 82.79           | 0.17          | GREEDY:100.0%[0m
[92m150    | OBS                  | 2   | TASK_ARRIVED    | CPU_Intensive         | 83.9              | 85.9            | 1.99          | GREEDY:100.0%[0m
[92m151    | OBS                  | 2   | TASK_ARRIVED    | CPU_Intensive         | 85.2              | 85.4            | 0.19          | GREEDY:100.0%[0m
[92m153    | OBS                  | 2   | TASK_ARRIVED    | CPU_and_Data_Intensive| 86.01             | 87.9            | 1.89          | GREEDY:100.0%[0m
[92m154    | OBS                  | 2   | TASK_ARRIVED    | CPU_and_Data_Intensive| 86.11             | 86.4            | 0.29          | GREEDY:100.0%[0m
[92m155    | OBS                  | 2   | TASK_ARRIVED    | CPU_Intensive         | 87.57             | 90.11           | 2.54          | GREEDY:100.0%[0m
[92m156    | OBS                  | 2   | TASK_ARRIVED    | Generic_Service       | 88.15             | 88.3            | 0.15          | GREEDY:100.0%[0m
[92m157    | OBS                  | 2   | TASK_ARRIVED    | Generic_Service       | 88.53             | 88.71           | 0.17          | GREEDY:100.0%[0m
[92m158    | OBS                  | 2   | TASK_ARRIVED    | CPU_Intensive         | 88.55             | 90.91           | 2.36          | GREEDY:100.0%[0m
[92m159    | OBS                  | 2   | TASK_ARRIVED    | CPU_and_Data_Intensive| 88.68             | 89.91           | 1.23          | GREEDY:100.0%[0m
[92m160    | OBS                  | 2   | TASK_ARRIVED    | Generic_Service       | 88.68             | 88.91           | 0.22          | GREEDY:100.0%[0m
[92m161    | OBS                  | 2   | TASK_ARRIVED    | Generic_Service       | 89.27             | 89.51           | 0.24          | GREEDY:100.0%[0m
[92m162    | OBS                  | 1   | TASK_ARRIVED    | CPU_Intensive         | 90.93             | 91.11           | 0.18          | GREEDY:100.0%[0m
[92m163    | OBS                  | 2   | TASK_ARRIVED    | CPU_Intensive         | 91.49             | 92.82           | 1.33          | GREEDY:100.0%[0m
[92m164    | OBS                  | 1   | TASK_ARRIVED    | CPU_and_Data_Intensive| 93.22             | 93.42           | 0.19          | GREEDY:100.0%[0m
[92m165    | OBS                  | 2   | TASK_ARRIVED    | CPU_and_Data_Intensive| 94.48             | 94.82           | 0.34          | GREEDY:100.0%[0m
[92m166    | OBS                  | 2   | TASK_ARRIVED    | Generic_Service       | 94.5              | 94.62           | 0.11          | GREEDY:100.0%[0m
[92m167    | OBS                  | 2   | TASK_ARRIVED    | CPU_and_Data_Intensive| 94.69             | 94.92           | 0.23          | GREEDY:100.0%[0m
[92m168    | OBS                  | 1   | TASK_ARRIVED    | CPU_and_Data_Intensive| 95.5              | 95.62           | 0.12          | GREEDY:100.0%[0m
[92m169    | OBS                  | 1   | TASK_ARRIVED    | CPU_Intensive         | 95.58             | 95.82           | 0.24          | GREEDY:100.0%[0m
[92m170    | OBS                  | 2   | TASK_ARRIVED    | CPU_Intensive         | 95.6              | 96.52           | 0.93          | GREEDY:100.0%[0m
[92m171    | OBS                  | 1   | TASK_ARRIVED    | CPU_Intensive         | 95.65             | 97.42           | 1.77          | GREEDY:100.0%[0m
[92m172    | OBS                  | 2   | TASK_ARRIVED    | Generic_Service       | 95.93             | 96.12           | 0.19          | GREEDY:100.0%[0m
[92m173    | OBS                  | 2   | TASK_ARRIVED    | CPU_Intensive         | 96.84             | 97.63           | 0.78          | GREEDY:100.0%[0m
[92m174    | OBS                  | 1   | TASK_ARRIVED    | Generic_Service       | 97.52             | 97.63           | 0.1           | GREEDY:100.0%[0m
[92m175    | OBS                  | 2   | TASK_ARRIVED    | CPU_Intensive         | 97.81             | 98.43           | 0.61          | GREEDY:100.0%[0m
[92m176    | OBS                  | 2   | TASK_ARRIVED    | CPU_and_Data_Intensive| 97.9              | 98.03           | 0.13          | GREEDY:100.0%[0m
[92m177    | OBS                  | 2   | TASK_ARRIVED    | Generic_Service       | 99.08             | 99.23           | 0.15          | GREEDY:100.0%[0m
[92m178    | OBS                  | 2   | TASK_ARRIVED    | CPU_Intensive         | 99.77             | 100.13          | 0.36          | GREEDY:100.0%[0m
[92m179    | OBS                  | 1   | TASK_ARRIVED    | CPU_and_Data_Intensive| 99.85             | 100.53          | 0.68          | GREEDY:100.0%[0m
[92m181    | OBS                  | 2   | TASK_ARRIVED    | CPU_and_Data_Intensive| 100.67            | 101.13          | 0.47          | GREEDY:100.0%[0m
[92m182    | OBS                  | 1   | TASK_ARRIVED    | CPU_Intensive         | 100.78            | 101.43          | 0.65          | GREEDY:100.0%[0m
[92m183    | OBS                  | 2   | TASK_ARRIVED    | CPU_and_Data_Intensive| 103.03            | 103.83          | 0.81          | GREEDY:100.0%[0m
[92m184    | OBS                  | 1   | TASK_ARRIVED    | Generic_Service       | 103.06            | 103.13          | 0.07          | GREEDY:100.0%[0m
[92m185    | OBS                  | 2   | TASK_ARRIVED    | Generic_Service       | 103.31            | 103.63          | 0.32          | GREEDY:100.0%[0m
[92m186    | OBS                  | 1   | TASK_ARRIVED    | CPU_Intensive         | 103.96            | 104.63          | 0.67          | GREEDY:100.0%[0m
[92m187    | OBS                  | 2   | TASK_ARRIVED    | CPU_Intensive         | 104.53            | 105.74          | 1.21          | GREEDY:100.0%[0m
[92m188    | OBS                  | 2   | TASK_ARRIVED    | CPU_Intensive         | 105.02            | 105.84          | 0.82          | GREEDY:100.0%[0m
[92m189    | OBS                  | 2   | TASK_ARRIVED    | CPU_and_Data_Intensive| 105.06            | 105.54          | 0.48          | GREEDY:100.0%[0m
[92m190    | OBS                  | 2   | TASK_ARRIVED    | Generic_Service       | 105.96            | 106.14          | 0.18          | GREEDY:100.0%[0m
[92m191    | OBS                  | 2   | TASK_ARRIVED    | CPU_Intensive         | 106.04            | 106.24          | 0.2           | GREEDY:100.0%[0m
[92m192    | OBS                  | 2   | TASK_ARRIVED    | CPU_Intensive         | 106.28            | 106.54          | 0.26          | GREEDY:100.0%[0m
[92m193    | OBS                  | 2   | TASK_ARRIVED    | Generic_Service       | 106.36            | 106.44          | 0.08          | GREEDY:100.0%[0m
[92m194    | OBS                  | 2   | TASK_ARRIVED    | CPU_and_Data_Intensive| 106.44            | 106.65          | 0.21          | GREEDY:100.0%[0m
[92m195    | OBS                  | 2   | TASK_ARRIVED    | Generic_Service       | 107.43            | 107.65          | 0.22          | GREEDY:100.0%[0m
[92m196    | OBS                  | 2   | TASK_ARRIVED    | Generic_Service       | 107.9             | 108.05          | 0.15          | GREEDY:100.0%[0m
[92m197    | OBS                  | 2   | TASK_ARRIVED    | CPU_and_Data_Intensive| 108.72            | 109.05          | 0.33          | GREEDY:100.0%[0m
[92m198    | OBS                  | 2   | TASK_ARRIVED    | Generic_Service       | 109.53            | 109.75          | 0.22          | GREEDY:100.0%[0m
[92m199    | OBS                  | 1   | TASK_ARRIVED    | Generic_Service       | 109.53            | 109.55          | 0.02          | GREEDY:100.0%[0m
[92m200    | OBS                  | 2   | TASK_ARRIVED    | Generic_Service       | 110.0             | 110.15          | 0.15          | GREEDY:100.0%[0m
[92m201    | OBS                  | 2   | TASK_ARRIVED    | Generic_Service       | 110.29            | 110.46          | 0.17          | GREEDY:100.0%[0m
[92m202    | OBS                  | 2   | TASK_ARRIVED    | CPU_Intensive         | 111.27            | 111.56          | 0.29          | GREEDY:100.0%[0m
[92m203    | OBS                  | 2   | TASK_ARRIVED    | CPU_Intensive         | 111.86            | 112.26          | 0.4           | GREEDY:100.0%[0m
[92m204    | OBS                  | 2   | TASK_ARRIVED    | Generic_Service       | 112.03            | 112.16          | 0.13          | GREEDY:100.0%[0m
[92m205    | OBS                  | 2   | TASK_ARRIVED    | CPU_Intensive         | 112.41            | 114.47          | 2.05          | GREEDY:100.0%[0m
[92m206    | OBS                  | 2   | TASK_ARRIVED    | CPU_Intensive         | 114.06            | 114.37          | 0.3           | GREEDY:100.0%[0m
[92m207    | OBS                  | 2   | TASK_ARRIVED    | CPU_Intensive         | 114.65            | 115.17          | 0.52          | GREEDY:100.0%[0m
[92m208    | OBS                  | 2   | TASK_ARRIVED    | Generic_Service       | 114.7             | 114.87          | 0.16          | GREEDY:100.0%[0m
[92m209    | OBS                  | 1   | TASK_ARRIVED    | Generic_Service       | 114.73            | 114.77          | 0.03          | GREEDY:100.0%[0m
[92m210    | OBS                  | 2   | TASK_ARRIVED    | CPU_Intensive         | 115.19            | 115.97          | 0.78          | GREEDY:100.0%[0m
[92m211    | OBS                  | 2   | TASK_ARRIVED    | CPU_Intensive         | 116.06            | 116.77          | 0.72          | GREEDY:100.0%[0m
[92m212    | OBS                  | 2   | TASK_ARRIVED    | CPU_Intensive         | 116.25            | 117.08          | 0.82          | GREEDY:100.0%[0m
[92m213    | OBS                  | 2   | TASK_ARRIVED    | CPU_and_Data_Intensive| 116.66            | 117.88          | 1.22          | GREEDY:100.0%[0m
[92m214    | OBS                  | 2   | TASK_ARRIVED    | Generic_Service       | 116.9             | 117.18          | 0.27          | GREEDY:100.0%[0m
[92m215    | OBS                  | 2   | TASK_ARRIVED    | Generic_Service       | 118.2             | 118.38          | 0.18          | GREEDY:100.0%[0m
[92m216    | OBS                  | 2   | TASK_ARRIVED    | Generic_Service       | 118.92            | 118.98          | 0.06          | GREEDY:100.0%[0m
[92m217    | OBS                  | 2   | TASK_ARRIVED    | CPU_and_Data_Intensive| 119.37            | 119.58          | 0.21          | GREEDY:100.0%[0m
[92m218    | OBS                  | 2   | TASK_ARRIVED    | CPU_and_Data_Intensive| 119.53            | 119.98          | 0.45          | GREEDY:100.0%[0m
[92m219    | OBS                  | 1   | TASK_ARRIVED    | CPU_Intensive         | 119.73            | 120.08          | 0.36          | GREEDY:100.0%[0m
[92m220    | OBS                  | 2   | TASK_ARRIVED    | CPU_Intensive         | 119.73            | 120.49          | 0.76          | GREEDY:100.0%[0m
[92m221    | OBS                  | 2   | TASK_ARRIVED    | CPU_and_Data_Intensive| 120.17            | 120.59          | 0.41          | GREEDY:100.0%[0m
[92m222    | OBS                  | 2   | TASK_ARRIVED    | Generic_Service       | 120.98            | 121.29          | 0.31          | GREEDY:100.0%[0m
[92m223    | OBS                  | 2   | TASK_ARRIVED    | Generic_Service       | 122.48            | 122.59          | 0.11          | GREEDY:100.0%[0m
[92m224    | OBS                  | 2   | TASK_ARRIVED    | CPU_and_Data_Intensive| 122.55            | 123.49          | 0.94          | GREEDY:100.0%[0m
[92m225    | OBS                  | 2   | TASK_ARRIVED    | Generic_Service       | 122.75            | 122.79          | 0.04          | GREEDY:100.0%[0m
[92m226    | OBS                  | 2   | TASK_ARRIVED    | CPU_Intensive         | 122.98            | 123.19          | 0.21          | GREEDY:100.0%[0m
[92m227    | OBS                  | 2   | TASK_ARRIVED    | CPU_and_Data_Intensive| 123.54            | 124.9           | 1.36          | GREEDY:100.0%[0m
[92m228    | OBS                  | 2   | TASK_ARRIVED    | CPU_and_Data_Intensive| 123.93            | 124.4           | 0.46          | GREEDY:100.0%[0m
[92m229    | OBS                  | 2   | TASK_ARRIVED    | CPU_Intensive         | 123.96            | 124.29          | 0.33          | GREEDY:100.0%[0m
[92m230    | OBS                  | 1   | TASK_ARRIVED    | Generic_Service       | 124.09            | 124.19          | 0.1           | GREEDY:100.0%[0m
[92m231    | OBS                  | 2   | TASK_ARRIVED    | Generic_Service       | 124.27            | 124.4           | 0.13          | GREEDY:100.0%[0m
[92m232    | OBS                  | 2   | TASK_ARRIVED    | Generic_Service       | 124.3             | 124.5           | 0.19          | GREEDY:100.0%[0m
[92m233    | OBS                  | 2   | TASK_ARRIVED    | CPU_and_Data_Intensive| 124.7             | 125.6           | 0.9           | GREEDY:100.0%[0m
[92m234    | OBS                  | 2   | TASK_ARRIVED    | CPU_and_Data_Intensive| 125.51            | 126.0           | 0.49          | GREEDY:100.0%[0m
[92m235    | OBS                  | 2   | TASK_ARRIVED    | CPU_Intensive         | 125.58            | 125.9           | 0.32          | GREEDY:100.0%[0m
[92m236    | OBS                  | 2   | TASK_ARRIVED    | CPU_Intensive         | 126.22            | 126.7           | 0.48          | GREEDY:100.0%[0m
[92m237    | OBS                  | 2   | TASK_ARRIVED    | CPU_Intensive         | 127.56            | 128.3           | 0.75          | GREEDY:100.0%[0m
[92m238    | OBS                  | 1   | TASK_ARRIVED    | CPU_Intensive         | 127.7             | 128.1           | 0.41          | GREEDY:100.0%[0m
[92m239    | OBS                  | 2   | TASK_ARRIVED    | CPU_Intensive         | 128.59            | 128.8           | 0.21          | GREEDY:100.0%[0m
[92m240    | OBS                  | 2   | TASK_ARRIVED    | CPU_and_Data_Intensive| 129.25            | 130.3           | 1.05          | GREEDY:100.0%[0m
[92m241    | OBS                  | 2   | TASK_ARRIVED    | CPU_and_Data_Intensive| 131.38            | 132.91          | 1.53          | GREEDY:100.0%[0m
[92m242    | OBS                  | 2   | TASK_ARRIVED    | Generic_Service       | 132.59            | 132.61          | 0.01          | GREEDY:100.0%[0m
[92m243    | OBS                  | 2   | TASK_ARRIVED    | CPU_and_Data_Intensive| 132.71            | 134.01          | 1.29          | GREEDY:100.0%[0m
[92m244    | OBS                  | 2   | TASK_ARRIVED    | Generic_Service       | 133.52            | 133.61          | 0.09          | GREEDY:100.0%[0m
[92m245    | OBS                  | 2   | TASK_ARRIVED    | CPU_and_Data_Intensive| 133.64            | 133.91          | 0.27          | GREEDY:100.0%[0m
[92m246    | OBS                  | 2   | TASK_ARRIVED    | CPU_and_Data_Intensive| 133.82            | 134.21          | 0.39          | GREEDY:100.0%[0m
[92m247    | OBS                  | 2   | TASK_ARRIVED    | CPU_and_Data_Intensive| 134.0             | 134.31          | 0.31          | GREEDY:100.0%[0m
[92m248    | OBS                  | 2   | TASK_ARRIVED    | Generic_Service       | 134.24            | 134.41          | 0.18          | GREEDY:100.0%[0m
[92m249    | OBS                  | 2   | TASK_ARRIVED    | CPU_Intensive         | 134.44            | 135.11          | 0.67          | GREEDY:100.0%[0m
[92m250    | OBS                  | 2   | TASK_ARRIVED    | CPU_Intensive         | 135.03            | 135.61          | 0.59          | GREEDY:100.0%[0m
[92m251    | OBS                  | 1   | TASK_ARRIVED    | CPU_Intensive         | 135.46            | 135.61          | 0.15          | GREEDY:100.0%[0m
[92m252    | OBS                  | 2   | TASK_ARRIVED    | CPU_and_Data_Intensive| 135.76            | 136.52          | 0.76          | GREEDY:100.0%[0m
[92m253    | OBS                  | 2   | TASK_ARRIVED    | CPU_Intensive         | 136.23            | 137.42          | 1.19          | GREEDY:100.0%[0m
[92m254    | OBS                  | 1   | TASK_ARRIVED    | Generic_Service       | 136.8             | 136.92          | 0.11          | GREEDY:100.0%[0m
[92m255    | OBS                  | 2   | TASK_ARRIVED    | Generic_Service       | 137.17            | 137.32          | 0.15          | GREEDY:100.0%[0m
[92m256    | OBS                  | 2   | TASK_ARRIVED    | CPU_and_Data_Intensive| 137.52            | 139.02          | 1.5           | GREEDY:100.0%[0m
[92m258    | OBS                  | 2   | TASK_ARRIVED    | CPU_and_Data_Intensive| 138.86            | 140.02          | 1.16          | GREEDY:100.0%[0m
[92m259    | OBS                  | 2   | TASK_ARRIVED    | CPU_Intensive         | 139.28            | 140.52          | 1.24          | GREEDY:100.0%[0m
[92m260    | OBS                  | 2   | TASK_ARRIVED    | Generic_Service       | 139.67            | 139.92          | 0.25          | GREEDY:100.0%[0m
[92m261    | OBS                  | 2   | TASK_ARRIVED    | Generic_Service       | 139.7             | 139.82          | 0.13          | GREEDY:100.0%[0m
[92m262    | OBS                  | 2   | TASK_ARRIVED    | Generic_Service       | 140.13            | 140.32          | 0.2           | GREEDY:100.0%[0m
[92m263    | OBS                  | 2   | TASK_ARRIVED    | CPU_and_Data_Intensive| 140.28            | 140.83          | 0.54          | GREEDY:100.0%[0m
[92m264    | OBS                  | 2   | TASK_ARRIVED    | CPU_Intensive         | 141.32            | 143.63          | 2.31          | GREEDY:100.0%[0m
[92m265    | OBS                  | 2   | TASK_ARRIVED    | Generic_Service       | 141.44            | 141.63          | 0.19          | GREEDY:100.0%[0m
[92m266    | OBS                  | 2   | TASK_ARRIVED    | CPU_Intensive         | 142.11            | 142.43          | 0.32          | GREEDY:100.0%[0m
[92m267    | OBS                  | 2   | TASK_ARRIVED    | Generic_Service       | 142.85            | 142.93          | 0.08          | GREEDY:100.0%[0m
[92m268    | OBS                  | 2   | TASK_ARRIVED    | CPU_and_Data_Intensive| 143.17            | 143.43          | 0.26          | GREEDY:100.0%[0m
[92m269    | OBS                  | 2   | TASK_ARRIVED    | Generic_Service       | 143.34            | 143.53          | 0.19          | GREEDY:100.0%[0m
[92m270    | OBS                  | 2   | TASK_ARRIVED    | CPU_Intensive         | 144.2             | 144.43          | 0.23          | GREEDY:100.0%[0m
[92m271    | OBS                  | 2   | TASK_ARRIVED    | CPU_and_Data_Intensive| 144.41            | 146.44          | 2.03          | GREEDY:100.0%[0m
[92m272    | OBS                  | 2   | TASK_ARRIVED    | Generic_Service       | 145.39            | 145.53          | 0.15          | GREEDY:100.0%[0m
[92m273    | OBS                  | 2   | TASK_ARRIVED    | CPU_and_Data_Intensive| 145.57            | 145.74          | 0.17          | GREEDY:100.0%[0m
[92m274    | OBS                  | 2   | TASK_ARRIVED    | Generic_Service       | 145.61            | 145.84          | 0.23          | GREEDY:100.0%[0m
[92m275    | OBS                  | 2   | TASK_ARRIVED    | Generic_Service       | 146.2             | 146.54          | 0.34          | GREEDY:100.0%[0m
[92m276    | OBS                  | 2   | TASK_ARRIVED    | Generic_Service       | 146.32            | 146.44          | 0.12          | GREEDY:100.0%[0m
[92m277    | OBS                  | 2   | TASK_ARRIVED    | Generic_Service       | 147.14            | 147.34          | 0.2           | GREEDY:100.0%[0m
[92m278    | OBS                  | 2   | TASK_ARRIVED    | CPU_and_Data_Intensive| 149.25            | 150.25          | 1.0           | GREEDY:100.0%[0m
[92m279    | OBS                  | 2   | TASK_ARRIVED    | Generic_Service       | 149.45            | 149.74          | 0.29          | GREEDY:100.0%[0m
[92m280    | OBS                  | 2   | TASK_ARRIVED    | CPU_Intensive         | 149.74            | 150.55          | 0.81          | GREEDY:100.0%[0m
[92m281    | OBS                  | 2   | TASK_ARRIVED    | Generic_Service       | 150.1             | 150.45          | 0.34          | GREEDY:100.0%[0m
[92m282    | OBS                  | 2   | TASK_ARRIVED    | Generic_Service       | 150.95            | 151.15          | 0.2           | GREEDY:100.0%[0m
[92m283    | OBS                  | 2   | TASK_ARRIVED    | CPU_Intensive         | 151.29            | 152.56          | 1.27          | GREEDY:100.0%[0m
[92m284    | OBS                  | 2   | TASK_ARRIVED    | CPU_Intensive         | 151.39            | 152.96          | 1.57          | GREEDY:100.0%[0m
[92m285    | OBS                  | 2   | TASK_ARRIVED    | Generic_Service       | 151.57            | 151.65          | 0.08          | GREEDY:100.0%[0m
[92m286    | OBS                  | 2   | TASK_ARRIVED    | Generic_Service       | 151.69            | 151.85          | 0.17          | GREEDY:100.0%[0m
[92m287    | OBS                  | 2   | TASK_ARRIVED    | CPU_Intensive         | 152.1             | 152.46          | 0.36          | GREEDY:100.0%[0m
[92m288    | OBS                  | 2   | TASK_ARRIVED    | Generic_Service       | 152.85            | 153.26          | 0.42          | GREEDY:100.0%[0m
[92m289    | OBS                  | 2   | TASK_ARRIVED    | Generic_Service       | 152.95            | 153.16          | 0.21          | GREEDY:100.0%[0m
[92m290    | OBS                  | 2   | TASK_ARRIVED    | Generic_Service       | 153.01            | 153.36          | 0.36          | GREEDY:100.0%[0m
[92m291    | OBS                  | 2   | TASK_ARRIVED    | CPU_Intensive         | 153.53            | 153.76          | 0.23          | GREEDY:100.0%[0m
[92m292    | OBS                  | 2   | TASK_ARRIVED    | CPU_Intensive         | 154.29            | 154.57          | 0.28          | GREEDY:100.0%[0m
[92m293    | OBS                  | 2   | TASK_ARRIVED    | CPU_Intensive         | 154.62            | 155.47          | 0.85          | GREEDY:100.0%[0m
[92m294    | OBS                  | 2   | TASK_ARRIVED    | Generic_Service       | 154.89            | 155.17          | 0.28          | GREEDY:100.0%[0m
[92m296    | OBS                  | 2   | TASK_ARRIVED    | CPU_Intensive         | 155.73            | 155.97          | 0.24          | GREEDY:100.0%[0m
[92m297    | OBS                  | 2   | TASK_ARRIVED    | CPU_and_Data_Intensive| 156.81            | 157.07          | 0.26          | GREEDY:100.0%[0m
[92m298    | OBS                  | 2   | TASK_ARRIVED    | CPU_Intensive         | 157.35            | 158.18          | 0.83          | GREEDY:100.0%[0m
[92m299    | OBS                  | 2   | TASK_ARRIVED    | CPU_and_Data_Intensive| 157.39            | 157.77          | 0.38          | GREEDY:100.0%[0m
[92m300    | OBS                  | 2   | TASK_ARRIVED    | Generic_Service       | 157.83            | 157.97          | 0.15          | GREEDY:100.0%[0m
[92m301    | OBS                  | 2   | TASK_ARRIVED    | Generic_Service       | 158.58            | 158.88          | 0.3           | GREEDY:100.0%[0m
[92m302    | OBS                  | 1   | TASK_ARRIVED    | CPU_Intensive         | 159.19            | 159.28          | 0.08          | GREEDY:100.0%[0m
[92m304    | OBS                  | 1   | TASK_ARRIVED    | CPU_and_Data_Intensive| 160.04            | 160.38          | 0.33          | GREEDY:100.0%[0m
[92m305    | OBS                  | 2   | TASK_ARRIVED    | CPU_Intensive         | 160.19            | 160.78          | 0.59          | GREEDY:100.0%[0m
[92m306    | OBS                  | 1   | TASK_ARRIVED    | CPU_Intensive         | 160.36            | 161.08          | 0.72          | GREEDY:100.0%[0m
[92m307    | OBS                  | 2   | TASK_ARRIVED    | CPU_Intensive         | 160.51            | 160.58          | 0.07          | GREEDY:100.0%[0m
[92m308    | OBS                  | 2   | TASK_ARRIVED    | CPU_Intensive         | 160.74            | 161.48          | 0.74          | GREEDY:100.0%[0m
[92m309    | OBS                  | 2   | TASK_ARRIVED    | Generic_Service       | 160.82            | 160.98          | 0.16          | GREEDY:100.0%[0m
[92m310    | OBS                  | 2   | TASK_ARRIVED    | CPU_Intensive         | 161.04            | 161.69          | 0.65          | GREEDY:100.0%[0m
[92m311    | OBS                  | 2   | TASK_ARRIVED    | CPU_Intensive         | 161.26            | 163.19          | 1.93          | GREEDY:100.0%[0m
[92m313    | OBS                  | 1   | TASK_ARRIVED    | CPU_Intensive         | 161.88            | 162.69          | 0.81          | GREEDY:100.0%[0m
[92m314    | OBS                  | 2   | TASK_ARRIVED    | Generic_Service       | 162.02            | 162.19          | 0.17          | GREEDY:100.0%[0m
[92m315    | OBS                  | 2   | TASK_ARRIVED    | CPU_and_Data_Intensive| 162.13            | 162.39          | 0.26          | GREEDY:100.0%[0m
[92m317    | OBS                  | 2   | TASK_ARRIVED    | CPU_Intensive         | 162.95            | 163.79          | 0.85          | GREEDY:100.0%[0m
[92m318    | OBS                  | 2   | TASK_ARRIVED    | CPU_Intensive         | 163.48            | 163.89          | 0.41          | GREEDY:100.0%[0m
[92m319    | OBS                  | 2   | TASK_ARRIVED    | CPU_Intensive         | 163.95            | 164.9           | 0.95          | GREEDY:100.0%[0m
[92m320    | OBS                  | 2   | TASK_ARRIVED    | Generic_Service       | 164.76            | 165.0           | 0.24          | GREEDY:100.0%[0m
[92m322    | OBS                  | 2   | TASK_ARRIVED    | Generic_Service       | 164.89            | 165.1           | 0.21          | GREEDY:100.0%[0m
[92m323    | OBS                  | 2   | TASK_ARRIVED    | Generic_Service       | 165.55            | 165.7           | 0.15          | GREEDY:100.0%[0m
[92m324    | OBS                  | 2   | TASK_ARRIVED    | Generic_Service       | 166.97            | 167.1           | 0.13          | GREEDY:100.0%[0m
[92m325    | OBS                  | 2   | TASK_ARRIVED    | CPU_and_Data_Intensive| 167.61            | 169.61          | 2.0           | GREEDY:100.0%[0m
[92m326    | OBS                  | 2   | TASK_ARRIVED    | CPU_Intensive         | 169.12            | 169.51          | 0.39          | GREEDY:100.0%[0m
[92m327    | OBS                  | 2   | TASK_ARRIVED    | Generic_Service       | 170.21            | 170.31          | 0.1           | GREEDY:100.0%[0m
[92m328    | OBS                  | 2   | TASK_ARRIVED    | Generic_Service       | 170.69            | 170.91          | 0.22          | GREEDY:100.0%[0m
[92m329    | OBS                  | 2   | TASK_ARRIVED    | Generic_Service       | 170.83            | 171.11          | 0.28          | GREEDY:100.0%[0m
[92m330    | OBS                  | 2   | TASK_ARRIVED    | Generic_Service       | 170.96            | 171.21          | 0.26          | GREEDY:100.0%[0m
[92m331    | OBS                  | 2   | TASK_ARRIVED    | Generic_Service       | 172.2             | 172.41          | 0.22          | GREEDY:100.0%[0m
[92m332    | OBS                  | 2   | TASK_ARRIVED    | CPU_and_Data_Intensive| 173.74            | 174.32          | 0.57          | GREEDY:100.0%[0m
[92m333    | OBS                  | 2   | TASK_ARRIVED    | CPU_Intensive         | 174.1             | 174.52          | 0.41          | GREEDY:100.0%[0m
[92m335    | OBS                  | 2   | TASK_ARRIVED    | Generic_Service       | 174.68            | 175.12          | 0.44          | GREEDY:100.0%[0m
[92m336    | OBS                  | 2   | TASK_ARRIVED    | CPU_and_Data_Intensive| 174.81            | 175.42          | 0.61          | GREEDY:100.0%[0m
[92m337    | OBS                  | 2   | TASK_ARRIVED    | CPU_and_Data_Intensive| 176.18            | 177.03          | 0.85          | GREEDY:100.0%[0m
[92m338    | OBS                  | 2   | TASK_ARRIVED    | Generic_Service       | 176.35            | 176.52          | 0.17          | GREEDY:100.0%[0m
[92m339    | OBS                  | 2   | TASK_ARRIVED    | Generic_Service       | 176.89            | 176.92          | 0.03          | GREEDY:100.0%[0m
[92m340    | OBS                  | 2   | TASK_ARRIVED    | Generic_Service       | 177.08            | 177.33          | 0.24          | GREEDY:100.0%[0m
[92m341    | OBS                  | 2   | TASK_ARRIVED    | Generic_Service       | 177.23            | 177.43          | 0.2           | GREEDY:100.0%[0m
[92m342    | OBS                  | 2   | TASK_ARRIVED    | CPU_and_Data_Intensive| 177.55            | 178.43          | 0.88          | GREEDY:100.0%[0m
[92m343    | OBS                  | 2   | TASK_ARRIVED    | CPU_and_Data_Intensive| 178.41            | 179.53          | 1.12          | GREEDY:100.0%[0m
[92m344    | OBS                  | 2   | TASK_ARRIVED    | CPU_and_Data_Intensive| 178.57            | 179.63          | 1.06          | GREEDY:100.0%[0m
[92m345    | OBS                  | 2   | TASK_ARRIVED    | CPU_and_Data_Intensive| 179.68            | 179.83          | 0.16          | GREEDY:100.0%[0m
[92m347    | OBS                  | 2   | TASK_ARRIVED    | CPU_Intensive         | 180.58            | 181.43          | 0.86          | GREEDY:100.0%[0m
[92m348    | OBS                  | 2   | TASK_ARRIVED    | CPU_Intensive         | 182.56            | 183.54          | 0.97          | GREEDY:100.0%[0m
[92m349    | OBS                  | 2   | TASK_ARRIVED    | CPU_Intensive         | 183.37            | 183.74          | 0.37          | GREEDY:100.0%[0m
[92m350    | OBS                  | 2   | TASK_ARRIVED    | CPU_and_Data_Intensive| 183.71            | 184.04          | 0.33          | GREEDY:100.0%[0m
[92m351    | OBS                  | 2   | TASK_ARRIVED    | Generic_Service       | 183.96            | 184.24          | 0.28          | GREEDY:100.0%[0m
[92m352    | OBS                  | 2   | TASK_ARRIVED    | CPU_and_Data_Intensive| 184.09            | 184.34          | 0.25          | GREEDY:100.0%[0m
[92m353    | OBS                  | 2   | TASK_ARRIVED    | CPU_Intensive         | 184.77            | 184.84          | 0.07          | GREEDY:100.0%[0m
[92m354    | OBS                  | 2   | TASK_ARRIVED    | CPU_Intensive         | 185.4             | 186.44          | 1.04          | GREEDY:100.0%[0m
[92m355    | OBS                  | 2   | TASK_ARRIVED    | CPU_and_Data_Intensive| 186.37            | 186.75          | 0.37          | GREEDY:100.0%[0m
[92m356    | OBS                  | 2   | TASK_ARRIVED    | Generic_Service       | 186.46            | 186.64          | 0.18          | GREEDY:100.0%[0m
[92m357    | OBS                  | 2   | TASK_ARRIVED    | CPU_Intensive         | 186.47            | 187.35          | 0.88          | GREEDY:100.0%[0m
[92m358    | OBS                  | 2   | TASK_ARRIVED    | CPU_Intensive         | 186.51            | 188.25          | 1.74          | GREEDY:100.0%[0m
[92m359    | OBS                  | 2   | TASK_ARRIVED    | Generic_Service       | 186.52            | 186.54          | 0.02          | GREEDY:100.0%[0m
[92m361    | OBS                  | 2   | TASK_ARRIVED    | Generic_Service       | 186.97            | 187.05          | 0.08          | GREEDY:100.0%[0m
[92m363    | OBS                  | 2   | TASK_ARRIVED    | Generic_Service       | 187.3             | 187.55          | 0.25          | GREEDY:100.0%[0m
[92m364    | OBS                  | 2   | TASK_ARRIVED    | CPU_and_Data_Intensive| 188.09            | 188.45          | 0.36          | GREEDY:100.0%[0m
[92m365    | OBS                  | 2   | TASK_ARRIVED    | CPU_and_Data_Intensive| 188.59            | 189.46          | 0.87          | GREEDY:100.0%[0m
[92m366    | OBS                  | 2   | TASK_ARRIVED    | CPU_Intensive         | 188.84            | 189.05          | 0.22          | GREEDY:100.0%[0m
[92m367    | OBS                  | 1   | TASK_ARRIVED    | Generic_Service       | 188.93            | 188.95          | 0.02          | GREEDY:100.0%[0m
[92m368    | OBS                  | 2   | TASK_ARRIVED    | CPU_and_Data_Intensive| 189.03            | 189.26          | 0.23          | GREEDY:100.0%[0m
[92m369    | OBS                  | 2   | TASK_ARRIVED    | CPU_and_Data_Intensive| 189.4             | 189.76          | 0.36          | GREEDY:100.0%[0m
[92m370    | OBS                  | 1   | TASK_ARRIVED    | CPU_and_Data_Intensive| 190.01            | 191.26          | 1.25          | GREEDY:100.0%[0m
[92m371    | OBS                  | 2   | TASK_ARRIVED    | Generic_Service       | 190.43            | 190.66          | 0.23          | GREEDY:100.0%[0m
[92m372    | OBS                  | 2   | TASK_ARRIVED    | CPU_Intensive         | 190.69            | 191.46          | 0.78          | GREEDY:100.0%[0m
[92m373    | OBS                  | 2   | TASK_ARRIVED    | Generic_Service       | 191.15            | 191.36          | 0.21          | GREEDY:100.0%[0m
[92m374    | OBS                  | 1   | TASK_ARRIVED    | CPU_Intensive         | 192.31            | 192.46          | 0.15          | GREEDY:100.0%[0m
[92m375    | OBS                  | 2   | TASK_ARRIVED    | CPU_Intensive         | 192.86            | 193.07          | 0.2           | GREEDY:100.0%[0m
[92m376    | OBS                  | 1   | TASK_ARRIVED    | CPU_and_Data_Intensive| 193.19            | 194.67          | 1.48          | GREEDY:100.0%[0m
[92m377    | OBS                  | 1   | TASK_ARRIVED    | CPU_Intensive         | 193.3             | 193.57          | 0.27          | GREEDY:100.0%[0m
[92m378    | OBS                  | 2   | TASK_ARRIVED    | CPU_and_Data_Intensive| 193.39            | 193.67          | 0.28          | GREEDY:100.0%[0m
[92m379    | OBS                  | 2   | TASK_ARRIVED    | CPU_Intensive         | 193.66            | 194.37          | 0.71          | GREEDY:100.0%[0m
[92m380    | OBS                  | 2   | TASK_ARRIVED    | CPU_Intensive         | 193.99            | 194.87          | 0.88          | GREEDY:100.0%[0m
[92m381    | OBS                  | 2   | TASK_ARRIVED    | CPU_and_Data_Intensive| 194.53            | 196.17          | 1.64          | GREEDY:100.0%[0m
[92m382    | OBS                  | 2   | TASK_ARRIVED    | Generic_Service       | 195.6             | 195.87          | 0.27          | GREEDY:100.0%[0m
[92m383    | OBS                  | 1   | TASK_ARRIVED    | CPU_Intensive         | 196.04            | 196.97          | 0.94          | GREEDY:100.0%[0m
[92m384    | OBS                  | 2   | TASK_ARRIVED    | Generic_Service       | 196.15            | 196.37          | 0.23          | GREEDY:100.0%[0m
[92m385    | OBS                  | 1   | TASK_ARRIVED    | Generic_Service       | 196.19            | 196.27          | 0.08          | GREEDY:100.0%[0m
[92m386    | OBS                  | 2   | TASK_ARRIVED    | Generic_Service       | 197.71            | 197.77          | 0.06          | GREEDY:100.0%[0m
[92m387    | OBS                  | 2   | TASK_ARRIVED    | CPU_Intensive         | 197.96            | 199.68          | 1.72          | GREEDY:100.0%[0m
[92m388    | OBS                  | 2   | TASK_ARRIVED    | Generic_Service       | 198.09            | 198.17          | 0.08          | GREEDY:100.0%[0m
[92m389    | OBS                  | 2   | TASK_ARRIVED    | CPU_Intensive         | 198.53            | 199.28          | 0.75          | GREEDY:100.0%[0m
[92m390    | OBS                  | 2   | TASK_ARRIVED    | Generic_Service       | 198.96            | 199.18          | 0.21          | GREEDY:100.0%[0m
[92m391    | OBS                  | 2   | TASK_ARRIVED    | Generic_Service       | 199.23            | 199.38          | 0.15          | GREEDY:100.0%[0m
[92m392    | OBS                  | 2   | TASK_ARRIVED    | CPU_Intensive         | 199.38            | 200.08          | 0.7           | GREEDY:100.0%[0m
[92m393    | OBS                  | 2   | TASK_ARRIVED    | CPU_and_Data_Intensive| 199.5             | 199.78          | 0.28          | GREEDY:100.0%[0m
[92m394    | OBS                  | 2   | TASK_ARRIVED    | CPU_Intensive         | 201.28            | 201.68          | 0.41          | GREEDY:100.0%[0m
[92m395    | OBS                  | 2   | TASK_ARRIVED    | CPU_and_Data_Intensive| 202.33            | 203.29          | 0.96          | GREEDY:100.0%[0m
[92m396    | OBS                  | 2   | TASK_ARRIVED    | CPU_Intensive         | 204.47            | 204.89          | 0.42          | GREEDY:100.0%[0m
[92m397    | OBS                  | 2   | TASK_ARRIVED    | CPU_Intensive         | 204.51            | 204.79          | 0.28          | GREEDY:100.0%[0m
[92m398    | OBS                  | 2   | TASK_ARRIVED    | CPU_Intensive         | 205.02            | 205.7           | 0.68          | GREEDY:100.0%[0m
[92m399    | OBS                  | 2   | TASK_ARRIVED    | Generic_Service       | 205.2             | 205.49          | 0.29          | GREEDY:100.0%[0m
[92m400    | OBS                  | 2   | TASK_ARRIVED    | CPU_and_Data_Intensive| 205.21            | 205.8           | 0.58          | GREEDY:100.0%[0m
[92m401    | OBS                  | 2   | TASK_ARRIVED    | CPU_Intensive         | 205.5             | 206.5           | 1.0           | GREEDY:100.0%[0m
[92m402    | OBS                  | 2   | TASK_ARRIVED    | CPU_Intensive         | 205.66            | 206.3           | 0.64          | GREEDY:100.0%[0m
[92m403    | OBS                  | 1   | TASK_ARRIVED    | Generic_Service       | 205.98            | 206.0           | 0.02          | GREEDY:100.0%[0m
[92m404    | OBS                  | 2   | TASK_ARRIVED    | CPU_Intensive         | 205.98            | 206.4           | 0.42          | GREEDY:100.0%[0m
[92m405    | OBS                  | 2   | TASK_ARRIVED    | Generic_Service       | 206.05            | 206.1           | 0.05          | GREEDY:100.0%[0m
[92m406    | OBS                  | 2   | TASK_ARRIVED    | CPU_and_Data_Intensive| 206.29            | 206.7           | 0.42          | GREEDY:100.0%[0m
[92m407    | OBS                  | 1   | TASK_ARRIVED    | CPU_Intensive         | 206.57            | 206.8           | 0.24          | GREEDY:100.0%[0m
[92m408    | OBS                  | 2   | TASK_ARRIVED    | CPU_Intensive         | 207.45            | 208.81          | 1.35          | GREEDY:100.0%[0m
[92m409    | OBS                  | 1   | TASK_ARRIVED    | Generic_Service       | 207.9             | 208.0           | 0.11          | GREEDY:100.0%[0m
[92m410    | OBS                  | 2   | TASK_ARRIVED    | Generic_Service       | 207.98            | 208.1           | 0.13          | GREEDY:100.0%[0m
[92m411    | OBS                  | 2   | TASK_ARRIVED    | Generic_Service       | 208.74            | 208.91          | 0.16          | GREEDY:100.0%[0m
[92m412    | OBS                  | 2   | TASK_ARRIVED    | CPU_Intensive         | 210.62            | 211.81          | 1.19          | GREEDY:100.0%[0m
[92m413    | OBS                  | 2   | TASK_ARRIVED    | Generic_Service       | 210.77            | 210.81          | 0.03          | GREEDY:100.0%[0m
[92m414    | OBS                  | 2   | TASK_ARRIVED    | Generic_Service       | 210.86            | 211.01          | 0.15          | GREEDY:100.0%[0m
[92m415    | OBS                  | 2   | TASK_ARRIVED    | CPU_and_Data_Intensive| 212.6             | 216.42          | 3.82          | GREEDY:100.0%[0m
[92m416    | OBS                  | 2   | TASK_ARRIVED    | Generic_Service       | 212.77            | 213.02          | 0.25          | GREEDY:100.0%[0m
[92m417    | OBS                  | 2   | TASK_ARRIVED    | Generic_Service       | 212.87            | 213.02          | 0.15          | GREEDY:100.0%[0m
[92m418    | OBS                  | 2   | TASK_ARRIVED    | Generic_Service       | 212.97            | 213.12          | 0.15          | GREEDY:100.0%[0m
[92m420    | OBS                  | 2   | TASK_ARRIVED    | CPU_and_Data_Intensive| 213.34            | 214.32          | 0.98          | GREEDY:100.0%[0m
[92m421    | OBS                  | 2   | TASK_ARRIVED    | CPU_Intensive         | 213.77            | 214.22          | 0.45          | GREEDY:100.0%[0m
[92m422    | OBS                  | 2   | TASK_ARRIVED    | Generic_Service       | 215.57            | 215.82          | 0.25          | GREEDY:100.0%[0m
[92m423    | OBS                  | 2   | TASK_ARRIVED    | Generic_Service       | 216.68            | 216.92          | 0.24          | GREEDY:100.0%[0m
[92m424    | OBS                  | 2   | TASK_ARRIVED    | CPU_Intensive         | 216.82            | 218.13          | 1.31          | GREEDY:100.0%[0m
[92m425    | OBS                  | 2   | TASK_ARRIVED    | CPU_Intensive         | 217.04            | 217.53          | 0.49          | GREEDY:100.0%[0m
[92m426    | OBS                  | 2   | TASK_ARRIVED    | CPU_Intensive         | 217.55            | 218.23          | 0.68          | GREEDY:100.0%[0m
[92m427    | OBS                  | 2   | TASK_ARRIVED    | CPU_Intensive         | 218.45            | 218.73          | 0.28          | GREEDY:100.0%[0m
[92m428    | OBS                  | 2   | TASK_ARRIVED    | Generic_Service       | 219.95            | 220.13          | 0.18          | GREEDY:100.0%[0m
[92m429    | OBS                  | 2   | TASK_ARRIVED    | Generic_Service       | 220.6             | 220.63          | 0.03          | GREEDY:100.0%[0m
[92m430    | OBS                  | 2   | TASK_ARRIVED    | Generic_Service       | 221.3             | 221.54          | 0.23          | GREEDY:100.0%[0m
[92m431    | OBS                  | 2   | TASK_ARRIVED    | CPU_Intensive         | 221.47            | 222.34          | 0.87          | GREEDY:100.0%[0m
[92m432    | OBS                  | 2   | TASK_ARRIVED    | CPU_Intensive         | 222.18            | 222.94          | 0.76          | GREEDY:100.0%[0m
[92m433    | OBS                  | 2   | TASK_ARRIVED    | Generic_Service       | 224.26            | 224.34          | 0.08          | GREEDY:100.0%[0m
[92m434    | OBS                  | 2   | TASK_ARRIVED    | CPU_and_Data_Intensive| 224.44            | 226.35          | 1.91          | GREEDY:100.0%[0m
[92m435    | OBS                  | 2   | TASK_ARRIVED    | CPU_and_Data_Intensive| 224.6             | 224.84          | 0.24          | GREEDY:100.0%[0m
[92m436    | OBS                  | 2   | TASK_ARRIVED    | CPU_Intensive         | 225.03            | 225.75          | 0.72          | GREEDY:100.0%[0m
[92m437    | OBS                  | 2   | TASK_ARRIVED    | CPU_Intensive         | 225.44            | 225.54          | 0.1           | GREEDY:100.0%[0m
[92m438    | OBS                  | 2   | TASK_ARRIVED    | Generic_Service       | 225.63            | 225.65          | 0.01          | GREEDY:100.0%[0m
[92m439    | OBS                  | 1   | TASK_ARRIVED    | Generic_Service       | 225.92            | 226.05          | 0.13          | GREEDY:100.0%[0m
[92m440    | OBS                  | 2   | TASK_ARRIVED    | Generic_Service       | 226.21            | 226.45          | 0.24          | GREEDY:100.0%[0m
[92m441    | OBS                  | 1   | TASK_ARRIVED    | Generic_Service       | 226.39            | 226.55          | 0.16          | GREEDY:100.0%[0m
[92m442    | OBS                  | 2   | TASK_ARRIVED    | Generic_Service       | 227.26            | 227.35          | 0.09          | GREEDY:100.0%[0m
[92m443    | OBS                  | 2   | TASK_ARRIVED    | CPU_and_Data_Intensive| 227.37            | 227.55          | 0.18          | GREEDY:100.0%[0m
[92m444    | OBS                  | 1   | TASK_ARRIVED    | CPU_Intensive         | 228.19            | 228.35          | 0.16          | GREEDY:100.0%[0m
[92m445    | OBS                  | 2   | TASK_ARRIVED    | CPU_Intensive         | 228.79            | 230.36          | 1.56          | GREEDY:100.0%[0m
[92m446    | OBS                  | 2   | TASK_ARRIVED    | Generic_Service       | 229.86            | 230.05          | 0.2           | GREEDY:100.0%[0m
[92m447    | OBS                  | 2   | TASK_ARRIVED    | CPU_and_Data_Intensive| 229.88            | 229.95          | 0.07          | GREEDY:100.0%[0m
[92m449    | OBS                  | 2   | TASK_ARRIVED    | CPU_Intensive         | 230.18            | 230.86          | 0.68          | GREEDY:100.0%[0m
[92m450    | OBS                  | 2   | TASK_ARRIVED    | CPU_and_Data_Intensive| 230.82            | 231.66          | 0.84          | GREEDY:100.0%[0m
[92m451    | OBS                  | 2   | TASK_ARRIVED    | Generic_Service       | 231.52            | 231.56          | 0.04          | GREEDY:100.0%[0m
[92m452    | OBS                  | 1   | TASK_ARRIVED    | CPU_and_Data_Intensive| 231.72            | 231.86          | 0.14          | GREEDY:100.0%[0m
[92m453    | OBS                  | 1   | TASK_ARRIVED    | CPU_and_Data_Intensive| 232.28            | 232.66          | 0.38          | GREEDY:100.0%[0m
[92m454    | OBS                  | 1   | TASK_ARRIVED    | CPU_and_Data_Intensive| 233.33            | 234.66          | 1.33          | GREEDY:100.0%[0m
[92m455    | OBS                  | 2   | TASK_ARRIVED    | CPU_Intensive         | 234.59            | 235.06          | 0.47          | GREEDY:100.0%[0m
[92m456    | OBS                  | 2   | TASK_ARRIVED    | CPU_and_Data_Intensive| 234.65            | 235.16          | 0.51          | GREEDY:100.0%[0m
[92m457    | OBS                  | 1   | TASK_ARRIVED    | CPU_and_Data_Intensive| 234.82            | 234.96          | 0.14          | GREEDY:100.0%[0m
[92m458    | OBS                  | 2   | TASK_ARRIVED    | CPU_and_Data_Intensive| 235.55            | 235.76          | 0.21          | GREEDY:100.0%[0m
[92m459    | OBS                  | 2   | TASK_ARRIVED    | Generic_Service       | 237.01            | 237.27          | 0.25          | GREEDY:100.0%[0m
[92m460    | OBS                  | 1   | TASK_ARRIVED    | Generic_Service       | 237.76            | 237.87          | 0.11          | GREEDY:100.0%[0m
[92m461    | OBS                  | 1   | TASK_ARRIVED    | CPU_Intensive         | 238.31            | 238.97          | 0.66          | GREEDY:100.0%[0m
[92m462    | OBS                  | 1   | TASK_ARRIVED    | CPU_Intensive         | 238.35            | 238.77          | 0.42          | GREEDY:100.0%[0m
[92m463    | OBS                  | 1   | TASK_ARRIVED    | CPU_and_Data_Intensive| 238.66            | 238.77          | 0.1           | GREEDY:100.0%[0m
[92m464    | OBS                  | 2   | TASK_ARRIVED    | Generic_Service       | 238.68            | 238.87          | 0.19          | GREEDY:100.0%[0m
[92m465    | OBS                  | 2   | TASK_ARRIVED    | CPU_and_Data_Intensive| 238.77            | 239.17          | 0.4           | GREEDY:100.0%[0m
[92m466    | OBS                  | 2   | TASK_ARRIVED    | Generic_Service       | 240.74            | 240.77          | 0.03          | GREEDY:100.0%[0m
[92m467    | OBS                  | 2   | TASK_ARRIVED    | CPU_and_Data_Intensive| 241.33            | 241.57          | 0.24          | GREEDY:100.0%[0m
[92m468    | OBS                  | 2   | TASK_ARRIVED    | CPU_Intensive         | 241.53            | 241.97          | 0.44          | GREEDY:100.0%[0m
[92m469    | OBS                  | 1   | TASK_ARRIVED    | Generic_Service       | 242.33            | 242.37          | 0.04          | GREEDY:100.0%[0m
[92m470    | OBS                  | 1   | TASK_ARRIVED    | Generic_Service       | 243.48            | 243.57          | 0.09          | GREEDY:100.0%[0m
[92m471    | OBS                  | 2   | TASK_ARRIVED    | Generic_Service       | 243.71            | 243.77          | 0.06          | GREEDY:100.0%[0m
[92m472    | OBS                  | 2   | TASK_ARRIVED    | Generic_Service       | 243.87            | 243.98          | 0.11          | GREEDY:100.0%[0m
[92m473    | OBS                  | 2   | TASK_ARRIVED    | Generic_Service       | 244.44            | 244.68          | 0.24          | GREEDY:100.0%[0m
[92m474    | OBS                  | 2   | TASK_ARRIVED    | CPU_Intensive         | 245.01            | 245.78          | 0.76          | GREEDY:100.0%[0m
[92m475    | OBS                  | 2   | TASK_ARRIVED    | CPU_and_Data_Intensive| 246.3             | 246.98          | 0.68          | GREEDY:100.0%[0m
[92m476    | OBS                  | 2   | TASK_ARRIVED    | CPU_and_Data_Intensive| 246.44            | 246.78          | 0.34          | GREEDY:100.0%[0m
[92m477    | OBS                  | 2   | TASK_ARRIVED    | CPU_Intensive         | 247.13            | 247.28          | 0.15          | GREEDY:100.0%[0m
[92m478    | OBS                  | 1   | TASK_ARRIVED    | CPU_and_Data_Intensive| 247.39            | 248.28          | 0.89          | GREEDY:100.0%[0m
[92m479    | OBS                  | 2   | TASK_ARRIVED    | CPU_Intensive         | 247.77            | 248.48          | 0.72          | GREEDY:100.0%[0m
[92m480    | OBS                  | 2   | TASK_ARRIVED    | CPU_Intensive         | 249.04            | 249.39          | 0.35          | GREEDY:100.0%[0m
[92m481    | OBS                  | 2   | TASK_ARRIVED    | CPU_Intensive         | 249.58            | 251.8           | 2.21          | GREEDY:100.0%[0m
[92m483    | OBS                  | 2   | TASK_ARRIVED    | Generic_Service       | 250.34            | 250.59          | 0.25          | GREEDY:100.0%[0m
[92m484    | OBS                  | 2   | TASK_ARRIVED    | CPU_Intensive         | 250.47            | 250.79          | 0.32          | GREEDY:100.0%[0m
[92m485    | OBS                  | 2   | TASK_ARRIVED    | Generic_Service       | 250.56            | 250.69          | 0.13          | GREEDY:100.0%[0m
[92m486    | OBS                  | 2   | TASK_ARRIVED    | CPU_and_Data_Intensive| 250.58            | 251.09          | 0.51          | GREEDY:100.0%[0m
[92m487    | OBS                  | 2   | TASK_ARRIVED    | CPU_Intensive         | 250.91            | 251.9           | 0.99          | GREEDY:100.0%[0m
[92m488    | OBS                  | 2   | TASK_ARRIVED    | Generic_Service       | 251.3             | 251.49          | 0.2           | GREEDY:100.0%[0m
[92m489    | OBS                  | 2   | TASK_ARRIVED    | Generic_Service       | 251.79            | 252.0           | 0.21          | GREEDY:100.0%[0m
[92m490    | OBS                  | 2   | TASK_ARRIVED    | Generic_Service       | 252.38            | 252.6           | 0.22          | GREEDY:100.0%[0m
[92m491    | OBS                  | 2   | TASK_ARRIVED    | CPU_and_Data_Intensive| 252.44            | 252.8           | 0.37          | GREEDY:100.0%[0m
[92m493    | OBS                  | 2   | TASK_ARRIVED    | Generic_Service       | 253.7             | 253.9           | 0.2           | GREEDY:100.0%[0m
[92m494    | OBS                  | 2   | TASK_ARRIVED    | Generic_Service       | 254.42            | 254.61          | 0.18          | GREEDY:100.0%[0m
[92m495    | OBS                  | 2   | TASK_ARRIVED    | CPU_and_Data_Intensive| 254.98            | 255.31          | 0.32          | GREEDY:100.0%[0m
[92m496    | OBS                  | 2   | TASK_ARRIVED    | CPU_Intensive         | 255.79            | 256.21          | 0.42          | GREEDY:100.0%[0m
[92m497    | OBS                  | 2   | TASK_ARRIVED    | Generic_Service       | 256.87            | 257.01          | 0.14          | GREEDY:100.0%[0m
[92m498    | OBS                  | 2   | TASK_ARRIVED    | Generic_Service       | 257.08            | 257.31          | 0.24          | GREEDY:100.0%[0m
[92m499    | OBS                  | 2   | TASK_ARRIVED    | CPU_Intensive         | 257.67            | 258.52          | 0.84          | GREEDY:100.0%[0m
[92m500    | OBS                  | 2   | TASK_ARRIVED    | Generic_Service       | 258.02            | 258.31          | 0.3           | GREEDY:100.0%[0m
[92m501    | OBS                  | 2   | TASK_ARRIVED    | CPU_and_Data_Intensive| 258.24            | 259.02          | 0.77          | GREEDY:100.0%[0m
[92m502    | OBS                  | 2   | TASK_ARRIVED    | Generic_Service       | 258.26            | 258.42          | 0.15          | GREEDY:100.0%[0m
[92m503    | OBS                  | 2   | TASK_ARRIVED    | CPU_and_Data_Intensive| 258.39            | 260.42          | 2.03          | GREEDY:100.0%[0m
[92m504    | OBS                  | 2   | TASK_ARRIVED    | Generic_Service       | 259.07            | 259.12          | 0.05          | GREEDY:100.0%[0m
[92m505    | OBS                  | 2   | TASK_ARRIVED    | CPU_and_Data_Intensive| 260.06            | 260.72          | 0.67          | GREEDY:100.0%[0m
[92m506    | OBS                  | 2   | TASK_ARRIVED    | CPU_Intensive         | 260.31            | 260.52          | 0.21          | GREEDY:100.0%[0m
[92m507    | OBS                  | 2   | TASK_ARRIVED    | CPU_Intensive         | 260.48            | 260.93          | 0.45          | GREEDY:100.0%[0m
[92m509    | OBS                  | 2   | TASK_ARRIVED    | Generic_Service       | 261.2             | 261.33          | 0.13          | GREEDY:100.0%[0m
[92m510    | OBS                  | 2   | TASK_ARRIVED    | CPU_Intensive         | 261.48            | 261.83          | 0.35          | GREEDY:100.0%[0m
[92m511    | OBS                  | 2   | TASK_ARRIVED    | Generic_Service       | 262.05            | 262.23          | 0.18          | GREEDY:100.0%[0m
[92m512    | OBS                  | 2   | TASK_ARRIVED    | Generic_Service       | 262.55            | 262.73          | 0.19          | GREEDY:100.0%[0m
[92m513    | OBS                  | 2   | TASK_ARRIVED    | CPU_and_Data_Intensive| 262.99            | 263.54          | 0.55          | GREEDY:100.0%[0m
[92m514    | OBS                  | 2   | TASK_ARRIVED    | Generic_Service       | 264.53            | 264.64          | 0.11          | GREEDY:100.0%[0m
[92m515    | OBS                  | 2   | TASK_ARRIVED    | CPU_Intensive         | 265.79            | 266.44          | 0.64          | GREEDY:100.0%[0m
[92m516    | OBS                  | 2   | TASK_ARRIVED    | CPU_Intensive         | 266.61            | 267.04          | 0.43          | GREEDY:100.0%[0m
[92m517    | OBS                  | 2   | TASK_ARRIVED    | Generic_Service       | 267.21            | 267.44          | 0.23          | GREEDY:100.0%[0m
[92m518    | OBS                  | 2   | TASK_ARRIVED    | CPU_Intensive         | 267.67            | 268.25          | 0.58          | GREEDY:100.0%[0m
[92m519    | OBS                  | 2   | TASK_ARRIVED    | Generic_Service       | 267.82            | 267.94          | 0.13          | GREEDY:100.0%[0m
[92m520    | OBS                  | 2   | TASK_ARRIVED    | CPU_Intensive         | 268.64            | 269.05          | 0.41          | GREEDY:100.0%[0m
[92m521    | OBS                  | 2   | TASK_ARRIVED    | Generic_Service       | 268.84            | 269.05          | 0.2           | GREEDY:100.0%[0m
[92m523    | OBS                  | 2   | TASK_ARRIVED    | Generic_Service       | 270.5             | 270.75          | 0.25          | GREEDY:100.0%[0m
[92m524    | OBS                  | 2   | TASK_ARRIVED    | CPU_Intensive         | 270.77            | 271.65          | 0.89          | GREEDY:100.0%[0m
[92m525    | OBS                  | 2   | TASK_ARRIVED    | CPU_and_Data_Intensive| 270.88            | 271.05          | 0.18          | GREEDY:100.0%[0m
[92m526    | OBS                  | 2   | TASK_ARRIVED    | CPU_and_Data_Intensive| 271.21            | 271.55          | 0.35          | GREEDY:100.0%[0m
[92m529    | OBS                  | 2   | TASK_ARRIVED    | CPU_and_Data_Intensive| 272.54            | 272.66          | 0.12          | GREEDY:100.0%[0m
[92m530    | OBS                  | 2   | TASK_ARRIVED    | CPU_Intensive         | 272.59            | 273.56          | 0.97          | GREEDY:100.0%[0m
[92m531    | OBS                  | 2   | TASK_ARRIVED    | Generic_Service       | 273.22            | 273.36          | 0.13          | GREEDY:100.0%[0m
[92m532    | OBS                  | 2   | TASK_ARRIVED    | CPU_and_Data_Intensive| 273.74            | 274.46          | 0.72          | GREEDY:100.0%[0m
[92m533    | OBS                  | 2   | TASK_ARRIVED    | Generic_Service       | 274.73            | 274.86          | 0.14          | GREEDY:100.0%[0m
[92m534    | OBS                  | 2   | TASK_ARRIVED    | CPU_Intensive         | 274.78            | 275.17          | 0.38          | GREEDY:100.0%[0m
[92m535    | OBS                  | 2   | TASK_ARRIVED    | CPU_and_Data_Intensive| 274.95            | 275.37          | 0.42          | GREEDY:100.0%[0m
[92m536    | OBS                  | 2   | TASK_ARRIVED    | Generic_Service       | 275.72            | 275.97          | 0.25          | GREEDY:100.0%[0m
[92m538    | OBS                  | 1   | TASK_ARRIVED    | CPU_Intensive         | 276.16            | 276.57          | 0.41          | GREEDY:100.0%[0m
[92m539    | OBS                  | 2   | TASK_ARRIVED    | CPU_Intensive         | 276.18            | 276.47          | 0.29          | GREEDY:100.0%[0m
[92m540    | OBS                  | 2   | TASK_ARRIVED    | CPU_Intensive         | 276.33            | 277.68          | 1.35          | GREEDY:100.0%[0m
[92m541    | OBS                  | 2   | TASK_ARRIVED    | Generic_Service       | 276.41            | 276.67          | 0.26          | GREEDY:100.0%[0m
[92m542    | OBS                  | 2   | TASK_ARRIVED    | CPU_Intensive         | 276.47            | 276.97          | 0.51          | GREEDY:100.0%[0m
[92m543    | OBS                  | 2   | TASK_ARRIVED    | CPU_and_Data_Intensive| 277.39            | 277.98          | 0.59          | GREEDY:100.0%[0m
[92m544    | OBS                  | 2   | TASK_ARRIVED    | CPU_Intensive         | 277.78            | 278.38          | 0.6           | GREEDY:100.0%[0m
[92m545    | OBS                  | 1   | TASK_ARRIVED    | CPU_Intensive         | 278.4             | 279.08          | 0.68          | GREEDY:100.0%[0m
[92m546    | OBS                  | 2   | TASK_ARRIVED    | Generic_Service       | 279.65            | 279.78          | 0.14          | GREEDY:100.0%[0m
[92m547    | OBS                  | 2   | TASK_ARRIVED    | Generic_Service       | 279.8             | 280.18          | 0.38          | GREEDY:100.0%[0m
[92m548    | OBS                  | 1   | TASK_ARRIVED    | CPU_Intensive         | 280.13            | 281.19          | 1.06          | GREEDY:100.0%[0m
[92m549    | OBS                  | 2   | TASK_ARRIVED    | Generic_Service       | 280.59            | 280.68          | 0.1           | GREEDY:100.0%[0m
[92m550    | OBS                  | 2   | TASK_ARRIVED    | Generic_Service       | 280.7             | 280.78          | 0.08          | GREEDY:100.0%[0m
[92m551    | OBS                  | 2   | TASK_ARRIVED    | CPU_Intensive         | 280.7             | 281.09          | 0.38          | GREEDY:100.0%[0m
[92m552    | OBS                  | 2   | TASK_ARRIVED    | Generic_Service       | 281.38            | 281.59          | 0.21          | GREEDY:100.0%[0m
[92m553    | OBS                  | 2   | TASK_ARRIVED    | Generic_Service       | 281.48            | 281.69          | 0.21          | GREEDY:100.0%[0m
[92m554    | OBS                  | 2   | TASK_ARRIVED    | CPU_and_Data_Intensive| 282.66            | 282.99          | 0.33          | GREEDY:100.0%[0m
[92m555    | OBS                  | 2   | TASK_ARRIVED    | CPU_and_Data_Intensive| 283.13            | 284.89          | 1.76          | GREEDY:100.0%[0m
[92m556    | OBS                  | 2   | TASK_ARRIVED    | CPU_and_Data_Intensive| 284.23            | 284.49          | 0.26          | GREEDY:100.0%[0m
[92m557    | OBS                  | 1   | TASK_ARRIVED    | Generic_Service       | 285.04            | 285.19          | 0.16          | GREEDY:100.0%[0m
[92m559    | OBS                  | 1   | TASK_ARRIVED    | CPU_Intensive         | 286.8             | 286.99          | 0.19          | GREEDY:100.0%[0m
[92m560    | OBS                  | 2   | TASK_ARRIVED    | CPU_and_Data_Intensive| 287.12            | 287.39          | 0.28          | GREEDY:100.0%[0m
[92m561    | OBS                  | 2   | TASK_ARRIVED    | Generic_Service       | 287.36            | 287.6           | 0.23          | GREEDY:100.0%[0m
[92m562    | OBS                  | 1   | TASK_ARRIVED    | Generic_Service       | 287.81            | 288.0           | 0.18          | GREEDY:100.0%[0m
[92m563    | OBS                  | 2   | TASK_ARRIVED    | CPU_Intensive         | 288.96            | 289.3           | 0.34          | GREEDY:100.0%[0m
[92m564    | OBS                  | 2   | TASK_ARRIVED    | Generic_Service       | 288.97            | 289.4           | 0.43          | GREEDY:100.0%[0m
[92m565    | OBS                  | 2   | TASK_ARRIVED    | Generic_Service       | 289.86            | 290.2           | 0.34          | GREEDY:100.0%[0m
[92m566    | OBS                  | 2   | TASK_ARRIVED    | Generic_Service       | 289.9             | 290.1           | 0.2           | GREEDY:100.0%[0m
[92m567    | OBS                  | 2   | TASK_ARRIVED    | CPU_Intensive         | 290.18            | 290.5           | 0.33          | GREEDY:100.0%[0m
[92m568    | OBS                  | 2   | TASK_ARRIVED    | CPU_and_Data_Intensive| 290.42            | 290.61          | 0.18          | GREEDY:100.0%[0m
[92m569    | OBS                  | 2   | TASK_ARRIVED    | CPU_Intensive         | 291.11            | 291.61          | 0.5           | GREEDY:100.0%[0m
[92m570    | OBS                  | 2   | TASK_ARRIVED    | CPU_and_Data_Intensive| 291.94            | 293.21          | 1.28          | GREEDY:100.0%[0m
[92m571    | OBS                  | 2   | TASK_ARRIVED    | CPU_and_Data_Intensive| 292.62            | 293.82          | 1.2           | GREEDY:100.0%[0m
[92m572    | OBS                  | 2   | TASK_ARRIVED    | CPU_Intensive         | 292.7             | 292.91          | 0.21          | GREEDY:100.0%[0m
[92m573    | OBS                  | 1   | TASK_ARRIVED    | Generic_Service       | 292.79            | 292.81          | 0.02          | GREEDY:100.0%[0m
[92m574    | OBS                  | 2   | TASK_ARRIVED    | CPU_Intensive         | 292.8             | 293.72          | 0.92          | GREEDY:100.0%[0m
[92m575    | OBS                  | 2   | TASK_ARRIVED    | Generic_Service       | 293.16            | 293.31          | 0.15          | GREEDY:100.0%[0m
[92m576    | OBS                  | 2   | TASK_ARRIVED    | Generic_Service       | 293.41            | 293.62          | 0.21          | GREEDY:100.0%[0m
[92m577    | OBS                  | 2   | TASK_ARRIVED    | CPU_Intensive         | 293.42            | 293.72          | 0.3           | GREEDY:100.0%[0m
[92m578    | OBS                  | 2   | TASK_ARRIVED    | Generic_Service       | 293.49            | 293.62          | 0.13          | GREEDY:100.0%[0m
[92m579    | OBS                  | 2   | TASK_ARRIVED    | CPU_Intensive         | 293.66            | 295.03          | 1.37          | GREEDY:100.0%[0m
[92m580    | OBS                  | 2   | TASK_ARRIVED    | CPU_Intensive         | 294.07            | 294.32          | 0.25          | GREEDY:100.0%[0m
[92m581    | OBS                  | 2   | TASK_ARRIVED    | CPU_Intensive         | 294.15            | 294.93          | 0.77          | GREEDY:100.0%[0m
[92m582    | OBS                  | 2   | TASK_ARRIVED    | CPU_and_Data_Intensive| 294.61            | 294.82          | 0.22          | GREEDY:100.0%[0m
[92m583    | OBS                  | 2   | TASK_ARRIVED    | CPU_Intensive         | 295.64            | 295.83          | 0.19          | GREEDY:100.0%[0m
[92m585    | OBS                  | 2   | TASK_ARRIVED    | CPU_Intensive         | 295.81            | 296.23          | 0.42          | GREEDY:100.0%[0m
[92m586    | OBS                  | 2   | TASK_ARRIVED    | CPU_and_Data_Intensive| 296.46            | 297.63          | 1.18          | GREEDY:100.0%[0m
[92m587    | OBS                  | 2   | TASK_ARRIVED    | Generic_Service       | 298.59            | 298.73          | 0.14          | GREEDY:100.0%[0m
[92m588    | OBS                  | 2   | TASK_ARRIVED    | Generic_Service       | 298.92            | 299.13          | 0.22          | GREEDY:100.0%[0m
Summary info saved to: /home/vsalvatore/SECMotionModel/result/DTS-base_sim_SystemAP5/deadline_10/Energy_budget_80000/IMG_RES_bg_0.4_bcpui_0.35_bcpudi_0.25_am_0.3ah_0.5_avh_0.2_gh_0.7_gvh_0.3/Routing_bidirectional_True/seed_2333/SUMMARY[GREEDY]_Rout_interval_0.1.csv

Task info saved to: /home/vsalvatore/SECMotionModel/result/DTS-base_sim_SystemAP5/deadline_10/Energy_budget_80000/IMG_RES_bg_0.4_bcpui_0.35_bcpudi_0.25_am_0.3ah_0.5_avh_0.2_gh_0.7_gvh_0.3/Routing_bidirectional_True/seed_2333/[GREEDY]_AT_0.5_CPU_0.05.csv
Simulation results saved to: /home/vsalvatore/SECMotionModel/result/DTS-base_sim_SystemAP5/deadline_10/Energy_budget_80000/IMG_RES_bg_0.4_bcpui_0.35_bcpudi_0.25_am_0.3ah_0.5_avh_0.2_gh_0.7_gvh_0.3/Routing_bidirectional_True/seed_2333/results_exponential_REQ-DTS-base_AT_0.5_CPU_0.05.csv

Salvataggio statistiche energetiche e conteggi task su: result/DTS-base_sim_SystemAP5/deadline_10/Energy_budget_80000/IMG_RES_bg_0.4_bcpui_0.35_bcpudi_0.25_am_0.3ah_0.5_avh_0.2_gh_0.7_gvh_0.3/Routing_bidirectional_True/seed_2333/energy_stats_exponential_REQ-DTS-base_AT_0.5_CPU_0.05.csv
Tempo di esecuzione REALE della simulazione 37.3947 secondi
